question_temp_key	term_title	term_id	term_category	term_category_id	question_type	difficulty	question_text	explanation	text_answer	choice_1_text	choice_1_is_answer	choice_2_text	choice_2_is_answer	choice_3_text	choice_3_is_answer	choice_4_text	choice_4_is_answer	label_1_key	label_2_key	label_3_key	label_4_key
Q001	모델 서빙(Model Serving)		AI / Data / Machine Learning - MLOps / 배포	81	CHOICE	EASY	운영 환경에서 학습된 모델을 API나 서비스 형태로 배포해 예측을 제공하는 작업을 무엇이라고 하는가?	모델 서빙은 학습이 끝난 모델을 프로덕션에서 요청에 응답하도록 서비스로 제공하는 단계입니다. 왜 중요한지로는 지연시간, 장애 대응, 확장성 같은 운영 품질이 사용자 경험에 직접 영향을 주기 때문입니다. 실무에서는 REST API나 gRPC, 배치 잡 등 형태가 다양해 트래픽 특성에 맞춰 선택합니다. 운영 중에는 모델 버전과 설정을 함께 관리하고, 문제가 생기면 빠르게 롤백할 수 있어야 합니다. 면접에서는 서빙과 학습 파이프라인의 경계, 그리고 모니터링 포인트를 함께 설명하면 좋습니다.		모델 서빙	TRUE	데이터 라벨링	FALSE	하이퍼파라미터 튜닝	FALSE	모델 평가	FALSE	mlops	production	ai	serving
Q002	배치 추론(Batch Inference)		AI / Data / Machine Learning - MLOps / 배포	81	CHOICE	EASY	실시간이 아니라 일정 주기로 대량 데이터를 한 번에 예측 처리하는 방식을 무엇이라고 하는가?	배치 추론은 데이터를 모아 정해진 주기나 트리거에 따라 한 번에 예측을 수행하는 방식입니다. 왜 중요한지로는 실시간성이 필요 없는 업무에서 비용을 줄이고 처리 효율을 높일 수 있기 때문입니다. 실무에서는 야간 추천 리스트 생성, 정기 리스크 스코어 산출 같은 작업에 자주 쓰입니다. 배치 실패 시 재시도와 중복 처리 방지 같은 운영 포인트가 꼭 필요합니다. 면접에서는 온라인 추론과의 차이, 결과 저장 및 재현성 관리 방법을 함께 물을 수 있습니다.		배치 추론	TRUE	온라인 추론	FALSE	강화학습	FALSE	데이터 정규화	FALSE	mlops	production	ai	batch
Q003	온라인 추론(Online Inference)		AI / Data / Machine Learning - MLOps / 배포	81	CHOICE	EASY	사용자 요청이 들어올 때마다 실시간으로 예측을 반환하는 방식은 무엇인가?	온라인 추론은 요청이 올 때 즉시 모델을 실행해 결과를 반환하는 실시간 예측 방식입니다. 왜 중요한지로는 검색 랭킹, 사기 탐지처럼 즉시 반응이 필요한 서비스에서 핵심이기 때문입니다. 실무에서는 지연시간 목표를 만족하도록 캐싱, 경량화, 오토스케일링을 함께 고려합니다. 트래픽 급증 시 타임아웃이나 큐잉 전략이 없으면 장애로 번질 수 있어 주의합니다. 면접에서는 배치 추론과 비교해 장단점과 운영 지표를 설명하는 문제가 자주 나옵니다.		온라인 추론	TRUE	배치 추론	FALSE	데이터 증강	FALSE	교차 검증	FALSE	mlops	production	ai	inference
Q004	모델 레지스트리(Model Registry)		AI / Data / Machine Learning - MLOps / 배포	81	CHOICE	EASY	모델 버전과 메타데이터를 중앙에서 관리하고 배포 대상 모델을 선택할 수 있게 하는 저장소를 무엇이라고 하는가?	모델 레지스트리는 모델 파일뿐 아니라 버전, 학습 데이터 정보, 평가 지표 같은 메타데이터를 함께 관리하는 시스템입니다. 왜 중요한지로는 어떤 모델이 언제 어떤 기준으로 배포됐는지 추적 가능해야 장애 분석과 규정 준수가 쉬워지기 때문입니다. 실무에서는 승인 워크플로우와 스테이징 단계, 롤백 가능한 버전 히스토리가 중요합니다. 레지스트리가 없으면 파일이 흩어져 재현성과 책임 추적이 어려워집니다. 면접에서는 모델 레지스트리와 아티팩트 저장소의 차이를 물을 수 있습니다.		모델 레지스트리	TRUE	피처 스토어	FALSE	데이터 레이크	FALSE	로드 밸런서	FALSE	mlops	production	ai	registry
Q005	모델 버전 관리(Model Versioning)		AI / Data / Machine Learning - MLOps / 배포	81	CHOICE	EASY	배포된 모델을 v1, v2처럼 구분해 변경 이력을 추적하고 되돌릴 수 있게 하는 관리를 무엇이라고 하는가?	모델 버전 관리는 모델 변경 이력을 체계적으로 기록해 어떤 버전이 배포됐는지 추적하는 운영 기본기입니다. 왜 중요한지로는 성능 저하나 오류가 발생했을 때 원인 버전으로 빠르게 좁히고 롤백할 수 있기 때문입니다. 실무에서는 모델 파일뿐 아니라 전처리 코드, 피처 정의, 환경 설정도 같이 버전으로 묶어야 안전합니다. 버전 규칙이 없으면 같은 이름의 모델이 서로 다른 의미가 되어 사고가 납니다. 면접에서는 버전 전략과 함께 배포 승인 흐름을 어떻게 잡는지 질문이 자주 나옵니다.		모델 버전 관리	TRUE	데이터 라벨링	FALSE	파라미터 초기화	FALSE	이미지 증강	FALSE	mlops	production	ai	versioning
Q006	롤백(Rollback)		AI / Data / Machine Learning - MLOps / 배포	81	CHOICE	EASY	새로 배포한 모델에 문제가 생겼을 때 이전 안정 버전으로 되돌리는 작업을 무엇이라고 하는가?	롤백은 배포 직후 오류나 성능 저하가 발견되면 이전 안정 버전으로 빠르게 되돌리는 운영 대응입니다. 왜 중요한지로는 모델은 정확도뿐 아니라 예측 실패나 지연으로도 서비스 장애를 만들 수 있기 때문입니다. 실무에서는 롤백 버튼 하나로 되돌릴 수 있도록 배포 파이프라인과 레지스트리를 연동합니다. 롤백 시 모델만 바꾸고 전처리나 피처가 불일치하면 더 큰 문제가 날 수 있어 주의합니다. 면접에서는 롤백 기준을 어떤 지표로 정하는지까지 이어질 수 있습니다.		롤백	TRUE	재학습	FALSE	앙상블	FALSE	교차 검증	FALSE	mlops	production	ai	deployment
Q007	카나리 배포(Canary Deployment)		AI / Data / Machine Learning - MLOps / 배포	81	CHOICE	EASY	전체 사용자에게 한 번에 배포하지 않고 일부 트래픽에만 먼저 새 모델을 적용해 검증하는 배포 방식은 무엇인가?	카나리 배포는 소량 트래픽에 새 모델을 먼저 적용해 안정성과 성능을 확인한 뒤 점진적으로 확대하는 방식입니다. 왜 중요한지로는 문제를 조기에 발견해 피해 범위를 작게 만들 수 있기 때문입니다. 실무에서는 에러율, 지연시간, 핵심 KPI를 기준으로 단계별 확대 조건을 설정합니다. 데이터 편향이 있으면 일부 사용자군에서만 문제를 놓칠 수 있어 샘플링 전략도 중요합니다. 면접에서는 블루그린과의 차이와, 어떤 지표로 중단 결정을 하는지 자주 묻습니다.		카나리 배포	TRUE	블루그린 배포	FALSE	전체 일괄 배포	FALSE	데이터 증강	FALSE	mlops	production	ai	canary
Q008	블루그린 배포(Blue Green Deployment)		AI / Data / Machine Learning - MLOps / 배포	81	CHOICE	EASY	두 개의 동일한 운영 환경을 유지하다가 트래픽을 한 번에 전환해 배포하는 방식은 무엇인가?	블루그린 배포는 기존 환경과 새 환경을 동시에 준비하고 트래픽 스위치를 전환해 배포하는 방식입니다. 왜 중요한지로는 전환이 빠르고, 문제가 생기면 다시 이전 환경으로 되돌리기 쉬운 장점이 있기 때문입니다. 실무에서는 인프라 비용이 2배 가까이 들 수 있어 적용 대상과 빈도를 고려해야 합니다. 모델뿐 아니라 의존 서비스, 설정, 스키마 호환성까지 맞춰야 전환이 안전합니다. 면접에서는 카나리 대비 장단점과 롤백 방법을 설명하는 문제가 자주 나옵니다.		블루그린 배포	TRUE	카나리 배포	FALSE	배치 추론	FALSE	특징 선택	FALSE	mlops	production	ai	deployment
Q009	섀도 배포(Shadow Deployment)		AI / Data / Machine Learning - MLOps / 배포	81	CHOICE	EASY	실제 트래픽을 새 모델에도 보내되, 사용자에게는 결과를 적용하지 않고 관찰만 하는 방식은 무엇인가?	섀도 배포는 실제 요청을 새 모델에도 복제해 보내지만 사용자 응답에는 반영하지 않는 검증 방식입니다. 왜 중요한지로는 사용자 영향 없이 운영 환경에서 성능과 안정성을 확인할 수 있기 때문입니다. 실무에서는 로그로 예측 결과를 비교하거나 지연시간, 오류율을 측정해 배포 가능성을 판단합니다. 개인 정보나 민감 데이터가 섞이면 섀도 경로에서도 보안과 마스킹이 필요합니다. 면접에서는 A-B 테스트와 섀도 배포의 차이를 구분해 설명할 수 있어야 합니다.		섀도 배포	TRUE	A-B 테스트	FALSE	카나리 배포	FALSE	데이터 정제	FALSE	mlops	production	ai	shadow
Q010	A-B 테스트(A-B Testing)		AI / Data / Machine Learning - MLOps / 배포	81	CHOICE	EASY	두 모델을 서로 다른 사용자 그룹에 노출해 어떤 모델이 더 좋은지 비교하는 실험을 무엇이라고 하는가?	A-B 테스트는 트래픽을 나눠 서로 다른 모델을 적용하고 KPI를 비교해 우수한 모델을 선택하는 방법입니다. 왜 중요한지로는 오프라인 지표가 좋아도 실제 사용자 행동에서는 결과가 다를 수 있기 때문입니다. 실무에서는 랜덤 분할, 표본 크기, 실험 기간 같은 기본 통계를 함께 고려해야 합니다. 실험 도중 정책 변경이나 이벤트가 섞이면 결과 해석이 왜곡될 수 있어 주의합니다. 면접에서는 오프라인 평가와 온라인 실험을 어떻게 함께 쓰는지 연결 질문이 자주 나옵니다.		A-B 테스트	TRUE	교차 검증	FALSE	데이터 라벨링	FALSE	모델 압축	FALSE	mlops	production	ai	experiment
Q011	모델 모니터링(Model Monitoring)		AI / Data / Machine Learning - MLOps / 배포	81	CHOICE	EASY	운영 중인 모델의 지연시간, 오류, 성능 저하 신호 등을 지속적으로 관찰하는 활동을 무엇이라고 하는가?	모델 모니터링은 프로덕션에서 모델이 정상 동작하는지 지속적으로 지표를 수집하고 관찰하는 활동입니다. 왜 중요한지로는 데이터 변화나 트래픽 패턴으로 인해 모델 성능이 시간이 지나면서 떨어질 수 있기 때문입니다. 실무에서는 시스템 지표와 함께 예측 분포, 입력 분포, 후행 라벨 기반 성능 지표를 나눠 설계합니다. 모니터링이 없으면 문제를 사용자가 먼저 발견하는 상황이 생겨 운영 신뢰가 떨어집니다. 면접에서는 어떤 지표를 어떤 주기로 보고 알림을 어떻게 거는지까지 설명하는 것이 좋습니다.		모델 모니터링	TRUE	모델 학습	FALSE	데이터 수집	FALSE	전처리	FALSE	mlops	production	ai	monitoring
Q012	데이터 드리프트(Data Drift)		AI / Data / Machine Learning - MLOps / 배포	81	CHOICE	EASY	운영 환경에서 입력 데이터 분포가 학습 시점과 달라지는 현상을 무엇이라고 하는가?	데이터 드리프트는 모델 입력 데이터의 분포가 학습 때와 달라져 모델이 낯선 데이터를 받는 현상입니다. 왜 중요한지로는 데이터가 바뀌면 같은 모델이라도 예측 품질이 급격히 나빠질 수 있기 때문입니다. 실무에서는 카테고리 비율 변화, 계절성, 정책 변경 등 다양한 원인으로 발생합니다. 단순히 평균만 보는 것이 아니라 분포 비교 지표와 샘플링 점검이 필요합니다. 면접에서는 데이터 드리프트와 모델 드리프트를 구분해 설명하는 문제가 자주 나옵니다.		데이터 드리프트	TRUE	모델 압축	FALSE	오토스케일링	FALSE	하이퍼파라미터 튜닝	FALSE	mlops	production	ai	drift
Q013	모델 드리프트(Model Drift)		AI / Data / Machine Learning - MLOps / 배포	81	CHOICE	EASY	시간이 지나면서 같은 입력에도 예측 성능이 떨어지는 등 모델의 유효성이 감소하는 현상을 무엇이라고 하는가?	모델 드리프트는 모델이 현실 세계 변화로 인해 점점 맞지 않게 되어 성능이 저하되는 현상입니다. 왜 중요한지로는 서비스 품질 저하가 매출, 안전, 신뢰에 직접적인 영향을 줄 수 있기 때문입니다. 실무에서는 라벨이 늦게 들어오는 경우가 많아 후행 성능 측정과 대체 지표를 함께 설계합니다. 드리프트가 감지되면 재학습, 피처 수정, 정책 변경 같은 대응 플랜이 있어야 합니다. 면접에서는 드리프트 대응을 자동화할지 수동으로 둘지 트레이드오프를 묻기도 합니다.		모델 드리프트	TRUE	데이터 증강	FALSE	정규화	FALSE	파인튜닝	FALSE	mlops	production	ai	drift
Q014	알림(Alerting)		AI / Data / Machine Learning - MLOps / 배포	81	CHOICE	EASY	지연시간 급증이나 오류율 증가 같은 이상 징후가 발생했을 때 운영자에게 즉시 통지하는 기능을 무엇이라고 하는가?	알림은 모니터링 지표가 임계치를 넘거나 이상 패턴을 보일 때 운영자에게 알려주는 운영 장치입니다. 왜 중요한지로는 문제를 빠르게 인지해 다운타임과 피해를 줄일 수 있기 때문입니다. 실무에서는 임계치 기반과 이상 탐지 기반을 섞고, 알림 피로를 줄이기 위해 우선순위를 둡니다. 알림이 너무 많으면 무시하게 되고, 너무 적으면 장애를 놓치니 튜닝이 필요합니다. 면접에서는 어떤 지표를 알림으로 걸지와, 온콜 운영 경험을 묻는 경우도 있습니다.		알림	TRUE	로깅	FALSE	데이터 라벨링	FALSE	모델 학습	FALSE	mlops	production	ai	monitoring
Q015	서비스 수준 계약(SLA)		AI / Data / Machine Learning - MLOps / 배포	81	CHOICE	EASY	서비스 가용성이나 응답 시간 등에 대해 제공자와 사용자 간에 약속하는 계약을 무엇이라고 하는가?	SLA는 서비스 제공자와 고객 사이에 가용성, 응답 시간, 지원 범위 같은 수준을 계약으로 약속한 것입니다. 왜 중요한지로는 운영 목표가 숫자로 명확해져 우선순위와 투자 판단 기준이 되기 때문입니다. 실무에서는 위반 시 보상이나 크레딧이 포함되기도 해 리스크 관리가 필요합니다. 모델 서비스도 API로 제공되면 SLA를 맞추기 위해 캐시, 장애 조치, 용량 계획이 중요해집니다. 면접에서는 SLA와 SLO, SLI의 관계를 함께 설명하면 좋은 인상을 줍니다.		SLA	TRUE	SLO	FALSE	A-B 테스트	FALSE	데이터 드리프트	FALSE	mlops	production	ai	reliability
Q016	서비스 수준 목표(SLO)		AI / Data / Machine Learning - MLOps / 배포	81	CHOICE	EASY	조직 내부에서 달성하려고 정하는 서비스 목표 수치로, 보통 SLA보다 운영 관점에서 관리하는 것은 무엇인가?	SLO는 내부적으로 달성하려는 목표 수치로, 운영 팀이 품질을 관리하기 위한 기준입니다. 왜 중요한지로는 목표가 있어야 알림 임계치, 개선 우선순위, 용량 계획을 체계적으로 세울 수 있기 때문입니다. 실무에서는 가용성 99.9, p95 지연시간 같은 형태로 정의합니다. SLO를 너무 공격적으로 잡으면 비용이 폭증하고, 너무 낮으면 사용자 불만이 커질 수 있어 균형이 필요합니다. 면접에서는 SLI로 무엇을 측정하고 SLO로 어디까지 허용하는지 연결해서 말하면 좋습니다.		SLO	TRUE	SLA	FALSE	로그	FALSE	배치 추론	FALSE	mlops	production	ai	reliability
Q017	헬스 체크(Health Check)		AI / Data / Machine Learning - MLOps / 배포	81	CHOICE	EASY	서비스가 정상 동작 중인지 확인하기 위해 간단한 응답을 반환하는 점검용 엔드포인트를 무엇이라고 하는가?	헬스 체크는 서비스가 살아있는지, 요청을 처리할 준비가 되었는지 확인하기 위한 점검 방식입니다. 왜 중요한지로는 장애를 빠르게 감지해 자동 재시작이나 트래픽 차단 같은 조치를 가능하게 하기 때문입니다. 실무에서는 liveness와 readiness를 나눠서 설계하는 경우가 많습니다. 모델 서버는 로딩 시간이 길 수 있어 준비 상태 체크 기준을 잘못 잡으면 재시작 루프가 생길 수 있습니다. 면접에서는 쿠버네티스 환경에서 헬스 체크가 어떻게 동작하는지까지 이어질 수 있습니다.		헬스 체크	TRUE	로깅	FALSE	데이터 라벨링	FALSE	하이퍼파라미터 튜닝	FALSE	mlops	production	ai	reliability
Q018	오토스케일링(Autoscaling)		AI / Data / Machine Learning - MLOps / 배포	81	CHOICE	EASY	트래픽 증가에 따라 인스턴스 수를 자동으로 늘리고, 감소하면 줄이는 기능을 무엇이라고 하는가?	오토스케일링은 부하에 맞춰 서버나 파드 수를 자동으로 조절하는 기능입니다. 왜 중요한지로는 온라인 추론처럼 트래픽 변동이 큰 서비스에서 비용과 안정성을 동시에 챙길 수 있기 때문입니다. 실무에서는 CPU 사용률뿐 아니라 요청 수, 지연시간 같은 지표를 기준으로 삼기도 합니다. 스케일링이 너무 늦으면 타임아웃이 나고, 너무 빠르면 비용이 늘어 튜닝이 필요합니다. 면접에서는 스케일 아웃과 스케일 업 차이도 함께 물을 수 있습니다.		오토스케일링	TRUE	데이터 정규화	FALSE	교차 검증	FALSE	모델 해석	FALSE	mlops	production	ai	scaling
Q019	로깅(Logging)		AI / Data / Machine Learning - MLOps / 배포	81	CHOICE	EASY	운영 중 발생한 이벤트와 요청 정보를 기록해 문제 분석과 추적에 활용하는 것을 무엇이라고 하는가?	로깅은 요청, 오류, 상태 변화 같은 이벤트를 기록해 장애 분석과 감사 추적에 쓰는 기본 운영 요소입니다. 왜 중요한지로는 모델 예측이 잘못됐을 때 입력과 버전, 응답을 추적할 수 있어야 원인 분석이 가능하기 때문입니다. 실무에서는 개인 정보가 섞이지 않도록 마스킹과 접근 제어를 함께 설계합니다. 로그가 너무 많으면 비용과 검색성이 나빠지므로 구조화 로그와 샘플링 전략이 필요합니다. 면접에서는 로그와 메트릭, 트레이싱의 차이를 묻는 경우가 많습니다.		로깅	TRUE	모델 학습	FALSE	데이터 라벨링	FALSE	특징 선택	FALSE	mlops	production	ai	observability
Q020	분산 트레이싱(Distributed Tracing)		AI / Data / Machine Learning - MLOps / 배포	81	CHOICE	EASY	하나의 사용자 요청이 여러 서비스와 컴포넌트를 거칠 때 경로와 지연 구간을 추적하는 기법을 무엇이라고 하는가?	분산 트레이싱은 요청이 여러 서비스로 퍼질 때 전체 호출 경로와 각 구간의 지연을 추적하는 기법입니다. 왜 중요한지로는 모델 API, 피처 조회, 캐시, DB 등이 얽힌 환경에서 병목을 찾기 어렵기 때문입니다. 실무에서는 트레이스 ID를 전파하고, 샘플링 비율을 조절해 비용을 관리합니다. 트레이싱이 없으면 지연시간 문제가 모델 때문인지 인프라 때문인지 구분하기 어렵습니다. 면접에서는 관측성 3요소로 로그, 메트릭, 트레이싱을 함께 설명하면 좋습니다.		분산 트레이싱	TRUE	로깅	FALSE	배치 추론	FALSE	데이터 드리프트	FALSE	mlops	production	ai	observability
Q021	컨테이너(Container)		AI / Data / Machine Learning - MLOps / 배포	81	CHOICE	EASY	애플리케이션과 실행에 필요한 의존성을 묶어, 어디서나 동일하게 실행되도록 만드는 기술을 무엇이라고 하는가?	컨테이너는 애플리케이션과 라이브러리, 설정을 묶어 격리된 환경에서 실행하게 해줍니다. 왜 중요한지로는 개발과 운영 환경 차이로 생기는 문제를 크게 줄이기 때문입니다. 실무에서는 모델 서빙 API를 컨테이너로 패키징해 배포하는 경우가 많습니다. 운영 포인트로는 이미지 크기 최적화와 보안 취약점 점검이 자주 나옵니다. 컨테이너는 VM보다 가볍지만 커널을 공유하므로 권한 설정과 격리에 주의해야 합니다.		컨테이너(Container)	TRUE	가상 메모리(Virtual Memory)	FALSE	데이터 레이크(Data Lake)	FALSE	크론(Cron)	FALSE	mlops	production	ai	container
Q022	도커파일(Dockerfile)		AI / Data / Machine Learning - MLOps / 배포	81	CHOICE	EASY	도커 이미지를 만들 때, 어떤 베이스 이미지와 어떤 명령을 실행할지 단계별로 적는 명세 파일은 무엇인가?	도커파일은 이미지를 빌드하기 위한 레시피로, 베이스 이미지와 설치 과정, 실행 명령을 정의합니다. 왜 중요한지로는 빌드가 자동화되고 재현 가능한 배포가 가능해지기 때문입니다. 실무에서는 파이썬 패키지 캐시, 멀티 스테이지 빌드로 이미지 용량을 줄입니다. 운영 포인트로는 비밀키를 이미지에 포함하지 않도록 빌드 단계에서 주의해야 합니다. 도커파일을 잘 작성하면 배포 속도와 장애 대응 속도가 함께 좋아집니다.		쿠버네티스 매니페스트(Kubernetes Manifest)	FALSE	도커파일(Dockerfile)	TRUE	깃 태그(Git Tag)	FALSE	슬랙(Slack)	FALSE	mlops	production	ai	docker
Q023	도커 이미지(Docker Image)		AI / Data / Machine Learning - MLOps / 배포	81	CHOICE	EASY	컨테이너 실행에 필요한 파일 시스템과 설정을 담아두는 불변 패키지를 무엇이라고 하는가?	도커 이미지는 컨테이너를 실행하기 위한 템플릿이며 코드, 라이브러리, 런타임을 포함합니다. 왜 중요한지로는 동일한 이미지로 어디서나 같은 동작을 보장할 수 있기 때문입니다. 실무에서는 모델 파일과 서빙 코드를 이미지에 포함해 배포 단위를 단순화합니다. 운영 포인트로는 이미지 태그를 latest로만 쓰면 추적이 어려우니 버전 태그를 같이 쓰는 것이 안전합니다. 이미지 스캔을 통해 취약점이 있는 베이스 이미지를 조기에 발견하는 것도 중요합니다.		파드(Pod)	FALSE	인그레스(Ingress)	FALSE	도커 이미지(Docker Image)	TRUE	데이터셋(Dataset)	FALSE	mlops	production	ai	docker
Q024	쿠버네티스(Kubernetes)		AI / Data / Machine Learning - MLOps / 배포	81	CHOICE	EASY	여러 컨테이너를 배포, 확장, 복구까지 자동으로 관리하는 컨테이너 오케스트레이션 플랫폼은 무엇인가?	쿠버네티스는 컨테이너를 클러스터에서 운영하기 위한 오케스트레이션 시스템입니다. 왜 중요한지로는 오토스케일링, 롤링 업데이트, 장애 시 재시작 같은 운영 기능을 표준화하기 때문입니다. 실무에서는 모델 서빙을 Deployment로 올리고 Service로 노출하는 구성이 흔합니다. 운영 포인트로는 리소스 요청과 제한을 제대로 잡지 않으면 과부하나 비용 폭증이 생길 수 있습니다. 쿠버네티스를 이해하면 프로덕션 운영 자동화 수준을 크게 올릴 수 있습니다.		도커(Docker)	FALSE	깃(Git)	FALSE	레디스(Redis)	FALSE	쿠버네티스(Kubernetes)	TRUE	mlops	production	ai	kubernetes
Q025	파드(Pod)		AI / Data / Machine Learning - MLOps / 배포	81	CHOICE	EASY	쿠버네티스에서 하나 이상의 컨테이너를 묶어 함께 배포하고 네트워크를 공유하는 최소 실행 단위를 무엇이라고 하는가?	파드는 쿠버네티스에서 배포되는 최소 단위로, 보통 하나의 컨테이너를 담지만 여러 개도 가능합니다. 왜 중요한지로는 스케일링과 재시작 같은 운영이 파드 단위로 이뤄지기 때문입니다. 실무에서는 모델 서버 컨테이너를 파드로 띄우고 트래픽을 분산합니다. 운영 포인트로는 파드는 IP가 바뀔 수 있어 고정 주소에 의존하면 장애가 납니다. 따라서 Service 같은 고정 엔드포인트를 함께 사용합니다.		파드(Pod)	TRUE	노드(Node)	FALSE	브랜치(Branch)	FALSE	테이블(Table)	FALSE	mlops	production	ai	kubernetes
Q026	서비스(Service)		AI / Data / Machine Learning - MLOps / 배포	81	CHOICE	EASY	파드 IP가 바뀌어도 안정적으로 접근할 수 있도록 고정된 접근 지점을 제공하는 쿠버네티스 리소스는 무엇인가?	Service는 파드 집합에 대한 안정적인 네트워크 엔드포인트를 제공합니다. 왜 중요한지로는 파드가 재시작되거나 스케일링되면 IP가 바뀌기 때문에 직접 접근이 깨지기 쉽기 때문입니다. 실무에서는 모델 서빙 파드 앞단에 Service를 두고 로드밸런싱합니다. 운영 포인트로는 라벨 셀렉터가 잘못되면 트래픽이 엉뚱한 파드로 가거나 0개로 떨어질 수 있습니다. Service 개념을 이해하면 프로덕션에서 연결 장애를 빠르게 진단할 수 있습니다.		파드(Pod)	FALSE	서비스(Service)	TRUE	도커파일(Dockerfile)	FALSE	체크포인트(Checkpoint)	FALSE	mlops	production	ai	kubernetes
Q027	인그레스(Ingress)		AI / Data / Machine Learning - MLOps / 배포	81	CHOICE	EASY	HTTP HTTPS 요청을 받아 클러스터 내부의 서비스로 라우팅하는 진입점 리소스를 무엇이라고 하는가?	Ingress는 외부에서 들어오는 HTTP HTTPS 트래픽을 내부 Service로 연결하는 규칙을 정의합니다. 왜 중요한지로는 도메인 기반 라우팅, 경로 기반 라우팅, TLS 적용을 표준화할 수 있기 때문입니다. 실무에서는 모델 API를 example.com/predict 같은 경로로 노출할 때 자주 사용합니다. 운영 포인트로는 Ingress Controller가 없으면 Ingress가 동작하지 않으니 구성 요소를 함께 확인해야 합니다. 인증서 갱신과 리다이렉트 정책도 운영에서 자주 터지는 포인트입니다.		로드 밸런서(Load Balancer)	FALSE	서비스(Service)	FALSE	인그레스(Ingress)	TRUE	버퍼(Buffer)	FALSE	mlops	production	ai	networking
Q028	로드 밸런서(Load Balancer)		AI / Data / Machine Learning - MLOps / 배포	81	CHOICE	EASY	여러 서버나 인스턴스에 트래픽을 분산해 처리량과 가용성을 높이는 구성 요소를 무엇이라고 하는가?	로드 밸런서는 들어오는 요청을 여러 대상에 분산해 과부하를 줄이고 장애에도 버티게 합니다. 왜 중요한지로는 온라인 추론은 트래픽 급증에 취약해서 분산이 곧 안정성과 직결되기 때문입니다. 실무에서는 L4 L7 로드 밸런서가 쓰이며 경로 라우팅이나 헬스 체크와 같이 동작합니다. 운영 포인트로는 특정 인스턴스만 느려도 전체 지연이 늘 수 있어 대상 상태 점검이 필요합니다. 로드 밸런싱을 이해하면 p95 지연시간 이슈를 더 빨리 해결할 수 있습니다.		캐시(Cache)	FALSE	파이프라인(Pipeline)	FALSE	도커 이미지(Docker Image)	FALSE	로드 밸런서(Load Balancer)	TRUE	mlops	production	ai	networking
Q029	레디니스 프로브(Readiness Probe)		AI / Data / Machine Learning - MLOps / 배포	81	CHOICE	EASY	파드가 트래픽을 받을 준비가 되었는지 판단하기 위해 사용하는 점검을 무엇이라고 하는가?	Readiness Probe는 서비스가 요청을 처리할 준비가 되었는지 확인하는 체크입니다. 왜 중요한지로는 준비되지 않은 파드에 트래픽이 가면 오류가 급증하기 때문입니다. 실무에서는 모델 로딩이 끝난 뒤에만 준비 상태가 true가 되도록 설계합니다. 운영 포인트로는 체크 기준이 너무 엄격하면 정상 파드도 제외되어 처리량이 떨어질 수 있습니다. 반대로 너무 느슨하면 초기 요청에서 타임아웃이 발생할 수 있어 튜닝이 필요합니다.		레디니스 프로브(Readiness Probe)	TRUE	라이브니스 프로브(Liveness Probe)	FALSE	데이터 드리프트(Data Drift)	FALSE	A-B 테스트(A-B Testing)	FALSE	mlops	production	ai	reliability
Q030	라이브니스 프로브(Liveness Probe)		AI / Data / Machine Learning - MLOps / 배포	81	CHOICE	EASY	프로세스가 살아있는지 확인해, 비정상 상태면 자동으로 재시작하도록 돕는 점검을 무엇이라고 하는가?	Liveness Probe는 애플리케이션이 죽거나 응답 불가 상태인지 확인하는 체크입니다. 왜 중요한지로는 자동 재시작으로 장애 시간을 줄일 수 있기 때문입니다. 실무에서는 데드락이나 메모리 누수로 멈춘 프로세스를 감지하는 데 도움 됩니다. 운영 포인트로는 일시적으로 느려진 상황을 죽음으로 오판하면 재시작 루프가 생길 수 있습니다. 레디니스와 라이브니스를 구분해 설정하는 것이 프로덕션 안정성의 핵심입니다.		레디니스 프로브(Readiness Probe)	FALSE	라이브니스 프로브(Liveness Probe)	TRUE	로깅(Logging)	FALSE	모델 레지스트리(Model Registry)	FALSE	mlops	production	ai	reliability
Q031	시크릿(Secret)		AI / Data / Machine Learning - MLOps / 배포	81	CHOICE	EASY	API 키, 비밀번호 같은 민감 정보를 코드나 이미지에 하드코딩하지 않고 안전하게 저장해 주입하는 리소스를 무엇이라고 하는가?	Secret은 민감 정보를 안전하게 보관하고 런타임에 주입하기 위한 방법입니다. 왜 중요한지로는 키 유출이 곧 보안 사고로 이어질 수 있기 때문입니다. 실무에서는 DB 비밀번호, 외부 모델 API 키 등을 Secret로 관리합니다. 운영 포인트로는 접근 권한을 최소화하고, 로그에 출력되지 않도록 마스킹을 적용해야 합니다. 또한 키 교체 로테이션을 고려해 배포 설계에 포함시키는 것이 좋습니다.		환경 변수(Environment Variable)	FALSE	도커파일(Dockerfile)	FALSE	시크릿(Secret)	TRUE	로드 밸런서(Load Balancer)	FALSE	mlops	production	ai	security
Q032	환경 변수(Environment Variable)		AI / Data / Machine Learning - MLOps / 배포	81	CHOICE	EASY	실행 시점에 설정 값을 주입해, 동일한 빌드 결과를 환경별로 다르게 동작시키는 대표적인 방법은 무엇인가?	환경 변수는 애플리케이션 실행 시 외부에서 설정을 주입하는 간단한 방식입니다. 왜 중요한지로는 같은 이미지로 개발, 스테이징, 프로덕션을 운영하면서 설정만 바꿀 수 있기 때문입니다. 실무에서는 모델 엔드포인트, 로그 레벨, 피처 플래그 같은 값을 환경 변수로 둡니다. 운영 포인트로는 민감 정보는 환경 변수로 직접 넣기보다 Secret과 함께 관리하는 것이 안전합니다. 환경 변수 관리가 엉키면 설정 드리프트로 장애가 나므로 표준화가 필요합니다.		데이터 레이크(Data Lake)	FALSE	체크포인트(Checkpoint)	FALSE	파드(Pod)	FALSE	환경 변수(Environment Variable)	TRUE	mlops	production	ai	config
Q033	레이트 리밋(Rate Limiting)		AI / Data / Machine Learning - MLOps / 배포	81	CHOICE	EASY	특정 사용자나 클라이언트의 요청 수를 제한해 과부하와 남용을 막는 기법을 무엇이라고 하는가?	레이트 리밋은 단위 시간당 허용되는 요청 수를 제한하는 운영 기법입니다. 왜 중요한지로는 모델 추론은 비용이 커서 남용되면 서버가 쉽게 과부하되기 때문입니다. 실무에서는 API Gateway나 Ingress 레벨에서 적용하는 경우가 많습니다. 운영 포인트로는 제한 기준을 사용자 단위로 할지 토큰 단위로 할지 서비스 특성에 맞게 정해야 합니다. 너무 빡빡하면 정상 사용자도 막히므로 점진적으로 튜닝하는 것이 좋습니다.		레이트 리밋(Rate Limiting)	TRUE	오토스케일링(Autoscaling)	FALSE	데이터 정규화(Normalization)	FALSE	교차 검증(Cross Validation)	FALSE	mlops	production	ai	reliability
Q034	타임아웃(Timeout)		AI / Data / Machine Learning - MLOps / 배포	81	CHOICE	EASY	요청 처리가 일정 시간 안에 끝나지 않으면 실패로 처리해 자원을 보호하는 설정을 무엇이라고 하는가?	타임아웃은 요청이 너무 오래 걸릴 때 무한 대기하지 않도록 끊어주는 보호 장치입니다. 왜 중요한지로는 느린 요청이 쌓이면 스레드나 커넥션이 고갈되어 전체 장애로 번질 수 있기 때문입니다. 실무에서는 모델 추론, 피처 조회, 외부 API 호출에 각각 다른 타임아웃을 설정합니다. 운영 포인트로는 타임아웃 값이 너무 짧으면 정상 요청도 실패하니 p95 지연시간을 기준으로 잡는 경우가 많습니다. 타임아웃과 재시도 정책을 함께 설계해야 안정적입니다.		재시도(Retry)	FALSE	타임아웃(Timeout)	TRUE	캐시(Cache)	FALSE	버전 관리(Versioning)	FALSE	mlops	production	ai	reliability
Q035	재시도(Retry)		AI / Data / Machine Learning - MLOps / 배포	81	CHOICE	EASY	일시적인 오류가 발생했을 때 동일 요청을 다시 보내 성공 확률을 높이는 전략을 무엇이라고 하는가?	재시도는 네트워크 순간 장애나 일시적 과부하 같은 경우에 유용한 운영 전략입니다. 왜 중요한지로는 단발성 실패를 사용자 오류로 만들지 않고 서비스 신뢰도를 높일 수 있기 때문입니다. 실무에서는 지수 백오프와 최대 재시도 횟수를 두어 폭주를 막습니다. 운영 포인트로는 재시도를 무작정 늘리면 트래픽이 더 커져 장애를 악화시킬 수 있습니다. 또한 동일 요청의 중복 처리 문제를 막기 위해 멱등성 설계도 함께 고려합니다.		로깅(Logging)	FALSE	알림(Alerting)	FALSE	재시도(Retry)	TRUE	데이터 라벨링(Labeling)	FALSE	mlops	production	ai	reliability
Q036	서킷 브레이커(Circuit Breaker)		AI / Data / Machine Learning - MLOps / 배포	81	CHOICE	EASY	특정 의존 서비스가 계속 실패할 때 호출을 잠시 차단해 연쇄 실패를 막는 패턴을 무엇이라고 하는가?	서킷 브레이커는 실패가 누적되면 호출을 끊고 일정 시간 후 다시 시도하는 보호 패턴입니다. 왜 중요한지로는 한 구성 요소의 장애가 전체 서비스로 전파되는 것을 막기 때문입니다. 실무에서는 피처 스토어, 외부 모델 API 같은 의존성이 불안정할 때 적용합니다. 운영 포인트로는 차단 상태에서 대체 응답을 어떻게 줄지 폴백 전략이 필요합니다. 타임아웃, 재시도와 함께 설계해야 효과가 커집니다.		레이트 리밋(Rate Limiting)	FALSE	캐시(Cache)	FALSE	타임아웃(Timeout)	FALSE	서킷 브레이커(Circuit Breaker)	TRUE	mlops	production	ai	reliability
Q037	캐시(Cache)		AI / Data / Machine Learning - MLOps / 배포	81	CHOICE	EASY	자주 조회되는 데이터나 결과를 빠르게 응답하기 위해 임시로 저장해 두는 기법을 무엇이라고 하는가?	캐시는 동일하거나 유사한 요청에 대해 빠르게 응답하기 위한 저장 기법입니다. 왜 중요한지로는 모델 추론 비용과 지연시간을 줄여 전체 운영 비용을 낮출 수 있기 때문입니다. 실무에서는 피처 조회 결과, 모델 메타데이터, 공통 응답을 캐시하는 경우가 있습니다. 운영 포인트로는 TTL 설정과 캐시 무효화 전략이 없으면 오래된 결과를 계속 줄 수 있습니다. 또한 캐시 스탬피드와 같은 동시성 문제도 함께 고려해야 합니다.		캐시(Cache)	TRUE	로깅(Logging)	FALSE	섀도 배포(Shadow Deployment)	FALSE	교차 검증(Cross Validation)	FALSE	mlops	production	ai	performance
Q038	모델 워밍업(Model Warmup)		AI / Data / Machine Learning - MLOps / 배포	81	CHOICE	EASY	모델 서버가 시작된 직후 첫 요청이 느려지는 문제를 줄이기 위해, 미리 예측을 몇 번 수행해 준비시키는 작업을 무엇이라고 하는가?	모델 워밍업은 서버 시작 직후 모델 로딩과 JIT 같은 초기 비용을 미리 소모하게 하는 기법입니다. 왜 중요한지로는 첫 사용자 요청이 타임아웃 나는 것을 줄여 사용자 경험을 안정화하기 때문입니다. 실무에서는 배포 직후 헬스 체크 통과 전에 워밍업 호출을 넣기도 합니다. 운영 포인트로는 워밍업 입력이 실제 트래픽을 대표하도록 잡아야 의미가 있습니다. 워밍업을 적용하면 p95 지연시간이 안정되는 경우가 많습니다.		캐시(Cache)	FALSE	모델 워밍업(Model Warmup)	TRUE	모델 드리프트(Model Drift)	FALSE	데이터 전처리(Preprocessing)	FALSE	mlops	production	ai	serving
Q039	피처 스토어(Feature Store)		AI / Data / Machine Learning - MLOps / 배포	81	CHOICE	EASY	학습과 서빙에서 동일한 피처 정의를 공유하고, 피처를 중앙에서 저장 제공하는 시스템을 무엇이라고 하는가?	피처 스토어는 피처를 표준화해 저장하고 재사용할 수 있게 하는 시스템입니다. 왜 중요한지로는 학습 때 만든 피처와 서빙 때 쓰는 피처가 달라지는 훈련 서빙 스큐를 줄이기 때문입니다. 실무에서는 오프라인 스토어와 온라인 스토어를 분리해 배치 학습과 실시간 서빙을 모두 지원합니다. 운영 포인트로는 피처 계산 로직과 버전 관리가 제대로 되어야 재현성이 확보됩니다. 피처 스토어를 잘 쓰면 팀 간 중복 구현이 줄고 운영 품질이 올라갑니다.		모델 레지스트리(Model Registry)	FALSE	데이터 레이크(Data Lake)	FALSE	피처 스토어(Feature Store)	TRUE	로드 밸런서(Load Balancer)	FALSE	mlops	production	ai	feature
Q040	런북(Runbook)		AI / Data / Machine Learning - MLOps / 배포	81	CHOICE	EASY	장애나 경보가 발생했을 때 어떤 순서로 점검하고 어떤 조치를 할지 정리해 둔 운영 절차 문서를 무엇이라고 하는가?	런북은 알림이 울렸을 때 즉시 따라 할 수 있는 점검 절차와 복구 방법을 정리한 문서입니다. 왜 중요한지로는 담당자가 바뀌거나 야간 온콜 상황에서도 빠르게 대응할 수 있기 때문입니다. 실무에서는 모델 서버 장애, 피처 스토어 지연, 트래픽 폭주 같은 시나리오별로 런북을 둡니다. 운영 포인트로는 문서가 최신 상태로 유지되지 않으면 오히려 대응을 지연시킬 수 있습니다. 따라서 정기적으로 리허설하고 사후 회고를 통해 업데이트하는 습관이 중요합니다.		온콜(On Call)	FALSE	포스트모템(Postmortem)	FALSE	대시보드(Dashboard)	FALSE	런북(Runbook)	TRUE	mlops	production	ai	incident
Q041	오류 예산(Error Budget)		AI / Data / Machine Learning - MLOps / 배포	81	CHOICE	MEDIUM	SLO를 기준으로 서비스가 허용할 수 있는 실패 여지를 수치로 관리하는 개념으로 가장 알맞은 것은?	오류 예산은 목표(SLO)와 실제 성과의 차이를 운영 의사결정에 쓰기 위한 장치입니다. 왜 중요한지로는 장애가 0이어야 한다는 막연한 목표 대신, 허용 가능한 실패 범위 안에서 배포 속도와 안정성을 균형 있게 맞출 수 있기 때문입니다. 실무에서는 오류 예산이 소진되면 신규 배포를 멈추고 안정화 작업에 집중하는 규칙을 두기도 합니다. 모델 서빙에서도 지연시간이나 5xx 비율이 악화되면 실험이나 롤아웃을 제한하는 트리거로 씁니다. 면접에서는 SLI SLO SLA와의 관계를 함께 설명하는지까지 자주 봅니다.		오류 예산(Error Budget)	TRUE	분산 락(Distributed Lock)	FALSE	데이터 드리프트(Data Drift)	FALSE	피처 스토어(Feature Store)	FALSE	mlops	production	ai	reliability
Q042	서비스 수준 지표(SLI)		AI / Data / Machine Learning - MLOps / 배포	81	CHOICE	MEDIUM	SLO를 평가하기 위해 실제로 측정하는 값으로 가장 적절한 것은?	SLI는 가용성, 지연시간, 오류율처럼 서비스 품질을 실제로 측정하는 지표입니다. 왜 중요한지로는 목표(SLO)를 말로만 두면 운영이 흔들리고, 측정 가능한 숫자로 관리해야 자동 알림과 개선이 가능하기 때문입니다. 실무에서는 p95 지연시간, 성공 응답 비율, 처리량 같은 형태로 정의합니다. 모델 서비스에서는 추론 성공률과 타임아웃 비율, 피처 조회 지연 같은 SLI를 분리해 보는 것이 유용합니다. 면접에서는 SLI를 어떻게 정의하고 어떤 경보 임계치로 연결하는지 묻기도 합니다.		서비스 수준 목표(SLO)	FALSE	서비스 수준 지표(SLI)	TRUE	서비스 수준 계약(SLA)	FALSE	카나리 배포(Canary Deployment)	FALSE	mlops	production	ai	monitoring
Q043	챔피언 챌린저(Champion Challenger)		AI / Data / Machine Learning - MLOps / 배포	81	CHOICE	MEDIUM	현재 운영 중인 모델과 후보 모델을 동시에 비교해 점진적으로 교체 여부를 결정하는 운영 패턴은 무엇인가?	챔피언 챌린저는 프로덕션에서 이미 검증된 챔피언 모델과 새로운 챌린저 모델을 비교해 교체를 결정하는 방식입니다. 왜 중요한지로는 오프라인 성능이 좋아도 실제 트래픽에서 KPI가 나빠질 수 있어 운영 환경에서의 비교가 필요하기 때문입니다. 실무에서는 트래픽 일부에 챌린저를 노출하거나 섀도 트래픽으로 관찰하는 방식으로 안전하게 진행합니다. 비교 시에는 동일한 입력과 동일한 피처 버전을 쓰도록 통제하지 않으면 결론이 왜곡됩니다. 면접에서는 A-B 테스트와의 차이, 그리고 롤백 전략까지 이어서 질문이 나옵니다.		섀도 배포(Shadow Deployment)	FALSE	블루그린 배포(Blue Green Deployment)	FALSE	챔피언 챌린저(Champion Challenger)	TRUE	배치 추론(Batch Inference)	FALSE	mlops	production	ai	experiment
Q044	데이터 계약(Data Contract)		AI / Data / Machine Learning - MLOps / 배포	81	CHOICE	MEDIUM	업스트림 데이터가 어떤 스키마와 의미를 보장해야 하는지 합의하고 검증하는 운영 관행으로 가장 알맞은 것은?	데이터 계약은 데이터 제공자와 소비자가 스키마, 타입, 범위, 의미를 합의해 변경을 관리하는 방식입니다. 왜 중요한지로는 학습과 서빙 파이프라인이 데이터 변경에 매우 취약해서 조용히 성능이 망가지는 사고가 흔하기 때문입니다. 실무에서는 스키마 검증, 널 비율 제한, 카테고리 값 허용 목록 같은 규칙을 자동 체크로 넣습니다. 계약이 없으면 컬럼 추가나 타입 변경이 배포 없이도 모델을 깨뜨릴 수 있어 운영 리스크가 큽니다. 면접에서는 데이터 품질과 드리프트 대응을 어떻게 제도화하는지 연결해서 설명하면 좋습니다.		피처 신선도(Feature Freshness)	FALSE	모델 레지스트리(Model Registry)	FALSE	오류 예산(Error Budget)	FALSE	데이터 계약(Data Contract)	TRUE	mlops	production	ai	data
Q045	학습 서빙 스큐(Training Serving Skew)		AI / Data / Machine Learning - MLOps / 배포	81	CHOICE	MEDIUM	학습 시 사용한 피처 계산 방식과 운영 서빙 시점의 피처 계산 방식이 달라 성능이 떨어지는 문제를 무엇이라고 하는가?	학습 서빙 스큐는 학습과 서빙 환경의 전처리나 피처 정의 불일치로 발생하는 대표적인 운영 이슈입니다. 왜 중요한지로는 모델 자체는 바꾸지 않았는데도 프로덕션에서만 성능이 급락하는 원인이 되기 때문입니다. 실무에서는 같은 코드 경로를 재사용하거나 피처 스토어를 도입해 정의를 단일화합니다. 배치로 계산한 피처를 실시간에서 근사하거나 누락하면 예측 분포가 달라질 수 있어 주의합니다. 면접에서는 스큐를 어떻게 예방하고 어떻게 탐지하는지까지 물을 수 있습니다.		학습 서빙 스큐(Training Serving Skew)	TRUE	데이터 증강(Data Augmentation)	FALSE	서킷 브레이커(Circuit Breaker)	FALSE	오토스케일링(Autoscaling)	FALSE	mlops	production	ai	feature
Q046	피처 신선도(Feature Freshness)		AI / Data / Machine Learning - MLOps / 배포	81	CHOICE	MEDIUM	실시간 추론에서 피처가 너무 오래된 값으로 들어가 예측 품질이 떨어지는 문제를 설명하는 개념으로 가장 알맞은 것은?	피처 신선도는 추론에 쓰이는 피처가 얼마나 최신 상태인지, 지연이 얼마나 되는지를 의미합니다. 왜 중요한지로는 최신 행동이나 상태가 반영되지 않으면 모델이 현실과 어긋난 결정을 내릴 수 있기 때문입니다. 실무에서는 온라인 피처 스토어, 캐시 TTL, 이벤트 스트리밍 지연을 함께 관리합니다. 신선도는 데이터 드리프트와 다르게 파이프라인 지연만으로도 악화될 수 있어 원인 분리가 필요합니다. 면접에서는 피처 신선도를 어떤 지표로 측정하고 경보를 어떻게 설계하는지 질문이 나옵니다.		데이터 드리프트(Data Drift)	FALSE	피처 신선도(Feature Freshness)	TRUE	모델 압축(Model Compression)	FALSE	롤링 업데이트(Rolling Update)	FALSE	mlops	production	ai	monitoring
Q047	모델 계보(Model Lineage)		AI / Data / Machine Learning - MLOps / 배포	81	CHOICE	MEDIUM	특정 모델이 어떤 데이터, 코드, 설정, 환경에서 만들어졌는지 추적 가능한 관계 정보를 무엇이라고 하는가?	모델 계보는 모델이 만들어지는 과정의 이력과 연결 관계를 추적하는 개념입니다. 왜 중요한지로는 성능 회귀나 규정 준수 이슈가 생겼을 때 어떤 데이터와 코드가 원인인지 재현 가능한 수준으로 좁혀야 하기 때문입니다. 실무에서는 데이터 버전, 피처 정의 버전, 학습 코드 커밋, 환경 정보가 함께 묶여야 합니다. 단순히 모델 파일만 저장하면 원인 분석이 불가능해 운영 사고 대응이 느려집니다. 면접에서는 재현성과 감사 가능성을 위해 무엇을 저장해야 하는지 구체적으로 답하는 것을 좋아합니다.		A-B 테스트(A-B Testing)	FALSE	알림(Alerting)	FALSE	모델 계보(Model Lineage)	TRUE	레이트 리밋(Rate Limiting)	FALSE	mlops	production	ai	governance
Q048	아티팩트 저장소(Artifact Repository)		AI / Data / Machine Learning - MLOps / 배포	81	CHOICE	MEDIUM	모델 파일, 전처리 산출물, 학습 결과물 같은 빌드 산출물을 중앙에서 버전별로 보관하는 저장소를 무엇이라고 하는가?	아티팩트 저장소는 배포 가능한 산출물을 일관된 방식으로 저장하고 조회하게 해주는 시스템입니다. 왜 중요한지로는 CI CD와 연결해 동일한 산출물을 여러 환경에 배포하고, 문제 시 정확히 같은 버전으로 롤백해야 하기 때문입니다. 실무에서는 모델 가중치, 토크나이저, 설정 파일, 컨테이너 이미지까지 관리 대상으로 포함합니다. 저장소 정책이 없으면 파일이 흩어져 재현과 감사 추적이 어렵습니다. 면접에서는 모델 레지스트리와 아티팩트 저장소의 역할 차이를 구분할 수 있어야 합니다.		모델 레지스트리(Model Registry)	FALSE	피처 스토어(Feature Store)	FALSE	온콜(On Call)	FALSE	아티팩트 저장소(Artifact Repository)	TRUE	mlops	production	ai	cicd
Q049	재현 가능성(Reproducibility)		AI / Data / Machine Learning - MLOps / 배포	81	CHOICE	MEDIUM	같은 코드와 데이터 조건에서 동일한 결과를 다시 만들 수 있도록 보장하는 품질 속성을 무엇이라고 하는가?	재현 가능성은 같은 조건에서 같은 결과를 만들어낼 수 있는 능력입니다. 왜 중요한지로는 모델이 이상해졌을 때 과거 결과를 재현해 원인을 찾고 수정 효과를 검증해야 하기 때문입니다. 실무에서는 데이터 스냅샷, 랜덤 시드, 라이브러리 버전, 하드웨어 환경을 함께 기록합니다. 일부 딥러닝 연산은 비결정적일 수 있어 허용 범위를 정의하고 문서화하는 것도 필요합니다. 면접에서는 재현성을 높이기 위해 무엇을 저장하고 어떤 자동화를 두는지 묻습니다.		재현 가능성(Reproducibility)	TRUE	오토스케일링(Autoscaling)	FALSE	로드 밸런서(Load Balancer)	FALSE	레디니스 프로브(Readiness Probe)	FALSE	mlops	production	ai	quality
Q050	롤링 업데이트(Rolling Update)		AI / Data / Machine Learning - MLOps / 배포	81	CHOICE	MEDIUM	서버를 한꺼번에 교체하지 않고 일부 인스턴스부터 순차적으로 교체해 무중단에 가깝게 배포하는 방식은 무엇인가?	롤링 업데이트는 인스턴스를 순차적으로 교체해 서비스 중단을 줄이는 배포 방식입니다. 왜 중요한지로는 트래픽을 유지한 채로 새 버전을 올릴 수 있어 운영 안정성이 좋아지기 때문입니다. 실무에서는 레디니스 프로브와 함께 사용해 준비된 인스턴스만 트래픽을 받게 합니다. 모델 서버는 로딩 시간이 길 수 있어 업데이트 속도를 잘못 잡으면 용량 부족이 발생할 수 있습니다. 면접에서는 롤링 업데이트와 카나리 배포의 차이를 구분해서 말할 수 있어야 합니다.		블루그린 배포(Blue Green Deployment)	FALSE	롤링 업데이트(Rolling Update)	TRUE	섀도 배포(Shadow Deployment)	FALSE	배치 추론(Batch Inference)	FALSE	mlops	production	ai	deployment
Q051	프로메테우스(Prometheus)		AI / Data / Machine Learning - MLOps / 배포	81	CHOICE	MEDIUM	메트릭을 수집하고 시계열로 저장해 대시보드와 알림의 기반으로 쓰는 대표적인 모니터링 시스템은 무엇인가?	프로메테우스는 서비스 메트릭을 수집해 시계열로 저장하고 질의할 수 있게 해주는 모니터링 시스템입니다. 왜 중요한지로는 지연시간, 오류율, 자원 사용률 같은 SLI를 안정적으로 수집해야 운영 품질을 유지할 수 있기 때문입니다. 실무에서는 모델 서빙 파드의 요청 수, p95 지연시간, GPU 사용률 같은 메트릭을 노출하고 수집합니다. 라벨 카디널리티가 너무 커지면 비용과 성능 문제가 생기니 메트릭 설계가 중요합니다. 면접에서는 로그와 메트릭의 차이와, 알림 조건을 어떻게 잡는지까지 이어질 수 있습니다.		데이터 레이크(Data Lake)	FALSE	구조화 로깅(Structured Logging)	FALSE	프로메테우스(Prometheus)	TRUE	도커파일(Dockerfile)	FALSE	mlops	production	ai	observability
Q052	구조화 로깅(Structured Logging)		AI / Data / Machine Learning - MLOps / 배포	81	CHOICE	MEDIUM	단순 문자열 로그가 아니라 키 값 형태로 로그를 남겨 검색과 분석을 쉽게 하는 방식은 무엇인가?	구조화 로깅은 JSON 같은 형식으로 필드를 나눠 기록해 검색성과 분석성을 높이는 방식입니다. 왜 중요한지로는 장애 조사에서 모델 버전, 요청 ID, 사용자 세그먼트 같은 필드를 빠르게 필터링해야 하기 때문입니다. 실무에서는 requestId, modelVersion, latencyMs, statusCode 같은 키를 표준화합니다. 개인 정보가 로그에 섞이지 않도록 마스킹과 접근 제어를 함께 둬야 안전합니다. 면접에서는 분산 트레이싱과 함께 관측성 전략을 어떻게 잡는지 질문이 자주 나옵니다.		데이터 정규화(Normalization)	FALSE	구조화 로깅(Structured Logging)	TRUE	데이터 라벨링(Labeling)	FALSE	하이퍼파라미터 튜닝(Hyperparameter Tuning)	FALSE	mlops	production	ai	observability
Q053	추론 트래픽 샘플링(Inference Sampling)		AI / Data / Machine Learning - MLOps / 배포	81	CHOICE	MEDIUM	모든 요청을 다 저장하지 않고 일부만 선택적으로 저장해 분석 비용을 줄이는 운영 기법은 무엇인가?	추론 트래픽 샘플링은 모든 예측 요청을 저장하는 대신 일부를 선택해 기록하는 운영 기법입니다. 왜 중요한지로는 로그 저장 비용과 개인 정보 리스크를 줄이면서도 품질 분석에 필요한 표본을 확보할 수 있기 때문입니다. 실무에서는 랜덤 샘플링과 함께 이상치 우선 샘플링을 섞기도 합니다. 샘플링 비율이 너무 낮으면 드리프트나 성능 저하를 늦게 발견할 수 있어 균형이 필요합니다. 면접에서는 어떤 기준으로 샘플링하고 어떤 필드를 남길지 구체적으로 말하면 좋습니다.		모델 워밍업(Model Warmup)	FALSE	오토스케일링(Autoscaling)	FALSE	추론 트래픽 샘플링(Inference Sampling)	TRUE	롤백(Rollback)	FALSE	mlops	production	ai	monitoring
Q054	카나리 분석(Canary Analysis)		AI / Data / Machine Learning - MLOps / 배포	81	CHOICE	MEDIUM	카나리 배포 중에 새 버전과 기존 버전의 지표를 비교해 자동으로 승격 또는 중단을 결정하는 절차를 무엇이라고 하는가?	카나리 분석은 새 버전을 일부 트래픽에 적용한 뒤 핵심 지표를 비교해 배포를 계속할지 멈출지 판단하는 과정입니다. 왜 중요한지로는 수동 확인만으로는 놓치는 회귀를 자동으로 잡아 배포 안전성을 높일 수 있기 때문입니다. 실무에서는 오류율, 지연시간, 핵심 KPI를 비교하고 통계적 유의성까지 고려하기도 합니다. 데이터 분포가 다른 사용자군으로 쏠리면 분석이 왜곡될 수 있어 샘플링 전략이 필요합니다. 면접에서는 어떤 지표를 게이트로 두는지, 실패 시 롤백 자동화가 있는지까지 물을 수 있습니다.		섀도 배포(Shadow Deployment)	FALSE	블루그린 배포(Blue Green Deployment)	FALSE	피처 신선도(Feature Freshness)	FALSE	카나리 분석(Canary Analysis)	TRUE	mlops	production	ai	deployment
Q055	서명된 이미지(Signed Image)		AI / Data / Machine Learning - MLOps / 배포	81	CHOICE	MEDIUM	컨테이너 이미지가 신뢰할 수 있는 출처에서 왔고 변조되지 않았음을 검증하기 위해 사용하는 보안 기법으로 가장 알맞은 것은?	서명된 이미지는 이미지에 서명을 붙이고 배포 시 검증해 변조 여부를 확인하는 보안 방식입니다. 왜 중요한지로는 공급망 공격으로 악성 이미지가 배포되는 사고를 줄일 수 있기 때문입니다. 실무에서는 레지스트리 정책으로 서명 검증을 강제하거나, 서명 없는 이미지는 배포를 막습니다. 모델 서빙은 외부 라이브러리를 많이 포함하므로 이미지 신뢰성이 특히 중요합니다. 면접에서는 취약점 스캔과 함께 공급망 보안을 어떻게 구성하는지 질문이 나옵니다.		서명된 이미지(Signed Image)	TRUE	캐시(Cache)	FALSE	데이터 드리프트(Data Drift)	FALSE	배치 추론(Batch Inference)	FALSE	mlops	production	ai	security
Q056	소프트웨어 자재명세서(SBOM)		AI / Data / Machine Learning - MLOps / 배포	81	CHOICE	MEDIUM	배포 산출물에 포함된 라이브러리와 버전 목록을 체계적으로 기록해 취약점 대응을 돕는 문서로 가장 알맞은 것은?	SBOM은 소프트웨어 구성 요소와 버전 목록을 정리한 문서입니다. 왜 중요한지로는 취약점이 공개됐을 때 우리 시스템에 해당 라이브러리가 포함됐는지 빠르게 확인해야 하기 때문입니다. 실무에서는 컨테이너 이미지 빌드 파이프라인에서 SBOM을 자동 생성하고 저장합니다. 모델 서비스는 파이썬 의존성이 많아 취약점 전파가 빠르므로 SBOM이 특히 유용합니다. 면접에서는 이미지 스캔, SBOM, 서명 검증을 묶어 공급망 보안으로 설명하면 좋습니다.		롤백(Rollback)	FALSE	소프트웨어 자재명세서(SBOM)	TRUE	A-B 테스트(A-B Testing)	FALSE	모델 워밍업(Model Warmup)	FALSE	mlops	production	ai	security
Q057	비밀키 로테이션(Secret Rotation)		AI / Data / Machine Learning - MLOps / 배포	81	CHOICE	MEDIUM	API 키나 DB 비밀번호 같은 민감 정보를 주기적으로 교체해 유출 피해를 줄이는 운영 절차를 무엇이라고 하는가?	비밀키 로테이션은 민감 정보를 주기적으로 교체하거나 유출 징후가 있을 때 즉시 교체하는 운영 절차입니다. 왜 중요한지로는 키가 한 번 유출되면 장기간 악용될 수 있어 피해를 최소화해야 하기 때문입니다. 실무에서는 이중 키 운영, 무중단 교체, 만료 정책을 함께 설계합니다. 키 교체가 배포와 강하게 묶이면 운영 부담이 커지므로 Secret 관리 체계를 표준화하는 것이 좋습니다. 면접에서는 Secret을 어디에 저장하고 어떻게 접근 통제를 하는지까지 이어질 수 있습니다.		로깅(Logging)	FALSE	데이터 계약(Data Contract)	FALSE	비밀키 로테이션(Secret Rotation)	TRUE	모델 레지스트리(Model Registry)	FALSE	mlops	production	ai	security
Q058	백프레셔(Backpressure)		AI / Data / Machine Learning - MLOps / 배포	81	CHOICE	MEDIUM	처리 속도보다 요청이 빨리 들어올 때, 시스템이 과부하로 무너지지 않도록 유입을 조절하거나 지연시키는 제어를 무엇이라고 하는가?	백프레셔는 생산자와 소비자 속도 차이로 큐가 무한히 쌓이는 상황을 막는 제어 개념입니다. 왜 중요한지로는 추론 요청이 폭주하면 메모리 고갈이나 타임아웃이 연쇄적으로 발생할 수 있기 때문입니다. 실무에서는 큐 길이 제한, 동시성 제한, 429 응답, 우선순위 큐 같은 방식으로 구현합니다. 백프레셔가 없으면 오토스케일링이 따라가기 전에 시스템이 먼저 무너질 수 있습니다. 면접에서는 레이트 리밋과의 차이를 구분하고 어떤 계층에서 적용할지 설명하는 문제가 나옵니다.		오토스케일링(Autoscaling)	FALSE	타임아웃(Timeout)	FALSE	섀도 배포(Shadow Deployment)	FALSE	백프레셔(Backpressure)	TRUE	mlops	production	ai	reliability
Q059	비동기 추론(Async Inference)		AI / Data / Machine Learning - MLOps / 배포	81	CHOICE	MEDIUM	요청을 즉시 처리하지 않고 큐에 적재한 뒤 워커가 처리하고 결과를 나중에 조회하거나 콜백으로 받는 추론 방식은 무엇인가?	비동기 추론은 요청을 큐에 넣고 별도의 워커가 처리해 결과를 나중에 제공하는 방식입니다. 왜 중요한지로는 추론 시간이 길거나 트래픽이 급증할 때도 서비스가 타임아웃으로 붕괴하는 것을 줄일 수 있기 때문입니다. 실무에서는 메시지 큐와 작업 ID를 사용하고, 결과 저장소와 조회 API를 함께 둡니다. 중복 요청과 재시도 상황을 고려해 멱등성과 작업 상태 관리를 설계해야 합니다. 면접에서는 온라인 추론, 배치 추론, 비동기 추론을 어떤 기준으로 선택하는지 자주 묻습니다.		로드 밸런서(Load Balancer)	FALSE	캐시(Cache)	FALSE	비동기 추론(Async Inference)	TRUE	모델 드리프트(Model Drift)	FALSE	mlops	production	ai	architecture
Q060	멱등성 키(Idempotency Key)		AI / Data / Machine Learning - MLOps / 배포	81	CHOICE	MEDIUM	재시도나 중복 요청이 발생해도 같은 요청을 한 번만 처리한 것처럼 만들기 위해 함께 보내는 식별자를 무엇이라고 하는가?	멱등성 키는 같은 요청이 여러 번 들어와도 결과가 한 번 처리된 것처럼 되도록 보장하기 위한 식별자입니다. 왜 중요한지로는 네트워크 재시도나 타임아웃 이후 재호출이 흔한 프로덕션 환경에서 중복 처리로 비용과 데이터 오류가 발생하기 때문입니다. 실무에서는 작업 ID나 클라이언트가 생성한 키를 저장하고 일정 시간 동안 중복을 차단합니다. 비동기 추론에서는 특히 중복 작업 생성이 쉽기 때문에 멱등성 설계가 필수에 가깝습니다. 면접에서는 멱등성과 재시도 정책을 함께 설명할 수 있어야 합니다.		재시도(Retry)	FALSE	서킷 브레이커(Circuit Breaker)	FALSE	레이트 리밋(Rate Limiting)	FALSE	멱등성 키(Idempotency Key)	TRUE	mlops	production	ai	reliability
Q061	데이터 품질 체크(Data Quality Checks)		AI / Data / Machine Learning - MLOps / 배포	81	CHOICE	MEDIUM	프로덕션 파이프라인에서 특정 컬럼의 null 비율이 급증하거나 값 범위가 깨지는 것을 자동으로 감지해 차단하는 운영 활동으로 가장 알맞은 것은?	데이터 품질 체크는 입력 데이터가 기대한 규칙을 만족하는지 검사하는 운영 안전장치입니다. 왜 중요한지로는 데이터가 망가지면 모델이 정상이어도 예측 결과가 급격히 나빠질 수 있기 때문입니다. 실무에서는 null 비율, 최소 최대 범위, 카테고리 허용 목록, 중복 키 같은 규칙을 둡니다. 규칙 위반 시 경보를 울리거나 추론을 막고 폴백으로 전환하는 정책을 함께 설계합니다. 데이터 품질 체크는 드리프트 모니터링과 달리 즉시성 있는 데이터 오류를 잡는 데 특히 유효합니다.		데이터 품질 체크(Data Quality Checks)	TRUE	데이터 드리프트(Data Drift)	FALSE	모델 레지스트리(Model Registry)	FALSE	A-B 테스트(A-B Testing)	FALSE	mlops	production	ai	data
Q062	스키마 검증(Schema Validation)		AI / Data / Machine Learning - MLOps / 배포	81	CHOICE	MEDIUM	서빙 입력에서 컬럼 타입이 바뀌거나 필수 컬럼이 누락되는 변경을 조기에 발견하기 위해 사용하는 검증으로 가장 알맞은 것은?	스키마 검증은 입력 데이터의 컬럼 이름, 타입, 필수 여부 같은 구조를 검사하는 절차입니다. 왜 중요한지로는 업스트림 변경이 조용히 들어오면 모델 서버가 예외를 내거나 잘못된 피처로 예측할 수 있기 때문입니다. 실무에서는 추론 직전이나 피처 생성 직전에 스키마 검증을 배치해 빠르게 실패하게 만듭니다. 스키마 검증은 데이터 품질 체크의 한 종류이지만 특히 구조적 변경에 초점을 둡니다. 면접에서는 스키마가 깨졌을 때 차단할지 폴백할지 같은 운영 정책까지 함께 묻기도 합니다.		데이터 계약(Data Contract)	FALSE	스키마 검증(Schema Validation)	TRUE	섀도 배포(Shadow Deployment)	FALSE	오토스케일링(Autoscaling)	FALSE	mlops	production	ai	data
Q063	컨셉 드리프트(Concept Drift)		AI / Data / Machine Learning - MLOps / 배포	81	CHOICE	MEDIUM	입력 데이터 분포는 크게 변하지 않았는데도 시간이 지나며 예측이 점점 틀려지는 경우, 주로 의심하는 현상으로 가장 알맞은 것은?	컨셉 드리프트는 입력과 정답 사이의 관계 자체가 바뀌는 현상입니다. 왜 중요한지로는 단순 분포 비교만으로는 문제를 놓치고, 비즈니스 환경 변화로 성능이 서서히 무너질 수 있기 때문입니다. 실무에서는 정책 변경, 사용자 행동 변화, 사기 패턴 변화 같은 이유로 자주 발생합니다. 라벨이 늦게 들어오면 성능 저하를 늦게 알 수 있어 대체 지표와 함께 감시하는 전략이 필요합니다. 컨셉 드리프트 대응은 재학습만이 아니라 피처 재설계나 의사결정 임계치 조정으로 이어질 수 있습니다.		데이터 드리프트(Data Drift)	FALSE	피처 신선도(Feature Freshness)	FALSE	컨셉 드리프트(Concept Drift)	TRUE	롤링 업데이트(Rolling Update)	FALSE	mlops	production	ai	drift
Q064	라벨 지연(Label Delay)		AI / Data / Machine Learning - MLOps / 배포	81	CHOICE	MEDIUM	예측의 정답 데이터가 2주 뒤에야 확정되는 도메인이라 온라인 성능 모니터링이 늦어지는 상황을 설명하는 용어로 가장 알맞은 것은?	라벨 지연은 예측 결과의 정답이 즉시 확보되지 않고 시간이 지난 뒤에 수집되는 현상입니다. 왜 중요한지로는 모델 성능을 실시간으로 측정하기 어려워 운영 사고를 늦게 발견할 수 있기 때문입니다. 실무에서는 결제 취소, 환불, 대출 연체처럼 결과가 늦게 확정되는 경우가 흔합니다. 이때는 입력 분포 변화, 예측 점수 분포 변화 같은 선행 지표와 표본 라벨링을 함께 사용합니다. 라벨 지연을 고려하지 않으면 알림 설계와 롤백 기준이 현실과 맞지 않게 됩니다.		온라인 추론(Online Inference)	FALSE	배치 추론(Batch Inference)	FALSE	모델 모니터링(Model Monitoring)	FALSE	라벨 지연(Label Delay)	TRUE	mlops	production	ai	monitoring
Q065	예측 감사 로그(Prediction Audit Log)		AI / Data / Machine Learning - MLOps / 배포	81	CHOICE	MEDIUM	규제 대응이나 장애 분석을 위해 요청 ID, 모델 버전, 입력 요약, 예측 결과를 남겨 추적 가능하게 하는 로그 형태로 가장 알맞은 것은?	예측 감사 로그는 누가 어떤 입력으로 어떤 모델 버전에서 어떤 결과를 받았는지 추적 가능하게 남기는 기록입니다. 왜 중요한지로는 모델 결과가 의사결정에 쓰일 때 책임 추적과 분쟁 대응이 필요하기 때문입니다. 실무에서는 원문 입력 전체를 저장하지 않고 요약값이나 해시, 마스킹된 필드로 남겨 개인 정보 리스크를 줄입니다. 감사 로그는 단순 디버그 로그와 달리 표준 스키마와 보관 정책이 중요합니다. 운영에서는 로그 보관 기간과 접근 권한, 삭제 정책까지 함께 설계해야 합니다.		예측 감사 로그(Prediction Audit Log)	TRUE	구조화 로깅(Structured Logging)	FALSE	분산 트레이싱(Distributed Tracing)	FALSE	카나리 배포(Canary Deployment)	FALSE	mlops	production	ai	governance
Q066	상관관계 ID(Correlation ID)		AI / Data / Machine Learning - MLOps / 배포	81	CHOICE	MEDIUM	모델 API 호출이 피처 조회 서비스와 캐시, DB를 거칠 때 동일 요청을 끝까지 추적하기 위해 전파하는 식별자로 가장 알맞은 것은?	상관관계 ID는 여러 서비스에 걸친 하나의 요청 흐름을 연결해주는 공통 식별자입니다. 왜 중요한지로는 장애 조사 시 어떤 단계에서 지연이나 오류가 발생했는지 빠르게 찾을 수 있기 때문입니다. 실무에서는 게이트웨이나 첫 진입 지점에서 생성해 모든 하위 호출에 헤더로 전파합니다. 로그와 트레이싱에 같은 ID를 남기면 조회와 재현이 훨씬 쉬워집니다. 상관관계 ID가 없으면 동일 시간대의 수많은 요청 중 원인 요청을 찾기 어려워 대응이 느려집니다.		레디니스 프로브(Readiness Probe)	FALSE	상관관계 ID(Correlation ID)	TRUE	데이터 계약(Data Contract)	FALSE	오류 예산(Error Budget)	FALSE	mlops	production	ai	observability
Q067	버전 핀닝(Version Pinning)		AI / Data / Machine Learning - MLOps / 배포	81	CHOICE	MEDIUM	운영에서 latest 같은 가변 태그 대신 특정 모델 버전이나 이미지 다이제스트를 고정해 배포하는 실무 원칙으로 가장 알맞은 것은?	버전 핀닝은 배포 대상이 항상 동일하도록 버전이나 다이제스트를 고정하는 운영 습관입니다. 왜 중요한지로는 같은 배포라고 생각했는데 실제로는 다른 산출물이 올라가는 사고를 막기 때문입니다. 실무에서는 모델 레지스트리의 특정 버전과 컨테이너 이미지 다이제스트를 함께 고정합니다. 핀닝을 하면 롤백도 단순해지고 재현 가능성이 올라갑니다. 반대로 가변 태그에 의존하면 장애 시점의 정확한 상태를 복원하기 어렵습니다.		롤링 업데이트(Rolling Update)	FALSE	섀도 배포(Shadow Deployment)	FALSE	버전 핀닝(Version Pinning)	TRUE	오토스케일링(Autoscaling)	FALSE	mlops	production	ai	deployment
Q068	멀티 모델 라우팅(Model Routing)		AI / Data / Machine Learning - MLOps / 배포	81	CHOICE	MEDIUM	국가나 사용자 세그먼트에 따라 서로 다른 모델로 요청을 보내거나, 기능별로 모델 엔드포인트를 분기하는 운영 방식으로 가장 알맞은 것은?	멀티 모델 라우팅은 조건에 따라 서로 다른 모델이나 엔드포인트로 트래픽을 분기하는 운영 패턴입니다. 왜 중요한지로는 지역별 데이터 특성이나 제품 정책 차이로 단일 모델이 최선이 아닐 수 있기 때문입니다. 실무에서는 라우팅 규칙을 설정으로 관리하고, 변경 시 빠르게 롤백할 수 있어야 합니다. 라우팅이 복잡해지면 관측성과 성능 비교가 어려워지므로 공통 지표 체계를 유지하는 것이 중요합니다. 면접에서는 라우팅과 A-B 테스트, 챔피언 챌린저의 차이를 구분해 설명하는지를 자주 봅니다.		블루그린 배포(Blue Green Deployment)	FALSE	피처 스토어(Feature Store)	FALSE	스키마 검증(Schema Validation)	FALSE	멀티 모델 라우팅(Model Routing)	TRUE	mlops	production	ai	architecture
Q069	폴백 모델(Fallback Model)		AI / Data / Machine Learning - MLOps / 배포	81	CHOICE	MEDIUM	주 모델이 타임아웃이 나거나 의존 서비스가 장애일 때, 간단한 규칙 기반이나 경량 모델로 응답을 유지하는 전략으로 가장 알맞은 것은?	폴백 모델은 주 모델이 불안정할 때도 최소 기능을 유지하기 위한 대체 경로입니다. 왜 중요한지로는 모델 서비스가 완전히 중단되면 비즈니스가 멈추거나 사용자 경험이 급락하기 때문입니다. 실무에서는 규칙 기반, 캐시된 결과, 이전 모델 버전 같은 형태로 폴백을 구성합니다. 폴백 전환 조건을 너무 민감하게 잡으면 품질이 불필요하게 떨어질 수 있어 임계치 튜닝이 필요합니다. 운영에서는 폴백 비율 자체를 지표로 두고 이상 증가 시 즉시 조사하는 것이 좋습니다.		폴백 모델(Fallback Model)	TRUE	서킷 브레이커(Circuit Breaker)	FALSE	레이트 리밋(Rate Limiting)	FALSE	데이터 드리프트(Data Drift)	FALSE	mlops	production	ai	reliability
Q070	로드 셰딩(Load Shedding)		AI / Data / Machine Learning - MLOps / 배포	81	CHOICE	MEDIUM	시스템이 과부하 상태일 때 일부 요청을 빠르게 거절하거나 저우선 요청을 드롭해 전체 장애를 막는 운영 기법으로 가장 알맞은 것은?	로드 셰딩은 과부하에서 모든 요청을 다 처리하려다 전체가 무너지는 상황을 막기 위한 전략입니다. 왜 중요한지로는 지연이 늘어나는 상태를 방치하면 타임아웃과 재시도가 폭증해 장애가 증폭되기 때문입니다. 실무에서는 429 응답, 우선순위 큐, 동시성 제한, 일부 기능 비활성화 같은 방식으로 구현합니다. 로드 셰딩은 백프레셔와 함께 쓰이지만 드롭이라는 강한 조치를 포함하는 경우가 많습니다. 면접에서는 어떤 기준으로 드롭할지와 사용자 영향 최소화 전략을 묻기도 합니다.		트래픽 셰이핑(Traffic Shaping)	FALSE	로드 셰딩(Load Shedding)	TRUE	멱등성 키(Idempotency Key)	FALSE	모델 레지스트리(Model Registry)	FALSE	mlops	production	ai	reliability
Q071	트래픽 셰이핑(Traffic Shaping)		AI / Data / Machine Learning - MLOps / 배포	81	CHOICE	MEDIUM	순간적인 버스트 트래픽을 완화하기 위해 요청을 일정 속도로 흘려보내거나 큐로 평탄화하는 운영 방식으로 가장 알맞은 것은?	트래픽 셰이핑은 유입 트래픽을 제어해 시스템이 감당 가능한 형태로 만드는 운영 기법입니다. 왜 중요한지로는 추론 서버는 스파이크에 약하고, 순간 과부하가 지연시간 급증으로 이어지기 때문입니다. 실무에서는 큐잉, 토큰 버킷, 동시성 제한으로 속도를 평탄화합니다. 셰이핑은 드롭을 최소화하면서도 안정성을 올리는 데 목적이 있습니다. 면접에서는 레이트 리밋과의 차이, 그리고 어디 계층에서 적용할지까지 설명하면 좋습니다.		레이트 리밋(Rate Limiting)	FALSE	오토스케일링(Autoscaling)	FALSE	트래픽 셰이핑(Traffic Shaping)	TRUE	롤백(Rollback)	FALSE	mlops	production	ai	performance
Q072	데드 레터 큐(Dead Letter Queue)		AI / Data / Machine Learning - MLOps / 배포	81	CHOICE	MEDIUM	비동기 추론에서 여러 번 재시도해도 계속 실패하는 메시지를 따로 격리해 분석과 재처리를 가능하게 하는 큐를 무엇이라고 하는가?	데드 레터 큐는 정상 처리 흐름에서 벗어난 실패 메시지를 별도로 보관하는 큐입니다. 왜 중요한지로는 실패 메시지가 원 큐에 남아 있으면 계속 재시도되며 전체 처리를 막을 수 있기 때문입니다. 실무에서는 실패 원인 코드, 재시도 횟수, 마지막 오류를 함께 기록해 조사에 활용합니다. DLQ에 쌓인 메시지는 운영자가 원인 수정 후 재처리하거나 폐기 정책을 적용합니다. 면접에서는 DLQ가 없을 때 발생하는 장애 패턴을 설명할 수 있어야 합니다.		지수 백오프(Exponential Backoff)	FALSE	서킷 브레이커(Circuit Breaker)	FALSE	비동기 추론(Async Inference)	FALSE	데드 레터 큐(Dead Letter Queue)	TRUE	mlops	production	ai	queue
Q073	지수 백오프(Exponential Backoff)		AI / Data / Machine Learning - MLOps / 배포	81	CHOICE	MEDIUM	재시도 시 대기 시간을 점점 늘려 재시도 폭주를 줄이는 대표적인 전략으로 가장 알맞은 것은?	지수 백오프는 재시도 간격을 점점 늘려 시스템이 회복할 시간을 주는 전략입니다. 왜 중요한지로는 다수 클라이언트가 동시에 재시도하면 트래픽이 폭증해 장애가 길어질 수 있기 때문입니다. 실무에서는 최대 대기 시간과 최대 재시도 횟수를 함께 제한합니다. 지터를 섞어 대기 시간을 랜덤화하면 동시에 재시도하는 동기화 현상을 줄일 수 있습니다. 면접에서는 재시도는 반드시 멱등성과 함께 설계해야 한다는 점도 같이 말하면 좋습니다.		지수 백오프(Exponential Backoff)	TRUE	캐시(Cache)	FALSE	스키마 검증(Schema Validation)	FALSE	모델 계보(Model Lineage)	FALSE	mlops	production	ai	reliability
Q074	퀀타이제이션(Quantization)		AI / Data / Machine Learning - MLOps / 배포	81	CHOICE	MEDIUM	모델 가중치 정밀도를 낮추어 메모리 사용량과 추론 지연시간을 줄이는 최적화 기법으로 가장 알맞은 것은?	퀀타이제이션은 모델의 수치 정밀도를 낮춰 계산량과 메모리 사용을 줄이는 최적화입니다. 왜 중요한지로는 프로덕션에서는 비용과 지연시간이 곧 품질과 직결되기 때문입니다. 실무에서는 성능 저하를 최소화하기 위해 사전 검증과 캘리브레이션 절차를 함께 수행합니다. 하드웨어나 런타임에 따라 지원 방식이 달라 배포 환경과 함께 검토해야 합니다. 면접에서는 경량화 기법의 장단점과 어떤 상황에 적용하는지 설명하는 문제가 나옵니다.		모델 워밍업(Model Warmup)	FALSE	퀀타이제이션(Quantization)	TRUE	데이터 품질 체크(Data Quality Checks)	FALSE	블루그린 배포(Blue Green Deployment)	FALSE	mlops	production	ai	performance
Q075	모델 캘리브레이션(Model Calibration)		AI / Data / Machine Learning - MLOps / 배포	81	CHOICE	MEDIUM	분류 모델이 0.9라고 예측한 케이스가 실제로도 약 90퍼센트 맞도록, 확률 해석의 신뢰도를 맞추는 작업으로 가장 알맞은 것은?	모델 캘리브레이션은 예측 확률이 실제 빈도와 잘 맞도록 조정하는 작업입니다. 왜 중요한지로는 운영에서는 확률 점수로 정책을 결정하는 경우가 많아, 확률이 과신되면 사고가 날 수 있기 때문입니다. 실무에서는 임계치 기반 의사결정, 리스크 스코어링, 알림 트리거에 특히 영향을 줍니다. 캘리브레이션은 정확도와 별개로 확률의 의미를 신뢰할 수 있게 만드는 관점입니다. 면접에서는 정확도와 캘리브레이션이 다를 수 있다는 점을 설명하면 좋은 평가를 받습니다.		데이터 드리프트(Data Drift)	FALSE	결정 임계치(Decision Threshold)	FALSE	모델 캘리브레이션(Model Calibration)	TRUE	레이트 리밋(Rate Limiting)	FALSE	mlops	production	ai	quality
Q076	결정 임계치(Decision Threshold)		AI / Data / Machine Learning - MLOps / 배포	81	CHOICE	MEDIUM	같은 모델이라도 운영 목적에 맞게 오탐과 미탐을 조절하기 위해 확률 기준선을 조정하는 것을 무엇이라고 하는가?	결정 임계치는 분류 확률을 어떤 기준으로 양성 음성으로 나눌지 정하는 값입니다. 왜 중요한지로는 비즈니스 손실 구조에 따라 오탐과 미탐의 비용이 다르기 때문입니다. 실무에서는 사기 탐지나 알림 시스템에서 임계치 조정만으로도 운영 품질이 크게 변합니다. 임계치를 바꾸면 사용자 경험, 운영 부담, 비용이 함께 변하므로 실험과 모니터링이 필요합니다. 면접에서는 임계치 튜닝을 어떤 지표로 결정하는지까지 연결 질문이 나옵니다.		캘리브레이션(Calibration)	FALSE	컨셉 드리프트(Concept Drift)	FALSE	모델 레지스트리(Model Registry)	FALSE	결정 임계치(Decision Threshold)	TRUE	mlops	production	ai	serving
Q077	추론 캐싱(Inference Caching)		AI / Data / Machine Learning - MLOps / 배포	81	CHOICE	MEDIUM	동일하거나 매우 유사한 입력 요청이 반복될 때, 최근 예측 결과를 저장해 비용과 지연시간을 줄이는 기법으로 가장 알맞은 것은?	추론 캐싱은 반복 입력에 대해 모델을 다시 실행하지 않고 저장된 결과를 반환하는 방식입니다. 왜 중요한지로는 고비용 추론을 줄여 인프라 비용을 절감하고 지연시간을 낮출 수 있기 때문입니다. 실무에서는 키 설계와 TTL 정책이 핵심이며, 개인정보나 민감 입력이 캐시 키에 남지 않도록 주의합니다. 캐시가 오래되면 최신 상태를 반영하지 못해 품질이 떨어질 수 있어 무효화 전략이 필요합니다. 면접에서는 캐시가 가능한 예측과 불가능한 예측을 구분해 설명하면 좋습니다.		추론 캐싱(Inference Caching)	TRUE	스키마 검증(Schema Validation)	FALSE	소프트웨어 자재명세서(SBOM)	FALSE	데드 레터 큐(Dead Letter Queue)	FALSE	mlops	production	ai	performance
Q078	GPU 리소스 제한(GPU Resource Limit)		AI / Data / Machine Learning - MLOps / 배포	81	CHOICE	MEDIUM	여러 모델 서비스가 같은 클러스터에서 GPU를 공유할 때, 특정 서비스가 GPU를 독점하지 않도록 상한을 두는 운영 설정으로 가장 알맞은 것은?	GPU 리소스 제한은 특정 워크로드가 사용할 수 있는 GPU 자원을 명확히 제한하는 운영 설정입니다. 왜 중요한지로는 한 서비스의 폭주가 다른 서비스까지 장애로 끌고 갈 수 있기 때문입니다. 실무에서는 요청량이 많은 모델과 낮은 우선순위 모델을 분리하고, 제한과 예약을 함께 설계합니다. GPU는 비용이 매우 크기 때문에 과할당이나 유휴 상태를 줄이는 것도 중요한 운영 목표입니다. 면접에서는 리소스 요청 제한을 어떻게 잡고 모니터링 지표로 무엇을 보는지 질문이 나옵니다.		오토스케일링(Autoscaling)	FALSE	GPU 리소스 제한(GPU Resource Limit)	TRUE	모델 캘리브레이션(Model Calibration)	FALSE	데이터 계약(Data Contract)	FALSE	mlops	production	ai	scaling
Q079	롤백 기준(Rollback Criteria)		AI / Data / Machine Learning - MLOps / 배포	81	CHOICE	MEDIUM	배포 후 오류율, 지연시간, 핵심 KPI가 특정 조건을 넘으면 자동 또는 수동으로 이전 버전으로 되돌리도록 정하는 판단 규칙을 무엇이라고 하는가?	롤백 기준은 언제 되돌릴지를 수치와 조건으로 명확히 정의한 운영 규칙입니다. 왜 중요한지로는 사람 판단만으로는 늦어질 수 있고, 반대로 과민하게 반응하면 불필요한 롤백이 잦아지기 때문입니다. 실무에서는 오류율과 지연시간 같은 시스템 지표와 함께 비즈니스 KPI를 같이 봅니다. 기준은 배포 방식에 따라 다르게 설계하며, 카나리 단계에서는 더 엄격하게 잡는 경우가 많습니다. 면접에서는 어떤 지표를 게이트로 둘지와, 거짓 양성 알림을 어떻게 줄일지까지 묻기도 합니다.		오류 예산(Error Budget)	FALSE	서비스 수준 지표(SLI)	FALSE	롤백 기준(Rollback Criteria)	TRUE	피처 스토어(Feature Store)	FALSE	mlops	production	ai	deployment
Q080	스위치오버(Switchover)		AI / Data / Machine Learning - MLOps / 배포	81	CHOICE	MEDIUM	블루그린 운영에서 트래픽을 기존 환경에서 신규 환경으로 전환하는 행위 자체를 가리키는 용어로 가장 알맞은 것은?	스위치오버는 트래픽의 실제 진입점을 한 환경에서 다른 환경으로 전환하는 작업입니다. 왜 중요한지로는 전환 순간이 곧 사용자 영향이 발생하는 시점이어서 안정성이 매우 중요하기 때문입니다. 실무에서는 DNS, 로드 밸런서, 인그레스 라우팅 규칙 등 전환 계층을 명확히 정해 자동화합니다. 전환 전후로 헬스 체크와 핵심 SLI를 확인해 안전하게 진행해야 합니다. 면접에서는 스위치오버 후 문제가 생겼을 때 스위치백으로 어떻게 되돌릴지까지 이어서 질문이 나옵니다.		섀도 배포(Shadow Deployment)	FALSE	롤링 업데이트(Rolling Update)	FALSE	카나리 배포(Canary Deployment)	FALSE	스위치오버(Switchover)	TRUE	mlops	production	ai	deployment
Q081	번 레이트 알림(Burn Rate Alerting)		AI / Data / Machine Learning - MLOps / 배포	81	CHOICE	HARD	SLO가 99.9인 모델 예측 API에서 짧은 시간 동안 오류율이 급등했다. 단순 임계치 알림보다 오류 예산 소진 속도를 기준으로 경보를 설계하려고 한다. 이때 가장 적절한 접근은 무엇인가?	번 레이트 알림은 오류 예산이 얼마나 빠르게 소진되는지를 기준으로 경보를 거는 방식입니다. 왜 중요한지로는 트래픽 규모와 시간 구간에 따라 같은 오류율이라도 위험도가 달라지기 때문입니다. 실무에서는 짧은 창과 긴 창을 함께 써서 급격한 사고와 느린 악화를 모두 잡습니다. 단순 오류율 임계치는 평상시 노이즈가 많거나, 반대로 큰 사고를 늦게 감지할 수 있습니다. 번 레이트 기반으로 운영하면 배포 속도와 안정성을 SLO 관점에서 일관되게 통제할 수 있습니다.		오류 예산 소진 속도 기준으로 짧은 창과 긴 창을 함께 사용하는 번 레이트 알림을 설계한다	TRUE	CPU 사용률이 80을 넘으면 무조건 알림을 울린다	FALSE	하루 평균 오류율만 보고 주간 단위로만 알림을 설정한다	FALSE	모든 4xx 응답을 장애로 간주해 즉시 롤백한다	FALSE	mlops	production	ai	reliability
Q082	꼬리 지연시간(Tail Latency)		AI / Data / Machine Learning - MLOps / 배포	81	CHOICE	HARD	평균 지연시간은 안정적인데 p99 지연시간만 특정 시간대에 급증한다. 모델 서버 자체 CPU GPU는 여유가 있고, 간헐적으로 피처 조회가 느려진다. 이 현상을 운영 관점에서 가장 잘 설명하는 용어는 무엇인가?	꼬리 지연시간은 평균이 좋아도 상위 퍼센타일이 나빠지는 현상을 강조하는 개념입니다. 왜 중요한지로는 사용자 체감은 평균보다 느린 소수 요청에 의해 결정되는 경우가 많기 때문입니다. 실무에서는 p95 p99를 SLI로 두고, 의존 서비스 지연과 큐잉을 분리해서 추적합니다. 피처 조회 지연이 꼬리에 몰리면 전체 요청의 일부가 긴 대기열을 만들 수 있습니다. 면접에서는 tail latency 원인으로 큐잉, 락 경합, GC, 네트워크 지연을 함께 설명하면 좋습니다.		처리량(Throughput)	FALSE	꼬리 지연시간(Tail Latency)	TRUE	데이터 드리프트(Data Drift)	FALSE	모델 캘리브레이션(Model Calibration)	FALSE	mlops	production	ai	observability
Q083	이벤트 기반 오토스케일링(KEDA)		AI / Data / Machine Learning - MLOps / 배포	81	CHOICE	HARD	비동기 추론 워커가 메시지 큐 길이에 따라 확장되어야 한다. CPU 사용률 기준 HPA만으로는 큐가 쌓인 뒤에야 확장되어 지연이 커진다. 이 상황에서 가장 적절한 스케일링 접근은 무엇인가?	이벤트 기반 오토스케일링은 CPU 같은 자원 지표가 아니라 이벤트 소스의 부하를 기준으로 확장합니다. 왜 중요한지로는 큐 기반 시스템에서는 지연의 선행 지표가 큐 길이, 라그, 처리 대기량이기 때문입니다. 실무에서는 KEDA 같은 구성으로 큐 깊이나 라그를 트리거로 워커를 즉시 늘립니다. CPU가 오르기 전에 이미 대기열이 폭증하는 패턴을 선제적으로 완화할 수 있습니다. 운영에서는 최소 파드 수와 스케일 다운 정책을 함께 잡아 출렁임을 줄이는 것이 중요합니다.		롤링 업데이트(Rolling Update)	FALSE	레이트 리밋(Rate Limiting)	FALSE	큐 길이나 라그를 트리거로 하는 이벤트 기반 오토스케일링을 적용한다	TRUE	블루그린 배포(Blue Green Deployment)	FALSE	mlops	production	ai	scaling
Q084	익스팬드 컨트랙트(Expand Contract)		AI / Data / Machine Learning - MLOps / 배포	81	CHOICE	HARD	새 모델 배포와 함께 입력 스키마에 컬럼을 추가해야 한다. 구버전 클라이언트도 일정 기간 입력을 보낼 수 있다. 무중단과 호환성을 동시에 만족시키는 배포 순서로 가장 적절한 것은?	익스팬드 컨트랙트는 스키마 변경을 확장 단계와 축소 단계로 나눠 호환성을 유지하는 패턴입니다. 왜 중요한지로는 프로덕션에서는 클라이언트와 서버, 파이프라인이 동시에 바뀌지 않기 때문입니다. 실무에서는 먼저 스키마를 확장해 구버전도 통과하게 만들고, 그 다음 새 모델과 새 입력을 배포합니다. 충분한 전환 기간 후에 더 이상 쓰지 않는 필드를 제거하는 축소 단계로 마무리합니다. 이 순서를 지키면 배포 중 입력 파싱 오류와 예측 실패를 크게 줄일 수 있습니다.		스키마를 먼저 확장한 뒤 새 모델을 배포하고, 전환 후 구필드를 제거한다	FALSE	새 모델을 먼저 배포하고 입력이 깨지면 롤백한다	FALSE	스키마 확장과 필드 제거를 한 번에 배포한다	FALSE	스키마를 먼저 확장한 뒤 새 모델을 배포하고, 전환 후 구필드를 제거한다	TRUE	mlops	production	ai	deployment
Q085	시점 정합성(Point in Time Correctness)		AI / Data / Machine Learning - MLOps / 배포	81	CHOICE	HARD	오프라인 학습 데이터는 정상인데, 프로덕션 온라인 피처가 학습 시점 이후의 정보를 섞어 누출이 발생했다. 학습 성능은 매우 좋지만 실서비스에서 성능이 급락한다. 이를 가장 직접적으로 예방하는 원칙은 무엇인가?	시점 정합성은 특정 시점에서 사용할 수 있었던 정보만으로 피처를 구성하는 원칙입니다. 왜 중요한지로는 미래 정보 누출이 있으면 학습에서는 좋아 보이지만 운영에서는 재현되지 않기 때문입니다. 실무에서는 피처 스토어의 포인트 인 타임 조인과 이벤트 타임 기준의 스냅샷을 사용합니다. 특히 레이블 생성 시점과 피처 생성 시점의 관계를 명확히 관리해야 합니다. 면접에서는 데이터 누출을 탐지하는 방법과, 오프라인 온라인 피처 정의를 단일화하는 전략을 함께 말하면 좋습니다.		모델 캘리브레이션(Model Calibration)	FALSE	시점 정합성(Point in Time Correctness)을 보장하는 포인트 인 타임 조인을 적용한다	TRUE	레이트 리밋(Rate Limiting)을 강화한다	FALSE	컨테이너 이미지에 서명을 붙인다	FALSE	mlops	production	ai	data
Q086	PSI(Population Stability Index)		AI / Data / Machine Learning - MLOps / 배포	81	CHOICE	HARD	라벨이 늦게 들어오는 서비스라 온라인 정확도 측정이 어렵다. 대신 입력 피처 분포 변화로 위험 신호를 잡고 싶다. 운영에서 분포 이동을 수치화하는 대표 지표로 가장 적절한 것은?	PSI는 기준 분포와 현재 분포의 차이를 버킷 기반으로 수치화하는 지표입니다. 왜 중요한지로는 라벨이 없어도 입력 분포 변화만으로 드리프트 위험을 조기에 감지할 수 있기 때문입니다. 실무에서는 주요 피처에 대해 PSI를 계산하고 임계치를 넘으면 경보나 재학습 검토를 트리거로 둡니다. 다만 버킷 정의와 표본 크기에 따라 값이 흔들릴 수 있어 기준을 표준화해야 합니다. PSI는 만능이 아니므로 KS 테스트나 모델 점수 분포 모니터링과 함께 쓰는 것이 안전합니다.		PSI(Population Stability Index)	FALSE	데이터 레이크(Data Lake)	FALSE	PSI(Population Stability Index)	FALSE	PSI(Population Stability Index)	TRUE	mlops	production	ai	monitoring
Q087	KS 테스트(KS Test)		AI / Data / Machine Learning - MLOps / 배포	81	CHOICE	HARD	두 시점의 예측 점수 분포가 동일한지 통계적으로 검정해 드리프트 신호를 잡고 싶다. 버킷을 임의로 나누는 방식보다 분포 자체 차이를 보는 접근이 필요하다. 이때 가장 적절한 검정은 무엇인가?	KS 테스트는 두 분포의 누적 분포 함수 차이의 최대값으로 분포 차이를 검정합니다. 왜 중요한지로는 버킷을 어떻게 나누느냐에 덜 의존하면서 분포 변화 자체를 민감하게 감지할 수 있기 때문입니다. 실무에서는 예측 점수, 핵심 피처 값에 대해 기준 기간과 현재 기간을 비교하는 데 사용합니다. 표본 크기가 크면 작은 차이도 유의하게 나올 수 있어 실무 임계치와 함께 해석해야 합니다. 면접에서는 통계적 유의성과 운영적 유의성을 구분해 설명하는 것이 포인트입니다.		KS 테스트(KS Test)	FALSE	A-B 테스트(A-B Testing)	FALSE	KS 테스트(KS Test)	TRUE	카나리 배포(Canary Deployment)	FALSE	mlops	production	ai	monitoring
Q088	컨포멀 예측(Conformal Prediction)		AI / Data / Machine Learning - MLOps / 배포	81	CHOICE	HARD	운영에서 모델이 자신 없는 예측을 걸러 사람이 검토하도록 라우팅하려 한다. 확률 자체의 과신 문제를 줄이면서도 보장된 불확실성 구간이나 신뢰도를 얻고 싶다. 이 목표에 가장 가까운 접근은 무엇인가?	컨포멀 예측은 주어진 가정 하에서 예측 구간이나 집합에 대해 유효한 커버리지를 제공하는 방법입니다. 왜 중요한지로는 불확실성 기반 라우팅과 안전장치 설계에서 이론적 보장을 일부 제공할 수 있기 때문입니다. 실무에서는 캘리브레이션 세트로 비순응도를 계산하고, 목표 커버리지에 맞춰 예측 구간을 산출합니다. 데이터 분포가 변하면 보장이 약해질 수 있어 드리프트 모니터링과 함께 운영해야 합니다. 면접에서는 확률 캘리브레이션과 컨포멀의 차이, 그리고 운영 적용 시 비용과 지연을 설명하면 좋습니다.		컨포멀 예측(Conformal Prediction)	FALSE	단순 레이트 리밋(Rate Limiting)	FALSE	컨포멀 예측(Conformal Prediction)	FALSE	컨포멀 예측(Conformal Prediction)	TRUE	mlops	production	ai	quality
Q089	순차 검정(Sequential Testing)		AI / Data / Machine Learning - MLOps / 배포	81	CHOICE	HARD	카나리 배포 중 KPI를 계속 관찰하다가 좋아 보이면 조기 승격하고, 나빠 보이면 즉시 중단하고 싶다. 하지만 반복적으로 들여다보면 거짓 양성 확률이 커질 수 있다. 이를 통제하는 접근으로 가장 적절한 것은?	순차 검정은 데이터를 누적 관찰하면서도 오류율을 통제하기 위한 통계적 프레임워크입니다. 왜 중요한지로는 카나리에서는 조기 의사결정이 가치가 크지만, 무제한 관찰은 결론을 왜곡하기 때문입니다. 실무에서는 고정 기간 A-B 테스트 대신 순차 방법이나 가드레일 지표를 함께 둡니다. 반복 관찰의 문제를 알고 있다는 점 자체가 운영 성숙도를 보여줍니다. 면접에서는 통계적 엄밀성과 운영 속도의 트레이드오프를 어떻게 잡는지 질문이 나올 수 있습니다.		카나리 배포(Canary Deployment)	TRUE	섀도 배포(Shadow Deployment)	FALSE	순차 검정(Sequential Testing)을 적용해 반복 관찰의 오류율을 통제한다	FALSE	데이터 품질 체크(Data Quality Checks)	FALSE	mlops	production	ai	experiment
Q090	구성 드리프트(Configuration Drift)		AI / Data / Machine Learning - MLOps / 배포	81	CHOICE	HARD	모델은 그대로인데 특정 노드에서만 예측 결과가 달라지거나 지연시간이 튄다. 조사해보니 라이브러리 버전과 환경 변수가 노드마다 다르게 변경되어 있었다. 이 문제를 가장 잘 설명하는 용어는 무엇인가?	구성 드리프트는 시간이 지나면서 서버나 환경 설정이 표준에서 벗어나 서로 달라지는 현상입니다. 왜 중요한지로는 같은 코드라도 환경 차이로 장애가 나면 재현과 원인 분석이 매우 어렵기 때문입니다. 실무에서는 불변 인프라, 이미지 기반 배포, 설정 관리 표준화로 드리프트를 줄입니다. 모델 서빙은 의존 라이브러리가 많아 작은 버전 차이가 결과 차이로 이어질 수 있습니다. 면접에서는 구성 드리프트를 감지하고 막는 방법을 구체적으로 말하면 강점이 됩니다.		모델 드리프트(Model Drift)	FALSE	데이터 드리프트(Data Drift)	TRUE	구성 드리프트(Configuration Drift)	FALSE	컨셉 드리프트(Concept Drift)	FALSE	mlops	production	ai	deployment
Q091	정확히 한 번 처리(Exactly Once)		AI / Data / Machine Learning - MLOps / 배포	81	CHOICE	HARD	스트리밍 기반 실시간 피처 생성 파이프라인에서 중복 이벤트가 섞이면 예측이 불안정해지고, 누락이 생기면 점수가 급락한다. 재시도와 장애 복구가 있는 환경에서 중복 없이 한 번만 반영되는 처리 보장을 원한다. 이 요구에 가장 가까운 처리 보장 의미는 무엇인가?	정확히 한 번 처리는 각 이벤트가 최종 상태에 한 번만 반영되도록 보장하는 의미입니다. 왜 중요한지로는 중복 반영은 피처를 왜곡하고, 누락은 정보 손실로 성능을 해치기 때문입니다. 실무에서는 트랜잭션, 체크포인팅, 아이템포턴시, 원자적 커밋 같은 기법을 조합해 달성합니다. 시스템에 따라 진짜 exactly once가 어렵고, effectively once로 설계하는 경우도 많습니다. 면접에서는 at least once, at most once와의 차이를 정확히 구분해 설명하는 것이 중요합니다.		적어도 한 번 처리(At Least Once)	FALSE	정확히 한 번 처리(Exactly Once)	TRUE	최대 한 번 처리(At Most Once)	FALSE	배치 추론(Batch Inference)	FALSE	mlops	production	ai	architecture
Q092	중복 제거 윈도우(Deduplication Window)		AI / Data / Machine Learning - MLOps / 배포	81	CHOICE	HARD	비동기 추론 요청이 재시도로 중복 제출될 수 있다. 무한히 중복을 기억할 수는 없고, 일정 시간 내 중복만 차단하면 충분하다. 이때 가장 적절한 운영 설계 요소는 무엇인가?	중복 제거 윈도우는 특정 기간 동안만 요청 식별자를 기억해 중복 처리를 막는 설계입니다. 왜 중요한지로는 저장 비용과 중복 방지 효과 사이 균형을 잡아야 하기 때문입니다. 실무에서는 멱등성 키를 저장하고 TTL로 윈도우를 관리합니다. 윈도우가 너무 짧으면 중복을 놓치고, 너무 길면 저장소 부담이 커집니다. 면접에서는 재시도 정책과 사용자 행동 패턴을 근거로 윈도우를 정하는지까지 이어질 수 있습니다.		멱등성 키(Idempotency Key)	FALSE	중복 제거 윈도우(Deduplication Window)를 TTL 기반으로 설계한다	FALSE	서킷 브레이커(Circuit Breaker)	FALSE	중복 제거 윈도우(Deduplication Window)를 TTL 기반으로 설계한다	TRUE	mlops	production	ai	reliability
Q093	GPU 멀티 인스턴스(MIG)		AI / Data / Machine Learning - MLOps / 배포	81	CHOICE	HARD	여러 팀의 모델이 같은 GPU 노드에서 동작한다. 한 서비스가 GPU를 독점하거나 메모리 부족을 일으켜 다른 서비스까지 영향을 준다. GPU를 하드웨어 수준에서 분할해 격리하고 싶을 때 가장 적절한 기술은 무엇인가?	GPU 멀티 인스턴스는 하나의 GPU를 여러 논리 GPU로 분할해 격리하는 기술입니다. 왜 중요한지로는 멀티 테넌시 환경에서 성능 간섭과 장애 전파를 줄일 수 있기 때문입니다. 실무에서는 서비스별로 GPU 슬라이스를 할당해 예측 안정성을 높입니다. 다만 분할로 인해 최대 성능이 제한될 수 있어 워크로드 특성에 맞게 설계해야 합니다. 면접에서는 GPU 스케줄링과 리소스 격리 전략을 함께 설명하면 좋습니다.		로드 밸런서(Load Balancer)	FALSE	GPU 멀티 인스턴스(MIG)	FALSE	서비스(Service)	TRUE	데이터 레이크(Data Lake)	FALSE	mlops	production	ai	scaling
Q094	핫 스왑 서빙(Hot Swap Serving)		AI / Data / Machine Learning - MLOps / 배포	81	CHOICE	HARD	모델 파일이 크고 로딩이 오래 걸려 롤링 업데이트 중 용량 부족이 발생한다. 같은 프로세스에서 새 모델을 미리 로드한 뒤 트래픽만 전환해 다운타임과 스파이크를 줄이고 싶다. 이 접근을 가장 잘 설명하는 것은 무엇인가?	핫 스왑 서빙은 새 모델을 백그라운드로 준비한 뒤 요청 라우팅만 전환하는 방식입니다. 왜 중요한지로는 모델 로딩 시간이 길면 배포 중 처리량이 급감해 장애로 이어질 수 있기 때문입니다. 실무에서는 듀얼 로딩, 워밍업, 준비 상태 전환을 조합해 안정적으로 바꿉니다. 메모리 여유가 필요하고, 전처리와 토크나이저 같은 의존 아티팩트도 함께 교체해야 합니다. 면접에서는 블루그린, 카나리와 비교해 장단점과 적용 조건을 설명하면 좋습니다.		핫 스왑 서빙(Hot Swap Serving)	TRUE	섀도 배포(Shadow Deployment)	FALSE	레이트 리밋(Rate Limiting)	FALSE	데이터 품질 체크(Data Quality Checks)	FALSE	mlops	production	ai	serving
Q095	혼돈 공학(Chaos Engineering)		AI / Data / Machine Learning - MLOps / 배포	81	CHOICE	HARD	피처 조회 서비스가 간헐적으로 느려질 때 모델 API가 어떻게 무너지는지 사전에 검증하고 싶다. 실제 장애 전에 지연, 오류, 네트워크 단절 같은 실패를 의도적으로 주입해 복원력을 점검하려 한다. 이 활동을 무엇이라고 하는가?	혼돈 공학은 실제 운영 환경에 가까운 조건에서 의도적으로 장애를 주입해 시스템의 복원력을 검증하는 접근입니다. 왜 중요한지로는 정상 상황에서의 테스트만으로는 복합 장애를 발견하기 어렵기 때문입니다. 실무에서는 지연 주입, 오류율 증가, 리소스 고갈 같은 실험을 통제된 범위에서 수행합니다. 실험 전에 가드레일 지표와 중단 조건을 명확히 두어 위험을 관리합니다. 면접에서는 혼돈 공학이 단순 장애 유발이 아니라 학습과 개선을 위한 운영 방법론임을 강조하면 좋습니다.		카나리 분석(Canary Analysis)	FALSE	A-B 테스트(A-B Testing)	TRUE	혼돈 공학(Chaos Engineering)	FALSE	피처 스토어(Feature Store)	FALSE	mlops	production	ai	reliability
Q096	프라이버시 보존 로깅(Privacy Preserving Logging)		AI / Data / Machine Learning - MLOps / 배포	81	CHOICE	HARD	예측 감사 로그가 필요하지만, 원문 입력에 개인 정보가 포함될 수 있다. 운영 디버깅 가능성을 유지하면서도 개인 정보 노출을 최소화해야 한다. 가장 적절한 설계는 무엇인가?	프라이버시 보존 로깅은 디버깅과 감사에 필요한 정보만 남기고 민감 정보는 제거하거나 대체하는 설계입니다. 왜 중요한지로는 로그는 접근 범위가 넓고 유출 시 피해가 크기 때문입니다. 실무에서는 마스킹, 토큰화, 해시, 필드 화이트리스트로 저장 범위를 줄입니다. 재현이 필요하면 원문 대신 안전한 식별자와 별도 접근 통제 저장소를 분리합니다. 면접에서는 관측성과 보안의 균형을 어떻게 잡는지 구체적 예로 설명하면 좋습니다.		입력 원문을 그대로 저장해 나중에 마스킹한다	FALSE	민감 필드는 마스킹 또는 토큰화하고 필요한 필드만 구조화 로그로 남긴다	TRUE	디버깅 편의를 위해 로그 접근 권한을 전 직원에게 준다	FALSE	개인 정보가 있어도 캐시에 키로 그대로 넣는다	FALSE	mlops	production	ai	security
Q097	라인리지 표준(OpenLineage)		AI / Data / Machine Learning - MLOps / 배포	81	CHOICE	HARD	어떤 모델이 어떤 데이터셋과 어떤 파이프라인 실행에서 만들어졌는지 자동으로 추적하고 싶다. 데이터 거버넌스와 감사 요구가 있어 표준화된 계보 이벤트를 수집하려 한다. 이때 가장 적절한 키워드는 무엇인가?	라인리지 표준은 작업 실행과 데이터 입출력 관계를 이벤트로 남겨 계보를 자동 수집하게 합니다. 왜 중요한지로는 수작업 문서화는 누락되기 쉽고, 감사 대응 시 신뢰도가 떨어지기 때문입니다. 실무에서는 파이프라인 오케스트레이터와 메타데이터 저장소를 연동해 계보를 축적합니다. 계보가 있으면 성능 회귀 시 어떤 데이터 변경이 영향을 줬는지 추적이 빨라집니다. 면접에서는 모델 계보와 데이터 계보를 함께 관리하는 이유를 설명하면 좋습니다.		모델 레지스트리(Model Registry)	FALSE	OpenLineage 같은 라인리지 표준 이벤트를 수집해 계보를 자동화한다	FALSE	SBOM을 생성해 라이브러리 목록만 관리한다	FALSE	OpenLineage 같은 라인리지 표준 이벤트를 수집해 계보를 자동화한다	TRUE	mlops	production	ai	governance
Q098	어드미션 컨트롤러(Admission Controller)		AI / Data / Machine Learning - MLOps / 배포	81	CHOICE	HARD	조직 정책상 서명된 이미지와 SBOM이 있는 산출물만 클러스터에 배포할 수 있어야 한다. 개발자가 규칙을 어기면 배포 단계에서 자동으로 차단되어야 한다. 쿠버네티스에서 이를 강제하는 대표 메커니즘은 무엇인가?	어드미션 컨트롤러는 클러스터에 리소스가 생성되기 전에 정책을 검사하고 허용 여부를 결정합니다. 왜 중요한지로는 사람 실수나 우회로를 막고 공급망 보안을 시스템적으로 강제할 수 있기 때문입니다. 실무에서는 서명 검증, 레지스트리 허용 목록, 취약점 기준 같은 정책을 적용합니다. CI 단계에서만 검사하면 운영에 직접 반영되는 우회 배포를 막기 어렵습니다. 면접에서는 정책 강제 지점이 빌드와 런타임 모두에 필요하다는 점을 설명하면 좋습니다.		어드미션 컨트롤러(Admission Controller)로 서명과 SBOM 정책을 강제한다	TRUE	로드 밸런서(Load Balancer)로 정책을 강제한다	FALSE	레이트 리밋(Rate Limiting)으로 서명 검증을 대체한다	FALSE	캐시(Cache) TTL을 늘려 보안 위험을 줄인다	FALSE	mlops	production	ai	security
Q099	섀도 트래픽 편향(Shadow Traffic Bias)		AI / Data / Machine Learning - MLOps / 배포	81	CHOICE	HARD	섀도 배포로 새 모델을 검증했는데, 실제 롤아웃 후 성능이 기대보다 나쁘다. 섀도 환경에서는 응답이 사용자에게 반영되지 않아 사용자 행동이 달라질 수 있다. 이 문제를 가장 잘 설명하는 리스크는 무엇인가?	섀도 트래픽 편향은 섀도에서 측정한 결과가 실제 적용 시의 피드백 루프를 반영하지 못하는 문제입니다. 왜 중요한지로는 추천, 랭킹 같은 시스템은 모델이 보여준 결과가 다시 데이터와 행동을 바꾸기 때문입니다. 실무에서는 섀도로 시스템 안정성과 지연은 검증하되, KPI 평가는 A-B 테스트로 보완하는 경우가 많습니다. 또한 섀도 경로의 피처 계산과 라우팅이 실제와 동일해야 측정이 의미가 있습니다. 면접에서는 섀도, 카나리, A-B의 목적 차이를 정확히 구분해 답하는 것이 포인트입니다.		데이터 드리프트(Data Drift)	FALSE	섀도 트래픽 편향(Shadow Traffic Bias)	TRUE	구성 드리프트(Configuration Drift)	FALSE	오토스케일링(Autoscaling)	FALSE	mlops	production	ai	experiment
Q100	변경 승인 워크플로우(Change Approval Workflow)		AI / Data / Machine Learning - MLOps / 배포	81	CHOICE	HARD	고위험 도메인에서 모델 교체는 규정 준수 대상이다. 배포 전에 책임자 승인과 근거 기록이 남아야 하며, 누가 언제 무엇을 승인했는지 추적되어야 한다. 이 요구를 만족시키는 운영 설계로 가장 알맞은 것은?	변경 승인 워크플로우는 모델이나 설정 변경을 배포 전에 검토하고 승인 이력을 남기는 절차입니다. 왜 중요한지로는 사고 시 책임 추적과 규정 준수 증빙이 필요하기 때문입니다. 실무에서는 모델 레지스트리 단계 승격, 4 eyes 원칙, 승인 로그, 티켓 연동을 조합합니다. 승인만으로 끝내지 않고 배포 산출물과 계보, 테스트 결과가 연결되어야 감사가 가능합니다. 면접에서는 거버넌스가 개발 속도를 늦추는 것이 아니라 위험을 통제하는 장치라는 관점을 설명하면 좋습니다.		섀도 배포만 하면 규정 준수가 자동으로 충족된다	FALSE	A-B 테스트 결과만 저장하면 승인이 필요 없다	FALSE	변경 승인 워크플로우와 승인 로그를 레지스트리 및 배포 파이프라인에 연동한다	TRUE	최신 태그 latest로 배포하면 추적이 쉬워진다	FALSE	mlops	production	ai	governance
Q101	안정성 게이트(Stability Gate)		AI / Data / Machine Learning - MLOps / 배포	81	CHOICE	HARD	카나리 배포에서 새 모델의 오류율과 p95 지연시간은 정상인데, GPU 메모리 사용률이 서서히 증가해 몇 시간 후 OOM으로 장애가 난다. 이런 유형을 조기에 차단하려면 배포 승격 조건에 무엇을 포함하는 게 가장 적절한가?	안정성 게이트는 배포 승격 전에 장기적으로 악화되는 지표까지 포함해 안전을 보장하는 운영 규칙입니다. 왜 중요한지로는 단기 지표만 보면 메모리 누수 같은 느린 장애를 놓칠 수 있기 때문입니다. 실무에서는 오류율과 지연시간뿐 아니라 메모리, 파일 디스크립터, 큐 길이 같은 리소스 추세를 함께 본다. 특히 GPU는 OOM이 나면 프로세스가 즉시 죽을 수 있어 누수 조기 감지가 중요합니다. 면접에서는 어떤 지표를 가드레일로 두고 얼마나 관찰한 뒤 승격하는지 논리적으로 설명하면 좋습니다.		오류율과 p95만 보고 바로 승격한다	FALSE	리소스 사용량의 추세 예 GPU 메모리 증가율 같은 장기 지표를 승격 게이트에 포함한다	TRUE	새 모델이니까 캐시 TTL을 늘려서 부하를 줄인다	FALSE	장애는 어쩔 수 없으니 롤백만 준비한다	FALSE	mlops	production	ai	deployment
Q102	다중 윈도우 SLO 알림(Multi Window Alert)		AI / Data / Machine Learning - MLOps / 배포	81	CHOICE	HARD	모델 API의 오류율이 5분 동안 급격히 치솟았다가 바로 회복되기도 하고, 6시간 동안 완만하게 악화되기도 한다. 두 유형을 모두 잡으면서 경보 피로를 줄이려면 어떤 경보 전략이 가장 적절한가?	다중 윈도우 알림은 짧은 창과 긴 창을 동시에 평가해 급격한 사고와 느린 악화를 모두 포착합니다. 왜 중요한지로는 단일 창은 한쪽 유형에만 민감하거나 노이즈가 많기 때문입니다. 실무에서는 SLO 번 레이트를 5분 1시간 또는 30분 6시간처럼 조합해 사용합니다. 짧은 창은 빠른 감지, 긴 창은 지속 악화 감지를 맡습니다. 면접에서는 알림 조건을 SLO 관점으로 설명하는지와 노이즈 억제 방법을 함께 말하는지가 포인트입니다.		5분 창 하나로만 알림을 설정한다	FALSE	1시간 평균만 보고 주간 단위로 대응한다	FALSE	짧은 창과 긴 창을 함께 쓰는 다중 윈도우 번 레이트 알림을 설정한다	TRUE	CPU 사용률만 임계치로 설정한다	FALSE	mlops	production	ai	reliability
Q103	점진적 롤아웃(Progressive Delivery)		AI / Data / Machine Learning - MLOps / 배포	81	CHOICE	HARD	새 모델을 1퍼센트 5퍼센트 25퍼센트 100퍼센트로 단계적으로 확대하며, 각 단계마다 자동 검증에 통과해야 다음 단계로 간다. 이 배포 방식을 가장 정확히 부르는 용어는 무엇인가?	점진적 롤아웃은 트래픽을 단계적으로 늘리며 각 단계에서 검증을 수행하는 배포 방식입니다. 왜 중요한지로는 한 번에 전체 전환하면 회귀가 크게 터질 수 있기 때문입니다. 실무에서는 카나리 배포와 함께 자동 분석과 승격 정책을 묶어 운영합니다. 단계별로 가드레일 지표와 KPI를 분리해 보는 것이 일반적입니다. 면접에서는 카나리와 점진적 롤아웃의 관계를 설명하고, 자동 승격 실패 시 롤백까지 연결하면 좋습니다.		블루그린 배포(Blue Green Deployment)	FALSE	점진적 롤아웃(Progressive Delivery)	TRUE	배치 추론(Batch Inference)	FALSE	섀도 배포(Shadow Deployment)	FALSE	mlops	production	ai	deployment
Q104	트레이싱 샘플링(Tracing Sampling)		AI / Data / Machine Learning - MLOps / 배포	81	CHOICE	HARD	분산 트레이싱을 모든 요청에 적용하니 비용이 급증하고 저장소가 포화된다. 그런데 장애 조사에 필요한 대표성과 재현성은 유지하고 싶다. 가장 합리적인 해결책은 무엇인가?	트레이싱 샘플링은 모든 요청을 추적하지 않고 일부만 선택해 추적하는 비용 최적화 전략입니다. 왜 중요한지로는 전수 트레이싱은 비용이 매우 크고, 고트래픽 모델 API에서는 유지가 어렵기 때문입니다. 실무에서는 기본은 낮은 비율로 샘플링하고, 오류 응답이나 느린 요청은 100퍼센트로 올리는 적응형 샘플링을 씁니다. 상관관계 ID를 유지하면 샘플링된 트레이스와 로그를 연결할 수 있습니다. 면접에서는 비용과 관측성의 균형을 구체적 정책으로 설명하면 좋습니다.		트레이싱을 완전히 끈다	FALSE	모든 요청에 트레이싱을 유지하되 저장 기간만 줄인다	FALSE	적응형 트레이싱 샘플링을 적용해 오류 느린 요청은 더 많이 수집한다	TRUE	로그를 문자열로만 남기고 트레이싱은 포기한다	FALSE	mlops	production	ai	observability
Q105	피처 누락 처리(Feature Imputation Policy)		AI / Data / Machine Learning - MLOps / 배포	81	CHOICE	HARD	온라인 피처 스토어 장애로 일부 피처가 누락된다. 지금은 0으로 채워 넣어 예측하고 있는데, 특정 세그먼트에서 오탐이 폭증한다. 운영 안전성을 높이려면 어떤 정책이 가장 적절한가?	피처 누락 처리는 누락 시 어떤 값으로 대체할지와, 언제 예측을 중단하거나 폴백할지를 정하는 정책입니다. 왜 중요한지로는 임의 대체는 모델 입력 분포를 크게 왜곡해 특정 사용자군에 치명적 영향을 줄 수 있기 때문입니다. 실무에서는 피처별 기본값, 누락률 임계치, 세그먼트별 폴백, 품질 플래그 기반 라우팅을 조합합니다. 누락이 심하면 예측 자체를 차단하고 규칙 기반으로 전환하는 것이 더 안전할 수 있습니다. 면접에서는 누락을 단순 처리하지 말고 운영 정책으로 다뤄야 한다는 점을 강조하면 좋습니다.		누락 피처는 항상 0으로 채우면 된다	FALSE	누락률 임계치와 피처별 대체값을 정의하고, 임계치 초과 시 폴백으로 전환한다	TRUE	누락이 있으면 무조건 최신 모델로 업그레이드한다	FALSE	캐시 TTL을 늘려 누락을 없앤다	FALSE	mlops	production	ai	reliability
Q106	피처 서빙 SLA 분리(Feature Serving SLA)		AI / Data / Machine Learning - MLOps / 배포	81	CHOICE	HARD	모델 API의 p95 지연시간이 나빠졌는데, 모델 추론 시간은 그대로다. 원인은 피처 조회 지연이다. 운영에서 원인 격리를 위해 가장 바람직한 SLI 설계는 무엇인가?	원인 격리를 위해서는 모델 추론과 피처 조회의 지연을 분리해 측정해야 합니다. 왜 중요한지로는 전체 지연만 보면 어디가 병목인지 즉시 판단하기 어렵기 때문입니다. 실무에서는 end to end 지연과 함께 feature fetch 지연, preprocess 지연, inference 지연을 각각 SLI로 둡니다. 피처 서비스는 별도의 SLA로 관리하고, 장애 시 폴백 경로를 준비하는 것이 일반적입니다. 면접에서는 관측성 설계가 곧 운영 설계라는 관점을 보여주면 좋습니다.		end to end 지연만 측정하면 충분하다	FALSE	피처 조회 지연과 모델 추론 지연을 분리한 SLI를 정의한다	TRUE	CPU 사용률만 보고 원인을 추정한다	FALSE	모델 버전만 바꾸면 해결된다	FALSE	mlops	production	ai	monitoring
Q107	실험 격리(Experiment Isolation)		AI / Data / Machine Learning - MLOps / 배포	81	CHOICE	HARD	같은 시간에 두 개의 A-B 테스트를 동시에 돌렸더니 결과가 뒤엉켜 해석이 불가능해졌다. 실험이 서로 간섭하지 않도록 설계해야 한다. 가장 적절한 접근은 무엇인가?	실험 격리는 실험 간 간섭을 줄여 인과 해석을 가능하게 하는 설계입니다. 왜 중요한지로는 추천이나 랭킹 시스템은 하나의 변경이 사용자 행동을 바꾸고 다른 실험의 분포까지 바꿀 수 있기 때문입니다. 실무에서는 실험 슬롯, 사용자 단위 버킷팅, 상호 배타적 할당, 또는 팩토리얼 설계를 사용합니다. 단순히 랜덤만 하면 실험이 중첩되어 효과가 섞일 수 있습니다. 면접에서는 실험 설계와 운영 제약을 동시에 고려하는 답을 선호합니다.		사용자에게 두 실험을 모두 노출해 표본을 늘린다	FALSE	실험 슬롯이나 상호 배타적 버킷팅으로 실험을 격리한다	TRUE	실험 기간을 무한히 늘리면 해결된다	FALSE	오프라인 평가만 보면 된다	FALSE	mlops	production	ai	experiment
Q108	모델 카드(Model Card)		AI / Data / Machine Learning - MLOps / 배포	81	CHOICE	HARD	규정 준수와 내부 공유를 위해 모델의 목적, 학습 데이터 특성, 성능, 한계, 편향 위험, 사용 금지 케이스를 문서로 남기려 한다. 가장 적절한 산출물은 무엇인가?	모델 카드는 모델의 의도, 데이터, 평가, 한계, 위험을 표준 템플릿으로 정리한 문서입니다. 왜 중요한지로는 운영에서 오남용을 막고, 책임 있는 사용과 검토를 가능하게 하기 때문입니다. 실무에서는 모델 레지스트리와 연결해 버전별 모델 카드가 함께 관리되도록 합니다. 신규 배포 승인 과정에서 모델 카드가 근거 문서로 쓰이기도 합니다. 면접에서는 단순 성능 지표뿐 아니라 한계와 위험까지 문서화하는 것이 성숙한 운영이라는 점을 강조하면 좋습니다.		SBOM(Software Bill of Materials)	FALSE	모델 카드(Model Card)	TRUE	도커파일(Dockerfile)	FALSE	인그레스(Ingress)	FALSE	mlops	production	ai	governance
Q109	데이터 시트(Data Sheets for Datasets)		AI / Data / Machine Learning - MLOps / 배포	81	CHOICE	HARD	모델이 쓰는 학습 데이터셋에 대해 수집 목적, 수집 방식, 포함된 민감 정보, 대표성, 라벨링 과정, 알려진 편향을 문서화하려 한다. 이때 가장 적절한 문서는 무엇인가?	데이터 시트는 데이터셋의 출처와 특성, 위험을 체계적으로 문서화하는 산출물입니다. 왜 중요한지로는 데이터가 모델의 행동을 결정하고, 편향이나 규제 위험의 핵심이기 때문입니다. 실무에서는 데이터셋 버전과 함께 데이터 시트를 관리해 재현과 감사 대응에 활용합니다. 데이터 시트가 있으면 신규 사용 사례에서 적합성을 빠르게 판단할 수 있습니다. 면접에서는 모델 카드와 데이터 시트를 한 세트로 설명할 수 있으면 좋습니다.		데이터 시트(Data Sheets for Datasets)	TRUE	모델 워밍업(Model Warmup)	FALSE	레이트 리밋(Rate Limiting)	FALSE	롤링 업데이트(Rolling Update)	FALSE	mlops	production	ai	governance
Q110	피처 플래그(Feature Flag)		AI / Data / Machine Learning - MLOps / 배포	81	CHOICE	HARD	모델 교체 없이도 특정 사용자군에만 새 전처리 로직을 켜고 끄며 즉시 되돌릴 수 있어야 한다. 코드 배포와 기능 노출을 분리하는 대표 기법은 무엇인가?	피처 플래그는 배포와 릴리스를 분리해 런타임에 기능을 켜고 끄는 방법입니다. 왜 중요한지로는 모델 운영에서는 빠른 롤백과 안전한 실험이 핵심이기 때문입니다. 실무에서는 세그먼트 기반 플래그와 점진적 롤아웃을 함께 씁니다. 플래그가 늘면 복잡도가 증가하므로 수명 관리와 정리 정책이 필요합니다. 면접에서는 플래그가 품질과 운영 속도를 동시에 높이는 도구라는 점을 설명하면 좋습니다.		피처 플래그(Feature Flag)	TRUE	블루그린 배포(Blue Green Deployment)	FALSE	SBOM(Software Bill of Materials)	FALSE	데이터 계약(Data Contract)	FALSE	mlops	production	ai	deployment
Q111	메트릭 카디널리티 폭발(Cardinality Explosion)		AI / Data / Machine Learning - MLOps / 배포	81	CHOICE	HARD	프로메테우스에 userId를 라벨로 붙였더니 메모리 사용량이 폭증하고 질의가 느려졌다. 이 문제를 가장 정확히 설명하는 것은 무엇인가?	카디널리티 폭발은 라벨 조합이 너무 많아져 시계열 개수가 급증하는 문제입니다. 왜 중요한지로는 모니터링 시스템이 저장과 질의 성능을 유지하지 못해 관측성이 오히려 망가질 수 있기 때문입니다. 실무에서는 고카디널리티 값 userId 같은 것은 라벨로 쓰지 않고 로그로 남기거나 샘플링합니다. 라벨은 서비스, 엔드포인트, 상태 코드처럼 제한된 범주로 유지하는 것이 안전합니다. 면접에서는 메트릭과 로그의 역할 분리 관점을 말하면 좋습니다.		카디널리티 폭발(Cardinality Explosion)	TRUE	데이터 드리프트(Data Drift)	FALSE	모델 캘리브레이션(Model Calibration)	FALSE	오토스케일링(Autoscaling)	FALSE	mlops	production	ai	observability
Q112	오토스케일링 흔들림(Autoscaling Thrashing)		AI / Data / Machine Learning - MLOps / 배포	81	CHOICE	HARD	트래픽이 출렁일 때 HPA가 계속 스케일 업 다운을 반복하며 지연시간이 오히려 악화된다. 가장 적절한 완화책은 무엇인가?	오토스케일링 흔들림은 스케일링이 너무 민감하게 반응해 시스템이 안정되지 않는 현상입니다. 왜 중요한지로는 스케일 다운 후 곧바로 스케일 업이 반복되면 캐시 워밍업과 로딩 비용이 누적되기 때문입니다. 실무에서는 스케일 다운 지연, 안정화 윈도우, 목표 지표 스무딩, 최소 파드 수를 조정합니다. 특히 모델 서버는 워밍업이 있어 다운을 급하게 하면 손해가 큽니다. 면접에서는 스케일링 정책을 서비스 특성에 맞게 튜닝하는 감각을 보여주면 좋습니다.		스케일 다운을 지연시키고 안정화 윈도우를 적용한다	TRUE	목표 CPU 임계치를 더 낮춘다	FALSE	모든 요청에 트레이싱을 추가한다	FALSE	레이트 리밋을 제거한다	FALSE	mlops	production	ai	scaling
Q113	수동 승격(Manual Promotion)		AI / Data / Machine Learning - MLOps / 배포	81	CHOICE	HARD	자동 카나리 분석이 애매한 결과를 냈다. 지표는 경계선에 있고, 중요한 고객군 영향이 우려된다. 운영 관점에서 가장 합리적인 의사결정은 무엇인가?	수동 승격은 자동 기준만으로 결론이 나지 않을 때 사람이 추가 신호를 보고 단계 진행을 결정하는 방식입니다. 왜 중요한지로는 KPI가 애매할 때 자동화가 오히려 위험한 결정을 내릴 수 있기 때문입니다. 실무에서는 자동 가드레일은 엄격하게 두고, 승격은 수동으로 두는 조직도 많습니다. 이때 결정 근거와 관찰 기간, 사용자군별 영향 분석이 남아야 합니다. 면접에서는 자동화와 인간 판단의 경계 설계를 어떻게 하는지 질문이 나올 수 있습니다.		자동으로 무조건 승격한다	FALSE	자동 기준이 애매하면 즉시 전체 롤백한다	FALSE	핵심 고객군 영향 분석을 포함해 수동 승격으로 전환한다	TRUE	성능은 무시하고 최신 모델로 갈아탄다	FALSE	mlops	production	ai	governance
Q114	그레이 릴리스(Gray Release)		AI / Data / Machine Learning - MLOps / 배포	81	CHOICE	HARD	특정 지역이나 내부 직원 트래픽에만 먼저 새 모델을 적용해 안정성을 확인한 뒤 전체로 확장하려 한다. 이 방식과 가장 가까운 용어는 무엇인가?	그레이 릴리스는 일부 사용자군에만 기능을 먼저 노출해 위험을 낮추는 배포 전략입니다. 왜 중요한지로는 실제 사용자 트래픽에서만 드러나는 문제를 제한된 범위에서 발견할 수 있기 때문입니다. 실무에서는 내부 사용자, 특정 지역, 특정 세그먼트를 먼저 대상으로 삼습니다. 카나리와 유사하지만 라우팅 기준이 퍼센트가 아니라 그룹 기반인 경우가 많습니다. 면접에서는 카나리, 그레이, 블루그린의 차이를 정확히 설명하면 좋습니다.		섀도 배포(Shadow Deployment)	FALSE	그레이 릴리스(Gray Release)	TRUE	배치 추론(Batch Inference)	FALSE	데이터 레이크(Data Lake)	FALSE	mlops	production	ai	deployment
Q115	회귀 감지(Regression Detection)		AI / Data / Machine Learning - MLOps / 배포	81	CHOICE	HARD	새 모델의 오프라인 AUC는 올랐지만, 프로덕션 KPI는 떨어졌다. 단순 평균 KPI가 아니라 세그먼트별로 악화되는 구간을 자동으로 찾아야 한다. 이때 가장 적절한 운영 접근은 무엇인가?	회귀 감지는 배포 후 성능이 나빠지는 패턴을 조기에 탐지하는 운영 활동입니다. 왜 중요한지로는 전체 평균은 좋아 보여도 특정 세그먼트에서만 큰 피해가 발생할 수 있기 때문입니다. 실무에서는 세그먼트 분해, 슬라이싱 분석, 가드레일 지표를 자동으로 계산합니다. 또한 실험 격리와 라우팅 편향을 통제해야 해석이 가능합니다. 면접에서는 왜 오프라인 개선이 온라인 악화로 이어질 수 있는지 원인 가설을 함께 말하면 좋습니다.		전체 평균 KPI만 보고 판단한다	FALSE	세그먼트 슬라이싱 기반 회귀 감지를 자동화해 악화 구간을 찾는다	TRUE	오프라인 AUC만 믿고 전체 롤아웃한다	FALSE	캐시 TTL을 늘려 KPI를 회복시킨다	FALSE	mlops	production	ai	monitoring
Q116	보정 손실(Calibration Drift)		AI / Data / Machine Learning - MLOps / 배포	81	CHOICE	HARD	확률 기반 의사결정 시스템에서 예측 확률이 점점 과신되며 임계치 정책이 흔들린다. 정확도는 크게 변하지 않아도 운영 정책이 위험해진다. 이 문제를 가장 잘 설명하는 것은 무엇인가?	보정 드리프트는 확률의 의미가 시간이 지나면서 달라져 캘리브레이션이 무너지는 현상입니다. 왜 중요한지로는 임계치 기반 정책은 확률이 신뢰 가능하다는 전제 위에 서 있기 때문입니다. 실무에서는 캘리브레이션 지표와 확률 분포를 모니터링하고, 필요 시 리캘리브레이션을 수행합니다. 정확도만 보면 위험을 놓칠 수 있어 별도 지표가 필요합니다. 면접에서는 운영에서 확률을 어떻게 쓰는지와 연결해 답하면 좋습니다.		데이터 품질 체크(Data Quality Checks)	FALSE	꼬리 지연시간(Tail Latency)	FALSE	보정 드리프트(Calibration Drift)	TRUE	SBOM(Software Bill of Materials)	FALSE	mlops	production	ai	quality
Q117	암묵적 피드백 루프(Feedback Loop)		AI / Data / Machine Learning - MLOps / 배포	81	CHOICE	HARD	추천 모델이 노출한 아이템이 다시 클릭 데이터를 만들고, 그 데이터로 재학습하면서 특정 아이템만 더 노출되는 편향이 강화된다. 이 현상을 가장 정확히 설명하는 용어는 무엇인가?	피드백 루프는 모델 출력이 다시 데이터 생성 과정에 영향을 주는 순환 구조입니다. 왜 중요한지로는 편향이 강화되거나 탐색이 줄어 장기적으로 품질이 나빠질 수 있기 때문입니다. 실무에서는 탐색 정책, 리랜킹, 보정 샘플링, 오프폴리시 평가 등을 도입해 완화합니다. 섀도 배포에서는 이 루프가 반영되지 않아 KPI 예측이 어긋날 수 있습니다. 면접에서는 피드백 루프를 알고 있고 운영에서 통제 전략을 제시하는지가 포인트입니다.		컨셉 드리프트(Concept Drift)	FALSE	암묵적 피드백 루프(Feedback Loop)	TRUE	구성 드리프트(Configuration Drift)	FALSE	오토스케일링(Autoscaling)	FALSE	mlops	production	ai	experiment
Q118	오프폴리시 평가(Off Policy Evaluation)		AI / Data / Machine Learning - MLOps / 배포	81	CHOICE	HARD	추천 정책을 바꾸기 전에 실제로 노출하지 않고도, 과거 로그로 새로운 정책의 성능을 추정하고 싶다. 사용자에게 직접 적용하면 위험하다. 이때 가장 가까운 접근은 무엇인가?	오프폴리시 평가는 과거 로그 데이터를 이용해 다른 정책의 성능을 추정하는 방법군입니다. 왜 중요한지로는 온라인 실험이 위험하거나 비용이 큰 경우 사전 평가로 리스크를 줄일 수 있기 때문입니다. 실무에서는 편향된 로그를 다루기 위해 중요도 가중치 같은 기법을 사용합니다. 데이터 품질과 로그 정책 정보가 없으면 추정이 크게 틀릴 수 있어 기록 설계가 중요합니다. 면접에서는 OPE가 완전 대체가 아니라 온라인 검증을 보완한다는 점을 함께 말하면 좋습니다.		오프폴리시 평가(Off Policy Evaluation)	TRUE	카나리 배포(Canary Deployment)	FALSE	롤링 업데이트(Rolling Update)	FALSE	레디니스 프로브(Readiness Probe)	FALSE	mlops	production	ai	experiment
Q119	설정 기반 라우팅(Config Driven Routing)		AI / Data / Machine Learning - MLOps / 배포	81	CHOICE	HARD	모델 라우팅 규칙을 코드 배포 없이도 즉시 바꿔야 한다. 그런데 규칙 변경이 잦아지며 장애 위험도 커진다. 가장 안전한 운영 설계는 무엇인가?	설정 기반 라우팅은 코드가 아니라 설정으로 라우팅을 제어하는 방식입니다. 왜 중요한지로는 즉시성은 얻지만, 변경 관리가 약하면 사고가 늘 수 있기 때문입니다. 실무에서는 설정 변경도 PR 리뷰, 승인, 롤백, 변경 이력을 갖춘 GitOps 방식으로 운영합니다. 변경은 점진적으로 적용하고, 변경 자체를 메트릭으로 모니터링합니다. 면접에서는 빠른 변경과 안전한 변경을 동시에 달성하는 운영 체계를 설명하면 좋습니다.		설정 변경을 운영자가 서버에서 직접 수정한다	FALSE	설정 변경도 GitOps와 승인 로그, 점진 적용으로 관리한다	TRUE	라우팅은 절대 바꾸지 않고 고정한다	FALSE	latest 태그로만 배포하면 라우팅이 필요 없다	FALSE	mlops	production	ai	governance
Q120	리플레이 테스트(Traffic Replay)		AI / Data / Machine Learning - MLOps / 배포	81	CHOICE	HARD	온라인 배포 전에 실제 운영 트래픽을 기록해두었다가, 스테이징에서 동일 트래픽을 재생해 새 모델의 지연시간과 오류를 검증하고 싶다. 이 검증 방식의 이름으로 가장 알맞은 것은?	리플레이 테스트는 실제 트래픽을 기록해 재생함으로써 운영과 유사한 부하 조건을 재현하는 방법입니다. 왜 중요한지로는 합성 부하 테스트만으로는 실제 입력 분포와 경로를 재현하기 어렵기 때문입니다. 실무에서는 개인 정보 비식별화와 샘플링, 시드 고정, 동일 피처 버전 사용이 중요합니다. 리플레이로 안정성은 검증할 수 있지만, 피드백 루프가 있는 KPI는 별도 실험이 필요할 수 있습니다. 면접에서는 리플레이의 장단점을 구분해 말하면 좋습니다.		섀도 배포(Shadow Deployment)	FALSE	리플레이 테스트(Traffic Replay)	TRUE	블루그린 배포(Blue Green Deployment)	FALSE	데이터 시트(Data Sheets for Datasets)	FALSE	mlops	production	ai	testing
Q121	모델 서빙(Model Serving)		AI / Data / Machine Learning - MLOps / 배포	81	OX	EASY	모델 서빙은 학습된 모델을 API나 배치 작업 형태로 운영 환경에서 예측에 사용하도록 제공하는 것을 말한다.	모델 서빙은 학습이 끝난 모델을 운영 트래픽에서 사용할 수 있게 배포하고, 요청을 받아 추론 결과를 반환하는 전체 과정을 의미합니다. 왜 중요한지로는 모델이 노트북에서만 잘 돌아가면 비즈니스 가치를 만들지 못하고, 안정적인 서빙이 있어야 실제 서비스에 반영되기 때문입니다. 실무에서는 온라인 추론과 배치 추론을 구분하고, 지연시간과 비용 목표에 맞춰 아키텍처를 선택합니다. 또한 모델 버전 관리와 롤백, 모니터링이 함께 갖춰져야 운영 사고를 줄일 수 있습니다. 면접에서는 서빙 방식 선택 기준과 배포 전략을 함께 설명할 수 있으면 좋습니다.		O	TRUE	X	FALSE					mlops	production	ai	serving
Q122	모델 모니터링(Model Monitoring)		AI / Data / Machine Learning - MLOps / 배포	81	OX	EASY	모델 모니터링은 운영 중인 모델의 지연시간과 오류율뿐 아니라 입력 데이터 분포 변화 같은 품질 신호도 관찰하는 활동이다.	모델 모니터링은 시스템 지표와 모델 품질 지표를 함께 관찰하는 운영 활동입니다. 왜 중요한지로는 서버는 정상이어도 데이터가 변하면 예측 품질이 무너질 수 있어, 단순 인프라 모니터링만으로는 문제를 놓칠 수 있기 때문입니다. 실무에서는 p95 지연시간, 5xx 비율 같은 SLI와 함께 입력 분포, 예측 점수 분포를 봅니다. 라벨이 늦게 들어오는 경우에는 드리프트 지표나 프록시 KPI로 조기 경보를 설계합니다. 면접에서는 무엇을 어떤 주기로 모니터링하는지 구체적으로 말하면 좋습니다.		O	TRUE	X	FALSE					mlops	production	ai	monitoring
Q123	카나리 배포(Canary Deployment)		AI / Data / Machine Learning - MLOps / 배포	81	OX	EASY	카나리 배포는 새 모델을 전체 트래픽에 한 번에 적용하지 않고 일부 트래픽에만 먼저 적용해 위험을 줄이는 방식이다.	카나리 배포는 작은 비율의 트래픽으로 새 버전을 먼저 검증한 뒤 점진적으로 확대하는 배포 전략입니다. 왜 중요한지로는 오프라인 성능이 좋아도 운영 KPI가 나빠질 수 있어, 제한된 범위에서 문제를 먼저 발견해야 하기 때문입니다. 실무에서는 1퍼센트에서 시작해 지표가 안정적이면 10퍼센트, 50퍼센트로 확대하는 식으로 운영합니다. 실패 시 즉시 롤백할 수 있도록 라우팅과 배포 자동화를 함께 구성합니다. 면접에서는 카나리와 블루그린, 섀도의 차이를 구분해 설명하는 질문이 자주 나옵니다.		O	TRUE	X	FALSE					mlops	production	ai	deployment
Q124	롤백(Rollback)		AI / Data / Machine Learning - MLOps / 배포	81	OX	EASY	롤백은 배포 후 문제가 생겼을 때 이전 안정 버전으로 되돌리는 운영 절차를 의미한다.	롤백은 운영 안정성을 위해 반드시 준비해야 하는 핵심 운영 절차입니다. 왜 중요한지로는 모델이나 전처리 변경이 사용자 경험과 비용에 즉시 영향을 주기 때문에, 문제가 생기면 빠르게 원복해야 피해를 최소화할 수 있기 때문입니다. 실무에서는 모델 버전과 함께 설정, 피처 정의, 컨테이너 이미지까지 같은 조합으로 되돌릴 수 있어야 합니다. 또한 롤백 조건을 미리 수치로 정의해 지연 없이 실행되도록 하는 것이 중요합니다. 면접에서는 롤백이 가능한 단위와 재현 가능한 버전 관리 전략을 함께 묻습니다.		O	TRUE	X	FALSE					mlops	production	ai	reliability
Q125	피처 스토어(Feature Store)		AI / Data / Machine Learning - MLOps / 배포	81	OX	EASY	피처 스토어는 학습과 서빙에서 동일한 피처 정의를 재사용하도록 도와 학습 서빙 불일치를 줄이는 데 도움이 된다.	피처 스토어는 피처를 중앙에서 정의하고 관리해 학습과 서빙의 일관성을 높이는 역할을 합니다. 왜 중요한지로는 학습에서는 잘 되는데 운영에서만 성능이 떨어지는 대표 원인 중 하나가 학습 서빙 스큐이기 때문입니다. 실무에서는 오프라인과 온라인 저장소를 분리하거나, 이벤트 타임 기반의 시점 정합성을 보장하는 기능을 함께 둡니다. 다만 피처 스토어를 도입해도 피처 신선도와 지연, 접근 권한 같은 운영 문제가 남을 수 있습니다. 면접에서는 피처 스토어의 장점과 도입 시 비용을 같이 설명하면 좋습니다.		O	TRUE	X	FALSE					mlops	production	ai	data
Q126	모델 레지스트리(Model Registry)		AI / Data / Machine Learning - MLOps / 배포	81	OX	EASY	모델 레지스트리는 모델 버전을 등록하고, 어떤 버전이 스테이징이나 프로덕션인지 같은 상태를 관리하는 데 사용된다.	모델 레지스트리는 모델 산출물을 버전별로 관리하고 배포 단계와 연결하는 중앙 저장소 역할을 합니다. 왜 중요한지로는 어떤 모델이 운영 중인지 명확하지 않으면 장애 대응과 재현이 불가능해지기 때문입니다. 실무에서는 스테이징, 프로덕션 같은 스테이지 승격을 승인 흐름과 연결하기도 합니다. 또한 모델 카드나 평가 결과를 함께 저장해 거버넌스 요구를 충족하는 데도 도움이 됩니다. 면접에서는 아티팩트 저장소와 레지스트리의 차이를 구분해 설명하는 질문이 나올 수 있습니다.		O	TRUE	X	FALSE					mlops	production	ai	governance
Q127	블루그린 배포(Blue Green Deployment)		AI / Data / Machine Learning - MLOps / 배포	81	OX	EASY	블루그린 배포는 기존 환경과 신규 환경을 동시에 준비한 뒤 트래픽을 한 번에 전환하는 방식이다.	블루그린 배포는 두 개의 완전한 환경을 유지해 전환 시점을 명확히 하는 배포 전략입니다. 왜 중요한지로는 배포 과정에서 서비스 중단을 줄이고, 문제가 생기면 스위치백으로 빠르게 복구할 수 있기 때문입니다. 실무에서는 트래픽 전환 전후로 헬스 체크와 핵심 지표를 확인해 안전하게 진행합니다. 모델 서비스에서는 신규 모델 로딩 시간이 길어도 사전에 준비할 수 있어 장점이 있습니다. 면접에서는 카나리와 비교해 비용과 안정성 트레이드오프를 설명하면 좋습니다.		O	TRUE	X	FALSE					mlops	production	ai	deployment
Q128	데이터 드리프트(Data Drift)		AI / Data / Machine Learning - MLOps / 배포	81	OX	EASY	데이터 드리프트는 운영 입력 데이터의 분포가 학습 데이터와 달라지는 현상을 의미한다.	데이터 드리프트는 입력 분포가 바뀌는 현상으로, 모델 품질 저하의 대표 신호입니다. 왜 중요한지로는 모델이 본 적 없는 분포로 들어오면 일반화가 깨지고 예측이 불안정해질 수 있기 때문입니다. 실무에서는 PSI나 KS 테스트, 예측 점수 분포 모니터링으로 조기 탐지를 시도합니다. 다만 입력 분포가 변해도 성능이 유지될 수 있고, 반대로 분포가 비슷해도 성능이 떨어질 수 있어 원인 분석이 필요합니다. 면접에서는 드리프트 유형과 대응 전략을 구분해 설명하면 좋습니다.		O	TRUE	X	FALSE					mlops	production	ai	drift
Q129	멱등성(Idempotency)		AI / Data / Machine Learning - MLOps / 배포	81	OX	EASY	멱등성은 같은 요청을 여러 번 보내도 결과가 한 번 처리한 것과 같도록 만드는 성질이다.	멱등성은 재시도와 중복 요청이 흔한 운영 환경에서 필수에 가까운 성질입니다. 왜 중요한지로는 타임아웃이나 네트워크 문제로 같은 요청이 반복되면 중복 처리로 비용이 폭증하거나 데이터가 오염될 수 있기 때문입니다. 실무에서는 멱등성 키를 저장하고 TTL 윈도우를 두어 중복을 차단합니다. 비동기 추론이나 결제 같은 고비용 작업에서 특히 중요합니다. 면접에서는 멱등성과 재시도 백오프를 함께 설계하는지 확인합니다.		O	TRUE	X	FALSE					mlops	production	ai	reliability
Q130	레이트 리밋(Rate Limiting)		AI / Data / Machine Learning - MLOps / 배포	81	OX	EASY	레이트 리밋은 특정 클라이언트나 전체 시스템이 감당할 수 있는 요청 속도를 넘지 않도록 제한하는 운영 기법이다.	레이트 리밋은 트래픽 폭주를 제어해 장애를 예방하는 대표적인 보호 장치입니다. 왜 중요한지로는 모델 추론은 비용이 크고 스파이크에 약해, 과부하가 오면 지연과 타임아웃이 연쇄적으로 발생할 수 있기 때문입니다. 실무에서는 사용자 단위, API 키 단위, 엔드포인트 단위로 제한을 걸고, 429 응답과 재시도 정책을 함께 설계합니다. 레이트 리밋만으로는 큐 폭증을 막기 어렵기 때문에 백프레셔나 로드 셰딩과 조합하기도 합니다. 면접에서는 어떤 계층에서 적용할지와 기준 설계를 묻습니다.		O	TRUE	X	FALSE					mlops	production	ai	reliability
Q131	학습 서빙 스큐(Training Serving Skew)		AI / Data / Machine Learning - MLOps / 배포	81	OX	EASY	학습과 서빙에서 피처 계산 로직이 달라져 성능이 떨어지는 문제를 학습 서빙 스큐라고 한다.	학습 서빙 스큐는 모델 운영에서 가장 흔하게 나오는 품질 문제 중 하나입니다. 왜 중요한지로는 모델을 바꾸지 않아도 전처리 불일치만으로 성능이 급락할 수 있기 때문입니다. 실무에서는 피처 정의를 단일화하거나, 동일 코드 경로를 재사용하고, 피처 스토어로 일관성을 높입니다. 또한 서빙 환경에서의 누락 피처 처리 방식이 학습과 다르면 예측 분포가 크게 달라질 수 있습니다. 면접에서는 스큐를 어떻게 예방하고 탐지하는지까지 연결 질문이 나옵니다.		O	TRUE	X	FALSE					mlops	production	ai	feature
Q132	섀도 배포(Shadow Deployment)		AI / Data / Machine Learning - MLOps / 배포	81	OX	EASY	섀도 배포는 새 모델에 실제 트래픽을 복제해 보내지만 사용자에게는 결과를 반영하지 않는 검증 방식이다.	섀도 배포는 사용자 영향 없이 안정성과 성능 특성을 관찰하기 위한 운영 기법입니다. 왜 중요한지로는 실제 입력 분포로 지연시간, 오류, 리소스 사용을 검증할 수 있기 때문입니다. 실무에서는 섀도 경로가 본 경로와 동일한 피처 버전과 전처리 로직을 쓰는지 확인해야 합니다. 다만 추천처럼 피드백 루프가 있는 시스템은 섀도만으로 KPI를 평가하기 어렵습니다. 면접에서는 섀도, 카나리, A-B의 목적 차이를 구분해 답하면 좋습니다.		O	TRUE	X	FALSE					mlops	production	ai	testing
Q133	배치 추론(Batch Inference)		AI / Data / Machine Learning - MLOps / 배포	81	OX	EASY	배치 추론은 실시간 API 호출 대신 일정 주기로 데이터를 모아 한 번에 예측을 수행하는 방식이다.	배치 추론은 지연시간보다 비용 효율과 처리량이 중요한 경우에 적합합니다. 왜 중요한지로는 실시간 인프라를 유지하는 비용이 크고, 많은 도메인에서 실시간이 반드시 필요하지 않기 때문입니다. 실무에서는 야간 배치로 추천 후보를 생성하거나, 하루 단위 점수를 계산해 저장해둡니다. 배치에서도 데이터 품질 체크와 재현 가능성이 중요하며, 실패 시 재처리 전략이 필요합니다. 면접에서는 온라인과 배치의 선택 기준을 명확히 말하면 좋은 평가를 받습니다.		O	TRUE	X	FALSE					mlops	production	ai	serving
Q134	오토스케일링(Autoscaling)		AI / Data / Machine Learning - MLOps / 배포	81	OX	EASY	오토스케일링은 트래픽 변화에 따라 인스턴스 수를 자동으로 늘리거나 줄여 처리 용량을 맞추는 기능이다.	오토스케일링은 비용과 안정성을 동시에 노리는 운영 기능입니다. 왜 중요한지로는 모델 트래픽은 시간대별로 변동이 크고, 과소 용량이면 지연과 타임아웃이 늘며 과대 용량이면 비용이 낭비되기 때문입니다. 실무에서는 CPU GPU 사용률뿐 아니라 큐 길이 같은 선행 지표로 확장 정책을 세우기도 합니다. 모델 서버는 워밍업 시간이 길 수 있어 스케일 다운을 너무 공격적으로 하면 오히려 품질이 나빠질 수 있습니다. 면접에서는 어떤 지표를 기준으로 스케일링할지까지 묻습니다.		O	TRUE	X	FALSE					mlops	production	ai	scaling
Q135	CI CD(CI CD)		AI / Data / Machine Learning - MLOps / 배포	81	OX	EASY	CI CD는 코드나 모델 변경을 빌드 테스트 배포까지 자동화해 반복 가능하게 만드는 파이프라인을 의미한다.	CI CD는 MLOps에서 배포 품질을 끌어올리는 핵심 자동화입니다. 왜 중요한지로는 수동 배포는 실수와 편차가 생기기 쉬워 운영 사고의 주요 원인이 되기 때문입니다. 실무에서는 모델 학습 결과를 아티팩트로 저장하고, 검증을 통과한 버전만 스테이징과 프로덕션으로 승격합니다. 또한 서명, 취약점 스캔, 테스트 같은 품질 게이트를 자동화로 묶습니다. 면접에서는 CI CD가 단순 배포 자동화가 아니라 통제와 재현을 위한 체계라는 점을 강조하면 좋습니다.		O	TRUE	X	FALSE					mlops	production	ai	cicd
Q136	SBOM(SBOM)		AI / Data / Machine Learning - MLOps / 배포	81	OX	EASY	SBOM은 배포 산출물에 포함된 라이브러리와 버전 목록을 관리해 취약점 대응을 돕는 문서다.	SBOM은 소프트웨어 구성 요소와 버전 정보를 체계적으로 기록한 문서입니다. 왜 중요한지로는 취약점이 공개됐을 때 우리 시스템이 영향을 받는지 빠르게 확인해야 하기 때문입니다. 실무에서는 컨테이너 이미지 빌드 과정에서 자동으로 SBOM을 생성하고 저장해 추적성을 확보합니다. 모델 서비스는 의존성이 많아 취약점 전파 위험이 커 SBOM의 효과가 큽니다. 면접에서는 서명된 이미지, 스캔, SBOM을 묶어 공급망 보안으로 설명하면 좋습니다.		O	TRUE	X	FALSE					mlops	production	ai	security
Q137	데이터 품질 체크(Data Quality Checks)		AI / Data / Machine Learning - MLOps / 배포	81	OX	EASY	데이터 품질 체크는 입력 데이터의 null 비율이나 값 범위 이상을 자동으로 감지해 운영 문제를 줄이는 데 도움이 된다.	데이터 품질 체크는 파이프라인에서 즉시성 있는 데이터 오류를 잡는 방어선입니다. 왜 중요한지로는 데이터가 깨지면 모델이 정상이어도 결과가 틀어지고, 원인 파악이 늦어질 수 있기 때문입니다. 실무에서는 null 비율, 범위, 타입, 허용 값 목록 같은 규칙을 자동 검증으로 둡니다. 위반 시 경보만 울릴지, 추론을 차단하고 폴백할지 운영 정책이 필요합니다. 면접에서는 드리프트 모니터링과 차이를 구분해 말하면 좋습니다.		O	TRUE	X	FALSE					mlops	production	ai	data
Q138	구조화 로깅(Structured Logging)		AI / Data / Machine Learning - MLOps / 배포	81	OX	EASY	구조화 로깅은 JSON 같은 키 값 형태로 로그를 남겨 검색과 분석을 쉽게 하는 방식이다.	구조화 로깅은 운영 디버깅과 감사 대응에서 매우 유용한 방식입니다. 왜 중요한지로는 모델 버전, 요청 ID, 지연시간 같은 필드를 빠르게 필터링해야 장애 대응 속도가 올라가기 때문입니다. 실무에서는 requestId, modelVersion, latencyMs, statusCode 같은 필드를 표준화합니다. 또한 개인 정보가 로그에 섞이지 않도록 마스킹과 접근 제어를 함께 둬야 합니다. 면접에서는 분산 트레이싱과 함께 관측성 전략으로 자주 묻습니다.		O	TRUE	X	FALSE					mlops	production	ai	observability
Q139	피처 신선도(Feature Freshness)		AI / Data / Machine Learning - MLOps / 배포	81	OX	EASY	피처 신선도는 추론에 사용되는 피처 값이 얼마나 최신 상태인지와 관련된 개념이다.	피처 신선도는 운영 품질에 직접 영향을 주는 중요한 요소입니다. 왜 중요한지로는 최신 행동이나 상태가 반영되지 않으면 모델이 현실과 어긋난 결정을 내릴 수 있기 때문입니다. 실무에서는 이벤트 지연, 피처 스토어 업데이트 지연, 캐시 TTL을 함께 관리합니다. 신선도 문제는 데이터 드리프트와 달리 파이프라인 지연만으로도 발생할 수 있어 원인 분리가 필요합니다. 면접에서는 신선도를 어떤 지표로 측정하고 경보를 어떻게 설계하는지 질문이 나옵니다.		O	TRUE	X	FALSE					mlops	production	ai	monitoring
Q140	보안 비밀키(Secret) 관리		AI / Data / Machine Learning - MLOps / 배포	81	OX	EASY	API 키나 DB 비밀번호 같은 비밀값은 코드에 하드코딩하지 않고 Secret 관리 시스템을 통해 주입하는 것이 바람직하다.	비밀값을 코드에 넣는 것은 유출 위험이 매우 크기 때문에 운영에서 피해야 합니다. 왜 중요한지로는 저장소에 한 번 올라간 키는 회수하기가 어렵고, 악용되면 데이터 유출과 비용 폭탄으로 이어질 수 있기 때문입니다. 실무에서는 쿠버네티스 Secret, Vault, 클라우드 Secret Manager 같은 시스템을 사용해 런타임에 주입합니다. 또한 로테이션과 접근 권한 최소화 원칙을 함께 적용해야 안전합니다. 면접에서는 Secret 관리와 로테이션을 어떻게 운영하는지까지 이어질 수 있습니다.		O	FALSE	X	TRUE					mlops	production	ai	security
Q141	라이브니스 프로브(Liveness Probe)		AI / Data / Machine Learning - MLOps / 배포	81	OX	EASY	라이브니스 프로브는 프로세스가 정상 동작하는지 확인해, 실패하면 컨테이너를 재시작하도록 돕는다.	라이브니스 프로브는 애플리케이션이 살아 있는지 확인하는 헬스 체크입니다. 왜 중요한지로는 프로세스가 데드락이나 무한 대기 상태에 빠졌을 때 자동 복구가 가능하기 때문입니다. 실무에서는 너무 빡빡한 기준을 잡으면 정상 상황도 재시작을 유발할 수 있어 주의해야 합니다. 보통은 단순하고 안정적인 엔드포인트로 구성합니다. MLOps에서는 모델 서버가 GPU 커널이나 의존 서비스 문제로 멈추는 상황을 빠르게 복구하는 데 유용합니다.		O	TRUE	X	FALSE					mlops	production	ai	reliability
Q142	레디니스 프로브(Readiness Probe)		AI / Data / Machine Learning - MLOps / 배포	81	OX	EASY	레디니스 프로브는 컨테이너가 죽었는지 확인해 실패하면 즉시 재시작시키는 용도다.	레디니스 프로브는 트래픽을 받을 준비가 되었는지 판단하는 체크입니다. 왜 중요한지로는 준비되지 않은 인스턴스에 요청이 들어가면 오류율이 급증할 수 있기 때문입니다. 실패 시에는 보통 로드밸런서 라우팅에서 제외되어 요청이 가지 않게 됩니다. 컨테이너 재시작을 직접 유도하는 역할은 라이브니스 쪽에 가깝습니다. 프로덕션에서는 모델 로딩과 워밍업이 끝난 뒤에만 레디니스가 통과되도록 설계합니다.		O	FALSE	X	TRUE					mlops	production	ai	serving
Q143	모델 버저닝(Model Versioning)		AI / Data / Machine Learning - MLOps / 배포	81	OX	EASY	같은 모델이라도 학습 데이터나 파라미터가 바뀌면 버전을 구분해 추적 가능하게 관리하는 것이 바람직하다.	모델 버저닝은 어떤 모델이 언제 어떤 데이터로 만들어졌는지 추적하는 기본 운영 습관입니다. 왜 중요한지로는 장애나 성능 회귀가 발생했을 때 원인 모델을 정확히 특정해야 하기 때문입니다. 실무에서는 모델 아티팩트뿐 아니라 전처리 코드와 설정도 함께 버전으로 묶습니다. 배포 단위가 명확하면 롤백이 빨라지고 재현성이 좋아집니다. 면접에서는 모델 버전과 데이터 버전을 어떻게 연결하는지까지 자주 물어봅니다.		O	TRUE	X	FALSE					mlops	production	ai	governance
Q144	이미지 태그(latest tag)		AI / Data / Machine Learning - MLOps / 배포	81	OX	EASY	프로덕션 배포에서 latest 태그를 쓰면 항상 동일 산출물이 배포되므로 재현성이 가장 높다.	latest 태그는 시간이 지나면 가리키는 대상이 바뀔 수 있어 재현성이 떨어집니다. 왜 중요한지로는 동일 설정으로 배포했다고 믿었는데 실제로 다른 이미지나 모델이 올라갈 수 있기 때문입니다. 실무에서는 버전 태그나 다이제스트로 고정하는 버전 핀닝을 사용합니다. 재현이 되어야 장애 시점의 상태를 복원할 수 있습니다. MLOps 운영에서는 모델 버전과 이미지 버전을 함께 고정하는 습관이 특히 중요합니다.		O	FALSE	X	TRUE					mlops	production	ai	deployment
Q145	카나리 배포(Canary Deployment)		AI / Data / Machine Learning - MLOps / 배포	81	OX	EASY	카나리 배포는 일부 트래픽으로 새 모델을 먼저 검증해 전체 장애 위험을 줄이는 데 도움이 된다.	카나리 배포는 작은 비율의 트래픽으로 새 버전을 먼저 시험하는 전략입니다. 왜 중요한지로는 오프라인 성능이 좋아도 운영 환경에서 KPI가 나빠질 수 있기 때문입니다. 실무에서는 오류율과 지연시간 같은 시스템 지표와 핵심 KPI를 함께 봅니다. 문제가 있으면 즉시 이전 버전으로 되돌릴 수 있어야 합니다. 프로덕션 MLOps에서는 라우팅 정책과 관측성이 같이 갖춰져야 효과가 큽니다.		O	TRUE	X	FALSE					mlops	production	ai	deployment
Q146	섀도 배포(Shadow Deployment)		AI / Data / Machine Learning - MLOps / 배포	81	OX	EASY	섀도 배포는 실제 운영 트래픽이 아니라 테스트용 합성 데이터만 새 모델에 보내는 방식이다.	섀도 배포는 실제 트래픽을 복제해 새 모델로 흘려보내는 방식이 핵심입니다. 왜 중요한지로는 실제 입력 분포에서 지연시간과 오류를 확인할 수 있기 때문입니다. 다만 사용자에게 결과를 반영하지 않아서 KPI 평가에는 한계가 있을 수 있습니다. 실무에서는 섀도 경로가 본 경로와 같은 전처리와 피처 버전을 쓰는지 확인해야 합니다. 프로덕션에서는 개인정보 처리와 로그 정책도 함께 고려해야 합니다.		O	FALSE	X	TRUE					mlops	production	ai	testing
Q147	관측성(Observability)		AI / Data / Machine Learning - MLOps / 배포	81	OX	EASY	관측성은 로그 메트릭 트레이싱 같은 신호를 통해 시스템 상태를 이해하고 원인을 추적하는 능력과 관련 있다.	관측성은 운영에서 문제를 빨리 발견하고 빨리 고치는 기반입니다. 왜 중요한지로는 모델 서비스는 의존성이 많아 병목 지점을 눈으로 확인해야 하기 때문입니다. 실무에서는 요청 단위 추적을 위해 상관관계 ID를 함께 둡니다. 메트릭은 추세, 로그는 상세 원인, 트레이싱은 경로를 보여준다는 관점이 도움이 됩니다. MLOps에서는 모델 버전과 입력 요약 같은 필드를 함께 남겨야 디버깅이 쉬워집니다.		O	TRUE	X	FALSE					mlops	production	ai	observability
Q148	모델 모니터링(Model Monitoring)		AI / Data / Machine Learning - MLOps / 배포	81	OX	EASY	모델 모니터링은 CPU 사용률만 잘 보면 충분하므로 데이터 분포나 예측 분포는 볼 필요가 없다.	CPU 같은 인프라 지표만으로는 모델 품질 문제를 놓치기 쉽습니다. 왜 중요한지로는 서버는 정상인데 데이터가 변해 예측이 틀릴 수 있기 때문입니다. 실무에서는 입력 분포, 예측 점수 분포, 누락 피처 비율 같은 신호를 함께 봅니다. 라벨이 늦게 들어오면 프록시 지표로 조기 경보를 설계합니다. 프로덕션 운영에서는 시스템 지표와 모델 품질 지표를 함께 보는 것이 기본입니다.		O	FALSE	X	TRUE					mlops	production	ai	monitoring
Q149	데이터 검증(Data Validation)		AI / Data / Machine Learning - MLOps / 배포	81	OX	EASY	추론 전 단계에서 스키마나 값 범위를 검증하면 예측 오류와 운영 사고를 줄이는 데 도움이 된다.	데이터 검증은 운영에서 가장 효과적인 사고 예방 장치 중 하나입니다. 왜 중요한지로는 입력이 깨지면 모델이 정상이어도 결과가 급격히 나빠질 수 있기 때문입니다. 실무에서는 필수 컬럼 존재 여부, 타입, null 비율, 값 범위를 점검합니다. 위반 시 경보만 울릴지, 요청을 차단하고 폴백할지 정책이 필요합니다. MLOps 프로덕션에서는 검증 규칙을 코드나 설정으로 버전 관리하는 것이 좋습니다.		O	TRUE	X	FALSE					mlops	production	ai	data
Q150	피처 스토어(Feature Store)		AI / Data / Machine Learning - MLOps / 배포	81	OX	EASY	피처 스토어를 쓰면 모델 버전 관리가 필요 없어지고 롤백도 자동으로 해결된다.	피처 스토어가 있어도 모델 버전 관리는 여전히 필수입니다. 왜 중요한지로는 모델 아티팩트와 전처리 로직, 설정이 달라지면 결과가 달라지기 때문입니다. 실무에서는 피처 정의의 일관성을 높일 수 있지만, 모델 자체의 변경과 배포는 별도로 통제해야 합니다. 롤백도 어떤 모델 버전과 어떤 피처 버전을 되돌릴지 명확히 해야 안전합니다. 프로덕션에서는 단일 도구가 모든 운영 문제를 해결하지 않는다는 관점을 가져야 합니다.		O	FALSE	X	TRUE					mlops	production	ai	governance
Q151	롤백 리허설(Rollback Drill)		AI / Data / Machine Learning - MLOps / 배포	81	OX	EASY	실제 장애 때만 롤백을 해보면 위험하므로 평소에 롤백 절차를 점검하는 것이 좋다.	롤백 리허설은 운영팀의 대응 속도와 정확도를 높입니다. 왜 중요한지로는 장애 시에는 긴장과 시간 압박으로 실수가 늘기 때문입니다. 실무에서는 스테이징에서 롤백을 정기적으로 실행해 절차를 검증합니다. 롤백이 모델만 바뀌는지, 설정과 피처까지 함께 원복되는지 확인해야 합니다. MLOps 프로덕션에서는 롤백 기준과 실행 권한도 명확히 두는 것이 좋습니다.		O	TRUE	X	FALSE					mlops	production	ai	reliability
Q152	오토스케일링(Autoscaling)		AI / Data / Machine Learning - MLOps / 배포	81	OX	EASY	오토스케일링을 켜면 어떤 상황에서도 지연시간이 항상 줄어들고 장애가 사라진다.	오토스케일링은 도움이 되지만 만능은 아닙니다. 왜 중요한지로는 스케일링 자체에도 워밍업 시간과 리소스 한계가 있어 즉시 효과가 나오지 않을 수 있기 때문입니다. 실무에서는 최소 인스턴스 수, 스케일 다운 지연, 지표 스무딩 같은 튜닝이 필요합니다. 병목이 DB나 피처 서비스라면 스케일링으로 해결되지 않을 수 있습니다. 프로덕션에서는 스케일링과 함께 레이트 리밋, 폴백 같은 보호 장치도 같이 설계합니다.		O	FALSE	X	TRUE					mlops	production	ai	scaling
Q153	A B 테스트(A B Testing)		AI / Data / Machine Learning - MLOps / 배포	81	OX	EASY	A B 테스트는 트래픽을 두 그룹으로 나눠 서로 다른 모델이나 정책의 KPI를 비교하는 실험이다.	A B 테스트는 온라인에서 실제 KPI 차이를 비교하는 대표적인 방법입니다. 왜 중요한지로는 오프라인 지표가 좋아도 사용자 행동과 비즈니스 지표는 다르게 나올 수 있기 때문입니다. 실무에서는 랜덤 버킷팅과 실험 격리를 통해 간섭을 줄입니다. 가드레일 지표로 오류율이나 지연시간도 함께 감시합니다. MLOps 프로덕션에서는 실험 설계와 배포 전략이 함께 움직여야 안전합니다.		O	TRUE	X	FALSE					mlops	production	ai	experiment
Q154	SLO(SLO)		AI / Data / Machine Learning - MLOps / 배포	81	OX	EASY	SLO는 계약 수준의 보장인 SLA와 완전히 같은 의미로, 항상 외부 고객 계약에 명시된다.	SLO는 내부 목표로 쓰는 경우가 많고 SLA와 동일하지 않습니다. 왜 중요한지로는 운영팀이 개선 방향을 잡고 경보 기준을 정할 때 SLO가 기준점이 되기 때문입니다. 실무에서는 SLI를 무엇으로 둘지와 목표치를 얼마나 보수적으로 잡을지가 핵심입니다. SLA는 법적 또는 계약적 책임이 얽혀 더 신중하게 정해집니다. 프로덕션 운영에서는 SLO와 SLA의 차이를 명확히 알고 커뮤니케이션해야 합니다.		O	FALSE	X	TRUE					mlops	production	ai	reliability
Q155	알림 피로(Alert Fatigue)		AI / Data / Machine Learning - MLOps / 배포	81	OX	EASY	알림이 너무 많아지면 중요한 경보를 놓칠 수 있으므로 심각도 분리와 중복 제거 같은 관리가 필요하다.	알림 피로는 운영에서 흔한 문제이며 실제 사고 대응 품질을 떨어뜨립니다. 왜 중요한지로는 사람이 알림을 무시하게 되면 진짜 장애도 놓칠 수 있기 때문입니다. 실무에서는 심각도에 따라 페이지 알림과 채널 알림을 분리합니다. 동일 원인 알림은 중복 제거하고, 번 레이트 같은 방식으로 노이즈를 줄이기도 합니다. MLOps 프로덕션에서는 시스템 지표와 모델 품질 지표의 알림 우선순위를 함께 설계해야 합니다.		O	TRUE	X	FALSE					mlops	production	ai	monitoring
Q156	개인정보 로그(PII Logging)		AI / Data / Machine Learning - MLOps / 배포	81	OX	EASY	디버깅이 편하므로 운영 로그에는 사용자 이메일이나 전화번호를 원문 그대로 남기는 것이 권장된다.	운영 로그에 민감 정보를 원문으로 남기면 유출 위험이 커집니다. 왜 중요한지로는 로그는 접근 범위가 넓고 복사되기 쉬워 사고 시 피해가 커지기 때문입니다. 실무에서는 마스킹, 토큰화, 해시 같은 방식으로 대체합니다. 필요한 경우에도 접근 권한과 보관 기간을 엄격히 통제합니다. 프로덕션 MLOps에서는 감사 로그와 디버그 로그를 분리하고 개인정보 최소화를 지키는 것이 안전합니다.		O	FALSE	X	TRUE					mlops	production	ai	security
Q157	블루그린 배포(Blue Green Deployment)		AI / Data / Machine Learning - MLOps / 배포	81	OX	EASY	블루그린 배포는 기존 환경과 신규 환경을 동시에 두고 전환 시점을 기준으로 트래픽을 바꾸는 방식이다.	블루그린 배포는 두 환경을 유지해 전환을 단순하게 만드는 전략입니다. 왜 중요한지로는 전환이 명확해 롤백도 스위치백으로 빠르게 할 수 있기 때문입니다. 실무에서는 신규 환경을 충분히 워밍업하고 헬스 체크를 통과한 뒤 전환합니다. 다만 두 환경을 유지해야 해서 비용이 더 들 수 있습니다. MLOps 프로덕션에서는 모델 로딩 시간이 긴 경우에도 사전 준비가 가능해 장점이 있습니다.		O	TRUE	X	FALSE					mlops	production	ai	deployment
Q158	드리프트 탐지(Drift Detection)		AI / Data / Machine Learning - MLOps / 배포	81	OX	EASY	드리프트를 감지하려면 항상 정답 라벨이 실시간으로 있어야만 가능하다.	라벨이 없어도 드리프트 신호를 일부 잡을 수 있습니다. 왜 중요한지로는 많은 서비스에서 라벨이 늦게 들어오거나 아예 없을 수 있기 때문입니다. 실무에서는 입력 분포 변화, 예측 점수 분포 변화 같은 라벨 없는 지표를 사용합니다. 물론 라벨이 있으면 성능 회귀를 직접 측정할 수 있어 더 강력합니다. 프로덕션에서는 라벨 기반과 라벨 없는 지표를 함께 조합하는 것이 일반적입니다.		O	FALSE	X	TRUE					mlops	production	ai	monitoring
Q159	서킷 브레이커(Circuit Breaker)		AI / Data / Machine Learning - MLOps / 배포	81	OX	EASY	서킷 브레이커는 의존 서비스가 불안정할 때 요청을 빠르게 차단해 연쇄 장애를 줄이는 데 도움이 된다.	서킷 브레이커는 장애 전파를 막는 대표적인 보호 패턴입니다. 왜 중요한지로는 느린 의존 서비스에 계속 매달리면 큐가 쌓이고 타임아웃이 늘어 전체가 무너질 수 있기 때문입니다. 실무에서는 타임아웃과 재시도 정책과 함께 설계합니다. 서킷이 열리면 폴백 응답을 주거나 제한된 기능으로 전환하는 전략이 필요합니다. MLOps 프로덕션에서는 피처 조회나 외부 API 의존성이 있을 때 특히 효과가 큽니다.		O	TRUE	X	FALSE					mlops	production	ai	reliability
Q160	재시도(Retry)		AI / Data / Machine Learning - MLOps / 배포	81	OX	EASY	재시도는 가능한 한 빠르게 무제한으로 반복할수록 성공률이 높아져 운영에 가장 좋다.	무제한 재시도는 장애를 더 악화시킬 수 있습니다. 왜 중요한지로는 동시에 많은 클라이언트가 재시도하면 트래픽 폭주가 생기기 때문입니다. 실무에서는 지수 백오프와 지터를 넣어 재시도를 분산합니다. 최대 재시도 횟수와 타임아웃을 제한하고, 멱등성도 함께 고려해야 합니다. 프로덕션 MLOps에서는 재시도만 믿지 말고 서킷 브레이커와 폴백으로 복원력을 같이 올리는 것이 좋습니다.		O	FALSE	X	TRUE					mlops	production	ai	reliability
Q161	번 레이트(Burn Rate)		AI / Data / Machine Learning - MLOps / 배포	81	OX	MEDIUM	번 레이트는 오류 예산이 얼마나 빠르게 소진되는지를 나타내며, SLO 기반 경보 설계에 자주 사용된다.	번 레이트는 SLO 관점에서 서비스가 허용된 실패를 얼마나 빨리 소비하고 있는지 보여주는 지표입니다. 왜 중요한지로는 단순 오류율 임계치보다 실제 위험도를 더 잘 반영하기 때문입니다. 실무에서는 5분과 1시간 같은 다중 윈도우 번 레이트를 함께 써서 급격한 장애와 느린 악화를 모두 탐지합니다. 또한 번 레이트가 높을 때는 배포를 멈추거나 롤백 같은 운영 정책과 연결합니다. 면접에서는 SLI SLO SLA의 관계와 함께 번 레이트를 설명하는 문제가 자주 나옵니다.		O	TRUE	X	FALSE					mlops	production	ai	reliability
Q162	학습 서빙 스큐(Training Serving Skew)		AI / Data / Machine Learning - MLOps / 배포	81	OX	MEDIUM	학습 서빙 스큐를 줄이기 위한 한 방법은 오프라인과 온라인에서 피처 계산 로직을 같은 코드 또는 같은 정의로 재사용하는 것이다.	학습 서빙 스큐는 전처리나 피처 계산이 학습과 서빙에서 달라져 성능이 깨지는 문제입니다. 왜 중요한지로는 모델이 바뀌지 않아도 배포 후 품질이 급락할 수 있기 때문입니다. 실무에서는 피처 스토어를 사용하거나, 전처리 코드를 공통 라이브러리로 분리해 동일 경로를 쓰게 합니다. 또한 시점 정합성까지 같이 챙겨야 미래 정보 누출을 막을 수 있습니다. 면접에서는 스큐의 원인과 예방책을 구체적으로 말하는지 확인합니다.		O	TRUE	X	FALSE					mlops	production	ai	feature
Q163	레디니스 프로브(Readiness Probe)		AI / Data / Machine Learning - MLOps / 배포	81	OX	MEDIUM	레디니스 프로브가 실패하면 해당 파드는 서비스 라우팅에서 제외되며, 반드시 컨테이너 재시작으로 이어지지는 않는다.	레디니스 프로브는 트래픽을 받을 준비가 되었는지 판단하는 체크입니다. 왜 중요한지로는 준비되지 않은 인스턴스에 요청이 들어가면 오류율이 치솟기 때문입니다. 실무에서는 모델 로딩과 워밍업이 끝난 뒤에만 레디니스를 통과시키고, 실패 시에는 라우팅에서 빼서 안전하게 우회합니다. 컨테이너 재시작은 주로 라이브니스 프로브가 담당하는 역할입니다. 면접에서는 두 프로브의 차이를 명확히 구분하는지 자주 물어봅니다.		O	TRUE	X	FALSE					mlops	production	ai	serving
Q164	트레이싱 샘플링(Tracing Sampling)		AI / Data / Machine Learning - MLOps / 배포	81	OX	MEDIUM	분산 트레이싱 비용이 크다면, 오류 응답이나 느린 요청만 더 높은 비율로 수집하는 적응형 샘플링을 적용할 수 있다.	트레이싱은 디버깅에 강력하지만 비용이 커서 전수 수집이 어려운 경우가 많습니다. 왜 중요한지로는 고트래픽 모델 API에서 관측성 비용이 운영 비용을 압박할 수 있기 때문입니다. 실무에서는 기본은 낮은 비율로 샘플링하고, 5xx나 p99 지연 같은 조건에서 샘플링 비율을 올립니다. 이렇게 하면 장애 조사에 필요한 신호는 유지하면서 비용을 줄일 수 있습니다. 면접에서는 메트릭 로그 트레이싱의 역할 분리를 함께 설명하면 좋습니다.		O	TRUE	X	FALSE					mlops	production	ai	observability
Q165	메트릭 카디널리티(Cardinality)		AI / Data / Machine Learning - MLOps / 배포	81	OX	MEDIUM	userId 같은 고카디널리티 값을 메트릭 라벨로 넣으면 시계열 개수가 폭증할 수 있어 보통 피하는 것이 좋다.	메트릭 시스템은 라벨 조합마다 별도 시계열을 생성하기 때문에 고카디널리티 값은 위험합니다. 왜 중요한지로는 저장 공간과 메모리, 질의 성능이 급격히 나빠져 모니터링 자체가 장애가 될 수 있기 때문입니다. 실무에서는 userId는 라벨 대신 로그에 남기고, 메트릭 라벨은 제한된 범주 예 endpoint status_code 정도로 유지합니다. 또한 샘플링이나 집계 전략으로 카디널리티를 제어합니다. 면접에서는 관측성 설계에서 자주 나오는 운영 포인트입니다.		O	TRUE	X	FALSE					mlops	production	ai	observability
Q166	데이터 드리프트(Data Drift)		AI / Data / Machine Learning - MLOps / 배포	81	OX	MEDIUM	데이터 드리프트는 입력 분포 변화만 의미하므로, 예측 점수 분포 변화는 드리프트 관점에서 볼 필요가 없다.	데이터 드리프트는 입력 분포 변화가 핵심이지만, 운영에서는 예측 점수 분포도 중요한 신호가 됩니다. 왜 중요한지로는 입력 전체를 다 보기 어렵거나, 복합 피처 상호작용으로 인해 점수 분포가 먼저 변할 수 있기 때문입니다. 실무에서는 입력 피처와 점수 분포를 함께 모니터링해 드리프트 가능성을 다각도로 봅니다. 점수 분포 변화는 품질 문제의 프록시로 쓰이기도 합니다. 면접에서는 드리프트 탐지에 라벨이 없을 때 무엇을 보는지 묻는 경우가 많습니다.		O	FALSE	X	TRUE					mlops	production	ai	monitoring
Q167	시점 정합성(Point in Time Correctness)		AI / Data / Machine Learning - MLOps / 배포	81	OX	MEDIUM	시점 정합성이 깨지면 학습에서는 성능이 과대평가될 수 있고, 운영에서 성능이 급락하는 원인이 될 수 있다.	시점 정합성은 학습 시점에 실제로 이용 가능했던 정보만 피처로 사용해야 한다는 원칙입니다. 왜 중요한지로는 미래 정보를 섞으면 학습 성능이 비정상적으로 좋아 보이고 운영에서는 재현되지 않기 때문입니다. 실무에서는 이벤트 타임을 기준으로 포인트 인 타임 조인을 수행하고, 레이블 생성 시점과 피처 생성 시점을 명확히 관리합니다. 또한 오프라인 온라인 피처 정의를 단일화하면 누출을 줄일 수 있습니다. 면접에서는 데이터 누출 예시를 들어 설명하는 것이 좋습니다.		O	TRUE	X	FALSE					mlops	production	ai	data
Q168	폴백(Fallback)		AI / Data / Machine Learning - MLOps / 배포	81	OX	MEDIUM	폴백은 의존 서비스 장애나 품질 저하 시, 제한된 기능이나 대체 경로로 서비스를 유지하는 전략이다.	폴백은 완전한 실패 대신 제한된 품질로라도 서비스를 유지하기 위한 운영 전략입니다. 왜 중요한지로는 모델 추론이 실패하면 사용자 경험이 끊길 수 있어, 대체 경로가 있으면 피해를 줄일 수 있기 때문입니다. 실무에서는 규칙 기반 결과, 이전 모델 버전, 캐시된 예측 같은 대안을 둡니다. 폴백이 발동된 비율을 모니터링하면 의존성 문제를 조기에 감지할 수도 있습니다. 면접에서는 폴백 설계가 곧 복원력 설계라는 점을 강조하면 좋습니다.		O	TRUE	X	FALSE					mlops	production	ai	reliability
Q169	레이트 리밋(Rate Limiting)		AI / Data / Machine Learning - MLOps / 배포	81	OX	MEDIUM	레이트 리밋을 적용하면 사용자 요청이 줄어들어도 모델 서비스 비용이 항상 줄어드는 것은 아니다.	레이트 리밋은 과부하를 막는 보호 장치지만 비용 절감이 자동으로 보장되지는 않습니다. 왜 중요한지로는 최소 인스턴스 수나 워밍업 비용, 큐 처리 등으로 인해 비용 구조가 단순히 요청 수에 비례하지 않을 수 있기 때문입니다. 실무에서는 레이트 리밋을 안정성 목적에 두고, 비용 최적화는 오토스케일링과 캐시, 배치 처리 등을 함께 설계합니다. 또한 제한 정책이 너무 공격적이면 사용자 이탈 같은 비즈니스 손실이 생길 수 있습니다. 면접에서는 안정성과 비용을 분리해 사고하는지 평가합니다.		O	TRUE	X	FALSE					mlops	production	ai	reliability
Q170	재시도 백오프(Backoff)		AI / Data / Machine Learning - MLOps / 배포	81	OX	MEDIUM	재시도에 지수 백오프와 지터를 넣으면 동시 재시도 폭주를 완화하는 데 도움이 된다.	지수 백오프는 재시도 간격을 점점 늘려 장애 상황에서 시스템을 더 압박하지 않게 합니다. 왜 중요한지로는 많은 클라이언트가 동시에 재시도하면 트래픽 폭주가 생겨 장애가 확대되기 때문입니다. 지터는 재시도 타이밍을 분산시켜 동시성을 줄입니다. 실무에서는 최대 재시도 횟수와 전체 타임아웃도 함께 제한해야 안전합니다. 면접에서는 재시도와 멱등성, 타임아웃을 하나의 세트로 설계하는지 봅니다.		O	TRUE	X	FALSE					mlops	production	ai	reliability
Q171	멱등성 키(Idempotency Key)		AI / Data / Machine Learning - MLOps / 배포	81	OX	MEDIUM	멱등성 키를 쓰면 동일 요청의 중복 처리를 줄일 수 있지만, 키 저장 기간 TTL 같은 정책도 함께 설계해야 한다.	멱등성은 재시도와 중복 제출이 있는 환경에서 필수에 가깝습니다. 왜 중요한지로는 중복 추론이 비용과 부하를 폭증시키고, 결과 저장이 있다면 데이터 오염까지 유발할 수 있기 때문입니다. 실무에서는 요청 ID를 저장하고 TTL로 중복 제거 윈도우를 만듭니다. TTL이 너무 짧으면 중복을 놓치고, 너무 길면 저장소 부담이 커집니다. 면접에서는 멱등성을 어떻게 구현하는지까지 구체적으로 묻는 경우가 많습니다.		O	TRUE	X	FALSE					mlops	production	ai	reliability
Q172	배치 vs 온라인(Online)		AI / Data / Machine Learning - MLOps / 배포	81	OX	MEDIUM	배치 추론은 지연시간 요구가 낮은 대신, 파이프라인 실패 시 재처리와 데이터 정합성 관리가 중요해진다.	배치 추론은 비용 효율과 처리량이 장점이지만 운영 포인트가 다릅니다. 왜 중요한지로는 배치가 실패하면 그 기간의 결과가 비어 비즈니스 영향이 커질 수 있기 때문입니다. 실무에서는 재처리 전략, 아이템포턴시, 스냅샷 관리로 정합성을 확보합니다. 또한 입력 데이터 기준 시점과 결과 적용 시점을 명확히 해야 합니다. 면접에서는 온라인과 배치의 트레이드오프를 운영 관점에서 설명하면 좋습니다.		O	TRUE	X	FALSE					mlops	production	ai	serving
Q173	알림 라우팅(On Call Routing)		AI / Data / Machine Learning - MLOps / 배포	81	OX	MEDIUM	모든 알림은 같은 채널로 보내는 것이 운영 효율이 가장 높다.	모든 알림을 한 곳으로 모으면 중요 알림이 묻혀 대응이 늦어질 수 있습니다. 왜 중요한지로는 심각도에 따라 즉시 대응이 필요한 경보와 참고용 알림을 분리해야 하기 때문입니다. 실무에서는 페이지 알림과 채널 알림을 분리하고, 서비스 소유팀에 맞춰 라우팅합니다. 또한 중복 알림 억제와 자동 상관관계 분석을 도입해 노이즈를 줄입니다. 면접에서는 알림 피로를 어떻게 줄이는지 자주 묻습니다.		O	FALSE	X	TRUE					mlops	production	ai	monitoring
Q174	구조화 로깅(Structured Logging)		AI / Data / Machine Learning - MLOps / 배포	81	OX	MEDIUM	구조화 로깅을 하면 검색과 집계가 쉬워지지만, 민감 정보가 포함되지 않도록 마스킹과 접근 제어도 필요하다.	구조화 로깅은 운영 분석을 빠르게 해주지만 보안 위험도 같이 커질 수 있습니다. 왜 중요한지로는 로그는 접근 범위가 넓고 복사되기 쉬워 유출 시 피해가 크기 때문입니다. 실무에서는 필드 화이트리스트, 마스킹, 토큰화로 개인정보를 최소화합니다. 또한 보관 기간과 접근 권한을 제한해 리스크를 줄입니다. 면접에서는 관측성과 보안의 균형을 어떻게 잡는지 물을 수 있습니다.		O	TRUE	X	FALSE					mlops	production	ai	security
Q175	모델 카드(Model Card)		AI / Data / Machine Learning - MLOps / 배포	81	OX	MEDIUM	모델 카드는 모델 성능만 기록하면 충분하므로 한계나 사용 금지 케이스는 포함하지 않아도 된다.	모델 카드는 성능뿐 아니라 목적, 데이터, 한계, 위험, 사용 가이드까지 포함하는 문서가 핵심입니다. 왜 중요한지로는 운영에서 오남용을 막고 책임 있는 배포 결정을 내리기 위해서입니다. 실무에서는 편향 위험, 실패 모드, 적합하지 않은 사용 사례를 명시해 커뮤니케이션 비용을 줄입니다. 또한 모델 레지스트리와 연결해 버전별로 관리하면 감사 대응이 쉬워집니다. 면접에서는 모델 카드와 데이터 시트를 구분해 설명할 수 있으면 좋습니다.		O	FALSE	X	TRUE					mlops	production	ai	governance
Q176	공급망 보안(Supply Chain Security)		AI / Data / Machine Learning - MLOps / 배포	81	OX	MEDIUM	SBOM과 이미지 서명은 배포 산출물의 구성 요소와 무결성을 확인해 공급망 보안을 강화하는 데 도움이 된다.	공급망 보안은 외부 라이브러리와 빌드 파이프라인이 공격 표면이 되는 현실에서 중요합니다. 왜 중요한지로는 취약한 의존성이 포함되거나 빌드 과정이 오염되면 운영 시스템 전체가 위험해지기 때문입니다. 실무에서는 SBOM 생성, 취약점 스캔, 이미지 서명, 정책 강제를 함께 적용합니다. 배포 단계에서도 정책을 강제해야 우회 배포를 막을 수 있습니다. 면접에서는 CI 단계와 런타임 단계의 보안 통제를 함께 말하면 좋습니다.		O	TRUE	X	FALSE					mlops	production	ai	security
Q177	데이터 품질 vs 드리프트		AI / Data / Machine Learning - MLOps / 배포	81	OX	MEDIUM	데이터 품질 문제는 스키마 오류나 null 급증 같은 즉각적 이상이고, 드리프트는 분포의 점진적 변화로 보는 것이 보통이다.	데이터 품질과 드리프트는 둘 다 중요하지만 성격이 다릅니다. 왜 중요한지로는 품질 문제는 즉시 장애를 만들 수 있고, 드리프트는 서서히 성능을 갉아먹기 때문입니다. 실무에서는 품질 체크는 하드한 규칙 기반, 드리프트는 통계 기반 지표로 모니터링합니다. 대응도 다르게 설계하며, 품질 위반은 차단이나 폴백으로, 드리프트는 재학습 검토로 이어지는 경우가 많습니다. 면접에서는 두 개념을 구분해서 말하는지 자주 확인합니다.		O	TRUE	X	FALSE					mlops	production	ai	data
Q178	비용 최적화(Cost Optimization)		AI / Data / Machine Learning - MLOps / 배포	81	OX	MEDIUM	GPU 비용을 줄이기 위해 무조건 배치 크기를 최대한 키우면, 지연시간 요구가 있는 온라인 서빙에서도 항상 유리하다.	배치 크기를 키우면 처리량은 좋아질 수 있지만 지연시간이 늘 수 있습니다. 왜 중요한지로는 온라인 서빙은 p95 p99 지연시간 목표가 있어, 처리량 최적화만 하면 사용자 경험이 나빠질 수 있기 때문입니다. 실무에서는 동적 배칭, 마이크로 배칭, 큐 대기시간 상한을 두어 균형을 맞춥니다. 또한 모델과 하드웨어 특성에 따라 최적점이 달라 실측 기반 튜닝이 필요합니다. 면접에서는 처리량과 지연시간의 트레이드오프를 설명하면 좋습니다.		O	FALSE	X	TRUE					mlops	production	ai	scaling
Q179	구성 드리프트(Configuration Drift)		AI / Data / Machine Learning - MLOps / 배포	81	OX	MEDIUM	구성 드리프트를 줄이기 위해 불변 인프라처럼 이미지 기반 배포를 사용하면 노드 간 환경 차이를 줄일 수 있다.	구성 드리프트는 노드마다 라이브러리 버전이나 설정이 달라지는 문제입니다. 왜 중요한지로는 같은 코드인데도 특정 환경에서만 장애가 나 재현이 어려워지기 때문입니다. 실무에서는 불변 인프라, 컨테이너 이미지 고정, GitOps로 설정 변경을 통제합니다. 또한 런타임에 서버에 직접 손대는 운영을 줄이는 것이 효과적입니다. 면접에서는 환경 일관성과 재현성을 어떻게 보장하는지 질문이 나올 수 있습니다.		O	TRUE	X	FALSE					mlops	production	ai	deployment
Q180	모델 워밍업(Model Warmup)		AI / Data / Machine Learning - MLOps / 배포	81	OX	MEDIUM	모델 워밍업은 배포 직후 콜드 스타트로 인한 지연시간 스파이크를 줄이는 데 도움이 될 수 있다.	모델 워밍업은 모델 로딩 후 첫 요청들이 느려지는 콜드 스타트 문제를 완화합니다. 왜 중요한지로는 배포 직후 p99 지연시간이 튀면 SLO 위반으로 이어질 수 있기 때문입니다. 실무에서는 더미 요청으로 그래프 컴파일이나 캐시를 채우고, 레디니스 통과 조건에 워밍업 완료를 포함하기도 합니다. 다만 워밍업 트래픽이 실제와 너무 다르면 효과가 제한될 수 있어 주의가 필요합니다. 면접에서는 워밍업과 레디니스 프로브를 함께 설명하면 좋습니다.		O	TRUE	X	FALSE					mlops	production	ai	serving
Q181	섀도 배포(Shadow Deployment)		AI / Data / Machine Learning - MLOps / 배포	81	OX	MEDIUM	섀도 배포는 사용자에게 결과를 반영하지 않기 때문에, 운영 KPI 영향은 없지만 인프라 비용은 늘 수 있다.	섀도 배포는 본 트래픽을 복제해 새 모델로도 흘려보내는 방식이라 사용자 결과에는 반영되지 않습니다. 왜 중요한지로는 실제 입력 분포로 지연시간, 오류, 리소스 사용을 안전하게 검증할 수 있기 때문입니다. 다만 같은 트래픽을 두 번 처리하게 되어 GPU나 CPU 비용이 증가할 수 있습니다. 실무에서는 샘플링 비율을 조절하거나 특정 구간에만 섀도를 켜서 비용을 제어합니다. 면접에서는 섀도 배포의 장점과 한계를 함께 말하면 좋습니다.		O	TRUE	X	FALSE					mlops	production	ai	testing
Q182	카나리 분석(Canary Analysis)		AI / Data / Machine Learning - MLOps / 배포	81	OX	MEDIUM	카나리 분석에서는 오류율 같은 가드레일 지표뿐 아니라 비용 지표 예 GPU 사용률도 승격 판단에 포함할 수 있다.	카나리 분석은 새 버전을 소량 트래픽에 노출하고 지표를 비교해 승격 여부를 결정합니다. 왜 중요한지로는 성능이 좋아도 비용이 급증하면 운영 관점에서 실패가 될 수 있기 때문입니다. 실무에서는 오류율, 지연시간 외에도 자원 사용량과 단위 요청 비용을 가드레일로 둡니다. 특히 모델은 동일 KPI라도 추론 비용이 크게 달라질 수 있어 비용 가드레일이 유용합니다. 면접에서는 기술 지표와 비즈니스 제약을 함께 보는지 확인합니다.		O	TRUE	X	FALSE					mlops	production	ai	deployment
Q183	단위 비용(Cost per Request)		AI / Data / Machine Learning - MLOps / 배포	81	OX	MEDIUM	동일한 지연시간과 오류율을 만족해도, 요청당 비용이 급증하면 운영에서는 롤백이나 최적화를 고려할 수 있다.	프로덕션에서는 품질뿐 아니라 비용도 핵심 목표입니다. 왜 중요한지로는 모델이 서비스에 들어가면 트래픽이 곧 비용이 되기 때문에, 작은 변화가 큰 비용 차이를 만들 수 있기 때문입니다. 실무에서는 요청당 GPU 시간, 토큰 수, 캐시 히트율 같은 지표로 단위 비용을 추적합니다. 비용이 튀면 배치, 캐시, 모델 경량화, 라우팅 조정 등을 검토합니다. 면접에서는 비용 지표를 운영 KPI로 두는지 묻는 경우가 많습니다.		O	TRUE	X	FALSE					mlops	production	ai	scaling
Q184	동적 배칭(Dynamic Batching)		AI / Data / Machine Learning - MLOps / 배포	81	OX	MEDIUM	동적 배칭은 처리량을 높일 수 있지만, 배칭 대기 시간 때문에 p95 지연시간이 나빠질 수 있어 상한 제어가 필요하다.	동적 배칭은 여러 요청을 모아 한 번에 추론해 GPU 활용률을 높이는 기법입니다. 왜 중요한지로는 비용을 줄이고 처리량을 늘릴 수 있기 때문입니다. 하지만 요청을 모으는 동안 큐 대기 시간이 생겨 지연시간이 늘 수 있습니다. 실무에서는 최대 대기 시간, 최대 배치 크기 같은 상한을 두어 p95 목표를 지킵니다. 면접에서는 처리량과 지연시간의 트레이드오프를 운영 정책으로 설명하면 좋습니다.		O	TRUE	X	FALSE					mlops	production	ai	serving
Q185	콜드 스타트(Cold Start)		AI / Data / Machine Learning - MLOps / 배포	81	OX	MEDIUM	모델 서버의 콜드 스타트는 보통 첫 요청 지연시간이 튀는 형태로 나타나며, 레디니스와 워밍업으로 완화할 수 있다.	콜드 스타트는 모델 로딩, 그래프 컴파일, 캐시 미스 같은 이유로 첫 요청이 느려지는 현상입니다. 왜 중요한지로는 배포 직후나 스케일 아웃 직후에 SLO 위반이 발생하기 쉽기 때문입니다. 실무에서는 워밍업 요청을 수행하고, 레디니스 통과 조건에 워밍업 완료를 포함합니다. 또한 최소 파드 수를 유지해 스케일 다운으로 인한 반복 콜드 스타트를 줄이기도 합니다. 면접에서는 콜드 스타트 완화 전략을 구체적으로 물을 수 있습니다.		O	TRUE	X	FALSE					mlops	production	ai	reliability
Q186	로그 샘플링(Log Sampling)		AI / Data / Machine Learning - MLOps / 배포	81	OX	MEDIUM	고트래픽 환경에서는 디버그 로그를 전수 저장하는 대신 샘플링을 적용해 비용을 줄일 수 있으며, 오류 로그는 우선적으로 보존하는 전략이 일반적이다.	로그는 운영에 필수지만 과도하면 저장 비용과 검색 성능이 문제됩니다. 왜 중요한지로는 로그가 너무 많으면 정작 필요한 정보가 묻히고 시스템 비용이 증가하기 때문입니다. 실무에서는 INFO DEBUG는 샘플링하거나 기간을 짧게 두고, ERROR는 우선 보존합니다. 요청 ID를 남겨 샘플링된 로그와 트레이스를 연결하면 조사에 도움이 됩니다. 면접에서는 비용과 관측성의 균형 설계를 말할 수 있으면 좋습니다.		O	TRUE	X	FALSE					mlops	production	ai	observability
Q187	개인정보 최소화(Data Minimization)		AI / Data / Machine Learning - MLOps / 배포	81	OX	MEDIUM	모델 입력이나 로그에 필요한 최소한의 정보만 포함시키는 원칙은 보안과 규정 준수 측면에서 도움이 된다.	개인정보 최소화는 운영과 컴플라이언스에서 중요한 원칙입니다. 왜 중요한지로는 유출 사고가 났을 때 피해 범위를 줄이고, 법적 리스크를 낮추기 때문입니다. 실무에서는 원문 PII를 마스킹하거나 토큰화하고, 접근 권한과 보관 기간을 제한합니다. 학습 데이터와 운영 로그의 기준이 다를 수 있으므로 정책을 분리해 정의하는 경우도 많습니다. 면접에서는 관측성 확보와 개인정보 보호의 균형을 설명하면 좋습니다.		O	TRUE	X	FALSE					mlops	production	ai	security
Q188	구성 변경 통제(Change Control)		AI / Data / Machine Learning - MLOps / 배포	81	OX	MEDIUM	프로덕션 라우팅 규칙을 서버에서 직접 수정하면 빠르지만, 변경 이력과 롤백이 어려워 사고 위험이 커질 수 있다.	운영에서 빠른 변경은 장점이지만 통제가 없으면 사고가 늘기 쉽습니다. 왜 중요한지로는 라우팅이나 임계치 같은 설정은 작은 오타도 대규모 장애로 이어질 수 있기 때문입니다. 실무에서는 GitOps나 PR 기반 변경으로 리뷰와 이력을 남기고, 롤백을 쉽게 만듭니다. 변경 자체를 이벤트로 기록하고 알림을 연결하면 추적성이 좋아집니다. 면접에서는 변경 관리의 중요성을 운영 경험처럼 설명하면 좋은 인상을 줍니다.		O	TRUE	X	FALSE					mlops	production	ai	governance
Q189	A B 테스트 가드레일(Guardrail Metrics)		AI / Data / Machine Learning - MLOps / 배포	81	OX	MEDIUM	A B 테스트에서는 핵심 KPI만 보면 되므로, 오류율이나 지연시간 같은 가드레일 지표는 굳이 볼 필요가 없다.	핵심 KPI가 좋아도 시스템 안정성이 나빠지면 운영에서는 실패입니다. 왜 중요한지로는 지연시간이 증가하거나 오류율이 높아지면 사용자 경험이 악화되고 장기 KPI도 흔들릴 수 있기 때문입니다. 실무에서는 KPI와 함께 오류율, p95 지연시간, 비용 같은 가드레일 지표를 반드시 봅니다. 가드레일이 깨지면 실험을 중단하거나 롤백을 트리거하기도 합니다. 면접에서는 실험 설계에서 안전장치를 어떻게 두는지 자주 묻습니다.		O	FALSE	X	TRUE					mlops	production	ai	experiment
Q190	실험 격리(Experiment Isolation)		AI / Data / Machine Learning - MLOps / 배포	81	OX	MEDIUM	동시에 여러 실험을 돌릴 때 사용자 버킷을 겹치게 하면 표본이 커져 항상 더 좋은 결론을 얻을 수 있다.	실험 버킷이 겹치면 실험 효과가 섞여 해석이 어려워질 수 있습니다. 왜 중요한지로는 추천이나 랭킹은 한 실험이 사용자 행동을 바꾸고 다른 실험의 분포에도 영향을 주기 때문입니다. 실무에서는 실험 슬롯을 두거나 상호 배타적으로 할당해 간섭을 줄입니다. 경우에 따라 팩토리얼 설계를 쓰기도 하지만, 의도적으로 설계해야 합니다. 면접에서는 실험이 겹칠 때의 위험과 대안을 설명할 수 있으면 좋습니다.		O	FALSE	X	TRUE					mlops	production	ai	experiment
Q191	라벨 지연(Label Delay)		AI / Data / Machine Learning - MLOps / 배포	81	OX	MEDIUM	라벨이 늦게 수집되는 서비스에서는, 즉시 성능 저하를 잡기 위해 프록시 지표 예 입력 분포 변화 같은 신호를 함께 모니터링하는 것이 도움이 된다.	많은 서비스는 정답 라벨이 실시간으로 들어오지 않습니다. 왜 중요한지로는 라벨 기반 성능 지표만 기다리면 장애 탐지가 늦어질 수 있기 때문입니다. 실무에서는 입력 분포, 점수 분포, 누락 피처 비율 같은 프록시 지표로 조기 경보를 설계합니다. 물론 최종 판단은 라벨 기반 평가로 검증하는 것이 안전합니다. 면접에서는 라벨 지연 환경에서 어떤 운영 지표를 쓰는지 질문이 나옵니다.		O	TRUE	X	FALSE					mlops	production	ai	monitoring
Q192	모델 승격(Promotion)		AI / Data / Machine Learning - MLOps / 배포	81	OX	MEDIUM	모델 승격은 단순히 최신 모델로 바꾸는 작업이 아니라, 검증 통과와 승인 흐름을 포함한 운영 절차로 보는 것이 일반적이다.	승격은 배포의 한 단계로, 기준을 통과한 모델만 프로덕션으로 올리는 통제 절차입니다. 왜 중요한지로는 최신이 항상 최선이 아니며, 검증 없이 올리면 사고가 늘기 때문입니다. 실무에서는 자동 분석, 수동 승인, 변경 이력 기록을 묶어 운영합니다. 승격과 함께 롤백 경로도 같은 수준으로 준비되어야 합니다. 면접에서는 배포 자동화와 거버넌스의 균형을 설명하면 좋습니다.		O	TRUE	X	FALSE					mlops	production	ai	governance
Q193	버전 핀닝(Version Pinning)		AI / Data / Machine Learning - MLOps / 배포	81	OX	MEDIUM	이미지 다이제스트나 명시적 버전 태그로 핀닝하면, 동일한 배포 구성이 반복 적용될 때 재현성과 롤백 안정성이 좋아진다.	버전 핀닝은 같은 배포가 항상 같은 산출물을 가리키게 만드는 방법입니다. 왜 중요한지로는 latest 같은 가변 태그는 시간이 지나면 다른 내용을 가리켜 재현이 깨지기 때문입니다. 실무에서는 컨테이너 이미지, 모델 아티팩트, 피처 정의 버전을 함께 고정합니다. 이렇게 해야 장애 시점의 상태를 정확히 복원할 수 있습니다. 면접에서는 핀닝이 왜 필요한지와 어떤 단위를 핀닝하는지 묻는 경우가 많습니다.		O	TRUE	X	FALSE					mlops	production	ai	deployment
Q194	데이터 계약(Data Contract)		AI / Data / Machine Learning - MLOps / 배포	81	OX	MEDIUM	데이터 계약을 정의하면 스키마 변경이나 의미 변화가 있을 때 모델 파이프라인이 갑자기 깨지는 위험을 줄일 수 있다.	데이터 계약은 데이터 제공자와 소비자 사이의 약속으로, 스키마와 의미를 고정하거나 변경 절차를 정합니다. 왜 중요한지로는 상위 시스템의 컬럼 변경 하나로 모델 서빙이 바로 장애가 날 수 있기 때문입니다. 실무에서는 스키마 버전, 호환성 규칙, 변경 알림과 검증을 포함합니다. 계약 위반을 자동 감지하면 배포 사고를 크게 줄일 수 있습니다. 면접에서는 데이터 거버넌스 관점에서 데이터 계약을 설명하면 좋습니다.		O	TRUE	X	FALSE					mlops	production	ai	data
Q195	SLA vs SLO		AI / Data / Machine Learning - MLOps / 배포	81	OX	MEDIUM	SLO는 내부 목표로 운영되는 경우가 많고, SLA는 외부 계약과 보상 책임이 연관될 수 있어 더 보수적으로 설정된다.	SLO와 SLA는 비슷해 보여도 성격이 다릅니다. 왜 중요한지로는 목표 설정이 잘못되면 운영팀이 불가능한 약속을 하게 되거나, 반대로 품질 개선이 동력이 떨어질 수 있기 때문입니다. 실무에서는 SLI를 정하고 내부 SLO로 운영하며, 필요 시 SLA로 확정합니다. SLA는 법적 책임이 있어 변경이 어렵고 신중합니다. 면접에서는 이 차이를 명확히 말하는지 자주 확인합니다.		O	TRUE	X	FALSE					mlops	production	ai	reliability
Q196	로드 셰딩(Load Shedding)		AI / Data / Machine Learning - MLOps / 배포	81	OX	MEDIUM	로드 셰딩은 과부하 상황에서 일부 요청을 의도적으로 거절해 시스템 전체의 붕괴를 막는 전략이다.	로드 셰딩은 전체 장애를 막기 위한 최후 방어선 중 하나입니다. 왜 중요한지로는 모든 요청을 다 처리하려다 큐가 폭증하면 결국 전부 실패하는 상태로 갈 수 있기 때문입니다. 실무에서는 우선순위가 낮은 트래픽을 먼저 제한하거나, 비용이 큰 요청을 거절하는 정책을 둡니다. 레이트 리밋과 달리 순간 과부하 대응에 더 초점을 두는 경우가 많습니다. 면접에서는 과부하 보호 전략을 단계적으로 설명하면 좋습니다.		O	TRUE	X	FALSE					mlops	production	ai	reliability
Q197	서킷 브레이커(Circuit Breaker)		AI / Data / Machine Learning - MLOps / 배포	81	OX	MEDIUM	서킷 브레이커가 열렸을 때는 재시도를 무제한으로 늘려서 의존 서비스를 더 강하게 두드리는 것이 복구에 유리하다.	서킷 브레이커가 열린 상태에서 무제한 재시도는 장애를 악화시키기 쉽습니다. 왜 중요한지로는 의존 서비스가 이미 불안정한데 더 많은 요청을 보내면 회복이 늦어지기 때문입니다. 실무에서는 폴백으로 전환하고, 재시도는 백오프와 제한을 둡니다. 서킷은 일정 시간 후 반개방 상태에서 소량 요청으로 회복 여부를 확인합니다. 면접에서는 서킷 브레이커와 재시도 정책을 함께 설계하는지 봅니다.		O	FALSE	X	TRUE					mlops	production	ai	reliability
Q198	배포 동결(Deployment Freeze)		AI / Data / Machine Learning - MLOps / 배포	81	OX	MEDIUM	번 레이트가 높아 오류 예산이 빠르게 소진 중이면, 신규 배포를 잠시 멈추는 정책이 운영적으로 합리적일 수 있다.	오류 예산은 안정성과 개발 속도의 균형을 잡는 도구입니다. 왜 중요한지로는 이미 품질이 불안정한 상태에서 배포를 계속하면 원인 분석이 어려워지고 장애가 확대될 수 있기 때문입니다. 실무에서는 번 레이트가 특정 임계치를 넘으면 배포 동결을 걸고 안정화 작업을 우선합니다. 이때 동결 해제 조건도 명확히 두어야 운영이 흔들리지 않습니다. 면접에서는 SLO를 운영 정책으로 어떻게 연결하는지 자주 묻습니다.		O	TRUE	X	FALSE					mlops	production	ai	governance
Q199	블라스트 레디우스(Blast Radius)		AI / Data / Machine Learning - MLOps / 배포	81	OX	MEDIUM	블라스트 레디우스는 장애가 영향을 미치는 범위를 의미하며, 카나리나 점진적 롤아웃은 이를 줄이는 데 도움이 된다.	블라스트 레디우스는 장애의 피해 범위를 뜻합니다. 왜 중요한지로는 같은 장애라도 영향 범위가 작으면 고객 피해와 복구 비용이 크게 줄기 때문입니다. 실무에서는 카나리, 그레이 릴리스, 기능 플래그로 단계적으로 노출해 피해를 제한합니다. 테넌트 격리나 지역 단위 라우팅도 블라스트 레디우스를 줄이는 전략입니다. 면접에서는 안전한 배포 전략을 설명할 때 자주 등장합니다.		O	TRUE	X	FALSE					mlops	production	ai	reliability
Q200	모델 라우팅(Model Routing)		AI / Data / Machine Learning - MLOps / 배포	81	OX	MEDIUM	모델 라우팅을 세그먼트별로 다르게 하면 실험과 점진 배포가 쉬워지지만, 라우팅 규칙이 복잡해져 운영 리스크가 커질 수 있다.	라우팅은 실험과 배포를 유연하게 하지만 복잡성이라는 비용이 있습니다. 왜 중요한지로는 규칙 충돌이나 설정 오류가 대규모 장애로 이어질 수 있기 때문입니다. 실무에서는 라우팅 규칙을 버전 관리하고, 변경 승인과 테스트를 거칩니다. 또한 라우팅 결과를 로그로 남겨 디버깅 가능하게 합니다. 면접에서는 유연성과 안정성의 트레이드오프를 어떻게 관리하는지 물을 수 있습니다.		O	TRUE	X	FALSE					mlops	production	ai	deployment
Q201	PSI(Population Stability Index)		AI / Data / Machine Learning - MLOps / 배포	81	OX	HARD	PSI는 입력 분포 변화 감지에 자주 쓰이며, 구간화 방식이나 기준 분포 선택에 따라 값이 민감하게 달라질 수 있다.	PSI는 기준 분포와 현재 분포의 차이를 요약해 드리프트를 감지하는 데 쓰입니다. 왜 중요한지로는 라벨이 없더라도 입력 데이터가 변하는 신호를 빠르게 잡을 수 있기 때문입니다. 실무에서는 버킷을 어떻게 나누는지, 기준 분포를 어떤 기간으로 잡는지에 따라 결과가 달라집니다. 또한 피처 스케일이나 희소한 카테고리 피처에서는 PSI 해석이 더 어렵습니다. 면접에서는 PSI가 만능이 아니라 설계 선택과 해석이 필요하다는 점을 말하면 좋습니다.		O	TRUE	X	FALSE					mlops	production	ai	drift
Q202	KS 테스트(Kolmogorov Smirnov Test)		AI / Data / Machine Learning - MLOps / 배포	81	OX	HARD	KS 테스트는 두 분포가 같은지 검정할 때 사용할 수 있지만, 표본 수가 매우 커지면 작은 차이도 유의하게 나와 운영 경보에 그대로 쓰기엔 주의가 필요하다.	KS 테스트는 분포 차이를 통계적으로 검정하는 방법입니다. 왜 중요한지로는 드리프트를 정량적으로 감지할 수 있는 도구가 되기 때문입니다. 다만 대규모 트래픽에서는 아주 작은 차이도 p값이 작아져 경보가 과도해질 수 있습니다. 실무에서는 효과 크기 기준, 샘플링, 임계치 튜닝을 함께 적용합니다. 면접에서는 통계적 유의성과 운영적 유의성이 다르다는 점을 설명하면 좋습니다.		O	TRUE	X	FALSE					mlops	production	ai	drift
Q203	다중 윈도우 번 레이트(Multi Window Burn Rate)		AI / Data / Machine Learning - MLOps / 배포	81	OX	HARD	5분과 1시간 같은 다중 윈도우 번 레이트를 함께 쓰면, 급격한 장애와 완만한 악화를 동시에 탐지하는 데 도움이 된다.	번 레이트는 오류 예산이 소진되는 속도이며, 다중 윈도우는 서로 다른 시간 스케일의 문제를 잡습니다. 왜 중요한지로는 순간 급락과 장기 악화를 한 임계치로는 놓치기 쉽기 때문입니다. 실무에서는 짧은 윈도우는 페이지 알림, 긴 윈도우는 안정화 알림처럼 라우팅을 다르게 하기도 합니다. 이때 SLI 계산과 집계 지연도 고려해야 합니다. 면접에서는 SLO 경보가 임계치 경보보다 운영에 유리한 이유로 자주 연결됩니다.		O	TRUE	X	FALSE					mlops	production	ai	reliability
Q204	카디널리티 폭발(Cardinality Explosion)		AI / Data / Machine Learning - MLOps / 배포	81	OX	HARD	모델 버전이나 엔드포인트 정도의 라벨은 대체로 안전하지만, requestId 같은 값은 메트릭 라벨로 넣으면 카디널리티 폭발을 유발할 수 있다.	카디널리티는 라벨 조합에 의해 생성되는 시계열 개수와 직결됩니다. 왜 중요한지로는 모니터링 저장소가 폭증하면 관측성 시스템이 먼저 죽을 수 있기 때문입니다. 실무에서는 requestId나 userId 같은 값은 로그에 남기고 메트릭은 저카디널리티 라벨로 제한합니다. 필요하면 로그 기반 메트릭이나 트레이싱으로 보완합니다. 면접에서는 관측성 설계의 함정으로 자주 출제됩니다.		O	TRUE	X	FALSE					mlops	production	ai	observability
Q205	드리프트 vs 성능 저하(Drift vs Performance Regression)		AI / Data / Machine Learning - MLOps / 배포	81	OX	HARD	입력 분포가 변하지 않아도, 라벨 생성 지연이나 정책 변경 같은 이유로 모델 성능이 떨어질 수 있다.	드리프트는 분포 변화의 신호일 뿐 성능 저하의 유일한 원인은 아닙니다. 왜 중요한지로는 운영에서 성능 저하가 보이면 드리프트만 찾다가 원인을 놓칠 수 있기 때문입니다. 실무에서는 라벨 정의 변경, KPI 계산 로직 변경, 사용자 정책 변화 같은 비데이터 요인도 점검합니다. 또한 피드백 루프가 있는 시스템은 분포가 안정적이어도 성능이 흔들릴 수 있습니다. 면접에서는 원인 분석을 넓게 보는지 평가하는 포인트입니다.		O	TRUE	X	FALSE					mlops	production	ai	monitoring
Q206	시점 정합성(Point in Time Correctness)		AI / Data / Machine Learning - MLOps / 배포	81	OX	HARD	시점 정합성이 깨진 학습 데이터는 오프라인 성능을 과대평가할 수 있고, 운영에서는 해당 신호를 재현할 수 없어 품질이 급락할 수 있다.	시점 정합성은 미래 정보 누출을 막는 핵심 원칙입니다. 왜 중요한지로는 학습에서는 미래 피처를 쓸 수 있어 성능이 좋아 보이지만, 운영에서는 사용할 수 없어 성능이 무너집니다. 실무에서는 이벤트 타임 기반 조인, 라벨 타임라인 정의, 피처 스토어의 시점 조회 같은 장치를 둡니다. 누출은 디버깅이 매우 어렵기 때문에 사전에 파이프라인 설계를 엄격히 해야 합니다. 면접에서는 누출 사례를 들어 설명하라는 질문이 자주 나옵니다.		O	TRUE	X	FALSE					mlops	production	ai	data
Q207	블라스트 레디우스(Blast Radius)		AI / Data / Machine Learning - MLOps / 배포	81	OX	HARD	지역 단위 라우팅이나 테넌트 격리는 장애의 블라스트 레디우스를 줄이는 전형적인 전략이다.	블라스트 레디우스는 장애 피해가 번지는 범위를 의미합니다. 왜 중요한지로는 동일 장애라도 영향 범위를 줄이면 전체 서비스 신뢰성이 크게 개선되기 때문입니다. 실무에서는 지역 단위로 격리하거나, 고객군별로 리소스를 분리해 장애 전파를 막습니다. 모델 서비스에서도 특정 세그먼트만 새 모델을 쓰게 하는 방식이 블라스트 레디우스 제어로 이어집니다. 면접에서는 안전한 배포 전략과 함께 자주 등장합니다.		O	TRUE	X	FALSE					mlops	production	ai	reliability
Q208	큐 기반 백프레셔(Queue Backpressure)		AI / Data / Machine Learning - MLOps / 배포	81	OX	HARD	큐 길이가 무한히 늘어나면 지연시간이 폭발하므로, 백프레셔나 로드 셰딩으로 입력을 제한하는 것이 운영적으로 필요할 수 있다.	백프레셔는 시스템이 감당할 수 있는 만큼만 일을 받도록 만드는 전략입니다. 왜 중요한지로는 큐가 무한히 쌓이면 결국 모든 요청이 늦게 실패하게 되어 사용자 경험이 최악이 되기 때문입니다. 실무에서는 큐 길이 상한, 타임아웃, 우선순위 큐, 로드 셰딩을 조합합니다. 모델 서비스는 추론 비용이 커서 큐 폭증이 특히 위험합니다. 면접에서는 레이트 리밋과 백프레셔의 차이를 구분해 설명하면 좋습니다.		O	TRUE	X	FALSE					mlops	production	ai	reliability
Q209	동적 배칭(Dynamic Batching)		AI / Data / Machine Learning - MLOps / 배포	81	OX	HARD	동적 배칭을 적용하면 처리량은 좋아질 수 있지만, 배칭 대기 시간이 늘면 tail latency가 나빠져 SLO 위반으로 이어질 수 있다.	동적 배칭은 GPU 효율을 높여 비용을 줄이는 데 유용합니다. 왜 중요한지로는 모델 서빙에서 처리량과 지연시간이 트레이드오프 관계이기 때문입니다. 실무에서는 최대 대기 시간과 최대 배치 크기를 제한해 p95 p99 목표를 지킵니다. 또한 트래픽 패턴에 따라 배칭 효과가 달라서 실측 기반으로 튜닝합니다. 면접에서는 효율화 기법이 항상 좋은 게 아니라 운영 목표에 맞춰야 한다는 관점을 말하면 좋습니다.		O	TRUE	X	FALSE					mlops	production	ai	serving
Q210	토큰 비용 최적화(Token Cost Optimization)		AI / Data / Machine Learning - MLOps / 배포	81	OX	HARD	LLM 서비스에서는 프롬프트 길이와 출력 토큰이 비용과 지연시간에 직접 영향을 주므로, 캐시나 프롬프트 압축 같은 최적화가 운영 KPI가 될 수 있다.	LLM 기반 서비스는 토큰이 곧 비용과 성능으로 연결됩니다. 왜 중요한지로는 프롬프트가 길어지면 지연시간이 늘고 비용이 급증하기 때문입니다. 실무에서는 프롬프트 템플릿을 표준화하고, 중복 구간을 캐시하거나, 컨텍스트를 요약해 토큰을 줄입니다. 또한 사용량 한도와 레이트 리밋을 함께 설계해 비용 폭주를 막습니다. 면접에서는 LLM 운영에서 비용과 지연의 관계를 명확히 설명하면 좋습니다.		O	TRUE	X	FALSE					mlops	production	ai	scaling
Q211	모델 라우팅(Model Routing)		AI / Data / Machine Learning - MLOps / 배포	81	OX	HARD	세그먼트 기반 라우팅은 실험과 점진 배포에 유리하지만, 규칙 충돌과 설정 오류 위험이 커서 변경 통제와 검증이 중요하다.	라우팅은 유연성을 주지만 복잡성을 증가시킵니다. 왜 중요한지로는 설정 한 줄 실수로 트래픽이 전부 잘못된 모델로 가거나, 특정 고객군이 장애를 겪을 수 있기 때문입니다. 실무에서는 라우팅 규칙을 코드화하고 리뷰와 테스트를 거칩니다. 라우팅 결과를 로그로 남기면 사고 조사에 큰 도움이 됩니다. 면접에서는 운영 리스크를 인지하고 통제 방법을 말하는지 봅니다.		O	TRUE	X	FALSE					mlops	production	ai	deployment
Q212	멱등성(Idempotency)		AI / Data / Machine Learning - MLOps / 배포	81	OX	HARD	멱등성 키를 도입해도, 작업이 비동기 큐로 넘어가면 중복 처리 방지를 위해 소비자 측에서도 중복 제거를 고려해야 한다.	멱등성은 한 계층에서만 해결하면 새 경로에서 다시 깨질 수 있습니다. 왜 중요한지로는 생산자에서 중복을 막아도 네트워크 재전송이나 큐 재전달로 소비자에서 중복이 생길 수 있기 때문입니다. 실무에서는 메시지 ID 기반 중복 제거, 정확히 한 번 처리는 어렵다는 전제 하에 at least once를 안전하게 만들기도 합니다. 특히 추론 결과 저장이나 과금이 걸리면 중복 처리가 치명적입니다. 면접에서는 멱등성의 범위를 엔드투엔드로 보는지 확인합니다.		O	TRUE	X	FALSE					mlops	production	ai	reliability
Q213	아웃 오브 오더 이벤트(Out of Order Events)		AI / Data / Machine Learning - MLOps / 배포	81	OX	HARD	스트리밍 피처를 만들 때 이벤트가 늦게 도착하거나 순서가 뒤바뀌면, 집계 피처가 잘못 계산될 수 있어 워터마크 같은 처리가 필요할 수 있다.	스트리밍 환경에서는 이벤트가 순서대로 오지 않는 것이 일반적입니다. 왜 중요한지로는 집계 피처가 잘못되면 추론 품질이 떨어지고, 원인 찾기도 어렵기 때문입니다. 실무에서는 이벤트 타임 기반 처리와 워터마크를 사용해 지연 이벤트를 관리합니다. 지연 허용 범위를 정하지 않으면 무한히 기다리게 되고, 너무 짧으면 정확도가 떨어집니다. 면접에서는 실시간 피처 파이프라인의 함정으로 자주 나옵니다.		O	TRUE	X	FALSE					mlops	production	ai	data
Q214	데이터 계약(Data Contract)		AI / Data / Machine Learning - MLOps / 배포	81	OX	HARD	데이터 계약을 두어도, 의미적 변경 예 단위 변화나 라벨 정의 변경은 스키마 검증만으로는 놓칠 수 있어 별도 검증이 필요하다.	스키마가 같아도 의미가 달라지면 모델은 크게 흔들릴 수 있습니다. 왜 중요한지로는 컬럼 이름과 타입이 그대로인데 값의 의미가 바뀌면 자동 검증이 통과해도 품질이 망가질 수 있기 때문입니다. 실무에서는 통계적 프로파일, 범위, 분포, 도메인 룰로 의미 변화를 탐지하려 합니다. 또한 변경 공지와 승인 절차를 데이터 계약에 포함시키는 것이 효과적입니다. 면접에서는 스키마 검증의 한계를 이해하는지 평가합니다.		O	TRUE	X	FALSE					mlops	production	ai	data
Q215	SLI 정의(SLI Definition)		AI / Data / Machine Learning - MLOps / 배포	81	OX	HARD	SLI를 평균 지연시간만으로 정의하면 tail latency 문제를 놓칠 수 있어, p95 같은 분위수를 함께 보는 경우가 많다.	평균은 일부 매우 느린 요청의 영향을 희석할 수 있습니다. 왜 중요한지로는 사용자 경험은 대개 tail latency에 의해 결정되기 때문입니다. 실무에서는 p95 p99 지연시간을 SLI로 두고 SLO를 설정합니다. 또한 엔드포인트별로 SLI를 분리해 병목을 더 빨리 찾습니다. 면접에서는 왜 평균이 위험한지와 어떤 지표를 쓰는지 묻는 경우가 많습니다.		O	TRUE	X	FALSE					mlops	production	ai	reliability
Q216	오류 예산(Error Budget)		AI / Data / Machine Learning - MLOps / 배포	81	OX	HARD	오류 예산은 품질이 불안정할 때 배포 속도를 늦추는 근거가 될 수 있으며, 안정화 작업과 제품 개발 속도의 균형을 잡는 도구로 쓰인다.	오류 예산은 SLO를 운영 의사결정과 연결하는 장치입니다. 왜 중요한지로는 안정성이 나쁠 때도 계속 배포하면 장애가 누적되기 때문입니다. 실무에서는 예산이 소진되면 배포 동결, 변경 승인 강화, 안정화 목표 우선 같은 정책을 적용합니다. 반대로 예산이 충분하면 더 빠르게 실험하고 배포할 수 있습니다. 면접에서는 오류 예산을 실제 운영 정책으로 설명할 수 있는지 봅니다.		O	TRUE	X	FALSE					mlops	production	ai	governance
Q217	폴백 품질 관리(Fallback Quality)		AI / Data / Machine Learning - MLOps / 배포	81	OX	HARD	폴백이 존재해도, 폴백 경로 자체의 품질과 비용을 모니터링하지 않으면 장애 시 사용자 경험이 크게 망가질 수 있다.	폴백은 존재 자체보다 운영 품질 관리가 중요합니다. 왜 중요한지로는 장애 시 폴백으로 전환되면 트래픽이 집중되어 폴백이 병목이 될 수 있기 때문입니다. 실무에서는 폴백 발동률, 폴백 지연시간, 폴백 결과 품질을 별도 지표로 모니터링합니다. 또한 폴백이 오래 켜지면 비즈니스 KPI가 떨어질 수 있어 복구 우선순위를 높입니다. 면접에서는 복원력 설계를 계층적으로 말할 수 있으면 좋습니다.		O	TRUE	X	FALSE					mlops	production	ai	reliability
Q218	재현 가능한 학습(Reproducible Training)		AI / Data / Machine Learning - MLOps / 배포	81	OX	HARD	재현 가능한 학습을 위해서는 코드 버전뿐 아니라 데이터 스냅샷, 랜덤 시드, 환경 의존성도 함께 고정하는 것이 중요하다.	재현성은 디버깅과 감사, 롤백의 기반입니다. 왜 중요한지로는 같은 코드라도 데이터가 바뀌거나 시드가 달라지면 결과가 달라져 원인 분석이 어려워지기 때문입니다. 실무에서는 데이터 버저닝과 스냅샷을 만들고, 시드를 고정하며, 컨테이너로 환경을 묶습니다. 또한 하드웨어 차이로 인한 비결정성도 고려해야 합니다. 면접에서는 재현성을 어떻게 확보했는지 구체적으로 물을 수 있습니다.		O	TRUE	X	FALSE					mlops	production	ai	governance
Q219	점진적 롤아웃(Progressive Rollout)		AI / Data / Machine Learning - MLOps / 배포	81	OX	HARD	점진적 롤아웃은 블라스트 레디우스를 줄이지만, 관측성과 자동 롤백 기준이 없으면 문제를 늦게 발견해 오히려 위험해질 수 있다.	점진적 롤아웃은 안전 장치가 함께 있어야 효과가 큽니다. 왜 중요한지로는 조금씩 늘리는 동안에도 이상 신호를 못 보면 결국 전체로 확산되기 때문입니다. 실무에서는 가드레일 지표와 자동 롤백 트리거를 세팅합니다. 또한 라우팅 비율 변경 로그를 남겨 문제 시점과 연관 지을 수 있어야 합니다. 면접에서는 배포 전략을 관측성과 함께 묶어 설명하면 좋습니다.		O	TRUE	X	FALSE					mlops	production	ai	deployment
Q220	의존성 격리(Dependency Isolation)		AI / Data / Machine Learning - MLOps / 배포	81	OX	HARD	모델 서비스가 외부 피처 서비스에 강하게 의존한다면, 캐시나 제한된 로컬 피처로 의존성을 줄이는 것이 전체 안정성에 도움이 될 수 있다.	외부 의존성이 많을수록 장애 전파가 쉬워집니다. 왜 중요한지로는 피처 서비스 장애가 곧 모델 서비스 장애로 이어질 수 있기 때문입니다. 실무에서는 캐시, 로컬 피처 복제, 폴백 피처로 의존성을 완화합니다. 또한 타임아웃과 서킷 브레이커로 실패를 빠르게 격리합니다. 면접에서는 복원력 설계에서 의존성 관리를 어떻게 하는지 자주 묻습니다.		O	TRUE	X	FALSE					mlops	production	ai	reliability
Q221	컨셉 드리프트(Concept Drift)		AI / Data / Machine Learning - MLOps / 배포	81	OX	HARD	입력 분포가 크게 변하지 않아도, 입력과 정답의 관계가 변하면 컨셉 드리프트로 인해 성능이 떨어질 수 있다.	컨셉 드리프트는 데이터 분포가 비슷해 보여도 정답 생성 메커니즘이 바뀌는 현상입니다. 왜 중요한지로는 입력만 모니터링하면 문제를 못 잡고 성능 저하가 지속될 수 있기 때문입니다. 실무에서는 라벨이 들어오는 구간에서 지연 성능 측정과 세그먼트별 성능 추적이 필요합니다. 정책 변경이나 사용자 행동 변화가 컨셉 드리프트의 원인이 되기도 합니다. 면접에서는 데이터 드리프트와 컨셉 드리프트 차이를 명확히 설명하면 좋습니다.		O	TRUE	X	FALSE					mlops	production	ai	drift
Q222	라벨 드리프트(Label Drift)		AI / Data / Machine Learning - MLOps / 배포	81	OX	HARD	동일한 입력이라도 라벨링 규칙이 바뀌면, 라벨 드리프트로 인해 과거 모델 평가와 현재 운영 평가가 직접 비교하기 어려워질 수 있다.	라벨 드리프트는 정답 정의가 변하는 문제로, 평가 체계를 흔들 수 있습니다. 왜 중요한지로는 모델이 나빠진 게 아니라 라벨 기준이 바뀌었는데도 회귀처럼 보일 수 있기 때문입니다. 실무에서는 라벨 버전과 평가 기간을 명확히 기록하고, 과거 데이터를 재라벨링하거나 비교 가능한 지표를 따로 둡니다. 또한 라벨 생성 파이프라인 자체도 버전 관리와 변경 통제가 필요합니다. 면접에서는 성능 지표가 흔들릴 때 라벨 정의 변경을 의심할 수 있는지 봅니다.		O	TRUE	X	FALSE					mlops	production	ai	governance
Q223	조인 누출(Join Leakage)		AI / Data / Machine Learning - MLOps / 배포	81	OX	HARD	학습 데이터 생성 시 라벨 시점 이후의 이벤트를 조인해 피처로 쓰면 미래 정보 누출이 발생할 수 있다.	조인 누출은 시점 정합성이 깨질 때 흔히 생기는 문제입니다. 왜 중요한지로는 오프라인 성능이 과대평가되어 운영에서 성능이 급락하기 때문입니다. 실무에서는 이벤트 타임을 기준으로 라벨 이전 데이터만 조인하고, 윈도우 집계를 사용합니다. 포인트 인 타임 조인을 지원하는 도구를 쓰거나, 조인 조건을 엄격히 코드화합니다. 면접에서는 누출 사례를 구체적으로 설명하라는 질문이 자주 나옵니다.		O	TRUE	X	FALSE					mlops	production	ai	data
Q224	섀도 트래픽 품질(Shadow Traffic Fidelity)		AI / Data / Machine Learning - MLOps / 배포	81	OX	HARD	섀도 배포에서 요청 복제는 헤더나 컨텍스트가 빠지면 실제 성능과 지연 특성이 다르게 나올 수 있어 주의해야 한다.	섀도 배포는 실제 트래픽을 복제하는 것이 핵심이라 복제의 충실도가 중요합니다. 왜 중요한지로는 사용자 컨텍스트나 피처 키가 누락되면 새 모델이 다른 입력을 받아 검증 결과가 왜곡될 수 있기 때문입니다. 실무에서는 요청 본문뿐 아니라 인증 헤더, 세그먼트 정보, 로케일 같은 컨텍스트도 복제합니다. 또한 섀도 경로의 캐시 히트율이나 타임아웃 정책이 본 경로와 달라져도 결과가 달라집니다. 면접에서는 섀도 배포가 단순 복제가 아니라 동일 조건 재현이라는 점을 말하면 좋습니다.		O	TRUE	X	FALSE					mlops	production	ai	testing
Q225	오프폴리시 평가(Off Policy Evaluation)		AI / Data / Machine Learning - MLOps / 배포	81	OX	HARD	추천이나 랭킹처럼 피드백 루프가 있는 시스템에서는 오프라인 평가가 편향될 수 있어, 오프폴리시 평가나 온라인 실험이 필요할 수 있다.	피드백 루프에서는 현재 정책이 데이터를 만들기 때문에, 오프라인 데이터로 새 정책을 공정하게 평가하기 어렵습니다. 왜 중요한지로는 오프라인 지표가 좋아도 실제 배포하면 KPI가 나빠질 수 있기 때문입니다. 실무에서는 IPS DR 같은 오프폴리시 기법이나, 안전한 온라인 실험으로 검증합니다. 데이터 수집 정책과 평가 정책의 불일치가 핵심 이슈입니다. 면접에서는 왜 추천 모델은 오프라인 평가가 어려운지 설명할 수 있으면 좋습니다.		O	TRUE	X	FALSE					mlops	production	ai	evaluation
Q226	데이터 스큐(Data Skew)		AI / Data / Machine Learning - MLOps / 배포	81	OX	HARD	학습과 서빙 입력 분포가 달라지는 데이터 스큐는, 피처 계산 코드가 같아도 발생할 수 있다.	데이터 스큐는 코드 불일치가 아니라 입력 자체의 차이로도 발생합니다. 왜 중요한지로는 학습 데이터는 과거 기간 샘플이고, 서빙은 현재 실시간이어서 분포가 다를 수 있기 때문입니다. 실무에서는 학습 데이터 샘플링 전략과 운영 트래픽의 대표성을 함께 점검합니다. 계절성이나 캠페인 같은 외부 요인도 스큐를 키울 수 있습니다. 면접에서는 스큐를 스키마 문제로만 오해하지 않는지 봅니다.		O	TRUE	X	FALSE					mlops	production	ai	drift
Q227	챔피언 챌린저(Champion Challenger)		AI / Data / Machine Learning - MLOps / 배포	81	OX	HARD	챔피언 챌린저 전략은 현재 운영 모델을 챔피언으로 두고, 챌린저를 제한된 조건에서 비교 평가해 교체 여부를 판단하는 방식이다.	챔피언 챌린저는 운영 안정성을 유지하면서 개선을 시도하는 운영 패턴입니다. 왜 중요한지로는 새 모델을 무턱대고 전체에 적용하면 위험이 크기 때문입니다. 실무에서는 챌린저를 섀도나 카나리로 운영하며 KPI와 가드레일을 비교합니다. 전환 기준과 관측성이 갖춰져야 자동화가 가능합니다. 면접에서는 배포 전략과 실험 전략을 같이 설명하는지 확인합니다.		O	TRUE	X	FALSE					mlops	production	ai	deployment
Q228	온라인 학습(Online Learning)		AI / Data / Machine Learning - MLOps / 배포	81	OX	HARD	온라인 학습은 최신성을 얻을 수 있지만, 데이터 오염이나 피드백 루프로 인한 성능 붕괴 위험이 있어 가드레일과 롤백이 더 중요해진다.	온라인 학습은 모델이 운영 중에 지속적으로 업데이트되는 형태입니다. 왜 중요한지로는 빠른 적응이 가능하지만 잘못된 데이터가 들어오면 즉시 모델이 망가질 수 있기 때문입니다. 실무에서는 업데이트 주기와 범위를 제한하고, 이상 징후가 보이면 즉시 이전 모델로 되돌릴 수 있어야 합니다. 또한 학습 데이터 검증과 드리프트 탐지가 더 민감해집니다. 면접에서는 온라인 학습의 장점과 위험을 균형 있게 설명하면 좋습니다.		O	TRUE	X	FALSE					mlops	production	ai	reliability
Q229	안전한 롤백 단위(Rollback Granularity)		AI / Data / Machine Learning - MLOps / 배포	81	OX	HARD	모델만 롤백해도 전처리나 피처 정의가 그대로면, 동일 버전으로 되돌렸다고 해도 결과가 달라질 수 있다.	롤백은 모델만 바꾼다고 끝나지 않는 경우가 많습니다. 왜 중요한지로는 전처리 코드나 피처 정의가 바뀐 상태면 같은 모델이라도 입력이 달라져 예측이 달라지기 때문입니다. 실무에서는 모델, 전처리, 피처 정의, 설정을 하나의 릴리즈 단위로 묶어 롤백합니다. 이를 위해 아티팩트 버전과 배포 매니페스트를 함께 관리합니다. 면접에서는 롤백 단위를 어떻게 정의하는지 자주 묻습니다.		O	TRUE	X	FALSE					mlops	production	ai	deployment
Q230	캐시 오염(Cache Poisoning)		AI / Data / Machine Learning - MLOps / 배포	81	OX	HARD	예측 결과 캐시를 사용할 때, 입력 정규화가 부족하면 같은 의미의 요청이 다른 키로 저장되어 캐시 효율이 급락할 수 있다.	캐시는 비용과 지연을 줄이지만 키 설계가 품질을 좌우합니다. 왜 중요한지로는 키가 조금만 달라도 히트율이 떨어져 비용 절감 효과가 사라지기 때문입니다. 실무에서는 입력 정규화, 버전 포함, TTL 설계를 통해 캐시를 안정적으로 운영합니다. 또한 잘못된 키 설계는 의도치 않은 결과 공유로 품질 문제를 만들 수도 있습니다. 면접에서는 캐시를 단순 저장이 아니라 설계 문제로 보는지 확인합니다.		O	TRUE	X	FALSE					mlops	production	ai	caching
Q231	캐시 무효화(Cache Invalidation)		AI / Data / Machine Learning - MLOps / 배포	81	OX	HARD	모델 버전이 바뀌면, 예측 캐시가 이전 모델 결과를 반환할 수 있어 키에 모델 버전을 포함하거나 무효화 전략이 필요하다.	모델이 바뀌면 동일 입력에도 결과가 달라질 수 있습니다. 왜 중요한지로는 캐시가 예전 결과를 계속 반환하면 롤아웃이 반영되지 않거나 품질 이슈가 생길 수 있기 때문입니다. 실무에서는 캐시 키에 모델 버전을 포함시키거나, 배포 시 캐시를 분리합니다. TTL만 믿으면 전환 기간에 혼합 결과가 나올 수 있어 주의해야 합니다. 면접에서는 캐시와 배포를 함께 설계하는지 자주 묻습니다.		O	TRUE	X	FALSE					mlops	production	ai	caching
Q232	성능 회귀 탐지(Regression Detection)		AI / Data / Machine Learning - MLOps / 배포	81	OX	HARD	라벨이 늦게 들어오는 서비스에서는, 모델 회귀 탐지를 위해 입력 분포와 예측 점수 분포 같은 프록시 신호를 조합하는 것이 현실적인 방법이 될 수 있다.	라벨 지연이 길면 성능 저하를 늦게 알아차릴 수 있습니다. 왜 중요한지로는 그동안 사용자 피해가 누적될 수 있기 때문입니다. 실무에서는 프록시 신호로 조기 경보를 만들고, 라벨이 들어오면 최종 평가로 확정합니다. 프록시 신호만으로 자동 롤백을 걸 때는 오탐 위험도 고려해야 합니다. 면접에서는 라벨 지연 환경에서의 운영 전략을 말할 수 있으면 좋습니다.		O	TRUE	X	FALSE					mlops	production	ai	monitoring
Q233	희소 카테고리 피처(Sparse Categorical Feature)		AI / Data / Machine Learning - MLOps / 배포	81	OX	HARD	희소한 카테고리 피처는 새로운 값이 자주 등장하면, 학습에서 보지 못한 OOV 처리가 운영 품질에 큰 영향을 줄 수 있다.	희소 카테고리 피처는 신규 값이 운영에서 계속 유입될 수 있습니다. 왜 중요한지로는 OOV 처리 방식이 예측 안정성을 좌우하기 때문입니다. 실무에서는 unknown 버킷, 해싱 트릭, 임베딩 업데이트 정책 등을 사용합니다. 또한 신규 카테고리 비율을 모니터링하면 데이터 변화 신호를 조기에 잡을 수 있습니다. 면접에서는 OOV가 왜 문제인지와 대응책을 묻는 경우가 많습니다.		O	TRUE	X	FALSE					mlops	production	ai	feature
Q234	데이터 리니지(Data Lineage)		AI / Data / Machine Learning - MLOps / 배포	81	OX	HARD	데이터 리니지를 기록하면 특정 예측 결과가 어떤 데이터와 어떤 파이프라인 버전에서 왔는지 추적하는 데 도움이 된다.	리니지는 데이터가 어디서 왔고 어떻게 변환됐는지의 이력을 말합니다. 왜 중요한지로는 장애나 감사 상황에서 원인을 빠르게 추적해야 하기 때문입니다. 실무에서는 데이터셋 버전, 파이프라인 실행 ID, 모델 버전을 연결해 추적성을 확보합니다. 리니지가 없으면 재현과 롤백이 어려워지고 책임 소재도 불명확해집니다. 면접에서는 거버넌스 관점의 운영 성숙도를 보여주는 답변이 됩니다.		O	TRUE	X	FALSE					mlops	production	ai	governance
Q235	모델 서명(Model Signature)		AI / Data / Machine Learning - MLOps / 배포	81	OX	HARD	모델 서명은 입력 출력 스키마를 명시해, 서빙 시 잘못된 입력 타입이나 필드 누락을 조기에 차단하는 데 도움이 될 수 있다.	모델 서명은 모델이 기대하는 입력과 출력의 형태를 계약처럼 정의합니다. 왜 중요한지로는 스키마 불일치로 인한 런타임 오류를 배포 초기에 잡을 수 있기 때문입니다. 실무에서는 타입과 shape, 필수 필드를 검증하고, 호환되지 않는 요청은 빠르게 실패시키거나 폴백합니다. 서명 변경은 배포 호환성에 영향을 주므로 버전과 함께 관리해야 합니다. 면접에서는 스키마 검증과 모델 계약의 차이를 설명할 수 있으면 좋습니다.		O	TRUE	X	FALSE					mlops	production	ai	serving
Q236	블루그린 전환 검증(Switch Verification)		AI / Data / Machine Learning - MLOps / 배포	81	OX	HARD	블루그린 배포에서 전환 직후에는 캐시 히트율 저하나 콜드 스타트로 인해 지연시간이 순간적으로 튈 수 있어, 전환 검증 구간을 두는 것이 유용하다.	전환은 트래픽 패턴을 바꾸기 때문에 순간적인 변동이 생길 수 있습니다. 왜 중요한지로는 이 변동을 장애로 오인하거나, 반대로 진짜 장애를 놓칠 수 있기 때문입니다. 실무에서는 전환 후 일정 관찰 구간을 두고, 정상 범위와 비정상 범위를 구분합니다. 캐시 워밍과 모델 워밍업을 사전에 해두면 변동 폭을 줄일 수 있습니다. 면접에서는 배포 후 검증을 어떻게 설계하는지 물을 수 있습니다.		O	TRUE	X	FALSE					mlops	production	ai	deployment
Q237	의도치 않은 데이터 재처리(Backfill Risk)		AI / Data / Machine Learning - MLOps / 배포	81	OX	HARD	과거 데이터 백필은 유용하지만, 라벨 정의가 바뀐 상태에서 과거를 그대로 재처리하면 모델 평가가 왜곡될 수 있다.	백필은 결측 기간을 채우거나 학습 데이터를 늘리는 데 쓰입니다. 왜 중요한지로는 라벨 정의나 전처리 로직이 바뀐 상태에서 과거를 재처리하면 과거와 현재가 섞여 비교가 어려워지기 때문입니다. 실무에서는 라벨 버전과 파이프라인 버전을 함께 기록하고, 백필 범위와 목적을 명확히 합니다. 또한 백필이 운영 지표를 갑자기 바꾸는 부작용도 있어 알림과 공지가 필요합니다. 면접에서는 데이터 운영에서 버전 관리의 중요성을 강조하면 좋습니다.		O	TRUE	X	FALSE					mlops	production	ai	data
Q238	온라인 실험 오염(Experiment Contamination)		AI / Data / Machine Learning - MLOps / 배포	81	OX	HARD	실험 버킷이 바뀌는 사용자나, 캐시가 버킷을 섞어버리면 실험 오염이 발생해 효과 추정이 왜곡될 수 있다.	실험 오염은 A B 결과를 믿을 수 없게 만드는 대표 원인입니다. 왜 중요한지로는 버킷 간 차이가 희석되거나 반대로 과대평가될 수 있기 때문입니다. 실무에서는 고정 버킷팅, 세션 지속성, 캐시 키에 버킷 정보를 포함하는 방식으로 오염을 줄입니다. 또한 실험 기간 중 정책 변경을 최소화하고, 격리 전략을 둡니다. 면접에서는 실험 설계의 함정을 알고 있는지 평가합니다.		O	TRUE	X	FALSE					mlops	production	ai	experiment
Q239	온라인 학습 롤백(Online Learning Rollback)		AI / Data / Machine Learning - MLOps / 배포	81	OX	HARD	온라인 학습 시스템에서는 모델이 자주 바뀌므로, 체크포인트와 스냅샷이 없으면 문제 발생 시 안전한 롤백이 어려울 수 있다.	온라인 학습은 업데이트 빈도가 높아 롤백이 더 어렵습니다. 왜 중요한지로는 언제부터 모델이 망가졌는지 추적하고 되돌리는 능력이 필수이기 때문입니다. 실무에서는 모델 체크포인트를 주기적으로 저장하고, 데이터 스냅샷과 함께 보관합니다. 또한 업데이트를 배치처럼 묶어 승격하는 형태로 운영하기도 합니다. 면접에서는 온라인 학습의 운영 리스크를 구체적으로 말하면 좋습니다.		O	TRUE	X	FALSE					mlops	production	ai	reliability
Q240	다중 모델 운영(Multi Model Operations)		AI / Data / Machine Learning - MLOps / 배포	81	OX	HARD	여러 모델을 동시에 운영하면 라우팅과 관측성이 복잡해지므로, modelVersion 같은 공통 태그를 로그와 메트릭에 표준화하는 것이 도움이 된다.	멀티 모델 운영은 서비스 확장에 따라 자연스럽게 늘어나는 복잡성입니다. 왜 중요한지로는 어떤 모델이 어떤 요청을 처리했는지 추적이 안 되면 장애와 품질 이슈를 해결하기 어렵기 때문입니다. 실무에서는 modelVersion, experimentId, routeRuleId 같은 필드를 표준화해 로그와 트레이싱에 포함합니다. 또한 세그먼트별 지표를 분리해 관찰해야 문제를 빨리 찾습니다. 면접에서는 운영 확장 시 관측성 표준화를 어떻게 할지 묻는 경우가 있습니다.		O	TRUE	X	FALSE					mlops	production	ai	observability
Q241	카나리 배포(Canary Deployment)		AI / Data / Machine Learning - MLOps / 배포	81	INITIALS	EASY	새 버전을 전체에 한 번에 배포하지 않고, 일부 트래픽에만 먼저 적용해 안전하게 검증하는 배포 방식을 무엇이라고 하는가?	카나리 배포는 신규 모델이나 서비스 버전을 일부 사용자에게만 먼저 노출해 위험을 줄이는 전략입니다. 왜 중요한지로는 배포 실패가 발생해도 영향 범위를 작게 유지해 빠르게 복구할 수 있기 때문입니다. 실무에서는 오류율, 지연시간, 비용 같은 가드레일 지표를 미리 정하고 승격 기준을 자동화합니다. 또한 라우팅 설정이 복잡해질 수 있어 변경 이력과 롤백 절차를 함께 준비해야 합니다. 면접에서는 블루그린 배포와 차이, 그리고 어떤 지표로 카나리를 판단하는지까지 연결 질문이 자주 나옵니다.	카나리 배포									mlops	production	ai	deployment
Q242	블루그린 배포(Blue Green Deployment)		AI / Data / Machine Learning - MLOps / 배포	81	INITIALS	EASY	운영 중인 환경과 동일한 신규 환경을 따로 띄워 두고, 전환 시점에 트래픽을 한 번에 바꾸는 배포 방식을 무엇이라고 하는가?	블루그린 배포는 기존 환경과 신규 환경을 동시에 운영한 뒤 트래픽 스위치를 전환하는 방식입니다. 왜 중요한지로는 전환이 명확해 롤백도 스위치백으로 빠르게 할 수 있기 때문입니다. 실무에서는 전환 전 신규 환경에서 모델 워밍업과 레디니스 체크를 끝내 두는 것이 중요합니다. 다만 두 환경을 유지해야 하므로 리소스 비용이 증가할 수 있습니다. 면접에서는 블루그린이 카나리보다 단순한 대신 비용이 늘 수 있다는 트레이드오프가 자주 나옵니다.	블루그린 배포									mlops	production	ai	deployment
Q243	섀도 배포(Shadow Deployment)		AI / Data / Machine Learning - MLOps / 배포	81	INITIALS	EASY	실제 트래픽을 복제해 새 모델로도 흘려보내되, 사용자에게 결과는 반영하지 않고 검증만 하는 방식을 무엇이라고 하는가?	섀도 배포는 운영 트래픽을 복제해 새 모델의 지연시간과 오류, 자원 사용을 실제 환경에서 검증하는 기법입니다. 왜 중요한지로는 사용자 결과를 바꾸지 않으면서도 실데이터 분포에서 성능과 안정성을 확인할 수 있기 때문입니다. 실무에서는 요청 컨텍스트와 전처리 경로를 본 경로와 동일하게 맞춰 검증 신뢰도를 확보해야 합니다. 또한 같은 트래픽을 두 번 처리해 비용이 늘 수 있으므로 샘플링 비율을 조절합니다. 면접에서는 섀도 배포가 KPI 평가는 어렵지만 안정성 검증에는 강하다는 점이 자주 질문됩니다.	섀도 배포									mlops	production	ai	testing
Q244	롤백(Rollback)		AI / Data / Machine Learning - MLOps / 배포	81	INITIALS	EASY	배포 후 문제가 발생했을 때 이전 버전으로 되돌려 빠르게 복구하는 운영 절차를 무엇이라고 하는가?	롤백은 장애나 품질 저하가 발생했을 때 안전한 이전 버전으로 되돌리는 핵심 운영 절차입니다. 왜 중요한지로는 원인 분석보다 사용자 영향 최소화가 먼저인 상황이 많기 때문입니다. 실무에서는 모델만 되돌릴지, 전처리와 설정까지 함께 되돌릴지 롤백 단위를 명확히 해야 합니다. 또한 롤백을 정기적으로 리허설해 실제 장애 시 실수를 줄이는 것이 좋습니다. 면접에서는 롤백 기준과 자동 롤백 트리거를 어떻게 두는지 자주 물어봅니다.	롤백									mlops	production	ai	reliability
Q245	헬스 체크(Health Check)		AI / Data / Machine Learning - MLOps / 배포	81	INITIALS	EASY	서비스가 정상 동작하는지 확인하기 위해 주기적으로 상태를 점검하는 요청 또는 엔드포인트를 무엇이라고 하는가?	헬스 체크는 서비스가 정상인지 확인해 장애를 조기에 감지하는 기본 장치입니다. 왜 중요한지로는 로드밸런서나 오케스트레이터가 비정상 인스턴스를 자동으로 제외하거나 재시작할 수 있기 때문입니다. 실무에서는 단순한 생존 확인과 의존성까지 확인하는 체크를 구분해 설계합니다. 너무 무거운 체크는 오히려 장애를 유발할 수 있어 가볍고 안정적으로 구성해야 합니다. 면접에서는 라이브니스와 레디니스의 차이까지 이어서 질문이 나올 수 있습니다.	헬스 체크									mlops	production	ai	reliability
Q246	레디니스 프로브(Readiness Probe)		AI / Data / Machine Learning - MLOps / 배포	81	INITIALS	EASY	인스턴스가 트래픽을 받을 준비가 되었는지 판단해, 준비되지 않으면 라우팅에서 제외하는 체크를 무엇이라고 하는가?	레디니스 프로브는 트래픽 수신 가능 상태를 판별하는 체크입니다. 왜 중요한지로는 모델 로딩이나 워밍업이 끝나기 전 요청이 들어가면 오류와 지연이 급증할 수 있기 때문입니다. 실무에서는 준비 완료 조건을 명확히 정의하고, 실패 시 라우팅에서만 제외되도록 구성하는 경우가 많습니다. 레디니스가 재시작을 직접 유발한다고 오해하면 운영 설계가 꼬일 수 있어 주의합니다. 면접에서는 라이브니스와 역할이 어떻게 다른지 묻는 질문이 자주 나옵니다.	레디니스 프로브									mlops	production	ai	serving
Q247	라이브니스 프로브(Liveness Probe)		AI / Data / Machine Learning - MLOps / 배포	81	INITIALS	EASY	프로세스가 멈추거나 데드락 상태인지 확인해, 비정상일 때 재시작을 유도하는 체크를 무엇이라고 하는가?	라이브니스 프로브는 프로세스가 살아 있는지 확인하고, 실패 시 재시작으로 복구하도록 돕습니다. 왜 중요한지로는 스레드 데드락이나 무한 대기 같은 상태는 외부에서 트래픽을 끊는 것만으로 해결되지 않기 때문입니다. 실무에서는 너무 민감하게 설정하면 정상 상황도 재시작을 유발해 가용성이 떨어질 수 있습니다. 체크는 가볍고 안정적인 신호로 구성하고 타임아웃도 적절히 둡니다. 면접에서는 레디니스와 라이브니스의 실패 결과가 어떻게 다른지 설명하는 문제가 나옵니다.	라이브니스 프로브									mlops	production	ai	serving
Q248	오토스케일링(Autoscaling)		AI / Data / Machine Learning - MLOps / 배포	81	INITIALS	EASY	트래픽이나 CPU 같은 지표에 따라 인스턴스 수를 자동으로 늘리거나 줄이는 기능을 무엇이라고 하는가?	오토스케일링은 부하 변화에 따라 자동으로 리소스를 조절하는 운영 기능입니다. 왜 중요한지로는 피크 트래픽에서 장애를 줄이고, 유휴 시간에는 비용을 줄일 수 있기 때문입니다. 실무에서는 최소 인스턴스, 스케일 다운 지연, 워밍업 시간을 고려해 튜닝이 필요합니다. 모델 서비스는 콜드 스타트가 길 수 있어 스케일링만으로 지연 문제를 해결하지 못할 수 있습니다. 면접에서는 오토스케일링과 워밍업, 레이트 리밋의 조합 전략을 자주 묻습니다.	오토스케일링									mlops	production	ai	scaling
Q249	레이트 리밋(Rate Limiting)		AI / Data / Machine Learning - MLOps / 배포	81	INITIALS	EASY	과도한 요청으로부터 시스템을 보호하기 위해 요청 수를 제한하는 기법을 무엇이라고 하는가?	레이트 리밋은 시스템이 감당할 수 있는 범위로 트래픽을 제한하는 보호 장치입니다. 왜 중요한지로는 과부하가 발생하면 모델 지연이 폭증하고 연쇄 장애로 이어질 수 있기 때문입니다. 실무에서는 사용자 단위, IP 단위, 토큰 단위 등으로 제한 기준을 설계합니다. 제한 정책이 지나치면 정상 사용자 경험도 나빠질 수 있어 가드레일과 모니터링이 필요합니다. 면접에서는 레이트 리밋과 로드 셰딩, 백프레셔의 차이를 구분해 설명하는지 봅니다.	레이트 리밋									mlops	production	ai	reliability
Q250	서킷 브레이커(Circuit Breaker)		AI / Data / Machine Learning - MLOps / 배포	81	INITIALS	EASY	의존 서비스가 불안정할 때 호출을 빠르게 차단해 연쇄 장애를 막는 패턴을 무엇이라고 하는가?	서킷 브레이커는 실패가 누적될 때 요청을 차단해 시스템을 보호하는 패턴입니다. 왜 중요한지로는 느린 의존성에 계속 매달리면 큐가 쌓이고 전체가 무너질 수 있기 때문입니다. 실무에서는 타임아웃, 재시도, 폴백과 함께 설계해야 효과가 큽니다. 반개방 상태에서 소량 요청으로 회복 여부를 확인하는 전략도 자주 사용됩니다. 면접에서는 재시도와 서킷 브레이커를 함께 설계할 수 있는지 질문이 나옵니다.	서킷 브레이커									mlops	production	ai	reliability
Q251	폴백(Fallback)		AI / Data / Machine Learning - MLOps / 배포	81	INITIALS	EASY	모델 추론이나 의존 서비스가 실패했을 때 대체 경로로 제한된 결과를 제공하는 전략을 무엇이라고 하는가?	폴백은 완전한 실패 대신 제한된 품질로라도 서비스를 유지하는 전략입니다. 왜 중요한지로는 장애 상황에서도 사용자 경험을 완전히 끊지 않을 수 있기 때문입니다. 실무에서는 규칙 기반 결과, 이전 모델 버전, 캐시된 예측 같은 대안을 둡니다. 폴백 발동률을 모니터링하면 시스템이 불안정해지는 조짐을 조기에 알 수 있습니다. 면접에서는 폴백의 예시와 운영 지표 설계를 함께 설명하면 좋습니다.	폴백									mlops	production	ai	reliability
Q252	관측성(Observability)		AI / Data / Machine Learning - MLOps / 배포	81	INITIALS	EASY	로그 메트릭 트레이싱 같은 신호로 시스템 상태를 이해하고 원인을 추적하는 능력을 무엇이라고 하는가?	관측성은 운영에서 문제를 빨리 발견하고 원인을 좁히는 기반입니다. 왜 중요한지로는 모델 서빙은 의존성이 많아 병목 지점을 추적하지 못하면 복구가 늦어지기 때문입니다. 실무에서는 요청 ID로 로그와 트레이스를 연결하고, 모델 버전 같은 태그를 표준화해 남깁니다. 메트릭은 추세와 경보, 로그는 상세 원인, 트레이싱은 경로 분석에 강점이 있습니다. 면접에서는 관측성 신호들의 역할 분리를 설명하는 질문이 자주 나옵니다.	관측성									mlops	production	ai	observability
Q253	모델 모니터링(Model Monitoring)		AI / Data / Machine Learning - MLOps / 배포	81	INITIALS	EASY	운영 중 모델의 입력 분포, 예측 분포, 지연시간, 오류율 등을 지속적으로 감시하는 활동을 무엇이라고 하는가?	모델 모니터링은 모델이 운영에서 제대로 동작하는지 감시하는 활동입니다. 왜 중요한지로는 인프라는 정상인데 데이터가 변해 품질이 무너질 수 있기 때문입니다. 실무에서는 입력 피처 통계, 예측 점수 분포, 누락 피처 비율 같은 지표를 함께 봅니다. 라벨이 늦게 들어오면 프록시 지표로 조기 경보를 설계합니다. 면접에서는 시스템 모니터링과 모델 모니터링의 차이를 설명하는 문제가 자주 나옵니다.	모델 모니터링									mlops	production	ai	monitoring
Q254	드리프트 탐지(Drift Detection)		AI / Data / Machine Learning - MLOps / 배포	81	INITIALS	EASY	운영 데이터 분포가 학습 시점과 달라지는 변화를 감지해 경보를 울리는 과정을 무엇이라고 하는가?	드리프트 탐지는 데이터 변화로 인한 성능 저하 가능성을 조기에 찾는 기법입니다. 왜 중요한지로는 라벨이 늦거나 없을 때도 품질 위험을 추정할 수 있기 때문입니다. 실무에서는 입력 분포 변화, 예측 점수 분포 변화 같은 라벨 없는 신호를 활용합니다. 드리프트가 곧 성능 저하를 의미하지는 않으므로, 경보 후 분석 절차가 필요합니다. 면접에서는 데이터 드리프트와 컨셉 드리프트 차이를 물을 수 있습니다.	드리프트 탐지									mlops	production	ai	monitoring
Q255	데이터 검증(Data Validation)		AI / Data / Machine Learning - MLOps / 배포	81	INITIALS	EASY	추론 전에 스키마, 타입, 값 범위, null 비율 등을 검사해 입력 이상을 막는 절차를 무엇이라고 하는가?	데이터 검증은 운영 사고를 예방하는 가장 직접적인 장치 중 하나입니다. 왜 중요한지로는 입력이 깨지면 모델이 정상이어도 결과가 즉시 나빠지기 때문입니다. 실무에서는 필수 컬럼 존재, 타입, 범위, 카테고리 도메인, null 급증 같은 규칙을 둡니다. 위반 시 요청 차단, 폴백, 경보 등 대응 정책을 함께 설계해야 합니다. 면접에서는 데이터 검증 규칙을 어떻게 정하고 어디에 배치하는지 질문이 나옵니다.	데이터 검증									mlops	production	ai	data
Q256	모델 레지스트리(Model Registry)		AI / Data / Machine Learning - MLOps / 배포	81	INITIALS	EASY	학습된 모델 아티팩트와 버전, 메타데이터, 승격 상태를 중앙에서 관리하는 저장소를 무엇이라고 하는가?	모델 레지스트리는 모델을 운영 자산으로 관리하기 위한 중앙 저장소 개념입니다. 왜 중요한지로는 어떤 모델이 스테이징인지 프로덕션인지, 누가 언제 승격했는지 추적해야 하기 때문입니다. 실무에서는 모델 파일뿐 아니라 학습 설정, 데이터 버전, 평가 결과, 승인 이력을 같이 저장합니다. 이를 기반으로 자동 배포와 롤백을 안전하게 설계할 수 있습니다. 면접에서는 모델 레지스트리와 단순 파일 저장의 차이를 설명하는 문제가 나올 수 있습니다.	모델 레지스트리									mlops	production	ai	governance
Q257	모델 버저닝(Model Versioning)		AI / Data / Machine Learning - MLOps / 배포	81	INITIALS	EASY	같은 모델이라도 데이터나 파라미터가 달라졌다면 버전을 구분해 추적하는 관리를 무엇이라고 하는가?	모델 버저닝은 모델을 릴리즈 단위로 관리해 재현성과 롤백을 가능하게 합니다. 왜 중요한지로는 장애나 성능 회귀가 발생했을 때 문제 버전을 정확히 특정해야 하기 때문입니다. 실무에서는 모델 아티팩트뿐 아니라 전처리 코드와 설정도 함께 버전으로 묶습니다. 모델 버전이 로그와 메트릭에 남아야 운영 분석이 쉬워집니다. 면접에서는 버전 정책과 네이밍 규칙, 그리고 롤백 흐름을 묻는 경우가 많습니다.	모델 버저닝									mlops	production	ai	governance
Q258	오류 예산(Error Budget)		AI / Data / Machine Learning - MLOps / 배포	81	INITIALS	EASY	SLO를 기준으로 허용 가능한 실패 범위를 정해, 배포 속도와 안정성의 균형을 잡는 개념을 무엇이라고 하는가?	오류 예산은 SLO를 운영 의사결정에 연결하는 도구입니다. 왜 중요한지로는 안정성이 나쁘면 배포를 늦추고, 안정적이면 더 빠르게 개선을 시도할 근거가 되기 때문입니다. 실무에서는 오류 예산 소진 속도에 따라 배포 동결이나 안정화 우선 정책을 적용합니다. 또한 번 레이트 같은 지표로 오류 예산 소진을 빠르게 감지할 수 있습니다. 면접에서는 오류 예산이 단순 지표가 아니라 정책 도구라는 점을 설명하면 좋습니다.	오류 예산									mlops	production	ai	reliability
Q259	모델 서빙(Model Serving)		AI / Data / Machine Learning - MLOps / 배포	81	INITIALS	EASY	학습된 모델을 운영 환경에서 API나 서비스 형태로 제공해 실제 요청을 처리하는 과정을 무엇이라고 하는가?	모델 서빙은 학습된 모델을 운영 환경에서 요청을 받아 예측을 반환하도록 제공하는 단계입니다. 왜 중요한지로는 모델이 좋아도 서빙이 불안정하면 서비스 품질이 바로 무너질 수 있기 때문입니다. 실무에서는 모델 로딩 시간, 워밍업, 동시성 처리, 타임아웃 같은 운영 조건을 함께 설계합니다. 또한 모델 버전과 라우팅 규칙을 표준화해 문제 발생 시 빠르게 추적 가능해야 합니다. 면접에서는 배치 추론과의 차이와 운영 시 고려사항을 설명하는 질문이 자주 나옵니다.	모델 서빙									mlops	production	ai	serving
Q260	서빙 지연시간(Serving Latency)		AI / Data / Machine Learning - MLOps / 배포	81	INITIALS	EASY	모델 요청을 받은 시점부터 예측 결과를 반환하기까지 걸리는 시간을 무엇이라고 하는가?	서빙 지연시간은 요청 처리 속도를 나타내는 핵심 운영 지표입니다. 왜 중요한지로는 지연이 길어지면 사용자 경험이 나빠지고 타임아웃으로 오류율도 함께 증가하기 때문입니다. 실무에서는 평균보다 p95 같은 상위 지연 구간을 함께 보며 병목을 찾습니다. 또한 모델 크기, 배치 처리, 네트워크, 외부 피처 조회 등 다양한 요인이 지연에 영향을 줍니다. 면접에서는 지연시간을 줄이는 방법과 트레이드오프를 물어보는 경우가 많습니다.	서빙 지연시간									mlops	production	ai	performance
Q261	로깅(Logging)		AI / Data / Machine Learning - MLOps / 배포	81	INITIALS	EASY	운영 중 발생하는 이벤트나 요청 정보를 기록해 문제 원인을 추적할 수 있게 하는 활동을 무엇이라고 하는가?	로깅은 운영 중 무슨 일이 일어났는지 남기는 가장 기본적인 관측 수단입니다. 왜 중요한지로는 장애가 났을 때 재현이 어렵기 때문에 로그가 사실상 유일한 단서가 되는 경우가 많기 때문입니다. 실무에서는 요청 ID, 모델 버전, 라우팅 결과 같은 필드를 구조화해 남기면 분석이 쉬워집니다. 또한 개인정보나 민감정보가 로그에 섞이지 않도록 마스킹과 접근 제어가 필요합니다. 면접에서는 로그 레벨과 운영 로그 설계 기준을 자주 묻습니다.	로깅									mlops	production	ai	observability
Q262	메트릭(Metrics)		AI / Data / Machine Learning - MLOps / 배포	81	INITIALS	EASY	지연시간 오류율 처리량 같은 수치를 지속적으로 수집해 상태를 파악하는 신호를 무엇이라고 하는가?	메트릭은 시스템 상태를 숫자로 요약해 추세와 이상 징후를 빠르게 파악하게 해줍니다. 왜 중요한지로는 사람이 모든 로그를 읽을 수 없고, 경보도 메트릭 기반으로 설계하는 경우가 많기 때문입니다. 실무에서는 지연시간, 오류율, 트래픽, 자원 사용량을 기본 세트로 둡니다. 라벨을 과도하게 늘리면 저장소가 터질 수 있어 라벨 설계도 운영 포인트입니다. 면접에서는 어떤 메트릭을 우선 모니터링하는지 질문이 자주 나옵니다.	메트릭									mlops	production	ai	observability
Q263	분산 트레이싱(Distributed Tracing)		AI / Data / Machine Learning - MLOps / 배포	81	INITIALS	EASY	여러 서비스와 컴포넌트를 거치는 요청의 흐름을 한 번에 추적해 병목을 찾는 기법을 무엇이라고 하는가?	분산 트레이싱은 요청이 어떤 경로로 이동했고 어디에서 느려졌는지 보여주는 관측 기법입니다. 왜 중요한지로는 모델 서빙은 게이트웨이, 피처 서비스, 캐시 등 의존성이 많아 단일 로그로 원인 추적이 어렵기 때문입니다. 실무에서는 trace id를 로그와 함께 남겨 상호 연결성을 확보합니다. 샘플링을 잘못하면 비용이 커질 수 있어 조건 기반 수집을 고려합니다. 면접에서는 메트릭 로그 트레이싱의 역할 차이를 함께 설명하는지 봅니다.	분산 트레이싱									mlops	production	ai	observability
Q264	알림(Alerting)		AI / Data / Machine Learning - MLOps / 배포	81	INITIALS	EASY	오류율 상승이나 지연시간 급증 같은 이상 상태를 감지해 운영자에게 알려주는 체계를 무엇이라고 하는가?	알림은 장애를 빠르게 인지하고 대응하기 위한 운영 장치입니다. 왜 중요한지로는 탐지가 늦으면 사용자 피해와 복구 비용이 크게 늘기 때문입니다. 실무에서는 임계치 기반 알림과 SLO 기반 알림을 목적에 맞게 섞습니다. 노이즈가 많으면 알림 피로가 생기므로 심각도와 라우팅을 분리해야 합니다. 면접에서는 좋은 알림과 나쁜 알림의 차이를 설명하라는 질문이 나옵니다.	알림									mlops	production	ai	monitoring
Q265	대시보드(Dashboard)		AI / Data / Machine Learning - MLOps / 배포	81	INITIALS	EASY	운영 지표를 한 화면에서 확인할 수 있도록 시각화해 제공하는 화면 구성을 무엇이라고 하는가?	대시보드는 서비스 상태를 한눈에 파악하기 위한 운영 도구입니다. 왜 중요한지로는 장애 대응에서 현재 상태와 추세를 빠르게 보는 것이 핵심이기 때문입니다. 실무에서는 서비스 개요, 지연시간, 오류율, 트래픽, 자원 사용을 기본 섹션으로 구성합니다. 모델 운영에서는 모델 버전별 지표나 드리프트 지표를 추가하는 경우가 많습니다. 면접에서는 어떤 대시보드 구성을 만들지 설명해보라는 질문이 나올 수 있습니다.	대시보드									mlops	production	ai	monitoring
Q266	로드 밸런서(Load Balancer)		AI / Data / Machine Learning - MLOps / 배포	81	INITIALS	EASY	들어오는 요청을 여러 인스턴스에 분산해 처리량과 가용성을 높이는 구성 요소를 무엇이라고 하는가?	로드 밸런서는 트래픽을 여러 서버로 나눠 장애와 과부하를 완화합니다. 왜 중요한지로는 한 인스턴스에 트래픽이 몰리면 지연과 오류가 급증할 수 있기 때문입니다. 실무에서는 헬스 체크와 함께 비정상 인스턴스를 자동 제외하도록 구성합니다. 모델 서빙에서는 세션 유지가 필요한지, 리트라이 정책을 어떻게 둘지까지 고려합니다. 면접에서는 L4 L7 차이나 헬스 체크 연동을 자주 물어봅니다.	로드 밸런서									mlops	production	ai	infrastructure
Q267	컨테이너(Container)		AI / Data / Machine Learning - MLOps / 배포	81	INITIALS	EASY	애플리케이션과 의존성을 함께 묶어 환경 차이를 줄이고 배포를 쉽게 하는 실행 단위를 무엇이라고 하는가?	컨테이너는 실행 환경을 표준화해 어디서나 같은 방식으로 동작하게 합니다. 왜 중요한지로는 개발과 운영 환경 차이로 인한 장애를 줄일 수 있기 때문입니다. 실무에서는 모델 서빙 코드와 런타임 라이브러리를 함께 이미지로 패키징해 배포합니다. 또한 자원 제한과 격리 설정으로 안정성을 높일 수 있습니다. 면접에서는 가상머신과의 차이와 장점을 설명하는 문제가 나옵니다.	컨테이너									mlops	production	ai	container
Q268	도커(Docker)		AI / Data / Machine Learning - MLOps / 배포	81	INITIALS	EASY	컨테이너 이미지를 빌드하고 실행하며 배포 단위를 표준화하는 대표 도구를 무엇이라고 하는가?	도커는 컨테이너 기반으로 애플리케이션을 패키징하고 실행하는 데 널리 쓰이는 도구입니다. 왜 중요한지로는 모델 서빙을 재현 가능한 형태로 배포해 운영 안정성을 높일 수 있기 때문입니다. 실무에서는 Dockerfile로 의존성을 고정하고 이미지 태그로 버전을 관리합니다. 이미지 크기와 보안 스캔도 운영 비용과 직결되므로 최적화가 필요합니다. 면접에서는 이미지 레이어와 캐시, 태그 전략을 자주 묻습니다.	도커									mlops	production	ai	container
Q269	쿠버네티스(Kubernetes)		AI / Data / Machine Learning - MLOps / 배포	81	INITIALS	EASY	컨테이너를 자동 배포하고 확장하며 장애 복구까지 관리하는 오케스트레이션 플랫폼을 무엇이라고 하는가?	쿠버네티스는 컨테이너 운영을 자동화해 배포와 확장을 표준화합니다. 왜 중요한지로는 수동 운영보다 안정적으로 롤링 업데이트와 장애 복구를 수행할 수 있기 때문입니다. 실무에서는 디플로이먼트, 서비스, 오토스케일링, 프로브 설정을 통해 모델 서빙을 운영합니다. 설정이 복잡해질 수 있어 매니페스트 버전 관리가 중요합니다. 면접에서는 파드, 서비스, 인그레스 같은 기본 개념을 자주 확인합니다.	쿠버네티스									mlops	production	ai	infrastructure
Q270	지속적 통합(Continuous Integration)		AI / Data / Machine Learning - MLOps / 배포	81	INITIALS	EASY	코드 변경을 자주 통합하고 빌드와 테스트를 자동으로 실행해 품질을 확보하는 문화를 무엇이라고 하는가?	지속적 통합은 코드 변경이 들어올 때마다 자동 빌드와 테스트로 품질을 확인하는 방식입니다. 왜 중요한지로는 변경이 쌓여 큰 충돌이 나는 것을 막고 빠르게 문제를 발견할 수 있기 때문입니다. 실무에서는 유닛 테스트, 린트, 보안 스캔을 파이프라인에 포함합니다. 모델 코드도 서빙 코드와 함께 CI를 걸어 배포 전 품질을 보장합니다. 면접에서는 CI와 CD의 차이를 설명하는 질문이 자주 나옵니다.	지속적 통합									mlops	production	ai	cicd
Q271	지속적 배포(Continuous Delivery)		AI / Data / Machine Learning - MLOps / 배포	81	INITIALS	EASY	빌드와 테스트를 통과한 산출물을 배포 가능한 상태로 항상 유지하고 릴리즈를 쉽게 만드는 방식을 무엇이라고 하는가?	지속적 배포는 변경 사항이 언제든 배포 가능한 상태로 유지되도록 자동화하는 접근입니다. 왜 중요한지로는 작은 변경을 자주 배포하면 위험이 줄고 복구도 쉬워지기 때문입니다. 실무에서는 스테이징 검증, 승인 절차, 배포 자동화를 함께 구성합니다. 모델 운영에서는 승격 기준과 롤백 경로를 파이프라인에 포함하는 것이 중요합니다. 면접에서는 자동 배포와 승인 기반 배포를 어떻게 구분하는지 묻기도 합니다.	지속적 배포									mlops	production	ai	cicd
Q272	피처 스토어(Feature Store)		AI / Data / Machine Learning - MLOps / 배포	81	INITIALS	EASY	학습과 서빙에서 동일한 피처 정의를 재사용하고 일관성을 유지하도록 돕는 저장소 개념을 무엇이라고 하는가?	피처 스토어는 피처를 표준화해 재사용성과 일관성을 높이는 구성 요소입니다. 왜 중요한지로는 학습과 서빙에서 피처 계산이 달라져 성능이 깨지는 문제를 줄일 수 있기 때문입니다. 실무에서는 오프라인 피처와 온라인 피처를 같은 정의로 관리하는 구조가 많습니다. 피처의 최신성, 시점 정합성, 권한 관리도 함께 고려해야 합니다. 면접에서는 학습 서빙 스큐를 예방하는 방법으로 피처 스토어를 설명하는 질문이 나옵니다.	피처 스토어									mlops	production	ai	feature
Q273	데이터 파이프라인(Data Pipeline)		AI / Data / Machine Learning - MLOps / 배포	81	INITIALS	EASY	데이터 수집 전처리 저장을 자동으로 연결해 모델 학습이나 운영에 필요한 데이터를 만드는 흐름을 무엇이라고 하는가?	데이터 파이프라인은 모델에 필요한 데이터를 안정적으로 공급하는 작업 흐름입니다. 왜 중요한지로는 데이터가 흔들리면 모델 품질과 운영 안정성이 동시에 무너지기 때문입니다. 실무에서는 스케줄링, 재시도, 실패 알림, 데이터 검증을 파이프라인에 포함합니다. 파이프라인 산출물의 버전과 리니지를 남기면 재현성과 감사 대응에 도움이 됩니다. 면접에서는 파이프라인에서 어떤 품질 체크를 넣을지 질문이 나올 수 있습니다.	데이터 파이프라인									mlops	production	ai	data
Q274	배치 추론(Batch Inference)		AI / Data / Machine Learning - MLOps / 배포	81	INITIALS	EASY	실시간 요청이 아니라 일정 주기나 작업 단위로 데이터를 모아 한 번에 예측을 수행하는 방식을 무엇이라고 하는가?	배치 추론은 많은 데이터를 한 번에 처리해 비용 효율을 높이는 방식입니다. 왜 중요한지로는 실시간성이 덜 필요한 업무에서 운영 비용을 크게 줄일 수 있기 때문입니다. 실무에서는 재처리 전략과 결과 적용 시점을 명확히 해 정합성을 확보합니다. 실패 시 재시도와 멱등성 처리가 없으면 결과 중복이나 누락이 생길 수 있습니다. 면접에서는 온라인 추론과 비교해 장단점을 설명하는 질문이 자주 나옵니다.	배치 추론									mlops	production	ai	serving
Q275	온라인 추론(Online Inference)		AI / Data / Machine Learning - MLOps / 배포	81	INITIALS	EASY	사용자 요청에 즉시 응답하기 위해 실시간으로 예측을 수행하는 방식을 무엇이라고 하는가?	온라인 추론은 실시간 응답이 필요한 서비스에서 사용하는 운영 방식입니다. 왜 중요한지로는 지연시간과 안정성이 곧 사용자 경험과 매출에 연결될 수 있기 때문입니다. 실무에서는 타임아웃, 재시도 제한, 캐시, 폴백으로 장애 전파를 막습니다. 또한 트래픽 변동이 크면 오토스케일링과 워밍업이 중요합니다. 면접에서는 온라인 추론의 운영 지표와 보호 장치를 물어보는 경우가 많습니다.	온라인 추론									mlops	production	ai	serving
Q276	모델 아티팩트(Model Artifact)		AI / Data / Machine Learning - MLOps / 배포	81	INITIALS	EASY	학습 결과로 생성된 모델 파일과 설정 정보를 배포 가능한 산출물로 관리하는 대상을 무엇이라고 하는가?	모델 아티팩트는 학습 결과로 만들어지는 배포 단위 산출물입니다. 왜 중요한지로는 어떤 파일이 어떤 데이터와 설정에서 만들어졌는지 추적해야 재현과 롤백이 가능하기 때문입니다. 실무에서는 아티팩트에 버전과 메타데이터를 붙이고 레지스트리에서 관리합니다. 배포 시 아티팩트가 깨지지 않도록 체크섬 검증이나 서명 같은 무결성 관리도 고려합니다. 면접에서는 모델 파일만 저장하는 것과 운영 자산으로 관리하는 것의 차이를 설명하는 질문이 나올 수 있습니다.	모델 아티팩트									mlops	production	ai	governance
Q277	스테이징(Staging)		AI / Data / Machine Learning - MLOps / 배포	81	INITIALS	EASY	실제 운영과 유사한 환경에서 배포 전 최종 검증을 수행하는 중간 환경을 무엇이라고 하는가?	스테이징은 프로덕션과 유사한 조건에서 배포 전 마지막 검증을 수행하는 환경입니다. 왜 중요한지로는 운영에 바로 올리기 전에 설정 오류나 의존성 문제를 발견할 수 있기 때문입니다. 실무에서는 테스트 데이터와 실제 트래픽 조건을 최대한 가깝게 맞추는 것이 핵심입니다. 스테이징과 프로덕션이 너무 다르면 검증이 무의미해져 사고가 날 수 있습니다. 면접에서는 스테이징에서 어떤 검증을 해야 하는지 구체적으로 묻기도 합니다.	스테이징									mlops	production	ai	deployment
Q278	서비스 수준 지표(SLI)		AI / Data / Machine Learning - MLOps / 배포	81	INITIALS	MEDIUM	서비스의 품질을 수치로 측정하기 위해 정의하는 지표를 무엇이라고 하는가?	서비스 수준 지표는 가용성, 지연시간, 오류율처럼 서비스 품질을 측정하는 기준입니다. 왜 중요한지로는 SLO와 오류 예산, 경보 정책이 모두 SLI 정의에 의존하기 때문입니다. 실무에서는 평균보다 p95 같은 분위수 지표를 포함해 사용자 경험을 더 정확히 반영합니다. SLI가 잘못 정의되면 알림이 과도하거나 장애를 놓칠 수 있어 설계가 중요합니다. 면접에서는 SLI SLO SLA의 차이를 정확히 구분하는지 자주 확인합니다.	서비스 수준 지표									mlops	production	ai	reliability
Q279	서비스 수준 목표(SLO)		AI / Data / Machine Learning - MLOps / 배포	81	INITIALS	MEDIUM	SLI를 기반으로 서비스가 달성해야 할 목표 수준을 수치로 정한 것을 무엇이라고 하는가?	서비스 수준 목표는 서비스가 지켜야 할 품질 목표를 정량화한 것입니다. 왜 중요한지로는 목표가 있어야 경보 기준과 운영 우선순위를 일관되게 결정할 수 있기 때문입니다. 실무에서는 목표를 너무 빡빡하게 잡으면 알림 피로가 생기고, 너무 느슨하면 품질 개선이 어렵습니다. 모델 서비스는 비용과 지연의 트레이드오프가 있어 SLO를 세그먼트별로 나누기도 합니다. 면접에서는 SLO를 운영 의사결정과 연결하는 사례를 요구하기도 합니다.	서비스 수준 목표									mlops	production	ai	reliability
Q280	서비스 수준 협약(SLA)		AI / Data / Machine Learning - MLOps / 배포	81	INITIALS	MEDIUM	외부 고객과의 계약 수준으로 서비스 품질과 보상 책임이 연관될 수 있는 약속을 무엇이라고 하는가?	서비스 수준 협약은 외부 고객과의 계약에 가까운 품질 약속입니다. 왜 중요한지로는 SLA 위반은 금전적 보상이나 신뢰 하락으로 이어질 수 있기 때문입니다. 실무에서는 내부 SLO보다 더 보수적으로 잡고, 측정 방식과 예외 조건을 명확히 문서화합니다. 모델 서비스는 품질을 SLA로 두기 어렵고, 보통 가용성과 지연을 중심으로 협약을 잡습니다. 면접에서는 SLO와 SLA를 혼동하지 않는지 자주 묻습니다.	서비스 수준 협약									mlops	production	ai	governance
Q281	오류 예산(Error Budget)		AI / Data / Machine Learning - MLOps / 배포	81	INITIALS	MEDIUM	SLO를 기준으로 허용 가능한 실패 범위를 정해 배포 속도와 안정성 균형을 잡는 개념을 무엇이라고 하는가?	오류 예산은 허용 가능한 실패량을 예산처럼 관리하는 운영 도구입니다. 왜 중요한지로는 예산 소진 여부로 배포 동결이나 안정화 우선 같은 의사결정을 할 수 있기 때문입니다. 실무에서는 번 레이트를 이용해 예산 소진 속도를 추적하고 다중 윈도우 경보로 탐지합니다. 예산이 소진 중이면 변경을 줄이고 원인 제거에 집중하는 것이 일반적입니다. 면접에서는 오류 예산을 정책으로 설명할 수 있는지 봅니다.	오류 예산									mlops	production	ai	governance
Q282	번 레이트(Burn Rate)		AI / Data / Machine Learning - MLOps / 배포	81	INITIALS	MEDIUM	오류 예산이 소진되는 속도를 나타내는 지표를 무엇이라고 하는가?	번 레이트는 현재 장애 수준이 SLO 대비 얼마나 빠르게 오류 예산을 태우는지 보여줍니다. 왜 중요한지로는 단순 오류율보다 운영 의사결정과 경보에 직접 연결되기 때문입니다. 실무에서는 5분과 1시간 같은 다중 윈도우 번 레이트를 함께 써 급격한 장애와 장기 악화를 모두 잡습니다. 번 레이트가 높으면 즉시 롤백이나 트래픽 제한 같은 조치를 고려합니다. 면접에서는 SLO 기반 알림의 핵심 개념으로 자주 나옵니다.	번 레이트									mlops	production	ai	monitoring
Q283	가드레일 지표(Guardrail Metrics)		AI / Data / Machine Learning - MLOps / 배포	81	INITIALS	MEDIUM	실험이나 배포 과정에서 안전을 위해 반드시 지켜야 하는 오류율 지연시간 비용 같은 기준 지표를 무엇이라고 하는가?	가드레일 지표는 KPI와 별도로 안전을 보장하는 최소 기준입니다. 왜 중요한지로는 KPI가 좋아도 지연이나 오류가 늘면 운영 실패가 될 수 있기 때문입니다. 실무에서는 p95 지연시간, 5xx 비율, 비용, 메모리 사용량을 가드레일로 둡니다. 가드레일 위반 시 자동 롤백이나 카나리 중단을 트리거하는 방식이 일반적입니다. 면접에서는 KPI와 가드레일을 구분해 설명하는지 자주 확인합니다.	가드레일 지표									mlops	production	ai	deployment
Q284	점진적 롤아웃(Progressive Rollout)		AI / Data / Machine Learning - MLOps / 배포	81	INITIALS	MEDIUM	트래픽 비율을 단계적으로 늘리면서 새 모델을 점진적으로 적용하는 배포 전략을 무엇이라고 하는가?	점진적 롤아웃은 블라스트 레디우스를 줄이기 위한 대표 전략입니다. 왜 중요한지로는 문제가 생겨도 작은 비율에서 멈추면 피해가 제한되기 때문입니다. 실무에서는 비율 변경마다 관찰 구간을 두고 가드레일을 통과하면 다음 단계로 승격합니다. 라우팅 규칙이 복잡해지므로 변경 이력과 자동 롤백 기준을 함께 준비해야 합니다. 면접에서는 카나리와의 관계, 운영 절차 설계가 자주 질문됩니다.	점진적 롤아웃									mlops	production	ai	deployment
Q285	자동 롤백(Automatic Rollback)		AI / Data / Machine Learning - MLOps / 배포	81	INITIALS	MEDIUM	특정 가드레일 지표가 임계치를 넘으면 배포를 자동으로 되돌리도록 하는 기능을 무엇이라고 하는가?	자동 롤백은 사람의 대응 속도보다 빠르게 피해를 줄일 수 있는 운영 장치입니다. 왜 중요한지로는 장애 초기에 몇 분이 서비스 품질을 크게 좌우하기 때문입니다. 실무에서는 임계치 기반뿐 아니라 SLO 번 레이트 기반으로 트리거를 두기도 합니다. 오탐으로 인해 불필요한 롤백이 반복되지 않도록 관찰 기간과 최소 샘플 수를 고려해야 합니다. 면접에서는 자동화의 장점과 오탐 관리 방법을 함께 설명하면 좋습니다.	자동 롤백									mlops	production	ai	reliability
Q286	카디널리티(Cardinality)		AI / Data / Machine Learning - MLOps / 배포	81	INITIALS	MEDIUM	메트릭에서 라벨 조합이 만들어내는 시계열 개수의 규모를 무엇이라고 하는가?	카디널리티는 모니터링 저장소 부하를 결정하는 핵심 요소입니다. 왜 중요한지로는 라벨 값이 너무 다양하면 시계열이 폭발해 관측성 시스템이 먼저 죽을 수 있기 때문입니다. 실무에서는 userId나 requestId 같은 값은 메트릭 라벨로 쓰지 않고 로그에 남깁니다. 대신 modelVersion이나 endpoint 정도의 저카디널리티 라벨을 표준화합니다. 면접에서는 카디널리티 폭발 사례와 예방책을 자주 묻습니다.	카디널리티									mlops	production	ai	observability
Q287	샘플링(Sampling)		AI / Data / Machine Learning - MLOps / 배포	81	INITIALS	MEDIUM	로그나 트레이스를 전부 저장하지 않고 일부만 수집해 비용과 부하를 줄이는 기법을 무엇이라고 하는가?	샘플링은 관측성 비용을 제어하는 실무 기법입니다. 왜 중요한지로는 고트래픽 서비스에서 전수 수집은 저장 비용과 성능 문제를 만들기 때문입니다. 실무에서는 오류 트래픽은 우선 보존하고 정상 트래픽은 비율 샘플링을 적용합니다. 특정 조건 예 고지연 요청만 수집하는 조건부 샘플링도 유용합니다. 면접에서는 샘플링이 관측성을 약화시킬 수 있는 한계까지 설명하면 좋습니다.	샘플링									mlops	production	ai	observability
Q288	데이터 리니지(Data Lineage)		AI / Data / Machine Learning - MLOps / 배포	81	INITIALS	MEDIUM	데이터가 어디서 왔고 어떤 변환을 거쳤는지의 이력을 추적하는 개념을 무엇이라고 하는가?	데이터 리니지는 운영과 감사에서 추적성을 보장합니다. 왜 중요한지로는 특정 모델 결과가 어떤 데이터 버전과 파이프라인에서 만들어졌는지 재현해야 하기 때문입니다. 실무에서는 데이터셋 버전, 파이프라인 실행 ID, 모델 버전을 연결해 기록합니다. 리니지가 없으면 원인 분석과 롤백이 느려지고 책임 소재도 불명확해질 수 있습니다. 면접에서는 거버넌스 성숙도를 보여주는 답변이 됩니다.	데이터 리니지									mlops	production	ai	governance
Q289	모델 레지스트리(Model Registry)		AI / Data / Machine Learning - MLOps / 배포	81	INITIALS	MEDIUM	모델 아티팩트와 버전, 평가 결과, 승격 상태를 중앙에서 관리하는 저장소를 무엇이라고 하는가?	모델 레지스트리는 모델을 운영 자산으로 관리하기 위한 핵심 구성입니다. 왜 중요한지로는 어떤 모델이 스테이징인지 프로덕션인지, 누가 언제 승격했는지 추적해야 하기 때문입니다. 실무에서는 모델 파일뿐 아니라 학습 설정과 데이터 버전, 검증 결과까지 함께 저장합니다. 레지스트리 기반으로 배포 자동화와 승인 흐름을 구현하면 운영 안정성이 높아집니다. 면접에서는 단순 파일 저장과 레지스트리의 차이를 자주 묻습니다.	모델 레지스트리									mlops	production	ai	governance
Q290	아티팩트(Artifact)		AI / Data / Machine Learning - MLOps / 배포	81	INITIALS	MEDIUM	모델 파일, 전처리 코드, 설정 등 배포와 재현에 필요한 산출물을 통칭하는 용어를 무엇이라고 하는가?	아티팩트는 재현성과 배포의 단위가 되는 산출물입니다. 왜 중요한지로는 코드만으로는 동일 결과를 보장할 수 없고, 실제 실행에 필요한 파일과 설정이 함께 관리되어야 하기 때문입니다. 실무에서는 모델 아티팩트, 피처 정의, 컨테이너 이미지, 설정을 버전으로 묶습니다. 배포 매니페스트로 어떤 아티팩트 조합이 운영에 올라갔는지 기록하면 롤백이 쉬워집니다. 면접에서는 어떤 것을 아티팩트로 관리해야 하는지 구체적으로 말하면 좋습니다.	아티팩트									mlops	production	ai	deployment
Q291	버전 핀닝(Version Pinning)		AI / Data / Machine Learning - MLOps / 배포	81	INITIALS	MEDIUM	latest 같은 가변 태그 대신 특정 버전이나 다이제스트로 고정해 재현성을 확보하는 방식을 무엇이라고 하는가?	버전 핀닝은 같은 배포가 항상 같은 산출물을 가리키게 만드는 방법입니다. 왜 중요한지로는 가변 태그는 시간이 지나면 다른 내용을 가리켜 재현과 롤백이 깨질 수 있기 때문입니다. 실무에서는 컨테이너 이미지 다이제스트, 모델 버전, 피처 정의 버전을 함께 고정합니다. 핀닝은 배포 사고를 줄이는 기본 습관이지만, 업데이트 관리가 더 엄격해져 프로세스가 필요합니다. 면접에서는 핀닝 대상과 이유를 말할 수 있어야 합니다.	버전 핀닝									mlops	production	ai	deployment
Q292	구성 관리(Configuration Management)		AI / Data / Machine Learning - MLOps / 배포	81	INITIALS	MEDIUM	임계치 라우팅 규칙 환경 변수 같은 설정을 일관되게 관리하고 변경 이력을 남기는 활동을 무엇이라고 하는가?	구성 관리는 운영 사고를 줄이는 데 매우 중요합니다. 왜 중요한지로는 설정 변경은 코드 배포보다 더 자주 일어나고 작은 실수도 대규모 장애로 이어질 수 있기 때문입니다. 실무에서는 설정을 코드처럼 버전 관리하고 리뷰와 승인 흐름을 적용합니다. 모델 운영에서는 라우팅, 가드레일 임계치, 캐시 TTL 같은 설정이 특히 중요합니다. 면접에서는 GitOps 같은 접근을 함께 설명하면 좋습니다.	구성 관리									mlops	production	ai	governance
Q293	변경 관리(Change Management)		AI / Data / Machine Learning - MLOps / 배포	81	INITIALS	MEDIUM	운영 환경에서 변경을 안전하게 수행하기 위해 리뷰 승인 롤백 계획을 포함해 절차로 통제하는 것을 무엇이라고 하는가?	변경 관리는 운영 안정성과 속도의 균형을 잡는 절차입니다. 왜 중요한지로는 변경이 잦을수록 사고 가능성이 커지기 때문입니다. 실무에서는 변경 요청에 영향 범위, 검증 방법, 롤백 절차를 포함시키고 이력을 남깁니다. 특히 라우팅이나 실험 설정 변경은 코드보다 위험할 수 있어 더 엄격히 관리하기도 합니다. 면접에서는 변경 관리가 왜 필요한지 사례로 설명하라는 질문이 나올 수 있습니다.	변경 관리									mlops	production	ai	governance
Q294	데이터 계약(Data Contract)		AI / Data / Machine Learning - MLOps / 배포	81	INITIALS	MEDIUM	데이터 제공자와 소비자 간 스키마와 의미, 변경 절차를 약속해 파이프라인 깨짐을 줄이는 개념을 무엇이라고 하는가?	데이터 계약은 데이터가 바뀔 때의 혼란을 줄이기 위한 약속입니다. 왜 중요한지로는 컬럼 추가 삭제나 의미 변경이 모델 서빙 장애로 바로 이어질 수 있기 때문입니다. 실무에서는 스키마 버전, 호환성 규칙, 변경 공지와 검증을 포함합니다. 스키마는 같아도 의미가 바뀌는 경우가 있어 통계적 프로파일링 같은 추가 검증도 필요합니다. 면접에서는 데이터 계약이 운영 안정성에 어떤 영향을 주는지 묻는 경우가 많습니다.	데이터 계약									mlops	production	ai	data
Q295	시점 정합성(Point in Time Correctness)		AI / Data / Machine Learning - MLOps / 배포	81	INITIALS	MEDIUM	학습 데이터에서 미래 정보를 섞지 않도록 라벨 시점 기준으로 피처를 구성하는 원칙을 무엇이라고 하는가?	시점 정합성은 미래 정보 누출을 막는 핵심 원칙입니다. 왜 중요한지로는 오프라인 성능이 과대평가되어 운영에서 성능이 급락하는 상황을 예방하기 때문입니다. 실무에서는 이벤트 타임 기반 조인과 윈도우 집계를 사용해 라벨 이전 데이터만 사용합니다. 피처 스토어가 시점 조회를 지원하면 누출 위험을 줄이는 데 도움이 됩니다. 면접에서는 누출 사례와 함께 시점 정합성을 설명하라는 질문이 자주 나옵니다.	시점 정합성									mlops	production	ai	data
Q296	드리프트(Drift)		AI / Data / Machine Learning - MLOps / 배포	81	INITIALS	MEDIUM	운영 데이터가 학습 시점과 달라지면서 모델 입력이나 예측 분포가 변하는 현상을 무엇이라고 하는가?	드리프트는 모델이 운영에서 성능 저하를 겪는 대표 원인 중 하나입니다. 왜 중요한지로는 인프라는 정상인데 데이터 변화로 품질이 떨어질 수 있기 때문입니다. 실무에서는 입력 피처 분포, 예측 점수 분포, 세그먼트별 변화를 함께 봅니다. 드리프트가 감지되면 재학습이나 라우팅 조정 같은 대응을 준비해야 합니다. 면접에서는 데이터 드리프트와 컨셉 드리프트를 구분하는 질문이 자주 나옵니다.	드리프트									mlops	production	ai	monitoring
Q297	데이터 드리프트(Data Drift)		AI / Data / Machine Learning - MLOps / 배포	81	INITIALS	MEDIUM	운영 입력 데이터의 분포가 학습 시점과 달라지는 변화를 무엇이라고 하는가?	데이터 드리프트는 입력 분포가 변해 모델이 보던 세상이 달라지는 현상입니다. 왜 중요한지로는 라벨이 없어도 조기 경보를 만들 수 있는 대표 신호이기 때문입니다. 실무에서는 피처별 통계와 PSI KS 같은 지표를 조합해 감지합니다. 드리프트가 곧 성능 저하를 의미하진 않으므로, 대응 기준과 분석 절차를 같이 설계해야 합니다. 면접에서는 데이터 드리프트와 컨셉 드리프트를 구분해 설명하는 문제가 자주 나옵니다.	데이터 드리프트									mlops	production	ai	drift
Q298	컨셉 드리프트(Concept Drift)		AI / Data / Machine Learning - MLOps / 배포	81	INITIALS	MEDIUM	입력 분포는 크게 바뀌지 않아도 입력과 정답의 관계가 바뀌어 성능이 떨어지는 현상을 무엇이라고 하는가?	컨셉 드리프트는 데이터의 모양은 비슷해도 정답 생성 규칙이 바뀌는 문제입니다. 왜 중요한지로는 입력 드리프트만 모니터링하면 성능 저하를 놓칠 수 있기 때문입니다. 실무에서는 라벨이 들어오는 구간에서 지연 성능 측정과 세그먼트별 성능 추적을 병행합니다. 정책 변경이나 사용자 행동 변화가 주요 원인이 되기도 합니다. 면접에서는 원인과 탐지 방법을 함께 말할 수 있어야 합니다.	컨셉 드리프트									mlops	production	ai	drift
Q299	성능 회귀(Performance Regression)		AI / Data / Machine Learning - MLOps / 배포	81	INITIALS	MEDIUM	새 모델이나 설정 변경 후 지연시간 오류율 비용 같은 운영 지표가 나빠지는 현상을 무엇이라고 하는가?	성능 회귀는 기능은 정상이어도 운영 품질이 후퇴하는 문제를 말합니다. 왜 중요한지로는 사용자 경험과 비용이 직결되기 때문입니다. 실무에서는 배포 전후를 비교하는 가드레일 지표와 자동 롤백 트리거로 회귀를 빠르게 잡습니다. 지표는 평균보다 p95 같은 분위수를 포함해 tail 문제를 놓치지 않게 합니다. 면접에서는 회귀를 어떻게 탐지하고 롤백하는지 질문이 자주 나옵니다.	성능 회귀									mlops	production	ai	monitoring
Q300	라벨 지연(Label Delay)		AI / Data / Machine Learning - MLOps / 배포	81	INITIALS	MEDIUM	실제 정답 라벨이 이벤트 발생 후 한참 뒤에 확정되어 모델 성능을 즉시 측정하기 어려운 상황을 무엇이라고 하는가?	라벨 지연은 운영 성능 측정과 회귀 탐지를 어렵게 만드는 대표 이슈입니다. 왜 중요한지로는 문제를 늦게 알아차리면 사용자 피해가 누적될 수 있기 때문입니다. 실무에서는 예측 점수 분포나 입력 드리프트 같은 프록시 신호로 조기 경보를 만들고, 라벨이 도착하면 최종 평가로 확정합니다. 라벨 파이프라인 자체도 관측성과 재시도를 갖춰야 합니다. 면접에서는 라벨 지연 환경에서 운영 전략을 물을 수 있습니다.	라벨 지연									mlops	production	ai	monitoring
Q301	프록시 지표(Proxy Metrics)		AI / Data / Machine Learning - MLOps / 배포	81	INITIALS	MEDIUM	라벨이 없거나 늦게 들어올 때 성능을 간접적으로 추정하기 위해 사용하는 대체 신호를 무엇이라고 하는가?	프록시 지표는 라벨 기반 성능 측정이 어려울 때 운영 경보에 활용됩니다. 왜 중요한지로는 품질 저하를 조기에 감지할 가능성을 높이기 때문입니다. 실무에서는 입력 분포 변화, 예측 확신도 변화, 규칙 위반률 같은 신호를 조합합니다. 프록시만으로 자동 롤백을 걸면 오탐 위험이 있으므로 보수적으로 쓰는 경우가 많습니다. 면접에서는 프록시와 실제 KPI의 차이를 명확히 말하면 좋습니다.	프록시 지표									mlops	production	ai	monitoring
Q302	데이터 스큐(Data Skew)		AI / Data / Machine Learning - MLOps / 배포	81	INITIALS	MEDIUM	학습 데이터와 운영 서빙 데이터의 분포가 달라져 모델 성능이 흔들리는 현상을 무엇이라고 하는가?	데이터 스큐는 학습과 서빙의 환경 차이에서 생기는 대표 문제입니다. 왜 중요한지로는 오프라인 성능이 좋아도 운영에서 갑자기 나빠질 수 있기 때문입니다. 실무에서는 학습 샘플링이 운영 트래픽을 대표하는지 점검하고, 피처 계산의 일관성도 확보합니다. 계절성이나 캠페인처럼 외부 요인도 스큐를 키우므로 모니터링이 필요합니다. 면접에서는 원인과 예방책을 묻는 경우가 많습니다.	데이터 스큐									mlops	production	ai	data
Q303	훈련 서빙 스큐(Training Serving Skew)		AI / Data / Machine Learning - MLOps / 배포	81	INITIALS	MEDIUM	학습 시 사용하는 피처 계산과 운영 서빙 시 피처 계산이 달라져 예측이 달라지는 문제를 무엇이라고 하는가?	훈련 서빙 스큐는 피처 파이프라인 불일치로 생기는 품질 문제입니다. 왜 중요한지로는 코드나 전처리 로직이 조금만 달라도 모델 입력이 달라져 성능이 크게 흔들릴 수 있기 때문입니다. 실무에서는 피처 스토어, 공유 라이브러리, 동일 전처리 컨테이너로 일관성을 맞춥니다. 배포 매니페스트에 전처리 버전까지 포함해 롤백 단위를 넓히는 것도 중요합니다. 면접에서는 스큐를 어떻게 예방했는지 사례를 요구할 수 있습니다.	훈련 서빙 스큐									mlops	production	ai	feature
Q304	특성 엔지니어링(Feature Engineering)		AI / Data / Machine Learning - MLOps / 배포	81	INITIALS	MEDIUM	원천 데이터를 모델이 학습하기 좋은 형태의 입력 피처로 변환하고 구성하는 작업을 무엇이라고 하는가?	특성 엔지니어링은 모델 성능과 운영 안정성 모두에 영향을 줍니다. 왜 중요한지로는 피처 정의가 바뀌면 모델이 보는 정보 자체가 달라지기 때문입니다. 실무에서는 피처 정의를 문서화하고 버전 관리해 재현성과 변경 통제를 확보합니다. 또한 실시간 피처는 지연시간과 정확도의 균형이 필요합니다. 면접에서는 피처 설계에서 누출을 막는 방법도 자주 묻습니다.	특성 엔지니어링									mlops	production	ai	feature
Q305	피처 버저닝(Feature Versioning)		AI / Data / Machine Learning - MLOps / 배포	81	INITIALS	MEDIUM	동일 이름의 피처라도 계산 로직이 바뀌면 버전을 구분해 추적하는 관리를 무엇이라고 하는가?	피처 버저닝은 모델 재현성과 롤백을 가능하게 하는 장치입니다. 왜 중요한지로는 피처 로직 변경이 모델 품질을 크게 바꿀 수 있기 때문입니다. 실무에서는 피처 정의를 코드로 관리하고, 변경 시 호환성 규칙과 검증 절차를 둡니다. 피처 버전이 모델 버전과 함께 기록되어야 원인 분석이 쉬워집니다. 면접에서는 피처 변경이 발생할 때 운영 프로세스를 설명하라는 질문이 나올 수 있습니다.	피처 버저닝									mlops	production	ai	governance
Q306	데이터 계약(Data Contract)		AI / Data / Machine Learning - MLOps / 배포	81	INITIALS	MEDIUM	데이터 제공자와 소비자 간 스키마 의미 변경 절차를 약속해 파이프라인 깨짐을 줄이는 개념을 무엇이라고 하는가?	데이터 계약은 데이터 변경으로 인한 운영 사고를 줄이기 위한 약속입니다. 왜 중요한지로는 스키마 변경이나 의미 변경이 모델 서빙 장애로 이어질 수 있기 때문입니다. 실무에서는 버전, 호환성 규칙, 변경 공지, 검증을 포함합니다. 스키마가 같아도 의미가 바뀌는 경우가 있어 통계적 프로파일링 같은 추가 검증이 필요합니다. 면접에서는 데이터 계약이 왜 필요한지 사례로 설명하면 좋습니다.	데이터 계약									mlops	production	ai	data
Q307	데이터 검증(Data Validation)		AI / Data / Machine Learning - MLOps / 배포	81	INITIALS	MEDIUM	입력 데이터의 스키마 타입 범위 결측 비율 등을 검사해 이상 데이터를 차단하는 절차를 무엇이라고 하는가?	데이터 검증은 운영에서 가장 효과적인 사고 예방 장치 중 하나입니다. 왜 중요한지로는 입력이 깨지면 모델이 정상이어도 결과가 즉시 나빠지기 때문입니다. 실무에서는 범위 체크, 도메인 체크, 결측 급증, 분포 급변을 규칙으로 둡니다. 위반 시 차단, 폴백, 격리 큐로 보내는 등 대응 정책을 함께 설계합니다. 면접에서는 검증을 어디에 두는지와 실패 처리 전략을 자주 묻습니다.	데이터 검증									mlops	production	ai	data
Q308	모델 레지스트리(Model Registry)		AI / Data / Machine Learning - MLOps / 배포	81	INITIALS	MEDIUM	모델 아티팩트 버전 평가 결과 승격 상태를 중앙에서 관리하는 저장소를 무엇이라고 하는가?	모델 레지스트리는 모델을 운영 자산으로 관리하는 핵심 구성요소입니다. 왜 중요한지로는 어떤 모델이 스테이징인지 프로덕션인지, 승인 이력이 무엇인지 추적해야 하기 때문입니다. 실무에서는 모델 파일뿐 아니라 학습 설정과 데이터 버전, 검증 결과를 함께 저장합니다. 레지스트리를 기준으로 자동 배포와 롤백을 구현하면 운영 사고를 줄일 수 있습니다. 면접에서는 단순 파일 저장과의 차이를 설명하라는 질문이 나옵니다.	모델 레지스트리									mlops	production	ai	governance
Q309	모델 버저닝(Model Versioning)		AI / Data / Machine Learning - MLOps / 배포	81	INITIALS	MEDIUM	학습 데이터나 파라미터가 달라진 모델을 버전으로 구분해 추적하는 관리를 무엇이라고 하는가?	모델 버저닝은 재현성과 롤백의 핵심입니다. 왜 중요한지로는 어떤 변경이 성능 회귀를 만들었는지 추적하려면 버전이 명확해야 하기 때문입니다. 실무에서는 모델 파일뿐 아니라 전처리, 설정, 피처 정의까지 함께 버전으로 묶습니다. 또한 modelVersion을 로그와 메트릭에 표준 필드로 남겨 원인 분석을 쉽게 합니다. 면접에서는 버전 정책과 승격 흐름을 구체적으로 설명하라는 질문이 나올 수 있습니다.	모델 버저닝									mlops	production	ai	governance
Q310	재현성(Reproducibility)		AI / Data / Machine Learning - MLOps / 배포	81	INITIALS	MEDIUM	동일한 코드와 데이터 환경에서 같은 결과를 다시 얻을 수 있는 성질을 무엇이라고 하는가?	재현성은 모델 운영에서 디버깅과 감사의 기반입니다. 왜 중요한지로는 성능 회귀나 사고가 났을 때 원인을 재현하지 못하면 해결이 늦어지기 때문입니다. 실무에서는 데이터 스냅샷, 랜덤 시드, 의존성 버전 핀닝, 컨테이너 환경 고정을 함께 수행합니다. 하드웨어 차이로 인한 비결정성도 발생할 수 있어 주의가 필요합니다. 면접에서는 재현성을 어떻게 확보했는지 구체적으로 묻기도 합니다.	재현성									mlops	production	ai	governance
Q311	롤링 업데이트(Rolling Update)		AI / Data / Machine Learning - MLOps / 배포	81	INITIALS	MEDIUM	인스턴스를 한꺼번에 교체하지 않고 순차적으로 교체해 무중단에 가깝게 배포하는 방식을 무엇이라고 하는가?	롤링 업데이트는 가용성을 유지하면서 점진적으로 배포하는 방식입니다. 왜 중요한지로는 전체 다운타임을 줄이고, 문제 발생 시 일부만 영향받도록 할 수 있기 때문입니다. 실무에서는 레디니스 프로브로 준비된 인스턴스만 트래픽을 받게 하며, 업데이트 속도를 조절합니다. 모델 서빙은 워밍업이 필요하므로 교체 과정에서 지연이 튈 수 있어 관측성과 튜닝이 중요합니다. 면접에서는 카나리 블루그린과의 차이도 함께 묻는 경우가 많습니다.	롤링 업데이트									mlops	production	ai	deployment
Q312	레디니스(Readiness)		AI / Data / Machine Learning - MLOps / 배포	81	INITIALS	MEDIUM	서비스 인스턴스가 트래픽을 받을 준비가 되었는지 판단하는 상태를 무엇이라고 하는가?	레디니스는 트래픽 수신 가능 상태를 의미합니다. 왜 중요한지로는 모델 로딩이나 피처 연결이 끝나기 전에 요청이 들어가면 오류와 지연이 급증하기 때문입니다. 실무에서는 준비 조건을 명확히 정의하고, 준비되지 않으면 라우팅에서 제외되도록 합니다. 레디니스 실패가 곧 재시작을 의미한다고 오해하면 운영 설계가 꼬일 수 있어 주의합니다. 면접에서는 라이브니스와 역할 차이를 설명하는 질문이 자주 나옵니다.	레디니스									mlops	production	ai	serving
Q313	타임아웃(Timeout)		AI / Data / Machine Learning - MLOps / 배포	81	INITIALS	MEDIUM	일정 시간 안에 응답이 없으면 요청을 중단해 자원 고갈과 연쇄 장애를 막는 설정을 무엇이라고 하는가?	타임아웃은 분산 시스템에서 필수적인 안정성 장치입니다. 왜 중요한지로는 느린 의존성에 무한 대기하면 스레드나 큐가 고갈되어 전체 장애로 번질 수 있기 때문입니다. 실무에서는 외부 피처 조회, 모델 추론, DB 호출 각각에 적절한 타임아웃을 둡니다. 타임아웃은 재시도 정책과 함께 설계해야 중복 부하를 피할 수 있습니다. 면접에서는 타임아웃이 왜 필요한지와 어디에 설정하는지 자주 묻습니다.	타임아웃									mlops	production	ai	reliability
Q314	재시도(Retry)		AI / Data / Machine Learning - MLOps / 배포	81	INITIALS	MEDIUM	일시적 오류가 발생했을 때 같은 요청을 다시 시도해 성공 확률을 높이는 전략을 무엇이라고 하는가?	재시도는 일시적 네트워크 오류나 순간 장애에 효과적일 수 있습니다. 왜 중요한지로는 불필요한 실패를 줄여 가용성을 높일 수 있기 때문입니다. 실무에서는 무제한 재시도는 폭발적인 부하를 만들 수 있어 횟수 제한과 백오프를 둡니다. 또한 멱등하지 않은 작업에 재시도를 걸면 중복 처리 문제가 생길 수 있어 주의해야 합니다. 면접에서는 재시도와 서킷 브레이커를 함께 설계하는지 자주 확인합니다.	재시도									mlops	production	ai	reliability
Q315	지수 백오프(Exponential Backoff)		AI / Data / Machine Learning - MLOps / 배포	81	INITIALS	MEDIUM	재시도할 때 대기 시간을 점점 늘려 과부하를 줄이는 기법을 무엇이라고 하는가?	지수 백오프는 재시도 폭주로 인한 장애 확산을 막는 기본 기법입니다. 왜 중요한지로는 다수 클라이언트가 동시에 재시도하면 의존 서비스가 더 빨리 죽을 수 있기 때문입니다. 실무에서는 지터를 섞어 동시 재시도 쏠림을 완화합니다. 백오프는 타임아웃과 재시도 횟수, 서킷 브레이커와 함께 전체적으로 설계해야 합니다. 면접에서는 백오프와 지터의 필요성을 자주 묻습니다.	지수 백오프									mlops	production	ai	reliability
Q316	지터(Jitter)		AI / Data / Machine Learning - MLOps / 배포	81	INITIALS	MEDIUM	재시도나 TTL 같은 간격에 랜덤성을 넣어 동시에 몰리는 현상을 줄이는 기법을 무엇이라고 하는가?	지터는 동시에 일어나는 재시도나 만료 이벤트의 쏠림을 줄이는 데 도움됩니다. 왜 중요한지로는 동시성 스파이크가 발생하면 특정 시점에 장애가 집중될 수 있기 때문입니다. 실무에서는 재시도 대기 시간에 랜덤 범위를 더하거나, 캐시 TTL을 약간씩 분산시키는 방식으로 적용합니다. 지터를 넣어도 모든 문제를 완전히 제거하는 것은 아니므로 관측성과 함께 운영해야 합니다. 면접에서는 스탬피드 현상과 함께 지터를 연결해 묻는 경우가 많습니다.	지터									mlops	production	ai	caching
Q317	포인트 인 타임 조인(Point in Time Join)		AI / Data / Machine Learning - MLOps / 배포	81	INITIALS	HARD	라벨 시점 이전에 관측된 피처만 결합하도록 시점을 맞춰 조인하는 기법을 무엇이라고 하는가?	포인트 인 타임 조인은 미래 정보 누출을 막기 위한 핵심 데이터 구성 기법입니다. 왜 중요한지로는 시점이 틀어지면 오프라인 성능이 과대평가되어 운영에서 성능이 급락하기 때문입니다. 실무에서는 이벤트 타임을 기준으로 라벨 시점보다 늦은 레코드가 결합되지 않도록 조인 조건과 윈도우를 엄격히 설계합니다. 피처 스토어나 전용 조인 도구를 쓰더라도 입력 이벤트의 타임스탬프 품질이 나쁘면 누출 위험이 남습니다. 면접에서는 누출 사례를 예로 들어 설명할 수 있는지 자주 확인합니다.	포인트 인 타임 조인									mlops	production	ai	data
Q318	미래 정보 누출(Target Leakage)		AI / Data / Machine Learning - MLOps / 배포	81	INITIALS	HARD	학습 시점에 실제로는 알 수 없는 미래 정보가 피처로 들어가 오프라인 성능이 과대평가되는 문제를 무엇이라고 하는가?	미래 정보 누출은 데이터 파이프라인에서 매우 치명적인 문제입니다. 왜 중요한지로는 테스트에서만 좋고 운영에서 성능이 급락하는 전형적인 실패 패턴을 만들기 때문입니다. 실무에서는 라벨 시점 기준 피처 구성, 시점 정합성 테스트, 조인 조건 리뷰를 통해 방지합니다. 누출은 조인뿐 아니라 집계 윈도우 설정이나 라벨에서 파생된 피처 생성에서도 발생할 수 있습니다. 면접에서는 누출을 발견하는 신호와 예방 절차를 자주 묻습니다.	미래 정보 누출									mlops	production	ai	data
Q319	오프폴리시 평가(Off Policy Evaluation)		AI / Data / Machine Learning - MLOps / 배포	81	INITIALS	HARD	현재 정책으로 수집된 로그 데이터로, 다른 정책이나 모델을 적용했을 때의 성과를 추정하는 평가 기법을 무엇이라고 하는가?	오프폴리시 평가는 추천이나 랭킹처럼 피드백 루프가 있는 시스템에서 중요합니다. 왜 중요한지로는 오프라인 데이터가 현재 정책에 편향되어 새 정책을 공정하게 평가하기 어렵기 때문입니다. 실무에서는 IPS 같은 재가중 기법과 안정화 기법을 사용해 편향을 줄입니다. 로그에 행동 확률 같은 정보가 없으면 적용 가능한 기법이 제한될 수 있습니다. 면접에서는 왜 추천에서 오프라인 평가가 어려운지와 연결해 자주 나옵니다.	오프폴리시 평가									mlops	production	ai	evaluation
Q320	중요도 샘플링(Importance Sampling)		AI / Data / Machine Learning - MLOps / 배포	81	INITIALS	HARD	로그 정책과 평가 정책의 차이를 확률 비율로 보정해 기대 성과를 추정하는 방법을 무엇이라고 하는가?	중요도 샘플링은 오프폴리시 평가의 대표 도구입니다. 왜 중요한지로는 로그 데이터가 특정 정책에 의해 생성되기 때문에 편향 보정이 필요하기 때문입니다. 실무에서는 확률 비율이 커지면 분산이 폭발해 추정이 불안정해질 수 있어 클리핑이나 안정화 기법을 함께 씁니다. 로그에 propensity가 없으면 계산이 불가능하므로 로깅 설계가 선행되어야 합니다. 면접에서는 편향과 분산 트레이드오프를 설명하는 질문이 자주 나옵니다.	중요도 샘플링									mlops	production	ai	evaluation
Q321	개입 효과(Interference)		AI / Data / Machine Learning - MLOps / 배포	81	INITIALS	HARD	A B 테스트에서 한 사용자에게 적용한 정책이 다른 사용자 행동에도 영향을 주어 독립 가정을 깨뜨리는 현상을 무엇이라고 하는가?	개입 효과는 온라인 실험의 신뢰도를 떨어뜨리는 요인입니다. 왜 중요한지로는 버킷 간 차이가 왜곡되어 효과 추정이 잘못될 수 있기 때문입니다. 실무에서는 네트워크 효과가 큰 도메인에서 클러스터 단위 랜덤화 같은 설계를 고려합니다. 캐시나 공유 자원 때문에 버킷이 섞이면 실험 오염이 함께 발생할 수 있습니다. 면접에서는 실험 설계의 함정으로 자주 언급됩니다.	개입 효과									mlops	production	ai	experiment
Q322	실험 오염(Experiment Contamination)		AI / Data / Machine Learning - MLOps / 배포	81	INITIALS	HARD	버킷이 섞이거나 캐시가 공유되어 A B 실험 결과가 왜곡되는 현상을 무엇이라고 하는가?	실험 오염은 온라인 실험을 망치는 대표적인 운영 문제입니다. 왜 중요한지로는 유의미한 차이가 희석되거나 반대로 과대평가될 수 있기 때문입니다. 실무에서는 고정 버킷팅, 세션 고정, 캐시 키에 버킷 정보를 포함해 격리합니다. 실험 기간 중 라우팅 규칙이나 정책 변경을 최소화하는 것도 중요합니다. 면접에서는 오염을 어떻게 탐지하고 예방하는지 자주 묻습니다.	실험 오염									mlops	production	ai	experiment
Q323	멱등성(Idempotency)		AI / Data / Machine Learning - MLOps / 배포	81	INITIALS	HARD	같은 요청을 여러 번 수행해도 결과가 한 번 수행한 것과 동일하도록 보장하는 성질을 무엇이라고 하는가?	멱등성은 재시도와 장애 복구에서 핵심 개념입니다. 왜 중요한지로는 네트워크 불안정으로 재시도가 발생해도 중복 처리로 데이터가 깨지지 않아야 하기 때문입니다. 실무에서는 요청 키를 두고 중복을 제거하거나, 업서트처럼 멱등한 연산으로 설계합니다. 배치 추론 결과 적재에서도 멱등성이 없으면 중복 레코드가 누적될 수 있습니다. 면접에서는 재시도 정책과 함께 멱등성 설계를 설명하라는 질문이 자주 나옵니다.	멱등성									mlops	production	ai	reliability
Q324	백프레셔(Backpressure)		AI / Data / Machine Learning - MLOps / 배포	81	INITIALS	HARD	다운스트림 처리 용량이 부족할 때 업스트림에 속도 조절을 요청해 시스템 붕괴를 막는 제어를 무엇이라고 하는가?	백프레셔는 스트리밍과 비동기 파이프라인에서 중요한 안정성 메커니즘입니다. 왜 중요한지로는 큐가 무한히 쌓이면 메모리 고갈과 지연 폭증으로 장애가 확산되기 때문입니다. 실무에서는 큐 길이 기반 제한, 소비자 동시성 조절, 요청 거절과 폴백을 조합합니다. 모델 서빙에서도 피처 서비스가 느려지면 백프레셔 없이 재시도만 늘리면 폭발할 수 있습니다. 면접에서는 로드 셰딩과 차이를 구분해 설명하는지 봅니다.	백프레셔									mlops	production	ai	reliability
Q325	로드 셰딩(Load Shedding)		AI / Data / Machine Learning - MLOps / 배포	81	INITIALS	HARD	과부하 상황에서 일부 요청을 의도적으로 거절하거나 저품질로 처리해 전체 시스템을 보호하는 전략을 무엇이라고 하는가?	로드 셰딩은 시스템이 죽기 전에 일부를 포기해 전체를 살리는 전략입니다. 왜 중요한지로는 전 요청을 다 받으려 하면 지연이 무한히 늘고 결국 전체 장애가 되기 때문입니다. 실무에서는 우선순위 기반 거절, 샘플링, 저가 폴백 같은 방식으로 적용합니다. 정책을 잘못 설계하면 중요한 트래픽이 희생될 수 있어 우선순위 기준이 필요합니다. 면접에서는 레이트 리밋과의 차이를 설명하는 질문이 나옵니다.	로드 셰딩									mlops	production	ai	reliability
Q326	타일 지연(Tail Latency)		AI / Data / Machine Learning - MLOps / 배포	81	INITIALS	HARD	평균은 정상이어도 일부 요청에서 지연이 크게 튀어 p95 p99가 악화되는 현상을 무엇이라고 하는가?	타일 지연은 사용자 경험을 실제로 망치는 주요 원인입니다. 왜 중요한지로는 평균 지연은 괜찮아 보여도 일부 사용자는 매우 느린 응답을 겪기 때문입니다. 실무에서는 p95 p99 지표를 핵심으로 보고, GC 스톱 더 월드, 콜드 스타트, 네트워크 지연 같은 원인을 추적합니다. 모델 서빙에서는 외부 피처 조회나 배치 크기 튜닝이 타일 지연에 큰 영향을 줍니다. 면접에서는 평균 대신 분위수를 왜 보는지 자주 묻습니다.	타일 지연									mlops	production	ai	performance
Q327	콜드 스타트(Cold Start)		AI / Data / Machine Learning - MLOps / 배포	81	INITIALS	HARD	인스턴스가 처음 뜰 때 모델 로딩과 캐시 미스 때문에 지연이 크게 증가하는 현상을 무엇이라고 하는가?	콜드 스타트는 오토스케일링 환경에서 흔히 나타나는 문제입니다. 왜 중요한지로는 트래픽 급증 시 새 인스턴스가 느리면 전체 지연이 튀기 때문입니다. 실무에서는 모델 워밍업, 프리로딩, 최소 레플리카 유지로 완화합니다. 또한 캐시 워밍과 JIT 최적화 같은 런타임 요소도 고려해야 합니다. 면접에서는 콜드 스타트를 줄이는 운영 전략을 묻는 경우가 많습니다.	콜드 스타트									mlops	production	ai	serving
Q328	캐시 스탬피드(Cache Stampede)		AI / Data / Machine Learning - MLOps / 배포	81	INITIALS	HARD	캐시가 동시에 만료되거나 미스가 발생해 다수 요청이 원본 저장소나 모델로 한꺼번에 몰리는 현상을 무엇이라고 하는가?	캐시 스탬피드는 캐시가 오히려 장애를 유발하는 상황을 만들 수 있습니다. 왜 중요한지로는 순간적으로 DB나 추론 서버에 부하가 폭증해 연쇄 장애가 발생하기 때문입니다. 실무에서는 TTL 지터, singleflight, 선제적 갱신, 락 기반 재생성으로 완화합니다. 완전히 막기는 어려워 관측성과 제한 정책을 함께 두는 것이 중요합니다. 면접에서는 스탬피드와 대응책을 구체적으로 설명하는 질문이 나옵니다.	캐시 스탬피드									mlops	production	ai	caching
Q329	싱글플라이트(Singleflight)		AI / Data / Machine Learning - MLOps / 배포	81	INITIALS	HARD	동일 키에 대한 동시 요청이 몰릴 때 한 요청만 원본 조회나 계산을 수행하고 나머지는 결과를 공유하도록 하는 기법을 무엇이라고 하는가?	싱글플라이트는 스탬피드 방지에 자주 쓰이는 동시성 제어 기법입니다. 왜 중요한지로는 동시에 같은 계산을 반복하면 비용과 부하가 폭발하기 때문입니다. 실무에서는 키 기반 락이나 인플라이트 요청 공유로 구현하며, 타임아웃과 실패 시 폴백 정책이 필요합니다. 분산 환경에서는 프로세스 내 싱글플라이트만으로는 부족해 분산 락을 함께 고려합니다. 면접에서는 캐시 스탬피드 대응으로 자주 연결됩니다.	싱글플라이트									mlops	production	ai	caching
Q330	분산 락(Distributed Lock)		AI / Data / Machine Learning - MLOps / 배포	81	INITIALS	HARD	여러 인스턴스가 동시에 같은 작업을 수행하지 않도록 분산 환경에서 락을 제공하는 메커니즘을 무엇이라고 하는가?	분산 락은 다중 인스턴스 환경에서 중복 작업을 막기 위한 수단입니다. 왜 중요한지로는 캐시 재생성, 배치 작업, 리더 선출 같은 작업이 중복되면 데이터가 깨지거나 비용이 폭증할 수 있기 때문입니다. 실무에서는 락 만료와 갱신, 장애 시 락 해제, 공정성 같은 이슈를 반드시 고려합니다. 구현을 잘못하면 데드락이나 동시 실행을 막지 못하는 상황이 생길 수 있습니다. 면접에서는 분산 락의 한계와 주의점을 설명하라는 질문이 자주 나옵니다.	분산 락									mlops	production	ai	reliability
Q331	아토믹 스왑(Atomic Swap)		AI / Data / Machine Learning - MLOps / 배포	81	INITIALS	HARD	모델 파일이나 라우팅 대상 같은 리소스를 중간 상태 없이 한 번에 교체하도록 보장하는 전환 방식을 무엇이라고 하는가?	아토믹 스왑은 교체 과정에서 중간 상태를 노출하지 않게 하는 전환 기법입니다. 왜 중요한지로는 배포 도중 일부 요청이 깨진 파일이나 혼합 설정을 읽으면 장애가 발생할 수 있기 때문입니다. 실무에서는 심볼릭 링크 교체, 버전 디렉터리 전환, 원자적 설정 플립 같은 방식으로 구현합니다. 스왑 후에는 캐시 무효화나 워밍업을 함께 고려해야 합니다. 면접에서는 무중단 배포에서 안전한 전환 단위를 설명할 때 나옵니다.	아토믹 스왑									mlops	production	ai	deployment
Q332	블라스트 레디우스(Blast Radius)		AI / Data / Machine Learning - MLOps / 배포	81	INITIALS	HARD	장애나 배포 실패가 영향을 미치는 범위의 크기를 무엇이라고 하는가?	블라스트 레디우스는 사고의 피해 범위를 나타내는 운영 개념입니다. 왜 중요한지로는 같은 장애라도 범위를 줄이면 사용자 피해와 복구 비용이 크게 감소하기 때문입니다. 실무에서는 카나리, 점진적 롤아웃, 기능 플래그, 세그먼트 라우팅으로 범위를 줄입니다. 관측성과 자동 롤백이 함께 있어야 작은 범위에서 빠르게 차단할 수 있습니다. 면접에서는 배포 전략을 선택할 때 블라스트 레디우스를 어떻게 고려하는지 묻기도 합니다.	블라스트 레디우스									mlops	production	ai	reliability
Q333	세그먼트 라우팅(Segment Routing)		AI / Data / Machine Learning - MLOps / 배포	81	INITIALS	HARD	사용자 그룹이나 조건에 따라 서로 다른 모델 버전으로 요청을 분기하는 라우팅 기법을 무엇이라고 하는가?	세그먼트 라우팅은 단계적 배포와 실험의 기반이 되는 기술입니다. 왜 중요한지로는 특정 사용자군에만 적용해 위험을 제한하거나 효과를 측정할 수 있기 때문입니다. 실무에서는 버킷팅, 정책 엔진, 게이트웨이 규칙으로 구현하며 일관된 라우팅이 매우 중요합니다. 캐시 키에 세그먼트 정보를 포함하지 않으면 결과가 섞여 오염이 발생할 수 있습니다. 면접에서는 라우팅 일관성과 실험 오염을 함께 설명하는지 봅니다.	세그먼트 라우팅									mlops	production	ai	experiment
Q334	모델 라우팅(Model Routing)		AI / Data / Machine Learning - MLOps / 배포	81	INITIALS	HARD	요청 특성이나 정책에 따라 어느 모델이 예측을 수행할지 결정하는 경로 선택을 무엇이라고 하는가?	모델 라우팅은 멀티 모델 운영에서 필수 개념입니다. 왜 중요한지로는 동일 엔드포인트라도 모델 버전이나 실험 버킷에 따라 결과가 달라지기 때문입니다. 실무에서는 라우팅 규칙을 설정으로 관리하고, 변경 이력과 롤백을 가능하게 해야 합니다. 라우팅 결과가 로그와 메트릭에 남아야 장애 분석과 품질 분석이 가능합니다. 면접에서는 라우팅을 어디에서 결정하고 어떻게 관측하는지 묻는 경우가 많습니다.	모델 라우팅									mlops	production	ai	serving
Q335	모델 서명(Model Signature)		AI / Data / Machine Learning - MLOps / 배포	81	INITIALS	HARD	모델이 기대하는 입력 출력 스키마를 계약처럼 명시해 서빙 시 검증에 활용하는 정보를 무엇이라고 하는가?	모델 서명은 입력 출력 형식을 명확히 해 서빙 안정성을 높입니다. 왜 중요한지로는 잘못된 타입이나 누락 필드가 들어오면 예측 오류나 품질 저하가 발생하기 때문입니다. 실무에서는 타입, shape, 필수 필드를 검증하고 호환되지 않는 요청은 빠르게 실패시키거나 폴백합니다. 서명 변경은 배포 호환성에 영향을 주므로 버전과 함께 관리해야 합니다. 면접에서는 모델 계약과 API 계약을 연결해 설명하라는 질문이 나올 수 있습니다.	모델 서명									mlops	production	ai	serving
Q336	다크 런치(Dark Launch)		AI / Data / Machine Learning - MLOps / 배포	81	INITIALS	HARD	새 기능이나 모델 경로를 사용자에게 노출하지 않은 채 내부적으로 실행만 해보며 안정성을 검증하는 출시 방식을 무엇이라고 하는가?	다크 런치는 사용자가 인지하지 못하는 상태에서 새 경로를 실제 환경에서 검증하는 방식입니다. 왜 중요한지로는 사용자 경험을 바꾸지 않고도 성능과 오류를 확인할 수 있기 때문입니다. 실무에서는 섀도 배포와 유사하지만 기능 플래그 기반으로 코드 경로를 숨겨두고 실행하는 형태가 많습니다. 다크 런치도 비용이 늘 수 있어 샘플링과 관측성이 필요합니다. 면접에서는 섀도 배포와의 차이를 설명하라는 질문이 나올 수 있습니다.	다크 런치									mlops	production	ai	deployment
Q337	차등 프라이버시(Differential Privacy)		AI / Data / Machine Learning - MLOps / 배포	81	INITIALS	HARD	개별 데이터의 영향을 통계적으로 숨기기 위해 노이즈를 추가해 프라이버시를 보장하는 기법을 무엇이라고 하는가?	차등 프라이버시는 데이터 공개나 학습 과정에서 개인 정보 노출을 줄이는 대표 기법입니다. 왜 중요한지로는 로그나 학습 데이터가 유출되거나 재식별 공격에 노출될 위험이 있기 때문입니다. 실무에서는 프라이버시 예산 개념으로 노이즈 강도를 관리하고, 유틸리티와 프라이버시의 균형을 잡습니다. MLOps 관점에서는 학습 파이프라인과 로그 저장 정책에 DP 적용 여부를 명확히 해야 합니다. 면접에서는 DP가 무엇을 보장하고 무엇을 보장하지 않는지 구분해 설명하는지 봅니다.	차등 프라이버시									mlops	production	ai	privacy
Q338	프라이버시 예산(Privacy Budget)		AI / Data / Machine Learning - MLOps / 배포	81	INITIALS	HARD	차등 프라이버시에서 누적 질의나 학습 반복으로 소모되는 프라이버시 수준을 수치로 관리하는 값을 무엇이라고 하는가?	프라이버시 예산은 DP에서 노이즈와 보호 수준을 정량적으로 관리하는 핵심 개념입니다. 왜 중요한지로는 예산을 초과하면 더 이상 동일한 수준의 프라이버시 보장을 주장하기 어렵기 때문입니다. 실무에서는 데이터셋에 대한 반복 학습이나 리포팅 횟수를 통제하고, 예산 소진을 기록합니다. 예산이 작을수록 노이즈가 커져 성능이 떨어질 수 있어 운영 목표와 함께 설계해야 합니다. 면접에서는 예산 누적과 트레이드오프 설명이 자주 나옵니다.	프라이버시 예산									mlops	production	ai	privacy
Q339	모델 반전 공격(Model Inversion)		AI / Data / Machine Learning - MLOps / 배포	81	INITIALS	HARD	모델의 출력이나 확률을 이용해 학습 데이터의 민감한 속성을 역으로 추정하려는 공격을 무엇이라고 하는가?	모델 반전 공격은 모델이 민감 정보를 학습했을 때 발생할 수 있는 보안 위협입니다. 왜 중요한지로는 서비스가 확률 값이나 임베딩을 과도하게 노출하면 공격 표면이 커질 수 있기 때문입니다. 실무에서는 출력 제한, 로깅 최소화, DP 학습, 접근 제어를 조합해 완화합니다. 특히 모델 API가 외부에 공개되는 경우 위협 모델링이 필요합니다. 면접에서는 모델 보안에서 어떤 공격이 있는지 대표 예로 자주 나옵니다.	모델 반전 공격									mlops	production	ai	security
Q340	멤버십 추론(Membership Inference)		AI / Data / Machine Learning - MLOps / 배포	81	INITIALS	HARD	특정 샘플이 학습 데이터에 포함되었는지 여부를 모델 출력으로 추정하는 공격을 무엇이라고 하는가?	멤버십 추론은 개인정보와 데이터 사용 이슈를 직접적으로 건드립니다. 왜 중요한지로는 학습 데이터 포함 여부 자체가 민감 정보가 될 수 있기 때문입니다. 실무에서는 과적합을 줄이고, 출력 확률을 제한하거나 DP 학습을 적용해 위험을 낮춥니다. 운영에서는 로그나 API 응답에서 과도한 신호를 주지 않도록 주의해야 합니다. 면접에서는 멤버십 추론과 DP의 관계를 연결해 묻기도 합니다.	멤버십 추론									mlops	production	ai	security
Q341	적대적 예제(Adversarial Example)		AI / Data / Machine Learning - MLOps / 배포	81	INITIALS	HARD	입력에 작은 교란을 넣어 모델이 오답을 내도록 유도하는 공격 입력을 무엇이라고 하는가?	적대적 예제는 모델이 사람 눈에는 같은 입력을 다르게 판단하도록 속이는 공격입니다. 왜 중요한지로는 보안이 중요한 도메인에서 모델이 쉽게 우회될 수 있기 때문입니다. 실무에서는 입력 정규화, 탐지 모델, 적대적 학습, 출력 필터링 등을 고려합니다. 운영 중에는 특정 패턴의 입력 급증을 모니터링해 공격 신호를 잡기도 합니다. 면접에서는 적대적 예제의 개념과 방어 전략을 자주 묻습니다.	적대적 예제									mlops	production	ai	security
Q342	온라인 피처 스토어(Online Feature Store)		AI / Data / Machine Learning - MLOps / 배포	81	INITIALS	HARD	실시간 추론에서 낮은 지연으로 피처를 제공하기 위해 키 기반 조회를 지원하는 피처 저장소를 무엇이라고 하는가?	온라인 피처 스토어는 실시간 서빙을 위한 피처 제공 계층입니다. 왜 중요한지로는 피처 조회 지연이 곧 서빙 지연과 오류로 이어지기 때문입니다. 실무에서는 TTL, 캐시, 백필, 일관성 모델을 함께 고려해 설계합니다. 오프라인과 온라인 피처 정의가 어긋나면 훈련 서빙 스큐가 발생할 수 있어 통합 관리가 중요합니다. 면접에서는 온라인 오프라인 피처 스토어 차이를 자주 묻습니다.	온라인 피처 스토어									mlops	production	ai	feature
Q343	오프라인 피처 스토어(Offline Feature Store)		AI / Data / Machine Learning - MLOps / 배포	81	INITIALS	HARD	학습과 분석을 위해 대규모 피처를 배치로 생성하고 시점 조회를 지원하는 피처 저장소를 무엇이라고 하는가?	오프라인 피처 스토어는 학습용 피처를 대규모로 관리하는 계층입니다. 왜 중요한지로는 재현성과 시점 정합성이 학습 품질을 좌우하기 때문입니다. 실무에서는 이벤트 타임 기반 저장, 백필, 스냅샷, 리니지 기록을 함께 둡니다. 오프라인 피처 정의가 운영과 다르면 스큐가 생기므로 동일 정의를 공유하는 것이 중요합니다. 면접에서는 포인트 인 타임 조인과 연결해 질문이 나옵니다.	오프라인 피처 스토어									mlops	production	ai	feature
Q344	피처 백필(Feature Backfill)		AI / Data / Machine Learning - MLOps / 배포	81	INITIALS	HARD	피처 생성 로직 변경이나 누락 복구를 위해 과거 구간의 피처를 다시 계산해 채우는 작업을 무엇이라고 하는가?	피처 백필은 피처 정의 변경 시 흔히 필요한 운영 작업입니다. 왜 중요한지로는 과거 피처가 일관되지 않으면 재학습과 평가가 왜곡될 수 있기 때문입니다. 실무에서는 백필 범위, 비용, 처리 시간, 재처리 멱등성을 계획해야 합니다. 백필로 인해 온라인 스토어까지 덮어쓰면 운영 결과가 흔들릴 수 있어 분리 전략이 필요합니다. 면접에서는 백필의 위험과 통제 방법을 묻기도 합니다.	피처 백필									mlops	production	ai	data
Q345	스키마 진화(Schema Evolution)		AI / Data / Machine Learning - MLOps / 배포	81	INITIALS	HARD	데이터 스키마가 시간이 지나며 필드 추가 삭제 변경을 겪는 과정을 무엇이라고 하는가?	스키마 진화는 데이터 파이프라인에서 피할 수 없는 현실입니다. 왜 중요한지로는 스키마 변경이 모델 서빙 장애로 직결될 수 있기 때문입니다. 실무에서는 하위 호환성 규칙, 버전 관리, 데이터 계약, 마이그레이션 절차를 둡니다. 단순 컬럼 추가보다 의미 변경이 더 위험하므로 통계적 프로파일링과 샘플 검증이 필요합니다. 면접에서는 스키마 진화 대응 전략을 구체적으로 묻습니다.	스키마 진화									mlops	production	ai	data
Q346	모델 거버넌스(Model Governance)		AI / Data / Machine Learning - MLOps / 배포	81	INITIALS	HARD	모델의 승인 배포 감사 책임 추적을 포함해 조직 차원에서 통제하는 체계를 무엇이라고 하는가?	모델 거버넌스는 모델을 운영 자산으로 관리하는 통제 체계입니다. 왜 중요한지로는 규제와 감사, 사고 대응에서 책임 추적이 필요하기 때문입니다. 실무에서는 승인 워크플로, 변경 관리, 모델 카드, 데이터 리니지, 접근 제어를 포함합니다. 거버넌스가 과하면 속도가 느려질 수 있어 위험도 기반으로 차등 적용하는 것이 현실적입니다. 면접에서는 거버넌스와 컴플라이언스를 구분해 설명하는 질문이 나옵니다.	모델 거버넌스									mlops	production	ai	governance
Q347	모델 카드(Model Card)		AI / Data / Machine Learning - MLOps / 배포	81	INITIALS	HARD	모델의 목적 데이터 출처 평가 결과 한계 위험을 문서로 정리한 산출물을 무엇이라고 하는가?	모델 카드는 모델의 사용 목적과 한계를 투명하게 기록하는 문서입니다. 왜 중요한지로는 운영 중 오용을 줄이고 위험을 공유할 수 있기 때문입니다. 실무에서는 학습 데이터 요약, 주요 지표, 편향 이슈, 권장 사용 범위, 금지 사례를 포함합니다. 배포 승인 과정에서 모델 카드가 체크리스트 역할을 하기도 합니다. 면접에서는 책임 있는 AI 운영에서 모델 카드의 역할을 자주 묻습니다.	모델 카드									mlops	production	ai	governance
Q348	데이터 카드(Data Card)		AI / Data / Machine Learning - MLOps / 배포	81	INITIALS	HARD	데이터셋의 수집 방식 구성 편향 품질 한계 사용 제한을 문서화한 산출물을 무엇이라고 하는가?	데이터 카드는 데이터셋의 맥락을 설명하는 문서입니다. 왜 중요한지로는 데이터가 바뀌면 모델이 바뀌고, 편향과 품질 문제가 모델 위험으로 이어지기 때문입니다. 실무에서는 수집 경로, 라벨링 기준, 커버리지, 결측, 사용 제한을 기록합니다. 데이터 카드가 있으면 새 팀원이 운영을 인수인계할 때도 이해가 빠릅니다. 면접에서는 모델 카드와 함께 책임 있는 데이터 관리로 연결해 질문이 나올 수 있습니다.	데이터 카드									mlops	production	ai	governance
Q349	핫픽스(Hotfix)		AI / Data / Machine Learning - MLOps / 배포	81	INITIALS	HARD	긴급 장애를 해결하기 위해 정상 릴리즈 프로세스보다 빠르게 적용하는 긴급 수정 배포를 무엇이라고 하는가?	핫픽스는 운영 중단을 최소화하기 위한 긴급 배포 절차입니다. 왜 중요한지로는 장애 대응에서 속도가 핵심인 경우가 많기 때문입니다. 실무에서는 핫픽스 후 반드시 원인 분석과 정식 릴리즈로의 정리 작업을 수행해야 기술 부채가 쌓이지 않습니다. 또한 핫픽스가 정상 프로세스를 우회하므로 변경 관리와 감사 로그를 더 신경 써야 합니다. 면접에서는 핫픽스 남발의 위험을 설명하라는 질문이 나옵니다.	핫픽스									mlops	production	ai	operations
Q350	블랙박스 테스트(Black Box Testing)		AI / Data / Machine Learning - MLOps / 배포	81	INITIALS	HARD	내부 구현을 보지 않고 입력과 출력만으로 시스템 동작을 검증하는 테스트 접근을 무엇이라고 하는가?	블랙박스 테스트는 API와 시스템 관점에서 동작을 검증하는 방식입니다. 왜 중요한지로는 운영 환경에서 사용자 요청은 내부 구현과 무관하게 결과로 판단되기 때문입니다. 실무에서는 계약 테스트, 엔드투엔드 테스트, 회귀 테스트로 이어져 배포 안정성을 높입니다. 모델 서빙에서는 경계값, 이상치, 누락 피처 입력으로 동작을 확인하는 것이 중요합니다. 면접에서는 화이트박스와 차이와 적용 위치를 묻는 경우가 많습니다.	블랙박스 테스트									mlops	production	ai	testing
Q351	계약 테스트(Contract Testing)		AI / Data / Machine Learning - MLOps / 배포	81	INITIALS	HARD	서비스 간 API 스키마와 응답 규약을 깨지지 않게 보장하기 위해 계약을 기반으로 검증하는 테스트를 무엇이라고 하는가?	계약 테스트는 마이크로서비스나 모델 서빙에서 API 안정성을 높입니다. 왜 중요한지로는 스키마 변경이 곧 장애로 이어질 수 있기 때문입니다. 실무에서는 요청 응답 스키마, 필수 필드, 타입, 에러 포맷을 계약으로 정의합니다. 계약이 깨지면 배포를 차단해 사고를 예방할 수 있습니다. 면접에서는 데이터 계약과의 관계를 연결해 질문이 나올 수 있습니다.	계약 테스트									mlops	production	ai	testing
Q352	카오스 엔지니어링(Chaos Engineering)		AI / Data / Machine Learning - MLOps / 배포	81	INITIALS	HARD	의도적으로 장애를 주입해 시스템 복원력과 대응 절차를 검증하는 접근을 무엇이라고 하는가?	카오스 엔지니어링은 실패를 전제로 복원력을 높이는 방법입니다. 왜 중요한지로는 실제 장애는 예고 없이 오고, 사전에 연습하지 않으면 대응이 늦어지기 때문입니다. 실무에서는 네트워크 지연, 인스턴스 종료, 의존 서비스 장애를 주입하고 SLO 영향과 복구 시간을 측정합니다. 범위를 작게 시작하고 자동 중단 가드레일을 두는 것이 안전합니다. 면접에서는 카오스 테스트가 단순 파괴가 아니라 학습이라는 점을 설명해야 합니다.	카오스 엔지니어링									mlops	production	ai	reliability
Q353	장애 주입(Fault Injection)		AI / Data / Machine Learning - MLOps / 배포	81	INITIALS	HARD	네트워크 오류 타임아웃 패킷 드롭 같은 실패 조건을 인위적으로 만들어 시스템 반응을 검증하는 기법을 무엇이라고 하는가?	장애 주입은 시스템이 실패에 어떻게 반응하는지 확인하는 실무 기법입니다. 왜 중요한지로는 실패를 겪지 않은 시스템은 실제 장애에서 취약할 가능성이 높기 때문입니다. 실무에서는 타임아웃, 지연, 의존 서비스 500 응답을 주입하고 서킷 브레이커 폴백이 기대대로 동작하는지 봅니다. 실험 범위를 제한하고 관측성과 롤백 플랜을 준비해야 안전합니다. 면접에서는 카오스 엔지니어링과의 관계로 자주 나옵니다.	장애 주입									mlops	production	ai	reliability
Q354	결정성(Determinism)		AI / Data / Machine Learning - MLOps / 배포	81	INITIALS	HARD	같은 입력과 환경에서 항상 같은 출력이 나오도록 보장되는 성질을 무엇이라고 하는가?	결정성은 재현성과 디버깅을 단단하게 만들어줍니다. 왜 중요한지로는 비결정적 동작은 회귀를 재현하기 어렵게 하고 신뢰를 떨어뜨리기 때문입니다. 실무에서는 랜덤 시드 고정, 라이브러리 버전 핀닝, 연산 커널 설정으로 결정성을 높입니다. GPU 연산은 본질적으로 비결정적 경로가 있을 수 있어 완전한 결정성은 어려울 수 있습니다. 면접에서는 결정성과 재현성의 차이를 설명하라는 질문이 나올 수 있습니다.	결정성									mlops	production	ai	governance
Q355	드리프트 트리거 재학습(Drift Triggered Retraining)		AI / Data / Machine Learning - MLOps / 배포	81	INITIALS	HARD	드리프트나 품질 저하 신호가 일정 기준을 넘으면 자동으로 재학습 파이프라인을 실행하는 전략을 무엇이라고 하는가?	드리프트 트리거 재학습은 운영 자동화 수준을 높이는 전략입니다. 왜 중요한지로는 데이터 변화가 빠른 도메인에서 수동 재학습은 대응이 늦기 때문입니다. 실무에서는 오탐으로 불필요한 재학습이 폭증하지 않도록 조건을 보수적으로 두고, 승인 단계를 넣기도 합니다. 또한 재학습이 배포까지 자동으로 이어질 경우 가드레일과 승격 기준이 매우 중요합니다. 면접에서는 자동 재학습의 장점과 위험을 함께 설명하는지 봅니다.	드리프트 트리거 재학습									mlops	production	ai	automation