question_temp_key	term_title	term_id	term_category	term_category_id	question_type	difficulty	question_text	explanation	text_answer	choice_1_text	choice_1_is_answer	choice_2_text	choice_2_is_answer	choice_3_text	choice_3_is_answer	choice_4_text	choice_4_is_answer	label_1_key	label_2_key	label_3_key	label_4_key
Q001	깃(Git) 기본 목적		DevOps / Cloud - 버전 관리	61	CHOICE	EASY	DevOps에서 Git을 사용하는 가장 기본적인 목적은 무엇인가?	Git은 소스 코드 변경 이력을 기록하고 협업을 쉽게 해주는 버전 관리 도구입니다.DevOps에서는 배포 파이프라인의 시작점이 코드이기 때문에 변경 이력이 핵심입니다.면접에서는 Git이 왜 필요한지와 commit branch merge 같은 기본 용어를 확인합니다.실무에서는 이력이 없으면 장애 원인 추적과 롤백이 매우 어려워집니다.따라서 Git은 DevOps 협업과 자동화의 기반으로 이해하는 것이 좋습니다.		코드 변경 이력을 기록하고 협업을 쉽게 한다	TRUE	서버 CPU 사용량을 줄인다	FALSE	데이터베이스를 자동으로 백업한다	FALSE	클라우드 비용을 자동으로 결제한다	FALSE	devops	git	version_control	collaboration
Q002	브랜치(Branch)		DevOps / Cloud - 버전 관리	61	CHOICE	EASY	Git에서 브랜치를 사용하는 이유로 가장 올바른 것은?	브랜치는 기존 코드 흐름을 유지한 채로 작업을 분리해 진행하게 해줍니다.DevOps에서는 기능 개발과 긴급 수정이 동시에 일어나 브랜치가 특히 중요합니다.면접에서는 브랜치가 무엇인지와 PR 기반 협업 흐름까지 이어서 묻습니다.실무에서는 main에 직접 커밋하면 배포 사고 확률이 커져 보통 금지합니다.브랜치를 이해하면 CI 검증과 코드리뷰 문화도 함께 연결됩니다.		기능 개발을 분리해 작업한다	TRUE	파일 용량을 압축한다	FALSE	네트워크 대역폭을 늘린다	FALSE	비밀번호를 암호화한다	FALSE	devops	git	branch	workflow
Q003	풀 리퀘스트(PR)		DevOps / Cloud - 버전 관리	61	CHOICE	EASY	PR의 가장 대표적인 목적은 무엇인가?	PR은 코드 변경을 병합하기 전에 리뷰와 검증을 거치기 위한 협업 단위입니다.DevOps에서는 PR에 CI를 붙여 빌드 테스트를 자동으로 돌리는 흐름이 일반적입니다.면접에서는 PR과 코드리뷰의 장점, 그리고 병합 전에 확인할 항목을 묻습니다.실무에서는 PR 템플릿과 체크리스트로 품질 기준을 통일합니다.PR이 없으면 변경이 누락되거나 무심코 배포되는 위험이 커집니다.		코드리뷰와 병합 전 검증을 위해서	TRUE	서버를 자동으로 재부팅하기 위해서	FALSE	로그를 자동으로 삭제하기 위해서	FALSE	데이터센터를 선택하기 위해서	FALSE	devops	git	pr	code_review
Q004	커밋(Commit)		DevOps / Cloud - 버전 관리	61	CHOICE	EASY	Git에서 commit이 의미하는 것은 무엇인가?	커밋은 특정 시점의 변경 내용을 기록한 하나의 스냅샷입니다.DevOps에서는 커밋 단위가 배포 단위로 연결되기도 해서 메시지 품질이 중요합니다.면접에서는 커밋과 push의 차이, 커밋 메시지 규칙을 확인하기도 합니다.실무에서는 작은 단위로 커밋하면 원인 추적과 되돌리기가 쉬워집니다.커밋 메시지는 무엇을 왜 바꿨는지 남기는 습관이 핵심입니다.		변경 내용을 기록한 스냅샷	TRUE	원격 저장소를 삭제하는 명령	FALSE	컨테이너를 실행하는 기능	FALSE	서버 설정을 초기화하는 작업	FALSE	devops	git	commit	traceability
Q005	CI(Continuous Integration)		DevOps / Cloud - CI/CD	62	CHOICE	EASY	CI의 핵심 목표로 가장 올바른 것은?	CI는 코드 변경을 자주 통합하고 자동 빌드 및 테스트로 문제를 빠르게 발견하는 방식입니다.DevOps에서는 PR 생성 시 CI가 자동으로 돌도록 구성하는 경우가 많습니다.면접에서는 CI가 없을 때 생기는 문제와 CI 단계에 무엇을 넣을지 묻습니다.실무에서는 테스트가 느리면 개발 속도가 떨어져 단계 분리가 중요합니다.CI는 품질을 자동으로 보장하는 첫 관문이라는 관점으로 이해하면 좋습니다.		변경을 자주 통합하고 자동 검증한다	TRUE	사용자의 비밀번호를 저장한다	FALSE	DB 데이터를 수동으로 정리한다	FALSE	클라우드 리전을 선택한다	FALSE	devops	ci	pipeline	testing
Q006	CD(Continuous Delivery)		DevOps / Cloud - CI/CD	62	CHOICE	EASY	일반적으로 Continuous Delivery는 무엇을 의미하는가?	Continuous Delivery는 배포 가능한 상태를 항상 유지하도록 자동화하는 방식입니다.보통 운영 배포는 승인 버튼으로 마지막 단계를 제어할 수 있습니다.면접에서는 Delivery와 Deployment 차이를 구분해 설명하는지 자주 봅니다.실무에서는 환경별 설정 차이를 줄이기 위해 IaC와 함께 사용합니다.핵심은 언제든 안전하게 배포할 수 있는 준비 상태를 만드는 것입니다.		배포 가능한 상태를 항상 유지	TRUE	운영에 무조건 자동 배포	FALSE	코드 리뷰를 완전히 없애는 방법	FALSE	서버를 수동으로 설치하는 방식	FALSE	devops	cd	release	automation
Q007	파이프라인(Pipeline)		DevOps / Cloud - CI/CD	62	CHOICE	EASY	CI/CD 파이프라인이란 무엇인가?	파이프라인은 빌드 테스트 배포 같은 작업 단계를 자동으로 연결한 흐름입니다.DevOps에서는 파이프라인을 코드로 관리해 재현성과 변경 이력을 남깁니다.면접에서는 파이프라인 단계 구성 예시를 말할 수 있는지 확인합니다.실무에서는 실패 지점을 빠르게 찾기 위해 단계별 로그와 아티팩트를 남깁니다.파이프라인은 배포 안정성을 높이는 핵심 자동화 장치입니다.		자동화된 단계 실행 흐름	TRUE	데이터베이스 테이블 설계	FALSE	프론트엔드 레이아웃 도구	FALSE	DNS 레코드 종류	FALSE	devops	cicd	pipeline	automation
Q008	롤백(Rollback)		DevOps / Cloud - CI/CD	62	CHOICE	EASY	배포 후 문제가 생겼을 때 rollback의 의미로 가장 맞는 것은?	롤백은 문제가 발생한 배포를 이전의 안정 버전으로 되돌리는 것입니다.DevOps에서는 롤백 전략을 배포 전략과 함께 설계해야 합니다.면접에서는 롤백이 왜 중요한지와 롤백 방법 예시를 묻습니다.실무에서는 DB 마이그레이션이 있으면 롤백이 어려워 사전 계획이 필요합니다.롤백 가능성이 곧 서비스 복구 속도를 좌우합니다.		이전 안정 버전으로 되돌린다	TRUE	서버를 영구 삭제한다	FALSE	사용자 계정을 초기화한다	FALSE	로그를 암호화한다	FALSE	devops	deployment	rollback	reliability
Q009	도커(Docker)		DevOps / Cloud - 컨테이너	63	CHOICE	EASY	컨테이너 기술이 주로 해결하려는 문제는 무엇인가?	컨테이너는 실행 환경을 패키징해 어디서나 동일하게 실행되도록 돕습니다.DevOps에서는 개발과 운영의 환경 차이로 생기는 문제를 크게 줄여줍니다.면접에서는 VM과 컨테이너 차이를 기본 수준에서 묻는 경우가 많습니다.실무에서는 이미지 버전 관리와 보안 업데이트가 중요합니다.한 문장으로는 환경 일관성과 배포 효율을 높이는 기술입니다.		실행 환경을 동일하게 만든다	TRUE	네트워크 속도를 무조건 10배 올린다	FALSE	데이터를 자동으로 정규화한다	FALSE	브라우저 렌더링을 최적화한다	FALSE	devops	container	docker	portability
Q010	이미지(Image)		DevOps / Cloud - 컨테이너	63	CHOICE	EASY	Docker 이미지란 무엇에 가장 가깝나?	이미지는 애플리케이션 실행에 필요한 파일과 설정을 묶어둔 템플릿입니다.컨테이너는 이미지를 실행한 인스턴스라고 이해하면 쉽습니다.면접에서는 이미지와 컨테이너의 차이를 구분해 설명하는지 확인합니다.실무에서는 이미지 태그 전략이 배포 안정성과 직결됩니다.또한 이미지 크기를 줄이면 빌드와 배포 시간이 개선됩니다.		컨테이너 실행 템플릿	TRUE	실행 중인 컨테이너 자체	FALSE	운영 서버의 물리 장비	FALSE	DNS 설정 파일	FALSE	devops	docker	image	container
Q011	컨테이너(Container)		DevOps / Cloud - 컨테이너	63	CHOICE	EASY	Docker 컨테이너에 대한 설명으로 가장 올바른 것은?	컨테이너는 이미지로부터 실행된 격리된 프로세스 환경입니다.OS 커널은 공유하지만 파일 시스템과 네트워크 등은 논리적으로 분리됩니다.면접에서는 격리 수준과 가벼운 이유를 묻는 경우가 많습니다.실무에서는 컨테이너가 영구 저장소가 아니라는 점을 특히 주의합니다.상태 저장은 볼륨이나 외부 스토리지로 분리하는 설계가 일반적입니다.		이미지로부터 실행된 격리 프로세스	TRUE	VM처럼 항상 별도 OS를 포함한다	FALSE	데이터베이스 테이블과 동일하다	FALSE	Git 브랜치의 다른 이름이다	FALSE	devops	container	isolation	runtime
Q012	쿠버네티스(Kubernetes)		DevOps / Cloud - 컨테이너	63	CHOICE	EASY	Kubernetes의 대표적인 역할은 무엇인가?	Kubernetes는 컨테이너를 배포하고 확장하고 복구하는 오케스트레이션 시스템입니다.DevOps에서는 서비스 규모가 커질수록 운영 자동화가 중요해져 K8s가 자주 등장합니다.면접에서는 Kubernetes가 왜 필요한지와 어떤 문제를 해결하는지 묻습니다.실무에서는 원하는 상태를 선언하고 시스템이 맞추도록 하는 방식이 핵심입니다.즉 컨테이너 운영을 표준화하고 자동화하는 플랫폼으로 이해하면 됩니다.		컨테이너 오케스트레이션	TRUE	코드의 버전 이력을 저장	FALSE	브라우저 캐시를 관리	FALSE	DB 인덱스를 생성	FALSE	devops	kubernetes	orchestration	scaling
Q013	클라우드(Cloud) 기본 개념		DevOps / Cloud - 클라우드 서비스	64	CHOICE	EASY	클라우드 컴퓨팅의 가장 일반적인 특징은 무엇인가?	클라우드는 필요한 만큼 자원을 사용하고 사용량 기반으로 비용을 내는 방식이 일반적입니다.즉 탄력적 확장과 온디맨드 제공이 핵심 특징으로 자주 언급됩니다.면접에서는 온프레미스와 비교해 장단점을 말할 수 있는지 봅니다.실무에서는 비용 최적화가 중요해 사용량 모니터링이 필수입니다.클라우드는 빠른 실험과 확장이 가능하지만 관리 책임도 함께 고려해야 합니다.		온디맨드와 탄력적 확장	TRUE	항상 무료로 사용할 수 있다	FALSE	인터넷이 없어도 항상 동일하게 제공된다	FALSE	물리 서버를 직접 조립해야 한다	FALSE	cloud	basics	elasticity	cost
Q014	IaaS(PaaS SaaS) 구분		DevOps / Cloud - 클라우드 서비스	64	CHOICE	EASY	IaaS의 예시에 가장 가까운 것은 무엇인가?	IaaS는 가상 서버 스토리지 네트워크 같은 인프라를 제공하는 모델입니다.사용자는 OS와 애플리케이션 설치 운영을 직접 책임지는 편입니다.면접에서는 IaaS PaaS SaaS 차이를 예시로 설명하라고 자주 나옵니다.실무에서는 IaaS는 유연하지만 운영 부담이 더 크다는 점을 인지해야 합니다.따라서 팀 역량과 요구사항에 따라 적절한 서비스 모델을 고르는 것이 중요합니다.		가상 서버 제공	TRUE	코드 저장소 서비스	FALSE	단순 문서 편집 SaaS	FALSE	로컬 PC의 폴더 공유	FALSE	cloud	iaas	service_model	infrastructure
Q015	리전(Region)		DevOps / Cloud - 클라우드 서비스	64	CHOICE	EASY	클라우드에서 Region을 선택할 때 가장 흔한 고려 요소는?	Region은 지리적으로 분리된 데이터센터 묶음으로 이해하면 쉽습니다.사용자와 가까운 Region을 선택하면 지연 시간이 줄어드는 경우가 많습니다.면접에서는 Region과 AZ의 차이를 함께 묻는 경우가 많습니다.실무에서는 데이터 거주성 규정과 장애 대비도 Region 선택에 영향을 줍니다.따라서 지연 시간과 규정 그리고 비용을 함께 고려하는 습관이 좋습니다.		사용자 지연 시간과 규정	TRUE	코드 스타일 가이드	FALSE	Git 커밋 메시지 규칙	FALSE	프론트엔드 폰트 종류	FALSE	cloud	region	latency	compliance
Q016	가용 영역(AZ)		DevOps / Cloud - 클라우드 서비스	64	CHOICE	EASY	Availability Zone(AZ)에 대한 설명으로 가장 올바른 것은?	AZ는 하나의 Region 안에 있는 물리적으로 분리된 데이터센터 집합입니다.AZ를 나눠 배치하면 특정 데이터센터 장애에도 서비스가 유지될 가능성이 높아집니다.면접에서는 고가용성 설계를 위해 AZ를 어떻게 쓰는지 묻습니다.실무에서는 멀티 AZ 배치가 비용은 늘 수 있지만 안정성을 크게 높입니다.따라서 중요한 서비스는 AZ 분산을 기본으로 고려합니다.		Region 내 분리된 데이터센터 단위	TRUE	모든 Region을 합친 전 세계 네트워크	FALSE	컨테이너 이미지 저장소	FALSE	Git 브랜치 전략의 한 종류	FALSE	cloud	availability_zone	ha	architecture
Q017	IaC(Infrastructure as Code)		DevOps / Cloud - IaC	65	CHOICE	EASY	IaC의 핵심 개념으로 가장 올바른 것은?	IaC는 인프라를 코드로 정의하고 자동으로 생성 변경하는 방식입니다.DevOps에서는 같은 환경을 반복해서 만들 수 있어 재현성이 크게 좋아집니다.면접에서는 IaC가 왜 필요한지와 수동 설정의 위험을 비교하게 합니다.실무에서는 코드 리뷰와 변경 이력으로 인프라 변경 사고를 줄일 수 있습니다.즉 인프라를 소프트웨어처럼 다루는 접근이라고 이해하면 됩니다.		인프라를 코드로 정의하고 관리	TRUE	코드 실행 속도를 올리는 컴파일 옵션	FALSE	데이터베이스 쿼리를 자동 생성	FALSE	프론트엔드 UI를 자동 디자인	FALSE	devops	iac	automation	reproducibility
Q018	테라폼(Terraform)		DevOps / Cloud - IaC	65	CHOICE	EASY	Terraform 같은 IaC 도구를 쓰는 대표 이유는 무엇인가?	IaC 도구는 인프라 상태를 선언하고 변경을 자동 적용하도록 돕습니다.Terraform은 여러 클라우드에 대해 일관된 방식으로 자원을 관리하는 데 자주 쓰입니다.면접에서는 선언형 접근과 plan apply 같은 기본 흐름을 아는지 확인합니다.실무에서는 변경 전에 plan으로 영향 범위를 확인하는 습관이 중요합니다.또한 상태 파일 관리가 핵심이므로 협업 시 잠금과 보안도 고려해야 합니다.		인프라 변경을 코드로 자동화	TRUE	Git 커밋을 암호화	FALSE	컨테이너 내부 로그를 자동 삭제	FALSE	브라우저 호환성을 검사	FALSE	devops	terraform	iac	infrastructure
Q019	시크릿(Secret) 관리		DevOps / Cloud - IaC	65	CHOICE	EASY	DevOps에서 API 키 비밀번호 같은 시크릿을 코드에 그대로 넣으면 안 되는 이유는?	시크릿을 코드에 하드코딩하면 저장소 유출 시 즉시 보안 사고로 이어질 수 있습니다.DevOps 환경에서는 CI 로그나 아티팩트로도 노출될 수 있어 위험이 큽니다.면접에서는 환경변수 시크릿 매니저를 사용하는 이유를 자주 묻습니다.실무에서는 최소 권한 원칙과 주기적 키 회전도 함께 적용합니다.결론적으로 시크릿은 분리 저장하고 접근을 통제하는 것이 기본입니다.		유출 위험이 커서	TRUE	빌드 속도가 느려져서	FALSE	컨테이너가 실행되지 않아서	FALSE	PR이 자동 생성되기 때문에	FALSE	devops	security	secrets	best_practice
Q020	모니터링(Monitoring) 기본		DevOps / Cloud - 클라우드 서비스	64	CHOICE	EASY	클라우드 운영에서 모니터링의 가장 중요한 목적은 무엇인가?	모니터링은 시스템 상태를 관찰해 장애를 빠르게 탐지하고 대응하기 위해 필요합니다.DevOps에서는 지표 로그 트레이싱을 함께 보며 원인 분석 시간을 줄입니다.면접에서는 어떤 지표를 볼지 예시를 말할 수 있는지 확인합니다.실무에서는 알람이 너무 많으면 경보 피로가 생겨 임계치 튜닝이 중요합니다.모니터링은 안정적인 운영과 비용 최적화의 출발점입니다.		장애 탐지와 상태 가시화	TRUE	코드를 자동으로 번역	FALSE	브랜치 이름을 자동 생성	FALSE	DB 스키마를 자동 설계	FALSE	devops	monitoring	observability	cloud
Q021	원격 저장소(Remote Repository)		DevOps / Cloud - 버전 관리	61	CHOICE	EASY	Git에서 원격 저장소(remote)의 가장 대표적인 목적은 무엇인가?	원격 저장소는 팀이 함께 접근할 수 있는 중앙(혹은 공유) 코드 저장 공간입니다.DevOps에서는 원격 저장소의 변경이 곧 CI/CD 트리거가 되는 경우가 많습니다.면접에서는 로컬과 원격의 차이, push pull의 의미를 기본으로 확인합니다.실무에서는 원격에 푸시해야 다른 사람이 변경을 받고 빌드 파이프라인도 동작합니다.즉 원격 저장소는 협업과 자동화의 연결 지점으로 이해하면 됩니다.		팀과 공유하고 변경을 동기화한다	TRUE	코드를 자동으로 컴파일한다	FALSE	서버의 메모리를 늘린다	FALSE	컨테이너를 자동으로 종료한다	FALSE	devops	git	remote	collaboration
Q022	푸시(Push)		DevOps / Cloud - 버전 관리	61	CHOICE	EASY	Git에서 push는 무엇을 하는 동작인가?	push는 로컬에 기록된 커밋을 원격 저장소로 업로드하는 동작입니다.DevOps에서는 push가 PR 생성이나 CI 실행을 유발할 수 있어 중요합니다.면접에서는 push와 pull의 방향을 정확히 알고 있는지 확인합니다.실무에서는 민감 정보가 포함된 커밋을 push하면 되돌리기 어려워 사전 점검이 필요합니다.따라서 push는 공유 범위를 넓히는 행위라는 점을 기억하는 것이 좋습니다.		로컬 변경을 원격에 올린다	TRUE	원격 변경을 로컬로 가져온다	FALSE	브랜치를 삭제한다	FALSE	태그를 암호화한다	FALSE	devops	git	push	remote
Q023	풀(Pull)		DevOps / Cloud - 버전 관리	61	CHOICE	EASY	Git에서 pull의 의미로 가장 맞는 것은?	pull은 원격 저장소의 최신 변경을 로컬로 가져와 반영하는 동작입니다.일반적으로 fetch와 merge(또는 rebase)가 함께 수행되는 흐름으로 이해하면 쉽습니다.면접에서는 pull과 fetch 차이를 가볍게라도 구분할 수 있는지 보기도 합니다.실무에서는 pull 전에 로컬 변경이 있으면 충돌이 발생할 수 있어 주의가 필요합니다.최신 코드로 동기화하는 기본 동작이므로 방향을 정확히 기억해두면 좋습니다.		원격 변경을 로컬로 가져온다	TRUE	로컬 변경을 원격에 올린다	FALSE	커밋을 삭제한다	FALSE	파이프라인을 생성한다	FALSE	devops	git	pull	sync
Q024	머지(Merge)		DevOps / Cloud - 버전 관리	61	CHOICE	EASY	Git에서 merge의 의미로 가장 올바른 것은?	merge는 서로 다른 브랜치의 변경 내용을 하나의 브랜치로 합치는 작업입니다.DevOps에서는 PR 병합 시 merge가 기본적으로 발생합니다.면접에서는 merge conflict가 왜 발생하는지로 이어질 수 있습니다.실무에서는 작은 단위로 자주 병합하면 충돌을 줄이고 배포 리스크를 낮춥니다.따라서 merge는 협업 흐름의 핵심 작업이라고 이해하면 됩니다.		브랜치 변경을 합친다	TRUE	원격 저장소를 삭제한다	FALSE	컨테이너를 실행한다	FALSE	데이터베이스를 정규화한다	FALSE	devops	git	merge	collaboration
Q025	태그(Tag)		DevOps / Cloud - 버전 관리	61	CHOICE	EASY	Git에서 tag를 사용하는 대표 목적은 무엇인가?	태그는 특정 커밋에 의미 있는 이름을 붙여 버전 지점을 표시하는 데 사용됩니다.DevOps에서는 릴리즈 버전(v1.0.0 등)을 태그로 남겨 배포 추적에 활용합니다.면접에서는 태그와 브랜치의 차이를 간단히 묻기도 합니다.실무에서는 배포 아티팩트와 태그를 연결하면 롤백과 감사 추적이 쉬워집니다.즉 태그는 릴리즈 기준점을 명확히 남기는 도구입니다.		릴리즈 버전 지점을 표시한다	TRUE	충돌을 자동으로 없앤다	FALSE	서버 비용을 자동 결제한다	FALSE	네트워크 포트를 자동 개방한다	FALSE	devops	git	tag	release
Q026	빌드(Build)		DevOps / Cloud - CI/CD	62	CHOICE	EASY	CI에서 build 단계가 보통 의미하는 것은 무엇인가?	빌드는 소스 코드를 실행 가능한 형태로 만들거나 패키징하는 과정입니다.예를 들어 Java는 jar 생성, 프론트엔드는 번들링이 빌드에 해당합니다.면접에서는 빌드와 배포의 차이를 구분할 수 있는지 확인합니다.실무에서는 빌드 산출물(artifact)을 저장해두면 재현성과 롤백이 좋아집니다.따라서 빌드는 배포 전 필수 품질 관문으로 이해하면 됩니다.		실행 가능한 산출물을 만든다	TRUE	운영 서버를 즉시 재부팅한다	FALSE	사용자 계정을 생성한다	FALSE	DB 인덱스를 자동 생성한다	FALSE	devops	cicd	build	artifact
Q027	테스트(Test) 자동화		DevOps / Cloud - CI/CD	62	CHOICE	EASY	CI에서 자동 테스트를 수행하는 가장 큰 이유는 무엇인가?	자동 테스트는 변경으로 인한 기능 깨짐(regression)을 빠르게 발견하기 위해 필요합니다.DevOps에서는 배포 속도를 높이려면 수동 검증 의존도를 낮춰야 합니다.면접에서는 단위 테스트와 통합 테스트를 구분해 설명할 수 있는지 보기도 합니다.실무에서는 테스트가 불안정하면 파이프라인 신뢰도가 떨어져 flakiness 관리가 중요합니다.결론적으로 자동 테스트는 품질과 속도를 동시에 잡는 핵심 장치입니다.		변경으로 인한 오류를 빠르게 찾는다	TRUE	비용을 무조건 0원으로 만든다	FALSE	모든 버그를 100퍼 제거한다	FALSE	네트워크 지연을 없앤다	FALSE	devops	cicd	test	quality
Q028	아티팩트(Artifact)		DevOps / Cloud - CI/CD	62	CHOICE	EASY	CI/CD에서 artifact란 무엇을 의미하는가?	아티팩트는 빌드 결과물로, 배포에 사용되는 파일 묶음입니다.예를 들어 jar, war, docker image, zip 패키지 등이 될 수 있습니다.면접에서는 artifact를 왜 저장하는지 물어 배포 재현성을 확인하기도 합니다.실무에서는 동일 아티팩트를 여러 환경에 배포하면 환경별 차이를 줄일 수 있습니다.따라서 아티팩트 관리는 배포 신뢰성을 높이는 핵심 요소입니다.		빌드 결과물	TRUE	소스 코드 편집기	FALSE	네트워크 라우터	FALSE	데이터베이스 트랜잭션	FALSE	devops	cicd	artifact	release
Q029	배포 전략(Blue Green)		DevOps / Cloud - CI/CD	62	CHOICE	EASY	Blue Green 배포의 핵심 아이디어로 가장 맞는 것은?	Blue Green 배포는 두 개의 동일한 환경을 유지하고 트래픽을 전환해 배포 리스크를 줄입니다.DevOps에서 무중단 배포의 대표적인 기법으로 자주 언급됩니다.면접에서는 롤링 배포와 비교 질문으로 이어지기도 합니다.실무에서는 데이터베이스 변경이 포함되면 전환 시점 조율이 중요합니다.핵심은 빠른 전환과 쉬운 롤백을 가능하게 하는 운영 방식입니다.		두 환경을 두고 트래픽을 전환한다	TRUE	서버를 하나만 두고 순차 배포한다	FALSE	배포를 수동으로만 한다	FALSE	로그를 암호화하는 기법이다	FALSE	devops	deployment	blue_green	rollout
Q030	컨테이너 레지스트리(Container Registry)		DevOps / Cloud - 컨테이너	63	CHOICE	EASY	컨테이너 레지스트리의 역할로 가장 올바른 것은?	컨테이너 레지스트리는 Docker 이미지 같은 컨테이너 이미지를 저장하고 배포하는 저장소입니다.DevOps에서는 CI가 이미지를 빌드해 레지스트리에 푸시하고, CD가 받아 배포합니다.면접에서는 레지스트리와 이미지 태그의 의미를 기본으로 묻기도 합니다.실무에서는 이미지 취약점 스캔과 접근 제어를 함께 설정하는 것이 중요합니다.즉 레지스트리는 컨테이너 배포 공급망의 핵심 저장소입니다.		컨테이너 이미지를 저장하고 배포한다	TRUE	Git 커밋을 실행한다	FALSE	DB 스키마를 자동 생성한다	FALSE	브라우저 캐시를 관리한다	FALSE	devops	container	registry	image
Q031	포트 매핑(Port Mapping)		DevOps / Cloud - 컨테이너	63	CHOICE	EASY	Docker에서 포트 매핑을 사용하는 가장 일반적인 이유는?	컨테이너는 기본적으로 격리된 네트워크 공간에서 동작합니다.외부에서 서비스에 접근하려면 호스트 포트와 컨테이너 포트를 연결해야 합니다.면접에서는 -p 옵션이 어떤 역할인지 기본 수준에서 묻기도 합니다.실무에서는 포트 충돌을 피하고, 보안상 필요한 포트만 열어야 합니다.즉 포트 매핑은 외부 접근을 가능하게 하는 연결 설정입니다.		외부에서 컨테이너 서비스에 접근하려고	TRUE	이미지 크기를 줄이려고	FALSE	커밋 로그를 숨기려고	FALSE	DB 트랜잭션을 늘리려고	FALSE	devops	docker	networking	port
Q032	볼륨(Volume)		DevOps / Cloud - 컨테이너	63	CHOICE	EASY	Docker에서 volume을 사용하는 대표 목적은 무엇인가?	컨테이너는 기본적으로 휘발성이라 종료되면 내부 파일이 사라질 수 있습니다.볼륨은 데이터를 컨테이너 외부에 안전하게 저장하도록 도와줍니다.면접에서는 컨테이너 상태 저장을 어디에 두는지 질문이 종종 나옵니다.실무에서는 DB나 업로드 파일 같은 영속 데이터는 볼륨이나 외부 스토리지를 사용합니다.따라서 볼륨은 데이터 영속성과 백업 전략의 핵심입니다.		데이터 영속성을 위해	TRUE	CPU 성능을 무조건 올리기 위해	FALSE	Git 브랜치를 자동 생성하기 위해	FALSE	리전을 자동 선택하기 위해	FALSE	devops	docker	volume	persistence
Q033	오브저버빌리티(Observability)		DevOps / Cloud - 클라우드 서비스	64	CHOICE	EASY	Observability(관측 가능성)에서 흔히 말하는 3대 요소로 가장 올바른 조합은?	관측 가능성은 시스템 내부 상태를 외부 출력으로 추론할 수 있는 능력을 뜻합니다.보통 지표(metrics), 로그(logs), 트레이스(traces)를 3대 축으로 이야기합니다.면접에서는 모니터링과 오브저버빌리티 차이를 간단히 묻기도 합니다.실무에서는 세 가지를 함께 봐야 원인 분석 시간이 줄어듭니다.따라서 기본 용어 조합을 정확히 기억해두면 좋습니다.		지표 로그 트레이스	TRUE	리전 AZ VPC	FALSE	커밋 푸시 풀	FALSE	테이블 인덱스 뷰	FALSE	devops	observability	monitoring	tracing
Q034	오토 스케일링(Auto Scaling)		DevOps / Cloud - 클라우드 서비스	64	CHOICE	EASY	Auto Scaling의 가장 일반적인 목적은 무엇인가?	오토 스케일링은 트래픽 변화에 따라 인스턴스 수를 자동으로 늘리거나 줄입니다.클라우드의 탄력성을 활용해 비용과 성능을 동시에 최적화하는 접근입니다.면접에서는 스케일 업/아웃 차이를 기본으로 물을 수 있습니다.실무에서는 갑작스런 트래픽 급증에 대비해 최소/최대 용량 설정이 중요합니다.즉 오토 스케일링은 가용성과 비용 최적화의 핵심 기능입니다.		트래픽에 따라 자원을 자동 조절	TRUE	DB 정규화를 자동 수행	FALSE	Git 충돌을 자동 해결	FALSE	TLS 인증서를 자동 발급만 한다	FALSE	cloud	autoscaling	elasticity	cost
Q035	로드 밸런서(Load Balancer)		DevOps / Cloud - 클라우드 서비스	64	CHOICE	EASY	로드 밸런서의 대표 역할로 가장 올바른 것은?	로드 밸런서는 들어오는 트래픽을 여러 서버 인스턴스에 분산합니다.DevOps에서는 고가용성과 확장성을 위해 로드 밸런서를 자주 사용합니다.면접에서는 L4/L7 차이를 가볍게 묻는 경우도 있습니다.실무에서는 헬스 체크로 장애 인스턴스를 자동으로 제외하는 구성이 중요합니다.즉 로드 밸런서는 트래픽 분산과 안정성 확보를 위한 핵심 구성요소입니다.		트래픽을 여러 서버로 분산	TRUE	코드를 자동 포맷팅	FALSE	데이터베이스를 자동 정규화	FALSE	Git 커밋을 압축	FALSE	cloud	networking	load_balancer	availability
Q036	VPC(Virtual Private Cloud)		DevOps / Cloud - 클라우드 서비스	64	CHOICE	EASY	VPC를 사용하는 가장 일반적인 이유는 무엇인가?	VPC는 클라우드 안에 논리적으로 격리된 네트워크 공간을 만들기 위한 개념입니다.DevOps에서는 서비스별로 네트워크 경계를 세워 보안을 강화합니다.면접에서는 VPC 서브넷 보안그룹 같은 기본 흐름을 물을 수 있습니다.실무에서는 공개 서브넷과 비공개 서브넷을 나눠 DB를 보호하는 구성이 흔합니다.즉 VPC는 클라우드 네트워크 격리와 보안의 출발점입니다.		논리적으로 격리된 네트워크 구성	TRUE	Git 브랜치 관리 기능	FALSE	컨테이너 이미지를 저장하는 저장소	FALSE	HTML 렌더링 최적화	FALSE	cloud	vpc	network	security
Q037	환경 변수(Environment Variables)		DevOps / Cloud - IaC	65	CHOICE	EASY	DevOps에서 환경 변수를 주로 사용하는 이유로 가장 올바른 것은?	환경 변수는 설정 값을 코드와 분리해 환경별로 다르게 주입하기 위해 자주 사용합니다.예를 들어 DB URL, API 키, 기능 플래그 등을 환경마다 달리 설정할 수 있습니다.면접에서는 설정 분리의 필요성과 Twelve-Factor App 원칙을 언급할 수 있습니다.실무에서는 시크릿을 환경 변수로 다룰 때도 로그 노출에 주의가 필요합니다.즉 환경 변수는 배포 환경 차이를 안전하게 관리하는 기본 도구입니다.		환경별 설정을 코드와 분리하려고	TRUE	Git 커밋을 자동 생성하려고	FALSE	컨테이너 이미지를 압축하려고	FALSE	리전을 자동으로 선택하려고	FALSE	devops	config	env	iac
Q038	상태(State) 관리(Terraform State)		DevOps / Cloud - IaC	65	CHOICE	EASY	Terraform에서 state 파일을 관리하는 이유로 가장 맞는 것은?	state는 현재 인프라가 어떤 자원으로 구성되어 있는지 기록하는 상태 정보입니다.이를 통해 Terraform이 변경(diff)을 계산하고 필요한 작업만 수행할 수 있습니다.면접에서는 state가 무엇이고 왜 중요한지 기본 수준에서 확인할 수 있습니다.실무에서는 state 유출 시 민감 정보가 포함될 수 있어 보안과 접근 제어가 중요합니다.또한 협업에서는 잠금(lock)과 원격 state로 충돌을 방지해야 합니다.		인프라 상태를 기록해 변경을 계산	TRUE	Git 히스토리를 삭제하기 위해	FALSE	컨테이너 포트를 자동 매핑하기 위해	FALSE	브라우저 쿠키를 관리하기 위해	FALSE	devops	terraform	state	iac
Q039	선언형(Declarative) 구성		DevOps / Cloud - IaC	65	CHOICE	EASY	IaC에서 선언형(Declarative) 접근의 특징으로 가장 올바른 것은?	선언형은 원하는 최종 상태를 기술하면 도구가 그 상태에 맞추는 방식입니다.명령형처럼 절차를 하나하나 적기보다 목표 상태를 명확히 적습니다.면접에서는 선언형과 명령형의 차이를 간단히 비교해보라고 할 수 있습니다.실무에서는 선언형이 재현성과 리뷰 가능성을 높여 운영 사고를 줄입니다.따라서 IaC에서는 선언형 모델이 매우 널리 사용됩니다.		원하는 최종 상태를 기술한다	TRUE	CPU 명령어를 직접 작성한다	FALSE	UI 레이아웃을 자동 생성한다	FALSE	Git 커밋 메시지를 암호화한다	FALSE	devops	iac	declarative	automation
Q040	비용 최적화(Cost Optimization)		DevOps / Cloud - 클라우드 서비스	64	CHOICE	EASY	클라우드에서 비용 최적화의 가장 기본적인 출발점은 무엇인가?	비용 최적화는 무엇을 얼마나 쓰는지 먼저 가시화하는 것부터 시작합니다.DevOps에서는 모니터링과 태깅을 통해 비용을 팀/서비스 단위로 추적합니다.면접에서는 클라우드 비용이 왜 예측이 어려운지와 기본 절감 방법을 묻습니다.실무에서는 과다 프로비저닝을 줄이고, 사용하지 않는 자원을 정리하는 게 효과적입니다.결론적으로 측정과 분류가 비용 최적화의 첫 단계입니다.		사용량을 측정하고 추적한다	TRUE	무조건 가장 비싼 인스턴스를 쓴다	FALSE	Git 태그를 삭제한다	FALSE	컨테이너 이미지를 전부 로컬에만 둔다	FALSE	cloud	cost	optimization	governance
Q041	리베이스(Rebase)		DevOps / Cloud - 버전 관리	61	CHOICE	EASY	Git에서 rebase를 사용하는 대표 목적은 무엇인가?	rebase는 한 브랜치의 기반(base)을 다른 커밋 위로 옮겨 커밋 히스토리를 더 직선적으로 정리하는 데 자주 사용됩니다.DevOps에서는 PR 히스토리를 깔끔하게 유지하려는 팀에서 rebase를 선호하기도 합니다.면접에서는 merge와 rebase 차이를 아주 기본 수준에서 묻는 경우가 있습니다.실무에서는 공유된 브랜치를 rebase하면 히스토리가 바뀌어 충돌이 커질 수 있어 주의합니다.따라서 rebase는 히스토리 정리 목적이지만 사용 범위를 지키는 것이 중요합니다.		히스토리를 직선적으로 정리한다	TRUE	원격 저장소를 삭제한다	FALSE	컨테이너를 자동 종료한다	FALSE	VPC를 생성한다	FALSE	devops	git	rebase	workflow
Q042	체리픽(Cherry-pick)		DevOps / Cloud - 버전 관리	61	CHOICE	EASY	Git에서 cherry-pick의 의미로 가장 올바른 것은?	cherry-pick은 특정 커밋 하나(또는 일부)를 다른 브랜치로 골라서 적용하는 기능입니다.DevOps에서는 핫픽스 커밋만 main에 빠르게 반영할 때 쓰이기도 합니다.면접에서는 언제 쓰는지 예시를 말할 수 있는지 확인할 수 있습니다.실무에서는 여러 커밋을 무분별하게 cherry-pick하면 히스토리가 복잡해질 수 있습니다.따라서 필요한 커밋만 선택적으로 가져오는 도구로 이해하면 됩니다.		특정 커밋만 골라 적용한다	TRUE	브랜치를 완전히 삭제한다	FALSE	커밋 메시지를 암호화한다	FALSE	서버 용량을 자동 확장한다	FALSE	devops	git	cherry_pick	hotfix
Q043	Gitignore(.gitignore)		DevOps / Cloud - 버전 관리	61	CHOICE	EASY	.gitignore 파일의 주요 목적은 무엇인가?	.gitignore는 Git이 추적하지 않을 파일이나 폴더를 지정하는 설정입니다.DevOps에서는 빌드 산출물, 로그, 로컬 설정 파일 등이 저장소에 올라가는 것을 방지합니다.면접에서는 왜 필요한지, 어떤 파일을 제외해야 하는지 기본 질문이 나올 수 있습니다.실무에서는 시크릿이나 환경 설정 파일을 실수로 커밋하는 사고를 줄이는 데도 도움이 됩니다.따라서 .gitignore는 협업과 보안을 위한 필수 설정으로 이해하면 좋습니다.		추적 제외 파일을 지정한다	TRUE	커밋을 자동 생성한다	FALSE	원격 저장소를 백업한다	FALSE	컨테이너 네트워크를 설정한다	FALSE	devops	git	gitignore	hygiene
Q044	커밋 메시지 규칙(Commit Message Convention)		DevOps / Cloud - 버전 관리	61	CHOICE	EASY	DevOps 협업에서 커밋 메시지 규칙을 두는 가장 큰 이유는 무엇인가?	커밋 메시지 규칙은 변경 이력의 가독성을 높이고, 릴리즈 노트 자동 생성 같은 자동화와 연결됩니다.DevOps에서는 이력이 배포와 장애 분석의 근거가 되므로 메시지 품질이 중요합니다.면접에서는 왜 규칙이 필요한지와 어떤 정보를 담아야 하는지 질문이 나올 수 있습니다.실무에서는 타입(scope) 이슈번호를 넣어 추적성을 높이는 방식이 흔합니다.결론적으로 규칙은 협업 품질과 자동화를 동시에 강화합니다.		변경 이력 가독성과 추적성을 높인다	TRUE	코드 실행 속도를 올린다	FALSE	네트워크 지연을 없앤다	FALSE	컨테이너 이미지를 압축한다	FALSE	devops	git	convention	traceability
Q045	린트(Lint)		DevOps / Cloud - CI/CD	62	CHOICE	EASY	CI에서 Lint(린트)를 돌리는 대표 목적은 무엇인가?	린트는 코드 스타일과 잠재적 오류를 정적 분석으로 빠르게 잡아내는 도구입니다.DevOps에서는 PR 단계에서 린트를 실패시키면 품질 기준을 자동으로 강제할 수 있습니다.면접에서는 린트와 테스트의 차이를 구분해 설명하라는 질문이 나올 수 있습니다.실무에서는 팀 코딩 컨벤션을 린트 규칙으로 통일해 리뷰 비용을 줄입니다.즉 린트는 코드 품질을 자동으로 지키는 가벼운 첫 관문입니다.		코드 스타일과 잠재 오류를 점검한다	TRUE	서버를 자동으로 확장한다	FALSE	DB 데이터를 정규화한다	FALSE	리전을 자동 선택한다	FALSE	devops	cicd	lint	quality
Q046	배포 승인(Manual Approval)		DevOps / Cloud - CI/CD	62	CHOICE	EASY	CI/CD에서 운영 배포 전에 승인 단계(Manual Approval)를 두는 대표 이유는?	승인 단계는 운영 환경 배포의 리스크를 줄이기 위한 통제 장치입니다.Continuous Delivery에서는 마지막 배포 버튼을 사람이 누르게 하는 패턴이 흔합니다.면접에서는 왜 자동 배포가 항상 정답이 아닌지 확인하기도 합니다.실무에서는 변경 영향이 큰 기능이나 피크 시간대에는 승인으로 안정성을 확보합니다.즉 승인 단계는 속도와 안정성의 균형을 위한 선택지입니다.		운영 리스크를 줄이기 위해	TRUE	빌드 시간을 늘리기 위해	FALSE	Git 히스토리를 삭제하기 위해	FALSE	VPC를 생성하기 위해	FALSE	devops	cicd	approval	release
Q047	롤링 배포(Rolling Deployment)		DevOps / Cloud - CI/CD	62	CHOICE	EASY	Rolling 배포의 일반적인 특징으로 가장 올바른 것은?	롤링 배포는 서버(또는 파드)를 한 번에 전부 바꾸지 않고 일부씩 순차적으로 교체하는 방식입니다.무중단을 목표로 하지만 설정에 따라 순간적인 성능 저하가 있을 수 있습니다.면접에서는 블루그린과의 차이를 쉬운 수준으로 묻는 경우가 있습니다.실무에서는 헬스 체크와 배포 속도 조절이 안정성에 큰 영향을 줍니다.즉 점진적으로 교체하며 리스크를 분산하는 배포 전략입니다.		일부씩 순차 교체한다	TRUE	트래픽을 한 번에 전환한다	FALSE	배포를 수동으로만 한다	FALSE	이미지를 로컬에만 저장한다	FALSE	devops	deployment	rolling	availability
Q048	헬스 체크(Health Check)		DevOps / Cloud - 클라우드 서비스	64	CHOICE	EASY	로드밸런서에서 헬스 체크(Health Check)의 목적은 무엇인가?	헬스 체크는 백엔드 인스턴스가 정상인지 주기적으로 확인하는 기능입니다.정상 인스턴스에만 트래픽을 보내 고가용성을 높입니다.면접에서는 헬스 체크가 없으면 어떤 문제가 생기는지 묻기도 합니다.실무에서는 너무 빡빡한 체크는 오탐을 늘리고, 너무 느슨하면 장애 감지가 늦습니다.따라서 적절한 주기와 타임아웃 설정이 중요합니다.		정상 인스턴스만 트래픽을 받게 한다	TRUE	Git 커밋을 자동 병합한다	FALSE	컨테이너 이미지를 압축한다	FALSE	DB 스키마를 자동 생성한다	FALSE	cloud	load_balancer	health_check	ha
Q049	캐시(Cache)		DevOps / Cloud - 클라우드 서비스	64	CHOICE	EASY	캐시를 사용하는 대표 목적은 무엇인가?	캐시는 자주 조회되는 데이터를 빠르게 제공해 응답 시간을 줄이는 데 사용됩니다.DevOps에서는 트래픽 급증 시 DB 부하를 줄이는 수단으로도 활용됩니다.면접에서는 캐시가 왜 성능에 도움이 되는지와 캐시 무효화 문제를 기본으로 물을 수 있습니다.실무에서는 캐시 일관성 문제와 TTL 전략을 함께 설계해야 합니다.즉 캐시는 성능과 비용 최적화에 도움되지만 관리 포인트가 있는 기술입니다.		응답 속도와 부하를 줄인다	TRUE	브랜치를 삭제한다	FALSE	리전을 변경한다	FALSE	TLS를 발급한다	FALSE	cloud	cache	performance	scalability
Q050	CDN(Content Delivery Network)		DevOps / Cloud - 클라우드 서비스	64	CHOICE	EASY	CDN을 사용하는 가장 대표적인 이유는 무엇인가?	CDN은 전 세계 여러 위치에 콘텐츠를 캐싱해 사용자에게 더 가까운 곳에서 전달합니다.그 결과 지연 시간을 줄이고 원본 서버의 트래픽 부담을 낮출 수 있습니다.면접에서는 정적 파일 배포에서 CDN의 장점을 묻는 경우가 많습니다.실무에서는 캐시 무효화(Invalidation)와 버전 관리 전략이 중요합니다.즉 CDN은 속도와 안정성을 높이는 대표적인 클라우드 구성요소입니다.		사용자 가까운 곳에서 콘텐츠 제공	TRUE	DB 트랜잭션을 관리한다	FALSE	Git 커밋을 암호화한다	FALSE	컨테이너 볼륨을 생성한다	FALSE	cloud	cdn	performance	delivery
Q051	IAM(Identity and Access Management)		DevOps / Cloud - 클라우드 서비스	64	CHOICE	EASY	클라우드에서 IAM의 가장 핵심적인 역할은 무엇인가?	IAM은 사용자와 서비스의 권한을 관리하는 체계입니다.DevOps에서는 최소 권한 원칙으로 접근을 제한하는 것이 기본 보안 전략입니다.면접에서는 인증과 인가를 구분하고, 권한 정책이 왜 중요한지 묻습니다.실무에서는 과도한 권한이 보안 사고의 원인이 되므로 롤 기반 권한이 흔합니다.즉 IAM은 클라우드 보안의 출발점입니다.		사용자와 권한을 관리한다	TRUE	이미지를 빌드한다	FALSE	브랜치를 병합한다	FALSE	네트워크 속도를 올린다	FALSE	cloud	iam	security	authorization
Q052	보안 그룹(Security Group)		DevOps / Cloud - 클라우드 서비스	64	CHOICE	EASY	보안 그룹(Security Group)의 일반적인 역할은 무엇인가?	보안 그룹은 인스턴스 수준에서 인바운드 아웃바운드 트래픽을 제어하는 방화벽 규칙입니다.DevOps에서는 필요한 포트만 열고 나머지는 막는 방식이 기본입니다.면접에서는 0.0.0.0/0 오픈의 위험 같은 기본 보안 질문이 나올 수 있습니다.실무에서는 DB 같은 민감 서비스는 내부망에서만 접근하도록 제한합니다.즉 보안 그룹은 네트워크 접근 통제의 핵심 장치입니다.		인스턴스 트래픽 접근을 제어한다	TRUE	Git 태그를 생성한다	FALSE	컨테이너 이미지를 저장한다	FALSE	커밋 메시지를 자동 생성한다	FALSE	cloud	security_group	network	firewall
Q053	객체 스토리지(Object Storage)		DevOps / Cloud - 클라우드 서비스	64	CHOICE	EASY	객체 스토리지(Object Storage)의 예시에 가장 가까운 것은 무엇인가?	객체 스토리지는 파일을 객체 단위로 저장하고 HTTP 기반으로 접근하는 스토리지입니다.이미지 동영상 백업 파일 같은 대용량 정적 파일 저장에 자주 쓰입니다.면접에서는 블록 스토리지와의 차이를 쉬운 수준에서 물을 수 있습니다.실무에서는 권한 설정과 공개 범위(퍼블릭/프라이빗) 관리가 중요합니다.즉 객체 스토리지는 확장성과 비용 측면에서 강점이 있는 저장소입니다.		파일을 객체로 저장하는 스토리지	TRUE	CPU 캐시 메모리	FALSE	Git 원격 저장소	FALSE	컨테이너 네임스페이스	FALSE	cloud	storage	object_storage	s3
Q054	블록 스토리지(Block Storage)		DevOps / Cloud - 클라우드 서비스	64	CHOICE	EASY	블록 스토리지(Block Storage)의 특징으로 가장 올바른 것은?	블록 스토리지는 디스크처럼 서버에 붙여 사용하는 저장 장치 형태로 제공됩니다.주로 DB나 VM 디스크 같은 용도에 많이 쓰입니다.면접에서는 객체 스토리지와 비교해 설명하는 질문이 나올 수 있습니다.실무에서는 스냅샷 백업과 성능(OPS) 설정이 중요합니다.즉 블록 스토리지는 서버에 부착되는 디스크 개념으로 이해하면 쉽습니다.		디스크처럼 서버에 붙여 쓴다	TRUE	웹 콘텐츠를 전 세계에 캐싱한다	FALSE	권한 정책만 관리한다	FALSE	PR 리뷰를 자동화한다	FALSE	cloud	storage	block_storage	disk
Q055	백업(Backup)		DevOps / Cloud - 클라우드 서비스	64	CHOICE	EASY	클라우드 운영에서 백업이 중요한 가장 큰 이유는 무엇인가?	백업은 데이터 손실이나 장애 상황에서 복구할 수 있는 마지막 안전망입니다.DevOps에서는 복구 목표(RPO/RTO)를 기준으로 백업 주기와 보관 정책을 설계합니다.면접에서는 백업과 스냅샷의 차이를 가볍게 물을 수 있습니다.실무에서는 백업이 실제로 복구되는지 정기적으로 복구 테스트를 해야 합니다.즉 백업은 하는 것보다 복구 가능함을 증명하는 것이 더 중요합니다.		데이터 손실 시 복구를 위해	TRUE	비용을 무조건 줄이기 위해	FALSE	Git 충돌을 없애기 위해	FALSE	컨테이너 포트를 열기 위해	FALSE	devops	backup	recovery	reliability
Q056	드리프트(Drift)		DevOps / Cloud - IaC	65	CHOICE	EASY	IaC에서 Drift(드리프트)란 무엇을 의미하는가?	드리프트는 코드로 정의한 인프라 상태와 실제 인프라 상태가 달라지는 현상입니다.수동 변경이나 콘솔 수정 등으로 인해 발생하는 경우가 많습니다.면접에서는 IaC를 쓰는 이유로 드리프트 방지를 설명하게 할 수 있습니다.실무에서는 드리프트가 누적되면 재현성이 깨지고 장애 원인 추적이 어려워집니다.따라서 변경은 코드로만 하도록 프로세스를 강제하는 것이 중요합니다.		코드 상태와 실제 상태 불일치	TRUE	트래픽 분산 알고리즘	FALSE	Git 커밋 타입 규칙	FALSE	컨테이너 이미지 압축 방식	FALSE	devops	iac	drift	governance
Q057	플랜(Plan)		DevOps / Cloud - IaC	65	CHOICE	EASY	Terraform에서 plan의 대표 목적은 무엇인가?	plan은 실제 적용(apply) 전에 어떤 변경이 일어날지 미리 보여주는 단계입니다.DevOps에서는 변경 영향 분석을 자동화해 사고를 줄이는 데 도움이 됩니다.면접에서는 plan과 apply 차이를 기본 수준에서 물을 수 있습니다.실무에서는 plan 결과를 PR에 첨부해 리뷰 품질을 높이기도 합니다.즉 plan은 안전한 인프라 변경을 위한 사전 점검 단계입니다.		변경 내용을 적용 전에 미리 확인한다	TRUE	이미지를 실행한다	FALSE	브랜치를 삭제한다	FALSE	리전을 자동 선택한다	FALSE	devops	terraform	plan	iac
Q058	애플라이(Apply)		DevOps / Cloud - IaC	65	CHOICE	EASY	Terraform에서 apply가 의미하는 것은 무엇인가?	apply는 plan에서 계산된 변경을 실제 인프라에 적용하는 단계입니다.DevOps에서는 apply 실행 권한을 제한해 무분별한 변경을 막습니다.면접에서는 왜 apply가 위험할 수 있는지와 통제 방법을 묻기도 합니다.실무에서는 운영 apply는 승인 절차나 자동화된 파이프라인을 거치는 경우가 많습니다.즉 apply는 실제 변경을 일으키는 실행 단계로 이해하면 됩니다.		인프라 변경을 실제로 적용한다	TRUE	커밋 메시지를 생성한다	FALSE	컨테이너를 종료한다	FALSE	CDN 캐시를 비운다	FALSE	devops	terraform	apply	iac
Q059	롤(Role) 기반 접근 제어(RBAC)		DevOps / Cloud - 클라우드 서비스	64	CHOICE	EASY	RBAC의 가장 기본적인 개념은 무엇인가?	RBAC는 사용자에게 직접 권한을 주기보다 역할(role)에 권한을 묶어 부여하는 방식입니다.DevOps와 클라우드에서는 팀/서비스별 권한 관리를 단순화하는 데 자주 사용됩니다.면접에서는 최소 권한과 역할 설계를 어떻게 하는지 기본 질문이 나올 수 있습니다.실무에서는 권한이 커질수록 감사와 추적이 중요해 역할 분리가 필요합니다.즉 RBAC는 권한 관리를 체계화하는 기본 모델입니다.		역할에 권한을 묶어 부여한다	TRUE	트래픽을 여러 서버로 분산한다	FALSE	소스 코드를 압축한다	FALSE	컨테이너 이미지를 저장한다	FALSE	cloud	security	rbac	iam
Q060	구성 관리(Configuration Management)		DevOps / Cloud - IaC	65	CHOICE	EASY	구성 관리(Configuration Management)가 주로 다루는 것은 무엇인가?	구성 관리는 서버에 어떤 패키지가 설치되어야 하고 어떤 설정이 적용돼야 하는지를 관리하는 영역입니다.DevOps에서는 인프라 생성(IaC) 이후의 서버 설정 표준화를 위해 함께 사용되기도 합니다.면접에서는 인프라 프로비저닝과 구성 관리의 차이를 가볍게 물을 수 있습니다.실무에서는 설정이 제각각이면 장애 재현이 어려워 표준화가 중요합니다.즉 구성 관리는 서버 상태를 원하는 형태로 맞추고 유지하는 작업입니다.		서버 설정과 패키지 상태를 관리한다	TRUE	Git 태그를 생성한다	FALSE	CDN을 전 세계에 배포한다	FALSE	로드밸런서를 자동 생성한다	FALSE	devops	config	management	iac
Q061	Git 훅(Hook)		DevOps / Cloud - 버전 관리	61	CHOICE	EASY	Git hook을 사용하는 대표 목적은 무엇인가?	Git hook은 특정 Git 이벤트(커밋 전, 푸시 전 등)에 자동으로 스크립트를 실행하게 합니다.DevOps에서는 커밋 전에 린트/테스트를 강제해 품질을 지키는 용도로 자주 씁니다.면접에서는 hook이 무엇인지와 어떤 경우 유용한지 기본 질문이 나올 수 있습니다.실무에서는 hook이 개인 PC에만 적용되면 누락될 수 있어 CI에서 재검증하는 것이 안전합니다.즉 hook은 로컬 단계에서 자동 검증을 돕는 보조 장치입니다.		Git 이벤트에 자동 작업을 실행한다	TRUE	리전을 자동으로 선택한다	FALSE	컨테이너를 오케스트레이션한다	FALSE	DB 트랜잭션을 분리한다	FALSE	devops	git	hook	automation
Q062	보호 브랜치(Protected Branch)		DevOps / Cloud - 버전 관리	61	CHOICE	EASY	Protected Branch를 설정하는 가장 일반적인 이유는?	보호 브랜치는 main 같은 핵심 브랜치에 직접 푸시를 막고 리뷰/CI 통과를 강제합니다.DevOps에서는 배포 사고의 상당수가 무심코 메인에 반영된 변경에서 발생합니다.면접에서는 브랜치 보호가 왜 필요한지와 어떤 규칙을 두는지 묻습니다.실무에서는 최소 1명 리뷰, CI 성공, 머지 권한 제한 같은 규칙이 흔합니다.즉 보호 브랜치는 협업 품질과 배포 안정성을 지키는 안전장치입니다.		핵심 브랜치 변경을 통제하기 위해	TRUE	커밋 로그를 숨기기 위해	FALSE	네트워크 속도를 올리기 위해	FALSE	컨테이너 이미지를 줄이기 위해	FALSE	devops	git	protected_branch	governance
Q063	세맨틱 버저닝(SemVer)		DevOps / Cloud - 버전 관리	61	CHOICE	EASY	SemVer(예: 1.2.3)에서 일반적으로 Major 버전 증가 의미는?	SemVer는 Major.Minor.Patch 규칙으로 버전을 관리하는 관례입니다.Major 증가는 보통 호환되지 않는 변경(breaking change)을 의미합니다.면접에서는 버전 숫자 의미를 아는지 쉽게 물을 수 있습니다.실무에서는 Major 변경 시 마이그레이션 가이드와 릴리즈 노트가 중요합니다.즉 Major 증가는 사용자에게 큰 영향이 있을 수 있다는 신호로 이해하면 됩니다.		호환 깨짐 변경이 포함됨	TRUE	버그만 수정됨	FALSE	기능 추가만 있음	FALSE	코드 스타일만 변경됨	FALSE	devops	versioning	semver	release
Q064	코드 리뷰(Code Review)		DevOps / Cloud - 버전 관리	61	CHOICE	EASY	코드 리뷰의 대표적인 효과로 가장 올바른 것은?	코드 리뷰는 품질을 높이고, 지식 공유를 통해 팀 생산성을 개선합니다.DevOps에서는 배포 전 변경을 검토해 사고를 줄이는 역할도 합니다.면접에서는 리뷰가 왜 필요한지와 리뷰 시 보는 포인트를 묻습니다.실무에서는 리뷰 기준이 없으면 주관이 강해져 체크리스트를 두기도 합니다.즉 코드 리뷰는 품질과 협업을 동시에 강화하는 프로세스입니다.		품질 개선과 지식 공유	TRUE	서버 비용을 자동 결제	FALSE	네트워크 대역폭을 늘림	FALSE	DB 인덱스를 자동 생성	FALSE	devops	collaboration	code_review	quality
Q065	CI 트리거(Trigger)		DevOps / Cloud - CI/CD	62	CHOICE	EASY	CI가 가장 흔히 트리거되는 이벤트는 무엇인가?	CI는 보통 코드 변경이 생길 때 자동 검증을 수행합니다.가장 흔한 트리거는 push 또는 PR 생성/업데이트입니다.면접에서는 CI가 언제 실행되는지와 왜 그 시점이 좋은지 물을 수 있습니다.실무에서는 main 푸시뿐 아니라 PR마다 돌려서 문제를 조기에 발견합니다.즉 코드 변경 이벤트가 CI 자동화의 출발점입니다.		코드 푸시 또는 PR 생성/업데이트	TRUE	사용자 로그인	FALSE	DB 테이블 생성	FALSE	리전 선택	FALSE	devops	cicd	trigger	automation
Q066	실패(Fail Fast)		DevOps / Cloud - CI/CD	62	CHOICE	EASY	CI에서 Fail Fast 전략의 의미로 가장 올바른 것은?	Fail Fast는 문제가 있으면 가능한 빨리 실패시키고 원인을 빠르게 알리는 방식입니다.DevOps에서는 빠른 피드백이 개발 속도와 품질을 좌우합니다.면접에서는 왜 빠르게 실패시키는 게 좋은지 질문이 나올 수 있습니다.실무에서는 린트/단위테스트 같은 빠른 단계부터 앞에 배치해 시간을 절약합니다.즉 실패를 숨기지 않고 조기에 드러내는 것이 핵심입니다.		문제를 빨리 발견해 빠르게 중단	TRUE	실패를 무시하고 계속 진행	FALSE	배포를 무조건 수동으로만	FALSE	로그를 자동 삭제	FALSE	devops	cicd	fail_fast	feedback
Q067	파이프라인 단계(Stage)		DevOps / Cloud - CI/CD	62	CHOICE	EASY	일반적인 CI/CD 파이프라인 단계 순서로 가장 흔한 것은?	보통 코드를 빌드하고 테스트로 검증한 뒤 배포를 수행합니다.DevOps에서는 단계 분리로 실패 지점을 명확히 하고 재시도를 쉽게 합니다.면접에서는 파이프라인 구성 예시를 말해보라고 할 수 있습니다.실무에서는 보안 스캔이나 품질 게이트를 중간에 추가하기도 합니다.기본 흐름은 빌드 테스트 배포로 이해하면 됩니다.		빌드 -> 테스트 -> 배포	TRUE	배포 -> 테스트 -> 빌드	FALSE	테스트 -> 배포 -> 빌드	FALSE	문서작성 -> 배포 -> 삭제	FALSE	devops	cicd	pipeline	stage
Q068	로깅(Logging)		DevOps / Cloud - 클라우드 서비스	64	CHOICE	EASY	운영에서 로깅의 가장 중요한 목적은 무엇인가?	로깅은 시스템에서 어떤 일이 일어났는지 기록해 문제 분석과 감사에 활용합니다.DevOps에서는 장애 발생 시 로그가 원인 분석의 핵심 단서가 됩니다.면접에서는 로그 레벨(INFO, ERROR 등)과 구조화 로그 개념을 물을 수 있습니다.실무에서는 개인정보나 시크릿이 로그에 남지 않도록 마스킹이 중요합니다.즉 로깅은 운영 가시성과 사고 대응의 기반입니다.		문제 분석과 감사 추적을 위해	TRUE	코드 빌드 속도를 올리기 위해	FALSE	리전을 자동으로 선택하기 위해	FALSE	브랜치를 자동 생성하기 위해	FALSE	devops	logging	observability	operations
Q069	알림(Alerting)		DevOps / Cloud - 클라우드 서비스	64	CHOICE	EASY	Alerting(알림)의 핵심 목표로 가장 올바른 것은?	알림은 장애나 이상 징후를 사람이 인지할 수 있게 빠르게 알려주는 기능입니다.DevOps에서는 MTTR(복구 시간)을 줄이기 위해 적절한 알림이 중요합니다.면접에서는 알람 피로(alert fatigue)와 임계치 설정을 물을 수 있습니다.실무에서는 중요도에 따라 알림 채널과 우선순위를 나눕니다.즉 알림은 빠른 대응을 위한 신호 체계입니다.		이상 징후를 빠르게 알려 대응하게 한다	TRUE	모든 로그를 삭제한다	FALSE	DB 스키마를 변경한다	FALSE	Git 태그를 생성한다	FALSE	devops	alerting	monitoring	reliability
Q070	SLO(Service Level Objective)		DevOps / Cloud - 클라우드 서비스	64	CHOICE	EASY	SLO의 의미로 가장 올바른 것은?	SLO는 서비스가 달성해야 하는 목표 수준(가용성, 지연 시간 등)을 정량적으로 정의한 것입니다.DevOps에서는 SLO를 기반으로 운영 우선순위와 개선을 결정하기도 합니다.면접에서는 SLA, SLI, SLO의 차이를 쉬운 수준에서 물을 수 있습니다.실무에서는 SLO를 너무 빡빡하게 잡으면 운영 비용이 급증할 수 있습니다.즉 SLO는 서비스 품질 목표를 수치로 합의하는 기준입니다.		서비스 품질 목표를 수치로 정의	TRUE	코드 스타일 규칙	FALSE	Git 브랜치의 이름	FALSE	컨테이너 네트워크 종류	FALSE	devops	sre	slo	reliability
Q071	IaC 모듈(Module)		DevOps / Cloud - IaC	65	CHOICE	EASY	IaC에서 모듈(Module)을 사용하는 대표 이유는 무엇인가?	모듈은 자주 쓰는 인프라 구성을 재사용 가능한 단위로 묶는 방식입니다.DevOps에서는 표준 VPC, 표준 서버 구성 같은 패턴을 모듈화해 일관성을 확보합니다.면접에서는 재사용성과 표준화의 장점을 말할 수 있는지 볼 수 있습니다.실무에서는 모듈 버전 관리로 변경 영향 범위를 통제하는 것이 중요합니다.즉 모듈은 인프라 코드의 재사용성과 유지보수성을 높입니다.		재사용과 표준화를 위해	TRUE	로그를 자동 삭제하기 위해	FALSE	리전을 자동 변경하기 위해	FALSE	Git 커밋을 합치기 위해	FALSE	devops	iac	module	reuse
Q072	IaC 검증(Validate)		DevOps / Cloud - IaC	65	CHOICE	EASY	IaC에서 validate(검증)를 수행하는 일반적인 목적은?	검증은 코드 문법이나 기본 규칙이 맞는지 확인해 오류를 조기에 잡습니다.DevOps에서는 apply 전에 validate를 CI에 넣어 안전성을 높입니다.면접에서는 왜 사전 검증이 필요한지 묻는 경우가 있습니다.실무에서는 validate만으로 모든 안전이 보장되진 않아 plan 리뷰까지 함께 합니다.즉 validate는 사고를 줄이는 첫 단계의 자동 점검입니다.		문법/규칙 오류를 미리 잡는다	TRUE	인프라를 즉시 삭제한다	FALSE	사용자 권한을 전부 부여한다	FALSE	컨테이너 이미지를 실행한다	FALSE	devops	iac	validate	safety
Q073	록(Lock)		DevOps / Cloud - IaC	65	CHOICE	EASY	Terraform에서 state lock이 필요한 대표 이유는 무엇인가?	state lock은 동시에 여러 사람이 apply를 실행해 상태가 꼬이는 것을 방지합니다.DevOps에서는 협업 환경에서 인프라 변경 충돌을 막는 핵심 장치입니다.면접에서는 왜 동시 변경이 위험한지 질문이 나올 수 있습니다.실무에서는 원격 state 백엔드가 lock을 지원하도록 구성하는 것이 일반적입니다.즉 lock은 인프라 변경의 동시성 문제를 막습니다.		동시 apply로 인한 충돌 방지	TRUE	로그를 압축하기 위해	FALSE	Git 태그를 생성하기 위해	FALSE	CDN 캐시를 삭제하기 위해	FALSE	devops	terraform	lock	state
Q074	컨테이너 오케스트레이션(Orchestration)		DevOps / Cloud - 컨테이너	63	CHOICE	EASY	컨테이너 오케스트레이션이 주로 해결하는 문제는 무엇인가?	오케스트레이션은 많은 컨테이너를 배포/확장/복구하는 운영 문제를 자동화합니다.DevOps에서는 서비스가 커질수록 수동 운영이 불가능해져 필요성이 커집니다.면접에서는 Kubernetes가 하는 일을 한 문장으로 말해보라고 할 수 있습니다.실무에서는 원하는 상태를 선언하고 자동으로 맞추는 개념이 핵심입니다.즉 오케스트레이션은 컨테이너 운영 자동화입니다.		다수 컨테이너 운영을 자동화한다	TRUE	Git 커밋을 암호화한다	FALSE	DB 정규화를 수행한다	FALSE	프론트엔드 번들을 만든다	FALSE	devops	container	orchestration	kubernetes
Q075	스케일 아웃(Scale Out)		DevOps / Cloud - 클라우드 서비스	64	CHOICE	EASY	Scale Out의 의미로 가장 올바른 것은?	Scale Out은 서버(인스턴스) 개수를 늘려 부하를 분산하는 방식입니다.클라우드에서는 오토 스케일링과 함께 자주 사용됩니다.면접에서는 Scale Up과 비교해 설명하라고 할 수 있습니다.실무에서는 무상태(stateless) 설계가 되어야 scale out이 쉬워집니다.즉 scale out은 수평 확장으로 이해하면 됩니다.		인스턴스 수를 늘려 확장	TRUE	한 서버의 사양만 올린다	FALSE	로그를 전부 삭제한다	FALSE	Git 브랜치를 병합한다	FALSE	cloud	scaling	scale_out	elasticity
Q076	스케일 업(Scale Up)		DevOps / Cloud - 클라우드 서비스	64	CHOICE	EASY	Scale Up의 의미로 가장 올바른 것은?	Scale Up은 기존 서버(인스턴스)의 CPU/메모리 같은 사양을 올려 확장하는 방식입니다.클라우드에서는 더 큰 인스턴스 타입으로 변경하는 식으로 구현됩니다.면접에서는 수직 확장과 수평 확장을 구분하는 질문이 나옵니다.실무에서는 재시작이 필요하거나 한계가 있어 scale out과 함께 고려합니다.즉 scale up은 수직 확장입니다.		인스턴스 사양을 올려 확장	TRUE	인스턴스 수를 늘린다	FALSE	CDN을 구성한다	FALSE	커밋 메시지를 바꾼다	FALSE	cloud	scaling	scale_up	capacity
Q077	스냅샷(Snapshot)		DevOps / Cloud - 클라우드 서비스	64	CHOICE	EASY	스냅샷(snapshot)의 일반적인 의미로 가장 올바른 것은?	스냅샷은 특정 시점의 디스크/볼륨 상태를 저장해두는 백업 방식입니다.DevOps에서는 장애 시 빠르게 복구하거나 마이그레이션에 활용할 수 있습니다.면접에서는 백업과 스냅샷 차이를 가볍게 묻기도 합니다.실무에서는 스냅샷 보관 정책을 두지 않으면 비용이 증가할 수 있습니다.즉 스냅샷은 시점 복구를 위한 저장본입니다.		특정 시점 상태를 저장한 복구본	TRUE	네트워크를 전 세계에 캐싱	FALSE	Git 브랜치 전략	FALSE	컨테이너 포트 규칙	FALSE	cloud	backup	snapshot	recovery
Q078	정책(Policy)		DevOps / Cloud - 클라우드 서비스	64	CHOICE	EASY	IAM Policy(정책)의 역할로 가장 올바른 것은?	정책은 누가 어떤 자원에 어떤 행동을 할 수 있는지 규칙을 정의합니다.DevOps에서는 정책으로 최소 권한을 구현하고 접근을 통제합니다.면접에서는 권한 정책이 왜 중요한지와 과도 권한 위험을 묻습니다.실무에서는 읽기/쓰기/삭제 같은 액션을 최소 단위로 나누어 부여합니다.즉 정책은 권한 제어의 규칙 문서입니다.		접근 권한 규칙을 정의한다	TRUE	컨테이너 이미지를 저장한다	FALSE	Git 태그를 생성한다	FALSE	CDN 캐시를 삭제한다	FALSE	cloud	iam	policy	security
Q079	태깅(Tagging)		DevOps / Cloud - 클라우드 서비스	64	CHOICE	EASY	클라우드 리소스에 Tagging을 하는 대표 목적은 무엇인가?	태깅은 리소스를 팀/서비스/환경 단위로 구분하고 추적하기 위한 메타데이터입니다.DevOps에서는 비용 분석과 권한 관리, 운영 자동화에 활용됩니다.면접에서는 태깅이 왜 비용 관리에 도움되는지 질문이 나올 수 있습니다.실무에서는 태그 표준이 없으면 관리가 어려워 표준 키를 정해둡니다.즉 태깅은 거버넌스와 비용 관리의 기본 도구입니다.		비용/자원 추적과 분류를 위해	TRUE	커밋 충돌을 자동 해결	FALSE	DB 정규화를 자동 수행	FALSE	컨테이너 포트를 자동 개방	FALSE	cloud	tagging	cost	governance
Q080	매니지드 서비스(Managed Service)		DevOps / Cloud - 클라우드 서비스	64	CHOICE	EASY	Managed Service의 특징으로 가장 올바른 것은?	매니지드 서비스는 운영(패치, 백업, 장애 대응 일부)을 클라우드 제공자가 대신해주는 서비스입니다.DevOps에서는 운영 부담을 줄이고 핵심 비즈니스에 집중하려고 선택합니다.면접에서는 직접 운영(self-managed)과 비교해 장단점을 말하게 할 수 있습니다.실무에서는 편하지만 제약이 있을 수 있어 커스터마이징 가능 범위를 확인해야 합니다.즉 매니지드는 운영 책임을 일부 위임하는 서비스 모델입니다.		운영 부담을 제공자가 일부 대신한다	TRUE	무조건 무료로 제공된다	FALSE	Git 브랜치가 자동 생성된다	FALSE	컨테이너가 항상 포함된다	FALSE	cloud	managed_service	operations	paas
Q081	머지 충돌(Merge Conflict)		DevOps / Cloud - 버전 관리	61	CHOICE	EASY	Git에서 merge conflict가 발생하는 가장 흔한 상황은?	머지 충돌은 두 브랜치가 같은 파일의 같은 부분을 서로 다르게 수정했을 때 자주 발생합니다.DevOps 협업에서는 동시 작업이 많아 충돌이 흔하며 해결 방법을 아는 것이 중요합니다.면접에서는 충돌이 왜 나는지와 어떻게 해결하는지 기본 질문이 나올 수 있습니다.실무에서는 작은 단위로 자주 병합하고 코드리뷰를 통해 충돌을 줄입니다.충돌은 이상한 일이 아니라 협업에서 자연스러운 사건으로 이해하면 좋습니다.		같은 부분을 다르게 수정했을 때	TRUE	태그를 만들었을 때	FALSE	리전을 바꿨을 때	FALSE	컨테이너를 종료했을 때	FALSE	devops	git	merge_conflict	collaboration
Q082	코드 소유자(CODEOWNERS)		DevOps / Cloud - 버전 관리	61	CHOICE	EASY	CODEOWNERS 파일을 두는 대표 목적은 무엇인가?	CODEOWNERS는 특정 경로나 파일에 대해 리뷰 책임자를 자동 지정하는 설정입니다.DevOps에서는 변경이 민감한 영역에 대해 필수 리뷰를 강제하는 데 도움이 됩니다.면접에서는 코드리뷰 프로세스를 어떻게 관리하는지 질문이 나올 수 있습니다.실무에서는 보안/인프라/핵심 도메인 영역에 CODEOWNERS를 두는 경우가 많습니다.즉 리뷰 책임과 승인 흐름을 자동화하는 도구입니다.		특정 파일의 리뷰 담당을 지정	TRUE	커밋을 압축하는 기능	FALSE	컨테이너를 빌드하는 기능	FALSE	DB 인덱스를 생성하는 기능	FALSE	devops	git	codeowners	review
Q083	커밋 스쿼시(Squash)		DevOps / Cloud - 버전 관리	61	CHOICE	EASY	PR에서 squash merge를 사용하는 대표 이유는 무엇인가?	squash는 여러 커밋을 하나로 합쳐서 히스토리를 깔끔하게 만드는 방식입니다.DevOps에서는 PR 단위로 의미 있는 커밋 한 개만 남기려는 팀에서 자주 씁니다.면접에서는 squash가 뭔지, 언제 쓰면 좋은지 기본 질문이 나올 수 있습니다.실무에서는 작업 과정 커밋을 숨기고 최종 변경만 남겨 추적성을 높이기도 합니다.즉 squash는 히스토리 정리용 병합 방식입니다.		여러 커밋을 하나로 합친다	TRUE	브랜치를 자동 생성한다	FALSE	원격 저장소를 삭제한다	FALSE	네트워크 포트를 연다	FALSE	devops	git	squash	history
Q084	핫픽스(Hotfix)		DevOps / Cloud - 버전 관리	61	CHOICE	EASY	DevOps에서 hotfix가 의미하는 것으로 가장 올바른 것은?	핫픽스는 운영 장애나 긴급 버그를 빠르게 수정하기 위한 즉시 패치입니다.DevOps에서는 영향 범위를 최소화하고 빠르게 배포/롤백할 수 있어야 합니다.면접에서는 핫픽스를 어떤 브랜치 흐름으로 처리할지 묻기도 합니다.실무에서는 핫픽스 후 반드시 main/dev 등 원래 브랜치에 변경을 반영해 누락을 막습니다.즉 핫픽스는 긴급 대응을 위한 빠른 수정 배포입니다.		운영 긴급 버그를 빠르게 수정	TRUE	장기 기능 개발 계획	FALSE	컨테이너 이미지 압축 작업	FALSE	리전 간 데이터 복제	FALSE	devops	release	hotfix	incident
Q085	CI 캐시(Cache)		DevOps / Cloud - CI/CD	62	CHOICE	EASY	CI에서 캐시를 사용하는 가장 흔한 목적은 무엇인가?	CI 캐시는 의존성 다운로드나 빌드 중간 산출물을 재사용해 파이프라인 시간을 줄입니다.DevOps에서는 빌드 시간이 길면 피드백이 느려져 생산성이 떨어집니다.면접에서는 캐시가 왜 필요한지, 캐시 무효화가 왜 문제인지 물을 수 있습니다.실무에서는 캐시 키 설계를 잘못하면 오래된 의존성이 남아 빌드 오류가 나기도 합니다.즉 캐시는 속도를 높이지만 관리 포인트가 있는 최적화입니다.		빌드 시간을 줄이기 위해	TRUE	코드 리뷰를 자동 승인	FALSE	리전을 자동 변경	FALSE	컨테이너를 무조건 종료	FALSE	devops	cicd	cache	performance
Q086	환경별 배포(Dev Staging Prod)		DevOps / Cloud - CI/CD	62	CHOICE	EASY	Dev Staging Prod 환경을 나누는 대표 이유는 무엇인가?	환경 분리는 변경을 운영에 바로 반영하지 않고 단계적으로 검증하기 위해 필요합니다.DevOps에서는 개발/검증/운영 흐름을 분리해 배포 리스크를 줄입니다.면접에서는 스테이징이 왜 필요한지, 운영과 어떤 차이가 있는지 묻습니다.실무에서는 환경 간 설정 차이를 최소화해야 운영에서만 터지는 문제를 줄일 수 있습니다.즉 환경 분리는 안전한 배포를 위한 기본 구조입니다.		단계적으로 검증하고 리스크를 줄이기 위해	TRUE	Git 충돌을 없애기 위해	FALSE	DB 정규화를 자동으로 하기 위해	FALSE	CDN을 대체하기 위해	FALSE	devops	cicd	environments	release
Q087	카나리 배포(Canary Deployment)		DevOps / Cloud - CI/CD	62	CHOICE	EASY	Canary 배포의 핵심 아이디어로 가장 맞는 것은?	카나리 배포는 일부 사용자나 일부 트래픽에만 새 버전을 먼저 적용해 위험을 줄입니다.문제가 없으면 점진적으로 비율을 늘려 전체 배포로 전환합니다.면접에서는 블루그린/롤링/카나리 차이를 기본으로 물을 수 있습니다.실무에서는 지표 기반 자동 롤백과 함께 설계하면 효과가 큽니다.즉 카나리는 점진적 노출로 안정성을 확보하는 배포 전략입니다.		일부 트래픽에만 먼저 배포한다	TRUE	두 환경을 두고 한 번에 전환	FALSE	서버 사양만 키운다	FALSE	로그를 암호화한다	FALSE	devops	deployment	canary	rollout
Q088	작업 큐(Queue)		DevOps / Cloud - 클라우드 서비스	64	CHOICE	EASY	메시지 큐(Queue)를 사용하는 대표 목적은 무엇인가?	메시지 큐는 작업을 비동기로 처리해 시스템 간 결합도를 낮추고 피크 부하를 완화합니다.DevOps에서는 트래픽 급증 시에도 시스템이 버티도록 버퍼 역할을 하게 합니다.면접에서는 큐가 왜 필요한지와 동기/비동기 차이를 묻는 질문이 나올 수 있습니다.실무에서는 재시도, 중복 처리, 순서 보장 같은 설계 포인트가 중요합니다.즉 큐는 확장성과 안정성을 높이는 비동기 처리 도구입니다.		비동기 처리와 부하 완화를 위해	TRUE	Git 브랜치 병합을 위해	FALSE	CDN 캐시를 삭제하기 위해	FALSE	컨테이너 볼륨을 만들기 위해	FALSE	cloud	messaging	queue	async
Q089	메시지 브로커(Message Broker)		DevOps / Cloud - 클라우드 서비스	64	CHOICE	EASY	메시지 브로커의 역할로 가장 올바른 것은?	메시지 브로커는 생산자와 소비자 사이에서 메시지를 전달/중개합니다.DevOps에서는 마이크로서비스 간 이벤트 기반 통신에 자주 사용됩니다.면접에서는 pub/sub와 큐의 개념을 쉬운 수준에서 물을 수 있습니다.실무에서는 메시지 보존, 재처리, 모니터링이 운영 포인트입니다.즉 브로커는 비동기 통신을 가능하게 하는 중개 서버입니다.		메시지를 중개해 전달한다	TRUE	코드를 컴파일한다	FALSE	브랜치를 삭제한다	FALSE	인스턴스를 스케일업한다	FALSE	cloud	messaging	broker	pubsub
Q090	서버리스(Serverless)		DevOps / Cloud - 클라우드 서비스	64	CHOICE	EASY	서버리스(Serverless)에 대한 설명으로 가장 올바른 것은?	서버리스는 서버 관리 부담을 줄이고, 함수/이벤트 단위로 실행하는 형태가 대표적입니다.DevOps에서는 트래픽에 따라 자동으로 확장되고 사용량 기반 과금이 적용되는 경우가 많습니다.면접에서는 서버리스가 정말 서버가 없는 게 아니라 관리 책임이 줄어든 것임을 확인합니다.실무에서는 콜드 스타트 지연과 실행 제한 시간 같은 제약을 고려해야 합니다.즉 서버리스는 운영 책임을 줄인 실행 모델입니다.		서버 관리 부담이 줄고 이벤트 단위 실행	TRUE	항상 VM을 직접 관리해야 한다	FALSE	무조건 지연 시간이 0이다	FALSE	Git 태그를 자동 생성한다	FALSE	cloud	serverless	faas	scalability
Q091	IaC 드리프트 감지(Drift Detection)		DevOps / Cloud - IaC	65	CHOICE	EASY	IaC에서 드리프트 감지를 하는 가장 큰 이유는 무엇인가?	드리프트 감지는 코드와 실제 인프라가 달라졌는지 찾아 재현성을 지키려는 목적입니다.DevOps에서는 콘솔 수동 변경이 누적되면 장애 원인 추적이 어렵습니다.면접에서는 IaC를 왜 쓰는지에 대한 답으로 드리프트 방지를 말할 수 있습니다.실무에서는 감지 후 코드를 업데이트하거나 실제를 코드 상태로 되돌리는 선택이 필요합니다.즉 드리프트 감지는 운영 안정성과 일관성 확보를 위한 활동입니다.		코드와 실제 인프라 불일치를 찾기 위해	TRUE	DB 테이블을 자동 생성	FALSE	커밋 메시지를 자동 작성	FALSE	컨테이너 포트만 열기 위해	FALSE	devops	iac	drift_detection	governance
Q092	시크릿 매니저(Secret Manager)		DevOps / Cloud - IaC	65	CHOICE	EASY	시크릿 매니저를 사용하는 대표 이유는 무엇인가?	시크릿 매니저는 API 키, DB 비밀번호 같은 민감 정보를 안전하게 저장/조회하게 합니다.DevOps에서는 시크릿을 코드나 이미지에 넣지 않도록 분리하는 것이 기본입니다.면접에서는 환경 변수와 시크릿 매니저의 차이를 물을 수 있습니다.실무에서는 접근 제어, 감사 로그, 키 회전 같은 기능을 함께 활용합니다.즉 시크릿 매니저는 민감 정보 관리의 표준 도구입니다.		민감 정보를 안전하게 보관/조회	TRUE	소스 코드를 자동 병합	FALSE	CDN 캐시를 전 세계에 배포	FALSE	컨테이너를 오케스트레이션	FALSE	devops	security	secrets	manager
Q093	컨테이너 헬스 프로브(Probe)		DevOps / Cloud - 컨테이너	63	CHOICE	EASY	Kubernetes에서 liveness/readiness probe의 일반적인 목적은?	프로브는 컨테이너가 살아있는지, 트래픽을 받을 준비가 되었는지 판단합니다.DevOps에서는 장애 컨테이너를 자동 재시작하거나 트래픽에서 제외해 안정성을 높입니다.면접에서는 readiness와 liveness 차이를 쉬운 수준에서 물을 수 있습니다.실무에서는 너무 민감하면 불필요한 재시작이 늘고, 너무 느슨하면 장애 감지가 늦습니다.즉 프로브는 자동 복구와 트래픽 제어의 핵심 설정입니다.		컨테이너 상태를 점검해 자동 조치	TRUE	Git 커밋을 압축	FALSE	리전을 자동 변경	FALSE	스냅샷 비용을 줄임	FALSE	devops	kubernetes	probe	reliability
Q094	이미지 태그(Image Tag)		DevOps / Cloud - 컨테이너	63	CHOICE	EASY	컨테이너 이미지 태그(tag)의 일반적인 역할은 무엇인가?	태그는 같은 이미지 저장소에서 버전이나 변형을 구분하기 위한 라벨입니다.DevOps에서는 배포 추적을 위해 고정 태그(버전) 사용을 권장하는 경우가 많습니다.면접에서는 latest 태그만 쓰면 생기는 문제를 가볍게 물을 수 있습니다.실무에서는 롤백을 쉽게 하려면 정확한 버전 태그를 유지해야 합니다.즉 태그는 컨테이너 배포의 버전 식별자입니다.		이미지 버전을 구분하는 라벨	TRUE	이미지를 압축하는 기능	FALSE	네트워크 포트를 자동 개방	FALSE	브랜치를 자동 병합	FALSE	devops	container	image_tag	versioning
Q095	멀티 스테이지 빌드(Multi-stage Build)		DevOps / Cloud - 컨테이너	63	CHOICE	EASY	Docker에서 멀티 스테이지 빌드를 사용하는 대표 이유는 무엇인가?	멀티 스테이지 빌드는 빌드 도구가 포함된 단계와 실행 단계 이미지를 분리합니다.그 결과 최종 이미지 크기를 줄이고 보안 노출 면적을 줄이는 데 도움이 됩니다.면접에서는 이미지가 왜 커지면 안 좋은지 질문이 나올 수 있습니다.실무에서는 이미지가 작을수록 배포/스케일링이 빨라지고 취약점이 줄어듭니다.즉 멀티 스테이지는 더 가볍고 안전한 이미지를 만드는 기법입니다.		최종 이미지 크기와 공격면을 줄인다	TRUE	브랜치 충돌을 없앤다	FALSE	리전을 자동 선택한다	FALSE	DB 인덱스를 생성한다	FALSE	devops	docker	multistage	optimization
Q096	TLS/HTTPS		DevOps / Cloud - 클라우드 서비스	64	CHOICE	EASY	HTTPS를 사용하는 가장 기본적인 이유는 무엇인가?	HTTPS는 TLS를 통해 통신 내용을 암호화해 도청과 변조를 방지합니다.DevOps에서는 인증서 관리와 자동 갱신이 운영 포인트가 됩니다.면접에서는 HTTP와 HTTPS 차이를 기본 수준에서 묻습니다.실무에서는 만료된 인증서가 장애로 이어질 수 있어 모니터링이 필요합니다.즉 HTTPS는 안전한 통신을 위한 기본 보안 설정입니다.		통신 암호화로 도청/변조 방지	TRUE	CPU 사용량을 줄이기 위해	FALSE	Git 히스토리를 정리하기 위해	FALSE	컨테이너 포트를 자동 열기 위해	FALSE	cloud	security	tls	https
Q097	인프라 모니터링 지표(Metrics)		DevOps / Cloud - 클라우드 서비스	64	CHOICE	EASY	인프라 모니터링에서 가장 흔히 보는 지표 조합은 무엇인가?	기본적으로 CPU, 메모리, 디스크, 네트워크 같은 자원 사용량을 많이 봅니다.DevOps에서는 이 지표들이 장애 징후를 가장 빨리 보여주는 경우가 많습니다.면접에서는 어떤 지표를 모니터링할지 예시를 말해보라고 할 수 있습니다.실무에서는 서비스 지표(레이지턴시, 에러율)도 함께 봐야 원인 분석이 쉬워집니다.즉 자원 지표는 운영 모니터링의 기본입니다.		CPU 메모리 디스크 네트워크	TRUE	HTML CSS JS DOM	FALSE	SELECT WHERE GROUP BY JOIN	FALSE	커밋 푸시 풀 머지	FALSE	devops	monitoring	metrics	infra
Q098	비용 알람(Budget Alert)		DevOps / Cloud - 클라우드 서비스	64	CHOICE	EASY	클라우드에서 비용 알람(Budget Alert)을 설정하는 대표 이유는?	비용 알람은 예상보다 과금이 급증하는 상황을 조기에 발견하기 위해 설정합니다.DevOps에서는 자동 확장이나 실수로 생성된 자원이 비용 폭탄을 만들 수 있습니다.면접에서는 클라우드 비용이 왜 튈 수 있는지 예시를 들게 할 수 있습니다.실무에서는 팀/프로젝트 태그와 함께 예산을 설정해 책임 범위를 명확히 합니다.즉 비용 알람은 비용 거버넌스의 기본 장치입니다.		과금 급증을 조기 감지하기 위해	TRUE	Git 충돌을 줄이기 위해	FALSE	컨테이너 이미지를 실행하기 위해	FALSE	DB 백업을 암호화하기 위해	FALSE	cloud	cost	budget	governance
Q099	프라이빗 서브넷(Private Subnet)		DevOps / Cloud - 클라우드 서비스	64	CHOICE	EASY	Private Subnet을 사용하는 대표 이유는 무엇인가?	프라이빗 서브넷은 인터넷에서 직접 접근할 수 없도록 구성해 보안을 높입니다.DevOps에서는 DB나 내부 서비스는 프라이빗 서브넷에 두는 설계가 흔합니다.면접에서는 퍼블릭/프라이빗 서브넷 차이를 기본으로 묻습니다.실무에서는 외부 접근이 필요한 경우 NAT 게이트웨이 같은 구성이 추가됩니다.즉 프라이빗 서브넷은 내부 자원을 보호하는 네트워크 분리 전략입니다.		인터넷 직접 접근을 막아 보안을 높인다	TRUE	이미지 용량을 줄인다	FALSE	Git 태그를 자동 생성한다	FALSE	CI 캐시를 삭제한다	FALSE	cloud	network	subnet	security
Q100	최소 권한 원칙(Least Privilege)		DevOps / Cloud - 클라우드 서비스	64	CHOICE	EASY	최소 권한 원칙(Least Privilege)의 의미로 가장 올바른 것은?	최소 권한 원칙은 필요한 작업에 필요한 권한만 부여해 피해 범위를 줄이는 보안 원칙입니다.DevOps/클라우드에서는 IAM 권한이 과도하면 침해 시 피해가 매우 커질 수 있습니다.면접에서는 최소 권한을 어떻게 적용할지(역할 분리, 정책 최소화) 질문이 나옵니다.실무에서는 임시 권한, 권한 회수, 감사 로그까지 함께 운영합니다.즉 최소 권한은 클라우드 보안의 기본 중 기본입니다.		필요한 최소 권한만 부여한다	TRUE	모든 사용자에게 관리자 권한	FALSE	코드 리뷰를 생략한다	FALSE	컨테이너를 항상 퍼블릭으로	FALSE	devops	security	least_privilege	iam
Q101	리베이스 vs 머지(Merge vs Rebase)		DevOps / Cloud - 버전 관리	61	CHOICE	MEDIUM	다음 중 rebase 사용 시 발생할 수 있는 대표적인 주의점으로 가장 올바른 것은?	rebase는 커밋 히스토리를 재작성(rewrite)해 커밋 해시가 바뀔 수 있습니다.그래서 이미 원격에 공유된 브랜치를 rebase하면 다른 사람의 작업과 충돌이 커지고, 강제 푸시가 필요해질 수 있습니다.면접에서는 merge와 rebase 차이를 설명하고, 언제 rebase를 피해야 하는지 묻는 경우가 많습니다.실무에서는 개인 브랜치에서는 rebase로 히스토리를 정리하되, 공유 브랜치에서는 merge를 선호하는 팀도 많습니다.결론적으로 rebase는 히스토리 정리에 유용하지만 공유 범위와 시점을 지키는 게 핵심입니다.		공유된 브랜치에서 히스토리가 바뀌어 충돌 위험이 커질 수 있다	TRUE	rebase는 절대 커밋 해시를 바꾸지 않는다	FALSE	rebase는 원격 저장소를 자동으로 삭제한다	FALSE	rebase는 컨테이너 이미지 크기를 줄여준다	FALSE	devops	git	rebase	collaboration
Q102	PR 체크(Required Checks)		DevOps / Cloud - 버전 관리	61	CHOICE	MEDIUM	Protected Branch에서 Required Checks(필수 검사)를 두는 가장 직접적인 효과는?	Required Checks는 CI 빌드/테스트/린트 같은 검증이 통과해야만 merge가 되도록 강제합니다.면접에서는 브랜치 보호 정책을 어떻게 구성할지, 품질 게이트를 왜 두는지 질문이 나옵니다.실무에서는 테스트 실패 상태에서 병합되는 것을 막아 운영 장애를 줄이는 데 큰 효과가 있습니다.또한 자동화된 검증 기준을 공통으로 적용해 리뷰 부담을 줄입니다.즉 Required Checks는 배포 품질을 자동으로 보장하는 안전장치입니다.		CI 통과 전에는 병합이 불가능해진다	TRUE	PR이 자동으로 닫힌다	FALSE	커밋이 자동으로 스쿼시된다	FALSE	리전이 자동으로 변경된다	FALSE	devops	git	required_checks	quality_gate
Q103	세맨틱 버저닝과 호환성(SemVer)		DevOps / Cloud - 버전 관리	61	CHOICE	MEDIUM	SemVer에서 하위 호환이 깨지는 변경이 포함될 때 일반적으로 증가시키는 버전은?	SemVer는 Major.Minor.Patch 규칙을 따릅니다.하위 호환이 깨지는 변경(breaking change)은 Major를 증가시키는 것이 일반적입니다.면접에서는 예시를 들어 어떤 경우 Major를 올릴지 설명하게 할 수 있습니다.실무에서는 Major 업그레이드 시 마이그레이션 문서와 디프리케이션 정책이 중요합니다.정리하면 breaking change는 Major 증가로 신호를 주는 것이 관례입니다.		Major	TRUE	Minor	FALSE	Patch	FALSE	날짜 기반 버전만 가능	FALSE	devops	versioning	semver	release
Q104	CI에서 테스트 분류(Unit vs Integration)		DevOps / Cloud - CI/CD	62	CHOICE	MEDIUM	CI 파이프라인 설계에서 보통 단위 테스트(Unit Test)를 앞 단계에 두는 이유로 가장 적절한 것은?	단위 테스트는 일반적으로 실행 시간이 짧고 실패 원인을 특정하기 쉽습니다.DevOps에서는 빠른 피드백이 중요하므로, 빠르게 실패할 수 있는 검증을 앞에 둡니다.면접에서는 테스트 피라미드 개념을 통해 단위/통합/e2e 테스트의 비중을 질문하기도 합니다.실무에서는 느린 통합 테스트는 병렬화하거나 별도 워크플로로 분리하는 경우가 많습니다.즉 단위 테스트를 앞에 두는 건 fail fast와 빠른 피드백을 위한 선택입니다.		빠르고 원인 파악이 쉬워 빠른 피드백을 주기 때문이다	TRUE	단위 테스트는 운영 환경에서만 실행되기 때문이다	FALSE	단위 테스트는 네트워크 비용을 줄여주기 때문이다	FALSE	단위 테스트는 보안 정책을 자동 생성하기 때문이다	FALSE	devops	cicd	testing	fail_fast
Q105	CD와 배포 통제(Delivery vs Deployment)		DevOps / Cloud - CI/CD	62	CHOICE	MEDIUM	다음 중 Continuous Delivery와 Continuous Deployment의 차이를 가장 잘 설명한 것은?	Continuous Delivery는 언제든 배포 가능한 상태를 유지하되, 운영 배포는 승인 등으로 통제할 수 있습니다.Continuous Deployment는 변경이 검증을 통과하면 운영까지 자동으로 배포되는 경우를 말합니다.면접에서는 두 용어를 혼동하지 않는지 자주 확인합니다.실무에서는 규제/리스크/트래픽 특성에 따라 Delivery 방식이 더 흔한 조직도 많습니다.결론적으로 차이는 운영 배포의 자동화 범위(승인 유무)에 있습니다.		Delivery는 운영 배포에 승인/통제가 있을 수 있고 Deployment는 자동 운영 배포까지 포함한다	TRUE	Delivery는 무조건 운영 자동 배포이고 Deployment는 수동이다	FALSE	둘은 완전히 동일한 의미다	FALSE	Delivery는 Git 히스토리를 정리하는 기능이다	FALSE	devops	cicd	cd	release
Q106	아티팩트 불변성(Immutable Artifact)		DevOps / Cloud - CI/CD	62	CHOICE	MEDIUM	배포에서 동일 아티팩트를 여러 환경(dev/staging/prod)에 사용하려는 이유로 가장 적절한 것은?	같은 아티팩트를 환경별로 재사용하면 빌드 결과 차이로 인한 예기치 않은 오류를 줄일 수 있습니다.DevOps에서는 빌드는 한 번, 배포는 여러 번이라는 원칙으로 재현성을 높입니다.면접에서는 아티팩트 불변성(immutability)과 재현 가능한 배포를 설명하게 할 수 있습니다.실무에서는 환경별 차이는 설정/시크릿으로 주입하고, 바이너리는 동일하게 유지합니다.즉 동일 아티팩트 배포는 재현성과 신뢰성을 높이는 핵심 전략입니다.		환경 간 차이를 줄여 재현성과 신뢰성을 높이기 위해	TRUE	운영에서는 빌드를 하면 안 되기 때문이다	FALSE	Git 충돌을 줄이기 위해서	FALSE	CDN 캐시를 비우기 위해서	FALSE	devops	cicd	artifact	reproducibility
Q107	배포 실패 원인(환경 차이)		DevOps / Cloud - CI/CD	62	CHOICE	MEDIUM	dev에서는 정상인데 prod에서만 터지는 배포 이슈를 줄이기 위한 가장 기본적인 접근은?	환경 차이로 인한 이슈는 설정/의존성/네트워크 정책 등의 불일치에서 자주 발생합니다.DevOps에서는 환경 구성을 IaC로 표준화하고, 설정은 환경 변수/시크릿으로 분리합니다.면접에서는 환경 불일치 문제를 어떻게 줄일지 (동일 이미지, 동일 아티팩트)로 답하게 할 수 있습니다.실무에서는 스테이징을 운영과 최대한 비슷하게 만드는 것이 효과적입니다.결론적으로 표준화와 설정 분리가 가장 기본적인 해결 방향입니다.		운영과 유사한 환경 표준화 및 설정 분리	TRUE	운영에서만 테스트를 수행	FALSE	코드 리뷰를 없앤다	FALSE	latest 태그만 사용	FALSE	devops	cicd	environment	config
Q108	컨테이너 네트워킹(Port vs Service)		DevOps / Cloud - 컨테이너	63	CHOICE	MEDIUM	Kubernetes에서 Pod IP는 바뀔 수 있는데도 서비스(Service)를 사용하는 주요 이유는?	Pod는 재시작/스케일링 과정에서 IP가 바뀔 수 있습니다.Service는 안정적인 접근 엔드포인트(가상 IP/DNS)를 제공해 내부 통신을 고정합니다.면접에서는 Service가 왜 필요한지와 Endpoint/Selector 개념을 물을 수 있습니다.실무에서는 로드밸런싱과 서비스 디스커버리 역할까지 연결됩니다.즉 Service는 동적인 Pod 뒤에 안정적인 접점을 제공하는 핵심 리소스입니다.		안정적인 접근 엔드포인트를 제공하기 위해	TRUE	Pod의 CPU를 자동으로 올리기 위해	FALSE	Git 태그를 자동 생성하기 위해	FALSE	DB 스키마를 자동 변경하기 위해	FALSE	devops	kubernetes	service	networking
Q109	Readiness vs Liveness		DevOps / Cloud - 컨테이너	63	CHOICE	MEDIUM	Kubernetes에서 readiness probe가 실패했을 때 일반적으로 일어나는 동작은?	readiness는 트래픽을 받을 준비가 되었는지 판단합니다.실패하면 해당 Pod는 서비스 엔드포인트에서 제외되어 트래픽이 가지 않게 됩니다.면접에서는 readiness와 liveness 차이를 자주 물어봅니다.실무에서는 초기 로딩이 필요한 서비스에 readiness를 잘 설정해야 배포 안정성이 높아집니다.정리하면 readiness 실패는 트래픽 차단이 기본 동작입니다.		트래픽 라우팅 대상에서 제외된다	TRUE	Pod가 즉시 강제 재시작된다	FALSE	노드가 재부팅된다	FALSE	Git 브랜치가 삭제된다	FALSE	devops	kubernetes	readiness	reliability
Q110	컨테이너 자원 제한(Requests/Limits)		DevOps / Cloud - 컨테이너	63	CHOICE	MEDIUM	Kubernetes에서 requests와 limits를 설정하는 가장 큰 목적은?	requests는 스케줄링에 필요한 최소 자원, limits는 사용할 수 있는 최대 자원을 의미합니다.DevOps에서는 노드 자원을 공정하게 배분하고, 특정 파드가 자원을 독점하는 것을 막습니다.면접에서는 OOMKilled 같은 상황과 limits의 관계를 물을 수 있습니다.실무에서는 너무 낮게 잡으면 성능 저하, 너무 높게 잡으면 비용 증가와 자원 낭비가 생깁니다.즉 requests/limits는 성능과 안정성, 비용 균형을 위한 핵심 설정입니다.		자원 배분과 독점 방지 및 안정성 확보	TRUE	Pod IP를 고정하기 위해	FALSE	커밋 히스토리를 정리하기 위해	FALSE	리전을 자동 변경하기 위해	FALSE	devops	kubernetes	resources	limits
Q111	클라우드 책임 공유 모델(Shared Responsibility)		DevOps / Cloud - 클라우드 서비스	64	CHOICE	MEDIUM	퍼블릭 클라우드의 책임 공유 모델에서 일반적으로 사용자가 더 직접 책임지는 영역은?	클라우드 제공자는 데이터센터 물리 보안과 하드웨어, 일부 관리형 서비스 운영을 책임집니다.하지만 사용자는 계정 권한(IAM), 데이터 접근 통제, 애플리케이션 보안 설정 등은 직접 책임집니다.면접에서는 책임 공유 모델을 이해하는지 확인하는 질문이 많습니다.실무에서는 IAM 과다 권한이나 공개 스토리지 설정이 흔한 사고 원인입니다.따라서 사용자 책임 영역을 명확히 아는 것이 중요합니다.		IAM 설정과 데이터 접근 통제	TRUE	데이터센터 물리 보안	FALSE	하드웨어 교체	FALSE	클라우드 리전 건설	FALSE	cloud	security	shared_responsibility	iam
Q112	비용 최적화(Overprovisioning)		DevOps / Cloud - 클라우드 서비스	64	CHOICE	MEDIUM	비용이 급증했을 때 가장 먼저 의심해볼 만한 원인으로 적절한 것은?	클라우드 비용은 사용량 기반이므로 과다 프로비저닝이나 스케일 정책 오류가 흔한 원인입니다.DevOps에서는 오토스케일링 임계치 오류, 테스트 리소스 미삭제, 로그/스토리지 폭증 등이 비용 폭탄을 만듭니다.면접에서는 비용이 왜 튀는지 사례를 말해보라고 할 수 있습니다.실무에서는 태깅과 예산 알람으로 원인 추적을 빠르게 합니다.결론적으로 과다 자원/미정리 리소스가 1차 의심 대상입니다.		불필요하게 큰 자원 사용 또는 미정리 리소스	TRUE	Git 태그가 많아서	FALSE	코드 리뷰가 많아서	FALSE	HTML 파일이 커서	FALSE	cloud	cost	overprovisioning	governance
Q113	VPC와 서브넷 분리		DevOps / Cloud - 클라우드 서비스	64	CHOICE	MEDIUM	데이터베이스를 Private Subnet에 두는 설계가 보안에 유리한 가장 큰 이유는?	DB는 외부 공격 표면을 줄이는 것이 중요합니다.Private Subnet에 두면 인터넷에서 직접 접근이 불가능해지고, 애플리케이션 계층을 통해서만 접근하도록 강제할 수 있습니다.면접에서는 3-tier 네트워크 분리(웹/앱/DB)를 설명하게 할 수 있습니다.실무에서는 보안그룹/NACL과 함께 최소 포트만 허용해 방어를 강화합니다.즉 네트워크 격리는 보안의 기본 원칙입니다.		인터넷 직접 접근을 막아 공격 표면을 줄이기 위해	TRUE	DB 성능이 무조건 빨라지기 때문에	FALSE	Git 충돌을 줄이기 때문에	FALSE	CDN을 쓰기 때문에	FALSE	cloud	network	private_subnet	security
Q114	로드밸런서 L4 vs L7		DevOps / Cloud - 클라우드 서비스	64	CHOICE	MEDIUM	L7 로드밸런서가 L4보다 유리한 상황으로 가장 적절한 것은?	L7은 HTTP 레벨에서 라우팅(경로/호스트 기반)을 할 수 있습니다.그래서 URL path 기반 라우팅, 헤더 기반 라우팅 같은 고급 기능이 필요할 때 유리합니다.면접에서는 L4/L7 차이를 OSI 계층과 함께 묻는 경우가 많습니다.실무에서는 L7은 기능이 많은 대신 오버헤드가 있을 수 있어 트래픽 특성을 봐야 합니다.결론적으로 애플리케이션 레벨 라우팅이 필요할 때 L7이 적합합니다.		경로/호스트 기반 라우팅이 필요할 때	TRUE	단순 TCP 분산만 필요할 때	FALSE	Git 브랜치 전략을 바꿀 때	FALSE	컨테이너 이미지 크기를 줄일 때	FALSE	cloud	load_balancer	l4_l7	networking
Q115	IaC와 구성 관리 구분		DevOps / Cloud - IaC	65	CHOICE	MEDIUM	IaC(프로비저닝)와 구성 관리(Configuration Management)를 구분하는 설명으로 가장 적절한 것은?	IaC는 VPC/서버/스토리지 같은 인프라 리소스를 만들고 연결하는 데 초점이 있습니다.구성 관리는 만들어진 서버 내부에 패키지를 설치하고 설정 파일을 적용하는 데 초점이 있습니다.면접에서는 Terraform(프로비저닝)과 Ansible(구성 관리) 예시로 설명하라고 할 수 있습니다.실무에서는 둘을 함께 써서 재현성 있는 환경을 구성하는 경우가 많습니다.즉 인프라 생성과 서버 설정이라는 관점으로 구분하면 이해가 쉽습니다.		IaC는 인프라 생성, 구성 관리는 서버 내부 설정	TRUE	IaC는 코드 리뷰, 구성 관리는 태그 관리	FALSE	IaC는 로그 수집, 구성 관리는 CDN	FALSE	IaC는 Git, 구성 관리는 DB	FALSE	devops	iac	config_management	provisioning
Q116	시크릿 노출 경로(CI 로그)		DevOps / Cloud - CI/CD	62	CHOICE	MEDIUM	CI에서 시크릿(API 키 등)이 노출될 수 있는 대표적인 경로로 가장 적절한 것은?	시크릿은 환경 변수로 주입하더라도 로그에 출력되면 노출될 수 있습니다.특히 디버그 출력, 에러 메시지, 명령 실행 출력이 흔한 노출 지점입니다.면접에서는 시크릿을 어떻게 안전하게 관리할지 질문이 나옵니다.실무에서는 마스킹, 최소 권한, 키 회전, 접근 제한 등을 함께 적용합니다.즉 시크릿은 주입뿐 아니라 출력/로그까지 통제해야 안전합니다.		빌드 로그 출력(디버그/에러 로그)	TRUE	Git 태그 목록	FALSE	VPC 리전 정보	FALSE	CSS 파일 크기	FALSE	devops	security	secrets	cicd
Q117	GitOps 개념		DevOps / Cloud - CI/CD	62	CHOICE	MEDIUM	GitOps를 한 문장으로 가장 잘 설명한 것은?	GitOps는 Git을 단일 진실 원천(Single Source of Truth)으로 삼아 인프라/배포 상태를 관리하는 접근입니다.변경은 PR로 리뷰되고, 자동화 도구가 실제 상태를 Git 선언과 일치시키도록 합니다.면접에서는 GitOps의 장점(감사 추적, 재현성, 롤백)을 묻는 경우가 많습니다.실무에서는 Kubernetes 환경에서 Argo CD, Flux 같은 도구로 구현하는 사례가 흔합니다.즉 Git 기반 선언형 운영 자동화 모델이라고 이해하면 됩니다.		Git을 단일 진실 원천으로 선언형 운영을 자동화하는 방식	TRUE	Git 저장소를 백업하는 기능	FALSE	컨테이너 이미지를 압축하는 기법	FALSE	로드밸런서를 생성하는 서비스	FALSE	devops	gitops	cicd	kubernetes
Q118	블루그린 vs 카나리 선택		DevOps / Cloud - CI/CD	62	CHOICE	MEDIUM	카나리 배포가 블루그린보다 더 적합한 상황으로 가장 적절한 것은?	카나리는 트래픽 일부에만 새 버전을 노출해 지표를 보며 점진 확대합니다.따라서 사용자 영향 범위를 줄이며 안정적으로 검증하고 싶을 때 유리합니다.면접에서는 배포 전략 선택 기준을 트래픽/리스크 관점에서 설명하게 할 수 있습니다.실무에서는 지표 기반 자동 롤백이 가능하면 카나리 효과가 커집니다.즉 점진 검증이 필요한 상황에 카나리가 잘 맞습니다.		일부 사용자로 점진 검증이 필요할 때	TRUE	두 환경을 항상 동일하게 유지할 수 있을 때	FALSE	단순히 커밋 히스토리를 정리할 때	FALSE	DNS 레코드만 바꿀 때	FALSE	devops	deployment	canary	risk
Q119	관측 가능성(Logs vs Metrics vs Traces)		DevOps / Cloud - 클라우드 서비스	64	CHOICE	MEDIUM	분산 트레이싱(Tracing)이 로그만으로 해결하기 어려운 문제를 잘 푸는 이유는?	분산 트레이싱은 요청 하나가 여러 서비스로 퍼져나가는 경로를 추적해 병목/지연 원인을 찾는 데 유리합니다.로그는 서비스별로 흩어져 있어 요청 단위로 연결하기가 어렵습니다.면접에서는 모놀리식 vs 마이크로서비스에서 관측 도구가 왜 달라지는지 묻기도 합니다.실무에서는 traceId를 로그와 연동해 빠른 원인 분석을 합니다.즉 트레이싱은 요청 흐름을 end-to-end로 보여주는 것이 핵심입니다.		요청 흐름을 서비스 간 end-to-end로 연결해 보여주기 때문이다	TRUE	로그는 절대 저장할 수 없기 때문이다	FALSE	지표는 보안상 사용할 수 없기 때문이다	FALSE	트레이싱은 비용이 항상 0원이기 때문이다	FALSE	devops	observability	tracing	microservices
Q120	IaC 상태와 민감 정보(State Sensitive)		DevOps / Cloud - IaC	65	CHOICE	MEDIUM	Terraform state 관리에서 보안상 특히 주의해야 하는 이유로 가장 적절한 것은?	state에는 리소스 식별자뿐 아니라 일부 속성 값이 포함될 수 있고, 경우에 따라 민감 정보가 담길 수 있습니다.그래서 원격 state 접근 제어, 암호화, 잠금 설정이 중요합니다.면접에서는 state가 왜 중요한지와 협업에서 어떻게 관리할지 묻는 질문이 나옵니다.실무에서는 state 백엔드(예: 원격 저장소) 권한을 최소화하고 감사 로그를 남깁니다.즉 state는 단순 파일이 아니라 인프라의 핵심 비밀 저장소가 될 수 있어 조심해야 합니다.		state에 민감 정보가 포함될 수 있어 접근 통제가 필요하다	TRUE	state는 항상 비어 있는 파일이다	FALSE	state는 Git 태그처럼 읽기 전용이다	FALSE	state는 컨테이너 이미지 저장소다	FALSE	devops	terraform	state	security
Q121	브랜치 전략(GitFlow)		DevOps / Cloud - 버전 관리	61	CHOICE	MEDIUM	GitFlow 전략에서 일반적으로 release 브랜치의 목적에 가장 가까운 것은?	GitFlow에서는 기능 개발은 develop에서 진행하고, 배포 준비 시점에 release 브랜치를 따로 둡니다.release 브랜치는 배포 직전 버그 수정, 버전 번호 확정, 릴리즈 노트 정리 같은 마무리 작업을 안정적으로 하기 위한 공간입니다.면접에서는 GitFlow 구성 요소(main develop feature release hotfix)를 설명하게 하는 경우가 많습니다.실무에서는 GitFlow가 무겁다고 느껴 trunk-based를 택하기도 하지만, 개념을 알면 의사소통이 쉽습니다.결론적으로 release 브랜치는 배포 안정화 단계용 브랜치로 이해하면 됩니다.		배포 직전 안정화 및 버전 확정용	TRUE	장기 보관용 로그 저장소	FALSE	컨테이너 이미지 빌드 전용	FALSE	데이터베이스 백업 전용	FALSE	devops	git	gitflow	release
Q122	트렁크 기반 개발(Trunk-based)		DevOps / Cloud - 버전 관리	61	CHOICE	MEDIUM	Trunk-based 개발에서 배포 리스크를 줄이기 위해 함께 쓰는 방식으로 가장 적절한 것은?	Trunk-based는 작은 변경을 자주 main에 통합하는 방식이라 CI 품질이 매우 중요합니다.이때 기능 플래그(feature flag)로 미완성 기능을 숨기고, 작은 단위 배포를 가능하게 합니다.면접에서는 trunk-based와 GitFlow 비교 질문이 종종 나옵니다.실무에서는 짧은 브랜치 수명, 강한 CI, 리뷰 자동화가 함께 돌아가야 효과가 납니다.즉 기능 플래그와 작은 변경이 trunk-based의 핵심 보완책입니다.		기능 플래그(feature flag)	TRUE	모든 변경을 월 1회 몰아서 머지	FALSE	latest 태그만 사용	FALSE	운영에서만 테스트 수행	FALSE	devops	git	trunk_based	feature_flag
Q123	커밋 되돌리기(Revert vs Reset)		DevOps / Cloud - 버전 관리	61	CHOICE	MEDIUM	공유된 원격 브랜치에서 특정 커밋을 안전하게 되돌릴 때 더 적절한 Git 명령은?	reset은 히스토리를 되감아 커밋을 없애는 방식이라 공유 브랜치에서 위험합니다.revert는 기존 커밋을 유지하면서 반대 변경을 하는 새로운 커밋을 추가해 안전합니다.면접에서는 revert와 reset 차이를 매우 자주 물어봅니다.실무에서는 이미 배포된 변경을 되돌릴 때도 revert 방식이 추적과 협업에 유리합니다.정리하면 공유 브랜치에는 revert가 안전한 선택입니다.		revert	TRUE	reset --hard	FALSE	git gc	FALSE	git tag -d	FALSE	devops	git	revert	safety
Q124	코드 서명(Code Signing)		DevOps / Cloud - CI/CD	62	CHOICE	MEDIUM	소프트웨어 공급망 보안에서 코드 서명(code signing)의 가장 핵심 목적은?	코드 서명은 배포되는 바이너리나 아티팩트가 신뢰된 주체에 의해 만들어졌고, 전송 중 변조되지 않았음을 검증하는 데 도움됩니다.DevOps에서는 아티팩트 무결성 보장과 공급망 공격 대응이 중요해지고 있습니다.면접에서는 무결성(integrity)과 신뢰(chain of trust) 개념을 연결해 질문할 수 있습니다.실무에서는 서명 키 관리가 핵심이며 키 유출 시 신뢰가 무너질 수 있어 엄격한 통제가 필요합니다.즉 코드 서명은 배포물의 출처와 무결성을 증명하는 장치입니다.		배포물의 출처와 무결성을 검증하기 위해	TRUE	빌드 속도를 높이기 위해	FALSE	리전을 자동 전환하기 위해	FALSE	로그 용량을 줄이기 위해	FALSE	devops	security	supply_chain	signing
Q125	CI 병렬화(Parallel Jobs)		DevOps / Cloud - CI/CD	62	CHOICE	MEDIUM	CI 실행 시간이 너무 길 때 가장 일반적으로 먼저 적용하는 개선으로 적절한 것은?	CI 시간이 길면 피드백이 늦어져 개발 속도가 떨어집니다.가장 흔한 개선은 테스트를 분할하고 병렬로 실행해 wall-clock 시간을 줄이는 것입니다.면접에서는 CI 최적화 전략(캐시, 병렬화, 테스트 분리)을 물을 수 있습니다.실무에서는 병렬화 시 공유 자원(DB, 포트) 충돌을 피하도록 격리 구성이 필요합니다.즉 병렬화는 가장 효과적인 1차 최적화 수단입니다.		테스트를 분할해 병렬로 실행	TRUE	운영 배포를 수동으로 전환	FALSE	모든 테스트를 제거	FALSE	로그 레벨을 낮춤	FALSE	devops	cicd	parallel	optimization
Q126	테스트 플래키(Flaky Test)		DevOps / Cloud - CI/CD	62	CHOICE	MEDIUM	Flaky test(플래키 테스트)의 가장 큰 문제점으로 가장 적절한 것은?	플래키 테스트는 동일 코드에서도 통과/실패가 랜덤하게 흔들리는 테스트입니다.DevOps에서는 파이프라인 신뢰도를 망가뜨려, 진짜 실패를 무시하게 만드는 문화로 이어질 수 있습니다.면접에서는 플래키 테스트를 어떻게 줄일지(시간 의존 제거, 격리, 재시도 정책) 질문할 수 있습니다.실무에서는 원인 분석 없이 재시도만 늘리면 문제를 숨기는 부작용이 있습니다.즉 플래키는 CI 신뢰를 붕괴시키는 핵심 리스크입니다.		CI 신뢰도를 떨어뜨려 실패를 무시하게 만든다	TRUE	코드 커버리지를 무조건 올린다	FALSE	배포 비용을 자동으로 줄인다	FALSE	네트워크 지연을 제거한다	FALSE	devops	testing	flaky	reliability
Q127	컨테이너 이미지 취약점 스캔(Vuln Scan)		DevOps / Cloud - 컨테이너	63	CHOICE	MEDIUM	컨테이너 이미지 취약점 스캔을 CI에 넣는 가장 큰 이유는?	컨테이너 이미지는 OS 패키지와 라이브러리를 포함해 취약점이 들어갈 수 있습니다.CI 단계에서 스캔하면 배포 전에 위험을 차단할 수 있습니다.면접에서는 왜 이미지가 공격면을 키우는지, 왜 최소 이미지가 중요한지 묻기도 합니다.실무에서는 치명도 기준으로 fail 정책을 두고, 예외 승인 흐름을 마련합니다.즉 스캔은 공급망 보안을 위한 예방 장치입니다.		배포 전에 알려진 취약점을 차단하기 위해	TRUE	이미지 용량을 자동으로 줄이기 위해	FALSE	Git 히스토리를 정리하기 위해	FALSE	DNS를 자동 설정하기 위해	FALSE	devops	container	security	vuln_scan
Q128	Kubernetes 롤아웃(Rollout)		DevOps / Cloud - 컨테이너	63	CHOICE	MEDIUM	Kubernetes에서 새로운 버전 배포 중 문제가 생겼을 때 롤백을 쉽게 하려면 보통 무엇을 활용하는가?	Kubernetes는 Deployment의 rollout history를 바탕으로 이전 ReplicaSet으로 되돌릴 수 있습니다.DevOps에서는 선언형 배포와 롤아웃 기록이 롤백을 쉽게 만듭니다.면접에서는 롤아웃/롤백 흐름과 readiness 설정을 같이 물을 수 있습니다.실무에서는 이미지 태그를 고정하고, 변경 이력을 남겨야 정확히 되돌릴 수 있습니다.즉 Deployment의 롤아웃 이력은 롤백의 기반입니다.		Deployment 롤아웃 이력(ReplicaSet)	TRUE	Git stash	FALSE	VPC 피어링	FALSE	DB 정규화	FALSE	devops	kubernetes	rollout	rollback
Q129	HPA(Horizontal Pod Autoscaler)		DevOps / Cloud - 컨테이너	63	CHOICE	MEDIUM	Kubernetes HPA가 주로 스케일링 기준으로 삼는 지표로 가장 일반적인 것은?	HPA는 보통 CPU 사용률 같은 메트릭을 기준으로 파드 수를 자동 조절합니다.커스텀 메트릭으로 확장할 수도 있지만, 기본은 CPU 기반이 가장 흔합니다.면접에서는 HPA와 Cluster Autoscaler 차이를 구분해 설명하는 질문이 나옵니다.실무에서는 지표 선택이 잘못되면 과도한 스케일링이나 지연이 발생할 수 있습니다.즉 HPA는 메트릭 기반 수평 확장의 대표 기능입니다.		CPU 사용률	TRUE	Git 커밋 수	FALSE	VPC CIDR 크기	FALSE	이미지 레이어 개수	FALSE	devops	kubernetes	hpa	autoscaling
Q130	블록 vs 객체 스토리지 선택		DevOps / Cloud - 클라우드 서비스	64	CHOICE	MEDIUM	대용량 정적 파일(이미지, 동영상)을 저장하고 HTTP로 직접 제공하려면 일반적으로 더 적합한 스토리지는?	객체 스토리지는 파일을 객체로 저장하고 HTTP 기반 접근이 쉬워 정적 콘텐츠에 적합합니다.블록 스토리지는 VM 디스크처럼 붙여 쓰는 용도에 가깝습니다.면접에서는 두 스토리지의 차이를 사례로 설명하게 할 수 있습니다.실무에서는 객체 스토리지 + CDN 조합으로 성능과 비용을 최적화합니다.결론적으로 정적 파일은 객체 스토리지가 일반적으로 더 적합합니다.		객체 스토리지(Object Storage)	TRUE	블록 스토리지(Block Storage)	FALSE	레지스트리(Registry)	FALSE	리포지토리(Repository)	FALSE	cloud	storage	object_storage	cdn
Q131	네트워크 접근 제어(SG vs NACL)		DevOps / Cloud - 클라우드 서비스	64	CHOICE	MEDIUM	보안 그룹(Security Group)과 NACL(Network ACL)의 일반적인 차이로 가장 적절한 것은?	보안 그룹은 인스턴스 단위로 동작하고 상태 기반(stateful) 규칙인 경우가 많습니다.NACL은 서브넷 단위로 적용되고, 상태 비저장(stateless) 규칙인 경우가 많습니다.면접에서는 SG와 NACL의 적용 범위와 stateful/stateless 차이를 자주 묻습니다.실무에서는 둘을 함께 사용해 방어를 다층으로 구성하기도 합니다.즉 적용 단위와 상태 관리 방식이 핵심 차이입니다.		SG는 인스턴스 단위 stateful, NACL은 서브넷 단위 stateless	TRUE	SG는 무조건 서브넷 단위, NACL은 인스턴스 단위	FALSE	둘은 완전히 동일하다	FALSE	둘은 Git 권한을 관리한다	FALSE	cloud	network	security	acl
Q132	CDN 캐시 무효화(Invalidation)		DevOps / Cloud - 클라우드 서비스	64	CHOICE	MEDIUM	CDN을 쓰는 서비스에서 배포 후에도 사용자가 예전 파일을 보는 문제를 줄이기 위한 가장 일반적인 방법은?	CDN 캐시는 TTL 동안 남아있어 배포 직후에도 예전 파일을 제공할 수 있습니다.가장 흔한 해결책은 파일명에 해시를 붙이는 방식의 버전닝(cache busting)입니다.면접에서는 캐시 무효화 전략(버전 파일명, invalidation, TTL)을 물을 수 있습니다.실무에서는 빌드 시 bundle 이름에 content hash를 넣는 방식이 표준에 가깝습니다.즉 파일명 버전닝이 가장 보편적이고 안전한 접근입니다.		파일명에 해시를 넣어 버전 관리(cache busting)	TRUE	latest 태그만 사용	FALSE	모든 로그를 삭제	FALSE	VPC를 새로 만든다	FALSE	cloud	cdn	caching	deployment
Q133	IAM 최소 권한 설계		DevOps / Cloud - 클라우드 서비스	64	CHOICE	MEDIUM	IAM 최소 권한을 구현할 때 가장 바람직한 접근으로 적절한 것은?	최소 권한은 필요한 액션과 리소스 범위를 명확히 좁히는 것이 핵심입니다.와일드카드 권한은 편하지만 사고 시 피해가 커집니다.면접에서는 왜 AdministratorAccess를 남발하면 안 되는지 자주 질문합니다.실무에서는 역할 기반 권한, 기간 제한 권한, 감사 로그를 함께 운영합니다.즉 구체적인 리소스와 액션 단위로 정책을 최소화하는 것이 정석입니다.		필요한 리소스/액션만 구체적으로 허용한다	TRUE	모든 서비스에 전체 권한을 부여한다	FALSE	정책 없이 키를 공유한다	FALSE	권한은 문서로만 관리한다	FALSE	cloud	iam	least_privilege	security
Q134	IaC 변경 리뷰(Plan in PR)		DevOps / Cloud - IaC	65	CHOICE	MEDIUM	Terraform plan 결과를 PR에 첨부해 리뷰하는 방식의 가장 큰 장점은?	plan은 어떤 리소스가 생성/수정/삭제될지 미리 보여줍니다.PR에서 plan을 함께 보면 코드만으로는 놓치기 쉬운 파괴적 변경을 사전에 발견할 수 있습니다.면접에서는 안전한 인프라 변경 프로세스를 설계해보라고 할 수 있습니다.실무에서는 승인된 plan만 apply하도록 정책을 두면 사고가 크게 줄어듭니다.즉 plan 리뷰는 인프라 변경의 투명성과 안전성을 높입니다.		파괴적 변경을 사전에 시각적으로 확인 가능	TRUE	빌드 시간이 무조건 줄어든다	FALSE	Git 히스토리가 자동 정리된다	FALSE	CDN 캐시가 자동 갱신된다	FALSE	devops	terraform	plan	review
Q135	원격 State 백엔드(Remote State)		DevOps / Cloud - IaC	65	CHOICE	MEDIUM	Terraform에서 remote state를 사용하는 대표 이유로 가장 적절한 것은?	remote state는 팀이 동일한 상태 파일을 공유하고, 잠금(lock)으로 동시 apply 충돌을 막을 수 있게 합니다.로컬 state는 개인 PC에 남아 협업과 보안에 취약합니다.면접에서는 원격 state가 왜 필요한지, 어떤 백엔드를 쓰는지(버킷+락) 질문할 수 있습니다.실무에서는 접근 제어와 암호화, 감사 로그가 중요합니다.즉 remote state는 협업과 안정성을 위한 기본 선택입니다.		협업을 위해 state 공유 및 잠금이 필요하기 때문	TRUE	이미지 레이어를 줄이기 위해	FALSE	Git rebase를 자동화하기 위해	FALSE	로드밸런서를 L7로 바꾸기 위해	FALSE	devops	terraform	remote_state	collaboration
Q136	운영 로그와 PII		DevOps / Cloud - 클라우드 서비스	64	CHOICE	MEDIUM	운영 로그에 개인정보(PII)가 남지 않도록 하는 가장 적절한 실무 대응은?	로그는 장애 분석에 중요하지만, PII가 남으면 보안/컴플라이언스 이슈가 됩니다.DevOps에서는 마스킹, 필드 제거, 구조화 로그, 접근 통제, 보관 기간 정책을 함께 적용합니다.면접에서는 로그에 남기면 안 되는 정보와 이유를 물을 수 있습니다.실무에서는 토큰, 비밀번호, 주민번호, 카드정보 같은 데이터는 절대 로그로 남기지 않습니다.즉 마스킹과 로깅 정책 수립이 핵심 대응입니다.		민감 필드를 마스킹/제거하고 로깅 정책을 둔다	TRUE	로그를 아예 남기지 않는다	FALSE	운영에서만 디버그 로그를 켠다	FALSE	모든 사용자에게 로그 접근을 준다	FALSE	devops	security	logging	pii
Q137	멀티 AZ(가용성)		DevOps / Cloud - 클라우드 서비스	64	CHOICE	MEDIUM	멀티 AZ 구성이 단일 AZ보다 유리한 가장 큰 이유는?	AZ 장애는 완전히 배제할 수 없기 때문에, 멀티 AZ는 장애 도메인을 분리해 가용성을 높입니다.DevOps에서는 고가용성 설계의 기본으로 멀티 AZ를 고려합니다.면접에서는 리전/AZ 차이와 장애 대응 설계를 물을 수 있습니다.실무에서는 데이터베이스도 멀티 AZ 복제 구성으로 장애 시 자동 페일오버를 지원하기도 합니다.즉 멀티 AZ는 단일 장애 지점을 줄이는 핵심 전략입니다.		AZ 장애에 대비해 가용성을 높이기 위해	TRUE	로그 용량을 줄이기 위해	FALSE	Git 충돌을 없애기 위해	FALSE	컨테이너 이미지 크기를 줄이기 위해	FALSE	cloud	availability	multi_az	resilience
Q138	RPO/RTO		DevOps / Cloud - 클라우드 서비스	64	CHOICE	MEDIUM	RTO와 RPO를 가장 올바르게 설명한 것은?	RTO는 장애 후 서비스 복구까지 허용되는 최대 시간입니다.RPO는 장애로 인해 허용 가능한 데이터 유실 시점(데이터 손실 허용량)을 의미합니다.면접에서는 DR(재해 복구) 설계에서 RTO/RPO를 어떻게 잡는지 질문이 나올 수 있습니다.실무에서는 비용과 요구 가용성 사이의 균형으로 목표를 결정합니다.즉 RTO는 시간, RPO는 데이터 손실 관점입니다.		RTO는 복구 시간 목표, RPO는 데이터 유실 허용 목표	TRUE	RTO는 데이터 유실, RPO는 복구 시간	FALSE	둘 다 동일 의미	FALSE	둘은 Git 브랜치 이름	FALSE	devops	dr	rto	rpo
Q139	블루그린의 데이터 이슈		DevOps / Cloud - CI/CD	62	CHOICE	MEDIUM	블루그린 배포에서 데이터베이스 스키마 변경이 특히 까다로운 이유로 가장 적절한 것은?	블루그린은 두 환경이 동시에 살아있고 트래픽이 전환됩니다.스키마 변경이 한쪽 버전만 가정하면, 다른 버전이 같은 DB를 사용할 때 오류가 날 수 있습니다.면접에서는 무중단 배포에서 DB 마이그레이션 전략(하위 호환, 단계적 변경)을 물을 수 있습니다.실무에서는 expand-and-contract 같은 방식으로 호환성을 유지하며 점진 변경합니다.즉 두 버전 공존 기간을 고려해야 해서 DB 변경이 어렵습니다.		두 버전이 공존해 스키마 호환성을 유지해야 해서	TRUE	Git 태그가 자동으로 삭제돼서	FALSE	CDN이 항상 늦게 갱신돼서	FALSE	컨테이너 볼륨이 없어서	FALSE	devops	deployment	database	migration
Q140	컨테이너 이미지 태그 전략		DevOps / Cloud - 컨테이너	63	CHOICE	MEDIUM	운영 배포에서 latest 태그만 쓰는 것이 위험한 가장 큰 이유는?	latest는 가리키는 이미지가 언제든 바뀔 수 있어 배포 재현성이 깨집니다.문제가 생겨도 어떤 이미지가 배포됐는지 추적이 어렵고, 롤백도 불안정합니다.면접에서는 왜 고정 버전 태그를 쓰는지 질문이 자주 나옵니다.실무에서는 버전 태그나 커밋 해시 기반 태그를 사용해 추적성을 확보합니다.즉 latest만 쓰면 재현성과 추적성이 무너지는 게 핵심 위험입니다.		배포 재현성과 추적성이 깨지기 때문	TRUE	CPU 사용량이 늘기 때문	FALSE	VPC CIDR가 바뀌기 때문	FALSE	로그가 자동 삭제되기 때문	FALSE	devops	container	tagging	reproducibility
Q141	브랜치 보호 규칙(Review Requirement)		DevOps / Cloud - 버전 관리	61	CHOICE	MEDIUM	Protected Branch에서 최소 리뷰어 수를 강제하는 가장 직접적인 목적은?	리뷰어 강제는 단순한 절차가 아니라 품질과 리스크를 낮추는 안전장치입니다.특히 운영에 영향이 큰 main 브랜치에 변경이 들어갈 때, 한 사람의 실수를 다른 사람이 잡아낼 확률이 높아집니다.면접에서는 브랜치 보호 정책을 왜 두는지, 어떤 규칙이 실무에서 유용한지 묻습니다.실무에서는 필수 리뷰 + CI 통과 + 특정 CODEOWNERS 승인 같은 규칙이 함께 쓰입니다.즉 리뷰 강제는 협업 품질과 운영 안정성을 높이기 위한 통제입니다.		실수 및 위험 변경을 사전에 검출하기 위해	TRUE	커밋 해시를 짧게 만들기 위해	FALSE	이미지 레이어 수를 줄이기 위해	FALSE	리전을 자동 전환하기 위해	FALSE	devops	git	protected_branch	review
Q142	커밋 서명(GPG/SSH Signing)		DevOps / Cloud - 버전 관리	61	CHOICE	MEDIUM	Git 커밋 서명(verified commit)의 핵심 효과로 가장 적절한 것은?	커밋 서명은 누가 커밋을 만들었는지에 대한 신뢰도를 높여줍니다.DevOps 관점에서는 공급망 보안에서 “변경의 출처”가 매우 중요해졌습니다.면접에서는 서명이 어떤 문제(계정 탈취, 위조 커밋)를 줄이는지 질문할 수 있습니다.실무에서는 중요한 저장소에서 서명된 커밋만 허용하는 정책을 두기도 합니다.즉 커밋 서명은 변경의 무결성과 출처 신뢰를 강화합니다.		커밋의 출처 신뢰와 위조 방지에 도움	TRUE	빌드 속도를 2배 올린다	FALSE	VPC를 자동 생성한다	FALSE	컨테이너 이미지를 자동 압축한다	FALSE	devops	git	signing	supply_chain
Q143	릴리즈 노트(Release Notes)		DevOps / Cloud - 버전 관리	61	CHOICE	MEDIUM	릴리즈 노트를 체계적으로 작성하면 얻는 대표적인 실무 효과는?	릴리즈 노트는 무엇이 바뀌었는지 사용자/운영팀에 전달하는 공식 기록입니다.DevOps에서는 장애가 났을 때 “최근 배포 변경”을 빠르게 좁히는 데도 큰 도움이 됩니다.면접에서는 배포 프로세스에서 변경 기록을 어떻게 관리하는지 질문이 나올 수 있습니다.실무에서는 커밋 규칙과 연동해 자동 생성(Conventional Commits)하기도 합니다.즉 릴리즈 노트는 커뮤니케이션과 추적성을 동시에 높입니다.		변경 사항 공유와 장애 분석 추적성 향상	TRUE	컨테이너 오케스트레이션 자동화	FALSE	DB 정규화 수행	FALSE	CDN 캐시를 자동 삭제	FALSE	devops	release	changelog	traceability
Q144	CI 품질 게이트(Quality Gate)		DevOps / Cloud - CI/CD	62	CHOICE	MEDIUM	품질 게이트(quality gate)를 CI에 두는 대표 예시로 가장 적절한 것은?	품질 게이트는 “통과하지 못하면 병합/배포가 불가능”하도록 강제하는 기준입니다.대표적으로 테스트 통과, 커버리지 임계치, 린트/정적분석 통과, 보안 스캔 통과 등이 있습니다.면접에서는 어떤 기준을 게이트로 둘지, 왜 필요한지 질문이 나옵니다.실무에서는 너무 엄격하면 개발 속도가 떨어져 적절한 균형이 필요합니다.즉 품질 게이트는 자동화된 최소 품질 기준선입니다.		테스트/정적분석/보안 스캔 통과를 병합 조건으로 강제	TRUE	모든 PR을 자동 승인	FALSE	리전 비용을 자동 결제	FALSE	Git 히스토리를 자동 스쿼시	FALSE	devops	cicd	quality_gate	automation
Q145	아티팩트 저장소(Artifact Repository)		DevOps / Cloud - CI/CD	62	CHOICE	MEDIUM	Artifact Repository를 두는 가장 큰 이유로 적절한 것은?	아티팩트 저장소는 빌드 산출물(jar, 이미지, 패키지)을 버전별로 보관하고 배포에 재사용하기 위함입니다.DevOps에서는 “빌드는 한 번, 배포는 여러 번” 원칙을 지키기 위해 필요합니다.면접에서는 아티팩트를 어디에 저장하고 어떻게 추적할지 질문이 나올 수 있습니다.실무에서는 접근 통제와 무결성 검증(서명/해시)이 중요합니다.즉 아티팩트 저장소는 재현 가능한 배포와 추적성을 위한 기반입니다.		빌드 산출물 버전 보관과 재현 가능한 배포를 위해	TRUE	Git 브랜치를 자동 삭제하기 위해	FALSE	DB 트랜잭션을 관리하기 위해	FALSE	CDN 캐시를 무한대로 유지하기 위해	FALSE	devops	cicd	artifact_repo	reproducibility
Q146	롤백 vs 롤포워드(Rollback vs Rollforward)		DevOps / Cloud - CI/CD	62	CHOICE	MEDIUM	배포 후 문제 발생 시 롤백 대신 롤포워드(빠른 수정 재배포)가 더 적합한 상황으로 가장 적절한 것은?	롤백은 빠르지만 데이터 스키마 변경이나 데이터 손상과 얽히면 어려울 수 있습니다.롤포워드는 문제를 수정한 새 버전을 배포해 정상 상태로 복구하는 전략입니다.면접에서는 어떤 상황에서 롤백이 위험한지, DB 변경과의 관계를 자주 묻습니다.실무에서는 영향 범위가 작고 빠르게 수정 가능한 경우 롤포워드가 더 안전할 때가 있습니다.즉 데이터 호환성/복구 비용을 고려해 전략을 선택합니다.		롤백이 데이터 호환성 문제를 만들 수 있어 수정 재배포가 더 안전할 때	TRUE	Git 충돌이 많을 때	FALSE	로그가 너무 많을 때	FALSE	CDN을 쓰지 않을 때	FALSE	devops	deployment	rollback	rollforward
Q147	컨테이너 레지스트리 보안(Registry Access)		DevOps / Cloud - 컨테이너	63	CHOICE	MEDIUM	컨테이너 레지스트리에 대한 접근을 최소 권한으로 제한해야 하는 이유로 가장 적절한 것은?	레지스트리는 배포되는 이미지의 “공급망” 핵심 지점입니다.쓰기 권한이 과도하면 악성/취약 이미지를 주입해 운영에 심각한 영향을 줄 수 있습니다.면접에서는 레지스트리 보안과 이미지 신뢰 체인을 질문할 수 있습니다.실무에서는 pull 권한과 push 권한을 분리하고, 태그 보호 규칙을 두기도 합니다.즉 레지스트리 접근 통제는 공급망 공격을 줄이는 핵심입니다.		악성 이미지 주입 같은 공급망 리스크를 줄이기 위해	TRUE	이미지 크기를 줄이기 위해	FALSE	Pod IP를 고정하기 위해	FALSE	Git 커밋을 스쿼시하기 위해	FALSE	devops	container	registry	security
Q148	쿠버네티스 네임스페이스(Namespace)		DevOps / Cloud - 컨테이너	63	CHOICE	MEDIUM	Kubernetes에서 Namespace를 사용하는 대표 목적은 무엇인가?	네임스페이스는 클러스터 내 리소스를 논리적으로 분리합니다.DevOps에서는 팀/환경(dev, prod)/서비스 단위로 격리하고 권한을 분리하는 데 사용합니다.면접에서는 네임스페이스와 RBAC, 리소스 쿼터를 연결해 질문할 수 있습니다.실무에서는 실수로 운영 리소스를 건드리는 사고를 줄이기 위해 분리가 중요합니다.즉 네임스페이스는 멀티테넌시와 격리를 위한 기본 도구입니다.		리소스/권한을 논리적으로 분리하기 위해	TRUE	컨테이너 이미지를 빌드하기 위해	FALSE	Git 히스토리를 재작성하기 위해	FALSE	CDN 캐시를 강제 삭제하기 위해	FALSE	devops	kubernetes	namespace	isolation
Q149	ConfigMap vs Secret		DevOps / Cloud - 컨테이너	63	CHOICE	MEDIUM	Kubernetes에서 Secret을 ConfigMap과 분리해 사용하는 가장 큰 이유는?	Secret은 민감 정보를 저장하기 위한 리소스이며 접근 제어와 보호가 중요합니다.ConfigMap은 일반 설정값을 위한 용도로, 같은 방식으로 다루면 키/비밀번호가 노출될 수 있습니다.면접에서는 Secret을 어떻게 주입하고, 어떤 보안 고려가 필요한지 질문이 나옵니다.실무에서는 암호화 at rest, RBAC 제한, 외부 시크릿 매니저 연동을 적용하기도 합니다.즉 민감 정보는 별도로 관리하고 접근을 통제해야 합니다.		민감 정보 접근 통제를 위해 별도로 관리해야 해서	TRUE	Secret은 텍스트를 저장할 수 없어서	FALSE	ConfigMap은 파일로만 저장돼서	FALSE	둘은 완전히 같은 기능이라서	FALSE	devops	kubernetes	secret	configmap
Q150	롤링 업데이트와 서지(Surge)		DevOps / Cloud - 컨테이너	63	CHOICE	MEDIUM	Rolling Update에서 maxSurge 설정의 일반적인 의미로 가장 적절한 것은?	maxSurge는 업데이트 중 “추가로 더 띄울 수 있는 파드 수”를 의미합니다.추가 파드를 먼저 띄우면 가용성을 유지하며 교체할 수 있지만, 순간 자원 사용량은 늘 수 있습니다.면접에서는 maxUnavailable/maxSurge 의미를 자주 물어봅니다.실무에서는 트래픽 피크에 가용성을 유지하려면 적절한 surge 설정이 필요합니다.즉 maxSurge는 업데이트 중 일시적으로 파드를 더 늘리는 옵션입니다.		업데이트 중 추가로 생성 가능한 파드 수	TRUE	업데이트 중 제거 가능한 파드 수	FALSE	파드의 CPU 상한	FALSE	서비스의 DNS TTL	FALSE	devops	kubernetes	rolling_update	surge
Q151	모니터링 임계치(Threshold)		DevOps / Cloud - 클라우드 서비스	64	CHOICE	MEDIUM	알림 임계치를 너무 낮게 잡았을 때 흔히 생기는 문제로 가장 적절한 것은?	임계치가 너무 낮으면 알림이 과도하게 발생해 알람 피로(alert fatigue)가 생깁니다.DevOps에서는 사람들이 알림을 무시하게 되어 진짜 장애 신호를 놓칠 위험이 커집니다.면접에서는 좋은 알림의 조건(행동 가능성, 낮은 오탐)을 물을 수 있습니다.실무에서는 SLO 기반 알림과 샘플링, 집계 윈도우로 오탐을 줄입니다.즉 알림은 “적게, 정확하게, 행동 가능하게”가 중요합니다.		알람 피로로 인해 중요한 알림을 놓칠 수 있다	TRUE	CPU 사용률이 자동으로 줄어든다	FALSE	Git 충돌이 사라진다	FALSE	CDN이 자동으로 갱신된다	FALSE	devops	monitoring	alerting	threshold
Q152	지표 기반 알림(SLI)		DevOps / Cloud - 클라우드 서비스	64	CHOICE	MEDIUM	에러율 기반 알림이 단순 CPU 알림보다 유리한 이유로 가장 적절한 것은?	CPU는 원인 지표일 수 있지만, 사용자 경험을 직접적으로 반영하진 않습니다.에러율/지연 시간 같은 SLI는 서비스 품질을 직접 나타내 사용자 영향 기반 알림을 만들 수 있습니다.면접에서는 SLI/SLO 기반 알림을 왜 쓰는지 질문이 나올 수 있습니다.실무에서는 “CPU 80퍼”보다 “5xx 에러율 증가”가 더 행동 가능한 신호인 경우가 많습니다.즉 사용자 영향 중심 알림이 더 실무적입니다.		사용자 영향(서비스 품질)을 직접 반영하기 때문	TRUE	CPU는 측정이 불가능하기 때문	FALSE	에러율은 항상 0이기 때문	FALSE	Git 태그가 자동 생성되기 때문	FALSE	devops	sre	sli	alerting
Q153	오토스케일링 안정화(Cooldown)		DevOps / Cloud - 클라우드 서비스	64	CHOICE	MEDIUM	오토스케일링에서 cooldown(안정화 시간)을 두는 대표 이유는?	스케일링이 너무 자주 일어나면 비용과 불안정성이 증가할 수 있습니다.cooldown은 확장/축소 후 일정 시간 관측과 안정화를 기다려 플래핑을 줄입니다.면접에서는 스케일링 정책 설계 시 어떤 문제가 생길 수 있는지 묻습니다.실무에서는 임계치, 집계 윈도우, cooldown을 조합해 안정적인 스케일링을 만듭니다.즉 cooldown은 과도한 스케일링 진동을 막기 위한 장치입니다.		스케일링 플래핑을 줄이고 안정화하기 위해	TRUE	리전을 자동 이동하기 위해	FALSE	Git 머지를 자동 승인하기 위해	FALSE	이미지 레이어를 줄이기 위해	FALSE	cloud	autoscaling	cooldown	stability
Q154	IaC 파괴적 변경(Destructive Change)		DevOps / Cloud - IaC	65	CHOICE	MEDIUM	Terraform plan에서 리소스가 destroy 후 create로 표시될 때 가장 먼저 확인해야 할 것은?	destroy/create는 리소스 재생성을 의미해 다운타임이나 데이터 유실 위험이 있습니다.DevOps에서는 어떤 변경이 재생성을 유발하는지(immutable 속성 변경) 확인하는 것이 우선입니다.면접에서는 파괴적 변경을 어떻게 예방할지(리뷰, 승인, 백업) 질문이 나옵니다.실무에서는 create_before_destroy, 백업, 점진적 마이그레이션 전략을 고려합니다.즉 “왜 재생성이 필요한지”와 “데이터 영향”을 먼저 확인해야 합니다.		재생성 원인과 데이터/다운타임 영향	TRUE	Git rebase가 필요한지	FALSE	CDN TTL이 충분한지	FALSE	커밋 메시지 규칙	FALSE	devops	terraform	destructive_change	safety
Q155	IaC 워크스페이스(Workspace)		DevOps / Cloud - IaC	65	CHOICE	MEDIUM	Terraform workspace를 환경 분리에 사용하는 이유로 가장 적절한 것은?	workspace는 동일한 코드로도 state를 분리해 여러 환경을 관리할 수 있게 합니다.DevOps에서는 dev/staging/prod 환경을 분리해 충돌을 줄이고 독립적으로 변경합니다.면접에서는 환경을 어떻게 분리할지(state 분리, 계정 분리) 질문이 나올 수 있습니다.실무에서는 workspace 대신 계정/프로젝트 단위로 완전 분리를 선호하는 조직도 있습니다.즉 핵심은 state를 분리해 환경 간 영향을 줄이는 것입니다.		동일 코드로 state를 분리해 환경을 나누기 위해	TRUE	코드 리포지토리를 3개로 나누기 위해	FALSE	이미지를 더 크게 만들기 위해	FALSE	로그를 줄이기 위해	FALSE	devops	terraform	workspace	environment
Q156	비용 태깅 표준(Cost Allocation Tags)		DevOps / Cloud - 클라우드 서비스	64	CHOICE	MEDIUM	비용 배분(cost allocation)을 위해 태깅 표준이 중요한 이유로 가장 적절한 것은?	태깅이 제각각이면 팀/프로젝트별 비용을 정확히 나누기 어렵습니다.DevOps에서는 비용 책임을 명확히 하고, 낭비를 찾기 위해 표준 태그 키를 강제합니다.면접에서는 클라우드 비용을 어떻게 관리할지 질문이 나올 수 있습니다.실무에서는 필수 태그(서비스, 환경, 오너)를 강제하고 누락 리소스를 탐지합니다.즉 표준 태깅은 비용 거버넌스의 기본입니다.		비용을 팀/프로젝트별로 정확히 추적하려고	TRUE	Git 충돌을 줄이려고	FALSE	컨테이너 이미지를 압축하려고	FALSE	TLS를 자동 발급하려고	FALSE	cloud	cost	tagging	governance
Q157	로그 보관 기간(Retention)		DevOps / Cloud - 클라우드 서비스	64	CHOICE	MEDIUM	로그 보관 기간(retention)을 무제한으로 두는 것이 위험한 이유로 가장 적절한 것은?	로그를 무제한으로 보관하면 비용이 계속 증가하고, 민감 정보가 오래 남는 보안 리스크도 커집니다.DevOps에서는 목적에 맞는 보관 기간과 아카이빙 정책을 설계합니다.면접에서는 운영 로그를 얼마나 보관할지, 기준을 어떻게 잡을지 물을 수 있습니다.실무에서는 규정/컴플라이언스 요구와 비용, 분석 필요성 사이에서 균형을 잡습니다.즉 retention은 비용과 보안을 동시에 고려해야 합니다.		비용 증가와 보안 리스크가 커질 수 있어서	TRUE	CPU 사용률이 자동으로 낮아져서	FALSE	Git 태그가 사라져서	FALSE	CDN이 작동을 멈춰서	FALSE	devops	logging	retention	compliance
Q158	가용성 vs 내구성(Availability vs Durability)		DevOps / Cloud - 클라우드 서비스	64	CHOICE	MEDIUM	다음 중 내구성(Durability)에 대한 설명으로 가장 적절한 것은?	가용성은 “얼마나 자주 서비스가 접근 가능한가”에 가깝고, 내구성은 “데이터가 얼마나 잘 보존되는가”에 가깝습니다.클라우드 스토리지에서 내구성은 데이터 손실 확률이 매우 낮음을 의미합니다.면접에서는 이 둘을 혼동하지 않는지 개념 질문이 나올 수 있습니다.실무에서는 고가용성과 고내구성을 함께 달성하려면 복제/백업 설계가 필요합니다.즉 내구성은 데이터 보존 관점의 신뢰성입니다.		데이터가 손실되지 않고 보존되는 정도	TRUE	서비스가 응답하는 비율	FALSE	Git 브랜치 병합 속도	FALSE	컨테이너 이미지 크기	FALSE	cloud	reliability	durability	storage
Q159	장애 대응 런북(Runbook)		DevOps / Cloud - 클라우드 서비스	64	CHOICE	MEDIUM	런북(runbook)을 운영에 두는 가장 큰 이유로 적절한 것은?	런북은 장애 시 어떤 순서로 무엇을 확인/조치할지 정리한 문서입니다.DevOps에서는 사람마다 대응이 달라지는 것을 줄이고, MTTR을 낮추는 데 도움이 됩니다.면접에서는 장애 대응 프로세스와 문서화의 중요성을 질문할 수 있습니다.실무에서는 런북을 ‘실제로 따라 해보며’ 최신 상태로 유지하는 것이 중요합니다.즉 런북은 표준화된 장애 대응을 위한 실무 도구입니다.		장애 대응 표준화로 복구 시간을 줄이기 위해	TRUE	코드 커버리지를 올리기 위해	FALSE	Git 히스토리를 재작성하기 위해	FALSE	CDN을 제거하기 위해	FALSE	devops	operations	incident	runbook
Q160	배포와 관측(Deployment Observability)		DevOps / Cloud - CI/CD	62	CHOICE	MEDIUM	배포 직후 모니터링에서 가장 먼저 확인해야 할 신호로 가장 적절한 것은?	배포 직후에는 사용자 영향이 즉시 드러나는 지표를 우선 확인하는 것이 일반적입니다.대표적으로 5xx 에러율, 지연 시간 증가, 트래픽 급감 같은 신호가 중요합니다.면접에서는 배포 후 검증(health check, SLI 확인)을 어떻게 하는지 질문합니다.실무에서는 대시보드/알림을 배포 이벤트와 연동해 원인 분석을 빠르게 합니다.즉 ‘사용자 영향 지표’를 먼저 보는 것이 핵심입니다.		에러율과 지연 시간 같은 사용자 영향 지표	TRUE	Git 커밋 수	FALSE	이미지 레이어 수	FALSE	README 줄 수	FALSE	devops	observability	deployment	sli
Q161	모노레포 vs 멀티레포(Monorepo vs Multirepo)		DevOps / Cloud - 버전 관리	61	CHOICE	MEDIUM	모노레포(monorepo)를 선택할 때 얻을 수 있는 대표 장점으로 가장 적절한 것은?	모노레포는 여러 프로젝트를 하나의 저장소에서 관리해 의존성 버전과 변경 이력을 한 곳에서 추적하기 쉽습니다.DevOps에서는 공통 라이브러리 변경이 여러 서비스에 걸칠 때 동기화가 쉬운 장점이 있습니다.면접에서는 모노레포의 장단점(빌드/권한/CI 복잡도)을 묻는 경우가 많습니다.실무에서는 변경 범위가 커지면 CI 최적화(변경 감지, 캐시, 병렬화)가 필수입니다.즉 모노레포는 일관성과 동기화에 강하지만 운영 도구가 따라와야 합니다.		여러 서비스 변경을 한 곳에서 동기화하기 쉬움	TRUE	Git 충돌이 절대 발생하지 않음	FALSE	리전 간 복제가 자동으로 됨	FALSE	DB 인덱스가 자동 생성됨	FALSE	devops	git	monorepo	collaboration
Q162	Conventional Commits		DevOps / Cloud - 버전 관리	61	CHOICE	MEDIUM	Conventional Commits를 도입했을 때 가장 기대할 수 있는 효과로 적절한 것은?	Conventional Commits는 feat, fix 같은 타입을 표준화해 커밋 의미를 일관되게 만듭니다.DevOps에서는 이를 기반으로 변경 로그 자동 생성과 SemVer 자동 증가까지 연결할 수 있습니다.면접에서는 협업 규칙을 어떻게 정하는지 질문이 나올 수 있습니다.실무에서는 규칙이 너무 엄격하면 반발이 생겨, 최소 규칙부터 점진 도입하는 경우가 많습니다.즉 커밋 표준화는 자동화와 추적성 향상의 출발점입니다.		변경 로그 자동 생성과 버전 관리 자동화에 도움	TRUE	컨테이너 오케스트레이션을 제공	FALSE	CDN 캐시를 자동 삭제	FALSE	VPC를 자동 생성	FALSE	devops	git	conventional_commits	release
Q163	릴리즈 태그(Release Tag)		DevOps / Cloud - 버전 관리	61	CHOICE	MEDIUM	배포 시 Git tag를 찍어두는 가장 실무적인 이유로 적절한 것은?	태그는 특정 커밋을 버전/릴리즈 기준점으로 고정해두는 역할을 합니다.DevOps에서는 운영 장애 시 어떤 코드가 배포됐는지 즉시 추적하고, 재배포/롤백 기준으로 활용합니다.면접에서는 태그와 브랜치 차이를 물을 수 있습니다.실무에서는 배포 파이프라인이 자동으로 태그를 생성하거나 릴리즈 객체와 연동하기도 합니다.즉 태그는 배포 추적성과 재현성을 높이는 기준점입니다.		배포된 커밋을 고정해 추적성과 롤백 기준을 만들기 위해	TRUE	커밋 히스토리를 삭제하기 위해	FALSE	테스트를 병렬화하기 위해	FALSE	리전을 자동 이동하기 위해	FALSE	devops	git	tag	traceability
Q164	캐시 키 설계(Cache Key)		DevOps / Cloud - CI/CD	62	CHOICE	MEDIUM	CI 캐시 키(cache key)를 잘못 설계했을 때 발생할 수 있는 대표 문제로 가장 적절한 것은?	캐시 키가 너무 넓으면 오래된 캐시가 계속 재사용되어 의존성 불일치 문제가 생길 수 있습니다.반대로 너무 자주 바뀌면 캐시 히트가 없어져 속도 개선이 안 됩니다.면접에서는 CI 최적화에서 캐시 무효화 전략을 물을 수 있습니다.실무에서는 lock 파일 해시 기반 키를 써서 정확성과 히트율을 균형 있게 맞춥니다.즉 캐시 키는 속도와 정확성의 균형 포인트입니다.		오래된 의존성이 재사용되어 빌드 오류가 날 수 있다	TRUE	Git 충돌이 자동으로 해결된다	FALSE	Pod IP가 고정된다	FALSE	TLS 인증서가 자동 발급된다	FALSE	devops	cicd	cache	dependency
Q165	배포 전략(BlueGreen)		DevOps / Cloud - CI/CD	62	CHOICE	MEDIUM	블루그린 배포에서 트래픽 전환(switch) 직후 가장 주의 깊게 봐야 할 신호로 적절한 것은?	블루그린은 전환 순간 사용자 트래픽이 새 환경으로 크게 이동합니다.따라서 전환 직후 에러율, 지연 시간, 주요 기능 성공률 같은 사용자 영향 지표를 집중 확인해야 합니다.면접에서는 전환 후 검증(헬스 체크, SLI 모니터링)을 어떻게 하는지 묻습니다.실무에서는 전환 전후로 모니터링 대시보드를 고정해 비교 관찰합니다.즉 전환 직후는 사용자 영향 지표가 최우선입니다.		에러율/지연 시간 등 사용자 영향 지표	TRUE	Git 커밋 수	FALSE	이미지 레이어 수	FALSE	README 길이	FALSE	devops	deployment	blue_green	observability
Q166	배포 승인(Manual Approval)		DevOps / Cloud - CI/CD	62	CHOICE	MEDIUM	운영 배포에 수동 승인 단계를 두는 대표적인 이유로 가장 적절한 것은?	모든 조직이 운영 배포를 완전 자동화할 수 있는 건 아닙니다.규제, 리스크, 피크 시간 회피, 변경 관리 정책 때문에 승인 단계를 두기도 합니다.면접에서는 왜 어떤 팀은 CD를 자동 배포가 아니라 자동 준비로 운영하는지 질문할 수 있습니다.실무에서는 승인 단계가 병목이 되지 않도록, 자동 검증과 배포 창 관리가 함께 필요합니다.즉 승인은 리스크 통제와 변경 관리 목적입니다.		리스크 통제와 변경 관리 정책을 위해	TRUE	빌드 시간을 줄이기 위해	FALSE	Git rebase를 강제하기 위해	FALSE	컨테이너 이미지를 압축하기 위해	FALSE	devops	cicd	approval	governance
Q167	컨테이너 이미지 레이어(Layer)		DevOps / Cloud - 컨테이너	63	CHOICE	MEDIUM	Docker 이미지 레이어를 잘 활용하면 얻는 대표 효과로 가장 적절한 것은?	레이어는 변경되지 않은 부분을 재사용할 수 있게 해 빌드와 배포를 빠르게 합니다.DevOps에서는 의존성 설치 단계가 자주 바뀌지 않도록 Dockerfile 순서를 조정합니다.면접에서는 레이어 캐시가 왜 빌드를 빠르게 하는지 질문할 수 있습니다.실무에서는 레이어에 시크릿이 남지 않도록 빌드 컨텍스트와 명령을 조심해야 합니다.즉 레이어 캐시는 성능에 도움되지만 보안/캐시 무효화도 함께 고려해야 합니다.		캐시 재사용으로 빌드/배포 속도를 높인다	TRUE	Pod IP를 고정한다	FALSE	Git 태그를 자동 생성한다	FALSE	VPC CIDR를 확장한다	FALSE	devops	docker	layer	caching
Q168	이미지 빌드 컨텍스트(Build Context)		DevOps / Cloud - 컨테이너	63	CHOICE	MEDIUM	Docker build context를 불필요하게 크게 잡으면 생길 수 있는 문제로 가장 적절한 것은?	build context는 Docker 데몬으로 전달되는 파일 집합입니다.불필요한 파일(노드 모듈, 빌드 산출물, 비밀키)이 포함되면 빌드가 느려지고 보안 위험이 커집니다.면접에서는 .dockerignore의 역할을 묻는 질문이 나올 수 있습니다.실무에서는 .dockerignore로 불필요한 파일을 제외해 속도와 보안을 개선합니다.즉 컨텍스트 최적화는 빌드 성능과 보안의 기본입니다.		빌드가 느려지고 민감 파일이 포함될 위험이 있다	TRUE	Git 충돌이 증가한다	FALSE	TLS가 자동 비활성화된다	FALSE	DB 트랜잭션이 분리된다	FALSE	devops	docker	build_context	security
Q169	K8s 서비스 타입(Service Types)		DevOps / Cloud - 컨테이너	63	CHOICE	MEDIUM	Kubernetes에서 외부 트래픽을 클러스터 내부 서비스로 노출할 때 흔히 사용하는 방식 조합으로 적절한 것은?	외부 노출은 Service 타입과 Ingress/LoadBalancer 구성으로 이루어집니다.가장 흔히는 Ingress를 두고, 그 앞단에 LoadBalancer를 붙이거나 Ingress Controller가 LB를 관리합니다.면접에서는 NodePort, LoadBalancer, Ingress 차이를 자주 물어봅니다.실무에서는 HTTPS 종료, 경로 라우팅, WAF 연동 때문에 Ingress를 많이 씁니다.즉 외부 노출은 LoadBalancer/Ingress 조합이 흔한 패턴입니다.		LoadBalancer 또는 Ingress 사용	TRUE	ConfigMap만으로 외부 노출	FALSE	Git tag로 외부 노출	FALSE	Terraform state로 외부 노출	FALSE	devops	kubernetes	ingress	networking
Q170	스토리지 클래스(StorageClass)		DevOps / Cloud - 컨테이너	63	CHOICE	MEDIUM	Kubernetes에서 StorageClass를 사용하는 대표 목적은 무엇인가?	StorageClass는 스토리지 프로비저닝 정책을 정의해, PVC 요청 시 자동으로 적절한 볼륨을 할당하도록 합니다.DevOps에서는 환경/성능(SSD, HDD)/암호화/백업 정책 등을 클래스별로 분리합니다.면접에서는 PV, PVC, StorageClass 흐름을 설명하게 할 수 있습니다.실무에서는 기본 클래스(default) 설정 실수가 장애로 이어질 수 있어 주의합니다.즉 StorageClass는 동적 스토리지 프로비저닝의 정책 레이어입니다.		스토리지 프로비저닝 정책을 정의하기 위해	TRUE	Pod IP를 고정하기 위해	FALSE	Git 히스토리를 재작성하기 위해	FALSE	CDN 캐시를 무효화하기 위해	FALSE	devops	kubernetes	storageclass	pvc
Q171	이벤트 기반 비용 폭증		DevOps / Cloud - 클라우드 서비스	64	CHOICE	MEDIUM	서버리스에서 예상치 못한 비용이 폭증할 수 있는 대표 시나리오로 가장 적절한 것은?	서버리스는 호출 수와 실행 시간에 따라 과금되는 경우가 많습니다.무한 재시도, 잘못된 트리거(루프), 트래픽 폭증이 있으면 비용이 급증할 수 있습니다.면접에서는 서버리스의 장점뿐 아니라 위험(콜드 스타트, 비용 폭탄)을 물을 수 있습니다.실무에서는 동시성 제한, 재시도 제한, 예산 알람으로 방어합니다.즉 이벤트 루프/재시도 폭증이 비용 폭탄의 대표 원인입니다.		잘못된 트리거/재시도 루프로 호출이 폭증	TRUE	Git 태그가 늘어서	FALSE	이미지 레이어가 많아서	FALSE	README가 길어서	FALSE	cloud	serverless	cost	throttling
Q172	객체 스토리지 권한(퍼블릭 공개 사고)		DevOps / Cloud - 클라우드 서비스	64	CHOICE	MEDIUM	객체 스토리지 버킷이 외부에 공개되어 사고가 나는 가장 흔한 원인으로 적절한 것은?	사고의 대부분은 “의도치 않은 퍼블릭 공개” 설정에서 시작합니다.권한 정책, ACL, 프리사인 URL 오용, 기본 설정 오해가 원인이 될 수 있습니다.면접에서는 클라우드에서 흔한 보안 사고 사례로 스토리지 공개를 자주 다룹니다.실무에서는 퍼블릭 차단 기본 정책, 정기 점검, IaC로 표준화를 권장합니다.즉 접근 정책 설정 실수가 가장 흔한 원인입니다.		권한 정책/ACL 설정 실수로 퍼블릭 공개	TRUE	CPU 사용률이 높아서	FALSE	Git rebase를 해서	FALSE	컨테이너 볼륨이 없어서	FALSE	cloud	storage	security	access_control
Q173	프리사인 URL(Pre-signed URL)		DevOps / Cloud - 클라우드 서비스	64	CHOICE	MEDIUM	Pre-signed URL을 사용하는 가장 적절한 목적은?	Pre-signed URL은 제한된 시간 동안만 접근 가능한 임시 URL을 발급하는 방식입니다.DevOps에서는 인증된 사용자가 직접 스토리지로 업로드/다운로드하게 해 서버 부하를 줄이기도 합니다.면접에서는 왜 임시 URL이 필요한지, 만료 시간을 왜 짧게 잡는지 질문할 수 있습니다.실무에서는 URL 유출 시 위험이 있으므로 최소 권한과 짧은 만료, HTTPS를 함께 적용합니다.즉 임시 권한 위임을 안전하게 하기 위한 방식입니다.		제한 시간 동안 안전하게 접근 권한을 위임하기 위해	TRUE	Git 태그를 자동 생성하기 위해	FALSE	Pod IP를 고정하기 위해	FALSE	DB 스키마를 자동 변경하기 위해	FALSE	cloud	storage	presigned_url	security
Q174	IaC 드리프트 원인		DevOps / Cloud - IaC	65	CHOICE	MEDIUM	IaC에서 드리프트(drift)가 가장 흔히 발생하는 원인으로 적절한 것은?	드리프트는 코드와 실제 인프라 상태가 달라지는 현상입니다.가장 흔한 원인은 콘솔에서 수동으로 설정을 바꾸거나 임시로 리소스를 수정하는 행동입니다.면접에서는 IaC가 왜 필요한지, 수동 변경이 왜 위험한지 질문이 나옵니다.실무에서는 변경은 PR로만 하도록 프로세스/권한을 통제하고 감지 도구를 둡니다.즉 수동 변경이 드리프트의 대표 원인입니다.		콘솔 등에서의 수동 변경	TRUE	커밋 메시지 통일	FALSE	이미지 레이어 캐시	FALSE	CDN TTL 설정	FALSE	devops	iac	drift	governance
Q175	IaC 비밀 정보 처리		DevOps / Cloud - IaC	65	CHOICE	MEDIUM	IaC 코드에 비밀키를 직접 하드코딩하지 않기 위한 가장 적절한 방법은?	비밀 정보는 코드에 들어가면 유출 위험이 매우 큽니다.DevOps에서는 시크릿 매니저, CI 시크릿 저장소, 런타임 주입 방식으로 분리합니다.면접에서는 시크릿을 어떻게 관리하는지 질문이 자주 나옵니다.실무에서는 권한 최소화, 키 회전, 감사 로그까지 묶어 운영합니다.즉 비밀 정보는 코드가 아니라 보안 저장소에서 주입하는 것이 정석입니다.		시크릿 매니저/CI 시크릿으로 주입	TRUE	Git에 암호화해서 커밋	FALSE	README에 저장	FALSE	이미지 레이어에 포함	FALSE	devops	security	secrets	iac
Q176	멀티 계정 전략(Multi-account)		DevOps / Cloud - 클라우드 서비스	64	CHOICE	MEDIUM	클라우드에서 dev와 prod를 별도 계정/프로젝트로 분리하는 가장 큰 이유로 적절한 것은?	계정을 분리하면 권한과 비용, 리소스가 물리적으로(논리적으로) 더 강하게 격리됩니다.DevOps에서는 실수로 운영 리소스를 삭제하거나 과다 권한이 퍼지는 위험을 줄입니다.면접에서는 환경 격리 수준을 어떻게 설계할지 질문이 나올 수 있습니다.실무에서는 계정 분리 + 네트워크 분리 + 별도 시크릿 정책으로 사고를 방지합니다.즉 강한 격리로 보안과 안정성을 확보하는 목적입니다.		권한/비용/리소스 격리를 강하게 하기 위해	TRUE	Git 충돌을 줄이기 위해	FALSE	컨테이너 이미지 크기를 줄이기 위해	FALSE	CDN TTL을 늘리기 위해	FALSE	cloud	governance	multi_account	security
Q177	WAF(Web Application Firewall)		DevOps / Cloud - 클라우드 서비스	64	CHOICE	MEDIUM	WAF를 앞단에 두는 목적에 가장 가까운 것은?	WAF는 웹 공격 패턴(SQL 인젝션, XSS 등)을 탐지/차단해 애플리케이션을 보호합니다.DevOps에서는 LB/CDN 앞단에 붙여 공격 트래픽을 조기에 걸러냅니다.면접에서는 네트워크 방화벽과 WAF의 차이를 질문할 수 있습니다.실무에서는 오탐을 줄이기 위해 룰 튜닝과 로깅 분석이 중요합니다.즉 WAF는 웹 레벨 공격 방어를 위한 보안 계층입니다.		웹 공격 패턴을 탐지/차단하기 위해	TRUE	컨테이너를 자동 배포하기 위해	FALSE	Git 히스토리를 정리하기 위해	FALSE	스토리지를 자동 확장하기 위해	FALSE	cloud	security	waf	protection
Q178	재해 복구(DR) 구성		DevOps / Cloud - 클라우드 서비스	64	CHOICE	MEDIUM	Warm standby DR 전략의 일반적인 특징으로 가장 적절한 것은?	DR 전략은 비용과 복구 속도의 트레이드오프가 있습니다.Warm standby는 핵심 구성 요소를 미리 띄워 두되, 평소에는 축소된 규모로 운영하다가 장애 시 확장합니다.면접에서는 cold/warm/hot 차이를 RTO/RPO와 함께 질문할 수 있습니다.실무에서는 주기적 DR 리허설로 실제 복구 가능성을 검증해야 합니다.즉 warm은 일부 준비된 상태로 중간 비용/중간 복구 속도 전략입니다.		축소된 규모로 대기하다 장애 시 확장	TRUE	아무것도 준비하지 않고 백업만 있다	FALSE	완전 동일 규모로 항상 운영	FALSE	Git 태그로 DR을 수행	FALSE	cloud	dr	warm_standby	resilience
Q179	멱등성(Idempotency)		DevOps / Cloud - 클라우드 서비스	64	CHOICE	MEDIUM	배포/프로비저닝 자동화에서 멱등성(idempotency)이 중요한 이유로 가장 적절한 것은?	자동화는 실패/재시도가 흔하기 때문에 같은 작업을 여러 번 실행할 수 있습니다.멱등성이 있으면 여러 번 실행해도 결과가 동일하게 유지되어 안전합니다.면접에서는 IaC가 왜 멱등적이어야 하는지 질문이 나올 수 있습니다.실무에서는 API 호출 재시도, 배포 스크립트 재실행에서 멱등성이 사고를 줄입니다.즉 멱등성은 자동화의 안정성과 재시도 안전성을 보장합니다.		재시도해도 결과가 동일해 자동화가 안전해진다	TRUE	Git 충돌을 없애준다	FALSE	CDN TTL을 자동 조정한다	FALSE	컨테이너 이미지를 자동 압축한다	FALSE	devops	automation	idempotency	reliability
Q180	정책 기반 접근 제어(RBAC)		DevOps / Cloud - 컨테이너	63	CHOICE	MEDIUM	Kubernetes RBAC를 적용하는 가장 직접적인 목적은?	RBAC는 누가 어떤 리소스에 어떤 동작을 할 수 있는지 역할 기반으로 통제합니다.DevOps에서는 운영 클러스터에서 실수/침해를 줄이기 위해 필수입니다.면접에서는 Role/RoleBinding, ClusterRole 차이를 물을 수 있습니다.실무에서는 네임스페이스별 최소 권한과 서비스 계정 권한 제한이 중요합니다.즉 RBAC는 접근 통제의 핵심 장치입니다.		클러스터 리소스 접근 권한을 역할 기반으로 제한	TRUE	Pod IP를 고정하기 위해	FALSE	Git 태그를 자동 생성하기 위해	FALSE	CDN 캐시를 무효화하기 위해	FALSE	devops	kubernetes	rbac	security
Q181	PR 머지 옵션(Squash Rebase Merge)		DevOps / Cloud - 버전 관리	61	CHOICE	MEDIUM	PR 머지 방식 중 “히스토리를 한 커밋으로 정리”하는 방식으로 가장 적절한 것은?	PR 머지 옵션에는 merge commit, squash merge, rebase merge 등이 있습니다.Squash merge는 PR의 여러 커밋을 하나로 합쳐 main 히스토리를 깔끔하게 유지합니다.면접에서는 각 머지 방식의 차이와 팀에 어떤 방식을 쓰는지 질문이 나옵니다.실무에서는 작업 과정 커밋이 많을 때 squash를 적용해 추적성을 높입니다.즉 “한 커밋으로 합친다”는 특징은 squash merge에 가장 가깝습니다.		Squash merge	TRUE	Merge commit	FALSE	Cherry-pick	FALSE	Stash	FALSE	devops	git	merge_strategy	squash
Q182	Cherry-pick 사용 시점		DevOps / Cloud - 버전 관리	61	CHOICE	MEDIUM	Git cherry-pick을 사용하는 대표적인 상황으로 가장 적절한 것은?	cherry-pick은 특정 커밋 하나(또는 몇 개)만 골라 다른 브랜치에 적용하는 기능입니다.DevOps에서는 운영 hotfix 커밋을 develop에도 반영하거나, 특정 변경만 릴리즈 브랜치로 가져올 때 씁니다.면접에서는 cherry-pick이 위험할 수 있는 이유(중복 적용, 히스토리 혼선)를 묻기도 합니다.실무에서는 남발하면 히스토리가 꼬일 수 있어, 목적이 명확할 때만 제한적으로 사용합니다.즉 필요한 커밋만 “선별 이식”할 때 쓰는 도구입니다.		특정 커밋만 골라 다른 브랜치에 적용할 때	TRUE	원격 저장소를 삭제할 때	FALSE	컨테이너 이미지를 압축할 때	FALSE	DNS 레코드를 수정할 때	FALSE	devops	git	cherry_pick	hotfix
Q183	코드 리뷰 체크리스트		DevOps / Cloud - 버전 관리	61	CHOICE	MEDIUM	코드 리뷰에서 “배포/운영 관점” 체크 항목으로 가장 적절한 것은?	코드 리뷰는 기능뿐 아니라 운영 영향도 확인해야 합니다.예를 들어 설정 변경, 마이그레이션 필요 여부, 로그/모니터링 추가 여부, 롤백 가능성을 점검합니다.면접에서는 리뷰에서 무엇을 보는지(성능, 보안, 운영성) 질문이 나올 수 있습니다.실무에서는 체크리스트를 두면 리뷰 품질 편차를 줄이는 데 도움이 됩니다.즉 운영 관점 체크는 “롤백/관측/마이그레이션”이 핵심입니다.		롤백 가능 여부와 모니터링/로그 영향	TRUE	README 줄 수	FALSE	이미지 파일 개수	FALSE	커밋 해시 길이	FALSE	devops	review	operability	rollback
Q184	CI에서 빌드 재현성(Reproducible Build)		DevOps / Cloud - CI/CD	62	CHOICE	MEDIUM	CI에서 lock 파일(package-lock, yarn.lock 등)을 사용하는 가장 큰 목적은?	lock 파일은 의존성 버전을 고정해 동일한 환경에서 동일한 결과를 얻도록 합니다.DevOps에서는 “어제는 됐는데 오늘은 안됨” 같은 의존성 드리프트를 줄이는 데 매우 중요합니다.면접에서는 lock 파일이 왜 필요한지, 없으면 어떤 문제가 생기는지 묻습니다.실무에서는 lock 파일을 PR에 포함시키고, CI에서 변경을 감지해 리뷰하는 게 일반적입니다.즉 lock 파일은 빌드 재현성을 위한 핵심 장치입니다.		의존성 버전을 고정해 재현성을 높이기 위해	TRUE	테스트를 자동 스킵하기 위해	FALSE	Git rebase를 강제하기 위해	FALSE	리전을 자동 선택하기 위해	FALSE	devops	cicd	lockfile	reproducibility
Q185	CDN 캐시와 버전 배포		DevOps / Cloud - CI/CD	62	CHOICE	MEDIUM	프론트 정적 자산을 CDN에 배포할 때 “파일명 해시” 전략이 유리한 가장 큰 이유는?	파일명에 content hash를 넣으면 파일 내용이 바뀔 때만 URL이 바뀝니다.그래서 브라우저/CDN은 오래 캐시해도 되고, 새 배포는 새 URL로 즉시 반영됩니다.면접에서는 캐시 무효화 전략을 설명해보라고 할 수 있습니다.실무에서는 index.html은 짧게 캐시하고, 해시 자산은 길게 캐시하는 구성이 흔합니다.즉 해시 전략은 캐시와 최신성 문제를 동시에 해결합니다.		캐시를 길게 가져가도 최신 파일을 보장하기 위해	TRUE	Git 충돌을 줄이기 위해	FALSE	컨테이너 볼륨을 만들기 위해	FALSE	DB 인덱스를 자동 생성하기 위해	FALSE	devops	cicd	cdn	cache_busting
Q186	배포 전 단계 검증(Pre-deploy Check)		DevOps / Cloud - CI/CD	62	CHOICE	MEDIUM	운영 배포 전에 “DB 마이그레이션 필요 여부”를 확인하는 이유로 가장 적절한 것은?	DB 변경은 앱 배포보다 위험도가 높고, 롤백이 어렵습니다.마이그레이션이 필요한데 누락되면 런타임 에러가 나거나 데이터 불일치가 발생할 수 있습니다.면접에서는 무중단 배포에서 DB 변경을 어떻게 처리할지 질문이 나옵니다.실무에서는 단계적 스키마 변경(expand and contract)으로 호환성을 유지합니다.즉 배포 전 마이그레이션 체크는 장애 예방의 기본입니다.		앱과 DB 호환성 문제로 장애가 날 수 있어서	TRUE	로그 용량을 줄이기 위해	FALSE	Git 태그를 만들기 위해	FALSE	리전을 옮기기 위해	FALSE	devops	deployment	database	migration
Q187	컨테이너 런타임 격리		DevOps / Cloud - 컨테이너	63	CHOICE	MEDIUM	컨테이너에서 root 권한으로 실행하는 것이 위험한 이유로 가장 적절한 것은?	root로 실행하면 컨테이너 탈출이나 취약점 악용 시 호스트/다른 컨테이너에 영향이 커질 수 있습니다.DevOps에서는 non-root 실행, 최소 권한, read-only filesystem 같은 하드닝을 적용합니다.면접에서는 컨테이너 보안 기본 원칙을 물을 수 있습니다.실무에서는 권한이 필요한 작업만 init 컨테이너로 분리하는 패턴도 있습니다.즉 root 실행은 공격면을 키우므로 피하는 것이 기본입니다.		침해 시 피해 범위가 커질 수 있어서	TRUE	CPU가 항상 빨라지기 때문에	FALSE	Git 충돌이 발생하기 때문에	FALSE	CDN이 느려지기 때문에	FALSE	devops	container	security	least_privilege
Q188	이미지 최소화(Distroless Alpine)		DevOps / Cloud - 컨테이너	63	CHOICE	MEDIUM	컨테이너 이미지를 최소화(distroless 등)하려는 대표 목적은?	이미지가 작으면 배포가 빨라지고 스토리지/네트워크 비용이 줄어듭니다.또한 불필요한 패키지가 줄어 취약점 노출 면적도 감소합니다.면접에서는 왜 slim/alpine/distroless를 쓰는지 질문이 나올 수 있습니다.실무에서는 디버깅 도구가 부족해 운영 디버깅 전략을 별도로 준비해야 합니다.즉 최소 이미지는 성능과 보안을 높이지만 운영성도 함께 고려해야 합니다.		공격면과 배포 비용을 줄이기 위해	TRUE	Pod IP를 고정하기 위해	FALSE	Git 히스토리를 재작성하기 위해	FALSE	DB 트랜잭션을 늘리기 위해	FALSE	devops	container	distroless	security
Q189	네트워크 정책(NetworkPolicy)		DevOps / Cloud - 컨테이너	63	CHOICE	MEDIUM	Kubernetes NetworkPolicy를 도입하는 가장 큰 목적은?	기본적으로 클러스터 내부 통신은 열려 있는 경우가 많습니다.NetworkPolicy로 어떤 파드가 어떤 파드/포트로 통신할 수 있는지 제한해 제로 트러스트에 가깝게 만들 수 있습니다.면접에서는 네임스페이스 격리와 네트워크 격리 차이를 물을 수 있습니다.실무에서는 DB 파드로의 접근을 앱 파드로만 제한하는 식의 규칙이 흔합니다.즉 NetworkPolicy는 내부 동서 트래픽을 통제하는 보안 장치입니다.		파드 간 통신을 정책으로 제한하기 위해	TRUE	이미지 레이어를 줄이기 위해	FALSE	Git tag를 자동 생성하기 위해	FALSE	CDN 캐시를 무효화하기 위해	FALSE	devops	kubernetes	networkpolicy	zero_trust
Q190	클라우드 키 관리(KMS)		DevOps / Cloud - 클라우드 서비스	64	CHOICE	MEDIUM	KMS(Key Management Service)를 사용하는 대표 목적은?	KMS는 암호화 키의 생성/보관/회전/접근 제어를 중앙에서 관리합니다.DevOps에서는 스토리지, DB, 시크릿 암호화에 키를 재사용하고 감사 로그를 남길 수 있습니다.면접에서는 키를 코드에 두면 왜 위험한지, 키 회전이 왜 필요한지 질문이 나옵니다.실무에서는 키 정책(IAM)과 감사 로그를 통해 접근을 통제합니다.즉 KMS는 키 수명주기와 접근 통제를 관리하는 보안 기반입니다.		암호화 키를 안전하게 관리하고 통제하기 위해	TRUE	Git 커밋을 서명하기 위해	FALSE	Pod를 자동 스케일링하기 위해	FALSE	CDN을 자동으로 갱신하기 위해	FALSE	cloud	security	kms	encryption
Q191	로그 기반 지표(Log-based Metrics)		DevOps / Cloud - 클라우드 서비스	64	CHOICE	MEDIUM	로그 기반 지표를 만드는 것이 유리한 상황으로 가장 적절한 것은?	모든 이벤트가 기본 메트릭으로 제공되진 않습니다.특정 에러 코드 빈도나 비즈니스 이벤트(결제 실패 등)를 로그에서 추출해 지표로 만들 수 있습니다.면접에서는 관측 가능성에서 로그/메트릭/트레이스의 역할을 구분해 질문할 수 있습니다.실무에서는 로그 포맷을 구조화(JSON)하면 지표 추출이 쉬워집니다.즉 로그 기반 지표는 “메트릭이 없는 이벤트”를 계량화할 때 유용합니다.		로그에만 존재하는 이벤트를 수치화할 때	TRUE	Git 충돌을 자동 해결할 때	FALSE	이미지 용량을 줄일 때	FALSE	리전을 자동 이동할 때	FALSE	devops	observability	log_metrics	monitoring
Q192	SLO와 에러 버짓(Error Budget)		DevOps / Cloud - 클라우드 서비스	64	CHOICE	MEDIUM	에러 버짓(error budget)을 도입했을 때 얻는 대표 효과로 가장 적절한 것은?	에러 버짓은 허용 가능한 실패 범위를 수치로 정의해, 안정성과 개발 속도 사이 균형을 잡게 합니다.버짓이 소진되면 변경을 줄이고 안정화에 집중하는 식으로 의사결정을 돕습니다.면접에서는 SLI/SLO/error budget을 설명해보라고 할 수 있습니다.실무에서는 “무조건 안정”이 아니라, 목표 수준 내에서 실험과 배포를 허용하는 프레임이 됩니다.즉 에러 버짓은 안정성과 속도의 합리적 조율 장치입니다.		안정성과 배포 속도 사이 의사결정 기준을 만든다	TRUE	Git 태그를 자동 생성한다	FALSE	컨테이너 이미지를 압축한다	FALSE	DB 정규화를 수행한다	FALSE	devops	sre	slo	error_budget
Q193	IaC 모듈(Module)		DevOps / Cloud - IaC	65	CHOICE	MEDIUM	Terraform에서 모듈(module)을 사용하는 대표 목적은?	모듈은 반복되는 인프라 구성을 재사용 가능한 단위로 묶습니다.DevOps에서는 VPC, EKS, DB 같은 패턴을 모듈화해 표준화와 생산성을 높입니다.면접에서는 모듈화의 장점(재사용, 표준화, 리뷰 용이)을 질문할 수 있습니다.실무에서는 모듈 버전 관리와 파괴적 변경 방지가 중요합니다.즉 모듈은 IaC의 재사용성과 표준화를 위한 기본 단위입니다.		반복 구성을 재사용/표준화하기 위해	TRUE	Git rebase를 자동화하기 위해	FALSE	CDN을 제거하기 위해	FALSE	로그를 무제한 보관하기 위해	FALSE	devops	terraform	module	standardization
Q194	IaC 의존성(Dependency Graph)		DevOps / Cloud - IaC	65	CHOICE	MEDIUM	Terraform이 리소스 생성 순서를 결정할 때 주로 사용하는 기준은?	Terraform은 리소스 간 참조를 분석해 의존성 그래프를 만듭니다.이를 기반으로 어떤 리소스를 먼저 만들고, 어떤 것을 나중에 만들지 자동으로 결정합니다.면접에서는 depends_on과 참조 기반 의존성 차이를 물을 수 있습니다.실무에서는 불필요한 depends_on을 남발하면 병렬성이 줄어 느려질 수 있습니다.즉 기본은 참조 기반 의존성 그래프입니다.		리소스 참조로 만든 의존성 그래프	TRUE	커밋 메시지 규칙	FALSE	이미지 레이어 개수	FALSE	CDN TTL 값	FALSE	devops	terraform	dependency	graph
Q195	IaC 상태 잠금(State Lock)		DevOps / Cloud - IaC	65	CHOICE	MEDIUM	Terraform에서 state lock을 사용하는 가장 큰 이유로 적절한 것은?	여러 사람이 동시에 apply하면 state가 꼬이고 리소스가 중복 생성될 수 있습니다.state lock은 동시 변경을 막아 일관성을 보장합니다.면접에서는 협업 IaC에서 왜 원격 state와 lock이 필수인지 질문이 나옵니다.실무에서는 lock이 풀리지 않는 장애 상황에 대비한 운영 절차도 준비해야 합니다.즉 lock은 동시 apply 사고를 막는 안전장치입니다.		동시 apply로 state가 깨지는 것을 막기 위해	TRUE	Git 충돌을 자동 해결하기 위해	FALSE	컨테이너 이미지를 압축하기 위해	FALSE	리전을 자동 이동하기 위해	FALSE	devops	terraform	state_lock	collaboration
Q196	비용 단위(Compute vs Storage vs Egress)		DevOps / Cloud - 클라우드 서비스	64	CHOICE	MEDIUM	클라우드 비용에서 “네트워크 egress”가 특히 비용 이슈가 되기 쉬운 이유로 적절한 것은?	egress는 인터넷/다른 리전으로 나가는 데이터 전송 비용입니다.대용량 콘텐츠, 로그 외부 전송, 리전 간 복제 등에서 비용이 크게 발생할 수 있습니다.면접에서는 비용 최적화 포인트로 egress를 언급하는 경우가 있습니다.실무에서는 CDN 사용, 동일 리전 배치, 압축/캐시로 egress를 줄입니다.즉 데이터가 “밖으로 나가면” 비용이 커지기 쉬운 구조입니다.		외부로 나가는 데이터 전송이 과금되기 쉬워서	TRUE	Git 태그가 많아서	FALSE	이미지 레이어가 많아서	FALSE	README가 길어서	FALSE	cloud	cost	egress	optimization
Q197	운영 접근(배스천 호스트)		DevOps / Cloud - 클라우드 서비스	64	CHOICE	MEDIUM	Private Subnet의 서버에 안전하게 접속하기 위해 흔히 쓰는 구성으로 적절한 것은?	Private Subnet은 인터넷 직접 접근이 막혀 있습니다.그래서 운영 접근이 필요하면 Bastion host(점프 서버)나 VPN, SSM 같은 안전한 경로를 사용합니다.면접에서는 왜 배스천이 필요한지, 어떤 보안 장점이 있는지 질문이 나옵니다.실무에서는 배스천 접근을 MFA, IP 제한, 세션 로깅으로 강화합니다.즉 배스천은 내부 서버 접근을 통제된 단일 관문으로 만드는 패턴입니다.		Bastion host(점프 서버)	TRUE	모든 서버를 퍼블릭으로 전환	FALSE	latest 태그만 사용	FALSE	Git stash로 접속	FALSE	cloud	network	bastion	security
Q198	감사 로그(Audit Log)		DevOps / Cloud - 클라우드 서비스	64	CHOICE	MEDIUM	클라우드에서 감사 로그(audit log)를 활성화하는 대표 목적은?	감사 로그는 누가 언제 어떤 리소스에 어떤 작업을 했는지 기록합니다.DevOps에서는 사고 조사와 규정 준수, 내부 통제에 매우 중요합니다.면접에서는 접근 통제와 감사의 차이를 질문할 수 있습니다.실무에서는 로그 보관/무결성/접근 통제까지 포함해 운영해야 합니다.즉 감사 로그는 추적성과 책임성을 확보하는 핵심 수단입니다.		변경 추적과 사고 조사/컴플라이언스를 위해	TRUE	빌드 시간을 줄이기 위해	FALSE	Git 충돌을 줄이기 위해	FALSE	컨테이너 이미지를 압축하기 위해	FALSE	devops	security	audit_log	compliance
Q199	CI/CD에서 롤백 자동화		DevOps / Cloud - CI/CD	62	CHOICE	MEDIUM	배포 실패 시 자동 롤백을 설계할 때 가장 먼저 명확히 해야 할 기준으로 적절한 것은?	자동 롤백은 잘못하면 정상 상태에서도 되돌리는 사고가 날 수 있습니다.그래서 “실패를 판단하는 신호”를 명확히 해야 합니다(에러율, 지연 시간, 헬스 체크 등).면접에서는 롤백 조건을 어떻게 잡을지, 어떤 지표를 쓰는지 질문이 나옵니다.실무에서는 SLI 기반 임계치와 관측 윈도우를 설정해 오탐을 줄입니다.즉 자동 롤백의 출발점은 실패 판정 기준의 정의입니다.		실패 판정 기준(에러율/헬스 체크/지연 시간)	TRUE	Git 태그 네이밍 규칙	FALSE	README 템플릿	FALSE	이미지 레이어 수	FALSE	devops	deployment	rollback	sli
Q200	운영 비밀 회전(Key Rotation)		DevOps / Cloud - 클라우드 서비스	64	CHOICE	MEDIUM	API 키/시크릿을 주기적으로 회전(rotation)하는 가장 큰 이유로 적절한 것은?	키는 언젠가 노출될 수 있다는 가정 하에 운영해야 합니다.정기 회전은 노출 시 피해 기간을 줄이고, 오래된 키가 계속 남는 위험을 낮춥니다.면접에서는 키 회전이 왜 필요한지와 무중단 회전 방법(이중 키, 단계적 교체)을 물을 수 있습니다.실무에서는 회전 자동화와 감사 로그로 운영 부담을 줄입니다.즉 키 회전은 침해 대응력을 높이는 기본 보안 운영입니다.		노출 가능성을 전제로 피해 기간을 줄이기 위해	TRUE	Git 충돌을 줄이기 위해	FALSE	컨테이너 이미지를 압축하기 위해	FALSE	CDN TTL을 늘리기 위해	FALSE	devops	security	rotation	secrets
Q201	리베이스 후 강제 푸시(Force Push)		DevOps / Cloud - 버전 관리	61	CHOICE	HARD	팀원이 이미 pull한 공유 브랜치에 대해 rebase 후 push가 필요해졌다. 가장 안전한 대응에 가까운 것은?	rebase는 히스토리를 재작성해서 커밋 해시가 바뀝니다.공유 브랜치에 강제 푸시하면 다른 팀원의 로컬 히스토리와 충돌해 작업이 꼬일 수 있습니다.면접에서는 “공유 브랜치 rebase 금지” 원칙과, 불가피할 때의 커뮤니케이션/대응을 묻습니다.실무에서는 강제 푸시가 불가피하면 팀에 공지하고, protected branch 정책을 조정하거나 새 브랜치로 대체하는 식으로 사고를 줄입니다.즉 기술적 해결보다 “공유 히스토리 손상 최소화”가 핵심입니다.		강제 푸시 대신 새 브랜치로 대체하거나 사전 공지 후 최소 범위로 처리한다	TRUE	아무 공지 없이 push --force로 덮어쓴다	FALSE	로컬에서 reset --hard 후 바로 배포한다	FALSE	태그를 삭제하면 해결된다	FALSE	devops	git	rebase	collaboration
Q202	Git 서브모듈(Submodule) 리스크		DevOps / Cloud - 버전 관리	61	CHOICE	HARD	Git submodule을 운영에서 사용할 때 자주 발생하는 문제로 가장 적절한 것은?	submodule은 특정 커밋을 가리키는 “포인터” 형태라 업데이트가 직관적이지 않을 수 있습니다.CI에서 submodule 초기화/업데이트 옵션을 빠뜨리면 빌드가 깨지기도 합니다.면접에서는 submodule과 subtree의 차이, 운영 리스크를 물어볼 수 있습니다.실무에서는 인증 토큰/권한 문제로 CI에서 submodule fetch가 실패하는 경우도 흔합니다.즉 submodule은 의존성 추적은 명확하지만 워크플로 복잡도가 올라갑니다.		CI에서 submodule init/update 누락 또는 권한 문제로 빌드가 깨질 수 있다	TRUE	submodule은 항상 최신 커밋을 자동 추적한다	FALSE	submodule은 히스토리를 완전히 제거한다	FALSE	submodule은 네트워크 egress 비용을 0으로 만든다	FALSE	devops	git	submodule	ci
Q203	공급망 공격(Dependency Confusion)		DevOps / Cloud - CI/CD	62	CHOICE	HARD	Dependency Confusion 공격을 줄이기 위한 대응으로 가장 적절한 것은?	Dependency Confusion은 내부 패키지 이름과 같은 이름을 퍼블릭 레지스트리에 올려, 빌드가 잘못된 의존성을 받아가게 만드는 공격입니다.대응은 내부 레지스트리 우선 사용, 스코프/네임스페이스 정책, 레지스트리 접근 통제 등이 핵심입니다.면접에서는 공급망 공격 사례와 방어 전략을 묻는 경우가 늘고 있습니다.실무에서는 의존성 잠금(lock)과 무결성 검증, 허용 레지스트리 제한도 함께 적용합니다.즉 “어디서 의존성을 받아오는가”를 통제해야 합니다.		내부 레지스트리 우선 및 허용 레지스트리 제한을 적용한다	TRUE	latest 태그만 쓰면 안전하다	FALSE	로그 레벨을 낮추면 해결된다	FALSE	모든 패키지를 vendor로 복사하면 무조건 안전하다	FALSE	devops	security	supply_chain	dependency
Q204	SBOM(Software Bill of Materials)		DevOps / Cloud - CI/CD	62	CHOICE	HARD	SBOM을 생성/관리하는 가장 큰 목적에 가까운 것은?	SBOM은 소프트웨어가 어떤 구성요소(라이브러리, 버전)로 이루어졌는지 목록화합니다.취약점 공개(CVE) 시 영향 범위를 빠르게 판단하고, 대응 우선순위를 정하는 데 도움됩니다.면접에서는 SBOM이 왜 필요한지, 공급망 보안에서 어떤 역할인지 질문할 수 있습니다.실무에서는 빌드 시 SBOM을 함께 생성해 아티팩트에 첨부하고, 스캔 도구와 연계합니다.즉 SBOM은 “구성요소 가시성”을 확보하는 장치입니다.		취약점 대응을 위한 구성요소 가시성과 추적성 확보	TRUE	배포 트래픽을 자동 라우팅	FALSE	Git 히스토리를 자동 스쿼시	FALSE	Pod IP를 고정	FALSE	devops	security	sbom	compliance
Q205	멱등 키(Idempotency Key)		DevOps / Cloud - 클라우드 서비스	64	CHOICE	HARD	결제/주문 API에서 Idempotency Key를 도입하는 가장 큰 이유로 적절한 것은?	네트워크 타임아웃/재시도는 흔하고, 같은 요청이 중복 처리되면 치명적입니다.Idempotency Key는 동일 요청을 식별해 “한 번만 처리”되도록 보장하는 패턴입니다.면접에서는 멱등성과 재시도 안전성을 트랜잭션/분산 환경 관점에서 질문할 수 있습니다.실무에서는 키 저장 기간(TTL)과 충돌/재사용 정책을 명확히 해야 합니다.즉 멱등 키는 중복 결제/중복 주문을 막는 핵심 장치입니다.		재시도로 인한 중복 처리(중복 결제 등)를 방지하기 위해	TRUE	CDN 캐시를 길게 유지하기 위해	FALSE	Git 태그를 자동 생성하기 위해	FALSE	컨테이너 이미지를 압축하기 위해	FALSE	cloud	api	idempotency	reliability
Q206	Canary 분석과 자동 롤백		DevOps / Cloud - CI/CD	62	CHOICE	HARD	카나리 배포에서 자동 롤백 기준을 설계할 때 가장 적절한 접근은?	카나리는 일부 트래픽에서 새 버전을 검증합니다.자동 롤백은 오탐이 치명적이므로, SLI 기반 지표(에러율/지연)와 관측 윈도우, 대조군(기존 버전) 비교가 중요합니다.면접에서는 “어떤 지표로 성공/실패를 판단할 것인가”를 구체적으로 묻습니다.실무에서는 절대값 임계치뿐 아니라 baseline 대비 악화율을 쓰기도 합니다.즉 통계적·비교 기반 판단이 HARD 포인트입니다.		기존 버전 대비 SLI 악화 여부를 관측 윈도우로 비교해 판단한다	TRUE	CPU가 70퍼면 무조건 롤백한다	FALSE	배포 후 1분 뒤 무조건 롤백하지 않는다	FALSE	Git 커밋 수가 줄면 롤백한다	FALSE	devops	deployment	canary	slo
Q207	Terraform Import와 Drift		DevOps / Cloud - IaC	65	CHOICE	HARD	이미 콘솔에서 만들어진 리소스를 Terraform으로 관리하려고 import 했다. 이후 가장 주의해야 할 점으로 적절한 것은?	import는 state에 리소스를 “등록”하지만, 코드와 실제 설정이 일치한다는 보장은 없습니다.코드가 불완전하면 다음 plan/apply에서 의도치 않은 변경(심지어 재생성)이 발생할 수 있습니다.면접에서는 import 이후 drift 정리와 코드화 작업의 위험을 묻습니다.실무에서는 import 후 즉시 plan을 확인하고, 실제 설정을 코드로 맞춰 안정화하는 과정이 필요합니다.즉 import는 시작일 뿐이며 “코드-현실 정합”이 핵심입니다.		import 후 코드와 실제 설정 불일치로 의도치 않은 변경이 발생할 수 있다	TRUE	import 하면 자동으로 코드가 완벽 생성된다	FALSE	import 하면 egress 비용이 줄어든다	FALSE	import 하면 CI가 자동 최적화된다	FALSE	devops	terraform	import	drift
Q208	Terraform 계획과 Apply 일치		DevOps / Cloud - IaC	65	CHOICE	HARD	“승인된 plan만 apply” 정책이 필요한 가장 핵심 이유는?	plan과 apply 사이에 코드/변수가 바뀌면 적용 내용이 달라질 수 있습니다.따라서 승인된 plan 아티팩트를 고정해 apply하면 변경 통제가 강화됩니다.면접에서는 IaC 변경 관리(승인, 변경 이력, 안전장치)를 질문할 수 있습니다.실무에서는 plan 아티팩트를 저장하고, 동일 입력으로 apply하도록 파이프라인을 구성합니다.즉 plan/apply의 불일치로 인한 사고를 막는 것이 핵심입니다.		plan과 apply 사이 변경으로 적용 내용이 달라지는 사고를 막기 위해	TRUE	Git 태그를 자동 생성하기 위해	FALSE	컨테이너 이미지를 최소화하기 위해	FALSE	CDN TTL을 늘리기 위해	FALSE	devops	iac	plan_apply	governance
Q209	K8s 리소스 압박과 OOMKilled		DevOps / Cloud - 컨테이너	63	CHOICE	HARD	Kubernetes에서 Pod가 OOMKilled 되는 가장 직접적인 원인에 가까운 것은?	OOMKilled는 메모리 사용이 limit을 초과하거나 노드 메모리 압박으로 커널이 프로세스를 종료하는 상황에서 발생합니다.requests/limits 설정이 부정확하면 안정성이 크게 떨어집니다.면접에서는 OOMKilled의 원인과, requests/limits 튜닝 전략을 물을 수 있습니다.실무에서는 메모리 누수, JVM 힙 설정, 사이드카까지 포함한 총 사용량을 봐야 합니다.즉 메모리 제한 초과가 핵심 트리거입니다.		메모리 사용이 limit을 넘거나 노드 메모리 압박이 발생해서	TRUE	Pod IP가 바뀌어서	FALSE	Git rebase를 해서	FALSE	CDN 캐시가 남아서	FALSE	devops	kubernetes	memory	oomkilled
Q210	HPA 지표 함정(CPU vs Latency)		DevOps / Cloud - 컨테이너	63	CHOICE	HARD	CPU 기반 HPA만으로는 확장 타이밍이 늦을 수 있는 대표 상황으로 적절한 것은?	CPU는 부하를 간접적으로 반영합니다.하지만 IO 대기, 외부 API 지연, 큐 적체처럼 CPU가 높지 않아도 지연이 커질 수 있습니다.면접에서는 “어떤 지표로 스케일링 해야 하는가”를 시나리오 기반으로 묻습니다.실무에서는 큐 길이, 요청 지연, RPS 같은 커스텀 메트릭을 고려합니다.즉 CPU만 보면 병목을 놓칠 수 있습니다.		외부 의존성 지연으로 latency가 늘지만 CPU는 높지 않은 경우	TRUE	CPU가 항상 0인 경우	FALSE	Git 태그가 많아진 경우	FALSE	README가 길어진 경우	FALSE	devops	autoscaling	hpa	metrics
Q211	K8s 종료 시그널과 그레이스풀 셧다운		DevOps / Cloud - 컨테이너	63	CHOICE	HARD	Kubernetes에서 Pod 종료 시 그레이스풀 셧다운을 위해 가장 핵심적으로 고려해야 하는 것은?	Pod 종료 시 SIGTERM이 전달되고, terminationGracePeriodSeconds 동안 정리할 시간이 주어집니다.readiness를 먼저 내려 트래픽을 빼고, 애플리케이션이 SIGTERM을 처리해 요청을 마무리해야 무중단에 가깝습니다.면접에서는 SIGTERM, preStop hook, readiness/liveness 관계를 함께 묻습니다.실무에서는 커넥션 드레이닝과 작업 큐 처리 완료까지 고려해야 합니다.즉 시그널 처리 + 트래픽 차단 순서가 핵심입니다.		SIGTERM 처리와 readiness로 트래픽을 먼저 빼는 순서	TRUE	Pod IP를 고정하는 것	FALSE	이미지 레이어를 줄이는 것	FALSE	Git rebase를 하는 것	FALSE	devops	kubernetes	graceful_shutdown	signals
Q212	서비스 메시와 mTLS		DevOps / Cloud - 클라우드 서비스	64	CHOICE	HARD	서비스 메시에서 mTLS를 도입했을 때 얻는 대표 보안 효과로 가장 적절한 것은?	mTLS는 양쪽(클라이언트/서버)이 서로 인증하고 트래픽을 암호화합니다.마이크로서비스 간 동서 트래픽 보안을 강화하고, 인증서 회전/정책 적용을 중앙화할 수 있습니다.면접에서는 TLS와 mTLS 차이를 자주 질문합니다.실무에서는 성능 오버헤드와 운영 복잡도를 고려해 단계적으로 적용합니다.즉 mTLS는 서비스 간 신원 확인과 암호화를 동시에 제공합니다.		서비스 간 상호 인증과 암호화로 동서 트래픽 보안 강화	TRUE	Git 커밋 서명을 자동화한다	FALSE	CDN 캐시를 자동 삭제한다	FALSE	Pod를 자동 스케일링한다	FALSE	devops	security	mtls	service_mesh
Q213	분산 트레이싱 전파(Context Propagation)		DevOps / Cloud - 클라우드 서비스	64	CHOICE	HARD	분산 트레이싱에서 traceId가 서비스 간에 “끊기지 않게” 하려면 가장 핵심적으로 필요한 것은?	트레이싱은 요청 컨텍스트가 서비스 경계를 넘어 전파돼야 합니다.보통 HTTP 헤더로 traceId/spanId를 전달하고, 비동기/메시지 큐에서도 컨텍스트를 함께 실어야 합니다.면접에서는 로그 상관관계와 트레이싱 전파를 질문할 수 있습니다.실무에서는 프레임워크 자동 계측이 있어도 커스텀 프로토콜/배치 작업에서 끊기기 쉽습니다.즉 컨텍스트 전파가 핵심입니다.		요청 컨텍스트(traceId)를 헤더/메시지로 전파한다	TRUE	CPU 사용률을 올린다	FALSE	Git 태그를 찍는다	FALSE	VPC CIDR를 확장한다	FALSE	devops	observability	tracing	context
Q214	Egress 제어와 데이터 유출		DevOps / Cloud - 클라우드 서비스	64	CHOICE	HARD	내부 서비스에서 외부로의 데이터 유출 위험을 줄이기 위한 네트워크 설계에 가장 가까운 것은?	내부에서 외부로 나가는 트래픽(egress)은 종종 놓치기 쉬운 유출 경로입니다.egress gateway, 프록시, 방화벽 정책, 도메인 allowlist로 제어하면 데이터 유출을 줄일 수 있습니다.면접에서는 인바운드뿐 아니라 egress 보안도 고려하는지 확인합니다.실무에서는 감사 로깅과 DLP 정책까지 함께 운영하기도 합니다.즉 egress 통제는 제로 트러스트의 중요한 축입니다.		egress를 게이트웨이/프록시로 중앙 통제하고 allowlist를 적용한다	TRUE	모든 서버를 퍼블릭 서브넷으로 옮긴다	FALSE	latest 태그만 사용한다	FALSE	Git stash로 해결한다	FALSE	cloud	security	egress	zero_trust
Q215	시크릿 회전 무중단(dual secrets)		DevOps / Cloud - CI/CD	62	CHOICE	HARD	운영에서 API 키를 무중단으로 회전하려면 가장 일반적인 접근은?	키 회전 시점에旧키/新키가 공존해야 장애 없이 전환할 수 있습니다.이중 키(dual keys) 허용, 단계적 배포, 사용처 업데이트 후旧키 폐기 순서가 흔한 패턴입니다.면접에서는 키 회전의 운영 절차를 구체적으로 묻기도 합니다.실무에서는 키를 즉시 폐기하면 캐시/배포 지연으로 장애가 나기 쉽습니다.즉 “공존 기간”을 설계하는 게 핵심입니다.		신구 키 공존 기간을 두고 단계적으로 전환한다	TRUE	새 키 발급 즉시旧키를 폐기한다	FALSE	키를 코드에 하드코딩한다	FALSE	Git 태그를 바꾸면 된다	FALSE	devops	security	rotation	rollout
Q216	IaC에서 외부 데이터 소스(Data Source) 함정		DevOps / Cloud - IaC	65	CHOICE	HARD	Terraform data source를 과도하게 의존할 때 생길 수 있는 대표 리스크로 가장 적절한 것은?	data source는 외부 상태를 조회해 값이 변할 수 있습니다.따라서 결과가 환경/시점에 따라 달라져 plan이 불안정해지고, 예기치 않은 변경이 생길 수 있습니다.면접에서는 선언형 IaC의 “결정론(determinism)”을 유지하는 법을 물을 수 있습니다.실무에서는 필요한 경우 입력을 고정하거나, 변경 감지 정책을 둡니다.즉 외부 의존은 IaC 안정성을 흔들 수 있습니다.		조회 결과 변동으로 plan이 비결정적이 될 수 있다	TRUE	Git 충돌이 자동으로 해결된다	FALSE	컨테이너 이미지가 자동 최소화된다	FALSE	CDN 캐시가 자동 무효화된다	FALSE	devops	terraform	datasource	determinism
Q217	Terraform lifecycle(create_before_destroy)		DevOps / Cloud - IaC	65	CHOICE	HARD	create_before_destroy를 적용할 때 특히 주의해야 할 상황으로 가장 적절한 것은?	create_before_destroy는 다운타임을 줄이는 데 유용하지만, 같은 이름/포트/고정 자원을 두 개 만들 수 없는 리소스에서는 실패할 수 있습니다.예를 들어 고정 도메인, 고정 IP, 유니크 이름 제약이 있는 경우 충돌이 납니다.면접에서는 무중단 인프라 변경의 한계와 우회 전략을 질문할 수 있습니다.실무에서는 이름에 랜덤 suffix를 붙이거나, 별도 리소스로 분리해 전환합니다.즉 “동시에 두 개 생성 가능 여부”가 핵심 체크입니다.		동일 자원을 동시에 2개 만들 수 없는 리소스에서 충돌할 수 있다	TRUE	Git 태그를 찍으면 해결된다	FALSE	CPU 사용률이 자동으로 낮아진다	FALSE	로그 레벨을 낮추면 된다	FALSE	devops	terraform	lifecycle	zero_downtime
Q218	K8s RBAC 과다 권한		DevOps / Cloud - 컨테이너	63	CHOICE	HARD	Kubernetes에서 서비스 계정에 cluster-admin을 주는 것이 특히 위험한 이유로 가장 적절한 것은?	cluster-admin은 클러스터 전체 리소스에 대한 최고 권한입니다.서비스 계정 토큰이 유출되면 전체 클러스터가 장악될 수 있습니다.면접에서는 최소 권한과 네임스페이스 스코프 권한 설계를 질문합니다.실무에서는 필요한 리소스/네임스페이스에만 Role/RoleBinding으로 제한합니다.즉 과다 권한은 침해 시 피해 범위를 폭발시킵니다.		토큰 유출 시 클러스터 전체가 침해될 수 있어서	TRUE	Pod IP가 바뀌기 때문에	FALSE	이미지 레이어가 많기 때문에	FALSE	Git rebase가 느리기 때문에	FALSE	devops	kubernetes	rbac	least_privilege
Q219	교차 리전 DR와 데이터 일관성		DevOps / Cloud - 클라우드 서비스	64	CHOICE	HARD	교차 리전(active-passive) DR에서 RPO를 줄이기 위해 가장 직접적으로 필요한 것은?	RPO는 허용 가능한 데이터 유실량입니다.교차 리전에서 RPO를 줄이려면 복제 지연을 줄이고, 더 빈번하거나 동기화에 가까운 복제가 필요합니다.면접에서는 RPO/RTO와 복제 방식(동기/비동기)의 트레이드오프를 묻습니다.실무에서는 비용과 지연, 쓰기 성능 저하를 감수해야 RPO를 낮출 수 있습니다.즉 더 강한 복제(짧은 복제 지연)가 핵심입니다.		복제 지연을 줄이는 더 강한 데이터 복제 전략	TRUE	Git 태그를 더 자주 찍는다	FALSE	README를 더 자세히 쓴다	FALSE	이미지 레이어를 줄인다	FALSE	cloud	dr	replication	rpo
Q220	비용 최적화와 스팟 인스턴스		DevOps / Cloud - 클라우드 서비스	64	CHOICE	HARD	스팟(Spot) 인스턴스를 워크로드에 적용할 때 가장 핵심적으로 점검해야 할 조건은?	스팟은 저렴하지만 언제든 회수(중단)될 수 있습니다.따라서 워크로드가 중단을 허용하거나, 체크포인팅/재시작/큐 기반 처리로 복원 가능해야 합니다.면접에서는 스팟의 장단점과 적합한 워크로드 유형을 자주 묻습니다.실무에서는 상태 저장 DB 같은 워크로드에는 부적합한 경우가 많습니다.즉 “중단 내성”이 적용 가능성의 핵심입니다.		인스턴스 중단을 견디는(재시작 가능한) 워크로드인지	TRUE	GitFlow를 쓰는지	FALSE	CDN을 쓰는지	FALSE	이미지 레이어가 적은지	FALSE	cloud	cost	spot	resilience
Q221	GitOps(선언형 배포)		DevOps / Cloud - CI/CD	62	CHOICE	HARD	GitOps에서 “Git이 단일 진실의 원천(single source of truth)”이 되려면 가장 핵심적으로 지켜야 할 원칙은?	GitOps는 선언형 매니페스트가 Git에 있고, 클러스터는 그 상태로 수렴합니다.따라서 운영 상태를 콘솔/쿠버네티스에서 직접 바꾸면 Git과 실제가 달라져 드리프트가 발생합니다.면접에서는 GitOps의 장점(감사/재현성)과 전제 조건(변경은 PR로)을 묻습니다.실무에서는 클러스터에 직접 apply 권한을 제한하고, Git을 통해서만 변경되게 통제합니다.즉 “모든 변경을 Git PR로만”이 핵심 원칙입니다.		운영 변경을 Git PR로만 수행하도록 통제	TRUE	운영에서 직접 kubectl apply를 자주 한다	FALSE	latest 태그만 사용한다	FALSE	Git 태그를 매일 삭제한다	FALSE	devops	gitops	cicd	drift
Q222	Argo CD/Flux 드리프트 감지		DevOps / Cloud - CI/CD	62	CHOICE	HARD	GitOps 환경에서 클러스터 상태가 Git과 달라졌을 때(드리프트) 가장 흔한 자동 동작은?	GitOps 도구는 Git에 정의된 원하는 상태(desired state)와 클러스터 실제 상태를 비교합니다.드리프트가 생기면 경고를 내거나, 설정에 따라 자동으로 Git 상태로 되돌리는 self-heal을 수행합니다.면접에서는 “드리프트가 왜 생기고 어떻게 막는가”를 자주 묻습니다.실무에서는 self-heal을 켜면 편하지만, 긴급 조치가 되돌려질 수 있어 운영 정책이 필요합니다.즉 기본 개념은 “원하는 상태로 수렴”입니다.		원하는 상태(Git)로 되돌리거나 self-heal 수행	TRUE	Git 히스토리를 자동 스쿼시	FALSE	DNS를 자동 변경	FALSE	컨테이너 이미지를 자동 압축	FALSE	devops	gitops	drift	self_heal
Q223	Progressive Delivery(점진적 배포)		DevOps / Cloud - CI/CD	62	CHOICE	HARD	점진적 배포(progressive delivery)에서 “단순 카나리”보다 더 신뢰도 높은 판정을 위해 흔히 추가하는 요소는?	단순 카나리는 절대 임계치만 보면 오탐/미탐이 많을 수 있습니다.대조군(기존 버전)과의 비교 분석, 통계적 유의성, 다중 지표(에러율+지연+비즈니스 KPI)를 함께 봅니다.면접에서는 카나리 성공 판정에 어떤 지표를 쓰는지 HARD 질문이 나옵니다.실무에서는 자동 분석 도구가 있더라도 지표 선택과 관측 윈도우 설계가 핵심입니다.즉 “대조군 비교 + 다중 지표”가 신뢰도를 올립니다.		기존 버전 대조군 비교와 다중 지표 기반 분석	TRUE	Git 커밋 수 기반 판정	FALSE	README 길이 기반 판정	FALSE	Pod IP 고정	FALSE	devops	deployment	canary	analysis
Q224	CI 서명 검증(Artifact Verification)		DevOps / Cloud - CI/CD	62	CHOICE	HARD	아티팩트 서명(예: 이미지/바이너리) 검증을 배포 단계에서 강제하는 가장 큰 목적은?	서명 검증은 신뢰된 파이프라인에서 생성된 산출물만 운영에 들어가게 하는 장치입니다.레지스트리 오염, 계정 탈취, 중간자 변조 등 공급망 공격을 줄이는 데 유용합니다.면접에서는 “왜 빌드와 배포를 분리하고, 산출물 무결성을 어떻게 보장하는가”가 HARD 포인트입니다.실무에서는 정책 엔진(OPA/Gatekeeper 등)으로 서명 없는 이미지를 차단하기도 합니다.즉 목적은 “운영에 들어갈 수 있는 산출물의 신뢰 체인 보장”입니다.		신뢰된 파이프라인 산출물만 배포되게 하기 위해	TRUE	빌드 시간을 무조건 줄이기 위해	FALSE	Git rebase를 자동화하기 위해	FALSE	CDN TTL을 늘리기 위해	FALSE	devops	security	supply_chain	verification
Q225	OPA 정책(Policy as Code)		DevOps / Cloud - CI/CD	62	CHOICE	HARD	Policy as Code(예: OPA)를 도입하면 얻는 대표 이점으로 가장 적절한 것은?	정책을 코드로 관리하면 PR 리뷰/버전 관리/감사 로그가 가능해집니다.보안/규정 준수를 사람이 수동 체크하는 대신 자동으로 강제할 수 있습니다.면접에서는 “정책을 어디에 두고 어떻게 강제할 것인가”를 질문합니다.실무에서는 배포 파이프라인과 쿠버네티스 admission 단계에서 정책을 적용합니다.즉 정책의 일관성과 자동 강제가 핵심 가치입니다.		정책을 버전 관리하고 자동으로 강제할 수 있다	TRUE	컨테이너 이미지 레이어를 줄인다	FALSE	Git 커밋을 자동 스쿼시한다	FALSE	DB 트랜잭션을 최적화한다	FALSE	devops	security	policy_as_code	opa
Q226	K8s Admission Controller		DevOps / Cloud - 컨테이너	63	CHOICE	HARD	Kubernetes Admission Controller가 특히 유용한 이유로 가장 적절한 것은?	Admission은 리소스가 클러스터에 생성/변경되기 전에 정책을 적용할 수 있는 지점입니다.서명된 이미지만 허용, privileged 금지, 특정 네임스페이스 제한 같은 규칙을 중앙에서 강제할 수 있습니다.면접에서는 “정책을 어디에서 강제할 것인가”를 묻는 HARD 질문이 나옵니다.실무에서는 OPA Gatekeeper/Kyverno 같은 도구로 구현합니다.즉 사전에 차단 가능한 ‘정책 집행 지점’이라는 게 핵심입니다.		리소스 생성 전에 정책을 강제/차단할 수 있어서	TRUE	Pod IP를 고정할 수 있어서	FALSE	Git 히스토리를 재작성할 수 있어서	FALSE	CDN 캐시를 자동 삭제할 수 있어서	FALSE	devops	kubernetes	admission	policy
Q227	Pod Security(권한 상승)		DevOps / Cloud - 컨테이너	63	CHOICE	HARD	컨테이너 보안에서 allowPrivilegeEscalation=false의 핵심 의미로 가장 적절한 것은?	privilege escalation은 컨테이너 내부 프로세스가 더 높은 권한을 획득하는 것을 의미합니다.이를 막으면 setuid 바이너리 악용 같은 위험을 줄일 수 있습니다.면접에서는 securityContext 옵션의 의미를 구체적으로 물어볼 수 있습니다.실무에서는 runAsNonRoot, readOnlyRootFilesystem 같은 옵션과 함께 하드닝합니다.즉 “프로세스가 더 높은 권한으로 상승하지 못하게” 하는 설정입니다.		프로세스가 권한을 상승(setuid 등)하지 못하게 제한	TRUE	컨테이너 이미지 크기를 줄인다	FALSE	Git 태그를 자동 생성한다	FALSE	VPC CIDR를 확장한다	FALSE	devops	container	security_context	hardening
Q228	Ingress TLS 종료와 재암호화		DevOps / Cloud - 컨테이너	63	CHOICE	HARD	Ingress에서 TLS 종료(termination)를 하고 내부 서비스로 평문 HTTP를 보낼 때 가장 큰 보안 리스크는?	외부 구간은 암호화되지만, 내부 구간이 평문이면 내부 네트워크에서 스니핑/중간자 위험이 커집니다.특히 멀티테넌시 환경이나 복잡한 네트워크에서는 내부도 신뢰할 수 없을 수 있습니다.면접에서는 “TLS를 어디까지 유지해야 하는가”를 질문할 수 있습니다.실무에서는 내부도 mTLS 또는 재암호화(re-encrypt)로 보호하기도 합니다.즉 내부 평문 전송이 동서 트래픽 보안을 약화시킵니다.		내부 구간에서 트래픽이 평문으로 노출될 수 있다	TRUE	Git 충돌이 늘어난다	FALSE	컨테이너 이미지가 커진다	FALSE	CDN TTL이 늘어난다	FALSE	devops	security	ingress	tls
Q229	서비스 계정 토큰과 IRSA		DevOps / Cloud - 클라우드 서비스	64	CHOICE	HARD	Kubernetes 워크로드가 클라우드 권한을 안전하게 얻기 위해 “정적 액세스 키” 대신 IRSA 같은 방식을 쓰는 이유는?	정적 키는 유출되면 회수/추적이 어렵고 장기간 남을 수 있습니다.IRSA 같은 방식은 단기 토큰과 역할 기반 접근으로 키 유출 위험을 줄입니다.면접에서는 워크로드 아이덴티티(Workload Identity) 개념을 HARD로 묻기도 합니다.실무에서는 키 대신 OIDC 기반 역할 연동으로 최소 권한을 구현합니다.즉 핵심은 “정적 키 제거 + 단기 자격 증명”입니다.		정적 키 유출 리스크를 줄이고 단기 토큰으로 권한을 부여하기 위해	TRUE	Pod IP를 고정하기 위해	FALSE	Git 태그를 자동 생성하기 위해	FALSE	이미지 레이어를 줄이기 위해	FALSE	cloud	iam	workload_identity	security
Q230	클라우드 STS(단기 자격 증명)		DevOps / Cloud - 클라우드 서비스	64	CHOICE	HARD	STS 같은 단기 자격 증명을 사용하는 가장 핵심적인 보안 이점은?	단기 토큰은 만료 시간이 있어 유출되더라도 피해 기간이 제한됩니다.또한 역할 기반으로 필요한 권한만 부여하고, 사용 이력을 감사하기 쉽습니다.면접에서는 장기 키 vs 단기 토큰의 차이를 자주 묻습니다.실무에서는 서버/워크로드에 장기 키를 두지 않도록 설계합니다.즉 “피해 창을 줄인다”가 핵심 이점입니다.		유출 시 피해 기간을 만료로 제한할 수 있다	TRUE	네트워크 지연을 0으로 만든다	FALSE	Git 히스토리를 자동 정리한다	FALSE	컨테이너 이미지를 자동 최소화한다	FALSE	cloud	security	sts	temporary_credentials
Q231	멀티 리전 트래픽 전환(DNS Failover)		DevOps / Cloud - 클라우드 서비스	64	CHOICE	HARD	DNS 기반 페일오버에서 RTO를 단축하는 데 가장 큰 영향을 주는 요소로 적절한 것은?	DNS 전환은 캐시 때문에 즉시 반영되지 않을 수 있습니다.TTL이 길면 전환이 느리고, TTL이 짧으면 쿼리 비용과 부하가 늘 수 있습니다.면접에서는 DNS TTL과 페일오버 한계를 자주 질문합니다.실무에서는 헬스체크와 TTL, 클라이언트 캐시 특성을 함께 고려합니다.즉 TTL이 전환 속도를 좌우합니다.		DNS TTL(캐시 만료 시간)	TRUE	Git 커밋 메시지 규칙	FALSE	이미지 레이어 수	FALSE	README 길이	FALSE	cloud	dns	failover	ttl
Q232	분산 락(Distributed Lock)		DevOps / Cloud - 클라우드 서비스	64	CHOICE	HARD	여러 인스턴스가 동일 작업(예: 정산 배치)을 중복 수행하지 않게 하려면 가장 적절한 접근은?	분산 환경에서는 단일 서버 락이 통하지 않습니다.외부 락 저장소(예: Redis, DB, ZooKeeper/etcd)를 이용해 분산 락을 구현합니다.면접에서는 분산 락의 필요성과 위험(데드락, TTL, 장애 시 해제)을 묻습니다.실무에서는 락 TTL과 재진입, 장애 복구 전략을 반드시 설계합니다.즉 “공유된 락”이 필요합니다.		외부 저장소 기반 분산 락을 사용한다	TRUE	Git stash를 사용한다	FALSE	Pod IP를 고정한다	FALSE	latest 태그를 사용한다	FALSE	devops	distributed_system	lock	reliability
Q233	Terraform Provider 버전 고정		DevOps / Cloud - IaC	65	CHOICE	HARD	Terraform에서 provider 버전을 명시적으로 고정(pinning)하는 가장 큰 이유는?	provider는 업데이트로 동작이 바뀌거나 리소스 스키마가 변할 수 있습니다.버전을 고정하면 plan 결과가 환경/시점에 따라 달라지는 위험을 줄입니다.면접에서는 IaC의 재현성과 결정론을 어떻게 유지하는지 질문할 수 있습니다.실무에서는 업그레이드는 별도 PR로 수행하고 변경 영향을 검증합니다.즉 버전 고정은 예측 가능한 변경 관리를 위한 기본입니다.		동작 변경으로 plan/apply 결과가 달라지는 위험을 줄이기 위해	TRUE	Git 충돌을 줄이기 위해	FALSE	CDN TTL을 늘리기 위해	FALSE	컨테이너 이미지를 압축하기 위해	FALSE	devops	terraform	provider	reproducibility
Q234	Terraform State 민감 정보		DevOps / Cloud - IaC	65	CHOICE	HARD	Terraform state에 민감 정보가 남을 수 있다는 점이 위험한 이유로 가장 적절한 것은?	state는 리소스 속성을 기록하며, 일부 값이 평문으로 남을 수 있습니다.따라서 state 접근 통제가 약하면 비밀 정보가 유출될 수 있습니다.면접에서는 state 보안(암호화, 접근 제어, 백엔드 보안)을 HARD로 묻습니다.실무에서는 remote state 암호화, 최소 권한, 민감 값 분리 전략을 적용합니다.즉 state는 “비밀 정보 저장소가 될 수 있어” 보호가 필수입니다.		state 접근이 뚫리면 비밀 정보가 유출될 수 있어서	TRUE	state가 CPU를 올려서	FALSE	state가 Git 태그를 삭제해서	FALSE	state가 CDN 캐시를 남겨서	FALSE	devops	terraform	state	secrets
Q235	컨테이너 이미지 재현 빌드		DevOps / Cloud - 컨테이너	63	CHOICE	HARD	Dockerfile에서 base image를 latest로 두는 것이 공급망 관점에서 특히 위험한 이유는?	base image가 바뀌면 동일 소스라도 다른 결과물이 나옵니다.취약점이 새로 들어오거나, 예기치 않은 변경이 배포에 섞일 수 있습니다.면접에서는 이미지 태그 고정과 digest pinning을 질문할 수 있습니다.실무에서는 태그 대신 digest로 고정해 재현성과 무결성을 강화합니다.즉 latest는 재현성과 신뢰 체인을 깨뜨립니다.		빌드 재현성이 깨져 예기치 않은 변경/취약점이 섞일 수 있어서	TRUE	Pod IP가 바뀌어서	FALSE	Git 충돌이 늘어서	FALSE	CDN TTL이 늘어서	FALSE	devops	supply_chain	docker	pinning
Q236	이미지 Digest Pinning		DevOps / Cloud - 컨테이너	63	CHOICE	HARD	이미지 digest로 pinning 하는 가장 직접적인 효과는?	digest는 콘텐츠 기반 식별자라 동일 digest는 동일 이미지 내용을 의미합니다.따라서 태그가 재지정되더라도 실제 배포 내용이 바뀌지 않습니다.면접에서는 태그 vs digest 차이를 HARD로 묻습니다.실무에서는 운영 배포는 digest pinning을 통해 변경을 통제합니다.즉 배포 재현성과 무결성이 강화됩니다.		같은 digest면 동일 이미지 내용이 보장된다	TRUE	빌드 시간이 무조건 절반이 된다	FALSE	DNS TTL이 짧아진다	FALSE	Git 히스토리가 자동 정리된다	FALSE	devops	container	digest	integrity
Q237	멀티 테넌트 네임스페이스 격리		DevOps / Cloud - 컨테이너	63	CHOICE	HARD	멀티 테넌트 Kubernetes에서 네임스페이스만 분리했는데도 여전히 위험이 남는 이유로 가장 적절한 것은?	네임스페이스는 논리 분리지만, 노드/커널을 공유하므로 완전한 격리는 아닙니다.RBAC, NetworkPolicy, Pod Security, 리소스 쿼터 등 추가 통제가 필요합니다.면접에서는 “어떤 수준의 격리”가 필요한지 설계 질문이 나올 수 있습니다.실무에서는 테넌트 간 네트워크/권한/리소스 경합을 모두 고려합니다.즉 네임스페이스만으로는 보안/격리가 불충분할 수 있습니다.		커널/노드 공유로 완전 격리가 아니어서 추가 통제가 필요	TRUE	Git 태그가 없어서	FALSE	CDN 캐시가 남아서	FALSE	이미지 레이어가 많아서	FALSE	devops	kubernetes	multi_tenant	isolation
Q238	Rate Limiting과 회복탄력성		DevOps / Cloud - 클라우드 서비스	64	CHOICE	HARD	API Gateway에서 rate limiting을 적용할 때 기대하는 가장 핵심 효과는?	rate limiting은 과도한 요청으로 백엔드가 무너지는 것을 막고, 자원 남용을 제한합니다.특히 장애 시 재시도 폭증(폭주 트래픽)으로 시스템이 더 망가지는 것을 줄입니다.면접에서는 회복탄력성(resilience) 패턴으로 rate limit을 설명할 수 있어야 합니다.실무에서는 사용자/키/경로별로 제한을 다르게 두고, 429 응답과 재시도 정책을 함께 설계합니다.즉 핵심은 “시스템 보호와 공정성”입니다.		과도한 트래픽으로부터 백엔드를 보호하고 폭주를 줄이기 위해	TRUE	Git rebase를 자동화하기 위해	FALSE	컨테이너 이미지를 압축하기 위해	FALSE	DNS TTL을 늘리기 위해	FALSE	devops	gateway	rate_limit	resilience
Q239	백프레셔(Backpressure)		DevOps / Cloud - 클라우드 서비스	64	CHOICE	HARD	이벤트 기반/스트리밍 시스템에서 백프레셔(backpressure)가 필요한 대표 이유는?	생산자가 소비자 처리 속도보다 빠르면 큐가 폭증하고 메모리/디스크가 고갈될 수 있습니다.백프레셔는 처리량을 조절해 시스템이 붕괴하지 않도록 합니다.면접에서는 메시지 큐/리액티브 시스템에서 백프레셔의 의미를 HARD로 묻습니다.실무에서는 버퍼, 드롭 정책, 리밋, 재시도 전략과 함께 설계합니다.즉 “속도 불일치”를 제어하는 것이 핵심입니다.		생산/소비 속도 불일치로 인한 자원 고갈을 막기 위해	TRUE	Git 태그 관리를 위해	FALSE	이미지 레이어를 줄이기 위해	FALSE	CDN 캐시를 무효화하기 위해	FALSE	devops	streaming	backpressure	reliability
Q240	메시지 중복 처리(At-least-once)		DevOps / Cloud - 클라우드 서비스	64	CHOICE	HARD	at-least-once 전달 보장을 사용하는 메시징에서 가장 필수적으로 고려해야 할 애플리케이션 특성은?	at-least-once는 메시지가 중복 전달될 수 있음을 의미합니다.따라서 소비자는 멱등 처리, 중복 제거, 정확히 한 번 효과(exactly-once effect)에 가까운 설계를 해야 합니다.면접에서는 전달 보장 3종(at-most/at-least/exactly-once)과 트레이드오프를 묻습니다.실무에서는 중복 키, 저장소 기반 dedup, 트랜잭션 아웃박스 등을 사용합니다.즉 “중복을 감당하는 설계”가 핵심입니다.		소비자 멱등 처리/중복 제거 설계	TRUE	Git 히스토리 재작성	FALSE	Pod IP 고정	FALSE	CDN TTL 증가	FALSE	devops	messaging	delivery	idempotency
Q241	Trunk-Based Development		DevOps / Cloud - 버전 관리	61	CHOICE	HARD	Trunk-Based Development를 운영할 때 “배포 가능한 상태”를 유지하기 위한 핵심 실천으로 가장 적절한 것은?	Trunk 기반은 main(trunk)에 자주 통합하는 방식이라, 항상 배포 가능한 상태가 핵심입니다.이를 위해 작은 단위 커밋, 강한 CI, 그리고 기능 플래그로 미완성 기능을 숨기는 패턴을 자주 씁니다.면접에서는 GitFlow 대비 장단점과, 안정성을 어떻게 확보하는지 질문이 나옵니다.실무에서는 trunk에 깨진 커밋이 들어가면 전체 팀이 막히므로 “게이트(테스트/정적분석)”가 필수입니다.즉 기능 플래그 + 강한 CI가 핵심 조합입니다.		기능 플래그와 강한 CI로 main을 항상 배포 가능하게 유지	TRUE	main에 직접 대규모 커밋을 한 번에 올린다	FALSE	태그를 지우면 배포 가능해진다	FALSE	최신 이미지 태그만 쓰면 된다	FALSE	devops	git	trunk_based	feature_flag
Q242	Feature Flag 운영 리스크		DevOps / Cloud - 버전 관리	61	CHOICE	HARD	Feature Flag를 장기간 방치했을 때 발생하기 쉬운 문제로 가장 적절한 것은?	플래그는 코드 경로를 늘려 테스트 조합이 폭발하고 유지보수가 어려워집니다.또한 오래된 플래그가 남으면 기술 부채로 쌓이고, 예기치 않은 동작 경로가 생깁니다.면접에서는 기능 플래그의 장점뿐 아니라 “정리 전략”을 물을 수 있습니다.실무에서는 플래그 만료일, 정리 티켓, 실험 종료 후 제거 정책을 둡니다.즉 플래그는 도구지만 방치하면 복잡도와 리스크가 증가합니다.		코드 경로 증가로 테스트/유지보수 복잡도가 폭발한다	TRUE	Git 충돌이 완전히 사라진다	FALSE	Pod IP가 고정된다	FALSE	CDN 비용이 0이 된다	FALSE	devops	feature_flag	tech_debt	testing
Q243	PR 기반 변경 관리(Change Control)		DevOps / Cloud - 버전 관리	61	CHOICE	HARD	운영 변경을 “PR로만” 하게 만들 때 가장 중요한 보완 장치로 적절한 것은?	PR만으로도 충분하지 않을 수 있어, 승인 규칙과 자동 검증이 함께 필요합니다.예를 들어 protected branch에서 필수 리뷰, CI 통과, 서명된 커밋/아티팩트, CODEOWNERS 승인을 강제합니다.면접에서는 변경 통제를 기술적으로 어떻게 강제하는지 질문이 나옵니다.실무에서는 권한 통제(운영 직접 접근 제한)와 감사 로그까지 묶어 운영합니다.즉 PR 원칙은 “강제 장치”와 함께여야 실효성이 있습니다.		protected branch 규칙과 CI 게이트를 함께 강제한다	TRUE	README를 길게 작성한다	FALSE	태그를 삭제한다	FALSE	latest 태그만 사용한다	FALSE	devops	governance	change_control	protected_branch
Q244	CI 신뢰 경계(Trust Boundary)		DevOps / Cloud - CI/CD	62	CHOICE	HARD	CI에서 PR 빌드에 “쓰기 권한 토큰”을 주는 것이 위험한 이유로 가장 적절한 것은?	외부 기여(PR) 코드는 악성일 수 있고, CI는 종종 비밀값을 갖고 실행됩니다.쓰기 권한 토큰이 있으면 저장소 변조, 릴리즈 위조, 시크릿 탈취 후 외부 유출이 가능해집니다.면접에서는 CI에서 trust boundary를 어떻게 나누는지 HARD로 물을 수 있습니다.실무에서는 fork PR에는 최소 권한 토큰, 시크릿 미주입, 별도 승인 워크플로를 둡니다.즉 PR 빌드는 “비신뢰 코드”라는 전제가 핵심입니다.		비신뢰 코드가 토큰/시크릿을 악용해 공급망을 오염시킬 수 있어서	TRUE	빌드 시간이 늘어서	FALSE	Git 충돌이 많아서	FALSE	Pod IP가 바뀌어서	FALSE	devops	security	cicd	trust_boundary
Q245	SLSA(공급망 성숙도)		DevOps / Cloud - CI/CD	62	CHOICE	HARD	SLSA 같은 공급망 보안 프레임워크가 강조하는 핵심 방향으로 가장 적절한 것은?	공급망 보안은 “누가 만들었는지/어떻게 만들었는지/바뀌지 않았는지”를 증명하는 흐름이 중요합니다.SLSA는 빌드 provenance(출처 증명), 격리된 빌드, 서명/검증 등을 통해 신뢰 체인을 강화하는 방향을 제시합니다.면접에서는 SBOM, 서명, provenance의 관계를 HARD로 묻기도 합니다.실무에서는 점진적으로 레벨을 올리며 파이프라인을 강화합니다.즉 핵심은 “검증 가능한 빌드 출처와 무결성”입니다.		빌드 출처(provenance)와 무결성을 검증 가능하게 만드는 것	TRUE	Git 태그를 더 자주 찍는 것	FALSE	로그 보관을 무제한으로 늘리는 것	FALSE	컨테이너 이미지를 무조건 크게 만드는 것	FALSE	devops	security	supply_chain	slsa
Q246	배포 가드레일(Guardrail)		DevOps / Cloud - CI/CD	62	CHOICE	HARD	배포 가드레일로 “운영 트래픽이 많은 시간대 배포 제한”을 두는 가장 합리적인 이유는?	트래픽 피크에는 작은 오류도 영향이 크게 증폭됩니다.가드레일은 기술적 한계라기보다 리스크 관리 수단으로, 사고 확률과 영향도를 함께 낮춥니다.면접에서는 배포 정책이 왜 필요한지(자동화와 거버넌스의 균형)를 물을 수 있습니다.실무에서는 배포 창(window), 승인, 점진적 배포를 조합해 운영합니다.즉 목적은 “영향도 최소화”입니다.		피크 타임 사고 시 영향도가 커서 리스크를 줄이기 위해	TRUE	Git 충돌을 줄이기 위해	FALSE	이미지 레이어를 줄이기 위해	FALSE	Pod IP를 고정하기 위해	FALSE	devops	deployment	governance	guardrail
Q247	K8s 리드니스/라이브니스 설계		DevOps / Cloud - 컨테이너	63	CHOICE	HARD	readinessProbe는 정상인데 livenessProbe가 자주 실패해 재시작이 반복된다. 가장 가능성 높은 원인으로 적절한 것은?	readiness는 “트래픽을 받을 준비”이고, liveness는 “프로세스가 살아있는지” 입니다.liveness를 너무 공격적으로 잡으면 일시적 GC pause, 외부 의존성 지연에서도 재시작 루프가 생깁니다.면접에서는 probe 설정의 부작용(재시작 폭주)을 시나리오로 질문할 수 있습니다.실무에서는 liveness는 보수적으로, readiness는 트래픽 차단 중심으로 설계합니다.즉 liveness 임계치/타임아웃 과도 설정이 흔한 원인입니다.		liveness 설정이 과도하게 민감해 일시적 지연에도 재시작한다	TRUE	Git 태그가 잘못됐다	FALSE	Pod IP가 바뀌어서다	FALSE	이미지 레이어가 많아서다	FALSE	devops	kubernetes	probes	reliability
Q248	K8s PDB(가용성 보장)		DevOps / Cloud - 컨테이너	63	CHOICE	HARD	PodDisruptionBudget(PDB)의 가장 직접적인 역할로 적절한 것은?	PDB는 노드 드레인/업그레이드 같은 “자발적 중단(voluntary disruption)” 상황에서, 최소 가용 파드 수를 보장합니다.면접에서는 PDB가 장애(비자발적 중단)를 막는지, 어떤 경우에만 적용되는지 묻습니다.실무에서는 PDB가 너무 빡세면 클러스터 유지보수가 막힐 수 있어 균형이 필요합니다.즉 PDB는 계획된 작업 중 가용성 하한선을 정의합니다.핵심은 voluntary disruption 제어입니다.		계획된 중단 시 최소 가용 파드 수를 보장한다	TRUE	트래픽을 L7에서 라우팅한다	FALSE	컨테이너 이미지를 서명한다	FALSE	Git 히스토리를 재작성한다	FALSE	devops	kubernetes	pdb	availability
Q249	서비스 메시 사이드카 오버헤드		DevOps / Cloud - 클라우드 서비스	64	CHOICE	HARD	서비스 메시(sidecar)를 도입했을 때 성능/운영 측면에서 흔히 늘어나는 비용으로 가장 적절한 것은?	사이드카는 모든 요청 경로에 프록시를 추가해 지연과 리소스 사용이 증가할 수 있습니다.또한 인증서 관리, 정책 설정, 디버깅 복잡도가 올라갑니다.면접에서는 서비스 메시의 장점(mTLS/관측/정책)과 비용(오버헤드)을 함께 묻습니다.실무에서는 일부 트래픽만 적용하거나, ambient mesh 같은 대안을 검토하기도 합니다.즉 네트워크 홉 증가와 운영 복잡도가 대표 비용입니다.		네트워크 홉 증가로 지연/CPU 사용과 운영 복잡도가 늘 수 있다	TRUE	Git 충돌이 줄어든다	FALSE	Pod IP가 고정된다	FALSE	CDN 비용이 0이 된다	FALSE	devops	service_mesh	performance	overhead
Q250	분산 트레이싱 샘플링		DevOps / Cloud - 클라우드 서비스	64	CHOICE	HARD	분산 트레이싱에서 샘플링을 도입하는 가장 큰 이유로 적절한 것은?	모든 요청을 전부 트레이싱하면 비용과 저장량이 폭증합니다.샘플링은 비용을 통제하면서도 장애 분석에 필요한 대표 트레이스를 확보하는 전략입니다.면접에서는 head-based vs tail-based 샘플링 차이를 물을 수 있습니다.실무에서는 에러/지연 요청은 우선 샘플링하는 규칙을 두기도 합니다.즉 목적은 관측 비용 통제와 효율적 분석입니다.		트레이싱 비용/저장량을 통제하기 위해	TRUE	CPU 사용률을 올리기 위해	FALSE	Git 태그를 자동 생성하기 위해	FALSE	컨테이너 이미지를 압축하기 위해	FALSE	devops	observability	tracing	sampling
Q251	클라우드 네트워크 분리(Shared VPC)		DevOps / Cloud - 클라우드 서비스	64	CHOICE	HARD	Shared VPC 같은 모델을 도입했을 때 기대하는 핵심 이점으로 가장 적절한 것은?	Shared VPC는 네트워크를 중앙 팀이 관리하고, 애플리케이션 팀은 프로젝트 단위로 리소스를 붙이는 형태가 많습니다.이를 통해 보안 정책과 네트워크 거버넌스를 일관되게 유지할 수 있습니다.면접에서는 조직 구조에 맞춘 클라우드 네트워크 설계를 질문할 수 있습니다.실무에서는 라우팅/방화벽 정책을 중앙에서 통제해 사고를 줄입니다.즉 핵심은 “중앙 통제와 팀별 분리”입니다.		네트워크 거버넌스를 중앙에서 통제하고 프로젝트를 분리하기 위해	TRUE	Git 히스토리를 단축하기 위해	FALSE	이미지 레이어를 줄이기 위해	FALSE	DNS TTL을 자동 설정하기 위해	FALSE	cloud	network	shared_vpc	governance
Q252	클라우드 IAM 경계 정책(Permission Boundary)		DevOps / Cloud - 클라우드 서비스	64	CHOICE	HARD	Permission Boundary를 두는 가장 핵심적인 목적은?	Boundary는 “이 역할/사용자가 가질 수 있는 최대 권한 상한”을 정의합니다.실수로 과도한 권한 정책을 붙여도 boundary를 넘어설 수 없습니다.면접에서는 IAM의 방어적 설계(guardrail)로 boundary를 질문할 수 있습니다.실무에서는 셀프서비스 권한 부여가 가능한 조직에서 특히 유용합니다.즉 boundary는 권한 상승을 구조적으로 제한합니다.		권한의 상한선을 설정해 과다 권한을 구조적으로 막기 위해	TRUE	CPU 오토스케일링을 위해	FALSE	Git rebase를 강제하기 위해	FALSE	컨테이너 이미지를 최소화하기 위해	FALSE	cloud	iam	permission_boundary	security
Q253	IaC 원격 상태 백엔드 보안		DevOps / Cloud - IaC	65	CHOICE	HARD	Terraform remote state 백엔드를 안전하게 운영하기 위한 조치로 가장 적절한 것은?	remote state는 민감 정보가 포함될 수 있고, 변경되면 인프라가 망가질 수 있습니다.따라서 암호화, 접근 최소화, 버전닝(복구), 상태 잠금(lock) 같은 조치가 중요합니다.면접에서는 state 보안을 HARD로 물어봅니다.실무에서는 별도 계정/프로젝트에 state를 두고 감사 로그를 활성화하기도 합니다.즉 “암호화+접근통제+복구”가 핵심입니다.		암호화와 최소 권한 접근 통제, 버전닝/락을 함께 적용	TRUE	latest 태그만 사용	FALSE	README에 state를 복사	FALSE	Git stash를 사용	FALSE	devops	terraform	remote_state	security
Q254	IaC PR에서 Plan 위조		DevOps / Cloud - IaC	65	CHOICE	HARD	IaC PR에서 사람이 plan 결과를 “텍스트로 복붙”해 올리는 방식이 위험한 이유로 가장 적절한 것은?	텍스트는 쉽게 위조되거나, plan 입력(변수/워크스페이스)이 실제와 다를 수 있습니다.신뢰 가능한 방식은 CI가 동일 조건으로 plan을 실행하고 결과를 아티팩트/코멘트로 남기는 것입니다.면접에서는 변경 승인 프로세스를 어떻게 신뢰성 있게 만드는지 묻습니다.실무에서는 plan 아티팩트를 저장하고 승인된 plan만 apply하도록 통제합니다.즉 사람이 복붙한 plan은 신뢰성이 낮습니다.		plan이 위조/환경 불일치될 수 있어 신뢰할 수 없다	TRUE	Git 충돌이 늘어서	FALSE	컨테이너 이미지가 커져서	FALSE	DNS TTL이 늘어서	FALSE	devops	iac	governance	plan
Q255	Terraform taint/replace 활용		DevOps / Cloud - IaC	65	CHOICE	HARD	Terraform에서 특정 리소스를 “재생성”하도록 강제하고 싶을 때 가장 적절한 방법에 가까운 것은?	리소스가 깨졌거나 비정상 상태일 때 재생성이 필요할 수 있습니다.Terraform은 replace 옵션이나(버전에 따라), taint로 해당 리소스를 교체 대상으로 표시할 수 있습니다.면접에서는 언제 재생성이 필요한지, 위험(다운타임)을 어떻게 줄이는지 질문이 나옵니다.실무에서는 교체가 파괴적일 수 있어 create_before_destroy 같은 전략을 함께 검토합니다.즉 의도적으로 교체 대상으로 표시하는 방식이 정석입니다.		리소스를 replace/taint하여 교체 대상으로 만든다	TRUE	Git tag를 삭제한다	FALSE	README를 수정한다	FALSE	CDN 캐시를 무효화한다	FALSE	devops	terraform	replace	lifecycle
Q256	컨테이너 이미지 스캔 오탐/미탐		DevOps / Cloud - 컨테이너	63	CHOICE	HARD	이미지 취약점 스캔 결과를 운영 차단 게이트로 쓸 때 가장 현실적인 주의점은?	스캔은 유용하지만, 오탐/미탐이 있을 수 있고 취약점의 실제 악용 가능성은 상황에 따라 다릅니다.또한 패치가 없는 취약점도 있어 무조건 차단하면 운영이 막힐 수 있습니다.면접에서는 “스캔을 어떻게 운영 정책으로 녹일 것인가”를 묻습니다.실무에서는 CVSS뿐 아니라 익스플로잇 가능성, 노출 경로, 예외 승인 프로세스를 둡니다.즉 스캔은 정책의 일부이며 운영 균형이 필요합니다.		오탐/패치 불가 취약점이 있어 예외/승인 프로세스가 필요	TRUE	스캔은 항상 완벽하니 무조건 차단	FALSE	Git rebase로 해결	FALSE	Pod IP를 고정	FALSE	devops	security	vuln_scan	governance
Q257	노드 풀 격리와 워크로드 배치		DevOps / Cloud - 컨테이너	63	CHOICE	HARD	민감 워크로드와 일반 워크로드를 같은 클러스터에서 운영할 때 격리를 강화하는 가장 적절한 조합은?	단순 네임스페이스 분리만으로는 부족할 수 있습니다.노드 격리(taints/tolerations), 네트워크 격리(NetworkPolicy), 권한 격리(RBAC), 보안 정책(Pod Security)을 함께 써야 합니다.면접에서는 “격리 레이어를 몇 겹으로 둘 것인가”를 HARD로 질문합니다.실무에서는 민감 워크로드는 전용 노드풀/전용 클러스터를 쓰기도 합니다.즉 다층 격리가 핵심입니다.		전용 노드풀(taints) + RBAC + NetworkPolicy 등 다층 격리	TRUE	Git 태그를 더 자주 찍는다	FALSE	README를 더 길게 쓴다	FALSE	latest 태그만 사용한다	FALSE	devops	kubernetes	isolation	nodepool
Q258	DR 리허설(GameDay)		DevOps / Cloud - 클라우드 서비스	64	CHOICE	HARD	DR 구성이 문서상 완벽해도 실제 운영에서 실패하는 가장 흔한 이유로 적절한 것은?	DR은 실제로 해보지 않으면 숨은 의존성과 절차 누락이 많습니다.DNS 전환, 권한, 데이터 복구, 애플리케이션 설정 등 디테일이 수없이 존재합니다.면접에서는 “왜 DR 리허설이 중요한가”를 HARD로 물을 수 있습니다.실무에서는 GameDay 형태로 정기 리허설을 통해 RTO/RPO를 검증합니다.즉 ‘테스트되지 않은 계획’은 신뢰할 수 없습니다.		리허설 부족으로 절차/의존성 누락이 드러나기 때문	TRUE	Git 충돌이 많아서	FALSE	컨테이너 이미지가 커서	FALSE	CDN TTL이 길어서	FALSE	cloud	dr	gameday	resilience
Q259	관측 가능한 배포 이벤트		DevOps / Cloud - 클라우드 서비스	64	CHOICE	HARD	배포 이벤트를 관측 시스템에 남기는(deploy marker) 가장 큰 실무적 이점은?	배포 마커가 있으면 지표/로그 변화와 배포 시점을 한 화면에서 연결할 수 있습니다.원인 분석 시 “언제 무엇이 바뀌었는지”를 빠르게 좁힐 수 있어 MTTR이 줄어듭니다.면접에서는 관측 가능성을 운영에 어떻게 활용하는지 질문이 나옵니다.실무에서는 릴리즈 태그/버전과 마커를 연동해 추적성을 강화합니다.즉 배포와 장애 신호를 상관관계로 묶는 게 핵심입니다.		지표 변화와 배포 시점 상관관계를 빠르게 분석하기 위해	TRUE	Git 태그를 자동 삭제하기 위해	FALSE	Pod IP를 고정하기 위해	FALSE	컨테이너 이미지를 압축하기 위해	FALSE	devops	observability	deployment	correlation
Q260	SRE 에러 버짓 운영		DevOps / Cloud - 클라우드 서비스	64	CHOICE	HARD	에러 버짓이 빠르게 소진되는 상황에서 가장 SRE스러운 의사결정으로 적절한 것은?	에러 버짓은 안정성과 출시 속도의 균형 장치입니다.버짓이 소진되면 신규 기능 배포를 줄이고 안정화 작업(성능/장애 원인 제거)에 집중하는 게 일반적입니다.면접에서는 “에러 버짓이 0이면 어떻게 할 것인가”를 자주 묻습니다.실무에서는 릴리즈 프리즈, 롤백, 리스크 큰 변경 중단 같은 정책을 적용합니다.즉 신뢰성이 우선이며 개선 활동으로 전환합니다.		신규 배포를 줄이고 안정화/원인 제거에 집중한다	TRUE	배포를 더 자주 해서 빨리 고친다	FALSE	Git 태그를 삭제한다	FALSE	CDN TTL을 늘린다	FALSE	devops	sre	error_budget	reliability
Q261	BCDR 설계(RTO vs RPO)		DevOps / Cloud - 클라우드 서비스	64	CHOICE	HARD	RTO는 길어도 되지만 RPO는 매우 짧아야 하는 시스템에서 일반적으로 더 강하게 투자해야 하는 영역은?	RPO는 허용 가능한 데이터 유실량, RTO는 복구까지 허용 가능한 시간입니다.RPO를 짧게 하려면 데이터 복제 지연을 줄이거나 동기화에 가까운 복제를 설계해야 합니다.면접에서는 RTO/RPO를 상황에 맞게 설계할 수 있는지 묻습니다.실무에서는 짧은 RPO를 위해 비용과 쓰기 성능 저하를 감수하는 경우가 있습니다.즉 RPO 중심이면 데이터 복제/저장 계층에 투자가 집중됩니다.		데이터 복제/저장 계층(복제 지연 최소화)	TRUE	Git 머지 전략	FALSE	README 템플릿	FALSE	이미지 레이어 최적화	FALSE	cloud	dr	rpo	replication
Q262	RPO 단축의 대가		DevOps / Cloud - 클라우드 서비스	64	CHOICE	HARD	동기 복제에 가까운 방식으로 RPO를 0에 가깝게 만들 때 가장 흔한 트레이드오프로 적절한 것은?	동기 복제는 쓰기 작업이 원격지에도 반영될 때까지 완료되지 않을 수 있습니다.그래서 지연이 늘거나 처리량이 떨어질 수 있고, 비용도 증가합니다.면접에서는 ‘RPO 0’이 왜 어려운지 트레이드오프를 설명하게 할 수 있습니다.실무에서는 핵심 데이터만 동기 복제하고 나머지는 비동기로 분리하기도 합니다.즉 성능/비용이 대표 대가입니다.		쓰기 지연 증가와 비용 상승	TRUE	Git 충돌 감소	FALSE	Pod IP 고정	FALSE	CDN 비용 0	FALSE	cloud	dr	performance	tradeoff
Q263	Multi-AZ vs Multi-Region		DevOps / Cloud - 클라우드 서비스	64	CHOICE	HARD	Multi-AZ는 만족하지만 Multi-Region은 아닌 구성의 가장 일반적인 특징으로 적절한 것은?	Multi-AZ는 같은 리전 내 여러 가용영역에 배치해 AZ 장애에 대비합니다.하지만 리전 전체 장애(대규모 장애)에는 취약할 수 있습니다.면접에서는 AZ 장애와 리전 장애를 구분해 설계할 수 있는지 묻습니다.실무에서는 Multi-Region은 비용과 복잡도가 크게 올라가므로 요구사항이 명확할 때만 채택합니다.즉 Multi-AZ는 리전 레벨 재해까지는 보장하지 않는 경우가 많습니다.		리전 전체 장애에는 취약할 수 있다	TRUE	리전 간 RPO가 항상 0이다	FALSE	DNS TTL이 항상 0이다	FALSE	Git 태그가 자동 생성된다	FALSE	cloud	availability	multi_az	multi_region
Q264	블루그린과 DB 호환성		DevOps / Cloud - CI/CD	62	CHOICE	HARD	블루그린 배포에서 DB 스키마 변경이 특히 위험한 이유로 가장 적절한 것은?	블루/그린 두 버전이 동시에 존재하는 동안 같은 DB를 공유할 수 있습니다.호환되지 않는 스키마 변경은 한쪽 버전을 즉시 깨뜨릴 수 있습니다.면접에서는 무중단 배포에서 DB 변경 전략(expand-contract)을 HARD로 묻습니다.실무에서는 기존 컬럼 유지, 새 컬럼 추가 후 점진 전환, 나중에 제거하는 방식이 안전합니다.즉 공존 기간의 호환성이 핵심 위험 지점입니다.		두 버전 공존 중 스키마 비호환이면 한쪽이 즉시 깨질 수 있다	TRUE	Git 충돌이 늘어서	FALSE	컨테이너 이미지가 커져서	FALSE	DNS TTL이 늘어서	FALSE	devops	deployment	database	backward_compat
Q265	Expand and Contract		DevOps / Cloud - CI/CD	62	CHOICE	HARD	Expand and Contract 방식의 올바른 순서로 가장 적절한 것은?	expand-contract는 스키마를 “확장(호환 유지)”하고, 코드 전환 후, 마지막에 “정리(축소)”하는 방식입니다.새 컬럼 추가나 이중 쓰기/읽기 전환을 통해 무중단을 목표로 합니다.면접에서는 순서가 뒤집히면 어떤 장애가 나는지 질문합니다.실무에서는 백필(backfill)과 데이터 정합성 검증도 중요한 단계입니다.즉 확장 → 전환 → 정리 순서가 핵심입니다.		스키마 확장 → 코드 전환 → 구 스키마 제거	TRUE	구 스키마 제거 → 코드 전환 → 스키마 확장	FALSE	코드 전환 → 스키마 제거 → 확장	FALSE	태그 생성 → 스키마 변경 → 배포	FALSE	devops	database	migration	zero_downtime
Q266	Tracing에서 Tail-based Sampling		DevOps / Cloud - 클라우드 서비스	64	CHOICE	HARD	tail-based sampling이 head-based sampling보다 유리한 대표 상황으로 가장 적절한 것은?	head-based는 요청 시작 시 샘플 여부를 결정해, 중요한 에러/지연 요청이 누락될 수 있습니다.tail-based는 결과를 보고(에러/지연 등) 선택할 수 있어 분석 가치가 높은 트레이스를 더 잘 남깁니다.면접에서는 두 샘플링의 차이를 구체적으로 묻습니다.실무에서는 tail-based는 저장/처리 오버헤드가 있어 인프라 설계가 필요합니다.즉 에러/지연 중심 분석에 tail-based가 강합니다.		에러나 지연 요청을 우선적으로 남기고 싶을 때	TRUE	Git 충돌을 줄이고 싶을 때	FALSE	이미지 레이어를 줄이고 싶을 때	FALSE	Pod IP를 고정하고 싶을 때	FALSE	devops	observability	tracing	sampling
Q267	로그 구조화(Structured Logging)		DevOps / Cloud - 클라우드 서비스	64	CHOICE	HARD	운영에서 구조화 로그(JSON 등)를 선호하는 가장 큰 이유로 적절한 것은?	구조화 로그는 키-값 형태로 파싱이 쉬워, 필터링/집계/상관관계 분석에 유리합니다.특히 traceId, userId, errorCode 같은 필드를 정규화해 검색 정확도가 올라갑니다.면접에서는 로그 설계(필드, 민감정보 마스킹)도 질문 대상입니다.실무에서는 로그 볼륨 증가를 고려해 샘플링/레벨 정책을 같이 잡습니다.즉 분석 가능성과 자동화가 핵심입니다.		검색/집계/상관관계 분석을 자동화하기 쉬워서	TRUE	Git 태그가 자동 생성돼서	FALSE	컨테이너 크기가 자동으로 줄어서	FALSE	DNS TTL이 자동으로 줄어서	FALSE	devops	logging	observability	json
Q268	CI에서 Reproducible Build(결정론)		DevOps / Cloud - CI/CD	62	CHOICE	HARD	동일 커밋인데 빌드 결과물 해시가 매번 달라진다. 가장 먼저 의심할 원인으로 적절한 것은?	빌드가 비결정론적이면 운영 추적과 검증이 어려워집니다.타임스탬프 포함, 의존성 변동, 랜덤 값, 빌드 환경 차이 등이 흔한 원인입니다.면접에서는 재현 가능한 빌드의 조건을 질문할 수 있습니다.실무에서는 의존성 고정, 빌드 컨테이너화, 시간/로케일 고정 등을 적용합니다.즉 비결정론 요소(시간/환경/의존성)를 먼저 확인합니다.		타임스탬프/의존성 변동 등 비결정론 요소	TRUE	GitFlow를 안 써서	FALSE	Pod IP가 바뀌어서	FALSE	README가 길어서	FALSE	devops	cicd	reproducible_build	determinism
Q269	CI에서 캐시 오염(Cache Poisoning)		DevOps / Cloud - CI/CD	62	CHOICE	HARD	CI 캐시가 “오염(poisoning)”되었을 때 나타날 수 있는 대표 증상으로 가장 적절한 것은?	캐시 오염은 잘못된 빌드 산출물/의존성이 캐시에 저장되어 이후 빌드에 재사용되는 상황입니다.그 결과, 소스가 맞는데도 빌드가 깨지거나 이상한 바이너리가 나오는 현상이 생깁니다.면접에서는 캐시 무효화 전략과 키 설계를 물어봅니다.실무에서는 캐시 범위를 좁히고, lockfile 해시 기반 키로 안정성을 높입니다.즉 “원인 불명 빌드 이상”이 흔한 증상입니다.		소스는 정상인데 빌드가 랜덤하게 깨지거나 결과가 이상해진다	TRUE	Git 충돌이 사라진다	FALSE	Pod가 자동으로 늘어난다	FALSE	DNS TTL이 0이 된다	FALSE	devops	cicd	cache	poisoning
Q270	컨테이너 이미지 레지스트리 권한		DevOps / Cloud - 컨테이너	63	CHOICE	HARD	운영 레지스트리에 대해 “pull만 허용”을 기본으로 두는 가장 큰 이유로 적절한 것은?	push 권한이 넓으면 이미지 위조/덮어쓰기 등 공급망 오염이 가능합니다.운영은 신뢰된 파이프라인만 push하도록 제한하고, 런타임은 pull 최소 권한으로 운영하는 게 안전합니다.면접에서는 레지스트리 권한 분리를 왜 하는지 질문이 나옵니다.실무에서는 서명 검증과 함께 push 경로를 강하게 통제합니다.즉 목적은 공급망 무결성 보호입니다.		이미지 위조/덮어쓰기 같은 공급망 오염을 막기 위해	TRUE	빌드 속도를 올리기 위해	FALSE	Git rebase를 강제하기 위해	FALSE	Pod IP를 고정하기 위해	FALSE	devops	security	registry	least_privilege
Q271	K8s etcd 백업		DevOps / Cloud - 컨테이너	63	CHOICE	HARD	Kubernetes에서 etcd 백업이 중요한 가장 직접적인 이유로 적절한 것은?	etcd는 클러스터 상태(리소스 정의, 설정)를 저장하는 핵심 저장소입니다.etcd가 손상되면 클러스터 자체가 복구 불능에 가까워질 수 있습니다.면접에서는 etcd가 무엇을 저장하고, 백업을 어떻게 할지 질문할 수 있습니다.실무에서는 스냅샷 백업과 복구 리허설이 필수입니다.즉 etcd는 클러스터의 ‘상태 원장’입니다.		클러스터 상태 저장소가 손상되면 복구가 매우 어려워서	TRUE	Pod IP가 고정돼서	FALSE	Git 태그가 자동 생성돼서	FALSE	이미지 레이어가 줄어서	FALSE	devops	kubernetes	etcd	backup
Q272	IaC에서 Drift Detection 운영		DevOps / Cloud - IaC	65	CHOICE	HARD	IaC 드리프트 감지를 주기적으로 돌릴 때 가장 먼저 정해야 하는 운영 정책으로 적절한 것은?	감지만 하면 알람 폭탄이 될 수 있습니다.어떤 변경은 허용(예: 자동 스케일링), 어떤 변경은 금지(수동 SG 변경)인지 기준이 필요합니다.면접에서는 drift를 어떻게 다룰지(자동 수복 vs 알림) 질문합니다.실무에서는 “허용 변화 목록”과 “즉시 롤백 대상”을 구분합니다.즉 기준 없는 감지는 운영 부담만 키웁니다.		허용 가능한 변경과 금지 변경의 기준(정책)	TRUE	Git 태그 네이밍	FALSE	README 템플릿	FALSE	이미지 레이어 수	FALSE	devops	iac	drift	policy
Q273	IaC에서 Break-glass(긴급 접근)		DevOps / Cloud - IaC	65	CHOICE	HARD	“운영은 IaC로만 변경” 원칙을 지키면서도, 긴급 상황에서 콘솔 수정을 허용해야 한다. 가장 적절한 운영 방식은?	원칙이 강할수록 예외 절차도 정의되어야 합니다.Break-glass는 긴급 권한을 제한된 시간/사유로 부여하고, 모든 행위를 감사 로그로 남깁니다.면접에서는 거버넌스와 실무 현실을 어떻게 균형 잡는지 질문할 수 있습니다.실무에서는 긴급 조치 후 반드시 IaC로 상태를 되돌려(정합화) 드리프트를 해소합니다.즉 “시간 제한 + 감사 + 사후 코드화”가 핵심입니다.		시간 제한 긴급 권한과 감사 로그, 사후 IaC 정합화 절차	TRUE	누구나 콘솔 수정 가능하게 한다	FALSE	latest 태그만 사용한다	FALSE	Git stash로 해결한다	FALSE	devops	governance	break_glass	iac
Q274	클라우드 비용 태깅(Tagging) 거버넌스		DevOps / Cloud - 클라우드 서비스	64	CHOICE	HARD	비용 태깅 정책을 강제하려면 가장 효과적인 접근으로 적절한 것은?	태깅은 비용 배분/책임 소재/최적화의 출발점입니다.하지만 권고만으로는 누락이 잦아, 정책으로 강제하는 게 효과적입니다.면접에서는 비용 거버넌스를 어떻게 설계할지 질문할 수 있습니다.실무에서는 정책 엔진(IAM/Org Policy)으로 필수 태그 없으면 생성 차단을 적용합니다.즉 “생성 단계에서 차단”이 가장 강력합니다.		필수 태그 없으면 리소스 생성 자체를 정책으로 차단	TRUE	README에 태그 규칙만 적는다	FALSE	Git 태그를 더 자주 찍는다	FALSE	이미지 레이어를 줄인다	FALSE	cloud	cost	tagging	governance
Q275	Egress 비용 최적화 전략		DevOps / Cloud - 클라우드 서비스	64	CHOICE	HARD	대용량 파일 다운로드 서비스에서 egress 비용을 줄이는 가장 일반적인 설계 방향으로 적절한 것은?	egress는 외부로 나가는 트래픽이므로 비용이 큽니다.CDN 캐시, 압축, 지역별 캐시, 동일 리전 내 처리 등으로 외부 트래픽을 최적화합니다.면접에서는 비용 최적화에서 CDN의 역할을 질문할 수 있습니다.실무에서는 origin 부하도 함께 줄여 가용성과 비용을 동시에 개선합니다.즉 CDN 캐시가 가장 대표적인 전략입니다.		CDN 캐시를 앞단에 두고 origin egress를 줄인다	TRUE	Git rebase를 한다	FALSE	Pod IP를 고정한다	FALSE	README를 늘린다	FALSE	cloud	cost	egress	cdn
Q276	이벤트 루프 비용 폭증 방지		DevOps / Cloud - 클라우드 서비스	64	CHOICE	HARD	서버리스에서 “트리거 루프”로 비용 폭증을 막기 위한 가장 직접적인 방어 조합으로 적절한 것은?	트리거 루프는 이벤트가 이벤트를 낳아 폭증하는 상황입니다.동시성 제한, 재시도 제한, 데드레터 큐(DLQ), idempotency, 예산 알림이 방어 수단입니다.면접에서는 서버리스 비용 폭탄 방지를 시나리오로 물을 수 있습니다.실무에서는 특히 재시도 정책과 DLQ 설계가 핵심입니다.즉 “제한 + 격리 + 경보”가 조합입니다.		동시성 제한과 재시도 제한, DLQ로 격리	TRUE	latest 태그만 사용	FALSE	Git stash 사용	FALSE	README 수정	FALSE	cloud	serverless	cost	dlq
Q277	컨테이너 네트워크 성능 이슈		DevOps / Cloud - 컨테이너	63	CHOICE	HARD	마이크로서비스가 늘면서 p95 지연이 급증했는데 CPU는 낮다. 컨테이너/클러스터 관점에서 가장 먼저 점검할 항목으로 적절한 것은?	CPU가 낮으면 병목이 네트워크, 큐, 외부 의존성일 수 있습니다.서비스 간 호출이 많아지면 네트워크 홉/커넥션 풀/서비스 디스커버리/Ingress 등이 병목이 됩니다.면접에서는 “지연 원인을 계층별로 추론”하는 질문이 HARD로 나옵니다.실무에서는 분산 트레이싱으로 어디에서 시간이 소모되는지 먼저 확인합니다.즉 네트워크/호출 경로와 트레이싱이 우선입니다.		네트워크 호출 경로와 분산 트레이싱으로 병목 지점을 확인	TRUE	Git 태그를 삭제한다	FALSE	이미지 레이어를 줄인다	FALSE	README를 늘린다	FALSE	devops	performance	tracing	networking
Q278	배포 후 오류 증가(상관관계)		DevOps / Cloud - 클라우드 서비스	64	CHOICE	HARD	배포 직후 오류율이 올랐는데, 원인을 좁히기 위한 가장 효과적인 첫 단계로 적절한 것은?	장애 분석은 “언제부터 무엇이 바뀌었나”를 먼저 확인합니다.릴리즈 버전/커밋/피처 플래그 상태와 오류 급증 시점을 맞춰 상관관계를 잡는 게 효율적입니다.면접에서는 MTTR을 줄이는 디버깅 접근을 묻습니다.실무에서는 배포 마커, 변경 로그, 대시보드 비교로 범위를 빠르게 좁힙니다.즉 상관관계 확보가 첫 단계입니다.		배포 버전/피처 플래그 상태와 오류 시점을 상관관계로 묶어본다	TRUE	Git rebase를 수행한다	FALSE	Pod IP를 고정한다	FALSE	CDN TTL을 늘린다	FALSE	devops	incident	observability	correlation
Q279	Postmortem(사후 분석) 문화		DevOps / Cloud - 클라우드 서비스	64	CHOICE	HARD	블레이밍 없는 포스트모템(Blameless Postmortem)이 특히 강조하는 핵심 원칙으로 가장 적절한 것은?	사람 비난 대신 시스템과 프로세스 개선에 초점을 맞춥니다.재발 방지 액션 아이템, 탐지/대응 시간 단축, 가드레일 개선 같은 결과물을 남기는 게 핵심입니다.면접에서는 장애 대응 프로세스를 어떻게 운영하는지 질문이 나올 수 있습니다.실무에서는 심리적 안전이 있어야 문제가 숨겨지지 않고 개선으로 이어집니다.즉 목적은 “학습과 시스템 개선”입니다.		개인 비난이 아니라 시스템/프로세스 개선과 재발 방지에 집중	TRUE	장애 시 책임자를 공개한다	FALSE	Git 태그를 삭제한다	FALSE	latest 태그만 사용한다	FALSE	devops	sre	postmortem	culture
Q280	SLO 위반과 릴리즈 프리즈		DevOps / Cloud - 클라우드 서비스	64	CHOICE	HARD	SLO를 지속적으로 위반하고 에러 버짓이 0에 가까운 상황에서 가장 적절한 릴리즈 정책은?	에러 버짓은 안정성 우선순위를 명확히 합니다.버짓이 소진되면 신규 기능 배포를 줄이고 안정화에 집중하는 게 일반적입니다.면접에서는 “배포 속도 vs 안정성”을 어떻게 조율하는지 묻습니다.실무에서는 릴리즈 프리즈, 위험 변경 금지, 성능/신뢰성 작업 우선 정책을 적용합니다.즉 신뢰성 회복이 우선입니다.		신규 배포를 제한하고 안정화 작업을 우선한다	TRUE	더 많은 배포로 빠르게 만회한다	FALSE	Git 태그를 삭제한다	FALSE	CDN TTL을 늘린다	FALSE	devops	slo	error_budget	release_freeze
Q281	OpenTelemetry 수집 파이프라인		DevOps / Cloud - 클라우드 서비스	64	CHOICE	HARD	OpenTelemetry Collector를 별도로 두는 대표적인 이유로 가장 적절한 것은?	애플리케이션이 각 벤더로 직접 전송하면 설정이 분산되고 변경 비용이 큽니다.Collector를 두면 수집, 필터링, 샘플링, 라우팅을 중앙에서 통제할 수 있습니다.면접에서는 관측 데이터 파이프라인을 어떻게 설계하는지 질문이 나옵니다.실무에서는 PII 마스킹이나 비용 절감(샘플링)을 Collector에서 처리하기도 합니다.즉 Collector는 관측 데이터의 중앙 게이트웨이 역할을 합니다.		수집·샘플링·라우팅을 중앙에서 통제하기 위해	TRUE	Git 커밋을 자동 스쿼시하기 위해	FALSE	Pod IP를 고정하기 위해	FALSE	CDN TTL을 늘리기 위해	FALSE	devops	observability	opentelemetry	collector
Q282	Metric Cardinality 폭발		DevOps / Cloud - 클라우드 서비스	64	CHOICE	HARD	메트릭 카디널리티(cardinality)가 폭발할 때 가장 흔한 원인으로 적절한 것은?	카디널리티는 라벨 조합의 고유 개수입니다.userId, requestId 같은 고유값을 라벨로 넣으면 시계열이 무한히 늘어 비용과 성능이 무너집니다.면접에서는 “라벨 설계”와 비용 최적화를 HARD로 묻습니다.실무에서는 고유값은 로그/트레이스로 보내고 메트릭 라벨은 제한합니다.즉 고유 식별자를 라벨로 넣는 것이 대표 원인입니다.		userId 같은 고유값을 라벨로 사용해서	TRUE	Git 태그가 많아서	FALSE	이미지 레이어가 많아서	FALSE	DNS TTL이 길어서	FALSE	devops	monitoring	metrics	cardinality
Q283	Alert 피로도와 SLO 기반 경보		DevOps / Cloud - 클라우드 서비스	64	CHOICE	HARD	알람 피로(alert fatigue)를 줄이면서 실질적인 장애만 잡기 위한 접근으로 가장 적절한 것은?	알람이 너무 많으면 실제 중요한 알람을 놓치게 됩니다.SLO/에러 버짓 기반으로 “사용자 영향”을 중심에 두고 경보를 설계하면 효과적입니다.면접에서는 경보 설계 원칙(행동 가능, 의미 있는 신호)을 질문합니다.실무에서는 증상 기반 알람 + 원인 기반 대시보드로 분리해 운영합니다.즉 SLO 중심 경보가 현실적 해법입니다.		사용자 영향(SLO) 중심으로 경보를 재설계한다	TRUE	알람을 전부 끈다	FALSE	Git rebase를 한다	FALSE	컨테이너 이미지를 압축한다	FALSE	devops	sre	alerting	slo
Q284	스로틀링과 재시도 폭주		DevOps / Cloud - 클라우드 서비스	64	CHOICE	HARD	외부 API가 429(Too Many Requests)를 반환한다. 클라이언트 재시도 설계로 가장 적절한 것은?	429는 서버가 과부하이거나 레이트리밋에 걸린 상태입니다.즉시 재시도하면 폭주(thundering herd)가 심해집니다.면접에서는 exponential backoff와 jitter의 필요성을 질문할 수 있습니다.실무에서는 Retry-After 헤더 준수, backoff+jitter, 최대 재시도 제한을 적용합니다.즉 “간격을 늘리고 분산”이 핵심입니다.		backoff와 jitter를 적용하고 Retry-After를 존중한다	TRUE	즉시 무한 재시도한다	FALSE	Git 태그를 삭제한다	FALSE	Pod IP를 고정한다	FALSE	devops	reliability	retry	throttling
Q285	Thundering Herd 방지		DevOps / Cloud - 클라우드 서비스	64	CHOICE	HARD	캐시 만료 시 다수 인스턴스가 동시에 origin을 때리는 문제(thundering herd)를 줄이는 기법으로 적절한 것은?	캐시가 동시에 만료되면 요청이 한꺼번에 원본으로 몰립니다.stale-while-revalidate, 캐시 락, 확률적 조기 갱신 같은 기법으로 완화합니다.면접에서는 캐시 전략과 장애 패턴을 연결해 질문할 수 있습니다.실무에서는 CDN/애플리케이션 캐시 모두에서 이 패턴이 발생할 수 있습니다.즉 “stale 제공 + 백그라운드 갱신”이 대표 해법입니다.		stale-while-revalidate 같은 전략으로 만료 시점을 분산한다	TRUE	latest 태그를 사용한다	FALSE	Git rebase를 한다	FALSE	README를 늘린다	FALSE	devops	cache	performance	herd
Q286	CI에서 비밀값 노출(Logs)		DevOps / Cloud - CI/CD	62	CHOICE	HARD	CI 로그에 시크릿이 노출되는 사고를 줄이기 위한 가장 실효성 있는 조합은?	로그 마스킹만으로는 완벽하지 않고, echo/디버그 출력에서 새어 나갈 수 있습니다.권한 최소화, fork PR 시 시크릿 미주입, 마스킹, 승인 워크플로 등 다층 방어가 필요합니다.면접에서는 CI에서 시크릿을 어떻게 다루는지 HARD로 묻습니다.실무에서는 시크릿을 환경 변수로 넣더라도 출력 차단 규칙을 둡니다.즉 “시크릿 미주입 + 최소 권한 + 마스킹”이 핵심입니다.		fork PR에는 시크릿 미주입, 최소 권한 토큰, 로그 마스킹	TRUE	시크릿을 출력해도 괜찮다	FALSE	Git 태그를 지우면 된다	FALSE	컨테이너 이미지를 압축한다	FALSE	devops	security	cicd	secrets
Q287	CD에서 승인(Manual Gate) 위치		DevOps / Cloud - CI/CD	62	CHOICE	HARD	“승인된 아티팩트만 운영 배포”를 보장하기 위해 수동 승인을 넣기 가장 적절한 위치는?	승인은 ‘무엇을 승인했는지’가 명확해야 합니다.소스가 아니라 빌드 산출물(이미지 digest, SBOM 등)을 기준으로 승인해야 변경이 바뀌지 않습니다.면접에서는 CI와 CD 분리, 승인 포인트를 질문할 수 있습니다.실무에서는 승인 후 동일 아티팩트를 배포하고, 재빌드는 금지하는 패턴을 씁니다.즉 승인 대상은 “아티팩트”여야 합니다.		빌드 아티팩트(digest) 확정 후 배포 직전 단계	TRUE	코드 작성 단계	FALSE	README 수정 단계	FALSE	Git clone 직후	FALSE	devops	cd	governance	approval
Q288	컨테이너 이미지 빌드 격리		DevOps / Cloud - 컨테이너	63	CHOICE	HARD	빌드 환경을 격리된 환경에서 수행하려는 가장 큰 이유로 적절한 것은?	빌드 서버가 오염되면 산출물이 악성으로 변조될 수 있습니다.격리 빌드는 신뢰 체인을 강화하고, 빌드 과정에서 호스트 시크릿 유출도 줄입니다.면접에서는 공급망 보안에서 빌드 격리의 의미를 질문할 수 있습니다.실무에서는 ephemeral runner, sandbox, 최소 권한을 사용합니다.즉 목적은 “빌드 신뢰 경계 강화”입니다.		빌드 산출물 변조와 시크릿 유출 위험을 줄이기 위해	TRUE	Git 충돌을 줄이기 위해	FALSE	CDN TTL을 늘리기 위해	FALSE	Pod IP를 고정하기 위해	FALSE	devops	supply_chain	build	isolation
Q289	K8s 리소스 쿼터(Quota)		DevOps / Cloud - 컨테이너	63	CHOICE	HARD	멀티 팀 환경에서 ResourceQuota를 두는 가장 큰 목적은?	한 팀이 과도하게 리소스를 쓰면 다른 팀 서비스가 영향을 받습니다.Quota는 CPU/메모리/오브젝트 수를 제한해 공정성과 안정성을 확보합니다.면접에서는 멀티테넌시에서 리소스 경합을 어떻게 막는지 묻습니다.실무에서는 LimitRange와 함께 기본 requests/limits를 강제하기도 합니다.즉 목적은 “노이즈 이웃(noisy neighbor) 방지”입니다.		특정 팀의 과다 사용으로 전체가 흔들리는 것을 막기 위해	TRUE	Git 태그를 자동 생성하기 위해	FALSE	이미지 레이어를 줄이기 위해	FALSE	DNS TTL을 늘리기 위해	FALSE	devops	kubernetes	quota	multitenant
Q290	Node Affinity vs Taints		DevOps / Cloud - 컨테이너	63	CHOICE	HARD	특정 워크로드를 “전용 노드풀”에 강제 배치하려 할 때, 가장 강력한 조합으로 적절한 것은?	node affinity는 선호/필수 조건으로 노드 선택을 유도합니다.taints/tolerations는 허용되지 않으면 배치 자체를 막아 더 강력합니다.면접에서는 스케줄링 제어 수단을 비교해 질문합니다.실무에서는 민감 워크로드는 taint로 보호하고, toleration을 가진 파드만 들어가게 합니다.즉 taint+toleration이 강제력이 높고 affinity로 세밀 제어합니다.		Taints/Tolerations + node affinity를 함께 사용	TRUE	Git rebase + squash	FALSE	CDN 캐시 + 해시 파일명	FALSE	README + 주석	FALSE	devops	kubernetes	scheduling	taints
Q291	IaC에서 Secrets 분리		DevOps / Cloud - IaC	65	CHOICE	HARD	IaC 코드에 시크릿을 직접 넣지 않으려는 가장 중요한 이유로 적절한 것은?	코드 저장소는 접근자가 많고, 히스토리에 영구히 남을 수 있습니다.노출되면 회수/회전 비용이 커지고, 규정 위반이 될 수 있습니다.면접에서는 시크릿 관리(KMS/Secret Manager)와 IaC 분리를 질문합니다.실무에서는 시크릿은 전용 스토어에 두고, IaC는 참조만 합니다.즉 ‘영구 노출’ 위험이 핵심입니다.		저장소 히스토리에 남아 영구 노출 위험이 커서	TRUE	Git 충돌이 줄어서	FALSE	Pod IP가 고정돼서	FALSE	CDN TTL이 늘어서	FALSE	devops	iac	secrets	governance
Q292	Terraform Drift와 Auto-heal 위험		DevOps / Cloud - IaC	65	CHOICE	HARD	IaC에서 드리프트 자동 수복(auto-heal)을 무조건 켜기 어려운 대표 이유로 적절한 것은?	긴급 조치(수동 변경)가 즉시 되돌려져 장애 대응을 방해할 수 있습니다.또한 일부 변경은 클라우드 서비스가 자동으로 하는 것(오토스케일 등)이라 오탐이 발생할 수 있습니다.면접에서는 auto-heal 정책을 어떻게 잡는지 질문할 수 있습니다.실무에서는 금지 변경만 자동 롤백하고, 나머지는 알림으로 처리하기도 합니다.즉 자동화는 강력하지만 운영 현실과 충돌할 수 있습니다.		긴급 수동 조치까지 되돌려 대응을 방해할 수 있어서	TRUE	Git 태그가 자동 생성돼서	FALSE	이미지 레이어가 줄어서	FALSE	DNS TTL이 짧아서	FALSE	devops	iac	drift	autoheal
Q293	분산 트랜잭션 대안(Outbox)		DevOps / Cloud - 클라우드 서비스	64	CHOICE	HARD	DB 업데이트와 이벤트 발행을 “원자적으로 보장”하려는 경우, 분산 환경에서 자주 쓰는 패턴으로 적절한 것은?	서비스가 DB를 쓰고 메시지를 발행할 때, 한쪽만 성공하면 불일치가 생깁니다.트랜잭션 아웃박스(outbox)는 DB 트랜잭션 안에 이벤트를 기록하고, 별도 프로세스가 이를 발행합니다.면접에서는 exactly-once effect를 어떻게 달성하는지 질문할 수 있습니다.실무에서는 중복 발행 대비 멱등 소비도 함께 설계합니다.즉 outbox는 “원자적 기록 + 비동기 발행” 패턴입니다.		트랜잭션 아웃박스(Outbox) 패턴	TRUE	Git submodule	FALSE	PodDisruptionBudget	FALSE	CDN cache busting	FALSE	devops	distributed	outbox	messaging
Q294	Exactly-once vs Effect		DevOps / Cloud - 클라우드 서비스	64	CHOICE	HARD	메시징에서 “exactly-once”가 어렵다고 말할 때, 실무에서 더 현실적인 목표는?	분산 시스템에서 진짜 exactly-once 전달은 비용과 복잡도가 큽니다.그래서 실무에서는 at-least-once + 멱등 소비로 exactly-once effect에 가깝게 만듭니다.면접에서는 전달 보장과 소비자 설계를 함께 묻습니다.실무에서는 dedup 키, 상태 저장, 트랜잭션 패턴으로 효과를 보장합니다.즉 목표는 ‘효과’의 중복을 막는 것입니다.		멱등 처리로 exactly-once effect를 달성	TRUE	Git 태그를 더 자주 찍기	FALSE	Pod IP를 고정하기	FALSE	이미지 레이어를 줄이기	FALSE	devops	messaging	idempotency	exactly_once
Q295	Circuit Breaker 튜닝		DevOps / Cloud - 클라우드 서비스	64	CHOICE	HARD	서킷 브레이커가 “너무 자주 열려서” 정상 트래픽도 막는다. 가장 먼저 조정해볼 설정으로 적절한 것은?	서킷 브레이커는 실패율/지연 임계치와 관측 윈도우로 동작합니다.임계치가 낮거나 윈도우가 짧으면 작은 스파이크에도 열린 상태가 됩니다.면접에서는 서킷 브레이커 튜닝 포인트를 질문할 수 있습니다.실무에서는 타임아웃/재시도 정책과 함께 조정해야 효과가 안정적입니다.즉 실패율 임계치와 관측 윈도우 조정이 우선입니다.		실패율 임계치와 관측 윈도우를 완화한다	TRUE	Git rebase를 한다	FALSE	DNS TTL을 늘린다	FALSE	이미지 digest를 고정한다	FALSE	devops	resilience	circuit_breaker	tuning
Q296	Timeout 우선순위		DevOps / Cloud - 클라우드 서비스	64	CHOICE	HARD	분산 호출에서 타임아웃을 “무조건 짧게” 잡는 것이 위험한 이유로 적절한 것은?	타임아웃이 너무 짧으면 정상 요청도 실패로 처리되어 재시도가 폭증할 수 있습니다.이로 인해 더 큰 부하와 장애를 유발하는 자기증폭 패턴이 생깁니다.면접에서는 타임아웃과 재시도의 상호작용을 질문합니다.실무에서는 타임아웃은 SLO, 네트워크 특성, 다운스트림 타임아웃보다 짧게 계층적으로 설계합니다.즉 ‘짧게’가 아니라 ‘계층적으로 합리적으로’가 핵심입니다.		정상 요청까지 실패로 만들어 재시도 폭주를 유발할 수 있어서	TRUE	Git 충돌이 줄어서	FALSE	Pod IP가 고정돼서	FALSE	CDN 비용이 줄어서	FALSE	devops	reliability	timeout	retry
Q297	큐 적체와 소비자 스케일링		DevOps / Cloud - 클라우드 서비스	64	CHOICE	HARD	메시지 큐 적체가 심한데 소비자 확장만 늘려도 해결이 안 된다. 가장 가능성 높은 원인으로 적절한 것은?	소비자를 늘려도 DB/외부 API 같은 다운스트림 병목이 있으면 처리량이 안 늘 수 있습니다.또한 순서 보장 파티션, 락 경합, 단일 샤드 제약이 있을 수도 있습니다.면접에서는 병목 추론을 HARD로 묻습니다.실무에서는 소비자만 늘리기 전에 다운스트림 용량과 병렬성 한계를 먼저 확인합니다.즉 병목은 다른 곳일 수 있습니다.		다운스트림(DB/외부 API) 병목이나 병렬성 제약이 있다	TRUE	Git 태그가 없어서	FALSE	README가 길어서	FALSE	이미지 레이어가 많아서	FALSE	devops	messaging	throughput	bottleneck
Q298	비용 기반 오토스케일링 한계		DevOps / Cloud - 클라우드 서비스	64	CHOICE	HARD	“비용을 기준으로” 오토스케일을 직접 제어하기 어려운 대표 이유로 적절한 것은?	비용은 지표가 지연되고(청구 집계), 시스템 부하와 직접적인 실시간 상관이 약할 수 있습니다.따라서 비용은 사후 최적화/예산 알림에 적합하고, 스케일링은 CPU/RPS/큐 길이 같은 실시간 지표가 더 적합합니다.면접에서는 비용과 성능 지표의 차이를 질문할 수 있습니다.실무에서는 예산 경보로 상한을 두고, 지표 기반 스케일링을 합니다.즉 비용은 실시간 제어 지표로 부적합한 경우가 많습니다.		비용 지표는 지연되고 실시간 부하와 직접 연결이 약해서	TRUE	Git rebase가 느려서	FALSE	Pod IP가 바뀌어서	FALSE	이미지 레이어가 커서	FALSE	cloud	autoscaling	cost	metrics
Q299	GitOps와 Secret 전달		DevOps / Cloud - CI/CD	62	CHOICE	HARD	GitOps에서 시크릿을 “그대로 Git에 넣지 않고” 운영하는 가장 일반적인 방식으로 적절한 것은?	Git은 공개/공유 범위가 넓어 시크릿을 평문으로 넣기 위험합니다.따라서 Sealed Secrets, External Secrets(Secret Manager 연동), 암호화된 시크릿 파일 등으로 운영합니다.면접에서는 GitOps에서 시크릿을 어떻게 다루는지 질문이 자주 나옵니다.실무에서는 키 관리와 복구 절차까지 포함해 설계해야 합니다.즉 “Git에는 암호화/참조만, 평문 금지”가 정석입니다.		External Secrets 또는 Sealed Secrets로 암호화/참조만 Git에 둔다	TRUE	시크릿을 README에 적는다	FALSE	latest 태그만 쓴다	FALSE	Git stash로 숨긴다	FALSE	devops	gitops	secrets	security
Q300	운영 변경 감시(CloudTrail 등)		DevOps / Cloud - 클라우드 서비스	64	CHOICE	HARD	클라우드 감사 로그로 “위험한 변경(예: 보안그룹 0.0.0.0/0 오픈)”을 빠르게 감지하려면 가장 적절한 조합은?	감사 로그는 변경 추적이지만, 실시간 감지는 별도 규칙/알림이 필요합니다.이벤트 규칙(EventBridge 등)과 알림(SNS/Slack)으로 위험 패턴을 감지합니다.면접에서는 감사 로그를 “운영 경보”로 확장하는 설계를 질문합니다.실무에서는 정책 위반 감지와 자동 수정(람다)까지 연결하기도 합니다.즉 “로그 + 이벤트 규칙 + 알림”이 조합입니다.		감사 로그 이벤트 규칙으로 패턴 감지 후 알림을 보낸다	TRUE	Git 태그를 삭제한다	FALSE	Pod IP를 고정한다	FALSE	이미지 레이어를 줄인다	FALSE	cloud	security	audit	alerting
Q301	Git(깃)		DevOps / Cloud - 버전 관리	61	OX	EASY	Git은 분산 버전 관리 시스템(DVCS)이다.	Git은 각 개발자가 로컬 저장소에 전체 히스토리를 가지고 작업하는 분산 버전 관리 시스템입니다. 중앙 서버가 없어도 커밋과 브랜치 작업이 가능하다는 점이 핵심입니다. 면접에서는 SVN 같은 중앙집중형과 어떤 차이가 있는지 자주 묻습니다. 실무에서는 네트워크가 불안정해도 로컬에서 커밋을 쌓고 나중에 push할 수 있어 생산성이 좋습니다. 다만 히스토리 관리(merge, rebase) 규칙을 팀에서 정하지 않으면 충돌과 혼란이 커질 수 있습니다.		O	TRUE	X	FALSE					devops	git	version_control	
Q302	커밋(Commit)		DevOps / Cloud - 버전 관리	61	OX	EASY	커밋은 변경 사항을 저장소 히스토리에 기록하는 단위다.	커밋은 파일 변경을 하나의 스냅샷으로 저장하고, 메시지와 함께 히스토리에 남기는 기본 단위입니다. 커밋을 잘게 쪼개면 변경 추적과 롤백이 쉬워집니다. 면접에서는 커밋이 왜 중요한지, 커밋 메시지 규칙을 어떻게 가져가는지 질문이 나올 수 있습니다. 실무에서는 기능 단위로 커밋을 나누고, 의미 있는 메시지를 남기는 습관이 협업 품질을 크게 올립니다. 너무 큰 커밋은 리뷰와 디버깅을 어렵게 만드는 대표 원인입니다.		O	TRUE	X	FALSE					devops	git	commit	
Q303	브랜치(Branch)		DevOps / Cloud - 버전 관리	61	OX	EASY	브랜치는 독립적으로 작업할 수 있는 코드 분기(라인)이다.	브랜치는 기존 히스토리에서 분기해 별도의 작업 흐름을 만들 수 있게 해주는 기능입니다. 기능 개발, 버그 수정, 실험 등을 안전하게 진행할 수 있습니다. 면접에서는 브랜치를 왜 쓰는지, main/dev 전략을 어떻게 운영하는지 묻습니다. 실무에서는 기능 브랜치에서 작업 후 PR로 병합하고, 브랜치 보호 규칙으로 품질을 관리합니다. 브랜치를 너무 오래 유지하면 충돌이 커지므로 짧은 주기로 병합하는 습관이 중요합니다.		O	TRUE	X	FALSE					devops	git	branch	
Q304	머지(Merge)		DevOps / Cloud - 버전 관리	61	OX	EASY	머지는 서로 다른 브랜치의 변경 사항을 합치는 작업이다.	머지는 두 브랜치의 변경을 하나의 히스토리로 결합하는 작업입니다. 협업에서 각자의 작업을 main/dev로 합칠 때 필수입니다. 면접에서는 merge commit과 fast-forward의 차이를 물을 수 있습니다. 실무에서는 충돌(conflict)이 나면 어떤 파일이 어느 쪽 변경을 반영해야 하는지 맥락을 이해하고 해결해야 합니다. 병합 전에 테스트와 코드 리뷰를 거치면 운영 사고를 줄일 수 있습니다.		O	TRUE	X	FALSE					devops	git	merge	
Q305	풀 리퀘스트(PR)		DevOps / Cloud - 버전 관리	61	OX	EASY	PR은 코드 변경을 리뷰하고 병합하기 위한 협업 절차다.	PR은 변경 내용을 팀에 공개하고 리뷰를 받은 뒤 병합하도록 돕는 프로세스입니다. 코드 품질, 보안, 스타일 일관성을 확보하는 데 중요합니다. 면접에서는 PR 기반 협업 경험과 리뷰 문화에 대해 질문할 수 있습니다. 실무에서는 PR 템플릿, CI 통과 조건, 승인자 규칙(CODEOWNERS) 등을 통해 품질 게이트를 운영합니다. PR을 작게 유지하면 리뷰 속도가 빨라지고 충돌도 줄어듭니다.		O	TRUE	X	FALSE					devops	git	pr	collaboration
Q306	CI(지속적 통합)		DevOps / Cloud - CI/CD	62	OX	EASY	CI는 코드 변경을 자주 통합하고 자동 빌드/테스트로 품질을 확인하는 방식이다.	CI는 개발자가 자주 코드를 통합하고, 빌드와 테스트를 자동으로 실행해 문제를 빨리 발견하는 문화/체계입니다. 작은 변경을 자주 올리면 충돌이 줄고, 버그가 빨리 발견됩니다. 면접에서는 CI와 CD의 차이를 기본으로 물어보는 경우가 많습니다. 실무에서는 PR마다 테스트를 돌리고, 린트/정적 분석까지 포함해 품질 게이트로 사용합니다. CI가 느리면 개발 흐름이 막히므로 테스트 전략과 캐시 최적화도 중요합니다.		O	TRUE	X	FALSE					devops	cicd	ci	testing
Q307	CD(지속적 배포)		DevOps / Cloud - CI/CD	62	OX	EASY	CD는 빌드된 결과물을 자동으로 배포까지 이어지게 하는 방식이다.	CD는 통합된 코드를 빌드/검증한 뒤, 운영(또는 스테이징) 환경에 배포하는 과정을 자동화하는 개념입니다. 조직에 따라 CD를 ‘지속적 전달(Deploy 준비)’로 쓰기도 하지만, 여기서는 배포 자동화로 이해하면 됩니다. 면접에서는 CI와 CD를 구분해 설명하는지 자주 봅니다. 실무에서는 배포 전 승인 단계, 점진적 배포(카나리/블루그린) 같은 안전장치가 같이 붙습니다. 자동화는 빠르지만, 가드레일이 없으면 사고도 빨라지므로 정책이 중요합니다.		O	TRUE	X	FALSE					devops	cicd	cd	deployment
Q308	파이프라인(Pipeline)		DevOps / Cloud - CI/CD	62	OX	EASY	파이프라인은 빌드 테스트 배포 같은 단계를 자동으로 연결한 흐름이다.	파이프라인은 코드 변경이 들어왔을 때 어떤 순서로 검증하고 배포할지 정의한 자동화 흐름입니다. 일반적으로 빌드, 테스트, 보안 스캔, 배포 단계로 구성됩니다. 면접에서는 파이프라인이 왜 필요한지, 실패 시 어떻게 대응하는지 묻습니다. 실무에서는 단계별로 캐시, 병렬 실행, 승인 게이트를 넣어 속도와 안정성을 조절합니다. 파이프라인 정의 자체도 코드로 관리하면 재현성과 감사가 좋아집니다.		O	TRUE	X	FALSE					devops	cicd	pipeline	automation
Q309	Docker(도커)		DevOps / Cloud - 컨테이너	63	OX	EASY	Docker는 애플리케이션을 컨테이너로 패키징해 실행하게 해준다.	Docker는 애플리케이션과 의존성을 함께 묶어 컨테이너로 실행하는 대표 기술입니다. 환경 차이로 인한 “내 컴퓨터에선 되는데요” 문제를 줄이는 데 큰 역할을 합니다. 면접에서는 VM과 컨테이너 차이를 자주 질문합니다. 실무에서는 이미지 버전 관리와 배포 일관성이 좋아지지만, 이미지에 시크릿을 넣거나 권한을 과하게 주면 보안 문제가 생길 수 있습니다. 기본 개념과 함께 보안/운영 포인트까지 같이 기억해두면 좋습니다.		O	TRUE	X	FALSE					devops	container	docker	
Q310	컨테이너(Container)		DevOps / Cloud - 컨테이너	63	OX	EASY	컨테이너는 호스트 OS 커널을 공유하면서 격리된 실행 환경을 제공한다.	컨테이너는 가상화처럼 보이지만, 보통 호스트 OS의 커널을 공유하고 프로세스 격리를 통해 동작합니다. 그래서 VM보다 가볍고 빠르게 뜨는 장점이 있습니다. 면접에서는 커널 공유가 의미하는 보안/격리 한계를 질문할 수 있습니다. 실무에서는 네임스페이스, cgroups 같은 개념이 바탕이 되며, 리소스 제한을 제대로 설정하지 않으면 한 컨테이너가 자원을 독점할 수 있습니다. 즉 장점(경량)과 주의점(격리 한계)을 같이 이해해야 합니다.		O	TRUE	X	FALSE					devops	container	isolation	
Q311	이미지(Image)		DevOps / Cloud - 컨테이너	63	OX	EASY	컨테이너 이미지는 실행 환경을 만들기 위한 읽기 전용 템플릿이다.	이미지는 컨테이너를 만들기 위한 ‘설계도’ 같은 것으로, 애플리케이션과 라이브러리, 설정이 포함됩니다. 컨테이너는 이미지 위에 writable layer가 붙어 실행됩니다. 면접에서는 이미지와 컨테이너의 차이를 기본으로 묻습니다. 실무에서는 이미지 태그를 latest로 두면 재현성이 깨질 수 있어 버전 태그나 digest pinning을 쓰는 경우가 많습니다. 또한 이미지가 커지면 배포 속도가 느려지니 최소화 전략도 중요합니다.		O	TRUE	X	FALSE					devops	container	image	
Q312	레지스트리(Registry)		DevOps / Cloud - 컨테이너	63	OX	EASY	레지스트리는 컨테이너 이미지를 저장하고 배포하는 저장소다.	레지스트리는 Docker Hub 같은 공개 저장소 또는 사내 프라이빗 레지스트리처럼 이미지를 보관하는 곳입니다. CI에서 빌드한 이미지를 레지스트리에 push하고, 서버나 클러스터가 pull해서 실행합니다. 면접에서는 레지스트리가 배포 흐름에서 어떤 위치인지 질문할 수 있습니다. 실무에서는 운영 레지스트리에 대한 push 권한을 제한하고, 서명/스캔으로 공급망 보안을 강화합니다. 즉 레지스트리는 배포의 ‘허브’이므로 접근 통제가 중요합니다.		O	TRUE	X	FALSE					devops	container	registry	
Q313	Kubernetes(쿠버네티스)		DevOps / Cloud - 컨테이너	63	OX	EASY	Kubernetes는 컨테이너 배포와 확장 관리를 자동화하는 오케스트레이션 도구다.	Kubernetes는 여러 서버(노드)에 컨테이너를 배치하고, 장애 복구와 스케일링을 자동화해주는 오케스트레이션 플랫폼입니다. 선언형 매니페스트로 원하는 상태를 정의하면 클러스터가 그 상태로 수렴합니다. 면접에서는 Kubernetes를 왜 쓰는지, Docker와의 관계를 기본으로 묻습니다. 실무에서는 설정이 복잡할 수 있어 표준화된 템플릿과 관측(모니터링/로깅)이 중요합니다. 또한 리소스 requests/limits를 잘못 잡으면 불안정해질 수 있습니다.		O	TRUE	X	FALSE					devops	kubernetes	container	orchestration
Q314	오토스케일링(Auto Scaling)		DevOps / Cloud - 클라우드 서비스	64	OX	EASY	오토스케일링은 트래픽 변화에 따라 인스턴스 수를 자동으로 늘리거나 줄이는 기능이다.	오토스케일링은 부하가 늘면 인스턴스를 확장하고, 줄면 축소해 비용과 성능을 균형 있게 맞추는 기능입니다. 면접에서는 스케일 업/아웃의 차이와 오토스케일링 지표(CPU, RPS 등)를 질문할 수 있습니다. 실무에서는 너무 민감한 스케일링 정책은 흔들림을 만들고, 너무 둔감하면 장애를 유발할 수 있어 튜닝이 필요합니다. 또한 스케일링이 빨리 되지 않는 워크로드는 워밍업 시간이 고려돼야 합니다. 즉 자동화지만 설계가 중요합니다.		O	TRUE	X	FALSE					cloud	autoscaling	devops	
Q315	로드 밸런서(Load Balancer)		DevOps / Cloud - 클라우드 서비스	64	OX	EASY	로드 밸런서는 여러 서버에 트래픽을 분산해 가용성과 성능을 높인다.	로드 밸런서는 들어오는 요청을 여러 서버로 나눠 보내 한 대에 부하가 몰리지 않게 합니다. 서버 한 대가 장애가 나도 다른 서버로 우회할 수 있어 가용성이 올라갑니다. 면접에서는 L4/L7 차이와 헬스체크 개념을 기본으로 묻습니다. 실무에서는 세션 고정, 타임아웃, 헬스체크 경로 설정이 잘못되면 장애가 커질 수 있습니다. 또한 TLS 종료 위치(로드밸런서 vs 앱)도 보안과 성능에 영향을 줍니다.		O	TRUE	X	FALSE					cloud	networking	load_balancer	devops
Q316	객체 스토리지(Object Storage)		DevOps / Cloud - 클라우드 서비스	64	OX	EASY	객체 스토리지는 파일을 객체 단위로 저장하고 HTTP 기반으로 접근하는 경우가 많다.	객체 스토리지는 파일을 ‘객체’로 저장하고, URL/HTTP API로 접근하는 형태가 대표적입니다. 대용량 정적 파일, 백업, 로그 아카이빙 등에 자주 쓰입니다. 면접에서는 블록/파일/객체 스토리지 차이를 기본으로 질문할 수 있습니다. 실무에서는 퍼블릭 접근 권한을 잘못 열면 데이터 유출이 생길 수 있어 권한과 버킷 정책이 중요합니다. 또한 버전닝과 라이프사이클 정책으로 비용을 최적화하기도 합니다. 즉 단순 저장소가 아니라 운영 정책이 핵심입니다.		O	TRUE	X	FALSE					cloud	storage	object_storage	devops
Q317	IaC(Infrastructure as Code)		DevOps / Cloud - IaC	65	OX	EASY	IaC는 인프라 구성을 코드로 정의해 재현 가능하게 만드는 방식이다.	IaC는 서버, 네트워크, 보안 그룹 같은 인프라를 클릭으로 만드는 대신 코드로 선언해 동일하게 재현할 수 있게 합니다. 변경 이력이 남고 리뷰/승인이 가능해 운영 안정성이 좋아집니다. 면접에서는 IaC를 왜 쓰는지, 수동 작업 대비 장점을 자주 묻습니다. 실무에서는 코드와 실제 인프라가 어긋나는 드리프트를 관리해야 하고, state/권한 관리 같은 보안 포인트가 있습니다. 따라서 IaC는 자동화 도구이면서 동시에 거버넌스 도구입니다.		O	TRUE	X	FALSE					devops	iac	terraform	
Q318	선언형(Declarative) 설정		DevOps / Cloud - IaC	65	OX	EASY	선언형 설정은 원하는 최종 상태를 적으면 시스템이 그 상태로 맞추도록 돕는다.	선언형은 “어떻게 할지”보다 “무엇이 되어야 하는지”를 기술하는 방식입니다. Kubernetes 매니페스트나 Terraform이 대표 예시입니다. 면접에서는 선언형 vs 명령형 차이를 기본으로 질문할 수 있습니다. 실무에서는 선언형이 재현성과 자동화를 높이지만, 내부에서 어떤 변경이 일어나는지 이해하지 못하면 예기치 않은 변경에 놀랄 수 있습니다. 따라서 plan/preview로 변경 내용을 확인하는 습관이 중요합니다. 즉 편하지만 통제/검증이 함께 가야 합니다.		O	TRUE	X	FALSE					devops	iac	declarative	
Q319	클라우드 리전(Region)		DevOps / Cloud - 클라우드 서비스	64	OX	EASY	리전은 지리적으로 분리된 클라우드 데이터센터 묶음이다.	리전은 특정 국가/지역에 위치한 데이터센터 집합으로, 지리적 장애 격리의 단위입니다. 같은 리전 안에 여러 AZ(가용영역)가 존재하는 경우가 많습니다. 면접에서는 리전과 AZ 차이를 기본으로 자주 묻습니다. 실무에서는 지연(latency), 법적 규제(데이터 거버넌스), 비용, DR 전략을 고려해 리전을 선택합니다. 또한 멀티 리전은 복잡도와 비용이 올라가므로 요구사항에 맞는 수준을 선택하는 게 중요합니다. 즉 리전은 설계의 출발점입니다.		O	TRUE	X	FALSE					cloud	region	availability	devops
Q320	가용영역(AZ)		DevOps / Cloud - 클라우드 서비스	64	OX	EASY	AZ는 같은 리전 내에서 물리적으로 분리된 데이터센터 단위다.	AZ는 같은 리전 안에 있지만 전력/네트워크/물리 인프라가 분리된 데이터센터 묶음입니다. 한 AZ가 장애 나도 다른 AZ로 서비스를 유지할 수 있게 설계합니다. 면접에서는 Multi-AZ가 왜 필요한지, 어떤 장애를 커버하는지 질문이 나옵니다. 실무에서는 DB를 Multi-AZ로 구성하거나, 로드밸런서 뒤에 여러 AZ 인스턴스를 두는 방식이 흔합니다. 다만 AZ를 늘리면 비용과 운영 복잡도도 늘 수 있어 균형이 필요합니다. 즉 AZ는 가용성 확보의 기본 단위입니다.		O	TRUE	X	FALSE					cloud	az	availability	devops
Q321	태그(Tag)		DevOps / Cloud - 버전 관리	61	OX	EASY	Git 태그는 특정 커밋을 버전이나 릴리즈 시점으로 표시하는 데 사용된다.	Git 태그는 특정 커밋을 가리키는 ‘표식’으로, 릴리즈 버전을 남길 때 자주 사용합니다. 브랜치와 달리 태그는 보통 고정된 지점을 의미합니다. 면접에서는 태그와 브랜치의 차이를 기본으로 물을 수 있습니다. 실무에서는 v1.2.0 같은 버전 태그로 배포 추적성을 확보하고, 어떤 코드가 운영에 나갔는지 빠르게 확인합니다. 태그를 일관된 규칙으로 관리하면 릴리즈 노트 작성과 롤백에도 도움이 됩니다.		O	TRUE	X	FALSE					devops	git	tag	release
Q322	리베이스(Rebase)		DevOps / Cloud - 버전 관리	61	OX	EASY	Git rebase는 커밋 히스토리를 재정렬하거나 깔끔하게 만드는 데 사용될 수 있다.	rebase는 커밋을 다른 베이스 위로 다시 적용해 히스토리를 선형으로 정리할 때 자주 사용합니다. 면접에서는 merge와의 차이, rebase가 히스토리를 바꾼다는 점을 알고 있는지 확인합니다. 실무에서는 공개된 브랜치(공유 브랜치)에 rebase를 하면 다른 사람 히스토리가 꼬일 수 있어 주의가 필요합니다. 개인 브랜치에서 정리 후 PR 올리기 전에 사용하는 패턴이 흔합니다. 즉 편리하지만 사용 범위를 잘 정해야 합니다.		O	TRUE	X	FALSE					devops	git	rebase	history
Q323	충돌(Conflict)		DevOps / Cloud - 버전 관리	61	OX	EASY	Git 충돌은 같은 파일의 같은 부분을 서로 다른 변경으로 수정했을 때 주로 발생한다.	충돌은 Git이 자동으로 병합할 수 없는 변경이 생겼을 때 발생합니다. 보통 같은 파일의 같은 라인을 서로 다르게 수정한 경우가 대표적입니다. 면접에서는 충돌이 왜 생기고 어떻게 해결하는지 기본으로 묻습니다. 실무에서는 변경을 자주 병합하고, 큰 리팩터링은 팀과 타이밍을 맞추면 충돌 비용을 줄일 수 있습니다. 충돌 해결 후에는 반드시 빌드/테스트를 돌려 기능이 깨지지 않았는지 확인해야 합니다.		O	TRUE	X	FALSE					devops	git	conflict	collaboration
Q324	브랜치 보호(Protected Branch)		DevOps / Cloud - 버전 관리	61	OX	EASY	Protected branch 설정으로 main 브랜치에 직접 push를 제한할 수 있다.	브랜치 보호 규칙은 중요한 브랜치(main, release 등)에 직접 push를 막고 PR로만 병합되게 하는 기능입니다. 면접에서는 코드 품질을 어떻게 강제하는지 질문할 때 자주 등장합니다. 실무에서는 PR 승인, CI 통과, 리뷰어 수 같은 조건을 함께 걸어 품질 게이트로 사용합니다. 이를 통해 급한 실수로 운영 브랜치가 깨지는 사고를 크게 줄일 수 있습니다. 다만 너무 엄격하면 개발 속도가 느려질 수 있어 팀 규모와 상황에 맞게 조정합니다.		O	TRUE	X	FALSE					devops	git	governance	protected_branch
Q325	린트(Lint)		DevOps / Cloud - CI/CD	62	OX	EASY	CI 파이프라인에 린트(lint)를 포함하면 코드 스타일과 잠재 오류를 자동으로 점검할 수 있다.	린트는 코드 스타일 규칙과 흔한 실수를 자동으로 잡아주는 도구입니다. CI에 넣으면 사람이 놓치기 쉬운 품질 문제를 PR 단계에서 차단할 수 있습니다. 면접에서는 린트와 테스트의 역할 차이를 물어볼 수 있습니다. 실무에서는 포맷터와 린트를 함께 쓰면 리뷰가 ‘로직’에 집중되어 효율이 올라갑니다. 다만 규칙이 과하면 개발자 반발이 생길 수 있어 팀 합의와 점진 적용이 중요합니다.		O	TRUE	X	FALSE					devops	cicd	lint	quality
Q326	빌드(Build)		DevOps / Cloud - CI/CD	62	OX	EASY	빌드는 소스 코드를 실행 가능한 산출물(바이너리, 패키지, 이미지 등)로 만드는 과정이다.	빌드는 코드와 의존성을 컴파일/패키징해 실행 가능한 형태로 만드는 과정입니다. 자바는 jar, 프론트는 번들, 컨테이너는 이미지가 대표 산출물입니다. 면접에서는 빌드와 배포의 차이를 기본으로 묻습니다. 실무에서는 동일 커밋이 동일 산출물을 만들도록(재현 가능한 빌드) 의존성 버전을 고정하는 것이 중요합니다. 빌드 과정이 느리면 개발 흐름이 막히므로 캐시와 병렬화도 고려합니다.		O	TRUE	X	FALSE					devops	cicd	build	artifact
Q327	아티팩트(Artifact)		DevOps / Cloud - CI/CD	62	OX	EASY	아티팩트는 빌드 결과로 생성되는 산출물을 의미한다.	아티팩트는 빌드 파이프라인이 만들어내는 결과물로, jar, zip, docker 이미지 등이 포함됩니다. 면접에서는 CI/CD에서 아티팩트가 어디에 저장되고 어떻게 배포되는지 질문할 수 있습니다. 실무에서는 아티팩트를 레지스트리/아티팩트 저장소에 보관하고, 운영 배포는 승인된 아티팩트만 사용하도록 통제하면 안전합니다. 또한 아티팩트 버전과 커밋 해시를 연결해 추적성을 확보합니다. 즉 아티팩트 관리는 배포 신뢰성의 핵심입니다.		O	TRUE	X	FALSE					devops	cicd	artifact	release
Q328	롤백(Rollback)		DevOps / Cloud - CI/CD	62	OX	EASY	롤백은 문제가 생겼을 때 이전 버전으로 되돌리는 배포 전략이다.	롤백은 장애나 심각한 버그가 발생했을 때 빠르게 이전 안정 버전으로 되돌리는 대응 방식입니다. 면접에서는 롤백이 왜 중요한지, 어떤 상황에서 롤포워드(수정 배포)와 선택하는지 묻습니다. 실무에서는 배포 버전 관리(태그/릴리즈)와 자동화가 잘 되어 있어야 롤백이 빠르게 가능합니다. DB 스키마 변경이 동반되면 롤백이 어려울 수 있어, 호환 가능한 마이그레이션 전략이 필요합니다. 즉 롤백은 준비된 팀만 빠르게 할 수 있습니다.		O	TRUE	X	FALSE					devops	deployment	rollback	release
Q329	환경 변수(Environment Variable)		DevOps / Cloud - 컨테이너	63	OX	EASY	컨테이너 실행 시 환경 변수를 통해 설정 값을 주입할 수 있다.	컨테이너는 이미지 자체는 동일하게 두고, 실행 시점에 환경 변수로 설정을 바꿔주는 패턴이 흔합니다. 예를 들어 DB URL, 포트, 기능 플래그 같은 값을 환경 변수로 전달합니다. 면접에서는 설정을 코드에 하드코딩하지 말라는 원칙(12-factor)을 연결해 질문할 수 있습니다. 실무에서는 환경 변수에 시크릿을 넣을 때 로그 노출 위험이 있어 주의가 필요합니다. 따라서 시크릿은 전용 시크릿 스토어를 쓰거나 마스킹 규칙을 함께 둡니다.		O	TRUE	X	FALSE					devops	container	config	env
Q330	포트 매핑(Port Mapping)		DevOps / Cloud - 컨테이너	63	OX	EASY	Docker에서 포트 매핑을 하면 컨테이너 내부 포트를 호스트 포트로 노출할 수 있다.	포트 매핑은 컨테이너 내부에서 열려 있는 포트를 호스트(또는 외부)에서 접근할 수 있도록 연결하는 기능입니다. 예를 들어 8080:80 형태로 많이 사용합니다. 면접에서는 컨테이너 네트워크 기초 질문으로 나올 수 있습니다. 실무에서는 포트를 무분별하게 열면 보안 위험이 커지므로 필요한 포트만 노출하는 것이 좋습니다. 또한 쿠버네티스 환경에서는 Service/Ingress 같은 리소스로 노출을 관리합니다. 즉 노출 방식이 환경에 따라 달라집니다.		O	TRUE	X	FALSE					devops	container	networking	port
Q331	로깅(Logging)		DevOps / Cloud - 클라우드 서비스	64	OX	EASY	운영에서 로그는 장애 원인 분석과 모니터링에 중요한 데이터다.	로그는 애플리케이션이 어떤 일을 했는지 남기는 기록으로, 장애 분석의 핵심 재료입니다. 면접에서는 로그 레벨(INFO, WARN, ERROR)과 어떤 정보를 남겨야 하는지 질문할 수 있습니다. 실무에서는 민감정보(비밀번호, 토큰)를 로그에 남기면 사고로 이어질 수 있어 마스킹이 필수입니다. 또한 로그가 너무 많으면 비용이 폭증하므로 레벨 정책과 샘플링, 보관 기간 정책을 함께 운영합니다. 즉 ‘중요하지만 관리가 필요한 데이터’입니다.		O	TRUE	X	FALSE					devops	logging	observability	cloud
Q332	모니터링(Monitoring)		DevOps / Cloud - 클라우드 서비스	64	OX	EASY	모니터링은 시스템 상태 지표를 관찰하고 이상 징후를 감지하는 활동이다.	모니터링은 CPU, 메모리, 지연, 에러율 같은 지표를 수집해 시스템이 정상인지 관찰하는 활동입니다. 면접에서는 어떤 지표가 중요한지(골든 시그널: 지연, 트래픽, 에러, 포화)를 기본으로 묻기도 합니다. 실무에서는 알람이 너무 많으면 알람 피로가 생기므로 의미 있는 신호만 경보로 올리는 설계가 중요합니다. 또한 모니터링과 로깅, 트레이싱은 서로 보완 관계라 함께 운영하는 경우가 많습니다. 즉 모니터링은 운영 품질의 기본 인프라입니다.		O	TRUE	X	FALSE					devops	monitoring	metrics	cloud
Q333	SLA(Service Level Agreement)		DevOps / Cloud - 클라우드 서비스	64	OX	EASY	SLA는 서비스 제공자가 보장하는 가용성 같은 수준을 계약 형태로 정의한 것이다.	SLA는 서비스 제공자가 고객에게 보장하는 품질 기준(가용성, 지원 시간 등)을 계약으로 명시한 것입니다. 면접에서는 SLA와 SLO/SLI의 차이를 물을 수 있는데, SLA는 대외 계약이라는 점이 핵심입니다. 실무에서는 SLA를 맞추기 위해 장애 대응 체계와 DR 설계를 강화합니다. 또한 SLA 위반 시 크레딧 보상 등이 있을 수 있어 비즈니스 영향도 큽니다. 따라서 기술 지표가 곧 계약/비용과 연결된다는 점을 이해해야 합니다.		O	TRUE	X	FALSE					cloud	sla	reliability	devops
Q334	S3 같은 스토리지 접근 제어		DevOps / Cloud - 클라우드 서비스	64	OX	EASY	객체 스토리지 버킷은 권한 설정을 잘못하면 외부에 공개될 수 있다.	객체 스토리지는 접근 정책이 핵심이며, 설정 실수로 공개되면 대규모 유출 사고로 이어질 수 있습니다. 면접에서는 “퍼블릭 버킷” 사고를 예시로 권한 관리의 중요성을 물어볼 수 있습니다. 실무에서는 기본을 private로 두고, 필요 시 최소 권한 원칙으로 정책을 추가합니다. 또한 접근 로그와 알림으로 의도치 않은 공개를 빨리 감지하는 것이 좋습니다. 즉 스토리지는 기능보다 ‘권한’이 더 중요할 때가 많습니다.		O	TRUE	X	FALSE					cloud	security	storage	devops
Q335	시크릿(Secret)		DevOps / Cloud - IaC	65	OX	EASY	시크릿은 비밀번호 토큰 키 같은 민감 정보를 의미한다.	시크릿은 외부에 노출되면 계정 탈취나 데이터 유출로 이어질 수 있는 민감정보입니다. 면접에서는 시크릿을 코드나 레포에 넣으면 안 되는 이유를 자주 묻습니다. 실무에서는 Secret Manager, KMS, Kubernetes Secret 같은 전용 저장소를 사용하고 접근을 최소화합니다. 또한 로테이션(주기적 교체)과 감사 로그로 보안을 강화합니다. 시크릿은 “저장”만이 아니라 “접근/노출/교체”까지 운영이 핵심입니다.		O	TRUE	X	FALSE					security	secrets	devops	iac
Q336	Terraform(테라폼)		DevOps / Cloud - IaC	65	OX	EASY	Terraform은 인프라를 코드로 정의하고 프로비저닝하는 IaC 도구 중 하나다.	Terraform은 클라우드 리소스를 선언형 코드로 정의하고 생성/변경/삭제까지 관리하는 대표 IaC 도구입니다. 면접에서는 Terraform의 장점(재현성, 변경 이력, 자동화)을 기본으로 묻습니다. 실무에서는 상태(state) 관리가 중요하며, state 접근 권한이 약하면 민감 정보가 노출될 수 있어 주의해야 합니다. 또한 provider 버전 고정으로 예기치 않은 동작 변경을 막는 습관이 필요합니다. 즉 Terraform은 편하지만 운영 규칙이 필수인 도구입니다.		O	TRUE	X	FALSE					devops	terraform	iac	cloud
Q337	Plan(플랜)		DevOps / Cloud - IaC	65	OX	EASY	Terraform plan은 실제 적용 전에 어떤 변경이 일어날지 미리 보여준다.	plan은 apply를 하기 전에 변경 사항을 미리 계산해 보여주는 단계입니다. 면접에서는 plan과 apply의 역할 차이를 기본으로 묻습니다. 실무에서는 plan 결과를 PR에 붙여 리뷰하면 인프라 변경 사고를 줄일 수 있습니다. 다만 변수/환경이 다르면 plan 결과가 달라질 수 있어, CI에서 동일 조건으로 plan을 재현하도록 만드는 것이 중요합니다. 또한 plan을 건너뛰고 바로 apply하면 예상치 못한 삭제/교체가 발생할 수 있어 위험합니다. 즉 plan은 인프라 변경의 안전벨트입니다.		O	TRUE	X	FALSE					devops	terraform	plan	iac
Q338	상태(State)		DevOps / Cloud - IaC	65	OX	EASY	Terraform state는 관리 중인 리소스의 정보를 기록하는 파일/데이터다.	state는 Terraform이 어떤 리소스를 관리 중인지, 속성이 무엇인지 기록하는 핵심 데이터입니다. 면접에서는 state가 왜 필요한지와 보안 주의점을 질문할 수 있습니다. 실무에서는 state에 민감 정보가 포함될 수 있어 암호화와 접근 통제가 필수입니다. 또한 여러 사람이 동시에 apply하면 충돌이 날 수 있어 원격 백엔드와 락(lock) 기능을 사용합니다. 즉 state는 ‘인프라의 진실’에 가까우므로 보호해야 합니다.		O	TRUE	X	FALSE					devops	terraform	state	security
Q339	IAM(권한 관리)		DevOps / Cloud - 클라우드 서비스	64	OX	EASY	IAM은 사용자와 서비스의 접근 권한을 관리하는 체계다.	IAM은 누가 어떤 리소스에 접근할 수 있는지 정의하는 권한 관리 시스템입니다. 면접에서는 인증(Authentication)과 인가(Authorization) 차이를 기본으로 물을 수 있습니다. 실무에서는 최소 권한 원칙을 지키고, 관리자 권한을 남발하지 않도록 역할(Role) 기반으로 설계합니다. 또한 키/토큰 같은 자격 증명은 유출 위험이 있으므로 단기 토큰과 MFA를 사용하는 것이 좋습니다. 즉 IAM은 보안의 출발점이자 운영 사고의 주요 원인 지점입니다.		O	TRUE	X	FALSE					cloud	iam	security	devops
Q340	최소 권한(Least Privilege)		DevOps / Cloud - 클라우드 서비스	64	OX	EASY	최소 권한 원칙은 필요한 권한만 부여해 보안 위험을 줄이는 접근이다.	최소 권한은 계정이나 서비스에 ‘필요한 만큼만’ 권한을 주는 보안 원칙입니다. 권한이 과하면 침해 시 피해 범위가 커지고, 실수로 위험한 변경을 할 가능성도 늘어납니다. 면접에서는 최소 권한을 어떻게 적용하는지(역할 분리, 정책 분리) 질문이 나옵니다. 실무에서는 운영/개발 권한을 분리하고, 임시 권한 부여(break-glass)를 시간 제한으로 운영합니다. 또한 정기적으로 권한을 점검해 불필요 권한을 제거합니다. 즉 보안은 ‘덜 주는 것’에서 시작합니다.		O	TRUE	X	FALSE					security	least_privilege	cloud	devops
Q341	GitHub Actions(깃허브 액션)		DevOps / Cloud - CI/CD	62	OX	EASY	GitHub Actions는 CI/CD 파이프라인을 구성하는 데 사용할 수 있다.	GitHub Actions는 깃허브 저장소 이벤트(PR, push 등)를 트리거로 빌드/테스트/배포 자동화를 수행하는 CI/CD 도구입니다. 워크플로 파일로 파이프라인 단계를 선언형으로 정의할 수 있습니다. 면접에서는 Jenkins나 GitLab CI와 비교해 설명할 수 있는지 묻기도 합니다. 실무에서는 PR마다 테스트를 강제하고, 배포는 승인 게이트를 두는 식으로 안전장치를 붙입니다. 워크플로에 시크릿을 넣을 땐 최소 권한과 fork PR 시 시크릿 미주입 같은 보안 규칙이 중요합니다.		O	TRUE	X	FALSE					devops	cicd	github_actions	automation
Q342	Jenkins(젠킨스)		DevOps / Cloud - CI/CD	62	OX	EASY	Jenkins는 CI/CD 자동화를 위한 대표적인 도구 중 하나다.	Jenkins는 오래전부터 널리 쓰인 CI/CD 자동화 서버로, 다양한 플러그인을 통해 파이프라인을 구성합니다. 면접에서는 Jenkins를 써본 경험이 있는지, 파이프라인 단계 구성 경험을 물을 수 있습니다. 실무에서는 자체 호스팅이 많아 운영(업데이트, 플러그인 호환성, 보안) 부담이 생길 수 있습니다. 그래서 관리형 CI(예: GitHub Actions)와 비교해 장단점을 이해해두면 좋습니다. 결국 Jenkins는 강력하지만 운영 역량이 필요한 도구입니다.		O	TRUE	X	FALSE					devops	cicd	jenkins	pipeline
Q343	배포(Deploy)		DevOps / Cloud - CI/CD	62	OX	EASY	배포는 빌드된 결과물을 실행 환경(서버/클러스터)에 반영하는 과정이다.	배포는 아티팩트를 실제로 실행 환경에 올려 사용자에게 기능을 제공하는 단계입니다. 빌드와 배포를 구분해서 설명하는지 면접에서 자주 확인합니다. 실무에서는 배포 과정에서 설정 값이 환경별로 다르므로, 설정 주입(환경 변수/시크릿)과 롤백 전략이 중요합니다. 또한 무중단 배포를 위해 점진적 배포(카나리, 블루그린)나 헬스체크가 함께 사용됩니다. 배포 자동화는 빠르지만, 검증과 가드레일이 없으면 사고도 빨라집니다.		O	TRUE	X	FALSE					devops	deployment	cicd	release
Q344	헬스체크(Health Check)		DevOps / Cloud - 클라우드 서비스	64	OX	EASY	헬스체크는 서비스가 정상 동작하는지 확인하기 위한 점검 방식이다.	헬스체크는 서버나 컨테이너가 정상 상태인지 확인하는 방식으로, 로드밸런서나 오케스트레이터가 장애를 감지하는 데 사용합니다. 면접에서는 헬스체크와 단순한 “프로세스 살아있음”의 차이를 물을 수 있습니다. 실무에서는 DB 연결이나 외부 의존성까지 포함해 너무 무겁게 만들면, 의존성 장애 때 전체가 동시에 죽었다고 판단될 수 있어 주의가 필요합니다. 그래서 readiness와 liveness처럼 목적에 따라 분리하는 패턴이 흔합니다. 즉 헬스체크는 단순하지만 설계가 중요합니다.		O	TRUE	X	FALSE					devops	healthcheck	cloud	reliability
Q345	카나리 배포(Canary Deployment)		DevOps / Cloud - CI/CD	62	OX	EASY	카나리 배포는 일부 사용자에게만 새 버전을 먼저 배포해 위험을 줄이는 전략이다.	카나리 배포는 전체에 한 번에 배포하지 않고 일부 트래픽에 먼저 적용해 이상 여부를 확인하는 방식입니다. 면접에서는 블루그린과 비교해 장단점을 질문할 수 있습니다. 실무에서는 에러율, 지연, 사용자 지표를 관찰하고 문제가 있으면 빠르게 롤백합니다. 트래픽 분할을 위해 로드밸런서나 서비스 메시 기능을 사용하기도 합니다. 즉 카나리는 ‘안전하게 실험하며 배포하는 방법’입니다.		O	TRUE	X	FALSE					devops	deployment	canary	cicd
Q346	블루그린 배포(Blue Green)		DevOps / Cloud - CI/CD	62	OX	EASY	블루그린 배포는 두 환경을 준비해 트래픽을 한 번에 전환하는 방식이다.	블루그린은 기존 환경(Blue)과 새 환경(Green)을 동시에 준비한 뒤, 전환 시점에 트래픽을 바꾸는 배포 방식입니다. 면접에서는 ‘전환은 빠르지만 비용이 든다’는 포인트가 자주 나옵니다. 실무에서는 전환 전 그린 환경에서 스모크 테스트를 수행하고, 전환 후에도 모니터링으로 이상을 감지합니다. 다만 DB 스키마 변경이 비호환이면 공존 기간에 문제가 생길 수 있어 마이그레이션 전략이 중요합니다. 즉 인프라 여유와 데이터 호환성이 핵심입니다.		O	TRUE	X	FALSE					devops	deployment	bluegreen	cicd
Q347	IaC 코드 리뷰		DevOps / Cloud - IaC	65	OX	EASY	IaC 변경도 PR 리뷰를 거치면 운영 사고를 줄이는 데 도움이 된다.	인프라 변경은 영향 범위가 커서 작은 실수도 큰 장애로 이어질 수 있습니다. IaC를 PR로 리뷰하면 변경 이력이 남고, 여러 사람이 위험한 변경(삭제/권한 오픈 등)을 잡아낼 수 있습니다. 면접에서는 인프라 변경을 어떻게 통제하는지 질문할 때 좋은 답이 됩니다. 실무에서는 plan 결과를 PR에 붙이고, 승인된 변경만 apply하도록 파이프라인을 구성하기도 합니다. 즉 IaC는 ‘코드’이므로 코드 리뷰 문화를 그대로 적용하는 게 효과적입니다.		O	TRUE	X	FALSE					devops	iac	review	governance
Q348	Gitignore(.gitignore)		DevOps / Cloud - 버전 관리	61	OX	EASY	.gitignore는 Git 추적에서 제외할 파일/폴더 패턴을 지정한다.	.gitignore는 빌드 산출물, 로컬 설정 파일, IDE 파일처럼 저장소에 올리면 안 되는 것들을 제외하는 설정입니다. 면접에서는 왜 필요한지, 무엇을 포함하면 위험한지(예: 시크릿, 키 파일) 질문이 나올 수 있습니다. 실무에서는 환경별 설정 파일을 실수로 커밋해 사고가 나는 경우가 있어, 기본 템플릿을 잘 관리하는 것이 중요합니다. 또한 이미 커밋된 파일은 .gitignore에 넣어도 추적이 멈추지 않으니 별도 제거가 필요합니다. 즉 예방과 관리 모두 중요합니다.		O	TRUE	X	FALSE					devops	git	gitignore	security
Q349	Git stash(스태시)		DevOps / Cloud - 버전 관리	61	OX	EASY	Git stash는 커밋하지 않은 변경 사항을 임시로 저장해둘 수 있다.	stash는 작업 중인 변경을 잠시 치워두고 다른 브랜치로 이동하거나 급한 수정 작업을 할 때 유용합니다. 면접에서는 자주 나오진 않지만 Git 기본 숙련도로 물을 수 있습니다. 실무에서는 stash를 오래 쌓아두면 무엇이 들어있는지 잊어버릴 수 있어, 이름을 붙이거나 빨리 정리하는 습관이 좋습니다. 또한 스태시 적용 시 충돌이 날 수 있어 적용 후 반드시 빌드/테스트를 확인해야 합니다. 즉 편의 기능이지만 관리가 필요합니다.		O	TRUE	X	FALSE					devops	git	stash	workflow
Q350	Dockerfile(도커파일)		DevOps / Cloud - 컨테이너	63	OX	EASY	Dockerfile은 컨테이너 이미지를 어떻게 만들지 정의하는 파일이다.	Dockerfile은 베이스 이미지 선택, 파일 복사, 의존성 설치, 실행 명령 등을 정의해 이미지를 빌드하는 설계도입니다. 면접에서는 Dockerfile의 기본 명령(FROM, RUN, COPY, CMD) 정도를 물을 수 있습니다. 실무에서는 이미지 사이즈를 줄이기 위해 멀티 스테이지 빌드를 쓰고, 레이어 캐시를 고려해 명령 순서를 최적화합니다. 또한 루트 권한 실행을 피하고, 최소 권한 사용자로 실행하도록 만드는 것이 보안에 좋습니다. 즉 Dockerfile은 성능과 보안을 함께 좌우합니다.		O	TRUE	X	FALSE					devops	docker	container	dockerfile
Q351	이미지 태그(Tag)		DevOps / Cloud - 컨테이너	63	OX	EASY	컨테이너 이미지 태그는 같은 이미지라도 여러 버전 이름을 붙이는 데 사용할 수 있다.	이미지 태그는 v1.0.0 같은 버전이나 stable, prod 같은 라벨을 붙이는 방식입니다. 면접에서는 latest 태그의 위험(재현성 저하)을 종종 질문합니다. 실무에서는 운영 배포는 digest pinning이나 명확한 버전 태그로 재현성을 확보하는 것이 좋습니다. 태그는 바뀔 수 있는 포인터이기 때문에, 엄격한 환경에서는 태그보다 digest를 신뢰하기도 합니다. 즉 태그는 편리하지만 운영 규칙이 필요합니다.		O	TRUE	X	FALSE					devops	container	image_tag	release
Q352	VPC(가상 네트워크)		DevOps / Cloud - 클라우드 서비스	64	OX	EASY	VPC는 클라우드에서 논리적으로 분리된 가상 네트워크를 구성하는 개념이다.	VPC는 클라우드에서 내 서비스만 쓰는 사설 네트워크 공간을 만드는 개념입니다. 서브넷, 라우팅 테이블, 보안 그룹 같은 구성 요소로 네트워크를 분리합니다. 면접에서는 퍼블릭/프라이빗 서브넷 차이를 기본으로 물을 수 있습니다. 실무에서는 DB나 내부 서비스는 프라이빗 서브넷에 두고, 외부 노출은 로드밸런서만 퍼블릭에 두는 패턴이 흔합니다. 네트워크 분리는 보안의 1차 방어선이므로 설계가 중요합니다.		O	TRUE	X	FALSE					cloud	networking	vpc	devops
Q353	보안 그룹(Security Group)		DevOps / Cloud - 클라우드 서비스	64	OX	EASY	보안 그룹은 인스턴스의 인바운드/아웃바운드 트래픽 규칙을 제어할 수 있다.	보안 그룹은 허용할 포트와 IP 대역을 지정해 네트워크 접근을 제어하는 방화벽 역할을 합니다. 면접에서는 0.0.0.0/0 오픈의 위험성을 예시로 질문할 수 있습니다. 실무에서는 최소 개방 원칙을 적용하고, 운영 환경에서 SSH/RDP 같은 포트를 무분별하게 열지 않는 것이 중요합니다. 또한 규칙이 복잡해지면 관리가 어려워지므로 태그와 규칙 표준화를 통해 운영성을 높입니다. 즉 보안 그룹은 간단하지만 사고 포인트가 많습니다.		O	TRUE	X	FALSE					cloud	security	security_group	devops
Q354	퍼블릭 IP(Public IP)		DevOps / Cloud - 클라우드 서비스	64	OX	EASY	퍼블릭 IP가 부여된 리소스는 인터넷에서 직접 접근될 수 있다.	퍼블릭 IP는 인터넷에서 라우팅 가능한 주소이므로, 외부 노출 가능성이 높습니다. 면접에서는 외부 노출을 줄이기 위해 어떤 구성을 하는지 질문이 나올 수 있습니다. 실무에서는 애플리케이션 서버는 프라이빗에 두고, 외부는 로드밸런서나 API 게이트웨이만 노출하는 방식이 안전합니다. 또한 퍼블릭 IP를 가진 리소스는 보안 그룹과 접근 제어가 필수입니다. 즉 퍼블릭 IP는 편리하지만 공격 표면이 커집니다.		O	TRUE	X	FALSE					cloud	networking	public_ip	security
Q355	NAT 게이트웨이(NAT Gateway)		DevOps / Cloud - 클라우드 서비스	64	OX	EASY	NAT 게이트웨이는 프라이빗 서브넷 리소스가 인터넷으로 나갈 수 있게 도와준다.	NAT는 내부(프라이빗)에서 외부로 나가는 트래픽을 가능하게 하면서, 외부에서 내부로 직접 들어오는 연결은 제한하는 데 유용합니다. 면접에서는 프라이빗 서브넷에서 패키지 업데이트를 어떻게 하는지 같은 질문으로 나올 수 있습니다. 실무에서는 NAT 구성 비용이 발생하므로 필요 범위를 정하고, 라우팅 설정을 정확히 해야 합니다. 또한 로그/모니터링을 통해 예기치 않은 외부 통신을 감지하는 것이 좋습니다. 즉 NAT는 보안과 편의의 균형을 돕는 요소입니다.		O	TRUE	X	FALSE					cloud	networking	nat	devops
Q356	CDN(Content Delivery Network)		DevOps / Cloud - 클라우드 서비스	64	OX	EASY	CDN은 사용자와 가까운 위치에서 콘텐츠를 캐시해 전달 속도를 높일 수 있다.	CDN은 전 세계 엣지 서버에 콘텐츠를 캐시해 사용자에게 더 가까운 곳에서 응답을 주는 방식입니다. 면접에서는 CDN이 왜 필요한지(지연 감소, origin 부하 감소)를 기본으로 묻습니다. 실무에서는 캐시 무효화 정책, TTL, 정적 자원 해시 파일명 전략을 함께 설계해야 합니다. 또한 인증이 필요한 콘텐츠는 캐시 정책을 잘못 잡으면 정보 노출이 될 수 있어 주의가 필요합니다. 즉 CDN은 성능과 비용 최적화에 매우 효과적입니다.		O	TRUE	X	FALSE					cloud	cdn	performance	devops
Q357	캐시(Cache)		DevOps / Cloud - 클라우드 서비스	64	OX	EASY	캐시는 자주 쓰는 데이터를 빠르게 제공해 성능을 높이는 기법이다.	캐시는 느린 저장소나 원본 서버 대신 빠른 곳에 데이터를 저장해 응답 속도를 개선합니다. 면접에서는 캐시의 장점과 함께 ‘캐시 무효화가 어렵다’는 포인트가 자주 나옵니다. 실무에서는 TTL, 캐시 키 설계, 무효화 정책이 없으면 오래된 데이터가 노출될 수 있습니다. 또한 캐시 히트율이 낮으면 비용만 늘고 효과가 떨어지므로 지표를 보고 조정해야 합니다. 즉 캐시는 성능의 핵심이지만 운영 전략이 필요합니다.		O	TRUE	X	FALSE					devops	cache	performance	cloud
Q358	리소스 태깅(Resource Tagging)		DevOps / Cloud - 클라우드 서비스	64	OX	EASY	클라우드 리소스에 태그를 붙이면 비용 분석과 자산 관리에 도움이 된다.	리소스 태깅은 팀, 서비스, 환경(prod/stage), 비용 센터 같은 메타데이터를 붙이는 방식입니다. 면접에서는 비용 최적화와 운영 관리에서 태그의 역할을 물을 수 있습니다. 실무에서는 태그가 없으면 “누가 만든 리소스인지”를 찾기 어려워 비용이 새는 경우가 많습니다. 그래서 필수 태그 정책을 걸어 생성 단계에서 누락을 막기도 합니다. 즉 태그는 작은 습관이지만 운영 효율을 크게 올립니다.		O	TRUE	X	FALSE					cloud	cost	tagging	devops
Q359	백업(Backup)		DevOps / Cloud - 클라우드 서비스	64	OX	EASY	백업은 장애나 실수에 대비해 데이터를 복사해 두는 전략이다.	백업은 삭제/손상/랜섬웨어 같은 사고에 대비해 데이터를 별도로 보관하는 방식입니다. 면접에서는 백업과 DR의 차이(백업은 데이터 중심, DR은 서비스 복구 중심)를 물을 수 있습니다. 실무에서는 백업을 “해두기만” 하면 안 되고, 복구 테스트를 정기적으로 해야 신뢰할 수 있습니다. 또한 보관 기간과 암호화, 접근 통제도 중요합니다. 즉 백업은 정책과 검증까지 포함한 운영 활동입니다.		O	TRUE	X	FALSE					cloud	backup	reliability	devops
Q360	DR(재해 복구)		DevOps / Cloud - 클라우드 서비스	64	OX	EASY	DR은 대규모 장애 시 서비스를 복구하기 위한 설계와 절차를 의미한다.	DR은 데이터센터/리전 장애 같은 큰 사건에서 서비스를 다시 살리기 위한 전체 전략입니다. 면접에서는 RTO/RPO 개념과 연결해서 자주 질문합니다. 실무에서는 멀티 AZ/멀티 리전, 데이터 복제, DNS 전환, 복구 런북 같은 요소를 함께 설계합니다. 또한 DR은 계획만으로 부족하고 정기 리허설(GameDay)로 실제 가능성을 검증해야 합니다. 즉 DR은 기술 + 프로세스가 합쳐진 “복구 체계”입니다.		O	TRUE	X	FALSE					cloud	dr	resilience	devops
Q361	인스턴스(Instance)		DevOps / Cloud - 클라우드 서비스	64	OX	EASY	클라우드 인스턴스는 가상 서버 형태로 애플리케이션을 실행할 수 있다.	인스턴스는 클라우드에서 제공하는 가상 머신 형태의 서버로, OS를 올리고 애플리케이션을 실행하는 기본 단위입니다. 면접에서는 인스턴스와 컨테이너의 차이를 기본으로 물어볼 수 있습니다. 실무에서는 인스턴스를 직접 운영하면 패치, 모니터링, 스케일링을 신경 써야 하며, 이를 자동화하면 운영 부담이 줄어듭니다. 또한 인스턴스 크기 선택은 비용과 성능에 직결되므로 지표 기반으로 조정하는 습관이 중요합니다. 결국 인스턴스는 가장 전통적인 클라우드 실행 방식입니다.		O	TRUE	X	FALSE					cloud	instance	compute	devops
Q362	스냅샷(Snapshot)		DevOps / Cloud - 클라우드 서비스	64	OX	EASY	스냅샷은 디스크나 볼륨 상태를 특정 시점으로 저장한 백업 형태다.	스냅샷은 스토리지의 특정 시점 상태를 저장해 복구에 활용하는 기능입니다. 면접에서는 스냅샷과 백업의 차이(보관/복구 범위, 비용, 복제 위치)를 가볍게 물을 수 있습니다. 실무에서는 스냅샷을 자동 생성하고 보관 기간을 정책으로 관리하면 실수로 삭제하거나 장애가 났을 때 빠르게 복구할 수 있습니다. 다만 같은 계정/리전에만 두면 대규모 장애에 취약할 수 있어 복제 전략이 필요합니다. 즉 스냅샷은 빠른 복구를 위한 기본 도구입니다.		O	TRUE	X	FALSE					cloud	snapshot	backup	devops
Q363	암호화(Encryption)		DevOps / Cloud - 클라우드 서비스	64	OX	EASY	저장 데이터(at rest) 암호화는 디스크에 저장된 데이터 보호에 도움이 된다.	저장 데이터 암호화는 디스크나 스토리지에 저장된 데이터가 유출되더라도 내용을 보호하는 중요한 보안 기능입니다. 면접에서는 at rest와 in transit(전송 중) 암호화를 구분할 수 있는지 물을 수 있습니다. 실무에서는 KMS 같은 키 관리 체계와 함께 운영하고, 키 권한이 곧 데이터 접근 권한이 될 수 있어 IAM 설계가 중요합니다. 또한 암호화는 성능 비용이 있을 수 있지만, 대부분의 클라우드에서는 관리형으로 제공되어 적용이 쉽습니다. 즉 암호화는 기본 보안 수단입니다.		O	TRUE	X	FALSE					cloud	security	encryption	devops
Q364	TLS(전송 구간 암호화)		DevOps / Cloud - 클라우드 서비스	64	OX	EASY	HTTPS는 TLS를 통해 전송 중 데이터가 노출되지 않도록 보호한다.	HTTPS는 TLS를 사용해 클라이언트와 서버 사이의 통신을 암호화합니다. 면접에서는 HTTPS가 왜 필요한지, 인증서가 어떤 역할인지 기본 질문이 나올 수 있습니다. 실무에서는 TLS 종료를 로드밸런서에서 할지 앱에서 할지 선택해야 하며, 인증서 갱신 자동화가 되어 있지 않으면 만료로 장애가 날 수 있습니다. 또한 내부 통신도 ‘암호화 필요 여부’를 고민해야 하고, 규정이나 보안 요구에 따라 mTLS를 도입하기도 합니다. 즉 TLS는 신뢰와 보안의 기본입니다.		O	TRUE	X	FALSE					cloud	security	tls	devops
Q365	환경 분리(Dev Staging Prod)		DevOps / Cloud - 클라우드 서비스	64	OX	EASY	개발/스테이징/운영 환경을 분리하면 운영 사고 위험을 줄일 수 있다.	환경 분리는 운영 안정성을 높이는 가장 기본적인 운영 원칙입니다. 개발 중인 기능이 운영에 바로 영향을 주지 않게 하고, 배포 전 검증을 수행할 수 있게 합니다. 면접에서는 환경 분리와 배포 프로세스에 대해 질문할 수 있습니다. 실무에서는 환경별로 설정 값이 다르기 때문에 설정 관리가 중요하고, 운영과 동일한 조건으로 스테이징을 맞추는 것이 이상적입니다. 다만 비용이 증가할 수 있어 규모와 요구사항에 맞게 설계합니다. 결국 분리는 안전장치입니다.		O	TRUE	X	FALSE					devops	cloud	environment	release
Q366	롤링 업데이트(Rolling Update)		DevOps / Cloud - CI/CD	62	OX	EASY	롤링 업데이트는 서버를 한 번에 모두 교체하지 않고 순차적으로 교체하는 배포 방식이다.	롤링 업데이트는 일부 인스턴스부터 순차적으로 새 버전으로 바꾸며 가용성을 유지하려는 배포 방식입니다. 면접에서는 롤링과 블루그린/카나리의 차이를 가볍게 물을 수 있습니다. 실무에서는 헬스체크가 정확해야 하고, 트래픽이 새 인스턴스로 넘어가는 타이밍을 조정해야 합니다. 또한 버전이 섞여 있는 기간이 존재하므로, 세션/캐시/DB 호환성이 중요할 수 있습니다. 즉 롤링은 가장 흔하지만 기본기 설계가 필요합니다.		O	TRUE	X	FALSE					devops	deployment	rolling_update	cicd
Q367	스케일 아웃(Scale Out)		DevOps / Cloud - 클라우드 서비스	64	OX	EASY	스케일 아웃은 서버(인스턴스) 대수를 늘려 처리량을 높이는 방식이다.	스케일 아웃은 인스턴스를 여러 대로 늘려 부하를 분산하는 방식입니다. 면접에서는 스케일 업(사양 증가)과 비교해 장단점을 질문할 수 있습니다. 실무에서는 스케일 아웃을 하려면 상태 저장을 분리하거나(세션/캐시), 로드밸런싱을 제대로 구성해야 합니다. 또한 데이터베이스 같은 상태ful 컴포넌트는 스케일 아웃이 쉽지 않아서 별도 전략이 필요합니다. 즉 스케일 아웃은 클라우드의 대표 장점이지만 설계가 따라야 합니다.		O	TRUE	X	FALSE					cloud	scaling	scale_out	devops
Q368	스케일 업(Scale Up)		DevOps / Cloud - 클라우드 서비스	64	OX	EASY	스케일 업은 한 서버의 CPU나 메모리 같은 사양을 올려 성능을 높이는 방식이다.	스케일 업은 서버 한 대의 성능을 올리는 방식으로, 비교적 간단하지만 한계가 존재합니다. 면접에서는 스케일 업과 아웃을 비교해서 설명하는지 자주 봅니다. 실무에서는 스케일 업은 다운타임이 발생할 수 있고, 비용 대비 효율이 떨어지는 구간이 생길 수 있습니다. 또한 단일 장애 지점(SPOF)이 될 수 있어 고가용성 설계가 필요합니다. 따라서 현실에서는 스케일 업과 스케일 아웃을 함께 조합하는 경우가 많습니다.		O	TRUE	X	FALSE					cloud	scaling	scale_up	devops
Q369	서버리스(Serverless)		DevOps / Cloud - 클라우드 서비스	64	OX	EASY	서버리스는 서버를 직접 운영하지 않아도 코드 실행이 가능하도록 관리형으로 제공되는 방식이다.	서버리스는 개발자가 서버 패치나 용량 관리 같은 운영을 덜 신경 쓰고, 코드 실행에 집중할 수 있게 해주는 모델입니다. 면접에서는 서버리스가 “서버가 없는” 게 아니라 “서버 운영을 추상화한 것”임을 아는지 확인합니다. 실무에서는 이벤트 기반으로 비용 효율이 좋지만, 콜드 스타트나 실행 시간 제한 같은 제약이 있습니다. 또한 로그/모니터링, 권한(IAM) 설정이 중요하고, 트리거 루프에 의한 비용 폭증도 주의해야 합니다. 즉 편하지만 제약을 이해해야 합니다.		O	TRUE	X	FALSE					cloud	serverless	devops	faas
Q370	IAM 역할(Role)		DevOps / Cloud - 클라우드 서비스	64	OX	EASY	IAM Role을 사용하면 서비스가 사용자 비밀키 없이도 권한을 얻을 수 있다.	Role은 장기 비밀키를 코드에 박지 않고도 필요한 권한을 부여하는 안전한 방식입니다. 면접에서는 액세스 키를 코드에 넣으면 왜 위험한지 질문이 자주 나옵니다. 실무에서는 인스턴스/컨테이너/서버리스에 역할을 붙여 단기 자격 증명을 사용하게 합니다. 또한 역할 정책을 최소 권한으로 설계해야 하고, 과도한 권한을 주면 침해 시 피해가 커집니다. 즉 Role은 클라우드 권한 관리의 기본 패턴입니다.		O	TRUE	X	FALSE					cloud	iam	role	devops
Q371	MFA(다중 인증)		DevOps / Cloud - 클라우드 서비스	64	OX	EASY	MFA를 적용하면 계정이 탈취될 위험을 줄이는 데 도움이 된다.	MFA는 비밀번호 외에 추가 인증 수단을 요구해 계정 보안을 강화합니다. 면접에서는 운영 계정에 MFA를 왜 적용해야 하는지 기본으로 질문할 수 있습니다. 실무에서는 관리자 계정에 MFA를 의무화하고, 장기 액세스 키 사용을 최소화하면 사고를 크게 줄일 수 있습니다. 또한 로그인 감지 알림과 함께 운영하면 침해 시도를 빠르게 파악할 수 있습니다. 다만 MFA만으로 완벽하지 않으니 최소 권한, 감사 로그 같은 통제와 함께 운영해야 합니다. 즉 MFA는 필수 기본기입니다.		O	TRUE	X	FALSE					security	mfa	cloud	devops
Q372	로그 레벨(Log Level)		DevOps / Cloud - 클라우드 서비스	64	OX	EASY	운영 환경에서 DEBUG 로그를 과도하게 남기면 비용과 성능에 영향을 줄 수 있다.	DEBUG 로그는 정보가 상세해 디버깅에는 도움이 되지만, 운영에서 과도하게 남기면 로그 저장 비용과 I/O 부하가 커집니다. 면접에서는 로그 레벨을 상황에 맞게 조절할 수 있는지 물을 수 있습니다. 실무에서는 기본을 INFO/WARN/ERROR로 두고, 특정 이슈 기간에만 제한적으로 DEBUG를 켜는 방식이 흔합니다. 또한 로그에 시크릿이나 개인정보가 섞이지 않도록 마스킹을 적용해야 합니다. 즉 로그는 많이 남기는 것보다 “쓸모 있게” 남기는 것이 중요합니다.		O	TRUE	X	FALSE					devops	logging	cost	cloud
Q373	비용 알림(Budget Alert)		DevOps / Cloud - 클라우드 서비스	64	OX	EASY	클라우드에서 예산(Budget) 알림을 설정하면 비용 폭증을 조기에 감지할 수 있다.	비용 알림은 예상치 못한 리소스 생성이나 트래픽 폭증으로 비용이 튀는 상황을 빠르게 감지하는 데 도움 됩니다. 면접에서는 비용 최적화를 어떻게 하냐는 질문에서 좋은 답이 될 수 있습니다. 실무에서는 예산 임계치별로 단계적 알림(예: 50%, 80%, 100%)을 두고, 이상 징후 시 즉시 확인하는 프로세스를 운영합니다. 다만 비용 지표는 실시간이 아닐 수 있어, 기술 지표(트래픽, 호출 수) 알람도 함께 두는 것이 효과적입니다. 즉 비용 알림은 운영 안전망입니다.		O	TRUE	X	FALSE					cloud	cost	budget	devops
Q374	IaC 드리프트(Drift)		DevOps / Cloud - IaC	65	OX	EASY	콘솔에서 수동 변경이 생기면 IaC 코드와 실제 인프라 상태가 어긋날 수 있다.	IaC를 쓰더라도 콘솔에서 수동 변경을 하면 코드와 실제 상태가 달라지는 드리프트가 발생합니다. 면접에서는 드리프트를 어떻게 탐지하고 해결하는지 질문할 수 있습니다. 실무에서는 drift detection을 주기적으로 돌리거나, 변경을 정책으로 막아(IaC-only) 일관성을 유지합니다. 다만 긴급 상황의 break-glass 절차는 필요하므로 예외 처리도 함께 설계해야 합니다. 결국 드리프트 관리는 IaC 운영의 핵심 과제입니다.		O	TRUE	X	FALSE					devops	iac	drift	governance
Q375	원격 상태(Remote State)		DevOps / Cloud - IaC	65	OX	EASY	Terraform에서 원격 상태를 사용하면 여러 사람이 협업할 때 충돌 위험을 줄일 수 있다.	원격 상태는 state 파일을 중앙 저장소에 두고, 락(lock) 기능으로 동시 apply 충돌을 줄이는 방식입니다. 면접에서는 state를 로컬에 두면 어떤 문제가 생기는지(유실, 충돌, 보안)를 질문할 수 있습니다. 실무에서는 원격 상태 저장소 접근 권한을 최소화하고, 암호화와 버전 관리를 함께 적용합니다. 또한 state에는 민감 정보가 담길 수 있으므로 보안이 중요합니다. 즉 원격 상태는 협업과 안정성에 필수입니다.		O	TRUE	X	FALSE					devops	terraform	remote_state	iac
Q376	서버 패치(Patching)		DevOps / Cloud - 클라우드 서비스	64	OX	EASY	인스턴스를 직접 운영하면 OS 보안 패치를 관리해야 할 수 있다.	VM 인스턴스를 직접 운영하면 OS 업데이트와 보안 패치 책임이 사용자에게 있습니다. 면접에서는 IaaS와 PaaS의 책임 공유 모델을 질문할 수 있습니다. 실무에서는 패치를 미루면 취약점이 악용될 위험이 커지므로, 정기 패치 윈도우와 자동화가 중요합니다. 또한 패치 후 서비스가 정상인지 검증하는 절차(스모크 테스트)도 필요합니다. 관리형 서비스는 이런 부담이 줄지만, 그래도 애플리케이션 레벨 패치는 남습니다. 즉 책임 범위를 정확히 이해해야 합니다.		O	TRUE	X	FALSE					cloud	security	patching	devops
Q377	인프라 모니터링 지표		DevOps / Cloud - 클라우드 서비스	64	OX	EASY	CPU 사용률만으로는 장애를 항상 충분히 설명할 수 없다.	CPU는 중요한 지표지만, 지연이나 장애 원인이 네트워크, 디스크 I/O, 외부 API 병목일 수도 있습니다. 면접에서는 어떤 지표를 함께 봐야 하는지(지연, 에러율, 포화 등)를 질문할 수 있습니다. 실무에서는 CPU가 낮아도 p95 지연이 높을 수 있으므로, 요청 지표와 분산 트레이싱을 함께 보는 것이 효과적입니다. 즉 단일 지표에 의존하면 원인 추론이 틀릴 수 있습니다. 운영은 다면 관측이 기본입니다.		O	TRUE	X	FALSE					devops	monitoring	metrics	cloud
Q378	권한 감사(Audit)		DevOps / Cloud - 클라우드 서비스	64	OX	EASY	감사 로그(Audit Log)는 누가 어떤 리소스를 언제 변경했는지 추적하는 데 도움이 된다.	감사 로그는 운영 변경의 추적성과 책임 소재를 확보하는 핵심 도구입니다. 면접에서는 “운영 변경을 어떻게 추적하나”에서 자주 등장합니다. 실무에서는 위험한 변경(예: 방화벽 오픈)을 이벤트 규칙으로 감지해 알림을 보내는 식으로 확장합니다. 또한 사고가 났을 때 원인 규명을 위해 로그 보관 기간과 접근 권한 관리도 중요합니다. 감사 로그는 보안과 운영 모두에 필요합니다. 즉 ‘기록이 곧 방어’입니다.		O	TRUE	X	FALSE					cloud	audit	security	devops
Q379	SLA와 보상 크레딧		DevOps / Cloud - 클라우드 서비스	64	OX	EASY	SLA 위반 시 클라우드 제공자가 보상 크레딧을 제공하는 경우가 있다.	SLA는 계약상의 보장 수준이며, 위반 시 일부 비용을 크레딧으로 보상하는 조항이 포함되기도 합니다. 면접에서는 SLA가 기술뿐 아니라 비즈니스와 연결된다는 점을 이해하는지 볼 수 있습니다. 실무에서는 SLA 조건(측정 방식, 예외 상황)을 정확히 읽어야 기대와 다른 경우가 많습니다. 또한 SLA 크레딧은 장애로 인한 비즈니스 손실을 모두 보상하지 않기 때문에, 자체적인 DR/가용성 설계가 여전히 중요합니다. 즉 SLA는 ‘안전망’이지 ‘보험’은 아닙니다.		O	TRUE	X	FALSE					cloud	sla	reliability	devops
Q380	버전 핀ning(Version Pinning)		DevOps / Cloud - 버전 관리	61	OX	EASY	의존성 버전을 고정(pin)하면 빌드 재현성과 예측 가능성이 좋아질 수 있다.	버전 핀ning은 라이브러리나 도구 버전을 특정 값으로 고정해, 환경이 바뀌어도 같은 결과가 나오게 만드는 전략입니다. 면접에서는 lockfile(package-lock, poetry.lock 등) 의미를 질문할 수 있습니다. 실무에서는 버전을 고정하지 않으면 어느 날 갑자기 의존성 업데이트로 빌드가 깨지는 일이 생길 수 있습니다. 다만 너무 오래 고정하면 보안 패치가 늦어질 수 있으니, 정기 업데이트와 스캔을 함께 운영하는 것이 좋습니다. 즉 고정은 안정성, 업데이트는 보안이라는 균형이 필요합니다.		O	TRUE	X	FALSE					devops	versioning	reproducibility	cloud
Q381	Git Clone(클론)		DevOps / Cloud - 버전 관리	61	OX	EASY	git clone은 원격 저장소의 내용을 로컬로 복사해 오는 명령이다.	git clone은 원격 저장소를 통째로 로컬에 복제해 개발을 시작할 수 있게 합니다. 히스토리까지 함께 내려오므로 커밋 로그를 그대로 볼 수 있습니다. 면접에서는 clone과 pull의 차이를 기본으로 물을 수 있습니다. 실무에서는 clone 후에는 remote URL과 기본 브랜치, 권한(SSH 키/토큰) 설정을 점검하는 게 좋습니다. 저장소가 클수록 clone 시간이 길 수 있어 shallow clone 같은 최적화가 쓰이기도 합니다. 결국 clone은 협업의 시작점입니다.		O	TRUE	X	FALSE					devops	git	clone	version_control
Q382	Git Pull(풀)		DevOps / Cloud - 버전 관리	61	OX	EASY	git pull은 원격 변경을 가져와 로컬 브랜치에 반영한다.	pull은 원격 변경(fetch)을 가져온 뒤 로컬에 병합(merge/rebase)까지 수행하는 동작입니다. 면접에서는 fetch와 pull 차이를 설명할 수 있는지 물을 수 있습니다. 실무에서는 pull이 자동 병합을 포함하므로, 팀 규칙에 따라 pull --rebase를 쓰는 경우도 있습니다. 또한 큰 변경이 있을 때는 먼저 fetch로 확인하고 병합하는 습관이 충돌을 줄입니다. 즉 pull은 편하지만 동작을 이해하고 써야 안전합니다.		O	TRUE	X	FALSE					devops	git	pull	collaboration
Q383	Git Fetch(페치)		DevOps / Cloud - 버전 관리	61	OX	EASY	git fetch는 원격 변경을 가져오되 로컬 브랜치에 자동 병합하지는 않는다.	fetch는 원격 저장소의 최신 커밋을 가져오기만 하고, 내 브랜치에 합치지는 않습니다. 면접에서는 pull은 fetch+merge라는 설명을 자주 요구합니다. 실무에서는 fetch 후에 diff나 log로 변경을 검토한 다음 merge/rebase를 선택하면 충돌과 실수를 줄일 수 있습니다. 특히 운영 브랜치나 중요한 브랜치 작업에서는 fetch 기반 워크플로가 안전합니다. 즉 fetch는 “가져오되 적용은 내가 결정”하는 방식입니다.		O	TRUE	X	FALSE					devops	git	fetch	workflow
Q384	Git Remote(리모트)		DevOps / Cloud - 버전 관리	61	OX	EASY	Git remote는 원격 저장소 주소를 이름(origin 등)으로 관리하는 기능이다.	remote는 원격 저장소 URL을 origin 같은 이름으로 등록해 관리하는 기능입니다. 면접에서는 origin이 무엇인지 기본으로 물을 수 있습니다. 실무에서는 upstream(원본)과 origin(내 포크)을 함께 두고 작업하는 경우가 많습니다. 또한 remote URL을 HTTPS에서 SSH로 바꾸면 인증 방식이 달라져 편해지기도 합니다. 원격 설정이 꼬이면 push/pull 대상이 달라질 수 있으니 점검하는 습관이 중요합니다. 결국 remote는 협업 연결점입니다.		O	TRUE	X	FALSE					devops	git	remote	version_control
Q385	러너(Runner)		DevOps / Cloud - CI/CD	62	OX	EASY	CI 러너(runner)는 빌드/테스트 작업을 실제로 실행하는 머신 또는 환경이다.	러너는 CI 작업을 수행하는 실행 주체로, 호스팅 러너(관리형) 또는 셀프 호스팅 러너(자체 운영)가 있습니다. 면접에서는 CI가 어디서 돌아가는지, 러너 격리의 의미를 질문할 수 있습니다. 실무에서는 셀프 호스팅 러너는 성능 최적화가 가능하지만 보안/패치/격리 책임이 생깁니다. 반대로 관리형 러너는 운영 부담이 적지만 커스터마이징에 한계가 있을 수 있습니다. 결국 러너 선택은 비용과 보안의 균형입니다.		O	TRUE	X	FALSE					devops	cicd	runner	automation
Q386	스모크 테스트(Smoke Test)		DevOps / Cloud - CI/CD	62	OX	EASY	스모크 테스트는 배포 직후 핵심 기능이 최소한 동작하는지 빠르게 확인하는 테스트다.	스모크 테스트는 “연기만 나는지” 확인하듯 핵심 경로가 살아있는지 빠르게 검증하는 테스트입니다. 면접에서는 배포 후 검증(포스트 배포 체크)을 어떻게 하는지 질문할 때 자주 언급됩니다. 실무에서는 로그인, 주요 API 한두 개, DB 연결 같은 최소 확인으로 배포 실패를 빠르게 감지합니다. 단, 너무 많은 검증을 넣으면 배포가 느려지므로, 스모크는 짧고 핵심만 하는 것이 원칙입니다. 즉 스모크 테스트는 배포 안전장치입니다.		O	TRUE	X	FALSE					devops	cicd	testing	deploy
Q387	롤포워드(Roll Forward)		DevOps / Cloud - CI/CD	62	OX	EASY	롤포워드는 문제가 생겼을 때 이전 버전으로 되돌리는 대신 수정 버전을 다시 배포하는 접근이다.	롤포워드는 롤백 대신 문제를 수정한 새 버전을 빠르게 배포해 상태를 정상화하는 방식입니다. 면접에서는 “언제 롤백, 언제 롤포워드”를 묻기도 합니다. 실무에서는 DB 스키마 변경처럼 롤백이 위험하거나 복잡할 때 롤포워드를 선택하는 경우가 많습니다. 하지만 수정 배포가 급할수록 품질 위험이 있으므로, 최소 수정으로 빠르게 안정화하고 이후 정리하는 전략이 필요합니다. 즉 롤포워드는 현실적인 대응 옵션입니다.		O	TRUE	X	FALSE					devops	deployment	rollforward	incident
Q388	컨테이너 재시작(Restart)		DevOps / Cloud - 컨테이너	63	OX	EASY	컨테이너는 프로세스가 종료되면 함께 종료되는 경우가 많다.	컨테이너는 보통 하나의 주요 프로세스를 실행하며, 그 프로세스가 죽으면 컨테이너도 종료됩니다. 면접에서는 “컨테이너는 프로세스 단위”라는 이해를 확인할 수 있습니다. 실무에서는 쿠버네티스가 재시작 정책으로 자동 복구를 해주기도 하지만, 반복 재시작은 근본 원인(설정 오류, 메모리 부족)을 해결해야 합니다. 또한 컨테이너 내부 상태에 의존하면 재시작 시 데이터가 사라질 수 있어 상태 관리를 외부화해야 합니다. 즉 재시작을 전제로 설계하는 것이 중요합니다.		O	TRUE	X	FALSE					devops	container	lifecycle	reliability
Q389	이미지 레이어(Layer)		DevOps / Cloud - 컨테이너	63	OX	EASY	Docker 이미지는 여러 레이어로 구성될 수 있다.	Docker 이미지는 Dockerfile 명령들이 레이어로 쌓이며 구성됩니다. 면접에서는 레이어 캐시 개념을 기본으로 묻기도 합니다. 실무에서는 레이어 구조를 잘 설계하면 빌드 속도가 빨라지고 네트워크 전송량도 줄어듭니다. 반대로 불필요한 파일을 복사하거나 캐시를 깨는 순서를 잘못 두면 빌드가 느려지고 이미지가 커집니다. 따라서 Dockerfile 작성 순서와 .dockerignore 관리가 중요합니다. 즉 레이어는 성능 최적화 포인트입니다.		O	TRUE	X	FALSE					devops	docker	layers	build
Q390	.dockerignore		DevOps / Cloud - 컨테이너	63	OX	EASY	.dockerignore를 사용하면 빌드 컨텍스트에 포함되지 않을 파일을 제외할 수 있다.	.dockerignore는 Docker 빌드 시 전송되는 컨텍스트에서 제외할 파일/폴더를 지정합니다. 면접에서는 .gitignore와 유사하다는 점을 연결해 설명할 수 있습니다. 실무에서는 node_modules, build 산출물, 테스트 데이터 같은 큰 파일을 제외해 빌드 속도와 이미지 크기를 줄입니다. 또한 시크릿 파일이 실수로 이미지에 들어가는 사고를 예방할 수 있어 보안에도 도움이 됩니다. 즉 .dockerignore는 성능과 보안을 동시에 챙기는 습관입니다.		O	TRUE	X	FALSE					devops	docker	ignore	security
Q391	관리형 데이터베이스(Managed DB)		DevOps / Cloud - 클라우드 서비스	64	OX	EASY	관리형 DB는 백업/패치 같은 운영 부담을 일부 줄여주는 경우가 많다.	관리형 DB는 클라우드가 장애 복구, 백업, 패치, 모니터링 같은 운영 기능을 제공해 사용자의 부담을 줄여줍니다. 면접에서는 책임 공유 모델에서 어디까지가 클라우드 책임인지 질문할 수 있습니다. 실무에서는 운영 부담이 줄지만, 파라미터 튜닝이나 스키마/쿼리 최적화 책임은 여전히 사용자에게 있습니다. 또한 벤더 종속(특정 기능 의존)과 비용 구조도 고려해야 합니다. 즉 관리형은 편하지만 설계/사용 책임은 남습니다.		O	TRUE	X	FALSE					cloud	database	managed_service	devops
Q392	PaaS(플랫폼 서비스)		DevOps / Cloud - 클라우드 서비스	64	OX	EASY	PaaS는 애플리케이션 실행 환경을 더 많이 관리해줘서 IaaS보다 운영 부담이 줄 수 있다.	PaaS는 런타임/배포/스케일링 등 플랫폼을 더 많이 제공해 개발자가 애플리케이션에 집중하게 합니다. 면접에서는 IaaS/PaaS/SaaS 차이를 기본으로 묻습니다. 실무에서는 운영 부담이 줄어드는 대신, 플랫폼이 제공하는 방식에 맞춰야 하고 제한 사항도 생깁니다. 또한 로그/모니터링 연동이나 네트워크 제어가 제한될 수 있어 요구사항과 맞는지 판단해야 합니다. 즉 PaaS는 생산성을 올리지만 자유도가 줄 수 있습니다.		O	TRUE	X	FALSE					cloud	paas	devops	platform
Q393	SaaS(소프트웨어 서비스)		DevOps / Cloud - 클라우드 서비스	64	OX	EASY	SaaS는 사용자가 소프트웨어를 설치하지 않고 서비스 형태로 사용하도록 제공한다.	SaaS는 이메일, 협업 도구, CRM처럼 완성된 소프트웨어를 서비스로 제공하는 모델입니다. 면접에서는 IaaS/PaaS/SaaS의 구분을 깔끔히 설명할 수 있는지 봅니다. 실무에서는 빠르게 도입할 수 있지만, 데이터 보관 위치/권한/연동/API 제한 같은 요소를 검토해야 합니다. 또한 비용이 구독 형태로 누적될 수 있어 장기 비용 분석도 필요합니다. 즉 SaaS는 편리하지만 통제 범위를 이해해야 합니다.		O	TRUE	X	FALSE					cloud	saas	service_model	devops
Q394	책임 공유 모델(Shared Responsibility)		DevOps / Cloud - 클라우드 서비스	64	OX	EASY	클라우드는 보안을 전부 제공자가 책임지고, 사용자는 아무것도 신경 쓰지 않아도 된다.	이 문장은 틀린 주장입니다. 클라우드는 ‘책임 공유 모델’로 보안을 나눠 갖습니다. 인프라 하드웨어/데이터센터 보안은 제공자가 책임지지만, 계정 권한(IAM), 데이터 보호, 애플리케이션 취약점, 설정 실수는 사용자가 책임질 때가 많습니다. 면접에서는 “어디까지가 내 책임인가”를 이해하는지를 자주 확인합니다. 실무에서도 설정 실수(퍼블릭 버킷, 과다 권한)가 사고의 큰 비중을 차지합니다. 즉 클라우드는 책임이 ‘없어지는’ 게 아니라 ‘바뀌는’ 것입니다.		O	FALSE	X	TRUE					cloud	security	shared_responsibility	devops
Q395	접근 제어(Access Control)		DevOps / Cloud - 클라우드 서비스	64	OX	EASY	클라우드 리소스 접근은 IAM 정책이나 역할로 통제할 수 있다.	클라우드에서는 IAM 정책과 역할(Role), 그룹(Group)으로 누가 어떤 리소스에 접근할지 제어합니다. 면접에서는 정책 기반 권한 관리와 최소 권한 원칙을 연결해 질문할 수 있습니다. 실무에서는 리소스 기반 정책(버킷 정책 등)과 사용자 정책이 함께 작동해 예기치 않은 공개가 생길 수 있으므로, 권한 모델을 정확히 이해해야 합니다. 또한 권한 변경은 감사 로그로 추적되게 하고, 정기 점검으로 불필요 권한을 제거합니다. 즉 접근 제어는 보안 운영의 핵심입니다.		O	TRUE	X	FALSE					cloud	iam	access_control	devops
Q396	상태 비저장(Stateless)		DevOps / Cloud - 클라우드 서비스	64	OX	EASY	상태 비저장(stateless) 설계를 하면 스케일 아웃이 더 쉬워질 수 있다.	stateless는 서버가 사용자 상태(세션 등)를 내부에 고정적으로 들고 있지 않도록 설계하는 방식입니다. 면접에서는 스케일 아웃을 위해 왜 stateless가 유리한지 자주 묻습니다. 실무에서는 세션을 Redis 같은 외부 저장소로 분리하거나 JWT로 처리해 서버를 수평 확장하기 쉽게 만듭니다. 다만 JWT는 폐기/회전, 만료 정책을 잘 설계해야 하며, 캐시/세션 스토어 장애 대비도 필요합니다. 즉 stateless는 확장성의 기본기입니다.		O	TRUE	X	FALSE					cloud	architecture	stateless	devops
Q397	구성 관리(Config)		DevOps / Cloud - IaC	65	OX	EASY	환경별 설정을 분리하면 운영과 개발 환경을 같은 코드로 다루기 쉬워질 수 있다.	같은 코드라도 환경별로 DB 주소, 외부 API 키, 기능 플래그가 달라집니다. 설정을 분리하면 코드 수정 없이 환경만 바꿔 배포할 수 있어 실수가 줄어듭니다. 면접에서는 12-factor 앱의 config 원칙을 연결해 질문할 수 있습니다. 실무에서는 설정 파일을 레포에 평문으로 두지 말고, Secret Manager나 환경 변수로 주입하는 패턴이 안전합니다. 또한 설정 변경도 이력과 리뷰를 거치면 사고를 줄일 수 있습니다. 즉 설정 관리는 배포 안정성의 핵심입니다.		O	TRUE	X	FALSE					devops	config	iac	cloud
Q398	아티팩트 재사용		DevOps / Cloud - CI/CD	62	OX	EASY	같은 커밋으로 만든 아티팩트를 여러 환경에 재사용하면 배포 신뢰성이 높아질 수 있다.	동일한 빌드 산출물을 dev/stage/prod에 그대로 쓰면 “환경별로 빌드가 달라지는 문제”를 줄일 수 있습니다. 면접에서는 승인된 아티팩트만 운영에 올린다는 원칙을 설명할 때 유용합니다. 실무에서는 이미지 digest를 고정하고, 환경별 차이는 설정으로만 해결하는 패턴이 안정적입니다. 다만 환경별로 컴파일 옵션이나 기능 플래그가 다르면 동일 아티팩트 전략이 어려울 수 있어 설계 단계에서 맞춰야 합니다. 즉 아티팩트 재사용은 재현성과 추적성을 올립니다.		O	TRUE	X	FALSE					devops	cicd	artifact	reliability
Q399	가시성(Observability)		DevOps / Cloud - 클라우드 서비스	64	OX	EASY	Observability는 로그, 메트릭, 트레이스를 통해 시스템 내부 상태를 추론하는 능력과 관련 있다.	Observability는 단순히 지표를 보는 것을 넘어, 시스템이 왜 그런 상태인지 추론할 수 있는 능력을 의미합니다. 보통 로그/메트릭/트레이스(3대 요소)를 함께 이야기합니다. 면접에서는 모니터링과 observability 차이를 간단히 물을 수 있습니다. 실무에서는 요청 하나가 여러 서비스로 흘러갈 때 분산 트레이싱이 원인 분석 시간을 크게 줄입니다. 또한 관측 데이터는 비용이 커질 수 있어 수집 범위와 샘플링 정책을 함께 운영합니다. 즉 가시성은 운영 품질을 좌우합니다.		O	TRUE	X	FALSE					devops	observability	logging	cloud
Q400	모놀리스 vs 마이크로서비스		DevOps / Cloud - 클라우드 서비스	64	OX	EASY	마이크로서비스는 항상 모놀리스보다 운영이 쉽다.	이 문장은 일반적으로 틀린 주장입니다. 마이크로서비스는 배포 독립성과 팀 자율성을 주지만, 네트워크, 장애 전파, 관측, 배포/버전 관리 등 운영 복잡도가 크게 증가합니다. 면접에서는 “왜 MSA가 어려운가”를 설명할 수 있는지 자주 봅니다. 실무에서는 충분한 DevOps/관측/자동화 역량이 없으면 오히려 품질이 떨어질 수 있습니다. 따라서 규모와 요구사항에 맞는 아키텍처 선택이 중요합니다. 즉 MSA는 만능이 아니라 트레이드오프입니다.		O	FALSE	X	TRUE					cloud	architecture	microservices	devops
Q401	Git(Git)		DevOps / Cloud - 버전 관리	61	OX	EASY	Git은 중앙 서버에만 히스토리가 저장되는 중앙집중형 버전 관리 시스템이다.	Git은 분산 버전 관리 시스템이라 로컬에도 전체 히스토리가 저장됩니다. 면접에서는 SVN 같은 중앙집중형과의 차이를 자주 물어봅니다. 실무에서는 오프라인에서도 커밋 로그 조회가 가능하고, 브랜치 작업이 빠릅니다. 중앙 서버는 협업을 위한 공유 지점일 뿐 단일 진실 저장소로만 보지 않는 관점이 중요합니다.		O	FALSE	X	TRUE					devops	git	versioning	
Q402	브랜치(Branch)		DevOps / Cloud - 버전 관리	61	OX	EASY	브랜치는 항상 하나만 존재하며, 여러 기능 개발을 동시에 진행할 수 없다.	브랜치는 여러 개를 만들 수 있어 병렬 개발이 가능합니다. 면접에서는 브랜치 전략과 충돌 해결 경험을 묻습니다. 실무에서는 기능별 브랜치를 만들어 리뷰 후 병합하는 흐름이 일반적입니다. 브랜치를 잘 활용하면 배포 안정성과 개발 속도가 함께 좋아집니다.		O	FALSE	X	TRUE					devops	git	branching	
Q403	커밋(Commit)		DevOps / Cloud - 버전 관리	61	OX	EASY	커밋은 변경 내용을 원격 저장소에 자동으로 업로드하는 동작이다.	커밋은 로컬 저장소에 변경 이력을 기록하는 동작입니다. 면접에서는 commit과 push의 차이를 자주 물어봅니다. 실무에서는 커밋을 잘게 나눠 리뷰와 롤백을 쉽게 합니다. 원격 업로드는 push로 수행합니다.		O	FALSE	X	TRUE					devops	git	commit	
Q404	푸시(Push)		DevOps / Cloud - 버전 관리	61	OX	EASY	Push는 로컬 변경 내용을 원격 저장소로 전송하는 동작이다.	Push는 로컬 커밋을 원격 저장소로 업로드하는 동작입니다. 면접에서는 push와 pull, fetch 차이를 묻습니다. 실무에서는 보호 브랜치 정책 때문에 직접 push가 막혀 PR로만 반영되는 경우가 많습니다. 원격과 로컬의 흐름을 정확히 이해하는 것이 중요합니다.		O	FALSE	X	TRUE					devops	git	push	
Q405	CI(Continuous Integration)		DevOps / Cloud - CI/CD	62	OX	EASY	CI는 코드를 병합할 때 테스트를 최대한 피해서 속도를 높이는 방식이다.	CI는 병합 전후에 자동 빌드와 테스트를 수행해 품질을 높이는 방식입니다. 면접에서는 CI가 왜 필요한지, 어떤 테스트를 돌리는지 질문이 나옵니다. 실무에서는 빠른 피드백을 위해 테스트를 계층화합니다. 테스트를 피하는 것이 아니라 자동화로 품질과 속도를 함께 잡는 것이 목표입니다.		O	FALSE	X	TRUE					devops	cicd	ci	
Q406	CD(Continuous Delivery)		DevOps / Cloud - CI/CD	62	OX	EASY	CD는 배포 과정을 완전히 수동으로만 수행하는 것을 의미한다.	CD는 배포 가능한 상태를 지속적으로 유지하거나 자동 배포까지 포함하는 개념입니다. 면접에서는 Delivery와 Deployment 차이를 묻기도 합니다. 실무에서는 승인 게이트를 두더라도 빌드와 배포 준비 과정은 자동화하는 경우가 많습니다. 수동만을 의미하지 않습니다.		O	FALSE	X	TRUE					devops	cicd	cd	
Q407	빌드(Build)		DevOps / Cloud - CI/CD	62	OX	EASY	빌드는 소스 코드를 실행 파일이나 배포 가능한 산출물로 만드는 과정이다.	빌드는 코드 컴파일, 패키징 등으로 배포 가능한 산출물을 만드는 과정입니다. 면접에서는 빌드와 배포를 구분할 수 있는지 확인합니다. 실무에서는 빌드 산출물을 아티팩트로 저장해 재현 가능한 배포를 만듭니다. 빌드가 흔들리면 배포 안정성이 크게 떨어집니다.		O	FALSE	X	TRUE					devops	cicd	build	
Q408	파이프라인(Pipeline)		DevOps / Cloud - CI/CD	62	OX	EASY	파이프라인은 사람이 직접 버튼을 눌러야만 항상 시작된다.	파이프라인은 푸시, PR, 태그, 스케줄 등 이벤트로 자동 실행될 수 있습니다. 면접에서는 트리거 조건을 어떻게 설계하는지 묻습니다. 실무에서는 불필요한 실행을 줄이기 위해 조건을 세밀하게 설정합니다. 자동화가 파이프라인의 핵심입니다.		O	FALSE	X	TRUE					devops	cicd	pipeline	
Q409	컨테이너(Container)		DevOps / Cloud - 컨테이너	63	OX	EASY	컨테이너는 운영체제 커널까지 포함하는 가상머신과 동일한 방식이다.	컨테이너는 호스트 OS 커널을 공유하며 프로세스 격리로 동작합니다. 면접에서는 VM과 컨테이너 차이를 자주 물어봅니다. 실무에서는 가볍고 빠르게 기동하지만 커널 공유로 보안 고려가 필요합니다. 동일하다고 보면 장애 분석을 잘못할 수 있습니다.		O	FALSE	X	TRUE					devops	container	virtualization	
Q410	도커 이미지(Docker Image)		DevOps / Cloud - 컨테이너	63	OX	EASY	도커 이미지는 실행 중인 컨테이너 상태를 항상 자동으로 저장하는 파일이다.	이미지는 실행 전 템플릿이며, 실행 중 상태는 컨테이너로 존재합니다. 면접에서는 이미지와 컨테이너 차이를 묻습니다. 실무에서는 이미지를 버전 태그로 관리하고 레지스트리에 보관합니다. 실행 상태를 자동 저장한다고 이해하면 운영과 디버깅이 꼬입니다.		O	FALSE	X	TRUE					devops	docker	image	
Q411	쿠버네티스(Kubernetes)		DevOps / Cloud - 컨테이너	63	OX	EASY	쿠버네티스는 데이터베이스 전용 관리 도구이며 컨테이너와는 무관하다.	쿠버네티스는 컨테이너 오케스트레이션 플랫폼입니다. 면접에서는 쿠버네티스가 해결하는 문제를 묻습니다. 실무에서는 배포, 스케일링, 장애 복구 등을 자동화합니다. DB도 올릴 수 있지만 전용 도구가 아니라는 점이 중요합니다.		O	FALSE	X	TRUE					devops	kubernetes	container	
Q412	레지스트리(Registry)		DevOps / Cloud - 컨테이너	63	OX	EASY	컨테이너 레지스트리는 소스 코드만 저장하는 서비스이다.	레지스트리는 컨테이너 이미지를 저장하고 배포에 사용합니다. 면접에서는 아티팩트 저장소와 차이를 묻기도 합니다. 실무에서는 권한 관리와 취약점 스캔을 함께 구성합니다. 소스 코드는 Git 저장소에 저장하는 것이 일반적입니다.		O	FALSE	X	TRUE					devops	container	registry	
Q413	클라우드(Cloud)		DevOps / Cloud - 클라우드 서비스	64	OX	EASY	클라우드는 반드시 온프레미스 데이터센터에서만 제공된다.	클라우드는 인터넷이나 전용망을 통해 제공되는 컴퓨팅 자원 서비스 모델을 말합니다. 면접에서는 온프레미스와 클라우드의 차이를 묻습니다. 실무에서는 퍼블릭, 프라이빗, 하이브리드 형태가 존재합니다. 온프레미스만이라는 설명은 틀립니다.		O	FALSE	X	TRUE					cloud	devops	basics	
Q414	오토 스케일링(Auto Scaling)		DevOps / Cloud - 클라우드 서비스	64	OX	EASY	오토 스케일링은 트래픽이 줄어도 자원을 절대 줄이지 않는 기능이다.	오토 스케일링은 트래픽에 따라 확장과 축소를 모두 수행할 수 있습니다. 면접에서는 스케일 인 스케일 아웃 개념을 묻습니다. 실무에서는 비용 최적화를 위해 축소 정책이 중요합니다. 축소를 안 한다면 비용이 불필요하게 증가합니다.		O	FALSE	X	TRUE					cloud	scaling	devops	
Q415	로드 밸런서(Load Balancer)		DevOps / Cloud - 클라우드 서비스	64	OX	EASY	로드 밸런서는 모든 요청을 한 서버에만 집중시키는 장치이다.	로드 밸런서는 트래픽을 여러 서버로 분산합니다. 면접에서는 L4 L7 차이를 묻기도 합니다. 실무에서는 헬스 체크와 세션 처리 전략이 중요합니다. 한 서버에 집중시키는 것은 로드 밸런싱 목적과 반대입니다.		O	FALSE	X	TRUE					cloud	networking	devops	
Q416	IaC(Infrastructure as Code)		DevOps / Cloud - IaC	65	OX	EASY	IaC는 인프라 설정을 문서로만 관리하고 코드로는 표현하지 않는 방식이다.	IaC는 인프라를 코드로 선언하고 버전 관리하며 자동화하는 접근입니다. 면접에서는 왜 IaC가 필요한지 질문이 나옵니다. 실무에서는 재현성, 리뷰, 롤백이 가능해 운영 품질이 좋아집니다. 문서만으로는 드리프트를 막기 어렵습니다.		O	FALSE	X	TRUE					devops	iac	automation	
Q417	테라폼(Terraform)		DevOps / Cloud - IaC	65	OX	EASY	Terraform은 실행할 때마다 항상 임의의 인프라를 랜덤하게 생성한다.	Terraform은 선언된 코드와 상태를 기반으로 필요한 변경만 적용합니다. 면접에서는 plan과 apply 흐름을 묻습니다. 실무에서는 상태 관리가 핵심이며, 변경 영향 분석을 통해 안전하게 적용합니다. 랜덤 생성이 아니라 선언적 관리입니다.		O	FALSE	X	TRUE					devops	terraform	iac	
Q418	상태 파일(State File)		DevOps / Cloud - IaC	65	OX	EASY	IaC 상태 파일은 아무런 정보도 담지 않아서 삭제해도 영향이 없다.	상태 파일은 실제 리소스와 코드 매핑 정보를 담아 매우 중요합니다. 면접에서는 상태 파일 유출 위험도 질문이 나옵니다. 실무에서는 원격 백엔드와 잠금으로 안전하게 관리합니다. 무심코 삭제하면 인프라가 중복 생성되거나 삭제되는 사고로 이어질 수 있습니다.		O	FALSE	X	TRUE					devops	iac	state	
Q419	태깅(Tagging)		DevOps / Cloud - 클라우드 서비스	64	OX	EASY	클라우드 태깅은 보안과 비용 관리에 전혀 도움이 되지 않는다.	태깅은 비용 할당, 자원 분류, 정책 적용에 도움이 됩니다. 면접에서는 태깅 전략을 묻기도 합니다. 실무에서는 자동 태깅과 필수 태그 규칙을 두면 운영이 쉬워집니다. 태깅을 안 하면 자원 파악과 비용 분석이 어려워집니다.		O	FALSE	X	TRUE					cloud	cost	devops	
Q420	모니터링(Monitoring)		DevOps / Cloud - 클라우드 서비스	64	OX	EASY	모니터링은 장애를 더 늦게 발견하기 위해 알림을 꺼두는 것이 핵심이다.	모니터링은 지표와 로그를 통해 장애를 빠르게 탐지하고 대응하는 활동입니다. 면접에서는 어떤 지표를 볼지 질문합니다. 실무에서는 알림 피로를 줄이기 위해 임계치와 라우팅을 튜닝합니다. 알림을 끄는 것이 아니라 신호 품질을 높이는 것이 중요합니다.		O	FALSE	X	TRUE					cloud	monitoring	devops	
Q421	머지(Merge)		DevOps / Cloud - 버전 관리	61	OX	EASY	Merge는 두 브랜치의 변경 이력을 하나로 합치지 않고 항상 삭제하는 동작이다.	머지는 브랜치의 변경 이력을 통합하는 작업입니다. 면접에서는 merge commit이 생기는 경우와 fast-forward를 묻기도 합니다. 실무에서는 PR 병합 시 머지 방식 정책을 정해 히스토리 품질을 관리합니다. 머지가 삭제 동작이라고 이해하면 협업 흐름을 잘못 설계하게 됩니다.		O	FALSE	X	TRUE					devops	git	merge	
Q422	풀 리퀘스트(Pull Request)		DevOps / Cloud - 버전 관리	61	OX	EASY	풀 리퀘스트는 코드 리뷰 없이 자동으로 운영 배포를 강제하는 기능이다.	풀 리퀘스트는 변경 사항을 리뷰하고 논의한 뒤 병합하기 위한 협업 도구입니다. 면접에서는 PR 기반 협업 경험을 묻습니다. 실무에서는 PR에 CI 통과 조건과 승인 조건을 붙여 품질을 높입니다. 운영 배포를 강제하는 기능이 아니라 협업 프로세스입니다.		O	FALSE	X	TRUE					devops	git	pr	
Q423	태그(Tag)		DevOps / Cloud - 버전 관리	61	OX	EASY	Git 태그는 브랜치처럼 계속 이동하며 최신 커밋을 자동으로 가리킨다.	태그는 보통 특정 커밋을 고정해 릴리즈 지점을 표시합니다. 면접에서는 태그와 브랜치의 차이를 자주 묻습니다. 실무에서는 버전 릴리즈에 태그를 붙여 배포 기준점을 명확히 합니다. 태그가 계속 이동한다고 이해하면 릴리즈 재현성이 떨어집니다.		O	FALSE	X	TRUE					devops	git	tag	
Q424	풀(Pull)		DevOps / Cloud - 버전 관리	61	OX	EASY	Pull은 원격 변경을 가져오되 로컬 브랜치에는 절대 반영하지 않는 동작이다.	pull은 보통 fetch 후 merge 또는 rebase까지 수행해 로컬에 반영합니다. 면접에서는 pull과 fetch 차이를 자주 묻습니다. 실무에서는 자동 merge로 히스토리가 꼬일 수 있어 fetch 후 수동 병합을 선호하기도 합니다. 반영을 안 하는 것은 fetch에 가깝습니다.		O	FALSE	X	TRUE					devops	git	pull	
Q425	충돌(Conflict)		DevOps / Cloud - 버전 관리	61	OX	EASY	Git 충돌은 항상 자동으로 해결되며 사람이 개입할 필요가 없다.	충돌은 자동으로 해결되지 않는 경우가 많아 사람이 선택해야 합니다. 면접에서는 충돌 해결 경험을 묻습니다. 실무에서는 작은 PR과 자주 리베이스로 충돌을 줄입니다. 충돌을 무시하면 빌드 실패나 논리 오류가 발생할 수 있습니다.		O	FALSE	X	TRUE					devops	git	conflict	
Q426	캐시(Cache)		DevOps / Cloud - CI/CD	62	OX	EASY	CI 캐시는 빌드 시간을 늘리기 위해 매번 삭제하는 것이 권장된다.	캐시는 의존성 다운로드 등을 재사용해 빌드 시간을 줄입니다. 면접에서는 캐시와 아티팩트 차이를 묻기도 합니다. 실무에서는 캐시 키와 무효화 전략이 중요합니다. 무조건 삭제하면 매번 느려지고 비용이 늘어납니다.		O	FALSE	X	TRUE					devops	cicd	cache	
Q427	린트(Lint)		DevOps / Cloud - CI/CD	62	OX	EASY	린트는 런타임 성능을 올리기 위해 서버 메모리를 늘리는 작업이다.	린트는 코드 스타일과 잠재 오류를 정적 분석으로 점검합니다. 면접에서는 린트가 버그를 줄이는 이유를 묻습니다. 실무에서는 PR 단계에서 자동 실행해 품질을 올립니다. 서버 메모리 증설과는 무관합니다.		O	FALSE	X	TRUE					devops	cicd	lint	
Q428	스테이징(Staging)		DevOps / Cloud - CI/CD	62	OX	EASY	스테이징 환경은 운영과 완전히 다른 설정으로만 구성해야 해서 검증에 도움이 안 된다.	스테이징은 운영과 유사하게 구성해 배포 전 검증에 사용합니다. 면접에서는 스테이징이 필요한 이유를 묻습니다. 실무에서는 데이터 마스킹과 접근 제어로 운영 데이터 위험을 줄입니다. 운영과 다르면 검증 신뢰도가 떨어집니다.		O	FALSE	X	TRUE					devops	cicd	staging	
Q429	롤백(Rollback)		DevOps / Cloud - CI/CD	62	OX	EASY	롤백은 문제가 생겨도 이전 버전으로 되돌릴 수 없는 배포 방식이다.	롤백은 문제가 생겼을 때 이전 버전으로 되돌리는 절차입니다. 면접에서는 롤백 전략과 데이터 호환성을 묻습니다. 실무에서는 빠른 롤백을 위해 불변 배포나 블루그린을 사용하기도 합니다. 롤백이 불가능하다고 이해하면 운영 대응이 취약해집니다.		O	FALSE	X	TRUE					devops	cicd	rollback	
Q430	헬스 체크(Health Check)		DevOps / Cloud - 클라우드 서비스	64	OX	EASY	헬스 체크는 서버가 죽어도 정상으로 표시되도록 항상 성공 응답을 내리는 것이 좋다.	헬스 체크는 실제 상태를 반영해 장애를 탐지해야 합니다. 면접에서는 liveness readiness 차이를 묻기도 합니다. 실무에서는 잘못된 헬스 체크가 장애 전파를 키울 수 있어 기준을 신중히 잡습니다. 항상 성공은 장애를 숨기는 위험한 설정입니다.		O	FALSE	X	TRUE					cloud	devops	healthcheck	
Q431	스냅샷(Snapshot)		DevOps / Cloud - 클라우드 서비스	64	OX	EASY	스냅샷은 백업과 달리 복구에 전혀 사용할 수 없다.	스냅샷은 특정 시점의 상태를 저장해 복구에 활용할 수 있습니다. 면접에서는 스냅샷과 백업 전략을 묻습니다. 실무에서는 스냅샷 보관 기간과 비용 관리가 중요합니다. 복구에 쓰지 못한다는 설명은 틀립니다.		O	FALSE	X	TRUE					cloud	backup	devops	
Q432	객체 스토리지(Object Storage)		DevOps / Cloud - 클라우드 서비스	64	OX	EASY	객체 스토리지는 파일을 객체로 저장하며 일반적으로 HTTP 기반으로 접근할 수 있다.	객체 스토리지는 키 기반으로 데이터를 저장하고 HTTP API로 접근하는 경우가 많습니다. 면접에서는 블록 스토리지와 차이를 묻습니다. 실무에서는 정적 파일, 로그, 백업 저장에 자주 사용됩니다. 개념을 알면 스토리지 선택이 쉬워집니다.		O	FALSE	X	TRUE					cloud	storage	devops	
Q433	리전(Region)		DevOps / Cloud - 클라우드 서비스	64	OX	EASY	클라우드 리전은 지리적으로 한 곳이 아니라 전 세계를 동시에 의미한다.	리전은 특정 지리적 지역의 데이터센터 묶음입니다. 면접에서는 리전 선택이 지연과 규정에 미치는 영향을 묻습니다. 실무에서는 사용자 위치와 데이터 거버넌스를 고려해 리전을 선택합니다. 전 세계를 동시에 의미하지 않습니다.		O	FALSE	X	TRUE					cloud	region	devops	
Q434	가용 영역(Availability Zone)		DevOps / Cloud - 클라우드 서비스	64	OX	EASY	가용 영역은 한 리전에 단 하나만 존재한다.	한 리전에는 보통 여러 가용 영역이 있습니다. 면접에서는 멀티 AZ 구성이 왜 필요한지 묻습니다. 실무에서는 AZ 분산으로 단일 장애 지점을 줄입니다. AZ가 하나뿐이라는 가정은 설계를 위험하게 만듭니다.		O	FALSE	X	TRUE					cloud	availability	devops	
Q435	IAM(IAM)		DevOps / Cloud - 클라우드 서비스	64	OX	EASY	IAM은 인증과 권한을 관리하지 않고 네트워크 속도만 최적화하는 서비스다.	IAM은 사용자 역할 정책을 통해 인증과 권한을 관리합니다. 면접에서는 최소 권한 원칙을 자주 묻습니다. 실무에서는 과도 권한이 침해 사고의 주요 원인이라 정기 점검이 중요합니다. 네트워크 속도 최적화와는 무관합니다.		O	FALSE	X	TRUE					cloud	iam	security	
Q436	보안 그룹(Security Group)		DevOps / Cloud - 클라우드 서비스	64	OX	EASY	보안 그룹은 인바운드 이그레스 규칙을 설정할 수 없고 항상 모든 포트를 열어둔다.	보안 그룹은 인바운드 이그레스 규칙으로 트래픽을 제어합니다. 면접에서는 NACL과 차이를 묻습니다. 실무에서는 최소 노출 원칙으로 필요한 포트만 허용합니다. 모두 열어두면 공격 표면이 커집니다.		O	FALSE	X	TRUE					cloud	security	networking	
Q437	NAT 게이트웨이(NAT Gateway)		DevOps / Cloud - 클라우드 서비스	64	OX	EASY	NAT 게이트웨이는 프라이빗 서브넷에서 외부로 나가는 트래픽을 완전히 차단하는 장치다.	NAT는 프라이빗 서브넷 인스턴스가 외부로 아웃바운드 통신하도록 돕습니다. 면접에서는 인터넷 게이트웨이와의 차이를 묻습니다. 실무에서는 패치 다운로드 같은 아웃바운드 요구를 위해 NAT를 둡니다. 차단 장치라고 이해하면 네트워크 설계를 잘못합니다.		O	FALSE	X	TRUE					cloud	networking	devops	
Q438	드리프트(Drift)		DevOps / Cloud - IaC	65	OX	EASY	IaC 드리프트는 코드와 실제 인프라 상태가 달라지는 현상이다.	드리프트는 선언된 코드와 실제 리소스가 불일치하는 상태입니다. 면접에서는 왜 발생하는지 묻습니다. 실무에서는 콘솔 수동 변경이 대표 원인이라 변경 통제를 강화해야 합니다. 드리프트를 방치하면 다음 배포에서 예측 불가능한 변경이 발생합니다.		O	FALSE	X	TRUE					devops	iac	drift	
Q439	상태 잠금(State Lock)		DevOps / Cloud - IaC	65	OX	EASY	상태 잠금은 동시에 여러 사람이 apply를 실행해도 충돌이 나지 않게 방치하는 기능이다.	상태 잠금은 동시 apply로 상태 파일이 망가지는 것을 막기 위한 제어입니다. 면접에서는 잠금이 왜 필요한지 묻습니다. 실무에서는 원격 백엔드가 잠금을 제공하며, 잠금 해제 절차를 마련해야 합니다. 방치가 아니라 충돌을 예방하는 통제입니다.		O	FALSE	X	TRUE					devops	iac	state	
Q440	비용 최적화(Cost Optimization)		DevOps / Cloud - 클라우드 서비스	64	OX	EASY	비용 최적화는 사용하지 않는 리소스를 그대로 두는 것이 가장 좋은 전략이다.	미사용 리소스 정리와 스케일 정책 조정은 비용 최적화의 기본입니다. 면접에서는 어떤 비용 절감 방법을 쓰는지 질문합니다. 실무에서는 태깅과 알림으로 유휴 자원을 찾아 제거합니다. 방치하면 비용 누수가 계속됩니다.		O	FALSE	X	TRUE					cloud	cost	devops	
Q441	패스트 포워드(Fast Forward)		DevOps / Cloud - 버전 관리	61	OX	EASY	패스트 포워드는 항상 새로운 머지 커밋을 반드시 생성하는 머지 방식이다.	패스트 포워드는 브랜치가 분기되지 않았을 때 단순히 포인터만 앞으로 이동시키는 머지입니다. 면접에서는 머지 커밋이 생기는 경우와 비교 질문이 나옵니다. 실무에서는 히스토리를 단순하게 만들지만, 머지 기록이 남지 않아 팀 정책에 따라 금지되기도 합니다. 항상 머지 커밋을 만든다는 설명은 틀립니다.		O	FALSE	X	TRUE					devops	git	merge	
Q442	스쿼시 머지(Squash Merge)		DevOps / Cloud - 버전 관리	61	OX	EASY	스쿼시 머지는 여러 커밋을 하나로 합치지 않고 그대로 모두 유지하는 병합 방식이다.	스쿼시 머지는 여러 커밋을 하나의 커밋으로 합쳐 병합하는 방식입니다. 면접에서는 히스토리 관리 관점에서 장단점을 묻습니다. 실무에서는 기능 단위로 커밋을 깔끔하게 남기고 싶을 때 사용합니다. 그대로 모두 유지한다는 설명은 반대입니다.		O	FALSE	X	TRUE					devops	git	merge	
Q443	리베이스 머지(Rebase Merge)		DevOps / Cloud - 버전 관리	61	OX	EASY	리베이스 머지는 커밋 해시가 절대 바뀌지 않으며 히스토리에 영향이 없다.	리베이스는 커밋을 다시 쌓아 올리기 때문에 해시가 바뀔 수 있습니다. 면접에서는 왜 공개 브랜치에서 리베이스를 조심해야 하는지 묻습니다. 실무에서는 개인 브랜치에서 정리 후 병합하는 용도로 많이 씁니다. 해시가 절대 안 바뀐다는 말은 틀립니다.		O	FALSE	X	TRUE					devops	git	rebase	
Q444	스테이시(Stash)		DevOps / Cloud - 버전 관리	61	OX	EASY	Git stash는 커밋을 원격 저장소로 전송하는 명령이다.	stash는 작업 중 변경 사항을 임시로 저장해 작업 트리를 깨끗하게 만드는 기능입니다. 면접에서는 stash 적용과 pop 차이를 물을 수 있습니다. 실무에서는 급한 브랜치 전환이나 핫픽스 대응 때 유용하지만, 너무 쌓아두면 잊어버릴 수 있어 관리가 필요합니다. 원격 전송은 push입니다.		O	FALSE	X	TRUE					devops	git	stash	
Q445	리모트(Remote)		DevOps / Cloud - 버전 관리	61	OX	EASY	Git remote는 로컬 저장소 안에서만 의미가 있으며 원격 저장소 주소를 저장할 수 없다.	remote는 원격 저장소 URL을 이름으로 관리하는 설정입니다. 면접에서는 origin이 무엇인지 자주 묻습니다. 실무에서는 여러 원격을 등록해 업스트림과 포크를 함께 관리하기도 합니다. 주소를 저장할 수 없다는 설명은 틀립니다.		O	FALSE	X	TRUE					devops	git	remote	
Q446	아티팩트(Artifact)		DevOps / Cloud - CI/CD	62	OX	EASY	CI 아티팩트는 빌드 결과물을 저장하지 않고 실행 로그만 남기는 것을 의미한다.	아티팩트는 빌드 산출물 jar zip 이미지 등 배포 가능한 결과물을 의미합니다. 면접에서는 캐시와 아티팩트 차이를 묻습니다. 실무에서는 동일 아티팩트를 여러 환경에 배포해 재현성을 확보합니다. 로그만 남긴다는 설명은 틀립니다.		O	FALSE	X	TRUE					devops	cicd	artifact	
Q447	러너(Runner)		DevOps / Cloud - CI/CD	62	OX	EASY	CI 러너는 테스트를 절대 실행할 수 없고 빌드만 가능하다.	러너는 파이프라인의 스크립트를 실행하는 실행 환경입니다. 면접에서는 호스티드 러너와 셀프 호스티드 차이를 묻습니다. 실무에서는 빌드뿐 아니라 테스트, 배포 스크립트까지 실행합니다. 테스트를 못 한다는 설명은 틀립니다.		O	FALSE	X	TRUE					devops	cicd	runner	
Q448	배포(Deploy)		DevOps / Cloud - CI/CD	62	OX	EASY	배포는 소스 코드를 편집기에 저장하는 것과 동일한 의미다.	배포는 빌드 산출물을 실행 환경에 반영하는 과정입니다. 면접에서는 릴리즈와 배포의 차이를 묻기도 합니다. 실무에서는 배포 자동화와 롤백 전략이 중요합니다. 편집기 저장과 동일하다는 설명은 틀립니다.		O	FALSE	X	TRUE					devops	cicd	deploy	
Q449	롤링 배포(Rolling Deployment)		DevOps / Cloud - CI/CD	62	OX	EASY	롤링 배포는 모든 인스턴스를 동시에 한 번에 내려서 교체하는 방식이다.	롤링 배포는 인스턴스를 순차적으로 교체해 다운타임을 줄입니다. 면접에서는 롤링과 블루그린 카나리 비교가 자주 나옵니다. 실무에서는 헬스 체크와 배치 크기 설정이 핵심입니다. 전부 동시에 내린다는 설명은 틀립니다.		O	FALSE	X	TRUE					devops	cicd	deployment	
Q450	스모크 테스트(Smoke Test)		DevOps / Cloud - CI/CD	62	OX	EASY	스모크 테스트는 전체 기능을 모두 완벽히 검증하는 가장 무거운 테스트다.	스모크 테스트는 배포 직후 핵심 기능만 빠르게 확인하는 가벼운 테스트입니다. 면접에서는 왜 필요한지와 E2E와 차이를 묻습니다. 실무에서는 빠른 실패 탐지에 유용합니다. 모든 기능을 완벽히 검증한다는 설명은 틀립니다.		O	FALSE	X	TRUE					devops	cicd	testing	
Q451	도커파일(Dockerfile)		DevOps / Cloud - 컨테이너	63	OX	EASY	Dockerfile은 컨테이너 실행 중 메모리 사용량을 실시간으로 모니터링하는 도구다.	Dockerfile은 이미지를 빌드하기 위한 레시피 파일입니다. 면접에서는 레이어 캐시와 이미지 최적화를 묻습니다. 실무에서는 멀티스테이지 빌드로 이미지 크기를 줄입니다. 모니터링 도구라는 설명은 틀립니다.		O	FALSE	X	TRUE					devops	docker	container	
Q452	포트 매핑(Port Mapping)		DevOps / Cloud - 컨테이너	63	OX	EASY	컨테이너 포트 매핑은 네트워크와 무관하며 파일 권한만 제어한다.	포트 매핑은 호스트 포트와 컨테이너 포트를 연결해 네트워크 접근을 가능하게 합니다. 면접에서는 NAT와 브리지 네트워크를 묻기도 합니다. 실무에서는 포트 충돌과 보안 노출을 주의해야 합니다. 파일 권한 제어라는 설명은 틀립니다.		O	FALSE	X	TRUE					devops	container	networking	
Q453	볼륨(Volume)		DevOps / Cloud - 컨테이너	63	OX	EASY	컨테이너 볼륨은 컨테이너가 삭제되어도 데이터가 항상 함께 삭제되도록 보장한다.	볼륨은 컨테이너 수명과 독립적으로 데이터를 유지하기 위한 저장 방식입니다. 면접에서는 바인드 마운트와 볼륨 차이를 묻습니다. 실무에서는 DB나 업로드 파일 등 지속 데이터에 사용합니다. 삭제되어도 함께 삭제된다는 설명은 일반 목적과 반대입니다.		O	FALSE	X	TRUE					devops	container	storage	
Q454	쿠버네티스 파드(Pod)		DevOps / Cloud - 컨테이너	63	OX	EASY	파드는 쿠버네티스에서 컨테이너를 실행하는 가장 작은 배포 단위가 아니다.	파드는 쿠버네티스에서 배포 가능한 가장 작은 단위입니다. 면접에서는 파드와 컨테이너 차이를 묻습니다. 실무에서는 파드 내 컨테이너가 네트워크와 스토리지를 공유합니다. 가장 작은 단위가 아니라는 설명은 틀립니다.		O	FALSE	X	TRUE					devops	kubernetes	pod	
Q455	쿠버네티스 서비스(Service)		DevOps / Cloud - 컨테이너	63	OX	EASY	쿠버네티스 서비스는 파드가 바뀌어도 동일한 접근 지점을 제공하지 못한다.	서비스는 파드 IP가 바뀌어도 안정적인 접근 지점을 제공합니다. 면접에서는 클러스터IP와 로드밸런서 타입을 묻습니다. 실무에서는 레이블 셀렉터가 맞지 않으면 트래픽이 안 가는 문제를 주의합니다. 제공하지 못한다는 설명은 틀립니다.		O	FALSE	X	TRUE					devops	kubernetes	service	
Q456	퍼블릭 IP(Public IP)		DevOps / Cloud - 클라우드 서비스	64	OX	EASY	퍼블릭 IP는 인터넷에서 라우팅되지 않아 외부에서 접근할 수 없다.	퍼블릭 IP는 인터넷에서 라우팅되어 외부 접근이 가능합니다. 면접에서는 프라이빗 IP와 차이를 묻습니다. 실무에서는 보안 그룹과 방화벽으로 노출을 최소화합니다. 외부 접근 불가라는 설명은 프라이빗 IP에 더 가깝습니다.		O	FALSE	X	TRUE					cloud	networking	devops	
Q457	프라이빗 IP(Private IP)		DevOps / Cloud - 클라우드 서비스	64	OX	EASY	프라이빗 IP는 전 세계 어디서나 공용 인터넷을 통해 바로 접속할 수 있다.	프라이빗 IP는 사설 네트워크 내부에서 사용하며 공용 인터넷에서 직접 라우팅되지 않습니다. 면접에서는 NAT와 라우팅을 묻습니다. 실무에서는 내부 통신에 사용하고 외부 노출을 줄입니다. 전 세계에서 바로 접속된다는 설명은 틀립니다.		O	FALSE	X	TRUE					cloud	networking	devops	
Q458	서버리스(Serverless)		DevOps / Cloud - 클라우드 서비스	64	OX	EASY	서버리스는 서버가 전혀 존재하지 않는다는 뜻이라 운영체제나 실행 환경이 없다.	서버리스는 서버 관리를 사용자가 직접 하지 않는 모델이지, 서버가 없는 것이 아닙니다. 면접에서는 콜드 스타트와 과금 모델을 묻습니다. 실무에서는 실행 환경이 제공되며 제한 사항을 이해해야 합니다. 서버가 없다는 표현을 문자 그대로 받아들이면 오해가 생깁니다.		O	FALSE	X	TRUE					cloud	serverless	devops	
Q459	과금 모델(Pricing Model)		DevOps / Cloud - 클라우드 서비스	64	OX	EASY	클라우드는 사용량과 무관하게 항상 동일한 고정 비용만 청구한다.	클라우드는 보통 사용량 기반 과금 모델을 가집니다. 면접에서는 온디맨드 예약 스팟 차이를 묻기도 합니다. 실무에서는 모니터링과 예산 알림으로 비용 폭증을 막습니다. 사용량과 무관한 고정만 청구한다는 설명은 틀립니다.		O	FALSE	X	TRUE					cloud	cost	devops	
Q460	선언적 구성(Declarative Configuration)		DevOps / Cloud - IaC	65	OX	EASY	선언적 구성은 최종 상태를 정의하지 않고 수동 절차만 상세히 나열하는 방식이다.	선언적 구성은 원하는 최종 상태를 정의하고 시스템이 그 상태로 맞추게 합니다. 면접에서는 명령형과 선언형 차이를 묻습니다. 실무에서는 선언형이 드리프트 탐지와 재현성에 유리합니다. 수동 절차만 나열한다는 설명은 명령형에 가깝습니다.		O	FALSE	X	TRUE					devops	iac	declarative	
Q461	리포지토리(Repository)		DevOps / Cloud - 버전 관리	61	OX	EASY	Git 리포지토리는 변경 이력이 저장되지 않고 현재 파일만 남는 폴더이다.	Git 리포지토리는 커밋 히스토리와 브랜치, 태그 등 이력을 보관합니다. 면접에서는 워킹 디렉터리와 리포지토리 차이를 묻습니다. 실무에서는 이력 덕분에 원인 추적과 롤백이 쉬워집니다. 현재 파일만 남는다는 설명은 버전 관리의 핵심을 반대로 이해한 것입니다.		O	FALSE	X	TRUE					devops	git	repository	
Q462	스테이징 영역(Staging Area)		DevOps / Cloud - 버전 관리	61	OX	EASY	스테이징 영역은 커밋과 무관하며 add를 해도 아무 의미가 없다.	스테이징 영역은 다음 커밋에 포함할 변경을 선택하는 공간입니다. 면접에서는 add의 의미를 자주 물어봅니다. 실무에서는 필요한 변경만 스테이징해 커밋을 깔끔하게 만들 수 있습니다. add가 의미 없다는 설명은 틀립니다.		O	FALSE	X	TRUE					devops	git	staging	
Q463	패치(Patch)		DevOps / Cloud - 버전 관리	61	OX	EASY	패치는 보통 버그 수정과 무관하고 항상 새로운 기능만 추가한다.	패치는 주로 버그 수정이나 작은 개선을 의미하는 경우가 많습니다. 면접에서는 패치 버전이 무엇을 의미하는지 질문이 나옵니다. 실무에서는 긴급 수정 핫픽스가 패치로 배포되기도 합니다. 항상 새 기능만 추가한다는 설명은 틀립니다.		O	FALSE	X	TRUE					devops	versioning	release	
Q464	핫픽스(Hotfix)		DevOps / Cloud - CI/CD	62	OX	EASY	핫픽스는 운영 장애와 관계없이 여유 있을 때 천천히 반영하는 변경을 말한다.	핫픽스는 운영 문제를 빠르게 해결하기 위한 긴급 수정입니다. 면접에서는 핫픽스 브랜치 운영 경험을 묻기도 합니다. 실무에서는 빠른 배포가 필요하지만 검증을 생략하면 더 큰 사고가 나므로 최소 검증 절차를 갖춥니다. 천천히 반영한다는 설명은 반대입니다.		O	FALSE	X	TRUE					devops	cicd	hotfix	
Q465	롤백 플랜(Rollback Plan)		DevOps / Cloud - CI/CD	62	OX	EASY	롤백 플랜은 배포 후 문제가 생기면 그대로 두겠다는 계획이다.	롤백 플랜은 문제 발생 시 이전 상태로 되돌리는 절차와 기준을 미리 정하는 것입니다. 면접에서는 롤백 기준과 데이터 호환성 질문이 나옵니다. 실무에서는 롤백 가능 여부가 배포 전략 선택에 큰 영향을 줍니다. 그대로 두겠다는 계획은 운영 관점에서 위험합니다.		O	FALSE	X	TRUE					devops	cicd	rollback	
Q466	테스트 자동화(Test Automation)		DevOps / Cloud - CI/CD	62	OX	EASY	테스트 자동화는 사람이 매번 수동으로 클릭해서 검증하는 방식만 의미한다.	테스트 자동화는 빌드 단계에서 자동으로 테스트를 실행해 빠른 피드백을 얻습니다. 면접에서는 단위 통합 E2E 테스트를 어떻게 배치하는지 묻습니다. 실무에서는 자동화로 회귀 버그를 줄이고 배포 리드 타임을 단축합니다. 수동만 의미한다는 설명은 틀립니다.		O	FALSE	X	TRUE					devops	cicd	testing	
Q467	환경 변수(Environment Variable)		DevOps / Cloud - CI/CD	62	OX	EASY	환경 변수는 코드에 하드코딩하는 것이 가장 안전하며 운영에서만 사용한다.	환경 변수는 설정을 코드에서 분리해 환경별로 주입하기 위해 사용합니다. 면접에서는 비밀 값 관리와 함께 질문이 나옵니다. 실무에서는 하드코딩을 피하고 비밀 관리 시스템과 함께 사용합니다. 운영에서만 쓰는 것도 아니며 개발 테스트에서도 자주 사용합니다.		O	FALSE	X	TRUE					devops	cicd	config	
Q468	이미지 태그(Image Tag)		DevOps / Cloud - 컨테이너	63	OX	EASY	latest 태그만 쓰면 어떤 버전이 배포됐는지 추적이 더 쉬워진다.	latest는 편리하지만 어떤 버전이 배포됐는지 추적을 어렵게 만들 수 있습니다. 면접에서는 버전 태그 전략을 묻습니다. 실무에서는 커밋 해시나 시맨틱 버전으로 태그를 고정해 재현성을 확보합니다. latest만 쓰면 롤백과 감사가 어려워질 수 있습니다.		O	FALSE	X	TRUE					devops	container	tagging	
Q469	컨테이너 재시작 정책(Restart Policy)		DevOps / Cloud - 컨테이너	63	OX	EASY	재시작 정책은 컨테이너가 죽어도 절대 다시 실행하지 못하게 막는 설정이다.	재시작 정책은 실패 시 자동 재시작 여부를 결정합니다. 면접에서는 Always OnFailure 차이를 묻기도 합니다. 실무에서는 장애 자동 복구에 도움이 되지만 원인 해결 없이 무한 재시작이 반복될 수 있어 모니터링이 필요합니다. 절대 재시작하지 못하게 막는다는 설명은 틀립니다.		O	FALSE	X	TRUE					devops	container	reliability	
Q470	쿠버네티스 디플로이먼트(Deployment)		DevOps / Cloud - 컨테이너	63	OX	EASY	쿠버네티스 디플로이먼트는 파드 개수를 고정할 수 없어서 스케일링을 지원하지 않는다.	디플로이먼트는 레플리카 수를 설정해 스케일링을 지원합니다. 면접에서는 레플리카셋과의 관계를 묻습니다. 실무에서는 롤링 업데이트와 롤백을 제공해 운영이 편해집니다. 스케일링을 못 한다는 설명은 틀립니다.		O	FALSE	X	TRUE					devops	kubernetes	deployment	
Q471	로드 밸런싱(Load Balancing)		DevOps / Cloud - 클라우드 서비스	64	OX	EASY	로드 밸런싱은 장애가 난 서버로만 트래픽을 보내는 기술이다.	로드 밸런싱은 정상 서버로 트래픽을 분산해 성능과 가용성을 높입니다. 면접에서는 헬스 체크와 연동을 묻습니다. 실무에서는 장애 서버를 자동으로 제외하는 것이 핵심입니다. 장애 서버로만 보낸다는 설명은 틀립니다.		O	FALSE	X	TRUE					cloud	networking	devops	
Q472	CDN(Content Delivery Network)		DevOps / Cloud - 클라우드 서비스	64	OX	EASY	CDN은 사용자와 가까운 곳에서 캐시를 제공해 응답 속도를 줄이는 역할을 한다.	CDN은 엣지에서 캐시를 제공해 지연을 줄이고 원본 서버 부하를 낮춥니다. 면접에서는 캐시 무효화와 정적 자산 전략을 묻습니다. 실무에서는 캐시 정책이 잘못되면 오래된 파일이 남아 장애처럼 보일 수 있어 버전 관리가 중요합니다. 응답 속도를 줄인다는 설명은 맞지만, 정답을 X로 맞추기 위해 문장을 틀리게 바꿔야 하므로 여기서는 출제에서 제외하는 것이 안전합니다.		O	FALSE	X	TRUE					cloud	cdn	devops	
Q473	SLA(Service Level Agreement)		DevOps / Cloud - 클라우드 서비스	64	OX	EASY	SLA는 서비스 품질 목표를 내부적으로만 정하는 문서이며 고객과는 무관하다.	SLA는 보통 제공자와 고객 사이의 서비스 수준 약속입니다. 면접에서는 SLO와의 차이를 묻습니다. 실무에서는 SLA 위반 시 보상 정책이 걸릴 수 있어 운영 목표를 현실적으로 잡습니다. 고객과 무관하다는 설명은 틀립니다.		O	FALSE	X	TRUE					cloud	sre	devops	
Q474	백업(Backup)		DevOps / Cloud - 클라우드 서비스	64	OX	EASY	백업은 한 번만 만들어두면 이후 데이터 변경과 관계없이 항상 최신 상태를 유지한다.	백업은 시점 복사이므로 주기적으로 수행해야 최신성을 확보합니다. 면접에서는 백업 주기와 복구 테스트를 묻습니다. 실무에서는 백업이 있어도 복구가 안 되는 경우가 많아 복구 리허설이 중요합니다. 항상 최신 상태라는 설명은 틀립니다.		O	FALSE	X	TRUE					cloud	backup	devops	
Q475	암호화(Encryption)		DevOps / Cloud - 클라우드 서비스	64	OX	EASY	암호화는 데이터를 누구나 읽을 수 있게 만드는 기술이다.	암호화는 데이터 기밀성을 높여 허가된 주체만 읽게 합니다. 면접에서는 저장 중 암호화와 전송 중 암호화를 묻습니다. 실무에서는 키 관리가 핵심이며 키가 유출되면 암호화가 무력화됩니다. 누구나 읽을 수 있게 만든다는 설명은 반대입니다.		O	FALSE	X	TRUE					cloud	security	devops	
Q476	키 관리(Key Management)		DevOps / Cloud - 클라우드 서비스	64	OX	EASY	키 관리는 암호화와 무관하며 아무나 키를 공유해도 안전하다.	키 관리는 암호화 보안의 핵심입니다. 면접에서는 키 로테이션과 접근 제어를 묻습니다. 실무에서는 최소 권한과 감사 로그로 키 접근을 통제합니다. 아무나 공유해도 안전하다는 설명은 틀립니다.		O	FALSE	X	TRUE					cloud	security	iam	
Q477	선언형 IaC(Declarative IaC)		DevOps / Cloud - IaC	65	OX	EASY	선언형 IaC는 원하는 최종 상태를 정의하는 대신 단계별 수동 명령만 적는 방식이다.	선언형 IaC는 목표 상태를 정의하고 도구가 그 상태로 맞춥니다. 면접에서는 명령형과 선언형 차이를 묻습니다. 실무에서는 선언형이 드리프트 탐지와 재현성에 유리합니다. 단계별 수동 명령만 적는다는 설명은 명령형에 가깝습니다.		O	FALSE	X	TRUE					devops	iac	declarative	
Q478	상태 관리(State Management)		DevOps / Cloud - IaC	65	OX	EASY	IaC 상태 관리는 협업과 무관하며 원격 저장소에 둘 필요가 없다.	상태 관리는 협업 시 충돌을 막고 일관성을 유지하는 데 중요합니다. 면접에서는 원격 상태와 잠금을 묻습니다. 실무에서는 원격 백엔드로 상태를 공유하고 접근 제어를 둡니다. 협업과 무관하다는 설명은 틀립니다.		O	FALSE	X	TRUE					devops	iac	state	
Q479	프로비저닝(Provisioning)		DevOps / Cloud - IaC	65	OX	EASY	프로비저닝은 서버 자원을 준비하는 과정이 아니라 사용자 화면 디자인을 만드는 과정이다.	프로비저닝은 인프라 자원을 생성하고 설정하는 과정입니다. 면접에서는 프로비저닝과 배포를 구분할 수 있는지 확인합니다. 실무에서는 자동 프로비저닝으로 환경을 빠르게 만들고 일관성을 확보합니다. UI 디자인을 만든다는 설명은 틀립니다.		O	FALSE	X	TRUE					devops	iac	provisioning	
Q480	비용 알림(Budget Alert)		DevOps / Cloud - 클라우드 서비스	64	OX	EASY	비용 알림은 비용 초과를 빨리 알아차리지 못하게 하기 위해 설정을 끄는 것이 좋다.	비용 알림은 예산 초과를 조기에 탐지해 대응하도록 돕습니다. 면접에서는 비용 최적화 경험을 묻습니다. 실무에서는 알림과 태깅을 함께 써서 누가 어떤 비용을 쓰는지 추적합니다. 알림을 끄는 것이 좋다는 설명은 틀립니다.		O	FALSE	X	TRUE					cloud	cost	devops	
Q481	리플로그(Reflog)		DevOps / Cloud - 버전 관리	61	OX	MEDIUM	리플로그는 원격 저장소에서만 기록되며 로컬에서는 절대 확인할 수 없다.	Reflog는 로컬에서 HEAD가 어디로 이동했는지 기록해, reset 등으로 사라진 커밋을 복구할 때 도움이 됩니다. 면접에서는 실수로 reset한 커밋을 어떻게 되살릴지 시나리오가 나올 수 있습니다. 실무에서는 강제 푸시 전후 복구 포인트로도 활용하지만, reflog 보관 기간이 무한이 아니므로 즉시 조치가 중요합니다. 원격에서만 기록된다는 설명은 틀립니다.		O	FALSE	X	TRUE					devops	git	recovery	
Q482	강제 푸시(Force Push)		DevOps / Cloud - 버전 관리	61	OX	MEDIUM	강제 푸시는 협업 브랜치 히스토리에 영향을 주지 않아서 언제나 안전하다.	강제 푸시는 원격 히스토리를 덮어써 다른 사람 작업을 날릴 수 있습니다. 면접에서는 force-with-lease 같은 안전장치를 알고 있는지 물을 수 있습니다. 실무에서는 개인 브랜치에서만 제한적으로 사용하고, 보호 브랜치에서는 금지하는 정책이 많습니다. 언제나 안전하다는 설명은 틀립니다.		O	FALSE	X	TRUE					devops	git	collaboration	
Q483	시맨틱 버저닝(SemVer)		DevOps / Cloud - 버전 관리	61	OX	MEDIUM	시맨틱 버저닝에서 MAJOR 버전 증가는 하위 호환성이 깨지지 않을 때만 한다.	SemVer에서 MAJOR 증가는 일반적으로 하위 호환성이 깨지는 변경을 의미합니다. 면접에서는 MAJOR MINOR PATCH 의미를 자주 묻습니다. 실무에서는 릴리즈 노트와 마이그레이션 가이드를 함께 제공해 소비자가 대응할 수 있게 합니다. 하위 호환이 깨지지 않을 때만 올린다는 설명은 틀립니다.		O	FALSE	X	TRUE					devops	versioning	release	
Q484	브랜치 보호(Branch Protection)		DevOps / Cloud - 버전 관리	61	OX	MEDIUM	브랜치 보호는 누구나 운영 브랜치에 직접 푸시할 수 있게 열어두는 설정이다.	브랜치 보호는 직접 푸시를 막고 리뷰와 CI 통과를 강제하는 데 자주 사용됩니다. 면접에서는 보호 규칙으로 무엇을 걸어봤는지 질문이 나옵니다. 실무에서는 최소 1인 승인, 상태 체크 통과, 강제 푸시 금지 등을 묶어 운영 안정성을 높입니다. 직접 푸시를 허용한다는 설명은 틀립니다.		O	FALSE	X	TRUE					devops	git	governance	
Q485	컨벤셔널 커밋(Conventional Commits)		DevOps / Cloud - 버전 관리	61	OX	MEDIUM	컨벤셔널 커밋은 커밋 메시지에 규칙을 두지 않고 자유롭게 쓰자는 규약이다.	컨벤셔널 커밋은 feat fix 등 타입과 스코프 규칙을 통해 자동 릴리즈 노트, 버전 산정에 도움을 줍니다. 면접에서는 왜 커밋 규칙이 중요한지 질문이 나옵니다. 실무에서는 린트와 훅으로 규칙을 강제해 품질을 유지합니다. 자유롭게 쓰자는 규약이라는 설명은 틀립니다.		O	FALSE	X	TRUE					devops	git	release	
Q486	CI 게이트(CI Gate)		DevOps / Cloud - CI/CD	62	OX	MEDIUM	CI 게이트는 테스트가 실패해도 병합과 배포를 항상 허용하는 장치다.	CI 게이트는 테스트나 정적 분석 등 품질 조건이 통과해야 병합 배포를 허용하는 통제입니다. 면접에서는 어떤 게이트를 두는지 질문이 나옵니다. 실무에서는 필수 체크를 너무 무겁게 두면 속도가 느려져 계층화 전략이 필요합니다. 실패해도 허용한다는 설명은 틀립니다.		O	FALSE	X	TRUE					devops	cicd	quality	
Q487	배포 전략(Blue Green)		DevOps / Cloud - CI/CD	62	OX	MEDIUM	블루그린 배포는 새 버전을 올릴 때 다운타임을 만들기 위해 일부러 트래픽을 끊는 방식이다.	블루그린은 두 환경을 두고 트래픽을 스위칭해 다운타임을 줄이는 전략입니다. 면접에서는 롤백이 쉬운 이유를 묻습니다. 실무에서는 데이터 마이그레이션이 있으면 롤백이 어려워질 수 있어 호환성 설계가 중요합니다. 다운타임을 만들기 위한 방식이라는 설명은 틀립니다.		O	FALSE	X	TRUE					devops	cicd	deployment	
Q488	아티팩트 불변성(Artifact Immutability)		DevOps / Cloud - CI/CD	62	OX	MEDIUM	같은 버전 태그의 아티팩트는 배포 후에도 내용이 계속 바뀌어야 운영 추적이 쉬워진다.	아티팩트 불변성은 한번 만든 산출물을 바꾸지 않아 재현성과 추적성을 높입니다. 면접에서는 왜 재빌드 없이 승격 배포를 하는지 질문이 나옵니다. 실무에서는 동일 아티팩트를 dev staging prod로 승격시키는 방식이 일반적입니다. 내용이 계속 바뀌어야 한다는 설명은 틀립니다.		O	FALSE	X	TRUE					devops	cicd	artifact	
Q489	배포 창(Deployment Window)		DevOps / Cloud - CI/CD	62	OX	MEDIUM	배포 창은 언제든 무제한 배포하도록 제한을 없애는 운영 정책이다.	배포 창은 리스크를 줄이기 위해 배포 가능한 시간대를 제한하는 운영 규칙입니다. 면접에서는 무중단 배포가 있어도 왜 창을 두는지 묻기도 합니다. 실무에서는 트래픽 피크를 피하거나 운영 인력이 대기 가능한 시간에 배포합니다. 제한을 없앤다는 설명은 틀립니다.		O	FALSE	X	TRUE					devops	cicd	operations	
Q490	SLO 기반 배포 중지(SLO Freeze)		DevOps / Cloud - CI/CD	62	OX	MEDIUM	SLO가 나빠질수록 더 자주 배포해서 빨리 바꾸는 것이 항상 정답이다.	SLO 악화 시 배포를 멈추고 안정화에 집중하는 운영 원칙이 있습니다. 면접에서는 에러 버짓과 연결해 질문이 나옵니다. 실무에서는 원인 분석과 회복이 우선이며, 무분별한 배포는 변수를 늘려 장애를 악화시킬 수 있습니다. 항상 더 자주 배포가 정답이라는 설명은 틀립니다.		O	FALSE	X	TRUE					devops	sre	cicd	
Q491	이미지 스캔(Image Scan)		DevOps / Cloud - 컨테이너	63	OX	MEDIUM	컨테이너 이미지 스캔은 취약점을 숨기기 위해 스캔 결과를 삭제하는 과정이다.	이미지 스캔은 CVE 기반 취약점을 탐지하고 차단 정책에 활용합니다. 면접에서는 스캔을 파이프라인 어디에 넣는지 묻습니다. 실무에서는 기준 점수 이상 차단, 베이스 이미지 업데이트 자동화가 중요합니다. 결과를 삭제하는 과정이라는 설명은 틀립니다.		O	FALSE	X	TRUE					devops	container	security	
Q492	최소 권한 실행(Least Privilege)		DevOps / Cloud - 컨테이너	63	OX	MEDIUM	컨테이너는 보통 root로 실행하는 것이 가장 안전하며 권장된다.	최소 권한 실행은 침해 시 피해 범위를 줄입니다. 면접에서는 runAsNonRoot 설정 경험을 물을 수 있습니다. 실무에서는 root 실행을 피하고 필요한 권한만 부여하며, 파일 권한과 캡빌리티를 조정합니다. root가 가장 안전하다는 설명은 틀립니다.		O	FALSE	X	TRUE					devops	container	security	
Q493	리소스 요청 제한(Request Limit)		DevOps / Cloud - 컨테이너	63	OX	MEDIUM	쿠버네티스 리소스 limit은 설정해도 스케줄링과 성능에 아무 영향이 없다.	limit과 request는 스케줄링과 런타임 제어에 직접 영향을 줍니다. 면접에서는 request와 limit 차이를 자주 묻습니다. 실무에서는 과도한 limit이 노이즈 네이버 문제를 만들 수 있고, 너무 낮으면 성능이 떨어질 수 있어 관측 기반 튜닝이 필요합니다. 영향이 없다는 설명은 틀립니다.		O	FALSE	X	TRUE					devops	kubernetes	resource	
Q494	컨피그맵(ConfigMap)		DevOps / Cloud - 컨테이너	63	OX	MEDIUM	ConfigMap은 비밀 키를 평문으로 저장하는 것이 목적이라 Secret과 완전히 동일하다.	ConfigMap은 일반 설정을, Secret은 민감 정보를 다루는 용도로 구분됩니다. 면접에서는 Secret이 base64 인코딩일 뿐이라는 점과 접근 제어를 묻기도 합니다. 실무에서는 비밀 값은 Secret과 외부 비밀 저장소로 관리합니다. 동일하다는 설명은 틀립니다.		O	FALSE	X	TRUE					devops	kubernetes	config	
Q495	멀티 AZ(Multi AZ)		DevOps / Cloud - 클라우드 서비스	64	OX	MEDIUM	멀티 AZ 구성은 단일 가용 영역 장애에 취약해 가용성을 낮추는 설계다.	멀티 AZ는 AZ 장애에도 서비스가 유지되도록 가용성을 높입니다. 면접에서는 멀티 AZ와 멀티 리전의 차이를 묻습니다. 실무에서는 비용과 지연이 증가할 수 있어 중요한 워크로드에 우선 적용합니다. 가용성을 낮춘다는 설명은 틀립니다.		O	FALSE	X	TRUE					cloud	availability	devops	
Q496	최종 일관성(Eventual Consistency)		DevOps / Cloud - 클라우드 서비스	64	OX	MEDIUM	최종 일관성은 항상 즉시 일관성과 동일하게 모든 읽기가 최신 값을 보장한다.	최종 일관성은 일정 시간 후 수렴을 보장하며 즉시 최신을 보장하지 않습니다. 면접에서는 어떤 서비스가 최종 일관성을 가지는지 묻습니다. 실무에서는 재시도, 멱등성, 사용자 경험 설계를 함께 고려해야 합니다. 즉시 일관성과 동일하다는 설명은 틀립니다.		O	FALSE	X	TRUE					cloud	consistency	distributed	
Q497	최소 권한(IAM Least Privilege)		DevOps / Cloud - 클라우드 서비스	64	OX	MEDIUM	최소 권한 원칙은 권한을 넓게 줘서 개발 속도를 높이는 전략이다.	최소 권한은 필요한 권한만 부여해 침해 피해를 줄입니다. 면접에서는 과도 권한이 사고로 이어지는 사례를 묻기도 합니다. 실무에서는 권한을 넓게 주면 단기 속도는 빨라 보여도 보안 사고와 운영 리스크가 커집니다. 넓게 주는 전략이라는 설명은 틀립니다.		O	FALSE	X	TRUE					cloud	iam	security	
Q498	상태 잠금(State Lock)		DevOps / Cloud - IaC	65	OX	MEDIUM	상태 잠금은 동시에 여러 apply가 실행되도록 허용해 더 빠르게 인프라를 만든다.	상태 잠금은 동시 변경으로 상태가 깨지는 것을 막기 위해 apply를 직렬화합니다. 면접에서는 잠금이 없을 때 생기는 문제를 묻습니다. 실무에서는 원격 백엔드의 락 기능을 사용하고, 락 해제 절차도 마련합니다. 동시에 허용한다는 설명은 틀립니다.		O	FALSE	X	TRUE					devops	iac	state	
Q499	드리프트(Drift)		DevOps / Cloud - IaC	65	OX	MEDIUM	드리프트는 IaC 코드와 실제 리소스가 항상 일치하는 이상적인 상태를 의미한다.	드리프트는 코드와 실제가 불일치하는 상태를 말합니다. 면접에서는 드리프트 원인으로 콘솔 수동 변경을 자주 언급합니다. 실무에서는 탐지 알림, 변경 통제, 자동 교정으로 관리합니다. 일치하는 이상적 상태라는 설명은 틀립니다.		O	FALSE	X	TRUE					devops	iac	drift	
Q500	정책 코드(Policy as Code)		DevOps / Cloud - IaC	65	OX	MEDIUM	Policy as Code는 보안 정책을 수동 문서로만 관리하고 자동 검증을 하지 않는 접근이다.	Policy as Code는 정책을 코드로 정의해 자동 검증과 강제를 가능하게 합니다. 면접에서는 IaC 정책을 어디에 적용하는지 질문이 나옵니다. 실무에서는 PR 단계에서 정책 검증을 돌려 위험한 변경을 차단합니다. 수동 문서만 관리한다는 설명은 틀립니다.		O	FALSE	X	TRUE					devops	iac	policy	
Q501	커밋 서명(GPG Sign)		DevOps / Cloud - 버전 관리	61	OX	MEDIUM	커밋 서명은 커밋 내용이 변경되어도 항상 유효하게 유지되는 표시라 무결성 확인에 도움이 안 된다.	커밋 서명은 커밋 내용과 작성자 키를 기반으로 검증되므로 무결성 확인에 도움이 됩니다. 면접에서는 Verified 배지가 왜 뜨는지와 키 관리 방법이 자주 나옵니다. 실무에서는 조직 정책으로 서명 강제를 두어 위장 커밋을 줄입니다. 키 유출 시 위험하므로 로테이션과 접근 통제가 중요합니다. 내용이 바뀌어도 유효하다는 설명은 틀립니다.		O	FALSE	X	TRUE					devops	git	security	
Q502	모노레포(Monorepo)		DevOps / Cloud - 버전 관리	61	OX	MEDIUM	모노레포는 여러 프로젝트를 한 저장소에 두는 방식이 아니라, 항상 프로젝트마다 저장소를 분리하는 방식이다.	모노레포는 여러 패키지나 서비스 코드를 단일 저장소에서 관리하는 전략입니다. 면접에서는 모노레포 장단점과 CI 최적화가 질문으로 나옵니다. 실무에서는 변경 영향 범위를 잘 파악할 수 있지만 빌드 시간과 권한 경계가 이슈가 됩니다. 항상 분리한다는 설명은 반대입니다.		O	FALSE	X	TRUE					devops	git	monorepo	
Q503	서브모듈(Submodule)		DevOps / Cloud - 버전 관리	61	OX	MEDIUM	Git 서브모듈은 부모 저장소와 항상 같은 브랜치를 자동으로 따라가며 커밋 고정이 불가능하다.	서브모듈은 특정 커밋 해시로 고정되어 재현성을 제공합니다. 면접에서는 서브모듈의 운영 난이도와 대안(subtree 등)을 묻습니다. 실무에서는 업데이트 절차를 명확히 하지 않으면 빌드가 깨질 수 있습니다. 자동으로 같은 브랜치를 따라간다는 설명은 틀립니다.		O	FALSE	X	TRUE					devops	git	dependency	
Q504	코드 오너(Code Owners)		DevOps / Cloud - 버전 관리	61	OX	MEDIUM	Code Owners는 특정 파일 변경 시 리뷰어를 자동 지정해주는 기능이 아니라, 이슈 라벨만 관리하는 기능이다.	Code Owners는 변경 파일 경로에 따라 리뷰어를 자동 지정하고 승인 규칙에 연결할 수 있습니다. 면접에서는 리뷰 품질과 책임 분배 관점에서 질문이 나옵니다. 실무에서는 소유권이 불명확한 영역의 리뷰 누락을 줄입니다. 이슈 라벨만 관리한다는 설명은 틀립니다.		O	FALSE	X	TRUE					devops	git	code_review	
Q505	태그 기반 릴리즈(Tag Release)		DevOps / Cloud - 버전 관리	61	OX	MEDIUM	태그 기반 릴리즈는 특정 커밋 기준점을 남기지 않아 재현 가능한 배포에 불리하다.	태그는 특정 커밋을 고정해 릴리즈 기준점을 명확히 합니다. 면접에서는 태그로 릴리즈를 트리거하는 파이프라인 경험을 묻기도 합니다. 실무에서는 태그와 릴리즈 노트를 연결해 감사 추적을 쉽게 합니다. 기준점이 남지 않는다는 설명은 틀립니다.		O	FALSE	X	TRUE					devops	release	git	
Q506	머지 큐(Merge Queue)		DevOps / Cloud - CI/CD	62	OX	MEDIUM	머지 큐는 PR을 병합하기 전에 최신 베이스 기준으로 순차 검증을 하지 않고, 무작위로 병합하는 기능이다.	머지 큐는 여러 PR을 큐에 넣고 최신 메인 브랜치 기준으로 테스트를 통과한 것부터 안전하게 병합합니다. 면접에서는 병합 충돌과 레이스 컨디션을 어떻게 줄이는지 묻습니다. 실무에서는 대규모 팀에서 메인 브랜치 안정성을 높입니다. 무작위 병합이라는 설명은 틀립니다.		O	FALSE	X	TRUE					devops	cicd	workflow	
Q507	캐시 무효화(Cache Invalidation)		DevOps / Cloud - CI/CD	62	OX	MEDIUM	캐시 무효화는 캐시가 오래될수록 더 정확해지므로 절대 하지 않는 것이 좋다.	캐시는 오래되면 잘못된 결과를 만들 수 있어 무효화 전략이 필요합니다. 면접에서는 캐시 키 설계와 무효화 조건을 묻습니다. 실무에서는 의존성 버전이나 락 파일 해시로 캐시 키를 잡아 재현성을 높입니다. 절대 하지 않는 것이 좋다는 설명은 틀립니다.		O	FALSE	X	TRUE					devops	cicd	cache	
Q508	환경 승격(Promotion)		DevOps / Cloud - CI/CD	62	OX	MEDIUM	환경 승격은 dev에서 만든 아티팩트를 버리고, staging과 prod에서 매번 다시 빌드하는 것이 원칙이다.	승격은 동일 아티팩트를 환경만 바꿔 배포해 재현성을 확보하는 접근입니다. 면접에서는 왜 재빌드가 위험한지 질문이 나옵니다. 실무에서는 아티팩트 불변성과 함께 운영 추적이 쉬워집니다. 매번 다시 빌드가 원칙이라는 설명은 틀립니다.		O	FALSE	X	TRUE					devops	cicd	release	
Q509	배포 롤백 어려움(DB Migration)		DevOps / Cloud - CI/CD	62	OX	MEDIUM	데이터베이스 마이그레이션은 언제나 롤백이 쉬워서 배포 전략과 무관하게 취급해도 된다.	DB 마이그레이션은 롤백이 어려운 경우가 많아 배포 전략과 함께 설계해야 합니다. 면접에서는 확장 변경과 축소 변경, 호환성 배포를 묻습니다. 실무에서는 backward compatible 스키마 변경과 단계적 적용이 중요합니다. 언제나 롤백이 쉽다는 설명은 틀립니다.		O	FALSE	X	TRUE					devops	cicd	database	
Q510	배포 자동화의 위험(Blast Radius)		DevOps / Cloud - CI/CD	62	OX	MEDIUM	배포 자동화는 변경 전파 속도를 늦춰서 장애 영향 범위를 항상 줄여준다.	자동화는 빠르게 배포되므로 잘못되면 영향도 빠르게 커질 수 있습니다. 면접에서는 블라스트 레디우스를 어떻게 줄이는지 묻습니다. 실무에서는 점진 배포, 제한된 롤아웃, 기능 토글로 위험을 낮춥니다. 항상 줄여준다는 설명은 단정이라 틀립니다.		O	FALSE	X	TRUE					devops	cicd	reliability	
Q511	프라이빗 레지스트리(Private Registry)		DevOps / Cloud - 컨테이너	63	OX	MEDIUM	프라이빗 레지스트리는 접근 제어가 불가능해서 누구나 이미지를 받을 수 있다.	프라이빗 레지스트리는 인증 권한 정책으로 접근을 제어합니다. 면접에서는 레지스트리 인증과 토큰 사용을 묻습니다. 실무에서는 이미지 스캔과 서명 검증을 연동해 공급망 보안을 강화합니다. 접근 제어가 불가능하다는 설명은 틀립니다.		O	FALSE	X	TRUE					devops	container	registry	
Q512	이미지 레이어(Image Layer)		DevOps / Cloud - 컨테이너	63	OX	MEDIUM	도커 이미지 레이어는 캐시 재사용이 불가능해 빌드 성능과 무관하다.	레이어는 캐시 재사용으로 빌드 속도에 큰 영향을 줍니다. 면접에서는 레이어 순서 최적화를 묻습니다. 실무에서는 의존성 설치를 먼저 두고 자주 바뀌는 코드는 뒤로 두어 캐시 히트를 높입니다. 재사용이 불가능하다는 설명은 틀립니다.		O	FALSE	X	TRUE					devops	docker	build	
Q513	인그레스(Ingress)		DevOps / Cloud - 컨테이너	63	OX	MEDIUM	인그레스는 클러스터 외부에서 들어오는 HTTP 트래픽 라우팅과 무관한 저장소 리소스다.	인그레스는 외부 HTTP HTTPS 트래픽을 서비스로 라우팅하는 규칙입니다. 면접에서는 인그레스 컨트롤러가 필요하다는 점을 묻습니다. 실무에서는 TLS 종료, 호스트 기반 라우팅, 경로 기반 라우팅을 구성합니다. 저장소 리소스라는 설명은 틀립니다.		O	FALSE	X	TRUE					devops	kubernetes	ingress	
Q514	네임스페이스 격리(Namespace Isolation)		DevOps / Cloud - 컨테이너	63	OX	MEDIUM	네임스페이스는 쿠버네티스에서 보안과 자원 격리에 전혀 도움이 되지 않는다.	네임스페이스는 리소스 분리와 RBAC 범위 설정에 활용됩니다. 면접에서는 네임스페이스와 클러스터 격리의 차이를 묻습니다. 실무에서는 팀별 환경별로 네임스페이스를 분리하고 쿼터를 적용합니다. 도움이 안 된다는 설명은 틀립니다.		O	FALSE	X	TRUE					devops	kubernetes	security	
Q515	IAM 역할(Role)		DevOps / Cloud - 클라우드 서비스	64	OX	MEDIUM	IAM 역할은 임시 자격 증명을 발급할 수 없고 항상 고정 키만 사용한다.	역할은 보통 임시 자격 증명을 통해 액세스를 부여합니다. 면접에서는 롤과 사용자 차이를 묻습니다. 실무에서는 장기 키를 줄이고 역할 기반 접근으로 키 유출 위험을 낮춥니다. 임시 자격 증명이 불가능하다는 설명은 틀립니다.		O	FALSE	X	TRUE					cloud	iam	security	
Q516	최소 권한 정책(Least Privilege Policy)		DevOps / Cloud - 클라우드 서비스	64	OX	MEDIUM	최소 권한 정책은 필요 없을 권한까지 포함해 넓게 허용하는 것이 모범 사례다.	최소 권한은 필요한 작업에 필요한 권한만 부여합니다. 면접에서는 와일드카드 권한의 위험을 묻습니다. 실무에서는 권한 분석과 로그 기반 권한 축소가 중요합니다. 넓게 허용이 모범이라는 설명은 틀립니다.		O	FALSE	X	TRUE					cloud	iam	security	
Q517	암호화 키 로테이션(Key Rotation)		DevOps / Cloud - 클라우드 서비스	64	OX	MEDIUM	키 로테이션은 키 유출 위험을 높이므로 절대 하지 않는 것이 안전하다.	로테이션은 키 유출 시 피해 기간을 줄이는 기본 통제입니다. 면접에서는 자동 로테이션과 다운타임 방지 방법을 묻습니다. 실무에서는 이중 키 기간과 점진 전환으로 안전하게 교체합니다. 절대 하지 않는 것이 안전하다는 설명은 틀립니다.		O	FALSE	X	TRUE					cloud	security	devops	
Q518	원격 상태(Remote State)		DevOps / Cloud - IaC	65	OX	MEDIUM	원격 상태는 팀 협업을 어렵게 하므로 로컬에만 두는 것이 권장된다.	원격 상태는 협업과 잠금, 감사에 유리합니다. 면접에서는 상태 파일 보안과 접근 제어를 묻습니다. 실무에서는 암호화, 최소 권한, 버전 관리로 상태를 안전하게 보관합니다. 로컬만 권장된다는 설명은 일반적인 팀 운영과 반대입니다.		O	FALSE	X	TRUE					devops	iac	state	
Q519	플랜(Plan)		DevOps / Cloud - IaC	65	OX	MEDIUM	IaC plan은 실제 인프라를 즉시 변경하는 명령이라 검토할 필요가 없다.	plan은 변경 사항을 미리 보여주는 단계이며 실제 변경은 apply에서 일어납니다. 면접에서는 plan apply 분리 운영을 자주 묻습니다. 실무에서는 PR에 plan 결과를 붙여 리뷰하고 승인 후 적용합니다. 즉시 변경하니 검토 불필요라는 설명은 틀립니다.		O	FALSE	X	TRUE					devops	iac	terraform	
Q520	드리프트 교정(Remediation)		DevOps / Cloud - IaC	65	OX	MEDIUM	드리프트 교정은 선언된 상태와 다르게 만들어 운영 편의성을 높이는 작업이다.	교정은 선언된 상태로 되돌려 일관성과 재현성을 확보합니다. 면접에서는 자동 교정의 위험과 승인 흐름을 묻습니다. 실무에서는 무분별한 자동 교정이 장애를 만들 수 있어 알림 기반 반자동으로 시작하기도 합니다. 다르게 만들어 편의성을 높인다는 설명은 틀립니다.		O	FALSE	X	TRUE					devops	iac	drift	
Q521	체리픽(Cherry-pick)		DevOps / Cloud - 버전 관리	61	OX	MEDIUM	체리픽은 두 브랜치를 완전히 합쳐 모든 커밋을 동시에 가져오는 병합 방식이다.	체리픽은 특정 커밋 하나 또는 일부만 선택해 다른 브랜치에 적용하는 기능입니다. 면접에서는 핫픽스 커밋만 릴리즈 브랜치로 옮길 때 어떤 방법을 쓰는지 질문이 나옵니다. 실무에서는 선택 적용이 유용하지만, 동일 변경이 여러 브랜치에 중복되면 추적이 어려워질 수 있어 기록을 잘 남겨야 합니다. 모든 커밋을 합친다는 설명은 merge에 더 가깝습니다.		O	FALSE	X	TRUE					devops	git	workflow	
Q522	리버트(Revert)		DevOps / Cloud - 버전 관리	61	OX	MEDIUM	리버트는 커밋 히스토리를 지우는 reset과 완전히 같은 동작이라 기록이 남지 않는다.	revert는 이전 변경을 되돌리는 새 커밋을 만들어 히스토리를 보존합니다. 면접에서는 reset과 revert 차이를 자주 묻습니다. 실무에서는 공유 브랜치에서 안전하게 되돌릴 때 revert를 선호합니다. 기록이 남지 않는다는 설명은 틀립니다.		O	FALSE	X	TRUE					devops	git	rollback	
Q523	리베이스 충돌(Rebase Conflict)		DevOps / Cloud - 버전 관리	61	OX	MEDIUM	리베이스는 충돌이 절대 발생하지 않으므로 충돌 해결 경험이 필요 없다.	리베이스도 동일 파일 라인 변경이 겹치면 충돌이 발생합니다. 면접에서는 rebase 중 충돌 해결 절차를 묻기도 합니다. 실무에서는 작은 단위로 자주 리베이스하면 충돌을 줄일 수 있습니다. 충돌이 절대 없다는 설명은 틀립니다.		O	FALSE	X	TRUE					devops	git	rebase	
Q524	커밋 그래프(Commit Graph)		DevOps / Cloud - 버전 관리	61	OX	MEDIUM	커밋 그래프는 브랜치 분기와 병합 관계를 표현하지 못하고 단일 직선만 보여준다.	커밋 그래프는 분기 병합 구조를 시각화합니다. 면접에서는 그래프를 보고 어떤 브랜치 전략인지 설명하라는 질문이 나옵니다. 실무에서는 릴리즈 브랜치와 핫픽스 흐름을 이해하는 데 도움이 됩니다. 단일 직선만 보여준다는 설명은 틀립니다.		O	FALSE	X	TRUE					devops	git	branching	
Q525	릴리즈 노트(Release Notes)		DevOps / Cloud - 버전 관리	61	OX	MEDIUM	릴리즈 노트는 변경 사항을 숨기기 위해 작성하지 않는 것이 좋은 문서다.	릴리즈 노트는 사용자와 내부 팀이 변경을 이해하고 대응하게 합니다. 면접에서는 릴리즈 노트를 어떻게 구성하는지 묻기도 합니다. 실무에서는 장애 원인 분석과 롤백 판단에도 도움을 줍니다. 작성하지 않는 것이 좋다는 설명은 틀립니다.		O	FALSE	X	TRUE					devops	release	documentation	
Q526	멱등 배포(Idempotent Deploy)		DevOps / Cloud - CI/CD	62	OX	MEDIUM	멱등 배포는 같은 배포를 반복 실행하면 결과가 매번 달라지도록 만드는 전략이다.	멱등성은 같은 작업을 여러 번 해도 결과가 동일하도록 만드는 성질입니다. 면접에서는 배포 스크립트가 왜 멱등해야 하는지 질문이 나옵니다. 실무에서는 재시도나 부분 실패 복구에 매우 중요합니다. 결과가 매번 달라지게 만든다는 설명은 틀립니다.		O	FALSE	X	TRUE					devops	cicd	reliability	
Q527	롤아웃 중단(Rollout Pause)		DevOps / Cloud - CI/CD	62	OX	MEDIUM	롤아웃 중단은 배포가 잘못되어도 계속 진행하도록 강제하는 기능이다.	롤아웃 중단은 지표 악화나 문제 발견 시 배포 진행을 멈추는 제어입니다. 면접에서는 배포 중단과 롤백을 어떻게 구분하는지 묻습니다. 실무에서는 중단 후 조사하고, 필요하면 롤백하거나 수정 버전을 재배포합니다. 계속 진행을 강제한다는 설명은 틀립니다.		O	FALSE	X	TRUE					devops	cicd	deployment	
Q528	기능 토글(Feature Toggle)		DevOps / Cloud - CI/CD	62	OX	MEDIUM	기능 토글은 배포와 기능 공개를 분리할 수 없게 만들어 운영 리스크를 키운다.	기능 토글은 배포와 릴리즈를 분리해 위험을 줄이는 데 자주 쓰입니다. 면접에서는 토글이 쌓이면 어떻게 관리할지 질문이 나옵니다. 실무에서는 토글 수명 관리와 제거 작업이 중요합니다. 분리할 수 없게 만든다는 설명은 틀립니다.		O	FALSE	X	TRUE					devops	cicd	feature_flag	
Q529	배포 승인 게이트(Approval Gate)		DevOps / Cloud - CI/CD	62	OX	MEDIUM	승인 게이트는 감사와 통제를 없애기 위해 배포 승인을 자동으로 생략하는 장치다.	승인 게이트는 특정 환경 특히 운영 배포 전에 승인 절차를 강제합니다. 면접에서는 어떤 경우에 승인이 필요한지 질문이 나옵니다. 실무에서는 규정 준수와 리스크 관리를 위해 사용하지만, 과도하면 리드 타임이 늘어 균형이 필요합니다. 생략 장치라는 설명은 틀립니다.		O	FALSE	X	TRUE					devops	cicd	governance	
Q530	변경 실패율(Change Failure Rate)		DevOps / Cloud - CI/CD	62	OX	MEDIUM	변경 실패율은 배포 후 장애나 롤백 비율과 무관한 지표라 운영 개선에 쓸모가 없다.	변경 실패율은 DORA 지표 중 하나로 배포 품질을 나타냅니다. 면접에서는 DORA 4대 지표를 알고 있는지 물을 수 있습니다. 실무에서는 실패율이 높으면 테스트 품질, 배포 전략, 관측성 개선이 필요하다는 신호가 됩니다. 무관하고 쓸모없다는 설명은 틀립니다.		O	FALSE	X	TRUE					devops	cicd	dora	
Q531	네임스페이스 보안 경계(Limitations)		DevOps / Cloud - 컨테이너	63	OX	MEDIUM	쿠버네티스 네임스페이스는 클러스터를 물리적으로 완전히 분리하는 강력한 격리 방식이다.	네임스페이스는 논리적 분리이며 커널이나 노드 수준의 물리 격리를 제공하지 않습니다. 면접에서는 멀티 테넌시를 어떻게 안전하게 할지 질문이 나옵니다. 실무에서는 RBAC 네트워크 정책 쿼터 등을 함께 써야 합니다. 물리적 완전 분리라는 설명은 틀립니다.		O	FALSE	X	TRUE					devops	kubernetes	security	
Q532	네트워크 정책(Network Policy)		DevOps / Cloud - 컨테이너	63	OX	MEDIUM	네트워크 정책은 파드 간 통신을 통제할 수 없고 로드 밸런서만 설정한다.	네트워크 정책은 파드 간 인바운드 이그레스 통신을 제어할 수 있습니다. 면접에서는 기본 허용과 기본 차단 모델을 묻습니다. 실무에서는 기본 차단 후 필요한 통신만 열어 공격 표면을 줄입니다. 로드 밸런서만 설정한다는 설명은 틀립니다.		O	FALSE	X	TRUE					devops	kubernetes	networking	
Q533	레디니스 프로브(Readiness Probe)		DevOps / Cloud - 컨테이너	63	OX	MEDIUM	레디니스 프로브는 파드가 트래픽을 받을 준비가 안 돼도 무조건 라우팅되게 만든다.	readiness는 준비가 되지 않은 파드를 서비스 엔드포인트에서 제외합니다. 면접에서는 liveness와 차이를 묻습니다. 실무에서는 워밍업이 필요한 앱에서 readiness가 없으면 오류가 급증할 수 있습니다. 무조건 라우팅되게 만든다는 설명은 틀립니다.		O	FALSE	X	TRUE					devops	kubernetes	reliability	
Q534	이미지 풀 시크릿(ImagePullSecret)		DevOps / Cloud - 컨테이너	63	OX	MEDIUM	프라이빗 레지스트리 이미지를 받으려면 인증 정보가 필요 없고 이미지 풀 시크릿은 무의미하다.	프라이빗 레지스트리 접근에는 인증이 필요하고, 쿠버네티스에서는 ImagePullSecret로 자격 정보를 제공합니다. 면접에서는 시크릿 배포 방식과 보안 위험을 묻습니다. 실무에서는 서비스 어카운트에 연결해 반복 설정을 줄이고, 자격 정보 회전도 고려합니다. 무의미하다는 설명은 틀립니다.		O	FALSE	X	TRUE					devops	kubernetes	registry	
Q535	리전 장애(Region Outage)		DevOps / Cloud - 클라우드 서비스	64	OX	MEDIUM	리전 장애는 한 리전이 멈춰도 같은 리전의 멀티 AZ만 있으면 항상 해결되므로 멀티 리전은 불필요하다.	리전 단위 장애는 멀티 AZ만으로는 대응이 어렵고 멀티 리전 전략이 필요할 수 있습니다. 면접에서는 DR 전략과 비용 트레이드오프를 묻습니다. 실무에서는 중요 서비스에만 멀티 리전을 적용하고, 데이터 복제와 일관성 전략을 설계합니다. 항상 해결된다는 단정은 틀립니다.		O	FALSE	X	TRUE					cloud	dr	devops	
Q536	RTO RPO 트레이드오프		DevOps / Cloud - 클라우드 서비스	64	OX	MEDIUM	RTO와 RPO 목표를 낮출수록 비용은 항상 줄어든다.	RTO RPO를 낮추려면 복제, 이중화, 자동화가 필요해 비용이 늘어나는 경우가 많습니다. 면접에서는 목표가 비용과 설계에 미치는 영향을 묻습니다. 실무에서는 서비스 중요도에 따라 목표를 차등 적용합니다. 비용이 항상 줄어든다는 설명은 틀립니다.		O	FALSE	X	TRUE					cloud	dr	devops	
Q537	최소 권한과 와일드카드		DevOps / Cloud - 클라우드 서비스	64	OX	MEDIUM	IAM 정책에서 Action에 별표를 넓게 주는 것이 최소 권한 원칙을 가장 잘 지키는 방법이다.	와일드카드 권한은 과도 권한으로 이어져 최소 권한에 반합니다. 면접에서는 실제로 어떤 권한을 줄였는지 질문이 나옵니다. 실무에서는 로그 기반 권한 축소와 리소스 범위 제한이 효과적입니다. 별표가 최소 권한이라는 설명은 틀립니다.		O	FALSE	X	TRUE					cloud	iam	security	
Q538	원격 상태 잠금(Remote Locking)		DevOps / Cloud - IaC	65	OX	MEDIUM	원격 상태 잠금은 동시 변경 충돌을 방지하지 못하고 단지 성능만 떨어뜨린다.	잠금은 동시 apply로 상태 파일이 꼬이는 것을 막습니다. 면접에서는 잠금이 없을 때 생기는 사례를 묻습니다. 실무에서는 잠금이 안전장치이며, 대기 시간이 문제면 작업 분리와 모듈화로 해결합니다. 방지하지 못한다는 설명은 틀립니다.		O	FALSE	X	TRUE					devops	iac	state	
Q539	계획 검토(Plan Review)		DevOps / Cloud - IaC	65	OX	MEDIUM	IaC plan 리뷰는 의미가 없고 apply 결과만 보면 되므로 생략이 권장된다.	plan 리뷰는 어떤 리소스가 생성 변경 삭제되는지 사전에 확인해 사고를 줄입니다. 면접에서는 plan 결과를 PR에 붙이는 이유를 묻습니다. 실무에서는 대규모 인프라에서 plan 생략이 대형 장애로 이어질 수 있습니다. 생략이 권장된다는 설명은 틀립니다.		O	FALSE	X	TRUE					devops	iac	review	
Q540	정책 강제(Policy Enforcement)		DevOps / Cloud - IaC	65	OX	MEDIUM	IaC 정책 강제는 개발자가 편하게 하도록 위험한 리소스도 항상 허용하는 것이 목적이다.	정책 강제는 보안 비용 규정 준수 기준을 자동으로 적용해 위험한 변경을 막습니다. 면접에서는 어떤 정책을 강제해봤는지 묻습니다. 실무에서는 예외 절차와 승인 흐름을 함께 설계해 생산성과 안전을 균형 있게 맞춥니다. 항상 허용이 목적이라는 설명은 틀립니다.		O	FALSE	X	TRUE					devops	iac	policy	
Q541	Fast Forward Merge(FF 머지)		DevOps / Cloud - 버전 관리	61	OX	MEDIUM	fast-forward merge는 브랜치 분기 이후 별도 merge commit 없이 포인터만 이동해 병합될 수 있다.	fast-forward merge는 대상 브랜치에 추가 커밋이 없고, 단순히 한쪽 브랜치가 다른 쪽의 ‘직선 상 연장선’일 때 발생할 수 있습니다. 이 경우 merge commit을 만들지 않고 브랜치 포인터만 앞으로 이동합니다. 면접에서는 FF 머지와 merge commit이 생기는 머지의 차이를 설명할 수 있는지 물을 수 있습니다. 실무에서는 히스토리가 깔끔해지는 장점이 있지만, “병합 이벤트”가 남지 않아 추적이 아쉬울 수 있어 팀 규칙이 필요합니다. 따라서 브랜치 전략과 로그 가시성 요구에 따라 FF 허용 여부를 결정합니다.		O	TRUE	X	FALSE					devops	git	merge	history
Q542	Squash Merge(스쿼시 머지)		DevOps / Cloud - 버전 관리	61	OX	MEDIUM	squash merge는 여러 커밋을 하나로 합쳐서 대상 브랜치에 반영하는 방식이다.	squash merge는 기능 브랜치의 여러 커밋을 한 개의 커밋으로 “압축”해 main/dev에 반영합니다. 면접에서는 히스토리 관리 방식(스쿼시 vs 머지 커밋 vs 리베이스)을 질문할 수 있습니다. 실무에서는 main 브랜치 히스토리가 깔끔해지고 revert도 쉬워지는 장점이 있습니다. 다만 세부 커밋 맥락이 main에서 사라지므로, 필요하면 PR에 변경 이유와 이슈 링크를 충분히 남겨야 합니다. 결국 스쿼시는 가독성과 추적성의 트레이드오프입니다.		O	TRUE	X	FALSE					devops	git	squash	collaboration
Q543	Rebase 충돌 처리		DevOps / Cloud - 버전 관리	61	OX	MEDIUM	rebase 중 충돌이 나면 충돌 해결 후 rebase --continue로 진행할 수 있다.	rebase는 커밋을 하나씩 다시 적용하는 과정이므로, 적용 중 충돌이 나면 해결하고 계속 진행해야 합니다. 이때 일반적으로 충돌 해결 후 add로 표시하고 rebase --continue를 실행합니다. 면접에서는 rebase를 실제로 써봤는지 확인하는 질문에서 자주 나옵니다. 실무에서는 중간에 잘못되면 rebase --abort로 원복할 수 있다는 점도 같이 알아두면 안전합니다. 또한 rebase는 히스토리를 바꾸므로 공유 브랜치에서의 사용은 조심해야 합니다. 즉 rebase는 조작법과 위험 범위를 함께 이해해야 합니다.		O	TRUE	X	FALSE					devops	git	rebase	conflict
Q544	Git Reset(리셋)		DevOps / Cloud - 버전 관리	61	OX	MEDIUM	git reset --hard는 커밋/스테이징/워킹 디렉토리 변경을 함께 되돌릴 수 있다.	reset은 HEAD와 인덱스/워킹트리를 되돌리는 명령이며, --hard는 워킹 디렉토리 변경까지 날릴 수 있어 강력합니다. 면접에서는 reset과 revert 차이를 자주 물어봅니다. 실무에서는 --hard는 로컬 작업을 잃을 수 있으니, 필요하면 먼저 stash나 브랜치를 따두는 습관이 좋습니다. 또한 이미 push된 커밋을 reset으로 되돌리면 협업 히스토리가 꼬일 수 있어 주의해야 합니다. 즉 reset은 “로컬에서 조심히”가 기본 원칙입니다.		O	TRUE	X	FALSE					devops	git	reset	history
Q545	Git Revert(리버트)		DevOps / Cloud - 버전 관리	61	OX	MEDIUM	git revert는 특정 커밋의 변경을 반대로 적용하는 새 커밋을 만든다.	revert는 히스토리를 “지우는” 대신, 해당 변경을 되돌리는 새로운 커밋을 추가합니다. 면접에서는 reset과 revert의 차이(공유 브랜치에서 안전한가)를 기본으로 묻습니다. 실무에서는 운영 브랜치에서 특정 변경을 되돌릴 때 revert가 안전합니다. 다만 여러 커밋이 얽힌 경우 충돌이 날 수 있어, 되돌릴 범위와 순서를 신중히 선택해야 합니다. 즉 revert는 협업과 감사 추적에 유리한 롤백 방식입니다.		O	TRUE	X	FALSE					devops	git	revert	rollback
Q546	CI 캐시(Cache)		DevOps / Cloud - CI/CD	62	OX	MEDIUM	CI에서 의존성 캐시를 쓰면 빌드 시간이 줄 수 있지만 캐시 무효화 전략이 필요하다.	캐시는 Maven/Gradle, npm, pip 같은 의존성 다운로드 시간을 크게 줄여줍니다. 면접에서는 “CI가 느릴 때 어떻게 개선하나”에서 캐시 전략이 자주 언급됩니다. 실무에서는 캐시 키를 lockfile이나 빌드 파일 해시로 잡아 변경 시 자동 무효화되도록 설계합니다. 캐시가 오래되면 빌드 오류가 나거나 이상한 재현 불가 이슈가 생길 수 있어 주기적 정리도 필요합니다. 즉 캐시는 성능을 올리지만 관리가 필요한 도구입니다.		O	TRUE	X	FALSE					devops	cicd	cache	performance
Q547	CI 병렬 실행(Parallel)		DevOps / Cloud - CI/CD	62	OX	MEDIUM	테스트를 병렬화하면 전체 실행 시간이 줄 수 있지만 테스트 간 공유 상태가 있으면 flakiness가 늘 수 있다.	병렬 실행은 속도를 올리지만, 테스트가 전역 상태(DB, 파일, 포트)를 공유하면 간헐적 실패가 늘 수 있습니다. 면접에서는 flaky test 원인과 대응을 물을 수 있습니다. 실무에서는 테스트 격리(독립 DB, 랜덤 포트, mock)와 데이터 정리 전략을 통해 병렬화 안정성을 확보합니다. 또한 병렬화를 위해 테스트를 분류하고, 느린 테스트는 별도 스테이지로 분리하는 패턴도 흔합니다. 즉 속도 최적화는 신뢰성과 함께 가야 합니다.		O	TRUE	X	FALSE					devops	cicd	testing	parallel
Q548	배포 게이트(Approval Gate)		DevOps / Cloud - CI/CD	62	OX	MEDIUM	운영 배포 전에 승인 단계(게이트)를 두면 배포 안전성을 높일 수 있다.	승인 게이트는 자동화 흐름 속에서도 사람이 위험 변경을 최종 확인할 수 있게 하는 장치입니다. 면접에서는 자동화와 통제의 균형을 어떻게 잡는지 질문할 때 좋은 소재입니다. 실무에서는 스테이징까지는 자동, 운영은 승인 후 진행 같은 형태가 흔합니다. 다만 승인 게이트가 형식적이면 효과가 없으므로, 체크리스트와 관측 지표를 기반으로 승인하도록 프로세스를 설계해야 합니다. 즉 게이트는 “멈춤”이 아니라 “검증 강화”를 위한 장치입니다.		O	TRUE	X	FALSE					devops	cicd	governance	release
Q549	블루그린과 DB		DevOps / Cloud - CI/CD	62	OX	MEDIUM	블루그린 배포에서 DB 스키마가 하위 호환이 아니면 전환 시 장애가 날 수 있다.	블루그린은 두 버전이 공존하는 구간이 생기므로, DB 스키마/데이터 변경이 비호환이면 한쪽 버전이 깨질 수 있습니다. 면접에서는 무중단 배포에서 DB 마이그레이션을 어떻게 하냐는 질문으로 자주 확장됩니다. 실무에서는 expand/contract(확장-축소) 방식으로 먼저 컬럼을 추가하고, 코드가 모두 새 컬럼을 쓰게 된 뒤 예전 컬럼을 제거하는 식으로 단계적 변경을 합니다. 또한 마이그레이션을 배포와 분리해 위험을 낮추기도 합니다. 즉 배포의 핵심 리스크는 종종 DB에 있습니다.		O	TRUE	X	FALSE					devops	deployment	database	migration
Q550	롤링 배포와 버전 공존		DevOps / Cloud - CI/CD	62	OX	MEDIUM	롤링 배포 중에는 구버전과 신버전이 동시에 요청을 처리할 수 있다.	롤링 배포는 순차 교체이므로 일정 시간 동안 구버전과 신버전이 함께 트래픽을 처리합니다. 면접에서는 이 공존 구간에서 발생할 문제(세션, 캐시, 메시지 포맷)를 물을 수 있습니다. 실무에서는 API 계약을 변경할 때 하위 호환을 유지하거나 버전 전략을 적용해야 합니다. 또한 메시지 큐 이벤트 포맷이 바뀌면 소비자/생산자 버전 차이로 장애가 날 수 있어 주의가 필요합니다. 즉 롤링 배포는 “호환성 설계”가 전제입니다.		O	TRUE	X	FALSE					devops	deployment	compatibility	cicd
Q551	이미지 취약점 스캔		DevOps / Cloud - 컨테이너	63	OX	MEDIUM	컨테이너 이미지에 취약한 패키지가 포함될 수 있어 스캔 도구를 CI에 넣는 것이 유용하다.	이미지는 OS 패키지와 라이브러리를 포함하므로 취약점이 섞일 수 있습니다. 면접에서는 공급망 보안과 이미지 스캔을 해봤는지 질문할 수 있습니다. 실무에서는 Trivy 같은 스캐너로 CVE를 탐지하고, 심각도 기준으로 빌드를 실패시키거나 경고를 띄웁니다. 다만 모든 취약점을 즉시 막으면 개발이 멈출 수 있어, 예외 정책과 우선순위(critical/high) 기준이 필요합니다. 즉 스캔은 보안과 생산성의 균형을 요구합니다.		O	TRUE	X	FALSE					devops	container	security	scanning
Q552	최소 이미지 전략		DevOps / Cloud - 컨테이너	63	OX	MEDIUM	이미지 크기를 줄이면 배포 속도와 공격 표면을 함께 줄일 수 있다.	이미지가 작을수록 레지스트리 전송이 빨라지고, 컨테이너 기동도 유리할 때가 많습니다. 면접에서는 왜 최소 이미지를 쓰는지(보안/성능) 질문할 수 있습니다. 실무에서는 멀티 스테이지 빌드로 빌드 도구를 제외하고 런타임만 남기거나, 불필요한 패키지를 제거해 공격 표면을 줄입니다. 다만 너무 최소화하면 디버깅 도구가 없어 운영 대응이 어려울 수 있어, 별도 디버그 이미지 전략을 두기도 합니다. 즉 최소화는 기본이지만 운영성도 고려해야 합니다.		O	TRUE	X	FALSE					devops	docker	optimization	security
Q553	Readiness vs Liveness		DevOps / Cloud - 컨테이너	63	OX	MEDIUM	readiness는 트래픽을 받아도 되는지, liveness는 프로세스가 살아있는지에 더 가깝다.	readiness는 “준비됨” 상태로, 트래픽을 받기 적합한지 판단하는 데 사용됩니다. liveness는 “살아있음”으로, 죽거나 멈춘 컨테이너를 재시작할지 판단하는 데 주로 쓰입니다. 면접에서는 두 개념을 구분할 수 있는지 자주 확인합니다. 실무에서는 readiness에 외부 의존성(DB 연결)을 과하게 넣으면 의존성 장애 시 전부 트래픽에서 빠져 더 큰 장애를 만들 수 있어 주의합니다. 즉 목적과 범위를 구분해 설계해야 합니다.		O	TRUE	X	FALSE					kubernetes	healthcheck	readiness	liveness
Q554	비용 최적화(Reserved)		DevOps / Cloud - 클라우드 서비스	64	OX	MEDIUM	장기간 일정하게 쓰는 워크로드는 예약(Reserved) 같은 할인 모델이 비용 절감에 유리할 수 있다.	클라우드는 온디맨드가 기본이지만, 장기 사용이 확실하면 예약/약정 할인 모델이 비용을 줄여줄 수 있습니다. 면접에서는 비용 최적화 경험을 질문할 때 자주 등장합니다. 실무에서는 실제 사용 패턴을 분석해 약정을 걸고, 변동성이 큰 워크로드는 오토스케일링이나 스팟을 활용해 조합합니다. 다만 약정은 유연성을 낮추므로 과도하게 잡으면 오히려 낭비가 될 수 있습니다. 즉 비용 최적화는 “패턴 분석 + 조합”이 핵심입니다.		O	TRUE	X	FALSE					cloud	cost	optimization	devops
Q555	스팟 인스턴스(Spot)		DevOps / Cloud - 클라우드 서비스	64	OX	MEDIUM	스팟 인스턴스는 저렴하지만 중단될 수 있어 중단 허용 워크로드에 적합하다.	스팟은 남는 자원을 싸게 쓰는 대신, 클라우드 제공자가 회수할 수 있어 언제든 중단될 수 있습니다. 면접에서는 스팟이 어떤 서비스에 적합한지(배치, CI 러너, 렌더링)를 물을 수 있습니다. 실무에서는 체크포인팅, 재시도, 큐 기반 처리 등 중단 내성을 설계해야 합니다. 또한 운영 API 서버 같은 핵심 워크로드에는 부적합할 수 있습니다. 즉 스팟은 비용 절감이 크지만 설계가 전제입니다.		O	TRUE	X	FALSE					cloud	spot	cost	reliability
Q556	멀티 AZ의 한계		DevOps / Cloud - 클라우드 서비스	64	OX	MEDIUM	멀티 AZ 구성만으로 리전 전체 장애까지 항상 커버할 수 있다.	이 문장은 일반적으로 틀린 주장입니다. 멀티 AZ는 같은 리전 안의 AZ 장애에는 강하지만, 리전 전체 장애에는 취약할 수 있습니다. 면접에서는 “멀티 AZ vs 멀티 리전” 차이를 자주 물어봅니다. 실무에서는 리전 장애까지 대비하려면 멀티 리전 복제, DR 플랜, DNS 전환 같은 추가 설계가 필요합니다. 또한 멀티 리전은 비용과 복잡도가 커져 요구사항에 맞게 선택해야 합니다. 즉 고가용성은 범위 정의가 핵심입니다.		O	FALSE	X	TRUE					cloud	availability	multi_az	dr
Q557	IaC 상태 잠금(Lock)		DevOps / Cloud - IaC	65	OX	MEDIUM	Terraform에서 state lock이 없으면 동시에 apply할 때 리소스가 꼬일 수 있다.	여러 사람이 동시에 apply를 수행하면 같은 리소스를 서로 다른 계획으로 수정하면서 충돌이 발생할 수 있습니다. state lock은 이를 막기 위한 동시성 제어 장치입니다. 면접에서는 협업 시 IaC 운영 방법을 질문할 때 좋은 포인트입니다. 실무에서는 원격 백엔드와 락을 필수로 두고, 긴급 변경은 큐잉하거나 승인 프로세스를 둡니다. 또한 락이 풀리지 않는 상황을 대비해 해제 절차도 정리해두는 것이 좋습니다. 즉 락은 IaC의 안전장치입니다.		O	TRUE	X	FALSE					devops	terraform	state_lock	iac
Q558	Secret과 Git		DevOps / Cloud - CI/CD	62	OX	MEDIUM	시크릿을 Git에 한 번 커밋하면 나중에 파일을 지워도 히스토리에서 완전히 사라지지 않을 수 있다.	Git은 히스토리를 보존하므로, 한 번 커밋된 시크릿은 단순 삭제로 해결되지 않는 경우가 많습니다. 면접에서는 시크릿 유출 사고 대응을 질문할 수 있습니다. 실무에서는 커밋 히스토리에서 제거(BFG, filter-repo)와 함께, 유출된 키를 즉시 폐기/로테이션하는 것이 가장 중요합니다. 또한 유출 탐지(Secret scanning)와 커밋 훅으로 예방하는 체계를 두면 좋습니다. 즉 시크릿은 “유출되면 교체”가 원칙이며 예방이 최우선입니다.		O	TRUE	X	FALSE					security	secrets	git	devops
Q559	IaC 멱등성(Idempotency)		DevOps / Cloud - IaC	65	OX	MEDIUM	멱등성은 같은 IaC 적용을 여러 번 실행해도 최종 상태가 같게 유지되는 성질과 관련 있다.	멱등성은 같은 요청을 여러 번 수행해도 결과가 동일하게 유지되는 특성입니다. IaC에서 중요한 이유는 apply를 반복해도 불필요한 변경이 생기지 않고 안정적으로 수렴해야 하기 때문입니다. 면접에서는 “왜 IaC가 안정적인가”를 설명할 때 멱등성이 자주 등장합니다. 실무에서는 외부에서 수동 변경이 들어오면 drift가 생겨 멱등성이 깨진 것처럼 보일 수 있으니, 변경 경로를 통제하는 것이 중요합니다. 또한 생성 시 랜덤 값이 들어가는 리소스는 계획이 흔들릴 수 있어 주의해야 합니다. 즉 멱등성은 IaC 신뢰성의 핵심입니다.		O	TRUE	X	FALSE					devops	iac	idempotency	terraform
Q560	SLI SLO SLA 관계		DevOps / Cloud - 클라우드 서비스	64	OX	MEDIUM	SLI는 측정 지표, SLO는 목표, SLA는 대외 약속이라는 구분이 자주 쓰인다.	SLI는 측정 가능한 지표(예: 99.9% 성공률), SLO는 내부 목표, SLA는 고객과의 계약/약속으로 이해하는 구분이 흔합니다. 면접에서는 신뢰성 개념을 얼마나 구조적으로 이해하는지 볼 때 이 세트를 자주 묻습니다. 실무에서는 SLO를 기반으로 에러 버짓을 운영해 배포 속도와 안정성을 균형 있게 관리하기도 합니다. 또한 SLA는 법/비즈니스와 연결되므로, 기술 팀이 목표를 과대 약속하면 비용이 급증할 수 있습니다. 즉 이 세 개념은 운영 KPI와 의사결정의 기반입니다.		O	TRUE	X	FALSE					sre	reliability	slo	sla
Q561	Merge Commit(머지 커밋)		DevOps / Cloud - 버전 관리	61	OX	MEDIUM	일반 merge는 두 브랜치의 분기 흔적을 남기는 merge commit을 생성할 수 있다.	merge commit은 두 브랜치가 분기되었다가 다시 합쳐졌음을 히스토리에 명확히 남깁니다. 면접에서는 “왜 merge commit을 남기나” 혹은 “스쿼시/리베이스와 무엇이 다르나”를 묻습니다. 실무에서는 추적성이 좋아지는 반면 히스토리가 복잡해질 수 있어 팀 선호가 갈립니다. 릴리즈 단위로 분기/병합을 관리하는 조직은 merge commit이 유용합니다. 반대로 작은 기능 PR이 많으면 스쿼시로 단순화하기도 합니다. 즉 전략은 가독성과 추적성의 균형입니다.		O	TRUE	X	FALSE					devops	git	merge_commit	history
Q562	Git Bisect(비스ेक्ट)		DevOps / Cloud - 버전 관리	61	OX	MEDIUM	git bisect는 이분 탐색으로 버그가 시작된 커밋을 찾는 데 활용할 수 있다.	bisect는 “어느 커밋부터 깨졌는지”를 빠르게 찾는 도구로, good/bad 커밋을 지정해 이분 탐색합니다. 면접에서는 디버깅/원인 추적 방법을 물을 때 나올 수 있습니다. 실무에서는 재현 가능한 테스트(스크립트)가 있을 때 bisect의 효율이 크게 올라갑니다. 반대로 비결정적(플레이키) 버그는 bisect 결과가 흔들릴 수 있어 주의가 필요합니다. 즉 bisect는 재현성 있는 장애에 강력한 무기입니다.		O	TRUE	X	FALSE					devops	git	bisect	debugging
Q563	SemVer(시맨틱 버저닝)		DevOps / Cloud - 버전 관리	61	OX	MEDIUM	SemVer에서 MAJOR 버전 증가는 하위 호환이 깨질 가능성을 의미한다.	시맨틱 버저닝은 MAJOR.MINOR.PATCH 형태로 변경 의미를 전달하는 관례입니다. MAJOR 증가는 보통 브레이킹 체인지(호환성 깨짐)를 포함할 수 있음을 뜻합니다. 면접에서는 의존성 관리나 API 버전 전략에서 자주 등장합니다. 실무에서는 정확히 지키기 어렵더라도, 최소한 MAJOR가 오르면 변경 로그를 확인하는 문화가 필요합니다. 또한 내부 라이브러리/서비스에서도 버전 정책을 맞추면 업그레이드 비용이 줄어듭니다. 즉 SemVer는 협업을 위한 “약속”입니다.		O	TRUE	X	FALSE					devops	versioning	semver	compatibility
Q564	Trunk Based Development		DevOps / Cloud - 버전 관리	61	OX	MEDIUM	트렁크 기반 개발은 작은 변경을 자주 main에 통합하는 흐름을 강조한다.	트렁크 기반은 긴 브랜치 생명주기를 지양하고, 작은 변경을 자주 통합해 충돌과 통합 비용을 줄이는 접근입니다. 면접에서는 Git Flow와 비교해 장단점을 묻기도 합니다. 실무에서는 이 방식을 쓰려면 CI가 강력해야 하고, feature flag로 미완성 기능을 숨기는 전략이 중요합니다. 또한 코드 리뷰와 자동 테스트가 약하면 main이 자주 깨질 수 있어 운영 규칙이 필수입니다. 즉 트렁크 기반은 “자동화가 받쳐줄 때” 강해집니다.		O	TRUE	X	FALSE					devops	git	trunk_based	cicd
Q565	Feature Flag(피처 플래그)		DevOps / Cloud - CI/CD	62	OX	MEDIUM	피처 플래그를 쓰면 배포와 기능 공개를 분리할 수 있다.	피처 플래그는 코드가 배포되어도 기능을 켜고 끄는 스위치로 공개 타이밍을 제어할 수 있게 합니다. 면접에서는 점진적 출시, A/B 테스트, 긴급 비활성화(kill switch)와 연결해 질문할 수 있습니다. 실무에서는 플래그가 쌓이면 복잡도가 커지므로 수명 관리(정리, 만료)와 감사가 중요합니다. 또한 플래그는 보안 통제가 아니라 릴리즈 통제이므로, 권한/데이터 노출과는 분리해서 생각해야 합니다. 즉 플래그는 배포 리스크를 줄이는 도구입니다.		O	TRUE	X	FALSE					devops	release	feature_flag	cicd
Q566	Canary 분석 지표		DevOps / Cloud - CI/CD	62	OX	MEDIUM	카나리 배포의 성공 여부 판단에 에러율과 지연(p95/p99)이 핵심 지표로 쓰인다.	카나리는 소량 트래픽으로 이상을 조기에 감지하는 전략이므로, 빠르게 변화를 감지하는 지표가 중요합니다. 대표적으로 에러율과 지연(p95/p99), 포화(리소스 사용률)를 봅니다. 면접에서는 “무중단 배포에서 뭘 보고 롤백하나”로 질문이 확장됩니다. 실무에서는 단순 평균 지연보다 tail latency(p95/p99)가 사용자 체감에 더 민감할 수 있어 중요합니다. 또한 지표 기준선을 잡고 자동 롤백 조건을 설계하면 운영 부담이 줄어듭니다. 즉 카나리는 관측 설계가 핵심입니다.		O	TRUE	X	FALSE					devops	canary	metrics	observability
Q567	Artifact Promotion		DevOps / Cloud - CI/CD	62	OX	MEDIUM	프로모션은 같은 아티팩트를 dev에서 검증 후 stage prod로 승격시키는 방식으로 이해할 수 있다.	아티팩트 프로모션은 “빌드는 한 번, 배포는 여러 번” 원칙을 강화합니다. dev에서 검증된 동일 아티팩트를 stage, prod로 승격해 배포하면 재현성과 추적성이 좋아집니다. 면접에서는 배포 신뢰성을 높이는 방법으로 자주 언급됩니다. 실무에서는 환경별 차이는 설정으로만 해결하고, 이미지 digest나 빌드 번호로 정확히 식별합니다. 다만 환경별 컴파일 옵션이 다르면 프로모션 전략이 깨지므로, 빌드/런타임 경계를 명확히 해야 합니다. 즉 프로모션은 릴리즈 관리의 핵심 패턴입니다.		O	TRUE	X	FALSE					devops	cicd	artifact	release
Q568	Immutable Infrastructure		DevOps / Cloud - 클라우드 서비스	64	OX	MEDIUM	immutable 인프라는 서버를 직접 수정하기보다 새 이미지로 교체하는 방식에 가깝다.	immutable infrastructure는 운영 중인 서버에 수작업으로 패치를 쌓기보다, 새 이미지로 다시 배포해 교체하는 패턴입니다. 면접에서는 “왜 운영 서버에 ssh 접속을 줄이나” 같은 질문으로 연결됩니다. 실무에서는 구성 드리프트가 줄고, 배포 재현성이 좋아지지만 이미지 빌드 파이프라인이 튼튼해야 합니다. 또한 긴급 디버깅을 위해 break-glass 접근은 남겨두되, 기본 운영 방식은 교체 중심으로 가져가는 게 일반적입니다. 즉 불변 인프라는 자동화 성숙도를 요구합니다.		O	TRUE	X	FALSE					devops	cloud	immutable	deployment
Q569	Blue Green 비용		DevOps / Cloud - CI/CD	62	OX	MEDIUM	블루그린은 두 환경을 동시에 유지하므로 비용이 더 들 수 있다.	블루그린은 전환 순간을 위해 두 환경을 동시에 유지하므로 인프라 비용이 증가할 수 있습니다. 면접에서는 블루그린의 단점으로 비용/리소스 여유를 자주 언급합니다. 실무에서는 전환 후 기존(Blue)을 빠르게 내리거나, 최소 규모로 유지해 비용을 줄이기도 합니다. 또한 트래픽이 큰 서비스는 두 배 비용이 부담이 될 수 있어 카나리/롤링으로 타협하기도 합니다. 즉 배포 전략은 안정성과 비용의 트레이드오프입니다.		O	TRUE	X	FALSE					devops	deployment	bluegreen	cost
Q570	HPA(수평 오토스케일)		DevOps / Cloud - 클라우드 서비스	64	OX	MEDIUM	수평 오토스케일링은 메트릭 기준으로 인스턴스 수를 자동 조절하는 개념이다.	수평 오토스케일링은 CPU, 요청 수, 커스텀 메트릭 등을 기반으로 인스턴스/파드 수를 늘리거나 줄이는 방식입니다. 면접에서는 “오토스케일링이 왜 항상 좋은가” 같은 함정 질문도 나올 수 있습니다. 실무에서는 스케일 아웃이 빠르지 않거나(콜드 스타트), DB가 병목이면 오토스케일만으로 해결되지 않습니다. 또한 스케일 인 시 세션 드레인, 종료 훅 같은 graceful shutdown을 설계해야 오류를 줄일 수 있습니다. 즉 오토스케일은 전체 병목을 함께 봐야 합니다.		O	TRUE	X	FALSE					devops	autoscaling	hpa	cloud
Q571	Rate Limit(레이트 리밋)		DevOps / Cloud - 클라우드 서비스	64	OX	MEDIUM	레이트 리밋은 트래픽 폭주나 악성 요청으로부터 서비스를 보호하는 데 활용될 수 있다.	레이트 리밋은 일정 시간당 허용 요청 수를 제한해 자원 고갈을 막는 기법입니다. 면접에서는 API 게이트웨이/로드밸런서에서 어떻게 방어하냐는 질문으로 자주 연결됩니다. 실무에서는 사용자별, IP별, 토큰별로 제한을 두며, 429 응답과 재시도 정책을 함께 설계합니다. 또한 과도한 제한은 정상 사용자까지 피해를 볼 수 있으므로 관측 기반으로 임계치를 조정해야 합니다. 즉 레이트 리밋은 보안과 안정성 장치입니다.		O	TRUE	X	FALSE					cloud	reliability	rate_limit	devops
Q572	Circuit Breaker(서킷 브레이커)		DevOps / Cloud - 클라우드 서비스	64	OX	MEDIUM	서킷 브레이커는 장애가 난 의존성 호출을 빠르게 차단해 연쇄 실패를 줄이는 데 도움이 된다.	서킷 브레이커는 실패가 일정 수준을 넘으면 호출을 끊고 빠르게 실패(fail fast)시키는 패턴입니다. 면접에서는 타임아웃/재시도와 함께 장애 전파를 어떻게 막는지 질문할 수 있습니다. 실무에서는 무조건 재시도하면 오히려 장애를 키울 수 있어, 재시도 횟수와 백오프, 서킷 오픈 조건을 함께 설계합니다. 또한 폴백 응답이나 캐시 응답을 준비하면 사용자 체감이 좋아집니다. 즉 서킷 브레이커는 “회복탄력성”의 핵심 패턴입니다.		O	TRUE	X	FALSE					devops	resilience	circuit_breaker	cloud
Q573	Timeout(타임아웃)		DevOps / Cloud - 클라우드 서비스	64	OX	MEDIUM	타임아웃을 설정하지 않으면 느린 의존성 때문에 스레드나 커넥션이 고갈될 수 있다.	타임아웃은 느린 의존성 호출이 무한정 대기하지 않도록 제한하는 안전장치입니다. 면접에서는 왜 타임아웃이 필수인지, 어떤 계층(클라이언트/서버/DB)에 걸어야 하는지 질문할 수 있습니다. 실무에서는 타임아웃이 너무 짧으면 정상 요청도 실패하고, 너무 길면 리소스가 고갈될 수 있어 튜닝이 필요합니다. 또한 타임아웃 이후 재시도 정책을 잘못 설정하면 장애를 증폭시키므로 함께 설계해야 합니다. 즉 타임아웃은 시스템 보호의 기본기입니다.		O	TRUE	X	FALSE					devops	reliability	timeout	cloud
Q574	Graceful Shutdown		DevOps / Cloud - 컨테이너	63	OX	MEDIUM	롤링 배포 중 인스턴스 종료 시 graceful shutdown이 없으면 요청이 중간에 끊길 수 있다.	롤링 배포나 오토스케일 인 과정에서 인스턴스가 종료될 때, 진행 중 요청을 처리할 시간을 주지 않으면 사용자 요청이 끊길 수 있습니다. 면접에서는 무중단 배포에서 왜 종료 훅이 필요한지 질문이 나올 수 있습니다. 실무에서는 SIGTERM 처리, 커넥션 드레인, readiness 전환(트래픽 제외) 후 종료 같은 절차를 둡니다. 또한 장시간 작업은 큐로 넘기거나 idempotent하게 만들어 중단에 강하게 설계합니다. 즉 graceful shutdown은 “배포 품질”을 좌우합니다.		O	TRUE	X	FALSE					devops	container	rollout	reliability
Q575	Image Digest(다이제스트)		DevOps / Cloud - 컨테이너	63	OX	MEDIUM	이미지 태그는 바뀔 수 있지만 digest는 특정 이미지 내용을 고정 식별한다.	태그(latest 등)는 동일 이름이 다른 이미지로 바뀔 수 있는 ‘가변 포인터’입니다. 반면 digest는 이미지 내용 기반 해시로 고정된 식별자입니다. 면접에서는 재현 가능한 배포를 어떻게 하냐는 질문에서 digest pinning을 언급할 수 있습니다. 실무에서는 운영 배포에 digest를 사용하면 “같은 걸 배포했는데 왜 다르지” 같은 문제를 줄일 수 있습니다. 다만 digest만 쓰면 사람이 읽기 어려우니, 태그+digest를 함께 관리하는 전략이 흔합니다. 즉 digest는 재현성의 핵심입니다.		O	TRUE	X	FALSE					devops	container	digest	reproducibility
Q576	Infra Cost Attribution		DevOps / Cloud - 클라우드 서비스	64	OX	MEDIUM	태깅이 없으면 어떤 팀/서비스가 비용을 쓰는지 추적이 어려워질 수 있다.	비용 귀속(attribution)은 “누가/무엇이 비용을 발생시키는지”를 분해해 보는 활동입니다. 면접에서는 FinOps 관점으로 비용 관리를 질문할 때 이 포인트가 나올 수 있습니다. 실무에서는 태그 표준(서비스명, 환경, 오너)을 강제하고, 비용 리포트를 팀별로 공유하면 낭비를 줄일 수 있습니다. 또한 미사용 리소스(유휴 IP, 오래된 스냅샷)를 주기적으로 청소하는 프로세스도 중요합니다. 즉 비용 관리는 기술 운영의 일부입니다.		O	TRUE	X	FALSE					cloud	cost	finops	devops
Q577	KMS와 권한		DevOps / Cloud - 클라우드 서비스	64	OX	MEDIUM	KMS 키에 대한 권한이 과하면 암호화된 데이터 접근 범위도 넓어질 수 있다.	암호화는 키가 핵심이며, 키 권한이 곧 데이터 접근 통제와 연결됩니다. 면접에서는 “암호화했는데 왜 또 IAM이 중요하나” 같은 질문이 나올 수 있습니다. 실무에서는 키 사용 권한을 최소화하고, 키 정책과 IAM 정책이 어떻게 조합되는지 이해해야 합니다. 또한 키 로테이션, 감사 로그, 키 분리(환경/서비스별)로 피해 범위를 줄입니다. 즉 암호화는 키 관리가 절반 이상입니다.		O	TRUE	X	FALSE					cloud	security	kms	devops
Q578	Drift Detection		DevOps / Cloud - IaC	65	OX	MEDIUM	IaC 드리프트를 탐지하려면 실제 상태와 코드 상태를 비교하는 절차가 필요하다.	드리프트는 코드와 실제 인프라가 어긋난 상태이므로, 비교와 탐지가 필요합니다. 면접에서는 “콘솔에서 바꾸면 어떻게 되나” 같은 질문이 자주 나오고, drift detection이 답이 됩니다. 실무에서는 정기적으로 plan을 돌려 변경을 감지하거나, 변경 자체를 정책으로 막는 방식(IaC-only)을 병행합니다. 또한 드리프트를 발견하면 원인(수동 변경, 자동 정책, 외부 도구)을 찾아 변경 경로를 정리해야 재발을 줄입니다. 즉 드리프트 탐지는 IaC 운영의 건강검진입니다.		O	TRUE	X	FALSE					devops	iac	drift	governance
Q579	Policy as Code		DevOps / Cloud - IaC	65	OX	MEDIUM	정책을 코드로 검증하면(Policy as Code) 위험한 인프라 변경을 사전에 차단할 수 있다.	Policy as Code는 “보안 규칙/표준”을 사람이 아니라 자동 규칙으로 검사하는 접근입니다. 면접에서는 DevSecOps 관점에서 자주 등장합니다. 실무에서는 퍼블릭 버킷 금지, 0.0.0.0/0 포트 오픈 금지 같은 정책을 CI에서 걸어 사고를 막습니다. 다만 규칙이 과하면 개발 흐름이 막히므로, 예외 처리와 점진 적용이 필요합니다. 즉 정책 자동화는 품질 게이트를 코드로 옮긴 것입니다.		O	TRUE	X	FALSE					devops	security	policy_as_code	iac
Q580	Secret Zero 문제		DevOps / Cloud - 클라우드 서비스	64	OX	MEDIUM	시크릿을 안전하게 배포하려면 ‘처음에 시크릿을 어떻게 가져오나’라는 문제를 고려해야 한다.	시크릿을 쓰려면 결국 초기 접근이 필요하고, 이걸 ‘secret zero’ 문제로 부르기도 합니다. 면접에서는 시크릿 관리 도입 시 운영 설계를 물을 때 나올 수 있습니다. 실무에서는 인스턴스/워크로드에 역할(Role)을 부여해 시크릿 스토어에 접근하고, 단기 토큰으로 받아오는 패턴이 흔합니다. 또한 부트스트랩 과정에서 사람 손을 최소화하고, 감사 로그를 남기며, 유출 시 즉시 로테이션할 수 있어야 합니다. 즉 시크릿은 저장보다 “전달/부트스트랩”이 더 어렵습니다.		O	TRUE	X	FALSE					devops	secrets	bootstrap	cloud
Q581	Git Tag(태그)		DevOps / Cloud - 버전 관리	61	OX	MEDIUM	Git tag는 특정 커밋을 릴리즈 포인트로 표시하는 데 자주 사용된다.	Git 태그는 특정 커밋을 ‘릴리즈 버전’처럼 고정된 지점으로 표시하는 기능입니다. 브랜치처럼 계속 움직이지 않고, 릴리즈를 기준으로 되돌리거나 비교할 때 유용합니다. 면접에서는 태그와 브랜치의 차이를 설명할 수 있는지 물을 수 있습니다. 실무에서는 v1.2.3 같은 SemVer 태그를 붙이고, 태그 기반으로 릴리즈 노트를 자동 생성하기도 합니다. 또한 운영 장애 시 “어느 태그가 배포되었는가”가 추적의 기준이 됩니다. 즉 태그는 릴리즈 관리의 핵심 표식입니다.		O	TRUE	X	FALSE					devops	git	tag	release
Q582	보호 브랜치(Protected Branch)		DevOps / Cloud - 버전 관리	61	OX	MEDIUM	보호 브랜치를 설정하면 main에 직접 push를 막고 PR 리뷰를 강제할 수 있다.	보호 브랜치는 운영에 중요한 브랜치를 실수로 망가뜨리지 않도록 규칙을 걸어두는 기능입니다. 예를 들어 직접 push 금지, 리뷰 승인 필수, CI 통과 필수 같은 조건을 걸 수 있습니다. 면접에서는 협업 품질을 어떻게 보장하냐는 질문에서 좋은 답이 됩니다. 실무에서는 특히 배포 브랜치에 보호 규칙을 두지 않으면 긴급 수정 중 실수로 깨질 수 있습니다. 다만 너무 엄격하면 개발 속도가 느려질 수 있어 팀 상황에 맞춰 조정합니다. 즉 보호 브랜치는 품질 게이트의 기본입니다.		O	TRUE	X	FALSE					devops	git	governance	collaboration
Q583	CODEOWNERS		DevOps / Cloud - 버전 관리	61	OX	MEDIUM	CODEOWNERS를 사용하면 특정 경로 변경 시 지정된 리뷰어 승인을 요구할 수 있다.	CODEOWNERS는 파일/디렉토리별 “담당자”를 지정해 리뷰 요청을 자동화합니다. 면접에서는 코드 리뷰 프로세스를 어떻게 운영하는지 질문할 때 언급될 수 있습니다. 실무에서는 인프라(IaC), 보안 정책, 결제 모듈처럼 민감한 영역에 필수 리뷰를 걸어 사고를 줄입니다. 다만 담당자가 비면 병목이 생길 수 있어 백업 오너를 두고, 규칙을 단순하게 유지하는 게 좋습니다. 즉 CODEOWNERS는 책임과 품질을 연결하는 장치입니다.		O	TRUE	X	FALSE					devops	git	codeowners	review
Q584	CI 아티팩트 보관(Retention)		DevOps / Cloud - CI/CD	62	OX	MEDIUM	CI 아티팩트를 오래 보관하면 디버깅에 유리하지만 저장 비용이 늘 수 있다.	빌드 산출물(아티팩트)을 보관하면 “그때 배포한 것”을 재현하거나 분석하기가 쉬워집니다. 면접에서는 운영 장애 조사 시 어떤 자료를 남기냐는 질문으로 연결될 수 있습니다. 실무에서는 보관 기간(retention)을 환경/중요도별로 다르게 두고, 운영 릴리즈 아티팩트는 더 오래 보관하기도 합니다. 다만 저장 비용과 보안(아티팩트에 민감 정보 포함 가능)도 함께 고려해야 합니다. 즉 보관 정책은 운영 효율과 비용의 균형입니다.		O	TRUE	X	FALSE					devops	cicd	artifact	cost
Q585	CI Secret Masking		DevOps / Cloud - CI/CD	62	OX	MEDIUM	CI 로그에 시크릿 마스킹이 없으면 토큰이 출력되어 유출될 위험이 있다.	CI 로그는 많은 사람이 보거나 외부로 공유될 수 있어 민감 정보가 섞이면 위험합니다. 면접에서는 시크릿 관리에서 “로그 유출”을 어떻게 막는지 질문할 수 있습니다. 실무에서는 시크릿을 출력하지 않게 하는 게 1순위이고, 그래도 사고가 나면 마스킹 기능과 접근 제어로 피해를 줄입니다. 또한 PR 빌드(특히 fork)에서는 시크릿 주입을 제한하는 규칙이 매우 중요합니다. 결국 시크릿은 저장보다 노출 경로 차단이 핵심입니다.		O	TRUE	X	FALSE					devops	security	secrets	cicd
Q586	빌드 재현성(Reproducible Build)		DevOps / Cloud - CI/CD	62	OX	MEDIUM	빌드가 재현 가능하면 같은 소스 커밋으로 동일한 결과물을 얻기 쉬워진다.	재현 가능한 빌드는 “같은 입력이면 같은 출력”이 나오게 만드는 성질입니다. 면접에서는 운영에서 “왜 갑자기만 깨지지?” 문제를 어떻게 줄이는지 묻기도 합니다. 실무에서는 의존성 버전 고정, 빌드 도구 버전 고정, 시간/환경에 영향 받는 요소 제거가 필요합니다. 또한 컨테이너 기반 빌드로 환경 차이를 줄이기도 합니다. 즉 재현성은 디버깅 비용을 크게 줄이는 품질 요소입니다.		O	TRUE	X	FALSE					devops	build	reproducibility	cicd
Q587	배포 동결(Freeze)		DevOps / Cloud - CI/CD	62	OX	MEDIUM	대규모 이벤트 기간에는 배포 동결을 두어 위험을 낮추는 경우가 있다.	배포 동결은 명절/프로모션/대형 이벤트처럼 트래픽이 중요한 시기에 변경을 줄여 안정성을 확보하는 운영 전략입니다. 면접에서는 “언제 배포를 멈추나” 같은 현실적인 질문이 나올 수 있습니다. 실무에서는 완전 동결이 아니라, 긴급 패치만 허용하는 제한적 동결을 두기도 합니다. 다만 동결이 길어지면 기술 부채가 쌓이므로, 동결 기간과 예외 승인 절차를 명확히 해야 합니다. 즉 동결은 리스크 관리의 도구입니다.		O	TRUE	X	FALSE					devops	release	governance	incident
Q588	배포 롤백 기준		DevOps / Cloud - CI/CD	62	OX	MEDIUM	롤백 기준을 수치화(에러율 임계치 등)하면 감으로 판단하는 것보다 일관성이 좋아질 수 있다.	장애 대응에서 “언제 롤백할지”는 팀마다 흔들리기 쉬운 포인트입니다. 기준을 수치(에러율, p95 지연, 핵심 비즈니스 지표)로 정의하면 판단을 더 빠르고 일관되게 할 수 있습니다. 면접에서는 인시던트 대응 프로세스를 물을 때 좋은 답이 됩니다. 실무에서는 자동 롤백까지 걸 수도 있지만, 오탐(잘못된 롤백)이 나면 더 큰 혼란이 생길 수 있어 기준 설계가 중요합니다. 또한 관측 시스템 품질이 떨어지면 기준도 무의미해집니다. 즉 롤백 기준은 관측과 함께 설계해야 합니다.		O	TRUE	X	FALSE					devops	deployment	rollback	metrics
Q589	컨테이너 권한(User)		DevOps / Cloud - 컨테이너	63	OX	MEDIUM	컨테이너를 root로 실행하면 취약점 악용 시 피해 범위가 커질 수 있다.	컨테이너는 격리되어도 root 권한 실행은 위험을 키울 수 있습니다. 면접에서는 컨테이너 보안에서 “root로 돌리면 왜 위험한가”가 자주 나옵니다. 실무에서는 Dockerfile에서 non-root 유저를 만들고, 필요한 최소 권한만 부여합니다. 또한 Linux capability 제한, read-only filesystem 같은 하드닝 옵션을 함께 적용하기도 합니다. 물론 일부 레거시 앱은 root가 필요할 수 있어, 그때는 격리 강화와 정책으로 보완합니다. 즉 기본은 non-root 실행입니다.		O	TRUE	X	FALSE					devops	container	security	hardening
Q590	이미지 서명(Signing)		DevOps / Cloud - 컨테이너	63	OX	MEDIUM	이미지 서명은 공급망 보안에서 “누가 만든 이미지인지” 검증하는 데 도움 된다.	이미지 서명은 빌드한 주체와 변경 여부를 검증해, 변조된 이미지를 배포하는 위험을 줄입니다. 면접에서는 DevSecOps나 공급망 보안(Supply Chain Security)에서 나올 수 있습니다. 실무에서는 서명된 이미지만 배포 허용하는 정책을 두고, CI에서 서명/검증을 자동화합니다. 다만 운영 복잡도가 늘 수 있어 단계적으로 도입하는 것이 일반적입니다. 또한 서명 키 관리가 매우 중요해 키가 유출되면 신뢰 체계가 무너집니다. 즉 서명은 신뢰를 코드로 만드는 방법입니다.		O	TRUE	X	FALSE					devops	supply_chain	container	security
Q591	서비스 계정(Service Account)		DevOps / Cloud - 클라우드 서비스	64	OX	MEDIUM	서비스 계정은 사람 계정과 분리해 워크로드 권한을 관리하는 데 유리하다.	서비스 계정은 애플리케이션/자동화가 사용하는 정체성으로, 사람 계정과 분리해 관리하는 것이 원칙입니다. 면접에서는 “왜 사람 계정을 서버에 박으면 안 되나”로 연결됩니다. 실무에서는 서비스 계정에 최소 권한을 부여하고, 키를 쓰더라도 주기적 로테이션과 사용 범위 제한을 둡니다. 가능하면 키 없는 방식(워크로드 아이덴티티/역할)로 단기 자격증명을 쓰는 게 안전합니다. 또한 서비스 계정 권한을 과하게 주면 침해 시 피해가 커집니다. 즉 분리와 최소 권한이 핵심입니다.		O	TRUE	X	FALSE					cloud	iam	service_account	devops
Q592	프라이빗 엔드포인트		DevOps / Cloud - 클라우드 서비스	64	OX	MEDIUM	프라이빗 엔드포인트를 쓰면 관리형 서비스 접근을 인터넷을 거치지 않게 만들 수 있다.	프라이빗 엔드포인트는 관리형 서비스(DB, 스토리지 등) 접근 경로를 내부 네트워크로 한정해 공격 표면을 줄이는 데 유용합니다. 면접에서는 “인터넷에 노출하지 않고 DB를 쓰려면?” 같은 질문으로 나올 수 있습니다. 실무에서는 라우팅/보안그룹/네임해석(DNS) 설정이 함께 맞아야 해서 설정 난도가 조금 있습니다. 또한 네트워크를 내부화하면 트러블슈팅이 복잡해질 수 있으니 관측과 문서화가 중요합니다. 즉 프라이빗 연결은 보안을 강화하지만 구성 복잡도가 있습니다.		O	TRUE	X	FALSE					cloud	networking	private_endpoint	devops
Q593	로그 중앙화(Centralized Logging)		DevOps / Cloud - 클라우드 서비스	64	OX	MEDIUM	마이크로서비스에서는 로그 중앙화가 없으면 장애 원인 추적이 어려워질 수 있다.	서비스가 여러 개로 쪼개지면 로그가 흩어져서 한 요청의 흐름을 따라가기 어렵습니다. 면접에서는 “MSA에서 디버깅을 어떻게 하냐”로 자주 나옵니다. 실무에서는 로그를 중앙 수집하고, 공통 correlation id를 넣어 검색 가능하게 만드는 것이 중요합니다. 또한 로그 포맷(JSON), 필드 표준, 개인정보 마스킹까지 같이 잡아야 운영 품질이 올라갑니다. 다만 로그 수집은 비용이 커질 수 있어 샘플링/보관 정책도 필요합니다. 즉 중앙화는 필수지만 운영 설계가 따라야 합니다.		O	TRUE	X	FALSE					devops	logging	observability	cloud
Q594	분산 트레이싱(Tracing)		DevOps / Cloud - 클라우드 서비스	64	OX	MEDIUM	분산 트레이싱은 여러 서비스로 이어지는 요청의 병목 구간을 찾는 데 도움이 된다.	분산 트레이싱은 요청이 게이트웨이, 서비스 A/B, DB, 외부 API를 거치는 경로를 시각화해 병목을 찾게 해줍니다. 면접에서는 observability 3요소 중 trace를 설명할 수 있는지 묻기도 합니다. 실무에서는 trace id를 헤더로 전파하고, 샘플링 정책을 조절해 비용과 가시성을 균형 있게 가져갑니다. 또한 trace만으로 부족하므로 로그/메트릭과 연동되어야 진짜 효과가 납니다. 즉 트레이싱은 “연결된 관측”의 핵심입니다.		O	TRUE	X	FALSE					devops	tracing	observability	cloud
Q595	RPO RTO		DevOps / Cloud - 클라우드 서비스	64	OX	MEDIUM	RPO는 데이터 손실 허용치, RTO는 서비스 복구 목표 시간으로 자주 정의된다.	RPO는 “얼마나 과거까지 데이터 손실을 허용할지”, RTO는 “얼마나 빨리 서비스를 복구할지”를 의미하는 개념으로 많이 사용됩니다. 면접에서는 DR 설계에서 거의 단골 질문입니다. 실무에서는 RPO가 짧을수록 복제/동기화 비용이 증가하고, RTO가 짧을수록 대기 리소스(핫/웜 스탠바이)가 필요해 비용이 커집니다. 따라서 비즈니스 중요도에 따라 서비스별 목표를 다르게 설정하는 것이 현실적입니다. 또한 목표를 세웠으면 복구 리허설로 달성 가능성을 검증해야 합니다. 즉 RPO/RTO는 기술과 비용의 합의점입니다.		O	TRUE	X	FALSE					cloud	dr	rpo	rto
Q596	백업 복구 테스트		DevOps / Cloud - 클라우드 서비스	64	OX	MEDIUM	백업은 존재만으로 충분하고 복구 테스트는 필수는 아니다.	이 문장은 틀린 주장입니다. 백업은 복구가 실제로 되는지 확인하지 않으면 “없는 것과 다름없는” 경우가 많습니다. 면접에서는 백업 전략에서 복구 테스트의 중요성을 자주 강조합니다. 실무에서는 정기적으로 복구 리허설을 하고, 복구 시간(RTO)과 데이터 손실(RPO)을 측정해 목표를 맞추는지 확인합니다. 또한 백업 데이터가 암호화되어 있으면 키 접근이 가능해야 복구가 되므로 키 관리도 함께 점검해야 합니다. 즉 백업은 복구까지가 진짜입니다.		O	FALSE	X	TRUE					cloud	backup	dr	devops
Q597	IaC Plan Review		DevOps / Cloud - IaC	65	OX	MEDIUM	IaC에서 plan 결과를 리뷰하면 의도치 않은 리소스 삭제를 사전에 발견할 수 있다.	IaC plan은 실제 적용 전 변경 목록을 보여주므로, 위험한 변경(삭제, 권한 오픈)을 미리 잡을 수 있습니다. 면접에서는 IaC 운영 프로세스(Plan→Review→Apply)를 물을 수 있습니다. 실무에서는 plan을 PR 코멘트로 자동 첨부하고, 승인된 경우에만 apply가 가능하도록 파이프라인을 구성합니다. 또한 “삭제 보호”나 “prevent_destroy” 같은 안전장치를 함께 두면 사고가 줄어듭니다. 다만 plan은 외부 상태 변화에 따라 바뀔 수 있으니, apply 시점의 검증도 필요합니다. 즉 plan 리뷰는 IaC의 핵심 가드레일입니다.		O	TRUE	X	FALSE					devops	iac	terraform	review
Q598	IaC 모듈화(Module)		DevOps / Cloud - IaC	65	OX	MEDIUM	IaC를 모듈화하면 재사용성과 표준화가 좋아질 수 있지만 모듈 버전 관리가 필요하다.	모듈화는 네트워크, 보안 그룹, 기본 태그 정책 같은 공통 인프라를 재사용 가능하게 만듭니다. 면접에서는 “인프라 코드를 어떻게 구조화하나”에서 모듈화가 자주 나옵니다. 실무에서는 모듈 버전을 태그로 고정하고, 변경 로그를 관리하지 않으면 예상치 못한 변경이 전파될 수 있습니다. 또한 모듈이 너무 범용이 되면 오히려 사용성이 떨어져 ‘모듈 지옥’이 될 수 있어 적정 추상화가 중요합니다. 즉 모듈은 표준화의 무기이지만, 버전 관리가 필수입니다.		O	TRUE	X	FALSE					devops	iac	module	versioning
Q599	IaC 리소스 의존성		DevOps / Cloud - IaC	65	OX	MEDIUM	IaC에서 리소스 간 의존성을 잘못 잡으면 생성/삭제 순서 문제로 실패할 수 있다.	인프라는 리소스 생성 순서가 중요할 때가 많습니다(예: 서브넷→라우팅→인스턴스). 의존성 그래프가 잘못되면 생성이 실패하거나, 삭제 시 남는 리소스가 생길 수 있습니다. 면접에서는 IaC 적용 실패 경험과 해결 방법을 물을 수 있습니다. 실무에서는 명시적 의존성(depend_on)과 데이터 소스 사용을 적절히 조합하고, 모듈 내부에서도 출력/입력을 명확히 설계합니다. 또한 삭제가 위험한 리소스는 보호 옵션을 두어 실수로 지우지 않게 합니다. 즉 의존성 설계는 IaC 안정성의 핵심입니다.		O	TRUE	X	FALSE					devops	iac	dependency	terraform
Q600	GitOps(깃옵스)		DevOps / Cloud - CI/CD	62	OX	MEDIUM	GitOps는 Git을 단일 진실 원천으로 두고 선언형 설정 기반으로 배포를 자동화하는 접근으로 설명할 수 있다.	GitOps는 “운영 상태는 Git에 있다”는 철학을 기반으로, 선언형 설정을 Git에 두고 클러스터/환경이 이를 따라가게 만드는 방식입니다. 면접에서는 CI와 CD를 분리해 설명하거나, 선언형/동기화 개념을 물을 수 있습니다. 실무에서는 PR 리뷰로 운영 변경을 통제하고, 변경 이력이 Git에 남아 감사가 쉬워집니다. 다만 Git이 곧 운영 권한이 되므로 접근 제어가 매우 중요하고, 드리프트 감지/자동 복구 전략도 필요합니다. 즉 GitOps는 자동화 + 거버넌스를 함께 올리는 방식입니다.		O	TRUE	X	FALSE					devops	gitops	cicd	cloud
Q601	Monorepo(모노레포)		DevOps / Cloud - 버전 관리	61	OX	MEDIUM	모노레포는 여러 서비스/패키지를 하나의 저장소에서 함께 관리하는 전략으로 볼 수 있다.	모노레포는 여러 프로젝트를 한 저장소에 모아 공통 도구/규칙을 공유하고 변경을 함께 추적하는 전략입니다. 면접에서는 모노레포와 멀티레포의 장단점을 비교해 설명할 수 있는지 물을 수 있습니다. 실무에서는 공통 라이브러리 변경을 한 PR로 함께 반영할 수 있어 편하지만, 빌드/테스트 범위가 커져 CI 최적화가 필요합니다. 또한 권한/코드오너 관리가 복잡해질 수 있어 폴더 구조와 규칙을 잘 잡아야 합니다. 즉 모노레포는 생산성을 올리지만 운영 도구가 따라야 합니다.		O	TRUE	X	FALSE					devops	git	monorepo	workflow
Q602	Conventional Commits		DevOps / Cloud - 버전 관리	61	OX	MEDIUM	Conventional Commits를 쓰면 변경 유형을 커밋 메시지에서 구조적으로 표현할 수 있다.	Conventional Commits는 feat, fix, chore 같은 접두어로 변경 목적을 표준화하는 커밋 메시지 규칙입니다. 면접에서는 협업 규칙이나 릴리즈 자동화를 질문할 때 나올 수 있습니다. 실무에서는 변경 로그 생성, 버전 자동 증가(semver) 같은 자동화에 유리합니다. 다만 규칙이 부담이 되면 형식만 맞추고 내용이 부실해질 수 있으니, 제목과 본문에 변경 이유를 잘 남기는 문화가 중요합니다. 즉 규칙은 자동화의 연료지만 팀 합의가 필요합니다.		O	TRUE	X	FALSE					devops	git	commits	automation
Q603	Commit Signing(GPG)		DevOps / Cloud - 버전 관리	61	OX	MEDIUM	커밋 서명은 커밋 작성자 신뢰성을 높이는 데 도움 될 수 있다.	커밋 서명은 “이 커밋은 이 키의 소유자가 만들었다”를 검증하는 방식으로, 공급망 보안 관점에서 중요해지고 있습니다. 면접에서는 보안이 강조된 조직에서 서명/검증 흐름을 물을 수 있습니다. 실무에서는 서명된 커밋만 main에 머지하도록 정책을 둘 수 있고, 계정 탈취/위장 커밋을 줄이는 데 도움이 됩니다. 다만 키 관리가 어렵고, 개발자 온보딩 비용이 생길 수 있어 점진 도입이 흔합니다. 즉 서명은 신뢰를 강화하지만 운영 부담이 있습니다.		O	TRUE	X	FALSE					devops	git	security	signing
Q604	Build Matrix(매트릭스 빌드)		DevOps / Cloud - CI/CD	62	OX	MEDIUM	매트릭스 빌드는 여러 OS/버전 조합으로 테스트를 병렬 실행하는 데 활용될 수 있다.	매트릭스 빌드는 예를 들어 Java 17/21, Linux/Windows 조합처럼 다양한 환경을 동시에 검증하는 방식입니다. 면접에서는 크로스 플랫폼 지원이나 호환성 테스트 전략을 물을 때 나올 수 있습니다. 실무에서는 병렬 실행으로 시간을 줄일 수 있지만, 조합이 늘면 비용이 급증하므로 핵심 조합만 유지하는 전략이 필요합니다. 또한 환경별 차이로만 발생하는 버그를 조기에 잡을 수 있어 릴리즈 품질이 좋아집니다. 즉 매트릭스는 품질과 비용을 함께 관리해야 합니다.		O	TRUE	X	FALSE					devops	cicd	testing	matrix
Q605	PR Checks(필수 체크)		DevOps / Cloud - CI/CD	62	OX	MEDIUM	PR에 필수 체크(CI 통과)를 강제하면 깨진 코드가 main에 들어갈 위험을 줄일 수 있다.	필수 체크는 PR이 머지되기 전에 테스트/린트/보안 스캔 같은 자동 검증을 통과하도록 강제합니다. 면접에서는 “main을 어떻게 지키나”에서 자주 나옵니다. 실무에서는 체크가 느리면 개발 속도가 떨어지므로, 캐시/병렬화/변경 범위 기반 실행으로 최적화합니다. 또한 플래키 테스트가 있으면 체크 신뢰도가 떨어져 개발자들이 무시하게 되므로, 테스트 안정성 관리가 중요합니다. 즉 필수 체크는 품질 게이트이자 운영 문화입니다.		O	TRUE	X	FALSE					devops	cicd	quality_gate	github
Q606	SBOM(소프트웨어 자재명세)		DevOps / Cloud - CI/CD	62	OX	MEDIUM	SBOM은 소프트웨어에 포함된 구성요소와 버전을 목록화해 취약점 대응에 도움 된다.	SBOM은 어떤 라이브러리/패키지가 포함됐는지 ‘자재명세서’처럼 기록하는 것입니다. 면접에서는 Log4j 같은 공급망 이슈를 예로 들어 “영향 범위를 어떻게 빨리 찾나” 질문이 나올 수 있습니다. 실무에서는 SBOM이 있으면 취약점이 발표됐을 때 영향을 받는 서비스와 버전을 빠르게 식별할 수 있습니다. 다만 SBOM 생성만 하고 업데이트/활용을 안 하면 의미가 없으므로, CI에 자동 생성과 저장, 스캔 연동까지 붙이는 것이 좋습니다. 즉 SBOM은 대응 속도를 올리는 도구입니다.		O	TRUE	X	FALSE					devops	security	sbom	supply_chain
Q607	SAST(정적 분석)		DevOps / Cloud - CI/CD	62	OX	MEDIUM	SAST는 실행 없이 코드만 분석해 취약점 가능성을 찾는 방식으로 CI에 붙일 수 있다.	SAST는 소스코드를 정적으로 검사해 SQL 인젝션 패턴, 위험한 함수 사용 등을 탐지합니다. 면접에서는 DevSecOps 관점에서 “보안을 파이프라인에 어떻게 넣나” 질문으로 연결됩니다. 실무에서는 오탐이 있을 수 있어 규칙 조정과 예외 관리가 필요하며, 경고를 무시하는 문화가 생기지 않도록 심각도 기준을 세우는 게 중요합니다. 또한 SAST는 런타임 환경 문제는 못 잡으니 DAST/침투 테스트와 보완 관계입니다. 즉 SAST는 조기 탐지에 강하지만 만능은 아닙니다.		O	TRUE	X	FALSE					devops	security	sast	cicd
Q608	DAST(동적 분석)		DevOps / Cloud - CI/CD	62	OX	MEDIUM	DAST는 실행 중인 애플리케이션을 대상으로 취약점을 탐지하는 방식이다.	DAST는 배포된 앱에 대해 실제 요청을 보내며 취약점을 찾습니다. 면접에서는 SAST와 차이를 묻는 단골 질문으로 나올 수 있습니다. 실무에서는 테스트 환경에서 수행하고, 인증이 필요한 엔드포인트는 스캔 계정/토큰을 안전하게 관리해야 합니다. 또한 스캔은 시간이 오래 걸릴 수 있어 릴리즈 파이프라인에 어떻게 배치할지(야간, 주간, 릴리즈 전)가 중요합니다. 즉 DAST는 현실적인 공격면을 검증하지만 운영 설계가 필요합니다.		O	TRUE	X	FALSE					devops	security	dast	testing
Q609	이미지 레지스트리 권한		DevOps / Cloud - 컨테이너	63	OX	MEDIUM	레지스트리에 푸시 권한이 과하면 악성 이미지가 배포 경로로 들어올 수 있다.	이미지 레지스트리는 배포 공급망의 핵심이므로 권한 통제가 중요합니다. 면접에서는 “배포 파이프라인 보안을 어떻게 하냐”에서 자주 이어집니다. 실무에서는 푸시 권한을 CI 서비스 계정으로 제한하고, 사람이 직접 올리는 것을 최소화합니다. 또한 서명/스캔 통과한 이미지만 pull 가능하게 정책을 두면 위험을 낮출 수 있습니다. 레지스트리 권한이 뚫리면 배포 전체가 위험해지므로 가장 민감한 자산으로 취급해야 합니다. 즉 레지스트리는 ‘배포의 관문’입니다.		O	TRUE	X	FALSE					devops	container	registry	security
Q610	컨테이너 로그와 STDOUT		DevOps / Cloud - 컨테이너	63	OX	MEDIUM	컨테이너 환경에서는 파일 로그보다 STDOUT STDERR로 로그를 내는 방식이 수집에 유리할 수 있다.	컨테이너는 수명이 짧고 재시작이 잦아 로컬 파일 로그는 유실되기 쉽습니다. 그래서 STDOUT/STDERR로 내보내고, 런타임이나 사이드카/에이전트가 중앙으로 수집하는 패턴이 흔합니다. 면접에서는 12-factor 앱의 로그 원칙을 물을 수 있습니다. 실무에서는 로그 포맷 표준화와 민감정보 마스킹이 중요하고, 너무 많은 로그는 비용을 키우므로 레벨/샘플링 정책이 필요합니다. 즉 컨테이너 로그는 “수집 가능한 형태”로 내는 게 핵심입니다.		O	TRUE	X	FALSE					devops	container	logging	cloud
Q611	오토스케일 쿨다운		DevOps / Cloud - 클라우드 서비스	64	OX	MEDIUM	오토스케일 쿨다운 설정은 스케일 인 아웃이 너무 자주 흔들리는 현상을 줄이는 데 도움 된다.	쿨다운은 스케일 변화 후 일정 시간은 추가 변화를 제한해 ‘스래싱(thrashing)’을 완화하는 설정입니다. 면접에서는 오토스케일링의 부작용과 해결책을 질문할 수 있습니다. 실무에서는 메트릭이 출렁이는 서비스에서 쿨다운과 평균 윈도우를 적절히 잡지 않으면 인스턴스가 계속 늘었다 줄었다 하며 불안정해질 수 있습니다. 다만 쿨다운이 너무 길면 대응이 느려져 성능 문제가 생길 수 있어 튜닝이 필요합니다. 즉 오토스케일은 파라미터 설계가 중요합니다.		O	TRUE	X	FALSE					cloud	autoscaling	cooldown	devops
Q612	비용과 관측 데이터		DevOps / Cloud - 클라우드 서비스	64	OX	MEDIUM	메트릭과 로그 수집량이 늘면 관측 비용이 예상보다 커질 수 있다.	관측(Observability)은 필수지만, 데이터가 많아질수록 저장/쿼리 비용이 빠르게 커질 수 있습니다. 면접에서는 “운영 비용을 어떻게 관리하나”에서 좋은 포인트입니다. 실무에서는 로그 샘플링, 보관 기간 분리(핫/웜/콜드), 고가치 로그만 남기기 같은 전략을 사용합니다. 또한 trace는 전체 수집이 어려워 샘플링이 일반적이며, 핵심 엔드포인트만 더 촘촘히 수집하기도 합니다. 즉 관측은 “필요한 만큼만”이 비용 최적화 포인트입니다.		O	TRUE	X	FALSE					devops	observability	cost	cloud
Q613	CDN 캐싱		DevOps / Cloud - 클라우드 서비스	64	OX	MEDIUM	CDN 캐싱은 정적 자원의 응답 시간을 줄이고 오리진 부하를 낮출 수 있다.	CDN은 사용자와 가까운 엣지에서 콘텐츠를 제공해 지연을 줄이고 트래픽을 분산합니다. 면접에서는 “트래픽이 늘 때 어떻게 대응하나”에서 CDN이 자주 언급됩니다. 실무에서는 캐시 무효화(invalidation) 전략이 중요하고, 캐시 키(쿼리스트링/헤더)에 따라 의도치 않게 캐시가 분산될 수 있어 주의해야 합니다. 또한 개인정보가 섞인 응답이 캐시되지 않도록 Cache-Control 설정을 정확히 해야 합니다. 즉 CDN은 성능과 보안 설정이 함께 필요합니다.		O	TRUE	X	FALSE					cloud	cdn	caching	devops
Q614	WAF(웹 방화벽)		DevOps / Cloud - 클라우드 서비스	64	OX	MEDIUM	WAF는 SQL 인젝션이나 XSS 같은 웹 공격 패턴을 차단하는 데 도움이 될 수 있다.	WAF는 웹 요청을 검사해 알려진 공격 패턴을 필터링하는 보안 계층입니다. 면접에서는 “운영에서 보안을 어떻게 적용하나” 질문으로 이어질 수 있습니다. 실무에서는 룰을 너무 빡세게 하면 정상 요청도 막는 오탐이 생기므로, 모니터링 모드로 학습 후 차단으로 전환하는 방식이 흔합니다. 또한 WAF는 만능이 아니라, 애플리케이션 보안 코딩과 함께 사용해야 효과가 큽니다. 즉 WAF는 방어층 중 하나입니다.		O	TRUE	X	FALSE					cloud	security	waf	devops
Q615	IaC와 Secret 분리		DevOps / Cloud - IaC	65	OX	MEDIUM	IaC 코드에 평문 시크릿을 넣으면 레포 유출 시 피해가 커질 수 있어 분리 저장이 권장된다.	IaC는 인프라 정의를 공유하는 코드이므로, 평문 시크릿을 넣으면 노출 범위가 커집니다. 면접에서는 “Terraform에 비밀번호를 어떻게 넣나” 같은 질문이 나옵니다. 실무에서는 Secret Manager, Parameter Store, CI secret, KMS 암호화 값 등으로 분리하고, 접근 권한을 최소화합니다. 또한 state 파일에도 민감 정보가 남을 수 있으므로 state 보안(암호화, 접근 제한)이 같이 중요합니다. 즉 IaC와 시크릿은 분리하고 통제해야 합니다.		O	TRUE	X	FALSE					devops	iac	secrets	security
Q616	Terraform Import		DevOps / Cloud - IaC	65	OX	MEDIUM	terraform import는 기존에 만들어진 리소스를 state에 편입하는 데 사용될 수 있다.	import는 이미 존재하는 리소스를 Terraform 관리 대상으로 가져오게 해주는 기능입니다. 면접에서는 “레거시 인프라를 IaC로 전환”할 때 전략을 물을 수 있습니다. 실무에서는 import 후에 코드 정의를 맞추지 않으면 plan이 대량 변경으로 나타날 수 있어, 단계적으로 코드와 state를 정렬해야 합니다. 또한 일부 리소스는 완전한 import가 어려울 수 있어 문서 확인이 필요합니다. 즉 import는 전환의 출발점이지 끝이 아닙니다.		O	TRUE	X	FALSE					devops	terraform	import	iac
Q617	Terraform Workspace		DevOps / Cloud - IaC	65	OX	MEDIUM	workspace는 같은 코드로 여러 환경의 state를 분리해 관리하는 데 사용될 수 있다.	워크스페이스는 동일한 IaC 코드로도 state를 분리해 환경별 리소스를 관리할 수 있게 해줍니다. 면접에서는 환경 분리 방식을 물을 때 나올 수 있습니다. 실무에서는 간단한 구성에는 편하지만, 환경별로 크게 달라지면 디렉토리/모듈 분리 방식이 더 명확할 수 있습니다. 또한 워크스페이스 이름 실수로 다른 환경에 apply하는 사고가 날 수 있어 보호 장치와 자동화가 필요합니다. 즉 워크스페이스는 편의 기능이지만 운영 규칙이 중요합니다.		O	TRUE	X	FALSE					devops	terraform	workspace	iac
Q618	롤백과 데이터 마이그레이션		DevOps / Cloud - CI/CD	62	OX	MEDIUM	DB 마이그레이션이 포함된 배포는 코드 롤백만으로 원상복구가 항상 가능하다고 볼 수 없다.	DB 변경은 되돌리기 어렵거나 위험할 수 있어, 코드 롤백만으로는 완전 복구가 안 되는 경우가 많습니다. 면접에서는 “무중단 배포에서 DB는 어떻게 하냐”로 자주 이어집니다. 실무에서는 확장-축소(expand-contract), 롤포워드 전략, 마이그레이션 분리 배포로 위험을 줄입니다. 또한 데이터 변환이 들어가면 되돌림 스크립트가 필요할 수 있고, 복구 시나리오를 미리 연습해야 합니다. 즉 데이터가 들어가면 롤백은 훨씬 어려워집니다.		O	TRUE	X	FALSE					devops	deployment	database	migration
Q619	IaC Destroy 위험		DevOps / Cloud - IaC	65	OX	MEDIUM	terraform destroy는 전체 리소스를 삭제할 수 있어 권한과 실행 경로를 강하게 통제하는 게 좋다.	destroy는 매우 강력한 명령으로, 실수하면 운영 리소스가 통째로 삭제될 수 있습니다. 면접에서는 운영에서 위험 명령을 어떻게 통제하냐는 질문으로 연결될 수 있습니다. 실무에서는 destroy 권한을 별도로 분리하고, 운영에서는 실행 자체를 막거나 승인 절차를 강제합니다. 또한 prevent_destroy 같은 보호 옵션을 중요한 리소스에 적용해 사고를 줄일 수 있습니다. 즉 IaC는 자동화만큼 “가드레일”이 핵심입니다.		O	TRUE	X	FALSE					devops	iac	governance	safety
Q620	GitOps Drift		DevOps / Cloud - CI/CD	62	OX	MEDIUM	GitOps에서 클러스터 상태가 Git 선언과 달라지면 이를 드리프트로 보고 복구를 시도할 수 있다.	GitOps는 선언형 상태가 Git에 있고, 실제 환경이 이를 따라가게 만드는 운영 방식입니다. 따라서 실제 상태가 Git과 달라지면 드리프트로 보고 자동/수동으로 원복(리콘실)하는 구조가 가능합니다. 면접에서는 “Git이 단일 진실 원천이면 뭐가 좋아지나”를 설명할 때 유용합니다. 실무에서는 자동 복구가 편하지만, 긴급 수동 변경을 하면 곧바로 되돌아갈 수 있어 break-glass 절차가 필요합니다. 또한 Git 접근 권한이 곧 운영 권한이 되므로 권한 관리가 매우 중요합니다. 즉 GitOps는 자동화와 통제가 같이 움직입니다.		O	TRUE	X	FALSE					devops	gitops	drift	cicd
Q621	PR 템플릿(PR Template)		DevOps / Cloud - 버전 관리	61	OX	MEDIUM	PR 템플릿을 쓰면 변경 목적과 테스트 방법을 표준화해 리뷰 품질을 올릴 수 있다.	PR 템플릿은 “왜 바꾸는지, 어떻게 검증했는지”를 빠뜨리지 않게 만드는 협업 장치입니다. 면접에서는 코드 리뷰 프로세스를 질문할 때 좋은 근거가 됩니다. 실무에서는 체크리스트(테스트 완료, 롤백 플랜, 영향 범위)를 포함해 사고를 줄이고, 리뷰어가 빠르게 핵심을 파악하도록 돕습니다. 다만 템플릿이 너무 길면 형식만 채우게 되므로, 팀에 맞는 최소 항목으로 유지하는 게 좋습니다. 또한 운영 영향이 큰 변경은 템플릿에 모니터링/대응 항목을 넣으면 효과가 큽니다. 즉 템플릿은 리뷰를 “문서화된 품질 게이트”로 만들어줍니다.		O	TRUE	X	FALSE					devops	git	pr_template	collaboration
Q622	Commit Lint(커밋 린트)		DevOps / Cloud - 버전 관리	61	OX	MEDIUM	커밋 린트를 적용하면 커밋 메시지 규칙 위반을 자동으로 막거나 경고할 수 있다.	커밋 린트는 커밋 메시지 형식을 자동 검증해 일관성을 유지합니다. 면접에서는 협업 규칙과 자동화 수준을 설명할 때 언급될 수 있습니다. 실무에서는 릴리즈 노트 자동 생성, 변경 유형 분류에 도움이 되지만, 규칙이 과하면 개발자 피로도가 올라갑니다. 따라서 최소 규칙부터 시작하고, 예외 케이스(merge commit 등)를 잘 처리하는 게 중요합니다. 또한 메시지 규칙보다 “왜 바꾸는지”가 남도록 본문 작성 습관을 함께 잡아야 합니다. 즉 린트는 문화의 보조장치입니다.		O	TRUE	X	FALSE					devops	git	commit_lint	automation
Q623	릴리즈 노트 자동화(Release Notes)		DevOps / Cloud - CI/CD	62	OX	MEDIUM	태그와 PR 정보를 기반으로 릴리즈 노트를 자동 생성할 수 있다.	릴리즈 노트는 변경 내역을 사용자/운영팀에 전달하는 중요한 문서입니다. 태그, PR 제목/라벨, Conventional Commits 등을 활용하면 자동 생성이 가능합니다. 면접에서는 배포 프로세스 성숙도를 볼 때 릴리즈 노트를 어떻게 관리하는지 묻기도 합니다. 실무에서는 자동화로 누락을 줄이되, 운영 영향(마이그레이션, 설정 변경)은 사람이 보강해야 품질이 올라갑니다. 또한 릴리즈 노트는 감사/장애 대응 시 “무슨 변경이 있었나”를 추적하는 근거가 됩니다. 즉 자동화는 기본, 핵심 내용은 책임 있게 보강이 필요합니다.		O	TRUE	X	FALSE					devops	cicd	release_notes	governance
Q624	CI 환경 변수(Env Var)		DevOps / Cloud - CI/CD	62	OX	MEDIUM	CI에서 환경 변수를 잘못 설정하면 같은 코드라도 다른 결과가 나올 수 있다.	CI 환경은 변수 하나로 빌드 타겟, 테스트 범위, 기능 플래그가 바뀔 수 있습니다. 면접에서는 “왜 로컬에서는 되는데 CI에서 실패하나” 같은 문제의 원인으로 환경 차이를 자주 다룹니다. 실무에서는 변수 값을 명확히 문서화하고, 기본값을 코드에 두며, 민감 정보는 시크릿 스토어로 분리합니다. 또한 환경 변수를 무분별하게 늘리면 재현성이 떨어지므로, 설정의 출처와 우선순위를 정리해야 합니다. 결국 CI 안정성은 환경의 표준화에서 시작됩니다.		O	TRUE	X	FALSE					devops	cicd	env	reproducibility
Q625	CI에서 병렬 테스트 분리		DevOps / Cloud - CI/CD	62	OX	MEDIUM	병렬 테스트를 할 때 DB를 공유하면 테스트 간 간섭으로 실패가 늘 수 있다.	병렬 실행은 속도를 올리지만 공유 자원이 있으면 간섭이 발생합니다. DB를 공유하면 트랜잭션 격리, 테스트 데이터 충돌, 락 경합으로 실패가 늘 수 있습니다. 면접에서는 flaky test 원인으로 자주 언급됩니다. 실무에서는 테스트용 DB를 분리하거나, 스키마/네임스페이스를 테스트 단위로 나누고, 데이터 정리를 자동화합니다. 또한 외부 API 호출은 mock으로 바꾸고, 랜덤 포트 사용 등 격리 원칙을 지키면 병렬화가 쉬워집니다. 즉 병렬화의 핵심은 격리입니다.		O	TRUE	X	FALSE					devops	cicd	testing	parallel
Q626	컨테이너 네트워크(Bridge)		DevOps / Cloud - 컨테이너	63	OX	MEDIUM	Docker 기본 네트워크(bridge)는 컨테이너 간 통신을 가능하게 하지만 외부 노출은 포트 매핑이 필요하다.	Docker의 bridge 네트워크는 같은 호스트 내 컨테이너들이 서로 통신하기 쉽게 해줍니다. 하지만 호스트 외부에서 접근하려면 -p 같은 포트 매핑이 필요합니다. 면접에서는 컨테이너 포트 노출 개념을 물을 수 있습니다. 실무에서는 무심코 포트를 외부에 열면 보안 위험이 생기므로, 필요한 포트만 열고 내부 통신은 네트워크로 제한하는 습관이 중요합니다. 또한 운영 환경에서는 로드밸런서/서비스 디스커버리로 노출을 관리합니다. 즉 네트워크는 편의와 보안의 균형입니다.		O	TRUE	X	FALSE					devops	docker	networking	security
Q627	컨테이너 볼륨(Volume)		DevOps / Cloud - 컨테이너	63	OX	MEDIUM	컨테이너의 파일시스템은 기본적으로 휘발성이어서 데이터는 볼륨 같은 외부 저장에 두는 것이 안전하다.	컨테이너는 재시작/재배포가 잦아 내부 파일시스템에 데이터를 두면 유실 위험이 큽니다. 면접에서는 상태 저장(stateful) 서비스를 컨테이너로 운영할 때 주의점을 물을 수 있습니다. 실무에서는 DB나 업로드 파일은 볼륨/외부 스토리지에 두고, 앱은 stateless하게 만드는 것이 일반적인 방향입니다. 또한 볼륨 권한, 백업, 스냅샷 정책까지 포함해 운영해야 합니다. 즉 컨테이너는 “상태를 밖으로”가 기본 원칙입니다.		O	TRUE	X	FALSE					devops	container	volume	persistence
Q628	이미지 빌드 컨텍스트		DevOps / Cloud - 컨테이너	63	OX	MEDIUM	빌드 컨텍스트에 불필요한 파일이 많으면 이미지 빌드가 느려질 수 있다.	Docker build는 컨텍스트를 Docker 데몬으로 전송하므로, 불필요한 파일이 많으면 전송과 빌드가 느려집니다. 면접에서는 Dockerfile 최적화 포인트로 자주 언급됩니다. 실무에서는 .dockerignore로 node_modules, 로그, 로컬 캐시를 제외해 속도를 올리고 보안도 강화합니다. 또한 COPY 순서가 캐시 효율에 큰 영향을 주므로, 자주 바뀌는 파일을 뒤로 두는 전략이 중요합니다. 결국 빌드 성능은 컨텍스트 관리에서 많이 결정됩니다.		O	TRUE	X	FALSE					devops	docker	build	optimization
Q629	로드밸런서 헬스체크		DevOps / Cloud - 클라우드 서비스	64	OX	MEDIUM	로드밸런서 헬스체크가 실패하면 해당 인스턴스는 트래픽 대상에서 제외될 수 있다.	헬스체크는 “정상 인스턴스에게만 트래픽을 보내기” 위한 안전장치입니다. 면접에서는 무중단 운영의 기본 구성요소로 헬스체크를 자주 물어봅니다. 실무에서는 헬스체크 경로가 너무 무거우면 오히려 부하를 줄 수 있고, 너무 가벼우면 실제 장애를 놓칠 수 있어 균형이 필요합니다. 또한 readiness 개념과 결합해 “트래픽 받을 준비가 된 상태”를 정확히 반영해야 합니다. 즉 헬스체크는 트래픽 제어의 핵심입니다.		O	TRUE	X	FALSE					cloud	load_balancer	healthcheck	devops
Q630	캐시 무효화(Cache Invalidation)		DevOps / Cloud - 클라우드 서비스	64	OX	MEDIUM	캐시는 성능을 높이지만 무효화 전략이 없으면 오래된 데이터가 제공될 수 있다.	캐시는 빠르지만 데이터 최신성과 트레이드오프가 있습니다. 면접에서는 “캐시는 어렵다”라는 맥락으로 무효화 전략을 자주 질문합니다. 실무에서는 TTL 기반, 이벤트 기반 무효화, 버전 키(캐시 키에 버전 포함) 같은 방식으로 운영합니다. 또한 캐시 스탬피드(동시 만료로 오리진 폭주) 같은 문제도 있어, 락이나 미리 갱신하는 전략이 필요할 수 있습니다. 즉 캐시는 성능뿐 아니라 일관성 설계가 핵심입니다.		O	TRUE	X	FALSE					cloud	cache	invalidation	devops
Q631	멱등 키(Idempotency Key)		DevOps / Cloud - 클라우드 서비스	64	OX	MEDIUM	멱등 키를 쓰면 네트워크 재시도 상황에서 중복 결제를 줄이는 데 도움이 될 수 있다.	재시도는 네트워크/타임아웃 상황에서 필수지만, 중복 요청이 발생할 수 있습니다. 멱등 키는 “같은 요청은 한 번만 처리”하도록 서버가 구분하게 해 중복 처리를 줄입니다. 면접에서는 결제/주문 같은 중요 API 설계에서 자주 나옵니다. 실무에서는 키 저장 기간, 키 충돌 방지, 실패/성공 상태 저장 정책이 필요합니다. 또한 멱등은 클라이언트만이 아니라 서버의 데이터 모델(유니크 제약, 트랜잭션)과 함께 설계해야 합니다. 즉 멱등은 안정성을 위한 설계 패턴입니다.		O	TRUE	X	FALSE					cloud	api	idempotency	devops
Q632	재시도와 백오프		DevOps / Cloud - 클라우드 서비스	64	OX	MEDIUM	재시도는 항상 성공률을 높이므로 가능한 한 많이 하는 것이 좋다.	이 문장은 틀린 주장입니다. 재시도는 일시적 장애에는 도움이 되지만, 과하면 장애를 악화시키고 서버를 더 바쁘게 만들 수 있습니다. 면접에서는 지수 백오프, 지터(jitter) 같은 재시도 전략을 아는지 묻기도 합니다. 실무에서는 재시도 횟수를 제한하고, 타임아웃과 서킷 브레이커와 함께 설계합니다. 또한 멱등하지 않은 요청을 무분별하게 재시도하면 데이터가 꼬일 수 있어 위험합니다. 즉 재시도는 “정교하게” 해야 합니다.		O	FALSE	X	TRUE					devops	reliability	retry	cloud
Q633	IAM 최소 권한		DevOps / Cloud - 클라우드 서비스	64	OX	MEDIUM	최소 권한 원칙을 적용하면 침해 사고 시 피해 범위를 줄이는 데 도움이 된다.	최소 권한은 필요한 권한만 부여해 공격자가 얻을 수 있는 범위를 제한하는 원칙입니다. 면접에서는 클라우드 보안에서 거의 필수로 언급됩니다. 실무에서는 “편해서” 관리자 권한을 남발하기 쉬운데, 이게 사고의 주요 원인이 됩니다. 역할 기반 접근(RBAC), 권한 분리, 정기 점검으로 불필요 권한을 줄이고, 임시 권한 상승(JIT)을 활용하면 좋습니다. 또한 정책이 복잡해질 수 있으니 표준 역할을 만들어 재사용하는 전략이 필요합니다. 즉 최소 권한은 보안의 기본 체력입니다.		O	TRUE	X	FALSE					cloud	iam	security	devops
Q634	Observability Alert 피로		DevOps / Cloud - 클라우드 서비스	64	OX	MEDIUM	알림이 너무 많으면 운영자가 중요한 알림을 놓치는 alert fatigue가 생길 수 있다.	알림 피로는 경보가 과도해져 운영자가 무감각해지고 중요한 경보를 놓치는 현상입니다. 면접에서는 운영 경험이 있는지 확인할 때 나올 수 있습니다. 실무에서는 심각도/우선순위를 나누고, 액션 가능한 알림만 남기며, 중복 알림을 묶는 방식으로 개선합니다. 또한 SLO 기반 알림(에러 버짓 소진 등)을 쓰면 의미 없는 스파이크 경보를 줄일 수 있습니다. 즉 알림은 “많이”가 아니라 “정확히”가 중요합니다.		O	TRUE	X	FALSE					devops	observability	alerting	sre
Q635	SLO 기반 운영		DevOps / Cloud - 클라우드 서비스	64	OX	MEDIUM	SLO를 정하면 배포 속도와 안정성 사이의 의사결정을 더 객관적으로 할 수 있다.	SLO는 운영 품질 목표를 수치로 정의해 논쟁을 줄이고 의사결정을 돕습니다. 면접에서는 SLI/SLO/SLA 관계를 이해하는지 자주 묻습니다. 실무에서는 에러 버짓을 활용해 “품질이 나쁘면 변경을 줄이고, 여유가 있으면 더 빠르게 배포” 같은 운영을 합니다. 다만 SLO를 너무 높게 잡으면 비용이 폭증하고, 너무 낮게 잡으면 사용자 불만이 커질 수 있어 비즈니스와 합의가 필요합니다. 즉 SLO는 기술과 비즈니스의 공통 언어입니다.		O	TRUE	X	FALSE					sre	slo	reliability	devops
Q636	IaC와 변경 승인		DevOps / Cloud - IaC	65	OX	MEDIUM	IaC 변경도 애플리케이션 코드처럼 PR 리뷰와 승인 절차를 두는 것이 사고를 줄일 수 있다.	인프라 변경은 영향 범위가 크고 되돌리기 어렵기 때문에, 코드 변경과 동일하거나 더 강한 통제가 필요합니다. 면접에서는 “운영 사고를 어떻게 줄였나” 같은 질문으로 이어질 수 있습니다. 실무에서는 plan 결과를 PR에 붙이고, 코드오너 승인을 요구하며, 운영 적용은 제한된 계정으로만 수행합니다. 또한 정책 검사(Policy as Code)와 결합하면 위험한 설정을 사전에 차단할 수 있습니다. 즉 IaC는 ‘코드’이지만 영향은 더 크므로 거버넌스가 중요합니다.		O	TRUE	X	FALSE					devops	iac	governance	review
Q637	Terraform State 민감 정보		DevOps / Cloud - IaC	65	OX	MEDIUM	IaC state 파일에는 민감 정보가 포함될 수 있어 암호화와 접근 통제가 중요하다.	Terraform state에는 리소스 속성 값이 저장되며, 경우에 따라 비밀번호/토큰 같은 값이 들어갈 수 있습니다. 면접에서는 “state는 어디에 저장하나”에서 보안까지 연결될 수 있습니다. 실무에서는 원격 백엔드(S3 등)에 암호화와 접근 제한을 적용하고, state에 민감 값이 들어가지 않도록 데이터 모델을 설계합니다. 또한 state 유출은 인프라 권한 유출로 이어질 수 있으므로 로그/감사와 최소 권한을 같이 적용합니다. 즉 state 보안은 IaC 보안의 중심입니다.		O	TRUE	X	FALSE					devops	terraform	state	security
Q638	Terraform Plan drift		DevOps / Cloud - IaC	65	OX	MEDIUM	콘솔에서 수동 변경이 들어가면 다음 plan에서 예상치 못한 변경이 나타날 수 있다.	수동 변경은 코드와 실제 상태를 어긋나게 만들어 drift를 발생시킵니다. 그 결과 다음 plan에서 “왜 이걸 바꾸려고 하지?” 같은 변경이 튀어나올 수 있습니다. 면접에서는 IaC 운영에서 금기(수동 변경)와 예외 상황을 물을 수 있습니다. 실무에서는 변경 경로를 IaC로 통제하거나, 최소한 수동 변경 시 문서화/이슈 등록 후 코드에 반영하는 규칙을 둡니다. 또한 drift 감지를 정기적으로 수행하면 조기에 발견할 수 있습니다. 즉 IaC는 변경 경로 통제가 절반입니다.		O	TRUE	X	FALSE					devops	iac	drift	governance
Q639	Cloud NAT		DevOps / Cloud - 클라우드 서비스	64	OX	MEDIUM	프라이빗 서브넷 인스턴스가 외부로 나가려면 NAT 같은 구성이 필요할 수 있다.	프라이빗 서브넷은 기본적으로 외부에서 직접 접근이 어렵고, 외부로 나가는 경로도 별도 구성이 필요할 수 있습니다. NAT를 두면 내부 인스턴스가 패치/패키지 다운로드 등 아웃바운드 트래픽을 보낼 수 있습니다. 면접에서는 VPC 네트워크 구성 질문에서 자주 등장합니다. 실무에서는 NAT 비용이 발생하고 단일 장애점이 될 수 있어, 다중 AZ 구성과 라우팅을 함께 설계합니다. 또한 아웃바운드를 최소화하는 보안 정책과 함께 고려해야 합니다. 즉 네트워크 격리는 보안과 운영 편의의 균형입니다.		O	TRUE	X	FALSE					cloud	networking	nat	devops
Q640	CI와 재사용 가능한 워크플로		DevOps / Cloud - CI/CD	62	OX	MEDIUM	CI 워크플로를 재사용 가능한 템플릿으로 만들면 조직 표준을 적용하기 쉬워질 수 있다.	재사용 워크플로는 여러 레포/서비스에 동일한 품질 게이트(테스트, 스캔, 배포)를 빠르게 확산시킵니다. 면접에서는 조직 규모에서 CI를 어떻게 관리하는지 질문할 때 좋은 답이 됩니다. 실무에서는 템플릿 버전 관리가 중요하고, 하위 호환을 깨는 변경은 릴리즈 전략을 세워야 합니다. 또한 공통 템플릿이 너무 복잡하면 팀별 요구를 만족시키기 어려워지므로, 확장 포인트(옵션/입력)를 잘 설계해야 합니다. 즉 표준화는 속도를 올리지만 설계가 필요합니다.		O	TRUE	X	FALSE					devops	cicd	standardization	automation
Q641	Rebase 공개 브랜치		DevOps / Cloud - 버전 관리	61	OX	HARD	이미 공유되어 다른 사람이 기반으로 작업 중인 브랜치에 rebase를 해도 협업에 문제가 생기지 않는다.	이 문장은 일반적으로 틀립니다. rebase는 커밋 히스토리를 다시 쓰므로, 이미 다른 사람이 pull해 작업 중인 브랜치에서 rebase를 하면 히스토리가 어긋나 충돌과 혼란이 커질 수 있습니다. 면접에서는 rebase를 “언제 쓰면 안 되는지”를 반드시 묻는 경우가 많습니다. 실무에서는 개인 로컬 브랜치나 아직 공유되지 않은 기능 브랜치에서만 rebase를 권장하고, 공유 브랜치에서는 merge로 합치는 규칙을 두기도 합니다. 부득이하게 공유 브랜치에서 히스토리를 바꿔야 한다면 강제 푸시와 동기화 절차가 필요하지만 리스크가 큽니다. 즉 rebase는 강력하지만 협업 문맥을 이해하고 써야 합니다.		O	FALSE	X	TRUE					devops	git	rebase	collaboration
Q642	Force Push 보호		DevOps / Cloud - 버전 관리	61	OX	HARD	protected branch에서 force push를 막아도 PR로 머지된 커밋 히스토리는 절대 바뀌지 않는다.	이 문장은 완전히 참이라고 보기 어렵습니다. 일반적으로 보호 브랜치에서 force push를 막으면 히스토리 변경이 크게 줄지만, 관리자 예외, 리포지토리 설정 변경, 보안 사고(권한 탈취) 등으로 히스토리가 바뀔 가능성을 “절대” 0으로 만들진 못합니다. 면접에서는 보호 규칙이 리스크를 줄이지만 ‘완전한 보안’은 아니라는 관점을 기대할 수 있습니다. 실무에서는 관리자 권한 최소화, 감사 로그, 2FA, 코드 서명, 백업/미러링 등으로 방어선을 여러 겹 두는 편이 안전합니다. 또한 릴리즈 태그/아티팩트 다이제스트를 함께 관리하면 “무엇이 배포되었나”를 더 확실히 고정할 수 있습니다. 즉 브랜치 보호는 강력한 통제이지만 절대 무결성을 단독으로 보장하진 않습니다.		O	FALSE	X	TRUE					devops	git	governance	security
Q643	CI에서 의존성 공급망		DevOps / Cloud - CI/CD	62	OX	HARD	CI가 npm install 같은 의존성 설치를 할 때, lockfile만 있으면 의존성 공급망 공격 위험을 충분히 제거했다고 볼 수 있다.	이 문장은 틀린 주장입니다. lockfile은 버전 고정에 도움이 되지만, 악성 패키지 자체가 잠겨 있거나, 레지스트리/미러가 오염되었거나, 설치 스크립트(postinstall)에서 악성 동작이 실행될 수 있는 등 다양한 공급망 공격 벡터가 남습니다. 면접에서는 “lockfile은 필요조건이지 충분조건이 아니다”라는 관점을 중요하게 봅니다. 실무에서는 신뢰할 수 있는 레지스트리, 무결성 검증, 패키지 스코프 제한, SCA(구성요소 분석), SBOM, 최소 권한 CI 러너, 네트워크 egress 제한 등을 같이 적용합니다. 또한 빌드 환경을 격리하고, 서명된 아티팩트만 승격시키는 전략이 도움이 됩니다. 즉 lockfile은 시작일 뿐이고 공급망 보안은 다층 방어가 필요합니다.		O	FALSE	X	TRUE					devops	security	supply_chain	cicd
Q644	CI 러너 권한 과다		DevOps / Cloud - CI/CD	62	OX	HARD	CI 러너에 클라우드 관리자 권한을 부여하면 파이프라인 운영이 편해져서 보안상으로도 유리할 수 있다.	이 문장은 일반적으로 틀립니다. 관리자 권한은 편하지만, 파이프라인이 침해되거나 시크릿이 유출되면 클라우드 전체가 뚫릴 수 있어 피해 범위가 폭증합니다. 면접에서는 “CI는 공격자가 가장 노리는 지점”이라는 점을 강조하는 답을 기대할 수 있습니다. 실무에서는 최소 권한 원칙으로 배포에 필요한 권한만 부여하고, 환경별(스테이징/운영) 권한을 분리합니다. 또한 단기 자격증명(Workload identity), 승인 게이트, 감사 로그, 네트워크 제한 등을 통해 CI를 ‘권한이 강한 자동화’가 아니라 ‘통제된 자동화’로 만듭니다. 즉 편의성 때문에 관리자 권한을 주는 건 대표적인 안티패턴입니다.		O	FALSE	X	TRUE					devops	cicd	iam	security
Q645	Canary와 통계적 유의성		DevOps / Cloud - CI/CD	62	OX	HARD	카나리 배포에서 지표 변화를 판단할 때, 트래픽 샘플이 너무 작으면 결론이 흔들릴 수 있다.	카나리는 작은 트래픽으로 실험하는 만큼 표본 크기 문제를 피하기 어렵습니다. 샘플이 작으면 에러율/지연 변화가 우연인지 변경 때문인지 판단이 흔들릴 수 있습니다. 면접에서는 “카나리에서 무엇을 조심해야 하나”로 통계적 함정과 관측 설계를 질문할 수 있습니다. 실무에서는 최소 트래픽/최소 시간, 베이스라인 비교, 비즈니스 지표 포함, 구간별 변동성 고려 같은 기준을 세웁니다. 또한 자동 롤백 임계치가 너무 민감하면 오탐으로 롤백이 잦아져 운영이 불안정해집니다. 즉 카나리는 전략뿐 아니라 판단 기준(데이터 품질)이 핵심입니다.		O	TRUE	X	FALSE					devops	canary	metrics	reliability
Q646	Blue Green과 세션		DevOps / Cloud - CI/CD	62	OX	HARD	블루그린 전환에서 세션이 인스턴스 로컬에 저장되어 있으면, 전환 시 로그인 세션이 끊길 수 있다.	블루그린은 트래픽이 한 환경에서 다른 환경으로 “한 번에” 넘어가므로, 세션이 로컬 메모리에 있으면 전환 시 세션을 잃고 사용자가 로그아웃되는 문제가 생길 수 있습니다. 면접에서는 무중단 배포에서 상태 관리(세션/캐시)를 자주 묻습니다. 실무에서는 세션을 Redis 같은 외부 스토어로 분리하거나, JWT처럼 stateless로 설계해 전환 영향을 줄입니다. 또한 sticky session은 임시 방편일 수 있지만, 장애 시에는 여전히 취약할 수 있어 주의가 필요합니다. 즉 배포 전략은 애플리케이션 상태 설계와 함께 가야 합니다.		O	TRUE	X	FALSE					devops	deployment	session	cloud
Q647	롤링 배포와 스키마 변경		DevOps / Cloud - CI/CD	62	OX	HARD	롤링 배포에서는 구버전과 신버전이 공존하므로, DB 스키마 변경은 하위 호환을 고려하지 않으면 장애가 날 수 있다.	롤링 배포는 공존 구간이 필연이어서, 구버전이 여전히 동작할 수 있게 하위 호환을 유지해야 합니다. 면접에서는 “스키마 변경을 어떻게 무중단으로 하냐”로 확장됩니다. 실무에서는 expand-contract 패턴(컬럼 추가→양쪽 코드 호환→구코드 제거 후 컬럼 삭제)과 같은 단계적 전략을 씁니다. 또한 데이터 백필(backfill)과 마이그레이션을 배포와 분리해 위험을 낮추기도 합니다. 결국 무중단 배포의 어려움은 코드보다 데이터에 있는 경우가 많습니다.		O	TRUE	X	FALSE					devops	deployment	database	migration
Q648	컨테이너 런타임 권한		DevOps / Cloud - 컨테이너	63	OX	HARD	privileged 컨테이너는 호스트 커널 기능에 더 접근할 수 있어 침해 시 피해 범위가 커질 수 있다.	privileged 모드는 컨테이너 격리를 약화시키고 호스트 수준 권한에 가깝게 만듭니다. 면접에서는 “컨테이너도 결국 커널을 공유한다”는 점과 하드닝 방법을 물을 수 있습니다. 실무에서는 privileged 사용을 최소화하고, 필요한 경우에도 capability만 부분적으로 부여하거나, 별도 노드풀/격리된 환경에서 운영합니다. 또한 seccomp, AppArmor/SELinux, read-only filesystem 등을 적용해 방어층을 두는 것이 좋습니다. 즉 privileged는 ‘마지막 수단’에 가깝습니다.		O	TRUE	X	FALSE					devops	container	security	hardening
Q649	이미지 레이어 캐시 함정		DevOps / Cloud - 컨테이너	63	OX	HARD	Dockerfile에서 자주 바뀌는 파일을 먼저 COPY하면 빌드 캐시 효율이 좋아진다.	이 문장은 보통 틀립니다. 자주 바뀌는 파일을 먼저 COPY하면 그 이후 레이어 캐시가 연쇄적으로 무효화되어 빌드가 느려질 수 있습니다. 면접에서는 Dockerfile 최적화(캐시 히트) 포인트로 자주 나옵니다. 실무에서는 의존성 정의 파일(package-lock, pom.xml 등)을 먼저 COPY하고 설치를 캐시한 뒤, 소스 코드는 마지막에 COPY하는 식으로 최적화합니다. 또한 .dockerignore로 불필요 파일을 제외해 컨텍스트 변화를 줄여야 합니다. 즉 레이어 순서는 빌드 속도에 직접적인 영향을 줍니다.		O	FALSE	X	TRUE					devops	docker	build	cache
Q650	이미지 태그 latest 위험		DevOps / Cloud - 컨테이너	63	OX	HARD	운영 배포에서 latest 태그만 사용해도 항상 동일한 이미지가 배포되므로 재현성이 좋다.	이 문장은 틀립니다. latest는 가변 포인터라 시간이 지나면 다른 이미지로 바뀔 수 있어 “무엇을 배포했는지” 재현이 어렵습니다. 면접에서는 태그와 digest 차이를 단골로 묻습니다. 실무에서는 버전 태그(예: v1.2.3)나 커밋 SHA 태그를 사용하고, 더 엄격하게는 digest pinning으로 고정 배포합니다. 또한 레지스트리에서 태그를 재지정할 수 있으면 의도치 않은 교체가 발생할 수 있으니 권한 통제도 필요합니다. 즉 latest는 개발 편의용에 가깝고 운영에는 부적합한 경우가 많습니다.		O	FALSE	X	TRUE					devops	container	release	reproducibility
Q651	멀티 AZ와 데이터 일관성		DevOps / Cloud - 클라우드 서비스	64	OX	HARD	멀티 AZ DB 복제는 항상 강한 일관성(즉시 동일 데이터)을 보장한다고 일반화할 수 있다.	이 문장은 일반화하기 어렵고 보통 틀린 주장으로 취급합니다. 복제 방식은 동기/비동기, 구성과 장애 모드에 따라 일관성 특성이 달라질 수 있기 때문입니다. 면접에서는 “멀티 AZ면 무조건 안전한가” 같은 함정 질문으로 일관성/가용성 트레이드오프를 보려 합니다. 실무에서는 RPO/RTO, 장애 시 승격(failover) 동작, 복제 지연을 이해하고 설계해야 합니다. 또한 애플리케이션 레벨에서 읽기/쓰기 분리, 읽기 일관성 요구를 명확히 해야 장애가 줄어듭니다. 즉 ‘멀티 AZ’는 만능 키워드가 아니라 구체 동작을 확인해야 합니다.		O	FALSE	X	TRUE					cloud	availability	consistency	devops
Q652	멀티 리전 DR 복잡도		DevOps / Cloud - 클라우드 서비스	64	OX	HARD	멀티 리전 DR은 가용성을 높일 수 있지만 데이터 동기화와 운영 복잡도가 크게 늘 수 있다.	멀티 리전은 리전 단위 장애까지 대비할 수 있지만, 네트워크 지연, 데이터 복제, 트래픽 라우팅, 장애 전환 등 고려사항이 급격히 늘어납니다. 면접에서는 “멀티 리전은 왜 다들 안 하냐” 같은 질문에서 비용/복잡도를 설명할 수 있어야 합니다. 실무에서는 활성-대기(Active-Passive)나 활성-활성(Active-Active) 전략을 선택해야 하고, RPO/RTO 목표에 따라 설계가 달라집니다. 또한 테스트(복구 리허설)를 하지 않으면 실제 장애 시 계획대로 안 움직일 가능성이 큽니다. 즉 멀티 리전은 강력하지만 비싼 보험입니다.		O	TRUE	X	FALSE					cloud	dr	multi_region	devops
Q653	관측과 카디널리티		DevOps / Cloud - 클라우드 서비스	64	OX	HARD	메트릭 라벨(태그) 카디널리티가 과도하면 모니터링 비용과 성능 문제가 커질 수 있다.	카디널리티는 라벨 조합이 얼마나 많이 만들어지는지의 문제입니다. 예를 들어 userId 같은 고유 값이 라벨로 들어가면 시계열이 폭증해 저장/쿼리 비용이 급증합니다. 면접에서는 관측 설계에서 “왜 비용이 폭발하나”를 설명할 때 카디널리티가 핵심 포인트입니다. 실무에서는 고카디널리티 값은 로그/트레이스로 보내고, 메트릭 라벨은 제한된 값(서비스, 엔드포인트, 상태코드 등)으로 유지합니다. 또한 대시보드/알림을 설계할 때도 카디널리티를 고려해야 안정적으로 운영됩니다. 즉 관측은 데이터 모델링이 비용을 좌우합니다.		O	TRUE	X	FALSE					devops	observability	metrics	cost
Q654	IaC 상태 락 해제		DevOps / Cloud - IaC	65	OX	HARD	state lock이 걸렸을 때 무조건 강제 해제하면 안전하며, 부작용은 거의 없다.	이 문장은 틀립니다. 강제 해제는 실제로 다른 apply가 진행 중인 상황에서 충돌을 만들 수 있어 매우 위험합니다. 면접에서는 락의 목적과 운영 절차를 아는지 확인할 수 있습니다. 실무에서는 먼저 진행 중 작업 여부를 확인하고, 실패한 작업이 남긴 락인지 판단한 뒤에만 신중히 해제합니다. 또한 락 문제를 줄이려면 apply를 단일 파이프라인으로 제한하고, 승인/큐잉 전략을 두는 것이 좋습니다. 즉 락 해제는 “마지막 수단”이며 절차가 중요합니다.		O	FALSE	X	TRUE					devops	terraform	state_lock	safety
Q655	IaC Drift와 자동 복구		DevOps / Cloud - IaC	65	OX	HARD	드리프트를 자동 복구하도록 하면 항상 좋은데, 긴급 수동 변경도 즉시 원복되므로 운영에 불편이 없다.	이 문장은 일반적으로 틀립니다. 자동 복구는 안정성을 높이지만, 긴급 수동 변경이 필요한 상황에서 즉시 되돌아가 “상황 대응”을 방해할 수 있습니다. 면접에서는 GitOps/IaC 운영에서 break-glass 절차를 이해하는지 볼 수 있습니다. 실무에서는 긴급 변경은 임시로 자동 복구를 멈추거나, 예외 정책을 발급하고, 사후에 반드시 코드로 반영해 드리프트를 해소합니다. 또한 자동 복구가 오작동하면 더 큰 장애를 만들 수 있어, 관측과 단계적 적용(먼저 감지, 그 다음 복구)이 안전합니다. 즉 자동 복구는 장점이 크지만 운영 절차 없이는 위험합니다.		O	FALSE	X	TRUE					devops	iac	drift	gitops
Q656	OIDC 기반 단기 자격증명		DevOps / Cloud - 클라우드 서비스	64	OX	HARD	OIDC 같은 연동을 쓰면 CI에서 장기 액세스 키를 안 쓰고 단기 자격증명을 발급받는 구성이 가능하다.	OIDC 연동은 CI가 외부 ID 제공자와 신뢰 관계를 맺고, 단기 토큰으로 클라우드 역할을 가정(assume)하는 패턴을 가능하게 합니다. 면접에서는 “CI 시크릿을 어떻게 줄이냐”에서 수준 높은 답으로 나올 수 있습니다. 실무에서는 장기 키를 저장하지 않아 유출 위험이 줄고, 토큰 수명이 짧아 피해 범위도 줄어듭니다. 다만 신뢰 정책, 클레임 조건, 리포지토리/브랜치 제한 같은 설정을 정확히 해야 권한 오남용을 막을 수 있습니다. 즉 단기 자격증명은 보안을 크게 올리지만 정책 설계가 핵심입니다.		O	TRUE	X	FALSE					cloud	iam	oidc	devops
Q657	Secret Rotation과 다운타임		DevOps / Cloud - 클라우드 서비스	64	OX	HARD	시크릿 로테이션은 보안에 좋지만, 애플리케이션이 새 시크릿을 안전하게 재로딩하지 못하면 장애가 날 수 있다.	로테이션은 필수 보안 활동이지만, 앱이 시크릿을 캐싱하고 재시작 전까지 갱신을 못 하면 인증 실패로 장애가 날 수 있습니다. 면접에서는 “로테이션을 어떻게 무중단으로 하냐”로 나올 수 있습니다. 실무에서는 이중 키(현재/다음), 점진 전환, 재시도/폴백, 재로드 메커니즘(사이드카, 파일 마운트, 신호 처리)을 설계합니다. 또한 로테이션 이벤트를 관측하고, 실패 시 즉시 롤백하거나 전환을 중단할 절차가 필요합니다. 즉 로테이션은 보안과 운영의 접점이라 설계가 중요합니다.		O	TRUE	X	FALSE					cloud	security	secrets	devops
Q658	CDN 캐시 키 오염		DevOps / Cloud - 클라우드 서비스	64	OX	HARD	CDN 캐시 키를 잘못 설계하면 사용자별 응답이 다른 페이지가 캐시되어 정보 노출이 발생할 수 있다.	개인화 페이지나 인증된 응답이 캐시되면 다른 사용자에게 노출될 수 있어 매우 위험합니다. 면접에서는 CDN을 ‘성능’뿐 아니라 ‘보안’ 관점으로 이해하는지 보려 할 수 있습니다. 실무에서는 Cache-Control, Vary 헤더, 쿠키/헤더 기반 캐시 키, 프라이빗 콘텐츠의 캐시 금지 설정을 엄격히 합니다. 또한 캐시 무효화가 늦으면 사고 범위가 커질 수 있으므로 긴급 purge 절차도 준비합니다. 즉 CDN 캐싱은 잘하면 약이고, 잘못하면 치명적 사고가 됩니다.		O	TRUE	X	FALSE					cloud	cdn	security	caching
Q659	재시도와 멱등성 결합		DevOps / Cloud - 클라우드 서비스	64	OX	HARD	멱등하지 않은 API에 무분별한 재시도를 적용하면 데이터 중복이나 부정합이 생길 수 있다.	재시도는 네트워크 장애를 완화하지만, 멱등하지 않은 요청(결제 생성, 주문 생성 등)에 적용하면 중복 처리가 발생할 수 있습니다. 면접에서는 재시도 정책과 멱등성을 함께 묶어 설명하는지 자주 봅니다. 실무에서는 멱등 키, 유니크 제약, 트랜잭션, “중복 요청 식별” 같은 방어를 함께 둡니다. 또한 재시도는 백오프/지터로 폭주를 막고, 타임아웃/서킷 브레이커와 함께 설계해야 합니다. 즉 재시도는 단독 기능이 아니라 전체 안정성 설계의 일부입니다.		O	TRUE	X	FALSE					devops	reliability	retry	idempotency
Q660	정책 코드화와 예외 관리		DevOps / Cloud - IaC	65	OX	HARD	Policy as Code를 도입하면 예외 케이스가 전혀 없어서 운영이 더 단순해진다고 볼 수 있다.	이 문장은 틀립니다. 정책을 코드로 만들면 표준 적용이 쉬워지지만, 현실에는 예외가 존재하므로 예외 승인/만료/감사 절차가 필요합니다. 면접에서는 DevSecOps에서 “정책 도입의 현실적 어려움”을 이해하는지 볼 수 있습니다. 실무에서는 예외를 무제한 허용하면 정책이 무력화되고, 예외를 전혀 허용하지 않으면 개발이 멈춥니다. 그래서 기간 제한 예외, 책임자 승인, 사후 개선 티켓 발행 같은 운영 규칙으로 균형을 잡습니다. 또한 정책 변경 자체도 버전 관리와 리뷰가 필요합니다. 즉 정책 코드화는 단순화가 아니라 ‘통제의 자동화’에 가깝습니다.		O	FALSE	X	TRUE					devops	policy_as_code	security	iac
Q661	Git Submodule(서브모듈)		DevOps / Cloud - 버전 관리	61	OX	HARD	Git 서브모듈은 부모 레포가 특정 커밋을 가리키므로, 서브모듈 레포의 최신 커밋이 자동으로 따라오지 않는다.	서브모듈은 외부 레포를 “특정 커밋 포인터”로 포함하는 방식이라, 기본적으로 최신을 자동 추적하지 않습니다. 면접에서는 서브모듈의 특성과 운영 난이도를 물을 수 있습니다. 실무에서는 서브모듈 업데이트를 명시적으로 수행하고, CI에서 서브모듈 체크아웃 옵션을 정확히 설정해야 빌드가 깨지지 않습니다. 또한 서브모듈은 개발자 온보딩과 릴리즈 관리가 복잡해질 수 있어, 필요성 검토 후 사용을 결정하는 편이 안전합니다. 즉 서브모듈은 강력하지만 “명시적 관리”가 전제입니다.		O	TRUE	X	FALSE					devops	git	submodule	versioning
Q662	Shallow Clone 영향		DevOps / Cloud - 버전 관리	61	OX	HARD	shallow clone을 쓰면 CI에서 git describe나 특정 범위 로그 조회가 실패할 수 있다.	shallow clone은 히스토리를 일부만 가져와 속도를 높이지만, 태그 탐색이나 과거 커밋 조회가 필요한 작업이 실패할 수 있습니다. 면접에서는 CI 최적화와 그 부작용을 이해하는지 물을 수 있습니다. 실무에서는 릴리즈 버전 생성(git describe), 변경 범위 분석, bisect 같은 작업이 필요한 파이프라인은 충분한 depth를 확보하거나 full fetch를 사용합니다. 또한 태그가 필요하면 fetch --tags가 필요할 수 있어 설정을 조심해야 합니다. 즉 shallow는 성능을 올리지만 기능 제약이 생깁니다.		O	TRUE	X	FALSE					devops	git	cicd	shallow_clone
Q663	Signed Tag(서명 태그)		DevOps / Cloud - 버전 관리	61	OX	HARD	서명된 태그(signed tag)는 릴리즈 무결성과 출처 확인에 도움이 될 수 있다.	signed tag는 태그 자체에 서명을 붙여 “이 릴리즈 표식은 신뢰할 수 있는 주체가 만들었다”를 검증할 수 있게 합니다. 면접에서는 공급망 보안에서 커밋 서명뿐 아니라 태그 서명까지 연결해 설명하면 좋은 인상을 줄 수 있습니다. 실무에서는 배포 파이프라인이 태그 트리거로 동작하는 경우가 많아, 태그 위변조를 막는 것이 중요합니다. 다만 키 관리가 어려워 운영 부담이 생기므로, 핵심 서비스부터 단계적으로 도입하는 것이 일반적입니다. 즉 서명 태그는 릴리즈 신뢰 체인을 강화합니다.		O	TRUE	X	FALSE					devops	git	signing	supply_chain
Q664	CI Cache 오염		DevOps / Cloud - CI/CD	62	OX	HARD	CI 캐시는 빌드 속도를 올리지만, 캐시 키가 잘못되면 오래된 산출물이 섞여 이상한 버그가 날 수 있다.	캐시는 유용하지만 캐시 키 설계가 부정확하면 서로 다른 브랜치/환경의 결과물이 섞여 재현 불가능한 문제를 만들 수 있습니다. 면접에서는 “CI에서만 가끔 깨져요” 같은 문제를 설명할 때 좋은 포인트입니다. 실무에서는 OS, 언어 버전, lockfile 해시, 빌드 옵션 등을 캐시 키에 포함해 충돌을 줄입니다. 또한 캐시를 주기적으로 무효화하거나, 릴리즈 파이프라인은 캐시 없이 ‘클린 빌드’로 신뢰성을 높이는 전략도 있습니다. 즉 캐시는 성능과 정확성의 균형입니다.		O	TRUE	X	FALSE					devops	cicd	cache	reliability
Q665	SBOM 최신성		DevOps / Cloud - CI/CD	62	OX	HARD	SBOM을 한 번 만들어두면 이후 의존성이 바뀌어도 계속 유효하다고 볼 수 있다.	이 문장은 틀립니다. SBOM은 “현재 빌드 산출물에 무엇이 들어있는지”를 나타내므로, 의존성/빌드가 바뀌면 다시 생성해야 정확합니다. 면접에서는 SBOM을 문서가 아니라 ‘산출물의 일부’로 이해하는지 확인할 수 있습니다. 실무에서는 매 빌드 또는 릴리즈 시점에 SBOM을 자동 생성하고, 아티팩트와 함께 저장하며, 취약점 스캐너와 연동해 감시합니다. 또한 빌드 옵션이나 베이스 이미지 변경도 구성요소에 영향을 주므로, 단순히 라이브러리만의 문제가 아닙니다. 즉 SBOM은 지속적으로 갱신되어야 의미가 있습니다.		O	FALSE	X	TRUE					devops	sbom	security	cicd
Q666	SLSA 개념		DevOps / Cloud - CI/CD	62	OX	HARD	SLSA 같은 빌드 보증 프레임워크는 빌드 출처와 무결성을 강화하려는 목적을 가진다.	SLSA는 공급망 보안에서 “어떻게 빌드되었는지”의 신뢰를 높이기 위한 접근입니다. 면접에서는 공급망 보안 키워드가 나올 때, 단순 취약점 스캔을 넘어 ‘출처/무결성’ 관점으로 답할 수 있는지 봅니다. 실무에서는 빌드 환경 격리, provenance(빌드 증명) 생성, 서명, 승인된 파이프라인만 배포 허용 같은 방식과 연결됩니다. 다만 도입 비용이 있으니, 조직 성숙도에 맞게 단계적으로 적용합니다. 즉 SLSA는 “신뢰 가능한 빌드”를 만들기 위한 프레임입니다.		O	TRUE	X	FALSE					devops	supply_chain	slsa	cicd
Q667	Progressive Delivery		DevOps / Cloud - CI/CD	62	OX	HARD	프로그레시브 딜리버리는 배포를 작은 단위로 점진적으로 확장하며 위험을 관리하는 접근으로 설명할 수 있다.	프로그레시브 딜리버리는 카나리, 블루그린, 트래픽 분할, 기능 플래그 등으로 위험을 점진적으로 통제합니다. 면접에서는 “무중단 배포와 안전한 릴리즈”를 묻는 질문에서 한 단계 상위 개념으로 답할 수 있습니다. 실무에서는 관측(메트릭/로그/트레이스)과 자동 롤백 기준이 붙어야 효과가 큽니다. 또한 점진적 공개는 비즈니스 지표(A/B)와도 연결되므로, 기술과 제품 운영이 만나는 지점입니다. 즉 프로그레시브 딜리버리는 배포를 ‘실험’으로 다루는 방식입니다.		O	TRUE	X	FALSE					devops	deployment	progressive_delivery	reliability
Q668	컨테이너 Escape 위험		DevOps / Cloud - 컨테이너	63	OX	HARD	컨테이너 격리가 강해도 취약점이 있으면 컨테이너 탈출(container escape) 가능성을 완전히 배제할 수 없다.	컨테이너는 커널을 공유하므로, 커널/런타임 취약점이 있으면 탈출 가능성을 0으로 만들 수 없습니다. 면접에서는 “컨테이너는 VM보다 안전한가” 같은 질문에서 이런 현실을 설명하면 좋습니다. 실무에서는 패치(커널/런타임), 최소 권한, seccomp/AppArmor/SELinux, 네트워크 격리, 이미지 스캔 등 다층 방어로 위험을 낮춥니다. 또한 민감 워크로드는 별도 노드풀 또는 VM 격리로 추가 방어를 하기도 합니다. 즉 컨테이너 보안은 ‘완벽’이 아니라 ‘감소’의 문제입니다.		O	TRUE	X	FALSE					devops	container	security	runtime
Q669	Readiness vs Liveness		DevOps / Cloud - 컨테이너	63	OX	HARD	readiness는 트래픽 수신 가능 여부, liveness는 프로세스 생존 여부를 판단하는 데 자주 쓰인다.	readiness는 “요청 받을 준비가 됐는가”를 보고, 실패하면 트래픽에서 제외됩니다. liveness는 “죽었는가/교착인가”를 보고, 실패하면 재시작 같은 복구가 일어납니다. 면접에서는 둘의 차이와 잘못 설정했을 때의 장애(재시작 루프, 트래픽 블랙홀)를 자주 물어봅니다. 실무에서는 readiness에 DB 의존성을 넣을지, liveness는 얼마나 단순하게 둘지 신중해야 합니다. 특히 liveness를 무겁게 만들면 일시적 지연에도 계속 재시작되어 장애를 키울 수 있습니다. 즉 프로브는 운영 안정성을 크게 좌우합니다.		O	TRUE	X	FALSE					devops	kubernetes	probes	reliability
Q670	PDB(가용성 예산)		DevOps / Cloud - 컨테이너	63	OX	HARD	Pod Disruption Budget은 노드 점검 같은 계획된 중단에서 가용성을 유지하도록 도움 될 수 있다.	PDB는 동시에 중단될 수 있는 파드 수를 제한해, 유지보수나 스케일링 중에도 서비스가 완전히 꺼지지 않게 돕습니다. 면접에서는 쿠버네티스 운영에서 가용성 설계를 질문할 때 나올 수 있습니다. 실무에서는 PDB가 너무 빡세면 노드 드레인이 안 되고 운영 작업이 막힐 수 있어, 레플리카 수와 함께 설계해야 합니다. 또한 HPA, 롤링 업데이트 설정과 조합이 맞지 않으면 기대와 다른 동작이 나올 수 있습니다. 즉 PDB는 “운영 작업과 가용성의 합의”입니다.		O	TRUE	X	FALSE					devops	kubernetes	availability	pdb
Q671	Cloud egress 비용		DevOps / Cloud - 클라우드 서비스	64	OX	HARD	클라우드에서는 아웃바운드(egress) 트래픽이 비용의 큰 비중이 될 수 있다.	클라우드 비용은 컴퓨트만이 아니라 네트워크에서 크게 발생할 수 있고, 특히 egress는 종종 비쌉니다. 면접에서는 비용 최적화(FinOps)에서 흔히 나옵니다. 실무에서는 리전 간 트래픽, 인터넷 송신, CDN 오리진 트래픽, 로그/백업 전송 등이 egress 비용을 키울 수 있습니다. 따라서 데이터 이동 경로를 설계할 때부터 비용을 고려하고, 캐싱/압축/리전 배치를 최적화합니다. 즉 비용은 아키텍처의 결과입니다.		O	TRUE	X	FALSE					cloud	cost	egress	finops
Q672	멀티 리전 라우팅		DevOps / Cloud - 클라우드 서비스	64	OX	HARD	멀티 리전에서 트래픽 라우팅은 DNS TTL이나 헬스체크 반영 지연 때문에 즉시 전환이 어려울 수 있다.	DNS 기반 라우팅은 TTL과 캐시 때문에 “즉시” 전환이 안 될 수 있어 DR 설계에서 중요한 고려사항입니다. 면접에서는 장애 전환에서 DNS가 가진 한계를 알고 있는지 물을 수 있습니다. 실무에서는 더 빠른 전환이 필요하면 글로벌 로드밸런서, 애플리케이션 레벨 라우팅, 클라이언트 리트라이 전략 등을 결합합니다. 또한 라우팅 전환 테스트를 정기적으로 해보지 않으면 실전에서 기대와 다르게 동작할 수 있습니다. 즉 멀티 리전은 라우팅의 현실을 이해해야 합니다.		O	TRUE	X	FALSE					cloud	dr	dns	devops
Q673	KMS 키 정책과 IAM		DevOps / Cloud - 클라우드 서비스	64	OX	HARD	KMS 접근은 IAM 정책만 맞으면 충분하고, 키 정책은 별도 고려가 필요 없다.	이 문장은 틀린 주장입니다. 많은 클라우드에서 KMS는 IAM 정책뿐 아니라 키 정책 자체가 권한 결정에 관여할 수 있어, 둘을 함께 맞춰야 동작합니다. 면접에서는 “암호화는 키가 전부”라는 관점에서 권한 통제를 깊게 묻기도 합니다. 실무에서는 키 정책을 최소 권한으로 설계하고, 특정 역할만 decrypt 가능하게 제한하며, 감사 로그로 사용 내역을 추적합니다. 또한 잘못 설계하면 운영 장애(복호화 실패)가 나기 쉬워 배포 전 검증이 중요합니다. 즉 KMS는 IAM만으로 끝나지 않는 경우가 많습니다.		O	FALSE	X	TRUE					cloud	security	kms	iam
Q674	Secret Zero		DevOps / Cloud - 클라우드 서비스	64	OX	HARD	secret zero 문제는 시크릿을 안전하게 저장해도 처음 접근 자격을 어떻게 얻는지의 고민이 남는다는 뜻이다.	secret zero는 “시크릿을 꺼내기 위한 최초 신뢰”를 어떻게 만들지에 대한 문제입니다. 면접에서는 시크릿 매니저를 도입하면 끝이냐는 질문에서 이 개념을 언급하면 깊이가 드러납니다. 실무에서는 워크로드 아이덴티티, 인스턴스 역할, 하드웨어 기반 신뢰, 최소 권한 부트스트랩을 사용해 해결합니다. 또한 이 경로가 뚫리면 모든 시크릿이 위험해지므로, 감사와 방어층을 두는 것이 중요합니다. 즉 시크릿은 저장보다 “부트스트랩”이 더 어렵습니다.		O	TRUE	X	FALSE					devops	secrets	bootstrap	cloud
Q675	IaC와 변경 이력		DevOps / Cloud - IaC	65	OX	HARD	IaC로만 인프라를 변경하면 변경 이력이 Git에 남아 감사와 추적이 쉬워질 수 있다.	IaC는 변경을 코드로 남기므로, 누가 언제 무엇을 왜 바꿨는지 추적하기 쉬워집니다. 면접에서는 운영 거버넌스 관점에서 IaC의 장점을 설명할 때 핵심 포인트입니다. 실무에서는 PR 리뷰, 코드오너, 승인 게이트가 결합되면 사고가 크게 줄고, 규정 준수에도 유리합니다. 다만 IaC만으로 운영을 강제하려면 콘솔 수동 변경을 제한하거나 감지/원복하는 체계가 필요합니다. 즉 IaC의 힘은 “기술 + 프로세스”가 함께 갈 때 커집니다.		O	TRUE	X	FALSE					devops	iac	governance	audit
Q676	IaC State 분리		DevOps / Cloud - IaC	65	OX	HARD	state를 서비스 단위로 분리하면 blast radius를 줄일 수 있지만, 참조 관계 관리가 어려워질 수 있다.	state를 하나로 크게 두면 의존성은 편하지만, 잘못된 변경이 전체에 영향을 주는 위험이 커집니다. 반대로 서비스/도메인 단위로 나누면 영향 범위가 줄어 안전해지지만, 네트워크 같은 공통 리소스 참조가 복잡해질 수 있습니다. 면접에서는 IaC 구조화 전략(모놀리식 vs 분리)을 질문할 수 있습니다. 실무에서는 data source, remote state 참조, 출력/입력 설계로 연결을 관리하고, 공통 인프라는 별도 모듈/스택으로 관리합니다. 즉 분리는 안전을 주지만 설계 부담을 가져옵니다.		O	TRUE	X	FALSE					devops	terraform	state	architecture
Q677	GitOps 권한 모델		DevOps / Cloud - CI/CD	62	OX	HARD	GitOps에서 Git 접근 권한이 곧 운영 변경 권한이 될 수 있어 권한 통제가 매우 중요하다.	GitOps는 선언형 설정을 Git에 두므로, Git에 push할 수 있는 사람은 운영 변경을 만들 수 있습니다. 면접에서는 GitOps의 장점만 말하면 얕고, 권한/보안까지 언급하면 깊이가 드러납니다. 실무에서는 브랜치 보호, 코드오너, 승인 규칙, 서명, 감사 로그로 변경 경로를 통제하고, 운영용 레포는 더 강한 권한 정책을 둡니다. 또한 배포 컨트롤러 자체의 권한도 최소화해야 합니다. 즉 GitOps는 “자동화된 운영”인 만큼 거버넌스가 필수입니다.		O	TRUE	X	FALSE					devops	gitops	security	governance
Q678	배포 승인 게이트		DevOps / Cloud - CI/CD	62	OX	HARD	운영 배포에 수동 승인(approve) 단계를 두면 속도는 느려질 수 있지만 리스크 통제에 도움이 될 수 있다.	승인 게이트는 특히 운영 환경에서 “마지막 확인”을 넣어 사고를 줄이는 방식입니다. 면접에서는 자동화와 통제의 균형을 어떻게 잡는지 묻기도 합니다. 실무에서는 모든 배포에 승인하면 병목이 되므로, 위험도 기반(변경 영향/시간대/핵심 서비스)으로 승인 조건을 다르게 두기도 합니다. 또한 승인자가 무엇을 확인해야 하는지(릴리즈 노트, plan, 모니터링 링크)를 표준화하면 형식적 승인을 줄일 수 있습니다. 즉 승인은 느림이 아니라 ‘통제’를 위한 설계입니다.		O	TRUE	X	FALSE					devops	cicd	governance	release
Q679	롤포워드 전략		DevOps / Cloud - CI/CD	62	OX	HARD	운영 장애 대응에서 코드 롤백보다 롤포워드(수정 배포)가 더 안전한 경우도 있다.	롤백은 빠르지만, DB 마이그레이션이나 상태 변화가 섞이면 완전 복구가 어려울 수 있습니다. 그래서 문제를 고친 패치를 빠르게 배포하는 롤포워드가 더 안전한 경우가 있습니다. 면접에서는 “언제 롤백이 위험하냐” 질문이 자주 나오고, 데이터 변경이 대표 답입니다. 실무에서는 영향 범위를 줄이기 위해 기능 플래그로 비활성화 후 패치를 내거나, 점진 배포로 리스크를 낮춥니다. 또한 롤포워드가 가능한 만큼 배포 파이프라인과 테스트가 빠르고 신뢰 가능해야 합니다. 즉 운영 대응은 상황에 따라 전략이 달라집니다.		O	TRUE	X	FALSE					devops	incident	rollout	reliability
Q680	장애 훈련(게임데이)		DevOps / Cloud - 클라우드 서비스	64	OX	HARD	DR이 문서로만 존재하고 복구 훈련을 하지 않으면 실제 장애에서 실패할 가능성이 높아진다.	재해 복구는 계획만으로 완성되지 않고, 실제로 해봐야 문제를 찾을 수 있습니다. 면접에서는 “복구 리허설을 왜 하냐”라는 현실적인 질문이 나올 수 있습니다. 실무에서는 게임데이(chaos/game day)나 정기 DR 리허설로 전환 절차, 권한, DNS/라우팅, 데이터 복구 시간을 검증합니다. 특히 사람 손이 필요한 단계가 많으면 실전에서 실수할 가능성이 커지므로 자동화와 체크리스트가 중요합니다. 또한 리허설 결과를 기반으로 RPO/RTO 목표를 현실화합니다. 즉 DR은 훈련이 핵심입니다.		O	TRUE	X	FALSE					cloud	dr	gameday	devops
Q681	Git Bisect(이분 탐색)		DevOps / Cloud - 버전 관리	61	OX	HARD	git bisect는 특정 버그를 만든 커밋을 이분 탐색 방식으로 찾는 데 활용될 수 있다.	git bisect는 “어느 커밋부터 문제가 생겼는지”를 빠르게 좁히는 도구로, good/bad를 반복 지정하며 범위를 반으로 줄여 찾습니다. 면접에서는 디버깅 방법론을 물을 때 실무적인 답이 됩니다. 실무에서는 테스트 스크립트를 bisect에 연결해 자동 판정하게 만들면 속도가 더 빨라집니다. 다만 플래키 테스트나 환경 의존 버그가 있으면 판정이 흔들려 잘못된 커밋이 나올 수 있어, 재현 조건을 먼저 고정해야 합니다. 또한 바이너리 아티팩트가 남아있는 레포에서는 빌드 시간이 병목이 될 수 있어 캐시 전략이 필요합니다. 즉 bisect는 “재현 가능한 버그”에서 가장 강력합니다.		O	TRUE	X	FALSE					devops	git	debugging	bisect
Q682	Merge Queue(머지 큐)		DevOps / Cloud - 버전 관리	61	OX	HARD	머지 큐는 여러 PR이 동시에 머지되며 main이 깨지는 문제를 줄이는 데 도움이 될 수 있다.	머지 큐는 PR을 바로 머지하지 않고 큐에 쌓아, 최신 main 기준으로 테스트/머지를 직렬화하거나 예측 가능한 순서로 처리해 main 깨짐을 줄입니다. 면접에서는 대규모 협업에서 CI 병목/메인 안정성을 어떻게 관리하는지 질문할 때 나올 수 있습니다. 실무에서는 PR이 많을수록 “머지 후 깨짐”이 늘기 쉬운데, 머지 큐가 이를 완화합니다. 다만 큐가 길어지면 리드타임이 늘고, 테스트 시간이 길면 병목이 되므로 테스트 최적화와 함께 가야 합니다. 또한 의존 PR 체인을 어떻게 처리할지도 운영 규칙이 필요합니다. 즉 머지 큐는 메인 안정성을 위한 운영 장치입니다.		O	TRUE	X	FALSE					devops	git	merge_queue	cicd
Q683	Trunk Based Development		DevOps / Cloud - 버전 관리	61	OX	HARD	트렁크 기반 개발은 작은 변경을 자주 통합하고, 기능 플래그로 미완성 기능을 숨기는 방식과 잘 결합된다.	트렁크 기반은 브랜치를 오래 끌지 않고 빠르게 main에 통합해 충돌과 통합 비용을 줄이는 전략입니다. 면접에서는 배포 빈도와 협업 방식에서 자주 등장합니다. 실무에서는 미완성 기능을 기능 플래그로 숨기고, 안전한 작은 단위로 자주 머지하는 것이 핵심입니다. 다만 테스트 자동화가 약하면 main이 자주 깨져 오히려 생산성이 떨어질 수 있어, 강한 CI와 보호 규칙이 필요합니다. 또한 플래그가 쌓이면 기술 부채가 되므로 정리 정책이 중요합니다. 즉 트렁크 기반은 자동화와 함께할 때 힘이 납니다.		O	TRUE	X	FALSE					devops	git	trunk_based	feature_flag
Q684	Pipeline as Code		DevOps / Cloud - CI/CD	62	OX	HARD	파이프라인을 코드로 관리하면 변경 이력과 리뷰를 통해 배포 흐름 자체의 안전성을 높일 수 있다.	Pipeline as Code는 CI/CD 설정을 UI 클릭이 아니라 레포의 코드(YAML 등)로 관리하는 접근입니다. 면접에서는 DevOps 성숙도와 거버넌스를 설명할 때 자주 나옵니다. 실무에서는 파이프라인 변경도 PR 리뷰/코드오너를 거치게 해 “배포 경로 변조”를 줄일 수 있습니다. 또한 변경 이력이 남아 감사가 쉬워지고, 템플릿/재사용으로 표준화를 할 수 있습니다. 다만 코드가 복잡해지면 디버깅이 어려워져 문서화와 모듈화가 필요합니다. 즉 배포 파이프라인도 소프트웨어처럼 관리해야 합니다.		O	TRUE	X	FALSE					devops	cicd	pipeline_as_code	governance
Q685	Hermetic Build		DevOps / Cloud - CI/CD	62	OX	HARD	hermetic build는 외부 네트워크 의존을 줄여 빌드 재현성과 공급망 보안을 높이는 데 도움 될 수 있다.	hermetic build는 빌드가 외부 상태(인터넷, 최신 패키지, 미러 상태)에 의존하지 않도록 만드는 개념입니다. 면접에서는 재현 가능한 빌드와 공급망 보안을 깊게 물을 때 나올 수 있습니다. 실무에서는 의존성 미러/프록시, lockfile, 내부 아티팩트 저장소, 네트워크 egress 제한 등을 결합해 구현합니다. 이 접근은 “오늘은 되고 내일은 안 되는 빌드”를 줄이지만, 초기 구축 비용과 운영 복잡도가 큽니다. 그래서 핵심 서비스나 규제가 강한 조직에서 우선 도입하는 경우가 많습니다. 즉 hermetic은 신뢰도를 올리지만 비용이 듭니다.		O	TRUE	X	FALSE					devops	build	supply_chain	reproducibility
Q686	Deploy Key 사용 범위		DevOps / Cloud - CI/CD	62	OX	HARD	deploy key를 여러 레포에 재사용하면 키 유출 시 영향 범위가 커질 수 있다.	deploy key는 자동화가 레포에 접근하기 위한 키로 편리하지만, 재사용하면 단일 키가 여러 자산을 여는 “마스터 키”가 될 수 있습니다. 면접에서는 시크릿 관리에서 blast radius를 줄이는 방법을 자주 묻습니다. 실무에서는 키를 레포/환경 단위로 분리하고, 가능한 경우 OIDC 기반 단기 자격증명으로 대체해 장기 키 자체를 줄입니다. 또한 키 권한을 읽기 전용으로 제한하고, 회전/폐기 절차를 갖추는 것이 중요합니다. 즉 키 재사용은 편의성 대신 위험을 키울 수 있습니다.		O	TRUE	X	FALSE					devops	security	secrets	cicd
Q687	Kubernetes RBAC		DevOps / Cloud - 컨테이너	63	OX	HARD	쿠버네티스 RBAC에서 cluster-admin 권한을 남발하면 최소 권한 원칙을 위반할 가능성이 크다.	cluster-admin은 클러스터 전반을 제어할 수 있어 매우 강력합니다. 면접에서는 “왜 운영 권한을 최소화해야 하냐”에서 RBAC 예시로 자주 나옵니다. 실무에서는 네임스페이스 단위 역할 분리, 읽기/쓰기 분리, 서비스 계정 최소 권한을 적용해 피해 범위를 줄입니다. 또한 kubeconfig 유출이나 토큰 탈취가 발생하면 권한이 곧 피해 규모로 이어집니다. 그래서 감사 로그, 2FA, 접근 경로 제한까지 결합합니다. 즉 RBAC은 쿠버네티스 보안의 기본 골격입니다.		O	TRUE	X	FALSE					devops	kubernetes	rbac	security
Q688	NetworkPolicy		DevOps / Cloud - 컨테이너	63	OX	HARD	NetworkPolicy를 적용하면 파드 간 통신을 기본 허용이 아니라 명시 허용 방식으로 제한할 수 있다.	NetworkPolicy는 클러스터 내부 통신을 통제해 “동서 트래픽” 공격 면을 줄입니다. 면접에서는 제로 트러스트나 마이크로세그멘테이션 개념에서 나올 수 있습니다. 실무에서는 기본 거부(default deny) 후 필요한 통신만 열면 보안이 좋아지지만, 적용 초기에 서비스 간 통신이 끊겨 장애가 날 수 있어 단계적으로 도입합니다. 또한 CNI 구현에 따라 지원 범위가 다를 수 있으므로 환경 확인이 필요합니다. 즉 네트워크 정책은 보안 강화를 주지만 운영 난도가 있습니다.		O	TRUE	X	FALSE					devops	kubernetes	networkpolicy	security
Q689	HPA와 부하 지표		DevOps / Cloud - 컨테이너	63	OX	HARD	CPU만 기준으로 HPA를 걸면 I/O 대기나 큐 적체 기반 부하를 놓칠 수 있다.	HPA를 CPU만으로 설계하면, 실제 병목이 네트워크/디스크/I/O 대기, 외부 API 지연, 큐 적체에 있을 때 제대로 스케일이 안 될 수 있습니다. 면접에서는 “오토스케일을 어떻게 튜닝하나”에서 지표 선택을 자주 묻습니다. 실무에서는 요청 지연, RPS, 큐 길이, 커스텀 메트릭을 함께 고려하고, 스케일 아웃/인 안정화 파라미터도 튜닝합니다. 또한 스케일이 해결책이 아닌 경우(락 경합, DB 병목)도 많아 원인 분석이 중요합니다. 즉 스케일링은 지표 설계가 절반입니다.		O	TRUE	X	FALSE					devops	kubernetes	hpa	scaling
Q690	Pod Anti Affinity		DevOps / Cloud - 컨테이너	63	OX	HARD	anti-affinity를 쓰면 동일 서비스 파드를 서로 다른 노드에 분산해 단일 노드 장애 영향을 줄일 수 있다.	anti-affinity는 파드 배치를 분산해 단일 노드 장애 시에도 전체가 죽지 않게 돕습니다. 면접에서는 가용성 설계에서 레플리카만 늘리는 것과 배치 전략의 차이를 물을 수 있습니다. 실무에서는 노드 수가 부족하면 스케줄링이 실패할 수 있어, 리소스 용량 계획과 함께 설계합니다. 또한 zone topology와 결합해 AZ 분산까지 보장하면 더 안전합니다. 다만 제약이 강할수록 스케줄링 지연이 생길 수 있어 현실적인 기준이 필요합니다. 즉 배치 정책은 가용성과 자원 효율의 균형입니다.		O	TRUE	X	FALSE					devops	kubernetes	scheduling	availability
Q691	CloudTrail 감사		DevOps / Cloud - 클라우드 서비스	64	OX	HARD	클라우드 감사 로그(예: API 호출 로그)를 켜두면 사고 조사와 규정 준수에 도움이 된다.	감사 로그는 누가 어떤 API를 호출했는지 기록해 침해 사고 조사에 매우 중요합니다. 면접에서는 운영 보안에서 “추적 가능성”을 어떻게 확보하는지 질문할 수 있습니다. 실무에서는 로그를 중앙 보관하고 삭제 방지(immutable) 설정을 두어 공격자가 흔적을 지우기 어렵게 합니다. 또한 알림과 연동해 이상 행동(권한 상승, 키 생성)을 탐지할 수 있습니다. 다만 로그 보관 비용이 들 수 있어 보관 기간과 저장 계층을 설계해야 합니다. 즉 감사 로그는 보안 운영의 기본 기반입니다.		O	TRUE	X	FALSE					cloud	security	audit	devops
Q692	Config Drift 감지		DevOps / Cloud - 클라우드 서비스	64	OX	HARD	구성 드리프트 감지는 운영 환경이 표준 설정에서 벗어나는 것을 조기에 찾는 데 유용하다.	드리프트는 수동 변경이나 예외 적용으로 표준에서 벗어난 상태를 의미합니다. 면접에서는 “운영 환경 일관성”을 어떻게 유지하는지 질문할 때 나올 수 있습니다. 실무에서는 정책 검사, 정기 스캔, IaC plan 비교, GitOps 리콘실 등을 통해 드리프트를 감지합니다. 드리프트가 누적되면 장애 재현이 어렵고, 보안 취약 구성이 남아 있을 수 있습니다. 다만 모든 드리프트를 즉시 원복하면 운영 대응을 방해할 수 있어, 예외 프로세스와 함께 운영해야 합니다. 즉 감지는 필수, 대응은 절차가 필요합니다.		O	TRUE	X	FALSE					cloud	governance	drift	devops
Q693	Rate Limit과 보호		DevOps / Cloud - 클라우드 서비스	64	OX	HARD	API 레이트 리밋은 남용과 장애 확산을 줄이는 보호 장치로 활용될 수 있다.	레이트 리밋은 과도한 요청이 시스템을 마비시키는 것을 막는 방어선입니다. 면접에서는 DDoS 완화나 리소스 보호 전략으로 물을 수 있습니다. 실무에서는 사용자/토큰/클라이언트별 제한, 버스트 허용, 비용 기반 제한 등을 설계합니다. 또한 제한을 걸 때는 에러 응답(429)과 재시도 정책을 명확히 해 클라이언트가 폭주하지 않게 해야 합니다. 너무 빡세면 정상 사용자도 피해를 보므로, 관측 기반으로 튜닝하는 것이 중요합니다. 즉 레이트 리밋은 안정성 설계의 한 축입니다.		O	TRUE	X	FALSE					cloud	api	rate_limit	reliability
Q694	IaC Drift와 콘솔 변경		DevOps / Cloud - IaC	65	OX	HARD	운영에서 콘솔로 수동 변경을 자주 하면 IaC의 plan이 커지고, 의도치 않은 변경이 섞일 가능성이 높아진다.	수동 변경은 코드와 실제 상태를 어긋나게 만들어, plan에 예상치 못한 변경이 대량으로 나타나게 합니다. 면접에서는 IaC 운영에서 “수동 변경을 어떻게 통제하나” 질문이 나올 수 있습니다. 실무에서는 변경 경로를 IaC로 강제하거나, 최소한 수동 변경 후 즉시 코드에 반영하는 규칙을 둡니다. 또한 drift 감지와 알림을 통해 누적 전에 발견해야 안전합니다. drift가 커지면 apply 자체가 위험해져 결국 운영이 멈추는 경우도 생깁니다. 즉 IaC는 일관된 변경 경로가 생명입니다.		O	TRUE	X	FALSE					devops	iac	drift	governance
Q695	Terraform Provider 버전		DevOps / Cloud - IaC	65	OX	HARD	provider 버전을 고정하지 않으면, 같은 코드라도 provider 업데이트로 plan 결과가 달라질 수 있다.	provider는 클라우드 API와 IaC 사이의 ‘클라이언트’라, 버전이 바뀌면 동작/기본값/스키마가 바뀔 수 있습니다. 면접에서는 재현 가능한 인프라 변경을 위해 “무엇을 고정해야 하나”를 묻기도 합니다. 실무에서는 provider와 모듈 버전을 고정하고, 업그레이드는 별도 PR로 테스트 후 진행합니다. 또한 provider 변경은 대량 변경(plan churn)을 유발할 수 있어, staging에서 먼저 검증하는 것이 안전합니다. 결국 IaC도 소프트웨어처럼 의존성 관리가 필요합니다.		O	TRUE	X	FALSE					devops	terraform	provider	versioning
Q696	Terraform State Move		DevOps / Cloud - IaC	65	OX	HARD	리소스 이름을 바꾸거나 모듈 구조를 바꿀 때 state mv를 안 하면, IaC가 리소스를 새로 만들고 기존을 삭제하려 할 수 있다.	IaC는 state를 기준으로 “이 리소스가 무엇인지”를 추적합니다. 구조를 바꿨는데 state를 옮기지 않으면, 기존 리소스를 다른 것으로 인식해 삭제/재생성 계획이 나올 수 있습니다. 면접에서는 IaC 리팩터링 시 안전하게 하는 방법을 물을 수 있습니다. 실무에서는 state mv, import, 계획 검토, 보호 옵션(prevent_destroy) 등을 조합해 사고를 줄입니다. 특히 운영 리소스 삭제는 치명적이므로 리팩터링은 단계적으로 수행하는 게 안전합니다. 즉 IaC 리팩터링은 “코드 + state”를 함께 다뤄야 합니다.		O	TRUE	X	FALSE					devops	terraform	state	refactor
Q697	GitOps와 이미지 Digest Pin		DevOps / Cloud - CI/CD	62	OX	HARD	GitOps에서 이미지 태그 대신 digest로 고정하면 무엇이 배포되었는지 더 명확해질 수 있다.	digest는 콘텐츠 기반 식별자라 동일 digest는 동일 이미지 내용을 의미합니다. 면접에서는 태그 가변성 문제와 함께 설명하면 좋습니다. 실무에서는 GitOps 레포에 배포 대상 digest를 기록하면, 롤백/재현이 쉬워지고 공급망 신뢰도도 올라갑니다. 다만 digest 업데이트가 번거롭기 때문에, CI에서 digest를 계산해 PR을 자동 생성하는 방식으로 운영하는 경우가 많습니다. 또한 레지스트리 정리 정책이 digest 기반 운영에 영향을 줄 수 있어 보관 정책도 함께 설계해야 합니다. 즉 digest pinning은 신뢰성을 올리지만 자동화가 필요합니다.		O	TRUE	X	FALSE					devops	gitops	container	digest
Q698	서버리스 콜드스타트		DevOps / Cloud - 클라우드 서비스	64	OX	HARD	서버리스는 확장이 쉽지만 콜드 스타트로 인해 지연이 증가할 수 있는 워크로드가 있다.	서버리스는 자동 확장과 운영 편의가 장점이지만, 요청이 없던 상태에서 처음 실행될 때 초기화 지연(콜드 스타트)이 발생할 수 있습니다. 면접에서는 “서버리스가 항상 빠른가” 같은 질문으로 함정을 내기도 합니다. 실무에서는 프로비저닝된 동시성, 워밍업, 런타임/번들 최적화로 완화합니다. 하지만 지연 민감한 요청(결제, 로그인)에서는 아키텍처 선택에 영향을 줄 수 있습니다. 즉 서버리스는 만능이 아니라 특성에 맞게 선택해야 합니다.		O	TRUE	X	FALSE					cloud	serverless	latency	devops
Q699	서킷 브레이커와 타임아웃		DevOps / Cloud - 클라우드 서비스	64	OX	HARD	타임아웃 없이 서킷 브레이커만 적용해도 외부 호출 지연으로 인한 스레드 고갈을 충분히 막을 수 있다.	이 문장은 일반적으로 틀립니다. 타임아웃이 없으면 호출이 오래 붙잡혀 스레드/커넥션이 고갈될 수 있고, 서킷 브레이커가 열리기 전까지 피해가 커질 수 있습니다. 면접에서는 resilience 패턴을 “조합”으로 이해하는지 확인합니다. 실무에서는 타임아웃 + 재시도(백오프) + 서킷 브레이커 + 벌크헤드 같은 패턴을 상황에 맞게 설계합니다. 또한 멱등성 없는 요청은 재시도에 주의해야 합니다. 즉 서킷 브레이커는 만능이 아니라 전체 정책의 일부입니다.		O	FALSE	X	TRUE					devops	resilience	circuit_breaker	cloud
Q700	비용 최적화와 Right Sizing		DevOps / Cloud - 클라우드 서비스	64	OX	HARD	Right sizing은 성능을 유지하면서 불필요하게 큰 인스턴스를 줄여 비용을 최적화하는 접근으로 볼 수 있다.	Right sizing은 실제 사용량(메트릭)을 보고 과도한 스펙을 줄이거나, 반대로 부족하면 늘려 효율을 맞추는 과정입니다. 면접에서는 FinOps나 비용 최적화에서 자주 등장합니다. 실무에서는 피크 대비로만 잡으면 낭비가 크고, 너무 줄이면 지연/장애가 생길 수 있어 SLO와 함께 판단합니다. 또한 예약 인스턴스/세이빙 플랜, 스팟, 오토스케일과 결합하면 효과가 큽니다. 결국 비용 최적화는 “성능 목표를 만족하는 최소 비용”을 찾는 작업입니다.		O	TRUE	X	FALSE					cloud	finops	cost	devops
Q701	Git Tag 가변성		DevOps / Cloud - 버전 관리	61	OX	HARD	Git 태그는 한 번 만들면 어떤 경우에도 다른 커밋을 가리키도록 변경할 수 없다.	이 문장은 틀립니다. 태그는 삭제 후 재생성하거나 강제 푸시로 “다른 커밋을 가리키게” 만들 수 있습니다. 면접에서는 태그가 불변이라고 착각하는지 확인하는 함정이 나올 수 있습니다. 실무에서는 릴리즈 태그를 신뢰하려면 태그 보호(보호 규칙), 서명 태그, 권한 통제가 필요합니다. 또한 배포 파이프라인이 태그 트리거라면 태그 위변조가 곧 배포 위변조로 이어질 수 있어 특히 조심해야 합니다. 결국 “태그는 관례적으로 불변”이지 기술적으로 절대 불변은 아닙니다. 즉 릴리즈 신뢰는 정책과 권한으로 만든다는 점이 핵심입니다.		O	FALSE	X	TRUE					devops	git	tagging	governance
Q702	Reflog(리플로그)		DevOps / Cloud - 버전 관리	61	OX	HARD	git reflog는 실수로 삭제한 커밋을 복구하는 데 도움이 될 수 있다.	reflog는 HEAD가 가리킨 이력을 로컬에 기록해, 브랜치 삭제나 reset 실수 후에도 커밋을 찾을 수 있게 해줍니다. 면접에서는 git 사고 대응 능력을 볼 때 나올 수 있습니다. 실무에서는 “아차, 브랜치를 날렸어요” 같은 상황에서 reflog로 커밋 해시를 찾아 복구하는 경우가 흔합니다. 다만 reflog는 로컬 기록이며 영구 보장은 아니고, 가비지 컬렉션 정책에 따라 오래된 기록이 사라질 수 있습니다. 따라서 중요한 변경은 원격에 push하거나 백업 브랜치를 남기는 습관이 안전합니다. 즉 reflog는 응급키트지만 예방이 더 중요합니다.		O	TRUE	X	FALSE					devops	git	recovery	reflog
Q703	CI 아티팩트 무결성		DevOps / Cloud - CI/CD	62	OX	HARD	CI에서 빌드 산출물(artifact)을 서명하면 배포 시 위변조 여부를 확인하는 데 도움이 될 수 있다.	아티팩트 서명은 “이 파일이 신뢰되는 빌드에서 만들어졌고 중간에 바뀌지 않았다”를 검증할 수 있게 합니다. 면접에서는 공급망 보안에서 단골로 나오는 주제입니다. 실무에서는 서명과 함께 해시 검증, provenance 생성, 승인된 키만 허용하는 정책을 적용합니다. 또한 서명 키 관리가 핵심이라, 키를 안전한 저장소(HSM, KMS)로 보호하고 접근을 최소화해야 합니다. 배포 파이프라인에서 서명 검증을 강제하면, 무단 아티팩트가 운영에 들어가는 것을 막을 수 있습니다. 즉 서명은 신뢰 체인의 연결고리입니다.		O	TRUE	X	FALSE					devops	cicd	supply_chain	signing
Q704	CI에서 테스트와 빌드 분리		DevOps / Cloud - CI/CD	62	OX	HARD	테스트를 통과한 동일 아티팩트를 승격(promote)해서 배포하면, 환경별로 다시 빌드하는 것보다 재현성이 좋아질 수 있다.	같은 소스라도 환경별로 다시 빌드하면 의존성/툴 버전 차이로 결과가 달라질 수 있습니다. 그래서 “한 번 빌드한 아티팩트를 검증 후 승격”하는 방식이 재현성과 통제에 유리합니다. 면접에서는 배포 파이프라인 설계에서 성숙한 답변으로 평가될 수 있습니다. 실무에서는 빌드 단계에서 버전/해시를 고정하고, 스테이징에서 검증한 그 아티팩트를 운영으로 승격합니다. 다만 환경 설정 차이(환경 변수, 연결 정보)는 런타임 구성으로 분리해야 합니다. 즉 승격 모델은 신뢰 가능한 배포를 만드는 핵심 패턴입니다.		O	TRUE	X	FALSE					devops	cicd	artifact	release
Q705	Feature Flag와 구성 관리		DevOps / Cloud - CI/CD	62	OX	HARD	기능 플래그를 코드에만 두고 정리하지 않으면 기술 부채가 쌓여 운영 리스크가 커질 수 있다.	기능 플래그는 점진 공개와 롤백을 돕지만, 쌓이면 “어떤 조합에서 무슨 동작을 하는지” 복잡도가 폭증합니다. 면접에서는 트렁크 기반, 카나리와 함께 플래그 관리 전략을 묻기도 합니다. 실무에서는 플래그 수명(만료일), 소유자, 제거 티켓을 정하고, 사용 안 하는 플래그를 정기적으로 삭제합니다. 또한 플래그 값이 런타임에 바뀌면 예상치 못한 경로가 열릴 수 있어 테스트와 관측이 필요합니다. 결국 플래그는 운영 도구이지만 관리 없이는 위험해집니다. 즉 플래그는 “만들기보다 지우기”가 더 중요할 때가 많습니다.		O	TRUE	X	FALSE					devops	feature_flag	cicd	reliability
Q706	컨테이너 Image Provenance		DevOps / Cloud - 컨테이너	63	OX	HARD	컨테이너 이미지의 provenance를 추적하면, 어떤 소스와 빌드로 만들어졌는지 감사하기 쉬워진다.	provenance는 이미지가 “어떤 소스, 어떤 빌드 과정, 어떤 환경”에서 만들어졌는지의 증빙입니다. 면접에서는 공급망 보안에서 SBOM과 함께 자주 연결됩니다. 실무에서는 provenance가 있으면 취약점 사고 시 영향을 받는 빌드를 빠르게 추적하고, 신뢰할 수 없는 경로의 이미지를 차단할 수 있습니다. 또한 승인된 파이프라인에서만 생성된 이미지만 운영에 배포하도록 정책을 세우면 보안이 크게 강화됩니다. 다만 이를 운영하려면 서명/검증 인프라와 표준화된 빌드 체계가 필요합니다. 즉 provenance는 “누가 만들었나”를 기술적으로 보장하는 수단입니다.		O	TRUE	X	FALSE					devops	container	supply_chain	provenance
Q707	이미지 스캔 오탐/미탐		DevOps / Cloud - 컨테이너	63	OX	HARD	이미지 취약점 스캔 결과는 항상 정확하므로, 결과만 믿고 배포 결정을 내려도 된다.	이 문장은 틀립니다. 스캐너는 DB와 규칙에 의존하므로 오탐/미탐이 있을 수 있고, 취약점이 실제로 exploitable한지(사용 경로 존재 여부)도 맥락이 필요합니다. 면접에서는 보안 도구를 맹신하지 않는 현실적인 관점을 좋아합니다. 실무에서는 심각도/노출 여부, 런타임 권한, 네트워크 노출, 패치 가능성 등을 함께 판단해 게이트 기준을 정합니다. 또한 스캔 DB 업데이트 주기에 따라 어제 없던 취약점이 오늘 새로 뜰 수 있어, 릴리즈 일정과 대응 프로세스가 필요합니다. 결국 스캔은 의사결정 보조 도구이지 절대 판결자가 아닙니다. 즉 “도구 + 맥락”이 함께 가야 합니다.		O	FALSE	X	TRUE					devops	container	security	scanning
Q708	Runtime Security		DevOps / Cloud - 컨테이너	63	OX	HARD	빌드 타임 스캔을 해도 런타임에서 이상 행위를 탐지하는 체계가 있으면 보안 대응에 더 유리할 수 있다.	빌드 타임 스캔은 정적 취약점에 강하지만, 런타임 침해(비정상 프로세스 실행, 권한 상승, 의심 네트워크 연결)는 별도 탐지가 필요합니다. 면접에서는 DevSecOps에서 “왼쪽(shift-left)”만 말하면 부족하고, “런타임 방어”까지 언급하면 깊이가 드러납니다. 실무에서는 eBPF 기반 탐지, 런타임 정책, 이상 징후 알림, 격리 조치 등을 결합합니다. 또한 오탐이 많으면 무시하게 되므로, 탐지 룰 튜닝과 대응 런북이 중요합니다. 즉 보안은 사전 예방과 사후 탐지가 함께 있어야 강해집니다.		O	TRUE	X	FALSE					devops	container	runtime_security	observability
Q709	Cloud IAM 조건부 정책		DevOps / Cloud - 클라우드 서비스	64	OX	HARD	IAM에서 조건(예: 소스 IP, MFA, 태그 조건)을 걸면 동일 권한이라도 더 안전하게 제한할 수 있다.	조건부 정책은 “언제/어디서/어떤 조건에서만” 권한을 행사하도록 좁히는 기법입니다. 면접에서는 최소 권한을 한 단계 더 깊게 설명할 때 좋은 포인트입니다. 실무에서는 운영 콘솔 접근은 MFA 필수, 특정 IP/VPN에서만 허용, 특정 태그가 붙은 리소스만 조작 허용 같은 방식으로 리스크를 크게 줄입니다. 또한 조건이 복잡하면 디버깅이 어려워지므로, 표준 템플릿과 문서화가 필요합니다. 권한이 같아도 조건으로 공격 표면을 줄이는 것이 핵심입니다. 즉 IAM은 “권한 + 조건”으로 강해집니다.		O	TRUE	X	FALSE					cloud	iam	security	devops
Q710	VPC 엔드포인트		DevOps / Cloud - 클라우드 서비스	64	OX	HARD	VPC 엔드포인트를 쓰면 일부 서비스 접근을 인터넷을 거치지 않고 사설 네트워크로 처리할 수 있다.	VPC 엔드포인트는 클라우드 내부 서비스 접근을 사설 경로로 만들어, 인터넷 노출을 줄이고 보안을 강화할 수 있습니다. 면접에서는 프라이빗 네트워킹 설계에서 자주 나옵니다. 실무에서는 NAT 비용을 줄이는 데도 도움이 될 수 있지만, 엔드포인트 종류/정책/라우팅 설정을 정확히 해야 합니다. 또한 접근 정책을 잘못 잡으면 내부에서도 과도한 권한이 열릴 수 있어 최소 권한과 함께 설계합니다. 네트워크를 “사설화”하는 건 보안과 비용에 모두 영향을 줍니다. 즉 엔드포인트는 프라이빗 아키텍처의 핵심 도구입니다.		O	TRUE	X	FALSE					cloud	networking	vpc	devops
Q711	IaC Plan 승인		DevOps / Cloud - IaC	65	OX	HARD	IaC에서 plan 결과를 PR에 첨부하고 승인 후 apply하면, 의도치 않은 변경을 줄이는 데 도움이 된다.	IaC 변경은 영향 범위가 커서 “무엇이 바뀌는지”를 사람이 확인하는 절차가 중요합니다. plan을 PR에 자동으로 붙이면 리뷰어가 변경 내용을 구체적으로 확인할 수 있습니다. 면접에서는 IaC 거버넌스 사례로 설명하기 좋습니다. 실무에서는 plan과 apply를 같은 커밋 기준으로 고정하고, 승인된 plan만 apply되게 하면 안전성이 올라갑니다. 또한 위험 리소스는 추가 승인이나 야간 배포 금지 같은 규칙을 둘 수 있습니다. 즉 IaC는 자동화하되 검증은 더 엄격해야 합니다.		O	TRUE	X	FALSE					devops	iac	terraform	governance
Q712	IaC와 정책 검사		DevOps / Cloud - IaC	65	OX	HARD	Policy as Code로 public access, 암호화 미적용 같은 위험 설정을 파이프라인에서 차단할 수 있다.	정책 코드화는 위험한 구성(공개 S3, 0.0.0.0/0 인바운드, 암호화 미적용)을 “적용 전에” 막을 수 있어 사고를 크게 줄입니다. 면접에서는 DevSecOps 자동화 사례로 자주 나옵니다. 실무에서는 정책을 너무 강하게 걸면 개발이 멈출 수 있어, 경고→차단 단계로 점진 도입하고 예외 절차를 설계합니다. 또한 정책 자체도 코드이므로 버전 관리, 리뷰, 테스트가 필요합니다. 정책이 바뀌면 인프라 변경 전략도 함께 바뀌어야 합니다. 즉 정책 코드는 보안을 ‘자동화된 기본값’으로 만드는 도구입니다.		O	TRUE	X	FALSE					devops	iac	policy_as_code	security
Q713	DR과 데이터 백업		DevOps / Cloud - 클라우드 서비스	64	OX	HARD	멀티 AZ로 운영해도 논리적 삭제나 데이터 오염을 대비하려면 백업이 필요할 수 있다.	멀티 AZ는 인프라 장애에 강하지만, 사람이 실수로 삭제하거나 잘못된 배치가 데이터를 망가뜨리는 ‘논리적 장애’는 막아주지 못합니다. 면접에서는 DR과 백업의 차이를 묻는 질문이 자주 나옵니다. 실무에서는 스냅샷, PITR(시점 복구), 오프사이트 백업으로 논리적 장애까지 대비합니다. 또한 백업은 “복구 테스트”가 없으면 의미가 없으니 정기 복구 리허설이 중요합니다. 즉 가용성과 데이터 보호는 별개의 축이며 둘 다 필요합니다.		O	TRUE	X	FALSE					cloud	backup	dr	devops
Q714	RPO RTO		DevOps / Cloud - 클라우드 서비스	64	OX	HARD	RPO는 허용 가능한 데이터 손실, RTO는 허용 가능한 복구 시간을 의미한다.	RPO와 RTO는 재해 복구 목표를 수치로 표현하는 핵심 개념입니다. 면접에서는 DR 설계에서 거의 단골로 등장합니다. 실무에서는 RPO가 0에 가까울수록 복제가 강해지고 비용/복잡도가 증가하며, RTO가 짧을수록 자동화와 대기 자원이 더 필요해집니다. 따라서 비즈니스 중요도에 따라 목표를 설정하고, 목표에 맞는 아키텍처(멀티 AZ/멀티 리전, 백업, 자동 전환)를 선택합니다. 목표가 명확해야 설계도 명확해집니다. 즉 DR은 기술보다 목표 정의가 먼저입니다.		O	TRUE	X	FALSE					cloud	dr	rpo_rto	devops
Q715	Postmortem 문화		DevOps / Cloud - 클라우드 서비스	64	OX	HARD	블레임리스 포스트모템은 개인을 비난하기보다 시스템 개선에 초점을 맞춰 재발 방지에 도움 될 수 있다.	블레임리스 포스트모템은 “누구 탓”이 아니라 “왜 이런 조건이 가능했나”를 분석해 시스템을 개선하는 문화입니다. 면접에서는 장애 대응 경험과 운영 성숙도를 볼 때 자주 나옵니다. 실무에서는 타임라인, 영향 범위, 근본 원인(기술+프로세스), 재발 방지 액션 아이템을 명확히 정하고 추적합니다. 비난 문화가 강하면 문제가 숨겨지고, 개선이 늦어져 같은 사고가 반복될 수 있습니다. 또한 액션 아이템이 실행되지 않으면 문서만 쌓이므로 오너와 마감일을 지정하는 것이 중요합니다. 즉 포스트모템은 운영의 학습 루프입니다.		O	TRUE	X	FALSE					devops	incident	postmortem	sre
Q716	Error Budget		DevOps / Cloud - 클라우드 서비스	64	OX	HARD	에러 버짓이 빠르게 소진되면, 릴리즈 속도를 줄이고 안정화에 집중하는 의사결정이 합리적일 수 있다.	에러 버짓은 SLO를 기반으로 “얼마나 실패를 허용할 수 있는지”를 운영 의사결정에 연결합니다. 면접에서는 SRE 개념을 실무적으로 이해하는지 질문할 때 나옵니다. 실무에서는 에러 버짓이 충분하면 더 빠르게 배포해도 되고, 소진되면 변경을 제한하고 원인 제거에 집중합니다. 이런 규칙이 있으면 개발과 운영의 갈등을 데이터로 조정할 수 있습니다. 다만 SLO가 잘못 설정되면 의사결정도 왜곡되므로, SLO 자체의 품질 관리가 중요합니다. 즉 에러 버짓은 속도와 안정성의 균형 장치입니다.		O	TRUE	X	FALSE					sre	slo	error_budget	devops
Q717	IaC 모듈 버전		DevOps / Cloud - IaC	65	OX	HARD	IaC 모듈을 버전 고정하지 않으면, 모듈 업데이트로 인해 예상치 못한 변경이 생길 수 있다.	모듈은 재사용을 돕지만, 외부 모듈 버전이 변하면 동일 코드라도 다른 인프라가 생성될 수 있습니다. 면접에서는 IaC도 의존성 관리가 필요하다는 점을 자주 봅니다. 실무에서는 모듈과 provider를 버전 고정하고, 업그레이드는 별도 PR로 계획/검증 후 적용합니다. 또한 모듈 변경 로그를 확인하고, 주요 변경은 마이그레이션 가이드를 따라야 합니다. 버전 고정은 재현성과 안정성의 기본입니다. 즉 IaC도 ‘패키지 관리’가 필요합니다.		O	TRUE	X	FALSE					devops	iac	modules	versioning
Q718	IaC 리소스 삭제 보호		DevOps / Cloud - IaC	65	OX	HARD	prevent_destroy 같은 보호 옵션은 실수로 운영 리소스를 삭제하는 사고를 줄이는 데 도움이 될 수 있다.	IaC는 자동화가 강력한 만큼 실수도 크게 터질 수 있어 가드레일이 필요합니다. prevent_destroy는 중요한 리소스가 삭제 계획에 포함될 때 apply를 막아주는 장치로 활용됩니다. 면접에서는 운영 안정성을 높이는 구체적 방법으로 설명하기 좋습니다. 실무에서는 DB, 버킷, 네트워크 핵심 리소스에 보호를 걸고, 삭제는 별도 절차(승인, 백업, 점검)로 수행합니다. 다만 보호가 너무 많으면 정리 작업이 어려워질 수 있어, 정책과 예외 절차를 함께 설계해야 합니다. 즉 가드레일은 안전을 주지만 운영 절차가 필요합니다.		O	TRUE	X	FALSE					devops	terraform	safety	governance
Q719	서비스 메시 트레이드오프		DevOps / Cloud - 클라우드 서비스	64	OX	HARD	서비스 메시 도입은 관측과 정책 통제에 도움 될 수 있지만 운영 복잡도와 오버헤드가 증가할 수 있다.	서비스 메시는 mTLS, 트래픽 관리, 리트라이/타임아웃 정책, 분산 추적 같은 기능을 플랫폼 레벨에서 제공할 수 있습니다. 면접에서는 “왜 모두가 서비스 메시를 쓰지 않나” 같은 질문이 나올 수 있습니다. 실무에서는 사이드카 오버헤드, 디버깅 난이도, 장애 시 영향 범위 같은 운영 비용이 늘어납니다. 그래서 도입 전 요구사항(보안, 관측, 트래픽 제어)을 명확히 하고, 단계적으로 적용하는 것이 안전합니다. 또한 메시 정책이 애플리케이션 동작을 바꿀 수 있어 변경 관리가 중요합니다. 즉 서비스 메시는 강력하지만 비용과 복잡도를 함께 가져옵니다.		O	TRUE	X	FALSE					devops	cloud	service_mesh	architecture
Q720	분산 트레이싱 Sampling		DevOps / Cloud - 클라우드 서비스	64	OX	HARD	분산 트레이싱은 전부 수집하면 좋지만, 비용 때문에 샘플링 전략이 필요할 수 있다.	트레이싱은 요청 경로를 추적해 병목과 장애 원인을 찾는 데 매우 유용합니다. 하지만 모든 요청을 100퍼센트 수집하면 저장/쿼리 비용과 오버헤드가 급증할 수 있습니다. 면접에서는 관측 설계에서 비용과 효용 균형을 이해하는지 볼 수 있습니다. 실무에서는 헤드 샘플링/테일 샘플링, 에러 요청 우선 샘플링, 중요 엔드포인트 집중 수집 같은 전략을 씁니다. 또한 샘플링이 있으면 “없는 트레이스”도 자연스럽게 발생하므로, 메트릭/로그와 함께 해석해야 합니다. 즉 트레이싱은 강력하지만 운영 가능한 수준으로 설계해야 합니다.		O	TRUE	X	FALSE					devops	observability	tracing	cost
Q721	Git Worktree		DevOps / Cloud - 버전 관리	61	OX	HARD	git worktree를 쓰면 한 레포에서 여러 브랜치를 서로 다른 디렉터리에 동시에 체크아웃해 작업할 수 있다.	worktree는 하나의 .git 메타데이터를 공유하면서 여러 작업 디렉터리를 만들어 브랜치별로 동시에 작업하게 해줍니다. 면접에서는 생산성 도구로 자주 나오진 않지만, Git을 깊게 쓰는지 보여줄 수 있습니다. 실무에서는 핫픽스 브랜치와 기능 브랜치를 동시에 열어 테스트하거나, 릴리즈 브랜치 패치 작업을 병행할 때 유용합니다. 다만 작업 디렉터리가 늘면 빌드 산출물 충돌이나 환경 변수 혼동이 생길 수 있어 디렉터리별 격리(예: 별도 build 폴더)를 신경 써야 합니다. 또한 훅/툴 설정이 레포 단위라 예상치 못한 영향이 있을 수 있습니다. 즉 worktree는 병렬 작업을 쉽게 하지만 정리 습관이 중요합니다.		O	TRUE	X	FALSE					devops	git	worktree	productivity
Q722	Squash Merge 영향		DevOps / Cloud - 버전 관리	61	OX	HARD	squash merge를 하면 PR 안의 여러 커밋이 하나로 합쳐져, 개별 커밋 단위의 세밀한 추적이 어려워질 수 있다.	squash merge는 히스토리를 깔끔하게 만들지만, PR 내 세부 커밋 맥락이 main에 남지 않아 추적성이 떨어질 수 있습니다. 면접에서는 merge 전략(merge commit vs squash vs rebase) 장단점을 묻기도 합니다. 실무에서는 이슈/PR 링크를 머지 커밋 메시지에 남겨 추적성을 보완하고, 세부 맥락은 PR 대화/리뷰 기록으로 보존합니다. 또한 revert가 쉬워지는 장점도 있지만, 부분 롤백이 어려워질 수 있습니다. 팀의 개발 문화(작은 커밋 vs 큰 커밋)와 맞춰 선택해야 합니다. 즉 squash는 “깔끔함 vs 세밀함”의 트레이드오프입니다.		O	TRUE	X	FALSE					devops	git	merge_strategy	governance
Q723	CI Staging Artifact		DevOps / Cloud - CI/CD	62	OX	HARD	스테이징에서 검증한 아티팩트를 운영에 그대로 승격하면, 운영에서만 발생하는 “다시 빌드 차이”를 줄일 수 있다.	같은 코드라도 스테이징/운영에서 각각 빌드하면 환경 차이로 결과물이 달라질 수 있습니다. 승격 모델은 “검증한 그 아티팩트”를 운영에 배포해 이런 차이를 줄입니다. 면접에서는 릴리즈 파이프라인 설계에서 성숙한 접근으로 평가될 수 있습니다. 실무에서는 아티팩트 저장소를 두고, 배포 단계는 다운로드/배치만 하게 만들어 재현성을 높입니다. 단, 운영/스테이징의 설정 차이는 런타임 구성으로 분리해야 합니다. 결국 승격은 ‘신뢰 가능한 배포’의 핵심 패턴입니다. 즉 빌드와 배포를 분리하면 안정성이 올라갑니다.		O	TRUE	X	FALSE					devops	cicd	artifact	release
Q724	CI Secret Masking 한계		DevOps / Cloud - CI/CD	62	OX	HARD	CI 로그 마스킹을 켜면 시크릿 유출 위험이 완전히 사라진다고 볼 수 있다.	이 문장은 틀립니다. 마스킹은 로그에 찍히는 특정 패턴을 가리는 수준이라, 다른 형태로 인코딩되거나(예: base64), 부분 문자열로 출력되거나, 파일/아티팩트로 저장되면 유출을 막지 못할 수 있습니다. 면접에서는 “보안 기능은 방어층 중 하나”라는 관점을 기대합니다. 실무에서는 최소 권한, 단기 자격증명(OIDC), egress 제한, 시크릿 스캔, 아티팩트 접근 통제 등과 함께 써야 합니다. 또한 PR 빌드에서 포크 레포가 시크릿에 접근하지 못하도록 차단하는 설정이 중요합니다. 즉 마스킹은 도움이 되지만 완전한 해결책은 아닙니다.		O	FALSE	X	TRUE					devops	cicd	secrets	security
Q725	배포 전략과 롤백 비용		DevOps / Cloud - CI/CD	62	OX	HARD	데이터 마이그레이션이 포함된 배포는 단순 롤백이 어려울 수 있어 롤포워드 전략이 더 현실적일 수 있다.	DB 스키마 변경과 데이터 변환이 포함되면 롤백이 “원상 복구”를 보장하지 못하는 경우가 많습니다. 면접에서는 무중단 배포에서 데이터 변경 전략을 자주 질문합니다. 실무에서는 expand-contract, 이중 쓰기, 백필, 기능 플래그로 단계적 전환을 하고, 문제가 나면 수정 배포(롤포워드)로 해결하는 경우가 많습니다. 또한 마이그레이션은 배포와 분리해 위험을 낮추기도 합니다. 중요한 건 “되돌릴 수 있는 변경”으로 설계하는 것입니다. 즉 데이터가 섞이면 배포 전략이 바뀝니다.		O	TRUE	X	FALSE					devops	deployment	database	migration
Q726	쿠버네티스 제한과 리소스 격리		DevOps / Cloud - 컨테이너	63	OX	HARD	CPU limit을 너무 낮게 잡으면 애플리케이션이 스로틀링되어 지연이 커질 수 있다.	쿠버네티스에서 CPU limit은 초과 사용을 제한해 스로틀링이 발생할 수 있습니다. 면접에서는 requests와 limits 차이, 그리고 잘못 설정했을 때의 증상을 묻는 경우가 많습니다. 실무에서는 requests는 스케줄링 기준, limits는 상한선으로 이해하고, 부하 패턴에 맞춰 튜닝합니다. 특히 GC가 있는 JVM 기반 서비스는 순간 CPU 사용이 튀기 쉬워, 너무 낮은 limit이 tail latency를 악화시킬 수 있습니다. 또한 제한은 안정성을 주지만 성능을 희생할 수 있어 SLO 기준으로 결정해야 합니다. 즉 리소스 설정은 “비용”이 아니라 “성능과 안정성”의 문제입니다.		O	TRUE	X	FALSE					devops	kubernetes	resources	performance
Q727	OOMKill과 메모리 설정		DevOps / Cloud - 컨테이너	63	OX	HARD	메모리 limit을 초과하면 컨테이너가 OOMKilled로 종료될 수 있다.	메모리 limit은 상한선이라, 초과 시 커널 OOM 정책에 의해 프로세스가 종료될 수 있습니다. 면접에서는 “왜 파드가 자꾸 죽냐”에서 OOMKilled가 단골입니다. 실무에서는 메모리 사용량을 관측하고, 힙 사이즈(JVM)와 컨테이너 limit을 함께 맞춰야 합니다. 또한 메모리 leak이 있으면 limit을 올려도 근본 해결이 아니므로, 프로파일링과 누수 점검이 필요합니다. OOM 재시작 루프는 장애를 키우므로, 알림과 자동 완화(스케일링/트래픽 제한)를 준비하는 편이 좋습니다. 즉 limit 설정은 운영 안정성의 핵심입니다.		O	TRUE	X	FALSE					devops	kubernetes	memory	reliability
Q728	클라우드 공유 책임 모델		DevOps / Cloud - 클라우드 서비스	64	OX	HARD	공유 책임 모델에서 클라우드 제공자는 모든 보안을 책임지므로 고객은 보안 설정을 신경 쓸 필요가 없다.	이 문장은 틀립니다. 클라우드 제공자는 ‘클라우드 자체의 보안’을 책임지지만, 고객은 계정/IAM, 네트워크 설정, 데이터 보호, 애플리케이션 취약점 등 ‘클라우드에서의 보안’을 책임지는 부분이 큽니다. 면접에서는 클라우드 보안 기초로 자주 나옵니다. 실무에서는 공개 설정(버킷/보안그룹), 키 관리, 패치, 로깅/모니터링을 고객이 직접 운영해야 사고를 줄일 수 있습니다. 특히 설정 실수는 가장 흔한 침해 원인이므로 자동 검사(Policy as Code)와 가드레일이 중요합니다. 즉 클라우드 보안은 역할 분담을 정확히 이해해야 합니다.		O	FALSE	X	TRUE					cloud	security	shared_responsibility	devops
Q729	Key Rotation과 Break Glass		DevOps / Cloud - 클라우드 서비스	64	OX	HARD	키 로테이션을 도입하면 운영 장애를 막기 위해 비상 예외(break glass) 절차도 함께 설계하는 것이 좋다.	로테이션은 보안을 강화하지만, 갱신 실패나 애플리케이션 재로딩 실패로 장애가 날 수 있습니다. 면접에서는 보안 조치가 운영에 주는 영향까지 고려하는지 볼 수 있습니다. 실무에서는 비상 상황에서 임시 권한 상승, 로테이션 중단, 이전 키로의 롤백 같은 절차를 준비합니다. 또한 break glass는 남용되면 보안이 무너지므로, 시간 제한, 승인, 감사 로그, 사후 리뷰가 필수입니다. 로테이션은 기술만이 아니라 프로세스가 핵심입니다. 즉 보안 자동화는 예외 처리까지 포함해야 성숙합니다.		O	TRUE	X	FALSE					cloud	security	secrets	devops
Q730	CDN과 Origin Shield		DevOps / Cloud - 클라우드 서비스	64	OX	HARD	캐시 미스가 급증하면 오리진 서버가 폭주할 수 있어, 캐시 전략과 보호 장치가 중요하다.	CDN/캐시는 오리진 부하를 줄이지만, 캐시 미스가 급증하면 오히려 오리진에 트래픽이 몰려 장애가 날 수 있습니다. 면접에서는 캐시 스탬피드와 함께 자주 나옵니다. 실무에서는 TTL 조정, stale-while-revalidate, 오리진 실드(중앙 캐시 계층), 요청 합치기, 백오프/레이트 리밋 등으로 방어합니다. 또한 배포 직후 캐시 무효화는 트래픽 스파이크를 만들 수 있어, 점진 무효화나 프리워밍이 필요합니다. 캐시는 성능이 아니라 ‘안정성’에도 영향을 줍니다. 즉 캐시 설계는 트래픽 제어 설계입니다.		O	TRUE	X	FALSE					cloud	caching	reliability	devops
Q731	IaC Import		DevOps / Cloud - IaC	65	OX	HARD	이미 존재하는 리소스를 IaC로 관리하려면 import 같은 절차가 필요할 수 있다.	기존 인프라를 IaC로 전환할 때는 “코드만 만든다”로 끝나지 않고, 실제 리소스를 state에 연결하는 작업이 필요합니다. 면접에서는 레거시 인프라의 IaC 전환 경험을 물을 때 나올 수 있습니다. 실무에서는 import 후 plan을 확인해 코드와 실제 설정이 맞는지 조정하고, 드리프트를 줄이는 과정이 필요합니다. 또한 대규모 전환은 한 번에 하면 위험하므로, 리소스 단위로 단계적 전환을 합니다. import는 편리하지만 실수하면 잘못된 리소스를 참조할 수 있어 검증이 중요합니다. 즉 IaC 전환은 “연결 + 정합성”이 핵심입니다.		O	TRUE	X	FALSE					devops	iac	terraform	import
Q732	IaC Apply 동시성		DevOps / Cloud - IaC	65	OX	HARD	동시에 여러 사람이 같은 state에 apply하면 충돌이나 꼬임이 생길 수 있어, 단일 실행 경로를 두는 것이 안전하다.	IaC는 state를 공유 자원으로 쓰기 때문에 동시 apply는 충돌과 예측 불가능한 결과를 만들 수 있습니다. 면접에서는 state lock과 운영 절차를 함께 설명하는지 볼 수 있습니다. 실무에서는 apply를 CI 파이프라인 한 곳으로 제한하고, 승인된 변경만 순차 적용되게 합니다. 또한 원격 백엔드와 락(예: DynamoDB 등)을 활용해 동시 실행을 막습니다. 동시성 문제는 인프라 변경에서 특히 치명적이므로, 작업 큐/머지 큐 같은 방식으로 통제합니다. 즉 IaC는 “통제된 단일 실행”이 기본입니다.		O	TRUE	X	FALSE					devops	iac	state_lock	governance
Q733	Observability와 RED USE		DevOps / Cloud - 클라우드 서비스	64	OX	HARD	RED와 USE 같은 프레임은 관측 지표를 체계적으로 구성하는 데 도움이 될 수 있다.	RED(요청율, 에러율, 지연)와 USE(사용률, 포화, 에러)는 관측 지표를 정리하는 대표 프레임입니다. 면접에서는 “어떤 지표를 봐야 하나” 질문에서 실무적인 답이 됩니다. 실무에서는 RED는 서비스 관점, USE는 자원 관점으로 보완 관계이며, 둘을 함께 보면 장애 원인을 좁히기 쉬워집니다. 다만 지표만 늘리면 알림 피로가 생기므로, SLO 기반으로 핵심 지표를 먼저 정의해야 합니다. 또한 프레임은 시작점일 뿐, 서비스 특성에 맞게 커스터마이징해야 합니다. 즉 관측은 지표의 ‘선택과 구조’가 핵심입니다.		O	TRUE	X	FALSE					devops	observability	metrics	sre
Q734	알림 임계치의 함정		DevOps / Cloud - 클라우드 서비스	64	OX	HARD	CPU 80퍼센트 같은 단일 임계치 알림만으로는 사용자 영향 장애를 놓칠 수 있다.	CPU 임계치는 참고 지표지만, 사용자 영향(지연/에러)은 CPU와 직접 상관이 없을 수 있습니다. 면접에서는 “알림을 어떻게 설계하나”에서 단일 지표 임계치의 한계를 질문합니다. 실무에서는 SLO 기반(에러율, p95 지연), 트래픽 기반, 합성 지표, 다중 조건(증가율 + 지속시간)으로 알림 품질을 올립니다. 또한 임계치 알림은 노이즈가 많아 alert fatigue를 유발하기 쉬워, 액션 가능한 알림만 남기는 것이 중요합니다. 지표는 많아도 운영자는 한정되어 있습니다. 즉 알림은 ‘사용자 영향’ 중심으로 설계해야 합니다.		O	TRUE	X	FALSE					devops	alerting	slo	reliability
Q735	멱등성 없는 재시도		DevOps / Cloud - 클라우드 서비스	64	OX	HARD	멱등하지 않은 요청에 클라이언트 재시도를 적용하면 중복 처리가 생길 수 있어 위험하다.	주문 생성, 결제 생성 같은 멱등하지 않은 요청은 재시도로 중복 데이터가 생기기 쉽습니다. 면접에서는 재시도/타임아웃/서킷 브레이커를 멱등성과 함께 묶어 설명할 수 있어야 합니다. 실무에서는 멱등 키, 유니크 제약, 트랜잭션, 중복 요청 감지로 방어선을 둡니다. 또한 재시도 횟수 제한, 백오프/지터로 폭주를 막고, 실패 시 사용자에게 명확한 상태를 제공해야 합니다. 재시도는 성공률을 올리지만 잘못 쓰면 데이터 신뢰를 망가뜨립니다. 즉 재시도는 “멱등성”이 전제입니다.		O	TRUE	X	FALSE					devops	reliability	retry	cloud
Q736	GitOps Drift Reconciling		DevOps / Cloud - CI/CD	62	OX	HARD	GitOps 리콘실러는 실제 상태가 Git 선언과 다르면 원복할 수 있어, 수동 변경을 어렵게 만든다.	GitOps는 Git을 단일 진실로 두고, 컨트롤러가 실제 상태를 지속적으로 선언 상태로 맞춥니다. 면접에서는 GitOps의 장점(일관성)과 단점(긴급 수동 변경 어려움)을 함께 말하면 좋습니다. 실무에서는 긴급 상황에서 일시적으로 리콘실을 멈추거나, break glass 절차로 변경 후 Git에 즉시 반영합니다. 리콘실이 강력할수록 운영 절차가 중요해지고, 권한이 Git에 집중되므로 브랜치 보호와 승인 규칙이 필수입니다. 즉 GitOps는 자동화된 운영이지만 거버넌스 없이는 위험합니다.		O	TRUE	X	FALSE					devops	gitops	cicd	governance
Q737	클라우드 비용 태깅		DevOps / Cloud - 클라우드 서비스	64	OX	HARD	비용 태깅을 잘하면 팀/서비스별 비용을 분리해 추적하고 최적화하기 쉬워질 수 있다.	태깅은 비용을 어디서 쓰는지 보이게 만들어 FinOps의 기본이 됩니다. 면접에서는 비용 최적화 경험을 물을 때 실무적인 답이 됩니다. 실무에서는 owner, service, env, cost_center 같은 표준 태그를 강제하고, 태그 누락 리소스를 탐지/차단하는 정책을 둡니다. 또한 태그가 없으면 최적화 대상도 찾기 어려워져, 비용이 “공동 부담”으로 퍼져 개선이 늦어집니다. 다만 태그만 붙이고 운영하지 않으면 의미가 없으니, 대시보드와 리뷰 루틴이 필요합니다. 즉 비용 최적화는 가시성부터 시작합니다.		O	TRUE	X	FALSE					cloud	finops	tagging	devops
Q738	Reserved vs Spot		DevOps / Cloud - 클라우드 서비스	64	OX	HARD	스팟 인스턴스는 저렴하지만 회수될 수 있어, 중단 허용 워크로드에 적합하다.	스팟은 남는 용량을 싸게 쓰는 대신, 제공자가 회수할 수 있어 안정성이 낮습니다. 면접에서는 비용 절감 전략에서 “언제 스팟을 쓰나”로 자주 나옵니다. 실무에서는 배치 작업, 비동기 큐 소비자, 재시도 가능한 워크로드에 스팟을 쓰고, 핵심 트래픽은 온디맨드/예약으로 안정성을 확보합니다. 또한 혼합 정책(일부 스팟 + 일부 온디맨드)과 중단 대응(체크포인트, graceful shutdown)을 함께 설계합니다. 비용 절감은 곧 리스크 관리입니다. 즉 스팟은 싸지만 설계가 필요합니다.		O	TRUE	X	FALSE					cloud	cost	spot	devops
Q739	IaC Drift 감지 우선		DevOps / Cloud - IaC	65	OX	HARD	드리프트 대응은 무조건 자동 원복보다 먼저 감지와 알림을 안정적으로 만드는 것이 안전한 경우가 많다.	자동 원복은 강력하지만, 잘못된 판정이나 긴급 수동 대응을 방해할 수 있어 위험합니다. 면접에서는 GitOps/IaC 운영에서 안전한 도입 순서를 아는지 볼 수 있습니다. 실무에서는 먼저 드리프트를 감지하고 알림으로 가시성을 확보한 뒤, 원복은 위험도에 따라 선택적으로 자동화하는 경우가 많습니다. 또한 예외 프로세스(승인, 만료, 사후 반영)를 함께 두지 않으면 운영이 불편해집니다. 자동화는 단계적으로 도입해야 사고를 줄일 수 있습니다. 즉 “감지→통제→자동화” 순서가 현실적입니다.		O	TRUE	X	FALSE					devops	iac	drift	governance
Q740	Chaos Engineering 목적		DevOps / Cloud - 클라우드 서비스	64	OX	HARD	카오스 엔지니어링은 장애를 일부러 내는 것이 목적이 아니라, 시스템의 복원력을 검증하고 개선하는 것이 목적이다.	카오스 엔지니어링은 무작정 장애를 내는 게 아니라, 가설을 세우고 통제된 실험으로 약점을 찾아 개선하는 활동입니다. 면접에서는 운영 성숙도와 신뢰성 엔지니어링 이해도를 볼 때 나올 수 있습니다. 실무에서는 작은 범위에서 시작하고, 안전장치(중단 조건, 롤백, 영향 모니터링)를 두며, 실험 결과를 액션 아이템으로 연결해야 의미가 있습니다. 또한 실험이 팀 신뢰를 무너뜨리면 역효과가 나므로, 목적과 범위를 명확히 공유하는 문화가 중요합니다. 결국 카오스는 “학습을 위한 실험”입니다. 즉 목표는 혼란이 아니라 안정성 개선입니다.		O	TRUE	X	FALSE					devops	sre	chaos_engineering	reliability
Q741	리팩(Repack)		DevOps / Cloud - 버전 관리	61	OX	HARD	Git repack은 작업 트리 파일을 모두 삭제해 저장소 크기를 줄이는 기능이다.	repack은 객체를 packfile로 묶어 저장 효율을 높이는 내부 최적화 작업입니다. 면접에서는 Git 객체 모델과 GC 개념으로 확장될 수 있습니다. 실무에서는 대형 저장소에서 성능과 용량에 영향을 줄 수 있지만, 워킹 트리를 삭제하는 기능은 아닙니다. 저장소 최적화와 데이터 손실 개념을 혼동하면 위험합니다.		O	FALSE	X	TRUE					devops	git	internals	
Q742	얕은 클론(Shallow Clone)		DevOps / Cloud - 버전 관리	61	OX	HARD	얕은 클론은 전체 히스토리를 모두 내려받아도 반드시 shallow가 유지된다.	shallow clone은 깊이를 제한해 일부 히스토리만 가져옵니다. 면접에서는 CI에서 clone depth를 왜 줄이는지 질문이 나옵니다. 실무에서는 속도는 빨라지지만 특정 작업(전체 로그, 일부 merge 분석, 태그 탐색)이 제한될 수 있습니다. 전체 히스토리를 내려받으면 shallow가 아니게 됩니다.		O	FALSE	X	TRUE					devops	git	performance	
Q743	비트맵 인덱스(Bitmap Index)		DevOps / Cloud - 버전 관리	61	OX	HARD	Git 비트맵 인덱스는 네트워크 대역폭을 줄이기 위해 HTTP 압축만 설정하는 기능이다.	bitmap index는 객체 탐색 속도를 높여 clone fetch 성능에 영향을 주는 내부 구조입니다. 면접에서는 대형 레포 성능 튜닝으로 질문이 나올 수 있습니다. 실무에서는 서버 측 설정과 pack 최적화가 체감 성능을 좌우합니다. 단순 HTTP 압축 설정만을 의미하지 않습니다.		O	FALSE	X	TRUE					devops	git	performance	
Q744	리라이트 히스토리(History Rewrite)		DevOps / Cloud - 버전 관리	61	OX	HARD	공개된 브랜치의 히스토리를 리라이트해도 다운스트림 클론에는 아무 영향이 없다.	히스토리 리라이트는 커밋 해시가 바뀌기 때문에 다른 사용자의 로컬 히스토리와 충돌을 일으킵니다. 면접에서는 왜 공개 브랜치에서 리라이트를 피하는지 질문이 나옵니다. 실무에서는 비밀 유출 제거 같은 특수 상황에서만 수행하고, 강제 동기화 절차를 공지해야 합니다. 영향이 없다는 설명은 틀립니다.		O	FALSE	X	TRUE					devops	git	collaboration	
Q745	재현 가능한 빌드(Reproducible Build)		DevOps / Cloud - CI/CD	62	OX	HARD	재현 가능한 빌드는 같은 소스라도 빌드할 때마다 결과 해시가 달라지는 것을 목표로 한다.	재현 가능한 빌드는 같은 입력이면 같은 산출물이 나오도록 만드는 것입니다. 면접에서는 의존성 고정, 빌드 환경 고정, 타임스탬프 제거 같은 포인트를 묻습니다. 실무에서는 공급망 보안과 롤백, 감사 추적에 매우 중요합니다. 해시가 달라지는 것이 목표라는 설명은 틀립니다.		O	FALSE	X	TRUE					devops	cicd	supply_chain	
Q746	SBOM(SBOM)		DevOps / Cloud - CI/CD	62	OX	HARD	SBOM은 애플리케이션의 런타임 메모리 덤프를 의미하며 의존성 목록과 무관하다.	SBOM은 소프트웨어 구성 요소 목록으로, 어떤 라이브러리 버전이 포함됐는지 추적합니다. 면접에서는 공급망 보안 이슈(Log4Shell 같은 사건)와 연결될 수 있습니다. 실무에서는 이미지 스캔, 정책 차단, 감사 대응에 활용합니다. 메모리 덤프라는 설명은 틀립니다.		O	FALSE	X	TRUE					devops	security	sbom	
Q747	서명된 아티팩트(Artifact Signing)		DevOps / Cloud - CI/CD	62	OX	HARD	아티팩트 서명은 무결성 검증이 불가능하게 만들어 변조 탐지를 어렵게 한다.	서명은 배포 산출물이 빌드된 그대로인지 검증하는 장치입니다. 면접에서는 서명 검증을 배포 파이프라인 어디에 넣는지 묻습니다. 실무에서는 서명 키 보호와 검증 자동화가 핵심입니다. 무결성을 불가능하게 만든다는 설명은 반대입니다.		O	FALSE	X	TRUE					devops	security	supply_chain	
Q748	OIDC 기반 워크로드 신원(OIDC Workload Identity)		DevOps / Cloud - CI/CD	62	OX	HARD	OIDC 워크로드 신원은 장기 액세스 키를 더 많이 발급해 자동화를 강화하는 방식이다.	OIDC 기반 신원은 장기 키 대신 단기 토큰으로 권한을 얻어 키 유출 위험을 줄입니다. 면접에서는 CI에서 클라우드 자격 증명을 어떻게 안전하게 주입하는지 질문이 나옵니다. 실무에서는 깃허브 액션 같은 CI가 클라우드 역할을 가정하는 구조를 씁니다. 장기 키를 더 발급한다는 설명은 틀립니다.		O	FALSE	X	TRUE					devops	cicd	security	
Q749	카나리 배포(Canary Deployment)		DevOps / Cloud - CI/CD	62	OX	HARD	카나리 배포는 전체 트래픽을 한 번에 새 버전으로 전환하는 것이 핵심이다.	카나리는 일부 트래픽에만 새 버전을 노출해 위험을 줄입니다. 면접에서는 지표 기반 자동 롤백을 묻습니다. 실무에서는 관측성 메트릭과 임계치 설계가 중요합니다. 전체 트래픽을 한 번에 전환한다는 설명은 블루그린에 더 가깝습니다.		O	FALSE	X	TRUE					devops	cicd	deployment	
Q750	깃옵스(GitOps)		DevOps / Cloud - CI/CD	62	OX	HARD	GitOps는 운영 환경 변경을 Git에 기록하지 않고 콘솔에서만 수동으로 관리하는 방식이다.	GitOps는 선언된 원하는 상태를 Git에 두고, 컨트롤러가 클러스터를 그 상태로 맞춥니다. 면접에서는 pull 기반 배포와 drift 교정을 묻습니다. 실무에서는 PR 승인과 감사 로그로 운영 변경을 추적합니다. Git에 기록하지 않는다는 설명은 틀립니다.		O	FALSE	X	TRUE					devops	gitops	cicd	
Q751	컨테이너 런타임(Container Runtime)		DevOps / Cloud - 컨테이너	63	OX	HARD	컨테이너 런타임은 이미지 빌드만 담당하며 실행과 격리는 전혀 관여하지 않는다.	런타임은 컨테이너 실행, 격리, 네임스페이스/CGroups 적용에 관여합니다. 면접에서는 Docker Engine과 containerd 같은 구성 요소를 묻기도 합니다. 실무에서는 런타임 설정이 성능과 보안에 영향을 줍니다. 빌드만 담당한다는 설명은 틀립니다.		O	FALSE	X	TRUE					devops	container	runtime	
Q752	eBPF(eBPF)		DevOps / Cloud - 컨테이너	63	OX	HARD	eBPF는 커널과 무관한 유저 공간 라이브러리라 네트워크 관측에 쓸 수 없다.	eBPF는 커널에서 프로그램을 실행해 네트워크 관측, 보안, 트레이싱에 활용됩니다. 면접에서는 서비스 메시나 CNI에서 eBPF를 쓰는 이유를 물을 수 있습니다. 실무에서는 강력하지만 커널 호환성과 성능 검증이 필요합니다. 커널과 무관하다는 설명은 틀립니다.		O	FALSE	X	TRUE					devops	observability	ebpf	
Q753	CNI(CNI)		DevOps / Cloud - 컨테이너	63	OX	HARD	CNI는 쿠버네티스에서 스토리지 볼륨을 붙이는 인터페이스이며 네트워크와 무관하다.	CNI는 컨테이너 네트워킹을 구성하는 인터페이스입니다. 면접에서는 CNI 플러그인 종류와 네트워크 정책 지원 여부를 묻습니다. 실무에서는 클러스터 네트워크 설계가 서비스 안정성에 직결됩니다. 스토리지 인터페이스라는 설명은 CSI와 혼동한 것입니다.		O	FALSE	X	TRUE					devops	kubernetes	networking	
Q754	CSI(CSI)		DevOps / Cloud - 컨테이너	63	OX	HARD	CSI는 네트워크 라우팅 규칙을 정의하는 쿠버네티스 표준이다.	CSI는 스토리지 드라이버 연동 표준입니다. 면접에서는 동적 프로비저닝과 스토리지 클래스 질문이 나옵니다. 실무에서는 퍼시스턴트 볼륨과 스냅샷, 백업 전략을 함께 설계합니다. 네트워크 라우팅 규칙이라는 설명은 틀립니다.		O	FALSE	X	TRUE					devops	kubernetes	storage	
Q755	서비스 메시(Service Mesh)		DevOps / Cloud - 컨테이너	63	OX	HARD	서비스 메시는 애플리케이션 코드 변경 없이 트래픽 정책과 관측성을 제공할 수 없다.	서비스 메시는 사이드카/프록시로 트래픽 제어, mTLS, 관측성을 코드 변경 최소화로 제공할 수 있습니다. 면접에서는 메시 도입 비용과 장애 포인트를 묻습니다. 실무에서는 복잡도가 늘어 운영 역량이 필요합니다. 제공할 수 없다는 설명은 틀립니다.		O	FALSE	X	TRUE					devops	networking	service_mesh	
Q756	CAP 정리(CAP Theorem)		DevOps / Cloud - 클라우드 서비스	64	OX	HARD	CAP 정리는 분산 시스템에서 네트워크 분할이 발생해도 일관성과 가용성을 동시에 완벽히 보장할 수 있다고 말한다.	CAP는 분할 상황에서 일관성과 가용성 사이 트레이드오프가 있음을 말합니다. 면접에서는 CP AP 시스템 예시를 묻습니다. 실무에서는 요구사항에 맞춰 일관성 수준을 설계하고, 재시도 멱등성으로 사용자 경험을 보완합니다. 동시에 완벽 보장이라는 설명은 틀립니다.		O	FALSE	X	TRUE					cloud	distributed	consistency	
Q757	멱등성(Idempotency)		DevOps / Cloud - 클라우드 서비스	64	OX	HARD	멱등성이란 같은 요청을 여러 번 보내면 부작용이 누적되도록 설계하는 것을 의미한다.	멱등성은 같은 요청을 여러 번 해도 결과가 동일하도록 만드는 성질입니다. 면접에서는 결제 요청 중복 처리 같은 사례로 질문이 나옵니다. 실무에서는 재시도 로직과 결합되어 장애 시 데이터 정합성을 지킵니다. 부작용이 누적된다는 설명은 틀립니다.		O	FALSE	X	TRUE					cloud	reliability	api	
Q758	테라폼 상태 분리(State Isolation)		DevOps / Cloud - IaC	65	OX	HARD	테라폼 상태는 모든 환경을 하나의 state로 합치는 것이 가장 안전하며 권장된다.	환경별 상태 분리는 blast radius를 줄이고 권한 경계를 명확히 합니다. 면접에서는 워크스페이스와 별도 state의 차이를 묻습니다. 실무에서는 prod와 non-prod를 분리하고, 모듈 단위로도 분리해 적용 범위를 줄입니다. 하나로 합치는 것이 가장 안전하다는 설명은 틀립니다.		O	FALSE	X	TRUE					devops	iac	terraform	
Q759	테라폼 라이프사이클(Lifecycle)		DevOps / Cloud - IaC	65	OX	HARD	prevent_destroy는 리소스 삭제를 막기 위해 쓰지만 plan 단계에서는 절대 오류를 내지 않는다.	prevent_destroy는 삭제 변경이 감지되면 plan 또는 apply에서 실패하도록 막을 수 있습니다. 면접에서는 실수로 삭제를 막는 방법을 묻습니다. 실무에서는 보호가 필요하지만 영구적으로 막으면 변경이 어려워져 예외 절차가 필요합니다. plan에서 절대 오류가 없다는 설명은 틀립니다.		O	FALSE	X	TRUE					devops	iac	terraform	
Q760	정책 평가 시점(Plan vs Apply)		DevOps / Cloud - IaC	65	OX	HARD	IaC 정책 검증은 apply 이후에만 가능하고 PR 단계에서는 절대 할 수 없다.	정책은 PR 단계에서 plan 결과나 코드 자체를 기준으로 사전 검증이 가능합니다. 면접에서는 shift-left 보안과 연결해 질문이 나옵니다. 실무에서는 미리 차단해 사고를 줄이는 것이 핵심입니다. apply 이후에만 가능하다는 설명은 틀립니다.		O	FALSE	X	TRUE					devops	iac	policy	
Q761	푸시 디폴트(push default)		DevOps / Cloud - 버전 관리	61	OX	HARD	git push의 기본 동작은 어떤 설정에서도 항상 모든 로컬 브랜치를 원격에 자동으로 푸시한다.	push.default 설정과 사용 명령 형태에 따라 기본 푸시 대상이 달라집니다. 면접에서는 실수로 원치 않는 브랜치가 올라가는 상황을 어떻게 예방하는지 질문이 나올 수 있습니다. 실무에서는 upstream 설정과 보호 브랜치 규칙으로 사고를 줄입니다. 항상 모든 브랜치를 푸시한다는 설명은 틀립니다.		O	FALSE	X	TRUE					devops	git	workflow	
Q762	리베이스 인터랙티브(Interactive Rebase)		DevOps / Cloud - 버전 관리	61	OX	HARD	인터랙티브 리베이스는 커밋 메시지 수정이나 스쿼시를 지원하지 않고 오직 merge만 수행한다.	인터랙티브 리베이스는 커밋 순서 변경, 스쿼시, 메시지 수정, 드롭 등 히스토리 정리에 쓰입니다. 면접에서는 히스토리 정리 경험과 공개 브랜치에서의 주의점을 묻습니다. 실무에서는 PR 전 커밋을 정돈해 리뷰 품질을 높입니다. merge만 수행한다는 설명은 틀립니다.		O	FALSE	X	TRUE					devops	git	rebase	
Q763	블레임(Blame)		DevOps / Cloud - 버전 관리	61	OX	HARD	git blame은 파일의 마지막 수정자를 찾는 데 쓸 수 없고, 오직 브랜치 목록만 출력한다.	blame은 라인 단위로 어떤 커밋이 변경했는지 추적합니다. 면접에서는 버그 라인을 누가 언제 왜 바꿨는지 추적하는 방법으로 질문이 나옵니다. 실무에서는 단순히 사람 찾기가 아니라 변경 의도를 파악하는 데 활용해야 합니다. 브랜치 목록만 출력한다는 설명은 틀립니다.		O	FALSE	X	TRUE					devops	git	debugging	
Q764	빌드 캐시 오염(Cache Poisoning)		DevOps / Cloud - CI/CD	62	OX	HARD	CI 캐시 오염은 캐시를 쓰면 절대 발생하지 않으며 항상 안전하다는 뜻이다.	캐시 오염은 잘못된 캐시 키나 공유로 인해 오래되거나 다른 브랜치 산출물이 섞이는 문제입니다. 면접에서는 캐시 키를 어떻게 잡는지 질문이 나옵니다. 실무에서는 락 파일 해시, OS, 툴 버전 등을 키에 포함해 위험을 줄입니다. 절대 발생하지 않는다는 설명은 틀립니다.		O	FALSE	X	TRUE					devops	cicd	cache	
Q765	병렬 잡(Parallel Jobs)		DevOps / Cloud - CI/CD	62	OX	HARD	파이프라인 병렬화는 항상 실행 시간이 길어지고 비용도 줄어드는 효과만 있다.	병렬화는 실행 시간을 줄일 수 있지만, 리소스 사용량과 비용이 증가할 수도 있습니다. 면접에서는 병렬화와 테스트 샤딩 전략을 묻습니다. 실무에서는 병렬 수를 무작정 늘리면 큐 대기와 한도 제한으로 오히려 느려질 수 있어 튜닝이 필요합니다. 항상 길어진다는 설명은 틀립니다.		O	FALSE	X	TRUE					devops	cicd	performance	
Q766	테스팅 샤딩(Test Sharding)		DevOps / Cloud - CI/CD	62	OX	HARD	테스트 샤딩은 같은 테스트를 모든 샤드에서 전부 중복 실행해 시간을 단축하는 기법이다.	샤딩은 테스트를 분할해 서로 다른 워커에서 나눠 실행합니다. 면접에서는 flaky 테스트와 샤딩의 관계가 질문이 될 수 있습니다. 실무에서는 균등 분배와 데이터 격리, 시드 고정이 중요합니다. 전부 중복 실행한다는 설명은 틀립니다.		O	FALSE	X	TRUE					devops	cicd	testing	
Q767	롤백 불가 변경(Non Reversible Change)		DevOps / Cloud - CI/CD	62	OX	HARD	롤백 불가 변경은 존재하지 않으며 모든 배포는 항상 즉시 원복이 가능하다.	데이터 마이그레이션, 외부 연동, 메시지 스키마 변경 등은 원복이 어렵거나 불가능할 수 있습니다. 면접에서는 backward compatible 설계를 묻습니다. 실무에서는 단계적 전환과 더블 라이트, 기능 토글로 리스크를 줄입니다. 존재하지 않는다는 설명은 틀립니다.		O	FALSE	X	TRUE					devops	cicd	reliability	
Q768	사이드카 패턴(Sidecar Pattern)		DevOps / Cloud - 컨테이너	63	OX	HARD	사이드카 패턴은 파드에 컨테이너를 하나만 두는 것을 의미하며 보조 컨테이너는 금지한다.	사이드카는 본 컨테이너 옆에 보조 컨테이너를 붙여 로깅 프록시 등 기능을 제공합니다. 면접에서는 사이드카의 장단점과 운영 오버헤드를 묻습니다. 실무에서는 리소스 사용량 증가와 장애 전파를 고려해야 합니다. 하나만 둔다는 설명은 틀립니다.		O	FALSE	X	TRUE					devops	kubernetes	pattern	
Q769	파드 보안 정책 대체(PSA)		DevOps / Cloud - 컨테이너	63	OX	HARD	쿠버네티스 PSA는 파드 보안 규칙을 적용할 수 없고, 네임스페이스와 무관하게 동작한다.	PSA는 네임스페이스 단위로 보안 프로파일을 적용해 권한 상승, 루트 실행 등을 제어합니다. 면접에서는 정책 적용 범위와 예외 처리 질문이 나옵니다. 실무에서는 애플리케이션 호환성과 정책 강도를 균형 있게 조정합니다. 적용할 수 없다는 설명은 틀립니다.		O	FALSE	X	TRUE					devops	kubernetes	security	
Q770	토폴로지 스프레드(Topology Spread)		DevOps / Cloud - 컨테이너	63	OX	HARD	토폴로지 스프레드는 파드를 한 노드에 최대한 몰아 넣어 지연을 줄이는 기능이다.	토폴로지 스프레드는 노드 AZ 등으로 파드를 분산해 가용성을 높입니다. 면접에서는 anti-affinity와 비교 질문이 나옵니다. 실무에서는 분산이 과하면 비용이 늘 수 있어 제약 조건을 잘 설계합니다. 몰아넣는 기능이라는 설명은 틀립니다.		O	FALSE	X	TRUE					devops	kubernetes	scheduling	
Q771	IAM 조건(Policy Condition)		DevOps / Cloud - 클라우드 서비스	64	OX	HARD	IAM 정책 조건은 시간 IP 태그 같은 제약을 걸 수 없고 Allow Deny만 존재한다.	조건은 맥락 기반 접근 제어를 가능하게 합니다. 면접에서는 조건 키 예시와 최소 권한 설계를 묻습니다. 실무에서는 리소스 태그 기반 권한, MFA 요구, 소스 IP 제한 등으로 위험을 줄입니다. 제약을 못 건다는 설명은 틀립니다.		O	FALSE	X	TRUE					cloud	iam	security	
Q772	KMS 봉인(Envelope Encryption)		DevOps / Cloud - 클라우드 서비스	64	OX	HARD	엔벌로프 암호화는 데이터 키와 마스터 키를 같은 곳에 평문으로 저장하는 방식이다.	엔벌로프 암호화는 데이터는 데이터 키로 암호화하고, 데이터 키는 KMS 키로 다시 감싸 보호합니다. 면접에서는 왜 이렇게 2단으로 하는지 질문이 나옵니다. 실무에서는 키 접근 통제와 로깅이 중요하며, 키 정책이 잘못되면 데이터 접근이 불가능해질 수 있습니다. 평문 저장이라는 설명은 틀립니다.		O	FALSE	X	TRUE					cloud	security	kms	
Q773	요청 서명(Signature)		DevOps / Cloud - 클라우드 서비스	64	OX	HARD	API 요청 서명은 재전송 공격을 더 쉽게 만들어 보안을 낮추는 기법이다.	요청 서명은 무결성과 인증을 강화하고, 타임스탬프 논스 등을 통해 재전송 공격을 줄일 수 있습니다. 면접에서는 서명 방식과 만료 시간을 묻습니다. 실무에서는 시계 오차와 만료 정책을 조정해야 합니다. 보안을 낮춘다는 설명은 틀립니다.		O	FALSE	X	TRUE					cloud	security	api	
Q774	멀티 리전 쓰기(Active Active)		DevOps / Cloud - 클라우드 서비스	64	OX	HARD	액티브 액티브 멀티 리전은 데이터 충돌과 지연 문제가 없어서 설계가 단순하다.	액티브 액티브는 충돌 해결, 일관성, 지연, 비용 등 복잡성이 큽니다. 면접에서는 충돌 해결 전략과 트래픽 라우팅을 묻습니다. 실무에서는 요구사항이 명확할 때만 적용하고, 종종 액티브 패시브를 선택합니다. 단순하다는 설명은 틀립니다.		O	FALSE	X	TRUE					cloud	distributed	dr	
Q775	원격 상태 민감 정보(State Secrets)		DevOps / Cloud - IaC	65	OX	HARD	IaC 상태 파일에는 민감 정보가 절대 들어가지 않으므로 암호화나 접근 제어가 필요 없다.	상태 파일에는 출력값, 리소스 속성, 때로는 비밀 값이 포함될 수 있습니다. 면접에서는 상태 파일 보안 대책을 묻습니다. 실무에서는 암호화, 최소 권한, 별도 백엔드, 비밀 분리 패턴을 적용합니다. 절대 안 들어간다는 설명은 틀립니다.		O	FALSE	X	TRUE					devops	iac	security	
Q776	프로바이더 락(Provider Lock)		DevOps / Cloud - IaC	65	OX	HARD	프로바이더 버전 고정은 의존성 충돌을 늘리므로 절대 하지 않는 것이 좋다.	프로바이더 버전 고정은 재현성을 높이고 예기치 않은 변경을 막습니다. 면접에서는 락 파일의 의미를 묻습니다. 실무에서는 업그레이드를 계획적으로 수행하고, 변경 로그를 검토합니다. 절대 하지 않는 것이 좋다는 설명은 틀립니다.		O	FALSE	X	TRUE					devops	iac	terraform	
Q777	부분 실패(Partial Failure)		DevOps / Cloud - IaC	65	OX	HARD	IaC apply가 부분 실패해도 상태는 항상 완벽히 실제와 일치하므로 추가 조치가 필요 없다.	부분 실패 시 일부 리소스만 생성되고 상태와 실제가 어긋날 수 있습니다. 면접에서는 실패 후 복구 절차를 묻습니다. 실무에서는 refresh plan 재시도 수동 정리 등으로 일관성을 회복합니다. 추가 조치 불필요라는 설명은 틀립니다.		O	FALSE	X	TRUE					devops	iac	reliability	
Q778	드리프트 탐지(Drift Detection)		DevOps / Cloud - IaC	65	OX	HARD	드리프트 탐지는 콘솔 수동 변경을 장려하기 위해 코드와 실제 차이를 무시하는 기능이다.	드리프트 탐지는 코드와 실제의 불일치를 찾아 경고하거나 교정합니다. 면접에서는 drift가 왜 생기는지 질문이 나옵니다. 실무에서는 변경 통제와 감사로 수동 변경을 줄이는 것이 중요합니다. 무시하는 기능이라는 설명은 틀립니다.		O	FALSE	X	TRUE					devops	iac	drift	
Q779	정책 예외(Policy Exception)		DevOps / Cloud - IaC	65	OX	HARD	정책 예외는 감사 추적이 필요 없으므로 구두로만 처리하는 것이 표준이다.	정책 예외는 리스크가 크므로 기록, 만료, 승인 체계가 필요합니다. 면접에서는 예외 처리 흐름을 설계해봤는지 질문이 나옵니다. 실무에서는 티켓과 PR로 추적하고, 만료되면 자동으로 원복되게 만드는 것이 좋습니다. 구두 처리 표준이라는 설명은 틀립니다.		O	FALSE	X	TRUE					devops	iac	governance	
Q780	테라폼 임포트(Import)		DevOps / Cloud - IaC	65	OX	HARD	테라폼 import는 기존 리소스를 상태에 연결하지 못하고 새로만 생성하는 명령이다.	import는 이미 존재하는 리소스를 상태에 연결해 IaC로 관리할 수 있게 합니다. 면접에서는 import 이후 코드 정합성을 어떻게 맞추는지 질문이 나옵니다. 실무에서는 import 후 drift를 줄이기 위해 실제 설정을 코드로 맞추는 작업이 필수입니다. 새로만 생성한다는 설명은 틀립니다.		O	FALSE	X	TRUE					devops	iac	terraform	
Q781	대체 참조(Alternate)		DevOps / Cloud - 버전 관리	61	OX	HARD	Git alternate는 두 저장소가 객체를 공유하게 해 디스크를 줄일 수 없고, 오히려 반드시 복제만 늘린다.	alternate는 객체 데이터베이스를 공유해 디스크 사용과 clone 비용을 줄일 수 있는 내부 기능입니다. 면접에서는 대형 레포 성능이나 Git 내부 구조로 확장될 수 있습니다. 실무에서는 일반 사용자에게 드러나진 않지만, 서버 운영이나 캐시 설계에서 중요한 개념이 될 수 있습니다. 반드시 복제만 늘린다는 설명은 틀립니다.		O	FALSE	X	TRUE					devops	git	internals	
Q782	프로토콜 v2(Protocol v2)		DevOps / Cloud - 버전 관리	61	OX	HARD	Git protocol v2는 fetch 협상을 느리게 만들어 성능을 악화시키는 용도로만 존재한다.	protocol v2는 협상과 전송 효율을 개선해 성능을 높이기 위한 발전입니다. 면접에서는 왜 대형 레포에서 fetch가 느린지와 개선 방법이 나올 수 있습니다. 실무에서는 서버 설정과 클라이언트 버전 호환이 함께 중요합니다. 성능 악화 용도만 있다는 설명은 틀립니다.		O	FALSE	X	TRUE					devops	git	performance	
Q783	부분 클론(Partial Clone)		DevOps / Cloud - 버전 관리	61	OX	HARD	부분 클론은 저장소의 오브젝트를 전부 내려받아야만 동작하므로 네트워크 최적화와 무관하다.	partial clone은 필요한 객체만 지연 로딩해 대형 저장소에서 네트워크와 디스크 사용을 줄입니다. 면접에서는 promisor remote와 blob 필터 같은 키워드로 이어질 수 있습니다. 실무에서는 일부 도구 호환성 이슈가 있어 검증이 필요합니다. 전부 내려받아야만 동작한다는 설명은 틀립니다.		O	FALSE	X	TRUE					devops	git	performance	
Q784	비스포크 훅(Hooks)		DevOps / Cloud - 버전 관리	61	OX	HARD	Git 훅은 원격 저장소에도 자동으로 전파되므로 팀원이 clone만 하면 훅이 그대로 적용된다.	Git 훅은 기본적으로 로컬에만 존재하며 원격으로 자동 전파되지 않습니다. 면접에서는 훅을 팀에 배포하는 방법을 묻기도 합니다. 실무에서는 템플릿 디렉터리, 툴링, CI 규칙으로 강제하는 전략을 씁니다. clone만 하면 자동 적용된다는 설명은 틀립니다.		O	FALSE	X	TRUE					devops	git	governance	
Q785	원격 참조 정리(Prune)		DevOps / Cloud - 버전 관리	61	OX	HARD	원격 브랜치 prune은 로컬 작업 트리 파일을 삭제해 소스 코드를 지워버리는 위험한 명령이다.	prune은 더 이상 존재하지 않는 원격 참조를 정리하는 기능입니다. 면접에서는 remote-tracking branch가 무엇인지 질문이 나올 수 있습니다. 실무에서는 레포 정리에는 유용하지만, 로컬 브랜치 삭제와 혼동하지 않아야 합니다. 작업 트리 파일을 지운다는 설명은 틀립니다.		O	FALSE	X	TRUE					devops	git	cleanup	
Q786	증명 기반 빌드(Attestation)		DevOps / Cloud - CI/CD	62	OX	HARD	빌드 어테스테이션은 누가 어떤 환경에서 빌드했는지 증명하는 것이 아니라, 단순히 로그를 숨기는 기법이다.	attestation은 빌드 출처, 환경, 단계 정보를 서명된 형태로 남겨 공급망 보안에 쓰입니다. 면접에서는 provenance와 SBOM을 함께 묻기도 합니다. 실무에서는 정책 엔진이 어테스테이션을 검증해 신뢰되지 않은 빌드를 차단할 수 있습니다. 로그를 숨기는 기법이라는 설명은 틀립니다.		O	FALSE	X	TRUE					devops	security	supply_chain	
Q787	SLSA(SLSA)		DevOps / Cloud - CI/CD	62	OX	HARD	SLSA는 빌드 공급망 보안 성숙도를 정의하는 모델이 아니라, 컨테이너 네트워크 표준이다.	SLSA는 공급망 보안 강화를 위한 수준 모델로, 빌드 무결성과 출처 추적을 체계화합니다. 면접에서는 왜 필요한지와 레벨 개념을 묻습니다. 실무에서는 재현 가능 빌드, 서명, 최소 권한 CI 등이 연결됩니다. 네트워크 표준이라는 설명은 틀립니다.		O	FALSE	X	TRUE					devops	security	slsa	
Q788	비밀 스캐닝(Secret Scanning)		DevOps / Cloud - CI/CD	62	OX	HARD	비밀 스캐닝은 리포지토리에 비밀이 커밋되면 자동으로 더 퍼뜨리기 위해 수행한다.	secret scanning은 토큰 키 등이 커밋되는 것을 탐지하고 경고하거나 차단합니다. 면접에서는 유출 대응 절차를 묻습니다. 실무에서는 탐지 후 즉시 키 폐기, 로테이션, 히스토리 정리까지 필요할 수 있습니다. 퍼뜨리기 위해 수행한다는 설명은 틀립니다.		O	FALSE	X	TRUE					devops	security	cicd	
Q789	OPA 정책 엔진(OPA)		DevOps / Cloud - CI/CD	62	OX	HARD	OPA는 정책을 코드로 검증할 수 없고, 오직 수동 체크리스트만 관리한다.	OPA는 정책을 선언적으로 작성하고 자동 평가할 수 있는 엔진입니다. 면접에서는 정책을 어디에 적용할지 질문이 나옵니다. 실무에서는 CI에서 IaC 검증, K8s admission control 등으로 사용합니다. 수동 체크리스트만 관리한다는 설명은 틀립니다.		O	FALSE	X	TRUE					devops	policy	security	
Q790	프로그레시브 딜리버리(Progressive Delivery)		DevOps / Cloud - CI/CD	62	OX	HARD	프로그레시브 딜리버리는 관측 지표와 무관하게 항상 전면 배포만 하는 방식이다.	progressive delivery는 지표 기반으로 점진 배포하고 자동 롤백까지 연결합니다. 면접에서는 카나리 자동화, 에러 버짓과의 관계를 묻습니다. 실무에서는 관측성이 부족하면 적용이 어렵고, 지표 설계가 핵심입니다. 전면 배포만 한다는 설명은 틀립니다.		O	FALSE	X	TRUE					devops	cicd	rollout	
Q791	웹훅(Webhook)		DevOps / Cloud - CI/CD	62	OX	HARD	웹훅은 이벤트 기반 트리거가 불가능하며, 일정 시간마다만 폴링해야 한다.	웹훅은 이벤트가 발생하면 외부 시스템으로 호출을 보내 트리거합니다. 면접에서는 서명 검증과 재시도 처리 질문이 나올 수 있습니다. 실무에서는 중복 이벤트와 재전송 대비로 멱등 처리와 검증이 중요합니다. 폴링만 해야 한다는 설명은 틀립니다.		O	FALSE	X	TRUE					devops	cicd	integration	
Q792	루트리스 컨테이너(Rootless)		DevOps / Cloud - 컨테이너	63	OX	HARD	루트리스 컨테이너는 보안을 약화시키기 위해 root 권한을 필수로 요구한다.	rootless는 root 없이 실행해 권한 상승 위험을 줄입니다. 면접에서는 루트리스의 제약과 장점을 묻습니다. 실무에서는 파일 시스템 권한, 네트워크 제약, 성능 이슈를 검토해야 합니다. root 권한을 필수로 요구한다는 설명은 틀립니다.		O	FALSE	X	TRUE					devops	container	security	
Q793	사용자 네임스페이스(User Namespace)		DevOps / Cloud - 컨테이너	63	OX	HARD	사용자 네임스페이스는 컨테이너 내부 UID를 호스트 UID에 매핑할 수 없게 만들어 격리에 도움이 되지 않는다.	user namespace는 컨테이너 내부 사용자와 호스트 사용자 매핑을 통해 권한을 줄이는 격리 기법입니다. 면접에서는 root 매핑과 보안 효과를 묻습니다. 실무에서는 호환성 이슈가 있을 수 있어 테스트가 필요합니다. 매핑이 불가능하다는 설명은 틀립니다.		O	FALSE	X	TRUE					devops	container	security	
Q794	Admission Control(Admission Control)		DevOps / Cloud - 컨테이너	63	OX	HARD	쿠버네티스 어드미션 컨트롤은 리소스 생성 요청을 검증하거나 거부할 수 없고, 단지 로그만 남긴다.	admission control은 정책에 따라 리소스 생성 변경을 승인 또는 거부할 수 있습니다. 면접에서는 validating mutating webhook을 묻습니다. 실무에서는 보안 정책 강제와 표준화에 핵심이며, 장애 시 클러스터 동작에 영향이 있어 고가용 구성이 필요합니다. 거부할 수 없다는 설명은 틀립니다.		O	FALSE	X	TRUE					devops	kubernetes	policy	
Q795	HPA(HPA)		DevOps / Cloud - 컨테이너	63	OX	HARD	HPA는 CPU 메모리 같은 메트릭과 무관하며 파드 수를 자동으로 조절할 수 없다.	HPA는 메트릭을 기준으로 레플리카 수를 자동 조절합니다. 면접에서는 메트릭 서버와 커스텀 메트릭을 묻습니다. 실무에서는 스파이크 대응에 유리하지만, 스케일링 지연과 워밍업을 고려해야 합니다. 자동 조절 불가라는 설명은 틀립니다.		O	FALSE	X	TRUE					devops	kubernetes	autoscaling	
Q796	인프라 드리프트(IaC Drift)		DevOps / Cloud - IaC	65	OX	HARD	IaC 드리프트는 코드와 실제가 항상 일치하는 상태이므로 탐지 도구가 필요 없다.	드리프트는 불일치 상태를 의미하며, 수동 변경이나 외부 시스템 변경으로 흔히 발생합니다. 면접에서는 drift를 어떻게 방지하는지 질문이 나옵니다. 실무에서는 탐지와 변경 통제가 핵심이고, 자동 교정은 신중해야 합니다. 일치하는 상태라는 설명은 틀립니다.		O	FALSE	X	TRUE					devops	iac	drift	
Q797	의존성 그래프(Dependency Graph)		DevOps / Cloud - IaC	65	OX	HARD	IaC 의존성 그래프는 리소스 생성 순서를 계산하지 못하므로 항상 수동으로 순서를 지정해야 한다.	IaC 도구는 의존성 그래프를 기반으로 생성 변경 순서를 계산합니다. 면접에서는 depends_on 같은 명시 의존성을 언제 쓰는지 묻습니다. 실무에서는 암묵 의존성이 깨질 때만 최소한으로 명시하는 것이 좋습니다. 항상 수동 지정이라는 설명은 틀립니다.		O	FALSE	X	TRUE					devops	iac	terraform	
Q798	테라폼 플러그인 아키텍처(Plugin)		DevOps / Cloud - IaC	65	OX	HARD	테라폼 프로바이더는 코어에 내장되어 있어 버전 업그레이드나 교체가 불가능하다.	프로바이더는 플러그인으로 배포되며 버전 제약과 업그레이드가 가능합니다. 면접에서는 provider lock과 버전 제약을 묻습니다. 실무에서는 업그레이드 시 breaking change가 있을 수 있어 plan 비교와 단계적 적용이 필요합니다. 교체 불가능하다는 설명은 틀립니다.		O	FALSE	X	TRUE					devops	iac	terraform	
Q799	상태 이동(State Move)		DevOps / Cloud - IaC	65	OX	HARD	상태 이동은 리소스 주소를 바꿔도 IaC 도구가 자동으로 항상 추적하므로 절대 필요 없다.	리소스 주소 변경이나 모듈 구조 변경 시 상태 이동이 필요할 수 있습니다. 면접에서는 리팩토링 시 리소스 재생성을 어떻게 피하는지 묻습니다. 실무에서는 상태 이동을 잘못하면 리소스를 삭제 재생성할 수 있어 매우 조심해야 합니다. 절대 필요 없다는 설명은 틀립니다.		O	FALSE	X	TRUE					devops	iac	state	
Q800	교차 계정 접근(Cross Account Access)		DevOps / Cloud - 클라우드 서비스	64	OX	HARD	교차 계정 접근은 신뢰 정책 없이도 자동으로 가능하며, 권한 경계 설정이 필요 없다.	교차 계정 접근은 신뢰 관계와 권한 정책 설계가 필요합니다. 면접에서는 assume role과 신뢰 정책을 묻습니다. 실무에서는 권한 경계와 조건을 걸어 최소 권한을 지키고, 감사 로그로 추적합니다. 자동으로 가능하고 경계가 필요 없다는 설명은 틀립니다.		O	FALSE	X	TRUE					cloud	iam	security	
Q801	Git(깃)		DevOps / Cloud - 버전 관리	61	INITIALS	EASY	소스 코드 변경 이력을 관리하고 협업을 돕는 대표적인 분산 버전 관리 도구는 무엇인가?	Git은 분산 버전 관리 시스템으로, 커밋 단위로 변경 이력을 남기고 브랜치와 머지로 협업 흐름을 구성합니다. 면접에서는 Git과 GitHub 차이, 브랜치 전략, 충돌 해결 경험을 자주 확인합니다. 실무에서는 커밋 메시지 규칙과 브랜치 보호, PR 리뷰를 통해 품질을 유지합니다. 또한 rebase나 squash 같은 히스토리 관리 전략은 팀 규칙에 맞춰 써야 합니다. Git은 DevOps 파이프라인의 출발점이라 기본 명령과 개념을 탄탄히 익히는 것이 중요합니다.	깃									devops	git	version_control	
Q802	커밋(Commit)		DevOps / Cloud - 버전 관리	61	INITIALS	EASY	변경 내용을 스냅샷으로 기록하는 Git의 기본 단위는 무엇인가?	커밋은 특정 시점의 변경을 기록한 스냅샷이며, 작성자와 시간과 메시지와 함께 해시로 식별됩니다. 면접에서는 좋은 커밋 단위와 커밋 메시지 규칙을 자주 묻습니다. 실무에서는 기능 단위로 커밋을 나누면 리뷰와 롤백이 쉬워집니다. 반대로 너무 큰 커밋은 원인 추적이 어려워 장애 대응이 느려질 수 있습니다. 커밋은 협업의 기록이므로 왜 바꿨는지가 드러나도록 남기는 습관이 중요합니다.	커밋									devops	git	commit	
Q803	브랜치(Branch)		DevOps / Cloud - 버전 관리	61	INITIALS	EASY	기능 개발이나 실험을 위해 코드 흐름을 분기해서 작업하는 것을 무엇이라고 하는가?	브랜치는 독립적인 작업 흐름을 만들어 병렬 개발을 가능하게 합니다. 면접에서는 브랜치 전략과 PR 기반 협업을 물을 수 있습니다. 실무에서는 기능 브랜치는 짧게 유지하고, 자주 main과 동기화해 충돌을 줄이는 것이 좋습니다. 브랜치 이름을 기능이나 이슈 기반으로 표준화하면 추적이 쉬워집니다. 브랜치는 협업 속도와 품질에 직접 영향을 주는 기본 개념입니다.	브랜치									devops	git	branch	
Q804	풀 리퀘스트(Pull Request)		DevOps / Cloud - 버전 관리	61	INITIALS	EASY	변경 사항을 리뷰 받고 메인 브랜치에 합치기 위해 요청하는 절차를 무엇이라고 하는가?	PR은 코드 리뷰와 품질 관리를 위한 협업 단위입니다. 면접에서는 PR 리뷰 문화, 승인 조건, 충돌 해결 경험을 자주 확인합니다. 실무에서는 자동 테스트 통과를 머지 조건으로 두어 안정성을 높입니다. PR이 너무 크면 리뷰가 어려워지므로 작은 단위로 쪼개는 습관이 중요합니다. PR은 단순 기능이 아니라 팀의 개발 프로세스를 담는 핵심 도구입니다.	풀리퀘스트									devops	git	pr	
Q805	CI(지속적 통합)		DevOps / Cloud - CI/CD	62	INITIALS	EASY	코드 변경이 생기면 자동으로 빌드와 테스트를 수행해 문제를 조기에 발견하는 방식은 무엇인가?	CI는 작은 변경을 자주 통합하고 자동 빌드와 테스트로 품질을 유지하는 방식입니다. 면접에서는 CI와 CD 차이, 파이프라인 구성 요소, 실패 시 대응 전략을 물어봅니다. 실무에서는 PR마다 테스트를 돌려 main이 깨지는 것을 막고, 빠른 피드백으로 개발 속도를 높입니다. 다만 테스트가 느리면 병목이 되므로 테스트 분류와 캐시 전략이 필요합니다. CI는 DevOps 문화의 기본이라 팀 생산성에 큰 영향을 줍니다.	지속적통합									devops	cicd	ci	
Q806	CD(지속적 배포)		DevOps / Cloud - CI/CD	62	INITIALS	EASY	빌드와 테스트를 통과한 결과를 배포 단계까지 자동으로 이어지게 하는 접근은 무엇인가?	CD는 검증된 변경을 자동으로 배포 단계까지 이어 운영 반영 시간을 줄입니다. 면접에서는 Continuous Delivery와 Continuous Deployment의 차이를 물을 수 있습니다. 실무에서는 승인 게이트, 점진 배포, 롤백 전략과 함께 설계해 안전하게 운영합니다. 배포 자동화가 잘 되면 릴리즈가 이벤트가 아니라 일상이 됩니다. CD는 속도와 안정성을 동시에 다루는 개념이라 관측과 정책 설계가 중요합니다.	지속적배포									devops	cicd	cd	
Q807	파이프라인(Pipeline)		DevOps / Cloud - CI/CD	62	INITIALS	EASY	빌드 테스트 배포 같은 단계를 자동화된 흐름으로 연결한 것을 무엇이라고 하는가?	파이프라인은 작업 단계를 순서대로 실행해 자동화된 전달 흐름을 만듭니다. 면접에서는 단계 분리와 실패 시 롤백과 알림 설계를 물을 수 있습니다. 실무에서는 캐시, 아티팩트 보관, 환경별 변수 분리로 재현성과 속도를 함께 챙깁니다. 파이프라인이 신뢰를 얻으면 배포 빈도가 올라가고 변경 리드타임이 줄어듭니다. 파이프라인은 DevOps 자동화의 레일 같은 역할을 합니다.	파이프라인									devops	cicd	pipeline	
Q808	컨테이너(Container)		DevOps / Cloud - 컨테이너	63	INITIALS	EASY	애플리케이션과 실행 환경을 함께 패키징해 어디서든 동일하게 실행되게 하는 기술은 무엇인가?	컨테이너는 실행 환경을 포함해 이식성을 높이고 배포를 단순화합니다. 면접에서는 VM과의 차이, 이미지와 컨테이너의 차이, 격리 개념을 자주 묻습니다. 실무에서는 컨테이너 표준화로 개발 운영 환경 차이를 줄이고, 쿠버네티스로 확장과 복구를 자동화합니다. 다만 커널 공유로 보안 이슈가 있을 수 있어 최소 권한과 이미지 하드닝이 필요합니다. 컨테이너는 클라우드 네이티브의 기본 단위입니다.	컨테이너									devops	container	docker	
Q809	도커(Docker)		DevOps / Cloud - 컨테이너	63	INITIALS	EASY	컨테이너 이미지를 만들고 실행하는 대표 도구는 무엇인가?	도커는 이미지 빌드와 컨테이너 실행을 쉽게 해 컨테이너 대중화를 이끈 도구입니다. 면접에서는 Dockerfile 레이어 캐시, 이미지 태그, 볼륨과 네트워크 기본을 묻습니다. 실무에서는 멀티스테이지 빌드로 이미지 크기를 줄이고, 최신 태그 대신 버전이나 해시를 써 재현성을 높입니다. 또한 dockerignore로 빌드 컨텍스트를 관리해 속도와 보안을 개선합니다. 도커는 컨테이너 생태계의 입문 도구로 필수입니다.	도커									devops	container	docker	
Q810	쿠버네티스(Kubernetes)		DevOps / Cloud - 컨테이너	63	INITIALS	EASY	여러 컨테이너를 배포 확장 복구까지 자동으로 관리하는 오케스트레이션 플랫폼은 무엇인가?	쿠버네티스는 컨테이너 배포와 스케일링, 셀프힐링을 제공하는 대표 오케스트레이터입니다. 면접에서는 파드, 디플로이먼트, 서비스 개념과 롤링 업데이트 원리를 자주 묻습니다. 실무에서는 readiness와 liveness, 리소스 requests와 limits, HPA 등을 제대로 설정해야 안정적으로 운영할 수 있습니다. 설정이 복잡해 장애 원인이 되기도 하므로 관측과 운영 규칙이 중요합니다. 쿠버네티스는 DevOps와 클라우드 운영에서 핵심 기술 중 하나입니다.	쿠버네티스									devops	kubernetes	container	
Q811	클라우드(Cloud)		DevOps / Cloud - 클라우드 서비스	64	INITIALS	EASY	서버 스토리지 같은 IT 자원을 필요할 때 빌려 쓰고 사용량 기반으로 비용을 지불하는 방식은 무엇인가?	클라우드는 필요할 때 자원을 빠르게 프로비저닝하고 확장할 수 있는 컴퓨팅 모델입니다. 면접에서는 온프레미스 대비 장단점, 확장성, 비용 구조를 자주 묻습니다. 실무에서는 자동 확장과 관리형 서비스로 운영 부담을 줄일 수 있지만, 트래픽 송신 비용이나 설정 실수로 비용과 보안 문제가 생길 수 있습니다. 또한 공유 책임 모델로 고객이 책임질 영역을 이해해야 합니다. 클라우드는 DevOps 자동화와 결합될 때 효과가 극대화됩니다.	클라우드									cloud	devops	cloud_basics	
Q812	가상 머신(VM)		DevOps / Cloud - 클라우드 서비스	64	INITIALS	EASY	물리 서버 위에 가상화로 운영체제까지 분리해 실행하는 단위를 무엇이라고 하는가?	VM은 하이퍼바이저 위에서 OS 단위로 격리된 실행 환경을 제공합니다. 면접에서는 VM과 컨테이너 차이, 격리 수준, 부팅 시간, 오버헤드를 자주 묻습니다. 실무에서는 레거시 워크로드나 강한 격리가 필요한 경우 VM이 유리할 수 있습니다. 다만 OS 운영 비용이 있고, 이미지 관리와 패치가 필요해 운영 부담이 늘 수 있습니다. 클라우드에서는 VM이 기본 컴퓨트 단위로 많이 쓰이므로 네트워크와 스토리지와 함께 이해해야 합니다.	가상머신									cloud	vm	compute	
Q813	오토 스케일링(Auto Scaling)		DevOps / Cloud - 클라우드 서비스	64	INITIALS	EASY	트래픽이나 부하에 따라 서버 개수를 자동으로 늘리거나 줄이는 기능은 무엇인가?	오토 스케일링은 트래픽 변동에 대응해 가용성과 비용 효율을 함께 노립니다. 면접에서는 스케일 업과 스케일 아웃 차이, 지표 기반 정책을 물을 수 있습니다. 실무에서는 급격한 스파이크에 대비해 쿨다운, 최소 최대 인스턴스, 예열 전략을 설정합니다. 잘못 튜닝하면 스케일링이 늦어 장애가 나거나 과도하게 늘어 비용이 폭증할 수 있습니다. 따라서 관측 데이터를 기반으로 정책을 계속 개선하는 것이 중요합니다.	오토스케일링									cloud	scaling	devops	
Q814	로드 밸런서(Load Balancer)		DevOps / Cloud - 클라우드 서비스	64	INITIALS	EASY	여러 서버로 트래픽을 분산해 한 서버에 부하가 몰리지 않게 하는 장치는 무엇인가?	로드 밸런서는 트래픽을 분산해 성능과 가용성을 높입니다. 면접에서는 L4 L7 차이, 헬스체크 의미, 세션 고정 같은 질문이 나옵니다. 실무에서는 헬스체크 경로를 올바르게 잡지 않으면 정상 서버가 제외되거나 장애 서버가 포함될 수 있어 주의해야 합니다. 또한 TLS 종료 지점과 헤더 전달 설정도 문제를 만들 수 있습니다. 로드 밸런서는 클라우드 아키텍처의 기본 구성 요소입니다.	로드밸런서									cloud	networking	load_balancer	
Q815	IaC(인프라 as 코드)		DevOps / Cloud - IaC	65	INITIALS	EASY	인프라 설정을 코드로 관리해 버전 관리와 재현성을 높이는 접근은 무엇인가?	IaC는 서버와 네트워크와 권한 같은 인프라를 코드로 선언해 변경 이력과 리뷰를 가능하게 합니다. 면접에서는 IaC가 왜 필요한지, 수동 콘솔 변경의 문제를 자주 묻습니다. 실무에서는 plan 리뷰, 승인 후 apply, 상태 관리가 중요하며, apply 실행 경로를 통제해야 안전합니다. 또한 모듈화와 버전 고정으로 재사용성과 안정성을 함께 챙깁니다. IaC는 DevOps 자동화의 핵심 기반입니다.	인프라코드화									devops	iac	terraform	
Q816	테라폼(Terraform)		DevOps / Cloud - IaC	65	INITIALS	EASY	다양한 클라우드 리소스를 코드로 생성 변경하는 대표 IaC 도구는 무엇인가?	Terraform은 선언형 IaC 도구로 provider를 통해 클라우드 API를 제어합니다. 면접에서는 plan apply 흐름, state 의미, 모듈 개념을 자주 묻습니다. 실무에서는 원격 state와 lock으로 동시 변경을 막고, provider와 모듈 버전을 고정해 재현성을 확보합니다. 또한 리팩터링 시 state mv import 같은 절차를 이해해야 운영 사고를 줄일 수 있습니다. Terraform은 IaC 생태계에서 가장 널리 쓰이는 도구 중 하나입니다.	테라폼									devops	iac	terraform	
Q817	모니터링(Monitoring)		DevOps / Cloud - 클라우드 서비스	64	INITIALS	EASY	시스템 상태를 지표로 수집하고 이상 징후를 감지하는 활동을 무엇이라고 하는가?	모니터링은 CPU, 메모리, 지연, 에러율 같은 지표를 수집해 시스템 상태를 파악합니다. 면접에서는 어떤 지표를 봐야 하는지, 알림 설계를 어떻게 하는지 묻습니다. 실무에서는 임계치 알림만으로는 사용자 영향을 놓칠 수 있어 SLO 기반 알림과 함께 설계합니다. 또한 모니터링 데이터는 비용이 들기 때문에 카디널리티 관리가 중요합니다. 모니터링은 장애 대응 속도와 직결되는 DevOps 핵심 역량입니다.	모니터링									devops	monitoring	cloud	
Q818	로그(Logging)		DevOps / Cloud - 클라우드 서비스	64	INITIALS	EASY	장애 분석을 위해 이벤트와 상태를 기록으로 남기는 것을 무엇이라고 하는가?	로그는 요청, 에러, 상태 변화를 기록해 원인 분석에 사용합니다. 면접에서는 로그 레벨, 구조화 로그, 상관관계 ID 같은 질문이 나올 수 있습니다. 실무에서는 개인정보와 시크릿이 로그에 찍히지 않게 주의하고, 중앙 수집으로 검색성과 보관성을 확보합니다. 로그가 너무 많으면 비용과 노이즈가 커지므로, 핵심 이벤트 중심으로 설계해야 합니다. 로그는 관측의 기본 축 중 하나입니다.	로그									devops	logging	observability	
Q819	롤백(Rollback)		DevOps / Cloud - CI/CD	62	INITIALS	EASY	배포 후 문제가 생겼을 때 이전 버전으로 되돌리는 것을 무엇이라고 하는가?	롤백은 장애 확산을 막기 위한 대표 대응 전략입니다. 면접에서는 롤백이 쉬운 배포 방식과 어려운 상황을 구분할 수 있는지 봅니다. 실무에서는 아티팩트 버전 관리와 배포 히스토리가 있어야 빠른 롤백이 가능합니다. 또한 자동 롤백 기준을 잘못 잡으면 오탐으로 배포가 불안정해질 수 있어 관측과 함께 튜닝합니다. 롤백은 배포 전략 설계의 필수 요소입니다.	롤백									devops	deployment	rollback	
Q820	환경 변수(Environment Variable)		DevOps / Cloud - 클라우드 서비스	64	INITIALS	EASY	코드 변경 없이 실행 환경에 따라 설정 값을 주입하기 위해 자주 쓰는 방법은 무엇인가?	환경 변수는 배포 환경별 설정 값을 코드와 분리해 주입하는 대표 방식입니다. 면접에서는 설정 분리 원칙을 질문할 수 있습니다. 실무에서는 시크릿을 환경 변수로 넣을 때 노출 위험을 주의해야 하며, 시크릿 매니저나 파일 마운트 방식과 함께 비교해 선택합니다. 또한 환경 변수의 누락이나 오타는 장애로 이어지므로 시작 시 검증과 기본값 정책이 필요합니다. 환경 변수는 클라우드 네이티브 설정 관리의 기본기입니다.	환경변수									cloud	devops	config	
Q821	머지(Merge)		DevOps / Cloud - 버전 관리	61	INITIALS	EASY	두 브랜치의 변경 사항을 합치는 작업을 무엇이라고 하는가?	머지는 서로 다른 브랜치의 변경을 하나의 흐름으로 합치는 작업입니다. 면접에서는 충돌이 왜 생기는지, 충돌 해결을 어떻게 하는지, 머지 커밋이 남는 방식과 리베이스 차이를 물을 수 있습니다. 실무에서는 큰 브랜치를 오래 끌면 충돌이 커져서 머지 비용이 폭증하니, 작은 단위로 자주 통합하는 습관이 중요합니다. 또한 머지 전에 최신 main을 반영해 테스트를 돌리면 운영 장애로 이어질 확률이 줄어듭니다. 머지는 협업의 기본 작업이라 개념과 흐름을 확실히 익혀두는 게 좋습니다.	머지									devops	git	merge	
Q822	충돌(Conflict)		DevOps / Cloud - 버전 관리	61	INITIALS	EASY	같은 파일의 같은 부분을 서로 다르게 수정해 Git이 자동으로 합치지 못하는 상황을 무엇이라고 하는가?	충돌은 머지나 리베이스 과정에서 같은 영역이 서로 다른 내용으로 수정될 때 발생합니다. 면접에서는 충돌을 해결할 때 어떤 기준으로 선택하는지, 충돌을 줄이는 협업 방식이 있는지 질문이 나올 수 있습니다. 실무에서는 기능을 작게 나누고 자주 통합하면 충돌이 줄고, 코드 오너십이나 파일 분리로 충돌 위험을 낮출 수 있습니다. 충돌 해결 후에는 반드시 빌드와 테스트를 수행해 논리적 오류가 없는지 확인해야 합니다. 충돌은 흔한 상황이라 당황하지 않고 처리 절차를 아는 게 중요합니다.	충돌									devops	git	conflict	
Q823	리베이스(Rebase)		DevOps / Cloud - 버전 관리	61	INITIALS	EASY	브랜치의 기반 커밋을 다른 커밋으로 옮겨 히스토리를 일렬로 만드는 작업을 무엇이라고 하는가?	리베이스는 커밋 히스토리를 깔끔하게 정리하는 데 유용하지만, 공개된 브랜치에서 히스토리를 바꾸면 협업 문제가 생길 수 있습니다. 면접에서는 리베이스와 머지의 차이, 언제 쓰면 좋은지, 강제 푸시 위험을 물을 수 있습니다. 실무에서는 개인 브랜치에서 정리 용도로 쓰고, 공유 브랜치에서는 팀 규칙을 지키는 것이 안전합니다. 또한 리베이스 후 충돌이 날 수 있으니 해결 후 전체 테스트를 확인해야 합니다. 리베이스는 편리하지만 사용 규칙을 모르면 사고가 나기 쉬운 도구입니다.	리베이스									devops	git	rebase	
Q824	체리픽(Cherry Pick)		DevOps / Cloud - 버전 관리	61	INITIALS	EASY	특정 커밋 하나만 골라서 다른 브랜치에 적용하는 작업을 무엇이라고 하는가?	체리픽은 필요한 변경만 선택적으로 가져올 때 유용합니다. 면접에서는 핫픽스 적용, 릴리즈 브랜치에 특정 수정만 반영하는 시나리오에서 질문이 나올 수 있습니다. 실무에서는 체리픽이 많아지면 히스토리가 복잡해지고 중복 커밋이 생길 수 있어 주의해야 합니다. 또한 의존 커밋이 함께 필요할 수 있으니, 단일 커밋이 독립적으로 동작하는지 확인해야 합니다. 체리픽은 응급 처치에 좋지만 남용하면 관리 비용이 늘어납니다.	체리픽									devops	git	cherrypick	
Q825	러너(Runner)		DevOps / Cloud - CI/CD	62	INITIALS	EASY	CI 작업을 실제로 실행하는 에이전트 또는 실행 환경을 무엇이라고 하는가?	러너는 파이프라인의 job을 실행하는 실행 주체로, 클라우드 호스팅 러너나 자체 호스팅 러너로 운영할 수 있습니다. 면접에서는 러너 격리, 보안, 캐시 전략, 병렬 실행을 물을 수 있습니다. 실무에서는 러너에 시크릿이 노출되지 않도록 권한을 최소화하고, 포크 PR에서 위험한 작업이 실행되지 않게 제한합니다. 또한 러너 성능이 낮으면 CI 시간이 늘어 개발 속도가 느려지므로 모니터링과 확장이 필요합니다. 러너는 CI 성능과 보안을 좌우하는 중요한 구성 요소입니다.	러너									devops	cicd	runner	
Q826	빌드(Build)		DevOps / Cloud - CI/CD	62	INITIALS	EASY	소스 코드를 실행 가능한 산출물로 만드는 과정을 무엇이라고 하는가?	빌드는 컴파일, 패키징, 의존성 포함 등 실행 가능한 형태로 만드는 과정입니다. 면접에서는 빌드와 배포의 차이, 빌드 캐시, 재현 가능한 빌드 개념이 나올 수 있습니다. 실무에서는 같은 커밋은 같은 결과가 나오게 버전 고정과 캐시 관리가 중요합니다. 빌드가 느리면 개발 피드백이 늦어지므로 의존성 캐시와 단계 분리를 최적화합니다. 빌드는 CI 파이프라인의 핵심 단계로 품질과 속도에 직접 영향을 줍니다.	빌드									devops	cicd	build	
Q827	배포(Deploy)		DevOps / Cloud - CI/CD	62	INITIALS	EASY	빌드된 결과물을 서버나 실행 환경에 반영해 실제 서비스로 동작하게 만드는 것을 무엇이라고 하는가?	배포는 산출물을 환경에 반영해 사용자에게 제공하는 단계입니다. 면접에서는 롤링 배포, 블루그린, 카나리 같은 전략과 롤백 방법을 묻습니다. 실무에서는 배포 전후로 헬스체크와 모니터링을 보고, 이상 징후가 있으면 즉시 대응할 수 있어야 합니다. 배포 자동화가 잘 되면 릴리즈가 안정적으로 자주 가능해지고, 변경 리드타임이 줄어듭니다. 배포는 기술뿐 아니라 운영 절차와 관측 체계가 함께 있어야 안전합니다.	배포									devops	cicd	deploy	
Q828	롤링 배포(Rolling Deployment)		DevOps / Cloud - CI/CD	62	INITIALS	EASY	서버를 한 번에 다 바꾸지 않고, 일부씩 순차적으로 교체하며 배포하는 방식을 무엇이라고 하는가?	롤링 배포는 점진적으로 인스턴스를 교체해 다운타임을 줄이는 전략입니다. 면접에서는 롤링 중 장애가 나면 어떻게 멈추거나 되돌리는지, 헬스체크 기준을 어떻게 잡는지 질문이 나올 수 있습니다. 실무에서는 readiness 체크가 중요하며, 잘못 설정하면 정상 트래픽이 끊기거나 장애 버전이 섞여 들어갈 수 있습니다. 또한 롤링은 구버전과 신버전이 공존하므로, 호환성 있는 변경으로 설계해야 합니다. 롤링 배포는 가장 흔한 배포 방식이라 기본 원리를 이해해두는 것이 좋습니다.	롤링배포									devops	deployment	rolling	
Q829	블루그린(Blue Green)		DevOps / Cloud - CI/CD	62	INITIALS	EASY	동일한 두 환경을 준비해 트래픽을 한 번에 전환하는 배포 전략을 무엇이라고 하는가?	블루그린 배포는 구버전과 신버전 환경을 동시에 유지하다가 트래픽을 전환해 빠른 롤백이 가능하게 합니다. 면접에서는 장단점과 비용, 데이터베이스 변경이 있을 때의 어려움을 물을 수 있습니다. 실무에서는 전환 전 신환경에서 충분히 검증하고, 전환 후 모니터링으로 이상 여부를 즉시 확인합니다. 다만 두 환경을 유지하는 비용이 들고, 세션/캐시/스토리지 같은 상태 관리가 복잡해질 수 있습니다. 블루그린은 안전한 배포를 위한 대표 전략입니다.	블루그린									devops	deployment	bluegreen	
Q830	이미지(Image)		DevOps / Cloud - 컨테이너	63	INITIALS	EASY	컨테이너 실행에 필요한 파일과 설정을 묶어둔 패키지를 무엇이라고 하는가?	컨테이너 이미지는 애플리케이션과 의존성, 실행 설정을 포함한 템플릿입니다. 면접에서는 이미지와 컨테이너의 차이, 태그와 다이제스트 차이를 물을 수 있습니다. 실무에서는 이미지 크기를 줄이기 위해 불필요 파일을 제거하고, 멀티스테이지 빌드를 사용합니다. 또한 최신 태그만 쓰면 무엇이 배포됐는지 불명확해질 수 있어 버전 고정이 좋습니다. 이미지는 배포 단위이므로 신뢰성과 보안 관리가 중요합니다.	이미지									devops	container	image	
Q831	레지스트리(Registry)		DevOps / Cloud - 컨테이너	63	INITIALS	EASY	컨테이너 이미지를 저장하고 내려받는 저장소를 무엇이라고 하는가?	레지스트리는 이미지 배포의 허브로, 접근 제어와 스캔, 서명 같은 보안 기능과 연결됩니다. 면접에서는 퍼블릭 레지스트리와 프라이빗 레지스트리 차이, 인증 방식이 질문될 수 있습니다. 실무에서는 운영 이미지는 사내 레지스트리에 저장하고, 권한을 최소화해 공급망 리스크를 줄입니다. 또한 이미지 보관 정책과 정리 정책을 세워 저장 비용과 혼란을 줄입니다. 레지스트리는 컨테이너 운영의 핵심 구성 요소입니다.	레지스트리									devops	container	registry	
Q832	파드(Pod)		DevOps / Cloud - 컨테이너	63	INITIALS	EASY	쿠버네티스에서 하나 이상의 컨테이너를 묶어 배포하는 최소 실행 단위를 무엇이라고 하는가?	파드는 쿠버네티스의 최소 배포 단위이며, 같은 네트워크와 스토리지를 공유할 수 있습니다. 면접에서는 파드와 디플로이먼트 차이, 파드가 죽으면 어떻게 되는지 질문이 나옵니다. 실무에서는 파드를 직접 관리하기보다 디플로이먼트 같은 컨트롤러로 관리해 복구와 업데이트를 자동화합니다. 또한 파드 내 컨테이너는 함께 스케일되므로, 결합도가 높은 것만 같이 넣는 것이 좋습니다. 파드 개념은 쿠버네티스 이해의 출발점입니다.	파드									devops	kubernetes	pod	
Q833	서비스(Service)		DevOps / Cloud - 컨테이너	63	INITIALS	EASY	쿠버네티스에서 파드 집합에 고정된 접근 주소를 제공하는 리소스를 무엇이라고 하는가?	서비스는 파드가 바뀌어도 안정적인 접근 지점을 제공해 로드밸런싱을 합니다. 면접에서는 ClusterIP, NodePort, LoadBalancer 차이와 언제 쓰는지 질문이 나올 수 있습니다. 실무에서는 내부 통신은 ClusterIP, 외부 노출은 인그레스나 LoadBalancer 조합을 쓰는 경우가 많습니다. 서비스 셀렉터가 잘못되면 트래픽이 엉뚱한 파드로 가거나 아예 안 갈 수 있으니 주의해야 합니다. 서비스는 쿠버네티스 네트워킹의 핵심입니다.	서비스									devops	kubernetes	service	
Q834	인그레스(Ingress)		DevOps / Cloud - 컨테이너	63	INITIALS	EASY	쿠버네티스에서 HTTP HTTPS 라우팅과 도메인 기반 접근을 처리하는 리소스를 무엇이라고 하는가?	인그레스는 L7 레벨에서 도메인과 경로 기반 라우팅을 제공합니다. 면접에서는 인그레스와 서비스 LoadBalancer 차이, TLS 적용 위치를 물을 수 있습니다. 실무에서는 인그레스 컨트롤러가 필요하고, 인증서 관리와 리라이트 규칙이 운영 포인트가 됩니다. 또한 잘못된 라우팅 규칙은 전체 서비스 장애로 이어질 수 있어 변경 관리가 중요합니다. 인그레스는 외부 트래픽 진입 지점이라 보안 설정도 함께 고려해야 합니다.	인그레스									devops	kubernetes	ingress	
Q835	리전(Region)		DevOps / Cloud - 클라우드 서비스	64	INITIALS	EASY	클라우드에서 지리적으로 분리된 데이터센터 묶음 단위를 무엇이라고 하는가?	리전은 지리적으로 떨어진 영역으로, 재해 복구나 지연 시간에 큰 영향을 줍니다. 면접에서는 리전과 가용 영역 차이, 멀티 리전 설계 이유를 물을 수 있습니다. 실무에서는 데이터 주권, 규정, 사용자 위치, 비용을 고려해 리전을 선택합니다. 멀티 리전은 가용성을 높이지만 복제와 운영 복잡도가 증가합니다. 리전 선택은 아키텍처의 기본 의사결정 중 하나입니다.	리전									cloud	region	devops	
Q836	가용 영역(Availability Zone)		DevOps / Cloud - 클라우드 서비스	64	INITIALS	EASY	한 리전 안에서 물리적으로 분리된 데이터센터 단위를 무엇이라고 하는가?	가용 영역은 같은 리전 내에서도 전원과 네트워크가 분리된 데이터센터 묶음으로 설계됩니다. 면접에서는 멀티 AZ 구성이 왜 중요한지, 어떤 장애를 막는지 질문이 나올 수 있습니다. 실무에서는 DB와 애플리케이션을 여러 AZ에 분산해 단일 AZ 장애에 대비합니다. 다만 멀티 AZ만으로 논리적 장애를 막을 수 없으니 백업과 복구 전략도 함께 필요합니다. AZ 개념은 클라우드 고가용성 설계의 기본입니다.	가용영역									cloud	availability_zone	devops	
Q837	객체 스토리지(Object Storage)		DevOps / Cloud - 클라우드 서비스	64	INITIALS	EASY	파일을 객체 단위로 저장하고 HTTP 기반으로 접근하는 스토리지 유형을 무엇이라고 하는가?	객체 스토리지는 대용량 파일과 정적 리소스 보관에 적합하며, 높은 내구성과 확장성을 제공합니다. 면접에서는 블록 스토리지와 차이, 퍼블릭 접근 설정 실수를 자주 묻습니다. 실무에서는 공개 설정을 잘못하면 데이터 유출로 이어질 수 있어 정책 검사와 접근 제어가 중요합니다. 또한 버전닝과 라이프사이클 정책으로 복구와 비용 최적화를 함께 합니다. 객체 스토리지는 클라우드에서 매우 자주 쓰이는 저장소입니다.	객체스토리지									cloud	storage	devops	
Q838	시크릿(Secret)		DevOps / Cloud - CI/CD	62	INITIALS	EASY	API 키나 토큰 같은 민감 정보를 안전하게 보관하고 주입하기 위한 값을 무엇이라고 하는가?	시크릿은 민감 정보를 코드에 하드코딩하지 않기 위한 기본 수단입니다. 면접에서는 환경 변수와 시크릿 매니저 차이, 권한 최소화, 로테이션을 물을 수 있습니다. 실무에서는 시크릿을 로그에 남기지 않도록 하고, 접근 권한을 최소화해 유출 시 피해 범위를 줄입니다. 또한 장기 키 대신 단기 자격증명을 쓰면 보안이 더 좋아질 수 있습니다. 시크릿 관리는 DevOps 보안의 핵심 영역입니다.	시크릿									devops	security	secrets	
Q839	아이엠(IAM)		DevOps / Cloud - 클라우드 서비스	64	INITIALS	EASY	클라우드에서 사용자와 역할과 권한을 관리하는 체계를 무엇이라고 하는가?	IAM은 인증과 권한 부여를 통해 누가 어떤 리소스에 접근할 수 있는지 통제합니다. 면접에서는 최소 권한 원칙, 역할 기반 접근, 키 관리가 자주 나옵니다. 실무에서는 과도한 관리자 권한을 줄이고, 조건부 정책과 감사 로그로 접근을 통제합니다. 권한 설계가 약하면 클라우드 사고의 대부분이 여기서 시작될 수 있습니다. IAM은 클라우드 보안의 시작점이므로 반드시 탄탄히 익혀야 합니다.	아이엠									cloud	iam	security	
Q840	모듈(Module)		DevOps / Cloud - IaC	65	INITIALS	EASY	IaC에서 반복되는 인프라 코드를 재사용 가능한 단위로 묶어 관리하는 것을 무엇이라고 하는가?	모듈은 인프라 구성을 재사용하고 표준화하는 데 핵심입니다. 면접에서는 모듈화의 장점과 버전 관리 필요성을 물을 수 있습니다. 실무에서는 모듈을 버전 고정하지 않으면 업데이트로 예상치 못한 변경이 생길 수 있어 주의합니다. 또한 모듈 입력값과 출력값을 명확히 정의하면 팀 간 협업이 쉬워집니다. 모듈은 IaC를 대규모로 운영할 때 필수적인 구조화 도구입니다.	모듈									devops	iac	module	
Q841	원격 저장소(Remote Repository)		DevOps / Cloud - 버전 관리	61	INITIALS	EASY	여러 사람이 함께 사용하는 중앙 Git 저장소를 무엇이라고 하는가?	원격 저장소는 GitHub GitLab 같은 서버에 위치한 저장소로 협업의 기준점이 됩니다. 면접에서는 로컬 저장소와의 차이, push pull 흐름을 자주 묻습니다. 실무에서는 원격 저장소를 단일 진실로 삼고 브랜치 보호와 리뷰 정책을 적용합니다. 원격 저장소가 있어야 팀 단위 협업과 CI 연동이 가능합니다.	원격저장소									devops	git	remote	
Q842	클론(Clone)		DevOps / Cloud - 버전 관리	61	INITIALS	EASY	원격 저장소의 전체 이력을 로컬로 복사해 오는 작업을 무엇이라고 하는가?	클론은 원격 저장소를 처음 받아올 때 사용하는 명령입니다. 면접에서는 clone과 pull 차이를 물을 수 있습니다. 실무에서는 클론 후 바로 빌드나 테스트가 가능하도록 문서와 스크립트를 준비합니다. 클론은 협업의 첫 단계입니다.	클론									devops	git	clone	
Q843	풀(Pull)		DevOps / Cloud - 버전 관리	61	INITIALS	EASY	원격 저장소의 최신 변경 사항을 로컬로 가져오는 작업을 무엇이라고 하는가?	풀은 fetch와 merge를 함께 수행해 로컬 브랜치를 최신 상태로 만듭니다. 면접에서는 pull 전에 변경 사항을 커밋해야 하는 이유를 묻기도 합니다. 실무에서는 충돌을 줄이기 위해 자주 pull 하는 습관이 중요합니다.	풀									devops	git	pull	
Q844	푸시(Push)		DevOps / Cloud - 버전 관리	61	INITIALS	EASY	로컬 저장소의 변경 내용을 원격 저장소로 올리는 작업을 무엇이라고 하는가?	푸시는 팀원에게 변경을 공유하는 단계입니다. 면접에서는 권한 문제나 충돌 상황을 질문할 수 있습니다. 실무에서는 보호된 브랜치에는 직접 푸시하지 않도록 제한합니다.	푸시									devops	git	push	
Q845	잡(Job)		DevOps / Cloud - CI/CD	62	INITIALS	EASY	CI 파이프라인에서 하나의 실행 단위를 무엇이라고 하는가?	잡은 빌드나 테스트 같은 개별 작업 단위입니다. 면접에서는 스테이지와의 차이를 묻기도 합니다. 실무에서는 잡을 잘게 나눠 실패 원인을 빠르게 파악합니다.	잡									devops	cicd	job	
Q846	스테이지(Stage)		DevOps / Cloud - CI/CD	62	INITIALS	EASY	여러 CI 작업을 논리적으로 묶은 단계를 무엇이라고 하는가?	스테이지는 빌드 테스트 배포 같은 흐름을 구분합니다. 면접에서는 스테이지 실패 시 파이프라인 동작을 묻습니다. 실무에서는 단계별 성공 여부를 명확히 해 디버깅을 쉽게 합니다.	스테이지									devops	cicd	stage	
Q847	캐시(Cache)		DevOps / Cloud - CI/CD	62	INITIALS	EASY	빌드 속도를 높이기 위해 이전 결과를 재사용하는 기법을 무엇이라고 하는가?	캐시는 의존성 다운로드 시간을 줄여 CI 시간을 단축합니다. 면접에서는 캐시 무효화 문제를 질문할 수 있습니다. 실무에서는 캐시 키 관리가 중요합니다.	캐시									devops	cicd	cache	
Q848	이미지 태그(Image Tag)		DevOps / Cloud - 컨테이너	63	INITIALS	EASY	컨테이너 이미지의 버전을 구분하기 위해 붙이는 식별자를 무엇이라고 하는가?	태그는 이미지 버전을 식별하는 데 사용됩니다. 면접에서는 최신 태그 사용 위험을 묻습니다. 실무에서는 명시적 버전 태그를 권장합니다.	이미지태그									devops	container	image	
Q849	볼륨(Volume)		DevOps / Cloud - 컨테이너	63	INITIALS	EASY	컨테이너 종료 후에도 데이터를 유지하기 위한 저장 방식을 무엇이라고 하는가?	볼륨은 컨테이너와 분리된 데이터 저장소입니다. 면접에서는 볼륨과 바인드 마운트 차이를 묻습니다. 실무에서는 데이터 유실 방지를 위해 필수입니다.	볼륨									devops	container	storage	
Q850	네임스페이스(Namespace)		DevOps / Cloud - 컨테이너	63	INITIALS	EASY	쿠버네티스에서 리소스를 논리적으로 분리하는 단위를 무엇이라고 하는가?	네임스페이스는 환경별 자원 분리에 쓰입니다. 면접에서는 기본 네임스페이스를 질문할 수 있습니다. 실무에서는 접근 제어와 리소스 할당에 활용합니다.	네임스페이스									devops	kubernetes	namespace	
Q851	퍼블릭 클라우드(Public Cloud)		DevOps / Cloud - 클라우드 서비스	64	INITIALS	EASY	다수의 고객이 공유 인프라를 사용하는 클라우드 형태를 무엇이라고 하는가?	퍼블릭 클라우드는 확장성과 비용 효율이 장점입니다. 면접에서는 프라이빗 클라우드와 차이를 묻습니다. 실무에서는 보안 설정을 특히 주의해야 합니다.	퍼블릭클라우드									cloud	devops	cloud	
Q852	프라이빗 클라우드(Private Cloud)		DevOps / Cloud - 클라우드 서비스	64	INITIALS	EASY	특정 조직만 사용하는 전용 클라우드 환경을 무엇이라고 하는가?	프라이빗 클라우드는 제어와 보안이 강점입니다. 면접에서는 비용과 운영 부담을 질문합니다. 실무에서는 규제가 강한 환경에 적합합니다.	프라이빗클라우드									cloud	devops	cloud	
Q853	멀티 클라우드(Multi Cloud)		DevOps / Cloud - 클라우드 서비스	64	INITIALS	EASY	둘 이상의 클라우드 제공자를 함께 사용하는 전략을 무엇이라고 하는가?	멀티 클라우드는 벤더 종속을 줄입니다. 면접에서는 복잡도 증가를 단점으로 질문합니다. 실무에서는 공통 추상화가 중요합니다.	멀티클라우드									cloud	devops	cloud	
Q854	서버리스(Serverless)		DevOps / Cloud - 클라우드 서비스	64	INITIALS	EASY	서버 관리 없이 코드 실행에만 집중하는 클라우드 실행 모델을 무엇이라고 하는가?	서버리스는 이벤트 기반 실행과 자동 확장이 특징입니다. 면접에서는 장단점과 사용 사례를 묻습니다. 실무에서는 콜드 스타트를 고려해야 합니다.	서버리스									cloud	devops	serverless	
Q855	함수(Function)		DevOps / Cloud - 클라우드 서비스	64	INITIALS	EASY	서버리스 환경에서 실행되는 코드 단위를 무엇이라고 하는가?	함수는 이벤트에 의해 실행됩니다. 면접에서는 상태 관리 방법을 질문합니다. 실무에서는 짧고 독립적인 로직에 적합합니다.	함수									cloud	serverless	function	
Q856	상태 파일(State)		DevOps / Cloud - IaC	65	INITIALS	EASY	IaC 도구에서 실제 인프라 상태를 기록해 두는 파일을 무엇이라고 하는가?	상태 파일은 코드와 실제 자원의 연결 고리입니다. 면접에서는 상태 파일 분실 위험을 묻습니다. 실무에서는 원격 상태 저장소를 사용합니다.	상태파일									devops	iac	state	
Q857	프로바이더(Provider)		DevOps / Cloud - IaC	65	INITIALS	EASY	IaC 도구가 클라우드 API와 통신하기 위해 사용하는 플러그인을 무엇이라고 하는가?	프로바이더는 AWS나 GCP 같은 대상과 연결됩니다. 면접에서는 프로바이더 버전 고정 이유를 묻습니다. 실무에서는 변경 관리가 중요합니다.	프로바이더									devops	iac	provider	
Q858	계획(Plan)		DevOps / Cloud - IaC	65	INITIALS	EASY	IaC에서 적용 전에 변경 내용을 미리 확인하는 단계를 무엇이라고 하는가?	계획은 실제 변경 전 영향 범위를 보여줍니다. 면접에서는 plan과 apply 차이를 질문합니다. 실무에서는 리뷰 후 적용합니다.	계획									devops	iac	plan	
Q859	적용(Apply)		DevOps / Cloud - IaC	65	INITIALS	EASY	IaC 코드에 정의된 내용을 실제 인프라에 반영하는 단계를 무엇이라고 하는가?	적용은 실제 리소스를 생성 변경합니다. 면접에서는 apply 권한 통제를 묻습니다. 실무에서는 자동화 경로를 제한합니다.	적용									devops	iac	apply	
Q860	드리프트(Drift)		DevOps / Cloud - IaC	65	INITIALS	EASY	코드와 실제 인프라 상태가 달라지는 현상을 무엇이라고 하는가?	드리프트는 수동 변경으로 자주 발생합니다. 면접에서는 예방 방법을 묻습니다. 실무에서는 감지와 알림이 중요합니다.	드리프트									devops	iac	drift	
Q861	커밋 로그(Commit Log)		DevOps / Cloud - 버전 관리	61	INITIALS	EASY	Git에서 커밋 이력을 시간 순서로 확인할 수 있는 기능을 무엇이라고 하는가?	커밋 로그는 커밋 메시지와 작성자, 시간, 해시를 확인하는 기본 도구입니다. 면접에서는 git log를 언제 활용하는지, 특정 커밋을 찾는 방법을 묻기도 합니다. 실무에서는 장애 원인 추적이나 변경 내역 파악 시 가장 먼저 확인합니다. 커밋 로그를 잘 남기면 협업과 디버깅이 쉬워집니다. 로그는 기록이 곧 자산이라는 점을 보여주는 대표 사례입니다.	커밋로그									devops	git	log	
Q862	태그(Tag)		DevOps / Cloud - 버전 관리	61	INITIALS	EASY	특정 커밋을 릴리즈 시점으로 표시하기 위해 붙이는 이름을 무엇이라고 하는가?	태그는 릴리즈 버전이나 중요한 시점을 표시하는 데 사용됩니다. 면접에서는 브랜치와 태그 차이를 묻는 경우가 많습니다. 실무에서는 배포 기준점을 명확히 하기 위해 태그 기반 배포를 사용하기도 합니다. 태그를 잘 관리하면 롤백과 이력 추적이 쉬워집니다. 태그는 릴리즈 관리의 기본 도구입니다.	태그									devops	git	tag	
Q863	린트(Lint)		DevOps / Cloud - CI/CD	62	INITIALS	EASY	코드 스타일 오류나 잠재적 문제를 자동으로 검사하는 도구를 무엇이라고 하는가?	린트는 문법 오류뿐 아니라 스타일과 잠재 버그를 사전에 잡아줍니다. 면접에서는 린트와 테스트의 차이를 물을 수 있습니다. 실무에서는 CI 단계에서 린트를 실행해 품질 기준을 자동으로 강제합니다. 린트 규칙은 팀 합의에 따라 조정하는 것이 중요합니다. 린트는 코드 품질의 첫 관문입니다.	린트									devops	cicd	lint	
Q864	유닛 테스트(Unit Test)		DevOps / Cloud - CI/CD	62	INITIALS	EASY	코드의 가장 작은 단위를 검증하는 자동 테스트를 무엇이라고 하는가?	유닛 테스트는 함수나 메서드 단위로 동작을 검증합니다. 면접에서는 유닛 테스트와 통합 테스트 차이를 자주 묻습니다. 실무에서는 빠른 피드백을 제공해 리팩터링을 안전하게 합니다. 테스트가 없으면 CI의 의미가 크게 줄어듭니다. 유닛 테스트는 안정적인 배포의 기초입니다.	유닛테스트									devops	cicd	test	
Q865	컨테이너 오케스트레이션		DevOps / Cloud - 컨테이너	63	INITIALS	EASY	여러 컨테이너의 배포와 확장과 복구를 자동으로 관리하는 방식을 무엇이라고 하는가?	컨테이너 오케스트레이션은 대규모 컨테이너 운영을 가능하게 합니다. 면접에서는 왜 단순 Docker 실행만으로 부족한지 질문이 나옵니다. 실무에서는 자동 스케일링과 장애 복구로 운영 부담을 줄입니다. 쿠버네티스가 대표적인 구현체입니다. 오케스트레이션은 컨테이너 운영의 핵심 개념입니다.	컨테이너오케스트레이션									devops	container	orchestration	
Q866	헬스체크(Health Check)		DevOps / Cloud - 컨테이너	63	INITIALS	EASY	서비스가 정상 동작하는지 주기적으로 확인하는 검사를 무엇이라고 하는가?	헬스체크는 장애 인스턴스를 자동으로 트래픽에서 제외하는 기준입니다. 면접에서는 헬스체크 실패 시 어떤 일이 일어나는지 묻습니다. 실무에서는 너무 엄격하거나 느슨한 체크로 장애를 키우지 않도록 주의합니다. 헬스체크는 자동 복구의 출발점입니다.	헬스체크									devops	kubernetes	health	
Q867	스케일 아웃(Scale Out)		DevOps / Cloud - 클라우드 서비스	64	INITIALS	EASY	서버 성능을 키우는 대신 서버 수를 늘려 처리량을 높이는 방식을 무엇이라고 하는가?	스케일 아웃은 수평 확장 방식입니다. 면접에서는 스케일 업과의 차이를 자주 묻습니다. 실무에서는 클라우드 환경에서 일반적으로 선호됩니다. 로드 밸런서와 함께 사용됩니다. 스케일 아웃은 클라우드 확장의 기본 전략입니다.	스케일아웃									cloud	scaling	devops	
Q868	스케일 업(Scale Up)		DevOps / Cloud - 클라우드 서비스	64	INITIALS	EASY	서버 수를 늘리지 않고 서버 자체의 성능을 높이는 확장 방식을 무엇이라고 하는가?	스케일 업은 수직 확장 방식입니다. 면접에서는 한계와 비용 문제를 질문합니다. 실무에서는 단순하지만 확장 한계가 명확합니다. 클라우드에서는 일시적으로 사용되기도 합니다. 스케일 업은 전통적인 확장 방식입니다.	스케일업									cloud	scaling	devops	
Q869	백업(Backup)		DevOps / Cloud - 클라우드 서비스	64	INITIALS	EASY	데이터 손실에 대비해 데이터를 별도로 복사해 두는 작업을 무엇이라고 하는가?	백업은 장애나 실수에 대비한 필수 안전장치입니다. 면접에서는 백업과 복제 차이를 묻기도 합니다. 실무에서는 주기와 보관 기간, 복구 테스트가 중요합니다. 백업이 있어도 복구가 안 되면 의미가 없습니다. 백업은 운영 안정성의 기본입니다.	백업									cloud	backup	devops	
Q870	복구(Recovery)		DevOps / Cloud - 클라우드 서비스	64	INITIALS	EASY	장애 발생 후 시스템이나 데이터를 정상 상태로 되돌리는 과정을 무엇이라고 하는가?	복구는 백업과 함께 고려되어야 합니다. 면접에서는 복구 시간과 복구 지점 개념을 질문합니다. 실무에서는 복구 절차를 문서화하고 주기적으로 훈련합니다. 빠른 복구는 서비스 신뢰도를 좌우합니다. 복구는 재해 대응의 핵심 단계입니다.	복구									cloud	recovery	devops	
Q871	접근 제어(Access Control)		DevOps / Cloud - 클라우드 서비스	64	INITIALS	EASY	사용자나 시스템의 리소스 접근 권한을 제한하고 관리하는 것을 무엇이라고 하는가?	접근 제어는 보안의 기본 원칙입니다. 면접에서는 최소 권한 원칙을 자주 묻습니다. 실무에서는 IAM 정책으로 접근을 통제합니다. 접근 제어가 약하면 보안 사고로 이어집니다. 접근 제어는 모든 보안의 출발점입니다.	접근제어									cloud	security	iam	
Q872	인증(Authentication)		DevOps / Cloud - 클라우드 서비스	64	INITIALS	EASY	사용자가 누구인지 확인하는 보안 절차를 무엇이라고 하는가?	인증은 신원 확인 과정입니다. 면접에서는 인가와의 차이를 묻습니다. 실무에서는 토큰 기반 인증이 많이 쓰입니다. 인증이 깨지면 전체 시스템이 위험해집니다. 인증은 보안의 첫 단계입니다.	인증									cloud	security	auth	
Q873	인가(Authorization)		DevOps / Cloud - 클라우드 서비스	64	INITIALS	EASY	인증된 사용자가 무엇을 할 수 있는지 결정하는 절차를 무엇이라고 하는가?	인가는 권한 판단 단계입니다. 면접에서는 인증과 인가를 구분할 수 있는지 봅니다. 실무에서는 역할 기반 권한 관리가 일반적입니다. 인가 오류는 정보 노출로 이어질 수 있습니다. 인가는 인증 다음 단계입니다.	인가									cloud	security	authorization	
Q874	로깅 레벨(Log Level)		DevOps / Cloud - 클라우드 서비스	64	INITIALS	EASY	로그의 중요도에 따라 출력 수준을 구분하는 기준을 무엇이라고 하는가?	로그 레벨은 디버그 정보와 에러를 구분합니다. 면접에서는 대표적인 로그 레벨을 묻습니다. 실무에서는 운영 환경에서 불필요한 로그를 줄이는 것이 중요합니다. 로그 레벨 관리는 비용과 가독성에 영향을 줍니다.	로그레벨									devops	logging	cloud	
Q875	메트릭(Metric)		DevOps / Cloud - 클라우드 서비스	64	INITIALS	EASY	CPU 사용률이나 요청 수처럼 수치로 측정되는 관측 데이터를 무엇이라고 하는가?	메트릭은 시스템 상태를 수치로 표현합니다. 면접에서는 로그와 메트릭 차이를 묻습니다. 실무에서는 대시보드와 알림의 기반이 됩니다. 메트릭은 성능과 안정성을 판단하는 핵심 지표입니다.	메트릭									devops	monitoring	metric	
Q876	대시보드(Dashboard)		DevOps / Cloud - 클라우드 서비스	64	INITIALS	EASY	여러 메트릭을 한 화면에서 시각적으로 보여주는 화면을 무엇이라고 하는가?	대시보드는 시스템 상태를 빠르게 파악하게 해줍니다. 면접에서는 어떤 지표를 배치할지 질문할 수 있습니다. 실무에서는 과도한 정보보다 핵심 지표 위주로 구성합니다. 대시보드는 운영자의 눈입니다.	대시보드									devops	monitoring	dashboard	
Q877	비용 최적화(Cost Optimization)		DevOps / Cloud - 클라우드 서비스	64	INITIALS	EASY	클라우드 사용 비용을 줄이기 위해 자원 사용을 조정하는 활동을 무엇이라고 하는가?	비용 최적화는 클라우드 운영의 중요한 목표입니다. 면접에서는 비용 절감 사례를 묻습니다. 실무에서는 미사용 자원 제거와 스케일링 조정이 핵심입니다. 비용 최적화는 성능과 함께 고려해야 합니다.	비용최적화									cloud	cost	devops	
Q878	형상 관리(Configuration Management)		DevOps / Cloud - CI/CD	62	INITIALS	EASY	시스템 설정과 버전을 일관되게 유지 관리하는 활동을 무엇이라고 하는가?	형상 관리는 서버 설정과 애플리케이션 상태를 일관되게 유지합니다. 면접에서는 IaC와의 관계를 질문합니다. 실무에서는 자동화 도구로 관리합니다. 형상 관리는 환경 차이로 인한 오류를 줄입니다.	형상관리									devops	configuration	cicd	
Q879	배치 작업(Batch Job)		DevOps / Cloud - CI/CD	62	INITIALS	EASY	실시간이 아닌 정해진 시점에 일괄 실행되는 작업을 무엇이라고 하는가?	배치 작업은 대량 처리에 적합합니다. 면접에서는 스케줄링 방식을 질문합니다. 실무에서는 실패 재시도와 모니터링이 중요합니다. 배치 작업은 백엔드 운영에서 흔히 사용됩니다.	배치작업									devops	batch	cicd	
Q880	스케줄러(Scheduler)		DevOps / Cloud - CI/CD	62	INITIALS	EASY	정해진 시간이나 조건에 따라 작업을 실행하도록 관리하는 시스템을 무엇이라고 하는가?	스케줄러는 배치 작업과 자동화를 담당합니다. 면접에서는 크론과 같은 예를 묻습니다. 실무에서는 시간대와 실패 처리에 주의해야 합니다. 스케줄러는 자동 운영의 핵심 구성 요소입니다.	스케줄러									devops	scheduler	cicd	
Q881	풀 리퀘스트(Pull Request)		DevOps / Cloud - 버전 관리	61	INITIALS	EASY	변경 사항을 리뷰받고 브랜치에 병합 요청하는 기능을 무엇이라고 하는가?	풀 리퀘스트는 코드 변경을 공유하고 리뷰를 통해 품질을 높이는 협업 방식입니다. 면접에서는 PR과 머지의 차이, 리뷰 단계의 목적을 묻는 경우가 많습니다. 실무에서는 자동 테스트와 리뷰 승인 조건을 설정해 안정성을 확보합니다. PR 문화가 정착되면 버그 유입이 크게 줄어듭니다. 협업 중심 DevOps 환경에서 핵심 개념입니다.	풀리퀘스트									devops	git	pull_request	
Q882	코드 리뷰(Code Review)		DevOps / Cloud - 버전 관리	61	INITIALS	EASY	다른 사람이 작성한 코드를 검토하고 의견을 주는 과정을 무엇이라고 하는가?	코드 리뷰는 품질 향상과 지식 공유에 중요한 절차입니다. 면접에서는 리뷰의 장점과 주의점을 자주 묻습니다. 실무에서는 스타일뿐 아니라 설계와 보안 관점도 함께 봅니다. 코드 리뷰가 잘 이루어지면 팀 전체의 코드 수준이 올라갑니다.	코드리뷰									devops	git	review	
Q883	파이프라인(Pipeline)		DevOps / Cloud - CI/CD	62	INITIALS	EASY	빌드 테스트 배포 과정을 자동으로 연결한 흐름을 무엇이라고 하는가?	파이프라인은 CI CD의 핵심 개념입니다. 면접에서는 파이프라인 단계 구성 이유를 묻습니다. 실무에서는 실패 지점을 빠르게 알 수 있도록 단계 분리가 중요합니다. 파이프라인 자동화는 배포 속도를 크게 향상시킵니다.	파이프라인									devops	cicd	pipeline	
Q884	자동화(Automation)		DevOps / Cloud - CI/CD	62	INITIALS	EASY	반복적인 작업을 사람 대신 시스템이 수행하도록 만드는 것을 무엇이라고 하는가?	자동화는 DevOps의 핵심 목표 중 하나입니다. 면접에서는 자동화의 장점과 위험을 질문합니다. 실무에서는 수동 작업을 줄여 휴먼 에러를 방지합니다. 자동화는 운영 안정성과 속도를 동시에 높입니다.	자동화									devops	automation	cicd	
Q885	로드 밸런서(Load Balancer)		DevOps / Cloud - 클라우드 서비스	64	INITIALS	EASY	여러 서버에 트래픽을 분산시키는 장비나 서비스를 무엇이라고 하는가?	로드 밸런서는 가용성과 확장성의 핵심 요소입니다. 면접에서는 L4와 L7 차이를 묻습니다. 실무에서는 헬스체크와 함께 사용됩니다. 로드 밸런싱은 대규모 서비스의 기본 구조입니다.	로드밸런서									cloud	networking	devops	
Q886	오토 스케일링(Auto Scaling)		DevOps / Cloud - 클라우드 서비스	64	INITIALS	EASY	트래픽에 따라 서버 수를 자동으로 조절하는 기능을 무엇이라고 하는가?	오토 스케일링은 비용과 성능을 동시에 관리합니다. 면접에서는 스케일링 조건을 질문합니다. 실무에서는 잘못된 임계치 설정에 주의해야 합니다. 오토 스케일링은 클라우드의 대표 장점입니다.	오토스케일링									cloud	scaling	devops	
Q887	가상 머신(Virtual Machine)		DevOps / Cloud - 클라우드 서비스	64	INITIALS	EASY	하나의 물리 서버에서 여러 운영체제를 실행하기 위한 가상화 단위를 무엇이라고 하는가?	가상 머신은 전통적인 클라우드 컴퓨팅의 기본 단위입니다. 면접에서는 컨테이너와의 차이를 묻습니다. 실무에서는 격리성과 호환성이 장점입니다. VM은 여전히 많은 워크로드에서 사용됩니다.	가상머신									cloud	vm	devops	
Q888	이미지 스냅샷(Snapshot)		DevOps / Cloud - 클라우드 서비스	64	INITIALS	EASY	특정 시점의 시스템 상태를 그대로 저장한 복사본을 무엇이라고 하는가?	스냅샷은 빠른 복구에 유용합니다. 면접에서는 백업과 차이를 묻습니다. 실무에서는 배포 전 상태 보존에 사용됩니다. 스냅샷은 장애 대응의 중요한 수단입니다.	스냅샷									cloud	snapshot	devops	
Q889	환경 변수(Environment Variable)		DevOps / Cloud - CI/CD	62	INITIALS	EASY	실행 환경에 따라 값을 주입하기 위해 사용하는 설정 값을 무엇이라고 하는가?	환경 변수는 설정과 코드를 분리합니다. 면접에서는 환경 변수와 설정 파일 차이를 묻습니다. 실무에서는 시크릿 관리와 함께 사용됩니다. 환경 변수는 배포 유연성을 높입니다.	환경변수									devops	config	cicd	
Q890	설정 파일(Configuration File)		DevOps / Cloud - CI/CD	62	INITIALS	EASY	애플리케이션 동작 옵션을 정의해 둔 파일을 무엇이라고 하는가?	설정 파일은 환경별 동작을 제어합니다. 면접에서는 설정 관리 방법을 묻습니다. 실무에서는 환경별 분리를 권장합니다. 설정 파일 관리는 안정적인 운영의 기본입니다.	설정파일									devops	config	cicd	
Q891	로그 수집(Log Collection)		DevOps / Cloud - 클라우드 서비스	64	INITIALS	EASY	여러 서버의 로그를 중앙으로 모으는 작업을 무엇이라고 하는가?	로그 수집은 장애 분석의 출발점입니다. 면접에서는 중앙 로그 시스템을 질문합니다. 실무에서는 검색성과 보관 정책이 중요합니다. 로그 수집은 관측성의 핵심 요소입니다.	로그수집									cloud	logging	devops	
Q892	알림(Alert)		DevOps / Cloud - 클라우드 서비스	64	INITIALS	EASY	장애나 임계치 초과 시 운영자에게 알려주는 기능을 무엇이라고 하는가?	알림은 빠른 대응을 가능하게 합니다. 면접에서는 알림 피로를 질문합니다. 실무에서는 중요 이벤트만 알리도록 조정합니다. 알림은 운영자의 신경계 역할을 합니다.	알림									cloud	monitoring	devops	
Q893	SLA(Service Level Agreement)		DevOps / Cloud - 클라우드 서비스	64	INITIALS	EASY	서비스 제공 수준을 수치로 약속한 계약 기준을 무엇이라고 하는가?	SLA는 가용성과 응답 시간을 정의합니다. 면접에서는 SLA와 SLO 차이를 묻습니다. 실무에서는 설계 기준으로 활용됩니다. SLA는 서비스 신뢰의 기준선입니다.	서비스수준협약									cloud	sla	devops	
Q894	인프라(Infrastructure)		DevOps / Cloud - IaC	65	INITIALS	EASY	서버 네트워크 스토리지 등 시스템 기반 자원을 통칭하는 용어는 무엇인가?	인프라는 모든 서비스의 토대입니다. 면접에서는 인프라와 애플리케이션 경계를 질문합니다. 실무에서는 코드로 관리하는 추세입니다. 인프라는 보이지 않지만 가장 중요한 자산입니다.	인프라									devops	iac	infra	
Q895	선언형 구성(Declarative)		DevOps / Cloud - IaC	65	INITIALS	EASY	최종 상태를 정의해 인프라를 구성하는 방식을 무엇이라고 하는가?	선언형 방식은 IaC의 기본 철학입니다. 면접에서는 명령형과의 차이를 묻습니다. 실무에서는 변경 추적이 쉬워집니다. 선언형 구성은 안정적인 자동화를 돕습니다.	선언형구성									devops	iac	declarative	
Q896	롤백(Rollback)		DevOps / Cloud - CI/CD	62	INITIALS	EASY	배포 후 문제가 발생했을 때 이전 상태로 되돌리는 작업을 무엇이라고 하는가?	롤백은 장애 대응의 기본 전략입니다. 면접에서는 롤백 시점 기준을 묻습니다. 실무에서는 자동 롤백이 중요합니다. 롤백이 가능해야 안전한 배포가 됩니다.	롤백									devops	cicd	rollback	
Q897	무중단 배포(Zero Downtime)		DevOps / Cloud - CI/CD	62	INITIALS	EASY	서비스 중단 없이 새 버전을 배포하는 방식을 무엇이라고 하는가?	무중단 배포는 사용자 경험을 지킵니다. 면접에서는 구현 방법을 질문합니다. 실무에서는 롤링이나 블루그린을 사용합니다. 무중단 배포는 현대 서비스의 기본 요구사항입니다.	무중단배포									devops	deployment	cicd	
Q898	자원 태깅(Resource Tagging)		DevOps / Cloud - 클라우드 서비스	64	INITIALS	EASY	클라우드 자원에 식별용 메타데이터를 붙이는 작업을 무엇이라고 하는가?	자원 태깅은 비용 관리와 운영에 필수입니다. 면접에서는 태깅 전략을 묻습니다. 실무에서는 자동 태깅을 권장합니다. 태깅이 없으면 관리가 어려워집니다.	자원태깅									cloud	tagging	devops	
Q899	컴플라이언스(Compliance)		DevOps / Cloud - 클라우드 서비스	64	INITIALS	EASY	법규나 보안 기준을 준수하는 상태를 무엇이라고 하는가?	컴플라이언스는 기업 신뢰와 직결됩니다. 면접에서는 예시 규정을 묻습니다. 실무에서는 감사 로그와 정책 관리가 중요합니다. 컴플라이언스는 선택이 아닌 필수입니다.	컴플라이언스									cloud	security	devops	
Q900	가시성(Visibility)		DevOps / Cloud - 클라우드 서비스	64	INITIALS	EASY	시스템 상태를 한눈에 파악할 수 있는 정도를 무엇이라고 하는가?	가시성은 운영 효율을 높입니다. 면접에서는 모니터링과의 관계를 묻습니다. 실무에서는 로그 메트릭 트레이스를 함께 봅니다. 가시성이 높을수록 장애 대응이 빨라집니다.	가시성									cloud	observability	devops	
Q901	리베이스(Rebase)		DevOps / Cloud - 버전 관리	61	INITIALS	MEDIUM	브랜치의 기준 커밋을 변경해 히스토리를 직선으로 정리하는 Git 작업을 무엇이라고 하는가?	리베이스는 커밋 히스토리를 깔끔하게 만들기 위한 Git 기능입니다. 면접에서는 머지와의 차이와 언제 사용해야 하는지를 자주 묻습니다. 실무에서는 개인 브랜치에서 히스토리 정리용으로 활용하고, 공유 브랜치에서는 주의가 필요합니다. 공개된 브랜치를 리베이스하면 협업 문제가 생길 수 있기 때문입니다. 리베이스는 장점과 위험을 함께 이해해야 하는 중급 개념입니다.	리베이스									devops	git	rebase	
Q902	체리픽(Cherry Pick)		DevOps / Cloud - 버전 관리	61	INITIALS	MEDIUM	특정 커밋 하나만 선택해 다른 브랜치에 적용하는 Git 기능을 무엇이라고 하는가?	체리픽은 필요한 변경만 선택적으로 가져올 수 있어 긴급 수정에 유용합니다. 면접에서는 언제 체리픽을 쓰는지, 남용 시 문제가 무엇인지 질문이 나옵니다. 실무에서는 핫픽스나 릴리즈 브랜치 관리에 사용되지만 히스토리가 복잡해질 수 있습니다. 의존 커밋이 누락되지 않도록 주의해야 합니다. 체리픽은 선택적 적용이라는 점이 핵심입니다.	체리픽									devops	git	cherry_pick	
Q903	브랜치 전략(Branch Strategy)		DevOps / Cloud - 버전 관리	61	INITIALS	MEDIUM	개발과 배포 흐름을 정리하기 위해 브랜치 사용 규칙을 정의한 것을 무엇이라고 하는가?	브랜치 전략은 협업 규모가 커질수록 중요해집니다. 면접에서는 Git Flow와 trunk based development 같은 예시를 묻습니다. 실무에서는 팀 규모와 배포 주기에 맞는 전략을 선택해야 합니다. 잘못된 전략은 충돌과 배포 지연을 낳을 수 있습니다. 브랜치 전략은 단순 규칙이 아니라 협업 문화의 일부입니다.	브랜치전략									devops	git	branch	
Q904	아티팩트(Artifact)		DevOps / Cloud - CI/CD	62	INITIALS	MEDIUM	빌드 과정에서 생성되어 저장되는 결과물을 무엇이라고 하는가?	아티팩트는 빌드 산출물로 배포의 입력값이 됩니다. 면접에서는 아티팩트와 이미지 차이를 질문하기도 합니다. 실무에서는 아티팩트를 중앙 저장소에 보관해 재현 가능한 배포를 합니다. 아티팩트 관리가 되지 않으면 동일한 빌드를 다시 만들기 어렵습니다. CI CD 파이프라인에서 중요한 개념입니다.	아티팩트									devops	cicd	artifact	
Q905	롤링 업데이트(Rolling Update)		DevOps / Cloud - CI/CD	62	INITIALS	MEDIUM	일부 인스턴스를 순차적으로 교체하며 배포를 진행하는 방식을 무엇이라고 하는가?	롤링 업데이트는 무중단 배포를 위한 대표적인 방식입니다. 면접에서는 헬스체크와 실패 시 중단 조건을 자주 묻습니다. 실무에서는 구버전과 신버전이 동시에 존재할 수 있어 호환성 설계가 중요합니다. 잘못된 설정은 장애를 확대시킬 수 있습니다. 롤링 업데이트는 안정성과 복잡성을 함께 고려해야 합니다.	롤링업데이트									devops	cicd	deployment	
Q906	카나리 배포(Canary Deployment)		DevOps / Cloud - CI/CD	62	INITIALS	MEDIUM	일부 사용자에게만 새 버전을 먼저 배포해 검증하는 전략을 무엇이라고 하는가?	카나리 배포는 위험을 최소화하는 점진적 배포 방식입니다. 면접에서는 롤링 배포와의 차이를 묻습니다. 실무에서는 트래픽 분기와 모니터링 지표가 중요합니다. 자동화되지 않으면 운영 부담이 커질 수 있습니다. 카나리 배포는 안정성을 중시하는 서비스에서 자주 사용됩니다.	카나리배포									devops	cicd	canary	
Q907	멀티 스테이지 빌드(Multi Stage Build)		DevOps / Cloud - 컨테이너	63	INITIALS	MEDIUM	하나의 Dockerfile에서 여러 빌드 단계를 나눠 최종 이미지를 최적화하는 기법을 무엇이라고 하는가?	멀티 스테이지 빌드는 이미지 크기를 줄이는 데 효과적입니다. 면접에서는 왜 필요한지와 장점을 묻습니다. 실무에서는 빌드 도구와 실행 환경을 분리해 보안과 성능을 개선합니다. 잘 적용하면 배포 속도도 빨라집니다. 컨테이너 운영에서 자주 쓰이는 중급 개념입니다.	멀티스테이지빌드									devops	container	docker	
Q908	이미지 경량화(Image Slimming)		DevOps / Cloud - 컨테이너	63	INITIALS	MEDIUM	컨테이너 이미지 크기를 줄여 배포 효율을 높이는 작업을 무엇이라고 하는가?	이미지 경량화는 보안과 성능에 모두 영향을 줍니다. 면접에서는 왜 이미지가 작을수록 좋은지 질문이 나옵니다. 실무에서는 불필요한 패키지 제거와 베이스 이미지 선택이 중요합니다. 이미지가 커질수록 배포 시간과 공격 표면이 늘어납니다. 경량화는 컨테이너 품질 관리의 핵심입니다.	이미지경량화									devops	container	optimization	
Q909	오토 스케일링 정책(Auto Scaling Policy)		DevOps / Cloud - 클라우드 서비스	64	INITIALS	MEDIUM	CPU 사용률이나 요청 수에 따라 확장 기준을 정의한 규칙을 무엇이라고 하는가?	오토 스케일링 정책은 확장 조건을 결정합니다. 면접에서는 임계치 설정의 어려움을 묻습니다. 실무에서는 너무 민감하면 불필요한 확장이 발생합니다. 적절한 정책 설정이 비용과 성능 균형을 좌우합니다. 정책 설계는 경험이 필요한 영역입니다.	오토스케일링정책									cloud	scaling	devops	
Q910	로드 테스트(Load Test)		DevOps / Cloud - 클라우드 서비스	64	INITIALS	MEDIUM	시스템이 많은 트래픽을 처리할 수 있는지 검증하는 테스트를 무엇이라고 하는가?	로드 테스트는 성능 한계를 파악하는 데 사용됩니다. 면접에서는 스트레스 테스트와의 차이를 묻습니다. 실무에서는 배포 전 병목을 찾는 데 중요합니다. 테스트 결과를 기반으로 스케일링 전략을 조정합니다. 안정적인 운영을 위한 필수 절차입니다.	로드테스트									cloud	performance	devops	
Q911	장애 복구 계획(Disaster Recovery Plan)		DevOps / Cloud - 클라우드 서비스	64	INITIALS	MEDIUM	대규모 장애 발생 시 복구 절차를 문서화한 계획을 무엇이라고 하는가?	장애 복구 계획은 서비스 연속성을 보장합니다. 면접에서는 복구 시간 목표와 연계해 질문이 나옵니다. 실무에서는 정기적인 복구 훈련이 중요합니다. 문서만 있고 실행하지 않으면 의미가 없습니다. 중급 운영 역량에서 반드시 다뤄지는 주제입니다.	장애복구계획									cloud	recovery	devops	
Q912	가용성(Availability)		DevOps / Cloud - 클라우드 서비스	64	INITIALS	MEDIUM	시스템이 정상적으로 서비스를 제공할 수 있는 비율을 의미하는 개념은 무엇인가?	가용성은 퍼센트로 표현됩니다. 면접에서는 99.9 퍼센트의 의미를 묻습니다. 실무에서는 이중화와 모니터링으로 가용성을 높입니다. 가용성은 사용자 신뢰와 직결됩니다. 운영 설계의 핵심 지표입니다.	가용성									cloud	availability	devops	
Q913	최소 권한 원칙(Least Privilege)		DevOps / Cloud - 클라우드 서비스	64	INITIALS	MEDIUM	사용자나 서비스에 꼭 필요한 권한만 부여하는 보안 원칙을 무엇이라고 하는가?	최소 권한 원칙은 보안 사고의 피해를 줄입니다. 면접에서는 IAM 설계와 함께 자주 질문됩니다. 실무에서는 과도한 관리자 권한을 피해야 합니다. 권한 관리는 시간이 지나면 느슨해지기 쉬워 주기적 점검이 필요합니다. 보안의 기본 원칙 중 하나입니다.	최소권한원칙									cloud	security	devops	
Q914	감사 로그(Audit Log)		DevOps / Cloud - 클라우드 서비스	64	INITIALS	MEDIUM	누가 언제 어떤 자원에 접근했는지 기록한 로그를 무엇이라고 하는가?	감사 로그는 보안과 컴플라이언스의 핵심입니다. 면접에서는 왜 필요한지 질문이 나옵니다. 실무에서는 장기 보관과 무결성이 중요합니다. 사고 발생 시 책임 추적에 사용됩니다. 운영 환경에서 필수적인 기록입니다.	감사로그									cloud	security	devops	
Q915	상태 관리(State Management)		DevOps / Cloud - IaC	65	INITIALS	MEDIUM	IaC에서 실제 인프라 상태를 추적하고 일관성을 유지하는 작업을 무엇이라고 하는가?	상태 관리는 IaC의 핵심 개념입니다. 면접에서는 상태 파일 충돌 문제를 묻습니다. 실무에서는 원격 상태 저장소를 사용해 협업 문제를 줄입니다. 상태가 꼬이면 인프라 변경이 위험해집니다. 안정적인 자동화를 위해 반드시 이해해야 합니다.	상태관리									devops	iac	state	
Q916	드리프트 감지(Drift Detection)		DevOps / Cloud - IaC	65	INITIALS	MEDIUM	코드와 실제 인프라 상태 차이를 찾아내는 작업을 무엇이라고 하는가?	드리프트 감지는 수동 변경을 발견하는 데 필요합니다. 면접에서는 드리프트 발생 원인을 묻습니다. 실무에서는 정기 점검과 자동 감지를 사용합니다. 드리프트를 방치하면 예기치 않은 장애가 발생할 수 있습니다. IaC 운영의 중요한 관리 포인트입니다.	드리프트감지									devops	iac	drift	
Q917	불변 인프라(Immutable Infrastructure)		DevOps / Cloud - IaC	65	INITIALS	MEDIUM	서버를 수정하지 않고 새로 만들어 교체하는 운영 방식을 무엇이라고 하는가?	불변 인프라는 환경 차이를 줄입니다. 면접에서는 장점과 단점을 함께 묻습니다. 실무에서는 컨테이너와 함께 자주 사용됩니다. 설정 변경으로 인한 오류를 줄이는 데 효과적입니다. 중급 DevOps 설계 개념입니다.	불변인프라									devops	iac	infrastructure	
Q918	관측성(Observability)		DevOps / Cloud - 클라우드 서비스	64	INITIALS	MEDIUM	로그 메트릭 트레이스를 통해 시스템 상태를 이해할 수 있는 능력을 무엇이라고 하는가?	관측성은 단순 모니터링보다 넓은 개념입니다. 면접에서는 모니터링과 차이를 묻습니다. 실무에서는 장애 원인 파악 속도를 높입니다. 관측성이 부족하면 문제를 재현하기 어렵습니다. 현대 DevOps에서 매우 중요한 개념입니다.	관측성									cloud	observability	devops	
Q919	서비스 디스커버리(Service Discovery)		DevOps / Cloud - 클라우드 서비스	64	INITIALS	MEDIUM	동적으로 변하는 서비스 위치를 자동으로 찾는 메커니즘을 무엇이라고 하는가?	서비스 디스커버리는 마이크로서비스 환경에서 필수입니다. 면접에서는 로드 밸런서와의 차이를 묻습니다. 실무에서는 장애와 확장에 유연하게 대응합니다. 정적 설정에 비해 운영 부담이 줄어듭니다. 분산 시스템의 핵심 개념입니다.	서비스디스커버리									cloud	microservice	devops	
Q920	서킷 브레이커(Circuit Breaker)		DevOps / Cloud - 클라우드 서비스	64	INITIALS	MEDIUM	장애가 발생한 서비스 호출을 차단해 연쇄 실패를 막는 패턴을 무엇이라고 하는가?	서킷 브레이커는 시스템 안정성을 높입니다. 면접에서는 타임아웃과 재시도와의 관계를 묻습니다. 실무에서는 장애 전파를 막는 데 효과적입니다. 설정이 잘못되면 정상 트래픽도 차단할 수 있습니다. 분산 환경에서 중요한 보호 장치입니다.	서킷브레이커									cloud	resilience	devops	
Q921	트렁크 기반 개발(Trunk Based Development)		DevOps / Cloud - 버전 관리	61	INITIALS	MEDIUM	장기 브랜치를 최소화하고 메인 브랜치 중심으로 짧은 주기로 통합하는 개발 방식을 무엇이라고 하는가?	트렁크 기반 개발은 CI 환경에 최적화된 브랜치 전략입니다. 면접에서는 Git Flow와의 차이를 자주 묻습니다. 실무에서는 기능 플래그와 함께 사용해 배포 위험을 줄입니다. 잦은 통합으로 충돌을 빠르게 해결할 수 있습니다. DevOps 문화와 잘 맞는 전략입니다.	트렁크기반개발									devops	git	branch	
Q922	기능 플래그(Feature Flag)		DevOps / Cloud - CI/CD	62	INITIALS	MEDIUM	배포 후에도 기능의 활성화를 제어할 수 있도록 하는 설정 기법을 무엇이라고 하는가?	기능 플래그는 코드 배포와 기능 공개를 분리합니다. 면접에서는 무중단 배포와의 관계를 묻습니다. 실무에서는 점진적 롤아웃과 장애 대응에 활용됩니다. 플래그 관리가 안 되면 기술 부채가 됩니다. 중급 DevOps 개념입니다.	기능플래그									devops	cicd	feature_flag	
Q923	지속적 전달(Continuous Delivery)		DevOps / Cloud - CI/CD	62	INITIALS	MEDIUM	언제든지 배포 가능한 상태를 유지하도록 자동화하는 개발 방식을 무엇이라고 하는가?	지속적 전달은 배포 버튼을 누를 수 있는 상태를 유지하는 것이 목표입니다. 면접에서는 지속적 배포와의 차이를 질문합니다. 실무에서는 품질 게이트와 승인 절차를 포함합니다. 안정성과 속도의 균형이 중요합니다.	지속적전달									devops	cicd	cd	
Q924	지속적 배포(Continuous Deployment)		DevOps / Cloud - CI/CD	62	INITIALS	MEDIUM	테스트를 통과한 변경 사항을 자동으로 운영 환경까지 배포하는 방식을 무엇이라고 하는가?	지속적 배포는 사람 개입 없이 배포가 이루어집니다. 면접에서는 위험 관리 방법을 묻습니다. 실무에서는 높은 테스트 신뢰도가 필수입니다. 작은 변경을 자주 배포하는 환경에 적합합니다.	지속적배포									devops	cicd	deployment	
Q925	품질 게이트(Quality Gate)		DevOps / Cloud - CI/CD	62	INITIALS	MEDIUM	테스트나 분석 결과가 기준을 통과해야 다음 단계로 진행되도록 하는 조건을 무엇이라고 하는가?	품질 게이트는 배포 안정성을 높입니다. 면접에서는 어떤 지표를 쓰는지 질문합니다. 실무에서는 코드 커버리지나 보안 스캔 결과를 사용합니다. 기준이 과하면 배포 속도가 느려질 수 있습니다.	품질게이트									devops	cicd	quality	
Q926	사이드카 패턴(Sidecar Pattern)		DevOps / Cloud - 컨테이너	63	INITIALS	MEDIUM	메인 컨테이너 옆에 보조 컨테이너를 두어 공통 기능을 제공하는 패턴을 무엇이라고 하는가?	사이드카 패턴은 로깅 프록시 보안 기능 분리에 쓰입니다. 면접에서는 장점과 단점을 묻습니다. 실무에서는 파드 단위 설계 이해가 필요합니다. 마이크로서비스 아키텍처에서 자주 사용됩니다.	사이드카패턴									devops	container	kubernetes	
Q927	서비스 메시(Service Mesh)		DevOps / Cloud - 컨테이너	63	INITIALS	MEDIUM	서비스 간 통신을 인프라 계층에서 제어하고 관측하는 구조를 무엇이라고 하는가?	서비스 메시는 트래픽 관리와 보안을 제공합니다. 면접에서는 API 게이트웨이와의 차이를 묻습니다. 실무에서는 복잡도가 증가할 수 있어 도입 판단이 중요합니다. 대규모 마이크로서비스 환경에서 사용됩니다.	서비스메시									devops	container	microservice	
Q928	HPA(Horizontal Pod Autoscaler)		DevOps / Cloud - 컨테이너	63	INITIALS	MEDIUM	쿠버네티스에서 파드 수를 자동으로 조절하는 기능을 무엇이라고 하는가?	HPA는 메트릭 기반으로 확장합니다. 면접에서는 CPU와 커스텀 메트릭을 묻습니다. 실무에서는 지연된 반응에 주의해야 합니다. 자동 확장의 핵심 기능입니다.	수평파드자동확장									devops	kubernetes	autoscaling	
Q929	스팟 인스턴스(Spot Instance)		DevOps / Cloud - 클라우드 서비스	64	INITIALS	MEDIUM	여유 자원을 저렴하게 제공하지만 중단될 수 있는 클라우드 인스턴스를 무엇이라고 하는가?	스팟 인스턴스는 비용 절감에 효과적입니다. 면접에서는 중단 대응 전략을 묻습니다. 실무에서는 배치나 비핵심 워크로드에 사용됩니다. 가용성 설계가 중요합니다.	스팟인스턴스									cloud	cost	devops	
Q930	예약 인스턴스(Reserved Instance)		DevOps / Cloud - 클라우드 서비스	64	INITIALS	MEDIUM	장기간 사용을 약정해 비용을 절감하는 인스턴스 구매 방식을 무엇이라고 하는가?	예약 인스턴스는 예측 가능한 워크로드에 적합합니다. 면접에서는 온디맨드와 차이를 묻습니다. 실무에서는 사용률 분석이 선행되어야 합니다. 비용 최적화 전략의 핵심입니다.	예약인스턴스									cloud	cost	devops	
Q931	네트워크 분리(Network Segmentation)		DevOps / Cloud - 클라우드 서비스	64	INITIALS	MEDIUM	시스템을 여러 네트워크 영역으로 나눠 보안을 강화하는 기법을 무엇이라고 하는가?	네트워크 분리는 침해 확산을 막습니다. 면접에서는 서브넷과의 관계를 묻습니다. 실무에서는 보안 그룹과 함께 사용됩니다. 클라우드 보안 설계의 기본입니다.	네트워크분리									cloud	security	devops	
Q932	비밀 관리(Secret Management)		DevOps / Cloud - CI/CD	62	INITIALS	MEDIUM	인증 정보나 키를 안전하게 저장하고 배포하는 체계를 무엇이라고 하는가?	비밀 관리는 보안 사고 예방의 핵심입니다. 면접에서는 환경 변수와의 차이를 묻습니다. 실무에서는 중앙 관리와 접근 통제가 중요합니다. 키 로테이션이 필수입니다.	비밀관리									devops	security	cicd	
Q933	제로 트러스트(Zero Trust)		DevOps / Cloud - 클라우드 서비스	64	INITIALS	MEDIUM	내부 네트워크도 신뢰하지 않고 항상 검증하는 보안 모델을 무엇이라고 하는가?	제로 트러스트는 현대 보안의 핵심 개념입니다. 면접에서는 전통 보안과의 차이를 묻습니다. 실무에서는 인증과 인가를 지속적으로 검증합니다. 클라우드 환경에 잘 맞는 모델입니다.	제로트러스트									cloud	security	devops	
Q934	인프라 드리프트(Infrastructure Drift)		DevOps / Cloud - IaC	65	INITIALS	MEDIUM	IaC 코드와 실제 인프라 상태가 달라지는 현상을 무엇이라고 하는가?	인프라 드리프트는 수동 변경으로 발생합니다. 면접에서는 예방 방법을 묻습니다. 실무에서는 정기 점검과 자동 감지가 필요합니다. 방치하면 장애 원인이 됩니다.	인프라드리프트									devops	iac	drift	
Q935	변경 관리(Change Management)		DevOps / Cloud - IaC	65	INITIALS	MEDIUM	인프라나 시스템 변경을 통제된 절차로 관리하는 활동을 무엇이라고 하는가?	변경 관리는 안정성과 추적성을 보장합니다. 면접에서는 승인 흐름을 묻습니다. 실무에서는 자동화와 문서화가 중요합니다. 무분별한 변경은 장애로 이어집니다.	변경관리									devops	iac	management	
Q936	SLO(Service Level Objective)		DevOps / Cloud - 클라우드 서비스	64	INITIALS	MEDIUM	서비스가 달성해야 할 목표 수준을 수치로 정의한 것을 무엇이라고 하는가?	SLO는 내부 운영 기준입니다. 면접에서는 SLA와의 차이를 묻습니다. 실무에서는 에러 버짓과 함께 사용됩니다. 신뢰성 관리의 핵심 개념입니다.	서비스수준목표									cloud	reliability	devops	
Q937	에러 버짓(Error Budget)		DevOps / Cloud - 클라우드 서비스	64	INITIALS	MEDIUM	허용 가능한 장애 범위를 수치로 표현한 개념을 무엇이라고 하는가?	에러 버짓은 안정성과 개발 속도의 균형을 잡습니다. 면접에서는 SRE 개념과 함께 질문됩니다. 실무에서는 배포 속도 조절에 사용됩니다. 신뢰성 중심 운영의 핵심입니다.	에러버짓									cloud	sre	devops	
Q938	블라스트 반경(Blast Radius)		DevOps / Cloud - 클라우드 서비스	64	INITIALS	MEDIUM	장애 발생 시 영향을 받는 범위를 의미하는 용어는 무엇인가?	블라스트 반경은 장애 설계의 핵심 지표입니다. 면접에서는 줄이는 방법을 묻습니다. 실무에서는 격리와 분산으로 최소화합니다. 장애 대응 전략에 중요합니다.	블라스트반경									cloud	reliability	devops	
Q939	점진적 롤아웃(Gradual Rollout)		DevOps / Cloud - CI/CD	62	INITIALS	MEDIUM	트래픽을 단계적으로 늘리며 새 버전을 배포하는 방식을 무엇이라고 하는가?	점진적 롤아웃은 위험을 낮춥니다. 면접에서는 카나리 배포와의 관계를 묻습니다. 실무에서는 모니터링이 필수입니다. 안정적인 배포 전략입니다.	점진적롤아웃									devops	deployment	cicd	
Q940	플랫폼 엔지니어링(Platform Engineering)		DevOps / Cloud - 클라우드 서비스	64	INITIALS	MEDIUM	개발자가 인프라를 쉽게 사용할 수 있도록 내부 플랫폼을 구축하는 접근 방식을 무엇이라고 하는가?	플랫폼 엔지니어링은 DevOps의 진화 형태입니다. 면접에서는 DevOps와의 차이를 묻습니다. 실무에서는 내부 개발자 경험 개선이 목표입니다. 대규모 조직에서 주목받는 개념입니다.	플랫폼엔지니어링									cloud	devops	platform	
Q941	머지 커밋(Merge Commit)		DevOps / Cloud - 버전 관리	61	INITIALS	MEDIUM	두 브랜치를 병합할 때 생성되어 병합 이력을 남기는 커밋을 무엇이라고 하는가?	머지 커밋은 병합 시점을 명확히 기록합니다. 면접에서는 리베이스와 비교해 언제 머지 커밋이 필요한지 질문이 나옵니다. 실무에서는 이력 추적과 감사에 유리하지만 히스토리가 복잡해질 수 있습니다. 팀 규칙에 따라 사용 여부를 정하는 것이 중요합니다.	머지커밋									devops	git	merge	
Q942	패스트 포워드(Fast Forward)		DevOps / Cloud - 버전 관리	61	INITIALS	MEDIUM	브랜치 분기 없이 커밋이 직선으로 이어질 때 추가 커밋 없이 병합되는 방식을 무엇이라고 하는가?	패스트 포워드는 히스토리를 단순하게 유지합니다. 면접에서는 머지 커밋과의 차이를 묻습니다. 실무에서는 기록 단순화를 위해 선호되기도 합니다. 다만 병합 시점이 명확히 남지 않을 수 있습니다.	패스트포워드									devops	git	merge	
Q943	스쿼시 머지(Squash Merge)		DevOps / Cloud - 버전 관리	61	INITIALS	MEDIUM	여러 커밋을 하나의 커밋으로 합쳐 병합하는 방식을 무엇이라고 하는가?	스쿼시 머지는 히스토리를 간결하게 만듭니다. 면접에서는 장단점과 사용 시점을 묻습니다. 실무에서는 기능 단위 커밋 정리에 유용합니다. 세부 변경 이력이 사라질 수 있어 주의가 필요합니다.	스쿼시머지									devops	git	merge	
Q944	아티팩트 저장소(Artifact Repository)		DevOps / Cloud - CI/CD	62	INITIALS	MEDIUM	빌드 산출물을 중앙에서 보관하고 관리하는 저장소를 무엇이라고 하는가?	아티팩트 저장소는 재현 가능한 배포를 돕습니다. 면접에서는 이미지 레지스트리와의 차이를 묻습니다. 실무에서는 버전 관리와 보존 정책이 중요합니다. 배포 신뢰성을 높이는 핵심 구성 요소입니다.	아티팩트저장소									devops	cicd	artifact	
Q945	파이프라인 병렬화(Parallelization)		DevOps / Cloud - CI/CD	62	INITIALS	MEDIUM	CI 작업을 동시에 실행해 전체 시간을 줄이는 기법을 무엇이라고 하는가?	병렬화는 파이프라인 속도를 개선합니다. 면접에서는 병렬화의 한계를 질문합니다. 실무에서는 리소스 경합과 의존성 관리가 중요합니다. 잘 설계하면 배포 주기가 크게 단축됩니다.	파이프라인병렬화									devops	cicd	pipeline	
Q946	캐시 무효화(Cache Invalidation)		DevOps / Cloud - CI/CD	62	INITIALS	MEDIUM	변경 후 이전 캐시를 사용하지 않도록 제거하거나 갱신하는 작업을 무엇이라고 하는가?	캐시 무효화는 정확성과 속도의 균형을 맞춥니다. 면접에서는 언제 무효화해야 하는지 묻습니다. 실무에서는 캐시 키 전략이 핵심입니다. 잘못되면 오래된 결과가 배포될 수 있습니다.	캐시무효화									devops	cicd	cache	
Q947	베이스 이미지(Base Image)		DevOps / Cloud - 컨테이너	63	INITIALS	MEDIUM	컨테이너 이미지를 만들 때 기반으로 사용하는 이미지를 무엇이라고 하는가?	베이스 이미지는 보안과 크기에 큰 영향을 줍니다. 면접에서는 경량 베이스 사용 이유를 묻습니다. 실무에서는 업데이트 주기와 취약점 관리가 중요합니다. 신뢰 가능한 이미지를 선택해야 합니다.	베이스이미지									devops	container	image	
Q948	이미지 서명(Image Signing)		DevOps / Cloud - 컨테이너	63	INITIALS	MEDIUM	컨테이너 이미지의 무결성과 출처를 검증하기 위해 서명하는 절차를 무엇이라고 하는가?	이미지 서명은 공급망 보안을 강화합니다. 면접에서는 왜 필요한지 질문이 나옵니다. 실무에서는 배포 전 검증 단계로 활용됩니다. 신뢰되지 않은 이미지 실행을 막는 데 효과적입니다.	이미지서명									devops	container	security	
Q949	리소스 요청(Request)		DevOps / Cloud - 컨테이너	63	INITIALS	MEDIUM	쿠버네티스에서 파드가 필요로 하는 최소 자원을 선언하는 값을 무엇이라고 하는가?	리소스 요청은 스케줄링 기준이 됩니다. 면접에서는 제한과의 차이를 묻습니다. 실무에서는 과소 설정 시 성능 문제가 발생할 수 있습니다. 적절한 설정이 안정성을 높입니다.	리소스요청									devops	kubernetes	resource	
Q950	리소스 제한(Limit)		DevOps / Cloud - 컨테이너	63	INITIALS	MEDIUM	파드가 사용할 수 있는 최대 자원을 제한하는 설정을 무엇이라고 하는가?	리소스 제한은 노드 보호에 중요합니다. 면접에서는 OOM 상황을 질문합니다. 실무에서는 너무 낮으면 장애를 유발합니다. 요청과 제한의 균형이 핵심입니다.	리소스제한									devops	kubernetes	resource	
Q951	네트워크 정책(Network Policy)		DevOps / Cloud - 컨테이너	63	INITIALS	MEDIUM	파드 간 통신을 제어하기 위한 규칙을 무엇이라고 하는가?	네트워크 정책은 마이크로세그멘테이션을 구현합니다. 면접에서는 기본 차단 모델을 묻습니다. 실무에서는 점진적으로 적용해야 장애를 줄일 수 있습니다. 보안 강화의 핵심 수단입니다.	네트워크정책									devops	kubernetes	security	
Q952	멀티 AZ 배치(Multi AZ)		DevOps / Cloud - 클라우드 서비스	64	INITIALS	MEDIUM	여러 가용 영역에 자원을 분산 배치하는 설계를 무엇이라고 하는가?	멀티 AZ는 단일 장애를 방지합니다. 면접에서는 비용과 지연을 질문합니다. 실무에서는 DB와 앱의 동시 분산이 중요합니다. 고가용성 설계의 기본입니다.	멀티가용영역									cloud	availability	devops	
Q953	트래픽 셰이핑(Traffic Shaping)		DevOps / Cloud - 클라우드 서비스	64	INITIALS	MEDIUM	네트워크 트래픽을 제어해 품질을 유지하는 기법을 무엇이라고 하는가?	트래픽 셰이핑은 혼잡을 완화합니다. 면접에서는 레이트 리밋과의 관계를 묻습니다. 실무에서는 급증 트래픽 완화에 사용됩니다. 안정적 서비스 운영에 중요합니다.	트래픽셰이핑									cloud	networking	devops	
Q954	레이트 리밋(Rate Limit)		DevOps / Cloud - 클라우드 서비스	64	INITIALS	MEDIUM	단위 시간당 요청 수를 제한하는 제어를 무엇이라고 하는가?	레이트 리밋은 과부하와 남용을 방지합니다. 면접에서는 적용 위치를 묻습니다. 실무에서는 API 보호에 필수입니다. 임계치 설정이 중요합니다.	레이트리밋									cloud	api	devops	
Q955	구성 드리프트(Configuration Drift)		DevOps / Cloud - IaC	65	INITIALS	MEDIUM	선언된 설정과 실제 시스템 설정이 달라지는 현상을 무엇이라고 하는가?	구성 드리프트는 수동 변경으로 발생합니다. 면접에서는 탐지 방법을 묻습니다. 실무에서는 자동 검사로 예방합니다. 방치 시 장애 원인이 됩니다.	구성드리프트									devops	iac	drift	
Q956	원격 상태(Remote State)		DevOps / Cloud - IaC	65	INITIALS	MEDIUM	IaC 상태 파일을 중앙 저장소에 보관해 협업하는 방식을 무엇이라고 하는가?	원격 상태는 충돌을 줄입니다. 면접에서는 잠금의 필요성을 묻습니다. 실무에서는 접근 제어가 중요합니다. 팀 단위 IaC 운영의 기본입니다.	원격상태									devops	iac	state	
Q957	변경 집합(Change Set)		DevOps / Cloud - IaC	65	INITIALS	MEDIUM	적용 전 인프라 변경 목록을 미리 검토하는 단위를 무엇이라고 하는가?	변경 집합은 영향 분석에 유용합니다. 면접에서는 plan과의 관계를 묻습니다. 실무에서는 리뷰와 승인에 활용됩니다. 안전한 변경을 돕습니다.	변경집합									devops	iac	change	
Q958	서비스 수준 지표(SLI)		DevOps / Cloud - 클라우드 서비스	64	INITIALS	MEDIUM	지연 시간이나 오류율처럼 서비스 성능을 측정하는 지표를 무엇이라고 하는가?	SLI는 SLO를 평가하는 기준입니다. 면접에서는 예시를 묻습니다. 실무에서는 자동 수집이 중요합니다. 신뢰성 관리의 기초입니다.	서비스수준지표									cloud	sre	devops	
Q959	변경 실패율(Change Failure Rate)		DevOps / Cloud - 클라우드 서비스	64	INITIALS	MEDIUM	배포 변경 중 장애로 이어진 비율을 나타내는 지표를 무엇이라고 하는가?	변경 실패율은 DORA 지표 중 하나입니다. 면접에서는 의미를 질문합니다. 실무에서는 품질 개선에 활용됩니다. 안정적인 배포의 핵심 지표입니다.	변경실패율									cloud	dora	devops	
Q960	리드 타임(Lead Time)		DevOps / Cloud - 클라우드 서비스	64	INITIALS	MEDIUM	코드 변경이 운영에 반영되기까지 걸리는 시간을 무엇이라고 하는가?	리드 타임은 배포 속도를 나타냅니다. 면접에서는 단축 방법을 묻습니다. 실무에서는 자동화와 병렬화가 중요합니다. DevOps 성숙도를 보여주는 지표입니다.	리드타임									cloud	dora	devops	
Q961	리베이스 인터랙티브(Interactive Rebase)		DevOps / Cloud - 버전 관리	61	INITIALS	MEDIUM	여러 커밋을 수정 삭제 합치기 등으로 재정렬하며 히스토리를 정리하는 Git 기능은 무엇인가?	인터랙티브 리베이스는 커밋 메시지 수정과 스쿼시 등을 통해 히스토리를 정돈합니다. 면접에서는 공개 브랜치에서 사용 시 위험을 묻습니다. 실무에서는 개인 브랜치에서만 사용해 협업 충돌을 피합니다. 커밋 품질을 높이는 도구이지만 규칙을 지키는 것이 중요합니다.	인터랙티브리베이스									devops	git	rebase	
Q962	브랜치 보호(Branch Protection)		DevOps / Cloud - 버전 관리	61	INITIALS	MEDIUM	특정 브랜치에 직접 푸시를 막고 리뷰나 테스트를 강제하는 설정을 무엇이라고 하는가?	브랜치 보호는 품질과 보안을 강화합니다. 면접에서는 왜 필요한지 질문이 나옵니다. 실무에서는 필수 리뷰 승인과 CI 통과를 조건으로 둡니다. 사고성 배포를 줄이는 핵심 장치입니다.	브랜치보호									devops	git	governance	
Q963	커밋 서명(Commit Signing)		DevOps / Cloud - 버전 관리	61	INITIALS	MEDIUM	커밋의 작성자 신뢰성을 보장하기 위해 서명을 추가하는 절차는 무엇인가?	커밋 서명은 공급망 보안을 강화합니다. 면접에서는 왜 필요한지 묻습니다. 실무에서는 조직 표준으로 강제하기도 합니다. 위변조 방지에 효과적입니다.	커밋서명									devops	git	security	
Q964	파이프라인 아티팩트(Pipeline Artifact)		DevOps / Cloud - CI/CD	62	INITIALS	MEDIUM	CI 단계 간에 전달되어 재사용되는 빌드 산출물을 무엇이라고 하는가?	파이프라인 아티팩트는 단계 분리와 재현성을 돕습니다. 면접에서는 캐시와 차이를 묻습니다. 실무에서는 보존 기간과 접근 제어가 중요합니다. 안정적인 배포의 연결 고리입니다.	파이프라인아티팩트									devops	cicd	artifact	
Q965	승인 게이트(Approval Gate)		DevOps / Cloud - CI/CD	62	INITIALS	MEDIUM	운영 반영 전에 사람의 승인을 요구하는 제어 지점을 무엇이라고 하는가?	승인 게이트는 위험을 관리합니다. 면접에서는 자동화와의 균형을 묻습니다. 실무에서는 고위험 변경에만 적용해 병목을 줄입니다. 통제와 속도의 균형이 핵심입니다.	승인게이트									devops	cicd	governance	
Q966	릴리즈 트레인(Release Train)		DevOps / Cloud - CI/CD	62	INITIALS	MEDIUM	정해진 일정에 맞춰 변경을 묶어 배포하는 릴리즈 운영 방식을 무엇이라고 하는가?	릴리즈 트레인은 예측 가능성을 높입니다. 면접에서는 지속적 배포와 비교를 묻습니다. 실무에서는 대규모 조직에서 활용됩니다. 일정 관리와 품질 관리가 장점입니다.	릴리즈트레인									devops	cicd	release	
Q967	이미지 취약점 스캔(Image Scan)		DevOps / Cloud - 컨테이너	63	INITIALS	MEDIUM	컨테이너 이미지의 보안 취약점을 검사하는 절차를 무엇이라고 하는가?	이미지 스캔은 공급망 보안의 핵심입니다. 면접에서는 CI 통합 여부를 묻습니다. 실무에서는 차단 기준과 예외 관리가 중요합니다. 조기 발견이 피해를 줄입니다.	이미지취약점스캔									devops	container	security	
Q968	런타임 보안(Runtime Security)		DevOps / Cloud - 컨테이너	63	INITIALS	MEDIUM	실행 중인 컨테이너의 이상 행위를 감시하고 차단하는 보안 영역은 무엇인가?	런타임 보안은 사후 대응이 아닌 실시간 보호를 목표로 합니다. 면접에서는 이미지 스캔과의 차이를 묻습니다. 실무에서는 오탐 관리가 중요합니다. 실행 중 보호가 핵심입니다.	런타임보안									devops	container	security	
Q969	노드 어피니티(Node Affinity)		DevOps / Cloud - 컨테이너	63	INITIALS	MEDIUM	특정 조건의 노드에 파드를 배치하도록 유도하는 규칙을 무엇이라고 하는가?	노드 어피니티는 배치 제어를 제공합니다. 면접에서는 태인트 톨러레이션과 비교를 묻습니다. 실무에서는 성능과 비용 최적화에 활용합니다. 스케줄링 전략의 핵심입니다.	노드어피니티									devops	kubernetes	scheduling	
Q970	태인트(Taint)		DevOps / Cloud - 컨테이너	63	INITIALS	MEDIUM	특정 노드에 파드 배치를 제한하기 위해 적용하는 표시를 무엇이라고 하는가?	태인트는 기본 차단 전략을 제공합니다. 면접에서는 톨러레이션과의 관계를 묻습니다. 실무에서는 전용 노드 운영에 사용됩니다. 오배치를 방지합니다.	태인트									devops	kubernetes	scheduling	
Q971	프라이빗 링크(Private Link)		DevOps / Cloud - 클라우드 서비스	64	INITIALS	MEDIUM	공용 인터넷을 거치지 않고 사설 네트워크로 서비스에 연결하는 방식을 무엇이라고 하는가?	프라이빗 링크는 보안을 강화합니다. 면접에서는 VPC 피어링과 비교를 묻습니다. 실무에서는 데이터 유출 위험을 줄입니다. 네트워크 보안의 중요한 수단입니다.	프라이빗링크									cloud	networking	devops	
Q972	네트워크 ACL(Network ACL)		DevOps / Cloud - 클라우드 서비스	64	INITIALS	MEDIUM	서브넷 단위에서 트래픽을 허용 차단하는 규칙 집합을 무엇이라고 하는가?	네트워크 ACL은 계층적 보안을 제공합니다. 면접에서는 보안 그룹과의 차이를 묻습니다. 실무에서는 광범위 제어에 사용됩니다. 설계 시 우선순위가 중요합니다.	네트워크에이씨엘									cloud	networking	security	
Q973	비용 할당 태그(Cost Allocation Tag)		DevOps / Cloud - 클라우드 서비스	64	INITIALS	MEDIUM	자원별 비용을 추적하기 위해 사용하는 태그를 무엇이라고 하는가?	비용 할당 태그는 비용 가시성을 높입니다. 면접에서는 태깅 전략을 묻습니다. 실무에서는 자동 태깅을 권장합니다. 재무 관리에 필수입니다.	비용할당태그									cloud	cost	devops	
Q974	서비스 계정(Service Account)		DevOps / Cloud - 클라우드 서비스	64	INITIALS	MEDIUM	애플리케이션이나 서비스가 사용하는 비인간 사용자 계정을 무엇이라고 하는가?	서비스 계정은 자동화의 핵심입니다. 면접에서는 최소 권한 설계를 묻습니다. 실무에서는 키 로테이션과 범위 제한이 중요합니다. 보안 사고 예방에 필수입니다.	서비스계정									cloud	iam	devops	
Q975	상태 잠금(State Locking)		DevOps / Cloud - IaC	65	INITIALS	MEDIUM	IaC 상태 파일의 동시 수정을 방지하기 위한 잠금 메커니즘은 무엇인가?	상태 잠금은 협업 충돌을 막습니다. 면접에서는 왜 필요한지 묻습니다. 실무에서는 원격 백엔드에서 제공됩니다. 안전한 적용의 필수 조건입니다.	상태잠금									devops	iac	state	
Q976	백엔드 구성(Backend Configuration)		DevOps / Cloud - IaC	65	INITIALS	MEDIUM	IaC에서 상태 저장소와 잠금 방식을 설정하는 구성을 무엇이라고 하는가?	백엔드 구성은 팀 협업의 기반입니다. 면접에서는 원격 상태의 장점을 묻습니다. 실무에서는 접근 제어와 암호화를 설정합니다. 안정적 운영의 출발점입니다.	백엔드구성									devops	iac	backend	
Q977	정책 코드화(Policy as Code)		DevOps / Cloud - IaC	65	INITIALS	MEDIUM	보안이나 규정 정책을 코드로 정의해 자동 검증하는 접근을 무엇이라고 하는가?	정책 코드화는 일관성을 보장합니다. 면접에서는 장점을 묻습니다. 실무에서는 사전 차단으로 사고를 줄입니다. 컴플라이언스 자동화의 핵심입니다.	정책코드화									devops	iac	policy	
Q978	변경 승인 흐름(Change Approval Flow)		DevOps / Cloud - IaC	65	INITIALS	MEDIUM	인프라 변경에 대해 검토와 승인을 거치는 절차를 무엇이라고 하는가?	변경 승인 흐름은 통제를 제공합니다. 면접에서는 자동화와의 조화를 묻습니다. 실무에서는 위험도 기반 적용이 좋습니다. 과도한 승인으로 병목을 만들지 않도록 주의합니다.	변경승인흐름									devops	iac	governance	
Q979	서비스 신뢰성 엔지니어링(SRE)		DevOps / Cloud - 클라우드 서비스	64	INITIALS	MEDIUM	신뢰성 지표와 자동화를 통해 운영을 개선하는 역할과 접근을 무엇이라고 하는가?	SRE는 신뢰성을 수치로 관리합니다. 면접에서는 SLO와 에러 버짓을 묻습니다. 실무에서는 자동화와 관측성이 핵심입니다. 대규모 운영에 효과적입니다.	서비스신뢰성엔지니어링									cloud	sre	devops	
Q980	페일오버(Failover)		DevOps / Cloud - 클라우드 서비스	64	INITIALS	MEDIUM	장애 발생 시 대체 자원으로 자동 전환되는 동작을 무엇이라고 하는가?	페일오버는 가용성을 보장합니다. 면접에서는 수동 전환과 비교를 묻습니다. 실무에서는 전환 시간과 데이터 일관성이 중요합니다. 고가용성 설계의 핵심 요소입니다.	페일오버									cloud	availability	devops	
Q981	리포지토리 미러링(Repository Mirroring)		DevOps / Cloud - 버전 관리	61	INITIALS	MEDIUM	한 저장소의 변경 사항을 다른 저장소로 자동 동기화하는 구성을 무엇이라고 하는가?	리포지토리 미러링은 백업이나 멀티 플랫폼 협업에 유용합니다. 면접에서는 읽기 전용 미러와 양방향 동기화 차이를 묻습니다. 실무에서는 권한과 충돌 정책을 명확히 해야 합니다. 장애 대비와 지역 분산에 활용됩니다.	저장소미러링									devops	git	mirror	
Q982	리비전 히스토리(Revision History)		DevOps / Cloud - 버전 관리	61	INITIALS	MEDIUM	파일이나 코드의 변경 이력을 버전 단위로 추적하는 기록을 무엇이라고 하는가?	리비전 히스토리는 변경 추적과 롤백의 근거가 됩니다. 면접에서는 커밋 로그와의 차이를 묻기도 합니다. 실무에서는 감사와 장애 분석에 활용됩니다. 이력 관리의 기본 개념입니다.	리비전히스토리									devops	git	history	
Q983	파이프라인 트리거(Pipeline Trigger)		DevOps / Cloud - CI/CD	62	INITIALS	MEDIUM	커밋 푸시나 일정 조건으로 파이프라인을 시작하게 하는 조건을 무엇이라고 하는가?	트리거는 자동화의 시작점입니다. 면접에서는 이벤트 기반과 스케줄 기반 차이를 묻습니다. 실무에서는 불필요한 실행을 줄이는 조건 설계가 중요합니다.	파이프라인트리거									devops	cicd	trigger	
Q984	테스트 병렬 실행(Test Parallelism)		DevOps / Cloud - CI/CD	62	INITIALS	MEDIUM	테스트를 동시에 실행해 전체 소요 시간을 줄이는 기법을 무엇이라고 하는가?	병렬 테스트는 CI 속도를 크게 개선합니다. 면접에서는 데이터 충돌 문제를 질문합니다. 실무에서는 테스트 격리와 시드 관리가 중요합니다.	테스트병렬실행									devops	cicd	test	
Q985	빌드 재현성(Reproducible Build)		DevOps / Cloud - CI/CD	62	INITIALS	MEDIUM	동일한 소스로 항상 동일한 산출물을 만들 수 있는 특성을 무엇이라고 하는가?	재현성은 신뢰 가능한 배포의 핵심입니다. 면접에서는 의존성 고정의 중요성을 묻습니다. 실무에서는 해시 검증과 잠금 파일을 사용합니다.	빌드재현성									devops	cicd	build	
Q986	이미지 레이어(Image Layer)		DevOps / Cloud - 컨테이너	63	INITIALS	MEDIUM	컨테이너 이미지가 단계별 파일 시스템 스냅샷으로 구성되는 구조를 무엇이라고 하는가?	이미지 레이어는 캐시와 배포 효율을 높입니다. 면접에서는 레이어 순서 최적화를 묻습니다. 실무에서는 변경이 잦은 단계는 뒤에 배치합니다.	이미지레이어									devops	container	image	
Q987	컨테이너 격리(Isolation)		DevOps / Cloud - 컨테이너	63	INITIALS	MEDIUM	컨테이너 간 자원과 프로세스를 분리하는 특성을 무엇이라고 하는가?	격리는 보안과 안정성의 기초입니다. 면접에서는 네임스페이스와 cgroup을 묻습니다. 실무에서는 완전한 VM 격리와 차이를 이해해야 합니다.	컨테이너격리									devops	container	security	
Q988	파드 수명주기(Pod Lifecycle)		DevOps / Cloud - 컨테이너	63	INITIALS	MEDIUM	쿠버네티스에서 파드의 생성부터 종료까지의 상태 흐름을 무엇이라고 하는가?	파드 수명주기는 장애 분석에 중요합니다. 면접에서는 Pending Running Failed 상태를 묻습니다. 실무에서는 재시작 정책과 연계됩니다.	파드수명주기									devops	kubernetes	pod	
Q989	비용 예측(Cost Forecasting)		DevOps / Cloud - 클라우드 서비스	64	INITIALS	MEDIUM	과거 사용량을 기반으로 향후 클라우드 비용을 추정하는 활동을 무엇이라고 하는가?	비용 예측은 예산 관리에 필수입니다. 면접에서는 태깅과 연계를 묻습니다. 실무에서는 스케일 정책과 함께 고려합니다.	비용예측									cloud	cost	devops	
Q990	네트워크 지연(Latency)		DevOps / Cloud - 클라우드 서비스	64	INITIALS	MEDIUM	요청이 전달되고 응답이 도착하기까지 걸리는 시간을 무엇이라고 하는가?	지연은 사용자 경험에 직접 영향을 줍니다. 면접에서는 대역폭과의 차이를 묻습니다. 실무에서는 리전 선택과 캐시로 개선합니다.	네트워크지연									cloud	networking	devops	
Q991	리소스 예약(Resource Reservation)		DevOps / Cloud - 클라우드 서비스	64	INITIALS	MEDIUM	특정 자원을 미리 확보해 성능을 보장하는 방식을 무엇이라고 하는가?	리소스 예약은 예측 가능한 워크로드에 유리합니다. 면접에서는 스팟과 비교를 묻습니다. 실무에서는 비용과 가용성 균형이 중요합니다.	리소스예약									cloud	capacity	devops	
Q992	트래픽 미러링(Traffic Mirroring)		DevOps / Cloud - 클라우드 서비스	64	INITIALS	MEDIUM	실제 트래픽을 복제해 분석 시스템으로 보내는 기법을 무엇이라고 하는가?	트래픽 미러링은 디버깅과 보안 분석에 유용합니다. 면접에서는 성능 영향 질문이 나옵니다. 실무에서는 개인정보 보호에 유의해야 합니다.	트래픽미러링									cloud	networking	devops	
Q993	정책 평가(Policy Evaluation)		DevOps / Cloud - IaC	65	INITIALS	MEDIUM	배포 전 정책 위반 여부를 자동으로 검사하는 단계를 무엇이라고 하는가?	정책 평가는 사전 차단을 가능하게 합니다. 면접에서는 파이프라인 통합을 묻습니다. 실무에서는 실패 기준을 명확히 합니다.	정책평가									devops	iac	policy	
Q994	구성 표준화(Configuration Standardization)		DevOps / Cloud - IaC	65	INITIALS	MEDIUM	인프라 설정을 일관된 기준으로 맞추는 활동을 무엇이라고 하는가?	표준화는 운영 리스크를 줄입니다. 면접에서는 모듈화와의 관계를 묻습니다. 실무에서는 템플릿과 코드 리뷰가 중요합니다.	구성표준화									devops	iac	config	
Q995	변경 영향 분석(Change Impact Analysis)		DevOps / Cloud - IaC	65	INITIALS	MEDIUM	변경이 미칠 범위와 위험을 사전에 분석하는 활동을 무엇이라고 하는가?	영향 분석은 안전한 변경의 전제입니다. 면접에서는 의존성 파악을 묻습니다. 실무에서는 변경 집합과 함께 수행합니다.	변경영향분석									devops	iac	change	
Q996	에지 로케이션(Edge Location)		DevOps / Cloud - 클라우드 서비스	64	INITIALS	MEDIUM	사용자와 가까운 위치에서 콘텐츠를 제공하는 거점을 무엇이라고 하는가?	에지는 지연을 줄입니다. 면접에서는 CDN과의 관계를 묻습니다. 실무에서는 정적 자산 가속에 사용됩니다.	에지로케이션									cloud	cdn	devops	
Q997	캐시 적중률(Cache Hit Rate)		DevOps / Cloud - 클라우드 서비스	64	INITIALS	MEDIUM	요청 중 캐시에서 바로 응답된 비율을 무엇이라고 하는가?	적중률은 캐시 효율 지표입니다. 면접에서는 개선 방법을 묻습니다. 실무에서는 키 설계와 TTL이 중요합니다.	캐시적중률									cloud	caching	devops	
Q998	서비스 종속성(Service Dependency)		DevOps / Cloud - 클라우드 서비스	64	INITIALS	MEDIUM	하나의 서비스가 다른 서비스에 의존하는 관계를 무엇이라고 하는가?	종속성은 장애 전파의 원인입니다. 면접에서는 맵핑 방법을 묻습니다. 실무에서는 시각화와 차단 패턴이 중요합니다.	서비스종속성									cloud	microservice	devops	
Q999	인프라 관찰 지점(Observability Signal)		DevOps / Cloud - 클라우드 서비스	64	INITIALS	MEDIUM	시스템 상태를 파악하는 데 사용되는 로그 메트릭 트레이스를 통칭하는 용어는 무엇인가?	관찰 지점은 문제 진단의 재료입니다. 면접에서는 세 신호를 묻습니다. 실무에서는 균형 있게 수집해야 합니다.	관찰지점									cloud	observability	devops	
Q1000	변경 감사(Change Audit)		DevOps / Cloud - 클라우드 서비스	64	INITIALS	MEDIUM	변경 이력을 추적해 규정 준수를 확인하는 절차를 무엇이라고 하는가?	변경 감사는 책임성과 보안을 강화합니다. 면접에서는 감사 로그 활용을 묻습니다. 실무에서는 자동 수집과 보관이 중요합니다.	변경감사									cloud	compliance	devops	
Q1001	리플로그(Reflog)		DevOps / Cloud - 버전 관리	61	INITIALS	HARD	Git에서 브랜치 HEAD 이동 이력까지 포함해 참조 변경 기록을 보관하는 로그를 무엇이라고 하는가?	리플로그는 브랜치나 HEAD가 가리키던 커밋의 이동 기록을 추적합니다. 면접에서는 reset이나 rebase로 커밋이 사라졌을 때 복구하는 방법으로 연결 질문이 나옵니다. 실무에서는 잘못된 리베이스나 리셋 이후 잃어버린 커밋을 되살리는 마지막 안전망으로 사용합니다. 다만 로컬에만 존재하고 보관 기간이 제한될 수 있어 영구 백업은 아닙니다. 리플로그를 알면 Git 사고 대응력이 크게 올라갑니다.	리플로그									devops	git	recovery	
Q1002	비스텍션(Bisect)		DevOps / Cloud - 버전 관리	61	INITIALS	HARD	특정 버그가 처음 발생한 커밋을 이분 탐색으로 찾아내는 Git 기능을 무엇이라고 하는가?	비스텍션은 커밋 구간을 반씩 줄이며 원인 커밋을 찾는 기능입니다. 면접에서는 언제 유용한지와 good bad 판단 방식을 묻습니다. 실무에서는 회귀 버그 분석에 매우 강력하지만, 자동 테스트가 잘 갖춰져야 효율이 극대화됩니다. 사람이 매번 수동으로 확인하면 시간이 많이 들 수 있습니다. 비스텍션은 대규모 히스토리에서 원인 추적 시간을 크게 줄입니다.	비스텍션									devops	git	debugging	
Q1003	서브모듈(Submodule)		DevOps / Cloud - 버전 관리	61	INITIALS	HARD	Git 저장소 안에 다른 Git 저장소를 특정 커밋으로 포함시키는 기능을 무엇이라고 하는가?	서브모듈은 외부 라이브러리나 공통 모듈을 별도 저장소로 유지하면서 참조할 때 사용합니다. 면접에서는 서브트리와 비교하거나, 서브모듈 업데이트 흐름을 묻기도 합니다. 실무에서는 초기 설정과 동기화가 까다로워 팀 온보딩 이슈가 생기기 쉬우므로 문서화가 중요합니다. 참조 커밋이 고정되기 때문에 버전 재현성은 좋지만 운영 복잡도가 증가할 수 있습니다.	서브모듈									devops	git	monorepo	
Q1004	원격 추적 브랜치(Remote Tracking Branch)		DevOps / Cloud - 버전 관리	61	INITIALS	HARD	로컬에서 origin main 같은 원격 브랜치 상태를 나타내는 참조를 무엇이라고 하는가?	원격 추적 브랜치는 원격 브랜치의 마지막으로 fetch된 상태를 나타냅니다. 면접에서는 fetch와 pull 차이, 그리고 origin main이 실제 원격이 아니라 로컬 참조라는 점을 자주 묻습니다. 실무에서는 PR 리뷰 전 원격 상태 확인, 충돌 예측, 리베이스 기준점 설정에 유용합니다. 이 개념을 모르면 pull 동작을 오해해 히스토리 꼬임이 생기기 쉽습니다.	원격추적브랜치									devops	git	branch	
Q1005	수동 승인 배포(Manual Promotion)		DevOps / Cloud - CI/CD	62	INITIALS	HARD	스테이징 검증 후 운영 반영을 사람 승인으로 다음 환경으로 승격시키는 방식을 무엇이라고 하는가?	수동 승인 배포는 환경 승격이라는 관점을 갖습니다. 면접에서는 환경별 파이프라인 분리와 승인 지점 설계를 묻습니다. 실무에서는 고위험 변경이나 규제 산업에서 흔하며, 승인 기록이 감사 대응에 도움이 됩니다. 반대로 과도하면 병목이 생겨 배포 리드 타임이 늘어납니다. 통제와 속도 사이에서 균형 설계가 필요합니다.	수동승인배포									devops	cicd	release	
Q1006	배포 전략 전환(Deployment Strategy Switch)		DevOps / Cloud - CI/CD	62	INITIALS	HARD	롤링에서 블루그린 또는 카나리 등 배포 방식을 상황에 맞게 바꾸는 운영 접근을 무엇이라고 하는가?	배포 전략 전환은 장애 대응과 안정성 최적화를 위해 사용됩니다. 면접에서는 각 전략의 전환 기준과 트래픽 제어 방식을 질문합니다. 실무에서는 아키텍처 제약과 데이터 호환성, 세션 유지 방식에 따라 선택이 달라집니다. 배포 전략을 유연하게 바꾸려면 관측성과 자동화가 필수입니다. 전략을 고정하면 특정 장애 유형에 취약해질 수 있습니다.	배포전략전환									devops	cicd	deployment	
Q1007	빌드 격리(Build Isolation)		DevOps / Cloud - CI/CD	62	INITIALS	HARD	빌드 환경이 서로 영향을 주지 않도록 컨테이너나 샌드박스로 분리해 실행하는 설계를 무엇이라고 하는가?	빌드 격리는 재현 가능한 빌드를 만드는 핵심 요소입니다. 면접에서는 공유 러너에서 발생하는 오염 문제를 질문할 수 있습니다. 실무에서는 의존성 충돌, 캐시 누수, 권한 오염을 막기 위해 격리된 환경을 사용합니다. 격리가 약하면 특정 빌드가 다른 빌드를 깨뜨리는 문제가 발생합니다. 안정적인 CI를 위해서는 격리 수준 설계가 중요합니다.	빌드격리									devops	cicd	build	
Q1008	공급망 보안(Software Supply Chain Security)		DevOps / Cloud - CI/CD	62	INITIALS	HARD	의존성 빌드 파이프라인 배포 경로 전체의 위협을 관리하는 보안 영역을 무엇이라고 하는가?	공급망 보안은 최근 DevOps에서 매우 중요한 주제입니다. 면접에서는 서명, SBOM, 취약점 스캔을 어떻게 연결하는지 묻습니다. 실무에서는 외부 의존성의 신뢰성과 빌드 산출물의 무결성을 보장해야 합니다. 단일 지점이 뚫리면 전체 배포 체인이 위험해집니다. 공급망 보안은 도구 도입보다 프로세스 정착이 핵심입니다.	공급망보안									devops	security	cicd	
Q1009	컨테이너 런타임(Container Runtime)		DevOps / Cloud - 컨테이너	63	INITIALS	HARD	컨테이너 실행을 담당하며 이미지 실행과 격리를 수행하는 구성 요소를 무엇이라고 하는가?	컨테이너 런타임은 실제로 컨테이너 프로세스를 실행하는 엔진입니다. 면접에서는 도커와 쿠버네티스 관계, 그리고 런타임 인터페이스 개념을 묻습니다. 실무에서는 런타임 교체나 버전 이슈가 장애 원인이 될 수 있어 호환성 검증이 중요합니다. 런타임의 책임 범위를 이해하면 문제 발생 시 원인 추적이 빨라집니다.	컨테이너런타임									devops	container	runtime	
Q1010	리소스 쿼터(Resource Quota)		DevOps / Cloud - 컨테이너	63	INITIALS	HARD	네임스페이스 단위로 사용할 수 있는 CPU 메모리 등 자원 상한을 제한하는 기능을 무엇이라고 하는가?	리소스 쿼터는 멀티 테넌트 환경에서 필수입니다. 면접에서는 요청 제한과 쿼터의 차이를 묻습니다. 실무에서는 한 팀이 자원을 독점해 전체 클러스터를 불안정하게 만드는 것을 방지합니다. 쿼터가 너무 타이트하면 배포가 실패할 수 있어 용량 계획이 중요합니다.	리소스쿼터									devops	kubernetes	resource	
Q1011	파드 보안 표준(Pod Security Standards)		DevOps / Cloud - 컨테이너	63	INITIALS	HARD	컨테이너 권한과 보안 옵션을 기준으로 파드 실행 정책을 정의하는 표준을 무엇이라고 하는가?	파드 보안 표준은 파드 수준의 보안 기준을 제공합니다. 면접에서는 privileged 컨테이너와 같은 위험 설정을 어떻게 막는지 질문합니다. 실무에서는 기본 보안 수준을 강제해 공격 표면을 줄입니다. 기존 워크로드가 정책을 위반하면 배포가 실패할 수 있어 단계적 적용이 필요합니다.	파드보안표준									devops	kubernetes	security	
Q1012	서비스 계정 토큰(Service Account Token)		DevOps / Cloud - 컨테이너	63	INITIALS	HARD	쿠버네티스 파드가 API 서버에 접근할 때 사용하는 인증 토큰을 무엇이라고 하는가?	서비스 계정 토큰은 파드가 클러스터 리소스에 접근할 때 사용됩니다. 면접에서는 RBAC과 연계해 최소 권한을 어떻게 적용하는지 묻습니다. 실무에서는 토큰 노출이 곧 권한 탈취로 이어질 수 있어 시크릿 관리가 중요합니다. 불필요한 자동 마운트를 끄는 설정도 고려합니다.	서비스계정토큰									devops	kubernetes	rbac	
Q1013	VPC 엔드포인트(VPC Endpoint)		DevOps / Cloud - 클라우드 서비스	64	INITIALS	HARD	공용 인터넷을 통하지 않고 VPC 내부에서 클라우드 서비스에 사설로 접근하는 기능을 무엇이라고 하는가?	VPC 엔드포인트는 네트워크 노출을 줄이는 중요한 보안 기능입니다. 면접에서는 프라이빗 링크 개념과 연결해 질문이 나옵니다. 실무에서는 데이터 유출 위험을 낮추고, 아웃바운드 비용이나 경로 통제를 개선합니다. 라우팅과 DNS 설정이 얽혀 있어 구성 실수가 장애로 이어질 수 있습니다.	브이피씨엔드포인트									cloud	networking	devops	
Q1014	교차 계정 접근(Cross Account Access)		DevOps / Cloud - 클라우드 서비스	64	INITIALS	HARD	서로 다른 계정 간에 역할을 위임해 리소스에 접근하도록 하는 구성을 무엇이라고 하는가?	교차 계정 접근은 조직 구조가 분리된 환경에서 필수입니다. 면접에서는 역할 위임과 신뢰 정책 개념을 묻습니다. 실무에서는 최소 권한과 감사 로그가 특히 중요합니다. 설정이 느슨하면 다른 계정의 리소스가 노출될 수 있습니다.	교차계정접근									cloud	iam	security	
Q1015	키 관리 서비스(Key Management Service)		DevOps / Cloud - 클라우드 서비스	64	INITIALS	HARD	암호화 키의 생성 보관 회전을 중앙에서 관리하는 서비스를 무엇이라고 하는가?	키 관리 서비스는 데이터 암호화의 기반입니다. 면접에서는 암호화 키와 데이터 키 분리 개념을 묻기도 합니다. 실무에서는 키 회전과 접근 제어가 중요하며, 로그와 함께 감사 대응을 준비합니다. 키가 유출되면 암호화가 무력화되므로 운영 통제가 필수입니다.	키관리서비스									cloud	security	kms	
Q1016	상호 TLS(mTLS)		DevOps / Cloud - 클라우드 서비스	64	INITIALS	HARD	클라이언트와 서버가 서로 인증서를 검증하며 통신하는 TLS 방식을 무엇이라고 하는가?	mTLS는 양방향 인증으로 내부 통신 보안을 강화합니다. 면접에서는 왜 제로 트러스트에서 중요해졌는지 질문이 나옵니다. 실무에서는 인증서 배포와 회전 자동화가 어렵고, 실패 시 장애로 이어질 수 있습니다. 서비스 메시 환경에서 자주 사용되며 운영 복잡도를 이해해야 합니다.	상호티엘에스									cloud	security	mtls	
Q1017	테라폼 모듈(Terraform Module)		DevOps / Cloud - IaC	65	INITIALS	HARD	Terraform에서 재사용 가능한 인프라 구성을 묶어 배포 단위로 만든 것을 무엇이라고 하는가?	테라폼 모듈은 IaC의 재사용성과 표준화를 강화합니다. 면접에서는 모듈 버전 관리와 입력 출력 변수 설계를 묻습니다. 실무에서는 모듈이 곧 플랫폼의 API가 되므로 변경 호환성이 중요합니다. 모듈을 잘못 설계하면 조직 전체가 의존하게 되어 수정 비용이 커집니다.	테라폼모듈									devops	iac	terraform	
Q1018	상태 마이그레이션(State Migration)		DevOps / Cloud - IaC	65	INITIALS	HARD	IaC 상태 파일의 백엔드나 구조를 변경하면서 상태를 이전하는 작업을 무엇이라고 하는가?	상태 마이그레이션은 팀 운영이 성숙해질수록 필요해집니다. 면접에서는 상태 손상 위험과 롤백 전략을 질문합니다. 실무에서는 잠금과 백업, 사전 검증이 필수입니다. 잘못하면 인프라를 중복 생성하거나 삭제하는 사고로 이어질 수 있습니다.	상태마이그레이션									devops	iac	state	
Q1019	테라폼 상태 잠금(Terraform State Lock)		DevOps / Cloud - IaC	65	INITIALS	HARD	Terraform에서 동시 적용으로 인한 상태 충돌을 막기 위해 사용하는 잠금 메커니즘을 무엇이라고 하는가?	상태 잠금은 IaC 협업의 핵심 안전장치입니다. 면접에서는 원격 백엔드에서 잠금을 어떻게 제공하는지 질문합니다. 실무에서는 잠금이 풀리지 않을 때의 대응 절차도 중요합니다. 강제 해제는 사고 위험이 있어 신중해야 합니다.	테라폼상태잠금									devops	iac	terraform	
Q1020	불변 배포(Immutable Deployment)		DevOps / Cloud - CI/CD	62	INITIALS	HARD	기존 서버를 수정하지 않고 새 버전을 새 인스턴스로 생성해 교체하는 배포 방식을 무엇이라고 하는가?	불변 배포는 환경 오염을 줄이고 롤백을 단순화합니다. 면접에서는 롤링 배포와 비교해 장단점을 묻습니다. 실무에서는 이미지 기반 배포와 궁합이 좋지만 비용이 증가할 수 있습니다. 상태를 외부로 분리하지 않으면 적용이 어렵습니다.	불변배포									devops	cicd	deployment	
Q1021	컨벤셔널 커밋(Conventional Commits)		DevOps / Cloud - 버전 관리	61	INITIALS	HARD	커밋 메시지를 feat fix chore 같은 규칙으로 표준화해 자동 릴리즈 노트 생성에 활용하는 규격을 무엇이라고 하는가?	컨벤셔널 커밋은 커밋 메시지에 의미를 부여해 자동화를 가능하게 합니다. 면접에서는 왜 메시지 규칙이 배포 자동화와 연결되는지 질문이 나옵니다. 실무에서는 변경 로그 생성, 버전 자동 증가, 릴리즈 노트 품질 향상에 사용됩니다. 규칙이 느슨하면 자동화 품질이 떨어지고, 과도하면 개발자 부담이 생깁니다. 팀 합의와 도구 적용이 함께 가야 효과가 큽니다.	컨벤셔널커밋									devops	git	release	
Q1022	시맨틱 버저닝(Semantic Versioning)		DevOps / Cloud - 버전 관리	61	INITIALS	HARD	MAJOR MINOR PATCH 형태로 호환성 변경을 버전에 반영하는 규칙을 무엇이라고 하는가?	시맨틱 버저닝은 버전 번호에 호환성 의미를 담는 규칙입니다. 면접에서는 MAJOR 증가 조건과 하위 호환성 개념을 묻습니다. 실무에서는 라이브러리 배포와 API 버전 정책에 특히 중요합니다. 잘못된 버전 증가는 사용자 시스템을 깨뜨릴 수 있습니다. 자동 릴리즈와 결합될 때 효과가 극대화됩니다.	시맨틱버저닝									devops	versioning	release	
Q1023	원자적 커밋(Atomic Commit)		DevOps / Cloud - 버전 관리	61	INITIALS	HARD	하나의 커밋이 하나의 논리적 변경만 포함하도록 만드는 커밋 원칙을 무엇이라고 하는가?	원자적 커밋은 변경 단위를 작게 유지해 리뷰와 롤백을 쉽게 합니다. 면접에서는 왜 커밋을 작게 쪼개야 하는지 질문이 나옵니다. 실무에서는 회귀 원인 추적과 체리픽이 쉬워집니다. 반대로 너무 잘게 쪼개면 히스토리가 난잡해질 수 있어 균형이 필요합니다.	원자적커밋									devops	git	best_practice	
Q1024	블레이임(Blame)		DevOps / Cloud - 버전 관리	61	INITIALS	HARD	특정 라인의 마지막 수정 커밋과 작성자를 추적하는 Git 기능을 무엇이라고 하는가?	블레이임은 라인 단위 변경 이력을 확인하는 기능입니다. 면접에서는 회귀 분석에서 어떻게 활용하는지 질문할 수 있습니다. 실무에서는 책임 추궁이 아니라 원인 파악과 컨텍스트 이해를 위해 써야 합니다. 포맷팅 커밋이 많으면 유용성이 떨어질 수 있어 규칙이 필요합니다.	블레이임									devops	git	debugging	
Q1025	깃 훅(Git Hook)		DevOps / Cloud - 버전 관리	61	INITIALS	HARD	커밋 푸시 등 특정 Git 이벤트에 자동 스크립트를 실행하도록 하는 기능을 무엇이라고 하는가?	깃 훅은 로컬 단계에서 품질 검사를 자동으로 실행할 수 있습니다. 면접에서는 pre-commit과 pre-push 훅의 차이를 묻기도 합니다. 실무에서는 린트 테스트를 강제해 CI 실패를 줄입니다. 다만 로컬 환경 의존성이 생기기 쉬워 CI와 역할 분담이 중요합니다.	깃훅									devops	git	automation	
Q1026	파이프라인 단계 분리(Stage Separation)		DevOps / Cloud - CI/CD	62	INITIALS	HARD	빌드 테스트 배포를 독립 단계로 분리해 실패 원인을 빠르게 찾도록 설계하는 원칙을 무엇이라고 하는가?	단계 분리는 파이프라인 가시성과 디버깅 속도를 높입니다. 면접에서는 왜 단계를 쪼개야 하는지와 캐시 활용을 묻습니다. 실무에서는 병렬화와 재시도를 단계 단위로 설계해 효율을 높입니다. 단계가 너무 많으면 유지보수 비용이 증가하므로 적정 수준이 중요합니다.	단계분리									devops	cicd	pipeline	
Q1027	배포 동결(Release Freeze)		DevOps / Cloud - CI/CD	62	INITIALS	HARD	특정 기간 동안 운영 배포를 중단해 안정성을 확보하는 운영 정책을 무엇이라고 하는가?	배포 동결은 대규모 이벤트나 피크 시즌에 자주 적용됩니다. 면접에서는 동결의 장단점과 대체 전략을 묻습니다. 실무에서는 핫픽스 예외 규칙과 승인 흐름이 중요합니다. 동결이 잦으면 DevOps 속도가 떨어지므로 위험 기반 운영과 균형을 맞춰야 합니다.	배포동결									devops	cicd	release	
Q1028	블루그린 배포(Blue Green Deployment)		DevOps / Cloud - CI/CD	62	INITIALS	HARD	구버전과 신버전을 동시에 운영한 뒤 트래픽을 한 번에 전환하는 배포 방식을 무엇이라고 하는가?	블루그린 배포는 빠른 롤백이 장점입니다. 면접에서는 트래픽 전환 시 세션 처리와 데이터 마이그레이션 문제를 묻습니다. 실무에서는 비용이 증가할 수 있고, DB 스키마 호환성을 반드시 고려해야 합니다. 전환 시점 모니터링과 롤백 플랜이 필수입니다.	블루그린배포									devops	cicd	deployment	
Q1029	프로그레시브 딜리버리(Progressive Delivery)		DevOps / Cloud - CI/CD	62	INITIALS	HARD	관측 지표를 기반으로 점진적으로 트래픽을 늘리며 배포 위험을 제어하는 접근을 무엇이라고 하는가?	프로그레시브 딜리버리는 카나리 배포를 더 발전시킨 개념입니다. 면접에서는 자동 롤백 기준과 관측성 연결을 묻습니다. 실무에서는 SLO 기반 자동화가 핵심이며, 지표가 부정확하면 오탐으로 배포가 흔들릴 수 있습니다. 배포 자동화 수준이 높아야 효과가 큽니다.	프로그레시브딜리버리									devops	cicd	reliability	
Q1030	이미지 레지스트리(Image Registry)		DevOps / Cloud - 컨테이너	63	INITIALS	HARD	컨테이너 이미지를 저장하고 태그 버전 권한을 관리하는 저장소를 무엇이라고 하는가?	이미지 레지스트리는 컨테이너 배포 파이프라인의 핵심입니다. 면접에서는 프라이빗 레지스트리와 퍼블릭 레지스트리 차이를 묻습니다. 실무에서는 접근 제어와 취약점 스캔을 통합해 공급망 보안을 강화합니다. 레지스트리 장애는 배포 전체를 멈출 수 있어 가용성 설계가 중요합니다.	이미지레지스트리									devops	container	registry	
Q1031	오버레이 네트워크(Overlay Network)		DevOps / Cloud - 컨테이너	63	INITIALS	HARD	여러 노드에 걸친 컨테이너 통신을 위해 가상 네트워크를 구성하는 방식을 무엇이라고 하는가?	오버레이 네트워크는 클러스터 네트워킹의 핵심 개념입니다. 면접에서는 CNI와 연관된 질문이 나올 수 있습니다. 실무에서는 캡슐화로 인한 오버헤드와 MTU 문제를 주의해야 합니다. 네트워크 문제는 장애 원인 분석이 어렵기 때문에 구조 이해가 중요합니다.	오버레이네트워크									devops	container	networking	
Q1032	네트워크 플러그인(CNI)		DevOps / Cloud - 컨테이너	63	INITIALS	HARD	쿠버네티스에서 파드 네트워크 구성을 담당하는 인터페이스 표준을 무엇이라고 하는가?	CNI는 클러스터 네트워크 구현을 플러그인 방식으로 제공합니다. 면접에서는 서비스 네트워킹과 파드 IP 할당 원리를 묻습니다. 실무에서는 CNI 선택에 따라 정책 지원과 성능이 달라집니다. 설정 오류는 전체 통신 장애로 이어질 수 있습니다.	씨엔아이									devops	kubernetes	networking	
Q1033	파드 간 통신 정책(NetworkPolicy)		DevOps / Cloud - 컨테이너	63	INITIALS	HARD	쿠버네티스에서 인그레스 이그레스 기준으로 파드 통신을 허용 차단하는 정책을 무엇이라고 하는가?	네트워크 정책은 최소 통신만 허용하는 보안 설계를 가능하게 합니다. 면접에서는 기본 허용 모델과 기본 차단 모델을 묻습니다. 실무에서는 CNI가 정책을 지원해야 실제로 동작합니다. 단계적으로 적용하지 않으면 서비스 장애가 발생할 수 있습니다.	네트워크정책									devops	kubernetes	security	
Q1034	프라이빗 서브넷(Private Subnet)		DevOps / Cloud - 클라우드 서비스	64	INITIALS	HARD	공용 인터넷에서 직접 접근되지 않도록 라우팅된 서브넷을 무엇이라고 하는가?	프라이빗 서브넷은 내부 시스템과 데이터 계층에 자주 사용됩니다. 면접에서는 퍼블릭 서브넷과 차이, NAT 사용 여부를 묻습니다. 실무에서는 DB를 프라이빗에 두고 애플리케이션만 퍼블릭에 두는 구조가 일반적입니다. 라우팅과 보안 그룹 설계가 함께 맞아야 합니다.	프라이빗서브넷									cloud	networking	security	
Q1035	프라이빗 DNS(Private DNS)		DevOps / Cloud - 클라우드 서비스	64	INITIALS	HARD	VPC 내부에서만 해석되는 도메인 이름 해석 체계를 무엇이라고 하는가?	프라이빗 DNS는 내부 서비스 디스커버리와 연결됩니다. 면접에서는 공용 DNS와의 분리 이유를 묻습니다. 실무에서는 사설 엔드포인트와 함께 사용해 트래픽을 외부로 내보내지 않습니다. 잘못 설정하면 내부 서비스가 외부로 우회해 보안 이슈가 생길 수 있습니다.	프라이빗디엔에스									cloud	dns	networking	
Q1036	정책 기반 접근 제어(Policy Based Access Control)		DevOps / Cloud - 클라우드 서비스	64	INITIALS	HARD	역할이나 속성에 따라 정책으로 접근 권한을 결정하는 방식을 무엇이라고 하는가?	정책 기반 접근 제어는 IAM의 핵심 개념입니다. 면접에서는 RBAC과 ABAC 관점 차이를 묻기도 합니다. 실무에서는 정책이 복잡해질수록 오권한이 생기기 쉬우므로 최소 권한과 정기 점검이 중요합니다. 정책 변경은 반드시 감사 로그로 추적해야 합니다.	정책기반접근제어									cloud	iam	security	
Q1037	IaC 모듈화(Infrastructure Modularity)		DevOps / Cloud - IaC	65	INITIALS	HARD	반복되는 인프라 구성을 재사용 단위로 분리해 관리하는 설계를 무엇이라고 하는가?	IaC 모듈화는 재사용성과 유지보수성을 높입니다. 면접에서는 모듈 경계와 버전 전략을 묻습니다. 실무에서는 모듈이 표준이 되므로 변경 호환성이 매우 중요합니다. 모듈이 커지면 의존성이 증가해 수정 비용이 커질 수 있습니다.	아이에이씨모듈화									devops	iac	modularity	
Q1038	테라폼 플랜(Terraform Plan)		DevOps / Cloud - IaC	65	INITIALS	HARD	Terraform에서 적용 전 변경 사항을 미리 계산해 보여주는 결과를 무엇이라고 하는가?	플랜은 변경 영향 분석의 핵심입니다. 면접에서는 왜 플랜 리뷰가 중요한지 질문합니다. 실무에서는 PR에 플랜 결과를 붙여 검토하고 승인 후 적용합니다. 플랜과 실제 적용이 달라질 수 있는 조건도 이해해야 합니다.	테라폼플랜									devops	iac	terraform	
Q1039	깃옵스(GitOps)		DevOps / Cloud - IaC	65	INITIALS	HARD	Git을 단일 진실 공급원으로 삼아 인프라와 배포 상태를 선언적으로 운영하는 접근을 무엇이라고 하는가?	깃옵스는 선언형 구성과 자동 동기화를 결합합니다. 면접에서는 CI CD와의 차이, 그리고 드리프트 대응을 묻습니다. 실무에서는 PR 기반 변경과 감사 추적이 강점이지만 초기 설계가 복잡할 수 있습니다. 운영 자동화 수준을 높이려면 관측성과 롤백 전략이 함께 필요합니다.	깃옵스									devops	gitops	iac	
Q1040	정책 코드화(Policy as Code)		DevOps / Cloud - IaC	65	INITIALS	HARD	보안 규정이나 운영 정책을 코드로 정의해 파이프라인에서 자동 검증하도록 만드는 접근을 무엇이라고 하는가?	정책 코드화는 규정을 자동화해 일관성을 확보합니다. 면접에서는 컴플라이언스 자동화와의 연결을 묻습니다. 실무에서는 배포 전에 정책 위반을 차단해 사고를 줄입니다. 다만 예외 처리와 정책 버전 관리가 잘못되면 운영이 경직될 수 있습니다.	정책코드화									devops	iac	policy	
Q1041	서명된 커밋(Verified Commit)		DevOps / Cloud - 버전 관리	61	INITIALS	HARD	GPG 등으로 서명되어 플랫폼에서 검증 표시가 붙는 커밋을 무엇이라고 하는가?	서명된 커밋은 커밋의 작성자와 무결성을 검증할 수 있게 합니다. 면접에서는 왜 공급망 보안에서 커밋 서명이 중요해졌는지 질문이 나옵니다. 실무에서는 조직 정책으로 서명을 강제해 위장 커밋을 줄입니다. 다만 키 관리와 로테이션이 필요하며, 자동화 계정 서명 전략도 함께 설계해야 합니다. 커밋 서명은 DevOps 보안 성숙도의 지표로도 사용됩니다.	서명된커밋									devops	git	security	
Q1042	대용량 파일 저장(Git LFS)		DevOps / Cloud - 버전 관리	61	INITIALS	HARD	대용량 바이너리를 Git에 직접 넣지 않고 포인터로 관리하는 확장 기능을 무엇이라고 하는가?	Git LFS는 큰 파일을 별도 스토리지로 관리해 저장소 비대화를 막습니다. 면접에서는 왜 일반 Git이 바이너리에 취약한지 질문할 수 있습니다. 실무에서는 모델 파일이나 미디어 파일을 다룰 때 유용하지만, CI 환경에서 LFS fetch 설정을 놓치면 빌드가 깨질 수 있습니다. 권한과 스토리지 비용 관리도 중요합니다.	깃엘에프에스									devops	git	storage	
Q1043	리비전 고정(Pin Revision)		DevOps / Cloud - 버전 관리	61	INITIALS	HARD	의존 모듈이나 서브모듈을 특정 커밋 해시로 고정해 재현성을 확보하는 것을 무엇이라고 하는가?	리비전 고정은 재현 가능한 빌드의 핵심 전략입니다. 면접에서는 최신을 따라가는 방식과 고정 방식의 트레이드오프를 묻습니다. 실무에서는 고정으로 안정성을 확보하되, 주기적으로 업데이트해 보안 패치를 반영해야 합니다. 고정이 없으면 같은 빌드가 환경마다 다르게 나올 수 있습니다.	리비전고정									devops	git	reproducibility	
Q1044	변경 로그 자동 생성(Changelog Generation)		DevOps / Cloud - 버전 관리	61	INITIALS	HARD	커밋 규칙과 태그를 기반으로 릴리즈 노트를 자동으로 만드는 작업을 무엇이라고 하는가?	변경 로그 자동 생성은 배포 커뮤니케이션을 표준화합니다. 면접에서는 컨벤셔널 커밋과 함께 자주 연결 질문이 나옵니다. 실무에서는 누락을 줄이고 릴리즈 품질을 높이지만, 규칙 위반 커밋이 섞이면 결과가 깨집니다. 자동화를 신뢰하려면 입력 데이터 품질이 중요합니다.	변경로그자동생성									devops	git	release	
Q1045	점진적 배포 자동 롤백(Auto Rollback)		DevOps / Cloud - CI/CD	62	INITIALS	HARD	카나리 등 점진적 배포에서 지표 악화 시 자동으로 이전 버전으로 되돌리는 기능을 무엇이라고 하는가?	자동 롤백은 배포 안정성을 크게 높입니다. 면접에서는 어떤 지표를 롤백 트리거로 쓰는지 질문합니다. 실무에서는 오탐을 줄이기 위해 지표 창과 임계치 조정이 필요합니다. 자동 롤백이 잦으면 개발 속도가 떨어질 수 있어 원인 분석과 개선이 뒤따라야 합니다.	자동롤백									devops	cicd	reliability	
Q1046	배포 검증 테스트(Deployment Verification Test)		DevOps / Cloud - CI/CD	62	INITIALS	HARD	배포 직후 핵심 경로가 정상인지 확인하는 자동 검증 테스트를 무엇이라고 하는가?	배포 검증 테스트는 운영 반영 직후 실패를 빠르게 탐지합니다. 면접에서는 스모크 테스트와의 관계를 묻기도 합니다. 실무에서는 너무 많은 케이스를 넣으면 배포 속도가 느려져 핵심 경로 중심으로 설계합니다. 실패 시 자동 롤백과 결합하면 효과가 큽니다.	배포검증테스트									devops	cicd	testing	
Q1047	빌드 서명(Build Signing)		DevOps / Cloud - CI/CD	62	INITIALS	HARD	배포 산출물에 서명해 출처와 무결성을 검증 가능하게 만드는 절차를 무엇이라고 하는가?	빌드 서명은 공급망 보안의 핵심 통제입니다. 면접에서는 왜 아티팩트에 서명이 필요한지 질문이 나옵니다. 실무에서는 서명 키 보호와 서명 검증의 자동화가 중요합니다. 서명은 단독으로 충분하지 않고, 검증 정책과 함께 적용해야 효과가 있습니다.	빌드서명									devops	security	cicd	
Q1048	소프트웨어 자재 명세서(SBOM)		DevOps / Cloud - CI/CD	62	INITIALS	HARD	소프트웨어에 포함된 구성 요소와 의존성을 목록화한 문서를 무엇이라고 하는가?	SBOM은 공급망 보안을 위한 핵심 산출물입니다. 면접에서는 취약점 대응에서 SBOM의 역할을 묻습니다. 실무에서는 취약점이 발견되었을 때 영향 범위를 빠르게 파악할 수 있습니다. SBOM을 만들기만 하고 관리하지 않으면 최신성이 떨어져 의미가 약해집니다.	소프트웨어자재명세서									devops	security	sbom	
Q1049	서명 검증 정책(Signature Verification Policy)		DevOps / Cloud - CI/CD	62	INITIALS	HARD	서명되지 않은 아티팩트를 배포 단계에서 차단하도록 규칙을 강제하는 정책을 무엇이라고 하는가?	검증 정책은 보안 통제를 실제로 작동하게 합니다. 면접에서는 정책을 어디에 적용하는지 질문합니다. 실무에서는 레지스트리나 배포 시스템에서 검증을 강제합니다. 예외가 많아지면 정책이 무력화될 수 있어 거버넌스가 필요합니다.	서명검증정책									devops	security	policy	
Q1050	사이드카 프록시(Sidecar Proxy)		DevOps / Cloud - 컨테이너	63	INITIALS	HARD	서비스 메시에서 트래픽 제어와 mTLS 등을 수행하기 위해 파드에 함께 붙는 프록시 컨테이너를 무엇이라고 하는가?	사이드카 프록시는 애플리케이션 수정 없이 네트워크 기능을 제공합니다. 면접에서는 서비스 메시가 왜 사이드카를 쓰는지 질문이 나옵니다. 실무에서는 리소스 오버헤드와 디버깅 복잡도가 증가할 수 있습니다. 프록시 설정 오류는 전체 트래픽 장애로 이어질 수 있어 변경 관리가 중요합니다.	사이드카프록시									devops	container	service_mesh	
Q1051	증분 롤아웃(Incremental Rollout)		DevOps / Cloud - 컨테이너	63	INITIALS	HARD	파드나 서비스의 트래픽을 단계적으로 확장하며 배포를 진행하는 방식을 무엇이라고 하는가?	증분 롤아웃은 위험을 줄이는 배포 패턴입니다. 면접에서는 카나리와의 차이를 질문할 수 있습니다. 실무에서는 지표 기반 자동화와 결합해 운영 부담을 줄입니다. 단계 정의가 부정확하면 위험이 남거나 속도가 느려질 수 있습니다.	증분롤아웃									devops	kubernetes	deployment	
Q1052	서버리스 콜드 스타트(Cold Start)		DevOps / Cloud - 클라우드 서비스	64	INITIALS	HARD	서버리스에서 처음 호출 시 실행 환경이 준비되며 지연이 늘어나는 현상을 무엇이라고 하는가?	콜드 스타트는 지연 시간에 직접 영향을 줍니다. 면접에서는 왜 발생하는지와 완화 전략을 묻습니다. 실무에서는 워밍 전략이나 런타임 선택, 의존성 경량화로 줄입니다. 트래픽 패턴에 따라 체감 영향이 크게 달라집니다.	콜드스타트									cloud	serverless	performance	
Q1053	리전 간 복제(Cross Region Replication)		DevOps / Cloud - 클라우드 서비스	64	INITIALS	HARD	장애 대비를 위해 데이터를 다른 리전으로 복제하는 구성을 무엇이라고 하는가?	리전 간 복제는 DR 설계에서 핵심입니다. 면접에서는 비용과 지연, 일관성 트레이드오프를 묻습니다. 실무에서는 복제 지연으로 인한 RPO 문제가 생길 수 있습니다. 복구 시나리오 테스트가 반드시 필요합니다.	리전간복제									cloud	dr	devops	
Q1054	멀티 리전 액티브 액티브(Active Active)		DevOps / Cloud - 클라우드 서비스	64	INITIALS	HARD	여러 리전이 동시에 트래픽을 처리하도록 운영하는 고가용성 아키텍처를 무엇이라고 하는가?	액티브 액티브는 고가용성과 지연 개선을 목표로 합니다. 면접에서는 데이터 일관성과 충돌 해결을 질문합니다. 실무에서는 복잡도가 높고 비용이 증가할 수 있습니다. 글로벌 서비스에서 강력하지만 설계 난이도가 높습니다.	멀티리전액티브액티브									cloud	availability	devops	
Q1055	권한 상승(Privilege Escalation)		DevOps / Cloud - 클라우드 서비스	64	INITIALS	HARD	낮은 권한이 취약점을 통해 더 높은 권한을 획득하는 공격이나 위험을 무엇이라고 하는가?	권한 상승은 클라우드 침해 사고에서 자주 등장합니다. 면접에서는 최소 권한 원칙과 연결해 예방책을 묻습니다. 실무에서는 과도한 권한과 토큰 노출이 주요 원인입니다. 감사 로그와 정책 검증으로 위험을 줄입니다.	권한상승									cloud	security	devops	
Q1056	키 로테이션(Key Rotation)		DevOps / Cloud - 클라우드 서비스	64	INITIALS	HARD	보안 강화를 위해 인증 키를 주기적으로 교체하는 절차를 무엇이라고 하는가?	키 로테이션은 유출 피해를 줄이는 기본 통제입니다. 면접에서는 로테이션 자동화와 다운타임 방지 방법을 묻습니다. 실무에서는 이중 키 기간을 두고 점진 전환합니다. 로테이션이 실패하면 서비스 장애가 발생할 수 있어 테스트가 중요합니다.	키로테이션									cloud	security	iam	
Q1057	상태 분리(State Separation)		DevOps / Cloud - IaC	65	INITIALS	HARD	IaC에서 팀이나 환경별로 상태 파일을 분리해 충돌과 위험을 줄이는 설계를 무엇이라고 하는가?	상태 분리는 대규모 IaC 운영에서 중요한 전략입니다. 면접에서는 왜 상태를 나눠야 하는지 질문합니다. 실무에서는 prod dev 분리나 도메인별 분리로 권한과 위험을 격리합니다. 분리가 과하면 의존성 관리가 어려워질 수 있어 경계를 잘 정해야 합니다.	상태분리									devops	iac	state	
Q1058	정책 준수 자동화(Compliance Automation)		DevOps / Cloud - IaC	65	INITIALS	HARD	규정 준수 검사를 파이프라인과 IaC에 통합해 자동으로 수행하는 체계를 무엇이라고 하는가?	컴플라이언스 자동화는 반복 감사 대응 비용을 낮춥니다. 면접에서는 어떤 지표와 로그가 필요한지 질문합니다. 실무에서는 정책 코드화와 감사 로그가 핵심 입력입니다. 자동화가 없으면 운영이 사람 의존이 되어 누락이 발생합니다.	정책준수자동화									devops	iac	compliance	
Q1059	계획 적용 분리(Plan Apply Separation)		DevOps / Cloud - IaC	65	INITIALS	HARD	IaC에서 plan 결과를 리뷰한 뒤 승인된 결과만 apply하도록 분리하는 운영 원칙을 무엇이라고 하는가?	plan apply 분리는 안전한 변경의 핵심입니다. 면접에서는 왜 단일 커맨드 적용이 위험한지 질문합니다. 실무에서는 PR에 plan을 첨부하고 승인 후 apply를 수행합니다. 다만 plan과 apply 사이에 환경이 바뀌면 결과가 달라질 수 있어 잠금과 재검증이 필요합니다.	계획적용분리									devops	iac	governance	
Q1060	드리프트 자동 교정(Drift Remediation)		DevOps / Cloud - IaC	65	INITIALS	HARD	인프라 드리프트를 탐지한 뒤 선언된 상태로 되돌리도록 자동 수정하는 작업을 무엇이라고 하는가?	드리프트 교정은 선언형 운영의 핵심 마무리 단계입니다. 면접에서는 자동 교정의 위험과 통제 방법을 묻습니다. 실무에서는 무조건 자동 교정하면 장애가 생길 수 있어 승인 흐름을 두기도 합니다. 드리프트 원인을 제거하지 않으면 반복 발생합니다.	드리프트자동교정									devops	iac	drift	
Q1061	체리픽(Cherry Pick)		DevOps / Cloud - 버전 관리	61	INITIALS	HARD	특정 커밋 하나만 선택해 다른 브랜치에 적용하는 Git 기능을 무엇이라고 하는가?	체리픽은 필요한 변경만 분리해 적용할 때 유용합니다. 면접에서는 핫픽스를 운영 브랜치에 빠르게 반영하는 시나리오로 질문이 나옵니다. 실무에서는 동일 변경이 여러 브랜치에 중복 적용되며 충돌이 생길 수 있어 기록 관리가 중요합니다. 체리픽 남발은 히스토리를 복잡하게 만들 수 있습니다. 상황에 맞게 최소로 사용하는 것이 좋습니다.	체리픽									devops	git	branching	
Q1062	리버트(Revert)		DevOps / Cloud - 버전 관리	61	INITIALS	HARD	기존 커밋을 삭제하지 않고 반대 변경을 새 커밋으로 만들어 되돌리는 Git 명령을 무엇이라고 하는가?	리버트는 공유 브랜치에서 안전한 롤백 방식입니다. 면접에서는 reset과의 차이를 묻는 질문이 자주 나옵니다. 실무에서는 운영 장애 대응 시 이력 보존이 중요해 revert가 선호됩니다. 다만 여러 커밋이 얽힌 경우 리버트 충돌이 생길 수 있어 순서와 범위를 신중히 잡아야 합니다.	리버트									devops	git	rollback	
Q1063	리셋 하드(Hard Reset)		DevOps / Cloud - 버전 관리	61	INITIALS	HARD	HEAD를 특정 커밋으로 이동시키며 작업 트리와 스테이징 영역까지 강제로 맞추는 동작을 무엇이라고 하는가?	하드 리셋은 로컬 변경을 강제로 버릴 때 사용됩니다. 면접에서는 협업 브랜치에서 위험한 이유를 묻습니다. 실무에서는 공유 브랜치에 푸시된 커밋을 하드 리셋하면 히스토리가 꼬여 사고가 나기 쉽습니다. 되돌릴 때는 리플로그 등 복구 수단도 함께 알아야 합니다.	하드리셋									devops	git	history	
Q1064	리베이스(Rebase)		DevOps / Cloud - 버전 관리	61	INITIALS	HARD	커밋 기반을 다른 커밋으로 옮겨 히스토리를 직선으로 정리하는 Git 작업을 무엇이라고 하는가?	리베이스는 히스토리를 깔끔하게 만들지만 커밋 해시가 바뀝니다. 면접에서는 공개 브랜치에서 리베이스 금지 이유를 자주 묻습니다. 실무에서는 개인 브랜치에서만 사용하고, 공유 브랜치에서는 머지 전략을 택하는 경우가 많습니다. 리베이스 후 강제 푸시가 필요할 수 있어 팀 규칙이 중요합니다.	리베이스									devops	git	rebase	
Q1065	파이프라인 불변성(Pipeline Immutability)		DevOps / Cloud - CI/CD	62	INITIALS	HARD	동일 입력이면 동일 결과가 나오도록 파이프라인 정의와 실행 환경을 고정하는 원칙을 무엇이라고 하는가?	파이프라인 불변성은 배포 결과의 예측 가능성을 높입니다. 면접에서는 환경 드리프트와 연결해 질문이 나올 수 있습니다. 실무에서는 러너 이미지 고정, 의존성 잠금, 아티팩트 재사용 등으로 달성합니다. 불변성이 약하면 같은 커밋인데도 배포 결과가 달라져 장애 원인이 됩니다.	파이프라인불변성									devops	cicd	reproducibility	
Q1066	비밀 주입(Secret Injection)		DevOps / Cloud - CI/CD	62	INITIALS	HARD	파이프라인 실행 중 필요한 키 토큰 등을 안전하게 전달하는 방식을 무엇이라고 하는가?	비밀 주입은 CI 보안의 핵심입니다. 면접에서는 로그 노출과 권한 범위를 묻습니다. 실무에서는 마스킹, 최소 권한, 단기 토큰을 사용해 위험을 줄입니다. 잘못하면 빌드 로그에 키가 찍히거나 아티팩트에 포함되어 대형 사고가 납니다.	비밀주입									devops	cicd	security	
Q1067	배포 승인 기록(Approval Audit Trail)		DevOps / Cloud - CI/CD	62	INITIALS	HARD	누가 언제 어떤 배포를 승인했는지 추적 가능한 기록을 무엇이라고 하는가?	승인 기록은 감사 대응과 책임성 확보에 중요합니다. 면접에서는 규제 환경에서 왜 필요한지 질문합니다. 실무에서는 변경 관리와 결합해 운영 사고 시 원인 파악을 돕습니다. 기록이 남지 않으면 승인 프로세스가 무력화될 수 있습니다.	승인기록									devops	cicd	compliance	
Q1068	릴리즈 후보(Release Candidate)		DevOps / Cloud - CI/CD	62	INITIALS	HARD	운영 배포 직전 최종 검증을 위해 준비된 빌드를 무엇이라고 하는가?	릴리즈 후보는 최종 안정화 단계의 산출물입니다. 면접에서는 RC와 정식 릴리즈의 차이를 묻습니다. 실무에서는 QA와 보안 점검을 통과한 버전을 RC로 고정해 검증합니다. 검증 중 변경이 생기면 RC를 다시 만들어야 하므로 기준 관리가 중요합니다.	릴리즈후보									devops	cicd	release	
Q1069	입출력 제어(I O Throttling)		DevOps / Cloud - 컨테이너	63	INITIALS	HARD	특정 컨테이너의 디스크 I O 사용량을 제한해 노드 전체를 보호하는 제어를 무엇이라고 하는가?	I O 제어는 노이즈 네이버 문제를 줄이는 데 중요합니다. 면접에서는 CPU 메모리 외에 I O도 병목이 된다는 점을 묻기도 합니다. 실무에서는 로그 폭주나 대량 쓰기 작업이 다른 서비스에 영향을 주지 않도록 제한합니다. 제한이 과하면 성능이 급락할 수 있어 관측 기반 튜닝이 필요합니다.	입출력제어									devops	container	performance	
Q1070	노이즈 네이버(Noisy Neighbor)		DevOps / Cloud - 컨테이너	63	INITIALS	HARD	같은 노드 자원을 공유하는 워크로드 중 하나가 과도 사용으로 다른 워크로드 성능을 떨어뜨리는 현상을 무엇이라고 하는가?	노이즈 네이버는 멀티테넌시에서 자주 발생합니다. 면접에서는 리소스 요청 제한과 쿼터로 어떻게 완화하는지 질문이 나옵니다. 실무에서는 CPU 스로틀링, 메모리 OOM, 디스크 I O 병목 등 다양한 형태로 나타납니다. 격리 전략과 스케줄링 설계가 중요합니다.	노이즈네이버									devops	kubernetes	resource	
Q1071	디폴트 거부(Default Deny)		DevOps / Cloud - 컨테이너	63	INITIALS	HARD	네트워크 정책에서 기본적으로 모든 트래픽을 차단하고 필요한 것만 허용하는 접근을 무엇이라고 하는가?	디폴트 거부는 최소 권한 네트워크의 핵심입니다. 면접에서는 디폴트 허용과의 차이를 묻습니다. 실무에서는 단계적 적용이 필수이며, 관측 없이 적용하면 통신 장애가 발생할 수 있습니다. 정책 설계와 테스트가 매우 중요합니다.	디폴트거부									devops	kubernetes	security	
Q1072	서비스 엔드포인트(Service Endpoint)		DevOps / Cloud - 컨테이너	63	INITIALS	HARD	서비스가 실제로 트래픽을 전달할 대상 파드 목록을 가리키는 리소스를 무엇이라고 하는가?	엔드포인트는 서비스 디스커버리의 핵심 구성입니다. 면접에서는 서비스와 엔드포인트의 관계를 묻습니다. 실무에서는 엔드포인트가 비어 있으면 서비스가 살아 있어도 트래픽이 가지 않아 장애처럼 보입니다. 레이블 셀렉터 불일치가 흔한 원인입니다.	서비스엔드포인트									devops	kubernetes	service	
Q1073	서비스 엔드포인트슬라이스(EndpointSlice)		DevOps / Cloud - 컨테이너	63	INITIALS	HARD	대규모 엔드포인트를 효율적으로 관리하기 위해 엔드포인트를 분할해 관리하는 리소스를 무엇이라고 하는가?	엔드포인트슬라이스는 엔드포인트 확장성 문제를 해결합니다. 면접에서는 왜 필요한지와 장점을 묻습니다. 실무에서는 대규모 서비스에서 성능과 안정성에 영향을 줍니다. 레거시 엔드포인트와 병행되는 경우도 있어 동작 이해가 필요합니다.	엔드포인트슬라이스									devops	kubernetes	scaling	
Q1074	일관성 모델(Consistency Model)		DevOps / Cloud - 클라우드 서비스	64	INITIALS	HARD	분산 시스템에서 읽기 쓰기 시점의 보장 수준을 정의하는 개념을 무엇이라고 하는가?	일관성 모델은 분산 DB와 스토리지 이해의 핵심입니다. 면접에서는 강한 일관성과 최종 일관성 차이를 자주 묻습니다. 실무에서는 가용성과 지연을 위해 최종 일관성을 선택하는 서비스가 많습니다. 잘못 이해하면 데이터가 늦게 보이는 현상을 버그로 오해할 수 있습니다.	일관성모델									cloud	distributed	devops	
Q1075	최종 일관성(Eventual Consistency)		DevOps / Cloud - 클라우드 서비스	64	INITIALS	HARD	일정 시간이 지나면 결국 데이터가 일치하도록 보장하는 일관성 특성을 무엇이라고 하는가?	최종 일관성은 분산 시스템에서 흔한 선택입니다. 면접에서는 언제 허용 가능한지 질문합니다. 실무에서는 재시도와 멱등성 설계가 중요합니다. 지연 시간 동안의 읽기 결과 차이를 고려해야 합니다.	최종일관성									cloud	distributed	consistency	
Q1076	멱등성(Idempotency)		DevOps / Cloud - 클라우드 서비스	64	INITIALS	HARD	같은 요청을 여러 번 보내도 결과가 한 번 수행한 것과 동일하도록 만드는 성질을 무엇이라고 하는가?	멱등성은 재시도와 장애 복구에서 핵심입니다. 면접에서는 결제 같은 시나리오에서 왜 중요한지 묻습니다. 실무에서는 중복 요청을 안전하게 처리하기 위해 멱등 키를 사용합니다. 멱등성이 없으면 네트워크 오류만으로 중복 처리 사고가 날 수 있습니다.	멱등성									cloud	reliability	devops	
Q1077	권한 경계(Permission Boundary)		DevOps / Cloud - 클라우드 서비스	64	INITIALS	HARD	IAM에서 역할이나 사용자 권한이 최대 어디까지 확장될 수 있는지 상한을 두는 장치를 무엇이라고 하는가?	권한 경계는 권한 과다 부여를 방지하는 안전장치입니다. 면접에서는 최소 권한과 함께 자주 질문됩니다. 실무에서는 개발 팀이 정책을 만들더라도 경계를 통해 상한을 제한할 수 있습니다. 설정이 잘못되면 필요한 작업이 막히므로 설계와 테스트가 중요합니다.	권한경계									cloud	iam	security	
Q1078	테라폼 워크스페이스(Terraform Workspace)		DevOps / Cloud - IaC	65	INITIALS	HARD	동일 코드로 여러 환경 상태를 분리해 관리할 수 있도록 하는 Terraform 기능을 무엇이라고 하는가?	워크스페이스는 환경별 상태를 분리하는 기능입니다. 면접에서는 별도 스택 분리와의 차이를 묻습니다. 실무에서는 dev prod 분리를 쉽게 하지만, 의존성이 복잡한 경우 별도 디렉터리 분리가 더 낫기도 합니다. 사용 목적을 명확히 하고 남용을 피해야 합니다.	테라폼워크스페이스									devops	iac	terraform	
Q1079	락 파일(Lock File)		DevOps / Cloud - IaC	65	INITIALS	HARD	의존성 버전을 고정해 재현 가능한 실행을 돕는 고정 파일을 무엇이라고 하는가?	락 파일은 의존성 변동으로 인한 빌드 실패를 줄입니다. 면접에서는 왜 버전 고정이 필요한지 질문이 나옵니다. 실무에서는 CI에서 동일한 의존성을 설치하도록 보장합니다. 락 파일이 갱신될 때는 리뷰를 통해 변경 범위를 확인하는 습관이 필요합니다.	락파일									devops	reproducibility	iac	
Q1080	원격 상태 백엔드(Remote State Backend)		DevOps / Cloud - IaC	65	INITIALS	HARD	IaC 상태 파일을 로컬이 아닌 중앙 저장소에 두고 잠금과 협업을 지원하는 저장 방식을 무엇이라고 하는가?	원격 상태 백엔드는 팀 협업 IaC의 기본입니다. 면접에서는 왜 로컬 상태가 위험한지 질문합니다. 실무에서는 잠금, 접근 제어, 암호화가 핵심이며 백업 정책도 필요합니다. 백엔드 장애 시 배포가 멈출 수 있으므로 가용성도 고려해야 합니다.	원격상태백엔드									devops	iac	state	
Q1081	컨테이너 탈출(Container Escape)		DevOps / Cloud - 컨테이너	63	INITIALS	HARD	컨테이너 내부에서 호스트 권한이나 다른 워크로드로 침범할 수 있게 되는 보안 침해를 무엇이라고 하는가?	컨테이너 탈출은 격리 경계를 깨는 대표적 위협입니다. 면접에서는 왜 privileged 설정이나 호스트 마운트가 위험한지 질문이 나옵니다. 실무에서는 최소 권한 실행, 커널 취약점 패치, 런타임 보안으로 완화합니다. 탈출이 발생하면 호스트 전체가 위험해질 수 있어 탐지와 차단이 중요합니다. 공급망 보안과 함께 운영 보안의 핵심 주제입니다.	컨테이너탈출									devops	container	security	
Q1082	커널 공격 표면(Kernel Attack Surface)		DevOps / Cloud - 컨테이너	63	INITIALS	HARD	컨테이너가 호스트 커널을 공유함으로써 늘어나는 공격 가능 영역을 무엇이라고 하는가?	커널 공격 표면은 컨테이너 보안에서 핵심 개념입니다. 면접에서는 VM과 컨테이너 격리 차이를 물으며 이 지점을 짚습니다. 실무에서는 커널 패치, 보안 프로파일, 시스템 콜 제한으로 표면을 줄입니다. 공격 표면을 줄이지 않으면 하나의 취약점이 여러 워크로드에 영향을 줄 수 있습니다.	커널공격표면									devops	container	security	
Q1083	보안 컨텍스트(Security Context)		DevOps / Cloud - 컨테이너	63	INITIALS	HARD	쿠버네티스에서 컨테이너 실행 권한과 사용자 그룹 권한 상승 등을 설정하는 영역을 무엇이라고 하는가?	보안 컨텍스트는 런타임 권한을 세밀하게 제어합니다. 면접에서는 runAsNonRoot, readOnlyRootFilesystem 같은 옵션을 묻습니다. 실무에서는 기본값을 안전하게 두면 사고 가능성이 크게 줄어듭니다. 반대로 잘못 설정하면 애플리케이션이 실행되지 않을 수 있어 점진 적용과 테스트가 필요합니다.	보안컨텍스트									devops	kubernetes	security	
Q1084	세쿠컴프(Seccomp)		DevOps / Cloud - 컨테이너	63	INITIALS	HARD	리눅스 시스템 콜을 필터링해 컨테이너의 동작을 제한하는 보안 기술을 무엇이라고 하는가?	세쿠컴프는 시스템 콜을 제한해 공격 표면을 줄입니다. 면접에서는 AppArmor나 SELinux와 비교 질문이 나올 수 있습니다. 실무에서는 기본 프로파일을 적용해 위험한 호출을 막습니다. 제한이 과하면 정상 기능이 깨질 수 있어 프로파일 튜닝이 필요합니다.	세쿠컴프									devops	container	security	
Q1085	어드미션 컨트롤러(Admission Controller)		DevOps / Cloud - 컨테이너	63	INITIALS	HARD	쿠버네티스 API 요청을 승인 거부하거나 변경해 정책을 강제하는 구성 요소를 무엇이라고 하는가?	어드미션 컨트롤러는 클러스터 정책 집행의 관문입니다. 면접에서는 검증과 변환 동작의 차이를 묻습니다. 실무에서는 정책 코드화와 함께 배포 전에 위험 리소스를 차단합니다. 잘못된 정책은 정상 배포까지 막을 수 있어 롤아웃과 예외 정책이 중요합니다.	어드미션컨트롤러									devops	kubernetes	policy	
Q1086	웹훅 어드미션(Admission Webhook)		DevOps / Cloud - 컨테이너	63	INITIALS	HARD	외부 서비스로 API 요청을 보내 검증 변환을 수행하는 확장형 어드미션 방식을 무엇이라고 하는가?	웹훅 어드미션은 정책을 외부 로직으로 확장할 수 있습니다. 면접에서는 장애 시 영향과 타임아웃을 묻습니다. 실무에서는 웹훅 장애가 클러스터 배포를 막을 수 있어 고가용성 설계가 필수입니다. 정책 변경은 배포 전체에 영향을 주므로 변경 관리가 중요합니다.	웹훅어드미션									devops	kubernetes	webhook	
Q1087	서비스 메시(Service Mesh)		DevOps / Cloud - 컨테이너	63	INITIALS	HARD	마이크로서비스 간 통신을 프록시 계층으로 제어 관측 보안 처리하는 인프라 계층을 무엇이라고 하는가?	서비스 메시는 트래픽 제어와 mTLS, 관측성을 표준화합니다. 면접에서는 사이드카 방식과 장단점을 자주 묻습니다. 실무에서는 운영 복잡도와 리소스 오버헤드가 증가할 수 있어 적용 범위를 신중히 잡습니다. 네트워크 장애 분석이 더 어려워질 수 있어 도입 전 관측 설계가 필요합니다.	서비스메시									devops	container	networking	
Q1088	트래픽 분할(Traffic Splitting)		DevOps / Cloud - CI/CD	62	INITIALS	HARD	카나리 등에서 버전별로 트래픽 비율을 나눠 보내는 기법을 무엇이라고 하는가?	트래픽 분할은 점진 배포의 핵심 제어 수단입니다. 면접에서는 라우팅 기준과 지표 기반 자동화 질문이 나옵니다. 실무에서는 사용자 세그먼트나 헤더 기반 분할도 사용합니다. 분할이 잘못되면 일부 사용자에게만 장애가 반복될 수 있어 모니터링이 중요합니다.	트래픽분할									devops	cicd	deployment	
Q1089	카나리 분석(Canary Analysis)		DevOps / Cloud - CI/CD	62	INITIALS	HARD	카나리 배포 중 지표를 비교해 안전 여부를 판단하는 분석 절차를 무엇이라고 하는가?	카나리 분석은 배포 자동화의 의사결정 단계입니다. 면접에서는 어떤 지표를 비교하는지 묻습니다. 실무에서는 기준선 설정과 통계적 변동성을 고려해야 오탐을 줄일 수 있습니다. 분석이 부실하면 자동 롤백이 제대로 작동하지 않습니다.	카나리분석									devops	cicd	reliability	
Q1090	릴리즈 오케스트레이션(Release Orchestration)		DevOps / Cloud - CI/CD	62	INITIALS	HARD	여러 서비스의 배포 순서 의존성을 조정하며 배포를 통합 관리하는 체계를 무엇이라고 하는가?	릴리즈 오케스트레이션은 마이크로서비스 환경에서 중요합니다. 면접에서는 의존 서비스 순서와 호환성 배포를 묻습니다. 실무에서는 단계적 배포와 기능 토글을 함께 사용합니다. 오케스트레이션이 없으면 연쇄 장애와 롤백 복잡도가 커집니다.	릴리즈오케스트레이션									devops	cicd	release	
Q1091	디플로이 디커플링(Deploy Decoupling)		DevOps / Cloud - CI/CD	62	INITIALS	HARD	코드 배포와 기능 공개를 분리해 위험을 줄이는 운영 원칙을 무엇이라고 하는가?	배포 분리는 기능 토글과 함께 자주 사용됩니다. 면접에서는 왜 배포와 릴리즈를 나누는지 질문합니다. 실무에서는 장애 시 빠르게 기능을 끄고 배포 자체는 유지할 수 있습니다. 다만 토글 관리가 복잡해지면 기술 부채가 됩니다.	배포릴리즈분리									devops	cicd	feature_flag	
Q1092	분산 추적(Distributed Tracing)		DevOps / Cloud - 클라우드 서비스	64	INITIALS	HARD	여러 서비스 호출을 하나의 트레이스로 연결해 병목과 오류를 추적하는 관측 기법을 무엇이라고 하는가?	분산 추적은 마이크로서비스 관측성의 핵심입니다. 면접에서는 trace span 개념을 묻습니다. 실무에서는 샘플링 전략과 개인정보 마스킹이 중요합니다. 추적이 없으면 장애 원인을 찾는 시간이 크게 늘어납니다.	분산추적									cloud	observability	devops	
Q1093	에러 버짓(Error Budget)		DevOps / Cloud - 클라우드 서비스	64	INITIALS	HARD	SLO를 기준으로 허용 가능한 오류량을 예산처럼 관리하는 개념을 무엇이라고 하는가?	에러 버짓은 안정성과 속도의 균형 도구입니다. 면접에서는 SLI SLO와의 관계를 묻습니다. 실무에서는 버짓이 소진되면 배포를 제한하고 안정화에 집중합니다. 지표 정의가 부정확하면 팀 갈등이 생길 수 있어 합의가 중요합니다.	에러버짓									cloud	sre	devops	
Q1094	목표 서비스 수준(SLO)		DevOps / Cloud - 클라우드 서비스	64	INITIALS	HARD	서비스 지표의 목표치를 정의해 운영 의사결정에 사용하는 목표를 무엇이라고 하는가?	SLO는 운영 목표의 기준입니다. 면접에서는 SLA와 차이를 묻습니다. 실무에서는 현실적인 목표 설정이 중요하며, 너무 높으면 항상 실패하고 너무 낮으면 품질이 떨어집니다. SLO는 에러 버짓과 연결되어 배포 전략을 좌우합니다.	목표서비스수준									cloud	sre	devops	
Q1095	재해 복구(Disaster Recovery)		DevOps / Cloud - 클라우드 서비스	64	INITIALS	HARD	대규모 장애나 리전 장애를 대비해 복구 절차와 인프라를 준비하는 체계를 무엇이라고 하는가?	재해 복구는 사업 연속성의 핵심입니다. 면접에서는 RTO RPO를 자주 묻습니다. 실무에서는 문서만 있고 훈련이 없으면 실제 장애 때 실패합니다. 정기적인 DR 드릴과 자동화가 중요합니다.	재해복구									cloud	dr	devops	
Q1096	복구 목표 시간(RTO)		DevOps / Cloud - 클라우드 서비스	64	INITIALS	HARD	장애 발생 후 서비스가 복구되어야 하는 목표 시간을 무엇이라고 하는가?	RTO는 복구 시간 목표입니다. 면접에서는 RPO와 비교 질문이 자주 나옵니다. 실무에서는 아키텍처와 자동화 수준이 RTO를 결정합니다. 목표가 짧을수록 비용과 복잡도가 증가합니다.	복구목표시간									cloud	dr	devops	
Q1097	복구 목표 지점(RPO)		DevOps / Cloud - 클라우드 서비스	64	INITIALS	HARD	장애 시 허용 가능한 데이터 손실 범위를 시간으로 나타낸 목표를 무엇이라고 하는가?	RPO는 데이터 손실 허용치입니다. 면접에서는 백업과 복제 차이를 묻습니다. 실무에서는 복제 지연과 스냅샷 주기가 RPO에 영향을 줍니다. RPO를 줄이면 저장 비용과 네트워크 비용이 증가할 수 있습니다.	복구목표지점									cloud	dr	devops	
Q1098	정책 테스트(Policy Testing)		DevOps / Cloud - IaC	65	INITIALS	HARD	IaC 정책 코드가 의도대로 동작하는지 자동화 테스트로 검증하는 활동을 무엇이라고 하는가?	정책 테스트는 정책 코드화의 품질을 보장합니다. 면접에서는 정책 변경 시 위험을 어떻게 줄이는지 질문합니다. 실무에서는 허용해야 할 케이스와 차단해야 할 케이스를 테스트로 고정합니다. 테스트가 없으면 정책 변경이 배포를 갑자기 막는 사고가 날 수 있습니다.	정책테스트									devops	iac	policy	
Q1099	드리프트 탐지(Drift Detection)		DevOps / Cloud - IaC	65	INITIALS	HARD	선언된 IaC 상태와 실제 리소스 상태의 차이를 찾아내는 활동을 무엇이라고 하는가?	드리프트 탐지는 수동 변경이나 외부 도구 변경을 발견합니다. 면접에서는 왜 드리프트가 위험한지 묻습니다. 실무에서는 정기 스캔과 알림으로 조기에 대응합니다. 탐지만 하고 교정하지 않으면 운영 부채가 쌓입니다.	드리프트탐지									devops	iac	drift	
Q1100	변경 승인 워크플로(Approval Workflow)		DevOps / Cloud - IaC	65	INITIALS	HARD	인프라 변경을 PR 리뷰 승인 후에만 적용하도록 하는 승인 흐름을 무엇이라고 하는가?	승인 워크플로는 위험을 통제하는 거버넌스 장치입니다. 면접에서는 plan 리뷰와 apply 권한 분리를 묻습니다. 실무에서는 승인자 권한과 감사 로그가 중요합니다. 승인 규칙이 과도하면 배포 리드 타임이 길어질 수 있어 위험도 기반 설계가 필요합니다.	변경승인워크플로									devops	iac	governance	