question_temp_key	term_title	term_id	term_category	term_category_id	question_type	difficulty	question_text	explanation	text_answer	choice_1_text	choice_1_is_answer	choice_2_text	choice_2_is_answer	choice_3_text	choice_3_is_answer	choice_4_text	choice_4_is_answer	label_1_key	label_2_key	label_3_key	label_4_key
Q001	Redis 기본 개념		Database - NoSQL	27	CHOICE	EASY	Redis를 사용하는 가장 기본적인 목적은 무엇인가?	Redis는 메모리 기반 데이터 저장소로 빠른 읽기 쓰기 성능을 제공합니다. 주로 캐시 세션 카운터 등에 사용됩니다. 면접에서는 Redis가 왜 빠른지와 어디에 쓰는지를 자주 묻습니다. 실무에서는 DB 부하 감소가 핵심 목적입니다. Redis는 영구 저장이 아닌 속도 중심 도구로 이해해야 합니다.		자주 조회되는 데이터를 빠르게 제공한다	TRUE	파일을 장기 보관한다	FALSE	이미지 렌더링을 처리한다	FALSE	서버를 재시작한다	FALSE	caching	redis	nosql	backend
Q002	메모리 기반 저장소		Database - NoSQL	27	CHOICE	EASY	Redis가 빠른 이유로 가장 올바른 설명은?	Redis는 디스크가 아닌 메모리에 데이터를 저장합니다. 이로 인해 I O 비용이 거의 없어 매우 빠릅니다. 면접에서는 메모리 기반이라는 점을 반드시 언급해야 합니다. 대신 장애 시 데이터 유실 가능성도 함께 이해해야 합니다.		메모리에 데이터를 저장하기 때문이다	TRUE	CPU 코어 수가 많기 때문이다	FALSE	SQL을 사용하지 않기 때문이다	FALSE	네트워크 속도가 빠르기 때문이다	FALSE	caching	redis	memory	performance
Q003	캐시(Cache) 역할		Backend - 아키텍처 패턴	20	CHOICE	EASY	캐시를 사용하는 가장 큰 목적은 무엇인가?	캐시는 느린 자원 접근을 줄이기 위한 구조입니다. DB 호출을 줄여 전체 응답 시간을 개선합니다. 면접에서는 캐시 도입 효과를 묻습니다. 실무에서는 장애 시 캐시 미스 전략도 중요합니다.		응답 속도를 개선하기 위해서	TRUE	데이터 정합성을 보장하기 위해서	FALSE	트랜잭션을 관리하기 위해서	FALSE	로그를 저장하기 위해서	FALSE	caching	architecture	redis	performance
Q004	캐시 미스(Cache Miss)		Backend - 아키텍처 패턴	20	CHOICE	EASY	캐시 미스(Cache Miss) 상황으로 올바른 것은?	캐시에 데이터가 없을 때 발생하는 상황입니다. 이 경우 DB나 원본 저장소를 조회합니다. 면접에서는 캐시 히트 미스 차이를 묻습니다. 캐시 미스가 잦으면 성능 이점이 줄어듭니다.		캐시에 데이터가 없어 DB를 조회하는 경우	TRUE	캐시 데이터가 최신인 경우	FALSE	캐시가 자동 갱신된 경우	FALSE	서버가 종료된 경우	FALSE	caching	redis	cache_miss	backend
Q005	캐시 히트(Cache Hit)		Backend - 아키텍처 패턴	20	CHOICE	EASY	캐시 히트(Cache Hit)에 대한 설명으로 올바른 것은?	캐시에 원하는 데이터가 존재해 바로 응답하는 경우입니다. DB 접근이 없어 성능이 가장 좋습니다. 면접에서는 히트율 개념으로 이어집니다. 히트율이 높을수록 캐시 효과가 큽니다.		캐시에서 바로 데이터를 가져오는 경우	TRUE	DB를 먼저 조회하는 경우	FALSE	캐시를 비우는 작업	FALSE	트랜잭션이 실패한 경우	FALSE	caching	redis	cache_hit	performance
Q006	TTL(Time To Live)		Database - NoSQL	27	CHOICE	EASY	Redis에서 TTL(Time To Live)의 역할은 무엇인가?	TTL은 데이터의 유효 시간을 설정합니다. 시간이 지나면 자동으로 삭제됩니다. 면접에서는 왜 TTL이 필요한지를 묻습니다. 실무에서는 오래된 캐시로 인한 오류를 방지합니다.		데이터의 자동 만료 시간을 설정한다	TRUE	데이터를 암호화한다	FALSE	데이터를 압축한다	FALSE	서버 시간을 동기화한다	FALSE	caching	redis	ttl	expiration
Q007	세션 저장소		Backend - 아키텍처 패턴	20	CHOICE	EASY	Redis가 세션 저장소로 자주 사용되는 이유는?	Redis는 빠른 조회 성능과 분산 환경에 적합합니다. 여러 서버가 동일 세션을 공유할 수 있습니다. 면접에서는 로드밸런싱과 함께 설명합니다. 실무에서는 로그인 유지에 중요합니다.		빠르고 여러 서버에서 공유 가능하기 때문이다	TRUE	파일 저장에 유리해서	FALSE	SQL 쿼리가 가능해서	FALSE	UI 렌더링이 빨라서	FALSE	scaling	redis	session	backend
Q008	스케일 아웃		Backend - 아키텍처 패턴	20	CHOICE	EASY	Redis가 스케일 아웃 환경에서 유리한 이유는?	중앙 캐시로 여러 서버가 동일 데이터를 사용할 수 있습니다. 서버 수가 늘어나도 캐시를 공유합니다. 면접에서는 스케일 업과 비교합니다. 실무에서는 트래픽 대응이 핵심입니다.		여러 서버가 동일 캐시를 사용할 수 있어서	TRUE	서버 CPU가 자동 증가해서	FALSE	DB 트랜잭션이 줄어서	FALSE	코드 양이 줄어서	FALSE	scaling	redis	scale_out	backend
Q009	DB 부하 감소		Backend - 아키텍처 패턴	20	CHOICE	EASY	Redis 캐시 도입의 대표적인 효과는?	캐시는 DB 접근 횟수를 줄입니다. 결과적으로 DB 부하가 감소합니다. 면접에서는 성능 개선 포인트로 자주 등장합니다. 실무에서는 장애 예방에도 중요합니다.		데이터베이스 부하 감소	TRUE	네트워크 보안 강화	FALSE	코드 가독성 향상	FALSE	트랜잭션 보장	FALSE	caching	redis	performance	backend
Q010	인메모리(In-Memory)		Database - NoSQL	27	CHOICE	EASY	Redis를 인메모리 데이터베이스라고 부르는 이유는?	모든 데이터를 메모리에 저장하기 때문입니다. 매우 빠르지만 메모리 용량 한계가 있습니다. 면접에서는 장단점을 함께 말해야 합니다. 실무에서는 비용 고려가 필요합니다.		메모리에 데이터를 저장하기 때문이다	TRUE	데이터를 압축해서 저장하기 때문이다	FALSE	디스크 접근이 느리기 때문이다	FALSE	SQL을 사용하기 때문이다	FALSE	caching	redis	memory	nosql
Q011	캐시 일관성		Backend - 아키텍처 패턴	20	CHOICE	EASY	캐시 사용 시 주의해야 할 대표적인 문제는?	원본 데이터와 캐시 데이터가 달라질 수 있습니다. 이를 캐시 일관성 문제라고 합니다. 면접에서는 해결 전략을 묻습니다. 실무에서는 TTL이나 갱신 정책이 중요합니다.		데이터 불일치 가능성	TRUE	CPU 과부하	FALSE	네트워크 단절	FALSE	코드 중복	FALSE	caching	redis	consistency	backend
Q012	Write Through		Backend - 아키텍처 패턴	20	CHOICE	EASY	Write Through 캐시 전략의 특징은?	DB와 캐시에 동시에 쓰는 방식입니다. 데이터 일관성이 높습니다. 면접에서는 Write Back과 비교합니다. 실무에서는 성능과 안정성의 트레이드오프가 있습니다.		캐시와 DB에 동시에 저장한다	TRUE	캐시에만 저장한다	FALSE	DB에만 저장한다	FALSE	일정 시간 후 저장한다	FALSE	caching	redis	write_through	architecture
Q013	캐시 만료		Backend - 아키텍처 패턴	20	CHOICE	EASY	캐시 만료 정책을 사용하는 이유는?	오래된 데이터를 자동 제거하기 위함입니다. 최신 데이터 유지가 목적입니다. 면접에서는 TTL과 함께 묻습니다. 실무에서는 장애 예방에 중요합니다.		오래된 데이터를 자동 제거하기 위해	TRUE	네트워크 트래픽 증가	FALSE	메모리 암호화	FALSE	CPU 최적화	FALSE	caching	redis	ttl	expiration
Q014	Redis 장애		Database - NoSQL	27	CHOICE	EASY	Redis 장애 발생 시 가장 먼저 고려할 문제는?	메모리 기반 특성상 데이터 유실 가능성입니다. 면접에서는 persistence 옵션을 언급합니다. 실무에서는 장애 대비 전략이 필요합니다.		캐시 데이터 유실	TRUE	코드 컴파일 오류	FALSE	UI 깨짐	FALSE	DNS 오류	FALSE	scaling	redis	fault	backend
Q015	캐시 서버 분리		Backend - 아키텍처 패턴	20	CHOICE	EASY	Redis를 별도 서버로 두는 주된 이유는?	애플리케이션 서버와 부하를 분리하기 위함입니다. 확장성과 안정성이 좋아집니다. 면접에서는 구조 설명을 요구합니다. 실무에서는 필수에 가깝습니다.		부하 분산과 확장성 확보	TRUE	코드 재사용	FALSE	보안 인증	FALSE	UI 개선	FALSE	scaling	redis	architecture	backend
Q016	캐시 히트율		Backend - 아키텍처 패턴	20	CHOICE	EASY	캐시 히트율이 높다는 의미는?	요청 대부분이 캐시에서 처리된다는 뜻입니다. 성능이 좋습니다. 면접에서는 지표 의미를 묻습니다. 실무에서는 모니터링 대상입니다.		캐시에서 응답되는 비율이 높다	TRUE	DB 요청이 많다	FALSE	서버 장애가 많다	FALSE	네트워크 오류가 적다	FALSE	caching	redis	hit_ratio	performance
Q017	Redis 사용 사례		Database - NoSQL	27	CHOICE	EASY	Redis 사용 사례로 가장 적절한 것은?	실시간 랭킹 카운터 세션 저장 등에 적합합니다. 빠른 증가 감소 연산이 장점입니다. 면접 단골 질문입니다.		실시간 랭킹 관리	TRUE	대용량 이미지 저장	FALSE	장기 로그 보관	FALSE	소스 코드 관리	FALSE	caching	redis	use_case	backend
Q018	캐시와 DB 관계		Backend - 아키텍처 패턴	20	CHOICE	EASY	캐시와 DB의 관계로 올바른 설명은?	캐시는 DB를 대체하지 않습니다. 보조 역할입니다. 면접에서 자주 혼동을 짚습니다. 실무에서도 오해하면 위험합니다.		캐시는 DB를 보조한다	TRUE	캐시는 DB를 완전히 대체한다	FALSE	DB는 필요 없다	FALSE	캐시는 로그 저장소다	FALSE	caching	redis	database	backend
Q019	Redis 데이터 구조		Database - NoSQL	27	CHOICE	EASY	Redis의 특징 중 하나로 올바른 것은?	Redis는 문자열 리스트 셋 등 다양한 자료구조를 제공합니다. 면접에서는 자료구조 활용을 묻습니다. 실무에서는 성능 최적화에 중요합니다.		다양한 자료구조를 제공한다	TRUE	테이블 조인이 가능하다	FALSE	SQL 표준을 따른다	FALSE	트랜잭션만 지원한다	FALSE	caching	redis	data_structure	nosql
Q020	캐시 전략 필요성		Backend - 아키텍처 패턴	20	CHOICE	EASY	캐시 전략 설계가 중요한 이유는?	잘못된 캐시는 오히려 장애를 유발합니다. 일관성과 만료 전략이 핵심입니다. 면접에서는 설계 관점을 봅니다. 실무에서는 필수 역량입니다.		성능과 안정성에 직접적인 영향을 주기 때문에	TRUE	코드 길이를 줄이기 위해	FALSE	UI를 예쁘게 만들기 위해	FALSE	테스트를 생략하기 위해	FALSE	caching	redis	architecture	backend
Q021	캐시 무효화(Cache Invalidation)		Backend - 아키텍처 패턴	20	CHOICE	EASY	캐시 무효화(Cache Invalidation)의 의미로 가장 올바른 것은?	캐시 무효화는 캐시된 데이터가 더 이상 유효하지 않을 때 제거하거나 갱신하도록 처리하는 것입니다. 면접에서는 캐시가 왜 틀릴 수 있는지와 함께 무효화 전략을 물어봅니다. 실무에서는 원본 데이터 변경 시 캐시도 함께 갱신하지 않으면 오래된 값이 노출될 수 있습니다. TTL만 믿는 경우도 많아 주의가 필요합니다. 무효화는 캐시 설계의 핵심 포인트입니다.		캐시된 데이터를 제거하거나 갱신 처리한다	TRUE	캐시 서버를 재부팅한다	FALSE	데이터베이스 인덱스를 생성한다	FALSE	네트워크 트래픽을 차단한다	FALSE	caching	redis	invalidation	backend
Q022	캐시 워밍(Cache Warming)		Backend - 아키텍처 패턴	20	CHOICE	EASY	캐시 워밍(Cache Warming)에 대한 설명으로 올바른 것은?	캐시 워밍은 서비스 시작 직후 캐시 미스로 인한 느린 응답을 줄이기 위해 미리 데이터를 적재하는 방법입니다. 면접에서는 초기 트래픽 대응 관점에서 자주 등장합니다. 실무에서는 인기 상품 목록, 공통 코드 테이블 등을 미리 로딩하기도 합니다. 다만 워밍 대상이 너무 크면 시작 시간이 길어질 수 있어 범위를 조절해야 합니다.		자주 쓰는 데이터를 미리 캐시에 적재한다	TRUE	캐시를 전부 삭제한다	FALSE	DB를 읽기 전용으로 만든다	FALSE	서버 스레드를 늘린다	FALSE	caching	redis	warming	performance
Q023	캐시 스탬피드(Cache Stampede)		Backend - 아키텍처 패턴	20	CHOICE	EASY	캐시 스탬피드(Cache Stampede) 상황으로 가장 가까운 것은?	캐시가 동시에 만료되어 많은 요청이 한꺼번에 DB로 몰리는 현상입니다. 면접에서는 이를 완화하는 방법(락, 만료 분산)을 물어봅니다. 실무에서는 트래픽 피크에 DB가 터지는 원인이 되기도 합니다. 만료 시간을 랜덤하게 분산하는 것만으로도 완화가 됩니다.		캐시 만료 후 DB로 요청이 몰리는 현상	TRUE	캐시에 데이터가 항상 남는 현상	FALSE	DB가 자동 샤딩되는 현상	FALSE	네트워크가 암호화되는 현상	FALSE	caching	redis	stampede	scaling
Q024	캐시 키 설계		Backend - 아키텍처 패턴	20	CHOICE	EASY	Redis 캐시에서 키(Key) 설계 시 가장 중요한 것은?	캐시 키는 충돌 없이 유일해야 하고 예측 가능해야 합니다. 면접에서는 키 네이밍 규칙을 설명할 수 있어야 합니다. 실무에서는 user:123:profile 같은 prefix 구조를 많이 씁니다. 키가 애매하면 다른 데이터가 덮어써지는 사고가 생길 수 있습니다. 또한 너무 긴 키는 메모리 비용도 고려해야 합니다.		충돌 없이 유일하고 일관된 네이밍을 유지한다	TRUE	키를 무조건 숫자로만 만든다	FALSE	키를 UI 문구로 만든다	FALSE	키를 파일명으로 저장한다	FALSE	caching	redis	key_design	backend
Q025	캐시 히트율 개선		Backend - 아키텍처 패턴	20	CHOICE	EASY	캐시 히트율을 높이면 기대할 수 있는 효과는?	캐시 히트율이 높을수록 DB 접근이 줄고 응답이 빨라집니다. 면접에서는 히트율이 왜 중요한지 묻습니다. 실무에서는 비용 절감과 장애 예방에도 도움이 됩니다. 단, 무조건 캐시에 오래 두면 일관성 문제가 생길 수 있습니다. 히트율과 최신성 사이 균형이 필요합니다.		DB 조회가 줄고 응답 속도가 빨라진다	TRUE	트랜잭션 격리 수준이 높아진다	FALSE	SQL 조인이 쉬워진다	FALSE	HTTP가 자동으로 HTTPS가 된다	FALSE	caching	redis	hit_ratio	performance
Q026	캐시와 원본 데이터		Backend - 아키텍처 패턴	20	CHOICE	EASY	캐시 데이터가 원본과 달라질 수 있는 가장 일반적인 이유는?	원본이 변경되었는데 캐시를 갱신하지 않으면 불일치가 발생합니다. 면접에서는 이 상황을 어떻게 처리할지 자주 묻습니다. 실무에서는 TTL, 이벤트 기반 무효화, write-through 등의 전략을 사용합니다. 단순히 TTL만 쓰면 변경 직후에는 틀린 값이 잠시 노출될 수 있습니다.		원본 변경 시 캐시 갱신이 되지 않아서	TRUE	캐시가 디스크에 저장되기 때문에	FALSE	Redis가 SQL을 지원하기 때문에	FALSE	캐시는 항상 최신이기 때문에	FALSE	caching	redis	consistency	backend
Q027	Redis Pub/Sub		Database - NoSQL	27	CHOICE	EASY	Redis Pub/Sub의 용도로 가장 적절한 것은?	Pub/Sub는 발행-구독 방식의 메시지 전달 모델입니다. 면접에서는 이벤트 브로드캐스트 용도로 설명하면 좋습니다. 실무에서는 실시간 알림, 간단한 이벤트 전달에 쓰기도 합니다. 다만 메시지 영속성이 없어서 유실 가능성이 있습니다. 안정적 큐가 필요하면 다른 메시지 브로커를 고려합니다.		실시간 이벤트 메시지 전달	TRUE	관계형 조인 처리	FALSE	이미지 파일 저장	FALSE	장기 로그 아카이빙	FALSE	scaling	redis	pubsub	realtime
Q028	세션 공유(Stateless)		Backend - 아키텍처 패턴	20	CHOICE	EASY	서버를 여러 대로 늘릴 때 Redis 세션 저장이 도움 되는 이유는?	서버가 늘어나면 각 서버 로컬 메모리에 세션을 두기 어렵습니다. Redis를 공용 세션 저장소로 쓰면 어떤 서버로 가도 세션을 조회할 수 있습니다. 면접에서는 스테이트리스와 세션 외부화 개념을 연결합니다. 실무에서는 로드밸런서 환경에서 로그인 유지에 중요합니다.		여러 서버가 동일 세션을 참조할 수 있어서	TRUE	서버 시간을 자동으로 맞춰줘서	FALSE	DB 스키마를 자동으로 마이그레이션해서	FALSE	TLS 인증서를 자동 발급해서	FALSE	scaling	redis	session	backend
Q029	캐시 폴백(Fallback)		Backend - 아키텍처 패턴	20	CHOICE	EASY	캐시 장애 시 폴백(Fallback) 전략으로 가장 일반적인 것은?	캐시가 죽으면 원본 데이터 소스(DB 등)로 조회하는 전략이 기본입니다. 면접에서는 캐시가 필수 의존이 되지 않게 설계하라고 자주 말합니다. 실무에서는 폴백 시 DB 과부하가 생길 수 있어 제한(서킷브레이커)도 고려합니다. 폴백은 안정성을 위한 기본 장치입니다.		DB 같은 원본 저장소로 조회한다	TRUE	무조건 404를 반환한다	FALSE	서버를 강제 종료한다	FALSE	모든 요청을 차단한다	FALSE	caching	redis	fallback	resilience
Q030	캐시 제거(Eviction)		Database - NoSQL	27	CHOICE	EASY	Redis에서 메모리가 부족할 때 발생할 수 있는 동작으로 올바른 것은?	Redis는 메모리 한계에 도달하면 정책에 따라 키를 제거(eviction)할 수 있습니다. 면접에서는 메모리 기반 시스템의 한계를 묻습니다. 실무에서는 maxmemory 및 eviction 정책 설정이 중요합니다. 설정이 없으면 쓰기가 실패할 수도 있어 운영에서 반드시 확인합니다.		정책에 따라 기존 키가 제거될 수 있다	TRUE	디스크가 자동으로 늘어난다	FALSE	SQL 인덱스가 생성된다	FALSE	HTTP 응답이 자동 캐시된다	FALSE	caching	redis	eviction	scaling
Q031	캐시 분리 원칙		Backend - 아키텍처 패턴	20	CHOICE	EASY	캐시를 애플리케이션 로컬이 아닌 Redis로 분리하는 장점은?	로컬 캐시는 서버마다 값이 달라질 수 있습니다. Redis를 사용하면 캐시를 공유하고 운영 관리를 중앙화할 수 있습니다. 면접에서는 분산 캐시의 장점을 묻습니다. 실무에서는 배포/스케일링 시 일관된 동작을 보장합니다. 단, 네트워크 비용과 장애 포인트는 늘어납니다.		여러 서버 간 캐시를 공유할 수 있다	TRUE	캐시가 자동으로 암호화된다	FALSE	DB 트랜잭션이 필요 없다	FALSE	CPU가 자동 확장된다	FALSE	scaling	redis	distributed_cache	backend
Q032	캐시 적용 대상		Backend - 아키텍처 패턴	20	CHOICE	EASY	캐싱 적용 대상으로 가장 적절한 것은?	자주 조회되고 변경이 잦지 않은 데이터가 캐싱에 적합합니다. 면접에서는 어떤 데이터를 캐시할지 판단을 봅니다. 실무에서는 공통 코드, 인기 목록, 설정값 등이 대표적입니다. 반대로 변경이 매우 잦거나 개인화가 강하면 키 설계와 무효화가 어렵습니다.		자주 조회되고 변경이 적은 데이터	TRUE	모든 쓰기 요청	FALSE	모든 결제 트랜잭션	FALSE	모든 원본 로그 데이터	FALSE	caching	redis	use_case	performance
Q033	캐시 키 충돌		Backend - 아키텍처 패턴	20	CHOICE	EASY	캐시 키 충돌이 발생하면 생길 수 있는 문제는?	키가 겹치면 서로 다른 데이터가 덮어써질 수 있습니다. 면접에서는 키 네임스페이스 개념을 물어봅니다. 실무에서는 prefix, 버전, 파라미터 포함이 중요합니다. 충돌은 매우 찾기 어려운 버그로 이어질 수 있습니다.		다른 데이터가 덮어써져 잘못된 값이 반환될 수 있다	TRUE	DB 인덱스가 자동으로 복구된다	FALSE	네트워크가 느려진다	FALSE	JSON이 자동 변환된다	FALSE	caching	redis	key_design	bug
Q034	캐시 저장 형태		Database - NoSQL	27	CHOICE	EASY	Redis에 저장하는 값(Value) 형태로 가장 일반적인 것은?	Redis는 문자열 기반으로 다양한 값을 저장할 수 있습니다. 실무에서는 JSON 직렬화를 많이 사용합니다. 면접에서는 직렬화 개념을 간단히 설명하면 좋습니다. 단, 너무 큰 값은 네트워크/메모리 비용이 커집니다.		문자열 또는 JSON 직렬화된 데이터	TRUE	반드시 바이너리 이미지	FALSE	반드시 SQL 테이블	FALSE	반드시 XML만 가능	FALSE	caching	redis	serialization	backend
Q035	캐시 만료 분산		Backend - 아키텍처 패턴	20	CHOICE	EASY	캐시 만료 시간을 랜덤하게 분산하는 주된 이유는?	모두 같은 시점에 만료되면 DB로 요청이 몰립니다. 이를 완화하기 위해 TTL에 랜덤 지터를 줍니다. 면접에서는 캐시 스탬피드 완화책으로 언급합니다. 실무에서는 간단하지만 효과가 큰 운영 팁입니다.		동시에 만료되어 DB로 몰리는 현상을 줄이기 위해	TRUE	캐시를 더 많이 사용하기 위해	FALSE	SQL 실행 계획을 고정하기 위해	FALSE	쿠키를 암호화하기 위해	FALSE	caching	redis	stampede	scaling
Q036	캐시 관측 지표		Backend - 아키텍처 패턴	20	CHOICE	EASY	Redis 캐시 운영에서 가장 기본적으로 모니터링할 지표는?	히트율과 메모리 사용량은 캐시 효율과 안정성을 보여줍니다. 면접에서는 운영 관점 질문으로 이어집니다. 실무에서는 메모리 부족이 장애로 바로 연결될 수 있어 중요합니다. 또한 응답 지연, 연결 수 같은 지표도 같이 봅니다. 기본은 히트율과 메모리입니다.		캐시 히트율과 메모리 사용량	TRUE	화면 FPS	FALSE	Git 커밋 수	FALSE	HTML 태그 개수	FALSE	caching	redis	monitoring	performance
Q037	캐시 레이어 위치		Backend - 아키텍처 패턴	20	CHOICE	EASY	일반적으로 Redis 캐시는 어떤 계층에 두는 것이 자연스러운가?	캐시는 보통 애플리케이션과 DB 사이에 둡니다. 요청이 먼저 캐시를 확인하고 없으면 DB를 조회하는 흐름입니다. 면접에서는 전체 아키텍처 그림을 그리게 할 때 자주 등장합니다. 실무에서는 캐시 레이어가 병목이 되지 않게 커넥션 관리도 중요합니다.		애플리케이션과 DB 사이	TRUE	브라우저와 모니터 사이	FALSE	키보드와 마우스 사이	FALSE	DNS와 SSL 사이	FALSE	caching	redis	architecture	backend
Q038	카운터(Counting)		Database - NoSQL	27	CHOICE	EASY	Redis가 카운터(조회수, 좋아요 수) 같은 기능에 자주 쓰이는 이유는?	Redis는 빠른 읽기와 업데이트가 가능합니다. 카운터는 빈번한 증가 연산이 필요해 Redis가 잘 맞습니다. 면접에서는 실시간 집계 사례로 묻습니다. 실무에서는 주기적으로 DB에 합산 반영하는 구조를 쓰기도 합니다.		빠르게 증가 같은 연산을 처리할 수 있어서	TRUE	조인이 빠르기 때문에	FALSE	트랜잭션 격리가 높기 때문에	FALSE	파일 저장이 쉬워서	FALSE	scaling	redis	counter	performance
Q039	캐시와 보안		Backend - 아키텍처 패턴	20	CHOICE	EASY	캐시에 민감 정보를 저장할 때 가장 중요한 주의점은?	캐시는 빠르지만 접근 통제와 만료가 중요합니다. 민감 정보는 최소화하고 필요 시 암호화 또는 저장 자체를 피해야 합니다. 면접에서는 세션/토큰 저장 시 주의점을 묻습니다. 실무에서는 키 노출, TTL, 권한 설정, 네트워크 분리 등을 고려합니다.		접근 통제와 민감 정보 최소화가 필요하다	TRUE	무조건 캐시에 저장해야 한다	FALSE	캐시는 보안과 무관하다	FALSE	캐시에 저장하면 자동으로 암호화된다	FALSE	caching	redis	security	backend
Q040	캐시의 한계		Backend - 아키텍처 패턴	20	CHOICE	EASY	캐시를 도입해도 모든 문제가 해결되지 않는 이유로 올바른 것은?	캐시는 성능을 올리지만 최신성, 메모리 한계, 장애 대응 같은 문제가 남습니다. 면접에서는 캐시의 단점도 말할 수 있어야 합니다. 실무에서는 잘못된 캐시가 장애를 더 키울 수 있습니다. 따라서 적용 대상과 무효화, 폴백 전략이 함께 필요합니다.		일관성, 메모리 한계, 장애 대응 문제가 남기 때문이다	TRUE	캐시는 네트워크를 없애기 때문이다	FALSE	캐시는 SQL을 못 쓰기 때문이다	FALSE	캐시는 코드 리뷰를 막기 때문이다	FALSE	caching	redis	tradeoff	scaling
Q041	캐시 어사이드(Cache Aside)		Backend - 아키텍처 패턴	20	CHOICE	EASY	Cache Aside 패턴의 기본 흐름으로 가장 올바른 것은?	Cache Aside는 애플리케이션이 먼저 캐시를 조회하고, 없으면 DB에서 가져와 캐시에 저장하는 방식입니다. 면접에서는 “캐시 미스 시 DB 조회 후 캐시 적재”를 정확히 말할 수 있어야 합니다. 실무에서 가장 흔히 쓰이는 캐시 패턴이며 구현이 단순합니다. 다만 캐시 무효화나 TTL 정책을 함께 설계하지 않으면 오래된 값이 노출될 수 있습니다. 캐시 효과는 히트율과 데이터 특성에 따라 달라집니다.		캐시 조회 후 없으면 DB 조회하고 캐시에 저장한다	TRUE	DB를 먼저 조회한 뒤 캐시를 확인한다	FALSE	캐시에만 저장하고 DB는 쓰지 않는다	FALSE	요청마다 캐시를 전부 삭제한다	FALSE	caching	redis	cache_aside	backend
Q042	읽기 성능(Read Performance)		Backend - 아키텍처 패턴	20	CHOICE	EASY	Redis 캐시를 쓰면 특히 개선되기 쉬운 영역은?	Redis 캐시는 읽기 요청이 많은 서비스에서 효과가 큽니다. DB 대신 메모리에서 데이터를 반환하므로 지연 시간이 줄어듭니다. 면접에서는 “읽기 집중 트래픽”에서 캐시 효과를 말하면 좋습니다. 실무에서는 목록 조회, 상세 조회, 공통 설정값 등에서 많이 씁니다. 단, 쓰기 중심 트래픽은 다른 설계가 필요할 수 있습니다.		읽기 요청 응답 속도	TRUE	컴파일 속도	FALSE	UI 애니메이션	FALSE	DNS 해석 속도	FALSE	caching	redis	performance	backend
Q043	캐시와 메모리 비용		Backend - 아키텍처 패턴	20	CHOICE	EASY	캐시 운영에서 메모리 비용을 고려해야 하는 이유는?	Redis는 메모리 기반이라 저장량이 늘면 비용과 안정성 문제가 커집니다. 면접에서는 “메모리는 한정 자원”이라는 점을 말하면 좋습니다. 실무에서는 값 크기, TTL, eviction 정책으로 메모리를 관리합니다. 너무 큰 값을 캐싱하면 네트워크 전송 비용까지 늘 수 있습니다. 캐시는 ‘필요한 만큼만’이 기본 원칙입니다.		메모리가 한정돼 있어 과다 저장 시 장애 위험이 커진다	TRUE	메모리는 무한히 늘릴 수 있다	FALSE	캐시를 쓰면 DB가 사라진다	FALSE	캐시는 항상 디스크에만 저장된다	FALSE	caching	redis	memory	scaling
Q044	캐시 페네트레이션(Cache Penetration)		Backend - 아키텍처 패턴	20	CHOICE	EASY	존재하지 않는 데이터 조회가 반복될 때 생길 수 있는 문제로 가장 적절한 것은?	존재하지 않는 키를 계속 조회하면 캐시가 히트하지 않아 매번 DB를 두드립니다. 이를 캐시 페네트레이션이라고 부르기도 합니다. 면접에서는 “없는 값도 캐싱(negative caching)” 같은 완화책을 언급하면 좋습니다. 실무에서는 악의적 트래픽이나 봇으로도 발생할 수 있어 주의합니다. 입력 검증과 레이트리밋도 도움이 됩니다.		캐시가 계속 미스 나서 DB 부하가 증가한다	TRUE	캐시가 자동으로 최신화된다	FALSE	SQL 조인이 빨라진다	FALSE	TLS 인증서가 만료된다	FALSE	caching	redis	penetration	scaling
Q045	네거티브 캐싱(Negative Caching)		Backend - 아키텍처 패턴	20	CHOICE	EASY	네거티브 캐싱의 의미로 올바른 것은?	네거티브 캐싱은 “존재하지 않음” 같은 결과를 짧게 캐싱해 DB 재조회 폭탄을 막는 방법입니다. 면접에서는 페네트레이션 완화책으로 묶어서 나옵니다. 실무에서는 TTL을 짧게 두어 잘못된 부정 결과가 오래 남지 않게 합니다. 예를 들어 없는 유저, 없는 상품을 계속 조회하는 상황에서 효과가 있습니다. 데이터 생성 가능성이 있으면 TTL을 특히 짧게 잡아야 합니다.		없는 결과도 짧게 캐싱해 반복 조회를 줄인다	TRUE	캐시를 영구 저장소로 쓴다	FALSE	DB 데이터를 암호화한다	FALSE	캐시 키를 숫자만 쓰게 한다	FALSE	caching	redis	negative_cache	backend
Q046	캐시-DB 우선순위		Backend - 아키텍처 패턴	20	CHOICE	EASY	캐시를 적용한 조회에서 일반적으로 우선 조회하는 곳은?	대부분의 캐시 설계는 캐시를 먼저 확인합니다. 캐시에 있으면 바로 응답하고, 없으면 DB로 내려갑니다. 면접에서는 이 흐름을 설명할 수 있어야 합니다. 실무에서는 캐시 미스 시 적재 로직을 깔끔히 분리하는 것이 중요합니다. 캐시가 없다면 결국 원본으로 갈 수 있어야 안정적입니다.		캐시(Redis)를 먼저 조회한다	TRUE	DB를 먼저 조회한다	FALSE	로그 파일을 먼저 조회한다	FALSE	브라우저 캐시를 먼저 조회한다	FALSE	caching	redis	cache_aside	performance
Q047	Redis 연결(Connection)		Backend - 아키텍처 패턴	20	CHOICE	EASY	Redis를 사용할 때 애플리케이션이 준비해야 하는 대표 요소는?	Redis는 네트워크를 통해 접근하는 외부 시스템입니다. 따라서 연결 설정과 커넥션 관리가 필요합니다. 면접에서는 “커넥션 풀”을 언급하면 좋습니다. 실무에서는 타임아웃 설정이 없으면 장애 시 요청이 쌓일 수 있습니다. 연결/타임아웃은 캐시의 기본 운영 항목입니다.		연결 설정과 타임아웃 같은 네트워크 설정	TRUE	HTML 템플릿	FALSE	이미지 리사이즈	FALSE	DB 조인 쿼리	FALSE	scaling	redis	connection	backend
Q048	캐시 장애 전파		Backend - 아키텍처 패턴	20	CHOICE	EASY	캐시가 느려지거나 장애가 나면 생길 수 있는 현상으로 올바른 것은?	캐시 장애 시 원본(DB)로 부하가 몰려 연쇄 장애가 날 수 있습니다. 면접에서는 “캐시도 의존성”이라는 관점을 묻습니다. 실무에서는 타임아웃, 폴백, 서킷 브레이커로 전파를 막습니다. 캐시가 필수 인프라가 되면 반드시 장애 대비가 필요합니다. 캐시는 성능을 올리지만 운영 포인트도 늘립니다.		DB로 부하가 몰려 연쇄 장애가 날 수 있다	TRUE	컴파일 에러가 자동 수정된다	FALSE	HTTP가 UDP로 바뀐다	FALSE	프론트 빌드가 자동 완료된다	FALSE	scaling	redis	resilience	backend
Q049	캐시 데이터 크기		Backend - 아키텍처 패턴	20	CHOICE	EASY	캐시 값(Value)을 너무 크게 저장하면 생길 수 있는 문제는?	값이 커지면 메모리를 많이 쓰고 네트워크 전송 비용도 커집니다. 면접에서는 “캐시도 비용”임을 말하면 좋습니다. 실무에서는 값 크기 제한, 필요한 필드만 캐싱이 중요합니다. 큰 객체를 통째로 캐싱하면 캐시 효율이 떨어질 수 있습니다. 캐시는 가볍게 가져가는 것이 안전합니다.		메모리와 네트워크 비용이 증가한다	TRUE	DB 인덱스가 자동 생성된다	FALSE	TLS가 자동 활성화된다	FALSE	Git 충돌이 줄어든다	FALSE	caching	redis	memory	performance
Q050	키 네임스페이스(prefix)		Backend - 아키텍처 패턴	20	CHOICE	EASY	Redis 키에 prefix를 붙이는 이유로 가장 적절한 것은?	prefix는 키 충돌을 줄이고 관리성을 높입니다. 예를 들어 user:123, product:55 같은 형태가 흔합니다. 면접에서는 키 설계 원칙으로 자주 나옵니다. 실무에서는 환경(dev, prod)별 prefix를 두어 혼선을 줄이기도 합니다. 키 구조만 잘 잡아도 운영이 크게 쉬워집니다.		충돌 방지와 관리 편의성 때문이다	TRUE	키를 암호화하기 위해서	FALSE	SQL 조인을 하기 위해서	FALSE	UI 표시를 위해서	FALSE	caching	redis	key_design	backend
Q051	캐시 갱신 정책		Backend - 아키텍처 패턴	20	CHOICE	EASY	캐시를 최신 상태로 유지하는 대표 방법으로 올바른 것은?	캐시 최신성은 TTL, 무효화, 쓰기 시 동시 업데이트 같은 방법으로 유지합니다. 면접에서는 “원본 변경 시 캐시도 갱신”을 말해야 합니다. 실무에서는 데이터 성격에 따라 TTL 중심 또는 이벤트 기반 무효화를 택합니다. 무조건 자주 갱신하면 캐시 이점이 줄 수 있습니다. 그래서 정책 설계가 중요합니다.		TTL 설정 또는 원본 변경 시 캐시 무효화/갱신	TRUE	캐시를 영구 보관한다	FALSE	DB를 삭제한다	FALSE	모든 요청에서 캐시를 비운다	FALSE	caching	redis	invalidation	backend
Q052	캐시와 트래픽 피크		Backend - 아키텍처 패턴	20	CHOICE	EASY	트래픽이 갑자기 증가할 때 캐시가 도움이 되는 이유는?	캐시는 DB로 가는 요청을 줄여 병목을 완화합니다. 면접에서는 “피크 트래픽 흡수”를 캐시 장점으로 말합니다. 실무에서는 인기 조회 API에서 특히 효과가 큽니다. 단, 캐시가 없거나 만료되면 오히려 DB가 터질 수 있어 대비가 필요합니다. 캐시는 스케일링 전략의 일부로 봐야 합니다.		DB 부하를 줄여 병목을 완화한다	TRUE	네트워크를 끊어준다	FALSE	UI 렌더링을 대신해준다	FALSE	컴파일 시간을 줄인다	FALSE	scaling	redis	caching	backend
Q053	Redis 데이터 만료		Database - NoSQL	27	CHOICE	EASY	Redis에서 만료(expiration)를 설정했을 때 기대하는 동작은?	만료를 걸면 시간이 지나 자동 삭제됩니다. 면접에서는 TTL과 동일 선상에서 묻습니다. 실무에서는 오래된 캐시가 남지 않게 하는 기본 수단입니다. 다만 TTL이 너무 짧으면 히트율이 떨어질 수 있습니다. 데이터 성격에 맞는 TTL이 중요합니다.		시간이 지나면 키가 자동 삭제된다	TRUE	DB 트랜잭션이 자동 커밋된다	FALSE	네트워크가 자동 확장된다	FALSE	HTTP 응답이 gzip 된다	FALSE	caching	redis	ttl	expiration
Q054	캐시 저장 위치 비교		Backend - 아키텍처 패턴	20	CHOICE	EASY	로컬 캐시와 Redis 같은 분산 캐시의 차이로 올바른 것은?	로컬 캐시는 서버 내부에 있어 빠르지만 서버마다 값이 다를 수 있습니다. Redis는 네트워크 비용이 있지만 여러 서버가 공유할 수 있습니다. 면접에서는 스케일 아웃 관점에서 비교 질문이 자주 나옵니다. 실무에서는 서버 수가 늘수록 분산 캐시의 장점이 커집니다. 반대로 단일 서버면 로컬 캐시로도 충분할 수 있습니다.		Redis는 여러 서버가 캐시를 공유할 수 있다	TRUE	로컬 캐시는 항상 최신이다	FALSE	Redis는 디스크만 사용한다	FALSE	로컬 캐시는 네트워크가 필요하다	FALSE	scaling	redis	distributed_cache	backend
Q055	캐시와 레이트리밋		Backend - 아키텍처 패턴	20	CHOICE	EASY	Redis가 레이트리밋(요청 제한)에 활용될 수 있는 이유는?	레이트리밋은 요청 횟수를 빠르게 카운트해야 합니다. Redis는 빠른 읽기/쓰기와 카운팅에 적합합니다. 면접에서는 “카운터” 활용 예시로 자주 나옵니다. 실무에서는 IP별, 유저별 요청 제한을 구현할 때 Redis를 씁니다. TTL을 함께 사용해 시간 창을 만들기도 합니다.		빠르게 카운트하고 TTL로 기간을 관리할 수 있어서	TRUE	SQL 조인이 빠르기 때문에	FALSE	이미지 처리가 가능해서	FALSE	파일 업로드에 최적화돼서	FALSE	scaling	redis	rate_limit	backend
Q056	캐시 키 버전(versioning)		Backend - 아키텍처 패턴	20	CHOICE	EASY	캐시 키에 버전(v1, v2 등)을 붙이는 이유로 가장 적절한 것은?	응답 스키마가 바뀌거나 계산 로직이 바뀌면 이전 캐시가 문제를 일으킬 수 있습니다. 키 버전은 이를 안전하게 분리하는 방법입니다. 면접에서는 운영 안전장치로 말하면 좋습니다. 실무에서는 배포 시 “구 캐시와 신 캐시 충돌”을 피할 수 있습니다. 간단하지만 강력한 패턴입니다.		캐시 형식 변경 시 기존 캐시와 충돌을 피하려고	TRUE	키를 암호화하려고	FALSE	DB 트랜잭션을 높이려고	FALSE	네트워크를 줄이려고	FALSE	caching	redis	key_design	backend
Q057	캐시 우선순위(중요도)		Backend - 아키텍처 패턴	20	CHOICE	EASY	캐시를 적용할 때 가장 먼저 고려할 대상은?	모든 데이터를 캐싱하는 것이 아니라 효과가 큰 곳부터 적용해야 합니다. 면접에서는 “핫 데이터” 개념을 확인합니다. 실무에서는 조회량이 많고 변경이 적은 데이터가 우선순위가 높습니다. 반대로 변경이 잦고 개인화가 강하면 무효화가 복잡해집니다. 캐시는 효과 대비 비용을 따져 선택합니다.		조회량이 많고 변경이 적은 핫 데이터	TRUE	모든 데이터 전체	FALSE	모든 결제/정산 데이터	FALSE	모든 에러 로그	FALSE	caching	redis	use_case	performance
Q058	Redis 사용 시 타임아웃		Backend - 아키텍처 패턴	20	CHOICE	EASY	Redis 호출에 타임아웃 설정이 중요한 이유는?	캐시가 느릴 때 요청이 무한정 대기하면 서비스 전체가 느려질 수 있습니다. 면접에서는 외부 의존성 타임아웃을 강조합니다. 실무에서는 타임아웃 + 폴백으로 장애 전파를 막습니다. 캐시는 “빠르면 이득, 느리면 버려도 되는” 철학이 중요합니다. 타임아웃이 없으면 캐시가 병목이 됩니다.		장애/지연 시 요청이 쌓이는 것을 막기 위해	TRUE	SQL 조인을 하기 위해	FALSE	HTML 렌더링을 하기 위해	FALSE	DB 스키마를 바꾸기 위해	FALSE	scaling	redis	timeout	resilience
Q059	캐시 데이터 직렬화		Database - NoSQL	27	CHOICE	EASY	Redis에 객체를 저장할 때 흔히 필요한 작업은?	Redis는 보통 문자열/바이너리 형태로 값을 다룹니다. 그래서 객체를 넣으려면 직렬화가 필요합니다. 면접에서는 JSON 직렬화 같은 예시를 들면 좋습니다. 실무에서는 직렬화 포맷(문자열/JSON)과 호환성도 고려합니다. 직렬화가 바뀌면 키 버전이 도움이 됩니다.		객체를 문자열/JSON 등으로 직렬화한다	TRUE	객체를 SQL 테이블로 바꾼다	FALSE	객체를 이미지로 변환한다	FALSE	객체를 컴파일한다	FALSE	caching	redis	serialization	backend
Q060	캐시의 목표		Backend - 아키텍처 패턴	20	CHOICE	EASY	캐시의 목표로 가장 올바른 것은?	캐시는 원본 시스템의 부하를 줄이고 응답을 빠르게 하는 것이 목표입니다. 면접에서는 캐시의 역할을 한 문장으로 정리할 수 있어야 합니다. 실무에서는 비용 절감, 지연 감소, 트래픽 피크 흡수까지 연결됩니다. 다만 캐시는 일관성/운영 포인트를 늘리므로 전략적으로 사용해야 합니다. “모든 걸 캐시”는 위험할 수 있습니다.		응답 속도 향상과 원본(DB) 부하 감소	TRUE	모든 데이터의 영구 저장	FALSE	트랜잭션 일관성 강화	FALSE	UI 품질 개선	FALSE	caching	scaling	redis	backend
Q061	캐시 어벌랜치(Cache Avalanche)		Backend - 아키텍처 패턴	20	CHOICE	EASY	캐시 어벌랜치(Cache Avalanche)에 대한 설명으로 가장 올바른 것은?	캐시 어벌랜치는 많은 키가 비슷한 시점에 만료되거나 캐시 서버가 장애가 나면서 트래픽이 한꺼번에 원본(DB)으로 몰리는 현상입니다. 면접에서는 스탬피드와 함께 비교해서 묻기도 합니다. 실무에서는 TTL 분산(지터), 다단계 캐시, 폴백, 제한 정책으로 완화합니다. 캐시가 성능을 올리지만 잘못 설계하면 장애를 키울 수 있다는 포인트가 중요합니다. 운영에서는 “캐시 장애 = DB 장애”로 이어질 수 있어 대비가 필요합니다.		캐시 장애/대량 만료로 DB에 트래픽이 몰리는 현상	TRUE	캐시에 데이터가 항상 남는 현상	FALSE	DB가 자동 샤딩되는 현상	FALSE	HTTP가 자동 압축되는 현상	FALSE	caching	redis	avalanche	scaling
Q062	TTL 지터(Jitter)		Backend - 아키텍처 패턴	20	CHOICE	EASY	TTL에 지터(Jitter, 랜덤값)를 섞는 주된 목적은?	TTL을 모두 동일하게 두면 특정 시점에 대량 만료가 발생할 수 있습니다. 지터는 만료 시간을 분산시켜 DB 폭주를 완화합니다. 면접에서는 스탬피드/어벌랜치 방지책으로 자주 나옵니다. 실무에서는 작은 랜덤 범위만 줘도 효과가 큽니다. 단, 너무 크게 주면 최신성 요구가 있는 데이터엔 부적합할 수 있습니다.		만료 시점을 분산해 DB 폭주를 줄이기 위해	TRUE	데이터를 암호화하기 위해	FALSE	캐시 키를 숫자로만 만들기 위해	FALSE	SQL 실행 계획을 고정하기 위해	FALSE	caching	redis	ttl	scaling
Q063	캐시 미스 처리		Backend - 아키텍처 패턴	20	CHOICE	EASY	캐시 미스가 발생했을 때 일반적으로 하는 동작은?	캐시 미스는 캐시에 데이터가 없을 때입니다. 보통 DB 같은 원본 저장소에서 가져와 응답합니다. 면접에서는 “조회 후 캐시 적재”까지 말하면 좋습니다. 실무에서는 동시 요청이 많을 때 중복 조회를 줄이기 위한 락이나 단일 비행(singleflight)도 고려합니다. 기본 흐름은 원본 조회 후 캐시 저장입니다.		DB에서 조회한 뒤 캐시에 저장하고 응답한다	TRUE	캐시를 전부 비운다	FALSE	무조건 오류를 반환한다	FALSE	서버를 재시작한다	FALSE	caching	redis	cache_miss	backend
Q064	캐시 히트 이점		Backend - 아키텍처 패턴	20	CHOICE	EASY	캐시 히트(Cache Hit)의 대표적인 장점은?	캐시 히트는 원하는 데이터가 캐시에 있어 DB 접근 없이 빠르게 응답하는 상황입니다. 면접에서는 DB 부하 감소와 응답 지연 감소를 함께 언급하면 좋습니다. 실무에서는 비용 절감에도 직결됩니다. 다만 캐시 값이 오래됐을 수 있으므로 최신성 요구가 큰 데이터는 주의해야 합니다. 히트율이 높을수록 캐시 도입 효과가 큽니다.		DB를 조회하지 않아 응답이 빨라지고 부하가 줄어든다	TRUE	트랜잭션 격리 수준이 올라간다	FALSE	SQL 조인이 쉬워진다	FALSE	DNS 질의가 사라진다	FALSE	caching	redis	cache_hit	performance
Q065	캐시 저장 기간		Backend - 아키텍처 패턴	20	CHOICE	EASY	캐시 TTL을 너무 길게 설정했을 때 가장 흔한 위험은?	TTL이 길면 히트율은 좋아지지만 최신성이 떨어질 수 있습니다. 면접에서는 캐시의 “정확도 vs 성능” 트레이드오프를 확인합니다. 실무에서는 변경이 있는 데이터에 TTL을 길게 두면 사용자에게 오래된 값이 노출될 수 있습니다. 그래서 데이터 성격에 따라 TTL을 조정하거나 이벤트 기반 무효화를 씁니다. 캐시는 늘 “언제 틀릴 수 있는가”를 생각해야 합니다.		오래된 데이터가 계속 노출될 수 있다	TRUE	네트워크가 자동 암호화된다	FALSE	DB 인덱스가 자동 생성된다	FALSE	서버 로그가 사라진다	FALSE	caching	redis	ttl	consistency
Q066	캐시 TTL이 너무 짧을 때		Backend - 아키텍처 패턴	20	CHOICE	EASY	캐시 TTL이 너무 짧으면 생길 수 있는 현상은?	TTL이 짧으면 캐시가 자주 비워져 캐시 미스가 증가합니다. 면접에서는 히트율 하락과 DB 부하 증가로 이어진다고 설명하면 좋습니다. 실무에서는 트래픽이 많은 API에서 TTL이 짧으면 DB가 계속 두들겨져 비용과 지연이 커집니다. 반대로 최신성이 중요한 데이터에는 짧은 TTL이 필요할 수 있습니다. 상황에 맞는 TTL이 핵심입니다.		캐시 미스가 늘고 DB 부하가 증가할 수 있다	TRUE	트랜잭션이 자동으로 롤백된다	FALSE	캐시가 영구 저장된다	FALSE	HTTP가 자동으로 HTTPS가 된다	FALSE	caching	redis	ttl	performance
Q067	Redis 분산 캐시		Backend - 아키텍처 패턴	20	CHOICE	EASY	Redis를 분산 캐시로 부를 수 있는 이유는?	Redis는 네트워크로 접근 가능한 중앙 캐시 역할을 하여 여러 서버가 값을 공유할 수 있습니다. 면접에서는 스케일 아웃 시 동일 캐시를 공유한다는 점이 중요합니다. 실무에서는 세션 공유, 공통 설정값, 인기 데이터 캐싱에 활용합니다. 단, 네트워크 의존성이 생기므로 타임아웃과 폴백이 필요합니다. 분산 캐시는 성능과 운영의 균형이 중요합니다.		여러 서버가 동일한 캐시 데이터를 공유할 수 있어서	TRUE	SQL 조인을 지원해서	FALSE	파일 시스템을 제공해서	FALSE	프론트 렌더링을 해서	FALSE	scaling	redis	distributed_cache	backend
Q068	Redis와 DB 역할		Backend - 아키텍처 패턴	20	CHOICE	EASY	Redis와 DB의 역할 관계로 가장 올바른 것은?	Redis는 보통 캐시나 빠른 임시 저장소로 쓰이며 DB를 완전히 대체하지 않습니다. 면접에서는 “원본은 DB, 캐시는 Redis”처럼 역할 분리를 묻습니다. 실무에서는 DB가 정합성과 영속성의 기준이며 Redis는 성능을 돕는 보조입니다. 캐시에만 의존하면 장애 시 데이터 유실/정합성 문제가 커집니다. 따라서 분리된 역할 이해가 중요합니다.		DB는 원본 저장, Redis는 성능을 위한 보조 저장	TRUE	Redis가 DB를 완전히 대체한다	FALSE	DB는 캐시를 대체한다	FALSE	둘은 같은 기술이라 구분이 없다	FALSE	caching	redis	database	backend
Q069	캐시 적용 위치		Backend - 아키텍처 패턴	20	CHOICE	EASY	캐시 레이어를 두는 일반적인 위치는?	보통 애플리케이션과 DB 사이에 캐시를 둡니다. 요청은 캐시를 먼저 보고 없으면 DB를 봅니다. 면접에서는 이 구조를 그림으로 설명하게 할 때가 많습니다. 실무에서는 캐시 커넥션 관리와 타임아웃이 중요합니다. 캐시가 느려지면 전체 요청이 느려질 수 있어 주의합니다.		애플리케이션과 DB 사이	TRUE	브라우저와 서버 사이에만	FALSE	키보드와 모니터 사이	FALSE	DNS와 라우터 사이	FALSE	caching	redis	architecture	backend
Q070	캐시 폴백 기본		Backend - 아키텍처 패턴	20	CHOICE	EASY	Redis가 일시적으로 사용 불가할 때 가장 기본적인 폴백은?	캐시가 죽어도 서비스가 완전히 멈추지 않도록 원본(DB)로 조회하는 폴백을 둡니다. 면접에서는 캐시를 필수 의존으로 만들지 말라고 자주 말합니다. 실무에서는 폴백 시 DB 부하 폭증을 막기 위해 제한(레이트 리밋)이나 서킷 브레이커도 함께 둡니다. 기본은 원본 조회로의 우회입니다. 또한 캐시 복구 후에는 정상 흐름으로 돌아가야 합니다.		DB 같은 원본 저장소로 우회 조회한다	TRUE	무조건 500을 반환한다	FALSE	서버를 재부팅한다	FALSE	모든 요청을 차단한다	FALSE	caching	redis	fallback	resilience
Q071	캐시와 로드밸런싱		Backend - 아키텍처 패턴	20	CHOICE	EASY	로드밸런싱 환경에서 Redis 세션 저장이 유리한 이유는?	로드밸런서는 요청을 여러 서버로 분산합니다. 이때 세션이 서버 로컬에 있으면 “다른 서버로 가면 로그인 풀림” 같은 문제가 생깁니다. Redis에 세션을 두면 어떤 서버로 가도 세션을 조회할 수 있습니다. 면접에서는 스티키 세션과 비교해 설명하기도 합니다. 실무에서는 스케일 아웃 시 세션 외부화가 일반적입니다.		어떤 서버로 가도 동일 세션을 읽을 수 있어서	TRUE	HTML 렌더링이 빨라져서	FALSE	DB 트랜잭션이 사라져서	FALSE	DNS가 필요 없어져서	FALSE	scaling	redis	session	backend
Q072	캐시와 데이터 변경		Backend - 아키텍처 패턴	20	CHOICE	EASY	데이터가 변경될 때 캐시를 그대로 두면 생길 수 있는 문제는?	원본이 바뀌었는데 캐시를 갱신하지 않으면 사용자에게 오래된 값이 보입니다. 면접에서는 이 상황을 ‘일관성 문제’로 설명합니다. 실무에서는 무효화(invalidation), TTL, write-through 전략 등을 사용합니다. 변경이 잦은 데이터는 캐시 적용이 오히려 복잡할 수 있습니다. 따라서 캐시 대상 선정이 중요합니다.		오래된 값이 노출되는 일관성 문제가 생긴다	TRUE	서버 CPU가 자동 증가한다	FALSE	SQL 인덱스가 자동 생성된다	FALSE	네트워크 암호화가 해제된다	FALSE	caching	redis	consistency	backend
Q073	캐시 키 파라미터 포함		Backend - 아키텍처 패턴	20	CHOICE	EASY	캐시 키에 파라미터(예: page, size, locale)를 포함해야 하는 이유는?	같은 API라도 파라미터가 다르면 응답이 달라질 수 있습니다. 키에 파라미터를 반영하지 않으면 엉뚱한 응답이 섞여 나옵니다. 면접에서는 키 설계의 함정을 묻기도 합니다. 실무에서는 userId, locale, pagination, filter 조건 등을 키에 포함합니다. 키 설계가 잘못되면 버그가 조용히 터져서 찾기 어렵습니다.		서로 다른 결과가 섞이지 않도록 구분하기 위해	TRUE	키를 암호화하기 위해	FALSE	DB 조인을 하기 위해	FALSE	네트워크 속도를 올리기 위해	FALSE	caching	redis	key_design	backend
Q074	캐시 저장 단위		Backend - 아키텍처 패턴	20	CHOICE	EASY	캐시를 설계할 때 ‘너무 큰 단위’로 저장하면 불리한 이유는?	큰 단위(큰 객체)를 캐싱하면 메모리 사용량이 커지고 갱신 비용도 증가합니다. 면접에서는 캐시 저장 단위 최적화 포인트가 나옵니다. 실무에서는 필요한 필드만 저장하거나, 자주 쓰는 조각 단위로 분리하기도 합니다. 값이 커지면 네트워크 비용도 증가합니다. 따라서 캐시는 가볍고 재사용 높은 형태가 좋습니다.		메모리와 갱신 비용이 커져 효율이 떨어질 수 있다	TRUE	DB 트랜잭션이 늘어난다	FALSE	TLS 인증서가 만료된다	FALSE	UI가 깨진다	FALSE	caching	redis	memory	performance
Q075	Redis 카운터 활용		Database - NoSQL	27	CHOICE	EASY	Redis가 조회수/좋아요 같은 카운터에 적합한 이유는?	카운터는 짧은 시간에 업데이트가 매우 자주 발생합니다. Redis는 메모리 기반이라 빠르게 증가/감소 연산을 처리할 수 있습니다. 면접에서는 “실시간 집계” 사례로 자주 묻습니다. 실무에서는 일정 주기마다 DB에 반영하거나 이벤트로 적재합니다. 단, 정확한 정합성이 절대적으로 중요하면 설계를 더 신중히 해야 합니다.		빠른 증가/감소 같은 연산을 처리하기 좋아서	TRUE	SQL 조인이 가능해서	FALSE	파일 저장이 쉬워서	FALSE	UI 렌더링을 대신해서	FALSE	scaling	redis	counter	performance
Q076	캐시와 네트워크 비용		Backend - 아키텍처 패턴	20	CHOICE	EASY	로컬 캐시 대비 Redis 캐시의 단점으로 올바른 것은?	Redis는 네트워크로 접근하므로 호출 비용이 있습니다. 로컬 메모리는 더 빠르지만 공유가 안 됩니다. 면접에서는 “네트워크 의존성”을 단점으로 언급하면 좋습니다. 실무에서는 커넥션 풀과 타임아웃으로 운영합니다. 또한 Redis 장애 시 폴백 설계가 필요합니다.		네트워크 호출 비용과 장애 포인트가 생긴다	TRUE	반드시 SQL을 사용해야 한다	FALSE	브라우저 캐시만 쓸 수 있다	FALSE	파일 업로드가 느려진다	FALSE	scaling	redis	connection	backend
Q077	캐시 적중률과 비용		Backend - 아키텍처 패턴	20	CHOICE	EASY	캐시 히트율이 낮을 때 흔히 나타나는 결과는?	히트율이 낮으면 대부분의 요청이 DB로 내려가 캐시 효과가 줄어듭니다. 면접에서는 히트율로 캐시 효율을 판단할 수 있는지 봅니다. 실무에서는 TTL이 너무 짧거나 키 설계가 부정확할 때 히트율이 낮아질 수 있습니다. 또한 데이터가 너무 다양하면 캐시가 잘 맞지 않을 수 있습니다. 그래서 적용 대상 선정과 지표 관찰이 중요합니다.		DB 호출이 많아져 캐시 효과가 줄어든다	TRUE	트랜잭션 격리 수준이 자동 상승한다	FALSE	SQL 문법이 단순해진다	FALSE	DNS가 없어도 된다	FALSE	caching	redis	hit_ratio	performance
Q078	캐시 키 만료 확인		Database - NoSQL	27	CHOICE	EASY	Redis에서 키 만료 설정의 가장 직접적인 목적은?	만료는 오래된 캐시가 남는 것을 막아 최신성/메모리 관리를 돕습니다. 면접에서는 TTL과 함께 설명하면 좋습니다. 실무에서는 캐시가 무한히 쌓이면 메모리 부족으로 장애가 날 수 있어 만료가 필수인 경우가 많습니다. 다만 모든 데이터에 무조건 TTL을 쓰는 것이 정답은 아니며, 데이터 성격에 따라 다릅니다. 기본 목적은 자동 정리입니다.		오래된 캐시를 자동 정리하고 메모리를 관리하기 위해	TRUE	SQL 조인 성능을 올리기 위해	FALSE	HTTP 헤더를 자동 생성하기 위해	FALSE	프론트 빌드를 빠르게 하기 위해	FALSE	caching	redis	ttl	memory
Q079	캐시 버전 변경		Backend - 아키텍처 패턴	20	CHOICE	EASY	배포 후 응답 형태가 바뀌었는데 캐시를 그대로 쓰면 위험한 이유는?	응답 스키마가 바뀌면 이전 캐시 값이 새 코드와 맞지 않을 수 있습니다. 면접에서는 키 버전 전략(v1, v2)을 언급하면 좋습니다. 실무에서는 이 문제로 역직렬화 오류나 잘못된 화면 노출이 발생할 수 있습니다. 키 버전 변경이나 캐시 무효화로 안전하게 전환합니다. 캐시는 배포와 함께 움직이는 요소입니다.		이전 캐시 값이 새 코드와 호환되지 않을 수 있어서	TRUE	DB가 자동으로 삭제돼서	FALSE	네트워크가 끊겨서	FALSE	CPU 클럭이 바뀌어서	FALSE	caching	redis	key_design	deployment
Q080	캐시의 기본 원칙		Backend - 아키텍처 패턴	20	CHOICE	EASY	캐시를 설계할 때 가장 기본 원칙으로 적절한 것은?	캐시는 원본이 아닌 보조 저장소입니다. 캐시가 없어도 서비스가 동작해야 안정적입니다. 면접에서는 “캐시는 옵션이어야 한다”는 관점이 중요합니다. 실무에서는 타임아웃/폴백/무효화까지 포함해 설계합니다. 캐시가 느리거나 장애여도 전체가 멈추면 안 됩니다. 그래서 캐시는 ‘있으면 빠르고, 없으면 느리지만 동작’이 이상적입니다.		캐시 없이도 서비스가 동작하도록 설계한다	TRUE	캐시는 반드시 영구 저장해야 한다	FALSE	캐시는 DB를 완전히 대체해야 한다	FALSE	캐시는 모든 데이터를 저장해야 한다	FALSE	caching	redis	resilience	backend
Q081	Redis 캐시 사용 위치		Backend - 아키텍처 패턴	20	CHOICE	EASY	Redis 캐시는 보통 어떤 목적의 데이터에 가장 많이 사용되는가?	Redis 캐시는 자주 조회되고 비교적 변경이 적은 데이터를 빠르게 제공하기 위해 쓰입니다. 면접에서는 캐싱 대상 선정 기준을 묻습니다. 실무에서는 공통 코드, 인기 목록, 설정값 같은 데이터가 대표적입니다. 반대로 변경이 잦으면 무효화가 복잡해질 수 있습니다. 캐시는 “자주 읽히는 값”에 특히 효과적입니다.		자주 조회되는 데이터의 빠른 응답	TRUE	장기 보관해야 하는 대용량 파일	FALSE	모든 결제 트랜잭션 원장	FALSE	소스 코드 저장	FALSE	caching	redis	use_case	backend
Q082	캐시 적용 효과		Backend - 아키텍처 패턴	20	CHOICE	EASY	캐시를 적용했을 때 가장 기대되는 효과는 무엇인가?	캐시는 DB 같은 느린 저장소 접근을 줄여 응답 시간을 개선합니다. 면접에서는 성능 개선 포인트로 캐시를 자주 언급합니다. 실무에서는 트래픽이 높을수록 효과가 커집니다. 다만 최신성과 운영 복잡도가 늘 수 있으니 전략이 필요합니다. 핵심은 응답 속도 향상과 원본 부하 감소입니다.		응답 속도 향상과 DB 부하 감소	TRUE	트랜잭션 격리 수준 상승	FALSE	SQL 문법 단순화	FALSE	네트워크 라우팅 자동화	FALSE	caching	redis	performance	scaling
Q083	Redis와 세션 외부화		Backend - 아키텍처 패턴	20	CHOICE	EASY	세션을 Redis에 저장하는 것을 흔히 뭐라고 부르는가?	세션을 서버 로컬 메모리 밖으로 빼서 공용 저장소에 두는 것을 세션 외부화라고 합니다. 면접에서는 스케일 아웃과 연결해서 많이 묻습니다. 실무에서는 로드밸런싱 환경에서 필수에 가깝습니다. 세션 외부화로 서버를 무상태에 가깝게 만들 수 있습니다. Redis는 속도 때문에 세션 저장소로 자주 선택됩니다.		세션 외부화	TRUE	정규화	FALSE	테이블 샤딩	FALSE	바이너리 서치	FALSE	scaling	redis	session	backend
Q084	캐시와 읽기 집중 트래픽		Backend - 아키텍처 패턴	20	CHOICE	EASY	캐시의 효과가 특히 큰 상황은?	캐시는 읽기 요청이 많을수록 효과가 큽니다. 면접에서는 read-heavy 워크로드에서의 캐싱 장점을 말하면 좋습니다. 실무에서는 검색 결과, 상세 조회, 피드 조회 등에서 캐시가 큰 도움이 됩니다. 단, 캐시 미스 폭주를 막는 설계도 필요합니다. 기본적으로 “읽기 집중 트래픽”에서 캐시는 강력합니다.		읽기 요청이 매우 많은 서비스	TRUE	컴파일 시간이 긴 프로젝트	FALSE	화면 렌더링이 많은 SPA	FALSE	키보드 입력이 많은 앱	FALSE	caching	redis	performance	backend
Q085	Redis의 대표 특징		Database - NoSQL	27	CHOICE	EASY	Redis의 대표적인 특징으로 올바른 것은?	Redis는 메모리 기반 저장소로 빠르고 다양한 자료구조를 제공합니다. 면접에서는 “인메모리 + 자료구조”를 같이 말하면 좋습니다. 실무에서는 문자열, 리스트, 셋 같은 구조로 기능을 빠르게 구현할 수 있습니다. 단, 메모리 한계와 운영 설정을 고려해야 합니다. Redis는 캐시/세션/카운터 용도로 유명합니다.		메모리 기반이며 다양한 자료구조 제공	TRUE	관계형 조인에 최적화	FALSE	장기 파일 보관 전용	FALSE	UI 템플릿 엔진	FALSE	caching	redis	nosql	data_structure
Q086	캐시 키 충돌 방지		Backend - 아키텍처 패턴	20	CHOICE	EASY	캐시 키 충돌을 줄이기 위한 가장 일반적인 방법은?	키 충돌은 서로 다른 데이터가 같은 키에 저장되어 덮어쓰는 문제로 이어집니다. 면접에서는 prefix, namespace 개념을 자주 묻습니다. 실무에서는 domain prefix(user:, product:)와 파라미터 포함이 기본입니다. 또한 환경별 prefix(dev:, prod:)도 도움이 됩니다. 키 설계는 캐시 품질을 좌우합니다.		prefix로 네임스페이스를 나눈다	TRUE	키를 무조건 한 글자로 만든다	FALSE	키를 UI 문구로 만든다	FALSE	키를 파일명으로만 만든다	FALSE	caching	redis	key_design	backend
Q087	캐시 무효화 필요성		Backend - 아키텍처 패턴	20	CHOICE	EASY	캐시 무효화가 필요한 대표 상황은?	원본 데이터가 변경되면 기존 캐시 값이 틀릴 수 있습니다. 면접에서는 “원본 변경 → 캐시 갱신/삭제” 흐름을 설명하게 합니다. 실무에서는 이벤트 기반 무효화나 TTL을 활용합니다. 변경이 잦은 데이터는 무효화 비용이 커질 수 있습니다. 그래서 캐시 대상 선정을 다시 고민해야 합니다.		원본 데이터가 변경된 경우	TRUE	서버가 한 대인 경우	FALSE	브라우저가 최신인 경우	FALSE	Git 브랜치를 만든 경우	FALSE	caching	redis	invalidation	consistency
Q088	캐시 폴백 기본 흐름		Backend - 아키텍처 패턴	20	CHOICE	EASY	캐시가 실패했을 때도 서비스가 동작하도록 하는 기본 원칙은?	캐시는 보조 저장소이므로 없어도 서비스가 동작해야 합니다. 면접에서는 “캐시는 옵션”이라는 관점을 봅니다. 실무에서는 타임아웃 후 DB로 폴백하는 구조가 기본입니다. 물론 폴백 시 DB 폭주를 막는 제한도 필요할 수 있습니다. 캐시 장애가 전체 장애로 번지지 않게 설계해야 합니다.		캐시 없이도 원본(DB)으로 동작하게 한다	TRUE	캐시가 없으면 무조건 오류	FALSE	캐시가 없으면 서버 종료	FALSE	캐시가 없으면 요청 차단	FALSE	caching	redis	resilience	backend
Q089	캐시와 스케일 아웃		Backend - 아키텍처 패턴	20	CHOICE	EASY	서버를 여러 대로 늘릴 때 Redis 캐시가 유리한 이유는?	여러 서버가 같은 캐시를 공유하면 일관된 응답이 가능합니다. 면접에서는 스케일 아웃과 분산 캐시를 연결합니다. 실무에서는 공통 캐시를 두어 DB 접근을 줄이고 성능을 일정하게 유지합니다. 다만 Redis 자체도 확장/운영이 필요합니다. 캐시는 스케일링 전략의 구성 요소로 봅니다.		여러 서버가 동일 캐시를 공유할 수 있어서	TRUE	CPU 코어가 자동으로 늘어서	FALSE	UI가 자동 최적화돼서	FALSE	SQL이 자동 생성돼서	FALSE	scaling	redis	distributed_cache	backend
Q090	캐시 TTL의 의미		Database - NoSQL	27	CHOICE	EASY	TTL(Time To Live)이 의미하는 것은?	TTL은 키가 얼마나 오래 유효한지 나타내는 시간입니다. 면접에서는 “만료 시간”이라고 정확히 말하면 됩니다. 실무에서는 TTL로 오래된 캐시를 자동 정리하고 최신성을 어느 정도 유지합니다. TTL이 너무 길거나 짧으면 각각 문제가 생깁니다. 데이터 특성에 맞게 TTL을 조정하는 것이 중요합니다.		캐시 만료 시간	TRUE	데이터 암호화 키	FALSE	DB 커넥션 수	FALSE	서버 재시작 주기	FALSE	caching	redis	ttl	expiration
Q091	캐시 히트율 의미		Backend - 아키텍처 패턴	20	CHOICE	EASY	캐시 히트율(hit ratio)이 높다는 의미는?	히트율이 높으면 대부분의 요청이 캐시에서 처리됩니다. 면접에서는 히트율이 높을수록 캐시 효과가 크다고 설명하면 됩니다. 실무에서는 모니터링 지표로 히트율을 봅니다. 히트율이 낮으면 TTL, 키 설계, 캐싱 대상이 잘못됐을 가능성이 있습니다. 지표 기반으로 튜닝하는 것이 중요합니다.		캐시에서 처리되는 요청 비율이 높다	TRUE	DB에서 처리되는 요청 비율이 높다	FALSE	네트워크 오류가 많다	FALSE	서버 로그가 많다	FALSE	caching	redis	hit_ratio	performance
Q092	Redis 사용 시 주의점		Backend - 아키텍처 패턴	20	CHOICE	EASY	Redis를 캐시로 쓸 때 대표적으로 주의해야 할 점은?	캐시는 원본과 값이 달라질 수 있습니다. 면접에서는 일관성 문제와 무효화 전략을 묻습니다. 실무에서는 TTL, 무효화, write-through 등으로 완화합니다. 캐시 값이 오래되면 사용자에게 잘못된 정보가 노출됩니다. 따라서 캐시는 “언제 틀릴 수 있는지”를 항상 고려해야 합니다.		원본과 불일치가 생길 수 있다	TRUE	SQL 조인이 느려진다	FALSE	브라우저 렌더링이 느려진다	FALSE	Git push가 막힌다	FALSE	caching	redis	consistency	backend
Q093	Redis 카운터 용도		Database - NoSQL	27	CHOICE	EASY	Redis가 카운터(조회수 등)에 자주 쓰이는 가장 큰 이유는?	카운터는 증가 연산이 매우 빈번합니다. Redis는 메모리 기반이라 빠른 업데이트가 가능합니다. 면접에서는 “실시간 집계” 예시로 자주 나옵니다. 실무에서는 일정 주기로 DB에 반영하는 구조도 많이 씁니다. 단, 정확성이 매우 중요한 경우엔 추가 설계가 필요합니다.		빠른 증가 연산 처리	TRUE	조인 성능이 좋아서	FALSE	파일 저장이 쉬워서	FALSE	UI를 빠르게 그려서	FALSE	scaling	redis	counter	performance
Q094	캐시 값 크기		Backend - 아키텍처 패턴	20	CHOICE	EASY	캐시에 너무 큰 값을 저장하면 생길 수 있는 문제는?	큰 값은 메모리를 많이 쓰고 전송 비용도 증가시킵니다. 면접에서는 캐시도 비용이 있다는 점을 강조합니다. 실무에서는 필요한 데이터만 캐싱하고 큰 객체는 쪼개거나 피합니다. 값이 커지면 eviction이 빨리 발생할 수 있습니다. 결국 캐시 효율이 떨어질 수 있습니다.		메모리와 네트워크 비용 증가	TRUE	트랜잭션 자동 커밋	FALSE	HTTPS 자동 적용	FALSE	DB 인덱스 자동 생성	FALSE	caching	redis	memory	performance
Q095	캐시와 DB 부하		Backend - 아키텍처 패턴	20	CHOICE	EASY	캐시가 DB 부하를 줄이는 이유는?	캐시가 히트하면 DB를 조회하지 않습니다. 면접에서는 이 단순한 흐름을 정확히 말할 수 있어야 합니다. 실무에서는 DB 연결 수, 쿼리 실행 수가 줄어 장애 가능성이 낮아집니다. 특히 트래픽 피크에서 DB 보호 효과가 큽니다. 캐시는 성능과 안정성을 동시에 노립니다.		캐시 히트 시 DB 조회를 생략하기 때문	TRUE	DB 트랜잭션을 없애기 때문	FALSE	SQL 문법을 줄이기 때문	FALSE	서버를 재시작하기 때문	FALSE	caching	redis	performance	backend
Q096	캐시 만료 전략		Backend - 아키텍처 패턴	20	CHOICE	EASY	캐시 만료 전략을 두는 가장 일반적인 목적은?	만료 전략은 오래된 데이터가 계속 남는 것을 막습니다. 면접에서는 TTL과 함께 연결해서 묻습니다. 실무에서는 메모리 누적을 막고 최신성도 어느 정도 유지합니다. 만료가 없으면 캐시가 무한히 쌓일 수 있습니다. 데이터 성격에 맞게 만료를 설계하는 것이 중요합니다.		오래된 캐시를 자동으로 정리하기 위해	TRUE	SQL 조인 성능을 높이기 위해	FALSE	UI를 개선하기 위해	FALSE	네트워크 암호화를 하기 위해	FALSE	caching	redis	ttl	memory
Q097	스케일링과 세션		Backend - 아키텍처 패턴	20	CHOICE	EASY	세션을 서버 로컬에만 저장하면 스케일 아웃에서 생길 수 있는 문제는?	요청이 다른 서버로 가면 세션을 찾지 못할 수 있습니다. 면접에서는 로드밸런싱 환경에서의 세션 문제를 자주 묻습니다. 실무에서는 Redis 같은 공용 세션 저장소로 해결합니다. 스티키 세션도 방법이지만 운영/확장성이 떨어질 수 있습니다. 그래서 세션 외부화가 일반적입니다.		다른 서버로 가면 세션을 못 찾아 로그인 문제가 생길 수 있다	TRUE	SQL이 느려진다	FALSE	컴파일이 실패한다	FALSE	DNS가 없어도 된다	FALSE	scaling	redis	session	backend
Q098	캐시 키 설계 실수		Backend - 아키텍처 패턴	20	CHOICE	EASY	캐시 키에 중요한 파라미터를 빼먹었을 때 가장 흔한 문제는?	파라미터가 다른데 같은 키를 쓰면 결과가 섞입니다. 면접에서는 키 설계의 함정을 확인합니다. 실무에서는 locale, page, filter, userId 등을 포함해야 합니다. 키가 잘못되면 버그가 조용히 발생해 찾기 어렵습니다. 그래서 키 설계는 처음부터 신중해야 합니다.		서로 다른 결과가 같은 캐시로 섞여 잘못 응답할 수 있다	TRUE	트랜잭션 격리가 높아진다	FALSE	HTTPS가 자동 적용된다	FALSE	DB 인덱스가 자동 생성된다	FALSE	caching	redis	key_design	bug
Q099	Redis 운영 지표		Backend - 아키텍처 패턴	20	CHOICE	EASY	Redis 캐시 운영에서 기본적으로 확인할 지표로 가장 적절한 것은?	운영에서는 캐시 효율과 안정성을 봐야 합니다. 히트율은 효율을, 메모리 사용량은 안정성을 보여줍니다. 면접에서는 운영 관점 질문으로 자주 나옵니다. 실무에서는 응답 지연, 커넥션 수, eviction도 함께 봅니다. 기본은 히트율과 메모리입니다.		히트율과 메모리 사용량	TRUE	HTML 태그 개수	FALSE	Git 커밋 메시지 길이	FALSE	브라우저 탭 수	FALSE	caching	redis	monitoring	performance
Q100	캐시의 기본 관점		Backend - 아키텍처 패턴	20	CHOICE	EASY	캐시에 대한 올바른 관점은?	캐시는 성능을 올리는 보조 장치입니다. 면접에서는 “캐시는 없어도 동작해야 한다”를 강조하면 좋습니다. 실무에서는 타임아웃/폴백/무효화가 함께 있어야 안전합니다. 캐시는 편리하지만 운영 포인트가 늘어납니다. 그래서 전략적으로 적용해야 합니다.		캐시는 보조 저장소이며 없어도 서비스가 동작해야 한다	TRUE	캐시는 DB를 완전히 대체한다	FALSE	캐시는 항상 최신이다	FALSE	캐시는 모든 데이터를 저장해야 한다	FALSE	caching	scaling	redis	backend
Q101	SET NX PX 분산락		Backend - 아키텍처 패턴	20	CHOICE	MEDIUM	Redis로 분산 락을 구현할 때 가장 기본적으로 권장되는 키 설정 방식은?	분산 락은 여러 서버가 동시에 같은 자원을 수정하지 못하도록 막는 장치입니다. Redis에서는 단일 키를 원자적으로 잡기 위해 SET 명령에 NX 옵션을 사용합니다. 락이 영원히 남아 장애를 만들지 않도록 만료 시간을 함께 걸어야 합니다. 그래서 보통 NX와 PX(또는 EX)를 같이 사용해 락 획득과 TTL 설정을 한 번에 처리합니다. 면접에서는 왜 만료가 필수인지와 원자성 보장이 왜 중요한지까지 연결해서 묻는 경우가 많습니다.		SET key value NX PX milliseconds	TRUE	SET key value XX	FALSE	GET key 후 SET key	FALSE	INCR key 후 DEL key	FALSE	scaling	redis	distributed_lock	backend
Q102	Redlock 개념		Backend - 아키텍처 패턴	20	CHOICE	MEDIUM	Redis Redlock에 대한 설명으로 가장 올바른 것은?	Redlock은 여러 Redis 인스턴스에 락을 분산 저장해 단일 장애점 위험을 줄이려는 아이디어입니다. 면접에서는 Redlock이 무엇을 해결하려는지와 한계가 무엇인지가 포인트입니다. 실무에서는 네트워크 지연, 시계 불일치, 재시도 정책에 따라 안정성이 달라질 수 있어 신중히 적용합니다. 단일 Redis에 락을 두는 것보다 복잡도가 증가합니다. 따라서 Redlock은 반드시 필요성과 위험을 함께 설명할 수 있어야 합니다.		여러 인스턴스에 락을 분산해 단일 장애점을 줄이려는 방식이다	TRUE	Redis에서 트랜잭션을 완전히 대체하는 기능이다	FALSE	DB의 격리 수준을 높여주는 설정이다	FALSE	Pub/Sub로만 락을 구현하는 방식이다	FALSE	scaling	redis	distributed_lock	architecture
Q103	WATCH MULTI EXEC		Database - NoSQL	27	CHOICE	MEDIUM	Redis에서 낙관적 락(Optimistic Lock)에 가까운 동작을 구현할 때 주로 사용하는 조합은?	낙관적 락은 충돌이 자주 일어나지 않는다는 가정 하에 변경을 시도하고, 충돌이면 실패시키는 방식입니다. Redis에서는 WATCH로 키 변경을 감시한 뒤 MULTI로 트랜잭션을 시작합니다. 이후 EXEC 시점에 감시 키가 바뀌었으면 EXEC이 실패하거나 null로 처리됩니다. 면접에서는 이 흐름을 알고 있는지와 언제 쓰는지가 자주 나옵니다. 실무에서는 재시도(backoff) 전략을 함께 두지 않으면 실패가 누적될 수 있습니다.		WATCH 후 MULTI EXEC 사용	TRUE	PIPELINE 후 GET	FALSE	SETNX만 사용	FALSE	SCAN으로 키를 찾은 뒤 DEL	FALSE	caching	redis	optimistic_lock	backend
Q104	Lua 스크립트 원자성		Database - NoSQL	27	CHOICE	MEDIUM	Redis에서 여러 명령을 하나의 원자적 작업처럼 처리해야 할 때 가장 적절한 방법은?	멀티 명령을 순서대로 보내면 중간에 다른 요청이 끼어들 수 있습니다. Lua 스크립트는 Redis 서버에서 스크립트를 단일 실행 흐름으로 처리하여 원자성에 가까운 보장을 제공합니다. 면접에서는 Lua가 왜 필요한지와 어떤 상황에 쓰는지 묻습니다. 실무에서는 재고 차감, 쿠폰 발급 같은 동시성 민감 로직에서 Lua를 사용하기도 합니다. 다만 스크립트가 길어지면 서버 지연을 만들 수 있어 간결하게 유지하는 것이 중요합니다.		Lua 스크립트로 서버 측에서 한 번에 실행한다	TRUE	클라이언트에서 GET과 SET을 순서대로 호출한다	FALSE	SCAN으로 조회한 뒤 업데이트한다	FALSE	TTL을 길게 잡아 충돌을 피한다	FALSE	caching	redis	atomic	scaling
Q105	Pipeline vs Transaction		Database - NoSQL	27	CHOICE	MEDIUM	Redis Pipeline과 Transaction(MULTI/EXEC)의 차이에 대한 설명으로 올바른 것은?	Pipeline은 네트워크 왕복을 줄여 처리량을 높이는 최적화 기법입니다. 하지만 Pipeline 자체가 원자성을 보장하는 트랜잭션은 아닙니다. MULTI/EXEC는 명령을 큐잉해 순서대로 실행하지만, 중간 실패 롤백 같은 DB 트랜잭션과 동일하다고 오해하면 안 됩니다. 면접에서는 Pipeline은 성능, Transaction은 실행 묶음이라는 차이를 확인합니다. 실무에서는 대량 처리에는 Pipeline을, 경쟁 상태 제어에는 WATCH와 함께 Transaction을 고려합니다.		Pipeline은 성능 최적화이며 원자성 보장은 아니다	TRUE	Pipeline은 원자성을 강하게 보장한다	FALSE	MULTI/EXEC는 네트워크 왕복을 줄이기 위한 기능만이다	FALSE	MULTI/EXEC는 자동 롤백을 보장한다	FALSE	scaling	redis	pipeline	performance
Q106	RDB vs AOF		Database - NoSQL	27	CHOICE	MEDIUM	Redis 영속화(persistence) 방식에 대한 설명으로 가장 올바른 것은?	Redis는 기본적으로 인메모리이지만 장애 대비를 위해 영속화 옵션을 사용할 수 있습니다. RDB는 스냅샷 방식으로 특정 시점의 상태를 저장합니다. AOF는 쓰기 명령을 로그처럼 기록하여 재실행으로 복구합니다. 면접에서는 RDB는 빠른 복구와 스냅샷, AOF는 더 높은 내구성과 로그 기반이라는 차이를 묻습니다. 실무에서는 성능과 내구성 요구에 따라 RDB, AOF, 또는 혼합을 선택합니다.		RDB는 스냅샷, AOF는 쓰기 로그 기반이다	TRUE	RDB는 쓰기 로그, AOF는 스냅샷이다	FALSE	둘 다 무조건 완전한 무손실 복구를 보장한다	FALSE	영속화는 Redis에서 불가능하다	FALSE	scaling	redis	persistence	backend
Q107	Replication 읽기 스케일링		Backend - 아키텍처 패턴	20	CHOICE	MEDIUM	Redis 복제(replication)를 읽기 스케일링에 활용할 때 기대 효과로 가장 적절한 것은?	Redis는 master-replica 구조로 복제를 구성할 수 있습니다. 읽기 요청을 replica로 분산하면 master의 부담을 줄일 수 있습니다. 면접에서는 복제가 성능에 어떤 도움을 주는지와 일관성 지연 가능성을 함께 묻습니다. 실무에서는 복제 지연으로 인해 최신 데이터가 즉시 반영되지 않을 수 있어 읽기 경로를 신중히 설계합니다. 따라서 읽기 스케일링은 가능하지만 강한 최신성이 필요하면 master 읽기를 유지하는 전략도 고려합니다.		읽기 요청을 replica로 분산해 처리량을 늘릴 수 있다	TRUE	쓰기 요청을 replica로 분산해 정합성을 보장한다	FALSE	복제는 메모리 사용량을 줄인다	FALSE	복제는 TTL을 자동으로 연장한다	FALSE	scaling	redis	replication	performance
Q108	Sentinel 역할		Backend - 아키텍처 패턴	20	CHOICE	MEDIUM	Redis Sentinel의 대표 목적은 무엇인가?	Sentinel은 Redis 고가용성을 위한 감시자 역할을 합니다. master 장애를 감지하고 failover를 유도해 replica를 새로운 master로 승격할 수 있습니다. 면접에서는 Sentinel이 클러스터와 어떻게 다른지까지 묻기도 합니다. 실무에서는 애플리케이션이 Sentinel을 통해 현재 master를 찾거나 장애 전환을 따라가도록 구성합니다. 따라서 Sentinel은 자동 장애 감지와 전환을 위한 구성요소로 이해하는 것이 중요합니다.		장애 감지와 자동 failover 지원	TRUE	데이터 압축과 암호화 전용 기능	FALSE	SQL 조인 수행을 위한 기능	FALSE	브라우저 캐시를 제어하는 기능	FALSE	scaling	redis	sentinel	ha
Q109	Cluster vs Sentinel		Backend - 아키텍처 패턴	20	CHOICE	MEDIUM	Redis Cluster에 대한 설명으로 가장 올바른 것은?	Cluster는 샤딩을 통해 데이터를 여러 노드에 분산 저장하는 구조입니다. Sentinel은 주로 단일 master 구조에서 장애 전환을 돕는 감시자에 가깝습니다. 면접에서는 Cluster는 분산 저장과 확장성, Sentinel은 HA 중심이라는 차이를 자주 확인합니다. 실무에서는 키 분산(해시 슬롯)과 멀티키 연산 제약 같은 운영 포인트가 있습니다. 따라서 Cluster는 스케일링을 위한 분산 구조라는 점을 명확히 이해해야 합니다.		데이터를 샤딩해 여러 노드에 분산 저장하는 구조다	TRUE	단일 노드에서만 동작하도록 고정하는 기능이다	FALSE	트랜잭션 롤백을 강화하는 기능이다	FALSE	RDB 스냅샷을 대체하는 기능이다	FALSE	scaling	redis	cluster	distributed
Q110	Eviction 정책		Database - NoSQL	27	CHOICE	MEDIUM	Redis eviction 정책(allkeys-lru 등)이 필요한 이유로 가장 적절한 것은?	Redis는 메모리 한계에 도달하면 새 쓰기가 실패하거나 기존 키를 제거해야 합니다. eviction 정책은 어떤 키를 제거할지 결정하는 규칙입니다. 면접에서는 LRU, LFU 같은 기본 개념을 알고 있는지 확인합니다. 실무에서는 캐시가 쌓여 장애가 나지 않도록 maxmemory와 정책을 함께 설정합니다. 따라서 eviction은 캐시 운영 안정성과 직결되는 설정입니다.		메모리 한계에서 어떤 키를 제거할지 결정하기 위해	TRUE	SQL 쿼리 최적화를 위해	FALSE	HTTP 세션을 암호화하기 위해	FALSE	CPU 코어를 늘리기 위해	FALSE	caching	redis	eviction	scaling
Q111	Cache Aside vs Write Through		Backend - 아키텍처 패턴	20	CHOICE	MEDIUM	Cache Aside와 Write Through를 비교한 설명으로 가장 올바른 것은?	Cache Aside는 읽기 시 캐시 미스면 DB에서 읽어 캐시에 적재하는 방식입니다. Write Through는 쓰기 시 캐시와 DB를 동시에 갱신해 일관성을 높이는 접근입니다. 면접에서는 어떤 패턴이 어떤 장단점을 가지는지 묻습니다. 실무에서는 Write Through는 쓰기 비용이 늘 수 있지만 캐시 최신성이 좋아집니다. 반면 Cache Aside는 구현이 단순하지만 무효화 전략이 중요합니다.		Write Through는 쓰기 시 캐시와 DB를 함께 갱신한다	TRUE	Cache Aside는 쓰기 시 항상 캐시와 DB를 동시에 쓴다	FALSE	Write Through는 읽기 미스 시에만 캐시를 채운다	FALSE	두 방식은 차이가 없다	FALSE	caching	redis	cache_pattern	backend
Q112	Write Back Write Behind		Backend - 아키텍처 패턴	20	CHOICE	MEDIUM	Write Back(Write Behind) 전략의 대표적인 특징은?	Write Back은 먼저 캐시에 쓰고, 나중에 비동기로 DB에 반영하는 전략입니다. 면접에서는 성능은 좋지만 장애 시 데이터 유실 위험이 있다는 점을 묻습니다. 실무에서는 배치 플러시, 로그 기반 복구 같은 보완책이 필요합니다. 또한 DB 반영 지연으로 인해 다른 시스템이 오래된 데이터를 볼 수 있습니다. 따라서 Write Back은 높은 쓰기 처리량이 필요할 때 신중히 도입합니다.		캐시에 먼저 쓰고 이후 DB에 지연 반영한다	TRUE	DB에 먼저 쓰고 캐시에 반영하지 않는다	FALSE	읽기만 최적화하고 쓰기는 금지한다	FALSE	TTL을 늘려 일관성을 보장한다	FALSE	caching	redis	write_back	scaling
Q113	Thundering Herd 완화		Backend - 아키텍처 패턴	20	CHOICE	MEDIUM	캐시 스탬피드(Thundering Herd)를 줄이는 대표 전략으로 가장 적절한 것은?	많은 요청이 동시에 같은 키를 갱신하려 하면 DB가 폭주할 수 있습니다. 이를 막기 위해 캐시 미스 시 한 요청만 DB를 조회하도록 잠금이나 singleflight를 둡니다. 면접에서는 mutex lock, 만료 분산, pre-warming 등을 묻습니다. 실무에서는 락을 잘못 잡으면 병목이 될 수 있어 TTL과 재시도 정책이 중요합니다. 결과적으로 스탬피드는 동시 갱신 제어로 완화합니다.		미스 시 하나만 원본을 조회하도록 락이나 singleflight를 둔다	TRUE	TTL을 무조건 0으로 만든다	FALSE	모든 키를 영구 저장한다	FALSE	요청마다 캐시를 강제 삭제한다	FALSE	caching	redis	stampede	backend
Q114	Hot Key 문제		Backend - 아키텍처 패턴	20	CHOICE	MEDIUM	Hot Key 문제에 대한 설명으로 올바른 것은?	Hot Key는 특정 키로 트래픽이 과도하게 집중되는 현상입니다. Redis 단일 키가 병목이 되어 지연과 CPU 사용량이 증가할 수 있습니다. 면접에서는 핫키를 어떻게 완화할지(키 샤딩, 로컬 캐시, 레플리카 분산)를 묻기도 합니다. 실무에서는 인기글, 메인 배너 같은 극단적 인기 데이터가 핫키가 되기 쉽습니다. 따라서 핫키는 캐시 성능과 안정성 모두에 영향을 주는 운영 이슈입니다.		특정 키에 트래픽이 몰려 Redis가 병목이 되는 현상	TRUE	존재하지 않는 키만 조회되는 현상	FALSE	모든 키가 동시에 만료되는 현상	FALSE	DB 인덱스가 깨지는 현상	FALSE	scaling	redis	hot_key	performance
Q115	Bloom Filter 활용		Backend - 아키텍처 패턴	20	CHOICE	MEDIUM	캐시 페네트레이션(없는 값 반복 조회) 완화에 도움이 되는 기법으로 가장 적절한 것은?	없는 값 조회가 반복되면 캐시가 히트하지 않아 DB로 계속 내려갑니다. 이를 완화하기 위해 Bloom Filter로 존재 여부를 빠르게 판정할 수 있습니다. 면접에서는 Bloom Filter가 거짓 양성(false positive)은 가능하지만 거짓 음성(false negative)은 없다는 특징을 묻습니다. 실무에서는 DB 앞단에서 존재하지 않는 요청을 걸러 부하를 줄입니다. 다만 Bloom Filter 갱신과 메모리 비용도 함께 고려해야 합니다.		Bloom Filter로 존재 여부를 빠르게 걸러낸다	TRUE	모든 요청을 DB로 강제 우회한다	FALSE	TTL을 무한대로 늘린다	FALSE	키를 모두 한 글자로 줄인다	FALSE	caching	redis	bloom_filter	scaling
Q116	Sliding Window Rate Limit		Backend - 아키텍처 패턴	20	CHOICE	MEDIUM	Redis로 레이트 리밋을 구현할 때 Sliding Window에 가까운 접근으로 가장 적절한 것은?	고정 윈도우는 경계에서 트래픽이 튈 수 있어 더 정교한 방식이 필요할 때가 있습니다. Sliding Window는 시간 구간을 더 연속적으로 반영해 제한을 부드럽게 합니다. Redis에서는 타임스탬프를 정렬 셋(sorted set) 등에 기록하고 범위 삭제와 카운트를 조합해 구현할 수 있습니다. 면접에서는 왜 고정 윈도우가 취약한지와 대안이 무엇인지 묻습니다. 실무에서는 Lua로 원자성을 확보하거나 TTL로 데이터 폭증을 관리합니다.		시간별 기록을 저장하고 구간 내 카운트를 계산한다	TRUE	매 요청마다 서버를 재시작한다	FALSE	DB 조인으로만 제한을 구현한다	FALSE	브라우저 캐시에만 의존한다	FALSE	scaling	redis	rate_limit	backend
Q117	Idempotency Token 캐시		Backend - 아키텍처 패턴	20	CHOICE	MEDIUM	결제 요청 중복 처리 방지에 Redis를 활용하는 방식으로 가장 적절한 것은?	네트워크 재시도나 사용자 중복 클릭으로 동일 요청이 여러 번 들어올 수 있습니다. 이를 막기 위해 idempotency token을 Redis에 저장하고 이미 처리된 토큰이면 재처리를 막습니다. 면접에서는 멱등성과 재시도 환경에서의 안전장치를 묻습니다. 실무에서는 토큰에 TTL을 두어 무한 저장을 피하고, 성공 결과를 함께 캐싱해 동일 응답을 반환하기도 합니다. 따라서 Redis는 멱등성 보장 도구로도 유용합니다.		토큰을 Redis에 저장해 동일 토큰이면 중복 처리를 막는다	TRUE	토큰을 로그 파일에만 기록한다	FALSE	토큰을 클라이언트 쿠키에만 저장한다	FALSE	토큰을 DB에만 영구 저장한다	FALSE	caching	redis	idempotency	backend
Q118	Spring Cache Key		Backend - 아키텍처 패턴	20	CHOICE	MEDIUM	Spring Cache에서 Redis를 사용할 때 캐시 키 설계에서 가장 중요한 포인트는?	Spring Cache는 기본 키 생성 규칙이 있지만 파라미터 조합에 따라 키가 달라질 수 있습니다. 키가 충분히 구체적이지 않으면 서로 다른 요청이 같은 캐시를 공유해 잘못된 값이 나갈 수 있습니다. 면접에서는 캐시 키가 무엇을 기준으로 만들어지는지와 커스텀 키 전략을 묻습니다. 실무에서는 userId, locale, page 같은 요소를 포함해 충돌을 막습니다. 또한 배포 시 스키마 변경이 있으면 키 버전 전략도 고려합니다.		요청 파라미터를 반영해 충돌 없이 유일하게 만드는 것	TRUE	키를 무조건 랜덤으로 만드는 것	FALSE	키를 UI 텍스트로 만드는 것	FALSE	키를 DB 테이블명으로만 만드는 것	FALSE	caching	redis	cache_key	backend
Q119	Serializer 호환성		Backend - 아키텍처 패턴	20	CHOICE	MEDIUM	Redis 캐시에 객체를 저장할 때 직렬화 방식 선택에서 중요한 이유로 가장 적절한 것은?	객체를 Redis에 넣으려면 직렬화가 필요합니다. 직렬화 포맷이 바뀌면 기존 캐시 데이터를 읽지 못해 오류가 날 수 있습니다. 면접에서는 JSON, JDK 직렬화 같은 방식의 장단점을 묻고, 호환성 이슈를 물을 수 있습니다. 실무에서는 JSON이 디버깅이 쉽지만 크기가 커질 수 있고, 바이너리는 효율적이지만 운영이 어렵습니다. 따라서 직렬화는 성능과 호환성, 운영 편의성의 균형으로 선택해야 합니다.		직렬화 변경 시 호환성 문제로 캐시 역직렬화 오류가 날 수 있어서	TRUE	직렬화는 Redis에서 필요 없다	FALSE	직렬화는 DB 인덱스를 자동 생성한다	FALSE	직렬화는 TLS를 자동 적용한다	FALSE	caching	redis	serialization	backend
Q120	Cache Refresh Ahead		Backend - 아키텍처 패턴	20	CHOICE	MEDIUM	Refresh Ahead(사전 갱신) 전략의 목적에 가장 가까운 것은?	Refresh Ahead는 만료 직전에 인기 키를 미리 갱신해 캐시 미스 폭주를 줄이려는 전략입니다. 면접에서는 스탬피드 완화 기법으로 분류해 설명하면 좋습니다. 실무에서는 백그라운드 작업이나 스케줄러로 자주 쓰는 키를 미리 업데이트합니다. 다만 사전 갱신이 많아지면 불필요한 갱신 비용이 생길 수 있어 대상 선정이 중요합니다. 결과적으로 사용자 요청 경로에서 DB 폭주를 줄이는 것이 핵심 목적입니다.		만료 직전 미리 갱신해 미스 폭주를 줄이는 것	TRUE	모든 키를 영구 저장하는 것	FALSE	요청마다 캐시를 삭제하는 것	FALSE	DB 트랜잭션을 강화하는 것	FALSE	caching	redis	refresh_ahead	scaling
Q121	Cache Penetration 대응		Backend - 아키텍처 패턴	20	CHOICE	MEDIUM	Cache Penetration(없는 키 반복 조회) 대응으로 가장 적절한 조합은?	없는 값을 계속 조회하면 캐시가 히트하지 않아 DB로 요청이 계속 내려갑니다. 이를 완화하려면 (1) 요청 유효성 검증으로 말이 안 되는 키를 미리 차단하고, (2) 네거티브 캐싱으로 “없음” 결과를 짧게 캐싱하거나, (3) Bloom Filter로 존재 여부를 빠르게 거르는 방식이 자주 쓰입니다. 면접에서는 “왜 DB가 계속 맞는지”를 설명하고 해결책을 2가지 이상 말할 수 있는지 봅니다. 실무에서는 TTL을 짧게 두어 나중에 데이터가 생성될 가능성을 열어두는 것이 중요합니다.		Bloom Filter 또는 네거티브 캐싱을 사용한다	TRUE	TTL을 무한대로 늘린다	FALSE	모든 요청을 DB로 우회한다	FALSE	캐시를 아예 사용하지 않는다	FALSE	caching	redis	penetration	scaling
Q122	Cache Breakdown 완화		Backend - 아키텍처 패턴	20	CHOICE	MEDIUM	인기 키가 만료되며 DB가 폭주하는 Cache Breakdown(Stampede) 완화책으로 가장 적절한 것은?	인기 키가 만료되면 동시에 많은 요청이 DB로 떨어질 수 있습니다. 이를 막기 위해 “미스 시 단 하나만 원본을 조회하도록 락/SingleFlight”를 두거나, 만료 시간을 랜덤하게 분산(지터)하고, refresh-ahead로 사전 갱신을 적용하기도 합니다. 면접에서는 이 현상을 스탬피드라고 부르며 해결책을 물어봅니다. 실무에서는 락이 병목이 될 수 있어 락 TTL과 재시도 백오프가 중요합니다.		미스 시 한 요청만 DB 조회하도록 락/SingleFlight 적용	TRUE	모든 키 TTL을 1초로 줄인다	FALSE	캐시를 매 요청마다 삭제한다	FALSE	DB 인덱스를 제거한다	FALSE	caching	redis	stampede	backend
Q123	캐시 키 버저닝		Backend - 아키텍처 패턴	20	CHOICE	MEDIUM	캐시 키에 버전(prefix v1 v2)을 붙이는 대표적인 목적은?	응답 스키마나 계산 로직이 바뀌면 기존 캐시 값이 새 코드와 호환되지 않을 수 있습니다. 키 버저닝은 구 캐시와 신 캐시를 안전하게 분리하여 배포 후 오류를 줄입니다. 면접에서는 “캐시도 배포의 일부”라는 관점을 봅니다. 실무에서는 역직렬화 오류나 잘못된 화면 노출을 막는 데 유용합니다. 필요하면 구 버전 키를 점진적으로 삭제합니다.		스키마/로직 변경 시 구 캐시와 충돌을 피하기 위해	TRUE	키 길이를 줄이기 위해	FALSE	Redis 메모리를 자동 확장하기 위해	FALSE	SQL 조인을 가능하게 하기 위해	FALSE	caching	redis	key_design	deployment
Q124	Cache Aside 쓰기 시나리오		Backend - 아키텍처 패턴	20	CHOICE	MEDIUM	Cache Aside에서 데이터 수정(update) 시 가장 일반적인 처리 방식은?	Cache Aside는 읽기 시 캐시를 확인하고 미스면 DB→캐시 적재하는 패턴입니다. 쓰기 시에는 보통 DB를 먼저 갱신한 뒤 관련 캐시를 삭제(invalidate)하거나 재계산해 갱신합니다. 면접에서는 “왜 캐시를 삭제하는가”를 자주 묻습니다. 실무에서는 update 후 stale 캐시가 남는 것을 막기 위해 invalidate가 단순하고 안전한 선택입니다. 단, 삭제 직후 요청 폭주가 가능하므로 refresh-ahead나 락 등 보완도 고려합니다.		DB 업데이트 후 관련 캐시를 삭제(invalidate)한다	TRUE	캐시만 업데이트하고 DB는 나중에 쓴다	FALSE	캐시를 영구 저장해 삭제하지 않는다	FALSE	매번 모든 캐시를 flush 한다	FALSE	caching	redis	cache_aside	consistency
Q125	Double Deletion		Backend - 아키텍처 패턴	20	CHOICE	MEDIUM	Double Deletion(이중 삭제) 전략이 주로 해결하려는 문제는?	DB 업데이트와 캐시 삭제 순서/지연 때문에 stale 캐시가 다시 살아나는 레이스 컨디션이 생길 수 있습니다. Double Deletion은 업데이트 전후로 캐시를 두 번 삭제하거나, 일정 지연 후 한 번 더 삭제해 이런 타이밍 문제를 완화합니다. 면접에서는 “왜 두 번 지우는가”를 설명하게 합니다. 실무에서는 완전한 해결책은 아니며, 이벤트 기반 무효화나 버저닝과 병행하기도 합니다.		레이스 컨디션으로 stale 캐시가 남는 문제 완화	TRUE	Redis 메모리를 절약하기 위한 전략	FALSE	RDB 스냅샷을 빠르게 만들기 위한 전략	FALSE	HTTP 캐시 헤더를 설정하기 위한 전략	FALSE	caching	redis	invalidation	backend
Q126	TTL만으로 부족한 경우		Backend - 아키텍처 패턴	20	CHOICE	MEDIUM	TTL만으로 캐시 일관성을 해결하기 어려운 대표 상황은?	TTL은 일정 시간 후 만료로 stale를 줄이지만, 데이터가 자주 바뀌면 TTL 기간 동안은 틀린 값이 노출될 수 있습니다. 면접에서는 “변경 직후 정확성” 요구가 있을 때 TTL만으로는 부족하다고 설명하면 좋습니다. 실무에서는 이벤트 기반 무효화, write-through, 또는 변경 시 캐시 삭제 같은 적극적 전략이 필요합니다. 특히 가격/재고/권한 같은 데이터는 stale가 큰 문제로 이어질 수 있어 주의합니다.		변경 직후에도 정확해야 하는 데이터(재고/권한 등)	TRUE	변경이 거의 없는 공통 코드	FALSE	하루 한 번 바뀌는 설정값	FALSE	단순 정적 목록	FALSE	caching	redis	consistency	backend
Q127	Read Replica 지연		Backend - 아키텍처 패턴	20	CHOICE	MEDIUM	Redis replica로 읽기 분산 시 주의할 점으로 가장 적절한 것은?	replica는 master에서 데이터를 복제받기 때문에 지연이 생길 수 있습니다. 따라서 “쓰기 직후 읽기”가 중요한 경우 replica에서 읽으면 최신 값이 아닐 수 있습니다. 면접에서는 복제 지연과 최종 일관성을 묻습니다. 실무에서는 중요한 읽기는 master로 보내거나, 세션 단위로 일관성을 맞추는 전략을 씁니다. 즉 읽기 스케일링은 가능하지만 일관성 요구에 따라 경로를 나눠야 합니다.		복제 지연으로 최신 값이 아닐 수 있다	TRUE	replica는 항상 master보다 최신이다	FALSE	replica는 TTL을 자동 연장한다	FALSE	replica는 쓰기도 가능해 정합성이 완벽하다	FALSE	scaling	redis	replication	consistency
Q128	Cache Eviction LRU		Database - NoSQL	27	CHOICE	MEDIUM	LRU 기반 eviction 정책의 의미로 올바른 것은?	LRU는 Least Recently Used로, 최근에 덜 사용된 키부터 제거하는 정책입니다. 면접에서는 LRU, LFU의 개념 차이를 자주 확인합니다. 실무에서는 캐시 특성상 최근 접근한 데이터가 다시 쓰일 가능성이 높다는 가정에 기반합니다. 다만 워크로드에 따라 LRU가 최적이 아닐 수도 있습니다. 그래서 히트율과 eviction 로그를 보고 정책을 조정합니다.		최근에 덜 사용된 키부터 제거한다	TRUE	크기가 작은 키부터 제거한다	FALSE	TTL이 긴 키부터 제거한다	FALSE	무작위로 제거한다	FALSE	caching	redis	eviction	performance
Q129	LFU 의미		Database - NoSQL	27	CHOICE	MEDIUM	LFU 기반 eviction 정책의 의미로 올바른 것은?	LFU는 Least Frequently Used로, 사용 빈도가 낮은 키를 우선 제거합니다. 면접에서는 LRU와 LFU 중 어떤 상황에 어떤 게 더 나은지까지 연결할 수 있으면 좋습니다. 실무에서는 “자주 쓰이는 값은 남기고”라는 목표에 맞을 수 있습니다. 다만 빈도 계산 오버헤드와 워크로드 특성에 따라 장단이 있습니다. 운영에서는 실제 히트율을 보고 선택합니다.		사용 빈도가 낮은 키부터 제거한다	TRUE	최근에 덜 사용된 키부터 제거한다	FALSE	TTL이 짧은 키부터 제거한다	FALSE	항상 랜덤으로 제거한다	FALSE	caching	redis	eviction	scaling
Q130	PubSub 한계		Database - NoSQL	27	CHOICE	MEDIUM	Redis Pub/Sub을 메시징에 사용할 때 대표적인 한계로 올바른 것은?	Pub/Sub은 발행 즉시 구독자에게 전달되지만, 구독자가 없거나 끊겨 있으면 메시지가 유실될 수 있습니다. 면접에서는 “영속성/재전송”이 필요한 경우 Pub/Sub만으로 부족하다고 말할 수 있어야 합니다. 실무에서는 확실한 전달 보장이 필요하면 메시지 브로커나 Redis Streams 같은 대안을 고려합니다. Pub/Sub은 가볍고 단순한 브로드캐스트에 적합합니다.		구독자가 없으면 메시지가 유실될 수 있다	TRUE	메시지가 디스크에 영구 저장된다	FALSE	메시지가 자동으로 재전송된다	FALSE	트랜잭션 롤백이 지원된다	FALSE	scaling	redis	pubsub	backend
Q131	Redis Streams 목적		Database - NoSQL	27	CHOICE	MEDIUM	Redis Streams를 쓰는 목적에 가장 가까운 것은?	Streams는 로그 기반으로 메시지를 저장하고 소비자 그룹이 읽어가는 형태를 지원합니다. 면접에서는 Pub/Sub과의 차이(영속성, ack, consumer group)를 묻기도 합니다. 실무에서는 이벤트 처리 파이프라인이나 간단한 큐로 사용할 수 있습니다. 다만 대규모 메시징 요구가 크면 전문 브로커를 검토합니다. Streams는 Redis 안에서 “유실을 줄인 메시징”을 구현하는 선택지입니다.		메시지를 로그처럼 저장하고 소비자 그룹으로 처리하기 위해	TRUE	SQL 조인을 빠르게 하기 위해	FALSE	이미지를 압축하기 위해	FALSE	TLS 인증서를 발급하기 위해	FALSE	scaling	redis	streams	backend
Q132	캐시 일관성 전략 선택		Backend - 아키텍처 패턴	20	CHOICE	MEDIUM	강한 최신성이 필요한 데이터에 더 적합한 전략은?	재고/권한/가격처럼 틀리면 큰 문제가 되는 데이터는 stale 노출을 최소화해야 합니다. TTL만으로는 변경 직후 틀릴 수 있어, write-through 또는 변경 시 즉시 invalidate/refresh 같은 적극적 전략이 더 적합합니다. 면접에서는 “어떤 데이터에 어떤 전략”을 선택할 줄 아는지 봅니다. 실무에서는 비용과 정확성의 균형을 맞추면서도 위험한 데이터는 보수적으로 설계합니다.		변경 시 즉시 캐시 무효화/갱신 또는 write-through	TRUE	TTL을 길게 두고 그냥 둔다	FALSE	모든 데이터를 영구 캐싱한다	FALSE	캐시를 쓰지 않는다	FALSE	caching	redis	consistency	backend
Q133	Hot Key 완화		Backend - 아키텍처 패턴	20	CHOICE	MEDIUM	Hot Key(핫키) 문제 완화책으로 가장 적절한 것은?	핫키는 특정 키에 트래픽이 몰려 Redis가 병목이 되는 현상입니다. 완화책으로는 키 샤딩(예: key:1..N), 로컬 캐시 병행, replica 분산 읽기 등이 있습니다. 면접에서는 왜 핫키가 생기는지와 어떻게 풀지 묻습니다. 실무에서는 인기글/메인배너 같은 데이터가 원인이 되며, 모니터링으로 발견하는 것이 중요합니다. 단순히 TTL을 늘린다고 해결되지는 않습니다.		키 샤딩 또는 로컬 캐시/replica로 분산한다	TRUE	키를 더 길게 만든다	FALSE	DB 인덱스를 제거한다	FALSE	모든 키를 즉시 만료한다	FALSE	scaling	redis	hot_key	performance
Q134	Cache Warming 주의점		Backend - 아키텍처 패턴	20	CHOICE	MEDIUM	Cache Warming을 도입할 때 주의해야 할 점으로 가장 적절한 것은?	워밍은 초기 미스 폭주를 줄이지만, 과도하게 많은 데이터를 미리 적재하면 시작 시간이 길어지고 메모리가 빠르게 차버릴 수 있습니다. 면접에서는 워밍의 장점과 함께 비용/리스크를 묻기도 합니다. 실무에서는 인기 상위 N개만 워밍하거나, 점진적으로 채우는 전략이 많습니다. 또한 워밍 데이터가 실제로 사용되지 않으면 낭비입니다. 그래서 대상 선정과 크기 제어가 핵심입니다.		과도한 적재로 시작 지연/메모리 낭비가 생길 수 있다	TRUE	워밍을 하면 일관성 문제가 완전히 사라진다	FALSE	워밍은 네트워크 암호화를 제공한다	FALSE	워밍을 하면 DB가 필요 없어 진다	FALSE	caching	redis	warming	scaling
Q135	SingleFlight 개념		Backend - 아키텍처 패턴	20	CHOICE	MEDIUM	SingleFlight(또는 Request Coalescing)의 목적은?	동시에 같은 키를 요청할 때 모두 DB를 조회하면 폭주가 발생합니다. SingleFlight는 동일 키에 대해 하나의 요청만 원본을 조회하고 나머지는 결과를 공유하게 합니다. 면접에서는 스탬피드 완화책으로 자주 나옵니다. 실무에서는 락보다 구현이 깔끔한 경우도 있지만, 실패/타임아웃 처리 설계가 필요합니다. 핵심은 중복 조회를 합쳐 DB 부하를 줄이는 것입니다.		동일 키 동시 요청을 합쳐 원본 조회를 1회로 줄인다	TRUE	모든 요청을 무조건 캐시에만 보낸다	FALSE	TTL을 늘려 만료를 없앤다	FALSE	Redis를 디스크 DB로 바꾼다	FALSE	caching	redis	stampede	backend
Q136	Rate Limit 원자성		Backend - 아키텍처 패턴	20	CHOICE	MEDIUM	Redis로 레이트리밋을 구현할 때 원자성이 중요한 이유는?	레이트리밋은 “증가 후 비교”가 분리되면 레이스 컨디션이 생겨 제한이 뚫릴 수 있습니다. 면접에서는 INCR + TTL 또는 Lua로 원자성을 확보하는 방식을 묻습니다. 실무에서는 멀티 서버에서 동시에 요청이 들어오는 상황이 기본이므로 원자성 없이는 정확한 제한이 어렵습니다. 특히 결제나 로그인 같은 엔드포인트는 공격 트래픽도 고려합니다. 따라서 원자적 카운트/검사가 핵심입니다.		동시 요청에서 제한이 뚫리지 않게 하기 위해	TRUE	네트워크 속도를 올리기 위해	FALSE	SQL 조인을 줄이기 위해	FALSE	UI 렌더링을 빠르게 하기 위해	FALSE	scaling	redis	rate_limit	atomic
Q137	캐시 키 파라미터		Backend - 아키텍처 패턴	20	CHOICE	MEDIUM	캐시 키에 userId 같은 식별자를 포함하지 않으면 생길 수 있는 위험은?	사용자별 응답이 다른데 같은 키를 쓰면 데이터가 섞여 개인정보 노출로 이어질 수 있습니다. 면접에서는 캐시 설계가 보안 이슈로 이어지는지까지 봅니다. 실무에서는 userId, 권한, locale 등 응답에 영향을 주는 요소를 키에 포함해야 합니다. 또한 민감정보를 캐시에 저장할 때 접근 통제도 필요합니다. 키 설계는 단순 성능 문제가 아니라 안전 문제이기도 합니다.		사용자 데이터가 섞여 잘못된 값/노출이 발생할 수 있다	TRUE	Redis 메모리가 자동 확장된다	FALSE	DB 인덱스가 자동 생성된다	FALSE	TLS 인증서가 자동 발급된다	FALSE	caching	redis	cache_key	security
Q138	장애 전환과 클라이언트		Backend - 아키텍처 패턴	20	CHOICE	MEDIUM	Sentinel 환경에서 애플리케이션이 고려해야 할 동작으로 가장 적절한 것은?	Sentinel이 failover를 수행하면 master가 바뀝니다. 애플리케이션은 새 master를 찾아 재연결하거나, Sentinel을 통해 현재 master를 조회해야 합니다. 면접에서는 “장애 전환 시 클라이언트는 무엇을 해야 하나”를 묻습니다. 실무에서는 커넥션 재시도, 백오프, 일시적 오류 처리 등이 중요합니다. 재연결 로직이 없으면 failover 후에도 계속 죽은 master로 붙어 장애가 지속됩니다.		failover 후 새 master로 재연결할 수 있어야 한다	TRUE	failover는 애플리케이션과 무관하다	FALSE	failover가 되면 TTL이 자동 연장된다	FALSE	failover 시 DB 트랜잭션이 자동 롤백된다	FALSE	scaling	redis	sentinel	ha
Q139	캐시 관측 지표 확장		Backend - 아키텍처 패턴	20	CHOICE	MEDIUM	캐시 운영에서 히트율 외에 “이상이 생겼다”를 빨리 감지하기 좋은 지표는?	히트율만으로는 장애를 놓칠 수 있습니다. Redis 응답 지연(latency), timeouts, eviction 횟수, 연결 수 급증 같은 지표가 이상을 빠르게 보여줍니다. 면접에서는 운영 관점 질문으로 “무엇을 모니터링할지”를 묻기도 합니다. 실무에서는 latency 상승이 곧바로 전체 API 지연으로 번질 수 있습니다. eviction이 급증하면 메모리 부족과 히트율 하락이 연쇄로 올 수 있습니다. 그래서 latency/timeout/eviction은 핵심 지표입니다.		latency/timeout/eviction 같은 운영 지표	TRUE	Git 커밋 개수	FALSE	HTML 태그 수	FALSE	IDE 플러그인 개수	FALSE	caching	redis	monitoring	scaling
Q140	캐시 데이터 압축 판단		Backend - 아키텍처 패턴	20	CHOICE	MEDIUM	캐시 값 압축(compression)을 고려할 때 가장 적절한 판단 기준은?	압축은 메모리와 네트워크 비용을 줄일 수 있지만, 압축/해제 CPU 비용이 생깁니다. 면접에서는 “비용-효과 트레이드오프”를 말할 수 있어야 합니다. 실무에서는 값이 크고 자주 전송되는 경우 압축이 유리할 수 있습니다. 반대로 값이 작거나 CPU가 이미 바쁘면 오히려 손해입니다. 그래서 실제 트래픽과 지표를 보고 선택합니다.		값 크기/전송량 대비 CPU 비용을 보고 트레이드오프 판단	TRUE	무조건 압축이 항상 이득이다	FALSE	압축은 Redis에서 불가능하다	FALSE	압축을 하면 일관성 문제가 사라진다	FALSE	caching	redis	performance	backend
Q141	Cache Invalidation 이벤트 기반		Backend - 아키텍처 패턴	20	CHOICE	MEDIUM	이벤트 기반 캐시 무효화(Event-driven Invalidation)의 장점으로 가장 적절한 것은?	이벤트 기반 무효화는 데이터 변경 시점에 캐시를 즉시 삭제/갱신하여 stale 노출 시간을 줄입니다. 면접에서는 TTL 기반과 비교해 장단을 설명할 수 있는지 봅니다. 실무에서는 DB 업데이트 후 메시지(이벤트)를 발행하고, 소비자가 해당 키를 무효화하는 구조가 흔합니다. 특히 변경 직후 정확성이 중요한 데이터에 유리합니다. 다만 이벤트 유실이나 순서 문제를 대비해야 합니다.		변경 시점에 즉시 무효화되어 stale 시간이 짧다	TRUE	구현이 항상 TTL보다 단순하다	FALSE	캐시 히트율이 반드시 100%가 된다	FALSE	Redis 메모리가 자동 확장된다	FALSE	caching	redis	invalidation	backend
Q142	캐시 무효화와 순서 문제		Backend - 아키텍처 패턴	20	CHOICE	MEDIUM	DB 업데이트와 캐시 삭제 순서가 잘못되면 생길 수 있는 문제로 가장 적절한 것은?	DB를 업데이트하기 전에 캐시만 지우거나, 업데이트 직후 다시 오래된 값이 캐시에 적재되는 레이스가 생길 수 있습니다. 면접에서는 이 타이밍 문제를 어떻게 완화할지(이중 삭제, 버저닝, 락) 묻습니다. 실무에서는 특히 읽기 트래픽이 많을 때 stale 캐시가 쉽게 재생성될 수 있습니다. 따라서 업데이트/무효화의 순서와 동시성 제어가 중요합니다.		stale 값이 다시 캐시에 적재되는 레이스 컨디션	TRUE	Redis가 자동으로 장애 복구를 못 한다	FALSE	HTTP가 자동으로 gzip 된다	FALSE	SQL 조인이 느려진다	FALSE	caching	redis	consistency	scaling
Q143	캐시 재적재 타이밍		Backend - 아키텍처 패턴	20	CHOICE	MEDIUM	캐시를 “삭제(invalidate) 후 재적재(refresh)”하는 방식이 유리한 경우는?	단순 삭제는 다음 요청에서 DB로 부하가 몰릴 수 있습니다. 인기 키라면 삭제 후 곧바로 재적재하거나 refresh-ahead가 도움이 됩니다. 면접에서는 “삭제만 하면 스탬피드가 생길 수 있다”는 포인트가 나옵니다. 실무에서는 인기 상품/메인 페이지 데이터처럼 트래픽이 몰리는 키에 유리합니다. 다만 재적재가 실패하면 다시 미스가 발생할 수 있어 재시도/폴백이 필요합니다.		인기 키에서 삭제 후 DB 부하 폭주를 줄이고 싶을 때	TRUE	변경이 거의 없는 정적 데이터일 때만	FALSE	모든 키에 무조건 refresh를 해야 한다	FALSE	refresh는 Redis에서 불가능하다	FALSE	caching	redis	refresh_ahead	scaling
Q144	캐시 일관성 수준		Backend - 아키텍처 패턴	20	CHOICE	MEDIUM	캐시를 쓰는 시스템이 “최종 일관성(Eventual Consistency)”에 가까워지는 이유는?	캐시가 원본과 동기화되는 데 시간이 걸릴 수 있습니다. TTL이나 비동기 무효화는 일정 시간 stale 값을 허용하는 설계입니다. 면접에서는 강한 일관성과의 차이를 설명하게 합니다. 실무에서는 UX 영향과 정확성 요구를 기준으로 허용 범위를 정합니다. 즉 캐시는 성능을 위해 일관성을 일부 양보하는 경우가 많습니다.		원본 변경이 캐시에 반영되기까지 지연이 생길 수 있어서	TRUE	Redis가 SQL 트랜잭션을 사용해서	FALSE	캐시는 항상 최신이라서	FALSE	HTTP가 상태를 저장해서	FALSE	caching	redis	consistency	backend
Q145	멱등성 결과 캐싱		Backend - 아키텍처 패턴	20	CHOICE	MEDIUM	Idempotency Key를 Redis에 저장할 때 “결과 응답까지” 함께 저장하면 얻는 장점은?	단순히 토큰만 저장하면 중복 요청을 막을 수는 있지만, 클라이언트는 동일 요청의 결과를 다시 받아야 할 수 있습니다. 결과 응답까지 저장하면 동일 토큰 요청에 같은 응답을 빠르게 반환할 수 있습니다. 면접에서는 네트워크 재시도 상황에서의 안전한 UX를 묻습니다. 실무에서는 결제/주문 생성 같은 API에서 많이 씁니다. 단, 결과 저장의 TTL과 개인정보 포함 여부는 신중히 설계해야 합니다.		동일 요청에 동일 응답을 빠르게 재사용할 수 있다	TRUE	DB 트랜잭션을 없앨 수 있다	FALSE	캐시 일관성 문제가 완전히 사라진다	FALSE	Redis 메모리가 자동으로 줄어든다	FALSE	caching	redis	idempotency	backend
Q146	Token Bucket vs Fixed Window		Backend - 아키텍처 패턴	20	CHOICE	MEDIUM	Redis 레이트리밋에서 Fixed Window의 대표 단점으로 올바른 것은?	Fixed Window는 시간 경계에서 요청이 몰리면 제한이 뚫리는 듯한 burst가 발생할 수 있습니다. 면접에서는 이 경계 문제를 지적하고 Sliding Window나 Token Bucket을 대안으로 말할 수 있어야 합니다. 실무에서는 공격 트래픽이나 로그인/검색 같은 엔드포인트에서 문제가 됩니다. 따라서 트래픽 패턴에 따라 알고리즘을 선택해야 합니다.		윈도우 경계에서 burst 트래픽이 허용될 수 있다	TRUE	구현이 지나치게 복잡하다	FALSE	Redis에서는 구현이 불가능하다	FALSE	트랜잭션이 자동 롤백된다	FALSE	scaling	redis	rate_limit	backend
Q147	Sorted Set Sliding Window		Database - NoSQL	27	CHOICE	MEDIUM	Sliding Window 레이트리밋을 Sorted Set으로 구현할 때 핵심 아이디어는?	각 요청의 타임스탬프를 score로 저장하고, 윈도우 밖의 항목을 제거한 뒤 남은 개수를 세는 방식입니다. 면접에서는 왜 Sorted Set이 적합한지(범위 삭제/카운트) 설명할 수 있어야 합니다. 실무에서는 원자성을 위해 Lua로 묶거나 파이프라인을 사용합니다. 데이터가 계속 쌓이지 않게 TTL 또는 정리 로직도 중요합니다.		타임스탬프를 score로 저장하고 범위 삭제 후 카운트한다	TRUE	리스트에만 저장하고 랜덤 샘플링한다	FALSE	문자열 키를 매번 새로 만든다	FALSE	DB 조인으로 시간 구간을 계산한다	FALSE	scaling	redis	rate_limit	data_structure
Q148	Lua로 레이트리밋 원자화		Database - NoSQL	27	CHOICE	MEDIUM	레이트리밋 로직을 Lua로 묶는 가장 큰 이유는?	증가, 비교, TTL 설정이 분리되면 레이스 컨디션으로 제한이 뚫릴 수 있습니다. Lua는 서버 측에서 한 번에 실행되어 중간 끼어들기를 줄여줍니다. 면접에서는 “원자성 확보”를 정확히 말해야 합니다. 실무에서는 특히 로그인/결제 등 민감 엔드포인트에서 중요합니다. 스크립트는 짧게 유지해 Redis를 막지 않도록 해야 합니다.		여러 연산을 한 번에 실행해 원자성을 확보하기 위해	TRUE	네트워크 암호화를 하기 위해	FALSE	키 길이를 줄이기 위해	FALSE	SQL 실행 계획을 고정하기 위해	FALSE	caching	redis	atomic	backend
Q149	Hot Key 키 샤딩		Backend - 아키텍처 패턴	20	CHOICE	MEDIUM	Hot Key 완화에서 “키 샤딩”이 의미하는 것으로 올바른 것은?	핫키 트래픽을 여러 키로 분산해 Redis 단일 키 병목을 줄이는 방법입니다. 예를 들어 counter:{id}:{shard} 형태로 분산 저장 후 합산합니다. 면접에서는 장점과 함께 “합산 비용/정확성”을 고려할 수 있는지 봅니다. 실무에서는 조회수/좋아요 같은 카운터에 자주 씁니다. 샤딩 수를 과도하게 늘리면 읽기 합산 비용이 커질 수 있습니다.		동일 데이터를 여러 키로 분산 저장해 병목을 줄이는 것	TRUE	키를 더 길게 만들어 충돌을 막는 것	FALSE	키를 모두 영구 저장하는 것	FALSE	TTL을 0으로 만드는 것	FALSE	scaling	redis	hot_key	performance
Q150	캐시와 개인정보		Backend - 아키텍처 패턴	20	CHOICE	MEDIUM	사용자별 데이터 캐시 설계에서 가장 위험한 실수는?	사용자별 응답인데 키에 userId/권한/locale 등을 포함하지 않으면 다른 사용자 데이터가 섞일 수 있습니다. 이는 개인정보 노출로 이어져 심각한 보안 이슈가 됩니다. 면접에서는 캐시가 보안 사고로 이어질 수 있다는 인식을 봅니다. 실무에서는 키 설계와 접근 통제, 민감정보 최소화가 필수입니다. 또한 토큰/세션 같은 민감 데이터는 TTL과 암호화 정책도 고려합니다.		키 설계가 부정확해 다른 사용자 데이터가 섞이는 것	TRUE	TTL이 너무 길어 히트율이 높아지는 것	FALSE	Pipeline을 사용해 성능이 좋아지는 것	FALSE	RDB 스냅샷을 쓰는 것	FALSE	caching	redis	security	backend
Q151	캐시 관측: eviction 급증		Backend - 아키텍처 패턴	20	CHOICE	MEDIUM	Redis eviction 횟수가 갑자기 급증할 때 가장 가능성이 큰 원인은?	eviction은 메모리가 부족할 때 정책에 따라 키가 제거되는 현상입니다. 갑자기 eviction이 늘면 maxmemory 설정에 도달했거나 값 크기가 커졌을 가능성이 큽니다. 면접에서는 운영 지표 해석을 묻습니다. 실무에서는 eviction 증가 → 히트율 하락 → DB 부하 증가로 연쇄가 생길 수 있습니다. 따라서 메모리/값 크기/TTL 정책을 함께 점검합니다.		메모리 한계에 도달해 키가 제거되기 시작했기 때문	TRUE	네트워크 암호화가 풀렸기 때문	FALSE	SQL 조인이 늘었기 때문	FALSE	브라우저 캐시가 비었기 때문	FALSE	caching	redis	eviction	monitoring
Q152	connection timeout의 의미		Backend - 아키텍처 패턴	20	CHOICE	MEDIUM	Redis 호출에 timeout을 설정하는 핵심 이유로 가장 올바른 것은?	캐시가 느려지면 요청이 대기 상태로 쌓여 전체 서비스가 느려질 수 있습니다. timeout은 이런 의존성 지연을 끊어 장애 전파를 줄이는 장치입니다. 면접에서는 “캐시는 느리면 버린다”는 철학과 연결됩니다. 실무에서는 timeout 후 폴백(DB 조회) 또는 제한된 응답을 제공합니다. timeout 없이 재시도만 하면 더 큰 폭주를 만들 수 있습니다.		캐시 지연이 전체 장애로 번지는 것을 막기 위해	TRUE	히트율을 높이기 위해	FALSE	SQL 문법을 단순화하기 위해	FALSE	TLS를 자동 적용하기 위해	FALSE	scaling	redis	timeout	resilience
Q153	backoff 재시도		Backend - 아키텍처 패턴	20	CHOICE	MEDIUM	Redis 장애/지연 시 무작정 즉시 재시도하는 것의 위험으로 올바른 것은?	즉시 재시도는 실패 상황에서 트래픽을 더 키워 복구를 방해합니다. 면접에서는 exponential backoff와 jitter를 언급하면 좋습니다. 실무에서는 재시도 정책이 없으면 캐시/DB 모두 폭주할 수 있습니다. 특히 스탬피드 상황과 결합하면 장애가 심해집니다. 그래서 재시도는 횟수 제한과 지연을 두어야 합니다.		장애 시 트래픽을 증폭시켜 더 큰 폭주를 만들 수 있다	TRUE	히트율이 자동으로 올라간다	FALSE	트랜잭션 격리 수준이 높아진다	FALSE	DB 인덱스가 자동 복구된다	FALSE	scaling	redis	resilience	backend
Q154	캐시 압축의 트레이드오프		Backend - 아키텍처 패턴	20	CHOICE	MEDIUM	캐시 값 압축을 도입할 때 일반적인 트레이드오프는?	압축은 메모리/네트워크 사용량을 줄이지만 CPU 비용이 늘어납니다. 면접에서는 “병목이 어디인가”를 기준으로 판단해야 한다고 말하면 좋습니다. 실무에서는 값이 크고 전송이 잦으면 유리하지만, CPU가 이미 바쁘면 손해일 수 있습니다. 또한 압축률과 지연 영향은 실제 측정이 필요합니다. 따라서 일괄 적용이 아니라 핫 경로 기준으로 판단합니다.		메모리/전송량 감소 대신 CPU 비용 증가	TRUE	일관성 문제가 완전히 사라진다	FALSE	TTL 설정이 필요 없어 진다	FALSE	Redis가 자동으로 스케일 아웃된다	FALSE	caching	redis	performance	scaling
Q155	캐시 프리픽스 환경 분리		Backend - 아키텍처 패턴	20	CHOICE	MEDIUM	dev/prod 환경에서 캐시 키 prefix를 분리하는 주된 이유는?	동일 Redis를 공유하거나 설정 실수로 환경이 섞이면 dev 데이터가 prod에 영향을 줄 수 있습니다. 면접에서는 운영 안전장치로 환경 분리를 묻기도 합니다. 실무에서는 prefix로 namespace를 분리하거나 아예 다른 Redis 인스턴스를 사용합니다. prefix 분리는 비용 대비 효과가 큰 안전장치입니다. 특히 배포 테스트 과정에서 사고를 줄입니다.		환경 데이터 혼선을 막고 운영 사고를 줄이기 위해	TRUE	키 길이를 줄이기 위해	FALSE	SQL 조인을 빠르게 하기 위해	FALSE	HTTP 헤더를 자동 생성하기 위해	FALSE	scaling	redis	key_design	backend
Q156	캐시 리프레시 실패		Backend - 아키텍처 패턴	20	CHOICE	MEDIUM	Refresh-Ahead(사전 갱신) 도입 시 고려해야 할 운영 위험은?	사전 갱신이 실패하면 만료 이후 미스 폭주가 다시 발생할 수 있습니다. 면접에서는 “백그라운드 작업 실패 시 어떻게 할 것인가”를 묻습니다. 실무에서는 재시도/백오프, 실패 시 폴백, 갱신 대상 제한이 필요합니다. 또한 갱신 작업이 너무 많으면 Redis/DB에 추가 부하가 됩니다. 따라서 갱신 성공률 모니터링과 제한이 중요합니다.		갱신 실패 시 다시 미스 폭주가 생길 수 있다	TRUE	갱신을 하면 메모리 한계가 사라진다	FALSE	갱신은 보안 이슈를 완전히 해결한다	FALSE	갱신은 네트워크를 없앤다	FALSE	caching	redis	refresh_ahead	backend
Q157	Cache Aside의 DB 과부하		Backend - 아키텍처 패턴	20	CHOICE	MEDIUM	Cache Aside에서 캐시 장애 시 DB가 과부하 되는 현상을 줄이기 위한 조합으로 적절한 것은?	캐시가 죽으면 모든 요청이 DB로 내려가 DB가 터질 수 있습니다. 이를 막으려면 timeout과 함께 폴백을 제한하고, 서킷 브레이커/레이트리밋으로 부하를 제어해야 합니다. 면접에서는 “캐시 장애가 DB 장애로 전파”되는 시나리오를 묻습니다. 실무에서는 중요 API만 보호하거나, degrade(부분 기능 제공) 전략도 사용합니다. 핵심은 캐시 장애를 ‘제어 가능한 실패’로 만드는 것입니다.		timeout + 레이트리밋/서킷브레이커로 DB 보호	TRUE	TTL을 무한대로 늘린다	FALSE	DB 인덱스를 제거한다	FALSE	모든 키를 즉시 만료한다	FALSE	scaling	redis	resilience	backend
Q158	Serializer 변경과 버저닝		Backend - 아키텍처 패턴	20	CHOICE	MEDIUM	직렬화 방식(JSON↔binary 등)을 변경할 때 가장 안전한 접근은?	직렬화 변경은 기존 캐시 값을 읽지 못해 장애를 유발할 수 있습니다. 가장 안전한 방식은 키 버전을 올려 새 포맷을 별도 namespace로 저장하고, 구 캐시는 TTL로 자연 소멸시키거나 점진 삭제하는 것입니다. 면접에서는 호환성 문제를 어떻게 다루는지 봅니다. 실무에서는 배포 롤백 가능성도 고려해 이중 운영 기간을 두기도 합니다. 무작정 flush는 피크 트래픽에서 DB 폭주를 만들 수 있습니다.		키 버전을 올려 새 포맷을 분리 운영한다	TRUE	즉시 전체 FLUSHALL을 한다	FALSE	TTL을 0으로 만들어 모두 삭제한다	FALSE	DB 스키마를 먼저 변경한다	FALSE	caching	redis	serialization	deployment
Q159	모니터링 알람 기준		Backend - 아키텍처 패턴	20	CHOICE	MEDIUM	Redis latency가 급증할 때 가장 먼저 의심해볼 지점으로 적절한 것은?	latency 급증은 Redis 자체 부하(CPU, slow command, big key) 또는 네트워크 문제일 수 있습니다. 면접에서는 “어디부터 볼 것인가”를 묻습니다. 실무에서는 CPU 사용률, 커넥션 수, big key, slowlog, 네트워크 RTT를 먼저 확인합니다. 특히 큰 값/느린 Lua 스크립트는 서버를 막아 전체 지연을 키울 수 있습니다. 따라서 latency 알람은 원인 분해가 중요합니다.		Redis CPU/slow command/big key 또는 네트워크 RTT	TRUE	Git 브랜치 개수	FALSE	HTML DOM 노드 수	FALSE	DB 테이블 컬럼 수	FALSE	caching	redis	monitoring	performance
Q160	캐시 세그먼트 분리		Backend - 아키텍처 패턴	20	CHOICE	MEDIUM	“캐시를 세그먼트(네임스페이스/DB index 등)로 분리”하는 주된 이유는?	서로 다른 용도의 캐시(세션, 페이지 캐시, 레이트리밋)를 한 공간에 섞으면 flush나 eviction 영향이 전파될 수 있습니다. 분리하면 장애 범위를 줄이고 운영을 단순화합니다. 면접에서는 멀티테넌시/용도 분리 관점을 묻습니다. 실무에서는 서비스별 prefix, Redis logical DB 분리, 또는 인스턴스 분리로 접근합니다. 캐시 분리는 “격리”를 통한 안정성 전략입니다.		용도별로 격리해 장애 영향 범위를 줄이기 위해	TRUE	키 길이를 줄이기 위해	FALSE	SQL 조인을 빠르게 하기 위해	FALSE	TTL을 없애기 위해	FALSE	scaling	redis	key_design	resilience
Q161	Big Key 문제		Backend - 아키텍처 패턴	20	CHOICE	MEDIUM	Redis에서 Big Key(너무 큰 값/컬렉션)가 문제가 되는 대표 이유는?	Big Key는 한 번 읽거나 쓰는 작업이 오래 걸려 Redis 이벤트 루프를 막아 지연을 유발할 수 있습니다. 면접에서는 Big Key가 latency 스파이크를 만드는 이유를 물어봅니다. 실무에서는 큰 문자열, 거대한 Hash/Set/SortedSet이 원인이 되며, 네트워크 전송 비용도 커집니다. 또한 만료/삭제 시에도 큰 작업이 한 번에 수행되어 지연이 커질 수 있습니다. 따라서 Big Key는 분할 저장, 압축, TTL 조정, 키 설계 개선으로 관리합니다.		단일 작업이 오래 걸려 latency 스파이크를 만들 수 있다	TRUE	SQL 조인이 느려진다	FALSE	HTTPS가 자동 해제된다	FALSE	JVM GC가 자동 중지된다	FALSE	caching	redis	big_key	performance
Q162	Slowlog 활용		Database - NoSQL	27	CHOICE	MEDIUM	Redis Slowlog를 확인하는 주된 목적은?	Slowlog는 느리게 실행된 명령을 기록해 성능 병목을 찾는 데 사용됩니다. 면접에서는 latency가 튈 때 어떤 도구로 원인을 찾는지 묻기도 합니다. 실무에서는 big key 관련 명령, 무거운 Lua 스크립트, 대량 조회/삭제 명령이 문제를 일으킬 수 있습니다. Slowlog로 어떤 명령이 오래 걸렸는지 확인한 뒤 키 설계나 접근 패턴을 개선합니다. 운영에서는 모니터링 지표와 함께 Slowlog를 분석하는 습관이 중요합니다.		느린 명령을 찾아 병목 원인을 파악하기 위해	TRUE	메시지를 영구 저장하기 위해	FALSE	DB 인덱스를 자동 생성하기 위해	FALSE	TLS 인증서를 발급하기 위해	FALSE	scaling	redis	monitoring	performance
Q163	KEYS vs SCAN		Database - NoSQL	27	CHOICE	MEDIUM	운영 환경에서 KEYS 명령 사용을 피하고 SCAN을 권장하는 이유는?	KEYS는 패턴에 매칭되는 키를 한 번에 모두 찾아 반환해 Redis를 오래 점유할 수 있습니다. SCAN은 커서를 이용해 점진적으로 탐색하여 블로킹을 줄입니다. 면접에서는 “왜 KEYS가 위험한가”가 단골 질문입니다. 실무에서는 장애 대응 중 KEYS 한 번으로 Redis가 멈추는 경우가 있어 주의합니다. 따라서 운영에서는 SCAN으로 분할 조회하고, 가능하면 키 관리 방식을 개선합니다.		KEYS는 대량 키 조회로 서버를 블로킹할 수 있어서	TRUE	SCAN은 모든 키를 한 번에 반환해서	FALSE	KEYS는 네트워크 암호화를 깨서	FALSE	SCAN은 TTL을 자동 연장해서	FALSE	scaling	redis	operations	backend
Q164	Redis 단일 스레드 오해		Backend - 아키텍처 패턴	20	CHOICE	MEDIUM	Redis가 “단일 스레드”로 동작한다는 설명에서 면접에서 특히 강조해야 할 포인트는?	Redis는 명령 처리 모델이 기본적으로 단일 이벤트 루프(단일 스레드)에 가깝습니다. 그래서 무거운 명령이나 큰 데이터 처리로 이벤트 루프가 막히면 전체 latency가 상승할 수 있습니다. 면접에서는 단일 스레드가 무조건 느리다는 오해를 바로잡고, I/O 멀티플렉싱과 빠른 메모리 연산으로 높은 처리량을 낸다는 점을 설명하면 좋습니다. 실무 포인트는 “블로킹 명령을 피하고, big key/slow command를 관리하라”입니다.		무거운 명령이 이벤트 루프를 막아 전체 지연을 키울 수 있다	TRUE	단일 스레드라서 항상 멀티코어를 못 쓴다	FALSE	단일 스레드면 절대 성능이 나쁠 수밖에 없다	FALSE	단일 스레드라서 네트워크가 필요 없다	FALSE	caching	redis	performance	backend
Q165	캐시와 N+1 비슷한 함정		Backend - 아키텍처 패턴	20	CHOICE	MEDIUM	캐시를 붙였는데도 Redis 호출이 너무 많아져 성능이 나빠지는 대표 원인은?	캐시를 붙이면 빨라질 것 같지만, “항목별로 Redis를 반복 호출”하면 네트워크 왕복이 누적되어 느려질 수 있습니다. 면접에서는 DB N+1처럼 캐시에서도 비슷한 병목이 생길 수 있다는 인식을 보여주면 좋습니다. 실무에서는 멀티겟(MGET), 파이프라인, 벌크 API, 또는 응답 구조 변경으로 호출 수를 줄입니다. 호출 수 최적화는 캐시 성능의 핵심입니다.		항목별 반복 호출로 네트워크 왕복이 누적되기 때문	TRUE	TTL이 길어서 히트율이 높아져서	FALSE	Redis가 RDBMS라서	FALSE	HTTP가 자동 압축돼서	FALSE	caching	redis	performance	scaling
Q166	MGET 활용		Database - NoSQL	27	CHOICE	MEDIUM	여러 키를 한 번에 조회할 때 MGET을 사용하는 가장 큰 이유는?	MGET은 여러 키를 한 번에 가져와 네트워크 왕복을 줄여줍니다. 면접에서는 “네트워크 비용이 지배적일 수 있다”는 포인트가 중요합니다. 실무에서는 목록 화면 렌더링처럼 여러 항목을 동시에 조회할 때 유용합니다. 다만 키가 너무 많으면 응답이 커져 또 다른 비용이 생길 수 있으므로 적절히 배치 처리합니다.		네트워크 왕복을 줄여 처리량을 높이기 위해	TRUE	원자성을 보장하기 위해	FALSE	TTL을 자동으로 연장하기 위해	FALSE	RDB 스냅샷을 만들기 위해	FALSE	scaling	redis	mget	performance
Q167	Pipelining 효과		Database - NoSQL	27	CHOICE	MEDIUM	Redis Pipeline을 적용했을 때 주로 개선되는 지표는?	Pipeline은 명령들을 한 번에 모아 전송해 왕복(RTT) 비용을 줄입니다. 면접에서는 Pipeline이 원자성을 보장하지는 않지만 성능(throughput)을 크게 개선할 수 있다고 말하면 좋습니다. 실무에서는 대량 쓰기/읽기 작업에서 효과가 큽니다. 다만 응답이 커지면 메모리와 지연이 늘 수 있어 적절한 배치 크기를 선택합니다.		네트워크 왕복 감소로 처리량(throughput) 증가	TRUE	데이터 일관성(정합성) 자동 보장	FALSE	트랜잭션 롤백 자동 수행	FALSE	키 충돌 자동 제거	FALSE	scaling	redis	pipeline	performance
Q168	Redis Transaction 한계		Database - NoSQL	27	CHOICE	MEDIUM	Redis MULTI/EXEC 트랜잭션에 대한 올바른 설명은?	Redis 트랜잭션은 명령을 큐에 넣고 EXEC 시 순서대로 실행하는 방식입니다. 하지만 RDBMS처럼 실패 시 자동 롤백을 제공한다고 오해하면 안 됩니다. 면접에서는 “원자적 실행 묶음에 가깝고, 롤백은 기본 제공이 아니다”를 말할 수 있어야 합니다. 실무에서는 WATCH로 낙관적 락을 추가하거나, Lua로 원자성을 강화합니다.		자동 롤백은 아니며 명령 실행을 묶는 방식에 가깝다	TRUE	RDBMS처럼 완전한 ACID를 보장한다	FALSE	실행 중 다른 명령이 절대 끼어들지 않는다	FALSE	실패하면 이전 상태로 자동 복구된다	FALSE	caching	redis	transaction	backend
Q169	캐시 스탬피드와 락 TTL		Backend - 아키텍처 패턴	20	CHOICE	MEDIUM	캐시 미스 시 락을 걸어 스탬피드를 막을 때 락 TTL이 꼭 필요한 이유는?	락을 잡은 서버가 장애로 죽으면 락이 영원히 남아 전체 요청이 막힐 수 있습니다. TTL은 이런 교착 상태를 방지하는 안전장치입니다. 면접에서는 “분산 락은 반드시 만료가 있어야 한다”를 강조합니다. 실무에서는 락 TTL이 너무 짧으면 작업이 끝나기 전에 풀려 중복 실행이 생길 수 있어, 처리 시간 기반으로 TTL을 잡고 연장(renewal) 전략도 검토합니다.		락 소유자가 죽어도 영구 교착을 막기 위해	TRUE	TTL이 있으면 성능이 무조건 좋아져서	FALSE	TTL이 있어야만 Redis가 동작해서	FALSE	TTL이 있으면 네트워크가 필요 없어져서	FALSE	scaling	redis	distributed_lock	resilience
Q170	락 값(value) 의미		Backend - 아키텍처 패턴	20	CHOICE	MEDIUM	Redis 분산 락에서 value에 랜덤 토큰을 넣는 가장 중요한 이유는?	락을 해제할 때 “내가 잡은 락인지” 검증해야 합니다. 토큰 없이 DEL만 하면 다른 서버가 잡은 락을 실수로 풀 수 있습니다. 면접에서는 “락 해제 안전성”을 포인트로 봅니다. 실무에서는 GET으로 토큰 비교 후 DEL을 해야 하는데, 비교와 삭제를 원자적으로 처리하기 위해 Lua 스크립트를 쓰기도 합니다.		다른 서버의 락을 잘못 해제하지 않도록 소유권을 확인하기 위해	TRUE	키 길이를 줄이기 위해	FALSE	TTL을 자동 연장하기 위해	FALSE	RDB 스냅샷을 만들기 위해	FALSE	scaling	redis	distributed_lock	backend
Q171	캐시 프리히트(pre-warm) 대상		Backend - 아키텍처 패턴	20	CHOICE	MEDIUM	캐시 pre-warm 대상 선정 기준으로 가장 적절한 것은?	워밍은 초기 미스 폭주를 줄이지만 비용이 듭니다. 따라서 트래픽이 높고 DB 비용이 큰 “핵심/인기 데이터”를 우선 대상으로 삼는 게 일반적입니다. 면접에서는 워밍의 장단과 대상 선정 기준을 물어봅니다. 실무에서는 메인 화면, 인기 랭킹, 공통 설정값처럼 재사용이 높은 데이터를 제한적으로 워밍합니다.		트래픽이 높고 재사용이 많은 핵심 데이터	TRUE	모든 테이블의 모든 레코드	FALSE	랜덤 키를 무한 생성	FALSE	디버그 로그 전체	FALSE	caching	redis	warming	performance
Q172	네거티브 캐싱 TTL		Backend - 아키텍처 패턴	20	CHOICE	MEDIUM	“네거티브 캐싱(없음 캐싱)”에서 TTL을 짧게 잡는 이유는?	없던 데이터가 나중에 생성될 수 있기 때문입니다. TTL이 길면 실제로 데이터가 생겼는데도 계속 “없음”으로 응답하는 문제가 생깁니다. 면접에서는 네거티브 캐싱의 위험과 완화책을 묻습니다. 실무에서는 짧은 TTL과 함께 입력 검증, Bloom Filter 등을 조합합니다.		나중에 데이터가 생성될 가능성을 반영하기 위해	TRUE	TTL이 길수록 히트율이 100%가 되기 위해	FALSE	TTL이 짧으면 Redis가 더 빠르기 때문에	FALSE	TTL은 의미가 없기 때문에	FALSE	caching	redis	penetration	backend
Q173	캐시와 데이터 정합성 선택		Backend - 아키텍처 패턴	20	CHOICE	MEDIUM	“가격/권한”처럼 틀리면 치명적인 데이터의 캐싱 설계로 더 적절한 접근은?	가격/권한은 stale가 곧 사고로 이어질 수 있습니다. TTL만으로는 변경 직후 틀릴 수 있어, 변경 시 즉시 무효화/갱신 또는 write-through 같은 더 강한 전략이 필요합니다. 면접에서는 데이터 특성에 따라 전략을 달리할 수 있는지 봅니다. 실무에서는 캐시를 아예 안 쓰기도 하고, 쓰더라도 매우 짧은 TTL과 강한 무효화를 조합합니다.		변경 시 즉시 무효화/갱신 또는 write-through를 고려한다	TRUE	TTL을 길게 둬서 히트율을 최대화한다	FALSE	캐시는 무조건 금지한다	FALSE	모든 값을 영구 캐싱한다	FALSE	caching	redis	consistency	scaling
Q174	Redis 장애 전파 차단		Backend - 아키텍처 패턴	20	CHOICE	MEDIUM	Redis가 느려질 때 전체 서비스가 함께 느려지는 것을 줄이기 위한 조합으로 가장 적절한 것은?	의존성이 느려지면 스레드/커넥션이 대기하며 장애가 전파됩니다. 타임아웃은 대기를 끊고, 서킷 브레이커는 실패가 누적될 때 빠르게 차단해 회복 시간을 벌어줍니다. 면접에서는 캐시도 외부 의존성이므로 보호 장치가 필요하다는 관점을 봅니다. 실무에서는 fallback(DB 조회)도 넣되, DB 보호를 위해 레이트리밋/부분 응답도 함께 설계합니다.		timeout + circuit breaker로 지연 전파를 줄인다	TRUE	TTL을 0으로 만든다	FALSE	Redis를 flush 한다	FALSE	DB 인덱스를 제거한다	FALSE	scaling	redis	resilience	backend
Q175	캐시 메트릭 해석		Backend - 아키텍처 패턴	20	CHOICE	MEDIUM	캐시 히트율이 급락했는데 DB 부하가 급증했다면 가장 의심할 시나리오는?	히트율 급락 + DB 부하 급증은 캐시가 제대로 동작하지 않는 신호일 수 있습니다. Redis 장애, eviction 급증, TTL 설정 변경, 키 네임스페이스 변경(버저닝), 직렬화 실패 등 다양한 원인이 있습니다. 면접에서는 “캐시가 죽으면 DB가 죽는다”는 연결고리를 이해하는지 봅니다. 실무에서는 Redis 상태/메모리/eviction/latency, 배포 변경사항을 먼저 확인합니다.		캐시 장애/eviction/키 변경 등으로 미스가 폭증했을 가능성	TRUE	DB가 갑자기 샤딩돼서	FALSE	HTTP가 gzip을 꺼서	FALSE	Git 브랜치가 많아서	FALSE	caching	redis	monitoring	backend
Q176	Redis Cluster 멀티키 제약		Backend - 아키텍처 패턴	20	CHOICE	MEDIUM	Redis Cluster에서 멀티키 연산(MGET, 트랜잭션 등)에 제약이 생기는 주된 이유는?	Cluster는 키를 해시 슬롯으로 샤딩해 서로 다른 노드에 분산 저장합니다. 멀티키 연산이 여러 노드에 걸치면 한 번에 처리하기가 어렵습니다. 면접에서는 해시 슬롯과 키 태그(중괄호) 개념을 아는지 묻기도 합니다. 실무에서는 관련 키를 같은 해시 슬롯으로 보내기 위해 keytag를 사용하거나, 애플리케이션에서 분할 조회합니다.		키가 서로 다른 노드(해시 슬롯)에 분산되기 때문	TRUE	TTL이 없기 때문	FALSE	Redis가 SQL을 쓰기 때문	FALSE	Pub/Sub이 느리기 때문	FALSE	scaling	redis	cluster	backend
Q177	Keytag 목적		Backend - 아키텍처 패턴	20	CHOICE	MEDIUM	Redis Cluster에서 keytag(예: user:{123}:profile)를 쓰는 목적은?	keytag는 중괄호 안의 문자열을 해시 기준으로 삼아 같은 슬롯으로 보내는 기법입니다. 이를 통해 관련 키들이 같은 노드에 배치되어 멀티키 연산을 가능하게 하거나 네트워크 분산을 줄일 수 있습니다. 면접에서는 멀티키 제약을 풀기 위한 실무 팁으로 묻습니다. 다만 한 슬롯에 몰리면 핫스팟이 될 수 있어 적절히 설계해야 합니다.		관련 키를 같은 해시 슬롯에 배치하기 위해	TRUE	키 길이를 줄이기 위해	FALSE	TTL을 자동 연장하기 위해	FALSE	RDB 백업을 빠르게 하기 위해	FALSE	scaling	redis	cluster	key_design
Q178	캐시 값의 압축 전송		Backend - 아키텍처 패턴	20	CHOICE	MEDIUM	값이 매우 큰 응답을 Redis에 캐싱할 때 “압축”이 유리해질 수 있는 조건으로 가장 적절한 것은?	값이 크고 조회가 잦으면 네트워크 전송 비용과 메모리 사용량이 큽니다. 압축은 이를 줄이지만 CPU 비용이 추가됩니다. 면접에서는 병목(네트워크/메모리 vs CPU)을 기준으로 판단한다고 설명하면 좋습니다. 실무에서는 응답 크기, QPS, 서버 CPU 여유를 보고 일부 키에만 적용하는 경우가 많습니다.		네트워크/메모리가 병목이고 CPU 여유가 있을 때	TRUE	값이 작을수록 압축이 더 유리하다	FALSE	CPU가 이미 100%일 때	FALSE	압축은 Redis에서 불가능하다	FALSE	caching	redis	performance	backend
Q179	캐시 삭제의 폭주		Backend - 아키텍처 패턴	20	CHOICE	MEDIUM	대규모 배포 직후 FLUSHALL 같은 캐시 전체 삭제가 위험한 가장 큰 이유는?	전체 캐시 삭제는 순간적으로 히트율을 0에 가깝게 만들어 DB로 트래픽이 쏟아지는 ‘캐시 콜드 스타트’ 상황을 만듭니다. 면접에서는 왜 flush가 위험한지, 대안(키 버저닝, 점진 만료, 부분 삭제)을 말할 수 있어야 합니다. 실무에서는 장애로 이어질 수 있어 운영에서 매우 조심합니다. 특히 피크 타임에는 치명적입니다.		캐시 콜드 스타트로 DB에 트래픽이 폭주할 수 있어서	TRUE	Redis가 자동으로 샤딩되기 때문에	FALSE	TLS가 비활성화되기 때문에	FALSE	SQL 실행 계획이 초기화되기 때문에	FALSE	caching	redis	avalanche	scaling
Q180	캐시와 장애복구 모드		Backend - 아키텍처 패턴	20	CHOICE	MEDIUM	Redis 장애 시 “부분 기능 제공(Degrade)” 전략의 예로 가장 적절한 것은?	캐시/DB가 모두 위험해질 때는 일부 기능을 제한하여 핵심 기능을 보호합니다. 예를 들어 추천/랭킹/실시간 카운트는 임시로 꺼두고, 핵심 조회/결제 흐름을 우선 살리는 방식입니다. 면접에서는 장애 대응 설계 관점을 봅니다. 실무에서는 feature flag와 레이트리밋, 캐시 폴백을 조합해 구현합니다. 목표는 “전체 다운”이 아니라 “핵심 서비스 유지”입니다.		랭킹/추천 같은 부가기능을 임시 비활성화하고 핵심 기능을 유지	TRUE	모든 요청을 무조건 500으로 반환	FALSE	DB를 즉시 삭제	FALSE	캐시 TTL을 무한대로 변경	FALSE	scaling	redis	resilience	backend
Q181	Cache Avalanche 원인		Backend - 아키텍처 패턴	20	CHOICE	MEDIUM	Cache Avalanche(캐시 눈사태)가 발생하는 대표 원인으로 가장 적절한 것은?	캐시 눈사태는 많은 키가 동시에 만료되거나 캐시 계층이 한 번에 무너져 DB로 트래픽이 쏟아지는 현상입니다. 면접에서는 스탬피드와 구분해서 설명할 수 있어야 합니다. 실무에서는 TTL을 동일하게 설정해 대량 동시 만료가 발생하거나, Redis 장애로 전체 미스가 발생하는 경우가 많습니다. 완화책으로 TTL 지터(랜덤 분산), 사전 갱신, 레이트리밋, 서킷 브레이커 등이 있습니다. 핵심은 “동시 만료/동시 미스”를 줄이는 것입니다.		많은 키가 같은 시점에 만료되어 DB로 트래픽이 몰리는 것	TRUE	특정 키 하나만 만료되는 것	FALSE	DB 인덱스가 추가되는 것	FALSE	HTTP keep-alive가 켜지는 것	FALSE	caching	redis	avalanche	scaling
Q182	TTL 지터(Jitter)		Backend - 아키텍처 패턴	20	CHOICE	MEDIUM	TTL 지터(만료 시간 랜덤 분산)를 적용하는 주된 목적은?	TTL 지터는 만료 시간을 약간씩 다르게 설정해 대량의 키가 동시에 만료되는 상황을 줄입니다. 면접에서는 눈사태 완화책으로 자주 나옵니다. 실무에서는 인기 키가 많고 트래픽이 큰 서비스에서 효과가 있습니다. 다만 지터 폭이 너무 크면 최신성 요구가 깨질 수 있어 데이터 특성에 맞춰 조절합니다. 결국 “동시 만료를 피하는” 것이 핵심입니다.		대량 동시 만료로 인한 캐시 눈사태를 완화하기 위해	TRUE	히트율을 무조건 100%로 만들기 위해	FALSE	Redis를 디스크 DB로 바꾸기 위해	FALSE	SQL 조인을 빠르게 하기 위해	FALSE	caching	redis	ttl	avalanche
Q183	Read-Through 캐시		Backend - 아키텍처 패턴	20	CHOICE	MEDIUM	Read-Through 캐시 패턴에 대한 설명으로 가장 올바른 것은?	Read-Through는 애플리케이션이 캐시를 “저장소처럼” 접근하고, 캐시 계층이 미스 시 자동으로 원본에서 로딩해 채우는 패턴입니다. 면접에서는 Cache Aside와 비교 질문이 자주 나옵니다. 실무에서는 캐시 계층/라이브러리가 로딩 책임을 지므로 코드가 단순해질 수 있습니다. 다만 로딩 실패, 타임아웃, 무효화 정책을 명확히 해야 합니다. 결국 미스 처리 책임이 어디에 있느냐가 차이입니다.		캐시가 미스 시 원본에서 자동 로딩해 채우는 패턴	TRUE	쓰기 시 캐시만 갱신하고 DB는 갱신하지 않는 패턴	FALSE	TTL 없이 영구 캐싱하는 패턴	FALSE	Pub/Sub로만 캐시를 관리하는 패턴	FALSE	caching	redis	cache_pattern	backend
Q184	Write-Through 단점		Backend - 아키텍처 패턴	20	CHOICE	MEDIUM	Write-Through 전략의 대표 단점으로 올바른 것은?	Write-Through는 DB와 캐시에 동시에 쓰므로 캐시 최신성은 좋지만 쓰기 비용이 증가합니다. 면접에서는 성능/일관성 트레이드오프를 말할 수 있어야 합니다. 실무에서는 쓰기 QPS가 높은 서비스에서 부담이 될 수 있고, 캐시가 장애 나면 쓰기 경로가 복잡해집니다. 또한 캐시가 반드시 필요한 데이터인지 판단이 필요합니다. 따라서 write-through는 “정확성 우선”에 가까운 선택입니다.		쓰기 시 DB와 캐시를 함께 갱신해 비용이 증가한다	TRUE	읽기 성능이 무조건 나빠진다	FALSE	캐시 최신성이 떨어진다	FALSE	멀티키 연산이 자동으로 가능해진다	FALSE	caching	redis	write_through	scaling
Q185	Cache Coherency		Backend - 아키텍처 패턴	20	CHOICE	MEDIUM	Cache Coherency(캐시 일관성)에 대한 설명으로 가장 적절한 것은?	캐시 일관성은 캐시 값과 원본(DB) 값이 논리적으로 맞는 상태를 유지하는 것을 의미합니다. 면접에서는 “왜 캐시가 틀릴 수 있나”와 해결책(TTL, 무효화, write-through)을 묻습니다. 실무에서는 완벽한 일관성을 유지하려면 비용이 커지기 때문에, 서비스 요구에 맞춰 허용 범위를 정합니다. 특히 사용자에게 잘못된 정보가 노출되는 리스크가 큰 데이터는 더 보수적으로 설계합니다. 결국 일관성은 성능과 비용의 균형 문제입니다.		캐시와 원본 데이터의 값이 맞도록 유지하는 성질	TRUE	캐시 키 길이를 일정하게 맞추는 규칙	FALSE	Redis를 여러 대로 늘리는 방법	FALSE	DB 트랜잭션 격리 수준 설정	FALSE	caching	redis	consistency	backend
Q186	Cache Capacity Planning		Backend - 아키텍처 패턴	20	CHOICE	MEDIUM	캐시 용량(capacity) 산정에서 가장 기본적으로 고려해야 하는 항목 조합은?	캐시 용량은 “저장할 키 수 × 평균 값 크기”에 TTL/eviction/오버헤드가 더해져 결정됩니다. 면접에서는 단순히 “메모리 많이 주면 된다”가 아니라 측정과 추정을 할 줄 아는지 봅니다. 실무에서는 평균과 분산(큰 값 존재 여부), 피크 시 동시 저장량, serialization overhead를 고려합니다. 또한 eviction 정책과 목표 히트율에 따라 필요한 용량이 달라집니다. 결국 데이터 크기와 접근 패턴을 기반으로 산정해야 합니다.		저장량(키 수×값 크기)과 TTL/오버헤드를 함께 고려	TRUE	CPU 코어 수만 고려	FALSE	SQL 쿼리 개수만 고려	FALSE	브라우저 캐시 크기만 고려	FALSE	scaling	redis	capacity	performance
Q187	Big Key 탐지		Backend - 아키텍처 패턴	20	CHOICE	MEDIUM	운영에서 Big Key를 탐지할 때 가장 가까운 접근은?	Big Key는 latency 스파이크와 메모리 급증을 유발할 수 있어 탐지가 중요합니다. 면접에서는 big key를 어떻게 찾아내는지 질문이 나오기도 합니다. 실무에서는 Redis의 memory usage 관련 명령, sampling, 그리고 모니터링/slowlog를 함께 봅니다. 또한 애플리케이션 레벨에서 특정 키의 값 크기를 로깅해 분석하기도 합니다. 핵심은 “큰 키를 조기에 발견하고 분할/설계 변경”으로 이어지는 것입니다.		메모리 사용량/샘플링/slowlog로 큰 키를 찾아낸다	TRUE	KEYS * 로 전부 출력해서 눈으로 본다	FALSE	TTL을 늘리면 Big Key가 사라진다	FALSE	DB 인덱스를 재구성하면 해결된다	FALSE	caching	redis	big_key	monitoring
Q188	캐시 미스 폭주 시 레이트리밋		Backend - 아키텍처 패턴	20	CHOICE	MEDIUM	캐시 장애로 DB로 트래픽이 쏟아질 때 레이트리밋을 거는 주된 이유는?	캐시가 죽으면 DB로 모든 요청이 내려가며 DB가 먼저 죽을 수 있습니다. 레이트리밋은 전체 요청을 제한해 핵심 리소스를 보호하고, 시스템이 회복할 시간을 벌어줍니다. 면접에서는 “성능보다 생존”이라는 운영 관점을 보는 경우가 많습니다. 실무에서는 부분 기능 제공, 큐잉, 서킷 브레이커와 함께 레이트리밋을 조합합니다. 핵심은 장애 전파를 차단하는 것입니다.		DB를 보호하고 시스템 생존성을 확보하기 위해	TRUE	히트율을 자동으로 높이기 위해	FALSE	SQL 문법을 단순화하기 위해	FALSE	Redis 메모리를 압축하기 위해	FALSE	scaling	redis	resilience	backend
Q189	캐시와 로그아웃		Backend - 아키텍처 패턴	20	CHOICE	MEDIUM	Redis에 세션/토큰 블랙리스트를 저장할 때 로그아웃 처리에서 중요한 점은?	로그아웃은 “다시 접근 못하게” 만드는 것이 목적입니다. 블랙리스트 키는 토큰 만료 시점과 맞춰 TTL을 걸어야 메모리가 무한히 늘지 않습니다. 면접에서는 왜 TTL이 필요한지와 보안 위험을 묻습니다. 실무에서는 강제 로그아웃, 토큰 회수, 권한 변경 시에도 블랙리스트/세션 삭제가 중요합니다. 또한 키 설계를 잘못하면 다른 사용자에 영향이 갈 수 있어 주의합니다.		토큰 만료와 맞춘 TTL로 저장해 누적을 막는다	TRUE	블랙리스트는 영구 저장해야 안전하다	FALSE	로그아웃은 DB만 지우면 된다	FALSE	세션은 서버 로컬에만 있어야 한다	FALSE	caching	redis	security	scaling
Q190	캐시와 권한 변경		Backend - 아키텍처 패턴	20	CHOICE	MEDIUM	사용자 권한(role)이 변경되었을 때 가장 위험한 캐싱 실수는?	권한이 바뀌면 기존 캐시가 그대로 남아 권한이 낮아졌는데도 접근이 가능해질 수 있습니다. 면접에서는 캐싱이 보안 사고로 이어지는 대표 사례로 권한 캐시를 자주 듭니다. 실무에서는 권한 변경 이벤트로 즉시 무효화하거나, 권한 캐시는 짧은 TTL을 두는 방식이 많습니다. 또한 userId 기반 키 설계와 scope 반영이 중요합니다. 결국 “권한 데이터는 stale가 치명적”입니다.		권한 변경 후에도 오래된 권한 캐시가 남는 것	TRUE	TTL을 짧게 두는 것	FALSE	캐시 키에 userId를 넣는 것	FALSE	권한 캐시를 아예 안 쓰는 것	FALSE	caching	redis	authorization	backend
Q191	캐시와 트랜잭션 경계		Backend - 아키텍처 패턴	20	CHOICE	MEDIUM	DB 트랜잭션 커밋 전에 캐시를 갱신해버리면 생길 수 있는 문제는?	트랜잭션이 롤백되면 DB에는 반영되지 않았는데 캐시는 반영된 상태가 됩니다. 면접에서는 트랜잭션 경계와 캐시 갱신 시점을 묻습니다. 실무에서는 커밋 이후에 캐시 무효화/갱신을 하거나, 트랜잭션 이벤트 훅을 사용해 순서를 보장합니다. 특히 결제/주문 같은 도메인에서는 치명적인 불일치가 됩니다. 따라서 캐시 갱신은 커밋 이후가 기본입니다.		롤백 시 DB와 캐시가 불일치할 수 있다	TRUE	히트율이 무조건 올라간다	FALSE	Redis 메모리가 자동으로 줄어든다	FALSE	HTTP keep-alive가 꺼진다	FALSE	caching	redis	consistency	backend
Q192	캐시 무효화 이벤트 유실		Backend - 아키텍처 패턴	20	CHOICE	MEDIUM	이벤트 기반 무효화에서 “이벤트 유실”이 발생하면 가장 큰 위험은?	이벤트가 유실되면 캐시가 삭제/갱신되지 않아 stale 값이 오래 남을 수 있습니다. 면접에서는 이벤트 기반 설계의 신뢰성(재시도, DLQ, 적어도 한 번 전달)을 묻습니다. 실무에서는 이벤트 브로커의 보장 수준과 소비자 재처리를 설계합니다. 또한 최후의 안전장치로 TTL을 두어 영구 stale를 막습니다. 결국 이벤트 기반은 신뢰성 설계가 핵심입니다.		캐시가 갱신되지 않아 stale 값이 오래 남을 수 있다	TRUE	Redis가 자동으로 샤딩된다	FALSE	SQL이 자동으로 최적화된다	FALSE	JVM이 자동 재시작된다	FALSE	scaling	redis	invalidation	resilience
Q193	캐시 TTL과 비즈니스 규칙		Backend - 아키텍처 패턴	20	CHOICE	MEDIUM	TTL을 “비즈니스 이벤트”에 맞춰 설정하는 예로 가장 적절한 것은?	TTL은 기술적 설정이지만 비즈니스 규칙과 맞추면 효율적입니다. 예를 들어 하루 단위 랭킹/오늘의 추천 같은 데이터는 날짜 변경 시점에 맞춰 TTL을 잡는 것이 자연스럽습니다. 면접에서는 TTL 설계가 도메인과 연결될 수 있음을 보여주면 좋습니다. 실무에서는 자정 기준 갱신, 이벤트 종료 시간 기준 만료 등이 있습니다. 이렇게 하면 불필요한 갱신을 줄이고 최신성을 유지합니다.		오늘의 랭킹을 자정 기준으로 만료되게 TTL 설정	TRUE	모든 키를 동일한 30일 TTL로 고정	FALSE	TTL 없이 영구 저장	FALSE	TTL을 무작위로만 설정	FALSE	caching	redis	ttl	backend
Q194	캐시와 다중 리전		Backend - 아키텍처 패턴	20	CHOICE	MEDIUM	다중 리전(지역) 환경에서 Redis 캐시 설계 시 가장 현실적인 고려 사항은?	리전이 멀면 네트워크 지연이 커져 캐시가 오히려 느려질 수 있습니다. 면접에서는 지연, 비용, 데이터 일관성 문제를 묻기도 합니다. 실무에서는 리전별 캐시를 두고, 원본 데이터 동기화 방식과 일관성 요구를 분리 설계합니다. 또한 장애 시 특정 리전만 죽지 않게 격리하는 것도 중요합니다. 따라서 캐시는 “지연과 일관성”을 함께 본 설계가 필요합니다.		리전 간 RTT 증가로 지연/일관성 트레이드오프가 커진다	TRUE	리전이 늘면 TTL이 자동 보정된다	FALSE	리전이 늘면 캐시 일관성이 자동 완벽해진다	FALSE	리전 간 트래픽 비용은 고려할 필요 없다	FALSE	scaling	redis	architecture	performance
Q195	캐시 갱신 폭주		Backend - 아키텍처 패턴	20	CHOICE	MEDIUM	Refresh-Ahead를 무분별하게 적용했을 때 생길 수 있는 문제로 가장 적절한 것은?	사전 갱신은 미스 폭주를 줄이지만, 대상이 너무 많으면 갱신 트래픽이 Redis/DB에 지속 부하를 줄 수 있습니다. 면접에서는 “캐시도 비용”이라는 관점을 봅니다. 실무에서는 인기 상위 키만 선별하고, 갱신 주기와 동시성 제한을 둡니다. 또한 갱신 실패 시 재시도 폭주도 고려해야 합니다. 결국 refresh-ahead는 제한적으로 적용해야 합니다.		갱신 트래픽이 커져 Redis/DB에 지속 부하가 생길 수 있다	TRUE	일관성 문제가 완전히 해결된다	FALSE	TTL 설정이 필요 없어 진다	FALSE	멀티키 제약이 사라진다	FALSE	caching	redis	refresh_ahead	scaling
Q196	캐시와 부분 실패		Backend - 아키텍처 패턴	20	CHOICE	MEDIUM	캐시 읽기 실패 시 “원본으로 폴백”을 하되, 반드시 함께 고려해야 할 것은?	폴백은 서비스 지속에 도움 되지만 DB 보호가 같이 필요합니다. 캐시가 죽은 순간 모든 트래픽이 DB로 내려가면 DB가 터질 수 있습니다. 면접에서는 폴백과 레이트리밋/서킷 브레이커/타임아웃을 같이 말하면 좋습니다. 실무에서는 핵심 경로만 폴백하고 부가 기능은 degrade하는 전략도 흔합니다. 즉 폴백은 ‘안전장치’와 함께여야 합니다.		DB 보호를 위한 레이트리밋/서킷브레이커 같은 제어	TRUE	TTL을 무한대로 늘리는 것	FALSE	KEYS * 로 캐시를 확인하는 것	FALSE	모든 요청을 재시도하는 것	FALSE	scaling	redis	resilience	backend
Q197	캐시 데이터 구조 선택		Database - NoSQL	27	CHOICE	MEDIUM	“최근 본 항목 목록(최대 100개)”을 Redis에 저장할 때 적절한 자료구조는?	최근 본 목록은 순서가 중요하고 앞에서 삽입/잘라내기가 필요합니다. Redis List는 LPUSH/LTRIM으로 최근 N개 유지가 쉬워 자주 사용됩니다. 면접에서는 “왜 List인가”를 자료구조 관점에서 설명할 수 있어야 합니다. 실무에서는 중복 제거가 필요하면 Set/SortedSet을 병행하거나, 애플리케이션 로직을 추가합니다. 기본 요구가 “순서 + 고정 길이”면 List가 좋은 선택입니다.		List를 사용해 LPUSH 후 LTRIM으로 길이를 제한한다	TRUE	String 하나에 JSON을 무한히 붙인다	FALSE	Hash에 모든 항목을 키로 저장한다	FALSE	Pub/Sub로 목록을 저장한다	FALSE	caching	redis	data_structure	backend
Q198	Sorted Set 랭킹		Database - NoSQL	27	CHOICE	MEDIUM	“점수 기반 랭킹(Top N)”을 Redis로 구현할 때 가장 적절한 자료구조는?	랭킹은 점수(score)로 정렬된 상위 N개 조회가 핵심입니다. Redis Sorted Set은 score 기반 정렬과 범위 조회가 가능해 랭킹에 적합합니다. 면접에서는 ZADD, ZREVRANGE 같은 명령을 알고 있으면 좋습니다. 실무에서는 실시간 랭킹, 추천 점수, 리더보드에 자주 씁니다. 단, 핫키와 업데이트 빈도에 따른 부하도 고려해야 합니다.		Sorted Set	TRUE	List	FALSE	Hash	FALSE	Pub/Sub	FALSE	scaling	redis	ranking	performance
Q199	캐시 키 카디널리티		Backend - 아키텍처 패턴	20	CHOICE	MEDIUM	캐시 키 카디널리티(키 종류/개수)가 지나치게 커지면 생길 수 있는 문제는?	키가 너무 많아지면 메모리 사용량이 급증하고 eviction이 빨라질 수 있습니다. 면접에서는 “무엇을 캐싱할지”가 중요하다는 질문으로 이어집니다. 실무에서는 사용자별/요청별로 과도한 키를 만들면 캐시가 사실상 세션 저장소처럼 변해 비용이 커집니다. 또한 모니터링/운영도 어려워집니다. 따라서 캐시 대상은 재사용성이 높은 값 중심으로 설계해야 합니다.		메모리 급증과 eviction 증가로 히트율이 악화될 수 있다	TRUE	정합성이 자동 보장된다	FALSE	SQL 조인이 가능해진다	FALSE	네트워크 지연이 사라진다	FALSE	caching	redis	capacity	scaling
Q200	캐시 설계의 핵심 질문		Backend - 아키텍처 패턴	20	CHOICE	MEDIUM	캐시 도입 여부를 결정할 때 가장 우선적으로 던져야 할 질문은?	캐시는 만능이 아니라 비용과 복잡도를 늘립니다. 그래서 “무엇이 병목인지”와 “캐싱해도 되는 데이터인지”를 먼저 확인해야 합니다. 면접에서는 단순히 Redis 기능 나열보다, 문제-해결 관점의 사고를 봅니다. 실무에서는 QPS, latency, DB 부하, 데이터 변경 빈도, stale 허용 범위를 기준으로 판단합니다. 즉 캐시는 성능 문제를 명확히 정의한 뒤 도입하는 것이 정석입니다.		현재 병목이 무엇이고 stale를 허용할 수 있는 데이터인가	TRUE	Redis 버전이 최신인가	FALSE	키 길이를 얼마나 늘릴 수 있나	FALSE	SCAN이 가능한가	FALSE	caching	scaling	redis	backend
Q201	Redlock 안전성 논쟁		Backend - 아키텍처 패턴	20	CHOICE	HARD	Redlock(다중 Redis 인스턴스 기반 분산락)에 대해 면접에서 “안전성 논쟁” 포인트로 가장 적절한 설명은?	Redlock은 여러 노드에서 락을 획득해 단일 장애점을 줄이려는 방식이지만, 네트워크 지연/분할, 클럭 드리프트, GC stop-the-world 같은 현실적 요인에서 “락이 동시에 잡혔다고 착각”할 위험이 논의됩니다. 면접에서는 Redlock이 만능이 아니라는 점과, 어떤 장애 모델에서 위험해지는지 설명할 수 있는지 봅니다. 실무에서는 락을 정말로 써야 하는지, DB의 제약(유니크 키), 단일 리더, 비즈니스 보상 트랜잭션으로 대체 가능한지부터 검토합니다. 결론적으로 Redlock은 필요/위험/대안까지 함께 설명해야 고득점입니다.		네트워크/클럭/지연 현실에서 상호배제 보장이 깨질 수 있다는 논쟁이 있다	TRUE	Redis가 단일 스레드라서 Redlock은 항상 안전하다	FALSE	Redlock은 RDBMS의 SERIALIZABLE과 동일한 보장을 제공한다	FALSE	Redlock은 Pub/Sub로만 구현된다	FALSE	scaling	redis	distributed_lock	consistency
Q202	락 연장(Lease renewal) 함정		Backend - 아키텍처 패턴	20	CHOICE	HARD	Redis 분산락에서 “락 TTL 연장(lease renewal)”을 적용할 때 가장 치명적인 위험 시나리오는?	락 연장은 작업이 길어질 때 TTL이 먼저 만료되지 않게 하는 방법입니다. 하지만 연장 로직이 지연되거나 멈추면 TTL이 만료되어 다른 노드가 락을 획득할 수 있습니다. 동시에 기존 작업이 계속 진행되면 동일 자원을 두 번 수정하는 split-brain이 발생합니다. 면접에서는 “락이 있다고 해서 안전한 게 아니라, 작업이 중단/재시작/지연될 때의 동작”을 설명할 수 있어야 합니다. 실무에서는 토큰 기반 소유권 확인, 펜싱 토큰(fencing token), DB 측 제약으로 최종 방어선을 둡니다.		TTL 만료 후 다른 노드가 락을 잡았는데 기존 작업이 계속 실행되는 상황	TRUE	TTL 연장은 항상 안전하므로 위험이 없다	FALSE	TTL 연장은 메모리만 늘릴 뿐 동시성에는 영향이 없다	FALSE	TTL 연장은 Redis Cluster에서만 가능하다	FALSE	scaling	redis	distributed_lock	resilience
Q203	펜싱 토큰(Fencing Token)		Backend - 아키텍처 패턴	20	CHOICE	HARD	분산락의 근본적 안전성을 높이기 위해 “펜싱 토큰(fencing token)”을 사용하는 이유로 가장 적절한 것은?	분산락은 네트워크 지연/재시도/GC 등의 이유로 ‘이전 소유자’가 늦게 작업을 수행할 수 있습니다. 펜싱 토큰은 락을 얻을 때 증가하는 토큰(버전)을 함께 발급해, 실제 쓰기 대상(DB/스토리지)이 더 작은 토큰의 요청을 거부하도록 합니다. 면접에서는 “락은 상호배제의 힌트일 뿐, 최종 쓰기 지점에서의 방어가 필요”하다는 논리를 봅니다. 실무에서는 INCR로 토큰 발급, DB row version과 비교, 외부 스토리지에서 조건부 업데이트(Compare-And-Set)로 구현합니다.		늦게 도착한 이전 소유자의 쓰기를 최종 저장소에서 거부하기 위해	TRUE	Redis 메모리를 절약하기 위해	FALSE	TTL을 자동으로 연장하기 위해	FALSE	멀티키 연산을 가능하게 하기 위해	FALSE	caching	redis	distributed_lock	consistency
Q204	Cache Aside + 트랜잭션 이벤트		Backend - 아키텍처 패턴	20	CHOICE	HARD	DB 트랜잭션과 Cache Aside 무효화(invalidate)를 안전하게 연결하는 방법으로 가장 적절한 것은?	트랜잭션 커밋 전에 캐시를 지우거나 갱신하면 롤백 시 불일치가 생깁니다. 따라서 커밋 이후에만 캐시 무효화 이벤트를 발행하거나, 트랜잭션 후행 훅(예: afterCommit)에서 캐시 삭제를 수행해야 합니다. 면접에서는 ‘트랜잭션 경계’ 이해를 봅니다. 실무에서는 Outbox 패턴으로 이벤트를 DB에 함께 기록해 유실을 줄이고, 소비자가 캐시를 무효화합니다. 단순히 코드에서 DB update 다음 DEL을 하는 방식은 레이스가 많습니다.		afterCommit 훅/Outbox로 커밋 이후 무효화 이벤트를 보장한다	TRUE	DB 업데이트 전에 캐시를 먼저 삭제한다	FALSE	캐시만 갱신하고 DB는 나중에 반영한다	FALSE	TTL만 길게 잡으면 트랜잭션과 동일해진다	FALSE	caching	redis	invalidation	backend
Q205	Outbox 패턴과 캐시		Backend - 아키텍처 패턴	20	CHOICE	HARD	Outbox 패턴을 캐시 무효화에 적용하는 가장 큰 이유는?	이벤트 기반 무효화는 이벤트 유실이 생기면 stale 캐시가 오래 남을 수 있습니다. Outbox는 DB 트랜잭션 안에 이벤트 레코드를 함께 저장해, 커밋이 되면 이벤트도 반드시 남게 만들어 신뢰성을 높입니다. 면접에서는 ‘적어도 한 번’ 전달과 중복 처리(idempotency)를 함께 말할 수 있어야 합니다. 실무에서는 Outbox 소비자가 캐시 삭제를 수행하고, 중복 이벤트에도 안전하도록 삭제는 멱등 처리로 설계합니다. 결국 목적은 “커밋과 이벤트 발행의 원자성” 확보입니다.		DB 커밋과 이벤트 기록을 묶어 이벤트 유실을 줄이기 위해	TRUE	Redis의 단일 스레드를 멀티 스레드로 바꾸기 위해	FALSE	캐시 키를 자동 생성하기 위해	FALSE	HTTP 캐시 헤더를 자동 적용하기 위해	FALSE	scaling	redis	outbox	resilience
Q206	Exactly-once 오해		Backend - 아키텍처 패턴	20	CHOICE	HARD	캐시 무효화 이벤트 처리에서 “Exactly-once”를 쉽게 주장하면 위험한 이유로 가장 적절한 것은?	분산 시스템에서 exactly-once는 매우 어렵고, 보통 at-least-once + 멱등 처리로 설계합니다. 이벤트가 중복되거나 순서가 바뀌어도 안전해야 합니다. 면접에서는 “중복/재시도/순서 뒤바뀜”을 고려하는지 봅니다. 실무에서는 캐시 삭제는 멱등이지만, ‘갱신’은 순서 문제가 생길 수 있으니 버전 비교/토큰을 둡니다. 따라서 exactly-once를 전제로 설계하면 장애 시 데이터 불일치가 커질 수 있습니다.		중복/순서 뒤바뀜이 현실이라 보통 멱등 처리로 대응해야 해서	TRUE	Redis는 exactly-once를 기본 제공해서 안전하다	FALSE	TTL이 있으면 exactly-once가 자동 보장된다	FALSE	Pipeline을 쓰면 exactly-once가 된다	FALSE	caching	redis	resilience	backend
Q207	Cluster 재샤딩과 키 설계		Backend - 아키텍처 패턴	20	CHOICE	HARD	Redis Cluster에서 리샤딩/노드 추가 시 운영 리스크를 줄이기 위해 가장 중요한 설계 포인트는?	Cluster는 해시 슬롯 기반으로 키를 분산합니다. 특정 keytag로 한 슬롯에 키를 몰아넣으면 멀티키 연산은 쉬워지지만 핫스팟이 생기고 리밸런싱 비용이 커질 수 있습니다. 면접에서는 분산/핫키/운영 복잡도를 균형 있게 설명해야 합니다. 실무에서는 keytag를 최소화하고, 핫키는 애플리케이션 레벨 샤딩으로 분산하는 편이 안정적일 수 있습니다. 결국 키 분포가 스케일링과 운영 안정성의 핵심입니다.		keytag 남발을 피하고 키 분포를 균등하게 설계하는 것	TRUE	모든 키에 동일 keytag를 강제한다	FALSE	TTL을 무조건 1년으로 설정한다	FALSE	KEYS * 로 주기적으로 정리한다	FALSE	scaling	redis	cluster	key_design
Q208	멀티키 연산과 keytag 함정		Backend - 아키텍처 패턴	20	CHOICE	HARD	Redis Cluster에서 keytag를 써서 멀티키 연산을 가능하게 했을 때 가장 흔한 부작용은?	keytag로 관련 키를 같은 슬롯에 모으면 멀티키 연산은 가능해지지만, 트래픽이 해당 슬롯/노드로 집중되며 핫스팟이 생깁니다. 면접에서는 ‘기능 편의 vs 분산 균형’의 트레이드오프를 봅니다. 실무에서는 특정 사용자/상품이 대박 나면 그 슬롯이 병목이 됩니다. 그래서 keytag는 꼭 필요한 범위에서만 쓰고, 핫키 대비를 병행해야 합니다.		특정 슬롯에 트래픽이 몰려 핫스팟이 생길 수 있다	TRUE	keytag를 쓰면 자동으로 레플리카가 늘어난다	FALSE	keytag를 쓰면 TTL이 자동 보정된다	FALSE	keytag는 보안을 자동 강화한다	FALSE	scaling	redis	cluster	hot_key
Q209	Pub/Sub vs Streams 전달 보장		Database - NoSQL	27	CHOICE	HARD	Pub/Sub 대신 Streams를 선택해야 하는 대표 상황으로 가장 적절한 것은?	Pub/Sub은 구독자가 끊기면 메시지가 유실될 수 있어 전달 보장이 약합니다. Streams는 로그에 남기고 ACK, consumer group으로 재처리 흐름을 만들 수 있습니다. 면접에서는 “전달 보장/재처리” 요구를 기준으로 기술 선택을 설명해야 합니다. 실무에서는 캐시 무효화 이벤트처럼 유실 시 stale가 오래 남는 경우 Streams나 브로커를 고려합니다. 다만 Streams도 운영/백프레셔/만료 정책이 필요합니다.		소비자 재시작 후에도 메시지 재처리가 필요할 때	TRUE	단순 브로드캐스트로 유실이 상관없을 때	FALSE	HTTP 캐시 헤더를 설정할 때	FALSE	SQL 조인이 필요할 때	FALSE	scaling	redis	streams	messaging
Q210	Streams 소비자 그룹 함정		Database - NoSQL	27	CHOICE	HARD	Redis Streams 소비자 그룹에서 “pending이 쌓인다”는 것이 의미하는 바에 가장 가까운 것은?	pending은 소비자에게 전달됐지만 ACK되지 않은 메시지가 남아있는 상태입니다. 면접에서는 장애/소비자 중단 시 pending 처리(Claim, 재할당)까지 이해하는지 봅니다. 실무에서는 소비자가 죽으면 pending이 계속 쌓여 지연이 커지므로 모니터링과 자동 재처리 전략이 필요합니다. 또한 메시지 만료/trim 정책을 잘못 잡으면 데이터가 과도하게 쌓일 수 있습니다.		전달되었지만 ACK되지 않아 재처리가 필요한 메시지가 누적된 상태	TRUE	메시지가 디스크에 영구 저장되어 안전한 상태	FALSE	TTL이 자동 연장되는 상태	FALSE	트랜잭션 롤백이 발생한 상태	FALSE	scaling	redis	streams	monitoring
Q211	캐시 갱신 순서와 버전		Backend - 아키텍처 패턴	20	CHOICE	HARD	캐시 “갱신(refresh)” 이벤트가 순서 뒤바뀜(out-of-order)으로 들어올 때 stale 덮어쓰기를 막는 대표 방법은?	이벤트는 지연/재시도로 순서가 뒤바뀔 수 있습니다. 단순히 최신 이벤트가 늦게 오면, 오래된 이벤트가 캐시를 다시 덮어써 stale가 됩니다. 면접에서는 버전 필드(업데이트 타임스탬프/증가 버전) 비교 후 ‘더 큰 버전만 적용’하는 방식을 설명하면 좋습니다. 실무에서는 펜싱 토큰과 유사하게 버전 기반 조건부 갱신을 둡니다. TTL은 근본 해결이 아닙니다.		버전/타임스탬프 비교로 최신 이벤트만 적용한다	TRUE	TTL을 길게 두면 순서 문제가 사라진다	FALSE	FLUSHALL을 주기적으로 하면 된다	FALSE	Pub/Sub이면 순서가 항상 보장된다	FALSE	caching	redis	consistency	architecture
Q212	캐시 값의 부분 갱신 위험		Backend - 아키텍처 패턴	20	CHOICE	HARD	캐시 값을 “부분 업데이트”로 바꾸려 할 때 일관성 측면에서 가장 큰 위험은?	부분 업데이트는 원본과 캐시 간 계산 로직이 달라지거나, 동시 업데이트 순서에 따라 잘못 합성된 상태가 될 수 있습니다. 면접에서는 ‘부분 갱신’이 복잡도를 크게 올린다는 점을 설명해야 합니다. 실무에서는 캐시는 원본의 projection이라서, 부분 갱신보다 완전 재계산+교체가 더 안전한 경우가 많습니다. 꼭 부분 갱신이 필요하면 원자성(Lua), 버전 관리, 테스트가 필수입니다.		동시 업데이트/순서 문제로 잘못 합성된 상태가 될 수 있다	TRUE	부분 갱신은 항상 더 안전하다	FALSE	부분 갱신은 TTL이 필요 없다	FALSE	부분 갱신은 Redis Cluster 제약을 없앤다	FALSE	caching	redis	consistency	backend
Q213	Big Key 삭제의 지연		Database - NoSQL	27	CHOICE	HARD	Big Key를 DEL로 삭제할 때 장애가 날 수 있는 이유로 가장 적절한 것은?	큰 키를 DEL하면 서버가 그 키의 메모리를 해제하는 작업을 한 번에 수행해 이벤트 루프가 오래 막힐 수 있습니다. 면접에서는 UNLINK(비동기 삭제) 같은 대안을 언급하면 좋습니다. 실무에서는 큰 컬렉션 삭제가 latency 스파이크를 만들고, 타임아웃/장애로 이어질 수 있습니다. 따라서 Big Key는 애초에 만들지 않거나, 분할하고, 삭제도 비동기 방식으로 설계합니다.		삭제 작업이 길어 이벤트 루프를 막아 latency 스파이크를 유발할 수 있어서	TRUE	DEL은 항상 O(1)이라 절대 문제가 없다	FALSE	DEL은 디스크 I/O만 사용해서	FALSE	DEL은 TLS 설정을 바꿔서	FALSE	scaling	redis	big_key	performance
Q214	UNLINK 의미		Database - NoSQL	27	CHOICE	HARD	Redis UNLINK 명령을 선택하는 대표 이유는?	UNLINK는 키를 즉시 제거 표시하고, 실제 메모리 해제는 백그라운드 스레드에서 처리해 메인 이벤트 루프 블로킹을 줄입니다. 면접에서는 Big Key 삭제 시 UNLINK를 추천할 수 있어야 합니다. 실무에서는 대형 키 삭제/대량 삭제에서 서비스 지연을 줄이는 데 도움이 됩니다. 다만 즉시 메모리가 회수되지 않을 수 있어 관측이 필요합니다.		큰 키 삭제 시 이벤트 루프 블로킹을 줄이기 위해	TRUE	트랜잭션 롤백을 지원하기 위해	FALSE	키 TTL을 자동 연장하기 위해	FALSE	멀티키 제약을 없애기 위해	FALSE	caching	redis	operations	performance
Q215	캐시와 DB 동시 폭주 방지		Backend - 아키텍처 패턴	20	CHOICE	HARD	Redis 장애로 DB 폴백이 발생할 때, DB까지 함께 터지는 것을 막기 위한 가장 강력한 조합은?	단순 폴백만 있으면 캐시가 죽는 순간 DB가 모든 트래픽을 받으며 터집니다. 따라서 timeout + circuit breaker + rate limit + degrade(부분 기능 제한)까지 조합해 “감당 가능한 트래픽만 DB로” 보내야 합니다. 면접에서는 장애 전파를 차단하는 설계를 말할 수 있어야 합니다. 실무에서는 중요 경로만 폴백, 나머지는 캐시 없으면 기능을 끄는 식으로 설계하기도 합니다. 핵심은 폴백이 아니라 폴백의 ‘제어’입니다.		timeout + circuit breaker + rate limit + degrade 조합	TRUE	TTL을 무한대로 설정	FALSE	Redis에만 재시도 무한 반복	FALSE	DB 인덱스 삭제	FALSE	scaling	redis	resilience	backend
Q216	캐시 일관성 최종 방어선		Backend - 아키텍처 패턴	20	CHOICE	HARD	분산 환경에서 “캐시가 틀려도 최종적으로 잘못된 쓰기를 막는” 최종 방어선으로 가장 적절한 것은?	캐시는 성능 계층이라 틀릴 수 있습니다. 따라서 최종 저장소(DB)에서 유니크 제약, 버전 컬럼(CAS), 조건부 업데이트로 잘못된 쓰기를 거부해야 합니다. 면접에서는 ‘캐시로 정합성을 보장하면 안 된다’는 관점을 봅니다. 실무에서는 낙관적 락(version)이나 unique key로 중복 주문/중복 처리 등을 막습니다. 캐시는 힌트, DB는 진실의 근원입니다.		DB의 제약/버전(CAS)로 조건부 쓰기를 강제한다	TRUE	TTL을 짧게 잡으면 최종 방어선이 된다	FALSE	Pub/Sub를 쓰면 최종 방어선이 된다	FALSE	Pipeline이 최종 방어선이다	FALSE	caching	redis	consistency	database
Q217	캐시 데이터의 재구성 비용		Backend - 아키텍처 패턴	20	CHOICE	HARD	캐시 값이 “여러 테이블 조합/복잡한 계산 결과”일 때 무효화 전략이 특히 어려운 이유는?	단일 row 캐시보다 복합 projection 캐시는 어떤 변경이 어떤 캐시 키에 영향을 주는지 추적이 어렵습니다. 면접에서는 ‘의존성 그래프’가 커질수록 무효화가 복잡해진다는 점을 말해야 합니다. 실무에서는 도메인 이벤트를 세분화하거나, 캐시를 더 작은 단위로 나누거나, 결국 TTL을 섞어 안전장치를 둡니다. 무효화가 어렵다고 무턱대고 길게 캐싱하면 stale 위험이 커집니다.		어떤 변경이 어떤 캐시 키를 무효화해야 하는지 매핑이 복잡해서	TRUE	Redis는 조인이 안 되기 때문에	FALSE	TTL이 없기 때문에	FALSE	HTTP가 무상태라서	FALSE	caching	redis	invalidation	architecture
Q218	캐시 일관성 vs 성능 선택		Backend - 아키텍처 패턴	20	CHOICE	HARD	“완전한 최신성”을 캐시로 달성하려 할 때 가장 현실적인 결론에 가까운 것은?	최신성을 완벽히 강제하려면 매번 원본을 확인하거나 강한 동기화를 해야 해서 캐시 효과가 줄어듭니다. 면접에서는 “캐시는 성능을 위해 일관성을 일부 양보”한다는 현실을 이해하는지 봅니다. 실무에서는 최신성이 정말 필요하면 캐시를 줄이거나, 캐시를 쓰더라도 DB 제약과 이벤트 기반 무효화로 위험을 낮추는 방식으로 접근합니다. 완전 최신성은 비용이 크고, 요구사항 기반 선택이 핵심입니다.		완전 최신성은 비용이 커서 캐시 효과가 줄어들 수 있다	TRUE	캐시는 항상 최신성을 100% 보장한다	FALSE	TTL만 있으면 완전 최신성이 된다	FALSE	Redis Cluster면 자동으로 완전 최신성이 된다	FALSE	caching	redis	consistency	scaling
Q219	캐시와 멱등 처리의 경계		Backend - 아키텍처 패턴	20	CHOICE	HARD	멱등성 키(idempotency)로 중복 처리를 막을 때 “토큰 저장만”으로는 부족해질 수 있는 상황은?	토큰만 저장하면 중복 실행은 막지만, 첫 요청이 성공했는지/실패했는지 애매한 상태(타임아웃, 클라이언트 재시도)에서 동일 응답을 제공하기 어렵습니다. 면접에서는 “결과 저장”이 필요한 이유를 묻습니다. 실무에서는 결제처럼 ‘정확히 한 번’에 가까운 사용자 경험이 필요한 경우, 결과까지 캐싱해 같은 응답을 반환합니다. 또한 진행 중(in-progress) 상태를 둬 동시 요청을 합치기도 합니다.		첫 요청 결과가 불명확할 때 동일 응답 재사용이 필요해서	TRUE	토큰만 저장하면 항상 완벽하다	FALSE	토큰 저장은 Redis에서 불가능하다	FALSE	TTL을 길게 두면 자동 해결된다	FALSE	caching	redis	idempotency	resilience
Q220	캐시 무효화의 “정답 없음”		Backend - 아키텍처 패턴	20	CHOICE	HARD	캐시 무효화 전략을 설계할 때 가장 면접에 강한 결론은?	캐시 무효화는 “정답 하나”가 아니라 요구사항(정확성/지연/비용/복잡도)에 따라 선택이 달라집니다. TTL 기반, 이벤트 기반, write-through, 버저닝, 더블 삭제 등은 각각 장단이 있습니다. 면접에서는 특정 패턴 암기보다, 데이터 특성과 장애 시나리오를 기준으로 합리적 선택을 제시하는 능력을 봅니다. 실무에서는 최후 안전장치로 TTL을 둔 이벤트 기반 무효화 + DB 제약 같은 다층 방어가 흔합니다. 결국 중요한 건 ‘트레이드오프를 설명하고 운영 방안을 제시’하는 것입니다.		요구사항/장애 모델 기반 트레이드오프 선택이 핵심이다	TRUE	TTL만 쓰는 것이 항상 정답이다	FALSE	무효화는 필요 없고 영구 캐시가 정답이다	FALSE	FLUSHALL이 가장 안전하다	FALSE	caching	scaling	redis	architecture
Q221	Redis Cluster failover 읽기 일관성		Backend - 아키텍처 패턴	20	CHOICE	HARD	Redis Cluster/Replica 기반 읽기 분산에서 failover 직후 “가장 자주” 발생하는 일관성 이슈는?	failover 직후에는 복제 지연, 역할 전환 타이밍 때문에 최신 쓰기가 새 마스터/레플리카에 반영되지 않았을 수 있습니다. 면접에서는 “쓰기 직후 읽기” 요구가 있을 때 어떤 노드에서 읽을지 전략을 말할 수 있어야 합니다. 실무에서는 중요한 읽기는 마스터로 보내거나, 세션 단위 stickiness, 버전 비교 등으로 완화합니다. 또한 failover 동안 일시적 오류를 감안한 재시도/백오프도 필요합니다.		직전 쓰기가 반영되기 전에 읽어 stale 값을 볼 수 있다	TRUE	failover 직후에는 항상 최신 값만 보인다	FALSE	failover는 TTL을 자동 연장한다	FALSE	failover는 DB 트랜잭션을 자동 롤백한다	FALSE	scaling	redis	replication	consistency
Q222	Split brain과 캐시 갱신		Backend - 아키텍처 패턴	20	CHOICE	HARD	네트워크 분할로 split-brain에 가까운 상황이 발생했을 때 캐시 갱신에서 가장 위험한 현상은?	네트워크 분할로 서로를 못 보는 동안 서로 다른 노드가 쓰기처럼 행동하거나, 오래된 리더가 뒤늦게 쓰기를 적용하는 일이 생길 수 있습니다. 캐시 갱신은 “가장 최근 상태”를 보장하기 어렵기 때문에, 늦게 도착한 업데이트가 최신 값을 덮어쓰는 위험이 있습니다. 면접에서는 버전/펜싱 토큰/최종 저장소 제약으로 방어해야 한다고 말하면 좋습니다. 실무에서는 out-of-order 이벤트 처리와 동일한 문제로 접근합니다.		늦게 도착한 업데이트가 최신 캐시를 덮어쓰는 것	TRUE	키 길이가 길어지는 것	FALSE	Redis가 자동으로 TLS를 끄는 것	FALSE	SQL 인덱스가 삭제되는 것	FALSE	caching	redis	consistency	architecture
Q223	Write-behind의 리스크		Backend - 아키텍처 패턴	20	CHOICE	HARD	Write-behind(write-back) 캐싱의 대표적인 위험은?	write-behind는 캐시에 먼저 쓰고 DB 반영을 비동기로 미룹니다. 성능은 좋지만, 캐시 장애/프로세스 종료/큐 유실 시 DB에 기록이 누락될 수 있습니다. 면접에서는 “데이터 손실 가능성”을 정확히 지적해야 합니다. 실무에서는 durable queue, 재처리, WAL 같은 보강이 없으면 핵심 데이터에는 부적합합니다. 따라서 write-behind는 주로 로그/통계처럼 손실 허용 영역에 제한적으로 사용합니다.		캐시 장애 시 DB 반영이 누락되어 데이터 손실이 날 수 있다	TRUE	읽기 성능이 반드시 나빠진다	FALSE	TTL 설정이 불가능해진다	FALSE	멀티키 제약이 사라진다	FALSE	caching	redis	write_back	resilience
Q224	Cache Aside 갱신 경쟁		Backend - 아키텍처 패턴	20	CHOICE	HARD	Cache Aside에서 동시에 여러 요청이 미스가 나서 DB를 읽고 캐시에 쓰는 상황에서 “정합성” 문제가 생기는 가장 흔한 패턴은?	동일 키에 대해 동시에 여러 요청이 DB를 조회하고 캐시에 SET하면, 늦게 온 응답이 더 오래된 스냅샷을 캐시에 덮어써 stale가 될 수 있습니다. 면접에서는 singleflight/락, 버전 비교, 조건부 set(토큰) 같은 완화책을 제시해야 합니다. 실무에서는 특히 DB가 복제본을 읽거나, 트랜잭션 시점이 달라질 때 이런 일이 발생합니다. TTL만으로는 즉시 해결이 안 됩니다.		늦게 온 응답이 오래된 값을 캐시에 덮어쓰는 것	TRUE	캐시 키가 짧아지는 것	FALSE	Redis가 디스크 모드로 바뀌는 것	FALSE	HTTP keep-alive가 꺼지는 것	FALSE	caching	redis	stampede	consistency
Q225	조건부 갱신(CAS)		Backend - 아키텍처 패턴	20	CHOICE	HARD	캐시를 “버전 기반 조건부 갱신(CAS)”으로 업데이트하는 이유로 가장 적절한 것은?	이벤트 순서가 뒤바뀌거나, 동시에 갱신이 발생할 때 오래된 값이 최신을 덮어쓰는 문제를 막기 위해서입니다. 면접에서는 out-of-order 처리에 버전 비교가 유효하다는 걸 설명하면 좋습니다. 실무에서는 값과 함께 version/updatedAt을 저장하고, 더 큰 버전만 SET하도록 Lua로 원자화하기도 합니다. 이렇게 하면 지연된 이벤트가 와도 최신 캐시를 유지할 수 있습니다.		오래된 업데이트가 최신 값을 덮어쓰는 것을 막기 위해	TRUE	Redis 메모리를 자동 확장하기 위해	FALSE	TTL을 없애기 위해	FALSE	멀티키 연산을 무조건 가능하게 하기 위해	FALSE	caching	redis	consistency	backend
Q226	Lua 스크립트의 운영 리스크		Database - NoSQL	27	CHOICE	HARD	Redis Lua 스크립트를 남발할 때 운영에서 가장 위험한 점은?	Lua는 서버에서 한 번에 실행되어 원자성에 유리하지만, 스크립트가 오래 걸리면 이벤트 루프를 막아 전체 latency가 급증할 수 있습니다. 면접에서는 “원자성 vs 블로킹” 트레이드오프를 말하면 좋습니다. 실무에서는 스크립트는 짧게 유지하고, 입력 크기를 제한하며, slowlog/latency 모니터링이 필요합니다. 또한 스크립트 변경/배포 시 호환성도 고려해야 합니다.		긴 스크립트가 Redis를 블로킹해 전체 지연을 키울 수 있다	TRUE	Lua는 실행 시간이 무조건 O(1)이다	FALSE	Lua는 TTL을 자동 연장해준다	FALSE	Lua는 멀티리전 동기화를 자동 제공한다	FALSE	scaling	redis	lua	performance
Q227	Cache Stampede vs Avalanche 구분		Backend - 아키텍처 패턴	20	CHOICE	HARD	Cache Stampede와 Cache Avalanche를 가장 정확히 구분한 설명은?	Stampede는 “특정 인기 키”가 만료/미스나서 동시에 많은 요청이 DB를 치는 현상이고, Avalanche는 “다수 키”가 같은 시점에 만료되거나 캐시 계층 전체 장애로 DB가 동시에 맞는 현상입니다. 면접에서는 이 두 개를 섞지 않고, 각각의 완화책(락/SingleFlight vs TTL 지터/부분 삭제/레이트리밋)을 구분해 설명할 수 있어야 합니다. 실무에서도 대응이 달라집니다.		Stampede는 특정 핫키 중심, Avalanche는 다수 키/전체 계층 동시 미스	TRUE	둘은 동일한 의미로 구분할 필요가 없다	FALSE	Avalanche는 오직 네트워크에서만 발생한다	FALSE	Stampede는 오직 DB 인덱스 문제다	FALSE	caching	redis	avalanche	stampede
Q228	Replica 읽기와 monotonic read		Backend - 아키텍처 패턴	20	CHOICE	HARD	Replica에서 읽기를 허용할 때 “monotonic read(읽기 단조성)”이 깨질 수 있는 이유는?	사용자가 한 번 최신 값을 읽은 뒤, 다음 요청에서 replica로 라우팅되면 복제 지연 때문에 더 과거 값을 볼 수 있습니다. 면접에서는 “읽기 라우팅이 일관성에 미치는 영향”을 설명할 수 있어야 합니다. 실무에서는 세션 단위로 같은 노드에 stickiness를 두거나, 중요한 읽기는 master로 보내는 방식으로 완화합니다.		요청이 다른 replica로 가며 복제 지연 때문에 더 과거 값을 볼 수 있어서	TRUE	Redis는 읽기 단조성을 자동 보장해서 깨질 수 없다	FALSE	TTL이 길면 단조성이 자동 보장된다	FALSE	Pipeline을 쓰면 단조성이 자동 보장된다	FALSE	scaling	redis	replication	consistency
Q229	캐시 일관성에서 TTL의 역할		Backend - 아키텍처 패턴	20	CHOICE	HARD	이벤트 기반 무효화를 쓰더라도 TTL을 “최후 안전장치”로 두는 이유는?	이벤트는 유실, 지연, 순서 뒤바뀜이 현실적으로 발생할 수 있습니다. TTL은 최악의 경우에도 캐시가 영구적으로 stale 상태로 남는 것을 막아줍니다. 면접에서는 다층 방어(Defense in Depth) 관점이 중요합니다. 실무에서는 TTL을 너무 길게 두면 stale 리스크가 커지고, 너무 짧게 두면 비용이 커지므로 적정값을 찾습니다.		이벤트 유실/지연 시에도 stale가 영구히 남지 않게 하기 위해	TRUE	TTL이 있으면 이벤트 처리가 필요 없다	FALSE	TTL은 히트율을 100%로 만들기 위해 존재한다	FALSE	TTL은 Redis Cluster에서만 동작한다	FALSE	caching	redis	invalidation	resilience
Q230	캐시 키 설계와 카디널리티 폭발		Backend - 아키텍처 패턴	20	CHOICE	HARD	“요청 파라미터를 전부 캐시 키에 포함”했을 때 가장 위험한 운영 결과는?	파라미터가 많을수록 키 조합이 폭발해 캐시가 거의 재사용되지 않는 상태가 됩니다. 히트율이 낮아지면서 메모리만 소비하고 eviction이 증가할 수 있습니다. 면접에서는 ‘카디널리티 폭발’과 ‘재사용성’ 관점을 말하면 좋습니다. 실무에서는 의미 있는 차원만 키에 넣고, 불필요한 파라미터는 정규화하거나 캐싱 대상에서 제외합니다.		키 조합 폭발로 히트율이 낮고 메모리만 쓰는 상태가 된다	TRUE	보안이 자동으로 강화된다	FALSE	멀티키 제약이 사라진다	FALSE	DB 트랜잭션이 자동 보장된다	FALSE	caching	redis	key_design	capacity
Q231	캐시와 멱등성 경쟁 조건		Backend - 아키텍처 패턴	20	CHOICE	HARD	Idempotency Key로 중복 실행을 막을 때 “SETNX만으로 부족”해질 수 있는 대표 이유는?	SETNX로 토큰을 잡았더라도, 처리 중 타임아웃/장애로 클라이언트가 재시도하면 결과를 돌려주기 어려울 수 있습니다. 또한 처리 중 상태(in-progress)와 완료 상태(done)를 구분하지 않으면 동시성 문제가 생깁니다. 면접에서는 ‘상태 머신’으로 설계하거나 결과 저장, TTL, 원자적 상태 전이를 설명하면 좋습니다. 실무에서는 Lua로 상태 전이를 원자화하거나, 결과 저장을 통해 동일 응답을 반환합니다.		처리 중/완료 상태와 결과 재사용까지 설계해야 해서	TRUE	SETNX는 Redis에서 동작하지 않아서	FALSE	SETNX는 TTL을 지원하지 않아서	FALSE	SETNX를 쓰면 DB가 필요 없어져서	FALSE	caching	redis	idempotency	resilience
Q232	캐시 값에 PII 저장		Backend - 아키텍처 패턴	20	CHOICE	HARD	Redis 캐시에 PII(개인정보)를 저장할 때 가장 “근본적인” 위험으로 올바른 것은?	캐시는 종종 빠른 접근을 위해 광범위하게 공유되며, 키 설계/접근 통제가 허술하면 타 사용자에게 노출될 수 있습니다. 또한 백업(RDB/AOF)과 모니터링 로그에 남을 수 있어 데이터 거버넌스 문제가 됩니다. 면접에서는 ‘성능 계층에서도 보안/컴플라이언스’가 중요하다는 관점을 봅니다. 실무에서는 최소 저장, 암호화/마스킹, 접근 통제, TTL, 감사 로그를 함께 고려합니다.		접근 통제/백업/로그 등으로 의도치 않게 노출될 수 있다	TRUE	Redis는 PII를 자동 암호화해 위험이 없다	FALSE	PII는 캐시에 저장해도 항상 안전하다	FALSE	TTL을 길게 두면 위험이 사라진다	FALSE	caching	redis	security	compliance
Q233	AOF/RDB와 durability 기대치		Database - NoSQL	27	CHOICE	HARD	Redis를 영속 저장소처럼 사용하려 할 때 가장 위험한 오해는?	Redis는 메모리 기반이며 AOF/RDB는 내구성을 높이지만, 설정/플러시 정책에 따라 데이터 유실 가능성이 남습니다. 면접에서는 Redis를 ‘DB 대체’로 쓰는 위험을 지적할 수 있어야 합니다. 실무에서는 AOF fsync 정책, 재기동 시간, 스냅샷 간격, 장애 시점 유실 범위를 이해해야 합니다. 핵심 데이터는 최종 저장소(DB)에 기록하고 Redis는 보조 계층으로 두는 것이 안전합니다.		AOF/RDB가 있어도 설정에 따라 데이터 유실 가능성이 남는다는 점	TRUE	AOF/RDB가 있으면 RDBMS와 동일한 durability가 된다	FALSE	Redis는 디스크 기반이라 유실이 없다	FALSE	Replica가 있으면 durability가 자동 100%다	FALSE	scaling	redis	durability	backend
Q234	캐시 warmup과 thundering herd		Backend - 아키텍처 패턴	20	CHOICE	HARD	대규모 배포 후 캐시 warmup을 잘못하면 thundering herd가 발생하는 대표 이유는?	모든 인스턴스가 동시에 동일 키들을 워밍하면서 Redis/DB에 대량 요청을 보내면 오히려 부하가 폭증합니다. 면접에서는 워밍도 분산/제어가 필요하다는 걸 봅니다. 실무에서는 워밍 작업에 레이트리밋을 걸고, 인스턴스별로 키 범위를 분할하거나, 백그라운드 잡을 단일화합니다. 즉 워밍은 “한 번에 몰아치면” 오히려 위험합니다.		여러 인스턴스가 동시에 같은 키를 워밍해 부하를 증폭시키기 때문	TRUE	TTL이 길어서 워밍이 불가능해서	FALSE	Redis가 단일 스레드라 워밍이 금지라서	FALSE	SCAN을 쓰면 워밍이 자동 안전해져서	FALSE	caching	redis	warming	scaling
Q235	캐시 갱신과 dual-write		Backend - 아키텍처 패턴	20	CHOICE	HARD	DB와 캐시에 dual-write(동시 쓰기)할 때 가장 어려운 문제로 올바른 것은?	두 시스템에 동시에 쓰면 한쪽만 성공하고 다른 쪽이 실패하는 부분 실패가 발생할 수 있습니다. 면접에서는 “분산 트랜잭션 없이 원자성을 보장하기 어렵다”를 말해야 합니다. 실무에서는 write-through라도 실패 처리(재시도, 보상, 결국 무효화) 설계가 필요합니다. 그래서 보통 DB를 소스 오브 트루스로 두고 캐시는 invalidate로 맞추는 편이 단순합니다.		부분 실패로 원자성을 보장하기 어렵다는 점	TRUE	dual-write는 항상 원자적으로 처리된다	FALSE	dual-write는 TTL을 없애준다	FALSE	dual-write는 Cluster 제약을 없애준다	FALSE	caching	redis	consistency	resilience
Q236	캐시 삭제 폭주와 보호		Backend - 아키텍처 패턴	20	CHOICE	HARD	특정 이벤트(예: 상품 가격 일괄 변경)로 대량 키 무효화가 필요할 때 가장 안전한 접근은?	한 번에 대량 삭제하면 캐시 콜드스타트로 DB 폭주가 날 수 있습니다. 면접에서는 키 버저닝(새 prefix로 전환)이나 점진 삭제, 배치 처리, TTL 자연 소멸을 대안으로 제시하면 좋습니다. 실무에서는 버저닝이 가장 운영 친화적인 경우가 많고, 백그라운드로 천천히 정리합니다. 또한 레이트리밋과 서킷 브레이커로 DB 보호를 같이 둡니다.		키 버저닝 전환 또는 배치/점진 무효화로 폭주를 제어한다	TRUE	FLUSHALL로 한 번에 비운다	FALSE	KEYS로 찾은 뒤 즉시 전부 DEL한다	FALSE	TTL을 무한대로 늘린다	FALSE	scaling	redis	invalidation	operations
Q237	캐시 이벤트 순서 보장 착각		Backend - 아키텍처 패턴	20	CHOICE	HARD	“같은 키에 대한 이벤트는 항상 순서대로 도착한다”는 가정이 위험한 이유는?	분산 환경에서는 네트워크 지연, 재시도, 파티션, 소비자 재시작으로 이벤트 순서가 뒤바뀔 수 있습니다. 면접에서는 out-of-order 처리를 기본 가정으로 두는지 봅니다. 실무에서는 버전 비교, 펜싱 토큰, 조건부 갱신으로 방어합니다. 순서를 믿고 단순 갱신하면 오래된 이벤트가 최신 값을 덮어쓰는 사고가 납니다.		지연/재시도/재처리로 out-of-order가 흔히 발생하기 때문	TRUE	Redis Pub/Sub는 항상 순서를 전역적으로 보장하기 때문	FALSE	TTL이 있으면 순서 문제가 사라지기 때문	FALSE	Pipeline이 있으면 순서가 항상 보장되기 때문	FALSE	caching	redis	architecture	resilience
Q238	캐시-DB 불일치 탐지		Backend - 아키텍처 패턴	20	CHOICE	HARD	캐시-DB 불일치를 “자동 탐지”하려 할 때 가장 현실적인 방식에 가까운 것은?	모든 요청에서 DB를 다시 확인하면 캐시 의미가 사라집니다. 따라서 샘플링 검증(일부 요청만 비교), 배치 검증 잡, 비즈니스 KPI 기반 이상 탐지(급격한 히트율/매출/오류 변화)가 현실적입니다. 면접에서는 비용/효과 균형을 보는 경우가 많습니다. 실무에서는 중요한 필드만 검증하고, 불일치가 발견되면 해당 범위를 무효화/버저닝 전환합니다. 완전 자동 검증은 비싸고 복잡합니다.		샘플링/배치 검증으로 비용을 통제하며 탐지한다	TRUE	모든 요청마다 DB와 캐시를 반드시 비교한다	FALSE	TTL을 길게 두면 불일치가 자동 탐지된다	FALSE	SCAN을 매초 수행하면 된다	FALSE	scaling	redis	monitoring	consistency
Q239	재시도 폭주와 지터		Backend - 아키텍처 패턴	20	CHOICE	HARD	Redis/DB 장애 시 재시도에 지터(jitter)를 섞는 핵심 이유는?	동일한 재시도 간격이면 모든 클라이언트가 동시에 재시도해 부하가 파도처럼 몰립니다. 지터는 재시도 타이밍을 분산해 동시 폭주를 완화합니다. 면접에서는 exponential backoff + jitter를 정석으로 말하면 좋습니다. 실무에서는 장애 복구 시점에 트래픽 스파이크가 재발하는 것을 막는 데 효과적입니다.		재시도 타이밍을 분산해 동시 폭주를 줄이기 위해	TRUE	지터는 캐시 히트율을 100%로 만들기 위해	FALSE	지터는 TTL을 없애기 위해	FALSE	지터는 Cluster 제약을 없애기 위해	FALSE	scaling	redis	resilience	backoff
Q240	캐시 설계의 최종 결론		Backend - 아키텍처 패턴	20	CHOICE	HARD	다음 중 “고난도” 캐시 면접에서 가장 높은 점수를 주는 답변 태도는?	고난도에서는 특정 기법 암기보다, 요구사항(정확성/지연/비용)과 장애 모델(유실/지연/순서/분할)을 기준으로 다층 방어를 제시하는 능력을 봅니다. TTL, 이벤트 기반 무효화, 버전 비교, DB 제약, 레이트리밋/서킷브레이커 같은 운영 대책을 함께 말해야 합니다. 실무 포인트는 ‘캐시가 틀릴 수 있다’는 전제에서 최종 저장소로 안전장치를 두는 것입니다. 즉 “기술 + 운영 + 리스크”를 한 세트로 설명하는 사람이 강합니다.		트레이드오프와 장애 시나리오까지 포함해 다층 방어로 설명한다	TRUE	Redis 명령어 이름을 많이 외운다	FALSE	TTL만 길게 두면 해결된다고 주장한다	FALSE	FLUSHALL을 자주 하면 안전하다고 말한다	FALSE	caching	scaling	redis	architecture
Q241	Read repair 개념		Backend - 아키텍처 패턴	20	CHOICE	HARD	캐시에서 stale 가능성이 있을 때 “read repair(읽기 시 복구)” 접근으로 가장 적절한 설명은?	read repair는 읽기 시점에 캐시와 원본의 차이를 감지하면 캐시를 수정/무효화하는 방식입니다. 면접에서는 비용(추가 조회)과 효과(점진적 정합성 개선)의 트레이드오프를 묻습니다. 실무에서는 모든 요청에 적용하면 캐시 효과가 줄어들 수 있어 샘플링/특정 조건에서만 수행합니다. 또한 불일치가 발견되면 키 버저닝 전환이나 해당 범위 무효화로 확장 대응하기도 합니다. 핵심은 “읽기 경로에서 정합성을 점진적으로 회복”하는 전략입니다.		읽기 중 불일치를 감지해 캐시를 즉시 수정/무효화하는 방식	TRUE	write-back 캐시의 또 다른 이름이다	FALSE	TTL을 무한대로 만드는 방식이다	FALSE	Pub/Sub만으로 구현되는 방식이다	FALSE	caching	redis	consistency	backend
Q242	Cache poisoning 위험		Security - 취약점	53	CHOICE	HARD	애플리케이션 레벨 Redis 캐시에서 Cache Poisoning이 발생하는 대표 조건은?	캐시 키가 요청 파라미터/헤더를 충분히 포함하지 않거나, 사용자 입력을 그대로 키/값에 반영할 때 잘못된 응답이 캐시에 저장될 수 있습니다. 면접에서는 “키 설계”와 “검증되지 않은 입력”이 보안 사고로 이어지는 점을 봅니다. 실무에서는 권한/locale/device 같은 분기 조건을 키에 포함하고, 입력 검증과 캐시 저장 조건을 엄격히 둡니다. 특히 에러 페이지/부분 응답이 캐시에 저장되면 전체 사용자에게 잘못된 결과가 확산될 수 있습니다.		키 설계 부정확/입력 검증 부족으로 잘못된 응답이 캐시에 저장되는 것	TRUE	TTL이 짧아져서	FALSE	Redis가 단일 스레드라서	FALSE	인덱스가 없어서	FALSE	caching	redis	security	poisoning
Q243	Negative caching과 권한		Backend - 아키텍처 패턴	20	CHOICE	HARD	“권한 없음(403)” 같은 응답을 네거티브 캐싱할 때 가장 위험한 시나리오는?	권한은 변경될 수 있습니다. 권한 없음 응답을 오래 캐싱하면, 이후 권한이 부여되어도 계속 403이 나가며 사용자 경험/비즈니스에 문제가 됩니다. 면접에서는 네거티브 캐싱의 TTL과 도메인 변화 가능성을 연결해 설명해야 합니다. 실무에서는 권한 관련 네거티브 캐싱은 매우 짧게 두거나, 변경 이벤트로 즉시 무효화합니다. 또 사용자별 키 분리를 정확히 해야 타 사용자에게 전파되지 않습니다.		권한이 부여된 뒤에도 캐시 때문에 계속 403이 반환되는 것	TRUE	히트율이 너무 높아지는 것	FALSE	Redis가 자동으로 샤딩되는 것	FALSE	SQL 조인이 느려지는 것	FALSE	caching	redis	authorization	ttl
Q244	Cache key namespace migration		Backend - 아키텍처 패턴	20	CHOICE	HARD	직렬화 포맷 변경이나 스키마 변경 시 “키 버저닝”이 FLUSHALL보다 선호되는 이유는?	FLUSHALL은 캐시 콜드 스타트로 DB 폭주를 유발할 수 있습니다. 키 버저닝은 새 prefix로 전환해 신규 요청만 새 캐시를 쓰게 하고, 구 캐시는 TTL로 자연 소멸시키거나 백그라운드로 정리할 수 있어 안전합니다. 면접에서는 운영 안전성 관점이 핵심입니다. 실무에서는 롤백 시에도 이전 버전 prefix로 되돌리기 쉬워 배포 안정성이 좋아집니다. 즉 버저닝은 “점진 전환”을 가능하게 합니다.		점진 전환으로 DB 폭주와 운영 리스크를 줄일 수 있어서	TRUE	버저닝을 쓰면 TTL이 필요 없어져서	FALSE	버저닝을 쓰면 멀티키 제약이 사라져서	FALSE	FLUSHALL은 운영에서 항상 안전해서	FALSE	scaling	redis	deployment	key_design
Q245	Cache write amplification		Backend - 아키텍처 패턴	20	CHOICE	HARD	캐시 write amplification(쓰기 증폭)이 커지는 대표 원인으로 올바른 것은?	너무 세밀한 단위로 캐시를 갱신하거나, 한 번의 비즈니스 이벤트가 많은 키를 갱신/무효화하게 되면 쓰기 증폭이 생깁니다. 면접에서는 캐시가 읽기 최적화 계층인데, 설계에 따라 쓰기 비용이 폭발할 수 있음을 지적해야 합니다. 실무에서는 캐시 단위를 조정하고, 이벤트를 더 coarse하게 만들거나, TTL+부분 무효화로 비용을 통제합니다. 쓰기 증폭은 Redis CPU/네트워크/메모리 모두를 압박합니다.		한 이벤트가 다수 키를 갱신/무효화해 캐시 쓰기가 폭증하는 것	TRUE	TTL이 길어져서	FALSE	MGET을 사용해서	FALSE	Pipeline을 사용해서	FALSE	caching	redis	performance	scaling
Q246	Hot key vs hot shard		Backend - 아키텍처 패턴	20	CHOICE	HARD	Redis Cluster에서 “hot key” 문제를 해결하려고 keytag를 남발했을 때 더 악화될 수 있는 문제는?	keytag는 키를 같은 슬롯으로 모읍니다. hot key를 해결하려고 관련 키를 한곳에 몰면 오히려 hot shard(특정 슬롯/노드 집중)가 생깁니다. 면접에서는 핫키를 키 분산으로 풀어야지, 슬롯 집중으로 풀면 안 된다는 점을 묻습니다. 실무에서는 애플리케이션 레벨 샤딩(카운터 샤드)이나 캐시 계층 분리로 부하를 분산합니다.		특정 슬롯/노드로 트래픽이 집중되는 hot shard	TRUE	멀티키 연산이 불가능해지는 것	FALSE	TTL이 자동으로 늘어나는 것	FALSE	Pub/Sub이 자동으로 꺼지는 것	FALSE	scaling	redis	cluster	hot_key
Q247	Replica read-after-write		Backend - 아키텍처 패턴	20	CHOICE	HARD	“쓰기 직후 읽기(read-after-write)”가 중요한 API에서 replica read를 허용할 때 가장 안전한 전략은?	복제 지연 때문에 replica 읽기는 최신 보장이 약합니다. 면접에서는 중요한 읽기만 master로 보내거나, 세션/사용자 단위로 일정 시간 master stickiness를 두는 전략을 말하면 좋습니다. 실무에서는 최근 쓰기 발생 시 해당 사용자/키는 일정 시간 master read를 강제하는 방식이 흔합니다. 또는 버전 토큰을 클라이언트에 내려 더 낮은 버전 응답을 거부하게 할 수도 있습니다. 핵심은 “일관성 요구에 맞춰 읽기 라우팅을 조절”하는 것입니다.		쓰기 직후 일정 기간 master로 읽기 라우팅을 강제한다	TRUE	항상 replica로 읽어도 최신성이 보장된다	FALSE	TTL을 길게 두면 최신성이 자동 보장된다	FALSE	Pipeline을 쓰면 최신성이 자동 보장된다	FALSE	scaling	redis	replication	consistency
Q248	Cache consistency with CDC		Backend - 아키텍처 패턴	20	CHOICE	HARD	DB 변경을 CDC(Change Data Capture)로 받아 캐시를 무효화/갱신할 때 가장 핵심 설계 포인트는?	CDC는 변경 이벤트를 스트림으로 받지만 지연/중복/순서 문제가 있을 수 있습니다. 따라서 멱등 처리와 out-of-order 대비(버전 비교)가 필수입니다. 면접에서는 CDC로 캐시를 맞출 때 “정확성은 최종 저장소 기준”이고 캐시는 eventual consistency라는 점을 말해야 합니다. 실무에서는 이벤트 키 설계, 재처리, DLQ, 그리고 TTL을 안전장치로 둡니다.		멱등 처리 + 순서 뒤바뀜 대비(버전 비교)	TRUE	TTL을 없애야 CDC가 동작한다	FALSE	CDC는 항상 순서가 보장된다	FALSE	CDC는 Redis Cluster에서만 가능하다	FALSE	caching	redis	cdc	consistency
Q249	Multi-step atomicity		Database - NoSQL	27	CHOICE	HARD	여러 키를 갱신하고 TTL까지 설정해야 하는 로직에서 “원자성”이 깨지면 가장 흔한 결과는?	여러 단계가 나뉘면 중간에 실패/타임아웃이 나서 일부 키만 갱신되고 일부는 TTL이 없거나, 반대로 TTL만 설정되는 등 불완전한 상태가 됩니다. 면접에서는 이런 부분 성공(partial success)을 어떻게 방지할지(Lua/트랜잭션/재처리) 묻습니다. 실무에서는 TTL 누락이 메모리 누수로 이어지거나, 잘못된 카운트/레이트리밋 상태로 이어질 수 있습니다. 그래서 스크립트로 묶거나 재시도/정합성 복구를 설계합니다.		일부 키만 갱신되거나 TTL 누락 등 불완전 상태가 생긴다	TRUE	SQL 조인이 느려진다	FALSE	HTTPS가 자동 해제된다	FALSE	JVM이 자동 재시작된다	FALSE	scaling	redis	atomic	resilience
Q250	Rate limit clock skew		Backend - 아키텍처 패턴	20	CHOICE	HARD	분산 환경에서 시간 기반 레이트리밋(슬라이딩/윈도우)이 “클럭 스큐”에 취약한 이유는?	서버마다 시간이 다르면 동일한 윈도우 경계/타임스탬프 기준이 어긋나 레이트리밋이 과하게 걸리거나 느슨해질 수 있습니다. 면접에서는 시간을 신뢰하기 어렵다는 점과, Redis TIME 같은 서버 시간 기준 사용 또는 monotonic clock 개념을 언급하면 좋습니다. 실무에서는 NTP 동기화, 서버 시간 기준 통일, 토큰 버킷 같은 시간 의존도를 줄이는 알고리즘 선택도 고려합니다.		서버 시간 차이로 윈도우 계산이 달라져 제한이 왜곡될 수 있어서	TRUE	Redis는 시간을 사용하지 않아서	FALSE	TTL이 있으면 클럭 스큐가 사라져서	FALSE	Pipeline이 있으면 시간이 통일돼서	FALSE	scaling	redis	rate_limit	time
Q251	Read-through cache thundering herd		Backend - 아키텍처 패턴	20	CHOICE	HARD	Read-through 캐시에서 로더(loader)가 병목이 되며 thundering herd가 생기는 대표 원인은?	read-through는 미스 시 로더가 원본을 조회합니다. 동시에 많은 요청이 같은 키를 미스내면 로더가 중복 조회를 수행해 DB가 폭주할 수 있습니다. 면접에서는 singleflight/락/요청 합치기(coalescing) 같은 완화책을 말하면 좋습니다. 실무에서는 캐시 라이브러리 차원에서 request coalescing을 제공하기도 합니다. 결국 read-through도 스탬피드 문제가 생길 수 있습니다.		동시 미스가 로더 중복 조회를 유발해 DB 부하가 폭증해서	TRUE	read-through는 미스가 절대 발생하지 않아서	FALSE	TTL이 없어서 발생한다	FALSE	Redis가 SQL을 쓰기 때문에 발생한다	FALSE	caching	redis	stampede	performance
Q252	Cache stampede에서 singleflight		Backend - 아키텍처 패턴	20	CHOICE	HARD	SingleFlight(요청 합치기)가 스탬피드를 줄이는 핵심 원리는?	동일 키에 대한 동시 요청을 하나의 원본 조회로 합치고, 나머지는 그 결과를 기다리게 합니다. 면접에서는 락과 비슷하지만 더 “중복 작업 제거”에 초점이 있다는 점을 설명하면 좋습니다. 실무에서는 고QPS 핫키에서 DB 부하를 크게 줄일 수 있습니다. 다만 기다리는 요청이 많으면 대기 시간이 늘 수 있어 타임아웃/폴백을 함께 설계합니다.		동일 키 동시 요청을 1번 조회로 합쳐 중복 로드를 제거한다	TRUE	TTL을 무한대로 늘린다	FALSE	keytag로 키를 한 슬롯에 모은다	FALSE	FLUSHALL로 캐시를 비운다	FALSE	caching	redis	stampede	scaling
Q253	Cache invalidation double delete		Backend - 아키텍처 패턴	20	CHOICE	HARD	“Double Delete(이중 삭제)” 패턴의 핵심 의도는?	DB 업데이트 직후 캐시를 삭제해도, 동시에 들어온 읽기 요청이 오래된 값을 다시 캐시에 채울 수 있습니다. 그래서 일정 지연 후 한 번 더 삭제해 레이스로 재생성된 stale 캐시를 제거하려는 목적입니다. 면접에서는 이 패턴이 완벽하지 않지만 현실적인 완화책임을 이해해야 합니다. 실무에서는 지연 시간 선택, 재시도, 이벤트 기반 무효화와 병행이 필요합니다.		레이스로 다시 채워진 stale 캐시를 지연 후 다시 제거하기 위해	TRUE	TTL을 없애기 위해	FALSE	Redis Cluster 제약을 없애기 위해	FALSE	멀티키 연산을 항상 가능하게 하기 위해	FALSE	caching	redis	invalidation	race_condition
Q254	Cache bypass 조건		Backend - 아키텍처 패턴	20	CHOICE	HARD	“캐시 우회(cache bypass)”가 오히려 더 안전한 상황으로 가장 적절한 것은?	어떤 데이터는 stale가 치명적이거나, 캐시 키가 너무 복잡해 오염 위험이 큽니다. 예를 들어 결제 직전 금액 검증, 권한 체크 같은 경우 원본을 직접 확인하는 게 안전합니다. 면접에서는 “캐시를 쓰지 않는 선택”도 설계의 일부임을 강조하면 좋습니다. 실무에서는 핵심 검증 경로는 캐시를 우회하고, 부가 정보만 캐싱하는 구조가 많습니다.		stale가 치명적인 핵심 검증(권한/결제 금액 등)	TRUE	모든 조회 API	FALSE	정적 설정값	FALSE	인기 랭킹 조회	FALSE	caching	redis	security	consistency
Q255	Cache pollution with errors		Backend - 아키텍처 패턴	20	CHOICE	HARD	장애 상황에서 “에러 응답을 캐시에 저장”했을 때 가장 큰 위험은?	일시적 장애로 500/타임아웃 응답이 캐시에 저장되면 장애가 복구되어도 캐시 TTL 동안 계속 에러를 반환할 수 있습니다. 면접에서는 캐시 저장 조건(정상 응답만 캐싱)을 엄격히 해야 한다고 말하면 좋습니다. 실무에서는 서킷 브레이커 열린 상태의 폴백 응답도 캐싱하면 안 되는 경우가 많습니다. 즉 캐시는 장애를 증폭시키기도 합니다.		복구 후에도 TTL 동안 에러가 지속적으로 확산될 수 있다	TRUE	히트율이 높아져서 항상 좋다	FALSE	Redis가 자동으로 롤백한다	FALSE	keytag가 자동 적용된다	FALSE	caching	redis	resilience	operations
Q256	Data locality and serialization cost		Backend - 아키텍처 패턴	20	CHOICE	HARD	캐시 성능 튜닝에서 “직렬화/역직렬화 비용”이 병목이 되는 대표 징후는?	Redis latency는 낮은데 애플리케이션 응답이 느리다면, 직렬화/압축/파싱 비용이 병목일 수 있습니다. 면접에서는 네트워크/Redis/앱 CPU 중 어디가 병목인지 분해할 줄 아는지 봅니다. 실무에서는 CPU 프로파일링으로 serialize/deserialize 함수가 상위에 뜨거나, payload가 너무 큰 경우가 많습니다. 해결은 포맷 변경, 필드 축소, 부분 캐싱, 압축 전략 조정 등이 있습니다.		Redis RTT는 낮은데 앱 CPU가 높고 (de)serialize가 프로파일 상위에 뜬다	TRUE	TTL이 길어져서	FALSE	SCAN이 느려져서	FALSE	DB 인덱스가 추가돼서	FALSE	caching	redis	performance	serialization
Q257	Cache key canonicalization		Backend - 아키텍처 패턴	20	CHOICE	HARD	같은 의미의 요청인데 키가 달라져 히트율이 떨어지는 문제를 줄이기 위한 가장 적절한 접근은?	요청 파라미터의 정규화(canonicalization)가 필요합니다. 예를 들어 정렬되지 않은 필터 파라미터, 대소문자, 공백, 기본값 누락 등이 키 다양성을 폭발시킬 수 있습니다. 면접에서는 키 설계가 성능에 직결된다는 걸 보여줘야 합니다. 실무에서는 파라미터 정렬, 기본값 포함, normalize 함수로 동일 의미 요청을 동일 키로 매핑합니다.		파라미터 정규화로 동일 의미 요청을 동일 키로 매핑한다	TRUE	TTL을 무한대로 늘린다	FALSE	keytag를 모든 키에 강제한다	FALSE	FLUSHALL을 주기적으로 한다	FALSE	caching	redis	key_design	performance
Q258	Backpressure with Streams		Database - NoSQL	27	CHOICE	HARD	Redis Streams를 무효화 이벤트 파이프라인에 쓸 때 backpressure(처리 지연) 관리가 중요한 이유는?	소비자가 느리면 스트림에 메시지가 계속 쌓여 메모리/디스크(옵션)/지연이 증가합니다. 면접에서는 pending, consumer lag, trim 정책, 재처리 전략을 이해하는지 봅니다. 실무에서는 소비자 확장, 처리량 제한, 메시지 크기 축소, XTRIM 정책을 함께 설계합니다. backpressure를 무시하면 결국 메시지 적체가 장애로 이어질 수 있습니다.		소비자 지연이 누적되면 메시지 적체로 메모리/지연이 폭증할 수 있어서	TRUE	Streams는 메시지가 자동으로 무한 저장되지 않아서	FALSE	Pub/Sub보다 항상 빠르기 때문에	FALSE	TTL이 있으면 backpressure가 자동 해결돼서	FALSE	scaling	redis	streams	resilience
Q259	Cache and SLO		Backend - 아키텍처 패턴	20	CHOICE	HARD	캐시가 있는 서비스의 SLO 설계에서 “캐시는 느리면 버린다” 철학이 의미하는 바는?	캐시는 최적화 계층이라 느려지면 전체 서비스가 같이 느려지면 안 됩니다. 그래서 타임아웃을 짧게 두고, 실패 시 폴백/부분 응답으로 SLO를 지키려 합니다. 면접에서는 의존성 격리와 장애 전파 차단 관점을 말하면 좋습니다. 실무에서는 캐시 실패율/지연을 별도 SLI로 보고, 회로 차단으로 캐시를 우회하기도 합니다. 중요한 건 캐시가 서비스의 가용성을 깎지 않게 하는 것입니다.		캐시 지연/실패가 전체 응답 지연으로 전파되지 않게 격리한다	TRUE	캐시는 항상 DB보다 빠르므로 타임아웃이 필요 없다	FALSE	캐시는 장애가 나면 반드시 서비스도 중단해야 한다	FALSE	TTL을 길게 두면 SLO가 자동 충족된다	FALSE	scaling	redis	resilience	slo
Q260	Observability: hit ratio 함정		Backend - 아키텍처 패턴	20	CHOICE	HARD	캐시 히트율이 높아도 “성능이 나쁠 수 있는” 대표적인 상황은?	히트율이 높아도 응답 payload가 너무 크거나, 직렬화 비용이 크거나, Redis 자체가 느려진(빅키/스크립트 블로킹) 상황이면 전체 성능이 나쁠 수 있습니다. 면접에서는 “히트율만 보면 안 된다”는 관측 역량을 봅니다. 실무에서는 latency p95/p99, payload 크기, CPU, 네트워크, eviction, slowlog를 함께 봐야 합니다. 즉 히트율은 필요조건이지 충분조건이 아닙니다.		payload/직렬화/Redis latency 문제로 히트율이 높아도 느릴 수 있다	TRUE	히트율이 높으면 무조건 빨라진다	FALSE	히트율은 TTL과 무관하다	FALSE	히트율은 보안과 동일하다	FALSE	caching	redis	monitoring	performance
Q261	Eviction과 SLO		Backend - 아키텍처 패턴	20	CHOICE	HARD	Redis에서 eviction이 갑자기 증가하고 p99 latency가 튄 상황에서 가장 가능성이 높은 연쇄 원인은?	eviction이 늘면 캐시 미스가 증가하고, DB/원본 호출이 늘어 전체 latency가 올라갈 수 있습니다. 면접에서는 eviction이 “메모리 부족”의 신호라는 점과, hit rate 하락 → DB 부하 상승 → 응답 지연 악화의 연쇄를 설명할 수 있어야 합니다. 실무에서는 maxmemory 설정, eviction 정책, 값 크기, 키 카디널리티 폭발, TTL 변경 등을 점검합니다. 또한 eviction 자체가 CPU 부하를 만들기도 합니다. 즉 eviction은 단순 현상이 아니라 장애의 전조입니다.		미스 증가로 원본 호출이 늘어 DB 부하와 p99 지연이 함께 상승할 수 있다	TRUE	eviction이 증가하면 히트율이 자동으로 증가한다	FALSE	eviction은 네트워크 암호화와 관련된 지표다	FALSE	eviction은 DB 인덱스를 자동 생성한다	FALSE	caching	redis	eviction	performance
Q262	Eviction 정책 선택		Database - NoSQL	27	CHOICE	HARD	캐시로 쓰는 Redis에서 “절대 삭제되면 안 되는 키(세션/락 등)”가 섞여 있을 때 가장 위험한 설계는?	캐시와 세션/락 같은 중요한 키를 같은 인스턴스에 섞으면 eviction으로 중요한 키가 날아갈 수 있습니다. 면접에서는 “워크로드 격리” 관점이 중요합니다. 실무에서는 별도 Redis(논리 DB 분리보다 물리/클러스터 분리 권장)로 분리하거나, keyspace 분리와 maxmemory/정책을 다르게 둡니다. eviction은 통제 불가능한 순간에 발생할 수 있어 중요한 키가 섞이면 장애가 커집니다.		캐시와 세션/락을 동일 인스턴스에서 eviction 대상에 섞는 것	TRUE	TTL을 짧게 두는 것	FALSE	MGET을 사용하는 것	FALSE	파라미터 정규화를 하는 것	FALSE	scaling	redis	eviction	architecture
Q263	maxmemory-policy 함정		Database - NoSQL	27	CHOICE	HARD	maxmemory-policy를 allkeys-lru로 두었을 때 “TTL 없는 키”가 갖는 의미로 가장 올바른 것은?	allkeys-lru는 TTL 유무와 관계없이 모든 키가 LRU 후보가 됩니다. TTL 없는 키도 메모리 압박이 오면 eviction될 수 있습니다. 면접에서는 정책별로 “어떤 키가 날아갈 수 있는지”를 묻는 경우가 있습니다. 실무에서는 중요한 키가 섞이지 않게 분리하거나, volatile 계열 정책(만료 키만 eviction)을 고려합니다. 단, volatile 계열은 TTL 설정이 전제이므로 운영 규율이 필요합니다.		TTL 없는 키도 eviction 대상이 될 수 있다	TRUE	TTL 없는 키는 절대 삭제되지 않는다	FALSE	TTL 없는 키는 자동으로 복제본으로 이동한다	FALSE	TTL 없는 키는 AOF에만 저장된다	FALSE	caching	redis	eviction	operations
Q264	volatile-lru 전제조건		Database - NoSQL	27	CHOICE	HARD	maxmemory-policy를 volatile-lru로 설정했을 때 가장 중요한 전제조건은?	volatile 정책은 “만료 시간이 설정된 키”만 eviction 후보가 됩니다. 즉 TTL이 없는 키가 많으면 메모리 압박 시 eviction이 제대로 작동하지 않거나, OOM/쓰기 실패가 날 수 있습니다. 면접에서는 정책 선택이 운영 규율(TTL 부여)과 연결됨을 설명하면 좋습니다. 실무에서는 캐시 키는 반드시 TTL을 두는 룰을 강제하고, TTL 누락을 모니터링합니다.		캐시로 쓰는 키에 TTL이 잘 설정되어 있어야 한다	TRUE	모든 키가 자동으로 TTL을 갖게 된다	FALSE	volatile-lru는 멀티키 제약을 해결한다	FALSE	volatile-lru는 트랜잭션 롤백을 지원한다	FALSE	caching	redis	ttl	scaling
Q265	메모리 파편화(frag)		Database - NoSQL	27	CHOICE	HARD	Redis에서 fragmentation ratio가 높아지는 현상이 위험한 이유로 가장 적절한 것은?	파편화가 높으면 OS가 잡고 있는 메모리가 커져 실제로 사용할 수 있는 메모리가 줄어들고, OOM/eviction이 빨리 발생할 수 있습니다. 면접에서는 단순히 “값이 커서”가 아니라 allocator/메모리 관리 관점까지 아는지 봅니다. 실무에서는 값 크기 변동이 큰 워크로드, 잦은 업데이트가 파편화를 키울 수 있습니다. 해결은 값 크기 안정화, 재기동/리밸런싱, 설정 튜닝 등이며 관측이 중요합니다.		실제 사용 가능한 메모리가 줄어 eviction/OOM이 빨라질 수 있어서	TRUE	파편화가 높으면 네트워크 대역폭이 늘어서	FALSE	파편화는 TTL을 자동 연장해서	FALSE	파편화는 SQL 최적화와 동일해서	FALSE	scaling	redis	memory	performance
Q266	Hot key 완화: 카운터 샤딩		Backend - 아키텍처 패턴	20	CHOICE	HARD	Redis에서 초고QPS 카운터(조회수 등) hot key를 완화하는 대표 기법으로 가장 적절한 것은?	단일 카운터 키에 INCR이 몰리면 해당 키/슬롯이 병목이 됩니다. 카운터 샤딩은 여러 키로 분산해 증가시키고, 읽을 때 합산합니다. 면접에서는 정합성과 지연(합산 비용) 트레이드오프까지 설명하면 좋습니다. 실무에서는 샤드 수를 조정하고, 주기적으로 합산 결과를 별도 저장하기도 합니다. 이런 기법은 “쓰기 부하 분산”에 강점이 있습니다.		카운터를 여러 샤드 키로 분산해 증가시키고 읽기 시 합산한다	TRUE	keytag로 모두 같은 슬롯에 모은다	FALSE	TTL을 무한대로 둔다	FALSE	KEYS로 주기적으로 초기화한다	FALSE	scaling	redis	hot_key	performance
Q267	카운터 샤딩의 단점		Backend - 아키텍처 패턴	20	CHOICE	HARD	카운터 샤딩(sharded counter)의 대표 단점으로 올바른 것은?	샤딩하면 쓰기는 분산되지만 읽을 때 여러 키를 합산해야 해서 읽기 비용이 늘고, “정확한 실시간 값”이 필요하면 부담이 커집니다. 면접에서는 정확성/성능 트레이드오프를 봅니다. 실무에서는 근사치 허용, 주기적 집계, 캐시된 합산값 사용 등으로 완화합니다. 또한 샤드 수를 너무 늘리면 운영 복잡도가 커집니다.		읽기 시 합산 비용이 커져 실시간 정확 값 제공이 어려울 수 있다	TRUE	샤딩하면 원자성이 완전히 깨진다	FALSE	샤딩하면 TTL 설정이 불가능해진다	FALSE	샤딩하면 Redis Cluster가 필요 없다	FALSE	caching	redis	hot_key	scaling
Q268	Large payload와 네트워크 병목		Backend - 아키텍처 패턴	20	CHOICE	HARD	캐시 히트율은 높은데 p95가 계속 높다면 “대용량 payload” 관점에서 가장 의심할 원인은?	Redis는 빠르지만 네트워크 전송과 직렬화 비용은 여전히 큽니다. 값이 너무 크면 전송 시간이 늘고, GC/deserialize 비용이 커져 p95/p99가 나빠질 수 있습니다. 면접에서는 히트율만으로 성능을 판단하면 안 된다는 점을 강조해야 합니다. 실무에서는 payload 축소, 필드 선택 캐싱, 압축(조건부), 페이지 단위 분리, 스트리밍 응답 등을 고려합니다.		값이 커서 네트워크 전송 및 (de)serialization이 병목이 된 것	TRUE	TTL이 길어서	FALSE	SCAN을 써서	FALSE	Redis가 단일 스레드라서 반드시 느린 것	FALSE	caching	redis	performance	serialization
Q269	캐시 압축의 역효과		Backend - 아키텍처 패턴	20	CHOICE	HARD	캐시 값 압축을 적용했는데 오히려 느려질 수 있는 대표 조건은?	압축은 네트워크/메모리를 줄이지만 CPU를 더 씁니다. payload가 작거나 CPU가 이미 포화 상태면 압축/해제 비용이 더 커져 느려질 수 있습니다. 면접에서는 “병목이 어디인지” 기준으로 결정을 설명하면 좋습니다. 실무에서는 압축 임계값(크기 기준), 샘플링, CPU 모니터링으로 적용 대상을 제한합니다.		payload가 작거나 CPU가 포화라 압축/해제 비용이 더 커질 때	TRUE	TTL이 짧아서	FALSE	keytag를 써서	FALSE	MGET을 써서	FALSE	scaling	redis	performance	compression
Q270	캐시 불일치 복구: 버저닝 전환		Backend - 아키텍처 패턴	20	CHOICE	HARD	캐시 불일치가 광범위하게 의심될 때 “버저닝 전환”이 강력한 이유는?	일부 키만 골라 지우기 어렵거나 영향 범위가 불명확하면, 새 prefix로 전환해 새 캐시를 만들고 기존 캐시는 자연 소멸시키는 게 안전합니다. 면접에서는 운영 사고 대응 전략을 봅니다. 실무에서는 즉시 효과가 있고 DB 폭주 위험이 상대적으로 낮으며, 롤백도 쉽습니다. FLUSHALL은 즉시 미스 폭주로 위험합니다.		영향 범위를 몰라도 새 prefix로 즉시 격리해 복구할 수 있어서	TRUE	버저닝은 TTL을 없애서	FALSE	버저닝은 replication 지연을 없애서	FALSE	버저닝은 멀티키 제약을 해결해서	FALSE	caching	redis	operations	resilience
Q271	캐시 데이터의 스키마 진화		Backend - 아키텍처 패턴	20	CHOICE	HARD	캐시된 값의 스키마가 변경될 때 “역직렬화 실패”를 줄이기 위한 현실적 접근은?	배포 중에는 구버전/신버전이 공존합니다. 따라서 backward compatible 포맷, 버전 필드 포함, 선택적 필드 처리, 실패 시 캐시 미스 처리(삭제 후 재생성)가 필요합니다. 면접에서는 ‘호환성’ 관점이 중요합니다. 실무에서는 캐시 값에 schemaVersion을 넣고, 역직렬화 실패 시 안전하게 invalidate하고 재로딩하는 방식을 씁니다.		버전 필드/하위 호환 포맷 + 실패 시 invalidate 후 재생성	TRUE	FLUSHALL만 하면 항상 안전하다	FALSE	TTL을 무한대로 두면 안전하다	FALSE	SCAN을 매초 하면 안전하다	FALSE	caching	redis	deployment	serialization
Q272	캐시 키와 권한 스코프		Security - 인증/인가	52	CHOICE	HARD	같은 리소스라도 사용자 권한(scope)이 다르면 응답이 달라질 때, 캐시 키 설계에서 가장 중요한 것은?	권한이 다른데 같은 키를 쓰면 높은 권한 응답이 낮은 권한 사용자에게 노출될 수 있습니다. 면접에서는 캐시가 보안 경계를 깨뜨릴 수 있다는 점이 핵심입니다. 실무에서는 userId/role/scope/tenantId 같은 보안 분기 요소를 반드시 키에 포함하고, 가능하면 핵심 권한 검증은 캐시를 우회합니다. 또한 프록시/공유 캐시에서도 동일한 원리가 적용됩니다.		권한을 구분하는 스코프 요소를 키에 포함해 응답 혼합을 막는다	TRUE	TTL을 길게 두면 보안이 강화된다	FALSE	keytag를 쓰면 권한이 자동 분리된다	FALSE	히트율을 높이기 위해 스코프는 키에서 제거한다	FALSE	caching	redis	authorization	security
Q273	캐시 쓰기 경로의 타임아웃		Backend - 아키텍처 패턴	20	CHOICE	HARD	“쓰기 후 캐시 갱신”이 있는 시스템에서 캐시 쓰기 타임아웃을 짧게 두는 철학은?	캐시는 보조 계층이므로 캐시 쓰기 지연이 트랜잭션 전체를 느리게 하면 안 됩니다. 면접에서는 캐시를 ‘best effort’로 두고, 실패하면 invalidate/TTL로 회복하는 전략을 설명하면 좋습니다. 실무에서는 캐시 쓰기 실패율을 모니터링하고, 필요하면 비동기 갱신/재시도 큐로 보완합니다. 핵심은 캐시가 핵심 쓰기 경로의 SLO를 해치지 않게 격리하는 것입니다.		캐시가 느려도 핵심 쓰기 트랜잭션 SLO를 지키기 위해	TRUE	캐시 쓰기는 항상 DB보다 중요해서	FALSE	타임아웃은 성능에 영향이 없다	FALSE	타임아웃을 길게 하면 장애가 줄어든다	FALSE	scaling	redis	slo	resilience
Q274	캐시 만료와 주기적 배치		Backend - 아키텍처 패턴	20	CHOICE	HARD	배치 작업(정산/집계) 직후 특정 캐시를 한꺼번에 만료시키는 설계에서 가장 중요한 보호 장치는?	배치 후 대량 무효화는 미스 폭주로 DB/원본이 터질 수 있습니다. 면접에서는 배치와 캐시 운영을 함께 보는지 봅니다. 실무에서는 점진 무효화, 버저닝, 워밍(제어된), 레이트리밋/서킷 브레이커로 보호합니다. 특히 배치가 끝난 직후 트래픽이 몰리는 시간대라면 더 위험합니다.		점진 무효화/버저닝 + DB 보호(레이트리밋/서킷브레이커)	TRUE	FLUSHALL을 즉시 실행	FALSE	KEYS로 찾아 즉시 전부 DEL	FALSE	TTL을 무한대로 설정	FALSE	caching	redis	batch	operations
Q275	Cache stampede와 DB replica		Backend - 아키텍처 패턴	20	CHOICE	HARD	스탬피드 상황에서 “DB replica로 읽기 분산”만으로 해결하려 할 때 위험한 이유는?	스탬피드는 요청 수 자체가 폭발하는 문제라 replica를 늘려도 임계치를 넘으면 다 같이 무너질 수 있습니다. 또한 replica 읽기는 최신성 보장이 약해 stale를 캐시에 다시 쓰는 문제도 생길 수 있습니다. 면접에서는 근본 해결(요청 합치기/락/레이트리밋/캐시 사전 갱신)과 보호 장치를 말해야 합니다.		요청 폭발 자체가 문제라 replica만으로는 근본 해결이 아니어서	TRUE	replica가 있으면 스탬피드는 절대 발생하지 않는다	FALSE	TTL을 길게 두면 replica가 필요 없다	FALSE	Pipeline이 있으면 replica가 자동 확장된다	FALSE	scaling	redis	stampede	resilience
Q276	캐시와 장애 시점의 데이터 손실		Database - NoSQL	27	CHOICE	HARD	Redis를 “사실상 DB처럼” 쓰는 설계에서 장애 시 데이터 손실 가능성을 가장 크게 키우는 선택은?	캐시는 본질적으로 휘발성 계층이며, persistence 설정(AOF fsync 정책 등)에 따라 유실 범위가 달라집니다. durability 요구가 높은 데이터를 Redis에만 두면 장애 시 손실이 치명적입니다. 면접에서는 Redis를 최종 저장소로 오해하는 위험을 짚어야 합니다. 실무에서는 핵심 데이터는 DB에 기록하고 Redis는 보조(캐시/큐/락)로 씁니다.		핵심 데이터를 Redis에만 저장하고 최종 저장소를 두지 않는 것	TRUE	TTL을 짧게 설정하는 것	FALSE	MGET을 사용하는 것	FALSE	파라미터 정규화를 하는 것	FALSE	scaling	redis	durability	backend
Q277	캐시 관측 지표 선택		Backend - 아키텍처 패턴	20	CHOICE	HARD	캐시 시스템 운영에서 “히트율”보다 더 직접적으로 장애 징후를 보여줄 수 있는 조합은?	히트율은 높아도 latency가 튈 수 있고, 반대로 히트율이 낮아도 시스템이 버틸 수 있습니다. 장애 징후는 p95/p99 latency, timeouts, eviction rate, memory usage, replication lag, slowlog 증가 등에서 더 명확합니다. 면접에서는 관측 지표를 다각도로 보는 능력이 중요합니다. 실무에서는 히트율은 참고 지표이고, SLO와 직접 연결되는 지표(지연/오류)가 핵심입니다.		p95 p99 latency + timeouts + eviction memory replication lag	TRUE	키 길이 평균만 본다	FALSE	Git 커밋 수만 본다	FALSE	HTTP 헤더만 본다	FALSE	caching	redis	monitoring	reliability
Q278	캐시와 테넌트 격리		Backend - 아키텍처 패턴	20	CHOICE	HARD	멀티테넌트 SaaS에서 Redis 캐시를 공유할 때 가장 위험한 실수는?	테넌트 식별자를 키에 포함하지 않으면 다른 테넌트 데이터가 섞여 노출될 수 있습니다. 면접에서는 보안/격리 관점이 핵심입니다. 실무에서는 tenantId를 키 prefix에 넣고, 권한 스코프도 함께 포함합니다. 또한 테넌트별 쿼터/레이트리밋/별도 클러스터로 noisy neighbor를 줄이기도 합니다.		tenantId 미포함으로 데이터가 섞여 노출되는 것	TRUE	TTL을 짧게 두는 것	FALSE	pipeline을 쓰는 것	FALSE	MGET을 쓰는 것	FALSE	caching	redis	multi_tenant	security
Q279	캐시 재시도와 중복 부하		Backend - 아키텍처 패턴	20	CHOICE	HARD	Redis 타임아웃이 간헐적으로 발생할 때 무작정 재시도를 늘리면 위험한 이유는?	재시도는 부하를 더 키워 장애를 악화시키는 경우가 많습니다. 면접에서는 “retry storm”과 backoff+jitter, 서킷 브레이커를 함께 말할 수 있어야 합니다. 실무에서는 짧은 타임아웃 + 제한된 재시도 + 지터 + fallback 제어가 기본입니다. 캐시는 느리면 버리는 계층이므로, 재시도로 집착하면 전체 SLO가 무너집니다.		재시도가 부하를 증폭시켜 retry storm로 장애를 악화시킬 수 있어서	TRUE	재시도는 항상 장애를 해결한다	FALSE	재시도는 TTL을 자동 연장한다	FALSE	재시도는 멀티키 제약을 없앤다	FALSE	scaling	redis	resilience	retry
Q280	최종 설계 선택 질문		Backend - 아키텍처 패턴	20	CHOICE	HARD	다음 중 고난도 캐시 설계에서 “가장 본질적인” 질문은?	고난도 설계는 기술 선택보다 요구사항/리스크 모델링이 먼저입니다. 어떤 데이터가 stale 허용인지, 어떤 장애(유실/지연/순서/분할)를 견뎌야 하는지, 최종 저장소에서 어떻게 보장할지가 핵심입니다. 면접에서는 이 질문을 먼저 던지는 사람이 강합니다. 실무에서도 캐시 설계 실패는 대부분 요구사항을 명확히 안 한 데서 시작합니다.		stale 허용 범위와 장애 모델을 정의했는가	TRUE	Redis 명령어를 몇 개 외웠는가	FALSE	TTL을 무조건 길게 할 수 있는가	FALSE	FLUSHALL을 자주 할 수 있는가	FALSE	caching	scaling	redis	architecture
Q281	Redis CPU spike 원인 추적		Backend - 아키텍처 패턴	20	CHOICE	HARD	Redis CPU 사용률이 갑자기 급증하고 응답 지연이 커졌을 때 “가장 먼저” 의심할 항목으로 적절한 것은?	Redis CPU 급증은 보통 명령 실행 비용 증가(빅키 연산, O(N) 명령), Lua 스크립트 장시간 실행, 대량 eviction 처리, 클라이언트 폭주(재시도 폭풍)로 나타납니다. 면접에서는 “CPU 급증 = 비싼 명령/빅키/스크립트”를 먼저 떠올릴 수 있어야 합니다. 실무에서는 slowlog, latency monitor, bigkey 샘플링, eviction rate를 함께 봅니다. 네트워크 문제보다 먼저 서버 내부 작업을 의심하는 게 보통 빠릅니다.		비싼 명령 O N, 빅키 연산, Lua 스크립트, eviction 폭증	TRUE	HTTPS 인증서 만료	FALSE	Git 브랜치 이름 변경	FALSE	DB 인덱스가 너무 많아서	FALSE	caching	redis	monitoring	performance
Q282	O N 명령의 위험		Database - NoSQL	27	CHOICE	HARD	운영 환경에서 특정 Redis 명령이 O(N)일 때 가장 위험한 이유는?	Redis는 단일 이벤트 루프 기반으로 동작하므로, 한 명령이 오래 걸리면 다른 요청이 모두 지연됩니다. 면접에서는 “단일 스레드라서 느린 명령이 전체를 막는다”를 핵심으로 봅니다. 실무에서는 큰 컬렉션에 대한 연산, 대량 스캔, big key 삭제가 O(N) 블로킹을 유발합니다. 그래서 운영에서는 명령의 시간복잡도와 데이터 크기를 함께 관리해야 합니다.		한 번의 느린 명령이 전체 요청을 블로킹해 지연을 전파하기 때문	TRUE	O N이면 TTL이 자동 연장되기 때문	FALSE	O N이면 replication lag가 사라지기 때문	FALSE	O N이면 DB 트랜잭션이 자동 보장되기 때문	FALSE	scaling	redis	performance	operations
Q283	Client-side caching 함정		Backend - 아키텍처 패턴	20	CHOICE	HARD	애플리케이션 내부(프로세스 메모리) 캐시와 Redis 캐시를 함께 쓸 때 가장 흔한 함정은?	로컬 캐시는 빠르지만 인스턴스마다 값이 달라질 수 있어 무효화가 어렵습니다. Redis만 무효화해도 로컬 캐시가 남아 stale를 지속시킬 수 있습니다. 면접에서는 캐시 계층이 많아질수록 무효화/정합성 관리가 어려워진다는 점을 봅니다. 실무에서는 로컬 캐시에 짧은 TTL을 두거나, 이벤트로 무효화 신호를 전달하거나, 중요한 데이터는 로컬 캐시를 피합니다.		Redis를 무효화해도 각 인스턴스 로컬 캐시가 stale를 유지하는 것	TRUE	로컬 캐시는 항상 Redis보다 안전하다	FALSE	로컬 캐시는 TTL을 지원하지 않는다	FALSE	로컬 캐시는 DB 트랜잭션과 동일하다	FALSE	caching	redis	consistency	architecture
Q284	Two-level cache 무효화		Backend - 아키텍처 패턴	20	CHOICE	HARD	2단 캐시(L1 로컬, L2 Redis)에서 무효화 전략으로 가장 현실적인 조합은?	L2 무효화만으로는 L1 stale가 남습니다. 실무에서는 L1을 매우 짧은 TTL로 두고, L2는 이벤트 기반 무효화 + TTL 안전장치를 둡니다. 면접에서는 “L1은 짧게, L2는 정교하게”가 흔한 베스트 프랙티스임을 설명하면 좋습니다. 또한 중요한 데이터는 L1을 우회하거나 버전 토큰으로 stale를 감지합니다.		L1 짧은 TTL + L2 이벤트 기반 무효화 + TTL 안전장치	TRUE	L1 영구 캐시 + L2 FLUSHALL	FALSE	L1만 쓰고 L2는 없앤다	FALSE	L2만 쓰고 L1은 영구 보관한다	FALSE	caching	redis	invalidation	scaling
Q285	Cache prewarming의 우선순위		Backend - 아키텍처 패턴	20	CHOICE	HARD	배포 직후 캐시 prewarm을 해야 한다면 “가장 우선”으로 워밍할 대상을 고르는 기준은?	워밍은 비용이 크므로 전부 하지 않습니다. 실무에서는 가장 트래픽이 큰 핵심 endpoint의 핫키부터, 그리고 DB 부하가 큰 expensive query 결과부터 워밍합니다. 면접에서는 “top N key” 기반 접근이 현실적임을 보여주면 좋습니다. 또한 워밍은 레이트리밋/분산 실행으로 폭주를 막아야 합니다.		트래픽 상위 핫키와 DB 비용이 큰 결과를 우선 워밍한다	TRUE	모든 키를 한 번에 워밍한다	FALSE	TTL이 긴 키만 워밍한다	FALSE	랜덤으로 워밍한다	FALSE	scaling	redis	warming	performance
Q286	캐시 워밍과 데이터 최신성		Backend - 아키텍처 패턴	20	CHOICE	HARD	워밍된 캐시가 “즉시 stale”가 되는 가장 흔한 이유는?	워밍은 특정 시점의 스냅샷을 채웁니다. 배포/배치/실시간 업데이트가 직후에 발생하면 워밍 값이 바로 stale가 됩니다. 면접에서는 워밍이 만능이 아니며, 무효화/갱신 체계와 함께 설계해야 한다는 점을 봅니다. 실무에서는 워밍 시점 조절, 워밍 대상 선정, 그리고 워밍 직후 변경 이벤트 처리까지 고려합니다.		워밍 직후 데이터 변경 이벤트가 발생해 스냅샷이 바로 오래되기 때문	TRUE	워밍하면 TTL이 자동으로 없어지기 때문	FALSE	워밍하면 Redis가 단일 스레드가 되기 때문	FALSE	워밍하면 DB 인덱스가 무효화되기 때문	FALSE	caching	redis	warming	consistency
Q287	Cache aside 삭제 순서		Backend - 아키텍처 패턴	20	CHOICE	HARD	DB 업데이트와 캐시 무효화에서 “삭제를 먼저” 하면 위험한 이유는?	캐시를 먼저 삭제하면 그 사이에 들어온 읽기가 DB의 오래된 값을 읽어 다시 캐시에 채울 수 있습니다. 면접에서는 레이스 컨디션을 짚어야 합니다. 실무에서는 afterCommit 무효화, 더블 삭제, 버전 기반 갱신 등으로 완화합니다. 핵심은 “삭제-읽기-재생성” 경쟁을 어떻게 막느냐입니다.		삭제 후 읽기가 오래된 값을 다시 캐시에 채우는 레이스가 생길 수 있어서	TRUE	삭제를 먼저 하면 항상 최신성이 보장된다	FALSE	삭제를 먼저 하면 TTL이 자동 늘어난다	FALSE	삭제를 먼저 하면 replication lag가 사라진다	FALSE	caching	redis	invalidation	race_condition
Q288	Cache penetration 방어		Backend - 아키텍처 패턴	20	CHOICE	HARD	존재하지 않는 키에 대한 요청이 반복되는 “cache penetration”을 가장 안전하게 완화하는 조합은?	존재하지 않는 데이터를 매번 DB에서 조회하면 부하가 큽니다. 실무에서는 네거티브 캐싱(짧은 TTL), 블룸 필터(가능하면), 레이트리밋을 조합합니다. 면접에서는 블룸 필터의 false positive와 네거티브 캐싱의 TTL 설계까지 말하면 좋습니다. 또한 사용자 입력 검증으로 무의미한 키를 차단하는 것도 중요합니다.		네거티브 캐싱 짧은 TTL + 블룸 필터 또는 입력 검증 + 레이트리밋	TRUE	TTL을 무한대로 늘린다	FALSE	FLUSHALL을 주기적으로 한다	FALSE	keytag로 슬롯을 고정한다	FALSE	caching	redis	penetration	scaling
Q289	Bloom filter의 함정		Data Structure & Algorithm - 기타 알고리즘	44	CHOICE	HARD	블룸 필터로 캐시 침투를 막을 때 반드시 알고 있어야 하는 성질은?	블룸 필터는 공간 효율적이지만 false positive가 있습니다. 즉 “존재한다고 판단했지만 실제로는 없을 수” 있습니다. 면접에서는 false positive/false negative 특성을 정확히 말할 수 있어야 합니다. 실무에서는 false positive로 인해 DB 조회는 줄지만, 존재하지 않는 것을 존재한다고 판단해 캐시 미스 처리 로직이 꼬일 수 있어 설계를 주의해야 합니다.		false positive가 발생할 수 있다	TRUE	false negative가 항상 발생한다	FALSE	정확히 100퍼센트 판별한다	FALSE	TTL을 자동으로 관리한다	FALSE	caching	redis	bloom_filter	performance
Q290	Redis connection pool 고갈		Backend - 웹 서버 기초	17	CHOICE	HARD	Redis 연결 풀(connection pool) 고갈이 발생했을 때 가장 “직접적인” 현상은?	풀 고갈은 Redis 자체가 느려서가 아니라, 애플리케이션이 커넥션을 점유한 채 반환하지 못하거나 동시 요청이 폭증할 때 발생합니다. 면접에서는 타임아웃/대기 증가, 스레드 블로킹, 전체 응답 지연으로 이어짐을 설명할 수 있어야 합니다. 실무에서는 커넥션 누수, 잘못된 동기화, 과도한 동시성, 재시도 폭풍이 흔한 원인입니다. 모니터링은 pool usage, wait time, timeout을 봅니다.		Redis 호출 대기 시간이 늘고 타임아웃이 증가한다	TRUE	DB 인덱스가 자동 생성된다	FALSE	TLS가 자동으로 꺼진다	FALSE	브랜치가 자동 병합된다	FALSE	scaling	redis	connection_pool	reliability
Q291	Redis timeouts와 retry storm		Backend - 아키텍처 패턴	20	CHOICE	HARD	Redis 타임아웃이 발생하는 순간 retry storm가 생기는 메커니즘으로 가장 올바른 것은?	타임아웃이 나면 클라이언트가 재시도하고, 그 재시도가 Redis 부하를 더 키워 타임아웃을 더 많이 만들면서 악순환이 됩니다. 면접에서는 backoff+jitter, 제한된 재시도, 서킷 브레이커로 차단해야 한다고 말하면 좋습니다. 실무에서는 캐시는 best-effort라서 무조건 재시도하기보다 빠르게 포기하고 폴백을 제어하는 게 안전합니다.		재시도가 부하를 키워 더 많은 타임아웃을 만드는 악순환	TRUE	재시도는 항상 부하를 줄인다	FALSE	TTL이 늘어서 타임아웃이 난다	FALSE	keytag가 생겨서 타임아웃이 난다	FALSE	scaling	redis	resilience	retry
Q292	Cache coherence와 멱등 삭제		Backend - 아키텍처 패턴	20	CHOICE	HARD	캐시 무효화 작업을 “삭제(DEL) 중심”으로 설계하는 장점으로 가장 적절한 것은?	삭제는 보통 멱등(idempotent)이라서 중복 이벤트/재시도에도 안전합니다. 면접에서는 at-least-once 이벤트 처리에서 왜 삭제가 유리한지 설명할 수 있어야 합니다. 실무에서는 갱신(set)은 순서 문제가 생기기 쉬워 버전 비교가 필요하지만, 삭제는 비교적 단순합니다. 그래서 DB가 소스 오브 트루스일 때 invalidate가 자주 선택됩니다.		중복 이벤트에도 멱등이라 재시도에 안전하기 때문	TRUE	삭제는 항상 O 1 이라 절대 느리지 않기 때문	FALSE	삭제는 TTL을 자동으로 늘리기 때문	FALSE	삭제는 replication을 필요로 하지 않기 때문	FALSE	caching	redis	invalidation	resilience
Q293	Write through와 read scaling		Backend - 아키텍처 패턴	20	CHOICE	HARD	Write-through를 쓰면서도 읽기 스케일링이 어려워지는 대표 상황은?	write-through는 쓰기 경로에서 캐시까지 강하게 묶입니다. 읽기는 빨라지지만, 쓰기 빈도가 높거나 캐시 쓰기 비용이 크면 전체 처리량이 쓰기 경로에 의해 제한됩니다. 면접에서는 read scaling만 보지 말고 write path 병목을 봐야 합니다. 실무에서는 쓰기 빈도와 값 크기, 직렬화 비용, 네트워크 비용이 커지면 write-through가 부담이 됩니다.		쓰기 빈도가 높아 캐시까지 동기 갱신 비용이 처리량을 제한할 때	TRUE	write-through면 읽기는 무조건 0ms가 된다	FALSE	write-through면 TTL이 필요 없다	FALSE	write-through면 Redis는 DB가 된다	FALSE	scaling	redis	write_through	performance
Q294	캐시와 부분 장애 격리		Backend - 아키텍처 패턴	20	CHOICE	HARD	Redis가 일부 키스페이스만 느려지는 상황에서 “격리” 전략으로 적절한 것은?	하나의 Redis에 여러 워크로드(세션, 카운터, 캐시, 큐)를 섞으면 특정 워크로드 문제가 전체에 전파됩니다. 면접에서는 물리/클러스터 분리, 별도 DB, 별도 prefix와 리소스 할당 같은 격리 전략을 말하면 좋습니다. 실무에서는 특히 세션/락은 별도 인스턴스로 분리하는 경우가 많습니다. 격리는 스케일링뿐 아니라 장애 전파 차단에도 핵심입니다.		워크로드별 Redis 분리 또는 클러스터/리소스 격리	TRUE	모든 워크로드를 keytag로 묶는다	FALSE	TTL을 무한대로 설정한다	FALSE	FLUSHALL로 해결한다	FALSE	scaling	redis	architecture	resilience
Q295	Redis와 장애 도메인		DevOps / Cloud - 인프라 구성 요소	34	CHOICE	HARD	Redis를 단일 AZ에만 두었을 때 “장애 도메인” 관점에서 가장 큰 리스크는?	AZ 장애는 빈번하진 않지만 발생하면 전체 서비스가 영향을 받습니다. 캐시가 필수 경로가 되면 단일 AZ 장애로 서비스가 사실상 다운될 수 있습니다. 면접에서는 캐시의 의존성 등급을 낮추거나(베스트 에포트), 멀티 AZ 구성과 폴백 제어를 말하면 좋습니다. 실무에서는 멀티 AZ, 자동 페일오버, 그리고 캐시 장애 시 기능 저하 설계를 함께 둡니다.		AZ 장애 시 캐시가 함께 죽어 서비스가 크게 영향받을 수 있다	TRUE	AZ는 캐시에 영향을 주지 않는다	FALSE	AZ 장애는 TTL을 자동 연장한다	FALSE	AZ 장애는 DB 인덱스를 자동 재생성한다	FALSE	scaling	redis	availability	infrastructure
Q296	캐시 비용 최적화		Backend - 아키텍처 패턴	20	CHOICE	HARD	캐시 비용을 줄이기 위해 “값을 더 작게” 만들 때 가장 안전한 접근은?	단순히 압축만 하는 게 아니라, 필요한 필드만 캐싱하거나(Projection), 페이지/조각 단위로 나누고, 재사용성이 높은 형태로 구조화하는 게 안전합니다. 면접에서는 비용 최적화가 데이터 모델링과 연결됨을 보여주면 좋습니다. 실무에서는 DTO 슬림화, 필드 선택, 중복 제거, 키 정규화가 큰 효과를 줍니다.		필요한 필드만 캐싱하고 구조를 재사용성 높게 리모델링한다	TRUE	TTL을 무한대로 둔다	FALSE	keytag를 강제한다	FALSE	FLUSHALL을 주기적으로 한다	FALSE	caching	redis	cost	performance
Q297	캐시 키 보안 로그		Security - 취약점	53	CHOICE	HARD	캐시 키에 민감정보를 직접 포함했을 때 가장 현실적인 유출 경로는?	키는 로그/모니터링/트레이싱에 자주 남습니다. 운영 중 디버깅 로그나 APM 태그에 키가 기록되면 민감정보가 외부로 유출될 수 있습니다. 면접에서는 값뿐 아니라 키도 민감할 수 있다는 관점이 중요합니다. 실무에서는 키에는 식별자 해시/토큰화를 사용하고, 민감정보는 절대 직접 포함하지 않습니다.		로그 APM 트레이싱 등 관측 시스템에 키가 남아 유출될 수 있다	TRUE	TTL이 짧으면 키 유출이 불가능하다	FALSE	keytag가 있으면 키가 암호화된다	FALSE	Redis는 키를 자동 마스킹한다	FALSE	caching	redis	security	observability
Q298	캐시와 데이터 정합성 최종 기준		Backend - 아키텍처 패턴	20	CHOICE	HARD	캐시가 있는 시스템에서 “정합성의 최종 기준”을 어디에 두는 것이 가장 안전한가?	캐시는 틀릴 수 있는 성능 계층입니다. 최종 기준은 DB/최종 저장소에 두고, 제약/버전/CAS로 잘못된 쓰기를 방지합니다. 면접에서는 이 원칙을 분명히 말하는 게 중요합니다. 실무에서도 캐시만 믿고 로직을 만들면 장애 시 데이터 사고로 이어집니다.		최종 저장소 DB 제약 버전 CAS를 정합성의 기준으로 둔다	TRUE	캐시에 저장된 값이 항상 기준이다	FALSE	TTL이 기준이다	FALSE	replication lag가 기준이다	FALSE	caching	redis	consistency	database
Q299	캐시 장애 시 기능 저하		Backend - 아키텍처 패턴	20	CHOICE	HARD	캐시 장애 시 “기능 저하(degrade)” 설계의 가장 올바른 예시는?	모든 기능을 동일하게 폴백하면 DB가 터집니다. 실무에서는 핵심 기능만 제한적으로 폴백하고, 부가 기능(추천, 랭킹, 실시간 통계)은 일시적으로 끄거나 캐시 기반 결과를 유지하는 등 단계적 저하를 합니다. 면접에서는 ‘서비스 생존’ 관점을 강조하면 좋습니다.		핵심 경로만 제한 폴백하고 부가 기능은 끄는 단계적 저하	TRUE	모든 요청을 DB로 무조건 폴백	FALSE	FLUSHALL로 해결	FALSE	TTL을 무한대로 늘려 해결	FALSE	scaling	redis	resilience	architecture
Q300	캐시 설계 면접 결론		Backend - 아키텍처 패턴	20	CHOICE	HARD	고난도 캐시 설계에서 “가장 설득력 있는” 답변 흐름은?	면접에서는 패턴 나열보다 문제 정의→요구사항→장애 모델→대안 비교→운영/관측/롤백까지 이어지는 흐름을 높게 평가합니다. 캐싱은 성능 계층이지만 실패할 수 있으므로 다층 방어가 핵심입니다. TTL, 이벤트 무효화, 버저닝, 버전 비교, DB 제약, 레이트리밋/서킷 브레이커, 모니터링 지표까지 한 세트로 설명하면 좋습니다.		요구사항과 장애 모델 기반으로 트레이드오프와 운영 대책까지 설명한다	TRUE	Redis 명령어를 많이 외웠다고 말한다	FALSE	TTL을 무조건 길게 두면 된다고 말한다	FALSE	FLUSHALL을 자주 하면 안전하다고 말한다	FALSE	caching	scaling	redis	interview
Q301	캐시(Cache) 기본 개념		Backend - 아키텍처 패턴	20	OX	EASY	캐시는 자주 조회하는 데이터를 빠르게 제공하기 위해 미리 저장해두는 기법이다.	캐시는 DB나 외부 API처럼 느린 저장소를 매번 조회하지 않도록, 자주 쓰는 결과를 빠른 저장소에 저장해 재사용하는 전략입니다. 면접에서는 캐시가 왜 성능을 개선하는지와 히트/미스 개념을 묻는 경우가 많습니다. 실무에서는 캐시가 잘 맞으면 DB 부하와 응답 시간이 확 줄어들지만, 잘못 쓰면 정합성 이슈가 생길 수 있습니다. 또한 캐시는 장애가 날 수 있으므로 캐시 실패 시 폴백 전략도 중요합니다. 결국 캐시는 “성능 최적화 계층”이라는 점을 기억하면 됩니다.		O	TRUE	X	FALSE					caching	redis	backend	performance
Q302	Redis(In-memory) 특징		Database - NoSQL	27	OX	EASY	Redis는 메모리 기반(in-memory) 데이터 저장소로 빠른 읽기/쓰기가 가능하다.	Redis는 주로 메모리에 데이터를 저장해 빠른 응답을 제공합니다. 면접에서는 왜 Redis가 빠른지(메모리 기반, 간단한 데이터 구조)와 어떤 용도로 쓰는지(캐시, 세션, 레이트리밋 등)를 자주 묻습니다. 실무에서는 빠르지만 메모리는 제한적이라 데이터 크기와 TTL 관리가 중요합니다. 또한 영속성 옵션(AOF/RDB)이 있어도 “DB 대체”로 무작정 쓰면 위험할 수 있습니다. 캐시/보조 저장소 관점에서 역할을 잡는 게 안전합니다.		O	TRUE	X	FALSE					scaling	redis	caching	nosql
Q303	TTL(Time To Live)		Backend - 아키텍처 패턴	20	OX	EASY	TTL은 캐시 데이터가 자동으로 만료되는 시간을 의미한다.	TTL은 캐시나 세션 같은 데이터를 “얼마나 오래 유지할지”를 정하는 만료 시간입니다. 면접에서는 TTL이 왜 중요한지(정합성 안전장치, 메모리 관리)를 자주 연결해서 묻습니다. 실무에서는 TTL이 너무 길면 오래된 값(stale)이 남을 수 있고, 너무 짧으면 미스가 늘어 DB 부하가 커질 수 있습니다. 따라서 데이터 특성에 맞게 적정 TTL을 잡는 감각이 중요합니다. 또한 TTL은 이벤트 기반 무효화가 실패했을 때의 최후 안전장치로도 자주 사용됩니다.		O	TRUE	X	FALSE					caching	redis	ttl	backend
Q304	Cache Hit/Miss		Backend - 아키텍처 패턴	20	OX	EASY	Cache hit은 요청한 데이터가 캐시에 있어서 바로 반환되는 경우를 말한다.	캐시 히트(hit)는 필요한 데이터가 캐시에 이미 있어 빠르게 응답할 수 있는 상태입니다. 면접에서는 hit/miss 개념과 함께 “히트율이 높으면 항상 좋은가” 같은 질문이 나오기도 합니다. 실무에서는 히트율이 높더라도 payload가 너무 크거나 직렬화 비용이 크면 느릴 수 있어 지표를 함께 봐야 합니다. 하지만 기본적으로 hit이 많을수록 DB 호출이 줄어드는 경향이 있습니다. 그래서 캐시 설계의 첫 목표는 “의미 있는 재사용”을 만드는 것입니다.		O	TRUE	X	FALSE					caching	redis	hit	performance
Q305	Cache Aside 패턴		Backend - 아키텍처 패턴	20	OX	EASY	Cache Aside는 애플리케이션이 먼저 캐시를 조회하고 없으면 DB에서 조회한 뒤 캐시에 저장하는 패턴이다.	Cache Aside는 가장 널리 쓰이는 캐시 패턴으로, 애플리케이션이 캐시를 직접 제어합니다. 면접에서는 흐름(캐시 조회→미스면 DB 조회→캐시 저장)을 정확히 설명할 수 있어야 합니다. 실무에서는 스탬피드(stampede) 같은 동시 미스 문제나, 갱신 시 정합성 문제가 생길 수 있어 보완책이 필요합니다. 그래도 구조가 단순하고 적용이 쉬워서 많이 사용됩니다. 캐시 장애 시에도 DB로 폴백하기 쉬운 장점이 있습니다.		O	TRUE	X	FALSE					caching	redis	cache_aside	backend
Q306	캐시의 정합성 이슈		Backend - 아키텍처 패턴	20	OX	EASY	캐시는 성능을 높이지만, 원본(DB)과 값이 달라지는 정합성 문제가 생길 수 있다.	캐시는 “빠른 대신 최신과 다를 수 있다”는 리스크를 항상 갖습니다. 면접에서는 캐시를 쓸 때 생길 수 있는 대표 문제로 stale 데이터, 무효화 실패, 레이스 컨디션 등을 언급할 수 있어야 합니다. 실무에서는 TTL, 이벤트 기반 무효화, 버전 비교 같은 방식으로 위험을 줄입니다. 특히 권한/결제 같은 중요한 검증 경로에서는 캐시를 우회하는 선택도 합니다. 결국 캐시는 최종 저장소가 아니라 최적화 계층이라는 점이 핵심입니다.		O	TRUE	X	FALSE					caching	redis	consistency	architecture
Q307	세션 저장소로 Redis		Backend - 웹 서버 기초	17	OX	EASY	여러 서버로 확장(scale-out)할 때 Redis를 세션 저장소로 쓰면 세션 공유에 도움이 된다.	서버가 여러 대면 각 서버 메모리에 세션을 두면 서버가 바뀔 때 로그인 상태가 깨질 수 있습니다. Redis 같은 중앙 세션 저장소를 쓰면 어떤 서버로 가도 같은 세션을 조회할 수 있어 scale-out에 유리합니다. 면접에서는 “세션 클러스터링/공유”와 “스티키 세션” 비교가 자주 나옵니다. 실무에서는 세션 TTL 설정과 보안(세션 탈취 방지), 장애 시 로그인 영향 범위를 함께 고려합니다. 또한 세션과 캐시 워크로드를 분리해 운영하는 경우도 많습니다.		O	TRUE	X	FALSE					scaling	redis	session	backend
Q308	스티키 세션(Sticky Session)		Backend - 웹 서버 기초	17	OX	EASY	스티키 세션은 같은 사용자의 요청을 항상 같은 서버로 보내는 방식이다.	스티키 세션은 로드밸런서가 사용자를 특정 서버에 “고정”해서 보내는 방식입니다. 면접에서는 스티키 세션의 장단점(구현 쉬움 vs 장애/확장에 취약)을 묻습니다. 실무에서는 서버가 죽으면 세션이 날아갈 수 있고, 트래픽 분산이 고르지 않을 수 있습니다. 그래서 세션을 Redis 같은 외부 저장소로 분리하는 방식을 더 선호하는 경우가 많습니다. 다만 시스템이 단순하고 규모가 작을 때는 스티키로도 충분할 수 있습니다.		O	TRUE	X	FALSE					scaling	caching	load_balancing	backend
Q309	캐시로 DB 부하 완화		Backend - 아키텍처 패턴	20	OX	EASY	캐시를 잘 적용하면 DB 조회 트래픽을 줄여 부하를 완화할 수 있다.	캐시는 DB나 외부 API 호출을 줄여 병목을 완화하는 대표적인 방법입니다. 면접에서는 “어떤 데이터를 캐싱할지”까지 이어서 질문이 나오기도 합니다. 실무에서는 자주 조회되고 변경이 상대적으로 적은 데이터(예: 설정, 랭킹 일부, 프로필 일부)에서 효과가 큽니다. 하지만 변경이 잦은 데이터는 정합성 비용이 커서 신중해야 합니다. 또한 캐시 장애 시 DB로 트래픽이 몰릴 수 있어 보호 장치도 함께 둬야 합니다.		O	TRUE	X	FALSE					caching	redis	scaling	performance
Q310	Redis 데이터 구조		Database - NoSQL	27	OX	EASY	Redis는 String, List, Set, Hash 같은 자료구조를 제공한다.	Redis는 단순 키-값 저장소를 넘어 다양한 자료구조를 제공합니다. 면접에서는 각 구조의 용도(예: Hash로 객체 속성 저장, Set으로 중복 제거, List로 큐 비슷하게 사용)를 기본 수준에서 묻는 경우가 많습니다. 실무에서는 자료구조 선택이 성능과 메모리 효율에 영향을 줍니다. 또한 너무 큰 컬렉션은 운영 리스크가 되니 크기 관리가 중요합니다. 구조를 이해하면 레이트리밋/세션/랭킹 같은 기능을 깔끔하게 구현할 수 있습니다.		O	TRUE	X	FALSE					redis	nosql	caching	data_structure
Q311	캐시 장애 시 폴백		Backend - 아키텍처 패턴	20	OX	EASY	캐시가 실패하면 DB로 조회하는 폴백(fallback) 전략을 둘 수 있다.	캐시는 보조 계층이므로 실패 가능성을 전제로 설계합니다. 면접에서는 “캐시 장애 시 어떻게 할 건가”를 자주 묻습니다. 실무에서는 캐시 타임아웃을 짧게 두고, 실패 시 DB로 폴백하거나 일부 기능을 저하(degrade)시키는 전략을 씁니다. 다만 무조건 DB 폴백만 하면 DB가 터질 수 있어 레이트리밋/서킷 브레이커로 보호해야 합니다. 폴백은 ‘살아남기 위한 옵션’이지, 항상 공짜가 아닙니다.		O	TRUE	X	FALSE					scaling	redis	resilience	caching
Q312	캐시 무효화(invalidation)		Backend - 아키텍처 패턴	20	OX	EASY	데이터가 변경되면 관련 캐시를 삭제하거나 갱신하는 것을 캐시 무효화라고 한다.	캐시 무효화는 원본 데이터가 바뀌었을 때 캐시가 오래된 값을 주지 않도록 처리하는 방식입니다. 면접에서는 invalidate(삭제)와 update(갱신)의 차이, 그리고 왜 어려운지를 묻기도 합니다. 실무에서는 삭제가 멱등이라 운영이 단순해 자주 선택됩니다. 다만 무효화 이벤트가 유실되면 stale가 남을 수 있어 TTL을 안전장치로 둡니다. 결국 캐시 운영의 핵심은 ‘언제, 어떻게 무효화하느냐’에 달려 있습니다.		O	TRUE	X	FALSE					caching	redis	invalidation	backend
Q313	캐시 스탬피드(stampede)		Backend - 아키텍처 패턴	20	OX	EASY	인기 키가 만료될 때 동시에 많은 요청이 DB로 몰리는 현상을 캐시 스탬피드라고 한다.	스탬피드는 핫키가 만료되거나 캐시가 비었을 때 동시 요청이 원본(DB)을 때리는 문제입니다. 면접에서는 스탬피드의 완화책(락, singleflight, TTL 지터)을 함께 말하면 좋습니다. 실무에서는 순간적으로 DB가 과부하로 장애가 날 수 있어 매우 위험합니다. 특히 트래픽이 큰 서비스에서 자주 터지는 패턴이라 대비가 필요합니다. “캐시가 없을 때를 대비하는 설계”가 핵심입니다.		O	TRUE	X	FALSE					caching	redis	stampede	scaling
Q314	TTL 지터(jitter)		Backend - 아키텍처 패턴	20	OX	EASY	TTL 지터는 만료 시간을 약간 랜덤하게 분산해 동시에 만료되는 것을 줄이는 기법이다.	많은 키가 같은 시점에 만료되면 미스가 폭발할 수 있습니다. TTL 지터는 만료 시간을 조금씩 랜덤하게 흩뿌려 동시 만료를 줄입니다. 면접에서는 avalanche(동시 만료) 대응으로 자주 언급됩니다. 실무에서는 TTL에 작은 랜덤 값을 더하는 것만으로도 효과가 큰 경우가 많습니다. 단, 지터만으로 모든 문제가 해결되진 않으니 레이트리밋/락 같은 다른 보호 장치와 함께 씁니다.		O	TRUE	X	FALSE					caching	redis	ttl	avalanche
Q315	Redis는 RDBMS가 아니다		Database - NoSQL	27	OX	EASY	Redis는 기본적으로 관계형 조인(join) 같은 SQL 기능을 제공하지 않는다.	Redis는 RDBMS처럼 조인/복잡한 쿼리를 제공하는 저장소가 아닙니다. 면접에서는 Redis의 용도를 정확히 이해하는지(캐시, 세션, 큐, 레이트리밋 등)를 봅니다. 실무에서는 Redis에 데이터를 넣을 때 조회 패턴에 맞게 키를 설계해야 하고, 조인처럼 “나중에 합치기”가 어렵습니다. 따라서 정규화된 모델을 그대로 옮기기보다 조회 최적화된 형태로 설계하는 경우가 많습니다. Redis는 역할이 다른 도구라는 걸 기억하면 안전합니다.		O	TRUE	X	FALSE					redis	nosql	caching	backend
Q316	캐시 키 설계 중요성		Backend - 아키텍처 패턴	20	OX	EASY	캐시 키는 어떤 요청/조건을 구분해야 하는지에 따라 신중하게 설계해야 한다.	캐시 키 설계가 잘못되면 다른 조건의 응답이 섞이거나(오염), 반대로 키가 너무 세분화되어 히트율이 떨어질 수 있습니다. 면접에서는 “키 설계가 캐시의 핵심”이라는 걸 말할 수 있어야 합니다. 실무에서는 userId, locale, 권한 scope 같은 분기 조건을 키에 포함해야 보안 사고를 막을 수 있습니다. 또 파라미터를 정규화해 같은 의미의 요청이 같은 키로 매핑되도록 해야 합니다. 키 하나로 성능과 안전이 동시에 갈립니다.		O	TRUE	X	FALSE					caching	redis	key_design	security
Q317	캐시와 보안		Security - 취약점	53	OX	EASY	권한이 다른 사용자에게 같은 캐시 키를 쓰면 데이터가 잘못 노출될 수 있다.	캐시 키가 권한/테넌트/사용자 조건을 구분하지 않으면 높은 권한의 응답이 낮은 권한 사용자에게 노출될 수 있습니다. 면접에서는 캐시가 성능뿐 아니라 보안 경계도 흔들 수 있다는 점을 봅니다. 실무에서는 tenantId, role, scope 등을 키에 포함하거나, 민감한 검증 경로는 캐시를 우회합니다. 또한 에러 응답이나 권한 없음 응답을 캐싱할 때도 TTL과 스코프 분리를 주의해야 합니다. 캐시는 “공유”될 수 있다는 점이 핵심 위험입니다.		O	TRUE	X	FALSE					caching	redis	security	authorization
Q318	Redis Pub/Sub 기본		Database - NoSQL	27	OX	EASY	Redis Pub/Sub은 발행자가 메시지를 보내면 구독자가 실시간으로 받을 수 있는 방식이다.	Pub/Sub은 발행-구독 모델로 메시지를 실시간 전달합니다. 면접에서는 Pub/Sub이 “영속 큐”가 아니라는 점(구독자가 없으면 유실 가능)까지 연결 질문이 나오기도 합니다. 실무에서는 알림/간단 브로드캐스트에는 좋지만, 재처리/내구성이 필요하면 Streams나 별도 메시지 브로커를 고려합니다. 또한 Pub/Sub은 캐시 무효화 신호 전달 같은 곳에도 쓰이지만, 유실 가능성을 감안해 TTL 같은 안전장치가 필요합니다.		O	TRUE	X	FALSE					scaling	redis	pubsub	backend
Q319	캐시 데이터는 줄이는 게 좋다		Backend - 아키텍처 패턴	20	OX	EASY	캐시에 저장하는 값이 너무 크면 네트워크 전송과 직렬화 비용 때문에 성능이 나빠질 수 있다.	캐시는 빨라도 값이 너무 크면 전송 시간이 커지고, 애플리케이션에서 직렬화/역직렬화 비용이 커집니다. 면접에서는 “히트율이 높아도 느릴 수 있다”는 사례로 자주 쓰입니다. 실무에서는 필요한 필드만 캐싱하거나, payload를 분리(조각 캐싱)하고, 경우에 따라 압축을 선택적으로 적용합니다. 또한 큰 값은 eviction을 유발해 전체 안정성을 떨어뜨릴 수 있습니다. 캐시는 “작고 자주 쓰는 것”일수록 효과가 큽니다.		O	TRUE	X	FALSE					caching	redis	performance	scaling
Q320	캐시 모니터링 필요성		Backend - 아키텍처 패턴	20	OX	EASY	캐시 운영에서는 히트율뿐 아니라 지연시간, eviction, 메모리 사용량 같은 지표도 함께 봐야 한다.	히트율은 중요한 지표지만, 그것만으로 성능과 안정성을 판단할 수는 없습니다. 면접에서는 어떤 지표를 보고 캐시 문제를 진단할지 묻는 경우가 있습니다. 실무에서는 p95/p99 지연, 타임아웃, eviction rate, 메모리 사용량, 연결 풀 대기 등을 함께 봅니다. 그래야 “캐시는 잘 맞는데 느린” 상황(빅키, 직렬화 병목, 네트워크 문제 등)을 놓치지 않습니다. 운영은 결국 관측 가능성(Observability)이 기반입니다.		O	TRUE	X	FALSE					scaling	redis	monitoring	caching
Q321	캐시(Cache)와 DB 관계		Backend - 아키텍처 패턴	20	OX	EASY	캐시는 DB를 완전히 대체하기 위한 것이 아니라 성능을 보완하는 계층이다.	캐시는 최종 저장소를 대체하기보다는, 조회 성능을 높이기 위한 보조 계층으로 쓰는 것이 일반적입니다. 면접에서는 “캐시가 틀릴 수 있다”는 전제를 이해하는지 확인합니다. 실무에서는 DB를 Source of Truth로 두고 캐시는 TTL과 무효화를 통해 맞추는 흐름이 많습니다. 또한 캐시 장애 시 DB로 폴백하거나 기능 저하를 설계해야 서비스가 안전합니다. 결국 캐시는 성능 최적화를 위한 레이어라는 점이 핵심입니다.		O	TRUE	X	FALSE					caching	redis	backend	architecture
Q322	Redis 장애 대비		Backend - 아키텍처 패턴	20	OX	EASY	Redis가 잠깐 느려져도 서비스 전체가 멈추지 않도록 짧은 타임아웃을 두는 것이 일반적이다.	Redis는 빠르지만 네트워크나 부하로 느려질 수 있어 타임아웃이 중요합니다. 면접에서는 캐시 의존성이 서비스 가용성을 해치지 않도록 격리하는 사고를 봅니다. 실무에서는 Redis 타임아웃을 짧게 두고, 실패하면 폴백하거나 캐시 우회로 전환합니다. 무작정 재시도를 많이 하면 오히려 retry storm가 생길 수 있어 주의합니다. 캐시는 “느리면 버린다”는 운영 철학이 자주 등장합니다.		O	TRUE	X	FALSE					scaling	redis	resilience	caching
Q323	캐시 미스(Cache Miss) 처리		Backend - 아키텍처 패턴	20	OX	EASY	Cache miss가 발생하면 보통 DB 조회 후 결과를 캐시에 저장해 다음 요청에 재사용한다.	캐시 미스는 캐시에 데이터가 없어 원본 저장소로 내려가야 하는 상황입니다. 면접에서는 miss 처리 흐름과 캐시 저장 시점을 질문하는 경우가 많습니다. 실무에서는 동일 키에 동시 miss가 나면 스탬피드가 될 수 있어 락이나 singleflight 같은 보완이 필요합니다. 또한 에러 응답이나 권한 응답을 무턱대고 캐싱하면 오염이 생길 수 있어 저장 조건을 제한합니다. 미스 처리 설계가 캐시 안정성의 핵심입니다.		O	TRUE	X	FALSE					caching	redis	cache_aside	backend
Q324	TTL 설정의 목적		Backend - 아키텍처 패턴	20	OX	EASY	TTL은 메모리 사용량을 제어하고, 오래된 캐시가 영구히 남는 것을 방지하는 데 도움이 된다.	TTL은 캐시 데이터를 자동으로 정리해 메모리 사용량을 통제하는 중요한 수단입니다. 면접에서는 TTL이 정합성과 용량 관리에 모두 기여한다는 점을 아는지 봅니다. 실무에서는 TTL이 없으면 키가 쌓여 eviction이나 OOM으로 이어질 수 있습니다. 반대로 TTL이 너무 짧으면 히트율이 떨어져 원본 부하가 커질 수 있습니다. 적정 TTL과 모니터링이 함께 필요합니다.		O	TRUE	X	FALSE					caching	redis	ttl	performance
Q325	캐시 무효화의 어려움		Backend - 아키텍처 패턴	20	OX	EASY	캐시 무효화는 “언제 지울지” 결정이 어려워서 흔히 어려운 문제로 꼽힌다.	캐시 무효화는 “캐시는 언제 틀리기 시작하는가”를 다루는 문제라 복잡합니다. 면접에서는 캐시가 왜 어려운지 한 줄로 설명해보라고 할 때 이 지점이 자주 나옵니다. 실무에서는 이벤트 기반 무효화가 유실되거나 지연될 수 있어 TTL을 안전장치로 둡니다. 또한 동시에 읽기/쓰기 레이스가 생기면 오래된 값이 다시 들어갈 수도 있습니다. 그래서 무효화는 단순 삭제만이 아니라 운영 설계까지 포함합니다.		O	TRUE	X	FALSE					caching	redis	invalidation	backend
Q326	Cache Avalanche 개념		Backend - 아키텍처 패턴	20	OX	EASY	많은 캐시 키가 같은 시점에 만료되면 원본(DB)에 요청이 몰리는 현상을 캐시 아발란치라고 한다.	캐시 아발란치는 다수 키가 동시에 만료되거나 캐시 계층이 장애로 비면서 원본에 부하가 몰리는 현상입니다. 면접에서는 스탬피드와 아발란치를 구분할 수 있는지 확인합니다. 실무에서는 TTL 지터로 만료 시점을 분산하거나, 버저닝/점진 무효화로 폭주를 줄입니다. 또한 DB 보호를 위해 레이트리밋과 서킷 브레이커를 같이 둡니다. “동시 만료”가 핵심 키워드입니다.		O	TRUE	X	FALSE					caching	redis	avalanche	scaling
Q327	TTL 지터 효과		Backend - 아키텍처 패턴	20	OX	EASY	TTL 지터는 캐시 키들이 동시에 만료되는 위험을 줄이기 위해 사용된다.	TTL 지터는 만료 시간을 약간 랜덤하게 흩뿌리는 방식입니다. 면접에서는 아발란치 대응책으로 자주 나옵니다. 실무에서는 TTL에 작은 랜덤 값을 더해 동시 만료를 줄이면, 원본 부하가 한 번에 튀는 것을 완화할 수 있습니다. 다만 지터만으로는 스탬피드를 완전히 해결하지 못하므로 락/singleflight와 함께 쓰기도 합니다. 기본 아이디어는 “만료 타이밍 분산”입니다.		O	TRUE	X	FALSE					caching	redis	ttl	avalanche
Q328	캐시와 레이트리밋		Backend - 아키텍처 패턴	20	OX	EASY	Redis는 레이트리밋(rate limiting) 구현에 자주 사용된다.	Redis는 빠른 카운터/만료 기능을 활용해 레이트리밋을 구현하기 좋습니다. 면접에서는 왜 Redis로 레이트리밋을 하는지(원자적 증가, TTL 기반 윈도우) 질문이 나올 수 있습니다. 실무에서는 분산 환경에서 서버들이 같은 제한 상태를 공유할 수 있다는 장점이 큽니다. 다만 정확한 슬라이딩 윈도우 등은 구현 복잡도가 올라갈 수 있어 알고리즘 선택이 중요합니다. 결국 Redis는 “공유 상태를 빠르게 관리”하는 데 강점이 있습니다.		O	TRUE	X	FALSE					scaling	redis	rate_limit	backend
Q329	스케일아웃과 캐시		Backend - 웹 서버 기초	17	OX	EASY	서버를 여러 대로 늘리면(스케일아웃) 각 서버의 로컬 메모리 캐시만으로는 일관된 캐시를 유지하기 어렵다.	스케일아웃 환경에서는 각 서버가 별도의 로컬 캐시를 갖기 때문에 값이 서로 달라질 수 있습니다. 면접에서는 분산 환경에서 캐시 일관성 문제가 왜 생기는지 묻습니다. 실무에서는 Redis 같은 공유 캐시를 두거나, 로컬 캐시에 짧은 TTL을 두고 이벤트로 무효화 신호를 주는 방식이 있습니다. 중요한 데이터는 로컬 캐시를 우회하는 선택도 합니다. 즉 스케일아웃에서는 “공유 계층”이 필요해지는 경우가 많습니다.		O	TRUE	X	FALSE					scaling	redis	caching	backend
Q330	Redis는 네트워크로 접근		Database - NoSQL	27	OX	EASY	Redis는 보통 애플리케이션과 네트워크로 통신하므로 네트워크 지연의 영향을 받을 수 있다.	Redis가 메모리 기반이라도, 애플리케이션에서 접근할 때는 네트워크를 거칩니다. 면접에서는 “Redis가 느려질 수도 있다”는 현실적인 관점을 봅니다. 실무에서는 네트워크 지연, 연결 풀 고갈, 타임아웃 설정이 전체 성능에 큰 영향을 줍니다. 따라서 로컬 환경에서 빠르다고 운영에서도 항상 빠르다고 가정하면 위험합니다. 캐시는 빠르지만 네트워크 비용은 항상 고려해야 합니다.		O	TRUE	X	FALSE					caching	redis	performance	networking
Q331	캐시 저장 조건		Backend - 아키텍처 패턴	20	OX	EASY	모든 응답을 무조건 캐시에 저장하는 것은 위험할 수 있다.	모든 응답을 캐싱하면 권한/로케일/헤더 분기 등이 반영되지 않아 오염이 생길 수 있습니다. 면접에서는 “무엇을 캐싱하면 안 되는가” 질문이 나올 수 있습니다. 실무에서는 에러 응답, 권한 응답, 사용자별 민감 데이터는 캐싱을 매우 신중히 합니다. 또한 입력 파라미터 정규화가 안 되면 히트율이 낮아지고 메모리만 낭비할 수 있습니다. 캐시는 저장 조건과 키 설계가 함께 가야 안전합니다.		O	TRUE	X	FALSE					caching	redis	security	backend
Q332	캐시와 데이터 크기		Backend - 아키텍처 패턴	20	OX	EASY	캐시 값이 커지면 eviction이 늘어나거나 메모리 압박이 커질 수 있다.	캐시 값이 크면 같은 메모리에서 담을 수 있는 항목 수가 줄고, eviction이 더 자주 발생할 수 있습니다. 면접에서는 big payload가 성능과 안정성에 모두 악영향을 준다는 점을 아는지 봅니다. 실무에서는 필요한 필드만 캐싱하거나, 결과를 조각내어 저장하는 방식으로 크기를 줄입니다. 또한 큰 값은 네트워크 전송 시간과 직렬화 비용도 키우므로 지연이 커질 수 있습니다. 캐시는 “작고 자주 쓰는 데이터”에 잘 맞습니다.		O	TRUE	X	FALSE					caching	redis	eviction	scaling
Q333	Redis와 캐시 키 네임스페이스		Backend - 아키텍처 패턴	20	OX	EASY	캐시 키에 prefix(네임스페이스)를 두면 관리와 무효화 범위 설정에 도움이 된다.	키 prefix는 기능/도메인별로 키를 분리해 관리하기 쉽게 합니다. 면접에서는 키 설계 기본기로 자주 인정받는 포인트입니다. 실무에서는 배포 시 prefix 버저닝으로 안전하게 전환하거나, 특정 도메인만 점진 무효화할 때 유용합니다. 또한 로그/모니터링에서 어떤 키가 어떤 용도인지 파악하기 쉽습니다. 단, prefix에 민감정보를 넣지 않도록 주의해야 합니다.		O	TRUE	X	FALSE					caching	redis	key_design	operations
Q334	캐시와 멱등성		Backend - 아키텍처 패턴	20	OX	EASY	캐시 무효화(DEL)는 같은 작업을 여러 번 해도 결과가 같아 멱등(idempotent)한 편이다.	DEL은 키가 없더라도 실패하지 않고 같은 상태(없음)를 만들기 때문에 멱등성이 높습니다. 면접에서는 이벤트가 중복 전달되는 환경에서 왜 delete 기반 무효화가 운영적으로 안전한지 질문이 나올 수 있습니다. 실무에서는 갱신(set)은 순서 문제가 생기기 쉬워 더 신중해야 하지만, 삭제는 비교적 단순합니다. 다만 삭제 자체가 큰 키에서 비용이 될 수 있으니 big key 운영도 함께 고려합니다. 멱등성은 재시도 설계의 핵심 개념입니다.		O	TRUE	X	FALSE					caching	redis	invalidation	resilience
Q335	스케일링과 로드밸런싱		Backend - 웹 서버 기초	17	OX	EASY	로드밸런싱은 여러 서버에 트래픽을 분산해 처리량을 높이는 데 도움이 된다.	로드밸런서는 요청을 여러 서버에 분산해 단일 서버 병목을 줄입니다. 면접에서는 L4/L7 로드밸런서와 세션 처리(스티키 vs 외부 세션 저장소)까지 연결될 수 있습니다. 실무에서는 서버 수가 늘수록 상태 관리가 어려워져 Redis 같은 공유 저장소를 함께 사용하는 경우가 많습니다. 또한 헬스체크로 장애 서버를 제외해 가용성을 높일 수 있습니다. 스케일링의 기본 요소로 자주 등장합니다.		O	TRUE	X	FALSE					scaling	backend	load_balancing	redis
Q336	Redis 캐시의 용량 제한		Database - NoSQL	27	OX	EASY	Redis는 메모리 기반이라 용량을 무한히 늘릴 수 없고 메모리 관리가 중요하다.	Redis는 빠른 대신 메모리가 제한된 자원입니다. 면접에서는 왜 TTL과 eviction 정책이 중요한지 물을 때 이 배경을 이해해야 합니다. 실무에서는 키 카디널리티 폭발, 큰 값 저장, TTL 누락이 메모리 문제를 만들 수 있습니다. 따라서 maxmemory, eviction policy, 모니터링, 키 설계 규율이 중요합니다. 캐시는 “얼마나 저장할지” 설계가 항상 따라옵니다.		O	TRUE	X	FALSE					caching	redis	memory	scaling
Q337	캐시 장애와 DB 보호		Backend - 아키텍처 패턴	20	OX	EASY	캐시 장애 시 모든 요청을 DB로 폴백하면 DB가 과부하로 장애날 수 있어 보호 장치가 필요하다.	캐시가 비면 DB로 트래픽이 몰려 2차 장애가 날 수 있습니다. 면접에서는 이 상황에서 레이트리밋, 서킷 브레이커, 기능 저하 같은 보호 장치를 언급하면 좋습니다. 실무에서는 핵심 기능만 제한적으로 폴백하고, 부가 기능은 잠시 비활성화하는 전략을 씁니다. 또한 재시도 폭풍을 막기 위해 backoff+jitter도 함께 둡니다. 캐시 장애는 시스템 전체 리스크라는 점을 기억해야 합니다.		O	TRUE	X	FALSE					scaling	redis	resilience	caching
Q338	캐시와 관측 지표		Backend - 아키텍처 패턴	20	OX	EASY	캐시 운영에서는 hit rate뿐 아니라 timeout, latency, eviction 같은 지표가 중요하다.	히트율이 높아도 지연이 크면 성능이 나쁠 수 있습니다. 면접에서는 어떤 지표를 보고 문제를 진단할지 자주 묻습니다. 실무에서는 p95/p99 latency, timeouts, eviction rate, memory usage, connection pool wait 같은 지표를 봅니다. 또한 big key, slowlog 증가 같은 신호도 중요합니다. 관측 가능성이 있어야 캐시가 ‘보이지 않는 장애 원인’이 되는 걸 막을 수 있습니다.		O	TRUE	X	FALSE					caching	redis	monitoring	performance
Q339	Redis는 다양한 용도		Database - NoSQL	27	OX	EASY	Redis는 캐시뿐 아니라 세션 저장, 레이트리밋, 간단한 큐에도 사용될 수 있다.	Redis는 빠른 데이터 접근과 TTL, 자료구조 덕분에 여러 용도로 활용됩니다. 면접에서는 “왜 Redis를 쓰는가”를 용도별로 설명할 수 있으면 좋습니다. 실무에서는 세션/락 같은 중요한 워크로드와 캐시 워크로드를 분리해 운영하는 경우가 많습니다. 또한 메시징이 필요하면 Pub/Sub이나 Streams를 고려하지만, 내구성 요구에 따라 다른 시스템을 선택하기도 합니다. Redis는 만능이 아니라 “적합한 영역”에 쓰는 게 중요합니다.		O	TRUE	X	FALSE					redis	nosql	caching	scaling
Q340	캐시 설계의 핵심		Backend - 아키텍처 패턴	20	OX	EASY	캐시를 설계할 때는 성능뿐 아니라 정합성, 장애 시 동작까지 함께 고려해야 한다.	캐시는 성능 향상에 도움이 되지만, 정합성과 운영 리스크를 함께 가져옵니다. 면접에서는 “캐시가 왜 어려운가”에 대한 답으로 정합성과 장애 전파를 말하면 좋습니다. 실무에서는 TTL, 무효화, 폴백, 레이트리밋, 모니터링을 한 세트로 설계합니다. 또한 어떤 데이터는 캐시를 우회해야 더 안전할 수 있습니다. 결국 캐시는 기술이 아니라 ‘설계와 운영’의 문제라는 점이 핵심입니다.		O	TRUE	X	FALSE					caching	scaling	redis	architecture
Q341	Cache Hit율 의미		Backend - 아키텍처 패턴	20	OX	EASY	캐시 히트율이 높다는 것은 캐시가 자주 재사용되고 있다는 뜻이다.	히트율은 캐시에 저장된 값이 얼마나 자주 재사용되는지 보여주는 대표 지표입니다. 면접에서는 hit rate가 무엇을 의미하는지와 miss가 늘면 어떤 일이 생기는지 연결 질문이 나옵니다. 실무에서는 히트율이 높아도 payload가 크거나 직렬화 비용이 크면 느릴 수 있어 latency 지표와 함께 봅니다. 그래도 일반적으로 히트율이 높으면 DB 호출이 줄어드는 경향이 있어 비용과 성능에 도움이 됩니다. 결국 히트율은 캐시 효과를 판단하는 “첫 번째 힌트”로 이해하면 됩니다.		O	TRUE	X	FALSE					caching	redis	hit_rate	performance
Q342	Cache Miss의 영향		Backend - 아키텍처 패턴	20	OX	EASY	캐시 미스가 늘면 원본(DB) 조회가 증가해 응답 시간이 느려질 수 있다.	캐시 미스가 많아지면 원본 저장소로 내려가는 비율이 올라가 전체 지연이 커질 수 있습니다. 면접에서는 miss 증가가 DB 부하 상승과 연결된다는 점을 설명할 수 있어야 합니다. 실무에서는 미스가 급증할 때 eviction 증가, TTL 단축, 배포로 인한 버저닝 변경, 캐시 장애 등을 의심합니다. 또한 미스가 늘면 DB 커넥션 풀 고갈 같은 2차 장애가 생길 수도 있습니다. 그래서 미스율 변화는 중요한 경고 신호입니다.		O	TRUE	X	FALSE					caching	redis	miss	backend
Q343	캐시의 목적과 비용		Backend - 아키텍처 패턴	20	OX	EASY	캐시는 성능을 높이지만, 메모리 비용과 운영 비용이 추가로 든다.	캐시는 빠른 응답을 제공하는 대신 메모리 자원을 소비하고 운영 복잡도를 높입니다. 면접에서는 캐시가 “공짜 성능”이 아니라 트레이드오프라는 점을 아는지 봅니다. 실무에서는 메모리 부족, eviction, 정합성 이슈, 장애 시 폴백 설계 등 운영 부담이 생깁니다. 특히 캐시가 핵심 경로가 되면 가용성 리스크가 커질 수 있어, 타임아웃과 degrade 설계가 중요합니다. 캐시는 “비용을 내고 성능을 사는” 선택입니다.		O	TRUE	X	FALSE					caching	scaling	redis	operations
Q344	캐시 우선순위 판단		Backend - 아키텍처 패턴	20	OX	EASY	자주 조회되고 변경이 상대적으로 적은 데이터는 캐시 적용 효과가 큰 편이다.	캐시는 재사용이 많을수록 효과가 큽니다. 면접에서는 어떤 데이터를 캐싱할지 기준을 설명할 수 있어야 합니다. 실무에서는 공통 설정값, 카테고리 목록, 인기 콘텐츠 일부처럼 자주 읽히고 변경이 적은 데이터가 잘 맞습니다. 반대로 변경이 잦은 데이터는 무효화 비용이 커져 캐시의 이득이 줄어듭니다. 그래서 “읽기 빈도와 변경 빈도”를 같이 보는 습관이 중요합니다.		O	TRUE	X	FALSE					caching	redis	cache_strategy	backend
Q345	캐시 키 정규화		Backend - 아키텍처 패턴	20	OX	EASY	같은 의미의 요청이 여러 형태로 들어오면 캐시 키를 정규화해 히트율을 높일 수 있다.	파라미터 순서, 대소문자, 기본값 누락 같은 차이로 키가 달라지면 히트율이 떨어집니다. 면접에서는 키 설계가 성능에 직결된다는 점을 말할 수 있어야 합니다. 실무에서는 쿼리 파라미터를 정렬하고, 기본값을 명시적으로 포함하고, 문자열을 normalize 하는 방식으로 키를 통일합니다. 이렇게 하면 캐시 항목 수가 줄고 히트율이 올라가는 경우가 많습니다. 정규화는 성능과 비용에 모두 영향을 줍니다.		O	TRUE	X	FALSE					caching	redis	key_design	performance
Q346	Redis 연결 풀 필요		Backend - 웹 서버 기초	17	OX	EASY	Redis를 자주 호출하는 서비스에서는 커넥션 풀 설정이 성능과 안정성에 영향을 줄 수 있다.	Redis 접근은 네트워크 연결을 기반으로 하며, 연결 생성/해제 비용과 대기 시간이 성능에 영향을 줍니다. 면접에서는 커넥션 풀 고갈이 타임아웃과 지연을 만든다는 점을 이해하는지 봅니다. 실무에서는 동시성 대비 풀 크기, 타임아웃, 대기 큐를 적절히 설정해야 합니다. 또한 커넥션 누수나 재시도 폭풍이 있으면 풀 고갈이 쉽게 발생합니다. 캐시는 빠르지만 “연결 관리”가 잘못되면 전체가 느려질 수 있습니다.		O	TRUE	X	FALSE					scaling	redis	connection_pool	backend
Q347	캐시와 재시도		Backend - 아키텍처 패턴	20	OX	EASY	캐시 타임아웃이 발생했을 때 재시도를 무한히 늘리면 장애를 악화시킬 수 있다.	재시도는 일시적 장애엔 도움이 될 수 있지만, 캐시는 보조 계층이라 무한 재시도는 위험합니다. 면접에서는 retry storm 개념을 아는지 묻기도 합니다. 실무에서는 제한된 재시도, backoff와 jitter, 그리고 서킷 브레이커로 확산을 막습니다. 캐시는 느리면 빠르게 포기하고 폴백하는 것이 더 안전한 경우가 많습니다. 재시도는 “절제”가 핵심입니다.		O	TRUE	X	FALSE					scaling	redis	retry	resilience
Q348	캐시 저장 값의 크기		Backend - 아키텍처 패턴	20	OX	EASY	캐시에 큰 값을 저장하면 네트워크 전송 시간과 메모리 사용량이 함께 증가할 수 있다.	값이 커지면 Redis 자체가 빠르더라도 전송 시간이 길어지고 애플리케이션 CPU 비용이 커질 수 있습니다. 면접에서는 히트율만 보지 말고 payload 비용을 보라고 묻기도 합니다. 실무에서는 필요한 필드만 캐싱하고, 결과를 분할하거나, 특정 크기 이상만 압축하는 전략을 씁니다. 큰 값은 eviction을 유발해 캐시 안정성을 떨어뜨리기도 합니다. 캐시는 “작고 재사용 높은 값”이 가장 효율적입니다.		O	TRUE	X	FALSE					caching	redis	performance	scaling
Q349	캐시와 권한 분리		Security - 인증/인가	52	OX	EASY	사용자 권한에 따라 응답이 달라지면 캐시 키에 권한 또는 사용자 식별을 포함해야 안전하다.	권한이 다른데 같은 키를 쓰면 데이터가 섞이거나 노출될 수 있습니다. 면접에서는 캐시가 보안 경계를 깨뜨릴 수 있다는 점을 강조하면 좋습니다. 실무에서는 userId, role, scope, tenantId 같은 분기 요소를 키에 포함합니다. 또한 민감한 검증 경로는 캐시를 우회하는 선택도 있습니다. 캐시는 공유되기 쉬우므로 키 설계가 곧 보안 설계가 됩니다.		O	TRUE	X	FALSE					caching	redis	security	authorization
Q350	캐시와 에러 응답		Backend - 아키텍처 패턴	20	OX	EASY	일시적인 500 에러 응답을 캐시에 저장하면 장애가 복구된 뒤에도 에러가 지속될 수 있다.	에러 응답을 캐싱하면 실제 장애가 끝났는데도 TTL 동안 계속 에러를 반환할 수 있습니다. 면접에서는 캐시 저장 조건을 엄격히 하라고 하는 이유가 여기서 나옵니다. 실무에서는 정상 응답만 캐싱하거나, 에러 응답은 매우 짧은 TTL로 제한하는 경우도 있습니다. 특히 폴백 응답을 캐싱하면 장애가 길어지는 착시가 생길 수 있습니다. 캐시는 장애를 “확산”시킬 수도 있다는 점이 중요합니다.		O	TRUE	X	FALSE					caching	redis	resilience	operations
Q351	캐시 무효화와 TTL		Backend - 아키텍처 패턴	20	OX	EASY	이벤트 기반 무효화를 하더라도 TTL은 최후의 안전장치로 유용하다.	이벤트 기반 무효화는 빠르고 정확하지만, 이벤트 유실이나 지연이 있을 수 있습니다. 면접에서는 왜 TTL을 같이 두는지 설명할 수 있어야 합니다. 실무에서도 TTL은 “무효화 실패 시 언젠가는 사라지게 하는” 보험 역할을 합니다. 물론 TTL이 길면 stale 기간이 길어질 수 있으니 데이터 특성에 맞게 설정해야 합니다. 이벤트와 TTL은 경쟁이 아니라 보완 관계입니다.		O	TRUE	X	FALSE					caching	redis	ttl	consistency
Q352	세션 TTL		Backend - 웹 서버 기초	17	OX	EASY	Redis에 세션을 저장할 때는 보통 세션 만료를 위해 TTL을 함께 설정한다.	세션은 영구 데이터가 아니라 일정 시간이 지나면 만료되는 것이 일반적입니다. 면접에서는 세션 만료와 보안(자동 로그아웃, 토큰 만료)까지 연결될 수 있습니다. 실무에서는 TTL이 없으면 세션이 쌓여 메모리를 잡아먹고, 보안적으로도 문제가 될 수 있습니다. 또한 만료 정책은 사용자 경험과도 연결되므로 서비스 특성에 맞게 조정합니다. Redis 세션은 “공유 + 만료”가 핵심 포인트입니다.		O	TRUE	X	FALSE					scaling	redis	session	ttl
Q353	캐시 분리 운영		Backend - 아키텍처 패턴	20	OX	EASY	캐시와 세션 같은 중요한 데이터를 같은 Redis에 섞으면 운영 리스크가 커질 수 있다.	캐시 워크로드는 eviction이 발생할 수 있고 트래픽 패턴이 급변할 수 있습니다. 중요한 세션/락이 같은 인스턴스에 있으면 eviction이나 부하로 인해 핵심 기능이 영향을 받을 수 있습니다. 면접에서는 워크로드 격리 개념을 설명하면 좋습니다. 실무에서는 캐시와 세션을 물리적으로 분리하거나 클러스터를 분리해 장애 전파를 줄입니다. “섞지 않는 설계”가 운영 안정성을 높입니다.		O	TRUE	X	FALSE					scaling	redis	architecture	caching
Q354	캐시와 로깅		Security - 취약점	53	OX	EASY	캐시 키에 민감정보를 포함하면 로그나 모니터링 시스템을 통해 유출될 수 있다.	캐시 키는 디버깅 로그나 APM 트레이싱 태그에 남기 쉬워 유출 경로가 됩니다. 면접에서는 값뿐 아니라 키도 민감할 수 있다는 점을 알면 좋은 평가를 받습니다. 실무에서는 키에는 민감정보를 직접 넣지 않고, 해시나 내부 식별자로 대체합니다. 또한 로그 마스킹 정책을 적용해 민감정보가 남지 않도록 합니다. 관측 시스템은 편리하지만 보안 리스크가 될 수 있습니다.		O	TRUE	X	FALSE					caching	redis	security	observability
Q355	캐시와 스케일업 한계		Backend - 웹 서버 기초	17	OX	EASY	서버 한 대 성능을 올리는 스케일업만으로는 트래픽 증가에 한계가 있어 스케일아웃이 필요할 수 있다.	스케일업은 단일 서버 자원을 늘리지만 물리적 한계와 비용 문제가 있습니다. 면접에서는 스케일업과 스케일아웃의 차이를 기본으로 묻습니다. 실무에서는 스케일아웃으로 서버를 늘리면 상태 공유 문제가 생기고, 이때 Redis 같은 공유 저장소가 도움이 됩니다. 또한 로드밸런싱, 장애 격리, 롤링 배포 같은 운영 전략이 함께 필요합니다. 확장은 단순히 서버를 늘리는 것 이상입니다.		O	TRUE	X	FALSE					scaling	backend	redis	architecture
Q356	캐시와 데이터 최신성		Backend - 아키텍처 패턴	20	OX	EASY	캐시는 최신성이 항상 보장되는 계층이 아니므로, 중요한 검증은 DB 기준으로 하는 것이 안전할 수 있다.	캐시는 stale 가능성이 있으므로 권한, 결제 금액 검증 같은 중요한 로직은 DB 기준으로 처리하는 것이 안전합니다. 면접에서는 캐시 우회(bypass) 전략을 설명할 수 있으면 좋습니다. 실무에서도 핵심 경로는 캐시를 best-effort로 두고, 실패 시 폴백하거나 DB를 기준으로 검증합니다. 캐시는 속도를 위해 존재하지만, 정확성이 더 중요한 구간이 있습니다. “무엇을 캐싱하지 않을지”도 설계의 일부입니다.		O	TRUE	X	FALSE					caching	redis	consistency	backend
Q357	캐시와 메모리 관리		Database - NoSQL	27	OX	EASY	TTL이 없는 캐시 키가 계속 쌓이면 메모리 압박과 eviction 증가로 이어질 수 있다.	TTL 누락은 캐시 운영에서 흔한 사고 원인입니다. 면접에서는 TTL이 왜 중요한지 설명할 때 좋은 예시가 됩니다. 실무에서는 TTL이 없는 키가 쌓이면 메모리가 가득 차 eviction이 늘고, 히트율이 떨어지며 DB 부하가 증가할 수 있습니다. 또한 어떤 정책에서는 OOM으로 쓰기 실패가 날 수도 있습니다. TTL 누락을 모니터링하고 룰로 강제하는 것이 안전합니다.		O	TRUE	X	FALSE					caching	redis	memory	eviction
Q358	캐시 관측: p95/p99		Backend - 아키텍처 패턴	20	OX	EASY	캐시 문제 진단에서는 평균 지연보다 p95/p99 같은 상위 지연이 더 중요할 때가 많다.	평균은 일부 느린 요청을 숨길 수 있어 운영에서 한계가 있습니다. 면접에서는 p95/p99를 왜 보는지(사용자 체감, tail latency)를 설명하면 좋습니다. 실무에서는 Redis가 간헐적으로 느려지는 상황이 서비스 전체 SLO를 망가뜨릴 수 있어 상위 지연을 중요하게 봅니다. 또한 타임아웃과 함께 관측하면 장애 징후를 빠르게 잡을 수 있습니다. 캐시는 빠르지만 “꼬리 지연”이 문제를 만듭니다.		O	TRUE	X	FALSE					scaling	redis	monitoring	performance
Q359	캐시와 네트워크		Network - HTTP	31	OX	EASY	Redis 캐시는 DB보다 빠르더라도 네트워크 지연이 커지면 전체 응답이 느려질 수 있다.	Redis 접근은 네트워크 왕복(RTT)을 포함합니다. 면접에서는 “Redis도 멀면 느리다”는 현실 감각을 보기도 합니다. 실무에서는 같은 AZ/VPC에 두고, 연결 풀과 타임아웃을 적절히 잡아 지연을 줄입니다. 또한 캐시 호출을 과도하게 늘리면 네트워크 비용 자체가 병목이 될 수 있습니다. 캐시는 빠른 저장소지만 네트워크가 느리면 효과가 떨어집니다.		O	TRUE	X	FALSE					caching	redis	networking	performance
Q360	캐시 운영 규칙		Backend - 아키텍처 패턴	20	OX	EASY	캐시 운영에서는 키 설계, TTL 규칙, 모니터링을 함께 두는 것이 안정성에 도움이 된다.	캐시는 코드만 넣는다고 끝나지 않고 운영 규칙이 필요합니다. 면접에서는 캐시를 “운영 가능한 시스템”으로 설계하는지 봅니다. 실무에서는 키 네임스페이스, TTL 표준, 저장 조건, 무효화 이벤트, 모니터링 지표를 함께 관리합니다. 그래야 장애 시 빠르게 원인을 파악하고 대응할 수 있습니다. 캐시는 성능 레이어이면서 운영 리스크이므로 체계가 중요합니다.		O	TRUE	X	FALSE					caching	scaling	redis	operations
Q361	캐시(Cache)와 응답 속도		Backend - 아키텍처 패턴	20	OX	EASY	캐시를 쓰면 DB 대신 빠른 저장소에서 값을 가져와 응답 속도를 줄일 수 있다.	캐시는 느린 DB나 외부 API를 매번 호출하지 않도록 결과를 재사용해 응답 시간을 줄입니다. 면접에서는 “왜 캐시가 빨라지는가”를 간단히 설명할 수 있어야 합니다. 실무에서는 캐시 적중 시 DB 커넥션 사용량이 줄어 전체 처리량이 올라갈 수 있습니다. 다만 캐시 호출도 네트워크 비용이 있으므로, 너무 자주 쪼개 호출하면 오히려 느려질 수 있습니다. 또한 캐시 실패 시 폴백 설계가 없으면 가용성이 떨어질 수 있습니다. 캐시는 속도와 운영을 함께 보는 관점이 중요합니다.		O	TRUE	X	FALSE					caching	redis	performance	backend
Q362	캐시(Cache)와 비용 절감		Backend - 아키텍처 패턴	20	OX	EASY	캐시를 잘 적용하면 DB 부하가 줄어 인프라 비용 절감에도 도움이 될 수 있다.	DB는 보통 확장 비용이 크고 병목이 되기 쉬워 캐시가 비용 절감에 효과적일 수 있습니다. 면접에서는 캐시가 단순 성능뿐 아니라 비용과도 연결된다는 점을 말하면 좋습니다. 실무에서는 히트율이 올라가면 DB read 트래픽과 커넥션 부담이 줄어 인스턴스 스펙을 낮출 수도 있습니다. 다만 Redis 자체 운영 비용도 있으므로 트레이드오프를 따져야 합니다. 캐시는 “비용을 옮기는” 선택이기도 합니다. 그래서 모니터링과 용량 계획이 중요합니다.		O	TRUE	X	FALSE					caching	scaling	redis	cost
Q363	캐시와 데이터 변경		Backend - 아키텍처 패턴	20	OX	EASY	데이터가 자주 바뀌는 경우 캐시 무효화 비용이 커져 캐시 효과가 줄어들 수 있다.	변경이 잦으면 캐시는 자주 무효화되거나 갱신되어 재사용성이 떨어집니다. 면접에서는 “어떤 데이터는 캐시가 안 맞을 수 있다”는 판단력을 봅니다. 실무에서는 변경이 잦은 데이터는 캐시 TTL을 짧게 하거나, 아예 캐시를 피하고 DB 최적화로 해결하기도 합니다. 반대로 읽기만 많고 변경이 적은 데이터는 캐시 효율이 매우 높습니다. 결국 캐시 적합성은 읽기-쓰기 비율과 정합성 요구에 달려 있습니다.		O	TRUE	X	FALSE					caching	redis	cache_strategy	consistency
Q364	캐시 키에 버전(prefix)		Backend - 아키텍처 패턴	20	OX	EASY	캐시 키에 버전(prefix)을 넣으면 대규모 무효화를 안전하게 처리하는 데 도움이 될 수 있다.	버저닝은 old 캐시와 new 캐시를 격리해 복구를 쉽게 하는 운영 기법입니다. 면접에서는 FLUSHALL 같은 위험한 접근 대신, 버전 전환으로 점진적으로 캐시를 교체하는 방법을 말하면 좋은 평가를 받습니다. 실무에서는 배포 시 prefix를 바꾸면 새 캐시가 채워지고, 기존 캐시는 TTL로 자연 소멸하게 할 수 있습니다. 즉시 대량 미스 폭주를 줄이는 데도 도움이 됩니다. 단, 버전 전환은 캐시 히트율이 일시적으로 떨어질 수 있어 보호 장치가 필요합니다.		O	TRUE	X	FALSE					caching	redis	operations	resilience
Q365	캐시와 페이징 결과		Backend - 아키텍처 패턴	20	OX	EASY	페이징 목록 API는 page와 size 같은 파라미터를 키에 포함하지 않으면 캐시 오염이 생길 수 있다.	목록 API는 파라미터에 따라 결과가 달라지므로 키에 조건을 반영해야 합니다. 면접에서는 키 설계에서 “응답을 결정하는 모든 조건”을 포함하라는 기본 원칙을 확인합니다. 실무에서는 page, size, sort, filter, locale, user scope 등을 누락하면 잘못된 결과가 섞일 수 있습니다. 반대로 조건을 너무 많이 넣으면 키가 폭발해 히트율이 낮아질 수 있어 균형이 필요합니다. 페이징 캐시는 특히 키 설계가 중요합니다.		O	TRUE	X	FALSE					caching	redis	key_design	backend
Q366	Redis Hash 용도		Database - NoSQL	27	OX	EASY	Redis Hash는 객체의 여러 필드 값을 한 키 아래에 저장하는 데 유용하다.	Hash는 한 키에 여러 필드를 저장할 수 있어 프로필/설정 같은 구조적 데이터를 담기에 편리합니다. 면접에서는 Redis 자료구조별 용도를 기본 수준에서 묻는 경우가 있습니다. 실무에서는 객체 전체를 JSON으로 저장하는 방식도 있지만, 필드 단위 업데이트가 필요하면 Hash가 더 유리할 수 있습니다. 다만 너무 큰 Hash는 운영 리스크가 될 수 있어 크기 관리가 필요합니다. 어떤 구조를 고를지에 따라 메모리와 성능이 달라집니다.		O	TRUE	X	FALSE					redis	nosql	caching	data_structure
Q367	Redis Set 특징		Database - NoSQL	27	OX	EASY	Redis Set은 중복 없이 요소를 저장하고 포함 여부 체크에 활용할 수 있다.	Set은 중복을 제거하고 membership 체크에 유용합니다. 면접에서는 Set이 List와 다른 점(중복 없음, 순서 없음)을 구분할 수 있는지 봅니다. 실무에서는 사용자 태그 집합, 좋아요한 아이템 집합, 중복 방지 등에 활용할 수 있습니다. 다만 요소 수가 너무 커지면 메모리 사용량이 늘 수 있어 관리가 필요합니다. 자료구조 선택은 캐싱뿐 아니라 기능 구현에도 영향을 줍니다.		O	TRUE	X	FALSE					redis	nosql	caching	set
Q368	Redis List와 큐		Database - NoSQL	27	OX	EASY	Redis List는 간단한 큐처럼 push/pop 패턴으로 사용할 수 있다.	List는 양쪽에서 push/pop이 가능해 간단한 큐처럼 사용될 수 있습니다. 면접에서는 List의 기본 연산과 활용 예를 묻기도 합니다. 실무에서는 신뢰성 있는 메시징이 필요하면 전문 메시지 브로커를 쓰는 경우가 많지만, 단순 작업 큐나 임시 버퍼로는 Redis List가 쓰이기도 합니다. 다만 장애/재처리 요구가 크면 Streams나 Kafka 같은 대안을 고려합니다. Redis는 “용도 적합성” 판단이 중요합니다.		O	TRUE	X	FALSE					redis	nosql	scaling	queue
Q369	캐시와 N 1 문제		Backend - 아키텍처 패턴	20	OX	EASY	캐시를 도입해도 요청이 캐시 키를 너무 잘게 쪼개면 오히려 호출 횟수가 늘어 느려질 수 있다.	캐시는 빠르지만 호출 횟수가 과도하게 늘면 네트워크 왕복과 직렬화 비용이 누적됩니다. 면접에서는 캐시도 “N+1” 비슷한 문제가 생길 수 있다는 관점을 보여주면 좋습니다. 실무에서는 필요한 데이터를 한 번에 가져오도록 키를 설계하거나, bulk API(MGET/파이프라인)를 활용해 왕복을 줄입니다. 캐시는 저장소가 아니라 네트워크 호출이라는 점을 잊으면 안 됩니다. 결국 호출 패턴까지 최적화해야 효과가 큽니다.		O	TRUE	X	FALSE					caching	redis	performance	scaling
Q370	Pipeline 개념		Backend - 아키텍처 패턴	20	OX	EASY	Redis pipeline은 여러 명령을 한 번에 보내 네트워크 왕복 횟수를 줄이는 데 도움이 된다.	pipeline은 여러 명령을 한 연결에서 연속으로 보내 RTT 비용을 줄이는 기법입니다. 면접에서는 pipeline이 “원자성”을 보장하지 않는다는 점이 추가 질문으로 나올 수 있습니다. 실무에서는 다수 키를 처리할 때 pipeline이나 MGET을 활용해 성능을 개선합니다. 단, 너무 큰 pipeline은 응답 지연이나 메모리 사용을 늘릴 수 있어 크기 조절이 필요합니다. pipeline은 네트워크 최적화에 초점이 있습니다.		O	TRUE	X	FALSE					scaling	redis	performance	networking
Q371	캐시와 JSON 직렬화		Backend - 아키텍처 패턴	20	OX	EASY	JSON으로 캐시 값을 저장하면 언어 간 호환이 쉽지만 직렬화 비용이 생길 수 있다.	JSON은 범용 포맷이라 여러 서비스/언어가 공유하기 쉽습니다. 면접에서는 포맷 선택의 장단점을 설명할 수 있으면 좋습니다. 실무에서는 JSON이 편하지만, 직렬화/역직렬화 비용과 payload 크기가 커질 수 있어 성능에 영향을 줍니다. 그래서 MessagePack, protobuf 같은 바이너리 포맷을 고려하기도 합니다. 어떤 포맷이든 운영에서 “성능과 디버깅”의 균형을 잡는 것이 중요합니다.		O	TRUE	X	FALSE					caching	redis	serialization	backend
Q372	캐시와 압축 선택		Backend - 아키텍처 패턴	20	OX	EASY	캐시 압축은 네트워크와 메모리를 줄일 수 있지만 CPU 비용이 늘어날 수 있다.	압축은 크기를 줄여 전송 시간과 메모리 사용량을 줄일 수 있습니다. 면접에서는 “병목이 어디인지”에 따라 압축이 득이 될 수도, 독이 될 수도 있음을 설명하면 좋습니다. 실무에서는 payload가 충분히 크고 네트워크가 병목일 때 효과가 큽니다. 반대로 payload가 작거나 CPU가 이미 바쁘면 오히려 느려질 수 있습니다. 보통 크기 임계값을 두고 선택적으로 적용합니다.		O	TRUE	X	FALSE					scaling	redis	performance	compression
Q373	캐시와 레이스 컨디션		Backend - 아키텍처 패턴	20	OX	EASY	캐시 갱신과 조회가 동시에 일어나면 오래된 값이 다시 캐시에 들어가는 레이스가 발생할 수 있다.	캐시 무효화/갱신은 동시에 요청이 들어올 때 레이스가 생기기 쉽습니다. 면접에서는 “삭제 후 재생성” 경쟁이 캐시 정합성을 깨뜨릴 수 있다는 점을 말하면 좋습니다. 실무에서는 afterCommit 무효화, 더블 삭제, 버전 비교, 락(singleflight) 같은 보완책을 씁니다. 레이스는 테스트에서 잘 안 보이고 운영에서 터지기 쉬워 더 위험합니다. 그래서 캐시 갱신 정책은 단순히 set/del이 아니라 트랜잭션 흐름까지 고려해야 합니다.		O	TRUE	X	FALSE					caching	redis	race_condition	consistency
Q374	캐시와 장애 전파		Backend - 아키텍처 패턴	20	OX	EASY	Redis가 느려지면 캐시 호출이 많은 API부터 먼저 영향받을 수 있다.	Redis는 공용 의존성이기 때문에 느려지면 많은 API가 동시에 영향을 받을 수 있습니다. 면접에서는 “공유 인프라 장애가 어떻게 전파되는가”를 설명할 수 있으면 좋습니다. 실무에서는 캐시 호출을 줄이거나, 캐시를 best-effort로 만들고 타임아웃을 짧게 두며, 폴백과 기능 저하를 설계합니다. 또한 특정 기능만 Redis에 의존하도록 격리하는 것도 방법입니다. 캐시는 성능 레이어이지만 장애 전파 경로가 될 수 있습니다.		O	TRUE	X	FALSE					scaling	redis	resilience	backend
Q375	캐시와 SLO		Backend - 아키텍처 패턴	20	OX	EASY	캐시가 핵심 경로에 들어가면 캐시의 지연과 오류율도 서비스 SLO에 직접 영향을 줄 수 있다.	캐시가 “있으면 좋은” 수준을 넘어 “없으면 안 되는” 수준이 되면 의존성이 강해집니다. 면접에서는 이런 상황에서 타임아웃, 서킷 브레이커, degrade를 왜 넣는지 설명해야 합니다. 실무에서는 캐시가 느려도 전체 트랜잭션이 멈추지 않도록 격리합니다. 또한 캐시의 지연과 오류율을 SLO 지표로 관측해 운영 품질을 관리합니다. 캐시는 성능 향상 수단이지만, 의존성이 커질수록 운영 난이도가 올라갑니다.		O	TRUE	X	FALSE					scaling	redis	slo	reliability
Q376	캐시와 분산 환경		Backend - 아키텍처 패턴	20	OX	EASY	여러 서버가 같은 Redis 캐시를 쓰면 서로 공유된 캐시 상태를 이용할 수 있다.	공유 캐시는 스케일아웃 환경에서 서버들이 동일한 캐시를 바라보게 해줍니다. 면접에서는 로컬 캐시와 공유 캐시의 차이를 구분할 수 있어야 합니다. 실무에서는 공유 캐시 덕분에 서버가 바뀌어도 캐시 효과가 유지되지만, 그만큼 Redis가 병목/단일 장애점이 될 수 있어 설계가 중요합니다. 또한 키 설계가 잘못되면 여러 서버가 동시에 같은 키를 두드려 스탬피드가 생길 수 있습니다. 공유는 편리하지만 운영 부담도 함께 옵니다.		O	TRUE	X	FALSE					caching	redis	scaling	architecture
Q377	캐시와 데이터 소스		Backend - 아키텍처 패턴	20	OX	EASY	캐시를 쓰더라도 최종 데이터의 기준(Source of Truth)은 보통 DB에 둔다.	캐시는 틀릴 수 있는 성능 계층이라 최종 기준을 DB에 두는 것이 안전합니다. 면접에서는 Source of Truth 개념을 이해하는지 묻기도 합니다. 실무에서는 DB의 제약조건과 트랜잭션을 통해 정합성을 보장하고, 캐시는 이를 빠르게 전달하는 보조 역할을 합니다. 캐시가 깨졌을 때도 DB에서 재생성할 수 있어야 복구가 쉽습니다. 캐시를 DB처럼 믿으면 장애 시 데이터 사고로 이어질 수 있습니다.		O	TRUE	X	FALSE					caching	redis	database	consistency
Q378	캐시와 권한 캐싱 주의		Security - 인증/인가	52	OX	EASY	권한 체크 결과를 캐싱할 때는 사용자와 스코프를 구분하지 않으면 보안 사고로 이어질 수 있다.	권한 캐싱은 성능에 도움될 수 있지만, 잘못하면 다른 사용자에게 권한 결과가 섞일 수 있습니다. 면접에서는 “캐시가 보안을 깨뜨릴 수 있다”는 대표 사례로 권한 캐싱을 자주 듭니다. 실무에서는 userId, role, scope, tenantId를 키에 포함하고 TTL을 짧게 두는 경우가 많습니다. 또한 권한 변경 이벤트가 있을 때 무효화가 제대로 되는지도 중요합니다. 민감한 경로는 캐시를 피하거나 이중 검증을 두기도 합니다.		O	TRUE	X	FALSE					caching	redis	authorization	security
Q379	캐시 키 폭발		Backend - 아키텍처 패턴	20	OX	EASY	캐시 키가 너무 세분화되면 히트율이 떨어지고 메모리 사용량이 늘 수 있다.	키가 지나치게 세분화되면 거의 재사용되지 않아 캐시 효율이 떨어집니다. 면접에서는 키 설계에서 “분기 조건을 어디까지 포함할 것인가”를 고민할 수 있는지 봅니다. 실무에서는 불필요한 조건을 키에 넣지 않도록 정규화하고, 캐시 가치가 낮은 요청은 캐싱을 하지 않기도 합니다. 키 폭발은 메모리 압박과 eviction 증가로 이어질 수 있습니다. 캐시는 저장량보다 “재사용”이 핵심이라는 점을 기억하면 도움이 됩니다.		O	TRUE	X	FALSE					caching	redis	key_design	memory
Q380	캐시 운영의 기본 수칙		Backend - 아키텍처 패턴	20	OX	EASY	캐시 설계에서는 “무효화, TTL, 폴백, 모니터링”을 함께 고려하는 것이 안전하다.	캐시는 단일 기법이 아니라 운영 전략의 묶음입니다. 면접에서는 캐시를 도입할 때 무엇을 준비할지 묻는데, 이 네 가지를 말하면 안정적인 답변이 됩니다. 실무에서도 무효화 실패를 대비해 TTL을 두고, 캐시 장애를 대비해 폴백/기능 저하를 설계하며, 문제를 빨리 알아채기 위해 모니터링을 합니다. 이 중 하나라도 빠지면 운영 장애가 생길 가능성이 커집니다. 캐시는 “성능”이 아니라 “시스템 설계” 문제로 접근해야 합니다.		O	TRUE	X	FALSE					caching	scaling	redis	operations
Q381	Redis 캐시와 DB 부하		Backend - 아키텍처 패턴	20	OX	EASY	Redis 캐시를 적용하면 동일 조회가 반복될 때 DB 부하를 줄이는 데 도움이 될 수 있다.	Redis 캐시는 동일한 데이터 조회가 반복될 때 DB 호출을 줄여 전체 부하를 낮출 수 있습니다. 면접에서는 캐시가 어떤 상황에서 효과가 큰지(읽기 많음, 재사용 가능) 설명할 수 있어야 합니다. 실무에서는 캐시 히트가 늘면 DB 커넥션 풀 여유가 생기고 응답 시간도 줄어드는 경우가 많습니다. 다만 캐시가 항상 이득은 아니며, 키 설계와 TTL이 맞지 않으면 히트율이 낮아져 효과가 약합니다. 또한 캐시 장애 시 DB로 트래픽이 몰릴 수 있어 보호 장치가 필요합니다.		O	TRUE	X	FALSE					caching	redis	performance	backend
Q382	캐시와 읽기 스케일링		Backend - 아키텍처 패턴	20	OX	EASY	캐시는 읽기 트래픽을 분산시키는 읽기 스케일링 전략 중 하나로 볼 수 있다.	읽기 트래픽이 많을 때 캐시는 DB 대신 빠른 계층에서 응답하게 해 병목을 완화합니다. 면접에서는 스케일링 전략에서 캐시가 어떤 역할을 하는지 설명하는 문제가 나옵니다. 실무에서는 캐시가 히트하면 DB read가 줄어들어 처리량이 높아질 수 있습니다. 다만 캐시 서버 자체가 병목이 될 수 있어 연결 풀과 네트워크 지연도 같이 관리해야 합니다. 캐시는 “스케일링의 한 축”이지 단독 해결책은 아닙니다.		O	TRUE	X	FALSE					scaling	redis	caching	architecture
Q383	캐시와 쓰기 성능		Backend - 아키텍처 패턴	20	OX	EASY	캐시를 도입하면 쓰기 성능도 항상 자동으로 좋아진다.	캐시는 주로 읽기 성능 개선에 강점이 있고, 쓰기 성능은 패턴에 따라 달라집니다. 면접에서는 캐시가 읽기 최적화라는 점을 분명히 하는 것이 중요합니다. 실무에서는 write-through나 write-back을 쓰면 쓰기 경로가 오히려 복잡해지고 비용이 늘 수도 있습니다. 또한 캐시 무효화/갱신이 추가되면 쓰기 처리량이 제한될 수 있습니다. 따라서 캐시는 “항상 쓰기도 좋아진다”가 아니라, 사용 목적과 설계에 따라 다릅니다.		O	FALSE	X	TRUE					caching	redis	write_path	backend
Q384	TTL 없는 캐시 위험		Database - NoSQL	27	OX	EASY	TTL이 없는 캐시 키는 시간이 지나면서 계속 쌓여 메모리 문제를 만들 수 있다.	TTL이 없으면 캐시가 영구 데이터처럼 쌓이게 되어 메모리 압박과 eviction 증가를 유발할 수 있습니다. 면접에서는 TTL이 왜 필수 운영 규칙인지 묻는 경우가 많습니다. 실무에서는 TTL 누락이 흔한 장애 원인이며, 키 카디널리티가 높으면 더 빠르게 문제가 발생합니다. 또한 메모리가 가득 차면 쓰기 실패나 지연이 생길 수 있어 위험합니다. 그래서 TTL 규칙을 표준화하거나 lint처럼 강제하는 팀도 많습니다.		O	TRUE	X	FALSE					caching	redis	ttl	memory
Q385	캐시와 키 카디널리티		Backend - 아키텍처 패턴	20	OX	EASY	요청 조건이 너무 다양하면 캐시 키 수가 폭발해 히트율이 떨어질 수 있다.	캐시 키가 너무 많아지면 재사용이 줄어들고 메모리만 늘어나는 문제가 생깁니다. 면접에서는 “키 카디널리티” 관점으로 캐시 효율을 설명할 수 있으면 좋습니다. 실무에서는 불필요한 조건을 키에서 제거하거나, 정규화해서 같은 의미의 요청이 같은 키를 쓰게 합니다. 캐시 가치가 낮은 요청은 캐싱하지 않는 것도 방법입니다. 결국 캐시는 “재사용”을 목표로 설계해야 합니다.		O	TRUE	X	FALSE					caching	redis	key_design	performance
Q386	캐시와 사용자별 데이터		Security - 인증/인가	52	OX	EASY	사용자별로 응답이 달라지는 API는 userId를 키에 포함하지 않으면 데이터가 섞일 수 있다.	사용자별 데이터는 캐시 오염과 보안 사고로 바로 이어질 수 있습니다. 면접에서는 키 설계에서 “응답을 결정하는 요소”를 빠뜨리면 안 된다고 강조합니다. 실무에서는 userId, tenantId, role 같은 요소를 키에 반영하거나 민감 데이터는 캐시를 우회합니다. 또한 로그/트레이싱에서 키가 노출되지 않도록 민감정보를 키에 넣지 않는 규칙도 중요합니다. 캐시는 공유되기 쉽기 때문에 설계가 곧 안전성입니다.		O	TRUE	X	FALSE					caching	redis	security	key_design
Q387	캐시와 다국어(locale)		Backend - 웹 서버 기초	17	OX	EASY	다국어 응답이 있는 경우 locale을 키에 포함하지 않으면 다른 언어가 섞여 반환될 수 있다.	locale은 응답 내용을 바꾸는 중요한 조건입니다. 면접에서는 “키에 어떤 요소를 포함해야 하는가” 질문에서 locale이 단골 예시로 등장합니다. 실무에서는 Accept-Language 헤더, 사용자 설정 언어, 지역화된 가격/통화 같은 조건을 캐시 키에 반영해야 합니다. 그렇지 않으면 캐시가 섞여 사용자 경험이 망가질 수 있습니다. 캐시 키는 “응답 결정 요소를 빠짐없이” 담는 것이 핵심입니다.		O	TRUE	X	FALSE					caching	redis	key_design	backend
Q388	캐시와 정렬(sort) 조건		Backend - 아키텍처 패턴	20	OX	EASY	같은 목록 API라도 정렬 기준이 다르면 캐시 키도 달라야 한다.	정렬 기준이 바뀌면 결과가 달라지므로 키를 분리해야 오염이 없습니다. 면접에서는 키 설계에서 sort/filter 조건을 다루는 문제가 자주 나옵니다. 실무에서는 sort, filter, page 같은 조건을 키에 포함하되, 너무 많은 조합이 생기면 키 폭발이 생길 수 있어 균형이 필요합니다. 경우에 따라 “정렬은 캐싱하지 않는다”처럼 정책을 두기도 합니다. 캐시는 무조건 적용이 아니라 전략입니다.		O	TRUE	X	FALSE					caching	redis	key_design	performance
Q389	캐시와 페이징(page)		Backend - 아키텍처 패턴	20	OX	EASY	페이징 결과를 캐싱한다면 page와 size를 키에 포함하는 것이 안전하다.	페이징은 결과의 범위를 바꾸므로 키에 반영해야 합니다. 면접에서는 page/size가 누락되면 오염된 결과가 반환된다는 점을 설명할 수 있어야 합니다. 실무에서는 page가 커질수록 재사용성이 낮아 캐시 가치가 떨어지기도 합니다. 그래서 상위 몇 페이지만 캐싱하거나, 첫 페이지 위주로 캐싱하는 전략을 쓰기도 합니다. 페이징 캐시는 “어디까지 캐싱할지”가 성능과 비용을 좌우합니다.		O	TRUE	X	FALSE					caching	redis	caching	backend
Q390	Redis와 네트워크 비용		Network - 네트워크 기초	29	OX	EASY	Redis는 빠르지만 네트워크 왕복 시간이 커지면 응답 지연이 늘어날 수 있다.	Redis가 메모리 기반이라도 네트워크로 접근하면 RTT 비용이 생깁니다. 면접에서는 “Redis도 멀면 느리다”는 현실 감각을 보여주면 좋습니다. 실무에서는 같은 AZ에 두고 연결 풀과 타임아웃을 최적화합니다. 또한 캐시 호출을 과도하게 잘게 쪼개면 네트워크 비용이 누적되어 느려질 수 있습니다. 캐시는 저장소 최적화뿐 아니라 호출 패턴 최적화까지 포함합니다.		O	TRUE	X	FALSE					scaling	redis	networking	performance
Q391	캐시와 타임아웃		Backend - 아키텍처 패턴	20	OX	EASY	Redis 호출 타임아웃을 너무 길게 두면 애플리케이션 스레드가 오래 대기해 전체 지연이 커질 수 있다.	캐시는 빠를 때만 가치가 크기 때문에 타임아웃을 짧게 두는 경우가 많습니다. 면접에서는 타임아웃이 왜 중요한지 설명해야 합니다. 실무에서는 타임아웃이 길면 요청 스레드가 대기하며 스레드 풀이 고갈될 수 있습니다. 그래서 캐시는 “빠르게 실패하고 폴백”하는 패턴이 자주 쓰입니다. 물론 너무 짧으면 정상 요청도 실패할 수 있어 적정값 튜닝이 필요합니다.		O	TRUE	X	FALSE					scaling	redis	timeout	resilience
Q392	캐시와 서킷 브레이커		Backend - 아키텍처 패턴	20	OX	EASY	Redis 장애가 반복될 때 서킷 브레이커를 사용하면 장애 전파를 줄이는 데 도움이 될 수 있다.	서킷 브레이커는 실패가 반복되는 의존성을 빠르게 차단해 연쇄 지연을 막습니다. 면접에서는 캐시 장애가 전체 서비스 장애로 번지는 것을 막는 방법으로 자주 언급됩니다. 실무에서는 일정 실패율을 넘으면 캐시 호출을 잠시 끊고 DB 폴백 또는 기능 저하로 전환합니다. 다만 무조건 DB로 몰리면 위험하므로 레이트리밋과 함께 써야 안전합니다. 캐시 안정성은 복원력 패턴과 함께 설계됩니다.		O	TRUE	X	FALSE					scaling	redis	resilience	circuit_breaker
Q393	캐시와 모니터링		Backend - 아키텍처 패턴	20	OX	EASY	캐시 운영에서는 히트율만 보지 말고 eviction과 지연시간도 함께 봐야 한다.	히트율이 높아도 지연이 크면 사용자 체감은 나쁠 수 있습니다. 면접에서는 어떤 지표로 캐시 문제를 찾는지 묻기도 합니다. 실무에서는 hit/miss, p95/p99 latency, timeout, eviction rate, memory usage, connection pool wait를 봅니다. eviction이 늘면 미스가 늘어 DB 부하가 올라갈 수 있어 조기 경고로 유용합니다. 운영은 결국 관측 가능성이 핵심입니다.		O	TRUE	X	FALSE					caching	redis	monitoring	performance
Q394	캐시와 배포 직후 미스		Backend - 아키텍처 패턴	20	OX	EASY	배포 직후 캐시 키 버저닝이 바뀌면 히트율이 일시적으로 떨어질 수 있다.	키 버전이 바뀌면 기존 캐시를 재사용하지 못해 미스가 늘 수 있습니다. 면접에서는 캐시 버저닝이 안전하지만 비용이 있다는 트레이드오프를 말하면 좋습니다. 실무에서는 배포 직후 DB 부하를 막기 위해 워밍, 레이트리밋, 점진 롤아웃을 함께 사용합니다. 버저닝은 FLUSHALL보다 안전하지만, “미스 폭증”을 감안한 운영 설계가 필요합니다. 배포와 캐시는 강하게 연결됩니다.		O	TRUE	X	FALSE					caching	redis	deployment	scaling
Q395	캐시 워밍(prewarm)		Backend - 아키텍처 패턴	20	OX	EASY	캐시 워밍은 배포 직후 핫키를 미리 채워 DB 부하 급증을 줄이는 데 도움이 될 수 있다.	워밍은 배포 직후 미스 폭발을 줄이는 데 효과가 있을 수 있습니다. 면접에서는 워밍의 목적과 주의점(너무 많이 워밍하면 오히려 부하)을 설명할 수 있어야 합니다. 실무에서는 트래픽 상위 핫키나 DB 비용이 큰 결과 위주로 제한적으로 워밍합니다. 또한 워밍 작업도 레이트리밋/분산 실행으로 폭주를 막습니다. 워밍은 “선택적으로” 해야 안전합니다.		O	TRUE	X	FALSE					scaling	redis	warming	caching
Q396	캐시와 음수 캐싱		Backend - 아키텍처 패턴	20	OX	EASY	존재하지 않는 값에 대해 짧은 TTL로 캐싱하는 것을 네거티브 캐싱이라고 한다.	네거티브 캐싱은 존재하지 않는 조회가 반복될 때 DB 부하를 줄이는 방법입니다. 면접에서는 cache penetration 대응으로 자주 등장합니다. 실무에서는 짧은 TTL을 둬서 “잠깐만” DB 조회를 막고, 실제 데이터가 생성될 가능성을 고려해 너무 길게 두지 않습니다. 또한 권한 없는 응답을 캐싱할 때는 사용자 스코프를 반드시 분리해야 합니다. 네거티브 캐싱은 효과가 크지만 설계가 섬세해야 합니다.		O	TRUE	X	FALSE					caching	redis	penetration	backend
Q397	Redis와 세션 공유		Backend - 웹 서버 기초	17	OX	EASY	여러 서버가 있는 환경에서 Redis 세션 저장소를 쓰면 서버가 바뀌어도 로그인 상태 유지에 도움이 된다.	세션을 서버 로컬 메모리에 두면 다른 서버로 라우팅될 때 세션을 못 찾아 문제가 생깁니다. 면접에서는 스케일아웃 시 세션 공유 방법으로 Redis를 자주 언급합니다. 실무에서는 세션 TTL과 보안 설정(세션 탈취 방지), Redis 장애 시 로그인 영향 범위를 고려합니다. 또한 세션과 캐시 워크로드를 분리하면 장애 전파를 줄일 수 있습니다. Redis 세션은 스케일링에서 자주 쓰이는 패턴입니다.		O	TRUE	X	FALSE					scaling	redis	session	backend
Q398	캐시와 데이터 압축		Backend - 아키텍처 패턴	20	OX	EASY	캐시 데이터 압축은 메모리 사용량을 줄일 수 있지만 CPU 사용량이 늘 수 있다.	압축은 메모리와 네트워크를 절약할 수 있지만, 압축/해제 CPU 비용이 생깁니다. 면접에서는 병목이 CPU인지 네트워크인지 판단하는 능력을 봅니다. 실무에서는 payload가 큰 경우에만 선택적으로 압축하거나 임계값을 둡니다. 또한 압축률이 낮은 데이터는 오히려 손해일 수 있습니다. 캐시 최적화는 “균형”이 핵심입니다.		O	TRUE	X	FALSE					caching	redis	compression	performance
Q399	캐시와 장애 시 기능 저하		Backend - 아키텍처 패턴	20	OX	EASY	캐시 장애 시에는 부가 기능을 끄고 핵심 기능만 유지하는 기능 저하 전략이 유용할 수 있다.	캐시 장애 시 모든 트래픽을 DB로 폴백하면 DB가 터질 수 있습니다. 면접에서는 서비스 생존을 위한 degrade 전략을 말하면 좋습니다. 실무에서는 추천/랭킹/통계 같은 부가 기능을 일시적으로 비활성화하고, 핵심 기능만 제한적으로 폴백합니다. 또한 레이트리밋과 서킷 브레이커로 보호 장치를 둡니다. 장애 시 “전체 정상”보다 “핵심 유지”가 현실적입니다.		O	TRUE	X	FALSE					scaling	redis	resilience	architecture
Q400	캐시 설계 핵심 요약		Backend - 아키텍처 패턴	20	OX	EASY	캐시 설계의 핵심은 키 설계, TTL, 무효화, 폴백, 모니터링을 함께 갖추는 것이다.	캐시는 단순히 저장하고 끝이 아니라 운영 설계가 함께 필요합니다. 면접에서는 이 다섯 가지를 균형 있게 말하면 안정적인 답변이 됩니다. 실무에서도 키가 잘못되면 오염, TTL이 없으면 메모리 문제, 무효화가 없으면 stale, 폴백이 없으면 가용성 저하, 모니터링이 없으면 원인 파악 불가로 이어집니다. 그래서 캐시는 “세트로 설계”하는 것이 중요합니다. 캐시는 성능 최적화이면서 운영 기술입니다.		O	TRUE	X	FALSE					caching	scaling	redis	operations
Q401	Redis Pipelining과 RTT		Network - 네트워크 기초	29	OX	EASY	Redis 파이프라이닝을 쓰면 네트워크 왕복(RTT)이 늘어 호출이 더 느려진다.	파이프라이닝(Pipelining)은 여러 Redis(Redis) 명령을 한 번에 보내 RTT(Round Trip Time) 비용을 줄이는 기법입니다. 호출을 잘게 쪼개면 네트워크 왕복이 누적되어 지연이 커지므로, 면접에서는 “Redis도 네트워크가 병목”이라는 관점을 보여주면 좋습니다. 실무에서는 다건 조회를 MGET이나 파이프라이닝으로 묶어 지연을 줄이고, 커넥션 풀 설정과 타임아웃 튜닝도 함께 봅니다. 단, 파이프라인에 너무 많은 명령을 쌓으면 응답 지연이 커질 수 있어 적절한 배치 크기를 잡아야 합니다. 캐싱·스케일링(Redis)은 호출 패턴 최적화까지 포함합니다.		O	FALSE	X	TRUE					scaling	redis	networking	performance
Q402	MGET과 호출 최적화		Backend - 아키텍처 패턴	20	OX	EASY	여러 키를 조회할 때 MGET을 쓰면 네트워크 호출 횟수가 증가한다.	MGET(MGET)은 여러 키를 한 번에 가져와 네트워크 호출 수를 줄이는 명령입니다. 면접에서는 “캐시가 빨라도 호출을 많이 하면 느려진다”는 현실적인 포인트가 자주 나옵니다. 실무에서는 다건 조회가 필요한 화면에서 개별 GET을 반복하면 RTT가 누적되니, MGET/파이프라이닝으로 묶는 최적화가 효과적입니다. 다만 Redis Cluster에서는 멀티키가 슬롯 제약을 받을 수 있어 키 설계(키 태그)까지 연결됩니다. 캐싱·스케일링(Redis)은 명령 선택과 키 설계를 함께 봐야 합니다.		O	FALSE	X	TRUE					caching	redis	networking	scaling
Q403	Redis는 멀티스레드 서버		DevOps / Cloud - 인프라 구성 요소	34	OX	EASY	Redis는 모든 명령을 여러 스레드가 동시에 처리하는 멀티스레드 서버라서 락이 거의 필요 없다.	Redis(Redis)는 전통적으로 단일 스레드 이벤트 루프 기반으로 명령을 처리해, 한 명령이 오래 걸리면 전체 지연이 커질 수 있습니다. 면접에서는 “big key, 느린 명령이 위험한 이유”를 이 관점에서 설명하면 좋습니다. 실무에서는 큰 삭제/스캔 같은 작업이 메인 루프를 오래 점유하지 않도록 주의하고, 네트워크 I/O나 모듈 등 일부 영역에서 스레드가 쓰일 수 있더라도 핵심 처리 모델은 단일 스레드 특성을 이해해야 합니다. 그래서 명령의 비용과 호출 패턴이 중요해집니다. 캐싱·스케일링(Redis)은 ‘빠른 명령을 짧게’라는 원칙을 지키는 것이 핵심입니다.		O	FALSE	X	TRUE					redis	caching	scaling	performance
Q404	Redis는 항상 영속 저장소		Database - NoSQL	27	OX	EASY	Redis는 영속 DB이므로 재시작해도 데이터가 100퍼센트 동일하게 보존된다.	Redis(Redis)는 주로 메모리 기반(In-Memory)으로 사용되고, 영속화(Persistence)를 켜더라도 설정과 장애 상황에 따라 일부 데이터 유실 가능성이 있습니다. 면접에서는 캐시로 쓸 때 “데이터는 날아가도 서비스는 버틴다”는 설계가 중요하다는 점을 확인합니다. 실무에서는 RDB/AOF 설정, fsync 정책에 따라 성능과 내구성 트레이드오프가 달라집니다. 따라서 Redis를 ‘정확한 원본 데이터 저장소’로 가정하면 위험합니다. 캐싱·스케일링(Redis)은 내구성보다 성능/가용성 설계가 중심인 경우가 많습니다.		O	FALSE	X	TRUE					caching	redis	scaling	persistence
Q405	TTL이 있으면 정합성 해결		Backend - 아키텍처 패턴	20	OX	EASY	TTL만 설정하면 캐시 정합성 문제는 완전히 사라진다.	TTL(Time To Live)은 캐시(Cache)가 오래된 값을 영원히 들고 있지 않게 도와주지만, 정합성(consistency)을 완전히 해결하진 못합니다. 면접에서는 TTL과 캐시 무효화(Cache Invalidation)의 역할 차이를 구분하는지 자주 봅니다. 실무에서는 데이터 변경 시점과 TTL 만료 시점 사이에 스테일(stale)이 발생할 수 있어, 업데이트 후 캐시 삭제/갱신 정책이 필요합니다. 또한 TTL이 너무 길면 스테일 위험이 커지고, 너무 짧으면 미스가 늘어 DB 부하가 증가합니다. 캐싱·스케일링(Redis)은 TTL과 무효화를 세트로 설계합니다.		O	FALSE	X	TRUE					caching	redis	scaling	consistency
Q406	캐시 무효화는 위험 없다		Backend - 아키텍처 패턴	20	OX	EASY	캐시 무효화는 언제나 안전해서 데이터 경합이나 레이스 컨디션이 생길 일이 없다.	캐시 무효화(Cache Invalidation)는 정합성을 위해 필요하지만, 레이스 컨디션(race condition)과 타이밍 이슈가 생길 수 있습니다. 면접에서는 “DB 업데이트와 캐시 삭제 순서”를 어떻게 잡는지 질문이 나오기도 합니다. 실무에서는 DB를 먼저 업데이트하고 캐시를 삭제하는 패턴이 흔하지만, 동시에 읽기 요청이 들어오면 오래된 값을 다시 채우는 문제가 생길 수 있어 보호 장치가 필요합니다. 경우에 따라 더블 딜리트(Double Delete)나 이벤트 기반 무효화, 버저닝 전략을 씁니다. 캐싱·스케일링(Redis)은 무효화가 ‘어렵다’는 걸 아는 것이 중요합니다.		O	FALSE	X	TRUE					redis	caching	scaling	invalidation
Q407	네거티브 캐싱은 영구 저장		Backend - 아키텍처 패턴	20	OX	EASY	네거티브 캐싱은 “없음” 결과를 영구히 저장해 DB 조회를 완전히 차단하는 기법이다.	네거티브 캐싱(Negative Caching)은 “없음(null/404)” 결과를 짧은 TTL로 저장해 반복 조회를 줄이는 기법입니다. 면접에서는 캐시 관통(Cache Penetration) 대응으로 자주 나오며, TTL을 짧게 잡는 이유(새 데이터 생성 가능성)를 설명해야 합니다. 실무에서는 너무 길게 잡으면 실제 데이터가 생성됐는데도 한동안 조회가 안 되는 문제가 생길 수 있습니다. 또한 사용자 스코프가 있는 응답(권한 없음)을 캐싱하면 보안 문제가 될 수 있어 키 설계가 중요합니다. 캐싱·스케일링(Redis)은 “없음도 캐싱하되 짧게”가 포인트입니다.		O	FALSE	X	TRUE					caching	redis	scaling	penetration
Q408	캐시 스탬피드는 TTL이 길수록 악화		Backend - 아키텍처 패턴	20	OX	EASY	캐시 스탬피드는 TTL이 길수록 더 자주 발생한다.	캐시 스탬피드(Cache Stampede)는 캐시 만료 직후 동일 키 요청이 동시에 몰려 원본(DB/API)을 폭격하는 현상입니다. TTL이 길다고 스탬피드가 “더 자주” 발생하는 건 아니고, 만료 시점에 요청이 몰릴 때가 핵심입니다. 면접에서는 TTL 지터(TTL Jitter), 요청 합치기(Request Coalescing), 스테일 서브(Stale Serve) 같은 대응을 묻습니다. 실무에서는 배포 직후나 특정 이벤트 트래픽에서 스탬피드가 잘 생깁니다. 그래서 만료 분산과 폴백 정책까지 함께 설계합니다. 캐싱·스케일링(Redis)은 스탬피드를 예방하는 운영 감각이 중요합니다.		O	FALSE	X	TRUE					redis	caching	scaling	reliability
Q409	파이프라이닝은 원자성 보장		Network - 네트워크 기초	29	OX	EASY	Redis 파이프라이닝을 쓰면 여러 명령이 하나의 트랜잭션처럼 원자적으로 처리된다.	파이프라이닝(Pipelining)은 네트워크 왕복(RTT)을 줄이기 위한 전송 최적화이며, 트랜잭션(Transaction) 원자성(Atomicity)을 보장하는 기능이 아닙니다. 면접에서는 MULTI/EXEC와 파이프라이닝의 차이를 구분하는지 자주 확인합니다. 실무에서는 파이프라이닝으로 속도는 개선되지만, 중간에 실패가 나도 “일괄 롤백” 같은 보장이 자동으로 되지 않습니다. 원자성이 필요하면 Lua 스크립트나 트랜잭션 명령을 고려해야 합니다. 캐싱·스케일링(Redis)은 네트워크 최적화와 동시성 제어를 혼동하지 않는 게 중요합니다.		O	FALSE	X	TRUE					scaling	redis	networking	performance
Q410	MGET은 항상 클러스터에서 안전		DevOps / Cloud - 인프라 구성 요소	34	OX	EASY	Redis Cluster에서는 어떤 키 조합이든 MGET이 항상 정상 동작한다.	Redis Cluster(Redis Cluster)에서는 멀티키 명령(MGET 등)이 같은 해시 슬롯(hash slot)에 있어야 동작하는 제약이 있습니다. 면접에서는 “클러스터에서 멀티키가 왜 제한되나”를 이해했는지 묻습니다. 실무에서는 키 태그(Key Tag)로 관련 키를 같은 슬롯으로 묶거나, 애플리케이션에서 슬롯별로 나눠 호출하는 방식으로 해결합니다. 제약을 모르고 설계하면 런타임 에러나 성능 저하가 발생합니다. 캐싱·스케일링(Redis)은 클러스터 키 설계를 반드시 고려해야 합니다.		O	FALSE	X	TRUE					redis	caching	scaling	cluster
Q411	Redis 세션은 스티키 세션을 강화		Backend - 웹 서버 기초	17	OX	EASY	Redis로 세션을 공유하면 스티키 세션이 반드시 필요해진다.	Redis(Redis) 세션 스토어를 쓰는 목적 중 하나가 스티키 세션(sticky session) 의존을 줄이는 것입니다. 여러 서버가 세션을 공유하면 어떤 서버로 가도 로그인 상태를 확인할 수 있어 수평 확장에 유리합니다. 면접에서는 세션을 로컬 메모리에 둘 때의 문제와 Redis 세션의 장점을 비교해 묻습니다. 실무에서는 세션 TTL, 로그아웃 무효화, Redis 장애 시 영향 범위를 고려해야 합니다. 캐싱·스케일링(Redis)은 세션 공유로 무상태에 가깝게 만드는 방향이 일반적입니다.		O	FALSE	X	TRUE					scaling	redis	caching	session
Q412	캐시 호출은 많을수록 무조건 좋다		Network - 네트워크 기초	29	OX	EASY	캐시는 빠르기 때문에 호출을 가능한 한 잘게 쪼개서 많이 호출할수록 성능이 좋아진다.	Redis(Redis)는 빠르지만 네트워크 왕복(RTT)과 커넥션 풀 대기 시간이 누적되면 지연이 커질 수 있습니다. 면접에서는 “캐시도 호출 패턴이 중요하다”는 점을 말하면 현실감이 있습니다. 실무에서는 다건 조회를 묶거나(파이프라이닝/MGET), 필요한 데이터만 가져오도록 payload를 최적화합니다. 호출을 잘게 쪼개면 오히려 네트워크 비용과 CPU(직렬화/역직렬화) 비용이 늘 수 있습니다. 캐싱·스케일링(Redis)은 저장소 최적화 + 호출 최적화를 함께 봅니다.		O	FALSE	X	TRUE					caching	redis	networking	performance
Q413	TTL이 없으면 메모리가 자동 무한		DevOps / Cloud - 인프라 구성 요소	34	OX	EASY	Redis는 TTL을 안 걸어도 메모리가 자동으로 무한히 늘어나므로 OOM 걱정이 없다.	Redis(Redis)는 메모리(RAM) 한계가 있으며, TTL이 없으면 키가 계속 쌓여 메모리 부족(OOM)이나 eviction이 발생할 수 있습니다. 면접에서는 TTL과 maxmemory/eviction 정책이 왜 중요한지 자주 묻습니다. 실무에서는 캐시 키에 기본 TTL을 주거나, 데이터 특성에 맞게 TTL을 조정해 메모리 사용량을 관리합니다. 또한 eviction이 늘면 미스가 늘어 DB 부하가 증가할 수 있으니 모니터링이 필요합니다. 캐싱·스케일링(Redis)은 “메모리 운영”이 절반입니다.		O	FALSE	X	TRUE					redis	caching	scaling	memory
Q414	eviction은 데이터가 더 안전해짐		DevOps / Cloud - 인프라 구성 요소	34	OX	EASY	eviction이 증가한다는 것은 캐시 데이터가 더 안전하게 보존된다는 좋은 신호다.	eviction은 메모리가 부족할 때 캐시 엔트리를 강제로 내보내는 동작입니다. 면접에서는 eviction rate가 증가하면 미스가 늘고 DB 부하가 커질 수 있다는 점을 말해야 합니다. 실무에서는 eviction이 많아지면 히트율이 떨어지고 p95/p99 지연이 악화될 수 있어, 메모리 증설, TTL 조정, 캐시 오염 방지 같은 조치를 검토합니다. 물론 eviction 정책(LRU/LFU 등)에 따라 영향이 달라지므로, 운영 지표를 함께 봐야 합니다. 캐싱·스케일링(Redis)은 eviction을 “경고 신호”로 보는 것이 일반적입니다.		O	FALSE	X	TRUE					caching	redis	scaling	monitoring
Q415	압축은 항상 공짜 성능		Backend - 아키텍처 패턴	20	OX	EASY	캐시 데이터 압축은 CPU 비용이 없어서 무조건 켜는 것이 좋다.	데이터 압축(Compression)은 메모리 사용량과 네트워크 전송량을 줄일 수 있지만, 압축/해제 CPU 비용이 듭니다. 면접에서는 “병목이 CPU인지 네트워크인지” 판단해 선택해야 한다는 점을 묻습니다. 실무에서는 payload가 큰 경우에만 선택적으로 압축하거나 임계값을 두고 적용합니다. 또한 압축률이 낮은 데이터는 오히려 손해일 수 있습니다. 캐싱·스케일링(Redis)은 트레이드오프를 이해하고 튜닝하는 것이 핵심입니다.		O	FALSE	X	TRUE					caching	redis	scaling	performance
Q416	캐시 버저닝은 히트율을 즉시 올림		Backend - 아키텍처 패턴	20	OX	EASY	배포 시 캐시 키 버저닝을 바꾸면 즉시 히트율이 올라가 DB 부하가 줄어든다.	키 버저닝(Key Versioning)은 배포 시 안전하게 캐시를 분리하는 방법이지만, 기존 캐시를 재사용하지 못해 히트율이 일시적으로 떨어질 수 있습니다. 면접에서는 “안전하지만 비용이 있다”는 트레이드오프를 말하면 좋습니다. 실무에서는 배포 직후 미스 폭증을 대비해 워밍(prewarm), 점진 롤아웃, 레이트 리밋 등을 함께 사용합니다. 버저닝은 FLUSHALL보다 안전하지만, 부하 설계를 안 하면 DB가 버티기 어렵습니다. 캐싱·스케일링(Redis)은 배포 전략과 강하게 연결됩니다.		O	FALSE	X	TRUE					scaling	redis	caching	deployment
Q417	캐시 워밍은 항상 안전		Backend - 아키텍처 패턴	20	OX	EASY	캐시 워밍은 많이 할수록 무조건 좋고, 시스템 부하를 늘릴 일이 없다.	캐시 워밍(Prewarm)은 배포 직후 핫 키를 미리 채워 미스를 줄이는 데 도움이 되지만, 과도하면 DB/Redis에 부하를 주어 오히려 위험할 수 있습니다. 면접에서는 워밍의 목적과 함께 “선택적으로 해야 한다”는 주의점을 말하면 좋습니다. 실무에서는 상위 트래픽/고비용 쿼리만 제한적으로 워밍하고, 워밍 자체에도 레이트 리밋을 걸어 폭주를 막습니다. 워밍 작업이 실패했을 때의 영향(미스 증가)도 고려해야 합니다. 캐싱·스케일링(Redis)은 워밍도 운영 이벤트로 다룹니다.		O	FALSE	X	TRUE					caching	redis	scaling	warming
Q418	서킷 브레이커는 DB를 무조건 보호		Backend - 아키텍처 패턴	20	OX	EASY	Redis에 서킷 브레이커를 적용하면 DB로 폴백 트래픽이 절대 증가하지 않는다.	서킷 브레이커(Circuit Breaker)는 실패가 반복되는 의존성을 빠르게 차단해 지연 전파를 줄이지만, 폴백이 DB라면 DB 트래픽이 늘 수 있습니다. 면접에서는 “서킷 브레이커만으로는 충분치 않다”는 점을 말하는 것이 중요합니다. 실무에서는 레이트 리밋(rate limiting), 기능 저하(degrade), 스테일 서브(stale serve) 같은 전략과 함께 DB를 보호합니다. 서킷 브레이커는 ‘차단’이지 ‘자동 해결’이 아니므로, 폴백 정책을 함께 설계해야 합니다. 캐싱·스케일링(Redis)은 복원력 패턴을 조합하는 것이 핵심입니다.		O	FALSE	X	TRUE					redis	caching	scaling	resilience
Q419	Redis 타임아웃은 길수록 좋다		Backend - 아키텍처 패턴	20	OX	EASY	Redis 호출 타임아웃은 길게 잡을수록 성공률이 높아져 시스템이 더 안정적이다.	캐시는 빠를 때 가치가 크기 때문에, 타임아웃(timeout)을 지나치게 길게 두면 요청 스레드가 오래 대기해 전체 지연이 커질 수 있습니다. 면접에서는 “빠르게 실패하고 폴백”하는 패턴을 이해했는지 봅니다. 실무에서는 타임아웃을 짧게 두고, 실패 시 폴백/기능 저하로 전환하되 DB 폭주를 막는 보호 장치를 함께 둡니다. 너무 짧으면 정상 요청도 실패할 수 있으니, p95/p99 지표 기반으로 튜닝이 필요합니다. 캐싱·스케일링(Redis)은 타임아웃 설계가 곧 안정성입니다.		O	FALSE	X	TRUE					scaling	redis	timeout	resilience
Q420	모니터링은 히트율만 보면 충분		Backend - 아키텍처 패턴	20	OX	EASY	캐시 운영은 히트율만 보면 충분하고 eviction이나 지연시간은 볼 필요가 없다.	캐시 운영에서는 히트율(hit rate)뿐 아니라 eviction rate, memory usage, p95/p99 latency, timeout, connection pool wait 같은 지표를 함께 봐야 합니다. 면접에서는 어떤 지표로 캐시 장애를 감지하는지 묻기도 합니다. 실무에서는 히트율이 높아도 지연이 크면 사용자 체감이 나쁘고, eviction이 늘면 미스가 늘어 DB 부하가 올라갈 수 있습니다. 또한 네트워크 지연이나 타임아웃 증가도 중요한 경고 신호입니다. 결국 관측 가능성(observability)이 있어야 원인 파악과 대응이 가능합니다. 캐싱·스케일링(Redis)은 운영 지표를 세트로 보는 것이 기본입니다.		O	FALSE	X	TRUE					caching	scaling	redis	operations
Q421	캐시(Cache) 기본 목적		Backend - 아키텍처 패턴	20	OX	EASY	캐시는 DB 부하를 늘리고 응답 속도를 느리게 하기 위해 도입한다.	캐시(Cache)는 자주 조회되는 데이터를 빠르게 제공해 응답 속도를 줄이고, DB(Database)나 외부 API의 부하를 낮추는 목적이 큽니다. 면접에서는 캐시의 목적을 “성능과 비용” 관점에서 설명할 수 있는지 확인합니다. 실무에서는 캐시를 도입하면 정합성(consistency)과 운영(모니터링/장애 대응) 이슈가 함께 따라오므로 정책 설계가 중요합니다. 캐시가 오히려 느려지는 경우는 네트워크 RTT나 호출을 너무 잘게 쪼갠 경우처럼 “사용 방식” 문제인 경우가 많습니다. 결국 캐시는 캐싱·스케일링(Redis)의 핵심 도구입니다.		O	FALSE	X	TRUE					caching	redis	scaling	performance
Q422	Redis(Redis) 사용 위치		DevOps / Cloud - 인프라 구성 요소	34	OX	EASY	Redis는 보통 애플리케이션 내부 로컬 변수로만 사용하며 네트워크로 접근하지 않는다.	Redis(Redis)는 보통 별도 프로세스/서버로 운영하며, 애플리케이션은 네트워크로 접근해 캐시(Cache)나 세션(Session) 저장소로 사용합니다. 면접에서는 Redis가 “외부 의존성”이므로 네트워크 지연과 장애를 고려해야 한다는 점을 묻습니다. 실무에서는 같은 AZ/리전에 두어 RTT를 줄이고, 커넥션 풀/타임아웃을 튜닝해 안정성을 확보합니다. 로컬 캐시는 L1, Redis는 L2로 같이 쓰는 구조도 흔합니다. Redis는 캐싱·스케일링(Redis)에서 대표적인 공유 캐시입니다.		O	FALSE	X	TRUE					redis	scaling	caching	networking
Q423	TTL(Time To Live) 의미		DevOps / Cloud - 인프라 구성 요소	34	OX	EASY	TTL은 키가 만료되지 않도록 영구 보관을 강제하는 옵션이다.	TTL(Time To Live)은 키(key)가 얼마 동안 유효한지 나타내는 만료 시간으로, 시간이 지나면 키가 자동으로 삭제(expire)될 수 있습니다. 면접에서는 TTL이 왜 중요한지(메모리 관리, 스테일 데이터 방지)를 기본으로 확인합니다. 실무에서는 TTL을 안 주면 캐시 키가 쌓여 OOM이나 eviction이 생길 수 있어 기본 TTL 정책을 두기도 합니다. 또한 TTL이 너무 짧으면 미스가 늘어 DB 부하가 커지고, 너무 길면 스테일 위험이 커집니다. TTL은 캐싱·스케일링(Redis)의 가장 기본적인 운영 레버입니다.		O	FALSE	X	TRUE					caching	redis	scaling	ttl
Q424	캐시 히트(Cache Hit) 정의		DevOps / Cloud - 인프라 구성 요소	34	OX	EASY	캐시 히트는 캐시에 값이 없어 DB로 내려가는 상황을 말한다.	캐시 히트(Cache Hit)는 캐시에 값이 있어 캐시에서 바로 응답하는 상황입니다. 반대로 캐시 미스(Cache Miss)는 캐시에 값이 없어 DB/API에서 가져와야 하는 상황입니다. 면접에서는 히트/미스 개념과 히트율(hit rate)로 성능을 평가하는 기본기를 봅니다. 실무에서는 히트율이 낮아지면 DB 부하와 지연이 함께 늘 수 있어 알람 지표로 쓰입니다. 따라서 히트율뿐 아니라 지연시간, eviction, timeout도 함께 관찰합니다. 캐시 히트는 캐싱·스케일링(Redis) 성능의 핵심 지표입니다.		O	FALSE	X	TRUE					caching	redis	scaling	monitoring
Q425	캐시 미스(Cache Miss) 동작		DevOps / Cloud - 인프라 구성 요소	34	OX	EASY	캐시 미스가 발생하면 캐시가 자동으로 DB에서 값을 가져와 채워 준다.	캐시 미스(Cache Miss)가 발생하면 보통 애플리케이션이 DB/API를 조회하고, 그 결과를 캐시에 채우는(cache fill) 방식으로 동작합니다. 면접에서는 캐시가 “자동 DB 조회”를 해주는 게 아니라, 애플리케이션 로직/패턴(캐시 어사이드 등)로 구성된다는 점을 구분해야 합니다. 실무에서는 미스가 많아지면 DB 부하가 급증할 수 있어 TTL 튜닝, 워밍(prewarm), 요청 합치기 같은 전략을 씁니다. 또한 미스율 급상승은 캐시 장애나 키 버저닝 변경 같은 이벤트의 신호일 수 있습니다. 캐시 미스는 캐싱·스케일링(Redis) 운영의 경고등입니다.		O	FALSE	X	TRUE					redis	caching	scaling	reliability
Q426	캐시 무효화(Cache Invalidation)		Backend - 아키텍처 패턴	20	OX	EASY	캐시 무효화는 캐시 값을 절대 삭제하지 않도록 보호하는 작업이다.	캐시 무효화(Cache Invalidation)는 데이터가 변경되었을 때 캐시 값을 삭제하거나 갱신해 정합성(consistency)을 맞추는 작업입니다. 면접에서는 “캐시를 쓰면 데이터가 틀릴 수 있는데 어떻게 하냐” 질문에서 무효화 전략을 말해야 합니다. 실무에서는 DB 업데이트 후 캐시 삭제(삭제 후 채우기) 방식이 흔하고, 이벤트 기반으로 갱신/삭제하기도 합니다. 무효화는 타이밍 레이스가 생길 수 있어 조심해야 하며, 관측성과 재시도 정책도 중요합니다. 무효화는 캐싱·스케일링(Redis)에서 필수 기본기입니다.		O	FALSE	X	TRUE					caching	redis	scaling	invalidation
Q427	캐시(Cache) 정합성		Backend - 아키텍처 패턴	20	OX	EASY	캐시는 항상 DB와 완벽히 동일한 최신 값을 보장한다.	캐시(Cache)는 성능을 위해 쓰이며, 항상 최신 값을 보장하지 않을 수 있습니다. 면접에서는 캐시의 장점(성능/비용)과 단점(스테일, 정합성)을 균형 있게 설명하는지 봅니다. 실무에서는 TTL, 무효화, 버저닝, 이벤트 갱신 등으로 정합성을 “관리”하지, 자동으로 완벽히 보장되는 구조는 드뭅니다. 특히 분산 환경에서는 네트워크 지연과 동시성 때문에 스테일이 생길 수 있습니다. 따라서 캐시는 “정확성보다 속도”를 우선하되, 도메인별 허용 범위를 정하는 게 중요합니다. 이 관점이 캐싱·스케일링(Redis)의 기본입니다.		O	FALSE	X	TRUE					redis	caching	scaling	consistency
Q428	세션(Session)과 Redis		Backend - 웹 서버 기초	17	OX	EASY	Redis를 세션 저장소로 쓰면 서버가 여러 대여도 세션 공유가 어려워진다.	Redis(Redis)를 세션(Session) 저장소로 쓰면 여러 서버가 동일 세션을 조회할 수 있어 세션 공유가 쉬워집니다. 면접에서는 수평 확장 시 세션을 서버 로컬에 두면 왜 문제가 되는지(서버가 바뀌면 세션을 못 찾음)를 자주 묻습니다. 실무에서는 스티키 세션 의존을 줄여 로드밸런싱이 유연해지고, 장애 시에도 특정 서버에 묶이지 않습니다. 다만 세션 TTL, 보안(세션 탈취 방지), Redis 장애 시 로그인 영향 범위를 고려해야 합니다. 세션은 캐싱·스케일링(Redis)의 대표 활용 사례입니다.		O	FALSE	X	TRUE					scaling	redis	caching	session
Q429	네트워크 RTT와 Redis		Network - 네트워크 기초	29	OX	EASY	Redis가 메모리 기반이면 네트워크 거리와 상관없이 항상 동일한 속도로 응답한다.	Redis(Redis)는 메모리 기반이라 서버 내부 처리는 빠르지만, 애플리케이션이 네트워크로 접근하면 RTT(Round Trip Time) 비용이 추가됩니다. 면접에서는 “Redis도 멀면 느리다”는 운영 감각을 보여주면 좋습니다. 실무에서는 같은 리전/같은 AZ에 두고, 호출 횟수를 줄이며(MGET/파이프라이닝), 타임아웃을 적절히 잡아 지연을 관리합니다. 호출을 너무 잘게 쪼개면 RTT가 누적되어 체감 성능이 나빠질 수 있습니다. 네트워크를 포함해 보는 것이 캐싱·스케일링(Redis) 실무 포인트입니다.		O	FALSE	X	TRUE					redis	scaling	networking	performance
Q430	Redis 호출 타임아웃		Backend - 아키텍처 패턴	20	OX	EASY	Redis 호출 타임아웃은 길게 잡을수록 항상 시스템이 더 안정적이다.	캐시는 빠를 때만 가치가 크기 때문에 타임아웃(timeout)을 과하게 길게 두면 요청 스레드가 오래 대기해 전체 지연이 커질 수 있습니다. 면접에서는 “빠르게 실패하고 폴백”하는 관점이 자주 나옵니다. 실무에서는 타임아웃을 짧게 두고, 실패 시 폴백/기능 저하로 전환하되 DB 폭주를 막는 레이트 리밋 같은 보호 장치를 둡니다. 너무 짧으면 정상 요청도 실패하므로 p95/p99 지표 기반으로 튜닝합니다. 타임아웃 설계는 캐싱·스케일링(Redis)에서 안정성의 핵심입니다.		O	FALSE	X	TRUE					caching	redis	scaling	timeout
Q431	서킷 브레이커(Circuit Breaker)		Backend - 아키텍처 패턴	20	OX	EASY	Redis 장애가 반복될 때 서킷 브레이커를 쓰면 실패 호출을 줄이는 데 전혀 도움이 되지 않는다.	서킷 브레이커(Circuit Breaker)는 실패가 반복되는 의존성을 빠르게 차단해 연쇄 지연을 줄이는 복원력 패턴입니다. 면접에서는 캐시 장애가 전체 장애로 번지는 것을 막는 방법으로 자주 언급됩니다. 실무에서는 일정 실패율을 넘으면 Redis 호출을 잠시 끊고 폴백/기능 저하로 전환합니다. 다만 폴백이 DB면 DB로 트래픽이 몰릴 수 있으니 레이트 리밋과 같이 써야 안전합니다. 즉, 서킷 브레이커는 “차단”이고, 폴백 설계까지 포함해야 합니다. 이 조합이 캐싱·스케일링(Redis) 운영의 기본입니다.		O	FALSE	X	TRUE					scaling	redis	resilience	circuit_breaker
Q432	모니터링(Monitoring) 지표		Backend - 아키텍처 패턴	20	OX	EASY	캐시 운영은 히트율만 보면 충분하고 지연시간이나 eviction은 볼 필요가 없다.	캐시 운영에서는 히트율(hit rate)만으로 상태를 판단하기 어렵습니다. 면접에서는 어떤 지표를 보는지(히트/미스, p95/p99 latency, timeout, eviction, memory usage)를 물어 실무 감각을 확인합니다. 실무에서 eviction이 늘면 미스가 늘어 DB 부하가 올라갈 수 있고, 지연이 커지면 사용자 체감이 나빠집니다. 또한 커넥션 풀 대기와 네트워크 지연도 함께 봐야 원인을 찾을 수 있습니다. 관측 가능성은 캐싱·스케일링(Redis)의 생존 조건입니다.		O	FALSE	X	TRUE					caching	redis	scaling	monitoring
Q433	MGET(MGET) 효과		Network - 네트워크 기초	29	OX	EASY	여러 키를 조회할 때 MGET을 사용하면 네트워크 호출 수가 늘어 성능이 나빠진다.	MGET(MGET)은 여러 키(key)를 한 번에 가져와 네트워크 호출 수를 줄이는 명령입니다. 면접에서는 “캐시도 호출 패턴 최적화가 중요하다”는 관점을 보여주면 좋습니다. 실무에서는 개별 GET을 반복하면 RTT가 누적되어 느려질 수 있어 MGET/파이프라이닝을 활용합니다. 단, Redis Cluster에서는 멀티키가 슬롯 제약을 받을 수 있어 키 설계(키 태그)까지 연결됩니다. 결국 캐싱·스케일링(Redis)은 명령 선택과 키 설계를 함께 최적화합니다.		O	FALSE	X	TRUE					redis	caching	scaling	networking
Q434	파이프라이닝(Pipelining)		Network - 네트워크 기초	29	OX	EASY	Redis 파이프라이닝은 명령마다 왕복이 더 늘어나 지연이 커지는 기능이다.	파이프라이닝(Pipelining)은 여러 명령을 한 번에 보내 RTT(Round Trip Time) 비용을 줄이는 전송 최적화 기법입니다. 면접에서는 파이프라이닝과 트랜잭션(MULTI/EXEC)의 차이를 구분하는지 자주 확인합니다. 실무에서는 다건 조회/갱신을 묶어 네트워크 비용을 줄이되, 한 번에 너무 많이 쌓으면 응답 지연이 커질 수 있어 배치 크기를 조절합니다. 또한 실패 처리와 타임아웃도 같이 설계해야 합니다. 호출 최적화는 캐싱·스케일링(Redis)의 중요한 축입니다.		O	FALSE	X	TRUE					scaling	redis	networking	performance
Q435	Redis는 디스크 기반 DB		Database - NoSQL	27	OX	EASY	Redis는 기본적으로 디스크에서만 데이터를 처리하므로 메모리 사용량이 거의 없다.	Redis(Redis)는 주로 메모리(RAM)에 데이터를 두고 처리하는 인메모리(In-Memory) 저장소로, 빠른 응답을 제공하는 대신 메모리 한계가 있습니다. 면접에서는 메모리 기반의 장단점(속도 vs 비용/한계)을 설명할 수 있어야 합니다. 실무에서는 TTL, eviction 정책, 데이터 크기(빅 키) 관리가 핵심 운영 포인트입니다. 영속화(RDB/AOF)를 켜면 디스크 기록이 추가되지만, 그렇다고 “디스크 기반 DB”로 보는 건 위험합니다. Redis를 캐시로 쓸 때는 데이터 유실 가능성을 감안한 설계가 필요합니다. 이것이 캐싱·스케일링(Redis) 기본기입니다.		O	FALSE	X	TRUE					caching	redis	scaling	memory
Q436	eviction은 캐시 건강 신호		DevOps / Cloud - 인프라 구성 요소	34	OX	EASY	eviction이 증가하는 것은 캐시가 안정적으로 동작한다는 좋은 신호다.	eviction은 메모리 부족 상황에서 캐시 엔트리를 강제로 제거하는 동작으로, 보통은 경고 신호에 가깝습니다. 면접에서는 eviction이 늘면 미스가 늘어 DB 부하가 커질 수 있음을 설명해야 합니다. 실무에서는 메모리 증설, TTL 조정, 캐시 오염 방지, 키 수/값 크기 관리로 eviction을 낮추는 방향을 고려합니다. 또한 eviction 정책(LRU/LFU 등)에 따라 성능 영향이 달라 모니터링과 튜닝이 필요합니다. eviction을 무시하면 연쇄적으로 지연/장애로 이어질 수 있습니다. 이런 운영 감각이 캐싱·스케일링(Redis)에서 중요합니다.		O	FALSE	X	TRUE					redis	caching	scaling	monitoring
Q437	키 설계(Key Design)		Backend - 아키텍처 패턴	20	OX	EASY	캐시 키는 충돌이 나도 상관없으니 짧게 아무렇게나 만들면 된다.	캐시 키(Key)는 데이터 식별의 기준이라 충돌이 나면 잘못된 데이터가 섞이거나 보안 문제가 생길 수 있습니다. 면접에서는 네임스페이스(namespace), 버전(version), 스코프(user/tenant) 분리 같은 키 설계 원칙을 알고 있는지 봅니다. 실무에서는 키가 과도하게 늘어나면 키 폭발(key explosion)로 메모리가 무너질 수 있으니, 파라미터 정규화와 TTL 정책이 필요합니다. 또한 Redis Cluster에서는 키 설계가 슬롯/멀티키 제약과도 연결됩니다. 키 설계는 캐싱·스케일링(Redis)의 출발점입니다.		O	FALSE	X	TRUE					caching	redis	scaling	key_design
Q438	캐시 워밍(Prewarm)		Backend - 아키텍처 패턴	20	OX	EASY	캐시 워밍은 배포 직후 DB 부하를 줄이는 데 전혀 도움이 되지 않는다.	캐시 워밍(Prewarm)은 배포 직후나 이벤트 트래픽 전에 핫 키(hot key)를 미리 채워 미스 폭증을 줄이는 데 도움이 될 수 있습니다. 면접에서는 워밍의 목적과 주의점(과도하면 부하 증가)을 함께 설명하는 게 중요합니다. 실무에서는 트래픽 상위 키나 고비용 쿼리만 제한적으로 워밍하고, 워밍 작업에도 레이트 리밋을 걸어 폭주를 막습니다. 워밍 실패 시에는 미스가 늘어날 수 있으니 알람과 단계적 실행이 필요합니다. 워밍도 운영 이벤트로 보는 관점이 캐싱·스케일링(Redis) 핵심입니다.		O	FALSE	X	TRUE					scaling	redis	warming	caching
Q439	캐시 호출은 잘게 쪼갤수록 좋다		Network - 네트워크 기초	29	OX	EASY	Redis는 빠르니 캐시 호출을 가능한 한 잘게 쪼개서 많이 호출할수록 좋다.	Redis(Redis)는 빠르지만 네트워크 RTT와 직렬화/역직렬화 비용이 누적되면 느려질 수 있습니다. 면접에서는 “캐시도 호출 패턴이 성능을 좌우한다”는 실무 감각이 중요합니다. 실무에서는 MGET/파이프라이닝으로 묶거나, 필요한 데이터만 가져오도록 payload를 줄여 성능을 확보합니다. 호출을 잘게 쪼개면 커넥션 풀 대기와 네트워크 비용이 늘어 p95/p99 지연이 악화될 수 있습니다. 캐싱·스케일링(Redis)은 저장소 최적화와 호출 최적화를 함께 합니다.		O	FALSE	X	TRUE					caching	redis	scaling	networking
Q440	캐시 장애 시 폴백은 항상 안전		Backend - 아키텍처 패턴	20	OX	EASY	Redis 장애 시 DB로 폴백하면 언제나 안전하며 DB가 과부하될 일은 없다.	캐시 장애 시 DB 폴백은 가능하지만, 트래픽이 한꺼번에 DB로 몰리면 DB가 과부하로 다운될 수 있습니다. 면접에서는 캐시 장애가 “연쇄 장애”로 번질 수 있음을 알고 있는지 봅니다. 실무에서는 타임아웃을 짧게 두고, 서킷 브레이커/레이트 리밋/기능 저하(degrade)/스테일 서브 같은 보호 장치를 조합합니다. 특히 추천/랭킹/통계 같은 부가 기능을 꺼서 핵심 기능을 살리는 전략이 현실적입니다. 폴백은 “대응 전략의 일부”이지 만능이 아닙니다. 이 관점이 캐싱·스케일링(Redis) 운영의 기본입니다.		O	FALSE	X	TRUE					redis	caching	scaling	resilience
Q441	캐시(Cache)와 DB 관계		Backend - 아키텍처 패턴	20	OX	EASY	캐시는 DB를 완전히 대체하므로 DB가 없어도 서비스 데이터가 항상 유지된다.	캐시(Cache)는 DB(Database)를 “대체”하기보다, 자주 쓰는 데이터를 빠르게 제공해 DB 부하를 줄이는 보조 계층입니다. 면접에서는 캐시가 원본 데이터 저장소(source of truth)가 아니라는 점을 명확히 말할 수 있어야 합니다. 실무에서는 캐시가 날아가도 DB에서 다시 채울 수 있도록 설계하고, 캐시 장애 시에는 기능 저하나 레이트 리밋으로 DB를 보호합니다. 또한 캐시의 TTL과 무효화 정책을 통해 스테일 데이터를 관리해야 합니다. 캐싱·스케일링(Redis)은 “DB + 캐시의 역할 분담”을 이해하는 게 기본입니다.		O	FALSE	X	TRUE					caching	redis	scaling	architecture
Q442	Redis(Redis) 접근 비용		Network - 네트워크 기초	29	OX	EASY	Redis는 메모리 기반이므로 네트워크 연결이 없어도 항상 동일하게 사용할 수 있다.	Redis(Redis)는 보통 별도 서버/프로세스로 운영되어 애플리케이션이 네트워크로 접근합니다. 면접에서는 “Redis도 네트워크 왕복(RTT) 비용이 있다”는 현실 감각을 보여주면 좋습니다. 실무에서는 같은 AZ/리전 배치, 커넥션 풀, 타임아웃을 튜닝해 지연을 줄입니다. 또한 호출을 잘게 쪼개면 RTT가 누적되어 캐시가 있어도 느려질 수 있습니다. 캐싱·스케일링(Redis)은 저장소 속도뿐 아니라 접근 패턴 최적화가 중요합니다.		O	FALSE	X	TRUE					redis	scaling	caching	networking
Q443	TTL(Time To Live) 미설정 영향		DevOps / Cloud - 인프라 구성 요소	34	OX	EASY	캐시에 TTL을 안 걸어도 키는 자동으로 적당히 삭제되니 메모리 관리가 필요 없다.	TTL(Time To Live)을 설정하지 않으면 캐시 키가 계속 쌓여 메모리 부족(OOM)이나 eviction이 발생할 수 있습니다. 면접에서는 “캐시는 메모리 운영”이라는 관점을 자주 확인합니다. 실무에서는 기본 TTL 정책을 두거나, 데이터 특성(세션/랭킹/조회결과)에 맞춰 TTL을 조정합니다. 또한 eviction이 늘면 미스가 늘고 DB 부하가 증가하므로 지표로 모니터링해야 합니다. TTL은 캐싱·스케일링(Redis)에서 가장 쉬우면서도 중요한 운영 장치입니다.		O	FALSE	X	TRUE					caching	redis	scaling	ttl
Q444	캐시 무효화(Cache Invalidation) 필요성		Backend - 아키텍처 패턴	20	OX	EASY	데이터가 변경되어도 캐시는 자동으로 알아서 최신 값으로 갱신된다.	캐시(Cache)는 보통 데이터 변경을 자동으로 감지해 갱신하지 않기 때문에, 무효화(Cache Invalidation) 전략이 필요합니다. 면접에서는 “DB 업데이트 후 캐시를 어떻게 처리하나”를 단골로 묻습니다. 실무에서는 DB를 업데이트한 뒤 캐시 삭제(또는 갱신)하는 패턴이 흔하고, 이벤트 기반으로 동기화하기도 합니다. 무효화 타이밍이 어긋나면 스테일(stale) 데이터가 제공될 수 있어 주의해야 합니다. 캐싱·스케일링(Redis)은 ‘무효화가 어렵다’는 걸 아는 게 기본입니다.		O	FALSE	X	TRUE					redis	caching	scaling	invalidation
Q445	캐시 히트율(Hit Rate) 해석		Backend - 아키텍처 패턴	20	OX	EASY	캐시 히트율이 낮아도 DB 부하는 줄어드는 것이 일반적이다.	캐시 히트율(hit rate)이 낮으면 캐시 미스가 많아져 DB/API로 내려가는 비율이 늘어, DB 부하가 증가하는 경우가 많습니다. 면접에서는 히트율, 미스율, eviction, 지연시간을 함께 보는지 확인합니다. 실무에서는 히트율이 떨어졌다면 키 버저닝 변경, TTL 과도 단축, eviction 증가, 장애/타임아웃 등을 의심합니다. 또한 히트율만 높고 지연이 큰 경우도 있어 p95/p99 latency를 같이 봐야 합니다. 히트율은 캐싱·스케일링(Redis) 성능을 판단하는 대표 지표입니다.		O	FALSE	X	TRUE					caching	redis	scaling	monitoring
Q446	MGET(MGET) 역할		Network - 네트워크 기초	29	OX	EASY	MGET은 여러 키 조회 시 네트워크 왕복을 늘리기 위한 명령이다.	MGET(MGET)은 여러 키(key)를 한 번에 가져와 네트워크 호출 횟수와 RTT 비용을 줄이기 위한 명령입니다. 면접에서는 개별 GET을 반복하면 RTT가 누적된다는 포인트를 연결해 설명하면 좋습니다. 실무에서는 화면 렌더링에 필요한 여러 값을 Redis에서 따로따로 가져오지 말고, 가능한 묶어서 가져오도록 최적화합니다. 다만 Redis Cluster에서는 멀티키가 슬롯 제약을 받을 수 있어 키 태그/키 설계까지 고려해야 합니다. 호출 최적화는 캐싱·스케일링(Redis)에서 실무 성능을 좌우합니다.		O	FALSE	X	TRUE					scaling	redis	caching	networking
Q447	파이프라이닝(Pipelining) 오해		Network - 네트워크 기초	29	OX	EASY	Redis 파이프라이닝은 트랜잭션처럼 원자성을 자동으로 보장한다.	파이프라이닝(Pipelining)은 여러 명령을 한 번에 보내 RTT를 줄이는 전송 최적화이며, 원자성(Atomicity)을 보장하지 않습니다. 면접에서는 MULTI/EXEC(트랜잭션)과 파이프라이닝의 차이를 구분하는지 자주 봅니다. 실무에서는 파이프라이닝으로 성능은 개선되지만, 중간 실패 시 롤백 같은 보장은 없으므로 실패 처리 로직이 필요합니다. 원자적 갱신이 필요하면 Lua 스크립트나 트랜잭션을 고려합니다. 캐싱·스케일링(Redis)은 “네트워크 최적화”와 “동시성 보장”을 혼동하지 않는 게 중요합니다.		O	FALSE	X	TRUE					redis	scaling	networking	performance
Q448	Redis와 세션(Session) 스케일링		Backend - 웹 서버 기초	17	OX	EASY	Redis 세션 저장소를 쓰면 로드밸런서가 반드시 스티키 세션을 강제해야 한다.	Redis(Redis)에 세션(Session)을 저장하면 여러 서버가 동일 세션을 공유할 수 있어 스티키 세션 의존을 줄이는 데 도움이 됩니다. 면접에서는 “수평 확장 시 세션을 어디에 두나” 질문에서 Redis를 자주 답으로 기대합니다. 실무에서는 세션 TTL, 로그아웃 무효화, 세션 탈취 방지 같은 보안 설정을 함께 챙겨야 합니다. Redis 장애 시 로그인 영향 범위를 줄이기 위해 세션과 캐시 워크로드를 분리하는 설계도 고려합니다. 세션 공유는 캐싱·스케일링(Redis)의 대표 사용 사례입니다.		O	FALSE	X	TRUE					scaling	redis	caching	session
Q449	Redis는 디스크 기반이라 빅 키 문제 없음		Database - NoSQL	27	OX	EASY	Redis는 디스크 기반이라 값이 커져도(big payload) 메모리 압박이 거의 없다.	Redis(Redis)는 주로 메모리(RAM)에 데이터를 저장하므로 값이 커지면 메모리 압박과 네트워크 비용이 증가합니다. 면접에서는 big payload, 빅 키(Big Key)가 지연을 키울 수 있다는 점을 기본으로 알아야 합니다. 실무에서는 큰 JSON/큰 리스트 같은 값을 캐시에 넣으면 직렬화/전송/역직렬화 비용이 커져 오히려 느려질 수 있습니다. 해결책으로는 데이터 분할, 필요한 필드만 캐싱, 압축(트레이드오프) 등을 고려합니다. 빅 키 관리는 캐싱·스케일링(Redis) 운영에서 자주 맞닥뜨리는 문제입니다.		O	FALSE	X	TRUE					caching	redis	scaling	performance
Q450	캐시 장애는 항상 무시 가능		Backend - 아키텍처 패턴	20	OX	EASY	캐시 장애가 나도 서비스는 아무 보호 장치 없이 DB로 폴백하면 항상 안전하다.	캐시 장애 시 DB 폴백은 가능하지만, 트래픽이 한꺼번에 DB로 몰리면 연쇄 장애가 날 수 있습니다. 면접에서는 타임아웃을 짧게 두고, 서킷 브레이커/레이트 리밋/기능 저하(degrade)로 DB를 보호하는 전략을 설명할 수 있어야 합니다. 실무에서는 추천/랭킹/통계 같은 부가 기능을 끄고 핵심 기능만 유지하는 방식이 현실적입니다. 또한 스테일 서브(stale serve)로 잠깐 오래된 값을 제공해 폭주를 막기도 합니다. 폴백은 “대응의 일부”이지 만능이 아닙니다. 이런 운영 설계가 캐싱·스케일링(Redis) 핵심입니다.		O	FALSE	X	TRUE					redis	caching	scaling	resilience
Q451	키 버저닝(Key Versioning) 효과		Backend - 아키텍처 패턴	20	OX	EASY	캐시 키 버저닝을 바꾸면 기존 캐시가 그대로 재사용되어 히트율이 즉시 상승한다.	키 버저닝(Key Versioning)을 바꾸면 기존 캐시를 재사용하지 못해 히트율이 일시적으로 떨어질 수 있습니다. 면접에서는 버저닝이 안전하지만 비용(미스 증가)이 있다는 트레이드오프를 말하면 좋습니다. 실무에서는 배포 직후 DB 부하를 막기 위해 워밍(prewarm), 점진 롤아웃, 레이트 리밋을 함께 사용합니다. 버저닝은 FLUSHALL보다 안전하지만 운영 대비가 없으면 미스 폭증이 생깁니다. 배포와 캐시는 강하게 연결된다는 점이 캐싱·스케일링(Redis) 포인트입니다.		O	FALSE	X	TRUE					caching	redis	scaling	deployment
Q452	캐시 워밍(Prewarm) 무조건 이득		Backend - 아키텍처 패턴	20	OX	EASY	캐시 워밍은 많이 할수록 무조건 좋고 시스템 부하를 늘릴 수 없다.	캐시 워밍(Prewarm)은 미스 폭증을 줄이는 데 도움이 되지만, 과도하면 DB/Redis에 부하를 주어 오히려 위험할 수 있습니다. 면접에서는 워밍의 목적과 함께 “선별적으로” 해야 한다는 주의점을 말해야 합니다. 실무에서는 트래픽 상위 핫 키나 고비용 쿼리 위주로 제한하고, 워밍 작업에도 레이트 리밋을 걸어 폭주를 막습니다. 워밍 실패 시 영향(미스 증가)도 고려해 알람과 롤백 전략이 필요합니다. 워밍은 캐싱·스케일링(Redis)에서 운영 이벤트로 취급합니다.		O	FALSE	X	TRUE					scaling	redis	warming	caching
Q453	네거티브 캐싱은 보안과 무관		Backend - 아키텍처 패턴	20	OX	EASY	네거티브 캐싱은 사용자별 권한이 달라도 동일 키로 캐싱해도 항상 안전하다.	네거티브 캐싱(Negative Caching)은 “없음” 결과를 캐싱하지만, 사용자별 권한/스코프가 다르면 같은 키로 캐싱하면 보안 문제가 생길 수 있습니다. 면접에서는 캐시 키가 보안 경계가 될 수 있다는 점을 아는지 확인합니다. 실무에서는 사용자/테넌트 스코프를 키에 포함하거나, 권한 응답은 캐싱하지 않는 정책을 세웁니다. 또한 “권한 없음”을 캐싱하면 정상 사용자에게도 잘못된 결과가 갈 수 있어 특히 주의해야 합니다. 캐싱·스케일링(Redis)은 성능뿐 아니라 보안/정합성도 같이 봅니다.		O	FALSE	X	TRUE					caching	redis	scaling	security
Q454	Redis는 항상 0ms 응답		Network - 네트워크 기초	29	OX	EASY	Redis는 메모리 기반이므로 p99 지연이 커질 가능성이 거의 없다.	Redis(Redis)는 빠르지만 p99 지연이 커질 수 있습니다. 면접에서는 핫 키(Hot Key), 빅 키(Big Key), 네트워크 RTT, 커넥션 풀 대기, 타임아웃 같은 요인으로 지연이 커질 수 있음을 설명하면 좋습니다. 실무에서는 p95/p99 latency를 모니터링하고, 호출 패턴(MGET/파이프라이닝), 키/값 크기, 타임아웃을 튜닝합니다. 히트율이 높아도 지연이 커지면 사용자 체감은 나빠지므로 지연 지표는 필수입니다. 캐싱·스케일링(Redis)은 “빠르다”가 아니라 “빠르게 유지한다”가 핵심입니다.		O	FALSE	X	TRUE					redis	scaling	caching	performance
Q455	캐시 오염(Cache Pollution) 없음		Backend - 아키텍처 패턴	20	OX	EASY	캐시는 아무 데이터나 넣어도 히트율과 성능이 항상 좋아진다.	캐시는 아무 데이터나 넣으면 캐시 오염(Cache Pollution)으로 핫 데이터가 밀려나 히트율이 떨어질 수 있습니다. 면접에서는 캐시가 “무조건 넣는 저장소”가 아니라, 담을 대상을 선별해야 한다는 점을 보기도 합니다. 실무에서는 롱테일 키가 많거나 배치가 저가치 데이터를 대량으로 넣으면 eviction이 늘고 미스가 증가해 DB 부하가 커집니다. 그래서 캐시 대상 제한, TTL 조정, eviction 정책 튜닝, 네임스페이스 분리가 중요합니다. 캐싱·스케일링(Redis)은 ‘무엇을 캐싱할지’가 절반입니다.		O	FALSE	X	TRUE					caching	redis	scaling	performance
Q456	Redis Cluster는 자동으로 핫 키 해결		DevOps / Cloud - 인프라 구성 요소	34	OX	EASY	Redis Cluster를 쓰면 핫 키(Hot Key) 문제는 자동으로 사라진다.	Redis Cluster는 키를 샤딩(sharding)해 분산하지만, 특정 키에 트래픽이 몰리는 핫 키(Hot Key) 자체는 자동으로 해결되지 않습니다. 면접에서는 “샤딩해도 핫 키는 남는다”는 점을 아는지 확인합니다. 실무에서는 키 샤딩(키를 여러 개로 분산), 로컬 캐시(L1) 도입, 스테일 서브, 읽기 분산 같은 전략을 씁니다. 핫 키는 p99 지연을 악화시키는 대표 원인이므로 탐지/완화가 중요합니다. 캐싱·스케일링(Redis)은 클러스터링만으로 끝나지 않는다는 점이 핵심입니다.		O	FALSE	X	TRUE					scaling	redis	caching	cluster
Q457	Redis는 무조건 RDBMS보다 빠름		Database - NoSQL	27	OX	EASY	Redis는 어떤 상황에서도 RDBMS보다 항상 빠르므로 성능 문제를 일으킬 수 없다.	Redis(Redis)는 빠른 편이지만 “항상” 빠르다고 보장할 수는 없습니다. 면접에서는 네트워크 RTT, 큰 payload, 커맨드 비용, 커넥션 풀 대기 같은 현실적인 병목을 말할 수 있어야 합니다. 실무에서는 Redis가 느려지면 애플리케이션 지연이 커지고, 폴백이 DB라면 DB까지 연쇄적으로 위험해질 수 있습니다. 그래서 타임아웃, 서킷 브레이커, 모니터링을 함께 갖춰야 합니다. 성능은 도구 자체보다 사용 방식과 운영이 좌우합니다. 이 관점이 캐싱·스케일링(Redis)의 기본입니다.		O	FALSE	X	TRUE					redis	caching	scaling	performance
Q458	캐시 키 충돌은 무시 가능		Backend - 아키텍처 패턴	20	OX	EASY	캐시 키가 충돌해도 어차피 캐시는 임시 데이터라서 문제되지 않는다.	캐시 키 충돌은 잘못된 데이터 노출, 사용자 간 데이터 섞임, 보안 사고로 이어질 수 있어 매우 위험합니다. 면접에서는 키 설계에서 네임스페이스, 버전, 사용자/테넌트 스코프를 분리하는 이유를 설명할 수 있어야 합니다. 실무에서는 키를 단순히 짧게 만드는 것보다, 충돌 없이 의미 있게 설계하는 것이 중요합니다. 또한 클러스터 환경에서는 키 설계가 슬롯 제약과도 연결되니 더 신중해야 합니다. 캐싱·스케일링(Redis)은 키 설계가 곧 안정성입니다.		O	FALSE	X	TRUE					caching	redis	scaling	key_design
Q459	캐시 지표는 히트율만		Backend - 아키텍처 패턴	20	OX	EASY	캐시 모니터링은 히트율만 보면 되고 타임아웃이나 지연은 중요하지 않다.	캐시 모니터링은 히트율(hit rate)뿐 아니라 p95/p99 latency, timeout, eviction rate, memory usage를 함께 봐야 합니다. 면접에서는 장애를 어떻게 감지하고 원인을 어떻게 좁히는지 물어봅니다. 실무에서는 히트율이 높아도 지연이 크면 사용자 체감이 나쁘고, timeout이 늘면 폴백이 증가해 DB가 위험해질 수 있습니다. eviction 증가도 미스 증가로 이어질 수 있어 조기 경고 지표입니다. 결국 관측 가능성은 캐싱·스케일링(Redis) 운영의 핵심입니다.		O	FALSE	X	TRUE					caching	scaling	redis	monitoring
Q460	캐시와 스케일링 관계		Backend - 아키텍처 패턴	20	OX	EASY	캐시는 스케일링과 무관하며 서버를 여러 대로 늘릴 때 도움이 되지 않는다.	캐시(Cache)는 DB 부하를 줄여 수평 확장(horizontal scaling)에서 병목을 완화하고, 세션 공유처럼 상태를 외부화해 스케일아웃에 도움을 줍니다. 면접에서는 “캐시가 왜 스케일링에 중요한가”를 묻기도 합니다. 실무에서는 Redis(Redis)를 공유 캐시(L2)로 두고, 필요하면 로컬 캐시(L1)까지 조합해 처리량을 늘립니다. 다만 캐시 자체도 병목/장애가 될 수 있어 모니터링과 보호 장치(타임아웃/서킷 브레이커)가 필요합니다. 캐시는 성능 최적화이자 스케일링 전략의 일부입니다. 이 연결이 캐싱·스케일링(Redis) 핵심입니다.		O	FALSE	X	TRUE					scaling	redis	caching	architecture
Q461	Cache Stampede 완화(락)		Backend - 아키텍처 패턴	20	OX	MEDIUM	캐시 스탬피드(stampede) 완화 방법으로 특정 키에 대해 한 요청만 DB를 조회하도록 락을 거는 방식이 사용된다.	스탬피드는 핫키 만료 시 다수 요청이 동시에 DB로 내려가 과부하를 만드는 문제입니다. 면접에서는 이를 막기 위해 singleflight/분산락/뮤텍스 키 같은 기법을 설명하는 문제가 자주 나옵니다. 실무에서는 캐시 미스 시 짧은 락을 잡고, 락을 잡은 한 요청만 DB를 조회해 캐시를 채우도록 설계합니다. 나머지 요청은 잠깐 대기하거나, stale 값을 반환하는 전략을 쓰기도 합니다. 다만 락 TTL을 잘못 설정하면 데드락처럼 보이거나, 락 폭주로 지연이 늘 수 있어 주의가 필요합니다.		O	TRUE	X	FALSE					caching	redis	stampede	locking
Q462	Hot Key 문제		Backend - 아키텍처 패턴	20	OX	MEDIUM	특정 키에 트래픽이 집중되는 Hot Key는 Redis CPU 사용량과 지연 증가의 원인이 될 수 있다.	Hot Key는 특정 키에 요청이 몰려 Redis 한 지점이 병목이 되는 현상입니다. 면접에서는 핫키가 왜 문제인지와 완화(샤딩 키, 로컬 캐시, TTL 분산, 사전 워밍)를 묻기도 합니다. 실무에서는 캐시 서버가 충분히 커도 핫키 하나로 지연이 발생할 수 있어 위험합니다. 키 분산을 위해 suffix를 붙이거나(주의 필요), 읽기 전용 복제본을 두거나, 애플리케이션 레벨에서 로컬 캐시를 함께 쓰는 접근도 있습니다. 핫키는 관측(Top keys)과 함께 해결해야 합니다.		O	TRUE	X	FALSE					scaling	redis	hot_key	performance
Q463	Cache Penetration		Backend - 아키텍처 패턴	20	OX	MEDIUM	존재하지 않는 키 조회가 대량으로 발생하면 캐시를 거치지 못해 DB 부하가 커질 수 있는데, 이를 Cache Penetration이라고 한다.	Cache Penetration은 없는 데이터 요청이 반복되어 캐시 히트가 발생하지 않고 DB를 계속 때리는 문제입니다. 면접에서는 대응으로 네거티브 캐싱, Bloom Filter, 요청 검증 등을 묻는 경우가 많습니다. 실무에서는 존재하지 않는 ID를 무한 시도하는 봇 트래픽에서 자주 발생합니다. 네거티브 캐싱은 짧은 TTL로 “없음”을 저장해 DB 부하를 줄이지만, 실제 생성되는 데이터와 충돌하지 않게 TTL을 짧게 잡는 게 중요합니다. Bloom Filter는 메모리 효율이 좋지만 오탐 가능성을 이해해야 합니다.		O	TRUE	X	FALSE					caching	redis	penetration	backend
Q464	Negative Caching 주의점		Backend - 아키텍처 패턴	20	OX	MEDIUM	네거티브 캐싱을 너무 긴 TTL로 설정하면 실제로 데이터가 생성된 뒤에도 “없음”이 유지될 수 있다.	네거티브 캐싱은 없는 값 조회를 줄이는 데 효과적이지만 TTL이 길면 “생성된 데이터가 안 보이는” 문제가 생길 수 있습니다. 면접에서는 네거티브 캐싱의 장점과 함께 이 부작용을 짚는 질문이 나옵니다. 실무에서는 짧은 TTL을 두거나, 생성 이벤트에서 해당 키를 무효화하는 식으로 보완합니다. 또한 권한 없음 응답과 데이터 없음 응답을 섞어 캐싱하면 보안 문제가 생길 수 있어 스코프 분리가 필요합니다. 네거티브 캐싱은 매우 유용하지만 설계가 섬세해야 합니다.		O	TRUE	X	FALSE					caching	redis	negative_cache	consistency
Q465	Cache Aside 경쟁 조건		Backend - 아키텍처 패턴	20	OX	MEDIUM	Cache Aside에서 동시에 미스가 나면 여러 요청이 DB를 조회하고 같은 값을 중복으로 캐시에 쓸 수 있다.	Cache Aside는 단순하지만 동시성 상황에서 “중복 조회”가 발생하기 쉽습니다. 면접에서는 이 현상을 어떻게 완화할지(락, singleflight, request coalescing)를 물을 수 있습니다. 실무에서는 미스가 잦은 키나 만료 직후에 트래픽이 몰릴 때 DB 부하가 급증할 수 있습니다. 중복 쓰기 자체는 큰 문제가 아닐 수 있지만, 그 과정에서 DB가 병목이 되어 장애가 날 수 있는 게 핵심 리스크입니다. 따라서 동시 미스 상황을 가정한 보호 설계가 중요합니다.		O	TRUE	X	FALSE					caching	redis	cache_aside	concurrency
Q466	Write Through 개념		Backend - 아키텍처 패턴	20	OX	MEDIUM	Write Through는 데이터 변경 시 DB와 캐시에 동시에 쓰는 방식으로 캐시 최신성을 높일 수 있다.	Write Through는 쓰기 경로에서 캐시를 항상 최신으로 유지하려는 패턴입니다. 면접에서는 Cache Aside와 비교해 장단점을 설명하는 문제가 자주 나옵니다. 실무에서는 읽기 최신성이 좋아질 수 있지만, 쓰기 지연이 늘거나 실패 처리(캐시 쓰기 실패 시?)가 복잡해질 수 있습니다. 또한 캐시에 굳이 저장할 필요 없는 데이터까지 쓰게 되어 비용이 늘 수 있습니다. 그래서 데이터 특성과 트래픽 패턴에 맞게 선택하는 것이 중요합니다.		O	TRUE	X	FALSE					caching	redis	write_through	backend
Q467	Write Back 리스크		Backend - 아키텍처 패턴	20	OX	MEDIUM	Write Back은 캐시에 먼저 쓰고 나중에 DB에 반영하므로 DB 반영 전 장애가 나면 데이터 유실 위험이 있다.	Write Back은 쓰기 성능을 높일 수 있지만, 영속화 지연이 생겨 장애 시 유실 가능성이 있습니다. 면접에서는 “왜 위험한가”와 “어떤 경우에 쓰는가”를 묻기도 합니다. 실무에서는 큐잉, 배치, 로그 기반 복구 같은 보완이 없으면 안정적으로 운영하기 어렵습니다. Redis를 DB처럼 쓰는 설계는 특히 위험할 수 있어, 내구성 요구가 높은 도메인에서는 신중해야 합니다. Write Back은 성능과 내구성의 트레이드오프가 큽니다.		O	TRUE	X	FALSE					caching	redis	write_back	durability
Q468	캐시 무효화 타이밍		Backend - 아키텍처 패턴	20	OX	MEDIUM	DB 트랜잭션이 커밋되기 전에 캐시를 무효화하면 롤백 시 캐시만 삭제되어 불필요한 미스가 늘 수 있다.	무효화 타이밍은 정합성과 효율에 영향을 줍니다. 면접에서는 트랜잭션 커밋 이후(after commit) 무효화가 왜 중요한지 질문이 나올 수 있습니다. 실무에서는 커밋 전에 무효화를 하면 롤백 시에도 캐시가 비어버려 미스가 늘고 DB 부하가 커질 수 있습니다. 반대로 커밋 후 무효화가 늦으면 stale가 잠깐 보일 수 있어, 도메인 요구에 따라 허용 범위를 정해야 합니다. 트랜잭션과 캐시를 함께 설계하는 감각이 중요합니다.		O	TRUE	X	FALSE					caching	redis	invalidation	transaction
Q469	Double Delete 패턴		Backend - 아키텍처 패턴	20	OX	MEDIUM	캐시 더블 삭제(double delete)는 레이스로 인해 오래된 값이 다시 캐시에 들어가는 문제를 줄이기 위해 사용될 수 있다.	더블 삭제는 업데이트 시점 레이스를 완화하는 대표 패턴 중 하나입니다. 면접에서는 왜 두 번 지우는지(갱신과 조회 경쟁) 설명할 수 있어야 합니다. 실무에서는 업데이트 직후 즉시 DEL 하고, 잠깐 후(지연) 다시 DEL 해서 뒤늦게 들어온 stale 캐시를 제거하는 방식이 있습니다. 다만 지연 시간 설정이 어렵고, 완전한 해결책은 아니며 부하가 증가할 수 있습니다. 그래서 버전 기반 캐시나 락과 함께 비교해 선택합니다.		O	TRUE	X	FALSE					caching	redis	race_condition	invalidation
Q470	Cache Avalanche 완화		Backend - 아키텍처 패턴	20	OX	MEDIUM	캐시 아발란치(동시 만료) 완화를 위해 TTL에 랜덤 지터를 추가하는 방식이 자주 사용된다.	동시 만료는 순간적으로 미스가 폭발해 DB를 과부하시키는 원인이 됩니다. 면접에서는 TTL 지터가 왜 효과적인지 설명하는 문제가 나옵니다. 실무에서는 TTL에 작은 랜덤 값을 더해 만료 시점을 분산시키고, 히트가 급락하는 상황을 줄입니다. 하지만 지터만으로 스탬피드를 해결하진 못하므로 락이나 레이트리밋을 함께 씁니다. 즉 지터는 “동시 만료” 완화 도구로 이해하면 됩니다.		O	TRUE	X	FALSE					caching	redis	avalanche	scaling
Q471	Redis Pipeline과 원자성		Backend - 아키텍처 패턴	20	OX	MEDIUM	Redis pipeline은 네트워크 왕복을 줄이지만, 여러 명령을 하나의 원자적 트랜잭션으로 보장하지는 않는다.	pipeline은 성능 최적화이며 트랜잭션 보장은 별개입니다. 면접에서는 pipeline과 MULTI/EXEC(트랜잭션)의 차이를 구분할 수 있는지 봅니다. 실무에서 pipeline은 대량 키 조회/쓰기에서 RTT를 줄여 효과가 크지만, 중간 상태 노출이나 경쟁 조건이 문제가 되는 경우엔 적합하지 않을 수 있습니다. 원자성이 필요하면 Lua 스크립트나 트랜잭션, 또는 단일 명령(예: INCR)을 고려합니다. 목적에 맞게 도구를 선택해야 합니다.		O	TRUE	X	FALSE					scaling	redis	pipeline	concurrency
Q472	Redis INCR 원자성		Backend - 아키텍처 패턴	20	OX	MEDIUM	Redis의 INCR 같은 단일 명령은 원자적으로 수행되어 분산 카운터에 활용될 수 있다.	Redis는 단일 명령이 원자적으로 수행되는 특성이 있어 카운터, 레이트리밋에 자주 활용됩니다. 면접에서는 “왜 DB 대신 Redis 카운터를 쓰나” 질문에서 이 포인트가 중요합니다. 실무에서는 TTL과 함께 사용해 윈도우 기반 제한을 구현합니다. 다만 분산 환경에서 정확한 알고리즘(고정/슬라이딩 윈도우 등)에 따라 구현이 달라질 수 있습니다. 원자 명령을 조합할 때는 트랜잭션/스크립트가 필요할 수도 있습니다.		O	TRUE	X	FALSE					scaling	redis	rate_limit	atomic
Q473	Redis PubSub 내구성		Backend - 비동기 처리	19	OX	MEDIUM	Redis PubSub은 구독자가 잠시 끊기면 그동안의 메시지를 재전송해주는 내구성을 기본으로 제공한다.	Redis Pub/Sub은 기본적으로 브로드캐스트 성격이며, 구독자가 없거나 끊긴 동안의 메시지를 보장하지 않습니다. 면접에서는 Pub/Sub과 메시지 큐의 차이(내구성, 재처리)를 구분할 수 있어야 합니다. 실무에서 내구성이 필요하면 Redis Streams, Kafka, RabbitMQ 같은 대안을 고려합니다. Pub/Sub은 실시간 알림에는 편하지만 “유실 가능성”을 받아들여야 합니다. 따라서 이벤트 기반 캐시 무효화 신호로 쓸 때도 TTL 같은 안전장치가 필요합니다.		O	FALSE	X	TRUE					redis	pubsub	scaling	caching
Q474	캐시 무효화 이벤트 유실		Backend - 아키텍처 패턴	20	OX	MEDIUM	이벤트 기반 캐시 무효화는 이벤트 유실이 발생하면 stale 데이터가 남을 수 있어 TTL 같은 안전장치가 필요하다.	이벤트 기반 무효화는 정확하지만, 메시지 유실/지연이 발생하면 캐시가 오래된 값을 계속 반환할 수 있습니다. 면접에서는 “이벤트 무효화만 믿으면 안 되는 이유”로 자주 나옵니다. 실무에서는 TTL을 보험으로 두고, 중요 데이터는 캐시를 우회하거나 버전 체크를 추가합니다. 또한 이벤트 전달을 내구성 있는 채널(Streams/Kafka 등)로 바꾸는 선택도 있습니다. 무효화 설계는 ‘전달 신뢰도’까지 포함합니다.		O	TRUE	X	FALSE					caching	redis	invalidation	resilience
Q475	캐시와 Read Replica 비교		Backend - 아키텍처 패턴	20	OX	MEDIUM	읽기 부하 완화에는 캐시뿐 아니라 DB Read Replica(복제본)도 사용될 수 있으며, 둘은 역할이 다르다.	캐시와 Read Replica는 모두 읽기 확장에 쓰이지만 특성이 다릅니다. 면접에서는 캐시는 빠르지만 stale 가능, Replica는 DB 쿼리를 그대로 쓰지만 복제 지연이 있을 수 있다는 점을 비교하기도 합니다. 실무에서는 캐시로 핫 데이터를 처리하고, Replica로 나머지 읽기를 분산하는 혼합 전략을 쓰기도 합니다. 또한 Replica는 스키마/쿼리 복잡도가 유지되지만, 비용과 운영이 추가됩니다. 스케일링은 한 가지 도구만으로 해결되지 않는 경우가 많습니다.		O	TRUE	X	FALSE					scaling	redis	caching	database
Q476	Cache Invalidation vs Update		Backend - 아키텍처 패턴	20	OX	MEDIUM	캐시를 갱신(update)하는 것보다 삭제(invalidate)가 멱등성이 높아 운영이 단순한 경우가 많다.	삭제는 키가 없더라도 같은 상태를 만들기 때문에 재시도/중복 이벤트에 강합니다. 면접에서는 왜 delete가 운영적으로 안전한지(멱등성, 레이스 감소)를 설명하면 좋습니다. 실무에서는 update는 순서 뒤바뀜이나 부분 실패로 stale를 만들 가능성이 있습니다. 물론 delete는 미스를 유발하므로 부하가 늘 수 있어 핫키는 워밍이나 락과 함께 씁니다. 상황에 따라 delete/update를 선택하는 기준을 말할 수 있어야 합니다.		O	TRUE	X	FALSE					caching	redis	invalidation	operations
Q477	Redis 직렬화 포맷 선택		Backend - 언어 & 프레임워크	21	OX	MEDIUM	Redis 캐시에 JSON을 쓰면 디버깅은 쉬워지지만 payload가 커져 네트워크 비용이 늘 수 있다.	JSON은 사람이 읽기 쉬워 운영 디버깅에 유리하지만, 크기와 직렬화 비용이 늘 수 있습니다. 면접에서는 포맷 선택의 트레이드오프를 설명하는 문제가 나옵니다. 실무에서는 JSON, MessagePack, protobuf 등 중 서비스 성격에 맞게 선택합니다. 또한 캐시 값이 커지면 히트율이 높아도 지연이 커질 수 있어 주의합니다. 포맷은 성능, 비용, 운영 편의성의 균형 문제입니다.		O	TRUE	X	FALSE					caching	redis	serialization	performance
Q478	캐시와 멱등 키		Backend - 아키텍처 패턴	20	OX	MEDIUM	동일 작업을 중복 실행하지 않기 위해 Redis에 멱등 키(idempotency key)를 저장하는 패턴이 사용될 수 있다.	결제/주문 같은 API에서 중복 요청이 들어오면 같은 작업이 두 번 처리될 수 있습니다. 면접에서는 멱등성 확보 방법으로 멱등 키를 묻기도 합니다. 실무에서는 요청의 고유 키를 Redis에 짧은 TTL로 저장하고, 이미 존재하면 중복 처리를 막는 방식이 자주 사용됩니다. 다만 키 충돌, TTL 설정, 분산 환경에서의 경쟁 조건을 고려해야 합니다. Redis는 빠른 상태 공유에 강점이 있어 이런 패턴에 잘 맞습니다.		O	TRUE	X	FALSE					scaling	redis	idempotency	backend
Q479	캐시와 메트릭 해석		Backend - 아키텍처 패턴	20	OX	MEDIUM	캐시 히트율이 높아도 p99 지연이 악화되면 big key나 네트워크 병목을 의심해볼 수 있다.	히트율은 ‘재사용’만 보여주고, 지연의 원인을 설명하진 못합니다. 면접에서는 히트율과 지연 지표를 함께 해석할 수 있는지 보기도 합니다. 실무에서는 p99 악화 시 big key, 직렬화 비용, 커넥션 풀 고갈, 네트워크 지연, 핫키 등을 의심합니다. 또한 Redis slowlog나 top keys 같은 관측을 통해 원인을 좁힙니다. 캐시 운영은 지표를 “입체적으로” 보는 능력이 중요합니다.		O	TRUE	X	FALSE					caching	redis	monitoring	performance
Q480	Redis 장애와 폴백 전략		Backend - 아키텍처 패턴	20	OX	MEDIUM	Redis 장애 시 무조건 DB로 폴백하는 것만으로는 안전하지 않을 수 있으며, 레이트리밋이나 기능 저하가 함께 필요할 수 있다.	캐시가 비면 DB로 트래픽이 몰려 2차 장애가 나기 쉽습니다. 면접에서는 이 상황을 어떻게 막을지(서킷 브레이커, 레이트리밋, degrade)를 묻는 경우가 많습니다. 실무에서는 핵심 기능만 제한적으로 폴백하고, 부가 기능은 끄는 전략이 흔합니다. 또한 재시도 폭풍을 막기 위해 backoff와 jitter를 적용합니다. 캐시 장애는 단일 컴포넌트 문제가 아니라 “시스템 전체 생존” 문제로 봐야 합니다.		O	TRUE	X	FALSE					scaling	redis	resilience	caching
Q481	분산락 TTL 필요성		Backend - 아키텍처 패턴	20	OX	MEDIUM	Redis 분산락을 사용할 때는 락을 잡은 프로세스가 죽어도 풀리도록 락 TTL을 설정하는 것이 일반적이다.	분산락은 스탬피드 방지나 중복 실행 방지에 유용하지만, 락 해제가 보장되지 않으면 서비스가 멈춘 것처럼 보일 수 있습니다. 면접에서는 “왜 TTL이 필수인가”를 묻는 경우가 많습니다. 실무에서는 SET NX PX 같은 패턴으로 락을 만들고, 만료 시간으로 데드락을 예방합니다. 다만 TTL이 너무 짧으면 작업 중 락이 풀려 동시 실행이 다시 발생할 수 있어 작업 시간 상한을 고려해야 합니다. 분산락은 만능이 아니라 운영 리스크를 줄이는 도구입니다.		O	TRUE	X	FALSE					caching	redis	locking	concurrency
Q482	분산락 공정성(fairness)		Backend - 아키텍처 패턴	20	OX	MEDIUM	Redis 기반 분산락은 기본적으로 “먼저 기다린 요청이 먼저 락을 얻는다”는 공정성을 항상 보장한다.	많은 Redis 락 구현은 공정성까지 보장하지 않습니다. 면접에서는 “락의 성질(공정성/기아)”를 구분하는 질문이 나올 수 있습니다. 실무에서는 공정성이 필요하면 큐 기반 락이나 전용 락 시스템을 고려합니다. 단순한 NX 락은 경쟁이 치열할 때 특정 요청이 계속 못 얻는 기아가 생길 수 있습니다. 따라서 분산락 사용 목적과 요구 성질을 먼저 정의해야 합니다.		O	FALSE	X	TRUE					redis	locking	scaling	fairness
Q483	Redlock 논쟁 포인트		Backend - 아키텍처 패턴	20	OX	MEDIUM	분산락 알고리즘(예: Redlock)은 네트워크 분할 등 분산 시스템 특성에서 안전성 논쟁이 있어, 임계영역 성격에 따라 신중히 선택해야 한다.	분산락은 단순해 보이지만 네트워크 파티션, 클럭, 지연 등으로 안전성이 흔들릴 수 있습니다. 면접에서는 “분산락은 어렵다”는 인식을 보여주는 것이 좋습니다. 실무에서는 금융/정산처럼 강한 일관성이 필요한 임계영역이면 DB 트랜잭션/유니크 제약/로그 기반 처리로 해결하는 경우도 많습니다. Redis 락은 보조 수단이며, 업무 중요도에 따라 설계를 달리해야 합니다. 락은 시스템의 가정을 명확히 해야 합니다.		O	TRUE	X	FALSE					redis	locking	caching	architecture
Q484	캐시 일관성 모델		Backend - 아키텍처 패턴	20	OX	MEDIUM	캐시는 보통 강한 일관성(strong consistency)보다 최종적 일관성(eventual consistency)을 전제로 설계되는 경우가 많다.	캐시는 stale 가능성을 내재하며, 일정 시간 뒤에 맞춰지는 eventual consistency를 허용하는 경우가 많습니다. 면접에서는 “어느 정도 stale를 허용하는가”를 질문할 수 있습니다. 실무에서는 TTL, 이벤트 무효화, 버전 키로 eventual consistency를 관리합니다. 강한 일관성이 필요한 구간은 캐시를 우회하거나 DB 검증을 추가합니다. 캐시는 정합성 요구를 먼저 정의하고 적용해야 합니다.		O	TRUE	X	FALSE					caching	redis	consistency	backend
Q485	Stale-While-Revalidate		Backend - 아키텍처 패턴	20	OX	MEDIUM	Stale-While-Revalidate 전략은 만료 직후에도 잠깐 오래된 값을 주고, 백그라운드에서 갱신해 지연 스파이크를 줄이는 데 도움이 된다.	SWR은 사용자 지연을 줄이면서 캐시 최신성도 점진적으로 확보하는 전략입니다. 면접에서는 스탬피드 완화 전략으로 언급될 수 있습니다. 실무에서는 “조금 stale 허용”이 가능한 데이터에 적용하면 효과가 큽니다. 다만 stale 허용 범위를 명확히 해야 하고, 갱신 실패 시 계속 stale만 나가는 상황을 모니터링해야 합니다. SWR은 성능과 정합성의 절충안입니다.		O	TRUE	X	FALSE					caching	redis	swr	performance
Q486	Read-Through 캐시		Backend - 아키텍처 패턴	20	OX	MEDIUM	Read-Through 캐시는 애플리케이션이 DB를 직접 조회하지 않고 캐시 계층이 미스를 처리해 채우는 방식이다.	Read-Through는 캐시가 미스 처리(원본 조회)를 담당해 애플리케이션 코드를 단순화할 수 있습니다. 면접에서는 Cache Aside와 비교해 설명할 수 있어야 합니다. 실무에서는 라이브러리/프록시 형태로 구현되며 운영 복잡도와 장애 격리 설계가 중요합니다. 캐시가 원본 조회까지 책임지므로 캐시 장애가 더 치명적일 수 있습니다. 따라서 타임아웃/폴백 설계를 더 신중히 해야 합니다.		O	TRUE	X	FALSE					caching	redis	read_through	architecture
Q487	Lua 스크립트 활용		Backend - 아키텍처 패턴	20	OX	MEDIUM	Redis Lua 스크립트는 여러 명령을 한 번에 실행해 원자적(atomic) 처리를 구현하는 데 사용될 수 있다.	Lua 스크립트는 Redis에서 복수 연산을 원자적으로 처리해야 할 때 자주 사용됩니다. 면접에서는 “원자성 필요 시 선택지”로 트랜잭션과 Lua를 비교하는 질문이 나올 수 있습니다. 실무에서는 레이트리밋, 재고 감소, 멱등 키 처리처럼 경쟁이 심한 로직에 적용합니다. 다만 스크립트가 길거나 무거우면 Redis를 블로킹해 지연을 키울 수 있어 주의가 필요합니다. 원자성은 성능과 함께 설계해야 합니다.		O	TRUE	X	FALSE					redis	atomic	scaling	caching
Q488	Redis 트랜잭션 한계		Backend - 아키텍처 패턴	20	OX	MEDIUM	Redis MULTI EXEC 트랜잭션은 중간 실패 시 자동 롤백(rollback)을 완전히 보장하는 DB 트랜잭션과 동일하다.	Redis 트랜잭션은 명령 큐잉과 일괄 실행 성격이 강하고, DB 트랜잭션 같은 롤백 의미와는 다릅니다. 면접에서는 이 차이를 알고 있는지 확인하는 경우가 있습니다. 실무에서는 강한 ACID가 필요한 경우 DB 트랜잭션이나 별도 설계를 씁니다. Redis에서는 원자 단일 명령이나 Lua로 해결하는 경우가 많습니다. “DB 트랜잭션과 동일”로 생각하면 위험합니다.		O	FALSE	X	TRUE					redis	transaction	caching	consistency
Q489	캐시와 Versioning 정합성		Backend - 아키텍처 패턴	20	OX	MEDIUM	캐시 키에 버전을 포함하면 오래된 값을 최신 값으로 덮어쓰는 레이스를 줄이는 데 도움이 될 수 있다.	버전 키는 업데이트 순서가 뒤엉켜 stale가 다시 들어오는 문제를 완화할 수 있습니다. 면접에서는 “왜 버전이 도움이 되는가”를 설명할 수 있어야 합니다. 실무에서는 엔티티 version이나 updatedAt을 키에 포함하거나, value에 version을 함께 저장해 비교합니다. 다만 버전 증가가 너무 잦으면 키 폭발이 생길 수 있어 적용 범위를 조절해야 합니다. 버저닝은 정합성·운영 안전성에 유리한 패턴입니다.		O	TRUE	X	FALSE					caching	redis	versioning	concurrency
Q490	Cache Warming 부작용		Backend - 아키텍처 패턴	20	OX	MEDIUM	캐시 워밍을 무리하게 실행하면 워밍 자체가 DB에 큰 부하를 주어 역효과가 날 수 있다.	워밍은 미스 폭발을 줄이지만, 워밍 트래픽도 결국 원본을 조회합니다. 면접에서는 워밍의 장점뿐 아니라 “부하 통제”를 함께 말하면 좋습니다. 실무에서는 핫키만 제한적으로 워밍하고, 레이트리밋/분산 실행/시간 분산으로 부하를 제어합니다. 또한 워밍이 실패해도 서비스가 정상 동작하도록 폴백을 준비해야 합니다. 워밍은 운영 작업이므로 통제가 핵심입니다.		O	TRUE	X	FALSE					scaling	redis	warming	backend
Q491	Eviction과 히트율		Database - NoSQL	27	OX	MEDIUM	eviction이 증가하면 캐시 미스가 늘고, 결과적으로 DB 부하가 증가할 가능성이 높다.	eviction은 메모리 부족 등으로 캐시 항목이 강제로 제거되는 현상입니다. 면접에서는 eviction이 왜 위험 신호인지 설명해야 합니다. 실무에서는 eviction 상승이 히트율 하락과 DB 부하 상승으로 이어지는 경우가 많습니다. 따라서 maxmemory 설정, 키 크기 관리, TTL 정책 점검이 필요합니다. eviction은 캐시의 “용량 한계”를 알려주는 지표입니다.		O	TRUE	X	FALSE					caching	redis	eviction	performance
Q492	Big Key와 운영 리스크		Database - NoSQL	27	OX	MEDIUM	Big Key는 네트워크 전송과 연산 비용을 키워 p99 지연을 악화시키는 원인이 될 수 있다.	Big Key는 한 번에 다루는 데이터가 커서 지연과 메모리 압박을 키웁니다. 면접에서는 big key가 왜 문제인지와 탐지/대응을 묻기도 합니다. 실무에서는 큰 값을 분할 저장하거나, 필요한 필드만 저장하거나, 만료/압축을 적용합니다. 또한 big key 삭제는 비용이 클 수 있어 운영 작업에도 주의가 필요합니다. big key는 히트율이 좋아도 서비스 품질을 망칠 수 있습니다.		O	TRUE	X	FALSE					redis	big_key	caching	performance
Q493	Cache Aside와 쓰기 경로		Backend - 아키텍처 패턴	20	OX	MEDIUM	Cache Aside 패턴에서는 일반적으로 DB를 먼저 쓰고, 이후 캐시를 삭제하거나 갱신하는 흐름이 많이 사용된다.	Cache Aside에서 쓰기 흐름은 보통 DB가 기준(Source of Truth)입니다. 면접에서는 “write path에서 캐시를 어떻게 다루나”를 묻습니다. 실무에서는 DB 커밋 이후 캐시 DEL을 하거나, 업데이트된 값을 SET하는 방식이 있습니다. 삭제는 멱등성이 높아 운영이 단순한 편입니다. 다만 갱신을 선택하면 레이스와 순서 문제를 고려해야 합니다.		O	TRUE	X	FALSE					caching	redis	cache_aside	write_path
Q494	TTL과 최신성 트레이드오프		Backend - 아키텍처 패턴	20	OX	MEDIUM	TTL을 길게 잡으면 히트율은 올라갈 수 있지만 stale 데이터가 노출될 가능성도 커진다.	TTL은 히트율과 최신성 사이의 핵심 트레이드오프입니다. 면접에서는 TTL을 어떻게 정할지 질문이 나올 수 있습니다. 실무에서는 도메인별 허용 stale 시간, 변경 빈도, DB 비용을 기준으로 TTL을 조정합니다. 또한 이벤트 무효화가 있다면 TTL을 더 길게 두고 보험으로 쓰기도 합니다. 정답은 하나가 아니라 “요구사항 기반”이라는 점을 말할 수 있어야 합니다.		O	TRUE	X	FALSE					caching	redis	ttl	consistency
Q495	Read Replica의 복제 지연		Database - 관계형 데이터베이스	23	OX	MEDIUM	DB Read Replica는 복제 지연이 있을 수 있어 최신 데이터가 즉시 반영되지 않을 수 있다.	복제본은 읽기 확장에 유용하지만, 복제 지연으로 최신성이 깨질 수 있습니다. 면접에서는 캐시 stale과 replica stale을 비교하는 질문이 나오기도 합니다. 실무에서는 강한 최신성이 필요한 읽기는 primary로 보내고, 나머지는 replica로 분산합니다. 캐시와 replica 모두 “최신성 요구”를 기준으로 사용 범위를 정해야 합니다. 스케일링은 항상 정합성과 연결됩니다.		O	TRUE	X	FALSE					scaling	database	replication	redis
Q496	캐시와 멱등성 키 경쟁		Backend - 아키텍처 패턴	20	OX	MEDIUM	멱등 키를 Redis에 저장할 때 SET NX를 사용하면 동시에 들어온 중복 요청을 한 번만 처리하도록 만들 수 있다.	SET NX는 “없을 때만 설정”이라 동시성 제어에 유용합니다. 면접에서는 멱등 처리 구현에서 NX와 TTL을 함께 언급하면 좋습니다. 실무에서는 요청 ID를 키로 잡고, 성공/처리중 상태를 저장해 중복 처리를 막습니다. 다만 처리 시간이 길면 TTL이 짧아서 중복 처리가 다시 열릴 수 있어 TTL을 작업 시간보다 길게 잡아야 합니다. 멱등성은 재시도/중복 요청이 많은 환경에서 매우 중요한 주제입니다.		O	TRUE	X	FALSE					redis	idempotency	scaling	caching
Q497	캐시 장애 시 DB 보호		Backend - 아키텍처 패턴	20	OX	MEDIUM	캐시 장애 시 DB 보호를 위해 레이트리밋을 걸어 일부 요청을 거절하는 전략이 사용될 수 있다.	캐시가 비면 DB로 몰리기 때문에 “모든 요청을 살린다”가 오히려 전체 장애를 만들 수 있습니다. 면접에서는 이 상황에서 레이트리밋/서킷 브레이커/기능 저하를 말하면 좋습니다. 실무에서는 핵심 기능만 제한적으로 유지하고, 부가 기능은 429/503로 제한하는 식으로 서비스 생존을 우선합니다. 이는 사용자 경험과 운영 안정성 사이의 현실적인 선택입니다. 시스템은 과부하에서 스스로를 보호해야 합니다.		O	TRUE	X	FALSE					scaling	redis	rate_limit	resilience
Q498	캐시와 보안 토큰 저장		Security - 인증/인가	52	OX	MEDIUM	인증 토큰/세션을 Redis에 저장할 때는 TTL과 함께 접근 제어 및 암호화/보호 정책을 고려해야 한다.	인증/세션 데이터는 민감하므로 TTL로 만료를 보장하고, 네트워크 접근 제어와 운영 보안이 중요합니다. 면접에서는 “Redis를 안전하게 쓰려면?” 질문에서 이 포인트를 말하면 좋습니다. 실무에서는 VPC/방화벽으로 외부 접근을 차단하고, 필요하면 전송구간 TLS, at-rest 암호화 옵션을 고려합니다. 또한 키에 민감정보를 직접 넣지 않고 내부 식별자로 대체합니다. 캐시/세션 저장소도 보안 경계 안에서 운영해야 합니다.		O	TRUE	X	FALSE					redis	security	caching	scaling
Q499	캐시와 관측(Top keys)		Backend - 아키텍처 패턴	20	OX	MEDIUM	핫키/빅키 문제를 찾기 위해 Top keys 같은 관측이 유용할 수 있다.	핫키와 빅키는 지연과 장애를 만드는 대표 원인입니다. 면접에서는 “어떻게 진단할 거냐” 질문에서 top keys/slowlog/메트릭을 언급하면 좋습니다. 실무에서는 특정 키에 QPS가 몰리는지, 값이 비정상적으로 큰지, eviction이 증가하는지를 함께 봅니다. 관측이 없으면 문제를 ‘감’으로만 추정하게 되어 대응이 느려집니다. 캐시는 눈에 보이지 않는 병목이 되기 쉬워 관측이 핵심입니다.		O	TRUE	X	FALSE					caching	redis	monitoring	hot_key
Q500	캐시 전략 선택		Backend - 아키텍처 패턴	20	OX	MEDIUM	캐시 전략(Cache Aside, Write Through 등)은 정합성 요구와 트래픽 패턴에 따라 선택해야 하며, 하나가 항상 정답인 것은 아니다.	캐시 패턴은 각각 장단점이 있어 서비스 요구사항에 맞게 선택해야 합니다. 면접에서는 패턴을 외우는 것보다 “언제 무엇을 선택하는가”가 평가 포인트입니다. 실무에서는 읽기 중심이면 Cache Aside가 단순하고, 최신성 요구가 크면 Write Through를 고려할 수 있습니다. 하지만 쓰기 비용, 실패 처리, 운영 복잡도가 함께 변하므로 반드시 트레이드오프를 설명해야 합니다. 캐시는 기술이 아니라 설계 결정이라는 점이 핵심입니다.		O	TRUE	X	FALSE					caching	redis	architecture	scaling
Q501	Cache Stampede와 TTL 지터 차이		Backend - 아키텍처 패턴	20	OX	MEDIUM	TTL에 지터를 넣는 것은 스탬피드 자체를 “완전히” 막아준다.	TTL 지터는 동시 만료로 인한 아발란치를 줄이는 데 도움은 되지만, 핫키가 만료되는 순간 동시 미스가 발생하는 스탬피드를 완전히 제거하진 못합니다. 면접에서는 지터와 락(singleflight) 같은 “요청 합치기” 기법의 역할 차이를 구분하는지 봅니다. 실무에서는 지터로 만료 시점을 분산시키고, 그래도 남는 동시 미스는 락/백오프/스테일 반환으로 완화합니다. 지터는 보조 수단이며, 트래픽 패턴에 따라 효과가 제한될 수 있습니다. 결국 스탬피드 대응은 여러 장치를 조합하는 문제입니다.		O	FALSE	X	TRUE					caching	redis	stampede	avalanche
Q502	Singleflight 대기 전략		Backend - 아키텍처 패턴	20	OX	MEDIUM	singleflight 락을 쓸 때, 락을 못 얻은 요청은 항상 DB를 직접 조회해야 한다.	singleflight의 목적은 “락을 못 얻은 요청”이 DB로 내려가지 않게 막는 것입니다. 면접에서는 락을 못 얻은 요청을 어떻게 처리하는지(짧게 대기, 스테일 반환, 빠른 실패)를 묻기도 합니다. 실무에서는 락 대기 시간을 짧게 두고, 타임아웃 시 폴백하거나 스테일 값을 주는 전략이 흔합니다. 모든 요청이 DB로 내려가면 singleflight의 의미가 없어집니다. 따라서 대기/폴백 정책까지가 설계의 일부입니다.		O	FALSE	X	TRUE					caching	redis	locking	stampede
Q503	캐시 키 네임스페이스		Backend - 아키텍처 패턴	20	OX	MEDIUM	캐시 키에 서비스명 또는 도메인(prefix)을 두면 다른 기능과의 키 충돌을 줄일 수 있다.	Redis는 여러 기능이 한 인스턴스를 공유하는 경우가 많아 키 충돌과 운영 혼란이 생기기 쉽습니다. 면접에서는 키 설계에서 네임스페이스가 왜 중요한지 묻습니다. 실무에서는 app:domain:entity:id 같은 규칙으로 키를 통일해 검색, 삭제, 버저닝, 모니터링을 쉽게 합니다. 또한 키만 봐도 의미를 파악할 수 있어 장애 대응 속도가 올라갑니다. 네임스페이스는 성능보다 운영성과 안정성에 더 큰 영향을 줍니다.		O	TRUE	X	FALSE					caching	redis	key_design	operations
Q504	캐시 키에 민감정보 포함		Security - 취약점	53	OX	MEDIUM	캐시 키에 이메일이나 전화번호 같은 민감정보를 그대로 넣어도 운영상 큰 문제는 없다.	캐시 키는 로그, 모니터링 태그, APM 트레이싱, 디버그 출력으로 노출될 수 있어 민감정보를 그대로 넣으면 유출 위험이 큽니다. 면접에서는 “값뿐 아니라 키도 민감할 수 있다”는 점이 좋은 포인트입니다. 실무에서는 키에 민감정보를 직접 넣지 않고 내부 ID나 해시로 대체합니다. 또한 데이터 보호 규정 측면에서도 키에 PII를 넣는 것은 위험한 선택입니다. 보안은 구현 편의보다 우선해야 합니다.		O	FALSE	X	TRUE					caching	redis	security	pii
Q505	TTL 0 의미		Database - NoSQL	27	OX	MEDIUM	Redis에서 TTL을 0으로 설정하면 보통 키가 “영구”로 남도록 설정하는 의미로 사용된다.	일반적으로 TTL을 설정하지 않으면 키가 만료되지 않지만, TTL 값을 0으로 두는 해석은 라이브러리/명령에 따라 달라질 수 있어 혼동 포인트입니다. 면접에서는 “만료를 원하면 EX/PX를 명시”하고, 영구 키는 TTL 없이 관리한다고 말하는 편이 안전합니다. 실무에서도 TTL은 명시적으로 설정하고, TTL 누락을 방지하는 규칙을 둡니다. 이 문장은 일반적인 이해로 오해를 낳을 수 있어 주의가 필요합니다. 캐시는 TTL 처리의 일관성이 매우 중요합니다.		O	FALSE	X	TRUE					redis	ttl	caching	pitfalls
Q506	Lazy Expiration 영향		Database - NoSQL	27	OX	MEDIUM	만료된 키는 항상 만료 시각에 즉시 메모리에서 제거되므로, 만료 키가 메모리를 차지하는 일은 없다.	Redis는 만료 키 제거가 항상 즉시 일어나지 않을 수 있어(지연/백그라운드/접근 시 정리) 만료 키가 잠시 메모리를 차지하는 상황이 생길 수 있습니다. 면접에서는 만료가 “정확히 그 시각에 제거”된다고 단정하면 위험합니다. 실무에서는 만료 키 비율이 높으면 active expiration 비용이 늘어 지연이 생길 수 있어 모니터링이 필요합니다. 즉 TTL은 정합성 도구이지만, 만료 처리 자체도 시스템 비용이 됩니다. 대량 TTL 설정은 운영 성능과 연결됩니다.		O	FALSE	X	TRUE					redis	ttl	performance	caching
Q507	Redis DB 번호 분리		Backend - 아키텍처 패턴	20	OX	MEDIUM	Redis DB 번호(0,1,2...)로 기능을 분리하면 장애 격리와 권한 분리가 완벽히 해결된다.	Redis DB 번호 분리는 논리적 분리일 뿐, 동일 인스턴스의 자원(CPU/메모리/네트워크)을 공유하므로 장애 격리가 완벽하다고 볼 수 없습니다. 면접에서는 “논리 분리 vs 물리 분리”를 구분하는 질문이 나올 수 있습니다. 실무에서는 중요한 세션/락과 캐시를 워크로드로 분리하려면 인스턴스/클러스터 분리까지 고려합니다. DB 번호 분리는 관리 편의엔 도움이 될 수 있지만, 강한 격리 요구를 충족하진 못합니다. 격리가 필요하면 물리 분리가 더 안전합니다.		O	FALSE	X	TRUE					scaling	redis	isolation	operations
Q508	Cache Aside에서 stale 허용		Backend - 아키텍처 패턴	20	OX	MEDIUM	Cache Aside를 쓰면 항상 최신 데이터만 사용자에게 제공된다.	Cache Aside는 캐시가 stale일 수 있으며, 무효화/TTL/이벤트 전달이 완벽하지 않으면 오래된 값이 노출될 수 있습니다. 면접에서는 캐시의 기본 전제가 “최신성 100% 보장 아님”이라는 점입니다. 실무에서는 최신성이 중요한 경로는 캐시를 우회하거나, 버전 체크/afterCommit 무효화 같은 보완을 합니다. 캐시를 도입하면 정합성 요구를 다시 정의해야 합니다. 따라서 “항상 최신”이라고 단정하면 위험합니다.		O	FALSE	X	TRUE					caching	redis	consistency	cache_aside
Q509	Read-Through 장애 영향		Backend - 아키텍처 패턴	20	OX	MEDIUM	Read-Through 캐시는 미스 시 원본 조회까지 캐시 계층이 담당하므로, 캐시 장애가 더 넓은 범위에 영향을 줄 수 있다.	Read-Through는 애플리케이션이 원본 접근을 직접 하지 않으므로 캐시 계층이 더 중요한 역할을 합니다. 면접에서는 단순화의 장점과 함께 “의존성 강화”의 단점도 말해야 합니다. 실무에서는 캐시 계층 장애 시 원본 조회 경로 자체가 막히는 구조가 될 수 있어, 폴백 경로를 별도로 두거나 설계를 신중히 합니다. Cache Aside가 더 흔한 이유 중 하나도 장애 격리 측면이 있습니다. 즉 패턴은 성능뿐 아니라 장애 모델까지 포함해 선택해야 합니다.		O	TRUE	X	FALSE					caching	redis	read_through	resilience
Q510	캐시 버저닝의 비용		Backend - 아키텍처 패턴	20	OX	MEDIUM	키 버저닝은 FLUSHALL보다 안전하지만, 버전 변경 직후 미스 증가로 DB 부하가 상승할 수 있다.	버저닝은 기존 캐시를 즉시 날리지 않아 운영 리스크를 줄이지만, 새 버전 캐시는 비어 있어 미스가 늘어납니다. 면접에서는 “안전하지만 비용이 있다”는 트레이드오프를 말하면 좋습니다. 실무에서는 배포 직후 DB 보호를 위해 워밍, 레이트리밋, 점진 배포를 함께 둡니다. 또한 버전을 너무 자주 바꾸면 키 폭발과 메모리 증가가 생길 수 있습니다. 버저닝은 운영 도구이지만 사용 빈도와 보호 설계가 중요합니다.		O	TRUE	X	FALSE					caching	redis	versioning	scaling
Q511	대량 삭제의 위험		Backend - 아키텍처 패턴	20	OX	MEDIUM	운영 중 특정 패턴의 키를 대량 삭제할 때는 미스 폭발로 DB 부하가 급증할 수 있다.	대량 삭제는 즉시 캐시 히트율을 떨어뜨리고 DB로 트래픽을 몰아넣을 수 있습니다. 면접에서는 “캐시를 비우면 빨라진다” 같은 오해를 교정하는 질문이 나옵니다. 실무에서는 대량 삭제가 필요하면 시간 분산, 워밍, 레이트리밋, 점진 삭제를 고려합니다. 특히 핫키를 한 번에 날리면 스탬피드가 터질 수 있습니다. 캐시 운영은 삭제도 “배포 수준의 작업”으로 봐야 합니다.		O	TRUE	X	FALSE					caching	redis	operations	resilience
Q512	Big Key 삭제 비용		Database - NoSQL	27	OX	MEDIUM	Big Key를 삭제하는 작업은 경우에 따라 Redis 지연을 유발할 수 있어 운영 시 주의가 필요하다.	큰 값/큰 컬렉션 키는 삭제가 한 번에 처리되면 Redis 이벤트 루프에 부담을 줄 수 있습니다. 면접에서는 big key가 “조회뿐 아니라 삭제도 위험”할 수 있음을 말하면 좋습니다. 실무에서는 big key를 분할 저장하거나, 안전한 삭제 전략을 고려합니다. 또한 big key를 만들지 않도록 데이터 모델링 단계에서 제한을 두기도 합니다. big key는 성능과 운영 안정성 모두에 악영향을 줍니다.		O	TRUE	X	FALSE					redis	big_key	caching	operations
Q513	Pipeline 과다 사용		Backend - 아키텍처 패턴	20	OX	MEDIUM	pipeline은 항상 많이 쓸수록 좋으며, 크기를 크게 잡을수록 성능이 무조건 좋아진다.	pipeline은 RTT를 줄이지만, 너무 크게 잡으면 응답 대기와 메모리 사용이 늘고 오히려 지연이 커질 수 있습니다. 면접에서는 “최적화는 트레이드오프”라는 관점을 봅니다. 실무에서는 적절한 배치 크기를 찾고, 타임아웃과 함께 조절합니다. 또한 큰 pipeline은 장애 상황에서 재시도 폭풍을 악화시킬 수 있어 주의가 필요합니다. pipeline은 도구일 뿐, 무조건 크게가 정답은 아닙니다.		O	FALSE	X	TRUE					scaling	redis	pipeline	performance
Q514	레이트리밋 구현 핵심		Backend - 아키텍처 패턴	20	OX	MEDIUM	Redis 레이트리밋 구현에서는 원자적 증가(INCR)와 만료(TTL)를 함께 사용하는 패턴이 흔하다.	레이트리밋은 동시 요청이 많아 원자성이 핵심입니다. 면접에서는 fixed window/rolling window와 함께 Redis를 어떻게 쓰는지 물을 수 있습니다. 실무에서는 INCR로 카운트를 올리고, 키에 TTL을 둬 윈도우를 형성합니다. 더 정교한 방식은 Lua로 원자 처리하거나, sliding window를 구현하기도 합니다. 어떤 방식이든 경쟁 조건과 TTL 설정이 핵심 포인트입니다.		O	TRUE	X	FALSE					scaling	redis	rate_limit	atomic
Q515	레이트리밋과 다중 인스턴스		Backend - 아키텍처 패턴	20	OX	MEDIUM	서버가 여러 대여도 Redis를 공유하면 레이트리밋을 전역(global)으로 적용하기 쉽다.	로컬 메모리 카운터는 서버별로 분리되어 전역 제한이 어렵습니다. 면접에서는 전역 레이트리밋을 위해 공유 저장소가 필요하다는 점을 말하면 좋습니다. 실무에서 Redis는 빠르고 원자 명령이 있어 전역 레이트리밋에 잘 맞습니다. 다만 Redis 장애 시 레이트리밋이 풀리거나 과도하게 걸릴 수 있어 폴백 정책을 정해야 합니다. 레이트리밋도 운영 정책의 일부입니다.		O	TRUE	X	FALSE					scaling	redis	rate_limit	backend
Q516	세션 저장과 sticky session		Backend - 웹 서버 기초	17	OX	MEDIUM	Redis로 세션을 공유하면 로드밸런서의 sticky session 의존도를 줄일 수 있다.	sticky session은 특정 사용자 트래픽을 같은 서버로 보내 세션을 유지하는 방식입니다. 면접에서는 스케일아웃에서 sticky가 왜 한계가 있는지(장애/확장/배포) 질문이 나올 수 있습니다. 실무에서는 Redis 같은 공유 세션 저장소로 상태를 외부화하면 서버 교체와 확장이 쉬워집니다. 다만 세션 저장소가 병목/단일 장애점이 될 수 있어 안정성 설계가 필요합니다. 상태 외부화는 스케일링의 핵심 패턴 중 하나입니다.		O	TRUE	X	FALSE					scaling	redis	session	load_balancing
Q517	캐시와 권한 결과 캐싱		Security - 인증/인가	52	OX	MEDIUM	권한 체크 결과를 캐싱할 때는 사용자 스코프 분리뿐 아니라 권한 변경 시 무효화 전략도 중요하다.	권한은 시간이 지나며 바뀔 수 있어 캐시를 오래 유지하면 보안 결함이 됩니다. 면접에서는 “권한 변경 이벤트가 반영되나”를 묻기도 합니다. 실무에서는 TTL을 짧게 두거나, 권한 변경 시 관련 키를 삭제하는 무효화 이벤트를 설계합니다. 다만 이벤트 유실 가능성이 있으므로 TTL은 보험 역할을 합니다. 권한 캐싱은 성능 최적화이면서 보안 설계라서 보수적으로 접근하는 것이 안전합니다.		O	TRUE	X	FALSE					caching	redis	authorization	security
Q518	캐시 장애 시 재시도 폭풍		Backend - 아키텍처 패턴	20	OX	MEDIUM	Redis 장애 시 무제한 재시도를 하면 지연이 누적되어 서비스 전체 장애로 번질 수 있다.	재시도는 장애를 키우는 가장 흔한 원인 중 하나입니다. 면접에서는 backoff와 jitter, 재시도 제한, 서킷 브레이커를 같이 말하면 좋습니다. 실무에서는 캐시는 best-effort인 경우가 많아 짧은 타임아웃과 제한된 재시도로 빠르게 폴백하는 전략이 안전합니다. 무제한 재시도는 스레드/커넥션 풀 고갈을 만들고, 결국 정상 요청도 처리 못하게 합니다. “재시도는 절제”라는 원칙이 중요합니다.		O	TRUE	X	FALSE					scaling	redis	retry	resilience
Q519	캐시와 DB 커넥션 풀		Backend - 웹 서버 기초	17	OX	MEDIUM	캐시 미스가 급증하면 DB 커넥션 풀이 고갈되어 타임아웃이 늘 수 있다.	캐시 미스가 늘면 DB로 내려가는 요청이 증가해 커넥션 풀 경쟁이 심해집니다. 면접에서는 캐시 장애가 DB 장애로 번지는 연쇄 실패를 설명할 수 있어야 합니다. 실무에서는 미스율 급등, 커넥션 풀 대기 증가, DB CPU 상승이 함께 나타납니다. 이때 레이트리밋/서킷 브레이커/기능 저하로 DB를 보호해야 합니다. 캐시는 성능 레이어이지만, 실패 시 시스템 전체를 흔들 수 있습니다.		O	TRUE	X	FALSE					scaling	redis	caching	backend
Q520	캐시 운영의 변경 관리		Software Engineering - 개발 프로세스	58	OX	MEDIUM	캐시 키 규칙이나 TTL 정책 변경은 배포 영향이 커서 변경 이력과 롤백 전략을 갖추는 것이 바람직하다.	캐시 정책은 서비스 성능과 안정성에 직접 영향을 줍니다. 면접에서는 운영 관점에서 변경 관리 능력을 보기도 합니다. 실무에서는 TTL 변경만으로도 미스율/DB 부하가 바뀌고, 키 규칙 변경은 버저닝/워밍이 필요할 수 있습니다. 따라서 변경은 실험적으로 점진 적용하고, 메트릭을 보면서 롤백 가능하게 설계합니다. 캐시도 “코드와 동일하게” 변경 관리 대상입니다.		O	TRUE	X	FALSE					caching	redis	operations	change_management
Q521	캐시 히트율과 비용 착시		Backend - 아키텍처 패턴	20	OX	MEDIUM	캐시 히트율이 높으면 항상 전체 비용이 줄어든다고 단정할 수 있다.	히트율이 높아도 캐시 값이 너무 크거나, 직렬화/네트워크 비용이 크면 전체 비용이 줄지 않을 수 있습니다. 면접에서는 “히트율만으로 성공을 판단하면 안 된다”는 관점을 보여주는 게 좋습니다. 실무에서는 캐시 인프라 비용, 네트워크 대역폭, CPU 사용량까지 함께 봐야 합니다. 또한 히트율이 높은데도 지연이 나쁘면 hot key, big key 같은 문제가 숨어 있을 수 있습니다. 결론적으로 캐시는 메트릭을 종합해서 평가해야 합니다.		O	FALSE	X	TRUE					caching	redis	monitoring	cost
Q522	캐시 값 크기 제한		Backend - 아키텍처 패턴	20	OX	MEDIUM	캐시 값이 지나치게 커지면 히트율이 좋아도 p99 지연이 나빠질 수 있어 값 크기 제한이 필요할 수 있다.	큰 값은 전송/역직렬화 비용이 커지고, 메모리를 빠르게 소모해 eviction을 유발할 수 있습니다. 면접에서는 big key가 왜 위험한지와 대응(분할 저장, 필드만 저장, 압축, 제한)을 설명할 수 있으면 좋습니다. 실무에서는 캐시 값 크기 상한을 정하거나, 큰 응답은 캐싱에서 제외하는 정책을 둡니다. 또한 big key는 삭제/갱신 같은 운영 작업도 무겁게 만들어 장애 가능성을 올립니다. 캐시는 “작고 자주 재사용”되는 데이터가 가장 효과적입니다.		O	TRUE	X	FALSE					caching	redis	big_key	performance
Q523	캐시 키 길이와 운영성		Backend - 아키텍처 패턴	20	OX	MEDIUM	캐시 키는 길어도 상관없으며, 운영·모니터링에는 아무 영향이 없다.	키가 너무 길면 메모리 오버헤드가 늘고, 로그/모니터링에서 가독성이 떨어져 운영성이 나빠질 수 있습니다. 면접에서는 키 설계가 “성능 + 운영” 문제라는 점을 강조하면 좋습니다. 실무에서는 의미가 드러나는 정도의 구조를 유지하되, 과도하게 긴 JSON 키 같은 것은 피합니다. 또한 키에 민감정보를 넣지 않는 규칙이 중요합니다. 키 길이는 보통 치명적 성능 병목은 아니지만, 대규모 트래픽/키 카디널리티 환경에서는 무시하기 어렵습니다.		O	FALSE	X	TRUE					caching	redis	key_design	operations
Q524	캐시 미스와 DB 부하 상관		Backend - 웹 서버 기초	17	OX	MEDIUM	캐시 미스율이 증가하면 DB QPS와 커넥션 사용량이 증가할 가능성이 높다.	미스율 증가는 곧 원본 조회 증가로 이어지므로 DB 부하가 커질 가능성이 큽니다. 면접에서는 캐시 메트릭과 DB 메트릭을 연결해 설명할 수 있어야 합니다. 실무에서는 미스율 상승과 함께 DB CPU 상승, 커넥션 풀 대기 증가, 쿼리 지연이 연쇄적으로 나타납니다. 이때 레이트리밋, 서킷 브레이커, 워밍 같은 보호 장치가 필요합니다. 캐시는 DB를 보호하는 장치이기도 하므로, 미스율은 핵심 알람 지표가 됩니다.		O	TRUE	X	FALSE					caching	redis	monitoring	backend
Q525	Cache Aside의 멱등성		Backend - 아키텍처 패턴	20	OX	MEDIUM	Cache Aside에서 쓰기 후 캐시를 “삭제”하는 방식은 재시도에 강한 멱등성을 갖는 편이다.	삭제는 키가 존재하든 말든 결과가 같아지기 때문에 멱등성이 높습니다. 면접에서는 캐시 갱신(update)보다 삭제(invalidate)가 운영적으로 안전한 이유를 물을 수 있습니다. 실무에서도 이벤트 중복, 재시도, 순서 뒤바뀜이 있을 때 삭제는 상대적으로 안전합니다. 다만 삭제는 미스를 유발하므로 핫키에서는 스탬피드가 생길 수 있어 락/워밍/SWR 등과 함께 고려합니다. 즉 삭제는 “안전하지만 부하”라는 트레이드오프가 있습니다.		O	TRUE	X	FALSE					caching	redis	invalidation	operations
Q526	Cache Update 레이스		Backend - 아키텍처 패턴	20	OX	MEDIUM	캐시를 업데이트(set)로 유지하는 방식은 이벤트 순서가 뒤집히면 더 최신 값을 오래된 값이 덮어쓸 위험이 있다.	update 방식은 “마지막에 도착한 이벤트”가 캐시를 결정하므로 순서 문제가 생길 수 있습니다. 면접에서는 이 레이스를 어떻게 막을지(버전 비교, CAS, write ordering)를 묻기도 합니다. 실무에서는 값에 version/updatedAt을 함께 저장하고, 더 최신일 때만 덮어쓰는 전략을 씁니다. 또는 update 대신 delete를 택해 멱등성을 얻기도 합니다. 캐시 정합성은 네트워크와 비동기 이벤트가 끼면 더 어려워집니다.		O	TRUE	X	FALSE					caching	redis	race_condition	consistency
Q527	캐시 키에 요청자 컨텍스트		Security - 인증/인가	52	OX	MEDIUM	같은 리소스라도 권한에 따라 필터링된 결과가 다르면, 권한 컨텍스트를 키에 포함하지 않으면 데이터 노출 위험이 있다.	권한에 따른 필터링 결과는 사용자마다 달라질 수 있어 캐시 오염이 곧 보안 사고가 됩니다. 면접에서는 사용자 스코프 분리뿐 아니라 “응답이 달라지는 모든 컨텍스트”를 키에 포함하는지를 봅니다. 실무에서는 role, tenant, scope, feature flag 등이 응답을 바꿀 수 있어 주의가 필요합니다. 민감도가 높으면 캐시를 아예 피하거나, 안전한 범위(공개 데이터)만 캐싱합니다. 캐시는 성능 도구지만 보안 경계도 함께 건드립니다.		O	TRUE	X	FALSE					caching	redis	security	authorization
Q528	세션 저장소와 캐시 혼용		Backend - 웹 서버 기초	17	OX	MEDIUM	Redis를 세션 저장소로 쓰는 경우, 같은 Redis에 대용량 캐시도 함께 넣으면 장애 전파가 커질 수 있다.	세션과 캐시는 워크로드 특성이 다르고 중요도도 다를 수 있습니다. 면접에서는 “워크로드 분리” 관점을 말하면 좋습니다. 실무에서는 캐시 폭주/eviction이 세션까지 영향을 주면 로그인 장애로 이어질 수 있어 위험합니다. 그래서 중요한 세션/락과 대용량 캐시는 인스턴스를 분리하거나 최소한 정책과 메모리 한도를 분리합니다. 공유 인프라는 편하지만 장애 전파를 키웁니다. 분리는 비용이지만 안정성 투자입니다.		O	TRUE	X	FALSE					scaling	redis	session	resilience
Q529	분산 카운터의 정합성		Backend - 아키텍처 패턴	20	OX	MEDIUM	Redis 카운터는 빠르지만, 장애/재시도 상황에서 “정확히 한 번” 증가를 보장하려면 추가 설계가 필요할 수 있다.	INCR 자체는 원자적이지만, 요청 재시도나 중복 전달이 있으면 카운터가 과증가할 수 있습니다. 면접에서는 원자성과 정확히-한-번(exactly-once)을 구분하는지 봅니다. 실무에서는 멱등 키를 함께 쓰거나, 이벤트 처리에서 중복 제거를 합니다. 카운터가 과금/정산에 쓰인다면 특히 주의가 필요합니다. Redis는 빠른 상태 저장에 강하지만, 분산 시스템의 전달 보장은 별도 문제입니다.		O	TRUE	X	FALSE					redis	atomic	scaling	idempotency
Q530	캐시와 트랜잭션 경계		Database - 트랜잭션 및 동시성 제어	25	OX	MEDIUM	DB 트랜잭션 내부에서 캐시를 갱신하면, 커밋 전 읽기에서 다른 트랜잭션이 캐시를 통해 “아직 커밋되지 않은 값”을 볼 위험이 있다.	DB 커밋 전 캐시 반영은 외부에 미완료 상태를 노출할 수 있어 정합성 문제가 됩니다. 면접에서는 afterCommit 무효화/갱신이 왜 안전한지 연결 질문이 나올 수 있습니다. 실무에서는 트랜잭션 커밋 이후 이벤트로 캐시를 무효화하거나, 커밋 완료 후에만 캐시를 업데이트합니다. 물론 커밋 직후에도 레이스가 있을 수 있어 버전 전략을 함께 쓰기도 합니다. 캐시와 트랜잭션은 반드시 경계를 맞춰야 합니다.		O	TRUE	X	FALSE					caching	redis	transaction	consistency
Q531	메시지 기반 무효화와 재처리		Backend - 비동기 처리	19	OX	MEDIUM	캐시 무효화를 이벤트로 처리할 때, 재처리(중복 이벤트)에도 안전하도록 멱등성을 고려하는 것이 좋다.	이벤트는 중복 전달될 수 있고, 순서가 바뀔 수도 있습니다. 면접에서는 이벤트 기반 아키텍처에서 멱등 처리가 왜 중요한지 묻습니다. 실무에서는 무효화(DEL)는 멱등적이라 중복에 강하지만, update는 버전 비교 없으면 위험합니다. 또한 이벤트 유실에 대비해 TTL을 보험으로 둡니다. 이벤트 기반 캐시는 “전달 신뢰도 + 멱등성 + 보험” 세 가지를 함께 설계해야 합니다.		O	TRUE	X	FALSE					caching	redis	async	idempotency
Q532	캐시와 장애 격리(타임아웃)		Backend - 아키텍처 패턴	20	OX	MEDIUM	캐시 호출은 보통 DB 호출보다 타임아웃을 더 짧게 잡아 장애 전파를 줄이려는 경우가 많다.	캐시는 “빠를 때만” 가치가 크기 때문에 빠르게 실패하는 전략이 흔합니다. 면접에서는 왜 캐시 타임아웃을 짧게 두는지 설명할 수 있어야 합니다. 실무에서는 캐시가 느려지면 전체 요청을 오래 잡아먹지 않도록 10~수십 ms 단위로 제한하고 폴백합니다. 다만 너무 짧으면 정상도 실패하므로, p95/p99를 기준으로 튜닝합니다. 타임아웃은 스케일링에서 가장 강력한 보호 장치 중 하나입니다.		O	TRUE	X	FALSE					scaling	redis	timeout	resilience
Q533	재시도 정책과 지터		Backend - 아키텍처 패턴	20	OX	MEDIUM	Redis 장애 시 재시도를 하더라도, 백오프와 지터 없이 즉시 재시도하면 장애를 악화시킬 수 있다.	즉시 재시도는 트래픽 폭주를 만들고, 장애가 회복될 틈을 줄입니다. 면접에서는 백오프/지터/최대 재시도 횟수/서킷 브레이커를 함께 언급하면 좋습니다. 실무에서는 캐시 호출을 best-effort로 보고 제한된 재시도만 허용하는 편이 많습니다. 지터는 동시 재시도를 분산해 스파이크를 줄입니다. 재시도는 “성공 확률이 높은 경우에만” 제한적으로 쓰는 게 안전합니다.		O	TRUE	X	FALSE					scaling	redis	retry	resilience
Q534	캐시 데이터 모델링		Database - NoSQL	27	OX	MEDIUM	Redis 자료구조 선택(Hash, Set 등)은 업데이트 방식과 메모리 사용량에 영향을 줄 수 있다.	Redis는 다양한 자료구조를 제공하고, 선택에 따라 성능과 운영 비용이 달라집니다. 면접에서는 단순 String 저장만 아는지, 자료구조 활용까지 이해하는지 볼 수 있습니다. 실무에서는 부분 업데이트가 필요하면 Hash, 중복 제거와 membership이면 Set, 순서/큐면 List/Streams 등을 고려합니다. 다만 구조가 복잡해질수록 big key나 편향이 생길 수 있어 제한을 둡니다. 데이터 모델링은 캐시에서도 중요합니다.		O	TRUE	X	FALSE					redis	nosql	caching	data_model
Q535	캐시와 API 레벨 캐싱		Backend - 아키텍처 패턴	20	OX	MEDIUM	API 응답 전체를 캐싱하면 구현은 쉬워질 수 있지만, 부분 변경이 잦으면 무효화 범위가 커져 비용이 커질 수 있다.	응답 전체 캐싱은 단순하지만, 작은 변경에도 큰 캐시를 버려야 할 수 있습니다. 면접에서는 “무엇을 캐싱할지” 설계 판단을 묻습니다. 실무에서는 전체 응답 대신 핵심 조각만 캐싱하거나, 조합형 캐싱을 쓰기도 합니다. 반대로 완전 정적이고 읽기 많은 API는 전체 캐싱이 효율적일 수 있습니다. 캐시 단위는 무효화 비용과 히트율을 좌우합니다.		O	TRUE	X	FALSE					caching	redis	invalidation	backend
Q536	로컬 캐시와 Redis 캐시		Backend - 아키텍처 패턴	20	OX	MEDIUM	로컬(in-memory) 캐시는 네트워크 비용이 없지만, 다중 서버 환경에서 캐시 일관성 관리가 더 어려울 수 있다.	로컬 캐시는 빠르지만 서버별로 분리되어 스케일아웃에서 일관성 문제가 생기기 쉽습니다. 면접에서는 로컬 캐시와 분산 캐시의 차이를 물을 수 있습니다. 실무에서는 로컬 캐시는 작은 TTL로 쓰거나, Redis와 2계층 캐시로 조합하기도 합니다. 다만 캐시 계층이 늘면 무효화와 관측이 더 어려워지므로 단순성을 유지하는 것이 중요합니다. 어디에 캐시를 둘지는 “성능 vs 운영 복잡도”의 선택입니다.		O	TRUE	X	FALSE					caching	scaling	redis	local_cache
Q537	2계층 캐시의 트레이드오프		Backend - 아키텍처 패턴	20	OX	MEDIUM	로컬 캐시 + Redis 2계층 캐시는 히트율을 높일 수 있지만 무효화와 디버깅 난이도가 올라갈 수 있다.	2계층 캐시는 네트워크 비용을 더 줄이고 핫 데이터에 강해질 수 있습니다. 면접에서는 다단계 캐시의 장단점을 말할 수 있으면 좋습니다. 실무에서는 무효화 이벤트 전달, TTL 정렬, 계층 간 stale 문제로 디버깅이 어려워질 수 있습니다. 또한 로컬 캐시가 메모리를 많이 쓰면 애플리케이션 OOM 리스크가 생깁니다. 성능이 필요하더라도 운영 복잡도를 감당할 수 있는지 판단해야 합니다.		O	TRUE	X	FALSE					caching	redis	scaling	architecture
Q538	캐시와 데이터 변경 이벤트		Backend - 비동기 처리	19	OX	MEDIUM	데이터 변경 이벤트 기반 무효화는 실시간성은 좋지만, 이벤트 전달 지연이 생기면 짧은 시간 stale가 노출될 수 있다.	이벤트 기반은 TTL만 쓰는 것보다 최신성은 좋아질 수 있지만, 전달 지연/유실이 존재합니다. 면접에서는 “이벤트도 완벽하지 않다”는 점을 말할 수 있어야 합니다. 실무에서는 짧은 stale를 허용하거나, 최신성이 중요한 구간만 DB를 직접 조회합니다. 또한 이벤트 지연을 모니터링하고, 지연이 커지면 TTL 기반으로 안전하게 동작하도록 설계합니다. 이벤트 기반 캐시는 관측 가능성이 핵심입니다.		O	TRUE	X	FALSE					caching	redis	async	consistency
Q539	캐시 데이터의 스키마 변경		Software Engineering - 개발 프로세스	58	OX	MEDIUM	캐시 값 포맷(스키마)을 변경할 때는 구버전 값과의 호환성 또는 버저닝 전략이 필요할 수 있다.	배포 중에는 구버전/신버전 서버가 공존할 수 있어 캐시 값 포맷이 깨지면 오류가 납니다. 면접에서는 “캐시도 마이그레이션 대상”이라는 관점을 보기도 합니다. 실무에서는 값에 version 필드를 넣거나, 키 버전을 바꾸거나, 역호환 디코딩을 지원합니다. 또한 롤백 시에도 안전해야 하므로 변경을 점진적으로 적용합니다. 캐시는 데이터이기 때문에 스키마 변경 전략이 필요합니다.		O	TRUE	X	FALSE					caching	redis	versioning	deployment
Q540	캐시 도입의 성공 기준		Backend - 아키텍처 패턴	20	OX	MEDIUM	캐시 도입 성공 여부는 히트율뿐 아니라 p95p99 지연, DB 부하, 오류율, 비용까지 함께 보고 판단하는 것이 바람직하다.	캐시는 ‘숫자 하나’로 평가하면 실패하기 쉽습니다. 면접에서는 종합 지표를 말할 수 있으면 실무 감각이 좋다고 평가됩니다. 실무에서는 히트율이 올라가도 지연이 악화되거나, 비용이 늘 수 있습니다. 또한 장애 시 오류율이 늘면 캐시가 가용성을 해치는 의존성이 될 수 있습니다. 그래서 도입 전/후로 지표를 정하고 관측하며, 필요하면 롤백할 수 있어야 합니다. 캐시는 성능 최적화이지만 동시에 운영 변화입니다.		O	TRUE	X	FALSE					caching	redis	monitoring	scaling
Q541	Bloom Filter와 오탐		Backend - 아키텍처 패턴	20	OX	MEDIUM	Bloom Filter는 false positive(있다고 잘못 판단)는 가능하지만 false negative(없다고 잘못 판단)는 없도록 설계될 수 있다.	Bloom Filter는 캐시 침투(penetration) 완화에 쓰이는 확률적 자료구조입니다. 면접에서는 오탐/미탐 특성을 정확히 구분하는지 자주 확인합니다. 실무에서는 false positive가 있으면 “있을지도”라서 DB 조회를 하게 될 수 있지만, false negative가 없다는 성질은 “없다고 판단한 건 정말 없다”에 가까워 요청 차단에 유리합니다. 다만 구현/초기화가 잘못되면 이 가정이 깨질 수 있어 데이터 소스와 동기화 전략이 필요합니다. Bloom Filter는 성능을 얻는 대신 확률과 운영 복잡도를 받아들이는 선택입니다.		O	TRUE	X	FALSE					caching	redis	bloom_filter	penetration
Q542	Bloom Filter 업데이트 비용		Backend - 아키텍처 패턴	20	OX	MEDIUM	데이터가 삭제되는 경우 Bloom Filter는 바로 반영하기 쉽기 때문에 삭제 이벤트 처리에 매우 적합하다.	Bloom Filter는 기본 형태에서 삭제 반영이 어렵고, 삭제가 필요한 경우 Counting Bloom Filter 등 변형이 필요합니다. 면접에서는 Bloom Filter의 한계를 알고 있는지 보기도 합니다. 실무에서는 “존재 여부”가 단조 증가하는(추가만) 데이터에 더 잘 맞고, 삭제가 잦으면 운영이 복잡해집니다. 삭제를 정확히 반영하지 못하면 false positive가 더 늘어 성능 이득이 줄 수 있습니다. 따라서 Bloom Filter는 도메인 특성에 맞게 선택해야 합니다.		O	FALSE	X	TRUE					redis	bloom_filter	caching	pitfalls
Q543	캐시 관측: hit ratio 착시		Backend - 아키텍처 패턴	20	OX	MEDIUM	히트율이 높아도 hot key로 인해 Redis 한 노드에 부하가 몰리면 지연이 커질 수 있다.	히트율은 “재사용” 지표일 뿐 “부하 분산”을 보장하지 않습니다. 면접에서는 hot key가 어떤 식으로 병목을 만드는지 설명하면 좋습니다. 실무에서는 특정 키에 QPS가 몰려 CPU가 치솟고, 그 결과 전체 요청 지연이 커질 수 있습니다. 이 경우 키 샤딩, 로컬 캐시, 요청 합치기, 읽기 복제 등 대응이 필요합니다. 캐시 운영은 히트율과 함께 분포(분산)도 봐야 합니다.		O	TRUE	X	FALSE					scaling	redis	hot_key	monitoring
Q544	캐시 키 샤딩 주의		Backend - 아키텍처 패턴	20	OX	MEDIUM	hot key 완화를 위해 동일 데이터에 대해 여러 키로 샤딩하면, 무효화 시 모든 샤드 키를 함께 처리해야 한다.	키 샤딩은 핫키 부하를 분산할 수 있지만, 관리 난이도를 크게 올립니다. 면접에서는 “샤딩의 부작용”을 함께 말할 수 있어야 합니다. 실무에서는 샤드 수를 제한하고, 무효화/갱신 로직을 반드시 함께 설계합니다. 그렇지 않으면 샤드 중 일부만 오래된 값이 남아 데이터 일관성이 깨질 수 있습니다. 또한 샤딩은 키 카디널리티를 키워 메모리 비용도 증가시킵니다. 분산은 해결책이면서 새로운 문제를 만들 수 있습니다.		O	TRUE	X	FALSE					caching	redis	sharding	invalidation
Q545	캐시 프리픽스 삭제 위험		Backend - 아키텍처 패턴	20	OX	MEDIUM	특정 prefix로 시작하는 키를 운영 중에 전부 삭제하면 서비스에 영향이 없고 안전하다.	prefix 삭제는 사실상 대량 삭제이며, 미스 폭발로 DB 부하가 급증할 수 있어 위험합니다. 면접에서는 캐시 운영에서 “삭제도 배포급 작업”이라는 관점을 보이면 좋습니다. 실무에서는 점진 삭제, 워밍, 레이트리밋, 시간 분산 등을 고려합니다. 특히 핫키가 포함되면 스탬피드가 터질 가능성이 큽니다. 안전하다고 단정하기보다 영향 분석과 보호 장치가 필요합니다.		O	FALSE	X	TRUE					caching	redis	operations	resilience
Q546	Cache Stampede와 stale 반환		Backend - 아키텍처 패턴	20	OX	MEDIUM	스탬피드 완화로 stale 값을 잠깐 반환하는 전략은 최신성이 반드시 필요한 데이터에는 부적합할 수 있다.	stale 반환(SWR 등)은 지연 스파이크를 줄이지만, 최신성이 중요한 데이터에는 위험합니다. 면접에서는 “어떤 데이터에 적용 가능한가”를 구분하는 게 포인트입니다. 실무에서는 공지, 랭킹, 추천처럼 약간의 stale가 허용되는 데이터에 적용하고, 결제 상태, 권한, 재고처럼 최신성이 중요한 경로는 DB 검증 또는 강한 무효화가 필요합니다. 전략은 데이터 성격과 SLA에 따라 달라집니다. 캐시는 항상 도메인 요구에서 출발해야 합니다.		O	TRUE	X	FALSE					caching	redis	stampede	consistency
Q547	Redis를 큐처럼 사용할 때		Backend - 비동기 처리	19	OX	MEDIUM	Redis List를 큐로 쓰면 소비자 장애 시 재처리 보장을 자동으로 제공하므로 메시지 유실을 걱정하지 않아도 된다.	단순 List 기반 큐는 소비자 장애/처리 중 실패에서 재처리 보장이 자동으로 되지 않을 수 있습니다. 면접에서는 “메시징의 내구성”을 구분하는 질문이 자주 나옵니다. 실무에서는 ack 기반이 필요하면 Redis Streams나 전용 MQ를 고려합니다. List는 구현이 단순하지만, at-least-once를 제대로 보장하려면 별도 패턴(처리중 리스트, 재처리, 타임아웃)이 필요합니다. 큐는 단순히 넣고 빼는 것 이상으로 신뢰성 요구를 정의해야 합니다.		O	FALSE	X	TRUE					redis	async	scaling	reliability
Q548	Redis Streams 장점		Backend - 비동기 처리	19	OX	MEDIUM	Redis Streams는 consumer group을 통해 읽기 진행 위치를 관리하고 재처리(펜딩) 같은 패턴을 지원할 수 있다.	Streams는 Pub/Sub보다 내구성과 재처리 모델에 더 가깝습니다. 면접에서는 Streams와 Pub/Sub의 차이를 물을 수 있습니다. 실무에서는 consumer group으로 각 소비자의 오프셋(진행)을 관리하고, ack하지 않은 메시지를 펜딩으로 남겨 재처리할 수 있습니다. 다만 이것도 운영 복잡도가 있으므로, 필요한 신뢰도 수준에 따라 Kafka/RabbitMQ와 비교해 선택합니다. Streams는 Redis에서 비동기 처리의 선택지를 넓혀주는 기능입니다.		O	TRUE	X	FALSE					redis	streams	async	scaling
Q549	캐시와 직렬화 오류		Backend - 언어 & 프레임워크	21	OX	MEDIUM	캐시 값 포맷이 바뀌면 역직렬화 예외가 발생할 수 있으므로, 역호환 또는 키 버저닝이 필요할 수 있다.	배포 중 구버전/신버전이 공존하면 캐시 값 스키마 불일치가 자주 발생합니다. 면접에서는 이를 어떻게 방지할지(버저닝, 역호환 파서)를 설명할 수 있어야 합니다. 실무에서는 버전 필드를 값에 넣고 파싱을 분기하거나, 키 prefix에 v1/v2를 붙여 분리합니다. 또한 롤백 시에도 깨지지 않도록 점진 배포와 함께 설계합니다. 캐시는 데이터 저장소이므로 스키마 변경 문제에서 자유롭지 않습니다.		O	TRUE	X	FALSE					caching	redis	serialization	deployment
Q550	캐시와 장애 시 fallback 품질		Backend - 아키텍처 패턴	20	OX	MEDIUM	캐시 폴백이 DB 조회라면, 폴백 경로 자체에 레이트리밋이 없으면 캐시 장애가 DB 장애로 번질 수 있다.	캐시가 죽으면 DB로 몰리는 게 가장 흔한 연쇄 장애입니다. 면접에서는 “폴백도 설계”라는 점을 강조하면 좋습니다. 실무에서는 폴백 경로에 레이트리밋/서킷 브레이커/기능 저하를 둬 DB를 보호합니다. 또한 캐시 호출 타임아웃을 짧게 두어 대기 시간을 줄입니다. 폴백 품질이 나쁘면 캐시 도입이 오히려 가용성을 해칠 수 있습니다.		O	TRUE	X	FALSE					scaling	redis	resilience	caching
Q551	캐시와 장애 격리(인스턴스 분리)		DevOps / Cloud - 인프라 구성 요소	34	OX	MEDIUM	중요한 기능(세션/락)과 대용량 캐시를 분리 인스턴스로 운영하면 장애 전파를 줄이는 데 도움이 될 수 있다.	워크로드 분리는 안정성 설계의 기본입니다. 면접에서는 “Redis 하나로 다 하면 안 되나” 질문에 대해 장애 모델로 답하면 좋습니다. 실무에서는 세션/락은 안정성이 중요하고, 캐시는 트래픽이 크고 변동이 심할 수 있습니다. 같은 인스턴스에 두면 eviction이나 메모리 압박이 세션까지 영향을 줄 수 있습니다. 분리하면 비용은 늘지만 장애 전파가 줄고 튜닝도 쉬워집니다. 시스템이 커질수록 분리의 가치가 커집니다.		O	TRUE	X	FALSE					scaling	redis	isolation	infra
Q552	캐시 무효화 우선순위		Backend - 아키텍처 패턴	20	OX	MEDIUM	데이터 변경이 자주 일어나는 엔티티는 캐시보다 인덱스 최적화가 더 효과적일 수 있어 캐싱이 항상 최선은 아니다.	변경이 잦으면 무효화 비용이 커지고 stale 위험도 커집니다. 면접에서는 “캐시가 만능이 아니다”라는 판단력을 보여주는 게 중요합니다. 실무에서는 읽기/쓰기 비율, 변경 빈도, 쿼리 비용을 분석하고, 인덱스/쿼리 최적화, read replica, 캐시를 비교합니다. 캐시는 운영 복잡도를 올리므로 효과가 확실한 구간에 우선 적용하는 전략이 일반적입니다. 최적화는 항상 가장 큰 병목부터 합니다.		O	TRUE	X	FALSE					caching	redis	performance	backend
Q553	캐시 키 카디널리티와 메모리		Backend - 아키텍처 패턴	20	OX	MEDIUM	검색 조건 조합이 많아 키 카디널리티가 높으면, 캐시 메모리 사용량이 증가하고 효율이 떨어질 수 있다.	키 카디널리티가 높으면 재사용이 낮아 히트율이 떨어지고, 메모리만 소모할 수 있습니다. 면접에서는 “어떤 API는 캐시하면 안 된다” 같은 판단이 평가 포인트입니다. 실무에서는 필터 조합이 많은 검색 API는 캐시 가치가 낮을 수 있어, 인기 쿼리만 캐싱하거나 상위 페이지만 캐싱합니다. 또는 캐시를 결과가 아닌 “인덱싱된 데이터 조각”으로 바꿔 설계할 수도 있습니다. 캐시는 재사용 가능성이 높은 곳에서 가장 빛납니다.		O	TRUE	X	FALSE					caching	redis	key_design	memory
Q554	캐시 프리로딩과 SLA		Backend - 아키텍처 패턴	20	OX	MEDIUM	SLA가 엄격한 엔드포인트는 캐시 워밍/프리로딩을 통해 배포 직후 지연 스파이크를 줄이는 전략을 고려할 수 있다.	배포 직후는 캐시 미스가 늘어 지연이 흔들릴 수 있습니다. 면접에서는 SLA 관점에서 워밍을 언급하면 실무 감각이 좋습니다. 실무에서는 핫키를 선택적으로 프리로딩하고, 워밍 작업에 레이트리밋을 걸어 DB 보호를 합니다. 또한 점진 배포로 트래픽을 나눠 워밍이 자연스럽게 일어나게 하기도 합니다. 프리로딩은 운영 작업이므로 안전장치가 핵심입니다.		O	TRUE	X	FALSE					scaling	redis	warming	sla
Q555	캐시와 일관성 요구 분리		Backend - 아키텍처 패턴	20	OX	MEDIUM	같은 서비스 안에서도 최신성이 중요한 요청과 덜 중요한 요청을 구분해 캐시 정책을 다르게 가져갈 수 있다.	모든 데이터가 같은 정합성 요구를 갖지 않습니다. 면접에서는 도메인별로 캐시 정책을 나누는 설계 능력을 평가합니다. 실무에서는 프로필/설정처럼 자주 바뀌지 않는 데이터는 TTL을 길게, 권한/결제 상태는 캐시를 짧게 또는 우회하는 식으로 분리합니다. 또한 관리자 화면과 사용자 화면의 요구가 다를 수도 있습니다. 캐시는 정책 기반으로 운영될 때 효과가 큽니다. “한 방에 전부 캐싱”은 위험합니다.		O	TRUE	X	FALSE					caching	redis	consistency	policy
Q556	캐시와 멀티테넌시		Backend - 아키텍처 패턴	20	OX	MEDIUM	멀티테넌트 환경에서는 tenantId를 키에 포함하지 않으면 데이터 섞임(tenant leak)이 발생할 수 있다.	멀티테넌시에서는 데이터 격리가 핵심이며 캐시도 예외가 아닙니다. 면접에서는 tenant leak을 막는 키 설계를 물을 수 있습니다. 실무에서는 tenantId를 키에 포함하고, 민감도가 높으면 인스턴스 분리까지 고려합니다. 또한 키에 민감정보를 넣지 않고 내부 식별자를 쓰는 것이 좋습니다. 캐시는 공유 계층이기 때문에 격리 요구가 높을수록 보수적으로 설계해야 합니다.		O	TRUE	X	FALSE					caching	redis	multi_tenant	security
Q557	캐시와 배치 조회 최적화		Backend - 웹 서버 기초	17	OX	MEDIUM	여러 키를 한 번에 조회(mget/파이프라인)하면 네트워크 왕복이 줄어 성능이 개선될 수 있다.	캐시 호출이 잦으면 RTT가 누적되어 지연이 커질 수 있습니다. 면접에서는 batch 조회로 네트워크 비용을 줄이는 방법을 물을 수 있습니다. 실무에서는 MGET, pipeline을 사용해 왕복을 줄이고, 커넥션 풀도 안정화합니다. 다만 배치가 너무 커지면 응답 크기와 대기 시간이 늘어 오히려 느려질 수 있어 적정 크기 튜닝이 필요합니다. 성능 개선은 호출 패턴 최적화가 절반입니다.		O	TRUE	X	FALSE					scaling	redis	networking	performance
Q558	캐시와 캐시-DB 불일치		Backend - 아키텍처 패턴	20	OX	MEDIUM	캐시와 DB가 불일치할 때, 캐시를 “정답”으로 간주하는 것이 일반적으로 더 안전하다.	대부분의 시스템에서 DB가 Source of Truth이며 캐시는 보조 계층입니다. 면접에서는 캐시/DB 불일치 시 어떤 것을 기준으로 할지 묻기도 합니다. 실무에서도 캐시가 틀릴 수 있으므로, 이상 징후 시 캐시를 무효화하고 DB를 기준으로 재구축하는 방향이 더 일반적입니다. 물론 일부 설계(Write-back 등)에서는 캐시가 더 앞설 수 있지만, 그만큼 내구성/복구 설계가 필요합니다. “캐시가 정답”이라고 단정하면 위험합니다. 기준 데이터는 명확해야 합니다.		O	FALSE	X	TRUE					redis	consistency	caching	pitfalls
Q559	캐시 이벤트 유실 보험		Backend - 아키텍처 패턴	20	OX	MEDIUM	이벤트 기반 무효화를 쓰더라도 TTL은 이벤트 유실/지연에 대한 보험으로 유용할 수 있다.	이벤트는 완벽하지 않기 때문에 TTL을 함께 두면 stale가 영구히 남는 위험을 줄일 수 있습니다. 면접에서는 “이중 안전장치”를 말하면 좋습니다. 실무에서는 TTL을 너무 짧게 두면 이벤트 기반 이점이 줄고, 너무 길면 유실 시 stale가 오래 남으니 도메인에 맞게 조정합니다. 또한 이벤트 지연/유실을 모니터링해 조기에 감지해야 합니다. 이벤트+TTL은 현실적인 캐시 운영 패턴입니다.		O	TRUE	X	FALSE					caching	redis	invalidation	resilience
Q560	캐시 설계의 기본 질문		Backend - 아키텍처 패턴	20	OX	MEDIUM	캐시를 설계할 때는 “무엇을 캐싱할지”만 정하면 되고, 무효화나 장애 대응은 나중에 생각해도 된다.	캐시는 무효화와 장애 대응을 빼면 반쪽짜리 설계가 됩니다. 면접에서는 캐시 도입 시 고려 요소(키/TTL/무효화/폴백/모니터링)를 종합적으로 말할 수 있어야 합니다. 실무에서는 무효화가 어렵기 때문에 캐시를 포기하는 경우도 있을 정도로 중요합니다. 또한 캐시 장애 시 DB 보호 전략이 없으면 가용성이 오히려 떨어집니다. 캐시는 성능 최적화이면서 운영 설계이기 때문에 처음부터 함께 고민해야 합니다. “나중에”는 보통 장애로 돌아옵니다.		O	FALSE	X	TRUE					caching	redis	architecture	operations
Q561	Cache Aside와 쓰기-읽기 레이스		Backend - 아키텍처 패턴	20	OX	HARD	Cache Aside에서 DB 업데이트 직후 캐시 DEL을 했더라도, 동시에 들어온 읽기 요청이 오래된 값을 다시 캐시에 SET할 수 있는 레이스가 존재한다.	Cache Aside에서 흔히 간과되는 레이스는 “삭제 이후에 들어온 읽기”가 stale를 다시 채워 넣는 상황입니다. 면접에서는 이 레이스를 설명하고, 왜 더블 삭제나 버전 키, 락, write ordering이 등장하는지 연결해야 합니다. 실무에서는 업데이트 흐름(쓰기)과 조회 흐름(읽기)의 타이밍이 엇갈리며 stale 캐시가 재주입될 수 있습니다. 이를 줄이려면 afterCommit 무효화, 지연 삭제, 값에 버전 포함 후 조건부 SET, 또는 갱신 구간에서 읽기 차단 같은 전략이 필요합니다. 정답은 하나가 아니고, 서비스의 최신성 요구와 부하 허용치에 맞춰 선택해야 합니다.		O	TRUE	X	FALSE					caching	redis	race_condition	consistency
Q562	Distributed Lock과 Clock 가정		Backend - 아키텍처 패턴	20	OX	HARD	분산락에서 TTL 기반 안전성을 주장할 때는 네트워크 지연과 시스템 시계(클럭) 가정이 깨지면 안전성이 무너질 수 있다.	TTL 기반 락은 “시간”을 전제로 하므로 분산 시스템의 지연/파티션/클럭 드리프트 영향을 받습니다. 면접에서는 분산락이 어렵고, 시스템 가정을 명시해야 한다는 점을 보여주는 것이 중요합니다. 실무에서도 락이 임계영역의 유일한 안전장치가 되면 위험해질 수 있어, DB 유니크 제약이나 멱등 처리 같은 2차 안전장치를 둡니다. 특히 네트워크 분할로 두 노드가 동시에 락을 얻었다고 믿는 상황을 상상해보면 이해가 쉽습니다. 분산락은 “절대 안전”보다 “위험을 줄임”으로 접근해야 합니다.		O	TRUE	X	FALSE					redis	locking	scaling	architecture
Q563	Redlock을 만능으로 보기		Backend - 아키텍처 패턴	20	OX	HARD	Redlock을 쓰면 어떤 임계영역이든 DB 트랜잭션 없이도 완전한 상호배제를 보장한다고 말할 수 있다.	Redlock은 특정 가정 하에서 안전성을 논의하는 알고리즘이며, 모든 상황에서 “완전한 상호배제”를 보장한다고 단정하기 어렵습니다. 면접에서는 Redlock 논쟁이 있다는 사실과, 임계영역의 중요도에 따라 접근을 달리해야 한다는 답이 좋은 평가를 받습니다. 실무에서는 결제/정산 같은 강한 일관성이 필요한 영역은 DB 제약과 트랜잭션을 기본으로 하고, Redis 락은 보조로 쓰는 편이 안전합니다. 또한 락 구현보다 더 중요한 건 “중복 실행이 발생해도 시스템이 망가지지 않는가(멱등성)”입니다. 따라서 Redlock을 만능으로 말하는 것은 위험한 태도입니다.		O	FALSE	X	TRUE					redis	locking	caching	pitfalls
Q564	Exactly-once와 캐시		Backend - 비동기 처리	19	OX	HARD	Redis를 사용해도 분산 이벤트 처리에서 exactly-once를 구현하는 것은 보통 쉽지 않으며, 멱등성과 at-least-once 조합이 현실적이다.	분산 시스템에서 exactly-once는 네트워크/재시도/중복 전달 때문에 구현이 매우 어렵습니다. 면접에서는 “정확히 한 번”을 약속하기보다, at-least-once + 멱등성으로 안전하게 만드는 접근이 실무적입니다. Redis는 빠른 상태 저장으로 중복 제거에 도움을 줄 수 있지만, 그것만으로 exactly-once가 되는 것은 아닙니다. 실무에서는 멱등 키, 처리 로그, DB 유니크 제약, 소비자 오프셋 관리 등을 조합합니다. 목표는 “중복이 와도 결과가 한 번 처리된 것처럼 보이게” 만드는 것입니다.		O	TRUE	X	FALSE					scaling	redis	async	idempotency
Q565	Cache Invalidation과 순서 보장		Backend - 아키텍처 패턴	20	OX	HARD	이벤트 기반 캐시 무효화에서 이벤트 순서가 뒤집히면, 더 최신 변경이 이전 변경 이벤트에 의해 덮이거나 무효화가 꼬일 수 있다.	이벤트는 순서가 항상 보장되지 않을 수 있고, 파티션/리트라이로 인해 재정렬이 발생할 수 있습니다. 면접에서는 순서 문제를 어떻게 완화할지(버전 포함, 타임스탬프 비교, 단일 파티션 키, 최종 상태 스냅샷)를 말하면 좋습니다. 실무에서도 같은 엔티티의 변경 이벤트가 뒤늦게 도착하면 캐시가 잘못된 상태가 될 수 있습니다. 그래서 무효화는 delete로 멱등성을 확보하거나, update는 버전 비교를 필수로 둡니다. 결국 이벤트 기반 캐시는 ‘전달’뿐 아니라 ‘정렬/중복/재처리’를 포함한 설계입니다.		O	TRUE	X	FALSE					caching	redis	async	consistency
Q566	2계층 캐시의 Stale 확률		Backend - 아키텍처 패턴	20	OX	HARD	로컬 캐시 + Redis 2계층 캐시는 계층이 늘어날수록 stale이 남아있을 가능성이 커져 무효화 전략이 더 중요해진다.	계층이 늘면 성능은 좋아질 수 있지만, 무효화 경로도 늘어나 stale가 남을 가능성이 커집니다. 면접에서는 “캐시 계층을 늘리는 것이 항상 좋은가?”를 물을 때 이 포인트가 핵심입니다. 실무에서는 로컬 TTL을 더 짧게 두거나, 무효화 이벤트를 로컬에도 전달하는 방법을 씁니다. 하지만 이벤트 유실/지연이 있으면 로컬 stale가 오래 남을 수 있어 보험(TTL)과 관측이 중요합니다. 2계층 캐시는 성능과 운영 복잡도를 맞바꾸는 선택입니다.		O	TRUE	X	FALSE					caching	redis	scaling	architecture
Q567	Big Key와 재해복구(스냅샷)		Database - NoSQL	27	OX	HARD	Redis에서 big key가 많아지면 RDB/AOF 같은 영속화 작업의 I O 비용과 복구 시간이 증가할 수 있다.	Redis는 메모리 기반이지만 영속화를 켜면 스냅샷/로그가 디스크 I/O를 사용합니다. 면접에서는 “Redis도 운영하면 디스크/복구 이슈가 있다”를 말할 수 있으면 좋습니다. 실무에서 big key가 많으면 스냅샷 크기가 커지고, 복구 시간이 길어져 장애 복구가 늦어질 수 있습니다. 또한 AOF 재작성(rewrite) 같은 작업도 부담이 커질 수 있습니다. 그래서 big key는 런타임 지연뿐 아니라 운영 작업에도 악영향을 줍니다. 캐시라도 데이터 크기는 관리 대상입니다.		O	TRUE	X	FALSE					redis	big_key	caching	operations
Q568	Hot Key와 클러스터 분산		Database - NoSQL	27	OX	HARD	Redis Cluster를 써도 hot key는 특정 슬롯/노드에 부하가 집중될 수 있어 완전히 해결되지 않는다.	클러스터는 키 공간을 분산하지만, 핫키는 “한 키에 트래픽이 집중”되는 문제라서 분산이 잘 안 됩니다. 면접에서는 클러스터가 해결하는 문제(용량/키 분산)와 핫키가 남는 이유(접근 분포)를 구분해야 합니다. 실무에서는 키 샤딩, 로컬 캐시, 응답 캐싱 레이어 추가, 읽기 복제 같은 추가 전략이 필요합니다. 핫키는 구조적 문제이므로 관측과 함께 접근해야 합니다. 클러스터는 만능이 아니라 기본 토대입니다.		O	TRUE	X	FALSE					scaling	redis	hot_key	cluster
Q569	캐시와 데이터 유효 범위		Security - 인증/인가	52	OX	HARD	권한/정책이 요청 시점에 따라 달라질 수 있는 경우, 권한 체크 결과를 캐싱하면 정책 변경 직후 권한이 즉시 반영되지 않을 수 있다.	권한/정책은 보안 도메인이라 최신성이 매우 중요합니다. 면접에서는 캐싱의 위험(권한 상승/철회 지연)을 구체적으로 말하면 좋습니다. 실무에서는 TTL을 매우 짧게 두거나, 정책 변경 이벤트로 관련 캐시를 즉시 무효화합니다. 그래도 이벤트 유실을 대비해 TTL을 보험으로 둡니다. 또한 권한 결과가 사용자/리소스/스코프에 따라 달라지므로 키 설계가 잘못되면 데이터 노출 사고가 될 수 있습니다. 보안 영역 캐싱은 성능보다 안전이 우선입니다.		O	TRUE	X	FALSE					caching	redis	security	authorization
Q570	캐시와 멀티리전 레이턴시		DevOps / Cloud - 클라우드 서비스	64	OX	HARD	멀티리전 환경에서 단일 리전 Redis에 의존하면 원거리 왕복 지연이 커져 p99가 악화될 수 있다.	멀티리전에서 캐시는 물리적 거리의 영향을 크게 받습니다. 면접에서는 글로벌 서비스에서 캐시 배치 전략(리전별 캐시, 로컬 캐시, 데이터 복제)을 물을 수 있습니다. 실무에서는 가까운 리전에 캐시를 두거나, 리전별로 분산해 쓰며, 일관성 요구가 높으면 설계가 더 복잡해집니다. 단일 리전 캐시는 운영은 쉽지만 지연과 장애 도메인 측면에서 불리합니다. 따라서 트래픽 분포와 SLA에 따라 캐시 토폴로지를 설계합니다.		O	TRUE	X	FALSE					scaling	redis	latency	cloud
Q571	캐시의 배포 안전성		Software Engineering - 개발 프로세스	58	OX	HARD	캐시 값 포맷을 바꿀 때 “키 버저닝”을 쓰면 롤백 시에도 구버전 서버가 안전하게 동작할 가능성이 높다.	키 버저닝은 구/신버전이 서로 다른 키를 쓰게 만들어 충돌을 줄입니다. 면접에서는 무중단 배포에서 캐시 호환성 전략을 설명하는 문제가 나올 수 있습니다. 실무에서도 값 스키마가 바뀌면 역직렬화 오류가 나기 쉬운데, 버저닝은 이를 구조적으로 회피합니다. 물론 버저닝 직후 미스가 늘어 DB 부하가 올라갈 수 있어 워밍/레이트리밋을 같이 설계해야 합니다. 그럼에도 롤백 안전성은 크게 개선됩니다. 캐시는 배포 전략의 일부입니다.		O	TRUE	X	FALSE					caching	redis	versioning	deployment
Q572	캐시와 데이터베이스 제약		Database - 관계형 데이터베이스	23	OX	HARD	강한 정합성이 필요한 중복 방지(예: 유니크) 문제는 Redis 락만으로 해결하기보다 DB 유니크 제약을 함께 두는 것이 더 안전하다.	유니크 제약은 DB가 제공하는 강력한 안전장치입니다. 면접에서는 “분산락으로 유니크를 대체할 수 있나?”라는 질문이 나올 수 있는데, 안전한 답은 DB를 최종 방어선으로 두는 것입니다. 실무에서도 Redis 락이 실패하거나 네트워크 문제가 생기면 중복 삽입이 발생할 수 있습니다. DB 유니크 제약은 그런 상황에서도 데이터 무결성을 지켜줍니다. Redis는 성능/동시성 완화에 도움을 주되, 핵심 무결성은 DB에 맡기는 설계가 안정적입니다.		O	TRUE	X	FALSE					redis	locking	caching	database
Q573	캐시와 읽기-쓰기 분리의 함정		Database - 관계형 데이터베이스	23	OX	HARD	Read Replica를 쓰면서 캐시까지 얹으면, replica 지연과 캐시 stale이 겹쳐 최신성이 더 나빠질 수 있다.	replica는 복제 지연으로 최신성이 흔들릴 수 있고, 캐시는 TTL/무효화 지연으로 stale가 생길 수 있습니다. 면접에서는 두 레이어의 stale가 누적될 수 있다는 점을 말하면 좋습니다. 실무에서는 최신성이 중요한 읽기는 primary를 보거나, 캐시를 우회하거나, 이벤트 기반 무효화를 강하게 적용합니다. 스케일링 레이어를 쌓을수록 최신성 관리는 더 어려워집니다. 따라서 “최신성 요구가 높은 경로”를 따로 분리하는 것이 안전합니다.		O	TRUE	X	FALSE					scaling	redis	replication	consistency
Q574	캐시와 thundering herd		Backend - 아키텍처 패턴	20	OX	HARD	스탬피드 상황에서 락을 사용해도 락 대기 타임아웃이 너무 짧으면, 대기 요청이 폴백으로 DB를 동시에 치면서 문제를 재현할 수 있다.	락은 “대기 정책”까지 포함해야 효과가 있습니다. 면접에서는 락 도입 후에도 왜 스탬피드가 남는지(대기 타임아웃, 폴백, 재시도 폭풍)를 설명할 수 있어야 합니다. 실무에서는 락 대기 시간을 p95 수준으로 맞추거나, 스테일 반환을 도입하거나, 폴백을 레이트리밋으로 제한합니다. 그렇지 않으면 락을 못 얻은 요청들이 동시에 DB로 내려가 문제를 그대로 만들 수 있습니다. 따라서 락은 만능이 아니라 파라미터 튜닝과 폴백 설계가 핵심입니다.		O	TRUE	X	FALSE					caching	redis	stampede	resilience
Q575	캐시와 연쇄 실패		Backend - 아키텍처 패턴	20	OX	HARD	캐시가 느려지면 스레드/커넥션 풀이 대기 상태로 쌓여, DB나 다른 외부 의존성까지 연쇄 실패로 이어질 수 있다.	캐시가 “느린 의존성”이 되면 요청이 쌓이고, 결국 서버 리소스가 고갈됩니다. 면접에서는 연쇄 실패(cascading failure) 관점에서 캐시를 설명하면 좋습니다. 실무에서는 캐시 타임아웃을 짧게 두고, 실패 시 빠르게 폴백하며, 재시도를 제한합니다. 또한 bulkhead(격리)나 서킷 브레이커로 캐시 문제를 격리합니다. 캐시는 성능 레이어이지만, 잘못 설계하면 가용성을 크게 해칠 수 있습니다.		O	TRUE	X	FALSE					scaling	redis	resilience	caching
Q576	캐시와 데이터 압축		Backend - 아키텍처 패턴	20	OX	HARD	캐시 값을 압축하면 네트워크 비용은 줄 수 있지만, CPU 비용이 늘어 핫키에서는 오히려 지연이 증가할 수 있다.	압축은 비용 이동(trade-off)입니다. 면접에서는 네트워크-CPU 트레이드오프를 말하면 좋습니다. 실무에서는 응답이 크고 히트율이 높아 네트워크가 병목이면 압축이 이득일 수 있습니다. 하지만 핫키에서 매 요청마다 압축/해제가 일어나면 CPU가 병목이 되어 p99가 나빠질 수 있습니다. 또한 압축률이 낮은 데이터는 이득이 거의 없습니다. 따라서 샘플링으로 효과를 측정하고 적용 범위를 제한해야 합니다.		O	TRUE	X	FALSE					caching	redis	performance	optimization
Q577	캐시 키 설계와 캐시 오염		Backend - 아키텍처 패턴	20	OX	HARD	키에 요청 파라미터 일부를 누락하면 서로 다른 결과가 같은 캐시에 저장되어 캐시 오염(cache pollution)이 발생할 수 있다.	캐시 오염은 성능 문제가 아니라 정합성/보안 문제로 이어질 수 있습니다. 면접에서는 “캐시 키에 무엇을 포함해야 하나” 질문에서 중요한 포인트입니다. 실무에서는 언어/지역/권한/필터/정렬/페이지 같은 파라미터가 결과를 바꾸면 반드시 키에 포함해야 합니다. 누락하면 다른 사용자가 잘못된 결과를 보거나, 권한 없는 데이터가 노출될 수도 있습니다. 캐시 키 설계는 API 계약의 일부라고 생각해야 합니다.		O	TRUE	X	FALSE					caching	redis	key_design	security
Q578	캐시와 관측 없는 최적화		Software Engineering - 원칙 & 규칙	59	OX	HARD	캐시 성능 문제는 히트율만 보면 충분하고, slowlog 같은 도구는 굳이 볼 필요가 없다.	히트율은 지연의 원인을 알려주지 않습니다. 면접에서는 관측 기반 성능 개선(메트릭, 트레이싱, slowlog, top keys)을 강조하면 좋습니다. 실무에서는 p99 악화 시 big key, 핫키, 네트워크 병목, 직렬화 비용, 커넥션 풀 문제 등 다양한 원인이 있을 수 있습니다. slowlog나 keyspace 분석은 원인을 좁히는 데 필수적입니다. 관측 없이 캐시를 튜닝하면 “감으로 최적화”가 되어 장애 대응이 느려집니다. 성능은 측정과 피드백 루프가 핵심입니다.		O	FALSE	X	TRUE					caching	redis	monitoring	performance
Q579	캐시와 데이터 수명주기		Backend - 아키텍처 패턴	20	OX	HARD	TTL이 없는 캐시 키는 운영 중 누적되어 메모리 압박과 eviction 폭증을 만들 수 있으므로, TTL 정책이나 정리 전략이 필요하다.	TTL이 없으면 캐시가 사실상 영구 저장소처럼 변해 메모리를 잠식할 수 있습니다. 면접에서는 “TTL은 선택이 아니라 정책”이라는 관점을 말하면 좋습니다. 실무에서는 TTL 기본값을 두거나, 영구 키는 엄격히 제한하고 주기적 정리 전략을 둡니다. TTL 누락은 시간이 지나서 터지는 장애라서 더 위험합니다. 또한 eviction 정책이 걸리면 중요한 키가 밀려나 예측 불가능한 동작이 생길 수 있습니다. 캐시는 수명주기 관리가 필수입니다.		O	TRUE	X	FALSE					caching	redis	ttl	operations
Q580	락 토큰 검증 누락		Backend - 아키텍처 패턴	20	OX	HARD	분산락 해제 시 “내가 잡은 락인지” 토큰 검증 없이 DEL만 하면, 다른 클라이언트의 락을 실수로 풀 수 있다.	분산락은 “획득”만큼 “해제”가 위험합니다. 면접에서는 락 값에 랜덤 토큰을 저장하고, 해제 시 비교 후 삭제(CAS/Lua)해야 한다는 포인트가 자주 나옵니다. 실무에서 TTL 만료 직후 다른 프로세스가 락을 다시 잡았는데, 이전 프로세스가 늦게 DEL을 하면 다른 락을 풀어버릴 수 있습니다. 이를 막으려면 GET으로 토큰 확인 후 삭제를 원자적으로 해야 하므로 Lua 스크립트가 많이 쓰입니다. 락 해제는 반드시 “owner 검증”이 포함되어야 합니다. 분산락은 구현 디테일이 곧 안전성입니다.		O	TRUE	X	FALSE					redis	locking	caching	concurrency
Q581	락 갱신(renewal) 위험		Backend - 아키텍처 패턴	20	OX	HARD	작업 시간이 TTL을 넘을 수 있어 락 갱신(renewal)을 할 때, 갱신은 “여전히 내가 소유자”임을 검증하며 수행해야 한다.	락 갱신은 자동으로 하면 안전해 보이지만, 소유권이 바뀐 상태에서 갱신하면 심각한 오류가 됩니다. 면접에서는 갱신 과정에서도 토큰 검증이 필요함을 말하면 좋습니다. 실무에서 GC stop-the-world나 네트워크 지연으로 TTL이 지나고 다른 프로세스가 락을 잡았는데, 늦게 깨어난 프로세스가 갱신을 해버리면 두 프로세스가 동시에 임계영역을 실행할 수 있습니다. 그래서 갱신도 Lua로 토큰 비교 후 EXPIRE 연장을 합니다. 락은 “획득/해제/갱신” 모두가 원자적 규칙을 가져야 합니다.		O	TRUE	X	FALSE					redis	locking	scaling	consistency
Q582	Read-After-Write 최신성		Backend - 아키텍처 패턴	20	OX	HARD	사용자가 본인이 방금 수정한 데이터를 즉시 확인해야 하는(read-after-write) 화면에서도 캐시를 동일하게 적용해도 문제가 없다.	read-after-write 요구는 캐시 설계에서 가장 까다로운 요구 중 하나입니다. 면접에서는 이런 경로는 캐시를 우회하거나, 사용자별 단기 캐시, 버전 기반 검증 등 별도 전략이 필요하다고 말해야 합니다. 실무에서 공통 캐시는 stale를 보여줄 수 있어 사용자 경험과 신뢰에 치명적입니다. 특히 프로필 수정, 게시글 수정 직후 조회 같은 흐름에서 stale 노출은 “수정이 안 됐나?”로 이어집니다. 따라서 read-after-write는 정책 분리 또는 강한 무효화/검증이 필요합니다. 캐시는 UX 요구사항과 강하게 연결됩니다.		O	FALSE	X	TRUE					caching	redis	consistency	ux
Q583	캐시와 순서 보장 파티션		Backend - 비동기 처리	19	OX	HARD	이벤트 기반 캐시 갱신에서 엔티티 ID로 파티션을 고정하면, 같은 엔티티에 대한 이벤트 순서 보장을 얻는 데 도움이 될 수 있다.	순서 보장은 “같은 키는 같은 파티션/큐로” 보내는 방식으로 달성하는 경우가 많습니다. 면접에서는 파티션 키 선택이 왜 중요한지 설명할 수 있어야 합니다. 실무에서는 동일 엔티티 업데이트 이벤트가 여러 파티션으로 흩어지면 순서가 쉽게 깨집니다. 엔티티 ID 기반 파티셔닝은 같은 엔티티 이벤트를 한 줄로 세워 버전 비교 부담을 줄일 수 있습니다. 다만 파티션 편향(핫 파티션) 위험도 있어 관측과 분산 전략이 필요합니다. 설계는 일관성/확장성 트레이드오프입니다.		O	TRUE	X	FALSE					redis	async	scaling	consistency
Q584	캐시 침투와 Null 캐싱		Backend - 아키텍처 패턴	20	OX	HARD	존재하지 않는 데이터 조회가 많을 때 null 캐싱은 DB 부하를 줄일 수 있지만, 데이터가 나중에 생성되면 stale null 때문에 접근이 지연될 수 있다.	null 캐싱은 캐시 침투(penetration)를 막는 대표 전략입니다. 면접에서는 장점과 함께 “나중에 생성될 수 있는 데이터”에서 부작용을 말할 수 있어야 합니다. 실무에서는 null TTL을 짧게 두거나, 생성 이벤트에서 관련 null 키를 삭제합니다. 그렇지 않으면 데이터가 생성됐는데도 “없다”가 캐시에 남아 사용자에게 보이지 않는 문제가 생깁니다. null 캐싱은 강력하지만 TTL/무효화 설계가 필수입니다.		O	TRUE	X	FALSE					caching	redis	penetration	invalidation
Q585	Bloom Filter와 동기화		Backend - 아키텍처 패턴	20	OX	HARD	Bloom Filter를 캐시 침투 방지로 쓸 때, 데이터 소스와 필터가 비동기적으로 어긋나면 정상 키를 “없다”로 판단하는 위험이 생길 수 있어 초기화/동기화 전략이 중요하다.	Bloom Filter의 이론상 성질은 “false negative 없음”이지만, 운영에서는 동기화가 깨지면 사실상 false negative처럼 동작할 수 있습니다. 면접에서는 이런 운영 리스크를 지적하면 수준이 높게 평가됩니다. 실무에서는 배치로 전체 키를 재빌드하거나, 쓰기 경로에서 필터를 함께 업데이트하고, 재시도/이벤트 유실을 대비합니다. 특히 신규 생성 직후 필터 반영이 늦으면 존재하는 데이터를 없다고 판단할 수 있습니다. 따라서 Bloom Filter는 자료구조 특성뿐 아니라 “데이터 파이프라인”까지 함께 설계해야 합니다.		O	TRUE	X	FALSE					redis	bloom_filter	caching	operations
Q586	캐시와 데이터 압축의 캐시 오염		Backend - 아키텍처 패턴	20	OX	HARD	같은 키에 대해 압축 여부가 배포 버전별로 달라지면, 값 해석이 꼬여 장애가 날 수 있어 압축 정책도 호환성을 고려해야 한다.	압축은 값 포맷의 일부입니다. 면접에서는 “포맷 변경은 배포 호환성 이슈”라는 관점을 말하면 좋습니다. 실무에서 구버전 서버는 비압축을 기대하는데 신버전이 압축 값을 저장하면 역직렬화/디코딩 오류가 납니다. 이를 막으려면 키 버저닝, 값 헤더로 포맷 버전 표시, 점진 적용 같은 전략이 필요합니다. 압축은 성능 최적화지만, 운영 관점에서는 스키마 변경과 동일한 위험을 가집니다. 캐시는 배포 전략과 함께 가야 합니다.		O	TRUE	X	FALSE					caching	redis	deployment	optimization
Q587	캐시와 GC 스톱더월드		Operating System - 메모리 관리	36	OX	HARD	애플리케이션의 긴 GC pause로 인해 락 TTL이 만료된 뒤에도 작업이 계속 진행되면, 분산락 기반 상호배제가 깨질 수 있다.	긴 GC pause는 “프로세스가 멈춘 것”처럼 보이게 만들고, TTL 기반 락에서 치명적인 타이밍 문제를 일으킵니다. 면접에서는 분산락이 애플리케이션 런타임 특성(GC, 스케줄링)에 영향을 받는다는 점을 말하면 좋습니다. 실무에서는 작업 시간이 긴 임계영역에 TTL 락을 쓰기 어렵고, 갱신 워치독도 GC pause에 취약할 수 있습니다. 그래서 임계영역을 짧게 만들거나, DB 제약/트랜잭션으로 최종 안전을 확보합니다. 분산락은 인프라만의 문제가 아니라 런타임까지 포함한 시스템 문제입니다.		O	TRUE	X	FALSE					redis	locking	scaling	gc
Q588	캐시-DB 이중 쓰기 문제		Database - 트랜잭션 및 동시성 제어	25	OX	HARD	DB와 캐시를 둘 다 갱신하는 이중 쓰기에서, 분산 트랜잭션이 없으면 완전한 원자성을 보장하기 어렵다.	DB와 Redis는 서로 다른 시스템이라 원자적으로 함께 커밋하기가 어렵습니다. 면접에서는 이중 쓰기 문제를 인식하고, 보완책(afterCommit 무효화, outbox, 재처리, TTL 보험)을 말할 수 있어야 합니다. 실무에서는 DB를 Source of Truth로 두고, 캐시는 “결국 맞춰진다”는 eventual consistency로 운영합니다. 강한 정합성이 필요한 경우는 캐시를 우회하거나, 단일 저장소 모델을 택합니다. 이중 쓰기는 쉬운 구현처럼 보이지만 운영에서 가장 많은 버그를 만드는 영역입니다.		O	TRUE	X	FALSE					caching	redis	transaction	consistency
Q589	Outbox 패턴과 캐시 무효화		Backend - 아키텍처 패턴	20	OX	HARD	캐시 무효화를 안정적으로 전달하려면 DB 트랜잭션 내 outbox에 이벤트를 기록하고, 이후 비동기로 발행하는 패턴이 도움이 될 수 있다.	outbox 패턴은 “DB 커밋과 이벤트 생성”을 함께 묶어 이벤트 유실을 줄이는 대표 방식입니다. 면접에서는 캐시 무효화 이벤트의 신뢰성을 높이는 방법으로 outbox를 제시하면 좋습니다. 실무에서는 커밋 성공 후 outbox 레코드를 폴링/스트리밍하여 메시지를 발행하고, 소비자가 캐시를 무효화합니다. 물론 전달 지연이 있을 수 있어 TTL 보험이 여전히 필요합니다. outbox는 분산 환경에서 정합성과 운영성을 함께 개선하는 패턴입니다.		O	TRUE	X	FALSE					redis	caching	outbox	async
Q590	키 공간 폭발과 비용		Backend - 아키텍처 패턴	20	OX	HARD	키 버저닝을 과도하게 사용하면 키 공간이 폭발해 메모리 비용이 증가하고 eviction을 악화시킬 수 있다.	버저닝은 안전하지만 “버전이 늘수록 키가 늘어나는” 구조적 비용이 있습니다. 면접에서는 버저닝의 장단점을 균형 있게 말하는 게 중요합니다. 실무에서는 버전 변경 빈도를 낮추고, 구버전 키의 TTL을 짧게 두거나, 정리 작업을 계획합니다. 또한 버전별 캐시 워밍으로 DB 부하를 제어합니다. 안전장치도 비용이 있으니 관리 전략이 필요합니다. 캐시는 결국 메모리라는 유한 자원을 씁니다.		O	TRUE	X	FALSE					caching	redis	versioning	memory
Q591	캐시와 쓰기-백(write-behind)		Backend - 아키텍처 패턴	20	OX	HARD	write-behind(비동기 쓰기) 캐싱은 성능은 좋을 수 있지만, 캐시 장애 시 데이터 유실 위험이 커져 강한 내구성이 필요한 도메인에는 부적합할 수 있다.	write-behind는 캐시가 사실상 일시적 진실(source)처럼 동작하기 때문에 내구성 설계가 핵심입니다. 면접에서는 write-through vs write-behind 차이를 묻기도 합니다. 실무에서 write-behind를 쓰면 장애 시 큐에 쌓인 변경이 사라질 수 있고, 재처리 로직이 없으면 데이터가 유실됩니다. 따라서 금융/정산 같은 강한 내구성이 필요한 도메인에는 보통 부적합합니다. 성능을 얻기 위해 내구성을 포기하는 선택이기 때문입니다. 캐시는 “데이터 손실이 허용되는가”부터 따져야 합니다.		O	TRUE	X	FALSE					redis	caching	durability	scaling
Q592	멱등 키와 TTL 설정 오류		Backend - 아키텍처 패턴	20	OX	HARD	멱등 키 TTL을 작업 시간보다 짧게 두면, 작업이 끝나기 전에 키가 만료되어 중복 처리가 다시 열릴 수 있다.	멱등 처리는 TTL 설계가 절반입니다. 면접에서는 “왜 TTL이 중요하냐”를 구체적으로 설명하면 좋습니다. 실무에서 결제/주문 같은 작업이 길어질 수 있는데 TTL이 짧으면 같은 요청이 다시 들어와 중복 처리됩니다. 반대로 TTL이 너무 길면 키가 쌓여 메모리 부담이 생길 수 있어 균형이 필요합니다. 또한 완료 상태와 진행중 상태를 분리해 저장하면 안전성이 올라갑니다. 멱등성은 장애/재시도 환경에서 시스템 신뢰도를 좌우합니다.		O	TRUE	X	FALSE					redis	idempotency	caching	reliability
Q593	캐시 키에 기능 플래그		Backend - 아키텍처 패턴	20	OX	HARD	feature flag나 A B 테스트로 응답이 달라진다면, 플래그 상태를 키에 포함하지 않으면 서로 다른 실험군이 같은 캐시를 공유할 위험이 있다.	실험/플래그는 응답을 바꾸므로 캐시 키의 일부입니다. 면접에서는 “응답을 바꾸는 컨텍스트”를 키에 포함해야 한다는 사고가 중요합니다. 실무에서 플래그를 키에 포함하지 않으면 실험군이 섞여 실험 결과가 오염되고, 사용자 경험도 일관되지 않게 됩니다. 또한 보안/권한처럼 민감한 플래그라면 데이터 노출 사고로 이어질 수 있습니다. 캐시는 단순히 URL만으로 결정되지 않습니다. 키 설계는 제품 운영과 직결됩니다.		O	TRUE	X	FALSE					caching	redis	key_design	experimentation
Q594	캐시 무효화의 관측 지표		Backend - 아키텍처 패턴	20	OX	HARD	이벤트 기반 무효화가 잘 동작하는지 확인하려면 “무효화 이벤트 지연”이나 “키 재주입 빈도” 같은 관측 지표가 유용할 수 있다.	이벤트 기반 시스템은 관측이 없으면 실패를 알기 어렵습니다. 면접에서는 어떤 지표를 볼지(지연, 실패율, 재시도, backlog, stale 비율)를 말하면 수준이 높게 평가됩니다. 실무에서는 이벤트 지연이 커지면 stale가 길게 노출될 수 있고, 이벤트 유실은 TTL로만 회복됩니다. 또한 키가 무효화 직후 반복적으로 재주입되면 스탬피드나 레이스가 의심됩니다. 관측 지표는 설계의 일부이며, 운영 안정성을 좌우합니다. 캐시는 “빠르다”보다 “예측 가능하다”가 중요합니다.		O	TRUE	X	FALSE					redis	caching	monitoring	operations
Q595	레이트리밋 분산과 정확도		Backend - 아키텍처 패턴	20	OX	HARD	분산 레이트리밋에서 고정 윈도우(fixed window) 방식은 경계(boundary)에서 버스트가 허용되는 단점이 있어 슬라이딩 방식이 더 정확할 수 있다.	fixed window는 윈도우 경계에서 “두 윈도우에 걸쳐” burst가 가능해 제한이 느슨해질 수 있습니다. 면접에서는 레이트리밋 알고리즘의 특성 차이를 물을 수 있습니다. 실무에서는 요구 정확도가 높으면 sliding window log/counter를 고려하고, 성능/구현 난이도 때문에 fixed window를 쓰기도 합니다. Redis에서는 Lua로 원자적 구현을 하거나, 정교한 알고리즘을 적용할 수 있습니다. 어떤 선택이든 트레이드오프를 말할 수 있어야 합니다. 레이트리밋은 보안/안정성 장치이기도 합니다.		O	TRUE	X	FALSE					scaling	redis	rate_limit	algorithm
Q596	캐시와 백프레셔		Backend - 비동기 처리	19	OX	HARD	캐시 장애로 폴백 트래픽이 늘 때, 백프레셔(backpressure) 없이 무제한 처리하면 전체 시스템이 불안정해질 수 있다.	폴백은 트래픽을 다른 의존성으로 넘기는 것이므로, 그 경로를 통제하지 않으면 연쇄 장애가 납니다. 면접에서는 백프레셔와 제한(큐 길이, 동시성 제한, 429/503)을 말하면 좋습니다. 실무에서는 DB 보호를 위해 동시성 제한과 레이트리밋을 걸고, 초과 요청은 빠르게 거절해 시스템을 살립니다. “모든 요청을 살린다”가 항상 최선은 아닙니다. 백프레셔는 스케일링에서 필수 개념입니다. 캐시는 실패 시 더 중요해집니다.		O	TRUE	X	FALSE					redis	scaling	resilience	backpressure
Q597	캐시와 장애 도메인		DevOps / Cloud - 인프라 구성 요소	34	OX	HARD	Redis를 단일 인스턴스로 운영하면, 그 인스턴스가 장애 도메인(SPOF)이 되어 세션/락/캐시 기능이 동시에 영향을 받을 수 있다.	단일 인스턴스는 단일 장애점이 됩니다. 면접에서는 SPOF를 어떻게 줄일지(복제, sentinel/cluster, 다중 AZ)를 묻기도 합니다. 실무에서 Redis가 세션/락/캐시까지 맡으면 장애 영향이 광범위해지므로, 중요도에 따라 분리와 고가용성 구성이 필요합니다. 물론 HA도 운영 복잡도가 올라가므로, 모니터링과 장애 대응 절차가 함께 있어야 합니다. 장애 도메인을 줄이는 것은 스케일링의 핵심입니다. 캐시는 성능뿐 아니라 가용성 설계의 일부입니다.		O	TRUE	X	FALSE					scaling	redis	ha	infra
Q598	캐시 데이터 보호와 키 스캔		Security - 취약점	53	OX	HARD	운영 환경에서 무분별한 KEYS 패턴 조회는 Redis를 블로킹해 장애를 유발할 수 있어, SCAN 같은 점진 조회가 더 안전하다.	KEYS는 전체 키 공간을 한 번에 훑을 수 있어 큰 인스턴스에서 치명적입니다. 면접에서는 KEYS vs SCAN 차이를 알고 있는지 자주 묻습니다. 실무에서는 점진적으로 조회하는 SCAN을 사용하고, 운영 작업은 트래픽이 낮은 시간대나 별도 리플리카에서 수행합니다. 또한 키 네임스페이스를 잘 잡아야 스캔 비용도 줄일 수 있습니다. 운영 편의 때문에 장애를 만들면 안 됩니다. 캐시 운영도 보안/안정성 기준을 따라야 합니다.		O	TRUE	X	FALSE					redis	security	operations	caching
Q599	최종 안전장치로서 DB		Database - 트랜잭션 및 동시성 제어	25	OX	HARD	Redis 캐시/락을 아무리 잘 설계해도, 최종적으로 데이터 무결성을 지키는 안전장치는 DB 제약과 트랜잭션으로 두는 것이 일반적으로 더 안전하다.	Redis는 빠르고 유연하지만, 분산 환경에서 모든 실패 모드를 완벽히 덮기 어렵습니다. 면접에서는 “캐시는 보조, DB는 최종 진실”이라는 프레임을 제시하면 좋습니다. 실무에서도 유니크 제약, 외래키, 트랜잭션은 최종 방어선입니다. Redis 락은 중복을 줄이고 부하를 낮추는 데 도움을 주지만, 실패 시에도 데이터가 깨지지 않도록 DB가 막아야 합니다. 안전한 설계는 1차 최적화와 2차 방어를 함께 둡니다. 성능과 무결성은 둘 다 중요한 목표입니다.		O	TRUE	X	FALSE					redis	caching	database	scaling
Q600	락 해제 토큰 검증		Backend - 아키텍처 패턴	20	OX	HARD	분산락 해제 시 토큰 검증 없이 DEL만 수행해도 안전하다.	분산락은 해제가 더 위험한 경우가 많습니다. TTL 만료 후 다른 프로세스가 같은 키로 락을 다시 잡을 수 있습니다. 이때 이전 소유자가 늦게 DEL을 하면 새로운 소유자의 락을 풀어버립니다. 그래서 락 값에 랜덤 토큰을 저장하고, 해제 시 토큰이 일치할 때만 삭제해야 합니다. 실무에서는 보통 Lua 스크립트로 비교 후 삭제를 원자적으로 처리합니다.		O	FALSE	X	TRUE					caching	redis	locking	concurrency
Q601	락 갱신과 소유권		Backend - 아키텍처 패턴	20	OX	HARD	락 갱신은 단순히 EXPIRE를 연장하면 충분하며, 소유권 검증이 필요 없다.	락 갱신도 소유권 검증이 없으면 위험합니다. TTL이 만료되어 다른 프로세스가 락을 획득한 뒤일 수 있습니다. 그 상태에서 이전 프로세스가 EXPIRE를 연장하면 두 프로세스가 동시에 임계 구역을 실행할 수 있습니다. 갱신도 토큰 비교 후 EXPIRE를 해야 안전합니다. 실무에서는 워치독 방식이라도 GC 지연이나 네트워크 지연을 고려해 설계합니다.		O	FALSE	X	TRUE					scaling	redis	locking	consistency
Q602	캐시 삭제 후 재주입 레이스		Backend - 아키텍처 패턴	20	OX	HARD	Cache Aside에서 DB 업데이트 후 캐시 DEL을 하면, stale 값이 다시 캐시에 들어갈 일은 없다.	삭제 직후 동시에 들어온 읽기 요청이 오래된 값을 읽어 SET할 수 있습니다. 즉 DEL만으로는 stale 재주입 레이스를 완전히 막지 못합니다. 면접에서는 더블 삭제, 버전 키, 조건부 SET, singleflight 같은 보완책을 같이 말해야 합니다. 실무에서는 afterCommit 이후 무효화, 갱신 시점에 버전 비교를 넣는 방식이 흔합니다. 캐시 정합성 문제는 타이밍 레이스가 핵심입니다.		O	FALSE	X	TRUE					caching	redis	invalidation	race_condition
Q603	Redis Cluster와 hot key		Database - NoSQL	27	OX	HARD	Redis Cluster를 사용하면 hot key 문제는 자동으로 해결된다.	클러스터는 키 공간을 슬롯으로 분산하지만, hot key는 한 키에 QPS가 몰리는 문제입니다. 같은 키는 같은 슬롯에 매핑되기 때문에 특정 노드에 부하가 집중될 수 있습니다. 실무에서는 키 샤딩, 로컬 캐시, 요청 합치기, 읽기 레플리카 등을 추가로 고려합니다. 면접에서는 분산이 해결하는 문제와 남는 문제를 구분하는지가 포인트입니다. 결론적으로 클러스터는 기본 토대이지 만능이 아닙니다.		O	FALSE	X	TRUE					scaling	redis	hot_key	cluster
Q604	KEYS 명령 운영 위험		Security - 취약점	53	OX	HARD	운영 환경에서 KEYS 패턴 조회는 안전하며 대규모 키 공간에서도 문제를 거의 일으키지 않는다.	KEYS는 전체 키 공간을 한 번에 스캔할 수 있어 큰 인스턴스에서 위험합니다. 단일 스레드 이벤트 루프에 부담을 주어 지연이나 장애를 유발할 수 있습니다. 실무에서는 SCAN처럼 점진 조회를 사용하고, 운영 작업은 트래픽 낮은 시간대나 별도 환경에서 수행합니다. 키 네임스페이스를 잘 잡으면 조회 범위도 줄일 수 있습니다. 운영 편의가 장애 원인이 되면 안 됩니다.		O	FALSE	X	TRUE					caching	redis	operations	security
Q605	PubSub 신뢰성		Backend - 비동기 처리	19	OX	HARD	Redis PubSub은 구독자가 잠시 끊겨도 메시지가 보관되므로 재연결 후 다시 받을 수 있다.	PubSub은 일반적으로 메시지 보관을 보장하지 않는 경우가 많습니다. 구독자가 끊긴 동안 발행된 메시지는 유실될 수 있습니다. 면접에서는 PubSub과 Streams 같은 내구성 모델의 차이를 설명할 수 있어야 합니다. 실무에서 재처리나 오프셋 기반 진행이 필요하면 Streams 또는 전용 MQ를 고려합니다. 캐시 무효화 같은 중요 이벤트라면 전달 보장 설계가 중요합니다.		O	FALSE	X	TRUE					scaling	redis	async	reliability
Q606	Streams와 consumer group		Backend - 비동기 처리	19	OX	HARD	Redis Streams는 consumer group을 통해 처리 진행을 추적하고, 미처리 메시지를 펜딩으로 관리할 수 있다.	Streams는 소비자 그룹으로 메시지 분배와 진행 상태를 관리할 수 있습니다. ACK되지 않은 메시지는 펜딩에 남아 재처리 패턴을 구성할 수 있습니다. 면접에서는 PubSub과 비교해 내구성 모델을 말하면 좋습니다. 실무에서는 펜딩이 쌓이면 소비자 장애나 처리 지연 신호가 되므로 모니터링이 중요합니다. 또한 무한히 쌓이지 않도록 trimming 정책도 설계합니다. Streams는 비동기 처리에서 유용하지만 운영 난이도도 함께 올라갑니다.		O	TRUE	X	FALSE					scaling	redis	streams	async
Q607	MULTI EXEC의 착각		Database - NoSQL	27	OX	HARD	Redis MULTI EXEC는 관계형 DB 트랜잭션처럼 격리 수준을 제공하여 동시성 문제를 자동으로 막아준다.	MULTI EXEC는 명령을 묶어 실행 순서를 보장하는 성격이 강하지만, RDB의 격리 수준을 그대로 제공한다고 보기 어렵습니다. 면접에서는 원자성, 격리, 일관성의 의미를 정확히 구분하는지가 포인트입니다. 경쟁 조건을 막으려면 WATCH 기반 낙관적 제어 또는 Lua로 원자 실행을 구성합니다. 실무에서도 MULTI만 믿고 설계하면 레이스가 남는 경우가 있습니다. Redis 트랜잭션은 RDB 트랜잭션과 같은 개념으로 단정하면 위험합니다.		O	FALSE	X	TRUE					caching	redis	transaction	concurrency
Q608	Lua 스크립트 원자성		Backend - 아키텍처 패턴	20	OX	HARD	Redis Lua 스크립트는 서버 측에서 단일 작업처럼 실행되어, 여러 명령을 원자적으로 처리하는 데 활용될 수 있다.	Lua는 여러 Redis 명령을 한 단위로 실행할 수 있어 원자 처리에 유용합니다. 면접에서는 레이트리밋, 락 해제 토큰 검증, 조건부 갱신 같은 사례로 연결하면 좋습니다. 실무에서는 단순 GET SET 조합이 레이스를 만들 때 Lua로 한 번에 처리합니다. 다만 스크립트가 너무 무거우면 Redis 지연을 유발할 수 있어 주의합니다. 또한 운영에서는 스크립트 버전 관리와 관측도 필요합니다. 원자성은 얻지만 비용과 복잡도가 따라옵니다.		O	TRUE	X	FALSE					caching	redis	lua	atomic
Q609	AOF fsync 정책과 데이터 유실		DevOps / Cloud - 인프라 구성 요소	34	OX	HARD	AOF를 사용하더라도 fsync 정책에 따라 장애 시 마지막 일부 쓰기가 유실될 수 있다.	AOF는 내구성을 높이지만 fsync 정책이 모든 상황에서 0 유실을 보장하지는 않습니다. 면접에서는 always, everysec 같은 정책 트레이드오프를 말하면 좋습니다. 실무에서는 성능과 내구성의 균형을 맞추기 위해 타협을 합니다. 장애 시점에 따라 마지막 기록이 디스크에 반영되지 않았을 수 있습니다. Redis를 내구성 저장소처럼 쓰면 위험해질 수 있어 도메인 요구를 먼저 확인해야 합니다. 캐시와 내구성의 경계를 명확히 하는 것이 중요합니다.		O	TRUE	X	FALSE					scaling	redis	durability	aof
Q610	Eviction과 중요한 키		Backend - 아키텍처 패턴	20	OX	HARD	eviction 정책이 켜져 있어도 Redis는 세션 키 같은 중요한 키를 자동으로 우선 보존한다.	eviction은 메모리 압박 시 키가 제거되는 정책이며, 중요도를 자동으로 판단해 보존해주지 않습니다. 면접에서는 세션, 락, 캐시를 같은 인스턴스에 섞을 때 위험이 커지는 이유를 말하면 좋습니다. 실무에서는 중요한 데이터는 별도 인스턴스 분리, 메모리 한도 분리, TTL 정책 분리 등을 고려합니다. 또한 eviction이 시작되면 동작이 예측 불가능해질 수 있습니다. 중요한 키는 eviction 대상이 되지 않도록 설계로 보장해야 합니다. Redis가 알아서 지켜주지 않습니다.		O	FALSE	X	TRUE					scaling	redis	eviction	session
Q611	메모리 단편화와 RSS		Operating System - 메모리 관리	36	OX	HARD	Redis의 RSS가 커지는 현상은 단순히 키 수 증가만이 아니라 메모리 단편화 영향일 수도 있다.	RSS는 실제 프로세스가 OS로부터 확보한 메모리 관점입니다. 내부적으로 해제된 메모리가 OS에 즉시 반환되지 않아 단편화처럼 보일 수 있습니다. 면접에서는 논리적 사용량과 물리적 사용량의 차이를 설명하면 좋습니다. 실무에서는 메모리 지표를 함께 보고, big key, churn, allocator 동작을 고려합니다. 단순히 키를 지웠다고 RSS가 바로 내려가지 않을 수 있습니다. 메모리 운영은 단순한 합계 계산이 아닙니다.		O	TRUE	X	FALSE					scaling	redis	memory	operations
Q612	캐시 워밍과 DB 보호		Backend - 아키텍처 패턴	20	OX	HARD	배포 직후 워밍 작업을 무제한으로 돌려도 캐시가 채워지기만 하면 항상 안정적이다.	워밍은 캐시를 채우지만, 그 과정에서 DB를 강하게 두드릴 수 있습니다. 면접에서는 워밍에도 레이트리밋과 점진 적용이 필요하다는 점이 포인트입니다. 실무에서는 핫키만 선택적으로 워밍하고, 동시성 제한을 둡니다. 그렇지 않으면 워밍이 스스로 스탬피드를 만들어 DB를 장애로 몰 수 있습니다. 또한 배포 직후는 트래픽이 변동될 수 있어 더 조심해야 합니다. 워밍은 운영 작업이며 안전장치가 필수입니다.		O	FALSE	X	TRUE					caching	redis	warming	resilience
Q613	레이트리밋 fixed window 경계		Backend - 아키텍처 패턴	20	OX	HARD	fixed window 레이트리밋은 윈도우 경계에서 버스트가 허용되는 단점이 있을 수 있다.	fixed window는 경계 순간에 두 윈도우를 연달아 쓰며 버스트가 가능해질 수 있습니다. 면접에서는 fixed window와 sliding 계열의 차이를 자주 묻습니다. 실무에서는 요구 정확도가 높으면 sliding window log, sliding counter 등을 고려합니다. 다만 sliding은 비용이 증가할 수 있어 성능과 정확도의 균형이 필요합니다. Redis에서는 Lua로 원자 처리해 정교한 알고리즘을 구현하기도 합니다. 레이트리밋은 안정성 장치이므로 알고리즘 선택 근거가 중요합니다.		O	TRUE	X	FALSE					scaling	redis	rate_limit	algorithm
Q614	멱등 키 TTL 설계		Backend - 아키텍처 패턴	20	OX	HARD	멱등 키 TTL을 작업 시간보다 짧게 잡으면, 작업 중에 키가 만료되어 중복 처리가 다시 열릴 수 있다.	멱등성은 재시도 환경에서 시스템 안정성을 좌우합니다. TTL이 너무 짧으면 처리 중에 키가 사라져 같은 요청이 다시 성공할 수 있습니다. 면접에서는 진행중 상태와 완료 상태를 분리해 저장하는 방식도 같이 말하면 좋습니다. 실무에서는 최악의 처리 시간을 기준으로 TTL을 잡고, 필요하면 갱신을 넣습니다. 반대로 TTL이 너무 길면 키가 쌓여 비용이 증가하므로 균형이 필요합니다. 멱등 키도 운영 정책의 일부입니다.		O	TRUE	X	FALSE					caching	redis	idempotency	reliability
Q615	멀티테넌시 키 설계		Backend - 아키텍처 패턴	20	OX	HARD	멀티테넌트 환경에서 tenantId를 키에 포함하지 않으면 테넌트 간 데이터 섞임 위험이 있다.	멀티테넌시에서는 격리가 핵심이고 캐시는 공유 계층이라 더 위험합니다. 면접에서는 tenant leak을 방지하는 키 설계를 자주 물어봅니다. 실무에서는 tenantId를 키에 포함하고, 민감도가 높으면 인스턴스 분리까지 고려합니다. 또한 키에 민감정보를 직접 넣지 않고 내부 식별자를 쓰는 것이 안전합니다. 캐시는 편리하지만 격리 요구가 높을수록 보수적으로 설계해야 합니다. 테넌트 격리는 기능 요구가 아니라 보안 요구입니다.		O	TRUE	X	FALSE					caching	redis	multi_tenant	security
Q616	캐시 압축과 핫키 CPU		Backend - 아키텍처 패턴	20	OX	HARD	캐시 값을 압축하면 네트워크는 줄어도, 핫키에서는 압축 해제 CPU 비용 때문에 p99 지연이 오히려 나빠질 수 있다.	압축은 네트워크 비용을 CPU 비용으로 옮기는 선택입니다. 면접에서는 비용 이동 트레이드오프를 이해하는지 봅니다. 실무에서 핫키는 매 요청마다 압축 해제가 발생하므로 CPU 병목이 생길 수 있습니다. 또한 압축률이 낮은 데이터는 이득이 거의 없습니다. 따라서 샘플링으로 효과를 측정하고, 대상 범위를 제한하는 것이 안전합니다. 최적화는 항상 측정 기반으로 해야 합니다.		O	TRUE	X	FALSE					caching	redis	performance	optimization
Q617	캐시 장애와 백프레셔		Backend - 아키텍처 패턴	20	OX	HARD	캐시 장애 시 폴백 트래픽이 증가해도 백프레셔 없이 모두 처리하면 시스템이 더 안정적이다.	폴백은 트래픽을 DB 같은 다른 의존성으로 넘기는 것이므로 통제가 없으면 연쇄 장애가 납니다. 면접에서는 백프레셔, 동시성 제한, 429 또는 503 같은 전략을 말하면 좋습니다. 실무에서는 일부 요청을 빠르게 거절해 시스템 전체를 살리는 선택이 필요합니다. 모든 요청을 살리는 것이 항상 최선이 아닙니다. 특히 캐시 장애는 징후가 늦게 보이면 더 크게 번집니다. 백프레셔는 스케일링의 핵심 안전장치입니다.		O	FALSE	X	TRUE					scaling	redis	resilience	backpressure
Q618	단일 Redis 인스턴스 SPOF		DevOps / Cloud - 인프라 구성 요소	34	OX	HARD	Redis를 단일 인스턴스로 운영하면 SPOF가 되어 캐시 세션 락이 동시에 영향을 받을 수 있다.	단일 인스턴스는 단일 장애점이 됩니다. 면접에서는 이를 줄이기 위한 복제, Sentinel, Cluster, 다중 AZ 같은 구성을 묻기도 합니다. 실무에서 Redis가 세션과 락까지 맡으면 장애 영향이 매우 커집니다. 또한 장애는 단순 다운뿐 아니라 지연과 타임아웃 형태로도 나타납니다. 중요도에 따라 인스턴스를 분리하고, 타임아웃과 폴백을 설계해야 합니다. 캐시는 성능 레이어지만 가용성 설계의 일부입니다.		O	TRUE	X	FALSE					scaling	redis	ha	infra
Q619	최종 무결성 방어선		Database - 트랜잭션 및 동시성 제어	25	OX	HARD	Redis 락과 캐시를 잘 설계해도, 최종 데이터 무결성은 DB 제약과 트랜잭션을 방어선으로 두는 것이 더 안전한 경우가 많다.	Redis는 빠르지만 모든 실패 모드를 완전히 제거하기 어렵습니다. 면접에서는 캐시는 보조이고 DB가 최종 진실이라는 프레임이 중요합니다. 실무에서는 유니크 제약, 외래키, 트랜잭션이 최종 방어선 역할을 합니다. Redis 락은 중복을 줄이고 부하를 낮출 수 있지만 실패 시에도 데이터가 깨지지 않게 DB가 막아야 합니다. 안전한 설계는 1차 최적화와 2차 방어를 함께 둡니다. 성능과 무결성은 동시에 만족해야 합니다.		O	TRUE	X	FALSE					caching	redis	database	scaling
Q620	Cache Stampede와 SingleFlight		Backend - 아키텍처 패턴	20	OX	HARD	스탬피드 방지를 위해 동일 키에 대한 동시 로딩을 1개로 합치는 SingleFlight 패턴은 캐시 레이어에서도 유용하다.	SingleFlight는 같은 키의 미스를 여러 요청이 동시에 처리하지 않도록 “한 번만 로드하고 나머지는 결과를 공유”하는 패턴입니다. 면접에서는 스탬피드(thundering herd) 대응으로 락, SWR, SingleFlight를 함께 설명하면 좋습니다. 실무에서는 애플리케이션 레벨에서 Future/Promise를 공유하거나, 로컬 락을 써서 동일 인스턴스 내 중복 로딩을 줄입니다. 다만 분산 환경에서는 인스턴스 간 중복은 남으므로, 필요하면 분산락이나 요청 합치기 게이트웨이도 고려합니다. 결국 목표는 DB로 떨어지는 동시 미스를 줄여 p99를 안정화하는 것입니다.		O	TRUE	X	FALSE					caching	redis	stampede	scaling
Q621	SingleFlight의 부작용		Backend - 아키텍처 패턴	20	OX	HARD	SingleFlight를 적용하면 항상 지연이 줄며 타임아웃이나 장애 전파 위험은 오히려 감소한다.	SingleFlight는 중복 로딩을 줄이지만, “대표 요청”이 느려지면 대기 요청이 함께 느려지는 특성이 있습니다. 면접에서는 이 패턴이 병목을 공유하게 만들어 tail latency를 악화시킬 수 있다는 점을 말하면 좋습니다. 실무에서는 대표 요청 타임아웃을 짧게 두거나, 대기 요청은 stale 반환으로 폴백하는 방식으로 완화합니다. 또한 요청 합치기가 과도하면 큐잉이 생겨 p99가 늘 수 있습니다. 최적화는 항상 트레이드오프가 있으므로 관측과 제한이 필요합니다.		O	FALSE	X	TRUE					scaling	redis	resilience	caching
Q622	Probabilistic Early Expiration		Backend - 아키텍처 패턴	20	OX	HARD	TTL 만료 직전의 키를 확률적으로 미리 만료시키는 기법은 스탬피드 완화에 도움이 될 수 있다.	키들이 같은 시점에 만료되면 미스가 한꺼번에 터져 스탬피드가 발생할 수 있습니다. 면접에서는 “만료 분산” 전략으로 jitter TTL, 확률적 조기 만료 같은 기법을 언급하면 좋습니다. 실무에서는 TTL에 랜덤 지터를 더하거나, 만료 임박 시 일부 요청은 갱신을 유도해 부하를 평탄화합니다. 이런 기법은 최신성보다 안정성을 우선하는 구간에서 유용합니다. 다만 데이터 성격에 따라 stale가 늘 수 있어 적용 범위 선정이 필요합니다.		O	TRUE	X	FALSE					caching	redis	ttl	stampede
Q623	TTL Jitter의 목적		Backend - 아키텍처 패턴	20	OX	HARD	TTL에 랜덤 지터를 주는 것은 만료 시점이 몰리는 것을 줄여 캐시 미스 스파이크를 완화하려는 목적이 있다.	많은 키가 동일 TTL로 저장되면 특정 시간대에 만료가 몰려 DB 부하가 튈 수 있습니다. 면접에서는 “왜 지터가 필요한가”를 물을 때 이 답이 핵심입니다. 실무에서는 TTL에 5~20% 정도 랜덤성을 부여해 만료를 분산시키곤 합니다. 특히 배치로 대량 적재하는 캐시에서 효과가 큽니다. 다만 너무 큰 지터는 최신성 요구를 해칠 수 있어 SLA에 맞춰 조정합니다. 지터는 간단하지만 강력한 안정화 기법입니다.		O	TRUE	X	FALSE					caching	redis	jitter	scaling
Q624	Cache Warming과 접근 분포 변화		Backend - 아키텍처 패턴	20	OX	HARD	워밍은 과거 핫키를 기준으로 해도 항상 맞으며, 접근 분포가 바뀌어도 안정성에 거의 영향이 없다.	접근 분포는 이벤트/시간대/제품 변경으로 쉽게 바뀝니다. 면접에서는 워밍이 “과거 데이터 기반 추정”이라서 빗나갈 수 있음을 말하면 좋습니다. 실무에서 워밍이 틀리면 쓸데없는 키를 채워 eviction을 유발하거나, 진짜 핫키는 못 채워 미스가 폭발할 수 있습니다. 그래서 워밍은 주기적으로 갱신하고, 워밍 대상의 효과를 측정합니다. 또한 워밍 트래픽 자체를 제한해 DB를 보호해야 합니다. 워밍은 만능이 아니라 운영 전략입니다.		O	FALSE	X	TRUE					caching	redis	warming	operations
Q625	Read Replica와 캐시 우선순위		Database - 관계형 데이터베이스	23	OX	HARD	replica 지연이 있을 수 있는 환경에서는 최신성이 중요한 읽기 경로에서 캐시와 replica를 우선 사용해도 안전하다.	replica와 캐시는 둘 다 stale 가능성을 내포합니다. 면접에서는 최신성이 중요한 경로는 primary 조회, 캐시 우회, 버전 검증 등 별도 설계가 필요하다고 답하는 게 좋습니다. 실무에서 “쓰기 직후 읽기”는 replica 지연과 캐시 stale가 겹쳐 사용자에게 오래된 데이터를 보여줄 수 있습니다. 따라서 최신성 요구가 강하면 경로를 분리하고, 캐시 정책도 다르게 둡니다. 스케일링을 쌓을수록 최신성 관리가 더 어려워진다는 점을 이해해야 합니다.		O	FALSE	X	TRUE					scaling	redis	replication	consistency
Q626	캐시 키와 언어 로케일		Backend - 아키텍처 패턴	20	OX	HARD	동일 리소스라도 locale 언어에 따라 응답이 달라지면, locale을 캐시 키에 포함하지 않으면 캐시 오염이 발생할 수 있다.	응답을 바꾸는 컨텍스트(언어, 통화, 권한, 실험군)는 키에 포함되어야 합니다. 면접에서는 캐시 키 설계에서 이런 컨텍스트를 놓치지 않는지 확인합니다. 실무에서도 locale을 누락하면 한 사용자가 받은 언어 결과가 다른 사용자에게 재사용되어 UX가 깨집니다. 특히 글로벌 서비스에서는 이 문제가 빈번합니다. 해결은 locale 포함 또는 응답 내부에서 다국어 분리를 하는 방식입니다. 캐시 키는 API 계약의 일부입니다.		O	TRUE	X	FALSE					caching	redis	key_design	i18n
Q627	Negative Cache와 재고/권한		Security - 인증/인가	52	OX	HARD	권한 없음(403) 응답을 negative cache로 길게 캐싱하면, 권한이 부여된 직후에도 계속 접근이 막힐 수 있다.	negative cache는 부하를 줄일 수 있지만, 상태가 바뀌는 도메인에서는 위험합니다. 면접에서는 403/404 같은 결과를 캐싱할 때 TTL을 짧게 하거나 이벤트로 무효화해야 한다고 말하면 좋습니다. 실무에서 권한 부여 직후에도 403이 캐시에 남으면 사용자 불만이 커지고 운영 이슈가 됩니다. 또한 권한은 보안 도메인이라 stale가 특히 위험합니다. 필요한 경우에만 제한적으로 적용하고 관측을 붙여야 합니다. 캐싱은 결과의 “변경 가능성”을 고려해야 합니다.		O	TRUE	X	FALSE					caching	redis	security	authorization
Q628	HTTP Cache와 Redis Cache 혼동		Network - HTTP	31	OX	HARD	HTTP 캐시 헤더가 잘 설정되어 있으면, 서버 측 Redis 캐시를 추가해도 항상 효과가 중복되지 않고 성능이 더 좋아진다.	HTTP 캐시는 CDN/브라우저에서 동작하고, Redis 캐시는 서버 내부에서 동작합니다. 면접에서는 두 캐시가 커버하는 구간이 다르고, 중복 최적화가 될 수도 있지만 항상 이득은 아니라는 점을 말해야 합니다. 실무에서는 이미 CDN이 높은 히트율로 오리진을 보호한다면, 서버 내부 Redis 캐시의 추가 이득이 작을 수 있습니다. 반대로 사용자별 개인화 응답은 HTTP 캐시가 못하므로 서버 캐시가 필요할 수 있습니다. 캐시는 레이어별로 병목을 측정한 뒤 추가해야 합니다. 중복 캐싱은 복잡도를 키울 수 있습니다.		O	FALSE	X	TRUE					caching	redis	http	performance
Q629	캐시 직렬화와 필드 추가		Software Engineering - 개발 프로세스	58	OX	HARD	캐시 값 포맷에 필드를 추가하는 변경은 항상 역호환이 보장되므로 배포 전략이 필요 없다.	필드 추가가 항상 안전한 것은 아닙니다. 면접에서는 구/신버전이 공존할 때 파서가 엄격하면 오류가 날 수 있다는 점을 언급하면 좋습니다. 실무에서는 JSON이라도 역직렬화 설정에 따라 알 수 없는 필드를 실패로 처리할 수 있습니다. 또한 바이너리 포맷은 더 민감합니다. 그래서 키 버저닝이나 값 버전 필드, 역호환 파서를 둡니다. 캐시 값도 데이터 계약이므로 배포 전략이 필요합니다.		O	FALSE	X	TRUE					redis	caching	deployment	serialization
Q630	캐시 압축과 키 버저닝		Backend - 아키텍처 패턴	20	OX	HARD	캐시 값 압축 여부를 바꿀 때 키 버저닝을 하면 구/신버전 공존 배포에서 충돌 위험을 줄일 수 있다.	압축 여부는 값 해석 방식이 달라지는 포맷 변경입니다. 면접에서는 포맷 변경에 키 버저닝이 유효하다는 점을 말하면 좋습니다. 실무에서 구버전 서버가 비압축을 기대하는데 신버전이 압축을 저장하면 디코딩 오류가 납니다. 키 버저닝으로 서로 다른 키를 쓰게 하면 공존 기간 충돌을 구조적으로 제거할 수 있습니다. 다만 버저닝 직후 미스가 늘 수 있어 워밍과 DB 보호가 필요합니다. 안전성과 부하 사이의 균형을 잡아야 합니다.		O	TRUE	X	FALSE					caching	redis	versioning	deployment
Q631	캐시 키에 PII		Security - 취약점	53	OX	HARD	운영 편의를 위해 이메일 같은 개인정보를 캐시 키에 그대로 넣어도 보안상 큰 문제가 없다.	키는 로그, 모니터링, 덤프, 스캔 과정에서 노출될 수 있습니다. 면접에서는 PII를 키에 직접 넣지 말고 내부 식별자나 해시를 쓰는 원칙을 말하면 좋습니다. 실무에서는 개인정보 노출은 규정/감사 이슈가 되며, 사고로 이어질 수 있습니다. 또한 키 길이도 커지고 운영 가독성도 나빠집니다. 식별자는 최소 정보 원칙으로 설계해야 합니다. 캐시는 성능 도구지만 보안 경계도 건드립니다.		O	FALSE	X	TRUE					redis	security	caching	pii
Q632	캐시와 partial failure		Backend - 아키텍처 패턴	20	OX	HARD	캐시가 부분적으로만 실패하는(지연, 타임아웃) 상황은 장애 대응이 더 어렵고, 빠른 타임아웃과 폴백 설계가 중요하다.	완전 다운보다 지연/타임아웃 같은 partial failure가 더 위험한 경우가 많습니다. 면접에서는 왜냐하면 요청이 쌓여 스레드/커넥션 풀이 고갈되기 때문이라고 설명하면 좋습니다. 실무에서는 캐시 타임아웃을 짧게 두고, 실패 시 빠르게 폴백하되 폴백도 제한해야 합니다. 또한 슬로우 캐시 탐지를 위해 p95/p99 지연과 타임아웃률을 관측합니다. partial failure는 연쇄 장애의 전형적 시작점입니다. 캐시도 의존성이므로 회복 전략이 필요합니다.		O	TRUE	X	FALSE					scaling	redis	resilience	timeout
Q633	캐시 장애 시 재시도 폭풍		Backend - 아키텍처 패턴	20	OX	HARD	캐시 장애 시 즉시 재시도를 많이 하면 성공률이 올라 시스템 안정성도 함께 좋아진다.	즉시 재시도는 트래픽을 증폭시켜 장애를 악화시키기 쉽습니다. 면접에서는 백오프와 지터, 최대 재시도 제한, 서킷 브레이커를 함께 말하면 좋습니다. 실무에서도 캐시를 best effort로 보고 재시도를 거의 하지 않거나 매우 제한적으로 둡니다. 특히 동일 시간대에 대규모 재시도가 동시 발생하면 Redis 뿐 아니라 네트워크와 애플리케이션 리소스까지 망가질 수 있습니다. 재시도는 신중하게 설계해야 합니다. 성공률이 아니라 시스템 전체 안정성이 목표입니다.		O	FALSE	X	TRUE					scaling	redis	retry	resilience
Q634	캐시 관측의 핵심		Software Engineering - 원칙 & 규칙	59	OX	HARD	히트율만 높으면 p99 지연이 나빠져도 캐시는 성공이라고 볼 수 있다.	히트율은 중요한 지표지만, 지연과 오류율이 더 중요한 경우가 많습니다. 면접에서는 성공 기준을 p95/p99 지연, 오류율, DB 부하, 비용까지 종합해서 판단한다고 말하면 좋습니다. 실무에서도 히트율이 높아도 big key, 직렬화 비용, 네트워크 병목으로 p99가 나빠질 수 있습니다. 또한 캐시가 불안정하면 장애 전파가 생길 수 있습니다. 캐시는 “빠르고 안정적”이어야 성공입니다. 지표는 하나로 단정하면 안 됩니다.		O	FALSE	X	TRUE					caching	redis	monitoring	performance
Q635	캐시와 비용 모델		DevOps / Cloud - 인프라 구성 요소	34	OX	HARD	캐시 인프라 비용과 네트워크 비용이 커지면, DB 부하가 줄어도 전체 비용이 증가할 수 있다.	캐시를 붙이면 DB 비용이 줄 수 있지만, 캐시 클러스터 비용과 트래픽 비용이 생깁니다. 면접에서는 비용 모델까지 고려하는지를 보기도 합니다. 실무에서도 히트율이 높아도 값이 너무 크거나, 네트워크 왕복이 많으면 비용이 올라갈 수 있습니다. 또한 캐시 운영을 위한 모니터링/온콜 비용도 간접 비용입니다. 그래서 캐시는 “성능/비용/운영”을 함께 평가해야 합니다. 최적화는 총 비용을 줄이는 방향이어야 합니다.		O	TRUE	X	FALSE					scaling	redis	cost	operations
Q636	캐시 키 카디널리티		Backend - 아키텍처 패턴	20	OX	HARD	키 카디널리티가 지나치게 높으면 히트율이 낮아지고 메모리 효율이 떨어져 캐시가 오히려 손해일 수 있다.	캐시는 재사용이 전제인데, 키 조합이 너무 많으면 같은 키가 다시 조회되지 않습니다. 면접에서는 어떤 API는 캐시하면 안 된다는 판단을 말할 수 있어야 합니다. 실무에서는 필터 조합이 많은 검색 API가 대표적입니다. 인기 쿼리만 제한적으로 캐싱하거나, 상위 페이지만 캐싱하는 방식으로 타협합니다. 또는 캐시 대상을 결과가 아니라 “조각 데이터”로 바꾸는 재설계도 고려합니다. 키 카디널리티는 캐시 설계의 핵심 변수입니다.		O	TRUE	X	FALSE					caching	redis	key_design	memory
Q637	캐시 무효화 지연과 TTL 보험		Backend - 아키텍처 패턴	20	OX	HARD	이벤트 기반 무효화를 쓰더라도 TTL은 이벤트 유실이나 지연에 대한 보험 역할을 할 수 있다.	이벤트는 유실되거나 지연될 수 있어 stale가 영구히 남는 위험이 있습니다. 면접에서는 이벤트+TTL 조합을 현실적 운영 패턴으로 설명하면 좋습니다. 실무에서는 TTL을 너무 짧게 하면 이벤트 기반 이점이 줄고, 너무 길면 유실 시 stale가 오래 남아 위험합니다. 그래서 도메인 요구에 맞춰 TTL을 조정하고, 이벤트 지연을 모니터링합니다. TTL은 완벽한 해결책이 아니라 최후의 안전장치입니다. 캐시 운영은 안전장치의 레이어링이 핵심입니다.		O	TRUE	X	FALSE					caching	redis	invalidation	resilience
Q638	캐시와 보안 경계		Security - 인증/인가	52	OX	HARD	인증/권한 결과 캐싱은 성능 이득이 있어도 정책 변경 즉시 반영이 어려워 보안 요구가 높으면 신중해야 한다.	보안 영역은 stale가 곧 사고로 이어질 수 있습니다. 면접에서는 권한 캐싱의 위험과 대응(짧은 TTL, 변경 이벤트 무효화, 중요한 경로 우회)을 말하면 좋습니다. 실무에서는 권한 결과를 캐시하더라도 매우 제한적으로 적용하고, 로그/감사 요구도 고려합니다. 또한 키 설계가 잘못되면 사용자 간 권한 결과가 섞일 수 있어 더 위험합니다. 캐시는 성능 도구지만 보안 경계도 함께 움직입니다. 그래서 보안 영역은 보수적으로 접근해야 합니다.		O	TRUE	X	FALSE					caching	redis	security	authorization
Q639	최종 진실 Source of Truth		Database - 트랜잭션 및 동시성 제어	25	OX	HARD	일반적인 설계에서 캐시를 Source of Truth로 두고, DB는 보조 저장소로 두는 것이 더 안전하다.	대부분의 시스템에서 DB가 최종 진실이며 캐시는 보조 계층입니다. 면접에서는 캐시/DB 불일치 시 어떤 것을 기준으로 할지 묻는데, DB를 기준으로 재구축하는 답이 더 일반적입니다. 캐시를 진실로 삼으려면 내구성, 복구, 일관성 설계가 크게 복잡해집니다. 실무에서는 캐시가 틀릴 수 있다는 전제로 TTL과 무효화, 관측을 둡니다. 물론 write-behind 같은 특수 설계도 있지만 그만큼 위험과 비용이 큽니다. 따라서 “캐시가 더 안전하다”는 단정은 보통 틀립니다.		O	FALSE	X	TRUE					redis	caching	consistency	pitfalls
Q640	캐시 키에 권한 스코프 포함		Security - 인증/인가	52	OX	HARD	동일 리소스라도 사용자 권한 스코프에 따라 응답이 달라질 수 있으면, 스코프를 캐시 키에 포함하지 않으면 데이터 노출 위험이 있다.	권한 스코프가 다른데 같은 캐시 키를 쓰면 “권한이 높은 응답”이 재사용될 수 있습니다. 면접에서는 캐시 오염이 보안 사고로 이어지는 대표 사례로 자주 언급됩니다. 실무에서는 userId, role, scope, tenantId 같은 컨텍스트를 키에 반영하거나, 아예 권한이 섞이는 응답은 캐시하지 않는 전략을 씁니다. 또한 키에 민감정보를 직접 넣지 말고 내부 식별자를 사용합니다. 보안 영역에서는 성능보다 안전이 우선이며, 캐시는 특히 보수적으로 적용해야 합니다.		O	TRUE	X	FALSE					caching	redis	security	authorization
Q641	캐시 무효화 이벤트 중복		Backend - 비동기 처리	19	OX	HARD	캐시 무효화 이벤트는 중복 전달되어도 안전하도록 멱등적으로 처리하는 설계가 일반적으로 유리하다.	이벤트는 중복 전달이 흔한 실패 모드입니다. 면접에서는 “중복을 전제로 멱등 처리”하는 관점이 매우 중요합니다. 실무에서는 invalidate는 DELETE 계열로 만들면 기본적으로 멱등이 됩니다. 반대로 “업데이트 이벤트로 캐시 값을 덮는다”는 방식은 순서/중복 문제를 더 키울 수 있습니다. 그래서 가능하면 무효화 중심으로 설계하고 TTL을 보험으로 둡니다. 이벤트 시스템은 ‘정확히 한 번’보다 ‘여러 번 와도 안전’이 현실적입니다.		O	TRUE	X	FALSE					redis	caching	async	idempotency
Q642	캐시 갱신 이벤트의 순서 역전		Backend - 비동기 처리	19	OX	HARD	캐시 값 갱신을 이벤트로 처리할 때, 이벤트 순서가 역전되면 더 오래된 값이 최신 값을 덮을 수 있다.	분산 환경에서는 순서가 뒤집힐 수 있습니다. 면접에서는 버전 필드/타임스탬프 비교, 파티션 키 고정, 최종 상태 스냅샷 같은 완화책을 말하면 좋습니다. 실무에서도 ‘update 이벤트’로 캐시를 직접 덮으면 순서 역전에 취약합니다. 그래서 invalidate 후 재로딩 방식이 더 안전한 경우가 많습니다. 어쩔 수 없이 덮기 방식을 쓰면 반드시 조건부 갱신(버전 비교)을 넣어야 합니다. 이벤트 기반 캐시는 전달뿐 아니라 정렬과 검증이 핵심입니다.		O	TRUE	X	FALSE					scaling	redis	async	consistency
Q643	Redis PubSub로 무효화만 하면 충분		Backend - 아키텍처 패턴	20	OX	HARD	캐시 무효화를 Redis PubSub로만 구현해도 구독자 장애나 재시작 상황에서도 무효화는 항상 반영된다.	PubSub은 구독자가 끊긴 동안의 메시지를 보관하지 않는 경우가 많아 유실 위험이 있습니다. 면접에서는 “전달 보장”이 필요한 이벤트에는 Streams/MQ/outbox 같은 패턴이 필요하다고 말하면 좋습니다. 실무에서는 PubSub을 보조 신호로 쓰고, TTL을 보험으로 두거나, 재빌드 작업을 둡니다. 무효화는 유실되면 오래된 데이터가 계속 남는 문제가 생깁니다. 따라서 신뢰도 요구가 높을수록 전달 보장 설계가 중요해집니다. PubSub만으로 충분하다는 단정은 위험합니다.		O	FALSE	X	TRUE					caching	redis	pubsub	reliability
Q644	캐시 오염과 실험군		Backend - 아키텍처 패턴	20	OX	HARD	A B 테스트로 응답이 달라지는 경우에도 실험군 정보를 키에 포함하지 않아도 캐시 정합성에는 문제가 없다.	실험군이 다르면 응답이 달라지므로 같은 키를 쓰면 캐시 오염이 발생합니다. 면접에서는 “응답을 바꾸는 컨텍스트는 모두 키의 일부”라는 원칙을 강조하면 좋습니다. 실무에서 실험군이 섞이면 실험 결과도 오염되고 사용자 경험도 일관되지 않습니다. 특히 추천/가격/노출 정책이 달라지면 영향이 큽니다. 해결은 실험군 식별자를 키에 포함하거나, 실험 기간에는 해당 응답을 캐시하지 않는 것입니다. 캐시 키는 제품 운영 조건을 반영해야 합니다.		O	FALSE	X	TRUE					caching	redis	key_design	experimentation
Q645	캐시와 Circuit Breaker		Backend - 아키텍처 패턴	20	OX	HARD	Redis 지연이 커질 때 서킷 브레이커로 캐시 호출을 빠르게 차단하면, 애플리케이션 스레드 고갈을 줄이는 데 도움이 될 수 있다.	느린 캐시는 partial failure를 만들어 요청을 쌓이게 합니다. 면접에서는 타임아웃과 서킷 브레이커를 함께 언급하면 실무 감각이 좋습니다. 실무에서는 캐시가 일정 오류율/지연을 넘으면 바로 우회(폴백)해 스레드/커넥션 풀이 잠식되는 것을 막습니다. 물론 폴백이 DB라면 DB 보호(레이트리밋)가 같이 있어야 합니다. 서킷 브레이커는 ‘캐시가 느려질 때의 피해’도 줄여줍니다. 캐시는 성능 레이어지만 안정성 레이어와 같이 움직입니다.		O	TRUE	X	FALSE					scaling	redis	circuit_breaker	resilience
Q646	캐시 폴백 재시도 정책		Backend - 아키텍처 패턴	20	OX	HARD	캐시 요청 실패 시 즉시 재시도를 여러 번 하면 Redis가 빨리 회복되어 전체 안정성이 올라간다.	즉시 재시도는 트래픽 증폭으로 장애를 악화시키기 쉽습니다. 면접에서는 백오프, 지터, 최대 재시도 제한을 말하면 좋습니다. 실무에서는 캐시는 best effort로 두고 재시도를 거의 하지 않거나 매우 제한합니다. 재시도를 하더라도 지연을 늘려(백오프) 동시 폭주를 막습니다. 캐시 장애에서는 성공률보다 시스템 전체 안정성이 목표입니다. 재시도는 신중해야 합니다.		O	FALSE	X	TRUE					redis	caching	retry	resilience
Q647	캐시와 Bulkhead		Backend - 아키텍처 패턴	20	OX	HARD	캐시 호출용 스레드풀 또는 커넥션 풀을 분리하면, 캐시 지연이 다른 기능까지 전파되는 것을 줄일 수 있다.	Bulkhead(격리)는 연쇄 실패를 줄이는 대표 기법입니다. 면접에서는 외부 의존성마다 리소스를 분리해 장애 전파를 막는다고 설명하면 좋습니다. 실무에서도 캐시가 느려질 때 공용 스레드풀이 점유되면 전체 API가 느려집니다. 별도 풀/제한을 두면 캐시가 문제가 있어도 핵심 기능을 살릴 수 있습니다. 물론 풀 분리는 튜닝과 관측이 필요합니다. 격리는 안정성을 위한 구조적 투자입니다.		O	TRUE	X	FALSE					scaling	redis	bulkhead	resilience
Q648	Redis Pipeline의 함정		Backend - 웹 서버 기초	17	OX	HARD	Pipeline을 쓰면 네트워크 왕복이 줄지만, 너무 큰 배치는 응답 지연과 메모리 사용을 늘려 오히려 성능이 나빠질 수 있다.	Pipeline은 RTT를 줄여 성능을 올릴 수 있지만, 배치가 과하면 대기 시간이 늘고 응답이 커져 병목이 될 수 있습니다. 면접에서는 “최적화는 양날의 검”이라는 관점을 보여주면 좋습니다. 실무에서는 배치 크기를 제한하고, 에러 처리(부분 실패) 전략도 둡니다. 또한 파이프라인이 길어지면 타임아웃과 재시도 비용이 커집니다. 측정 기반으로 적정 배치 크기를 찾는 게 중요합니다. 네트워크 최적화는 분산 시스템에서 매우 큰 영향을 줍니다.		O	TRUE	X	FALSE					caching	redis	pipeline	performance
Q649	Big Key와 복구 시간		Database - NoSQL	27	OX	HARD	Big key가 많아지면 RDB AOF 재작성이나 복구 시 시간이 길어져 장애 복구에 불리할 수 있다.	Redis는 메모리 기반이지만 영속화를 켜면 디스크 작업과 복구 시간이 중요해집니다. 면접에서는 big key가 런타임 지연뿐 아니라 운영 작업에도 악영향을 준다는 점을 말하면 좋습니다. 실무에서는 big key로 인해 스냅샷 크기가 커지고, 재시작 복구 시간이 길어질 수 있습니다. AOF rewrite도 부담이 커져 지연 스파이크를 유발할 수 있습니다. 그래서 big key는 “평소 성능”과 “장애 시 복구” 모두에 악영향입니다. 키 설계와 데이터 구조 선택이 중요합니다.		O	TRUE	X	FALSE					redis	big_key	operations	scaling
Q650	Eviction이 만드는 예측 불가		Backend - 아키텍처 패턴	20	OX	HARD	eviction이 발생하면 어떤 키가 지워질지 예측하기 어렵고, 캐시 미스 패턴이 흔들려 장애 원인 분석이 어려워질 수 있다.	eviction은 정책에 따라 키가 제거되지만, 실제 트래픽 분포와 TTL, access 패턴에 따라 결과가 복잡합니다. 면접에서는 eviction을 “운영 위험 신호”로 볼 수 있어야 합니다. 실무에서는 eviction이 시작되면 히트율이 흔들리고 DB 부하가 증가하며, 특정 기능이 갑자기 느려질 수 있습니다. 또한 원인이 메모리 부족인지 big key인지 churn인지 파악이 필요합니다. eviction 자체를 없애기보다, 메모리 여유와 키 수명주기를 관리하는 것이 중요합니다. 예측 가능성이 안정성입니다.		O	TRUE	X	FALSE					scaling	redis	eviction	monitoring
Q651	Cache Aside와 AfterCommit		Database - 트랜잭션 및 동시성 제어	25	OX	HARD	DB 트랜잭션이 커밋되기 전에 캐시를 무효화하면, 롤백 시에도 캐시가 비워져 불필요한 미스와 혼란을 만들 수 있다.	트랜잭션이 롤백되면 DB는 바뀌지 않는데 캐시만 비어버릴 수 있습니다. 면접에서는 무효화를 afterCommit 훅에서 처리하는 이유를 말하면 좋습니다. 실무에서도 커밋 전 무효화는 불필요한 미스를 만들고, 스탬피드를 유발할 수 있습니다. 특히 대량 트랜잭션에서는 영향이 큽니다. 커밋 성공을 기준으로 캐시를 조정해야 정합성과 효율이 맞습니다. 트랜잭션 경계와 캐시 경계를 맞추는 것이 핵심입니다.		O	TRUE	X	FALSE					caching	redis	transaction	consistency
Q652	Outbox 없는 이벤트 발행		Backend - 아키텍처 패턴	20	OX	HARD	DB 커밋과 이벤트 발행을 별도 처리하면, 커밋은 성공했는데 이벤트 발행이 실패해 캐시 무효화가 유실될 수 있다.	이중 쓰기 문제의 전형입니다. 면접에서는 outbox 패턴이 왜 필요한지 이 사례로 설명하면 좋습니다. 실무에서 커밋 후 이벤트 발행이 실패하면 캐시는 stale로 남고, TTL이 길면 영향이 오래갑니다. 반대로 이벤트는 발행됐는데 커밋이 롤백되면 잘못된 무효화/갱신이 발생할 수도 있습니다. outbox는 커밋과 이벤트 생성을 한 트랜잭션으로 묶어 유실을 줄입니다. 이벤트 기반 캐시는 전달 신뢰도가 생명입니다.		O	TRUE	X	FALSE					redis	caching	outbox	async
Q653	캐시 키에 정렬/페이지 포함		Backend - 아키텍처 패턴	20	OX	HARD	페이지 번호나 정렬 조건이 결과에 영향을 주는 API는 해당 파라미터를 키에 포함하지 않으면 잘못된 결과가 재사용될 수 있다.	페이징/정렬은 결과를 바꾸는 핵심 파라미터입니다. 면접에서는 캐시 키에 어떤 요소를 포함해야 하는지 자주 물습니다. 실무에서는 sort=latest와 sort=popular가 다른 결과인데 키가 같으면 캐시 오염이 발생합니다. page도 마찬가지로 1페이지와 2페이지가 섞일 수 있습니다. 따라서 결과를 결정하는 모든 파라미터를 키에 포함하거나, 캐시 대상을 재설계해야 합니다. 캐시 키 설계는 데이터 정합성의 출발점입니다.		O	TRUE	X	FALSE					caching	redis	key_design	pagination
Q654	캐시와 로그 노출		Security - 취약점	53	OX	HARD	캐시 키는 운영 로그나 모니터링에 찍힐 수 있으므로, 토큰 같은 민감 값은 키에 포함하면 안 된다.	키는 관측 과정에서 노출될 수 있어 보안적으로 민감합니다. 면접에서는 민감정보 최소화 원칙을 강조하면 좋습니다. 실무에서는 액세스 토큰, 세션 토큰을 키에 넣으면 로그/덤프/스캔에서 유출될 수 있습니다. 대신 내부 식별자나 해시를 사용하고, 키 네임스페이스 규칙을 둡니다. 또한 모니터링 도구에 마스킹 정책을 적용합니다. 캐시는 성능 도구이지만 보안 경계도 건드립니다. 키 설계에서 사고가 많이 납니다.		O	TRUE	X	FALSE					redis	security	caching	token
Q655	캐시 레이어 추가의 역효과		Backend - 아키텍처 패턴	20	OX	HARD	캐시를 추가하면 DB 부하가 줄기만 하면 항상 전체 지연이 감소한다.	DB 부하가 줄어도 전체 지연이 줄지 않을 수 있습니다. 면접에서는 직렬화 비용, 네트워크 RTT, 캐시 miss/eviction, 핫키, 캐시 지연 같은 변수를 말하면 좋습니다. 실무에서도 Redis 호출이 오히려 RTT를 추가해 p50을 늘릴 수 있고, p99는 캐시 불안정 때문에 더 나빠질 수 있습니다. 따라서 “병목이 DB인지”를 먼저 측정해야 합니다. 캐시는 문제를 해결할 수도 있지만 새로운 문제를 만들 수도 있습니다. 성능 최적화는 항상 측정 기반이어야 합니다.		O	FALSE	X	TRUE					scaling	redis	performance	caching
Q656	캐시와 요청 합치기 실패		Backend - 아키텍처 패턴	20	OX	HARD	요청 합치기(SingleFlight)를 적용했더라도, 대표 요청이 실패하면 대기 요청이 동시에 폴백으로 DB를 치는 폭주가 발생할 수 있다.	대표 요청 실패는 SingleFlight의 취약점 중 하나입니다. 면접에서는 실패 시 대기 요청을 어떻게 처리할지(스테일 반환, 빠른 실패, 백오프, 제한)를 말하면 좋습니다. 실무에서 대표 로딩이 실패하면 대기 요청이 일제히 DB로 떨어지며 폭주가 재현될 수 있습니다. 이를 막으려면 실패 결과도 단기간 캐싱하거나, 대기 요청은 일정 시간 내 재시도를 제한합니다. 또한 폴백 경로에 레이트리밋을 걸어 DB를 보호합니다. 패턴은 성공 케이스뿐 아니라 실패 케이스까지 포함해야 합니다.		O	TRUE	X	FALSE					caching	redis	stampede	resilience
Q657	캐시와 일관성 요구 분리		Backend - 아키텍처 패턴	20	OX	HARD	서비스 내에서도 최신성이 매우 중요한 경로는 캐시 우회 또는 검증을 추가한 별도 경로로 분리하는 것이 안전하다.	캐시는 stale 가능성이 있으므로 모든 경로에 동일 정책을 적용하면 위험합니다. 면접에서는 결제, 권한, 재고 같은 경로는 별도 정책이 필요하다고 말하면 좋습니다. 실무에서는 캐시를 아예 쓰지 않거나, 매우 짧은 TTL과 강한 무효화, DB 검증을 붙입니다. 반대로 추천/랭킹은 적극적으로 캐싱할 수 있습니다. 중요한 건 “도메인 요구를 기준으로 정책을 나눈다”는 설계 사고입니다. 캐시를 잘 쓰는 팀은 캐시를 쓰지 말아야 할 구간을 정확히 압니다.		O	TRUE	X	FALSE					caching	redis	consistency	scaling
Q658	캐시 값 크기와 네트워크 비용		Backend - 웹 서버 기초	17	OX	HARD	캐시 값이 너무 크면 히트율이 높아도 네트워크 전송/직렬화 비용 때문에 전체 지연이 커질 수 있다.	캐시는 메모리만이 아니라 네트워크 비용도 함께 봐야 합니다. 면접에서는 값 크기가 성능에 미치는 영향을 언급하면 좋습니다. 실무에서도 큰 JSON을 매번 Redis에서 가져오면 RTT + 전송 + 역직렬화로 지연이 늘 수 있습니다. 이 경우 캐시 값을 쪼개거나, 필요한 필드만 캐싱하거나, 압축을 고려합니다. 하지만 압축은 CPU 비용을 늘리므로 핫키에서는 신중해야 합니다. 캐시는 “무엇을 저장하느냐”가 성능을 결정합니다.		O	TRUE	X	FALSE					caching	redis	big_value	performance
Q659	캐시와 최종 방어선		Database - 트랜잭션 및 동시성 제어	25	OX	HARD	캐시와 분산락이 있어도 최종 데이터 무결성을 보장하려면 DB 제약과 트랜잭션을 최후 방어선으로 두는 것이 일반적으로 유리하다.	Redis는 빠르지만 네트워크 분할, 지연, 프로세스 중단 같은 실패 모드를 완전히 제거하기 어렵습니다. 면접에서는 “캐시는 최적화, DB는 무결성”이라는 프레임이 정답에 가깝습니다. 실무에서는 유니크 제약, 트랜잭션, 외래키 등이 데이터가 깨지지 않게 지켜줍니다. Redis 락은 중복을 줄이고 부하를 낮출 수 있지만, 실패 시에도 DB가 막아야 안전합니다. 설계는 1차 성능 최적화와 2차 안전장치를 함께 둬야 합니다. 성능과 안정성은 둘 다 목표입니다.		O	TRUE	X	FALSE					redis	caching	database	scaling
Q660	캐시 히트(Cache Hit)		Backend - 아키텍처 패턴	20	INITIALS	EASY	요청한 데이터가 캐시에 존재해 DB 조회 없이 즉시 반환되는 상황을 무엇이라고 하는가?	캐시 히트는 캐시가 성능을 높이는 가장 핵심적인 순간입니다. 캐시에 값이 있으면 DB나 외부 API 호출을 생략할 수 있어 지연 시간이 크게 줄어듭니다. 면접에서는 히트와 미스의 차이, 히트율이 서비스 성능에 어떤 영향을 주는지 자주 묻습니다. 실무에서는 히트율만 보지 말고 p95 p99 지연, 캐시 값 크기, 네트워크 RTT도 함께 봐야 합니다. 히트가 높아도 캐시가 느리면 전체가 느려질 수 있으니 관측과 튜닝이 중요합니다.	캐시 히트									caching	redis	scaling	performance
Q661	캐시 미스(Cache Miss)		Backend - 아키텍처 패턴	20	INITIALS	EASY	요청한 데이터가 캐시에 없어 DB 또는 원본 저장소에서 조회해야 하는 상황을 무엇이라고 하는가?	캐시 미스는 캐시가 비어 있거나 만료 등으로 값이 없어 원본을 조회하는 상태입니다. 면접에서는 미스가 많을 때 DB 부하가 급증할 수 있다는 점을 연결 질문으로 자주 냅니다. 실무에서는 미스가 몰리면 스탬피드 문제가 생길 수 있어 TTL 지터, 워밍, 요청 합치기 같은 대응이 필요합니다. 또한 미스 원인이 키 설계 문제인지 데이터 수명주기 문제인지 분석해야 합니다. 미스를 줄이는 것이 캐시 성능 최적화의 출발점입니다.	캐시 미스									caching	redis	scaling	performance
Q662	캐시 만료(Cache Expiration)		Backend - 아키텍처 패턴	20	INITIALS	EASY	캐시 키가 일정 시간이 지나면 자동으로 삭제되는 동작을 무엇이라고 하는가?	캐시 만료는 캐시 데이터가 영구히 남지 않도록 수명을 두는 개념입니다. 만료를 통해 오래된 데이터가 계속 노출되는 것을 막고, 이벤트 유실 같은 상황에서도 언젠가 캐시가 갱신되도록 만들 수 있습니다. 면접에서는 만료가 필요한 이유와 만료 시간이 너무 짧거나 길 때의 부작용을 묻는 경우가 많습니다. 실무에서는 만료가 한 시점에 몰리지 않도록 지터를 두기도 합니다. 만료 정책은 메모리 관리와 정합성 관리의 핵심이므로 반드시 함께 설계해야 합니다.	캐시 만료									caching	redis	ttl	operations
Q663	캐시 무효화(Cache Invalidation)		Backend - 아키텍처 패턴	20	INITIALS	EASY	원본 데이터 변경 시 캐시를 삭제하거나 갱신해 오래된 값을 제거하는 작업을 무엇이라고 하는가?	캐시 무효화는 캐시 정합성의 핵심입니다. 원본이 바뀌었는데 캐시를 그대로 두면 사용자에게 오래된 데이터가 노출될 수 있습니다. 면접에서는 캐시 무효화가 왜 어려운지, 어떤 패턴(Cache Aside 등)을 쓰는지 자주 묻습니다. 실무에서는 이벤트 기반 무효화가 유실되거나 지연될 수 있어 만료를 보험으로 함께 둡니다. 또한 무효화는 중복 이벤트에도 안전하도록 멱등적으로 처리하면 운영이 쉬워집니다.	캐시 무효화									caching	redis	invalidation	consistency
Q664	캐시 어사이드(Cache Aside)		Backend - 아키텍처 패턴	20	INITIALS	EASY	애플리케이션이 먼저 캐시를 조회하고 없으면 DB에서 읽어 캐시에 채우는 패턴은 무엇인가?	캐시 어사이드는 가장 널리 쓰이는 캐싱 패턴입니다. 읽기 시 캐시를 먼저 보고, 미스면 DB에서 읽어 캐시에 저장합니다. 면접에서는 장단점과 함께 “삭제 후 재주입 레이스” 같은 정합성 문제를 자주 묻습니다. 실무에서는 만료, 더블 삭제, 버전 키 같은 보완책을 함께 사용해 레이스를 완화합니다. 구현이 단순하지만 운영에서 가장 자주 마주치는 패턴이기도 합니다. 패턴을 외우는 것보다 실패 시나리오까지 함께 이해하는 게 중요합니다.	캐시 어사이드									caching	redis	architecture	pattern
Q665	레디스(Redis)		Database - NoSQL	27	INITIALS	EASY	메모리 기반 Key Value 저장소로 캐시 세션 메시징 등에 쓰이는 기술은 무엇인가?	레디스는 메모리 기반 Key Value 저장소로, 빠른 응답이 필요한 캐시나 세션 저장에 자주 사용됩니다. 면접에서는 레디스를 왜 쓰는지, RDB와 어떤 차이가 있는지, 만료와 eviction 같은 운영 포인트를 자주 묻습니다. 실무에서는 단일 인스턴스로 운영하면 SPOF가 되기 쉬워 고가용성 구성을 고려합니다. 또한 big key나 hot key, 네트워크 지연 같은 성능 이슈도 흔하므로 모니터링이 중요합니다. 캐시로 쓰더라도 데이터 수명주기와 장애 대응을 함께 설계해야 합니다.	레디스									redis	caching	nosql	scaling
Q666	키(Key)		Database - NoSQL	27	INITIALS	EASY	레디스에서 값을 조회하거나 저장할 때 기준이 되는 식별자를 무엇이라고 하는가?	키는 레디스에서 데이터를 찾는 기본 단위입니다. 캐시 성능과 정합성은 키 설계에 크게 좌우됩니다. 면접에서는 키 네임스페이스, 파라미터 포함 여부(정렬/페이지/권한), 키 충돌 방지를 자주 묻습니다. 실무에서는 키에 토큰이나 이메일 같은 민감정보를 직접 넣지 말고 내부 식별자나 해시를 사용하는 것이 안전합니다. 또한 키 카디널리티가 너무 높으면 히트율이 낮아져 캐시가 오히려 손해가 될 수 있습니다.	키									caching	redis	key_design	security
Q667	값(Value)		Database - NoSQL	27	INITIALS	EASY	레디스에서 키에 매핑되어 저장되는 실제 데이터를 무엇이라고 하는가?	값은 키에 연결된 실제 데이터입니다. 값의 크기와 포맷은 지연과 비용에 직접 영향을 줍니다. 면접에서는 JSON 직렬화 비용, big value가 네트워크와 CPU에 주는 영향을 질문할 수 있습니다. 실무에서는 너무 큰 값을 통째로 캐싱하면 히트율이 높아도 전송과 역직렬화 비용으로 p99가 나빠질 수 있습니다. 필요한 필드만 캐싱하거나 조각 데이터로 나누는 방식이 도움이 됩니다. 값 포맷을 바꿀 때는 키 버저닝이나 값 버전 필드를 두어 배포 호환성을 확보해야 합니다.	값									caching	redis	serialization	performance
Q668	세션(Session)		Backend - 웹 서버 기초	17	INITIALS	EASY	로그인 상태를 유지하기 위해 서버가 사용자 상태를 저장하는 단위를 무엇이라고 하는가?	세션은 인증된 사용자의 상태를 유지하기 위한 서버 측 저장 단위입니다. 레디스는 세션 저장소로 자주 쓰이며, 서버 수평 확장 시에도 세션 공유를 쉽게 합니다. 면접에서는 세션을 레디스에 저장하는 이유, 만료 처리, 세션 고정 공격 같은 보안 이슈를 묻습니다. 실무에서는 세션 키가 eviction 대상이 되지 않도록 인스턴스 분리나 메모리 정책을 고려합니다. 또한 세션 데이터는 민감하므로 접근제어와 로깅 같은 운영 통제도 중요합니다.	세션									scaling	redis	session	security
Q669	분산 캐시(Distributed Cache)		Backend - 아키텍처 패턴	20	INITIALS	EASY	여러 서버가 공유하는 중앙 캐시 저장소를 두어 확장성을 높이는 캐시 방식을 무엇이라고 하는가?	분산 캐시는 여러 애플리케이션 인스턴스가 동일한 캐시를 공유하는 구조입니다. 면접에서는 로컬 캐시와의 차이(일관성, 네트워크 비용, 장애 도메인)를 자주 묻습니다. 실무에서는 중앙 캐시가 느려지면 전체 지연이 커질 수 있어 타임아웃과 폴백이 중요합니다. 또한 SPOF를 줄이기 위한 고가용성 구성도 고려해야 합니다. 분산 캐시는 성능을 올리지만 운영 복잡도도 함께 증가합니다. 따라서 관측과 장애 대응 시나리오까지 포함해서 설계해야 합니다.	분산 캐시									caching	redis	scaling	architecture
Q670	로컬 캐시(Local Cache)		Backend - 아키텍처 패턴	20	INITIALS	EASY	애플리케이션 프로세스 내부 메모리에 저장하는 캐시를 무엇이라고 하는가?	로컬 캐시는 네트워크 없이 매우 빠른 장점이 있습니다. 다만 인스턴스별로 값이 달라질 수 있어 일관성 문제가 커지고 무효화가 어렵습니다. 면접에서는 2계층 캐시(로컬과 레디스)에서 무효화 전략을 묻기도 합니다. 실무에서는 로컬 만료를 짧게 두거나, 무효화 이벤트를 로컬에도 전달하는 방식으로 stale를 줄입니다. 로컬 캐시는 성능은 좋지만 정합성 관리는 더 어렵다는 점을 반드시 기억해야 합니다.	로컬 캐시									caching	redis	local_cache	consistency
Q671	스케일 아웃(Scale Out)		DevOps / Cloud - 인프라 구성 요소	34	INITIALS	EASY	서버 성능을 키우기 위해 인스턴스를 여러 대로 늘리는 확장 방식은 무엇인가?	스케일 아웃은 서버를 여러 대로 늘려 처리량을 높이는 확장 방식입니다. 면접에서는 스케일 업과 차이, 로드밸런싱, 세션 공유 문제를 자주 묻습니다. 실무에서는 스케일 아웃 시 세션과 캐시를 중앙화하지 않으면 서버마다 상태가 달라져 오류가 생길 수 있습니다. 레디스 세션이나 분산 캐시는 이런 문제를 해결하는 대표 수단입니다. 또한 분산이 늘수록 정합성과 장애 대응이 어려워지므로 운영 관측이 필수입니다. 확장은 단순히 서버를 늘리는 것 이상입니다.	스케일 아웃									scaling	redis	load_balancing	backend
Q672	스케일 업(Scale Up)		DevOps / Cloud - 인프라 구성 요소	34	INITIALS	EASY	서버 한 대의 CPU RAM 등을 높여 성능을 키우는 확장 방식은 무엇인가?	스케일 업은 단일 서버의 자원을 늘려 성능을 높이는 방식입니다. 면접에서는 스케일 업의 한계(상한, 단일 장애점)와 스케일 아웃과의 차이를 묻습니다. 실무에서는 스케일 업만으로 트래픽 폭증을 커버하기 어렵고 장애 시 영향도 큽니다. 그래서 보통 스케일 아웃과 함께 캐시/세션 같은 공유 계층을 설계합니다. 레디스는 스케일 아웃 환경에서 병목을 줄이는 핵심 컴포넌트가 됩니다. 확장 방식은 트래픽과 운영 요구에 맞춰 선택합니다.	스케일 업									scaling	redis	infra	backend
Q673	로드 밸런서(Load Balancer)		DevOps / Cloud - 인프라 구성 요소	34	INITIALS	EASY	여러 서버로 트래픽을 분산해주는 구성 요소는 무엇인가?	로드 밸런서는 요청을 여러 서버로 분산해 처리량과 가용성을 높입니다. 면접에서는 L4 L7 차이와 세션 고정이 필요한지 질문이 나올 수 있습니다. 실무에서는 세션을 레디스에 두면 sticky session 의존도를 줄이고 장애 대응이 쉬워집니다. 또한 캐시를 중앙화하면 어느 서버가 받아도 동일한 응답 속도를 기대할 수 있습니다. 로드 밸런서는 스케일링의 입구이고, 캐시는 병목을 줄이는 핵심 보조축입니다. 함께 설계해야 효과가 커집니다.	로드 밸런서									scaling	redis	load_balancer	infra
Q674	핫 키(Hot Key)		Database - NoSQL	27	INITIALS	EASY	특정 키에 요청이 집중되어 특정 노드에 부하가 몰리는 현상을 무엇이라고 하는가?	핫 키는 한 키에 트래픽이 몰려 레디스 노드가 병목이 되는 문제입니다. 면접에서는 클러스터를 써도 같은 키는 같은 슬롯에 매핑되므로 핫 키는 남을 수 있다는 점을 짚으면 좋습니다. 실무에서는 키 샤딩, 로컬 캐시, 요청 합치기, 캐시 계층 추가로 완화합니다. 핫 키는 접근 분포 문제이므로 top keys와 지연, CPU 사용률을 함께 관측해야 합니다. 근본적으로는 데이터 모델과 API 사용 패턴을 조정하는 것이 중요합니다.	핫 키									caching	redis	hot_key	scaling
Q675	빅 키(Big Key)		Database - NoSQL	27	INITIALS	EASY	값의 크기가 지나치게 커서 지연과 메모리 압박을 만드는 키를 무엇이라고 하는가?	빅 키는 값이 커서 네트워크 전송과 역직렬화, 메모리 사용량에 큰 부담을 줍니다. 면접에서는 big key가 런타임 지연뿐 아니라 영속화 복구 시간에도 영향을 줄 수 있다는 점을 연결하면 좋습니다. 실무에서는 big key를 구조적으로 쪼개거나 필요한 데이터만 캐싱하도록 설계를 바꿉니다. big key는 한 번 생기면 제거가 어려워 사전 예방이 중요합니다. 모니터링으로 big key를 조기에 탐지하고 키 설계를 개선해야 합니다.	빅 키									redis	big_key	caching	operations
Q676	캐시 스탬피드(Cache Stampede)		Backend - 아키텍처 패턴	20	INITIALS	EASY	인기 키가 동시에 만료되어 다수 요청이 DB로 몰리는 현상을 무엇이라고 하는가?	캐시 스탬피드는 만료 순간에 미스가 폭발해 DB 부하가 급증하는 문제입니다. 면접에서는 원인과 대응(요청 합치기, 락, 만료 지터, 스테일 반환)을 자주 묻습니다. 실무에서는 만료 쏠림을 분산시키고 대표 요청만 로딩하게 하거나, 일시적으로 stale 값을 반환해 부하를 평탄화합니다. 또한 폴백 트래픽에 레이트리밋을 걸어 DB를 보호합니다. 캐시를 붙였는데도 장애가 나는 대표 시나리오라서 반드시 기억해야 합니다.	캐시 스탬피드									caching	redis	stampede	scaling
Q677	이빅션(Eviction)		Backend - 아키텍처 패턴	20	INITIALS	EASY	메모리 한도 초과 시 레디스가 일부 키를 제거하는 동작을 무엇이라고 하는가?	이빅션은 메모리가 부족할 때 레디스가 키를 제거해 한도를 맞추는 동작입니다. 면접에서는 이빅션 정책과 이빅션이 시작되면 생기는 문제(미스 증가, DB 부하 흔들림)를 묻습니다. 실무에서는 이빅션이 예측 불가능한 미스 패턴을 만들기 때문에 운영 리스크 신호로 봅니다. 특히 세션이나 락 같은 중요한 키가 제거되면 기능 장애로 이어질 수 있습니다. 따라서 TTL 정책과 메모리 여유, 인스턴스 분리까지 함께 설계해야 합니다.	이빅션									caching	redis	eviction	operations
Q678	레이트 리밋(Rate Limit)		Backend - 아키텍처 패턴	20	INITIALS	EASY	일정 시간 동안 요청 횟수를 제한해 시스템을 보호하는 기법은 무엇이라고 하는가?	레이트 리밋은 API 남용과 트래픽 폭주를 막는 핵심 보호 장치입니다. 면접에서는 fixed window와 sliding window 차이 같은 알고리즘 질문이 나올 수 있습니다. 실무에서는 레디스 카운터를 사용하면 분산 환경에서 일관된 제한을 구현하기 쉽습니다. 다만 원자성을 보장하려면 INCR과 만료 설정을 함께 안전하게 처리해야 하므로 Lua 스크립트를 쓰기도 합니다. 레이트 리밋은 보안과 안정성에 동시에 기여합니다. 설계 근거를 말할 수 있으면 좋습니다.	레이트 리밋									scaling	redis	rate_limit	security
Q679	분산 락(Distributed Lock)		Backend - 아키텍처 패턴	20	INITIALS	EASY	여러 서버에서 동시에 같은 자원에 접근하지 못하도록 잠금을 공유하는 개념은 무엇이라고 하는가?	분산 락은 여러 인스턴스가 공유 자원을 다룰 때 동시 실행을 막기 위한 메커니즘입니다. 면접에서는 TTL 기반 락의 한계, 토큰 검증, Lua로 안전한 해제 같은 포인트가 자주 나옵니다. 실무에서는 락이 있어도 네트워크 지연과 프로세스 중단 같은 실패 모드로 완전한 상호배제가 깨질 수 있어 DB 제약을 최후 방어선으로 둡니다. 또한 락만으로 해결하려 하기보다 임계영역을 줄이고 멱등성을 함께 설계하는 것이 중요합니다. 분산 락은 간단해 보여도 운영 난이도가 높습니다.	분산 락									redis	locking	scaling	concurrency
Q680	캐시 히트(Cache Hit)		Backend - 아키텍처 패턴	20	INITIALS	EASY	요청한 데이터가 캐시에 존재해 DB 조회 없이 즉시 반환되는 상황을 무엇이라고 하는가?	캐시 히트(Cache Hit)는 요청한 데이터가 캐시에 이미 있어서 원본(DB/외부 API)을 조회하지 않고 바로 응답하는 상태입니다. 이 순간에 네트워크 왕복과 DB I O가 줄어 지연 시간이 크게 감소합니다. 면접에서는 히트와 미스의 차이, 히트율이 성능과 비용에 미치는 영향을 묻는 경우가 많습니다. 실무에서는 히트율만 보지 말고 p95 p99 지연, 캐시 호출 자체의 RTT, 직렬화 비용도 함께 관측해야 합니다. 히트가 높아도 캐시가 느리면 전체가 느려질 수 있으니 튜닝과 모니터링이 중요합니다.	캐시 히트									caching	redis	scaling	performance
Q681	캐시 미스(Cache Miss)		Backend - 아키텍처 패턴	20	INITIALS	EASY	요청한 데이터가 캐시에 없어 DB 또는 원본 저장소에서 조회해야 하는 상황을 무엇이라고 하는가?	캐시 미스(Cache Miss)는 캐시에 값이 없어서 원본(DB/스토리지)에서 데이터를 가져와야 하는 상태입니다. 미스가 늘면 원본 부하가 증가하고 지연이 길어져 사용자 경험이 악화될 수 있습니다. 면접에서는 미스 폭주가 DB 장애로 이어지는 흐름과 스탬피드 개념을 연결해 묻기도 합니다. 실무에서는 TTL 만료 쏠림, 키 설계 문제, 워밍 실패 같은 원인을 나눠 분석해야 합니다. 미스를 줄이려면 TTL 지터, 요청 합치기, 스테일 반환 같은 전략을 상황에 맞게 적용합니다.	캐시 미스									caching	redis	scaling	performance
Q682	캐시 만료(Cache Expiration)		Backend - 아키텍처 패턴	20	INITIALS	EASY	캐시 키가 일정 시간이 지나면 자동으로 삭제되는 동작을 무엇이라고 하는가?	캐시 만료(Cache Expiration)는 캐시 데이터에 수명을 두고 일정 시간이 지나면 자동으로 제거되게 하는 동작입니다. 만료가 있어야 오래된 값이 영구히 남지 않아 정합성 리스크를 줄일 수 있습니다. 면접에서는 만료가 왜 필요한지, 만료 시간이 너무 짧거나 길 때의 부작용을 자주 묻습니다. 실무에서는 만료가 한 시점에 몰리면 미스 스파이크가 생길 수 있어 지터를 섞어 분산시키기도 합니다. 만료 정책은 메모리 관리와 안정성(장애 시 stale 보험)을 동시에 좌우하므로 신중히 설계해야 합니다.	캐시 만료									caching	redis	ttl	operations
Q683	캐시 무효화(Cache Invalidation)		Backend - 아키텍처 패턴	20	INITIALS	EASY	원본 데이터 변경 시 캐시를 삭제하거나 갱신해 오래된 값을 제거하는 작업을 무엇이라고 하는가?	캐시 무효화(Cache Invalidation)는 원본 데이터가 바뀌었을 때 캐시에 남아 있는 오래된 값을 제거하거나 갱신하는 작업입니다. 무효화가 제대로 안 되면 사용자는 계속 stale 데이터를 보게 되어 신뢰가 깨질 수 있습니다. 면접에서는 “캐시 무효화가 왜 어려운가”를 자주 묻고, 이벤트 유실/지연 같은 현실적 실패 모드를 답에 포함하면 좋습니다. 실무에서는 무효화 이벤트가 중복될 수 있으므로 멱등적으로 처리하는 것이 운영에 유리합니다. 또한 이벤트만 믿지 말고 만료를 보험으로 두어 영구 stale를 방지하는 전략이 흔합니다.	캐시 무효화									caching	redis	invalidation	consistency
Q684	캐시 어사이드(Cache Aside)		Backend - 아키텍처 패턴	20	INITIALS	EASY	애플리케이션이 먼저 캐시를 조회하고 없으면 DB에서 읽어 캐시에 채우는 패턴은 무엇인가?	캐시 어사이드(Cache Aside)는 애플리케이션이 캐시를 먼저 조회하고, 미스면 DB에서 읽어 캐시에 채운 뒤 응답하는 가장 대표적인 캐싱 패턴입니다. 구현이 단순해 많이 쓰이지만, 정합성 문제(삭제 후 재주입 레이스)가 발생할 수 있습니다. 면접에서는 장단점과 함께 “업데이트 시 캐시를 어떻게 처리하나”를 연결 질문으로 묻습니다. 실무에서는 만료, 더블 삭제, 버전 키, 조건부 SET 같은 보완책을 상황에 맞게 적용합니다. 패턴 이름만 외우기보다 실패 시나리오를 함께 이해하는 것이 중요합니다.	캐시 어사이드									caching	redis	architecture	pattern
Q685	레디스(Redis)		Database - NoSQL	27	INITIALS	EASY	메모리 기반 Key Value 저장소로 캐시 세션 메시징 등에 쓰이는 기술은 무엇인가?	레디스(Redis)는 메모리 기반 Key Value 데이터 저장소로, 캐시와 세션 저장, 간단한 큐잉 등에 널리 사용됩니다. 빠른 응답이 장점이지만, 운영에서는 만료 정책과 eviction, 장애 대응(HA)까지 함께 설계해야 합니다. 면접에서는 RDB와의 차이, 언제 Redis를 선택하는지, 그리고 어떤 리스크가 있는지를 자주 묻습니다. 실무에서는 big key, hot key, 네트워크 지연 같은 병목이 흔하므로 관측 지표(지연, CPU, 메모리)를 꾸준히 봐야 합니다. 캐시로 쓰더라도 “성능 도구이자 운영 컴포넌트”라는 관점을 갖는 게 중요합니다.	레디스									redis	caching	nosql	scaling
Q686	키(Key)		Database - NoSQL	27	INITIALS	EASY	레디스에서 값을 조회하거나 저장할 때 기준이 되는 식별자를 무엇이라고 하는가?	키(Key)는 Redis에서 데이터를 찾기 위한 식별자이며, 캐시 설계의 품질을 좌우하는 핵심 요소입니다. 키 설계가 잘못되면 다른 조건의 응답이 섞이는 캐시 오염이 발생할 수 있습니다. 면접에서는 어떤 파라미터를 키에 포함해야 하는지(페이지, 정렬, 권한, 로케일 등)를 자주 묻습니다. 실무에서는 토큰/이메일 같은 민감정보를 키에 직접 넣지 말고 내부 식별자나 해시로 대체하는 것이 안전합니다. 또한 키 카디널리티가 너무 높으면 히트율이 낮아져 캐시가 손해가 될 수 있으니 주의해야 합니다.	키									caching	redis	key_design	security
Q687	값(Value)		Database - NoSQL	27	INITIALS	EASY	레디스에서 키에 매핑되어 저장되는 실제 데이터를 무엇이라고 하는가?	값(Value)은 키에 연결된 실제 데이터로, 크기와 포맷이 성능에 직접 영향을 줍니다. 값이 너무 크면 네트워크 전송과 역직렬화 비용이 커져 p99 지연이 악화될 수 있습니다. 면접에서는 JSON 직렬화 비용, big value가 메모리와 트래픽에 주는 영향을 물을 수 있습니다. 실무에서는 필요한 필드만 캐싱하거나 조각 데이터로 나누어 저장하는 방식이 자주 쓰입니다. 또한 값 포맷을 바꾸는 배포에서는 키 버저닝이나 값 버전 필드로 호환성을 확보해야 장애를 피할 수 있습니다.	값									caching	redis	serialization	performance
Q688	세션(Session)		Backend - 웹 서버 기초	17	INITIALS	EASY	로그인 상태를 유지하기 위해 서버가 사용자 상태를 저장하는 단위를 무엇이라고 하는가?	세션(Session)은 로그인 상태를 유지하기 위해 서버가 사용자 상태를 저장하는 단위입니다. 스케일 아웃 환경에서는 세션을 서버 로컬에 두면 서버마다 상태가 달라져 문제가 생길 수 있습니다. 면접에서는 세션을 Redis에 저장하는 이유와 만료 처리, 세션 보안 이슈(세션 고정 등)를 자주 묻습니다. 실무에서는 세션 키가 eviction으로 사라지면 즉시 로그아웃 같은 장애가 발생할 수 있어 인스턴스 분리나 메모리 정책을 신중히 잡습니다. 세션은 성능보다 안정성과 보안이 우선이므로 운영 관측과 방어 설계가 중요합니다.	세션									scaling	redis	session	security
Q689	분산 캐시(Distributed Cache)		Backend - 아키텍처 패턴	20	INITIALS	EASY	여러 서버가 공유하는 중앙 캐시 저장소를 두어 확장성을 높이는 캐시 방식을 무엇이라고 하는가?	분산 캐시(Distributed Cache)는 여러 애플리케이션 인스턴스가 같은 캐시 저장소를 공유하는 구조입니다. 인스턴스를 늘려도 동일한 캐시를 쓰므로 성능의 일관성을 확보하기 쉽습니다. 면접에서는 로컬 캐시와 비교해 장단점(일관성, 네트워크 비용, 장애 도메인)을 설명할 수 있어야 합니다. 실무에서는 중앙 캐시가 느려지면 전체 지연이 커질 수 있어 타임아웃과 폴백, 격리(Bulkhead)가 중요합니다. 또한 Redis 자체의 고가용성(복제/클러스터) 설계까지 포함해 운영해야 합니다.	분산 캐시									caching	redis	scaling	architecture
Q690	로컬 캐시(Local Cache)		Backend - 아키텍처 패턴	20	INITIALS	EASY	애플리케이션 프로세스 내부 메모리에 저장하는 캐시를 무엇이라고 하는가?	로컬 캐시(Local Cache)는 애플리케이션 프로세스 내부 메모리에 데이터를 저장하는 방식입니다. 네트워크 호출이 없어 매우 빠르지만, 인스턴스별 데이터가 달라져 일관성 문제가 커집니다. 면접에서는 2계층 캐시(로컬 + Redis)에서 무효화 전략을 어떻게 설계하는지 묻기도 합니다. 실무에서는 로컬 TTL을 짧게 두거나 무효화 이벤트를 로컬에도 전달해 stale를 줄입니다. 로컬 캐시는 성능은 좋지만 운영 난이도가 올라가므로 적용 범위를 신중히 선택해야 합니다.	로컬 캐시									caching	redis	local_cache	consistency
Q691	스케일 아웃(Scale Out)		DevOps / Cloud - 인프라 구성 요소	34	INITIALS	EASY	서버 성능을 키우기 위해 인스턴스를 여러 대로 늘리는 확장 방식은 무엇인가?	스케일 아웃(Scale Out)은 서버 인스턴스를 여러 대로 늘려 처리량을 높이는 확장 방식입니다. 면접에서는 스케일 업과의 차이, 로드 밸런서, 상태 관리(세션/캐시) 문제를 함께 묻는 경우가 많습니다. 실무에서는 스케일 아웃 시 상태를 중앙화하지 않으면 서버마다 데이터가 달라져 오류가 발생합니다. 그래서 Redis 기반 세션/분산 캐시로 상태를 공유하거나, stateless 설계를 강화합니다. 인스턴스를 늘리는 것만으로 끝이 아니라, 분산 환경의 정합성과 장애 대응까지 함께 설계해야 합니다.	스케일 아웃									scaling	redis	load_balancing	backend
Q692	스케일 업(Scale Up)		DevOps / Cloud - 인프라 구성 요소	34	INITIALS	EASY	서버 한 대의 CPU RAM 등을 높여 성능을 키우는 확장 방식은 무엇인가?	스케일 업(Scale Up)은 단일 서버의 CPU/RAM 같은 자원을 늘려 성능을 높이는 방식입니다. 구현은 단순하지만 상한이 있고, 단일 장애점(SPOF) 문제가 남습니다. 면접에서는 스케일 업의 한계와 스케일 아웃과의 트레이드오프를 자주 묻습니다. 실무에서는 스케일 업만으로 트래픽 피크를 커버하기 어려워 스케일 아웃과 함께 캐시/세션 전략을 설계합니다. Redis는 스케일 아웃에서 병목을 줄이는 도구지만, 스케일 업만 하는 환경에서도 DB 부담을 줄이는 데 사용될 수 있습니다.	스케일 업									scaling	redis	infra	backend
Q693	로드 밸런서(Load Balancer)		DevOps / Cloud - 인프라 구성 요소	34	INITIALS	EASY	여러 서버로 트래픽을 분산해주는 구성 요소는 무엇인가?	로드 밸런서(Load Balancer)는 들어오는 트래픽을 여러 서버로 분산해 처리량과 가용성을 높이는 구성 요소입니다. 면접에서는 L4/L7 차이, 헬스체크, 세션 고정(sticky session) 같은 질문이 나올 수 있습니다. 실무에서는 세션을 Redis에 두면 sticky session 의존도를 줄이고 서버 교체/장애 대응이 쉬워집니다. 또한 캐시를 중앙화하면 어느 서버가 받아도 비슷한 성능을 기대할 수 있습니다. 로드 밸런서는 스케일링의 관문이며, 캐시는 그 뒤에서 병목을 줄이는 핵심 보조축입니다.	로드 밸런서									scaling	redis	load_balancer	infra
Q694	핫 키(Hot Key)		Database - NoSQL	27	INITIALS	EASY	특정 키에 요청이 집중되어 특정 노드에 부하가 몰리는 현상을 무엇이라고 하는가?	핫 키(Hot Key)는 특정 키에 트래픽이 집중되어 Redis의 특정 노드나 인스턴스가 병목이 되는 현상입니다. 클러스터를 쓰더라도 같은 키는 같은 슬롯으로 매핑되므로 핫 키 자체는 사라지지 않을 수 있습니다. 면접에서는 핫 키가 왜 문제인지와 완화책(키 샤딩, 로컬 캐시, 요청 합치기)을 설명할 수 있어야 합니다. 실무에서는 top keys, 지연, CPU 사용률을 관측해 실제 핫 키를 찾아내는 과정이 중요합니다. 기술적 해결뿐 아니라 API 사용 패턴과 데이터 모델을 함께 조정해야 근본 해결이 가능합니다.	핫 키									caching	redis	hot_key	scaling
Q695	빅 키(Big Key)		Database - NoSQL	27	INITIALS	EASY	값의 크기가 지나치게 커서 지연과 메모리 압박을 만드는 키를 무엇이라고 하는가?	빅 키(Big Key)는 값이 너무 커서 네트워크 전송, 역직렬화, 메모리 사용에 큰 부담을 주는 키를 말합니다. 런타임 지연뿐 아니라 영속화(AOF/RDB) 사용 시 재작성과 복구 시간에도 악영향이 있을 수 있습니다. 면접에서는 big key가 성능과 운영 모두에 해로운 이유를 설명하는 문제가 나올 수 있습니다. 실무에서는 big key를 쪼개 저장하거나, 필요한 필드만 캐싱하도록 설계를 변경합니다. big key는 한 번 생기면 제거가 어려워 사전 예방(데이터 모델/키 설계)이 특히 중요합니다.	빅 키									redis	big_key	caching	operations
Q696	캐시 스탬피드(Cache Stampede)		Backend - 아키텍처 패턴	20	INITIALS	EASY	인기 키가 동시에 만료되어 다수 요청이 DB로 몰리는 현상을 무엇이라고 하는가?	캐시 스탬피드(Cache Stampede)는 인기 키가 만료되는 순간에 캐시 미스가 폭발해 DB로 트래픽이 몰리는 문제입니다. 면접에서는 원인(만료 쏠림)과 대응(요청 합치기, 락, TTL 지터, 스테일 반환)을 함께 설명하면 좋습니다. 실무에서는 대표 요청만 로딩하게 만들거나, 잠시 stale 값을 반환해 부하를 평탄화하기도 합니다. 폴백 트래픽에는 레이트 리밋을 걸어 DB를 보호하는 것이 중요합니다. 캐시가 오히려 장애를 촉발하는 전형적 시나리오라서 운영 관점에서 반드시 대비해야 합니다.	캐시 스탬피드									caching	redis	stampede	scaling
Q697	이빅션(Eviction)		Backend - 아키텍처 패턴	20	INITIALS	EASY	메모리 한도 초과 시 레디스가 일부 키를 제거하는 동작을 무엇이라고 하는가?	이빅션(Eviction)은 메모리가 부족할 때 Redis가 정책(LRU/LFU 등)에 따라 일부 키를 제거하는 동작입니다. 이빅션이 시작되면 히트율이 흔들리고 DB 폴백이 늘어 서비스 지연이 급격히 악화될 수 있습니다. 면접에서는 이빅션 정책과 “중요 키(세션/락)를 같은 인스턴스에 섞으면 왜 위험한가”를 자주 묻습니다. 실무에서는 세션/락과 캐시를 분리하거나, 메모리 여유를 충분히 두고 TTL을 관리해 이빅션 자체를 최소화합니다. 이빅션은 운영 리스크 신호이므로 모니터링과 사전 대응이 중요합니다.	이빅션									caching	redis	eviction	operations
Q698	레이트 리밋(Rate Limit)		Backend - 아키텍처 패턴	20	INITIALS	EASY	일정 시간 동안 요청 횟수를 제한해 시스템을 보호하는 기법은 무엇이라고 하는가?	레이트 리밋(Rate Limit)은 일정 시간 동안 허용되는 요청 횟수를 제한해 시스템을 보호하는 기법입니다. API 남용, 봇 트래픽, 장애 확산을 막는 안전장치로 자주 쓰입니다. 면접에서는 fixed window, sliding window 같은 알고리즘 차이와 트레이드오프를 질문할 수 있습니다. 실무에서는 분산 환경에서 일관된 제한을 위해 Redis 카운터를 쓰고, 원자성을 위해 Lua 스크립트로 INCR과 만료 설정을 묶기도 합니다. 레이트 리밋은 성능 최적화가 아니라 안정성/보안 장치라는 관점이 중요합니다.	레이트 리밋									scaling	redis	rate_limit	security
Q699	분산 락(Distributed Lock)		Backend - 아키텍처 패턴	20	INITIALS	EASY	여러 서버에서 동시에 같은 자원에 접근하지 못하도록 잠금을 공유하는 개념은 무엇이라고 하는가?	분산 락(Distributed Lock)은 여러 서버가 같은 자원에 동시에 접근하지 못하게 잠금을 공유하는 메커니즘입니다. Redis로 구현할 때는 TTL 기반 락의 한계와 안전한 해제(토큰 검증)가 핵심 포인트입니다. 면접에서는 “락 만료 후 다른 프로세스가 락을 잡았는데 이전 프로세스가 해제하면?” 같은 실패 시나리오를 자주 묻습니다. 실무에서는 토큰 비교 후 삭제를 Lua로 원자 처리하고, 락은 보조 수단이며 DB 제약/트랜잭션을 최후 방어선으로 둡니다. 락만으로 문제를 해결하려 하기보다 임계영역 축소와 멱등성 설계를 함께 하는 것이 안전합니다.	분산 락									redis	locking	scaling	concurrency
Q700	히트율(Cache Hit Rate)		Backend - 아키텍처 패턴	20	INITIALS	EASY	전체 요청 중 캐시 히트가 차지하는 비율을 무엇이라고 하는가?	히트율(Cache Hit Rate)은 전체 요청 중 캐시 히트(Cache Hit)가 발생한 비율을 의미합니다. 히트율이 높으면 원본(DB/외부 API) 호출이 줄어 비용과 지연이 낮아지는 경향이 있습니다. 면접에서는 히트율이 높아도 p99 지연이 나빠질 수 있는 이유(캐시 지연, big value, 네트워크)를 연결해서 묻기도 합니다. 실무에서는 히트율만 보지 말고 지연 분포(p95/p99), 오류율, eviction 발생 여부를 함께 관측해야 합니다. 결국 중요한 건 비율 자체보다 서비스 사용자 경험과 안정성 개선 여부입니다.	히트율									caching	redis	performance	monitoring
Q701	미스율(Cache Miss Rate)		Backend - 아키텍처 패턴	20	INITIALS	EASY	전체 요청 중 캐시 미스가 차지하는 비율을 무엇이라고 하는가?	미스율(Cache Miss Rate)은 전체 요청 중 캐시 미스(Cache Miss)가 발생한 비율입니다. 미스율이 높아지면 원본(DB/스토리지) 조회가 증가해 병목과 비용이 커질 수 있습니다. 면접에서는 미스율 급증이 캐시 스탬피드(Cache Stampede)나 eviction(Eviction)과 연결될 수 있음을 설명하면 좋습니다. 실무에서는 미스 원인을 키 설계 변경, 만료 쏠림, 배포로 인한 키 버저닝, 트래픽 패턴 변화로 나눠 분석합니다. 미스율을 낮추는 목표는 “DB 보호와 p99 안정화”라는 맥락으로 접근해야 합니다.	미스율									caching	redis	monitoring	scaling
Q702	워밍(Cache Warming)		Backend - 아키텍처 패턴	20	INITIALS	EASY	서비스 시작 시 자주 쓰는 데이터를 미리 캐시에 채워두는 작업을 무엇이라고 하는가?	워밍(Cache Warming)은 서비스 시작/배포 직후에 자주 조회되는 데이터를 미리 캐시에 채워두는 작업입니다. 워밍을 하면 초기 캐시 미스(Cache Miss)로 인해 DB가 갑자기 느려지는 현상을 줄일 수 있습니다. 면접에서는 워밍이 왜 필요한지와, 워밍 트래픽이 과하면 오히려 DB를 때릴 수 있다는 점을 묻기도 합니다. 실무에서는 과거 핫키(Hot Key) 기반으로 워밍 대상을 선정하되, 접근 분포가 바뀔 수 있어 주기적 점검이 필요합니다. 워밍은 성능뿐 아니라 배포 안정성을 높이는 운영 전략입니다.	워밍									caching	redis	warming	operations
Q703	캐시 프리필(Cache Prefill)		Backend - 아키텍처 패턴	20	INITIALS	EASY	특정 이벤트(배치/배포) 전에 필요한 키를 미리 적재해 두는 전략을 무엇이라고 하는가?	캐시 프리필(Cache Prefill)은 특정 이벤트 전에 필요한 데이터를 미리 캐시에 적재해 “첫 요청 미스”를 줄이는 전략입니다. 워밍(Cache Warming)과 비슷하지만, 더 목적 지향적으로 특정 키 세트를 미리 채우는 경우를 말합니다. 면접에서는 프리필의 장점과 함께 “프리필이 틀리면 eviction과 churn이 늘 수 있다”는 운영 리스크를 언급하면 좋습니다. 실무에서는 프리필 대상을 제한하고, 적재 속도와 DB 부하를 제어합니다. 프리필은 스케일링(Scaling) 환경에서 배포 직후 트래픽 급증을 완화하는 데 유용합니다.	캐시 프리필									caching	redis	scaling	operations
Q704	만료 시간(Expiration Time)		Backend - 아키텍처 패턴	20	INITIALS	EASY	캐시가 자동으로 사라지도록 설정하는 “유효 기간”을 무엇이라고 하는가?	만료 시간(Expiration Time)은 캐시 만료(Cache Expiration)가 언제 일어나는지를 결정하는 유효 기간입니다. 만료 시간이 길면 최신성 리스크가 커지고, 짧으면 캐시 미스(Cache Miss)가 늘어 DB 부하가 커질 수 있습니다. 면접에서는 도메인별로 만료 시간을 어떻게 잡을지(권한/결제는 짧게, 랭킹은 길게 등)를 자주 묻습니다. 실무에서는 만료가 같은 시점에 몰리지 않도록 지터를 섞고, 이벤트 기반 무효화(Cache Invalidation)와 함께 운영하는 경우가 많습니다. 만료 시간은 성능 튜닝이면서 정합성 정책이기도 합니다.	만료 시간									caching	redis	ttl	consistency
Q705	지터(TTL Jitter)		Backend - 아키텍처 패턴	20	INITIALS	EASY	만료가 한 시점에 몰리지 않도록 TTL에 랜덤 값을 섞는 기법을 무엇이라고 하는가?	지터(TTL Jitter)는 만료 시간(Expiration Time)에 랜덤성을 더해 캐시 만료(Cache Expiration)가 한 시점에 몰리는 현상을 줄이는 기법입니다. 만료가 몰리면 캐시 스탬피드(Cache Stampede)로 DB 부하가 급증할 수 있습니다. 면접에서는 지터가 왜 필요한지와, 지터 폭이 너무 크면 최신성 요구를 해칠 수 있다는 점을 설명하면 좋습니다. 실무에서는 TTL에 일정 비율로 랜덤 값을 더해 만료를 분산시키는 방식이 흔합니다. 지터는 구현이 간단하지만 안정성에 큰 도움이 되는 운영 팁입니다.	지터									caching	redis	stampede	scaling
Q706	캐시 오염(Cache Pollution)		Backend - 아키텍처 패턴	20	INITIALS	EASY	서로 다른 조건의 응답이 같은 키로 저장되어 잘못된 데이터가 재사용되는 문제를 무엇이라고 하는가?	캐시 오염(Cache Pollution)은 서로 다른 조건의 응답이 동일한 키(Key)로 저장되어 잘못된 데이터가 재사용되는 문제입니다. 예를 들어 정렬/페이지/권한/로케일이 다른데 키에 반영하지 않으면 오염이 발생합니다. 면접에서는 “키 설계에서 무엇을 포함해야 하나”를 캐시 오염 사례로 자주 물어봅니다. 실무에서는 키 네임스페이스 규칙을 두고, 결과에 영향을 주는 파라미터를 모두 키에 포함합니다. 보안 응답이 섞이면 데이터 노출 사고로 이어질 수 있으니 특히 조심해야 합니다.	캐시 오염									caching	redis	key_design	security
Q707	키 네임스페이스(Key Namespace)		Backend - 아키텍처 패턴	20	INITIALS	EASY	키 충돌을 막기 위해 prefix로 영역을 구분하는 설계 방식을 무엇이라고 하는가?	키 네임스페이스(Key Namespace)는 키(Key)에 prefix를 붙여 도메인/기능별로 충돌을 방지하고 관리성을 높이는 설계입니다. 예를 들어 user:profile:123 처럼 계층 구조로 키를 구성합니다. 면접에서는 네임스페이스가 왜 필요한지와 키 삭제/무효화 전략에 어떤 도움이 되는지 묻기도 합니다. 실무에서는 배포 시 키 버저닝(version prefix)을 함께 넣어 구/신버전 공존 문제를 줄입니다. 네임스페이스는 운영 가독성을 높이고, 대규모 캐시에서 안전한 관리에 필수입니다.	키 네임스페이스									caching	redis	key_design	operations
Q708	키 버저닝(Key Versioning)		Backend - 아키텍처 패턴	20	INITIALS	EASY	배포로 캐시 포맷이 바뀔 때 prefix에 버전을 붙여 충돌을 피하는 방식을 무엇이라고 하는가?	키 버저닝(Key Versioning)은 캐시 값(Value) 포맷이 바뀌는 배포에서 구/신버전이 같은 키를 공유하지 않도록 키에 버전을 포함하는 방식입니다. 키가 분리되면 역직렬화 오류나 포맷 불일치로 인한 장애를 크게 줄일 수 있습니다. 면접에서는 “캐시도 데이터 계약”이므로 배포 호환성 전략이 필요하다는 점을 설명하면 좋습니다. 실무에서는 v1:term:123, v2:term:123처럼 prefix로 버전을 올립니다. 다만 버저닝 직후 미스가 늘 수 있어 워밍과 DB 보호를 함께 고려해야 합니다.	키 버저닝									caching	redis	deployment	scaling
Q709	세션 스토어(Session Store)		Backend - 웹 서버 기초	17	INITIALS	EASY	로그인 세션 데이터를 저장하는 저장소를 무엇이라고 하는가?	세션 스토어(Session Store)는 세션(Session) 데이터를 저장하는 저장소를 의미합니다. 서버가 스케일 아웃(Scale Out)되면 특정 서버에만 세션이 있으면 로그인 상태가 깨질 수 있어 중앙 저장소가 필요합니다. 면접에서는 세션 스토어로 Redis(Redis)를 쓰는 이유와 만료 정책, 보안 위험을 자주 묻습니다. 실무에서는 세션이 eviction(Eviction)으로 사라지지 않도록 캐시 인스턴스와 분리하거나 메모리 정책을 보수적으로 잡습니다. 세션 스토어는 성능보다 안정성과 보안 요구가 높은 영역입니다.	세션 스토어									scaling	redis	session	caching
Q710	스티키 세션(Sticky Session)		Backend - 웹 서버 기초	17	INITIALS	EASY	로드 밸런서가 같은 사용자를 항상 같은 서버로 보내는 방식을 무엇이라고 하는가?	스티키 세션(Sticky Session)은 로드 밸런서(Load Balancer)가 특정 사용자의 요청을 항상 같은 서버로 라우팅하는 방식입니다. 서버 로컬 세션을 쓸 때는 편하지만, 서버 장애나 확장/축소 시 세션 손실과 불균형이 생길 수 있습니다. 면접에서는 스티키 세션이 필요한지, Redis 세션 스토어(Session Store)를 쓰면 왜 덜 필요해지는지 묻습니다. 실무에서는 스티키에 의존하면 운영 유연성이 떨어져, 가능한 stateless + 분산 세션으로 전환하는 경우가 많습니다. 스티키 세션은 임시 해결책일 수 있다는 관점이 중요합니다.	스티키 세션									scaling	redis	load_balancing	backend
Q711	캐시 서버(Cache Server)		DevOps / Cloud - 인프라 구성 요소	34	INITIALS	EASY	애플리케이션과 DB 사이에서 빠른 응답을 제공하는 캐시 전용 서버를 무엇이라고 하는가?	캐시 서버(Cache Server)는 애플리케이션과 DB 사이에 위치해 자주 조회되는 데이터를 빠르게 제공하는 서버입니다. Redis(Redis)는 대표적인 캐시 서버 구현체로, DB 부하를 줄이고 응답 시간을 개선합니다. 면접에서는 캐시 서버를 두면 어떤 문제가 해결되고, 어떤 문제가 새로 생기는지(정합성/운영 복잡도)를 묻습니다. 실무에서는 캐시 서버 장애 시 폴백 트래픽이 DB로 쏠릴 수 있어 레이트 리밋(Rate Limit)과 타임아웃을 함께 둡니다. 캐시 서버는 성능 도구이면서 장애 전파 지점이기도 하므로 안정성 설계가 중요합니다.	캐시 서버									caching	redis	scaling	infra
Q712	캐시 브레이크(Cache Break)		Backend - 아키텍처 패턴	20	INITIALS	EASY	캐시가 비정상적으로 느리거나 실패할 때 캐시 호출을 줄이기 위해 우회하는 전략을 무엇이라고 하는가?	캐시 브레이크(Cache Break)는 캐시 서버(Cache Server)가 느리거나 실패할 때 캐시 호출을 줄이고 우회해 장애 전파를 막는 전략입니다. 보통 서킷 브레이커(Circuit Breaker)와 유사한 개념으로 적용됩니다. 면접에서는 캐시도 의존성이므로 타임아웃과 빠른 실패, 폴백 설계가 필요하다고 설명하면 좋습니다. 실무에서는 캐시 호출 타임아웃을 짧게 두고, 일정 오류율/지연이 넘으면 캐시를 잠시 우회합니다. 단, 우회가 DB 폭주로 이어질 수 있어 레이트 리밋과 요청 합치기 같은 보호 장치가 같이 필요합니다. 목적은 성공률이 아니라 시스템 전체 안정화입니다.	캐시 브레이크									scaling	redis	resilience	caching
Q713	데이터 일관성(Data Consistency)		Database - 트랜잭션 및 동시성 제어	25	INITIALS	EASY	캐시와 DB의 값이 맞는 상태를 의미하는 용어는 무엇이라고 하는가?	데이터 일관성(Data Consistency)은 캐시(Cache)와 DB(Database) 같은 여러 저장소 간 데이터가 논리적으로 맞는 상태를 의미합니다. 캐시를 쓰면 stale 가능성이 생기므로 일관성 요구가 높은 도메인에서는 정책을 더 보수적으로 잡아야 합니다. 면접에서는 어떤 데이터는 캐시를 우회해야 하는지(권한/결제/재고 등) 구분하는 질문이 자주 나옵니다. 실무에서는 무효화(Cache Invalidation)와 만료(Cache Expiration)를 조합하고, 필요 시 DB 검증 경로를 분리합니다. 일관성은 성능과 트레이드오프 관계이므로 요구 수준을 명확히 정의하는 것이 중요합니다.	데이터 일관성									caching	redis	consistency	scaling
Q714	스테일 데이터(Stale Data)		Backend - 아키텍처 패턴	20	INITIALS	EASY	캐시에 남아 있는 오래된 데이터로 인해 최신 값이 아닌 응답이 나가는 현상을 무엇이라고 하는가?	스테일 데이터(Stale Data)는 캐시(Cache)에 남아 있는 오래된 값이 재사용되어 최신 값이 아닌 응답이 나가는 상태입니다. 캐시 만료(Cache Expiration)가 너무 길거나, 무효화(Cache Invalidation)가 유실/지연될 때 스테일이 발생할 수 있습니다. 면접에서는 스테일을 허용 가능한 도메인과 허용하면 안 되는 도메인을 구분하는지를 봅니다. 실무에서는 스테일이 치명적인 경우 캐시 우회, 짧은 TTL, 이벤트 기반 무효화, 버전 검증 등을 조합합니다. 스테일은 캐시가 제공하는 성능 이득의 대가이므로 정책으로 통제해야 합니다.	스테일 데이터									caching	redis	consistency	operations
Q715	캐시 폴백(Cache Fallback)		Backend - 아키텍처 패턴	20	INITIALS	EASY	캐시 실패 시 DB나 다른 경로로 조회해 응답하는 대체 동작을 무엇이라고 하는가?	캐시 폴백(Cache Fallback)은 캐시(Cache)가 실패하거나 타임아웃일 때 DB(Database)나 다른 경로로 조회해 응답하는 대체 동작입니다. 폴백은 가용성을 높이지만, 폴백 트래픽이 몰리면 DB가 터질 수 있다는 위험이 있습니다. 면접에서는 폴백을 설계할 때 레이트 리밋(Rate Limit), 요청 합치기, 서킷 브레이커 같은 보호 장치를 함께 말하면 좋습니다. 실무에서는 캐시 타임아웃을 짧게 두고 빠르게 폴백하되, 폴백 자체를 제한해 시스템을 보호합니다. 폴백은 “성공률”이 아니라 “연쇄 장애 방지” 관점에서 설계해야 합니다.	캐시 폴백									scaling	redis	resilience	caching
Q716	폴백 폭주(Fallback Storm)		Backend - 아키텍처 패턴	20	INITIALS	EASY	캐시 장애로 폴백이 동시에 발생해 DB가 과부하되는 상황을 무엇이라고 하는가?	폴백 폭주(Fallback Storm)는 캐시(Cache) 장애나 지연으로 인해 많은 요청이 동시에 DB(Database)로 폴백(Fallback)하면서 과부하가 발생하는 현상입니다. 캐시는 성능을 위해 붙이지만, 장애 시에는 오히려 DB를 더 위험하게 만들 수 있습니다. 면접에서는 이런 연쇄 장애 시나리오를 설명할 수 있는지 자주 확인합니다. 실무에서는 레이트 리밋(Rate Limit), 서킷 브레이커(Circuit Breaker), 요청 합치기(SingleFlight)로 폴백 폭주를 완화합니다. 폴백 경로가 마지막 안전장치이므로 보호 설계가 필수입니다.	폴백 폭주									scaling	redis	resilience	caching
Q717	캐시 샤딩(Cache Sharding)		Backend - 아키텍처 패턴	20	INITIALS	EASY	캐시 부하를 나누기 위해 키를 여러 파티션이나 노드로 분산하는 전략을 무엇이라고 하는가?	캐시 샤딩(Cache Sharding)은 키(Key)를 여러 노드로 분산해 부하를 나누고 확장성을 높이는 전략입니다. 샤딩을 하면 단일 Redis 인스턴스의 CPU/메모리 한계를 넘기 쉬워져 스케일링(Scaling)에 유리합니다. 면접에서는 샤딩이 핫 키(Hot Key) 문제를 완전히 해결하지 못할 수 있다는 점을 말하면 좋습니다. 실무에서는 샤딩과 함께 핫 키는 키 분할이나 로컬 캐시로 추가 완화합니다. 샤딩은 “용량/처리량 확장”에 강하지만, 운영 복잡도와 장애 대응 난이도도 함께 증가합니다.	캐시 샤딩									scaling	redis	caching	architecture
Q718	리더 선출(Leader Election)		DevOps / Cloud - 인프라 구성 요소	34	INITIALS	EASY	여러 인스턴스 중 하나만 작업하도록 대표를 뽑는 메커니즘을 무엇이라고 하는가?	리더 선출(Leader Election)은 여러 인스턴스 중 하나를 대표(Leader)로 정해 작업을 수행하게 하는 메커니즘입니다. 배치 작업이나 스케줄러가 여러 서버에서 동시에 돌면 중복 실행 문제가 생기기 때문에 필요합니다. 면접에서는 리더 선출이 왜 필요한지와, 분산 락(Distributed Lock)과의 관계를 묻기도 합니다. 실무에서는 Redis 기반 분산 락을 활용해 리더를 정하거나, 별도 코디네이션 시스템을 씁니다. 중요한 건 TTL과 장애 시 리더 교체 같은 실패 시나리오를 고려하는 것입니다. 리더 선출은 스케일 아웃 환경에서 중복 실행을 막는 기본 패턴입니다.	리더 선출									scaling	redis	distributed_systems	operations
Q719	캐시 적중률 튜닝(Cache Tuning)		Software Engineering - 원칙 & 규칙	59	INITIALS	EASY	히트율을 높이기 위해 TTL 키 설계 데이터 범위를 조정하는 작업을 무엇이라고 하는가?	캐시 적중률 튜닝(Cache Tuning)은 히트율(Cache Hit Rate)을 높이기 위해 TTL, 키 설계(Key Design), 캐시 범위 등을 조정하는 작업입니다. 단순히 데이터를 많이 넣는다고 좋아지는 것이 아니라, 재사용 가능성이 높은 데이터에 집중해야 합니다. 면접에서는 어떤 지표로 튜닝 효과를 판단하는지(히트율, p95/p99, DB QPS)를 물을 수 있습니다. 실무에서는 튜닝이 eviction(Eviction)이나 big key(Big Key)를 악화시키지 않도록 균형이 필요합니다. 최적화는 측정 기반으로 진행해야 하며, 실패 시 롤백 가능한 형태로 적용하는 것이 안전합니다.	캐시 적중률 튜닝									caching	redis	performance	scaling
Q720	캐시 키(Cache Key)		Backend - 아키텍처 패턴	20	INITIALS	EASY	캐시에 저장하거나 조회할 때 기준이 되는 “식별 키”를 무엇이라고 하는가?	캐시 키(Cache Key)는 캐시(Cache)에서 값을 저장하거나 조회할 때 기준이 되는 식별자입니다. 키 설계가 잘못되면 캐시 오염(Cache Pollution)으로 잘못된 응답이 재사용될 수 있습니다. 면접에서는 어떤 파라미터를 키에 포함해야 하는지(권한/페이지/정렬/로케일)를 물어보는 경우가 많습니다. 실무에서는 키 네임스페이스(Key Namespace)로 충돌을 막고, 민감정보는 키에 직접 넣지 않도록 주의합니다. 캐시의 성능과 안전성은 결국 키 설계에서 결정된다는 점을 기억해야 합니다.	캐시 키									caching	redis	key_design	scaling
Q721	캐시 값(Cache Value)		Backend - 아키텍처 패턴	20	INITIALS	EASY	캐시 키에 연결되어 저장되는 실제 데이터 내용을 무엇이라고 하는가?	캐시 값(Cache Value)은 캐시 키(Cache Key)에 매핑되어 저장되는 실제 데이터입니다. 값이 너무 크면 빅 키(Big Key) 문제가 생겨 네트워크 전송과 역직렬화 비용이 커질 수 있습니다. 면접에서는 값 포맷(JSON/직렬화)과 값 크기가 성능에 주는 영향을 설명할 수 있어야 합니다. 실무에서는 필요한 필드만 캐싱하거나, 구조를 쪼개 저장해 p99 지연을 줄입니다. 값 포맷 변경이 있을 때는 키 버저닝(Key Versioning)으로 호환성을 확보하는 것이 안전합니다.	캐시 값									caching	redis	performance	operations
Q722	캐시 삭제(Cache Delete)		Backend - 아키텍처 패턴	20	INITIALS	EASY	데이터 변경 후 캐시를 지워 stale를 방지하는 동작을 무엇이라고 하는가?	캐시 삭제(Cache Delete)는 데이터가 변경되었을 때 캐시(Cache)에 남아 있는 값을 제거해 스테일 데이터(Stale Data)를 방지하는 동작입니다. 캐시 무효화(Cache Invalidation)의 가장 기본적인 형태로 볼 수 있습니다. 면접에서는 “갱신(update) 대신 삭제(invalidate)를 선택하는 이유”를 묻기도 합니다. 실무에서는 이벤트 중복에도 안전하도록 삭제를 멱등적으로 처리하는 것이 운영에 유리합니다. 캐시 삭제 후 재로딩 과정에서 스탬피드(Cache Stampede)가 생길 수 있어 TTL 지터나 요청 합치기 같은 보완도 함께 고려합니다.	캐시 삭제									caching	redis	invalidation	consistency
Q723	캐시 갱신(Cache Refresh)		Backend - 아키텍처 패턴	20	INITIALS	EASY	캐시가 만료되기 전에 또는 변경 후 새 값으로 다시 채우는 작업을 무엇이라고 하는가?	캐시 갱신(Cache Refresh)은 캐시(Cache)에 저장된 값을 최신 값으로 다시 채우는 작업입니다. 갱신은 캐시 만료(Cache Expiration)로 인한 미스 스파이크를 줄이거나, 최신성을 높이는 목적에서 사용됩니다. 면접에서는 갱신을 “이벤트 기반으로 할지” “읽기 시 재로딩으로 할지”를 비교해 설명하는 문제가 나올 수 있습니다. 실무에서는 갱신 이벤트의 순서 역전으로 오래된 값이 덮이는 문제를 조심해야 합니다. 그래서 단순 갱신보다 “삭제 후 재로딩”이 안전한 경우도 많습니다. 갱신 전략은 정합성 요구와 운영 안정성을 함께 고려해야 합니다.	캐시 갱신									caching	redis	scaling	consistency
Q724	캐시 만료 정책(Expiration Policy)		Backend - 아키텍처 패턴	20	INITIALS	EASY	어떤 키에 얼마 동안 캐시를 유지할지 정하는 규칙을 무엇이라고 하는가?	캐시 만료 정책(Expiration Policy)은 캐시(Cache)를 얼마 동안 유지할지 정하는 규칙입니다. 정책이 없으면 데이터가 영구히 남아 메모리 압박과 eviction(Eviction) 위험이 커집니다. 면접에서는 만료 정책이 “정합성”과 “성능”의 트레이드오프라는 점을 설명할 수 있어야 합니다. 실무에서는 도메인별 최신성 요구에 맞춰 TTL을 다르게 두고, 만료 쏠림을 막기 위해 지터(TTL Jitter)를 섞기도 합니다. 만료 정책은 캐시 운영의 기본이며, 관측 지표와 함께 지속적으로 조정해야 합니다.	캐시 만료 정책									caching	redis	ttl	operations
Q725	캐시 네임스페이스(Cache Namespace)		Backend - 아키텍처 패턴	20	INITIALS	EASY	캐시 키를 기능별로 구분하기 위해 prefix를 두는 구조를 무엇이라고 하는가?	캐시 네임스페이스(Cache Namespace)는 키(Key)에 prefix를 붙여 도메인/기능 단위로 영역을 분리하는 방식입니다. 예를 들어 term:detail:123처럼 계층적으로 관리하면 삭제/무효화 범위를 잡기 쉬워집니다. 면접에서는 네임스페이스가 운영과 디버깅에 어떤 이점을 주는지 묻기도 합니다. 실무에서는 배포 시 키 버저닝(Key Versioning) prefix를 함께 써서 구/신 버전 충돌을 줄입니다. 네임스페이스는 대규모 캐시에서 관리성, 안전성, 확장성에 모두 도움 됩니다.	캐시 네임스페이스									caching	redis	key_design	operations
Q726	캐시 프리미티브(Cache Primitive)		Database - NoSQL	27	INITIALS	EASY	Redis에서 캐시 구현에 자주 쓰이는 기본 저장 단위(문자열/해시 등)를 무엇이라고 하는가?	캐시 프리미티브(Cache Primitive)는 Redis(Redis)에서 캐시를 구현할 때 활용하는 기본 자료구조(문자열 String, 해시 Hash 등)를 의미합니다. 어떤 구조를 쓰느냐에 따라 값(Value) 크기와 조회 패턴이 달라져 성능과 메모리 효율이 크게 변합니다. 면접에서는 “왜 String 대신 Hash를 쓰나”처럼 자료구조 선택 이유를 물을 수 있습니다. 실무에서는 작은 필드 업데이트가 잦으면 Hash가 유리하고, 통째로 교체가 많으면 String이 단순할 수 있습니다. 자료구조 선택은 빅 키(Big Key)와 핫 키(Hot Key) 위험을 줄이는 핵심 포인트입니다.	캐시 프리미티브									redis	caching	data_structure	scaling
Q727	문자열(String)		Database - NoSQL	27	INITIALS	EASY	Redis에서 가장 기본적으로 단일 값 저장에 쓰이는 자료형을 무엇이라고 하는가?	문자열(String)은 Redis(Redis)에서 가장 기본적으로 단일 값을 저장하는 자료형입니다. 캐시(Cache)에서는 JSON 문자열, 숫자 카운터, 토큰 같은 값을 저장할 때 자주 사용됩니다. 면접에서는 INCR 같은 연산과 만료(Cache Expiration) 설정을 함께 쓰는 패턴을 묻기도 합니다. 실무에서는 문자열에 너무 큰 JSON을 넣으면 빅 키(Big Key)로 이어질 수 있어 값 크기를 관리해야 합니다. 또한 직렬화 방식 변경 시 키 버저닝(Key Versioning)으로 배포 호환성을 확보하는 것이 안전합니다.	문자열									redis	caching	serialization	performance
Q728	해시(Hash)		Database - NoSQL	27	INITIALS	EASY	Redis에서 필드-값 형태로 여러 속성을 저장하는 자료형을 무엇이라고 하는가?	해시(Hash)는 하나의 키(Key) 아래에 여러 필드-값을 저장하는 자료형입니다. 사용자 프로필처럼 여러 속성이 있고 부분 업데이트가 잦을 때 캐시(Cache)로 쓰기 좋습니다. 면접에서는 Hash를 쓰면 어떤 장단점이 있는지(부분 업데이트, 구조화, 값 크기)를 설명할 수 있어야 합니다. 실무에서는 Hash를 너무 크게 키우면 결국 빅 키(Big Key)가 될 수 있으므로 필드 수와 값 크기를 관리해야 합니다. 또한 TTL 정책을 키 단위로만 적용하는 점을 고려해 데이터 수명주기를 설계해야 합니다.	해시									redis	caching	data_structure	operations
Q729	리스트(List)		Database - NoSQL	27	INITIALS	EASY	Redis에서 큐처럼 양끝에서 push/pop이 가능한 자료형을 무엇이라고 하는가?	리스트(List)는 Redis(Redis)에서 양끝 삽입/삭제가 가능한 자료형으로, 간단한 큐(Queue) 구현에 쓰입니다. 캐시(Cache) 자체보다는 비동기 처리(Async)용 버퍼로 활용되는 경우가 많습니다. 면접에서는 List와 Stream의 차이(전달 보장/소비자 그룹)를 비교해 묻기도 합니다. 실무에서는 List 기반 큐는 컨슈머 장애 시 재처리/유실 관리가 어렵기 때문에 요구사항에 따라 다른 도구를 선택합니다. 그래도 단순한 작업 큐에는 구현이 쉬워 빠르게 적용할 수 있습니다.	리스트									redis	caching	async	scaling
Q730	집합(Set)		Database - NoSQL	27	INITIALS	EASY	Redis에서 중복 없이 값을 저장하는 자료형을 무엇이라고 하는가?	집합(Set)은 중복을 허용하지 않는 자료형으로, 태그 목록이나 방문자 집합 같은 경우에 유용합니다. 캐시(Cache)에서는 “이미 처리한 항목”을 기록하거나, 빠른 포함 여부 체크에 쓰일 수 있습니다. 면접에서는 Set의 특성과, 정렬이 필요하면 Sorted Set을 선택해야 한다는 점을 말하면 좋습니다. 실무에서는 Set이 커지면 메모리 사용이 증가하므로 만료(Cache Expiration) 정책을 함께 설계합니다. 올바른 자료형 선택은 성능과 비용을 동시에 좌우합니다.	집합									redis	caching	data_structure	performance
Q731	정렬 집합(Sorted Set)		Database - NoSQL	27	INITIALS	EASY	점수(score) 기반으로 정렬된 컬렉션을 저장하는 Redis 자료형을 무엇이라고 하는가?	정렬 집합(Sorted Set)은 점수(score) 기반으로 정렬을 제공하는 자료형입니다. 랭킹, 리더보드, 인기글 정렬 같은 기능에서 캐시(Cache) 겸 데이터 구조로 자주 사용됩니다. 면접에서는 Sorted Set을 랭킹에 쓰는 이유와, 업데이트/조회 연산(ZADD, ZRANGE 등)을 설명하는 질문이 나올 수 있습니다. 실무에서는 데이터가 커지면 메모리와 업데이트 비용이 증가하므로 만료 정책과 데이터 범위를 제한해야 합니다. Sorted Set은 “정렬 기능을 가진 캐시”로 이해하면 실무 연결이 쉽습니다.	정렬 집합									redis	caching	ranking	scaling
Q732	파이프라이닝(Pipelining)		Backend - 웹 서버 기초	17	INITIALS	EASY	여러 Redis 명령을 한 번에 보내 네트워크 왕복을 줄이는 기법을 무엇이라고 하는가?	파이프라이닝(Pipelining)은 여러 명령을 한 번에 전송해 네트워크 RTT를 줄이는 최적화 기법입니다. 캐시(Cache) 호출이 잦을 때 왕복 비용을 줄여 성능을 개선할 수 있습니다. 면접에서는 파이프라이닝의 장점과 함께 “너무 큰 배치는 지연을 늘릴 수 있다”는 트레이드오프를 말하면 좋습니다. 실무에서는 배치 크기를 제한하고 타임아웃을 조정해 p99 지연이 나빠지지 않게 관리합니다. 네트워크 비용은 스케일링(Scaling) 환경에서 성능의 큰 부분을 차지합니다.	파이프라이닝									redis	caching	performance	scaling
Q733	배치 조회(Bulk Get)		Backend - 아키텍처 패턴	20	INITIALS	EASY	여러 키를 한 번에 조회해 호출 횟수를 줄이는 방식을 무엇이라고 하는가?	배치 조회(Bulk Get)는 여러 키(Key)를 한 번에 조회해 네트워크 호출 횟수와 오버헤드를 줄이는 방식입니다. Redis(Redis)에서는 MGET 같은 방식으로 구현하는 경우가 많습니다. 면접에서는 “N+1 호출”을 줄이는 관점에서 배치 조회를 설명할 수 있어야 합니다. 실무에서는 배치가 너무 커지면 응답 크기와 지연이 증가할 수 있어 적정 크기 제한이 필요합니다. 배치 조회는 캐싱(Caching) 성능 최적화의 기본이지만, 과도하면 역효과가 날 수 있다는 점을 함께 기억해야 합니다.	배치 조회									caching	redis	performance	scaling
Q734	캐시 관측성(Cache Observability)		Software Engineering - 개발 프로세스	58	INITIALS	EASY	히트율 지연 오류율 eviction 등을 측정해 캐시 상태를 파악하는 것을 무엇이라고 하는가?	캐시 관측성(Cache Observability)은 캐시(Cache)의 히트율(Cache Hit Rate), 지연(Latency), 오류율(Error Rate), eviction(Eviction) 같은 지표를 수집해 상태를 파악하는 활동입니다. 캐시는 정상일 때는 보이지 않지만, 느려지거나 미스가 늘면 시스템 전체가 무너질 수 있습니다. 면접에서는 어떤 지표를 봐야 하는지와, 지표 변화가 의미하는 바(스탬피드, 폴백 폭주)를 연결해 설명하면 좋습니다. 실무에서는 Redis 메트릭과 애플리케이션 메트릭을 함께 봐야 원인을 빠르게 찾을 수 있습니다. 관측성이 없으면 캐시 최적화는 감(感)으로 하게 되어 장애를 키울 수 있습니다.	캐시 관측성									caching	redis	monitoring	scaling
Q735	캐시 로그(Cache Logging)		Software Engineering - 개발 프로세스	58	INITIALS	EASY	캐시 히트 미스 키 등을 로그로 남겨 문제를 분석하는 활동을 무엇이라고 하는가?	캐시 로그(Cache Logging)는 캐시(Cache) 히트/미스, 키(Key), 지연 등을 로그로 남겨 문제를 분석하는 활동입니다. 로그는 디버깅에 도움이 되지만, 과도한 로깅은 성능을 떨어뜨릴 수 있습니다. 면접에서는 로깅 시 민감정보가 노출되지 않도록 해야 한다는 보안 포인트를 함께 말하면 좋습니다. 실무에서는 키를 그대로 찍지 않고 prefix만 남기거나, 샘플링을 적용합니다. 캐시 장애는 재현이 어려운 경우가 많아, 적절한 로깅과 트레이싱이 큰 도움이 됩니다.	캐시 로그									caching	redis	monitoring	security
Q736	캐시 스루(Cache Through)		Backend - 아키텍처 패턴	20	INITIALS	EASY	애플리케이션이 DB 대신 캐시 계층에 쓰면 캐시가 자동으로 원본 저장소까지 반영하는 패턴을 무엇이라고 하는가?	캐시 스루(Cache Through)는 애플리케이션이 캐시(Cache)에 쓰기 작업을 하면 캐시 계층이 원본(DB)까지 함께 반영하는 패턴입니다. 쓰기 경로가 단순해 보이지만, 실패 처리와 정합성 요구를 명확히 해야 합니다. 면접에서는 Cache Aside와 비교해 어떤 상황에서 적합한지 묻기도 합니다. 실무에서는 구현 복잡도 때문에 Cache Aside를 더 많이 쓰지만, 특정 플랫폼/프레임워크에서는 캐시 스루를 제공하기도 합니다. 중요한 건 “쓰기도 캐시가 관여하면 장애 전파 범위가 커진다”는 점을 인지하는 것입니다. 패턴은 서비스 특성에 맞게 선택해야 합니다.	캐시 스루									caching	redis	architecture	scaling
Q737	라이트 백(Write Back)		Backend - 아키텍처 패턴	20	INITIALS	EASY	먼저 캐시에 쓰고 나중에 비동기로 DB에 반영하는 방식을 무엇이라고 하는가?	라이트 백(Write Back)은 먼저 캐시(Cache)에 쓰고, 이후 비동기(Async)로 DB(Database)에 반영하는 방식입니다. 쓰기 성능은 좋아질 수 있지만, DB 반영 전 장애가 나면 데이터 유실 위험이 커집니다. 면접에서는 Write Through와 비교하며 정합성과 내구성 트레이드오프를 설명하는 문제가 나올 수 있습니다. 실무에서는 강한 내구성이 필요한 도메인에서는 신중히 적용하거나, 로그/큐 기반으로 보강합니다. 라이트 백은 “빠르지만 위험”한 선택일 수 있으니 요구사항을 먼저 확인해야 합니다.	라이트 백									scaling	redis	async	consistency
Q738	라이트 스루(Write Through)		Backend - 아키텍처 패턴	20	INITIALS	EASY	DB에 쓰기와 동시에 캐시도 함께 갱신하는 방식을 무엇이라고 하는가?	라이트 스루(Write Through)는 DB(Database)에 쓰기 작업을 수행할 때 캐시(Cache)도 함께 갱신해 일관성을 맞추는 방식입니다. 캐시가 최신 값을 갖게 되어 읽기 성능과 최신성이 좋아질 수 있습니다. 면접에서는 Write Through가 왜 구현이 복잡해질 수 있는지(실패 처리, 트랜잭션 경계)를 묻기도 합니다. 실무에서는 DB 트랜잭션 커밋 이후에 캐시를 갱신하거나 무효화하는 방식으로 일관성을 유지합니다. 쓰기 경로에 캐시가 들어오면 장애 시나리오가 늘어나므로, 운영과 복구 전략까지 포함해 설계해야 합니다.	라이트 스루									caching	redis	consistency	scaling
Q739	캐시 단층(Caching Layer)		Backend - 아키텍처 패턴	20	INITIALS	EASY	애플리케이션과 DB 사이에 성능 개선을 위해 둔 캐시 계층을 무엇이라고 하는가?	캐시 단층(Caching Layer)은 애플리케이션과 DB(Database) 사이에 두는 캐시(Cache) 계층을 의미합니다. 이 계층은 DB 부하를 줄이고 응답 시간을 줄이는 목적을 가집니다. 면접에서는 캐시 단층이 생기면 어떤 정합성 문제와 운영 복잡도가 증가하는지 설명할 수 있어야 합니다. 실무에서는 Redis(Redis)를 캐시 단층으로 두고, 타임아웃/폴백/관측성까지 함께 설계합니다. 캐시가 느려지면 전체가 느려질 수 있으므로 “빠름”만 보고 넣으면 위험합니다. 캐시 단층은 성능과 안정성을 동시에 다루는 아키텍처 요소입니다.	캐시 단층									caching	redis	scaling	architecture
Q740	캐시 스파이크(Cache Spike)		Backend - 아키텍처 패턴	20	INITIALS	EASY	특정 시점에 캐시 조회/미스/지연이 갑자기 치솟는 현상을 무엇이라고 하는가?	캐시 스파이크(Cache Spike)는 특정 시점에 캐시(Cache) 관련 지표(히트/미스/지연)가 급격히 변하는 현상입니다. 스파이크는 만료 쏠림이나 배포 직후 워밍 실패, 캐시 서버 성능 저하로 발생할 수 있습니다. 면접에서는 스파이크가 발생했을 때 어떤 지표를 먼저 볼지(미스율, DB QPS, eviction, latency)를 묻기도 합니다. 실무에서는 스파이크를 “원인”이 아니라 “증상”으로 보고, 폴백 폭주(Fallback Storm)로 이어지지 않도록 보호 장치를 점검합니다. 관측성과 알림이 없으면 스파이크를 늦게 발견해 장애가 커질 수 있습니다.	캐시 스파이크									caching	redis	monitoring	scaling
Q741	캐시 드리프트(Cache Drift)		Backend - 아키텍처 패턴	20	INITIALS	EASY	캐시 값이 원본 DB 값과 점점 어긋나는 상태를 무엇이라고 하는가?	캐시 드리프트(Cache Drift)는 캐시(Cache)의 값이 원본 DB(Database)와 점점 어긋나 정합성이 깨지는 상태를 의미합니다. 무효화(Cache Invalidation) 이벤트 유실이나 갱신 순서 역전 같은 이유로 발생할 수 있습니다. 면접에서는 “캐시와 DB 정합성을 어떻게 보장하나” 질문에서 드리프트 사례를 설명하면 설득력이 좋습니다. 실무에서는 만료(Cache Expiration)를 보험으로 두고, 중요 도메인은 DB 재검증 경로를 마련합니다. 또한 키 버저닝(Key Versioning)과 멱등 처리로 배포/이벤트 문제를 완화할 수 있습니다. 드리프트는 성능보다 신뢰 문제로 이어질 수 있으니 경계해야 합니다.	캐시 드리프트									caching	redis	consistency	operations
Q742	캐시 프리징(Cache Freezing)		Backend - 아키텍처 패턴	20	INITIALS	EASY	캐시 서버가 응답은 하지만 지연이 커져 사실상 멈춘 것처럼 보이는 상태를 무엇이라고 하는가?	캐시 프리징(Cache Freezing)은 캐시(Cache) 서버가 다운은 아니지만 지연(Latency)이 크게 증가해 사실상 멈춘 것처럼 보이는 상태입니다. 네트워크 혼잡, CPU 포화, big key(Big Key) 처리, 백그라운드 작업 등으로 발생할 수 있습니다. 면접에서는 캐시도 의존성이므로 타임아웃과 빠른 실패가 필요하다고 설명하면 좋습니다. 실무에서는 캐시 타임아웃을 짧게 두고, 캐시 브레이크(Cache Break)나 폴백(Cache Fallback)으로 연쇄 장애를 막습니다. 또한 지연이 증가하면 커넥션 풀이 고갈될 수 있어 리소스 제한도 중요합니다. 캐시 프리징은 “다운보다 더 위험한 상태”가 될 수 있습니다.	캐시 프리징									caching	redis	resilience	scaling
Q743	커넥션 풀(Connection Pool)		Backend - 웹 서버 기초	17	INITIALS	EASY	Redis 호출을 위한 연결을 미리 만들어 재사용하는 관리 기법을 무엇이라고 하는가?	커넥션 풀(Connection Pool)은 Redis(Redis) 같은 외부 의존성과의 연결(Connection)을 미리 생성해 재사용하는 방식입니다. 연결 생성 비용을 줄이고 안정적으로 처리량을 확보하는 데 도움이 됩니다. 면접에서는 풀 고갈이 왜 발생하는지(지연 증가, 타임아웃 미설정, 동시성 증가)를 자주 묻습니다. 실무에서는 풀 크기, 타임아웃, 재시도 정책을 함께 조정하고, 캐시 프리징(Cache Freezing) 시 풀 고갈로 전체 장애가 번지는 것을 막아야 합니다. 또한 풀 크기를 무작정 키우면 Redis에 부하를 더 주고 네트워크 혼잡을 키울 수 있습니다. 커넥션 풀은 성능과 안정성 모두에 직접 영향을 줍니다.	커넥션 풀									scaling	redis	performance	operations
Q744	타임아웃(Timeout)		Backend - 웹 서버 기초	17	INITIALS	EASY	Redis 호출이 일정 시간 내 응답이 없으면 중단하는 제한 시간을 무엇이라고 하는가?	타임아웃(Timeout)은 Redis(Redis) 같은 외부 호출이 일정 시간 내 응답이 없으면 요청을 중단하는 제한 시간입니다. 캐시(Cache)는 빠른 것이 전제이므로, 캐시 타임아웃은 일반적으로 DB보다 더 짧게 설정합니다. 면접에서는 타임아웃이 없으면 어떤 문제가 생기는지(스레드/풀 고갈, 연쇄 장애)를 설명하는 질문이 자주 나옵니다. 실무에서는 타임아웃과 함께 폴백(Cache Fallback)과 서킷 브레이커(Circuit Breaker) 같은 보호 장치를 둡니다. 타임아웃 값은 p99 지연과 장애 시나리오를 기준으로 정해야 합니다. 타임아웃은 성능이 아니라 안정성 설정입니다.	타임아웃									scaling	redis	resilience	caching
Q745	재시도(Retry)		Backend - 아키텍처 패턴	20	INITIALS	EASY	Redis 호출 실패 시 다시 시도하는 전략을 무엇이라고 하는가?	재시도(Retry)는 Redis(Redis) 호출이 실패했을 때 다시 시도하는 전략입니다. 단, 캐시(Cache) 재시도는 성공률을 올릴 수 있지만 지연을 늘리고 부하를 키울 수 있습니다. 면접에서는 재시도를 무조건 하면 안 되는 이유와, 백오프(Backoff) 같은 완화 기법을 설명할 수 있어야 합니다. 실무에서는 캐시에는 재시도를 최소화하거나 아예 하지 않고 빠르게 폴백(Cache Fallback)하는 정책이 흔합니다. 재시도를 한다면 횟수 제한과 지터, 타임아웃을 함께 둬서 폭주를 막습니다. 재시도는 안정성의 양날의 검입니다.	재시도									scaling	redis	resilience	performance
Q746	백오프(Backoff)		Backend - 아키텍처 패턴	20	INITIALS	EASY	재시도 간격을 점점 늘려 부하를 줄이는 기법을 무엇이라고 하는가?	백오프(Backoff)는 재시도(Retry)를 할 때 재시도 간격을 점점 늘려 시스템 부하를 줄이는 기법입니다. 지수 백오프(Exponential Backoff)가 대표적이며, 지터(TTL Jitter)처럼 랜덤을 섞어 동시 재시도를 분산시키기도 합니다. 면접에서는 백오프가 왜 필요한지(폭풍 재시도 방지)를 설명하면 좋습니다. 실무에서는 캐시 장애 시 재시도가 몰리면 Redis와 DB 모두를 압박할 수 있어 백오프와 재시도 제한이 필수입니다. 또한 백오프를 해도 결국 응답 지연이 늘어나므로, 캐시에는 빠른 실패와 폴백을 더 선호합니다. 백오프는 실패 상황의 “부하 제어” 도구입니다.	백오프									scaling	redis	resilience	operations
Q747	폴백(Fallback)		Backend - 아키텍처 패턴	20	INITIALS	EASY	캐시가 실패하면 DB나 다른 경로로 우회해 응답하는 전략을 무엇이라고 하는가?	폴백(Fallback)은 캐시(Cache) 호출이 실패하거나 타임아웃(Timeout)일 때 DB(Database) 등 다른 경로로 우회해 응답하는 전략입니다. 폴백은 가용성을 올리지만, 폴백이 동시에 발생하면 DB가 터지는 폴백 폭주(Fallback Storm)가 생길 수 있습니다. 면접에서는 폴백에 보호장치(레이트 리밋, 요청 합치기, 서킷 브레이커)를 붙여야 한다는 점을 말하면 좋습니다. 실무에서는 폴백 경로를 제한하고, 캐시 장애 시 “부분 기능 저하”로 버티는 전략도 함께 씁니다. 폴백은 성공률을 올리는 것보다 연쇄 장애를 막는 관점에서 설계해야 합니다.	폴백									scaling	redis	resilience	caching
Q748	요청 합치기(Request Coalescing)		Backend - 아키텍처 패턴	20	INITIALS	EASY	같은 키에 대한 동시 요청을 하나의 로딩으로 묶어 처리하는 기법을 무엇이라고 하는가?	요청 합치기(Request Coalescing)는 같은 키(Key)에 대한 동시 요청을 하나의 로딩 작업으로 묶어 DB 부하를 줄이는 기법입니다. 캐시 미스(Cache Miss) 상황에서 특히 효과적이며, 스탬피드(Cache Stampede) 완화에 도움 됩니다. 면접에서는 “동시 미스가 발생하면 어떻게 막나” 질문에서 대표 답으로 나옵니다. 실무에서는 로컬 락이나 분산 락(Distributed Lock), 또는 SingleFlight 같은 라이브러리 패턴으로 구현합니다. 요청 합치기가 없으면 인기 키 하나가 만료될 때 DB가 순식간에 병목이 될 수 있습니다. 합치기는 성능 최적화이자 장애 방어 장치입니다.	요청 합치기									caching	redis	stampede	scaling
Q749	스로틀링(Throttling)		Backend - 아키텍처 패턴	20	INITIALS	EASY	특정 상황에서 요청을 강제로 줄여 시스템을 보호하는 기법을 무엇이라고 하는가?	스로틀링(Throttling)은 트래픽이 과도할 때 요청을 제한하거나 지연시켜 시스템을 보호하는 기법입니다. 캐시 장애로 폴백이 DB에 몰리는 상황에서 스로틀링은 DB를 지키는 핵심 수단이 될 수 있습니다. 면접에서는 레이트 리밋(Rate Limit)과의 차이를 묻기도 하는데, 둘 다 “부하 제어”라는 공통점이 있습니다. 실무에서는 사용자별/경로별 제한, 전체 시스템 제한을 상황에 맞게 적용하고, 실패 응답 정책도 명확히 합니다. 스로틀링이 없으면 장애가 전면 확산될 수 있습니다. 스로틀링은 스케일링(Scaling) 환경에서 안정성을 유지하는 기본 장치입니다.	스로틀링									scaling	redis	resilience	performance
Q750	데이터 압축(Data Compression)		Backend - 웹 서버 기초	17	INITIALS	EASY	캐시 값 크기를 줄이기 위해 압축을 적용하는 기법을 무엇이라고 하는가?	데이터 압축(Data Compression)은 캐시 값(Cache Value)의 크기를 줄여 네트워크 전송과 메모리 사용량을 줄이는 기법입니다. 값이 큰 경우 big value가 되어 지연이 늘 수 있는데, 압축이 이를 완화할 수 있습니다. 면접에서는 압축의 장점과 단점(CPU 사용 증가)을 트레이드오프로 설명할 수 있어야 합니다. 실무에서는 “작은 값은 압축하면 오히려 손해”가 될 수 있어 임계값 기준으로 선택적으로 적용합니다. 또한 압축 포맷이 바뀌면 키 버저닝(Key Versioning)이나 값 버전 필드로 호환성을 관리해야 합니다. 압축은 캐싱(Caching) 성능 최적화에서 선택지 중 하나입니다.	데이터 압축									caching	redis	performance	scaling
Q751	직렬화(Serialization)		Backend - 웹 서버 기초	17	INITIALS	EASY	객체를 캐시에 저장 가능한 형태(JSON 등)로 변환하는 과정을 무엇이라고 하는가?	직렬화(Serialization)는 객체(Object)를 Redis(Redis) 같은 저장소에 넣기 위해 문자열/바이너리 형태로 변환하는 과정입니다. 직렬화 비용은 캐시 히트(Cache Hit)에서도 지연을 만들 수 있어 성능에 직접 영향을 줍니다. 면접에서는 JSON과 바이너리 직렬화의 차이(가독성/성능/호환성)를 묻는 경우가 있습니다. 실무에서는 직렬화 포맷 변경 시 배포 호환성을 위해 키 버저닝(Key Versioning)을 적용하는 것이 안전합니다. 또한 직렬화 시 민감정보가 포함되지 않도록 필드 설계를 조심해야 합니다. 직렬화는 캐싱(Caching)에서 “숨은 비용”이므로 항상 측정 기반으로 선택해야 합니다.	직렬화									caching	redis	performance	security
Q752	역직렬화(Deserialization)		Backend - 웹 서버 기초	17	INITIALS	EASY	캐시에서 읽은 값을 다시 객체 형태로 되돌리는 과정을 무엇이라고 하는가?	역직렬화(Deserialization)는 Redis(Redis)에서 가져온 값(Value)을 애플리케이션 객체로 복원하는 과정입니다. 역직렬화 비용도 직렬화(Serialization)와 함께 캐시 지연의 주요 원인이 됩니다. 면접에서는 역직렬화 오류가 발생하는 대표 원인(포맷 변경, 버전 불일치)을 설명할 수 있으면 좋습니다. 실무에서는 배포로 클래스 구조가 바뀌면 역직렬화 실패가 생길 수 있어 키 버저닝(Key Versioning)이나 값 버전 필드를 둡니다. 또한 역직렬화는 보안 취약점과도 연결될 수 있어 신뢰할 수 없는 데이터의 역직렬화는 피해야 합니다. 역직렬화는 성능과 안정성 모두의 포인트입니다.	역직렬화									caching	redis	performance	operations
Q753	캐시 라인(Cache Line)		Computer Science - 메모리와 하드웨어 구조	67	INITIALS	EASY	CPU 캐시에서 데이터를 가져오는 기본 단위를 무엇이라고 하는가?	캐시 라인(Cache Line)은 CPU 캐시(Cache)에서 데이터를 가져오고 저장하는 기본 단위입니다. Redis(Redis) 캐시와는 다른 층이지만, “캐시는 지역성을 활용해 빠르게 만든다”는 공통 원리가 있습니다. 면접에서 시스템 성능 질문이 깊어지면 CPU 캐시 라인과 false sharing 같은 개념으로 이어질 수 있습니다. 실무에서는 네트워크 캐시(Redis) 튜닝과 CPU 캐시 최적화는 다르지만, 지연의 근본을 이해하는 데 도움이 됩니다. 캐시 라인은 데이터 접근 패턴이 성능에 큰 영향을 준다는 점을 보여주는 대표 개념입니다. 백엔드에서는 이런 하드웨어 관점이 병목 분석에 도움이 될 때가 있습니다.	캐시 라인									caching	performance	backend	scaling
Q754	캐시 지역성(Cache Locality)		Computer Science - 메모리와 하드웨어 구조	67	INITIALS	EASY	같은 데이터를 반복해서 접근할수록 성능이 좋아지는 특성을 무엇이라고 하는가?	캐시 지역성(Cache Locality)은 최근 접근한 데이터나 인접한 데이터를 다시 접근할 가능성이 높다는 성질입니다. CPU 캐시(Cache)뿐 아니라 Redis(Redis) 같은 캐싱에서도 “재사용되는 데이터”를 캐시하면 효과가 크다는 원리로 연결됩니다. 면접에서는 캐시가 왜 성능을 높이는지 설명할 때 지역성을 언급하면 좋습니다. 실무에서는 지역성이 낮은 데이터(한 번만 쓰는 데이터)를 캐싱하면 오히려 메모리만 낭비하고 eviction(Eviction)을 유발할 수 있습니다. 따라서 무엇을 캐싱할지 선정하는 것이 핵심이며, 히트율(Cache Hit Rate)을 통해 효과를 검증합니다. 지역성은 캐싱(Caching) 설계의 출발점입니다.	캐시 지역성									caching	redis	performance	scaling
Q755	메모리 한도(Max Memory)		DevOps / Cloud - 인프라 구성 요소	34	INITIALS	EASY	Redis가 사용할 수 있는 최대 메모리를 제한하는 설정을 무엇이라고 하는가?	메모리 한도(Max Memory)는 Redis(Redis) 인스턴스가 사용할 수 있는 최대 메모리를 제한하는 설정입니다. 메모리 한도를 넘으면 eviction(Eviction)이 발생하거나, 설정에 따라 쓰기가 실패할 수 있습니다. 면접에서는 “메모리가 꽉 차면 무슨 일이 일어나나” 질문에서 이 설정을 함께 설명하면 좋습니다. 실무에서는 세션(Session)처럼 중요한 데이터가 eviction으로 사라지지 않게 인스턴스를 분리하거나 정책을 보수적으로 잡습니다. 또한 메모리 여유를 충분히 두고 big key(Big Key)를 방지하는 것이 중요합니다. 메모리 한도는 캐싱(Caching) 운영의 안전벨트입니다.	메모리 한도									redis	caching	operations	scaling
Q756	장애 조치(Failover)		DevOps / Cloud - 인프라 구성 요소	34	INITIALS	EASY	Redis 장애 시 대체 노드로 자동 전환하는 동작을 무엇이라고 하는가?	장애 조치(Failover)는 Redis(Redis) 같은 시스템에서 주 노드가 장애가 나면 대체 노드로 자동 전환하는 동작입니다. 단일 인스턴스로 운영하면 SPOF가 되기 쉬워 장애 조치 구성이 중요합니다. 면접에서는 고가용성(High Availability) 관점에서 failover가 왜 필요한지, 전환 중 데이터 손실 가능성은 없는지 묻기도 합니다. 실무에서는 failover 이후 애플리케이션 연결 재시도, DNS/엔드포인트 전환, 데이터 일관성 문제를 함께 점검해야 합니다. 또한 failover가 있어도 성능 저하나 부분 장애는 남을 수 있으니 관측성을 강화해야 합니다. 장애 조치는 스케일링(Scaling)뿐 아니라 안정성의 핵심 요소입니다.	장애 조치									scaling	redis	ha	operations
Q757	가용성(Availability)		Software Engineering - 원칙 & 규칙	59	INITIALS	EASY	장애가 나도 서비스를 계속 제공할 수 있는 특성을 무엇이라고 하는가?	가용성(Availability)은 장애 상황에서도 서비스를 계속 제공할 수 있는 특성입니다. 캐시(Cache)는 성능을 높이지만, 캐시 장애가 전체 장애로 번지면 가용성이 떨어질 수 있습니다. 면접에서는 캐시 도입이 가용성에 미치는 영향과, 폴백(Fallback) 및 서킷 브레이커 같은 보호 설계를 묻기도 합니다. 실무에서는 Redis(Redis) 장애 시 “완전 실패”가 아니라 “부분 기능 저하”로 버틸 수 있게 설계하는 것이 중요합니다. 또한 고가용성(HA), 장애 조치(Failover), 관측성(Observability)을 함께 갖춰야 합니다. 가용성은 스케일링(Scaling) 설계의 핵심 목표 중 하나입니다.	가용성									scaling	redis	resilience	caching
Q758	캐시 분리(Cache Isolation)		Backend - 아키텍처 패턴	20	INITIALS	EASY	세션/락과 일반 캐시를 분리해 운영 리스크를 줄이는 전략을 무엇이라고 하는가?	캐시 분리(Cache Isolation)는 세션(Session)이나 락(Lock)처럼 중요한 키를 일반 캐시(Cache)와 분리해 운영 리스크를 줄이는 전략입니다. 같은 Redis(Redis) 인스턴스에 섞으면 eviction(Eviction)이나 메모리 압박이 중요한 키까지 영향을 줄 수 있습니다. 면접에서는 “왜 세션과 캐시를 분리하나” 질문에서 이 개념을 설명하면 좋습니다. 실무에서는 인스턴스 분리뿐 아니라 DB 분리, 클러스터 분리로 장애 도메인을 나눕니다. 또한 서로 다른 TTL 정책과 메모리 정책을 적용해 안정성을 높입니다. 캐시 분리는 성능보다 안정성을 위한 아키텍처 선택입니다.	캐시 분리									caching	redis	operations	scaling
Q759	캐시 워크로드(Cache Workload)		Backend - 아키텍처 패턴	20	INITIALS	EASY	캐시에 들어오는 요청 패턴과 부하 특성을 무엇이라고 하는가?	캐시 워크로드(Cache Workload)는 캐시(Cache)에 들어오는 요청 패턴과 부하 특성을 의미합니다. 워크로드를 알아야 히트율(Cache Hit Rate), 미스율(Cache Miss Rate), TTL 정책을 합리적으로 설계할 수 있습니다. 면접에서는 읽기 중심/쓰기 중심 워크로드에서 캐시 전략이 어떻게 달라지는지 질문이 나올 수 있습니다. 실무에서는 트래픽 시간대, 핫 키(Hot Key) 분포, big key(Big Key) 여부, 네트워크 지연을 함께 관측합니다. 워크로드가 변하면 기존 캐시 튜닝이 무효화될 수 있으므로 주기적 재평가가 필요합니다. 캐시 워크로드는 스케일링(Scaling) 설계의 입력값입니다.	캐시 워크로드									caching	redis	scaling	performance
Q760	캐시 미들웨어(Cache Middleware)		Backend - 아키텍처 패턴	20	INITIALS	EASY	애플리케이션 코드와 Redis 사이에서 캐시 로직을 공통 처리하는 계층을 무엇이라고 하는가?	캐시 미들웨어(Cache Middleware)는 애플리케이션과 Redis(Redis) 사이에서 캐시(Cache) 조회/저장/만료/무효화 같은 로직을 공통으로 처리하는 계층입니다. 중복 코드를 줄이고 정책을 중앙에서 통제할 수 있어 운영이 쉬워집니다. 면접에서는 캐시 로직이 서비스마다 흩어지면 어떤 문제가 생기는지(정책 불일치, 버그 증가)를 묻기도 합니다. 실무에서는 캐시 미들웨어에서 키 네임스페이스(Key Namespace), 직렬화(Serialization), 타임아웃(Timeout) 값을 표준화합니다. 다만 중앙 계층이 병목이나 단일 장애점이 되지 않도록 설계해야 합니다. 캐시 미들웨어는 성능뿐 아니라 품질과 운영성을 개선하는 도구입니다.	캐시 미들웨어									caching	redis	architecture	scaling
Q761	캐시 래퍼(Cache Wrapper)		Backend - 아키텍처 패턴	20	INITIALS	EASY	get or load 같은 형태로 캐시 조회와 로딩을 감싸는 유틸 계층을 무엇이라고 하는가?	캐시 래퍼(Cache Wrapper)는 “캐시에서 가져오고 없으면 로딩” 같은 흐름을 공통 함수로 감싸는 유틸/계층입니다. 캐시 어사이드(Cache Aside) 패턴을 안전하게 적용할 때 자주 등장합니다. 면접에서는 캐시 래퍼가 있으면 어떤 실무 이점이 있는지(정책 일원화, 에러 처리 표준화)를 설명하면 좋습니다. 실무에서는 래퍼에서 TTL, 지터(TTL Jitter), 예외 처리, 폴백(Fallback)을 통일해 캐시 품질을 높입니다. 또한 로깅/메트릭 수집을 래퍼에서 처리하면 관측성이 좋아집니다. 캐시 래퍼는 “빠르게 넣은 캐시”가 “운영 가능한 캐시”가 되게 해줍니다.	캐시 래퍼									caching	redis	operations	performance
Q762	키 규칙(Key Convention)		Backend - 아키텍처 패턴	20	INITIALS	EASY	Redis 키를 일정한 형식으로 통일해 관리하는 규칙을 무엇이라고 하는가?	키 규칙(Key Convention)은 Redis(Redis) 키(Key)를 일정한 형식으로 통일해 관리하는 규칙입니다. 규칙이 없으면 키 충돌, 무효화 어려움, 디버깅 난이도 상승으로 운영 비용이 커집니다. 면접에서는 키 규칙에 어떤 요소를 넣어야 하는지(서비스/도메인/버전/식별자)를 묻기도 합니다. 실무에서는 prefix로 네임스페이스를 만들고, 값 포맷 변경 시 키 버저닝(Key Versioning)을 포함합니다. 또한 민감정보를 키에 포함하지 않는 보안 규칙도 같이 둡니다. 키 규칙은 캐싱(Caching)을 팀 단위로 안정적으로 운영하기 위한 기본 약속입니다.	키 규칙									caching	redis	key_design	operations
Q763	캐시 스토리지(Cache Storage)		DevOps / Cloud - 인프라 구성 요소	34	INITIALS	EASY	캐시 데이터를 저장하는 저장소 자체를 무엇이라고 하는가?	캐시 스토리지(Cache Storage)는 캐시(Cache) 데이터를 저장하는 저장소를 의미하며, Redis(Redis)가 대표적인 예입니다. 캐시 스토리지는 DB(Database)와 달리 빠른 응답과 휘발성(또는 제한적 지속성)을 전제로 합니다. 면접에서는 캐시 스토리지와 DB의 역할 차이를 설명할 수 있어야 합니다. 실무에서는 캐시 스토리지 장애가 서비스 전체 지연에 영향을 줄 수 있어 타임아웃(Timeout)과 폴백(Fallback)을 설계합니다. 또한 메모리 한도(Max Memory), eviction(Eviction) 정책을 잘못 잡으면 캐시 효율이 급격히 떨어질 수 있습니다. 캐시 스토리지는 성능 도구이면서 운영 대상 인프라입니다.	캐시 스토리지									caching	redis	scaling	infra
Q764	캐시 단건 조회(Single Get)		Backend - 아키텍처 패턴	20	INITIALS	EASY	한 번의 요청에서 키 하나만 조회하는 기본 캐시 조회 방식을 무엇이라고 하는가?	캐시 단건 조회(Single Get)는 한 번의 요청에서 키(Key) 하나만 조회하는 가장 기본적인 캐시 접근 방식입니다. 구현은 단순하지만, 여러 키를 반복 호출하면 네트워크 RTT가 누적되어 지연이 커질 수 있습니다. 면접에서는 “캐시 호출도 N+1이 생길 수 있다”는 관점을 설명하면 좋습니다. 실무에서는 가능하면 배치 조회(Bulk Get)나 파이프라이닝(Pipelining)으로 왕복을 줄입니다. 또한 단건 조회가 많아질수록 커넥션 풀(Connection Pool) 고갈 위험이 커지므로 제한이 필요합니다. 단건 조회는 기본이지만, 대규모 트래픽에서는 최적화 포인트가 됩니다.	캐시 단건 조회									caching	redis	performance	scaling
Q765	캐시 배치 처리(Cache Batching)		Backend - 아키텍처 패턴	20	INITIALS	EASY	여러 키 작업을 묶어 처리해 호출 비용을 줄이는 전략을 무엇이라고 하는가?	캐시 배치 처리(Cache Batching)는 여러 키(Key)에 대한 조회/저장 작업을 묶어 처리해 네트워크 비용과 오버헤드를 줄이는 전략입니다. Redis(Redis)에서는 MGET, 파이프라이닝(Pipelining) 같은 방식이 활용됩니다. 면접에서는 배치의 장점과 함께 “배치가 너무 크면 응답 지연과 메모리 사용이 커질 수 있다”는 점을 말하면 좋습니다. 실무에서는 배치 크기를 제한하고, 요청 패턴에 맞게 묶는 기준을 정합니다. 배치 처리는 캐시 효율을 올리지만, 과도하면 p99가 나빠질 수 있어 측정 기반으로 조정해야 합니다. 배치는 스케일링(Scaling) 환경에서 비용 대비 효과가 큰 최적화입니다.	캐시 배치 처리									caching	redis	performance	scaling
Q766	네트워크 지연(Network Latency)		Network - 네트워크 기초	29	INITIALS	EASY	Redis 같은 외부 캐시 호출에서 왕복 시간이 늘어 성능이 떨어지는 현상을 무엇이라고 하는가?	네트워크 지연(Network Latency)은 요청/응답이 네트워크를 오가는 데 걸리는 시간입니다. Redis(Redis) 캐시는 빠르지만, 네트워크 지연이 크면 캐시 히트(Cache Hit)인데도 응답이 느려질 수 있습니다. 면접에서는 “캐시를 붙였는데 왜 느릴 수 있나” 질문에서 네트워크 지연과 직렬화(Serialization) 비용을 함께 설명하면 좋습니다. 실무에서는 캐시 서버 위치(같은 AZ/리전), 커넥션 풀(Connection Pool), 파이프라이닝(Pipelining)으로 왕복을 줄입니다. 또한 p95/p99 지연 분포를 봐야 네트워크 문제가 드러납니다. 네트워크 지연은 스케일링(Scaling)에서 가장 흔한 숨은 병목입니다.	네트워크 지연									scaling	redis	performance	networking
Q767	타임아웃 설정(Timeout Setting)		Backend - 웹 서버 기초	17	INITIALS	EASY	캐시 호출이 오래 걸리면 즉시 포기하도록 시간 제한을 두는 설정을 무엇이라고 하는가?	타임아웃 설정(Timeout Setting)은 Redis(Redis) 같은 캐시(Cache) 호출에 시간 제한을 두어 지연이 길어질 때 빠르게 실패하도록 하는 설정입니다. 타임아웃이 없으면 스레드와 커넥션 풀이 대기 상태로 묶여 전체 서비스가 느려질 수 있습니다. 면접에서는 “왜 캐시 타임아웃은 짧아야 하나”를 묻는 경우가 많습니다. 실무에서는 타임아웃과 함께 폴백(Fallback), 서킷 브레이커(Circuit Breaker) 같은 보호 장치를 둡니다. 타임아웃 값은 p99 지연과 장애 시나리오를 기준으로 정해야 합니다. 타임아웃 설정은 성능 튜닝이 아니라 안정성 설계입니다.	타임아웃 설정									scaling	redis	resilience	caching
Q768	캐시 통계(Cache Stats)		Backend - 아키텍처 패턴	20	INITIALS	EASY	히트 미스 eviction 등 캐시 상태를 수치로 측정한 정보를 무엇이라고 하는가?	캐시 통계(Cache Stats)는 캐시(Cache)의 히트/미스, eviction(Eviction), 지연(Latency), 메모리 사용량 같은 상태를 수치로 측정한 정보입니다. 통계가 있어야 캐시가 “정말 도움이 되는지”를 객관적으로 판단할 수 있습니다. 면접에서는 어떤 통계를 봐야 성능과 안정성을 평가할 수 있는지 묻기도 합니다. 실무에서는 Redis 메트릭과 애플리케이션 메트릭을 함께 보고, DB QPS 변화까지 연결해 분석합니다. 히트율만 높아도 지연이 나쁘면 실패이므로 분포 지표(p95/p99)를 반드시 봐야 합니다. 캐시 통계는 캐싱(Caching) 운영의 기본 언어입니다.	캐시 통계									caching	redis	monitoring	performance
Q769	캐시 알림(Cache Alerting)		Software Engineering - 개발 프로세스	58	INITIALS	EASY	캐시 오류율 지연 미스율 급증 시 알림을 받는 체계를 무엇이라고 하는가?	캐시 알림(Cache Alerting)은 캐시(Cache) 오류율, 지연, 미스율 급증, eviction(Eviction) 발생 같은 이상 징후를 탐지해 알림을 받는 체계입니다. 캐시는 문제를 늦게 발견하면 폴백 폭주(Fallback Storm)로 DB까지 터질 수 있어 조기 탐지가 중요합니다. 면접에서는 어떤 알림을 설정해야 하는지(미스율 급증, p99 상승, 메모리 임계치)를 설명하면 좋습니다. 실무에서는 알림 임계치를 너무 민감하게 잡으면 노이즈가 늘어 무시하게 되므로, 의미 있는 지표를 골라야 합니다. 또한 알림과 함께 런북(대응 절차)이 있어야 실제로 도움이 됩니다. 캐시 알림은 스케일링(Scaling) 운영의 필수 요소입니다.	캐시 알림									caching	redis	monitoring	operations
Q770	캐시 런북(Cache Runbook)		Software Engineering - 개발 프로세스	58	INITIALS	EASY	캐시 장애 시 점검 순서와 대응 방법을 문서화한 것을 무엇이라고 하는가?	캐시 런북(Cache Runbook)은 캐시(Cache) 장애/성능 저하 시 점검 순서와 대응 방법을 문서화한 자료입니다. 캐시는 장애 시나리오가 다양하고 재현이 어려워, 표준 대응 절차가 없으면 대응이 늦어집니다. 면접에서는 운영 경험이 있는지 확인할 때 런북/플레이북 같은 키워드가 긍정적으로 작용할 수 있습니다. 실무에서는 미스율/DB QPS/eviction/타임아웃/풀 고갈을 어떤 순서로 확인할지 정합니다. 또한 캐시 우회(캐시 브레이크)나 트래픽 제한(스로틀링) 같은 비상 조치도 포함합니다. 런북은 “기술”이 아니라 “운영 체계”이지만, 안정적인 스케일링에 매우 중요합니다.	캐시 런북									scaling	redis	operations	resilience
Q771	키 삭제 정책(Key Deletion Policy)		Backend - 아키텍처 패턴	20	INITIALS	EASY	데이터 변경 시 어떤 키를 언제 삭제할지 정해둔 규칙을 무엇이라고 하는가?	키 삭제 정책(Key Deletion Policy)은 데이터 변경 시 어떤 키(Key)를 언제 삭제(Invalidate/Delete)할지 정해둔 규칙입니다. 정책이 없으면 삭제 누락으로 스테일 데이터(Stale Data)가 남거나, 과도한 삭제로 미스 폭증이 발생할 수 있습니다. 면접에서는 “삭제를 어떤 타이밍에 하냐” 질문에서 트랜잭션 커밋 이후 삭제, 더블 삭제 같은 전략을 설명하면 좋습니다. 실무에서는 삭제 이벤트가 중복되어도 안전하도록 멱등성을 확보하고, 삭제 범위를 네임스페이스로 관리합니다. 또한 삭제 후 재로딩 과정에서 스탬피드가 생길 수 있어 요청 합치기나 TTL 지터를 함께 둡니다. 키 삭제 정책은 정합성과 성능의 균형점입니다.	키 삭제 정책									caching	redis	consistency	operations
Q772	더블 삭제(Double Deletion)		Backend - 아키텍처 패턴	20	INITIALS	EASY	DB 업데이트 전후로 캐시를 두 번 삭제해 레이스를 줄이는 기법을 무엇이라고 하는가?	더블 삭제(Double Deletion)는 캐시(Cache) 정합성을 위해 DB 업데이트 전후(또는 커밋 직후와 약간 뒤)에 캐시를 두 번 삭제하는 기법입니다. 레이스로 인해 오래된 값이 다시 캐시에 들어가는 상황을 줄이는 데 도움이 됩니다. 면접에서는 “캐시 무효화가 왜 어렵나” 질문에서 더블 삭제를 현실적인 보완책으로 제시할 수 있습니다. 실무에서는 두 번째 삭제를 약간 지연시켜 수행하며, 이벤트 유실을 완전히 막지는 못하므로 TTL 만료를 보험으로 둡니다. 또한 삭제가 많아지면 미스가 늘 수 있으니 적용 범위를 중요한 키로 제한합니다. 더블 삭제는 쉬운 해법이지만 트레이드오프가 있는 운영 기법입니다.	더블 삭제									caching	redis	invalidation	scaling
Q773	캐시 키 충돌(Key Collision)		Backend - 아키텍처 패턴	20	INITIALS	EASY	서로 다른 데이터를 같은 키로 저장해 덮어쓰는 문제를 무엇이라고 하는가?	캐시 키 충돌(Key Collision)은 서로 다른 데이터가 같은 키(Key)를 사용해 저장되면서 덮어쓰거나 잘못된 값이 반환되는 문제입니다. 충돌은 캐시 오염(Cache Pollution)과 함께 정합성 사고의 대표 원인입니다. 면접에서는 충돌을 막기 위한 키 네임스페이스(Key Namespace)와 키 규칙(Key Convention)을 설명하면 좋습니다. 실무에서는 서비스/도메인/버전/파라미터를 키에 포함하고, 키 생성 함수를 공통화해 실수를 줄입니다. 또한 키에 민감정보를 직접 넣지 않도록 보안 규칙도 함께 둡니다. 키 충돌은 작은 실수로 큰 장애가 날 수 있어 사전 예방이 중요합니다.	캐시 키 충돌									caching	redis	key_design	security
Q774	캐시 설계(Cache Design)		Backend - 아키텍처 패턴	20	INITIALS	EASY	무엇을 어떤 키 TTL로 캐싱할지 전체 전략을 세우는 활동을 무엇이라고 하는가?	캐시 설계(Cache Design)는 무엇을 캐싱(Caching)할지, 키(Key) 구조와 TTL, 무효화(Cache Invalidation) 방식을 포함해 전체 전략을 세우는 활동입니다. 설계가 좋으면 DB 부하와 지연을 크게 줄이지만, 설계가 나쁘면 스테일 데이터와 장애 전파를 만들 수 있습니다. 면접에서는 “캐시를 어디에 붙일지”와 “정합성 요구가 높은 데이터는 어떻게 할지”를 묻습니다. 실무에서는 트래픽 패턴(워크로드), 핫 키 분포, 데이터 최신성 요구를 기준으로 캐시 대상을 선정합니다. 또한 타임아웃/폴백/관측성 같은 운영 요소를 설계에 포함해야 합니다. 캐시 설계는 단순 최적화가 아니라 아키텍처 의사결정입니다.	캐시 설계									caching	redis	scaling	architecture
Q775	캐시 비용(Caching Cost)		Backend - 아키텍처 패턴	20	INITIALS	EASY	캐시 도입으로 드는 메모리 트래픽 운영 복잡도 같은 비용을 무엇이라고 하는가?	캐시 비용(Caching Cost)은 캐시(Cache)를 도입/운영하면서 발생하는 메모리 사용량, 네트워크 트래픽, 인프라 비용, 운영 복잡도 등의 비용을 의미합니다. 캐시는 공짜 성능이 아니라 “비용을 성능으로 바꾸는 선택”입니다. 면접에서는 캐시를 붙이면 어떤 부작용이 생기는지(정합성, 장애 전파, 관측성 필요)를 설명할 수 있어야 합니다. 실무에서는 캐시 히트율과 DB 절감 효과를 수치로 비교해 비용 대비 효과를 검증합니다. 또한 세션/락 같은 중요 데이터는 별도 인스턴스로 분리해 비용이 늘더라도 안정성을 우선하기도 합니다. 캐시 비용을 이해해야 과도한 캐싱을 막을 수 있습니다.	캐시 비용									caching	redis	operations	scaling
Q776	캐시 혜택(Caching Benefit)		Backend - 아키텍처 패턴	20	INITIALS	EASY	캐시로 얻는 지연 감소 DB 부하 감소 같은 효과를 무엇이라고 하는가?	캐시 혜택(Caching Benefit)은 캐시(Cache) 도입으로 얻는 지연 감소, DB 부하 감소, 처리량 증가 같은 효과를 의미합니다. 혜택은 히트율(Cache Hit Rate)만으로 판단하면 안 되고, 실제 p95/p99 지연과 DB QPS 감소로 확인해야 합니다. 면접에서는 캐시의 목적이 무엇인지(성능/비용/안정성) 명확히 설명하는 능력을 봅니다. 실무에서는 혜택이 작은 구간에 캐시를 붙이면 오히려 운영 비용만 늘 수 있어, 병목 구간에 집중합니다. 또한 캐시 장애 시 폴백 폭주 같은 리스크까지 포함해 순효과를 평가해야 합니다. 캐시 혜택은 “최적화의 성과”이자 “운영 리스크와의 교환”입니다.	캐시 혜택									caching	redis	performance	scaling
Q777	메모리 사용량(Memory Usage)		Computer Science - 메모리와 하드웨어 구조	67	INITIALS	EASY	Redis가 현재 사용 중인 메모리 크기를 무엇이라고 하는가?	메모리 사용량(Memory Usage)은 Redis(Redis) 인스턴스가 현재 사용 중인 메모리 크기입니다. 메모리 사용량이 증가하면 eviction(Eviction) 위험이 커지고, 성능 저하로 이어질 수 있습니다. 면접에서는 “Redis 운영에서 가장 중요한 지표”로 메모리 사용과 히트율, 지연을 함께 말하면 좋습니다. 실무에서는 big key(Big Key), 핫 키(Hot Key), TTL 미설정 같은 원인이 메모리 급증을 만들 수 있어 원인 분석이 필요합니다. 또한 메모리 한도(Max Memory) 대비 여유를 두고 운영해야 장애를 줄일 수 있습니다. 메모리 사용량은 캐싱(Caching)의 비용을 직접 보여주는 지표입니다.	메모리 사용량									redis	caching	monitoring	operations
Q778	캐시 인스턴스(Cache Instance)		DevOps / Cloud - 인프라 구성 요소	34	INITIALS	EASY	Redis 서버 한 대(또는 하나의 논리 노드)를 무엇이라고 하는가?	캐시 인스턴스(Cache Instance)는 Redis(Redis) 서버의 한 대(또는 하나의 논리 노드)를 의미합니다. 인스턴스를 어떻게 나누고(분리), 어떻게 늘리고(스케일링), 어떻게 장애에 대비할지(HA)가 운영의 핵심입니다. 면접에서는 단일 인스턴스의 한계(SPOF)와 확장 전략(샤딩/클러스터)을 묻기도 합니다. 실무에서는 세션/락과 일반 캐시를 인스턴스 분리(Cache Isolation)해 리스크를 낮추는 방식이 흔합니다. 또한 인스턴스 변경 시 연결 설정과 타임아웃, 폴백 정책을 함께 검증해야 합니다. 캐시 인스턴스는 성능 요소이면서 운영 단위입니다.	캐시 인스턴스									caching	redis	scaling	infra
Q779	캐시 어사이드(Cache Aside)		Backend - 아키텍처 패턴	20	INITIALS	MEDIUM	애플리케이션이 먼저 캐시를 조회하고 없으면 DB에서 읽어 캐시에 채운 뒤 응답하는 패턴을 무엇이라고 하는가?	캐시 어사이드(Cache Aside)는 애플리케이션이 캐시(Cache)를 먼저 조회하고, 미스(Cache Miss)면 DB(Database)에서 읽어 캐시에 적재한 뒤 응답하는 가장 보편적인 캐싱 패턴입니다. 구현이 단순하고 DB를 “원본(Source of Truth)”으로 유지하기 쉬워 면접에 자주 나옵니다. 하지만 동시 미스가 발생하면 캐시 스탬피드(Cache Stampede)로 DB에 부하가 몰릴 수 있어 요청 합치기(Request Coalescing)나 분산 락(Distributed Lock) 같은 완화책이 필요합니다. 실무에서는 TTL 지터(TTL Jitter)로 만료 쏠림을 분산하고, 캐시 장애 시 폴백(Fallback) 트래픽이 DB를 터뜨리지 않게 레이트 리밋(Rate Limit)을 함께 둡니다. 즉, 패턴 자체보다 “실패 시나리오”까지 포함해 설명하는 것이 면접 포인트입니다.	캐시 어사이드									caching	redis	architecture	scaling
Q780	캐시 스탬피드(Cache Stampede)		Backend - 아키텍처 패턴	20	INITIALS	MEDIUM	인기 키가 만료되자마자 동시에 미스가 발생해 DB로 요청이 몰리는 현상을 무엇이라고 하는가?	캐시 스탬피드(Cache Stampede)는 인기 키(Hot Key)가 만료(Cache Expiration)되거나 캐시가 비워졌을 때 동시 요청이 한꺼번에 DB로 몰리는 현상입니다. 면접에서는 스탬피드가 왜 위험한지(연쇄 장애, p99 급증)와 이를 어떻게 완화하는지(요청 합치기, 락, TTL 지터)를 묻는 경우가 많습니다. 실무에서는 단일 플라이트(SingleFlight) 같은 방식으로 로딩을 1회로 합치고, 나머지는 결과를 기다리게 합니다. 또는 “stale-while-revalidate”처럼 오래된 값이라도 잠깐 제공하고 백그라운드에서 갱신하는 전략을 사용하기도 합니다. 핵심은 DB를 보호하고, 사용자 경험이 급격히 무너지지 않게 하는 것입니다.	캐시 스탬피드									caching	redis	stampede	resilience
Q781	분산 락(Distributed Lock)		Backend - 아키텍처 패턴	20	INITIALS	MEDIUM	여러 서버에서 동시에 같은 작업을 못 하게 막기 위해 중앙에서 잠금을 잡는 방식을 무엇이라고 하는가?	분산 락(Distributed Lock)은 여러 인스턴스가 동시에 같은 임계 구역(Critical Section)을 수행하지 못하도록 중앙 저장소(예: Redis)를 이용해 잠금을 구현하는 방식입니다. 캐시 스탬피드(Cache Stampede) 완화, 리더 선출(Leader Election), 중복 배치 실행 방지에 자주 사용되어 면접에서도 빈출입니다. 실무에서는 락의 TTL을 반드시 설정해 “죽은 락”이 영구히 남지 않게 해야 하며, 락 획득/해제의 원자성도 중요합니다. 또한 락을 너무 넓게 잡으면 처리량이 떨어져 스케일링(Scaling) 효과를 망칠 수 있으니 범위를 최소화해야 합니다. 락은 안정성 도구이지만 과용하면 성능을 해칠 수 있다는 균형 감각이 포인트입니다.	분산 락									scaling	redis	lock	architecture
Q782	레드락(Redlock)		Backend - 아키텍처 패턴	20	INITIALS	MEDIUM	Redis를 사용한 분산 락 알고리즘 중 다중 노드에서 락 안정성을 높이려는 접근을 무엇이라고 하는가?	레드락(Redlock)은 Redis(Redis) 기반 분산 락(Distributed Lock)을 다중 노드 환경에서 더 안전하게 구현하려는 알고리즘/접근으로 알려져 있습니다. 면접에서는 “Redis 락이 항상 안전한가” 같은 질문에서 레드락 언급이 나오곤 합니다. 실무에서는 네트워크 분할(partition), 클럭 드리프트, 지연 같은 실패 시나리오가 있어 락의 완벽한 안전성을 장담하기 어렵다는 점을 이해해야 합니다. 따라서 금전/재고처럼 강한 정합성이 필요한 영역은 DB 트랜잭션 잠금이나 전용 코디네이션 시스템을 고려하기도 합니다. 중요한 건 “락의 목적과 위험”을 정확히 인지하고, 서비스 요구사항에 맞는 선택을 하는 것입니다.	레드락									redis	lock	resilience	scaling
Q783	핫 키(Hot Key)		Database - 인덱스 및 성능	26	INITIALS	MEDIUM	특정 키에 트래픽이 과도하게 집중되어 캐시 서버가 병목이 되는 문제를 무엇이라고 하는가?	핫 키(Hot Key)는 특정 키(Key)에 트래픽이 과도하게 집중되어 Redis(Redis)나 캐시 계층이 병목이 되는 문제입니다. 캐시는 보통 분산되어도 “키 하나”로 집중이 생기면 단일 병목이 되어 p99 지연이 튈 수 있습니다. 면접에서는 핫 키를 어떻게 완화하는지(키 샤딩, 로컬 캐시, 결과 캐시 시간 늘리기)를 묻는 경우가 많습니다. 실무에서는 인기 랭킹/메인 페이지 데이터처럼 핫해질 수 있는 데이터를 사전에 예상하고, 키를 분할하거나 읽기를 여러 레이어로 분산합니다. 또한 핫 키는 “캐시 히트율이 높아도 느린 상황”의 대표 원인이므로 지연과 QPS를 함께 봐야 합니다.	핫 키									redis	caching	performance	scaling
Q784	빅 키(Big Key)		Database - 인덱스 및 성능	26	INITIALS	MEDIUM	값이 너무 커서 네트워크/CPU/메모리에 부담을 주는 캐시 키를 무엇이라고 하는가?	빅 키(Big Key)는 Redis(Redis)에서 값(Value)이 지나치게 커서 네트워크 전송, 직렬화/역직렬화, 메모리 사용량에 큰 부담을 주는 키를 말합니다. 면접에서는 “캐시가 느려지는 이유”로 빅 키와 핫 키(Hot Key)를 자주 연결합니다. 실무에서는 값 크기를 제한하고 필요한 필드만 캐싱하거나, 구조를 여러 키로 분리해 빅 키를 피합니다. 빅 키는 eviction(Eviction) 압박을 키워 다른 유용한 캐시까지 밀어낼 수 있어 캐시 효율도 떨어뜨립니다. 즉, 빅 키는 단순 성능 문제를 넘어 “운영 리스크”로 관리해야 합니다.	빅 키									redis	caching	performance	operations
Q785	캐시 축출(Eviction)		DevOps / Cloud - 인프라 구성 요소	34	INITIALS	MEDIUM	메모리가 부족해 기존 캐시 키가 강제로 제거되는 현상을 무엇이라고 하는가?	캐시 축출(Eviction)은 Redis(Redis) 메모리가 한도(Max Memory)에 도달했을 때 설정된 정책에 따라 기존 키가 제거되는 현상입니다. 면접에서는 eviction이 발생하면 어떤 증상이 생기는지(미스율 증가, DB QPS 증가, 지연 상승)를 설명하는 문제가 자주 나옵니다. 실무에서는 eviction이 세션(Session) 같은 중요 데이터에 영향을 주지 않게 인스턴스 분리(Cache Isolation)나 정책 분리를 적용합니다. 또한 TTL 미설정 키가 많으면 eviction이 심해질 수 있어 만료 정책(Expiration Policy)을 강제하는 운영 룰이 필요합니다. eviction은 “캐시가 꽉 찼다”는 신호이므로, 증상 완화와 함께 근본 원인을 찾아야 합니다.	캐시 축출									redis	caching	scaling	operations
Q786	축출 정책(Eviction Policy)		DevOps / Cloud - 인프라 구성 요소	34	INITIALS	MEDIUM	어떤 기준으로 캐시 키를 제거할지 결정하는 Redis 정책을 무엇이라고 하는가?	축출 정책(Eviction Policy)은 메모리 부족 시 어떤 기준으로 키(Key)를 제거할지 정하는 Redis(Redis) 정책입니다. 대표적으로 LRU/LFU 같은 방식이 있으며, 정책 선택에 따라 히트율과 안정성이 달라질 수 있습니다. 면접에서는 LRU와 LFU의 차이를 간단히 설명하고, 어떤 워크로드에서 유리한지 말할 수 있어야 합니다. 실무에서는 정책이 “세션/락”과 같은 중요 키에 치명적일 수 있어, 중요 키는 별도 인스턴스로 분리하거나 eviction이 거의 일어나지 않도록 메모리 여유를 둡니다. 정책은 만능이 아니라 트래픽 패턴에 맞춘 선택이라는 점이 핵심입니다.	축출 정책									redis	caching	policy	scaling
Q787	캐시 무효화(Cache Invalidation)		Backend - 아키텍처 패턴	20	INITIALS	MEDIUM	데이터 변경 시 캐시를 지우거나 갱신해 정합성을 맞추는 작업을 무엇이라고 하는가?	캐시 무효화(Cache Invalidation)는 데이터 변경 시 캐시(Cache) 값을 삭제하거나 갱신해 DB(Database)와의 정합성을 맞추는 작업입니다. “캐시는 무효화가 제일 어렵다”는 말이 있을 정도로 면접에서도 빈출입니다. 실무에서는 트랜잭션 커밋 이후 무효화를 수행하고, 이벤트 유실을 대비해 TTL 만료를 보험으로 둡니다. 또한 삭제 범위를 키 네임스페이스로 관리하고, 멱등적으로 처리해 중복 이벤트에도 안전하게 만듭니다. 무효화 전략이 없으면 스테일 데이터(Stale Data)로 사용자 신뢰와 보안이 깨질 수 있습니다.	캐시 무효화									caching	redis	consistency	operations
Q788	이벤트 기반 무효화(Event-driven Invalidation)		Backend - 비동기 처리	19	INITIALS	MEDIUM	DB 변경 이벤트를 발행해 캐시 삭제/갱신을 트리거하는 방식을 무엇이라고 하는가?	이벤트 기반 무효화(Event-driven Invalidation)는 DB(Database) 변경 이벤트를 발행해 캐시(Cache) 삭제/갱신을 트리거하는 방식입니다. 폴링보다 빠르고, 여러 서비스가 같은 변경을 공유할 수 있어 마이크로서비스에서 자주 사용됩니다. 면접에서는 이벤트 유실/중복/순서 역전을 어떻게 처리할지(멱등, 재처리, 지연 삭제)를 질문할 수 있습니다. 실무에서는 이벤트가 늦게 도착해 스테일 데이터가 잠깐 노출될 수 있어, TTL과 함께 운영하며 중요 데이터는 DB 검증 경로를 둡니다. 이벤트 기반은 강력하지만 운영 복잡도가 증가하므로 관측성과 재처리 체계가 필수입니다.	이벤트 기반 무효화									caching	redis	async	scaling
Q789	캐시 일관성 모델(Cache Consistency Model)		Backend - 아키텍처 패턴	20	INITIALS	MEDIUM	캐시와 DB가 얼마나 빨리 동일해져야 하는지 정의한 정합성 수준을 무엇이라고 하는가?	캐시 일관성 모델(Cache Consistency Model)은 캐시(Cache)와 DB(Database)가 얼마나 빨리 동일해져야 하는지에 대한 정합성 수준을 정의합니다. 강한 정합성(strong consistency)부터 결과적 정합성(eventual consistency)까지 요구사항에 따라 달라집니다. 면접에서는 어떤 도메인은 결과적 정합성으로 충분하고, 어떤 도메인은 강한 정합성이 필요하다는 판단을 요구합니다. 실무에서는 캐시를 넣는 순간 정합성 요구를 문서화하고, 허용 가능한 stale 시간과 실패 시나리오를 합의해야 합니다. 모델을 명확히 하지 않으면 “빠른데 틀린 서비스”가 될 수 있습니다. 정합성 모델은 캐싱(Caching)의 설계 문서 그 자체입니다.	캐시 일관성 모델									caching	redis	consistency	architecture
Q790	스테일 윈도우(Stale Window)		Backend - 아키텍처 패턴	20	INITIALS	MEDIUM	캐시가 최신 값이 아닐 수 있는 허용 시간 범위를 무엇이라고 하는가?	스테일 윈도우(Stale Window)는 캐시(Cache)가 최신 값이 아닐 수 있는 허용 시간 범위를 의미합니다. TTL이 길거나 이벤트 무효화가 지연되면 스테일 윈도우가 커집니다. 면접에서는 “이 서비스에서 허용 가능한 스테일 시간은 얼마인가”를 도메인 관점으로 답할 수 있어야 합니다. 실무에서는 사용자 정보/권한 같은 민감 데이터는 스테일 윈도우를 매우 짧게 잡고, 랭킹/추천은 더 길게 허용하는 경우가 많습니다. 스테일 윈도우를 줄이려면 무효화 체계를 강화하거나, 일부 요청을 DB로 우회해야 할 수 있습니다. 결국 이는 성능과 신뢰의 균형 문제입니다.	스테일 윈도우									caching	redis	consistency	scaling
Q791	스테일 허용(Stale Tolerance)		Backend - 아키텍처 패턴	20	INITIALS	MEDIUM	오래된 캐시 응답을 어느 정도 허용할지 정하는 성질을 무엇이라고 하는가?	스테일 허용(Stale Tolerance)은 오래된 캐시(Cache) 응답을 어느 정도까지 허용할지 정하는 성질입니다. 허용도가 높으면 성능은 좋아지지만, 사용자에게 오래된 정보가 보일 가능성이 커집니다. 면접에서는 스테일 허용을 결정하는 기준(도메인 중요도, 사용자 영향, 보안)을 설명하는 질문이 나올 수 있습니다. 실무에서는 SLA/SLO 관점에서 지연과 정합성을 함께 목표로 잡고, 허용 범위를 문서화합니다. 또한 스테일을 허용하더라도 “결제/권한” 같은 영역은 예외적으로 DB 검증을 둡니다. 스테일 허용은 단순 기술이 아니라 제품 정책입니다.	스테일 허용									caching	redis	consistency	operations
Q792	스테일 서브(Stale Serve)		Backend - 아키텍처 패턴	20	INITIALS	MEDIUM	캐시 갱신 중에는 일단 오래된 값을 반환해 지연을 줄이는 전략을 무엇이라고 하는가?	스테일 서브(Stale Serve)는 캐시(Cache) 갱신이 진행 중일 때, 일단 오래된 값(Stale Data)을 반환해 지연을 줄이는 전략입니다. 흔히 “stale-while-revalidate” 개념과 함께 언급됩니다. 면접에서는 이 전략이 사용자 경험(p99)을 안정화하는 데 도움이 된다는 점과, 정합성 요구가 높은 데이터에는 적용이 어렵다는 점을 말하면 좋습니다. 실무에서는 갱신 실패 시 오래된 값이 너무 오래 제공되지 않도록 최대 스테일 한도를 둡니다. 또한 갱신은 백그라운드로 분리하고, 동시 갱신을 막기 위해 락이나 요청 합치기를 적용합니다. 스테일 서브는 성능과 정합성의 절충안입니다.	스테일 서브									caching	redis	performance	scaling
Q793	캐시 프리워크(Cache Prework)		Backend - 아키텍처 패턴	20	INITIALS	MEDIUM	배포/이벤트 전에 캐시를 미리 준비해 초기 미스를 줄이는 활동을 무엇이라고 하는가?	캐시 프리워크(Cache Prework)는 배포나 이벤트 트래픽 전에 캐시(Cache) 키를 미리 준비해 초기 미스(Cache Miss)를 줄이는 활동입니다. 워밍(Cache Warming)이나 프리필(Cache Prefill)과 같은 계열로 이해하면 됩니다. 면접에서는 “배포 직후 왜 DB가 느려질 수 있나” 질문에서 프리워크 필요성을 설명하면 좋습니다. 실무에서는 프리워크가 오히려 DB에 부하를 줄 수 있으므로 속도 제한과 대상 선정이 중요합니다. 또한 트래픽 패턴이 바뀌면 프리워크가 의미 없을 수 있어, 관측 데이터를 기반으로 대상을 갱신해야 합니다. 프리워크는 스케일링(Scaling) 상황에서 “초기 안정화”에 도움 되는 운영 기술입니다.	캐시 프리워크									caching	redis	deployment	operations
Q794	캐시 체인(Cache Chain)		Backend - 아키텍처 패턴	20	INITIALS	MEDIUM	로컬 캐시와 Redis 같은 분산 캐시를 단계적으로 두는 구조를 무엇이라고 하는가?	캐시 체인(Cache Chain)은 로컬 캐시(Local Cache)와 Redis(Redis) 같은 분산 캐시(Distributed Cache)를 단계적으로 두는 구조입니다. L1(로컬) → L2(Redis) → DB 형태로 구성해 네트워크 비용과 지연을 줄일 수 있습니다. 면접에서는 왜 다단 캐시가 유리한지와, 정합성/무효화가 더 어려워지는 단점을 함께 말하면 좋습니다. 실무에서는 로컬 캐시가 스테일이 되기 쉬워 TTL을 짧게 두고, 중요한 데이터는 로컬 캐시를 제한합니다. 또한 서버 스케일 아웃 시 로컬 캐시는 인스턴스마다 달라져 데이터 편차가 생길 수 있다는 점도 고려해야 합니다. 캐시 체인은 성능 최적화의 강력한 도구이지만 운영 복잡도가 증가합니다.	캐시 체인									caching	redis	scaling	architecture
Q795	로컬 캐시(Local Cache)		Backend - 웹 서버 기초	17	INITIALS	MEDIUM	애플리케이션 프로세스 내부 메모리에 두는 1차 캐시를 무엇이라고 하는가?	로컬 캐시(Local Cache)는 애플리케이션 프로세스 내부 메모리에 두는 1차 캐시(L1 Cache)입니다. 네트워크 호출 없이 매우 빠르게 접근할 수 있어 p99 지연을 줄이는 데 효과적입니다. 면접에서는 로컬 캐시가 스케일 아웃 시 정합성 문제가 더 커질 수 있다는 점(인스턴스마다 값이 다름)을 설명해야 합니다. 실무에서는 TTL을 짧게 두거나, 이벤트 기반 무효화로 로컬 캐시도 함께 갱신하는 방식을 고려합니다. 또한 로컬 캐시 메모리 사용이 증가하면 GC 부담이 커질 수 있어 크기 제한이 필요합니다. 로컬 캐시는 “빠르지만 분산 환경에서는 더 조심해야 하는 캐시”입니다.	로컬 캐시									caching	scaling	redis	performance
Q796	분산 캐시(Distributed Cache)		Backend - 아키텍처 패턴	20	INITIALS	MEDIUM	여러 서버가 공유할 수 있도록 외부에 둔 캐시를 무엇이라고 하는가?	분산 캐시(Distributed Cache)는 여러 애플리케이션 인스턴스가 공유할 수 있도록 외부에 둔 캐시(Cache)입니다. Redis(Redis)는 대표적인 분산 캐시로, 스케일 아웃 환경에서 세션 공유나 DB 부하 절감에 널리 사용됩니다. 면접에서는 분산 캐시가 왜 필요한지(스티키 세션 회피, DB 보호)와, 네트워크 지연/장애 전파 같은 단점도 함께 묻습니다. 실무에서는 타임아웃(Timeout), 폴백(Fallback), 관측성(Observability) 설계가 없으면 분산 캐시가 오히려 위험해질 수 있습니다. 또한 샤딩/클러스터로 확장할 때 운영 복잡도가 늘어나므로 런북과 모니터링이 필수입니다. 분산 캐시는 성능과 운영 체계가 함께 가야 성공합니다.	분산 캐시									caching	redis	scaling	architecture
Q797	캐시 워밍(Cache Warming)		Backend - 아키텍처 패턴	20	INITIALS	MEDIUM	서비스 시작/배포 직후에 자주 쓰일 데이터를 미리 캐시에 채워 초기 미스를 줄이는 작업을 무엇이라고 하는가?	캐시 워밍(Cache Warming)은 서비스 시작이나 배포 직후에 자주 조회될 데이터를 미리 캐시(Cache)에 채워 초기 미스(Cache Miss)를 줄이는 작업입니다. 면접에서는 “배포 직후 DB가 갑자기 느려지는 이유”를 묻고, 워밍 부재로 캐시가 비어 DB로 트래픽이 몰리는 상황을 설명하길 기대합니다. 실무에서는 워밍 자체가 DB에 부하를 줄 수 있어 대상(핫 키 후보)과 속도 제한(Throttle)을 반드시 둡니다. 또한 트래픽 패턴이 바뀌면 워밍이 무의미해질 수 있어, 실제 로그/메트릭 기반으로 워밍 목록을 갱신해야 합니다. 캐시 워밍은 성능 기법이면서도 운영 기술이라, 자동화와 관측성이 함께 필요합니다.	캐시 워밍									caching	redis	deployment	scaling
Q798	캐시 프리필(Cache Prefill)		Backend - 아키텍처 패턴	20	INITIALS	MEDIUM	특정 이벤트/캠페인 전에 예상 트래픽 데이터를 사전에 캐시에 적재하는 기법을 무엇이라고 하는가?	캐시 프리필(Cache Prefill)은 이벤트나 캠페인처럼 트래픽이 예상되는 상황에서 필요한 데이터를 사전에 캐시(Cache)에 적재하는 기법입니다. 캐시 워밍(Cache Warming)과 유사하지만, “특정 시점/대상”에 더 초점을 맞춘 운영 패턴으로 이해하면 좋습니다. 면접에서는 갑작스런 트래픽 폭증을 대비하는 방법으로 프리필을 말할 수 있으면 좋습니다. 실무에서는 프리필이 실패하거나 일부만 성공해도 서비스가 안전하게 동작하도록 폴백(Fallback)과 레이트 리밋(Rate Limit)을 준비합니다. 또한 프리필 데이터의 TTL을 적절히 잡지 않으면 이벤트가 끝난 뒤에도 메모리를 점유해 eviction(Eviction)을 유발할 수 있습니다. 프리필은 “준비된 캐시”로 안정적인 스케일링을 돕습니다.	캐시 프리필									caching	redis	operations	scaling
Q799	캐시 펜트레이션(Cache Penetration)		Backend - 아키텍처 패턴	20	INITIALS	MEDIUM	존재하지 않는 키에 대한 요청이 반복되어 DB까지 계속 조회되는 문제를 무엇이라고 하는가?	캐시 펜트레이션(Cache Penetration)은 존재하지 않는 데이터에 대한 요청이 반복되어 캐시(Cache)를 뚫고 DB(Database)까지 계속 조회되는 문제입니다. 예를 들어 존재하지 않는 사용자 ID를 계속 조회하면 캐시에 저장할 값이 없어 매번 DB를 치게 됩니다. 면접에서는 펜트레이션을 어떻게 막는지(널 캐싱, 블룸 필터, 입력 검증)를 자주 묻습니다. 실무에서는 “없음” 결과도 짧은 TTL로 캐싱(negative caching)해서 DB 부하를 줄입니다. 다만 없던 데이터가 생성되는 시나리오가 있으면 TTL을 너무 길게 잡으면 최신성 문제가 생깁니다. 펜트레이션은 캐싱의 빈틈을 노리는 대표적인 부하 패턴입니다.	캐시 펜트레이션									caching	redis	performance	scaling
Q800	네거티브 캐싱(Negative Caching)		Backend - 아키텍처 패턴	20	INITIALS	MEDIUM	“존재하지 않음” 결과 자체를 짧게 캐싱해 DB 부하를 줄이는 기법을 무엇이라고 하는가?	네거티브 캐싱(Negative Caching)은 “존재하지 않음” 결과(예: null, not found)를 짧은 TTL로 캐싱해 반복 조회로 인한 DB 부하를 줄이는 기법입니다. 캐시 펜트레이션(Cache Penetration)을 막는 대표적인 방법이라 면접에서도 자주 연결됩니다. 실무에서는 TTL을 짧게 잡아, 새로운 데이터가 생성되었을 때 오래된 “없음” 결과가 남지 않게 해야 합니다. 또한 “권한이 없어서 못 봄”을 “없음”으로 캐싱하면 보안 문제가 될 수 있으니, 결과 종류를 구분해서 캐싱해야 합니다. 네거티브 캐싱은 간단하지만, 도메인 정책과 결합되면 위험해질 수 있어 주의가 필요합니다. 올바르게 쓰면 큰 부하 절감 효과가 있습니다.	네거티브 캐싱									caching	redis	penetration	operations
Q801	캐시 브레이크(Cache Break)		Backend - 아키텍처 패턴	20	INITIALS	MEDIUM	캐시 장애 시 캐시 경로를 끊고 우회하거나 기능을 제한해 연쇄 장애를 막는 전략을 무엇이라고 하는가?	캐시 브레이크(Cache Break)는 캐시(Cache)가 장애이거나 지연이 심할 때 캐시 경로를 일시적으로 끊고, DB 우회나 기능 제한으로 연쇄 장애를 막는 전략입니다. 캐시는 의존성이므로, 캐시가 느려졌을 때 무작정 기다리면 스레드/풀 고갈로 전체 시스템이 무너질 수 있습니다. 면접에서는 서킷 브레이커(Circuit Breaker)와 함께 “빠른 실패” 전략을 설명하는 흐름에서 나오곤 합니다. 실무에서는 캐시 브레이크를 켜면 DB 부하가 늘 수 있으므로, 레이트 리밋과 부분 기능 저하(Degrade) 전략을 함께 설계합니다. 또한 브레이크 온/오프 기준은 캐시 지연(p99)과 오류율로 자동화하는 것이 이상적입니다. 캐시 브레이크는 운영에서 “살아남기”를 위한 스위치입니다.	캐시 브레이크									scaling	redis	resilience	caching
Q802	폴백 폭주(Fallback Storm)		Backend - 아키텍처 패턴	20	INITIALS	MEDIUM	캐시 장애로 폴백이 동시에 발생해 DB에 트래픽이 몰리는 현상을 무엇이라고 하는가?	폴백 폭주(Fallback Storm)는 캐시(Cache) 장애나 미스 증가로 폴백(Fallback)이 동시에 발생하면서 DB(Database)에 트래픽이 몰리는 현상입니다. 캐시 스탬피드(Cache Stampede)와 유사하지만, “캐시 경로가 실패”하면서 우회 경로가 터진다는 점이 핵심입니다. 면접에서는 캐시 장애가 곧 DB 장애로 번지는 이유를 설명하라고 할 때 자주 쓰입니다. 실무에서는 레이트 리밋(Rate Limit), 요청 합치기(Request Coalescing), 부분 기능 저하(Degrade), 캐시 브레이크(Cache Break)로 폭주를 제어합니다. 또한 캐시 타임아웃을 짧게 두되, 우회가 무제한으로 발생하지 않게 총량 제어가 반드시 필요합니다. 폴백 폭주는 “캐시를 넣었는데도 장애가 더 커지는” 대표 시나리오입니다.	폴백 폭주									scaling	redis	resilience	operations
Q803	캐시 인발리데이션 레이스(Invalidation Race)		Backend - 아키텍처 패턴	20	INITIALS	MEDIUM	DB 갱신과 캐시 삭제/갱신 순서가 꼬여 오래된 값이 다시 살아나는 현상을 무엇이라고 하는가?	캐시 인발리데이션 레이스(Invalidation Race)는 DB(Database) 갱신과 캐시(Cache) 삭제/갱신의 순서가 꼬여 오래된 값이 다시 캐시에 들어오거나 남는 현상입니다. 면접에서 “캐시 무효화가 어렵다”는 주제를 깊게 파고들 때 대표적인 사례로 나옵니다. 실무에서는 트랜잭션 커밋 이후 무효화를 수행하고, 더블 삭제(Double Deletion)로 레이스를 완화하기도 합니다. 또한 이벤트 기반 무효화(Event-driven Invalidation)에서는 이벤트 순서 역전과 중복을 고려해 멱등성(idempotency)과 재처리를 설계해야 합니다. 결국 완벽한 방지는 어렵고, TTL과 재검증으로 리스크를 관리하는 접근이 현실적입니다. 레이스를 이해하면 캐시 설계의 “복잡성”을 제대로 설명할 수 있습니다.	캐시 인발리데이션 레이스									caching	redis	consistency	scaling
Q804	키 버저닝(Key Versioning)		Backend - 아키텍처 패턴	20	INITIALS	MEDIUM	배포/포맷 변경 시 캐시 키에 버전을 붙여 구버전 데이터를 분리하는 기법을 무엇이라고 하는가?	키 버저닝(Key Versioning)은 배포나 값 포맷 변경 시 캐시 키(Key)에 버전(prefix/suffix)을 붙여 구버전 데이터와 충돌을 막는 기법입니다. 직렬화(Serialization) 구조가 바뀌었는데 예전 값이 남아 있으면 역직렬화(Deserialization) 실패나 잘못된 응답이 나올 수 있습니다. 면접에서는 “배포 후 캐시 때문에 장애가 났다” 같은 시나리오에서 키 버저닝이 해결책으로 자주 언급됩니다. 실무에서는 v1:term:123 → v2:term:123처럼 명시적으로 버전을 올리고, 구버전 키는 TTL로 자연 소멸시키거나 배치로 정리합니다. 또한 버전이 너무 자주 올라가면 메모리 사용량이 늘 수 있어 변경 시점과 정리 전략을 함께 가져가야 합니다. 키 버저닝은 캐시 운영에서 가장 실용적인 안정장치 중 하나입니다.	키 버저닝									caching	redis	deployment	operations
Q805	캐시 키 스키마(Key Schema)		Backend - 아키텍처 패턴	20	INITIALS	MEDIUM	키를 어떤 구조(prefix, id, 파라미터)로 만들지 정의한 설계를 무엇이라고 하는가?	캐시 키 스키마(Key Schema)는 캐시 키(Key)를 어떤 구조로 구성할지(prefix, 식별자, 파라미터, 버전 등) 정의한 설계입니다. 스키마가 명확하면 캐시 충돌(Key Collision)과 무효화 어려움을 줄일 수 있습니다. 면접에서는 키 스키마에 무엇을 넣어야 하는지(권한/정렬/페이지/언어)와, 무엇을 넣으면 위험한지(민감정보)를 묻기도 합니다. 실무에서는 키 생성 함수를 공통화하고, 네임스페이스와 버저닝을 포함해 운영성을 높입니다. 또한 키 길이가 너무 길어지면 비용이 늘 수 있으므로 적절히 해시를 섞는 등 절충이 필요합니다. 키 스키마는 캐싱(Caching)의 품질을 좌우하는 핵심 설계 요소입니다.	캐시 키 스키마									caching	redis	key_design	scaling
Q806	캐시 태깅(Cache Tagging)		Backend - 아키텍처 패턴	20	INITIALS	MEDIUM	여러 키를 태그로 묶어 관련 키를 한 번에 무효화하는 기법을 무엇이라고 하는가?	캐시 태깅(Cache Tagging)은 여러 캐시 키(Key)를 태그(Tag)로 묶어, 변경 시 관련 키를 한 번에 무효화(Cache Invalidation)할 수 있게 하는 기법입니다. 단일 키 삭제보다 운영이 편하지만, 구현 복잡도가 올라갈 수 있습니다. 면접에서는 “관련 캐시가 여러 개일 때 어떻게 지우나” 질문에서 태깅/그룹 무효화를 설명하면 좋습니다. 실무에서는 태그→키 목록을 별도로 관리하거나, 도메인 이벤트로 태그 단위 무효화를 수행합니다. 다만 태그 목록이 커지면 그것 자체가 빅 키(Big Key)나 관리 부하가 될 수 있어 주의해야 합니다. 캐시 태깅은 규모가 커질수록 필요한 운영 패턴입니다.	캐시 태깅									caching	redis	invalidation	operations
Q807	캐시 종속성(Cache Dependency)		Backend - 아키텍처 패턴	20	INITIALS	MEDIUM	캐시가 느려지거나 장애가 나면 서비스 성능/가용성이 크게 영향을 받는 관계를 무엇이라고 하는가?	캐시 종속성(Cache Dependency)은 캐시(Cache)가 느려지거나 장애가 났을 때 서비스 전체 성능과 가용성(Availability)이 크게 영향을 받는 의존 관계를 의미합니다. 캐시는 성능 최적화로 들어오지만, 규모가 커질수록 필수 인프라처럼 변해 종속성이 커집니다. 면접에서는 “캐시는 선택인데 왜 장애가 치명적이냐” 같은 질문에서 종속성 관점으로 설명하면 설득력이 좋습니다. 실무에서는 타임아웃(Timeout), 폴백(Fallback), 캐시 브레이크(Cache Break), 관측성(Observability)으로 종속성의 위험을 관리합니다. 또한 중요 데이터(세션/락)는 인스턴스 분리(Cache Isolation)로 장애 도메인을 나눕니다. 캐시 종속성을 이해하면 캐시를 ‘넣는 것’보다 ‘운영하는 것’이 더 어렵다는 점을 설명할 수 있습니다.	캐시 종속성									scaling	redis	resilience	architecture
Q808	캐시 슬램(Cache Slam)		Backend - 아키텍처 패턴	20	INITIALS	MEDIUM	특정 이벤트로 캐시 저장/갱신 요청이 과도하게 몰려 캐시 서버가 급격히 느려지는 현상을 무엇이라고 하는가?	캐시 슬램(Cache Slam)은 특정 이벤트나 배치 작업으로 캐시(Cache) 저장/갱신 요청이 과도하게 몰려 Redis(Redis) 서버가 급격히 느려지는 현상입니다. 스탬피드가 “읽기 미스 폭주”라면, 슬램은 “쓰기/갱신 폭주”로 이해하면 쉽습니다. 면접에서는 대규모 갱신(프리필/워밍)이 왜 위험한지 설명할 때 연결할 수 있습니다. 실무에서는 갱신 트래픽에 스로틀링(Throttling)과 배치 크기 제한을 두고, 우선순위를 나눠 중요한 키부터 갱신합니다. 또한 파이프라이닝(Pipelining)을 과도하게 쓰면 순간 부하가 커질 수 있어 조심해야 합니다. 캐시 슬램은 캐시가 “성능 도구”이면서 “부하 대상”이라는 점을 보여줍니다.	캐시 슬램									caching	redis	performance	scaling
Q809	캐시 쓰기 증폭(Cache Write Amplification)		Backend - 아키텍처 패턴	20	INITIALS	MEDIUM	한 번의 데이터 변경이 여러 캐시 키 갱신으로 이어져 쓰기가 과도해지는 현상을 무엇이라고 하는가?	캐시 쓰기 증폭(Cache Write Amplification)은 한 번의 데이터 변경이 여러 캐시 키(Key) 갱신/삭제로 이어져 캐시 쓰기 비용이 과도하게 커지는 현상입니다. 읽기 최적화를 위해 캐시를 여러 형태로 만들어두면, 쓰기 시 무효화 범위가 넓어져 증폭이 생길 수 있습니다. 면접에서는 캐시가 읽기 성능을 올리는 대신 쓰기 복잡도를 키운다는 트레이드오프를 설명할 때 자주 등장합니다. 실무에서는 캐시 구조를 단순화하거나, 태깅(Cache Tagging)으로 관리성을 높이고, 꼭 필요한 뷰만 캐싱하도록 제한합니다. 또한 이벤트 기반 무효화(Event-driven Invalidation)에서 중복/재처리가 발생하면 쓰기 증폭이 더 커질 수 있어 멱등성을 확보해야 합니다. 쓰기 증폭은 “캐시가 많을수록 운영이 어려워지는 이유”를 잘 보여주는 개념입니다.	캐시 쓰기 증폭									caching	redis	operations	scaling
Q810	캐시 루프(Cache Loop)		Backend - 아키텍처 패턴	20	INITIALS	MEDIUM	캐시 갱신 로직이 잘못되어 읽기-쓰기-무효화가 반복되며 부하가 계속 도는 상태를 무엇이라고 하는가?	캐시 루프(Cache Loop)는 캐시(Cache) 갱신/무효화 로직이 잘못되어 읽기-쓰기-삭제가 반복되며 부하가 계속 순환하는 상태입니다. 예를 들어 갱신 이벤트가 다시 갱신 이벤트를 트리거하거나, 조회 로직이 매번 값을 재작성하는 경우가 있을 수 있습니다. 면접에서는 캐시 설계에서 “부작용”을 어떻게 막는지(멱등성, 조건부 갱신, 이벤트 설계)를 묻는 흐름에서 나올 수 있습니다. 실무에서는 갱신 로직에 조건을 두고, 이벤트를 멱등 키로 중복 처리하며, 관측성으로 이상 패턴을 조기에 감지합니다. 캐시 루프는 트래픽이 커질수록 비용이 기하급수로 늘 수 있어 빠른 차단이 중요합니다. 결국 캐시도 하나의 상태 머신이므로, 상태 전이를 안정적으로 설계해야 합니다.	캐시 루프									redis	caching	resilience	operations
Q811	캐시 셰이핑(Cache Shaping)		Backend - 아키텍처 패턴	20	INITIALS	MEDIUM	트래픽 패턴에 맞춰 캐시 TTL, 키 구조, 레이어를 조정해 부하를 형태적으로 다듬는 활동을 무엇이라고 하는가?	캐시 셰이핑(Cache Shaping)은 트래픽 패턴(워크로드)에 맞춰 캐시 TTL, 키 구조, 캐시 레이어(L1/L2), 무효화 정책을 조정해 부하를 “형태적으로” 다듬는 활동입니다. 단순히 캐시를 붙이는 것과 달리, 스케일링(Scaling) 단계에서는 캐시를 지속적으로 조정해야 안정적인 성능이 나옵니다. 면접에서는 “캐시 튜닝을 어떻게 하냐” 질문에서 히트율뿐 아니라 p99 지연, eviction, 핫 키 분포를 기준으로 조정한다고 말하면 좋습니다. 실무에서는 TTL 지터로 만료 쏠림을 줄이고, 핫 키는 키 샤딩이나 로컬 캐시로 분산하며, 빅 키는 분해/압축으로 줄입니다. 또한 기능별로 인스턴스를 분리해 장애 도메인을 나누기도 합니다. 캐시 셰이핑은 데이터와 트래픽을 기반으로 하는 “운영형 성능 엔지니어링”입니다.	캐시 셰이핑									caching	redis	scaling	performance
Q812	키 샤딩(Key Sharding)		Backend - 아키텍처 패턴	20	INITIALS	MEDIUM	핫 키를 여러 키로 쪼개 트래픽을 분산시키는 기법을 무엇이라고 하는가?	키 샤딩(Key Sharding)은 핫 키(Hot Key)를 여러 개의 키로 쪼개 트래픽을 분산시키는 기법입니다. 예를 들어 key:123 대신 key:123:0~N으로 나눠 읽기를 분산시키고, 합산/병합 로직으로 결과를 구성합니다. 면접에서는 핫 키 문제를 해결하는 대표 답으로 자주 나옵니다. 실무에서는 샤딩 수를 너무 크게 잡으면 관리가 어려워지고, 합치기 비용이 늘어 p99가 나빠질 수 있습니다. 또한 무효화(Cache Invalidation)도 샤딩된 모든 키에 적용해야 하므로 쓰기 증폭(Cache Write Amplification)이 증가할 수 있습니다. 따라서 샤딩은 “핫 키가 정말 병목일 때” 선택하는 도구이며, 관측 지표로 근거를 확보해야 합니다. 키 샤딩은 스케일링(Scaling)에서 매우 실용적인 패턴입니다.	키 샤딩									redis	caching	hot_key	scaling
Q813	세션 스토어(Session Store)		Backend - 웹 서버 기초	17	INITIALS	MEDIUM	여러 서버에서 로그인 세션을 공유하기 위해 Redis 같은 외부 저장소에 세션을 저장하는 방식을 무엇이라고 하는가?	세션 스토어(Session Store)는 여러 서버 인스턴스가 로그인 세션(Session)을 공유할 수 있도록 Redis(Redis) 같은 외부 저장소에 세션을 저장하는 방식입니다. 스케일 아웃 환경에서 스티키 세션(Sticky Session)을 피하고, 로드밸런싱 유연성을 확보하는 목적이 큽니다. 면접에서는 세션을 Redis에 둘 때 TTL, 보안(세션 하이재킹 방지), 장애 시 영향 범위를 묻기도 합니다. 실무에서는 세션은 중요 데이터이므로 캐시와 분리(Cache Isolation)해 eviction 영향을 줄이고, HA 구성과 장애 조치를 반드시 고려합니다. 또한 세션 데이터 크기를 최소화해 빅 키(Big Key) 위험을 줄이고, 암호화/서명 같은 보호도 적용합니다. 세션 스토어는 캐싱(Caching)보다 “상태 공유”를 위한 Redis 대표 활용 사례입니다.	세션 스토어									scaling	redis	session	caching
Q814	파이프라이닝(Pipelining)		Backend - 웹 서버 기초	17	INITIALS	MEDIUM	여러 Redis 명령을 한 번에 연속으로 보내 왕복 지연을 줄이는 기법을 무엇이라고 하는가?	파이프라이닝(Pipelining)은 Redis(Redis)에 여러 명령(Command)을 연속으로 보내고 응답을 한 번에 받는 방식으로, 네트워크 왕복(RTT) 비용을 줄여 성능을 올리는 기법입니다. 면접에서는 “캐시 호출이 많아져 느려질 때” 최적화로 파이프라이닝과 배치(MGET)를 비교해 설명할 수 있어야 합니다. 실무에서는 파이프라이닝 배치를 너무 크게 잡으면 응답 지연이 커지고, 한 번에 처리하는 데이터가 커져 빅 키(Big Key)처럼 부담이 될 수 있습니다. 또한 실패 시 재시도(Retry) 정책을 잘못 두면 같은 배치를 반복해 캐시 서버에 더 큰 부하를 줄 수 있습니다. 관측 지표(p95/p99)로 효과를 확인하면서 배치 크기를 조절하는 것이 핵심입니다. 파이프라이닝은 스케일링(Scaling) 환경에서 비용 대비 효과가 큰 최적화 수단입니다.	파이프라이닝									redis	performance	caching	scaling
Q815	배치 조회(Bulk Get)		Backend - 아키텍처 패턴	20	INITIALS	MEDIUM	여러 키를 한 번의 호출로 조회해 네트워크 비용을 줄이는 방식을 무엇이라고 하는가?	배치 조회(Bulk Get)는 여러 키(Key)를 한 번의 호출로 조회해 네트워크 비용과 오버헤드를 줄이는 방식입니다. 캐시 단건 조회가 반복되면 캐시 호출도 N+1처럼 왕복이 누적될 수 있어, 면접에서 최적화 포인트로 자주 언급됩니다. 실무에서는 MGET 같은 기능이나 파이프라이닝(Pipelining)을 활용해 요청 수를 줄입니다. 다만 배치가 너무 크면 응답 크기가 커져 지연이 오히려 증가할 수 있으므로 크기 제한이 필요합니다. 또한 일부 키만 미스일 때 처리 흐름(부분 로딩, 요청 합치기)을 설계해야 합니다. 배치 조회는 캐시 성능 최적화에서 “가장 먼저 시도하는” 실전 기법입니다.	배치 조회									caching	redis	performance	scaling
Q816	캐시 파티셔닝(Cache Partitioning)		Backend - 아키텍처 패턴	20	INITIALS	MEDIUM	서로 다른 데이터/도메인을 분리된 캐시 영역이나 인스턴스에 나눠 담는 전략을 무엇이라고 하는가?	캐시 파티셔닝(Cache Partitioning)은 도메인/기능/중요도에 따라 캐시(Cache) 데이터를 분리된 영역이나 인스턴스에 나눠 담는 전략입니다. 세션(Session), 락(Lock), 일반 조회 캐시를 섞으면 eviction(Eviction)이나 부하가 중요한 데이터까지 영향을 줄 수 있어, 면접에서 안정성 설계 포인트로 자주 나옵니다. 실무에서는 파티셔닝으로 장애 도메인을 분리하고, 기능별 TTL/정책을 다르게 적용합니다. 또한 특정 도메인에서 핫 키(Hot Key)가 생겨도 전체 캐시가 흔들리지 않게 방어가 됩니다. 다만 인프라 비용과 운영 복잡도가 증가하므로, 분리 기준을 명확히 해야 합니다. 캐시 파티셔닝은 스케일링(Scaling) 환경에서 “안정적인 확장”을 돕는 설계입니다.	캐시 파티셔닝									scaling	redis	caching	operations
Q817	키 네임스페이스(Key Namespace)		Backend - 아키텍처 패턴	20	INITIALS	MEDIUM	Redis 키에 도메인/서비스 prefix를 붙여 충돌과 관리 난이도를 줄이는 개념을 무엇이라고 하는가?	키 네임스페이스(Key Namespace)는 Redis(Redis) 키(Key)에 서비스/도메인 prefix를 붙여 키 충돌(Key Collision)을 막고 관리성을 높이는 개념입니다. 면접에서는 “키를 어떻게 설계하나” 질문에서 네임스페이스와 키 규칙(Key Convention)을 함께 설명하는 흐름이 자주 나옵니다. 실무에서는 네임스페이스로 대량 무효화(예: v2 prefix 변경)와 디버깅이 쉬워집니다. 또한 같은 Redis를 여러 서비스가 공유할 때 네임스페이스가 없으면 운영 사고 확률이 급격히 늘어납니다. 다만 네임스페이스에 민감정보를 넣지 않고, 지나치게 긴 키가 되지 않도록 균형을 잡아야 합니다. 네임스페이스는 캐싱(Caching) 운영의 기본 안전장치입니다.	키 네임스페이스									caching	redis	key_design	scaling
Q818	해시 태그(Hash Tag)		Backend - 아키텍처 패턴	20	INITIALS	MEDIUM	Redis 클러스터에서 특정 키들이 같은 슬롯에 가도록 묶는 표기 규칙을 무엇이라고 하는가?	해시 태그(Hash Tag)는 Redis Cluster(Redis Cluster) 환경에서 키(Key)의 특정 부분을 기준으로 같은 해시 슬롯(hash slot)에 배치되도록 묶는 표기 규칙입니다. 예를 들어 {user:123}:profile, {user:123}:orders 같은 형태로 같은 슬롯에 배치해 멀티키 연산을 가능하게 하려는 목적이 있습니다. 면접에서는 “클러스터에서 왜 멀티키가 제한되나” 같은 질문이 나오면 해시 태그로 해결하는 방향을 설명할 수 있습니다. 실무에서는 해시 태그를 잘못 쓰면 특정 슬롯에 키가 몰려 핫 슬롯(Hot Slot) 병목이 생길 수 있어 주의가 필요합니다. 또한 키 설계를 변경하면 운영 중 데이터 분포가 바뀌므로, 사전 검증과 점진적 배포가 중요합니다. 해시 태그는 스케일링(Scaling) 환경에서 키 배치를 제어하는 중요한 도구입니다.	해시 태그									redis	scaling	cluster	caching
Q819	해시 슬롯(Hash Slot)		Backend - 아키텍처 패턴	20	INITIALS	MEDIUM	Redis 클러스터에서 키가 어느 노드에 저장될지 결정하는 분배 단위를 무엇이라고 하는가?	해시 슬롯(Hash Slot)은 Redis Cluster(Redis Cluster)에서 키(Key)가 어느 노드에 저장될지 결정하는 분배 단위입니다. 클러스터는 키를 슬롯 단위로 분배해 수평 확장(Scale-out)을 지원합니다. 면접에서는 샤딩(Sharding)과 클러스터가 어떻게 다른지, 슬롯 기반 분배가 어떤 장단점이 있는지 질문이 나올 수 있습니다. 실무에서는 특정 슬롯에 트래픽이 몰리면 핫 슬롯(Hot Slot)으로 병목이 생길 수 있어, 키 설계와 분포를 꾸준히 모니터링해야 합니다. 또한 리샤딩(Resharding) 시에는 성능 변동과 운영 리스크가 있으므로 계획적으로 진행합니다. 해시 슬롯은 Redis 스케일링(Scaling) 구조의 핵심 개념입니다.	해시 슬롯									redis	scaling	cluster	performance
Q820	핫 슬롯(Hot Slot)		Backend - 아키텍처 패턴	20	INITIALS	MEDIUM	Redis 클러스터에서 특정 슬롯에 트래픽이 집중되어 병목이 발생하는 문제를 무엇이라고 하는가?	핫 슬롯(Hot Slot)은 Redis Cluster(Redis Cluster)에서 특정 해시 슬롯(Hash Slot)에 키와 트래픽이 집중되어 해당 노드가 병목이 되는 문제입니다. 핫 키(Hot Key)와 비슷하지만, 클러스터 분배 단위(슬롯) 관점에서 보는 용어입니다. 면접에서는 “클러스터를 썼는데도 특정 노드만 뜨겁다”는 상황에서 핫 슬롯을 설명할 수 있어야 합니다. 실무에서는 키 설계를 바꾸거나, 해시 태그(Hash Tag)를 조정하거나, 인기 데이터는 로컬 캐시(L1)로 흡수하는 전략을 사용합니다. 또한 모니터링으로 슬롯별 QPS/지연을 관측해 조기 탐지해야 합니다. 핫 슬롯은 스케일링(Scaling) 설계가 “키 설계”에 크게 좌우된다는 걸 보여줍니다.	핫 슬롯									redis	scaling	performance	caching
Q821	리샤딩(Resharding)		Backend - 아키텍처 패턴	20	INITIALS	MEDIUM	Redis 클러스터에서 슬롯을 재분배해 노드 간 부하를 조정하는 작업을 무엇이라고 하는가?	리샤딩(Resharding)은 Redis Cluster(Redis Cluster)에서 해시 슬롯(Hash Slot)을 다른 노드로 재분배해 부하를 조정하는 작업입니다. 노드를 추가하거나 핫 슬롯(Hot Slot) 병목이 생겼을 때 균형을 맞추기 위해 수행합니다. 면접에서는 확장 시 데이터 재배치가 필요한 이유와, 그 과정에서 발생할 수 있는 영향(지연 증가, 운영 리스크)을 묻기도 합니다. 실무에서는 리샤딩을 무중단으로 하더라도 성능 변동이 있을 수 있어, 피크 타임을 피하고 모니터링을 강화합니다. 또한 애플리케이션은 MOVED/ASK 같은 리다이렉션에 대응하는 클라이언트를 사용해야 합니다. 리샤딩은 Redis 스케일링(Scaling)의 운영 난이도를 대표하는 작업입니다.	리샤딩									redis	scaling	operations	cluster
Q822	캐시 샤딩(Cache Sharding)		Backend - 아키텍처 패턴	20	INITIALS	MEDIUM	여러 Redis 노드에 키를 분산 저장해 처리량을 늘리는 수평 확장 방식을 무엇이라고 하는가?	캐시 샤딩(Cache Sharding)은 여러 Redis 노드에 키(Key)를 분산 저장해 처리량과 용량을 늘리는 수평 확장(Scale-out) 방식입니다. 단일 Redis 인스턴스는 메모리와 CPU 한계가 있어, 트래픽이 커지면 샤딩이 필요해집니다. 면접에서는 샤딩의 장점(확장성)과 단점(운영 복잡도, 멀티키 제약)을 함께 설명하는 능력을 봅니다. 실무에서는 Redis Cluster를 쓰거나, 클라이언트 샤딩(consistent hashing)으로 분산하기도 합니다. 샤딩 후에는 키 설계, 핫 키/핫 슬롯 문제, 리샤딩 운영까지 고려해야 합니다. 캐시 샤딩은 “규모가 커졌을 때” 필연적으로 만나게 되는 확장 전략입니다.	캐시 샤딩									redis	scaling	caching	architecture
Q823	일관 해싱(Consistent Hashing)		Computer Science - 병렬/분산 처리	69	INITIALS	MEDIUM	노드 증감 시에도 키 재배치를 최소화하며 분산하는 해싱 기법을 무엇이라고 하는가?	일관 해싱(Consistent Hashing)은 노드가 추가/제거될 때 키(Key)의 재배치를 최소화하며 분산하는 해싱 기법입니다. 캐시 샤딩(Cache Sharding)에서 클라이언트 샤딩을 구현할 때 자주 사용됩니다. 면접에서는 “노드를 늘리면 왜 캐시가 흔들리나” 질문에서, 재배치가 많으면 캐시 미스가 폭증한다는 점을 설명하면 좋습니다. 실무에서는 가상 노드(virtual node)를 통해 분산 균형을 맞추고, 핫 키(Hot Key)가 특정 노드로 쏠리지 않도록 추가 대책(키 샤딩, 로컬 캐시)을 둡니다. 또한 일관 해싱을 쓰더라도 노드 장애 시 트래픽 재분배가 일어나므로 관측성과 보호 장치가 필요합니다. 일관 해싱은 Redis 스케일링(Scaling)에서 매우 중요한 분산 설계 개념입니다.	일관 해싱									scaling	redis	hashing	distributed
Q824	프록시 샤딩(Proxy Sharding)		Backend - 아키텍처 패턴	20	INITIALS	MEDIUM	애플리케이션 대신 프록시 계층이 Redis 샤딩 라우팅을 담당하는 구조를 무엇이라고 하는가?	프록시 샤딩(Proxy Sharding)은 애플리케이션이 아니라 프록시 계층이 Redis(Redis) 요청을 받아 샤딩된 노드로 라우팅하는 구조입니다. 애플리케이션이 샤딩 로직을 몰라도 되어 개발 부담이 줄어드는 장점이 있습니다. 면접에서는 클라이언트 샤딩과 프록시 샤딩의 차이(복잡도 위치, 장애 도메인)를 비교하는 질문이 나올 수 있습니다. 실무에서는 프록시 자체가 병목이나 단일 장애점(SPOF)이 되지 않게 이중화와 관측성이 필요합니다. 또한 프록시의 라우팅 정책 변경이 전체 트래픽에 영향을 주므로, 변경 관리(배포/롤백)가 중요합니다. 프록시 샤딩은 스케일링(Scaling)에서 “운영 방식”을 선택하는 아키텍처 결정입니다.	프록시 샤딩									redis	scaling	architecture	operations
Q825	세션 스티키(Sticky Session)		Backend - 웹 서버 기초	17	INITIALS	MEDIUM	같은 사용자의 요청을 항상 같은 서버로 보내 상태를 유지하는 로드밸런싱 방식을 무엇이라고 하는가?	세션 스티키(Sticky Session)는 같은 사용자의 요청을 항상 같은 서버 인스턴스로 보내 세션(Session) 상태를 유지하는 로드밸런싱 방식입니다. 단기적으로는 구현이 쉬울 수 있지만, 특정 서버에 트래픽이 쏠리거나 장애 시 세션이 사라지는 문제가 있어 스케일링(Scaling)에는 불리할 수 있습니다. 면접에서는 스티키 세션의 단점과, Redis(Redis) 세션 스토어(Session Store)로 상태를 외부화하는 대안을 자주 묻습니다. 실무에서는 스케일 아웃과 장애 복구를 위해 보통 스티키 의존을 줄이고, 세션은 Redis에 저장하는 구조를 선호합니다. 다만 WebSocket 등 특정 케이스에서는 스티키가 필요한 경우도 있어 요구사항 기반 판단이 중요합니다. 스티키 세션을 이해하면 “상태 관리”와 “확장성”의 관계를 설명할 수 있습니다.	세션 스티키									scaling	redis	session	backend
Q826	캐시 일관성 체크(Cache Consistency Check)		Backend - 아키텍처 패턴	20	INITIALS	MEDIUM	캐시 값이 DB와 일치하는지 샘플링/검증하는 운영 절차를 무엇이라고 하는가?	캐시 일관성 체크(Cache Consistency Check)는 캐시(Cache) 값이 DB(Database)와 일치하는지 샘플링하거나 주기적으로 검증하는 운영 절차입니다. 캐시는 드리프트(Cache Drift)나 무효화 누락으로 정합성이 깨질 수 있어, “검증”이 운영에서 중요합니다. 면접에서는 정합성을 어떻게 보장하냐는 질문에서 “완벽 보장” 대신 “검증과 보정”을 현실적으로 제시하면 좋습니다. 실무에서는 중요 엔티티에 대해 주기 샘플링을 하고, 불일치 발견 시 키 무효화/재적재를 자동화하기도 합니다. 다만 검증 자체가 DB 부하를 만들 수 있어 샘플링 비율과 시간대를 조절해야 합니다. 캐시 일관성 체크는 캐싱(Caching)을 “신뢰 가능한 시스템”으로 만드는 운영 기법입니다.	캐시 일관성 체크									caching	redis	consistency	operations
Q827	캐시 오염(Cache Pollution)		Backend - 아키텍처 패턴	20	INITIALS	MEDIUM	유효하지 않거나 쓸모없는 데이터가 캐시에 많이 들어가 히트율과 효율이 떨어지는 현상을 무엇이라고 하는가?	캐시 오염(Cache Pollution)은 유효하지 않거나 쓸모없는 데이터가 캐시(Cache)에 많이 들어가 메모리를 낭비하고 히트율을 떨어뜨리는 현상입니다. 예를 들어 한 번만 조회되는 데이터가 대량으로 캐싱되면, 중요한 핫 데이터가 eviction(Eviction)으로 밀려날 수 있습니다. 면접에서는 “무엇을 캐싱해야 하나” 질문에서 오염을 피하기 위한 기준(지역성, 재사용률, 비용 대비 효과)을 말할 수 있어야 합니다. 실무에서는 캐시 대상 선정, TTL 조정, 요청 패턴 분석을 통해 오염을 줄입니다. 또한 API 파라미터가 다양해 키가 폭발하는 경우도 오염의 원인이 되므로, 키 스키마(Key Schema)와 캐시 범위를 제한합니다. 캐시 오염은 ‘캐시를 많이 넣을수록 좋다’는 오해를 깨는 핵심 개념입니다.	캐시 오염									caching	redis	performance	scaling
Q828	키 폭발(Key Explosion)		Backend - 아키텍처 패턴	20	INITIALS	MEDIUM	파라미터 조합이 많아 캐시 키 개수가 급격히 늘어나는 문제를 무엇이라고 하는가?	키 폭발(Key Explosion)은 검색/필터/정렬/페이지 같은 파라미터 조합이 많아 캐시 키(Key) 개수가 급격히 늘어나는 문제입니다. 키 수가 늘면 메모리 사용량이 증가하고 eviction(Eviction) 압박이 커져 캐시 효율이 떨어질 수 있습니다. 면접에서는 “캐시를 어디까지 적용할지”를 판단할 때 키 폭발을 고려하는지 묻기도 합니다. 실무에서는 캐시 가능한 범위를 제한하고, 파라미터를 정규화(normalization)하거나 일부 파라미터는 캐시 키에서 제외하는 전략을 씁니다. 또한 인기 조합만 캐싱하거나, 결과를 요약해 캐싱하는 방식도 고려합니다. 키 폭발은 캐시 설계를 ‘정교하게’ 해야 하는 대표적인 이유입니다.	키 폭발									caching	redis	key_design	operations
Q829	캐시 관측성(Cache Observability)		Software Engineering - 개발 프로세스	58	INITIALS	MEDIUM	캐시의 지연/오류/히트율을 메트릭·로그·트레이스로 추적할 수 있는 상태를 무엇이라고 하는가?	캐시 관측성(Cache Observability)은 캐시(Cache)의 지연(Latency), 오류율, 히트율, eviction(Eviction) 등을 메트릭/로그/트레이스로 추적할 수 있는 상태를 의미합니다. 캐시는 문제 발생 시 DB까지 영향이 번지기 쉬워, 관측성이 없으면 원인 파악이 늦어지고 장애가 커집니다. 면접에서는 “캐시가 느릴 때 무엇을 보나” 질문에서 관측 지표(미스율, p99, 메모리, 네트워크)를 구조적으로 말할 수 있어야 합니다. 실무에서는 Redis 메트릭뿐 아니라 애플리케이션 레벨의 캐시 히트/미스 로그를 남겨 원인 분석을 돕습니다. 또한 분산 추적에서 캐시 호출을 스팬(span)으로 잡아, 어디서 지연이 생겼는지 추적하는 방식이 유용합니다. 관측성은 스케일링(Scaling)에서 기능이 아니라 생존 장치입니다.	캐시 관측성									caching	redis	monitoring	scaling
Q830	캐시 SLO(Cache SLO)		Software Engineering - 원칙 & 규칙	59	INITIALS	MEDIUM	캐시 지연/가용성 목표를 수치로 정의한 운영 목표를 무엇이라고 하는가?	캐시 SLO(Cache SLO)는 캐시(Cache) 지연, 가용성(Availability), 오류율 같은 목표를 수치로 정의한 운영 목표(Service Level Objective)입니다. “캐시는 빨라야 한다”를 구체적으로 p95/p99 지연과 오류율로 규정해 운영 품질을 관리합니다. 면접에서는 SLO/SLA를 실제로 운영해본 경험이 있는지 확인하기 위해 이런 질문이 나올 수 있습니다. 실무에서는 캐시 SLO가 깨질 때 어떤 자동 조치를 할지(캐시 브레이크, 스로틀링)까지 연결해 설계합니다. 또한 캐시 SLO는 DB SLO와 연결되어야 하며, 캐시가 실패해 DB로 우회할 때 전체 SLO가 깨지지 않도록 총량 제어가 필요합니다. 캐시 SLO는 스케일링(Scaling) 환경에서 성능을 “관리 가능한 품질”로 만드는 도구입니다.	캐시 SLO									scaling	redis	reliability	operations
Q831	캐시 대기열(Cache Queueing)		Operating System - 스케줄링	38	INITIALS	MEDIUM	Redis 지연 증가로 요청이 커넥션/스레드에서 줄을 서며 대기하는 현상을 무엇이라고 하는가?	캐시 대기열(Cache Queueing)은 Redis(Redis) 지연이 증가하면서 요청이 커넥션 풀(Connection Pool)이나 스레드에서 줄을 서며 대기하는 현상입니다. 캐시가 느려지면 “캐시만 느린 게 아니라 전체가 느려지는” 이유가 바로 대기열 효과 때문입니다. 면접에서는 큐잉 이론까지 깊게 들어가진 않아도, 지연이 증가하면 동시 처리량이 떨어지고 풀 고갈로 이어진다는 설명을 할 수 있어야 합니다. 실무에서는 타임아웃(Timeout)을 짧게 두고, 캐시 브레이크(Cache Break)로 대기열을 끊어 연쇄 고갈을 막습니다. 또한 관측 지표로 대기 시간과 풀 사용률을 함께 봐야 병목 지점을 잡을 수 있습니다. 캐시 대기열은 스케일링(Scaling)에서 “지연이 곧 용량”이라는 점을 보여줍니다.	캐시 대기열									redis	scaling	latency	resilience
Q832	캐시 헤드오브라인 블로킹(HOL Blocking)		Network - 네트워크 기초	29	INITIALS	MEDIUM	느린 Redis 요청 하나가 앞에 서서 뒤 요청들까지 지연시키는 현상을 무엇이라고 하는가?	캐시 헤드오브라인 블로킹(HOL Blocking)은 느린 요청 하나가 앞을 막아 뒤에 있는 요청들까지 지연되는 현상입니다. Redis(Redis) 호출이 특정 이유로 느려지면, 커넥션 풀이나 이벤트 루프에서 유사한 문제가 발생할 수 있습니다. 면접에서는 블로킹이 왜 위험한지(처리량 급감, 타임아웃 연쇄)를 설명할 수 있어야 합니다. 실무에서는 big key(Big Key)나 느린 명령이 HOL을 유발하므로, 키 크기 제한과 명령 사용 제한을 둡니다. 또한 타임아웃과 분리된 풀(격리), 우선순위 분리로 영향을 줄일 수 있습니다. HOL Blocking은 캐시 최적화가 결국 “지연 제어” 문제라는 걸 보여주는 개념입니다.	캐시 헤드오브라인 블로킹									redis	caching	performance	scaling
Q833	메모리 프래그멘테이션(Memory Fragmentation)		Operating System - 메모리 관리	36	INITIALS	MEDIUM	Redis 메모리가 조각나 실제 사용량 대비 더 크게 보이거나 효율이 떨어지는 현상을 무엇이라고 하는가?	메모리 프래그멘테이션(Memory Fragmentation)은 메모리가 조각나면서 실제 데이터 크기보다 더 많은 메모리를 잡아먹거나, 메모리 효율이 떨어지는 현상입니다. Redis(Redis)에서도 워크로드와 할당자(allocator) 특성에 따라 프래그멘테이션이 문제가 될 수 있습니다. 면접에서는 메모리 사용량이 늘었는데 키 수는 비슷한 상황에서 원인을 추론하는 질문이 나올 수 있습니다. 실무에서는 메모리 지표를 볼 때 단순 사용량뿐 아니라 fragmentation ratio 같은 지표를 함께 확인합니다. 또한 빅 키(Big Key)와 잦은 갱신 패턴이 프래그멘테이션을 악화시킬 수 있어 데이터 구조와 TTL 정책을 조정합니다. 프래그멘테이션은 Redis 스케일링(Scaling)에서 “보이는 용량과 실제 용량”이 다를 수 있음을 보여줍니다.	메모리 프래그멘테이션									redis	scaling	memory	operations
Q834	세션 만료(Session Expiration)		Backend - 웹 서버 기초	17	INITIALS	MEDIUM	Redis 세션 스토어에서 일정 시간이 지나면 세션이 자동으로 사라지도록 하는 처리를 무엇이라고 하는가?	세션 만료(Session Expiration)는 Redis(Redis) 같은 세션 스토어(Session Store)에서 일정 시간이 지나면 세션(Session) 데이터가 자동으로 삭제되도록 하는 처리입니다. 스케일 아웃 환경에서 세션을 외부화하면 서버 재시작과 무관하게 로그인 상태를 유지할 수 있지만, 만료 정책이 없으면 메모리 사용량이 끝없이 늘어날 수 있습니다. 면접에서는 세션 TTL(Time To Live)을 어떻게 정하고, “활동 시 연장(sliding)”을 할지 여부를 묻는 경우가 많습니다. 실무에서는 보안 요구(세션 하이재킹 대응) 때문에 너무 긴 TTL을 피하고, 유저 경험과 균형을 잡습니다. 또한 eviction(Eviction) 영향이 없도록 세션 인스턴스를 일반 캐시와 분리하는 설계가 흔합니다. 세션 만료는 보안과 비용을 동시에 좌우하는 운영 핵심입니다.	세션 만료									redis	scaling	session	caching
Q835	세션 재발급(Session Renewal)		Backend - 인증/인가	18	INITIALS	MEDIUM	세션 고정 공격을 방지하기 위해 로그인/권한 상승 시 세션 ID를 새로 발급하는 것을 무엇이라고 하는가?	세션 재발급(Session Renewal)은 로그인 또는 권한 상승 같은 중요한 시점에 세션 ID(Session ID)를 새로 발급해 보안 위험을 줄이는 처리입니다. 특히 세션 고정(Session Fixation) 공격을 방지하는 대표적인 대응으로 면접에서 자주 나옵니다. Redis(Redis)에 세션을 저장하는 구조에서도 재발급은 동일하게 중요하며, 구 세션을 즉시 폐기하고 새 세션으로 교체하는 흐름이 필요합니다. 실무에서는 재발급 시 경쟁 조건(동시 요청)과 로그아웃 처리까지 함께 고려합니다. 또한 재발급 직후 캐시/세션 조회가 엇갈리지 않도록 원자적 전환(atomic switch)과 만료 처리가 중요합니다. 세션 재발급은 인증/인가와 캐싱이 만나는 보안 핵심 포인트입니다.	세션 재발급									redis	scaling	auth	security
Q836	세션 고정(Session Fixation)		Security - 인증/인가	52	INITIALS	MEDIUM	공격자가 미리 정한 세션 ID를 피해자가 쓰게 만들어 인증을 탈취하는 공격을 무엇이라고 하는가?	세션 고정(Session Fixation)은 공격자가 미리 만든 세션 ID를 피해자가 사용하도록 유도한 뒤, 동일 세션으로 인증을 탈취하는 공격입니다. 면접에서는 “로그인 시 세션을 새로 발급해야 하는 이유”를 물을 때 단골로 등장합니다. Redis(Redis) 세션 스토어(Session Store)를 사용해도, 세션 ID 자체가 공격 표면이 되므로 재발급(Session Renewal)과 안전한 쿠키 설정(HttpOnly, Secure, SameSite)이 중요합니다. 실무에서는 로그인 성공 시 기존 세션을 폐기하고 새 세션 ID를 발급하며, 권한 상승 시에도 재발급을 고려합니다. 또한 URL에 세션 ID를 노출하지 않는 등 기본 보안 수칙을 지켜야 합니다. 세션 고정은 캐싱보다 “인증 상태 관리”의 보안 설계가 핵심입니다.	세션 고정									redis	security	session	auth
Q837	세션 하이재킹(Session Hijacking)		Security - 인증/인가	52	INITIALS	MEDIUM	세션 쿠키/토큰을 탈취해 다른 사용자로 가장하는 공격을 무엇이라고 하는가?	세션 하이재킹(Session Hijacking)은 세션 쿠키(Session Cookie)나 토큰을 탈취해 다른 사용자로 가장하는 공격입니다. Redis(Redis)에 세션을 저장하더라도 쿠키가 탈취되면 공격이 가능하므로, 전송 구간 보호(HTTPS)와 쿠키 보안 옵션이 중요합니다. 면접에서는 HttpOnly/Secure/SameSite 같은 옵션과, 세션 무효화 전략(로그아웃 시 폐기, 재발급)을 함께 말할 수 있어야 합니다. 실무에서는 IP/UA 바인딩 같은 추가 검증을 넣기도 하지만, 모바일/프록시 환경에서 오탐이 날 수 있어 신중해야 합니다. 또한 장기 세션은 위험을 키우므로 TTL과 슬라이딩 TTL 정책을 도메인에 맞게 잡습니다. 세션 하이재킹은 “상태 저장”을 쓰는 서비스의 대표 보안 리스크입니다.	세션 하이재킹									redis	security	session	caching
Q838	세션 저장소 분리(Session Isolation)		Backend - 아키텍처 패턴	20	INITIALS	MEDIUM	세션/락 같은 중요 데이터를 일반 캐시와 분리된 Redis 인스턴스에 두는 설계를 무엇이라고 하는가?	세션 저장소 분리(Session Isolation)는 세션(Session)이나 락(Lock)처럼 중요한 데이터를 일반 조회 캐시(Cache)와 분리된 Redis(Redis) 인스턴스에 저장하는 설계입니다. eviction(Eviction)이나 캐시 오염(Cache Pollution)으로 인해 세션이 날아가면 로그인 장애로 직결되기 때문에, 면접에서도 안정성 설계 포인트로 자주 나옵니다. 실무에서는 인스턴스 분리로 장애 도메인을 나누고, 서로 다른 TTL/정책/모니터링을 적용합니다. 또한 세션 인스턴스는 eviction이 거의 발생하지 않도록 메모리 여유를 크게 두고, 백업/복구 전략도 별도로 가져갑니다. 비용은 늘지만 서비스 신뢰도를 크게 올릴 수 있습니다. 세션 저장소 분리는 스케일링(Scaling) 환경에서 “가장 먼저” 고려하는 Redis 운영 패턴입니다.	세션 저장소 분리									scaling	redis	session	operations
Q839	캐시 키 만료 전략(Expiration Strategy)		Backend - 아키텍처 패턴	20	INITIALS	MEDIUM	어떤 데이터에 TTL을 둘지, TTL 길이를 어떻게 정할지 결정하는 전략을 무엇이라고 하는가?	캐시 키 만료 전략(Expiration Strategy)은 어떤 데이터에 TTL(Time To Live)을 둘지, TTL 길이를 어떻게 정할지 결정하는 전략입니다. TTL이 너무 짧으면 미스가 늘어 DB 부하가 증가하고, 너무 길면 스테일 데이터(Stale Data) 문제가 커집니다. 면접에서는 도메인별로 TTL을 어떻게 다르게 설계할지(랭킹/설정/권한) 판단을 묻는 경우가 많습니다. 실무에서는 트래픽 패턴과 변경 빈도를 기반으로 TTL을 잡고, 이벤트 기반 무효화(Event-driven Invalidation)와 병행해 정합성을 보완합니다. 또한 TTL 지터(TTL Jitter)로 만료 쏠림을 분산시키고, 네거티브 캐싱(Negative Caching)은 더 짧은 TTL로 운영하는 식의 룰이 필요합니다. 만료 전략은 캐싱(Caching)의 품질을 좌우하는 핵심 설계입니다.	캐시 키 만료 전략									caching	redis	ttl	scaling
Q840	캐시 미스 폭증(Miss Spike)		Backend - 아키텍처 패턴	20	INITIALS	MEDIUM	특정 순간 캐시 미스율이 급증하며 DB 부하가 함께 올라가는 현상을 무엇이라고 하는가?	캐시 미스 폭증(Miss Spike)은 특정 순간 캐시 미스(Cache Miss) 비율이 급격히 증가하면서 DB(Database) 부하와 지연이 함께 상승하는 현상입니다. 원인은 eviction(Eviction), TTL 동시 만료, 배포로 인한 키 버저닝(Key Versioning), 캐시 장애 등 다양합니다. 면접에서는 “캐시가 있는데도 DB가 갑자기 바빠졌다”는 상황에서 미스 폭증을 원인으로 추론할 수 있어야 합니다. 실무에서는 미스율, DB QPS, p99 지연을 동시에 모니터링하고, 원인을 빠르게 분기(만료/eviction/장애)해 대응합니다. 대응은 TTL 지터, 워밍/프리필, 캐시 브레이크, 레이트 리밋 등 복합적일 수 있습니다. 미스 폭증은 스케일링(Scaling) 환경에서 가장 흔한 장애 전조 신호입니다.	캐시 미스 폭증									caching	redis	monitoring	scaling
Q841	캐시 히트율(Hit Rate)		Backend - 아키텍처 패턴	20	INITIALS	MEDIUM	전체 요청 중 캐시에서 성공적으로 응답한 비율을 무엇이라고 하는가?	캐시 히트율(Hit Rate)은 전체 요청 중 캐시(Cache)에서 성공적으로 응답한 비율입니다. 면접에서는 히트율이 높으면 무조건 좋은지 묻기도 하는데, 히트율만으로는 성능을 판단할 수 없고 지연(p95/p99)과 DB QPS 감소까지 봐야 합니다. 실무에서는 히트율이 높아도 핫 키(Hot Key)나 네트워크 지연(Network Latency) 때문에 느릴 수 있어, 지표를 함께 해석해야 합니다. 또한 히트율을 올리기 위해 TTL을 너무 길게 잡으면 정합성이 깨질 수 있으니 도메인 기준으로 균형을 잡습니다. 히트율은 캐싱(Caching)의 핵심 KPI지만, 단독 지표가 아니라 “패널”로 봐야 합니다. 히트율을 운영 목표(SLO)에 연결하는 것도 중요합니다.	캐시 히트율									caching	redis	performance	scaling
Q842	캐시 드리프트(Cache Drift)		Backend - 아키텍처 패턴	20	INITIALS	MEDIUM	DB와 캐시 데이터가 점점 어긋나며 불일치가 누적되는 현상을 무엇이라고 하는가?	캐시 드리프트(Cache Drift)는 DB(Database)와 캐시(Cache) 데이터가 점점 어긋나 불일치가 누적되는 현상입니다. 무효화 누락, 이벤트 유실, 순서 역전, 키 버저닝 미적용 같은 운영 실수로 발생할 수 있습니다. 면접에서는 결과적 정합성(eventual consistency)을 말할 때 “드리프트를 어떻게 관리하나”를 질문할 수 있습니다. 실무에서는 TTL을 보험으로 두고, 캐시 일관성 체크(Cache Consistency Check)로 샘플링 검증을 수행하며, 불일치 발견 시 자동 무효화/재적재를 합니다. 또한 이벤트는 멱등 처리하고 재처리 체계를 만들어 유실에 대비합니다. 캐시 드리프트는 “캐시는 시간이 지나면 썩을 수 있다”는 현실을 보여주는 운영 개념입니다.	캐시 드리프트									caching	redis	consistency	operations
Q843	캐시 세이프가드(Cache Safeguard)		Backend - 아키텍처 패턴	20	INITIALS	MEDIUM	캐시 장애/지연이 서비스 전체를 무너뜨리지 않도록 보호 장치를 두는 설계를 무엇이라고 하는가?	캐시 세이프가드(Cache Safeguard)는 캐시(Cache) 장애나 지연이 서비스 전체를 무너뜨리지 않도록 보호 장치를 두는 설계를 의미합니다. 구체적으로는 타임아웃(Timeout), 폴백(Fallback), 레이트 리밋(Rate Limit), 서킷 브레이커(Circuit Breaker), 캐시 브레이크(Cache Break) 같은 조합이 여기에 해당합니다. 면접에서는 “Redis가 느려지면 어떻게 할 거냐” 같은 질문에서 세이프가드를 구조적으로 설명하면 좋은 평가를 받습니다. 실무에서는 보호 장치가 켜질 때 DB가 터지지 않도록 총량 제어와 기능 저하(Degrade) 정책을 함께 둡니다. 또한 관측성(Observability)으로 보호 장치가 얼마나 자주/왜 발동했는지 분석해야 근본 해결로 이어집니다. 캐시 세이프가드는 스케일링(Scaling) 환경에서 생존을 결정하는 설계입니다.	캐시 세이프가드									scaling	redis	resilience	caching
Q844	백프레셔(Backpressure)		Backend - 비동기 처리	19	INITIALS	MEDIUM	Redis/DB 같은 하위 시스템이 느릴 때 상위 요청 유입을 제어해 붕괴를 막는 개념을 무엇이라고 하는가?	백프레셔(Backpressure)는 하위 시스템(예: Redis, DB)이 느려질 때 상위 요청 유입을 제어해 시스템 붕괴를 막는 개념입니다. 캐시가 느려지면 대기열(Queueing)이 쌓이며 스레드/커넥션 풀이 고갈될 수 있어, 백프레셔는 안정성 측면에서 매우 중요합니다. 면접에서는 리액티브/비동기 시스템에서 자주 나오지만, 동기 시스템에서도 레이트 리밋이나 큐 제한으로 백프레셔를 구현할 수 있다고 설명하면 좋습니다. 실무에서는 요청 수 제한, 큐 길이 제한, 빠른 실패(fail-fast)로 백프레셔를 적용합니다. 또한 캐시 브레이크(Cache Break)와 결합해 캐시 장애 시 우회 트래픽이 무제한으로 늘지 않게 합니다. 백프레셔는 스케일링(Scaling)에서 “버티는 시스템”을 만드는 핵심 개념입니다.	백프레셔									scaling	redis	resilience	async
Q845	레이트 리밋(Rate Limit)		Backend - 아키텍처 패턴	20	INITIALS	MEDIUM	특정 시간 동안 허용되는 요청 수를 제한해 폭주를 막는 기법을 무엇이라고 하는가?	레이트 리밋(Rate Limit)은 일정 시간 동안 허용되는 요청 수를 제한해 폭주(traffic spike)를 막는 기법입니다. Redis(Redis)는 카운터(counter)와 TTL을 이용해 레이트 리밋을 구현하기 쉬워 실무에서 자주 사용됩니다. 면접에서는 토큰 버킷(Token Bucket)이나 리키 버킷(Leaky Bucket) 같은 알고리즘을 간단히 설명하거나, 어디에 적용하는지(API Gateway, 로그인 시도 제한)를 묻기도 합니다. 실무에서는 제한 정책이 너무 강하면 정상 사용자 경험이 나빠질 수 있어, 사용자/키/엔드포인트 단위로 세분화합니다. 또한 장애 시 레이트 리밋을 더 강하게 걸어 시스템을 보호하는 “비상 모드”도 설계할 수 있습니다. 레이트 리밋은 캐시 장애/폴백 폭주를 막는 세이프가드로도 매우 중요합니다.	레이트 리밋									redis	scaling	resilience	caching
Q846	토큰 버킷(Token Bucket)		Data Structure & Algorithm - 기타 알고리즘	44	INITIALS	MEDIUM	토큰을 일정 속도로 채우고 소비하며 요청을 제한하는 레이트 리밋 알고리즘을 무엇이라고 하는가?	토큰 버킷(Token Bucket)은 토큰을 일정 속도로 채우고, 요청이 들어올 때 토큰을 소비하는 방식의 레이트 리밋 알고리즘입니다. 순간 버스트(burst)를 어느 정도 허용하면서도 평균 요청률을 제한할 수 있어 많이 사용됩니다. 면접에서는 토큰 버킷과 리키 버킷(Leaky Bucket)의 차이를 간단히 설명하는 질문이 종종 나옵니다. 실무에서는 Redis(Redis) 카운터와 만료(Expiration)를 조합해 토큰 버킷을 구현하거나, 게이트웨이/프록시 레벨에서 제공되는 기능을 사용합니다. 분산 환경에서는 원자적 업데이트(atomic increment)와 클럭/만료 동작을 고려해야 일관된 제한이 됩니다. 토큰 버킷은 스케일링(Scaling) 시스템의 “트래픽 제어” 핵심 알고리즘입니다.	토큰 버킷									redis	scaling	rate_limit	algorithm
Q847	리키 버킷(Leaky Bucket)		Data Structure & Algorithm - 기타 알고리즘	44	INITIALS	MEDIUM	일정 속도로만 요청을 처리하도록 흐름을 평탄화하는 레이트 리밋 모델을 무엇이라고 하는가?	리키 버킷(Leaky Bucket)은 물이 새는 양동이처럼, 요청을 일정 속도로만 처리해 트래픽을 평탄화(smoothing)하는 레이트 리밋 모델입니다. 버스트를 크게 허용하기보다는 안정적인 처리율을 유지하는 데 강점이 있습니다. 면접에서는 “버스트를 허용해야 하나” 요구사항에 따라 토큰 버킷/리키 버킷을 선택하는 판단을 묻기도 합니다. 실무에서는 Redis(Redis) 기반 큐/카운터로 흉내낼 수 있지만, 구현 복잡도가 있으므로 게이트웨이 기능을 활용하는 경우도 많습니다. 리키 버킷은 시스템을 보호하지만, 지연이 늘어날 수 있어 사용자 경험과의 균형이 필요합니다. 결국 트래픽 제어는 스케일링(Scaling)의 안정성 설계 핵심입니다.	리키 버킷									scaling	redis	rate_limit	resilience
Q848	캐시 동시성 제어(Cache Concurrency Control)		Database - 트랜잭션 및 동시성 제어	25	INITIALS	MEDIUM	여러 요청이 동시에 같은 캐시 키를 갱신/삭제할 때 일관되게 처리하도록 제어하는 것을 무엇이라고 하는가?	캐시 동시성 제어(Cache Concurrency Control)는 여러 요청이 동시에 같은 캐시 키(Key)를 갱신/삭제할 때 일관되게 처리하도록 제어하는 것을 말합니다. 캐시 어사이드(Cache Aside)에서 동시 미스가 나면 스탬피드(Cache Stampede)가 생기고, 무효화 레이스(Invalidation Race)도 발생할 수 있어 동시성 제어가 중요합니다. 면접에서는 분산 락(Distributed Lock), 요청 합치기(Request Coalescing), CAS(Compare-And-Set) 같은 도구를 어디에 쓰는지 묻습니다. 실무에서는 락을 과도하게 쓰기보다, 단일 플라이트(SingleFlight)처럼 로딩을 합치거나, 소프트 TTL로 스테일 서브를 허용하는 방식도 많이 씁니다. 또한 동시성 제어는 “정합성”과 “처리량”의 트레이드오프라, 도메인 중요도에 따라 선택해야 합니다. 캐시 동시성 제어를 이해하면 캐시 설계의 난이도를 제대로 설명할 수 있습니다.	캐시 동시성 제어									caching	redis	concurrency	scaling
Q849	요청 합치기(Request Coalescing)		Backend - 아키텍처 패턴	20	INITIALS	MEDIUM	같은 키에 대한 동시 미스 요청을 하나의 로딩으로 합치는 기법을 무엇이라고 하는가?	요청 합치기(Request Coalescing)는 같은 키(Key)에 대한 동시 캐시 미스(Cache Miss) 요청을 하나의 로딩(load) 작업으로 합쳐 DB(Database)로 가는 중복 요청을 줄이는 기법입니다. 캐시 스탬피드(Cache Stampede)를 완화하는 대표 해법이라 면접에서 매우 자주 나옵니다. 실무에서는 단일 플라이트(SingleFlight) 패턴으로 구현하거나, 분산 락(Distributed Lock)과 결합해 “한 명만 로딩”하도록 만들기도 합니다. 다만 로딩이 실패했을 때 대기 중인 요청들이 동시에 재시도하면 폭주가 다시 생길 수 있어, 재시도 지수 백오프(backoff)와 서킷 브레이커를 함께 고려합니다. 또한 대기 시간이 길어지면 사용자 경험이 나빠질 수 있어 소프트 TTL/스테일 서브 같은 우회 전략도 유용합니다. 요청 합치기는 스케일링(Scaling) 캐시 운영의 핵심 패턴입니다.	요청 합치기									caching	redis	stampede	scaling
Q850	단일 플라이트(SingleFlight)		Backend - 아키텍처 패턴	20	INITIALS	MEDIUM	동일 키 로딩을 한 번만 실행하고 나머지 요청은 결과를 공유하도록 하는 패턴을 무엇이라고 하는가?	단일 플라이트(SingleFlight)는 동일 키(Key)에 대한 로딩을 한 번만 수행하고, 동시에 들어온 다른 요청들은 그 결과를 공유하도록 하는 패턴입니다. 요청 합치기(Request Coalescing)를 코드 레벨로 구현한 대표 형태로 이해하면 좋습니다. 면접에서는 스탬피드를 막는 방법으로 락 대신 단일 플라이트를 제시하면 “불필요한 전역 락”을 줄이는 설계 감각을 보여줄 수 있습니다. 실무에서는 단일 플라이트의 대기 시간이 길어지지 않도록 타임아웃과 취소(cancellation)를 고려합니다. 또한 결과 캐싱에 실패했을 때 동일 로딩이 반복되지 않도록, 실패 캐싱(negative caching)이나 짧은 재시도 지연을 둘 수도 있습니다. 단일 플라이트는 Redis(Redis)뿐 아니라 어떤 캐시 계층에서도 유용한 패턴입니다.	단일 플라이트									caching	redis	performance	scaling
Q851	캐시 스로틀링(Cache Throttling)		Backend - 아키텍처 패턴	20	INITIALS	MEDIUM	캐시 쓰기/갱신 트래픽을 제한해 캐시 서버 과부하를 막는 기법을 무엇이라고 하는가?	캐시 스로틀링(Cache Throttling)은 캐시(Cache) 쓰기/갱신 트래픽을 제한해 Redis(Redis) 서버 과부하를 막는 기법입니다. 워밍/프리필 또는 대량 무효화 후 재적재 과정에서 캐시 슬램(Cache Slam)이 발생하기 쉬워, 스로틀링이 필요합니다. 면접에서는 “캐시 갱신이 오히려 장애를 만든다”는 사례를 설명할 때 스로틀링을 함께 언급하면 좋습니다. 실무에서는 배치 크기 제한, 초당 갱신 수 제한, 우선순위(핵심 키 먼저)로 스로틀링을 구현합니다. 또한 스로틀링 중에도 사용자 응답이 안정적이도록 스테일 서브(Stale Serve)나 소프트 TTL(Soft TTL)을 병행하기도 합니다. 캐시 스로틀링은 스케일링(Scaling) 환경에서 갱신 폭주를 제어하는 운영 기술입니다.	캐시 스로틀링									redis	scaling	caching	operations
Q852	캐시 디그레이드(Cache Degrade)		Backend - 아키텍처 패턴	20	INITIALS	MEDIUM	캐시/Redis 문제가 있을 때 일부 기능을 단순화해 서비스 전체를 살리는 전략을 무엇이라고 하는가?	캐시 디그레이드(Cache Degrade)는 캐시(Cache) 또는 Redis(Redis) 문제가 있을 때 일부 기능을 단순화하거나 품질을 낮춰 서비스 전체를 살리는 전략입니다. 예를 들어 추천/랭킹을 잠시 끄고 기본 목록만 제공하거나, 캐시 의존이 큰 API를 제한하는 방식이 있습니다. 면접에서는 “장애 시 사용자에게 어떤 경험을 제공할지”를 묻는 경우가 많아, 디그레이드를 답하면 운영 관점이 좋게 보입니다. 실무에서는 디그레이드 기준을 지연/오류율로 자동화하고, 런북(Runbook)에 절차를 명확히 남깁니다. 또한 디그레이드가 켜졌을 때 DB 우회 트래픽이 증가할 수 있으므로 레이트 리밋과 함께 설계해야 합니다. 캐시 디그레이드는 스케일링(Scaling) 서비스의 현실적인 생존 전략입니다.	캐시 디그레이드									scaling	redis	resilience	caching
Q853	로드밸런싱(Load Balancing)		DevOps / Cloud - 인프라 구성 요소	34	INITIALS	MEDIUM	트래픽을 여러 서버로 분산해 단일 서버 과부하를 줄이는 방법을 무엇이라고 하는가?	로드밸런싱(Load Balancing)은 트래픽을 여러 서버 인스턴스로 분산해 단일 서버 과부하를 줄이는 방법입니다. 캐싱(Caching)과 스케일링(Scaling)은 보통 같이 쓰이며, 캐시가 잘 동작하면 로드밸런서 뒤의 서버들이 더 적은 DB 호출로 더 많은 요청을 처리할 수 있습니다. 면접에서는 L4/L7 로드밸런싱 차이, 스티키 세션(Sticky Session) 여부, 그리고 세션을 Redis(Redis)로 외부화해 스티키 의존을 줄이는 설계를 자주 묻습니다. 실무에서는 로드밸런서 헬스체크와 타임아웃 설정이 잘못되면 장애 전파가 커질 수 있어 주의해야 합니다. 또한 캐시 장애 시 폴백 폭주(Fallback Storm)가 로드밸런싱으로도 해결되지 않을 수 있으니, 레이트 리밋과 캐시 브레이크 같은 보호 장치가 필요합니다. 로드밸런싱은 캐시/Redis를 포함한 전체 트래픽 설계의 기반입니다.	로드밸런싱									scaling	redis	caching	infra
Q854	스케일 아웃(Scale Out)		DevOps / Cloud - 클라우드 서비스	64	INITIALS	MEDIUM	서버 대수를 늘려 처리량을 높이는 확장 방식을 무엇이라고 하는가?	스케일 아웃(Scale Out)은 서버 인스턴스 수를 늘려 처리량을 높이는 수평 확장 방식입니다. 스케일 아웃을 하면 인스턴스마다 로컬 상태를 들고 있을 수 없기 때문에, 세션(Session)이나 캐시(Cache)를 Redis(Redis) 같은 외부 저장소로 분리하는 설계가 자주 필요합니다. 면접에서는 스케일 업(Scale Up)과 비교해 장단점(확장성, 운영 복잡도, 상태 공유)을 설명하길 기대합니다. 실무에서는 스케일 아웃 시 캐시 일관성 문제, 스탬피드(Cache Stampede), 핫 키(Hot Key) 문제가 커질 수 있어 키 설계와 보호 장치가 필수입니다. 또한 오토스케일링(Autoscaling)과 함께 워밍(Cache Warming)을 자동화해 배포/증설 직후 미스 폭증을 줄이기도 합니다. 스케일 아웃은 Redis 기반 캐싱 전략과 거의 항상 함께 고민됩니다.	스케일 아웃									scaling	redis	caching	cloud
Q855	스케일 업(Scale Up)		DevOps / Cloud - 클라우드 서비스	64	INITIALS	MEDIUM	더 큰 사양의 서버로 교체해 처리량을 높이는 확장 방식을 무엇이라고 하는가?	스케일 업(Scale Up)은 서버 한 대의 CPU/메모리 같은 사양을 올려 처리량을 높이는 수직 확장 방식입니다. 캐시/Redis(Redis)도 단일 인스턴스로 시작할 때는 스케일 업으로 버티기도 하지만, 한계가 명확해 결국 스케일 아웃(Scale Out)이나 클러스터로 넘어가는 경우가 많습니다. 면접에서는 스케일 업이 단순하지만 단일 장애점(SPOF)을 유지한다는 점과, 확장 한계가 있다는 점을 설명할 수 있어야 합니다. 실무에서는 급한 상황에서 스케일 업이 즉효가 있을 수 있으나, 장기적으로는 샤딩/클러스터링 같은 구조적 확장을 준비해야 합니다. 또한 스케일 업은 비용 효율이 급격히 나빠질 수 있어, 비용-성능 곡선을 고려해야 합니다. 스케일 업은 캐싱 성능 개선의 “초기 카드”로 이해하면 좋습니다.	스케일 업									scaling	redis	performance	ops
Q856	오토스케일링(Autoscaling)		DevOps / Cloud - 클라우드 서비스	64	INITIALS	MEDIUM	부하에 따라 서버를 자동으로 늘리거나 줄이는 기능을 무엇이라고 하는가?	오토스케일링(Autoscaling)은 CPU, 요청 수, 지연 같은 지표를 기준으로 서버를 자동으로 늘리거나 줄이는 기능입니다. 스케일링(Scaling)이 자동화되면 인스턴스가 자주 바뀌므로, 캐시(Cache)와 세션(Session)을 Redis(Redis)로 외부화하는 설계가 더 중요해집니다. 면접에서는 오토스케일링이 왜 캐시 미스 폭증(Miss Spike)을 만들 수 있는지(새 인스턴스는 로컬 캐시가 비어 있음)를 묻기도 합니다. 실무에서는 캐시 워밍(Cache Warming)이나 프리필(Cache Prefill)로 초기 미스를 줄이고, 요청 합치기(Request Coalescing)로 DB 보호를 합니다. 또한 갑작스런 축소(scale-in) 시에도 세션 유실이 없도록 외부 세션 스토어를 쓰는 것이 일반적입니다. 오토스케일링은 캐시 운영과 함께 설계해야 “진짜 자동”이 됩니다.	오토스케일링									scaling	redis	caching	cloud
Q857	로컬 캐시 워밍(Local Cache Warming)		Backend - 아키텍처 패턴	20	INITIALS	MEDIUM	새로 뜬 인스턴스의 로컬 캐시를 초기화해 미스를 줄이는 작업을 무엇이라고 하는가?	로컬 캐시 워밍(Local Cache Warming)은 새로 뜬 인스턴스의 로컬 캐시(Local Cache)를 초기화해 초기 미스(Cache Miss)를 줄이는 작업입니다. 오토스케일링(Autoscaling)이나 배포 직후에는 로컬 캐시가 비어 있어 p99 지연이 악화되기 쉽습니다. 면접에서는 L1(로컬) + L2(Redis) 캐시 체인(Cache Chain) 구조에서 왜 워밍이 필요한지 묻는 경우가 있습니다. 실무에서는 트래픽을 서서히 유입시키는 웜업(warm-up) 라우팅, 또는 주요 키를 미리 로드하는 프리로드(preload)를 사용합니다. 다만 워밍이 과하면 Redis/DB에 부하를 줄 수 있어 속도 제한과 대상 선별이 중요합니다. 로컬 캐시 워밍은 스케일링 환경에서 “초기 안정화” 핵심입니다.	로컬 캐시 워밍									caching	redis	scaling	performance
Q858	캐시 체인(L1 L2 Cache)		Backend - 아키텍처 패턴	20	INITIALS	MEDIUM	로컬 캐시(L1)와 Redis 같은 분산 캐시(L2)를 함께 쓰는 구조를 무엇이라고 하는가?	캐시 체인(L1/L2 Cache)은 로컬 캐시(Local Cache)를 1차(L1)로 두고 Redis(Redis) 같은 분산 캐시(Distributed Cache)를 2차(L2)로 두는 구조입니다. L1은 매우 빠르지만 인스턴스마다 달라 정합성이 어렵고, L2는 공유 가능하지만 네트워크 지연이 있습니다. 면접에서는 왜 두 레이어를 쓰는지, 그리고 무효화(Cache Invalidation) 난이도가 올라간다는 단점을 설명할 수 있어야 합니다. 실무에서는 L1 TTL을 짧게 잡고, 중요한 데이터는 L1 캐싱을 제한하거나 이벤트 기반 무효화로 L1도 같이 갱신합니다. 또한 L2 장애 시 L1로 얼마나 버틸 수 있는지(스테일 허용)를 정책으로 정해 둡니다. 캐시 체인은 성능과 운영 복잡도의 트레이드오프를 대표하는 설계입니다.	캐시 체인									caching	redis	scaling	architecture
Q859	캐시 플러시(Cache Flush)		Backend - 웹 서버 기초	17	INITIALS	MEDIUM	Redis 캐시 데이터를 대량으로 삭제해 초기화하는 작업을 무엇이라고 하는가?	캐시 플러시(Cache Flush)는 Redis(Redis) 캐시 데이터를 대량으로 삭제해 초기화하는 작업입니다. 면접에서는 “플러시는 언제 위험한가”를 묻기도 하는데, 플러시 후 미스 폭증으로 DB 부하가 급상승할 수 있어 매우 신중해야 합니다. 실무에서는 전면 플러시보다 키 네임스페이스(Key Namespace) + 버저닝(Key Versioning)으로 점진적 전환을 선호합니다. 또한 어쩔 수 없이 플러시를 해야 한다면, 레이트 리밋(Rate Limit)과 워밍(Cache Warming) 계획을 같이 세워 DB 보호를 합니다. 플러시는 운영 사고로 이어질 가능성이 커서, 권한과 절차(런북)를 엄격히 관리하는 게 좋습니다. 캐시 플러시는 “마지막 수단”으로 이해하는 것이 안전합니다.	캐시 플러시									redis	caching	operations	scaling
Q860	키 프리픽스(Key Prefix)		Backend - 아키텍처 패턴	20	INITIALS	MEDIUM	Redis 키 앞에 도메인/버전 정보를 붙여 관리하는 방법을 무엇이라고 하는가?	키 프리픽스(Key Prefix)는 Redis(Redis) 키(Key) 앞에 도메인/서비스/버전 정보를 붙여 키를 체계적으로 관리하는 방법입니다. 키 네임스페이스(Key Namespace)를 구현하는 가장 일반적인 형태로, 충돌 방지와 디버깅에 큰 도움이 됩니다. 면접에서는 “키 설계를 어떻게 했나” 질문에 프리픽스 규칙, 버저닝(Key Versioning), 민감정보 제외 같은 원칙을 함께 말하면 좋습니다. 실무에서는 v2:term:123 같은 형태로 배포/포맷 변경을 안전하게 처리하고, 구버전 키는 TTL로 자연 소멸시키거나 정리 작업을 합니다. 프리픽스를 잘못 설계하면 키 폭발(Key Explosion)이나 무효화 어려움이 커질 수 있어, 공통 유틸로 강제하는 게 좋습니다. 키 프리픽스는 캐싱 운영의 기본기입니다.	키 프리픽스									caching	redis	key_design	scaling
Q861	캐시 키 충돌(Key Collision)		Backend - 아키텍처 패턴	20	INITIALS	MEDIUM	서로 다른 의미의 데이터가 같은 캐시 키로 저장되어 덮어써지는 문제를 무엇이라고 하는가?	캐시 키 충돌(Key Collision)은 서로 다른 의미의 데이터가 동일한 캐시 키(Key)로 저장되어 덮어써지거나 잘못된 값을 반환하는 문제입니다. 면접에서는 키 설계의 중요성을 강조하기 위해 충돌 사례를 질문하기도 합니다. 실무에서는 키 스키마(Key Schema)에 필요한 파라미터(권한, 언어, 정렬, 페이지)를 포함하고, 네임스페이스/프리픽스를 표준화해 충돌을 방지합니다. 또한 캐시 응답에 타입/버전 정보를 포함하거나, 직렬화 포맷 변경 시 키 버저닝(Key Versioning)으로 분리하는 방식이 안전합니다. 충돌은 단순 버그가 아니라 보안 이슈(타 사용자 데이터 노출)로 이어질 수 있어 매우 위험합니다. 키 충돌을 막는 것은 캐시 설계의 최우선 기본 원칙입니다.	캐시 키 충돌									caching	redis	reliability	security
Q862	캐시 키 정규화(Key Normalization)		Backend - 아키텍처 패턴	20	INITIALS	MEDIUM	파라미터 표현을 통일해 같은 의미의 요청이 같은 키로 매핑되게 하는 처리를 무엇이라고 하는가?	캐시 키 정규화(Key Normalization)는 파라미터 표현을 통일해 같은 의미의 요청이 같은 캐시 키(Key)로 매핑되게 만드는 처리입니다. 예를 들어 공백/대소문자/정렬 순서가 달라져 키가 달라지면 키 폭발(Key Explosion)과 캐시 오염(Cache Pollution)이 생길 수 있습니다. 면접에서는 “캐시 히트율이 낮다”는 상황에서 정규화가 해결책이 될 수 있음을 설명하면 좋습니다. 실무에서는 쿼리스트링 정렬, 필터 값 표준화, 페이지/정렬 옵션 제한으로 정규화를 수행합니다. 다만 정규화가 과하면 서로 다른 의미의 요청이 같아져 오답 데이터를 줄 수 있으므로, 의미 보존이 우선입니다. 키 정규화는 캐싱 효율을 끌어올리는 ‘숨은’ 핵심 기법입니다.	캐시 키 정규화									caching	redis	performance	scaling
Q863	캐시 스키마 마이그레이션(Cache Schema Migration)		Backend - 아키텍처 패턴	20	INITIALS	MEDIUM	직렬화 포맷/키 구조 변경 시 캐시를 안전하게 전환하는 과정을 무엇이라고 하는가?	캐시 스키마 마이그레이션(Cache Schema Migration)은 직렬화(Serialization) 포맷이나 키 구조(Key Schema)가 바뀔 때 캐시(Cache)를 안전하게 전환하는 과정입니다. 면접에서는 “배포 후 캐시 때문에 장애가 난 경험/예방책” 질문에서 키 버저닝(Key Versioning), 프리픽스 전환, 점진적 롤아웃을 말하면 좋습니다. 실무에서는 v1 키와 v2 키를 병행하고, 읽기는 v2 우선으로 하되 v2 미스 시 v1에서 읽어 v2에 채우는 방식으로 점진 전환을 하기도 합니다. 또한 구버전 키를 전면 플러시(Cache Flush)로 지우면 미스 폭증이 발생하므로, TTL 기반 자연 소멸을 선호합니다. 마이그레이션 과정에서 관측성(Observability)으로 오류율/미스율 변화를 추적하는 것도 필수입니다. 캐시 스키마 마이그레이션은 “운영에서 안전하게 바꾸는 능력”을 보여주는 주제입니다.	캐시 스키마 마이그레이션									redis	caching	deployment	operations
Q864	캐시 세그먼테이션(Cache Segmentation)		Backend - 아키텍처 패턴	20	INITIALS	MEDIUM	사용자 그룹/지역/테넌트별로 캐시를 논리적으로 분리해 관리하는 전략을 무엇이라고 하는가?	캐시 세그먼테이션(Cache Segmentation)은 사용자 그룹, 지역(region), 테넌트(tenant)별로 캐시(Cache)를 논리적으로 분리해 관리하는 전략입니다. 멀티테넌트 서비스에서 테넌트 간 데이터가 섞이면 보안 사고로 직결되기 때문에 면접에서도 관심 있게 물어볼 수 있습니다. 실무에서는 키 스키마에 tenantId를 포함해 분리하거나, 테넌트별 네임스페이스를 두어 충돌과 누출을 방지합니다. 다만 세그먼트가 너무 세분화되면 키 수가 폭발(Key Explosion)해 캐시 효율이 떨어질 수 있어, 중요한 경계만 분리하는 것이 좋습니다. 또한 세그먼트별 트래픽 편차로 핫 세그먼트가 생길 수 있으니 모니터링이 필요합니다. 세그먼테이션은 스케일링(Scaling)과 보안이 만나는 캐시 설계 포인트입니다.	캐시 세그먼테이션									caching	redis	scaling	security
Q865	캐시 멀티테넌시(Cache Multi-tenancy)		Backend - 아키텍처 패턴	20	INITIALS	MEDIUM	하나의 Redis를 여러 테넌트가 공유하되 논리적으로 격리해 쓰는 운영 방식을 무엇이라고 하는가?	캐시 멀티테넌시(Cache Multi-tenancy)는 하나의 Redis(Redis)를 여러 테넌트(tenant)가 공유하되, 키 규칙과 접근 제어로 논리적 격리를 유지하는 운영 방식입니다. 비용 효율은 좋아지지만, 키 충돌(Key Collision)이나 데이터 누출 위험이 커져 면접에서는 안전장치를 어떻게 두는지 물을 수 있습니다. 실무에서는 tenantId를 키 스키마에 포함하고, 네임스페이스를 강제하며, 권한이 분리된 연결 설정을 둡니다. 또한 특정 테넌트가 트래픽 폭주를 일으키면 전체 Redis가 영향을 받으므로, 레이트 리밋과 테넌트별 쿼터(quota)가 필요합니다. 심한 경우 테넌트별 인스턴스 분리로 격리하는 선택도 합니다. 멀티테넌시는 스케일링(Scaling)에서 비용과 위험의 트레이드오프를 다루는 주제입니다.	캐시 멀티테넌시									redis	scaling	caching	operations
Q866	캐시 쿼터(Cache Quota)		Backend - 아키텍처 패턴	20	INITIALS	MEDIUM	기능/테넌트별로 캐시 사용량 한도를 두는 정책을 무엇이라고 하는가?	캐시 쿼터(Cache Quota)는 기능 또는 테넌트별로 캐시(Cache) 사용량(키 수, 메모리)을 제한하는 정책입니다. 멀티테넌시(Cache Multi-tenancy) 환경에서 한 테넌트가 캐시를 독점하면 다른 테넌트가 eviction(Eviction) 피해를 볼 수 있어, 쿼터 정책이 중요합니다. 면접에서는 “공유 인프라에서 공정성을 어떻게 보장하나” 질문으로 나올 수 있습니다. 실무에서는 테넌트별 prefix 기준으로 키 수/메모리 사용량을 모니터링하고, 일정 수준을 넘으면 캐시 저장을 제한하거나 TTL을 줄입니다. 또한 초과 시 서비스 품질 저하(Degrade)를 적용해 전체 시스템 보호를 우선합니다. 캐시 쿼터는 비용 효율을 유지하면서도 운영 리스크를 줄이는 실전 정책입니다.	캐시 쿼터									scaling	redis	caching	governance
Q867	캐시 롤백(Cache Rollback)		Backend - 아키텍처 패턴	20	INITIALS	MEDIUM	잘못된 캐시 변경(키/포맷/TTL)을 되돌려 장애를 복구하는 절차를 무엇이라고 하는가?	캐시 롤백(Cache Rollback)은 잘못된 캐시(Cache) 변경(키 스키마, TTL, 직렬화 포맷)을 되돌려 장애를 복구하는 절차입니다. 면접에서는 “캐시 변경도 배포처럼 롤백 전략이 있나”를 물을 수 있는데, 키 버저닝(Key Versioning)과 프리픽스 전환은 롤백을 쉽게 만드는 대표 기법입니다. 실무에서는 전면 플러시(Cache Flush)로 롤백하려 하면 오히려 미스 폭증이 발생하므로, 버전/프리픽스 스위치로 트래픽을 이전 경로로 되돌리는 방식을 선호합니다. 또한 롤백 시점에 구버전 캐시가 아직 남아 있어야 하므로, TTL을 지나치게 짧게 잡는 것이 운영 리스크가 될 수도 있습니다. 관측성(Observability)으로 변경 전후를 비교해 문제를 빠르게 특정하는 것도 중요합니다. 캐시 롤백은 “운영 가능한 캐시 설계”의 핵심입니다.	캐시 롤백									redis	caching	operations	resilience
Q868	캐시 런북(Cache Runbook)		Software Engineering - 개발 프로세스	58	INITIALS	MEDIUM	캐시 장애 대응 절차를 문서화해 두는 운영 문서를 무엇이라고 하는가?	캐시 런북(Cache Runbook)은 캐시(Cache) 장애 대응 절차를 문서화해 둔 운영 문서입니다. Redis(Redis)는 장애 시 DB까지 연쇄 영향이 커서, 누구나 따라 할 수 있는 절차가 중요합니다. 면접에서도 SRE/운영 관점 질문에서 “장애 대응 프로세스”를 묻는 경우가 있어 런북 경험은 강점이 됩니다. 실무 런북에는 증상별 체크(미스율/지연/eviction), 즉시 조치(캐시 브레이크, 레이트 리밋), 근본 조치(핫 키/빅 키 제거)까지 포함하는 것이 좋습니다. 또한 플러시(Cache Flush) 같은 위험 작업은 권한과 승인 절차를 명확히 적어야 합니다. 런북은 스케일링(Scaling) 환경에서 “사람이 시스템을 지탱하는 마지막 장치”입니다.	캐시 런북									scaling	redis	operations	caching
Q869	서킷 브레이커(Circuit Breaker)		Backend - 아키텍처 패턴	20	INITIALS	MEDIUM	Redis 같은 의존성이 실패할 때 요청을 빠르게 차단해 연쇄 장애를 막는 패턴을 무엇이라고 하는가?	서킷 브레이커(Circuit Breaker)는 Redis(Redis) 같은 외부 의존성이 실패하거나 지연이 커질 때 요청을 빠르게 차단해 연쇄 장애를 막는 패턴입니다. 캐시는 보통 “빠를 것”을 기대하지만, 느려지면 오히려 스레드/커넥션 풀을 고갈시키므로 빠른 실패(fail-fast)가 중요합니다. 면접에서는 타임아웃(Timeout), 재시도(Retry)와 함께 브레이커를 어떻게 설정해야 하는지(열림/닫힘 조건, 반개방 상태)를 묻기도 합니다. 실무에서는 브레이커가 열리면 폴백(Fallback) 트래픽이 DB를 터뜨리지 않도록 레이트 리밋과 디그레이드(Degrade)를 같이 둡니다. 또한 브레이커의 임계값은 p99 지연과 오류율에 기반해 튜닝해야 하며, 관측성으로 과도 발동을 점검합니다. 서킷 브레이커는 캐시 운영에서 “장애 확산”을 막는 대표 안전장치입니다.	서킷 브레이커									redis	scaling	resilience	caching
Q870	타임아웃(Timeout)		Backend - 웹 서버 기초	17	INITIALS	MEDIUM	Redis 호출이 오래 걸릴 때 무한 대기를 막기 위해 최대 대기 시간을 두는 것을 무엇이라고 하는가?	타임아웃(Timeout)은 Redis(Redis) 호출이 오래 걸릴 때 무한 대기를 막기 위해 최대 대기 시간을 두는 설정입니다. 캐시가 느려지면 대기열(Queueing)이 쌓여 전체 시스템이 느려지는 문제가 생기므로, 타임아웃은 필수 안전장치입니다. 면접에서는 “타임아웃을 짧게 두면 미스가 늘지 않나” 같은 질문이 나올 수 있는데, 맞지만 시스템 붕괴를 막기 위해 우선순위는 ‘생존’이라고 설명하면 좋습니다. 실무에서는 타임아웃 + 서킷 브레이커(Circuit Breaker) + 레이트 리밋(Rate Limit) 조합으로 안정성을 확보합니다. 또한 타임아웃 값을 너무 길게 두면 스레드 풀이 고갈되고, 너무 짧게 두면 불필요한 우회가 증가하므로 p95/p99 기반으로 튜닝해야 합니다. 타임아웃은 캐시/스케일링 설계에서 가장 기본이자 가장 중요한 수치 설정입니다.	타임아웃									redis	caching	resilience	scaling
Q871	재시도(Retry)		Backend - 아키텍처 패턴	20	INITIALS	MEDIUM	일시적 실패 시 Redis 요청을 다시 보내 성공을 기대하는 전략을 무엇이라고 하는가?	재시도(Retry)는 일시적 네트워크 오류나 타임아웃 같은 실패가 발생했을 때 요청을 다시 보내 성공을 기대하는 전략입니다. 면접에서는 재시도가 왜 위험할 수 있는지(실패 폭주를 악화, thundering herd)를 반드시 함께 설명해야 합니다. 특히 Redis(Redis)가 느리거나 다운된 상황에서 무작정 재시도하면 트래픽이 더 늘어 장애가 커집니다. 실무에서는 지수 백오프(exponential backoff)와 지터(jitter)를 적용하고, 재시도 횟수 제한과 서킷 브레이커(Circuit Breaker)를 함께 둡니다. 또한 읽기/쓰기/중요도에 따라 재시도 정책을 다르게 가져가고, 멱등성(idempotency)이 보장되지 않는 요청은 재시도를 신중히 해야 합니다. 재시도는 캐시 안정성에서 “약”이 될 수도, “독”이 될 수도 있는 도구입니다.	재시도									redis	scaling	resilience	caching
Q872	지수 백오프(Exponential Backoff)		Network - 네트워크 기초	29	INITIALS	MEDIUM	재시도 간격을 점점 늘려 실패 폭주를 완화하는 기법을 무엇이라고 하는가?	지수 백오프(Exponential Backoff)는 재시도(Retry) 간격을 점점 늘려 실패 폭주를 완화하는 기법입니다. 캐시나 Redis(Redis) 같은 의존성이 불안정할 때 동시에 재시도하면 트래픽이 더 늘어 장애가 심해질 수 있어, 백오프는 매우 중요합니다. 면접에서는 백오프에 지터(jitter)를 섞어 동시 재시도 쏠림을 줄이는 것까지 말하면 좋습니다. 실무에서는 최대 대기 시간(max delay), 최대 재시도 횟수, 전체 타임아웃 budget을 함께 관리합니다. 또한 백오프는 “성공률”을 높이기보다 “시스템 안정성”을 높이는 목적이 크다는 점을 이해해야 합니다. 지수 백오프는 스케일링(Scaling) 환경에서 실패 대응의 기본 패턴입니다.	지수 백오프									redis	scaling	resilience	network
Q873	분산 락(Distributed Lock)		Database - 트랜잭션 및 동시성 제어	25	INITIALS	HARD	여러 서버 인스턴스가 같은 자원에 동시에 접근하지 못하도록 Redis를 이용해 잠금을 구현하는 방식을 무엇이라고 하는가?	분산 락(Distributed Lock)은 여러 서버 인스턴스가 같은 자원(예: 같은 주문, 같은 재고)에 동시에 접근해 충돌하지 않도록, 네트워크越(분산) 환경에서 잠금(Lock)을 구현하는 방식입니다. Redis(Redis)는 빠르고 원자 연산(atomic operation)이 있어 분산 락 구현에 자주 쓰이며, 면접에서도 “왜 DB 락만으로는 부족할 수 있나”와 함께 단골로 등장합니다. 실무 포인트는 락의 TTL(Time To Live)을 반드시 두고, 락 획득 실패 시 재시도(Retry) 정책과 백오프(backoff)를 설계해야 한다는 점입니다. 또한 프로세스가 죽거나 GC Stop-the-world 같은 이슈로 락 해제가 늦어질 수 있어, 임계 구역(critical section) 시간을 짧게 유지하는 것이 중요합니다. 더 안전한 구현을 위해 Redlock(Redlock) 같은 알고리즘을 고려하지만, 적용 전 트레이드오프와 환경 적합성을 검토해야 합니다. 분산 락은 캐싱·스케일링(Redis)에서 “가장 위험하면서도 자주 필요한” 고급 주제입니다.	분산 락									redis	caching	scaling	concurrency
Q874	레드락(Redlock)		Database - 트랜잭션 및 동시성 제어	25	INITIALS	HARD	여러 Redis 인스턴스에서 과반수 락을 획득해 분산 락의 안정성을 높이려는 알고리즘을 무엇이라고 하는가?	레드락(Redlock)은 Redis(Redis) 창시자 측에서 제안한 분산 락 알고리즘으로, 여러 Redis 인스턴스(또는 노드)에서 과반수(quorum)의 락을 획득해 락의 안전성을 높이려는 접근입니다. 면접에서는 “단일 Redis에 락을 두면 어떤 문제가 생기나” 질문에서 레드락을 언급하며 가용성과 안전성의 균형을 설명할 수 있습니다. 실무에서는 네트워크 파티션(network partition), 시계 오차(clock drift), 지연(latency) 같은 현실적인 분산 시스템 문제를 고려해야 하며, 레드락이 모든 상황에서 완벽하다고 단정하면 오히려 감점이 될 수 있습니다. 또한 락이 필요한 비즈니스 영역(결제/재고)에서는 DB의 유니크 제약(unique constraint)이나 트랜잭션과 함께 “이중 안전장치”로 설계하는 경우가 많습니다. 레드락은 캐싱·스케일링(Redis)에서 분산 합의와 장애 모델을 이해하는지 확인하는 고난도 포인트입니다.	레드락									redis	scaling	lock	reliability
Q875	펜싱 토큰(Fencing Token)		Database - 트랜잭션 및 동시성 제어	25	INITIALS	HARD	락을 획득한 요청에 단조 증가 토큰을 부여해 오래된 작업이 최신 작업을 덮지 못하게 막는 기법을 무엇이라고 하는가?	펜싱 토큰(Fencing Token)은 분산 락(Distributed Lock) 환경에서 “락을 잡았던 오래된 작업”이 뒤늦게 실행되어 최신 상태를 덮어쓰는 문제를 막기 위해, 단조 증가(monotonic) 토큰을 부여하는 기법입니다. 면접에서는 “락이 있다고 끝이 아니다”를 보여주는 대표 개념이라, 분산 환경의 타이밍 문제(지연, 재시도, GC pause)를 이해하는지 확인합니다. 실무에서는 Redis(Redis)에서 INCR 같은 원자 연산으로 토큰을 만들고, DB 업데이트 시 토큰 조건(예: token이 더 큰 경우만 적용)으로 안전장치를 둡니다. 특히 결제/재고처럼 정확성이 중요한 영역은 락만 믿지 않고 펜싱 토큰 또는 DB 조건 업데이트를 결합하는 패턴이 흔합니다. 구현 시에는 토큰 저장 위치와 비교 로직을 반드시 일관되게 유지해야 하며, 토큰 오버플로우/리셋 정책도 고려해야 합니다. 펜싱 토큰은 캐싱·스케일링(Redis)에서 분산 동시성 제어의 핵심 심화 개념입니다.	펜싱 토큰									redis	scaling	concurrency	lock
Q876	락 스플릿 브레인(Lock Split-Brain)		Computer Science - 병렬/분산 처리	69	INITIALS	HARD	네트워크 분할 등으로 서로 다른 노드가 동시에 락을 획득했다고 착각하는 상황을 무엇이라고 하는가?	락 스플릿 브레인(Lock Split-Brain)은 네트워크 분할(network partition)이나 장애 전파 문제로 인해 서로 다른 노드가 동시에 락을 획득했다고 “착각”하는 상황을 말합니다. 면접에서는 분산 락이 왜 어려운지 설명할 때 스플릿 브레인을 예로 들면 설득력이 높습니다. 실무에서는 단일 Redis(Redis)만으로 락을 구현하면 스플릿 브레인 리스크가 커질 수 있어, 장애 모델을 이해하고 쿼럼(quorum) 기반 접근(예: Redlock)이나 DB 제약을 추가 안전장치로 둡니다. 또한 락 TTL(Time To Live)이 너무 짧거나, 시계 오차(clock drift)가 크면 스플릿 브레인 가능성이 올라갑니다. 결국 “락으로 정확성을 보장한다”는 주장은 분산 환경에서 조건이 붙는다는 것을 알아야 합니다. 락 스플릿 브레인은 캐싱·스케일링(Redis)에서 분산 시스템의 본질적 한계를 묻는 고난도 주제입니다.	락 스플릿 브레인									redis	scaling	distributed	reliability
Q877	캐시 스탬피드(Cache Stampede)		Backend - 아키텍처 패턴	20	INITIALS	HARD	인기 키가 만료되거나 미스가 나서 다수 요청이 동시에 DB를 때리는 현상을 무엇이라고 하는가?	캐시 스탬피드(Cache Stampede)는 인기 키(Hot Key)가 만료(expiration)되거나 캐시 미스(Cache Miss)가 발생했을 때, 다수의 요청이 동시에 DB(Database)로 몰려 부하와 지연이 폭증하는 현상입니다. 면접에서는 캐시 설계에서 가장 단골로 나오는 장애 시나리오이며, 해결책을 단계적으로 설명할 수 있어야 합니다. 실무에서는 요청 합치기(Request Coalescing)나 단일 플라이트(SingleFlight)로 로딩을 하나로 합치고, 소프트 TTL(Soft TTL)로 스테일 서브(stale serve)를 허용해 폭주를 줄이기도 합니다. 또한 TTL 지터(TTL Jitter)로 만료 시점을 분산시키고, 워밍(Cache Warming)으로 주요 키를 미리 채워두는 방식도 효과적입니다. 단, 해결책은 도메인 정합성 요구와 함께 판단해야 하며, 무작정 스테일을 허용하면 품질 문제가 생길 수 있습니다. 캐시 스탬피드는 캐싱·스케일링(Redis) 실무에서 반드시 대비해야 하는 대표 장애 패턴입니다.	캐시 스탬피드									caching	redis	scaling	performance
Q878	스테일 서브(Stale Serve)		Backend - 아키텍처 패턴	20	INITIALS	HARD	Redis/DB가 느릴 때 최신 대신 이전 캐시 값을 제공해 가용성을 유지하는 전략을 무엇이라고 하는가?	스테일 서브(Stale Serve)는 Redis(Redis)나 DB(Database)가 느리거나 실패할 때 최신 데이터 대신 이전 캐시 값을 제공해 가용성을 유지하는 전략입니다. 면접에서는 장애 상황에서 사용자 경험을 어떻게 유지할지(디그레이드, 폴백)를 묻는 질문과 함께 나오기 쉽습니다. 실무에서는 “스테일 허용 가능한 데이터”에만 적용해야 하며, 가격/결제/권한 같은 영역에 무분별하게 쓰면 심각한 사고로 이어질 수 있습니다. 또한 스테일을 제공하는 동안 백그라운드 갱신을 시도하되, 갱신 폭주를 막기 위해 요청 합치기(Request Coalescing)와 백오프(backoff)를 적용합니다. 스테일 서브는 완벽한 정합성보다 “서비스 지속성”을 우선하는 선택이므로, 정책과 모니터링이 필수입니다. 스테일 서브는 캐싱·스케일링(Redis) 운영에서 자주 쓰이는 고급 생존 전략입니다.	스테일 서브									scaling	redis	caching	resilience
Q879	네거티브 캐싱(Negative Caching)		Backend - 아키텍처 패턴	20	INITIALS	HARD	“없음(null)” 결과도 짧게 캐싱해 반복 조회 부하를 줄이는 기법을 무엇이라고 하는가?	네거티브 캐싱(Negative Caching)은 데이터가 “없다(null/404)”는 결과도 짧게 캐싱(Cache)해 반복 조회 부하를 줄이는 기법입니다. 면접에서는 캐시 침투(Cache Penetration) 문제와 함께 자주 등장하며, 존재하지 않는 키를 계속 조회하면 DB에 지속 부하가 걸린다는 점을 설명해야 합니다. 실무에서는 네거티브 캐시 TTL을 짧게 두고, 실제로 데이터가 생성되는 시나리오(예: 가입 직후)에서 오래된 “없음”이 남지 않도록 주의합니다. 또한 권한/필터 조건이 있는 경우 “없음”이 사용자별로 달라질 수 있어 키 설계가 더 중요해집니다. 네거티브 캐싱은 단순하지만, 잘못 쓰면 사용자에게 존재하는 데이터가 안 보이는 장애를 만들 수 있어 정책 설계가 필요합니다. 네거티브 캐싱은 캐싱·스케일링(Redis)에서 실전 문제 해결 능력을 보여주는 고급 포인트입니다.	네거티브 캐싱									caching	redis	scaling	performance
Q880	캐시 침투(Cache Penetration)		Backend - 아키텍처 패턴	20	INITIALS	HARD	존재하지 않는 키를 반복 조회해 캐시를 우회하고 DB를 계속 때리는 문제를 무엇이라고 하는가?	캐시 침투(Cache Penetration)는 존재하지 않는 키를 반복 조회해 캐시(Cache)를 우회하고 DB(Database)를 계속 때리는 문제입니다. 정상 사용자 패턴에서도 생길 수 있지만, 악의적 트래픽(봇/공격)에서 더 심각해질 수 있어 면접에서 보안/운영 관점으로도 질문이 나옵니다. 실무에서는 네거티브 캐싱(Negative Caching), 블룸 필터(Bloom Filter), 입력 검증, 레이트 리밋(Rate Limit)로 방어합니다. 특히 상품/콘텐츠 ID처럼 범위가 명확한 경우, 유효하지 않은 ID 요청을 애초에 차단하는 것이 효과적입니다. 또한 캐시 침투는 “캐시가 있다”는 가정이 깨지는 케이스이므로, DB 보호 장치(쿼리 타임아웃, 커넥션 풀 보호)도 함께 있어야 합니다. 캐시 침투는 캐싱·스케일링(Redis)에서 현실적인 장애 시나리오 중 하나입니다.	캐시 침투									redis	caching	scaling	security
Q881	블룸 필터(Bloom Filter)		Data Structure & Algorithm - 기타 알고리즘	44	INITIALS	HARD	존재 여부를 빠르게 판별하되 거짓 양성(false positive)을 허용하는 확률 자료구조를 무엇이라고 하는가?	블룸 필터(Bloom Filter)는 어떤 원소가 집합에 “존재할 수도 있는지”를 빠르게 판별하는 확률 자료구조로, 거짓 양성(false positive)은 가능하지만 거짓 음성(false negative)은 없는 것이 특징입니다. 면접에서는 캐시 침투(Cache Penetration) 방어로 블룸 필터를 제시하면 자료구조 이해도가 높게 평가될 수 있습니다. 실무에서는 Redis(Redis) 앞단에서 “존재할 수 없는 키”를 빠르게 걸러 DB로 가는 불필요한 요청을 줄입니다. 다만 거짓 양성이 있으므로 “있다”고 판단해도 실제로는 없을 수 있어, 최종 확인은 DB/캐시 조회가 필요합니다. 또한 필터 업데이트(추가/삭제) 방식과 메모리 크기, 해시 함수 수를 설계해야 하며, 재빌드 전략도 준비해야 합니다. 블룸 필터는 캐싱·스케일링(Redis)에서 성능과 확률 모델을 함께 묻는 고난도 주제입니다.	블룸 필터									redis	caching	scaling	algorithm
Q882	캐시 오염(Cache Pollution)		Backend - 아키텍처 패턴	20	INITIALS	HARD	의미 없는 데이터가 캐시에 다량 저장되어 히트율과 효율이 떨어지는 문제를 무엇이라고 하는가?	캐시 오염(Cache Pollution)은 의미 없는 데이터가 캐시(Cache)에 대량 저장되어, 중요한 핫 데이터가 eviction(Eviction)으로 밀리고 히트율(Hit Rate)이 떨어지는 문제입니다. 면접에서는 “무엇을 캐싱해야 하는가” 질문에서 오염을 피하는 기준(재사용률, 비용 대비 효과, 데이터 변경 빈도)을 설명할 수 있어야 합니다. 실무에서는 캐싱 대상 선정, 키 폭발(Key Explosion) 방지, TTL 조정으로 오염을 줄이며, 특히 검색/필터 결과처럼 조합이 많은 데이터는 캐싱 범위를 제한하는 것이 일반적입니다. 또한 오염이 심하면 메모리 사용량이 증가해 Redis(Redis) 운영 비용과 장애 위험이 올라갑니다. 오염을 줄이기 위해 인기 상위 키만 캐싱하거나, 결과를 요약/압축해 저장하는 방법도 고려합니다. 캐시 오염은 캐싱·스케일링(Redis)에서 “캐시는 많이 넣을수록 좋다”는 오해를 바로잡는 핵심 개념입니다.	캐시 오염									caching	redis	scaling	performance
Q883	키 폭발(Key Explosion)		Backend - 아키텍처 패턴	20	INITIALS	HARD	파라미터 조합이 많아 캐시 키 수가 급격히 증가하는 문제를 무엇이라고 하는가?	키 폭발(Key Explosion)은 파라미터 조합(정렬/필터/페이지/언어/권한 등)으로 인해 캐시 키(Key) 수가 급격히 증가하는 문제입니다. 면접에서는 캐시 도입 후 메모리가 급증하거나 히트율이 낮아진 사례를 제시하며 원인을 찾게 하는 질문이 나옵니다. 실무에서는 키 정규화(Key Normalization), 캐시 범위 제한(특정 페이지까지만), 인기 조합만 캐싱, TTL 단축으로 대응합니다. 또한 키 스키마(Key Schema)에 불필요한 파라미터가 포함되면 폭발이 더 심해지므로, “의미가 달라지는 요소만 포함”하는 원칙이 중요합니다. 키 폭발은 Redis(Redis) 비용을 폭증시키고 eviction을 유발해 성능을 떨어뜨릴 수 있습니다. 키 폭발을 제어하는 것이 캐싱·스케일링(Redis) 운영의 핵심입니다.	키 폭발									redis	caching	scaling	key_design
Q884	핫 키(Hot Key)		Backend - 아키텍처 패턴	20	INITIALS	HARD	특정 키 하나에 트래픽이 집중되어 Redis 단일 스레드/네트워크 병목을 만드는 현상을 무엇이라고 하는가?	핫 키(Hot Key)는 특정 키(Key)에 트래픽이 과도하게 집중되어 Redis(Redis)의 단일 스레드 처리, 네트워크, 또는 특정 샤드/슬롯이 병목이 되는 현상입니다. 면접에서는 “Redis는 빠른데 왜 느려지나” 질문에서 핫 키와 빅 키(Big Key)를 구분해 설명하는 능력을 봅니다. 실무에서는 키 샤딩(예: user:123:rank -> user:123:rank:1..N), 로컬 캐시(L1) 흡수, TTL 분산, 읽기 전용 복제(Replica) 활용 등으로 완화합니다. 또한 핫 키는 대개 비즈니스적으로 인기 데이터(메인 배너, 인기 게시글)라서 사전 예측이 가능하니, 출시 전 부하 테스트와 캐시 전략이 중요합니다. 모니터링에서 특정 키의 QPS/지연이 튀는지 추적할 수 있어야 합니다. 핫 키는 캐싱·스케일링(Redis)에서 성능 병목의 대표 원인입니다.	핫 키									redis	scaling	caching	performance
Q885	빅 키(Big Key)		Database - 인덱스 및 성능	26	INITIALS	HARD	값이 지나치게 커서 Redis 메모리/네트워크/지연을 악화시키는 키를 무엇이라고 하는가?	빅 키(Big Key)는 값(value) 크기가 지나치게 커서 Redis(Redis) 메모리 사용량, 네트워크 전송, 직렬화/역직렬화 비용, 지연(latency)을 악화시키는 키를 말합니다. 면접에서는 핫 키(Hot Key)와 함께 “Redis 장애 원인”으로 자주 묻고, big key는 트래픽이 적어도 느릴 수 있다는 점을 설명해야 합니다. 실무에서는 big key를 분할(샤딩)하거나, 데이터 구조를 바꾸고, 필요한 필드만 저장하는 방식으로 줄입니다. 또한 big key 삭제/만료가 한 번에 이루어지면 지연 스파이크가 생길 수 있어, 점진 삭제나 TTL 분산을 고려합니다. Redis는 단일 스레드로 명령을 처리하는 특성이 있어 big key 작업이 전체 성능에 영향을 줄 수 있습니다. 빅 키 관리는 캐싱·스케일링(Redis) 운영에서 필수적인 고급 역량입니다.	빅 키									redis	caching	scaling	performance
Q886	캐시 어사이드(Cache Aside)		Backend - 아키텍처 패턴	20	INITIALS	HARD	애플리케이션이 캐시를 먼저 보고 없으면 DB 조회 후 캐시에 넣는 패턴을 무엇이라고 하는가?	캐시 어사이드(Cache Aside)는 애플리케이션이 캐시(Cache)를 먼저 조회하고, 미스(Cache Miss)면 DB(Database)에서 읽어온 뒤 캐시에 채우는 패턴입니다. 면접에서는 가장 기본 캐시 패턴이지만, HARD에서는 “레이스 컨디션(동시 미스), 무효화 전략, 스탬피드 대응”까지 설명할 수 있는지로 난이도가 올라갑니다. 실무에서는 업데이트 시 캐시 무효화(Cache Invalidation)를 어떻게 할지(삭제 후 DB 업데이트 vs DB 업데이트 후 삭제)와 같은 순서 문제가 중요합니다. 또한 캐시를 채울 때 TTL 지터(TTL Jitter), 요청 합치기(Request Coalescing), 네거티브 캐싱 등과 결합해 안정성을 높입니다. 캐시 어사이드는 단순해 보여도 운영에서는 고려할 점이 많아, “패턴 이름 + 리스크 + 대응” 세트를 말할 수 있어야 합니다. 캐시 어사이드는 캐싱·스케일링(Redis)에서 실무 이해도를 가르는 대표 패턴입니다.	캐시 어사이드									caching	redis	scaling	architecture
Q887	라이트 스루(Write Through)		Backend - 아키텍처 패턴	20	INITIALS	HARD	쓰기 시 캐시와 DB를 함께 갱신해 정합성을 높이는 캐시 쓰기 전략을 무엇이라고 하는가?	라이트 스루(Write Through)는 데이터 쓰기(write) 시 캐시(Cache)와 DB(Database)를 함께 갱신해 정합성을 높이는 캐시 쓰기 전략입니다. 면접에서는 캐시 어사이드(Cache Aside)와 비교해 장단점(정합성 vs 쓰기 비용, 지연)을 설명하는 질문이 나올 수 있습니다. 실무에서는 쓰기 트래픽이 많으면 캐시 쓰기 비용이 커지고, 캐시가 병목이 될 수 있어 신중히 선택해야 합니다. 또한 실패 시 처리(캐시 성공/DB 실패, DB 성공/캐시 실패)를 어떻게 할지 보상 트랜잭션이나 재시도 정책을 설계해야 합니다. 정합성이 중요한 설정값/권한 데이터에 제한적으로 적용하는 경우가 많습니다. 라이트 스루는 캐싱·스케일링(Redis)에서 “쓰기 정합성”을 다루는 고급 패턴입니다.	라이트 스루									redis	caching	scaling	consistency
Q888	라이트 비하인드(Write Behind)		Backend - 비동기 처리	19	INITIALS	HARD	쓰기는 캐시에 먼저 반영하고 DB 반영은 비동기로 지연시키는 전략을 무엇이라고 하는가?	라이트 비하인드(Write Behind)는 쓰기(write)를 캐시(Cache)에 먼저 반영하고, DB(Database) 반영은 비동기로 지연시키는 전략입니다. 면접에서는 성능은 좋아지지만 장애 시 데이터 유실 위험이 커지는 점을 반드시 설명해야 합니다. 실무에서는 큐(queue)나 로그(log)를 통해 DB 반영 작업을 내구성 있게(durable) 보관하고, 재처리(replay) 체계를 갖추지 않으면 위험합니다. 또한 읽기 시에는 캐시 값이 최신이지만 DB는 지연된 상태라, DB 기반 리포팅/정산 시스템과의 정합성 문제가 생길 수 있습니다. 결국 라이트 비하인드는 “가용성과 성능”을 위해 “강한 정합성”을 일부 포기하는 선택이므로 도메인 적합성이 핵심입니다. 라이트 비하인드는 캐싱·스케일링(Redis)에서 분산 시스템 사고를 요구하는 고난도 패턴입니다.	라이트 비하인드									redis	caching	scaling	async
Q889	멱등성(Idempotency)		Backend - 웹 서버 기초	17	INITIALS	HARD	재시도 환경에서도 같은 요청을 여러 번 처리해도 결과가 같도록 보장하는 성질을 무엇이라고 하는가?	멱등성(Idempotency)은 같은 요청을 여러 번 수행해도 결과가 변하지 않도록 보장하는 성질입니다. Redis(Redis) 기반 재시도(Retry), 분산 락(Distributed Lock), 라이트 비하인드(Write Behind) 같은 패턴에서 멱등성이 없으면 중복 처리(중복 결제/중복 차감)가 발생할 수 있어 면접에서 중요하게 다뤄집니다. 실무에서는 idempotency key를 발급해 Redis에 처리 여부를 저장하거나, DB 유니크 제약(unique constraint)으로 중복을 차단합니다. 또한 키 TTL을 적절히 잡아 저장소가 무한히 커지지 않게 하고, 실패/부분 성공 시에도 일관되게 동작하도록 상태 머신을 설계합니다. 멱등성은 캐싱이라기보다 “분산 환경의 안정성”을 위한 기본 원칙이지만, Redis가 구현 수단으로 자주 쓰입니다. 멱등성을 설명할 수 있으면 캐싱·스케일링(Redis) 실무 감각이 확 올라갑니다.	멱등성									redis	scaling	reliability	caching
Q890	원자성(Atomicity)		Database - 트랜잭션 및 동시성 제어	25	INITIALS	HARD	Redis에서 INCR 같은 연산이 중간 상태 없이 한 번에 수행되는 성질을 무엇이라고 하는가?	원자성(Atomicity)은 연산이 중간 상태 없이 “한 번에” 수행되는 성질입니다. Redis(Redis)는 단일 스레드 이벤트 루프로 많은 명령을 처리하기 때문에, INCR/DECR 같은 연산이 원자적으로 수행되어 카운터나 락 구현에 자주 활용됩니다. 면접에서는 원자성이 왜 동시성 문제를 줄이는지, 하지만 여러 키를 묶은 복합 로직은 여전히 주의가 필요하다는 점을 설명할 수 있어야 합니다. 실무에서는 원자 연산만으로 해결이 안 되는 경우 Lua 스크립트(Lua Script)로 여러 단계 로직을 원자적으로 묶기도 합니다. 또한 원자성은 “그 연산 단위”에서만 보장되므로, 네트워크 장애나 클라이언트 재시도까지 포함하면 멱등성(Idempotency) 같은 추가 개념이 필요합니다. 원자성은 캐싱·스케일링(Redis)에서 동시성 제어의 기초이자, 고급 패턴으로 연결되는 핵심 개념입니다.	원자성									redis	caching	scaling	concurrency
Q891	캐시 무효화 경쟁(Invalidation Race)		Backend - 아키텍처 패턴	20	INITIALS	HARD	DB 업데이트와 캐시 삭제 순서/타이밍이 엇갈려 최신 값이 아닌 캐시가 다시 채워지는 문제를 무엇이라고 하는가?	캐시 무효화 경쟁(Invalidation Race)은 DB(Database) 업데이트와 캐시(Cache) 삭제/갱신 타이밍이 엇갈리면서 최신 값이 아닌 캐시가 다시 채워지는 문제입니다. 면접에서는 캐시 어사이드(Cache Aside) 패턴의 “어려운 지점”으로 자주 출제되며, 단순히 “삭제하면 된다” 수준을 넘어 레이스 시나리오를 설명해야 합니다. 실무에서는 업데이트 후 삭제(invalidate-after-write) 같은 순서를 표준화하거나, DB 커밋 이후에만 캐시를 지우도록 트랜잭션 이벤트로 묶는 방법을 씁니다. 또한 캐시 채움(load) 시점에 버전 토큰(version token)이나 펜싱 토큰(Fencing Token) 개념을 응용해 오래된 로더가 최신을 덮지 못하게 막기도 합니다. 강한 정합성이 필요한 경우에는 write-through 같은 패턴을 제한적으로 쓰거나, 캐시를 단순 조회 가속으로만 사용해 영향 범위를 줄입니다. 무효화 경쟁은 캐싱·스케일링(Redis)에서 “정합성 리스크”를 대표하는 고난도 포인트입니다.	캐시 무효화 경쟁									caching	redis	scaling	consistency
Q892	더블 딜리트(Double Delete)		Backend - 아키텍처 패턴	20	INITIALS	HARD	캐시 무효화 레이스를 줄이기 위해 DB 업데이트 전후로 캐시를 두 번 삭제하는 전략을 무엇이라고 하는가?	더블 딜리트(Double Delete)는 캐시 무효화 경쟁(Invalidation Race)을 줄이기 위해, DB 업데이트 전후로 캐시를 두 번 삭제하는 전략입니다. 면접에서는 “왜 두 번 지우나”를 레이스 시나리오로 설명할 수 있어야 고득점이 나옵니다. 실무에서는 1차 삭제 후 DB 업데이트, 그리고 짧은 지연(delay) 후 2차 삭제를 수행해, 업데이트 중간에 들어온 로더가 오래된 값을 다시 캐시에 채우는 위험을 줄입니다. 다만 지연을 얼마나 둘지, 그리고 2차 삭제를 확실히 수행하기 위한 비동기 작업(큐/스케줄러) 신뢰성이 중요합니다. 또한 두 번 삭제해도 완전한 해결책은 아니며, 트래픽이 높거나 지연이 불안정한 환경에서는 버전 키(key versioning)나 메시지 기반 무효화가 더 적합할 수 있습니다. 더블 딜리트는 캐싱·스케일링(Redis)에서 레이스 대응의 대표적인 실무 테크닉입니다.	더블 딜리트									redis	caching	scaling	operations
Q893	캐시 일관성 모델(Cache Consistency Model)		Computer Science - 병렬/분산 처리	69	INITIALS	HARD	캐시와 원본(DB) 사이에 어떤 수준의 정합성을 보장할지 정의하는 개념을 무엇이라고 하는가?	캐시 일관성 모델(Cache Consistency Model)은 캐시(Cache)와 원본 데이터(DB/Storage) 사이에 어떤 수준의 정합성(consistency)을 보장할지 정의하는 개념입니다. 면접에서는 강한 정합성(strong consistency)과 결과적 정합성(eventual consistency)을 캐시 관점에서 설명할 수 있는지 자주 봅니다. 실무에서는 “유저 프로필 표시”처럼 약간의 지연이 허용되는 영역은 eventual로 두고, “권한/결제/재고”처럼 민감한 영역은 캐시를 제한하거나 무효화/갱신을 엄격히 운영합니다. 또한 캐시 계층이 L1/L2로 늘어나면 일관성 모델이 더 복잡해져, 어떤 계층에서 무엇을 보장할지 문서화가 필요합니다. 일관성 모델이 없으면 팀마다 서로 다른 가정을 하게 되어 장애가 반복될 수 있습니다. 캐시 일관성 모델은 캐싱·스케일링(Redis)에서 설계 철학을 묻는 고난도 개념입니다.	캐시 일관성 모델									caching	redis	scaling	consistency
Q894	캐시 선반영(Read Repair)		Backend - 아키텍처 패턴	20	INITIALS	HARD	읽기 시점에 DB와 캐시 불일치를 발견하면 캐시를 즉시 수정해 정합성을 복구하는 방식을 무엇이라고 하는가?	캐시 선반영(Read Repair)은 읽기(read) 시점에 DB(Database)와 캐시(Cache)의 불일치를 발견하면, 캐시를 즉시 수정해 정합성을 복구하는 방식입니다. 면접에서는 캐시 드리프트(Cache Drift)를 어떻게 운영적으로 줄일지 질문할 때 유용한 답이 됩니다. 실무에서는 모든 요청에서 DB를 비교하면 비용이 너무 크기 때문에, 샘플링(sampling)이나 특정 조건(에러 발생, 버전 불일치)에서만 read repair를 적용하는 경우가 많습니다. 또한 read repair는 “읽는 요청”이 쓰기 작업까지 수행하게 되어 지연이 늘 수 있으므로, 비동기 갱신으로 분리하거나 워커로 넘기는 설계가 필요합니다. 중요한 점은 불일치가 발생하는 근본 원인을 해결하지 않으면 repair가 반복 비용이 되며, 결국 운영 부채가 쌓입니다. Read repair는 캐싱·스케일링(Redis)에서 정합성 유지 기법의 고급 옵션입니다.	캐시 선반영									redis	caching	scaling	consistency
Q895	캐시 워밍(Cache Warming)		Backend - 아키텍처 패턴	20	INITIALS	HARD	배포/증설 직후 미스 폭증을 막기 위해 주요 키를 미리 채워두는 작업을 무엇이라고 하는가?	캐시 워밍(Cache Warming)은 배포/증설 직후 캐시(Cache)가 비어 있어 미스(Cache Miss)가 폭증하는 상황을 막기 위해, 주요 키를 미리 채워두는 작업입니다. 면접에서는 오토스케일링(Autoscaling) 환경에서 p99가 튀는 이유와 해결책으로 자주 등장합니다. 실무에서는 전체 키를 다 채우기보다 “핵심 핫 키”만 선별해 워밍하고, 워밍 속도를 제한해 Redis/DB를 과부하시키지 않게 합니다. 또한 워밍 중에도 트래픽이 들어오기 때문에, 요청 합치기(Request Coalescing)와 TTL 지터(TTL Jitter)로 폭주 위험을 낮춥니다. 캐시 워밍이 실패했을 때의 운영 플랜(디그레이드, 레이트 리밋)도 함께 준비해야 합니다. 캐시 워밍은 캐싱·스케일링(Redis)에서 운영 설계 역량을 보여주는 고급 주제입니다.	캐시 워밍									caching	redis	scaling	operations
Q896	캐시 프리필(Cache Prefill)		Backend - 아키텍처 패턴	20	INITIALS	HARD	실제 트래픽 전에 배치/잡으로 캐시를 선제적으로 적재하는 방식을 무엇이라고 하는가?	캐시 프리필(Cache Prefill)은 실제 트래픽이 유입되기 전에 배치(batch)나 잡(job)으로 캐시(Cache)를 선제적으로 적재하는 방식입니다. 면접에서는 캐시 워밍(Cache Warming)과 차이를 물을 수 있는데, 워밍은 “가동 직후 안정화”에 가깝고 프리필은 “사전 적재”로 이해하면 좋습니다. 실무에서는 홈 화면/랭킹/인기 리스트처럼 트래픽이 예측 가능한 영역에 프리필을 적용해 초기 미스를 크게 줄입니다. 다만 프리필이 잘못되면 캐시 오염(Cache Pollution)이 발생하거나, 실제 사용자 요청과 다르게 채워져 효율이 떨어질 수 있습니다. 또한 프리필로 대량 쓰기가 발생하므로 Redis 메모리, 네트워크, 스로틀링(throttling) 정책을 함께 설계해야 합니다. 캐시 프리필은 캐싱·스케일링(Redis)에서 사전 운영 전략을 묻는 고급 개념입니다.	캐시 프리필									redis	caching	scaling	performance
Q897	캐시 슬램(Cache Slam)		Backend - 아키텍처 패턴	20	INITIALS	HARD	대량 워밍/프리필/무효화 이후 캐시에 쓰기가 폭주해 Redis가 느려지는 현상을 무엇이라고 하는가?	캐시 슬램(Cache Slam)은 대량 워밍(Cache Warming), 프리필(Cache Prefill), 또는 무효화(Cache Invalidation) 이후 캐시에 쓰기(write)가 폭주해 Redis(Redis)가 느려지고 전체 지연이 커지는 현상입니다. 면접에서는 “캐시를 채우는 작업이 오히려 장애를 만든다”는 역설적 케이스로 출제될 수 있습니다. 실무에서는 배치 크기와 초당 처리량을 제한(throttling)하고, 우선순위를 정해 핵심 키부터 천천히 채웁니다. 또한 Redis는 단일 스레드 특성상 긴 명령이나 대량 쓰기가 지연을 만들 수 있으므로, 파이프라이닝(pipelining) 최적화와 함께 “작게 나눠서” 쓰는 것이 중요합니다. 슬램이 발생하면 타임아웃/서킷 브레이커가 잦게 발동해 폴백 폭주가 생길 수 있으니, 운영 중에는 보호 장치와 모니터링을 필수로 둡니다. 캐시 슬램은 캐싱·스케일링(Redis)에서 운영 난이도를 보여주는 고난도 현상입니다.	캐시 슬램									caching	redis	scaling	operations
Q898	폴백 스톰(Fallback Storm)		Backend - 아키텍처 패턴	20	INITIALS	HARD	Redis 장애 시 폴백 경로(DB/API)로 트래픽이 몰려 연쇄 장애가 나는 현상을 무엇이라고 하는가?	폴백 스톰(Fallback Storm)은 Redis(Redis) 장애나 지연으로 인해 캐시 폴백(fallback) 경로(DB/API)로 트래픽이 한꺼번에 몰려 연쇄 장애가 발생하는 현상입니다. 면접에서는 “캐시가 죽으면 DB가 죽는다”를 구체적으로 설명할 수 있는지 확인하기 위해 자주 나옵니다. 실무에서는 캐시 브레이크(Cache Break), 레이트 리밋(Rate Limit), 디그레이드(Degrade), 스테일 서브(Stale Serve) 같은 방어 조합으로 폴백 트래픽을 통제해야 합니다. 또한 폴백 대상 API/쿼리에 타임아웃과 쿼리 보호(최대 비용 제한)를 걸어 DB가 완전히 붕괴하지 않게 합니다. 운영 관점에서는 폴백 발생률을 알람으로 잡고, 캐시 장애가 “사용자 장애”로 번지기 전에 차단하는 것이 목표입니다. 폴백 스톰은 캐싱·스케일링(Redis)에서 장애 전파를 이해하는 고난도 주제입니다.	폴백 스톰									redis	scaling	caching	resilience
Q899	캐시 브레이크(Cache Break)		Backend - 아키텍처 패턴	20	INITIALS	HARD	Redis가 불안정할 때 캐시 사용을 일시적으로 끄고 빠르게 우회해 시스템을 보호하는 전략을 무엇이라고 하는가?	캐시 브레이크(Cache Break)는 Redis(Redis)가 불안정하거나 지연이 커질 때 캐시 사용을 일시적으로 끄고, 빠르게 우회(fail-fast)해 시스템을 보호하는 전략입니다. 면접에서는 “캐시가 느려질 때 더 큰 장애를 막는 방법”으로 설명하면 좋습니다. 실무에서는 무조건 DB로 우회하면 폴백 스톰(Fallback Storm)이 생길 수 있으므로, 캐시 브레이크는 레이트 리밋과 디그레이드(일부 기능 축소)와 함께 설계해야 합니다. 또한 브레이크가 켜진 동안에도 스테일 서브(Stale Serve)처럼 ‘안전한’ 캐시 데이터만 제공하는 하이브리드 모드가 유용할 수 있습니다. 브레이크 조건은 지연(p99), 오류율, 타임아웃 비율 같은 지표에 기반해 자동화하고, 수동 스위치(운영 토글)도 준비하는 편이 좋습니다. 캐시 브레이크는 캐싱·스케일링(Redis)에서 “장애 확산 차단”을 위한 고급 운영 패턴입니다.	캐시 브레이크									caching	redis	scaling	operations
Q900	캐시 티어링(Cache Tiering)		Backend - 아키텍처 패턴	20	INITIALS	HARD	L1 로컬 + L2 Redis + (필요 시) CDN 등 다단 캐시 계층을 설계하는 것을 무엇이라고 하는가?	캐시 티어링(Cache Tiering)은 L1 로컬 캐시(Local Cache), L2 Redis(Redis) 같은 분산 캐시, 그리고 경우에 따라 CDN 같은 상위 캐시까지 다단 계층으로 캐시를 설계하는 것을 말합니다. 면접에서는 “성능을 위해 캐시를 여러 층으로 두면 어떤 문제가 생기나”를 묻고, 무효화/정합성/관측성 복잡도가 증가한다는 점을 짚어야 합니다. 실무에서는 계층별 TTL과 무효화 전략을 분리하고, 어떤 계층이 어떤 데이터에 책임을 지는지(예: 이미지/정적 vs API 응답)를 명확히 해야 합니다. 또한 티어링은 성능을 크게 올릴 수 있지만, 장애 시 디버깅이 어려워 런북(Runbook)과 지표(계층별 hit rate)가 필수입니다. 계층이 늘수록 스테일 데이터가 남을 가능성도 커지므로, 중요한 도메인은 티어링을 제한하거나 강한 무효화 경로를 둡니다. 캐시 티어링은 캐싱·스케일링(Redis)에서 아키텍처 설계력을 보는 고난도 주제입니다.	캐시 티어링									redis	caching	scaling	architecture
Q901	캐시 관측성(Cache Observability)		Software Engineering - 개발 프로세스	58	INITIALS	HARD	캐시 hit miss eviction latency 등을 지표로 수집해 원인을 추적하는 능력을 무엇이라고 하는가?	캐시 관측성(Cache Observability)은 캐시(Cache) hit/miss, eviction(Eviction), latency, 오류율 같은 지표를 수집·분석해 원인을 추적하는 능력과 체계를 말합니다. 면접에서는 “캐시 장애를 어떻게 진단하나” 질문에서 관측성을 구조적으로 답하면 운영 역량이 높게 평가됩니다. 실무에서는 Redis(Redis) 서버 지표(메모리, CPU, command latency, connected clients)와 애플리케이션 지표(hit rate, fallback rate, p99)를 함께 봐야 원인을 정확히 찾을 수 있습니다. 또한 슬로우 로그(slowlog)나 특정 키 추적이 필요할 수 있어, 키 샘플링과 태깅 전략도 중요합니다. 관측성이 부족하면 “캐시가 문제 같다” 수준에서 멈추고 해결이 늦어지므로, 알람과 대시보드를 표준화하는 것이 좋습니다. 캐시 관측성은 캐싱·스케일링(Redis)에서 운영 실력을 가르는 고난도 역량입니다.	캐시 관측성									redis	scaling	caching	monitoring
Q902	캐시 에러 버짓(Cache Error Budget)		Software Engineering - 원칙 & 규칙	59	INITIALS	HARD	SLO를 기준으로 허용되는 실패량을 예산처럼 관리하는 개념을 무엇이라고 하는가?	캐시 에러 버짓(Cache Error Budget)은 SLO(Service Level Objective)를 기준으로 허용되는 실패량(오류/지연)을 “예산”처럼 관리하는 개념입니다. 면접에서는 “운영에서 안정성과 개발 속도를 어떻게 균형 잡나” 질문에서 에러 버짓을 말하면 설득력이 큽니다. 실무에서는 캐시 장애/배포/워밍 작업이 에러 버짓을 얼마나 소모하는지 추적해, 예산이 부족하면 위험한 변경을 멈추거나 점진 롤아웃으로 전환합니다. 또한 에러 버짓이 자주 소모된다면, 핫 키(Hot Key)나 빅 키(Big Key) 같은 구조적 문제를 해결하는 우선순위를 올려야 합니다. 에러 버짓은 단순 운영 지표가 아니라 의사결정 프레임워크이므로, 팀 합의와 문화가 중요합니다. 캐시 에러 버짓은 캐싱·스케일링(Redis)을 SRE 관점으로 이해하는지 확인하는 고난도 주제입니다.	캐시 에러 버짓									redis	scaling	caching	sre
Q903	캐시 키 버저닝(Key Versioning)		Backend - 아키텍처 패턴	20	INITIALS	HARD	캐시 포맷 변경 시 키에 버전을 붙여 구버전과 공존시키는 전략을 무엇이라고 하는가?	캐시 키 버저닝(Key Versioning)은 캐시(Cache) 포맷이나 로직이 변경될 때 키(Key)에 버전을 붙여 구버전과 신버전을 공존시키는 전략입니다. 면접에서는 “배포 시 캐시 호환성” 질문에서 버저닝을 말하면 운영 경험이 드러납니다. 실무에서는 v1:product:123과 v2:product:123처럼 분리해, 전면 플러시(Cache Flush) 없이도 안전하게 전환/롤백이 가능하게 합니다. 또한 구버전 키는 TTL로 자연 소멸시키거나, 점진 정리 작업으로 제거해 미스 폭증을 피합니다. 버저닝을 하지 않으면 직렬화 포맷 변경으로 역직렬화 오류가 발생하거나, 오래된 캐시가 잘못된 응답을 만들어 장애로 이어질 수 있습니다. 키 버저닝은 캐싱·스케일링(Redis)에서 “안전한 변경”을 가능하게 하는 고난도 운영 패턴입니다.	캐시 키 버저닝									caching	redis	scaling	deployment
Q904	캐시 호환성(Cache Compatibility)		Backend - 아키텍처 패턴	20	INITIALS	HARD	배포/롤백 중 서로 다른 버전의 서버가 같은 캐시를 써도 안전하게 동작하는 성질을 무엇이라고 하는가?	캐시 호환성(Cache Compatibility)은 배포/롤백 동안 서로 다른 버전의 애플리케이션 인스턴스가 같은 캐시(Cache)를 공유해도 안전하게 동작하는 성질입니다. 면접에서는 블루-그린/카나리 배포 환경에서 캐시가 왜 문제를 만들 수 있는지(포맷 불일치, 키 스키마 변경)를 묻는 경우가 많습니다. 실무에서는 키 버저닝(Key Versioning), backward-compatible 직렬화(필드 추가는 허용, 제거는 신중), 그리고 읽기 경로의 방어(역직렬화 실패 시 무효화)를 통해 호환성을 확보합니다. 또한 Redis(Redis)에 저장하는 데이터는 “영구 저장”이 아니라는 가정이 있지만, 장애/롤백 상황에서는 캐시가 예상보다 오래 남아 문제를 일으킬 수 있습니다. 그래서 호환성은 캐시를 쓰는 이상 반드시 고려해야 하는 품질 속성입니다. 캐시 호환성은 캐싱·스케일링(Redis)에서 배포 안정성을 묻는 고난도 주제입니다.	캐시 호환성									redis	caching	scaling	reliability
Q905	캐시 직렬화(Serialization)		Backend - 언어 & 프레임워크	21	INITIALS	HARD	객체를 Redis에 저장하기 위해 바이트/문자열 형태로 변환하는 과정을 무엇이라고 하는가?	캐시 직렬화(Serialization)는 객체(Object)를 Redis(Redis)에 저장하기 위해 바이트/문자열 형태로 변환하는 과정입니다. 면접에서는 JSON, MessagePack, Kryo, ProtoBuf 같은 포맷을 비교하고, 호환성/성능/디버깅 용이성 트레이드오프를 설명할 수 있으면 좋습니다. 실무에서는 직렬화 포맷이 바뀌면 캐시 호환성(Cache Compatibility) 문제가 생기므로, 키 버저닝(Key Versioning) 또는 backward-compatible 스키마를 준비해야 합니다. 또한 직렬화 크기가 커지면 빅 키(Big Key) 문제가 생기고, 네트워크 비용과 latency가 증가합니다. 특히 Java 환경에서는 클래스 변경이 잦을 수 있어, “언어 내장 직렬화”를 그대로 쓰기보다 명시적 스키마 기반 포맷을 선호하는 경우가 많습니다. 캐시 직렬화는 캐싱·스케일링(Redis)에서 성능과 배포 안정성을 동시에 좌우하는 고난도 주제입니다.	캐시 직렬화									redis	caching	scaling	performance
Q906	캐시 역직렬화(Deserialization)		Backend - 언어 & 프레임워크	21	INITIALS	HARD	Redis에 저장된 값을 애플리케이션 객체로 복원하는 과정을 무엇이라고 하는가?	캐시 역직렬화(Deserialization)는 Redis(Redis)에 저장된 값(value)을 애플리케이션 객체(Object)로 복원하는 과정입니다. 면접에서는 역직렬화 실패가 어떻게 장애로 이어지는지(배포 후 포맷 불일치, 클래스 변경)를 설명할 수 있어야 합니다. 실무에서는 역직렬화 실패 시 즉시 캐시 무효화(invalidate)하고 DB에서 재조회해 복구하는 방어 로직을 두는 경우가 많습니다. 또한 역직렬화 비용이 크면 CPU 사용량이 증가해 캐시가 오히려 병목이 될 수 있으므로, 포맷 선택과 데이터 크기 관리가 중요합니다. 보안 관점에서도 신뢰할 수 없는 역직렬화는 위험할 수 있어, 외부 입력이 직접 역직렬화 경로로 들어오지 않게 설계합니다. 캐시 역직렬화는 캐싱·스케일링(Redis)에서 “배포 안정성 + 성능 + 보안”을 함께 보는 고난도 주제입니다.	캐시 역직렬화									caching	redis	scaling	security
Q907	캐시 키 스키마(Key Schema)		Backend - 아키텍처 패턴	20	INITIALS	HARD	Redis 키의 구성 규칙(프리픽스, 파라미터, 버전)을 문서화한 설계를 무엇이라고 하는가?	캐시 키 스키마(Key Schema)는 Redis(Redis) 키(Key)의 구성 규칙(프리픽스(prefix), 파라미터(parameters), 버전(version), 네임스페이스(namespace))을 문서화한 설계입니다. 면접에서는 “키 설계를 어떻게 했나” 질문에서 스키마를 설명할 수 있으면 실무 경험이 크게 드러납니다. 실무에서는 키 충돌(Key Collision), 키 폭발(Key Explosion), 멀티테넌시 누출을 막기 위해 스키마를 표준화하고 공통 라이브러리로 강제합니다. 또한 개인정보/민감정보를 키에 넣지 않는 원칙(PII 금지)도 스키마에 포함해야 하며, 디버깅을 위해 사람이 읽을 수 있는 형태와 길이 제한을 함께 고려합니다. 키 스키마가 없으면 서비스마다 임의로 키를 만들어 운영이 혼란해지고, 무효화 전략이 실패하기 쉽습니다. 캐시 키 스키마는 캐싱·스케일링(Redis)에서 운영 가능성을 결정하는 고난도 설계 요소입니다.	캐시 키 스키마									redis	caching	scaling	key_design
Q908	레이트 리밋(Rate Limiting)		Security - 취약점	53	INITIALS	HARD	특정 사용자나 IP가 초당 요청을 과도하게 보내지 못하도록 제한하는 기법을 무엇이라고 하는가?	레이트 리밋(Rate Limiting)은 특정 사용자(user)나 IP가 초당 요청을 과도하게 보내지 못하도록 제한하는 기법입니다. Redis(Redis)는 카운터(INCR)와 TTL(Time To Live)을 이용해 레이트 리밋을 구현하기 좋아, 캐싱·스케일링(Redis) 면접에서 단골로 등장합니다. 실무에서는 고정 윈도우(Fixed Window) 방식이 간단하지만 경계 구간에서 버스트가 발생할 수 있고, 슬라이딩 윈도우(Sliding Window)나 토큰 버킷(Token Bucket)이 더 안정적인 경우가 많습니다. 또한 분산 환경에서는 인스턴스별로 제한하면 우회가 가능하므로, Redis 같은 중앙 저장소로 상태를 공유해야 합니다. 레이트 리밋이 과하면 정상 사용자를 막을 수 있어, 정책(무료/유료, 엔드포인트별)을 세밀하게 설계하고 모니터링해야 합니다. 레이트 리밋은 캐싱·스케일링(Redis)에서 “DB 보호/장애 전파 방지”에 핵심입니다.	레이트 리밋									redis	scaling	security	caching
Q909	토큰 버킷(Token Bucket)		Security - 취약점	53	INITIALS	HARD	일정 속도로 토큰을 채우고 토큰이 있을 때만 요청을 허용해 버스트를 제어하는 알고리즘을 무엇이라고 하는가?	토큰 버킷(Token Bucket)은 일정 속도로 토큰(token)을 채우고, 토큰이 있을 때만 요청을 허용해 버스트(burst)를 제어하는 레이트 리밋 알고리즘입니다. 면접에서는 단순 카운터보다 “버스트 허용 + 평균 제한”을 동시에 만족하는 방식으로 자주 언급됩니다. 실무에서는 Redis(Redis)에 토큰 수와 마지막 갱신 시각을 저장하고, 원자적으로 차감하는 로직(Lua 스크립트)을 붙여 동시성 문제를 막습니다. 단, 시간 기반 계산이 들어가면 클럭 드리프트(clock drift)와 지연(latency) 영향을 받을 수 있어, 서버 시간 동기화와 튜닝이 중요합니다. 또한 토큰 버킷은 사용자 경험을 부드럽게 만들지만, 공격 트래픽에는 다른 방어(봇 탐지, WAF)와 함께 써야 합니다. 토큰 버킷은 캐싱·스케일링(Redis)에서 레이트 리밋 구현 심화로 자주 나옵니다.	토큰 버킷									redis	scaling	rate_limit	caching
Q910	슬라이딩 윈도우(Sliding Window)		Security - 취약점	53	INITIALS	HARD	“최근 N초” 기준으로 요청 수를 계산해 제한하는 레이트 리밋 방식을 무엇이라고 하는가?	슬라이딩 윈도우(Sliding Window)는 “최근 N초/분” 같은 이동 구간에서 요청 수를 계산해 제한하는 레이트 리밋 방식입니다. 면접에서는 고정 윈도우(Fixed Window)의 경계 버스트 문제를 어떻게 해결할지 묻는 질문에서 답으로 나올 수 있습니다. 실무에서는 Redis(Redis) Sorted Set(ZSET)에 타임스탬프를 넣고, 범위 삭제와 카운트를 이용해 구현하는 패턴이 흔합니다. 다만 ZSET 기반 방식은 키당 데이터가 늘 수 있어 메모리/성능을 고려해야 하며, 핫 키(Hot Key)에서 병목이 될 수 있습니다. 그래서 고정 윈도우 + 지터, 또는 슬라이딩 윈도우 로그 대신 근사(rolling counter) 방식으로 비용을 줄이기도 합니다. 슬라이딩 윈도우는 캐싱·스케일링(Redis)에서 “정교한 제한”을 구현하는 고급 주제입니다.	슬라이딩 윈도우									redis	scaling	security	performance
Q911	고정 윈도우(Fixed Window)		Security - 취약점	53	INITIALS	HARD	“매 분 100회”처럼 고정된 시간 구간 단위로 요청을 세는 레이트 리밋 방식을 무엇이라고 하는가?	고정 윈도우(Fixed Window)는 “매 분 100회”처럼 고정된 시간 구간마다 카운터를 초기화하며 요청을 세는 레이트 리밋 방식입니다. 면접에서는 가장 단순한 구현으로 소개되지만, 구간 경계에서 버스트가 생길 수 있다는 단점도 함께 말해야 합니다. 실무에서는 Redis(Redis)의 INCR + EXPIRE 조합으로 매우 쉽게 구현할 수 있어, 빠르게 적용할 때 유용합니다. 다만 트래픽이 몰리는 서비스에서는 경계 버스트로 인해 순간 과부하가 생길 수 있어, 슬라이딩 윈도우(Sliding Window)나 토큰 버킷(Token Bucket)으로 개선할 수 있습니다. 또한 분산 환경에서 인스턴스별로 카운터를 두면 제한이 무력화되므로, 중앙 저장소로 공유해야 합니다. 고정 윈도우는 캐싱·스케일링(Redis)에서 레이트 리밋 기초와 단점까지 묻는 고난도 포인트입니다.	고정 윈도우									redis	scaling	rate_limit	caching
Q912	캐시 히트율(Hit Rate)		DevOps / Cloud - 인프라 구성 요소	34	INITIALS	HARD	전체 요청 중 캐시에서 바로 응답한 비율을 무엇이라고 하는가?	캐시 히트율(Hit Rate)은 전체 요청 중 캐시(Cache)에서 바로 응답한 비율을 말합니다. 면접에서는 히트율을 단순히 높이는 것보다, 히트율과 지연(latency), 폴백 비율(fallback rate)을 함께 봐야 한다는 관점이 중요합니다. 실무에서는 히트율이 높아도 빅 키(Big Key)나 역직렬화 비용으로 p99가 나쁠 수 있고, 반대로 히트율이 낮아도 데이터 특성상 캐싱 대상이 적합하지 않을 수 있습니다. Redis(Redis) 운영에서는 endpoint/키 그룹별 히트율을 쪼개서 보고, 특정 기능에서만 문제인지 파악하는 것이 필수입니다. 또한 히트율을 올리려 TTL을 무조건 늘리면 스테일(stale)과 정합성 문제가 커질 수 있어 정책적 균형이 필요합니다. 히트율은 캐싱·스케일링(Redis)에서 관측성과 의사결정의 핵심 지표입니다.	캐시 히트율									caching	redis	scaling	monitoring
Q913	캐시 미스율(Miss Rate)		DevOps / Cloud - 인프라 구성 요소	34	INITIALS	HARD	전체 요청 중 캐시에서 찾지 못해 DB/API로 넘어간 비율을 무엇이라고 하는가?	캐시 미스율(Miss Rate)은 전체 요청 중 캐시(Cache)에서 값을 찾지 못해 DB/API로 넘어간 비율입니다. 면접에서는 미스율이 증가할 때 원인을 여러 갈래로 분석할 수 있어야 합니다(배포로 키 버저닝 변경, TTL 단축, 캐시 플러시, 워밍 실패, 트래픽 패턴 변화). 실무에서는 미스율 상승이 곧바로 DB 부하로 이어지기 때문에, 폴백 스톰(Fallback Storm)을 막기 위한 보호 장치(레이트 리밋, 스테일 서브)가 중요합니다. 또한 미스율을 “전체 평균”으로만 보면 의미가 왜곡될 수 있어, 핫 키군과 롱테일을 분리해 봐야 합니다. Redis(Redis) 장애나 네트워크 문제로 미스처럼 보이는 경우도 있어, 서버 오류율/타임아웃 지표와 함께 교차 분석해야 합니다. 미스율은 캐싱·스케일링(Redis)에서 장애 조기 탐지에 핵심입니다.	캐시 미스율									redis	caching	scaling	reliability
Q914	제거 정책(Eviction Policy)		DevOps / Cloud - 인프라 구성 요소	34	INITIALS	HARD	Redis 메모리가 부족할 때 어떤 키를 지울지 결정하는 정책을 무엇이라고 하는가?	제거 정책(Eviction Policy)은 Redis(Redis) 메모리가 부족할 때 어떤 키를 제거(evict)할지 결정하는 정책입니다. 면접에서는 LRU/LFU, volatile-ttl 같은 옵션이 어떤 의미인지, 그리고 “캐시인데 왜 지우는 정책이 중요하나”를 묻기도 합니다. 실무에서는 정책에 따라 중요한 핫 키가 밀릴 수 있어, 캐시 오염(Cache Pollution)과 키 설계를 함께 개선해야 합니다. 또한 eviction이 발생하면 미스율이 늘고 DB 부하가 증가하므로, 단순히 정책만 바꾸기보다 메모리 여유 확보와 키 수/크기 최적화가 필요합니다. Redis는 eviction이 발생해도 애플리케이션은 “캐시가 있다”고 가정할 수 있으므로, eviction 지표를 알람으로 잡는 것이 좋습니다. 제거 정책은 캐싱·스케일링(Redis)에서 운영 안정성을 좌우하는 고난도 포인트입니다.	제거 정책									redis	caching	scaling	ops
Q915	캐시 메모리 단편화(Memory Fragmentation)		Operating System - 메모리 관리	36	INITIALS	HARD	Redis 메모리 사용량이 실제 데이터보다 비효율적으로 커지는 현상 중 “조각화”를 무엇이라고 하는가?	캐시 메모리 단편화(Memory Fragmentation)는 Redis(Redis)가 실제 데이터 크기보다 더 많은 메모리를 사용하는 현상 중, 메모리가 조각나 효율이 떨어지는 상태를 말합니다. 면접에서는 “Redis 메모리 사용량이 왜 예상보다 큰가” 질문에서 단편화, 오버헤드, 데이터 구조 선택을 함께 설명하면 좋습니다. 실무에서는 작은 객체가 많거나, 리스트/셋 같은 구조가 자주 변하면 단편화가 심해질 수 있습니다. 또한 단편화가 크면 메모리 여유가 있어도 OOM처럼 보이는 문제가 생길 수 있어, 메모리 지표(used_memory vs rss)를 교차로 봐야 합니다. 데이터 구조 최적화, 키 수 줄이기, 운영 중 리스타트 전략(신중!) 등이 대응책이 될 수 있지만, 서비스 특성에 따라 위험이 큽니다. 메모리 단편화는 캐싱·스케일링(Redis)에서 운영 수준을 묻는 고난도 주제입니다.	메모리 단편화									redis	caching	scaling	memory
Q916	슬로우 로그(Slow Log)		DevOps / Cloud - 인프라 구성 요소	34	INITIALS	HARD	Redis에서 오래 걸린 명령을 기록해 병목 원인을 찾는 기능을 무엇이라고 하는가?	슬로우 로그(Slow Log)는 Redis(Redis)에서 오래 걸린 명령(command)을 기록해 병목 원인을 찾는 기능입니다. 면접에서는 “Redis가 느릴 때 어떻게 진단하나” 질문에서 slowlog, command latency, hot/big key를 연결해 설명하면 좋습니다. 실무에서는 느린 명령이 보인다면, big key 조작, KEYS 같은 위험 명령, 대량 삭제/스캔, 또는 Lua 스크립트 장기 실행을 의심합니다. 또한 슬로우 로그는 원인 추적에 매우 유용하지만, 기록된다고 해서 자동 해결되는 것은 아니므로, 로그를 기반으로 키 설계/데이터 구조/쿼리 패턴을 개선해야 합니다. 지표와 함께 엔드포인트별 상관 분석을 하면 “어떤 기능이 Redis를 망가뜨리는지”가 드러납니다. 슬로우 로그는 캐싱·스케일링(Redis)에서 실전 디버깅 역량을 보여주는 고난도 포인트입니다.	슬로우 로그									redis	caching	scaling	monitoring
Q917	파이프라이닝(Pipelining)		Network - 네트워크 기초	29	INITIALS	HARD	Redis에 여러 명령을 묶어 왕복 지연(RTT)을 줄이는 최적화 기법을 무엇이라고 하는가?	파이프라이닝(Pipelining)은 Redis(Redis)에 여러 명령을 묶어 한 번에 보내고 응답을 모아 받아, 네트워크 왕복 지연(RTT)을 줄이는 최적화 기법입니다. 면접에서는 “Redis는 빠른데 왜 느려지나” 질문에서 네트워크 비용이 병목이 될 수 있음을 설명하며 파이프라이닝을 언급하면 좋습니다. 실무에서는 대량 키 조회/쓰기에서 효과가 크지만, 너무 큰 배치를 한 번에 보내면 응답 크기가 커져 지연이 증가하거나 메모리 사용이 튈 수 있습니다. 또한 파이프라이닝은 명령 간 의존성이 없을 때 가장 안전하며, 중간 결과에 따라 다음 명령이 달라지는 경우엔 Lua 스크립트가 더 적합할 수 있습니다. 연결 풀과 함께 운영할 때는 개별 요청이 너무 많은 명령을 파이프라인에 넣지 않도록 제한해야 합니다. 파이프라이닝은 캐싱·스케일링(Redis)에서 성능 튜닝 고난도 포인트입니다.	파이프라이닝									redis	caching	scaling	performance
Q918	커넥션 풀(Connection Pool)		Backend - 웹 서버 기초	17	INITIALS	HARD	Redis 연결을 매번 생성하지 않고 재사용하기 위해 미리 만들어 관리하는 구조를 무엇이라고 하는가?	커넥션 풀(Connection Pool)은 Redis(Redis) 연결(connection)을 매 요청마다 생성하지 않고, 미리 만들어 재사용하도록 관리하는 구조입니다. 면접에서는 DB 커넥션 풀과 동일하게, Redis도 연결 생성 비용과 동시성 제어가 중요하다는 점을 설명해야 합니다. 실무에서는 풀 크기를 너무 작게 잡으면 대기 시간이 늘고, 너무 크게 잡으면 Redis 서버의 연결 수(connected clients) 증가로 오히려 부담이 될 수 있습니다. 또한 타임아웃, 유휴 연결 관리, 네트워크 장애 시 재연결 정책을 제대로 설정하지 않으면 “간헐적 타임아웃”이 반복됩니다. 캐시 장애는 폴백 스톰(Fallback Storm)으로 확산될 수 있으므로, 커넥션 풀의 관측성(대기 시간, 사용률)도 중요한 지표입니다. 커넥션 풀은 캐싱·스케일링(Redis)에서 “성능과 안정성”을 동시에 다루는 고난도 기본기입니다.	커넥션 풀									redis	caching	scaling	ops
Q919	리드 레플리카(Read Replica)		DevOps / Cloud - 인프라 구성 요소	34	INITIALS	HARD	읽기 트래픽을 분산하기 위해 복제본에 읽기를 보내는 확장 전략을 무엇이라고 하는가?	리드 레플리카(Read Replica)는 읽기(read) 트래픽을 분산하기 위해 복제본(replica)으로 읽기를 보내는 확장 전략입니다. Redis(Redis)에서도 복제(replication)를 활용해 읽기를 분산할 수 있지만, 복제 지연(replication lag)으로 인해 최신값이 바로 반영되지 않을 수 있어 면접에서 포인트가 됩니다. 실무에서는 “읽기에서 최신이 꼭 필요하지 않은” 엔드포인트에 레플리카를 붙이고, 정합성이 중요한 읽기는 마스터(master)로 보내는 라우팅을 합니다. 또한 핫 키(Hot Key) 문제는 레플리카만으로 해결이 안 될 수 있어, 키 샤딩이나 로컬 캐시(L1)와 함께 설계해야 합니다. 레플리카 장애 시 자동 페일오버(failover)와 데이터 손실 가능성도 함께 고려해야 합니다. 리드 레플리카는 캐싱·스케일링(Redis)에서 “읽기 확장 + 정합성”을 묻는 고난도 개념입니다.	리드 레플리카									redis	scaling	caching	replication
Q920	복제 지연(Replication Lag)		Computer Science - 병렬/분산 처리	69	INITIALS	HARD	Redis 복제 환경에서 마스터 변경이 레플리카에 늦게 반영되는 현상을 무엇이라고 하는가?	복제 지연(Replication Lag)은 Redis(Redis) 복제(replication) 환경에서 마스터(master)의 변경이 레플리카(replica)에 늦게 반영되는 현상입니다. 면접에서는 “왜 레플리카 읽기에서 최신값이 안 보일 수 있나” 질문의 핵심 답이 됩니다. 실무에서는 네트워크 지연, 레플리카 부하, 큰 데이터 전송(big key), 백로그(backlog) 압박 등이 지연을 키울 수 있습니다. 그래서 정합성이 중요한 읽기는 마스터로 라우팅하거나, 쓰기 직후 읽기(read-after-write)가 필요한 경우엔 강제 마스터 읽기 또는 세션 스티키(sticky) 정책을 둡니다. 또한 lag를 지표로 모니터링하고, 임계값을 넘으면 자동으로 레플리카 읽기를 줄이는 방어도 고려합니다. 복제 지연은 캐싱·스케일링(Redis)에서 확장과 정합성의 트레이드오프를 묻는 고난도 개념입니다.	복제 지연									redis	scaling	caching	consistency
Q921	페일오버(Failover)		DevOps / Cloud - 인프라 구성 요소	34	INITIALS	HARD	Redis 마스터 장애 시 다른 노드로 역할을 전환해 서비스를 지속하는 과정을 무엇이라고 하는가?	페일오버(Failover)는 Redis(Redis) 마스터(master) 장애 시 다른 노드가 마스터 역할을 대신하도록 전환해 서비스를 지속하는 과정입니다. 면접에서는 자동 페일오버가 있어도 “잠깐의 중단”이나 “데이터 손실 가능성”이 남을 수 있음을 이해하고 있는지 봅니다. 실무에서는 페일오버 중 클라이언트 연결 재설정, DNS/엔드포인트 갱신, 짧은 타임아웃/재시도 정책이 중요합니다. 또한 페일오버 직후에는 캐시 미스율(Miss Rate) 상승, 워밍 필요, 또는 복제 지연(Replication Lag) 영향으로 품질이 흔들릴 수 있어 운영 계획이 필요합니다. 페일오버가 잦다면 근본적으로 메모리/핫 키/네트워크를 점검해야 하며, 단순 전환만으로 해결되지 않습니다. 페일오버는 캐싱·스케일링(Redis)에서 고가용성(HA) 이해도를 묻는 고난도 주제입니다.	페일오버									redis	scaling	caching	availability
Q922	데이터 내구성(Durability)		Database - NoSQL	27	INITIALS	HARD	Redis가 메모리 기반임에도 재시작 후 데이터를 어느 정도 보존할 수 있게 만드는 성질을 무엇이라고 하는가?	데이터 내구성(Durability)은 시스템이 재시작/장애 후에도 데이터를 보존하는 성질입니다. Redis(Redis)는 기본적으로 메모리 기반(in-memory)이지만, 스냅샷(RDB)이나 AOF(Append Only File) 같은 영속화(persistence)로 내구성을 어느 정도 확보할 수 있습니다. 면접에서는 “Redis를 캐시로만 써야 하나” 질문에서 내구성 옵션과 그 한계를 설명하는 것이 중요합니다. 실무에서는 AOF를 켜면 내구성이 좋아질 수 있지만, 쓰기 성능과 디스크 I/O 비용이 증가할 수 있어 트레이드오프가 큽니다. 또한 내구성이 필요하다면 Redis를 ‘소스 오브 트루스(source of truth)’로 쓰기보다, DB와 함께 보조적으로 쓰는 설계를 선호합니다. 데이터 내구성은 캐싱·스케일링(Redis)에서 “캐시 vs 저장소” 경계를 묻는 고난도 개념입니다.	데이터 내구성									redis	caching	scaling	durability
Q923	영속화(Persistence)		Database - NoSQL	27	INITIALS	HARD	Redis 데이터를 디스크에 저장해 재시작 후에도 복구 가능하게 만드는 기능을 무엇이라고 하는가?	영속화(Persistence)는 Redis(Redis) 데이터를 디스크에 저장해 재시작 후에도 복구 가능하게 만드는 기능입니다. 면접에서는 Redis를 단순 캐시로 쓸지, 세션/작업큐처럼 “상태”로 쓸지에 따라 영속화 필요성이 달라진다는 점을 설명하면 좋습니다. 실무에서는 영속화를 켜면 내구성이 좋아지지만, 쓰기 성능 저하와 운영 복잡도(파일 관리, rewrite, 백업)가 증가합니다. 또한 영속화가 있다고 해서 DB 수준의 강한 내구성을 기대하면 위험하며, 장애 모델(디스크 장애, 파일 손상)까지 고려해야 합니다. 중요한 데이터는 여전히 DB를 소스 오브 트루스(source of truth)로 두고, Redis는 보조적으로 쓰는 설계가 안전합니다. 영속화는 캐싱·스케일링(Redis)에서 “역할 정의와 트레이드오프”를 묻는 고난도 개념입니다.	영속화									redis	scaling	caching	storage
Q924	클러스터(Cluster)		DevOps / Cloud - 인프라 구성 요소	34	INITIALS	HARD	Redis에서 데이터를 여러 노드에 분산 저장해 수평 확장을 가능하게 하는 구성 방식을 무엇이라고 하는가?	클러스터(Cluster)는 Redis(Redis)에서 데이터를 여러 노드에 분산(sharding) 저장해 수평 확장(horizontal scaling)을 가능하게 하는 구성 방식입니다. 면접에서는 “복제(replication)와 샤딩(sharding)의 차이”를 Redis 관점에서 설명할 수 있는지 자주 묻습니다. 실무에서는 클러스터가 되면 키가 해시 슬롯(hash slot)으로 분배되기 때문에, 멀티키 연산(MGET 등)이 같은 슬롯에 있어야 동작하는 제약이 생깁니다. 그래서 키 태그(key tag)로 관련 키를 같은 슬롯으로 묶는 설계가 중요해지고, 키 스키마(Key Schema)까지 함께 연결해서 설명하면 좋습니다. 또한 노드 증설/축소 시 리샤딩(resharding)이 발생해 부하가 튈 수 있으므로, 운영 계획과 모니터링이 필수입니다. Redis 클러스터는 캐싱·스케일링(Redis)에서 “수평 확장 현실”을 묻는 고난도 주제입니다.	클러스터									redis	scaling	caching	cluster
Q925	해시 슬롯(Hash Slot)		DevOps / Cloud - 인프라 구성 요소	34	INITIALS	HARD	Redis Cluster에서 키가 어느 노드에 저장될지 결정하는 단위(슬롯)를 무엇이라고 하는가?	해시 슬롯(Hash Slot)은 Redis Cluster(Redis Cluster)에서 각 키(Key)가 어느 노드에 저장될지 결정하는 분배 단위입니다. 면접에서는 “왜 특정 멀티키 명령이 클러스터에서 제한되나” 질문에서 슬롯 개념을 설명할 수 있어야 합니다. 실무에서는 서로 함께 조회/갱신해야 하는 키들을 동일 슬롯에 배치해야 하므로, 키 태그(Key Tag)를 이용해 해시 계산에 사용되는 부분을 통제합니다. 슬롯 기반 분배는 수평 확장에 유리하지만, 핫 키(Hot Key)가 특정 슬롯에 몰리면 한 노드가 병목이 되는 문제가 여전히 남습니다. 그래서 핫 키 샤딩이나 L1 캐시 같은 보완 설계를 함께 고려합니다. 해시 슬롯은 캐싱·스케일링(Redis)에서 클러스터 키 설계를 좌우하는 핵심 고난도 개념입니다.	해시 슬롯									redis	scaling	caching	sharding
Q926	키 태그(Key Tag)		Backend - 아키텍처 패턴	20	INITIALS	HARD	Redis Cluster에서 여러 키를 같은 슬롯에 묶기 위해 키 문자열의 특정 구간을 해시에 사용하도록 하는 기법을 무엇이라고 하는가?	키 태그(Key Tag)는 Redis Cluster(Redis Cluster)에서 여러 키를 같은 해시 슬롯(Hash Slot)에 묶기 위해, 키 문자열의 특정 구간만 해시 계산에 사용하도록 하는 기법입니다. 면접에서는 멀티키 연산(MGET/MSET)이나 Lua 스크립트가 같은 슬롯 내에서만 안전하게 동작하는 이유를 설명할 때 자주 등장합니다. 실무에서는 예를 들어 user{123}:profile, user{123}:settings처럼 중괄호 안의 값이 동일하면 같은 슬롯으로 라우팅됩니다. 다만 키 태그를 남발하면 특정 슬롯으로 데이터가 쏠려 핫 슬롯(Hot Slot) 병목이 생길 수 있어, “함께 있어야 하는 키만” 제한적으로 묶는 것이 중요합니다. 또한 키 스키마(Key Schema)에 태그 규칙을 문서화하지 않으면 팀별로 다르게 만들어 운영이 혼란해집니다. 키 태그는 캐싱·스케일링(Redis)에서 클러스터 실무 감각을 보여주는 고난도 포인트입니다.	키 태그									redis	caching	scaling	key_design
Q927	리샤딩(Resharding)		DevOps / Cloud - 인프라 구성 요소	34	INITIALS	HARD	Redis Cluster에서 노드 증설/축소 시 슬롯과 데이터를 재분배하는 작업을 무엇이라고 하는가?	리샤딩(Resharding)은 Redis Cluster(Redis Cluster)에서 노드 증설/축소 또는 장애 복구 과정에서 해시 슬롯(Hash Slot)과 데이터를 재분배하는 작업입니다. 면접에서는 “스케일 아웃하면 끝?”이 아니라, 리샤딩 비용과 운영 리스크가 있다는 점을 알고 있는지 확인합니다. 실무에서는 리샤딩 중 네트워크/CPU/디스크(영속화 사용 시) 부하가 올라가 지연이 튈 수 있어, 트래픽이 낮은 시간대에 수행하거나 스로틀링(throttling)을 적용합니다. 또한 리샤딩 중 클라이언트가 MOVED/ASK 리다이렉션을 처리해야 하므로, 클라이언트 라이브러리의 지원 여부가 중요합니다. 리샤딩은 단순 작업이 아니라 “운영 이벤트”이기 때문에, 런북(runbook)과 롤백 플랜을 갖추는 것이 좋습니다. 리샤딩은 캐싱·스케일링(Redis)에서 수평 확장의 현실을 묻는 고난도 주제입니다.	리샤딩									redis	scaling	caching	operations
Q928	샤딩(Sharding)		Computer Science - 병렬/분산 처리	69	INITIALS	HARD	데이터를 여러 파티션으로 나누어 여러 노드에 분산 저장하는 전략을 무엇이라고 하는가?	샤딩(Sharding)은 데이터를 여러 파티션(partition)으로 나누어 여러 노드에 분산 저장하는 전략입니다. Redis(Redis)에서는 Cluster(Cluster)로 샤딩을 제공하고, 이를 통해 메모리 한계를 넘는 수평 확장이 가능해집니다. 면접에서는 복제(replication)는 “같은 데이터의 복사”로 읽기 확장/고가용성에 유리하고, 샤딩은 “데이터 분할”로 용량/처리량 확장에 유리하다는 비교를 명확히 해야 합니다. 실무에서는 샤딩이 되면 멀티키 트랜잭션, 조인 같은 “전역 연산”이 어려워지므로, 키 설계와 애플리케이션 로직을 샤딩 친화적으로 바꿔야 합니다. 또한 샤딩을 해도 핫 키(Hot Key)는 특정 샤드에 몰릴 수 있어 별도의 핫 키 분산 전략이 필요합니다. 샤딩은 캐싱·스케일링(Redis)에서 분산 설계 역량을 보는 고난도 개념입니다.	샤딩									redis	scaling	caching	distributed
Q929	핫 슬롯(Hot Slot)		DevOps / Cloud - 인프라 구성 요소	34	INITIALS	HARD	특정 해시 슬롯에 트래픽이 몰려 해당 노드가 병목이 되는 현상을 무엇이라고 하는가?	핫 슬롯(Hot Slot)은 Redis Cluster(Redis Cluster)에서 특정 해시 슬롯(Hash Slot)에 트래픽이 몰려, 그 슬롯을 담당하는 노드가 병목이 되는 현상입니다. 면접에서는 핫 키(Hot Key)와 핫 슬롯의 관계를 설명하며, “클러스터를 써도 병목은 생긴다”는 점을 강조하면 좋습니다. 실무에서는 키 태그(Key Tag)로 묶인 키가 많으면 특정 슬롯에 쏠림이 심해질 수 있어, 태그 설계를 신중하게 해야 합니다. 해결책으로는 키 샤딩(핫 키를 여러 키로 분산), 로컬 캐시(L1)로 흡수, 읽기 레플리카(Read Replica) 활용 등을 조합합니다. 또한 모니터링에서 노드별 QPS/latency를 보고 특정 노드만 튀는지 확인하는 것이 중요합니다. 핫 슬롯은 캐싱·스케일링(Redis)에서 “분산의 병목”을 보여주는 고난도 주제입니다.	핫 슬롯									redis	scaling	caching	performance
Q930	키 해시 함수(Key Hashing)		Computer Science - 병렬/분산 처리	69	INITIALS	HARD	Redis Cluster에서 키를 슬롯에 매핑하기 위해 사용하는 해시 기반 분배 방식을 무엇이라고 하는가?	키 해시 함수(Key Hashing)는 Redis Cluster(Redis Cluster)에서 키(Key)를 해시 슬롯(Hash Slot)에 매핑하기 위해 사용하는 해시 기반 분배 방식입니다. 면접에서는 “왜 균등 분배가 중요하고, 왜 완벽히 균등하지 않을 수 있나”를 물을 수 있습니다. 실무에서는 키 패턴이 편향되면 특정 슬롯/노드에 쏠림이 생기고, 핫 슬롯(Hot Slot)과 지연 스파이크로 이어집니다. 또한 키 태그(Key Tag)를 쓰면 해시 입력이 제한되어 의도적으로 같은 슬롯에 묶을 수 있지만, 그만큼 쏠림 위험도 커집니다. 분배가 문제라면 키 스키마(Key Schema)를 재설계하거나, 핫 키 분산과 같은 상위 전략이 필요합니다. 키 해싱은 캐싱·스케일링(Redis)에서 클러스터 설계의 출발점이 되는 고난도 개념입니다.	키 해시 함수									redis	caching	scaling	distributed
Q931	클러스터 모드 장애(Cluster Mode Failure)		DevOps / Cloud - 인프라 구성 요소	34	INITIALS	HARD	Redis Cluster에서 과반수 노드/슬롯 문제로 쓰기 또는 전체 서비스가 불가능해지는 상황을 무엇이라고 하는가?	클러스터 모드 장애(Cluster Mode Failure)는 Redis Cluster(Redis Cluster)에서 과반수(quorum) 문제나 슬롯(slot) 미할당, 마스터 노드 다수 장애 등으로 인해 쓰기(write) 또는 전체 서비스가 불가능해지는 상황을 말합니다. 면접에서는 “클러스터면 무조건 고가용성인가”라는 오해를 깨는 질문이 나올 수 있고, 클러스터도 장애 조건이 있음을 설명해야 합니다. 실무에서는 마스터/레플리카 배치(anti-affinity), 장애 도메인 분리(AZ 분리), 모니터링과 자동 복구 절차가 핵심입니다. 또한 장애 시 캐시 폴백(fallback) 트래픽이 DB로 몰릴 수 있어 폴백 스톰(Fallback Storm) 방지 장치가 반드시 필요합니다. 클러스터 장애를 대비하려면 “캐시는 사라져도 서비스는 버틴다”는 설계를 목표로 해야 합니다. 클러스터 모드 장애는 캐싱·스케일링(Redis)에서 운영 설계 역량을 묻는 고난도 주제입니다.	클러스터 모드 장애									redis	scaling	caching	reliability
Q932	세션 스토어(Session Store)		Backend - 인증/인가	18	INITIALS	HARD	로그인 세션 정보를 Redis에 저장해 여러 웹 서버가 공유하도록 만드는 구성을 무엇이라고 하는가?	세션 스토어(Session Store)는 로그인 세션(session) 정보를 Redis(Redis)에 저장해 여러 웹 서버 인스턴스가 공유하도록 만드는 구성입니다. 면접에서는 “스티키 세션(sticky session) 없이도 세션을 공유하려면?” 질문에서 세션 스토어를 답으로 제시할 수 있어야 합니다. 실무에서는 세션 TTL(Time To Live) 관리가 중요하고, 로그아웃/권한 변경 시 세션 무효화(invalidate)를 확실히 해야 보안 문제가 생기지 않습니다. 또한 Redis 장애 시 인증이 전부 실패하는 단일 장애점(SPOF)이 될 수 있으므로, 고가용성(HA) 구성과 폴백 전략이 필요합니다. 세션 데이터에 민감 정보가 들어가면 암호화/서명 같은 보호도 고려해야 합니다. 세션 스토어는 캐싱·스케일링(Redis)에서 “상태 공유 + 보안”을 함께 묻는 고난도 주제입니다.	세션 스토어									redis	caching	scaling	auth
Q933	스티키 세션(Sticky Session)		Backend - 웹 서버 기초	17	INITIALS	HARD	로드밸런서가 같은 사용자의 요청을 항상 같은 서버로 보내도록 고정하는 방식을 무엇이라고 하는가?	스티키 세션(Sticky Session)은 로드밸런서(load balancer)가 같은 사용자의 요청을 항상 같은 서버 인스턴스로 보내도록 고정하는 방식입니다. 면접에서는 스티키 세션이 간단하지만, 서버 장애/스케일 아웃 시 세션 유실과 부하 불균형 문제가 생길 수 있다는 단점을 말해야 합니다. 실무에서는 그래서 세션 스토어(Session Store)를 Redis(Redis)로 분리해 무상태(stateless) 서버를 만들고 수평 확장을 쉽게 하는 구성이 선호됩니다. 다만 스티키 세션도 일부 시스템에서는 현실적인 타협으로 쓰이므로, 왜 선택했는지(구현 비용, 요구사항)를 설명할 수 있어야 합니다. 스티키를 쓰더라도 세션 만료/로그아웃 처리와 장애 시 동작을 점검해야 합니다. 스티키 세션은 캐싱·스케일링(Redis)에서 “세션 공유 설계” 비교 질문으로 자주 나옵니다.	스티키 세션									scaling	redis	caching	load_balancer
Q934	캐시된 권한(Cache Authorization)		Security - 인증/인가	52	INITIALS	HARD	권한/역할 정보를 Redis에 캐싱해 인증/인가 성능을 높이는 전략을 무엇이라고 하는가?	캐시된 권한(Cache Authorization)은 권한/역할(role) 정보를 Redis(Redis)에 캐싱(cache)해 인증/인가 성능을 높이는 전략입니다. 면접에서는 성능 이점과 함께 “권한 변경 시 즉시 반영이 필요한데 캐시가 방해하지 않나”라는 정합성 질문이 따라옵니다. 실무에서는 권한 변경 이벤트가 발생하면 관련 키를 즉시 무효화(invalidate)하거나, 매우 짧은 TTL을 두고 스테일 허용 범위를 제한합니다. 또한 사용자별 권한을 캐싱하면 키 수가 급증할 수 있어(키 폭발) 역할 기반(ROLE) 캐싱과 조합하는 설계가 필요합니다. 보안 영역에서는 “스테일 권한”이 곧 취약점이 될 수 있으므로, 캐싱 대상과 TTL 정책을 매우 보수적으로 잡아야 합니다. 캐시된 권한은 캐싱·스케일링(Redis)에서 성능과 보안을 동시에 묻는 고난도 주제입니다.	캐시된 권한									redis	caching	scaling	security
Q935	캐시된 토큰 검사(Cache Token Verification)		Security - 인증/인가	52	INITIALS	HARD	JWT 블랙리스트/리프레시 토큰 상태 등을 Redis로 조회해 검증을 빠르게 하는 전략을 무엇이라고 하는가?	캐시된 토큰 검사(Cache Token Verification)는 JWT(JWT) 블랙리스트(blacklist)나 리프레시 토큰(refresh token) 상태를 Redis(Redis)로 조회해 검증을 빠르게 하는 전략입니다. 면접에서는 JWT는 원래 “자체 검증”이지만, 로그아웃/강제 만료를 구현하려면 서버 상태가 필요하다는 점을 설명하면 좋습니다. 실무에서는 토큰 식별자(jti)나 세션 키를 Redis에 저장하고 TTL을 토큰 만료 시간과 맞춰 관리합니다. 다만 Redis 장애 시 인증 흐름이 전부 영향을 받을 수 있으므로, “블랙리스트 조회 실패 시 허용/차단” 정책을 보안 요구사항에 맞게 정해야 합니다(보통 보안 민감하면 fail-closed). 또한 토큰 저장은 키 폭발과 메모리 비용이 커질 수 있어, 대상과 기간을 제한하는 운영이 중요합니다. 캐시된 토큰 검사는 캐싱·스케일링(Redis)에서 인증/보안 심화로 자주 나오는 고난도 주제입니다.	캐시된 토큰 검사									redis	caching	scaling	auth
Q936	분산 세마포어(Distributed Semaphore)		Database - 트랜잭션 및 동시성 제어	25	INITIALS	HARD	동시 실행 가능한 작업 수를 Redis로 제한하는 동시성 제어 기법을 무엇이라고 하는가?	분산 세마포어(Distributed Semaphore)는 동시 실행 가능한 작업 수(concurrency limit)를 Redis(Redis)로 제한하는 동시성 제어 기법입니다. 면접에서는 분산 락(Distributed Lock)이 “1개만 허용”이라면, 세마포어는 “N개까지 허용”이라는 차이를 설명할 수 있어야 합니다. 실무에서는 작업 시작 시 토큰을 차감하고, 종료 시 토큰을 반환하는 방식으로 구현하며, 토큰 반환 누락을 막기 위해 TTL과 보상 로직을 반드시 둡니다. 특히 워커 풀(worker pool)이나 외부 API 호출 제한 같은 곳에 적용하면 시스템 전체를 안정적으로 유지할 수 있습니다. 다만 네트워크 오류/중복 반환 같은 케이스에서 토큰이 비정상적으로 늘거나 줄 수 있어, 원자적 처리(Lua 스크립트)와 멱등성(Idempotency)이 중요합니다. 분산 세마포어는 캐싱·스케일링(Redis)에서 동시성 제어 심화로 자주 나오는 고난도 개념입니다.	분산 세마포어									redis	scaling	caching	concurrency
Q937	캐시 기반 큐(Cache-backed Queue)		Backend - 비동기 처리	19	INITIALS	HARD	Redis 자료구조를 이용해 작업을 큐잉하고 워커가 비동기로 처리하게 하는 패턴을 무엇이라고 하는가?	캐시 기반 큐(Cache-backed Queue)는 Redis(Redis) 자료구조(List/Stream 등)를 이용해 작업을 큐(queue)에 넣고, 워커(worker)가 비동기로 처리하게 하는 패턴입니다. 면접에서는 Redis를 단순 캐시로만 보지 않고, 비동기 처리(backpressure)나 작업 분산에 활용할 수 있다는 점을 설명할 때 유용합니다. 실무에서는 “최소 한 번(at-least-once)” 처리로 인해 중복 실행이 생길 수 있으므로, 멱등성(Idempotency)을 반드시 설계해야 합니다. 또한 장애 시 작업 유실을 막으려면 내구성(durability)과 재처리(retry), 데드레터(DLQ) 같은 개념이 필요하고, Redis를 큐로 쓰는 것이 항상 최선은 아닐 수 있습니다. 트래픽이 크고 보장 수준이 높아야 하면 Kafka 같은 전문 메시지 브로커가 더 적합할 수 있다는 트레이드오프도 언급하면 좋습니다. 캐시 기반 큐는 캐싱·스케일링(Redis)에서 활용 범위 확장을 묻는 고난도 주제입니다.	캐시 기반 큐									redis	caching	scaling	async
Q938	스트림(Stream)		Database - NoSQL	27	INITIALS	HARD	Redis에서 소비자 그룹을 지원하는 로그 기반 메시징 자료구조를 무엇이라고 하는가?	스트림(Stream)은 Redis(Redis)에서 로그(log) 기반 메시징을 지원하는 자료구조로, 소비자 그룹(Consumer Group)을 통해 여러 워커가 메시지를 분산 처리할 수 있습니다. 면접에서는 List 기반 큐와 비교해 ack(확인), 재전달, pending entries 같은 개념을 설명할 수 있으면 강점입니다. 실무에서는 처리 실패 메시지를 재시도하거나, 특정 소비자가 죽었을 때 메시지를 다른 소비자가 가져가는(reclaim) 로직이 필요합니다. 또한 “정확히 한 번(exactly-once)”을 보장하기 어렵기 때문에, 결국 멱등성(Idempotency)와 중복 방지 설계가 핵심입니다. Redis 스트림은 가볍게 운영 가능한 장점이 있지만, 대규모 이벤트 스트리밍에선 Kafka 같은 솔루션과 비교해 요구사항을 맞춰 선택해야 합니다. 스트림은 캐싱·스케일링(Redis)에서 비동기/메시징 심화를 다루는 고난도 주제입니다.	스트림									redis	scaling	caching	messaging
Q939	소비자 그룹(Consumer Group)		Backend - 비동기 처리	19	INITIALS	HARD	Redis Stream에서 여러 소비자가 메시지를 나눠 처리하도록 묶는 단위를 무엇이라고 하는가?	소비자 그룹(Consumer Group)은 Redis Stream(Stream)에서 여러 소비자(consumer)가 메시지를 나눠 처리하도록 묶는 단위입니다. 면접에서는 “동일 메시지를 여러 번 처리하지 않고 분산 처리하려면?” 질문에서 consumer group을 설명할 수 있어야 합니다. 실무에서는 각 메시지가 특정 소비자에게 할당되고, ack를 해야 완료로 처리되며, ack가 없으면 pending 상태로 남아 재처리가 필요합니다. 소비자가 죽으면 메시지가 유실되지 않게 reclaim(재할당) 로직을 설계해야 하고, 처리 지연이 길어지면 pending이 누적되어 장애로 이어질 수 있습니다. 또한 소비자 그룹을 쓴다고 해서 정확히 한 번(exactly-once)이 자동으로 보장되는 것은 아니므로, 멱등성(Idempotency)와 중복 처리 방지가 핵심입니다. 소비자 그룹은 캐싱·스케일링(Redis)에서 메시징/비동기 처리 심화로 자주 나오는 고난도 개념입니다.	소비자 그룹									redis	caching	scaling	async
Q940	백프레셔(Backpressure)		Backend - 비동기 처리	19	INITIALS	HARD	처리 속도보다 유입 속도가 빠를 때 시스템이 과부하되지 않도록 흐름을 제어하는 개념을 무엇이라고 하는가?	백프레셔(Backpressure)는 처리 속도보다 유입 속도가 빠를 때 시스템이 과부하되지 않도록 흐름(flow)을 제어하는 개념입니다. 면접에서는 큐(queue), 레이트 리밋(rate limiting), 워커 수 조절 같은 메커니즘을 백프레셔 관점에서 설명할 수 있어야 합니다. 실무에서는 Redis(Redis)를 큐나 제한 카운터로 쓰면서 백프레셔를 구현할 수 있지만, 단순히 큐를 두는 것만으로는 “무한 적재” 문제가 생길 수 있어 최대 길이(max length), 드롭 정책, DLQ 전략이 필요합니다. 또한 백프레셔가 제대로 동작하지 않으면 폭주한 요청이 DB나 외부 API로 밀려가 연쇄 장애가 생깁니다. 운영에서는 지표(큐 길이, 처리 지연, 재시도율)를 통해 백프레셔가 건강하게 작동하는지 관찰해야 합니다. 백프레셔는 캐싱·스케일링(Redis)에서 “스케일링의 본질”을 묻는 고난도 개념입니다.	백프레셔									scaling	redis	caching	resilience
Q941	캐시 폴백 정책(Fallback Policy)		Backend - 아키텍처 패턴	20	INITIALS	HARD	Redis 장애/타임아웃 시 DB로 갈지 스테일을 줄지 실패 처리 기준을 정의한 것을 무엇이라고 하는가?	캐시 폴백 정책(Fallback Policy)은 Redis(Redis) 장애/타임아웃/오류 시, DB(Database)로 우회할지(straight fallback), 스테일 서브(Stale Serve)를 할지, 혹은 빠르게 실패(fail-fast)할지 같은 실패 처리 기준을 정의한 것입니다. 면접에서는 “Redis가 죽으면 서비스는 어떻게 되나” 질문에서 폴백 정책을 논리적으로 설명하면 높은 점수를 받습니다. 실무에서는 무조건 DB로 우회하면 폴백 스톰(Fallback Storm)이 발생할 수 있어, 레이트 리밋과 디그레이드, 캐시 브레이크(Cache Break) 같은 방어를 함께 둡니다. 또한 데이터 유형별로 정책을 다르게 가져가야 합니다(권한/결제는 보수적, 콘텐츠/피드는 스테일 허용 가능). 폴백 정책은 문서화와 런북(runbook)이 중요하며, 실제 장애 게임데이(game day)로 검증하는 것이 좋습니다. 캐시 폴백 정책은 캐싱·스케일링(Redis)에서 운영 설계력을 가르는 고난도 주제입니다.	캐시 폴백 정책									redis	caching	scaling	reliability
Q942	분산 락(Distributed Lock)		Database - 트랜잭션 및 동시성 제어	25	INITIALS	HARD	여러 서버가 동시에 같은 자원에 접근하지 못하도록 Redis로 락을 공유하는 기법을 무엇이라고 하는가?	분산 락(Distributed Lock)은 여러 서버 인스턴스가 동시에 같은 자원(resource)에 접근하지 못하도록 Redis(Redis) 같은 중앙 저장소를 이용해 락(lock)을 공유하는 기법입니다. 면접에서는 “단일 서버 락과 분산 락의 차이”와 “왜 분산 락이 어려운가(네트워크/장애/시간)”를 연결해서 묻는 경우가 많습니다. 실무에서는 SET NX EX 방식으로 락을 잡고, 반드시 TTL(Time To Live)을 걸어 락이 영구히 남지 않게 해야 합니다. 또한 락 해제 시에는 토큰(token) 비교로 “내가 잡은 락만 해제”하도록 원자적 처리(Lua 스크립트)를 해야 안전합니다. 락을 남발하면 전체 처리량이 떨어지고, 핫 키(Hot Key) 병목이 생기므로 최소 범위/최소 시간 원칙이 중요합니다. 분산 락은 캐싱·스케일링(Redis)에서 동시성 제어의 대표 고난도 주제입니다.	분산 락									redis	caching	scaling	concurrency
Q943	펜싱 토큰(Fencing Token)		Database - 트랜잭션 및 동시성 제어	25	INITIALS	HARD	락이 만료되어 소유권이 바뀐 뒤에도 이전 작업자가 쓰기를 못 하게 “단조 증가 토큰”으로 보호하는 개념을 무엇이라고 하는가?	펜싱 토큰(Fencing Token)은 분산 락(Distributed Lock)이 만료되어 소유권이 바뀐 뒤에도, 이전 작업자가 늦게 도착한 쓰기(write)를 수행하지 못하게 “단조 증가(monotonic) 토큰”으로 보호하는 개념입니다. 면접에서는 “TTL 기반 락만으로는 왜 완벽하지 않나” 질문에서 펜싱 토큰을 언급하면 깊이가 확 살아납니다. 실무에서는 Redis(Redis)에서 INCR로 토큰을 발급하고, 실제 쓰기 대상(DB/외부 시스템)이 “더 큰 토큰만 قبول(accept)”하도록 만들어 오래된 작업을 차단합니다. 이는 네트워크 지연이나 GC stop-the-world 같은 이유로 락 소유자가 늦게 움직이는 상황에서 특히 중요합니다. 다만 펜싱 토큰을 적용하려면 최종 쓰기 대상이 토큰 비교를 지원해야 하므로, 모든 시스템에 쉽게 붙지는 않습니다. 펜싱 토큰은 캐싱·스케일링(Redis)에서 분산 동시성 제어 심화의 대표 고난도 주제입니다.	펜싱 토큰									redis	scaling	caching	concurrency
Q944	락 연장(Renewal)		Database - 트랜잭션 및 동시성 제어	25	INITIALS	HARD	작업 시간이 길어 TTL이 만료될 수 있을 때 락 만료 시간을 주기적으로 늘리는 것을 무엇이라고 하는가?	락 연장(Renewal)은 분산 락(Distributed Lock)에서 작업 시간이 길어 TTL(Time To Live)이 만료될 수 있을 때, 락 만료 시간을 주기적으로 늘리는 것을 말합니다. 면접에서는 “TTL을 길게 주면 되지 않나” 질문이 자주 나오는데, TTL을 과도하게 길게 주면 장애 시 회복이 느려지므로 연장 방식이 필요하다고 설명해야 합니다. 실무에서는 워치독(watchdog) 스레드가 주기적으로 연장하고, 연장 실패 시 작업을 중단하거나 보상 로직을 수행합니다. 또한 연장도 원자적으로 “내가 소유한 락인지(토큰 확인)”를 검증해야 하며, 그렇지 않으면 다른 소유자의 락을 연장하는 치명적 버그가 생깁니다. 연장 주기와 TTL 설정은 네트워크 지연과 워커 스케줄링을 고려해 튜닝해야 합니다. 락 연장은 캐싱·스케일링(Redis)에서 안정적인 분산 락 구현을 묻는 고난도 포인트입니다.	락 연장									redis	caching	scaling	lock
Q945	락 해제 원자성(Atomic Unlock)		Database - 트랜잭션 및 동시성 제어	25	INITIALS	HARD	“토큰 확인 후 삭제”를 한 번에 수행해 잘못된 락 해제를 막는 성질을 무엇이라고 하는가?	락 해제 원자성(Atomic Unlock)은 분산 락(Distributed Lock) 해제 시 “내 토큰인지 확인(compare)하고 삭제(del)하는 과정”을 원자적으로(atomic) 수행해, 잘못된 락 해제를 막는 성질입니다. 면접에서는 “DEL만 하면 되나”라는 질문에서, 락이 만료된 뒤 다른 소유자가 잡은 락을 이전 소유자가 지워버리는 레이스를 설명할 수 있어야 합니다. 실무에서는 Lua 스크립트(Lua Scripting)로 GET 후 토큰 비교, 일치할 때만 DEL을 수행해 원자성을 확보합니다. 또한 네트워크 오류나 재시도 때문에 해제 요청이 중복될 수 있으므로, 해제 로직 자체가 멱등적으로 동작하도록 설계하는 것이 좋습니다. 원자성 없는 해제는 희귀하지만 치명적인 데이터 손상(동시 쓰기)으로 이어질 수 있어 반드시 방지해야 합니다. 락 해제 원자성은 캐싱·스케일링(Redis)에서 분산 락 심화의 핵심 고난도 포인트입니다.	락 해제 원자성									redis	caching	scaling	concurrency
Q946	캐시 스탬피드(Cache Stampede)		Backend - 아키텍처 패턴	20	INITIALS	HARD	캐시 만료 직후 동일 키에 대한 요청이 동시에 몰려 DB를 폭격하는 현상을 무엇이라고 하는가?	캐시 스탬피드(Cache Stampede)는 특정 키(key)가 만료(expire)되는 순간, 동일 키에 대한 요청이 동시에 몰려 DB(Database)를 폭격하는 현상입니다. 면접에서는 캐시 관련 장애 시나리오의 대표로 자주 출제되며, “어떻게 막나”까지 이어서 묻습니다. 실무에서는 요청 합치기(Request Coalescing), 싱글플라이트(singleflight), 분산 락(Distributed Lock)으로 한 요청만 DB를 조회하게 하고 나머지는 기다리게 하는 방식이 흔합니다. 또 TTL 지터(TTL Jitter)를 줘서 만료 시점을 분산시키거나, 스테일 서브(Stale Serve)로 만료 후에도 잠깐은 오래된 값을 제공해 폭주를 막기도 합니다. 스탬피드는 DB뿐 아니라 외부 API에도 동일하게 발생할 수 있으니, 폴백 경로에 대한 보호도 같이 설계해야 합니다. 캐시 스탬피드는 캐싱·스케일링(Redis)에서 장애 예방 설계를 묻는 고난도 핵심 주제입니다.	캐시 스탬피드									caching	redis	scaling	reliability
Q947	요청 합치기(Request Coalescing)		Backend - 아키텍처 패턴	20	INITIALS	HARD	동일 키 미스가 동시에 발생할 때 한 요청만 원본(DB)을 조회하고 나머지는 결과를 공유받게 하는 패턴을 무엇이라고 하는가?	요청 합치기(Request Coalescing)는 동일 키(key) 캐시 미스(cache miss)가 동시에 발생할 때, 한 요청만 원본(DB/API)을 조회하고 나머지 요청은 그 결과를 공유받게 하는 패턴입니다. 면접에서는 캐시 스탬피드(Cache Stampede) 대응으로 단골이며, 분산 환경에서는 “어떻게 합치나”를 묻습니다. 실무에서는 프로세스 내부에서는 싱글플라이트(singleflight)로 쉽게 구현할 수 있고, 분산 환경에서는 Redis(Redis) 분산 락이나 세마포어로 대표 요청만 로드하도록 만들 수 있습니다. 다만 락 대기가 길어지면 사용자 지연이 커질 수 있어, 타임아웃/폴백(스테일 제공) 정책을 함께 설계해야 합니다. 또한 합치기 로직이 실패하면 오히려 재시도 폭주로 악화될 수 있으니, 실패 시 빠르게 중단하고 보호 장치를 거는 것이 중요합니다. 요청 합치기는 캐싱·스케일링(Redis)에서 장애 예방과 성능을 함께 묻는 고난도 패턴입니다.	요청 합치기									caching	redis	scaling	stampede
Q948	싱글플라이트(Singleflight)		Backend - 언어 & 프레임워크	21	INITIALS	HARD	프로세스 내부에서 동일 요청을 하나로 합쳐 중복 로드를 막는 기법을 무엇이라고 하는가?	싱글플라이트(Singleflight)는 프로세스 내부(in-process)에서 동일 요청(동일 키 로드)을 하나로 합쳐 중복 로드를 막는 기법입니다. 면접에서는 분산이 아닌 단일 인스턴스에서도 캐시 스탬피드(Cache Stampede)가 발생할 수 있음을 알고 있는지 확인하기 위해 나오기도 합니다. 실무에서는 한 스레드/고루틴만 DB 조회를 수행하고, 나머지는 그 결과를 기다렸다가 공유받도록 구현합니다. 이를 통해 DB 부하를 크게 줄일 수 있지만, 대기 시간이 길면 타임아웃이 늘 수 있어 호출자에게 적절한 제한을 둬야 합니다. 또한 단일플라이트가 잡는 키 범위가 너무 넓으면 불필요한 직렬화가 생겨 처리량이 떨어질 수 있으니, 락 범위를 최소화해야 합니다. 싱글플라이트는 캐싱·스케일링(Redis)에서 “프로세스 내부 최적화 + 장애 예방”을 묻는 고난도 기법입니다.	싱글플라이트									caching	redis	scaling	performance
Q949	스테일 서브(Stale Serve)		Backend - 아키텍처 패턴	20	INITIALS	HARD	캐시 만료/오류 시에도 일정 기간 오래된 값을 제공해 가용성을 높이는 전략을 무엇이라고 하는가?	스테일 서브(Stale Serve)는 캐시(Cache)가 만료(expire)되거나 오류(error)가 발생해도 일정 기간 동안 오래된 값(stale)을 제공해 가용성(availability)을 높이는 전략입니다. 면접에서는 정합성(consistency)과 가용성(availability) 트레이드오프를 캐시 관점에서 설명할 수 있어야 합니다. 실무에서는 CDN의 stale-while-revalidate 개념과 유사하게, “사용자에게는 우선 응답”을 주고 백그라운드에서 갱신(revalidate)하는 형태로 많이 구현합니다. 다만 권한/결제/재고 같은 민감 도메인에서 스테일을 제공하면 치명적일 수 있으므로, 데이터 유형별로 적용 여부를 엄격히 구분해야 합니다. 또한 스테일을 허용하는 기간을 과하게 잡으면 오래된 정보로 인한 CS/정책 문제가 생길 수 있어, 비즈니스 요구사항과 합의가 필요합니다. 스테일 서브는 캐싱·스케일링(Redis)에서 장애 대응 설계를 묻는 고난도 핵심 패턴입니다.	스테일 서브									redis	caching	scaling	resilience
Q950	백그라운드 갱신(Background Refresh)		Backend - 비동기 처리	19	INITIALS	HARD	사용자 응답은 빠르게 주고 캐시 갱신은 비동기로 수행하는 전략을 무엇이라고 하는가?	백그라운드 갱신(Background Refresh)은 사용자에게 응답(response)은 빠르게 주고, 캐시(Cache) 갱신(refresh)은 비동기(async)로 수행하는 전략입니다. 면접에서는 스테일 서브(Stale Serve)와 함께 “stale-while-revalidate” 패턴으로 묶어서 나오는 경우가 많습니다. 실무에서는 캐시가 오래되었더라도 즉시 미스 처리로 DB를 치지 않고, 일단 스테일을 제공한 뒤 워커가 새 값을 가져와 갱신합니다. 이때 동시에 여러 갱신 작업이 중복 실행되지 않도록 요청 합치기(Request Coalescing)나 분산 락(Distributed Lock)을 결합하는 것이 중요합니다. 또한 갱신 실패가 반복되면 스테일이 무한히 제공될 수 있으므로, 최대 스테일 기간과 알람을 반드시 둬야 합니다. 백그라운드 갱신은 캐싱·스케일링(Redis)에서 “가용성 우선 설계”를 묻는 고난도 패턴입니다.	백그라운드 갱신									redis	scaling	caching	async
Q951	네거티브 캐싱(Negative Caching)		Backend - 아키텍처 패턴	20	INITIALS	HARD	“없음(null/404)” 결과도 캐시에 저장해 반복 조회를 줄이는 전략을 무엇이라고 하는가?	네거티브 캐싱(Negative Caching)은 조회 결과가 “없음(null/404)”인 경우에도 그 결과를 캐시에 저장해 반복 조회를 줄이는 전략입니다. 면접에서는 캐시가 항상 “값이 있을 때만” 의미 있는 게 아니라, 없는 값도 DB 부하를 줄이는 데 중요하다는 점을 묻습니다. 실무에서는 존재하지 않는 사용자/상품을 반복 조회하는 공격이나, 프론트 버그로 잘못된 ID를 계속 요청하는 상황에서 DB를 보호하는 효과가 큽니다. 다만 새로 생성된 데이터가 “없음” 캐시에 막혀 잠시 조회가 안 되는 문제가 생길 수 있으므로, TTL을 짧게 잡거나 생성 이벤트 시 무효화(invalidate)하는 설계가 필요합니다. 또한 “없음”을 어떻게 표현할지(특수 값, 빈 객체, 상태 코드) 표준화하지 않으면 호환성 문제로 장애가 생깁니다. 네거티브 캐싱은 캐싱·스케일링(Redis)에서 실무 최적화 감각을 보는 고난도 주제입니다.	네거티브 캐싱									caching	redis	scaling	performance
Q952	캐시 오염(Cache Pollution)		Backend - 아키텍처 패턴	20	INITIALS	HARD	실제로 거의 쓰이지 않는 데이터가 캐시에 들어와 핫 데이터의 공간을 빼앗는 문제를 무엇이라고 하는가?	캐시 오염(Cache Pollution)은 실제로 거의 사용되지 않는 데이터가 캐시에 들어와, 핫 데이터(hot data)가 자리에서 밀려나는 문제입니다. 면접에서는 히트율(hit rate)을 단순히 높이는 것만이 목표가 아니라, 캐시가 “어떤 데이터를 담아야 하는지” 선별이 중요하다는 점을 설명할 때 나옵니다. 실무에서는 롱테일(long tail) 키가 폭증하거나, 배치 작업이 대량의 저가치 데이터를 캐시에 넣으면 오염이 쉽게 발생합니다. 해결책으로는 캐시 대상 필터링, TTL 조정, LFU/LRU 같은 eviction 정책 튜닝, 그리고 핫 키 보호(별도 네임스페이스/메모리 분리) 등을 사용합니다. 오염이 심해지면 eviction이 잦아지고 미스율이 올라가 DB 부하가 증가하므로, 관측성과 정책 관리가 필수입니다. 캐시 오염은 캐싱·스케일링(Redis)에서 성능/운영 설계를 묻는 고난도 주제입니다.	캐시 오염									redis	caching	scaling	ops
Q953	빅 키(Big Key)		DevOps / Cloud - 인프라 구성 요소	34	INITIALS	HARD	하나의 Redis 키가 너무 큰 값을 담아 네트워크/지연/메모리 문제를 만드는 상황을 무엇이라고 하는가?	빅 키(Big Key)는 하나의 Redis(Redis) 키가 너무 큰 값을 담아, 네트워크 전송 비용과 지연(latency), 메모리 압박을 크게 만드는 상황입니다. 면접에서는 “Redis가 느려질 수 있나” 질문에서 big key가 대표 원인으로 자주 나옵니다. 실무에서는 큰 문자열/큰 JSON, 또는 큰 Set/Hash/List 같은 자료구조가 big key가 될 수 있고, 조회/삭제 같은 명령이 단일 스레드 Redis에서 긴 시간을 점유해 전체 지연을 악화시킵니다. 해결책으로는 값 분할(shard), 페이지네이션 설계, 압축(compression), 그리고 big key를 만들지 않도록 데이터 모델을 바꾸는 방식이 있습니다. 또한 운영에서는 big key 탐지(스캔/샘플링)와 삭제 시 위험(대량 삭제로 지연)을 함께 관리해야 합니다. 빅 키는 캐싱·스케일링(Redis)에서 성능 장애의 핵심 고난도 주제입니다.	빅 키									redis	caching	scaling	performance
Q954	핫 키(Hot Key)		DevOps / Cloud - 인프라 구성 요소	34	INITIALS	HARD	특정 Redis 키에 트래픽이 집중되어 한 노드/한 키가 병목이 되는 현상을 무엇이라고 하는가?	핫 키(Hot Key)는 특정 Redis(Redis) 키에 트래픽이 집중되어, 한 키/한 노드가 병목(bottleneck)이 되는 현상입니다. 면접에서는 클러스터(Cluster)로 샤딩을 해도 핫 키는 여전히 남는다는 점을 설명해야 합니다. 실무에서는 인기 상품/메인 배너/공지 같은 데이터가 대표적인 핫 키가 되며, p99 지연과 타임아웃을 유발할 수 있습니다. 해결책으로는 키 샤딩(예: key:1..N으로 분산), 로컬 캐시(L1) 도입, 스테일 서브(Stale Serve), 그리고 읽기 레플리카(Read Replica) 조합이 있습니다. 또한 핫 키는 캐시 스탬피드(Cache Stampede)와 같이 발생하기도 하므로 TTL 지터, 요청 합치기 같은 전략이 함께 필요합니다. 핫 키는 캐싱·스케일링(Redis)에서 성능 스케일링의 대표 고난도 문제입니다.	핫 키									caching	redis	scaling	reliability
Q955	키 폭발(Key Explosion)		DevOps / Cloud - 인프라 구성 요소	34	INITIALS	HARD	사용자별/요청별로 캐시 키가 과도하게 생성되어 메모리/운영이 무너지는 문제를 무엇이라고 하는가?	키 폭발(Key Explosion)은 사용자별/요청별로 캐시 키가 과도하게 생성되어, Redis(Redis) 메모리와 운영 복잡도가 급격히 증가하는 문제입니다. 면접에서는 “캐시 키를 어떻게 설계하나” 질문에서 키 폭발을 예방하는 관점이 중요합니다. 실무에서는 검색 쿼리 전체를 키로 쓰거나, 개인화 파라미터를 무분별하게 키에 포함하면 폭발이 쉽게 발생합니다. 해결책으로는 캐시 대상 제한(핫 데이터만), 파라미터 정규화(normalization), 버킷팅(bucketing), 그리고 TTL을 짧게 잡아 자연 소멸을 유도하는 방식이 있습니다. 또한 키 폭발은 eviction을 유발하고 미스율을 올려 DB 부하로 전이되므로, hit rate만 보는 것이 아니라 key count/메모리 증가율도 함께 모니터링해야 합니다. 키 폭발은 캐싱·스케일링(Redis)에서 운영 설계 감각을 묻는 고난도 주제입니다.	키 폭발									redis	caching	scaling	ops
Q956	캐시 관통(Cache Penetration)		Security - 취약점	53	INITIALS	HARD	존재하지 않는 키 요청이 반복되어 캐시가 효과를 못 내고 DB가 계속 맞는 문제를 무엇이라고 하는가?	캐시 관통(Cache Penetration)은 존재하지 않는 키(없는 데이터) 요청이 반복되어 캐시가 효과를 내지 못하고, DB(Database)가 계속 조회를 당하는 문제입니다. 면접에서는 캐시 스탬피드(Cache Stampede)와 비교해, 관통은 “없는 데이터/악성 트래픽” 성격이 강하다는 점을 구분해야 합니다. 실무에서는 네거티브 캐싱(Negative Caching), 블룸 필터(Bloom Filter), 입력 검증(validation), 레이트 리밋(rate limiting) 등을 조합해 DB를 보호합니다. 특히 공격 트래픽이 섞이면 단순 캐싱만으로 해결이 어려워, WAF/봇 방어 같은 보안 계층과 함께 대응해야 합니다. 또한 관통 대응은 오탐/누락이 비즈니스에 미치는 영향이 크므로, 정책과 TTL을 신중히 조정해야 합니다. 캐시 관통은 캐싱·스케일링(Redis)에서 “성능 + 보안”을 함께 묻는 고난도 주제입니다.	캐시 관통									redis	caching	scaling	security
Q957	블룸 필터(Bloom Filter)		Computer Science - 계산 이론	68	INITIALS	HARD	어떤 값이 “존재하지 않음”은 확실히 말할 수 있지만 “존재함”은 확률적으로만 말하는 자료구조를 무엇이라고 하는가?	블룸 필터(Bloom Filter)는 어떤 값이 “존재하지 않음(not present)”은 확실히 말할 수 있지만, “존재함(present)”은 확률적으로만 말하는 확률적 자료구조입니다. 면접에서는 캐시 관통(Cache Penetration) 방지용으로 자주 등장하며, 오탐(false positive)은 가능하지만 누락(false negative)은 없다는 특성이 핵심입니다. 실무에서는 Redis(Redis) 앞단에서 “없는 키 요청”을 빠르게 차단해 DB 부하를 크게 줄일 수 있습니다. 다만 오탐이 있으면 실제로는 없는 값인데 “있다”고 판단해 캐시/DB 조회가 발생할 수 있으므로, 필터 파라미터(비트 배열 크기, 해시 함수 수)를 튜닝해야 합니다. 또한 데이터가 삭제될 수 있는 도메인에서는 일반 블룸 필터로는 관리가 어려워, 카운팅 블룸 필터 같은 변형을 고려하기도 합니다. 블룸 필터는 캐싱·스케일링(Redis)에서 관통 방지 심화로 자주 나오는 고난도 주제입니다.	블룸 필터									caching	redis	scaling	performance
Q958	캐시 어사이드(Cache Aside)		Backend - 아키텍처 패턴	20	INITIALS	HARD	애플리케이션이 캐시를 먼저 조회하고 미스면 DB를 조회한 뒤 캐시에 채우는 패턴을 무엇이라고 하는가?	캐시 어사이드(Cache Aside)는 애플리케이션이 먼저 캐시(Cache)를 조회하고, 미스(cache miss)면 DB(Database)를 조회한 뒤 캐시에 채우는 패턴입니다. 면접에서는 가장 널리 쓰이는 패턴이지만, 무효화 경쟁(Invalidation Race)과 스탬피드(Cache Stampede) 같은 함정이 많다는 점까지 설명해야 합니다. 실무에서는 읽기 성능 향상에 효과적이지만, 쓰기 시점에 캐시를 어떻게 갱신/삭제할지 정책이 중요합니다(더블 딜리트(Double Delete), 이벤트 기반 무효화 등). 또한 캐시 장애 시 폴백 스톰(Fallback Storm)을 막기 위한 레이트 리밋과 디그레이드 설계를 함께 해야 운영이 안정적입니다. 캐시 어사이드는 “쉽게 시작하지만 어렵게 운영되는” 패턴이므로, 관측성과 런북이 매우 중요합니다. 캐시 어사이드는 캐싱·스케일링(Redis)에서 아키텍처 이해를 묻는 대표 고난도 주제입니다.	캐시 어사이드									redis	caching	scaling	architecture
Q959	라이트 스루(Write Through)		Backend - 아키텍처 패턴	20	INITIALS	HARD	쓰기 시 DB와 캐시에 동시에 반영해 캐시를 항상 최신에 가깝게 유지하려는 패턴을 무엇이라고 하는가?	라이트 스루(Write Through)는 쓰기(write) 시 DB(Database)와 캐시(Cache)에 동시에 반영해 캐시를 항상 최신에 가깝게 유지하려는 패턴입니다. 면접에서는 캐시 어사이드(Cache Aside)와 대비해, 쓰기 경로가 단순해 보이지만 지연(latency)과 실패 처리 복잡도가 증가할 수 있음을 설명해야 합니다. 실무에서는 캐시 쓰기가 실패했을 때 DB만 성공하면 “캐시 누락”이 생기고, 캐시만 성공하면 데이터 손실 위험이 있어 트랜잭션 경계와 재시도 전략이 중요합니다. 또한 모든 쓰기를 캐시에까지 반영하면 쓰기 부하가 커질 수 있어, 정말 캐시 최신성이 중요한 도메인에 제한적으로 적용합니다. 분산 환경에서는 캐시/DB의 장애 도메인이 다르므로, 실패 시 정책(fail-open/fail-closed)을 명확히 합의해야 합니다. 라이트 스루는 캐싱·스케일링(Redis)에서 정합성 중심 설계를 묻는 고난도 패턴입니다.	라이트 스루									caching	redis	scaling	consistency