question_temp_key	term_title	term_id	term_category	term_category_id	question_type	difficulty	question_text	explanation	text_answer	choice_1_text	choice_1_is_answer	choice_2_text	choice_2_is_answer	choice_3_text	choice_3_is_answer	choice_4_text	choice_4_is_answer	label_1_key	label_2_key	label_3_key	label_4_key
Q001	인증(Authentication)		Backend - 인증/인가	18	CHOICE	EASY	인증(Authentication)의 가장 기본적인 목적은 무엇인가?	인증은 사용자가 누구인지 확인하는 과정입니다. 아이디와 비밀번호, 토큰 등을 통해 신원을 검증합니다. 인가와 혼동하기 쉬우므로 차이를 구분하는 것이 중요합니다. 면접에서는 인증과 인가의 책임 범위를 자주 묻습니다.		사용자의 신원을 확인한다	TRUE	사용자의 권한을 제어한다	FALSE	데이터를 암호화한다	FALSE	서버 부하를 줄인다	FALSE	security	authentication	backend	
Q002	인가(Authorization)		Backend - 인증/인가	18	CHOICE	EASY	인가(Authorization)에 대한 설명으로 가장 올바른 것은?	인가는 인증된 사용자가 어떤 자원에 접근할 수 있는지를 결정합니다. 역할(Role)이나 권한(Permission)을 기준으로 동작합니다. 인증 이후 단계라는 점이 핵심입니다. 실무에서는 인증과 인가를 분리 설계하는 것이 중요합니다.		사용자의 신원을 확인한다	FALSE	접근 가능한 권한을 결정한다	TRUE	비밀번호를 암호화한다	FALSE	요청을 캐싱한다	FALSE	security	authentication	backend	
Q003	세션(Session)		Backend - 인증/인가	18	CHOICE	EASY	서버 세션 기반 인증의 특징으로 올바른 것은?	세션 인증은 서버가 사용자 상태를 저장합니다. 로그인 후 세션 ID를 쿠키로 전달하는 방식이 일반적입니다. 서버 확장 시 세션 관리가 부담이 될 수 있습니다. 이 점에서 토큰 방식과 비교 질문이 자주 나옵니다.		서버가 사용자 상태를 저장한다	TRUE	서버는 상태를 전혀 저장하지 않는다	FALSE	반드시 JWT를 사용해야 한다	FALSE	HTTPS가 필요 없다	FALSE	security	authentication	backend	
Q004	쿠키(Cookie)		Backend - 인증/인가	18	CHOICE	EASY	쿠키(Cookie)에 대한 설명으로 올바른 것은?	쿠키는 클라이언트에 저장되는 작은 데이터입니다. 세션 ID나 인증 정보를 담는 데 사용됩니다. 보안을 위해 HttpOnly, Secure 옵션 설정이 중요합니다. 면접에서는 쿠키와 세션 차이를 자주 묻습니다.		서버 메모리에만 저장된다	FALSE	클라이언트에 저장된다	TRUE	반드시 암호화되어야 한다	FALSE	DB에만 저장된다	FALSE	security	authentication	backend	
Q005	JWT(JSON Web Token)		Backend - 인증/인가	18	CHOICE	EASY	JWT의 특징으로 가장 적절한 것은?	JWT는 서명된 토큰으로 서버가 상태를 저장하지 않아도 됩니다. 토큰 자체에 정보가 담겨 있습니다. 위변조 방지를 위해 서명이 중요합니다. 토큰 탈취 위험도 함께 고려해야 합니다.		서버에 세션을 저장한다	FALSE	상태를 저장하지 않는 인증에 적합하다	TRUE	항상 암호화되어 있다	FALSE	DB 조회가 필수다	FALSE	security	authentication	backend	
Q006	HTTPS		Network - 보안 및 HTTPS	32	CHOICE	EASY	HTTPS를 사용하는 가장 큰 이유는 무엇인가?	HTTPS는 통신 내용을 암호화해 중간자 공격을 방지합니다. 인증서 기반으로 서버 신뢰성을 보장합니다. 로그인과 결제 화면에서는 필수입니다. 면접에서는 HTTP와 차이점을 자주 묻습니다.		요청 속도를 높이기 위해	FALSE	통신 내용을 암호화하기 위해	TRUE	서버 부하를 줄이기 위해	FALSE	쿠키를 제거하기 위해	FALSE	security	authentication	network	
Q007	비밀번호 해싱		Security - 암호화	55	CHOICE	EASY	비밀번호를 그대로 저장하지 않고 해싱하는 이유는?	해싱은 원문 복원이 어렵도록 합니다. DB 유출 시 피해를 줄이기 위한 핵심 보안 기법입니다. salt를 함께 사용하는 것이 일반적입니다. 실무 보안의 기본 중 기본입니다.		조회 성능을 높이기 위해	FALSE	보안을 강화하기 위해	TRUE	저장 공간을 줄이기 위해	FALSE	인증을 생략하기 위해	FALSE	security	authentication	backend	
Q008	OAuth		Security - 인증/인가	52	CHOICE	EASY	OAuth의 주요 목적은 무엇인가?	OAuth는 외부 서비스의 자원을 안전하게 접근하기 위한 표준입니다. 비밀번호를 직접 공유하지 않는 것이 핵심입니다. 소셜 로그인에서 자주 사용됩니다. 인증과 인가 흐름을 구분해 이해해야 합니다.		비밀번호를 암호화한다	FALSE	제3자 접근 권한을 위임한다	TRUE	세션을 관리한다	FALSE	DB를 보호한다	FALSE	security	authentication	backend	
Q009	Access Token		Backend - 인증/인가	18	CHOICE	EASY	Access Token의 주된 역할은 무엇인가?	Access Token은 API 요청 시 사용자 권한을 증명합니다. 유효기간이 짧은 것이 일반적입니다. 탈취 위험을 줄이기 위한 설계입니다. Refresh Token과 비교 질문이 자주 나옵니다.		사용자 비밀번호 저장	FALSE	API 접근 권한 증명	TRUE	DB 암호화	FALSE	로그 기록	FALSE	security	authentication	backend	
Q010	Refresh Token		Backend - 인증/인가	18	CHOICE	EASY	Refresh Token의 역할로 가장 적절한 것은?	Refresh Token은 만료된 Access Token을 재발급하는 데 사용됩니다. 비교적 긴 유효기간을 가집니다. 보관 위치와 폐기 전략이 중요합니다. 면접에서 보안 질문으로 자주 등장합니다.		권한 검사	FALSE	Access Token 재발급	TRUE	사용자 인증 생략	FALSE	요청 암호화	FALSE	security	authentication	backend	
Q011	로그아웃(Logout)		Backend - 인증/인가	18	CHOICE	EASY	로그아웃 처리의 핵심 동작은 무엇인가?	로그아웃은 인증 정보를 무효화하는 과정입니다. 세션 기반에서는 세션 삭제가 핵심입니다. 토큰 기반에서는 블랙리스트나 만료 전략을 사용합니다. 단순 UI 동작이 아님을 이해해야 합니다.		화면 이동	FALSE	인증 정보 무효화	TRUE	DB 삭제	FALSE	서버 종료	FALSE	security	authentication	backend	
Q012	CSRF		Security - 취약점	53	CHOICE	EASY	CSRF 공격의 특징으로 올바른 것은?	CSRF는 사용자가 의도하지 않은 요청을 보내게 만드는 공격입니다. 인증된 상태를 악용합니다. 토큰 검증으로 방어할 수 있습니다. 인증과 밀접한 보안 이슈입니다.		인증 없이 요청을 보낸다	FALSE	인증된 사용자를 악용한다	TRUE	비밀번호를 탈취한다	FALSE	DB를 직접 공격한다	FALSE	security	authentication	backend	
Q013	CORS		Network - 보안 및 HTTPS	32	CHOICE	EASY	CORS가 필요한 이유는 무엇인가?	CORS는 브라우저의 보안 정책입니다. 다른 출처 요청을 제어합니다. 서버 설정으로 허용 범위를 명시합니다. 인증 API에서 자주 설정 문제가 발생합니다.		서버 성능 향상	FALSE	출처 간 요청을 제어	TRUE	토큰 발급	FALSE	DB 보호	FALSE	security	authentication	network	
Q014	SameSite Cookie		Backend - 인증/인가	18	CHOICE	EASY	SameSite 쿠키 옵션의 주요 목적은?	SameSite는 CSRF 공격 완화에 도움을 줍니다. 크로스 사이트 요청 시 쿠키 전송을 제한합니다. 보안 설정의 기본 옵션 중 하나입니다. 실무에서 누락되기 쉬운 부분입니다.		쿠키 크기 증가	FALSE	CSRF 방어	TRUE	성능 최적화	FALSE	인증 생략	FALSE	security	authentication	backend	
Q015	HttpOnly Cookie		Backend - 인증/인가	18	CHOICE	EASY	HttpOnly 옵션을 설정하는 이유는?	HttpOnly는 JavaScript 접근을 차단합니다. XSS 공격 시 쿠키 탈취를 방지합니다. 인증 쿠키에는 거의 필수입니다. 보안 기본 설정으로 자주 질문됩니다.		쿠키 자동 삭제	FALSE	스크립트 접근 차단	TRUE	네트워크 암호화	FALSE	DB 보호	FALSE	security	authentication	backend	
Q016	Secure Cookie		Backend - 인증/인가	18	CHOICE	EASY	Secure 쿠키 옵션의 의미는 무엇인가?	Secure 옵션은 HTTPS 환경에서만 쿠키를 전송합니다. 네트워크 스니핑을 방지합니다. 로그인 쿠키에 반드시 적용해야 합니다. HTTPS와 함께 설명되는 개념입니다.		로컬에서만 사용	FALSE	HTTPS에서만 전송	TRUE	암호화 저장	FALSE	서버 전용	FALSE	security	authentication	backend	
Q017	Basic Auth		Security - 인증/인가	52	CHOICE	EASY	Basic Authentication의 특징으로 올바른 것은?	Basic Auth는 아이디와 비밀번호를 Base64로 인코딩합니다. 암호화가 아니므로 HTTPS와 함께 사용해야 합니다. 단순하지만 보안상 주의가 필요합니다.		암호화된 인증 방식	FALSE	단순하고 구현이 쉽다	TRUE	토큰 기반 인증	FALSE	세션 저장 필수	FALSE	security	authentication	backend	
Q018	토큰 만료		Backend - 인증/인가	18	CHOICE	EASY	토큰에 만료 시간을 두는 이유는?	만료 시간은 토큰 탈취 시 피해를 줄입니다. 무제한 토큰은 보안 위험이 큽니다. 짧은 만료 + 재발급 전략이 일반적입니다. 면접 단골 질문입니다.		성능 향상	FALSE	보안 강화	TRUE	인증 생략	FALSE	DB 보호	FALSE	security	authentication	backend	
Q019	로그인 시도 제한		Security - 취약점	53	CHOICE	EASY	로그인 시도 횟수를 제한하는 주된 목적은?	무차별 대입 공격을 방지하기 위함입니다. 보안 정책의 기본 요소입니다. CAPTCHA와 함께 사용되기도 합니다. 인증 시스템의 안정성을 높입니다.		UX 개선	FALSE	브루트포스 공격 방지	TRUE	DB 최적화	FALSE	캐시 활용	FALSE	security	authentication	backend	
Q020	MFA		Security - 인증/인가	52	CHOICE	EASY	MFA(Multi-Factor Authentication)의 의미는?	MFA는 두 가지 이상의 인증 수단을 사용합니다. 비밀번호 + OTP 조합이 대표적입니다. 계정 탈취 위험을 크게 낮춥니다. 최근 서비스에서 필수 보안 요소로 자리 잡고 있습니다.		단일 비밀번호 인증	FALSE	복수 인증 수단 사용	TRUE	세션 기반 인증	FALSE	네트워크 암호화	FALSE	security	authentication	backend	
Q021	로그인(Login)		Backend - 인증/인가	18	CHOICE	EASY	로그인(Login)의 역할로 가장 올바른 것은?	로그인은 사용자가 인증 절차를 시작하는 진입점입니다. 아이디와 비밀번호 또는 토큰을 통해 신원을 확인합니다. 인증이 완료되어야 이후 인가가 가능합니다. 인증 흐름의 출발점이라는 점이 중요합니다.		사용자 신원을 확인한다	TRUE	사용자 권한을 설정한다	FALSE	데이터 암호화	FALSE	로그를 삭제한다	FALSE	security	authentication	backend	
Q022	로그아웃 토큰 무효화		Backend - 인증/인가	18	CHOICE	EASY	토큰 기반 인증에서 로그아웃 처리로 가장 적절한 것은?	토큰 기반 인증은 서버에 상태가 없기 때문에 로그아웃이 복잡할 수 있습니다. 일반적으로 토큰 만료나 블랙리스트를 사용합니다. 단순 클라이언트 삭제만으로는 불충분합니다.		토큰을 즉시 무효화한다	TRUE	DB를 삭제한다	FALSE	서버를 재시작한다	FALSE	인증을 생략한다	FALSE	security	authentication	backend	
Q023	인증 실패 처리		Backend - 인증/인가	18	CHOICE	EASY	인증 실패 시 서버가 반환해야 할 적절한 HTTP 상태 코드는?	인증 실패는 일반적으로 401 Unauthorized를 사용합니다. 이는 인증 정보가 없거나 유효하지 않음을 의미합니다. 인가 실패(403)와 구분하는 것이 중요합니다. 면접에서 자주 나오는 구분 포인트입니다.		200 OK	FALSE	401 Unauthorized	TRUE	403 Forbidden	FALSE	500 Internal Server Error	FALSE	security	authentication	backend	
Q024	인가 실패 처리		Backend - 인증/인가	18	CHOICE	EASY	인증은 되었지만 권한이 없는 경우 적절한 상태 코드는?	인증은 성공했으나 권한이 없을 때는 403 Forbidden을 사용합니다. 401과의 차이를 명확히 이해해야 합니다. 실무 API 설계에서 매우 중요합니다.		401 Unauthorized	FALSE	403 Forbidden	TRUE	404 Not Found	FALSE	500 Internal Server Error	FALSE	security	authentication	backend	
Q025	비밀번호 정책		Security - 인증/인가	52	CHOICE	EASY	비밀번호 정책을 강화하는 주된 목적은?	비밀번호 정책은 계정 탈취 위험을 줄이기 위함입니다. 길이, 복잡도, 변경 주기 등이 포함됩니다. 사용자 경험과 보안의 균형이 중요합니다.		UX 개선	FALSE	보안 강화	TRUE	성능 최적화	FALSE	인증 생략	FALSE	security	authentication	backend	
Q026	Salt		Security - 암호화	55	CHOICE	EASY	비밀번호 해싱 시 Salt를 사용하는 이유는?	Salt는 동일한 비밀번호라도 다른 해시 값을 만들기 위해 사용됩니다. 레인보우 테이블 공격을 방지합니다. 해싱 보안의 기본 요소입니다.		해싱 속도 향상	FALSE	해시 값 중복 방지	TRUE	인증 우회	FALSE	저장 공간 감소	FALSE	security	authentication	backend	
Q027	인증 미들웨어		Backend - 인증/인가	18	CHOICE	EASY	인증 미들웨어의 역할로 가장 적절한 것은?	인증 미들웨어는 요청 전에 인증 여부를 검사합니다. 공통 로직을 분리해 코드 중복을 줄입니다. 백엔드 구조 이해를 묻는 질문으로 자주 등장합니다.		요청을 암호화한다	FALSE	인증 여부를 검사한다	TRUE	DB를 관리한다	FALSE	로그를 삭제한다	FALSE	security	authentication	backend	
Q028	API Key		Security - 인증/인가	52	CHOICE	EASY	API Key 인증 방식의 특징은?	API Key는 간단한 인증 수단입니다. 주로 서버 간 통신에서 사용됩니다. 노출 시 위험하므로 권한 제한이 필요합니다.		사용자 세션 관리	FALSE	단순한 인증 수단	TRUE	비밀번호 암호화	FALSE	토큰 재발급	FALSE	security	authentication	backend	
Q029	인증 헤더		Network - HTTP	31	CHOICE	EASY	토큰 기반 인증에서 주로 사용하는 HTTP 헤더는?	Authorization 헤더는 인증 정보를 전달하는 표준 방식입니다. Bearer 토큰이 가장 일반적입니다. 헤더 기반 인증은 REST API 설계의 기본입니다.		Cookie	FALSE	Authorization	TRUE	Host	FALSE	Referer	FALSE	security	authentication	network	
Q030	Bearer Token		Backend - 인증/인가	18	CHOICE	EASY	Bearer Token의 의미로 올바른 것은?	Bearer는 토큰을 소지한 사람이 권한을 가진다는 의미입니다. 별도의 추가 인증 없이 토큰만으로 접근합니다. 탈취 시 위험이 있으므로 HTTPS가 필수입니다.		소유자 인증 방식	TRUE	암호화 알고리즘	FALSE	세션 저장 방식	FALSE	DB 키	FALSE	security	authentication	backend	
Q031	인증 정보 노출		Security - 취약점	53	CHOICE	EASY	인증 정보를 URL 파라미터로 전달하면 안 되는 이유는?	URL은 로그, 히스토리 등에 남을 수 있습니다. 인증 정보 노출 위험이 큽니다. 반드시 헤더나 바디를 사용해야 합니다. 기본적인 보안 수칙입니다.		성능 저하	FALSE	보안 위험	TRUE	인증 속도 감소	FALSE	서버 오류	FALSE	security	authentication	backend	
Q032	HTTPS 필수 구간		Network - 보안 및 HTTPS	32	CHOICE	EASY	HTTPS가 반드시 필요한 구간은?	로그인, 결제 등 민감 정보 전송 구간에서는 HTTPS가 필수입니다. 평문 전송은 심각한 보안 위험을 초래합니다. 면접 단골 질문입니다.		이미지 요청	FALSE	로그인 요청	TRUE	캐시 요청	FALSE	로그 조회	FALSE	security	authentication	network	
Q033	세션 고정 공격		Security - 취약점	53	CHOICE	EASY	세션 고정(Session Fixation) 공격의 대응 방법으로 올바른 것은?	로그인 성공 시 세션 ID를 재발급하는 것이 핵심 대응 방법입니다. 기존 세션을 그대로 사용하면 공격에 취약합니다. 인증 보안의 기본 원칙입니다.		세션 ID 재발급	TRUE	쿠키 제거	FALSE	서버 종료	FALSE	인증 생략	FALSE	security	authentication	backend	
Q034	인증 로그		Security - 인증/인가	52	CHOICE	EASY	인증 로그를 남기는 주된 목적은?	인증 로그는 보안 사고 분석에 중요합니다. 이상 징후 탐지와 추적에 사용됩니다. 단순 기록이 아닌 보안 자산입니다.		성능 측정	FALSE	보안 추적	TRUE	인증 생략	FALSE	캐시 관리	FALSE	security	authentication	backend	
Q035	계정 잠금		Security - 인증/인가	52	CHOICE	EASY	계정 잠금 정책의 주요 목적은?	반복적인 로그인 실패 시 계정을 잠급니다. 무차별 대입 공격 방어가 목적입니다. 인증 보안에서 매우 기본적인 정책입니다.		UX 개선	FALSE	공격 방어	TRUE	DB 보호	FALSE	로그 정리	FALSE	security	authentication	backend	
Q036	인증 만료 시간		Backend - 인증/인가	18	CHOICE	EASY	인증 만료 시간을 설정하는 이유는?	인증 만료는 탈취된 인증 정보의 사용을 제한합니다. 무기한 인증은 큰 보안 위험입니다. 보안과 편의성의 균형이 중요합니다.		성능 향상	FALSE	보안 강화	TRUE	인증 우회	FALSE	DB 최적화	FALSE	security	authentication	backend	
Q037	OTP		Security - 인증/인가	52	CHOICE	EASY	OTP(One-Time Password)의 특징은?	OTP는 한 번만 사용하는 비밀번호입니다. 재사용이 불가능해 보안성이 높습니다. MFA 구성 요소로 자주 사용됩니다.		고정 비밀번호	FALSE	일회용 비밀번호	TRUE	세션 ID	FALSE	암호화 알고리즘	FALSE	security	authentication	backend	
Q038	인증 캐시		Backend - 인증/인가	18	CHOICE	EASY	인증 정보를 캐시할 때 주의할 점은?	인증 캐시는 성능에 도움이 되지만 보안 위험이 있습니다. 만료 정책이 필수입니다. 민감 정보는 최소화해야 합니다.		무제한 저장	FALSE	만료 설정 필요	TRUE	암호화 불필요	FALSE	로그 대체	FALSE	security	authentication	backend	
Q039	인증과 인가 분리		Backend - 인증/인가	18	CHOICE	EASY	인증과 인가를 분리하는 이유는?	인증과 인가는 책임이 다릅니다. 분리하면 유지보수성과 보안성이 향상됩니다. 백엔드 설계 이해도를 평가하는 질문입니다.		구현 단순화	FALSE	설계 명확성	TRUE	성능 향상	FALSE	인증 제거	FALSE	security	authentication	backend	
Q040	보안 기본 원칙		Security - 인증/인가	52	CHOICE	EASY	인증 시스템 설계 시 가장 기본적인 원칙은?	최소 권한 원칙은 보안의 핵심입니다. 필요한 권한만 부여해야 합니다. 인증과 인가 전반에 적용되는 개념입니다.		최대 권한 부여	FALSE	최소 권한 원칙	TRUE	인증 생략	FALSE	캐시 우선	FALSE	security	authentication	backend	
Q041	인증 토큰 저장 위치		Backend - 인증/인가	18	CHOICE	EASY	토큰 기반 인증에서 보안상 가장 권장되는 저장 위치는?	토큰은 탈취 위험이 있으므로 저장 위치가 중요합니다. HttpOnly 쿠키는 JS 접근을 막아 상대적으로 안전합니다. LocalStorage는 XSS에 취약합니다. 면접에서 자주 비교 질문이 나옵니다.		LocalStorage	FALSE	SessionStorage	FALSE	HttpOnly 쿠키	TRUE	URL 파라미터	FALSE	security	authentication	backend	
Q042	인증 필요 API		Backend - 인증/인가	18	CHOICE	EASY	다음 중 일반적으로 인증이 필요한 API는?	사용자 정보 조회나 수정은 반드시 인증이 필요합니다. 공개 리소스와 구분하는 것이 중요합니다. API 보안 설계의 기본 개념입니다.		메인 페이지 조회	FALSE	사용자 정보 조회	TRUE	공지사항 목록	FALSE	헬스 체크	FALSE	security	authentication	backend	
Q043	공개 API		Backend - 인증/인가	18	CHOICE	EASY	인증 없이 접근 가능한 API로 가장 적절한 것은?	공개 정보 제공 API는 인증 없이 허용되는 경우가 많습니다. 모든 API에 인증을 강제할 필요는 없습니다. 요구사항에 맞는 설계가 중요합니다.		사용자 정보 수정	FALSE	결제 요청	FALSE	공지사항 조회	TRUE	비밀번호 변경	FALSE	security	authentication	backend	
Q044	인증 실패 메시지		Security - 인증/인가	52	CHOICE	EASY	인증 실패 시 에러 메시지로 가장 바람직한 것은?	인증 실패 사유를 과도하게 노출하면 보안에 취약합니다. 단순한 메시지가 권장됩니다. 공격자에게 정보를 주지 않는 것이 핵심입니다.		아이디 없음	FALSE	비밀번호 틀림	FALSE	인증에 실패했습니다	TRUE	계정 존재 여부	FALSE	security	authentication	backend	
Q045	비밀번호 재설정		Security - 인증/인가	52	CHOICE	EASY	비밀번호 재설정 기능에서 가장 중요한 보안 요소는?	재설정 링크는 일회성이어야 합니다. 만료 시간이 반드시 필요합니다. 인증 우회를 막기 위한 핵심 포인트입니다.		무제한 링크	FALSE	일회성 토큰	TRUE	고정 URL	FALSE	캐시 저장	FALSE	security	authentication	backend	
Q046	인증 상태 확인		Backend - 인증/인가	18	CHOICE	EASY	서버가 사용자의 인증 상태를 확인하는 시점으로 올바른 것은?	서버는 요청이 들어올 때마다 인증 상태를 검증합니다. 최초 로그인 시 한 번만 확인하는 것은 위험합니다. 요청 단위 검증이 기본입니다.		서버 시작 시	FALSE	요청 시	TRUE	DB 초기화 시	FALSE	로그아웃 시	FALSE	security	authentication	backend	
Q047	인증 정보 전달 방식		Network - HTTP	31	CHOICE	EASY	인증 정보를 전달하는 방식으로 가장 권장되는 것은?	Authorization 헤더는 표준적인 인증 전달 방식입니다. URL이나 쿠키 남용은 보안 위험이 있습니다. REST API 설계의 기본입니다.		URL 파라미터	FALSE	Authorization 헤더	TRUE	Query String	FALSE	Referer	FALSE	security	authentication	network	
Q048	인증 우회		Security - 취약점	53	CHOICE	EASY	인증 우회(Authentication Bypass)의 의미는?	인증 없이 보호된 자원에 접근하는 취약점을 의미합니다. 치명적인 보안 사고로 이어질 수 있습니다. 접근 제어 검증이 필수입니다.		로그인 실패	FALSE	인증 없이 접근	TRUE	권한 부족	FALSE	네트워크 지연	FALSE	security	authentication	backend	
Q049	인증 로직 위치		Backend - 인증/인가	18	CHOICE	EASY	인증 로직을 컨트롤러가 아닌 공통 영역에 두는 이유는?	인증은 공통 관심사입니다. 필터나 미들웨어로 분리하면 중복을 줄일 수 있습니다. 구조 설계 이해를 묻는 질문입니다.		코드 분리	TRUE	성능 저하	FALSE	테스트 제거	FALSE	DB 접근 감소	FALSE	security	authentication	backend	
Q050	인증과 세션 만료		Backend - 인증/인가	18	CHOICE	EASY	세션 만료 시 발생하는 일반적인 결과는?	세션이 만료되면 인증 상태가 사라집니다. 사용자는 다시 로그인해야 합니다. 보안과 직결되는 동작입니다.		자동 재로그인	FALSE	재로그인 필요	TRUE	권한 상승	FALSE	인증 유지	FALSE	security	authentication	backend	
Q051	인증 정보 캐시 금지		Security - 인증/인가	52	CHOICE	EASY	다음 중 캐시하면 가장 위험한 정보는?	인증 정보는 캐시 시 탈취 위험이 큽니다. 민감 데이터는 캐시 대상에서 제외해야 합니다. 보안 기본 원칙입니다.		공지사항	FALSE	상품 목록	FALSE	비밀번호	TRUE	카테고리 목록	FALSE	security	authentication	backend	
Q052	인증과 HTTPS		Network - 보안 및 HTTPS	32	CHOICE	EASY	인증 요청 시 HTTPS가 반드시 필요한 이유는?	인증 정보는 매우 민감합니다. 평문 전송 시 쉽게 탈취됩니다. HTTPS는 기본 전제 조건입니다.		성능 향상	FALSE	암호화	TRUE	서버 단순화	FALSE	인증 생략	FALSE	security	authentication	network	
Q053	인증 토큰 탈취		Security - 취약점	53	CHOICE	EASY	토큰 탈취 시 가장 큰 위험은?	토큰은 소지자 인증 방식입니다. 탈취되면 공격자가 정상 사용자처럼 행동할 수 있습니다. 만료와 재발급 전략이 중요합니다.		로그 노출	FALSE	권한 탈취	TRUE	DB 손상	FALSE	캐시 삭제	FALSE	security	authentication	backend	
Q054	인증 실패 로그		Security - 인증/인가	52	CHOICE	EASY	인증 실패 로그를 분석하는 주된 목적은?	반복 실패는 공격 신호일 수 있습니다. 보안 모니터링에 활용됩니다. 단순 기록이 아닌 대응 수단입니다.		UX 개선	FALSE	공격 탐지	TRUE	성능 분석	FALSE	인증 제거	FALSE	security	authentication	backend	
Q055	인증 성공 후 처리		Backend - 인증/인가	18	CHOICE	EASY	인증 성공 후 서버가 해야 할 기본 동작은?	인증 성공 후에는 인증 정보를 발급합니다. 세션 ID나 토큰이 대표적입니다. 이후 요청에서 이를 사용합니다.		로그아웃	FALSE	토큰 발급	TRUE	DB 삭제	FALSE	권한 제거	FALSE	security	authentication	backend	
Q056	인증 상태 유지		Backend - 인증/인가	18	CHOICE	EASY	인증 상태를 유지하기 위해 사용하는 것은?	세션 ID나 토큰을 통해 인증 상태를 유지합니다. 단순 메모리 변수로는 불가능합니다. 인증 구조 이해가 핵심입니다.		변수	FALSE	쿠키 또는 토큰	TRUE	로그	FALSE	URL	FALSE	security	authentication	backend	
Q057	인증과 권한 체크 순서		Backend - 인증/인가	18	CHOICE	EASY	일반적인 요청 처리 순서로 올바른 것은?	인증이 먼저, 인가는 그 다음입니다. 인증되지 않은 사용자는 권한을 논할 수 없습니다. 기본적인 흐름입니다.		인가 → 인증	FALSE	인증 → 인가	TRUE	캐시 → 인증	FALSE	인가만 수행	FALSE	security	authentication	backend	
Q058	인증 관련 예외		Backend - 인증/인가	18	CHOICE	EASY	인증 실패 시 던지는 예외의 성격으로 올바른 것은?	인증 예외는 보안 예외로 분류됩니다. 비즈니스 로직 오류와 구분해야 합니다. 글로벌 예외 처리 대상입니다.		비즈니스 예외	FALSE	보안 예외	TRUE	DB 예외	FALSE	시스템 종료	FALSE	security	authentication	backend	
Q059	인증과 테스트		Software Engineering - 테스트	60	CHOICE	EASY	인증 로직 테스트 시 가장 중요한 것은?	정상/비정상 케이스를 모두 검증해야 합니다. 인증 우회 가능성을 막는 것이 핵심입니다. 보안 테스트의 기본입니다.		성공 케이스만	FALSE	실패 케이스 포함	TRUE	UI 테스트	FALSE	성능 테스트	FALSE	security	authentication	backend	
Q060	인증 시스템 기본 목표		Security - 인증/인가	52	CHOICE	EASY	인증 시스템의 가장 근본적인 목표는?	인증 시스템은 사용자를 구분하기 위해 존재합니다. 신뢰할 수 있는 사용자 식별이 핵심입니다. 모든 보안의 출발점입니다.		UI 개선	FALSE	사용자 식별	TRUE	서버 최적화	FALSE	캐시 활용	FALSE	security	authentication	backend	
Q061	인증 헤더 누락		Backend - 인증/인가	18	CHOICE	EASY	인증이 필요한 API 요청에 Authorization 헤더가 없을 때 가장 적절한 응답은?	인증 정보가 없으면 서버는 요청을 거부해야 합니다. 일반적으로 401 상태 코드를 반환합니다. 403과의 차이를 구분하는 것이 중요합니다.		200 OK	FALSE	401 Unauthorized	TRUE	403 Forbidden	FALSE	404 Not Found	FALSE	security	authentication	backend	
Q062	권한 체크 위치		Backend - 인증/인가	18	CHOICE	EASY	권한 체크를 공통 계층에서 처리하는 이유로 가장 적절한 것은?	권한 검사는 여러 API에서 반복됩니다. 공통 처리로 중복을 줄이고 보안 누락을 방지할 수 있습니다. 설계 관점의 기본 질문입니다.		성능 향상	FALSE	중복 제거	TRUE	DB 접근 감소	FALSE	UI 단순화	FALSE	security	authentication	backend	
Q063	인증 토큰 전달 방식		Network - HTTP	31	CHOICE	EASY	다음 중 인증 토큰 전달 방식으로 가장 바람직한 것은?	토큰은 표준 헤더를 통해 전달하는 것이 안전합니다. URL 노출을 피해야 합니다. REST API 기본 설계 원칙입니다.		URL 파라미터	FALSE	Authorization 헤더	TRUE	Cookie에 평문 저장	FALSE	Referer	FALSE	security	authentication	network	
Q064	로그인 실패 횟수		Security - 인증/인가	52	CHOICE	EASY	로그인 실패 횟수를 제한하는 정책의 주요 목적은?	무차별 대입 공격을 방지하기 위함입니다. 계정 보호의 기본 수단입니다. CAPTCHA와 함께 사용되기도 합니다.		UX 개선	FALSE	공격 방지	TRUE	성능 향상	FALSE	인증 생략	FALSE	security	authentication	backend	
Q065	비밀번호 평문 저장		Security - 취약점	53	CHOICE	EASY	비밀번호를 평문으로 저장하면 가장 큰 문제는?	DB 유출 시 모든 계정이 즉시 위험해집니다. 해싱은 필수입니다. 보안의 가장 기본적인 원칙입니다.		성능 저하	FALSE	계정 탈취	TRUE	인증 지연	FALSE	캐시 오류	FALSE	security	authentication	backend	
Q066	인증 성공 코드		Backend - 인증/인가	18	CHOICE	EASY	로그인 인증이 성공했을 때 일반적으로 사용하는 HTTP 상태 코드는?	인증 성공은 정상 요청 처리이므로 200을 사용합니다. 이후 토큰이나 세션을 발급합니다.		200 OK	TRUE	201 Created	FALSE	401 Unauthorized	FALSE	403 Forbidden	FALSE	security	authentication	backend	
Q067	토큰 기반 인증 장점		Backend - 인증/인가	18	CHOICE	EASY	토큰 기반 인증의 대표적인 장점은?	서버가 상태를 저장하지 않아 확장성이 좋습니다. 분산 환경에 적합합니다. 세션과의 비교 질문이 자주 나옵니다.		서버 상태 저장	FALSE	무상태	TRUE	DB 의존	FALSE	네트워크 증가	FALSE	security	authentication	backend	
Q068	세션 기반 인증 단점		Backend - 인증/인가	18	CHOICE	EASY	세션 기반 인증의 단점으로 올바른 것은?	서버가 사용자 상태를 저장해야 합니다. 서버 확장 시 세션 공유 문제가 발생할 수 있습니다.		확장성 저하	TRUE	구현 단순	FALSE	보안 강화	FALSE	무상태	FALSE	security	authentication	backend	
Q069	인증 정보 최소화		Security - 인증/인가	52	CHOICE	EASY	인증 토큰에 담는 정보로 가장 바람직한 것은?	토큰에는 필요한 최소 정보만 포함해야 합니다. 민감 정보는 담지 않는 것이 원칙입니다.		비밀번호	FALSE	최소 식별 정보	TRUE	개인정보 전체	FALSE	결제 정보	FALSE	security	authentication	backend	
Q070	인증 API 보호		Backend - 인증/인가	18	CHOICE	EASY	인증이 필요한 API를 보호하는 일반적인 방법은?	필터나 미들웨어에서 인증을 검증합니다. 컨트롤러 단에서 반복 구현하는 것은 바람직하지 않습니다.		컨트롤러 내부	FALSE	필터 또는 미들웨어	TRUE	프론트엔드 검사	FALSE	DB 트리거	FALSE	security	authentication	backend	
Q071	인증과 로깅		Security - 인증/인가	52	CHOICE	EASY	인증 성공/실패 로그를 남기는 이유는?	보안 사고 분석과 추적을 위해 필요합니다. 이상 징후 탐지에 활용됩니다.		UI 개선	FALSE	보안 추적	TRUE	성능 분석	FALSE	인증 생략	FALSE	security	authentication	backend	
Q072	토큰 만료 전략		Backend - 인증/인가	18	CHOICE	EASY	Access Token의 만료 시간을 짧게 설정하는 이유는?	탈취 시 피해 범위를 줄이기 위함입니다. Refresh Token과의 조합이 일반적입니다.		UX 향상	FALSE	피해 감소	TRUE	인증 제거	FALSE	서버 단순화	FALSE	security	authentication	backend	
Q073	인증 실패 응답 메시지		Security - 인증/인가	52	CHOICE	EASY	인증 실패 응답에서 피해야 할 것은?	구체적인 실패 원인은 공격자에게 힌트를 줄 수 있습니다. 단순 메시지가 권장됩니다.		상세 사유 노출	TRUE	일반 실패 메시지	FALSE	상태 코드 반환	FALSE	로그 기록	FALSE	security	authentication	backend	
Q074	HTTPS와 인증 쿠키		Network - 보안 및 HTTPS	32	CHOICE	EASY	인증 쿠키에 Secure 옵션을 사용하는 이유는?	HTTPS 환경에서만 전송되도록 제한해 스니핑을 방지합니다. 인증 쿠키에 필수 옵션입니다.		성능 향상	FALSE	스니핑 방지	TRUE	인증 생략	FALSE	쿠키 삭제	FALSE	security	authentication	network	
Q075	인증 우회 방지		Security - 취약점	53	CHOICE	EASY	인증 우회를 방지하기 위한 기본 방법은?	모든 보호 API에서 인증 검증을 수행해야 합니다. 일부 API 누락이 사고로 이어집니다.		일부 API만 검사	FALSE	모든 요청 인증 검사	TRUE	프론트엔드 검사	FALSE	로그만 기록	FALSE	security	authentication	backend	
Q076	인증과 캐시		Backend - 인증/인가	18	CHOICE	EASY	인증 결과를 캐시할 때 반드시 고려해야 할 것은?	만료 정책이 없으면 보안 위험이 커집니다. 짧은 TTL이 필수입니다.		무제한 TTL	FALSE	만료 시간 설정	TRUE	암호화 불필요	FALSE	로그 대체	FALSE	security	authentication	backend	
Q077	인증 테스트 범위		Software Engineering - 테스트	60	CHOICE	EASY	인증 테스트에서 반드시 포함해야 할 케이스는?	정상과 실패 케이스를 모두 검증해야 합니다. 실패 케이스 누락은 위험합니다.		성공 케이스만	FALSE	실패 케이스 포함	TRUE	UI 테스트	FALSE	성능 테스트	FALSE	security	authentication	backend	
Q078	인증과 인가 구분		Backend - 인증/인가	18	CHOICE	EASY	인증과 인가의 차이로 올바른 설명은?	인증은 누구인지, 인가는 무엇을 할 수 있는지입니다. 기본 개념 질문입니다.		둘 다 권한 검사	FALSE	인증은 신원, 인가는 권한	TRUE	인증은 암호화	FALSE	인가는 로그인	FALSE	security	authentication	backend	
Q079	인증 정보 전송 금지		Security - 취약점	53	CHOICE	EASY	다음 중 인증 정보 전송 방식으로 가장 위험한 것은?	URL은 여러 경로에 노출됩니다. 인증 정보 전달에 부적절합니다.		Authorization 헤더	FALSE	HTTPS 바디	FALSE	URL 파라미터	TRUE	HttpOnly 쿠키	FALSE	security	authentication	backend	
Q080	인증 시스템 목적		Security - 인증/인가	52	CHOICE	EASY	인증 시스템이 존재하는 가장 근본적인 이유는?	사용자를 식별하고 보호된 자원을 안전하게 제공하기 위함입니다. 모든 보안의 출발점입니다.		성능 향상	FALSE	사용자 식별	TRUE	UI 개선	FALSE	캐시 활용	FALSE	security	authentication	backend	
Q081	인증 필터		Backend - 인증/인가	18	CHOICE	EASY	인증 필터(Filter)를 사용하는 주된 이유는?	인증 필터는 모든 요청 앞단에서 인증 여부를 일관되게 검사합니다. 중복 코드를 줄이고 보안 누락을 방지합니다.		컨트롤러 단순화	FALSE	인증 공통 처리	TRUE	DB 성능 개선	FALSE	UI 개선	FALSE	security	authentication	backend	
Q082	인증 정보 재사용		Security - 인증/인가	52	CHOICE	EASY	인증 정보를 재사용할 때 가장 주의해야 할 점은?	인증 정보 재사용은 탈취 시 위험합니다. 반드시 만료 시간과 폐기 전략이 필요합니다.		무제한 사용	FALSE	만료 관리	TRUE	캐시 우선	FALSE	로그만 기록	FALSE	security	authentication	backend	
Q083	비밀번호 변경 시 처리		Backend - 인증/인가	18	CHOICE	EASY	사용자가 비밀번호를 변경했을 때 가장 바람직한 처리 방식은?	비밀번호 변경 시 기존 인증 정보를 무효화해야 합니다. 세션/토큰을 재발급하는 것이 안전합니다.		기존 토큰 유지	FALSE	기존 인증 무효화	TRUE	캐시 삭제만	FALSE	로그만 기록	FALSE	security	authentication	backend	
Q084	인증 우회 점검		Security - 취약점	53	CHOICE	EASY	인증 우회 취약점을 점검하기 위한 가장 기본적인 방법은?	모든 보호 API에 인증 검증이 적용되는지 확인해야 합니다. 누락이 사고로 이어집니다.		일부 API 테스트	FALSE	전수 확인	TRUE	UI 테스트	FALSE	로그 점검	FALSE	security	authentication	backend	
Q085	인증 쿠키 옵션		Backend - 인증/인가	18	CHOICE	EASY	인증 쿠키에 HttpOnly 옵션을 설정하는 이유는?	JavaScript 접근을 차단해 XSS로 인한 쿠키 탈취를 방지합니다.		성능 향상	FALSE	XSS 방지	TRUE	인증 생략	FALSE	쿠키 삭제	FALSE	security	authentication	backend	
Q086	인증 데이터 최소화		Security - 인증/인가	52	CHOICE	EASY	인증 토큰 설계 시 가장 바람직한 원칙은?	토큰에는 최소한의 식별 정보만 포함해야 합니다. 민감 데이터는 제외해야 합니다.		모든 사용자 정보	FALSE	최소 정보	TRUE	비밀번호 포함	FALSE	결제 정보 포함	FALSE	security	authentication	backend	
Q087	인증 상태 검증		Backend - 인증/인가	18	CHOICE	EASY	서버가 인증 상태를 검증해야 하는 시점으로 가장 적절한 것은?	모든 보호된 요청마다 인증 상태를 확인해야 합니다. 최초 로그인만 검증하는 것은 위험합니다.		로그인 시 1회	FALSE	요청마다	TRUE	서버 시작 시	FALSE	로그아웃 시	FALSE	security	authentication	backend	
Q088	인증 실패 처리 일관성		Security - 인증/인가	52	CHOICE	EASY	인증 실패 처리에서 중요한 보안 원칙은?	실패 응답은 일관되고 단순해야 합니다. 상세 사유 노출은 피해야 합니다.		상세 오류 제공	FALSE	단순 응답	TRUE	상태 코드 생략	FALSE	로그 미작성	FALSE	security	authentication	backend	
Q089	인증과 HTTPS 의존성		Network - 보안 및 HTTPS	32	CHOICE	EASY	인증 시스템이 HTTPS에 의존하는 이유는?	인증 정보는 평문 전송 시 탈취됩니다. HTTPS는 기본 전제입니다.		속도 향상	FALSE	암호화 전송	TRUE	서버 단순화	FALSE	인증 생략	FALSE	security	authentication	network	
Q090	인증 로그 민감도		Security - 인증/인가	52	CHOICE	EASY	인증 로그에 포함되면 안 되는 정보는?	비밀번호 등 민감 정보는 로그에 남기면 안 됩니다. 로그 유출 위험이 있습니다.		사용자 ID	FALSE	요청 시각	FALSE	비밀번호	TRUE	IP 주소	FALSE	security	authentication	backend	
Q091	인증 토큰 폐기		Backend - 인증/인가	18	CHOICE	EASY	로그아웃 시 토큰 기반 인증에서 가장 중요한 처리 중 하나는?	토큰을 더 이상 사용하지 못하도록 폐기해야 합니다. 블랙리스트나 만료 전략을 사용합니다.		클라이언트 삭제	FALSE	토큰 폐기	TRUE	서버 재시작	FALSE	DB 초기화	FALSE	security	authentication	backend	
Q092	인증과 권한 기본 흐름		Backend - 인증/인가	18	CHOICE	EASY	일반적인 인증/인가 처리 흐름으로 올바른 것은?	인증으로 신원을 확인한 뒤 인가로 권한을 검사합니다. 기본 개념 질문입니다.		인가 후 인증	FALSE	인증 후 인가	TRUE	캐시 후 인증	FALSE	인가만 수행	FALSE	security	authentication	backend	
Q093	인증 정보 전달 금지 사례		Security - 취약점	53	CHOICE	EASY	다음 중 인증 정보 전달 방식으로 가장 피해야 할 것은?	URL 파라미터는 로그와 히스토리에 남을 수 있어 위험합니다.		Authorization 헤더	FALSE	HTTPS 바디	FALSE	URL 파라미터	TRUE	HttpOnly 쿠키	FALSE	security	authentication	backend	
Q094	인증 미들웨어 테스트		Software Engineering - 테스트	60	CHOICE	EASY	인증 미들웨어 테스트 시 반드시 확인해야 할 것은?	인증이 필요한 요청이 차단되는지 확인해야 합니다. 우회 가능성 점검이 핵심입니다.		정상 요청만	FALSE	차단 여부	TRUE	UI 테스트	FALSE	성능 테스트	FALSE	security	authentication	backend	
Q095	인증과 캐시 TTL		Backend - 인증/인가	18	CHOICE	EASY	인증 결과를 캐시할 때 TTL을 짧게 설정하는 이유는?	탈취나 오남용 시 피해를 줄이기 위함입니다.		성능 향상	FALSE	피해 최소화	TRUE	인증 제거	FALSE	로그 단순화	FALSE	security	authentication	backend	
Q096	인증과 브라우저 보안		Network - 보안 및 HTTPS	32	CHOICE	EASY	브라우저 환경에서 인증 쿠키 보안에 중요한 옵션 조합은?	Secure와 HttpOnly 조합이 기본입니다. XSS·스니핑을 함께 방어합니다.		Path 설정	FALSE	Secure+HttpOnly	TRUE	Domain 설정	FALSE	Max-Age 생략	FALSE	security	authentication	network	
Q097	인증 실패 횟수 로그		Security - 인증/인가	52	CHOICE	EASY	인증 실패 횟수를 로그로 남기는 이유는?	반복 실패는 공격 신호일 수 있습니다. 보안 모니터링에 활용됩니다.		UX 개선	FALSE	공격 탐지	TRUE	성능 분석	FALSE	인증 제거	FALSE	security	authentication	backend	
Q098	인증 토큰 검증		Backend - 인증/인가	18	CHOICE	EASY	토큰 기반 인증에서 서버가 매 요청마다 수행해야 할 것은?	토큰 유효성 검증은 필수입니다. 서명/만료 여부를 확인합니다.		토큰 재발급	FALSE	유효성 검증	TRUE	DB 저장	FALSE	로그 삭제	FALSE	security	authentication	backend	
Q099	인증 관련 예외 처리		Backend - 인증/인가	18	CHOICE	EASY	인증 예외를 전역적으로 처리하는 이유는?	일관된 응답과 보안 정책 유지를 위해서입니다.		개별 처리	FALSE	일관성	TRUE	성능 개선	FALSE	테스트 제거	FALSE	security	authentication	backend	
Q100	인증 시스템 핵심 가치		Security - 인증/인가	52	CHOICE	EASY	인증 시스템의 핵심 가치는 무엇인가?	신뢰 가능한 사용자 식별이 핵심입니다. 모든 접근 제어의 출발점입니다.		UI 개선	FALSE	신뢰	TRUE	캐시 활용	FALSE	성능 최적화	FALSE	security	authentication	backend	
Q101	401과 403 구분		Backend - 인증/인가	18	CHOICE	MEDIUM	인증 토큰은 유효하지만 해당 자원에 대한 권한이 없을 때 적절한 응답은?	인증은 되었으나 권한이 없을 경우 403을 사용합니다. 401은 인증 정보가 없거나 유효하지 않을 때 사용합니다. 면접에서 매우 자주 나오는 함정 포인트입니다.		401 Unauthorized	FALSE	403 Forbidden	TRUE	404 Not Found	FALSE	500 Internal Server Error	FALSE	security	authentication	backend	
Q102	JWT Payload 설계		Backend - 인증/인가	18	CHOICE	MEDIUM	JWT Payload에 포함시키는 정보로 가장 바람직한 것은?	JWT는 클라이언트에 노출될 수 있으므로 민감 정보는 포함하면 안 됩니다. 최소 식별 정보만 담는 것이 원칙입니다.		비밀번호	FALSE	사용자 식별자	TRUE	개인정보 전체	FALSE	결제 정보	FALSE	security	authentication	backend	
Q103	세션 vs 토큰		Backend - 인증/인가	18	CHOICE	MEDIUM	서버 확장(Scale-out) 관점에서 세션 기반 인증의 주요 단점은?	세션 기반 인증은 서버에 상태를 저장하므로 서버 간 세션 공유 문제가 발생합니다. 토큰 기반 인증과 비교 질문으로 자주 출제됩니다.		무상태	FALSE	서버 상태 공유 필요	TRUE	보안 취약	FALSE	구현 복잡	FALSE	security	authentication	backend	
Q104	Access Token 탈취		Security - 취약점	53	CHOICE	MEDIUM	Access Token이 탈취되었을 때 가장 현실적인 대응 방법은?	Access Token은 짧은 만료 시간과 재발급 전략으로 피해를 줄입니다. 즉시 만료 또는 블랙리스트 처리도 고려합니다.		아무 조치 안 함	FALSE	토큰 즉시 만료	TRUE	DB 삭제	FALSE	서버 재시작	FALSE	security	authentication	backend	
Q105	Refresh Token 저장 위치		Backend - 인증/인가	18	CHOICE	MEDIUM	Refresh Token 저장 방식으로 가장 안전한 것은?	Refresh Token은 탈취 시 위험이 크므로 HttpOnly 쿠키 또는 서버 저장 방식이 권장됩니다.		LocalStorage	FALSE	HttpOnly 쿠키	TRUE	URL 파라미터	FALSE	메모리 변수	FALSE	security	authentication	backend	
Q106	쿠키 기반 인증 위험		Security - 취약점	53	CHOICE	MEDIUM	쿠키 기반 인증에서 CSRF 공격이 가능한 이유는?	브라우저는 동일 출처 정책 하에서도 쿠키를 자동 전송합니다. 이를 악용한 공격이 CSRF입니다.		쿠키 암호화	FALSE	쿠키 자동 전송	TRUE	HTTPS 사용	FALSE	토큰 만료	FALSE	security	authentication	backend	
Q107	CSRF 방어		Security - 취약점	53	CHOICE	MEDIUM	CSRF 공격 방어 방법으로 가장 적절한 것은?	CSRF 토큰은 요청의 정당성을 검증합니다. SameSite 쿠키도 함께 사용됩니다.		XSS 필터	FALSE	CSRF 토큰 검증	TRUE	비밀번호 해싱	FALSE	HTTPS만 사용	FALSE	security	authentication	backend	
Q108	XSS와 인증		Security - 취약점	53	CHOICE	MEDIUM	XSS 공격이 인증 시스템에 특히 위험한 이유는?	XSS를 통해 토큰이나 쿠키 탈취가 가능합니다. 인증 정보 유출로 직결됩니다.		UI 변조	FALSE	인증 정보 탈취	TRUE	서버 다운	FALSE	DB 손상	FALSE	security	authentication	backend	
Q109	HttpOnly 옵션		Backend - 인증/인가	18	CHOICE	MEDIUM	HttpOnly 쿠키 옵션이 방어하는 공격 유형은?	HttpOnly는 JavaScript 접근을 차단해 XSS로 인한 쿠키 탈취를 방지합니다.		CSRF	FALSE	XSS	TRUE	SQL Injection	FALSE	DoS	FALSE	security	authentication	backend	
Q110	SameSite 옵션		Backend - 인증/인가	18	CHOICE	MEDIUM	SameSite 쿠키 옵션의 주요 보안 목적은?	SameSite는 크로스 사이트 요청 시 쿠키 전송을 제한해 CSRF를 완화합니다.		XSS	FALSE	CSRF	TRUE	인증 우회	FALSE	암호화	FALSE	security	authentication	backend	
Q111	OAuth 목적		Security - 인증/인가	52	CHOICE	MEDIUM	OAuth를 사용하는 근본적인 목적은?	OAuth는 비밀번호를 공유하지 않고 제3자에게 권한을 위임하기 위한 표준입니다.		사용자 인증	FALSE	권한 위임	TRUE	데이터 암호화	FALSE	세션 관리	FALSE	security	authentication	backend	
Q112	OAuth Access Token		Security - 인증/인가	52	CHOICE	MEDIUM	OAuth에서 Access Token의 역할로 올바른 것은?	Access Token은 보호된 자원(API)에 접근하기 위한 권한 증표입니다.		사용자 식별	FALSE	API 접근 권한	TRUE	비밀번호 대체	FALSE	세션 ID	FALSE	security	authentication	backend	
Q113	인증 로그 보안		Security - 인증/인가	52	CHOICE	MEDIUM	인증 로그 설계 시 반드시 피해야 할 것은?	로그에 민감 정보가 남으면 2차 보안 사고로 이어질 수 있습니다.		요청 시각	FALSE	IP 주소	FALSE	비밀번호	TRUE	실패 횟수	FALSE	security	authentication	backend	
Q114	토큰 만료 전략		Backend - 인증/인가	18	CHOICE	MEDIUM	Access Token 만료 시간을 짧게 가져가는 가장 큰 이유는?	토큰 탈취 시 피해 범위를 제한하기 위함입니다.		성능 향상	FALSE	피해 제한	TRUE	구현 단순화	FALSE	인증 생략	FALSE	security	authentication	backend	
Q115	인증 미들웨어 위치		Backend - 인증/인가	18	CHOICE	MEDIUM	인증 로직을 컨트롤러 이전 단계에서 처리하는 이유는?	인증은 공통 관심사로, 필터/미들웨어에서 처리해야 누락을 방지할 수 있습니다.		코드 스타일	FALSE	공통 관심사	TRUE	DB 최적화	FALSE	테스트 제거	FALSE	security	authentication	backend	
Q116	인증 우회 사례		Security - 취약점	53	CHOICE	MEDIUM	다음 중 인증 우회(Authentication Bypass)에 해당하는 상황은?	인증 없이 보호된 API에 접근 가능한 경우가 인증 우회입니다.		로그인 실패	FALSE	인증 없이 보호 API 접근	TRUE	권한 부족	FALSE	네트워크 지연	FALSE	security	authentication	backend	
Q117	HTTPS와 토큰		Network - 보안 및 HTTPS	32	CHOICE	MEDIUM	토큰 기반 인증에서 HTTPS가 필수인 이유는?	HTTPS가 없으면 토큰이 평문으로 노출되어 중간자 공격에 취약합니다.		성능 문제	FALSE	토큰 평문 노출 방지	TRUE	서버 확장	FALSE	인증 단순화	FALSE	security	authentication	network	
Q118	인증 캐시 위험		Backend - 인증/인가	18	CHOICE	MEDIUM	인증 결과를 캐시할 때 가장 주의해야 할 점은?	인증 캐시는 편리하지만 만료 정책이 없으면 보안 사고로 이어질 수 있습니다.		캐시 크기	FALSE	만료 정책 필수	TRUE	직렬화 방식	FALSE	로그 기록	FALSE	security	authentication	backend	
Q119	인증 실패 메시지		Security - 인증/인가	52	CHOICE	MEDIUM	인증 실패 시 에러 메시지를 단순하게 유지해야 하는 이유는?	상세 사유는 공격자에게 계정 정보를 추론할 단서를 제공합니다.		UX 저하	FALSE	정보 노출 방지	TRUE	성능 향상	FALSE	테스트 편의	FALSE	security	authentication	backend	
Q120	인증 시스템 설계 목표		Security - 인증/인가	52	CHOICE	MEDIUM	인증 시스템 설계의 최우선 목표로 가장 적절한 것은?	인증 시스템은 신뢰 가능한 사용자 식별과 보호 자원 접근 제어가 핵심입니다.		UI 편의성	FALSE	사용자 신뢰 확보	TRUE	성능 최적화	FALSE	캐시 활용	FALSE	security	authentication	backend	
Q121	401 vs 403 재확인		Backend - 인증/인가	18	CHOICE	MEDIUM	인증 토큰이 아예 없거나 유효하지 않을 때 반환해야 할 상태 코드는?	인증 정보가 없거나 유효하지 않으면 401을 반환합니다. 403은 인증은 되었지만 권한이 없을 때 사용합니다.		401 Unauthorized	TRUE	403 Forbidden	FALSE	404 Not Found	FALSE	200 OK	FALSE	security	authentication	backend	
Q122	JWT 서명 검증		Backend - 인증/인가	18	CHOICE	MEDIUM	JWT 기반 인증에서 서버가 매 요청마다 반드시 수행해야 할 작업은?	JWT는 위변조 방지를 위해 서명 검증이 필수입니다. 만료 시간도 함께 확인해야 합니다.		Payload 디코딩만 수행	FALSE	서명 및 만료 검증	TRUE	DB 저장	FALSE	토큰 재발급	FALSE	security	authentication	backend	
Q123	JWT 암호화 오해		Backend - 인증/인가	18	CHOICE	MEDIUM	JWT에 대한 설명 중 올바른 것은?	JWT는 기본적으로 서명된 토큰이며 암호화되지 않습니다. Payload는 누구나 디코딩할 수 있습니다.		JWT는 기본적으로 암호화된다	FALSE	JWT는 서명된 토큰이다	TRUE	Payload는 서버만 볼 수 있다	FALSE	HTTPS가 필요 없다	FALSE	security	authentication	backend	
Q124	Access Token vs Refresh Token		Backend - 인증/인가	18	CHOICE	MEDIUM	Access Token과 Refresh Token의 역할 구분으로 올바른 것은?	Access Token은 API 접근용, Refresh Token은 재발급용입니다. 만료 전략이 다릅니다.		둘 다 API 호출용	FALSE	Access는 접근, Refresh는 재발급	TRUE	Refresh가 더 짧게 만료	FALSE	Access는 서버 저장 필수	FALSE	security	authentication	backend	
Q125	Refresh Token 탈취 대응		Security - 취약점	53	CHOICE	MEDIUM	Refresh Token이 탈취되었을 가능성이 있을 때 가장 적절한 대응은?	Refresh Token은 장기 토큰이므로 탈취 시 즉시 폐기 및 재발급이 필요합니다.		Access Token만 만료	FALSE	Refresh Token 즉시 폐기	TRUE	로그만 남김	FALSE	서버 재시작	FALSE	security	authentication	backend	
Q126	토큰 저장 위치 비교		Backend - 인증/인가	18	CHOICE	MEDIUM	XSS 공격 관점에서 가장 상대적으로 안전한 토큰 저장 위치는?	HttpOnly 쿠키는 JS 접근을 차단해 XSS로부터 비교적 안전합니다.		LocalStorage	FALSE	SessionStorage	FALSE	HttpOnly 쿠키	TRUE	URL 파라미터	FALSE	security	authentication	backend	
Q127	CSRF 발생 조건		Security - 취약점	53	CHOICE	MEDIUM	CSRF 공격이 성립하기 위한 주요 조건은?	브라우저가 인증 쿠키를 자동 전송하는 특성을 악용합니다.		토큰 암호화	FALSE	쿠키 자동 전송	TRUE	HTTPS 미사용	FALSE	비밀번호 재사용	FALSE	security	authentication	backend	
Q128	SameSite 한계		Backend - 인증/인가	18	CHOICE	MEDIUM	SameSite 쿠키 옵션만으로 CSRF 방어가 완벽하지 않은 이유는?	일부 브라우저/시나리오에서는 우회가 가능하므로 CSRF 토큰과 병행해야 합니다.		모든 CSRF 완벽 차단	FALSE	일부 시나리오에서 우회 가능	TRUE	XSS 방어 전용	FALSE	HTTPS 대체	FALSE	security	authentication	backend	
Q129	OAuth 인증 오해		Security - 인증/인가	52	CHOICE	MEDIUM	OAuth에 대한 설명으로 가장 정확한 것은?	OAuth는 인증(Authentication)이 아니라 권한 위임(Authorization) 프레임워크입니다.		OAuth는 인증 프로토콜이다	FALSE	OAuth는 권한 위임 프레임워크다	TRUE	OAuth는 암호화 기술이다	FALSE	OAuth는 세션 관리 기술이다	FALSE	security	authentication	backend	
Q130	OAuth Resource Owner		Security - 인증/인가	52	CHOICE	MEDIUM	OAuth에서 Resource Owner에 해당하는 것은?	Resource Owner는 보호 자원의 소유자인 사용자입니다.		클라이언트 앱	FALSE	사용자	TRUE	인증 서버	FALSE	리소스 서버	FALSE	security	authentication	backend	
Q131	인증 로그 레벨		Security - 인증/인가	52	CHOICE	MEDIUM	인증 실패 로그를 WARN/INFO로 분리해 관리하는 이유는?	반복 실패는 공격 신호일 수 있어 모니터링 대상이 됩니다.		성능 향상	FALSE	공격 탐지 용이	TRUE	로그 용량 감소	FALSE	인증 생략	FALSE	security	authentication	backend	
Q132	인증 예외 통합 처리		Backend - 인증/인가	18	CHOICE	MEDIUM	인증 예외를 전역 필터/핸들러에서 처리하는 이유는?	일관된 응답과 보안 정책을 유지하기 위함입니다.		코드 분산	FALSE	일관된 응답 유지	TRUE	DB 접근 감소	FALSE	테스트 제거	FALSE	security	authentication	backend	
Q133	인증 캐시 위험 시나리오		Backend - 인증/인가	18	CHOICE	MEDIUM	인증 결과 캐시에 TTL이 없을 때 발생할 수 있는 문제는?	권한 변경/탈취 후에도 접근이 유지되는 보안 사고가 발생할 수 있습니다.		성능 저하	FALSE	권한 변경 미반영	TRUE	인증 속도 감소	FALSE	로그 누락	FALSE	security	authentication	backend	
Q134	비밀번호 재설정 링크		Security - 인증/인가	52	CHOICE	MEDIUM	비밀번호 재설정 링크 설계로 가장 안전한 방식은?	일회용 토큰 + 짧은 만료 시간이 핵심입니다.		고정 URL	FALSE	일회용 토큰 + 만료	TRUE	사용자 ID 포함	FALSE	캐시 저장	FALSE	security	authentication	backend	
Q135	인증 정보 노출 경로		Security - 취약점	53	CHOICE	MEDIUM	인증 정보를 URL 파라미터로 전달할 때 특히 위험한 이유는?	URL은 로그, 히스토리, 리퍼러에 남을 수 있습니다.		서버 오류	FALSE	로그/히스토리 노출	TRUE	성능 저하	FALSE	인증 지연	FALSE	security	authentication	backend	
Q136	HTTPS와 Mixed Content		Network - 보안 및 HTTPS	32	CHOICE	MEDIUM	HTTPS 페이지에서 HTTP 요청(Mixed Content)이 문제가 되는 이유는?	인증 쿠키/토큰이 평문 요청으로 노출될 수 있습니다.		UI 깨짐	FALSE	인증 정보 평문 노출	TRUE	캐시 미동작	FALSE	서버 확장 문제	FALSE	security	authentication	network	
Q137	인증 미들웨어 순서		Backend - 인증/인가	18	CHOICE	MEDIUM	인증 미들웨어가 로깅 미들웨어보다 앞에 위치해야 하는 이유는?	인증 실패 요청도 보안 관점에서 정확히 처리해야 합니다.		로깅 최적화	FALSE	보안 흐름 보장	TRUE	성능 향상	FALSE	테스트 편의	FALSE	security	authentication	backend	
Q138	토큰 무효화 전략		Backend - 인증/인가	18	CHOICE	MEDIUM	로그아웃 시 토큰 기반 인증에서 가장 현실적인 무효화 전략은?	블랙리스트 또는 짧은 만료 + 재발급 전략을 사용합니다.		클라이언트 삭제	FALSE	블랙리스트/만료 전략	TRUE	서버 재시작	FALSE	DB 초기화	FALSE	security	authentication	backend	
Q139	인증 테스트 케이스		Software Engineering - 테스트	60	CHOICE	MEDIUM	인증 테스트에서 가장 놓치기 쉬운 케이스는?	만료·변조·권한 변경 후 접근 시나리오가 중요합니다.		정상 로그인	FALSE	토큰 만료/변조	TRUE	UI 렌더링	FALSE	성능 테스트	FALSE	security	authentication	backend	
Q140	인증 설계 최종 목표		Security - 인증/인가	52	CHOICE	MEDIUM	인증·인가 시스템 설계에서 가장 중요한 판단 기준은?	편의성보다 보안과 신뢰성이 우선되어야 합니다.		UX 최우선	FALSE	보안과 신뢰성	TRUE	캐시 효율	FALSE	개발 속도	FALSE	security	authentication	backend	
Q141	인증 우선 처리		Backend - 인증/인가	18	CHOICE	MEDIUM	요청 처리 흐름에서 인증 검증을 가장 앞단(필터/미들웨어)에서 하는 가장 큰 이유는?	인증은 공통 관심사라 앞단에서 일관되게 처리해야 누락을 막을 수 있습니다. 인증되지 않은 요청을 비즈니스 로직까지 보내면 불필요한 자원 소모와 공격 표면이 늘어납니다. 또한 실패 응답을 표준화하기 쉽습니다. 실무에서는 인증/인가 누락이 사고로 이어지는 경우가 많아 “앞단 통제”가 기본입니다.		성능 향상	FALSE	보안 누락 방지	TRUE	UI 단순화	FALSE	DB 정규화	FALSE	security	authentication	backend	
Q142	Role Claim 캐싱 위험		Backend - 인증/인가	18	CHOICE	MEDIUM	JWT에 role(권한)을 담아 장시간 사용하도록 설계했을 때 가장 문제가 될 수 있는 상황은?	JWT가 유효한 동안 role이 고정되어 권한 변경(승격/박탈)이 즉시 반영되지 않을 수 있습니다. 이는 권한 회수 지연으로 이어져 보안 사고가 됩니다. 짧은 만료, 재발급, 서버측 권한 재검증 같은 보완이 필요합니다. 면접에서는 “토큰에 권한을 넣을 때의 트레이드오프”를 자주 묻습니다.		서명 검증 실패	FALSE	권한 변경 미반영	TRUE	HTTPS 미지원	FALSE	쿠키 크기 증가	FALSE	security	authentication	backend	
Q143	JWT 서명 검증 필수		Backend - 인증/인가	18	CHOICE	MEDIUM	JWT를 decode만 하고 서명(signature) 검증을 하지 않으면 발생하는 가장 큰 문제는?	JWT의 핵심은 “서명으로 위변조를 막는 것”입니다. 서명 검증을 생략하면 공격자가 payload를 바꿔(예: role=ADMIN)도 서버가 이를 신뢰하게 됩니다. 따라서 매 요청마다 서명과 만료(exp) 검증이 필수입니다.		만료가 자동 연장됨	FALSE	위변조 토큰 수용	TRUE	CSRF가 자동 방어됨	FALSE	DB가 자동 롤백됨	FALSE	security	authentication	backend	
Q144	401 vs 403		Backend - 인증/인가	18	CHOICE	MEDIUM	토큰은 유효하지만 접근 권한이 없을 때 가장 적절한 상태 코드는?	401은 “인증 정보 없음/유효하지 않음”입니다. 인증은 되었지만 권한이 없을 때는 403입니다. API 설계와 클라이언트 처리 로직에서 둘을 섞으면 UX/보안 정책이 꼬입니다.		401 Unauthorized	FALSE	403 Forbidden	TRUE	404 Not Found	FALSE	200 OK	FALSE	security	authentication	backend	
Q145	쿠키 기반 인증과 CSRF		Security - 취약점	53	CHOICE	MEDIUM	쿠키 기반 인증이 CSRF에 취약해지는 핵심 이유는?	브라우저는 같은 사이트 요청이 아니어도 조건에 따라 쿠키를 자동 전송할 수 있습니다. 공격자는 사용자의 “인증된 쿠키”를 이용해 의도치 않은 요청을 보내게 만듭니다. 그래서 CSRF 토큰/Origin 검사/SameSite 설정이 중요합니다.		쿠키가 암호화되어서	FALSE	자동 쿠키 전송	TRUE	JWT가 서명되어서	FALSE	HTTPS가 빨라서	FALSE	security	authentication	backend	
Q146	CSRF 방어의 정석		Security - 취약점	53	CHOICE	MEDIUM	CSRF 방어로 가장 적절한 조합은?	SameSite는 완화에 도움이 되지만 환경/요구사항에 따라 단독으로 충분하지 않을 수 있습니다. CSRF 토큰(또는 Double Submit Cookie), Origin/Referer 검증을 함께 쓰는 패턴이 흔합니다.		XSS 필터만 적용	FALSE	CSRF 토큰 + Origin/Referer 검증	TRUE	비밀번호 해싱만 적용	FALSE	HTTPS만 적용	FALSE	security	authentication	backend	
Q147	XSS와 토큰 저장소		Security - 취약점	53	CHOICE	MEDIUM	XSS 위험을 고려할 때 LocalStorage에 토큰을 저장하는 방식의 핵심 문제는?	XSS가 발생하면 스크립트로 LocalStorage를 읽어 토큰을 탈취할 수 있습니다. HttpOnly 쿠키는 JS 접근이 차단되어 상대적으로 안전합니다. 다만 쿠키 기반이면 CSRF 대책을 반드시 병행해야 합니다.		쿠키가 자동 전송됨	FALSE	토큰 탈취 가능	TRUE	서명이 깨짐	FALSE	DB가 잠김	FALSE	security	authentication	backend	
Q148	Refresh Token 로테이션		Backend - 인증/인가	18	CHOICE	MEDIUM	Refresh Token Rotation을 도입하는 가장 큰 이유는?	Refresh Token이 탈취되면 장기간 세션 하이재킹이 가능해집니다. 로테이션은 “한 번 사용한 RT는 폐기”하여 재사용을 탐지/차단합니다. 실무에서는 RT 재사용 감지 시 전체 세션 폐기 같은 정책을 둡니다.		Access Token 길이 증가	FALSE	탈취 재사용 차단	TRUE	CORS 자동 해결	FALSE	캐시 성능 향상	FALSE	security	authentication	backend	
Q149	로그아웃과 토큰 무효화		Backend - 인증/인가	18	CHOICE	MEDIUM	토큰 기반 인증에서 “완전한” 로그아웃을 구현하려면 가장 현실적인 방법은?	JWT는 서버가 상태를 안 가지는 대신, 즉시 무효화가 어렵습니다. 따라서 블랙리스트(리보크 리스트) 또는 짧은 만료 + RT 폐기/로테이션 전략이 현실적입니다. 단순히 클라이언트에서 토큰 삭제만 하면 탈취 토큰은 계속 유효할 수 있습니다.		서버 재시작	FALSE	블랙리스트/리보크 또는 만료 전략	TRUE	DB 전체 삭제	FALSE	HTTPS 해제	FALSE	security	authentication	backend	
Q150	인증 실패 메시지 설계		Security - 인증/인가	52	CHOICE	MEDIUM	“아이디가 존재하지 않습니다/비밀번호가 틀렸습니다”처럼 상세 실패 사유를 분리해 주면 안 되는 주된 이유는?	계정 존재 여부를 추론할 수 있어 계정 열거(user enumeration)에 악용됩니다. 보안 관점에서는 실패 메시지를 통일하는 것이 일반적입니다. 운영/고객지원 목적이라면 내부 로그로만 상세 원인을 남깁니다.		UX 향상	FALSE	계정 열거 방지	TRUE	DB 성능 향상	FALSE	캐시 적중률 증가	FALSE	security	authentication	backend	
Q151	Rate Limiting 적용 위치		Security - 취약점	53	CHOICE	MEDIUM	로그인 엔드포인트에 Rate Limiting을 적용할 때 가장 일반적인 기준 조합은?	단일 기준(IP만/계정만)으로는 우회가 쉽습니다. IP + 계정(또는 디바이스/ASN 등) 조합으로 제한하는 방식이 흔합니다. 과도한 제한은 정상 사용자 피해를 낳아 밸런스가 필요합니다.		응답 바디 길이 기준	FALSE	IP+계정(또는 사용자 식별자) 기준	TRUE	DB 인덱스 기준	FALSE	쿠키 Path 기준	FALSE	security	authentication	backend	
Q152	CORS와 인증 쿠키		Network - 보안 및 HTTPS	32	CHOICE	MEDIUM	프론트엔드가 인증 쿠키를 포함해 크로스 오리진 요청을 하려면 서버 CORS 설정에서 흔히 필요한 것은?	쿠키를 포함하려면 credentials 허용이 필요하고, Access-Control-Allow-Origin에 * 를 쓰면 안 됩니다(구체 origin 필요). 이 조합은 실무에서 자주 트러블을 일으키는 포인트입니다.		Allow-Origin: * 만 설정	FALSE	credentials 허용 + 구체 Origin 설정	TRUE	HTTPS 해제	FALSE	DB 권한 추가	FALSE	security	authentication	network	
Q153	HTTPS만으로 충분?		Network - 보안 및 HTTPS	32	CHOICE	MEDIUM	“HTTPS만 쓰면 토큰 탈취는 걱정 없다”는 주장에 대한 올바른 판단은?	HTTPS는 전송 중 탈취(스니핑/중간자)를 줄이지만, XSS로 인한 탈취나 피싱, 클라이언트 저장소 노출 등은 별개입니다. 따라서 저장/출력/콘텐츠 보안까지 함께 봐야 합니다.		완전히 해결	FALSE	일부만 해결	TRUE	XSS도 자동 해결	FALSE	CSRF도 자동 해결	FALSE	security	authentication	network	
Q154	인증 캐시 TTL		Backend - 인증/인가	18	CHOICE	MEDIUM	“권한 체크 결과”를 캐시할 때 TTL을 짧게 두어야 하는 가장 중요한 이유는?	권한은 변경될 수 있습니다. 캐시가 길면 권한 박탈이 반영되지 않아 접근이 유지됩니다. 따라서 TTL/무효화 전략이 중요합니다.		캐시 메모리 절약	FALSE	권한 변경 반영을 위해	TRUE	응답 포맷 통일	FALSE	로그 용량 감소	FALSE	security	authentication	backend	
Q155	인증 로직과 비즈니스 로직		Backend - 인증/인가	18	CHOICE	MEDIUM	인증/인가 로직을 서비스 메서드 안에 흩뿌리면 생기는 대표적인 문제는?	누락/중복이 발생하기 쉽고, 변경 시 전반 수정이 필요합니다. 보안은 “일관성”이 핵심이라 공통 계층에서 처리하는 것이 일반적입니다.		DB 인덱스 생성	FALSE	누락/중복 증가	TRUE	캐시 적중률 증가	FALSE	테스트가 자동 생성	FALSE	security	authentication	backend	
Q156	토큰에 민감정보 금지		Security - 인증/인가	52	CHOICE	MEDIUM	JWT에 주민번호/전화번호 같은 민감 정보를 넣는 것이 위험한 주된 이유는?	JWT payload는 기본적으로 누구나 디코딩할 수 있고(서명은 위변조 방지일 뿐), 클라이언트/로그/브라우저 저장소 등 노출면이 넓습니다. 민감정보는 토큰에 넣지 않는 것이 원칙입니다.		암호화가 자동 적용	FALSE	디코딩 가능해 노출 위험	TRUE	성능이 느려짐	FALSE	CORS가 깨짐	FALSE	security	authentication	backend	
Q157	인증 이벤트 로깅		Security - 인증/인가	52	CHOICE	MEDIUM	“인증 성공/실패/로그아웃” 이벤트를 구조화해 남겨야 하는 가장 중요한 목적은?	사고 분석, 이상 징후 탐지, 감사(Audit) 목적입니다. 특히 계정 탈취/브루트포스/세션 하이재킹 분석에 필요합니다.		UI 개선	FALSE	감사/추적(Audit)	TRUE	응답 속도 향상	FALSE	DB 정규화	FALSE	security	authentication	backend	
Q158	세션 고정(Session Fixation) 대응		Security - 취약점	53	CHOICE	MEDIUM	세션 고정 공격을 완화하는 가장 표준적인 대응은?	로그인 성공 시 세션 ID를 재발급(rotate)하는 것이 핵심입니다. 기존 세션을 그대로 쓰면 공격자가 미리 심은 세션으로 로그인 상태를 탈취할 수 있습니다.		쿠키 Path 변경	FALSE	로그인 후 세션 ID 재발급	TRUE	DB 인덱스 추가	FALSE	캐시 삭제	FALSE	security	authentication	backend	
Q159	인증 관련 상태 코드 설계		Backend - 인증/인가	18	CHOICE	MEDIUM	인증 실패(토큰 없음/만료)와 인가 실패(권한 없음)를 구분해 응답해야 하는 주된 이유는?	클라이언트가 재로그인 유도(401)인지 권한 부족 안내(403)인지 다르게 처리해야 합니다. 또한 보안 정책/감사 로그 분류에도 중요합니다.		서버 부하 감소	FALSE	클라이언트 처리 분기	TRUE	이미지 로딩 최적화	FALSE	SQL 성능 향상	FALSE	security	authentication	backend	
Q160	OAuth에서 비밀번호 공유 금지		Security - 인증/인가	52	CHOICE	MEDIUM	소셜 로그인을 구현할 때 “우리 서비스가 사용자의 SNS 비밀번호를 직접 받지” 않아야 하는 이유로 가장 정확한 것은?	OAuth의 핵심은 비밀번호를 공유하지 않고 권한을 위임받는 것입니다. 비밀번호를 직접 받으면 보안/컴플라이언스 위험이 매우 큽니다. 토큰 기반 위임이 표준입니다.		구현이 쉬워서	FALSE	비밀번호 미공유(권한 위임)	TRUE	HTTPS가 필요 없어서	FALSE	CORS가 자동 해결되어서	FALSE	security	authentication	backend	
Q161	OpenID Connect(OIDC)		Security - 인증/인가	52	CHOICE	MEDIUM	OAuth와 OpenID Connect(OIDC)의 관계로 가장 올바른 것은?	OAuth는 권한 위임에 초점이 있고, OIDC는 OAuth 위에 사용자 인증 레이어를 추가한 표준입니다. 실무에서는 소셜 로그인에서 OIDC의 ID Token을 통해 사용자 식별을 합니다. 면접에서는 OAuth만으로 로그인 가능한지 같은 함정 질문이 자주 나옵니다.		OIDC는 암호화 알고리즘이다	FALSE	OIDC는 OAuth 위 인증 레이어다	TRUE	OAuth는 인증 전용이다	FALSE	OIDC는 세션 저장 방식이다	FALSE	security	authentication	backend	
Q162	ID Token		Security - 인증/인가	52	CHOICE	MEDIUM	OIDC에서 ID Token의 핵심 목적은 무엇인가?	ID Token은 사용자 인증 결과와 사용자 식별 정보를 담습니다. Access Token은 리소스 API 접근용이므로 목적이 다릅니다. 토큰의 용도를 혼동하면 보안 사고로 이어질 수 있습니다.		API 호출 권한 증명	FALSE	사용자 인증 결과와 식별	TRUE	DB 트랜잭션 처리	FALSE	쿠키 자동 전송	FALSE	security	authentication	backend	
Q163	OAuth Scope		Security - 인증/인가	52	CHOICE	MEDIUM	OAuth Scope를 설계할 때 가장 바람직한 원칙은?	Scope는 권한 범위를 정의하므로 최소 권한 원칙이 핵심입니다. 과도한 scope 부여는 토큰 탈취 시 피해를 키웁니다. 실무에서는 read write admin처럼 목적별로 세분화합니다.		최대 권한 부여	FALSE	최소 권한으로 부여	TRUE	scope는 없어도 된다	FALSE	scope는 암호화 방식이다	FALSE	security	authentication	backend	
Q164	OAuth state 파라미터		Security - 취약점	53	CHOICE	MEDIUM	OAuth 인가 코드 흐름에서 state 파라미터를 쓰는 주된 이유는?	state는 CSRF 및 요청 위조를 방지하기 위한 값입니다. 콜백으로 돌아오는 요청이 내가 시작한 요청인지 확인하는 용도로 사용합니다. 누락 시 로그인 CSRF 문제가 발생할 수 있습니다.		토큰 암호화	FALSE	CSRF 방지	TRUE	세션 공유	FALSE	CORS 해결	FALSE	security	authentication	backend	
Q165	PKCE		Security - 인증/인가	52	CHOICE	MEDIUM	PKCE를 도입하는 가장 대표적인 목적은?	PKCE는 인가 코드 탈취 공격을 완화합니다. 특히 공개 클라이언트(모바일, SPA)에서 client secret을 안전하게 보관하기 어렵기 때문에 중요합니다. 면접에서는 왜 필요한지와 어디에 적용하는지 자주 묻습니다.		토큰 만료 연장	FALSE	인가 코드 탈취 완화	TRUE	세션 고정 방지	FALSE	XSS 자동 방어	FALSE	security	authentication	backend	
Q166	JWT Key Rotation		Backend - 인증/인가	18	CHOICE	MEDIUM	JWT 서명 키를 주기적으로 교체(Key Rotation)하는 가장 큰 이유는?	키 유출 가능성을 가정하고 피해 범위를 줄이기 위해서입니다. 장기간 동일 키 사용은 유출 시 장기 피해로 이어집니다. 실무에서는 키 ID를 두고 점진적으로 교체합니다.		토큰 길이 감소	FALSE	유출 피해 최소화	TRUE	CORS 해결	FALSE	DB 부하 증가	FALSE	security	authentication	backend	
Q167	JWKS		Backend - 인증/인가	18	CHOICE	MEDIUM	JWKS(JSON Web Key Set)를 사용하는 목적은 무엇인가?	JWKS는 공개키 목록을 제공해 토큰 서명 검증에 사용합니다. 키 회전 시에도 클라이언트나 리소스 서버가 새 키를 가져와 검증할 수 있습니다. OIDC 환경에서 자주 등장합니다.		세션 저장	FALSE	공개키 배포와 검증	TRUE	CSRF 방어	FALSE	비밀번호 해싱	FALSE	security	authentication	backend	
Q168	대칭키 vs 비대칭키 서명		Security - 암호화	55	CHOICE	MEDIUM	JWT 서명에서 대칭키 방식과 비대칭키 방식의 차이로 올바른 것은?	대칭키는 서명과 검증에 같은 키를 쓰고, 비대칭키는 개인키로 서명하고 공개키로 검증합니다. 검증 주체가 여러 곳이면 비대칭키가 운영상 유리한 경우가 많습니다.		둘 다 공개키만 사용	FALSE	비대칭은 개인키 서명 공개키 검증	TRUE	대칭은 공개키 서명	FALSE	차이가 없다	FALSE	security	authentication	backend	
Q169	비밀번호 해싱 알고리즘		Security - 암호화	55	CHOICE	MEDIUM	비밀번호 저장에 bcrypt나 Argon2 같은 알고리즘을 쓰는 이유는?	일반 해시(SHA 계열)보다 계산 비용을 높여 무차별 대입 공격을 어렵게 합니다. 또한 salt와 함께 사용해 레인보우 테이블을 방지합니다. 실무에서는 cost 파라미터 튜닝이 중요합니다.		DB 저장 공간 절약	FALSE	무차별 대입 공격 저항	TRUE	토큰 발급 간소화	FALSE	CORS 해소	FALSE	security	authentication	backend	
Q170	Pepper		Security - 암호화	55	CHOICE	MEDIUM	비밀번호 해싱에서 Pepper를 쓰는 목적은?	Pepper는 서버 측 비밀 값으로, DB가 유출되어도 pepper가 없으면 공격 난이도가 상승합니다. salt와 달리 애플리케이션 비밀로 관리한다는 점이 핵심입니다. 키 관리가 중요합니다.		성능 향상	FALSE	DB 유출 시 방어 강화	TRUE	쿠키 자동 전송 방지	FALSE	토큰 길이 축소	FALSE	security	authentication	backend	
Q171	계정 열거(User Enumeration)		Security - 취약점	53	CHOICE	MEDIUM	계정 열거 공격을 완화하는 가장 적절한 방법은?	존재 여부가 드러나는 메시지를 주면 공격자가 계정을 수집할 수 있습니다. 실패 메시지를 통일하고, 내부 로그에만 상세 원인을 남기는 것이 일반적입니다. 속도 제한도 함께 사용합니다.		아이디 없음 메시지 제공	FALSE	실패 메시지 통일	TRUE	비밀번호 평문 저장	FALSE	200만 반환	FALSE	security	authentication	backend	
Q172	인증 이벤트 감사(Audit)		Security - 인증/인가	52	CHOICE	MEDIUM	보안 감사(Audit) 관점에서 인증 로그에 가장 유용한 조합은?	성공 실패 여부, 사용자 식별자, 시간, IP, 사용자 에이전트 같은 정보가 추적에 도움이 됩니다. 비밀번호나 토큰 원문 같은 민감 정보는 절대 남기면 안 됩니다.		비밀번호 원문	FALSE	식별자 시간 IP UA	TRUE	토큰 원문	FALSE	결제 정보	FALSE	security	authentication	backend	
Q173	HSTS		Network - 보안 및 HTTPS	32	CHOICE	MEDIUM	HSTS(HTTP Strict Transport Security)의 효과로 올바른 것은?	브라우저가 해당 도메인에 대해 HTTP 접속을 강제로 HTTPS로만 하도록 합니다. SSL 스트립핑 같은 다운그레이드 공격 완화에 유용합니다. 운영에서 preload 여부도 고려합니다.		CORS 자동 해결	FALSE	HTTP를 HTTPS로 강제	TRUE	XSS 자동 차단	FALSE	세션 공유	FALSE	security	authentication	network	
Q174	TLS 인증서 검증		Network - 보안 및 HTTPS	32	CHOICE	MEDIUM	클라이언트가 TLS 인증서를 검증하는 주된 목적은?	암호화뿐 아니라 서버가 진짜 서버인지 확인하는 것이 핵심입니다. 인증서 검증이 깨지면 중간자 공격에 취약해집니다.		캐시 적중률 증가	FALSE	서버 신뢰성 확인	TRUE	DB 암호화	FALSE	세션 생성	FALSE	security	authentication	network	
Q175	mTLS		Security - 네트워크 보안	54	CHOICE	MEDIUM	mTLS(mutual TLS)의 특징으로 올바른 것은?	일반 TLS는 서버만 인증하는 경우가 많고, mTLS는 클라이언트도 인증서를 통해 인증합니다. 서비스 간 통신에서 강력한 인증 수단입니다.		서버만 인증	FALSE	서버와 클라이언트 상호 인증	TRUE	쿠키 기반 인증	FALSE	CSRF 전용 방어	FALSE	security	authentication	network	
Q176	Replay Attack		Security - 취약점	53	CHOICE	MEDIUM	재전송(Replay) 공격을 완화하는 대표적인 방법은?	nonce, timestamp, one time token 같은 재사용 불가 요소를 도입합니다. 단순 HTTPS만으로는 동일 요청 재전송 자체를 완전히 막지 못할 수 있습니다.		토큰 만료 무제한	FALSE	nonce 또는 timestamp 사용	TRUE	로그 삭제	FALSE	캐시 무효화	FALSE	security	authentication	backend	
Q177	Step up Authentication		Security - 인증/인가	52	CHOICE	MEDIUM	Step up Authentication이 필요한 대표 사례로 가장 적절한 것은?	일반 조회는 기본 인증으로 충분하지만, 결제나 비밀번호 변경 같은 민감 행위는 추가 인증이 필요할 수 있습니다. MFA를 단계적으로 요구하는 전략이 Step up입니다.		공지사항 조회	FALSE	결제 같은 민감 작업에 추가 인증	TRUE	이미지 로딩	FALSE	캐시 갱신	FALSE	security	authentication	backend	
Q178	RBAC vs ABAC		Security - 인증/인가	52	CHOICE	MEDIUM	RBAC과 ABAC의 차이로 올바른 설명은?	RBAC은 역할 기반이고, ABAC은 속성(부서, 지역, 시간 등)을 조합해 정책을 평가합니다. 실무에서는 RBAC이 단순하고, ABAC은 더 유연하지만 복잡합니다.		둘 다 세션 저장 방식	FALSE	RBAC은 역할 ABAC은 속성 기반	TRUE	ABAC은 무조건 단순	FALSE	RBAC은 암호화 기술	FALSE	security	authentication	backend	
Q179	API Gateway 인증		Backend - 아키텍처 패턴	20	CHOICE	MEDIUM	API Gateway에서 인증을 중앙화했을 때 얻는 대표적인 이점은?	인증 정책을 한 곳에서 적용해 서비스별 중복 구현을 줄일 수 있습니다. 다만 게이트웨이가 단일 장애 지점이 되지 않도록 설계가 필요합니다.		DB 정규화	FALSE	인증 정책 일관성 확보	TRUE	비밀번호 해싱 제거	FALSE	CORS 제거	FALSE	security	authentication	backend	
Q180	Refresh Token 재사용 탐지		Security - 취약점	53	CHOICE	MEDIUM	Refresh Token을 한 번 사용했는데 동일 토큰이 다시 사용된 경우 가장 적절한 대응은?	Refresh Token 재사용은 탈취 신호일 수 있습니다. 일반적으로 해당 세션 전체를 폐기하고 재인증을 요구합니다. 로테이션과 재사용 탐지가 함께 쓰입니다.		그냥 무시	FALSE	세션 전체 폐기 및 재로그인	TRUE	Access Token만 연장	FALSE	로그만 남김	FALSE	security	authentication	backend	
Q181	SameSite None 쿠키		Backend - 인증/인가	18	CHOICE	MEDIUM	쿠키의 SameSite=None 설정 시 브라우저 호환을 위해 일반적으로 함께 설정해야 하는 옵션은?	SameSite=None은 크로스 사이트 전송을 허용하는 의미라 보안상 민감합니다. 그래서 최신 브라우저들은 SameSite=None을 쓰려면 Secure 옵션(HTTPS에서만 전송)을 요구하는 경우가 많습니다. 이 규칙을 모르고 배포하면 쿠키가 아예 저장되지 않아 로그인 문제가 발생할 수 있습니다. 실무에서는 None + Secure + HttpOnly 조합을 자주 씁니다.		Secure 옵션을 함께 설정한다	TRUE	HttpOnly 옵션을 제거한다	FALSE	Domain 옵션을 제거한다	FALSE	Max-Age를 0으로 설정한다	FALSE	security	authentication	cookie	backend
Q182	쿠키 Domain 설정		Backend - 인증/인가	18	CHOICE	MEDIUM	서브도메인 간 로그인 상태 공유가 필요할 때 쿠키 설정으로 가장 적절한 것은?	쿠키는 기본적으로 호스트 단위로 제한됩니다. 여러 서브도메인에서 공용으로 쓰려면 Domain을 상위 도메인으로 지정해 범위를 넓혀야 합니다. 단, 범위가 넓어질수록 공격 표면도 커지므로 최소 범위로 설정하는 것이 안전합니다. 실무에서는 api.example.com과 app.example.com 공유 같은 요구가 자주 나옵니다.		Domain을 example.com으로 지정한다	TRUE	Path를 slash로만 지정한다	FALSE	SameSite를 Strict로만 설정한다	FALSE	쿠키를 URL 파라미터로 전달한다	FALSE	security	authentication	cookie	backend
Q183	OIDC nonce		Security - 인증/인가	52	CHOICE	MEDIUM	OpenID Connect에서 nonce 파라미터의 주된 목적은?	nonce는 인증 요청과 ID Token을 묶어 주는 값으로, ID Token 재전송이나 바꿔치기 같은 공격을 완화합니다. state는 요청 위조(CSRF) 방지가 주 역할이고, nonce는 ID Token의 재사용/재전송 방어에 초점이 있습니다. OIDC 로그인 사고에서 nonce 누락은 꽤 치명적인 실수로 취급됩니다.		ID Token 재전송 공격을 완화한다	TRUE	Access Token을 암호화한다	FALSE	CORS를 자동 해결한다	FALSE	세션 고정을 방지한다	FALSE	security	authentication	oidc	backend
Q184	JWT iss aud 검증		Backend - 인증/인가	18	CHOICE	MEDIUM	JWT를 신뢰하기 위해 일반적으로 반드시 검증해야 하는 항목 조합은?	JWT는 서명만 맞다고 끝이 아니라, 누가 발급했는지(iss)와 누구를 위해 발급했는지(aud)를 검증해야 합니다. 이 검증이 빠지면 다른 서비스나 다른 클라이언트용 토큰을 잘못 받아들이는 사고가 납니다. 실무에서는 iss aud exp를 함께 검증하는 것이 기본입니다.		issuer와 audience를 검증한다	TRUE	payload 디코딩만 한다	FALSE	쿠키 옵션만 확인한다	FALSE	DB에 저장 후 신뢰한다	FALSE	security	authentication	jwt	backend
Q185	exp leeway		Backend - 인증/인가	18	CHOICE	MEDIUM	JWT exp 만료 검증에서 소량의 leeway(유예 시간)를 두는 가장 합리적인 이유는?	서버 간 시간 오차(clock skew)가 현실적으로 존재합니다. leeway가 전혀 없으면 정상 사용자도 경계 시점에 빈번히 인증 실패를 겪을 수 있습니다. 반대로 leeway를 과도하게 주면 보안이 약해집니다. 그래서 몇 초~수분 수준의 제한된 유예를 두고 운영합니다.		서버 간 시간 오차를 고려하기 위해	TRUE	토큰을 자동 갱신하기 위해	FALSE	쿠키 전송을 막기 위해	FALSE	SQL 인젝션을 방지하기 위해	FALSE	security	authentication	jwt	backend
Q186	JTI(토큰 식별자)		Backend - 인증/인가	18	CHOICE	MEDIUM	JWT의 jti 클레임을 도입하는 대표적인 목적은?	jti는 토큰을 고유하게 식별하기 위한 값입니다. 로그아웃이나 강제 차단 같은 리보크(폐기) 시나리오에서 블랙리스트 키로 쓰기 좋습니다. 토큰이 완전히 무상태이면 즉시 무효화가 어려우므로, jti를 활용해 선택적으로 차단하는 설계를 하기도 합니다.		토큰을 고유 식별해 차단에 활용한다	TRUE	토큰을 자동 암호화한다	FALSE	CORS를 해결한다	FALSE	비밀번호를 대체한다	FALSE	security	authentication	jwt	backend
Q187	CSP(Content-Security-Policy)		Security - 취약점	53	CHOICE	MEDIUM	CSP가 XSS 완화에 도움이 되는 가장 핵심 이유는?	CSP는 허용된 스크립트 출처를 제한해 악성 스크립트 실행 가능성을 낮춥니다. XSS를 완전히 없애는 만능은 아니지만, 피해를 줄이고 방어선을 한 겹 더 쌓는 데 효과적입니다. 실무에서는 nonce 기반 CSP나 inline script 제한이 중요 포인트로 나옵니다.		스크립트 로딩 출처를 제한한다	TRUE	쿠키를 자동 삭제한다	FALSE	JWT를 자동 검증한다	FALSE	DB 트랜잭션을 롤백한다	FALSE	security	authentication	xss	backend
Q188	비밀번호 재설정 토큰 저장		Security - 인증/인가	52	CHOICE	MEDIUM	비밀번호 재설정 토큰을 DB에 저장할 때 더 안전한 방식은?	재설정 토큰이 유출되면 계정 탈취로 직결됩니다. 그래서 토큰 원문을 그대로 저장하기보다 해시로 저장하고, 사용자가 제출한 토큰을 해시 비교하는 방식이 더 안전합니다. 만료 시간과 1회 사용 정책도 함께 적용해야 합니다.		토큰 원문 대신 해시로 저장한다	TRUE	토큰을 로그에 원문으로 남긴다	FALSE	토큰을 URL에 영구적으로 둔다	FALSE	토큰을 캐시에 무기한 저장한다	FALSE	security	authentication	backend	token
Q189	redirect_uri 검증		Security - 취약점	53	CHOICE	MEDIUM	OAuth에서 redirect_uri를 엄격하게 검증해야 하는 가장 큰 이유는?	redirect_uri 검증이 느슨하면 공격자가 자신의 사이트로 코드를 리다이렉트시키는 오픈 리다이렉트/코드 탈취가 가능합니다. 그래서 사전 등록된 redirect_uri와 정확히 일치하는지 검증하는 것이 일반적입니다. 실무에서 소셜 로그인 사고의 대표 원인 중 하나입니다.		사전 등록된 redirect_uri와 일치 검증	TRUE	토큰을 더 길게 만들기 위해	FALSE	CORS를 없애기 위해	FALSE	세션을 공유하기 위해	FALSE	security	authentication	oauth	backend
Q190	CORS credentials		Network - 보안 및 HTTPS	32	CHOICE	MEDIUM	인증 쿠키를 포함한 크로스 오리진 요청을 허용할 때 CORS 설정에서 흔히 필요한 조건은?	credentials를 허용하면 Access-Control-Allow-Origin에 와일드카드 별을 쓸 수 없습니다. 구체적인 Origin을 명시해야 브라우저가 쿠키를 포함한 요청을 허용합니다. 이 조건을 모르면 로그인만 안 되는 장애가 자주 발생합니다.		Allow-Credentials true와 구체 Origin 설정	TRUE	Allow-Origin을 별로 설정하면 된다	FALSE	HTTPS를 끄면 된다	FALSE	서버가 200만 응답하면 된다	FALSE	security	authentication	cors	network
Q191	CSRF 대상 요청		Security - 취약점	53	CHOICE	MEDIUM	CSRF 방어를 특히 강하게 적용해야 하는 요청 유형으로 가장 적절한 것은?	CSRF는 상태 변경을 유발하는 요청에서 위험합니다. 조회(GET)는 원칙적으로 멱등이지만, 실제로는 GET으로 변경을 하는 잘못된 설계도 있어 위험합니다. 일반적으로 POST PUT PATCH DELETE 같은 변경 요청에 CSRF 토큰 또는 Origin 검증을 강하게 적용합니다.		POST PUT DELETE 같은 상태 변경 요청	TRUE	정적 파일 다운로드	FALSE	이미지 로딩 요청	FALSE	서버 헬스체크	FALSE	security	authentication	csrf	backend
Q192	전체 로그아웃		Backend - 인증/인가	18	CHOICE	MEDIUM	세션 기반 인증에서 모든 기기에서 로그아웃 처리(전체 세션 종료)를 하려면 일반적으로 서버에서 무엇을 해야 하는가?	세션 기반은 서버가 상태를 가지고 있으므로, 사용자와 연결된 모든 세션을 서버 저장소에서 무효화해야 합니다. 단일 세션만 지우면 다른 기기 세션은 남습니다. 실무에서는 사용자 세션 목록을 관리하거나, 사용자별 세션 버전을 두고 버전 불일치 시 만료시키는 방식도 씁니다.		서버에서 해당 사용자 세션들을 모두 무효화한다	TRUE	클라이언트에서 쿠키만 삭제한다	FALSE	DB를 재시작한다	FALSE	HTTPS를 해제한다	FALSE	security	authentication	session	backend
Q193	백업 코드(Backup Code)		Security - 인증/인가	52	CHOICE	MEDIUM	MFA 백업 코드를 안전하게 운영하는 방법으로 가장 적절한 것은?	백업 코드는 사실상 2차 인증 수단이므로 유출되면 치명적입니다. 따라서 1회용으로 발급하고, 서버에는 해시로 저장하며, 사용 시 즉시 폐기하는 방식이 안전합니다. UI에서는 재발급 시 기존 코드를 전부 폐기하는 정책이 흔합니다.		백업 코드를 1회용으로 하고 해시 저장한다	TRUE	백업 코드를 평문으로 로그에 남긴다	FALSE	백업 코드를 영구적으로 재사용한다	FALSE	백업 코드를 URL에 담아 전달한다	FALSE	security	authentication	mfa	backend
Q194	계정 잠금 악용		Security - 취약점	53	CHOICE	MEDIUM	계정 잠금 정책이 공격자에게 악용될 수 있는 대표적 방식은?	공격자가 타인의 계정에 일부러 연속 실패를 발생시켜 계정을 잠그는 형태로 서비스 거부(DoS)성 공격이 가능합니다. 그래서 잠금 정책은 사용자 보호와 가용성 사이의 균형이 필요합니다. 지수 백오프, CAPTCHA, 위험 기반 인증과 함께 설계하기도 합니다.		타인 계정을 고의로 잠그는 공격	TRUE	DB 인덱스가 깨지는 공격	FALSE	쿠키가 자동 삭제되는 공격	FALSE	TLS 인증서가 만료되는 공격	FALSE	security	authentication	brute_force	backend
Q195	타이밍 공격 방어		Security - 취약점	53	CHOICE	MEDIUM	비밀번호 비교 로직에서 타이밍 공격을 줄이기 위한 가장 적절한 방법은?	문자열 비교가 일치하는 접두사 길이에 따라 시간이 달라지면 공격자가 힌트를 얻을 수 있습니다. 이를 줄이기 위해 상수 시간 비교(constant time compare)를 사용합니다. 인증 로직에서 의외로 자주 놓치는 보안 포인트입니다.		상수 시간 비교를 사용한다	TRUE	실패 메시지를 상세히 준다	FALSE	쿠키 Path를 변경한다	FALSE	DB 커넥션 풀을 늘린다	FALSE	security	authentication	backend	password
Q196	URL 토큰 노출		Security - 취약점	53	CHOICE	MEDIUM	Access Token을 URL 쿼리스트링으로 전달할 때 특히 위험한 이유로 가장 적절한 것은?	URL은 브라우저 히스토리, 서버 로그, 리퍼러 헤더 등 다양한 경로로 노출될 수 있습니다. 그 결과 토큰이 의도치 않게 외부로 유출될 가능성이 큽니다. 표준은 Authorization 헤더를 사용하는 것입니다.		히스토리 로그 리퍼러로 노출될 수 있다	TRUE	JWT 서명이 자동으로 깨진다	FALSE	CORS가 자동 차단된다	FALSE	DB 트랜잭션이 실패한다	FALSE	security	authentication	token	backend
Q197	프록시 TLS 종료와 Secure 쿠키		Network - 보안 및 HTTPS	32	CHOICE	MEDIUM	로드밸런서에서 TLS 종료 후 백엔드로 HTTP로 전달되는 환경에서 Secure 쿠키가 누락되는 문제를 해결하는 일반적인 방법은?	앱 서버는 자신이 HTTP로 통신한다고 오인할 수 있어 Secure 쿠키를 세팅하지 않기도 합니다. 이때 X-Forwarded-Proto 같은 프록시 헤더를 신뢰하도록 서버 설정을 맞추면 원래 클라이언트는 HTTPS임을 인지하고 Secure 쿠키를 올바르게 설정할 수 있습니다. 운영에서 자주 터지는 실전 포인트입니다.		X-Forwarded-Proto 등 프록시 헤더를 신뢰 설정	TRUE	HTTPS를 전부 제거한다	FALSE	CORS만 수정한다	FALSE	DB 권한을 늘린다	FALSE	security	authentication	https	network
Q198	시크릿 하드코딩		Security - 취약점	53	CHOICE	MEDIUM	API Key 또는 client secret을 소스 코드에 하드코딩하면 가장 큰 문제는?	레포지토리 유출이나 로그 노출, 빌드 아티팩트 분석 등을 통해 시크릿이 쉽게 노출될 수 있습니다. 시크릿은 환경 변수, Secret Manager, KMS 같은 안전한 저장소로 관리해야 합니다. 키 회전과 접근 통제도 중요합니다.		시크릿이 유출될 위험이 커진다	TRUE	DB 정규화가 깨진다	FALSE	쿠키가 자동 삭제된다	FALSE	인증이 자동 강화된다	FALSE	security	authentication	secret	backend
Q199	서비스 계정 최소 권한		Security - 인증/인가	52	CHOICE	MEDIUM	서비스 계정 권한을 최소화해야 하는 가장 핵심 이유는?	서비스 계정이 탈취되면 그 권한 범위 전체가 공격자에게 넘어갑니다. 최소 권한 원칙을 따르면 침해 시 피해 범위를 줄일 수 있습니다. 운영에서는 읽기 전용, 특정 리소스만 허용 같은 정책을 적용합니다.		피해 범위를 줄이기 위해	TRUE	응답 속도를 높이기 위해	FALSE	CORS를 해결하기 위해	FALSE	캐시 적중률을 올리기 위해	FALSE	security	authentication	iam	backend
Q200	Audience 미검증		Backend - 인증/인가	18	CHOICE	MEDIUM	JWT에서 aud를 검증하지 않으면 발생할 수 있는 대표적인 문제는?	aud는 토큰의 대상(수신자)입니다. 이를 검증하지 않으면 다른 클라이언트나 다른 서비스용으로 발급된 토큰을 우리 서비스가 받아들일 수 있습니다. 멀티 서비스 환경에서 특히 치명적인 실수입니다.		다른 서비스용 토큰을 수용할 수 있다	TRUE	쿠키 전송이 자동 차단된다	FALSE	SQL 인젝션이 발생한다	FALSE	세션이 자동 공유된다	FALSE	security	authentication	jwt	backend
Q201	JWT alg none 공격		Security - 취약점	53	CHOICE	HARD	운영 중인 API가 JWT를 검증할 때 헤더의 alg 값을 그대로 신뢰해 서명 검증을 생략하는 버그가 있다. 가장 올바른 방어는?	JWT는 헤더의 alg를 공격자가 조작할 수 있어 서버가 허용 알고리즘을 고정해야 합니다. decode만 하고 verify를 생략하면 임의 payload로 관리자 권한을 만들 수 있습니다. 실무에서는 허용 알고리즘 화이트리스트와 서명 검증 강제, 그리고 라이브러리의 안전한 검증 API 사용이 핵심입니다. 테스트에서는 alg none 토큰을 의도적으로 넣어 차단되는지 확인해야 합니다.		헤더의 alg를 그대로 따른다	FALSE	허용 알고리즘을 화이트리스트로 고정하고 서명 검증을 강제한다	TRUE	payload만 디코딩해 role을 확인한다	FALSE	HTTPS만 적용하면 해결된다	FALSE	security	authentication	jwt	backend
Q202	JWT kid 인젝션		Security - 취약점	53	CHOICE	HARD	서버가 JWT 헤더의 kid 값을 파일 경로로 사용해 검증 키를 로딩한다. 공격자가 kid에 경로 조작을 넣을 수 있다면 가장 올바른 대응은?	kid를 경로로 직접 사용하면 파일 경로 조작으로 임의 파일을 키로 읽게 만들 수 있습니다. 이는 서명 검증 우회나 정보 유출로 이어질 수 있습니다. 해결은 kid를 허용된 키 목록에 매핑하는 방식으로 제한하고, kid 입력을 파일 시스템과 직접 연결하지 않는 것입니다. 운영에서는 키 저장소 접근 권한도 최소화해야 합니다.		kid 값을 그대로 파일 경로로 사용	FALSE	kid를 사전 등록된 키 목록에만 매핑하고 임의 값은 거부	TRUE	kid 길이를 늘려 보안을 강화	FALSE	aud 검증만 추가하면 해결	FALSE	security	authentication	jwt	backend
Q203	RS256 HS256 키 혼동		Security - 취약점	53	CHOICE	HARD	JWT 검증에서 서버가 RS256을 기대하지만 HS256 토큰도 허용하고, 공개키를 HMAC 시크릿처럼 사용한다. 이때 가능한 공격과 가장 올바른 방어는?	알고리즘 혼동은 공개키를 시크릿처럼 악용해 HS256 서명을 위조하게 만들 수 있습니다. 즉, 공격자가 임의 payload를 HS256으로 서명해도 서버가 검증을 통과시킬 수 있습니다. 방어는 알고리즘을 강제하고, 키 타입을 분리하며, 토큰 헤더를 신뢰하지 않는 것입니다. 키 관리 정책에서도 RS256과 HS256을 섞지 않는 원칙이 중요합니다.		HS256을 추가로 허용해 호환성을 늘린다	FALSE	RS256만 허용하도록 알고리즘을 강제하고 키 타입을 분리한다	TRUE	토큰 길이가 길면 안전하므로 문제 없다	FALSE	exp만 검증하면 충분하다	FALSE	security	authentication	jwt	backend
Q204	OAuth redirect uri 검증		Security - 취약점	53	CHOICE	HARD	OAuth 인가 코드 플로우에서 redirect uri를 접두사 매칭으로 허용하면 발생할 수 있는 가장 큰 문제는?	redirect uri 검증이 느슨하면 공격자 도메인으로 인가 코드가 전달될 수 있습니다. 이는 코드 탈취로 이어지고, 이후 토큰 교환까지 진행될 수 있어 치명적입니다. 실무에서는 사전 등록된 redirect uri와 정확히 일치시키는 방식이 표준입니다. 와일드카드 허용은 꼭 필요한 경우에만 매우 제한적으로 운영합니다.		단순 UX 저하	FALSE	공격자에게 인가 코드가 유출될 수 있다	TRUE	CORS가 자동 해결된다	FALSE	토큰이 자동 암호화된다	FALSE	security	authentication	oauth	backend
Q205	PKCE 적용 대상		Security - 인증/인가	52	CHOICE	HARD	인가 코드 플로우에서 PKCE를 반드시 고려해야 하는 대표 환경은?	공개 클라이언트는 client secret을 안전하게 보관하기 어렵습니다. 따라서 인가 코드가 탈취되면 토큰 교환으로 이어질 위험이 큽니다. PKCE는 코드 교환 시 추가 증명을 요구해 코드 탈취를 완화합니다. 모바일 앱이나 SPA에서 특히 중요하고 면접에서 자주 출제됩니다.		서버 사이드 전용 백엔드	FALSE	모바일 앱 또는 SPA 같은 공개 클라이언트	TRUE	DB 내부 배치 작업	FALSE	내부망 mTLS 환경에서만	FALSE	security	authentication	oauth	backend
Q206	Refresh Token 로테이션 재사용		Security - 인증/인가	52	CHOICE	HARD	Refresh Token Rotation을 사용 중인데, 이미 사용된 Refresh Token이 다시 제출되었다. 가장 올바른 대응은?	재사용은 탈취 신호일 수 있어 단순 거부로 끝내면 공격자가 계속 시도할 수 있습니다. 일반적으로 해당 토큰 패밀리 전체를 폐기하고, 사용자에게 재인증을 요구합니다. 실무에서는 재사용 탐지 이벤트를 보안 로그로 남기고 알림을 붙이기도 합니다. 단일 세션만 종료할지 전체 로그아웃할지는 위험도 정책에 따라 결정합니다.		아무 조치 없이 새 토큰 발급	FALSE	해당 토큰 패밀리 전체를 폐기하고 재로그인을 요구	TRUE	Access Token 만료만 기다린다	FALSE	서버 재시작으로 해결	FALSE	security	authentication	token	backend
Q207	세션 고정 공격 대응		Security - 취약점	53	CHOICE	HARD	세션 기반 로그인에서 세션 고정 공격을 막기 위한 핵심 조치는?	공격자는 로그인 전의 세션 ID를 피해자에게 심고, 피해자가 로그인하면 그 세션을 탈취합니다. 가장 표준적인 대응은 로그인 성공 시 세션 ID를 재발급하는 것입니다. 또한 세션 쿠키에 HttpOnly Secure SameSite 등을 설정하고, 민감 동작에는 추가 검증을 붙이기도 합니다. 프레임워크 기본 설정을 믿기 전에 실제로 세션 ID가 rotate 되는지 테스트해야 합니다.		로그인 후 기존 세션 ID 유지	FALSE	로그인 성공 시 세션 ID를 재발급한다	TRUE	세션 만료 시간을 길게 늘린다	FALSE	CORS 설정만 조정한다	FALSE	security	authentication	session	backend
Q208	SameSite None과 CSRF		Security - 취약점	53	CHOICE	HARD	크로스 도메인 프론트와 API를 운영해 SameSite=None 쿠키를 사용 중이다. CSRF 방어로 가장 적절한 조합은?	SameSite=None은 크로스 사이트 쿠키 전송을 허용하므로 CSRF 위험이 커집니다. 그래서 CSRF 토큰 또는 Double Submit Cookie 같은 검증과 Origin Referer 검증을 병행하는 것이 흔합니다. 단순히 HTTPS만으로는 CSRF를 막지 못합니다. 실무에서는 상태 변경 요청에 특히 강하게 적용합니다.		SameSite=None만 설정	FALSE	CSRF 토큰 검증과 Origin Referer 검증을 함께 적용	TRUE	HTTPS만 적용	FALSE	JWT를 URL로 전달	FALSE	security	authentication	csrf	backend
Q209	동적 JWKS 신뢰 문제		Security - 취약점	53	CHOICE	HARD	서버가 요청마다 issuer 값을 받아 해당 issuer의 jwks uri로 공개키를 가져와 토큰을 검증한다. 가장 큰 보안 위험과 올바른 대응은?	issuer를 외부 입력으로 받으면 공격자가 자신의 JWKS를 가리키게 만들어 임의 토큰을 유효하게 만들 수 있습니다. 이는 인증 우회로 이어질 수 있는 위험한 설계입니다. 대응은 issuer를 고정하거나 allowlist로 제한하고, discovery 및 jwks uri는 신뢰할 수 있는 값만 사용해야 합니다. 키 캐시와 타임아웃도 운영상 중요합니다.		issuer를 요청 파라미터로 받는다	FALSE	issuer를 고정하거나 allowlist로 제한하고 신뢰된 JWKS만 사용	TRUE	kid 길이를 제한하면 해결	FALSE	exp만 검증하면 해결	FALSE	security	authentication	oidc	backend
Q210	Audience 미검증 사고		Backend - 인증/인가	18	CHOICE	HARD	마이크로서비스 환경에서 aud 검증을 하지 않으면 발생할 수 있는 대표 문제는?	aud는 토큰이 어떤 서비스나 클라이언트를 위한 것인지 나타냅니다. 이를 검증하지 않으면 다른 서비스용 토큰을 우리 서비스가 받아들일 수 있습니다. 이는 권한 경계가 무너지는 전형적인 사고입니다. 실무에서는 iss aud exp nbf를 함께 검증하는 패턴이 기본입니다.		401이 403으로 바뀜	FALSE	다른 서비스용 토큰을 우리 서비스가 받아들일 수 있다	TRUE	쿠키가 자동 삭제된다	FALSE	TLS가 자동 적용된다	FALSE	security	authentication	jwt	backend
Q211	Bearer 토큰 재전송		Security - 네트워크 보안	54	CHOICE	HARD	내부망에서도 Bearer 토큰이 탈취되면 재전송 공격으로 API 호출이 가능하다. 이를 실질적으로 줄이는 접근은?	Bearer 토큰은 소지자에게 권한이 있어 탈취 시 재전송이 가능합니다. 이를 줄이려면 전송 경로 보호를 넘어 토큰을 특정 클라이언트 키에 바인딩하는 방식이 유용합니다. 대표적으로 mTLS나 DPoP 같은 Proof of Possession 계열이 있습니다. 실무에서는 짧은 만료와 함께 적용해 피해를 줄입니다.		Access Token 만료를 무한으로 늘린다	FALSE	mTLS 또는 DPoP 같은 Proof of Possession을 적용한다	TRUE	URL 파라미터로 토큰을 전달한다	FALSE	응답을 캐시한다	FALSE	security	authentication	network	backend
Q212	DPoP 개념		Security - 인증/인가	52	CHOICE	HARD	DPoP를 도입했을 때 기대하는 보안 효과로 가장 올바른 것은?	DPoP는 요청마다 증명값을 붙여 토큰이 특정 키를 가진 클라이언트에 묶이도록 합니다. 그래서 단순 토큰 탈취만으로는 동일한 요청을 재현하기 어려워집니다. 완벽한 방어는 아니며 키 보호와 시계 동기 같은 운영 요소도 중요합니다. 하지만 Bearer 토큰 단독보다 재전송 위험을 줄이는 데 도움이 됩니다.		CSRF가 자동으로 사라진다	FALSE	탈취된 토큰의 재전송 공격을 완화한다	TRUE	XSS가 완전히 제거된다	FALSE	JWT가 자동 암호화된다	FALSE	security	authentication	dpop	backend
Q213	비밀번호 해싱 파라미터		Security - 암호화	55	CHOICE	HARD	비밀번호 해싱을 설계할 때 SHA256에 salt만 추가하는 방식이 부족한 이유로 가장 정확한 것은?	일반 해시는 매우 빠르게 계산되어 GPU로 대량 대입 공격에 취약합니다. bcrypt Argon2id 같은 KDF는 의도적으로 느리게 만들고 메모리 비용을 요구해 공격 비용을 올립니다. salt는 레인보우 테이블을 막지만 속도 문제를 해결하지는 못합니다. 실무에서는 cost 튜닝과 재해싱 정책도 함께 가져갑니다.		salt만 있으면 충분	FALSE	빠른 해시는 대입 공격에 취약해 KDF가 필요	TRUE	HTTPS가 있으면 필요 없다	FALSE	토큰 만료로 해결	FALSE	security	authentication	crypto	backend
Q214	상수 시간 비교		Security - 취약점	53	CHOICE	HARD	로그인 검증에서 문자열 비교를 일반 equals로 처리하면 생길 수 있는 위험과 방어는?	비교 시간이 입력에 따라 달라지면 타이밍 공격으로 힌트를 줄 수 있습니다. 특히 인증 로직은 공격자가 반복 시도하기 쉬운 지점이라 위험이 커집니다. 방어는 상수 시간 비교를 사용하고, 실패 응답 시간도 과도하게 차이나지 않도록 설계하는 것입니다. 로그와 레이트리밋도 함께 적용합니다.		equals 사용이 항상 안전	FALSE	상수 시간 비교를 사용해 타이밍 공격을 완화	TRUE	CORS를 끄면 해결	FALSE	쿠키 Path를 변경	FALSE	security	authentication	password	backend
Q215	분산 브루트포스 대응		Security - 취약점	53	CHOICE	HARD	공격자가 다수 IP로 분산해 로그인 시도를 하면 IP 기반 rate limit만으로는 부족하다. 가장 현실적인 보완은?	분산 공격은 IP만으로 막기 어렵습니다. 계정 기준 제한, 디바이스 신호, 지수 백오프, CAPTCHA, 위험 기반 인증을 조합해야 합니다. 또한 계정 잠금은 DoS로 악용될 수 있어 정책 균형이 필요합니다. 실무에서는 IP+계정 키 조합을 기본으로 두고 이상 징후 탐지를 붙입니다.		IP만 제한하면 충분	FALSE	IP와 계정 기준을 함께 제한하고 지수 백오프를 적용	TRUE	실패 메시지를 상세히 제공	FALSE	Access Token 만료를 늘림	FALSE	security	authentication	brute_force	backend
Q216	CORS 반사 허용 위험		Network - 보안 및 HTTPS	32	CHOICE	HARD	서버가 요청 Origin을 그대로 Access Control Allow Origin에 반사하고 credentials를 허용한다. 이 설정의 핵심 위험은?	공격자 사이트가 피해자 브라우저를 통해 인증 쿠키를 포함한 요청을 보내고, 응답을 읽을 수 있게 됩니다. 이는 단순 CORS 오류가 아니라 데이터 유출로 직결되는 취약점입니다. 방어는 엄격한 origin allowlist, credentials 사용 최소화, 그리고 응답에 Vary Origin 설정 등입니다. 운영에서는 프리플라이트 캐시도 함께 고려합니다.		브라우저가 자동으로 막아 안전	FALSE	악성 Origin에서 인증된 응답을 읽어 데이터가 유출될 수 있다	TRUE	SQL 인젝션이 생긴다	FALSE	TLS가 자동으로 깨진다	FALSE	security	authentication	cors	network
Q217	Forwarded 헤더 신뢰		Security - 취약점	53	CHOICE	HARD	앱이 X Forwarded Proto 같은 헤더를 무조건 신뢰해 HTTPS 여부를 판단한다. 프록시 외부에서 직접 접근 가능한 상황의 위험과 올바른 대응은?	공격자가 헤더를 위조해 보안 분기를 속일 수 있습니다. 예를 들어 Secure 쿠키 설정이나 리다이렉트 정책이 우회될 수 있습니다. 대응은 신뢰할 수 있는 프록시에서만 forwarded 헤더를 신뢰하도록 네트워크를 제한하고, 프레임워크의 프록시 설정을 정확히 구성하는 것입니다. 또한 직접 접근 경로를 방화벽으로 차단하는 것이 안전합니다.		헤더는 위조 불가	FALSE	신뢰된 프록시에서만 헤더를 신뢰하도록 제한	TRUE	쿠키 Path만 바꾸면 해결	FALSE	aud만 검증하면 해결	FALSE	security	authentication	proxy	backend
Q218	CSP nonce 기반 방어		Security - 취약점	53	CHOICE	HARD	XSS 방어를 강화하기 위해 CSP를 도입한다. nonce 기반 CSP의 핵심 장점은?	nonce 기반 CSP는 서버가 매 응답마다 임의 nonce를 만들고, 해당 nonce가 붙은 스크립트만 실행되게 제한합니다. 그래서 공격자가 임의 스크립트를 주입해도 실행시키기 어렵습니다. 다만 템플릿과 빌드 방식에 따라 적용 난이도가 있고, 출력 인코딩 같은 기본 방어를 대체하지는 못합니다. 실무에서는 CSP 보고서 수집도 함께 운영합니다.		모든 XSS를 완전히 제거	FALSE	허용된 nonce 스크립트만 실행되게 제한	TRUE	CSRF를 자동으로 막음	FALSE	JWT가 암호화됨	FALSE	security	authentication	xss	backend
Q219	서비스 간 인증 강화		Security - 네트워크 보안	54	CHOICE	HARD	서비스 간 통신에서 JWT만으로 인증을 하고 있는데, 토큰이 내부 로그나 메트릭으로 유출될 위험이 있다. 가장 강력한 보완책은?	내부망이라고 해도 토큰 유출은 현실적입니다. mTLS는 네트워크 레벨에서 상호 인증을 제공해 서비스 간 신뢰를 강화합니다. JWT는 애플리케이션 레벨 권한 전달에 유용하지만, 전송 구간과 신원 보장을 추가로 강화하는 것이 좋습니다. 실무에서는 mTLS + 짧은 수명 토큰 + 최소 권한을 조합합니다.		Access Token을 URL로 전달	FALSE	mTLS로 서비스 간 상호 인증을 적용	TRUE	토큰 만료 시간을 늘림	FALSE	로그를 끄면 해결	FALSE	security	authentication	mtls	network
Q220	JWKS 캐시와 키 롤오버		Backend - 인증/인가	18	CHOICE	HARD	키 롤오버 중에 일부 서버에서만 JWT 검증 실패가 발생한다. JWKS 캐시 때문에 old key만 들고 있는 경우, 가장 올바른 개선은?	JWKS를 무기한 캐시하면 키 교체 시 검증 실패가 길게 이어집니다. kid 기반으로 키를 찾되, 검증 실패 시 JWKS를 재조회하는 리프레시 로직이 필요합니다. 또한 캐시 TTL을 적절히 설정하고, 롤오버 기간 동안 구키와 신키를 함께 제공하는 운영이 흔합니다. 관측과 롤백 플랜도 중요합니다.		JWKS를 영구 캐시	FALSE	검증 실패 시 JWKS를 재조회하고 캐시 TTL을 관리	TRUE	exp를 무시한다	FALSE	토큰 길이를 줄인다	FALSE	security	authentication	jwks	backend
Q221	SSRF 메타데이터 탈취		Security - 취약점	53	CHOICE	HARD	이미지 프록시 API가 url 파라미터로 받은 주소를 서버가 그대로 fetch 한다. 가장 치명적인 위험과 1차 방어로 가장 적절한 것은?	서버가 임의 URL로 요청을 보내면 내부망 자원이나 클라우드 메타데이터 엔드포인트에 접근하는 SSRF가 가능합니다. 이 경우 자격 증명 탈취로 수평 확장이 될 수 있어 매우 위험합니다. 1차 방어는 사설 IP 대역, link-local, localhost, 내부 DNS 등을 차단하는 allowlist 기반 검증입니다. 리다이렉트 따라가기 차단과 네트워크 egress 제어도 함께 필요합니다.		요청 URL을 그대로 허용하고 HTTPS만 강제	FALSE	사설 IP 및 내부 주소 대역을 차단하고 allowlist 기반으로 제한	TRUE	응답을 캐시하면 안전해진다	FALSE	Referer 헤더만 검사하면 된다	FALSE	security	authentication	ssrf	backend
Q222	SSRF 리다이렉트 우회		Security - 취약점	53	CHOICE	HARD	SSRF 방어로 최초 URL만 검사하고, 서버 fetch 시 리다이렉트를 따라가도록 설정했다. 가장 올바른 보완은?	공격자는 외부 URL을 내부 주소로 리다이렉트 시켜 우회할 수 있습니다. 따라서 리다이렉트를 따라간다면 최종 도착지까지 매 단계마다 검증해야 합니다. 가능하면 리다이렉트 자체를 비활성화하거나, 허용된 도메인에서만 제한적으로 허용합니다. 네트워크 레벨 egress 제한이 있으면 우회 난이도가 크게 올라갑니다.		최초 URL만 검사하면 충분하다	FALSE	리다이렉트를 차단하거나 리다이렉트 후 최종 목적지도 검증한다	TRUE	User-Agent를 고정하면 해결된다	FALSE	쿠키 SameSite를 Strict로 바꾸면 해결된다	FALSE	security	authentication	ssrf	backend
Q223	OAuth 로그인 CSRF		Security - 취약점	53	CHOICE	HARD	소셜 로그인 콜백에서 state 검증이 없다. 공격자가 가능한 대표 공격과 올바른 대응은?	state는 로그인 요청과 콜백을 연결해 CSRF를 방지합니다. 검증이 없으면 공격자가 자신의 계정으로 인증을 완료한 뒤 피해자 브라우저를 그 결과로 유도해 계정이 엮이는 로그인 CSRF가 가능합니다. 대응은 state를 난수로 생성해 세션과 바인딩하고 콜백에서 반드시 검증하는 것입니다. SameSite 쿠키만으로는 환경에 따라 부족할 수 있어 state가 표준입니다.		state 없이도 안전하므로 무시한다	FALSE	state를 세션에 바인딩해 콜백에서 검증한다	TRUE	redirect uri만 검증하면 된다	FALSE	exp만 검증하면 된다	FALSE	security	authentication	oauth	csrf
Q224	OIDC nonce 누락		Security - 인증/인가	52	CHOICE	HARD	OIDC 로그인에서 state는 검증하지만 nonce는 사용하지 않는다. 어떤 위험을 줄이기 어렵고 어떤 보완이 맞는가?	state는 CSRF 방지에 초점이 있고, nonce는 ID Token 재전송 및 바꿔치기 공격 완화에 도움을 줍니다. nonce가 없으면 특정 시나리오에서 재사용된 ID Token을 받아들이는 위험이 커질 수 있습니다. 보완은 nonce를 요청 시 생성해 ID Token의 nonce 클레임과 대조하는 것입니다. 구현 시 세션과의 바인딩과 만료 관리가 중요합니다.		nonce는 불필요하므로 제거한다	FALSE	nonce를 생성해 ID Token의 nonce와 검증한다	TRUE	redirect uri만 화이트리스트로 둔다	FALSE	Access Token을 URL에 넣는다	FALSE	security	authentication	oidc	backend
Q225	토큰 리보크 리스트 확장		Backend - 인증/인가	18	CHOICE	HARD	JWT 로그아웃을 위해 토큰 블랙리스트를 도입했다. 트래픽이 커지며 메모리 비용이 폭증한다. 가장 현실적인 설계 원칙은?	블랙리스트는 토큰 수명 동안만 의미가 있으므로 만료 기반으로 저장해야 합니다. 일반적으로 jti를 키로 저장하고 TTL을 토큰 만료 시각에 맞춰 설정합니다. 무기한 저장은 비용 폭증을 부릅니다. 또한 가능한 한 Access Token 수명을 짧게 하고 Refresh Token을 서버 저장 및 로테이션으로 관리해 리보크 범위를 줄이는 것이 현실적입니다.		블랙리스트를 영구 보관한다	FALSE	jti 기반으로 저장하고 토큰 만료에 맞춰 TTL을 설정한다	TRUE	모든 토큰을 DB에 원문 저장한다	FALSE	exp 검증을 제거해 비용을 줄인다	FALSE	security	authentication	jwt	backend
Q226	분산 환경 리보크 정합성		Backend - 인증/인가	18	CHOICE	HARD	여러 서버가 각자 로컬 캐시에 리보크 정보를 저장한다. 서버 간 캐시가 어긋날 때 발생하는 문제와 최우선 보완은?	서버마다 캐시가 다르면 어떤 서버는 차단하고 어떤 서버는 허용하는 불일치가 생깁니다. 이는 로그아웃 후에도 일부 서버에서 인증이 살아있는 심각한 문제로 이어질 수 있습니다. 최우선 보완은 중앙 저장소를 두고 TTL 기반으로 공유하거나, 캐시 무효화를 브로드캐스트해 정합성을 맞추는 것입니다. 리보크 검증 경로는 장애 시 정책도 함께 정의해야 합니다.		각 서버 캐시에만 저장하고 무시한다	FALSE	중앙 저장소로 공유하거나 캐시 무효화 전파로 정합성을 맞춘다	TRUE	exp를 무시해 항상 허용한다	FALSE	Authorization 헤더를 제거한다	FALSE	security	authentication	redis	backend
Q227	API Gateway 인증 우회		Backend - 아키텍처 패턴	20	CHOICE	HARD	API Gateway에서 인증을 하고, 내부 서비스는 X User Id 헤더를 신뢰한다. 내부 서비스가 외부에서 직접 접근 가능한 경우의 핵심 위험과 대응은?	공격자가 게이트웨이를 우회해 직접 내부 서비스에 접근하면 신뢰 헤더를 위조해 인증을 우회할 수 있습니다. 이는 아키텍처에서 자주 발생하는 경계 붕괴 사고입니다. 대응은 네트워크 레벨에서 내부 서비스를 외부로부터 차단하고, 서비스가 게이트웨이 서명 헤더나 mTLS 같은 강한 신뢰 기반을 검증하도록 하는 것입니다. 내부 서비스도 최소한의 인증 검증을 가져가는 방식을 고려합니다.		내부 서비스는 헤더를 무조건 신뢰한다	FALSE	내부 서비스의 직접 접근을 차단하고 신뢰 헤더를 검증하거나 mTLS를 적용한다	TRUE	CORS만 설정하면 해결된다	FALSE	로그 레벨을 낮추면 해결된다	FALSE	security	authentication	gateway	backend
Q228	서명된 내부 헤더		Security - 인증/인가	52	CHOICE	HARD	게이트웨이가 내부로 전달하는 사용자 헤더를 HMAC으로 서명해 위조를 막고자 한다. 올바른 설계 포인트는?	서명은 위조를 막지만 재전송을 막지 못할 수 있습니다. 따라서 타임스탬프와 nonce를 포함하고 유효 시간을 짧게 가져가 재전송을 줄입니다. 또한 서명 키는 안전한 저장소에서 관리하고, 서비스 간 키 롤오버 정책이 필요합니다. 헤더 서명 검증이 실패하면 기본적으로 거부하는 fail closed 정책이 중요합니다.		사용자 ID만 서명하고 유효 시간은 무제한으로 둔다	FALSE	타임스탬프와 nonce를 포함해 짧은 유효 시간으로 검증한다	TRUE	HTTPS가 있으니 서명은 불필요하다	FALSE	Referer만 검사하면 된다	FALSE	security	authentication	gateway	crypto
Q229	토큰 유출과 Referer		Security - 취약점	53	CHOICE	HARD	프론트가 토큰을 URL 프래그먼트나 쿼리에 넣고 리다이렉트한다. 토큰이 외부로 유출될 수 있는 대표 경로와 가장 올바른 대응은?	URL 기반 토큰은 브라우저 히스토리, 서버 로그, 분석 스크립트, 그리고 Referer를 통해 유출될 수 있습니다. 특히 외부 리소스 요청 시 Referer에 민감 정보가 포함될 수 있습니다. 대응은 토큰을 Authorization 헤더나 안전한 쿠키로 전달하고, 리다이렉트 URL에 토큰을 넣지 않는 것입니다. 필요하면 Referrer Policy로 추가 완화하지만 근본 해결은 전달 방식 변경입니다.		URL에 토큰을 넣어도 안전하다	FALSE	토큰을 URL에 넣지 말고 Authorization 헤더 또는 안전한 쿠키로 전달한다	TRUE	토큰 길이를 늘려 유출을 막는다	FALSE	exp를 제거해 오류를 줄인다	FALSE	security	authentication	token	backend
Q230	세션 스토어 장애		Backend - 인증/인가	18	CHOICE	HARD	세션 기반 인증에서 중앙 세션 스토어가 일시 장애가 났다. 보안 관점에서 더 안전한 기본 동작은?	인증 시스템은 fail open으로 가면 무단 접근 위험이 큽니다. 기본적으로 세션 검증이 불가능하면 요청을 거부하는 fail closed가 보안적으로 안전합니다. 다만 가용성 요구가 높다면 제한된 범위의 우회 정책을 별도로 설계하고, 위험 기반으로 적용해야 합니다. 면접에서는 보안과 가용성 트레이드오프를 어떻게 정의하는지 묻습니다.		세션을 검증 못 해도 모두 허용한다	FALSE	세션 검증이 불가하면 기본적으로 거부한다	TRUE	200으로 응답하고 로그만 남긴다	FALSE	캐시만 믿고 무제한 허용한다	FALSE	security	authentication	session	backend
Q231	SAML 서명 래핑		Security - 취약점	53	CHOICE	HARD	SAML 기반 SSO에서 서명 검증을 잘못 구현하면 Signature Wrapping 공격이 가능하다. 올바른 핵심 방어는?	SAML은 서명 자체만 확인하면 끝이 아니라, 서명이 적용된 정확한 요소와 최종 사용되는 Assertion이 일치하는지 확인해야 합니다. 공격자는 서명된 Assertion을 그대로 두고, 별도의 악성 Assertion을 끼워 넣어 시스템이 그쪽을 읽게 만들 수 있습니다. 방어는 ID 참조 검증, 서명된 요소의 위치와 대상 검증, 그리고 검증 후 파싱 순서 고정입니다. 가능하면 검증이 검증된 라이브러리를 사용합니다.		서명만 있으면 어떤 Assertion이든 신뢰한다	FALSE	서명된 Assertion과 실제 사용하는 Assertion이 일치하는지 엄격히 검증한다	TRUE	HTTPS만 적용하면 해결된다	FALSE	쿠키 SameSite를 Strict로 바꾸면 해결된다	FALSE	security	authentication	saml	backend
Q232	WebAuthn 피싱 저항		Security - 인증/인가	52	CHOICE	HARD	MFA에서 WebAuthn이 SMS OTP보다 피싱에 더 강한 이유로 가장 정확한 것은?	WebAuthn은 도메인 기반의 바인딩과 공개키 기반 챌린지 응답으로 동작합니다. 사용자가 피싱 사이트에서 입력해도 그 사이트 도메인에 대해 유효한 응답만 생성되므로, 원래 서비스로 재사용이 어렵습니다. 반면 SMS OTP는 사람이 입력하는 값이라 실시간 피싱에 취약합니다. 운영에서는 복구 수단과 등록 절차 보안도 중요합니다.		SMS는 암호화되어 더 안전하다	FALSE	WebAuthn은 도메인에 바인딩된 공개키 방식이라 피싱 재사용이 어렵다	TRUE	WebAuthn은 CSRF를 자동으로 막는다	FALSE	WebAuthn은 JWT를 암호화한다	FALSE	security	authentication	webauthn	backend
Q233	OTP 재사용 공격		Security - 취약점	53	CHOICE	HARD	로그인 OTP가 짧은 시간 동안 여러 번 검증 가능하도록 구현되어 있다. 어떤 위험이 커지고 올바른 대응은?	OTP가 재사용 가능하면 중간자나 피싱 공격에서 같은 OTP로 여러 번 시도할 여지가 생깁니다. 또한 동시 요청 경쟁 상황에서 의도치 않게 여러 세션이 열릴 수 있습니다. 대응은 OTP를 1회 사용으로 처리하고, 사용 즉시 폐기하며, 요청 간 경쟁을 방지하는 원자적 업데이트를 적용하는 것입니다. 레이트리밋과 디바이스 신호도 병행합니다.		OTP는 재사용돼도 상관없다	FALSE	OTP를 1회용으로 처리하고 사용 즉시 폐기한다	TRUE	HTTPS만 사용하면 된다	FALSE	실패 메시지를 상세히 준다	FALSE	security	authentication	mfa	backend
Q234	Idempotency Key와 재전송		Security - 취약점	53	CHOICE	HARD	결제 API가 네트워크 재시도로 동일 요청이 여러 번 들어올 수 있다. 재전송 공격과 중복 결제를 줄이는 가장 적절한 서버 설계는?	공격자는 동일 요청을 재전송해 중복 처리를 유도할 수 있습니다. 멱등 키를 도입해 같은 키로 들어온 요청은 동일 결과를 반환하고, 저장소에 원자적으로 기록해야 합니다. 단순 캐시만으로는 경합에서 중복 처리가 발생할 수 있어 DB 유니크 제약이나 트랜잭션 설계가 중요합니다. 인증된 사용자 단위로 키 범위도 제한해야 합니다.		클라이언트 재시도만 막으면 된다	FALSE	Idempotency Key를 도입하고 서버에서 원자적으로 처리 상태를 기록한다	TRUE	요청을 모두 허용하고 나중에 환불한다	FALSE	GET으로 결제를 바꾼다	FALSE	security	authentication	replay	backend
Q235	쿠키 Path 혼동		Backend - 인증/인가	18	CHOICE	HARD	같은 이름의 세션 쿠키가 Path가 다른 두 개로 존재한다. 어떤 문제가 생길 수 있고 올바른 대응은?	브라우저는 Path 우선순위에 따라 쿠키를 보낼 수 있어 서버가 의도치 않은 쿠키를 읽을 수 있습니다. 이는 세션 혼동, 로그아웃 실패, 혹은 보안 정책 우회로 이어질 수 있습니다. 대응은 쿠키 이름과 Path를 일관되게 관리하고, 로그아웃 시 동일 이름과 경로 조합으로 명확히 삭제하는 것입니다. 쿠키 범위는 최소화하는 것이 안전합니다.		쿠키는 이름만 같아도 항상 하나만 전송된다	FALSE	Path 차이로 세션 혼동이 생길 수 있어 이름과 Path를 일관되게 관리한다	TRUE	Secure만 켜면 자동 해결된다	FALSE	DB 인덱스를 추가하면 해결된다	FALSE	security	authentication	cookie	backend
Q236	토큰 스코프 상승		Security - 취약점	53	CHOICE	HARD	API가 토큰의 scope를 검증하지 않고 role만 보고 접근을 허용한다. 가장 큰 위험과 올바른 대응은?	scope는 토큰이 허용하는 권한 범위를 표현합니다. 이를 무시하면 최소 권한 원칙이 깨지고, 잘못 발급된 토큰이나 다른 목적으로 발급된 토큰이 과도한 권한을 얻을 수 있습니다. 대응은 엔드포인트별로 필요한 scope를 명시하고, 서버에서 반드시 검증하는 것입니다. role과 scope는 서로 보완 관계로 설계해야 합니다.		scope는 로깅용이므로 검증 불필요	FALSE	엔드포인트별 필요한 scope를 정의하고 서버에서 검증한다	TRUE	exp만 검증하면 된다	FALSE	쿠키 SameSite만 바꾸면 된다	FALSE	security	authentication	oauth	backend
Q237	키 롤오버 중단 위험		Backend - 인증/인가	18	CHOICE	HARD	JWT 키 롤오버에서 새 키만 배포하고 구 키를 즉시 폐기했다. 일부 클라이언트가 아직 구 키로 서명된 토큰을 들고 있다. 가장 현실적인 운영 원칙은?	키 교체는 즉시 단절하면 인증 장애가 발생합니다. 일반적으로 롤오버 기간 동안 구 키와 신 키를 함께 검증 가능하게 유지하고, 토큰 수명과 JWKS 캐시 TTL을 고려해 점진적으로 폐기합니다. 또한 kid로 키를 구분하고, 검증 실패 시 JWKS를 갱신하는 로직이 필요할 수 있습니다. 관측 지표와 롤백 플랜이 필수입니다.		새 키만 남기고 즉시 구 키를 삭제한다	FALSE	롤오버 기간 동안 구 키와 신 키를 함께 제공하고 점진 폐기한다	TRUE	exp를 무시해 장애를 줄인다	FALSE	HTTPS만 적용하면 된다	FALSE	security	authentication	jwks	backend
Q238	리스크 기반 인증		Security - 인증/인가	52	CHOICE	HARD	동일 계정으로 다른 국가 IP에서 짧은 시간 내 로그인 시도가 반복된다. 사용자 경험을 크게 해치지 않으면서 보안을 강화하는 현실적 접근은?	모든 상황에서 무조건 차단하면 정상 사용자가 피해를 볼 수 있습니다. 위험 신호(새 기기, 새 지역, 비정상 패턴)일 때만 추가 인증을 요구하는 위험 기반 인증이 현실적입니다. 예를 들어 Step up MFA, 이메일 확인, 일시 제한 등을 적용합니다. 동시에 탐지 이벤트를 로깅하고 알림을 제공하는 것이 좋습니다.		무조건 영구 계정 잠금	FALSE	위험 신호 시 Step up MFA 같은 추가 인증을 요구한다	TRUE	실패 메시지를 상세히 준다	FALSE	HTTPS를 끄고 내부망만 쓴다	FALSE	security	authentication	rba	backend
Q239	토큰 누출 로그 마스킹		Security - 인증/인가	52	CHOICE	HARD	운영 로그에 Authorization 헤더가 그대로 찍힌다. 가장 올바른 조치로 맞는 것은?	토큰은 유출되면 즉시 악용될 수 있으므로 로그에 원문을 남기면 안 됩니다. 필터나 로깅 미들웨어에서 민감 헤더를 마스킹하거나 제거해야 합니다. 또한 이미 노출된 토큰은 폐기하고 재발급 정책을 고려해야 합니다. 감사 로그에는 최소 식별 정보만 남기는 것이 원칙입니다.		로그에 토큰을 남겨도 HTTPS면 안전하다	FALSE	Authorization 같은 민감 헤더를 마스킹하거나 로깅에서 제외한다	TRUE	토큰을 URL로 옮기면 된다	FALSE	토큰 만료 시간을 늘리면 된다	FALSE	security	authentication	logging	backend
Q240	취약한 리다이렉트 체인		Security - 취약점	53	CHOICE	HARD	로그인 후 이동 URL next 파라미터를 검증 없이 사용한다. 어떤 공격이 가능하고 가장 올바른 방어는?	오픈 리다이렉트로 사용자를 피싱 사이트로 보내 자격 증명을 탈취할 수 있습니다. 또한 인증 토큰이 URL에 포함되는 구조라면 리다이렉트를 통해 토큰 유출도 유발될 수 있습니다. 방어는 next를 상대 경로만 허용하거나, 허용된 도메인 allowlist로 제한하는 것입니다. 외부 URL은 차단하고, 필요하면 서버가 목적지를 매핑하는 방식이 안전합니다.		next를 아무 URL이나 허용한다	FALSE	next를 상대 경로 또는 allowlist 도메인으로만 허용한다	TRUE	CORS를 끄면 해결된다	FALSE	DB 인덱스를 추가하면 해결된다	FALSE	security	authentication	redirect	backend
Q241	DNS Rebinding SSRF		Security - 취약점	53	CHOICE	HARD	SSRF 방어로 “DNS 해석 결과가 사설 IP면 차단”만 적용했다. DNS Rebinding 우회를 줄이기 위한 가장 올바른 보완은?	공격자는 최초 검증 시에는 공인 IP로 응답하고, 실제 요청 시점에 DNS 응답을 내부 IP로 바꾸는 방식으로 우회할 수 있습니다. 이를 줄이려면 요청 시점에 다시 해석하고, 연결 대상 IP를 고정(해석 결과를 그대로 사용)하며, 사설/링크로컬/루프백 대역을 차단해야 합니다. 또한 리다이렉트 및 재해석을 막고, 가능하면 도메인 allowlist로 제한하는 것이 안전합니다. 네트워크 egress 제한이 있으면 우회 난이도가 크게 올라갑니다.		최초 DNS만 검사하면 충분하다	FALSE	요청 시점 해석 결과로 연결 대상 IP를 고정하고 대역 차단을 재검증한다	TRUE	User-Agent를 고정한다	FALSE	SameSite를 Strict로 바꾼다	FALSE	security	authentication	ssrf	backend
Q242	SSRF IPv6 우회		Security - 취약점	53	CHOICE	HARD	SSRF 방어가 IPv4 사설 대역만 차단한다. 공격자가 우회할 수 있는 대표 경로와 대응은?	IPv6 loopback(::1)이나 link-local(fe80::/10), IPv4-mapped IPv6 등 다양한 표기 우회가 가능합니다. 따라서 IP 파싱과 대역 차단은 IPv4/IPv6를 모두 포함해야 합니다. 또한 0.0.0.0, 127.0.0.1, 169.254.169.254 같은 특수 주소도 포함해야 합니다. 가능한 한 allowlist 기반으로 목적지를 제한하는 것이 가장 안전합니다.		IPv6는 검사할 필요가 없다	FALSE	IPv6 loopback/link-local 등도 포함해 모든 표기 우회를 차단한다	TRUE	HTTPS만 강제하면 된다	FALSE	Referer만 검사하면 된다	FALSE	security	authentication	ssrf	backend
Q243	OAuth Mix-up Attack		Security - 취약점	53	CHOICE	HARD	여러 OAuth 제공자(Google, Github)를 동시에 지원한다. 콜백 처리에서 “어느 제공자 응답인지”를 엄격히 바인딩하지 않으면 가능한 공격은?	Mix-up 공격은 공격자가 콜백의 제공자 컨텍스트를 혼동시켜 토큰/코드를 잘못된 제공자 플로우로 처리하게 만드는 공격입니다. 이를 막으려면 로그인 시작 시 사용한 provider를 state에 묶고, 콜백에서 provider를 일치 검증해야 합니다. redirect_uri도 provider별로 분리하거나 엄격하게 매칭해야 합니다.		CORS 오류만 발생	FALSE	state에 provider를 바인딩하고 콜백에서 제공자를 일치 검증한다	TRUE	exp만 검증하면 된다	FALSE	쿠키 Path만 바꾸면 된다	FALSE	security	authentication	oauth	backend
Q244	Authorization Code Interception		Security - 취약점	53	CHOICE	HARD	모바일 앱에서 커스텀 스킴 리다이렉트를 사용한다. 다른 앱이 같은 스킴을 가로채 인가 코드를 탈취할 위험을 줄이는 대표 대책은?	커스텀 스킴은 다른 앱이 동일 스킴을 등록해 코드를 가로챌 수 있습니다. 이를 줄이려면 App Link/Universal Link처럼 OS가 앱 소유를 검증하는 링크를 사용하거나, PKCE를 반드시 적용해 탈취된 코드로 토큰 교환이 어렵게 해야 합니다. 가능하면 브라우저 기반 인증(ASWebAuthenticationSession 등)도 권장됩니다.		커스텀 스킴만 쓰면 안전하다	FALSE	Universal Link/App Link 사용과 PKCE 적용	TRUE	Access Token을 URL에 넣는다	FALSE	SameSite를 Strict로 둔다	FALSE	security	authentication	oauth	mobile
Q245	Token Binding 개념 혼동		Security - 인증/인가	52	CHOICE	HARD	“Bearer 토큰 탈취 시 재전송”을 줄이려 한다. 요청 단위 증명을 붙여 토큰을 클라이언트 키에 묶는 접근으로 가장 적절한 것은?	Bearer 토큰은 소지자에게 권한이 있어 탈취되면 재전송이 가능합니다. DPoP(Proof of Possession)나 mTLS는 토큰이 특정 키/연결에 바인딩되도록 해 재전송 난이도를 높입니다. 단, 클라이언트 키 보호와 시계 동기, 재전송 탐지 같은 운영 요소가 필요합니다.		토큰 만료를 무한으로 늘린다	FALSE	DPoP 또는 mTLS로 토큰을 키/연결에 바인딩한다	TRUE	URL 파라미터로 토큰을 전달한다	FALSE	응답을 캐시한다	FALSE	security	authentication	dpop	network
Q246	JWK Cache Poisoning		Security - 취약점	53	CHOICE	HARD	서버가 jwks uri에서 받아온 키를 캐시하는데, 캐시 키가 “kid만”으로 구성되어 있다. 다중 issuer 환경에서 생길 수 있는 문제는?	issuer가 다른데 kid가 같으면 키가 충돌할 수 있어 잘못된 키로 검증하게 됩니다. 이는 토큰 검증 우회로 이어질 수 있습니다. 캐시 키는 issuer+kid 같이 컨텍스트를 포함해야 하고, issuer/jwks uri는 allowlist로 제한해야 합니다. 또한 키 갱신 시나리오와 캐시 TTL, 실패 시 리프레시 로직도 필요합니다.		kid만으로 캐시해도 항상 안전	FALSE	issuer가 다른데 kid가 같아 키 충돌로 잘못 검증할 수 있다	TRUE	exp만 검증하면 해결	FALSE	CORS를 끄면 해결	FALSE	security	authentication	jwks	backend
Q247	JWKS Fetch SSRF		Security - 취약점	53	CHOICE	HARD	서버가 issuer discovery 문서를 받아 jwks uri를 동적으로 따라간다. 이때 가능한 위험과 올바른 대응은?	issuer/jwks uri를 외부 입력으로 받으면 공격자가 내부망 주소를 jwks uri로 지정해 SSRF를 유발하거나, 자신의 키를 제공해 인증 우회를 만들 수 있습니다. 대응은 issuer를 고정/allowlist로 제한하고, discovery/jwks uri는 신뢰된 도메인만 허용하는 것입니다. 또한 네트워크 egress 제한과 타임아웃/리다이렉트 제한도 필요합니다.		issuer를 요청 파라미터로 받아도 안전하다	FALSE	issuer를 allowlist로 제한하고 jwks uri도 신뢰된 도메인만 허용한다	TRUE	kid 길이만 제한한다	FALSE	HTTPS만 쓰면 된다	FALSE	security	authentication	oidc	ssrf
Q248	세션 탈취 후 고정		Security - 취약점	53	CHOICE	HARD	공격자가 세션 쿠키를 탈취한 뒤 피해자 계정으로 계속 접근한다. 서버 측에서 추가로 붙일 수 있는 완화책으로 가장 현실적인 것은?	완전 방어는 어렵지만, 세션에 기기/UA/IP 등 신호를 묶어 이상 변화 시 재인증을 요구하는 방식이 있습니다. 또한 중요한 작업에는 Step up MFA를 요구하고, 세션 수명 제한, 동시 세션 제한, 토큰 회수 기능을 제공합니다. 단, IP 바인딩은 모바일/사내망에서 오탐이 커질 수 있어 위험 기반으로 적용하는 것이 현실적입니다.		IP가 바뀌면 무조건 영구 차단	FALSE	기기/위치 신호 변화 시 재인증 같은 위험 기반 정책 적용	TRUE	exp를 무시한다	FALSE	CORS를 끈다	FALSE	security	authentication	session	backend
Q249	Access Token Audience 분리		Backend - 인증/인가	18	CHOICE	HARD	동일한 Access Token을 여러 마이크로서비스에서 공유해 사용한다. 서비스 간 권한 경계를 강화하는 가장 올바른 접근은?	토큰을 서비스별 audience로 분리하면 “이 토큰은 A 서비스용” 같은 경계가 생깁니다. 각 서비스는 자신의 aud만 허용해 오남용을 줄입니다. 또한 scope를 서비스별로 세분화하고 최소 권한을 적용해야 합니다. 단일 토큰을 만능으로 쓰면 경계가 무너집니다.		모든 서비스가 같은 aud를 허용	FALSE	서비스별 aud로 토큰을 분리하고 각 서비스가 자신의 aud만 검증	TRUE	exp만 검증하면 된다	FALSE	쿠키 Path를 바꾼다	FALSE	security	authentication	jwt	backend
Q250	RBAC와 리소스 소유권		Security - 인증/인가	52	CHOICE	HARD	“ADMIN이면 모든 리소스 접근 가능”만 체크하는 RBAC 설계에서 흔히 생기는 권한 취약점은?	역할만으로 접근을 허용하면 리소스 소유권(본인 데이터인지) 같은 속성이 검증되지 않을 수 있습니다. 예를 들어 USER 역할도 다른 사용자의 리소스를 조회/수정할 수 있게 되는 IDOR(수평 권한 상승) 취약점이 생길 수 있습니다. 대응은 리소스 소유권/조직/테넌트 같은 속성 기반 검증(ABAC 요소)을 함께 넣는 것입니다.		role만 보면 충분	FALSE	리소스 소유권 검증이 빠져 수평 권한 상승(IDOR)이 발생할 수 있다	TRUE	CSRF가 자동 해결된다	FALSE	TLS가 자동 적용된다	FALSE	security	authentication	authorization	backend
Q251	IDOR 탐지 포인트		Security - 취약점	53	CHOICE	HARD	사용자 프로필 조회 API가 GET /users/{id} 이고, 서버는 로그인만 확인하고 id에 대한 소유권을 체크하지 않는다. 가장 올바른 분류와 대응은?	이는 인증은 되었지만 인가(권한)가 깨진 수평 권한 상승 취약점(IDOR)입니다. 대응은 요청 리소스가 요청자에게 허용되는지(본인/조직/권한) 검증하고, 객체 단위 권한 검사를 표준화하는 것입니다. 단순히 404로 숨기기만 하는 것은 근본 해결이 아닙니다.		단순 버그이므로 무시	FALSE	IDOR 취약점이며 객체 단위 권한(소유권) 검사를 추가한다	TRUE	CORS만 수정	FALSE	exp만 검증	FALSE	security	authentication	idor	backend
Q252	비밀정보 로깅 사고 대응		Security - 인증/인가	52	CHOICE	HARD	배포 후 토큰/비밀번호가 로그에 남은 사실을 발견했다. 가장 올바른 1차 대응 조합은?	이미 노출되었다면 “노출된 자격 증명의 회수”가 중요합니다. 즉시 로깅을 차단(마스킹)하고, 이미 발급된 토큰/세션을 폐기하거나 키/시크릿을 롤오버해야 합니다. 또한 로그 접근 권한을 제한하고, 유출 범위를 파악해 사용자 통지/사고 대응 절차를 수행합니다. 단순히 로그만 끄는 건 재발 방지에 불충분합니다.		로그만 삭제하면 끝	FALSE	로깅 마스킹 적용 + 노출 토큰/키 회수(폐기/롤오버)	TRUE	exp를 늘려 안정화	FALSE	URL로 토큰 이동	FALSE	security	authentication	incident	backend
Q253	KMS와 키 관리		Security - 암호화	55	CHOICE	HARD	애플리케이션이 JWT 서명 키를 파일로 저장해두고 로딩한다. 보안 수준을 높이기 위한 올바른 개선은?	파일 기반 키는 유출/복제 위험이 큽니다. KMS/HSM 같은 키 관리 시스템을 사용하면 키 접근 통제, 감사 로그, 키 회전이 쉬워집니다. 서명은 KMS에서 수행하고 애플리케이션은 키 원문을 직접 다루지 않도록 설계할 수도 있습니다. 운영에서는 권한 최소화와 롤오버 절차가 핵심입니다.		키를 Git에 올려 공유	FALSE	KMS/HSM 등 키 관리 시스템으로 보관 및 회전 관리	TRUE	키를 더 긴 문자열로 만들기	FALSE	exp를 제거	FALSE	security	authentication	kms	crypto
Q254	취약한 비밀번호 정책		Security - 취약점	53	CHOICE	HARD	“비밀번호를 정기적으로 바꾸게 하는 정책”만으로 계정 보안을 강화할 수 있다는 주장에 대한 가장 올바른 평가는?	강제 주기 변경은 사용자가 예측 가능한 패턴으로 바꾸게 만들 수 있고, 유출된 비밀번호를 막지 못하는 경우도 있습니다. 더 효과적인 것은 유출 비밀번호 차단, MFA, 이상 징후 탐지, 레이트리밋, 계정 보호 흐름입니다. 면접에서는 “정책이 실제로 보안을 높이는지”를 근거로 설명할 수 있어야 합니다.		주기 변경만 하면 충분	FALSE	주기 변경만으로는 부족하며 MFA/유출 비밀번호 차단 등이 더 효과적	TRUE	HTTPS만 쓰면 된다	FALSE	쿠키 SameSite로 해결	FALSE	security	authentication	policy	backend
Q255	인증 우회 디폴트 허용		Backend - 인증/인가	18	CHOICE	HARD	권한 체크 모듈에서 예외 발생 시 ‘일단 허용’하도록 구현되어 있다. 이 설계의 문제와 올바른 원칙은?	보안에서는 기본 거부가 원칙입니다. 예외 시 허용(fail open)은 인증/인가 우회를 만들 수 있습니다. 올바른 원칙은 fail closed(검증 실패 시 거부)이며, 가용성이 필요하면 제한된 우회 경로를 별도 정책으로 설계해야 합니다. 특히 권한 시스템은 장애 모드 동작을 명확히 정의해야 합니다.		예외 시 허용이 더 안전	FALSE	예외 시 기본 거부(fail closed)가 원칙이다	TRUE	로그만 남기면 충분	FALSE	exp를 무시하면 된다	FALSE	security	authentication	authz	backend
Q256	인증 캐시와 권한 철회		Backend - 인증/인가	18	CHOICE	HARD	권한 체크 결과를 캐시해 성능을 올렸는데, 권한 철회가 즉시 반영되지 않아 사고가 났다. 가장 현실적인 개선은?	권한은 변경되므로 캐시에는 무효화 전략이 필수입니다. TTL을 짧게 두는 것만으로 부족할 수 있어, 권한 변경 이벤트 기반 무효화(캐시 삭제), 버전 필드 기반 검증(권한 버전이 바뀌면 캐시 미스), 혹은 민감 엔드포인트는 캐시를 우회하는 정책이 필요합니다. 정확성과 성능의 균형을 잡는 것이 핵심입니다.		TTL을 무한으로 늘린다	FALSE	권한 변경 이벤트로 캐시를 무효화하거나 권한 버전 기반으로 검증한다	TRUE	exp를 제거한다	FALSE	쿠키 Path 변경	FALSE	security	authentication	cache	backend
Q257	공격자 주도 로그 폭탄		Security - 취약점	53	CHOICE	HARD	인증 실패 시 요청 바디를 그대로 로그에 남긴다. 공격자가 이를 악용해 서비스에 피해를 줄 수 있는 대표 방식은?	대량 실패 요청으로 로그를 폭증시키거나, 특수 문자를 삽입해 로그 파싱/대시보드에 영향을 주는 로그 인젝션/로그 포이즈닝이 가능합니다. 또한 민감정보가 섞이면 유출 위험도 커집니다. 대응은 민감정보 마스킹, 입력 길이 제한, 구조화 로깅, 레이트리밋, 그리고 실패 로그 레벨/샘플링 정책입니다.		로그는 항상 많이 남길수록 안전	FALSE	로그 폭탄 또는 로그 인젝션으로 가용성과 관측이 훼손될 수 있다	TRUE	TLS가 자동 깨진다	FALSE	CSRF가 사라진다	FALSE	security	authentication	logging	backend
Q258	CSP Report Only 운영		Security - 취약점	53	CHOICE	HARD	CSP를 곧바로 강제 모드로 배포하면 정상 기능이 깨질 수 있다. 운영에서 안전하게 도입하는 절차로 가장 적절한 것은?	CSP는 기존 스크립트/리소스 로딩과 충돌할 수 있어 단계적 도입이 필요합니다. 먼저 Report Only로 배포해 위반 리포트를 수집하고, 필요한 출처를 정리한 뒤 강제 모드로 전환하는 방식이 안전합니다. nonce 도입이나 inline script 제거 같은 리팩터링도 병행합니다. 이 과정에서 관측(리포트 수집)이 핵심입니다.		처음부터 강제 모드로 적용	FALSE	Report Only로 위반을 수집한 후 강제 모드로 전환	TRUE	쿠키 SameSite만 바꾼다	FALSE	exp를 제거한다	FALSE	security	authentication	csp	backend
Q259	Secret Zero 문제		Security - 암호화	55	CHOICE	HARD	배포 시점에 애플리케이션이 Secret Manager에서 시크릿을 가져와야 하는데, 그 접근 자격 자체(초기 자격)를 어떻게 안전하게 부여할지가 문제다. 이 문제를 무엇이라 부르며 대표 해결 방향은?	‘Secret Zero’ 문제로, 시크릿을 가져오려면 또 다른 시크릿이 필요한 부트스트랩 딜레마입니다. 대표 해결은 클라우드 IAM 기반 워크로드 아이덴티티(인스턴스/서비스 계정), mTLS 기반 노드 신원, 또는 하드웨어 보안 모듈을 활용하는 것입니다. 즉, 장기 공유 시크릿 대신 플랫폼이 제공하는 신원 체계를 활용합니다.		단순히 환경변수에 넣으면 해결	FALSE	Secret Zero이며 워크로드 아이덴티티/IAM 기반으로 부트스트랩한다	TRUE	JWT를 URL로 넘기면 해결	FALSE	CORS를 끄면 해결	FALSE	security	authentication	secrets	cloud
Q260	다중 테넌트 토큰 분리		Security - 인증/인가	52	CHOICE	HARD	멀티 테넌트 SaaS에서 테넌트 A 사용자 토큰이 테넌트 B 리소스에 접근할 수 있는 사고가 발생했다. 가장 근본적인 설계 개선은?	테넌트 경계는 가장 중요한 보안 경계입니다. 토큰에 tenant id를 포함하고(또는 aud를 테넌트별로 분리), 모든 리소스 접근에서 tenant 스코프를 강제해야 합니다. 또한 DB 쿼리에서도 tenant 조건을 누락하지 않도록 공통 필터/스코프를 적용합니다. RBAC만으로는 테넌트 경계를 보장하지 못하므로 ABAC 요소(tenant 속성)를 필수로 둡니다.		role만 확인하면 충분	FALSE	토큰과 데이터 접근 모두에서 tenant 스코프를 강제한다	TRUE	CORS만 수정	FALSE	exp를 제거	FALSE	security	authentication	multitenant	backend
Q261	Refresh Token 레이스		Security - 인증/인가	52	CHOICE	HARD	Refresh Token Rotation을 적용했는데, 동일 RT로 거의 동시에 2개의 갱신 요청이 들어왔다. 가장 올바른 서버 동작은?	RT 로테이션은 1회 사용이 원칙이라 동시 요청은 경합이 생깁니다. 올바른 설계는 첫 요청만 성공시키고, 두 번째 요청은 “재사용 탐지”로 처리해 토큰 패밀리 폐기 또는 재인증을 유도하는 것입니다. 이를 위해 DB에서 RT 상태를 원자적으로 전환(compare-and-set)해야 합니다. 단순 캐시만으로는 중복 성공이 발생할 수 있어 트랜잭션/유니크 제약이 중요합니다.		두 요청 모두 새 토큰 발급	FALSE	RT 상태를 원자적으로 전환해 첫 요청만 성공시키고 나머지는 재사용으로 처리	TRUE	두 번째 요청은 조용히 무시	FALSE	서버 재시작으로 해결	FALSE	security	authentication	token	backend
Q262	RT 재사용 탐지 정책		Security - 인증/인가	52	CHOICE	HARD	Refresh Token 재사용 탐지가 발생했을 때 보안적으로 가장 강한 대응은?	재사용은 탈취 신호일 수 있습니다. 보안적으로 강한 대응은 해당 토큰 패밀리(연결된 세션) 전체를 폐기하고 재인증을 요구하는 것입니다. 동시에 이벤트를 감사 로그로 남기고 사용자에게 알림을 보내는 정책이 실무에서 자주 사용됩니다. 단, 오탐 가능성과 UX를 고려해 단계적 정책을 설계할 수도 있습니다.		기존 세션은 유지하고 새 토큰만 발급	FALSE	토큰 패밀리 전체를 폐기하고 재로그인을 요구	TRUE	IP만 바꾸면 안전	FALSE	exp를 늘려 안정화	FALSE	security	authentication	incident	backend
Q263	Access Token 만료 전략		Backend - 인증/인가	18	CHOICE	HARD	JWT Access Token 수명을 길게 가져가면 발생할 수 있는 가장 큰 리스크는?	AT가 길면 탈취 시 피해 시간이 길어집니다. 또한 권한 철회나 사용자 비활성화가 즉시 반영되지 않을 수 있습니다. 운영에서는 AT를 짧게 하고, RT는 로테이션/서버 저장으로 통제하는 패턴이 흔합니다. 면접에서는 “무상태 토큰의 회수 불가” 문제를 어떻게 완화하는지 자주 묻습니다.		DB 인덱스가 깨짐	FALSE	탈취 시 피해 시간이 길어지고 권한 철회 반영이 늦다	TRUE	CORS가 자동 해결된다	FALSE	세션 고정이 사라진다	FALSE	security	authentication	jwt	backend
Q264	강제 로그아웃 구현		Backend - 인증/인가	18	CHOICE	HARD	“관리자가 특정 사용자를 즉시 강제 로그아웃”시키려면 무상태 JWT만으로는 어렵다. 가장 현실적인 설계는?	JWT만 쓰면 서버가 발급된 토큰을 추적하지 않아 즉시 폐기가 어렵습니다. 현실적인 방법은 토큰 버전(세션 버전)을 사용자에 저장하고 토큰에 포함해, 버전 불일치 시 거부하는 방식입니다. 또는 jti 기반 리보크 리스트를 TTL과 함께 운영합니다. AT는 짧게, RT는 서버 저장으로 통제하는 것이 운영 부담을 줄입니다.		클라이언트에서 쿠키만 삭제	FALSE	사용자 토큰 버전 또는 jti 리보크 리스트로 즉시 차단	TRUE	exp 검증을 제거	FALSE	HTTPS를 끄면 된다	FALSE	security	authentication	jwt	backend
Q265	키 유출 시 롤오버		Security - 암호화	55	CHOICE	HARD	JWT 서명 키 유출이 의심된다. 가장 올바른 대응 조합은?	키 유출은 즉시 피해를 키울 수 있어 우선 회수가 필요합니다. 키를 롤오버하고, 유출된 키로 서명된 토큰을 더 이상 신뢰하지 않도록 검증 정책을 변경해야 합니다. 동시에 기존 세션/RT를 폐기해 재인증을 요구할 수 있습니다. 관측과 롤백, 커뮤니케이션(사고 대응)까지 포함한 플랜이 중요합니다.		로그만 삭제하면 된다	FALSE	키 롤오버 후 유출 키 신뢰 중단, 필요 시 세션/토큰 폐기 및 재인증	TRUE	exp를 늘려 안정화	FALSE	CORS를 끄면 해결	FALSE	security	authentication	incident	crypto
Q266	JWKS 캐시 TTL 함정		Backend - 인증/인가	18	CHOICE	HARD	JWKS를 CDN으로 서빙하며 Cache-Control max-age를 길게 줬다. 키 롤오버 후 검증 실패가 오래 지속될 수 있다. 가장 현실적인 개선은?	캐시 TTL이 길면 키 교체가 즉시 반영되지 않습니다. 운영에서는 JWKS TTL을 과도하게 길게 두지 않고, 검증 실패 시 JWKS를 강제 재조회하는 fallback을 둡니다. 또한 롤오버 기간에는 구키/신키를 함께 제공해 검증을 유지합니다. CDN 캐시 무효화(퍼지) 절차도 함께 마련해야 합니다.		max-age를 더 길게 늘린다	FALSE	JWKS TTL을 적절히 조정하고 검증 실패 시 재조회/퍼지 절차를 둔다	TRUE	exp를 무시한다	FALSE	kid를 제거한다	FALSE	security	authentication	jwks	backend
Q267	mTLS에서 인증서 회수		Security - 네트워크 보안	54	CHOICE	HARD	mTLS를 도입했는데 클라이언트 인증서가 유출될 수 있다. 회수(Revocation) 측면에서 현실적인 접근은?	CRL/OCSP는 운영이 복잡할 수 있고 네트워크 의존성이 있습니다. 실무에서는 짧은 수명의 인증서(Short-lived cert)와 자동 재발급을 통해 회수 문제를 완화하는 방식이 널리 쓰입니다. 필요하면 OCSP stapling, 리보크 리스트, 서비스 메시에 의한 정책 적용 등을 함께 고려합니다.		인증서는 회수할 필요 없다	FALSE	짧은 수명 인증서와 자동 재발급으로 회수 문제를 완화	TRUE	HTTP로 바꾸면 된다	FALSE	쿠키 SameSite를 Strict로	FALSE	security	authentication	mtls	network
Q268	CORS preflight 캐시		Network - HTTP	31	CHOICE	HARD	인증 헤더를 포함한 요청이 많아 preflight가 병목이 된다. 보안을 해치지 않으면서 완화하는 방법으로 가장 적절한 것은?	preflight는 브라우저가 정책을 확인하는 과정이라 완전히 제거하기 어렵습니다. 다만 Access-Control-Max-Age로 캐시를 설정해 횟수를 줄일 수 있습니다. 동시에 허용 origin/헤더/메서드는 최소화해 공격 표면을 줄여야 합니다. credentials 사용 시 origin 반사 같은 취약한 설정은 피해야 합니다.		Allow-Origin을 별로 주고 credentials 허용	FALSE	Access-Control-Max-Age로 preflight 캐시를 적용하되 허용 범위는 최소화	TRUE	HTTPS를 끄면 해결	FALSE	exp 검증을 제거	FALSE	security	authentication	cors	network
Q269	쿠키 Prefix 보안		Backend - 인증/인가	18	CHOICE	HARD	세션 쿠키에 __Host- 접두사를 쓰면 얻는 보안적 이점으로 가장 올바른 것은?	__Host- 쿠키는 Secure이고 Path=/이며 Domain 속성을 허용하지 않는 제약이 있어, 서브도메인에 의한 쿠키 덮어쓰기(cookie tossing)를 줄이는 데 도움이 됩니다. 완전한 방어는 아니지만 안전한 기본 설정을 강제합니다. 운영에서는 쿠키 스코프를 최소화하는 전략과 함께 사용합니다.		Domain을 마음대로 지정 가능	FALSE	Domain 없이 Secure Path=/를 강제해 쿠키 덮어쓰기를 완화	TRUE	CSRF가 자동 제거	FALSE	JWT가 암호화됨	FALSE	security	authentication	cookie	backend
Q270	쿠키 Tossing 공격		Security - 취약점	53	CHOICE	HARD	서브도메인을 가진 공격자가 상위 도메인에 대해 같은 이름의 쿠키를 심을 수 있다. 서버가 첫 번째 쿠키만 읽는다면 어떤 위험이 커지고 대응은?	쿠키 tossing은 서버가 어떤 쿠키를 신뢰할지 혼동을 유발할 수 있습니다. 공격자가 심은 쿠키가 우선 적용되면 세션 혼동이나 인증 우회가 될 수 있습니다. 대응은 쿠키 스코프 최소화, __Host- 접두사 사용, 쿠키 파싱 시 우선순위 정책 정립, 그리고 가능하면 서브도메인 격리를 강화하는 것입니다.		쿠키는 항상 하나만 온다	FALSE	쿠키 tossing으로 세션 혼동/우회가 가능하므로 스코프 최소화 및 __Host- 사용	TRUE	HTTPS만 적용하면 된다	FALSE	DB 인덱스를 추가	FALSE	security	authentication	cookie	backend
Q271	OAuth 토큰 스토리지		Security - 취약점	53	CHOICE	HARD	SPA에서 Access Token을 메모리(in-memory)에만 저장하면 얻는 장점과 남는 위험의 조합으로 가장 적절한 것은?	메모리 저장은 LocalStorage 대비 XSS로 “영구 저장소에서” 탈취되는 위험을 줄이지만, XSS 자체를 막지는 못합니다. 또한 새로고침 시 세션이 끊길 수 있어 RT를 쿠키로 운용하거나 재인증 흐름이 필요합니다. 따라서 보안은 CSP, 출력 인코딩, 의존성 관리 등과 함께 봐야 합니다.		XSS 완전 방어	FALSE	영구 저장소 노출은 줄지만 XSS 자체 위험은 남는다	TRUE	CSRF가 자동 제거된다	FALSE	TLS가 불필요하다	FALSE	security	authentication	xss	frontend
Q272	OAuth Token Exchange		Security - 인증/인가	52	CHOICE	HARD	백엔드가 외부 IdP 토큰을 받아 내부 서비스용 토큰으로 교환(Token Exchange)한다. 이때 가장 중요한 보안 포인트는?	외부 토큰을 신뢰하려면 iss/aud/exp/nonce 등 표준 검증을 엄격히 해야 합니다. 또한 내부 토큰은 최소 권한으로 발급하고, 외부 토큰의 scope/claims를 그대로 “과신”하지 않도록 매핑 정책을 둬야 합니다. 토큰 교환 로직은 인증 경계이므로 로그/감사도 중요합니다.		외부 토큰은 decode만 하면 된다	FALSE	외부 토큰을 엄격히 검증하고 내부 권한으로 안전하게 매핑해 발급한다	TRUE	토큰 길이가 길면 안전	FALSE	CORS만 설정	FALSE	security	authentication	oauth	backend
Q273	JWT clock skew 악용		Security - 취약점	53	CHOICE	HARD	exp 검증에 leeway를 과도하게 주면 어떤 문제가 생길 수 있는가?	leeway는 시계 오차를 완화하지만 과도하면 사실상 토큰 유효기간이 늘어납니다. 탈취 토큰의 악용 시간이 늘고, 만료 기반 회수 전략이 약해집니다. 운영에서는 최소한으로만 주고, 서버 시간 동기(NTP)와 모니터링으로 오차 자체를 줄이는 것이 중요합니다.		leeway는 클수록 안전	FALSE	과도한 leeway는 토큰 유효기간을 늘려 탈취 피해를 키운다	TRUE	CSRF가 생긴다	FALSE	TLS가 깨진다	FALSE	security	authentication	jwt	backend
Q274	헤더 인젝션과 로그		Security - 취약점	53	CHOICE	HARD	인증 실패 시 요청 헤더를 그대로 로그에 남긴다. 공격자가 헤더에 개행 문자를 넣을 수 있다면 어떤 문제가 생길 수 있는가?	로그 인젝션으로 로그 라인을 위조하거나 파서/대시보드에 혼란을 줄 수 있습니다. 이는 포렌식과 탐지를 방해합니다. 대응은 입력 정규화, 제어문자 제거, 구조화 로깅, 민감 헤더 마스킹, 길이 제한입니다. 특히 Authorization, Cookie는 원문 로깅 금지입니다.		로그는 텍스트라 안전	FALSE	로그 인젝션으로 로그 위조/분석 방해가 가능하다	TRUE	DB가 자동 롤백	FALSE	CORS가 깨짐	FALSE	security	authentication	logging	backend
Q275	2FA 복구 플로우		Security - 인증/인가	52	CHOICE	HARD	MFA 도입 후 ‘기기 분실’ 복구 플로우가 취약하면 계정 탈취로 이어진다. 가장 안전한 복구 설계 원칙은?	복구는 공격 표면이므로 단순 이메일 링크만으로 끝내면 위험합니다. 신원 재검증(여러 채널), 복구 코드 1회성, 일정 기간 지연, 알림, 기기 등록 이력 확인 같은 다단계 접근이 필요합니다. 실무에서는 지원센터/신원 확인 절차도 포함됩니다.		복구는 이메일 링크 하나로 끝낸다	FALSE	복구는 별도의 강한 신원 재검증과 다단계 절차로 설계한다	TRUE	exp를 제거한다	FALSE	CORS를 끄면 해결	FALSE	security	authentication	mfa	backend
Q276	JWT claim 신뢰 범위		Backend - 인증/인가	18	CHOICE	HARD	클라이언트가 “isAdmin=true” 같은 값을 보내면 서버가 그대로 권한으로 사용한다. 가장 정확한 문제 분류와 대응은?	이는 클라이언트 신뢰에 의존한 인가 취약점입니다. 권한은 서버가 발급한 토큰 또는 서버 DB의 권한 정보로 결정해야 합니다. 클라이언트 입력은 절대 권한의 근거가 될 수 없습니다. 또한 토큰도 서명 검증과 iss/aud 검증이 전제입니다.		클라이언트 값도 신뢰 가능	FALSE	권한은 서버가 발급/검증한 토큰 또는 서버 데이터로만 판단한다	TRUE	CORS를 바꾸면 해결	FALSE	쿠키 Path만 바꾸면 해결	FALSE	security	authentication	authz	backend
Q277	인증 에러 메시지 누출		Security - 취약점	53	CHOICE	HARD	인증 실패 응답에 “서명 검증 실패”, “토큰 만료”, “aud 불일치” 등 내부 사유를 상세히 노출한다. 어떤 문제가 커지고 적절한 정책은?	상세 사유는 공격자에게 시스템 구성을 추론할 힌트를 줍니다. 예를 들어 어떤 검증이 적용되는지, 토큰 형식이 무엇인지, 만료 정책이 어떤지 알 수 있습니다. 외부 응답은 일반화하고, 상세 원인은 내부 로그/모니터링으로만 남기는 것이 바람직합니다. 다만 클라이언트 UX를 위해 401/403은 구분하는 것이 보통입니다.		상세 사유 노출이 더 안전	FALSE	외부 응답은 일반화하고 상세 원인은 내부 로그로만 남긴다	TRUE	exp를 제거해 오류를 줄인다	FALSE	HTTPS면 상관없다	FALSE	security	authentication	api	backend
Q278	캐시와 권한 체크 경합		Backend - 인증/인가	18	CHOICE	HARD	권한 체크 결과를 캐시에 저장하는데, 권한 변경 직후 일부 요청이 오래된 캐시를 사용한다. 가장 현실적인 완화 방법은?	TTL만으로는 변경 직후 구간에서 불일치가 생깁니다. 현실적 완화는 권한 버전(version/etag)을 사용자/역할에 두고, 캐시 키에 버전을 포함하거나 버전 불일치 시 캐시를 무효화하는 방식입니다. 또는 권한 변경 이벤트로 캐시를 퍼지합니다. 민감한 작업은 캐시 우회 정책을 둘 수도 있습니다.		TTL을 무한으로 늘린다	FALSE	권한 버전 기반으로 캐시 키를 분리하거나 이벤트로 캐시를 무효화한다	TRUE	exp를 제거한다	FALSE	쿠키 Path 변경	FALSE	security	authentication	cache	backend
Q279	서비스 메시 인증 경계		Security - 네트워크 보안	54	CHOICE	HARD	Service Mesh를 도입해 mTLS를 켰다. 그런데 애플리케이션 레벨 인증(사용자 인증/권한)이 불필요하다고 주장한다. 가장 올바른 평가는?	mTLS는 서비스-서비스 통신의 상호 인증과 암호화를 제공하지만, “사용자” 인증/인가를 대체하지 않습니다. 네트워크 레벨과 애플리케이션 레벨은 목적이 다릅니다. 따라서 사용자 인증(세션/JWT)과 권한 검사는 여전히 필요합니다. 다만 서비스 메시의 정책으로 내부 호출을 제한해 방어층을 추가할 수는 있습니다.		mTLS면 사용자 인증 불필요	FALSE	mTLS는 서비스 간 인증이고 사용자 인증/인가를 대체하지 않는다	TRUE	CORS가 필요 없다	FALSE	JWT가 자동 암호화	FALSE	security	authentication	mtls	backend
Q280	페더레이션 키 충돌		Security - 취약점	53	CHOICE	HARD	여러 IdP에서 온 사용자 식별자를 내부 userId로 매핑하는데, “email”만 키로 사용한다. 어떤 위험이 있고 올바른 설계는?	IdP마다 동일 이메일이 다른 의미일 수 있고, 이메일 변경/재사용 문제도 있습니다. 또한 이메일 검증 상태가 IdP마다 다를 수 있어 계정 연결(account linking) 사고가 발생할 수 있습니다. 올바른 설계는 issuer+subject(sub) 조합을 기본 키로 삼고, 이메일은 부가 속성으로 취급하는 것입니다. 계정 연결은 사용자 확인 절차(재인증)로 보호해야 합니다.		email만 키로 쓰면 완벽	FALSE	issuer+sub를 기본 키로 하고 계정 연결은 사용자 확인 절차로 보호	TRUE	CORS만 수정	FALSE	exp를 제거	FALSE	security	authentication	oidc	backend
Q281	PKCE Downgrade		Security - 취약점	53	CHOICE	HARD	OAuth에서 PKCE를 지원하는 클라이언트인데, 서버가 code_challenge가 없는 요청도 허용한다. 어떤 문제가 커지고 올바른 대응은?	PKCE는 인가 코드 탈취를 완화하는 핵심 장치입니다. 서버가 PKCE 없는 요청을 허용하면 공격자가 PKCE를 “다운그레이드”해 코드 탈취 공격을 다시 가능하게 만들 수 있습니다. 특히 공개 클라이언트(SPA/모바일)에서는 PKCE를 필수로 강제해야 합니다. 실무에서는 클라이언트 타입별 정책을 분리하고, 토큰 엔드포인트에서 code_verifier 검증을 의무화합니다.		PKCE는 선택이므로 허용해도 된다	FALSE	공개 클라이언트에서는 PKCE를 필수로 강제하고 code_verifier 검증을 의무화한다	TRUE	redirect uri만 검증하면 된다	FALSE	exp만 검증하면 된다	FALSE	security	authentication	oauth	pkce
Q282	prompt none 오용		Security - 취약점	53	CHOICE	HARD	OIDC에서 prompt=none을 허용하는데, 세션 검증이 약하면 어떤 위험이 커질 수 있는가?	prompt=none은 사용자 상호작용 없이 SSO 세션으로 바로 인증을 시도합니다. 세션 바인딩이 약하면 공격자가 브라우저 컨텍스트를 악용해 의도치 않은 자동 로그인(로그인 CSRF 유사)이나 계정 혼동을 유발할 수 있습니다. 따라서 state 검증과 세션 바인딩, SameSite 설정, 그리고 민감 플로우에서는 추가 확인이 필요합니다. 오류 처리에서도 자동 재시도 루프를 방지해야 합니다.		prompt none은 항상 안전	FALSE	세션/상태 검증이 약하면 의도치 않은 자동 로그인/계정 혼동 위험이 커진다	TRUE	TLS가 깨진다	FALSE	JWT가 자동 암호화된다	FALSE	security	authentication	oidc	backend
Q283	postMessage 토큰 누출		Security - 취약점	53	CHOICE	HARD	프론트가 로그인 후 토큰을 postMessage로 전달한다. targetOrigin을 별로 설정하면 생길 수 있는 핵심 위험은?	postMessage에서 targetOrigin을 별로 두면 어떤 오리진이든 메시지를 수신할 수 있어 토큰이 유출될 수 있습니다. 특히 iframe/팝업 플로우에서 악성 페이지가 끼어들면 치명적입니다. 대응은 정확한 targetOrigin 지정, 수신 측 origin 검증, 메시지 스키마 검증, 필요 시 토큰을 직접 전달하지 않고 서버 세션 기반으로 전환하는 것입니다.		targetOrigin 별은 편하니 권장	FALSE	별 설정 시 악성 오리진이 토큰을 수신해 유출될 수 있다	TRUE	CORS만 수정하면 해결	FALSE	exp를 제거하면 해결	FALSE	security	authentication	token	frontend
Q284	URL 파싱 혼동		Security - 취약점	53	CHOICE	HARD	SSRF 방어에서 URL 파서를 직접 구현했다. 공격자가 파싱 혼동을 노려 우회할 수 있는 이유로 가장 적절한 것은?	URL 표기는 매우 복잡해 userinfo, 포트, IPv6, 인코딩, 혼합 스킴 등 다양한 변형이 있습니다. 직접 구현한 파서는 엣지 케이스에서 잘못 해석하기 쉬워 allowlist/denylist를 우회할 수 있습니다. 대응은 검증된 표준 라이브러리를 사용하고, 파싱 후 정규화된 호스트/IP 기준으로 검증하며, 가능하면 목적지를 allowlist로 제한하는 것입니다.		URL은 단순해서 직접 구현해도 안전	FALSE	URL 표기 변형이 많아 파싱 혼동으로 검증 우회가 가능하다	TRUE	HTTPS면 SSRF가 불가	FALSE	SameSite로 해결	FALSE	security	authentication	ssrf	backend
Q285	혼합 인코딩 우회		Security - 취약점	53	CHOICE	HARD	입력 필터가 percent-encoding만 한 번 디코딩하고 검사한다. 공격자가 double-encoding으로 우회할 수 있는 이유는?	이중 인코딩은 1차 디코딩 후에는 안전해 보이지만, 실제 요청 처리 단계에서 추가 디코딩이 발생하면 악성 문자가 드러날 수 있습니다. 이는 경로 조작, SSRF, 오픈 리다이렉트 등 다양한 필터 우회에 사용됩니다. 대응은 “검증과 사용” 단계에서 동일한 정규화 과정을 보장하고, 중복 디코딩이 발생하지 않도록 파이프라인을 통제하는 것입니다.		한 번만 디코딩해도 항상 안전	FALSE	처리 단계에서 추가 디코딩이 일어나면 필터를 우회할 수 있다	TRUE	TLS가 깨진다	FALSE	DB 인덱스로 해결	FALSE	security	authentication	validation	backend
Q286	JWT crit 헤더		Security - 취약점	53	CHOICE	HARD	JWT에 crit 헤더가 설정되어 있는데 서버가 이를 무시한다. 어떤 위험이 있고 올바른 대응은?	crit는 “이 헤더를 이해하고 처리하지 않으면 토큰을 거부하라”는 의미입니다. 서버가 crit를 무시하면 공격자가 특정 검증을 우회하도록 유도할 수 있는 여지가 생깁니다. 올바른 대응은 지원하지 않는 crit 항목이 있으면 토큰을 거부하고, 필요한 경우에만 엄격히 구현하는 것입니다. 라이브러리가 crit를 어떻게 처리하는지도 확인해야 합니다.		crit는 장식이므로 무시	FALSE	지원하지 않는 crit 항목이 있으면 토큰을 거부한다	TRUE	exp만 검증하면 된다	FALSE	HTTPS면 해결	FALSE	security	authentication	jwt	backend
Q287	x5c 체인 검증		Security - 취약점	53	CHOICE	HARD	JWT 헤더에 x5c 인증서 체인이 있고, 서버가 첫 인증서만 신뢰해 검증한다. 가장 큰 문제는?	x5c를 신뢰하려면 체인을 루트까지 검증하고, 신뢰 앵커(신뢰 CA)를 기준으로 검증해야 합니다. 첫 인증서만 신뢰하면 공격자가 임의 인증서를 넣고 서명을 “유효한 것처럼” 만들 가능성이 커집니다. 또한 인증서의 용도, 만료, 키 사용 목적도 확인해야 합니다. 올바른 접근은 x5c를 무조건 신뢰하지 말고, 고정된 신뢰 앵커 또는 사전 등록된 키로 검증하는 것입니다.		첫 인증서만 보면 충분	FALSE	체인 검증 없이 x5c를 신뢰하면 임의 인증서로 우회 가능	TRUE	exp를 무시하면 해결	FALSE	CORS를 끄면 해결	FALSE	security	authentication	jwt	crypto
Q288	권한 TOCTOU		Security - 취약점	53	CHOICE	HARD	권한 체크 후 실제 리소스 변경까지 시간 차가 있다. 이 사이에 권한이 철회되면 생길 수 있는 문제는?	TOCTOU는 체크 시점과 사용 시점이 달라 생기는 경쟁 조건입니다. 권한이 철회되었는데도 변경이 수행될 수 있습니다. 대응은 변경 작업을 수행하는 트랜잭션 내부에서 권한을 다시 확인하거나, 권한 버전/락을 통해 원자성을 보장하는 것입니다. 민감 작업은 서버 측에서 단일 원자 경로로 처리해야 합니다.		한번 체크하면 끝	FALSE	체크와 사용 시점 차이로 철회된 권한으로 작업이 수행될 수 있다	TRUE	CORS만 바꾸면 된다	FALSE	HTTPS면 안전	FALSE	security	authentication	toctou	backend
Q289	권한 캐시 오염		Security - 취약점	53	CHOICE	HARD	권한 캐시 키가 userId만으로 구성되어 있고 tenantId가 포함되지 않는다. 멀티 테넌트에서 생길 수 있는 문제는?	캐시 키에 tenant 컨텍스트가 없으면 A 테넌트의 권한이 B 테넌트 요청에 재사용되는 오염이 가능합니다. 이는 테넌트 경계 붕괴로 매우 치명적입니다. 대응은 캐시 키에 tenantId를 포함하고, 가능한 한 권한 데이터 구조에도 테넌트 스코프를 강제하는 것입니다.		tenant는 무시해도 된다	FALSE	tenantId 미포함으로 권한 캐시가 오염되어 테넌트 경계가 무너질 수 있다	TRUE	exp만 검증	FALSE	쿠키 Path 변경	FALSE	security	authentication	cache	multitenant
Q290	API 키 스코프 설계		Security - 인증/인가	52	CHOICE	HARD	외부 파트너에게 API Key를 발급한다. “전역 관리자 권한”으로 하나만 주는 방식의 문제와 올바른 설계는?	전역 키는 유출 시 피해가 매우 큽니다. 최소 권한으로 리소스/엔드포인트별 스코프를 부여하고, 키를 회전/폐기 가능하게 운영해야 합니다. 또한 IP 제한, 사용량 제한, 서명 요청(HMAC) 같은 보완도 고려합니다. 감사 로그와 키별 식별도 중요합니다.		하나의 전역 키가 가장 관리 쉽다	FALSE	스코프를 최소 권한으로 나누고 회전/폐기/감사를 지원한다	TRUE	exp를 제거	FALSE	HTTPS면 충분	FALSE	security	authentication	api_key	backend
Q291	서명 요청(요청 무결성)		Security - 인증/인가	52	CHOICE	HARD	API Key만 보내는 대신 요청 본문/시간을 포함해 HMAC 서명을 붙이면 얻는 효과로 가장 올바른 것은?	HMAC 서명은 요청이 중간에 변조되지 않았는지 확인하는 무결성 보장과, 타임스탬프/nonce를 포함하면 재전송 공격 완화에 도움이 됩니다. 다만 키 유출 시에는 무력하므로 키 관리와 회전이 여전히 중요합니다. 또한 서버와 클라이언트의 시계 동기, 서명 범위 canonicalization이 구현 포인트입니다.		CSRF가 자동 제거	FALSE	요청 무결성 보장과(타임스탬프 포함 시) 재전송 완화에 도움	TRUE	JWT가 자동 암호화	FALSE	CORS가 필요 없다	FALSE	security	authentication	hmac	backend
Q292	canonicalization 실수		Security - 취약점	53	CHOICE	HARD	HMAC 서명 기반 API에서 쿼리 파라미터 정렬/인코딩 규칙이 클라이언트와 서버에서 다르면 어떤 문제가 생길 수 있는가?	서명은 “동일한 입력에 동일한 서명”이 전제입니다. 정렬/인코딩 규칙이 다르면 정상 요청도 서명 불일치로 실패합니다. 반대로 일부 우회 시나리오에서는 공격자가 파싱 차이를 이용해 서버가 해석하는 값과 서명에 포함된 값이 달라지는 혼동을 만들 수 있습니다. 따라서 canonicalization 규칙을 명확히 표준화하고 테스트해야 합니다.		규칙이 달라도 자동으로 맞춰진다	FALSE	canonicalization 차이로 서명 불일치 또는 파싱 혼동 문제가 발생한다	TRUE	HTTPS면 해결	FALSE	exp를 늘리면 해결	FALSE	security	authentication	hmac	backend
Q293	CSRF Double Submit		Security - 취약점	53	CHOICE	HARD	SameSite=None 쿠키 환경에서 Double Submit Cookie 방식 CSRF 방어의 핵심 아이디어는?	Double Submit은 쿠키와 요청 본문/헤더에 같은 토큰을 보내고 서버가 둘이 일치하는지 확인합니다. 공격자는 크로스 사이트에서 쿠키는 자동 전송될 수 있어도, 본문/헤더의 값을 동일하게 맞추기 어렵습니다. 단, XSS에는 취약할 수 있어 다른 방어와 병행해야 합니다. 또한 토큰 생성/회전 정책이 중요합니다.		쿠키만 있으면 CSRF가 사라진다	FALSE	쿠키와 요청의 CSRF 토큰을 둘 다 보내고 일치 여부를 검증한다	TRUE	JWT 서명을 바꾸면 된다	FALSE	CORS를 끄면 해결	FALSE	security	authentication	csrf	backend
Q294	Origin 검증 함정		Security - 취약점	53	CHOICE	HARD	CSRF 방어로 Origin 헤더만 검사한다. 그런데 일부 브라우저/요청에서는 Origin이 없을 수 있다. 올바른 정책은?	Origin이 항상 존재한다고 가정하면 방어가 깨질 수 있습니다. 일반적으로 Origin이 없는 요청은 보수적으로 거부하거나, Referer 검증을 보조로 사용하고, CSRF 토큰 같은 다른 방어를 병행합니다. 단, 환경에 따라 정당한 요청이 차단될 수 있어 예외 정책을 매우 신중히 설계해야 합니다. 보안 기본값은 fail closed입니다.		Origin 없으면 무조건 허용	FALSE	Origin이 없으면 보수적으로 거부하거나 Referer/CSRF 토큰을 병행한다	TRUE	exp를 무시	FALSE	쿠키 Path 변경	FALSE	security	authentication	csrf	backend
Q295	SameSite Lax 한계		Security - 취약점	53	CHOICE	HARD	SameSite=Lax만으로 CSRF가 “완벽”히 막힌다는 주장에 대한 가장 올바른 평가는?	Lax는 많은 상황에서 도움이 되지만, 모든 케이스를 완벽히 막는 것은 아닙니다. 또한 크로스 도메인 구조에서는 None을 써야 하는 경우가 있어 CSRF 토큰이 필요합니다. 따라서 SameSite는 보조 방어이며, 상태 변경 요청에는 CSRF 토큰/Origin 검증 같은 방어를 병행하는 것이 일반적입니다.		Lax면 CSRF 완벽 차단	FALSE	SameSite는 보조 방어이며 환경에 따라 CSRF 토큰/Origin 검증이 필요하다	TRUE	TLS만 쓰면 된다	FALSE	JWT를 URL로 넘기면 된다	FALSE	security	authentication	csrf	cookie
Q296	OAuth Scope Creep		Security - 취약점	53	CHOICE	HARD	초기에는 read scope만 쓰다가 편의상 write scope까지 늘렸다. 이 변화가 위험한 이유로 가장 적절한 것은?	scope가 커지면 유출/오용 시 피해 범위가 커집니다. 최소 권한 원칙이 깨지면 사고가 났을 때 영향도가 급격히 증가합니다. 또한 권한 변경 시 기존 사용자 동의 범위를 어떻게 관리하는지도 이슈가 됩니다. 따라서 scope는 세분화하고, 실제 필요한 엔드포인트만 허용하는 방향이 안전합니다.		scope는 넓을수록 안전	FALSE	scope 확대는 최소 권한을 깨고 유출 시 피해 범위를 키운다	TRUE	CORS가 자동 해결	FALSE	exp가 자동 늘어난다	FALSE	security	authentication	oauth	backend
Q297	패스워드 리셋 링크 재사용		Security - 취약점	53	CHOICE	HARD	비밀번호 재설정 링크가 만료 전까지 여러 번 사용 가능하다. 어떤 위험이 커지고 올바른 대응은?	재설정 링크는 계정 접근권과 같아 재사용 가능하면 탈취 시 반복 악용이 가능합니다. 올바른 대응은 1회 사용 토큰, 짧은 만료, 사용 즉시 폐기, 그리고 토큰 해시 저장입니다. 또한 재설정 완료 시 기존 세션/RT를 폐기해 공격자가 이미 접속 중이던 세션을 끊는 것도 중요합니다.		재사용 가능해도 상관 없다	FALSE	1회용으로 하고 사용 즉시 폐기하며 해시 저장한다	TRUE	HTTPS면 해결	FALSE	쿠키 Path 변경	FALSE	security	authentication	token	backend
Q298	계정 연결(Account Linking)		Security - 취약점	53	CHOICE	HARD	같은 이메일을 가진 두 IdP 계정을 자동으로 하나로 연결한다. 어떤 사고가 대표적으로 발생할 수 있고 방어는?	이메일 기반 자동 연결은 계정 탈취로 이어질 수 있습니다. 예를 들어 공격자가 이메일이 같은 다른 IdP 계정을 만들어 연결을 유도할 수 있는 시나리오가 생깁니다. 방어는 issuer+sub를 기본 식별자로 사용하고, 계정 연결은 사용자의 명시적 동의와 재인증(또는 2차 인증)으로 보호하는 것입니다. 이메일은 검증 상태와 변경 가능성을 고려해 보조 속성으로 취급합니다.		자동 연결이 가장 안전	FALSE	issuer+sub 기반 식별 + 연결 시 사용자 재인증/동의 절차	TRUE	CORS만 수정	FALSE	exp를 제거	FALSE	security	authentication	oidc	backend
Q299	인증 통계 기반 탐지		Security - 인증/인가	52	CHOICE	HARD	보안 탐지에서 “성공 로그인 비율이 급감” 같은 지표가 중요한 이유는?	공격자는 무차별 대입, 크리덴셜 스터핑 등으로 실패 로그를 급증시킬 수 있습니다. 성공/실패 비율 변화는 이상 징후 탐지에 유용합니다. 또한 정상 트래픽 변화(이벤트/배포)와 구분하기 위해 사용자/지역/디바이스 세분화 지표가 필요합니다. 단순 로그만 보는 것보다 지표화가 운영 효율을 높입니다.		지표는 의미 없다	FALSE	성공/실패 비율 변화는 스터핑/브루트포스 같은 공격 탐지에 유용	TRUE	TLS가 자동 적용된다	FALSE	JWT가 암호화된다	FALSE	security	authentication	monitoring	backend
Q300	인증 경계 레이어링		Security - 인증/인가	52	CHOICE	HARD	“앱 인증(JWT) + 네트워크 인증(mTLS) + 권한(ABAC)”처럼 레이어를 쌓는 설계의 가장 올바른 목적은?	단일 방어는 우회될 수 있으므로 여러 계층의 방어를 두는 것이 방어 심층(Defense in Depth)입니다. 네트워크 계층은 서비스 신원을 보호하고, 앱 계층은 사용자 신원과 권한을 제어합니다. ABAC는 리소스 속성까지 반영해 더 정밀한 권한을 부여합니다. 실무에서는 각 계층의 실패 모드와 책임 범위를 명확히 해야 합니다.		한 레이어면 충분	FALSE	우회 가능성을 줄이기 위해 방어를 여러 계층으로 구성한다	TRUE	CORS를 없애기 위한 것	FALSE	exp를 제거하기 위한 것	FALSE	security	authentication	architecture	backend
Q301	HTTPS		Network - 보안 및 HTTPS	32	OX	EASY	HTTPS는 HTTP 통신 내용을 암호화해 중간에서 패킷을 가로채도 내용을 읽기 어렵게 만든다.	HTTPS는 TLS를 사용해 전송 구간의 기밀성과 무결성을 강화합니다. 그래서 로그인 정보나 토큰 같은 민감 데이터가 평문으로 노출되는 위험을 크게 줄입니다. 다만 HTTPS만으로 CSRF 같은 요청 위조를 막는 것은 아니고, 서버와 클라이언트 설정도 중요합니다. 면접에서는 HTTPS가 막는 것과 못 막는 것을 구분하는지를 자주 봅니다. 실무에서는 HSTS와 최신 TLS 버전 사용도 함께 고려합니다.		O	TRUE	X	FALSE					security	authentication	network	backend
Q302	HTTP		Network - HTTP	31	OX	EASY	HTTP는 기본적으로 암호화되지 않기 때문에 로그인 정보 같은 민감 데이터를 그대로 보내면 위험할 수 있다.	HTTP는 평문 전송이 기본이라 네트워크 구간에서 내용을 볼 수 있는 공격자에게 취약합니다. 특히 공용 와이파이 환경에서 계정과 토큰이 노출될 수 있습니다. 그래서 인증과 인가가 들어가는 API는 HTTPS가 사실상 필수입니다. 면접에서는 왜 HTTPS가 필요한가를 실무 사례로 설명할 수 있어야 합니다. 운영에서는 HTTP를 HTTPS로 강제 리다이렉트하고 보안 헤더도 함께 챙깁니다.		O	TRUE	X	FALSE					security	authentication	http	backend
Q303	JWT		Backend - 인증/인가	18	OX	EASY	JWT는 보통 헤더.페이로드.서명 형태로 구성된다.	JWT는 일반적으로 header.payload.signature 구조를 갖습니다. 페이로드는 Base64URL 인코딩일 뿐 기본적으로 암호화가 아니므로 민감 정보를 넣으면 노출될 수 있습니다. 면접에서는 JWT 구조와 서명과 암호화의 차이를 자주 묻습니다. 실무에서는 서명 검증을 반드시 하고 토큰에 과도한 정보를 넣지 않습니다. 또한 만료 시간과 발급자 같은 기본 클레임 검증도 함께 설계합니다.		O	TRUE	X	FALSE					security	authentication	jwt	backend
Q304	Authorization 헤더		Backend - 인증/인가	18	OX	EASY	Bearer 토큰은 보통 Authorization 헤더에 담아 서버로 전송한다.	일반적으로 Access Token은 Authorization Bearer 형태로 전송합니다. URL 파라미터에 토큰을 넣으면 로그나 히스토리, 리퍼러로 유출될 수 있어 위험합니다. 면접에서는 토큰을 어디에 담아 보내는 게 안전한가가 단골 질문입니다. 실무에서는 프록시나 서버 로그에 Authorization이 찍히지 않도록 마스킹도 합니다. 전송 구간은 반드시 HTTPS를 사용해야 합니다.		O	TRUE	X	FALSE					security	authentication	token	backend
Q305	세션 쿠키(HttpOnly)		Backend - 인증/인가	18	OX	EASY	HttpOnly 쿠키는 자바스크립트로 접근하기 어려워 XSS로 쿠키를 훔치는 위험을 줄이는 데 도움이 된다.	HttpOnly는 JS에서 쿠키를 읽는 것을 막아 세션 쿠키 탈취를 완화합니다. 하지만 XSS 자체를 막는 기능은 아니며 XSS가 있으면 사용자의 권한으로 요청을 보내는 공격도 가능합니다. 면접에서는 HttpOnly가 막는 것과 못 막는 것을 구분하는지가 포인트입니다. 실무에서는 Secure와 SameSite 설정과 함께 쓰는 경우가 많습니다. 쿠키 기반 인증이면 CSRF 방어도 같이 고려해야 합니다.		O	TRUE	X	FALSE					security	authentication	cookie	backend
Q306	Secure 쿠키		Backend - 인증/인가	18	OX	EASY	Secure가 설정된 쿠키는 HTTPS 연결에서만 전송된다.	Secure 쿠키는 HTTPS에서만 전송되도록 제한하는 속성입니다. 그래서 HTTP로 접속했을 때 쿠키가 평문으로 흘러가는 위험을 줄입니다. 다만 사용자가 HTTP로 접속할 수 있다면 위험이 남으니 HTTPS 강제와 HSTS가 함께 필요합니다. 면접에서는 Secure, HttpOnly, SameSite 차이를 함께 묻기도 합니다. 운영에서는 쿠키 스코프(Path/Domain) 최소화도 중요합니다.		O	TRUE	X	FALSE					security	authentication	cookie	https
Q307	CSRF		Security - 취약점	53	OX	EASY	CSRF는 사용자 브라우저가 로그인된 상태를 악용해 원치 않는 요청을 보내게 만드는 공격이다.	CSRF는 사용자가 로그인된 상태에서 공격자가 의도한 요청을 보내게 만드는 공격입니다. 쿠키 기반 인증에서 특히 문제가 되며 서버가 요청이 진짜 사용자의 의도인지 구분하기 어렵습니다. 면접에서는 CSRF가 왜 발생하는지와 어떤 환경에서 더 위험한지를 자주 봅니다. 실무에서는 CSRF 토큰, Origin 또는 Referer 검증, SameSite 쿠키 등이 방어 수단입니다. 상태 변경 요청에서 특히 중요합니다.		O	TRUE	X	FALSE					security	authentication	csrf	backend
Q308	XSS		Security - 취약점	53	OX	EASY	XSS는 웹 페이지에 악성 스크립트를 주입해 사용자 브라우저에서 실행되게 만드는 공격이다.	XSS는 브라우저에서 악성 스크립트가 실행되는 취약점입니다. 세션 탈취, 피싱 UI 삽입, 사용자의 권한으로 요청 수행 등 다양한 피해가 발생할 수 있습니다. 면접에서는 저장형, 반사형, DOM 기반 XSS 차이를 묻기도 합니다. 실무에서는 출력 인코딩, CSP, 입력 검증, 템플릿 엔진 사용 등이 중요합니다. 백엔드의 출력 처리도 핵심입니다.		O	TRUE	X	FALSE					security	authentication	xss	backend
Q309	인증(Authentication)		Backend - 인증/인가	18	OX	EASY	인증(Authentication)은 누구인지 확인하는 과정이다.	인증은 사용자의 신원을 확인하는 과정입니다. 대표적으로 로그인, OAuth 로그인, MFA 등이 포함됩니다. 면접에서는 인증과 인가의 차이를 필수로 묻습니다. 실무에서는 인증 이후 세션이나 토큰을 발급하고 수명과 회수 전략까지 설계해야 합니다. 인증이 제대로 되어도 인가가 약하면 접근 제어가 깨질 수 있습니다. 기본 개념을 정확히 잡는 것이 중요합니다.		O	TRUE	X	FALSE					security	authentication	auth	backend
Q310	인가(Authorization)		Backend - 인증/인가	18	OX	EASY	인가(Authorization)은 무엇을 할 수 있는지를 결정하는 과정이다.	인가는 인증된 사용자가 어떤 리소스에 접근할 수 있는지 결정합니다. 관리자 API, 본인 데이터만 조회 가능한 API 같은 것이 인가입니다. 면접에서는 RBAC과 함께 소유권 검증이 빠지면 생기는 문제(IDOR)를 자주 연결해 묻습니다. 실무에서는 엔드포인트 단위 권한 정책과 리소스 소유권 검증이 중요합니다. 인가 설계를 잘못하면 수평과 수직 권한 상승으로 이어집니다.		O	TRUE	X	FALSE					security	authentication	authorization	backend
Q311	비밀번호 평문 저장		Security - 취약점	53	OX	EASY	비밀번호는 데이터베이스에 평문으로 저장하는 것이 가장 관리가 쉽고 안전하다.	비밀번호를 평문 저장하면 DB 유출 시 즉시 계정 탈취로 이어져 치명적입니다. 안전한 방식은 bcrypt나 argon2 같은 해시를 사용하고 salt와 비용을 적용하는 것입니다. 면접에서는 왜 단순 해시만으로 부족한가도 자주 나옵니다. 실무에서는 해시 파라미터 튜닝과 정책 변경 시 재해싱도 고려합니다. 비밀번호 재사용과 유출 방지 정책도 함께 설계해야 합니다.		O	FALSE	X	TRUE					security	authentication	password	backend
Q312	MFA		Security - 인증/인가	52	OX	EASY	MFA는 비밀번호 외에 추가 인증 수단을 요구해 계정 보안을 강화한다.	MFA는 두 가지 이상 인증 요소를 요구해 계정 탈취를 어렵게 합니다. 비밀번호가 유출되어도 추가 요소가 없으면 로그인하기 어렵습니다. 면접에서는 OTP, 푸시 인증, WebAuthn 차이를 묻기도 합니다. 실무에서는 복구 플로우가 취약하면 MFA가 무력해질 수 있어 복구 설계가 중요합니다. 사용자 경험과 보안 강도 균형도 함께 고려합니다.		O	TRUE	X	FALSE					security	authentication	mfa	backend
Q313	레이트 리밋		Security - 취약점	53	OX	EASY	로그인 엔드포인트에 레이트 리밋을 걸면 무차별 대입 공격 완화에 도움이 된다.	레이트 리밋은 짧은 시간 내 반복 시도를 제한해 공격 비용을 올립니다. 브루트포스나 크리덴셜 스터핑에서 특히 효과가 있습니다. 면접에서는 IP 기준, 계정 기준, 지수 백오프 같은 전략을 물을 수 있습니다. 실무에서는 정상 사용자가 차단되지 않도록 정책 튜닝이 필요합니다. CAPTCHA나 위험 기반 인증과 결합하는 경우도 많습니다.		O	TRUE	X	FALSE					security	authentication	rate_limit	backend
Q314	최소 권한 원칙		Security - 인증/인가	52	OX	EASY	최소 권한 원칙은 필요한 권한만 부여해 사고 시 피해 범위를 줄이는 데 도움이 된다.	최소 권한은 권한과 스코프를 필요한 범위로 제한하는 원칙입니다. 토큰이나 API Key가 유출되어도 피해 범위를 줄일 수 있습니다. 면접에서는 권한 설계와 스코프 분리 전략을 자주 묻습니다. 실무에서는 관리자 권한 남발이나 공용 계정이 흔한 사고 원인입니다. 권한 정책은 변경 가능성과 감사 로그까지 고려해야 합니다.		O	TRUE	X	FALSE					security	authentication	authorization	backend
Q315	로그 마스킹		Security - 인증/인가	52	OX	EASY	운영 로그에 Authorization 헤더(토큰)를 그대로 남기는 것은 유출 위험이 있어 마스킹이 필요하다.	토큰은 유출되면 즉시 악용될 수 있어 로그에 원문을 남기면 위험합니다. 로깅 필터에서 Authorization과 Cookie 같은 민감 헤더는 마스킹하거나 제외해야 합니다. 면접에서는 로그에 남기면 안 되는 데이터의 예시를 자주 물어봅니다. 실무에서는 마스킹뿐 아니라 로그 접근 권한 최소화도 중요합니다. 이미 노출된 경우 회수 정책까지 포함해 대응해야 합니다.		O	TRUE	X	FALSE					security	authentication	logging	backend
Q316	CORS		Network - HTTP	31	OX	EASY	CORS는 브라우저에서 다른 출처로 요청할 때 적용되는 보안 정책이다.	CORS는 브라우저가 적용하는 정책으로, 서버가 어떤 출처에 응답을 공개할지 제어합니다. 서버와 서버 통신에는 CORS가 적용되지 않는다는 점이 면접에서 자주 나옵니다. 실무에서는 origin 반사와 credentials 조합이 취약점이 될 수 있어 allowlist가 중요합니다. CORS는 인증과 인가를 대신하지 않습니다. API는 별도로 인증과 권한 검증이 필요합니다.		O	TRUE	X	FALSE					security	authentication	cors	network
Q317	SQL Injection		Security - 취약점	53	OX	EASY	SQL Injection은 사용자 입력을 문자열로 이어붙여 쿼리를 만들 때 발생하기 쉬운 취약점이다.	문자열 결합으로 쿼리를 만들면 공격자가 쿼리 구조를 바꿀 수 있어 위험합니다. 방어는 파라미터 바인딩을 사용하고 입력 검증을 병행하는 것입니다. 면접에서는 왜 바인딩이 안전한가를 설명할 수 있어야 합니다. 실무에서는 ORM을 쓰더라도 동적 쿼리나 Native Query에서 실수할 수 있어 주의합니다. 인증이 있어도 SQLi는 별개의 취약점이라 함께 관리해야 합니다.		O	TRUE	X	FALSE					security	authentication	sqli	backend
Q318	세션 만료		Backend - 인증/인가	18	OX	EASY	세션(또는 토큰)에 만료 시간을 두면 탈취 시 피해 시간을 줄이는 데 도움이 된다.	만료 시간은 탈취된 자격 증명의 유효 기간을 제한합니다. Access Token은 짧게 하고 Refresh Token은 로테이션과 서버 저장으로 통제하는 패턴이 흔합니다. 면접에서는 만료 전략과 사용자 경험 트레이드오프를 묻습니다. 실무에서는 만료만으로 완벽하지 않으므로 회수 전략과 이상 탐지도 함께 필요합니다. 너무 짧으면 불편이 커지니 균형이 중요합니다.		O	TRUE	X	FALSE					security	authentication	token	backend
Q319	401 vs 403		Backend - 웹 서버 기초	17	OX	EASY	401은 보통 인증이 필요하거나 실패 상황에, 403은 인증은 됐지만 권한이 없음에 주로 사용된다.	상태코드는 실패 원인을 구분하는 힌트가 됩니다. 401은 인증이 없거나 유효하지 않을 때, 403은 인증은 되었지만 접근 권한이 없을 때 자주 사용합니다. 면접에서는 401과 403을 실무 예시로 설명하는 문제가 자주 나옵니다. 보안상 외부 응답은 과도하게 상세하지 않게 하고 내부 로그로 원인을 남기는 정책도 중요합니다. API 문서에서도 일관되게 설계하는 것이 좋습니다.		O	TRUE	X	FALSE					security	authentication	http	backend
Q320	RBAC		Backend - 인증/인가	18	OX	EASY	RBAC는 역할(Role)에 따라 권한을 부여하는 접근 제어 방식이다.	RBAC는 사용자에게 역할을 부여하고 역할에 권한을 매핑하는 방식입니다. 관리가 단순해 많은 서비스에서 기본 모델로 사용됩니다. 면접에서는 RBAC만으로 부족한 경우(소유권, 테넌트 경계)를 함께 질문하는 경우가 많습니다. 실무에서는 소유권 검증이 빠지면 IDOR 같은 취약점이 생길 수 있습니다. 그래서 RBAC과 속성 기반 검증을 조합하는 설계가 흔합니다.		O	TRUE	X	FALSE					security	authentication	rbac	backend
Q321	TLS		Network - 보안 및 HTTPS	32	OX	EASY	TLS는 통신 중 데이터의 기밀성과 무결성을 제공하는 프로토콜이다.	TLS는 암호화를 통해 네트워크에서 데이터가 노출되는 것을 막고, 변조 여부도 확인할 수 있게 해줍니다. 그래서 로그인 정보나 토큰 같은 민감 데이터 보호에 핵심입니다. 면접에서는 TLS가 “전송 구간 보호”라는 점을 정확히 아는지 자주 봅니다. 실무에서는 구버전 TLS 비활성화와 안전한 cipher 선택이 중요합니다. 또한 인증서 검증 실패 처리도 보안에 큰 영향을 줍니다.		O	TRUE	X	FALSE					security	https	tls	network
Q322	HSTS		Network - 보안 및 HTTPS	32	OX	EASY	HSTS는 브라우저가 항상 HTTPS로만 접속하도록 강제하는 보안 정책이다.	HSTS는 한 번 HTTPS로 접속한 도메인에 대해 브라우저가 이후 HTTP 접속을 차단하고 HTTPS로만 접근하게 만듭니다. 다운그레이드 공격(HTTP로 유도)을 줄이는 데 도움이 됩니다. 면접에서는 HSTS가 “클라이언트 측 강제”라는 특징이 포인트가 됩니다. 실무에서는 includeSubDomains, preload 사용 여부를 신중히 결정해야 합니다. 설정을 잘못하면 복구가 어렵기 때문에 운영 절차가 중요합니다.		O	TRUE	X	FALSE					security	https	hsts	backend
Q323	Salt		Security - 암호화	55	OX	EASY	비밀번호 해시에서 salt는 같은 비밀번호라도 해시 결과가 같지 않게 만드는 데 도움이 된다.	salt는 해시 입력에 섞는 랜덤 값으로, 같은 비밀번호라도 사용자마다 다른 해시가 나오게 합니다. 이를 통해 레인보우 테이블 같은 사전 공격을 어렵게 만듭니다. 면접에서는 salt의 목적과 “단순 해시가 왜 위험한가”를 자주 묻습니다. 실무에서는 salt를 사용자별로 다르게 저장하고, bcrypt/argon2처럼 설계된 알고리즘을 사용합니다. salt 자체는 비밀이 아니라는 점도 함께 이해해야 합니다.		O	TRUE	X	FALSE					security	authentication	password	crypto
Q324	Hashing		Security - 암호화	55	OX	EASY	비밀번호 저장에는 보통 암호화(encryption)보다 해시(hashing)가 더 적합하다.	비밀번호는 “복호화”할 필요가 없기 때문에 보통 해시가 적합합니다. 암호화는 키가 유출되면 복호화가 가능해져 위험합니다. 면접에서는 해시와 암호화의 차이를 명확히 설명하는지를 봅니다. 실무에서는 bcrypt/argon2 같은 느린 해시를 사용해 대입 공격 비용을 올립니다. 또한 정책 변경 시 재해싱 전략도 고려합니다.		O	TRUE	X	FALSE					security	authentication	hashing	backend
Q325	Bcrypt		Security - 암호화	55	OX	EASY	bcrypt는 비용(cost)을 높여 해시 계산을 느리게 만들어 대입 공격을 어렵게 한다.	bcrypt는 의도적으로 계산 비용을 조절할 수 있어 공격자가 많은 후보를 빠르게 시도하기 어렵게 합니다. 그래서 단순 SHA 같은 빠른 해시보다 비밀번호 저장에 적합합니다. 면접에서는 “왜 느린 해시가 좋은가”가 자주 나옵니다. 실무에서는 서버 성능과 보안 사이 균형을 맞춰 cost를 설정합니다. 트래픽과 로그인 빈도까지 고려해 운영 파라미터를 정합니다.		O	TRUE	X	FALSE					security	authentication	password	bcrypt
Q326	Cookie SameSite		Backend - 인증/인가	18	OX	EASY	SameSite 쿠키 설정은 CSRF 위험을 줄이는 데 도움이 될 수 있다.	SameSite는 크로스 사이트 요청에서 쿠키 전송을 제한해 CSRF를 완화합니다. 하지만 환경에 따라 None이 필요할 수 있어 SameSite만으로 완벽한 방어가 되지는 않습니다. 면접에서는 Lax/Strict/None 차이와 한계를 자주 묻습니다. 실무에서는 CSRF 토큰과 Origin 검증을 함께 쓰는 경우가 많습니다. 또한 인증 구조(쿠키 vs 토큰)에 따라 방어 전략이 달라집니다.		O	TRUE	X	FALSE					security	authentication	csrf	cookie
Q327	Access Token		Backend - 인증/인가	18	OX	EASY	Access Token은 보통 짧은 만료 시간을 두어 탈취 시 피해를 줄인다.	Access Token은 탈취되면 그 자체로 권한을 행사할 수 있어 유효 시간을 짧게 가져가는 경우가 많습니다. 대신 Refresh Token이나 세션으로 재발급 흐름을 설계합니다. 면접에서는 AT/RT 역할 차이를 자주 확인합니다. 실무에서는 AT를 짧게, RT는 서버 저장/로테이션 등으로 통제하는 패턴이 일반적입니다. 만료만으로 부족하니 회수 전략과 탐지도 같이 고려합니다.		O	TRUE	X	FALSE					security	authentication	token	backend
Q328	Refresh Token		Backend - 인증/인가	18	OX	EASY	Refresh Token은 Access Token보다 더 오래 사용할 수 있게 설계되는 경우가 많다.	Refresh Token은 새로운 Access Token을 발급받기 위한 용도로 더 긴 수명을 갖는 경우가 많습니다. 다만 유출 시 피해가 크므로 저장 방식과 회수 전략이 중요합니다. 면접에서는 RT를 어디에 저장할지(쿠키/서버 저장)와 로테이션 개념을 묻기도 합니다. 실무에서는 RT를 DB에 저장하거나 1회성 로테이션으로 운영해 위험을 줄입니다. 또한 기기별 세션 관리가 함께 설계되곤 합니다.		O	TRUE	X	FALSE					security	authentication	refresh	backend
Q329	Logout		Backend - 인증/인가	18	OX	EASY	로그아웃은 보통 서버에서 세션을 무효화하거나 토큰을 더 이상 인정하지 않도록 처리하는 것을 의미한다.	세션 기반이면 서버가 세션을 제거하거나 만료 처리합니다. JWT처럼 무상태 토큰이면 서버가 리보크 리스트나 토큰 버전 같은 방법으로 더 이상 신뢰하지 않게 만들 수 있습니다. 면접에서는 “JWT는 로그아웃이 어려운 이유”를 자주 묻습니다. 실무에서는 AT는 짧게, RT는 서버 저장으로 로그아웃 효과를 강화합니다. UI 로그아웃(클라 삭제)만으로는 보안이 충분하지 않을 수 있습니다.		O	TRUE	X	FALSE					security	authentication	logout	backend
Q330	2FA		Security - 인증/인가	52	OX	EASY	OTP 같은 2차 인증은 비밀번호가 유출되어도 계정 탈취를 더 어렵게 만든다.	2차 인증은 비밀번호 외 추가 요소가 필요해 공격 비용을 올립니다. 그래서 크리덴셜 스터핑 같은 공격에 특히 도움이 됩니다. 면접에서는 OTP와 푸시, WebAuthn 차이를 물을 수 있습니다. 실무에서는 복구 코드와 기기 분실 대응이 취약하면 2차 인증이 무력해질 수 있어 복구 플로우 설계가 중요합니다. 또한 사용자 경험을 고려해 위험 기반으로 적용하기도 합니다.		O	TRUE	X	FALSE					security	authentication	mfa	otp
Q331	Authorization 로그		Security - 취약점	53	OX	EASY	Authorization 헤더에는 민감한 토큰이 들어갈 수 있으므로 로그에 원문 저장을 피하는 것이 좋다.	Authorization에는 Bearer 토큰이 담기는 경우가 많아 로그에 남기면 유출 위험이 큽니다. 로그 시스템 접근 권한이 넓으면 내부자 위험도 커집니다. 면접에서는 “민감 데이터 로깅 금지”를 사례로 설명하는 문제가 나옵니다. 실무에서는 마스킹, 필터링, 보관 기간 제한을 적용합니다. 이미 유출된 경우 토큰 회수(세션 폐기, 키 롤오버)까지 포함해 대응해야 합니다.		O	TRUE	X	FALSE					security	authentication	logging	token
Q332	SQL 파라미터 바인딩		Security - 취약점	53	OX	EASY	SQL Injection 방어에는 문자열 결합 대신 파라미터 바인딩을 사용하는 것이 중요하다.	파라미터 바인딩은 입력을 “값”으로 처리해 쿼리 구조 변경을 막습니다. 그래서 문자열 결합보다 SQLi에 강합니다. 면접에서는 PreparedStatement가 왜 안전한지 설명하는 문제가 자주 나옵니다. 실무에서는 ORM을 써도 Native Query나 동적 쿼리에서 실수가 생길 수 있어 주의합니다. 인증/인가와는 별개의 취약점이라 항상 별도로 관리해야 합니다.		O	TRUE	X	FALSE					security	authentication	sqli	backend
Q333	입력 검증		Security - 취약점	53	OX	EASY	서버는 클라이언트 입력을 신뢰하지 않고 검증해야 한다.	클라이언트는 조작될 수 있으므로 서버는 입력을 항상 불신하고 검증해야 합니다. 인증된 사용자라도 악의적일 수 있고, 버그나 프록시로 값이 변조될 수도 있습니다. 면접에서는 “서버에서 최종 검증” 원칙을 자주 강조합니다. 실무에서는 스키마 검증, 길이 제한, 허용 목록(allowlist) 같은 방식이 유용합니다. 특히 인증/권한 관련 필드는 서버가 결정해야 안전합니다.		O	TRUE	X	FALSE					security	authentication	validation	backend
Q334	권한 검증 위치		Backend - 인증/인가	18	OX	EASY	권한(인가) 검증은 프론트엔드에서만 하면 충분하다.	프론트는 UI를 숨길 수는 있어도 보안을 보장할 수 없습니다. 공격자는 API를 직접 호출할 수 있으므로 서버에서 반드시 인가 검증을 해야 합니다. 면접에서는 “프론트는 편의, 서버가 보안”이라는 관점을 자주 봅니다. 실무에서는 컨트롤러 레벨뿐 아니라 리소스 소유권까지 체크해야 합니다. 인가가 약하면 수평/수직 권한 상승으로 이어질 수 있습니다.		O	FALSE	X	TRUE					security	authentication	authorization	backend
Q335	토큰 저장소		Security - 취약점	53	OX	EASY	토큰을 URL 쿼리 파라미터에 넣으면 로그나 히스토리로 유출될 수 있어 위험하다.	URL은 브라우저 히스토리, 서버 로그, 프록시 로그, 리퍼러 헤더 등 여러 경로로 남을 수 있습니다. 그래서 토큰을 URL에 넣으면 유출 위험이 큽니다. 면접에서는 “토큰은 헤더/쿠키로”가 기본 원칙으로 나옵니다. 실무에서는 특히 외부 리다이렉트가 섞이면 유출이 더 쉬워집니다. 토큰은 최소 노출 원칙으로 다루는 것이 중요합니다.		O	TRUE	X	FALSE					security	authentication	token	backend
Q336	세션 고정(Session Fixation)		Security - 취약점	53	OX	EASY	로그인 성공 시 세션 ID를 재발급하면 세션 고정 공격 완화에 도움이 된다.	세션 고정은 공격자가 미리 세션 ID를 설정해두고 사용자가 그 세션으로 로그인하게 만드는 공격입니다. 로그인 시 세션 ID를 재발급하면 공격자가 알고 있던 ID가 무효화되어 위험이 줄어듭니다. 면접에서는 세션 기반 인증에서 자주 등장하는 문제입니다. 실무에서는 로그인/권한 상승 시점에 세션 재생성을 적용합니다. 쿠키 속성(HttpOnly, Secure, SameSite)도 함께 설정해야 합니다.		O	TRUE	X	FALSE					security	authentication	session	backend
Q337	응답 메시지		Security - 취약점	53	OX	EASY	로그인 실패 응답에서 “아이디가 없음”과 “비밀번호가 틀림”을 구분해 알려주면 공격에 도움이 될 수 있다.	구체적인 실패 사유는 공격자에게 계정 존재 여부를 알려줄 수 있어 계정 열거 공격에 도움이 됩니다. 그래서 보안적으로는 실패 메시지를 일반화하는 것이 좋습니다. 면접에서는 “에러 메시지 정보 누출”을 사례로 묻기도 합니다. 실무에서는 외부 응답은 단순화하고, 내부 로그로만 상세 원인을 남깁니다. 다만 UX와 보안 사이 균형을 고려해 정책을 정합니다.		O	TRUE	X	FALSE					security	authentication	api	backend
Q338	보안 헤더		Security - 취약점	53	OX	EASY	Content Security Policy(CSP)는 XSS 위험을 줄이는 데 도움이 될 수 있다.	CSP는 허용된 스크립트 출처를 제한해 XSS 피해를 줄이는 데 도움이 됩니다. 특히 인라인 스크립트 제한과 nonce 기반 정책이 효과적입니다. 면접에서는 CSP가 “완전 방어가 아니라 완화”라는 점도 함께 봅니다. 실무에서는 단계적으로 적용하며 리포트 모드로 먼저 모니터링하는 전략이 흔합니다. 프론트/백엔드 모두 협업이 필요한 설정입니다.		O	TRUE	X	FALSE					security	authentication	xss	csp
Q339	비활성 계정		Backend - 인증/인가	18	OX	EASY	사용자가 탈퇴했거나 비활성화된 계정이면 서버는 인증 토큰이 있어도 접근을 차단할 수 있다.	토큰이 유효하더라도 서버 정책에 따라 계정 상태를 확인해 차단할 수 있습니다. 이를 위해 토큰 버전이나 사용자 상태 체크를 추가로 수행하기도 합니다. 면접에서는 “토큰만 믿으면 생기는 문제”를 묻는 경우가 있습니다. 실무에서는 강제 로그아웃, 세션 폐기, 권한 변경 반영 같은 요구를 처리해야 합니다. 따라서 사용자 상태는 중요한 인가 요소입니다.		O	TRUE	X	FALSE					security	authentication	auth	backend
Q340	권한 최소화		Security - 인증/인가	52	OX	EASY	관리자 계정이나 권한은 필요한 사람에게만 최소로 부여하는 것이 좋다.	관리자 권한은 사고 시 피해 범위가 크기 때문에 최소 인원에게만 부여하는 것이 원칙입니다. 또한 권한 부여/회수 기록을 남기고 정기적으로 검토해야 합니다. 면접에서는 최소 권한 원칙과 감사 로그를 함께 연결해 묻기도 합니다. 실무에서는 임시 권한 부여(JIT)나 승인 프로세스를 두기도 합니다. 권한이 커질수록 보안 사고 비용이 커진다는 점을 기억해야 합니다.		O	TRUE	X	FALSE					security	authentication	authorization	backend
Q341	인증서(Certificate)		Network - 보안 및 HTTPS	32	OX	EASY	TLS 인증서는 서버가 “진짜 그 도메인의 주인”임을 증명하는 데 사용된다.	TLS 인증서는 서버 신원을 검증하는 데 핵심입니다. 브라우저/클라이언트는 인증서 체인을 검증해 신뢰할 수 있는 CA가 발급했는지 확인합니다. 이 과정이 약하면 피싱 서버나 중간자 공격에 취약해질 수 있습니다. 면접에서는 인증서가 무엇을 보장하는지, 그리고 만료/도메인 불일치 시 어떤 일이 생기는지 자주 묻습니다. 실무에서는 자동 갱신과 모니터링으로 만료 사고를 막는 것이 중요합니다.		O	TRUE	X	FALSE					security	authentication	https	tls
Q342	토큰 암호화		Backend - 인증/인가	18	OX	EASY	JWT는 기본적으로 암호화되어 있어서 페이로드 내용을 누구나 볼 수 없다.	JWT는 보통 JWS(서명) 형태로 쓰이며, Base64URL 인코딩이라 내용이 숨겨지지 않습니다. 즉, “서명”은 위변조 방지에 가깝고 “기밀성”을 제공하지 않습니다. 그래서 개인정보나 민감 데이터는 페이로드에 넣지 않는 것이 원칙입니다. 면접에서는 서명과 암호화를 구분하는 질문이 자주 나옵니다. 암호화가 필요하면 JWE 같은 별도 방식이 필요합니다.		O	FALSE	X	TRUE					security	authentication	jwt	backend
Q343	로그아웃 처리		Backend - 인증/인가	18	OX	EASY	세션 기반 인증에서 로그아웃은 보통 서버 세션을 삭제하거나 만료 처리하는 방식으로 구현한다.	세션 기반은 서버가 세션 상태를 가지고 있으므로 로그아웃 시 세션을 제거하는 것이 일반적입니다. 쿠키는 클라이언트에 남아도 서버 세션이 없으면 인증이 실패합니다. 면접에서는 세션과 JWT 로그아웃 차이를 비교해 묻는 경우가 많습니다. 실무에서는 “전체 기기 로그아웃”처럼 세션을 여러 개 관리하는 요구도 자주 생깁니다. 세션 저장소(예: Redis) 운영도 함께 고려해야 합니다.		O	TRUE	X	FALSE					security	authentication	session	backend
Q344	CORS와 인증		Network - HTTP	31	OX	EASY	CORS 설정만 올바르게 하면 API는 별도의 인증 없이도 안전해진다.	CORS는 브라우저가 적용하는 정책이라 “API 접근 자체”를 막아주는 인증 수단이 아닙니다. 공격자는 브라우저가 아닌 환경(서버, 스크립트, Postman 등)에서 직접 API를 호출할 수 있습니다. 면접에서는 CORS와 인증/인가의 역할 차이를 자주 확인합니다. 실무에서는 CORS를 방어 수단으로 과신하면 큰 사고로 이어질 수 있습니다. API는 반드시 서버에서 인증/권한 검증을 해야 합니다.		O	FALSE	X	TRUE					security	authentication	cors	backend
Q345	비밀번호 해시		Security - 암호화	55	OX	EASY	비밀번호 해시는 “복호화할 필요가 없도록” 저장하는 방식이라서 보통 암호화보다 선호된다.	비밀번호는 사용자가 입력한 값을 비교만 하면 되므로 복호화가 필요하지 않습니다. 암호화는 키가 유출되면 원문이 드러나 위험이 커집니다. 그래서 bcrypt/argon2 같은 해시 기반 저장이 일반적입니다. 면접에서는 해시와 암호화 차이를 정확히 말할 수 있어야 합니다. 실무에서는 비용(cost) 조정과 재해싱 전략도 고려합니다.		O	TRUE	X	FALSE					security	authentication	password	crypto
Q346	CSRF 대상		Security - 취약점	53	OX	EASY	CSRF는 주로 “쿠키 기반 인증”에서 문제가 커지는 공격이다.	CSRF는 브라우저가 쿠키를 자동 전송하는 특성을 악용합니다. 그래서 세션 쿠키로 인증하는 시스템에서 더 흔히 문제가 됩니다. 면접에서는 토큰을 Authorization 헤더로 보내는 방식은 CSRF 위험이 상대적으로 줄어드는 이유도 연결해 묻습니다. 실무에서는 SameSite, CSRF 토큰, Origin 검증 등을 함께 적용합니다. 단, 어떤 방식이든 XSS가 있으면 다른 공격이 가능하니 종합적으로 봐야 합니다.		O	TRUE	X	FALSE					security	authentication	csrf	backend
Q347	XSS와 HttpOnly		Security - 취약점	53	OX	EASY	HttpOnly 쿠키만 설정하면 XSS 공격은 완전히 막을 수 있다.	HttpOnly는 “쿠키를 JS로 읽는 것”을 막을 뿐 XSS 자체를 제거하지 못합니다. XSS가 있으면 공격자는 사용자 권한으로 요청을 보내거나 화면을 조작할 수 있습니다. 면접에서 “HttpOnly가 XSS를 막는다”는 오해를 잡는 질문이 자주 나옵니다. 실무에서는 출력 인코딩, CSP, 입력 검증, 의존성 관리가 핵심입니다. HttpOnly는 방어의 한 층일 뿐입니다.		O	FALSE	X	TRUE					security	authentication	xss	cookie
Q348	최소 권한		Security - 인증/인가	52	OX	EASY	API Key는 가능하면 스코프를 좁게 발급해 유출 시 피해 범위를 줄이는 것이 좋다.	API Key는 유출되면 즉시 악용될 수 있습니다. 스코프를 좁게 발급하면 사고가 나도 영향 범위를 제한할 수 있습니다. 면접에서는 최소 권한 원칙과 키 회전(rotate) 전략을 자주 묻습니다. 실무에서는 키별 사용량 제한과 IP 제한도 함께 적용하는 경우가 많습니다. 감사 로그로 어떤 키가 무엇을 했는지 추적 가능해야 합니다.		O	TRUE	X	FALSE					security	authentication	api_key	backend
Q349	401과 403		Backend - 웹 서버 기초	17	OX	EASY	403은 보통 “인증이 전혀 없을 때” 반환하는 코드다.	인증이 없거나 실패한 경우는 보통 401이 더 적절합니다. 403은 인증은 되었지만 권한이 없을 때 자주 사용합니다. 면접에서는 401/403 구분이 단골입니다. 실무에서는 보안상 상세한 이유를 외부에 너무 드러내지 않도록 응답 메시지를 단순화하기도 합니다. 하지만 상태코드의 의미는 일관되게 유지하는 것이 좋습니다.		O	FALSE	X	TRUE					security	authentication	http	backend
Q350	세션 고정		Security - 취약점	53	OX	EASY	로그인 성공 시 세션 ID를 재발급하면 세션 고정 공격 완화에 도움이 된다.	세션 고정은 공격자가 미리 세션 ID를 설정해두고 사용자가 로그인하게 유도하는 공격입니다. 로그인 시 세션을 재생성하면 공격자가 알고 있던 세션 ID가 무효화됩니다. 면접에서는 세션 기반 인증에서 자주 나오는 보안 포인트입니다. 실무에서는 로그인/권한 상승 시점에 세션 재발급을 적용합니다. 쿠키 속성 설정과 함께 적용하면 방어가 더 좋아집니다.		O	TRUE	X	FALSE					security	authentication	session	backend
Q351	SQLi와 인증		Security - 취약점	53	OX	EASY	인증이 적용된 API라면 SQL Injection은 발생하지 않는다.	인증은 “누구인지” 확인하는 것이고 SQL Injection은 “입력 처리” 취약점입니다. 인증된 사용자라도 악의적 입력을 보내면 SQLi가 발생할 수 있습니다. 면접에서는 인증/인가가 있어도 입력 검증이 필요한 이유를 자주 묻습니다. 실무에서는 파라미터 바인딩과 입력 검증으로 SQLi를 방어합니다. 또한 로그와 모니터링으로 이상 징후를 탐지합니다.		O	FALSE	X	TRUE					security	authentication	sqli	backend
Q352	레이트 리밋		Security - 취약점	53	OX	EASY	로그인 시도에 레이트 리밋을 적용하면 브루트포스 공격 비용을 올릴 수 있다.	레이트 리밋은 짧은 시간에 많은 시도를 제한해 공격을 어렵게 합니다. 계정 기준, IP 기준, 디바이스 기준 등 다양한 단위로 설계할 수 있습니다. 면접에서는 단순 IP 차단의 한계와 우회 가능성도 물을 수 있습니다. 실무에서는 지수 백오프, 캡차, 위험 기반 인증과 결합해 운영합니다. 정상 사용자 경험을 해치지 않게 튜닝이 중요합니다.		O	TRUE	X	FALSE					security	authentication	rate_limit	backend
Q353	토큰 전달 위치		Security - 취약점	53	OX	EASY	토큰을 URL에 담아 전달하면 브라우저 히스토리나 로그에 남을 수 있어 위험하다.	URL은 다양한 경로로 기록될 수 있어 민감 정보 전달에 부적합합니다. 특히 리퍼러 헤더로 외부에 노출될 위험도 있습니다. 면접에서는 토큰 전달은 헤더 또는 안전한 쿠키로 하라는 원칙이 자주 나옵니다. 실무에서도 쿼리 스트링 토큰은 사고를 자주 유발합니다. 부득이한 경우에는 매우 짧은 1회성 코드로 대체하는 설계를 고려합니다.		O	TRUE	X	FALSE					security	authentication	token	backend
Q354	권한 검증 주체		Backend - 인증/인가	18	OX	EASY	권한 검증은 UI에서 버튼을 숨기는 것만으로 충분하다.	UI는 사용자의 편의를 위한 것이지 보안을 보장하지 못합니다. 공격자는 API를 직접 호출할 수 있기 때문에 서버가 최종적으로 권한을 검증해야 합니다. 면접에서는 이 포인트를 매우 자주 확인합니다. 실무에서는 엔드포인트 접근뿐 아니라 리소스 소유권(본인 데이터인지)까지 체크해야 합니다. 그렇지 않으면 IDOR 같은 취약점이 발생합니다.		O	FALSE	X	TRUE					security	authentication	authorization	backend
Q355	로그 민감정보		Security - 인증/인가	52	OX	EASY	운영 로그에 쿠키나 토큰 같은 민감 정보를 그대로 남기는 것은 피하는 것이 좋다.	민감 정보는 로그를 통해 유출될 수 있습니다. 로그 시스템은 운영자나 외부 도구가 접근하는 경우가 많아 공격 표면이 커집니다. 면접에서는 “로그에 남기면 안 되는 정보”를 구체적으로 말하는 문제가 나옵니다. 실무에서는 마스킹/필터링과 보관 기간 제한, 접근 권한 최소화를 함께 적용합니다. 이미 노출되었다면 세션 폐기나 키 롤오버 같은 대응도 필요합니다.		O	TRUE	X	FALSE					security	authentication	logging	backend
Q356	SameSite Strict		Backend - 인증/인가	18	OX	EASY	SameSite=Strict는 모든 환경에서 항상 안전하고, 기능 문제도 전혀 없다.	Strict는 보안적으로 강하지만, SSO나 외부 링크에서 로그인 후 돌아오는 플로우 등에서 기능 문제가 생길 수 있습니다. 그래서 모든 서비스에 무조건 Strict를 적용하기는 어렵습니다. 면접에서는 SameSite 옵션의 트레이드오프를 이해하는지를 봅니다. 실무에서는 Lax/None+CSRF 토큰 같은 현실적인 조합을 사용합니다. 보안과 UX의 균형이 중요합니다.		O	FALSE	X	TRUE					security	authentication	cookie	csrf
Q357	MFA 복구		Security - 인증/인가	52	OX	EASY	MFA를 도입했더라도 계정 복구 절차가 약하면 보안이 무력해질 수 있다.	MFA의 약점은 종종 복구 플로우에서 생깁니다. 이메일 링크 하나로 복구되면 공격자가 그 채널을 탈취해 우회할 수 있습니다. 면접에서는 MFA 자체보다 복구 설계의 중요성을 묻는 경우가 많습니다. 실무에서는 복구 코드를 1회성으로 운영하고, 추가 신원 확인 절차를 둡니다. 사용자에게 알림을 보내 이상 징후를 빠르게 발견하게 하는 것도 도움이 됩니다.		O	TRUE	X	FALSE					security	authentication	mfa	backend
Q358	HTTPS와 피싱		Network - 보안 및 HTTPS	32	OX	EASY	HTTPS를 쓰는 사이트는 피싱 사이트일 수 없다.	HTTPS는 전송 구간을 보호할 뿐, 그 사이트가 “정상 서비스”라는 것을 자동 보장하지 않습니다. 피싱 사이트도 인증서를 발급받아 HTTPS를 사용할 수 있습니다. 면접에서는 HTTPS가 보장하는 것과 보장하지 않는 것을 구분하는 질문이 자주 나옵니다. 실무에서는 도메인 확인, 인증서 주체 확인, 사용자 교육도 중요합니다. 보안은 단일 요소가 아니라 여러 층의 합입니다.		O	FALSE	X	TRUE					security	authentication	https	phishing
Q359	입력 신뢰		Security - 취약점	53	OX	EASY	서버는 인증된 사용자라면 요청 파라미터를 신뢰해도 된다.	인증은 사용자의 신원을 확인하는 것일 뿐, 입력이 안전하다는 뜻이 아닙니다. 인증된 사용자도 악의적일 수 있고, 정상 사용자도 실수나 자동화로 이상 값을 보낼 수 있습니다. 면접에서는 “인증과 입력 검증은 별개”라는 개념을 자주 강조합니다. 실무에서는 스키마 검증, 길이 제한, 허용 목록 전략을 적용합니다. 특히 권한 관련 파라미터는 서버가 결정해야 합니다.		O	FALSE	X	TRUE					security	authentication	validation	backend
Q360	토큰 만료		Backend - 인증/인가	18	OX	EASY	토큰 만료 시간을 두는 것은 탈취된 토큰의 악용 시간을 제한하는 데 도움이 된다.	만료는 탈취된 자격 증명의 유효 시간을 줄여 피해를 제한합니다. 특히 Access Token은 짧게 두는 전략이 흔합니다. 면접에서는 만료만으로 충분한지, 회수 전략은 무엇인지까지 확장 질문이 나옵니다. 실무에서는 만료 외에도 리보크, 토큰 버전, 이상 탐지 등을 함께 적용합니다. 너무 짧은 만료는 UX를 해치므로 균형이 중요합니다.		O	TRUE	X	FALSE					security	authentication	token	backend
Q361	OAuth		Backend - 인증/인가	18	OX	EASY	OAuth는 보통 “사용자 비밀번호를 서비스에 직접 넘기지 않고” 다른 서비스 로그인을 연동할 수 있게 해준다.	OAuth는 사용자가 비밀번호를 제3자 앱에 직접 주지 않고도 접근 권한을 위임하는 구조를 제공합니다. 그래서 소셜 로그인이나 외부 서비스 연동에서 널리 쓰입니다. 면접에서는 OAuth가 인증 그 자체라기보다는 권한 위임 프레임워크라는 점을 함께 물을 수 있습니다. 실무에서는 Authorization Code + PKCE 흐름이 안전한 기본값으로 자주 사용됩니다. 구현 시 redirect uri와 state 검증을 빼먹으면 보안 사고가 납니다.		O	TRUE	X	FALSE					security	authentication	oauth	backend
Q362	Basic Auth		Backend - 인증/인가	18	OX	EASY	Basic Auth는 HTTPS 없이 사용해도 비밀번호가 안전하게 보호된다.	Basic Auth는 아이디와 비밀번호를 Base64로 인코딩해 보낼 뿐 암호화가 아닙니다. HTTPS 없이 쓰면 평문에 가깝게 노출될 수 있어 위험합니다. 면접에서는 Base64는 암호화가 아니라는 점을 확인하는 질문이 자주 나옵니다. 실무에서는 최소한 HTTPS를 강제하고, 가능하면 토큰 기반으로 전환하기도 합니다. 또한 로그에 헤더가 남지 않게 마스킹이 필요합니다.		O	FALSE	X	TRUE					security	authentication	http	backend
Q363	Redirect URI		Backend - 인증/인가	18	OX	EASY	OAuth에서 redirect uri를 엄격히 검증하지 않으면 토큰이나 코드가 공격자에게 전달될 위험이 있다.	redirect uri는 인증 서버가 결과를 돌려보내는 주소라 매우 중요합니다. 검증이 느슨하면 공격자가 자신이 통제하는 주소로 코드를 받아 탈취할 수 있습니다. 면접에서는 redirect uri 화이트리스트와 정확 일치 매칭을 자주 강조합니다. 실무에서는 와일드카드 허용을 최소화하고, 여러 환경(dev/stg/prod)을 관리 가능한 방식으로 등록합니다. state 검증도 같이 적용해야 합니다.		O	TRUE	X	FALSE					security	authentication	oauth	backend
Q364	Open Redirect		Security - 취약점	53	OX	EASY	오픈 리다이렉트는 사용자 입력 URL로 그대로 리다이렉트할 때 피싱에 악용될 수 있다.	오픈 리다이렉트는 신뢰받는 도메인을 거쳐 악성 사이트로 보내는 데 쓰일 수 있습니다. 사용자는 정상 사이트라고 착각하기 쉬워 피싱 성공률이 높아집니다. 면접에서는 redirect 파라미터 검증 방법(allowlist)과 함께 자주 나옵니다. 실무에서는 리다이렉트 목적지를 사전에 등록하거나 내부 경로만 허용하는 방식이 안전합니다. 로그인 플로우와 결합하면 피해가 더 커질 수 있습니다.		O	TRUE	X	FALSE					security	authentication	redirect	backend
Q365	OIDC		Security - 인증/인가	52	OX	EASY	OIDC는 OAuth 위에 “인증” 정보를 표준화한 규격이다.	OIDC는 OAuth2를 기반으로 ID Token 등을 통해 인증 정보를 제공하는 표준입니다. 그래서 “로그인”을 구현할 때 OAuth만으로 부족한 부분을 채웁니다. 면접에서는 OAuth와 OIDC 차이를 물으며, ID Token과 Access Token의 용도 구분이 중요합니다. 실무에서는 issuer, audience, nonce 검증 같은 기본 검증을 반드시 합니다. 잘못 구현하면 계정 혼동 문제가 생길 수 있습니다.		O	TRUE	X	FALSE					security	authentication	oidc	oauth
Q366	ID Token		Security - 인증/인가	52	OX	EASY	ID Token은 보통 API 호출 권한을 나타내는 토큰이므로 Authorization 헤더에 넣어 백엔드 API 호출에 사용한다.	ID Token은 “사용자 인증 결과”를 나타내는 용도로 설계됐고, API 접근 권한은 Access Token이 담당하는 것이 일반적입니다. ID Token을 API 권한 토큰처럼 쓰면 스코프/권한 모델이 어긋나거나 검증이 약해질 수 있습니다. 면접에서는 ID Token과 Access Token을 구분하는 질문이 자주 나옵니다. 실무에서는 백엔드 API는 Access Token으로 보호하고, ID Token은 클라이언트가 로그인 상태 확인에 사용합니다. 토큰 용도 혼용은 사고 포인트입니다.		O	FALSE	X	TRUE					security	authentication	oidc	token
Q367	JWT 서명 검증		Backend - 인증/인가	18	OX	EASY	JWT를 사용하더라도 서버는 서명을 검증하지 않으면 위조 토큰을 막을 수 없다.	JWT는 서명 검증이 핵심입니다. 검증을 하지 않으면 공격자가 임의의 페이로드를 만들어도 서버가 받아들일 수 있습니다. 면접에서는 “JWT를 쓰면 자동으로 안전”하다는 오해를 잡는 질문이 자주 나옵니다. 실무에서는 alg, issuer, audience, exp 등 기본 클레임까지 함께 검증합니다. 키 관리와 롤오버 정책도 중요합니다.		O	TRUE	X	FALSE					security	authentication	jwt	backend
Q368	exp 검증		Backend - 인증/인가	18	OX	EASY	JWT의 exp(만료 시간)를 검증하지 않으면 만료된 토큰도 계속 사용될 수 있다.	exp는 토큰 유효 기간을 제한하는 핵심 클레임입니다. 검증하지 않으면 토큰이 사실상 영구권한처럼 동작할 위험이 생깁니다. 면접에서는 exp와 iat, nbf 같은 시간 관련 클레임을 어떻게 처리하는지 묻기도 합니다. 실무에서는 서버 시간 동기화(NTP)도 중요합니다. 만료는 피해 제한에 도움이 되지만, 회수 전략도 함께 고려해야 합니다.		O	TRUE	X	FALSE					security	authentication	jwt	token
Q369	알고리즘 혼동		Security - 취약점	53	OX	EASY	JWT에서 서버가 alg=none 같은 위험한 설정을 허용하면 위조 토큰 공격 가능성이 커진다.	alg 혼동/none 허용은 JWT 관련 대표적인 취약점 유형입니다. 서버가 알고리즘을 신뢰하지 않고, 허용 알고리즘을 고정해야 안전합니다. 면접에서는 “서버가 헤더 alg를 그대로 믿으면 안 된다”가 포인트로 나옵니다. 실무에서는 라이브러리 설정으로 허용 알고리즘을 제한하고, 키 유형에 맞는 검증을 강제합니다. 또한 키를 토큰 헤더에서 받는 방식(jku 등)도 위험할 수 있어 주의합니다. 기본값을 안전하게 잡는 것이 중요합니다.		O	TRUE	X	FALSE					security	authentication	jwt	vulnerability
Q370	쿠키 Domain		Backend - 인증/인가	18	OX	EASY	쿠키 Domain을 너무 넓게 설정하면 다른 서브도메인에서도 쿠키가 전송되어 공격 표면이 커질 수 있다.	쿠키 Domain을 넓게 잡으면 여러 서브도메인에 쿠키가 공유됩니다. 서브도메인 중 하나가 취약하면 쿠키 탈취나 세션 악용으로 이어질 수 있습니다. 면접에서는 쿠키 스코프를 최소화하는 이유를 묻기도 합니다. 실무에서는 가능한 host-only 쿠키를 선호하고, 필요한 경우에만 Domain을 지정합니다. Path도 함께 최소화하면 더 안전합니다.		O	TRUE	X	FALSE					security	authentication	cookie	backend
Q371	HttpOnly		Backend - 인증/인가	18	OX	EASY	HttpOnly는 브라우저가 쿠키를 HTTP 요청에 포함하지 못하게 막는 설정이다.	HttpOnly는 “자바스크립트에서 쿠키를 읽지 못하게” 하는 속성입니다. HTTP 요청에 포함되는 것은 여전히 가능하며, 그래서 CSRF 공격이 가능한 환경에서는 별도 방어가 필요합니다. 면접에서는 HttpOnly를 과대평가하는 오해를 잡는 질문이 많습니다. 실무에서는 Secure, SameSite와 함께 설정을 조합합니다. 개념을 정확히 이해해야 잘못된 기대를 하지 않습니다.		O	FALSE	X	TRUE					security	authentication	cookie	xss
Q372	SameSite=None		Backend - 인증/인가	18	OX	EASY	SameSite=None 쿠키는 반드시 Secure 속성과 함께 사용해야 하는 경우가 일반적이다.	현대 브라우저는 SameSite=None 쿠키에 대해 Secure가 없으면 차단하는 정책이 널리 적용됩니다. 그래서 크로스 사이트 쿠키가 필요한 경우 None+Secure 조합이 일반적입니다. 면접에서는 SameSite 옵션과 브라우저 정책 변화를 함께 물을 수 있습니다. 실무에서는 SSO나 외부 결제 플로우에서 이 이슈가 자주 터집니다. 설정이 틀리면 로그인 상태 유지가 깨질 수 있어 주의합니다. 보안상 HTTPS 강제도 필수입니다.		O	TRUE	X	FALSE					security	authentication	cookie	https
Q373	CSRF 토큰		Security - 취약점	53	OX	EASY	CSRF 토큰은 서버가 발급한 토큰을 요청에 포함시켜 “의도된 요청”임을 검증하는 데 사용한다.	CSRF 토큰은 브라우저의 자동 쿠키 전송과 별개로, 공격자가 임의로 맞추기 어려운 값을 요청에 포함시키는 방식입니다. 서버는 세션과 토큰의 일치 여부를 확인해 위조 요청을 차단합니다. 면접에서는 CSRF 토큰이 왜 필요한지와 어디에 실어 보내는지를 자주 묻습니다. 실무에서는 상태 변경 요청에 적용하고, 프레임워크 기능(Spring Security 등)을 활용하는 경우가 많습니다. 토큰 회전과 만료 정책도 설계 포인트입니다. XSS가 있으면 토큰도 탈취될 수 있어 XSS 방어와 함께 봐야 합니다.		O	TRUE	X	FALSE					security	authentication	csrf	backend
Q374	Origin 헤더		Security - 취약점	53	OX	EASY	CSRF 방어로 Origin 검증을 할 때, Origin 헤더는 항상 모든 요청에 포함되므로 없으면 무조건 공격이다.	Origin 헤더는 항상 존재하지 않을 수 있습니다. 일부 요청이나 환경에서는 Origin이 없거나 기대와 다르게 동작할 수 있습니다. 그래서 Origin만 단독으로 믿으면 오탐/미탐이 생길 수 있어 보조 수단이 필요합니다. 면접에서는 “Origin 없는 경우 정책”을 어떻게 잡는지가 포인트입니다. 실무에서는 CSRF 토큰과 병행하거나, 보수적으로 차단하는 fail closed 정책을 적용하기도 합니다. 환경 테스트가 필수입니다.		O	FALSE	X	TRUE					security	authentication	csrf	backend
Q375	브루트포스		Security - 취약점	53	OX	EASY	브루트포스 공격 완화에는 비밀번호 정책 강화와 로그인 시도 제한이 도움이 될 수 있다.	공격자는 가능한 조합을 많이 시도해 계정을 뚫으려 합니다. 그래서 비밀번호 정책과 로그인 시도 제한, 지수 백오프가 방어에 도움이 됩니다. 면접에서는 레이트 리밋과 계정 잠금의 트레이드오프(DoS 유발 가능)도 묻습니다. 실무에서는 사용자 경험을 해치지 않게 위험 기반 정책을 적용하기도 합니다. MFA를 추가하면 방어가 크게 강화됩니다. 또한 유출된 비밀번호 사용 여부 체크도 도움이 됩니다.		O	TRUE	X	FALSE					security	authentication	brute_force	backend
Q376	계정 열거		Security - 취약점	53	OX	EASY	회원가입/로그인 실패 메시지를 구체적으로 나누면 계정 열거 공격에 악용될 수 있다.	계정 열거는 “이 이메일이 존재한다/안 한다” 같은 정보를 알아내는 공격입니다. 실패 메시지가 구체적이면 공격자가 존재하는 계정을 골라내기 쉬워집니다. 면접에서는 에러 메시지 최소화와 응답 시간 차이까지 체크해야 한다는 얘기가 나올 수 있습니다. 실무에서는 외부 응답을 일반화하고 내부 로그로만 상세 원인을 남깁니다. 비밀번호 재설정도 “존재 여부를 노출하지 않는” 응답 정책이 흔합니다. 공격 표면을 줄이는 기본 수칙입니다.		O	TRUE	X	FALSE					security	authentication	enumeration	backend
Q377	비밀번호 재설정		Security - 취약점	53	OX	EASY	비밀번호 재설정 토큰은 가능한 한 길고 예측 불가능해야 하며 만료 시간을 두는 것이 좋다.	재설정 토큰은 계정 접근권과 유사하므로 강한 랜덤성이 필요합니다. 만료 시간을 짧게 두면 탈취되더라도 악용 시간을 제한할 수 있습니다. 면접에서는 “리셋 링크는 1회용이 좋은가” 같은 질문이 자주 나옵니다. 실무에서는 토큰을 평문으로 저장하지 않고 해시로 저장해 DB 유출 위험을 줄입니다. 사용 즉시 폐기하는 1회용 설계가 권장됩니다. 재설정 성공 시 기존 세션을 끊는 것도 중요한 운영 포인트입니다.		O	TRUE	X	FALSE					security	authentication	reset	backend
Q378	로그아웃 = 클라이언트 삭제		Backend - 인증/인가	18	OX	EASY	토큰 기반 인증에서 클라이언트가 토큰을 삭제하기만 하면 서버 측에서는 어떤 추가 조치도 필요 없다.	클라이언트 삭제는 사용자의 기기에서만 토큰이 사라지는 것이고, 이미 탈취된 토큰이 있다면 서버는 여전히 받아줄 수 있습니다. 그래서 중요한 서비스는 토큰 회수 전략(리보크, 토큰 버전, RT 로테이션)을 고민합니다. 면접에서는 JWT 로그아웃이 왜 어렵고 어떻게 보완하는지 자주 묻습니다. 실무에서는 Access Token을 짧게 하고 Refresh Token을 서버에서 통제하는 방식이 흔합니다. “클라 삭제만으로 충분”은 보안 요구 수준에 따라 위험할 수 있습니다. 특히 계정 정지/탈퇴 시 강제 무효화가 필요합니다.		O	FALSE	X	TRUE					security	authentication	token	backend
Q379	권한과 역할		Backend - 인증/인가	18	OX	EASY	역할 기반 권한(RBAC)은 권한을 역할로 묶어 관리 복잡도를 줄이는 데 도움이 된다.	RBAC은 권한을 역할에 매핑해 사용자 관리가 쉬워지는 장점이 있습니다. 그래서 관리자/일반 사용자 같은 권한 모델에 널리 쓰입니다. 면접에서는 RBAC의 한계(리소스 소유권/속성 기반 필요)도 함께 묻습니다. 실무에서는 RBAC만으로 부족해 소유권 체크를 추가하는 경우가 많습니다. 그래도 기본 구조로는 매우 흔하고 중요한 개념입니다. 권한 변경 시 즉시 반영 정책도 설계 포인트입니다.		O	TRUE	X	FALSE					security	authentication	rbac	backend
Q380	보안 업데이트		Security - 취약점	53	OX	EASY	라이브러리 보안 패치 업데이트는 취약점 악용 위험을 낮추는 데 도움이 된다.	의존성 취약점은 자동 스캐너나 공개 익스플로잇으로 빠르게 악용될 수 있습니다. 그래서 보안 패치 업데이트는 공격 표면을 줄이는 기본 수칙입니다. 면접에서는 SCA 도구, CVE 대응 프로세스를 아는지 묻기도 합니다. 실무에서는 무작정 최신화가 아니라 영향 범위를 확인하고 점진 배포/롤백 전략을 세웁니다. 하지만 “업데이트를 미루는 문화”가 큰 사고로 이어지는 경우가 많습니다. 정기 점검과 알림 체계를 갖추는 것이 중요합니다.		O	TRUE	X	FALSE					security	authentication	dependency	backend
Q381	암호화(Encryption)		Security - 암호화	55	OX	EASY	암호화는 올바른 키가 있으면 원문을 다시 복원할 수 있는 방식이다.	암호화는 기밀성을 위해 데이터를 변환하고, 키로 복호화하여 원문을 되돌릴 수 있습니다. 비밀번호 저장처럼 복원이 필요 없는 데이터에는 보통 해시가 더 적합합니다. 면접에서는 암호화와 해시의 차이를 명확히 설명하는지 자주 봅니다. 실무에서는 키 관리가 가장 큰 리스크라 접근 통제와 회전 정책이 중요합니다. 또한 전송 구간 암호화(TLS)와 저장 구간 암호화를 구분해 이해해야 합니다.		O	TRUE	X	FALSE					security	authentication	crypto	backend
Q382	Base64		Security - 취약점	53	OX	EASY	Base64 인코딩은 암호화이므로 디코딩하면 원문을 알 수 없다.	Base64는 인코딩이라 누구나 디코딩하면 원문을 복원할 수 있습니다. 그래서 민감 정보 보호 수단이 아닙니다. 면접에서는 “인코딩과 암호화 차이”를 확인하는 질문이 자주 나옵니다. 실무에서는 인증 헤더나 토큰이 Base64로 보일 수 있어도 안전하다고 착각하면 위험합니다. 민감 데이터는 반드시 암호화 또는 안전한 저장 방식으로 처리해야 합니다.		O	FALSE	X	TRUE					security	authentication	encoding	backend
Q383	대칭키/비대칭키		Security - 암호화	55	OX	EASY	비대칭키 암호화는 공개키와 개인키 한 쌍을 사용한다.	비대칭키는 공개키로 암호화하고 개인키로 복호화하는 구조를 가집니다. TLS에서도 초기 핸드셰이크에 비대칭키 기반 서명/교환이 쓰이는 경우가 많습니다. 면접에서는 대칭키와 비대칭키의 차이를 실무 맥락(속도/키 배포)로 설명할 수 있어야 합니다. 실무에서는 개인키 유출이 치명적이므로 보관과 접근통제가 매우 중요합니다. 키 회전과 만료 관리도 운영 포인트입니다.		O	TRUE	X	FALSE					security	authentication	crypto	tls
Q384	키 관리		Security - 암호화	55	OX	EASY	암호화에서 키가 유출되면 암호문이 쉽게 복호화될 수 있어 매우 위험하다.	암호화의 안전성은 키 관리에 크게 좌우됩니다. 키가 유출되면 저장된 데이터나 트래픽이 복호화될 수 있어 피해가 커집니다. 면접에서는 키를 코드에 하드코딩하면 안 되는 이유를 자주 묻습니다. 실무에서는 KMS, HSM, 환경변수/시크릿 매니저, 접근 통제, 감사 로그를 사용합니다. 키 회전과 폐기도 정기적으로 수행해야 합니다.		O	TRUE	X	FALSE					security	authentication	kms	backend
Q385	인증과 인가		Backend - 인증/인가	18	OX	EASY	인증은 누구인지 확인하고, 인가는 무엇을 할 수 있는지 결정한다.	인증은 사용자 신원 확인이고, 인가는 권한 확인입니다. 둘을 혼동하면 설계가 흔들리기 쉬워 면접에서 매우 자주 체크합니다. 실무에서는 인증이 끝나도 리소스 소유권 검증이 빠지면 권한 상승 취약점이 발생할 수 있습니다. 따라서 인가는 API와 도메인 규칙에서 강하게 보장해야 합니다. 로그인 성공과 접근 허용은 별개라는 감각이 중요합니다.		O	TRUE	X	FALSE					security	authentication	auth	authorization
Q386	토큰 만료		Backend - 인증/인가	18	OX	EASY	토큰 만료 시간을 길게 설정하면 보안이 더 강해진다.	만료가 길면 탈취된 토큰이 오래 악용될 수 있어 위험이 커집니다. 보통 Access Token은 짧게 두고, 재발급을 위한 별도 전략을 둡니다. 면접에서는 만료의 의미와 트레이드오프(UX vs 보안)를 묻습니다. 실무에서는 만료뿐 아니라 회수 전략(리보크, 토큰 버전)도 고려합니다. 서비스 특성에 맞게 균형을 잡는 것이 중요합니다.		O	FALSE	X	TRUE					security	authentication	token	backend
Q387	Refresh Token 로테이션		Backend - 인증/인가	18	OX	EASY	Refresh Token 로테이션은 RT가 유출되었을 때 재사용을 탐지하거나 차단하는 데 도움이 된다.	로테이션은 RT를 사용할 때마다 새 RT로 교체해 “이전 토큰 재사용”을 위험 신호로 볼 수 있게 합니다. 그래서 유출이나 복제 공격을 완화하는 데 도움이 됩니다. 면접에서는 RT 로테이션의 목적과 서버 저장 여부를 자주 묻습니다. 실무에서는 기기별 세션 관리와 함께 구현하는 경우가 많습니다. 잘못 구현하면 사용자 로그아웃 반복 같은 UX 문제도 생길 수 있어 주의가 필요합니다.		O	TRUE	X	FALSE					security	authentication	refresh	backend
Q388	세션 기반 인증		Backend - 인증/인가	18	OX	EASY	세션 기반 인증은 서버가 로그인 상태(세션)를 저장한다.	세션 기반은 서버가 세션 저장소에 상태를 유지합니다. 그래서 로그아웃/강제 만료 같은 제어가 비교적 쉽습니다. 면접에서는 세션과 JWT의 장단점을 비교하는 질문이 자주 나옵니다. 실무에서는 세션 저장소를 확장 가능하게 운영(Redis 등)하는 것이 중요합니다. 또한 세션 고정 방어를 위해 로그인 시 세션 재발급을 고려합니다.		O	TRUE	X	FALSE					security	authentication	session	backend
Q389	JWT 무상태		Backend - 인증/인가	18	OX	EASY	JWT는 무상태(stateless)라서 서버는 서명 검증 없이도 안전하게 사용할 수 있다.	무상태라는 말은 서버가 세션을 저장하지 않아도 된다는 의미에 가깝습니다. 하지만 서명 검증을 하지 않으면 위조 토큰을 막을 수 없습니다. 면접에서는 “무상태 = 자동으로 안전”이라는 오해를 잡는 질문이 자주 나옵니다. 실무에서는 서명 검증과 클레임 검증(exp, iss, aud)을 함께 합니다. 키 관리와 허용 알고리즘 제한도 필수입니다.		O	FALSE	X	TRUE					security	authentication	jwt	backend
Q390	2FA		Security - 인증/인가	52	OX	EASY	2FA를 사용하면 비밀번호가 유출되더라도 계정 탈취가 더 어려워진다.	2FA는 비밀번호 외 추가 인증 요소를 요구합니다. 그래서 크리덴셜 스터핑 같은 공격에서 방어력이 커집니다. 면접에서는 OTP, 푸시, WebAuthn 차이를 묻기도 합니다. 실무에서는 복구 절차가 약하면 우회될 수 있어 복구 플로우 설계가 중요합니다. 사용자 경험을 고려해 위험 기반으로 적용하는 전략도 있습니다.		O	TRUE	X	FALSE					security	authentication	mfa	backend
Q391	WebAuthn		Security - 인증/인가	52	OX	EASY	WebAuthn은 피싱에 상대적으로 강한 인증 수단으로 알려져 있다.	WebAuthn은 공개키 기반 인증을 사용해 피싱 사이트에서 자격 증명이 그대로 재사용되기 어렵게 만듭니다. 그래서 OTP보다 강한 인증 수단으로 평가받는 경우가 많습니다. 면접에서는 WebAuthn이 무엇을 개선하는지(피싱 저항성 등)를 묻기도 합니다. 실무에서는 기기 지원 범위와 등록/복구 UX가 관건입니다. MFA 도입 시 점진적으로 제공하는 전략도 흔합니다.		O	TRUE	X	FALSE					security	authentication	webauthn	backend
Q392	CORS		Network - HTTP	31	OX	EASY	CORS는 서버 간 통신에서도 무조건 적용되어 요청을 막는다.	CORS는 브라우저가 적용하는 정책입니다. 서버에서 서버로 직접 호출하는 요청에는 CORS가 적용되지 않습니다. 면접에서는 이 차이를 매우 자주 묻습니다. 실무에서는 CORS를 보안 장치로 오해하면 API가 외부에서 호출될 수 있다는 점을 놓치기 쉽습니다. API 보안은 인증과 인가로 해결해야 합니다.		O	FALSE	X	TRUE					security	authentication	cors	backend
Q393	CSP		Security - 취약점	53	OX	EASY	CSP는 XSS 피해를 줄이는 데 도움이 될 수 있다.	CSP는 허용된 스크립트 출처를 제한해 XSS 실행 가능성을 낮추거나 피해를 완화할 수 있습니다. 다만 완전한 방어가 아니라 방어층 중 하나입니다. 면접에서는 CSP가 무엇을 막고 어떤 한계가 있는지 묻기도 합니다. 실무에서는 report-only로 먼저 적용하고 점진적으로 강화하는 경우가 많습니다. 프론트/백엔드 협업이 필요한 대표적 보안 설정입니다.		O	TRUE	X	FALSE					security	authentication	xss	csp
Q394	SQL Injection		Security - 취약점	53	OX	EASY	파라미터 바인딩을 사용하면 SQL Injection 위험을 크게 줄일 수 있다.	파라미터 바인딩은 입력을 값으로 처리해 쿼리 구조가 깨지지 않게 합니다. 그래서 문자열 결합 방식보다 훨씬 안전합니다. 면접에서는 PreparedStatement가 왜 안전한지 설명하는 문제가 자주 나옵니다. 실무에서도 ORM을 사용해도 Native Query나 동적 쿼리에서 실수가 생길 수 있습니다. 인증이 있어도 SQLi는 별개의 취약점이라 항상 방어해야 합니다.		O	TRUE	X	FALSE					security	authentication	sqli	backend
Q395	레이트 리밋		Security - 취약점	53	OX	EASY	로그인 레이트 리밋은 정상 사용자에게만 영향을 주고 공격자에게는 영향을 주지 않는다.	레이트 리밋은 공격자의 반복 시도를 제한해 공격 비용을 올립니다. 물론 정책이 나쁘면 정상 사용자도 불편해질 수 있어 튜닝이 필요합니다. 면접에서는 레이트 리밋의 효과와 우회 가능성, 그리고 계정 잠금의 트레이드오프를 묻습니다. 실무에서는 IP 기준뿐 아니라 계정/디바이스 기반도 함께 봅니다. CAPTCHA나 위험 기반 인증과 결합하면 효과가 커집니다.		O	FALSE	X	TRUE					security	authentication	rate_limit	backend
Q396	로그 민감정보		Security - 인증/인가	52	OX	EASY	Authorization 헤더나 쿠키는 민감 정보가 될 수 있으므로 로그에 마스킹하는 것이 좋다.	Authorization에 Bearer 토큰이 담기거나 쿠키에 세션 ID가 담길 수 있습니다. 이 값이 유출되면 계정 탈취로 이어질 수 있어 로그에는 마스킹/제거가 필요합니다. 면접에서는 운영 로그 보안에 대한 질문이 자주 나옵니다. 실무에서는 중앙 로그 수집 시스템의 접근 제어도 중요합니다. 이미 유출되었다면 세션 폐기나 키 롤오버 같은 조치가 필요합니다.		O	TRUE	X	FALSE					security	authentication	logging	backend
Q397	403 의미		Backend - 웹 서버 기초	17	OX	EASY	403은 보통 인증이 실패했을 때 반환하는 상태 코드다.	인증이 실패하거나 인증이 없는 경우는 보통 401이 더 적절합니다. 403은 인증은 되었지만 권한이 없을 때 자주 사용합니다. 면접에서는 401과 403을 구분하는 문제를 자주 출제합니다. 실무에서는 보안상 구체적인 메시지는 숨기더라도 상태코드 의미는 일관되게 유지하는 것이 좋습니다. 정책에 따라 401/403을 통일하기도 하지만 의도를 명확히 해야 합니다.		O	FALSE	X	TRUE					security	authentication	http	backend
Q398	세션 고정 방지		Security - 취약점	53	OX	EASY	로그인 성공 시 세션 ID를 재발급하면 세션 고정 공격을 줄이는 데 도움이 된다.	세션 고정은 공격자가 예측/주입한 세션 ID로 사용자를 로그인시키는 공격입니다. 로그인 시 세션을 재생성하면 공격자가 알고 있던 세션 ID가 무효화됩니다. 면접에서는 세션 기반 인증의 대표 보안 포인트로 자주 나옵니다. 실무에서는 권한 상승 시점에도 세션 재발급을 적용하는 것이 좋습니다. 쿠키 속성 설정과 함께 적용하면 방어가 강화됩니다.		O	TRUE	X	FALSE					security	authentication	session	backend
Q399	계정 잠금		Security - 취약점	53	OX	EASY	로그인 실패 시 무조건 계정을 오래 잠그는 정책은 항상 최선의 보안 대책이다.	강한 잠금은 브루트포스 방어에 도움이 되지만, 공격자가 일부러 실패를 반복해 정상 사용자를 막는 DoS가 될 수 있습니다. 그래서 무조건 오래 잠그는 것이 항상 최선은 아닙니다. 면접에서는 보안과 가용성의 균형을 묻는 질문이 나옵니다. 실무에서는 점진적 제한, 캡차, 위험 기반 인증, 관리자 해제 플로우를 함께 설계합니다. 사용자 지원 비용까지 고려해야 합니다.		O	FALSE	X	TRUE					security	authentication	brute_force	backend
Q400	최소 권한 원칙		Security - 인증/인가	52	OX	EASY	최소 권한 원칙은 계정이나 키에 필요한 권한만 부여해 피해 범위를 줄이는 데 도움이 된다.	최소 권한은 사고가 났을 때 피해를 제한하는 핵심 원칙입니다. 토큰이나 API Key가 유출되어도 과도한 권한이 없으면 피해가 줄어듭니다. 면접에서는 권한 설계와 스코프 분리 전략을 자주 묻습니다. 실무에서는 권한 남발, 관리자 계정 공유 같은 관행이 큰 사고를 만들곤 합니다. 감사 로그와 정기 권한 점검을 통해 권한이 비대해지지 않게 관리해야 합니다.		O	TRUE	X	FALSE					security	authentication	authorization	backend
Q401	PKCE		Security - 인증/인가	52	OX	MEDIUM	OAuth Authorization Code 흐름에서 PKCE는 코드 탈취(code interception) 위험을 줄이는 데 도움이 된다.	PKCE는 code_verifier와 code_challenge를 사용해 “인가 코드”가 중간에 탈취되더라도 토큰 교환을 어렵게 만드는 장치입니다. 특히 모바일/SPA처럼 클라이언트 시크릿을 안전하게 보관하기 어려운 환경에서 중요합니다. 면접에서는 PKCE가 왜 필요한지와 어떤 흐름에서 권장되는지 자주 묻습니다. 실무에서는 Authorization Code + PKCE를 기본값으로 두는 경우가 많습니다. 구현 시 verifier 저장 위치, 만료, 리다이렉트와 함께 정확히 맞춰야 합니다.		O	TRUE	X	FALSE					security	authentication	oauth	pkce
Q402	State 파라미터		Security - 인증/인가	52	OX	MEDIUM	OAuth의 state 파라미터는 CSRF 및 로그인 CSRF(세션 혼동) 방어에 사용될 수 있다.	state는 요청-응답을 묶어주는 난수로, 공격자가 사용자를 악성 인증 플로우에 태우는 것을 막는 데 도움됩니다. 면접에서는 state를 “반드시 검증해야 한다”는 점이 단골로 나옵니다. 실무에서는 state에 세션 식별자나 nonce를 저장하고 서버에서 검증하는 패턴이 많습니다. state를 생략하면 계정 연결 혼동이나 리다이렉트 공격 위험이 커집니다. 또한 redirect uri 검증과 함께 방어해야 안전합니다.		O	TRUE	X	FALSE					security	authentication	oauth	csrf
Q403	Nonce(OIDC)		Security - 인증/인가	52	OX	MEDIUM	OIDC에서 nonce는 재사용(Replay) 공격을 완화하고 ID Token이 “이 요청에 대한 응답”임을 확인하는 데 도움된다.	nonce는 클라이언트가 생성해 요청에 넣고, ID Token에 반영되는 값을 검증합니다. 이를 통해 토큰 재사용이나 세션 혼동을 줄일 수 있습니다. 면접에서는 state와 nonce의 역할 차이를 구분하는 질문이 나올 수 있습니다. 실무에서는 nonce 저장/만료 정책이 중요하고, 브라우저 저장소에 노출되지 않게 주의합니다. nonce 검증이 빠지면 다른 세션의 토큰을 받아들이는 문제가 생길 수 있습니다.		O	TRUE	X	FALSE					security	authentication	oidc	token
Q404	ID Token 용도		Security - 인증/인가	52	OX	MEDIUM	OIDC의 ID Token은 보통 API 권한(Authorization)을 표현하는 토큰이므로 리소스 서버 접근에 사용한다.	ID Token은 “인증 결과(사용자 정보)”를 나타내는 것이 주 목적입니다. API 접근 권한은 Access Token이 담당하는 것이 일반적입니다. 면접에서는 ID Token과 Access Token의 역할 혼동을 자주 체크합니다. 실무에서 ID Token을 API 호출에 쓰면 검증 대상(aud)과 스코프 개념이 어긋나 보안 문제가 생길 수 있습니다. 리소스 서버는 Access Token을 검증해 권한을 판단하는 설계를 권장합니다.		O	FALSE	X	TRUE					security	authentication	oidc	backend
Q405	JWKS		Security - 인증/인가	52	OX	MEDIUM	공개키 기반 JWT 검증에서 JWKS는 서명 검증에 사용할 키(공개키) 목록을 제공하는 데 쓰인다.	JWKS는 JSON Web Key Set으로, 공개키 목록을 제공해 토큰 서명 검증에 활용됩니다. 키 회전(rotate) 상황에서 서버가 최신 키를 받아 검증할 수 있게 합니다. 면접에서는 “키 회전 시 기존 토큰은 어떻게 검증하나” 같은 질문으로 확장됩니다. 실무에서는 JWKS 캐싱과 갱신 주기, 장애 시 fallback 정책이 중요합니다. 또한 kid 헤더를 신뢰하되, 허용된 키 셋 내에서만 선택하도록 구현해야 합니다.		O	TRUE	X	FALSE					security	authentication	jwt	jwks
Q406	JWT kid		Security - 취약점	53	OX	MEDIUM	JWT의 kid 헤더를 그대로 사용해 외부 URL에서 키를 받아오도록 구현하면 SSRF 같은 위험이 커질 수 있다.	kid 또는 jku 등을 이용해 서버가 임의의 URL로 키를 가져오게 만들면 SSRF/키 주입 위험이 생깁니다. 면접에서는 “토큰 헤더로 검증 키를 결정할 때의 위험”을 자주 묻습니다. 실무에서는 검증 키 소스를 고정하고, 허용된 JWKS에서만 kid를 매칭하는 방식이 안전합니다. 외부 네트워크 접근을 막거나 allowlist를 적용하는 것도 중요합니다. 잘못된 키 로딩은 인증 우회로 직결될 수 있습니다.		O	TRUE	X	FALSE					security	authentication	jwt	ssrf
Q407	서명 vs 암호화		Security - 암호화	55	OX	MEDIUM	JWT 서명(JWS)은 토큰 내용의 기밀성(숨김)을 보장한다.	서명은 위변조 방지(무결성)와 발급자 확인에 가깝고, 내용 숨김(기밀성)을 제공하지 않습니다. 면접에서 매우 자주 나오는 함정 포인트입니다. 실무에서는 민감 정보를 페이로드에 넣지 않고, 필요하면 JWE 같은 암호화를 별도로 사용합니다. 또한 토큰 길이와 노출 경로(로그/URL)도 고려해야 합니다. “서명=암호화”로 착각하면 설계가 위험해집니다.		O	FALSE	X	TRUE					security	authentication	jwt	crypto
Q408	Token Revocation		Backend - 인증/인가	18	OX	MEDIUM	무상태 JWT를 쓰더라도 리프레시 토큰을 서버에 저장하고 회수(revocation)하면 로그아웃/강제 만료를 더 잘 구현할 수 있다.	Access Token이 무상태라도 Refresh Token을 서버에서 통제하면 세션 제어력이 생깁니다. 로그아웃 시 RT를 폐기하면 이후 재발급이 막혀 사실상 강제 로그아웃 효과가 커집니다. 면접에서는 “JWT 로그아웃을 어떻게 보완하나”가 자주 나옵니다. 실무에서는 RT 로테이션, 기기별 세션, 블랙리스트/버전 전략을 조합합니다. 요구 보안 수준에 따라 구현 복잡도가 달라집니다.		O	TRUE	X	FALSE					security	authentication	token	backend
Q409	CSRF 토큰 한계		Security - 취약점	53	OX	MEDIUM	CSRF 토큰을 사용하면 XSS가 있어도 CSRF는 항상 완벽히 방어된다.	XSS가 있으면 공격자가 브라우저 내에서 토큰을 읽거나 정상 요청을 만들어낼 수 있어 CSRF 토큰도 무력화될 수 있습니다. 면접에서는 “CSRF vs XSS” 관계를 자주 묻습니다. 실무에서는 CSRF 토큰은 CSRF에 대한 방어이고, XSS는 별도의 방어(출력 인코딩, CSP, 입력 검증)가 필요합니다. 즉, 한 겹의 방어만으로는 충분하지 않습니다. 보안은 여러 층의 조합으로 접근해야 합니다.		O	FALSE	X	TRUE					security	authentication	csrf	xss
Q410	SameSite 한계		Backend - 인증/인가	18	OX	MEDIUM	SameSite 설정만으로 모든 종류의 CSRF를 완벽히 차단할 수 있다.	SameSite는 CSRF를 완화하는 데 유용하지만, 모든 환경과 모든 시나리오를 완벽히 막지는 못합니다. 예를 들어 레거시 브라우저, 특수한 리다이렉트/폼 전송, 요구사항 때문에 None을 써야 하는 경우 등이 있습니다. 면접에서는 SameSite의 장점과 한계를 함께 묻습니다. 실무에서는 CSRF 토큰, Origin/Referer 검증과 병행하는 전략이 흔합니다. 서비스 특성과 브라우저 호환성을 고려해 정책을 정해야 합니다.		O	FALSE	X	TRUE					security	authentication	csrf	cookie
Q411	OAuth Scope		Security - 인증/인가	52	OX	MEDIUM	OAuth scope를 좁게 설계하면 토큰 유출 시 피해 범위를 줄이는 데 도움이 된다.	scope는 토큰이 할 수 있는 일을 제한하는 권한 범위입니다. 최소 권한 원칙에 따라 scope를 좁히면 사고 시 피해가 줄어듭니다. 면접에서는 scope와 권한 모델(RBAC/ABAC) 연결 질문이 나올 수 있습니다. 실무에서는 읽기/쓰기 분리, 민감 API 별도 scope 분리 같은 설계가 중요합니다. scope가 뭉뚱그려져 있으면 토큰 하나 유출로 피해가 커집니다.		O	TRUE	X	FALSE					security	authentication	oauth	authorization
Q412	Audience(aud)		Security - 인증/인가	52	OX	MEDIUM	JWT의 aud(대상) 검증을 하지 않으면 다른 서비스용 토큰을 잘못 받아들일 수 있다.	aud는 토큰이 “어떤 대상(리소스 서버)”을 위한 것인지 나타냅니다. 검증을 하지 않으면 A 서비스 토큰으로 B 서비스가 접근되는 혼동이 생길 수 있습니다. 면접에서는 iss/aud/exp 기본 클레임 검증이 단골입니다. 실무에서는 마이크로서비스 환경에서 특히 중요하며, 서비스별 audience를 명확히 구분합니다. 토큰 혼용은 권한 오남용으로 이어질 수 있습니다. 따라서 검증 로직을 표준화하는 것이 좋습니다.		O	TRUE	X	FALSE					security	authentication	jwt	backend
Q413	Clock Skew		Backend - 인증/인가	18	OX	MEDIUM	exp 검증에서 서버 시간 오차(clock skew)를 전혀 고려하지 않으면 정상 토큰이 간헐적으로 거부될 수 있다.	분산 환경에서는 서버 시간 오차가 발생할 수 있습니다. exp/nbf 검증에서 오차를 전혀 허용하지 않으면 정상 사용자도 토큰이 “미리 만료”된 것처럼 거부될 수 있습니다. 면접에서는 clock skew 처리와 NTP 동기화를 묻기도 합니다. 실무에서는 소량의 허용 오차를 두고, 서버 시간 동기화를 철저히 합니다. 다만 허용 오차를 과도하게 주면 보안이 약해질 수 있어 균형이 필요합니다.		O	TRUE	X	FALSE					security	authentication	token	backend
Q414	비밀번호 해시 업그레이드		Security - 암호화	55	OX	MEDIUM	bcrypt cost를 올리거나 알고리즘을 바꿔도 기존 사용자 비밀번호는 재해싱할 수 없다.	비밀번호 원문을 저장하지 않기 때문에 일괄 재해싱은 어렵지만, “로그인 시점에 재해싱”하는 방식으로 점진적 업그레이드가 가능합니다. 면접에서는 이런 마이그레이션 전략을 아는지 묻기도 합니다. 실무에서는 해시 메타정보(알고리즘, cost)를 저장해 업그레이드 필요 여부를 판단합니다. 사용자에게 비밀번호 변경을 유도하는 방식도 보조 전략입니다. 즉, 재해싱이 “불가능”이 아니라 “전략이 필요”합니다.		O	FALSE	X	TRUE					security	authentication	password	crypto
Q415	로그인 시도 잠금		Security - 취약점	53	OX	MEDIUM	계정 잠금 정책은 브루트포스 방어에 도움되지만, 공격자가 이를 악용해 정상 사용자를 막는 DoS를 유발할 수도 있다.	계정 잠금은 공격 비용을 올리지만, 공격자가 일부러 실패를 반복해 사용자를 못 쓰게 만드는 문제가 생깁니다. 면접에서는 이 트레이드오프를 이해하는지 자주 봅니다. 실무에서는 지수 백오프, CAPTCHA, 위험 기반 인증 등으로 완화합니다. 잠금 해제 플로우가 허술하면 사회공학 공격의 표적이 될 수도 있습니다. 정책은 보안과 가용성, 운영 비용을 함께 고려해야 합니다.		O	TRUE	X	FALSE					security	authentication	brute_force	backend
Q416	권한 캐시		Backend - 인증/인가	18	OX	MEDIUM	권한 정보를 캐싱할 때는 권한 변경 시 캐시 무효화 전략을 고려하지 않으면 변경이 즉시 반영되지 않을 수 있다.	권한은 변경이 일어나면 즉시 반영되어야 하는 경우가 많습니다. 캐싱하면 성능은 좋아지지만, 무효화가 없으면 “철회된 권한이 계속 남는” 문제가 생길 수 있습니다. 면접에서는 캐시의 일관성과 보안 트레이드오프를 묻기도 합니다. 실무에서는 TTL을 짧게 하거나 이벤트 기반 무효화, 버전 기반 검증을 사용합니다. 특히 관리자 권한 철회 같은 민감 변경은 즉시 반영이 중요합니다. 캐시 전략은 보안 요구 수준에 맞춰야 합니다.		O	TRUE	X	FALSE					security	authentication	cache	backend
Q417	역할 기반만으로 충분		Backend - 인증/인가	18	OX	MEDIUM	RBAC만 구현하면 리소스 소유권 검증은 필요 없고, 수평 권한 상승(IDOR)도 자동으로 막힌다.	RBAC는 “역할” 기준 권한을 주지만, 같은 역할 내에서 다른 사용자 리소스에 접근하는 문제는 별도입니다. 예를 들어 USER 역할이 다른 사람의 주문/프로필을 조회하면 IDOR가 됩니다. 면접에서는 RBAC과 소유권/속성 기반 검증을 함께 이야기할 수 있어야 합니다. 실무에서는 URL 경로의 id를 그대로 믿지 않고, 현재 사용자와 리소스 소유자 일치를 검증합니다. 권한은 역할 + 소유권 + 컨텍스트 조합으로 보는 게 안전합니다. RBAC만으로는 충분하지 않은 경우가 많습니다.		O	FALSE	X	TRUE					security	authentication	authorization	idor
Q418	mTLS		Network - 보안 및 HTTPS	32	OX	MEDIUM	mTLS는 서버뿐 아니라 클라이언트도 인증서를 제시해 상호 인증을 수행하는 방식이다.	mTLS는 양쪽이 인증서를 제시해 상호 신원을 검증합니다. 내부 서비스 간 통신에서 서비스 위조를 줄이고 접근 제어를 강화하는 데 쓰입니다. 면접에서는 mTLS가 어디에 유용한지(마이크로서비스, 제로트러스트)를 묻기도 합니다. 실무에서는 인증서 발급/회전/폐기 운영이 복잡하지만, 보안 수준을 크게 올릴 수 있습니다. 또한 네트워크 경계만 믿지 않는 설계에서 중요한 도구입니다. 성능 영향과 장애 대응도 함께 고려합니다.		O	TRUE	X	FALSE					security	authentication	mtls	network
Q419	API Gateway 인증		Backend - 아키텍처 패턴	20	OX	MEDIUM	API Gateway에서 인증을 처리하더라도, 내부 서비스가 인가 검증을 전혀 하지 않아도 항상 안전하다.	게이트웨이에서 1차 인증을 하더라도, 내부 서비스가 완전히 신뢰할 수 있는 네트워크에만 존재한다는 보장은 없습니다. 내부 호출이 우회되거나, 잘못된 라우팅, 내부자 공격, SSRF 등을 통해 직접 호출될 수 있습니다. 면접에서는 “경계 방어만으로 충분한가”를 자주 묻습니다. 실무에서는 내부 서비스도 최소한의 검증(토큰/서명/권한)을 하거나 mTLS, 서비스 간 인증을 적용합니다. 특히 인가(권한)는 최종 리소스를 가진 서비스가 책임져야 안전합니다. 게이트웨이는 편의와 중앙화에 좋지만 단일 방어선이 되면 위험합니다.		O	FALSE	X	TRUE					security	authentication	gateway	backend
Q420	보안 헤더 - Referrer Policy		Security - 취약점	53	OX	MEDIUM	Referrer-Policy를 적절히 설정하면 URL에 포함된 민감 정보가 외부로 흘러가는 위험을 줄일 수 있다.	Referer 헤더는 사용자가 어떤 페이지에서 왔는지 알려주는데, URL에 민감 정보가 있으면 외부로 유출될 수 있습니다. 그래서 Referrer-Policy를 통해 어떤 수준까지 보내는지 제어할 수 있습니다. 면접에서는 토큰을 URL에 넣으면 위험한 이유를 여기까지 확장해 묻기도 합니다. 실무에서는 strict-origin-when-cross-origin 같은 정책을 많이 사용합니다. 물론 최선은 URL에 민감 정보를 넣지 않는 것입니다. 하지만 부득이한 경우라도 유출 경로를 줄이는 설정이 도움이 됩니다. 보안 헤더는 작은 설정 같아도 사고를 줄입니다.		O	TRUE	X	FALSE					security	authentication	header	backend
Q421	Session Hijacking		Security - 취약점	53	OX	MEDIUM	세션 하이재킹은 세션 ID를 탈취해 피해자 권한으로 서비스에 접근하는 공격이다.	세션 ID가 인증 수단처럼 동작하는 시스템에서 자주 발생하는 공격입니다. 공격자는 네트워크 스니핑, XSS, 로그 유출 등으로 세션 ID를 얻어 피해자처럼 행동할 수 있습니다. 면접에서는 세션 하이재킹을 막기 위한 HttpOnly/Secure, 세션 재발급, 짧은 만료, 기기 바인딩 같은 방어를 함께 묻습니다. 실무에서는 세션 저장소 접근 통제와 로깅 마스킹도 중요합니다. 또한 이상 로그인 탐지와 강제 로그아웃 정책이 사고 대응에 필요합니다. 공격 자체를 완전히 막기보다 “발생 확률과 피해”를 줄이는 방향으로 설계합니다.		O	TRUE	X	FALSE					security	authentication	session	backend
Q422	Session Cookie Scope		Backend - 인증/인가	18	OX	MEDIUM	쿠키의 Path/Domain 범위를 넓게 잡아도 보안 위험은 변하지 않으므로 운영이 편한 쪽이 좋다.	쿠키 범위를 넓히면 더 많은 경로/서브도메인으로 쿠키가 전송되어 공격 표면이 커집니다. 한 서브도메인이 취약하면 세션 탈취나 악용 위험이 높아질 수 있습니다. 면접에서는 쿠키 스코프 최소화 원칙을 이해하는지 자주 봅니다. 실무에서는 가능하면 host-only 쿠키를 쓰고, Domain 지정이 꼭 필요한 경우만 제한적으로 사용합니다. Path도 최소화하면 노출 경로가 줄어듭니다. 운영 편의보다 보안 리스크가 더 클 수 있다는 점을 기억해야 합니다.		O	FALSE	X	TRUE					security	authentication	cookie	backend
Q423	Token Binding		Security - 인증/인가	52	OX	MEDIUM	토큰을 특정 기기/클라이언트 정보와 바인딩하면 토큰이 탈취되었을 때 다른 환경에서 재사용하기 더 어려워질 수 있다.	바인딩은 토큰이 특정 컨텍스트에서만 유효하도록 만드는 개념입니다. 예를 들어 디바이스 식별자, 클라이언트 인증서, 키 기반 서명(DPoP 등)과 결합하면 재사용이 어려워집니다. 면접에서는 토큰 탈취 이후 재사용을 어떻게 줄일지 질문이 나올 수 있습니다. 실무에서는 완벽한 기기 식별이 어렵고 우회도 가능하지만, 보안 레이어로는 의미가 있습니다. 다만 도입하면 장애/기기 변경 시 UX 이슈가 생길 수 있어 정책 설계가 중요합니다. “절대 안전”이 아니라 “재사용 난이도 상승”으로 이해해야 합니다.		O	TRUE	X	FALSE					security	authentication	token	backend
Q424	DPoP		Security - 인증/인가	52	OX	MEDIUM	DPoP는 토큰을 ‘증명키’로 묶어 토큰 탈취 후 재사용을 줄이려는 접근이다.	DPoP는 클라이언트가 매 요청마다 증명(JWT) 서명을 제공해, 토큰이 해당 키를 가진 클라이언트에서 쓰이고 있음을 증명하는 방식입니다. 면접에서는 “Bearer 토큰의 재사용 문제”를 어떻게 줄일지 확장 질문이 나올 수 있습니다. 실무에서는 구현 복잡도와 클라이언트 지원 범위가 관건입니다. 하지만 고보안 환경에서는 유용한 방향성입니다. 키 보관과 로테이션, 시간 동기화 같은 운영 요소도 함께 고려해야 합니다. 단순히 HTTPS만으로 해결되지 않는 문제를 다루는 기법입니다.		O	TRUE	X	FALSE					security	authentication	oauth	token
Q425	JWT Blacklist		Backend - 인증/인가	18	OX	MEDIUM	JWT 블랙리스트(denylist)를 운영하면 무상태 토큰의 ‘강제 로그아웃’ 구현에 도움이 될 수 있다.	JWT는 기본적으로 무상태라 로그아웃 제어가 어렵습니다. 블랙리스트를 두면 특정 토큰을 거부하도록 만들 수 있어 강제 로그아웃에 도움이 됩니다. 면접에서는 블랙리스트의 단점(저장소/조회 비용, TTL 관리, 장애 시 정책)을 함께 묻기도 합니다. 실무에서는 TTL을 토큰 만료와 맞추고 캐시(예: Redis)로 운영하는 경우가 많습니다. 다만 트래픽이 많으면 조회 비용이 커질 수 있어 토큰 버전 전략과 비교해 선택합니다. 요구 보안 수준과 성능을 함께 고려해야 합니다.		O	TRUE	X	FALSE					security	authentication	jwt	backend
Q426	Stateless = No DB		Backend - 인증/인가	18	OX	MEDIUM	JWT를 쓰면 무상태이므로 사용자 권한 변경이나 계정 정지 정보를 DB에서 확인할 필요가 없다.	JWT 자체만 보면 서버가 상태를 저장하지 않을 수 있지만, 권한 변경/계정 정지 같은 정책은 별도 검증이 필요할 수 있습니다. 예를 들어 관리자가 계정을 정지했는데 토큰이 남아 있으면 계속 접근이 가능해집니다. 면접에서는 “정지/탈퇴 반영을 어떻게 하냐”가 단골 질문입니다. 실무에서는 사용자 상태를 조회하거나 토큰 버전, 세션 저장, RT 통제 등으로 반영합니다. 완전 무상태는 편하지만 정책 요구를 못 맞출 수 있습니다. 시스템 요구사항에 따라 상태 확인을 설계해야 합니다.		O	FALSE	X	TRUE					security	authentication	jwt	backend
Q427	Authorization Cache		Backend - 인증/인가	18	OX	MEDIUM	권한 캐싱을 한다면 권한 변경 이벤트가 발생했을 때 캐시 무효화(또는 버전 갱신)를 설계해야 한다.	권한은 보안 정책과 직결되므로 변경이 빠르게 반영되어야 합니다. 캐시를 쓰면 성능은 좋아지지만 무효화가 없으면 철회된 권한이 남을 수 있습니다. 면접에서는 캐시 일관성과 보안 트레이드오프를 자주 묻습니다. 실무에서는 TTL을 짧게 하거나, 권한 버전을 토큰/세션에 포함해 mismatch 시 재검증하는 전략을 씁니다. 이벤트 기반 무효화는 운영 복잡도가 있지만 정확성이 좋아집니다. 민감 권한은 캐시보다 실시간 검증이 더 적합할 수도 있습니다.		O	TRUE	X	FALSE					security	authentication	cache	backend
Q428	IDOR		Security - 취약점	53	OX	MEDIUM	IDOR는 권한 검증이 약할 때 URL의 id 값만 바꿔 다른 사람 리소스에 접근하는 취약점이다.	IDOR는 수평 권한 상승의 대표 사례입니다. 인증은 되어 있어도 소유권 검증이 없으면 쉽게 터질 수 있습니다. 면접에서는 RBAC만으로 충분하지 않은 이유로 IDOR를 연결해 묻는 경우가 많습니다. 실무에서는 리소스 조회/변경 시 항상 “현재 사용자와 리소스 소유자”를 확인합니다. 특히 숫자 증가형 ID는 스캔이 쉽기 때문에 더 위험합니다. 보안 테스트에서 자주 잡히는 항목이라 예방 습관이 중요합니다.		O	TRUE	X	FALSE					security	authentication	idor	backend
Q429	UUID로 IDOR 방지		Security - 취약점	53	OX	MEDIUM	리소스 ID를 UUID로 바꾸면 IDOR는 자동으로 완벽히 방지된다.	UUID는 추측 난이도를 올려주지만, 권한 검증이 없으면 여전히 IDOR가 가능합니다. 공격자가 UUID를 알아내는 경로(로그, 공유 링크, 유출)가 있으면 똑같이 취약합니다. 면접에서는 “난독화는 보안이 아니다”라는 관점을 자주 봅니다. 실무에서는 UUID 사용 여부와 관계없이 소유권/권한 검증을 반드시 해야 합니다. UUID는 보조적인 완화책일 뿐입니다. 따라서 설계의 핵심은 접근 제어 로직입니다. 공격 모델을 넓게 보아야 합니다.		O	FALSE	X	TRUE					security	authentication	idor	backend
Q430	CSP 한계		Security - 취약점	53	OX	MEDIUM	CSP를 적용하면 XSS가 존재해도 항상 완벽히 막을 수 있다.	CSP는 XSS 완화에 큰 도움을 주지만 완벽한 방어는 아닙니다. 정책이 느슨하면 효과가 약하고, 인라인 허용이나 넓은 출처 허용은 위험합니다. 면접에서는 CSP가 “방어층” 중 하나라는 점을 이해하는지 봅니다. 실무에서는 출력 인코딩과 입력 검증이 기본이고 CSP는 추가 방어입니다. report-only로 점진 적용하며, nonce 기반 정책을 고려합니다. 또한 서드파티 스크립트가 많으면 적용이 어려울 수 있어 설계 단계에서 고민해야 합니다. 결국 XSS 원인 제거가 핵심입니다.		O	FALSE	X	TRUE					security	authentication	xss	csp
Q431	SameSite와 SSO		Backend - 인증/인가	18	OX	MEDIUM	SSO/외부 리다이렉트 기반 로그인에서는 SameSite 설정이 로그인 유지에 영향을 줄 수 있다.	외부 도메인을 거치는 리다이렉트 플로우에서는 크로스 사이트 쿠키 동작이 중요합니다. SameSite 설정이 너무 엄격하면 쿠키가 전송되지 않아 로그인 상태가 깨질 수 있습니다. 면접에서는 SameSite 옵션이 실무에서 어떤 문제를 만들 수 있는지 묻기도 합니다. 실무에서는 None+Secure를 요구하는 경우가 있고, CSRF 토큰 등과 병행하여 보안을 맞춥니다. 브라우저 정책 변화로 이슈가 자주 발생하므로 테스트가 필수입니다. 보안과 UX의 균형이 실제 운영 포인트입니다.		O	TRUE	X	FALSE					security	authentication	cookie	sso
Q432	Referer 검증		Security - 취약점	53	OX	MEDIUM	CSRF 방어로 Referer 검증을 사용할 때, Referer는 언제나 존재하고 위조될 수 없으므로 단독으로 믿어도 된다.	Referer는 누락될 수 있고, 정책/프록시/브라우저 설정에 의해 기대와 다르게 동작할 수 있습니다. 그래서 단독 방어로는 오탐/미탐이 생길 수 있습니다. 면접에서는 Referer/Origin 검증의 한계와 보조 전략을 묻습니다. 실무에서는 CSRF 토큰과 병행하거나, 누락 시 정책을 명확히 정합니다. 지나치게 강경하면 정상 요청을 막아 장애가 될 수 있습니다. 반대로 느슨하면 공격을 놓칠 수 있어 균형이 필요합니다. 결국 신뢰할 수 있는 신호를 조합하는 접근이 중요합니다.		O	FALSE	X	TRUE					security	authentication	csrf	backend
Q433	Password Reset Token 저장		Security - 취약점	53	OX	MEDIUM	비밀번호 재설정 토큰을 DB에 저장할 때, 토큰 원문을 그대로 저장하면 DB 유출 시 위험하므로 해시로 저장하는 방식이 더 안전할 수 있다.	재설정 토큰은 사실상 계정 접근 권한이므로 유출 시 위험합니다. 원문 저장은 DB 유출 시 즉시 악용될 수 있어 해시로 저장하면 피해를 줄일 수 있습니다. 면접에서는 “토큰도 비밀번호처럼 다루라”는 관점이 나올 수 있습니다. 실무에서는 토큰을 1회용으로 만들고 짧게 만료시키며, 사용 즉시 폐기합니다. 이메일 링크 유출 가능성도 고려해 알림과 이상 탐지를 함께 합니다. 저장 방식 하나가 전체 보안 수준에 영향을 줍니다. 원문 저장이 편해도 위험이 큽니다.		O	TRUE	X	FALSE					security	authentication	reset	backend
Q434	Rate Limit 키 설계		Security - 취약점	53	OX	MEDIUM	로그인 레이트 리밋을 IP 기준으로만 하면 프록시/NAT 환경에서 정상 사용자가 함께 차단될 수 있다.	IP 기반 제한은 구현이 쉽지만, 회사/학교/모바일망처럼 NAT를 쓰는 환경에서 정상 사용자가 함께 묶일 수 있습니다. 면접에서는 IP 기준 정책의 한계와 보완책(계정 기준, 디바이스, 행동 기반)을 묻습니다. 실무에서는 계정+IP 조합, 지수 백오프, 위험 기반 정책을 섞습니다. 공격자는 IP를 회전시킬 수 있어 IP만으로는 부족할 수도 있습니다. 따라서 키 설계가 핵심입니다. 사용성/보안/운영 비용을 함께 고려해야 합니다. 단순 정책이 항상 최선은 아닙니다.		O	TRUE	X	FALSE					security	authentication	rate_limit	backend
Q435	Bcrypt와 타이밍		Security - 암호화	55	OX	MEDIUM	bcrypt 비용(cost)을 너무 낮게 잡으면 대량 대입 공격 비용이 줄어 위험해질 수 있다.	cost가 낮으면 해시 계산이 빠르기 때문에 공격자가 많은 후보를 빠르게 시도할 수 있습니다. 반대로 너무 높이면 정상 로그인도 느려져 서비스 품질이 떨어집니다. 면접에서는 cost 튜닝 기준(서버 자원, QPS)을 물을 수 있습니다. 실무에서는 목표 지연 시간을 정하고 하드웨어 성능에 맞게 cost를 설정합니다. 트래픽이 늘면 재조정도 필요합니다. 즉, 보안과 성능의 균형이 핵심입니다. 정답은 “적절한 비용 설정”이지 무조건 높이는 게 아닙니다. 운영 환경에 맞춘 튜닝이 중요합니다.		O	TRUE	X	FALSE					security	authentication	bcrypt	backend
Q436	Session Fixation		Security - 취약점	53	OX	MEDIUM	로그인 전후에 세션 ID가 동일하게 유지되어도 세션 고정(Session Fixation) 위험과는 무관하다.	로그인 전후 세션 ID가 유지되면 공격자가 미리 알고 있던 세션을 로그인 세션으로 고정시킬 수 있어 위험해집니다. 그래서 로그인 성공 시 세션 재생성이 권장됩니다. 면접에서는 세션 고정과 세션 하이재킹 차이를 구분해 묻기도 합니다. 실무에서는 권한 상승 시점에도 세션 재발급을 적용하는 패턴이 있습니다. 프레임워크 설정으로 자동 재생성이 되는지 확인해야 합니다. 쿠키 속성도 함께 맞춰야 방어가 강화됩니다. “무관”이 아니라 “연관이 큰” 보안 포인트입니다.		O	FALSE	X	TRUE					security	authentication	session	backend
Q437	mTLS 운영		Network - 보안 및 HTTPS	32	OX	MEDIUM	mTLS를 도입하면 서비스 간 통신 보안이 좋아지지만, 인증서 발급/회전/폐기 운영 복잡도가 증가할 수 있다.	mTLS는 상호 인증으로 서비스 위조를 줄이고 제로트러스트에 도움이 됩니다. 하지만 인증서 라이프사이클 관리가 복잡해 운영 난이도가 올라갑니다. 면접에서는 기술 자체보다 운영 측면까지 이해하는지 보기도 합니다. 실무에서는 서비스 메시(예: Istio)로 인증서 관리를 자동화하는 경우가 많습니다. 그래도 장애 시 디버깅이 어려울 수 있어 모니터링이 필요합니다. 보안은 운영 가능한 수준에서 도입해야 지속됩니다. 비용 대비 효과를 평가하는 것이 중요합니다.		O	TRUE	X	FALSE					security	authentication	mtls	backend
Q438	Gateway 단일 방어선		Backend - 아키텍처 패턴	20	OX	MEDIUM	게이트웨이에서 인증/인가를 모두 처리하면 내부 서비스는 어떤 검증도 하지 않는 것이 더 안전하다.	단일 지점에만 방어를 두면 우회 경로가 생길 때 전체가 뚫릴 수 있습니다. 내부 서비스가 직접 호출될 가능성(SSRF, 내부자, 잘못된 라우팅)을 고려해야 합니다. 면접에서는 “경계 방어만으로 충분한가”를 자주 묻습니다. 실무에서는 내부 서비스도 최소한의 검증을 하거나 mTLS/서명 검증을 적용합니다. 특히 인가는 “최종 리소스 소유 서비스”가 책임지는 것이 안전합니다. 게이트웨이는 편의와 중앙화에 좋지만 단일 방어선이 되면 위험합니다. 방어는 계층화(defense in depth)해야 합니다.		O	FALSE	X	TRUE					security	authentication	gateway	backend
Q439	Audit Log		Security - 인증/인가	52	OX	MEDIUM	권한 변경(관리자 부여/회수) 같은 보안 이벤트는 감사 로그(Audit Log)로 남기면 사고 조사와 탐지에 도움이 된다.	권한 변경은 민감 이벤트라 추적 가능성이 매우 중요합니다. 감사 로그는 누가 언제 어떤 권한을 부여/회수했는지 남겨 사고 조사와 이상 행위 탐지에 도움이 됩니다. 면접에서는 감사 로그와 최소 권한 원칙을 함께 묻기도 합니다. 실무에서는 로그 위변조 방지(append-only), 접근 통제, 보관 기간 정책이 중요합니다. 또한 개인정보/민감정보는 마스킹하고, 필요한 정보만 남기는 균형이 필요합니다. 탐지 규칙과 알림을 붙이면 예방 효과가 커집니다. “기록이 곧 보안”이라는 관점이 실무에서 매우 중요합니다.		O	TRUE	X	FALSE					security	authentication	audit	backend
Q440	Secret 관리		Security - 취약점	53	OX	MEDIUM	API Key나 OAuth Client Secret을 소스 코드에 하드코딩해도 private repository면 보안상 충분히 안전하다.	private repo라도 키 유출 사고는 자주 발생합니다. 내부자 접근, CI 로그 노출, 잘못된 공유, 빌드 아티팩트 유출 등 다양한 경로가 있습니다. 면접에서는 시크릿 관리(환경변수, 시크릿 매니저, KMS) 원칙을 자주 묻습니다. 실무에서는 키를 코드 밖으로 분리하고, 접근 권한 최소화와 키 회전을 운영합니다. 이미 커밋된 키는 히스토리에서 완전히 제거하기 어렵기 때문에 즉시 폐기/재발급이 필요합니다. “private라 괜찮다”는 흔한 오해입니다. 보안은 가정이 아니라 통제와 절차로 지켜야 합니다.		O	FALSE	X	TRUE					security	authentication	secret	backend
Q441	KMS		Security - 암호화	55	OX	MEDIUM	KMS는 암호화 키를 안전하게 보관하고 접근 제어/감사를 제공해 키 관리 리스크를 줄이는 데 도움된다.	키 관리가 약하면 암호화 자체가 무력화될 수 있어 운영에서 가장 중요한 부분입니다. KMS는 키 생성, 저장, 접근 제어, 사용 감사 로그를 중앙에서 관리할 수 있게 해줍니다. 면접에서는 KMS를 쓰는 이유가 “암호화 알고리즘”이 아니라 “키 관리”라는 점을 자주 묻습니다. 실무에서는 앱이 키 원문을 직접 다루지 않게 설계하고, 키 회전과 권한 분리를 적용합니다. 또한 누가 어떤 키를 언제 사용했는지 추적 가능해야 사고 조사에 유리합니다. 결국 암호화의 품질은 키 운영 품질에 달려 있습니다.		O	TRUE	X	FALSE					security	authentication	kms	crypto
Q442	HSM		Security - 암호화	55	OX	MEDIUM	HSM은 키를 하드웨어 경계 안에서 보호해 키 유출 가능성을 낮추는 데 사용될 수 있다.	HSM은 키를 하드웨어에서 생성/보관/연산해 키 원문이 외부로 잘 나오지 않게 합니다. 그래서 금융/고보안 환경에서 많이 쓰입니다. 면접에서는 HSM과 KMS의 역할 차이를 묻기도 합니다. 실무에서는 비용과 운영 난이도가 높지만, 규제 대응이나 높은 보안 수준이 필요한 경우 가치가 큽니다. 장애/성능/백업 전략까지 포함해 설계해야 합니다. 키 보안이 곧 데이터 보안이라 투자 포인트가 됩니다.		O	TRUE	X	FALSE					security	authentication	hsm	crypto
Q443	Key Rotation		Security - 암호화	55	OX	MEDIUM	키 회전(Key Rotation)을 하면 과거에 암호화된 데이터는 즉시 복호화가 불가능해지므로 서비스가 중단된다.	키 회전은 보통 “새 키로 새 데이터 암호화”부터 시작하고, 기존 데이터는 점진적으로 재암호화하거나 여러 키를 병행 지원하는 방식으로 처리합니다. 그래서 설계를 잘하면 서비스 중단 없이 운영할 수 있습니다. 면접에서는 키 회전 시 “구키로 암호문을 어떻게 처리하나”를 묻습니다. 실무에서는 키 버전 관리와 복호화 시도 순서, 데이터 마이그레이션 배치가 핵심입니다. 무조건 즉시 불가능해지는 게 아니라 운영 전략의 문제입니다. 다만 잘못 설계하면 복호화 실패로 장애가 날 수 있어 테스트가 중요합니다.		O	FALSE	X	TRUE					security	authentication	crypto	rotation
Q444	Secrets Manager		Security - 취약점	53	OX	MEDIUM	시크릿 매니저를 사용하면 시크릿을 코드 밖에서 관리하고 접근 권한을 최소화하는 데 도움이 된다.	시크릿을 코드에 하드코딩하면 유출 경로가 너무 많아집니다. 시크릿 매니저는 접근 통제, 감사 로그, 회전, 배포를 체계화하는 데 유리합니다. 면접에서는 “환경변수만으로 충분한가” 같은 질문으로 확장될 수 있습니다. 실무에서는 CI/CD에서 시크릿을 안전하게 주입하고, 로그에 노출되지 않게 마스킹하는 것이 중요합니다. 또한 권한을 최소화해 특정 서비스만 필요한 시크릿에 접근하도록 합니다. 시크릿 관리가 곧 운영 보안의 기본기입니다.		O	TRUE	X	FALSE					security	authentication	secret	backend
Q445	JWT Issuer(iss)		Security - 인증/인가	52	OX	MEDIUM	JWT에서 iss(발급자) 검증이 없으면 다른 발급자가 만든 토큰을 잘못 신뢰할 위험이 커진다.	iss는 토큰을 누가 발급했는지 나타내며, 신뢰 경계를 정의합니다. 검증이 없으면 공격자가 다른 IdP/환경에서 만든 토큰을 섞어 넣는 혼동이 생길 수 있습니다. 면접에서는 aud/iss/exp 검증을 기본 수칙으로 묻는 경우가 많습니다. 실무에서는 환경별(dev/stg/prod) issuer를 명확히 분리하고, 설정 실수로 교차 수용되지 않게 합니다. 또한 다중 IdP를 지원할 때는 issuer allowlist와 키 셋을 연결해야 안전합니다. 검증 누락은 인증 우회로 이어질 수 있습니다.		O	TRUE	X	FALSE					security	authentication	jwt	oidc
Q446	Algorithm Allowlist		Security - 취약점	53	OX	MEDIUM	JWT 검증에서 허용 알고리즘(alg)을 서버가 고정(allowlist)하는 것은 알고리즘 혼동 공격을 줄이는 데 도움이 된다.	토큰 헤더의 alg를 그대로 신뢰하면 none/약한 알고리즘 등으로 우회될 수 있습니다. 서버가 허용 알고리즘을 고정하고 키 유형과 매칭하면 위험을 크게 줄일 수 있습니다. 면접에서는 “alg=none” 이슈와 함께 자주 나옵니다. 실무에서는 라이브러리 기본값을 그대로 믿지 않고 설정으로 제한합니다. 또한 kid 기반 키 선택도 “내가 가진 키 셋 안에서만” 하도록 구현합니다. 작은 설정 하나가 인증 보안의 품질을 좌우합니다. 방어는 기본값을 안전하게 만드는 것부터 시작합니다.		O	TRUE	X	FALSE					security	authentication	jwt	vulnerability
Q447	Access Token 저장 위치		Security - 취약점	53	OX	MEDIUM	SPA에서 Access Token을 localStorage에 저장하면 XSS가 발생했을 때 토큰 탈취 위험이 커질 수 있다.	localStorage는 자바스크립트로 접근 가능하므로 XSS가 있으면 토큰을 쉽게 빼갈 수 있습니다. 면접에서는 “localStorage vs HttpOnly 쿠키” 트레이드오프를 자주 묻습니다. 실무에서는 XSS 방어가 완벽하지 않다는 전제하에 토큰 저장 전략을 고민합니다. HttpOnly 쿠키는 탈취 위험을 줄이지만 CSRF 방어가 필요해지는 등 trade-off가 있습니다. 결국 저장 위치 하나로 모든 보안을 해결할 수는 없습니다. 공격 모델을 기준으로 설계를 선택해야 합니다.		O	TRUE	X	FALSE					security	authentication	xss	token
Q448	HttpOnly = CSRF 안전		Security - 취약점	53	OX	MEDIUM	HttpOnly 쿠키를 쓰면 자바스크립트가 쿠키를 못 읽으니 CSRF도 자동으로 방어된다.	CSRF는 브라우저가 쿠키를 자동 전송하는 성질을 이용하기 때문에, HttpOnly 여부와 직접적으로 해결되지 않습니다. HttpOnly는 XSS로 쿠키를 “읽는 것”을 막을 뿐입니다. 면접에서는 HttpOnly와 CSRF를 혼동하는 함정 질문이 많습니다. 실무에서는 SameSite, CSRF 토큰, Origin 검증 등 별도 방어가 필요합니다. HttpOnly는 좋은 방어층이지만 만능은 아닙니다. 보안 속성은 역할이 각각 다릅니다. 정확히 구분해야 설계 실수가 줄어듭니다.		O	FALSE	X	TRUE					security	authentication	csrf	cookie
Q449	CSRF Token 전달 방식		Security - 취약점	53	OX	MEDIUM	CSRF 토큰을 쿠키에 넣고 요청 헤더에도 넣어 두 값을 비교하는 방식(Double Submit Cookie)은 구현 패턴 중 하나다.	Double Submit Cookie는 서버 세션 저장 없이도 CSRF 방어를 구성할 수 있는 패턴입니다. 쿠키와 헤더(또는 바디)에 같은 토큰을 보내고 서버가 일치 여부를 확인합니다. 면접에서는 이 패턴의 장점/한계를 묻기도 합니다. 실무에서는 XSS가 있으면 토큰을 훔칠 수 있어 XSS 방어가 여전히 중요합니다. 또한 브라우저/프록시 환경에서 헤더 전달이 안정적인지 고려해야 합니다. 프레임워크 기본 CSRF 보호와 비교해 선택하는 경우가 많습니다. 중요한 건 “쿠키 자동 전송”만 믿지 않도록 설계하는 것입니다.		O	TRUE	X	FALSE					security	authentication	csrf	backend
Q450	Open Redirect와 OAuth		Security - 취약점	53	OX	MEDIUM	OAuth에서 redirect uri 검증이 허술하면 Open Redirect나 토큰/코드 탈취로 이어질 수 있다.	redirect uri는 인증 결과가 도착하는 지점이라 공격 표면이 큽니다. 느슨하면 공격자가 자기 도메인으로 코드를 받아 토큰을 탈취할 수 있습니다. 면접에서는 redirect uri allowlist, exact match, state 검증을 묶어서 질문합니다. 실무에서는 와일드카드 허용을 최소화하고, 개발 환경 분리를 체계적으로 운영합니다. 또한 리다이렉트 파라미터가 중첩된 구조는 오픈 리다이렉트 위험이 커질 수 있어 주의합니다. 인증은 “돌아오는 경로”가 보안의 핵심일 때가 많습니다. 구현 편의보다 검증 강도가 중요합니다.		O	TRUE	X	FALSE					security	authentication	oauth	redirect
Q451	OAuth Implicit		Security - 인증/인가	52	OX	MEDIUM	Implicit Flow는 과거에 SPA에서 쓰였지만, 현재는 Authorization Code + PKCE가 더 권장되는 흐름으로 자주 언급된다.	Implicit는 토큰이 URL 프래그먼트 등으로 노출될 수 있고, 보안 위험이 커 권장도가 낮아졌습니다. 그래서 SPA에서도 Authorization Code + PKCE가 표준에 가깝게 자리 잡았습니다. 면접에서는 “왜 Implicit가 비권장인지”를 물어볼 수 있습니다. 실무에서는 브라우저 히스토리/로그/리퍼러 등 노출 경로를 줄이는 것이 중요합니다. 또한 IdP 문서에서도 최신 권장 플로우를 따르는 것이 일반적입니다. 오래된 구현을 그대로 유지하면 사고 확률이 올라갑니다. 점진적 마이그레이션 전략을 준비해야 합니다.		O	TRUE	X	FALSE					security	authentication	oauth	pkce
Q452	Rate Limit 우회		Security - 취약점	53	OX	MEDIUM	IP 기반 레이트 리밋은 공격자가 IP를 바꾸거나 분산시키면 우회될 수 있으므로 단독으로는 부족할 수 있다.	공격자는 프록시, 봇넷 등으로 IP를 분산해 제한을 우회할 수 있습니다. 면접에서는 IP 기반 제한의 한계를 알고 있는지 봅니다. 실무에서는 계정 기준, 디바이스 지문, 행동 기반 신호를 조합합니다. 또한 로그인 실패 패턴, 지리적 이상 징후 등을 함께 탐지하면 효과가 커집니다. 단일 지표로 방어하면 공격이 적응하기 쉬워집니다. 방어는 다층으로 쌓아야 합니다. 운영 비용과 오탐/미탐도 함께 고려해야 합니다.		O	TRUE	X	FALSE					security	authentication	rate_limit	backend
Q453	CAPTCHA		Security - 취약점	53	OX	MEDIUM	CAPTCHA는 자동화 공격 비용을 올릴 수 있지만, 모든 공격을 완벽히 차단하는 만능 해결책은 아니다.	CAPTCHA는 봇을 막는 데 도움이 되지만, 사람을 동원하거나 우회 기법이 존재합니다. 면접에서는 CAPTCHA의 효과와 한계, 그리고 사용자 경험 문제를 함께 묻습니다. 실무에서는 위험 기반으로 “의심스러운 상황에서만” 노출해 UX를 보호합니다. 또한 CAPTCHA만으로는 계정 탈취나 피싱을 해결하지 못합니다. 레이트 리밋, MFA, 탐지 로직과 결합해야 효과가 좋습니다. 만능 수단으로 과신하면 방어가 허술해집니다. 적절한 위치에 배치하는 것이 핵심입니다.		O	TRUE	X	FALSE					security	authentication	captcha	backend
Q454	Audit Log 개인정보		Security - 인증/인가	52	OX	MEDIUM	감사 로그는 많이 남길수록 좋으니, 토큰/비밀번호 같은 민감 정보도 그대로 남기는 것이 유리하다.	감사 로그는 중요하지만, 민감 정보를 그대로 남기면 로그 자체가 유출 지점이 됩니다. 면접에서는 “무엇을 남기고 무엇을 마스킹하나”를 물을 수 있습니다. 실무에서는 토큰/쿠키/비밀번호는 절대 원문으로 남기지 않고, 식별자/요약 정보만 남깁니다. 로그 접근 권한을 최소화하고, 보관 기간과 파기 정책을 둡니다. 감사 로그는 보안 도구이지만 동시에 위험 자산이기도 합니다. 안전한 로깅 설계가 중요합니다. 기록의 목적은 추적 가능성이지 민감정보 수집이 아닙니다.		O	FALSE	X	TRUE					security	authentication	audit	logging
Q455	Privilege Escalation		Security - 취약점	53	OX	MEDIUM	수직 권한 상승은 일반 사용자가 관리자 기능을 호출할 수 있게 되는 유형의 취약점이다.	수직 권한 상승은 역할/등급이 다른 기능에 접근하는 문제입니다. 예를 들어 USER가 ADMIN API를 호출하는 경우가 대표적입니다. 면접에서는 수평(IDOR)과 수직 권한 상승의 차이를 구분하는 질문이 자주 나옵니다. 실무에서는 엔드포인트별 권한 체크와 내부 도메인 규칙 검증을 함께 적용합니다. 또한 테스트에서 권한 매트릭스를 만들어 커버리지 있게 검증하는 것이 좋습니다. 권한 설계가 복잡할수록 실수가 늘어날 수 있어 자동화 테스트가 유용합니다. 접근 제어는 기능마다 일관된 규칙이 필요합니다.		O	TRUE	X	FALSE					security	authentication	authorization	backend
Q456	RBAC Drift		Backend - 인증/인가	18	OX	MEDIUM	RBAC 운영에서 시간이 지나며 역할에 권한이 계속 붙기만 하면 권한 비대화(권한 드리프트) 문제가 생길 수 있다.	역할은 시간이 지나면 요구사항이 늘어 권한이 계속 추가되는 경향이 있습니다. 이렇게 되면 최소 권한 원칙이 깨지고 사고 시 피해 범위가 커집니다. 면접에서는 권한 점검과 역할 설계의 어려움을 묻기도 합니다. 실무에서는 정기 권한 리뷰, 역할 분리, 권한 만료/요청 기반 부여 같은 운영을 합니다. 감사 로그와 함께 “누가 어떤 권한을 가지고 있는지” 가시성이 중요합니다. RBAC은 편하지만, 운영을 소홀히 하면 보안 부채가 쌓입니다. 권한은 기능처럼 계속 리팩터링이 필요합니다.		O	TRUE	X	FALSE					security	authentication	rbac	backend
Q457	mTLS와 인가		Network - 보안 및 HTTPS	32	OX	MEDIUM	mTLS는 서비스 간 ‘신원’ 확인에는 도움되지만, 애플리케이션 레벨의 권한(인가)까지 자동으로 해결해주지는 않는다.	mTLS는 “누가 통신하는지”를 강하게 확인하는 데 유용합니다. 하지만 어떤 요청이 어떤 리소스에 접근할 수 있는지(인가)는 애플리케이션 정책입니다. 면접에서는 인증(신원)과 인가(권한) 구분을 네트워크 레벨까지 확장해 묻기도 합니다. 실무에서는 mTLS로 서비스 신원을 확인하고, 그 위에 RBAC/ABAC 같은 정책을 적용합니다. 또한 내부 서비스라도 최소 권한을 적용해 범위를 제한해야 합니다. 네트워크 보안은 중요한 레이어지만 만능은 아닙니다. 최종 권한은 도메인이 책임져야 합니다.		O	TRUE	X	FALSE					security	authentication	mtls	authorization
Q458	OAuth Token Scope 검증		Security - 인증/인가	52	OX	MEDIUM	리소스 서버가 scope 검증을 하지 않으면, 토큰이 있어도 권한 범위를 제대로 제한하지 못할 수 있다.	scope는 토큰 권한 범위를 제한하는 핵심 신호입니다. 검증을 하지 않으면 읽기 토큰으로 쓰기 API를 호출하는 등 오남용이 생길 수 있습니다. 면접에서는 scope가 어디에서 검증되어야 하는지를 묻기도 합니다. 실무에서는 게이트웨이에서 1차로 확인해도, 최종 리소스 서버에서 다시 확인하는 설계가 안전합니다. 또한 scope 설계가 뭉뚱그려져 있으면 검증해도 의미가 약해집니다. 최소 권한 원칙에 맞게 scope를 세분화하는 것이 중요합니다. 권한 모델이 커질수록 자동화 테스트로 검증을 강화해야 합니다.		O	TRUE	X	FALSE					security	authentication	oauth	authorization
Q459	JWT Clock Skew 허용		Backend - 인증/인가	18	OX	MEDIUM	exp/nbf 검증에서 clock skew를 고려해 약간의 허용 오차를 두는 것은 보안에 도움이 되며, 허용 오차가 클수록 더 안전하다.	약간의 허용 오차는 분산 환경에서 정상 토큰이 거부되는 문제를 줄이는 데 도움이 됩니다. 하지만 허용 오차가 너무 크면 만료된 토큰이 더 오래 유효해져 보안이 약해질 수 있습니다. 면접에서는 “허용 오차의 트레이드오프”를 이해하는지 봅니다. 실무에서는 작은 범위로 제한하고, NTP 동기화로 시간을 맞추는 것이 핵심입니다. 무조건 크게 잡는 게 안전한 게 아니라, 운영 안정성과 보안을 함께 고려해야 합니다. 정책은 시스템 특성에 따라 조정됩니다. ‘적절한’ 허용 오차가 정답입니다.		O	FALSE	X	TRUE					security	authentication	jwt	backend
Q460	공격 표면(Attack Surface)		Security - 취약점	53	OX	MEDIUM	공격 표면을 줄인다는 것은 불필요한 엔드포인트/권한/노출 정보를 줄여 악용 가능성을 낮추는 접근이다.	공격 표면은 공격자가 시도해볼 수 있는 모든 경로와 자원을 의미합니다. 불필요한 엔드포인트, 디버그 기능, 과한 권한, 과한 에러 메시지는 공격 표면을 넓힙니다. 면접에서는 보안은 기능 추가뿐 아니라 “제거/제한”도 중요하다는 관점을 보기도 합니다. 실무에서는 admin API를 내부망으로 분리하거나, feature flag로 노출을 제어하는 방식이 흔합니다. 또한 보안 헤더, 에러 메시지 단순화, 최소 권한 적용이 모두 공격 표면 축소에 해당합니다. 작은 것들이 모여 큰 사고를 막습니다. 보안은 설계/운영 습관의 합입니다.		O	TRUE	X	FALSE					security	authentication	hardening	backend
Q461	OAuth Client Secret		Security - 인증/인가	52	OX	MEDIUM	SPA(브라우저) 앱에서 OAuth Client Secret을 안전하게 숨길 수 있으므로 클라이언트에 포함해도 된다.	브라우저 앱은 사용자가 소스와 네트워크를 볼 수 있어 시크릿을 숨기기 어렵습니다. 그래서 SPA에서는 Client Secret을 쓰는 방식이 부적절한 경우가 많습니다. 면접에서는 “public client vs confidential client” 차이를 통해 확인합니다. 실무에서는 Authorization Code + PKCE를 사용하고, secret이 필요한 처리는 백엔드(BFF)에서 수행합니다. secret을 프론트에 넣으면 사실상 공개된 것으로 봐야 합니다. 잘못된 설계는 앱 사칭과 토큰 발급 악용으로 이어질 수 있습니다. 보안은 숨김이 아니라 신뢰 모델을 제대로 세우는 것입니다.		O	FALSE	X	TRUE					security	authentication	oauth	pkce
Q462	Confidential Client		Security - 인증/인가	52	OX	MEDIUM	서버 애플리케이션은 일반적으로 OAuth에서 confidential client로 분류되고, client secret을 비교적 안전하게 보관할 수 있다.	서버는 시크릿을 서버 환경(시크릿 매니저 등)에 보관할 수 있어 confidential client로 취급됩니다. 반면 브라우저/모바일은 public client라 시크릿 보관이 어렵습니다. 면접에서는 이 분류를 정확히 알고 있는지 자주 봅니다. 실무에서는 server-to-server 통신, 백엔드에서 토큰 교환, BFF 패턴에서 이 개념이 중요합니다. 물론 서버도 유출 가능성이 있어 접근 통제와 회전이 필요합니다. “비교적 안전”이지 “절대 안전”은 아닙니다. 운영 체계가 보안 수준을 좌우합니다.		O	TRUE	X	FALSE					security	authentication	oauth	backend
Q463	Token in URL		Security - 취약점	53	OX	MEDIUM	토큰을 URL 쿼리스트링에 넣으면 브라우저 히스토리, 로그, 리퍼러로 노출될 수 있어 위험할 수 있다.	URL은 다양한 곳에 흔적이 남습니다. 브라우저 히스토리, 서버/프록시 로그, Referer 헤더로 다른 사이트에 전파될 수 있습니다. 면접에서는 “왜 토큰을 URL에 두면 안 되나”로 자주 나옵니다. 실무에서는 Authorization 헤더나 안전한 쿠키를 사용하고, 불가피하면 매우 짧은 수명과 1회용 코드로 대체합니다. 또한 Referrer-Policy로 유출 경로를 줄일 수 있습니다. 토큰 노출은 곧 계정 탈취로 이어질 수 있어 매우 민감합니다. 설계 단계에서 차단하는 것이 좋습니다.		O	TRUE	X	FALSE					security	authentication	token	backend
Q464	Redirect URI Wildcard		Security - 인증/인가	52	OX	MEDIUM	OAuth redirect uri에 와일드카드를 넓게 허용하면 운영이 편해지고, 보안 영향은 거의 없다.	redirect uri는 공격자가 가장 노리는 지점 중 하나입니다. 와일드카드를 넓게 허용하면 악성 서브경로나 서브도메인으로 코드/토큰이 전달될 수 있어 위험이 커집니다. 면접에서는 redirect uri는 allowlist로 “정확 일치”가 안전하다는 점을 자주 묻습니다. 실무에서는 환경별 URI를 명확히 등록하고, 필요하면 사전에 승인된 패턴만 제한적으로 사용합니다. 운영 편의를 위해 보안을 낮추면 사고 확률이 올라갑니다. 인증 시스템은 편의보다 안전성이 우선입니다. 작은 허용이 큰 사고로 이어질 수 있습니다.		O	FALSE	X	TRUE					security	authentication	oauth	redirect
Q465	Access Token Audience		Security - 인증/인가	52	OX	MEDIUM	한 서비스용 Access Token을 다른 서비스가 그대로 받아들이지 않도록 audience(aud) 검증이 중요할 수 있다.	마이크로서비스 환경에서는 토큰이 “어디를 위한 것인지”를 명확히 해야 합니다. aud 검증이 없으면 다른 서비스용 토큰으로 잘못 접근이 가능해집니다. 면접에서 iss/aud/exp 검증은 단골입니다. 실무에서는 서비스별 audience를 분리하고, 게이트웨이와 리소스 서버에서 일관되게 검증합니다. 토큰 혼용은 권한 오남용으로 이어질 수 있어 위험합니다. 특히 여러 IdP/환경이 섞일 때 검증이 더 중요합니다. 검증 규칙을 공통 라이브러리로 표준화하는 것도 좋은 방법입니다.		O	TRUE	X	FALSE					security	authentication	jwt	backend
Q466	Scope vs Role		Backend - 인증/인가	18	OX	MEDIUM	OAuth scope는 주로 토큰이 할 수 있는 행위를 제한하는 신호이고, RBAC role은 사용자/주체의 권한을 묶어 관리하는 모델로 볼 수 있다.	scope는 토큰 관점에서 가능한 행위를 제한하고, role은 조직/서비스 내부 권한 모델로 사용되는 경우가 많습니다. 면접에서는 이 둘을 혼동하지 않는지 확인합니다. 실무에서는 scope를 API 레벨 권한으로 쓰고, role은 도메인 권한으로 사용하며 둘을 매핑하기도 합니다. 설계가 커질수록 “토큰 권한”과 “도메인 권한”을 분리하는 것이 유지보수에 유리합니다. 다만 지나치게 복잡해지면 운영이 어려워질 수 있어 균형이 필요합니다. 결국 중요한 건 최소 권한 원칙을 실제로 적용하는 것입니다.		O	TRUE	X	FALSE					security	authentication	oauth	rbac
Q467	JWT Payload PII		Security - 취약점	53	OX	MEDIUM	JWT는 서명되어 있으니 개인정보(전화번호/주소 등)를 페이로드에 넣어도 외부에 노출되지 않는다.	서명은 무결성을 보장할 뿐, 내용을 숨기지 않습니다. JWT는 base64url로 쉽게 디코딩되어 페이로드가 읽힐 수 있습니다. 면접에서는 “서명=암호화가 아니다”를 단골로 묻습니다. 실무에서는 민감 정보를 토큰에 넣지 않고, 필요한 최소 식별자만 담습니다. 꼭 숨겨야 하면 JWE 같은 암호화 토큰을 고려하거나 서버 조회로 대체합니다. 로그/URL/클라이언트 저장소 등 노출 경로도 많습니다. 토큰은 공개될 수 있다는 전제로 설계해야 안전합니다.		O	FALSE	X	TRUE					security	authentication	jwt	pii
Q468	Refresh Token Storage		Security - 인증/인가	52	OX	MEDIUM	Refresh Token을 서버에서 저장/관리하면 강제 로그아웃, 기기별 세션 관리 같은 제어가 더 쉬워질 수 있다.	Refresh Token을 서버에서 관리하면 회수(revoke)나 기기별 세션 제어가 가능합니다. 면접에서는 Access/Refresh 분리의 이유로 자주 나옵니다. 실무에서는 RT 로테이션과 재사용 탐지로 보안을 높이기도 합니다. 다만 서버 저장은 운영 복잡도와 저장소 의존성을 증가시킬 수 있습니다. 요구 보안 수준이 높을수록 이런 제어가 유리합니다. 또한 RT는 유출 시 위험이 커서 더 강하게 보호해야 합니다. 저장 시 해시로 보관하는 전략도 고려됩니다.		O	TRUE	X	FALSE					security	authentication	refresh	backend
Q469	CSRF on Authorization Header		Security - 취약점	53	OX	MEDIUM	브라우저는 임의의 사이트가 사용자의 Authorization 헤더를 자동으로 붙여서 요청해주므로, Bearer 토큰을 헤더에 쓰면 CSRF가 자동으로 발생한다.	CSRF는 주로 “자동 쿠키 전송”을 이용합니다. Authorization 헤더는 브라우저가 자동으로 붙이지 않으며, 공격자가 마음대로 사용자의 헤더를 붙여 보낼 수 있는 구조는 아닙니다. 면접에서는 쿠키 기반과 헤더 기반의 CSRF 위험 차이를 묻기도 합니다. 실무에서는 헤더 기반 토큰은 CSRF 위험이 상대적으로 낮지만, XSS에 취약해질 수 있어 저장/노출 경로를 조심해야 합니다. 또한 CORS와 preflight 동작도 함께 이해해야 합니다. 보안은 공격 벡터가 달라지는 것이지 사라지는 게 아닙니다. 상황에 맞는 방어를 선택해야 합니다.		O	FALSE	X	TRUE					security	authentication	csrf	token
Q470	XSS와 토큰 탈취		Security - 취약점	53	OX	MEDIUM	토큰을 브라우저 저장소에 보관하는 경우, XSS는 토큰 탈취로 이어질 수 있어 특히 위험하다.	XSS는 브라우저 내에서 악성 스크립트를 실행하게 만들기 때문에 저장소 토큰을 훔치기 쉽습니다. 면접에서는 토큰 저장 위치와 XSS 위협 모델을 연결해 묻는 경우가 많습니다. 실무에서는 입력/출력 검증, CSP, 프레임워크 기본 방어를 적극 활용합니다. 토큰을 HttpOnly 쿠키로 옮기면 탈취 위험은 줄지만 CSRF 방어가 필요해집니다. 어느 선택이든 trade-off가 존재합니다. 중요한 것은 “XSS를 줄이는 개발 습관”과 “피해 최소화(짧은 만료, 회수 전략)”입니다. 단일 방어로 완벽하다고 생각하면 위험합니다.		O	TRUE	X	FALSE					security	authentication	xss	token
Q471	401 vs 403		Network - HTTP	31	OX	MEDIUM	401은 인증이 필요하거나 실패한 경우에, 403은 인증은 되었지만 권한이 없는 경우에 주로 사용된다.	HTTP 상태코드 의미는 클라이언트 동작과 보안 정책에 영향을 줍니다. 401은 인증 요구/실패를 나타내고, 403은 권한 부족을 나타내는 것이 일반적입니다. 면접에서는 이 구분을 자주 묻습니다. 실무에서는 보안상 상세 메시지를 숨기더라도 상태코드 의미는 일관되게 유지하는 편이 좋습니다. 다만 정책에 따라 401/403 사용을 통일하는 팀도 있으니, 의도를 설명할 수 있어야 합니다. 결국 중요한 건 인증과 인가의 책임 분리입니다. 상태코드가 잘못되면 디버깅과 UX가 어려워질 수 있습니다.		O	TRUE	X	FALSE					security	authentication	http	backend
Q472	Password Hashing		Security - 암호화	55	OX	MEDIUM	비밀번호 저장은 보통 단방향 해시를 사용하며, 암호화처럼 복호화가 필요하지 않다는 점이 핵심이다.	비밀번호는 원문을 복구할 필요가 없으므로 해시가 일반적입니다. 면접에서는 암호화와 해시의 차이를 묻고, 왜 비밀번호는 해시여야 하는지 확인합니다. 실무에서는 bcrypt/argon2 같은 느린 해시 알고리즘을 사용해 대입 공격 비용을 올립니다. 또한 salt를 적용해 같은 비밀번호라도 결과가 같지 않게 만듭니다. 단, 해시라도 유출되면 오프라인 크랙이 가능하므로 정책과 모니터링이 필요합니다. 비밀번호 재사용 문제도 고려해야 합니다. 인증은 저장 방식에서부터 보안이 결정됩니다.		O	TRUE	X	FALSE					security	authentication	password	crypto
Q473	Salt		Security - 암호화	55	OX	MEDIUM	Salt는 같은 비밀번호라도 사용자마다 다른 해시 결과를 만들 수 있게 해 레인보우 테이블 공격을 어렵게 한다.	salt는 해시 입력에 섞는 랜덤 값으로, 동일 비밀번호의 결과를 다르게 만들어줍니다. 이로 인해 미리 계산한 테이블(레인보우 테이블) 공격이 훨씬 어려워집니다. 면접에서는 salt와 pepper를 구분해 설명할 수도 있으면 좋습니다. 실무에서는 salt는 사용자별로 저장해도 되며, pepper는 서버 비밀값으로 별도 보관하는 경우가 있습니다. salt가 있어도 약한 비밀번호는 크랙될 수 있으니 정책과 MFA가 중요합니다. 또한 해시 알고리즘 선택이 핵심이고, 단순 SHA는 부적절합니다. 저장 보안은 여러 요소의 조합입니다. 기본기지만 사고가 자주 나는 영역입니다.		O	TRUE	X	FALSE					security	authentication	salt	password
Q474	Pepper		Security - 암호화	55	OX	MEDIUM	Pepper는 보통 DB에 함께 저장해두는 추가 값이라 유출에도 도움이 되는 안전장치다.	pepper는 서버 측 비밀값으로 DB와 분리해 보관하는 것이 일반적입니다. DB에 같이 저장해버리면 유출 시 방어 효과가 거의 줄어듭니다. 면접에서는 pepper의 목적이 “DB 유출 시 추가 방어”라는 점을 묻기도 합니다. 실무에서는 HSM/KMS/시크릿 매니저 등에 저장하고 접근을 통제합니다. 다만 pepper 운영은 복잡도를 올리므로 팀 역량과 요구 수준에 맞춰 도입합니다. pepper가 있어도 약한 비밀번호는 공격 대상이므로 정책과 MFA가 중요합니다. 결국 목적에 맞게 저장 위치를 설계해야 합니다. 잘못 저장하면 오히려 안심만 하게 됩니다.		O	FALSE	X	TRUE					security	authentication	pepper	password
Q475	계정 정지 반영		Backend - 인증/인가	18	OX	MEDIUM	Access Token만 검증하는 시스템에서, 계정이 정지되어도 토큰이 만료될 때까지 접근이 가능할 수 있다.	토큰이 유효하면 서버가 추가 상태를 조회하지 않는 설계에서는 이런 문제가 생길 수 있습니다. 면접에서는 “계정 정지/권한 회수는 어떻게 즉시 반영하나”가 자주 나옵니다. 실무에서는 토큰 만료를 짧게 하거나, 토큰 버전/블랙리스트/서버 상태 조회로 보완합니다. 고보안 시스템일수록 “즉시 반영” 요구가 강합니다. 반면 단순 서비스는 짧은 만료로 타협하기도 합니다. 요구사항에 맞는 정책 선택이 중요합니다. 인증은 ‘발급’보다 ‘회수’가 더 어렵습니다. 이 부분을 설계에 포함해야 합니다.		O	TRUE	X	FALSE					security	authentication	token	backend
Q476	로그 마스킹		Security - 취약점	53	OX	MEDIUM	토큰/세션 ID가 로그에 남으면 접근 권한이 탈취될 수 있어 마스킹 또는 수집 제외가 필요할 수 있다.	토큰과 세션 ID는 사실상 인증 수단이라 유출 시 계정 탈취로 이어집니다. 로그는 중앙 수집/공유가 많아 유출 경로가 다양합니다. 면접에서는 운영 로그 보안을 묻기도 합니다. 실무에서는 Authorization, Cookie 헤더를 마스킹하고, 예외 상황에서도 원문을 남기지 않게 합니다. 이미 유출됐으면 토큰 폐기/세션 무효화가 필요합니다. 로그 접근 권한을 최소화하고 감사 로그를 남기는 것도 중요합니다. 보안은 코드뿐 아니라 운영 데이터에서도 발생합니다. 작은 실수가 큰 사고로 이어질 수 있습니다.		O	TRUE	X	FALSE					security	authentication	logging	backend
Q477	Samesite Lax		Backend - 인증/인가	18	OX	MEDIUM	SameSite=Lax는 일반적인 폼 POST로 발생하는 CSRF를 일부 완화할 수 있지만, 모든 시나리오를 막는 것은 아니다.	Lax는 일부 크로스 사이트 요청에서 쿠키 전송을 제한해 CSRF를 줄이는 데 도움됩니다. 다만 모든 요청 유형/브라우저 동작을 완벽히 커버하지는 못합니다. 면접에서는 Strict/Lax/None 차이와 실무 선택 기준을 묻습니다. 실무에서는 로그인/SSO 요구와 충돌할 수 있어 정책 조정이 필요합니다. CSRF 토큰과 병행하면 방어가 더 강해집니다. 정책 하나로 끝내지 말고 여러 방어를 조합해야 합니다. 또한 프론트/백엔드 라우팅 구조에 따라 동작이 달라질 수 있습니다. 항상 실제 브라우저에서 테스트하는 것이 중요합니다.		O	TRUE	X	FALSE					security	authentication	cookie	csrf
Q478	CORS = 보안 장치		Security - 취약점	53	OX	MEDIUM	CORS를 엄격하게 설정하면 인증/인가 없이도 외부에서 API 호출을 막을 수 있어 보안이 완벽해진다.	CORS는 브라우저의 제약일 뿐, 서버가 외부 호출을 막아주는 “인증/인가” 장치가 아닙니다. 공격자는 서버-서버 요청이나 다양한 도구로 API를 호출할 수 있습니다. 면접에서는 CORS를 보안 장치로 오해하는지 자주 봅니다. 실무에서는 CORS는 프론트 통신 제어에 도움이 되지만, API 보안은 인증/인가로 해결해야 합니다. 또한 잘못된 CORS 설정은 정상 기능을 깨거나, 오히려 과도하게 허용될 수 있습니다. CORS는 방어층이 아니라 호환/정책에 가깝습니다. 네트워크 경계와 애플리케이션 보안을 분리해 이해해야 합니다. 보안은 신뢰할 수 있는 검증으로 구성해야 합니다.		O	FALSE	X	TRUE					security	authentication	cors	backend
Q479	최소 권한 원칙		Security - 인증/인가	52	OX	MEDIUM	최소 권한 원칙은 토큰 스코프, 서비스 계정 권한, DB 권한 등 다양한 레벨에서 적용될 수 있다.	최소 권한은 모든 계층에서 적용 가능한 기본 원칙입니다. 토큰 scope, IAM 정책, DB 계정 권한 등 어디든 과한 권한이 있으면 사고가 커집니다. 면접에서는 최소 권한을 어떻게 실무에 적용하는지 묻기도 합니다. 실무에서는 권한을 쪼개고, 필요 시점에만 부여하며, 정기 점검으로 권한 드리프트를 줄입니다. 감사 로그와 권한 리뷰 프로세스도 함께 운영합니다. 권한 설계는 처음뿐 아니라 지속적인 관리가 필요합니다. 작은 편의로 권한을 넓히면 나중에 줄이기 어려워집니다. 보안은 습관과 운영 체계의 결과입니다.		O	TRUE	X	FALSE					security	authentication	authorization	iam
Q480	Defense in Depth		Security - 취약점	53	OX	MEDIUM	방어 심층(Defense in Depth)은 한 가지 통제에만 의존하지 않고 여러 방어층을 쌓아 사고 가능성과 피해를 줄이는 접근이다.	보안은 단일 장치가 깨지면 끝나는 구조가 위험합니다. 그래서 인증/인가, 입력 검증, 보안 헤더, 로깅/탐지, 네트워크 통제 등 여러 층을 쌓습니다. 면접에서는 “왜 단일 방어선이 위험한가”를 자주 묻습니다. 실무에서는 게이트웨이에서 인증을 하더라도 내부 서비스 인가를 유지하는 것이 한 예입니다. 또한 XSS를 막기 위해 인코딩 + CSP + 프레임워크 방어를 같이 씁니다. 여러 방어층은 운영 복잡도를 올리지만, 사고 확률과 피해를 크게 줄일 수 있습니다. 중요한 건 각 층이 서로 다른 실패 모드를 커버하도록 설계하는 것입니다. 결국 보안은 ‘확률 관리’입니다.		O	TRUE	X	FALSE					security	authentication	hardening	backend
Q481	OAuth Device Code		Security - 인증/인가	52	OX	MEDIUM	Device Code Flow는 입력 장치가 제한된 TV/콘솔 같은 환경에서 사용자 로그인을 지원하기 위해 사용될 수 있다.	Device Code Flow는 브라우저 입력이 불편한 기기에서 인증을 가능하게 하는 패턴입니다. 기기는 사용자에게 코드와 URL을 보여주고, 사용자는 다른 기기에서 로그인/승인합니다. 면접에서는 OAuth 흐름을 환경별로 선택할 수 있는지 묻기도 합니다. 실무에서는 코드 만료와 폴링 주기 제한을 잘 설정해야 남용을 막을 수 있습니다. 또한 사용자가 승인했는지 여부를 안전하게 확인하는 설계가 중요합니다. 입력이 불편한 기기에서 UX를 살리면서도 보안을 유지하는 접근입니다. 모바일/TV 앱에서 실제로 많이 쓰입니다. 인증은 디바이스 특성을 반영해야 합니다.		O	TRUE	X	FALSE					security	authentication	oauth	device
Q482	OAuth ROPC		Security - 인증/인가	52	OX	MEDIUM	Resource Owner Password Credentials(ROPC) 흐름은 보안상 더 강력하므로 최신 서비스에서 기본 권장된다.	ROPC는 사용자 비밀번호를 클라이언트가 직접 다뤄야 해서 위험이 큽니다. 그래서 최신 권장 흐름이라고 보기 어렵고, 가능하면 다른 흐름을 선택하는 경우가 많습니다. 면접에서는 “왜 ROPC가 비권장인가”를 묻기도 합니다. 실무에서는 레거시/신뢰 가능한 1st-party 앱 등 제한된 상황에서만 고려합니다. 비밀번호 취급은 사고 가능성을 크게 올립니다. 대신 Authorization Code + PKCE 같은 안전한 흐름을 우선합니다. 서비스가 커질수록 ROPC는 운영 리스크가 큽니다. 비밀번호는 가능한 한 직접 받지 않는 설계가 좋습니다.		O	FALSE	X	TRUE					security	authentication	oauth	backend
Q483	OIDC UserInfo		Security - 인증/인가	52	OX	MEDIUM	OIDC에서 UserInfo 엔드포인트는 Access Token으로 사용자 정보를 조회할 때 사용될 수 있다.	UserInfo는 OIDC에서 표준화된 사용자 정보 조회 방식 중 하나입니다. 보통 Access Token을 보내고 클레임(예: email, sub)을 반환받습니다. 면접에서는 ID Token과 UserInfo의 차이를 묻기도 합니다. 실무에서는 필요한 최소 정보만 요청하고, 개인정보 최소화 원칙을 지키는 것이 중요합니다. 또한 UserInfo 호출은 네트워크 비용이 있어 캐싱과 만료 정책을 고민합니다. 토큰 scope에 따라 반환 정보가 달라질 수 있어 스코프 설계가 중요합니다. 인증은 “로그인”만이 아니라 “정보 제공”까지 포함됩니다. 데이터 노출 범위를 통제해야 합니다.		O	TRUE	X	FALSE					security	authentication	oidc	token
Q484	OIDC sub		Security - 인증/인가	52	OX	MEDIUM	OIDC의 sub(subject)는 보통 발급자(issuer) 내에서 고유한 사용자 식별자로 사용된다.	sub는 사용자를 식별하는 안정적인 키로 쓰이는 경우가 많습니다. 이메일처럼 바뀔 수 있는 값보다 sub를 내부 식별자로 쓰는 설계가 흔합니다. 면접에서는 “왜 이메일로 PK를 잡으면 위험한가” 같은 질문으로 확장될 수 있습니다. 실무에서는 issuer가 바뀌면 sub의 의미도 달라질 수 있어 iss+sub 조합으로 유니크를 보장하기도 합니다. 또한 개인정보 최소화 관점에서 sub는 상대적으로 안전한 식별자입니다. 다만 서비스 전환/통합 시 매핑 전략이 필요합니다. 인증은 식별자 설계가 핵심입니다. 잘못 잡으면 계정 연결 오류가 생길 수 있습니다.		O	TRUE	X	FALSE					security	authentication	oidc	identity
Q485	MFA 피싱 한계		Security - 인증/인가	52	OX	MEDIUM	MFA를 적용하면 피싱 공격은 완전히 무력화되므로 별도의 피싱 방어는 필요 없다.	MFA는 계정 탈취 난이도를 올리지만 피싱을 완전히 제거하지는 못합니다. 예를 들어 실시간 프록시 피싱이나 푸시 피로(푸시 폭탄) 같은 우회가 존재합니다. 면접에서는 MFA의 한계와 보완(WebAuthn, 위험 기반, 알림)까지 묻기도 합니다. 실무에서는 도메인 보호, 사용자 교육, 이상 징후 탐지, 피싱 저항형 인증을 조합합니다. 보안은 “완전 무력화”가 아니라 “확률과 피해 감소” 관점이 더 현실적입니다. MFA만 믿으면 다른 구멍을 놓치기 쉽습니다. 특히 복구 절차가 약하면 MFA를 우회당할 수 있습니다. 종합적인 계정 보호가 필요합니다.		O	FALSE	X	TRUE					security	authentication	mfa	phishing
Q486	WebAuthn 특성		Security - 인증/인가	52	OX	MEDIUM	WebAuthn은 공개키 기반으로 피싱 저항성을 높이는 데 도움이 될 수 있다.	WebAuthn은 사이트(Origin)에 바인딩된 공개키 기반 인증을 사용해 피싱에 강한 편입니다. OTP처럼 코드만 빼앗으면 끝나는 구조보다 방어력이 높습니다. 면접에서는 “왜 WebAuthn이 피싱에 강한가”를 묻기도 합니다. 실무에서는 디바이스 지원과 등록/복구 UX가 성공의 관건입니다. 또한 계정 복구가 허술하면 공격자가 복구로 우회할 수 있어 설계가 중요합니다. 고보안 서비스에서 점진적으로 도입하는 사례가 많습니다. 인증은 기술보다 운영이 중요합니다. 사용자 경험을 살리면서 보안을 높이는 균형이 필요합니다.		O	TRUE	X	FALSE					security	authentication	webauthn	backend
Q487	Brute Force vs Credential Stuffing		Security - 취약점	53	OX	MEDIUM	브루트포스는 한 계정에 대해 많은 비밀번호를 시도하는 공격이고, 크리덴셜 스터핑은 유출된 조합을 여러 서비스에 대입하는 공격이다.	두 공격은 패턴과 방어 전략이 약간 다릅니다. 브루트포스는 한 계정 대상이고, 스터핑은 유출된 자격증명을 대량으로 대입합니다. 면접에서는 이 차이를 알고 방어를 말할 수 있는지 봅니다. 실무에서는 레이트 리밋, 이상 탐지, MFA, 비밀번호 재사용 탐지, IP/디바이스 기반 정책을 조합합니다. 스터핑은 정상 로그인처럼 보일 수 있어 탐지가 까다롭습니다. 사용자에게 비밀번호 재사용 금지와 MFA 도입을 유도하는 것도 중요합니다. 공격 유형을 구분하면 더 효과적인 방어를 설계할 수 있습니다. 단일 정책으로 다 막기 어렵습니다.		O	TRUE	X	FALSE					security	authentication	brute_force	backend
Q488	Password Policy		Security - 인증/인가	52	OX	MEDIUM	비밀번호 정책을 너무 엄격하게 강제하면 사용자가 예측 가능한 패턴으로 비밀번호를 만들거나 재사용을 늘릴 수 있다.	과도한 정책은 사용성을 해치고, 오히려 보안을 약화시키는 부작용이 있을 수 있습니다. 예를 들어 “주기적 변경 강제”가 패턴 비밀번호를 유도하는 사례가 알려져 있습니다. 면접에서는 정책의 트레이드오프를 이해하는지 묻기도 합니다. 실무에서는 길이 중심(긴 패스프레이즈), 유출 비밀번호 차단, MFA 권장 같은 방향이 효과적일 때가 많습니다. 사용자의 행동을 고려한 정책이 현실적으로 더 안전합니다. 또한 계정 탈취 탐지와 MFA 같은 보완이 중요합니다. 정책은 ‘규칙’만이 아니라 ‘행동 변화’까지 포함해야 합니다. 지나친 규칙은 우회만 낳을 수 있습니다.		O	TRUE	X	FALSE					security	authentication	password	policy
Q489	Security Headers		Security - 취약점	53	OX	MEDIUM	보안 헤더(CSP, HSTS 등)는 취약점 자체를 완전히 제거하지는 못해도 공격 성공 확률과 피해를 줄이는 데 도움될 수 있다.	보안 헤더는 방어층 중 하나로, 브라우저에서의 악용 가능성을 낮춥니다. 예를 들어 HSTS는 HTTPS 강제를 통해 다운그레이드 공격을 줄일 수 있습니다. 면접에서는 “헤더는 만능인가?”를 물어보며 한계를 확인하기도 합니다. 실무에서는 기본 방어(입출력 검증, 권한 검증)를 하고 그 위에 헤더로 보강합니다. 설정 실수나 배포 누락이 없도록 인프라 레벨에서 강제하는 경우도 많습니다. 헤더는 작은 비용으로 큰 효과를 볼 수 있는 영역입니다. 다만 서비스 특성에 맞게 튜닝해야 합니다. 보안은 결국 여러 조각의 합입니다.		O	TRUE	X	FALSE					security	authentication	header	hardening
Q490	HSTS		Network - 보안 및 HTTPS	32	OX	MEDIUM	HSTS는 브라우저가 일정 기간 HTTPS로만 접속하도록 강제해 SSL Stripping 같은 공격을 줄이는 데 도움될 수 있다.	HSTS는 HTTPS 강제 정책을 브라우저에 기억시키는 역할을 합니다. 이로 인해 중간자 공격이 HTTP로 다운그레이드시키는 시도를 줄일 수 있습니다. 면접에서는 HTTPS와 HSTS의 관계를 묻기도 합니다. 실무에서는 max-age, includeSubDomains, preload 적용 여부를 신중히 결정합니다. 잘못 설정하면 복구가 어렵기 때문에 배포 전 검증이 중요합니다. 특히 서브도메인이 많으면 포함 범위가 큰 영향을 줍니다. 보안은 강하게 적용할수록 운영 리스크도 커질 수 있습니다. 안전한 롤아웃 전략이 필요합니다. 하지만 제대로 적용하면 기본 보안 수준을 크게 올릴 수 있습니다.		O	TRUE	X	FALSE					security	authentication	https	hsts
Q491	TLS 종료 지점		Network - 보안 및 HTTPS	32	OX	MEDIUM	로드밸런서에서 TLS를 종료(termination)하면 그 뒤의 내부 구간은 항상 안전하므로 암호화가 절대 필요 없다.	TLS를 LB에서 종료하면 내부 구간은 평문이 될 수 있어 내부 위협/오배치/스니핑 위험이 생깁니다. 면접에서는 “내부망도 믿을 수 있나”를 묻고, mTLS/내부 TLS 필요성을 이야기하길 기대합니다. 실무에서는 규제나 보안 요구에 따라 내부 구간도 TLS/mTLS를 적용합니다. 특히 멀티 테넌트 환경, 클라우드 네트워크에서는 내부망을 절대 신뢰하기 어렵습니다. 물론 성능과 운영 복잡도 때문에 일부 구간만 적용하기도 합니다. 정답은 “항상 절대 필요 없다”가 아니라 “요구 수준에 따라 판단”입니다. 제로트러스트 관점에서는 내부도 신뢰하지 않습니다. 경계 하나만 믿는 설계는 위험합니다.		O	FALSE	X	TRUE					security	authentication	tls	backend
Q492	mTLS Identity		Network - 보안 및 HTTPS	32	OX	MEDIUM	mTLS를 사용하면 클라이언트 인증서를 통해 ‘어떤 서비스가 호출했는지’ 신원 확인에 도움이 될 수 있다.	mTLS는 양쪽이 인증서를 제시해 상호 인증을 수행합니다. 따라서 서비스 간 통신에서 서비스 신원을 확인하는 데 유용합니다. 면접에서는 mTLS가 “사용자 인증”이 아니라 “서비스 인증”에도 쓰인다는 점을 묻기도 합니다. 실무에서는 서비스 메시로 인증서 발급/회전 자동화를 하기도 합니다. 하지만 인증서 관리가 복잡해 운영 체계를 갖추는 것이 중요합니다. 또한 mTLS가 인가까지 해결해주지는 않으므로 정책 검증은 별도로 해야 합니다. 네트워크 레벨에서 신원을 올리면 공격 표면이 줄어듭니다. 보안은 계층별로 역할이 다릅니다. 올바른 기대치를 가져야 합니다.		O	TRUE	X	FALSE					security	authentication	mtls	network
Q493	API Key 권한		Security - 취약점	53	OX	MEDIUM	API Key에 과도한 권한을 부여하면 유출 시 피해가 커지므로 최소 권한 원칙을 적용하는 것이 중요하다.	API Key는 종종 서비스 간 인증 수단으로 쓰이는데, 유출 시 피해가 큽니다. 그래서 스코프 제한, IP 제한, 만료/회전, 사용량 제한 같은 통제가 필요합니다. 면접에서는 API Key 관리 모범 사례를 묻기도 합니다. 실무에서는 키를 환경별로 분리하고, 접근 가능한 리소스를 최소화합니다. 또한 키 사용을 로깅하고 이상 탐지를 붙이면 사고 대응이 쉬워집니다. 키를 코드에 박아두면 유출 경로가 늘어납니다. 시크릿 매니저로 관리하고 정기 회전을 운영해야 합니다. 권한이 넓을수록 보안 사고 비용이 증가합니다. 기본이지만 놓치면 큰 사고가 납니다.		O	TRUE	X	FALSE					security	authentication	api_key	backend
Q494	Signed URL		Security - 취약점	53	OX	MEDIUM	Signed URL은 만료 시간과 서명을 통해 제한된 기간 동안만 특정 리소스 접근을 허용하는 방식으로 사용될 수 있다.	Signed URL은 주로 파일 다운로드/업로드 같은 리소스 접근을 제한할 때 사용됩니다. 만료 시간과 서명으로 “기간/권한”을 제한할 수 있습니다. 면접에서는 “정적 파일을 안전하게 전달하는 방법”으로 확장 질문이 나올 수 있습니다. 실무에서는 URL이 유출되면 만료 전까지는 누구나 접근할 수 있어 공유/로그 유출에 주의해야 합니다. 만료 시간을 짧게 두고, 필요하면 IP 제한이나 1회용 토큰을 조합합니다. 또한 서명 키 관리가 중요합니다. Signed URL은 인증을 대체하기보다 ‘위임된 접근’을 제공하는 도구입니다. 의도와 범위를 명확히 해야 합니다. 잘못 쓰면 공개 링크가 되어버릴 수 있습니다.		O	TRUE	X	FALSE					security	authentication	signed_url	backend
Q495	Replay Attack		Security - 취약점	53	OX	MEDIUM	재전송(Replay) 공격은 한 번 캡처한 요청이나 토큰을 그대로 다시 보내 동일한 효과를 노리는 공격이다.	Replay는 “같은 요청을 다시 보내도 유효한가”가 핵심입니다. 그래서 nonce, 타임스탬프, 1회용 토큰, 서명, idempotency 키 같은 방어가 사용됩니다. 면접에서는 금융/결제나 로그인 플로우에서 replay 방어를 어떻게 설계하는지 묻기도 합니다. 실무에서는 요청에 고유 식별자를 두고 중복 처리 방지를 합니다. 또한 토큰 자체도 짧은 만료와 바인딩으로 재사용을 줄입니다. 네트워크 캡처가 가능하다는 가정 하에 설계해야 합니다. 특히 내부망이라도 replay 위험이 완전히 사라지지 않습니다. 보안은 “한 번 성공하면 반복”을 막는 것이 중요합니다. 재전송이 가능한 경로를 줄여야 합니다.		O	TRUE	X	FALSE					security	authentication	replay	backend
Q496	Idempotency Key		Backend - 웹 서버 기초	17	OX	MEDIUM	결제/주문 같은 API에서 Idempotency Key를 쓰면 네트워크 재시도나 중복 요청으로 인한 중복 처리 위험을 줄일 수 있다.	클라이언트는 타임아웃/재시도로 같은 요청을 여러 번 보낼 수 있습니다. Idempotency Key는 서버가 “이미 처리한 요청”을 식별해 중복 처리를 막는 데 도움이 됩니다. 면접에서는 재시도 정책과 중복 처리 방지를 묶어서 묻기도 합니다. 실무에서는 키 저장 TTL, 응답 캐싱, 상태코드 일관성 같은 운영 포인트가 있습니다. 특히 결제는 중복 청구가 치명적이므로 필수에 가깝습니다. 인증/보안 측면에서도 replay 완화에 도움이 됩니다. 단, 키 관리가 부실하면 메모리/저장소 부담이 생길 수 있어 설계가 필요합니다. 또한 동일 키로 다른 요청을 보내는 악용을 막기 위해 요청 바디 해시와 결합하기도 합니다. 결국 신뢰할 수 있는 중복 방지 장치가 중요합니다.		O	TRUE	X	FALSE					security	authentication	idempotency	backend
Q497	Nonce 재사용		Security - 인증/인가	52	OX	MEDIUM	Nonce는 재사용해도 문제가 없고, 반복 사용하면 오히려 성능이 좋아져 안전하다.	nonce는 ‘한 번만 쓰는 값’이라는 의미에 가깝습니다. 재사용하면 replay 공격 방어가 약해집니다. 면접에서는 nonce의 목적과 저장/만료 정책을 묻기도 합니다. 실무에서는 nonce를 짧은 TTL로 저장하고 재사용을 차단합니다. 특히 인증/결제처럼 민감한 흐름에서 중요합니다. 성능이 이유라면 nonce 저장 구조를 최적화해야지 재사용하면 안 됩니다. nonce는 보안 신호이므로 올바른 운영이 필요합니다. 잘못 쓰면 “방어가 있는 척”만 하게 됩니다. 보안은 성능보다 우선인 지점이 있습니다. 핵심 흐름에서는 특히 그렇습니다.		O	FALSE	X	TRUE					security	authentication	nonce	backend
Q498	Token Introspection		Security - 인증/인가	52	OX	MEDIUM	토큰 인트로스펙션(Introspection)은 리소스 서버가 토큰의 유효성/상태를 서버에 조회해 확인하는 방식으로 사용될 수 있다.	Introspection은 토큰을 자체 검증(JWT)하지 않고, 권한 서버에 “이 토큰 살아있나?”를 확인하는 방식입니다. 면접에서는 JWT 검증과 introspection의 트레이드오프를 묻습니다. 실무에서는 즉시 회수(Revocation) 반영이 쉬운 장점이 있지만, 네트워크 비용과 의존성이 생깁니다. 캐싱을 하면 성능은 좋아지지만 회수 반영이 늦을 수 있어 정책이 중요합니다. 서비스 특성과 보안 요구에 따라 선택합니다. 고보안 환경에서는 introspection을 선호하기도 합니다. 결국 목표는 “권한의 최신성”과 “성능” 균형입니다. 단일 선택이 정답은 아닙니다. 운영 가능한 설계를 고르는 게 중요합니다.		O	TRUE	X	FALSE					security	authentication	oauth	token
Q499	Revocation vs Expiry		Backend - 인증/인가	18	OX	MEDIUM	토큰 만료(exp)만으로는 강제 로그아웃/즉시 권한 회수를 완벽히 처리하기 어렵고, 별도 회수 전략이 필요할 수 있다.	만료는 시간이 지나야 효력이 사라지므로 “즉시 회수” 요구에 약합니다. 면접에서는 이 차이를 알고 있는지 자주 묻습니다. 실무에서는 블랙리스트, 토큰 버전, RT 저장/회수, introspection 등으로 보완합니다. 요구 보안 수준이 높을수록 회수 전략이 중요합니다. 반대로 단순 서비스는 짧은 만료로 타협하기도 합니다. 사용자 경험과 운영 비용도 함께 고려해야 합니다. 인증 설계에서 ‘발급’보다 ‘회수’가 어렵다는 점을 기억해야 합니다. 사고 대응을 생각하면 회수 전략이 필수인 경우가 많습니다. 토큰이 유출되면 만료까지 기다릴 수 없을 때가 있습니다. 그래서 추가 통제가 필요합니다.		O	TRUE	X	FALSE					security	authentication	token	backend
Q500	Security by Obscurity		Security - 취약점	53	OX	MEDIUM	엔드포인트를 숨기거나 복잡한 이름으로 만든 것만으로 인증/인가 없이도 충분한 보안이 확보된다.	숨김은 공격 난이도를 조금 올릴 수 있지만, 보안의 핵심이 될 수 없습니다. 로그/트래픽/프론트 코드/리버스 엔지니어링으로 엔드포인트는 쉽게 드러날 수 있습니다. 면접에서는 “Security by Obscurity는 왜 위험한가”를 자주 묻습니다. 실무에서는 인증/인가, 최소 권한, 입력 검증, 로깅/탐지 같은 ‘검증 가능한’ 통제가 필요합니다. 숨김은 보조 전략일 뿐입니다. 실제로 많은 사고가 “숨겨놨으니 괜찮겠지”에서 시작됩니다. 접근 제어는 반드시 서버에서 강제해야 합니다. 클라이언트나 URL 구조에 의존하면 안 됩니다. 안전은 ‘정책’과 ‘검증’에서 나옵니다.		O	FALSE	X	TRUE					security	authentication	vulnerability	backend
Q501	JWT none 알고리즘		Security - 취약점	53	OX	HARD	JWT 검증에서 alg=none을 허용해도 aud/iss/exp를 검증하면 서명 우회는 발생하지 않는다.	alg=none을 허용하면 “서명 없는 토큰”을 받아들이게 되어 인증 우회로 이어질 수 있습니다. aud/iss/exp 검증은 토큰 내용의 “형식적 유효성”을 보는 것이지, 위변조를 막지 못합니다. 면접에서는 alg 혼동/none 이슈가 자주 나옵니다. 실무에서는 서버에서 허용 알고리즘을 고정(allowlist)하고, none은 절대 허용하지 않는 것이 안전합니다. 또한 라이브러리 기본 설정이 안전한지 확인해야 합니다. 서명 검증이 빠지면 토큰 클레임은 공격자가 마음대로 조작할 수 있습니다. 그래서 claim 검증만으로는 방어가 불가능합니다. 이 이슈는 역사적으로 실제 사고가 많았습니다.		O	FALSE	X	TRUE					security	authentication	jwt	vulnerability
Q502	키 혼동(HS256/RS256)		Security - 취약점	53	OX	HARD	RS256(비대칭)로 서명해야 할 토큰을 HS256(대칭)로 검증하도록 허용하면 키 혼동으로 인증 우회가 발생할 수 있다.	알고리즘 혼동 공격은 서버가 토큰의 alg를 그대로 신뢰하거나, 키 타입과 알고리즘 매칭을 제대로 제한하지 않을 때 발생할 수 있습니다. 예를 들어 공개키를 대칭키처럼 사용해 HS256 서명을 만들고 서버가 이를 검증해버리는 형태가 대표적입니다. 면접에서는 “alg allowlist + 키 타입 검증”까지 말할 수 있으면 좋습니다. 실무에서는 허용 알고리즘을 고정하고, RS256이면 공개키로만 검증하도록 강제합니다. 또한 토큰 헤더의 값으로 검증 방식을 바꾸지 않게 설계합니다. 키 로딩(JWKS)도 신뢰 경계 내에서만 해야 합니다. 인증은 ‘검증 정책’이 가장 중요합니다. 혼동을 허용하면 공격자가 정책을 바꿔치기할 수 있습니다. 그래서 타입-알고리즘 매칭은 필수입니다.		O	TRUE	X	FALSE					security	authentication	jwt	crypto
Q503	JKU/JWKS URL 주입		Security - 취약점	53	OX	HARD	JWT 헤더의 jku(또는 x5u) 값에 따라 검증 키를 외부 URL에서 받아오도록 구현하면 SSRF 및 키 주입 위험이 커질 수 있다.	토큰 헤더가 서버의 네트워크 접근을 유도하면 SSRF로 내부망을 찌르거나, 공격자가 만든 JWKS로 서명을 “정상”처럼 통과시키는 키 주입이 가능합니다. 면접에서는 kid/jku/x5u를 안전하게 다루는 법을 자주 묻습니다. 실무에서는 JWKS 소스를 고정하고 allowlist로 제한하며, 외부 URL을 헤더로부터 직접 신뢰하지 않습니다. 또한 네트워크 이그레스 제한으로 SSRF 피해를 줄일 수 있습니다. 키 로딩은 인증 체계의 신뢰 기반이므로 가장 엄격해야 합니다. 캐싱/갱신 정책도 안전하게 설계해야 합니다. 작은 편의가 치명적 우회가 될 수 있습니다. 검증 키의 출처는 절대 토큰이 결정하게 하면 안 됩니다.		O	TRUE	X	FALSE					security	authentication	ssrf	jwt
Q504	PKCE code_verifier 저장		Security - 인증/인가	52	OX	HARD	PKCE에서 code_verifier를 localStorage에 저장해도 PKCE 보안 목적에는 영향이 없다.	PKCE는 코드 탈취를 막는 데 도움되지만, XSS가 있으면 localStorage의 verifier가 탈취될 수 있습니다. 그러면 공격자가 인가 코드와 verifier를 함께 확보해 토큰 교환까지 성공할 가능성이 생깁니다. 면접에서는 PKCE가 “XSS까지 해결하는가” 같은 질문이 나옵니다. 실무에서는 verifier를 가능한 한 짧게 보관하고, 메모리/세션 스토리지, 혹은 BFF 구조로 노출을 줄입니다. 또한 CSP, 출력 인코딩 등 XSS 방어가 병행되어야 합니다. PKCE는 강력하지만 만능은 아닙니다. 저장 위치/수명/노출 경로가 보안 품질을 좌우합니다. 따라서 localStorage 저장은 위험을 키울 수 있습니다. 보안 목적에 “영향이 없다”라고 단정하면 안 됩니다.		O	FALSE	X	TRUE					security	authentication	pkce	xss
Q505	Refresh Token Rotation		Security - 인증/인가	52	OX	HARD	Refresh Token Rotation에서 이전 RT가 다시 사용되는 것이 탐지되면, 해당 계정/세션을 의심하고 추가 조치를 취하는 설계가 가능하다.	RT 로테이션은 RT 재사용을 탐지해 탈취를 감지하는 데 유용합니다. 공격자가 훔친 RT를 쓰면 “이미 교체된 RT 재사용” 이벤트가 발생할 수 있습니다. 면접에서는 로테이션의 목적이 단순 갱신이 아니라 “재사용 탐지”라는 점을 말하면 좋습니다. 실무에서는 재사용 탐지 시 세션 전체 무효화, 추가 인증 요구, 알림 발송 같은 대응을 설계합니다. 다만 네트워크 재시도/동시 요청으로 오탐이 생길 수 있어 처리 정책이 중요합니다. 토큰 발급 경쟁 조건(race)도 고려해야 합니다. 저장소 일관성과 트랜잭션도 영향을 줍니다. 보안과 UX 사이의 균형이 어려운 영역입니다. 하지만 제대로 설계하면 계정 보호 수준이 크게 올라갑니다.		O	TRUE	X	FALSE					security	authentication	refresh	token
Q506	Introspection 캐싱		Security - 인증/인가	52	OX	HARD	Introspection 응답을 캐싱하면 무조건 안전성이 증가하고, 토큰 회수(revocation) 반영도 더 빨라진다.	캐싱은 성능을 높이지만, 회수 반영을 느리게 만들 수 있습니다. 캐시 TTL 동안은 ‘이미 회수된 토큰’을 유효하다고 판단할 수 있기 때문입니다. 면접에서는 introspection의 장점(회수 반영)과 캐싱의 트레이드오프를 묻습니다. 실무에서는 캐시 TTL을 짧게 하거나, revocation 이벤트 기반 무효화, 위험도에 따른 캐시 정책을 조합합니다. “무조건 안전성 증가”는 아닙니다. 오히려 보안 요구가 높으면 캐싱을 최소화할 수 있습니다. 성능과 최신성의 균형이 핵심입니다. 또한 인증 서버 장애 시 fallback 정책도 보안에 영향을 줍니다. 캐싱은 운영 편의지만 정책이 잘못되면 취약점이 됩니다. 그래서 상황별 설계가 필요합니다.		O	FALSE	X	TRUE					security	authentication	oauth	token
Q507	Session Fixation 대응		Security - 취약점	53	OX	HARD	로그인 성공 시 세션 ID를 재발급(rotate)하는 것은 세션 고정(Session Fixation) 공격 완화에 도움이 된다.	세션 고정은 공격자가 미리 알고 있는 세션을 피해자 로그인 세션으로 “고정”시키는 공격입니다. 로그인 성공 시 세션 ID를 재생성하면 공격자가 알고 있던 세션이 무효화되어 완화됩니다. 면접에서는 세션 하이재킹과 세션 고정의 차이를 묻기도 합니다. 실무에서는 권한 상승 시점(로그인, 권한 변경)마다 세션 재발급을 적용하는 것이 좋습니다. 프레임워크가 자동으로 처리하는지 확인해야 합니다. 또한 쿠키 속성(HttpOnly, Secure, SameSite)와 만료 정책도 함께 맞춰야 효과가 큽니다. 세션 저장소(예: Redis) 장애 시 정책도 고려해야 합니다. 단일 조치로 끝내기보다 종합적인 세션 보안이 필요합니다. 그래도 세션 재발급은 기본기 중 기본기입니다.		O	TRUE	X	FALSE					security	authentication	session	backend
Q508	OAuth Redirect URI Exact Match		Security - 인증/인가	52	OX	HARD	OAuth에서 redirect uri는 가능하면 exact match allowlist로 검증하는 것이 일반적으로 더 안전한 편이다.	redirect uri는 코드/토큰이 전달되는 경로라 공격자가 매우 선호합니다. exact match allowlist는 오픈 리다이렉트나 코드 탈취 가능성을 줄입니다. 면접에서는 wildcard 허용의 위험을 설명할 수 있으면 좋습니다. 실무에서는 환경별 URI를 명시적으로 등록하고, 변경 프로세스를 운영합니다. 다만 일부 IdP/환경에서는 제한적 패턴 허용이 필요할 수 있는데, 이때도 허용 범위를 최소화해야 합니다. 검증 실패 시 에러 처리도 민감 정보 노출 없이 해야 합니다. redirect 검증이 약하면 인증 체계 전체가 흔들릴 수 있습니다. 운영 편의와 보안 중 보안을 우선하는 영역입니다. 이 부분은 “조금 불편해도 안전하게”가 맞는 경우가 많습니다.		O	TRUE	X	FALSE					security	authentication	oauth	redirect
Q509	SameSite=None 조건		Security - 취약점	53	OX	HARD	SameSite=None 쿠키는 Secure 설정 없이도 최신 브라우저에서 정상 동작하는 것이 일반적이다.	최근 브라우저들은 SameSite=None 쿠키에 Secure를 요구하는 경우가 일반적입니다. Secure가 없으면 쿠키가 무시될 수 있어 인증이 깨질 수 있습니다. 면접에서는 SameSite 정책 변화와 운영 이슈를 묻기도 합니다. 실무에서는 HTTPS를 기본으로 하고, None을 써야 한다면 Secure를 반드시 함께 설정합니다. 또한 리다이렉트 기반 SSO에서 쿠키 동작이 민감하므로 테스트가 중요합니다. 정책은 브라우저 버전에 따라 달라질 수 있어 호환성 고려가 필요합니다. “없어도 동작한다”는 가정은 위험합니다. 보안 설정은 기능에도 직접 영향을 줍니다. 그래서 배포 전 통합 테스트가 필수입니다.		O	FALSE	X	TRUE					security	authentication	cookie	samesite
Q510	OAuth Scope 과신		Security - 인증/인가	52	OX	HARD	scope가 토큰에 들어있기만 하면, 리소스 서버가 scope를 검증하지 않아도 권한 제한이 자동으로 적용된다.	scope는 ‘표시’일 뿐, 리소스 서버가 이를 읽고 검증해야 실제 권한 제한이 됩니다. 검증이 없으면 scope가 있어도 아무 의미가 없습니다. 면접에서는 “권한은 어디서 강제되는가”를 자주 묻습니다. 실무에서는 게이트웨이에서 1차로 보더라도, 최종 리소스 서버에서 다시 검증하는 방식을 선호합니다. 또한 scope 설계가 너무 넓으면 검증해도 효과가 약합니다. 권한 모델(RBAC/ABAC)과의 매핑도 필요할 수 있습니다. 보안은 “데이터 존재”가 아니라 “검증과 강제”가 핵심입니다. 이 포인트를 놓치면 인증은 있어도 인가가 없는 시스템이 됩니다. 공격자는 검증 없는 곳을 찾아 우회합니다. 따라서 검증 로직은 필수입니다.		O	FALSE	X	TRUE					security	authentication	oauth	authorization
Q511	Sid/Session in OIDC		Security - 인증/인가	52	OX	HARD	OIDC 세션 관리에서 sid 같은 클레임은 단일 로그아웃이나 세션 추적에 활용될 수 있다.	일부 OIDC 확장/구현에서는 sid를 세션 식별 및 로그아웃 연동에 사용합니다. 이는 여러 RP(서비스)에서 세션을 연계해 끊는 시나리오에 도움될 수 있습니다. 면접에서는 SLO(Single Logout) 개념과 함께 나올 수 있습니다. 실무에서는 IdP와 RP의 지원 범위가 다르고, 구현 복잡도가 있어 요구사항에 따라 선택합니다. 또한 로그아웃은 보안과 UX가 충돌하는 지점이라 정책이 중요합니다. 완벽한 SLO는 어렵지만 설계하면 사고 대응에 도움이 됩니다. sid를 활용하면 “어떤 세션이 살아있는지” 추적이 쉬워집니다. 다만 개인정보/추적 이슈도 고려해야 합니다. 인증은 로그인만큼 로그아웃도 어렵습니다.		O	TRUE	X	FALSE					security	authentication	oidc	session
Q512	JWE		Security - 암호화	55	OX	HARD	JWE는 JWT 내용을 암호화해 기밀성을 제공할 수 있으며, JWS(서명)와 목적이 다르다.	JWS는 무결성과 발급자 검증(위변조 방지)에 가깝고, JWE는 내용을 숨겨 기밀성을 제공합니다. 면접에서는 ‘서명 vs 암호화’ 구분을 심화로 물을 수 있습니다. 실무에서 JWE는 키 관리와 구현 복잡도가 높아 흔하지 않을 수 있지만, 민감 클레임을 토큰에 담아야 하는 경우 고려됩니다. 다만 “민감 정보는 토큰에 넣지 않는다”가 기본 원칙이라, JWE는 정말 필요할 때만 선택합니다. 또한 암호화해도 토큰 길이 증가, 키 회전, 디버깅 어려움이 생깁니다. 사용 시 threat model을 명확히 해야 합니다. 보안은 기능이 아니라 운영 가능한 설계여야 합니다. JWE와 JWS는 목적이 다르다는 점이 핵심입니다.		O	TRUE	X	FALSE					security	authentication	jwe	crypto
Q513	Argon2 vs bcrypt		Security - 암호화	55	OX	HARD	Argon2 같은 메모리 하드(password hashing) 알고리즘은 GPU/ASIC 공격 비용을 높이도록 설계된 측면이 있다.	메모리 하드 알고리즘은 병렬 연산에 강한 하드웨어(GPU/ASIC)로도 공격 비용이 커지도록 설계됩니다. 면접에서는 왜 bcrypt만이 아니라 Argon2가 언급되는지 물을 수 있습니다. 실무에서는 라이브러리 지원, 파라미터 튜닝, 운영 환경 등을 고려해 선택합니다. 어떤 알고리즘이든 파라미터가 너무 낮으면 의미가 약해집니다. 또한 비밀번호 정책과 MFA 같은 보완이 함께 가야 합니다. 해시만으로 계정 탈취를 완전히 막을 수는 없습니다. 하지만 공격 비용을 올리는 것은 매우 중요한 방어입니다. 시스템 특성에 맞는 선택이 필요합니다. 보안은 “최적의 한 방”보다 “현실적인 조합”입니다.		O	TRUE	X	FALSE					security	authentication	password	crypto
Q514	Timing Attack		Security - 취약점	53	OX	HARD	인증 코드/토큰 비교를 일반 문자열 비교로 구현하면 타이밍 공격(시간차 분석) 위험이 커질 수 있다.	문자열 비교는 첫 글자부터 비교하며 틀리면 빨리 끝나는 구현이 많아 시간차가 생길 수 있습니다. 공격자는 이 시간차로 값을 추측해낼 수 있습니다. 면접에서는 constant-time compare 개념이 심화로 나올 수 있습니다. 실무에서는 메시지 인증 코드(HMAC) 비교, 서명 비교에 상수 시간 비교 함수를 사용하는 것이 안전합니다. 물론 네트워크 지연이 큰 환경에서는 영향이 줄어들 수 있지만, 고위험 토큰에서는 방어가 권장됩니다. 특히 내부 서비스/로컬 환경에서는 타이밍 신호가 더 명확할 수 있습니다. 보안은 “가능성”을 줄이는 작업입니다. 작은 신호도 공격자가 수집하면 의미가 생깁니다. 그래서 라이브러리의 안전 함수 사용이 중요합니다.		O	TRUE	X	FALSE					security	authentication	timing	backend
Q515	Clickjacking		Security - 취약점	53	OX	HARD	클릭재킹 방어로 X-Frame-Options 또는 CSP frame-ancestors를 설정할 수 있다.	클릭재킹은 사용자가 보이지 않는 프레임 위에서 클릭하도록 유도하는 공격입니다. X-Frame-Options나 CSP frame-ancestors로 사이트가 다른 곳에 iframe으로 포함되는 것을 제한해 완화할 수 있습니다. 면접에서는 보안 헤더의 용도를 심화로 묻기도 합니다. 실무에서는 로그인/결제 같은 민감 페이지에 특히 중요합니다. 다만 일부 합법적 임베딩 요구가 있으면 출처를 제한적으로 허용해야 합니다. X-Frame-Options는 레거시지만 여전히 쓰이며, CSP가 더 유연합니다. 설정 누락은 의외로 자주 발생합니다. 프론트/백엔드/인프라 레벨에서 일괄 적용하면 운영이 쉬워집니다. 공격은 사용자의 클릭을 악용하므로 UX와 보안이 직접 맞닿습니다. 따라서 방어가 실무적으로 중요합니다.		O	TRUE	X	FALSE					security	authentication	header	clickjacking
Q516	Cookie Prefix __Host-		Security - 취약점	53	OX	HARD	__Host- 접두사를 가진 쿠키는 Domain 속성을 허용하지 않고 Secure가 필요하며, 잘 쓰면 쿠키 스코프를 더 안전하게 만들 수 있다.	__Host- 쿠키는 host-only 강제와 Secure 요구 등으로 쿠키 오용을 줄이는 데 도움이 됩니다. 면접에서는 쿠키 보안 속성 심화로 나올 수 있습니다. 실무에서는 세션 쿠키에 적용하면 서브도메인 공격 표면을 줄일 수 있습니다. 다만 HTTPS가 전제이며, 레거시 환경에서는 적용이 어려울 수 있습니다. 또한 쿠키 이름 정책만으로 모든 공격을 막을 수는 없지만, 구성 실수를 줄이는 장점이 있습니다. 보안은 작은 규칙이 큰 사고를 막는 경우가 많습니다. 쿠키 스코프 최소화는 세션 탈취 방어에 중요합니다. 프리픽스는 이를 강제하는 도구 중 하나입니다. 적절히 적용하면 안전성이 올라갑니다.		O	TRUE	X	FALSE					security	authentication	cookie	backend
Q517	쿠키 Secure만으로 충분		Security - 취약점	53	OX	HARD	Secure 쿠키를 쓰면 네트워크에서 탈취가 어렵기 때문에 HttpOnly는 보안상 큰 의미가 없다.	Secure는 HTTPS 전송을 강제해 네트워크 탈취를 줄이지만, XSS로 자바스크립트가 쿠키를 읽는 것은 막지 못합니다. HttpOnly는 그 부분을 막는 역할을 합니다. 면접에서는 Secure/HttpOnly/SameSite의 역할을 각각 구분해 말할 수 있어야 합니다. 실무에서는 세션 쿠키에 Secure+HttpOnly를 기본으로 두고, 필요에 따라 SameSite를 조절합니다. 하나만으로 모든 위협을 커버할 수 없습니다. 공격 벡터가 다르기 때문입니다. XSS는 네트워크와 무관하게 발생할 수 있습니다. 따라서 HttpOnly는 여전히 큰 의미가 있습니다. 보안 속성은 서로 보완 관계입니다. 최소한의 조합을 표준화하는 것이 좋습니다.		O	FALSE	X	TRUE					security	authentication	cookie	xss
Q518	OAuth Mix-Up Attack		Security - 취약점	53	OX	HARD	OAuth Mix-Up Attack을 완화하려면 state 검증뿐 아니라, 응답이 어느 IdP/AS에서 왔는지 식별하는 설계가 중요할 수 있다.	Mix-Up 공격은 여러 IdP를 사용하는 환경에서 응답 출처가 혼동되도록 유도하는 공격으로 알려져 있습니다. state만으로 충분하지 않을 수 있고, 클라이언트가 “어느 인증 서버와 대화 중인지”를 확실히 추적해야 합니다. 면접에서는 다중 IdP 환경의 위험과 방어를 심화로 묻기도 합니다. 실무에서는 issuer 식별, 별도 redirect uri 분리, 명확한 매핑, 그리고 엄격한 검증을 적용합니다. 또한 OIDC discovery/JWKS 로딩도 올바른 출처에만 연결해야 합니다. 다중 IdP는 편하지만 공격 표면도 커집니다. 응답을 수신했을 때 컨텍스트를 잃지 않는 설계가 중요합니다. state는 한 조각일 뿐입니다. 결국 출처 신뢰 체계가 핵심입니다.		O	TRUE	X	FALSE					security	authentication	oauth	oidc
Q519	mTLS와 인증서 핀닝		Network - 보안 및 HTTPS	32	OX	HARD	인증서 핀닝(certificate pinning)은 보안성을 높일 수 있지만, 인증서 교체/회전 시 장애를 유발할 수 있어 운영 난이도가 높다.	핀닝은 특정 인증서/키를 신뢰하도록 고정해 중간자 공격을 줄일 수 있습니다. 하지만 인증서 교체가 필요한 상황에서 클라이언트를 함께 업데이트하지 않으면 장애가 발생할 수 있습니다. 면접에서는 “핀닝이 왜 어렵나”를 물을 수 있습니다. 실무에서는 핀닝을 제한적으로 적용하거나, 백업 핀을 두는 등 운영 전략이 필요합니다. 특히 모바일 앱에서는 핀닝을 도입하는 경우가 있지만, 장애 리스크가 있어 신중합니다. 잘못하면 정상 트래픽이 모두 끊깁니다. 보안 강화가 곧 가용성 리스크가 될 수 있는 대표 사례입니다. 운영 가능한 보안만이 지속됩니다. 그래서 효과와 비용을 따져야 합니다. 핀닝은 강력하지만 어려운 도구입니다.		O	TRUE	X	FALSE					security	authentication	tls	hardening
Q520	RBAC만으로 제로트러스트		Security - 취약점	53	OX	HARD	제로트러스트(Zero Trust)는 RBAC만 잘하면 달성되며, 네트워크/기기/세션 상태 같은 컨텍스트는 크게 중요하지 않다.	제로트러스트는 “항상 검증, 최소 권한”을 기반으로 네트워크 경계를 신뢰하지 않는 접근입니다. RBAC은 한 구성 요소일 뿐이고, 기기 신뢰, 세션 위험도, 네트워크 위치, 지속적 평가 같은 컨텍스트가 중요합니다. 면접에서는 제로트러스트의 핵심 원리를 묻는 경우가 있습니다. 실무에서는 mTLS, 장비 상태, 정책 엔진, 지속적 인증/인가 등 다양한 레이어를 결합합니다. 단순 역할만으로는 내부자/탈취/환경 변화를 반영하기 어렵습니다. 그래서 ABAC나 위험 기반 정책이 함께 쓰입니다. 제로트러스트는 단일 모델이 아니라 운영 철학에 가깝습니다. RBAC만으로 충분하다고 보면 설계가 얕아질 수 있습니다. 컨텍스트를 포함한 정책이 핵심입니다. 결국 ‘믿지 말고 검증하라’가 본질입니다.		O	FALSE	X	TRUE					security	authentication	zero_trust	backend
Q521	DPoP		Security - 인증/인가	52	OX	HARD	DPoP는 토큰을 특정 클라이언트(키)에 바인딩해 토큰 탈취 후 재사용 위험을 줄이는 데 도움될 수 있다.	DPoP는 Proof-of-Possession 계열 접근으로, 토큰을 단순 Bearer가 아니라 “키를 가진 주체만” 사용할 수 있게 만들려는 목적이 있습니다. 그래서 토큰이 탈취되더라도 키가 없으면 사용이 어려워져 재사용 위험이 줄어듭니다. 면접에서는 Bearer 토큰의 약점과 PoP 토큰의 개선점을 연결해 묻기도 합니다. 실무에서는 표준/라이브러리 지원, 키 관리, 프록시/게이트웨이 호환성 때문에 도입 난도가 있습니다. 또한 클라이언트 키 유출 시 방어가 약해질 수 있어 저장 방식이 중요합니다. 적용 시에는 요청 서명 검증 비용과 장애 포인트도 고려해야 합니다. 하지만 고위험 API에서는 충분히 고려할 가치가 있습니다. 토큰을 “소유 증명”과 결합한다는 발상이 핵심입니다. 보안은 재사용 가능성을 줄이는 방향으로 발전합니다.		O	TRUE	X	FALSE					security	authentication	oauth	token
Q522	Bearer Token의 본질		Security - 인증/인가	52	OX	HARD	Bearer 토큰은 기본적으로 ‘토큰을 가진 자가 곧 권한을 가진 자’라는 특성을 가지므로, 네트워크/저장소 노출에 특히 취약하다.	Bearer 토큰은 소유 자체가 권한입니다. 그래서 탈취되면 공격자가 그대로 가장할 수 있습니다. 면접에서는 “Bearer의 약점”을 묻고 대안(mTLS, DPoP, sender-constrained token)을 이야기하게 하기도 합니다. 실무에서는 TLS, 짧은 만료, 회수 전략, 저장소 보안으로 위험을 낮춥니다. 또한 토큰을 로그에 남기지 않는 것은 기본입니다. 토큰 바인딩을 적용하면 탈취 후 재사용을 줄일 수 있습니다. 하지만 운영 복잡도가 올라가므로 요구 수준에 따라 선택해야 합니다. Bearer 모델을 이해하면 왜 ‘토큰 관리’가 중요한지 바로 연결됩니다. 결국 보안은 “탈취되더라도 피해를 줄이는 설계”가 핵심입니다.		O	TRUE	X	FALSE					security	authentication	bearer	backend
Q523	Token Binding 만능		Security - 취약점	53	OX	HARD	토큰 바인딩(예: PoP 계열)을 적용하면 XSS로 인한 토큰 탈취 문제도 완전히 해결된다.	PoP 계열은 토큰의 ‘재사용’을 줄이는 데는 도움이 되지만, XSS 자체를 없애지는 못합니다. XSS가 있으면 사용자의 브라우저에서 정당한 키로 서명된 요청을 만들거나, 세션을 악용하는 형태로 여전히 공격이 가능할 수 있습니다. 면접에서는 “토큰 탈취 방어”와 “세션 악용/XSS”를 구분하는지 묻기도 합니다. 실무에서는 CSP, 출력 인코딩, 의존성 관리 등 XSS 방어가 기본입니다. PoP는 강력한 보강이지만 만능은 아닙니다. 공격자는 탈취 대신 “사용자 환경에서 실행”으로 방향을 바꿀 수 있습니다. 따라서 방어는 다층으로 구성해야 합니다. 보안 대책은 특정 위협에 강하지만, 다른 위협을 남길 수 있습니다. ‘완전히 해결’ 같은 단정은 보통 위험 신호입니다.		O	FALSE	X	TRUE					security	authentication	xss	token
Q524	OAuth State 저장		Security - 취약점	53	OX	HARD	OAuth의 state는 CSRF 방어 목적이므로, 서버가 검증만 하면 되고 저장이나 만료 정책은 중요하지 않다.	state는 CSRF와 세션 혼동을 막는 데 중요한 신호지만, 재사용/만료/바인딩이 약하면 공격 여지가 생깁니다. state를 저장하지 않거나 만료를 두지 않으면 재사용 공격이나 세션 연결 혼동이 발생할 수 있습니다. 면접에서는 state를 어디에 저장하고 어떻게 검증하는지 심화로 나올 수 있습니다. 실무에서는 state를 세션/서버 저장소에 보관하고 짧은 TTL을 둡니다. 또한 어떤 요청(redirect uri, client, flow)과 연결된 state인지 바인딩하면 안전합니다. 단순 문자열 비교만으로는 부족할 수 있습니다. 특히 다중 IdP/다중 탭/동시 로그인에서 경합 조건이 생깁니다. state 운영이 허술하면 인증 플로우가 흔들릴 수 있습니다. 인증은 “한 번의 교환”이 아니라 “흐름 전체의 무결성”입니다.		O	FALSE	X	TRUE					security	authentication	oauth	csrf
Q525	OAuth nonce		Security - 인증/인가	52	OX	HARD	OIDC에서 nonce는 주로 ID Token의 재사용(Replay) 위험을 줄이는 데 활용될 수 있다.	nonce는 ID Token이 ‘이 요청에 대한 응답’인지 확인하는 용도로 쓰입니다. 특히 브라우저 기반 흐름에서 재사용/주입 위험을 줄이는 데 도움이 됩니다. 면접에서는 state와 nonce의 역할 차이를 구분하는지 자주 봅니다. 실무에서는 nonce를 저장하고, ID Token의 nonce 클레임과 일치 여부를 검증합니다. 만료와 단일 사용 정책이 중요합니다. nonce를 검증하지 않으면 공격자가 이전 응답을 재사용하거나 다른 세션에 주입할 가능성이 커집니다. 물론 nonce만으로 모든 공격을 막지는 못하므로 다른 검증(iss, aud, exp 등)도 필수입니다. 핵심은 흐름의 무결성을 강화하는 것입니다. OIDC는 여러 검증 조각이 합쳐져 안전해집니다.		O	TRUE	X	FALSE					security	authentication	oidc	nonce
Q526	JWT kid 충돌		Security - 취약점	53	OX	HARD	JWT 검증에서 kid를 키 선택에 쓰더라도, kid 충돌이나 키 주입을 막기 위해 키 셋을 신뢰 가능한 출처로 제한해야 한다.	kid는 어떤 키로 검증할지 선택하는 힌트일 뿐, 신뢰의 근거가 아닙니다. 공격자가 임의 kid를 넣어 서버가 엉뚱한 키를 쓰게 만들면 위험합니다. 면접에서는 JWKS 로딩 출처 제한과 kid 검증을 심화로 묻습니다. 실무에서는 JWKS를 고정된 issuer에서만 가져오고, allowlist/인증서 검증, 캐싱/갱신 정책을 안전하게 구성합니다. 또한 kid 값이 예상 범위인지 확인하고, 토큰 헤더에 의해 네트워크 요청이 발생하지 않게 합니다. 키 선택 로직이 복잡할수록 취약점이 생기기 쉽습니다. 인증은 ‘키 관리’가 곧 보안입니다. kid는 편의 기능이므로 엄격히 다뤄야 합니다. 잘못 쓰면 인증 우회로 직결됩니다.		O	TRUE	X	FALSE					security	authentication	jwt	jwks
Q527	JWKS 캐시와 키 회전		Security - 인증/인가	52	OX	HARD	JWKS를 캐싱하면 항상 안전하며, 키 회전 중에도 검증 실패 가능성은 거의 없다.	JWKS 캐싱은 성능에 좋지만, 키 회전 시점에는 구키/신키 전환 타이밍으로 검증 실패가 발생할 수 있습니다. 면접에서는 “키 회전 중 토큰 검증 안정성”을 묻기도 합니다. 실무에서는 캐시 TTL, 백그라운드 갱신, 구키와 신키의 동시 제공 기간(grace period)을 두어 문제를 줄입니다. 또한 kid 기반으로 키를 찾되, 캐시에 없으면 갱신을 트리거하는 전략이 흔합니다. ‘항상 안전’은 아니며 운영 설계가 중요합니다. 회전 정책이 허술하면 로그인 실패나 대규모 장애로 이어질 수 있습니다. 인증은 가용성과 직결됩니다. 키 관리 실수는 보안뿐 아니라 장애도 만듭니다. 그래서 회전은 배포/운영 프로세스와 함께 설계해야 합니다.		O	FALSE	X	TRUE					security	authentication	jwks	rotation
Q528	Session Store와 일관성		Backend - 인증/인가	18	OX	HARD	세션 기반 인증에서 세션 저장소를 Redis로 쓸 때, 복제 지연/일관성 문제로 로그아웃 직후 요청이 간헐적으로 통과할 수 있다.	분산 저장소에서는 일관성 이슈가 현실적으로 발생할 수 있습니다. 특히 로그아웃/권한 변경 직후, 읽기 경로가 다른 노드로 가면 갱신이 늦게 반영될 수 있습니다. 면접에서는 분산 시스템 관점의 인증 문제를 심화로 묻기도 합니다. 실무에서는 강한 일관성 경로를 쓰거나, 로그아웃 토큰/버전 체크를 추가해 보완합니다. 또한 Redis 설정(복제, persistence, failover)과 읽기 전략이 영향을 줍니다. 인증은 단순 로직이 아니라 운영 인프라의 성질을 함께 탄다는 점이 중요합니다. “가끔 통과”는 실제 사고로 이어질 수 있어 반드시 고려해야 합니다. 테스트에서도 재현이 어려워 더 위험합니다. 설계 단계에서 이런 경계 조건을 인정하고 방어해야 합니다.		O	TRUE	X	FALSE					security	authentication	session	redis
Q529	Cache Token Blacklist		Security - 인증/인가	52	OX	HARD	토큰 블랙리스트를 캐시에 넣어 회수 처리를 하더라도, 캐시 장애 시 ‘fail-open’으로 두면 보안이 약해질 수 있다.	블랙리스트는 회수를 즉시 반영하는 데 도움이 되지만, 의존성이 생깁니다. 캐시가 죽었을 때 “통과시키는(fail-open)” 정책은 공격자가 회수된 토큰을 쓸 수 있게 만들 수 있습니다. 면접에서는 인증 시스템의 fail-open vs fail-closed 트레이드오프를 묻습니다. 실무에서는 보안 요구가 높으면 fail-closed를 택하지만, 가용성 요구가 높으면 절충이 필요합니다. 이때는 짧은 만료, 위험 기반 차단, 대체 저장소, 부분 기능 제한 같은 전략을 조합합니다. 어떤 선택이든 의도를 명확히 해야 합니다. 인증은 보안과 가용성이 충돌하는 대표 지점입니다. 장애 시 정책이 곧 보안 정책입니다. 운영에서 발생할 상황을 기준으로 결정해야 합니다.		O	TRUE	X	FALSE					security	authentication	token	cache
Q530	Password Reset 취약점		Security - 취약점	53	OX	HARD	비밀번호 재설정 링크 토큰은 충분히 길고 랜덤하며 짧은 만료를 가지면, 로그에 남아도 안전하다고 볼 수 있다.	재설정 토큰이 로그에 남으면 유출 경로가 됩니다. 길고 랜덤해도 “누군가가 로그를 볼 수 있으면” 바로 악용될 수 있습니다. 면접에서는 재설정 플로우의 보안 포인트를 자주 묻습니다. 실무에서는 토큰을 절대 로그에 남기지 않고, 1회용/짧은 만료, 사용 후 즉시 폐기, 재사용 탐지를 적용합니다. 또한 링크 클릭 시 추가 확인(최근 로그인, MFA)을 붙이기도 합니다. 재설정은 공격자가 가장 좋아하는 우회 경로입니다. 토큰 강도만으로 안전을 주장하면 위험합니다. 유출 가능성을 먼저 줄이는 것이 우선입니다. 보안은 비밀을 ‘강하게’ 만드는 것뿐 아니라 ‘노출되지 않게’ 하는 것입니다.		O	FALSE	X	TRUE					security	authentication	reset	token
Q531	Account Recovery가 더 약함		Security - 취약점	53	OX	HARD	계정 복구(Recovery) 절차가 로그인보다 약하면, 공격자는 로그인 대신 복구를 노리는 경향이 있다.	실제로 공격자는 가장 약한 고리를 노립니다. 로그인에 MFA가 있어도, 복구가 이메일 링크 하나면 그 경로가 타깃이 됩니다. 면접에서는 “복구가 인증의 일부”라는 관점을 묻기도 합니다. 실무에서는 복구에도 강한 검증(추가 인증, 위험 기반, 대기 시간)을 적용합니다. 또한 복구 이벤트는 높은 위험 신호이므로 알림/감사를 강화합니다. 사용자 경험 때문에 복구를 너무 빡세게 하면 이탈이 생길 수 있어 균형이 어렵습니다. 하지만 약하면 계정 탈취가 너무 쉬워집니다. 특히 고가치 계정은 복구 보안이 핵심입니다. 복구는 보통 가장 취약해지기 쉬운 지점입니다. 그래서 정책 설계와 운영이 중요합니다.		O	TRUE	X	FALSE					security	authentication	recovery	backend
Q532	Rate Limit과 사용자 경험		Security - 취약점	53	OX	HARD	로그인 레이트 리밋을 강하게 걸면 공격 방어에 유리하지만, 공격자가 특정 계정을 대상으로 의도적으로 잠가 DoS를 유발할 수도 있다.	레이트 리밋과 계정 잠금은 방어지만, 동시에 공격 도구가 될 수 있습니다. 공격자가 반복 실패를 보내 계정을 잠그면 정당 사용자가 로그인 못하는 문제가 생깁니다. 면접에서는 이 trade-off를 심화로 묻습니다. 실무에서는 IP/디바이스/위험 기반으로 차단을 분산하고, 계정 잠금 대신 점진 지연(Progressive delay) 같은 방법을 씁니다. 또한 캡차, MFA, 이상 탐지와 조합하면 효과가 좋습니다. 단일 정책은 오용될 수 있습니다. 보안은 사용자 경험과 가용성까지 고려해야 합니다. 특히 인증은 서비스의 ‘문’이라 DoS에 취약합니다. 공격 시나리오를 가정하고 정책을 설계해야 합니다.		O	TRUE	X	FALSE					security	authentication	rate_limit	dos
Q533	CSP가 XSS 완전 차단		Security - 취약점	53	OX	HARD	CSP를 강하게 설정하면 애플리케이션에 XSS 취약점이 있어도 공격은 절대 성공할 수 없다.	CSP는 XSS 공격 난이도를 올리지만, 완전 차단을 보장하지는 않습니다. 설정이 복잡하고, 우회 가능한 케이스가 존재할 수 있습니다. 면접에서는 CSP의 목적과 한계를 이해하는지 봅니다. 실무에서는 CSP를 ‘보강’으로 쓰고, 입력/출력 인코딩, 프레임워크 방어, 의존성 점검으로 취약점 자체를 줄입니다. 또한 report-only로 점진 적용하는 운영이 흔합니다. CSP가 너무 느슨하면 효과가 없고, 너무 강하면 기능이 깨질 수 있습니다. 결국 균형과 지속적인 관리가 필요합니다. 보안은 단일 장치가 아니라 프로세스입니다. “절대”는 대개 위험한 단정입니다. XSS는 다층 방어가 정석입니다.		O	FALSE	X	TRUE					security	authentication	csp	xss
Q534	CSRF와 SameSite		Security - 취약점	53	OX	HARD	SameSite=Strict는 CSRF 위험을 크게 줄일 수 있지만, SSO/서드파티 결제 등 일부 플로우와 충돌할 수 있다.	Strict는 크로스 사이트 요청에서 쿠키 전송을 매우 제한해 CSRF를 줄입니다. 하지만 리다이렉트 기반 플로우에서 인증 쿠키가 안 가면 기능이 깨질 수 있습니다. 면접에서는 Strict/Lax/None의 선택 기준을 묻기도 합니다. 실무에서는 민감도에 따라 Lax로 타협하거나, 특정 경로만 분리해 적용하는 전략을 씁니다. 또한 CSRF 토큰과 병행하면 더 안전합니다. 쿠키 정책은 보안과 UX의 trade-off가 큽니다. 실제 브라우저 동작과 예외 케이스를 테스트해야 합니다. 잘못 설정하면 로그인 자체가 깨질 수 있습니다. 반대로 너무 느슨하면 공격 표면이 넓습니다. 따라서 요구사항 기반 설계가 필요합니다.		O	TRUE	X	FALSE					security	authentication	csrf	cookie
Q535	OAuth Redirect와 Referrer		Security - 취약점	53	OX	HARD	인증 코드가 URL에 포함되는 플로우에서는 Referrer-Policy 설정이 부주의하면 코드가 제3자 리소스로 유출될 수 있다.	페이지가 외부 리소스(이미지, 스크립트)를 로드할 때 Referer 헤더로 현재 URL이 전송될 수 있습니다. 그 URL에 코드/토큰이 있으면 유출 위험이 생깁니다. 면접에서는 이런 ‘부수적 유출 경로’를 심화로 묻기도 합니다. 실무에서는 코드가 쿼리에 남지 않도록 즉시 교환하고 URL을 정리(replaceState)하거나, referrer-policy를 엄격히 설정합니다. 또한 외부 리소스 로딩을 최소화합니다. 인증 흐름에서 URL은 매우 민감합니다. 작은 프론트 설정이 큰 보안 사고가 될 수 있습니다. 특히 로그/분석 스크립트가 referer를 수집하는 경우도 있어 위험합니다. 방어는 백엔드만이 아니라 브라우저 정책까지 포함됩니다. 플로우 전체를 점검해야 합니다.		O	TRUE	X	FALSE					security	authentication	oauth	referrer
Q536	Token 교환에서 Audience		Security - 인증/인가	52	OX	HARD	여러 리소스 서버가 있는 환경에서 토큰의 aud 검증이 없으면, 한 서비스용 토큰이 다른 서비스에 오용될 가능성이 커질 수 있다.	aud는 토큰이 “어디를 위한 것인지”를 제한하는 중요한 단서입니다. 검증이 없으면 토큰 혼용이 가능해지고 권한 오남용이 발생할 수 있습니다. 면접에서는 마이크로서비스에서 토큰 설계를 심화로 묻습니다. 실무에서는 서비스별 aud를 분리하고, 필요하면 토큰을 분리 발급하거나 토큰 교환(token exchange) 패턴을 씁니다. 또한 게이트웨이만 믿지 않고 서비스 내부에서도 검증합니다. 신뢰 경계를 명확히 해야 합니다. 특히 내부 서비스가 늘어날수록 혼용 위험이 커집니다. aud는 단순 옵션이 아니라 설계의 핵심입니다. 검증 정책을 표준화해야 실수가 줄어듭니다. 결국 권한은 ‘범위’가 중요합니다.		O	TRUE	X	FALSE					security	authentication	jwt	backend
Q537	Authorization Code 재사용		Security - 취약점	53	OX	HARD	Authorization Code는 원칙적으로 1회용이어야 하며, 재사용이 가능하면 코드 탈취 시 피해가 커질 수 있다.	인가 코드는 짧은 수명 + 1회용이 기본입니다. 재사용 가능하면 탈취된 코드가 여러 번 토큰으로 교환될 수 있어 위험합니다. 면접에서는 코드의 성질(단기, 1회용)과 PKCE 이유를 연결해 묻기도 합니다. 실무에서는 코드 사용 시 즉시 폐기하고, 재사용 시도는 탐지 이벤트로 처리합니다. 또한 코드-클라이언트-redirect uri 바인딩 검증이 중요합니다. 네트워크 재시도와 동시성 때문에 오탐이 생길 수 있어 구현이 까다롭지만, 원칙은 분명합니다. 1회용이 아니면 공격자에게 기회를 줍니다. 인증은 토큰뿐 아니라 코드 단계도 보호해야 합니다. 작게 보이는 단계가 전체를 무너뜨릴 수 있습니다. 따라서 엄격한 정책이 필요합니다.		O	TRUE	X	FALSE					security	authentication	oauth	pkce
Q538	Logout는 무조건 안전		Security - 취약점	53	OX	HARD	로그아웃은 단순히 클라이언트에서 토큰을 삭제하면 충분하며, 서버 측 회수나 세션 무효화는 보안상 큰 의미가 없다.	클라이언트 삭제만으로는 탈취된 토큰/세션을 막지 못합니다. 공격자가 이미 토큰을 갖고 있으면 계속 악용할 수 있습니다. 면접에서는 로그아웃이 왜 어려운지(토큰 회수, 세션 무효화) 심화로 묻습니다. 실무에서는 세션 기반이면 서버 세션을 무효화하고, 토큰 기반이면 RT 회수/블랙리스트/토큰 버전 등을 고려합니다. 또한 SSO 환경에서는 IdP 로그아웃과의 연계가 복잡합니다. 로그아웃은 UX 기능이면서 동시에 보안 기능입니다. 의미가 없다고 보면 사고 대응이 불가능해집니다. 특히 기기 분실/탈취 상황에서는 서버 회수가 중요합니다. 정책과 기술을 함께 설계해야 합니다. 단순 삭제는 ‘내 화면에서만’ 끝날 수 있습니다.		O	FALSE	X	TRUE					security	authentication	logout	token
Q539	Step-up Authentication		Security - 인증/인가	52	OX	HARD	고위험 작업(비밀번호 변경, 결제, 2FA 해제 등)에서 step-up 인증(추가 인증)을 요구하는 것은 계정 탈취 피해를 줄이는 데 도움이 될 수 있다.	step-up은 평소엔 편하게 두고, 위험 작업에서 추가 검증을 요구하는 패턴입니다. 계정이 부분적으로 탈취됐거나 세션이 오래됐을 때 피해를 줄일 수 있습니다. 면접에서는 위험 기반 인증과 함께 심화로 나옵니다. 실무에서는 최근 로그인 시간, 새 디바이스, 이상 위치 등 신호를 기반으로 step-up을 트리거합니다. 또한 2FA 해제는 특히 민감해서 강한 인증이 필요합니다. 사용자 경험을 해치지 않으면서 보안을 높이는 대표 전략입니다. 단, 정책이 불명확하면 사용자 불만이 커질 수 있어 설계가 중요합니다. 로그/감사도 함께 남겨야 사고 조사에 유리합니다. 공격자는 중요한 순간을 노립니다. 그 순간에 문턱을 올리는 것이 효과적입니다.		O	TRUE	X	FALSE					security	authentication	mfa	risk
Q540	SSRF와 메타데이터		Security - 취약점	53	OX	HARD	SSRF는 인증/인가와 무관해 보이지만, 클라우드 메타데이터 접근을 통해 자격 증명 탈취로 이어질 수 있어 인증 보안과 연결된다.	SSRF는 서버가 대신 요청을 보내는 취약점이라 내부 자원에 접근할 수 있습니다. 클라우드 환경에서는 메타데이터 엔드포인트를 통해 임시 자격 증명을 탈취할 위험이 있습니다. 면접에서는 SSRF가 왜 위험한지 심화로 나올 수 있습니다. 실무에서는 아웃바운드 네트워크 제한, 메타데이터 보호(예: IMDSv2), URL allowlist, DNS 리바인딩 방어 등을 적용합니다. 탈취된 자격 증명은 API 호출/데이터 접근으로 이어져 인증 체계를 우회할 수 있습니다. 따라서 SSRF는 단순 웹 취약점이 아니라 계정/권한 탈취로 이어지는 경로입니다. 보안은 레이어가 연결되어 있습니다. 입력 검증 하나가 IAM 전체를 지킬 수 있습니다. 클라우드에서는 특히 그렇습니다. 그래서 SSRF는 인증/권한 관점에서도 매우 중요합니다.		O	TRUE	X	FALSE					security	authentication	ssrf	cloud
Q541	OAuth Token Exchange		Security - 인증/인가	52	OX	HARD	Token Exchange는 한 서비스가 받은 토큰을 다른 리소스/서비스용 토큰으로 교환해 권한 범위를 재조정하는 패턴으로 사용될 수 있다.	Token Exchange는 토큰을 그대로 전달하지 않고, 대상 서비스에 맞는 토큰으로 바꿔 “범위 축소(least privilege)”를 적용할 수 있는 패턴입니다. 면접에서는 마이크로서비스에서 토큰 전달을 어떻게 안전하게 할지 심화로 나옵니다. 실무에서는 주체 토큰(subject token), 대상(audience), 교환 정책을 엄격히 제한해야 합니다. 잘못 구현하면 권한 상승 경로가 될 수 있습니다. 또한 감사/추적을 위해 토큰 체인 정보를 남기는 설계가 유용합니다. 서비스 간 신뢰 관계를 명확히 해야 합니다. “토큰을 그대로 들고 다니지 않게” 만드는 것이 핵심 가치입니다. 하지만 인프라/표준 지원과 운영 복잡도도 고려해야 합니다. 보안과 운영의 균형 속에서 도입을 결정합니다.		O	TRUE	X	FALSE					security	authentication	oauth	token
Q542	Downscoping		Security - 인증/인가	52	OX	HARD	Downscoping은 서비스 내부 호출에서 상위 권한 토큰을 그대로 쓰지 않고, 필요한 최소 권한만 가진 토큰으로 축소해 사용하는 접근이다.	Downscoping은 최소 권한 원칙을 토큰 레벨에서 구현하는 방식입니다. 면접에서는 “왜 내부 호출에 사용자 토큰을 그대로 쓰면 위험한가”로 확장됩니다. 실무에서는 서비스 A가 받은 강한 토큰을 서비스 B에 그대로 전달하면 권한 범위가 의도치 않게 넓어질 수 있습니다. 그래서 대상 서비스용으로 scope/aud를 줄인 토큰을 발급하거나 교환합니다. 이 과정에서 정책 엔진이 필요할 수 있습니다. 또한 감사 로그로 “누가 누구를 대신해 호출했는지”가 추적되어야 합니다. 축소 토큰의 만료/회수도 고려해야 합니다. 잘 설계하면 내부 권한 오남용을 크게 줄일 수 있습니다. 하지만 구현 복잡도가 올라가므로 요구 수준을 보고 결정합니다.		O	TRUE	X	FALSE					security	authentication	authorization	backend
Q543	JWT Claim Trust Boundary		Security - 취약점	53	OX	HARD	JWT 서명 검증이 통과하더라도, 특정 클레임(예: role)을 곧바로 최종 권한으로 사용하면 권한 모델 불일치로 문제가 생길 수 있다.	서명 검증은 “토큰이 위변조되지 않았다”는 의미이지, 시스템 전체 권한 모델과 일치한다는 의미는 아닙니다. 토큰에 role이 들어있어도 그것이 최신인지, 해당 서비스 정책과 매핑이 올바른지 확인해야 합니다. 면접에서는 “토큰 클레임 vs 서버 권한”을 어떻게 설계하는지 묻습니다. 실무에서는 권한 변경 즉시 반영이 필요하면 서버 조회/토큰 버전/인트로스펙션을 섞습니다. 또한 서비스마다 역할 정의가 달라 role을 그대로 쓰면 오해가 생길 수 있습니다. 토큰 클레임은 캐시된 주장(claim)일 뿐이라는 관점이 중요합니다. 특히 여러 팀/서비스가 붙으면 더 깨지기 쉽습니다. 권한 모델의 단일 진실(SSOT)을 정하고 동기화를 설계해야 합니다. 단순히 “서명 통과=권한 OK”는 위험합니다.		O	TRUE	X	FALSE					security	authentication	jwt	authorization
Q544	ABAC와 속성 위조		Security - 취약점	53	OX	HARD	ABAC에서 사용자 속성(attribute)을 클라이언트가 보내는 값으로 결정하면, 속성 위조로 권한 상승 위험이 커질 수 있다.	ABAC는 속성 기반 정책이라 입력 속성이 신뢰 가능한지 매우 중요합니다. 클라이언트가 “나는 admin” 같은 속성을 보내면 그대로 믿을 수 없습니다. 면접에서는 “속성의 출처”를 강조하며 심화로 나옵니다. 실무에서는 속성은 서버/IdP가 발급한 토큰 또는 서버 DB에서 결정합니다. 요청 바디/헤더의 속성은 힌트일 뿐, 최종 판단에 쓰면 안 됩니다. 또한 정책 엔진(PDP)과 집행 지점(PEP)을 분리해 일관성을 확보합니다. 속성 위조는 role 위조와 동일한 문제입니다. 인증은 신원, 인가는 속성의 신뢰에서 결정됩니다. 이 경계가 무너지면 ABAC는 오히려 공격면이 됩니다. 따라서 속성의 신뢰 체인을 설계하는 것이 핵심입니다.		O	TRUE	X	FALSE					security	authentication	abac	backend
Q545	MFA Bypass via Recovery		Security - 취약점	53	OX	HARD	MFA가 있어도 계정 복구 과정이 약하면, 공격자가 복구 경로로 MFA를 우회할 수 있다.	복구는 종종 인증의 ‘뒷문’이 되기 쉽습니다. 그래서 공격자는 MFA를 직접 깨기보다 복구 절차를 노립니다. 면접에서는 복구 절차 보안(본인 확인, 대기 시간, 알림, 제한)을 심화로 묻습니다. 실무에서는 복구 요청 시 위험 신호를 강하게 보고 추가 인증이나 지연을 둡니다. 또한 복구 성공 시 모든 세션 무효화, 새로운 MFA 등록 요구 등 후속 조치가 필요합니다. 사용자가 계정을 되찾는 UX는 중요하지만, 너무 쉬우면 공격도 쉬워집니다. 특히 고가치 계정에서는 복구가 핵심입니다. 복구 이벤트를 감사/모니터링하는 것도 필수입니다. 결론적으로 MFA만으로 끝이 아니고, 복구까지 포함해 인증 체계를 봐야 합니다.		O	TRUE	X	FALSE					security	authentication	mfa	recovery
Q546	Password Reset Token Hashing		Security - 취약점	53	OX	HARD	비밀번호 재설정 토큰을 DB에 원문으로 저장하면 유출 시 악용될 수 있어, 해시로 저장하는 전략이 도움이 될 수 있다.	재설정 토큰은 사실상 로그인과 같은 권한을 주므로 매우 민감합니다. DB가 유출되면 원문 토큰이 곧바로 악용될 수 있습니다. 면접에서는 “리셋 토큰 저장 방식”을 심화로 물을 수 있습니다. 실무에서는 토큰 원문은 사용자에게만 전달하고, 서버에는 해시만 저장해 비교합니다. 만료/1회용/재사용 탐지와 함께 적용하면 효과가 큽니다. 다만 해시 비교 시에도 일정한 정책(만료/폐기)이 필요합니다. 또한 토큰 전달 경로(이메일/문자)의 보안도 고려해야 합니다. 토큰을 로그에 남기지 않는 것도 기본입니다. 인증에서 ‘임시 토큰’도 주요 공격 표면입니다. 저장 방식만 바꿔도 피해 가능성을 줄일 수 있습니다.		O	TRUE	X	FALSE					security	authentication	reset	token
Q547	TOTP Seed 보호		Security - 취약점	53	OX	HARD	TOTP의 시드(공유 비밀키)가 유출되면, 공격자는 시간 기반 OTP를 생성할 수 있어 MFA가 무력화될 수 있다.	TOTP는 공유 비밀키를 기반으로 OTP를 생성합니다. 이 시드가 유출되면 공격자가 동일한 OTP를 생성할 수 있어 사실상 2차 인증이 깨집니다. 면접에서는 TOTP의 동작 원리와 위협 모델을 심화로 묻습니다. 실무에서는 시드를 암호화해 저장하고 접근을 최소화하며, 등록/복구 절차를 강화합니다. 또한 시드 재발급 시 기존 시드를 폐기해야 합니다. 푸시 기반 MFA나 WebAuthn으로 대체하는 선택도 있습니다. MFA도 결국 ‘비밀’이 있고 그 비밀을 지켜야 합니다. 시드 보안은 매우 중요하지만 종종 간과됩니다. 운영 인프라의 접근 통제가 보안을 좌우합니다.		O	TRUE	X	FALSE					security	authentication	mfa	totp
Q548	JWT Clock Skew		Security - 인증/인가	52	OX	HARD	JWT exp 검증에서 clock skew(서버 시간 차이)를 고려해 약간의 허용 오차를 두는 것은 가용성을 높이지만, 과도하면 보안이 약해질 수 있다.	분산 환경에서는 서버 시간이 완전히 같지 않을 수 있습니다. 약간의 스큐 허용은 정상 사용자의 실패를 줄입니다. 면접에서는 “왜 leeway를 두나, 얼마가 적절하나”를 심화로 묻기도 합니다. 실무에서는 NTP로 시간 동기화를 기본으로 하고, leeway는 최소 범위로 둡니다. 너무 크게 두면 만료 토큰이 더 오래 유효해져 위험이 커집니다. 보안과 가용성의 트레이드오프입니다. 또한 nbf/iat 검증에도 영향을 줄 수 있습니다. 시간은 인증에서 매우 중요한 요소입니다. 운영 환경의 시간 동기화가 흔들리면 인증 장애로 이어질 수 있습니다. 정책과 인프라를 함께 설계해야 합니다.		O	TRUE	X	FALSE					security	authentication	jwt	backend
Q549	Clock Skew 무시		Security - 취약점	53	OX	HARD	클러스터 환경에서도 서버 시간이 다를 수 없으므로, exp/nbf 검증에서 clock skew는 고려할 필요가 없다.	현실적으로 서버 시간 차이는 발생할 수 있습니다. NTP 오류, VM 이동, 설정 실수 등 다양한 원인이 있습니다. 면접에서는 분산 시스템에서 인증 장애 원인으로 시간을 언급하기도 합니다. 실무에서는 시간 동기화를 강제하고, 최소 leeway를 둬 가용성을 확보합니다. 물론 leeway는 과하면 보안이 약해져 균형이 필요합니다. 시간을 무시하면 간헐적 인증 실패가 발생할 수 있습니다. 이런 문제는 재현이 어려워 운영을 괴롭힙니다. 인증은 작은 인프라 문제에도 민감합니다. “다를 수 없다”는 가정은 위험합니다. 운영에서는 ‘다를 수 있다’를 전제로 방어해야 합니다.		O	FALSE	X	TRUE					security	authentication	jwt	ops
Q550	OAuth Redirect Open Redirect		Security - 취약점	53	OX	HARD	애플리케이션에 오픈 리다이렉트(Open Redirect) 취약점이 있으면, OAuth 인증 코드/토큰이 공격자에게 전달될 위험이 커질 수 있다.	오픈 리다이렉트는 사용자를 임의 URL로 보내는 취약점입니다. OAuth 플로우에서는 redirect 경로가 중요하므로, 취약점이 있으면 코드/토큰이 공격자에게 새어나갈 수 있습니다. 면접에서는 오픈 리다이렉트가 왜 위험한지 심화로 나옵니다. 실무에서는 redirect 파라미터를 allowlist로 제한하고, 외부 도메인 리다이렉트를 금지합니다. 또한 OAuth redirect uri 자체도 정확 일치로 검증해야 합니다. 프론트 라우팅에서도 “next” 같은 파라미터를 잘못 다루면 취약해집니다. 인증 플로우는 작은 취약점이 큰 사고로 번집니다. 오픈 리다이렉트는 피싱에도 악용되므로 이중 위험입니다. 보안은 기능뿐 아니라 UX 라우팅에서도 발생합니다. 그래서 리다이렉트 처리의 안전성이 매우 중요합니다.		O	TRUE	X	FALSE					security	authentication	oauth	redirect
Q551	CORS로 토큰 보호		Security - 취약점	53	OX	HARD	CORS 정책을 엄격히 하면 공격자가 서버-서버로 토큰 엔드포인트를 호출하는 것을 원천적으로 막을 수 있다.	CORS는 브라우저에서만 강제되는 정책입니다. 서버-서버 요청이나 curl 같은 도구에는 적용되지 않습니다. 면접에서는 CORS를 보안 장치로 오해하는지 심화로 체크합니다. 실무에서는 토큰 엔드포인트는 인증(클라이언트 인증, PKCE 등)과 레이트 리밋으로 보호해야 합니다. CORS는 “프론트에서 호출 가능 범위”를 조정하는 도구일 뿐입니다. 따라서 원천 차단을 기대하면 위험합니다. 공격자는 브라우저 밖에서 쉽게 요청할 수 있습니다. 보안은 서버에서 강제해야 합니다. CORS는 보조 정책입니다. 이런 오해는 실제 사고로 이어질 수 있어 경계해야 합니다.		O	FALSE	X	TRUE					security	authentication	cors	backend
Q552	mTLS만으로 인가		Security - 취약점	53	OX	HARD	mTLS로 서비스 간 신원을 확인하면, 추가적인 인가 정책 없이도 모든 API 호출을 허용해도 안전하다.	mTLS는 통신 주체를 확인하는 데 도움되지만, ‘무엇을 할 수 있는지’(인가)를 자동으로 결정해주진 않습니다. 면접에서는 인증(authentication)과 인가(authorization)를 구분하는지 심화로 묻습니다. 실무에서는 mTLS로 “누구인지” 확인한 뒤, 정책으로 “어떤 API를 호출 가능한지”를 제한해야 합니다. 그렇지 않으면 내부 서비스가 침해됐을 때 횡적 이동이 쉬워집니다. 제로트러스트 관점에서는 내부도 최소 권한이 필요합니다. 또한 서비스 신원만으로는 사용자/테넌트 권한이 구분되지 않을 수 있습니다. mTLS는 강력한 기반이지만 단독으로는 부족합니다. 네트워크 인증과 애플리케이션 인가는 역할이 다릅니다. 둘을 혼동하면 설계가 무너집니다.		O	FALSE	X	TRUE					security	authentication	mtls	authorization
Q553	Session Cookie Domain		Security - 취약점	53	OX	HARD	세션 쿠키에 Domain을 넓게 설정하면(예: .example.com) 서브도메인 침해 시 세션 탈취/주입 위험이 커질 수 있다.	Domain을 넓히면 여러 서브도메인이 쿠키를 공유하게 됩니다. 한 서브도메인이 XSS/침해되면 쿠키가 노출되거나 쿠키 주입이 쉬워질 수 있습니다. 면접에서는 쿠키 스코프 최소화가 심화로 나옵니다. 실무에서는 가능하면 host-only 쿠키로 두고, 꼭 필요할 때만 Domain을 설정합니다. 또한 __Host- 프리픽스를 적용해 실수 가능성을 줄일 수 있습니다. 멀티 앱/SSO에서 공유가 필요하면 보안 검토가 필수입니다. 공격 표면이 넓어지기 때문입니다. 세션은 서비스의 열쇠라 스코프가 곧 위험 범위입니다. 좁게 잡는 것이 기본입니다. 넓게 잡으면 운영은 편하지만 사고도 커집니다.		O	TRUE	X	FALSE					security	authentication	cookie	session
Q554	Sticky Session 신뢰		Security - 취약점	53	OX	HARD	로드밸런서에서 스티키 세션을 쓰면 세션 하이재킹 위험이 사실상 사라진다.	스티키 세션은 같은 클라이언트를 같은 서버로 보내는 라우팅 전략입니다. 세션 하이재킹(세션 ID 탈취)을 막아주지 않습니다. 면접에서는 “라우팅 vs 보안”을 구분하는지 심화로 나올 수 있습니다. 실무에서는 하이재킹 방어로 Secure/HttpOnly, 세션 재발급, IP/디바이스 바인딩, 이상 탐지 등을 씁니다. 스티키는 가용성/성능과 관련이지 보안 만능이 아닙니다. 오히려 특정 서버에 세션이 몰리면 장애 영향이 커질 수도 있습니다. 보안은 세션 ID 보호와 재사용 방지에 달려 있습니다. 라우팅 전략은 보안의 본질과 다릅니다. 이런 오해는 위험합니다. “사실상 사라진다”는 단정은 틀립니다.		O	FALSE	X	TRUE					security	authentication	session	loadbalancer
Q555	JWT vs Session Revocation		Security - 인증/인가	52	OX	HARD	세션 기반은 서버에서 세션을 삭제하면 즉시 무효화가 가능하지만, 순수 JWT stateless 방식은 즉시 회수가 더 어렵다.	세션은 서버 상태가 있어 삭제로 즉시 무효화가 가능합니다. 반면 순수 stateless JWT는 만료 전까지 유효하므로 즉시 회수가 어렵습니다. 면접에서는 이 차이와 보완책(블랙리스트/토큰 버전/인트로스펙션)을 심화로 묻습니다. 실무에서는 요구 보안 수준에 따라 세션/토큰 방식을 선택하거나 혼합합니다. 예를 들어 Access는 JWT, Refresh는 서버 저장으로 회수 가능하게 설계하는 방식이 흔합니다. 즉시 회수가 필요한 서비스라면 stateless만으로는 부족할 수 있습니다. 가용성과 확장성의 장점이 있지만 보안 요구를 맞춰야 합니다. 결국 인증은 “회수 전략”이 핵심입니다. 만료만 믿으면 대응이 늦습니다. 사고 대응까지 포함한 설계가 필요합니다.		O	TRUE	X	FALSE					security	authentication	jwt	session
Q556	Audit Log 민감정보		Security - 취약점	53	OX	HARD	감사 로그(Audit Log)는 보안에 중요하지만, 과도한 민감 정보(토큰/비밀번호/리셋 링크)를 남기면 오히려 공격 표면이 될 수 있다.	감사 로그는 사고 조사와 책임 추적에 필수입니다. 하지만 토큰/비밀번호 같은 민감 정보를 남기면 로그가 곧 비밀 저장소가 됩니다. 면접에서는 로그 보안과 마스킹을 심화로 묻습니다. 실무에서는 식별자만 남기고 민감 값은 마스킹하거나 수집 제외합니다. 또한 로그 접근 권한을 최소화하고, 보관 기간/암호화/감사를 운영합니다. 로그 시스템은 여러 팀이 접근할 수 있어 유출 위험이 큽니다. “기록”이 “노출”이 되지 않게 설계해야 합니다. 무엇을 남길지 정책이 중요합니다. 특히 인증 관련 값은 절대 노출되면 안 됩니다. 감사는 필요하지만 안전하게 해야 합니다. 균형이 핵심입니다.		O	TRUE	X	FALSE					security	authentication	logging	audit
Q557	SSO Logout 환상		Security - 취약점	53	OX	HARD	SSO 환경에서 ‘로그아웃’을 구현하면, 사용자가 가진 모든 세션과 모든 토큰이 항상 즉시 완벽하게 폐기된다고 보장할 수 있다.	SSO 로그아웃은 IdP, RP, 브라우저 상태가 얽혀 완벽하게 보장하기 어렵습니다. 토큰이 여러 곳에 복제되었거나, 세션이 여러 디바이스에 있으면 더 어렵습니다. 면접에서는 SLO의 현실적 한계를 심화로 묻기도 합니다. 실무에서는 “세션 무효화”, “RT 회수”, “짧은 AT 만료”, “토큰 버전” 등 여러 장치를 조합합니다. 그리고 사용자에게도 로그아웃 범위(현재 기기/전체 기기)를 명확히 안내하는 UX가 필요합니다. 보장은 어렵지만, 피해를 줄이도록 설계할 수는 있습니다. ‘항상 완벽’은 과장입니다. 인증은 네트워크/클라이언트까지 포함한 시스템입니다. 이 특성을 인정해야 안전한 정책을 세울 수 있습니다.		O	FALSE	X	TRUE					security	authentication	sso	logout
Q558	Privilege Escalation via JWT Role		Security - 취약점	53	OX	HARD	서버가 role 클레임을 신뢰하더라도, role이 발급 시점 이후 변경될 수 있으므로 민감 작업은 추가 검증(step-up 또는 서버 조회)이 필요할 수 있다.	role은 바뀔 수 있는 정보입니다. 토큰이 장시간 유효하면 role 변경이 반영되지 않아 권한이 남는 문제가 생깁니다. 면접에서는 ‘권한 최신성’과 ‘민감 작업 방어’를 심화로 묻습니다. 실무에서는 민감 작업에서 최근 인증 요구(step-up), 서버 권한 조회, 토큰 버전 체크 등을 적용합니다. 토큰의 장점(성능) 때문에 모든 요청에서 조회하진 않더라도, “위험 작업”에서는 강화하는 것이 좋습니다. 이는 사용자 경험과 보안의 균형을 잡는 대표 패턴입니다. 공격자는 관리자 권한 같은 고가치 작업을 노립니다. 그 시점에 문턱을 올리면 피해가 줄어듭니다. 토큰은 편의지만, 최신성 요구가 있을 때는 보완이 필요합니다. 결국 정책 기반 설계가 중요합니다.		O	TRUE	X	FALSE					security	authentication	jwt	authorization
Q559	OAuth Redirect Fragment		Security - 취약점	53	OX	HARD	URL fragment(#)에 토큰을 담는 방식은 서버 로그에 덜 남을 수 있지만, 브라우저 환경 노출과 XSS 위험을 키울 수 있다.	fragment는 서버로 전송되지 않아 로그 노출이 줄 수 있지만, 브라우저에서 쉽게 접근 가능한 영역입니다. XSS가 있으면 fragment의 토큰을 훔치기 쉬워집니다. 면접에서는 Implicit flow가 왜 비권장되는지 심화로 연결됩니다. 실무에서는 Authorization Code + PKCE로 대체하고, 토큰을 URL에 두지 않습니다. 또한 히스토리/스크린샷/확장 프로그램 등 노출 경로도 고려해야 합니다. ‘서버 로그에 안 남는다’만 보고 안전하다고 생각하면 위험합니다. 공격자는 브라우저를 노립니다. 토큰은 가능한 한 브라우저 노출을 줄여야 합니다. fragment 전략은 과거 호환을 위한 타협이었고, 최신 권장은 아닙니다. 따라서 위험을 이해하고 선택해야 합니다.		O	TRUE	X	FALSE					security	authentication	oauth	xss
Q560	쿠키 기반 AT 저장		Security - 취약점	53	OX	HARD	Access Token을 HttpOnly 쿠키에 저장하면 XSS로부터는 보호될 수 있지만, CSRF 방어가 없으면 상태 변경 요청이 위험해질 수 있다.	HttpOnly 쿠키는 자바스크립트에서 읽기 어렵게 해 XSS로 인한 “토큰 탈취” 위험을 줄입니다. 하지만 쿠키는 자동 전송되므로 CSRF 위험이 커질 수 있습니다. 면접에서는 저장 방식의 trade-off를 심화로 묻습니다. 실무에서는 SameSite 설정, CSRF 토큰, Origin/Referer 검증을 조합합니다. 또한 상태 변경 요청에 대해 추가 검증을 두기도 합니다. 어느 방식이든 완벽하지 않고, 위협 모델이 바뀝니다. 그래서 “XSS vs CSRF”를 함께 고려해야 합니다. 토큰을 어디에 두느냐는 보안 설계의 핵심입니다. 특히 SPA/BFF 구조에서 선택이 중요합니다. 결론적으로 HttpOnly는 장점이 있지만, CSRF 방어 없이 안전하다고 볼 수 없습니다.		O	TRUE	X	FALSE					security	authentication	csrf	cookie
Q561	BOLA/IDOR		Security - 취약점	53	OX	HARD	IDOR(BOLA)은 인증이 있어도, 객체 단위 인가 검증이 약하면 다른 사용자의 리소스에 접근할 수 있는 취약점으로 이어질 수 있다.	IDOR/BOLA는 “로그인 했으니 안전하다”는 착각에서 자주 발생합니다. 요청 경로의 id만 바꿔도 다른 사람 데이터가 보이면 객체 단위 인가가 없는 것입니다. 면접에서는 “인증과 인가의 차이”를 현실 사례로 묻기 좋아 자주 나옵니다. 실무에서는 리소스 접근마다 소유자/권한을 서버에서 검증하고, 단순히 role만 보지 않도록 합니다. 특히 REST API에서 /users/123 같은 경로는 테스트 포인트입니다. 로그와 모니터링으로 이상 접근을 감지하는 것도 중요합니다. 프론트에서 숨긴다고 해결되지 않습니다. 결국 서버 인가가 본질입니다. OWASP API Top 10에서도 대표적으로 다뤄질 만큼 흔합니다.		O	TRUE	X	FALSE					security	authentication	idor	authorization
Q562	RBAC만으로 IDOR 방지		Security - 취약점	53	OX	HARD	RBAC만 적용되어 있으면 IDOR(BOLA)는 자동으로 방지되므로, 소유자 검증 같은 객체 단위 체크는 필요 없다.	RBAC는 역할 기반 권한이고, IDOR는 “같은 역할 사용자 간 데이터 분리”가 깨지는 문제입니다. 즉 역할이 같아도 서로의 리소스를 보면 취약점입니다. 면접에서는 RBAC의 한계를 묻는 심화 질문으로 나올 수 있습니다. 실무에서는 객체 단위 인가(ownership check), ABAC(테넌트/소유자 속성), 정책 엔진을 적용합니다. 역할만으로는 “내 것만”을 보장하기 어렵습니다. 특히 멀티테넌트에서 더 치명적입니다. 따라서 RBAC만으로 충분하다고 보면 위험합니다. 인가는 계층이 여러 개입니다. 역할 + 객체 + 컨텍스트가 함께 가야 합니다.		O	FALSE	X	TRUE					security	authentication	rbac	idor
Q563	멀티테넌트 Tenant Isolation		Security - 취약점	53	OX	HARD	멀티테넌트 서비스에서는 요청마다 tenantId를 서버에서 강제하지 않으면, 테넌트 간 데이터 유출로 이어질 수 있다.	멀티테넌트에서 가장 흔한 사고는 테넌트 경계가 무너지는 것입니다. 클라이언트가 보낸 tenantId를 그대로 믿거나, 쿼리에 tenant 조건을 빠뜨리면 데이터가 섞입니다. 면접에서는 테넌트 격리 전략을 심화로 묻습니다. 실무에서는 토큰/세션에서 tenant를 결정하고, 서버에서 강제하며, ORM 필터/스코프/Row Level Security 등을 활용합니다. 쿼리 레벨에서 tenant 조건이 빠지지 않도록 공통 레이어를 두는 것도 중요합니다. 또한 로그/모니터링으로 테넌트 간 접근을 탐지합니다. 격리는 성능보다 보안이 우선인 영역입니다. 테넌트 경계는 “권한 모델”의 핵심이 됩니다.		O	TRUE	X	FALSE					security	authentication	multitenant	authorization
Q564	CSRF와 JWT Authorization 헤더		Security - 취약점	53	OX	HARD	브라우저에서 Authorization 헤더 기반 JWT를 사용하면, CSRF는 원천적으로 불가능하므로 별도 고려가 필요 없다.	일반적으로 CSRF는 쿠키 자동 전송이 핵심이지만, “원천적으로 불가능”이라고 단정할 수는 없습니다. 예를 들어 토큰을 쿠키에 담거나, 특정 브라우저/프록시 동작, 혹은 다른 취약점과 결합되면 위험이 생길 수 있습니다. 면접에서는 ‘CSRF는 주로 쿠키 기반’이라는 원리를 이해하되, 저장 방식에 따라 위협 모델이 바뀐다고 말하면 좋습니다. 실무에서는 토큰을 어디에 저장하는지(쿠키/스토리지/메모리)에 따라 CSRF/XSS 방어 전략이 달라집니다. Authorization 헤더 방식이라도 XSS가 있으면 토큰 탈취 후 악용이 가능합니다. 따라서 보안 설계는 “한 가지 취약점만” 보지 않습니다. 결론적으로 CSRF 가능성은 낮아질 수 있지만, 시스템 전체 위협 모델을 점검해야 합니다. ‘별도 고려 없음’은 위험한 결론입니다.		O	FALSE	X	TRUE					security	authentication	csrf	jwt
Q565	Origin/Referer 검증		Security - 취약점	53	OX	HARD	CSRF 방어에서 Origin/Referer 검증은 유용하지만, 항상 존재하거나 완벽히 신뢰할 수 있다고 가정하면 위험할 수 있다.	Origin/Referer는 CSRF 방어에 도움이 되지만, 누락되거나 환경에 따라 다르게 동작할 수 있습니다. 면접에서는 “헤더 기반 방어의 한계”를 심화로 묻습니다. 실무에서는 CSRF 토큰 + SameSite + Origin 검증을 조합해 방어층을 만들고, 누락 시 처리 정책도 명확히 합니다. 또한 프록시/브라우저 정책 때문에 Referer가 비어있는 경우도 있어 예외 처리가 필요합니다. 신뢰 경계는 항상 보수적으로 잡아야 합니다. 단일 신호에 의존하면 우회 가능성이 생깁니다. 결국 다층 방어가 정석입니다. Origin/Referer는 좋은 보강이지만 만능은 아닙니다.		O	TRUE	X	FALSE					security	authentication	csrf	header
Q566	CSP report-only 오해		Security - 취약점	53	OX	HARD	CSP를 report-only로 설정해도 차단이 적용되므로, 실제 공격도 막을 수 있다.	report-only는 정책 위반을 “보고만” 하고 차단하지 않습니다. 면접에서는 CSP 운영 방식(report-only → enforce)을 심화로 물을 수 있습니다. 실무에서는 초기에는 report-only로 위반 로그를 수집해 정책을 튜닝하고, 안정화되면 enforce로 전환합니다. report-only 상태를 오래 끌면 보안 효과가 거의 없습니다. 다만 탐지 관점에서는 가치가 큽니다. 정책은 배포/튜닝 과정이 중요합니다. 차단을 기대했다면 반드시 enforce 상태인지 확인해야 합니다. 보안 설정은 이름 그대로 동작합니다. 오해하면 큰 구멍이 됩니다.		O	FALSE	X	TRUE					security	authentication	csp	xss
Q567	HMAC 키 길이		Security - 암호화	55	OX	HARD	HMAC에서 키가 너무 짧으면 무차별 대입 공격에 취약해질 수 있으므로, 충분히 긴 랜덤 키가 중요하다.	HMAC은 대칭키 기반 서명이므로 키 강도가 매우 중요합니다. 키가 짧거나 예측 가능하면 공격자가 키를 맞추거나 서명을 위조할 수 있습니다. 면접에서는 서명 알고리즘보다 키 관리가 더 중요하다는 점을 심화로 묻기도 합니다. 실무에서는 충분히 긴 랜덤 키를 시크릿 매니저에 보관하고, 정기 회전 정책을 운영합니다. 키를 코드에 하드코딩하면 유출 위험이 큽니다. 또한 키 재사용 범위를 줄여 피해를 최소화합니다. 암호 알고리즘은 튼튼해도 키가 약하면 끝입니다. 보안은 구현과 운영이 함께입니다.		O	TRUE	X	FALSE					security	authentication	hmac	crypto
Q568	서명 키 재사용		Security - 취약점	53	OX	HARD	하나의 HMAC 키를 여러 서비스/환경(dev, prod)에서 재사용해도 운영 편의가 크므로 보안상 크게 문제 없다.	키를 여러 환경/서비스에서 재사용하면 유출 시 피해 범위가 폭발적으로 커집니다. dev가 뚫리면 prod까지 위험해질 수 있습니다. 면접에서는 “키 격리”를 심화로 묻기도 합니다. 실무에서는 환경별/서비스별 키를 분리하고, 최소 권한으로 접근을 제한합니다. 또한 회전/폐기 절차를 갖춰야 합니다. 운영 편의만 보고 재사용하면 사고 대응이 매우 어려워집니다. 보안은 ‘격리’가 핵심입니다. 특히 시크릿은 경계가 명확해야 합니다. 재사용은 단기 편의, 장기 재앙이 될 수 있습니다.		O	FALSE	X	TRUE					security	authentication	secret	crypto
Q569	SQL 인젝션과 인증		Security - 취약점	53	OX	HARD	SQL Injection은 입력 검증 문제로 보이지만, 계정 정보/세션 테이블 노출로 인증 체계를 직접 붕괴시킬 수 있다.	SQLi는 단순 데이터 유출을 넘어 인증/인가까지 무너뜨릴 수 있습니다. 사용자 테이블, 비밀번호 해시, 세션/리셋 토큰이 노출되면 계정 탈취로 이어집니다. 면접에서는 SQLi 방어(파라미터 바인딩, ORM, 최소 권한)와 피해 범위를 묻기도 합니다. 실무에서는 DB 계정 권한을 최소화해 “뚫려도 덜 가져가게” 만듭니다. 또한 비밀번호/토큰 저장 방식(해시/암호화)도 중요합니다. SQLi는 오래된 취약점이지만 아직도 빈번합니다. 보안은 입력 처리에서 시작해 인증까지 연결됩니다. 하나가 뚫리면 연쇄로 무너질 수 있습니다. 따라서 방어는 기본 중 기본입니다.		O	TRUE	X	FALSE					security	authentication	sqli	backend
Q570	DB 최소 권한		Security - 취약점	53	OX	HARD	애플리케이션 DB 계정에 DROP/ALTER 같은 DDL 권한을 운영 환경에서 상시 부여하면, 취약점 악용 시 피해가 커질 수 있다.	운영 DB 계정은 최소 권한이 원칙입니다. DDL 권한이 있으면 공격자가 스키마를 파괴하거나 백도어 테이블을 만들 가능성이 커집니다. 면접에서는 DB 권한 분리와 운영 전략을 묻습니다. 실무에서는 마이그레이션 계정과 애플리케이션 런타임 계정을 분리하고, 런타임은 읽기/쓰기 최소 권한만 줍니다. DDL은 CI/CD나 제한된 작업자만 수행하게 합니다. 이 원칙은 랜섬웨어/내부자 위협에도 도움이 됩니다. 보안은 기능보다 운영 정책이 중요할 때가 많습니다. DB 권한은 사고 범위를 결정합니다.		O	TRUE	X	FALSE					security	authentication	db	least_privilege
Q571	2FA 해제 플로우		Security - 취약점	53	OX	HARD	2FA 해제(Disable) API는 일반 로그인 세션만 있으면 허용해도 충분하며, 추가 인증(step-up)은 과도하다.	2FA 해제는 공격자가 가장 원하는 목표 중 하나입니다. 해제가 쉬우면 계정이 한 번 뚫렸을 때 영구적으로 약해질 수 있습니다. 면접에서는 고위험 작업에 step-up이 필요한지 심화로 나옵니다. 실무에서는 비밀번호 재입력, WebAuthn 재인증, OTP 확인, 최근 로그인 요구 등을 조합합니다. 또한 해제 이벤트는 알림/감사 로그를 남기고, 일정 지연을 두기도 합니다. 사용자는 불편할 수 있지만 피해를 막는 가치가 큽니다. 보안은 중요한 순간에 문턱을 올리는 전략이 효과적입니다. 따라서 step-up은 과도하다기보다 필수인 경우가 많습니다.		O	FALSE	X	TRUE					security	authentication	mfa	stepup
Q572	세션 바인딩		Security - 취약점	53	OX	HARD	세션을 디바이스/UA/IP 같은 신호와 바인딩하면 하이재킹 위험을 줄일 수 있지만, 네트워크 변화가 잦은 환경에서는 오탐/불편이 커질 수 있다.	세션 바인딩은 탈취 세션 재사용을 줄이는 방어입니다. 하지만 모바일처럼 IP가 자주 바뀌면 정당 사용자가 튕길 수 있습니다. 면접에서는 보안 신호 기반 정책의 트레이드오프를 묻습니다. 실무에서는 강한 바인딩 대신 위험 기반(새 디바이스/위치 변화 시 step-up)으로 부드럽게 적용합니다. 또한 프록시/NAT 환경에서 IP 신뢰가 낮을 수 있어 디바이스 지문이나 토큰 바인딩을 고려합니다. 바인딩은 강하면 UX가 깨집니다. 약하면 보안 효과가 줄어듭니다. 그래서 서비스 특성에 맞춘 설계가 필요합니다. 보안은 결국 운영 가능한 수준에서 가장 강하게 하는 것입니다.		O	TRUE	X	FALSE					security	authentication	session	risk
Q573	HTTP 캐시와 민감 응답		Security - 취약점	53	OX	HARD	사용자 프로필/토큰 갱신 같은 민감 응답에 Cache-Control을 부적절하게 설정하면, 중간 캐시나 브라우저 캐시에 의해 정보가 노출될 수 있다.	인증/개인정보 관련 응답은 캐시 정책이 중요합니다. public 캐시나 공유 프록시 캐시에 저장되면 다른 사용자에게 노출될 수 있습니다. 면접에서는 HTTP 캐시 헤더를 심화로 묻기도 합니다. 실무에서는 no-store, private, Vary 등을 적절히 사용하고, 프록시/CDN 설정도 함께 맞춥니다. 특히 로그인 후 페이지가 뒤로가기에서 캐시로 남는 이슈도 흔합니다. 캐시는 성능 도구지만, 민감 데이터에는 위험이 됩니다. 보안은 응답 헤더 한 줄로도 달라집니다. 따라서 민감 엔드포인트는 캐시를 명확히 금지하는 것이 안전합니다.		O	TRUE	X	FALSE					security	authentication	cache	http
Q574	브라우저 비밀번호 자동완성		Security - 취약점	53	OX	HARD	로그인 폼에서 autocomplete 설정은 보안과 UX에 영향을 주며, 상황에 따라 공격 표면(예: 피싱/오토필 오남용)과도 연결될 수 있다.	autocomplete는 사용성을 크게 올리지만, 피싱 페이지나 오토필 오남용과 결합되면 위험이 될 수 있습니다. 면접에서는 프론트/백 보안 경계를 묻는 심화로 나올 수 있습니다. 실무에서는 로그인 폼은 권장 값(username, current-password)을 쓰고, 민감한 2FA 입력은 1회용 코드에 맞는 정책을 둡니다. 완전히 끄는 것이 정답은 아닙니다. 비밀번호 매니저 사용을 방해하면 오히려 약한 비밀번호를 쓰게 만들 수 있습니다. 보안은 사용자 행동을 바꾸는 문제이기도 합니다. 따라서 상황별로 합리적인 설정이 필요합니다. 기능 하나가 공격 표면을 바꾸는 대표 사례입니다.		O	TRUE	X	FALSE					security	authentication	phishing	ux
Q575	비밀번호 해시 솔트		Security - 암호화	55	OX	HARD	솔트(salt)는 동일한 비밀번호라도 해시 결과를 다르게 만들어 레인보우 테이블 공격을 어렵게 하는 데 도움이 된다.	솔트는 해시 입력에 랜덤 값을 더해 동일 비밀번호의 해시가 동일해지는 문제를 줄입니다. 면접에서는 솔트와 페퍼(pepper) 차이를 묻기도 합니다. 실무에서는 bcrypt/argon2 같은 알고리즘이 솔트를 포함해 처리하는 경우가 많아 올바른 라이브러리 사용이 중요합니다. 솔트가 없으면 같은 비밀번호 사용자를 쉽게 묶어 공격할 수 있습니다. 또한 레인보우 테이블 같은 사전 계산 공격이 쉬워집니다. 솔트는 비밀번호 해시 저장의 기본기입니다. 다만 솔트만으로 충분하지 않고, 느린 해시 알고리즘과 적절한 파라미터가 함께 필요합니다. 보안은 조합입니다.		O	TRUE	X	FALSE					security	authentication	password	crypto
Q576	솔트는 비밀값		Security - 취약점	53	OX	HARD	솔트(salt)는 반드시 비밀로 숨겨야만 의미가 있으며, 유출되면 보안이 무너진다.	솔트는 보통 비밀값이 아닙니다. DB에 함께 저장되어도 괜찮고, 목적은 “같은 비밀번호의 해시를 다르게” 만드는 것입니다. 면접에서는 솔트가 비밀이 아니라는 점을 심화로 물을 수 있습니다. 실무에서 비밀값으로 추가하는 것은 페퍼(pepper) 쪽에 가깝습니다. 솔트 유출이 곧바로 보안 붕괴는 아니지만, 해시 자체가 유출되면 오프라인 크랙이 가능해지므로 해시 알고리즘/파라미터가 중요합니다. 솔트를 비밀로 두려는 시도는 종종 잘못된 방향입니다. 올바른 방어는 느린 해시와 강한 정책, MFA, 유출 탐지입니다. 솔트는 공개여도 의미가 있습니다. ‘숨겨야만 의미’는 오해입니다.		O	FALSE	X	TRUE					security	authentication	salt	password
Q577	Rate Limit 우회		Security - 취약점	53	OX	HARD	IP 기반 레이트 리밋만으로는 분산 봇넷이나 프록시를 통한 공격을 완전히 막기 어렵다.	공격자는 IP를 바꿔가며 레이트 리밋을 우회할 수 있습니다. 특히 봇넷/프록시/클라우드 인스턴스를 사용하면 쉽습니다. 면접에서는 레이트 리밋의 한계를 심화로 묻습니다. 실무에서는 계정 기반 제한, 디바이스 지문, 위험 기반 탐지, CAPTCHA, MFA, 행동 분석을 조합합니다. 또한 특정 엔드포인트(로그인/리셋)는 별도로 강하게 보호합니다. IP는 유용한 신호지만 단독으로는 부족합니다. 보안은 다중 신호 결합이 효과적입니다. 공격자의 비용을 올리는 방향으로 설계해야 합니다. 따라서 “완전 차단” 대신 “경제성 악화”가 목표입니다.		O	TRUE	X	FALSE					security	authentication	rate_limit	bot
Q578	OAuth Client Secret in SPA		Security - 취약점	53	OX	HARD	SPA(브라우저 앱)에 OAuth client secret을 넣어도 난독화하면 안전하게 보호할 수 있다.	브라우저에 배포되는 코드는 결국 사용자에게 공개됩니다. 난독화는 시간을 지연시킬 뿐, 비밀을 지키지 못합니다. 면접에서는 “클라이언트 시크릿은 어디에 둘 수 있는가”를 심화로 묻습니다. 실무에서는 SPA는 public client로 보고 PKCE를 사용하며, secret은 서버(BFF) 같은 신뢰 경계 안에 둡니다. secret을 노출하면 클라이언트 가장이 가능해지고, 토큰 발급이 악용될 수 있습니다. 난독화는 보안 장치가 아닙니다. 비밀은 서버에 있어야 합니다. 이는 OAuth의 기본 전제입니다. 공개 클라이언트와 비밀 클라이언트를 구분해야 합니다.		O	FALSE	X	TRUE					security	authentication	oauth	spa
Q579	API Gateway 단독 인가		Security - 취약점	53	OX	HARD	인가를 API Gateway에서만 처리하고, 내부 서비스에서는 인가 검증을 생략해도 항상 안전하다.	게이트웨이는 1차 방어지만, 내부 서비스가 직접 호출될 가능성(우회 경로, 내부자, 설정 실수)이 있습니다. 면접에서는 “Defense in Depth” 관점에서 심화 질문이 나옵니다. 실무에서는 최소한 내부 서비스에서도 중요한 인가 검증을 유지하거나, 서비스 메시/mTLS/네트워크 정책으로 우회 경로를 차단합니다. 게이트웨이 정책과 서비스 정책이 불일치하면 사고가 납니다. 또한 서비스 간 호출은 게이트웨이를 거치지 않을 때도 많습니다. 그 경우 인가가 비어버립니다. 따라서 ‘항상 안전’은 아닙니다. 신뢰 경계를 명확히 하고, 어디서 무엇을 강제할지 설계해야 합니다. 보안은 단일 지점 의존이 위험합니다. 이중화된 검증이 실수를 줄입니다.		O	FALSE	X	TRUE					security	authentication	gateway	authorization
Q580	서비스 간 사용자 권한 전파		Security - 인증/인가	52	OX	HARD	마이크로서비스에서 사용자 권한을 전파할 때, “사용자 토큰을 그대로 전달”하기보다 서비스 계정 토큰 + 사용자 컨텍스트를 분리하는 설계가 더 안전할 수 있다.	사용자 토큰을 그대로 전달하면 토큰 범위가 과도해지고, 의도치 않게 다른 서비스에서 오용될 수 있습니다. 면접에서는 서비스 간 인증/인가 설계를 심화로 묻습니다. 실무에서는 서비스 간 호출은 서비스 신원(mTLS/서비스 토큰)으로 인증하고, 사용자 컨텍스트는 최소 정보로 전달하거나 교환 토큰을 사용합니다. 이를 통해 최소 권한과 추적성을 확보할 수 있습니다. 물론 구현 복잡도는 올라가지만, 큰 시스템에서는 안전성이 중요합니다. 사용자 권한을 그대로 퍼뜨리면 경계가 사라집니다. 분리하면 신뢰 경계를 유지할 수 있습니다. 어떤 방식이든 감사 로그와 정책 일관성이 필요합니다. 결국 안전한 전파는 설계 문제입니다.		O	TRUE	X	FALSE					security	authentication	microservice	token
Q581	JWT Header Trust		Security - 취약점	53	OX	HARD	JWT 헤더의 typ, cty 값은 보안 검증에 필수이므로, 이 값이 예상과 다르면 인증을 실패시키는 것이 항상 최선이다.	typ/cty는 토큰 타입/콘텐츠 타입 힌트로 쓰이지만, 모든 환경에서 필수 검증 요소는 아닙니다. 면접에서는 ‘무엇이 필수 검증인가(iss, aud, exp, 서명 등)’를 구분하는지 봅니다. 실무에서는 typ를 엄격히 강제하면 호환성 문제가 생길 수 있어, 정책적으로 선택하는 경우가 많습니다. 반대로 보안 프로파일(예: 특정 토큰만 허용)이 필요하면 typ 검증이 유용할 수 있습니다. “항상 최선”이라고 단정하면 위험합니다. 중요한 것은 토큰 출처(issuer)와 서명, 그리고 클레임 정책입니다. typ/cty는 보조 신호에 가깝습니다. 잘못된 강제는 장애를 만들고, 잘못된 무시는 혼동을 부를 수 있습니다. 따라서 요구사항 기반으로 결정해야 합니다.		O	FALSE	X	TRUE					security	authentication	jwt	header
Q582	JWT Audience Array		Security - 인증/인가	52	OX	HARD	JWT aud 클레임이 문자열뿐 아니라 배열일 수 있으므로, 구현에서 이를 고려하지 않으면 검증 우회/버그가 생길 수 있다.	JWT 스펙/구현에 따라 aud가 단일 문자열이거나 배열인 경우가 있습니다. 검증 코드가 이를 제대로 처리하지 못하면, 의도치 않게 항상 통과하거나 항상 실패하는 버그가 생길 수 있습니다. 면접에서는 “검증 구현의 함정”을 심화로 묻기도 합니다. 실무에서는 라이브러리의 표준 검증 기능을 사용하고, 직접 파싱/비교를 최소화합니다. 또한 테스트 케이스에 aud 배열/문자열 둘 다 포함하는 것이 좋습니다. 보안 이슈는 종종 단순 타입 처리 실수에서 발생합니다. 인증은 ‘정확한 검증’이 핵심입니다. 작은 버그가 우회로가 될 수 있습니다. 따라서 형식 다양성을 고려한 검증이 필요합니다.		O	TRUE	X	FALSE					security	authentication	jwt	validation
Q583	JSON Parser 공격		Security - 취약점	53	OX	HARD	JWT 검증에서 base64url 디코딩과 JSON 파싱 과정의 예외 처리(에러) 정책이 부주의하면, 인증 우회나 서비스 장애(DoS)로 이어질 수 있다.	토큰은 외부 입력이므로, 디코딩/파싱 에러는 공격자가 쉽게 유발할 수 있습니다. 예외 처리 정책이 잘못되면 ‘에러 시 통과’ 같은 치명적 우회가 생기거나, 반복 에러로 DoS가 발생할 수 있습니다. 면접에서는 “에러 시 fail-closed” 원칙을 심화로 물을 수 있습니다. 실무에서는 파싱 실패는 무조건 인증 실패로 처리하고, 에러 로그에는 민감 정보를 남기지 않습니다. 또한 큰 페이로드/중첩 JSON 같은 파서 폭탄을 방지하기 위해 크기 제한을 둡니다. 인증 로직은 가장 앞단이므로 DoS 표적이 됩니다. 견고한 입력 처리와 리소스 제한이 중요합니다. 에러 정책 하나로 보안이 갈릴 수 있습니다. 그래서 검증 파이프라인을 단단히 해야 합니다.		O	TRUE	X	FALSE					security	authentication	jwt	dos
Q584	Brute Force와 계정 잠금		Security - 취약점	53	OX	HARD	계정 잠금(lockout)은 무차별 대입 방어에 도움이 되지만, 공격자가 특정 사용자를 잠그는 DoS로 악용할 수 있다.	계정 잠금은 공격 비용을 올리지만, 동시에 공격자가 사용자를 못 쓰게 만드는 도구가 될 수 있습니다. 면접에서는 이 trade-off를 심화로 묻습니다. 실무에서는 계정 잠금 대신 점진 지연, IP/디바이스 기반 제한, CAPTCHA, 위험 기반 인증을 조합합니다. 혹은 잠금을 두더라도 관리자가 풀 수 있게 하고, 사용자 알림을 넣어 탐지합니다. 공격은 늘 약점을 찾습니다. 방어가 공격 도구가 되지 않도록 설계해야 합니다. 인증 엔드포인트는 특히 DoS에 취약합니다. 따라서 정책은 UX와 가용성을 함께 고려해야 합니다. “좋은 방어”가 “나쁜 무기”가 될 수 있다는 점이 포인트입니다.		O	TRUE	X	FALSE					security	authentication	brute_force	dos
Q585	Password Spraying		Security - 취약점	53	OX	HARD	Password Spraying은 한 계정에 많은 비밀번호를 시도하는 것이 아니라, 많은 계정에 소수의 흔한 비밀번호를 시도하는 공격이다.	Spraying은 계정 잠금 정책을 피하려고 “한 계정에 과도한 시도”를 하지 않는 전략입니다. 흔한 비밀번호 몇 개를 여러 계정에 시도합니다. 면접에서 공격 기법을 구분하는지 심화로 나올 수 있습니다. 실무에서는 계정별 실패 카운트뿐 아니라 IP/ASN/디바이스 기반 탐지, 이상 로그인 탐지, MFA로 방어합니다. 또한 약한 비밀번호 정책을 강화하면 효과가 큽니다. Spraying은 대규모 시스템에서 특히 위험합니다. 공격자는 통계적으로 성공을 노립니다. 따라서 로그 분석과 탐지가 중요합니다. 단순 잠금 정책만으로는 방어가 어렵습니다.		O	TRUE	X	FALSE					security	authentication	spraying	attack
Q586	MFA로 Spraying 완전 차단		Security - 취약점	53	OX	HARD	MFA를 도입하면 Password Spraying은 항상 완전히 무력화되므로, 추가 탐지나 정책은 필요 없다.	MFA는 매우 강력하지만, “항상 완전히” 무력화하지는 못합니다. 예를 들어 MFA 피로 공격, 소셜 엔지니어링, 복구 절차 약점, 푸시 승인 오남용 등이 결합되면 위험이 남습니다. 면접에서는 MFA의 한계를 심화로 묻기도 합니다. 실무에서는 로그인 이상 탐지, 계정 보호(복구 강화), 레이트 리밋, 사용자 교육 등과 함께 운영합니다. 또한 MFA 도입 후에도 공격 트래픽은 계속 들어오므로 모니터링이 필요합니다. MFA는 방어층 중 하나입니다. 전체 인증 시스템의 약한 고리를 보완해야 합니다. “필요 없다”는 결론은 위험합니다.		O	FALSE	X	TRUE					security	authentication	mfa	threat
Q587	OAuth PKCE와 Confidential Client		Security - 인증/인가	52	OX	HARD	PKCE는 public client(SPA/모바일)에 특히 중요하지만, confidential client에서도 보강으로 사용할 수 있다.	PKCE는 원래 public client의 코드 탈취 방어에 핵심이지만, confidential client에서도 추가 방어층으로 유용할 수 있습니다. 면접에서는 PKCE의 목적과 적용 범위를 심화로 묻습니다. 실무에서는 서버가 있어도 프론트/리다이렉트 경로가 복잡하면 코드 탈취 가능성이 존재할 수 있어 PKCE를 함께 쓰기도 합니다. 다만 구현 복잡도와 IdP 지원을 고려해야 합니다. 핵심은 “코드 교환 단계의 무결성”을 강화하는 것입니다. Confidential client라고 모든 위협이 사라지는 것은 아닙니다. 그래서 보강은 가능하고 종종 권장되기도 합니다. 인증은 다층 방어가 정석입니다. PKCE는 그중 하나입니다.		O	TRUE	X	FALSE					security	authentication	oauth	pkce
Q588	Logout CSRF		Security - 취약점	53	OX	HARD	로그아웃도 상태 변경이므로 CSRF 대상이 될 수 있으며, 강제로 로그아웃시키는 공격이 가능하다.	로그아웃은 자산 탈취가 아니라 가용성/UX를 공격하는 형태지만, 분명히 CSRF 대상이 될 수 있습니다. 면접에서는 “CSRF는 돈/데이터만이 아니라 상태 변경 전반”이라는 점을 심화로 묻습니다. 실무에서는 로그아웃을 POST로 만들고 CSRF 토큰을 요구하거나, SameSite/Origin 검증을 적용합니다. 다만 로그아웃 CSRF는 위험도 평가가 필요합니다. 일부 서비스는 공격 가능성을 받아들이고 단순화를 선택하기도 합니다. 하지만 SSO 환경에서는 강제 로그아웃이 더 큰 혼란을 만들 수 있습니다. 결국 보안은 위협 모델과 비용에 따라 결정됩니다. 로그아웃도 보호 대상이 될 수 있다는 인식이 중요합니다.		O	TRUE	X	FALSE					security	authentication	csrf	logout
Q589	Token in URL Logs		Security - 취약점	53	OX	HARD	토큰을 URL 쿼리로 전달하면, 서버 접근 로그/프록시 로그/분석 도구에 의해 토큰이 쉽게 노출될 수 있다.	URL은 로그에 남기 쉬운 위치입니다. 웹서버, 프록시, CDN, APM, 브라우저 히스토리 등 다양한 곳에 기록됩니다. 면접에서는 “토큰을 URL에 두면 안 되는 이유”로 자주 나옵니다. 실무에서는 Authorization 헤더나 HttpOnly 쿠키를 사용하고, URL에 민감 값을 두지 않습니다. 부득이하면 즉시 교환 후 URL을 정리하고, 로그 마스킹을 적용합니다. 하지만 원칙은 ‘URL에 두지 말자’입니다. 노출 경로가 너무 많기 때문입니다. 인증 토큰은 곧 권한입니다. 권한을 로그에 흘리면 사고는 시간문제입니다. 따라서 전달 경로 선택이 매우 중요합니다.		O	TRUE	X	FALSE					security	authentication	token	logging
Q590	GraphQL과 인가		Security - 취약점	53	OX	HARD	GraphQL에서도 REST와 동일하게, 필드/리졸버 단위 인가가 약하면 데이터 과다 노출이 발생할 수 있다.	GraphQL은 필요한 데이터를 한 번에 가져오는 장점이 있지만, 그만큼 과다 노출 위험이 있습니다. 특정 필드가 민감한데 인가가 없으면 쉽게 새어 나갑니다. 면접에서는 GraphQL 보안(권한, depth limit, query cost)을 심화로 묻기도 합니다. 실무에서는 리졸버 단위 권한 체크, 스키마 설계, 쿼리 제한을 적용합니다. 또한 캐싱/로그에서 민감 데이터가 섞이지 않도록 주의합니다. GraphQL은 API 형태가 달라졌을 뿐, 인가의 본질은 같습니다. 결국 서버가 무엇을 허용할지 결정해야 합니다. “클라이언트가 필요한 것만 요청한다”는 가정은 위험합니다. 공격자는 더 많이 요청합니다. 따라서 인가 설계가 필수입니다.		O	TRUE	X	FALSE					security	authentication	graphql	authorization
Q591	SSRF 방어 allowlist		Security - 취약점	53	OX	HARD	SSRF 방어로 URL allowlist를 쓰더라도, DNS 리바인딩이나 IP 변환을 고려하지 않으면 우회될 수 있다.	allowlist는 좋은 시작이지만, DNS 리바인딩이나 127.0.0.1 변형, IPv6 표기 등 다양한 우회가 있습니다. 면접에서는 SSRF 우회 기법을 심화로 묻기도 합니다. 실무에서는 URL 파싱 정규화, IP 대역 차단, DNS 조회 후 IP 검증, 재조회, 프록시 정책, 아웃바운드 네트워크 제한을 함께 씁니다. 특히 클라우드 메타데이터 접근은 반드시 차단해야 합니다. SSRF는 방어가 까다롭고 실수하기 쉽습니다. 따라서 방어를 ‘코드 한 줄’로 끝내려 하면 위험합니다. 네트워크 레벨 방어가 큰 도움이 됩니다. allowlist도 제대로 구현해야 효과가 있습니다.		O	TRUE	X	FALSE					security	authentication	ssrf	network
Q592	SameSite=Lax는 완전 CSRF 방지		Security - 취약점	53	OX	HARD	SameSite=Lax만 설정해도 모든 CSRF가 완전히 차단되므로, CSRF 토큰은 불필요하다.	Lax는 많은 CSRF를 줄이지만, 모든 케이스를 완전히 막는 것은 아닙니다. 또한 서비스 특성(서드파티 연동, 구형 브라우저, 예외 플로우)에 따라 한계가 있습니다. 면접에서는 SameSite가 무엇을 막고 무엇을 못 막는지 심화로 묻습니다. 실무에서는 중요한 상태 변경 요청에 CSRF 토큰을 병행하는 것이 안전합니다. SameSite는 브라우저 정책에 의존하므로 환경 변수가 큽니다. 다층 방어가 정석입니다. 특히 금융/결제 같은 영역은 보수적으로 접근합니다. Lax만으로 충분하다는 단정은 위험합니다. CSRF는 서비스 특성과 공격면에 따라 대응이 달라집니다.		O	FALSE	X	TRUE					security	authentication	csrf	cookie
Q593	Replay Attack과 Timestamp		Security - 인증/인가	52	OX	HARD	요청 서명 방식에서 timestamp와 nonce를 포함하면 재전송(Replay) 공격을 줄이는 데 도움이 될 수 있다.	요청 서명은 탈취된 요청을 재전송하면 위험할 수 있습니다. timestamp와 nonce를 포함하고 서버가 유효 시간/중복 nonce를 검사하면 replay를 줄일 수 있습니다. 면접에서는 API 서명 방식(HMAC) 심화로 나올 수 있습니다. 실무에서는 서버 저장소에 nonce를 짧게 저장하거나, idempotency key와 결합하는 전략을 씁니다. 단, 저장소가 필요해지고 성능 비용이 생깁니다. 그래도 고위험 API에서는 가치가 큽니다. 또한 클라이언트 시간 동기화 문제를 고려해야 합니다. 결국 보안은 비용과 위험을 맞바꾸는 설계입니다. replay 방어는 특히 결제/송금에서 중요합니다.		O	TRUE	X	FALSE					security	authentication	replay	signature
Q594	OTP 재사용		Security - 취약점	53	OX	HARD	OTP는 짧은 시간 동안 유효하므로, 동일 OTP를 여러 번 입력해도 그 시간 안에서는 모두 허용해도 안전하다.	OTP는 보통 단일 사용(1회성)을 가정하는 경우가 많습니다. 같은 OTP를 여러 번 허용하면 공격자가 유출된 OTP를 재사용할 가능성이 생깁니다. 면접에서는 OTP 재사용 정책을 심화로 묻기도 합니다. 실무에서는 OTP 성공 시 해당 코드/카운터를 소모 처리하고 재사용을 막습니다. TOTP는 시간 기반이지만, 서버가 “최근 사용”을 기억하면 재사용 방지 효과가 있습니다. 물론 클러스터 환경에서 일관성 문제가 생길 수 있어 설계가 필요합니다. “시간 내면 안전”은 위험한 단정입니다. 2FA는 작은 허점이 전체 방어를 무너뜨릴 수 있습니다. 따라서 재사용 방지 정책이 중요합니다.		O	FALSE	X	TRUE					security	authentication	otp	mfa
Q595	WebAuthn 피싱 저항		Security - 인증/인가	52	OX	HARD	WebAuthn은 도메인 바인딩 특성 때문에, 전통적 피싱에 더 강한 인증 수단으로 평가되곤 한다.	WebAuthn/FIDO2는 RP ID(도메인)에 바인딩되어 다른 도메인에서 인증을 재사용하기 어렵습니다. 그래서 전통적 피싱에 강한 것으로 알려져 있습니다. 면접에서는 MFA 종류 비교에서 자주 나옵니다. 실무에서는 사용성(기기 지원)과 도입 난이도를 고려해야 합니다. 또한 계정 복구와 키 등록/삭제 정책이 중요합니다. WebAuthn도 완벽하지는 않지만, 피싱 저항성이 큰 장점입니다. 특히 고가치 계정 보호에 유리합니다. 따라서 보안 강화를 위해 고려할 가치가 큽니다. 도메인 바인딩이 핵심 특성입니다.		O	TRUE	X	FALSE					security	authentication	webauthn	phishing
Q596	API Key는 인증/인가 충분		Security - 취약점	53	OX	HARD	API Key만 있으면 사용자 인증과 권한 부여를 모두 충분히 대체할 수 있으므로, 별도 토큰/세션 체계가 필요 없다.	API Key는 주로 애플리케이션/클라이언트 식별에 쓰이며, 사용자 인증과 인가를 완전히 대체하기는 어렵습니다. 키가 유출되면 광범위한 권한이 노출될 수 있고, 사용자별 권한/감사 추적이 약해집니다. 면접에서는 API Key의 한계와 보완(스코프, 회전, 레이트리밋)을 심화로 묻습니다. 실무에서는 API Key는 서버-서버나 단순 통합에 쓰고, 사용자 권한은 OAuth/JWT/세션 등으로 분리합니다. 또한 키는 최소 권한과 회전 정책이 필수입니다. API Key 하나로 모든 것을 해결하려는 설계는 위험합니다. 보안과 운영 요구를 충족하기 어렵습니다. 따라서 “필요 없다”는 결론은 보통 틀립니다.		O	FALSE	X	TRUE					security	authentication	api_key	authorization
Q597	Secret Rotation		Security - 인증/인가	52	OX	HARD	시크릿(서명 키, DB 비밀번호 등) 회전은 보안에 좋지만, 회전 과정에서 다운타임/검증 실패가 나지 않도록 이중 키(dual key) 기간을 두는 전략이 자주 쓰인다.	회전은 필수지만, 갑자기 바꾸면 기존 토큰 검증이 깨지거나 연결이 끊길 수 있습니다. 그래서 구키/신키를 동시에 허용하는 기간을 두고 점진 전환하는 전략을 씁니다. 면접에서는 키 회전 설계를 심화로 묻기도 합니다. 실무에서는 JWKS 다중 키 제공, kid 활용, 점진 배포가 흔합니다. 또한 회전 자동화와 롤백 계획이 중요합니다. 회전은 보안뿐 아니라 운영 기술입니다. 실패하면 대규모 장애가 발생합니다. 따라서 프로세스와 관찰성(모니터링)이 필수입니다. 듀얼 키는 실무적 정답 중 하나입니다.		O	TRUE	X	FALSE					security	authentication	rotation	ops
Q598	Log Sanitization		Security - 취약점	53	OX	HARD	요청/응답 로그에서 Authorization 헤더를 마스킹하면 도움이 되지만, 다른 경로(쿼리, 바디, 에러 메시지)로 토큰이 남지 않도록 종합적으로 점검해야 한다.	로그 마스킹은 기본이지만, 토큰은 다른 곳에도 새어 나갈 수 있습니다. 예를 들어 디버그 로그, 예외 메시지, 리다이렉트 URL, 프록시 로그 등이 있습니다. 면접에서는 “민감 정보가 어디로 흘러갈 수 있나”를 심화로 묻습니다. 실무에서는 로깅 정책을 표준화하고, 민감 필드 리스트를 중앙에서 관리합니다. 또한 APM/트레이싱 도구의 수집 정책도 확인해야 합니다. 로그는 운영에 필수지만, 동시에 최대 유출 경로입니다. 따라서 마스킹은 부분 해결이고, 전체 흐름 점검이 필요합니다. 보안은 한 군데 막아도 다른 구멍이 생깁니다. 그래서 종합 접근이 중요합니다.		O	TRUE	X	FALSE					security	authentication	logging	token
Q599	Privileged Endpoint Separation		Security - 인증/인가	52	OX	HARD	관리자(Privileged) 기능은 별도 도메인/별도 인증 정책으로 분리하면 공격 표면을 줄이는 데 도움이 될 수 있다.	관리자 기능은 고가치 타깃입니다. 별도 도메인/네트워크 접근 제한, 더 강한 MFA, IP allowlist 등으로 분리하면 방어가 쉬워집니다. 면접에서는 관리자 페이지 보안 설계를 심화로 묻습니다. 실무에서는 내부망/VPN, 제로트러스트, 강한 감사 로그를 적용합니다. 또한 관리자 계정은 일반 사용자와 분리된 생명주기와 권한 모델이 필요합니다. 같은 앱에 섞어두면 취약점 하나로 전체가 뚫릴 수 있습니다. 분리는 사고 범위를 줄입니다. 물론 운영 복잡도가 늘지만, 보안 이득이 큽니다. 특히 규모가 커질수록 분리가 유리합니다.		O	TRUE	X	FALSE					security	authentication	admin	hardening
Q600	Security Headers = HTTPS 대체		Security - 취약점	53	OX	HARD	보안 헤더(CSP, HSTS 등)를 잘 설정하면 HTTPS 없이도 전송 중 탈취 위험을 충분히 줄일 수 있다.	보안 헤더는 중요하지만, HTTPS를 대체할 수는 없습니다. 전송 중 공격(MITM)은 TLS 없이는 근본적으로 막기 어렵습니다. 면접에서는 HSTS가 HTTPS를 ‘강제’하지만 HTTPS 자체가 없으면 의미가 없다는 점을 심화로 묻습니다. 실무에서는 HTTPS를 기본 전제로 하고, HSTS로 강제하며, 나머지 헤더로 공격 표면을 줄입니다. 헤더는 애플리케이션 계층 방어이고, TLS는 전송 계층 보안입니다. 역할이 다릅니다. HTTPS 없이 헤더만 믿는 설계는 위험합니다. 인증 토큰은 전송 중 보호가 필수입니다. 따라서 HTTPS는 필수 기반입니다. 헤더는 그 위에 얹는 보강입니다.		O	FALSE	X	TRUE					security	authentication	https	header
Q601	인증(Authentication)		Backend - 인증/인가	18	INITIALS	EASY	사용자가 누구인지 확인하는 과정을 무엇이라고 하는가?	인증(Authentication)은 사용자의 신원을 확인하는 절차입니다. 아이디와 비밀번호, OTP, 소셜 로그인 같은 방식이 여기에 포함됩니다. 면접에서는 인증과 인가를 구분할 수 있는지 가장 먼저 물어보는 경우가 많습니다. 실무에서는 인증이 약하면 이후 권한 검증이 아무리 좋아도 계정 탈취로 무너질 수 있습니다. 인증 결과를 세션이나 토큰에 안전하게 담아 전달하는 설계까지 함께 중요합니다.	인증									security	authentication	backend	
Q602	인가(Authorization)		Backend - 인증/인가	18	INITIALS	EASY	로그인한 사용자가 어떤 자원에 접근할 수 있는지 결정하는 과정을 무엇이라고 하는가?	인가(Authorization)는 인증된 사용자가 무엇을 할 수 있는지 권한을 판정하는 과정입니다. 같은 로그인 사용자라도 역할이나 소유자 여부에 따라 접근 범위가 달라집니다. 면접에서는 인증과 인가를 혼동하는지 확인하는 질문이 자주 나옵니다. 실무에서는 인가 누락이 곧 데이터 유출로 이어지므로 요청마다 검증이 필요합니다. 역할 기반, 속성 기반 같은 권한 모델을 어떻게 설계했는지도 연결 질문으로 이어질 수 있습니다.	인가									security	authentication	authorization	
Q603	세션(Session)		Backend - 인증/인가	18	INITIALS	EASY	서버가 로그인 상태를 유지하기 위해 저장하는 상태 정보를 무엇이라고 하는가?	세션(Session)은 서버가 로그인 상태를 유지하기 위해 관리하는 상태 정보입니다. 보통 세션 아이디를 쿠키로 내려주고, 서버 저장소에서 세션 데이터를 조회합니다. 면접에서는 세션과 토큰 방식의 차이를 비교 질문으로 많이 묻습니다. 실무에서는 스케일 아웃 시 세션 저장소를 Redis로 분리하는 설계가 흔합니다. 세션 만료와 로그아웃 처리, 세션 탈취 방어까지 함께 고려해야 합니다.	세션									security	authentication	session	
Q604	쿠키(Cookie)		Backend - 인증/인가	18	INITIALS	EASY	브라우저가 저장해두었다가 요청 시 자동으로 서버에 전송하는 값을 무엇이라고 하는가?	쿠키(Cookie)는 브라우저가 저장하고 요청마다 자동으로 전송하는 데이터입니다. 세션 아이디나 인증 관련 값을 담는 데 자주 사용됩니다. 면접에서는 쿠키가 자동 전송된다는 특성 때문에 CSRF와 연결해서 질문이 나올 수 있습니다. 실무에서는 민감 값은 평문 저장을 피하고, 보안 속성 설정을 반드시 챙깁니다. 도메인과 경로 범위를 넓히면 공격 표면이 커질 수 있어 최소 범위로 두는 것이 좋습니다.	쿠키									security	authentication	cookie	
Q605	세션 쿠키(Session Cookie)		Backend - 인증/인가	18	INITIALS	EASY	로그인 세션을 식별하기 위해 세션 아이디를 담아 전달하는 쿠키를 무엇이라고 하는가?	세션 쿠키(Session Cookie)는 세션 아이디를 담아 서버가 사용자를 식별할 수 있게 하는 쿠키입니다. 세션 자체는 서버에 있고, 쿠키는 세션을 가리키는 키 역할을 합니다. 면접에서는 세션과 쿠키의 역할을 분리해서 설명할 수 있는지 자주 봅니다. 실무에서는 세션 쿠키가 탈취되면 로그인 상태가 빼앗길 수 있어 방어가 중요합니다. 만료 정책, 재발급, 보안 속성 설정까지 세트로 설계하는 것이 핵심입니다.	세션 쿠키									security	authentication	session	
Q606	토큰(Token)		Backend - 인증/인가	18	INITIALS	EASY	인증 정보를 담아 클라이언트와 서버 사이에서 전달하는 값을 무엇이라고 하는가?	토큰(Token)은 인증이나 권한 정보를 담아 전달하는 값입니다. 서버 상태를 줄이려는 구조에서 많이 쓰이고, 대표적으로 JWT가 있습니다. 면접에서는 세션과 비교해 장단점을 설명하라고 자주 나옵니다. 실무에서는 탈취를 전제로 짧은 만료와 안전한 저장 위치 전략이 중요합니다. 토큰을 로그에 남기지 않도록 주의하고 전송은 HTTPS로 보호해야 합니다.	토큰									security	authentication	token	
Q607	액세스 토큰(Access Token)		Backend - 인증/인가	18	INITIALS	EASY	API 요청을 보낼 때 인증 정보를 제시하기 위해 사용하는 짧은 수명의 토큰을 무엇이라고 하는가?	액세스 토큰(Access Token)은 API 호출 시 권한을 증명하는 데 사용하는 토큰입니다. 보통 수명이 짧게 설계되어 유출 시 피해를 줄이려 합니다. 면접에서는 왜 짧게 가져가는지와 만료 후 갱신 흐름을 자주 묻습니다. 실무에서는 토큰을 헤더나 안전한 저장 방식으로 전달하고, 노출을 줄이는 것이 핵심입니다. 스코프 같은 권한 범위를 최소화하면 오남용 위험을 줄일 수 있습니다.	액세스 토큰									security	authentication	access	
Q608	리프레시 토큰(Refresh Token)		Backend - 인증/인가	18	INITIALS	EASY	액세스 토큰이 만료되었을 때 새 액세스 토큰을 받기 위해 사용하는 토큰을 무엇이라고 하는가?	리프레시 토큰(Refresh Token)은 만료된 액세스 토큰을 재발급받기 위한 토큰입니다. 보통 수명이 더 길기 때문에 보호 수준이 더 높아야 합니다. 면접에서는 액세스 토큰과 리프레시 토큰을 왜 분리하는지 자주 묻습니다. 실무에서는 리프레시 토큰을 서버에서 관리하거나 회수 가능하게 설계하는 경우가 많습니다. 탈취 대비로 회전 정책과 재사용 탐지 같은 운영 포인트도 중요합니다.	리프레시 토큰									security	authentication	refresh	
Q609	제이슨 웹 토큰(JWT)		Backend - 인증/인가	18	INITIALS	EASY	클레임을 담고 서명으로 위변조를 방지하는 토큰 형식을 무엇이라고 하는가?	제이슨 웹 토큰(JWT)은 JSON 형태의 클레임을 담고 서명으로 위변조를 방지하는 토큰 형식입니다. 인증 정보를 토큰 자체에 담을 수 있어 확장성에 유리합니다. 면접에서는 JWT 구조와 검증 포인트를 아는지 자주 물어봅니다. 실무에서는 만료와 서명 검증을 철저히 하고, 민감 정보를 과하게 넣지 않는 것이 중요합니다. 또한 즉시 회수가 어려울 수 있어 회수 전략을 별도로 설계해야 합니다.	제이슨 웹 토큰									security	authentication	jwt	
Q610	오픈아이디 커넥트(OpenID Connect)		Backend - 인증/인가	18	INITIALS	EASY	OAuth 위에 사용자 로그인 정보를 표준화해 제공하는 인증 레이어를 무엇이라고 하는가?	오픈아이디 커넥트(OpenID Connect)는 OAuth 위에 인증 기능을 표준화한 프로토콜입니다. 아이디 토큰을 통해 사용자의 로그인 정보를 안전하게 전달합니다. 면접에서는 OAuth와 OIDC의 차이를 물어보는 경우가 많습니다. 실무에서는 발급자와 대상 검증 같은 기본 검증을 빠뜨리면 사고로 이어질 수 있습니다. 표준을 따르되 설정 실수로 취약점이 생기지 않도록 꼼꼼한 검증이 필요합니다.	오픈아이디 커넥트									security	authentication	oidc	
Q611	기본 인증(Basic Authentication)		Backend - 인증/인가	18	INITIALS	EASY	아이디와 비밀번호를 인코딩해 Authorization 헤더로 보내는 간단한 인증 방식을 무엇이라고 하는가?	기본 인증(Basic Authentication)은 아이디와 비밀번호를 Authorization 헤더로 전달하는 방식입니다. 구현은 단순하지만 자격 증명 노출 위험이 크기 때문에 HTTPS가 필수입니다. 면접에서는 Basic 인증의 동작 원리와 한계를 물을 수 있습니다. 실무에서는 장기적으로 토큰 기반 인증으로 전환하는 경우가 많습니다. 최소한 레이트 리밋과 계정 보호 정책을 함께 적용해야 안전합니다.	기본 인증									security	authentication	basic	
Q612	베어러 토큰(Bearer Token)		Backend - 인증/인가	18	INITIALS	EASY	토큰을 가진 사람이 권한을 가진 것으로 간주하는 토큰 전달 방식을 무엇이라고 하는가?	베어러 토큰(Bearer Token)은 토큰을 소지한 주체가 권한을 가진 것으로 취급되는 방식입니다. 그래서 토큰이 유출되면 바로 악용될 수 있다는 점이 핵심 위험입니다. 면접에서는 왜 HTTPS와 만료 정책이 중요한지 연결 질문이 나옵니다. 실무에서는 짧은 만료, 안전한 저장, 로그 마스킹이 필수입니다. 토큰을 어디에 저장하고 어떻게 전송하는지가 보안 수준을 크게 좌우합니다.	베어러 토큰									security	authentication	bearer	
Q613	역할 기반 접근 제어(RBAC)		Backend - 인증/인가	18	INITIALS	EASY	사용자에게 역할을 부여하고 역할에 권한을 매핑해 접근을 제어하는 방식을 무엇이라고 하는가?	역할 기반 접근 제어(RBAC)는 역할에 권한을 묶고 사용자에게 역할을 부여하는 방식입니다. 관리가 단순해 많은 시스템에서 기본 모델로 사용됩니다. 면접에서는 RBAC로 해결 가능한 범위와 한계를 물어볼 수 있습니다. 실무에서는 같은 역할 사용자 간 데이터 분리가 필요하면 소유자 검증 같은 추가 인가가 필요합니다. 역할 설계가 엉키면 운영이 어려워지므로 역할을 단순하게 유지하는 것이 중요합니다.	역할 기반 접근 제어									security	authentication	rbac	
Q614	다중 인증(MFA)		Backend - 인증/인가	18	INITIALS	EASY	비밀번호 외에 추가 수단을 더해 로그인 보안을 강화하는 방식을 무엇이라고 하는가?	다중 인증(MFA)은 비밀번호 외에 추가 인증 수단을 요구해 계정 탈취를 줄이는 방식입니다. OTP, 푸시 승인, 보안 키 같은 방식이 흔합니다. 면접에서는 MFA가 왜 중요한지와 어떤 방식이 더 강한지 묻기도 합니다. 실무에서는 계정 복구 절차가 약하면 MFA가 우회될 수 있어 복구 정책도 함께 강화해야 합니다. 중요한 작업에서는 재인증 같은 단계 인증을 적용하면 보안을 더 높일 수 있습니다.	다중 인증									security	authentication	mfa	
Q615	비밀번호 해시(Password Hashing)		Backend - 인증/인가	18	INITIALS	EASY	비밀번호를 평문으로 저장하지 않고 단방향 변환 값으로 저장하는 처리를 무엇이라고 하는가?	비밀번호 해시(Password Hashing)는 비밀번호를 단방향 변환해 저장하는 방식입니다. DB가 유출돼도 평문 비밀번호가 바로 노출되지 않게 하는 핵심 보안 수단입니다. 면접에서는 해시와 암호화 차이를 묻는 질문이 자주 나옵니다. 실무에서는 느린 해시 알고리즘을 사용해 대입 공격 비용을 높이는 것이 중요합니다. 또한 솔트 적용과 적절한 파라미터 설정이 함께 되어야 안전합니다.	비밀번호 해시									security	authentication	password	
Q616	솔트(Salt)		Backend - 인증/인가	18	INITIALS	EASY	같은 비밀번호라도 해시 결과가 같아지는 문제를 줄이기 위해 해시에 섞는 랜덤 값을 무엇이라고 하는가?	솔트(Salt)는 비밀번호 해시에 추가로 섞는 랜덤 값입니다. 같은 비밀번호를 쓰더라도 해시 결과가 달라지게 만들어 공격을 어렵게 합니다. 면접에서는 솔트가 왜 필요한지와 어디에 저장하는지 묻기도 합니다. 실무에서는 솔트는 보통 해시와 함께 저장되어도 괜찮고, 비밀값이 아니라는 점이 포인트입니다. 솔트와 함께 느린 해시 알고리즘을 쓰는 것이 현실적인 방어 전략입니다.	솔트									security	authentication	salt	
Q617	크로스 사이트 요청 위조(CSRF)		Backend - 인증/인가	18	INITIALS	EASY	사용자가 의도하지 않았는데도 로그인 상태를 이용해 요청이 전송되도록 만드는 공격을 무엇이라고 하는가?	크로스 사이트 요청 위조(CSRF)는 사용자의 로그인 상태를 악용해 의도치 않은 요청을 보내게 하는 공격입니다. 쿠키가 자동 전송되는 구조에서 특히 문제가 됩니다. 면접에서는 CSRF가 왜 쿠키 기반에서 자주 발생하는지 물어보는 경우가 많습니다. 실무에서는 CSRF 토큰, 세임사이트 설정, 오리진 검증 등을 조합해 방어합니다. 상태 변경 요청은 특히 보호가 중요하며, 단일 대책만 믿기보다 다층 방어가 안전합니다.	크로스 사이트 요청 위조									security	authentication	csrf	
Q618	크로스 사이트 스크립팅(XSS)		Backend - 인증/인가	18	INITIALS	EASY	악성 스크립트를 웹 페이지에 주입해 사용자의 브라우저에서 실행되게 만드는 공격을 무엇이라고 하는가?	크로스 사이트 스크립팅(XSS)은 악성 스크립트를 주입해 사용자의 브라우저에서 실행되게 하는 공격입니다. 토큰이나 세션 정보 탈취로 이어질 수 있어 인증 시스템과 직접 연결됩니다. 면접에서는 XSS가 왜 위험한지와 방어 방식에 대해 자주 나옵니다. 실무에서는 출력 인코딩, CSP 적용, 위험한 HTML 렌더링 최소화가 중요합니다. 인증 정보를 어디에 저장하느냐에 따라 XSS 피해 규모가 달라질 수 있어 저장 전략도 함께 고민해야 합니다.	크로스 사이트 스크립팅									security	authentication	xss	
Q619	에이치티티피 온리(HttpOnly)		Backend - 인증/인가	18	INITIALS	EASY	자바스크립트에서 쿠키를 읽지 못하게 제한하는 쿠키 속성을 무엇이라고 하는가?	에이치티티피 온리(HttpOnly)는 자바스크립트에서 쿠키 접근을 막아 토큰 탈취 위험을 줄이는 속성입니다. XSS가 있어도 쿠키를 직접 읽기 어렵게 만드는 데 도움이 됩니다. 면접에서는 Secure, SameSite와 함께 쿠키 보안 속성 세트를 물어보는 경우가 많습니다. 실무에서는 인증 쿠키에 HttpOnly를 기본으로 적용하는 것이 일반적입니다. 다만 HttpOnly만으로 모든 공격이 막히는 것은 아니므로 XSS 자체를 줄이는 방어도 병행해야 합니다.	에이치티티피 온리									security	authentication	cookie	
Q620	시큐어(Secure)		Backend - 인증/인가	18	INITIALS	EASY	HTTPS 연결에서만 쿠키가 전송되도록 제한하는 쿠키 속성은 무엇인가?	시큐어(Secure)는 쿠키가 HTTPS 같은 안전한 연결에서만 전송되도록 제한하는 속성입니다. 네트워크 중간자 공격에서 쿠키가 평문으로 흘러가는 위험을 줄이는 데 도움이 됩니다. 면접에서는 HttpOnly, SameSite와 함께 쿠키 보안 속성 세트를 자주 묻습니다. 실무에서는 로그인/리프레시 토큰 쿠키에 Secure를 기본으로 적용하는 것이 일반적입니다. 개발 환경에서 HTTP를 쓰면 쿠키가 안 붙어 당황할 수 있어, 환경별 설정 전략도 함께 필요합니다.	시큐어									security	authentication	cookie	
Q621	세임사이트(SameSite)		Backend - 인증/인가	18	INITIALS	EASY	크로스 사이트 요청에서 쿠키 전송을 제한해 CSRF 위험을 줄이는 쿠키 속성은 무엇인가?	세임사이트(SameSite)는 크로스 사이트 요청에서 쿠키 자동 전송을 제한해 CSRF 위험을 줄이는 속성입니다. Lax/Strict/None 같은 모드가 있어 서비스 UX와 보안 수준에 따라 선택합니다. 면접에서는 각 모드의 차이와 언제 None을 써야 하는지 질문이 나올 수 있습니다. 실무에서는 SameSite=None이면 Secure가 함께 필요하고, 서드파티 로그인이나 결제 연동에서 설정을 잘못하면 장애가 생길 수 있습니다. CSRF 방어는 토큰 방식과 함께 다층으로 적용하는 것이 안전합니다.	세임사이트									security	authentication	csrf	
Q622	콘텐츠 시큐리티 폴리시(CSP)		Network - 보안 및 HTTPS	32	INITIALS	EASY	브라우저가 로드할 수 있는 스크립트/리소스 출처를 제한해 XSS 위험을 줄이는 보안 정책을 무엇이라고 하는가?	콘텐츠 시큐리티 폴리시(CSP)는 브라우저가 허용된 출처의 리소스만 로드하도록 제한하는 정책입니다. XSS로 악성 스크립트가 실행되는 것을 줄이는 데 도움이 됩니다. 면접에서는 “CSP가 왜 XSS에 효과적인가” 같은 질문이 나올 수 있습니다. 실무에서는 처음엔 report-only로 위반을 수집하고, 안정화 후 enforce로 전환하는 흐름이 흔합니다. 설정이 과하면 정상 기능이 깨질 수 있으니 점진 적용과 모니터링이 중요합니다.	콘텐츠 시큐리티 폴리시									security	authentication	xss	
Q623	에이치에스티에스(HSTS)		Network - 보안 및 HTTPS	32	INITIALS	EASY	브라우저가 항상 HTTPS로만 접속하도록 강제하는 보안 헤더를 무엇이라고 하는가?	HSTS는 브라우저가 해당 도메인을 HTTPS로만 접속하도록 강제하는 보안 메커니즘입니다. 중간자 공격에서 HTTP로 다운그레이드되는 위험을 줄이는 데 도움이 됩니다. 면접에서는 HSTS가 왜 필요한지와 적용 시 주의점을 물어볼 수 있습니다. 실무에서는 max-age, includeSubDomains, preload 옵션을 신중히 설정해야 합니다. 잘못 적용하면 되돌리기 어렵거나 일부 서브도메인에서 장애가 날 수 있어 단계적 도입이 안전합니다.	에이치에스티에스									security	https	header	
Q624	아이피 화이트리스트(IP Allowlist)		Security - 네트워크 보안	54	INITIALS	EASY	특정 IP 대역에서만 관리자/API 접근을 허용하도록 제한하는 방식을 무엇이라고 하는가?	아이피 화이트리스트(IP Allowlist)는 허용된 IP 대역만 접근 가능하게 하는 접근 제어 방식입니다. 관리자 페이지나 내부 API를 보호할 때 자주 사용됩니다. 면접에서는 allowlist/denylist 차이와 장단점을 질문할 수 있습니다. 실무에서는 IP가 변동되는 환경(모바일, 재택, 클라우드)에서 운영이 까다로울 수 있어 VPN/제로트러스트와 함께 설계하기도 합니다. 단독으로 완벽한 보안은 아니지만 공격 표면을 크게 줄이는 데 도움이 됩니다.	아이피 화이트리스트									security	authentication	network	
Q625	레이트 리밋(Rate Limit)		Security - 취약점	53	INITIALS	EASY	일정 시간 내 요청 횟수를 제한해 무차별 대입이나 트래픽 공격을 줄이는 기법을 무엇이라고 하는가?	레이트 리밋(Rate Limit)은 요청 횟수를 제한해 과도한 요청을 방어하는 기법입니다. 로그인/비밀번호 재설정 같은 민감 엔드포인트 보호에 특히 중요합니다. 면접에서는 IP 기준, 계정 기준 제한을 어떻게 조합할지 물어볼 수 있습니다. 실무에서는 단순 IP 제한만으로는 우회가 가능해 계정/디바이스/리스크 기반 신호를 함께 사용합니다. 제한 정책이 과하면 정상 사용자도 막히므로 모니터링과 튜닝이 필요합니다.	레이트 리밋									security	authentication	rate_limit	
Q626	캡차(CAPTCHA)		Security - 취약점	53	INITIALS	EASY	봇 자동화를 방지하기 위해 사람임을 확인하는 절차를 무엇이라고 하는가?	캡차(CAPTCHA)는 자동화된 봇을 구분하기 위해 사용자에게 추가 확인을 요구하는 방식입니다. 무차별 대입, 회원가입 남발, 스팸 요청 방어에 도움이 됩니다. 면접에서는 캡차의 장단점과 사용자 경험 영향을 질문할 수 있습니다. 실무에서는 로그인 실패가 반복되거나 이상 징후가 있을 때만 단계적으로 요구하는 것이 일반적입니다. 캡차만으로 완전 방어는 어렵기 때문에 레이트 리밋, MFA, 탐지 로직과 함께 조합합니다.	캡차									security	authentication	bot	
Q627	로그아웃(Logout)		Backend - 인증/인가	18	INITIALS	EASY	현재 로그인 상태를 종료하고 세션/토큰을 무효화하는 동작을 무엇이라고 하는가?	로그아웃(Logout)은 사용자의 인증 상태를 종료하는 기능입니다. 세션 기반이면 서버 세션을 삭제하고, 토큰 기반이면 보통 클라이언트 저장을 제거하거나 리프레시 토큰을 회수합니다. 면접에서는 세션과 JWT에서 로그아웃 처리 차이를 묻기도 합니다. 실무에서는 “다른 기기에서 모두 로그아웃” 같은 요구가 있을 수 있어 세션/리프레시 토큰 저장과 연계합니다. 로그아웃 요청도 상태 변경이므로 CSRF 같은 관점에서 보호할지 정책을 정하는 것이 좋습니다.	로그아웃									security	authentication	logout	
Q628	세션 만료(Session Expiration)		Backend - 인증/인가	18	INITIALS	EASY	일정 시간이 지나면 로그인 상태가 자동으로 끝나도록 하는 정책을 무엇이라고 하는가?	세션 만료(Session Expiration)는 세션 유효 기간이 끝나면 자동으로 로그인 상태를 종료하는 정책입니다. 유출된 세션이 영구적으로 악용되는 것을 줄이는 데 도움이 됩니다. 면접에서는 슬라이딩 만료와 고정 만료 차이를 질문할 수 있습니다. 실무에서는 너무 짧으면 UX가 나빠지고, 너무 길면 보안이 약해지는 트레이드오프가 있습니다. 민감 서비스는 더 짧게, 일반 서비스는 리스크 기반으로 조정하는 등 운영 정책이 중요합니다.	세션 만료									security	authentication	session	
Q629	토큰 만료(Token Expiration)		Backend - 인증/인가	18	INITIALS	EASY	일정 시간이 지나면 토큰이 더 이상 유효하지 않도록 하는 정책을 무엇이라고 하는가?	토큰 만료(Token Expiration)는 토큰이 유효한 시간을 제한해 탈취 피해를 줄이는 기본 전략입니다. 특히 액세스 토큰은 짧게 가져가는 경우가 많습니다. 면접에서는 만료 후 갱신 흐름과 리프레시 토큰 역할을 자주 묻습니다. 실무에서는 만료 시간을 너무 길게 두면 유출 위험이 커지고, 너무 짧게 두면 잦은 재발급으로 부하가 늘 수 있습니다. 또한 서버 시간 차이를 고려해 검증 여유를 어떻게 둘지도 운영 포인트가 됩니다.	토큰 만료									security	authentication	token	
Q630	아이디 토큰(ID Token)		Backend - 인증/인가	18	INITIALS	EASY	OIDC에서 사용자의 인증 결과(식별 정보)를 담아 전달하는 토큰을 무엇이라고 하는가?	아이디 토큰(ID Token)은 오픈아이디 커넥트(OIDC)에서 사용자 인증 결과를 전달하는 토큰입니다. 액세스 토큰과 목적이 다르며, API 권한이 아니라 로그인 정보를 담습니다. 면접에서는 ID 토큰과 Access 토큰 차이를 자주 묻습니다. 실무에서는 발급자, 대상, 만료 같은 검증을 철저히 해야 하고, ID 토큰을 API 호출에 쓰지 않도록 구분하는 것이 중요합니다. 토큰 목적 혼동은 보안 사고로 이어질 수 있습니다.	아이디 토큰									security	authentication	oidc	
Q631	스코프(Scope)		Backend - 인증/인가	18	INITIALS	EASY	토큰이 허용하는 권한 범위를 표현하는 단위를 무엇이라고 하는가?	스코프(Scope)는 토큰이 어떤 범위의 권한을 가지는지 표현하는 단위입니다. 최소 권한 원칙을 적용할 때 핵심 도구가 됩니다. 면접에서는 scope가 실제로 인가에 어떻게 쓰이는지 질문이 나올 수 있습니다. 실무에서는 scope를 과하게 넓게 부여하면 토큰 오남용 위험이 커집니다. 반대로 너무 세분화하면 운영이 어려워질 수 있어 적절한 설계가 필요합니다.	스코프									security	authentication	scope	
Q632	리다이렉트 유알아이(Redirect URI)		Backend - 인증/인가	18	INITIALS	EASY	OAuth/OIDC에서 인증 후 사용자를 되돌려 보낼 주소를 무엇이라고 하는가?	리다이렉트 유알아이(Redirect URI)는 인증이 끝난 후 사용자를 돌려보낼 콜백 주소입니다. 이 값이 느슨하면 오픈 리다이렉트나 코드 탈취 위험이 커질 수 있습니다. 면접에서는 redirect URI를 왜 정확히 검증해야 하는지 질문이 나옵니다. 실무에서는 등록된 값과의 정확 일치, 도메인 allowlist가 중요합니다. 잘못 설정하면 인증 플로우 자체가 공격 경로가 될 수 있어 매우 민감한 설정 포인트입니다.	리다이렉트 유알아이									security	authentication	oauth	
Q633	비밀번호 재설정(Password Reset)		Backend - 인증/인가	18	INITIALS	EASY	사용자가 비밀번호를 잊었을 때 이메일/링크 등을 통해 비밀번호를 새로 설정하는 과정을 무엇이라고 하는가?	비밀번호 재설정(Password Reset)은 계정 복구의 핵심 절차입니다. 보안이 약하면 공격자가 이 경로로 MFA를 우회하거나 계정을 탈취할 수 있습니다. 면접에서는 재설정 토큰의 만료, 1회성, 저장 방식 등을 질문할 수 있습니다. 실무에서는 토큰을 짧게 만료시키고, 사용 후 즉시 폐기하며, 로그에 남지 않도록 주의합니다. 재설정 성공 시 기존 세션을 무효화하는 것도 중요한 운영 포인트입니다.	비밀번호 재설정									security	authentication	reset	
Q634	계정 잠금(Account Lockout)		Security - 취약점	53	INITIALS	EASY	로그인 실패가 반복될 때 계정을 일시적으로 막아 공격을 줄이는 정책을 무엇이라고 하는가?	계정 잠금(Account Lockout)은 무차별 대입 공격을 줄이기 위한 방어 정책입니다. 일정 횟수 실패 시 계정을 잠시 잠그거나 추가 인증을 요구합니다. 면접에서는 계정 잠금이 DoS로 악용될 수 있다는 단점까지 연결될 수 있습니다. 실무에서는 잠금 대신 점진 지연, 리스크 기반 인증, 캡차를 조합하는 경우도 많습니다. 정책이 과하면 정상 사용자도 막히므로 운영 튜닝이 필요합니다.	계정 잠금									security	authentication	brute_force	
Q635	접근 제어(Access Control)		Backend - 인증/인가	18	INITIALS	EASY	사용자/시스템이 특정 자원에 접근할 수 있는지 정책으로 통제하는 것을 무엇이라고 하는가?	접근 제어(Access Control)는 자원 접근을 정책으로 통제하는 전체 개념입니다. 인증 후 인가 정책이 실제로 적용되는 영역이라 면접에서 자주 나옵니다. 실무에서는 엔드포인트 단위뿐 아니라 객체 단위(소유자)까지 고려해야 데이터 유출을 막을 수 있습니다. 또한 정책이 서비스마다 다르면 운영이 어려워지므로 일관성 있는 권한 모델이 중요합니다. 접근 제어는 보안의 뼈대이기 때문에 설계 초기에 잘 잡아야 합니다.	접근 제어									security	authentication	authorization	
Q636	최소 권한(Least Privilege)		Security - 인증/인가	52	INITIALS	EASY	필요한 최소한의 권한만 부여해 피해 범위를 줄이는 보안 원칙을 무엇이라고 하는가?	최소 권한(Least Privilege)은 사용자와 시스템에 필요한 만큼만 권한을 부여하는 원칙입니다. 토큰 스코프, DB 권한, 관리자 권한 설계에 모두 적용됩니다. 면접에서는 왜 최소 권한이 중요한지 실무 예시로 설명하라고 할 수 있습니다. 실무에서는 권한이 과하면 유출/오남용 시 피해가 커지고, 반대로 너무 빡빡하면 운영이 불편해집니다. 그래서 권한 요청/승인/회수 같은 운영 프로세스까지 함께 설계하는 것이 좋습니다.	최소 권한									security	authentication	least_privilege	
Q637	감사 로그(Audit Log)		Security - 취약점	53	INITIALS	EASY	누가 언제 어떤 민감 작업을 했는지 추적하기 위해 남기는 로그를 무엇이라고 하는가?	감사 로그(Audit Log)는 민감 작업의 추적과 사고 조사에 필수인 로그입니다. 관리자 기능, 권한 변경, 계정 복구 같은 이벤트는 반드시 남기는 편이 안전합니다. 면접에서는 감사 로그에 무엇을 남기고 무엇을 마스킹해야 하는지 질문이 나올 수 있습니다. 실무에서는 토큰/비밀번호 같은 민감 값은 절대 로그에 남기지 않도록 정책을 둡니다. 또한 로그 접근 권한과 보관 기간, 위변조 방지까지 운영적으로 관리해야 합니다.	감사 로그									security	authentication	logging	
Q638	로그 마스킹(Log Masking)		Security - 취약점	53	INITIALS	EASY	로그에 남는 민감 정보(토큰, 비밀번호 등)를 일부 가려 노출을 줄이는 처리를 무엇이라고 하는가?	로그 마스킹(Log Masking)은 민감 정보가 로그에 노출되는 위험을 줄이기 위해 값을 가리는 처리입니다. 인증 시스템에서는 Authorization 헤더나 토큰 값이 대표적인 마스킹 대상입니다. 면접에서는 “로그가 왜 공격 표면이 될 수 있는지”로 연결될 수 있습니다. 실무에서는 마스킹 규칙을 중앙에서 관리하고, APM/트레이싱 수집 정책까지 함께 점검해야 합니다. 마스킹은 필수지만, 애초에 민감 값을 로그에 싣지 않는 설계가 더 안전합니다.	로그 마스킹									security	authentication	logging	
Q639	비밀키(Secret Key)		Security - 암호화	55	INITIALS	EASY	HMAC 서명이나 토큰 서명 등에서 사용하는 공유 비밀 값을 무엇이라고 하는가?	비밀키(Secret Key)는 서명이나 암호 처리에 사용하는 공유 비밀 값입니다. 유출되면 서명 위조나 인증 붕괴로 이어질 수 있어 관리가 매우 중요합니다. 면접에서는 비밀키를 코드에 하드코딩하면 안 되는 이유와 보관 방법을 질문할 수 있습니다. 실무에서는 시크릿 매니저에 저장하고 접근 권한을 최소화하며, 키 회전 정책을 운영합니다. 같은 키를 여러 환경에 재사용하면 피해 범위가 커질 수 있어 환경별 분리가 안전합니다.	비밀키									security	authentication	secret	
Q640	토큰 서명(Signature)		Backend - 인증/인가	18	INITIALS	EASY	JWT 같은 토큰이 위변조되지 않았음을 확인하기 위해 사용하는 값을 무엇이라고 하는가?	토큰 서명(Signature)은 토큰 내용이 변경되지 않았음을 검증하기 위한 값입니다. 서명이 유효하면 토큰이 발급자에 의해 생성되었고 중간에 변조되지 않았다고 판단할 수 있습니다. 면접에서는 “서명 검증이 왜 필요한가”와 “암호화와 차이”를 연결해 묻기도 합니다. 실무에서는 서명 알고리즘 설정 실수나 키 관리 문제가 곧 인증 붕괴로 이어질 수 있습니다. 따라서 라이브러리의 표준 검증을 사용하고, 키 회전과 접근 통제를 함께 운영하는 것이 중요합니다.	토큰 서명									security	authentication	jwt	
Q641	클레임(Claim)		Backend - 인증/인가	18	INITIALS	EASY	JWT 등에 담기는 사용자/권한/만료 같은 속성 정보를 무엇이라고 하는가?	클레임(Claim)은 토큰 안에 담기는 속성 정보의 단위입니다. 사용자 식별자, 권한, 만료 시간 같은 값이 여기에 포함됩니다. 면접에서는 표준 클레임(iss, aud, exp 등)을 알고 있는지 자주 확인합니다. 실무에서는 클레임에 민감 정보를 과하게 넣으면 유출 시 피해가 커질 수 있어 주의해야 합니다. 또한 클레임을 신뢰하기 전에 반드시 서명과 검증 규칙을 통과했는지 확인해야 합니다.	클레임									security	authentication	jwt	
Q642	발급자(Issuer)		Backend - 인증/인가	18	INITIALS	EASY	토큰을 발급한 주체를 나타내는 정보를 무엇이라고 하는가?	발급자(Issuer)는 토큰을 누가 발급했는지 나타내는 값입니다. 검증 과정에서 예상한 발급자와 일치하는지 확인해야 토큰 혼용을 막을 수 있습니다. 면접에서는 iss 검증이 왜 중요한지, 멀티 IdP 환경에서 어떤 문제가 생기는지 질문이 나올 수 있습니다. 실무에서는 여러 환경(dev/prod)에서 발급자가 섞이지 않도록 분리하고, 설정을 강제하는 것이 좋습니다. 토큰 검증에서 발급자 확인은 기본 중 기본입니다.	발급자									security	authentication	issuer	
Q643	대상자(Audience)		Backend - 인증/인가	18	INITIALS	EASY	토큰이 사용되도록 의도된 서비스나 수신자를 나타내는 값을 무엇이라고 하는가?	대상자(Audience)는 토큰이 누구를 위해 발급되었는지 나타내는 값입니다. 다른 서비스용 토큰을 가져와서 쓰는 오용을 막는 핵심 검증 요소입니다. 면접에서는 aud를 검증하지 않으면 어떤 문제가 생기는지 자주 묻습니다. 실무에서는 마이크로서비스에서 aud를 제대로 나누고 검증하면 토큰 재사용 위험을 줄일 수 있습니다. 또한 aud가 문자열/배열로 올 수 있어 구현에서 타입 처리를 주의해야 합니다.	대상자									security	authentication	audience	
Q644	만료(Expiration)		Backend - 인증/인가	18	INITIALS	EASY	토큰이나 세션이 더 이상 유효하지 않게 되는 시점을 무엇이라고 하는가?	만료(Expiration)는 인증 수단이 유효한 기간이 끝나는 시점을 의미합니다. 만료가 없거나 너무 길면 탈취된 자격 증명이 오래 악용될 수 있습니다. 면접에서는 exp 같은 만료 클레임 검증을 빠뜨리면 어떤 위험이 생기는지 묻습니다. 실무에서는 액세스 토큰은 짧게, 리프레시 토큰은 더 강하게 보호하는 설계가 흔합니다. 시간 동기화와 검증 여유 설정도 운영에서 중요합니다.	만료									security	authentication	expiration	
Q645	권한(Privilege)		Backend - 인증/인가	18	INITIALS	EASY	특정 기능이나 자원에 접근할 수 있는 허용 범위를 무엇이라고 하는가?	권한(Privilege)은 사용자가 수행할 수 있는 행동이나 접근할 수 있는 자원 범위를 의미합니다. 인증이 “누구냐”라면 권한은 “무엇을 하느냐”에 해당합니다. 면접에서는 권한을 역할/스코프/정책으로 어떻게 모델링하는지 질문이 나올 수 있습니다. 실무에서는 권한이 너무 넓으면 유출 시 피해가 커지고, 너무 복잡하면 운영이 어려워집니다. 따라서 최소 권한 원칙과 관리 가능성의 균형이 중요합니다.	권한									security	authentication	authorization	
Q646	역할(Role)		Backend - 인증/인가	18	INITIALS	EASY	사용자에게 부여되는 권한 묶음 단위를 무엇이라고 하는가?	역할(Role)은 여러 권한을 묶어 관리하기 위한 단위입니다. RBAC에서 핵심 요소로, 사용자에게 역할을 부여해 접근을 통제합니다. 면접에서는 역할 설계 원칙과 역할 폭발 문제를 어떻게 해결할지 묻기도 합니다. 실무에서는 역할을 단순하게 유지하고, 필요한 경우 속성 기반 조건을 추가해 세밀하게 제어합니다. 같은 역할 사용자 간 데이터 분리는 역할만으로 해결되지 않을 수 있어 객체 단위 검증도 필요합니다.	역할									security	authentication	rbac	
Q647	권한 검증(Authorization Check)		Backend - 인증/인가	18	INITIALS	EASY	요청을 처리하기 전에 사용자가 해당 작업을 수행할 수 있는지 확인하는 과정을 무엇이라고 하는가?	권한 검증(Authorization Check)은 요청 처리 전에 허용 여부를 판단하는 절차입니다. 엔드포인트 수준뿐 아니라 객체(소유자) 수준까지 검증해야 안전합니다. 면접에서는 “어디에서 권한을 검증하는가”를 실무 관점으로 묻는 경우가 많습니다. 실무에서는 공통 필터/인터셉터로 1차 방어를 하고, 도메인 로직에서 최종적으로 중요한 검증을 유지하는 구조가 안전합니다. 검증 누락은 곧 데이터 유출로 이어질 수 있습니다.	권한 검증									security	authentication	authorization	
Q648	인증서(Certificate)		Network - 보안 및 HTTPS	32	INITIALS	EASY	HTTPS에서 서버의 신원을 증명하고 통신을 암호화하기 위한 공개키 기반의 증명서를 무엇이라고 하는가?	인증서(Certificate)는 HTTPS에서 서버의 신원을 증명하는 데 사용하는 공개키 기반 증명서입니다. 브라우저는 신뢰할 수 있는 CA 체인을 통해 인증서를 검증합니다. 면접에서는 인증서가 왜 필요한지와 만료/갱신 이슈를 자주 묻습니다. 실무에서는 인증서 만료가 서비스 장애로 직결되므로 자동 갱신과 모니터링이 중요합니다. 또한 잘못된 인증서 설정은 피싱/중간자 공격 위험을 키울 수 있습니다.	인증서									security	https	certificate	
Q649	인증 기관(CA)		Network - 보안 및 HTTPS	32	INITIALS	EASY	인증서를 발급하고 신뢰 체인을 구성하는 기관을 무엇이라고 하는가?	인증 기관(CA)은 인증서를 발급하고 신뢰를 보증하는 기관입니다. 브라우저/OS는 신뢰하는 CA 목록을 기반으로 인증서 유효성을 판단합니다. 면접에서는 CA 체인과 신뢰 모델을 이해하는지 질문이 나올 수 있습니다. 실무에서는 내부 CA를 쓰는 경우도 있으며, 그때는 배포/신뢰 등록이 운영 포인트가 됩니다. CA 신뢰가 깨지면 HTTPS 자체가 무너질 수 있어 매우 중요합니다.	인증 기관									security	https	ca	
Q650	해시(Hash)		Security - 암호화	55	INITIALS	EASY	입력값을 고정 길이 값으로 변환하는 단방향 함수 결과를 무엇이라고 하는가?	해시(Hash)는 입력값을 고정 길이 값으로 변환하는 단방향 변환입니다. 비밀번호 저장과 무결성 확인에 자주 쓰입니다. 면접에서는 해시와 암호화의 차이를 구분할 수 있는지 자주 묻습니다. 실무에서는 비밀번호는 단순 해시가 아니라 bcrypt/argon2 같은 느린 해시를 사용해야 안전합니다. 또한 해시는 충돌 가능성이 이론적으로 존재하므로 용도에 맞는 알고리즘 선택이 중요합니다.	해시									security	authentication	hash	
Q651	암호화(Encryption)		Security - 암호화	55	INITIALS	EASY	키를 사용해 데이터를 복원 가능하게 변환하는 과정을 무엇이라고 하는가?	암호화(Encryption)는 키를 사용해 데이터를 복호화 가능한 형태로 변환하는 과정입니다. 전송 중 보호(TLS)나 저장 데이터 보호에 사용됩니다. 면접에서는 해시와 암호화 차이를 자주 물어봅니다. 실무에서는 암호화 키 관리가 가장 중요하고, 키 유출 시 보안이 무너질 수 있습니다. 또한 필요 이상으로 암호화를 남발하기보다, 민감 데이터 중심으로 정책을 세우는 것이 운영에 유리합니다.	암호화									security	authentication	encryption	
Q652	복호화(Decryption)		Security - 암호화	55	INITIALS	EASY	암호화된 데이터를 원래 값으로 되돌리는 과정을 무엇이라고 하는가?	복호화(Decryption)는 암호화된 데이터를 키를 이용해 원문으로 되돌리는 과정입니다. 암호화와 복호화는 쌍으로 동작하며 키 관리가 핵심입니다. 면접에서는 대칭키/비대칭키 차이를 연결해서 물을 수 있습니다. 실무에서는 복호화 권한을 최소한으로 두고, 접근 로그를 남기는 것이 안전합니다. 민감 데이터는 복호화가 필요한 순간을 최소화하는 설계가 좋습니다.	복호화									security	authentication	decryption	
Q653	대칭키(Symmetric Key)		Security - 암호화	55	INITIALS	EASY	같은 키로 암호화와 복호화를 수행하는 방식의 키를 무엇이라고 하는가?	대칭키(Symmetric Key)는 동일한 키로 암호화와 복호화를 수행하는 방식입니다. 속도가 빠르지만 키를 안전하게 공유해야 하는 문제가 있습니다. 면접에서는 대칭키가 어디에 쓰이는지(TLS 세션 키 등) 묻기도 합니다. 실무에서는 키 교환 문제를 해결하기 위해 비대칭키로 세션 키를 교환하고, 실제 데이터는 대칭키로 처리하는 구조가 흔합니다. 키 유출은 곧 데이터 유출이므로 관리가 중요합니다.	대칭키									security	authentication	symmetric	
Q654	비대칭키(Asymmetric Key)		Security - 암호화	55	INITIALS	EASY	공개키와 개인키로 암호화/서명 등을 수행하는 키 체계를 무엇이라고 하는가?	비대칭키(Asymmetric Key)는 공개키와 개인키로 동작하는 암호 체계입니다. 키 공유 문제를 줄이고, 서명으로 신원/무결성 검증에도 활용됩니다. 면접에서는 공개키 암호의 대표 활용 사례(HTTPS 인증서)를 자주 묻습니다. 실무에서는 개인키 보호가 핵심이며, 유출되면 서버 신원 위조로 이어질 수 있습니다. 성능이 대칭키보다 느려 보통 키 교환/서명에 주로 사용됩니다.	비대칭키									security	authentication	asymmetric	
Q655	서명(Signing)		Security - 암호화	55	INITIALS	EASY	데이터가 변조되지 않았고 특정 주체가 생성했음을 증명하기 위해 사용하는 과정을 무엇이라고 하는가?	서명(Signing)은 데이터 무결성과 발신자 신원을 검증하기 위한 기술입니다. 토큰(JWT) 서명이나 인증서 서명 등에 활용됩니다. 면접에서는 서명과 암호화 차이를 구분하는 질문이 자주 나옵니다. 실무에서는 서명 검증을 빠뜨리면 토큰 위조로 인증이 무너질 수 있어 매우 중요합니다. 또한 알고리즘 선택과 키 관리가 보안 수준을 좌우합니다.	서명									security	authentication	signature	
Q656	무결성(Integrity)		Security - 암호화	55	INITIALS	EASY	데이터가 전송/저장 중에 변경되지 않았음을 보장하는 성질을 무엇이라고 하는가?	무결성(Integrity)은 데이터가 변조되지 않았음을 보장하는 성질입니다. 서명이나 MAC 같은 기법으로 무결성을 검증할 수 있습니다. 면접에서는 CIA triad(기밀성, 무결성, 가용성) 중 하나로 자주 등장합니다. 실무에서는 인증 토큰이나 중요한 요청 파라미터가 변조되지 않았음을 검증하는 데 필수입니다. 무결성 검증이 약하면 인증/인가 자체가 공격자에게 조작될 수 있습니다.	무결성									security	authentication	integrity	
Q657	기밀성(Confidentiality)		Security - 암호화	55	INITIALS	EASY	허가되지 않은 사람이 데이터를 읽지 못하도록 보호하는 성질을 무엇이라고 하는가?	기밀성(Confidentiality)은 권한 없는 주체가 데이터를 읽지 못하도록 보호하는 성질입니다. HTTPS/TLS, 저장 시 암호화 등이 대표적 방법입니다. 면접에서는 CIA triad 관점에서 설명하라고 할 수 있습니다. 실무에서는 인증 토큰과 개인정보가 전송/로그/저장 과정에서 노출되지 않도록 경로별로 통제하는 것이 중요합니다. 기밀성은 인증 시스템의 기본 전제입니다.	기밀성									security	authentication	confidentiality	
Q658	가용성(Availability)		Security - 취약점	53	INITIALS	EASY	서비스가 공격이나 장애 상황에서도 계속 제공될 수 있도록 하는 성질을 무엇이라고 하는가?	가용성(Availability)은 서비스가 중단되지 않고 계속 제공되는 성질입니다. 보안에서는 DDoS나 무차별 대입 같은 공격도 가용성 위협으로 봅니다. 면접에서는 보안이 기밀성만이 아니라 가용성도 포함한다는 점을 질문할 수 있습니다. 실무에서는 레이트 리밋, 캐시, 오토스케일링, WAF 등이 가용성 보호에 도움이 됩니다. 인증 엔드포인트는 공격이 집중되기 쉬워 방어 설계가 중요합니다.	가용성									security	authentication	availability	
Q659	디도스(DDoS)		Security - 네트워크 보안	54	INITIALS	EASY	다수의 장비가 동시에 트래픽을 보내 서비스를 마비시키려는 공격을 무엇이라고 하는가?	디도스(DDoS)는 분산된 다수의 장비가 트래픽을 유발해 서비스를 마비시키는 공격입니다. 인증/로그인 엔드포인트도 종종 표적이 됩니다. 면접에서는 DDoS와 Rate Limit, WAF, CDN 방어를 연결해서 질문할 수 있습니다. 실무에서는 트래픽 흡수(CDN), 차단(WAF), 자동 확장, 우회 경로 제한 등을 조합합니다. 보안은 데이터 보호뿐 아니라 서비스 지속성까지 포함한다는 점이 핵심입니다.	디도스									security	authentication	ddos	
Q660	세션 고정(Session Fixation)		Security - 취약점	53	INITIALS	EASY	공격자가 미리 알고 있는 세션 아이디를 사용자에게 강제로 사용하게 만들어 로그인 후 세션을 탈취하는 공격을 무엇이라고 하는가?	세션 고정(Session Fixation)은 공격자가 예측/주입한 세션 아이디를 피해자가 그대로 쓰게 만들어 로그인 후 세션을 탈취하는 공격입니다. 면접에서는 로그인 성공 시 세션 재발급이 왜 필요한지로 자주 이어집니다. 실무에서는 로그인/권한 상승 시점에 세션 아이디를 반드시 새로 발급하는 것이 핵심 방어입니다. 또한 URL에 세션 아이디를 붙이는 방식은 노출 위험이 커서 피하는 것이 좋습니다. 쿠키 보안 속성과 세션 만료 정책도 함께 적용하면 피해를 줄일 수 있습니다.	세션 고정									security	authentication	session	
Q661	세션 하이재킹(Session Hijacking)		Security - 취약점	53	INITIALS	EASY	탈취한 세션 아이디를 이용해 피해자처럼 로그인 상태를 가로채는 공격을 무엇이라고 하는가?	세션 하이재킹(Session Hijacking)은 세션 아이디를 훔쳐서 피해자 권한으로 서비스를 사용하는 공격입니다. 면접에서는 쿠키 Secure, HttpOnly, HTTPS 강제의 의미를 연결해서 묻습니다. 실무에서는 TLS 적용과 함께 세션 재발급, 짧은 만료, 이상 징후 탐지를 조합합니다. 또한 동일 세션의 IP나 디바이스 변화가 큰 경우 추가 인증을 요구하는 방식도 사용합니다. 세션 기반 인증을 쓴다면 항상 이 공격을 전제로 설계해야 합니다.	세션 하이재킹									security	authentication	session	
Q662	세션 재발급(Session Regeneration)		Backend - 인증/인가	18	INITIALS	EASY	로그인 성공 시 기존 세션 아이디를 폐기하고 새 세션 아이디로 바꾸는 처리를 무엇이라고 하는가?	세션 재발급(Session Regeneration)은 로그인 같은 보안 이벤트 후 세션 아이디를 새로 발급하는 처리입니다. 세션 고정 공격을 막는 가장 기본적인 방어 중 하나입니다. 면접에서는 “언제 재발급해야 하는가”를 실무적으로 질문할 수 있습니다. 실무에서는 로그인, 권한 상승, 민감 설정 변경 같은 시점에 재발급을 고려합니다. 재발급 시 기존 세션 데이터 이관 정책도 함께 정해야 장애를 줄일 수 있습니다.	세션 재발급									security	authentication	session	
Q663	쿠키 도메인(Domain)		Backend - 인증/인가	18	INITIALS	EASY	쿠키가 어떤 도메인에 대해 전송될지를 결정하는 속성 또는 범위를 무엇이라고 하는가?	쿠키 도메인(Domain)은 쿠키가 어떤 도메인 요청에 포함될지를 결정하는 범위 설정입니다. 면접에서는 도메인 범위를 넓히면 어떤 보안 리스크가 생기는지 질문이 나올 수 있습니다. 실무에서는 필요 이상으로 상위 도메인에 쿠키를 공유하면 공격 표면이 커질 수 있어 최소 범위가 안전합니다. 특히 서브도메인 중 취약한 서비스가 있으면 쿠키 탈취/오염 위험이 생길 수 있습니다. 따라서 인증 쿠키는 도메인 범위를 신중하게 설정해야 합니다.	쿠키 도메인									security	authentication	cookie	
Q664	쿠키 경로(Path)		Backend - 인증/인가	18	INITIALS	EASY	쿠키가 어떤 URL 경로 요청에 포함될지를 제한하는 속성을 무엇이라고 하는가?	쿠키 경로(Path)는 쿠키가 전송될 URL 경로 범위를 제한하는 설정입니다. 면접에서는 경로 범위를 좁히면 어떤 이점이 있는지 묻기도 합니다. 실무에서는 인증 쿠키를 모든 경로로 열어두기보다 필요한 범위로 제한하면 위험을 줄일 수 있습니다. 반대로 너무 좁히면 로그인이 일부 화면에서 풀리는 듯한 문제가 생길 수 있어 주의가 필요합니다. 쿠키 범위 설계는 보안과 UX의 균형을 잡는 작업입니다.	쿠키 경로									security	authentication	cookie	
Q665	교차 출처 리소스 공유(CORS)		Network - HTTP	31	INITIALS	EASY	브라우저에서 다른 출처의 API를 호출할 때 허용 여부를 결정하는 보안 정책을 무엇이라고 하는가?	교차 출처 리소스 공유(CORS)는 브라우저가 다른 출처의 리소스 접근을 제한/허용하는 정책입니다. 면접에서는 서버 보안과 별개로 브라우저 보안 모델이라는 점을 구분하는지 자주 봅니다. 실무에서는 허용 출처를 와일드카드로 열면 의도치 않은 노출이 생길 수 있어 주의해야 합니다. 특히 쿠키를 포함한 요청을 허용할 때는 자격 증명 설정과 허용 출처가 함께 엄격해야 합니다. CORS 오류는 흔한 장애 포인트라 설정 원리를 이해하는 것이 중요합니다.	교차 출처 리소스 공유									security	authentication	cors	
Q666	프리플라이트(Preflight)		Network - HTTP	31	INITIALS	EASY	브라우저가 실제 요청 전에 OPTIONS로 권한 여부를 미리 확인하는 절차를 무엇이라고 하는가?	프리플라이트(Preflight)는 브라우저가 실제 요청 전에 OPTIONS 요청으로 허용 여부를 확인하는 과정입니다. 면접에서는 프리플라이트가 언제 발생하는지와 관련 헤더를 질문할 수 있습니다. 실무에서는 프리플라이트 응답 헤더가 빠지면 호출이 실패해 장애가 쉽게 납니다. 또한 캐시 설정을 통해 프리플라이트 빈도를 줄여 성능을 개선할 수 있습니다. 보안과 성능이 동시에 걸린 영역이라 원리 이해가 도움이 됩니다.	프리플라이트									security	authentication	cors	
Q667	오리진(Origin)		Network - HTTP	31	INITIALS	EASY	프로토콜, 호스트, 포트 조합으로 정의되는 출처 개념을 무엇이라고 하는가?	오리진(Origin)은 프로토콜, 호스트, 포트로 구성되는 출처 개념입니다. CORS와 CSRF 방어에서 오리진 검증이 자주 등장합니다. 면접에서는 Referer와 Origin 헤더 차이를 묻기도 합니다. 실무에서는 민감 요청에 대해 Origin을 검사해 외부 사이트에서 온 요청을 차단하는 전략을 사용합니다. 다만 환경에 따라 헤더가 없거나 달라질 수 있어 정책 설계와 예외 처리가 필요합니다.	오리진									security	authentication	origin	
Q668	오리진 검증(Origin Check)		Security - 취약점	53	INITIALS	EASY	요청의 Origin 헤더를 확인해 허용된 출처에서 온 요청인지 검사하는 방식을 무엇이라고 하는가?	오리진 검증(Origin Check)은 요청의 출처를 검사해 허용된 사이트에서 온 요청만 처리하는 방어 기법입니다. CSRF 방어에서 토큰과 함께 보조 수단으로 자주 사용됩니다. 면접에서는 쿠키 기반 인증에서 왜 출처 검증이 유용한지 질문이 나올 수 있습니다. 실무에서는 허용 목록 기반으로 엄격하게 검사하되, 헤더가 없는 경우의 정책을 명확히 정해야 합니다. 단일 대책만 믿기보다 CSRF 토큰, SameSite와 조합하는 것이 안전합니다.	오리진 검증									security	authentication	csrf	
Q669	전송 계층 보안(TLS)		Network - 보안 및 HTTPS	32	INITIALS	EASY	네트워크 구간에서 데이터 기밀성과 무결성을 제공하는 표준 보안 프로토콜을 무엇이라고 하는가?	전송 계층 보안(TLS)은 네트워크 구간에서 데이터를 암호화해 기밀성과 무결성을 제공하는 프로토콜입니다. HTTPS는 HTTP 위에 TLS를 적용한 형태로 이해할 수 있습니다. 면접에서는 TLS가 왜 인증 토큰 보호에 필수인지 자주 묻습니다. 실무에서는 TLS 미적용 구간이 하나라도 있으면 토큰 탈취 위험이 커지므로 종단 간 TLS를 기본으로 둡니다. 인증서 만료/갱신 운영까지 포함해 관리 역량이 중요합니다.	전송 계층 보안									security	authentication	tls	
Q670	중간자 공격(MITM)		Security - 네트워크 보안	54	INITIALS	EASY	통신 중간에서 트래픽을 가로채거나 변조하는 공격을 무엇이라고 하는가?	중간자 공격(MITM)은 통신 중간에서 데이터를 훔치거나 변조하는 공격입니다. 인증 토큰이나 비밀번호가 노출되면 계정 탈취로 바로 이어질 수 있습니다. 면접에서는 HTTPS/TLS가 MITM을 어떻게 막는지 연결 질문이 나옵니다. 실무에서는 HTTPS 강제, HSTS, 인증서 검증이 기본 대응입니다. 공용 와이파이 등 환경에서 위험이 커지므로 전송 구간 보안은 필수입니다.	중간자 공격									security	authentication	mitm	
Q671	제이더블유케이에스(JWKS)		Backend - 인증/인가	18	INITIALS	EASY	JWT 서명 검증에 필요한 공개키 목록을 제공하는 JSON 문서를 무엇이라고 하는가?	제이더블유케이에스(JWKS)는 JWT 서명 검증에 필요한 공개키들을 JSON 형태로 제공하는 문서입니다. 인증 서버가 키를 회전해도 리소스 서버가 최신 키를 받아 검증할 수 있게 해줍니다. 면접에서는 키 회전과 JWKS의 관계를 물어볼 수 있습니다. 실무에서는 JWKS 캐시 전략과 갱신 실패 시의 처리 정책이 중요합니다. 또한 kid 값으로 어떤 키를 쓸지 선택하는 흐름까지 함께 이해해야 합니다.	제이더블유케이에스									security	authentication	jwks	
Q672	키 아이디(kid)		Backend - 인증/인가	18	INITIALS	EASY	JWT 헤더에서 어떤 키로 서명했는지 식별하기 위해 사용하는 값을 무엇이라고 하는가?	키 아이디(kid)는 JWT 헤더에서 어떤 키로 서명했는지 식별하는 값입니다. 키 회전 환경에서 리소스 서버가 올바른 공개키를 선택하는 데 사용됩니다. 면접에서는 kid를 신뢰할 때 주의점이 있는지 질문이 나올 수 있습니다. 실무에서는 kid 값만 보고 임의의 키를 가져오지 않도록 하고, 신뢰 가능한 키 목록에서만 선택해야 안전합니다. 또한 kid 충돌이나 잘못된 설정은 인증 장애로 이어질 수 있어 운영 점검이 필요합니다.	키 아이디									security	authentication	kid	
Q673	키 회전(Key Rotation)		Security - 암호화	55	INITIALS	EASY	보안을 위해 주기적으로 서명 키나 비밀 값을 교체하는 운영을 무엇이라고 하는가?	키 회전(Key Rotation)은 서명 키나 비밀 값을 주기적으로 교체해 유출 위험을 줄이는 운영 방식입니다. 키를 오래 쓰면 노출 시 피해 범위가 커질 수 있습니다. 면접에서는 회전 시 기존 토큰 검증을 어떻게 유지할지 질문이 나옵니다. 실무에서는 구키/신키를 함께 허용하는 전환 기간을 두고 점진적으로 바꾸는 경우가 많습니다. 회전은 보안과 운영 안정성을 동시에 만족해야 하므로 자동화와 모니터링이 중요합니다.	키 회전									security	authentication	rotation	
Q674	계정 복구(Account Recovery)		Backend - 인증/인가	18	INITIALS	EASY	비밀번호 분실 등으로 계정에 다시 접근할 수 있게 하는 절차를 무엇이라고 하는가?	계정 복구(Account Recovery)는 사용자가 계정을 다시 되찾을 수 있도록 하는 절차입니다. 이 경로가 약하면 공격자가 정식 로그인 대신 복구 기능으로 계정을 탈취할 수 있습니다. 면접에서는 복구 토큰 만료, 1회성, 본인 확인 수단을 어떻게 설계할지 묻기도 합니다. 실무에서는 복구 성공 시 기존 세션/리프레시 토큰을 무효화해 추가 피해를 막는 것이 좋습니다. 복구는 UX와 보안이 강하게 충돌하므로 정책을 명확히 정해야 합니다.	계정 복구									security	authentication	account	
Q675	이메일 인증(Email Verification)		Backend - 인증/인가	18	INITIALS	EASY	회원가입 후 이메일 소유 여부를 확인하기 위해 링크/코드를 검증하는 절차를 무엇이라고 하는가?	이메일 인증(Email Verification)은 이메일 주소가 실제로 사용자 소유인지 확인하는 절차입니다. 계정 도용, 스팸 가입, 잘못된 이메일로 인한 복구 문제를 줄이는 데 도움이 됩니다. 면접에서는 인증 링크의 만료와 재사용 방지 정책을 질문할 수 있습니다. 실무에서는 인증 토큰을 짧게 만료시키고, 성공 시 즉시 폐기하는 것이 안전합니다. 또한 발송 제한과 재전송 정책을 잘 설계해야 남용을 줄일 수 있습니다.	이메일 인증									security	authentication	email	
Q676	비밀번호 정책(Password Policy)		Security - 취약점	53	INITIALS	EASY	비밀번호 길이, 복잡도, 금지 목록 등을 규정해 계정 보안을 강화하는 정책을 무엇이라고 하는가?	비밀번호 정책(Password Policy)은 비밀번호의 최소 길이, 복잡도, 재사용 제한 등을 규정하는 보안 정책입니다. 약한 비밀번호는 무차별 대입이나 스프레이 공격에 취약합니다. 면접에서는 정책을 너무 강하게 하면 사용자가 예측 가능한 패턴을 만든다는 점을 묻기도 합니다. 실무에서는 길이를 충분히 확보하고, 흔한 비밀번호 금지 목록을 적용하는 방식이 현실적입니다. 또한 MFA와 레이트 리밋을 함께 적용해야 전체 보안 수준이 올라갑니다.	비밀번호 정책									security	authentication	password	
Q677	비밀번호 재사용 방지(Password Reuse Prevention)		Security - 취약점	53	INITIALS	EASY	이전에 사용했던 비밀번호를 다시 설정하지 못하게 제한하는 정책을 무엇이라고 하는가?	비밀번호 재사용 방지(Password Reuse Prevention)는 과거 비밀번호를 다시 쓰지 못하게 막는 정책입니다. 유출된 비밀번호를 그대로 반복 사용하는 위험을 줄일 수 있습니다. 면접에서는 이전 비밀번호를 어떻게 비교 저장할지 같은 구현 관점이 나올 수 있습니다. 실무에서는 해시 형태로 히스토리를 저장해 비교하고, 저장 개수와 기간을 정책으로 정합니다. 다만 정책이 과하면 사용성 문제가 생길 수 있어 리스크 기반으로 조정하는 것이 좋습니다.	비밀번호 재사용 방지									security	authentication	password	
Q678	피싱(Phishing)		Security - 취약점	53	INITIALS	EASY	가짜 사이트나 메시지로 사용자의 비밀번호나 인증 정보를 속여 빼내는 공격을 무엇이라고 하는가?	피싱(Phishing)은 사용자를 속여 비밀번호나 인증 정보를 입력하게 만드는 공격입니다. 기술적 취약점이 없어도 사람을 노리기 때문에 매우 위험합니다. 면접에서는 MFA가 피싱을 얼마나 막는지와 한계를 질문할 수 있습니다. 실무에서는 피싱 저항성이 높은 인증 수단을 도입하고, 의심 로그인 탐지와 사용자 알림을 함께 운영합니다. 또한 계정 복구 절차가 약하면 피싱 이후 피해가 더 커질 수 있어 전반적인 계정 보호 설계가 중요합니다.	피싱									security	authentication	phishing	
Q679	권한 상승(Privilege Escalation)		Security - 취약점	53	INITIALS	EASY	낮은 권한의 사용자가 취약점을 이용해 더 높은 권한을 획득하는 현상을 무엇이라고 하는가?	권한 상승(Privilege Escalation)은 낮은 권한이 높은 권한으로 올라가는 보안 사고 유형입니다. 인가 로직 누락이나 잘못된 권한 체크가 원인이 되는 경우가 많습니다. 면접에서는 권한 상승을 막기 위한 접근 제어 설계와 검증 위치를 질문할 수 있습니다. 실무에서는 요청 단위 권한 검증과 함께 관리자 기능 분리, 최소 권한 원칙을 적용합니다. 또한 감사 로그로 권한 변경과 민감 작업을 추적하면 탐지와 대응에 도움이 됩니다.	권한 상승									security	authentication	authorization	
Q680	아이디오알(IDOR)		Security - 취약점	53	INITIALS	EASY	다른 사용자의 리소스 ID를 추측해 접근할 수 있게 되는 취약점을 무엇이라고 하는가?	아이디오알(IDOR)은 객체 식별자만 바꿔도 다른 사용자 자원에 접근이 가능한 취약점입니다. 인증은 되어 있어도 인가가 제대로 되지 않으면 발생합니다. 면접에서는 “로그인 했는데도 왜 취약한가”를 설명하라고 자주 나옵니다. 실무에서는 리소스 소유자 검증을 서버에서 반드시 수행해야 하고, 단순히 UI에서 숨기는 것으로는 절대 막을 수 없습니다. 접근 로그와 권한 검증을 일관되게 구현하는 것이 핵심입니다.	아이디오알									security	authentication	authorization	
Q681	볼라(BOLA)		Security - 취약점	53	INITIALS	EASY	API에서 객체 수준 권한 검증이 누락되어 다른 사용자 데이터에 접근 가능한 취약점을 무엇이라고 하는가?	볼라(BOLA)는 API에서 객체 단위 접근 제어가 부족해 발생하는 취약점입니다. 특히 REST API에서 ID 기반 조회/수정 엔드포인트가 흔한 공격 표면이 됩니다. 면접에서는 IDOR와의 관계를 함께 질문하기도 합니다. 실무에서는 컨트롤러 단위뿐 아니라 서비스/도메인 계층에서 소유자 검증을 표준화하는 것이 좋습니다. 테스트 케이스로 다른 사용자 ID로 접근 시 403이 나오는지 확인하는 습관이 중요합니다.	볼라									security	authentication	api	
Q682	입력 검증(Input Validation)		Security - 취약점	53	INITIALS	EASY	사용자가 보낸 입력값을 서버에서 규칙에 맞게 검사하는 과정을 무엇이라고 하는가?	입력 검증(Input Validation)은 서버가 사용자 입력을 신뢰하지 않고 규칙에 맞는지 확인하는 절차입니다. 인증/인가 관련 값(redirect URI, email, code 등)도 입력 검증의 대상입니다. 면접에서는 화이트리스트 검증이 왜 더 안전한지 묻기도 합니다. 실무에서는 길이 제한, 포맷 검증, 허용 목록 기반 검증을 적용해 공격 표면을 줄입니다. 입력 검증이 약하면 여러 취약점의 출발점이 되므로 기본기를 탄탄히 해야 합니다.	입력 검증									security	authentication	validation	
Q683	출력 인코딩(Output Encoding)		Security - 취약점	53	INITIALS	EASY	사용자 입력이 화면에 표시될 때 스크립트로 실행되지 않도록 안전하게 처리하는 방법을 무엇이라고 하는가?	출력 인코딩(Output Encoding)은 데이터를 출력할 때 문맥에 맞게 인코딩해 XSS를 줄이는 핵심 방어입니다. 인증 토큰이 직접 노출되지 않더라도 XSS는 계정 탈취로 이어질 수 있습니다. 면접에서는 XSS 방어의 기본이 입력 필터링이 아니라 출력 인코딩이라는 점을 물을 수 있습니다. 실무에서는 템플릿 엔진의 자동 이스케이프를 활용하고, 위험한 HTML 삽입을 최소화합니다. 필요 시 CSP를 함께 적용하면 방어가 더 강해집니다.	출력 인코딩									security	authentication	xss	
Q684	오픈 리다이렉트(Open Redirect)		Security - 취약점	53	INITIALS	EASY	로그인 후 이동 URL을 조작해 사용자를 악성 사이트로 보내는 취약점을 무엇이라고 하는가?	오픈 리다이렉트(Open Redirect)는 리다이렉트 대상 URL 검증이 약해 외부 악성 사이트로 이동시키는 취약점입니다. OAuth/OIDC의 redirect URI와도 연결되어 보안상 매우 민감합니다. 면접에서는 redirect 파라미터를 어떻게 안전하게 처리할지 질문이 나올 수 있습니다. 실무에서는 허용 목록 기반으로 내부 경로만 받거나, 등록된 redirect URI만 허용하는 방식이 안전합니다. 이 취약점은 피싱과 결합되면 피해가 크게 커질 수 있습니다.	오픈 리다이렉트									security	authentication	redirect	
Q685	보안 헤더(Security Headers)		Network - 보안 및 HTTPS	32	INITIALS	EASY	XSS, 클릭재킹 등을 줄이기 위해 응답에 추가하는 보안 관련 HTTP 헤더들의 묶음을 무엇이라고 하는가?	보안 헤더(Security Headers)는 브라우저 보안 동작을 강화하기 위한 HTTP 응답 헤더들의 집합입니다. CSP, HSTS, X-Frame-Options 같은 항목들이 대표적입니다. 면접에서는 어떤 헤더가 어떤 공격을 줄이는지 매칭 질문이 나올 수 있습니다. 실무에서는 헤더를 과하게 적용하면 정상 기능이 깨질 수 있어 점진 도입과 모니터링이 중요합니다. 기본 보안 헤더 셋을 표준화해 모든 서비스에 일관되게 적용하는 것이 좋습니다.	보안 헤더									security	authentication	header	
Q686	클릭재킹(Clickjacking)		Security - 취약점	53	INITIALS	EASY	투명한 프레임 위에 UI를 덧씌워 사용자가 의도하지 않은 클릭을 하게 만드는 공격을 무엇이라고 하는가?	클릭재킹(Clickjacking)은 사용자가 보지 못하는 요소를 클릭하게 유도하는 공격입니다. 계정 설정 변경이나 결제 같은 민감 동작에 악용될 수 있습니다. 면접에서는 X-Frame-Options나 CSP frame-ancestors로 막는 방법을 자주 묻습니다. 실무에서는 관리자 페이지나 민감 기능 페이지에 프레이밍을 제한하는 것이 기본입니다. UI 보안도 인증/인가 못지않게 사고로 이어질 수 있음을 기억해야 합니다.	클릭재킹									security	authentication	clickjacking	
Q687	엑스-프레임-옵션(X-Frame-Options)		Network - 보안 및 HTTPS	32	INITIALS	EASY	페이지가 iframe에 포함되는 것을 제한해 클릭재킹을 줄이는 응답 헤더를 무엇이라고 하는가?	엑스-프레임-옵션(X-Frame-Options)은 페이지가 iframe에 포함되는 것을 제한하는 헤더입니다. 클릭재킹 공격을 줄이는 대표적인 방법입니다. 면접에서는 DENY와 SAMEORIGIN의 의미를 물을 수 있습니다. 실무에서는 CSP frame-ancestors로 더 세밀하게 제어하는 경우도 많습니다. 인증/관리자 화면은 기본적으로 프레임 포함을 막는 정책이 안전합니다.	엑스-프레임-옵션									security	authentication	header	
Q688	엑스-콘텐츠-타입-옵션(X-Content-Type-Options)		Network - 보안 및 HTTPS	32	INITIALS	EASY	브라우저의 MIME 스니핑을 막아 콘텐츠 타입 혼동을 줄이는 헤더를 무엇이라고 하는가?	엑스-콘텐츠-타입-옵션(X-Content-Type-Options)은 브라우저가 MIME 타입을 추측하지 않도록 제한하는 헤더입니다. 콘텐츠가 의도치 않게 실행되는 위험을 줄이는 데 도움이 됩니다. 면접에서는 nosniff 값의 의미를 물을 수 있습니다. 실무에서는 정적 리소스 제공 시 잘못된 타입으로 제공되면 보안 이슈로 번질 수 있어 기본 설정으로 많이 켭니다. 보안 헤더는 “한 번 설정하면 끝”이 아니라 서비스 변경 시 지속 점검이 필요합니다.	엑스-콘텐츠-타입-옵션									security	authentication	header	
Q689	리퍼러 정책(Referrer Policy)		Network - 보안 및 HTTPS	32	INITIALS	EASY	요청에 포함되는 Referer 정보를 얼마나 보낼지 제어하는 정책 헤더를 무엇이라고 하는가?	리퍼러 정책(Referrer Policy)은 Referer 헤더로 전달되는 URL 정보를 통제하는 정책입니다. 쿼리스트링에 민감 정보가 있을 때 외부로 새는 것을 줄이는 데 도움이 됩니다. 면접에서는 strict-origin-when-cross-origin 같은 대표 정책을 언급할 수 있으면 좋습니다. 실무에서는 토큰을 URL에 넣지 않는 것이 원칙이지만, 불가피한 경우 누출 완화로 Referrer Policy가 보조 역할을 합니다. 보안은 단일 포인트가 아니라 전송/저장/표시 경로 전체를 보는 것이 중요합니다.	리퍼러 정책									security	authentication	header	
Q690	사용자 세션 동기화(Session Synchronization)		Backend - 인증/인가	18	INITIALS	EASY	다중 서버 환경에서 세션 정보를 일관되게 유지하기 위한 설계를 무엇이라고 하는가?	사용자 세션 동기화(Session Synchronization)은 여러 서버가 동일한 세션 상태를 참조할 수 있도록 하는 설계입니다. 스케일 아웃 환경에서 세션 기반 인증을 유지할 때 중요한 주제입니다. 면접에서는 세션 저장소를 Redis로 분리하는 방식과 스티키 세션을 비교해 묻기도 합니다. 실무에서는 장애 시에도 세션이 유지되도록 저장소의 가용성과 보안까지 함께 고려합니다. 세션 기반을 유지할지 토큰 기반으로 갈지의 의사결정 근거도 설명할 수 있으면 좋습니다.	사용자 세션 동기화									security	authentication	session	
Q691	스티키 세션(Sticky Session)		Backend - 웹 서버 기초	17	INITIALS	EASY	같은 사용자의 요청을 항상 같은 서버로 보내 세션을 유지하려는 로드밸런싱 방식을 무엇이라고 하는가?	스티키 세션(Sticky Session)은 특정 사용자의 요청을 동일 서버로 보내 세션 유지를 쉽게 하는 방식입니다. 구현이 단순하지만 서버 장애나 스케일링에 취약할 수 있습니다. 면접에서는 스티키 세션의 장단점과 대안(세션 저장소 분리)을 자주 묻습니다. 실무에서는 서버 장애 시 세션 손실이 발생할 수 있어 고가용성 설계가 필요합니다. 장기적으로는 세션 저장소를 분리하거나 토큰 기반으로 전환하는 전략이 고려됩니다.	스티키 세션									security	authentication	session	
Q692	인증 미들웨어(Authentication Middleware)		Backend - 인증/인가	18	INITIALS	EASY	요청 처리 전에 인증 정보를 확인하고 컨텍스트에 사용자 정보를 세팅하는 공통 처리 계층을 무엇이라고 하는가?	인증 미들웨어(Authentication Middleware)는 요청 앞단에서 인증 여부를 검사하는 공통 계층입니다. 필터, 인터셉터, 미들웨어 형태로 구현됩니다. 면접에서는 인증 로직을 어디에 두는 것이 좋은지 구조 질문이 나올 수 있습니다. 실무에서는 공통 계층에서 1차 검증을 하고, 서비스 로직에서 중요한 권한 검증을 추가하는 다층 구조가 안전합니다. 인증 미들웨어가 복잡해지면 유지보수가 어려워질 수 있어 역할을 명확히 분리해야 합니다.	인증 미들웨어									security	authentication	middleware	
Q693	인가 미들웨어(Authorization Middleware)		Backend - 인증/인가	18	INITIALS	EASY	역할/권한을 확인해 요청을 차단하거나 통과시키는 공통 처리 계층을 무엇이라고 하는가?	인가 미들웨어(Authorization Middleware)는 요청이 권한을 만족하는지 검사하는 공통 계층입니다. 정책 기반 접근 제어를 일관되게 적용하기 좋습니다. 면접에서는 어노테이션 기반 인가와 미들웨어 기반 인가를 비교해 질문할 수 있습니다. 실무에서는 미들웨어에서 공통 정책을 적용하되, 객체 단위 검증은 도메인 계층에서 반드시 처리하는 것이 안전합니다. 인가 로직이 흩어지면 누락이 생기기 쉬워 표준화가 중요합니다.	인가 미들웨어									security	authentication	authorization	
Q694	보호된 리소스(Protected Resource)		Backend - 인증/인가	18	INITIALS	EASY	인증/인가가 없으면 접근할 수 없도록 보호해야 하는 API나 데이터를 무엇이라고 하는가?	보호된 리소스(Protected Resource)는 권한 검증 없이 접근하면 안 되는 API나 데이터입니다. 사용자 개인정보, 결제 정보, 관리자 기능 등이 대표적입니다. 면접에서는 어떤 기준으로 리소스를 보호 대상으로 분류할지 묻기도 합니다. 실무에서는 URL 패턴만으로 판단하기보다 데이터의 민감도와 영향도를 기준으로 정책을 세웁니다. 보호 대상이 늘어날수록 정책 관리가 중요해지므로 역할/스코프 설계와 함께 운영해야 합니다.	보호된 리소스									security	authentication	authorization	
Q695	공개 리소스(Public Resource)		Backend - 웹 서버 기초	17	INITIALS	EASY	인증 없이도 접근이 허용되는 리소스를 무엇이라고 하는가?	공개 리소스(Public Resource)는 로그인 없이도 접근 가능한 리소스입니다. 랜딩 페이지, 공개 문서, 일부 검색 API 등이 여기에 해당할 수 있습니다. 면접에서는 공개 리소스라도 레이트 리밋이나 악성 트래픽 방어가 필요한 이유를 물을 수 있습니다. 실무에서는 “공개 = 무방비”가 아니므로 캐시, WAF, 모니터링이 중요합니다. 또한 공개/보호 경계를 잘못 설정하면 정보 노출이 발생할 수 있어 리뷰 프로세스가 필요합니다.	공개 리소스									security	authentication	public	
Q696	인증 실패(Authentication Failure)		Backend - 인증/인가	18	INITIALS	EASY	자격 증명이 유효하지 않거나 토큰 검증이 실패해 로그인 처리에 실패하는 상황을 무엇이라고 하는가?	인증 실패(Authentication Failure)는 사용자 신원 확인 과정이 통과되지 못한 상태입니다. 비밀번호 오류, 만료 토큰, 서명 불일치 등이 원인이 됩니다. 면접에서는 인증 실패 시 어떤 HTTP 상태 코드를 쓰는지와 보안적으로 어떤 메시지를 반환해야 하는지 묻기도 합니다. 실무에서는 에러 메시지를 과하게 자세히 주면 공격자에게 힌트를 줄 수 있어 주의합니다. 또한 실패 로그를 남겨 탐지에 활용하되, 민감 값은 마스킹해야 합니다.	인증 실패									security	authentication	auth	
Q697	권한 없음(Forbidden)		Network - HTTP	31	INITIALS	EASY	로그인은 되었지만 권한이 없어 접근이 거부되는 상황을 나타내는 HTTP 상태를 무엇이라고 하는가?	권한 없음(Forbidden)은 인증은 되었지만 접근 권한이 없어 거부되는 상태입니다. 보통 HTTP 403과 연결됩니다. 면접에서는 401과 403 차이를 자주 물어봅니다. 실무에서는 인증 실패와 권한 부족을 명확히 구분해야 클라이언트 UX와 보안 로깅이 정리됩니다. 또한 403을 반환할 때도 정보 노출을 줄이기 위해 리소스 존재 여부를 과하게 드러내지 않는 전략이 필요할 수 있습니다.	권한 없음									security	authentication	http	
Q698	인증 필요(Unauthorized)		Network - HTTP	31	INITIALS	EASY	로그인되지 않았거나 인증 정보가 없어서 접근이 거부되는 상황을 나타내는 HTTP 상태를 무엇이라고 하는가?	인증 필요(Unauthorized)는 인증 정보가 없거나 유효하지 않아 접근이 거부되는 상태입니다. 보통 HTTP 401과 연결됩니다. 면접에서는 401이 “권한 없음”이 아니라 “인증 필요”라는 점을 정확히 아는지 봅니다. 실무에서는 401을 반환할 때 WWW-Authenticate 헤더를 어떻게 사용할지도 환경에 따라 고려할 수 있습니다. 또한 401/403 구분은 보안 모니터링과 클라이언트 처리 로직에 중요한 기준이 됩니다.	인증 필요									security	authentication	http	
Q699	세션 종료(Session Termination)		Backend - 인증/인가	18	INITIALS	EASY	서버가 특정 조건에서 세션을 강제로 끝내 로그인 상태를 종료하는 처리를 무엇이라고 하는가?	세션 종료(Session Termination)은 서버가 세션을 강제로 무효화해 로그인 상태를 끝내는 처리입니다. 비밀번호 변경, 계정 정지, 복구 성공 같은 이벤트에서 필요할 수 있습니다. 면접에서는 “보안 이벤트 발생 시 어떤 세션을 끊을지”를 묻기도 합니다. 실무에서는 모든 기기 세션을 끊는 옵션과 현재 기기만 끊는 옵션을 구분해 제공하기도 합니다. 세션 종료는 보안 대응의 마지막 방어선이므로 정책과 구현을 명확히 해두는 것이 중요합니다.	세션 종료									security	authentication	session	
Q700	피케이씨이(PKCE)		Backend - 인증/인가	18	INITIALS	MEDIUM	공개 클라이언트 환경에서 인증 코드 탈취 공격을 줄이기 위해 코드 검증 값을 추가하는 OAuth 보안 확장 기법은 무엇인가?	피케이씨이(PKCE)는 인증 코드 플로우에서 코드 탈취를 방지하기 위한 보안 확장입니다. 코드 챌린지와 코드 검증자 개념을 사용해, 코드만 훔쳐도 토큰으로 교환할 수 없게 만듭니다. 면접에서는 왜 모바일 앱이나 SPA에서 특히 중요한지 자주 묻습니다. 실무에서는 클라이언트 시크릿을 안전하게 숨기기 어려운 환경에서 표준처럼 사용됩니다. 설정이 누락되면 리다이렉트 구간에서 공격 표면이 커질 수 있어 필수로 챙겨야 합니다.	피케이씨이									security	authentication	oauth	
Q701	인증 코드 플로우(Authorization Code Flow)		Backend - 인증/인가	18	INITIALS	MEDIUM	사용자를 인증 서버로 리다이렉트한 뒤 인증 코드를 받아 서버에서 토큰으로 교환하는 OAuth의 대표적인 플로우는 무엇인가?	인증 코드 플로우(Authorization Code Flow)는 OAuth에서 가장 표준적인 권한 부여 방식입니다. 프론트 채널은 코드만 받고, 실제 토큰 교환은 백채널에서 수행해 노출 위험을 줄입니다. 면접에서는 암묵적 플로우 대비 장점과 PKCE 결합 이유가 자주 나옵니다. 실무에서는 리다이렉트 URI, state 검증, 코드 1회성 사용이 핵심 포인트입니다. 코드가 유출되면 곧바로 토큰 발급으로 이어질 수 있으니 방어 요소를 빠뜨리지 말아야 합니다.	인증 코드 플로우									security	authentication	oauth	
Q702	클라이언트 자격 증명 플로우(Client Credentials Flow)		Backend - 인증/인가	18	INITIALS	MEDIUM	사용자 없이 서버 대 서버 통신에서 클라이언트 자체를 인증해 토큰을 발급받는 OAuth 플로우는 무엇인가?	클라이언트 자격 증명 플로우(Client Credentials Flow)는 서버 대 서버 통신에서 많이 쓰입니다. 사용자 동의나 로그인 없이 애플리케이션 자체의 권한으로 토큰을 발급받습니다. 면접에서는 언제 사용하면 안 되는지, 사용자 권한과 혼동하지 않는지가 포인트입니다. 실무에서는 API 간 호출, 배치 작업, 내부 마이크로서비스 인증에 활용됩니다. 클라이언트 시크릿 유출이 곧 권한 유출이므로 시크릿 보관과 회전 전략이 중요합니다.	클라이언트 자격 증명 플로우									security	authentication	oauth	
Q703	리프레시 토큰 회전(Refresh Token Rotation)		Backend - 인증/인가	18	INITIALS	MEDIUM	리프레시 토큰을 사용해 액세스 토큰을 재발급할 때마다 새로운 리프레시 토큰으로 교체하는 전략은 무엇인가?	리프레시 토큰 회전(Refresh Token Rotation)은 리프레시 토큰 탈취 위험을 줄이기 위한 전략입니다. 매번 재발급 시 새 토큰을 주고 이전 토큰은 폐기해 재사용을 어렵게 만듭니다. 면접에서는 단순 만료만으로는 부족한 이유를 물을 수 있습니다. 실무에서는 토큰 저장소와 연동해 1회성 사용을 강제하는 경우가 많습니다. 회전 로직이 없으면 유출된 리프레시 토큰이 장기간 악용될 수 있어 주의해야 합니다.	리프레시 토큰 회전									security	authentication	token	
Q704	리프레시 토큰 재사용 탐지(Refresh Token Reuse Detection)		Backend - 인증/인가	18	INITIALS	MEDIUM	이미 사용된 리프레시 토큰이 다시 제출되면 탈취를 의심하고 세션을 무효화하는 보안 기법은 무엇인가?	리프레시 토큰 재사용 탐지(Refresh Token Reuse Detection)는 토큰 탈취를 빠르게 감지하기 위한 기법입니다. 정상 흐름에서는 회전으로 인해 이전 토큰이 다시 나오면 안 됩니다. 면접에서는 재사용이 왜 강한 침해 신호인지 설명하는 문제가 나올 수 있습니다. 실무에서는 재사용이 감지되면 해당 계정의 리프레시 토큰 체인을 모두 폐기하고 재로그인을 유도하기도 합니다. 탐지 후 대응 정책이 약하면 공격자가 계속 토큰을 갱신해 장기 침투할 수 있습니다.	리프레시 토큰 재사용 탐지									security	authentication	token	
Q705	토큰 인트로스펙션(Token Introspection)		Backend - 인증/인가	18	INITIALS	MEDIUM	액세스 토큰의 활성 여부나 스코프 등을 인증 서버에 질의해 검증하는 표준 방식은 무엇인가?	토큰 인트로스펙션(Token Introspection)은 토큰을 인증 서버에 조회해 유효성을 확인하는 방식입니다. 자체 검증 JWT만으로 부족한 상황에서 상태 기반 검증을 가능하게 합니다. 면접에서는 JWT 자체 검증과 인트로스펙션의 차이를 자주 묻습니다. 실무에서는 토큰 즉시 회수, 세션 강제 종료 같은 요구가 있을 때 유용합니다. 다만 매 요청마다 호출하면 지연과 부하가 커질 수 있어 캐시와 만료 정책을 함께 설계해야 합니다.	토큰 인트로스펙션									security	authentication	oauth	
Q706	토큰 철회(Token Revocation)		Backend - 인증/인가	18	INITIALS	MEDIUM	로그아웃이나 계정 위험 상황에서 토큰을 더 이상 사용하지 못하도록 폐기하는 표준 처리 방식을 무엇이라고 하는가?	토큰 철회(Token Revocation)는 발급된 토큰을 무효화하는 처리입니다. JWT는 기본적으로 상태가 없어서 즉시 회수가 어렵기 때문에 철회 전략이 중요해집니다. 면접에서는 철회가 왜 필요한지와 어떤 저장소가 필요한지 질문이 나올 수 있습니다. 실무에서는 리프레시 토큰을 서버에 저장하고 철회 목록을 관리하는 방식이 흔합니다. 철회 정책이 없으면 탈취된 토큰이 만료될 때까지 계속 악용될 수 있습니다.	토큰 철회									security	authentication	token	
Q707	스테이트 파라미터(State Parameter)		Backend - 인증/인가	18	INITIALS	MEDIUM	OAuth 리다이렉트 과정에서 요청 위조와 세션 혼동을 막기 위해 클라이언트가 생성해 검증하는 값은 무엇인가?	스테이트 파라미터(State Parameter)는 OAuth 요청과 응답을 연결하기 위한 값입니다. CSRF 성격의 공격과 로그인 세션 혼동을 줄이는 데 도움을 줍니다. 면접에서는 state를 검증하지 않으면 어떤 문제가 생기는지 자주 묻습니다. 실무에서는 state를 난수로 생성하고 서버 세션이나 안전한 저장소에 보관 후 콜백에서 비교 검증합니다. state가 약하면 외부 사이트가 로그인 흐름을 주입해 계정 연결을 바꾸는 문제로 이어질 수 있습니다.	스테이트 파라미터									security	authentication	oauth	
Q708	논스(Nonce)		Backend - 인증/인가	18	INITIALS	MEDIUM	OIDC에서 재생 공격을 줄이기 위해 ID 토큰에 포함시키고 검증하는 1회성 값을 무엇이라고 하는가?	논스(Nonce)는 OIDC에서 ID 토큰이 특정 인증 요청에 대응하는지 보장하기 위한 값입니다. 재생 공격이나 토큰 재사용 위험을 줄이는 데 도움이 됩니다. 면접에서는 nonce와 state의 역할 차이를 구분하는 질문이 나올 수 있습니다. 실무에서는 요청 시 nonce를 생성해 저장하고, 콜백에서 ID 토큰의 nonce 클레임과 비교합니다. nonce를 생략하면 토큰이 다른 흐름에서 재사용되는 위험이 커질 수 있습니다.	논스									security	authentication	oidc	
Q709	제이더블유이(JWE)		Security - 암호화	55	INITIALS	MEDIUM	JWT 내용을 서명뿐 아니라 암호화까지 적용해 토큰 페이로드를 숨기는 표준 형식을 무엇이라고 하는가?	제이더블유이(JWE)는 JSON Web Encryption의 약자로 토큰 내용을 암호화하는 표준입니다. JWS가 위변조 방지라면 JWE는 기밀성까지 제공합니다. 면접에서는 서명과 암호화 차이, 그리고 어떤 경우에 JWE가 필요한지 묻기도 합니다. 실무에서는 토큰에 민감 정보가 들어가야 한다면 원칙적으로 넣지 않는 것이 우선이고, 불가피할 때 JWE를 고려합니다. 키 관리와 성능 비용이 증가하므로 도입 전 트레이드오프를 검토해야 합니다.	제이더블유이									security	authentication	jwt	
Q710	제이더블유에스(JWS)		Backend - 인증/인가	18	INITIALS	MEDIUM	JWT의 무결성과 발급자 신뢰를 보장하기 위해 서명된 형태로 표현하는 표준을 무엇이라고 하는가?	제이더블유에스(JWS)는 JSON Web Signature의 약자로 서명 기반 토큰 표현 표준입니다. 토큰이 중간에 변조되지 않았음을 검증할 수 있게 합니다. 면접에서는 JWS, JWT, JWE 관계를 함께 물어보기도 합니다. 실무에서는 서명 알고리즘 선택과 키 관리가 핵심이며, 검증을 빠뜨리면 토큰 위조로 이어질 수 있습니다. 또한 kid 기반 키 선택을 할 때 신뢰 가능한 키 목록에서만 선택하도록 주의해야 합니다.	제이더블유에스									security	authentication	jwt	
Q711	동기화 토큰 패턴(Synchronizer Token Pattern)		Security - 취약점	53	INITIALS	MEDIUM	서버가 세션별 CSRF 토큰을 발급하고 요청마다 토큰을 비교 검증하는 CSRF 방어 패턴은 무엇인가?	동기화 토큰 패턴(Synchronizer Token Pattern)은 CSRF 방어의 대표적인 방식입니다. 서버가 세션에 토큰을 저장하고, 클라이언트가 요청에 토큰을 포함해 제출하게 합니다. 면접에서는 왜 쿠키 자동 전송 때문에 CSRF가 발생하는지와 함께 자주 등장합니다. 실무에서는 상태 변경 요청에 토큰을 강제하고, 토큰 재발급과 만료 정책도 함께 운영합니다. 토큰 검증이 누락되면 SameSite 설정만으로는 방어가 부족할 수 있습니다.	동기화 토큰 패턴									security	authentication	csrf	
Q712	더블 서브밋 쿠키(Double Submit Cookie)		Security - 취약점	53	INITIALS	MEDIUM	CSRF 토큰을 쿠키와 요청 바디나 헤더에 동시에 보내 두 값이 같은지 비교하는 방어 기법은 무엇인가?	더블 서브밋 쿠키(Double Submit Cookie)는 CSRF 방어를 위한 기법 중 하나입니다. CSRF 토큰을 쿠키에도 두고, 요청에도 담아 두 값이 일치하는지 확인합니다. 면접에서는 동기화 토큰 패턴과 비교해 서버 상태 저장이 필요한지 여부를 묻기도 합니다. 실무에서는 구현이 단순해 보이지만 XSS가 있으면 토큰 탈취 위험이 커질 수 있어 주의해야 합니다. 쿠키 보안 속성, CSP, 출력 인코딩 등과 함께 다층 방어로 접근하는 것이 안전합니다.	더블 서브밋 쿠키									security	authentication	csrf	
Q713	페퍼(Pepper)		Security - 암호화	55	INITIALS	MEDIUM	비밀번호 해시에 솔트 외에 서버가 별도로 보관하는 비밀 값을 추가해 공격 난이도를 높이는 값을 무엇이라고 하는가?	페퍼(Pepper)는 비밀번호 해시 강화에 쓰이는 서버 측 비밀 값입니다. 솔트는 보통 DB에 저장해도 되지만, 페퍼는 별도 시크릿 저장소에 두는 것이 포인트입니다. 면접에서는 솔트와 페퍼 차이를 설명하라는 질문이 나올 수 있습니다. 실무에서는 페퍼가 유출되면 효과가 떨어지므로 키 관리와 회전 전략이 중요합니다. 또한 페퍼만 믿기보다 느린 해시 알고리즘과 레이트 리밋을 함께 적용해야 안전합니다.	페퍼									security	authentication	password	
Q714	아르곤투(Argon2)		Security - 암호화	55	INITIALS	MEDIUM	메모리 사용량을 크게 가져가 GPU 병렬 대입 공격을 어렵게 만드는 비밀번호 해시 알고리즘을 무엇이라고 하는가?	아르곤투(Argon2)는 비밀번호 저장에 권장되는 현대적인 해시 알고리즘 중 하나입니다. 메모리 하드 함수를 활용해 GPU 병렬 공격에 비용을 크게 올립니다. 면접에서는 bcrypt와 비교해 장단점과 파라미터 조정 포인트를 물을 수 있습니다. 실무에서는 time, memory, parallelism 파라미터를 서비스 환경에 맞게 튜닝해야 합니다. 기본값으로 끝내지 말고 운영 부하와 보안 수준을 함께 고려하는 것이 중요합니다.	아르곤투									security	authentication	password	
Q715	서명 키 관리(Key Management)		Security - 암호화	55	INITIALS	MEDIUM	토큰 서명이나 암호화에 쓰는 키를 안전하게 저장, 접근 통제, 회전하는 운영 영역을 무엇이라고 하는가?	서명 키 관리(Key Management)는 인증 시스템의 안전성을 좌우하는 운영 영역입니다. 키를 코드에 하드코딩하거나 평문 파일로 두면 유출 위험이 급격히 커집니다. 면접에서는 시크릿 매니저, 접근 권한 최소화, 키 회전 전략을 설명하라고 할 수 있습니다. 실무에서는 키 접근을 감사 로그로 남기고, 환경별 키 분리를 기본으로 둡니다. 키 관리가 무너지면 JWT 서명 위조처럼 인증 자체가 붕괴될 수 있습니다.	서명 키 관리									security	authentication	crypto	
Q716	에이피아이 키(API Key)		Backend - 인증/인가	18	INITIALS	MEDIUM	서비스 사용자를 식별하거나 호출 권한을 부여하기 위해 요청에 포함시키는 고정된 키 형태의 자격 증명을 무엇이라고 하는가?	에이피아이 키(API Key)는 간단한 형태의 호출 자격 증명입니다. 사용자 인증이라기보다 애플리케이션 식별이나 호출 제한에 자주 쓰입니다. 면접에서는 API 키가 왜 단독으로 강한 인증이 되기 어려운지 질문이 나올 수 있습니다. 실무에서는 노출을 전제로 레이트 리밋, IP 제한, 키 회전, 사용량 모니터링을 반드시 붙입니다. 민감 데이터 접근에는 OAuth 토큰이나 mTLS 같은 더 강한 수단을 고려해야 합니다.	에이피아이 키									security	authentication	api	
Q717	상호 티엘에스(mTLS)		Security - 네트워크 보안	54	INITIALS	MEDIUM	서버뿐 아니라 클라이언트도 인증서를 제시해 서로의 신원을 검증하는 TLS 방식은 무엇인가?	상호 티엘에스(mTLS)는 양쪽이 모두 인증서를 사용해 상호 인증하는 방식입니다. 서버 대 서버 통신에서 강한 신뢰를 만들 때 유용합니다. 면접에서는 mTLS가 토큰 기반 인증과 어떻게 조합되는지 묻기도 합니다. 실무에서는 인증서 발급, 배포, 갱신 자동화가 운영 난이도를 결정합니다. 설정이 꼬이면 통신 장애가 날 수 있어 관측과 롤백 전략까지 함께 필요합니다.	상호 티엘에스									security	authentication	tls	
Q718	싱글 사인온(SSO)		Backend - 인증/인가	18	INITIALS	MEDIUM	한 번 로그인으로 여러 시스템에 재인증 없이 접근할 수 있게 하는 인증 체계를 무엇이라고 하는가?	싱글 사인온(SSO)은 한 번의 인증으로 여러 서비스에 접근하게 하는 체계입니다. 사용자 경험이 좋아지지만 중앙 인증이 장애나 침해를 당하면 영향 범위가 커질 수 있습니다. 면접에서는 SSO 구현 방식(OIDC, SAML)과 보안 고려사항을 질문할 수 있습니다. 실무에서는 세션 만료, 로그아웃 전파, 계정 정책 통일이 운영 포인트입니다. SSO는 편의성과 위험 분산 사이에서 설계를 신중히 해야 합니다.	싱글 사인온									security	authentication	sso	
Q719	웹오스 인증(WebAuthn)		Security - 인증/인가	52	INITIALS	MEDIUM	공개키 기반으로 피싱 저항성이 높은 패스키 로그인 등을 구현하는 웹 표준 인증 기술은 무엇인가?	웹오스 인증(WebAuthn)은 공개키 기반으로 강력한 사용자 인증을 제공하는 표준입니다. 패스키나 보안 키를 활용해 피싱에 강하고 재사용 공격을 줄일 수 있습니다. 면접에서는 비밀번호 기반 대비 장점과 도입 난이도를 질문할 수 있습니다. 실무에서는 디바이스 호환성과 복구 플로우 설계가 중요하며, UX와 보안을 함께 맞춰야 합니다. 단순히 기술을 붙이는 것이 아니라 계정 복구와 사용자 지원 정책까지 같이 설계해야 성공합니다.	웹오스 인증									security	authentication	webauthn	
Q720	어세션(Assertion)		Backend - 인증/인가	18	INITIALS	MEDIUM	SAML이나 OIDC 등에서 “사용자가 인증되었다”는 사실과 속성을 담아 전달하는 인증 결과 정보를 무엇이라고 하는가?	어세션(Assertion)은 인증 시스템이 “이 사용자는 누구이며 인증을 통과했다”는 정보를 담아 전달하는 구조입니다. SAML에서 특히 핵심 개념이며, OIDC의 ID 토큰과 개념적으로 비교되기도 합니다. 면접에서는 어세션의 서명 검증이 왜 중요한지 질문이 나올 수 있습니다. 실무에서는 어세션을 신뢰하기 전에 발급자, 대상, 만료, 서명 검증을 반드시 수행해야 합니다. 검증이 느슨하면 어세션 위조나 재생 공격으로 계정 탈취가 가능해집니다.	어세션									security	authentication	sso	
Q721	에스에이엠엘(SAML)		Backend - 인증/인가	18	INITIALS	MEDIUM	기업 SSO에서 자주 사용하는 XML 기반 연합 인증 표준을 무엇이라고 하는가?	에스에이엠엘(SAML)은 기업 환경 SSO에서 오래 사용된 연합 인증 표준입니다. IdP와 SP 개념을 통해 인증을 중앙화할 수 있습니다. 면접에서는 OIDC와의 차이(형식, 사용처, 복잡도)를 묻는 경우가 많습니다. 실무에서는 메타데이터 관리, 서명/암호화 설정, 클록 스큐 처리 등 운영 포인트가 많습니다. 설정 하나가 틀리면 로그인 장애가 크게 나므로 검증과 모니터링이 중요합니다.	에스에이엠엘									security	authentication	sso	
Q722	아이디피(IdP)		Backend - 인증/인가	18	INITIALS	MEDIUM	SSO 구조에서 사용자 인증을 수행하고 어세션/토큰을 발급하는 주체를 무엇이라고 하는가?	아이디피(IdP)는 사용자를 인증하고 인증 결과(토큰/어세션)를 발급하는 주체입니다. 기업 SSO에서는 IdP가 계정 정책과 MFA를 중앙에서 관리합니다. 면접에서는 IdP와 SP 또는 리소스 서버 역할 구분을 자주 묻습니다. 실무에서는 IdP 장애가 전체 서비스 로그인 장애로 이어질 수 있어 가용성 설계가 중요합니다. 또한 IdP 설정 변경은 영향 범위가 커서 변경 관리와 롤백 계획이 필요합니다.	아이디피									security	authentication	sso	
Q723	에스피(SP)		Backend - 인증/인가	18	INITIALS	MEDIUM	SSO 구조에서 IdP가 발급한 어세션/토큰을 받아 서비스를 제공하는 주체를 무엇이라고 하는가?	에스피(SP)는 IdP의 인증 결과를 받아 서비스를 제공하는 주체입니다. 서비스 제공자는 어세션/토큰을 검증해 로그인 상태를 확정합니다. 면접에서는 SP가 해야 할 검증(서명, 만료, 대상)을 구체적으로 묻기도 합니다. 실무에서는 검증 누락이 곧 인증 우회로 이어질 수 있어 라이브러리 표준 검증을 사용하는 것이 안전합니다. 또한 SP마다 로그아웃 처리나 세션 정책이 달라 운영 혼선이 생기지 않도록 표준화가 필요합니다.	에스피									security	authentication	sso	
Q724	연합 인증(Federated Identity)		Backend - 인증/인가	18	INITIALS	MEDIUM	여러 조직/서비스가 신원을 공유하고 신뢰 체계를 통해 로그인할 수 있게 하는 인증 방식을 무엇이라고 하는가?	연합 인증(Federated Identity)은 외부 IdP의 인증을 신뢰해 로그인하는 방식입니다. 사용자는 하나의 계정으로 여러 서비스에 접근할 수 있어 UX가 좋아집니다. 면접에서는 연합 인증의 장단점과 위험(단일 실패 지점)을 물을 수 있습니다. 실무에서는 토큰 검증 규칙, 계정 매핑, 권한 동기화 정책이 핵심입니다. 연합을 붙이면 편해지지만, 침해/장애 시 영향 범위가 커지므로 운영 체계를 같이 갖춰야 합니다.	연합 인증									security	authentication	federation	
Q725	스텝-업 인증(Step-up Authentication)		Security - 인증/인가	52	INITIALS	MEDIUM	평소에는 약한 인증으로 접근을 허용하다가 민감 작업 시 추가 인증을 요구하는 전략을 무엇이라고 하는가?	스텝-업 인증(Step-up Authentication)은 리스크에 따라 인증 강도를 올리는 전략입니다. 조회는 허용하되 결제/계정 변경 같은 민감 작업에서 MFA를 추가로 요구하는 형태가 많습니다. 면접에서는 “언제 스텝업이 필요한가”를 시나리오로 물을 수 있습니다. 실무에서는 사용자 경험을 크게 해치지 않으면서도 위험을 줄일 수 있는 장점이 있습니다. 다만 스텝업 트리거 조건과 세션 재인증 범위를 명확히 설계해야 우회가 생기지 않습니다.	스텝-업 인증									security	authentication	mfa	
Q726	위험 기반 인증(Risk-based Authentication)		Security - 인증/인가	52	INITIALS	MEDIUM	로그인 시도 위치, 기기, 행동 패턴 등을 기반으로 추가 인증이나 차단을 결정하는 인증 방식을 무엇이라고 하는가?	위험 기반 인증(Risk-based Authentication)은 로그인/행동의 위험도를 평가해 대응을 달리하는 방식입니다. 동일한 비밀번호라도 위험 신호가 크면 MFA를 요구하거나 차단할 수 있습니다. 면접에서는 위험 신호 예시(새 기기, 비정상 IP, 짧은 시간 다수 시도)를 설명하라고 할 수 있습니다. 실무에서는 탐지 오탐/미탐을 줄이기 위한 튜닝과 사용자 알림 정책이 중요합니다. 단순 정책보다 유연하지만, 운영 데이터와 관측 체계가 있어야 제대로 동작합니다.	위험 기반 인증									security	authentication	risk	
Q727	계정 열거(Account Enumeration)		Security - 취약점	53	INITIALS	MEDIUM	로그인/회원가입/비밀번호 재설정 응답 차이로 존재하는 계정을 추측할 수 있는 문제를 무엇이라고 하는가?	계정 열거(Account Enumeration)은 “이 이메일은 존재합니다” 같은 힌트로 계정 존재 여부가 노출되는 문제입니다. 공격자는 이를 이용해 타겟 계정을 모은 뒤 크리덴셜 스터핑을 시도할 수 있습니다. 면접에서는 에러 메시지를 어떻게 설계해야 하는지 질문이 자주 나옵니다. 실무에서는 동일한 응답 메시지/상태 코드로 통일하고, 내부적으로만 상세 로그를 남기는 방식이 흔합니다. 사용자 경험과 보안 사이 균형을 잡되, 공격 표면을 줄이는 방향이 안전합니다.	계정 열거									security	authentication	account	
Q728	크리덴셜 스터핑(Credential Stuffing)		Security - 취약점	53	INITIALS	MEDIUM	유출된 아이디/비밀번호 조합을 대량으로 시도해 계정을 탈취하는 공격을 무엇이라고 하는가?	크리덴셜 스터핑(Credential Stuffing)은 다른 서비스에서 유출된 자격 증명을 재사용해 대량 로그인 시도하는 공격입니다. 사용자가 비밀번호를 재사용할수록 피해가 커집니다. 면접에서는 방어책(레이트 리밋, MFA, 위험 기반 인증)을 묶어서 설명하라고 할 수 있습니다. 실무에서는 IP 단위 제한만으로는 분산 공격을 막기 어려워 계정 단위 탐지와 봇 방어가 중요합니다. 성공 로그인을 기준으로 이상 탐지와 사용자 알림까지 연결하는 것이 효과적입니다.	크리덴셜 스터핑									security	authentication	attack	
Q729	패스워드 스프레이(Password Spraying)		Security - 취약점	53	INITIALS	MEDIUM	많은 계정에 대해 흔한 비밀번호를 소량씩 시도해 잠금 정책을 우회하는 공격을 무엇이라고 하는가?	패스워드 스프레이(Password Spraying)는 계정별 시도 횟수를 낮게 유지해 계정 잠금을 피하는 공격입니다. 흔한 비밀번호 하나를 여러 계정에 시도하는 형태가 많습니다. 면접에서는 브루트포스와 차이를 구분하는 질문이 나올 수 있습니다. 실무에서는 계정 단위뿐 아니라 전체 시스템 수준에서 “비슷한 비밀번호 패턴” 시도를 탐지하는 것이 중요합니다. MFA와 위험 기반 인증이 방어에 크게 도움이 됩니다.	패스워드 스프레이									security	authentication	attack	
Q730	인증 우회(Authentication Bypass)		Security - 취약점	53	INITIALS	MEDIUM	인증 검증 로직의 결함으로 로그인 없이 보호 리소스에 접근 가능한 상황을 무엇이라고 하는가?	인증 우회(Authentication Bypass)는 인증이 필요한 리소스에 인증 없이 접근 가능한 심각한 취약점입니다. 필터/미들웨어 누락, 경로 매칭 실수, 프록시 설정 오류 등 다양한 원인으로 발생합니다. 면접에서는 “어떻게 예방할 것인가”를 구조적으로 설명하라고 할 수 있습니다. 실무에서는 기본 차단(deny-by-default) 정책, 보안 테스트, 엔드포인트 목록 자동 검증이 도움이 됩니다. 인증 우회는 발견 즉시 긴급 대응이 필요한 1급 사고로 취급해야 합니다.	인증 우회									security	authentication	vuln	
Q731	권한 상승 방지(Privilege Boundary)		Security - 인증/인가	52	INITIALS	MEDIUM	사용자 권한 경계를 명확히 하고 경계 밖 행동을 막기 위한 설계 개념을 무엇이라고 하는가?	권한 상승 방지(Privilege Boundary)는 권한 경계를 명확히 정의하고 이를 넘지 못하게 하는 설계 관점입니다. 단순 역할 체크만으로는 객체 단위 경계를 놓치기 쉽습니다. 면접에서는 “어디에서 경계를 enforce할 것인가”를 질문할 수 있습니다. 실무에서는 컨트롤러/서비스/도메인 모두에서 책임을 분리해 다층으로 강제하는 것이 안전합니다. 경계가 모호하면 권한 모델이 깨지고, 결국 데이터 유출로 이어질 수 있습니다.	권한 상승 방지									security	authentication	authorization	
Q732	세션 무효화(Session Invalidation)		Backend - 인증/인가	18	INITIALS	MEDIUM	서버 측에서 특정 사용자의 세션을 강제로 폐기해 더 이상 사용하지 못하게 하는 처리를 무엇이라고 하는가?	세션 무효화(Session Invalidation)는 서버가 세션을 강제로 폐기하는 처리입니다. 비밀번호 변경, 계정 정지, 토큰 재사용 탐지 같은 이벤트에서 필요합니다. 면접에서는 “모든 기기 로그아웃”을 어떻게 구현할지 질문이 나올 수 있습니다. 실무에서는 세션 저장소(예: Redis)와 연동해 사용자 기준으로 세션 목록을 관리하는 전략이 쓰입니다. 무효화가 불가능하면 침해가 의심되는 상황에서 대응이 늦어질 수 있습니다.	세션 무효화									security	authentication	session	
Q733	토큰 블랙리스트(Token Blacklist)		Backend - 인증/인가	18	INITIALS	MEDIUM	로그아웃 등으로 폐기된 토큰을 저장해 재사용을 거부하도록 하는 목록 기반 전략을 무엇이라고 하는가?	토큰 블랙리스트(Token Blacklist)는 무효화된 토큰을 목록에 올려 재사용을 막는 전략입니다. JWT처럼 상태 없는 토큰에서 “즉시 무효화”를 구현할 때 선택지 중 하나입니다. 면접에서는 블랙리스트의 단점(저장소 필요, 만료까지 유지, 성능)을 물을 수 있습니다. 실무에서는 토큰 만료 시간과 맞춰 TTL로 관리해 저장소 부담을 줄입니다. 요청마다 조회 비용이 생기므로 캐시 전략과 임계 구간 성능을 함께 고려해야 합니다.	토큰 블랙리스트									security	authentication	token	
Q734	토큰 화이트리스트(Token Allowlist)		Backend - 인증/인가	18	INITIALS	MEDIUM	서버가 “현재 유효한 토큰만” 저장하고 목록에 없는 토큰은 거부하는 전략을 무엇이라고 하는가?	토큰 화이트리스트(Token Allowlist)는 유효 토큰만 저장해 그 외는 거부하는 전략입니다. 세션과 유사하게 상태를 서버가 들고 가는 방식이라 즉시 회수에 강합니다. 면접에서는 블랙리스트 대비 장단점을 설명하라는 질문이 나올 수 있습니다. 실무에서는 저장소 부담이 커질 수 있어 액세스 토큰 대신 리프레시 토큰만 상태 관리하는 설계가 흔합니다. 화이트리스트는 강력하지만 운영 비용이 있으니 트레이드오프를 이해해야 합니다.	토큰 화이트리스트									security	authentication	token	
Q735	세션 저장소(Session Store)		Backend - 웹 서버 기초	17	INITIALS	MEDIUM	여러 서버가 세션 상태를 공유하기 위해 외부 저장소에 세션을 보관하는 구성 요소를 무엇이라고 하는가?	세션 저장소(Session Store)는 세션 기반 인증을 스케일 아웃 환경에서 유지하기 위한 핵심 구성 요소입니다. 보통 Redis 같은 인메모리 저장소를 사용합니다. 면접에서는 스티키 세션과 비교해 장단점을 설명하는 문제가 자주 나옵니다. 실무에서는 저장소 장애 시 인증이 전체 장애로 번질 수 있어 HA 구성과 모니터링이 중요합니다. 또한 세션 데이터 자체가 민감할 수 있어 암호화/접근 통제를 함께 고려해야 합니다.	세션 저장소									security	authentication	session	
Q736	권한 부여(Authorization Grant)		Backend - 인증/인가	18	INITIALS	MEDIUM	OAuth에서 토큰 발급을 위한 “권한 부여” 형태를 통칭하는 개념을 무엇이라고 하는가?	권한 부여(Authorization Grant)는 OAuth에서 토큰을 발급받기 위한 권한 획득 방식의 총칭입니다. 인증 코드, 클라이언트 자격 증명 같은 플로우들이 여기에 포함됩니다. 면접에서는 각 그랜트 타입이 어떤 상황에 쓰이는지 구분하는 질문이 나올 수 있습니다. 실무에서는 deprecated 된 플로우를 피하고, PKCE 같은 보안 확장을 함께 적용하는 것이 중요합니다. 용어를 정확히 잡아두면 OAuth 문서/설계 논의가 훨씬 쉬워집니다.	권한 부여									security	authentication	oauth	
Q737	동의 화면(Consent Screen)		Backend - 인증/인가	18	INITIALS	MEDIUM	OAuth에서 사용자가 어떤 범위(scope)의 권한을 앱에 허용할지 승인하는 UI 단계를 무엇이라고 하는가?	동의 화면(Consent Screen)은 사용자가 앱에 부여할 권한 범위를 승인하는 단계입니다. 최소 권한 원칙을 사용자에게 투명하게 보여주는 역할도 합니다. 면접에서는 동의가 왜 필요한지와 스코프 설계가 사용자 신뢰에 미치는 영향을 질문할 수 있습니다. 실무에서는 스코프가 과하게 넓으면 사용자가 불신해 이탈할 수 있고, 보안 위험도 커집니다. 또한 동의 이력을 저장하고 철회 기능을 제공하면 계정 보안과 신뢰에 도움이 됩니다.	동의 화면									security	authentication	oauth	
Q738	토큰 바인딩(Token Binding)		Security - 인증/인가	52	INITIALS	MEDIUM	토큰을 특정 클라이언트(디바이스/세션)와 묶어 탈취되어도 다른 환경에서 쓰기 어렵게 만드는 개념을 무엇이라고 하는가?	토큰 바인딩(Token Binding)은 토큰을 특정 클라이언트 특성에 결합해 재사용을 어렵게 만드는 개념입니다. 토큰 탈취가 발생해도 다른 환경에서 사용되지 않도록 방어할 수 있습니다. 면접에서는 디바이스 바인딩, mTLS, DPoP 같은 연관 개념을 연결해 묻기도 합니다. 실무에서는 구현 난이도와 호환성 문제가 있어 모든 서비스에 바로 적용되긴 어렵습니다. 하지만 고위험 시스템에서는 “토큰만 있으면 끝” 구조를 깨는 강한 방어선이 됩니다.	토큰 바인딩									security	authentication	token	
Q739	디팝(DPoP)		Security - 인증/인가	52	INITIALS	MEDIUM	OAuth에서 토큰을 소유 증명 방식으로 보호해 탈취 토큰 재사용을 줄이는 메커니즘을 무엇이라고 하는가?	디팝(DPoP)은 Demonstration of Proof-of-Possession의 약자로, 토큰 소유를 증명해 재사용을 어렵게 만드는 방식입니다. 단순 베어러 토큰보다 탈취에 강한 구조를 만들 수 있습니다. 면접에서는 베어러 토큰의 한계와 PoP 토큰 개념을 설명하라고 할 수 있습니다. 실무에서는 클라이언트 키 관리와 요청 서명 처리 등 구현 복잡도가 증가합니다. 그러나 고위험 API에서는 토큰 탈취 대응을 강화하는 유효한 선택지입니다.	디팝									security	authentication	oauth	
Q740	공개키 핀닝(Public Key Pinning)		Network - 보안 및 HTTPS	32	INITIALS	MEDIUM	클라이언트가 특정 공개키(또는 인증서 키)를 신뢰하도록 고정해 위조 인증서로 인한 위험을 줄이는 기법을 무엇이라고 하는가?	공개키 핀닝(Public Key Pinning)은 특정 공개키를 신뢰 대상으로 고정하는 방식입니다. 중간자 공격에서 위조 인증서를 이용하는 시도를 줄이는 데 도움이 됩니다. 면접에서는 핀닝이 왜 위험할 수 있는지(키 변경 시 장애)도 함께 묻는 경우가 많습니다. 실무에서는 핀ning은 운영 리스크가 크므로 신중히 도입해야 하며, 대체 키와 롤백 전략이 필수입니다. 모바일 앱 등 통제 가능한 클라이언트에서 제한적으로 사용되는 경우가 많습니다.	공개키 핀닝									security	authentication	https	
Q741	에이치에스티에스(HSTS)		Network - 보안 및 HTTPS	32	INITIALS	MEDIUM	브라우저가 해당 도메인에 대해 항상 HTTPS로만 접속하도록 강제하는 보안 정책을 무엇이라고 하는가?	에이치에스티에스(HSTS)는 HTTP 접속을 HTTPS로 강제하는 브라우저 보안 정책입니다. SSL 스트리핑 같은 공격을 줄이는 데 효과적입니다. 면접에서는 HSTS가 적용되면 어떤 변화가 생기는지 질문이 나올 수 있습니다. 실무에서는 max-age, includeSubDomains, preload 여부를 신중히 설정해야 합니다. 잘못 설정하면 되돌리기 어렵거나 서브도메인 서비스까지 영향이 커질 수 있습니다.	에이치에스티에스									security	authentication	hsts	
Q742	콘텐츠 보안 정책(CSP)		Network - 보안 및 HTTPS	32	INITIALS	MEDIUM	스크립트/리소스 로딩 정책을 제한해 XSS 피해를 줄이기 위한 브라우저 보안 정책을 무엇이라고 하는가?	콘텐츠 보안 정책(CSP)은 웹 페이지가 로드할 수 있는 스크립트와 리소스를 제한하는 정책입니다. XSS가 발생해도 외부 스크립트 실행이나 인라인 실행을 막아 피해를 줄일 수 있습니다. 면접에서는 CSP가 “완벽한 방어”가 아니라는 점과 운영 난이도를 질문할 수 있습니다. 실무에서는 report-only로 점진 도입하고, 차단 규칙을 서비스별로 튜닝하는 방식이 안전합니다. 인증 쿠키가 HttpOnly여도 XSS가 있으면 요청 위조 등이 가능하므로 CSP는 중요한 보조 방어선입니다.	콘텐츠 보안 정책									security	authentication	xss	
Q743	키드 혼동 공격(kid Confusion)		Security - 취약점	53	INITIALS	MEDIUM	JWT 헤더의 kid 값을 악용해 잘못된 키 선택이나 임의 키 로딩을 유도하는 공격을 무엇이라고 하는가?	키드 혼동 공격(kid Confusion)은 kid 값을 악용해 검증 키 선택을 흔드는 취약점 유형입니다. 검증 코드가 kid를 그대로 파일 경로나 URL로 사용하면 심각한 문제가 될 수 있습니다. 면접에서는 “kid를 어떻게 안전하게 처리할 것인가”를 물을 수 있습니다. 실무에서는 kid는 단순 식별자일 뿐이며, 신뢰 가능한 키 목록에서만 매칭해 선택해야 합니다. 동적 로딩을 허용할 경우 입력 검증과 접근 통제가 필수입니다.	키드 혼동 공격									security	authentication	jwt	
Q744	알고리즘 혼동(Algorithm Confusion)		Security - 취약점	53	INITIALS	MEDIUM	JWT에서 서명 알고리즘 설정 실수로 검증을 우회하거나 약한 알고리즘을 강제하는 공격을 무엇이라고 하는가?	알고리즘 혼동(Algorithm Confusion)은 JWT 검증 시 알고리즘 처리 실수로 보안이 깨지는 문제입니다. 과거에는 none 알고리즘 허용이나 HS/RS 혼동으로 우회 사례가 알려졌습니다. 면접에서는 “서버에서 알고리즘을 강제해야 하는 이유”를 묻기도 합니다. 실무에서는 토큰이 주장하는 알고리즘을 그대로 신뢰하지 말고 서버 정책으로 허용 목록을 고정해야 합니다. 또한 라이브러리 업데이트와 보안 설정 점검이 필수입니다.	알고리즘 혼동									security	authentication	jwt	
Q745	클록 스큐(Clock Skew)		Backend - 인증/인가	18	INITIALS	MEDIUM	서버/클라이언트 시간 차이로 토큰 만료 검증이 오동작할 수 있는 문제를 무엇이라고 하는가?	클록 스큐(Clock Skew)는 시스템 간 시간 차이로 만료 시간 검증이 흔들리는 문제입니다. exp, nbf 같은 시간 기반 클레임 검증에서 자주 고려됩니다. 면접에서는 왜 약간의 허용 오차를 두는지 질문이 나올 수 있습니다. 실무에서는 NTP로 시간 동기화를 유지하고, 검증 시 소량의 leeway를 설정합니다. 허용 오차를 과하게 키우면 보안이 약해질 수 있으므로 최소한으로 조정하는 것이 좋습니다.	클록 스큐									security	authentication	jwt	
Q746	엔비에프(nbf)		Backend - 인증/인가	18	INITIALS	MEDIUM	토큰이 특정 시각 이전에는 사용되면 안 된다는 것을 나타내는 JWT 표준 클레임을 무엇이라고 하는가?	엔비에프(nbf)는 Not Before의 약자로 토큰 사용 시작 시점을 의미합니다. exp와 함께 토큰 유효 기간을 제어하는 중요한 클레임입니다. 면접에서는 nbf를 검증하지 않으면 어떤 문제가 생기는지 물을 수 있습니다. 실무에서는 클록 스큐를 고려한 검증이 필요하고, 배포/롤링 업데이트 시점 제어에도 활용될 수 있습니다. 다만 복잡도가 올라가므로 꼭 필요한 경우에만 명확한 정책으로 운영하는 것이 좋습니다.	엔비에프									security	authentication	jwt	
Q747	인증 컨텍스트(Principal Context)		Backend - 인증/인가	18	INITIALS	MEDIUM	요청 처리 중 현재 사용자(주체)의 식별자와 권한 정보가 저장되는 실행 컨텍스트를 무엇이라고 하는가?	인증 컨텍스트(Principal Context)는 현재 요청의 사용자 정보를 보관하는 컨텍스트입니다. 프레임워크에서는 SecurityContext 같은 형태로 제공되곤 합니다. 면접에서는 컨텍스트가 스레드 로컬인지, 비동기에서 어떻게 전파되는지 질문이 나올 수 있습니다. 실무에서는 비동기 처리에서 컨텍스트 누락으로 권한 검증이 깨질 수 있어 주의해야 합니다. 또한 로그에 주체 정보를 남길 때 민감 정보가 포함되지 않도록 마스킹이 필요합니다.	인증 컨텍스트									security	authentication	context	
Q748	권한 전파(Context Propagation)		Backend - 비동기 처리	19	INITIALS	MEDIUM	비동기/멀티스레드 환경에서 인증/권한 컨텍스트를 다음 실행 흐름으로 전달하는 문제 영역을 무엇이라고 하는가?	권한 전파(Context Propagation)는 비동기 환경에서 인증 정보를 올바르게 전달하는 문제입니다. 스레드 로컬 기반 컨텍스트는 기본적으로 다른 스레드로 넘어가지 않습니다. 면접에서는 비동기 작업에서 사용자 정보가 사라지는 이유를 설명하라고 할 수 있습니다. 실무에서는 명시적 전달, 래핑된 실행자, 메시지에 주체 정보를 포함하는 방식 등으로 해결합니다. 잘못 전파하면 권한 체크 누락이나 잘못된 사용자로 작업되는 심각한 버그가 생길 수 있습니다.	권한 전파									security	authentication	async	
Q749	액세스 제어 목록(ACL)		Security - 인증/인가	52	INITIALS	MEDIUM	리소스별로 어떤 주체가 어떤 권한을 갖는지 목록 형태로 관리하는 접근 제어 모델을 무엇이라고 하는가?	액세스 제어 목록(ACL)은 리소스마다 접근 권한을 명시적으로 저장하는 방식입니다. 파일 시스템 권한이나 문서 공유 권한에서 자주 보입니다. 면접에서는 RBAC과 비교해 장단점을 설명하는 질문이 나올 수 있습니다. 실무에서는 리소스가 많아질수록 권한 관리가 복잡해질 수 있어 설계가 중요합니다. 인가 로직이 흩어지지 않도록 데이터 모델과 조회 최적화까지 같이 고려해야 합니다.	액세스 제어 목록									security	authentication	authorization	
Q750	속성 기반 접근 제어(ABAC)		Security - 인증/인가	52	INITIALS	MEDIUM	사용자/리소스/환경 속성을 조건으로 접근을 허용하는 접근 제어 모델을 무엇이라고 하는가?	속성 기반 접근 제어(ABAC)는 역할이 아니라 속성 조건으로 접근을 제어합니다. 부서, 지역, 소유자, 시간대 같은 속성을 조합할 수 있어 유연합니다. 면접에서는 RBAC의 역할 폭발 문제를 ABAC로 어떻게 완화하는지 질문이 나올 수 있습니다. 실무에서는 정책이 복잡해질수록 디버깅과 감사가 어려워져 정책 관리 도구가 필요합니다. 또한 성능 영향을 줄이기 위해 정책 평가 위치와 캐시 전략을 함께 설계해야 합니다.	속성 기반 접근 제어									security	authentication	authorization	
Q751	권한 범위(Scopes)		Backend - 인증/인가	18	INITIALS	MEDIUM	OAuth에서 토큰이 허용하는 권한 범위를 문자열 집합으로 표현하는 개념을 무엇이라고 하는가?	권한 범위(Scopes)는 토큰이 할 수 있는 행동 범위를 제한하는 단위입니다. 최소 권한 원칙을 토큰 수준에서 구현할 수 있습니다. 면접에서는 스코프를 과하게 주면 어떤 리스크가 생기는지 묻기도 합니다. 실무에서는 읽기/쓰기 분리, 리소스별 분리 등으로 스코프를 설계하고 동의 화면과 연결합니다. 스코프 검증이 빠지면 토큰이 가진 권한 모델이 무의미해질 수 있습니다.	권한 범위									security	authentication	oauth	
Q752	토큰 수명 설계(Token Lifetime)		Backend - 인증/인가	18	INITIALS	MEDIUM	액세스 토큰/리프레시 토큰의 만료 시간을 다르게 설정해 위험과 UX를 조절하는 설계를 무엇이라고 하는가?	토큰 수명 설계(Token Lifetime)는 보안과 사용자 경험을 조절하는 핵심 설계 요소입니다. 액세스 토큰은 짧게, 리프레시 토큰은 더 엄격한 보호와 회전을 적용하는 패턴이 흔합니다. 면접에서는 “왜 액세스 토큰을 짧게 하냐”를 근거로 물을 수 있습니다. 실무에서는 모바일/웹 환경, 위험 수준, 장애 시 재발급 전략까지 고려해 만료 시간을 잡습니다. 만료 설계가 잘못되면 사용자는 자주 로그아웃되고, 보안은 오히려 약해질 수 있습니다.	토큰 수명 설계									security	authentication	token	
Q753	세션 고정 방지(Session Fixation Mitigation)		Backend - 인증/인가	18	INITIALS	MEDIUM	로그인 성공 시 세션 ID를 새로 발급하고 기존 ID를 무효화하는 방어를 무엇이라고 하는가?	세션 고정 방지(Session Fixation Mitigation)는 세션 고정 공격을 막기 위한 방어입니다. 로그인이나 권한 상승 시점에 세션을 재발급하는 것이 핵심입니다. 면접에서는 왜 “로그인 후 세션 재발급”이 필요한지 논리적으로 묻기도 합니다. 실무에서는 프레임워크 설정으로 자동 재발급을 보장하고, 커스텀 인증 흐름에서도 동일하게 적용해야 합니다. 이 방어가 빠지면 공격자가 미리 만든 세션으로 사용자를 유도해 계정을 탈취할 수 있습니다.	세션 고정 방지									security	authentication	session	
Q754	리다이렉트 유알아이 검증(Redirect URI Validation)		Backend - 인증/인가	18	INITIALS	MEDIUM	OAuth/OIDC에서 허용된 redirect URI만 사용하도록 등록/검증하는 절차를 무엇이라고 하는가?	리다이렉트 유알아이 검증(Redirect URI Validation)은 OAuth 보안의 핵심입니다. 등록되지 않은 URI로 리다이렉트가 가능하면 코드/토큰 탈취로 이어질 수 있습니다. 면접에서는 “정확 일치”가 왜 중요한지와 와일드카드의 위험을 질문할 수 있습니다. 실무에서는 scheme, host, path까지 엄격히 매칭하고, 쿼리 파라미터 처리 규칙도 명확히 합니다. 오픈 리다이렉트와 결합되면 피싱과 탈취가 동시에 발생할 수 있어 특히 주의해야 합니다.	리다이렉트 유알아이 검증									security	authentication	oauth	
Q755	서명 검증 정책(Signature Verification Policy)		Backend - 인증/인가	18	INITIALS	MEDIUM	JWT 검증 시 허용 알고리즘, 키 선택, 발급자/대상 검증을 서버 정책으로 고정하는 것을 무엇이라고 하는가?	서명 검증 정책(Signature Verification Policy)은 토큰 검증을 “서버가 정한 규칙”으로 고정하는 것을 의미합니다. 토큰이 주장하는 값(alg, kid)을 그대로 따르지 않고 허용 목록 기반으로 제한합니다. 면접에서는 어떤 검증 항목을 필수로 넣어야 하는지 물을 수 있습니다. 실무에서는 iss/aud/exp/nbf 검증과 함께 알고리즘 허용 목록을 고정하는 것이 기본입니다. 검증 정책이 느슨하면 작은 설정 실수 하나로 인증이 무너질 수 있습니다.	서명 검증 정책									security	authentication	jwt	
Q756	리플레이 공격(Replay Attack)		Security - 네트워크 보안	54	INITIALS	MEDIUM	한 번 유효했던 요청이나 토큰을 재전송해 다시 처리되도록 만드는 공격을 무엇이라고 하는가?	리플레이 공격(Replay Attack)은 과거의 유효 요청/토큰을 재사용해 부정 행위를 시도하는 공격입니다. nonce, timestamp, 1회성 토큰 같은 장치로 방어할 수 있습니다. 면접에서는 서명만으로 리플레이가 완전히 막히는지 질문이 나올 수 있습니다. 실무에서는 결제/민감 작업에 대해 idempotency 키나 1회성 토큰을 적용하는 방식이 효과적입니다. 리플레이를 막으려면 “상태”를 어느 정도 관리해야 하는 경우가 많습니다.	리플레이 공격									security	authentication	replay	
Q757	아이들 타임아웃(Idle Timeout)		Backend - 인증/인가	18	INITIALS	MEDIUM	사용자가 일정 시간 활동하지 않으면 세션/토큰을 만료시키는 정책을 무엇이라고 하는가?	아이들 타임아웃(Idle Timeout)은 비활동 시간 기준으로 인증 상태를 종료하는 정책입니다. 탈취된 세션이 오래 유지되는 위험을 줄일 수 있습니다. 면접에서는 절대 만료(absolute)와 아이들 만료의 차이를 물을 수 있습니다. 실무에서는 UX를 해치지 않도록 민감도에 따라 시간 값을 다르게 설정하고, 활동 갱신 기준을 명확히 해야 합니다. 또한 백그라운드 요청이 계속 활동으로 인식되는지 여부도 정책으로 정해야 혼선이 줄어듭니다.	아이들 타임아웃									security	authentication	session	
Q758	절대 만료(Absolute Expiration)		Backend - 인증/인가	18	INITIALS	MEDIUM	사용자가 계속 활동하더라도 특정 시각이 지나면 무조건 세션/토큰을 만료시키는 정책을 무엇이라고 하는가?	절대 만료(Absolute Expiration)는 활동 여부와 무관하게 정해진 시간에 인증 상태를 끝내는 정책입니다. 장기 세션 유지로 인한 위험을 제한하는 데 유용합니다. 면접에서는 아이들 타임아웃과 함께 조합 설계를 묻는 경우가 있습니다. 실무에서는 장기 로그인 유지가 필요한 서비스에서 리프레시 토큰 체인, 재인증 주기와 함께 설계합니다. 정책이 없으면 유출된 인증 수단이 장기간 악용될 수 있어 보안에 불리합니다.	절대 만료									security	authentication	token	
Q759	보안 감사 로그(Security Audit Log)		Security - 인증/인가	52	INITIALS	MEDIUM	로그인/권한 변경/토큰 발급 같은 보안 이벤트를 추적 가능하게 남기는 로그 체계를 무엇이라고 하는가?	보안 감사 로그(Security Audit Log)는 보안 이벤트를 추적하기 위한 기록 체계입니다. 인증/인가 문제는 사후 분석이 매우 중요하기 때문에 감사 로그가 핵심 자료가 됩니다. 면접에서는 어떤 이벤트를 남겨야 하는지와 개인정보 마스킹을 함께 질문할 수 있습니다. 실무에서는 로그인 성공/실패, 권한 변경, MFA 등록/해제, 토큰 재사용 탐지 같은 이벤트를 남깁니다. 로그 자체가 민감할 수 있어 접근 통제와 보존 정책까지 포함해 운영해야 합니다.	보안 감사 로그									security	authentication	audit	
Q760	비밀 관리(Secret Management)		Security - 암호화	55	INITIALS	MEDIUM	API 키, DB 비밀번호, 서명 키 같은 민감 값을 안전하게 저장·배포·회전하는 운영 영역을 무엇이라고 하는가?	비밀 관리(Secret Management)는 서비스 운영에서 가장 중요한 보안 기본기 중 하나입니다. 시크릿을 코드에 하드코딩하거나 깃에 커밋하면 유출 시 피해가 치명적입니다. 면접에서는 시크릿 매니저 사용, 접근 권한 최소화, 회전 전략을 묻는 경우가 많습니다. 실무에서는 환경별 분리, 감사 로그, 자동 회전과 배포 파이프라인 연동이 핵심입니다. 시크릿 관리가 무너지면 인증 체계 자체가 무력화될 수 있습니다.	비밀 관리									security	authentication	secret	
Q761	시크릿 스캐닝(Secret Scanning)		Security - 취약점	53	INITIALS	MEDIUM	소스 코드/저장소에서 API 키 같은 민감 정보 노출을 자동 탐지하는 보안 활동을 무엇이라고 하는가?	시크릿 스캐닝(Secret Scanning)은 코드나 커밋 기록에 포함된 시크릿을 탐지하는 활동입니다. 유출은 “발생 후 회수”가 매우 어려워서 사전 탐지가 중요합니다. 면접에서는 CI에서 어떻게 막는지(프리커밋/파이프라인 검사)를 질문할 수 있습니다. 실무에서는 탐지 후 즉시 회전과 무효화를 자동화해 피해 확산을 줄입니다. 스캐닝이 있어도 휴먼 실수는 발생하므로 정책과 교육도 함께 필요합니다.	시크릿 스캐닝									security	authentication	secret	
Q762	자격 증명 순환(Credential Rotation)		Security - 암호화	55	INITIALS	MEDIUM	API 키, 비밀번호, 서명 키 등의 자격 증명을 주기적으로 교체하는 운영을 무엇이라고 하는가?	자격 증명 순환(Credential Rotation)은 유출 가능성을 전제로 피해를 제한하는 운영입니다. 장기간 동일 키를 쓰면 유출 시 피해 범위가 커집니다. 면접에서는 무중단 회전 방법(이중 키, 전환 기간)을 물을 수 있습니다. 실무에서는 구키/신키 동시 허용 기간을 두고 점진 전환 후 구키를 폐기합니다. 회전은 자동화와 모니터링이 없으면 장애로 이어질 수 있어 운영 체계가 중요합니다.	자격 증명 순환									security	authentication	rotation	
Q763	키 래핑(Key Wrapping)		Security - 암호화	55	INITIALS	MEDIUM	데이터 암호화 키(DEK)를 키 암호화 키(KEK)로 다시 암호화해 안전하게 보관하는 기법을 무엇이라고 하는가?	키 래핑(Key Wrapping)은 키를 또 다른 키로 보호하는 암호 운영 패턴입니다. KMS 같은 시스템에서 DEK/KEK 모델로 자주 사용됩니다. 면접에서는 “키를 어디에 저장하느냐”와 함께 키 래핑 개념을 연결할 수 있습니다. 실무에서는 애플리케이션이 평문 키를 오래 들고 있지 않도록 설계하는 것이 중요합니다. 키 래핑을 이해하면 토큰 서명 키, DB 암호화 키 관리까지 더 안전하게 설계할 수 있습니다.	키 래핑									security	authentication	crypto	
Q764	키 관리 서비스(KMS)		Security - 암호화	55	INITIALS	MEDIUM	암호화/서명 키를 안전하게 생성·보관·회전하고 접근을 통제하는 관리형 서비스를 무엇이라고 하는가?	키 관리 서비스(KMS)는 키를 안전하게 운영하기 위한 관리형 서비스/시스템입니다. 애플리케이션이 키를 직접 파일로 관리하는 것보다 보안 수준을 높일 수 있습니다. 면접에서는 KMS의 장점(접근 통제, 감사, 회전)을 질문할 수 있습니다. 실무에서는 권한 최소화와 키 사용 로그가 중요한 운영 포인트입니다. KMS가 있어도 잘못된 IAM 설정이면 유출 위험이 커질 수 있어 정책 설계가 핵심입니다.	키 관리 서비스									security	authentication	kms	
Q765	제로 트러스트(Zero Trust)		Security - 네트워크 보안	54	INITIALS	MEDIUM	내부망이라도 기본 신뢰하지 않고 매 요청마다 검증하는 보안 모델을 무엇이라고 하는가?	제로 트러스트(Zero Trust)는 네트워크 위치를 신뢰하지 않고 지속 검증하는 보안 모델입니다. 내부 호출에도 인증/인가를 적용하는 방향으로 시스템이 진화했습니다. 면접에서는 “내부망이면 안전하지 않나”라는 고정관념을 깨는 설명을 요구할 수 있습니다. 실무에서는 서비스 간 mTLS, 토큰 기반 인증, 정책 기반 인가가 함께 적용됩니다. 운영 난이도는 올라가지만 침해 확산을 줄이는 효과가 큽니다.	제로 트러스트									security	authentication	zero_trust	
Q766	서비스 간 인증(Service-to-Service Authentication)		Security - 인증/인가	52	INITIALS	MEDIUM	마이크로서비스 환경에서 서비스끼리 서로를 인증하는 메커니즘을 무엇이라고 하는가?	서비스 간 인증(Service-to-Service Authentication)은 내부 API 호출에서도 신원을 확인하는 체계입니다. 인증이 없으면 내부망 침해 시 수평 이동이 쉬워집니다. 면접에서는 mTLS, JWT, API 키의 차이를 비교해 질문할 수 있습니다. 실무에서는 짧은 수명의 토큰과 키 관리, 서비스 아이덴티티 설계가 중요합니다. 또한 호출 주체를 추적할 수 있도록 감사 로그와 트레이싱을 함께 운영하는 것이 좋습니다.	서비스 간 인증									security	authentication	m2m	
Q767	서비스 아이덴티티(Service Identity)		Security - 인증/인가	52	INITIALS	MEDIUM	사용자 계정이 아니라 “서비스 자체”를 식별하기 위한 주체 개념을 무엇이라고 하는가?	서비스 아이덴티티(Service Identity)는 서비스가 다른 서비스에게 자신을 증명할 때 쓰는 신원 개념입니다. 사용자 인증과 분리해 생각해야 혼동이 줄어듭니다. 면접에서는 서비스 계정, 워크로드 아이덴티티 같은 확장 개념을 물을 수 있습니다. 실무에서는 아이덴티티가 곧 권한이 되므로 최소 권한과 회전 가능한 자격 증명이 중요합니다. 서비스 아이덴티티가 섞이면 권한이 과대해져 침해 시 피해가 커질 수 있습니다.	서비스 아이덴티티									security	authentication	identity	
Q768	권한 위임(Delegation)		Backend - 인증/인가	18	INITIALS	MEDIUM	사용자가 자신의 권한 일부를 제3자 애플리케이션에 위임해 접근을 허용하는 개념을 무엇이라고 하는가?	권한 위임(Delegation)은 사용자의 비밀번호를 공유하지 않고도 제3자 앱이 제한된 권한으로 접근하게 하는 개념입니다. OAuth가 대표적인 권한 위임 프로토콜입니다. 면접에서는 “인증과 위임은 다르다”는 점을 구분하는 질문이 나올 수 있습니다. 실무에서는 위임 범위를 스코프로 최소화하고, 철회 기능과 감사 로그를 제공하는 것이 중요합니다. 위임 설계가 허술하면 과도한 권한 제공으로 정보 유출이 발생할 수 있습니다.	권한 위임									security	authentication	oauth	
Q769	오디언스(aud)		Backend - 인증/인가	18	INITIALS	MEDIUM	토큰이 “어떤 수신자(대상 서비스)”를 위해 발급되었는지 나타내는 JWT 표준 클레임을 무엇이라고 하는가?	오디언스(aud)는 토큰이 사용될 대상 서비스를 지정하는 클레임입니다. 다른 서비스에서 발급된 토큰을 재사용하는 것을 막는 중요한 장치입니다. 면접에서는 iss와 aud 검증을 왜 반드시 해야 하는지 질문이 나옵니다. 실무에서는 서비스별로 aud를 분리하고, 다중 aud 허용 시 정책을 명확히 해야 합니다. aud 검증을 생략하면 토큰이 “어디서나 통하는 만능 키”처럼 되어 보안이 크게 약해집니다.	오디언스									security	authentication	jwt	
Q770	발급자(iss)		Backend - 인증/인가	18	INITIALS	MEDIUM	토큰을 발급한 주체(인증 서버)를 나타내는 JWT 표준 클레임을 무엇이라고 하는가?	발급자(iss)는 토큰을 누가 발급했는지 나타내는 값입니다. 동일한 형식의 토큰이라도 발급자가 다르면 신뢰하면 안 됩니다. 면접에서는 iss 검증을 누락하면 어떤 공격이 가능한지 물을 수 있습니다. 실무에서는 허용된 iss 목록을 고정하고, 테넌트/환경별 분리를 명확히 합니다. iss가 흔들리면 전체 인증 체계가 타 시스템 토큰에 의해 오염될 수 있습니다.	발급자									security	authentication	jwt	
Q771	주체(sub)		Backend - 인증/인가	18	INITIALS	MEDIUM	토큰이 가리키는 사용자/주체 식별자를 담는 JWT 표준 클레임을 무엇이라고 하는가?	주체(sub)는 토큰의 핵심 식별자입니다. 일반적으로 사용자 ID나 고유 식별자를 의미합니다. 면접에서는 sub를 이메일 같은 PII로 두는 것이 적절한지 질문이 나올 수 있습니다. 실무에서는 변경 가능성이 낮은 내부 식별자를 사용하고, PII는 최소화하는 것이 안전합니다. sub만 믿고 인가를 생략하면 IDOR 같은 문제가 생기므로 반드시 권한 검증과 함께 사용해야 합니다.	주체									security	authentication	jwt	
Q772	키 유출(Key Leakage)		Security - 암호화	55	INITIALS	MEDIUM	서명 키나 시크릿이 외부로 노출되어 토큰 위조나 시스템 침해로 이어질 수 있는 사건을 무엇이라고 하는가?	키 유출(Key Leakage)은 인증 시스템에서 가장 치명적인 사고 중 하나입니다. 서명 키가 유출되면 공격자는 정상 토큰을 위조할 수 있습니다. 면접에서는 유출 대응(회전, 철회, 전체 로그아웃)을 단계적으로 설명하라고 할 수 있습니다. 실무에서는 즉시 키 회전과 함께 영향을 받는 토큰/세션을 무효화하고, 침해 범위를 로그로 추적합니다. 유출은 예방이 최선이므로 시크릿 관리 체계를 갖추는 것이 핵심입니다.	키 유출									security	authentication	secret	
Q773	키 회전 전환 기간(Key Rollout Window)		Security - 암호화	55	INITIALS	MEDIUM	새 키로 전환할 때 구키/신키를 동시에 허용하며 점진 전환하는 기간을 무엇이라고 하는가?	키 회전 전환 기간(Key Rollout Window)은 무중단 키 교체를 위해 필요한 운영 개념입니다. 전환 기간 동안 검증은 구키/신키 모두 허용하고, 서명은 신키로만 하는 방식이 흔합니다. 면접에서는 전환을 잘못하면 어떤 장애가 생기는지 질문할 수 있습니다. 실무에서는 캐시된 JWKS, 배포 지연, 클록 스큐까지 고려해 전환 기간을 잡습니다. 기간이 너무 길면 구키 유출 시 위험이 지속되므로 최소한으로 운영해야 합니다.	키 회전 전환 기간									security	authentication	rotation	
Q774	최소 권한 원칙(Least Privilege)		Security - 인증/인가	52	INITIALS	MEDIUM	사용자나 서비스가 작업에 필요한 최소한의 권한만 가지도록 설계하는 원칙을 무엇이라고 하는가?	최소 권한 원칙(Least Privilege)은 인가 설계의 핵심 원칙입니다. 권한이 과하면 침해나 실수의 피해 범위가 커집니다. 면접에서는 스코프/역할 설계에서 이 원칙을 어떻게 적용할지 묻기도 합니다. 실무에서는 관리자 권한을 세분화하고, 기본 권한을 최소로 시작해 필요 시 승인 절차로 확장합니다. 원칙이 지켜지지 않으면 내부자 사고나 토큰 탈취 시 피해가 기하급수로 커질 수 있습니다.	최소 권한 원칙									security	authentication	authorization	
Q775	권한 부여 결정 지점(PDP)		Security - 인증/인가	52	INITIALS	MEDIUM	요청에 대해 허용/거부를 판단하는 정책 결정 역할을 담당하는 구성 요소를 무엇이라고 하는가?	권한 부여 결정 지점(PDP)은 정책을 평가해 접근을 허용할지 결정하는 역할입니다. ABAC 같은 정책 기반 접근 제어에서 자주 등장하는 개념입니다. 면접에서는 PDP와 PEP(집행 지점) 역할 구분을 물을 수 있습니다. 실무에서는 정책을 중앙화하면 일관성이 좋아지지만, 장애 시 영향이 커져 가용성 설계가 필요합니다. 또한 정책 변경이 곧 권한 변경이므로 변경 관리와 감사가 중요합니다.	권한 부여 결정 지점									security	authentication	authorization	
Q776	정책 집행 지점(PEP)		Security - 인증/인가	52	INITIALS	MEDIUM	PDP가 내린 결정(허용/거부)을 실제로 적용해 요청을 차단하거나 통과시키는 지점을 무엇이라고 하는가?	정책 집행 지점(PEP)은 정책 결정을 실제 요청 흐름에 적용하는 위치입니다. API 게이트웨이, 미들웨어, 프록시 등이 PEP 역할을 할 수 있습니다. 면접에서는 “정책 평가와 집행을 왜 분리하나”를 설명하라고 할 수 있습니다. 실무에서는 PEP가 여러 곳에 흩어지면 정책 누락이 생기기 쉬워 표준화가 중요합니다. 또한 PEP는 성능 임계 지점이 될 수 있어 캐시와 장애 시 기본 동작을 신중히 설계해야 합니다.	정책 집행 지점									security	authentication	authorization	
Q777	세션 고정 공격 탐지(Session Fixation Detection)		Security - 취약점	53	INITIALS	MEDIUM	로그인 전후 세션 ID가 동일하게 유지되는 이상 징후를 기반으로 세션 고정 공격을 의심하는 탐지 관점을 무엇이라고 하는가?	세션 고정 공격 탐지(Session Fixation Detection)는 로그인 이벤트 전후의 세션 변화 패턴을 감시하는 관점입니다. 정상이라면 로그인 후 세션 ID가 재발급되는 것이 일반적입니다. 면접에서는 “예방이 핵심이지만 탐지도 필요하다”는 사고를 보여줄 수 있습니다. 실무에서는 로그인 성공 시 세션 재발급이 보장되도록 하고, 예외 흐름에서 동일 세션이 유지되면 경고를 남길 수 있습니다. 탐지는 보조 수단이며, 궁극적으로는 재발급과 세션 정책으로 예방하는 것이 우선입니다.	세션 고정 공격 탐지									security	authentication	session	
Q778	인증 이벤트 모델링(Authentication Event Modeling)		Security - 인증/인가	52	INITIALS	MEDIUM	로그인, MFA, 토큰 발급/철회 같은 보안 이벤트를 도메인 이벤트로 정의해 추적/분석하는 설계 접근을 무엇이라고 하는가?	인증 이벤트 모델링(Authentication Event Modeling)은 인증 관련 사건을 명확한 이벤트로 정의하는 접근입니다. 감사 로그, 침해 탐지, 알림 시스템과 연결하기 좋아집니다. 면접에서는 어떤 이벤트를 모델링해야 하는지 시나리오로 물을 수 있습니다. 실무에서는 “로그인 성공/실패”, “MFA 등록/해제”, “비밀번호 변경”, “리프레시 토큰 재사용 탐지” 같은 이벤트가 중요합니다. 이벤트가 정리되면 대응 자동화(계정 잠금, 알림, 세션 무효화)까지 연결하기 쉬워집니다.	인증 이벤트 모델링									security	authentication	audit	
Q779	세션 바인딩(Session Binding)		Security - 인증/인가	52	INITIALS	MEDIUM	세션을 특정 디바이스/브라우저 특성과 묶어 탈취 세션의 재사용을 어렵게 만드는 개념을 무엇이라고 하는가?	세션 바인딩(Session Binding)은 세션을 단순 ID가 아니라 환경 특성과 결합해 보호하려는 개념입니다. 쿠키 탈취만으로 다른 환경에서 바로 쓰기 어렵게 만들 수 있습니다. 면접에서는 바인딩의 장점과 한계(프록시/모바일 환경 변화)를 균형 있게 설명하라고 할 수 있습니다. 실무에서는 과도한 바인딩은 정상 사용자까지 튕길 수 있어 리스크 기반으로 적용합니다. 토큰 바인딩, DPoP, mTLS 같은 다른 PoP 기법과 함께 이해하면 좋습니다.	세션 바인딩									security	authentication	session	
Q780	재인증(Re-authentication)		Backend - 인증/인가	18	INITIALS	MEDIUM	민감 작업(비밀번호 변경, 결제 등) 전에 현재 세션이 있어도 다시 인증을 요구하는 절차를 무엇이라고 하는가?	재인증(Re-authentication)은 세션이 남아 있어도 중요한 작업 직전에 다시 본인 확인을 하는 절차입니다. 세션 탈취나 기기 공유 같은 상황에서 피해를 줄이는 목적이 큽니다. 면접에서는 스텝-업 인증과의 관계를 함께 묻기도 합니다. 실무에서는 비밀번호 재입력, MFA 재요구, 최근 로그인 시간 조건 등을 조합해 구현합니다. 요구 조건이 너무 강하면 UX가 나빠지므로 리스크 기반으로 적용 범위를 정하는 것이 중요합니다.	재인증									security	authentication	reauth	
Q781	최근 로그인 시간(Recent Login)		Backend - 인증/인가	18	INITIALS	MEDIUM	“최근에 로그인했는지”를 근거로 민감 기능 접근을 허용하거나 재인증을 요구하는 기준을 무엇이라고 하는가?	최근 로그인 시간(Recent Login)은 민감 기능 보호를 위한 현실적인 기준입니다. 일정 시간 내 로그인한 사용자만 설정 변경을 허용하는 방식이 대표적입니다. 면접에서는 왜 이것이 필요한지(세션 탈취, 장기 로그인) 사례로 물을 수 있습니다. 실무에서는 계정 보안 페이지, 결제 수단 등록/삭제에서 흔히 적용됩니다. 기준 시간을 너무 길게 잡으면 위험이 커지고 너무 짧으면 UX가 나빠져 균형이 필요합니다.	최근 로그인 시간									security	authentication	reauth	
Q782	다중 기기 세션 관리(Multi-device Session Management)		Backend - 인증/인가	18	INITIALS	MEDIUM	사용자가 여러 기기에서 로그인할 때 세션 목록, 해제, 동시 로그인 제한을 관리하는 기능을 무엇이라고 하는가?	다중 기기 세션 관리(Multi-device Session Management)는 현대 서비스에서 자주 요구되는 기능입니다. 사용자는 모바일/PC 등 여러 기기에서 동시에 사용합니다. 면접에서는 “모든 기기 로그아웃”을 어떻게 설계할지 질문이 나올 수 있습니다. 실무에서는 세션 저장소에 기기 정보(간단한 UA/디바이스 ID)와 생성 시각을 저장해 목록화합니다. 기기 식별은 완벽하지 않으니 보안 알림, 재인증, 위험 탐지와 같이 운영하는 것이 좋습니다.	다중 기기 세션 관리									security	authentication	session	
Q783	세션 하이재킹(Session Hijacking)		Security - 취약점	53	INITIALS	MEDIUM	쿠키/세션 ID를 탈취해 사용자로 가장하는 공격을 무엇이라고 하는가?	세션 하이재킹(Session Hijacking)은 인증 상태를 나타내는 세션 ID를 빼앗아 계정을 탈취하는 공격입니다. XSS, 네트워크 스니핑, 쿠키 노출 등 다양한 경로로 발생할 수 있습니다. 면접에서는 HttpOnly/Secure/SameSite 쿠키 설정이 왜 필요한지 연결 질문이 나옵니다. 실무에서는 TLS 강제, 쿠키 보안 속성, 세션 재발급, 위험 기반 탐지를 함께 적용합니다. 단일 방어로는 완벽하지 않으니 다층 방어가 중요합니다.	세션 하이재킹									security	authentication	session	
Q784	세션 재발급(Session Regeneration)		Backend - 인증/인가	18	INITIALS	MEDIUM	로그인 성공이나 권한 상승 시점에 세션 ID를 새로 발급해 공격을 줄이는 처리를 무엇이라고 하는가?	세션 재발급(Session Regeneration)은 세션 고정/하이재킹 위험을 줄이는 핵심 방어입니다. 로그인 전과 후의 세션을 분리해 공격자가 미리 심어둔 세션을 무력화합니다. 면접에서는 “언제 재발급해야 하는가”를 구체적으로 물을 수 있습니다. 실무에서는 로그인, 권한 변경, MFA 통과 시점 등 경계가 바뀌는 순간에 재발급하는 것이 안전합니다. 재발급 시 세션 속성(사용자 정보) 이전 방식도 정확히 설계해야 버그가 줄어듭니다.	세션 재발급									security	authentication	session	
Q785	패스워드 정책(Password Policy)		Security - 인증/인가	52	INITIALS	MEDIUM	비밀번호 길이, 복잡도, 금지 패턴, 재사용 제한 등을 정의하는 정책을 무엇이라고 하는가?	패스워드 정책(Password Policy)은 계정 보안을 위한 기본 규칙입니다. 단, 과도한 복잡도 강제는 사용자가 더 약한 습관(메모, 재사용)을 만들 수 있습니다. 면접에서는 “강한 정책이 항상 좋은가”를 균형 있게 설명하는지 보기도 합니다. 실무에서는 길이 중심(예: 충분한 최소 길이) + 유출 비밀번호 차단 + MFA 조합이 현실적입니다. 정책 변경은 사용자 경험에 큰 영향을 주므로 점진 도입과 안내가 중요합니다.	패스워드 정책									security	authentication	password	
Q786	유출 비밀번호 차단(Breached Password Protection)		Security - 인증/인가	52	INITIALS	MEDIUM	이미 유출된 것으로 알려진 비밀번호를 사용하지 못하게 차단하는 보안 기능을 무엇이라고 하는가?	유출 비밀번호 차단(Breached Password Protection)은 크리덴셜 스터핑 피해를 줄이는 강력한 방법입니다. 사용자가 아무리 길게 만들어도 이미 유출된 비밀번호면 위험합니다. 면접에서는 유출 목록 기반 검증의 필요성을 설명하라고 할 수 있습니다. 실무에서는 해시 기반 조회나 외부 API 연동 등으로 개인정보 노출 없이 검사하는 방법을 고려합니다. 차단 메시지는 계정 열거 문제를 만들지 않도록 주의해 설계해야 합니다.	유출 비밀번호 차단									security	authentication	password	
Q787	계정 잠금(Account Lockout)		Security - 인증/인가	52	INITIALS	MEDIUM	로그인 실패가 반복될 때 계정을 일시적으로 잠가 대입 공격을 어렵게 만드는 방식을 무엇이라고 하는가?	계정 잠금(Account Lockout)은 브루트포스 방어의 대표적인 방법입니다. 실패 횟수 기준, 시간 기준, 위험 기준 등 여러 변형이 있습니다. 면접에서는 잠금이 오히려 DoS로 악용될 수 있는지 질문이 나올 수 있습니다. 실무에서는 계정 잠금을 너무 공격적으로 하면 정상 사용자도 피해를 보므로 지연(backoff)이나 CAPTCHA, 위험 기반 인증과 조합합니다. 또한 잠금 이벤트를 사용자에게 알리고, 복구 절차를 안전하게 제공해야 합니다.	계정 잠금									security	authentication	lockout	
Q788	지연 기반 방어(Exponential Backoff)		Security - 인증/인가	52	INITIALS	MEDIUM	로그인 실패가 반복될수록 다음 시도까지 대기 시간을 늘려 공격 비용을 올리는 방어를 무엇이라고 하는가?	지연 기반 방어(Exponential Backoff)는 잠금보다 UX 충격이 덜하면서 공격 비용을 높이는 전략입니다. 분산 공격에도 어느 정도 효과를 줄 수 있습니다. 면접에서는 계정 잠금과 비교해 장단점을 설명하라고 할 수 있습니다. 실무에서는 IP/계정/디바이스 기준을 섞어 정책을 적용하고, 정상 사용자에게는 안내 메시지를 제공해 혼선을 줄입니다. 대기 시간을 과도하게 키우면 서비스 이용이 어려워지므로 보안 수준과 UX를 함께 튜닝해야 합니다.	지연 기반 방어									security	authentication	brute_force	
Q789	보안 알림(Security Notification)		Security - 인증/인가	52	INITIALS	MEDIUM	새 기기 로그인, 비밀번호 변경, MFA 변경 등 위험 이벤트 발생 시 사용자에게 통지하는 기능을 무엇이라고 하는가?	보안 알림(Security Notification)은 계정 침해를 조기에 발견하게 하는 중요한 기능입니다. 사용자가 본인이 아닌 활동을 빠르게 인지할 수 있습니다. 면접에서는 어떤 이벤트를 알림 대상으로 선정할지 질문이 나옵니다. 실무에서는 과도한 알림은 무시를 유발하므로, 위험도가 높은 이벤트 중심으로 설계하는 것이 좋습니다. 알림 내용에는 민감 정보(토큰, 전체 IP 등)를 과하게 노출하지 않도록 주의해야 합니다.	보안 알림									security	authentication	alert	
Q790	디바이스 핑거프린팅(Device Fingerprinting)		Security - 인증/인가	52	INITIALS	MEDIUM	브라우저/기기 특성을 조합해 기기를 식별하고 위험 판단에 활용하는 기법을 무엇이라고 하는가?	디바이스 핑거프린팅(Device Fingerprinting)은 여러 신호를 조합해 기기 식별을 시도하는 기법입니다. 위험 기반 인증이나 이상 로그인 탐지에 활용됩니다. 면접에서는 개인정보/프라이버시 이슈를 함께 고려하는지 보기도 합니다. 실무에서는 완벽한 식별은 어렵고 우회도 가능하므로, 보조 신호로 활용하는 것이 안전합니다. 프라이버시 규제와 사용자 고지/동의 정책도 함께 챙겨야 합니다.	디바이스 핑거프린팅									security	authentication	device	
Q791	이상 로그인 탐지(Anomalous Login Detection)		Security - 인증/인가	52	INITIALS	MEDIUM	평소와 다른 위치/기기/패턴의 로그인 시도를 감지해 추가 인증이나 차단을 수행하는 기능을 무엇이라고 하는가?	이상 로그인 탐지(Anomalous Login Detection)는 계정 탈취를 줄이는 핵심 기능입니다. 위험 신호를 기반으로 스텝업 인증이나 차단 정책을 적용합니다. 면접에서는 탐지 기준과 오탐 대응을 어떻게 할지 질문이 나올 수 있습니다. 실무에서는 새 기기, 비정상 국가, 짧은 시간 다수 시도, 프록시/봇 신호 등을 종합합니다. 탐지 결과를 사용자 알림과 연결하면 피해를 빠르게 줄일 수 있습니다.	이상 로그인 탐지									security	authentication	risk	
Q792	로그인 세션 고정(Sticky Login Session)		Backend - 웹 서버 기초	17	INITIALS	MEDIUM	로드밸런서가 동일 사용자를 같은 백엔드로 계속 보내 세션 유지에 의존하는 구성을 무엇이라고 하는가?	로그인 세션 고정(Sticky Login Session)은 스티키 세션을 인증 관점에서 부르는 표현입니다. 구현은 쉽지만 장애와 스케일링에 취약할 수 있습니다. 면접에서는 스티키 세션을 왜 피하려는지 근거를 물을 수 있습니다. 실무에서는 세션 저장소 분리나 토큰 기반 인증으로 전환하는 경우가 많습니다. 스티키를 쓰더라도 장애 시 세션 손실, 보안 정책(세션 무효화) 적용을 함께 고려해야 합니다.	로그인 세션 고정									security	authentication	session	
Q793	세션 클러스터링(Session Clustering)		Backend - 웹 서버 기초	17	INITIALS	MEDIUM	여러 서버가 세션 상태를 공유하기 위해 복제/분산 저장으로 세션을 유지하는 구성을 무엇이라고 하는가?	세션 클러스터링(Session Clustering)은 세션 상태를 여러 노드에서 공유하는 구성입니다. 전통적인 WAS 클러스터에서 세션 복제 방식으로 구현되기도 합니다. 면접에서는 세션 저장소(예: Redis) 방식과 비교해 질문할 수 있습니다. 실무에서는 복제 비용과 일관성 문제, 장애 전파 가능성을 고려해야 합니다. 현대 아키텍처에서는 외부 세션 저장소나 토큰 기반을 더 선호하는 경우가 많습니다.	세션 클러스터링									security	authentication	session	
Q794	권한 캐시(Authorization Cache)		Backend - 인증/인가	18	INITIALS	MEDIUM	사용자의 권한/역할 정보를 매 요청마다 DB에서 읽지 않도록 캐싱해 성능을 높이는 전략을 무엇이라고 하는가?	권한 캐시(Authorization Cache)는 인가 성능 최적화에서 자주 쓰입니다. 권한 조회가 비싸면 전체 API 지연이 커집니다. 면접에서는 캐시를 쓰면 권한 변경이 즉시 반영되지 않는 문제를 어떻게 해결할지 묻기도 합니다. 실무에서는 TTL, 이벤트 기반 무효화, 버전 필드 기반 검증 같은 전략을 조합합니다. 보안 관점에서 “최신 권한”이 중요한 기능은 캐시를 보수적으로 적용해야 합니다.	권한 캐시									security	authentication	authorization	
Q795	권한 변경 즉시 반영(Immediate Revocation)		Security - 인증/인가	52	INITIALS	MEDIUM	권한 제거/정지 조치가 발생했을 때 기존 토큰/세션에도 즉시 반영되도록 만드는 요구사항을 무엇이라고 하는가?	권한 변경 즉시 반영(Immediate Revocation)은 보안 요구가 높은 시스템에서 중요합니다. JWT처럼 상태 없는 토큰은 기본적으로 즉시 반영이 어렵습니다. 면접에서는 이를 해결하기 위한 선택지(인트로스펙션, 화이트리스트, 세션 기반)를 질문할 수 있습니다. 실무에서는 리프레시 토큰을 상태 관리하고 액세스 토큰을 짧게 가져가는 방식이 흔합니다. 요구 수준에 따라 구현 비용이 크게 달라지니 트레이드오프를 명확히 설명하는 것이 중요합니다.	권한 변경 즉시 반영									security	authentication	revocation	
Q796	서명 키 교체(Key Rotation)		Security - 암호화	55	INITIALS	MEDIUM	JWT 서명 키를 주기적으로 교체하고 구키/신키를 관리하는 운영을 무엇이라고 하는가?	서명 키 교체(Key Rotation)는 토큰 위조 위험을 낮추고 유출 피해를 제한하는 운영입니다. 키가 오래 유지될수록 유출 시 피해가 커집니다. 면접에서는 JWKS와 kid를 통한 다중 키 운용을 설명하라고 할 수 있습니다. 실무에서는 서명은 신키, 검증은 구키/신키 허용으로 점진 전환합니다. 회전 과정에서 캐시와 배포 지연으로 검증 실패가 날 수 있어 모니터링이 필수입니다.	서명 키 교체									security	authentication	jwt	
Q797	키 식별자(kid)		Backend - 인증/인가	18	INITIALS	MEDIUM	JWT 헤더에서 어떤 키로 서명했는지 식별하기 위한 키 식별자를 무엇이라고 하는가?	키 식별자(kid)는 다중 키 환경에서 올바른 검증 키를 선택하기 위한 힌트입니다. 보통 JWKS의 key id와 매칭됩니다. 면접에서는 kid를 신뢰하면 안 되는 이유(혼동 공격)를 함께 물을 수 있습니다. 실무에서는 kid는 “선택자”일 뿐이며, 신뢰 가능한 키 목록에서만 매칭해 사용해야 합니다. kid를 경로/URL로 바로 쓰는 구현은 보안 사고로 이어질 수 있습니다.	키 식별자									security	authentication	jwt	
Q798	제이더블유케이에스(JWKS)		Backend - 인증/인가	18	INITIALS	MEDIUM	JWT 서명 검증을 위해 공개키 목록을 JSON 형태로 제공하는 표준 엔드포인트/문서를 무엇이라고 하는가?	제이더블유케이에스(JWKS)는 JSON Web Key Set의 약자로 공개키 집합을 제공합니다. 리소스 서버는 이를 사용해 JWT 서명을 검증할 수 있습니다. 면접에서는 JWKS 캐시와 키 회전 시 동작을 질문할 수 있습니다. 실무에서는 JWKS를 캐시하되, kid 미스매치나 401 급증 시 갱신하는 전략을 둡니다. JWKS가 변조되면 검증이 무너질 수 있으므로 HTTPS와 신뢰 체계를 반드시 확보해야 합니다.	제이더블유케이에스									security	authentication	jwks	
Q799	토큰 검증 캐시(Token Verification Cache)		Backend - 인증/인가	18	INITIALS	MEDIUM	인트로스펙션 결과나 토큰 유효성 판단을 일정 시간 캐싱해 성능을 높이는 전략을 무엇이라고 하는가?	토큰 검증 캐시(Token Verification Cache)는 인증 서버 호출 비용을 줄이기 위한 최적화입니다. 인트로스펙션을 매 요청마다 하면 지연과 부하가 커질 수 있습니다. 면접에서는 캐시를 쓰면 철회가 즉시 반영되지 않는 문제를 어떻게 처리할지 묻기도 합니다. 실무에서는 짧은 TTL, 철회 이벤트 기반 무효화, 위험 API는 캐시 비사용 같은 정책을 조합합니다. 성능과 보안의 균형을 잡는 설계가 핵심입니다.	토큰 검증 캐시									security	authentication	token	
Q800	디팝 증명(Proof-of-Possession)		Security - 인증/인가	52	INITIALS	HARD	토큰 자체가 아니라 “토큰을 가진 주체가 진짜 요청을 보냈다”는 사실을 키/서명으로 증명하는 토큰 보호 개념을 무엇이라고 하는가?	디팝 증명(Proof-of-Possession)은 베어러 토큰의 약점을 보완하기 위한 개념입니다. 토큰이 탈취되더라도 별도의 키 증명이 없으면 재사용이 어렵게 만드는 것이 핵심입니다. 면접에서는 베어러 토큰과 PoP 토큰의 차이, 그리고 DPoP/mTLS 같은 구현 예를 연결해 묻습니다. 실무에서는 클라이언트 키 관리와 요청 서명, 재생 방지(Nonce/iat)까지 함께 고려해야 합니다. PoP는 보안은 강해지지만 구현·운영 비용이 커서 적용 범위를 리스크 기반으로 정하는 것이 중요합니다.	디팝 증명									security	authentication	oauth	
Q801	디팝 논스(DPoP Nonce)		Security - 인증/인가	52	INITIALS	HARD	DPoP에서 재생 공격을 줄이기 위해 서버가 요구하고 클라이언트가 서명 헤더에 포함시키는 값(논스)을 무엇이라고 하는가?	디팝 논스(DPoP Nonce)는 DPoP 요청의 재생 공격을 줄이기 위한 장치입니다. 서버가 nonce를 요구하면 클라이언트는 이를 포함해 DPoP proof를 다시 만들어 제출합니다. 면접에서는 “서명이 있어도 리플레이가 가능한가” 같은 질문에서 확장될 수 있습니다. 실무에서는 nonce 관리, 만료, 클라이언트 재시도 흐름까지 표준에 맞게 구현해야 합니다. nonce 설계가 허술하면 캐시/프록시 환경에서 정상 요청이 실패하거나 공격 방어가 약해질 수 있습니다.	디팝 논스									security	authentication	oauth	
Q802	토큰 바인딩 실패 처리(Binding Failure Handling)		Security - 인증/인가	52	INITIALS	HARD	토큰이 디바이스/키/세션에 바인딩되어 있을 때 바인딩 검증 실패 시 차단·재인증·키 갱신을 어떻게 처리할지 설계하는 문제 영역을 무엇이라고 하는가?	토큰 바인딩 실패 처리(Binding Failure Handling)는 PoP/바인딩 계열 도입 시 반드시 맞닥뜨리는 운영 이슈입니다. 네트워크/기기 변경, 브라우저 업데이트, 키 유실 등 정상 사용자에서도 실패가 발생할 수 있습니다. 면접에서는 “보안을 올리면 UX가 깨지는데 어떻게 균형 잡나”를 시나리오로 묻습니다. 실무에서는 단계적 대응(재시도→재인증→세션 무효화)과 사용자 안내가 중요합니다. 실패 처리가 거칠면 정상 사용자가 대량 이탈하거나, 반대로 너무 관대하면 바인딩의 보안 효과가 약해집니다.	토큰 바인딩 실패 처리									security	authentication	token	
Q803	인증서 수명 관리(Certificate Lifecycle Management)		Security - 네트워크 보안	54	INITIALS	HARD	mTLS 환경에서 인증서 발급, 배포, 갱신, 폐기, 철회를 운영적으로 관리하는 영역을 무엇이라고 하는가?	인증서 수명 관리(Certificate Lifecycle Management)는 mTLS 운영의 핵심입니다. 인증서는 만료가 있기 때문에 갱신 자동화가 없으면 장애가 반복됩니다. 면접에서는 인증서 로테이션, CRL/OCSP 같은 철회 체계와 연결 질문이 나올 수 있습니다. 실무에서는 발급/배포 자동화, 만료 모니터링, 롤백 전략이 필수입니다. 인증서 수명 관리가 약하면 보안은커녕 만료로 인한 대규모 장애가 더 큰 리스크가 됩니다.	인증서 수명 관리									security	authentication	tls	
Q804	오씨에스피(OCSP)		Security - 네트워크 보안	54	INITIALS	HARD	인증서가 폐기되었는지(철회되었는지) 온라인으로 조회하는 프로토콜을 무엇이라고 하는가?	오씨에스피(OCSP)는 인증서 철회 상태를 온라인으로 확인하는 프로토콜입니다. CRL보다 실시간성이 높을 수 있습니다. 면접에서는 OCSP Stapling과 같은 성능/프라이버시 이슈를 함께 물을 수 있습니다. 실무에서는 네트워크 지연과 가용성 때문에 “조회 실패 시 어떻게 처리하나”가 중요 포인트입니다. 철회 검증을 강하게 하면 안전하지만 장애에 취약해지고, 느슨하면 보안이 약해져 트레이드오프를 설계해야 합니다.	오씨에스피									security	authentication	pki	
Q805	씨알엘(CRL)		Security - 네트워크 보안	54	INITIALS	HARD	폐기된(철회된) 인증서 목록을 배포해 검증 측이 참조할 수 있게 하는 목록 기반 메커니즘을 무엇이라고 하는가?	씨알엘(CRL)은 Certificate Revocation List로 철회된 인증서 목록을 담습니다. 오프라인/캐시 기반으로 참조되지만 최신성 문제가 생길 수 있습니다. 면접에서는 CRL과 OCSP의 차이를 비교해 설명하라는 질문이 나올 수 있습니다. 실무에서는 CRL 크기, 갱신 주기, 배포 지연이 운영 리스크가 됩니다. 철회 체계는 “보안 강화”와 “검증 가용성” 사이 균형을 잡아야 실전에서 성공합니다.	씨알엘									security	authentication	pki	
Q806	쿠키 서브도메인 범위(Cookie Domain Scope)		Network - HTTP	31	INITIALS	HARD	쿠키의 Domain 속성 설정에 따라 서브도메인 간 쿠키 공유가 가능해지는 범위 문제를 무엇이라고 하는가?	쿠키 서브도메인 범위(Cookie Domain Scope)는 인증 쿠키 설계에서 자주 실수하는 지점입니다. Domain을 넓게 잡으면 여러 서브도메인에 쿠키가 전송되어 공격 표면이 커집니다. 면접에서는 “왜 서브도메인 하나의 XSS가 전체 로그인에 영향을 주나” 같은 질문으로 확장될 수 있습니다. 실무에서는 가능한 좁은 도메인 스코프를 사용하고, 서비스 분리 시 쿠키 격리를 우선합니다. 잘못된 스코프는 세션 하이재킹/CSRF 위험을 키울 수 있어 매우 주의해야 합니다.	쿠키 서브도메인 범위									security	authentication	cookie	
Q807	동일 사이트 컨텍스트(SameSite Context)		Network - HTTP	31	INITIALS	HARD	브라우저가 요청을 “동일 사이트”로 판단하는 기준과 그에 따른 쿠키 전송 여부 컨텍스트를 무엇이라고 하는가?	동일 사이트 컨텍스트(SameSite Context)는 SameSite 쿠키 동작을 이해하는 핵심 배경입니다. 동일 출처(Same-Origin)와 동일 사이트(Same-Site)는 개념이 다릅니다. 면접에서는 Lax/Strict/None의 의미를 “어떤 요청에서 쿠키가 가는가”로 묻는 경우가 많습니다. 실무에서는 OAuth 리다이렉트, 결제, SSO 플로우에서 SameSite 설정이 인증 장애를 만들기도 합니다. 정책을 보안적으로 강하게 잡되, 필요한 예외 플로우는 안전 장치(CSRF 토큰 등)와 함께 설계해야 합니다.	동일 사이트 컨텍스트									security	authentication	cookie	
Q808	세션 고정 취약 경로(Session Fixation Vector)		Security - 취약점	53	INITIALS	HARD	URL 파라미터나 비표준 헤더 등으로 세션 식별자를 주입할 수 있게 되어 세션 고정 공격이 가능해지는 경로를 무엇이라고 하는가?	세션 고정 취약 경로(Session Fixation Vector)는 세션 ID가 쿠키 외 채널로 주입될 수 있을 때 생깁니다. URL에 세션 ID가 노출되면 로그/리퍼러로 유출될 수 있습니다. 면접에서는 “세션 ID를 URL에 두면 왜 위험한가”를 구체적으로 설명하라고 할 수 있습니다. 실무에서는 URL 기반 세션 추적을 끄고, 로그인 시 세션 재발급을 강제합니다. 취약 경로가 남아 있으면 아무리 재발급을 해도 다른 플로우에서 다시 고정될 수 있어 전수 점검이 필요합니다.	세션 고정 취약 경로									security	authentication	session	
Q809	엑세스 토큰 오디언스 분리(Audience Partitioning)		Backend - 인증/인가	18	INITIALS	HARD	서비스별로 aud를 분리해 한 서비스 토큰이 다른 서비스에서 통하지 않도록 만드는 설계 전략을 무엇이라고 하는가?	엑세스 토큰 오디언스 분리(Audience Partitioning)는 마이크로서비스 환경에서 매우 중요한 보안 설계입니다. 토큰 재사용(토큰 컨퓨전)을 줄여 침해 확산을 제한합니다. 면접에서는 aud 검증을 빠뜨리면 어떤 사고가 나는지 시나리오로 묻습니다. 실무에서는 서비스 단위 aud, 스코프, 리소스 지표를 함께 적용해 토큰 권한을 세밀하게 만듭니다. 분리가 안 되면 내부 서비스가 “공용 토큰”을 받아들여 권한 경계가 무너질 수 있습니다.	엑세스 토큰 오디언스 분리									security	authentication	jwt	
Q810	토큰 컨퓨전(Token Confusion)		Security - 취약점	53	INITIALS	HARD	한 종류의 토큰(예: ID 토큰)을 다른 용도(예: API 인증)에 잘못 사용해 인증이 우회되는 취약성을 무엇이라고 하는가?	토큰 컨퓨전(Token Confusion)은 토큰 타입을 혼동해 생기는 설계/구현 취약점입니다. OIDC에서 ID 토큰을 액세스 토큰처럼 쓰는 실수가 대표적입니다. 면접에서는 “ID 토큰과 액세스 토큰의 목적 차이”를 확실히 아는지 확인합니다. 실무에서는 토큰 타입별 검증 규칙(iss/aud, scope, azp 등)을 분리하고, API는 액세스 토큰만 받도록 강제합니다. 혼동이 남아 있으면 공격자가 상대적으로 쉽게 토큰을 재사용해 인증을 우회할 수 있습니다.	토큰 컨퓨전									security	authentication	oidc	
Q811	권한 상승 경로(Privilege Escalation Path)		Security - 취약점	53	INITIALS	HARD	낮은 권한 사용자가 결함을 이용해 더 높은 권한으로 작업할 수 있게 되는 공격 진행 경로를 무엇이라고 하는가?	권한 상승 경로(Privilege Escalation Path)는 취약점이 실제 침해로 이어지는 “흐름”을 의미합니다. 단일 버그보다 경로 전체를 이해해야 방어가 가능합니다. 면접에서는 IDOR, RBAC 누락, 정책 누락이 어떻게 연결되는지 묻는 경우가 많습니다. 실무에서는 리소스 소유자 검증, 정책 중앙화, 보안 테스트로 경로를 끊어야 합니다. 경로 분석을 하면 “이 기능 하나 뚫리면 어디까지 갈 수 있나”를 예측해 우선순위 대응이 쉬워집니다.	권한 상승 경로									security	authentication	authorization	
Q812	세션 동시성 제어(Session Concurrency Control)		Backend - 인증/인가	18	INITIALS	HARD	계정당 동시 로그인 수를 제한하거나 신규 로그인 시 기존 세션을 끊는 정책을 무엇이라고 하는가?	세션 동시성 제어(Session Concurrency Control)는 계정 공유/탈취를 줄이는 보안 정책입니다. 동시 로그인 제한은 단순하지만 UX 영향이 큽니다. 면접에서는 “동시 로그인 제한이 항상 좋은가”를 케이스로 묻기도 합니다. 실무에서는 고위험 역할(관리자)만 엄격하게 적용하거나, 디바이스 신뢰 모델과 조합하는 방식이 많습니다. 구현 시에는 세션 저장소에서 사용자별 세션 인덱스를 관리하고 원자적으로 갱신해야 경쟁 조건을 피할 수 있습니다.	세션 동시성 제어									security	authentication	session	
Q813	강제 로그아웃 전파(Logout Propagation)		Backend - 인증/인가	18	INITIALS	HARD	SSO 환경에서 한 서비스에서 로그아웃할 때 다른 서비스/세션에도 로그아웃을 전파하는 문제를 무엇이라고 하는가?	강제 로그아웃 전파(Logout Propagation)는 SSO에서 어려운 문제 중 하나입니다. 한 곳에서 로그아웃해도 다른 서비스 세션이 남아 있으면 사용자 기대와 달라집니다. 면접에서는 SAML SLO, OIDC RP-Initiated Logout 같은 키워드로 확장될 수 있습니다. 실무에서는 완전 전파가 어렵기 때문에 세션 수명 정책, 토큰 철회, 중앙 세션 관리로 보완합니다. 로그아웃은 보안과 UX 모두에 영향이 커서 “가능한 수준”을 명확히 정의하고 설계해야 합니다.	강제 로그아웃 전파									security	authentication	sso	
Q814	세션 리플레이(Session Replay)		Security - 취약점	53	INITIALS	HARD	탈취한 세션 쿠키/ID를 그대로 재사용해 다른 환경에서 동일 세션으로 접근하는 공격을 무엇이라고 하는가?	세션 리플레이(Session Replay)는 세션 탈취 후 그대로 재사용하는 공격 유형입니다. TLS만으로는 클라이언트 내부에서의 쿠키 유출(XSS 등)을 막지 못합니다. 면접에서는 방어책(세션 바인딩, 재인증, 위험 탐지)을 연결해 설명하라고 할 수 있습니다. 실무에서는 쿠키 보안 속성, 세션 재발급, 민감 작업 재인증, 이상 로그인 탐지의 조합이 현실적인 방어입니다. 또한 감사 로그로 재사용 패턴을 탐지하고 즉시 세션 무효화로 대응해야 합니다.	세션 리플레이									security	authentication	session	
Q815	권한 증명 위조(Privilege Assertion Forgery)		Security - 취약점	53	INITIALS	HARD	토큰/어세션의 서명 검증이 약하거나 키가 유출되어 권한 클레임을 임의로 조작해 관리자 권한을 얻는 공격을 무엇이라고 하는가?	권한 증명 위조(Privilege Assertion Forgery)는 인증/인가 체계가 붕괴할 때 나타나는 최악의 시나리오입니다. 서명 키 유출이나 검증 누락이 근본 원인입니다. 면접에서는 “서명 검증이 왜 절대 빠지면 안 되나”를 사고 사례로 물을 수 있습니다. 실무에서는 키 관리, 알고리즘 허용 목록, iss/aud 검증을 정책으로 강제합니다. 사고 발생 시에는 즉시 키 회전, 토큰 무효화, 전체 세션 종료까지 강한 대응이 필요합니다.	권한 증명 위조									security	authentication	jwt	
Q816	세션 저장소 파티셔닝(Session Store Partitioning)		Backend - 웹 서버 기초	17	INITIALS	HARD	세션 저장소를 기능/테넌트/환경 기준으로 분리해 장애 격리와 권한 통제를 강화하는 설계를 무엇이라고 하는가?	세션 저장소 파티셔닝(Session Store Partitioning)은 인증 인프라의 장애 격리와 보안 경계를 강화하는 방법입니다. 한 저장소 장애가 전체 로그인에 영향을 주지 않도록 범위를 나눌 수 있습니다. 면접에서는 파티셔닝의 장점과 운영 복잡도(라우팅, 마이그레이션)를 함께 물을 수 있습니다. 실무에서는 환경별(DEV/PROD) 분리, 테넌트별 분리, 고위험 영역(관리자) 분리 등 다양한 전략이 있습니다. 분리가 과하면 운영이 어려워지므로 “격리 목표”를 먼저 정하고 최소한으로 적용하는 것이 좋습니다.	세션 저장소 파티셔닝									security	authentication	session	
Q817	토큰 철회 지연(Revocation Lag)		Security - 인증/인가	52	INITIALS	HARD	토큰을 철회했음에도 캐시/분산 환경 때문에 일정 시간 동안 여전히 유효하게 보이는 지연 현상을 무엇이라고 하는가?	토큰 철회 지연(Revocation Lag)은 분산 시스템에서 자주 발생하는 현실적 문제입니다. 캐시된 인트로스펙션 결과나 짧지 않은 액세스 토큰 수명이 원인이 될 수 있습니다. 면접에서는 즉시 철회를 보장하려면 어떤 설계가 필요한지 질문이 나옵니다. 실무에서는 액세스 토큰을 짧게, 리프레시 토큰을 상태 관리, 철회 이벤트로 캐시 무효화 같은 전략을 조합합니다. 철회 지연을 이해하면 “완벽한 즉시성”이 비용이 큰 요구임을 설명하기 쉬워집니다.	토큰 철회 지연									security	authentication	token	
Q818	정책 기반 인가 엔진(Policy Decision Engine)		Security - 인증/인가	52	INITIALS	HARD	중앙 정책을 규칙으로 평가해 허용/거부를 반환하는 인가 엔진(정책 결정)을 무엇이라고 하는가?	정책 기반 인가 엔진(Policy Decision Engine)은 ABAC/OPA 같은 정책 기반 접근 제어에서 핵심 역할을 합니다. 코드에 박힌 if문 인가를 정책으로 분리해 일관성과 감사성을 높입니다. 면접에서는 PDP/PEP 분리와 정책 변경 관리 문제를 자주 묻습니다. 실무에서는 정책 배포, 버전 관리, 캐시, 장애 시 기본 동작(deny/allow)까지 설계해야 합니다. 중앙화는 강력하지만 단일 장애 지점이 될 수 있어 가용성과 보안 사이 균형이 중요합니다.	정책 기반 인가 엔진									security	authentication	authorization	
Q819	인증 체인 오브 트러스트(Chain of Trust)		Security - 네트워크 보안	54	INITIALS	HARD	인증서/키/서명 검증에서 “누구를 신뢰할 것인가”를 상위 신뢰 근거로 연결해 검증하는 구조를 무엇이라고 하는가?	인증 체인 오브 트러스트(Chain of Trust)는 PKI와 토큰 서명 신뢰의 근간 개념입니다. 루트 신뢰에서 시작해 중간 인증서/키로 이어지는 검증 경로를 형성합니다. 면접에서는 인증서 체인, 중간 CA, 신뢰 저장소(Trust Store) 개념을 연결해 묻기도 합니다. 실무에서는 신뢰 근거가 바뀌면 전체 검증이 깨질 수 있어 변경 관리가 매우 중요합니다. 체인을 이해하면 HTTPS, mTLS, JWT 서명 신뢰를 통합적으로 설명할 수 있습니다.	인증 체인 오브 트러스트									security	authentication	pki	
Q820	토큰 인트로스펙션(Introspection)		Backend - 인증/인가	18	INITIALS	HARD	리소스 서버가 토큰을 자체 검증하지 않고 인증 서버에 조회해 활성/만료/권한 정보를 확인하는 방식을 무엇이라고 하는가?	토큰 인트로스펙션(Introspection)은 “상태 있는 토큰 검증”에 가까운 접근입니다. JWT처럼 자체 검증이 가능해도 철회 즉시 반영이 필요하면 인트로스펙션을 섞는 설계가 나옵니다. 면접에서는 인트로스펙션의 장단점(실시간 철회 vs 네트워크 비용)을 비교해 묻습니다. 실무에서는 QPS가 큰 서비스에서 매 요청 조회는 부담이므로 캐시, 짧은 TTL, 위험 API만 적용 같은 전략을 둡니다. 인증 서버 장애 시 정책(기본 거부/유예)을 명확히 정하지 않으면 장애가 곧 로그인 장애로 번집니다.	토큰 인트로스펙션									security	authentication	oauth	
Q821	인트로스펙션 캐시 무효화(Introspection Cache Invalidation)		Backend - 인증/인가	18	INITIALS	HARD	인트로스펙션 결과를 캐싱할 때 철회/권한 변경 이벤트로 캐시를 지우는 전략을 무엇이라고 하는가?	인트로스펙션 캐시 무효화(Introspection Cache Invalidation)는 성능과 보안을 동시에 잡기 위한 핵심 설계입니다. 캐시가 있으면 철회 즉시 반영이 지연될 수 있습니다. 면접에서는 “캐시를 쓰면서도 즉시 철회를 어떻게 보장하나”를 자주 묻습니다. 실무에서는 철회 이벤트 발행, 사용자/토큰 버전 증가, 블랙리스트 TTL 등 다양한 조합을 씁니다. 잘못 설계하면 캐시가 보안 결함이 되거나, 반대로 캐시를 못 써 성능이 무너질 수 있습니다.	인트로스펙션 캐시 무효화									security	authentication	token	
Q822	토큰 버전(Token Versioning)		Backend - 인증/인가	18	INITIALS	HARD	사용자 또는 클라이언트에 “버전”을 두고 토큰에 버전을 실어, 버전 불일치 시 토큰을 무효 처리하는 전략을 무엇이라고 하는가?	토큰 버전(Token Versioning)은 상태 없는 토큰에서 철회/권한 변경을 빠르게 반영하는 패턴입니다. 사용자마다 token_version을 두고 토큰 클레임에 함께 넣는 방식이 흔합니다. 면접에서는 블랙리스트 대비 장단점을 설명하라고 할 수 있습니다. 실무에서는 버전 조회가 필요하므로 캐시를 두거나, 민감 API만 버전 검증을 강하게 하는 식으로 최적화합니다. 버전은 강력하지만 설계가 단순하지 않아서 “어디서, 언제, 어떻게 증가시키나”를 명확히 해야 합니다.	토큰 버전									security	authentication	jwt	
Q823	리프레시 토큰 재사용 감지(Refresh Token Reuse Detection)		Backend - 인증/인가	18	INITIALS	HARD	회전형 리프레시 토큰에서 동일 리프레시 토큰이 두 번 사용되면 탈취를 의심해 세션을 전부 끊는 방식을 무엇이라고 하는가?	리프레시 토큰 재사용 감지(Refresh Token Reuse Detection)는 리프레시 토큰 회전의 핵심 보안 기능입니다. 정상이라면 이전 토큰은 한 번 사용 후 폐기되어야 합니다. 면접에서는 재사용이 탐지되면 어떤 조치를 해야 하는지(전체 세션 철회)를 물을 수 있습니다. 실무에서는 토큰 패밀리(계열) 단위로 전부 무효화하고 재인증을 요구하는 방식이 안전합니다. 구현 시 동시성(두 요청이 거의 동시에 갱신) 처리도 중요해 원자적 업데이트가 필요합니다.	리프레시 토큰 재사용 감지									security	authentication	oauth	
Q824	리프레시 토큰 회전(Refresh Token Rotation)		Backend - 인증/인가	18	INITIALS	HARD	리프레시 토큰을 사용할 때마다 새 토큰으로 교체하고 이전 토큰을 폐기하는 전략을 무엇이라고 하는가?	리프레시 토큰 회전(Refresh Token Rotation)은 탈취 대응을 강화하는 대표적인 패턴입니다. 탈취된 리프레시 토큰이 반복 사용되는 것을 방지할 수 있습니다. 면접에서는 회전과 재사용 감지의 관계를 함께 묻는 경우가 많습니다. 실무에서는 저장소에 현재 유효 토큰만 유지하거나 토큰 패밀리 ID로 연관을 관리합니다. 구현이 복잡해지므로 동시성 제어, 만료 정책, 로그/모니터링을 함께 갖추는 것이 중요합니다.	리프레시 토큰 회전									security	authentication	oauth	
Q825	토큰 패밀리(Token Family)		Backend - 인증/인가	18	INITIALS	HARD	회전형 리프레시 토큰에서 같은 로그인 세션에서 파생된 토큰들을 하나의 계열로 묶어 관리하는 개념을 무엇이라고 하는가?	토큰 패밀리(Token Family)는 리프레시 토큰 회전 운영을 가능하게 하는 개념입니다. 한 번이라도 탈취가 의심되면 패밀리 전체를 철회할 수 있습니다. 면접에서는 “왜 토큰을 개별이 아니라 계열로 관리하나”를 물을 수 있습니다. 실무에서는 family_id, parent_token_id 등을 두고 체인을 구성하거나 최신 토큰만 인정하는 방식으로 구현합니다. 패밀리를 잘 설계하면 보안 대응이 쉬워지지만 저장소 모델링과 동시성 처리가 어려워집니다.	토큰 패밀리									security	authentication	token	
Q826	클라이언트 어설션(Client Assertion)		Backend - 인증/인가	18	INITIALS	HARD	OAuth에서 클라이언트가 자신의 신원을 증명하기 위해 서명된 어설션(JWT 등)을 제출하는 인증 방식 요소를 무엇이라고 하는가?	클라이언트 어설션(Client Assertion)은 M2M/고보안 환경에서 클라이언트 인증에 쓰입니다. 클라이언트 시크릿보다 더 강한 형태로 설계될 수 있습니다. 면접에서는 client_secret 방식과 비교해 장단점을 질문할 수 있습니다. 실무에서는 클라이언트 키 관리, 키 회전, aud/iss/sub 검증을 엄격히 해야 합니다. 어설션이 재사용 가능하면 리플레이 위험이 있으니 jti/iat 기반 재생 방지도 고려합니다.	클라이언트 어설션									security	authentication	oauth	
Q827	어설션 재생 방지(Assertion Replay Protection)		Security - 인증/인가	52	INITIALS	HARD	JWT 어설션 등을 제출하는 인증에서 동일 어설션이 반복 사용되지 않도록 막는 방어를 무엇이라고 하는가?	어설션 재생 방지(Assertion Replay Protection)는 어설션 기반 인증의 필수 요소입니다. jti(토큰 ID) 저장, 짧은 만료, nonce 같은 기법으로 구현할 수 있습니다. 면접에서는 “짧은 exp만으로 충분한가” 같은 질문으로 깊이를 봅니다. 실무에서는 고QPS 환경에서 jti 저장이 부담이 될 수 있어 TTL과 저장소 설계를 잘 해야 합니다. 재생 방지를 빼면 어설션이 사실상 비밀번호처럼 재사용될 수 있어 위험합니다.	어설션 재생 방지									security	authentication	replay	
Q828	키 핀셋 교체(Key Pinset Rotation)		Security - 네트워크 보안	54	INITIALS	HARD	핀닝을 적용한 환경에서 운영 중 키(또는 핀셋)를 안전하게 교체하기 위한 전환 전략을 무엇이라고 하는가?	키 핀셋 교체(Key Pinset Rotation)는 핀닝의 가장 큰 운영 난제를 다룹니다. 핀을 바꾸는 순간 접속이 전부 막힐 수 있기 때문입니다. 면접에서는 핀닝이 “보안은 좋지만 운영은 어렵다”는 점을 설명할 수 있어야 합니다. 실무에서는 다중 핀(현재+다음)을 동시에 배포하고 충분한 전환 기간을 둡니다. 잘못 교체하면 대규모 장애가 나므로 핀닝은 제한된 환경에서만 신중히 도입하는 것이 일반적입니다.	키 핀셋 교체									security	authentication	https	
Q829	동적 클라이언트 등록(Dynamic Client Registration)		Backend - 인증/인가	18	INITIALS	HARD	OIDC에서 클라이언트(앱)가 런타임에 등록되어 client_id 등을 발급받는 메커니즘을 무엇이라고 하는가?	동적 클라이언트 등록(Dynamic Client Registration)은 OIDC 확장 기능 중 하나입니다. 자동화에 유리하지만 등록 정책이 느슨하면 악성 클라이언트가 난립할 위험이 있습니다. 면접에서는 보안적으로 어떤 통제가 필요한지(승인, 제한, 검증)를 물을 수 있습니다. 실무에서는 허용된 등록 채널, 소유자 검증, redirect URI 검증을 특히 엄격히 해야 합니다. 관리되지 않은 등록은 피싱/토큰 탈취 위험을 키울 수 있어 운영 정책이 핵심입니다.	동적 클라이언트 등록									security	authentication	oidc	
Q830	페어와이즈 키(Per-user Key Derivation)		Security - 암호화	55	INITIALS	HARD	사용자마다 다른 키를 파생시켜 데이터/토큰 보호에 활용하는 키 파생 전략을 무엇이라고 하는가?	페어와이즈 키(Per-user Key Derivation)는 사용자 단위로 키를 분리해 피해 범위를 줄이는 전략입니다. 한 키가 깨져도 전체가 무너지지 않게 만드는 목적이 있습니다. 면접에서는 키 파생(KDF)과 솔트/파라미터 관리의 중요성을 물을 수 있습니다. 실무에서는 키 파생을 잘못하면 복호화 불능(데이터 영구 손실)로 이어질 수 있어 운영 설계가 중요합니다. 또한 접근 통제와 키 관리(KMS)와 결합해 전체 체계를 잡아야 효과가 큽니다.	페어와이즈 키									security	authentication	crypto	
Q831	스코프 인플레이션(Scope Inflation)		Security - 취약점	53	INITIALS	HARD	토큰이 가져야 할 것보다 더 넓은 스코프/권한을 부여받아 권한 과대가 발생하는 문제를 무엇이라고 하는가?	스코프 인플레이션(Scope Inflation)은 OAuth 권한 설계에서 자주 발생하는 실수입니다. 편의 때문에 광범위 스코프를 주면 침해 시 피해가 커집니다. 면접에서는 최소 권한 원칙을 스코프 설계에 적용하는지 질문합니다. 실무에서는 읽기/쓰기 분리, 리소스 단위 분리, 동의 화면에서의 투명성이 중요합니다. 스코프가 커지면 인가 검증도 느슨해지기 쉬워 정책과 테스트로 지속적으로 관리해야 합니다.	스코프 인플레이션									security	authentication	oauth	
Q832	인가 정책 드리프트(Policy Drift)		Security - 인증/인가	52	INITIALS	HARD	시간이 지나며 코드/설정/정책이 어긋나 실제 인가 규칙이 의도와 다르게 변질되는 현상을 무엇이라고 하는가?	인가 정책 드리프트(Policy Drift)는 대규모 서비스에서 흔히 생기는 운영 문제입니다. 일부 엔드포인트에만 예외 로직이 붙거나, 문서와 구현이 달라지는 형태로 나타납니다. 면접에서는 이를 어떻게 예방/탐지할지(정책 중앙화, 테스트, 감사)를 묻습니다. 실무에서는 정책을 코드로 선언하고 자동 테스트로 엔드포인트 커버리지를 검증하는 방식이 도움이 됩니다. 드리프트는 곧 권한 누락이나 과대 권한으로 이어져 보안 사고로 연결될 수 있습니다.	인가 정책 드리프트									security	authentication	authorization	
Q833	엔드포인트 커버리지 테스트(Authorization Coverage Test)		Backend - 테스트	22	INITIALS	HARD	모든 보호 엔드포인트가 인증/인가 미들웨어를 반드시 거치도록 자동 검증하는 테스트 전략을 무엇이라고 하는가?	엔드포인트 커버리지 테스트(Authorization Coverage Test)는 인증 우회를 막는 실무적인 안전장치입니다. 특정 경로가 필터에서 빠지는 순간 큰 사고로 이어질 수 있습니다. 면접에서는 “deny-by-default를 어떻게 테스트로 보장하나”를 질문할 수 있습니다. 실무에서는 라우트 목록을 수집해 보안 어노테이션/필터 적용 여부를 검증하거나, 보호 정책 매트릭스를 테스트로 고정합니다. 단위 테스트만으로는 부족할 수 있어 통합 테스트와 함께 운영하는 것이 좋습니다.	엔드포인트 커버리지 테스트									security	authentication	test	
Q834	세션 인덱스(Session Index)		Backend - 인증/인가	18	INITIALS	HARD	사용자/기기 기준으로 세션을 빠르게 조회·무효화하기 위해 세션을 역색인 형태로 관리하는 구조를 무엇이라고 하는가?	세션 인덱스(Session Index)는 “모든 기기 로그아웃” 같은 기능을 빠르게 만들기 위한 구조입니다. 세션 ID만 있으면 사용자 기준 삭제가 어렵기 때문에 인덱스가 필요합니다. 면접에서는 세션 저장소 설계에서 어떤 키 구조가 필요한지 질문할 수 있습니다. 실무에서는 user_id → [session_ids] 같은 구조를 Redis Set으로 두고 TTL과 함께 관리합니다. 인덱스가 깨지면 무효화가 누락될 수 있어 원자적 업데이트와 정합성 점검이 중요합니다.	세션 인덱스									security	authentication	session	
Q835	토큰 바인딩 컨텍스트(Token Binding Context)		Security - 인증/인가	52	INITIALS	HARD	PoP/바인딩에서 “어떤 키/디바이스/세션에 묶여 있는가”를 표현하는 검증 컨텍스트를 무엇이라고 하는가?	토큰 바인딩 컨텍스트(Token Binding Context)는 바인딩 검증의 기준이 되는 정보 집합입니다. 키 지문, 디바이스 ID, mTLS 인증서 지문 등으로 구성될 수 있습니다. 면접에서는 바인딩에 어떤 신호를 쓰고, 어떤 신호가 취약한지 질문할 수 있습니다. 실무에서는 신호의 안정성과 프라이버시, 변경 가능성을 함께 고려해야 합니다. 컨텍스트가 자주 바뀌면 정상 사용자가 계속 튕기고, 너무 느슨하면 탈취 재사용을 못 막아 균형 설계가 핵심입니다.	토큰 바인딩 컨텍스트									security	authentication	token	
Q836	액세스 토큰 하향 권한(Downgraded Access Token)		Backend - 인증/인가	18	INITIALS	HARD	같은 사용자라도 상황(리스크/스텝업 여부)에 따라 더 제한된 스코프/권한의 토큰을 발급하는 전략을 무엇이라고 하는가?	액세스 토큰 하향 권한(Downgraded Access Token)은 위험 기반 설계에서 유용한 패턴입니다. 예를 들어 MFA를 통과하지 않으면 읽기 전용 토큰만 발급하는 식입니다. 면접에서는 “스텝업이 안 된 사용자에게 어떤 권한을 줄 것인가”를 시나리오로 묻습니다. 실무에서는 권한 모델이 복잡해지므로 정책 엔진/스코프 설계를 체계화해야 합니다. 하향 토큰이 섞이면 API마다 요구 스코프가 달라져 테스트와 문서화가 중요해집니다.	액세스 토큰 하향 권한									security	authentication	oauth	
Q837	신뢰 저장소(Trust Store)		Security - 네트워크 보안	54	INITIALS	HARD	TLS/mTLS에서 신뢰할 루트/중간 인증서를 보관하고 검증에 사용하는 저장소를 무엇이라고 하는가?	신뢰 저장소(Trust Store)는 인증 체인 검증의 출발점입니다. 어떤 CA를 신뢰하느냐에 따라 허용되는 인증서가 달라집니다. 면접에서는 키스토어/트러스트스토어 구분과 운영 방법을 물을 수 있습니다. 실무에서는 내부 CA를 쓸 경우 배포/갱신 체계가 중요하고, 잘못 배포하면 통신이 전부 실패할 수 있습니다. 신뢰 저장소는 보안 경계이자 장애 포인트이므로 변경 관리와 모니터링이 필수입니다.	신뢰 저장소									security	authentication	tls	
Q838	키스토어(Key Store)		Security - 네트워크 보안	54	INITIALS	HARD	서버가 자신의 개인키/인증서를 보관하고 TLS 핸드셰이크에서 사용하기 위한 저장소를 무엇이라고 하는가?	키스토어(Key Store)는 서버의 개인키와 인증서를 안전하게 보관하는 저장소입니다. 트러스트스토어가 “남을 신뢰”한다면, 키스토어는 “내 신원”을 보관한다고 보면 이해가 쉽습니다. 면접에서는 키스토어/트러스트스토어 차이와 배포 이슈를 묻기도 합니다. 실무에서는 키 파일 권한, 암호화, 접근 통제, 교체 자동화가 중요합니다. 키스토어가 유출되면 서버 인증이 붕괴할 수 있으니 시크릿 관리 체계와 함께 운영해야 합니다.	키스토어									security	authentication	tls	
Q839	상호 TLS(mTLS)		Security - 네트워크 보안	54	INITIALS	HARD	서버뿐 아니라 클라이언트도 인증서로 신원을 증명해 양방향으로 인증하는 TLS 구성을 무엇이라고 하는가?	상호 TLS(mTLS)는 서비스 간 인증을 강하게 만들 수 있는 방법입니다. 클라이언트 인증서를 통해 요청 주체를 식별할 수 있습니다. 면접에서는 mTLS가 해결하는 문제와 남는 문제(인가/세분 권한)를 구분해 설명하는지 봅니다. 실무에서는 인증서 발급/회전/폐기 운영이 가장 큰 난제이며, 이를 자동화하지 않으면 장애가 반복됩니다. mTLS는 강력하지만 운영 비용이 큰 만큼 적용 범위를 신중히 선택해야 합니다.	상호 TLS									security	authentication	tls	
Q840	인증서 핀닝(Certificate Pinning)		Network - 보안 및 HTTPS	32	INITIALS	HARD	클라이언트가 특정 인증서(또는 공개키)에만 신뢰를 고정해 위조 인증서 기반 공격을 어렵게 만드는 기법을 무엇이라고 하는가?	인증서 핀닝(Certificate Pinning)은 중간자 공격에서 위조 인증서 사용을 줄이기 위한 기술입니다. 운영 중 인증서 교체가 발생하면 앱이 통신 불능이 될 수 있어 리스크가 큽니다. 면접에서는 핀닝이 왜 “보안은 강하지만 운영은 위험”한지 자주 묻습니다. 실무에서는 다중 핀(현재/다음)과 롤백 전략, 단계적 배포가 필수입니다. 브라우저 환경에서는 제한이 많고, 통제 가능한 모바일 앱에서 제한적으로 사용되는 경우가 많습니다.	인증서 핀닝									security	authentication	https	
Q841	공개키 인프라(PKI)		Security - 암호화	55	INITIALS	HARD	인증서 발급/검증을 통해 공개키 신뢰를 관리하는 인프라 체계를 무엇이라고 하는가?	공개키 인프라(PKI)는 인증서와 CA를 기반으로 신뢰 체인을 구성하는 체계입니다. HTTPS, mTLS 같은 핵심 보안 기술이 PKI 위에서 동작합니다. 면접에서는 CA/중간CA/루트CA 역할과 체인 검증을 설명하라고 할 수 있습니다. 실무에서는 인증서 수명 관리, 철회(OCSP/CRL), 신뢰 저장소 운영이 중요합니다. PKI를 이해하면 “왜 인증서 하나 만료가 대규모 장애로 이어지는지”까지 설명할 수 있습니다.	공개키 인프라									security	authentication	pki	
Q842	신뢰 앵커(Trust Anchor)		Security - 네트워크 보안	54	INITIALS	HARD	인증서 체인 검증에서 최상위로 신뢰되는 루트 기준(루트 CA 등)을 무엇이라고 하는가?	신뢰 앵커(Trust Anchor)는 체인 오브 트러스트의 시작점입니다. 검증기는 신뢰 앵커를 기준으로 인증서 체인을 따라 내려오며 유효성을 확인합니다. 면접에서는 “어떤 것을 신뢰로 삼는가”를 정확히 설명하는지 봅니다. 실무에서는 신뢰 저장소 업데이트가 곧 신뢰 앵커 변경이 될 수 있어 변경 관리가 중요합니다. 잘못된 앵커 추가는 악성 인증서를 신뢰하게 만드는 심각한 보안 사고로 이어질 수 있습니다.	신뢰 앵커									security	authentication	trust	
Q843	인증서 경로 검증(Cert Path Validation)		Security - 네트워크 보안	54	INITIALS	HARD	인증서가 루트까지 올바른 체인으로 연결되는지와 각 단계의 유효성을 검사하는 절차를 무엇이라고 하는가?	인증서 경로 검증(Cert Path Validation)은 TLS 인증의 핵심 절차입니다. 단순히 인증서 하나만 보는 것이 아니라 중간 인증서까지 포함한 경로를 검증합니다. 면접에서는 체인 누락, 중간 인증서 만료, 신뢰 저장소 문제 같은 장애 원인을 물을 수 있습니다. 실무에서는 서버가 올바른 체인을 제공하도록 구성하고, 클라이언트 신뢰 저장소와 호환성도 고려해야 합니다. 경로 검증 실패는 곧 통신 실패이므로 모니터링과 사전 점검이 중요합니다.	인증서 경로 검증									security	authentication	tls	
Q844	알지(alg) 강제(Algorithm Enforcement)		Security - 취약점	53	INITIALS	HARD	JWT 검증 시 토큰이 주장하는 alg를 그대로 믿지 않고 서버 허용 목록으로 고정해 검증하는 원칙을 무엇이라고 하는가?	알지(alg) 강제(Algorithm Enforcement)는 알고리즘 혼동 공격을 막는 기본 원칙입니다. 토큰 헤더의 alg를 신뢰하면 none/약한 알고리즘 유도 같은 위험이 생깁니다. 면접에서는 허용 알고리즘을 어디에서 강제해야 하는지(서버 정책) 질문이 나옵니다. 실무에서는 라이브러리 기본값에 의존하지 말고, 명시적으로 허용 목록을 설정하는 것이 안전합니다. 이 원칙이 빠지면 인증 검증이 우회될 수 있어 치명적입니다.	알지 강제									security	authentication	jwt	
Q845	제이더블유티 헤더 신뢰 문제(JWT Header Trust Issue)		Security - 취약점	53	INITIALS	HARD	kid/alg 같은 JWT 헤더 값을 신뢰해 키 선택이나 검증 로직이 흔들리는 취약성 범주를 무엇이라고 하는가?	제이더블유티 헤더 신뢰 문제(JWT Header Trust Issue)는 kid/alg 혼동 문제를 포괄하는 표현입니다. 헤더는 공격자가 조작할 수 있는 입력이므로 신뢰하면 안 됩니다. 면접에서는 “헤더는 힌트일 뿐”이라는 원칙을 아는지 확인합니다. 실무에서는 키 선택은 화이트리스트 기반으로만 하고, 알고리즘도 서버 정책으로 강제해야 합니다. 헤더를 파일 경로나 URL로 직접 쓰는 구현은 즉시 제거해야 할 위험 패턴입니다.	제이더블유티 헤더 신뢰 문제									security	authentication	jwt	
Q846	제이더블유케이에스 캐시 전략(JWKS Cache Strategy)		Backend - 인증/인가	18	INITIALS	HARD	JWKS를 매 요청마다 받지 않고 캐싱하되 키 회전 시 갱신을 안전하게 처리하는 전략을 무엇이라고 하는가?	제이더블유케이에스 캐시 전략(JWKS Cache Strategy)은 JWT 검증의 성능과 안정성을 좌우합니다. 캐시가 없으면 인증 서버/키 서버에 과부하가 걸릴 수 있습니다. 면접에서는 키 회전 시 401 급증을 어떻게 줄일지 질문이 나올 수 있습니다. 실무에서는 TTL 기반 캐시 + kid 미스매치 시 강제 갱신 + 백오프 재시도를 조합합니다. 캐시를 너무 오래 잡으면 구키가 남아 보안이 약해질 수 있어 균형이 필요합니다.	제이더블유케이에스 캐시 전략									security	authentication	jwks	
Q847	키 롤오버(Key Rollover)		Security - 암호화	55	INITIALS	HARD	서명 키를 새 키로 전환하면서 일정 기간 구키/신키를 병행 운영하는 전환 절차를 무엇이라고 하는가?	키 롤오버(Key Rollover)는 무중단 키 교체를 위한 필수 절차입니다. 서명은 신키로, 검증은 구키/신키 병행이 일반적입니다. 면접에서는 롤오버에서 kid 운영과 캐시 무효화를 연결해 물을 수 있습니다. 실무에서는 전환 기간, 모니터링, 롤백 플랜이 없으면 인증 실패로 대규모 장애가 날 수 있습니다. 반대로 전환 기간이 너무 길면 구키 유출 위험이 오래 남으니 최소화해야 합니다.	키 롤오버									security	authentication	key	
Q848	서브젝트 대체자(Subject Alternative Name)		Security - 네트워크 보안	54	INITIALS	HARD	TLS 인증서에서 도메인/호스트 이름을 담아 검증에 사용하는 확장 필드를 무엇이라고 하는가?	서브젝트 대체자(Subject Alternative Name)는 현대 TLS에서 도메인 검증의 핵심입니다. CN보다 SAN을 우선 사용하는 것이 표준적 동작입니다. 면접에서는 인증서 이름 검증 실패 원인으로 SAN 누락 사례를 질문할 수 있습니다. 실무에서는 와일드카드, 멀티 SAN, 서브도메인 구성에 맞게 정확히 발급해야 합니다. SAN 구성 실수는 곧 서비스 접속 불가로 이어질 수 있어 발급 자동화와 검증이 중요합니다.	서브젝트 대체자									security	authentication	tls	
Q849	호스트 이름 검증(Hostname Verification)		Security - 네트워크 보안	54	INITIALS	HARD	TLS 연결에서 서버 인증서의 도메인 이름이 요청한 호스트와 일치하는지 확인하는 절차를 무엇이라고 하는가?	호스트 이름 검증(Hostname Verification)은 TLS 보안의 필수 구성 요소입니다. 인증서가 유효해도 다른 도메인용이면 신뢰하면 안 됩니다. 면접에서는 “체인 검증만으로 충분한가”라는 질문으로 호스트 검증을 끌어내기도 합니다. 실무에서는 프록시/게이트웨이 환경에서 SNI와 호스트 검증이 꼬일 수 있어 주의해야 합니다. 검증이 꺼져 있으면 중간자 공격에 매우 취약해질 수 있습니다.	호스트 이름 검증									security	authentication	tls	
Q850	에스엔아이(SNI)		Security - 네트워크 보안	54	INITIALS	HARD	하나의 IP에서 여러 도메인의 TLS 인증서를 올바르게 선택하도록 클라이언트가 서버에 호스트 정보를 전달하는 확장을 무엇이라고 하는가?	에스엔아이(SNI)는 멀티 도메인 TLS 운영에 핵심적인 확장입니다. 서버는 SNI로 어떤 인증서를 제시할지 결정할 수 있습니다. 면접에서는 “왜 한 IP에 여러 인증서를 쓸 수 있나”라는 질문으로 이어질 수 있습니다. 실무에서는 SNI 설정 누락 시 인증서 불일치로 장애가 날 수 있어 배포 검증이 중요합니다. 보안적으로는 SNI가 평문으로 보일 수 있는 이슈가 있어 ESNI/ECH 같은 후속 기술도 함께 참고할 수 있습니다.	에스엔아이									security	authentication	tls	
Q851	이씨에이치(ECH)		Security - 네트워크 보안	54	INITIALS	HARD	TLS에서 SNI 같은 민감한 핸드셰이크 정보를 암호화해 프라이버시를 강화하는 기술을 무엇이라고 하는가?	이씨에이치(ECH)는 Encrypted ClientHello로, SNI 등 일부 핸드셰이크 정보를 암호화하는 기술입니다. 네트워크 관찰자가 접속 도메인을 쉽게 알아내기 어렵게 만듭니다. 면접에서는 전통 TLS에서 어떤 정보가 노출되는지 질문이 나올 수 있습니다. 실무에서는 지원 인프라(클라이언트/서버/중간장비) 호환성이 관건이라 점진 도입이 일반적입니다. 인증/보안뿐 아니라 프라이버시 관점에서도 중요한 흐름입니다.	이씨에이치									security	authentication	tls	
Q852	권한 증명 키 분리(Key Separation)		Security - 암호화	55	INITIALS	HARD	서로 다른 목적(서명/암호화/토큰/DB)을 같은 키로 재사용하지 않고 분리하는 원칙을 무엇이라고 하는가?	권한 증명 키 분리(Key Separation)는 암호 운영의 기본 원칙입니다. 목적이 다른 곳에서 키를 공유하면 한 곳의 유출이 전체로 번집니다. 면접에서는 키 분리가 왜 필요한지와 실제 적용 예를 설명하라고 할 수 있습니다. 실무에서는 서명 키, 암호화 키, 세션 시크릿, 외부 API 키를 모두 분리하고 접근 권한도 최소화합니다. 키 분리는 보안뿐 아니라 사고 대응(회전/영향 범위 축소)에도 큰 도움이 됩니다.	권한 증명 키 분리									security	authentication	crypto	
Q853	키 사용 정책(Key Usage Policy)		Security - 네트워크 보안	54	INITIALS	HARD	인증서가 어떤 용도(서명, 키 교환, 클라이언트 인증 등)로 사용될 수 있는지를 제한하는 정책/확장을 무엇이라고 하는가?	키 사용 정책(Key Usage Policy)은 인증서 오남용을 막는 중요한 제약입니다. 용도에 맞지 않는 인증서로 인증을 시도하면 검증이 실패할 수 있습니다. 면접에서는 Key Usage와 Extended Key Usage의 역할을 물을 수 있습니다. 실무에서는 서버 인증서와 클라이언트 인증서의 EKU 설정을 정확히 맞춰야 mTLS가 정상 동작합니다. 발급 정책이 느슨하면 보안이 약해지고, 너무 엄격하면 운영이 어려워져 균형이 필요합니다.	키 사용 정책									security	authentication	pki	
Q854	세션 무효화 전파(Session Invalidation Propagation)		Backend - 인증/인가	18	INITIALS	HARD	분산 환경에서 한 노드에서 세션을 무효화했을 때 다른 노드에도 즉시 반영되도록 전파하는 문제를 무엇이라고 하는가?	세션 무효화 전파(Session Invalidation Propagation)는 분산 시스템에서 자주 놓치는 포인트입니다. 노드별 메모리 세션이면 전파가 어렵고, 외부 세션 저장소를 쓰면 해결이 쉬워집니다. 면접에서는 세션 기반 인증이 분산에서 겪는 어려움을 설명하라고 할 수 있습니다. 실무에서는 중앙 세션 저장소, Pub/Sub 무효화 이벤트, 세션 버전 전략 등을 조합합니다. 전파가 안 되면 로그아웃이 먹히지 않거나 차단된 사용자가 계속 접근하는 보안 문제가 생깁니다.	세션 무효화 전파									security	authentication	session	
Q855	강제 암호화 전송(Transport Enforcement)		Network - 보안 및 HTTPS	32	INITIALS	HARD	민감 정보(토큰/쿠키)가 포함된 요청이 반드시 TLS로만 오가도록 강제하는 설계 원칙을 무엇이라고 하는가?	강제 암호화 전송(Transport Enforcement)은 인증 정보를 보호하는 기본 원칙입니다. HTTP로 내려가면 쿠키/토큰이 노출될 수 있습니다. 면접에서는 HSTS, Secure 쿠키, 리다이렉트 전략을 함께 물을 수 있습니다. 실무에서는 로드밸런서 뒤에서 TLS를 종료하더라도 내부 구간 암호화 여부를 정책으로 결정해야 합니다. 전송 계층 보안이 약하면 애플리케이션 레벨 인증이 아무리 좋아도 공격에 취약해집니다.	강제 암호화 전송									security	authentication	https	
Q856	권한 변경 감사 추적(Privilege Change Auditing)		Security - 인증/인가	52	INITIALS	HARD	역할/권한 변경이 언제 누구에 의해 일어났는지 추적 가능하게 기록하는 감사 체계를 무엇이라고 하는가?	권한 변경 감사 추적(Privilege Change Auditing)은 내부자 사고와 침해 대응에서 특히 중요합니다. 권한이 바뀌면 시스템의 보안 경계가 즉시 달라지기 때문입니다. 면접에서는 어떤 필드를 반드시 남겨야 하는지(주체, 대상, 이전/이후, 사유) 질문이 나옵니다. 실무에서는 변경 이벤트를 불변 로그로 남기고, 관리자 권한 변경은 별도 알림/승인 절차를 두기도 합니다. 감사 추적이 없으면 사고 원인 분석이 불가능해져 대응이 늦어질 수 있습니다.	권한 변경 감사 추적									security	authentication	audit	
Q857	토큰 최소 클레임(Token Minimal Claims)		Backend - 인증/인가	18	INITIALS	HARD	토큰에 필요한 최소한의 클레임만 담아 개인정보 노출과 오용 위험을 줄이는 설계 원칙을 무엇이라고 하는가?	토큰 최소 클레임(Token Minimal Claims)은 JWT 설계에서 매우 중요한 원칙입니다. 토큰은 로그/프록시/클라이언트 저장 등 여러 곳에 노출될 수 있습니다. 면접에서는 PII를 토큰에 넣는 것이 왜 위험한지 설명하라고 할 수 있습니다. 실무에서는 사용자 식별자는 내부 ID로, 민감 정보는 서버 조회로 가져오는 방식이 안전합니다. 클레임이 많아지면 토큰 크기도 커져 성능에도 영향을 주니 보안과 성능 모두에서 최소화가 유리합니다.	토큰 최소 클레임									security	authentication	jwt	
Q858	인가 결정 캐싱(Policy Decision Caching)		Security - 인증/인가	52	INITIALS	HARD	정책 엔진(PDP)의 인가 결정 결과를 캐싱해 지연을 줄이는 최적화 전략을 무엇이라고 하는가?	인가 결정 캐싱(Policy Decision Caching)은 정책 기반 인가에서 성능을 위해 자주 필요합니다. 하지만 캐시를 쓰면 정책 변경/권한 변경이 즉시 반영되지 않을 수 있습니다. 면접에서는 캐시 키 설계(주체/리소스/환경)와 무효화 전략을 묻기도 합니다. 실무에서는 짧은 TTL, 정책 버전 포함, 변경 이벤트 기반 무효화를 조합합니다. 잘못 캐싱하면 “권한이 없는데도 허용” 같은 치명적 문제가 생겨 보수적으로 설계해야 합니다.	인가 결정 캐싱									security	authentication	authorization	
Q859	정책 버저닝(Policy Versioning)		Security - 인증/인가	52	INITIALS	HARD	인가 정책을 버전으로 관리해 배포/롤백/검증을 가능하게 하고 캐시 무효화에도 활용하는 전략을 무엇이라고 하는가?	정책 버저닝(Policy Versioning)은 정책 기반 인가를 안정적으로 운영하기 위한 핵심입니다. 정책 변경은 곧 권한 변경이므로 코드 배포처럼 취급해야 합니다. 면접에서는 정책 롤백과 안전 배포(점진 적용)를 어떻게 할지 질문이 나올 수 있습니다. 실무에서는 정책 버전을 응답/캐시에 포함하고, 버전 불일치 시 재평가하도록 설계하면 정합성이 좋아집니다. 버저닝이 없으면 변경 이력이 사라져 장애/사고 분석이 어려워집니다.	정책 버저닝									security	authentication	policy	
Q860	권한 위임 증명(Delegation Proof)		Security - 인증/인가	52	INITIALS	HARD	사용자/서비스가 다른 주체에게 특정 범위의 권한을 위임했다는 사실을 추적·증명하기 위한 증빙 개념을 무엇이라고 하는가?	권한 위임 증명(Delegation Proof)은 “누가 누구에게 무엇을 위임했는가”를 명확히 하기 위한 개념입니다. 단순히 권한이 있다/없다를 넘어 위임의 근거와 범위를 설명할 수 있어야 합니다. 면접에서는 대리 접근(임시 권한) 시나리오에서 감사/추적을 어떻게 설계할지 묻습니다. 실무에서는 위임 토큰, 위임 테이블, 승인 워크플로우, 만료 정책 등을 조합합니다. 위임 증명이 없으면 사고 발생 시 책임 추적이 어려워져 보안 운영이 불가능해질 수 있습니다.	권한 위임 증명									security	authentication	delegation	
Q861	대리자 접근(Acting as / Impersonation)		Security - 인증/인가	52	INITIALS	HARD	관리자가 특정 사용자로 “대리 로그인/대리 수행”을 하는 기능 또는 개념을 무엇이라고 하는가?	대리자 접근(Acting as / Impersonation)은 CS/운영에서 편의가 크지만 오남용 위험이 큽니다. 관리자 권한으로 사용자 데이터를 조회·수정할 수 있기 때문에 통제 장치가 필수입니다. 면접에서는 대리 접근 기능을 안전하게 설계하는 방법(승인, 감사 로그, 제한 범위)을 물을 수 있습니다. 실무에서는 대리 세션에 명확한 마킹, 강제 만료, 특정 기능 제한을 둡니다. 감사가 약하면 내부자 사고로 이어질 수 있어 “기능 구현”보다 “통제 설계”가 더 중요합니다.	대리자 접근									security	authentication	admin	
Q862	관리자 브레이크글라스(Break-glass Access)		Security - 인증/인가	52	INITIALS	HARD	비상 상황에서만 제한적으로 관리자 권한을 일시 부여하고 이후 강한 감사/승인을 요구하는 접근을 무엇이라고 하는가?	관리자 브레이크글라스(Break-glass Access)는 장애 대응과 보안을 동시에 만족시키기 위한 패턴입니다. 평소에는 강한 제한을 두고, 비상시에만 예외 접근을 허용합니다. 면접에서는 “운영자가 필요한데 권한을 최소화하려면?” 같은 질문에서 등장합니다. 실무에서는 접근 사유 입력, 다중 승인, 자동 만료, 사후 리뷰를 필수로 둡니다. 브레이크글라스가 상시 사용되면 의미가 사라지므로 사용 빈도와 남용을 모니터링해야 합니다.	관리자 브레이크글라스									security	authentication	admin	
Q863	최소 권한 원칙(Principle of Least Privilege)		Security - 인증/인가	52	INITIALS	HARD	사용자/서비스/프로세스에 필요한 최소한의 권한만 부여하는 보안 원칙을 무엇이라고 하는가?	최소 권한 원칙(Principle of Least Privilege)은 거의 모든 보안 설계의 출발점입니다. 권한이 과하면 침해 시 피해 범위가 급격히 커집니다. 면접에서는 RBAC/ABAC 설계에서 최소 권한을 어떻게 적용할지 사례로 묻습니다. 실무에서는 기본 거부(deny-by-default)와 세분 권한, 임시 권한 부여를 조합해 적용합니다. 원칙은 쉬워 보이지만 운영 현실 때문에 무너지기 쉬워 지속적인 정책 점검과 자동 테스트가 중요합니다.	최소 권한 원칙									security	authentication	authorization	
Q864	권한 경계(Privilege Boundary)		Security - 인증/인가	52	INITIALS	HARD	서로 다른 권한 영역(사용자/관리자/서비스 등)이 넘어가면 안 되는 경계를 무엇이라고 하는가?	권한 경계(Privilege Boundary)는 보안 모델을 설계할 때 반드시 정의해야 하는 개념입니다. 경계가 모호하면 “어디까지 허용인가”가 불명확해져 취약점이 생깁니다. 면접에서는 경계를 어떻게 식별하고 시스템에 구현하는지(서비스 분리, 정책, 네트워크) 묻습니다. 실무에서는 경계마다 다른 인증 수단(MFA), 다른 세션 정책, 다른 감사 수준을 적용합니다. 경계가 깨지면 권한 상승 경로가 열리므로 설계 단계에서부터 명확히 잡아야 합니다.	권한 경계									security	authentication	boundary	
Q865	신뢰 경계(Trust Boundary)		Security - 취약점	53	INITIALS	HARD	신뢰할 수 있는 영역과 신뢰할 수 없는 영역이 갈라지는 경계를 무엇이라고 하는가?	신뢰 경계(Trust Boundary)는 입력 검증과 인증/인가가 적용되는 지점을 결정합니다. 외부에서 들어오는 모든 입력은 신뢰할 수 없다고 가정해야 합니다. 면접에서는 “어디서 검증을 해야 하는가”를 신뢰 경계로 설명할 수 있어야 합니다. 실무에서는 프록시/게이트웨이, 내부 서비스 간 호출, 메시지 큐 경계 등 다양한 곳에 존재합니다. 신뢰 경계가 흐려지면 내부 호출을 무조건 신뢰해 우회가 생길 수 있어 경계 기준을 문서화하고 테스트해야 합니다.	신뢰 경계									security	authentication	boundary	
Q866	인가 바이패스(Authorization Bypass)		Security - 취약점	53	INITIALS	HARD	보호되어야 할 기능이 인증/인가 체크를 거치지 않아 우회 접근이 가능한 취약성을 무엇이라고 하는가?	인가 바이패스(Authorization Bypass)는 실제 사고로 가장 자주 이어지는 취약점 유형 중 하나입니다. 특정 엔드포인트가 필터/미들웨어에서 빠지거나 예외 처리로 뚫리는 형태가 흔합니다. 면접에서는 deny-by-default와 라우트 커버리지 테스트로 어떻게 막는지 질문합니다. 실무에서는 중앙 정책, 보안 미들웨어 강제, 경로/메서드 기반 테스트를 결합해 우회를 줄입니다. 우회는 단일 실수로도 발생하므로 자동화된 방어 장치가 필수입니다.	인가 바이패스									security	authentication	authorization	
Q867	아이디오알(IDOR)		Security - 취약점	53	INITIALS	HARD	사용자가 접근하면 안 되는 리소스 ID를 바꿔서 다른 사람의 데이터를 조회/수정하는 취약점을 무엇이라고 하는가?	아이디오알(IDOR)은 객체 수준 인가가 누락될 때 발생합니다. “로그인은 했지만 내 것만 접근해야 하는데 남의 것도 된다”가 핵심입니다. 면접에서는 IDOR를 어떻게 막는지(소유자 검증, 정책 엔진) 구체적으로 묻습니다. 실무에서는 리소스 접근 시 항상 주체-대상 관계를 확인하고, 단순히 role만 보지 않도록 합니다. IDOR는 테스트가 어려워 보이지만 자동화된 보안 테스트와 코드 리뷰 기준을 만들면 크게 줄일 수 있습니다.	아이디오알									security	authentication	idor	
Q868	권한 모델링(Authorization Modeling)		Security - 인증/인가	52	INITIALS	HARD	역할/리소스/행위/조건을 기반으로 인가 구조를 설계·정의하는 작업을 무엇이라고 하는가?	권한 모델링(Authorization Modeling)은 “인가를 구현하기 전에 설계하는 일”을 의미합니다. RBAC, ABAC, ReBAC 같은 패턴 중 무엇을 쓸지 결정하는 단계가 포함됩니다. 면접에서는 복잡한 도메인에서 어떤 모델이 적합한지 판단 근거를 묻습니다. 실무에서는 리소스 계층 구조, 소유 관계, 조직 구조, 임시 권한 등을 함께 고려합니다. 모델링이 부실하면 코드에 예외가 누적되어 정책 드리프트와 인가 바이패스가 생기기 쉽습니다.	권한 모델링									security	authentication	authorization	
Q869	리백(ReBAC)		Security - 인증/인가	52	INITIALS	HARD	사용자-리소스 간 “관계(relationship)”를 기반으로 접근을 제어하는 모델을 무엇이라고 하는가?	리백(ReBAC)은 Relationship-Based Access Control의 약자입니다. “팀 멤버”, “프로젝트 소유자”, “친구” 같은 관계가 권한 결정에 직접 영향을 줍니다. 면접에서는 RBAC로 표현하기 어려운 관계형 권한을 어떻게 풀지 질문할 수 있습니다. 실무에서는 그래프 구조나 관계 테이블을 기반으로 정책을 평가하며, 성능 최적화가 중요합니다. 관계 모델이 커지면 캐시/인덱스/정합성 관리가 어려워지므로 설계 단계에서 조회 패턴을 함께 고려해야 합니다.	리백									security	authentication	authorization	
Q870	정책 실행 지점(Policy Enforcement Point)		Security - 인증/인가	52	INITIALS	HARD	인가 결정을 실제 요청 처리 흐름에서 적용하고 강제하는 지점을 무엇이라고 하는가?	정책 실행 지점(Policy Enforcement Point)은 PEP로 불리며, 정책 결정(PDP) 결과를 강제하는 역할입니다. 게이트웨이, 서비스 미들웨어, 컨트롤러 레벨 등 다양한 위치가 될 수 있습니다. 면접에서는 PEP/PDP 분리를 왜 하는지 질문이 나올 수 있습니다. 실무에서는 PEP가 분산되면 일관성이 깨질 수 있어 공통 라이브러리나 중앙 게이트웨이 적용을 고려합니다. PEP가 누락된 경로가 생기면 인가 바이패스로 이어지므로 커버리지 테스트가 중요합니다.	정책 실행 지점									security	authentication	pep	
Q871	정책 결정 지점(Policy Decision Point)		Security - 인증/인가	52	INITIALS	HARD	요청의 주체/리소스/환경을 평가해 허용/거부 결정을 내리는 지점을 무엇이라고 하는가?	정책 결정 지점(Policy Decision Point)은 PDP로 불리며, 정책 기반 인가의 핵심 구성요소입니다. OPA 같은 엔진이 PDP 역할을 할 수 있습니다. 면접에서는 PDP가 단일 장애 지점이 될 때 어떻게 할지 질문이 나옵니다. 실무에서는 캐시, 다중화, 장애 시 기본 정책(deny/allow)을 명확히 정해야 합니다. PDP 설계가 탄탄하면 정책 변경이 코드 배포 없이 가능해지지만, 운영 복잡도가 늘어나는 점도 함께 고려해야 합니다.	정책 결정 지점									security	authentication	pdp	
Q872	커스텀 클레임 검증(Custom Claim Validation)		Backend - 인증/인가	18	INITIALS	HARD	표준 클레임(iss/aud/exp) 외에 서비스 정책에 맞는 커스텀 클레임까지 검증하는 절차를 무엇이라고 하는가?	커스텀 클레임 검증(Custom Claim Validation)은 실제 서비스 보안에서 매우 중요합니다. 표준 검증만 통과해도 서비스 정책을 위반한 토큰이 존재할 수 있습니다. 면접에서는 azp, tenant, role, scope 같은 클레임을 어떤 규칙으로 검증할지 묻습니다. 실무에서는 클레임 스키마를 문서화하고, 허용 값 범위를 엄격히 제한합니다. 클레임이 늘어날수록 혼동과 우회 가능성이 커지므로 최소 클레임 원칙과 함께 관리하는 것이 좋습니다.	커스텀 클레임 검증									security	authentication	jwt	
Q873	토큰 서명 검증 실패 분석(Signature Failure Analysis)		Backend - 테스트	22	INITIALS	HARD	JWT 서명 검증 실패가 발생했을 때 원인(키 회전, 캐시, alg, kid)을 분해해 진단하는 운영/분석 영역을 무엇이라고 하는가?	토큰 서명 검증 실패 분석(Signature Failure Analysis)은 실무에서 장애 대응에 매우 자주 등장합니다. 키 회전 직후 401이 급증하는 등 패턴이 뚜렷할 때가 많습니다. 면접에서는 “키 회전 중 401이 터지면 어디부터 보나”로 물을 수 있습니다. 실무에서는 JWKS 캐시 갱신, kid 매칭, 허용 알고리즘, 시간 동기화(iat/exp)까지 순서대로 점검합니다. 분석 체계가 없으면 인증 장애가 장기화되므로 로그/메트릭을 미리 설계해두는 게 중요합니다.	토큰 서명 검증 실패 분석									security	authentication	jwt	
Q874	시간 동기화(Time Synchronization)		Network - 보안 및 HTTPS	32	INITIALS	HARD	토큰 exp/nbf, TLS 검증 등 시간 기반 검증이 정상 동작하도록 서버 시간이 정확히 맞춰져야 하는 요구를 무엇이라고 하는가?	시간 동기화(Time Synchronization)는 인증·암호에서 생각보다 자주 장애 원인이 됩니다. 서버 시간이 틀리면 아직 유효한 토큰이 만료로 처리되거나 TLS 검증이 실패할 수 있습니다. 면접에서는 NTP와 보안 시스템의 연관성을 물어볼 수 있습니다. 실무에서는 NTP를 통해 시간을 맞추고, 시간 드리프트 모니터링을 둡니다. 시간 기반 검증은 보안의 핵심이므로 인프라 레벨에서 반드시 관리되어야 합니다.	시간 동기화									security	authentication	time	
Q875	토큰 유효 기간 설계(Token Lifetime Design)		Security - 인증/인가	52	INITIALS	HARD	액세스/리프레시 토큰의 만료 시간을 리스크와 UX를 고려해 설계하는 작업을 무엇이라고 하는가?	토큰 유효 기간 설계(Token Lifetime Design)는 성능·보안·UX의 균형 문제입니다. 액세스 토큰이 길면 탈취 시 피해가 크고, 짧으면 재발급 트래픽이 늘어납니다. 면접에서는 “왜 액세스는 짧게, 리프레시는 길게” 같은 원리를 설명하라고 할 수 있습니다. 실무에서는 민감 API는 더 짧게, 고위험 계정은 재인증을 더 자주 요구하는 등 차등 정책을 둡니다. 유효 기간은 사고 대응(철회 지연)에도 직접 영향을 주므로 운영 전략과 함께 정해야 합니다.	토큰 유효 기간 설계									security	authentication	token	
Q876	위험 기반 인증(Risk-based Authentication)		Security - 인증/인가	52	INITIALS	HARD	로그인/민감 작업에서 위험 신호를 평가해 추가 인증을 요구하거나 차단하는 인증 방식을 무엇이라고 하는가?	위험 기반 인증(Risk-based Authentication)은 현대 인증 시스템의 중요한 흐름입니다. 위치, 기기, 행동 패턴, 평판 등을 종합해 위험도를 계산합니다. 면접에서는 오탐/미탐을 어떻게 다룰지와 사용자 경험을 함께 묻습니다. 실무에서는 위험도가 높을 때만 스텝업(MFA)을 요구해 UX를 유지합니다. 모델/룰이 잘못되면 정상 사용자를 막거나 공격자를 통과시키므로, 지속적인 튜닝과 모니터링이 필수입니다.	위험 기반 인증									security	authentication	risk	
Q877	스텝업 인증(Step-up Authentication)		Security - 인증/인가	52	INITIALS	HARD	기본 로그인 이후 민감 작업 시점에 추가 인증(MFA 등)을 요구해 보안 수준을 올리는 방식을 무엇이라고 하는가?	스텝업 인증(Step-up Authentication)은 재인증보다 더 “강한 인증 수단”을 요구하는 방식으로 이해하면 쉽습니다. 예를 들어 비밀번호만으로 로그인했지만 결제/계정 복구에서는 MFA를 요구합니다. 면접에서는 재인증과 스텝업의 차이를 명확히 설명하는지 봅니다. 실무에서는 위험 기반 인증과 결합해 필요한 순간에만 추가 인증을 요구하는 것이 일반적입니다. 스텝업 정책이 없으면 세션 탈취 시 민감 기능이 그대로 뚫릴 수 있습니다.	스텝업 인증									security	authentication	mfa	
Q878	권한 철회 이벤트(Revocation Event)		Security - 인증/인가	52	INITIALS	HARD	토큰/세션/권한을 철회했음을 다른 서비스/캐시에 전파하기 위해 발행하는 이벤트를 무엇이라고 하는가?	권한 철회 이벤트(Revocation Event)는 분산 환경에서 즉시성/정합성을 높이는 방법입니다. 캐시 무효화, 세션 무효화 전파, 정책 갱신에 사용됩니다. 면접에서는 이벤트 기반 무효화의 장단점을 설명하라고 할 수 있습니다. 실무에서는 이벤트 전달 보장(중복/순서/지연)을 고려해야 하며, 멱등 처리도 필수입니다. 이벤트가 누락되면 철회가 반영되지 않아 보안 사고가 커질 수 있으니 관측성과 재처리 전략을 갖춰야 합니다.	권한 철회 이벤트									security	authentication	event	
Q879	보안 정책 롤백(Security Policy Rollback)		Security - 인증/인가	52	INITIALS	HARD	정책 변경으로 장애가 발생했을 때 안전하게 이전 정책으로 되돌리는 운영 절차를 무엇이라고 하는가?	보안 정책 롤백(Security Policy Rollback)은 “정책도 배포물”이라는 관점에서 매우 중요합니다. 잘못된 정책은 정상 사용자를 전부 막아 서비스 장애가 될 수 있습니다. 면접에서는 정책 변경을 어떻게 안전하게 배포할지(점진 적용, 버전, 롤백) 질문합니다. 실무에서는 정책 버전 관리, 카나리 적용, 영향 범위 모니터링을 함께 둡니다. 롤백이 없다면 보안 강화 시도 자체가 위험해져 조직이 보안을 회피하게 될 수 있습니다.	보안 정책 롤백									security	authentication	policy	
Q880	디나이 바이 디폴트(Deny-by-default)		Security - 인증/인가	52	INITIALS	HARD	명시적으로 허용된 경우에만 접근을 허용하고 나머지는 기본적으로 거부하는 보안 원칙을 무엇이라고 하는가?	디나이 바이 디폴트(Deny-by-default)는 인가 설계에서 가장 안전한 기본값입니다. 허용 규칙이 없는 경로가 자동으로 거부되므로 인가 바이패스 위험을 줄입니다. 면접에서는 allow-list 방식과의 차이, 예외 처리 위험을 묻는 경우가 많습니다. 실무에서는 새 엔드포인트가 추가될 때 기본 거부가 적용되도록 프레임워크/미들웨어를 설계합니다. 기본 허용(allow-by-default)은 작은 실수로도 대형 사고로 이어질 수 있어 피하는 것이 좋습니다.	디나이 바이 디폴트									security	authentication	authorization	
Q881	얼로우리스트(Allow-list)		Security - 인증/인가	52	INITIALS	HARD	허용할 대상/행동만 목록으로 명시하고 목록 밖은 거부하는 통제 방식을 무엇이라고 하는가?	얼로우리스트(Allow-list)는 보안에서 보수적인 접근입니다. 차단 목록(deny-list)보다 우회 가능성이 낮습니다. 면접에서는 allow-list와 deny-list의 차이와 각각의 한계를 물을 수 있습니다. 실무에서는 CORS, 리다이렉트 URI, 방화벽 규칙 등에서 allow-list가 자주 쓰입니다. 목록 관리가 부실하면 운영이 어려워지므로 자동화된 등록/검증 프로세스를 같이 설계하는 것이 좋습니다.	얼로우리스트									security	authentication	allowlist	
Q882	오픈 리다이렉트(Open Redirect)		Security - 취약점	53	INITIALS	HARD	로그인/인증 후 이동 URL을 검증 없이 받아 외부 악성 사이트로 보내 피싱을 유발하는 취약점을 무엇이라고 하는가?	오픈 리다이렉트(Open Redirect)는 인증/로그인 플로우에서 특히 자주 발생합니다. 사용자는 “정상 도메인에서 이동”했다고 믿기 쉬워 피싱 성공률이 높습니다. 면접에서는 redirect_uri 검증이 왜 중요한지로 연결 질문이 나올 수 있습니다. 실무에서는 리다이렉트 대상은 allow-list로 제한하고, 상대 경로만 허용하거나 상태값(state)와 함께 검증합니다. URL 파라미터로 임의 도메인을 받는 구조는 최대한 피하는 것이 안전합니다.	오픈 리다이렉트									security	authentication	oauth	
Q883	리다이렉트 유알아이 검증(Redirect URI Validation)		Backend - 인증/인가	18	INITIALS	HARD	OAuth/OIDC에서 redirect_uri를 등록된 값과 엄격히 매칭해 검증하는 절차를 무엇이라고 하는가?	리다이렉트 유알아이 검증(Redirect URI Validation)은 OAuth 보안의 핵심 방어입니다. 검증이 느슨하면 코드/토큰이 공격자 도메인으로 흘러갈 수 있습니다. 면접에서는 와일드카드 허용의 위험성과 exact match 필요성을 자주 묻습니다. 실무에서는 스킴/호스트/포트/경로까지 정확히 일치시키고, 필요 시 PKCE 같은 추가 장치를 함께 씁니다. 검증 규칙이 복잡해질수록 예외가 늘기 쉬우므로 등록 정책을 단순하게 유지하는 것이 유리합니다.	리다이렉트 유알아이 검증									security	authentication	oauth	
Q884	피케이씨이(PKCE)		Backend - 인증/인가	18	INITIALS	HARD	OAuth Authorization Code 플로우에서 코드 탈취를 줄이기 위해 code_verifier/challenge를 사용하는 확장을 무엇이라고 하는가?	피케이씨이(PKCE)는 공용 클라이언트(모바일/SPA)에서 필수에 가까운 보안 장치입니다. 인가 코드가 탈취되어도 verifier 없이는 토큰 교환이 어렵게 만듭니다. 면접에서는 PKCE가 어떤 공격(코드 인터셉트)을 막는지로 질문이 이어집니다. 실무에서는 S256 방식을 기본으로 쓰고, verifier는 안전하게 저장하고 1회성으로 사용합니다. PKCE만으로 모든 피싱을 막는 건 아니므로 redirect_uri/state 검증과 함께 설계해야 합니다.	피케이씨이									security	authentication	oauth	
Q885	스테이트 파라미터(State Parameter)		Backend - 인증/인가	18	INITIALS	HARD	OAuth/OIDC에서 CSRF 및 플로우 무결성을 위해 요청-응답을 연결하는 임의 값을 무엇이라고 하는가?	스테이트 파라미터(State Parameter)는 OAuth에서 CSRF 방어에 핵심입니다. 클라이언트가 만든 state를 콜백에서 그대로 검증해야 합니다. 면접에서는 state 검증을 빼면 어떤 공격이 가능한지 구체적으로 묻기도 합니다. 실무에서는 state를 예측 불가능하게 만들고, 세션/스토리지에 저장 후 1회성으로 소비합니다. state를 단순한 고정 값으로 두면 의미가 사라지므로 반드시 난수성과 수명(TTL)을 함께 관리해야 합니다.	스테이트 파라미터									security	authentication	oauth	
Q886	논스(Nonce)		Backend - 인증/인가	18	INITIALS	HARD	OIDC에서 ID 토큰 재생 공격을 줄이기 위해 요청에 포함하고 토큰에서 확인하는 nonce를 무엇이라고 하는가?	논스(Nonce)는 OIDC에서 ID 토큰의 재사용/재생을 줄이는 신호입니다. 클라이언트가 보낸 nonce가 ID 토큰 클레임에 포함되어야 합니다. 면접에서는 state와 nonce의 차이를 구분해 설명하라고 자주 묻습니다. 실무에서는 nonce도 1회성으로 관리하고, 세션/스토리지에서 소비 처리합니다. nonce를 빼면 특정 상황에서 토큰 재사용 위험이 커질 수 있어 OIDC 구현 시 빠뜨리지 않는 것이 좋습니다.	논스									security	authentication	oidc	
Q887	아이디 토큰(ID Token)		Backend - 인증/인가	18	INITIALS	HARD	OIDC에서 사용자 인증 결과(신원)를 전달하는 토큰 유형을 무엇이라고 하는가?	아이디 토큰(ID Token)은 “로그인했다”는 인증 사실과 사용자 신원 클레임을 전달하는 용도입니다. API 호출 권한을 주는 액세스 토큰과 목적이 다릅니다. 면접에서는 ID 토큰을 API 인증에 쓰면 왜 위험한지(토큰 컨퓨전)로 이어질 수 있습니다. 실무에서는 프론트가 로그인 상태를 확인하는 데 쓰고, 백엔드 API는 액세스 토큰만 받도록 분리합니다. 토큰 타입 혼동이 사고로 이어지기 쉬우므로 이름과 목적을 확실히 구분해야 합니다.	아이디 토큰									security	authentication	oidc	
Q888	액세스 토큰(Access Token)		Backend - 인증/인가	18	INITIALS	HARD	리소스 서버(API)에 접근할 권한을 나타내는 토큰을 무엇이라고 하는가?	액세스 토큰(Access Token)은 API 접근 권한을 나타내는 토큰입니다. 보통 짧은 수명으로 설계해 탈취 피해를 줄입니다. 면접에서는 액세스/리프레시 차이와 만료 전략을 묻습니다. 실무에서는 aud/scope 검증을 반드시 하고, 민감 작업은 스텝업/MFA를 추가로 요구할 수 있습니다. 토큰을 로그에 남기면 유출 사고로 이어질 수 있어 마스킹 정책이 중요합니다.	액세스 토큰									security	authentication	oauth	
Q889	리프레시 토큰(Refresh Token)		Backend - 인증/인가	18	INITIALS	HARD	액세스 토큰이 만료되었을 때 새 액세스 토큰을 재발급받기 위해 사용하는 토큰을 무엇이라고 하는가?	리프레시 토큰(Refresh Token)은 장기 세션 유지에 사용되지만 탈취 시 위험도가 큽니다. 그래서 회전, 재사용 감지, 저장소 보관 등 강화 설계가 필요합니다. 면접에서는 리프레시 토큰을 브라우저에 저장해도 되는지 같은 실무 질문이 나올 수 있습니다. 실무에서는 HttpOnly 쿠키 또는 안전한 저장소를 사용하고, 서버 측 상태 관리로 통제하는 경우가 많습니다. 리프레시 토큰은 “편의”보다 “통제”가 더 중요한 자산입니다.	리프레시 토큰									security	authentication	oauth	
Q890	토큰 스코프(Scope)		Backend - 인증/인가	18	INITIALS	HARD	토큰이 허용하는 권한 범위를 문자열 권한 집합으로 표현한 것을 무엇이라고 하는가?	토큰 스코프(Scope)는 OAuth 권한의 기본 단위입니다. 스코프 설계가 잘못되면 권한이 과해지거나(인플레이션) 너무 세분화되어 운영이 어려워집니다. 면접에서는 스코프와 역할(RBAC)의 차이를 묻기도 합니다. 실무에서는 읽기/쓰기 분리, 리소스 단위 분리, 최소 권한 원칙을 적용합니다. 스코프 검증을 빠뜨리면 “로그인만 하면 다 된다”가 되어 인가가 무너질 수 있습니다.	토큰 스코프									security	authentication	oauth	
Q891	토큰 오디언스(Audience)		Backend - 인증/인가	18	INITIALS	HARD	토큰이 사용되어야 하는 대상 서비스(수신자)를 나타내는 클레임을 무엇이라고 하는가?	토큰 오디언스(Audience)는 토큰 재사용을 막는 중요한 검증 요소입니다. aud 검증이 없으면 다른 서비스 토큰을 가져와 인증을 시도할 여지가 생깁니다. 면접에서는 마이크로서비스에서 aud 분리를 어떻게 할지 질문할 수 있습니다. 실무에서는 서비스별 aud를 분리하고, 게이트웨이/리소스 서버에서 엄격히 검증합니다. aud는 “있으면 좋음”이 아니라 “없으면 위험”한 기본 검증 항목입니다.	토큰 오디언스									security	authentication	jwt	
Q892	토큰 발급자(Issuer)		Backend - 인증/인가	18	INITIALS	HARD	토큰을 발급한 주체(인증 서버)를 식별하는 클레임을 무엇이라고 하는가?	토큰 발급자(Issuer)는 토큰 신뢰의 출처를 나타냅니다. iss 검증이 없으면 다른 발급자의 토큰을 받아들이는 문제가 생길 수 있습니다. 면접에서는 멀티 테넌트/멀티 IdP 환경에서 iss 검증 전략을 묻습니다. 실무에서는 허용된 issuer 목록을 서버 정책으로 고정하고, JWKS도 issuer별로 분리 관리합니다. iss는 aud와 함께 기본 검증 2대 축이라 생각하고 빠뜨리지 않는 것이 좋습니다.	토큰 발급자									security	authentication	jwt	
Q893	제이더블유티 아이디(JTI)		Backend - 인증/인가	18	INITIALS	HARD	토큰을 고유하게 식별해 재사용 감지나 블랙리스트에 활용하는 클레임을 무엇이라고 하는가?	제이더블유티 아이디(JTI)는 토큰 단위로 추적·차단이 필요할 때 유용합니다. 재생 공격 방지나 철회 리스트를 구현할 때 자주 활용됩니다. 면접에서는 JTI 저장이 성능에 미치는 영향과 대안(짧은 TTL)을 함께 물을 수 있습니다. 실무에서는 모든 토큰에 JTI를 강제하기보다 고위험 플로우에 제한적으로 적용하는 경우가 많습니다. JTI를 쓸 때는 저장소 TTL과 멱등 처리까지 포함해 운영 설계를 해야 합니다.	제이더블유티 아이디									security	authentication	jwt	
Q894	토큰 블랙리스트(Token Blacklist)		Backend - 인증/인가	18	INITIALS	HARD	무효화된 토큰(JTI 등)을 저장해 검증 시 차단하는 리스트 기반 전략을 무엇이라고 하는가?	토큰 블랙리스트(Token Blacklist)는 즉시 철회가 필요할 때 흔히 떠올리는 방법입니다. 하지만 모든 토큰을 저장하면 저장소와 성능 부담이 커질 수 있습니다. 면접에서는 블랙리스트의 한계와 토큰 버전 같은 대안을 비교해 설명하라고 할 수 있습니다. 실무에서는 짧은 액세스 토큰 + 리프레시 회전 + 제한적 블랙리스트 조합이 현실적입니다. 블랙리스트는 운영 비용이 크므로 “정말 필요한 범위”를 먼저 정하는 것이 중요합니다.	토큰 블랙리스트									security	authentication	token	
Q895	토큰 화이트리스트(Token Allow-list)		Security - 인증/인가	52	INITIALS	HARD	특정 조건을 만족한 토큰(세션/기기/키 바인딩 등)만 유효로 인정하는 허용 목록 기반 전략을 무엇이라고 하는가?	토큰 화이트리스트(Token Allow-list)는 “허용된 것만 인정”하는 강한 통제 모델입니다. 고보안 환경에서 토큰 패밀리나 디바이스 등록과 결합해 쓰입니다. 면접에서는 allow-list 방식이 왜 안전하지만 운영이 어려운지 질문할 수 있습니다. 실무에서는 허용 목록 갱신 지연이 곧 장애로 이어질 수 있어 자동화와 관측성이 필수입니다. 강력한 만큼 적용 범위를 제한하고, 실패 시 사용자 복구 플로우를 준비해야 합니다.	토큰 화이트리스트									security	authentication	token	
Q896	세션 하이재킹(Session Hijacking)		Security - 취약점	53	INITIALS	HARD	세션 쿠키/ID를 탈취해 피해자 세션으로 로그인한 것처럼 접근하는 공격을 무엇이라고 하는가?	세션 하이재킹(Session Hijacking)은 웹 인증 사고의 대표 유형입니다. XSS, 네트워크 노출, 쿠키 설정 미흡 등 다양한 원인으로 발생합니다. 면접에서는 HttpOnly/Secure/SameSite 같은 쿠키 방어를 연결해 설명하라고 할 수 있습니다. 실무에서는 세션 재발급, 민감 작업 재인증, 이상 로그인 탐지까지 조합해 방어합니다. 세션 기반 인증을 쓰는 한 “탈취 후 재사용” 시나리오는 항상 염두에 둬야 합니다.	세션 하이재킹									security	authentication	session	
Q897	쿠키 서명(Cookie Signing)		Security - 암호화	55	INITIALS	HARD	쿠키 값이 클라이언트에서 변조되지 않았음을 서버가 검증할 수 있도록 서명 값을 포함하는 기법을 무엇이라고 하는가?	쿠키 서명(Cookie Signing)은 “변조 방지”를 위한 기법입니다. 암호화와 달리 내용 비공개가 아니라 무결성 보장이 목적입니다. 면접에서는 서명과 암호화의 차이를 정확히 구분하는지 확인합니다. 실무에서는 세션을 쿠키에 담는 경우(서버리스 등) 서명이 필수이며, 키 관리와 회전도 중요합니다. 다만 서명만으로는 민감 정보 노출을 막지 못하므로 필요 시 암호화까지 고려해야 합니다.	쿠키 서명									security	authentication	cookie	
Q898	쿠키 암호화(Cookie Encryption)		Security - 암호화	55	INITIALS	HARD	쿠키에 담긴 데이터가 노출되지 않도록 암호화해 저장하는 기법을 무엇이라고 하는가?	쿠키 암호화(Cookie Encryption)는 쿠키에 민감 정보가 포함될 때 고려됩니다. 암호화는 기밀성, 서명은 무결성에 가깝다는 점을 구분해야 합니다. 면접에서는 “쿠키에 무엇을 넣을 수 있나”와 함께 질문이 나올 수 있습니다. 실무에서는 가능하면 쿠키에는 식별자만 두고, 민감 데이터는 서버 저장소에서 조회하는 방식이 안전합니다. 암호화를 하더라도 키 유출, 회전, 호환성 문제를 운영적으로 관리해야 합니다.	쿠키 암호화									security	authentication	cookie	
Q899	세션 쿠키(Session Cookie)		Backend - 인증/인가	18	INITIALS	HARD	브라우저 종료 시점에 삭제되는 메모리 기반 쿠키 형태로 세션을 유지하는 쿠키를 무엇이라고 하는가?	세션 쿠키(Session Cookie)는 영속 쿠키와 대비되는 개념입니다. 브라우저 종료 시 사라지므로 “기기 공유” 환경에서 리스크를 줄일 수 있습니다. 면접에서는 세션 쿠키가 만능인지(탈취되면 동일)와 한계를 물을 수 있습니다. 실무에서는 “자동 로그인”과 보안 균형에 따라 세션/영속 쿠키를 구분 적용합니다. 쿠키 수명 정책은 인증 UX에 직결되므로 명확한 제품 정책과 함께 설계해야 합니다.	세션 쿠키									security	authentication	cookie	