question_temp_key	term_title	term_id	term_category	term_category_id	question_type	difficulty	question_text	explanation	text_answer	choice_1_text	choice_1_is_answer	choice_2_text	choice_2_is_answer	choice_3_text	choice_3_is_answer	choice_4_text	choice_4_is_answer	label_1_key	label_2_key	label_3_key	label_4_key
Q001	JVM(JVM)		언어 중심 - Java	94	CHOICE	EASY	JVM의 역할로 가장 올바른 것은?	JVM은 자바 바이트코드를 실행하는 가상 머신으로, 운영체제와 하드웨어 차이를 추상화합니다. 자바 소스는 컴파일되어 바이트코드가 되고, JVM이 이를 해석하거나 JIT로 컴파일해 실행합니다. 면접에서는 왜 자바가 플랫폼 독립적이라고 말하는지 JVM 관점에서 설명할 수 있어야 합니다. 또한 JVM 내부 구성(클래스 로더, 런타임 데이터 영역, 실행 엔진)을 큰 그림으로 이해하면 질문 확장이 쉬워집니다. 실무에서는 JVM 옵션, 메모리 설정, GC 로그 등을 통해 성능 문제를 진단하는 일이 많습니다.		자바 바이트코드를 실행하는 가상 머신이다	TRUE	자바 소스를 직접 실행하는 운영체제다	FALSE	DB에 쿼리를 최적화해주는 엔진이다	FALSE	웹 요청을 라우팅하는 컨트롤러다	FALSE	java	jvm	runtime	platform
Q002	JDK(JDK)		언어 중심 - Java	94	CHOICE	EASY	JDK에 대한 설명으로 가장 올바른 것은?	JDK는 개발에 필요한 도구 모음으로 JRE를 포함합니다. 컴파일러(javac), 디버거, javadoc 등 개발 도구가 들어 있어 개발 환경에서 필수입니다. JRE는 실행 환경 중심이라 개발 도구는 포함하지 않습니다. 면접에서는 JDK JRE JVM 차이를 정확히 말하는지 자주 확인합니다. 실무에서는 CI 빌드 서버나 로컬 환경에서 JDK 버전 불일치가 장애로 이어질 수 있어 버전 관리가 중요합니다.		자바 개발 도구와 실행 환경(JRE)을 포함한 개발 키트다	TRUE	자바 프로그램 실행만 가능한 환경이다	FALSE	운영체제에 포함된 기본 라이브러리다	FALSE	스프링 애플리케이션 설정 파일 형식이다	FALSE	java	jdk	tools	build
Q003	클래스 로더(Class Loader)		언어 중심 - Java	94	CHOICE	EASY	자바에서 클래스 로더의 역할로 가장 올바른 것은?	클래스 로더는 필요한 클래스 바이트코드를 찾아 메모리에 로딩하는 역할을 합니다. 이 과정에서 검증, 링크, 초기화 단계가 이어지며 정적 초기화도 관련됩니다. 면접에서는 로딩 시점, 부모 위임 모델, 클래스패스 개념과 함께 자주 묻습니다. 실무에서는 ClassNotFoundException이나 NoClassDefFoundError를 원인별로 구분하는 것이 중요합니다. 또한 스프링 부트의 실행 방식이나 shaded jar 환경에서도 로딩 문제가 발생할 수 있어 구조 이해가 도움이 됩니다.		클래스를 메모리에 로딩하는 역할을 한다	TRUE	GC를 수행해 메모리를 회수한다	FALSE	HTTP 요청을 처리한다	FALSE	SQL 인덱스를 생성한다	FALSE	java	classloader	classpath	runtime
Q004	예외 처리(Exception Handling)		언어 중심 - Java	94	CHOICE	EASY	try-catch의 주된 목적은?	try-catch는 예외 발생 가능 코드를 감싸 예외를 처리하거나 변환해 흐름을 제어합니다. 예외를 무조건 숨기는 것이 아니라 적절히 로깅하고 의미 있는 예외로 래핑하는 습관이 중요합니다. 면접에서는 checked 예외와 unchecked 예외 차이로 확장되는 경우가 많습니다. 실무에서는 catch에서 아무것도 하지 않는 빈 catch가 장애를 키우는 원인이 됩니다. 또한 finally 또는 try-with-resources로 자원 해제를 보장하는 것도 핵심 포인트입니다.		예외 상황을 처리해 프로그램이 비정상 종료되는 것을 방지한다	TRUE	성능을 항상 높인다	FALSE	멀티스레딩을 자동으로 처리한다	FALSE	컴파일 속도를 증가시킨다	FALSE	java	exception	trycatch	error
Q005	인터페이스(Interface)		언어 중심 - Java	94	CHOICE	EASY	자바 인터페이스의 특징으로 가장 올바른 것은?	인터페이스는 구현 클래스가 따라야 할 계약을 정의합니다. 다형성을 통해 구현체를 교체해도 호출 측 코드를 변경하지 않게 만들 수 있습니다. 면접에서는 abstract class와의 차이, default 메서드, 다중 구현 가능성 등을 자주 묻습니다. 실무에서는 의존성 역전과 테스트 대역(mock) 적용에 핵심 역할을 합니다. 또한 스프링에서 빈 주입 시 인터페이스 타입으로 의존성을 받으면 결합도가 낮아집니다.		구현 클래스가 따라야 할 메서드 계약을 정의한다	TRUE	객체를 직접 생성하는 생성자 역할을 한다	FALSE	실행 중에만 존재하는 임시 메모리다	FALSE	DB 테이블 구조를 정의한다	FALSE	java	oop	interface	polymorphism
Q006	오버로딩(Overloading)		언어 중심 - Java	94	CHOICE	EASY	메서드 오버로딩에 대한 설명으로 가장 올바른 것은?	오버로딩은 같은 메서드 이름을 유지하면서 파라미터 목록을 다르게 해 여러 동작을 제공하는 기능입니다. 반환 타입만 다르게 하는 것은 오버로딩이 아니며 컴파일 오류가 납니다. 면접에서는 오버로딩과 오버라이딩 차이를 반드시 구분해야 합니다. 실무에서는 API 사용성을 높이지만 너무 과하면 가독성이 떨어질 수 있어 적절한 수준이 중요합니다. 또한 자동 형변환과 가변 인자 때문에 호출이 애매해지는 케이스도 주의해야 합니다.		같은 이름에 파라미터 목록이 다른 메서드를 여러 개 정의하는 것이다	TRUE	상속 관계에서 메서드를 재정의하는 것이다	FALSE	메서드를 실행 중에 삭제하는 것이다	FALSE	반환 타입만 다르게 하면 오버로딩이 된다	FALSE	java	method	overloading	compile
Q007	오버라이딩(Overriding)		언어 중심 - Java	94	CHOICE	EASY	메서드 오버라이딩에 대한 설명으로 가장 올바른 것은?	오버라이딩은 상속 관계에서 부모 클래스 메서드를 자식 클래스가 재정의하는 것입니다. 런타임 다형성으로 인해 참조 타입이 부모여도 실제 객체 타입의 메서드가 호출됩니다. 면접에서는 접근 제한자 규칙(더 좁게 못 바꿈), @Override 의미를 자주 확인합니다. 실무에서는 템플릿 메서드 패턴, 프레임워크 확장 포인트에서 오버라이딩이 자주 등장합니다. 또한 equals, toString 같은 메서드 오버라이딩은 디버깅과 컬렉션 동작에 큰 영향을 줍니다.		부모 메서드를 자식 클래스에서 재정의하는 것이다	TRUE	같은 이름에 파라미터만 바꾸는 것이다	FALSE	클래스 로딩을 의미한다	FALSE	예외를 무조건 숨기는 것이다	FALSE	java	inheritance	overriding	polymorphism
Q008	ArrayList(ArrayList)		언어 중심 - Java	94	CHOICE	EASY	ArrayList의 특징으로 가장 올바른 것은?	ArrayList는 내부적으로 배열을 사용해 인덱스 기반 접근이 빠릅니다. 반면 중간 삽입/삭제는 요소 이동이 필요해 비용이 커질 수 있습니다. 면접에서는 LinkedList와 비교하거나, 동기화 여부를 묻는 질문이 자주 나옵니다. 실무에서는 읽기 많은 리스트에 적합하며, 멀티스레드 환경에서는 동기화 컬렉션이나 별도 보호가 필요합니다. 또한 초기 용량을 설정하면 리사이징 비용을 줄일 수 있습니다.		인덱스로 빠르게 접근할 수 있는 동적 배열 기반 리스트다	TRUE	키-값 쌍을 저장하는 맵이다	FALSE	중복을 허용하지 않는 집합이다	FALSE	LIFO 스택만 구현한다	FALSE	java	collections	arraylist	list
Q009	HashMap(HashMap)		언어 중심 - Java	94	CHOICE	EASY	HashMap에 대한 설명으로 가장 올바른 것은?	HashMap은 키-값 쌍을 저장하는 자료구조이며 키를 기반으로 빠른 조회를 제공합니다. 키의 equals와 hashCode 계약이 깨지면 조회 실패나 중복 키 문제가 발생합니다. 면접에서는 null 허용 여부, HashTable과 차이, 동시성 문제를 자주 묻습니다. 실무에서는 멀티스레드에서 ConcurrentHashMap 사용 여부를 판단해야 합니다. 또한 키로 엔티티나 VO를 쓰면 equals hashCode 구현이 매우 중요해집니다.		키-값 쌍을 저장하는 자료구조다	TRUE	요소를 입력 순서대로만 저장한다	FALSE	중복을 허용하지 않는 집합이다	FALSE	스레드 안전이 기본 보장된다	FALSE	java	collections	hashmap	keyvalue
Q010	Stream API(Stream API)		언어 중심 - Java	94	CHOICE	EASY	자바 Stream API의 목적에 가장 가까운 것은?	Stream은 컬렉션 데이터를 선언적으로 처리하기 위한 API입니다. map, filter, reduce 같은 연산을 연결해 가독성을 높일 수 있습니다. 다만 Stream은 데이터를 저장하지 않고 파이프라인 형태로 처리하며, 최종 연산이 실행되어야 실제 계산이 일어납니다. 면접에서는 지연 연산(lazy)과 최종 연산, 병렬 스트림 주의점을 자주 묻습니다. 실무에서는 과도한 스트림 사용이 디버깅을 어렵게 할 수 있어 적절히 for문과 균형을 맞추는 것이 좋습니다.		컬렉션 데이터를 함수형 스타일로 처리하기 위한 API다	TRUE	DB 트랜잭션을 관리하기 위한 API다	FALSE	HTTP 라우팅을 담당하는 API다	FALSE	스레드를 생성하고 종료하는 API다	FALSE	java	stream	functional	collection
Q011	Spring Boot(Spring Boot)		Backend - 언어 & 프레임워크	21	CHOICE	EASY	Spring Boot의 핵심 목표로 가장 올바른 것은?	Spring Boot는 스프링 기반 애플리케이션을 빠르게 개발하고 실행할 수 있도록 기본 설정과 자동 구성을 제공합니다. 의존성 스타터를 통해 필요한 라이브러리를 묶어 주고, 임베디드 서버로 단일 실행 artifact 배포를 쉽게 합니다. 면접에서는 Spring과 Boot 차이, 왜 Boot를 쓰는지 자주 나옵니다. 실무에서는 자동 구성 동작을 이해하지 못하면 빈 충돌이나 예기치 않은 설정이 생길 수 있어 기본 원리를 아는 것이 중요합니다. 또한 Actuator와 같은 운영 도구도 Boot 생태계의 강점입니다.		최소 설정으로 스프링 앱을 빠르게 만들고 실행하도록 돕는다	TRUE	ORM을 대체하는 데이터베이스 엔진이다	FALSE	운영체제 커널을 제공하는 프레임워크다	FALSE	프론트엔드 UI 라이브러리다	FALSE	springboot	backend	autoconfig	starter
Q012	Spring Bean(Spring Bean)		Backend - 언어 & 프레임워크	21	CHOICE	EASY	스프링에서 빈(Bean)이란 무엇인가?	빈은 스프링 IoC 컨테이너가 생성하고 관리하는 객체입니다. 컨테이너는 빈의 생명주기와 의존성 주입을 담당해 구성 요소 간 결합도를 낮춥니다. 면접에서는 빈 등록 방식(@Component, @Bean)과 스코프를 자주 묻습니다. 실무에서는 빈이 너무 많아지면 컴포넌트 스캔 범위와 설정 구조가 복잡해져 유지보수 비용이 커질 수 있습니다. 또한 싱글톤 빈에 상태를 두면 동시성 버그가 생길 수 있어 설계가 중요합니다.		스프링 컨테이너가 생성하고 관리하는 객체다	TRUE	자바에서만 존재하는 예약어다	FALSE	DB 테이블의 한 행이다	FALSE	HTTP 요청 본문 데이터다	FALSE	spring	bean	ioc	di
Q013	@Component(@Component)		Backend - 언어 & 프레임워크	21	CHOICE	EASY	@Component의 역할로 가장 올바른 것은?	@Component는 클래스가 스프링 빈으로 등록될 수 있도록 표시하는 스테레오타입 애노테이션입니다. 컴포넌트 스캔 대상이 되어 컨테이너가 자동으로 인스턴스를 생성하고 관리합니다. 면접에서는 @Service, @Repository와의 관계(기능적으로는 유사하지만 의미가 다름)를 자주 묻습니다. 실무에서는 스캔 패키지 범위가 잘못되면 빈이 등록되지 않아 런타임 오류가 납니다. 또한 너무 광범위한 스캔은 시작 속도와 구조적 복잡도를 증가시킬 수 있습니다.		컴포넌트 스캔으로 빈 등록 대상임을 표시한다	TRUE	HTTP 엔드포인트를 자동 생성한다	FALSE	트랜잭션을 항상 커밋한다	FALSE	JVM GC를 설정한다	FALSE	spring	component	scan	bean
Q014	@Autowired(@Autowired)		Backend - 언어 & 프레임워크	21	CHOICE	EASY	@Autowired의 주된 목적은?	@Autowired는 스프링이 의존성을 주입하도록 요청하는 애노테이션입니다. 타입 기반으로 후보 빈을 찾고 필요하면 @Qualifier로 구체 빈을 지정합니다. 면접에서는 생성자 주입 권장 이유와 함께 확장 질문이 자주 나옵니다. 실무에서는 필드 주입은 테스트가 어렵고 final을 못 쓰는 등 단점이 있어 생성자 주입이 선호됩니다. 또한 순환 의존성 문제가 발생하면 구조를 재설계해야 하므로 주입 설계를 깔끔히 하는 것이 중요합니다.		스프링이 의존 객체를 주입하도록 한다	TRUE	컴파일러가 코드를 최적화하도록 한다	FALSE	DB 스키마를 자동 생성한다	FALSE	JSON을 XML로 변환한다	FALSE	spring	autowired	di	injection
Q015	@RestController(@RestController)		Backend - 언어 & 프레임워크	21	CHOICE	EASY	@RestController에 대한 설명으로 가장 올바른 것은?	@RestController는 REST API를 만들 때 사용하며 반환 값을 응답 바디로 직렬화합니다. @Controller와 @ResponseBody의 조합으로 이해하면 동작을 설명하기 쉽습니다. 면접에서는 @Controller와 차이, ResponseEntity 사용 이유로 자주 확장됩니다. 실무에서는 예외 처리, 공통 응답 포맷, 상태 코드 설계를 함께 맞추지 않으면 API 품질이 떨어질 수 있습니다. 또한 직렬화 설정(Jackson)과 DTO 설계가 응답 안정성에 큰 영향을 줍니다.		반환 값을 JSON 등으로 응답 바디에 직접 내려준다	TRUE	항상 HTML 템플릿 뷰를 렌더링한다	FALSE	DB 트랜잭션을 자동으로 관리한다	FALSE	스레드 풀을 생성한다	FALSE	spring	rest	controller	json
Q016	@RequestMapping(@RequestMapping)		Backend - 언어 & 프레임워크	21	CHOICE	EASY	@RequestMapping의 역할로 가장 올바른 것은?	@RequestMapping은 요청 URL과 HTTP 메서드를 컨트롤러 메서드에 매핑하는 역할을 합니다. Spring MVC의 라우팅 핵심이며 @GetMapping, @PostMapping은 이를 더 구체적으로 편의 제공한 것입니다. 면접에서는 path, method, consumes, produces 같은 속성을 자주 묻습니다. 실무에서는 URL 규칙을 일관되게 설계하고 버저닝 전략을 세우는 것이 중요합니다. 또한 중복 매핑은 애플리케이션 시작 실패로 이어지므로 라우팅 충돌을 예방해야 합니다.		HTTP 요청을 특정 컨트롤러 메서드에 매핑한다	TRUE	객체를 싱글톤으로 만드는 애노테이션이다	FALSE	SQL 인덱스를 생성한다	FALSE	JVM 클래스 로딩 순서를 바꾼다	FALSE	spring	mvc	mapping	route
Q017	application.yml(application yml)		Backend - 언어 & 프레임워크	21	CHOICE	EASY	Spring Boot에서 application.yml의 일반적인 용도는?	application.yml은 애플리케이션 설정을 선언적으로 관리하는 파일입니다. 서버 포트, DB 연결, 로그 레벨, 외부 API 키 등 환경 설정을 담습니다. 면접에서는 프로파일 분리(application-dev.yml)와 설정 우선순위를 자주 묻습니다. 실무에서는 운영 설정과 시크릿을 분리하고, 환경 변수로 오버라이드하는 전략을 함께 사용해야 보안과 배포 안정성이 좋아집니다. 또한 설정 누락은 런타임 장애로 이어지므로 검증과 기본값 관리가 중요합니다.		서버와 DB 등 애플리케이션 설정을 정의한다	TRUE	자바 소스 코드를 컴파일한다	FALSE	브라우저 UI를 렌더링한다	FALSE	Git 커밋 히스토리를 저장한다	FALSE	springboot	config	yml	properties
Q018	Starter 의존성(Starter Dependency)		Backend - 언어 & 프레임워크	21	CHOICE	EASY	spring-boot-starter의 장점으로 가장 올바른 것은?	스타터는 특정 기능을 위한 의존성들을 묶어 제공해 설정과 버전 관리를 단순화합니다. 예를 들어 web 스타터는 Spring MVC와 Tomcat 등 웹 구동에 필요한 구성을 포함합니다. 면접에서는 의존성 충돌을 어떻게 줄이는지, BOM과의 관계로 확장되기도 합니다. 실무에서는 필요한 스타터만 선택하고, 불필요한 의존성 포함으로 보안 취약점이나 빌드 사이즈 증가가 생기지 않게 관리해야 합니다. 또한 버전은 Boot가 관리하는 범위 내에서 맞추는 것이 안정적입니다.		필요한 라이브러리를 묶어 버전/설정을 단순화한다	TRUE	DB 인덱스를 자동으로 생성한다	FALSE	네트워크 방화벽 정책을 설정한다	FALSE	JVM을 대체해 OS 없이 실행한다	FALSE	springboot	starter	dependency	build
Q019	임베디드 톰캣(Embedded Tomcat)		Backend - 웹 서버 기초	17	CHOICE	EASY	Spring Boot에서 별도 WAS 설치 없이 웹 서버가 동작하는 이유는?	Spring Boot는 기본적으로 임베디드 서블릿 컨테이너를 포함해 jar 실행만으로 서버가 뜹니다. 덕분에 배포가 단순해지고 컨테이너 환경에서도 일관되게 운영할 수 있습니다. 면접에서는 WAR 배포와 차이, 포트 바인딩, 라이프사이클을 자주 묻습니다. 실무에서는 리버스 프록시(Nginx)와의 조합, graceful shutdown, 커넥터 튜닝 등 운영 포인트가 함께 중요합니다. 또한 서버 자원 제한과 스레드 풀 설정이 트래픽 대응에 큰 영향을 줍니다.		애플리케이션에 서블릿 컨테이너가 내장되어 있기 때문	TRUE	브라우저가 서버 기능을 대신 수행하기 때문	FALSE	DB 드라이버가 HTTP 서버를 제공하기 때문	FALSE	JVM이 항상 자동으로 웹 서버를 만든다고 표준에 정의되어 있기 때문	FALSE	backend	tomcat	webserver	springboot
Q020	@SpringBootApplication(@SpringBootApplication)		Backend - 언어 & 프레임워크	21	CHOICE	EASY	@SpringBootApplication에 포함된 의미로 가장 올바른 것은?	@SpringBootApplication은 스프링 부트의 대표 진입 애노테이션으로, 여러 기능을 묶어 제공합니다. 컴포넌트 스캔과 자동 구성 활성화가 함께 포함되어 애플리케이션을 최소 설정으로 구동하게 합니다. 면접에서는 내부적으로 어떤 애노테이션 조합인지(예: component scan, enable auto config)를 설명하는 질문이 자주 나옵니다. 실무에서는 메인 클래스 패키지 위치가 스캔 범위에 영향을 주므로 구조를 잘 잡아야 합니다. 또한 자동 구성이 예상과 다르게 동작할 때 원인을 파악하려면 이 조합의 의미를 이해해야 합니다.		컴포넌트 스캔과 자동 구성을 활성화하는 역할을 포함한다	TRUE	항상 DB 트랜잭션을 시작한다	FALSE	모든 빈을 prototype으로 바꾼다	FALSE	자바 코드를 바이트코드로 컴파일한다	FALSE	springboot	annotation	autoconfig	scan
Q021	JRE(Java Runtime Environment)		언어 중심 - Java	94	CHOICE	EASY	JRE에 대한 설명으로 가장 올바른 것은?	JRE는 자바 프로그램을 실행하기 위한 환경으로 JVM과 표준 라이브러리를 포함합니다. 개발 도구인 javac 같은 컴파일러는 포함하지 않아서, 개발 목적이면 보통 JDK를 설치합니다. 면접에서는 JDK JRE JVM을 구분해 설명할 수 있는지 자주 확인합니다. 실무에서는 실행 서버에 JRE만 두는 구성도 가능하지만, 빌드나 진단 도구가 필요하면 JDK가 유리할 수 있습니다. 또한 버전 불일치가 런타임 오류로 이어질 수 있어 운영 환경의 Java 버전 관리가 중요합니다.		자바 실행을 위한 환경으로 JVM과 표준 라이브러리를 포함한다	TRUE	자바 소스를 컴파일하는 도구 모음이다	FALSE	DB 드라이버만 모아둔 패키지다	FALSE	스프링 빈을 자동 생성하는 프레임워크다	FALSE	java	jre	runtime	version
Q022	JIT 컴파일러(Just In Time Compiler)		언어 중심 - Java	94	CHOICE	EASY	JIT 컴파일러의 역할로 가장 올바른 것은?	JIT는 실행 중 자주 호출되는 바이트코드를 네이티브 코드로 컴파일해 성능을 높입니다. 처음에는 인터프리팅으로 시작했다가, 핫스팟 구간을 최적화하는 방식이 일반적입니다. 면접에서는 인터프리터와 JIT의 차이, 왜 워밍업이 필요한지로 확장 질문이 나옵니다. 실무에서는 벤치마크나 성능 측정 시 워밍업을 하지 않으면 결과가 왜곡될 수 있습니다. 또한 JIT 최적화 때문에 디버깅 시 실행 흐름이 예상과 다르게 보일 수 있어 주의가 필요합니다.		실행 중 자주 실행되는 코드를 네이티브 코드로 최적화한다	TRUE	컴파일 타임에만 동작하며 실행 시에는 관여하지 않는다	FALSE	GC 실행을 강제로 트리거한다	FALSE	HTTP 요청을 라우팅하는 역할을 한다	FALSE	java	jit	performance	runtime
Q023	final 키워드(final)		언어 중심 - Java	94	CHOICE	EASY	final 키워드의 사용법으로 가장 올바른 것은?	final은 변경 불가라는 제약을 표현하는 키워드입니다. 변수에 붙이면 재할당이 불가하고, 메서드에 붙이면 오버라이딩이 불가하며, 클래스에 붙이면 상속이 불가합니다. 면접에서는 불변성 개념과 함께, 참조 타입에서 final이 의미하는 바가 무엇인지(재할당 금지)까지 물어보는 경우가 많습니다. 실무에서는 의도치 않은 변경을 막아 코드 안정성과 가독성을 높이는 데 도움이 됩니다. 특히 의존성 주입에서 생성자 주입과 final 필드는 설계를 더 명확하게 만드는 장점이 있습니다.		변수 재할당 방지 또는 상속 및 오버라이딩 방지에 사용된다	TRUE	예외 처리를 자동으로 수행한다	FALSE	멀티스레딩을 자동으로 안전하게 만든다	FALSE	컬렉션 중복 제거를 보장한다	FALSE	java	final	immutability	oop
Q024	static 키워드(static)		언어 중심 - Java	94	CHOICE	EASY	static 멤버의 특징으로 가장 올바른 것은?	static 멤버는 클래스 단위로 공유되며 인스턴스 생성 없이 접근할 수 있습니다. 즉 모든 객체가 같은 static 값을 공유하기 때문에 전역 상태처럼 동작할 수 있습니다. 면접에서는 인스턴스 멤버와의 차이, 메모리 영역, 호출 방식이 자주 나옵니다. 실무에서는 static 가변 상태가 동시성 버그의 원인이 될 수 있어 신중히 사용해야 합니다. 상수는 static final로 두는 것이 일반적이며, 유틸리티 메서드도 static으로 정의하는 경우가 많습니다.		인스턴스와 무관하게 클래스 수준에서 공유된다	TRUE	객체마다 각각 다른 값을 반드시 가진다	FALSE	GC 대상이 절대 되지 않는다	FALSE	private이면 static을 사용할 수 없다	FALSE	java	static	memory	oop
Q025	StringBuilder(StringBuilder)		언어 중심 - Java	94	CHOICE	EASY	문자열을 반복적으로 이어 붙일 때 StringBuilder를 쓰는 주된 이유는?	String은 불변 객체라 더하기 연산을 반복하면 새로운 객체가 계속 생성될 수 있습니다. StringBuilder는 내부 버퍼를 확장하며 변경 가능하게 문자열을 조립해 불필요한 객체 생성을 줄입니다. 면접에서는 String과 StringBuilder 차이, 동기화 여부(StringBuffer)까지 이어질 수 있습니다. 실무에서는 루프에서 문자열 누적 시 성능 차이가 크게 나타날 수 있어 StringBuilder가 자주 권장됩니다. 다만 매우 단순한 연결에서는 가독성을 고려해 적절히 선택하는 것이 좋습니다.		불변 String의 반복 생성 비용을 줄여 성능을 높이기 위해	TRUE	문자열을 자동으로 암호화하기 위해	FALSE	DB 커넥션을 재사용하기 위해	FALSE	예외를 자동으로 처리하기 위해	FALSE	java	string	performance	builder
Q026	Optional(Optional)		언어 중심 - Java	94	CHOICE	EASY	Optional의 주된 목적에 가장 가까운 것은?	Optional은 null로 인한 오류를 줄이기 위해 값의 존재 여부를 명시적으로 표현하는 래퍼입니다. isPresent, orElse 같은 API로 null 체크를 구조화할 수 있습니다. 면접에서는 Optional을 필드에 저장해도 되는지, 반환 타입에서의 권장 사용법을 묻는 경우가 많습니다. 실무에서는 서비스 메서드 반환에 Optional을 사용하면 호출 측에서 null 처리 의도가 명확해집니다. 다만 Optional을 남발하면 코드가 장황해질 수 있으니, 규칙을 정해 일관되게 사용하는 것이 중요합니다.		값의 존재 여부를 명시적으로 표현해 null 처리를 돕는다	TRUE	모든 예외를 자동으로 잡아준다	FALSE	스레드 안전성을 보장하는 컬렉션이다	FALSE	런타임에 제네릭 타입 정보를 보존한다	FALSE	java	optional	nullsafety	api
Q027	열거형(enum)		언어 중심 - Java	94	CHOICE	EASY	enum을 사용하는 대표적인 이유로 가장 올바른 것은?	enum은 제한된 값 집합을 타입으로 표현해 잘못된 값 입력을 컴파일 단계에서 막아줍니다. 문자열 상수보다 안전하고, IDE 자동완성과 리팩터링에도 유리합니다. 면접에서는 enum이 단순 상수가 아니라 클래스처럼 필드와 메서드를 가질 수 있다는 점을 물어보기도 합니다. 실무에서는 상태 코드, 역할(Role), 주문 상태 같은 도메인 값에 enum을 자주 적용합니다. 다만 DB 저장 방식(문자열 vs 숫자)을 정하지 않으면 마이그레이션이나 가독성 문제가 생길 수 있어 주의해야 합니다.		제한된 값 집합을 타입으로 안전하게 표현하기 위해	TRUE	런타임에만 존재하는 임시 변수이기 때문에	FALSE	모든 값을 동적으로 추가하기 위해	FALSE	클래스 상속을 반드시 가능하게 하기 위해	FALSE	java	enum	typesafety	domain
Q028	애노테이션(Annotation)		언어 중심 - Java	94	CHOICE	EASY	자바 애노테이션의 일반적인 용도로 가장 올바른 것은?	애노테이션은 코드에 메타데이터를 부여해 컴파일러나 프레임워크가 특정 동작을 하도록 돕습니다. 예를 들어 @Override는 컴파일러가 오버라이딩 여부를 검증하게 하며, 스프링에서는 빈 등록이나 요청 매핑에 적극 활용됩니다. 면접에서는 애노테이션이 실행 로직 자체가 아니라 힌트나 설정 역할이라는 점을 구분해 설명할 수 있어야 합니다. 실무에서는 잘못된 애노테이션 사용이 런타임에서 설정 누락이나 보안 이슈로 이어질 수 있습니다. 또한 리플렉션 기반 처리라 초기화 비용이나 동작 순서를 이해하는 것이 디버깅에 도움이 됩니다.		코드에 메타데이터를 부여해 도구나 프레임워크 동작을 유도한다	TRUE	JVM의 GC를 직접 실행하는 명령이다	FALSE	운영체제 커널 기능을 확장한다	FALSE	DB 인덱스를 자동 생성하는 SQL 문법이다	FALSE	java	annotation	metadata	reflection
Q029	람다 표현식(Lambda Expression)		언어 중심 - Java	94	CHOICE	EASY	자바 람다 표현식의 특징으로 가장 올바른 것은?	람다는 익명 함수를 간결하게 표현해 함수형 인터페이스에 전달할 수 있게 합니다. Stream API와 함께 사용되어 필터링, 매핑 같은 로직을 선언적으로 작성할 수 있습니다. 면접에서는 함수형 인터페이스 조건(추상 메서드 1개)과 캡처 규칙(유효 final)을 자주 묻습니다. 실무에서는 간결하지만 남용하면 디버깅이 어려워질 수 있어 로직이 길면 메서드로 분리하는 것이 좋습니다. 또한 예외 처리나 성능을 고려해 스트림과 람다 사용 범위를 정하는 것이 팀 생산성에 도움이 됩니다.		함수형 인터페이스에 전달 가능한 익명 함수를 간결하게 표현한다	TRUE	클래스 상속을 자동으로 생성한다	FALSE	DB 트랜잭션을 자동으로 커밋한다	FALSE	멀티스레드 실행을 무조건 보장한다	FALSE	java	lambda	functional	stream
Q030	Checked 예외와 Unchecked 예외		언어 중심 - Java	94	CHOICE	EASY	Checked 예외의 특징으로 가장 올바른 것은?	Checked 예외는 컴파일러가 처리 여부를 강제하는 예외로, try-catch 또는 throws 선언이 필요합니다. 반면 Unchecked 예외는 RuntimeException 계열로 컴파일 시 강제되지 않습니다. 면접에서는 언제 checked를 쓰는지, 도메인 예외 설계를 어떻게 하는지로 질문이 확장됩니다. 실무에서는 모든 예외를 checked로 만들면 코드가 과도하게 장황해질 수 있어 균형이 중요합니다. 또한 스프링 트랜잭션 롤백 규칙이 기본적으로 RuntimeException 중심이라는 점도 함께 연결해 이해하면 좋습니다.		컴파일 시 예외 처리를 강제한다	TRUE	반드시 RuntimeException을 상속한다	FALSE	절대 try-catch로 처리할 수 없다	FALSE	발생하면 항상 JVM이 즉시 종료된다	FALSE	java	exception	checked	unchecked
Q031	@Bean(@Bean)		Backend - 언어 & 프레임워크	21	CHOICE	EASY	@Bean의 일반적인 역할로 가장 올바른 것은?	@Bean은 메서드 반환 객체를 스프링 컨테이너에 빈으로 등록할 때 사용합니다. 주로 외부 라이브러리 객체를 직접 생성해 등록하거나, 생성 과정에 커스텀 로직이 필요할 때 유용합니다. 면접에서는 @Component와의 차이(스캔 기반 vs 명시 등록)를 자주 묻습니다. 실무에서는 설정 클래스에서 빈 이름 충돌이나 조건부 빈 등록 문제가 발생할 수 있어 네이밍과 구성 관리가 중요합니다. 또한 빈이 싱글톤인지 스코프가 무엇인지 기본값도 알고 있어야 예기치 않은 공유 상태 문제를 피할 수 있습니다.		메서드 반환 객체를 스프링 빈으로 등록한다	TRUE	HTTP 요청을 특정 메서드로 매핑한다	FALSE	예외를 자동으로 로깅하고 무시한다	FALSE	DB 테이블을 생성한다	FALSE	spring	bean	configuration	backend
Q032	@Configuration(@Configuration)		Backend - 언어 & 프레임워크	21	CHOICE	EASY	@Configuration의 의미로 가장 올바른 것은?	@Configuration은 해당 클래스가 스프링 설정 클래스임을 나타냅니다. 보통 @Bean 메서드를 포함해 빈 정의를 제공하는 용도로 사용됩니다. 면접에서는 설정 클래스가 프록시 처리되어 @Bean 메서드가 싱글톤을 보장하는 방식까지 질문이 확장되기도 합니다. 실무에서는 설정을 모듈 단위로 나누고, 환경별로 분리하면 유지보수성이 좋아집니다. 또한 설정 클래스 위치와 컴포넌트 스캔 범위가 엮이면 빈 누락이 생길 수 있어 패키지 구조를 일관되게 설계해야 합니다.		스프링 설정 클래스로서 빈 정의를 제공한다	TRUE	컨트롤러 전용 애노테이션이다	FALSE	테스트에서만 동작하는 애노테이션이다	FALSE	JVM이 클래스 로딩을 생략하게 한다	FALSE	spring	config	bean	ioc
Q033	@Service(@Service)		Backend - 언어 & 프레임워크	21	CHOICE	EASY	@Service를 붙이는 가장 일반적인 대상은?	@Service는 비즈니스 로직을 담당하는 서비스 계층 컴포넌트에 붙이는 스테레오타입입니다. 기능적으로는 @Component와 비슷하지만 역할을 명확히 표현해 설계 의도를 드러냅니다. 면접에서는 계층 분리의 이유와, 컨트롤러 서비스 리포지토리 책임을 구분할 수 있는지 묻는 경우가 많습니다. 실무에서는 트랜잭션 경계 설정이 서비스 계층에 위치하는 경우가 많아 @Transactional과 함께 자주 등장합니다. 또한 서비스가 비대해지면 도메인 분리나 유스케이스 단위로 재구성하는 것이 유지보수에 중요합니다.		비즈니스 로직을 담당하는 서비스 계층 클래스	TRUE	DB 테이블을 정의하는 엔티티 클래스	FALSE	HTTP 요청을 직접 처리하는 서블릿 클래스	FALSE	테스트 픽스처를 생성하는 유틸 클래스	FALSE	spring	service	layering	backend
Q034	@Repository(@Repository)		Backend - 언어 & 프레임워크	21	CHOICE	EASY	@Repository의 일반적인 역할로 가장 올바른 것은?	@Repository는 데이터 접근 계층 컴포넌트에 붙여 저장소 역할을 나타냅니다. 스프링에서는 예외 변환(데이터 접근 예외를 스프링 공통 예외로 래핑)과도 관련이 있습니다. 면접에서는 DAO와 Repository 개념, JPA Repository와의 차이를 묻기도 합니다. 실무에서는 쿼리 성능, 트랜잭션, N+1 같은 이슈가 주로 이 레이어와 연결되어 문제를 일으킵니다. 또한 인터페이스 기반 Repository를 사용하면 구현을 교체하거나 테스트 대역을 만들기 쉬워 유지보수에 유리합니다.		데이터 접근 계층 컴포넌트를 나타낸다	TRUE	요청 파라미터를 바인딩하는 애노테이션이다	FALSE	애플리케이션 포트를 변경하는 설정이다	FALSE	JVM 최적화 플래그를 지정한다	FALSE	spring	repository	data	backend
Q035	@GetMapping(@GetMapping)		Backend - 언어 & 프레임워크	21	CHOICE	EASY	@GetMapping의 의미로 가장 올바른 것은?	@GetMapping은 HTTP GET 요청을 특정 컨트롤러 메서드에 매핑하는 애노테이션입니다. REST 관점에서 GET은 보통 조회에 사용되며 멱등성을 가지는 것이 권장됩니다. 면접에서는 @RequestMapping과의 관계, GET POST 차이, 멱등성 개념이 자주 나옵니다. 실무에서는 조회 요청에 부작용이 생기지 않도록 설계하는 것이 중요하며, 캐시나 CDN 전략에도 영향을 줍니다. 또한 쿼리 파라미터와 경로 변수 설계를 일관되게 하면 API 사용성이 좋아집니다.		HTTP GET 요청을 처리하도록 매핑한다	TRUE	HTTP POST 요청만 처리한다	FALSE	빈을 등록하는 설정 애노테이션이다	FALSE	트랜잭션을 무조건 롤백시킨다	FALSE	spring	mvc	get	api
Q036	@PathVariable(@PathVariable)		Backend - 언어 & 프레임워크	21	CHOICE	EASY	/users/10 같은 URL에서 10을 받기 위한 애노테이션으로 가장 올바른 것은?	경로 변수는 URL 경로의 일부를 의미 있는 값으로 추출할 때 사용합니다. @PathVariable은 /users/{id} 같은 형태에서 id 값을 메서드 파라미터로 바인딩합니다. 면접에서는 @RequestParam과의 차이(쿼리스트링 vs 경로)를 구분할 수 있는지 자주 확인합니다. 실무에서는 리소스 식별자는 경로 변수로, 검색 조건은 쿼리 파라미터로 설계하는 것이 일반적입니다. 또한 타입 변환 오류가 발생할 수 있으니 검증과 예외 처리 전략을 함께 준비해야 합니다.		@PathVariable	TRUE	@RequestParam	FALSE	@RequestBody	FALSE	@Autowired	FALSE	spring	mvc	pathvariable	routing
Q037	@RequestParam(@RequestParam)		Backend - 언어 & 프레임워크	21	CHOICE	EASY	/search?keyword=java 같은 쿼리 파라미터를 받는 데 가장 적절한 것은?	쿼리 파라미터는 URL 뒤에 key=value 형태로 전달되는 입력 값입니다. @RequestParam은 이런 값을 컨트롤러 메서드 파라미터로 바인딩하는 데 사용됩니다. 면접에서는 required, defaultValue 옵션을 알고 있는지로 질문이 확장될 수 있습니다. 실무에서는 검색, 정렬, 페이징 같은 선택적 조건을 쿼리 파라미터로 전달하는 패턴이 흔합니다. 또한 값 검증을 위해 Bean Validation과 결합하거나 DTO로 묶어 받는 방식도 자주 사용됩니다.		@RequestParam	TRUE	@PathVariable	FALSE	@ResponseBody	FALSE	@Bean	FALSE	spring	mvc	requestparam	api
Q038	@RequestBody(@RequestBody)		Backend - 언어 & 프레임워크	21	CHOICE	EASY	JSON 요청 본문을 DTO로 받아오려면 주로 어떤 애노테이션을 사용하나?	@RequestBody는 HTTP 요청 본문(body)을 객체로 역직렬화하여 파라미터에 바인딩합니다. 보통 JSON을 Jackson이 DTO로 변환하며, 필드 이름과 타입이 맞지 않으면 바인딩 오류가 발생할 수 있습니다. 면접에서는 @RequestBody와 @ModelAttribute 차이를 묻는 경우가 많습니다. 실무에서는 입력 검증을 위해 @Valid와 함께 쓰는 경우가 흔하며, 에러 응답 포맷을 표준화하는 것이 중요합니다. 또한 보안상 민감한 필드가 들어오지 않도록 DTO를 분리하고 화이트리스트 방식으로 설계하는 것이 안전합니다.		@RequestBody	TRUE	@PathVariable	FALSE	@Component	FALSE	@Configuration	FALSE	spring	mvc	requestbody	json
Q039	Actuator(Spring Boot Actuator)		Backend - 웹 서버 기초	17	CHOICE	EASY	Spring Boot Actuator의 용도로 가장 올바른 것은?	Actuator는 애플리케이션의 상태와 메트릭을 노출해 운영 관리를 돕는 기능입니다. health, metrics 같은 엔드포인트를 통해 헬스체크나 모니터링 연동이 쉬워집니다. 면접에서는 운영 환경에서 어떤 정보를 노출해야 하는지, 보안 설정이 왜 중요한지로 질문이 확장됩니다. 실무에서는 엔드포인트를 외부에 그대로 노출하면 위험할 수 있으니 접근 제어와 네트워크 정책을 반드시 적용해야 합니다. 또한 모니터링 도구와 함께 사용하면 장애 징후를 빠르게 감지하고 원인 분석 시간을 줄일 수 있습니다.		운영 모니터링을 위한 헬스체크와 메트릭 엔드포인트를 제공한다	TRUE	JPA 엔티티를 자동 생성한다	FALSE	프론트엔드 빌드를 자동으로 수행한다	FALSE	JVM을 설치하지 않아도 실행되게 만든다	FALSE	springboot	actuator	monitoring	ops
Q040	spring-boot-starter-test(starter test)		Backend - 테스트	22	CHOICE	EASY	spring-boot-starter-test의 일반적인 목적은?	spring-boot-starter-test는 테스트에 필요한 라이브러리를 묶어 제공해 설정을 단순화합니다. 보통 JUnit과 Mockito, Spring Test 관련 구성 요소들이 포함되어 테스트를 빠르게 시작할 수 있게 합니다. 면접에서는 단위 테스트와 통합 테스트의 구분, 어떤 도구를 왜 쓰는지로 이어지는 질문이 많습니다. 실무에서는 테스트 실행 속도와 신뢰성이 중요하므로, 슬라이스 테스트와 통합 테스트를 적절히 조합하는 전략이 필요합니다. 또한 테스트 의존성 버전 충돌을 줄이기 위해 스타터를 활용하는 것이 유지보수에 유리합니다.		테스트 관련 라이브러리를 묶어 제공해 테스트 설정을 쉽게 한다	TRUE	운영 서버의 포트를 자동으로 고정한다	FALSE	DB 마이그레이션을 강제로 수행한다	FALSE	모든 API에 인증을 자동 적용한다	FALSE	test	springboot	junit	mockito
Q041	접근 제어자(Access Modifier)		언어 중심 - Java	94	CHOICE	EASY	private 접근 제어자의 의미로 가장 올바른 것은?	private은 같은 클래스 내부에서만 접근을 허용하는 접근 제어자입니다. 캡슐화를 통해 내부 구현을 숨기고, 외부에서 상태를 함부로 변경하지 못하게 하는 데 핵심 역할을 합니다. 면접에서는 private protected default public의 범위를 비교하는 문제가 자주 나옵니다. 실무에서는 필드는 private로 두고, 필요한 경우에만 getter setter를 제공해 불변성을 최대한 유지하는 설계가 좋습니다. 또한 접근 범위를 좁히면 변경 영향 범위를 줄여 리팩터링이 쉬워지고 버그 가능성도 낮아집니다.		같은 클래스 내부에서만 접근 가능	TRUE	같은 패키지면 어디서나 접근 가능	FALSE	상속받은 클래스에서만 접근 가능	FALSE	어떤 클래스에서든 접근 가능	FALSE	java	oop	encapsulation	access
Q042	메서드 시그니처(Method Signature)		언어 중심 - Java	94	CHOICE	EASY	자바에서 메서드 오버로딩을 구분하는 기준으로 가장 올바른 것은?	오버로딩은 같은 이름의 메서드를 여러 개 정의하되, 파라미터 목록이 달라야 합니다. 파라미터의 개수, 타입, 순서가 시그니처에 포함되며, 반환 타입은 오버로딩 구분 기준이 아닙니다. 면접에서는 오버로딩과 오버라이딩 혼동을 자주 잡아냅니다. 실무에서는 API 사용성을 높일 수 있지만, 과도한 오버로딩은 호출 의도를 헷갈리게 만들 수 있어 문서화와 네이밍 전략이 중요합니다. 또한 자동 형변환이 끼면 어떤 오버로드가 선택되는지 애매해질 수 있어 주의해야 합니다.		파라미터 목록(개수 타입 순서)	TRUE	반환 타입	FALSE	접근 제어자	FALSE	클래스 이름	FALSE	java	method	signature	overloading
Q043	패키지(Package)		언어 중심 - Java	94	CHOICE	EASY	자바에서 패키지를 사용하는 가장 일반적인 목적은?	패키지는 클래스를 논리적으로 묶어 이름 충돌을 방지하고 구조를 정리합니다. 접근 제어자와 결합해 캡슐화 범위를 패키지 단위로 조절할 수도 있습니다. 면접에서는 default 접근 제어자 범위가 패키지라는 점으로 연결 질문이 나옵니다. 실무에서는 도메인별, 레이어별로 패키지를 나누고 의존 방향을 관리하면 유지보수성이 크게 좋아집니다. 또한 패키지 구조는 빌드 시스템과 컴포넌트 스캔 범위에 영향을 주기 때문에 스프링 프로젝트에서는 특히 중요합니다.		이름 충돌 방지와 코드 구조 정리	TRUE	GC 성능을 향상시키기 위해	FALSE	DB 테이블을 생성하기 위해	FALSE	JVM을 설치하지 않고 실행하기 위해	FALSE	java	package	structure	namespace
Q044	클래스패스(Classpath)		언어 중심 - Java	94	CHOICE	EASY	ClassNotFoundException이 발생하는 대표적인 원인으로 가장 올바른 것은?	ClassNotFoundException은 JVM이 실행 중 특정 클래스를 클래스패스에서 찾지 못할 때 발생합니다. 의존성이 누락되었거나 jar가 배포물에 포함되지 않았거나, 클래스 이름 경로가 잘못된 경우가 대표적입니다. 면접에서는 NoClassDefFoundError와의 차이도 같이 물어보는 경우가 많습니다. 실무에서는 빌드 도구(Gradle Maven) 의존성 스코프 설정 오류나, 멀티모듈 jar 구성 문제로 자주 나타납니다. 따라서 배포 아티팩트에 어떤 라이브러리가 포함되는지 확인하는 습관이 중요합니다.		클래스패스에 필요한 클래스나 jar가 없을 때	TRUE	GC가 메모리를 회수했을 때	FALSE	DB 트랜잭션이 롤백되었을 때	FALSE	HTTP 요청 메서드가 GET이 아닐 때	FALSE	java	classpath	build	error
Q045	Collections Framework(Collections)		언어 중심 - Java	94	CHOICE	EASY	List 인터페이스의 특징으로 가장 올바른 것은?	List는 순서가 있는 컬렉션이며 인덱스로 요소에 접근할 수 있습니다. 일반적으로 중복을 허용하고, 요소 삽입 순서를 유지합니다. 면접에서는 Set과의 차이(중복 비허용, 순서 보장 여부)를 자주 묻습니다. 실무에서는 순서가 의미 있는 데이터(화면 표시 목록, 정렬된 결과)에 List를 사용합니다. 다만 구현체(ArrayList LinkedList)에 따라 성능 특성이 달라지므로 사용 패턴에 맞게 선택하는 것이 중요합니다.		순서가 있고 인덱스로 접근 가능하며 중복을 허용한다	TRUE	중복을 허용하지 않는 집합이다	FALSE	키-값 저장 구조다	FALSE	스레드 안전이 기본 보장된다	FALSE	java	collections	list	datastructure
Q046	Set(Set)		언어 중심 - Java	94	CHOICE	EASY	Set의 일반적인 특징으로 가장 올바른 것은?	Set은 중복을 허용하지 않는 컬렉션입니다. 중복 판단은 equals와 hashCode 계약에 의해 결정되는 경우가 많으며, 구현체에 따라 순서 보장 여부가 달라집니다. 면접에서는 HashSet TreeSet LinkedHashSet의 차이를 물을 수 있습니다. 실무에서는 유니크한 값 집합(태그, 권한, 방문한 ID) 등을 다룰 때 Set이 유용합니다. 다만 엔티티나 VO를 Set의 요소로 쓰면 equals hashCode 구현이 정확해야 의도한 중복 제거가 동작합니다.		중복을 허용하지 않는다	TRUE	입력 순서대로만 항상 저장된다	FALSE	키-값 쌍만 저장한다	FALSE	스레드 안전이 기본 기능이다	FALSE	java	collections	set	unique
Q047	Map(Map)		언어 중심 - Java	94	CHOICE	EASY	Map 자료구조에 대한 설명으로 가장 올바른 것은?	Map은 키-값 쌍을 저장하는 자료구조입니다. 키를 통해 값을 빠르게 조회하는 것이 주요 목적이며, 같은 키는 일반적으로 하나의 값만 가집니다. 면접에서는 Map이 컬렉션(List Set)과 달리 Collection 인터페이스를 직접 구현하지 않는다는 점을 묻기도 합니다. 실무에서는 캐시, 인덱싱, 집계 결과(키별 카운트)처럼 빠른 조회가 필요한 곳에 Map을 자주 사용합니다. 키로 복잡한 객체를 사용할 때는 equals hashCode 구현이 필수입니다.		키-값 쌍을 저장하고 키로 값을 조회한다	TRUE	중복이 없는 순서형 리스트다	FALSE	스택처럼 LIFO만 지원한다	FALSE	반드시 정렬된 상태로만 유지된다	FALSE	java	collections	map	key
Q048	Lombok(@Getter @Setter)		Backend - 언어 & 프레임워크	21	CHOICE	EASY	Lombok의 @Getter @Setter를 사용하는 주된 이유로 가장 올바른 것은?	Lombok은 반복적인 보일러플레이트 코드를 줄이기 위해 컴파일 단계에서 코드를 생성합니다. @Getter @Setter를 쓰면 접근자 메서드를 자동 생성해 코드량을 크게 줄일 수 있습니다. 면접에서는 Lombok이 런타임이 아니라 컴파일 타임에 동작한다는 점을 강조하면 좋습니다. 실무에서는 편리하지만 과도한 setter 노출은 캡슐화를 깨뜨릴 수 있어 엔티티나 도메인 모델 설계에서 주의가 필요합니다. 또한 IDE 설정이나 빌드 환경에서 Lombok 플러그인이 누락되면 컴파일 문제가 생길 수 있습니다.		반복되는 getter setter 코드를 자동 생성해 생산성을 높인다	TRUE	DB 스키마를 자동 마이그레이션한다	FALSE	HTTP 라우팅을 자동으로 만든다	FALSE	GC를 튜닝해 메모리를 줄인다	FALSE	java	lombok	productivity	backend
Q049	@Value와 @ConfigurationProperties		Backend - 언어 & 프레임워크	21	CHOICE	EASY	여러 설정 값을 묶어서 타입 안전하게 관리할 때 더 적합한 것은?	여러 설정을 구조적으로 묶어 관리하려면 @ConfigurationProperties가 적합합니다. prefix로 그룹핑하고 타입 변환 및 검증까지 결합할 수 있어 운영 안정성이 좋아집니다. @Value는 한두 개 값 주입에는 편리하지만 값이 흩어지고 리팩터링 시 취약해질 수 있습니다. 면접에서는 설정 우선순위(환경 변수, 프로파일, 커맨드라인)까지 확장될 수 있습니다. 실무에서는 설정 클래스에 검증 애노테이션을 붙여 잘못된 설정을 애플리케이션 시작 단계에서 실패시키는 전략이 자주 사용됩니다.		@ConfigurationProperties	TRUE	@Value	FALSE	@Autowired	FALSE	@PostConstruct	FALSE	springboot	config	properties	binding
Q050	REST(REST)		Backend - 웹 서버 기초	17	CHOICE	EASY	REST API에서 GET 메서드의 일반적인 용도로 가장 올바른 것은?	REST에서 GET은 리소스를 조회하는 용도로 사용됩니다. 조회는 보통 서버 상태를 변경하지 않는 것이 권장되며, 멱등성을 가지는 특성이 있습니다. 면접에서는 GET POST PUT PATCH DELETE의 차이와 멱등성을 자주 묻습니다. 실무에서는 조회 요청에 부작용이 생기면 캐시 전략이나 모니터링에서 큰 혼란이 생깁니다. 따라서 조회 로직은 가능한 한 읽기 전용으로 유지하고, 변경 작업은 적절한 메서드로 분리하는 것이 좋습니다.		리소스를 조회한다	TRUE	리소스를 생성한다	FALSE	리소스를 삭제한다	FALSE	항상 파일 업로드에만 사용된다	FALSE	spring	rest	http	get
Q051	HTTP 상태 코드(HTTP Status Code)		Backend - 웹 서버 기초	17	CHOICE	EASY	404 상태 코드의 의미로 가장 올바른 것은?	404는 요청한 리소스를 서버가 찾지 못했다는 의미입니다. 라우팅이 없거나 잘못된 경로로 요청했을 때 자주 발생합니다. 면접에서는 400 401 403 404 500 차이를 비교하는 문제가 흔합니다. 실무에서는 404가 과도하게 발생하면 프론트 라우팅 설정, API 게이트웨이 경로, 배포 누락 같은 운영 문제를 의심해야 합니다. 또한 보안 관점에서 존재 여부를 숨기기 위해 일부러 404를 반환하는 설계도 있어 상황에 맞게 해석해야 합니다.		요청한 리소스를 찾을 수 없다	TRUE	서버 내부 오류가 발생했다	FALSE	인증이 필요하다	FALSE	요청이 성공했다	FALSE	spring	http	statuscode	api
Q052	JSON 직렬화(Serialization)		Backend - 언어 & 프레임워크	21	CHOICE	EASY	Spring Boot에서 객체를 JSON으로 변환해 응답하는 기능을 주로 담당하는 것은?	스프링 MVC는 반환 객체를 HttpMessageConverter를 통해 응답 바디로 변환합니다. JSON 변환은 보통 Jackson 라이브러리가 담당하며, 필드 네이밍 규칙이나 날짜 포맷 같은 설정이 결과에 영향을 줍니다. 면접에서는 @ResponseBody, @RestController, 메시지 컨버터 흐름을 이해하는지 확인합니다. 실무에서는 직렬화 대상 DTO를 분리하고, 민감 정보가 노출되지 않도록 주의해야 합니다. 또한 순환 참조나 Lazy 로딩 엔티티를 그대로 반환하면 직렬화 오류가 날 수 있어 API 설계에서 DTO 사용이 권장됩니다.		HttpMessageConverter와 Jackson이 JSON 변환을 수행한다	TRUE	GC가 JSON을 생성한다	FALSE	클래스 로더가 JSON을 파싱한다	FALSE	DB 커넥션 풀이 직렬화를 담당한다	FALSE	spring	json	jackson	mvc
Q053	Validation(@Valid)		Backend - 언어 & 프레임워크	21	CHOICE	EASY	@Valid를 사용하는 일반적인 목적은?	@Valid는 요청 DTO 등에 선언된 검증 규칙(예: NotNull, Size)을 적용하도록 합니다. 이를 통해 잘못된 입력을 컨트롤러 진입 시점에 걸러낼 수 있습니다. 면접에서는 검증 실패 시 어떤 예외가 발생하고 어떻게 응답을 구성하는지로 질문이 확장됩니다. 실무에서는 글로벌 예외 처리(@ControllerAdvice)와 함께 표준 에러 응답을 제공하는 것이 중요합니다. 또한 검증은 보안과 데이터 품질에 직결되므로, DB 제약조건과 함께 다층 방어로 설계하는 것이 안전합니다.		입력 값 검증 규칙을 적용하기 위해	TRUE	트랜잭션을 자동 커밋하기 위해	FALSE	HTTP 메서드를 GET으로 강제하기 위해	FALSE	빈을 프로토타입으로 변경하기 위해	FALSE	spring	validation	dto	backend
Q054	@ControllerAdvice(Controller Advice)		Backend - 언어 & 프레임워크	21	CHOICE	EASY	@ControllerAdvice의 대표적인 사용 목적은?	@ControllerAdvice는 여러 컨트롤러에 공통으로 적용되는 로직을 모아 관리합니다. 대표적으로 전역 예외 처리(@ExceptionHandler)로 일관된 에러 응답을 제공할 때 사용됩니다. 면접에서는 예외 처리 흐름, ResponseEntity로 상태 코드를 조정하는 방법으로 확장 질문이 나옵니다. 실무에서는 예외를 분류해 400 404 409 500 같은 상태 코드를 체계적으로 매핑하는 것이 중요합니다. 또한 로그 레벨과 스택트레이스 노출 정책을 정해 보안과 운영 편의성을 함께 챙겨야 합니다.		전역 예외 처리 등 공통 컨트롤러 로직을 적용한다	TRUE	DB 인덱스를 생성한다	FALSE	JVM 메모리 영역을 설정한다	FALSE	프론트엔드 라우팅을 담당한다	FALSE	spring	exception	controlleradvice	api
Q055	@Transactional(Transactional)		Backend - 언어 & 프레임워크	21	CHOICE	EASY	@Transactional의 일반적인 목적은?	@Transactional은 메서드 실행을 트랜잭션 경계로 묶어 원자성과 일관성을 보장하려는 목적이 있습니다. 성공하면 커밋, 예외가 발생하면 롤백하는 방식으로 데이터 변경을 안전하게 처리합니다. 면접에서는 트랜잭션 전파, 격리 수준 같은 심화 질문으로 이어질 수 있습니다. 실무에서는 트랜잭션 범위를 너무 넓히면 락 경합과 성능 저하가 생길 수 있어 최소 범위로 설계하는 것이 중요합니다. 또한 읽기 전용 트랜잭션 설정은 불필요한 더티 체킹을 줄이는 데 도움이 됩니다.		메서드 실행을 트랜잭션 경계로 묶어 커밋 롤백을 관리한다	TRUE	HTTP 요청을 자동으로 캐싱한다	FALSE	JSON을 XML로 변환한다	FALSE	모든 예외를 무시한다	FALSE	spring	transaction	backend	data
Q056	@SpringBootTest(SpringBootTest)		Backend - 테스트	22	CHOICE	EASY	@SpringBootTest의 일반적인 특징으로 가장 올바른 것은?	@SpringBootTest는 스프링 부트 애플리케이션 컨텍스트를 폭넓게 로딩해 통합 테스트에 가깝게 검증할 수 있습니다. 반면 로딩 비용이 커서 실행 시간이 길어질 수 있습니다. 면접에서는 @WebMvcTest, @DataJpaTest 같은 슬라이스 테스트와 비교하는 질문이 나옵니다. 실무에서는 빠른 피드백을 위해 단위 테스트와 슬라이스 테스트를 우선하고, 핵심 플로우는 통합 테스트로 보완하는 전략이 좋습니다. 또한 테스트에서 외부 시스템 의존을 줄이기 위해 Testcontainers나 Mock 서버를 함께 사용하기도 합니다.		전체 애플리케이션 컨텍스트를 로딩하는 통합 테스트에 가깝다	TRUE	컨트롤러만 로딩하는 슬라이스 테스트다	FALSE	JPA 레이어만 테스트한다	FALSE	테스트 없이도 커버리지를 자동 생성한다	FALSE	test	spring	integration	context
Q057	MockMvc(MockMvc)		Backend - 테스트	22	CHOICE	EASY	MockMvc를 사용하는 주된 이유로 가장 올바른 것은?	MockMvc는 실제 서버를 띄우지 않고도 Spring MVC 요청 응답 흐름을 테스트할 수 있게 합니다. 컨트롤러, 필터, 인터셉터 일부를 포함한 레이어를 빠르게 검증할 수 있어 개발 생산성이 높습니다. 면접에서는 왜 E2E 테스트 대신 MockMvc를 쓰는지, 어떤 범위를 검증하는지로 질문이 확장됩니다. 실무에서는 요청/응답 스펙을 문서화(RestDocs)와 결합해 API 문서 자동 생성에도 활용합니다. 또한 테스트 데이터 준비와 인증 처리(MockUser 등)를 적절히 구성해야 안정적인 테스트가 가능합니다.		실제 서버 없이 MVC 요청 응답을 테스트하기 위해	TRUE	DB 인덱스를 자동 생성하기 위해	FALSE	JVM 옵션을 바꾸기 위해	FALSE	프론트엔드 번들을 빌드하기 위해	FALSE	test	mockmvc	spring	api
Q058	DI(Dependency Injection)		Backend - 언어 & 프레임워크	21	CHOICE	EASY	의존성 주입(DI)의 핵심 효과로 가장 올바른 것은?	DI는 객체가 직접 의존 객체를 생성하지 않고 외부에서 주입받게 해 결합도를 낮춥니다. 이를 통해 구현체 교체가 쉬워지고 테스트에서 Mock을 주입하기도 편해집니다. 면접에서는 IoC와 DI 차이, 생성자 주입 권장 이유로 자주 이어집니다. 실무에서는 인터페이스 기반 설계와 결합해 아키텍처 유연성을 높이는 핵심 도구가 됩니다. 또한 순환 의존성이 발생하면 설계가 복잡해졌다는 신호일 수 있으므로 책임 분리 관점에서 재설계를 고려해야 합니다.		결합도를 낮추고 테스트 및 교체를 쉽게 만든다	TRUE	객체 생성을 불가능하게 만든다	FALSE	예외를 자동으로 숨긴다	FALSE	DB 성능을 자동으로 최적화한다	FALSE	spring	di	design	test
Q059	컴포넌트 스캔(Component Scan)		Backend - 언어 & 프레임워크	21	CHOICE	EASY	스프링에서 컴포넌트 스캔의 역할로 가장 올바른 것은?	컴포넌트 스캔은 지정된 패키지 범위에서 @Component 계열 애노테이션이 붙은 클래스를 찾아 빈으로 등록합니다. Spring Boot에서는 메인 클래스 패키지를 기준으로 하위 패키지를 스캔하는 것이 일반적입니다. 면접에서는 스캔 범위가 왜 중요한지, 빈 누락이 생기는 이유를 자주 묻습니다. 실무에서는 패키지 구조를 일관되게 잡고, 불필요하게 넓은 스캔을 피하면 시작 속도와 유지보수성이 좋아집니다. 또한 멀티모듈 구성에서는 스캔 대상 모듈이 포함되도록 설정을 점검해야 합니다.		애노테이션 기반 빈을 찾아 자동 등록한다	TRUE	DB 테이블을 자동 생성한다	FALSE	HTTP 요청을 암호화한다	FALSE	JVM 힙 크기를 자동 조정한다	FALSE	spring	scan	bean	autowire
Q060	REST 멱등성(Idempotency)		Backend - 웹 서버 기초	17	CHOICE	EASY	HTTP 메서드 중 일반적으로 멱등성을 가진 것으로 가장 올바른 것은?	멱등성은 같은 요청을 여러 번 수행해도 결과가 같다는 성질입니다. 일반적으로 GET은 조회이므로 멱등성을 가진다고 설명됩니다. 면접에서는 POST는 보통 비멱등, PUT DELETE는 멱등으로 분류되는 이유를 함께 묻기도 합니다. 실무에서는 재시도 로직이나 네트워크 오류 복구에서 멱등성 설계가 매우 중요합니다. 특히 결제나 주문 같은 도메인에서는 멱등 키를 사용해 중복 처리를 막는 방식이 자주 사용됩니다.		GET	TRUE	POST	FALSE	CONNECT	FALSE	TRACE	FALSE	spring	http	rest	idempotent
Q061	SpringApplication.run(SpringApplication run)		Backend - 언어 & 프레임워크	21	CHOICE	EASY	Spring Boot 애플리케이션을 시작할 때 일반적으로 호출하는 메서드는?	Spring Boot는 main 메서드에서 SpringApplication.run을 호출해 애플리케이션 컨텍스트를 초기화합니다. 이 과정에서 컴포넌트 스캔과 자동 구성도 함께 진행됩니다. 임베디드 톰캣 같은 서버도 이 시점에 올라오며 포트 바인딩이 이뤄집니다. 면접에서는 run 호출이 실제로 어떤 것들을 시작시키는지 큰 흐름을 물어봅니다. 실무에서는 시작 로그와 실패 원인을 추적할 때 run 단계에서의 예외 메시지가 핵심 단서가 됩니다.		SpringApplication.run	TRUE	System.gc	FALSE	DriverManager.getConnection	FALSE	Thread.start	FALSE	springboot	startup	context	backend
Q062	스프링 이니셜라이저(Spring Initializr)		Backend - 언어 & 프레임워크	21	CHOICE	EASY	Spring Initializr의 주된 목적은?	Spring Initializr는 의존성과 기본 설정이 포함된 프로젝트 뼈대를 빠르게 생성해줍니다. Gradle이나 Maven 설정과 스타터 의존성 선택을 쉽게 구성할 수 있습니다. 면접에서는 스타터를 왜 쓰는지와 함께 프로젝트 생성 흐름을 묻기도 합니다. 실무에서는 팀 표준 템플릿으로 초기 구조를 맞추면 설정 편차가 줄어듭니다. 또한 자바 버전과 패키징 jar war 선택을 초기에 고정해 두면 배포 단계에서 혼란이 줄어듭니다.		스프링 부트 프로젝트 기본 구조를 빠르게 생성한다	TRUE	DB 데이터를 자동으로 백업한다	FALSE	HTTP 요청을 자동으로 라우팅한다	FALSE	JVM 메모리를 자동 튜닝한다	FALSE	springboot	initializr	starter	build
Q063	application.properties(application properties)		Backend - 언어 & 프레임워크	21	CHOICE	EASY	Spring Boot에서 application.properties 파일의 일반적인 역할은?	application.properties는 애플리케이션 설정 값을 키 값 형태로 관리합니다. 서버 포트, DB 연결, 로그 레벨 같은 환경 설정을 담는 데 많이 사용됩니다. application.yml과 기능은 유사하며 표현 방식만 다릅니다. 면접에서는 설정 우선순위와 프로파일 파일 분리와 연결해서 질문이 나옵니다. 실무에서는 운영 설정과 시크릿을 분리하고 환경 변수로 덮어쓰는 방식을 함께 사용하면 안전합니다.		애플리케이션 설정 값을 정의한다	TRUE	자바 소스를 컴파일한다	FALSE	HTML 화면을 렌더링한다	FALSE	Git 브랜치를 관리한다	FALSE	springboot	config	properties	env
Q064	데이터소스(DataSource)		Backend - 언어 & 프레임워크	21	CHOICE	EASY	Spring에서 DataSource가 일반적으로 의미하는 것은?	DataSource는 애플리케이션이 DB 연결을 얻어오는 표준 인터페이스입니다. 내부적으로 커넥션 풀 구현체와 연결되어 커넥션을 빌려주고 반납받는 역할을 합니다. 스프링 부트는 설정값을 바탕으로 DataSource 빈을 자동 구성해주는 경우가 많습니다. 면접에서는 JDBC와 JPA가 결국 DataSource를 통해 연결을 얻는다는 점을 물어봅니다. 실무에서는 DataSource 설정 오류가 있으면 애플리케이션이 부팅 단계에서 바로 실패하는 경우가 많습니다.		DB 커넥션을 제공하는 표준 인터페이스	TRUE	HTTP 요청을 처리하는 컨트롤러	FALSE	클래스 로딩을 담당하는 JVM 구성 요소	FALSE	테스트 전용 애노테이션	FALSE	spring	datasource	jdbc	backend
Q065	ResponseEntity(ResponseEntity)		Backend - 언어 & 프레임워크	21	CHOICE	EASY	Spring MVC에서 상태 코드와 헤더를 함께 제어하며 응답을 만들 때 자주 쓰는 것은?	ResponseEntity는 응답 본문뿐 아니라 상태 코드와 헤더까지 함께 담아 반환할 수 있습니다. REST API에서 201, 204, 400 같은 상태 코드를 명확히 표현할 때 유용합니다. 면접에서는 컨트롤러가 상태 코드를 어떻게 결정하는지로 질문이 확장됩니다. 실무에서는 에러 응답 포맷과 함께 ResponseEntity를 사용하면 일관된 API 규격을 만들기 쉽습니다. 또한 캐시 헤더나 Location 헤더처럼 운영에 중요한 헤더를 세밀하게 설정할 수 있습니다.		ResponseEntity	TRUE	Optional	FALSE	StringBuilder	FALSE	HashSet	FALSE	spring	response	http	api
Q066	PUT 매핑(Put Mapping)		Backend - 언어 & 프레임워크	21	CHOICE	EASY	HTTP PUT 요청을 처리하기 위해 사용하는 애노테이션으로 가장 올바른 것은?	REST에서 PUT은 보통 리소스 전체 갱신에 사용됩니다. 스프링에서는 @PutMapping으로 PUT 요청을 컨트롤러 메서드에 매핑합니다. 면접에서는 PUT과 PATCH 차이를 구분하는지 자주 확인합니다. 실무에서는 멱등성을 고려해 같은 요청을 여러 번 보내도 결과가 같도록 설계하는 것이 중요합니다. 또한 업데이트 요청 DTO 검증과 권한 체크가 같이 들어가야 안전합니다.		@PutMapping	TRUE	@GetMapping	FALSE	@Bean	FALSE	@Autowired	FALSE	spring	mvc	put	rest
Q067	DELETE 매핑(Delete Mapping)		Backend - 언어 & 프레임워크	21	CHOICE	EASY	HTTP DELETE 요청을 처리하기 위해 사용하는 애노테이션은?	REST에서 DELETE는 리소스 삭제를 나타내는 메서드입니다. 스프링에서는 @DeleteMapping으로 DELETE 요청을 매핑합니다. 면접에서는 삭제 성공 시 어떤 상태 코드가 적절한지로 확장될 수 있습니다. 실무에서는 삭제가 실제 물리 삭제인지 소프트 삭제인지 정책을 명확히 해야 합니다. 또한 삭제는 위험도가 높아 권한과 감사 로그를 함께 설계하는 경우가 많습니다.		@DeleteMapping	TRUE	@PostMapping	FALSE	@Component	FALSE	@Configuration	FALSE	spring	mvc	delete	api
Q068	요청 헤더(Request Header)		Backend - 웹 서버 기초	17	CHOICE	EASY	HTTP 요청 헤더 값을 컨트롤러 파라미터로 받기 위해 사용하는 애노테이션은?	헤더에는 인증 토큰, 콘텐츠 타입, 사용자 에이전트 같은 정보가 들어갑니다. 스프링에서는 @RequestHeader로 특정 헤더 값을 메서드 파라미터에 바인딩할 수 있습니다. 면접에서는 헤더와 쿠키, 바디의 차이를 구분하는 질문이 나옵니다. 실무에서는 Authorization 헤더 처리와 대소문자, 누락 처리 같은 예외 케이스를 조심해야 합니다. 또한 민감 헤더는 로그에 그대로 찍지 않도록 마스킹 정책을 갖추는 것이 좋습니다.		@RequestHeader	TRUE	@PathVariable	FALSE	@RequestBody	FALSE	@RequestParam	FALSE	spring	http	header	backend
Q069	CORS(Cross Origin Resource Sharing)		Backend - 인증/인가	18	CHOICE	EASY	브라우저에서 다른 출처의 API 호출을 허용하기 위한 정책과 관련된 용어는?	CORS는 브라우저가 출처가 다른 리소스에 접근할 때 적용하는 보안 정책과 그 허용 메커니즘입니다. 서버는 응답 헤더로 허용 출처와 메서드 등을 명시해 브라우저가 차단하지 않도록 합니다. 면접에서는 왜 Postman에서는 되는데 브라우저에서는 막히는지로 자주 이어집니다. 실무에서는 Access Control Allow Origin을 와일드카드로 두면 보안 위험이 커질 수 있어 제한하는 것이 좋습니다. 또한 프리플라이트 OPTIONS 요청이 발생할 수 있어 서버 라우팅과 캐시 설정도 함께 고려해야 합니다.		CORS	TRUE	GC	FALSE	JIT	FALSE	ORM	FALSE	security	cors	http	spring
Q070	로그 레벨(Logging Level)		Backend - 웹 서버 기초	17	CHOICE	EASY	일반적으로 로그 레벨 중 가장 상세한 수준에 해당하는 것은?	로그 레벨은 기록의 상세도를 단계로 나눠 운영 상황에 맞게 조절합니다. 보통 TRACE가 가장 상세하고 DEBUG, INFO, WARN, ERROR 순으로 중요도가 올라갑니다. 면접에서는 운영 환경에서 DEBUG를 함부로 켜면 어떤 문제가 생기는지 물을 수 있습니다. 실무에서는 과도한 로그가 성능과 비용에 영향을 주며 민감 정보 노출 위험도 커집니다. 따라서 장애 분석에 필요한 최소 정보만 구조화해서 남기는 전략이 중요합니다.		TRACE	TRUE	ERROR	FALSE	WARN	FALSE	INFO	FALSE	logging	spring	ops	level
Q071	SLF4J(SLF4J)		Backend - 웹 서버 기초	17	CHOICE	EASY	SLF4J에 대한 설명으로 가장 올바른 것은?	SLF4J는 로깅 추상화 인터페이스로, 실제 구현체를 교체할 수 있게 해줍니다. 구현체로는 Logback이나 Log4j2 같은 것이 연결됩니다. 면접에서는 추상화와 구현 분리 이유를 물어보는 경우가 있습니다. 실무에서는 라이브러리마다 로깅 구현이 섞이면 충돌이 날 수 있어 SLF4J로 통일하는 것이 유리합니다. 또한 로그 포맷과 MDC 같은 기능을 통해 추적 가능한 로그를 남기면 운영 대응이 빨라집니다.		로깅 추상화 인터페이스다	TRUE	DB 커넥션 풀 구현체다	FALSE	스프링 컨테이너 자체다	FALSE	HTTP 상태 코드 표준이다	FALSE	logging	slf4j	spring	trace
Q072	CommandLineRunner(CommandLineRunner)		Backend - 언어 & 프레임워크	21	CHOICE	EASY	애플리케이션 시작 직후 특정 초기화 로직을 실행하고 싶을 때 자주 사용하는 인터페이스는?	CommandLineRunner는 스프링 부트가 구동된 직후 run 메서드를 호출해줍니다. 초기 데이터 적재, 설정 검증, 간단한 워밍업 작업 등에 사용할 수 있습니다. 면접에서는 실행 시점이 빈 초기화 이후라는 점을 알고 있는지 물을 수 있습니다. 실무에서는 초기화 작업이 실패하면 서비스가 기동 실패로 이어질 수 있어 예외 처리와 재시도 정책이 중요합니다. 또한 무거운 작업을 넣으면 부팅 시간이 길어지므로 비동기 처리나 배치로 분리하는 것도 고려해야 합니다.		CommandLineRunner	TRUE	Comparator	FALSE	Closeable	FALSE	RunnableFuture	FALSE	springboot	startup	runner	backend
Q073	스케줄링(Scheduling)		Backend - 비동기 처리	19	CHOICE	EASY	일정 주기로 메서드를 실행하도록 설정하는 애노테이션으로 가장 올바른 것은?	스프링은 스케줄링 기능으로 특정 메서드를 주기적으로 실행할 수 있습니다. @Scheduled를 사용하면 fixedRate, fixedDelay, cron 같은 방식으로 실행 주기를 지정할 수 있습니다. 면접에서는 fixedRate와 fixedDelay 차이를 구분하는지 질문이 나올 수 있습니다. 실무에서는 스케줄 작업이 겹치거나 누적될 수 있으니 실행 시간과 동시 실행 정책을 고려해야 합니다. 또한 운영에서는 스케줄 작업 로그와 실패 알림을 반드시 준비해야 장애를 빨리 감지할 수 있습니다.		@Scheduled	TRUE	@Autowired	FALSE	@Bean	FALSE	@GetMapping	FALSE	spring	scheduling	async	backend
Q074	스케줄 활성화(Enable Scheduling)		Backend - 비동기 처리	19	CHOICE	EASY	@Scheduled가 동작하도록 스케줄 기능을 켜는 애노테이션은?	스케줄링은 기본으로 항상 켜져 있는 것이 아니라 설정으로 활성화하는 방식입니다. @EnableScheduling을 설정 클래스에 추가하면 스케줄러가 등록되어 @Scheduled가 동작합니다. 면접에서는 왜 어떤 기능은 Enable 계열 애노테이션이 필요한지로 확장될 수 있습니다. 실무에서는 스케줄이 여러 인스턴스에서 동시에 돌면 중복 실행이 발생할 수 있어 락이나 리더 선출을 고려해야 합니다. 또한 배포 시 스케줄 실행 타이밍이 변할 수 있으니 운영 시나리오를 문서화하는 것이 좋습니다.		@EnableScheduling	TRUE	@EnableAsync	FALSE	@EnableWebMvc	FALSE	@EnableTransactionManagement	FALSE	spring	scheduling	enable	backend
Q075	개발 도구(DevTools)		Backend - 언어 & 프레임워크	21	CHOICE	EASY	Spring Boot DevTools의 대표적인 목적은?	DevTools는 개발 편의 기능을 제공해 생산성을 높여줍니다. 대표적으로 코드 변경 시 자동 재시작이나 라이브 리로드 같은 기능이 있습니다. 면접에서는 개발 전용 의존성을 운영에 포함하면 어떤 문제가 생길 수 있는지 물을 수 있습니다. 실무에서는 DevTools를 개발 환경에만 적용하도록 프로파일이나 빌드 설정을 분리하는 것이 안전합니다. 또한 자동 재시작은 편리하지만 상태가 초기화될 수 있으므로 세션과 캐시 정책을 함께 고려해야 합니다.		개발 중 자동 재시작 등 편의 기능을 제공한다	TRUE	운영 모니터링 메트릭만 제공한다	FALSE	DB 마이그레이션을 강제로 수행한다	FALSE	인증 토큰을 자동 발급한다	FALSE	springboot	devtools	productivity	backend
Q076	Gradle(Gradle)		Backend - 언어 & 프레임워크	21	CHOICE	EASY	Gradle의 일반적인 역할로 가장 올바른 것은?	Gradle은 빌드 자동화 도구로 의존성 관리와 빌드 작업을 수행합니다. 스프링 부트 프로젝트에서 jar 생성, 테스트 실행, 패키징을 반복 가능하게 처리합니다. 면접에서는 Maven과 비교 질문이 자주 나오며, 빌드 스크립트 관리 경험을 확인하기도 합니다. 실무에서는 의존성 충돌이나 캐시 문제로 빌드가 깨질 수 있어 lockfile이나 버전 정책이 중요합니다. 또한 CI 환경에서 동일한 결과가 나오도록 빌드 환경과 자바 버전을 고정하는 것이 좋습니다.		빌드와 의존성 관리를 수행하는 도구다	TRUE	런타임에 클래스 로딩만 담당한다	FALSE	HTTP 요청을 처리하는 서버다	FALSE	데이터베이스 엔진이다	FALSE	build	gradle	dependency	springboot
Q077	Maven(Maven)		Backend - 언어 & 프레임워크	21	CHOICE	EASY	Maven의 pom.xml이 담당하는 대표적인 역할은?	pom.xml은 프로젝트의 의존성과 빌드 구성을 선언합니다. 라이브러리 버전, 플러그인, 빌드 라이프사이클이 이 파일을 중심으로 관리됩니다. 면접에서는 dependencies와 plugin의 차이를 구분하는지 묻기도 합니다. 실무에서는 의존성 트리 충돌이 발생하면 pom을 통해 버전을 조정하거나 제외 설정을 합니다. 또한 멀티모듈 구성에서 부모 pom 관리가 중요하며 표준화에 큰 도움이 됩니다.		의존성과 빌드 설정을 선언한다	TRUE	JVM 힙 크기를 설정한다	FALSE	DB 스키마를 생성한다	FALSE	브라우저 쿠키를 관리한다	FALSE	build	maven	pom	springboot
Q078	스타터 의존성(Starter Dependency)		Backend - 언어 & 프레임워크	21	CHOICE	EASY	spring-boot-starter-web을 추가했을 때 기대할 수 있는 효과로 가장 올바른 것은?	스타터는 특정 기능에 필요한 의존성을 묶어 제공합니다. web 스타터를 추가하면 보통 Spring MVC와 임베디드 서버 관련 구성 요소가 함께 들어옵니다. 면접에서는 왜 스타터가 편리한지와 버전 관리 방식으로 질문이 확장됩니다. 실무에서는 필요한 스타터만 선택해야 보안 취약점과 빌드 크기 증가를 줄일 수 있습니다. 또한 같은 기능을 중복으로 넣으면 충돌이 날 수 있으니 의존성 트리를 점검하는 습관이 중요합니다.		웹 애플리케이션 구동에 필요한 의존성이 함께 추가된다	TRUE	DB 인덱스가 자동으로 생성된다	FALSE	모든 API가 자동으로 인증된다	FALSE	JVM이 필요 없어져서 OS 없이 실행된다	FALSE	springboot	starter	web	dependency
Q079	예외 처리 핸들러(ExceptionHandler)		Backend - 언어 & 프레임워크	21	CHOICE	EASY	특정 예외를 잡아 HTTP 응답으로 변환하는 메서드를 만들 때 주로 사용하는 애노테이션은?	스프링에서는 @ExceptionHandler로 특정 예외를 처리하는 메서드를 정의할 수 있습니다. 컨트롤러 내부 또는 전역(@ControllerAdvice)에서 예외를 받아 적절한 상태 코드와 메시지를 내려줄 수 있습니다. 면접에서는 400과 500을 어떻게 구분해 내려줄지 설계 질문이 자주 나옵니다. 실무에서는 예외를 분류해 일관된 에러 코드와 응답 포맷을 제공하면 프론트와 운영 대응이 쉬워집니다. 또한 스택트레이스 노출은 보안 위험이 될 수 있으니 로그로 남기고 응답은 최소화하는 정책이 중요합니다.		@ExceptionHandler	TRUE	@PostConstruct	FALSE	@RequestMapping	FALSE	@Primary	FALSE	spring	exception	handler	api
Q080	스프링 프로파일(Spring Profile)		Backend - 언어 & 프레임워크	21	CHOICE	EASY	운영(prod)과 개발(dev) 환경 설정을 분리할 때 가장 대표적으로 사용하는 기능은?	프로파일은 환경별 설정을 분리해 안전하게 운영할 수 있게 해주는 핵심 기능입니다. dev에서는 로컬 DB, prod에서는 운영 DB처럼 설정을 분리하고, 실행 시 활성 프로파일을 선택합니다. 면접에서는 프로파일을 어떻게 활성화하는지와 설정 우선순위로 질문이 이어집니다. 실무에서는 운영에서 dev 프로파일이 켜지지 않도록 배포 파이프라인에서 강제하는 것이 중요합니다. 또한 시크릿과 같은 민감 설정은 프로파일 파일에 직접 두기보다 외부 시크릿 매니저나 환경 변수로 관리하는 것이 안전합니다.		프로파일(Profile)	TRUE	클래스 로더(Class Loader)	FALSE	가비지 컬렉션(GC)	FALSE	리플렉션(Reflection)	FALSE	springboot	profile	config	env
Q081	@Profile(@Profile)		Backend - 언어 & 프레임워크	21	CHOICE	EASY	특정 프로파일에서만 빈을 등록하고 싶을 때 사용하는 애노테이션은?	@Profile은 빈이나 설정 클래스가 특정 프로파일에서만 활성화되도록 제어합니다. 이를 통해 dev 환경에서만 로컬 스텁 빈을 쓰거나, prod에서만 실제 외부 연동 빈을 쓰는 식으로 분리할 수 있습니다. 면접에서는 프로파일 파일(application-dev.yml)과의 관계도 함께 묻습니다. 실무에서는 테스트 환경에서만 동작하는 빈을 분리해 운영 안전성을 높일 수 있습니다. 또한 프로파일 조건이 꼬이면 빈 누락으로 부팅 실패가 발생할 수 있어, 프로파일 이름과 정책을 팀에서 일관되게 관리해야 합니다.		@Profile	TRUE	@Primary	FALSE	@Qualifier	FALSE	@RequestMapping	FALSE	spring	profile	bean	backend
Q082	@Primary(@Primary)		Backend - 언어 & 프레임워크	21	CHOICE	EASY	동일 타입의 빈이 여러 개 있을 때 기본으로 주입될 빈을 지정하는 애노테이션은?	스프링은 타입 기반으로 빈을 찾는데, 같은 타입 빈이 여러 개면 어떤 것을 주입할지 모호해집니다. @Primary는 그 중 기본 후보를 지정해 주입 충돌을 줄여줍니다. 면접에서는 @Qualifier와의 차이를 물어보는 경우가 많습니다. 실무에서는 구현체가 여러 개인 인터페이스(예: 결제, 알림)에서 기본 구현을 정할 때 유용합니다. 다만 @Primary를 남발하면 의존성이 숨겨져 디버깅이 어려워질 수 있어, 명시적 @Qualifier와 함께 전략적으로 사용하는 것이 좋습니다.		@Primary	TRUE	@Autowired	FALSE	@PostConstruct	FALSE	@EnableScheduling	FALSE	spring	bean	injection	primary
Q083	@Qualifier(@Qualifier)		Backend - 언어 & 프레임워크	21	CHOICE	EASY	같은 타입의 빈이 여러 개일 때 특정 빈을 지정해 주입하려면 주로 무엇을 사용하나?	@Qualifier는 주입 시 특정 빈 이름이나 구분자를 지정해 충돌을 해결합니다. @Primary가 기본값을 정하는 방식이라면, @Qualifier는 호출 측에서 어떤 구현이 필요한지 명시하는 방식입니다. 면접에서는 둘의 차이와 함께 빈 이름 규칙을 묻기도 합니다. 실무에서는 기능별 구현체를 명확히 구분해야 할 때 @Qualifier가 더 안전합니다. 또한 설정 클래스에서 @Bean 메서드 이름이 빈 이름이 되는 점을 알고 있으면 충돌을 더 쉽게 해결할 수 있습니다.		@Qualifier	TRUE	@ControllerAdvice	FALSE	@ResponseBody	FALSE	@RestController	FALSE	spring	qualifier	di	bean
Q084	@RequestBody와 @ResponseBody		Backend - 언어 & 프레임워크	21	CHOICE	EASY	@ResponseBody의 의미로 가장 올바른 것은?	@ResponseBody는 반환 값을 뷰 렌더링이 아니라 HTTP 응답 바디로 직접 내려준다는 의미입니다. JSON 응답은 메시지 컨버터와 Jackson을 통해 직렬화되는 경우가 많습니다. 면접에서는 @RestController가 @Controller + @ResponseBody라는 점을 연결해 설명하는 질문이 자주 나옵니다. 실무에서는 엔티티를 그대로 반환하면 순환 참조나 지연 로딩 문제로 직렬화 오류가 날 수 있어 DTO 분리가 중요합니다. 또한 민감 데이터 노출 위험이 있으므로 응답 모델을 신중히 설계해야 합니다.		반환 값을 HTTP 응답 바디로 직접 포함한다	TRUE	요청 본문을 DTO로 변환한다	FALSE	트랜잭션을 시작한다	FALSE	빈을 프로토타입으로 만든다	FALSE	spring	responsebody	mvc	json
Q085	@ModelAttribute(Model Attribute)		Backend - 언어 & 프레임워크	21	CHOICE	EASY	폼 데이터나 쿼리 파라미터를 객체로 묶어 받는 방식으로 가장 가까운 것은?	@ModelAttribute는 요청 파라미터를 객체의 필드에 바인딩하는 방식입니다. GET 쿼리스트링이나 application/x-www-form-urlencoded 같은 폼 데이터에 자주 사용됩니다. 면접에서는 @RequestBody와의 차이(바디 JSON vs 파라미터 바인딩)를 구분하는 질문이 나옵니다. 실무에서는 검색 조건 DTO, 페이징 DTO처럼 여러 파라미터를 묶어 받을 때 유용합니다. 또한 바인딩 오류 처리와 기본값 전략을 갖추면 API 사용성이 좋아집니다.		@ModelAttribute	TRUE	@RequestHeader	FALSE	@PathVariable	FALSE	@ExceptionHandler	FALSE	spring	modelattribute	binding	mvc
Q086	@RequestMapping vs @GetMapping		Backend - 언어 & 프레임워크	21	CHOICE	EASY	@GetMapping에 대한 설명으로 가장 올바른 것은?	@GetMapping은 @RequestMapping(method=GET)을 더 간결하게 표현한 것입니다. URL과 HTTP 메서드 매핑을 단순화해 가독성을 높입니다. 면접에서는 mapping 애노테이션의 차이와 consumes produces 사용법이 이어질 수 있습니다. 실무에서는 REST 규칙에 맞춰 메서드별 매핑 애노테이션을 일관되게 사용하면 유지보수성이 좋아집니다. 또한 중복 매핑은 부팅 실패로 이어질 수 있으니 경로 설계를 체계화하는 것이 중요합니다.		GET 요청 매핑을 위한 편의 애노테이션이다	TRUE	빈 등록 전용 애노테이션이다	FALSE	트랜잭션 롤백을 강제하는 애노테이션이다	FALSE	클래스 로딩을 제어하는 애노테이션이다	FALSE	springboot	mapping	get	rest
Q087	HTTP 요청 본문(HTTP Body)		Backend - 웹 서버 기초	17	CHOICE	EASY	HTTP 요청에서 주로 JSON 데이터가 포함되는 위치는?	HTTP 요청은 시작줄, 헤더, 바디로 구성됩니다. JSON 데이터는 일반적으로 바디에 담겨 전송됩니다. 면접에서는 Content-Type 헤더와 바디 포맷의 관계를 연결해 묻는 경우가 많습니다. 실무에서는 Content-Type이 application/json인지 확인하지 않으면 바인딩이 실패할 수 있습니다. 또한 바디 크기 제한, 로그 마스킹, 입력 검증 같은 운영 관점의 고려도 중요합니다.		Body	TRUE	URL 경로	FALSE	상태 코드	FALSE	응답 헤더	FALSE	springboot	http	body	json
Q088	Content-Type(Content Type)		Backend - 웹 서버 기초	17	CHOICE	EASY	HTTP에서 요청 본문의 형식을 서버에 알려주는 헤더는?	Content-Type 헤더는 본문이 어떤 미디어 타입인지 서버에 알려줍니다. JSON이면 application/json, 폼 데이터면 application/x-www-form-urlencoded 같은 값이 사용됩니다. 면접에서는 Accept 헤더와의 차이로 이어질 수 있습니다. 실무에서는 Content-Type이 잘못되면 @RequestBody 바인딩이 실패하거나 프리플라이트 요청이 발생할 수 있습니다. 또한 문자 인코딩과 함께 설정되기도 하며, 파일 업로드에서는 multipart/form-data가 중요합니다.		Content-Type	TRUE	Host	FALSE	User-Agent	FALSE	Referer	FALSE	springboot	http	header	contenttype
Q089	Accept 헤더(Accept Header)		Backend - 웹 서버 기초	17	CHOICE	EASY	클라이언트가 원하는 응답 형식을 서버에 알릴 때 주로 사용하는 헤더는?	Accept 헤더는 클라이언트가 어떤 형식의 응답을 받고 싶은지 나타냅니다. 서버는 이를 참고해 JSON, XML 등 적절한 표현을 선택할 수 있습니다. 면접에서는 Content-Type과 Accept의 차이를 구분하는 질문이 자주 나옵니다. 실무에서는 API는 보통 JSON만 제공하지만, 버전 관리나 미디어 타입 버저닝을 할 때 Accept를 활용하는 설계도 있습니다. 또한 잘못된 Accept로 인해 406 Not Acceptable 같은 문제가 생길 수 있어 디버깅 포인트가 됩니다.		Accept	TRUE	Content-Length	FALSE	Cookie	FALSE	Authorization	FALSE	springboot	http	accept	api
Q090	200 OK(200 OK)		Backend - 웹 서버 기초	17	CHOICE	EASY	HTTP 상태 코드 200의 의미로 가장 올바른 것은?	200 OK는 요청이 성공적으로 처리되었음을 의미하는 대표적인 상태 코드입니다. 보통 조회 성공이나 일반적인 성공 응답에 사용됩니다. 면접에서는 201 204 400 401 403 404 500과 비교하는 문제가 자주 나옵니다. 실무에서는 성공이라도 상황에 따라 201 Created나 204 No Content가 더 적절할 수 있으니 REST 규칙에 맞춰 선택하는 것이 좋습니다. 또한 성공 응답 포맷을 표준화하면 클라이언트 개발과 운영 대응이 쉬워집니다.		요청이 성공했다	TRUE	리소스가 생성되었다	FALSE	인증이 필요하다	FALSE	서버 내부 오류다	FALSE	springboot	http	status	200
Q091	201 Created(201 Created)		Backend - 웹 서버 기초	17	CHOICE	EASY	HTTP 상태 코드 201의 일반적인 의미는?	201 Created는 새로운 리소스가 생성되었을 때 사용하는 상태 코드입니다. 보통 POST로 생성한 뒤 응답에 Location 헤더로 생성된 리소스 URI를 포함하기도 합니다. 면접에서는 200과 201 차이를 구분하는지 자주 확인합니다. 실무에서는 생성 API 응답을 일관되게 설계하면 클라이언트가 생성 결과를 추적하기 쉽습니다. 또한 비동기 생성이라면 202 Accepted 같은 대안을 고려하는 설계도 가능합니다.		리소스가 생성되었다	TRUE	요청이 성공했지만 데이터가 없다	FALSE	권한이 없어서 거부되었다	FALSE	리소스를 찾을 수 없다	FALSE	springboot	http	status	201
Q092	204 No Content(204 No Content)		Backend - 웹 서버 기초	17	CHOICE	EASY	HTTP 상태 코드 204의 특징으로 가장 올바른 것은?	204는 요청이 성공했지만 응답 본문이 없음을 의미합니다. 삭제나 업데이트 후 본문이 필요 없을 때 자주 사용됩니다. 면접에서는 200과 204의 차이와 언제 쓰는지로 질문이 확장될 수 있습니다. 실무에서는 응답 본문이 없으므로 클라이언트가 기대하는 데이터가 무엇인지 API 스펙을 명확히 해야 합니다. 또한 일부 프록시나 클라이언트가 204 처리에 예외를 가질 수 있어 테스트가 필요할 수 있습니다.		성공했지만 응답 본문이 없다	TRUE	리소스를 찾을 수 없다	FALSE	인증이 필요하다	FALSE	서버 내부 오류다	FALSE	springboot	http	status	204
Q093	401 Unauthorized(401 Unauthorized)		Backend - 인증/인가	18	CHOICE	EASY	401 상태 코드가 의미하는 것으로 가장 올바른 것은?	401은 인증이 필요하거나 인증 정보가 올바르지 않음을 의미합니다. 보통 토큰이 없거나 만료되었거나 잘못된 경우에 발생합니다. 면접에서는 401과 403 차이를 구분하는지 자주 묻습니다. 실무에서는 인증 실패 시 로그인 유도나 토큰 재발급 흐름이 필요합니다. 또한 보안 정책상 에러 메시지에 과도한 정보를 담지 않도록 주의해야 합니다.		인증 정보가 필요하거나 유효하지 않다	TRUE	권한이 없어 접근이 금지되었다	FALSE	요청한 리소스를 찾을 수 없다	FALSE	서버가 요청을 정상 처리했다	FALSE	springboot	auth	http	security
Q094	403 Forbidden(403 Forbidden)		Backend - 인증/인가	18	CHOICE	EASY	403 상태 코드의 일반적인 의미는?	403은 인증은 되었지만 해당 리소스에 접근할 권한이 없음을 의미합니다. 즉 로그인은 했지만 권한(Role)이 부족한 상황에서 자주 발생합니다. 면접에서는 401과 403 차이를 정확히 설명하는지 확인합니다. 실무에서는 권한 체크가 컨트롤러, 서비스, 또는 보안 필터 단계 어디에서 수행되는지 정책을 정해야 합니다. 또한 권한 설계가 복잡해지면 유지보수 비용이 커지므로 역할 기반 접근 제어를 단순하게 설계하는 것이 좋습니다.		권한이 없어 접근이 거부되었다	TRUE	인증이 필요하다	FALSE	리소스를 찾을 수 없다	FALSE	요청이 성공했다	FALSE	springboot	authorization	http	security
Q095	DTO(Data Transfer Object)		Backend - 언어 & 프레임워크	21	CHOICE	EASY	DTO를 사용하는 대표적인 이유로 가장 올바른 것은?	DTO는 계층 간 데이터 전달을 위해 사용하는 객체로, API 요청/응답 모델을 명확히 분리합니다. 엔티티를 그대로 노출하면 내부 구조 변경이 API에 직접 영향을 주고 보안상 민감 데이터가 노출될 수 있습니다. 면접에서는 엔티티와 DTO 분리 이유, 매핑 전략을 자주 묻습니다. 실무에서는 버전 관리, 입력 검증, 직렬화 안정성을 위해 DTO를 사용하는 것이 일반적입니다. 또한 DTO를 도메인 모델과 분리하면 테스트가 쉬워지고 유지보수성이 좋아집니다.		API 모델과 내부 도메인을 분리해 안정성을 높이기 위해	TRUE	DB 인덱스를 자동 생성하기 위해	FALSE	JVM GC를 줄이기 위해	FALSE	스레드 생성 비용을 줄이기 위해	FALSE	springboot	dto	api	design
Q096	Bean Validation(Bean Validation)		Backend - 언어 & 프레임워크	21	CHOICE	EASY	@NotNull 같은 검증 애노테이션을 제공하는 표준 스펙으로 가장 가까운 것은?	Bean Validation은 자바 표준 검증 스펙으로 객체의 필드 제약 조건을 선언적으로 표현합니다. 스프링에서는 @Valid와 함께 사용되어 컨트롤러 진입 시점에 입력값을 검증합니다. 면접에서는 @Valid와 검증 애노테이션이 어떤 시점에 적용되는지로 이어질 수 있습니다. 실무에서는 DTO 검증과 DB 제약조건을 함께 두어 이중 방어를 하는 것이 안전합니다. 또한 검증 실패 응답 포맷을 통일하면 클라이언트가 오류를 처리하기 쉬워집니다.		Bean Validation	TRUE	JIT Compiler	FALSE	JDBC Driver	FALSE	Servlet Container	FALSE	spring	validation	bean	dto
Q097	@EnableAsync(Enable Async)		Backend - 비동기 처리	19	CHOICE	EASY	@Async 애노테이션을 활성화하기 위해 필요한 설정 애노테이션은?	@Async는 비동기 실행을 위한 애노테이션이며, 동작하려면 비동기 기능이 활성화되어 있어야 합니다. @EnableAsync를 설정 클래스에 추가하면 프록시 기반 비동기 실행이 가능해집니다. 면접에서는 @Async가 프록시 기반이라는 점과 self invocation 문제로 확장되기도 합니다. 실무에서는 스레드풀(Executor) 설정을 함께 해야 기본값에 의존하지 않고 안정적으로 운영할 수 있습니다. 또한 비동기 작업의 예외 처리와 로깅, 트레이싱도 같이 설계해야 디버깅이 수월합니다.		@EnableAsync	TRUE	@EnableScheduling	FALSE	@EnableWebMvc	FALSE	@EnableJpaRepositories	FALSE	spring	async	enable	backend
Q098	@Async(@Async)		Backend - 비동기 처리	19	CHOICE	EASY	@Async가 하는 일로 가장 올바른 것은?	@Async는 해당 메서드를 별도의 스레드에서 비동기 실행하도록 합니다. 기본적으로 스프링이 관리하는 Executor를 사용하며, 반환 타입으로 Future나 CompletableFuture를 사용할 수도 있습니다. 면접에서는 왜 같은 클래스 내부 호출에서는 동작하지 않을 수 있는지(AOP 프록시)로 이어질 수 있습니다. 실무에서는 비동기 작업이 실패해도 호출 측에서 바로 알기 어렵기 때문에 예외 처리와 모니터링이 중요합니다. 또한 트랜잭션 전파와 스레드 로컬 컨텍스트가 전달되지 않는 점을 이해하고 설계해야 합니다.		메서드를 별도 스레드에서 비동기 실행한다	TRUE	메서드를 항상 동기 실행으로 강제한다	FALSE	DB 커넥션 풀을 자동 확장한다	FALSE	HTTP 상태 코드를 자동으로 결정한다	FALSE	spring	async	thread	backend
Q099	AOP(Aspect Oriented Programming)		Backend - 언어 & 프레임워크	21	CHOICE	EASY	스프링 AOP의 일반적인 목적은?	AOP는 공통 관심사를 비즈니스 로직과 분리해 모듈화하는 기법입니다. 로깅, 트랜잭션, 보안 같은 횡단 관심사를 프록시로 적용해 중복 코드를 줄입니다. 면접에서는 AOP가 어디에 쓰이는지와 프록시 기반이라는 점을 자주 묻습니다. 실무에서는 트랜잭션이 왜 특정 메서드 호출에서만 적용되는지, self invocation 문제가 왜 생기는지 이해하면 장애 분석이 쉬워집니다. 또한 AOP를 남용하면 흐름이 숨겨져 디버깅이 어려워질 수 있어 적용 범위를 명확히 하는 것이 좋습니다.		공통 관심사를 분리해 중복을 줄이고 모듈화한다	TRUE	DB 인덱스를 자동 생성한다	FALSE	JVM 바이트코드를 항상 수동으로 작성한다	FALSE	HTTP 요청을 암호화해준다	FALSE	spring	aop	proxy	backend
Q100	equals와 hashCode(equals hashCode)		언어 중심 - Java	94	CHOICE	MEDIUM	HashSet에서 객체 중복 제거가 기대대로 동작하려면 가장 중요한 조건은?	HashSet은 내부적으로 해시 기반 구조를 사용해 중복을 판단합니다. 이때 동일성 판단의 핵심이 equals와 hashCode의 계약을 지키는 것입니다. equals가 true인 두 객체는 반드시 같은 hashCode를 반환해야 Set이 중복을 제대로 감지합니다. 면접에서는 equals만 오버라이드하고 hashCode를 빼먹는 실수를 자주 짚습니다. 실무에서는 엔티티나 VO를 Set이나 Map의 키로 쓰는 순간 이 계약 위반이 버그로 직결됩니다.		equals가 true면 hashCode도 같아야 한다	TRUE	hashCode만 같으면 equals는 달라도 된다	FALSE	toString을 오버라이드하면 Set 중복이 제거된다	FALSE	final을 붙이면 자동으로 중복 제거가 된다	FALSE	java	collections	hash	contract
Q101	try with resources(try with resources)		언어 중심 - Java	94	CHOICE	MEDIUM	try-with-resources 구문이 제공하는 핵심 기능은?	try-with-resources는 AutoCloseable을 구현한 자원을 자동으로 닫아줍니다. 예외가 발생하더라도 자원 해제(close)가 보장되어 누수 위험이 줄어듭니다. 면접에서는 finally로 닫는 방식과 비교해 장점을 설명할 수 있어야 합니다. 실무에서는 파일, 스트림, 소켓, JDBC 자원처럼 반드시 닫아야 하는 대상을 다룰 때 필수 패턴입니다. 또한 suppressed exception 개념까지 이해하면 예외 디버깅이 더 정확해집니다.		블록 종료 시 자원을 자동으로 close한다	TRUE	예외가 발생하면 무조건 롤백한다	FALSE	성능을 위해 GC를 즉시 실행한다	FALSE	멀티스레드를 자동으로 동기화한다	FALSE	java	exception	io	resource
Q102	volatile(volatile)		언어 중심 - Java	94	CHOICE	MEDIUM	volatile 키워드에 대한 설명으로 가장 올바른 것은?	volatile은 변수의 가시성을 보장해 한 스레드의 변경이 다른 스레드에서 즉시 보이게 합니다. 하지만 복합 연산의 원자성까지 보장하지는 않습니다. 면접에서는 volatile과 synchronized의 차이를 자주 묻고, 어떤 상황에서 안전한지 구체 예시를 요구합니다. 실무에서는 플래그 값처럼 단순 읽기 쓰기에는 유용하지만, 카운터 증가 같은 경우에는 AtomicInteger 또는 락이 필요합니다. 잘못 쓰면 테스트에서는 통과해도 운영에서만 터지는 동시성 버그가 생길 수 있습니다.		가시성은 보장하지만 원자성은 보장하지 않는다	TRUE	원자성을 보장하므로 synchronized가 필요 없다	FALSE	지역 변수에만 사용할 수 있다	FALSE	GC 빈도를 줄이는 키워드다	FALSE	java	concurrency	volatile	thread
Q103	synchronized(synchronized)		언어 중심 - Java	94	CHOICE	MEDIUM	synchronized의 동작 방식으로 가장 올바른 것은?	synchronized는 모니터 락을 이용해 임계 구역을 보호합니다. 같은 락을 공유하는 코드 블록은 동시에 한 스레드만 실행할 수 있습니다. 면접에서는 어떤 객체를 락으로 잡는지, 인스턴스 메서드와 static 메서드의 차이를 물어봅니다. 실무에서는 락 범위를 크게 잡으면 성능 저하와 병목이 생길 수 있어 최소 범위로 설계하는 것이 중요합니다. 또한 데드락 위험을 줄이기 위해 락 순서를 통일하는 운영 규칙이 필요합니다.		모니터 락으로 임계 구역을 상호 배제한다	TRUE	가시성만 보장하고 동시 실행은 허용한다	FALSE	JVM이 자동으로 모든 메서드에 적용한다	FALSE	DB 트랜잭션을 시작하는 키워드다	FALSE	java	concurrency	lock	synchronized
Q104	가비지 컬렉션 세대(Generational GC)		언어 중심 - Java	94	CHOICE	MEDIUM	Generational GC의 기본 전제에 가장 가까운 설명은?	세대별 GC는 대부분의 객체가 금방 죽는다는 가정에 기반합니다. 그래서 Young 영역에서 빠르게 회수하고, 오래 살아남는 객체는 Old로 승격합니다. 면접에서는 Minor GC와 Major Full GC의 차이를 큰 흐름으로 설명하는지 확인합니다. 실무에서는 Full GC가 잦아지면 지연 시간이 커져 장애로 이어질 수 있어 모니터링과 튜닝이 중요합니다. 또한 무작정 힙을 키우는 것만이 답이 아니라 객체 생명주기와 할당 패턴을 개선하는 것도 핵심입니다.		대부분의 객체는 생성 후 오래 살지 않는다	TRUE	대부분의 객체는 Old 영역에서만 생성된다	FALSE	GC는 항상 프로그램을 멈추지 않고 수행된다	FALSE	GC는 파일 시스템을 정리하는 기능이다	FALSE	java	gc	memory	performance
Q105	빈 스코프(Bean Scope)		Backend - 언어 & 프레임워크	21	CHOICE	MEDIUM	Spring에서 기본 빈 스코프의 특징으로 가장 올바른 것은?	스프링의 기본 스코프는 singleton이며, 컨테이너당 하나의 인스턴스가 생성됩니다. 따라서 상태를 가진 필드를 싱글톤 빈에 두면 동시성 문제가 생길 수 있습니다. 면접에서는 request scope와 비교해 언제 무엇을 쓰는지 자주 묻습니다. 실무에서는 서비스 빈은 보통 무상태로 설계하고, 요청별 상태는 요청 객체나 로컬 변수로 처리하는 것이 안전합니다. 또한 프록시 모드로 스코프 빈을 주입하는 방식도 알아두면 디버깅에 도움이 됩니다.		컨테이너당 하나 인스턴스로 공유된다	TRUE	요청마다 항상 새 인스턴스가 생성된다	FALSE	스레드마다 인스턴스가 자동 분리된다	FALSE	빈 스코프는 JDK 버전에 의해 결정된다	FALSE	spring	bean	scope	backend
Q106	빈 생명주기(Bean Lifecycle)		Backend - 언어 & 프레임워크	21	CHOICE	MEDIUM	빈 초기화와 종료 시점에 로직을 실행하는 대표 방법 조합으로 가장 적절한 것은?	스프링은 빈 생성 후 초기화 단계와 컨테이너 종료 시점에 훅을 제공합니다. 초기화는 PostConstruct, 종료는 PreDestroy 같은 방법으로 연결할 수 있습니다. 면접에서는 생성자, 의존성 주입, 초기화 콜백 순서를 묻는 경우가 많습니다. 실무에서는 커넥션 초기화, 캐시 워밍업, 스케줄러 정리 같은 작업을 생명주기 훅에 배치합니다. 다만 초기화 로직이 무거우면 부팅 시간이 길어지고 장애가 되므로 비동기 분리도 고려해야 합니다.		PostConstruct와 PreDestroy	TRUE	Autowired와 Qualifier	FALSE	GetMapping과 PostMapping	FALSE	Bean과 Component	FALSE	spring	lifecycle	bean	startup
Q107	전파(Propagation)		Backend - 언어 & 프레임워크	21	CHOICE	MEDIUM	트랜잭션 전파 옵션 REQUIRED의 의미로 가장 올바른 것은?	REQUIRED는 현재 트랜잭션이 있으면 참여하고 없으면 새로 시작합니다. 서비스 메서드 간 호출에서 가장 흔히 사용되는 기본 전략입니다. 면접에서는 REQUIRES_NEW와 비교해 어떤 차이가 있는지로 확장됩니다. 실무에서는 REQUIRED 내부에서 예외가 나면 같은 트랜잭션이 롤백될 수 있어 영향 범위를 이해해야 합니다. 또한 분리 커밋이 필요한 감사 로그 같은 경우에는 REQUIRES_NEW를 고려하기도 합니다.		있으면 참여 없으면 새로 시작	TRUE	항상 새 트랜잭션을 만든다	FALSE	항상 트랜잭션 없이 실행한다	FALSE	읽기 전용 쿼리만 허용한다	FALSE	spring	transaction	propagation	backend
Q108	롤백 규칙(Rollback Rule)		Backend - 언어 & 프레임워크	21	CHOICE	MEDIUM	Spring 트랜잭션에서 기본 롤백 대상에 대한 설명으로 가장 올바른 것은?	기본적으로 RuntimeException과 Error 계열은 롤백을 트리거합니다. 반면 checked 예외는 기본 설정에서는 롤백되지 않을 수 있습니다. 면접에서는 왜 이런 기본값이 있는지, rollbackFor를 언제 쓰는지 묻습니다. 실무에서는 예외 계층을 설계할 때 트랜잭션 경계와 함께 생각해야 장애가 줄어듭니다. 또한 예외를 잡아먹고 삼키면 롤백이 발생하지 않아 데이터 불일치가 생길 수 있으니 주의해야 합니다.		RuntimeException과 Error는 기본 롤백 대상이다	TRUE	checked 예외는 항상 자동 롤백된다	FALSE	어떤 예외든 롤백되지 않는다	FALSE	롤백은 DB 엔진과 무관하게 항상 동일하다	FALSE	spring	transaction	rollback	java
Q109	지연 로딩(Lazy Loading)		Backend - 언어 & 프레임워크	21	CHOICE	MEDIUM	JPA에서 LAZY 로딩을 사용할 때 가장 흔한 위험 요소는?	LAZY는 실제 접근 시점에 연관 데이터를 조회합니다. 트랜잭션 밖에서 접근하면 LazyInitializationException이 발생할 수 있습니다. 면접에서는 Open Session In View 설정과 DTO 변환 시점으로 질문이 자주 이어집니다. 실무에서는 API 응답 생성 과정에서 엔티티를 직접 반환하면 지연 로딩 문제가 터지기 쉽습니다. 따라서 서비스 계층에서 필요한 데이터를 명확히 fetch join 하거나 DTO로 조회하는 전략이 중요합니다.		트랜잭션 밖 접근 시 로딩 예외가 발생할 수 있다	TRUE	항상 N+1 문제를 완전히 제거한다	FALSE	무조건 성능이 더 나빠진다	FALSE	DB 인덱스가 자동 생성된다	FALSE	jpa	spring	lazy	backend
Q110	N+1 문제(N plus 1)		Backend - 언어 & 프레임워크	21	CHOICE	MEDIUM	N+1 문제가 발생하는 전형적인 상황으로 가장 올바른 것은?	N+1은 목록 조회 후 각 항목의 연관 데이터를 접근하면서 추가 쿼리가 N번 더 나가는 패턴입니다. 즉 처음 1번 쿼리로 N개를 가져오고, 이후 N번의 추가 쿼리가 붙습니다. 면접에서는 fetch join이나 EntityGraph 같은 해결책을 말할 수 있어야 합니다. 실무에서는 트래픽이 늘면 DB 부하가 기하급수적으로 증가해 성능 장애로 이어지기 쉽습니다. 따라서 쿼리 로그와 모니터링으로 조기에 감지하고 설계를 개선하는 습관이 중요합니다.		목록 조회 후 연관 접근으로 추가 쿼리가 N번 발생	TRUE	한 번의 쿼리로 항상 모든 데이터를 가져오는 상황	FALSE	인덱스를 쓰면 쿼리가 0번이 되는 상황	FALSE	트랜잭션이 자동으로 분리 커밋되는 상황	FALSE	jpa	performance	query	backend
Q111	더티 체킹(Dirty Checking)		Backend - 언어 & 프레임워크	21	CHOICE	MEDIUM	JPA 더티 체킹에 대한 설명으로 가장 올바른 것은?	영속성 컨텍스트는 엔티티의 변경을 추적합니다. 트랜잭션 커밋 시점에 변경된 내용을 감지해 UPDATE 쿼리를 자동으로 생성합니다. 면접에서는 merge와의 차이, 변경 감지 시점으로 질문이 확장됩니다. 실무에서는 불필요한 변경이 감지되면 업데이트가 과도하게 발생할 수 있어 엔티티 수정 범위를 관리해야 합니다. 또한 읽기 전용 트랜잭션이나 DTO 조회를 활용해 성능을 안정화하는 전략이 자주 쓰입니다.		커밋 시 변경을 감지해 자동으로 UPDATE가 발생한다	TRUE	엔티티 변경은 항상 즉시 DB에 반영된다	FALSE	엔티티는 변경을 추적하지 못한다	FALSE	더티 체킹은 HTTP 레이어 기능이다	FALSE	jpa	transaction	persistence	backend
Q112	Filter와 Interceptor(Filter Interceptor)		Backend - 웹 서버 기초	17	CHOICE	MEDIUM	Spring MVC에서 Interceptor의 실행 위치에 대한 설명으로 가장 올바른 것은?	Filter는 서블릿 컨테이너 레벨에서 동작해 스프링 MVC보다 앞단에 위치합니다. Interceptor는 DispatcherServlet을 기준으로 컨트롤러 호출 전후에 동작합니다. 면접에서는 인증을 필터에서 할지 인터셉터에서 할지 이유를 묻기도 합니다. 실무에서는 로깅 추적 ID 세팅, 권한 검사, 공통 파라미터 처리에 인터셉터가 자주 사용됩니다. 다만 바디를 여러 번 읽는 문제 등은 필터에서 발생하기 쉬워 설계가 중요합니다.		DispatcherServlet 기준으로 컨트롤러 전후에 동작한다	TRUE	서블릿 컨테이너보다 먼저 동작한다	FALSE	DB 트랜잭션 내부에서만 동작한다	FALSE	JPA 영속성 컨텍스트를 대체한다	FALSE	backend	spring	mvc	interceptor
Q113	인증과 인가(Authentication Authorization)		Backend - 인증/인가	18	CHOICE	MEDIUM	인증과 인가의 구분으로 가장 올바른 것은?	인증은 사용자가 누구인지 확인하는 과정입니다. 인가는 인증된 사용자가 무엇을 할 수 있는지 권한을 확인하는 과정입니다. 면접에서는 401과 403을 이 구분과 연결해 설명하라는 질문이 자주 나옵니다. 실무에서는 인증은 통과했지만 인가에서 실패하는 케이스가 많아 권한 모델 설계가 중요합니다. 또한 로그와 에러 메시지를 적절히 설계해 보안과 디버깅의 균형을 맞춰야 합니다.		인증은 신원 확인 인가는 권한 확인	TRUE	인증은 권한 확인 인가는 신원 확인	FALSE	둘은 완전히 동일한 의미다	FALSE	인증은 DB 성능 최적화 기법이다	FALSE	security	auth	authorization	springboot
Q114	JWT 구조(JWT Structure)		Backend - 인증/인가	18	CHOICE	MEDIUM	JWT의 일반적인 구성 요소로 가장 올바른 것은?	JWT는 보통 점으로 구분된 세 부분으로 구성됩니다. 헤더, 페이로드, 서명으로 이루어져 있으며 각 부분은 인코딩되어 전달됩니다. 면접에서는 서명이 무엇을 보장하는지, 페이로드를 암호화로 오해하지 않는지 확인합니다. 실무에서는 민감 정보를 페이로드에 넣으면 안 되고, 만료 시간과 재발급 전략을 함께 설계해야 안전합니다. 또한 키 로테이션과 알고리즘 설정 실수가 보안 사고로 이어질 수 있어 주의가 필요합니다.		헤더 페이로드 서명	TRUE	바디 쿠키 세션	FALSE	SQL 인덱스 트리거 뷰	FALSE	클래스 로더 힙 스택	FALSE	security	jwt	token	springboot
Q115	CORS 프리플라이트(Preflight)		Backend - 인증/인가	18	CHOICE	MEDIUM	CORS에서 프리플라이트 요청이 보내지는 대표 상황으로 가장 올바른 것은?	프리플라이트는 브라우저가 실제 요청 전에 서버에 허용 여부를 확인하는 단계입니다. 보통 단순 요청이 아닌 경우, 예를 들어 커스텀 헤더를 사용하거나 특정 Content Type을 사용하면 OPTIONS 요청이 먼저 발생합니다. 면접에서는 왜 브라우저에서만 발생하는지, Postman과 차이를 설명할 수 있어야 합니다. 실무에서는 OPTIONS 라우팅을 막아버리면 실제 API가 정상이어도 브라우저에서 실패합니다. 따라서 허용 메서드와 허용 헤더 설정을 정확히 맞추는 것이 중요합니다.		커스텀 헤더 등 단순 요청이 아닐 때 OPTIONS가 먼저 간다	TRUE	서버가 DB를 재시작할 때 자동으로 발생한다	FALSE	모든 GET 요청에서 항상 발생한다	FALSE	JVM이 클래스를 로딩할 때 발생한다	FALSE	cors	security	http	springboot
Q116	비동기 실행기(Executor)		Backend - 비동기 처리	19	CHOICE	MEDIUM	Spring에서 비동기 작업을 안정적으로 운영하기 위해 가장 먼저 고려할 설정은?	비동기 실행은 결국 스레드풀을 어떻게 운영하느냐의 문제입니다. 기본 실행기에 의존하면 스레드 생성 정책이나 큐 정책이 기대와 다를 수 있습니다. 면접에서는 Executor를 빈으로 등록해 @Async에 적용하는 방법을 묻기도 합니다. 실무에서는 풀 크기, 큐 용량, 거부 정책을 트래픽과 작업 특성에 맞게 조절해야 장애를 줄일 수 있습니다. 또한 비동기 예외 처리와 로그 추적 ID 전파 같은 운영 포인트도 함께 설계해야 합니다.		TaskExecutor 스레드풀 설정	TRUE	GC를 강제로 자주 실행하는 설정	FALSE	모든 컨트롤러를 싱글톤으로 바꾸는 설정	FALSE	DB 인덱스를 자동 생성하는 설정	FALSE	spring	async	executor	springboot
Q117	아키텍처 패턴(Repository Pattern)		Backend - 아키텍처 패턴	20	CHOICE	MEDIUM	Repository 패턴을 도입하는 목적에 가장 가까운 것은?	Repository 패턴은 도메인 로직과 데이터 접근 로직을 분리해 결합도를 낮춥니다. 호출 측은 저장 방식(JPA JDBC)을 몰라도 인터페이스를 통해 사용할 수 있습니다. 면접에서는 서비스 계층과 저장소 계층 책임을 분리하는 이유를 자주 묻습니다. 실무에서는 테스트에서 저장소를 대역으로 바꾸기 쉽고, 저장 기술 변경에도 영향 범위를 줄일 수 있습니다. 또한 쿼리 최적화가 필요할 때 구현을 교체하거나 분리하기가 쉬워 운영에 유리합니다.		도메인과 데이터 접근을 분리해 결합도를 낮춘다	TRUE	컨트롤러에서 SQL을 직접 작성하게 한다	FALSE	모든 로직을 엔티티에만 넣게 강제한다	FALSE	네트워크 라우팅을 담당한다	FALSE	architecture	repository	backend	springboot
Q118	슬라이스 테스트(Slice Test)		Backend - 테스트	22	CHOICE	MEDIUM	WebMvcTest의 특징으로 가장 올바른 것은?	WebMvcTest는 컨트롤러 레이어 중심으로 필요한 구성만 로딩하는 슬라이스 테스트입니다. 전체 컨텍스트를 올리는 SpringBootTest보다 빠르지만, 서비스나 리포지토리는 보통 Mock으로 대체해야 합니다. 면접에서는 왜 슬라이스 테스트가 빠른지, 무엇이 로딩되는지 설명할 수 있어야 합니다. 실무에서는 요청 매핑, 검증, 예외 처리, 필터 적용 여부 같은 MVC 동작을 빠르게 검증할 때 유용합니다. 다만 보안 설정이나 커스텀 컴포넌트가 끼면 로딩 범위 문제가 생길 수 있어 테스트 구성을 이해해야 합니다.		컨트롤러 중심으로 일부 구성만 로딩하는 테스트다	TRUE	항상 DB까지 포함한 전체 통합 테스트다	FALSE	JVM의 GC 동작을 검증하는 테스트다	FALSE	네트워크 방화벽 규칙을 테스트한다	FALSE	test	webmvctest	spring	mvc
Q119	MockBean(Mock Bean)		Backend - 테스트	22	CHOICE	MEDIUM	스프링 테스트에서 MockBean을 사용하는 가장 일반적인 목적은?	MockBean은 스프링 컨텍스트에 등록된 특정 빈을 목 객체로 대체합니다. 이를 통해 외부 의존을 제거하고, 컨트롤러나 서비스 단위로 테스트 범위를 좁힐 수 있습니다. 면접에서는 Mockito와의 관계, 어떤 상황에서 주입이 되는지로 질문이 이어질 수 있습니다. 실무에서는 API 테스트에서 서비스 빈을 목으로 바꾸고 응답만 검증하는 방식이 자주 사용됩니다. 다만 목을 과도하게 쓰면 실제 통합 문제를 놓칠 수 있으니 슬라이스 테스트와 통합 테스트를 균형 있게 운영해야 합니다.		실제 빈을 목 객체로 교체해 의존을 차단한다	TRUE	DB 스키마를 자동 마이그레이션한다	FALSE	모든 로그를 자동으로 비활성화한다	FALSE	트랜잭션을 강제로 커밋한다	FALSE	test	mockbean	spring	mockito
Q120	NoClassDefFoundError(NoClassDefFoundError)		언어 중심 - Java	94	CHOICE	MEDIUM	ClassNotFoundException과 비교했을 때 NoClassDefFoundError가 자주 나타나는 상황으로 가장 올바른 것은?	NoClassDefFoundError는 “컴파일 시에는 존재했는데 런타임에 클래스 정의를 못 찾는” 경우에 자주 발생합니다. 예를 들어 의존 jar가 배포물에서 빠졌거나, 로딩 중 정적 초기화가 실패해 클래스가 로드되지 못하는 경우가 있습니다. 면접에서는 둘 다 ‘클래스를 못 찾는다’로 뭉뚱그리지 말고 시점(컴파일/로딩)과 원인 범위를 구분해 설명하는지 봅니다. 실무에서는 CI에서는 되는데 운영 배포에서만 터지는 대표 오류라 패키징/의존성 스코프 점검이 중요합니다. 또한 “원인 예외”를 함께 확인해야 해결이 빠릅니다.		런타임에 클래스 정의를 로드하지 못했을 때	TRUE	컴파일 단계에서 문법 오류가 났을 때	FALSE	DB 커넥션 풀이 고갈됐을 때	FALSE	HTTP 라우팅이 중복됐을 때	FALSE	java	classpath	error	runtime
Q121	Checked 예외 롤백(rollbackFor)		Backend - 언어 & 프레임워크	21	CHOICE	MEDIUM	@Transactional에서 checked 예외까지 롤백시키고 싶을 때 가장 직접적인 방법은?	스프링 트랜잭션은 기본적으로 RuntimeException과 Error에 대해 롤백합니다. checked 예외는 기본 롤백 대상이 아닐 수 있어, 명시적으로 롤백 규칙을 지정해야 합니다. 면접에서는 rollbackFor와 noRollbackFor의 차이, 예외 계층 설계를 질문할 수 있습니다. 실무에서는 예외를 catch해서 삼켜버리면 롤백이 안 될 수 있으니, 예외 흐름과 트랜잭션 경계를 같이 설계하는 것이 중요합니다. 또한 “업무상 실패”와 “시스템 오류”를 구분해 상태 코드/응답과도 일관되게 매핑해야 합니다.		rollbackFor로 예외 타입을 지정한다	TRUE	@Service를 @Component로 바꾸면 된다	FALSE	@RestController를 @Controller로 바꾸면 된다	FALSE	@EnableScheduling을 추가하면 된다	FALSE	spring	transaction	rollback	exception
Q122	ReadOnly 트랜잭션(readOnly)		Backend - 언어 & 프레임워크	21	CHOICE	MEDIUM	@Transactional(readOnly = true)의 일반적인 효과로 가장 올바른 것은?	readOnly 트랜잭션은 조회 중심 작업에서 최적화를 유도합니다. JPA에서는 더티 체킹 부담을 줄이거나 flush 동작을 제한하는 힌트로 활용될 수 있습니다. 면접에서는 “무조건 성능 향상”이라고 단정하지 않고 어떤 최적화가 가능한지 설명하는지 봅니다. 실무에서는 조회 API에 readOnly를 적용해 불필요한 변경 감지로 인한 비용을 줄이는 패턴이 흔합니다. 다만 구현/DB/프레임워크 설정에 따라 효과가 달라질 수 있어 모니터링 기반으로 적용하는 것이 좋습니다.		조회 최적화를 위한 힌트로 더티 체킹 부담을 줄일 수 있다	TRUE	읽기 전용이면 트랜잭션이 완전히 생성되지 않는다	FALSE	readOnly면 항상 인덱스가 자동 생성된다	FALSE	readOnly면 모든 예외가 자동으로 무시된다	FALSE	spring	transaction	readonly	jpa
Q123	OSIV(Open Session In View)		Backend - 아키텍처 패턴	20	CHOICE	MEDIUM	OSIV(Open Session In View)가 켜져 있을 때 흔히 나타나는 현상으로 가장 올바른 것은?	OSIV는 웹 요청 동안 영속성 컨텍스트를 열어 두는 패턴으로, 컨트롤러/뷰 레이어에서 지연 로딩이 가능해집니다. 대신 요청 전 구간에서 DB 커넥션을 오래 잡을 수 있어 부하가 커질 수 있습니다. 면접에서는 OSIV를 켜면 편하지만 왜 위험한지(커넥션 점유, 레이어 침범) 설명을 요구합니다. 실무에서는 대규모 트래픽에서 OSIV가 병목이 되기도 하므로, DTO 변환 시점을 서비스 계층으로 당기고 fetch 전략을 명확히 하는 접근이 자주 권장됩니다. 또한 OSIV를 끈다면 지연 로딩 예외가 터질 수 있어 쿼리 설계를 함께 조정해야 합니다.		요청 범위에서 지연 로딩이 가능해지지만 커넥션 점유가 길어질 수 있다	TRUE	OSIV가 켜지면 트랜잭션이 자동으로 분리 커밋된다	FALSE	OSIV는 CORS 정책을 설정하는 기능이다	FALSE	OSIV는 JVM 힙 크기를 자동 조정한다	FALSE	jpa	osiv	architecture	performance
Q124	EntityGraph(EntityGraph)		Backend - 언어 & 프레임워크	21	CHOICE	MEDIUM	JPA에서 특정 연관 관계를 함께 조회(fetch)하도록 지정하는 방법으로 가장 적절한 것은?	EntityGraph는 연관 로딩 전략을 쿼리/리포지토리 레벨에서 선언적으로 지정할 수 있습니다. fetch join과 유사한 목적을 가지며, 상황에 따라 더 깔끔하게 적용할 수 있습니다. 면접에서는 N+1을 어떻게 해결할지와 함께 대안을 여러 개 제시할 수 있는지 봅니다. 실무에서는 모든 조회에 fetch join을 남발하면 중복 row 증가나 페이징 문제가 생길 수 있어, 필요한 화면/유스케이스에 맞춘 로딩 전략이 중요합니다. EntityGraph는 이런 “유스케이스별 로딩”을 표현하기에 적합합니다.		EntityGraph를 사용해 연관 로딩을 지정한다	TRUE	@Service에 @Autowired를 붙여 해결한다	FALSE	@Value로 페치 전략을 바꾼다	FALSE	CORS 설정을 수정한다	FALSE	jpa	fetch	entitygraph	performance
Q125	Fetch Join(Fetch Join)		Backend - 언어 & 프레임워크	21	CHOICE	MEDIUM	JPQL fetch join의 가장 대표적인 목적은?	fetch join은 연관 엔티티를 한 번의 쿼리로 함께 조회해 N+1 문제를 줄이는 데 자주 사용됩니다. 면접에서는 컬렉션 fetch join 시 중복 row, distinct 처리, 페이징 제약 같은 주의점을 물을 수 있습니다. 실무에서는 “무조건 fetch join”이 아니라 화면 요구에 맞는 최소 로딩이 중요합니다. 또한 컬렉션을 fetch join하면 결과가 뻥튀기될 수 있어, 페이징이 필요할 때는 별도 조회 전략(배치 사이즈, DTO 조회)을 고려해야 합니다.		N+1을 줄이기 위해 연관을 한 번에 조회한다	TRUE	트랜잭션을 자동으로 분리 커밋한다	FALSE	HTTP 요청을 컨트롤러로 매핑한다	FALSE	JVM이 바이트코드를 최적화한다	FALSE	jpa	query	fetchjoin	backend
Q126	@Transactional 프록시(Self Invocation)		Backend - 언어 & 프레임워크	21	CHOICE	MEDIUM	같은 클래스 내부에서 this.someTxMethod()로 호출할 때 @Transactional이 적용되지 않을 수 있는 주요 이유는?	스프링의 @Transactional은 보통 프록시(AOP)로 구현됩니다. 외부에서 프록시를 통해 호출될 때 트랜잭션 어드바이스가 적용되는데, 같은 클래스 내부 호출은 프록시를 거치지 않고 실제 객체 메서드를 직접 호출하는 경우가 많습니다. 면접에서는 “프록시 기반 AOP”를 이해하는지 확인합니다. 실무에서는 트랜잭션이 걸릴 거라고 믿고 호출했는데 실제로는 안 걸려 데이터 일관성이 깨지는 문제가 발생할 수 있습니다. 해결책으로는 구조 분리(다른 빈으로 분리)나 AopContext 사용 등이 있지만, 가장 권장되는 건 책임을 분리해 빈 경계를 명확히 하는 것입니다.		프록시를 거치지 않는 내부 호출이라서	TRUE	JVM이 메서드 인라이닝을 해서	FALSE	DB 인덱스가 부족해서	FALSE	CORS 프리플라이트가 발생해서	FALSE	spring	aop	transaction	proxy
Q127	스프링 빈 생성 순환 의존(Circular Dependency)		Backend - 아키텍처 패턴	20	CHOICE	MEDIUM	스프링에서 순환 의존이 문제를 일으키는 대표적인 이유로 가장 올바른 것은?	A가 B를 필요로 하고 B가 A를 필요로 하면, 컨테이너가 어떤 것을 먼저 완성해야 할지 모호해집니다. 생성자 주입에서 특히 즉시 실패가 발생하고, 설계가 서로 강결합되어 있다는 신호이기도 합니다. 면접에서는 순환 의존을 어떻게 끊을지(역할 분리, 인터페이스 도입, 이벤트/콜백) 질문이 나옵니다. 실무에서는 @Lazy로 임시 회피할 수 있지만 근본 해결은 책임을 쪼개고 의존 방향을 단순화하는 것입니다. 또한 순환이 많아지면 테스트도 어려워지고 변경 비용이 폭증합니다.		컨테이너가 빈 초기화 순서를 해결하기 어려워져서	TRUE	자바는 클래스 상속을 금지하기 때문에	FALSE	JSON 직렬화가 항상 실패하기 때문에	FALSE	GC가 더 이상 동작하지 않기 때문에	FALSE	spring	di	architecture	design
Q128	@Controller와 @RestController		Backend - 언어 & 프레임워크	21	CHOICE	MEDIUM	@RestController가 @Controller와 다른 점으로 가장 올바른 것은?	@RestController는 @Controller에 @ResponseBody가 결합된 형태로 이해할 수 있습니다. 즉 반환 값이 뷰 템플릿 이름이 아니라 응답 바디로 직렬화되어 내려갑니다. 면접에서는 “뷰 렌더링 vs API 응답”을 명확히 구분해 설명하는지 봅니다. 실무에서는 SSR 템플릿(thymeleaf)과 API를 혼합하면 애노테이션 선택 실수가 잦아질 수 있어 모듈 분리나 패키지 분리가 도움 됩니다. 또한 반환 타입이 String일 때도 의미가 달라져 디버깅 포인트가 됩니다.		반환 값이 기본적으로 응답 바디로 직렬화된다	TRUE	항상 정적 리소스만 제공한다	FALSE	DB 트랜잭션을 자동으로 시작한다	FALSE	JVM 최적화를 강제한다	FALSE	spring	mvc	restcontroller	api
Q129	@RequestParam required(default)		Backend - 언어 & 프레임워크	21	CHOICE	MEDIUM	@RequestParam에서 파라미터 누락을 허용하거나 기본값을 주고 싶을 때 사용하는 속성 조합으로 가장 적절한 것은?	@RequestParam은 기본적으로 required=true라 누락되면 400이 날 수 있습니다. required=false로 바꾸거나 defaultValue를 제공하면 누락을 처리할 수 있습니다. 면접에서는 “null 처리 vs 기본값”을 어떻게 선택할지 판단 질문이 나옵니다. 실무에서는 검색/필터 파라미터에서 누락이 자연스러운 경우가 많아 required=false 또는 defaultValue를 적절히 사용합니다. 또한 타입 변환 실패와 검증 실패를 구분해 에러 응답을 설계하면 사용자 경험이 좋아집니다.		required=false 또는 defaultValue 사용	TRUE	value에 파라미터 이름을 쓰면 자동으로 기본값이 생긴다	FALSE	name을 바꾸면 누락이 허용된다	FALSE	produces를 지정하면 누락이 허용된다	FALSE	spring	requestparam	validation	api
Q130	예외 응답 설계(Error Response)		Backend - 아키텍처 패턴	20	CHOICE	MEDIUM	전역 예외 처리에서 “일관된 에러 응답 포맷”을 두는 가장 큰 장점은?	에러 응답 포맷이 일관되면 클라이언트가 에러를 파싱하고 UX를 처리하기 쉬워집니다. 또한 모니터링/로그 집계에서 에러 코드로 분류가 가능해 운영 대응이 빨라집니다. 면접에서는 단순히 try-catch로 덮는 게 아니라, 상태 코드와 에러 코드를 체계화하는 설계를 요구합니다. 실무에서는 message는 사용자 친화적으로, debug 정보는 로그로 분리하는 전략이 안전합니다. 또 국제화나 프론트 메시지 매핑에도 유리합니다.		클라이언트 처리와 운영 모니터링이 쉬워진다	TRUE	모든 예외를 숨길 수 있어 보안이 완벽해진다	FALSE	DB 인덱스가 자동 생성되어 성능이 오른다	FALSE	네트워크 지연이 항상 줄어든다	FALSE	backend	exception	api	design
Q131	@Validated vs @Valid		Backend - 언어 & 프레임워크	21	CHOICE	MEDIUM	스프링에서 Validation 그룹(그룹 검증)을 적용하고 싶을 때 더 직접적으로 연관된 것은?	@Valid는 자바 표준 검증 트리거로 많이 쓰이고, 스프링의 @Validated는 그룹 검증 같은 확장 기능과 함께 자주 사용됩니다. 면접에서는 “생성/수정”처럼 상황에 따라 다른 제약을 적용하는 설계를 물을 수 있습니다. 실무에서는 DTO를 재사용할 때 그룹을 쓰면 중복 클래스를 줄일 수 있지만, 너무 복잡해지면 DTO를 분리하는 편이 유지보수에 유리할 때도 있습니다. 또한 그룹 검증을 쓸 때는 어떤 그룹이 기본으로 적용되는지 정책을 정해두는 것이 좋습니다.		@Validated	TRUE	@RequestBody	FALSE	@Profile	FALSE	@EnableAsync	FALSE	spring	validation	group	backend
Q132	Jackson 역직렬화(Deserialization)		Backend - 언어 & 프레임워크	21	CHOICE	MEDIUM	JSON을 DTO로 바인딩할 때 필드명이 맞지 않으면 흔히 발생하는 결과로 가장 올바른 것은?	Jackson은 JSON 필드를 DTO 필드에 매핑합니다. 이름이 다르면 해당 값이 바인딩되지 않거나, 설정에 따라 UnknownProperty 예외가 발생할 수 있습니다. 면접에서는 @JsonProperty, @JsonIgnoreProperties 같은 해결책을 제시할 수 있어야 합니다. 실무에서는 API 변경 시 하위 호환성이 깨지는 대표 지점이라, 버전 관리나 필드 추가 정책을 잘 세워야 합니다. 또한 날짜/시간 포맷 불일치도 역직렬화 오류의 흔한 원인입니다.		값이 바인딩되지 않거나 설정에 따라 예외가 발생한다	TRUE	JVM이 자동으로 필드명을 수정해 맞춘다	FALSE	트랜잭션이 자동으로 롤백된다	FALSE	HTTP 상태 코드는 항상 200이 된다	FALSE	spring	jackson	json	dto
Q133	Content Negotiation(콘텐츠 협상)		Backend - 웹 서버 기초	17	CHOICE	MEDIUM	콘텐츠 협상(content negotiation)에 가장 직접적으로 관여하는 헤더 조합은?	콘텐츠 협상은 클라이언트가 원하는 응답 형식(Accept)과 서버가 보내는 형식(Content-Type)을 조합해 결정됩니다. 면접에서는 둘을 혼동하지 않는지 확인합니다. 실무에서는 대부분 JSON 하나로 단순하지만, 버전 관리나 파일 다운로드, 멀티 포맷 제공 시 문제가 드러납니다. 또한 브라우저/프록시가 헤더를 추가/변형할 수 있어 실제 요청 헤더를 로그로 확인하는 습관이 중요합니다.		Accept와 Content-Type	TRUE	Host와 Referer	FALSE	Cookie와 Set-Cookie	FALSE	Content-Length와 ETag	FALSE	http	header	negotiation	springboot
Q134	@CrossOrigin 범위(CORS Scope)		Backend - 인증/인가	18	CHOICE	MEDIUM	@CrossOrigin을 메서드에만 붙였을 때 기대할 수 있는 동작으로 가장 올바른 것은?	@CrossOrigin은 CORS 허용 정책을 적용하는 방식 중 하나입니다. 메서드에 붙이면 해당 엔드포인트에만 제한적으로 적용됩니다. 면접에서는 전역 설정(WebMvcConfigurer)과의 차이를 물어봅니다. 실무에서는 개발 중엔 편하지만 엔드포인트가 많아지면 관리가 어려워지므로 전역 정책과 예외 정책을 분리하는 것이 좋습니다. 또한 자격 증명 포함(withCredentials)일 때 허용 출처를 와일드카드로 둘 수 없다는 점 같은 디테일이 자주 장애를 만듭니다.		해당 메서드(엔드포인트)에만 CORS 정책이 적용된다	TRUE	애플리케이션 전체에 무조건 적용된다	FALSE	DB 커넥션 풀에만 적용된다	FALSE	JWT 만료 시간을 자동으로 늘린다	FALSE	cors	security	spring	api
Q135	CompletableFuture(CompletableFuture)		언어 중심 - Java	94	CHOICE	MEDIUM	CompletableFuture를 사용할 때 얻는 대표 장점으로 가장 올바른 것은?	CompletableFuture는 비동기 작업을 조합하고 이어붙이는 체이닝을 쉽게 만듭니다. thenApply, thenCompose로 비동기 파이프라인을 구성할 수 있고, 예외 처리도 조합할 수 있습니다. 면접에서는 Future와의 차이(콜백/조합 가능성)를 자주 묻습니다. 실무에서는 외부 API 호출을 병렬로 실행하고 결과를 합치는 패턴에서 자주 활용됩니다. 다만 기본 Executor에 의존하면 스레드 정책이 애매해질 수 있어 커스텀 Executor와 함께 쓰는 것이 안전합니다.		비동기 작업 조합과 체이닝이 쉽다	TRUE	모든 작업이 자동으로 트랜잭션으로 감싸진다	FALSE	GC를 줄이기 위해 힙을 자동 확장한다	FALSE	HTTP 라우팅이 자동 생성된다	FALSE	java	async	completablefuture	concurrency
Q136	HTTP 멱등성(멱등 메서드)		Backend - 웹 서버 기초	17	CHOICE	MEDIUM	PUT이 일반적으로 멱등으로 분류되는 이유로 가장 올바른 것은?	멱등성은 동일 요청을 반복해도 결과가 같다는 성질입니다. PUT은 보통 “해당 리소스를 이 상태로 맞춘다”는 의미라 같은 본문으로 여러 번 호출해도 최종 상태가 동일해야 합니다. 면접에서는 POST와 구분해 설명하는지, 그리고 실제 구현이 멱등하도록 설계했는지 확인합니다. 실무에서는 네트워크 재시도나 타임아웃 복구에서 멱등성이 핵심이며, 멱등하지 않으면 중복 데이터/중복 결제가 생길 수 있습니다. 따라서 생성 API에는 멱등 키를 두거나 PUT/DELETE를 적절히 활용하는 설계가 중요합니다.		같은 요청을 반복해도 최종 상태가 같아야 하기 때문	TRUE	PUT은 항상 캐시되기 때문	FALSE	PUT은 바디를 가질 수 없기 때문	FALSE	PUT은 브라우저에서만 동작하기 때문	FALSE	http	rest	idempotency	springboot
Q137	통합 테스트 vs 단위 테스트(Unit vs Integration)		Backend - 테스트	22	CHOICE	MEDIUM	단위 테스트(Unit Test)의 일반적인 특징으로 가장 올바른 것은?	단위 테스트는 가능한 한 작은 단위(메서드/클래스)의 로직을 빠르게 검증하는 데 초점을 둡니다. 외부 시스템(DB, 네트워크)을 격리하고 Mock/Stub을 사용해 결정적이고 빠른 테스트를 지향합니다. 면접에서는 “왜 단위 테스트가 빨라야 하는가”와 “무엇을 Mock할 것인가”로 질문이 확장됩니다. 실무에서는 단위 테스트로 핵심 로직을 촘촘히 보호하고, 통합 테스트로 실제 wiring과 인프라 연동을 보완하는 조합이 가장 안정적입니다. 또한 flaky 테스트를 줄이기 위해 시간/랜덤/외부 의존을 통제하는 것이 중요합니다.		외부 의존을 격리하고 작은 단위를 빠르게 검증한다	TRUE	반드시 실제 DB와 네트워크를 포함해야 한다	FALSE	실행 시간이 길어야 신뢰도가 높다	FALSE	운영 서버를 띄워야만 가능하다	FALSE	test	unit	mock	springboot
Q138	스프링 시큐리티 필터 체인(Security Filter Chain)		Backend - 인증/인가	18	CHOICE	MEDIUM	Spring Security에서 인증/인가 로직이 주로 적용되는 위치로 가장 올바른 것은?	스프링 시큐리티는 기본적으로 필터 체인을 통해 요청을 가로채 보안 로직을 적용합니다. 인증 토큰 파싱, 세션 인증, 권한 검사 등이 이 경로에서 수행됩니다. 면접에서는 “왜 컨트롤러 앞단에서 처리하는가”를 설명할 수 있어야 합니다. 실무에서는 필터 순서가 꼬이면 인증이 우회되거나 반대로 정상 요청이 막히는 문제가 생길 수 있습니다. 또한 CORS/CSRF 설정도 필터 레벨과 얽혀 있어 환경별로 테스트가 필요합니다.		서블릿 필터 체인(스프링 시큐리티 필터)에서 처리된다	TRUE	JPA 엔티티 리스너에서 처리된다	FALSE	DB 트리거에서 처리된다	FALSE	JVM GC 단계에서 처리된다	FALSE	security	spring	filterchain	backend
Q139	BeanDefinition(Bean Definition)		Backend - 언어 & 프레임워크	21	CHOICE	MEDIUM	스프링 컨테이너 관점에서 BeanDefinition이 의미하는 것으로 가장 올바른 것은?	BeanDefinition은 “빈을 어떻게 만들고 관리할지”에 대한 메타데이터입니다. 클래스 타입, 스코프, 초기화 메서드, 의존성 정보 등이 여기에 포함됩니다. 면접에서는 빈 인스턴스와 BeanDefinition을 구분하는지(설계도 vs 결과물)로 자주 질문이 이어집니다. 실무에서는 조건부 빈, 자동 구성, 프로파일 등에 의해 BeanDefinition이 어떻게 등록되는지 이해하면 “왜 이 빈이 생겼지” 같은 디버깅이 빨라집니다. 또한 동일 타입 빈 충돌 시 어떤 정의가 우선되는지 추적할 때도 도움이 됩니다.		빈 생성과 관리 방법을 담은 메타데이터	TRUE	런타임에 생성된 DB 커넥션 객체	FALSE	HTTP 요청 헤더를 담는 객체	FALSE	JPA 엔티티의 테이블 매핑 정보	FALSE	spring	bean	context	metadata
Q140	@ConditionalOnProperty(Conditional On Property)		Backend - 언어 & 프레임워크	21	CHOICE	MEDIUM	특정 설정 값이 있을 때만 빈을 등록하고 싶다면 자동 구성에서 흔히 쓰는 방식은?	Spring Boot 자동 구성은 조건부 애노테이션을 활용해 “필요할 때만” 빈을 올립니다. 그 중 @ConditionalOnProperty는 특정 프로퍼티의 존재/값에 따라 빈 등록을 제어합니다. 면접에서는 “왜 부트는 자동 구성인데도 충돌이 덜 나는가”를 조건부 구성으로 설명할 수 있어야 합니다. 실무에서는 기능 플래그(Feature Toggle)나 환경별 선택적 구성에 유용하지만, 조건이 많아지면 설정 조합이 복잡해져 운영 사고로 이어질 수 있어 문서화와 테스트가 중요합니다.		@ConditionalOnProperty	TRUE	@EnableScheduling	FALSE	@JsonProperty	FALSE	@PathVariable	FALSE	springboot	conditional	config	backend
Q141	@ConditionalOnMissingBean(Conditional On Missing Bean)		Backend - 언어 & 프레임워크	21	CHOICE	MEDIUM	Spring Boot 자동 구성에서 “사용자가 커스텀 빈을 제공하면 기본 빈은 만들지 않기”에 가장 가까운 조건은?	@ConditionalOnMissingBean은 특정 타입의 빈이 이미 존재하면 자동 구성이 기본 빈을 만들지 않도록 하는 장치입니다. 이 덕분에 기본 설정은 제공하되, 사용자가 쉽게 오버라이드할 수 있습니다. 면접에서는 스타터/오토컨피그가 어떤 방식으로 확장성을 제공하는지 묻는 질문이 나옵니다. 실무에서는 커스텀 DataSource, ObjectMapper, Security 설정을 제공할 때 이 패턴을 자주 접합니다. 다만 “왜 내 설정이 먹지 않지” 같은 이슈는 조건부 애노테이션 때문에 생기는 경우가 많아 auto configuration report를 보는 습관이 도움이 됩니다.		@ConditionalOnMissingBean	TRUE	@Primary	FALSE	@Value	FALSE	@Bean	FALSE	springboot	autoconfig	conditional	override
Q142	Auto Configuration(자동 구성)		Backend - 언어 & 프레임워크	21	CHOICE	MEDIUM	Spring Boot 자동 구성이 동작하는 핵심 아이디어로 가장 올바른 것은?	Spring Boot는 classpath에 있는 라이브러리와 설정값을 기반으로 필요한 빈을 자동으로 등록합니다. 즉 “무엇이 포함되어 있는지”에 따라 조건부로 구성되는 방식입니다. 면접에서는 왜 starter 하나만 추가해도 많은 것이 동작하는지, 그리고 충돌은 어떻게 피하는지(조건부 빈) 설명을 요구합니다. 실무에서는 자동 구성이 편하지만, 문제 발생 시 “어떤 빈이 어디서 등록됐는지” 추적이 필요합니다. 따라서 actuator의 condition report나 디버그 로그로 자동 구성 과정을 확인하는 능력이 중요합니다.		classpath와 설정값을 바탕으로 조건부 빈을 등록한다	TRUE	모든 빈을 무조건 강제로 등록한다	FALSE	자바 문법 오류를 자동 수정한다	FALSE	DB 스키마를 항상 마이그레이션한다	FALSE	springboot	autoconfig	starter	backend
Q143	Spring MVC 흐름(DispatcherServlet)		Backend - 웹 서버 기초	17	CHOICE	MEDIUM	Spring MVC에서 요청을 받아 핸들러(컨트롤러)로 라우팅하는 중심 컴포넌트는?	DispatcherServlet은 Spring MVC의 프론트 컨트롤러로 모든 요청의 진입점입니다. HandlerMapping으로 매핑을 찾고, HandlerAdapter로 실행한 뒤 ViewResolver 또는 메시지 컨버터로 응답을 만듭니다. 면접에서는 “요청이 들어와서 응답이 나갈 때까지”의 큰 흐름을 설명할 수 있는지 확인합니다. 실무에서는 필터/인터셉터/예외처리 등이 이 흐름 전후로 붙기 때문에 문제 발생 시 어느 단계에서 깨지는지 구분하는 것이 중요합니다. 또한 404가 발생할 때 컨트롤러 매핑 문제인지, 필터에서 차단된 것인지 분리해서 봐야 합니다.		DispatcherServlet	TRUE	EntityManager	FALSE	DataSource	FALSE	BeanFactoryPostProcessor	FALSE	spring	mvc	dispatcher	backend
Q144	HandlerInterceptor 실행 순서(Interceptor Order)		Backend - 웹 서버 기초	17	CHOICE	MEDIUM	여러 인터셉터가 등록된 경우 preHandle의 실행 순서로 가장 올바른 것은?	인터셉터는 등록 순서대로 preHandle이 실행되고, 응답 시점에는 afterCompletion이 역순으로 실행됩니다. 면접에서는 “스택처럼 들어갔다가 나온다”는 식으로 설명하면 이해가 좋습니다. 실무에서는 인증/권한 인터셉터와 로깅/추적 ID 인터셉터의 순서가 중요합니다. 순서가 바뀌면 인증 실패 로그가 누락되거나, MDC가 설정되기 전에 로그가 찍히는 문제가 생길 수 있습니다. 또한 예외 발생 시 afterCompletion 호출 여부를 이해하면 누락된 정리 로직을 찾기 쉽습니다.		등록 순서대로 preHandle이 실행된다	TRUE	등록 역순으로 preHandle이 실행된다	FALSE	preHandle은 호출되지 않고 afterCompletion만 호출된다	FALSE	인터셉터는 항상 병렬로 실행된다	FALSE	spring	interceptor	order	mvc
Q145	HttpMessageConverter(Http Message Converter)		Backend - 언어 & 프레임워크	21	CHOICE	MEDIUM	@RequestBody DTO 바인딩과 @ResponseBody JSON 응답에서 핵심 역할을 하는 컴포넌트는?	HttpMessageConverter는 요청 바디를 객체로 읽고, 객체를 응답 바디로 쓰는 변환기를 의미합니다. JSON은 보통 Jackson 기반 컨버터가 담당합니다. 면접에서는 컨버터가 언제 호출되는지, 그리고 Content-Type/Accept 헤더와 연결되는지 설명을 요구합니다. 실무에서는 파일 업로드(multipart), 문자열, 바이트 배열 등 다양한 컨버터가 존재해 충돌이나 우선순위 문제가 생길 수 있습니다. 또한 커스텀 ObjectMapper 설정이 컨버터에 반영되는지 확인하는 것이 디버깅 포인트가 됩니다.		HttpMessageConverter	TRUE	ViewResolver	FALSE	BeanPostProcessor	FALSE	EntityListener	FALSE	spring	mvc	converter	jackson
Q146	Filter 체인(Filter Chain)		Backend - 웹 서버 기초	17	CHOICE	MEDIUM	서블릿 Filter의 동작 방식으로 가장 올바른 것은?	필터는 체인 형태로 연결되어 요청/응답을 감싸며 동작합니다. doFilter 호출 전후에 공통 로직을 넣을 수 있고, 다음 필터로 넘길지 여부를 제어할 수 있습니다. 면접에서는 인터셉터와 실행 레벨(컨테이너 vs 스프링) 차이를 정확히 설명하는지 봅니다. 실무에서는 CORS, 인코딩, 보안, 로깅, 래핑(바디 캐싱) 같은 공통 처리가 필터에서 자주 구현됩니다. 다만 바디를 읽어버리면 컨트롤러에서 못 읽는 문제 등이 있어 래퍼를 올바르게 써야 합니다.		체인으로 연결되어 요청과 응답을 전후로 감싼다	TRUE	컨트롤러 이후에만 단 한 번 실행된다	FALSE	DB 트랜잭션과 무조건 1대1 매칭된다	FALSE	JPA 지연 로딩을 자동으로 해결한다	FALSE	servlet	filter	springboot	chain
Q147	@Async 예외 처리(Async Exception)		Backend - 비동기 처리	19	CHOICE	MEDIUM	반환 타입이 void인 @Async 메서드에서 예외가 발생했을 때 기본적으로 어려운 점은?	void 반환 @Async는 호출자에게 Future로 예외를 전달할 경로가 없습니다. 따라서 예외를 놓치기 쉽고, 로그/알림으로 잡지 않으면 조용히 실패할 수 있습니다. 면접에서는 AsyncUncaughtExceptionHandler 같은 대안과 함께 “관측 가능성(Observability)” 관점으로 설명하면 좋습니다. 실무에서는 비동기 실패가 데이터 누락이나 후속 처리 누락으로 이어질 수 있어, 재시도/보상 트랜잭션/알림을 설계하는 것이 중요합니다. 또한 MDC 같은 컨텍스트가 전파되지 않아 로그 상관관계가 끊길 수 있으니 별도 전파 전략도 고려해야 합니다.		호출자에게 예외 전달 경로가 없어 놓치기 쉽다	TRUE	예외가 발생하면 자동으로 DB가 롤백된다	FALSE	예외가 발생해도 항상 200 응답이 나간다	FALSE	예외가 발생하면 GC가 즉시 실행된다	FALSE	spring	async	exception	observability
Q148	ThreadLocal(ThreadLocal)		언어 중심 - Java	94	CHOICE	MEDIUM	ThreadLocal 사용 시 주의점으로 가장 올바른 것은?	ThreadLocal은 스레드별 저장소를 제공하지만, 스레드풀 환경에서는 스레드가 재사용됩니다. 따라서 값을 제거(remove)하지 않으면 요청 간 값이 새어 나가 메모리 누수나 보안 사고로 이어질 수 있습니다. 면접에서는 ThreadLocal을 어디에 쓰는지(MDC, 트랜잭션 컨텍스트)와 위험성을 함께 물어봅니다. 실무에서는 필터/인터셉터에서 설정하고 finally에서 반드시 정리하는 패턴이 중요합니다. 또한 비동기로 스레드가 바뀌면 ThreadLocal 값이 전파되지 않는 점도 설계에 반영해야 합니다.		스레드풀에서 remove하지 않으면 값 누수 위험이 있다	TRUE	ThreadLocal은 자동으로 모든 스레드에 값을 공유한다	FALSE	ThreadLocal은 멀티프로세스 간 공유 메모리다	FALSE	ThreadLocal은 GC를 비활성화한다	FALSE	java	concurrency	threadlocal	leak
Q149	@Cacheable(Cacheable)		Backend - 아키텍처 패턴	20	CHOICE	MEDIUM	@Cacheable의 일반적인 동작으로 가장 올바른 것은?	@Cacheable은 동일 키로 호출될 때 캐시에 값이 있으면 메서드를 실행하지 않고 캐시 값을 반환합니다. 없으면 메서드를 실행해 결과를 캐시에 저장합니다. 면접에서는 “캐시 키가 어떻게 결정되는가”와 “캐시 무효화 전략”을 질문할 수 있습니다. 실무에서는 캐시는 정합성과 트레이드오프가 있으며, 잘못 캐싱하면 오래된 데이터가 노출됩니다. 따라서 TTL, Evict 정책, 갱신 전략을 함께 설계해야 하고, 특히 인증 정보나 개인화 데이터는 키 설계가 매우 중요합니다.		캐시가 있으면 메서드를 건너뛰고 캐시 값을 반환한다	TRUE	항상 캐시를 지우고 새로 계산한다	FALSE	DB 트랜잭션을 자동으로 분리한다	FALSE	CORS 허용 출처를 자동 설정한다	FALSE	spring	cache	performance	backend
Q150	캐시 스탬피드(Cache Stampede)		Backend - 아키텍처 패턴	20	CHOICE	MEDIUM	캐시 TTL 만료 직후 트래픽이 몰릴 때 발생 가능한 대표 문제는?	캐시가 동시에 만료되면 많은 요청이 캐시 미스를 내고 원본(DB/외부 API)에 한꺼번에 몰립니다. 이를 캐시 스탬피드라고 부르며, 순간적으로 DB가 과부하되어 장애로 이어질 수 있습니다. 면접에서는 락, 요청 합치기, 조기 갱신, TTL 지터 같은 완화 전략을 제시할 수 있어야 합니다. 실무에서는 인기 키에 대해 백그라운드 갱신이나 single flight 패턴을 적용하는 경우가 많습니다. 또한 모니터링에서 캐시 히트율 하락과 DB QPS 급증이 함께 보이면 의심해야 합니다.		캐시 미스가 폭증해 원본에 부하가 몰린다	TRUE	캐시가 자동으로 모든 데이터를 삭제한다	FALSE	JWT가 자동으로 만료 시간을 늘린다	FALSE	GC가 스레드를 강제로 종료한다	FALSE	cache	backend	performance	qps
Q151	@TransactionalEventListener(Transactional Event Listener)		Backend - 비동기 처리	19	CHOICE	MEDIUM	트랜잭션 커밋 이후에만 이벤트 핸들러를 실행하고 싶다면 가장 가까운 선택은?	트랜잭션 이벤트 리스너는 커밋/롤백 등 트랜잭션 단계에 맞춰 이벤트를 처리할 수 있습니다. 예를 들어 커밋 이후에만 외부 시스템에 알림을 보내면 “롤백된 데이터에 대한 알림” 같은 불일치를 피할 수 있습니다. 면접에서는 도메인 이벤트와 트랜잭션 경계 설계를 물을 수 있습니다. 실무에서는 이메일 발송, 메시지 발행 같은 부수 효과를 커밋 이후로 미루는 패턴이 흔합니다. 다만 이벤트 핸들러 실패 시 재시도/보상 전략을 설계하지 않으면 데이터는 커밋됐는데 후속 처리가 누락될 수 있습니다.		@TransactionalEventListener로 커밋 이후 실행을 지정한다	TRUE	@EnableScheduling을 추가한다	FALSE	@RestController를 @Controller로 바꾼다	FALSE	@RequestParam을 @RequestBody로 바꾼다	FALSE	spring	transaction	event	async
Q152	Validation 예외(MethodArgumentNotValidException)		Backend - 언어 & 프레임워크	21	CHOICE	MEDIUM	@Valid가 붙은 @RequestBody DTO 검증이 실패했을 때 Spring MVC에서 흔히 발생하는 예외는?	요청 바디 검증 실패는 일반적으로 MethodArgumentNotValidException으로 나타납니다. 전역 예외 처리에서 이 예외를 잡아 필드별 에러 메시지를 표준 포맷으로 내려주는 설계가 흔합니다. 면접에서는 BindingResult를 어디에 두면 예외 대신 직접 처리할 수 있는지로 질문이 확장될 수 있습니다. 실무에서는 검증 에러를 400으로 내려주되, 어떤 필드가 왜 실패했는지 구조화된 정보가 있어야 프론트가 UX를 만들기 쉽습니다. 또한 메시지 국제화(i18n)까지 고려하면 서비스 품질이 높아집니다.		MethodArgumentNotValidException	TRUE	NullPointerException	FALSE	ClassNotFoundException	FALSE	LazyInitializationException	FALSE	spring	validation	exception	api
Q153	Bean Validation 그룹(Group Validation)		Backend - 언어 & 프레임워크	21	CHOICE	MEDIUM	생성(Create)과 수정(Update) 요청에서 서로 다른 검증 규칙을 적용하고 싶을 때 적절한 접근은?	그룹 검증은 상황별로 다른 제약을 적용할 수 있게 해줍니다. 예를 들어 생성 시에는 id가 없어야 하고, 수정 시에는 id가 필수인 규칙을 분리할 수 있습니다. 면접에서는 “DTO 재사용 vs DTO 분리” 판단을 요구할 수 있습니다. 실무에서는 그룹이 많아지면 복잡도가 올라가므로, 단순히 DTO를 분리하는 편이 더 유지보수에 좋을 때도 있습니다. 또한 어떤 그룹이 기본으로 적용되는지 정책을 팀에서 통일해야 혼란이 줄어듭니다.		@Validated와 그룹 인터페이스로 상황별 검증을 분리한다	TRUE	@GetMapping을 @PostMapping으로 바꾸면 된다	FALSE	@Primary를 추가하면 검증이 분리된다	FALSE	OSIV를 끄면 자동으로 해결된다	FALSE	spring	validation	group	dto
Q154	응답 캐싱(ETag)		Backend - 웹 서버 기초	17	CHOICE	MEDIUM	ETag를 사용하는 대표 목적에 가장 가까운 것은?	ETag는 리소스 버전을 나타내는 식별자로, 조건부 요청(If-None-Match)을 통해 변경이 없으면 304 Not Modified를 반환해 트래픽을 줄입니다. 면접에서는 캐시 제어 헤더(Cache-Control)와 함께 물어볼 수 있습니다. 실무에서는 정적 리소스뿐 아니라 API 응답에도 적용할 수 있지만, ETag 계산 비용과 개인정보 포함 여부를 주의해야 합니다. 또한 프록시/캐시 계층이 있는 환경에서 헤더 정책을 일관되게 맞추는 것이 중요합니다.		변경 없으면 304로 네트워크 비용을 줄이기 위해	TRUE	인증 토큰을 암호화하기 위해	FALSE	DB 인덱스를 자동 생성하기 위해	FALSE	JVM 스레드를 늘리기 위해	FALSE	http	cache	etag	springboot
Q155	커스텀 ObjectMapper(ObjectMapper)		Backend - 언어 & 프레임워크	21	CHOICE	MEDIUM	날짜 직렬화 포맷이나 null 처리 규칙을 전역으로 바꾸고 싶을 때 가장 일반적인 접근은?	Jackson의 ObjectMapper는 직렬화/역직렬화 규칙을 결정합니다. 전역적으로 날짜 포맷, 속성 이름 전략, null 포함 여부 등을 바꾸려면 ObjectMapper를 설정하거나 빌더를 커스터마이징하는 방식이 흔합니다. 면접에서는 커스텀 설정이 HttpMessageConverter에 어떻게 반영되는지 이해를 묻기도 합니다. 실무에서는 전역 설정을 바꾸면 기존 API 호환성이 깨질 수 있어 버전 관리나 점진적 적용 전략이 필요합니다. 또한 타임존 이슈는 운영 장애로 이어지기 쉬워, KST/UTC 정책을 명확히 문서화해야 합니다.		ObjectMapper를 전역 설정으로 커스터마이징한다	TRUE	@GetMapping에 produces만 추가하면 된다	FALSE	DataSource 풀 크기를 키우면 된다	FALSE	ThreadLocal을 사용하면 자동 적용된다	FALSE	spring	jackson	objectmapper	json
Q156	멀티 모듈 컴포넌트 스캔(Component Scan Multi Module)		Backend - 아키텍처 패턴	20	CHOICE	MEDIUM	멀티 모듈에서 특정 모듈의 컴포넌트가 스캔되지 않아 빈이 등록되지 않는 대표 원인은?	Spring Boot는 보통 메인 애플리케이션 클래스 패키지 기준으로 하위 패키지를 스캔합니다. 다른 모듈의 패키지가 이 범위 밖에 있으면 컴포넌트가 등록되지 않습니다. 면접에서는 패키지 구조와 스캔 범위를 왜 중요하게 보느냐를 질문합니다. 실무에서는 모듈 패키지를 루트 아래로 정렬하거나, scanBasePackages를 명시하거나, 자동 구성 모듈로 분리하는 방식으로 해결합니다. 또한 “왜 로컬에서는 되는데 배포에서 안 되지” 같은 이슈가 패키징/모듈 의존 문제와 함께 나타날 수 있어 전체 빌드 구성을 함께 점검해야 합니다.		메인 클래스 스캔 범위 밖 패키지에 있어 등록되지 않는다	TRUE	JVM이 리플렉션을 금지해서	FALSE	GC가 빈을 회수해서	FALSE	CORS 설정이 누락되어서	FALSE	springboot	scan	multimodule	backend
Q157	@WebMvcTest 로딩 범위(WebMvcTest Scope)		Backend - 테스트	22	CHOICE	MEDIUM	@WebMvcTest에서 기본적으로 로딩되지 않는 구성에 가장 가까운 것은?	@WebMvcTest는 MVC 레이어를 중심으로 슬라이스 로딩을 하며, 서비스/리포지토리 빈은 기본적으로 포함되지 않는 경우가 많습니다. 따라서 컨트롤러가 의존하는 서비스는 @MockBean으로 대체하는 패턴이 흔합니다. 면접에서는 슬라이스 테스트의 장단점을 설명하는지 봅니다. 실무에서는 보안 필터가 끼면 테스트가 실패할 수 있어, 필요한 보안 설정을 포함하거나 필터를 끄는 전략을 선택해야 합니다. 또한 “빠른 피드백”이 목적이므로 어디까지 검증할지 경계를 명확히 해야 합니다.		Service와 Repository 같은 비 MVC 빈	TRUE	DispatcherServlet	FALSE	ControllerAdvice	FALSE	Jackson 메시지 컨버터	FALSE	test	webmvctest	slice	spring
Q158	Testcontainers(Testcontainers)		Backend - 테스트	22	CHOICE	MEDIUM	Testcontainers를 사용할 때 얻는 대표 이점으로 가장 올바른 것은?	Testcontainers는 Docker 컨테이너로 실제 DB, Redis 같은 인프라를 테스트 중에 띄워 통합 테스트의 신뢰도를 높입니다. 로컬 환경 의존을 줄이고 CI에서도 동일한 인프라로 테스트할 수 있다는 장점이 큽니다. 면접에서는 H2 같은 인메모리 DB 테스트와 비교해 “현실성 vs 속도” 트레이드오프를 설명할 수 있어야 합니다. 실무에서는 스키마 차이, 쿼리 호환성 문제를 조기에 잡아 운영 장애를 줄이는 데 큰 도움이 됩니다. 다만 컨테이너 기동 시간이 있어 테스트 실행 시간이 늘 수 있으니, 핵심 시나리오에만 적용하는 전략이 좋습니다.		실제 인프라를 컨테이너로 띄워 현실적인 통합 테스트를 한다	TRUE	프론트엔드 UI 테스트를 자동으로 수행한다	FALSE	JVM 메모리를 자동 튜닝한다	FALSE	모든 테스트를 단위 테스트로 바꿔준다	FALSE	test	testcontainers	integration	springboot
Q159	스프링 빈 충돌(NoUniqueBeanDefinitionException)		Backend - 언어 & 프레임워크	21	CHOICE	MEDIUM	동일 타입 빈이 2개 이상 등록되어 주입이 모호할 때 가장 흔히 발생하는 예외는?	스프링은 타입으로 빈을 찾다가 후보가 여러 개면 어떤 것을 주입할지 결정하지 못해 예외를 던집니다. 그 대표가 NoUniqueBeanDefinitionException입니다. 면접에서는 이를 해결하는 방법(@Primary, @Qualifier, 빈 이름 기반 주입)을 함께 설명하는지 봅니다. 실무에서는 인터페이스 구현체가 늘어날 때 자주 터지며, 특히 테스트 환경에서 MockBean이 추가되면서 더 쉽게 발생할 수 있습니다. 따라서 빈 설계와 네이밍, 주입 전략을 팀 규칙으로 정해두는 게 중요합니다.		NoUniqueBeanDefinitionException	TRUE	NullPointerException	FALSE	MethodArgumentNotValidException	FALSE	LazyInitializationException	FALSE	spring	bean	di	exception
Q160	@Transactional과 프록시 적용 조건(Proxy Condition)		Backend - 언어 & 프레임워크	21	CHOICE	MEDIUM	@Transactional이 기대대로 적용되지 않는 케이스로 가장 올바른 것은?	@Transactional은 보통 프록시(AOP) 기반으로 동작합니다. 그래서 public 메서드가 아닌 경우나 내부 호출(self invocation)에서는 적용이 누락될 수 있습니다. 면접에서는 “왜 public이 기본 권장인가”와 “프록시가 어디서 끼는가”를 설명하는지 봅니다. 실무에서는 트랜잭션이 걸릴 거라고 생각한 코드가 실제로는 안 걸려 데이터가 부분 반영되는 장애가 생길 수 있습니다. 따라서 트랜잭션 경계는 서비스 계층 public 메서드에 두고 구조를 단순하게 유지하는 것이 안전합니다.		같은 클래스 내부 호출로 프록시를 거치지 않는 경우	TRUE	메서드에 @Override가 붙은 경우	FALSE	DTO에 getter가 있는 경우	FALSE	Gradle을 사용한 경우	FALSE	spring	transaction	proxy	aop
Q161	@Transactional readOnly와 flush(Flush Behavior)		Backend - 언어 & 프레임워크	21	CHOICE	MEDIUM	readOnly 트랜잭션에서 변경 감지가 줄어드는 이유로 가장 적절한 설명은?	readOnly는 JPA에 “변경하지 않을 가능성이 크다”는 힌트를 줍니다. 그 결과 더티 체킹과 flush 동작이 제한되거나 최적화될 수 있습니다. 면접에서는 “강제 규칙이 아니라 힌트”라는 점을 강조해야 합니다. 실무에서는 조회 API에 readOnly를 일관되게 적용하면 불필요한 업데이트 발생 가능성을 줄이고 성능을 안정화하는 데 도움이 됩니다. 다만 특정 구현/설정에 따라 효과가 달라질 수 있어, 적용 전후로 쿼리 로그와 성능 지표를 확인하는 습관이 중요합니다.		변경 감지와 flush 부담을 줄이기 위한 힌트라서	TRUE	readOnly면 DB가 UPDATE를 물리적으로 금지해서	FALSE	readOnly면 스레드가 자동으로 하나로 고정되어서	FALSE	readOnly면 HTTP 요청이 캐시되어서	FALSE	jpa	spring	transaction	flush
Q162	페치 전략과 페이징(Fetch Join Paging)		Backend - 언어 & 프레임워크	21	CHOICE	MEDIUM	컬렉션 fetch join을 페이징과 함께 사용할 때 흔히 생기는 문제로 가장 올바른 것은?	컬렉션 fetch join은 조인으로 row가 늘어나 결과가 뻥튀기될 수 있습니다. 이 상태에서 limit offset 페이징을 적용하면 “엔티티 기준 페이지”가 아니라 “row 기준 페이지”가 되어 결과가 왜곡될 수 있습니다. 면접에서는 이 제약을 알고 대안을 말할 수 있는지(배치 사이즈, 2단계 조회, DTO 조회) 확인합니다. 실무에서는 목록 API 성능 최적화에서 가장 자주 마주치는 난제 중 하나입니다. 따라서 조회 유스케이스별로 로딩 전략과 페이징 전략을 분리 설계하는 것이 중요합니다.		조인으로 row가 늘어나 페이징 결과가 왜곡될 수 있다	TRUE	페이징이 자동으로 더 빨라진다	FALSE	페이징 시 트랜잭션이 자동 분리된다	FALSE	페이징 시 CORS 프리플라이트가 사라진다	FALSE	jpa	fetch	paging	performance
Q163	@RequestBody와 Content-Type 매칭		Backend - 웹 서버 기초	17	CHOICE	MEDIUM	클라이언트가 JSON을 보내는데 Content-Type을 text/plain으로 보내면 가장 흔한 결과는?	스프링은 Content-Type에 맞는 HttpMessageConverter를 선택합니다. JSON 바디인데 Content-Type이 맞지 않으면 컨버터가 선택되지 않아 415 Unsupported Media Type 또는 바인딩 실패가 발생할 수 있습니다. 면접에서는 Content-Type과 메시지 컨버터 관계를 설명하는지 봅니다. 실무에서는 프론트에서 헤더 누락이나 프록시가 헤더를 변경하는 경우가 있어, 실제 네트워크 탭에서 요청 헤더를 확인하는 습관이 중요합니다. 또한 서버에서 consumes를 강제하면 오류가 더 명확해질 수 있습니다.		415 오류 또는 바인딩 실패가 날 수 있다	TRUE	서버가 자동으로 JSON으로 추론해 정상 처리한다	FALSE	DB 트랜잭션이 자동으로 시작되어 해결된다	FALSE	GC가 헤더를 수정해준다	FALSE	http	contenttype	spring	converter
Q164	@ResponseStatus(ResponseStatus)		Backend - 언어 & 프레임워크	21	CHOICE	MEDIUM	예외 클래스에 붙여 특정 HTTP 상태 코드를 고정하고 싶을 때 사용하는 애노테이션은?	@ResponseStatus는 컨트롤러 반환 또는 예외 클래스에 적용해 응답 상태 코드를 지정할 수 있습니다. 예외에 붙이면 해당 예외가 발생했을 때 지정한 상태 코드가 적용됩니다. 면접에서는 전역 예외 처리(@ControllerAdvice)와 비교해 언제 무엇을 쓰는지 질문이 나옵니다. 실무에서는 단순한 예외 매핑에는 편하지만, 동적 메시지/에러 코드 체계가 필요하면 ControllerAdvice 방식이 더 유연합니다. 또한 ResponseStatusException을 쓰는 대안도 알아두면 설계 선택지가 늘어납니다.		@ResponseStatus	TRUE	@PathVariable	FALSE	@EnableAsync	FALSE	@Profile	FALSE	spring	exception	status	api
Q165	@ControllerAdvice(ControllerAdvice)		Backend - 아키텍처 패턴	20	CHOICE	MEDIUM	전역 예외 처리와 바인딩 처리 등을 중앙화할 때 사용하는 구성 요소는?	@ControllerAdvice는 여러 컨트롤러에 공통으로 적용되는 전역 처리를 제공합니다. 예외 처리, 바인딩 설정, 모델 속성 추가 등을 중앙에서 관리할 수 있습니다. 면접에서는 예외를 컨트롤러마다 처리하는 것과의 차이(일관성, 중복 제거)를 물을 수 있습니다. 실무에서는 에러 응답 포맷을 통일하고 로깅 정책을 일관되게 적용하는 데 핵심입니다. 또한 특정 패키지나 애노테이션에만 Advice를 적용할 수도 있어 모듈 분리에 유리합니다.		@ControllerAdvice	TRUE	@ComponentScan	FALSE	@RestController	FALSE	@Bean	FALSE	spring	exception	advice	backend
Q166	@SpringBootTest(WebEnvironment)		Backend - 테스트	22	CHOICE	MEDIUM	@SpringBootTest(webEnvironment = RANDOM_PORT)의 의미로 가장 올바른 것은?	RANDOM_PORT는 실제 임베디드 서버를 랜덤 포트로 띄워 HTTP 레벨 통합 테스트를 가능하게 합니다. 포트 충돌을 피하면서도 실제 네트워크 스택을 타는 테스트를 만들 수 있습니다. 면접에서는 MockMvc 기반 테스트와의 차이를 비교할 수 있어야 합니다. 실무에서는 컨트롤러부터 필터/시큐리티까지 “진짜 요청” 흐름을 검증할 때 유용하지만, 실행 시간이 길어질 수 있어 핵심 시나리오에 집중해서 운영하는 것이 좋습니다. 또한 TestRestTemplate이나 WebTestClient로 호출하는 패턴이 자주 쓰입니다.		임베디드 서버를 랜덤 포트로 띄운다	TRUE	DB를 항상 H2로 강제한다	FALSE	모든 빈을 Mock으로 대체한다	FALSE	트랜잭션을 항상 커밋한다	FALSE	test	springboot	integration	http
Q167	MockMvc(MockMvc)		Backend - 테스트	22	CHOICE	MEDIUM	MockMvc의 특징으로 가장 올바른 것은?	MockMvc는 실제 서버 포트를 띄우지 않고도 Spring MVC 레이어를 테스트할 수 있게 해줍니다. DispatcherServlet 흐름을 모의로 실행해 요청 매핑, 검증, 예외 처리 등을 빠르게 확인할 수 있습니다. 면접에서는 RANDOM_PORT 통합 테스트와 비교해 장단점을 설명할 수 있어야 합니다. 실무에서는 컨트롤러 단위 테스트에 자주 쓰지만, 필터/시큐리티가 실제와 다르게 적용될 수 있어 테스트 슬라이스 구성에 주의해야 합니다. 또한 JSON 직렬화/역직렬화 오류를 조기에 잡는 데도 유용합니다.		서버 없이 MVC 흐름을 빠르게 테스트한다	TRUE	반드시 실제 DB 컨테이너가 필요하다	FALSE	프론트엔드 렌더링 테스트 도구다	FALSE	JVM 튜닝 도구다	FALSE	test	mockmvc	spring	mvc
Q168	Argument Resolver(HandlerMethodArgumentResolver)		Backend - 웹 서버 기초	17	CHOICE	MEDIUM	로그인 사용자 정보를 컨트롤러 파라미터로 주입하는 커스텀 기능을 만들 때 흔히 확장하는 것은?	HandlerMethodArgumentResolver는 컨트롤러 메서드 파라미터를 어떻게 만들지 결정하는 확장 포인트입니다. 인증된 사용자 정보를 꺼내 CustomUser로 주입하거나, 공통 요청 정보를 묶어 주입하는 데 자주 사용됩니다. 면접에서는 인터셉터와 비교해 “파라미터 구성”이라는 역할 차이를 설명할 수 있어야 합니다. 실무에서는 컨트롤러 코드가 깔끔해지지만, 리졸버 내부에서 인증/권한을 과도하게 처리하면 책임이 섞일 수 있어 분리 설계가 중요합니다. 또한 테스트에서 리졸버가 제대로 등록되지 않으면 400/500이 나올 수 있어 테스트 구성도 함께 신경 써야 합니다.		HandlerMethodArgumentResolver	TRUE	BeanFactoryPostProcessor	FALSE	EntityManagerFactory	FALSE	HttpSessionListener	FALSE	spring	mvc	resolver	backend
Q169	RestTemplate vs WebClient		Backend - 비동기 처리	19	CHOICE	MEDIUM	RestTemplate과 비교했을 때 WebClient의 대표적 특징으로 가장 올바른 것은?	WebClient는 리액티브 기반의 비동기 논블로킹 HTTP 클라이언트로 설계되었습니다. RestTemplate은 전통적 동기 블로킹 방식에 가깝습니다. 면접에서는 “왜 WebClient를 쓰는가”와 “논블로킹이 항상 빠른가” 같은 트레이드오프를 질문할 수 있습니다. 실무에서는 높은 동시성을 요구하거나 스트리밍/리액티브 파이프라인을 구성할 때 WebClient가 유리합니다. 다만 논블로킹을 쓰면 스레드 모델과 디버깅 방식이 달라져 팀 역량과 운영 관측 도구까지 함께 고려해야 합니다.		WebClient는 비동기 논블로킹 모델을 지원한다	TRUE	WebClient는 JDBC 커넥션 풀을 대체한다	FALSE	RestTemplate은 멀티모듈 스캔 도구다	FALSE	WebClient는 트랜잭션 격리 수준을 설정한다	FALSE	spring	webclient	async	http
Q170	Reactive Streams(리액티브 스트림)		Backend - 비동기 처리	19	CHOICE	MEDIUM	Reactive Streams에서 backpressure의 의미로 가장 올바른 것은?	backpressure는 소비자가 처리 가능한 만큼만 생산자가 데이터를 보내도록 조절하는 메커니즘입니다. 무제한으로 푸시하면 메모리 폭증이나 지연이 생기므로, 수요 기반(demand) 조절이 중요합니다. 면접에서는 “왜 리액티브에서 필요한가”를 구체적으로 설명할 수 있어야 합니다. 실무에서는 대량 스트리밍, 이벤트 처리에서 시스템 안정성을 좌우합니다. 다만 리액티브 도입은 학습 비용이 크고, 블로킹 API가 섞이면 장점이 깨지므로 아키텍처 전반의 일관성이 필요합니다.		소비자 처리량에 맞춰 생산을 조절하는 메커니즘	TRUE	DB 트랜잭션을 강제로 커밋하는 기능	FALSE	HTTP 상태 코드를 자동 선택하는 기능	FALSE	JVM 힙을 자동 확장하는 기능	FALSE	reactive	backpressure	async	stream
Q171	@Transactional과 비동기(Async Transaction)		Backend - 비동기 처리	19	CHOICE	MEDIUM	@Async 메서드에서 트랜잭션이 호출자 트랜잭션과 분리되는 대표 이유는?	@Async는 다른 스레드에서 실행되므로, 호출자 스레드의 ThreadLocal 기반 트랜잭션 컨텍스트가 그대로 전달되지 않습니다. 그래서 호출자 트랜잭션과 독립적으로 동작하는 경우가 많습니다. 면접에서는 트랜잭션 컨텍스트가 어디에 저장되는지(ThreadLocal)로 이어질 수 있습니다. 실무에서는 “비동기에서 트랜잭션 기대”가 어긋나 데이터 일관성 문제가 생길 수 있어, 커밋 이후 이벤트 처리나 아웃박스 패턴 같은 설계를 고려합니다. 또한 비동기 작업이 실패했을 때 보상/재시도 전략도 필수입니다.		다른 스레드라 트랜잭션 컨텍스트가 전파되지 않아서	TRUE	비동기는 항상 트랜잭션을 공유하도록 JVM이 강제해서	FALSE	비동기면 DB가 자동으로 직렬화해서	FALSE	비동기면 CORS 정책이 변경되어서	FALSE	spring	async	transaction	threadlocal
Q172	@TransactionalEventListener 단계(Phase)		Backend - 비동기 처리	19	CHOICE	MEDIUM	트랜잭션 커밋 이후에 실행되도록 지정하는 단계(phase) 값으로 가장 올바른 것은?	TransactionPhase는 이벤트 리스너가 언제 실행될지 결정합니다. AFTER_COMMIT은 커밋이 성공적으로 끝난 뒤 실행되므로 “커밋된 사실”을 전제로 외부 부수 효과를 처리할 때 적합합니다. 면접에서는 AFTER_ROLLBACK, BEFORE_COMMIT 같은 다른 단계와 비교 질문이 나올 수 있습니다. 실무에서는 커밋 이후 메일 발송, 메시지 발행 등에서 흔히 쓰지만, 실패 시 재시도/보상 설계가 없으면 누락이 생길 수 있습니다. 또한 이벤트가 너무 많아지면 트랜잭션이 길어지거나 처리 지연이 생길 수 있어 비동기 분리도 고려해야 합니다.		AFTER_COMMIT	TRUE	BEFORE_COMMIT	FALSE	AFTER_ROLLBACK	FALSE	AFTER_COMPLETION	FALSE	spring	event	transaction	phase
Q173	CSRF(CSRF)		Backend - 인증/인가	18	CHOICE	MEDIUM	쿠키 기반 세션 인증에서 CSRF 방어가 중요한 핵심 이유로 가장 올바른 것은?	브라우저는 같은 사이트 쿠키를 자동으로 요청에 포함시키는 특성이 있습니다. 그래서 사용자가 로그인된 상태에서 악성 사이트가 요청을 유도하면 서버가 “정상 사용자 요청”으로 오해할 수 있습니다. 면접에서는 JWT를 헤더로 쓰는 경우와 비교해 CSRF 위험이 어떻게 달라지는지 질문이 나옵니다. 실무에서는 SameSite 쿠키 정책, CSRF 토큰, Referer/Origin 검증 등을 조합해 방어합니다. 또한 무조건 끄기보다는 인증 방식과 프론트 구조에 맞춰 정책을 설계해야 운영 사고가 줄어듭니다.		쿠키가 자동 첨부되어 요청 위조가 가능해지기 때문	TRUE	CSRF는 DB 인덱스 문제이기 때문	FALSE	CSRF는 JVM의 GC 설정이기 때문	FALSE	CSRF는 CORS와 동일한 개념이기 때문	FALSE	security	csrf	cookie	backend
Q174	세션(Session)		Backend - 인증/인가	18	CHOICE	MEDIUM	서버 세션 기반 인증에서 “세션 스토리지”가 필요한 이유로 가장 올바른 것은?	세션 기반 인증은 서버가 사용자 로그인 상태를 저장하고, 클라이언트는 세션 ID만 전달합니다. 서버는 세션 ID로 상태를 조회해야 하므로 메모리나 Redis 같은 세션 스토리지가 필요합니다. 면접에서는 “스케일 아웃 시 세션은 어떻게 할까”로 확장 질문이 매우 흔합니다. 실무에서는 로드 밸런서 스티키 세션으로 버티거나, Redis 같은 중앙 세션 저장소로 분리하거나, 아예 토큰 기반으로 전환하는 선택을 합니다. 또한 세션 고정 공격 방어, 만료 정책, 동시 로그인 정책도 함께 설계해야 안전합니다.		서버가 로그인 상태를 조회할 저장소가 필요해서	TRUE	브라우저가 쿠키를 저장 못해서	FALSE	DB가 트랜잭션을 지원 안 해서	FALSE	JVM이 스레드를 하나만 쓰기 위해서	FALSE	security	session	auth	backend
Q175	API 버저닝(API Versioning)		Backend - 아키텍처 패턴	20	CHOICE	MEDIUM	API 버전을 /v1 같은 경로로 관리할 때의 대표 장점으로 가장 올바른 것은?	경로 기반 버저닝은 라우팅과 문서화가 직관적입니다. 클라이언트가 어떤 버전을 쓰는지 URL만 봐도 알 수 있고, 게이트웨이/라우터 레벨에서 분기하기 쉽습니다. 면접에서는 헤더 기반 버저닝, 쿼리 파라미터 방식과 비교해 장단점을 묻습니다. 실무에서는 한 번 공개된 API는 깨지기 어렵기 때문에 버저닝 전략이 필수입니다. 다만 버전이 늘면 유지보수 비용이 증가하므로, 폐기 정책과 마이그레이션 가이드를 함께 운영해야 합니다.		라우팅과 문서화가 직관적이고 분기가 쉽다	TRUE	버전을 쓰면 테스트가 필요 없어진다	FALSE	버저닝을 하면 CORS가 자동 해결된다	FALSE	버저닝을 하면 DB 인덱스가 자동 생성된다	FALSE	api	versioning	architecture	springboot
Q176	Idempotency Key(멱등 키)		Backend - 웹 서버 기초	17	CHOICE	MEDIUM	결제 요청 같은 POST API를 “재시도해도 중복 처리되지 않게” 만들기 위한 대표 기법은?	POST는 본질적으로 멱등이 아닐 수 있어, 네트워크 재시도 시 중복 결제/중복 주문이 발생할 수 있습니다. 이를 막기 위해 Idempotency-Key를 받아 서버에서 요청을 식별하고 같은 키의 중복 요청을 한 번만 처리합니다. 면접에서는 왜 필요한지, 어디에 저장하고 만료를 어떻게 할지 질문이 나올 수 있습니다. 실무에서는 키 저장소(Redis/DB)와 응답 재사용 전략을 함께 설계해야 합니다. 또한 키가 유출되면 악용될 수 있으니 범위, 만료, 사용자 결합 정책도 중요합니다.		Idempotency Key를 사용해 중복 요청을 식별한다	TRUE	GC 튜닝을 하면 중복 결제가 사라진다	FALSE	CORS를 끄면 POST가 멱등이 된다	FALSE	@Primary를 붙이면 자동 멱등이 된다	FALSE	http	idempotency	post	springboot
Q177	Lombok 주의점(Lombok Pitfall)		언어 중심 - Java	94	CHOICE	MEDIUM	@EqualsAndHashCode를 엔티티에 적용할 때 가장 흔한 주의점으로 올바른 것은?	엔티티의 equals/hashCode에 연관 필드까지 포함시키면 순환 참조, 지연 로딩 트리거, 성능 문제 등이 생길 수 있습니다. 특히 컬렉션 연관은 equals 비교에서 폭발적으로 비용이 커질 수 있습니다. 면접에서는 엔티티 식별자 기반 equals 설계, 영속성 컨텍스트에서의 동일성 개념을 질문할 수 있습니다. 실무에서는 보통 비즈니스 키나 식별자 중심으로 제한하고, 연관 필드는 제외하는 것이 안전합니다. 또한 프록시 클래스와 equals 동작도 함께 고려해야 합니다.		연관 필드 포함 시 순환 참조와 지연 로딩 문제가 생길 수 있다	TRUE	Lombok을 쓰면 JPA가 동작하지 않는다	FALSE	Lombok은 런타임에만 동작해 컴파일이 필요 없다	FALSE	Lombok은 DB 트랜잭션을 자동으로 관리한다	FALSE	java	lombok	jpa	entity
Q178	@Data와 엔티티(@Data Entity)		언어 중심 - Java	94	CHOICE	MEDIUM	JPA 엔티티에 Lombok의 @Data를 무조건 적용하는 것을 주의해야 하는 대표 이유는?	@Data는 getter/setter, equals/hashCode, toString 등을 한 번에 생성합니다. 엔티티에서는 toString이 연관 필드를 타며 지연 로딩을 유발하거나 순환 참조를 만들 수 있고, equals/hashCode도 잘못 생성되면 컬렉션/프록시 문제를 일으킵니다. 면접에서는 “편리함 vs 도메인 안전성” 관점으로 설명하는지 봅니다. 실무에서는 @Getter + 필요한 setter만 제한적으로 제공하고, toString/equals는 명시적으로 설계하는 패턴이 더 안전합니다. 또한 무분별한 setter는 도메인 규칙을 깨뜨릴 수 있어 캡슐화 관점에서도 주의가 필요합니다.		자동 생성된 toString equals가 지연 로딩 순환 참조를 유발할 수 있다	TRUE	@Data는 컴파일을 불가능하게 만든다	FALSE	@Data는 HTTP 상태 코드를 바꾼다	FALSE	@Data는 CORS를 자동 설정한다	FALSE	java	lombok	entity	bestpractice
Q179	Jackson 날짜 포맷(LocalDateTime)		Backend - 언어 & 프레임워크	21	CHOICE	MEDIUM	LocalDateTime 직렬화가 기대와 다르게 숫자 배열로 내려올 때 가장 흔한 원인으로 올바른 것은?	Jackson은 Java Time 모듈이 제대로 등록되지 않으면 날짜 타입을 기본 방식으로 직렬화할 수 있습니다. 그 결과 문자열 포맷이 아니라 배열 또는 타임스탬프 형태로 보이는 일이 생깁니다. 면접에서는 ObjectMapper 설정과 모듈 등록(Jackson JavaTimeModule) 개념을 이해하는지 봅니다. 실무에서는 프론트 파싱 오류로 바로 이어지므로, API 응답의 날짜 포맷 정책(ISO-8601 등)을 명확히 정하고 테스트로 고정하는 것이 중요합니다. 또한 타임존 처리(KST/UTC) 정책까지 함께 맞추지 않으면 운영에서 날짜가 밀리는 사고가 발생할 수 있습니다.		Java Time 모듈 설정 누락 가능성이 크다	TRUE	HTTP Host 헤더가 잘못되었기 때문이다	FALSE	DB 인덱스가 부족하기 때문이다	FALSE	GC가 작동하지 않기 때문이다	FALSE	jackson	datetime	spring	api
Q180	@JsonIgnoreProperties(JsonIgnoreProperties)		Backend - 언어 & 프레임워크	21	CHOICE	MEDIUM	JSON에 DTO에 없는 필드가 포함되어 들어올 때 역직렬화 오류를 완화하는 대표 방법은?	외부 API나 버전 차이로 인해 알 수 없는 필드가 들어오는 상황이 흔합니다. Jackson은 설정에 따라 알 수 없는 필드를 에러로 처리할 수 있고, 이를 무시하도록 설정할 수 있습니다. 면접에서는 전역 설정과 클래스 단위 설정(@JsonIgnoreProperties)을 구분해 설명하는지 봅니다. 실무에서는 하위 호환을 위해 unknown 필드를 무시하는 정책을 쓰기도 하지만, 중요한 필드 변경을 놓치지 않도록 로그나 모니터링을 함께 두는 것이 좋습니다. 또한 무조건 무시하면 스펙 위반을 숨길 수 있어, API 계약에 따라 정책을 선택해야 합니다.		@JsonIgnoreProperties(ignoreUnknown=true)	TRUE	@EnableAsync	FALSE	@Profile	FALSE	@GetMapping	FALSE	jackson	json	dto	springboot
Q181	@RequestHeader(RequestHeader)		Backend - 웹 서버 기초	17	CHOICE	MEDIUM	커스텀 헤더(X-Trace-Id 등)를 컨트롤러 파라미터로 직접 받는 애노테이션은?	@RequestHeader는 HTTP 헤더 값을 컨트롤러 메서드 파라미터로 바인딩합니다. 추적 ID, 언어 설정, 토큰 등 헤더 기반 정보 처리에 사용됩니다. 면접에서는 @RequestParam, @PathVariable과의 구분을 정확히 하는지 봅니다. 실무에서는 필수 헤더 누락 시 400 처리, 기본값 제공, 그리고 로깅 연동(MDC) 같은 운영 포인트가 중요합니다. 또한 헤더 이름 표준화와 게이트웨이에서의 전달 정책을 맞추지 않으면 장애 분석이 어려워질 수 있습니다.		@RequestHeader	TRUE	@PathVariable	FALSE	@ModelAttribute	FALSE	@RequestBody	FALSE	spring	http	header	mvc
Q182	@PathVariable(Path Variable)		Backend - 웹 서버 기초	17	CHOICE	MEDIUM	URL 경로의 {id} 값을 컨트롤러 파라미터로 받는 방식으로 가장 올바른 것은?	@PathVariable은 REST에서 리소스 식별자를 경로에 포함시키는 패턴과 함께 자주 사용됩니다. 예를 들어 users/10에서 10을 id로 받는 방식입니다. 면접에서는 쿼리 파라미터와의 구분(리소스 식별 vs 필터링)을 묻는 경우가 많습니다. 실무에서는 타입 변환 실패 시 400이 날 수 있으니 입력 검증과 에러 응답을 잘 설계해야 합니다. 또한 경로 설계가 일관되면 API 사용성이 좋아지고 문서화도 쉬워집니다.		@PathVariable	TRUE	@RequestParam	FALSE	@RequestHeader	FALSE	@CookieValue	FALSE	spring	rest	path	backend
Q183	BeanPostProcessor(Bean Post Processor)		Backend - 언어 & 프레임워크	21	CHOICE	MEDIUM	스프링에서 빈 생성 후 프록시를 씌우거나 추가 처리를 할 수 있는 확장 포인트로 가장 가까운 것은?	BeanPostProcessor는 빈 초기화 전후에 후처리를 할 수 있는 확장 포인트입니다. AOP 프록시 적용도 이 과정에서 이루어질 수 있습니다. 면접에서는 BeanFactoryPostProcessor와 비교해 “정의 단계 vs 인스턴스 단계” 차이를 설명할 수 있어야 합니다. 실무에서는 자동 프록시, 공통 설정 주입, 라이브러리 확장 등에서 간접적으로 자주 만나며, 문제가 생기면 빈 생성 순서나 프록시 중첩 때문에 디버깅이 어려워질 수 있습니다. 따라서 기본 개념을 잡아두면 스프링 내부 동작을 이해하는 데 큰 도움이 됩니다.		BeanPostProcessor	TRUE	HandlerAdapter	FALSE	HttpMessageConverter	FALSE	EntityGraph	FALSE	spring	bean	postprocessor	aop
Q184	BeanFactoryPostProcessor(BeanFactoryPostProcessor)		Backend - 언어 & 프레임워크	21	CHOICE	MEDIUM	빈 인스턴스가 만들어지기 전에 “빈 정의(메타데이터)”를 수정하는 확장 포인트는?	BeanFactoryPostProcessor는 BeanDefinition 단계에서 개입해 정의를 수정할 수 있습니다. 즉 인스턴스 생성 전에 동작합니다. 면접에서는 BeanPostProcessor와의 차이를 구분하는 질문이 자주 나옵니다. 실무에서는 프로퍼티 치환, 조건부 등록, 설정 값 가공 등 프레임워크/라이브러리에서 많이 활용됩니다. 애플리케이션 개발자는 직접 구현할 일은 적지만, 스프링 부트 자동 구성 문제를 디버깅할 때 이 단계의 개념이 있으면 이해가 빨라집니다.		BeanFactoryPostProcessor	TRUE	ApplicationRunner	FALSE	CommandLineRunner	FALSE	RestTemplate	FALSE	spring	beandefinition	postprocessor	backend
Q185	@Configuration(proxyBeanMethods)		Backend - 언어 & 프레임워크	21	CHOICE	MEDIUM	@Configuration 클래스가 CGLIB 프록시로 강화되는 주된 이유로 가장 올바른 것은?	@Configuration은 @Bean 메서드를 싱글톤처럼 보장하기 위해 프록시로 강화됩니다. 같은 @Bean 메서드를 여러 번 호출해도 컨테이너의 동일 빈을 반환하도록 만드는 장치입니다. 면접에서는 “왜 @Component에서 @Bean 쓰는 것과 @Configuration이 다르냐”로 확장될 수 있습니다. 실무에서는 proxyBeanMethods=false로 바꾸면 성능은 좋아질 수 있지만, 메서드 간 @Bean 호출이 있을 때 의도와 달라질 수 있어 주의가 필요합니다. 따라서 설정 클래스 설계 패턴에 따라 옵션을 선택해야 합니다.		@Bean 메서드의 싱글톤 보장을 위해서	TRUE	트랜잭션 격리 수준을 올리기 위해서	FALSE	CORS를 자동 설정하기 위해서	FALSE	GC를 줄이기 위해서	FALSE	spring	configuration	proxy	bean
Q186	@ConfigurationProperties(Configuration Properties)		Backend - 언어 & 프레임워크	21	CHOICE	MEDIUM	application.yml 값을 타입 안전하게 객체로 바인딩할 때 가장 적절한 기능은?	@ConfigurationProperties는 설정 값을 객체로 바인딩해 타입 안정성과 가독성을 높입니다. @Value를 여러 개 쓰는 방식보다 구조화된 설정에 유리합니다. 면접에서는 prefix 기반 바인딩과 검증(@Validated) 적용 가능성을 질문할 수 있습니다. 실무에서는 외부 API 설정, 스레드풀 설정, 기능 플래그처럼 설정이 커질수록 ConfigurationProperties가 유지보수에 유리합니다. 또한 설정 변경 시 스키마처럼 관리할 수 있어 운영에서 실수를 줄일 수 있습니다.		@ConfigurationProperties	TRUE	@RequestBody	FALSE	@ControllerAdvice	FALSE	@EnableJpaRepositories	FALSE	springboot	config	properties	backend
Q187	@Value와 @ConfigurationProperties 차이		Backend - 언어 & 프레임워크	21	CHOICE	MEDIUM	다수의 관련 설정을 묶어 관리할 때 @Value보다 @ConfigurationProperties가 유리한 이유로 가장 올바른 것은?	@Value는 단일 값 주입에는 편하지만, 설정이 많아지면 흩어지고 타입 변환/기본값 관리가 어려워집니다. @ConfigurationProperties는 설정을 한 객체로 묶어 prefix 기반으로 구조화할 수 있어 유지보수가 좋습니다. 면접에서는 설정 검증과 바인딩 실패 시점(부팅 시점 오류)을 설명하면 좋습니다. 실무에서는 설정 오타를 런타임이 아니라 부팅 시점에 잡는 것이 큰 장점입니다. 또한 IDE 자동 완성과 문서화에도 도움이 됩니다.		구조화된 바인딩과 타입 안정성 검증에 유리하다	TRUE	@Value는 운영에서만 동작하고 개발에서는 안 된다	FALSE	@Value는 트랜잭션을 자동 생성한다	FALSE	@ConfigurationProperties는 JSON 직렬화 도구다	FALSE	springboot	config	value	properties
Q188	Log Correlation(MDC)		Backend - 웹 서버 기초	17	CHOICE	MEDIUM	요청 단위로 traceId를 로그에 자동 포함시키는 데 자주 쓰는 기술 조합은?	MDC는 ThreadLocal 기반으로 로그 컨텍스트 값을 저장해 로그 패턴에 포함시킬 수 있습니다. 보통 필터나 인터셉터에서 traceId를 생성해 MDC에 넣고, 요청 종료 시 제거합니다. 면접에서는 ThreadLocal과 스레드풀 재사용에서 remove가 왜 중요한지까지 설명하면 좋습니다. 실무에서는 분산 추적(Zipkin, Jaeger)과 함께 쓰면 장애 분석 속도가 크게 올라갑니다. 다만 비동기 실행이나 WebFlux처럼 스레드 모델이 바뀌면 MDC 전파 전략이 달라져 추가 설계가 필요합니다.		MDC를 필터나 인터셉터에서 설정하고 요청 종료 시 제거한다	TRUE	DTO에 traceId 필드를 추가하면 자동으로 로그에 찍힌다	FALSE	GC 튜닝을 하면 traceId가 자동 생성된다	FALSE	DB 인덱스를 만들면 로그 상관관계가 생긴다	FALSE	logging	mdc	trace	backend
Q189	@Transactional과 격리 수준(Isolation)		Backend - 언어 & 프레임워크	21	CHOICE	MEDIUM	트랜잭션 격리 수준이 높아질수록 일반적으로 증가하는 비용은?	격리 수준이 높아질수록 더 강한 일관성을 제공하지만, 그만큼 락 경합과 대기 시간이 늘어날 수 있습니다. 면접에서는 일관성과 성능의 트레이드오프를 설명하는지 봅니다. 실무에서는 격리 수준을 올리기 전에 트랜잭션 범위(시간)와 쿼리 패턴을 먼저 점검하는 것이 일반적입니다. 또한 인덱스가 없으면 락 범위가 커져 대기가 더 심해질 수 있어 스키마 설계와도 연결됩니다. 결국 격리 수준 조정은 단독 해법이 아니라 종합 튜닝의 일부입니다.		락 경합과 대기 시간 같은 성능 비용	TRUE	HTTP 응답 압축 비용	FALSE	JVM 클래스 로딩 시간	FALSE	CORS 프리플라이트 횟수	FALSE	transaction	isolation	lock	backend
Q190	서킷 브레이커(Circuit Breaker)		Backend - 아키텍처 패턴	20	CHOICE	MEDIUM	서킷 브레이커 패턴의 핵심 목적에 가장 가까운 것은?	서킷 브레이커는 장애가 난 의존 서비스를 계속 호출해 연쇄 실패가 발생하는 것을 막습니다. 일정 임계치 이상 실패하면 호출을 차단하고, 회복 여부를 탐지한 뒤 점진적으로 트래픽을 재개합니다. 면접에서는 타임아웃, 재시도, 벌크헤드와 함께 회복탄력성 패턴으로 묶어 질문이 자주 나옵니다. 실무에서는 외부 API, 다른 마이크로서비스 호출에서 장애 전파를 막는 데 매우 중요합니다. 다만 임계치 설정이 과하면 정상도 막고, 약하면 효과가 없으므로 관측 지표 기반 튜닝이 필요합니다.		연쇄 실패를 막기 위해 장애 의존 호출을 차단한다	TRUE	DB 스키마를 자동 마이그레이션한다	FALSE	JSON 직렬화 성능을 항상 2배로 만든다	FALSE	JVM 스레드 수를 자동으로 늘린다	FALSE	resilience	circuitbreaker	architecture	springboot
Q191	타임아웃(Timeout)		Backend - 웹 서버 기초	17	CHOICE	MEDIUM	외부 API 호출에서 타임아웃을 설정해야 하는 대표 이유로 가장 올바른 것은?	타임아웃이 없으면 느린 의존성 때문에 스레드가 오래 점유되어 서비스 전체가 병목에 빠질 수 있습니다. 면접에서는 “타임아웃은 기본값이 아니라 필수”라는 운영 관점을 자주 확인합니다. 실무에서는 커넥션 타임아웃과 read 타임아웃을 구분해 설정하고, 재시도 정책과 함께 설계해야 효과적입니다. 또한 타임아웃이 곧 실패가 아니라 “빠른 실패”를 통해 시스템을 보호하는 전략이라는 점이 중요합니다. 특히 서킷 브레이커와 결합하면 장애 전파를 크게 줄일 수 있습니다.		느린 의존성으로 스레드 점유가 길어지는 것을 막기 위해	TRUE	타임아웃은 보안을 위해 JWT를 암호화하기 위해서	FALSE	타임아웃은 DB 인덱스를 생성하기 위해서	FALSE	타임아웃은 GC를 줄이기 위해서	FALSE	backend	timeout	resilience	springboot
Q192	재시도(Retry)		Backend - 아키텍처 패턴	20	CHOICE	MEDIUM	재시도 정책을 잘못 설계했을 때 발생 가능한 대표 위험은?	재시도는 일시적 장애에는 도움이 되지만, 실패가 지속되는 상황에서는 트래픽을 더 늘려 장애를 악화시킬 수 있습니다. 또한 멱등하지 않은 API에 무분별한 재시도를 하면 중복 처리(중복 결제)가 발생할 수 있습니다. 면접에서는 백오프, 지터, 최대 횟수 제한을 함께 말할 수 있어야 합니다. 실무에서는 재시도는 타임아웃, 서킷 브레이커, 멱등 키와 한 세트로 설계해야 안전합니다. 특히 피크 시간에 재시도가 폭발하면 DB와 외부 API 모두를 동시에 죽일 수 있어 주의가 필요합니다.		장애를 악화시키거나 멱등성 문제로 중복 처리가 생길 수 있다	TRUE	재시도를 하면 항상 응답 시간이 줄어든다	FALSE	재시도는 트랜잭션 격리 수준을 올려준다	FALSE	재시도는 CORS 오류를 자동 해결한다	FALSE	retry	resilience	idempotency	springboot
Q193	Bulkhead(벌크헤드)		Backend - 아키텍처 패턴	20	CHOICE	MEDIUM	벌크헤드 패턴의 핵심 아이디어로 가장 올바른 것은?	벌크헤드는 리소스를 격리해 한 부분의 장애가 전체로 번지는 것을 막는 패턴입니다. 예를 들어 외부 API별로 스레드풀을 분리하거나, 큐를 분리해 특정 의존성 지연이 전체 스레드를 잠식하지 않도록 합니다. 면접에서는 서킷 브레이커와의 차이(차단 vs 격리)를 묻기도 합니다. 실무에서는 서비스가 여러 외부 의존성을 가질 때 효과가 크며, 스레드풀 크기와 큐 용량을 잘못 잡으면 오히려 처리량이 줄 수 있어 지표 기반 튜닝이 필요합니다. 결국 격리는 운영 안정성의 핵심 설계 포인트입니다.		리소스를 격리해 장애 전파를 막는다	TRUE	모든 요청을 하나의 큐로 합쳐 처리한다	FALSE	DB 스키마를 분리하지 않으면 적용할 수 없다	FALSE	JVM 버전에 따라 자동 적용된다	FALSE	resilience	bulkhead	architecture	springboot
Q194	JPA 영속성 컨텍스트(1차 캐시)		Backend - 언어 & 프레임워크	21	CHOICE	MEDIUM	같은 트랜잭션 안에서 동일 엔티티를 두 번 find 했는데 쿼리가 한 번만 나가는 대표 이유는?	영속성 컨텍스트는 1차 캐시를 가지고 있어 같은 식별자의 엔티티는 재사용합니다. 그래서 첫 조회 후에는 캐시에 있는 엔티티를 반환해 DB 조회를 줄입니다. 면접에서는 1차 캐시와 2차 캐시를 구분해 설명하는 질문이 나옵니다. 실무에서는 이 특성 때문에 같은 트랜잭션 안에서의 조회는 빠르지만, 트랜잭션 범위를 크게 잡으면 메모리 점유가 늘 수 있습니다. 또한 변경 감지와 함께 동작하므로, 엔티티를 많이 로드하는 배치 작업에서는 성능과 메모리 관리(flush clear)가 중요해집니다.		영속성 컨텍스트 1차 캐시로 같은 엔티티를 재사용해서	TRUE	DB가 자동으로 중복 쿼리를 제거해서	FALSE	HTTP 캐시가 자동 적용되어서	FALSE	JVM이 SQL을 합쳐 실행해서	FALSE	jpa	persistence	cache	springboot
Q195	detach와 clear(detach clear)		Backend - 언어 & 프레임워크	21	CHOICE	MEDIUM	JPA에서 영속성 컨텍스트를 비워 메모리 사용을 줄이는 대표 작업은?	대량 처리에서 영속성 컨텍스트에 엔티티가 쌓이면 메모리 사용량이 늘고 더티 체킹 비용도 커집니다. 이때 flush로 DB 반영을 하고, clear로 컨텍스트를 비워 관리하는 패턴이 흔합니다. 면접에서는 detach와 clear의 차이(개별 vs 전체)를 물을 수 있습니다. 실무에서는 배치 작업에서 주기적으로 flush clear를 수행해 OutOfMemory와 성능 저하를 방지합니다. 또한 clear 후에는 엔티티가 준영속 상태가 되어 추가 변경이 자동 반영되지 않으니 흐름을 정확히 설계해야 합니다.		clear로 컨텍스트를 비우거나 flush 후 clear를 사용한다	TRUE	@EnableAsync를 추가한다	FALSE	OSIV를 켠다	FALSE	@CrossOrigin을 붙인다	FALSE	jpa	flush	batch	springboot
Q196	@Transactional과 테스트 롤백(Test Rollback)		Backend - 테스트	22	CHOICE	MEDIUM	스프링 테스트에서 메서드에 @Transactional을 붙였을 때 흔히 기대할 수 있는 동작은?	스프링 테스트는 기본적으로 테스트 트랜잭션을 열고 종료 시 롤백하는 패턴이 흔합니다. 그래서 DB에 데이터를 넣어도 테스트가 끝나면 정리되는 효과를 얻습니다. 면접에서는 언제 커밋이 필요한지(@Commit, @Rollback(false))를 묻기도 합니다. 실무에서는 테스트 격리를 유지해 데이터 오염을 막는 데 큰 도움이 됩니다. 다만 테스트가 트랜잭션에 의존하면 실제 운영 흐름과 차이가 생길 수 있어, 통합 테스트와의 균형이 중요합니다.		테스트 종료 시 롤백되어 데이터가 남지 않는 경우가 많다	TRUE	항상 자동 커밋되어 데이터가 영구 저장된다	FALSE	DB 연결이 전혀 필요 없다	FALSE	JVM이 테스트를 병렬로 강제 실행한다	FALSE	test	transaction	rollback	spring
Q197	Mockito Stub과 Verify(Stub Verify)		Backend - 테스트	22	CHOICE	MEDIUM	Mockito에서 when thenReturn이 하는 역할로 가장 올바른 것은?	when thenReturn은 특정 메서드 호출에 대해 원하는 반환값을 미리 정의(stub)합니다. 이를 통해 외부 의존을 고정하고, 단위 테스트를 결정적으로 만들 수 있습니다. 면접에서는 stub과 verify의 차이를 구분해 설명할 수 있어야 합니다. 실무에서는 stub을 과도하게 하면 구현에 종속된 테스트가 될 수 있어, 핵심 입력 출력과 중요한 상호작용만 검증하는 균형이 필요합니다. 또한 null 반환이나 예외 발생 시나리오도 함께 테스트해 장애 대응력을 높이는 것이 좋습니다.		메서드 호출에 대한 반환값을 미리 정의한다	TRUE	실제 DB를 컨테이너로 띄운다	FALSE	HTTP 서버를 랜덤 포트로 띄운다	FALSE	트랜잭션 격리 수준을 조정한다	FALSE	test	mockito	stub	java
Q198	테스트 더블(Test Double)		Backend - 테스트	22	CHOICE	MEDIUM	단위 테스트에서 외부 시스템 호출을 대체하기 위한 객체를 통칭하는 용어는?	테스트 더블은 실제 의존성을 대체하는 객체들의 총칭입니다. 더미, 스텁, 목, 페이크, 스파이 등 다양한 형태가 있으며 목적이 조금씩 다릅니다. 면접에서는 “mock은 검증 중심, stub은 응답 제공 중심” 같은 구분을 요구할 수 있습니다. 실무에서는 외부 API나 DB 호출을 단위 테스트에서 직접 때리면 느리고 flaky해지므로, 테스트 더블로 격리하는 것이 기본입니다. 다만 통합 테스트로 실제 연동도 반드시 보완해야 품질이 유지됩니다. 결국 단위 테스트와 통합 테스트는 상호 보완 관계입니다.		테스트 더블(Test Double)	TRUE	스레드 로컬(ThreadLocal)	FALSE	프리플라이트(Preflight)	FALSE	빈 스코프(Bean Scope)	FALSE	test	doubled	mock	java
Q199	제네릭 타입 소거(Type Erasure)		언어 중심 - Java	94	CHOICE	MEDIUM	자바 제네릭의 타입 소거에 대한 설명으로 가장 올바른 것은?	자바 제네릭은 컴파일 타임에 타입 안정성을 제공하지만 런타임에는 타입 정보가 대부분 소거됩니다. 그래서 런타임에 List과 List를 구분하는 직접적인 타입 정보가 남지 않습니다. 이 때문에 new T() 같은 코드가 불가능하고, instanceof List 같은 체크도 제한됩니다. 면접에서는 타입 소거가 리플렉션, 오버로딩, 브리지 메서드에 어떤 영향을 주는지 연결 질문이 나옵니다. 실무에서는 제네릭을 사용하는 라이브러리에서 타입 토큰, Class, ParameterizedType 등을 이용해 타입 정보를 보완하는 패턴이 자주 쓰입니다.		제네릭 타입 인자는 컴파일 후 런타임에 대부분 소거된다	TRUE	제네릭은 런타임에도 타입 인자를 완전히 보존한다	FALSE	제네릭은 JVM 바이트코드 수준에서만 동작하고 컴파일러는 관여하지 않는다	FALSE	제네릭을 쓰면 오토박싱이 비활성화되어 성능이 항상 좋아진다	FALSE	java	generics	compiler	typeerasure
Q200	스프링 비동기 처리(Async)		Backend - 비동기 처리	19	CHOICE	MEDIUM	같은 클래스 내부에서 메서드를 직접 호출하면 @Async가 동작하지 않는 주된 이유는?	스프링의 @Async는 AOP 프록시 기반으로 동작하는 기능입니다. 프록시를 거쳐 호출될 때 인터셉터가 비동기 실행으로 라우팅하지만, 같은 클래스 내부에서 this로 직접 호출하면 프록시를 우회하게 됩니다. 그 결과 실제 스레드풀로 위임되지 않고 동기 실행처럼 동작할 수 있습니다. 면접에서는 프록시 방식의 한계, self invocation 문제, 해결 방법까지 자주 묻습니다. 실무에서는 별도 빈으로 분리하거나 자기 자신 프록시를 주입받는 방식 등을 사용하며, 스레드풀 설정과 예외 처리도 함께 설계해야 합니다.		프록시를 우회하는 자기 호출이라 AOP 인터셉트가 적용되지 않기 때문	TRUE	@Async는 private 메서드에서만 동작하도록 설계되었기 때문	FALSE	@Async는 반환 타입이 void일 때만 동작하기 때문	FALSE	@Async는 트랜잭션이 없으면 무조건 비활성화되기 때문	FALSE	spring	async	aop	threadpool
Q201	빈 라이프사이클(Bean Lifecycle)		Backend - 언어 & 프레임워크	21	CHOICE	MEDIUM	@PostConstruct 메서드가 호출되는 시점으로 가장 올바른 것은?	@PostConstruct는 빈 초기화 단계에서 의존성 주입이 완료된 이후에 호출됩니다. 즉 생성자 실행 후, 필드나 생성자 기반 주입이 끝난 상태에서 초기화 로직을 수행하기 적절합니다. 이 시점에는 다른 빈 참조가 가능하지만, 프록시 적용이나 애플리케이션 완전 기동과는 구분해야 합니다. 면접에서는 InitializingBean, initMethod, destroyMethod와 비교 질문이 자주 나옵니다. 실무에서는 외부 리소스 연결, 캐시 워밍업 등을 넣되 실패 시 애플리케이션 기동 실패로 이어질 수 있으니 예외 처리 전략이 중요합니다.		의존성 주입이 완료된 뒤 초기화 단계에서 호출된다	TRUE	JVM이 클래스 로딩을 끝내면 즉시 호출된다	FALSE	트랜잭션이 커밋된 뒤에만 호출된다	FALSE	HTTP 요청이 처음 들어올 때만 호출된다	FALSE	spring	bean	lifecycle	postconstruct
Q202	자동 구성(Auto Configuration)		Backend - 언어 & 프레임워크	21	CHOICE	MEDIUM	Spring Boot 자동 설정이 동작하는 핵심 특징으로 가장 올바른 것은?	Spring Boot 자동 설정은 클래스패스에 존재하는 라이브러리와 설정 값에 따라 필요한 빈을 조건부로 등록합니다. 이를 위해 Conditional 계열 애노테이션이 폭넓게 사용되며, 개발자는 최소 설정으로 빠르게 구동할 수 있습니다. 자동 설정은 편리하지만 의도치 않은 빈 충돌이나 설정 누락이 발생할 수 있어 동작 원리를 알아야 합니다. 면접에서는 어떤 조건에서 어떤 빈이 등록되는지, 디버깅 방법을 물어보는 경우가 많습니다. 실무에서는 조건 평가 리포트, 로그, Actuator 등을 활용해 자동 구성 결과를 확인하는 습관이 중요합니다.		클래스패스와 설정에 따라 조건부로 빈을 자동 등록한다	TRUE	모든 라이브러리를 항상 강제로 빈으로 등록한다	FALSE	컨트롤러를 작성하지 않아도 자동으로 화면 HTML을 생성한다	FALSE	DB 테이블을 자동 생성하면 자동 설정이 완료된다	FALSE	springboot	autoconfig	conditional	backend
Q203	DispatcherServlet(Dispatcher Servlet)		Backend - 언어 & 프레임워크	21	CHOICE	MEDIUM	Spring MVC에서 DispatcherServlet이 컨트롤러를 찾기 위해 사용하는 컴포넌트는?	DispatcherServlet은 프론트 컨트롤러로서 모든 웹 요청의 진입점 역할을 합니다. 요청을 받으면 HandlerMapping을 통해 어떤 핸들러가 처리할지 찾고, HandlerAdapter를 통해 실제 호출을 수행합니다. 이후에는 반환 타입에 따라 ViewResolver나 HttpMessageConverter가 응답을 구성합니다. 면접에서는 전체 흐름을 단계별로 설명할 수 있는지 자주 확인합니다. 실무에서는 인터셉터, 필터, 예외 처리, 메시지 컨버터 설정이 이 흐름에 영향을 주므로 문제 발생 시 어느 단계에서 깨지는지 로그로 추적하는 능력이 중요합니다.		HandlerMapping	TRUE	ViewResolver	FALSE	LocaleResolver	FALSE	HttpSession	FALSE	spring	mvc	dispatcher	handlermapping
Q204	트랜잭션 롤백 규칙(Transactional Rollback)		Backend - 언어 & 프레임워크	21	CHOICE	MEDIUM	Spring @Transactional에서 기본적으로 롤백을 트리거하는 예외로 가장 올바른 것은?	스프링 트랜잭션은 예외 타입에 따라 커밋 또는 롤백을 결정합니다. 기본 규칙은 RuntimeException 계열과 Error 발생 시 롤백하는 것입니다. Checked Exception은 기본적으로 롤백하지 않으므로 필요하면 rollbackFor로 명시해야 합니다. 면접에서는 왜 checked 예외는 기본 롤백이 아닌지, 설계 의도를 설명하는 질문이 자주 나옵니다. 실무에서는 예외 계층을 정리하고, 롤백 기준을 팀 규약으로 맞추지 않으면 데이터 불일치나 숨은 커밋이 발생할 수 있어 주의가 필요합니다.		RuntimeException과 Error	TRUE	모든 Checked Exception	FALSE	모든 Exception	FALSE	NullPointerException만	FALSE	spring	transaction	rollback	exception
Q205	영속성 컨텍스트(Persistence Context)		Backend - 언어 & 프레임워크	21	CHOICE	MEDIUM	JPA에서 엔티티 수정 후 save를 호출하지 않아도 UPDATE가 발생할 수 있는 이유로 가장 올바른 것은?	JPA는 영속성 컨텍스트가 관리하는 엔티티의 변경을 추적하는 더티 체킹 기능을 제공합니다. 트랜잭션 커밋 시점 또는 flush 시점에 스냅샷과 현재 값을 비교해 변경이 있으면 UPDATE를 생성합니다. 따라서 영속 상태의 엔티티를 조회한 뒤 필드만 바꿔도 저장 로직이 동작할 수 있습니다. 면접에서는 영속, 준영속, 비영속 상태와 flush 타이밍을 함께 묻는 경우가 많습니다. 실무에서는 불필요한 변경 감지를 줄이기 위해 읽기 전용 트랜잭션, DTO 조회, 명확한 변경 범위 관리가 중요합니다.		영속성 컨텍스트의 더티 체킹과 flush로 변경이 반영되기 때문	TRUE	JPA는 항상 모든 조회 뒤에 자동으로 save를 호출하기 때문	FALSE	엔티티의 setter가 호출되면 즉시 DB에 반영되기 때문	FALSE	인덱스가 있으면 UPDATE가 자동 생성되기 때문	FALSE	spring	auth	filter	backend
Q206	스프링 시큐리티 필터 체인(Security Filter Chain)		Backend - 인증/인가	18	CHOICE	MEDIUM	Spring Security에서 인증과 인가 처리가 주로 수행되는 위치로 가장 올바른 것은?	Spring Security는 서블릿 필터 체인을 기반으로 요청을 가로채 보안 처리를 수행합니다. 일반적으로 DispatcherServlet에 도달하기 전에 인증과 인가 관련 필터들이 동작합니다. 이 구조 덕분에 컨트롤러 로직과 보안 로직을 분리하고 일관된 정책을 적용할 수 있습니다. 면접에서는 Authentication과 Authorization의 차이, SecurityContext 저장 위치 같은 질문이 자주 나옵니다. 실무에서는 필터 순서, 예외 처리 엔트리포인트, 세션과 토큰 방식 차이를 정확히 이해해야 예상치 못한 401 403 문제를 빠르게 해결할 수 있습니다.		SecurityFilterChain의 필터 단계에서 수행된다	TRUE	JPA 영속성 컨텍스트에서 수행된다	FALSE	Controller 메서드 내부에서만 수행된다	FALSE	DB 트리거에서 수행된다	FALSE	spring	mvc	slice	mockmvc
Q207	스프링 테스트 슬라이스(Test Slices)		Backend - 테스트	22	CHOICE	MEDIUM	컨트롤러 레이어만 빠르게 검증하고 싶을 때 가장 적절한 테스트 애노테이션은?	테스트 슬라이스는 필요한 레이어만 로딩해 테스트 속도를 높이고 범위를 명확히 하는 전략입니다. @WebMvcTest는 MVC 구성 요소 중심으로 컨텍스트를 로딩하여 컨트롤러, 필터 일부, 메시지 컨버터 등을 빠르게 테스트할 수 있습니다. 반면 @SpringBootTest는 전체 애플리케이션 컨텍스트를 올려 통합 테스트에 적합하지만 상대적으로 느릴 수 있습니다. 면접에서는 단위 테스트와 통합 테스트의 균형, MockMvc 사용 이유를 묻는 경우가 많습니다. 실무에서는 테스트 범위를 명확히 나누고, 슬라이스 테스트에 필요한 의존성은 MockBean으로 대체해 유지보수성과 실행 시간을 함께 관리하는 것이 중요합니다.		@WebMvcTest	TRUE	@SpringBootTest	FALSE	@DataJpaTest	FALSE	@Transactional	FALSE	jpa	nplus1	fetchjoin	springboot
Q208	N+1 문제(N plus 1 Problem)		Backend - 언어 & 프레임워크	21	CHOICE	HARD	JPA에서 N+1 문제를 완화하거나 해결하는 방법으로 가장 적절한 것은?	N+1은 연관 관계를 지연 로딩으로 조회할 때, 부모 1번 조회 후 자식이 N번 추가 조회되는 성능 문제입니다. 데이터가 늘어날수록 쿼리 수가 급증해 지연과 DB 부하가 크게 증가합니다. 대표 해결책은 JPQL fetch join이나 EntityGraph로 한 번에 필요한 연관을 가져오는 것입니다. 면접에서는 왜 발생하는지, EAGER로 바꾸면 해결되는지 같은 함정 질문이 자주 나옵니다. 실무에서는 화면 요구사항에 맞춘 조회 전용 쿼리, 배치 사이즈, DTO 프로젝션 등을 조합해 트래픽과 데이터 규모에 맞게 튜닝해야 합니다.		JPQL fetch join 등을 사용해 연관 데이터를 한 번에 로딩한다	TRUE	테이블에 인덱스만 추가하면 쿼리 수가 자동으로 줄어든다	FALSE	모든 연관 관계를 EAGER로 바꾸면 항상 최적이다	FALSE	트랜잭션을 제거하면 추가 쿼리가 사라진다	FALSE	jpa	nplus1	fetchjoin	springboot
Q209	happens before(happens before)		언어 중심 - Java	94	CHOICE	HARD	Java Memory Model에서 happens before를 가장 정확히 설명한 것은?	happens before는 한 동작의 결과가 다른 동작에서 반드시 관측되는 순서를 의미합니다. 단순한 실행 순서가 아니라 가시성과 재정렬 허용 범위를 규정하는 규칙입니다. volatile write와 이후의 volatile read 사이에는 happens before가 성립해 값이 전파됩니다. synchronized의 unlock과 같은 모니터에 대한 다음 lock 사이에도 happens before가 성립합니다. 면접에서는 sleep이나 yield 같은 시간 지연이 happens before를 보장하지 않는다는 점을 구분하는지 자주 확인합니다.		메모리 가시성과 순서 보장을 규정하는 관계다	TRUE	스레드가 CPU를 더 오래 쓰게 하는 스케줄링 힌트다	FALSE	GC가 객체를 회수하는 우선순위 규칙이다	FALSE	예외가 발생하면 항상 롤백되는 규칙이다	FALSE	java	jmm	concurrency	visibility
Q210	CAS(Compare And Swap)		언어 중심 - Java	94	CHOICE	HARD	AtomicInteger 증가가 락 없이 안전할 수 있는 핵심 이유로 가장 올바른 것은?	AtomicInteger는 내부적으로 CAS 기반 원자 연산을 사용해 경쟁 상황에서도 값을 안전하게 갱신합니다. CAS는 기대값과 현재값을 비교해 같을 때만 새 값으로 교체하며 실패하면 재시도합니다. 이 방식은 모니터 락 없이도 원자성을 제공할 수 있지만, 경쟁이 심하면 스핀 재시도로 CPU를 많이 쓸 수 있습니다. 면접에서는 원자성과 가시성, 그리고 경쟁 시 성능 특성까지 함께 설명할 수 있는지 봅니다. 실무에서는 카운터처럼 단순 연산에는 좋지만 복합 불변식이 있으면 락이나 더 높은 수준의 동기화가 필요합니다.		비교 후 교체를 원자적으로 수행해 재시도로 일관성을 보장한다	TRUE	volatile만 붙이면 모든 복합 연산이 원자적이 된다	FALSE	synchronized는 가시성만 보장하고 원자성은 보장하지 않는다	FALSE	try catch로 감싸면 경합이 사라진다	FALSE	java	cas	atomic	concurrency
Q211	ABA 문제(ABA Problem)		언어 중심 - Java	94	CHOICE	HARD	CAS 기반 알고리즘에서 ABA 문제가 의미하는 것으로 가장 올바른 것은?	ABA는 값이 A에서 B로 바뀌었다가 다시 A로 돌아오면 CAS가 변화가 없었다고 오판할 수 있는 문제입니다. 포인터나 참조 기반 구조에서 특히 위험하며, 중간 변화가 중요한 의미를 가질 수 있습니다. 면접에서는 AtomicStampedReference 같은 버전 표식을 통한 해결책을 알고 있는지 확인합니다. 실무에서는 lock free 자료구조나 스택 구현에서 ABA가 데이터 손상으로 이어질 수 있어 주의가 필요합니다. 단순 숫자 카운터에는 덜하지만 참조 교체에서는 중요한 위험 요소입니다.		값이 A에서 B로 변했다가 다시 A로 돌아오면 변화를 놓치는 문제다	TRUE	트랜잭션이 두 번 커밋되는 문제다	FALSE	GC가 객체를 두 번 회수하는 문제다	FALSE	CORS 프리플라이트가 중복 발생하는 문제다	FALSE	java	cas	aba	lockfree
Q212	RejectedExecutionHandler(RejectedExecutionHandler)		Backend - 비동기 처리	19	CHOICE	HARD	ThreadPoolTaskExecutor가 포화 상태일 때 발생하는 동작을 제어하는 요소는?	스레드풀은 최대 스레드 수와 큐 용량이 한계에 도달하면 새 작업을 더 받지 못합니다. 이때 어떤 처리를 할지 결정하는 것이 거부 정책이며, 자바에서는 RejectedExecutionHandler로 표현됩니다. 면접에서는 AbortPolicy, CallerRunsPolicy 같은 정책 차이를 운영 관점에서 설명할 수 있어야 합니다. 실무에서는 무작정 큐를 크게 키우면 지연이 누적되고 타임아웃이 연쇄적으로 발생할 수 있습니다. 따라서 거부 정책과 모니터링, 백프레셔 설계를 함께 가져가는 것이 중요합니다.		RejectedExecutionHandler로 거부 정책을 정의한다	TRUE	ObjectMapper로 작업 큐 정책을 설정한다	FALSE	EntityManager로 스레드풀 크기를 자동 조절한다	FALSE	DispatcherServlet이 포화 시 작업을 저장한다	FALSE	spring	async	threadpool	backpressure
Q213	thenCompose(thenCompose)		언어 중심 - Java	94	CHOICE	HARD	CompletableFuture에서 thenApply와 thenCompose의 차이를 가장 정확히 설명한 것은?	thenApply는 값을 변환해 새로운 CompletableFuture를 만들며, 함수가 또 다른 CompletableFuture를 반환하면 중첩 구조가 생길 수 있습니다. thenCompose는 반환된 CompletableFuture를 평탄화해 비동기 단계를 자연스럽게 연결합니다. 면접에서는 비동기 호출 체이닝에서 중첩을 피하려면 thenCompose를 써야 한다는 점을 자주 확인합니다. 실무에서는 외부 API 호출 결과로 다시 비동기 호출을 이어갈 때 thenCompose를 쓰지 않으면 관리가 어려운 중첩이 생깁니다. 또한 예외 처리 위치가 꼬일 수 있어 조합 연산자의 의미를 정확히 이해해야 합니다.		thenCompose는 CompletableFuture 중첩을 평탄화한다	TRUE	thenApply는 항상 병렬 실행을 보장한다	FALSE	thenCompose는 블로킹으로만 동작한다	FALSE	thenApply는 예외를 절대 전파하지 않는다	FALSE	java	async	completablefuture	compose
Q214	프록시와 final 메서드(final proxy)		Backend - 언어 & 프레임워크	21	CHOICE	HARD	스프링 AOP 기반 @Transactional이 final 메서드에서 기대대로 동작하지 않을 수 있는 대표 이유는?	스프링은 프록시를 통해 트랜잭션 경계를 적용하는 경우가 많습니다. CGLIB 프록시는 상속 기반으로 메서드를 오버라이드해 어드바이스를 적용하는데, final 메서드는 오버라이드가 불가능합니다. 그래서 설정과 프록시 방식에 따라 final 메서드에서는 어드바이스 적용이 누락될 수 있습니다. 면접에서는 JDK 동적 프록시와 CGLIB의 차이, 그리고 왜 구조적으로 서비스 경계를 public 메서드로 두는지 설명하는지 봅니다. 실무에서는 트랜잭션 누락이 데이터 불일치로 바로 이어질 수 있어 프록시 적용 조건을 정확히 알아야 합니다.		final 메서드는 프록시 오버라이드가 불가해 어드바이스가 빠질 수 있다	TRUE	final 메서드는 JVM이 항상 트랜잭션을 자동 생성한다	FALSE	final 메서드는 DB가 락을 강제로 걸어준다	FALSE	final 메서드는 CORS 설정을 무시한다	FALSE	spring	aop	transaction	proxy
Q215	TransactionSynchronization(트랜잭션 동기화)		Backend - 언어 & 프레임워크	21	CHOICE	HARD	커밋 직후에만 실행되는 후처리 로직을 트랜잭션과 강하게 결합해 등록하는 메커니즘으로 가장 올바른 것은?	트랜잭션 동기화는 트랜잭션 생명주기에 콜백을 연결하는 메커니즘입니다. 커밋 전후, 완료 시점에 로직을 실행할 수 있어 트랜잭션 상태와 일치하는 후처리를 설계할 수 있습니다. 면접에서는 TransactionSynchronizationManager 개념이나 @TransactionalEventListener와의 관계로 질문이 확장됩니다. 실무에서는 커밋 후 메시지 발행이나 캐시 무효화처럼 부수 효과를 올바른 시점에 실행하는 데 중요합니다. 다만 후처리가 무거우면 트랜잭션 지연이나 장애 전파가 생길 수 있어 비동기 분리와 재시도 전략이 함께 필요합니다.		TransactionSynchronization을 등록해 커밋 후 콜백을 실행한다	TRUE	OSIV를 켜면 커밋 후 콜백이 자동 등록된다	FALSE	RejectedExecutionHandler가 커밋 후 콜백을 제공한다	FALSE	HttpMessageConverter가 트랜잭션 생명주기를 관리한다	FALSE	spring	transaction	callback	consistency
Q216	FlushModeType(FlushModeType)		Backend - 언어 & 프레임워크	21	CHOICE	HARD	JPA에서 FlushModeType COMMIT의 일반적 의미로 가장 올바른 것은?	flush는 영속성 컨텍스트의 변경 사항을 DB에 동기화하는 작업입니다. FlushModeType COMMIT은 트랜잭션 커밋 시점에 주로 flush 하도록 힌트를 주는 모드입니다. AUTO는 쿼리 실행 전에 필요하면 flush가 일어날 수 있어 조회 결과 일관성에 영향을 줍니다. 면접에서는 flush와 commit을 혼동하지 않고, flush가 커밋이 아니라는 점을 명확히 하는지 확인합니다. 실무에서는 예상치 못한 쿼리 시점 flush로 인한 성능 저하나 락 경합을 줄이려면 flush 동작을 이해하고 관리해야 합니다.		커밋 시점에 주로 flush 하도록 유도하는 모드다	TRUE	COMMIT 모드는 쿼리마다 항상 flush 한다	FALSE	COMMIT 모드는 트랜잭션을 항상 read only로 만든다	FALSE	COMMIT 모드는 지연 로딩을 자동 해결한다	FALSE	jpa	springboot	transaction	performance
Q217	merge(persist merge)		Backend - 언어 & 프레임워크	21	CHOICE	HARD	JPA merge에 대한 설명으로 가장 올바른 것은?	merge는 준영속 엔티티의 상태를 영속 상태로 복사해 관리되는 새 인스턴스를 반환합니다. 즉 merge 호출 후 반환값을 사용해야 하고, 원래 인스턴스는 계속 준영속일 수 있습니다. 면접에서는 persist와 merge 차이, 그리고 업데이트 의도에 따라 어떤 API를 써야 하는지 묻습니다. 실무에서는 무심코 merge를 쓰면 불필요한 select가 발생하거나 값이 덮어써져 데이터가 손상될 수 있습니다. 특히 부분 업데이트에서 null 값이 의도치 않게 반영되는 문제를 막으려면 변경 감지 기반 수정 패턴을 선호하는 경우가 많습니다.		상태를 복사해 새 영속 인스턴스를 반환하며 반환값을 써야 한다	TRUE	merge는 항상 insert만 수행한다	FALSE	merge는 원본 인스턴스를 영속 상태로 직접 전환한다	FALSE	merge는 트랜잭션 없이도 변경을 즉시 반영한다	FALSE	jpa	entity	springboot	persistence
Q218	낙관적 락(Optimistic Locking)		Backend - 언어 & 프레임워크	21	CHOICE	HARD	JPA 낙관적 락에서 @Version 필드의 핵심 역할로 가장 올바른 것은?	낙관적 락은 충돌이 드물다고 가정하고 업데이트 시점에 충돌을 감지합니다. @Version은 업데이트마다 버전을 증가시켜 다른 트랜잭션의 변경이 있었는지 확인합니다. 버전이 기대와 다르면 OptimisticLockException 같은 형태로 실패해 충돌을 명시적으로 드러냅니다. 면접에서는 충돌 시 재시도 전략이나 사용자에게 충돌을 알리는 방식까지 질문이 확장됩니다. 실무에서는 높은 동시 수정이 있는 도메인에서는 재시도 정책과 UX 정책을 함께 설계하지 않으면 오류가 잦아질 수 있습니다.		업데이트 충돌을 버전 비교로 감지하기 위해서	TRUE	DB 인덱스를 자동 생성하기 위해서	FALSE	지연 로딩을 강제로 즉시 로딩으로 바꾸기 위해서	FALSE	트랜잭션을 자동으로 분리 커밋하기 위해서	FALSE	jpa	locking	springboot	concurrency
Q219	비관적 락(Pessimistic Lock)		Backend - 언어 & 프레임워크	21	CHOICE	HARD	PESSIMISTIC WRITE 락을 사용할 때 가장 현실적인 트레이드오프로 올바른 것은?	비관적 락은 충돌이 날 가능성이 크다고 보고 미리 락을 잡아 다른 트랜잭션을 막습니다. 데이터 일관성은 강해지지만, 락 대기와 데드락 위험이 커지고 처리량이 떨어질 수 있습니다. 면접에서는 락 타임아웃 설정과 데드락 발생 시 롤백 처리까지 설명할 수 있어야 합니다. 실무에서는 결제나 재고처럼 반드시 단일 승자를 보장해야 하는 구간에서 사용하지만, 트랜잭션 범위를 짧게 유지해야 합니다. 또한 인덱스가 없으면 락 범위가 커져 장애로 이어질 수 있어 쿼리와 스키마 튜닝이 함께 필요합니다.		일관성은 강해지지만 락 대기와 데드락 위험이 늘 수 있다	TRUE	비관적 락은 경쟁이 심할수록 처리량이 항상 증가한다	FALSE	비관적 락은 트랜잭션 없이도 적용된다	FALSE	비관적 락은 캐시 히트율을 자동으로 올린다	FALSE	jpa	lock	deadlock	springboot
Q220	배치 페치(batch fetch)		Backend - 언어 & 프레임워크	21	CHOICE	HARD	Hibernate batch fetching이 N plus 1 완화에 기여하는 대표 방식으로 올바른 것은?	배치 페치는 지연 로딩 시 연관 엔티티를 하나씩 가져오지 않고 여러 개를 IN 쿼리로 묶어 가져오도록 합니다. 따라서 N개의 추가 쿼리가 1개 또는 소수의 쿼리로 줄 수 있습니다. 면접에서는 fetch join과의 차이, 그리고 페이징과의 궁합에서 질문이 자주 나옵니다. 실무에서는 컬렉션 fetch join이 어려운 페이징 목록 화면에서 배치 페치가 현실적인 대안이 됩니다. 다만 배치 크기를 과도하게 키우면 IN 목록이 커져 오히려 성능이 나빠질 수 있어 실제 데이터 분포를 보고 튜닝해야 합니다.		지연 로딩을 IN 쿼리로 묶어 추가 쿼리 수를 줄인다	TRUE	모든 연관을 항상 한 번의 조인으로만 처리한다	FALSE	DB 트리거로 N plus 1을 제거한다	FALSE	OSIV를 켜면 배치 페치가 자동 적용된다	FALSE	hibernate	batch	springboot	performance
Q221	OncePerRequestFilter(OncePerRequestFilter)		Backend - 인증/인가	18	CHOICE	HARD	Spring Security에서 JWT 필터를 구현할 때 OncePerRequestFilter를 자주 쓰는 핵심 이유는?	OncePerRequestFilter는 같은 요청 디스패치 흐름에서 필터가 중복 실행되는 위험을 줄이기 위한 기반 클래스입니다. 포워드나 에러 디스패치가 섞인 환경에서 인증 로직이 여러 번 타면 부작용이 생길 수 있습니다. 면접에서는 필터 체인 순서와 함께 어디에 JWT 필터를 끼울지 설명할 수 있어야 합니다. 실무에서는 인증 필터가 중복 실행되면 SecurityContext가 덮어써지거나 로그가 중복되어 분석이 어려워집니다. 또한 CORS 프리플라이트 OPTIONS 요청에서 인증을 어떻게 처리할지도 필터 설계에 포함되어야 합니다.		요청당 한 번 실행되는 특성으로 중복 실행 부작용을 줄인다	TRUE	트랜잭션 전파를 자동으로 설정해준다	FALSE	JPA 지연 로딩 예외를 자동으로 막아준다	FALSE	DB 커넥션 풀을 자동 확장한다	FALSE	security	filter	jwt	spring
Q222	SecurityContext 전파(SecurityContext propagation)		Backend - 비동기 처리	19	CHOICE	HARD	@Async 실행 시 SecurityContext가 사라지는 대표 이유로 가장 올바른 것은?	SecurityContext는 보통 ThreadLocal 기반 저장소에 보관됩니다. @Async는 다른 스레드에서 실행되므로 기존 스레드의 ThreadLocal 값이 자동으로 전달되지 않습니다. 면접에서는 DelegatingSecurityContextExecutor 같은 전파 도구를 알고 있는지 자주 확인합니다. 실무에서는 비동기에서 인증 정보가 필요하면 전파 전략을 명시해야 하며, 그렇지 않으면 권한 체크가 실패하거나 익명 사용자로 처리될 수 있습니다. 또한 ThreadLocal을 전파할 때는 누수 방지와 스레드풀 재사용 환경에서의 정리까지 함께 고려해야 합니다.		다른 스레드라 ThreadLocal 기반 컨텍스트가 자동 전파되지 않아서	TRUE	JWT는 비동기에서만 무조건 만료되기 때문	FALSE	CORS 설정이 비동기에서는 적용되지 않기 때문	FALSE	GC가 비동기 스레드를 정리해버리기 때문	FALSE	security	async	springboot	context
Q223	PKCE(PKCE)		Backend - 인증/인가	18	CHOICE	HARD	OAuth2 Authorization Code 흐름에서 PKCE가 특히 중요한 이유로 가장 올바른 것은?	PKCE는 인가 코드 탈취 공격을 완화하기 위한 메커니즘입니다. 클라이언트가 code verifier와 code challenge를 사용해 토큰 교환 시 추가 검증을 수행합니다. 공개 클라이언트처럼 클라이언트 시크릿을 안전하게 보관하기 어려운 환경에서 특히 중요합니다. 면접에서는 PKCE가 어떤 공격을 막는지, 그리고 왜 모바일이나 SPA에서 필수로 여겨지는지 설명을 요구합니다. 실무에서는 잘못 구현하면 로그인은 되는데 특정 환경에서만 토큰 교환이 실패하는 문제가 생길 수 있어, 리다이렉트 URI와 함께 정확한 설정과 테스트가 필요합니다.		인가 코드 탈취 시 토큰 교환을 막기 위한 추가 검증이다	TRUE	CSRF를 완전히 대체해 모든 보안이 끝난다	FALSE	DB 트랜잭션 격리 수준을 올려준다	FALSE	CORS 프리플라이트를 제거해준다	FALSE	oauth2	springboot	security	auth
Q224	CORS Credentials(CORS credentials)		Backend - 인증/인가	18	CHOICE	HARD	CORS에서 credentials를 허용할 때 올바른 설정 조합은?	브라우저에서 쿠키나 인증 정보를 포함하려면 credentials 허용이 필요합니다. 이때 Access Control Allow Origin을 와일드카드로 두면 브라우저가 이를 거부합니다. 면접에서는 왜 와일드카드가 안 되는지와 실제 헤더 조합을 정확히 말할 수 있는지 봅니다. 실무에서는 개발 환경에서는 쉽게 통과하지만 운영에서 특정 도메인만 허용해야 해 설정 실수가 잦습니다. 또한 Origin 검증 로직을 커스텀으로 둘 경우 캐시 헤더와 함께 잘못 구성되면 다른 Origin에 허용이 새는 보안 문제가 생길 수 있습니다.		credentials true면 허용 Origin은 명시 도메인이어야 한다	TRUE	credentials true면 Origin은 항상 별표가 가장 안전하다	FALSE	credentials는 서버에서만 의미가 없어 어떤 값이든 상관없다	FALSE	credentials를 켜면 CSRF가 자동으로 해결된다	FALSE	cors	security	cookie	springboot
Q225	아웃박스 패턴(Outbox Pattern)		Backend - 아키텍처 패턴	20	CHOICE	HARD	Outbox 패턴이 해결하려는 핵심 문제로 가장 올바른 것은?	Outbox는 DB 트랜잭션 커밋과 메시지 발행의 원자성을 직접 보장하기 어려운 문제를 다룹니다. 서비스가 DB에는 저장했는데 메시지 발행이 실패하면 다른 시스템과 불일치가 생깁니다. Outbox는 같은 트랜잭션으로 outbox 테이블에 이벤트를 기록하고, 별도 퍼블리셔가 이를 읽어 발행합니다. 면접에서는 분산 트랜잭션 없이도 일관성을 높이는 방법으로 설명할 수 있어야 합니다. 실무에서는 중복 발행 가능성을 고려해 컨슈머 멱등 처리와 이벤트 키 설계까지 같이 가져가야 안정적입니다.		DB 커밋과 이벤트 발행 불일치를 줄이기 위해서	TRUE	GC 정지 시간을 줄이기 위해서	FALSE	CORS 오류를 없애기 위해서	FALSE	JPA 지연 로딩 예외를 막기 위해서	FALSE	architecture	outbox	event	springboot
Q226	사가(Saga)		Backend - 아키텍처 패턴	20	CHOICE	HARD	Saga 패턴의 본질을 가장 올바르게 설명한 것은?	Saga는 여러 서비스에 걸친 장기 트랜잭션을 분산 트랜잭션 대신 보상 작업으로 관리하는 패턴입니다. 각 단계는 로컬 트랜잭션으로 커밋하고, 실패 시 이전 단계들을 보상 트랜잭션으로 되돌립니다. 면접에서는 2PC와 비교해 일관성 모델이 다르고, 최종 일관성을 받아들이는 설계라는 점을 설명해야 합니다. 실무에서는 보상 로직이 복잡해지고 멱등성, 재시도, 순서 보장 같은 운영 이슈가 핵심이 됩니다. 또한 관측 가능성이 없으면 어디서 실패했는지 추적이 어려워 로그 상관관계와 상태 머신 설계가 중요합니다.		로컬 트랜잭션과 보상 트랜잭션으로 최종 일관성을 만든다	TRUE	모든 단계가 하나의 DB 트랜잭션으로 묶여 즉시 일관성을 보장한다	FALSE	사가는 JVM 내부 트랜잭션만을 의미한다	FALSE	사가는 테스트 더블의 한 종류다	FALSE	architecture	saga	distributed	springboot
Q227	DynamicPropertySource(DynamicPropertySource)		Backend - 테스트	22	CHOICE	HARD	Testcontainers로 띄운 DB 접속 정보를 스프링 테스트 프로퍼티로 주입하는 데 자주 쓰는 방식은?	Testcontainers는 런타임에 컨테이너 포트와 접속 URL이 결정됩니다. 그래서 정적 application yml에 값을 고정하기보다 테스트 실행 중 동적으로 프로퍼티를 주입해야 합니다. @DynamicPropertySource는 이 목적에 맞게 레지스트리에 값을 등록하는 공식 패턴으로 널리 사용됩니다. 면접에서는 테스트 환경 구성과 컨텍스트 캐싱이 어떻게 영향을 받는지 질문이 나올 수 있습니다. 실무에서는 CI와 로컬에서 같은 방식으로 DB를 띄워 재현성을 높이지만, 컨테이너 기동 비용이 있어 중요한 시나리오에 집중하는 전략이 필요합니다.		@DynamicPropertySource로 컨테이너 값을 프로퍼티로 등록한다	TRUE	@WebMvcTest만 붙이면 DB URL이 자동으로 생긴다	FALSE	@JsonIgnoreProperties로 DB 접속이 해결된다	FALSE	@RequestHeader로 포트를 주입한다	FALSE	test	testcontainers	spring	properties
Q228	Flaky Test(Flaky Test)		Backend - 테스트	22	CHOICE	HARD	시간 의존 로직 테스트가 flaky해지는 것을 줄이는 가장 효과적인 접근은?	시스템 시간이 직접 들어가면 실행 시점이나 타임존, 경계 시각에 따라 결과가 달라질 수 있습니다. 그래서 Clock 같은 시간 소스를 주입해 테스트에서 고정된 시간을 제공하는 방식이 안정적입니다. 면접에서는 Thread.sleep으로 기다리는 테스트가 왜 위험한지와 대안을 설명할 수 있어야 합니다. 실무에서는 배치 스케줄, 만료 처리, 데일리 기준 같은 기능이 많아 시간 제어가 품질을 좌우합니다. 또한 병렬 테스트 환경에서는 시간과 랜덤, 외부 의존을 통제하지 않으면 간헐적 실패가 늘어 CI 신뢰도를 떨어뜨립니다.		Clock 같은 시간 소스를 주입해 테스트에서 고정 시간을 사용한다	TRUE	테스트마다 sleep을 길게 주면 항상 완벽히 안정적이다	FALSE	테스트는 운영 DB를 쓰면 flaky가 사라진다	FALSE	GC를 강제 실행하면 시간 테스트가 안정화된다	FALSE	test	flaky	time	java
Q229	Publication Escape(안전한 퍼블리케이션)		언어 중심 - Java	94	CHOICE	HARD	멀티스레드에서 객체를 “안전하게 공유(publish)”했다고 말할 수 있는 조건으로 가장 올바른 것은?	안전한 퍼블리케이션은 다른 스레드가 객체를 참조할 때 생성자에서 설정한 값들이 올바르게 보이도록 하는 조건입니다. 단순히 전역 변수에 넣는 것만으로는 재정렬 때문에 위험할 수 있습니다. final 필드의 초기화 규칙, volatile 참조, synchronized 블록, 스레드 안전 컬렉션, 그리고 안전한 초기화(예: static initializer) 같은 경로로 publish되면 안전성이 보장됩니다. 면접에서는 “참조는 보이는데 내부 값은 기본값” 같은 반직관적 현상을 설명할 수 있는지 자주 봅니다. 실무에서는 싱글톤, 캐시, DI 컨테이너 같은 곳에서 안전한 publish가 사실상 기본 전제가 됩니다.		volatile synchronized 안전한 초기화 경로로 공유되어야 한다	TRUE	객체를 new로 만들기만 하면 자동으로 안전하다	FALSE	sleep으로 충분히 기다리면 항상 안전해진다	FALSE	try catch로 감싸면 가시성이 보장된다	FALSE	java	jmm	publish	concurrency
Q230	VarHandle(VarHandle)		언어 중심 - Java	94	CHOICE	HARD	Atomic 계열 대신 VarHandle을 선택할 수 있는 상황으로 가장 적절한 것은?	VarHandle은 낮은 수준의 원자 연산과 메모리 장벽을 직접 다룰 수 있는 API입니다. Atomic 클래스보다 더 세밀한 접근이 가능하고, 특정 필드에 대해 다양한 메모리 접근 모드(opaque acquire release volatile)를 선택할 수 있습니다. 면접에서는 “왜 이런 저수준 API가 필요한가”를 성능과 제어 관점으로 설명할 수 있어야 합니다. 실무에서는 커스텀 lock free 구조나 성능 극한 튜닝에서 등장하지만, 코드 복잡도와 검증 비용이 매우 커집니다. 따라서 일반 비즈니스 로직에서는 Atomic이나 동시성 컬렉션이 보통 더 안전합니다.		필드 단위로 메모리 접근 모드를 세밀히 제어해야 할 때	TRUE	JPA 엔티티 매핑을 쉽게 하려고	FALSE	CORS 설정을 자동화하려고	FALSE	트랜잭션 전파를 바꾸려고	FALSE	java	varhandle	concurrency	memory
Q231	Final Field Semantics(final field)		언어 중심 - Java	94	CHOICE	HARD	final 필드가 멀티스레드에서 비교적 안전하다고 말할 수 있는 이유로 가장 올바른 것은?	final 필드는 생성자에서 값이 설정되고, 생성이 정상 완료된 뒤 안전하게 publish되면 다른 스레드에서 올바른 값을 볼 가능성이 높아집니다. JMM은 final 필드에 대해 특별한 초기화 가시성 규칙을 제공합니다. 면접에서는 “final이면 무조건 안전”이 아니라, 생성자 탈출(this escape)과 안전한 publish가 전제라는 점을 말할 수 있어야 합니다. 실무에서는 불변 객체 설계가 동시성 버그를 줄이는 강력한 전략이며, final과 캡슐화는 그 기반입니다. 하지만 가변 참조를 final로 잡아도 내부 가변 상태는 여전히 위험할 수 있어 깊은 불변성이 중요합니다.		생성자 완료 후 publish되면 초기화 값 가시성을 돕는 규칙이 있다	TRUE	final은 어떤 상황에서도 동시성 문제가 절대 없다	FALSE	final은 GC를 비활성화해서 안전해진다	FALSE	final은 스레드를 하나만 쓰게 만들어 안전해진다	FALSE	java	immutable	jmm	final
Q232	ThreadLocal 누수(ThreadLocal leak)		언어 중심 - Java	94	CHOICE	HARD	스레드풀 환경에서 ThreadLocal이 메모리 누수나 보안 문제로 이어지는 핵심 메커니즘은?	스레드풀은 스레드를 재사용하므로 ThreadLocal 값이 다음 요청까지 남을 수 있습니다. remove를 하지 않으면 사용자 정보 같은 컨텍스트가 다른 요청으로 새거나, 큰 객체가 계속 붙잡혀 메모리 누수가 됩니다. 면접에서는 ThreadLocalMap과 약한 참조 키, 그리고 값이 남는 케이스를 설명할 수 있으면 좋습니다. 실무에서는 필터 인터셉터 finally에서 정리하고, 비동기 전환 시 컨텍스트 전파 정책을 명확히 하는 것이 핵심입니다. 특히 MDC, SecurityContext 같은 것이 대표적인 ThreadLocal 사용자입니다.		스레드가 재사용되어 값이 다음 요청으로 남을 수 있어서	TRUE	ThreadLocal은 프로세스 간 공유 메모리이기 때문	FALSE	ThreadLocal은 항상 값이 자동 삭제되기 때문	FALSE	ThreadLocal은 DB 트랜잭션을 강제하기 때문	FALSE	java	threadlocal	leak	security
Q233	BoundedElastic vs Fixed Pool(Executor 선택)		Backend - 비동기 처리	19	CHOICE	HARD	블로킹 I O 작업을 리액티브 파이프라인에 섞어야 할 때 흔히 선택하는 전략으로 가장 올바른 것은?	리액티브는 논블로킹을 전제로 하므로 블로킹 호출을 이벤트 루프 스레드에서 실행하면 시스템이 멈칫합니다. 그래서 별도 스케줄러나 전용 스레드풀로 오프로드하는 전략이 필요합니다. 면접에서는 WebFlux에서 블로킹 코드가 왜 위험한지, 그리고 어떻게 격리할지 질문이 자주 나옵니다. 실무에서는 bounded elastic 스케줄러나 별도 executor로 격리해 이벤트 루프를 보호합니다. 또한 블로킹 작업이 많다면 아키텍처적으로 MVC로 돌리거나, 블로킹 의존을 제거하는 방향이 더 건강할 수 있습니다.		블로킹 작업은 별도 스레드풀로 오프로드해 이벤트 루프를 보호한다	TRUE	이벤트 루프에서 블로킹을 돌려도 백프레셔가 자동 해결한다	FALSE	OSIV를 켜면 블로킹 호출이 논블로킹으로 바뀐다	FALSE	GC 튜닝만 하면 블로킹 I O가 사라진다	FALSE	reactive	webflux	blocking	spring
Q234	Reactor Context(Reactor Context)		Backend - 비동기 처리	19	CHOICE	HARD	WebFlux에서 ThreadLocal 기반 MDC가 잘 안 맞는 근본 이유로 가장 올바른 것은?	WebFlux는 요청 처리 과정에서 스레드가 고정되지 않고 바뀔 수 있습니다. ThreadLocal은 “스레드”에 묶이므로 컨텍스트가 쉽게 끊깁니다. 그래서 리액티브에서는 Reactor Context 같은 방식으로 컨텍스트를 흐름에 실어 전달합니다. 면접에서는 ThreadLocal 전파와 리액티브의 실행 모델 차이를 설명할 수 있어야 합니다. 실무에서는 추적 ID나 인증 정보를 Context에 넣고 로깅 연동을 구현하는 패턴이 많습니다. 이를 이해하지 못하면 로그 상관관계가 끊겨 운영이 어려워집니다.		처리 스레드가 바뀌어 ThreadLocal 컨텍스트가 유지되지 않아서	TRUE	WebFlux는 로그를 출력할 수 없어서	FALSE	WebFlux는 JSON을 지원하지 않아서	FALSE	WebFlux는 트랜잭션을 지원하지 않아서	FALSE	webflux	reactor	context	logging
Q235	LazyInitializationException 근본 원인		Backend - 언어 & 프레임워크	21	CHOICE	HARD	OSIV가 꺼진 환경에서 LazyInitializationException이 발생하는 가장 근본적인 이유는?	지연 로딩은 영속성 컨텍스트가 열려 있을 때 프록시를 초기화하며 데이터를 가져옵니다. OSIV가 꺼져 있거나 트랜잭션이 끝나 컨텍스트가 닫히면 프록시를 초기화할 수 없어 예외가 발생합니다. 면접에서는 “어디서 엔티티를 DTO로 변환해야 하는가” 질문으로 이어집니다. 실무에서는 서비스 계층에서 필요한 연관을 미리 조회(fetch join, entity graph, batch fetch)하고 DTO를 만들어 컨트롤러로 넘기는 방식이 일반적입니다. 또한 계층 침범을 막고 커넥션 점유 시간을 줄이기 위해 OSIV off를 선택하는 조직이 많습니다.		영속성 컨텍스트가 닫힌 뒤 프록시 초기화를 시도해서	TRUE	DB 인덱스가 없어서	FALSE	JVM이 클래스를 못 찾아서	FALSE	CORS 프리플라이트가 중복되어서	FALSE	jpa	lazy	springboot	exception
Q236	Entity Graph vs Fetch Join 선택		Backend - 언어 & 프레임워크	21	CHOICE	HARD	복잡한 조회에서 EntityGraph가 fetch join보다 유리할 수 있는 대표 상황은?	fetch join은 강력하지만 컬렉션 fetch join과 페이징이 충돌하거나, 조인 폭증으로 row가 뻥튀기될 수 있습니다. EntityGraph는 필요 연관만 선택적으로 로딩 전략을 바꿀 수 있어 유스케이스별로 조절이 수월합니다. 면접에서는 두 방식의 장단점과 페이징 제약을 명확히 알고 있는지 봅니다. 실무에서는 목록 화면은 페이징이 중요하므로 컬렉션 fetch join을 피하고, 배치 페치나 EntityGraph, DTO 조회로 대체하는 경우가 많습니다. 또한 코드 가독성과 재사용성 측면에서 EntityGraph가 더 나을 때도 있습니다.		페이징과 충돌하는 컬렉션 fetch join을 피해야 할 때	TRUE	언제나 EntityGraph가 fetch join보다 무조건 빠르다	FALSE	EntityGraph는 SQL을 전혀 발생시키지 않는다	FALSE	fetch join은 트랜잭션이 없으면 동작하지 않는다	FALSE	jpa	entitygraph	fetchjoin	springboot
Q237	Flush와 Commit 차이		Backend - 언어 & 프레임워크	21	CHOICE	HARD	JPA에서 flush와 commit의 관계를 가장 올바르게 설명한 것은?	flush는 변경 내용을 DB에 “동기화”하지만 트랜잭션을 끝내지는 않습니다. commit은 트랜잭션을 종료하며 영구 반영합니다. 즉 flush 했다고 해서 커밋된 것은 아니고, 이후 롤백되면 반영도 되돌아갑니다. 면접에서는 flush가 언제 자동으로 발생하는지(AUTO 모드에서 쿼리 전)까지 물을 수 있습니다. 실무에서는 예상치 못한 flush가 쿼리 성능이나 락에 영향을 줄 수 있어, 트랜잭션 범위와 flush 타이밍을 의식적으로 관리해야 합니다. 특히 배치 처리에서는 주기적 flush clear 패턴이 필수적입니다.		flush는 동기화이고 commit은 트랜잭션 종료 및 영구 반영이다	TRUE	flush는 트랜잭션을 종료하고 commit은 동기화만 한다	FALSE	flush와 commit은 완전히 동일한 동작이다	FALSE	flush는 항상 롤백을 자동 수행한다	FALSE	jpa	flush	springboot	transaction
Q238	Dirty Checking(더티 체킹)		Backend - 언어 & 프레임워크	21	CHOICE	HARD	JPA 더티 체킹이 성립하기 위한 전제 조건으로 가장 올바른 것은?	더티 체킹은 영속성 컨텍스트가 엔티티의 스냅샷을 관리하고, 커밋/flush 시점에 변경을 감지해 update를 생성하는 메커니즘입니다. 따라서 엔티티가 영속 상태로 관리되고 있어야 합니다. 면접에서는 준영속(detached)에서 변경해도 자동 반영되지 않는다는 점을 물을 수 있습니다. 실무에서는 엔티티를 조회한 뒤 변경만 하고 save를 호출하지 않는 패턴이 더티 체킹 기반 업데이트입니다. 다만 트랜잭션 경계 밖에서 변경하거나, 영속성 컨텍스트가 clear되어 있으면 반영되지 않아 버그가 생길 수 있습니다.		엔티티가 영속 상태로 컨텍스트에 관리되어야 한다	TRUE	DTO로 매핑된 객체면 자동으로 감지된다	FALSE	엔티티에 @Data가 붙으면 자동으로 더티 체킹된다	FALSE	OSIV를 켜면 어떤 상태든 더티 체킹된다	FALSE	jpa	springboot	persistence	entity
Q239	Propagation REQUIRES_NEW(Requires New)		Backend - 언어 & 프레임워크	21	CHOICE	HARD	Propagation REQUIRES_NEW의 동작으로 가장 올바른 것은?	REQUIRES_NEW는 현재 트랜잭션이 있으면 일시 중단하고 새로운 트랜잭션을 시작합니다. 내부 트랜잭션이 커밋되면 외부가 롤백되더라도 내부 커밋은 유지될 수 있어 “부분 커밋”이 가능합니다. 면접에서는 로그 저장, 감사 기록처럼 외부 실패와 분리하고 싶은 작업에 쓰는지 질문이 나옵니다. 실무에서는 남발하면 트랜잭션이 중첩되어 락과 커넥션 점유가 늘 수 있어 주의해야 합니다. 또한 예외 처리 흐름을 잘못 설계하면 예상치 못한 데이터만 남는 사고가 생길 수 있어, 사용 목적을 명확히 제한하는 것이 좋습니다.		기존 트랜잭션을 중단하고 새 트랜잭션을 시작한다	TRUE	항상 기존 트랜잭션에 참여만 한다	FALSE	트랜잭션을 완전히 비활성화한다	FALSE	readOnly를 자동으로 강제한다	FALSE	spring	transaction	propagation	requiresnew
Q240	Propagation NESTED(Nested)		Backend - 언어 & 프레임워크	21	CHOICE	HARD	NESTED 전파가 “부분 롤백”을 가능하게 하는 핵심 메커니즘으로 가장 올바른 것은?	NESTED는 보통 savepoint를 사용해 내부 작업을 부분적으로 되돌릴 수 있게 합니다. 외부 트랜잭션 안에서 savepoint를 만들고, 내부 실패 시 그 지점까지 롤백합니다. 면접에서는 REQUIRES_NEW와의 차이(독립 커밋 vs savepoint)를 설명할 수 있어야 합니다. 실무에서는 DB와 트랜잭션 매니저가 savepoint를 지원해야 하고, JPA 환경에서 제약이 있을 수 있어 적용 전 검증이 필요합니다. 또한 중첩 트랜잭션을 남발하면 로직이 복잡해져 디버깅이 어려워집니다.		savepoint 기반으로 내부 실패만 되돌릴 수 있어서	TRUE	별도 DB 커넥션을 강제로 하나 더 열어서	FALSE	CORS 설정을 변경해서	FALSE	OSIV를 켜서	FALSE	spring	transaction	nested	savepoint
Q241	@TransactionalEventListener 실패 처리		Backend - 비동기 처리	19	CHOICE	HARD	AFTER_COMMIT 리스너에서 예외가 발생했을 때 가장 현실적인 리스크로 올바른 것은?	AFTER_COMMIT은 이미 DB 커밋이 완료된 뒤 실행됩니다. 그래서 리스너 실패를 “롤백”으로 되돌릴 수 없고, 후속 작업(메시지 발행, 메일 발송)이 누락될 수 있습니다. 면접에서는 이 누락을 어떻게 보완할지(재시도, 아웃박스, 보상 처리)를 설명할 수 있어야 합니다. 실무에서는 커밋 후 부수 효과는 반드시 “재처리 가능”하게 설계해야 운영 안정성이 올라갑니다. 단순 로그만 남기고 끝내면 데이터는 저장됐는데 외부 시스템은 모르는 상태가 되어 장애 복구가 어렵습니다.		커밋은 끝났고 후속 작업만 누락되어 불일치가 생길 수 있다	TRUE	예외가 발생하면 자동으로 커밋도 취소된다	FALSE	예외가 발생하면 DB가 자동으로 스키마를 복구한다	FALSE	예외가 발생하면 CORS가 비활성화된다	FALSE	spring	event	aftercommit	reliability
Q242	JWT 키 롤오버(JWK rotation)		Backend - 인증/인가	18	CHOICE	HARD	JWT 서명 키를 롤오버(교체)할 때 흔히 사용하는 방법으로 가장 올바른 것은?	키 롤오버는 기존 토큰을 즉시 무효화하지 않으면서 새 키로 발급을 전환해야 합니다. 이를 위해 키 ID(kid)를 토큰 헤더에 넣고, 서버가 kid에 맞는 공개키를 JWK Set에서 선택하는 패턴이 흔합니다. 면접에서는 kid의 목적과 키 캐시 전략까지 질문이 나올 수 있습니다. 실무에서는 JWK를 캐시하되 만료와 갱신을 잘 설계하지 않으면 인증 장애가 발생합니다. 또한 롤오버 기간 동안 구키와 신키를 함께 검증해야 하며, 토큰 만료 시간 정책과도 맞물립니다.		kid로 키를 식별하고 JWK Set에서 해당 키로 검증한다	TRUE	키 롤오버는 토큰을 전부 강제 삭제해야만 가능하다	FALSE	키 롤오버는 CORS 설정으로 해결된다	FALSE	키 롤오버는 DB 인덱스를 재생성하는 작업이다	FALSE	jwt	jwk	security	springboot
Q243	OAuth2 State와 CSRF		Backend - 인증/인가	18	CHOICE	HARD	OAuth2 인가 요청에서 state 파라미터의 핵심 목적은?	state는 인가 요청과 콜백을 연결해 위조 요청을 막는 역할을 합니다. 즉 CSRF 방어와 요청 상관관계 유지가 핵심입니다. 면접에서는 nonce와의 차이(OpenID Connect), 그리고 state를 어디에 저장하고 검증할지 질문이 자주 나옵니다. 실무에서는 state를 세션이나 짧은 TTL 저장소에 두고, 콜백에서 동일성을 검증합니다. state 검증이 빠지면 공격자가 사용자를 원치 않는 계정으로 로그인시키는 등의 문제가 생길 수 있어 반드시 구현해야 합니다.		요청 위조 방지와 요청 상관관계 유지를 위해서	TRUE	Access Token을 암호화하기 위해서	FALSE	DB 락을 줄이기 위해서	FALSE	CORS 프리플라이트를 제거하기 위해서	FALSE	oauth2	state	csrf	spring
Q244	2단계 커밋(2PC)		Backend - 아키텍처 패턴	20	CHOICE	HARD	2PC가 분산 트랜잭션에서 갖는 대표 단점으로 가장 올바른 것은?	2PC는 원자성을 높이지만 coordinator 장애나 네트워크 분할 상황에서 참여자들이 락을 잡고 대기하는 문제가 발생할 수 있습니다. 결과적으로 지연이 길어지고 가용성이 떨어질 수 있습니다. 면접에서는 CAP 관점에서 2PC의 trade off를 설명할 수 있어야 합니다. 실무에서는 마이크로서비스에서 2PC를 피하고 사가나 outbox, 최종 일관성 기반 설계를 선호하는 이유가 여기 있습니다. 또한 운영 복잡도와 장애 복구 비용이 크기 때문에 도입 전에 비용 대비 효과를 엄격히 평가해야 합니다.		락 대기와 가용성 저하 같은 운영 비용이 크다	TRUE	2PC는 항상 더 빠르고 단순하다	FALSE	2PC는 단일 DB 트랜잭션과 완전히 같다	FALSE	2PC는 캐시 히트율을 자동으로 올린다	FALSE	distributed	2pc	transaction	springboot
Q245	멱등 소비자(Idempotent consumer)		Backend - 아키텍처 패턴	20	CHOICE	HARD	메시지 기반 시스템에서 “적어도 한 번(at least once)” 전달을 사용할 때 필수적으로 고려해야 하는 것은?	at least once는 중복 전달이 발생할 수 있습니다. 그래서 소비자는 동일 메시지를 여러 번 받아도 결과가 한 번 처리된 것과 같도록 멱등하게 설계해야 합니다. 면접에서는 outbox와 결합해 중복 발행 가능성을 어떻게 흡수할지 질문이 나옵니다. 실무에서는 메시지 ID 기반 처리 기록, 유니크 키 제약, 업서트, 상태 머신 등으로 멱등성을 구현합니다. 또한 멱등 저장소의 TTL, 재처리 전략, 순서 보장과의 관계까지 고려해야 운영에서 안정적으로 돌아갑니다.		중복 메시지를 견디는 멱등 처리 설계	TRUE	중복은 브로커가 100퍼센트 막아주므로 고려 불필요	FALSE	중복은 CORS 정책으로 해결된다	FALSE	중복은 GC 튜닝으로 사라진다	FALSE	messaging	idempotency	outbox	springboot
Q246	테스트 컨텍스트 캐시(TestContext cache)		Backend - 테스트	22	CHOICE	HARD	@SpringBootTest에서 테스트가 느려지는 대표 원인 중 하나로 “컨텍스트 캐시가 깨지는” 상황은?	스프링 테스트는 애플리케이션 컨텍스트를 캐시해 재사용하며 속도를 확보합니다. 그런데 테스트마다 다른 설정을 적용하거나, 컨텍스트를 더럽히는 애노테이션을 쓰면 캐시 재사용이 깨져 매번 새 컨텍스트를 띄우게 됩니다. 면접에서는 테스트 전략에서 “컨텍스트 재사용”이 왜 중요한지 설명할 수 있어야 합니다. 실무에서는 프로퍼티를 테스트마다 다르게 바꾸거나, @DirtiesContext 남발로 인해 CI 시간이 폭증하는 일이 흔합니다. 따라서 슬라이스 테스트와 통합 테스트를 분리하고, 컨텍스트 구성을 최대한 공유하도록 설계하는 것이 필요합니다.		테스트마다 설정이 달라져 컨텍스트 재생성이 반복될 때	TRUE	MockMvc를 쓰면 컨텍스트가 항상 캐시되지 않는다	FALSE	JUnit을 쓰면 컨텍스트 캐시가 비활성화된다	FALSE	Mockito를 쓰면 컨텍스트가 자동으로 2개로 늘어난다	FALSE	test	spring	context	performance
Q247	@DirtiesContext(DirtiesContext)		Backend - 테스트	22	CHOICE	HARD	@DirtiesContext를 남발했을 때 가장 현실적인 부작용으로 올바른 것은?	@DirtiesContext는 컨텍스트를 “더러워졌다”고 표시해 다음 테스트에서 캐시된 컨텍스트를 폐기하고 새로 로딩하게 합니다. 그래서 테스트 격리를 얻을 수 있지만, 컨텍스트 재로딩 비용이 커져 테스트가 극도로 느려집니다. 면접에서는 왜 슬라이스 테스트로 빠르게 검증하고, 컨텍스트 재생성은 최소화해야 하는지 운영 관점으로 설명하면 좋습니다. 실무에서는 CI 시간이 늘면 피드백 루프가 느려져 품질이 오히려 떨어질 수 있습니다. 따라서 정말 필요한 경우에만 사용하고, 대안(트랜잭션 롤백, 상태 초기화)으로 해결하는 편이 좋습니다.		컨텍스트 재로딩이 반복되어 테스트 시간이 크게 증가한다	TRUE	DB 락이 자동으로 사라져 테스트가 빨라진다	FALSE	CORS가 비활성화되어 테스트가 안정화된다	FALSE	GC가 줄어들어 빌드가 빨라진다	FALSE	test	dirtiescontext	performance	spring
Q248	@Transactional 테스트와 비동기		Backend - 테스트	22	CHOICE	HARD	@Transactional 테스트에서 비동기(@Async)로 DB를 수정했는데 테스트 종료 롤백에 포함되지 않을 수 있는 대표 이유는?	테스트 트랜잭션은 보통 테스트 스레드에 바인딩됩니다. @Async는 다른 스레드에서 실행되므로 동일 트랜잭션 컨텍스트를 공유하지 않는 경우가 많습니다. 그 결과 비동기에서 커밋된 데이터가 롤백에 포함되지 않아 테스트 데이터가 남을 수 있습니다. 면접에서는 ThreadLocal 기반 트랜잭션 바인딩을 이해하는지 확인합니다. 실무에서는 비동기 포함 테스트는 통합 테스트로 분리하거나, 동기 실행으로 전환하거나, 트랜잭션 경계를 명시적으로 설계해야 안정적입니다. 또한 테스트 격리를 위해 DB 정리 전략을 함께 가져가야 합니다.		비동기는 다른 스레드라 테스트 트랜잭션에 참여하지 못할 수 있어서	TRUE	비동기는 항상 같은 트랜잭션을 공유하도록 강제되기 때문	FALSE	비동기는 JVM이 자동으로 롤백해주기 때문	FALSE	비동기는 CORS 정책이 달라져서	FALSE	test	transaction	threadlocal	springboot
Q249	Publication Escape(안전한 퍼블리케이션)		언어 중심 - Java	94	CHOICE	HARD	멀티스레드에서 객체를 “안전하게 공유(publish)”했다고 말할 수 있는 조건으로 가장 올바른 것은?	안전한 퍼블리케이션은 다른 스레드가 객체를 참조할 때 생성자에서 설정한 값들이 올바르게 보이도록 하는 조건입니다. 단순히 전역 변수에 넣는 것만으로는 재정렬 때문에 위험할 수 있습니다. final 필드의 초기화 규칙, volatile 참조, synchronized 블록, 스레드 안전 컬렉션, 그리고 안전한 초기화(예: static initializer) 같은 경로로 publish되면 안전성이 보장됩니다. 면접에서는 “참조는 보이는데 내부 값은 기본값” 같은 반직관적 현상을 설명할 수 있는지 자주 봅니다. 실무에서는 싱글톤, 캐시, DI 컨테이너 같은 곳에서 안전한 publish가 사실상 기본 전제가 됩니다.		volatile synchronized 안전한 초기화 경로로 공유되어야 한다	TRUE	객체를 new로 만들기만 하면 자동으로 안전하다	FALSE	sleep으로 충분히 기다리면 항상 안전해진다	FALSE	try catch로 감싸면 가시성이 보장된다	FALSE	java	jmm	publish	concurrency
Q250	VarHandle(VarHandle)		언어 중심 - Java	94	CHOICE	HARD	Atomic 계열 대신 VarHandle을 선택할 수 있는 상황으로 가장 적절한 것은?	VarHandle은 낮은 수준의 원자 연산과 메모리 장벽을 직접 다룰 수 있는 API입니다. Atomic 클래스보다 더 세밀한 접근이 가능하고, 특정 필드에 대해 다양한 메모리 접근 모드(opaque acquire release volatile)를 선택할 수 있습니다. 면접에서는 “왜 이런 저수준 API가 필요한가”를 성능과 제어 관점으로 설명할 수 있어야 합니다. 실무에서는 커스텀 lock free 구조나 성능 극한 튜닝에서 등장하지만, 코드 복잡도와 검증 비용이 매우 커집니다. 따라서 일반 비즈니스 로직에서는 Atomic이나 동시성 컬렉션이 보통 더 안전합니다.		필드 단위로 메모리 접근 모드를 세밀히 제어해야 할 때	TRUE	JPA 엔티티 매핑을 쉽게 하려고	FALSE	CORS 설정을 자동화하려고	FALSE	트랜잭션 전파를 바꾸려고	FALSE	java	varhandle	concurrency	memory
Q251	Final Field Semantics(final field)		언어 중심 - Java	94	CHOICE	HARD	final 필드가 멀티스레드에서 비교적 안전하다고 말할 수 있는 이유로 가장 올바른 것은?	final 필드는 생성자에서 값이 설정되고, 생성이 정상 완료된 뒤 안전하게 publish되면 다른 스레드에서 올바른 값을 볼 가능성이 높아집니다. JMM은 final 필드에 대해 특별한 초기화 가시성 규칙을 제공합니다. 면접에서는 “final이면 무조건 안전”이 아니라, 생성자 탈출(this escape)과 안전한 publish가 전제라는 점을 말할 수 있어야 합니다. 실무에서는 불변 객체 설계가 동시성 버그를 줄이는 강력한 전략이며, final과 캡슐화는 그 기반입니다. 하지만 가변 참조를 final로 잡아도 내부 가변 상태는 여전히 위험할 수 있어 깊은 불변성이 중요합니다.		생성자 완료 후 publish되면 초기화 값 가시성을 돕는 규칙이 있다	TRUE	final은 어떤 상황에서도 동시성 문제가 절대 없다	FALSE	final은 GC를 비활성화해서 안전해진다	FALSE	final은 스레드를 하나만 쓰게 만들어 안전해진다	FALSE	java	immutable	jmm	final
Q252	ThreadLocal 누수(ThreadLocal leak)		언어 중심 - Java	94	CHOICE	HARD	스레드풀 환경에서 ThreadLocal이 메모리 누수나 보안 문제로 이어지는 핵심 메커니즘은?	스레드풀은 스레드를 재사용하므로 ThreadLocal 값이 다음 요청까지 남을 수 있습니다. remove를 하지 않으면 사용자 정보 같은 컨텍스트가 다른 요청으로 새거나, 큰 객체가 계속 붙잡혀 메모리 누수가 됩니다. 면접에서는 ThreadLocalMap과 약한 참조 키, 그리고 값이 남는 케이스를 설명할 수 있으면 좋습니다. 실무에서는 필터 인터셉터 finally에서 정리하고, 비동기 전환 시 컨텍스트 전파 정책을 명확히 하는 것이 핵심입니다. 특히 MDC, SecurityContext 같은 것이 대표적인 ThreadLocal 사용자입니다.		스레드가 재사용되어 값이 다음 요청으로 남을 수 있어서	TRUE	ThreadLocal은 프로세스 간 공유 메모리이기 때문	FALSE	ThreadLocal은 항상 값이 자동 삭제되기 때문	FALSE	ThreadLocal은 DB 트랜잭션을 강제하기 때문	FALSE	java	threadlocal	leak	security
Q253	BoundedElastic vs Fixed Pool(Executor 선택)		Backend - 비동기 처리	19	CHOICE	HARD	블로킹 I O 작업을 리액티브 파이프라인에 섞어야 할 때 흔히 선택하는 전략으로 가장 올바른 것은?	리액티브는 논블로킹을 전제로 하므로 블로킹 호출을 이벤트 루프 스레드에서 실행하면 시스템이 멈칫합니다. 그래서 별도 스케줄러나 전용 스레드풀로 오프로드하는 전략이 필요합니다. 면접에서는 WebFlux에서 블로킹 코드가 왜 위험한지, 그리고 어떻게 격리할지 질문이 자주 나옵니다. 실무에서는 bounded elastic 스케줄러나 별도 executor로 격리해 이벤트 루프를 보호합니다. 또한 블로킹 작업이 많다면 아키텍처적으로 MVC로 돌리거나, 블로킹 의존을 제거하는 방향이 더 건강할 수 있습니다.		블로킹 작업은 별도 스레드풀로 오프로드해 이벤트 루프를 보호한다	TRUE	이벤트 루프에서 블로킹을 돌려도 백프레셔가 자동 해결한다	FALSE	OSIV를 켜면 블로킹 호출이 논블로킹으로 바뀐다	FALSE	GC 튜닝만 하면 블로킹 I O가 사라진다	FALSE	reactive	webflux	blocking	scheduler
Q254	Reactor Context(Reactor Context)		Backend - 비동기 처리	19	CHOICE	HARD	WebFlux에서 ThreadLocal 기반 MDC가 잘 안 맞는 근본 이유로 가장 올바른 것은?	WebFlux는 요청 처리 과정에서 스레드가 고정되지 않고 바뀔 수 있습니다. ThreadLocal은 “스레드”에 묶이므로 컨텍스트가 쉽게 끊깁니다. 그래서 리액티브에서는 Reactor Context 같은 방식으로 컨텍스트를 흐름에 실어 전달합니다. 면접에서는 ThreadLocal 전파와 리액티브의 실행 모델 차이를 설명할 수 있어야 합니다. 실무에서는 추적 ID나 인증 정보를 Context에 넣고 로깅 연동을 구현하는 패턴이 많습니다. 이를 이해하지 못하면 로그 상관관계가 끊겨 운영이 어려워집니다.		처리 스레드가 바뀌어 ThreadLocal 컨텍스트가 유지되지 않아서	TRUE	WebFlux는 로그를 출력할 수 없어서	FALSE	WebFlux는 JSON을 지원하지 않아서	FALSE	WebFlux는 트랜잭션을 지원하지 않아서	FALSE	webflux	reactor	context	logging
Q255	LazyInitializationException 근본 원인		Backend - 언어 & 프레임워크	21	CHOICE	HARD	OSIV가 꺼진 환경에서 LazyInitializationException이 발생하는 가장 근본적인 이유는?	지연 로딩은 영속성 컨텍스트가 열려 있을 때 프록시를 초기화하며 데이터를 가져옵니다. OSIV가 꺼져 있거나 트랜잭션이 끝나 컨텍스트가 닫히면 프록시를 초기화할 수 없어 예외가 발생합니다. 면접에서는 “어디서 엔티티를 DTO로 변환해야 하는가” 질문으로 이어집니다. 실무에서는 서비스 계층에서 필요한 연관을 미리 조회(fetch join, entity graph, batch fetch)하고 DTO를 만들어 컨트롤러로 넘기는 방식이 일반적입니다. 또한 계층 침범을 막고 커넥션 점유 시간을 줄이기 위해 OSIV off를 선택하는 조직이 많습니다.		영속성 컨텍스트가 닫힌 뒤 프록시 초기화를 시도해서	TRUE	DB 인덱스가 없어서	FALSE	JVM이 클래스를 못 찾아서	FALSE	CORS 프리플라이트가 중복되어서	FALSE	jpa	lazy	osiv	exception
Q256	Entity Graph vs Fetch Join 선택		Backend - 언어 & 프레임워크	21	CHOICE	HARD	복잡한 조회에서 EntityGraph가 fetch join보다 유리할 수 있는 대표 상황은?	fetch join은 강력하지만 컬렉션 fetch join과 페이징이 충돌하거나, 조인 폭증으로 row가 뻥튀기될 수 있습니다. EntityGraph는 필요 연관만 선택적으로 로딩 전략을 바꿀 수 있어 유스케이스별로 조절이 수월합니다. 면접에서는 두 방식의 장단점과 페이징 제약을 명확히 알고 있는지 봅니다. 실무에서는 목록 화면은 페이징이 중요하므로 컬렉션 fetch join을 피하고, 배치 페치나 EntityGraph, DTO 조회로 대체하는 경우가 많습니다. 또한 코드 가독성과 재사용성 측면에서 EntityGraph가 더 나을 때도 있습니다.		페이징과 충돌하는 컬렉션 fetch join을 피해야 할 때	TRUE	언제나 EntityGraph가 fetch join보다 무조건 빠르다	FALSE	EntityGraph는 SQL을 전혀 발생시키지 않는다	FALSE	fetch join은 트랜잭션이 없으면 동작하지 않는다	FALSE	jpa	entitygraph	fetchjoin	paging
Q257	Flush와 Commit 차이		Backend - 언어 & 프레임워크	21	CHOICE	HARD	JPA에서 flush와 commit의 관계를 가장 올바르게 설명한 것은?	flush는 변경 내용을 DB에 “동기화”하지만 트랜잭션을 끝내지는 않습니다. commit은 트랜잭션을 종료하며 영구 반영합니다. 즉 flush 했다고 해서 커밋된 것은 아니고, 이후 롤백되면 반영도 되돌아갑니다. 면접에서는 flush가 언제 자동으로 발생하는지(AUTO 모드에서 쿼리 전)까지 물을 수 있습니다. 실무에서는 예상치 못한 flush가 쿼리 성능이나 락에 영향을 줄 수 있어, 트랜잭션 범위와 flush 타이밍을 의식적으로 관리해야 합니다. 특히 배치 처리에서는 주기적 flush clear 패턴이 필수적입니다.		flush는 동기화이고 commit은 트랜잭션 종료 및 영구 반영이다	TRUE	flush는 트랜잭션을 종료하고 commit은 동기화만 한다	FALSE	flush와 commit은 완전히 동일한 동작이다	FALSE	flush는 항상 롤백을 자동 수행한다	FALSE	jpa	flush	commit	transaction
Q258	Dirty Checking(더티 체킹)		Backend - 언어 & 프레임워크	21	CHOICE	HARD	JPA 더티 체킹이 성립하기 위한 전제 조건으로 가장 올바른 것은?	더티 체킹은 영속성 컨텍스트가 엔티티의 스냅샷을 관리하고, 커밋/flush 시점에 변경을 감지해 update를 생성하는 메커니즘입니다. 따라서 엔티티가 영속 상태로 관리되고 있어야 합니다. 면접에서는 준영속(detached)에서 변경해도 자동 반영되지 않는다는 점을 물을 수 있습니다. 실무에서는 엔티티를 조회한 뒤 변경만 하고 save를 호출하지 않는 패턴이 더티 체킹 기반 업데이트입니다. 다만 트랜잭션 경계 밖에서 변경하거나, 영속성 컨텍스트가 clear되어 있으면 반영되지 않아 버그가 생길 수 있습니다.		엔티티가 영속 상태로 컨텍스트에 관리되어야 한다	TRUE	DTO로 매핑된 객체면 자동으로 감지된다	FALSE	엔티티에 @Data가 붙으면 자동으로 더티 체킹된다	FALSE	OSIV를 켜면 어떤 상태든 더티 체킹된다	FALSE	jpa	dirtychecking	persistence	entity
Q259	Propagation REQUIRES_NEW(Requires New)		Backend - 언어 & 프레임워크	21	CHOICE	HARD	Propagation REQUIRES_NEW의 동작으로 가장 올바른 것은?	REQUIRES_NEW는 현재 트랜잭션이 있으면 일시 중단하고 새로운 트랜잭션을 시작합니다. 내부 트랜잭션이 커밋되면 외부가 롤백되더라도 내부 커밋은 유지될 수 있어 “부분 커밋”이 가능합니다. 면접에서는 로그 저장, 감사 기록처럼 외부 실패와 분리하고 싶은 작업에 쓰는지 질문이 나옵니다. 실무에서는 남발하면 트랜잭션이 중첩되어 락과 커넥션 점유가 늘 수 있어 주의해야 합니다. 또한 예외 처리 흐름을 잘못 설계하면 예상치 못한 데이터만 남는 사고가 생길 수 있어, 사용 목적을 명확히 제한하는 것이 좋습니다.		기존 트랜잭션을 중단하고 새 트랜잭션을 시작한다	TRUE	항상 기존 트랜잭션에 참여만 한다	FALSE	트랜잭션을 완전히 비활성화한다	FALSE	readOnly를 자동으로 강제한다	FALSE	spring	transaction	propagation	requiresnew
Q260	Propagation NESTED(Nested)		Backend - 언어 & 프레임워크	21	CHOICE	HARD	NESTED 전파가 “부분 롤백”을 가능하게 하는 핵심 메커니즘으로 가장 올바른 것은?	NESTED는 보통 savepoint를 사용해 내부 작업을 부분적으로 되돌릴 수 있게 합니다. 외부 트랜잭션 안에서 savepoint를 만들고, 내부 실패 시 그 지점까지 롤백합니다. 면접에서는 REQUIRES_NEW와의 차이(독립 커밋 vs savepoint)를 설명할 수 있어야 합니다. 실무에서는 DB와 트랜잭션 매니저가 savepoint를 지원해야 하고, JPA 환경에서 제약이 있을 수 있어 적용 전 검증이 필요합니다. 또한 중첩 트랜잭션을 남발하면 로직이 복잡해져 디버깅이 어려워집니다.		savepoint 기반으로 내부 실패만 되돌릴 수 있어서	TRUE	별도 DB 커넥션을 강제로 하나 더 열어서	FALSE	CORS 설정을 변경해서	FALSE	OSIV를 켜서	FALSE	spring	transaction	nested	savepoint
Q261	@TransactionalEventListener 실패 처리		Backend - 비동기 처리	19	CHOICE	HARD	AFTER_COMMIT 리스너에서 예외가 발생했을 때 가장 현실적인 리스크로 올바른 것은?	AFTER_COMMIT은 이미 DB 커밋이 완료된 뒤 실행됩니다. 그래서 리스너 실패를 “롤백”으로 되돌릴 수 없고, 후속 작업(메시지 발행, 메일 발송)이 누락될 수 있습니다. 면접에서는 이 누락을 어떻게 보완할지(재시도, 아웃박스, 보상 처리)를 설명할 수 있어야 합니다. 실무에서는 커밋 후 부수 효과는 반드시 “재처리 가능”하게 설계해야 운영 안정성이 올라갑니다. 단순 로그만 남기고 끝내면 데이터는 저장됐는데 외부 시스템은 모르는 상태가 되어 장애 복구가 어렵습니다.		커밋은 끝났고 후속 작업만 누락되어 불일치가 생길 수 있다	TRUE	예외가 발생하면 자동으로 커밋도 취소된다	FALSE	예외가 발생하면 DB가 자동으로 스키마를 복구한다	FALSE	예외가 발생하면 CORS가 비활성화된다	FALSE	spring	event	aftercommit	reliability
Q262	JWT 키 롤오버(JWK rotation)		Backend - 인증/인가	18	CHOICE	HARD	JWT 서명 키를 롤오버(교체)할 때 흔히 사용하는 방법으로 가장 올바른 것은?	키 롤오버는 기존 토큰을 즉시 무효화하지 않으면서 새 키로 발급을 전환해야 합니다. 이를 위해 키 ID(kid)를 토큰 헤더에 넣고, 서버가 kid에 맞는 공개키를 JWK Set에서 선택하는 패턴이 흔합니다. 면접에서는 kid의 목적과 키 캐시 전략까지 질문이 나올 수 있습니다. 실무에서는 JWK를 캐시하되 만료와 갱신을 잘 설계하지 않으면 인증 장애가 발생합니다. 또한 롤오버 기간 동안 구키와 신키를 함께 검증해야 하며, 토큰 만료 시간 정책과도 맞물립니다.		kid로 키를 식별하고 JWK Set에서 해당 키로 검증한다	TRUE	키 롤오버는 토큰을 전부 강제 삭제해야만 가능하다	FALSE	키 롤오버는 CORS 설정으로 해결된다	FALSE	키 롤오버는 DB 인덱스를 재생성하는 작업이다	FALSE	jwt	jwk	security	springboot
Q263	OAuth2 State와 CSRF		Backend - 인증/인가	18	CHOICE	HARD	OAuth2 인가 요청에서 state 파라미터의 핵심 목적은?	state는 인가 요청과 콜백을 연결해 위조 요청을 막는 역할을 합니다. 즉 CSRF 방어와 요청 상관관계 유지가 핵심입니다. 면접에서는 nonce와의 차이(OpenID Connect), 그리고 state를 어디에 저장하고 검증할지 질문이 자주 나옵니다. 실무에서는 state를 세션이나 짧은 TTL 저장소에 두고, 콜백에서 동일성을 검증합니다. state 검증이 빠지면 공격자가 사용자를 원치 않는 계정으로 로그인시키는 등의 문제가 생길 수 있어 반드시 구현해야 합니다.		요청 위조 방지와 요청 상관관계 유지를 위해서	TRUE	Access Token을 암호화하기 위해서	FALSE	DB 락을 줄이기 위해서	FALSE	CORS 프리플라이트를 제거하기 위해서	FALSE	oauth2	state	csrf	spring
Q264	2단계 커밋(2PC)		Backend - 아키텍처 패턴	20	CHOICE	HARD	2PC가 분산 트랜잭션에서 갖는 대표 단점으로 가장 올바른 것은?	2PC는 원자성을 높이지만 coordinator 장애나 네트워크 분할 상황에서 참여자들이 락을 잡고 대기하는 문제가 발생할 수 있습니다. 결과적으로 지연이 길어지고 가용성이 떨어질 수 있습니다. 면접에서는 CAP 관점에서 2PC의 trade off를 설명할 수 있어야 합니다. 실무에서는 마이크로서비스에서 2PC를 피하고 사가나 outbox, 최종 일관성 기반 설계를 선호하는 이유가 여기 있습니다. 또한 운영 복잡도와 장애 복구 비용이 크기 때문에 도입 전에 비용 대비 효과를 엄격히 평가해야 합니다.		락 대기와 가용성 저하 같은 운영 비용이 크다	TRUE	2PC는 항상 더 빠르고 단순하다	FALSE	2PC는 단일 DB 트랜잭션과 완전히 같다	FALSE	2PC는 캐시 히트율을 자동으로 올린다	FALSE	distributed	2pc	transaction	springboot
Q265	멱등 소비자(Idempotent consumer)		Backend - 아키텍처 패턴	20	CHOICE	HARD	메시지 기반 시스템에서 “적어도 한 번(at least once)” 전달을 사용할 때 필수적으로 고려해야 하는 것은?	at least once는 중복 전달이 발생할 수 있습니다. 그래서 소비자는 동일 메시지를 여러 번 받아도 결과가 한 번 처리된 것과 같도록 멱등하게 설계해야 합니다. 면접에서는 outbox와 결합해 중복 발행 가능성을 어떻게 흡수할지 질문이 나옵니다. 실무에서는 메시지 ID 기반 처리 기록, 유니크 키 제약, 업서트, 상태 머신 등으로 멱등성을 구현합니다. 또한 멱등 저장소의 TTL, 재처리 전략, 순서 보장과의 관계까지 고려해야 운영에서 안정적으로 돌아갑니다.		중복 메시지를 견디는 멱등 처리 설계	TRUE	중복은 브로커가 100퍼센트 막아주므로 고려 불필요	FALSE	중복은 CORS 정책으로 해결된다	FALSE	중복은 GC 튜닝으로 사라진다	FALSE	messaging	idempotency	outbox	springboot
Q266	테스트 컨텍스트 캐시(TestContext cache)		Backend - 테스트	22	CHOICE	HARD	@SpringBootTest에서 테스트가 느려지는 대표 원인 중 하나로 “컨텍스트 캐시가 깨지는” 상황은?	스프링 테스트는 애플리케이션 컨텍스트를 캐시해 재사용하며 속도를 확보합니다. 그런데 테스트마다 다른 설정을 적용하거나, 컨텍스트를 더럽히는 애노테이션을 쓰면 캐시 재사용이 깨져 매번 새 컨텍스트를 띄우게 됩니다. 면접에서는 테스트 전략에서 “컨텍스트 재사용”이 왜 중요한지 설명할 수 있어야 합니다. 실무에서는 프로퍼티를 테스트마다 다르게 바꾸거나, @DirtiesContext 남발로 인해 CI 시간이 폭증하는 일이 흔합니다. 따라서 슬라이스 테스트와 통합 테스트를 분리하고, 컨텍스트 구성을 최대한 공유하도록 설계하는 것이 필요합니다.		테스트마다 설정이 달라져 컨텍스트 재생성이 반복될 때	TRUE	MockMvc를 쓰면 컨텍스트가 항상 캐시되지 않는다	FALSE	JUnit을 쓰면 컨텍스트 캐시가 비활성화된다	FALSE	Mockito를 쓰면 컨텍스트가 자동으로 2개로 늘어난다	FALSE	test	spring	context	springboot
Q267	@DirtiesContext(DirtiesContext)		Backend - 테스트	22	CHOICE	HARD	@DirtiesContext를 남발했을 때 가장 현실적인 부작용으로 올바른 것은?	@DirtiesContext는 컨텍스트를 “더러워졌다”고 표시해 다음 테스트에서 캐시된 컨텍스트를 폐기하고 새로 로딩하게 합니다. 그래서 테스트 격리를 얻을 수 있지만, 컨텍스트 재로딩 비용이 커져 테스트가 극도로 느려집니다. 면접에서는 왜 슬라이스 테스트로 빠르게 검증하고, 컨텍스트 재생성은 최소화해야 하는지 운영 관점으로 설명하면 좋습니다. 실무에서는 CI 시간이 늘면 피드백 루프가 느려져 품질이 오히려 떨어질 수 있습니다. 따라서 정말 필요한 경우에만 사용하고, 대안(트랜잭션 롤백, 상태 초기화)으로 해결하는 편이 좋습니다.		컨텍스트 재로딩이 반복되어 테스트 시간이 크게 증가한다	TRUE	DB 락이 자동으로 사라져 테스트가 빨라진다	FALSE	CORS가 비활성화되어 테스트가 안정화된다	FALSE	GC가 줄어들어 빌드가 빨라진다	FALSE	test	dirtiescontext	performance	springboot
Q268	@Transactional 테스트와 비동기		Backend - 테스트	22	CHOICE	HARD	@Transactional 테스트에서 비동기(@Async)로 DB를 수정했는데 테스트 종료 롤백에 포함되지 않을 수 있는 대표 이유는?	테스트 트랜잭션은 보통 테스트 스레드에 바인딩됩니다. @Async는 다른 스레드에서 실행되므로 동일 트랜잭션 컨텍스트를 공유하지 않는 경우가 많습니다. 그 결과 비동기에서 커밋된 데이터가 롤백에 포함되지 않아 테스트 데이터가 남을 수 있습니다. 면접에서는 ThreadLocal 기반 트랜잭션 바인딩을 이해하는지 확인합니다. 실무에서는 비동기 포함 테스트는 통합 테스트로 분리하거나, 동기 실행으로 전환하거나, 트랜잭션 경계를 명시적으로 설계해야 안정적입니다. 또한 테스트 격리를 위해 DB 정리 전략을 함께 가져가야 합니다.		비동기는 다른 스레드라 테스트 트랜잭션에 참여하지 못할 수 있어서	TRUE	비동기는 항상 같은 트랜잭션을 공유하도록 강제되기 때문	FALSE	비동기는 JVM이 자동으로 롤백해주기 때문	FALSE	비동기는 CORS 정책이 달라져서	FALSE	test	transaction	async	springboot
Q269	Escape Analysis(이스케이프 분석)		언어 중심 - Java	94	CHOICE	HARD	JIT의 Escape Analysis 최적화로 기대할 수 있는 효과로 가장 올바른 것은?	Escape Analysis는 객체가 메서드나 스레드 밖으로 “탈출(escape)”하지 않는다고 판단되면 여러 최적화를 가능하게 합니다. 대표적으로 스택 할당처럼 보이게 만들거나(실제로는 최적화), 스칼라 치환으로 객체 자체를 없애고 필드 값을 레지스터에 둘 수 있습니다. 면접에서는 “new를 많이 해도 항상 느린가” 같은 질문으로 연결되며, JVM이 객체 할당을 적극 최적화한다는 관점을 보여주면 좋습니다. 실무에서는 성능 튜닝 시 객체 생성 수만 보고 단정하지 말고, 프로파일링으로 실제 병목을 확인해야 합니다. 다만 최적화는 JVM 버전과 워크로드에 따라 달라져, 예측보다는 측정이 중요합니다.		객체 할당 제거 또는 스칼라 치환 같은 최적화가 가능해진다	TRUE	모든 객체가 무조건 스택에 물리적으로 저장된다	FALSE	GC가 완전히 필요 없어져 메모리 문제가 사라진다	FALSE	synchronized가 자동으로 제거되어 데이터 경쟁이 사라진다	FALSE	java	jvm	jit	
Q270	Biased Locking(편향 락)		언어 중심 - Java	94	CHOICE	HARD	Biased Locking의 핵심 아이디어로 가장 올바른 것은?	편향 락은 락을 주로 같은 스레드가 획득하는 상황에서 락 획득 비용을 낮추려는 최적화입니다. 경쟁이 거의 없으면 CAS나 모니터 경합을 줄여 성능을 높일 수 있습니다. 면접에서는 경합이 생기면 편향이 해제되고 비용이 커질 수 있다는 점까지 설명하면 좋습니다. 실무에서는 JVM 옵션/버전에 따라 동작이 달라질 수 있어, 특정 환경에서의 성능 이슈를 이해할 때 개념이 도움이 됩니다. 또한 무조건 락을 피하기보다, 임계 구역을 줄이고 동시성 설계를 개선하는 것이 더 본질적일 때가 많습니다.		같은 스레드가 반복 획득하는 락 비용을 줄이려는 최적화다	TRUE	여러 스레드가 동시에 락을 잡게 해 처리량을 늘린다	FALSE	DB 락을 JVM이 대신 잡아준다	FALSE	트랜잭션 격리 수준을 자동 조정한다	FALSE	java	lock	jvm	
Q271	Lock Elision(락 제거)		언어 중심 - Java	94	CHOICE	HARD	Lock Elision이 가능해지는 대표 전제로 가장 올바른 것은?	락 제거는 JIT가 동기화가 실제로 필요 없다고 판단하면 synchronized를 없애는 최적화입니다. 객체가 다른 스레드에 공유되지 않거나, 임계 구역이 외부에 영향을 주지 않는다면 가능성이 생깁니다. 면접에서는 Escape Analysis와 연결해 설명할 수 있으면 좋습니다. 실무에서는 “synchronized가 있어도 항상 느리지 않은 이유”로 연결되며, JVM 최적화가 생각보다 공격적이라는 점을 보여줍니다. 다만 공유가 실제로 일어나는 상황에서는 제거되지 않으므로, 경쟁이 심한 코드에서 성능 문제가 생기면 설계를 바꾸는 것이 우선입니다.		객체가 스레드 간 공유되지 않는다고 판단될 때	TRUE	synchronized가 붙으면 무조건 제거된다	FALSE	GC가 실행되면 락이 제거된다	FALSE	CORS 설정에 따라 락이 제거된다	FALSE	java	jit	lock	
Q272	Virtual Thread(가상 스레드)		언어 중심 - Java	94	CHOICE	HARD	Java 가상 스레드(virtual thread)의 특성을 가장 올바르게 설명한 것은?	가상 스레드는 많은 동시 작업을 더 적은 OS 스레드로 효율적으로 처리하기 위한 경량 스레드 모델입니다. 블로킹 I O에서 특히 효과가 크며, 스레드당 비용을 낮춰 “스레드 1요청” 모델을 더 확장 가능하게 만듭니다. 면접에서는 플랫폼 스레드와의 차이, 그리고 모든 문제가 자동으로 해결되는 건 아니라는 점(예: CPU 바운드, synchronized 경합, ThreadLocal 사용)까지 언급하면 좋습니다. 실무에서는 웹 서버에서 처리량 개선이 기대되지만, 라이브러리 호환성과 관측 도구, 스레드 로컬/컨텍스트 전파 이슈를 함께 검증해야 합니다.		경량 스레드로 블로킹 I O 동시성을 크게 늘릴 수 있다	TRUE	OS 스레드를 완전히 없애 CPU 작업도 무한히 확장한다	FALSE	가상 스레드는 트랜잭션을 자동으로 전파한다	FALSE	가상 스레드는 JPA 지연 로딩 예외를 막아준다	FALSE	java	virtualthread	concurrency	
Q273	ForkJoinPool 워크 스틸링(Work Stealing)		언어 중심 - Java	94	CHOICE	HARD	ForkJoinPool의 워크 스틸링이 의미하는 것으로 가장 올바른 것은?	워크 스틸링은 각 워커 스레드가 자신의 작업 큐를 가지고 처리하다가, 일이 비면 다른 워커의 큐에서 작업을 “훔쳐” 균형을 맞추는 방식입니다. 분할 정복 작업에서 부하 분산에 유리합니다. 면접에서는 parallel stream이 내부적으로 ForkJoinPool을 사용하는 점과 함께, 블로킹 작업을 섞으면 문제가 될 수 있다는 점을 질문할 수 있습니다. 실무에서는 CPU 바운드 작업에 적합하지만, I O 바운드나 블로킹 호출이 많으면 별도 풀을 쓰는 것이 안전합니다.		놀고 있는 워커가 다른 워커 큐의 작업을 가져와 처리한다	TRUE	요청마다 새 스레드를 만들어 처리한다	FALSE	DB 트랜잭션을 분산 커밋한다	FALSE	HTTP 요청을 캐시해 응답한다	FALSE	java	forkjoin	parallel	
Q274	Parallel Stream 함정(Parallel Stream)		언어 중심 - Java	94	CHOICE	HARD	parallelStream을 무분별하게 쓰면 위험해질 수 있는 대표 이유로 올바른 것은?	parallelStream은 공용 ForkJoinPool을 사용하며, 작업 특성에 따라 오히려 느려질 수 있습니다. 블로킹 I O를 섞으면 풀을 점유해 다른 병렬 작업까지 막을 수 있고, 오버헤드가 커서 작은 작업은 손해입니다. 면접에서는 “병렬이면 무조건 빠르지 않다”를 근거와 함께 말하는지 봅니다. 실무에서는 CPU 코어 수, 작업 크기, 공유 자원 경쟁, ThreadLocal/MDC 같은 부수 효과까지 고려해야 합니다. 또한 순서가 중요한 스트림이나 상태 공유가 있으면 버그가 생길 수 있어 신중한 적용이 필요합니다.		공용 풀 점유와 오버헤드로 성능과 안정성이 악화될 수 있다	TRUE	병렬 스트림은 항상 단일 스레드로만 실행된다	FALSE	병렬 스트림은 DB 락을 자동으로 제거한다	FALSE	병렬 스트림은 트랜잭션 격리 수준을 자동 조정한다	FALSE	java	stream	parallel	
Q275	JPA Dirty Checking 비용(스냅샷)		Backend - 언어 & 프레임워크	21	CHOICE	HARD	대량 업데이트 작업에서 영속성 컨텍스트를 그대로 유지하면 발생 가능한 대표 비용으로 가장 올바른 것은?	영속성 컨텍스트는 엔티티 스냅샷을 보관해 변경을 감지합니다. 대량 엔티티를 로드하면 메모리 사용이 커지고, flush 시점의 더티 체킹 비용도 증가합니다. 면접에서는 배치 업데이트에서 JPQL bulk update를 쓰는 이유와 트레이드오프(영속성 컨텍스트 불일치)를 설명할 수 있어야 합니다. 실무에서는 일정 건수마다 flush clear를 하거나, bulk update 후 clear를 해 일관성을 맞추는 패턴이 중요합니다. 이를 놓치면 OutOfMemory나 긴 GC, 예기치 못한 update 폭증이 발생할 수 있습니다.		메모리 사용 증가와 더티 체킹 비용 증가	TRUE	DB 스키마가 자동으로 변경된다	FALSE	CORS 오류가 증가한다	FALSE	JVM이 자동으로 트랜잭션을 분할한다	FALSE	jpa	batch	dirtychecking	springboot
Q276	JPQL Bulk Update 주의점(Bulk Update)		Backend - 언어 & 프레임워크	21	CHOICE	HARD	JPQL bulk update delete 사용 시 가장 중요한 주의점으로 올바른 것은?	bulk update delete는 DB에 직접 반영되고, 영속성 컨텍스트를 거치지 않습니다. 따라서 컨텍스트에 남아 있는 엔티티 상태와 DB가 불일치할 수 있습니다. 면접에서는 clear가 필요한 이유와, bulk 작업 후 조회 결과가 이상해지는 현상을 설명할 수 있어야 합니다. 실무에서는 bulk 수행 후 영속성 컨텍스트를 clear하거나, 아예 해당 트랜잭션에서 엔티티를 재사용하지 않는 규칙을 둡니다. 또한 bulk update는 엔티티 라이프사이클 콜백이 실행되지 않는 점도 운영 로직에 영향을 줄 수 있습니다.		영속성 컨텍스트와 DB 상태 불일치가 생길 수 있다	TRUE	bulk update는 항상 엔티티 콜백을 실행해 안전하다	FALSE	bulk update는 트랜잭션 없이도 자동 커밋된다	FALSE	bulk update는 지연 로딩 예외를 자동 해결한다	FALSE	jpa	bulk	persistence	springboot
Q277	Named Lock(네임드 락)		Backend - 언어 & 프레임워크	21	CHOICE	HARD	DB 네임드 락을 사용할 때 가장 적절한 사용 사례로 올바른 것은?	네임드 락은 특정 리소스 키에 대해 논리적 락을 제공해, 행이 존재하지 않거나 여러 테이블에 걸친 임계 구역을 보호할 때 사용될 수 있습니다. 면접에서는 “행 락과 무엇이 다른가”와 “락 해제 실패 시 위험”을 물을 수 있습니다. 실무에서는 재고, 쿠폰 발급처럼 경쟁이 심하고 키 기반으로 임계 구역을 보호해야 할 때 고려합니다. 다만 락을 오래 잡으면 전체 처리량이 급감하고 데드락이나 타임아웃이 생길 수 있어, 트랜잭션 범위와 타임아웃 관리가 필수입니다.		특정 키 기반 임계 구역 보호가 필요할 때	TRUE	정적 파일 캐싱을 위해서	FALSE	CORS 프리플라이트를 줄이기 위해서	FALSE	JSON 직렬화 성능을 위해서	FALSE	db	lock	concurrency	springboot
Q278	Id Generator 전략(Sequence vs Identity)		Backend - 언어 & 프레임워크	21	CHOICE	HARD	JPA에서 IDENTITY 전략이 batch insert에 불리할 수 있는 대표 이유로 올바른 것은?	IDENTITY는 보통 insert 후에 DB가 생성한 키를 받아야 하므로, JPA가 insert를 모아 보내기 어렵습니다. 결과적으로 insert를 개별로 수행하는 경향이 있어 배치 효율이 떨어질 수 있습니다. 면접에서는 SEQUENCE가 사전 할당으로 배치에 유리한 이유를 설명할 수 있어야 합니다. 실무에서는 DB 종류(MySQL, PostgreSQL)에 따라 선택지가 달라지고, 키 생성 전략이 성능에 직접 영향을 줄 수 있습니다. 따라서 대량 적재나 이벤트 로그성 테이블은 키 전략을 신중히 선택해야 합니다.		insert 후 키를 받아야 해 배치 최적화가 어렵다	TRUE	IDENTITY는 트랜잭션을 자동으로 분리하기 때문	FALSE	IDENTITY는 지연 로딩을 강제로 끄기 때문	FALSE	IDENTITY는 CORS 정책과 충돌하기 때문	FALSE	jpa	id	batch	springboot
Q279	Open Session In View(OSIV) 트레이드오프		Backend - 웹 서버 기초	17	CHOICE	HARD	OSIV를 켰을 때 운영 상 위험해질 수 있는 대표 포인트로 올바른 것은?	OSIV는 뷰 렌더링까지 영속성 컨텍스트를 열어 둬 컨트롤러 이후에도 지연 로딩이 가능하게 합니다. 하지만 그만큼 DB 커넥션 점유 시간이 길어질 수 있어 트래픽이 높을 때 커넥션 풀이 고갈될 위험이 있습니다. 면접에서는 “편의 vs 커넥션 점유” 트레이드오프를 명확히 설명해야 합니다. 실무에서는 API 서버에서는 OSIV를 끄고 서비스 계층에서 DTO를 완성하는 방식이 선호됩니다. 또한 OSIV가 켜져 있으면 무심코 컨트롤러에서 엔티티를 건드려 쿼리가 터져 성능이 예측 불가능해질 수 있습니다.		커넥션 점유 시간이 늘어 풀 고갈 위험이 커질 수 있다	TRUE	OSIV를 켜면 트랜잭션 격리 수준이 자동 상승한다	FALSE	OSIV를 켜면 CORS가 자동 해결된다	FALSE	OSIV를 켜면 모든 쿼리가 캐시되어 DB 부하가 0이 된다	FALSE	osiv	jpa	connectionpool	springboot
Q280	Filter vs Interceptor vs AOP		Backend - 웹 서버 기초	17	CHOICE	HARD	“컨트롤러 실행 전후”에 요청 처리 흐름을 가로채되, 스프링 MVC 핸들러 매핑 이후에 동작하는 구성 요소로 가장 올바른 것은?	필터는 서블릿 컨테이너 레벨에서 동작해 MVC 이전에도 실행됩니다. 인터셉터는 핸들러 매핑 이후, 컨트롤러 호출 전후에 실행되어 MVC 흐름에 더 가깝습니다. AOP는 스프링 빈 메서드 호출을 기준으로 동작해 HTTP 흐름과는 다른 축입니다. 면접에서는 이 3개의 실행 시점과 적용 범위를 확실히 구분하는지 봅니다. 실무에서는 인증은 필터, 권한과 로깅은 인터셉터, 트랜잭션이나 공통 비즈니스 로직은 AOP로 나누는 패턴이 흔합니다. 무엇을 어디에 두는지가 성능과 유지보수에 큰 영향을 줍니다.		HandlerInterceptor	TRUE	Servlet Filter	FALSE	BeanPostProcessor	FALSE	EntityListener	FALSE	spring	mvc	interceptor	filter
Q281	Method Security(메서드 보안)		Backend - 인증/인가	18	CHOICE	HARD	@PreAuthorize가 URL 기반 보안이 아니라 “메서드 호출 시점”에 권한을 검사한다는 의미로 가장 올바른 설명은?	메서드 보안은 컨트롤러뿐 아니라 서비스 계층까지 포함해 메서드 실행을 보호합니다. 그래서 같은 서비스 메서드를 여러 경로에서 호출하더라도 일관된 권한 체크를 강제할 수 있습니다. 면접에서는 URL 보안과 메서드 보안의 차이, 그리고 프록시 기반이라 내부 호출에서는 적용이 안 될 수 있다는 점까지 질문이 이어집니다. 실무에서는 권한 로직이 흩어지는 것을 막지만, 표현식이 복잡해지면 테스트와 유지보수가 어려워질 수 있습니다. 따라서 권한 체크를 정책화하고, 핵심 경계에만 적용하는 전략이 필요합니다.		서비스 등 메서드 실행 자체를 가로채 권한을 강제한다	TRUE	컨트롤러 매핑을 바꾸는 기능이다	FALSE	DB 트랜잭션을 자동으로 잠그는 기능이다	FALSE	CORS 헤더를 자동으로 추가하는 기능이다	FALSE	security	preauthorize	aop	authorization
Q282	SpEL 보안(SpEL Injection)		Backend - 인증/인가	18	CHOICE	HARD	SpEL을 사용한 권한 표현식에서 주의해야 할 보안 리스크로 가장 올바른 것은?	SpEL은 표현식을 평가하는 엔진이라, 입력값을 그대로 표현식으로 만들면 인젝션 위험이 생길 수 있습니다. 보통 @PreAuthorize 안의 SpEL은 코드에 고정되지만, 동적으로 조합하거나 사용자 입력을 표현식에 섞는 순간 위험해집니다. 면접에서는 SQL 인젝션처럼 “표현식 인젝션”도 설계 상 위험하다는 점을 아는지 볼 수 있습니다. 실무에서는 표현식을 코드로 고정하고, 변수는 안전한 파라미터로만 참조하며, 필요하면 커스텀 PermissionEvaluator로 캡슐화하는 편이 안전합니다. 또한 표현식에 과도한 권한 로직을 넣으면 테스트가 어려워지므로 별도 정책 계층을 두는 것도 좋습니다.		사용자 입력을 표현식으로 조합하면 인젝션 위험이 생길 수 있다	TRUE	SpEL은 컴파일 언어라 인젝션이 불가능하다	FALSE	SpEL은 DB 인덱스라 보안과 무관하다	FALSE	SpEL은 CORS 정책을 대체한다	FALSE	security	spel	injection	spring
Q283	Cache Stampede(캐시 스탬피드)		Backend - 아키텍처 패턴	20	CHOICE	HARD	캐시 스탬피드가 의미하는 상황으로 가장 올바른 것은?	캐시 스탬피드는 인기 키의 캐시가 만료되거나 비었을 때, 많은 요청이 동시에 DB나 원천 시스템을 때려 부하가 폭증하는 현상입니다. 면접에서는 TTL 지터, 선갱신, 단일 비행(single flight), 락 기반 재생성 같은 대응책을 말할 수 있어야 합니다. 실무에서는 트래픽이 큰 서비스에서 장애를 유발하는 대표 패턴이라, 캐시 설계가 단순 저장소가 아니라 “동시성 제어” 문제라는 관점이 중요합니다. 또한 캐시 무효화 정책이 잘못되면 특정 시각에 대량 만료가 몰려 폭발할 수 있어, 만료 분산이 실무 포인트입니다.		만료 순간 동시 미스가 몰려 원천 부하가 폭증하는 현상	TRUE	캐시가 너무 커서 JVM이 느려지는 현상	FALSE	캐시가 없으면 CORS가 막히는 현상	FALSE	캐시를 쓰면 트랜잭션이 자동 커밋되는 현상	FALSE	cache	stampede	performance	backend
Q284	Single Flight(단일 비행)		Backend - 아키텍처 패턴	20	CHOICE	HARD	캐시 미스 시 같은 키에 대한 중복 로딩을 1번만 수행하도록 만드는 기법으로 가장 올바른 것은?	단일 비행은 동일 리소스에 대한 동시 요청이 몰릴 때, 한 요청만 원천 조회를 수행하고 나머지는 그 결과를 기다리게 하는 패턴입니다. 캐시 스탬피드를 줄이는 대표 대응책입니다. 면접에서는 락 기반 구현, Future 공유, 요청 합치기(coalescing) 등을 설명할 수 있으면 좋습니다. 실무에서는 DB 부하를 크게 줄이지만, 대기 시간이 길어질 수 있어 타임아웃과 실패 전파 정책이 중요합니다. 또한 분산 환경에서는 Redis 분산 락이나 로컬 락 등 구현 선택에 따라 장애 모드가 달라집니다.		동일 키 로딩을 하나로 합쳐 중복 조회를 막는다	TRUE	모든 요청을 무조건 캐시에서만 처리한다	FALSE	DB 락을 항상 더 강하게 건다	FALSE	JWT를 캐시에 저장해 보안을 끝낸다	FALSE	cache	singleflight	concurrency	backend
Q285	분산 락(Distributed Lock)		Backend - 아키텍처 패턴	20	CHOICE	HARD	Redis 기반 분산 락 구현에서 반드시 고려해야 할 핵심 포인트로 가장 올바른 것은?	분산 락은 네트워크와 프로세스 장애가 존재하므로 “락을 영원히 잡는” 상황을 막아야 합니다. 그래서 TTL, 락 소유자 식별, 안전한 해제(내가 잡은 락만 해제), 연장(워치독) 같은 요소가 필요합니다. 면접에서는 단순 setnx만으로는 위험하다는 점을 알고 있는지 봅니다. 실무에서는 락 만료가 너무 짧으면 중복 실행이, 너무 길면 정체가 생기므로 지표 기반 튜닝이 필요합니다. 또한 락을 사용해야 하는지 자체를 재검토하고, DB 유니크 제약이나 멱등 처리로 대체하는 것이 더 안전할 때도 많습니다.		TTL과 소유자 검증 등 안전한 해제와 만료 전략	TRUE	락은 한 번 잡으면 만료 없이 유지해야 안전하다	FALSE	락은 CORS 설정으로 대체 가능하다	FALSE	락은 JPA flush로 자동으로 풀린다	FALSE	distributedlock	redis	concurrency	backend
Q286	컨트롤러 반환 타입과 직렬화		Backend - 웹 서버 기초	17	CHOICE	HARD	컨트롤러가 엔티티를 그대로 반환할 때 발생 가능한 가장 위험한 문제로 올바른 것은?	엔티티를 직접 반환하면 지연 로딩 프록시가 직렬화 과정에서 터지거나(LazyInitializationException), 원치 않는 연관이 로딩되어 N plus 1과 성능 폭발이 발생할 수 있습니다. 또한 양방향 연관은 무한 순환 참조로 직렬화 실패를 유발할 수 있습니다. 면접에서는 “왜 DTO를 써야 하는가”의 핵심 근거로 이 포인트가 자주 등장합니다. 실무에서는 API 스펙 안정성 측면에서도 엔티티 노출은 위험합니다. 엔티티 변경이 곧 API 변경이 되면 버저닝 비용이 커지고, 보안상 숨겨야 할 필드가 노출될 수 있기 때문입니다.		지연 로딩 직렬화와 순환 참조로 성능 및 오류가 발생할 수 있다	TRUE	엔티티 반환은 항상 가장 빠르고 안전하다	FALSE	엔티티 반환은 트랜잭션을 자동으로 닫아준다	FALSE	엔티티 반환은 CORS 문제를 해결한다	FALSE	spring	api	dto	jpa
Q287	ClassLoader 격리(ClassLoader isolation)		언어 중심 - Java	94	CHOICE	HARD	같은 클래스의 “이름”이 같아도 서로 다른 타입으로 취급될 수 있는 대표 조건은?	Java에서 타입 동일성은 보통 “클래스 이름 + 로더” 조합으로 결정됩니다. 그래서 서로 다른 ClassLoader가 같은 FQCN의 클래스를 로딩하면, 바이너리 이름이 같아도 서로 다른 타입으로 취급될 수 있습니다. 면접에서는 플러그인 아키텍처, WAS 리로딩, OSGi 같은 환경에서 왜 ClassCastException이 나오는지로 연결됩니다. 실무에서는 모듈 격리나 핫리로드, 톰캣의 웹앱 클래스 로더 구조에서 자주 마주치며, 라이브러리 중복 로딩이 발생하면 디버깅이 매우 어려워집니다. 따라서 의존성 충돌이 의심될 때는 “어떤 로더가 로딩했는지”를 확인하는 습관이 중요합니다.		서로 다른 ClassLoader가 같은 이름의 클래스를 로딩한 경우	TRUE	패키지 이름이 같으면 무조건 같은 타입이다	FALSE	JVM 버전이 다르면 같은 JVM 안에서도 타입이 달라진다	FALSE	GC가 수행되면 타입 동일성이 바뀐다	FALSE	java	classloader	jvm	modularity
Q288	Metaspace 누수(Metaspace leak)		언어 중심 - Java	94	CHOICE	HARD	장시간 실행 서버에서 Metaspace OOM이 발생할 수 있는 대표 원인으로 가장 올바른 것은?	Metaspace는 클래스 메타데이터가 저장되는 영역입니다. 클래스 로딩이 계속되는데 언로딩이 되지 않으면 Metaspace가 증가해 OOM이 날 수 있습니다. 면접에서는 동적 프록시(CGLIB), 리플렉션, 스크립트 엔진, 핫리로드 시 ClassLoader 누수와 연결해 설명할 수 있으면 좋습니다. 실무에서는 “클래스 로더 참조가 어딘가에 남아 언로딩이 안 되는” 형태가 핵심입니다. 따라서 배포/리로드가 잦은 환경에서 클래스 로더와 캐시의 참조 관계를 점검해야 합니다.		ClassLoader 누수로 클래스 언로딩이 안 되어 누적될 때	TRUE	힙이 부족하면 자동으로 Metaspace가 줄어든다	FALSE	DB 인덱스가 없으면 Metaspace가 늘어난다	FALSE	CORS 설정이 잘못되면 Metaspace가 꽉 찬다	FALSE	java	jvm	metaspace	memory
Q289	Checked vs Unchecked 예외 전파		언어 중심 - Java	94	CHOICE	HARD	스프링 트랜잭션 기본 롤백 규칙에서 “롤백을 유발하는 예외”로 가장 일반적인 것은?	스프링의 기본 트랜잭션은 RuntimeException과 Error 계열에서 롤백하는 것이 일반적입니다. Checked Exception은 기본적으로 롤백 대상이 아닐 수 있어 rollbackFor로 지정해야 합니다. 면접에서는 “왜 기본이 이렇게 설계되었나”와 “업무 예외를 어떻게 설계하나”로 이어집니다. 실무에서는 체크 예외를 던졌는데 데이터가 커밋되어 장애가 나는 케이스가 흔하므로, 예외 계층 설계와 트랜잭션 롤백 정책을 테스트로 고정하는 것이 중요합니다. 또한 예외를 잡아 삼켜버리면 롤백 마커가 사라질 수 있어 catch 처리도 신중해야 합니다.		RuntimeException 계열이 기본 롤백 대상이다	TRUE	모든 Checked Exception은 자동 롤백된다	FALSE	어떤 예외도 롤백되지 않고 항상 커밋된다	FALSE	Error는 트랜잭션과 무관하다	FALSE	spring	transaction	exception	rollback
Q290	Transaction Rollback Only(rollback only)		Backend - 언어 & 프레임워크	21	CHOICE	HARD	트랜잭션 내부에서 예외를 catch 하고 계속 진행했는데도 최종 커밋 시 UnexpectedRollbackException이 나는 대표 이유는?	트랜잭션 내부에서 예외가 발생해 롤백 마커(rollback only)가 찍혔는데, 호출자가 예외를 삼키고 정상 흐름으로 돌아가 커밋을 시도하면 발생할 수 있습니다. 면접에서는 전파(propagation)와 예외 처리 흐름을 함께 설명하는지 봅니다. 실무에서는 “예외를 잡아서 로깅만 하고 넘어가기”가 위험한 이유가 여기에 있습니다. 트랜잭션 경계에서는 예외를 적절히 재던지거나, 보상 로직을 분리하고, 필요한 경우 별도 트랜잭션(REQUIRES_NEW)으로 격리하는 설계가 필요합니다. 또한 롤백 마커가 찍힌 상태에서 계속 DB 작업을 하면 불필요한 부하만 늘 수 있습니다.		내부에서 rollback only가 설정된 상태로 커밋을 시도해서	TRUE	DB 인덱스가 없어서 커밋이 실패해서	FALSE	CORS가 막혀 트랜잭션이 종료돼서	FALSE	GC가 실행되어 커밋이 취소돼서	FALSE	spring	transaction	rollbackonly	exception
Q291	Self Invocation 문제(self invocation)		Backend - 언어 & 프레임워크	21	CHOICE	HARD	같은 클래스 내부에서 this로 @Transactional 메서드를 호출했을 때 트랜잭션이 적용되지 않을 수 있는 근본 이유는?	스프링의 @Transactional은 보통 프록시를 통해 적용됩니다. 외부에서 빈을 호출할 때 프록시를 거치며 트랜잭션이 걸립니다. 하지만 같은 클래스 내부에서 this로 호출하면 프록시를 거치지 않고 실제 객체 메서드를 직접 호출하게 되어 어드바이스가 적용되지 않을 수 있습니다. 면접에서는 AOP 프록시 원리와 해결책(구조 분리, 자기 주입, AspectJ 위빙 등)을 설명할 수 있어야 합니다. 실무에서는 트랜잭션 경계를 서비스 계층의 public 메서드에 두고, 내부 호출을 피하거나 클래스를 분리하는 방식이 안전합니다. 이 문제를 모르면 “분명 @Transactional인데 커밋이 왜 되지” 같은 난감한 장애를 겪기 쉽습니다.		프록시를 우회하는 내부 직접 호출이라 어드바이스가 적용되지 않아서	TRUE	JPA가 내부 호출을 금지해서	FALSE	JVM이 내부 호출을 인라인해서 트랜잭션이 삭제돼서	FALSE	OSIV가 꺼져서 내부 호출이 막혀서	FALSE	spring	aop	transactional	proxy
Q292	Proxy Target Class(proxy target class)		Backend - 언어 & 프레임워크	21	CHOICE	HARD	JDK 동적 프록시와 CGLIB 프록시의 차이를 가장 올바르게 설명한 것은?	JDK 동적 프록시는 인터페이스 기반으로 프록시를 만들고, CGLIB는 클래스 상속 기반으로 프록시를 만듭니다. 따라서 인터페이스가 없는 클래스는 JDK 프록시로 감싸기 어렵고, CGLIB가 필요할 수 있습니다. 면접에서는 final 클래스/메서드 제약과 프록시 적용 범위 차이를 물을 수 있습니다. 실무에서는 프록시 타입이 바뀌면 빈 타입 캐스팅이나 AOP 적용 여부, 성능 특성이 달라질 수 있어 설정을 명확히 하는 것이 좋습니다. 또한 프록시가 걸린 객체는 equals hashCode 같은 동작이 달라질 수 있어 엔티티나 값 객체에 프록시가 얽히지 않도록 설계해야 합니다.		JDK는 인터페이스 기반 CGLIB는 상속 기반 프록시다	TRUE	JDK는 상속 기반 CGLIB는 인터페이스 기반이다	FALSE	둘 다 항상 동일한 방식으로 프록시를 만든다	FALSE	프록시는 트랜잭션과는 전혀 무관하다	FALSE	spring	proxy	cglib	aop
Q293	@Transactional readOnly 최적화		Backend - 언어 & 프레임워크	21	CHOICE	HARD	readOnly 트랜잭션이 성능에 도움이 될 수 있는 대표 이유로 올바른 것은?	readOnly는 DB마다 효과가 다르지만, 스프링 JPA에서는 플러시 모드를 조정하거나 더티 체킹 비용을 줄이는 방향으로 최적화가 가능할 수 있습니다. 면접에서는 “readOnly면 무조건 빠르다”가 아니라, 실제 이득은 케이스와 구현에 따라 달라진다는 점을 설명하는지 봅니다. 실무에서는 조회 전용 API에서 readOnly를 사용해 의도(수정 금지)를 명확히 하고, 불필요한 변경 감지를 줄이는 것이 목표입니다. 다만 readOnly라고 해서 update가 절대 불가능한 것은 아니므로, 코드 규칙과 테스트로 보장하는 것이 안전합니다. 또한 DB 레벨에서도 트랜잭션 모드가 최적화될 수 있지만, 이는 DB 설정과 격리 수준에 좌우됩니다.		더티 체킹 및 flush 동작을 줄여 오버헤드를 낮출 수 있다	TRUE	readOnly는 자동으로 인덱스를 생성한다	FALSE	readOnly는 항상 격리 수준을 SERIALIZABLE로 만든다	FALSE	readOnly는 CORS 헤더를 추가한다	FALSE	spring	transaction	readonly	jpa
Q294	N plus 1 탐지 지표(N plus 1 detection)		Backend - 언어 & 프레임워크	21	CHOICE	HARD	N plus 1 문제가 발생했는지 가장 직접적으로 확인하는 방법으로 올바른 것은?	N plus 1은 코드만 봐서는 확신하기 어려워 실제 실행 쿼리를 확인하는 것이 가장 확실합니다. 하이버네이트 SQL 로그, p6spy, datasource proxy, APM 트레이싱 등으로 쿼리 수와 패턴을 확인합니다. 면접에서는 “성능 문제는 측정으로 확인” 관점을 보여주면 좋습니다. 실무에서는 단순 로그 출력만 켜도 성능에 영향을 줄 수 있어, 환경별로 샘플링이나 APM을 쓰는 전략이 필요합니다. 또한 동일 엔드포인트에서 요청당 쿼리 수가 급증하면 곧바로 경보를 울리도록 모니터링하는 것이 효과적입니다.		실제 실행 SQL과 쿼리 횟수를 로그 APM으로 확인한다	TRUE	코드에 @Transactional만 붙이면 자동으로 해결된다	FALSE	DB 인덱스를 추가하면 N plus 1이 사라진다	FALSE	GC를 튜닝하면 쿼리 수가 줄어든다	FALSE	performance	nplus1	logging	jpa
Q295	2차 캐시(Second Level Cache) 일관성		Backend - 언어 & 프레임워크	21	CHOICE	HARD	JPA 2차 캐시 도입 시 가장 주의해야 하는 핵심 포인트로 올바른 것은?	2차 캐시는 트랜잭션 밖에서도 공유되며 성능을 높일 수 있지만, 데이터 변경 시 캐시 무효화와 일관성 문제가 핵심입니다. 어떤 엔티티를 캐시할지, TTL과 무효화 전략을 어떻게 가져갈지, 그리고 분산 환경에서 캐시 동기화가 되는지 등을 고려해야 합니다. 면접에서는 “읽기 많고 변경 적은 데이터”가 적합하다는 기준을 말할 수 있으면 좋습니다. 실무에서는 설정만 켠다고 끝이 아니라, 변경 경로가 다양한 도메인에서 캐시가 잘못되면 오래된 데이터를 계속 내려주는 사고가 발생합니다. 또한 캐시로 DB 부하는 줄었는데 데이터 신뢰도가 떨어지면 오히려 서비스 품질이 악화됩니다.		무효화와 일관성 전략 없으면 오래된 데이터가 나갈 수 있다	TRUE	2차 캐시는 항상 최신 데이터를 보장한다	FALSE	2차 캐시는 트랜잭션을 없애준다	FALSE	2차 캐시는 CORS를 대신 처리한다	FALSE	jpa	cache	consistency	performance
Q296	낙관적 락 재시도(Optimistic retry)		Backend - 언어 & 프레임워크	21	CHOICE	HARD	낙관적 락 충돌이 잦은 도메인에서 가장 현실적인 대응 조합으로 올바른 것은?	낙관적 락은 충돌이 나면 실패로 드러나므로, 사용자 경험과 재시도 전략이 핵심입니다. 서버에서 제한된 횟수 재시도를 하거나, 사용자에게 “다른 사람이 수정했다”를 안내해 최신 데이터를 다시 로드하게 합니다. 면접에서는 무한 재시도가 위험한 이유(경합 폭발)와 멱등성 고려를 설명하면 좋습니다. 실무에서는 재시도에 백오프를 넣고, 충돌 로그를 모니터링해 설계를 재검토합니다. 또한 충돌이 잦다면 비관적 락이나 큐 기반 직렬화, 도메인 분해 등 아키텍처 레벨 조정이 필요할 수 있습니다.		제한된 재시도와 사용자 재로딩 UX를 함께 설계한다	TRUE	충돌이 나면 무조건 비관적 락으로만 전환하면 끝난다	FALSE	충돌은 GC 튜닝으로 해결된다	FALSE	충돌은 CORS 설정으로 해결된다	FALSE	jpa	optimisticlock	retry	concurrency
Q297	JWT Clock Skew(clock skew)		Backend - 인증/인가	18	CHOICE	HARD	분산 환경에서 JWT exp 검증이 간헐적으로 실패하는 원인으로 자주 언급되는 것은?	여러 서버의 시스템 시간이 완벽히 같지 않으면(exp 검증 기준 시각이 다름) 토큰이 아직 유효한데도 만료로 판단할 수 있습니다. 이를 clock skew라고 하며, 허용 오차를 두거나 NTP로 시간을 동기화합니다. 면접에서는 “분산 시스템에서 시간은 믿기 어렵다”는 관점을 보여주면 좋습니다. 실무에서는 토큰 만료 직전 구간에서 특히 오류가 집중될 수 있어, 허용 오차 설정과 모니터링이 중요합니다. 또한 모바일 단말 시간과 서버 시간이 다를 수도 있어, 발급 서버의 기준을 명확히 해야 합니다.		서버 간 시각 차이로 exp 검증이 어긋나는 clock skew	TRUE	DB 인덱스가 없어서 exp가 실패한다	FALSE	CORS 프리플라이트가 exp를 차단한다	FALSE	GC가 exp 값을 변경한다	FALSE	jwt	security	time	distributed
Q298	JWT 알고리즘 혼동(alg none)		Backend - 인증/인가	18	CHOICE	HARD	JWT 검증에서 alg 헤더 처리를 잘못하면 발생 가능한 대표 취약점으로 올바른 것은?	JWT 헤더의 alg를 신뢰하거나, none 알고리즘을 허용하거나, 대칭과 비대칭 알고리즘을 혼용해 검증 로직이 꼬이면 서명 우회가 가능합니다. 면접에서는 “헤더는 공격자가 조작한다”는 관점을 보여주는 것이 중요합니다. 실무에서는 라이브러리 기본 설정을 신뢰하기보다, 허용 알고리즘을 서버에서 고정하고 kid 선택도 안전하게 처리해야 합니다. 또한 JWK 로딩 시 키 타입과 알고리즘 매칭을 강제하지 않으면 잘못된 키로 검증해버릴 수 있습니다. 보안은 작은 설정 하나로도 뚫릴 수 있으므로, 토큰 검증 로직은 반드시 보안 리뷰와 테스트를 거쳐야 합니다.		alg를 신뢰하거나 none 허용 시 서명 우회가 가능해질 수 있다	TRUE	alg는 서버가 자동으로 암호화해 공격이 불가능하다	FALSE	alg를 바꾸면 CORS가 자동 해결된다	FALSE	alg는 DB 트랜잭션 격리 수준을 의미한다	FALSE	jwt	security	vulnerability	auth
Q299	CSRF와 SameSite(CSRF SameSite)		Backend - 인증/인가	18	CHOICE	HARD	쿠키 기반 인증에서 SameSite 설정이 CSRF 완화에 기여할 수 있는 이유로 올바른 것은?	CSRF는 브라우저가 자동으로 쿠키를 포함시키는 특성을 악용합니다. SameSite는 크로스 사이트 요청에서 쿠키 전송을 제한해 공격 표면을 줄입니다. 면접에서는 SameSite가 만능은 아니고, 사용 시나리오(서드파티 로그인, 크로스 도메인)에서 충돌이 생길 수 있다는 점까지 설명하면 좋습니다. 실무에서는 Lax Strict None의 의미를 이해하고, None은 Secure가 필수라는 제약을 함께 고려해야 합니다. 또한 CSRF 토큰, Origin 검증 등과 조합해 방어를 강화하는 것이 일반적입니다.		크로스 사이트 요청에서 쿠키 전송을 제한해 공격을 줄인다	TRUE	SameSite는 JWT 서명을 강화해 CSRF를 막는다	FALSE	SameSite는 DB 락을 걸어 요청을 차단한다	FALSE	SameSite는 CORS를 완전히 대체한다	FALSE	security	csrf	cookie	samesite
Q300	서블릿 스레드 모델과 블로킹		Backend - 웹 서버 기초	17	CHOICE	HARD	전통적 서블릿 기반 MVC에서 블로킹 호출이 대량 트래픽 시 위험한 근본 이유는?	MVC는 요청당 스레드를 점유하는 모델이 흔합니다. 외부 API나 DB가 느려져 블로킹 시간이 늘면, 스레드풀이 고갈되어 새 요청이 대기하거나 타임아웃이 폭발합니다. 면접에서는 커넥션 풀 고갈과 함께 “자원 고갈형 장애”를 설명하는지 봅니다. 실무에서는 타임아웃, 벌크헤드, 서킷 브레이커로 보호하고, 필요하면 비동기나 리액티브, 메시지 큐로 아키텍처를 바꿉니다. 또한 관측 지표(활성 스레드, 큐 길이, 응답 시간)를 보고 병목을 빠르게 찾는 것이 운영의 핵심입니다.		요청 스레드 점유로 스레드풀 고갈이 발생할 수 있어서	TRUE	블로킹은 JVM이 자동으로 병렬화해 안전하다	FALSE	블로킹은 CORS 설정으로 방지된다	FALSE	블로킹은 GC가 실행되면 해소된다	FALSE	servlet	threadpool	blocking	backend
Q301	Connection Pool 고갈(Leak vs Saturation)		Backend - 웹 서버 기초	17	CHOICE	HARD	커넥션 풀 고갈을 “누수(leak)”로 의심할 수 있는 대표 징후로 올바른 것은?	고갈은 트래픽 급증으로도 생기지만, 누수는 트래픽이 줄어도 커넥션이 반환되지 않아 풀 사용량이 계속 높게 유지되는 패턴이 특징입니다. try finally로 close가 보장되지 않거나, 예외 경로에서 반환이 누락되면 누수가 생깁니다. 면접에서는 saturation과 leak을 구분하고, 누수는 시간이 지날수록 악화된다는 점을 설명하면 좋습니다. 실무에서는 leak detection 로그, 풀 메트릭(active idle pending), 그리고 특정 코드 경로에서 close 누락을 찾는 것이 핵심입니다. 또한 OSIV나 긴 트랜잭션이 커넥션을 오래 잡는 것도 누수처럼 보일 수 있어 원인 분석이 중요합니다.		트래픽이 줄어도 active 커넥션이 계속 높게 유지되는 패턴	TRUE	응답 본문이 커서 커넥션이 고갈된다	FALSE	CORS 프리플라이트가 많으면 커넥션이 누수된다	FALSE	GC가 부족하면 커넥션이 자동 회수된다	FALSE	db	connectionpool	leak	observability
Q302	Observability RED 지표(RED metrics)		Backend - 아키텍처 패턴	20	CHOICE	HARD	웹 API 관측에서 RED 메트릭의 구성으로 가장 올바른 것은?	RED는 Rate Errors Duration을 의미하며, 요청률, 오류율, 지연 시간을 핵심으로 봅니다. 면접에서는 SLI SLO 개념과 연결해 관측 지표를 어떻게 잡을지 질문이 나올 수 있습니다. 실무에서는 엔드포인트별 요청량과 에러 비율, p95 p99 지연 시간을 모니터링하고, 배포 직후 변화 추적이 중요합니다. RED를 잘 잡아두면 장애 탐지와 원인 파악 속도가 크게 빨라집니다. 또한 시스템 자원(CPU 메모리) 지표만으로는 사용자 체감 장애를 놓칠 수 있어, RED 같은 서비스 레벨 지표가 필수입니다.		Rate Errors Duration	TRUE	Retry Exception Deadlock	FALSE	Request Event Dispatch	FALSE	Runtime Error Dump	FALSE	observability	metrics	red	backend
Q303	B3 W3C TraceContext(TraceContext)		Backend - 아키텍처 패턴	20	CHOICE	HARD	분산 추적에서 W3C TraceContext가 표준화하려는 핵심은?	분산 추적은 서비스 간 호출에서 같은 trace id를 전달해 전체 경로를 연결합니다. W3C TraceContext는 traceparent 등 헤더 포맷을 표준화해 벤더/플랫폼 간 상호 운용성을 높입니다. 면접에서는 trace id span id가 무엇인지와 함께, 게이트웨이와 서비스 간 헤더 전파를 설명할 수 있어야 합니다. 실무에서는 로드밸런서나 프록시에서 헤더가 누락되면 추적이 끊기므로, 인프라 구성과 애플리케이션 로깅을 함께 맞추는 것이 중요합니다. 또한 개인정보 로그와 결합될 수 있어, 추적 ID 자체는 민감정보가 아니어도 로그 정책을 함께 가져가야 합니다.		서비스 간 trace 헤더 포맷을 표준화해 상호 운용성을 높인다	TRUE	DB 인덱스 표준을 정의한다	FALSE	JWT 서명 알고리즘을 표준화한다	FALSE	CORS 허용 도메인을 표준화한다	FALSE	tracing	w3c	observability	distributed
Q304	@Async 예외 처리(Async exception)		Backend - 비동기 처리	19	CHOICE	HARD	void 반환 @Async 메서드에서 발생한 예외가 호출자에게 전파되지 않는 대표 이유로 가장 올바른 것은?	@Async는 다른 스레드에서 실행되므로 호출자는 즉시 반환하고, void 반환이면 결과를 담는 Future가 없어 예외를 받지 못합니다. 그래서 AsyncUncaughtExceptionHandler 같은 별도 핸들러로 로깅 알림을 구성하거나, CompletableFuture를 반환해 예외를 체이닝 처리하는 방식이 필요합니다. 면접에서는 예외가 “사라져 보이는” 현상을 어떻게 관측하고 대응할지로 질문이 이어집니다. 실무에서는 알림이 없으면 실패가 조용히 누적되어 데이터 불일치로 번질 수 있어, 실패 큐 DLQ나 재시도 정책과 함께 설계해야 합니다. 또한 트랜잭션 경계가 분리될 수 있으므로 비동기 작업의 원자성 요구도 함께 점검해야 합니다.		void라 결과 컨테이너가 없어 예외를 전달할 경로가 없어서	TRUE	@Async는 예외를 JVM이 자동 무시하도록 강제해서	FALSE	@Async는 항상 같은 스레드에서 실행되어 예외가 없어져서	FALSE	@Async는 CORS 설정 때문에 예외를 숨겨서	FALSE	spring	async	exception	handler
Q305	Circuit Breaker 상태 전이(Circuit breaker)		Backend - 아키텍처 패턴	20	CHOICE	HARD	서킷 브레이커의 HALF OPEN 상태 의미로 가장 올바른 것은?	서킷 브레이커는 장애 전파를 막기 위해 OPEN에서 호출을 차단하고, 일정 시간이 지나면 일부 요청만 시험적으로 흘려보내는 HALF OPEN 단계로 전이합니다. 여기서 성공이 충분히 관측되면 CLOSED로 복귀하고, 실패하면 다시 OPEN으로 돌아갑니다. 면접에서는 타임아웃 재시도와 함께 “정상 복구를 어떻게 판단하나”를 자주 묻습니다. 실무에서는 HALF OPEN에서 허용할 시험 요청 수, 슬라이딩 윈도우 실패율 기준 같은 파라미터가 서비스 안정성에 직접 영향을 줍니다. 또한 서킷만으로는 부족하므로 bulkhead, rate limit, fallback 설계와 함께 가져가는 것이 일반적입니다.		복구 확인을 위해 제한된 요청만 통과시키는 시험 구간이다	TRUE	모든 요청을 완전히 차단하는 상태다	FALSE	항상 정상 호출만 허용하는 상태다	FALSE	DB 트랜잭션을 잠그는 상태다	FALSE	resilience	circuitbreaker	architecture	backend
Q306	Bulkhead 패턴(Bulkhead)		Backend - 아키텍처 패턴	20	CHOICE	HARD	Bulkhead 패턴의 핵심 목적을 가장 올바르게 설명한 것은?	Bulkhead는 시스템을 격실로 나눠 한 부분의 장애가 전체로 번지지 않게 하는 패턴입니다. 스레드풀 격리, 커넥션풀 격리, 세마포어 격리 등으로 특정 의존성 호출이 포화되어도 다른 기능이 살아남게 합니다. 면접에서는 “장애 격리”라는 키워드와 함께 서킷 브레이커와의 차이를 설명할 수 있어야 합니다. 실무에서는 외부 결제, 추천, 검색 같은 의존성이 느려질 때 핵심 기능을 보호하기 위해 적용합니다. 다만 격리 파라미터를 잘못 잡으면 정상 트래픽도 거절되어 UX가 나빠질 수 있어 지표 기반 튜닝이 필수입니다.		장애 전파를 막기 위해 자원을 격리해 한쪽 포화를 다른 쪽과 분리한다	TRUE	모든 요청을 하나의 큐로 모아 처리량을 늘린다	FALSE	DB 인덱스를 추가해 장애를 없앤다	FALSE	CORS를 설정해 외부 장애를 막는다	FALSE	architecture	bulkhead	resilience	threadpool
Q307	Bean 생명주기(Bean lifecycle)		Backend - 언어 & 프레임워크	21	CHOICE	HARD	BeanPostProcessor가 개입하는 시점에 대한 설명으로 가장 올바른 것은?	BeanPostProcessor는 빈 초기화 과정에서 before initialization, after initialization 훅을 제공해 빈을 감싸거나 수정할 수 있습니다. AOP 프록시 생성도 이 과정에서 이뤄지는 경우가 많아, 면접에서 빈 생명주기와 프록시가 언제 만들어지는지를 연결해 묻습니다. 실무에서는 커스텀 BPP를 남발하면 디버깅이 어려워지고, 빈 초기화 순서 문제로 장애가 날 수 있어 신중해야 합니다. 또한 순환 참조가 있을 때 프록시 조기 노출과 얽혀 복잡해질 수 있습니다. 이런 라이프사이클 이해는 “왜 이 빈은 프록시인데 저건 아니지” 같은 문제를 푸는 데 직접 도움이 됩니다.		빈 초기화 전후 훅에서 빈을 수정하거나 프록시로 감쌀 수 있다	TRUE	컨트롤러 매핑 이후에만 동작한다	FALSE	트랜잭션 커밋 이후에만 동작한다	FALSE	DB 커넥션 풀을 자동으로 재구성한다	FALSE	spring	bean	lifecycle	aop
Q308	JVM 힙(Heap)		언어 중심 - Java	94	OX	EASY	힙(Heap)은 주로 객체 인스턴스가 저장되는 메모리 영역이다.	JVM 메모리 구조에서 힙은 new로 생성되는 객체가 저장되는 대표 영역입니다. 스레드별로 분리되는 스택과 달리, 힙은 보통 여러 스레드가 공유하는 공간이라 동시 접근 이슈와 GC의 관리 대상이 됩니다. 면접에서는 스택과 힙의 차이, 그리고 왜 OutOfMemoryError가 나는지로 확장 질문이 자주 나옵니다. 실무에서는 힙 사용량이 늘면 GC가 잦아지고 응답 지연이 커질 수 있어, 객체 생성 패턴과 캐시 전략을 함께 점검합니다. 또한 대용량 컬렉션이나 누수(leak)가 있으면 힙이 빠르게 고갈되므로 모니터링이 중요합니다.		O	TRUE	X	FALSE					java	jvm	memory	
Q309	JVM 스택(Stack)		언어 중심 - Java	94	OX	EASY	JVM 스택(Stack)은 메서드 호출 프레임과 지역 변수 같은 실행 컨텍스트를 저장한다.	스택은 스레드마다 분리되어 있고, 메서드 호출 시 스택 프레임이 쌓이며 지역 변수와 리턴 주소 등이 관리됩니다. 면접에서는 스택 오버플로우(StackOverflowError)가 어떤 상황에서 발생하는지(예: 무한 재귀)로 자주 이어집니다. 실무에서는 깊은 재귀나 큰 지역 변수 할당이 문제를 만들 수 있어 주의합니다. 또한 스택에 객체 자체가 저장되는 게 아니라 “참조”가 저장된다는 점도 혼동 포인트입니다. 스택과 힙의 역할을 명확히 구분하면 메모리 관련 디버깅이 쉬워집니다.		O	TRUE	X	FALSE					java	jvm	stack	
Q310	가비지 컬렉션(GC)		언어 중심 - Java	94	OX	EASY	가비지 컬렉션(GC)은 더 이상 참조되지 않는 객체를 자동으로 정리하는 메커니즘이다.	GC는 개발자가 직접 free를 호출하지 않아도, 참조가 끊긴 객체를 회수해 메모리를 재사용하게 합니다. 면접에서는 “GC가 있어도 메모리 누수가 가능하다”는 점(참조를 계속 잡고 있으면 회수 못함)으로 질문이 확장됩니다. 실무에서는 대규모 캐시나 static 컬렉션에 객체를 계속 넣어두면 GC가 못 치워 힙이 늘어나는 문제가 생깁니다. 또한 GC는 공짜가 아니어서, 너무 많은 객체 생성은 지연을 만들 수 있습니다. 그래서 객체 생명주기와 생성 패턴을 이해하는 것이 중요합니다.		O	TRUE	X	FALSE					java	gc	memory	
Q311	오버로딩(Overloading)		언어 중심 - Java	94	OX	EASY	메서드 오버로딩은 같은 이름의 메서드를 매개변수 목록(타입 개수 순서)으로 구분해 여러 개 선언하는 것이다.	오버로딩은 메서드 이름은 같지만 파라미터 시그니처가 다른 여러 메서드를 정의하는 기능입니다. 면접에서는 오버로딩과 오버라이딩의 차이를 거의 반드시 묻습니다. 실무에서는 생성자 오버로딩이나 유틸 메서드 설계에서 자주 쓰이지만, 지나치게 많아지면 호출 의도가 헷갈릴 수 있습니다. 또한 오버로딩은 컴파일 타임에 결정되는 바인딩이라는 점이 핵심입니다. 자동 형변환 때문에 예상과 다른 메서드가 선택될 수 있어 주의가 필요합니다.		O	TRUE	X	FALSE					java	oop	method	
Q312	오버라이딩(Overriding)		언어 중심 - Java	94	OX	EASY	메서드 오버라이딩은 상위 클래스 메서드를 하위 클래스에서 재정의하는 것이다.	오버라이딩은 상속 관계에서 부모의 동작을 자식이 바꿔 구현하는 다형성의 핵심 기능입니다. 면접에서는 접근 제어자 범위, 예외 선언 규칙, @Override 의미를 확인합니다. 실무에서는 프레임워크 콜백(예: Spring의 특정 메서드)을 구현할 때 오버라이딩이 매우 자주 등장합니다. 또한 오버라이딩은 런타임에 어떤 메서드가 호출될지 결정되는 동적 바인딩입니다. 그래서 객체 타입과 참조 타입의 차이를 함께 이해해야 합니다.		O	TRUE	X	FALSE					java	oop	polymorphism	
Q313	final 클래스(final class)		언어 중심 - Java	94	OX	EASY	final로 선언된 클래스는 상속할 수 없다.	final class는 확장을 막아 불변성이나 보안적 이유로 상속을 제한할 때 사용합니다. 면접에서는 final의 의미가 클래스, 메서드, 변수에서 각각 어떻게 다른지 묻는 경우가 많습니다. 실무에서는 String처럼 핵심 타입이 final인 경우가 대표적입니다. 또한 프록시 기반 AOP와 final의 충돌(상속 기반 프록시 불가)로 연결 질문이 나오기도 합니다. 즉 final은 설계 의도를 명확히 하지만 프레임워크와의 궁합도 고려해야 합니다.		O	TRUE	X	FALSE					java	final	oop	
Q314	static(정적)		언어 중심 - Java	94	OX	EASY	static 멤버는 클래스에 속하며, 객체 생성 없이도 접근할 수 있다.	static은 인스턴스가 아닌 클래스 레벨에 소속되는 멤버를 의미합니다. 면접에서는 “static은 공유된다”는 특성과, 인스턴스 멤버와의 차이를 질문합니다. 실무에서는 유틸 클래스나 상수 정의, 싱글톤 패턴에서 자주 쓰입니다. 다만 static 상태는 테스트를 어렵게 만들고, 전역 상태처럼 동작해 예측을 깨뜨릴 수 있습니다. 그래서 불변 상수 중심으로 제한적으로 쓰는 것이 안전합니다.		O	TRUE	X	FALSE					java	static	memory	
Q315	인터페이스(Interface)		언어 중심 - Java	94	OX	EASY	자바에서 한 클래스는 여러 인터페이스를 구현(implements)할 수 있다.	자바는 다중 상속은 허용하지 않지만, 인터페이스는 여러 개 구현할 수 있습니다. 면접에서는 abstract class와 interface의 차이, 그리고 왜 이런 설계를 택했는지 질문합니다. 실무에서는 기능별 계약을 인터페이스로 분리해 결합도를 낮추고 테스트 더블을 만들기 쉽게 합니다. 또한 스프링에서 DI는 인터페이스 기반 설계와 궁합이 좋습니다. 다만 인터페이스가 너무 세분화되면 관리가 어려워질 수 있어 적절한 수준의 추상화가 중요합니다.		O	TRUE	X	FALSE					java	oop	interface	
Q316	예외 처리(Exception)		언어 중심 - Java	94	OX	EASY	try-catch-finally에서 finally 블록은 예외 발생 여부와 관계없이 실행된다.	finally는 예외가 발생하든 정상 종료하든 실행되어, 자원 해제(close) 같은 정리 작업을 보장합니다. 면접에서는 try-with-resources와의 차이, 그리고 finally가 실행되지 않을 수 있는 극단적 케이스(프로세스 종료 등)를 질문할 수 있습니다. 실무에서는 DB 커넥션, 파일, 락 같은 자원을 finally에서 확실히 반환하는 것이 중요합니다. 반환 누락은 커넥션 풀 고갈이나 파일 핸들 누수로 이어질 수 있습니다. 따라서 예외 처리에서 “정리 로직”을 분리해두는 습관이 안정성을 높입니다.		O	TRUE	X	FALSE					java	exception	resource	
Q317	String 불변(Immutable String)		언어 중심 - Java	94	OX	EASY	Java의 String 객체는 불변(immutable)이다.	String은 한 번 생성되면 내부 값이 바뀌지 않는 불변 객체입니다. 면접에서는 왜 String이 불변인지(보안, 캐싱, 스레드 안정성)와 StringBuilder와 비교 질문이 자주 나옵니다. 실무에서는 문자열을 반복 연결하면 새 객체가 계속 생겨 성능이 떨어질 수 있어, 루프에서는 StringBuilder를 쓰는 것이 일반적입니다. 또한 불변성 덕분에 String은 해시 기반 컬렉션에서 안전하게 키로 쓸 수 있습니다. 다만 불변이라고 해서 “참조”가 안 바뀌는 건 아니니, 변수 재할당과 객체 변경을 구분해야 합니다.		O	TRUE	X	FALSE					java	string	immutable	
Q318	@SpringBootApplication		Backend - 언어 & 프레임워크	21	OX	EASY	@SpringBootApplication은 @Configuration, @EnableAutoConfiguration, @ComponentScan을 포함하는 합성 애노테이션이다.	@SpringBootApplication은 스프링 부트 앱의 진입점에 보통 붙이며, 여러 핵심 애노테이션을 묶어 제공합니다. 면접에서는 자동 설정이 어떻게 동작하는지와 컴포넌트 스캔 범위가 어디까지인지로 질문이 확장됩니다. 실무에서는 메인 클래스의 패키지 위치가 스캔 범위를 결정해, 빈이 등록되지 않는 버그의 원인이 되기도 합니다. 그래서 보통 루트 패키지에 메인 클래스를 두는 것이 관례입니다. 또한 auto configuration은 편하지만, 원치 않는 빈이 등록되면 exclude로 제어할 수 있어야 합니다.		O	TRUE	X	FALSE					springboot	annotation	autoconfig	
Q319	DI(Dependency Injection)		Backend - 언어 & 프레임워크	21	OX	EASY	의존성 주입(DI)은 객체가 직접 의존 객체를 생성하지 않고, 외부에서 주입받게 하는 설계 방식이다.	DI는 결합도를 낮추고 테스트 가능성을 높이는 핵심 설계 원리입니다. 면접에서는 DI와 IoC 컨테이너의 관계를 자주 묻습니다. 실무에서는 생성자 주입이 권장되며, 필드 주입은 테스트와 불변성 측면에서 불리할 수 있습니다. 또한 DI를 통해 구현체 교체가 쉬워져, 환경별 빈 구성이나 모킹이 편해집니다. 하지만 빈이 너무 많아지면 구성 복잡도가 커지므로 모듈화와 패키지 설계가 중요합니다.		O	TRUE	X	FALSE					spring	di	ioc	
Q320	@Component		Backend - 언어 & 프레임워크	21	OX	EASY	@Component가 붙은 클래스는 컴포넌트 스캔 대상이 되어 스프링 빈으로 등록될 수 있다.	@Component는 스프링이 관리하는 빈 후보임을 나타내는 기본 애노테이션입니다. 면접에서는 @Component, @Service, @Repository, @Controller 차이를 묻는 질문이 흔합니다. 실무에서는 역할에 맞는 스테레오타입 애노테이션을 사용하면 가독성이 좋아지고, 일부 기능(예: @Repository의 예외 변환)이 붙습니다. 또한 컴포넌트 스캔 범위 밖이면 빈이 등록되지 않으므로 패키지 구조가 매우 중요합니다. 등록이 안 될 때는 스캔 범위, 조건부 빈, 프로파일 등을 먼저 의심합니다.		O	TRUE	X	FALSE					spring	component	bean	
Q321	@RestController		Backend - 언어 & 프레임워크	21	OX	EASY	@RestController는 @Controller와 @ResponseBody를 합친 의미로 사용된다.	@RestController는 기본적으로 메서드 반환값을 뷰가 아니라 HTTP 응답 본문으로 직렬화합니다. 면접에서는 @Controller와의 차이, 그리고 Jackson 직렬화가 언제 동작하는지로 이어집니다. 실무에서는 API 서버에서 표준적으로 사용하며, 반환 타입으로 DTO를 두는 것이 일반적입니다. 엔티티를 그대로 반환하면 지연 로딩이나 순환 참조 문제가 생길 수 있어 주의해야 합니다. 또한 예외 응답 형식과 상태 코드는 ControllerAdvice로 일관되게 맞추는 것이 운영에 유리합니다.		O	TRUE	X	FALSE					spring	mvc	rest	
Q322	@RequestMapping		Backend - 웹 서버 기초	17	OX	EASY	@RequestMapping은 URL 경로와 HTTP 메서드 매핑을 지정하는 데 사용될 수 있다.	@RequestMapping은 클래스나 메서드에 붙여 요청 경로를 매핑합니다. method 속성으로 HTTP 메서드를 제한할 수 있으며, 더 구체적으로는 @GetMapping, @PostMapping 같은 축약 애노테이션이 자주 쓰입니다. 면접에서는 경로 변수와 쿼리 파라미터 차이(@PathVariable vs @RequestParam)로 질문이 이어집니다. 실무에서는 REST 설계에서 리소스 중심으로 경로를 잡고, 동일 경로에서 메서드로 의미를 구분하는 방식이 일반적입니다. 또한 버저닝(v1 v2)이나 공통 prefix를 클래스 레벨에 두는 패턴도 자주 사용됩니다.		O	TRUE	X	FALSE					spring	mapping	http	
Q323	HTTP 상태 코드(HTTP status)		Backend - 웹 서버 기초	17	OX	EASY	404 Not Found는 요청한 리소스를 서버에서 찾을 수 없음을 의미한다.	HTTP 상태 코드는 API 설계와 운영에서 매우 중요한 표준 신호입니다. 404는 자원이 없거나 라우팅이 존재하지 않을 때 반환됩니다. 면접에서는 400, 401, 403, 500과의 차이를 묻는 경우가 많습니다. 실무에서는 “인증 실패인데 404로 숨긴다” 같은 보안 설계가 있을 수 있어, 상황에 맞는 선택이 필요합니다. 또한 프론트엔드에서 상태 코드에 따라 UX가 달라지므로, 팀 내 규칙을 정해 일관되게 반환하는 것이 중요합니다. 상태 코드만 맞춰도 디버깅 속도가 빨라집니다.		O	TRUE	X	FALSE					http	status	backend	
Q324	싱글톤 스코프(Singleton scope)		Backend - 언어 & 프레임워크	21	OX	EASY	스프링의 기본 빈 스코프는 싱글톤(singleton)이다.	스프링 컨테이너에서 기본 스코프는 싱글톤이라, 동일 타입 빈이 한 번 생성되면 컨테이너 전체에서 재사용됩니다. 면접에서는 싱글톤 빈의 상태 관리(가변 상태 위험)로 질문이 자주 이어집니다. 실무에서는 싱글톤 빈에 요청별 상태를 저장하면 스레드 안전 문제가 생기므로, 상태는 메서드 로컬로 두거나 별도 스코프(Request 등)를 써야 합니다. 또한 싱글톤은 객체 생성 비용을 줄이지만, 공유 자원 경쟁을 만들 수도 있어 설계가 중요합니다. 스프링 싱글톤은 JVM 싱글톤과는 범위가 다르다는 점도 혼동 포인트입니다.		O	TRUE	X	FALSE					spring	bean	scope	
Q325	@Autowired		Backend - 언어 & 프레임워크	21	OX	EASY	@Autowired는 타입 기반으로 빈을 주입하는 데 사용될 수 있다.	@Autowired는 타입 기반 주입이 기본이며, 동일 타입 빈이 여러 개면 후보 선택 문제가 발생할 수 있습니다. 면접에서는 @Qualifier, @Primary로 해결하는 방법을 물을 수 있습니다. 실무에서는 생성자 주입이 권장되며, Lombok의 RequiredArgsConstructor와 함께 자주 사용됩니다. 또한 스프링 부트에서는 단일 생성자면 @Autowired를 생략해도 자동 주입이 되는 점이 편의 기능으로 자주 언급됩니다. 다만 필드 주입은 테스트와 불변성에 불리해 지양하는 추세입니다. 주입이 안 되면 스캔 범위와 빈 등록 조건부터 확인하는 것이 좋습니다.		O	TRUE	X	FALSE					spring	di	autowired	
Q326	@Value		Backend - 언어 & 프레임워크	21	OX	EASY	@Value는 application properties yml 등의 설정 값을 주입받는 데 사용할 수 있다.	@Value는 프로퍼티 값을 문자열 형태로 주입받는 대표 방법입니다. 면접에서는 @ConfigurationProperties와 비교 질문이 나올 수 있습니다. 실무에서는 값이 많거나 구조화된 설정은 @ConfigurationProperties가 타입 안정성과 검증에 더 유리합니다. 또한 프로퍼티는 환경별로 달라질 수 있어 profile과 외부 설정 주입 전략이 중요합니다. @Value를 남발하면 스파게티가 되기 쉬우니, 설정 클래스로 묶어 관리하는 습관이 좋습니다. 마지막으로 SpEL 표현식을 함께 쓸 수 있지만, 복잡해지면 유지보수가 어려워질 수 있습니다.		O	TRUE	X	FALSE					spring	config	properties	
Q327	@GetMapping		Backend - 웹 서버 기초	17	OX	EASY	@GetMapping은 HTTP GET 요청을 처리하는 핸들러 메서드에 사용된다.	@GetMapping은 GET 요청을 매핑하는 축약 애노테이션으로, 내부적으로 @RequestMapping(method=GET)과 같은 의미입니다. 면접에서는 GET과 POST의 의미 차이(멱등성, 캐시 가능성, 안전성)를 질문할 수 있습니다. 실무에서는 조회는 GET, 생성은 POST, 전체 수정은 PUT, 부분 수정은 PATCH, 삭제는 DELETE로 설계하는 REST 관례가 있습니다. 또한 GET 요청에 바디를 넣는 것은 표준적으로 권장되지 않으므로, 필터 조건은 보통 쿼리 파라미터로 전달합니다. 매핑 애노테이션은 API 문서화(Swagger)와도 연결되어, 설계의 일관성이 유지보수에 큰 도움이 됩니다.		O	TRUE	X	FALSE					spring	mapping	get	
Q328	캡슐화(Encapsulation)		언어 중심 - Java	94	OX	EASY	캡슐화는 데이터(필드)를 외부에서 직접 접근하지 못하게 하고 메서드로 제어하는 객체지향 원리다.	캡슐화는 객체의 내부 상태를 숨기고, 공개된 메서드를 통해서만 상태를 읽거나 변경하게 만드는 원리입니다. 면접에서는 왜 필드를 private으로 두고 getter setter를 쓰는지, 그리고 무분별한 setter가 왜 위험한지까지 질문이 이어집니다. 실무에서는 불변 객체나 도메인 메서드 중심 설계로 캡슐화를 강화하면, 무결성 규칙이 코드에 자연스럽게 녹아 버그가 줄어듭니다. 또한 캡슐화가 약하면 여러 계층에서 필드를 마구 바꾸게 되어 디버깅이 어려워집니다. 따라서 접근 제어자와 설계 의도를 함께 고려해 캡슐화를 적용하는 습관이 중요합니다.		O	TRUE	X	FALSE					java	oop	encapsulation	
Q329	다형성(Polymorphism)		언어 중심 - Java	94	OX	EASY	다형성은 같은 타입(상위 타입)으로 여러 구현 객체를 다루고, 실행 시점에 실제 메서드가 결정될 수 있는 성질이다.	다형성은 인터페이스나 상위 클래스 타입으로 코드를 작성하고, 실제 동작은 하위 구현체에 위임되는 객체지향의 핵심 개념입니다. 면접에서는 업캐스팅, 동적 바인딩, 오버라이딩과 연결해 질문이 자주 나옵니다. 실무에서는 전략 패턴, DI, 테스트 더블을 만들 때 다형성이 강력한 장점이 됩니다. 또한 다형성을 활용하면 if else 분기 대신 객체 조합으로 확장 가능하게 설계할 수 있습니다. 다만 과도한 추상화는 이해를 어렵게 만들 수 있어 적절한 수준이 중요합니다.		O	TRUE	X	FALSE					java	oop	polymorphism	
Q330	추상 클래스(Abstract class)		언어 중심 - Java	94	OX	EASY	추상 클래스는 객체로 직접 생성할 수 없으며, 공통 동작을 상속받아 확장하도록 설계된다.	추상 클래스는 일부 메서드를 구현하고 일부는 추상 메서드로 남겨, 하위 클래스가 구현을 완성하게 하는 설계 도구입니다. 면접에서는 인터페이스와의 차이, 언제 추상 클래스를 쓰는지 질문이 자주 나옵니다. 실무에서는 템플릿 메서드 패턴처럼 공통 흐름을 고정하고, 일부 훅만 하위에서 바꾸는 방식으로 활용됩니다. 다만 자바는 단일 상속이라 추상 클래스 남발은 설계 유연성을 떨어뜨릴 수 있습니다. 그래서 “상속보다 조합” 원칙과 함께 균형 있게 선택하는 것이 중요합니다.		O	TRUE	X	FALSE					java	oop	abstract	
Q331	제네릭(Generics)		언어 중심 - Java	94	OX	EASY	제네릭은 컴파일 시점 타입 안전성을 높이고 형변환(cast) 필요성을 줄여준다.	제네릭은 컬렉션 등에서 저장 타입을 명확히 지정해, 런타임 ClassCastException을 컴파일 단계에서 막아줍니다. 면접에서는 제네릭이 “런타임에 지워진다(type erasure)”는 특성까지 이어질 수 있습니다. 실무에서는 List처럼 타입을 명시하면 코드 가독성이 좋아지고 불필요한 캐스팅이 사라집니다. 또한 API 설계에서 제네릭을 적절히 쓰면 재사용성과 안전성이 동시에 올라갑니다. 다만 와일드카드 extends super 같은 문법이 복잡할 수 있어, 자주 쓰는 패턴부터 익혀두는 것이 좋습니다.		O	TRUE	X	FALSE					java	generics	type	
Q332	컬렉션 프레임워크(Collection)		언어 중심 - Java	94	OX	EASY	ArrayList는 인덱스로 빠르게 접근할 수 있는 리스트 구현체이다.	ArrayList는 내부적으로 배열 기반이라 인덱스 접근이 빠릅니다. 면접에서는 LinkedList와의 차이(삽입 삭제, 캐시 친화성)를 묻는 질문이 흔합니다. 실무에서는 대부분의 경우 ArrayList가 더 좋은 기본 선택이지만, 중간 삽입 삭제가 매우 잦은 경우는 다른 구조를 고려합니다. 또한 리스트를 순회하면서 삭제할 때는 Iterator 사용 등 주의가 필요합니다. 컬렉션 선택은 성능과 코드 의도를 함께 반영하는 중요한 설계 포인트입니다.		O	TRUE	X	FALSE					java	collection	list	
Q333	HashMap(HashMap)		언어 중심 - Java	94	OX	EASY	HashMap은 키-값(key-value) 형태로 데이터를 저장하는 자료구조이다.	HashMap은 키를 해시해 값을 빠르게 찾을 수 있도록 하는 대표 Map 구현입니다. 면접에서는 해시 충돌, equals/hashCode 계약, null 허용 여부 등을 묻기도 합니다. 실무에서는 캐시나 조회 테이블처럼 빠른 검색이 필요한 곳에 자주 쓰입니다. 다만 키 객체의 equals/hashCode가 잘못 구현되면 조회가 실패하거나 성능이 급락할 수 있어 매우 중요합니다. 또한 멀티스레드 환경에서는 ConcurrentHashMap 같은 동시성 맵을 고려해야 합니다.		O	TRUE	X	FALSE					java	hashmap	collection	
Q334	equals hashCode(동등성)		언어 중심 - Java	94	OX	EASY	HashSet이나 HashMap에서 올바르게 동작하려면 equals와 hashCode는 함께 일관되게 구현되어야 한다.	해시 기반 컬렉션은 hashCode로 버킷을 찾고, equals로 실제 동등성을 최종 판단합니다. 면접에서는 “equals가 같으면 hashCode도 같아야 한다”는 계약을 거의 필수로 묻습니다. 실무에서는 엔티티나 값 객체를 키로 사용할 때 이 계약이 깨지면 데이터가 중복되거나 검색이 실패합니다. 또한 변경 가능한 필드를 hashCode 계산에 포함하면, 컬렉션에 넣은 뒤 필드가 바뀌어 찾을 수 없게 되는 사고가 생깁니다. 그래서 불변 키를 쓰거나, 키로 쓰는 객체는 불변성을 유지하는 것이 안전합니다.		O	TRUE	X	FALSE					java	equals	hashcode	
Q335	try-with-resources		언어 중심 - Java	94	OX	EASY	try-with-resources는 AutoCloseable 자원을 블록 종료 시 자동으로 close해준다.	try-with-resources는 파일 스트림, DB 커넥션 등 close가 필요한 자원을 안전하게 정리하기 위한 문법입니다. 면접에서는 finally로 close하는 방식과 비교 질문이 자주 나옵니다. 실무에서는 예외가 발생해도 close가 호출되므로 누수 방지에 매우 효과적입니다. 또한 여러 자원을 한 번에 선언할 수 있으며, 선언 순서의 역순으로 close되는 점도 알아두면 좋습니다. 자원 관리 실수는 운영 장애로 이어지기 쉬우니, 해당 문법을 습관처럼 쓰는 것이 좋습니다.		O	TRUE	X	FALSE					java	resource	exception	
Q336	로그 레벨(Log level)		Backend - 웹 서버 기초	17	OX	EASY	일반적으로 DEBUG 로그는 운영(프로덕션) 환경에서 기본으로 켜두기에는 부담이 될 수 있다.	DEBUG는 상세 정보를 많이 남겨 원인 분석에 도움 되지만, 로그량이 폭증해 디스크와 I/O 비용을 증가시킬 수 있습니다. 면접에서는 로그 레벨(TRACE DEBUG INFO WARN ERROR) 의미와 운영 전략을 묻는 경우가 많습니다. 실무에서는 운영은 INFO 또는 WARN 위주로 두고, 문제 구간만 일시적으로 DEBUG를 켜는 방식이 일반적입니다. 또한 개인정보나 토큰 같은 민감정보를 로그에 남기면 보안 사고로 이어질 수 있어 필터링이 필수입니다. 로그는 장애 대응의 핵심이지만, 과하면 또 다른 장애 원인이 될 수 있습니다.		O	TRUE	X	FALSE					backend	logging	observability	springboot
Q337	HTTP 멱등성(Idempotency)		Backend - 웹 서버 기초	17	OX	EASY	일반적으로 GET 요청은 멱등(idempotent)한 메서드로 분류된다.	멱등성은 같은 요청을 여러 번 해도 결과가 동일해야 한다는 성질입니다. GET은 조회 목적이라 서버 상태를 바꾸지 않는 것이 원칙이어서 멱등 메서드로 분류됩니다. 면접에서는 POST는 왜 멱등이 아닌지, PUT은 왜 멱등인지 같은 비교 질문이 자주 나옵니다. 실무에서는 재시도 정책을 설계할 때 멱등성이 매우 중요합니다. 예를 들어 네트워크 오류로 재시도할 때, 멱등하지 않은 요청은 중복 처리 위험이 커집니다. 따라서 API 설계 시 메서드 선택과 멱등 키 같은 보완책을 함께 고려해야 합니다.		O	TRUE	X	FALSE					http	idempotency	api	springboot
Q338	@RequestParam		Backend - 웹 서버 기초	17	OX	EASY	@RequestParam은 쿼리 스트링 파라미터를 메서드 파라미터로 바인딩할 때 사용한다.	@RequestParam은 URL의 ?key=value 형태 값을 받아옵니다. 면접에서는 @PathVariable과의 차이, required/defaultValue 사용법을 자주 묻습니다. 실무에서는 검색 조건, 페이징, 필터 같은 값들을 RequestParam으로 받는 패턴이 흔합니다. 값 검증은 @Validated와 Bean Validation 조합으로 처리할 수 있습니다. 또한 복잡한 검색 조건이 많아지면 DTO로 묶어 바인딩하거나, 요청 모델을 분리해 가독성을 높이는 것이 좋습니다.		O	TRUE	X	FALSE					spring	requestparam	http	
Q339	@PathVariable		Backend - 웹 서버 기초	17	OX	EASY	@PathVariable은 URL 경로의 일부를 변수로 받아올 때 사용한다.	@PathVariable은 /users/{id} 같은 RESTful 경로에서 리소스 식별자를 받을 때 사용합니다. 면접에서는 경로 변수와 쿼리 파라미터의 의미 차이를 설명할 수 있어야 합니다. 실무에서는 리소스의 고유 식별자(id)나 하위 리소스 관계(/users/{id}/orders)를 표현할 때 자주 쓰입니다. 또한 타입 변환이 자동으로 이뤄지지만, 잘못된 값이 들어오면 400 에러가 날 수 있어 예외 처리 전략이 필요합니다. 경로 설계가 깔끔하면 API 문서와 클라이언트 코드도 단순해집니다.		O	TRUE	X	FALSE					spring	pathvariable	rest	
Q340	@RequestBody		Backend - 웹 서버 기초	17	OX	EASY	@RequestBody는 HTTP 요청 본문(JSON 등)을 객체로 역직렬화해 바인딩한다.	@RequestBody는 JSON 요청을 DTO로 매핑하는 데 핵심입니다. 면접에서는 Content-Type, Jackson 직렬화 역직렬화, 그리고 검증(@Valid)과 함께 쓰는지 질문이 자주 나옵니다. 실무에서는 엔티티 대신 요청용 DTO를 별도로 두어, API 스펙을 안정적으로 관리하는 것이 좋습니다. 또한 필수 필드 누락이나 타입 오류가 나면 400으로 떨어지므로, 예외 응답 포맷을 일관되게 맞추는 것이 중요합니다. 대용량 바디 처리나 파일 업로드는 multipart로 별도 처리해야 하는 점도 알아두면 좋습니다.		O	TRUE	X	FALSE					spring	requestbody	json	
Q341	Bean Validation(빈 검증)		Backend - 언어 & 프레임워크	21	OX	EASY	@NotNull, @Size 같은 검증 애노테이션은 Bean Validation을 통해 요청 DTO 검증에 사용될 수 있다.	Bean Validation은 입력값 검증을 선언적으로 처리하게 해줍니다. 면접에서는 @Valid와 @Validated 차이, 그리고 검증 실패 시 어떤 응답이 나가는지로 이어질 수 있습니다. 실무에서는 컨트롤러에서 검증을 통과시켜 서비스 계층이 비즈니스 로직에 집중하게 만드는 것이 장점입니다. 또한 검증 메시지 국제화나 공통 에러 포맷을 ControllerAdvice로 통일하면 UX가 좋아집니다. 다만 복잡한 조건 검증은 커스텀 Validator나 서비스 레벨 검증으로 분리하는 것이 유지보수에 유리합니다. 검증 로직이 흩어지지 않도록 레이어 전략을 정하는 것이 중요합니다.		O	TRUE	X	FALSE					spring	validation	dto	
Q342	@ControllerAdvice		Backend - 웹 서버 기초	17	OX	EASY	@ControllerAdvice는 여러 컨트롤러에 공통으로 적용되는 예외 처리 로직을 구성할 수 있다.	@ControllerAdvice는 전역 예외 처리, 바인딩 설정, 모델 속성 추가 같은 공통 관심사를 모아두는 도구입니다. 면접에서는 @ExceptionHandler와 함께 어떻게 동작하는지 자주 묻습니다. 실무에서는 에러 응답 형식을 통일해 프론트엔드가 안정적으로 처리하게 만드는 데 큰 도움이 됩니다. 또한 도메인 예외를 HTTP 상태 코드로 매핑하는 규칙을 한곳에 모으면 유지보수성이 좋아집니다. 다만 모든 예외를 한 곳에서 뭉뚱그리면 원인 분석이 어려워질 수 있어, 예외 타입을 명확히 나누고 로깅 정책을 세분화하는 것이 좋습니다.		O	TRUE	X	FALSE					spring	exception	controlleradvice	
Q343	@Service		Backend - 언어 & 프레임워크	21	OX	EASY	@Service는 서비스 계층 컴포넌트를 나타내며 컴포넌트 스캔으로 빈 등록 대상이 될 수 있다.	@Service는 @Component의 특수화로, “이 클래스는 서비스 로직을 담는다”는 의미를 명확히 합니다. 면접에서는 @Component와 기능 차이가 큰지, 계층 분리의 의미를 묻기도 합니다. 실무에서는 서비스 계층에 트랜잭션 경계를 두고, 컨트롤러는 요청 응답 조립만 하게 만드는 패턴이 흔합니다. 또한 @Service를 쓰면 코드 읽는 사람이 책임 범위를 빠르게 파악할 수 있어 협업에 유리합니다. 애노테이션은 기능보다 “의도 표현”의 가치도 크다는 점을 기억해두면 좋습니다.		O	TRUE	X	FALSE					spring	service	layering	
Q344	@Repository		Backend - 언어 & 프레임워크	21	OX	EASY	@Repository는 데이터 접근 계층 컴포넌트를 나타내며, 스프링의 예외 변환 기능과 연관될 수 있다.	@Repository는 DAO 역할을 나타내며, 데이터 접근 예외를 스프링의 DataAccessException 계열로 변환하는 데 연관될 수 있습니다. 면접에서는 왜 예외 변환이 필요한지, DB 벤더별 예외를 추상화하는 의미를 설명할 수 있어야 합니다. 실무에서는 JPA Repository 인터페이스를 쓰는 경우가 많아 직접 @Repository를 붙이는 일이 줄어들기도 하지만, 커스텀 구현에는 여전히 유효합니다. 또한 계층 분리 관점에서 “DB 접근 로직은 여기”라는 신호를 주어 유지보수에 도움 됩니다. 예외 변환 덕분에 서비스 계층은 벤더 종속 예외 대신 일관된 예외 처리를 할 수 있습니다.		O	TRUE	X	FALSE					spring	repository	data	
Q345	@Transactional		Backend - 언어 & 프레임워크	21	OX	EASY	@Transactional은 메서드 실행을 트랜잭션 경계로 감싸 데이터 일관성을 유지하는 데 사용된다.	트랜잭션은 여러 DB 작업을 하나의 논리적 단위로 묶어 원자성을 보장합니다. 면접에서는 롤백 규칙과 전파(propagation), 격리 수준(isolation)으로 질문이 확장됩니다. 실무에서는 서비스 계층에 트랜잭션을 두고, 읽기 전용 조회에는 readOnly를 적용해 의도와 성능을 함께 잡는 경우가 많습니다. 또한 트랜잭션 범위를 너무 넓게 잡으면 락과 커넥션 점유가 길어져 성능이 악화될 수 있습니다. 따라서 경계는 짧고 명확하게, 외부 API 호출은 트랜잭션 밖으로 빼는 설계가 자주 권장됩니다.		O	TRUE	X	FALSE					spring	transaction	consistency	
Q346	Spring Boot Auto Configuration(자동 설정)		Backend - 언어 & 프레임워크	21	OX	EASY	스프링 부트 자동 설정은 클래스패스에 존재하는 라이브러리와 설정 조건에 따라 필요한 빈을 자동으로 등록할 수 있다.	자동 설정은 “스타터 의존성 추가만으로 기본 구성이 자동으로 잡히는” 스프링 부트의 핵심 기능입니다. 면접에서는 조건부 구성(Conditional) 개념과 exclude 방법으로 이어질 수 있습니다. 실무에서는 빠른 개발이 가능하지만, 원치 않는 빈이 등록되거나 설정 충돌이 나면 왜 그런 빈이 생겼는지 추적할 수 있어야 합니다. 또한 운영 환경에서는 자동 설정에 기대기만 하면 튜닝 포인트를 놓칠 수 있어, 주요 설정(커넥션 풀, 톰캣 스레드 등)은 명시적으로 점검하는 것이 좋습니다. 자동 설정의 “편리함”과 “투명성” 사이 균형이 중요합니다.		O	TRUE	X	FALSE					springboot	autoconfig	starter	
Q347	Actuator(액추에이터)		Backend - 웹 서버 기초	17	OX	EASY	Spring Boot Actuator는 헬스 체크나 메트릭 같은 운영용 엔드포인트를 제공할 수 있다.	Actuator는 운영 관측과 관리에 필요한 엔드포인트를 제공해, 서비스 상태를 확인하고 지표를 수집할 수 있게 합니다. 면접에서는 /actuator/health, /actuator/metrics, 보안 설정 노출 범위 같은 질문이 나올 수 있습니다. 실무에서는 쿠버네티스 liveness readiness와 연결되며, 장애 감지 자동화에 핵심 역할을 합니다. 다만 운영 엔드포인트를 무분별하게 공개하면 보안 위험이 있으므로, 노출을 최소화하고 인증을 붙이는 것이 필수입니다. 또한 메트릭을 Prometheus 등과 연동해 대시보드를 구성하면 성능 추적과 용량 계획에 큰 도움이 됩니다. 운영 관점에서 Actuator를 제대로 다루면 장애 대응 속도가 빨라집니다.		O	TRUE	X	FALSE					springboot	actuator	ops	
Q348	Spring Bean(스프링 빈)		Backend - 언어 & 프레임워크	21	OX	EASY	스프링 빈(Bean)은 스프링 컨테이너가 생성하고 관리하는 객체를 의미한다.	스프링 빈은 애플리케이션에서 스프링이 생명주기를 관리하는 객체 단위입니다. 면접에서는 “왜 컨테이너가 빈을 관리하나”라는 질문으로 DI, IoC 개념을 함께 묻는 경우가 많습니다. 실무에서는 빈으로 등록된 객체는 싱글톤 스코프가 기본이라 공유 상태를 조심해야 합니다. 또한 빈 생성 순서나 조건부 등록 때문에 원하는 빈이 안 뜨는 문제가 생길 수 있어, 컴포넌트 스캔 범위와 설정 클래스를 이해해야 합니다. 빈을 잘 설계하면 테스트와 모킹이 쉬워지고, 계층 간 결합도가 낮아져 유지보수성이 좋아집니다.		O	TRUE	X	FALSE					spring	bean	ioc	
Q349	IoC 컨테이너(IoC Container)		Backend - 언어 & 프레임워크	21	OX	EASY	스프링 IoC 컨테이너는 빈 생성과 의존성 주입을 담당할 수 있다.	IoC 컨테이너는 객체 생성 책임을 애플리케이션 코드에서 분리해 프레임워크가 관리하도록 합니다. 면접에서는 IoC와 DI의 관계를 설명할 수 있어야 합니다. 실무에서는 컨테이너가 라이프사이클을 관리해 초기화, 종료 처리(@PostConstruct, @PreDestroy) 같은 훅도 제공합니다. 또한 프로파일이나 조건부 빈을 통해 환경별 구성을 쉽게 바꿀 수 있습니다. 다만 컨테이너에 모든 것을 의존하면 구조가 복잡해질 수 있어, 모듈 경계와 책임을 명확히 하는 설계가 중요합니다.		O	TRUE	X	FALSE					spring	ioc	di	
Q350	생성자 주입(Constructor Injection)		Backend - 언어 & 프레임워크	21	OX	EASY	생성자 주입은 의존성이 누락되면 컴파일 또는 애플리케이션 시작 시점에 문제를 더 빨리 발견하기 쉽다.	생성자 주입은 필수 의존성을 생성자 파라미터로 명시해 객체 불변성을 높입니다. 면접에서는 필드 주입보다 생성자 주입이 권장되는 이유(테스트, 불변성, 순환 참조 발견)를 자주 묻습니다. 실무에서는 RequiredArgsConstructor와 함께 사용하면 보일러플레이트를 줄이면서도 안전한 주입이 가능합니다. 또한 생성자 주입은 객체 생성 시점에 의존성이 확정되므로, 런타임에 null로 터지는 문제를 줄입니다. 다만 의존성이 너무 많아지면 설계가 비대해진 신호이므로, 책임 분리 리팩터링 포인트로 삼는 것이 좋습니다.		O	TRUE	X	FALSE					spring	di	constructor	
Q351	스프링 MVC(Model-View-Controller)		Backend - 웹 서버 기초	17	OX	EASY	스프링 MVC는 컨트롤러가 요청을 처리하고, 필요 시 뷰를 렌더링하거나 응답을 생성하는 구조를 가진다.	MVC는 역할을 분리해 유지보수성과 테스트 용이성을 높이는 대표 패턴입니다. 면접에서는 DispatcherServlet이 요청을 받아 핸들러 매핑과 어댑터를 통해 컨트롤러로 전달하는 흐름을 질문할 수 있습니다. 실무에서는 RestController를 쓰면 뷰 대신 JSON 응답을 만드는 API 서버 형태가 일반적입니다. 또한 컨트롤러는 얇게 두고, 비즈니스 로직은 서비스 계층으로 내려야 코드가 깔끔해집니다. MVC 흐름을 이해하면 필터, 인터셉터, 예외 처리 위치 같은 구성 요소도 자연스럽게 정리됩니다.		O	TRUE	X	FALSE					spring	mvc	web	
Q352	DispatcherServlet(디스패처 서블릿)		Backend - 웹 서버 기초	17	OX	EASY	DispatcherServlet은 스프링 MVC에서 요청을 중앙에서 받아 적절한 컨트롤러로 전달하는 프론트 컨트롤러 역할을 한다.	DispatcherServlet은 스프링 MVC의 핵심 진입점으로, 모든 요청을 받아 처리 흐름을 조율합니다. 면접에서는 프론트 컨트롤러 패턴과 함께 HandlerMapping, HandlerAdapter 개념으로 이어질 수 있습니다. 실무에서는 요청이 왜 컨트롤러에 안 들어오는지 디버깅할 때, 매핑과 필터 체인을 함께 점검하는 습관이 중요합니다. 또한 DispatcherServlet 앞단에 서블릿 필터가 있고, 뒤에는 인터셉터가 있어 실행 순서를 이해하면 장애 분석이 쉬워집니다. MVC 구조를 이해하는 것은 스프링 기반 백엔드 면접에서 매우 자주 요구되는 기본기입니다.		O	TRUE	X	FALSE					spring	servlet	dispatcher	
Q353	HTTP 요청 바인딩(Binding)		Backend - 웹 서버 기초	17	OX	EASY	스프링은 요청 파라미터를 객체(DTO)로 자동 바인딩할 수 있다.	스프링 MVC는 요청 파라미터나 폼 데이터를 객체로 묶어 바인딩할 수 있어, 컨트롤러 파라미터를 깔끔하게 구성할 수 있습니다. 면접에서는 @ModelAttribute, @RequestParam, @RequestBody의 차이를 자주 묻습니다. 실무에서는 검색 조건이 많을 때 DTO로 묶으면 코드가 읽기 쉬워지고, 검증(Bean Validation)도 함께 적용하기 좋습니다. 다만 바인딩은 타입 변환 오류가 나면 400으로 떨어질 수 있어 예외 처리 전략이 필요합니다. 또한 바인딩 대상 객체에 불필요한 필드를 열어두면 보안상 위험(과다 바인딩)도 생길 수 있어 주의해야 합니다.		O	TRUE	X	FALSE					spring	binding	dto	
Q354	Lombok @RequiredArgsConstructor		Backend - 언어 & 프레임워크	21	OX	EASY	@RequiredArgsConstructor는 final 또는 @NonNull 필드를 대상으로 생성자를 자동 생성한다.	Lombok은 보일러플레이트를 줄여주지만, 생성되는 코드를 이해하고 쓰는 것이 중요합니다. @RequiredArgsConstructor는 주로 생성자 주입과 함께 사용되어 final 필드 기반 DI를 깔끔하게 만듭니다. 면접에서는 Lombok을 “마법”으로만 쓰는지, 실제 생성자 주입 원리를 이해하는지 보기도 합니다. 실무에서는 IDE 설정이나 빌드 환경에서 Lombok 플러그인이 맞지 않으면 컴파일 문제를 겪을 수 있어 주의합니다. 또한 과도한 Lombok 사용은 팀 컨벤션에 따라 가독성을 해칠 수 있어 적절히 통일하는 것이 좋습니다.		O	TRUE	X	FALSE					java	lombok	di	
Q355	application yml(properties)		Backend - 언어 & 프레임워크	21	OX	EASY	Spring Boot는 application yml 또는 application properties 파일에서 설정을 읽어올 수 있다.	스프링 부트는 표준 설정 파일로 애플리케이션 동작을 제어합니다. 면접에서는 설정 우선순위(환경 변수, 커맨드 라인, 파일) 개념으로 확장될 수 있습니다. 실무에서는 프로파일별 파일(application-dev yml 등)로 환경을 분리해 운영과 개발 설정을 구분합니다. DB 접속 정보나 API 키 같은 민감 정보는 파일에 하드코딩하지 않고, 환경 변수나 시크릿 매니저로 주입하는 것이 안전합니다. 설정 구조가 커지면 @ConfigurationProperties로 타입 안전하게 묶어 관리하는 방식이 유지보수에 유리합니다.		O	TRUE	X	FALSE					springboot	config	yml	
Q356	프로파일(Profile)		Backend - 언어 & 프레임워크	21	OX	EASY	Spring Profile을 사용하면 환경(dev prod 등)에 따라 다른 설정이나 빈 구성을 적용할 수 있다.	프로파일은 같은 코드베이스에서 환경별 차이를 관리하는 대표 기능입니다. 면접에서는 @Profile 애노테이션과 application-dev yml 같은 설정 파일 분리로 질문이 이어집니다. 실무에서는 개발 환경에서는 H2, 운영에서는 MySQL 같은 식으로 인프라 구성을 바꾸거나, 로깅/모니터링 빈을 환경별로 다르게 구성합니다. 다만 프로파일이 많아지면 조합이 복잡해져 “어느 환경에서 어떤 설정이 켜지는지” 추적이 어려워질 수 있습니다. 그래서 운영 프로파일은 최소화하고, 필수 환경만 명확히 구분하는 전략이 좋습니다.		O	TRUE	X	FALSE					spring	profile	config	
Q357	REST(REST)		Backend - 웹 서버 기초	17	OX	EASY	REST는 리소스를 URI로 식별하고, HTTP 메서드로 행위를 표현하는 방식의 설계 스타일이다.	REST는 엄격한 표준이라기보다 설계 스타일에 가깝습니다. 면접에서는 리소스 중심 설계, 무상태성, HTTP 메서드 의미를 설명할 수 있어야 합니다. 실무에서는 REST 원칙을 너무 교조적으로 따르기보다, 팀 규칙과 사용자 경험을 기준으로 일관성을 유지하는 것이 중요합니다. 또한 상태 코드와 에러 응답 포맷까지 함께 설계해야 클라이언트 개발이 쉬워집니다. 리소스 명명 규칙과 버저닝 전략도 실무에서 자주 논의되는 포인트입니다. REST를 이해하면 API 문서, 프론트 연동, 캐싱 전략까지 자연스럽게 연결됩니다.		O	TRUE	X	FALSE					rest	api	http	
Q358	JSON 직렬화(Serialization)		Backend - 웹 서버 기초	17	OX	EASY	@RestController에서 객체를 반환하면 일반적으로 JSON으로 직렬화되어 응답 본문에 포함될 수 있다.	스프링 MVC는 HttpMessageConverter를 통해 객체를 JSON으로 변환해 응답합니다. 면접에서는 Jackson이 주로 사용된다는 점과, 직렬화 시 필드 노출 제어(@JsonIgnore 등)로 질문이 확장될 수 있습니다. 실무에서는 엔티티를 그대로 반환하면 지연 로딩과 순환 참조 문제가 생길 수 있어 DTO를 쓰는 것이 안전합니다. 또한 날짜 포맷, null 처리, naming strategy(snake_case) 같은 정책을 전역 설정으로 통일하면 클라이언트 개발이 편해집니다. 직렬화는 보안과도 연결되므로, 노출되면 안 되는 필드를 숨기는 규칙을 반드시 갖춰야 합니다.		O	TRUE	X	FALSE					spring	json	serialization	
Q359	@ResponseEntity		Backend - 웹 서버 기초	17	OX	EASY	ResponseEntity를 사용하면 HTTP 상태 코드와 헤더를 함께 제어할 수 있다.	ResponseEntity는 응답 바디뿐 아니라 상태 코드와 헤더를 명시적으로 설정할 수 있게 해줍니다. 면접에서는 “왜 그냥 객체 반환이 아닌 ResponseEntity를 쓰나”로 이어질 수 있습니다. 실무에서는 생성 성공 시 201, 삭제 성공 시 204 같은 상태 코드를 정확히 주거나, Location 헤더를 설정할 때 유용합니다. 또한 캐시 제어 헤더나 커스텀 헤더를 추가할 때도 편리합니다. 다만 모든 응답을 ResponseEntity로 감싸면 코드가 장황해질 수 있어, 팀 스타일에 맞게 일관되게 적용하는 것이 좋습니다.		O	TRUE	X	FALSE					spring	responseentity	http	
Q360	@PostConstruct		Backend - 언어 & 프레임워크	21	OX	EASY	@PostConstruct는 빈이 생성되고 의존성 주입이 완료된 뒤 초기화 작업을 수행할 때 사용할 수 있다.	@PostConstruct는 빈 라이프사이클에서 초기화 훅을 제공해, 주입된 의존성을 기반으로 초기 세팅을 할 때 유용합니다. 면접에서는 생성자와 @PostConstruct의 역할 차이를 물을 수 있습니다. 실무에서는 파일 로딩, 캐시 워밍, 외부 설정 검증 같은 작업에 쓰지만, 너무 무거운 작업을 넣으면 애플리케이션 시작 시간이 길어질 수 있습니다. 또한 외부 시스템 호출을 여기서 하면 장애 시 기동 자체가 실패할 수 있어 위험합니다. 초기화 로직은 실패 전략과 타임아웃을 명확히 하거나, 별도 워밍 프로세스로 분리하는 것이 안전합니다.		O	TRUE	X	FALSE					spring	lifecycle	init	
Q361	@PreDestroy		Backend - 언어 & 프레임워크	21	OX	EASY	@PreDestroy는 컨테이너 종료 시 빈 소멸 직전에 정리 작업을 수행할 수 있다.	@PreDestroy는 애플리케이션 종료 시 리소스를 정리하기 위한 훅입니다. 면접에서는 종료 시점에 어떤 작업이 적절한지(스레드풀 종료, 연결 종료)로 질문이 나올 수 있습니다. 실무에서는 종료 훅에서 너무 오래 걸리는 작업을 하면 롤링 배포나 오토스케일 종료가 지연될 수 있어 주의해야 합니다. 또한 쿠버네티스 같은 환경에서는 종료 유예 시간(grace period) 안에 정리가 끝나야 하므로, 신속하게 종료 가능한 설계를 해야 합니다. 종료 훅이 항상 호출된다고 100퍼센트 보장할 수는 없으니, 데이터는 즉시 영속화하고 종료 시점에 의존하지 않도록 설계하는 것도 중요합니다.		O	TRUE	X	FALSE					spring	lifecycle	shutdown	
Q362	@Configuration		Backend - 언어 & 프레임워크	21	OX	EASY	@Configuration은 스프링 설정 클래스로, @Bean 메서드를 통해 빈을 등록할 수 있다.	@Configuration은 자바 기반 설정의 핵심으로, XML 없이도 빈을 등록하고 설정할 수 있게 합니다. 면접에서는 @Component와의 차이, 그리고 @Bean 메서드가 어떻게 빈으로 등록되는지 질문이 이어질 수 있습니다. 실무에서는 외부 라이브러리 객체를 빈으로 등록하거나, 설정 값을 주입받아 인스턴스를 조립할 때 자주 사용합니다. 또한 @Configuration은 프록시 방식으로 @Bean 메서드 호출을 관리해 싱글톤을 보장하는 특성이 있어, 단순 클래스와 차이가 있습니다. 설정 클래스가 복잡해지면 모듈별로 분리하고, 프로파일 조건을 붙여 환경별 구성을 명확히 하는 것이 좋습니다.		O	TRUE	X	FALSE					spring	configuration	bean	
Q363	@Bean		Backend - 언어 & 프레임워크	21	OX	EASY	@Bean 메서드가 반환하는 객체는 스프링 컨테이너에 빈으로 등록될 수 있다.	@Bean은 메서드 수준에서 빈을 정의하는 방식입니다. 면접에서는 컴포넌트 스캔(@Component)과 @Bean 등록의 차이를 자주 묻습니다. 실무에서는 직접 수정할 수 없는 외부 라이브러리 클래스를 빈으로 만들 때 @Bean이 매우 유용합니다. 또한 생성 로직이 복잡하거나, 생성 시점에 설정 값이 필요한 객체를 명시적으로 구성할 수 있습니다. 다만 @Bean이 여러 설정 클래스에 흩어지면 빈 구성이 추적하기 어려워질 수 있어, 패키지와 모듈 구조로 정리하는 것이 좋습니다. 빈 이름 충돌도 생길 수 있으니, 필요하면 명시적으로 이름을 지정하거나 @Primary, @Qualifier를 활용해야 합니다.		O	TRUE	X	FALSE					spring	bean	config	
Q364	Gradle(그레이들)		Backend - 언어 & 프레임워크	21	OX	EASY	Gradle은 스프링 부트 프로젝트에서 의존성 관리와 빌드를 수행하는 도구로 자주 사용된다.	Gradle은 빌드 자동화 도구로, 의존성 다운로드, 컴파일, 테스트, 패키징을 수행합니다. 면접에서는 Maven과의 차이, 빌드 라이프사이클, 의존성 충돌 해결을 질문할 수 있습니다. 실무에서는 멀티모듈 프로젝트에서 설정을 중앙화하거나, CI에서 빠르게 빌드 캐시를 활용하는 패턴이 많습니다. 또한 dependencyInsight 같은 기능으로 충돌을 추적할 수 있어 운영 장애(버전 충돌) 분석에 도움이 됩니다. 빌드 도구는 단순히 실행만 하는 것이 아니라, 프로젝트 구조와 배포 품질을 좌우하므로 기본 원리를 이해해두는 것이 좋습니다.		O	TRUE	X	FALSE					build	gradle	dependency	
Q365	테스트(Test)		Backend - 테스트	22	OX	EASY	단위 테스트(Unit Test)는 일반적으로 외부 의존성(DB 네트워크)을 최소화하고 작은 단위의 로직을 검증한다.	단위 테스트는 빠르고 반복 가능한 검증을 위해, 가능한 한 외부 시스템을 배제하고 함수나 클래스 수준의 로직을 확인합니다. 면접에서는 단위 테스트와 통합 테스트 차이를 자주 묻습니다. 실무에서는 Mockito 같은 목(mock) 도구로 의존성을 대체하고, 입력 출력과 경계 조건을 촘촘히 확인합니다. 단위 테스트가 잘 되어 있으면 리팩터링이 쉬워지고, 작은 변경이 큰 장애로 번지는 것을 막습니다. 다만 테스트가 구현에 과하게 결합되면 리팩터링 때 테스트가 발목을 잡을 수 있어, “행동 기반”으로 작성하는 습관이 중요합니다.		O	TRUE	X	FALSE					test	unit	backend	
Q366	통합 테스트(Integration Test)		Backend - 테스트	22	OX	EASY	통합 테스트는 여러 컴포넌트를 함께 묶어 실제 동작 흐름을 검증하는 테스트다.	통합 테스트는 컨트롤러-서비스-리포지토리 같은 여러 계층을 함께 실행해 흐름을 검증합니다. 면접에서는 스프링 부트 테스트(@SpringBootTest)와 Testcontainers 같은 도구로 확장 질문이 나올 수 있습니다. 실무에서는 통합 테스트가 실제 설정과 가깝기 때문에 신뢰도가 높지만, 실행 시간이 길어질 수 있어 테스트 피라미드 전략이 중요합니다. 또한 외부 의존성(DB)을 포함하면 환경 재현이 중요해지고, CI에서 안정적으로 돌릴 수 있게 격리된 테스트 환경을 구성해야 합니다. 단위 테스트로 빠르게 커버하고, 핵심 시나리오만 통합 테스트로 가져가는 균형이 좋습니다.		O	TRUE	X	FALSE					test	integration	springboot	
Q367	Mock(목)		Backend - 테스트	22	OX	EASY	Mock 객체는 테스트 대상이 의존하는 컴포넌트의 동작을 가짜로 대체해 테스트를 쉽게 만든다.	Mock은 외부 의존성을 대체해 테스트를 빠르고 안정적으로 만드는 핵심 도구입니다. 면접에서는 Mock과 Stub의 차이, 그리고 과도한 mocking이 왜 위험한지(구현 결합)로 이어질 수 있습니다. 실무에서는 네트워크 호출, 시간 의존 로직, DB 접근을 mock 처리해 단위 테스트를 빠르게 수행합니다. 다만 너무 많은 것을 mock 하면 실제 통합에서 깨지는 문제가 생길 수 있어, 핵심 흐름은 통합 테스트로 보완하는 것이 좋습니다. 또한 mocking을 쉽게 하려면 코드가 인터페이스 기반이고 결합도가 낮아야 하므로, 테스트는 설계를 개선하는 신호가 되기도 합니다.		O	TRUE	X	FALSE					test	mock	java	
Q368	스레드(Thread)		언어 중심 - Java	94	OX	EASY	Java에서 Thread를 생성해 start를 호출하면 새로운 실행 흐름이 시작될 수 있다.	스레드는 프로세스 안에서 독립적으로 실행되는 흐름 단위입니다. Thread 객체를 만들고 start를 호출하면 JVM이 새로운 스레드를 생성해 run 로직을 실행합니다. 면접에서는 start와 run의 차이를 거의 반드시 묻습니다. 실무에서는 스레드를 직접 만드는 것보다 ExecutorService 같은 스레드풀을 사용해 자원을 관리하는 것이 일반적입니다. 또한 스레드가 많아지면 컨텍스트 스위칭 비용이 커져 성능이 나빠질 수 있습니다. 그래서 동시성은 “많이 만든다”가 아니라 “적절히 관리한다”가 핵심입니다.		O	TRUE	X	FALSE					java	thread	concurrency	
Q369	start vs run(Thread start)		언어 중심 - Java	94	OX	EASY	Thread에서 run을 직접 호출하면 새 스레드가 생성되는 것이 아니라 현재 스레드에서 실행된다.	start는 JVM에 새 스레드 생성을 요청해 비동기 실행을 시작합니다. 반면 run을 직접 호출하면 단순 메서드 호출이라 현재 스레드에서 동작합니다. 면접에서는 이 차이를 정확히 아는지로 기본기를 확인합니다. 실무에서 실수로 run을 호출하면 “병렬로 돈다고 생각했는데 순차 실행”이 되어 성능 문제가 생길 수 있습니다. 또한 디버깅할 때 스레드 덤프를 보면 실제 실행 스레드가 무엇인지 확인할 수 있습니다. 스레딩 기본을 잡아두면 비동기 처리의 오해를 줄일 수 있습니다.		O	TRUE	X	FALSE					java	thread	async	
Q370	동기화(synchronized)		언어 중심 - Java	94	OX	EASY	synchronized 키워드는 임계 구역을 보호해 여러 스레드의 동시 접근을 제어하는 데 사용될 수 있다.	synchronized는 모니터 락을 이용해 한 번에 한 스레드만 임계 구역에 들어오게 합니다. 면접에서는 synchronized의 대상(인스턴스 락 vs 클래스 락)과 deadlock 가능성으로 질문이 이어질 수 있습니다. 실무에서는 공유 상태를 보호할 때 필요하지만, 락 범위가 넓으면 성능이 급락할 수 있어 주의해야 합니다. 또한 락 경쟁이 심한 경우에는 설계를 바꾸거나, 동시성 컬렉션과 락 프리 구조를 고려하기도 합니다. 중요한 것은 “동기화는 비용이 있으니 최소화”라는 관점입니다. 올바른 동기화는 데이터 정합성과 장애 예방에 필수입니다.		O	TRUE	X	FALSE					java	synchronized	concurrency	
Q371	경쟁 상태(Race condition)		언어 중심 - Java	94	OX	EASY	경쟁 상태는 실행 순서에 따라 결과가 달라져 버그가 발생하는 동시성 문제를 의미한다.	경쟁 상태는 여러 스레드가 공유 데이터를 동시에 읽고 쓰면서, 실행 순서에 따라 결과가 달라지는 현상입니다. 면접에서는 원자성, 가시성, 락의 필요성으로 질문이 확장됩니다. 실무에서는 카운터 증가, 재고 차감, 중복 결제 같은 치명적 버그로 이어질 수 있습니다. 재현이 어렵다는 점이 특히 위험한데, 특정 타이밍에서만 발생하기 때문입니다. 그래서 동시성 버그는 코드 리뷰와 테스트 전략, 락/원자 연산 사용으로 예방하는 것이 중요합니다. 또한 로그와 지표로 이상 징후를 빨리 감지하는 운영 관점도 함께 필요합니다.		O	TRUE	X	FALSE					java	concurrency	race	
Q372	volatile(가시성)		언어 중심 - Java	94	OX	EASY	volatile은 변수의 가시성을 높여 다른 스레드가 최신 값을 읽을 수 있도록 돕는다.	volatile은 한 스레드가 쓴 값을 다른 스레드가 바로 볼 수 있도록 “가시성”을 보장하는 키워드입니다. 면접에서는 volatile이 원자성을 보장하지 않는다는 점을 자주 묻습니다. 실무에서는 플래그(stop flag) 같은 단순 상태 공유에 유용하지만, 증가 연산처럼 복합 연산에는 synchronized나 Atomic 타입이 필요합니다. 또한 volatile 남용은 설계를 복잡하게 만들 수 있어, 동시성 요구를 먼저 명확히 해야 합니다. 가시성과 원자성은 다른 문제라는 점을 구분하면 동시성 질문에 강해집니다. 멀티코어 환경에서 메모리 모델을 이해하는 출발점이 됩니다.		O	TRUE	X	FALSE					java	volatile	concurrency	
Q373	AtomicInteger(원자 타입)		언어 중심 - Java	94	OX	EASY	AtomicInteger의 incrementAndGet 같은 연산은 동시성 환경에서 원자적으로 수행될 수 있다.	AtomicInteger는 CAS 같은 기법으로 락 없이 원자 연산을 제공하는 클래스입니다. 면접에서는 synchronized와 Atomic의 차이를 물을 수 있습니다. 실무에서는 카운터, 통계 값 누적처럼 단순 원자 연산이 필요할 때 유용합니다. 다만 원자 타입을 여러 개 조합해 복잡한 불변식을 지키려면 결국 락이 필요할 수 있습니다. 즉 Atomic이 만능은 아니고, 문제의 단위가 “한 변수의 원자 연산”인지 확인하는 것이 중요합니다. 또한 높은 경쟁 상황에서는 CAS 재시도로 CPU를 많이 쓸 수 있어 지표로 확인해야 합니다. 적절한 도구 선택이 핵심입니다.		O	TRUE	X	FALSE					java	atomic	concurrency	
Q374	ExecutorService(스레드풀)		언어 중심 - Java	94	OX	EASY	ExecutorService는 작업 제출과 스레드 관리를 분리해 스레드풀 기반 실행을 가능하게 한다.	ExecutorService는 스레드 생명주기 관리와 작업 실행을 분리해, 스레드를 직접 생성하는 비용과 복잡도를 줄여줍니다. 면접에서는 Runnable Callable, Future 개념으로 질문이 이어질 수 있습니다. 실무에서는 고정 풀, 캐시 풀 등 전략을 선택해 안정적으로 동시 작업을 처리합니다. 스레드를 무제한 생성하면 시스템이 쉽게 망가질 수 있어, 풀 크기와 큐 정책을 설계하는 것이 중요합니다. 또한 종료 시 shutdown을 호출하지 않으면 프로세스가 종료되지 않는 문제가 생길 수 있습니다. 그래서 스레드풀은 생성만큼 종료 관리도 중요합니다. 동시성 설계의 기본 도구입니다.		O	TRUE	X	FALSE					java	executor	threadpool	
Q375	Future(Future)		언어 중심 - Java	94	OX	EASY	Future는 비동기 작업의 결과를 나중에 조회하거나 대기할 수 있게 해준다.	Future는 비동기 작업의 결과를 담는 핸들로, 완료 여부를 확인하거나 get으로 대기할 수 있습니다. 면접에서는 Future의 블로킹 특성과 CompletableFuture 비교로 질문이 나옵니다. 실무에서는 단순 비동기 결과 수집에 유용하지만, 콜백 체이닝이나 조합이 어렵다는 한계가 있습니다. 그래서 복잡한 비동기 흐름은 CompletableFuture 또는 리액티브를 고려합니다. 또한 get은 블로킹이므로, 서버 요청 스레드에서 무심코 호출하면 성능 문제가 생길 수 있습니다. 비동기라고 해서 항상 논블로킹은 아니라는 점이 혼동 포인트입니다. 결과 대기 방식과 스레드 점유를 함께 고려해야 합니다.		O	TRUE	X	FALSE					java	future	async	
Q376	RESTful URL 설계		Backend - 웹 서버 기초	17	OX	EASY	REST 설계에서 URL 경로는 보통 동사보다 명사(리소스)를 중심으로 구성하는 것이 권장된다.	REST에서는 리소스를 URI로 표현하고, 동작은 HTTP 메서드(GET POST 등)로 표현하는 것을 지향합니다. 그래서 /createUser 같은 동사보다 /users가 더 RESTful한 설계입니다. 면접에서는 이런 리소스 중심 사고를 이해하는지 확인합니다. 실무에서는 완전한 REST를 강제하기보다, 팀 규칙을 정해 일관성 있게 설계하는 것이 더 중요합니다. 또한 복잡한 액션이 필요하면 /users/{id}/activate 같은 형태로 “리소스의 상태 전이”로 표현하는 방식도 활용됩니다. 일관된 URL은 API 문서와 협업 효율을 크게 높입니다. 또한 명사 기반 경로는 확장성과 버저닝에도 유리합니다.		O	TRUE	X	FALSE					rest	api	design	
Q377	@RequestMapping 경로 결합		Backend - 웹 서버 기초	17	OX	EASY	클래스 레벨 @RequestMapping과 메서드 레벨 매핑을 함께 사용하면 경로가 합쳐져 최종 URL이 된다.	스프링 MVC는 클래스 레벨에 공통 prefix를 두고, 메서드 레벨에서 상세 경로를 지정하는 패턴을 많이 사용합니다. 면접에서는 매핑 충돌이나 중복 경로 문제가 생길 때 어떻게 찾는지 물을 수 있습니다. 실무에서는 /api/v1 같은 버저닝 prefix를 클래스 또는 설정으로 관리하면 전체 API 구조가 깔끔해집니다. 또한 동일 컨트롤러 안에서 리소스 단위를 묶어 관리하기 좋습니다. 다만 경로가 복잡해지면 문서화와 테스트가 어려워질 수 있어, 단순하고 예측 가능한 규칙을 유지하는 것이 중요합니다. 경로 매핑은 작은 실수로 404가 대량 발생할 수 있어, 통합 테스트로 검증하는 습관이 좋습니다.		O	TRUE	X	FALSE					spring	mapping	mvc	
Q378	@ResponseStatus		Backend - 웹 서버 기초	17	OX	EASY	@ResponseStatus를 사용하면 메서드 또는 예외 클래스에 기본 HTTP 상태 코드를 지정할 수 있다.	@ResponseStatus는 컨트롤러 메서드나 커스텀 예외에 상태 코드를 매핑할 때 사용됩니다. 면접에서는 ResponseEntity와 비교 질문이 나올 수 있습니다. 실무에서는 예외 타입을 통해 상태 코드를 고정하면, 서비스 로직이 HTTP 세부사항에서 조금 더 분리될 수 있습니다. 다만 상태 코드만으로는 에러 바디 형식을 통일하기 어려울 수 있어, ControllerAdvice와 함께 쓰는 경우가 많습니다. 또한 너무 많은 예외 타입을 만들면 관리가 어려워질 수 있어, 에러 코드 체계와 함께 설계하는 것이 좋습니다. 상태 코드 선택은 클라이언트 UX와 직결되므로, 팀에서 일관된 규칙을 가져가는 것이 핵심입니다.		O	TRUE	X	FALSE					spring	http	status	
Q379	400 Bad Request		Backend - 웹 서버 기초	17	OX	EASY	요청 파라미터 타입 변환에 실패하면 스프링에서 400 Bad Request가 발생할 수 있다.	스프링 MVC는 요청 값을 파라미터 타입으로 변환하려다 실패하면 바인딩 예외로 처리하고 400을 반환하는 경우가 많습니다. 면접에서는 “왜 400이냐”를 설명할 수 있어야 합니다. 실무에서는 이런 에러를 전역 예외 처리에서 잡아, 사용자 친화적인 메시지로 변환하는 것이 중요합니다. 또한 잘못된 입력이 반복되면 악성 트래픽일 수 있어, 입력 검증과 레이트 리밋도 함께 고려합니다. 타입 변환 오류는 흔하지만, 에러 응답이 정리되어 있지 않으면 프론트 개발이 어려워집니다. 그래서 에러 스펙을 명확히 문서화하는 것이 좋습니다. 입력 오류는 “클라이언트 책임”이라는 점을 상태 코드로 명확히 표현해야 합니다.		O	TRUE	X	FALSE					spring	http	validation	
Q380	500 Internal Server Error		Backend - 웹 서버 기초	17	OX	EASY	서버 코드에서 처리되지 않은 예외가 발생하면 500 Internal Server Error가 반환될 수 있다.	500은 서버 내부 오류로, 보통 예기치 못한 예외나 버그로 인해 발생합니다. 면접에서는 400 계열과 500 계열 차이를 묻는 질문이 흔합니다. 실무에서는 500을 줄이기 위해 예외를 도메인 예외로 변환하고, ControllerAdvice로 상태 코드와 메시지를 통제하는 전략이 중요합니다. 또한 500이 증가하면 즉시 알람이 울리도록 모니터링해야 합니다. 사용자에게는 구체적 내부 정보를 노출하지 않고, 로그에는 충분한 컨텍스트를 남기는 균형이 필요합니다. 500은 서비스 신뢰도에 직접 영향을 주므로, 원인 분석을 빠르게 할 수 있도록 트레이싱과 로그 상관관계(ID)를 잡아두면 좋습니다. 운영에서 가장 민감하게 보는 지표 중 하나입니다.		O	TRUE	X	FALSE					http	error	backend	springboot
Q381	CORS(Cross-Origin Resource Sharing)		Backend - 웹 서버 기초	17	OX	EASY	CORS는 브라우저의 동일 출처 정책(SOP) 제약을 완화하기 위한 메커니즘이다.	CORS는 브라우저가 다른 출처의 리소스를 요청할 때 적용되는 보안 메커니즘입니다. 면접에서는 서버의 CORS 설정과 브라우저 동작(프리플라이트 OPTIONS)을 설명할 수 있어야 합니다. 실무에서는 프론트와 백이 도메인이 다를 때 자주 문제를 겪으며, Access-Control-Allow-Origin 같은 헤더 설정이 핵심입니다. 또한 인증 쿠키를 쓰면 allow credentials 설정이 필요하고, 이때 와일드카드 사용이 제한되는 점도 주의 포인트입니다. CORS는 “서버 보안”이라기보다 “브라우저 보안 정책”이므로, Postman에서는 되는데 브라우저에서만 안 되는 현상이 대표 증상입니다. 문제 해결 시 네트워크 탭과 응답 헤더를 확인하는 습관이 중요합니다.		O	TRUE	X	FALSE					cors	web	security	springboot
Q382	프리플라이트(Preflight)		Backend - 웹 서버 기초	17	OX	EASY	특정 조건의 크로스 도메인 요청은 실제 요청 전에 OPTIONS 프리플라이트 요청이 발생할 수 있다.	프리플라이트는 브라우저가 “이 요청을 보내도 되는지” 사전에 확인하는 절차입니다. 면접에서는 어떤 경우에 발생하는지(커스텀 헤더, non-simple content type 등)를 질문할 수 있습니다. 실무에서는 프리플라이트가 많으면 지연이 늘 수 있어, 허용 헤더를 최소화하고 캐시(max age)를 설정하는 전략이 도움이 됩니다. 또한 서버가 OPTIONS를 제대로 처리하지 않으면 CORS 오류가 납니다. 프리플라이트는 실제 비즈니스 요청이 아니라 “검증 요청”이지만, 서버 트래픽에는 영향을 주므로 운영에서는 무시하면 안 됩니다. 프론트에서 Authorization 헤더를 쓰는 순간 프리플라이트가 생길 가능성이 크다는 점도 실무 포인트입니다. 문제 해결은 브라우저 개발자 도구에서 OPTIONS 응답 헤더를 확인하는 것부터 시작합니다.		O	TRUE	X	FALSE					cors	preflight	http	springboot
Q383	Logging Framework(SLF4J)		Backend - 웹 서버 기초	17	OX	EASY	SLF4J는 로깅 추상화로, 구현체(Logback 등)를 바꿔 끼울 수 있도록 도와준다.	SLF4J는 로깅 API를 표준화하고, 실제 구현은 Logback Log4j2 같은 구현체가 담당합니다. 면접에서는 “왜 추상화가 필요하나”와, 로깅 구현체 중복 충돌 이슈를 질문할 수 있습니다. 실무에서는 의존성 충돌로 로깅이 안 나오거나 경고가 뜨는 문제가 종종 생기므로, 하나의 구현체만 남기도록 정리해야 합니다. 또한 로그 포맷(JSON)과 MDC를 활용하면 요청 단위 추적이 쉬워집니다. 로깅은 단순 출력이 아니라 운영 품질의 핵심이며, 성능과 보안(민감정보)도 함께 고려해야 합니다. 너무 많은 로그는 비용이지만, 너무 적은 로그는 장애 대응을 어렵게 만듭니다. 균형 잡힌 로깅 전략이 중요합니다.		O	TRUE	X	FALSE					logging	slf4j	backend	java
Q384	Lombok @Slf4j		Backend - 언어 & 프레임워크	21	OX	EASY	Lombok @Slf4j는 로거(logger) 필드를 자동 생성해 log info 등을 사용할 수 있게 한다.	@Slf4j는 클래스에 로거 필드를 만들어, 직접 LoggerFactory를 호출하지 않아도 로그를 남길 수 있게 해줍니다. 면접에서는 Lombok이 어떤 코드를 생성하는지 이해하고 있는지로 질문이 이어질 수 있습니다. 실무에서는 로그 메시지에 컨텍스트를 포함하고, 예외는 스택 트레이스를 함께 남기는 규칙을 지키는 것이 중요합니다. 또한 문자열 결합 대신 파라미터 바인딩 방식으로 로그를 남기면 불필요한 문자열 생성 비용을 줄일 수 있습니다. 로그에 개인정보나 토큰을 남기면 보안 사고가 될 수 있어 마스킹 룰을 적용해야 합니다. 로깅은 장애 대응의 생명선이므로, 팀 차원의 포맷과 레벨 규칙을 정해두면 유지보수가 쉬워집니다. Lombok은 편의 도구일 뿐, 로깅 전략 자체를 대신해주지는 않습니다.		O	TRUE	X	FALSE					lombok	logging	slf4j	java
Q385	JUnit(JUnit)		Backend - 테스트	22	OX	EASY	JUnit은 자바에서 널리 사용되는 단위 테스트 프레임워크 중 하나다.	JUnit은 자바 진영에서 표준에 가까운 테스트 프레임워크입니다. 면접에서는 JUnit5의 애노테이션(@Test, @BeforeEach 등)과 테스트 구조를 아는지 묻는 경우가 많습니다. 실무에서는 CI 파이프라인에서 자동 테스트를 돌려 배포 품질을 높이는 데 핵심입니다. 또한 테스트를 잘 작성하면 리팩터링이 쉬워지고, 회귀 버그를 빠르게 잡을 수 있습니다. 다만 테스트가 느리거나 flaky 하면 팀 생산성을 떨어뜨리므로, 단위 테스트는 빠르게 통합 테스트는 핵심 시나리오만 가져가는 전략이 중요합니다. 테스트 커버리지는 목표이지만, “의미 있는 테스트”가 더 중요하다는 점도 면접에서 강조하면 좋습니다. JUnit은 생태계와 통합이 좋아 다양한 확장(파라미터 테스트 등)을 쉽게 활용할 수 있습니다.		O	TRUE	X	FALSE					java	junit	test	
Q386	Mockito(Mockito)		Backend - 테스트	22	OX	EASY	Mockito는 목(mock) 객체를 만들어 의존성을 대체하는 데 자주 사용된다.	Mockito는 단위 테스트에서 외부 의존성을 가짜로 대체해, 테스트를 빠르고 독립적으로 만들 수 있게 합니다. 면접에서는 when thenReturn, verify 같은 기본 사용법과 “왜 mock이 필요한가”를 질문할 수 있습니다. 실무에서는 DB나 외부 API 호출을 mock 처리해 빠르게 반복 테스트를 수행합니다. 다만 과도한 mocking은 구현 세부사항에 테스트가 결합되어 리팩터링이 어려워질 수 있습니다. 그래서 핵심은 “협력 객체의 계약만 검증”하고, 내부 구현을 과하게 검증하지 않는 것입니다. 또한 mock을 쓰기 쉽게 하려면 DI와 인터페이스 기반 설계가 되어 있어야 하므로, 테스트는 설계 품질을 드러내는 지표가 되기도 합니다. 필요할 때는 통합 테스트로 실제 동작을 보완하는 균형이 중요합니다. Mockito는 도구이고, 좋은 테스트 전략이 더 중요합니다.		O	TRUE	X	FALSE					test	mockito	mock	
Q387	Spring Boot Test(@SpringBootTest)		Backend - 테스트	22	OX	EASY	@SpringBootTest는 스프링 컨텍스트를 로딩해 통합 테스트를 수행하는 데 사용할 수 있다.	@SpringBootTest는 실제 애플리케이션 컨텍스트를 띄워 여러 빈을 함께 검증할 수 있게 합니다. 면접에서는 로딩 비용이 크다는 점과, 슬라이스 테스트(WebMvcTest DataJpaTest)와 비교로 질문이 나올 수 있습니다. 실무에서는 핵심 시나리오를 통합 테스트로 잡되, 너무 많이 쓰면 테스트 시간이 길어져 CI가 느려질 수 있습니다. 그래서 “테스트 피라미드” 관점이 중요합니다. 또한 테스트 환경에서 외부 DB 대신 H2를 쓰거나, Testcontainers로 실제 DB를 띄워 재현성을 높이기도 합니다. 컨텍스트 캐시 덕분에 반복 실행이 빨라지지만, 설정이 조금만 달라져도 캐시가 깨져 느려질 수 있습니다. 따라서 테스트는 목적에 맞게 범위를 조절하고, 실행 시간을 지속적으로 관리해야 합니다. @SpringBootTest는 강력하지만 무겁다는 점을 기억해야 합니다.		O	TRUE	X	FALSE					springboot	test	integration	
Q388	WebMvcTest(@WebMvcTest)		Backend - 테스트	22	OX	EASY	@WebMvcTest는 주로 컨트롤러 계층을 중심으로 테스트하기 위한 슬라이스 테스트에 사용된다.	@WebMvcTest는 MVC 관련 빈만 로딩해 컨트롤러 테스트를 빠르게 수행할 수 있게 합니다. 면접에서는 @SpringBootTest보다 가볍다는 점과, 서비스 빈은 MockBean으로 대체해야 하는 점을 물을 수 있습니다. 실무에서는 요청 매핑, 바인딩, 검증, 예외 처리 같은 웹 계층 동작을 빠르게 확인하는 데 유용합니다. 또한 MockMvc로 HTTP 요청처럼 테스트할 수 있어, API 스펙 회귀를 잡는 데 도움이 됩니다. 다만 실제 스프링 컨텍스트 전체가 아니라 일부만 띄우므로, 통합 동작은 별도 통합 테스트로 보완해야 합니다. 테스트 범위를 잘 나누면 CI가 빨라지고, 디버깅도 쉬워집니다. 슬라이스 테스트는 “빠른 피드백”에 강점이 있습니다.		O	TRUE	X	FALSE					test	webmvctest	mvc	springboot
Q389	DataJpaTest(@DataJpaTest)		Backend - 테스트	22	OX	EASY	@DataJpaTest는 JPA 리포지토리 계층을 중심으로 테스트하기 위한 슬라이스 테스트에 사용된다.	@DataJpaTest는 JPA 관련 구성만 로딩해 리포지토리 테스트를 빠르게 수행할 수 있습니다. 면접에서는 트랜잭션 롤백이 기본으로 적용된다는 점과, 실제 DB 대신 인메모리 DB를 쓰는 구성이 흔하다는 점을 물을 수 있습니다. 실무에서는 쿼리 메서드 동작, 엔티티 매핑, 인덱스 영향 등을 검증하는 데 유용합니다. 다만 H2와 MySQL 같은 실제 운영 DB는 SQL 방언 차이가 있을 수 있어, 중요한 쿼리는 Testcontainers로 운영 DB를 재현하기도 합니다. 리포지토리 테스트가 있으면 데이터 계층 변경 시 회귀를 빠르게 잡을 수 있습니다. 슬라이스 테스트는 빠르지만, 운영 환경 재현성은 별도로 챙겨야 합니다. 목적에 맞게 조합하면 가장 효율적입니다.		O	TRUE	X	FALSE					test	datajpa	jpa	springboot
Q390	MockMvc(MockMvc)		Backend - 테스트	22	OX	EASY	MockMvc는 실제 서버를 띄우지 않고도 MVC 요청-응답 흐름을 테스트할 수 있다.	MockMvc는 서블릿 컨테이너를 실제로 기동하지 않고도 컨트롤러를 호출해 응답을 검증할 수 있게 합니다. 면접에서는 MockMvc와 RestAssured, WebTestClient 같은 도구 비교가 나올 수 있습니다. 실무에서는 빠른 속도로 컨트롤러 매핑, 상태 코드, JSON 응답 필드 등을 검증하는 데 유용합니다. 또한 Spring Security와 함께 쓰면 인증 인가 시나리오도 테스트할 수 있습니다. 다만 네트워크 레벨 통신이 아니라 프레임워크 내부 호출이므로, 실제 배포 환경에서의 포트 바인딩이나 프록시 문제는 별도 E2E 테스트가 필요합니다. 테스트는 빠른 피드백을 주는 도구이므로, 목적에 맞게 레이어별로 나누는 것이 좋습니다. MockMvc는 웹 계층 단위 테스트에 매우 적합합니다. CI에서도 부담이 적어 자주 사용됩니다.		O	TRUE	X	FALSE					test	mockmvc	spring	springboot
Q391	Testcontainers(Testcontainers)		Backend - 테스트	22	OX	EASY	Testcontainers는 도커 컨테이너로 실제 DB 같은 의존성을 테스트 중에 띄워 검증할 수 있다.	Testcontainers는 통합 테스트에서 외부 의존성을 실제에 가깝게 재현하기 위한 도구입니다. 면접에서는 “H2로는 못 잡는 버그”를 Testcontainers로 잡을 수 있다는 관점이 자주 나옵니다. 실무에서는 MySQL Postgres Redis 같은 컨테이너를 테스트에서 띄워 운영 환경 차이를 줄입니다. 다만 도커가 필요하고 테스트 시간이 늘어날 수 있어, 핵심 시나리오에 선택적으로 적용하는 것이 좋습니다. 또한 CI 환경에서 도커 권한과 캐시 전략을 세우지 않으면 속도가 느려질 수 있습니다. 테스트 재현성이 올라가면 장애 예방 효과가 크기 때문에, 중요한 데이터 계층 테스트에는 투자할 가치가 있습니다. 컨테이너 기반 테스트는 환경 격리를 쉽게 해주는 장점도 큽니다. 운영과의 차이를 줄이는 것이 핵심 가치입니다.		O	TRUE	X	FALSE					test	testcontainers	docker	springboot
Q392	@MockBean		Backend - 테스트	22	OX	EASY	@MockBean은 스프링 컨텍스트에 등록된 빈을 목 객체로 대체해 테스트할 수 있다.	@MockBean은 테스트 컨텍스트에서 실제 빈 대신 Mockito 목을 주입해, 외부 의존성을 분리할 수 있게 합니다. 면접에서는 @Mock과 @MockBean의 차이(스프링 컨텍스트 대체 여부)를 물을 수 있습니다. 실무에서는 @WebMvcTest에서 서비스 계층을 목으로 대체하거나, 통합 테스트에서 특정 의존성을 분리할 때 유용합니다. 다만 @MockBean을 과하게 쓰면 테스트가 스프링 구성에 의존하게 되어, 리팩터링 시 깨지기 쉬운 테스트가 될 수 있습니다. 그래서 핵심은 “목은 최소화하고, 계약만 검증”하는 것입니다. 또한 목 설정이 누락되면 NullPointer가 아니라 404나 500 같은 형태로 드러날 수 있어 원인 파악이 어려울 수 있습니다. 테스트 데이터와 목 동작을 명확히 설정하는 습관이 중요합니다. 적절히 쓰면 생산성이 크게 올라갑니다.		O	TRUE	X	FALSE					test	mockbean	spring	springboot
Q393	Arrange Act Assert(AAA)		Backend - 테스트	22	OX	EASY	테스트를 Arrange Act Assert 형태로 구성하면 가독성과 의도가 좋아질 수 있다.	AAA 패턴은 테스트를 준비(Arrange), 실행(Act), 검증(Assert) 단계로 나눠 읽기 쉽게 만드는 구조입니다. 면접에서는 좋은 테스트의 조건(명확성, 독립성, 재현성)을 물을 때 함께 언급할 수 있습니다. 실무에서는 테스트가 길어질수록 구조가 없으면 유지보수가 어려워지는데, AAA는 그 복잡도를 낮춰줍니다. 또한 실패했을 때 어디가 문제인지 빠르게 파악할 수 있어 디버깅 비용이 줄어듭니다. 다만 너무 형식적으로 나누면 중복 코드가 많아질 수 있어, 공통 준비는 헬퍼나 픽스처로 정리하는 것이 좋습니다. 테스트 이름과 함께 AAA 구조를 통일하면 팀 협업 효율이 올라갑니다. 테스트는 문서 역할도 하므로, 읽기 쉬운 구조가 중요합니다. 작은 습관이 장기적으로 큰 차이를 만듭니다.		O	TRUE	X	FALSE					test	aaa	bestpractice	
Q394	Fixture(픽스처)		Backend - 테스트	22	OX	EASY	테스트 픽스처(fixture)는 테스트 실행을 위해 미리 준비하는 데이터나 객체 구성을 의미한다.	픽스처는 테스트가 반복 가능하도록 필요한 상태를 미리 만들어두는 것을 말합니다. 면접에서는 테스트 데이터 관리 전략(고정값 vs 빌더 패턴)으로 질문이 이어질 수 있습니다. 실무에서는 픽스처가 지나치게 복잡해지면 테스트가 읽기 어려워지고, 변경에 취약해질 수 있습니다. 그래서 테스트 데이터 빌더나 팩토리 메서드로 의미 있는 최소 데이터만 준비하는 것이 좋습니다. 또한 테스트 간 픽스처를 공유할 때는 상태 오염이 생기지 않도록 불변 객체를 쓰거나 매번 새로 생성하는 방식을 선택합니다. DB 통합 테스트에서는 데이터 초기화 전략(트랜잭션 롤백, truncate)이 중요합니다. 픽스처 관리는 테스트 품질을 좌우하는 핵심 요소입니다. 잘 관리하면 테스트가 문서처럼 읽힙니다. 반대로 관리가 안 되면 테스트가 장애 원인이 됩니다.		O	TRUE	X	FALSE					test	fixture	data	
Q395	AssertJ(AssertJ)		Backend - 테스트	22	OX	EASY	AssertJ는 체이닝 형태의 가독성 좋은 assertion을 제공하는 라이브러리로 자주 사용된다.	AssertJ는 assertThat으로 시작하는 체이닝 API로 테스트 가독성을 높여줍니다. 면접에서는 JUnit assertion과 비교해 장점을 설명할 수 있으면 좋습니다. 실무에서는 리스트 필터링, 예외 검증, 필드 비교 등 복잡한 검증을 읽기 쉬운 형태로 작성할 수 있습니다. 또한 실패 메시지가 비교적 친절해 디버깅 시간이 줄어듭니다. 다만 팀마다 assertion 스타일이 달라질 수 있어 컨벤션을 통일하는 것이 좋습니다. 가독성은 테스트의 생명이라, AssertJ 같은 도구는 장기 유지보수에 큰 도움이 됩니다. 또한 커스텀 assertion을 만들면 도메인 용어로 테스트를 표현할 수 있어 문서성이 올라갑니다. 테스트는 읽는 사람이 미래의 나이거나 동료라는 점을 기억해야 합니다.		O	TRUE	X	FALSE					test	assertj	java	
Q396	Spring Security(스프링 시큐리티)		Backend - 인증/인가	18	OX	EASY	Spring Security는 인증(authentication)과 인가(authorization)를 처리하는 데 널리 사용된다.	Spring Security는 스프링 생태계에서 인증/인가를 표준적으로 제공하는 보안 프레임워크입니다. 면접에서는 인증과 인가 차이, 필터 체인, SecurityContext로 질문이 확장됩니다. 실무에서는 폼 로그인, 세션, JWT 기반 인증 등 다양한 방식을 구성할 수 있습니다. 다만 기본 설정만으로는 의도치 않은 차단이나 허용이 생길 수 있어, URL 매칭과 권한 정책을 명확히 해야 합니다. 또한 보안 설정은 변경 시 파급이 크므로 테스트(WebMvcTest + security)로 주요 시나리오를 고정해두는 것이 좋습니다. CORS CSRF 설정도 보안과 UX에 큰 영향을 주므로 이해가 필요합니다. Spring Security는 강력하지만 학습 곡선이 있어, 기본 흐름을 먼저 잡는 것이 중요합니다. 제대로 쓰면 서비스 보안 수준이 크게 올라갑니다.		O	TRUE	X	FALSE					security	spring	auth	springboot
Q397	인증(Authentication)		Backend - 인증/인가	18	OX	EASY	인증은 사용자가 누구인지 확인하는 과정이다.	인증은 아이디 비밀번호, 토큰, 인증서 등으로 “사용자 신원”을 확인하는 과정입니다. 면접에서는 인가와 혼동하지 않는지 자주 확인합니다. 실무에서는 인증 방식에 따라 세션 기반인지 토큰 기반인지가 달라지고, 그에 따른 상태 관리 전략이 바뀝니다. 또한 비밀번호는 반드시 해시로 저장하고, 로그인 시도 제한과 MFA 같은 보완책도 함께 고려해야 합니다. 인증은 보안의 첫 관문이므로, 실패 처리 메시지와 로깅 전략도 중요합니다. 너무 상세한 실패 메시지는 공격자에게 힌트를 줄 수 있어 주의가 필요합니다. 인증이 끝나도 “무엇을 할 수 있는지”는 인가 영역이므로 개념을 명확히 구분해야 합니다. 기본기지만 실무 영향이 매우 큽니다.		O	TRUE	X	FALSE					security	authentication	login	spring
Q398	인가(Authorization)		Backend - 인증/인가	18	OX	EASY	인가는 인증된 사용자가 어떤 자원에 접근할 수 있는지 권한을 결정하는 과정이다.	인가는 권한 검사를 통해 “이 사용자가 이 행동을 해도 되는가”를 판단합니다. 면접에서는 RBAC(역할 기반 접근 제어) 같은 모델로 질문이 이어질 수 있습니다. 실무에서는 URL 단위 권한뿐 아니라, 데이터 레벨 권한(자기 글만 수정) 같은 세밀한 정책이 중요합니다. 또한 권한 체크를 컨트롤러만에 두면 우회가 생길 수 있어 서비스 계층에서도 방어적으로 적용합니다. 인가 정책은 잦은 변경이 발생할 수 있으므로, 정책을 코드에 하드코딩하기보다 구성 가능하게 만드는 전략도 고려합니다. 로그와 감사(audit)도 인가와 연관되어, 누가 무엇을 했는지 추적이 가능해야 합니다. 인증이 “누구냐”라면 인가는 “뭐 할 수 있냐”입니다. 이 구분은 면접의 단골 질문입니다.		O	TRUE	X	FALSE					security	authorization	rbac	spring
Q399	CSRF(CSRF)		Backend - 인증/인가	18	OX	EASY	CSRF는 사용자의 인증 정보를 이용해 사용자가 의도하지 않은 요청을 보내게 하는 공격이다.	CSRF는 브라우저가 쿠키를 자동 전송하는 특성을 이용해, 공격자가 사용자의 의지와 상관없이 요청을 수행하게 만드는 공격입니다. 면접에서는 XSS와 혼동하지 않는지, 그리고 쿠키 기반 인증에서 왜 특히 문제인지 질문이 나옵니다. 실무에서는 CSRF 토큰, SameSite 쿠키, Origin Referer 검증 등으로 완화합니다. 토큰 기반(JWT)이라고 해서 무조건 안전한 것은 아니며, 저장 위치(localStorage 등)에 따라 다른 보안 이슈가 생길 수 있습니다. 또한 SPA에서 credential 쿠키를 사용할 때 CORS와 함께 설정이 엮이므로, 전체 흐름을 이해하는 것이 중요합니다. CSRF 방어는 설정 하나로 무력화될 수도 있어, 테스트와 보안 리뷰가 필요합니다. 사용자 자산(결제, 변경)을 보호하기 위한 핵심 개념입니다. 기본이지만 실제 사고로 이어질 수 있습니다.		O	TRUE	X	FALSE					security	csrf	web	spring
Q400	JWT(JSON Web Token)		Backend - 인증/인가	18	OX	EASY	JWT는 일반적으로 헤더 페이로드 서명으로 구성된 토큰 포맷이다.	JWT는 점(.)으로 구분된 3부분으로 구성되는 토큰 포맷이 흔합니다. 면접에서는 서명과 암호화의 차이, 그리고 왜 Stateless 인증에 쓰이는지 질문이 자주 나옵니다. 실무에서는 access token과 refresh token을 분리해 보안을 강화하고, 만료 시간과 재발급 정책을 설계해야 합니다. 또한 토큰을 어디에 저장할지(쿠키 vs 로컬 스토리지)는 XSS CSRF 등과 연결되어 트레이드오프가 큽니다. JWT는 편하지만 무효화(로그아웃) 전략이 까다로울 수 있어 블랙리스트나 짧은 만료 전략 등을 고려합니다. 또한 claims에 민감 정보를 넣으면 유출 위험이 있으니 최소 정보만 담아야 합니다. JWT는 면접에서 정말 자주 나오는 단골 주제입니다. 기본 구조와 위험 포인트를 함께 말할 수 있어야 합니다.		O	TRUE	X	FALSE					security	jwt	token	springboot
Q401	세션(Session)		Backend - 인증/인가	18	OX	EASY	세션 기반 인증에서는 서버가 사용자 로그인 상태를 서버 측에 저장하는 방식이 일반적이다.	세션 기반 인증은 로그인 상태(세션 데이터)를 서버가 관리하고, 클라이언트는 세션 ID를 쿠키로 들고 다니는 방식이 흔합니다. 면접에서는 스테이트풀 vs 스테이트리스 비교로 질문이 이어집니다. 실무에서는 서버가 세션을 들고 있으니 관리가 쉽지만, 서버가 여러 대면 세션 공유(Sticky session, Redis 세션) 문제가 생깁니다. 또한 세션 하이재킹을 막기 위해 Secure HttpOnly SameSite 설정과 세션 만료 정책이 중요합니다. 대규모 트래픽에서는 세션 저장소가 병목이 될 수 있어 모니터링이 필요합니다. 반면 JWT는 서버 상태를 줄일 수 있지만 토큰 무효화가 어렵다는 트레이드오프가 있습니다. 어떤 방식이 더 좋다기보다 상황에 맞게 선택하는 것이 중요합니다. 세션 개념을 정확히 이해하면 인증 설계가 쉬워집니다. 운영 관점도 함께 고려해야 합니다.		O	TRUE	X	FALSE					security	session	auth	spring
Q402	쿠키(Cookie)		Backend - 인증/인가	18	OX	EASY	쿠키는 브라우저가 저장하고 요청 시 자동으로 전송할 수 있는 데이터 저장 메커니즘이다.	쿠키는 작은 키-값 데이터를 브라우저에 저장하고, 동일 도메인 요청에 자동으로 포함시킬 수 있습니다. 면접에서는 쿠키와 세션, 로컬 스토리지 차이를 묻는 질문이 흔합니다. 실무에서는 인증 정보(세션ID)를 쿠키로 보내는 방식이 많고, HttpOnly Secure SameSite 설정이 보안에 매우 중요합니다. 쿠키는 자동 전송이 장점이지만, 그 특성 때문에 CSRF 공격의 표면이 되기도 합니다. 또한 도메인 경로 만료를 잘못 설정하면 로그인 유지나 로그아웃이 꼬일 수 있습니다. 쿠키 크기 제한과 전송 오버헤드도 고려해야 합니다. 인증 쿠키를 쓸 때는 항상 HTTPS를 강제하고, 민감정보는 직접 넣지 않는 것이 안전합니다. 쿠키는 웹 보안의 핵심 요소 중 하나입니다. 기본 동작을 정확히 이해하면 문제 해결이 빨라집니다.		O	TRUE	X	FALSE					security	cookie	web	spring
Q403	HttpOnly(HttpOnly)		Backend - 인증/인가	18	OX	EASY	HttpOnly 쿠키는 자바스크립트로 접근이 제한되어 XSS로 인한 쿠키 탈취 위험을 줄일 수 있다.	HttpOnly는 브라우저가 쿠키를 JS API(document cookie)로 읽지 못하게 제한하는 옵션입니다. 면접에서는 HttpOnly가 CSRF를 막는 것은 아니라는 점을 함께 말할 수 있으면 좋습니다. 실무에서는 세션 쿠키나 refresh token을 HttpOnly로 두어 XSS로부터 보호하는 전략이 흔합니다. 다만 HttpOnly라도 네트워크로는 전송되므로 HTTPS(Secure) 설정이 함께 필요합니다. 또한 SPA에서 토큰을 JS로 읽어야 하는 설계라면 HttpOnly를 쓰기 어렵고, 다른 보안 전략이 필요합니다. HttpOnly는 공격 표면을 줄이는 중요한 옵션이지만, XSS 자체를 막아주는 것은 아니므로 입력값 검증 CSP 같은 방어도 함께 해야 합니다. 보안은 단일 옵션이 아니라 레이어드 방어입니다. 쿠키 옵션을 이해하면 인증 설계가 더 안전해집니다. 운영에서도 자주 마주치는 설정입니다.		O	TRUE	X	FALSE					security	cookie	httponly	
Q404	Secure Cookie(Secure)		Backend - 인증/인가	18	OX	EASY	Secure 옵션이 있는 쿠키는 HTTPS 연결에서만 전송되도록 제한할 수 있다.	Secure 쿠키는 HTTPS에서만 전송되어, 네트워크 스니핑으로 인증 쿠키가 노출되는 위험을 줄입니다. 면접에서는 Secure와 HttpOnly, SameSite 조합을 함께 설명할 수 있으면 좋습니다. 실무에서는 운영 환경에서 HTTPS를 기본으로 두고 Secure를 필수로 적용합니다. 특히 SameSite None을 쓰려면 Secure가 필수라는 브라우저 제약도 존재합니다. 또한 로컬 개발 환경에서 HTTP로 테스트하다가 Secure 때문에 쿠키가 안 붙는 문제가 자주 생기니, 개발 프로파일에서 분리하는 전략이 필요합니다. 쿠키 보안 옵션은 사용자 계정 탈취 방지에 매우 직접적인 영향을 줍니다. 인증은 공격 표면이 크기 때문에 이런 기본 옵션을 놓치면 큰 사고로 이어질 수 있습니다. 그래서 보안 설정은 반드시 테스트로 고정해두는 것이 좋습니다. 쿠키 전송 조건을 이해하면 CORS 문제도 더 빨리 해결됩니다. 작은 옵션 하나가 큰 차이를 만듭니다.		O	TRUE	X	FALSE					security	cookie	https	
Q405	@EnableScheduling		Backend - 언어 & 프레임워크	21	OX	EASY	@EnableScheduling을 사용하면 @Scheduled 작업을 주기적으로 실행할 수 있다.	스프링 스케줄링은 주기 작업(배치, 정리 작업)을 간단히 구현할 수 있게 해줍니다. 면접에서는 cron 표현식과, 스케줄링이 서버 여러 대일 때 중복 실행 문제가 생길 수 있다는 포인트로 질문이 이어질 수 있습니다. 실무에서는 단일 인스턴스면 편하지만, 여러 인스턴스에서 동일 스케줄이 동시에 돌아가면 중복 처리로 장애가 날 수 있습니다. 그래서 분산 락(예: ShedLock)이나 배치 서버 분리 전략을 함께 고려합니다. 또한 스케줄링 작업이 오래 걸리면 다음 실행과 겹칠 수 있어 스레드 풀 설정과 실행 정책이 중요합니다. 운영에서는 스케줄 작업 실패 시 알림과 재시도 전략도 필요합니다. 단순히 “돌린다”에서 끝나지 않고, 운영 안정성을 함께 설계해야 합니다. @Scheduled는 편리하지만 운영 함정이 있는 기능입니다. 주기 작업은 데이터 정합성과 직결되므로 신중해야 합니다. 기본 설정만 쓰면 숨은 리스크가 생길 수 있습니다.		O	TRUE	X	FALSE					spring	scheduling	cron	springboot
Q406	@Scheduled		Backend - 언어 & 프레임워크	21	OX	EASY	@Scheduled는 일정 주기 또는 cron 표현식에 따라 메서드를 실행하도록 설정할 수 있다.	@Scheduled는 fixedRate, fixedDelay, cron 같은 옵션으로 주기 실행을 설정합니다. 면접에서는 fixedRate와 fixedDelay 차이를 자주 묻습니다. 실무에서는 데이터 정리, 캐시 갱신, 리포트 집계 같은 작업에 사용하지만, 실패 처리와 중복 실행 방지가 함께 고려되어야 합니다. 또한 스케줄링 메서드는 기본적으로 별도 스레드에서 실행되므로, 스레드풀 크기와 예외 로깅이 중요합니다. 예외가 발생했는데 로그가 없으면 “조용히 죽는” 문제가 생길 수 있습니다. 그리고 트랜잭션이 필요한 경우에는 @Transactional을 함께 적용하는 설계가 필요할 수 있습니다. 단, 트랜잭션 범위를 너무 넓게 잡으면 DB 부하가 커질 수 있어 최소화해야 합니다. 스케줄링은 운영 자동화의 기본 도구이지만, 운영에선 작은 실수로 큰 사고가 날 수 있습니다. 그래서 실행 로그, 알림, 재시도, 락까지 함께 생각하는 습관이 좋습니다. 면접에서도 이 운영 포인트를 말하면 인상이 좋습니다.		O	TRUE	X	FALSE					spring	scheduled	job	springboot
Q407	SLF4J 파라미터 로깅(Parameterized logging)		Backend - 웹 서버 기초	17	OX	EASY	SLF4J에서 중괄호 {}를 사용한 파라미터 로깅은 문자열 결합보다 불필요한 비용을 줄일 수 있다.	파라미터 로깅은 로그 레벨이 비활성화된 경우에도 문자열을 미리 만들지 않아 성능상 이점이 있습니다. 면접에서는 로깅 성능과 운영 환경에서의 비용을 이해하는지 확인할 수 있습니다. 실무에서는 log debug userId {} 형태로 작성하면, debug가 꺼져 있을 때 문자열 생성이 최소화됩니다. 또한 예외를 로깅할 때는 마지막 인자로 throwable을 넘겨 스택 트레이스를 남기는 패턴도 중요합니다. 로깅은 작은 습관이 대규모 트래픽에서 큰 비용 차이를 만들 수 있습니다. 다만 “항상 빠르다”가 아니라, 구현체에 따라 최적화 방식이 다를 수 있어 기본 원리를 이해하는 것이 핵심입니다. 그리고 민감정보를 로깅하지 않도록 마스킹 정책을 함께 가져가야 합니다. 운영 로그는 보안과 성능, 디버깅의 균형이 중요합니다. 파라미터 로깅은 그 균형을 돕는 기본 기술입니다. 팀 컨벤션으로 통일하면 코드 품질이 올라갑니다. 면접에서도 자주 언급되는 실무 포인트입니다.		O	TRUE	X	FALSE					logging	slf4j	performance	java
Q408	Spring Boot 기본 포트(Default Port)		Backend - 웹 서버 기초	17	OX	EASY	Spring Boot 애플리케이션의 기본 HTTP 포트는 80이다.	Spring Boot의 기본 포트는 8080입니다. 80은 보통 리버스 프록시(Nginx)나 컨테이너/서버 설정에서 쓰는 경우가 많고, 앱 자체 기본값은 8080이라서 진술은 틀립니다.		O	FALSE	X	TRUE					springboot	http	config	backend
Q409	@EnableScheduling		Backend - 언어 & 프레임워크	21	OX	EASY	@SpringBootApplication만 붙이면 @Scheduled가 자동으로 활성화된다.	스케줄링은 기본으로 켜지지 않습니다. @Scheduled를 쓰려면 보통 @EnableScheduling(또는 관련 자동 구성/설정)을 통해 스케줄링을 활성화해야 하므로 진술은 틀립니다.		O	FALSE	X	TRUE					springboot	spring	scheduling	java
Q410	@RestController 동작		Backend - 웹 서버 기초	17	OX	EASY	@RestController에서 String을 반환하면 항상 View 템플릿을 렌더링한다.	@RestController는 기본적으로 반환값을 응답 본문(body)으로 내려보냅니다. View 렌더링은 주로 @Controller에서 일어나므로 진술은 틀립니다.		O	FALSE	X	TRUE					spring	mvc	http	springboot
Q411	@ResponseStatus		Backend - 웹 서버 기초	17	OX	EASY	ResponseEntity를 쓰지 않으면 HTTP 상태 코드를 바꿀 수 없다.	ResponseEntity 없이도 @ResponseStatus나 예외 처리(@ControllerAdvice)로 상태 코드를 지정할 수 있습니다. 따라서 진술은 틀립니다.		O	FALSE	X	TRUE					spring	http	mvc	springboot
Q412	@Transactional AOP 프록시		Backend - 언어 & 프레임워크	21	OX	EASY	@Transactional은 컴파일 시점에 동작해서 런타임 프록시가 필요 없다.	@Transactional은 보통 런타임에 AOP 프록시로 동작합니다. “컴파일 시점에 끝난다”는 설명은 맞지 않아서 진술은 틀립니다.		O	FALSE	X	TRUE					spring	transaction	aop	java
Q413	인터페이스(Default Method)		언어 중심 - Java	94	OX	EASY	Java의 인터페이스는 어떤 경우에도 메서드 구현을 가질 수 없다.	Java 8부터 인터페이스는 default/static 메서드로 구현을 가질 수 있습니다. “절대 구현 불가”는 틀린 설명입니다.		O	FALSE	X	TRUE					java	interface	oop	spring
Q414	StringBuilder 스레드 안전성		언어 중심 - Java	94	OX	EASY	StringBuilder는 불변(immutable) 객체라서 멀티스레드에서도 안전하다.	StringBuilder는 가변(mutable)이고 기본적으로 thread-safe가 아닙니다. 멀티스레드 안전이 필요하면 상황에 따라 동기화나 다른 접근이 필요하므로 진술은 틀립니다.		O	FALSE	X	TRUE					java	string	performance	concurrency
Q415	HashMap 순서 보장		언어 중심 - Java	94	OX	EASY	HashMap은 항상 입력한 순서대로 키를 순회한다.	HashMap은 순서를 보장하지 않습니다. 입력 순서를 보장하려면 LinkedHashMap 같은 구조를 써야 하므로 진술은 틀립니다.		O	FALSE	X	TRUE					java	collection	hashmap	spring
Q416	synchronized 성능		언어 중심 - Java	94	OX	EASY	synchronized를 붙이면 항상 성능이 좋아진다.	synchronized는 동기화를 제공하지만 락 경합이 생기면 성능이 떨어질 수 있습니다. “항상 성능 향상”은 틀립니다.		O	FALSE	X	TRUE					java	concurrency	synchronized	performance
Q417	JVM 스택 공유		언어 중심 - Java	94	OX	EASY	JVM의 스택(Stack) 영역은 모든 스레드가 공유한다.	스택은 스레드마다 별도로 가집니다(스레드 로컬). 여러 스레드가 공유하는 대표 영역은 힙(Heap)이므로 진술은 틀립니다.		O	FALSE	X	TRUE					java	jvm	memory	concurrency
Q418	Spring Bean 기본 스코프		Backend - 언어 & 프레임워크	21	OX	EASY	스프링에서 빈의 기본 스코프는 prototype이다.	스프링의 기본 빈 스코프는 singleton입니다. prototype은 요청마다 새로 만들고 싶을 때 명시적으로 쓰는 스코프라서 진술은 틀립니다.		O	FALSE	X	TRUE					spring	bean	scope	springboot
Q419	@Autowired 주입 기준		Backend - 언어 & 프레임워크	21	OX	EASY	@Autowired는 기본적으로 이름(name) 기반으로만 주입된다.	@Autowired는 기본이 타입(type) 기반 주입입니다. 같은 타입 빈이 여러 개면 @Qualifier/@Primary 등으로 구분하므로 진술은 틀립니다.		O	FALSE	X	TRUE					spring	di	autowired	springboot
Q420	application.yml 중복 키		Backend - 언어 & 프레임워크	21	OX	EASY	application.yml에 같은 키를 두 번 적으면 스프링 부트가 두 값을 항상 자동으로 병합한다.	중복 키는 자동 병합이 “항상” 보장되지 않습니다(구성에 따라 덮어쓰이거나 예기치 않은 결과가 날 수 있음). “항상 병합”은 틀린 설명입니다.		O	FALSE	X	TRUE					springboot	config	yml	spring
Q421	@RequestBody 역할		Backend - 웹 서버 기초	17	OX	EASY	@RequestBody는 쿼리 스트링 파라미터를 DTO로 바인딩할 때 사용한다.	쿼리 스트링은 주로 @RequestParam/@ModelAttribute로 받습니다. @RequestBody는 요청 본문(JSON 등)을 역직렬화할 때 쓰므로 진술은 틀립니다.		O	FALSE	X	TRUE					spring	http	json	mvc
Q422	HTTP GET 의미		Backend - 웹 서버 기초	17	OX	EASY	HTTP GET 메서드는 보통 서버 상태를 변경하는 용도로 사용된다.	GET은 조회(읽기) 용도로 쓰는 것이 원칙이고, 서버 상태를 바꾸지 않는 “안전(safe)”한 메서드로 분류됩니다. 따라서 진술은 틀립니다.		O	FALSE	X	TRUE					http	rest	api	springboot
Q423	CSRF와 JWT		Backend - 인증/인가	18	OX	EASY	JWT를 사용하면 CSRF는 어떤 설정 없이도 자동으로 완전히 해결된다.	JWT를 쓴다고 CSRF가 “자동으로 완전 해결”되지는 않습니다. 토큰 저장 위치(쿠키 등)와 요청 방식에 따라 CSRF 고려가 필요하므로 진술은 틀립니다.		O	FALSE	X	TRUE					security	jwt	csrf	spring
Q424	JUnit @Test 접근 제어자		Backend - 테스트	22	OX	EASY	JUnit에서 @Test 메서드는 반드시 private이어야 실행된다.	private이면 테스트로 인식/실행되지 않습니다. 보통 public 또는 (JUnit5에서는) package-private을 사용합니다. 따라서 진술은 틀립니다.		O	FALSE	X	TRUE					java	test	junit	springboot
Q425	Mockito 기본 동작		Backend - 테스트	22	OX	EASY	Mockito mock은 스텁을 하지 않으면 메서드를 호출할 때마다 항상 예외를 던진다.	기본적으로 mock은 스텁이 없으면 null/0/false 같은 “기본값”을 반환하는 경우가 많습니다(예외가 항상은 아님). 그래서 진술은 틀립니다.		O	FALSE	X	TRUE					test	mockito	unit	java
Q426	Gradle 의존성 충돌 처리		Backend - 언어 & 프레임워크	21	OX	EASY	Gradle은 의존성 버전 충돌이 나면 기본 설정에서 무조건 빌드를 실패시킨다.	Gradle은 기본적으로 충돌을 자동 해결(선택)하는 전략을 사용하며, “무조건 실패”는 아닙니다. 따라서 진술은 틀립니다.		O	FALSE	X	TRUE					build	gradle	dependency	springboot
Q427	Actuator 기본 노출		Backend - 웹 서버 기초	17	OX	EASY	Spring Boot Actuator 엔드포인트는 기본으로 모두 외부에 공개된다.	Actuator는 기본 노출이 제한적이며, 어떤 엔드포인트를 노출할지 별도 설정이 필요합니다. “기본으로 전부 공개”는 틀린 설명입니다.		O	FALSE	X	TRUE					springboot	actuator	observability	security
Q428	기본 타입(Primitive Type)		언어 중심 - Java	94	OX	EASY	Java의 int 타입은 null 값을 가질 수 있다.	int는 기본 타입(primitive)이라 null을 담을 수 없습니다. null이 필요하면 Integer 같은 래퍼 타입을 사용해야 합니다.		O	FALSE	X	TRUE					java	datatype	primitive	spring
Q429	final 필드(final field)		언어 중심 - Java	94	OX	EASY	final 필드는 생성자에서 값을 할당할 수 없다.	final은 “한 번만 할당”이 핵심이라, 생성자(또는 선언 시점)에서 초기화하는 것이 대표 패턴입니다.		O	FALSE	X	TRUE					java	final	oop	springboot
Q430	equals() vs ==		언어 중심 - Java	94	OX	EASY	Java에서 equals()는 항상 ==(참조 비교)와 완전히 같은 결과를 낸다.	Object의 equals는 기본이 참조 비교지만, String 등 많은 클래스는 equals를 오버라이드해 “값 동등성”을 비교합니다.		O	FALSE	X	TRUE					java	equals	oop	spring
Q431	HashMap 키 중복		언어 중심 - Java	94	OX	EASY	HashMap에 이미 존재하는 키로 put()을 호출하면 예외가 발생한다.	HashMap은 키가 중복되면 예외가 아니라 “기존 값이 덮어써집니다(교체)”.		O	FALSE	X	TRUE					java	hashmap	collection	springboot
Q432	synchronized 동작		언어 중심 - Java	94	OX	EASY	synchronized 블록은 여러 스레드가 동시에 임계 구역에 진입하도록 허용한다.	synchronized는 한 번에 한 스레드만 진입하도록 “상호 배제”를 제공합니다.		O	FALSE	X	TRUE					java	concurrency	synchronized	spring
Q433	예외 처리(try-catch)		언어 중심 - Java	94	OX	EASY	Java에서는 예외가 발생해도 컴파일러가 자동으로 처리하므로 try-catch가 필요 없다.	예외는 자동 처리되지 않습니다. 체크 예외는 컴파일 단계에서 처리 강제되며, 런타임 예외도 필요한 경우 직접 처리/전파 전략이 필요합니다.		O	FALSE	X	TRUE					java	exception	handling	springboot
Q434	application.yml 포맷		Backend - 언어 & 프레임워크	21	OX	EASY	Spring Boot의 application.yml은 JSON 문법만 지원한다.	application.yml은 YAML 형식을 사용합니다. JSON과는 문법이 다르고, 보통 YAML 또는 properties를 사용합니다.		O	FALSE	X	TRUE					springboot	config	yml	spring
Q435	@ComponentScan 범위		Backend - 언어 & 프레임워크	21	OX	EASY	@ComponentScan은 기본으로 모든 외부 jar의 모든 클래스를 무조건 스캔한다.	컴포넌트 스캔은 “지정한 패키지 범위”를 기준으로 동작합니다. 무조건 모든 jar 전체를 스캔하는 방식이 아닙니다.		O	FALSE	X	TRUE					spring	component	scanning	springboot
Q436	@RestController 역할		Backend - 웹 서버 기초	17	OX	EASY	@RestController는 HTTP 요청을 처리하지 못하고 설정 파일에서만 사용하는 애노테이션이다.	@RestController는 요청 매핑(@GetMapping 등)으로 HTTP 요청을 처리하는 컨트롤러에 쓰며, 반환값을 응답 바디로 내려줍니다.		O	FALSE	X	TRUE					spring	mvc	rest	springboot
Q437	@SpringBootTest 범위		Backend - 테스트	22	OX	EASY	@SpringBootTest는 스프링 컨텍스트를 전혀 로드하지 않아서 순수 단위 테스트만 가능하다.	@SpringBootTest는 “컨텍스트를 로드”해 통합 테스트에 쓰는 경우가 많아, 오히려 무거운 편입니다.		O	FALSE	X	TRUE					springboot	test	context	spring
Q438	@BeforeEach 실행 시점		Backend - 테스트	22	OX	EASY	JUnit5에서 @BeforeEach는 테스트 클래스 전체에서 딱 한 번만 실행된다.	@BeforeEach는 “각 테스트 메서드 실행 전”마다 실행됩니다. 클래스당 1번은 @BeforeAll입니다.		O	FALSE	X	TRUE					java	junit	test	springboot
Q439	Mockito verify 목적		Backend - 테스트	22	OX	EASY	Mockito의 verify()는 반환값을 미리 정해두는 스텁(stub) 기능이다.	verify는 “호출 여부/횟수 검증”에 쓰고, 스텁은 when(...).thenReturn(...)로 설정합니다.		O	FALSE	X	TRUE					test	mockito	unit	java
Q440	CORS 개념		Backend - 웹 서버 기초	17	OX	EASY	CORS는 서버 간 통신을 막는 네트워크 보안 기능이다.	CORS는 주로 “브라우저의 동일 출처 정책(SOP)”과 연관된 메커니즘입니다. 서버-서버 통신 자체를 막는 규칙이 아닙니다.		O	FALSE	X	TRUE					cors	web	security	springboot
Q441	HTTP GET 특성		Backend - 웹 서버 기초	17	OX	EASY	HTTP GET 요청은 일반적으로 멱등(idempotent)하지 않다.	GET은 조회 목적이라 보통 멱등 메서드로 분류됩니다(반복 호출해도 서버 상태 변경이 없어야 함).		O	FALSE	X	TRUE					http	idempotency	api	spring
Q442	Spring 설정 우선순위		Backend - 언어 & 프레임워크	21	OX	EASY	Spring Boot에서는 application.properties가 환경 변수보다 항상 우선 적용된다.	설정 우선순위는 케이스에 따라 다르며, 보통 환경 변수/커맨드라인이 더 우선되는 경우가 많습니다. “항상”은 틀린 표현입니다.		O	FALSE	X	TRUE					springboot	config	properties	spring
Q443	@Value 사용 위치		Backend - 언어 & 프레임워크	21	OX	EASY	@Value는 메서드 파라미터에만 쓸 수 있고 필드에는 사용할 수 없다.	@Value는 필드/생성자 파라미터/메서드 파라미터 등 다양한 위치에 사용할 수 있습니다.		O	FALSE	X	TRUE					spring	value	config	springboot
Q444	JPA와 트랜잭션		Backend - 언어 & 프레임워크	21	OX	EASY	JPA를 사용하면 데이터 변경에 트랜잭션이 필요 없다.	JPA로 데이터 변경(쓰기)을 할 때는 트랜잭션 경계가 매우 중요합니다. 트랜잭션 없이 정합성/반영 시점이 깨질 수 있습니다.		O	FALSE	X	TRUE					jpa	transaction	spring	java
Q445	Actuator 제공 기능		Backend - 웹 서버 기초	17	OX	EASY	Spring Boot Actuator를 추가해도 헬스 체크나 메트릭 엔드포인트는 제공되지 않는다.	Actuator는 헬스(/actuator/health), 메트릭 등 운영 엔드포인트를 제공합니다(노출 범위는 설정으로 제어).		O	FALSE	X	TRUE					springboot	actuator	observability	security
Q446	Gradle dependencyInsight		Backend - 언어 & 프레임워크	21	OX	EASY	Gradle의 dependencyInsight는 의존성 충돌 원인 분석에 사용할 수 없다.	dependencyInsight는 어떤 의존성이 왜 포함됐는지/버전이 왜 선택됐는지 추적하는 데 유용한 도구입니다.		O	FALSE	X	TRUE					build	gradle	dependency	springboot
Q447	Spring Security Filter Chain		Backend - 인증/인가	18	OX	EASY	Spring Security는 필터 체인을 사용하지 않고 컨트롤러에서만 인증/인가를 처리한다.	Spring Security는 서블릿 필터 체인을 기반으로 인증/인가를 적용하고 SecurityContext 등을 관리합니다.		O	FALSE	X	TRUE					security	spring	filter	springboot
Q448	오버라이딩 규칙(Overriding)		언어 중심 - Java	94	OX	EASY	오버라이딩한 메서드는 부모 메서드보다 접근 제어자를 더 좁게(private 방향) 바꿀 수 있다.	오버라이딩은 접근 범위를 “같거나 더 넓게”만 가능합니다. 더 좁히면 컴파일 에러가 날 수 있습니다.		O	FALSE	X	TRUE					java	oop	overriding	springboot
Q449	static 초기화(static init)		언어 중심 - Java	94	OX	EASY	static 블록은 객체를 만들 때마다 매번 실행된다.	static 초기화 블록은 클래스가 로딩될 때 보통 한 번 실행됩니다(인스턴스 생성마다 실행 아님).		O	FALSE	X	TRUE					java	static	jvm	spring
Q450	StringBuilder 사용		언어 중심 - Java	94	OX	EASY	반복 문자열 결합은 String이 항상 가장 빠르므로 StringBuilder가 필요 없다.	반복 결합은 새 String 객체가 계속 생겨 비용이 커질 수 있어, 보통 StringBuilder가 유리합니다.		O	FALSE	X	TRUE					java	string	performance	springboot
Q451	컬렉션 정렬(Collections.sort)		언어 중심 - Java	94	OX	EASY	Collections.sort(List)는 원본 리스트를 변경하지 않고 새 리스트를 반환한다.	Collections.sort는 “제자리 정렬(in-place)”이라 원본 리스트를 정렬합니다.		O	FALSE	X	TRUE					java	collection	sort	spring
Q452	Optional 사용(Optional)		언어 중심 - Java	94	OX	EASY	Optional은 null을 안전하게 다루기 위한 도구라서 필드에 항상 Optional을 쓰는 것이 권장된다.	Optional은 반환 타입에서 유용하지만, 필드/엔티티/직렬화에 무분별 사용은 보통 권장되지 않습니다.		O	FALSE	X	TRUE					java	optional	bestpractice	springboot
Q453	@RequestParam 필수 여부		Backend - 웹 서버 기초	17	OX	EASY	@RequestParam은 기본값이 required=false라서 파라미터가 없어도 항상 200으로 처리된다.	기본은 required=true이며, 없으면 400이 될 수 있습니다(설정/타입에 따라 다름).		O	FALSE	X	TRUE					spring	requestparam	http	springboot
Q454	@PathVariable 매핑		Backend - 웹 서버 기초	17	OX	EASY	@PathVariable은 요청 헤더 값을 읽어오는 애노테이션이다.	@PathVariable은 URL 경로(/users/{id})의 “경로 변수”를 바인딩합니다.		O	FALSE	X	TRUE					spring	pathvariable	mvc	java
Q455	@RequestBody와 GET		Backend - 웹 서버 기초	17	OX	EASY	GET 요청은 표준적으로 바디를 항상 사용하므로, @RequestBody로 조회 조건을 받는 것이 가장 일반적이다.	GET은 보통 바디 없이 쿼리 파라미터로 조건을 전달합니다. 바디는 표준적으로 권장되지 않습니다.		O	FALSE	X	TRUE					http	get	spring	springboot
Q456	ResponseEntity 목적		Backend - 웹 서버 기초	17	OX	EASY	ResponseEntity는 JSON 직렬화를 막기 위해 사용하는 타입이다.	ResponseEntity는 상태 코드/헤더/바디를 “명시적으로 제어”하려고 쓰는 타입이지, 직렬화를 막는 용도가 아닙니다.		O	FALSE	X	TRUE					spring	responseentity	http	springboot
Q457	ControllerAdvice 범위		Backend - 웹 서버 기초	17	OX	EASY	@ControllerAdvice는 특정 컨트롤러 한 개에만 예외 처리를 적용할 수 있다.	기본은 여러 컨트롤러에 전역 적용이며, 패키지/애노테이션 지정으로 범위를 제한할 수 있습니다.		O	FALSE	X	TRUE					spring	exception	controlleradvice	java
Q458	Bean 스코프		Backend - 언어 & 프레임워크	21	OX	EASY	스프링 빈은 기본 스코프가 request라서 요청마다 새로 생성된다.	기본은 singleton 스코프입니다. request 스코프는 웹 환경에서 별도 지정해야 합니다.		O	FALSE	X	TRUE					spring	bean	scope	springboot
Q459	@Configuration vs @Component		Backend - 언어 & 프레임워크	21	OX	EASY	@Configuration 클래스는 스프링 빈으로 등록될 수 없다.	@Configuration도 컴포넌트로 등록되어 빈으로 관리됩니다(@Bean 메서드도 제공합니다).		O	FALSE	X	TRUE					spring	configuration	bean	java
Q460	@Bean 등록 조건		Backend - 언어 & 프레임워크	21	OX	EASY	@Bean 메서드는 반드시 static이어야만 빈 등록이 된다.	@Bean은 static일 필요가 없고, 일반 메서드로도 등록됩니다(특수 케이스에서 static 사용 가능).		O	FALSE	X	TRUE					spring	bean	config	springboot
Q461	Auto Configuration 동작		Backend - 언어 & 프레임워크	21	OX	EASY	Spring Boot 자동 설정은 조건과 무관하게 항상 모든 빈을 강제로 등록한다.	자동 설정은 Conditional 계열 조건에 따라 “필요할 때만” 등록됩니다.		O	FALSE	X	TRUE					springboot	autoconfig	conditional	spring
Q462	로깅 레벨 기본		Backend - 웹 서버 기초	17	OX	EASY	운영 환경에서는 TRACE 로그를 기본으로 켜두는 것이 일반적이다.	TRACE는 로그량이 매우 많아 운영 기본으로 두기엔 부담이 큽니다(보통 INFO/WARN 위주).		O	FALSE	X	TRUE					logging	observability	springboot	java
Q463	SLF4J 구현체		Backend - 웹 서버 기초	17	OX	EASY	SLF4J는 그 자체로 로그 파일에 기록하는 완전한 구현체다.	SLF4J는 로깅 “추상화(API)”이고, Logback/Log4j2 같은 구현체가 실제 기록을 담당합니다.		O	FALSE	X	TRUE					logging	slf4j	backend	java
Q464	Lombok @Slf4j 생성 코드		Backend - 언어 & 프레임워크	21	OX	EASY	Lombok @Slf4j는 런타임에 리플렉션으로 logger를 동적으로 생성한다.	@Slf4j는 컴파일 타임에 logger 필드를 “코드 생성”해 넣습니다.		O	FALSE	X	TRUE					lombok	slf4j	logging	java
Q465	JUnit5 테스트 실행		Backend - 테스트	22	OX	EASY	JUnit5에서 @Test 메서드는 반드시 알파벳 순서로 실행된다.	테스트 실행 순서는 기본적으로 보장되지 않습니다(정렬은 별도 설정 필요).		O	FALSE	X	TRUE					java	junit	test	springboot
Q466	@WebMvcTest 범위		Backend - 테스트	22	OX	EASY	@WebMvcTest는 JPA 리포지토리까지 포함한 전체 스프링 컨텍스트를 로딩한다.	@WebMvcTest는 웹 계층 중심 슬라이스 테스트로, 전체 컨텍스트를 띄우지 않습니다.		O	FALSE	X	TRUE					springboot	webmvctest	mvc	test
Q467	Testcontainers 필요 조건		Backend - 테스트	22	OX	EASY	Testcontainers는 도커 없이도 항상 동일하게 동작한다.	Testcontainers는 보통 Docker 실행 환경이 필요합니다(로컬/CI에서 Docker 접근 권한 중요).		O	FALSE	X	TRUE					test	testcontainers	docker	springboot
Q468	equals hashCode 계약(Contract)		언어 중심 - Java	94	OX	MEDIUM	equals가 true를 반환하는 두 객체는 반드시 같은 hashCode 값을 가져야 한다.	equals와 hashCode는 해시 기반 컬렉션에서 함께 동작하는 핵심 계약입니다. equals가 true이면 같은 버킷에 있어야 하므로 hashCode도 같아야 합니다. 면접에서는 이 문장을 그대로 OX로 내기도 하고, 반대로 “hashCode가 같으면 equals도 true다” 같은 함정 문장으로 꼬아 내기도 합니다. 실무에서는 값 객체나 엔티티를 HashMap의 키로 사용할 때 이 계약이 깨지면 조회가 실패하거나 중복 데이터가 생깁니다. 또한 변경 가능한 필드를 hashCode 계산에 포함하면, 컬렉션에 넣은 뒤 필드가 바뀌어 찾을 수 없게 되는 사고가 발생합니다. 그래서 키로 쓰는 객체는 불변으로 만들거나, hashCode에 포함되는 필드를 신중히 선택해야 합니다.		O	TRUE	X	FALSE					java	equals	hashcode	
Q469	hashCode 충돌(Collision)		언어 중심 - Java	94	OX	MEDIUM	서로 다른 객체라도 hashCode 값이 같을 수 있으며, 이 경우 equals로 최종 동등성을 판단한다.	hashCode는 해시 함수 결과라 충돌이 가능하고, HashMap은 충돌을 전제로 설계되어 있습니다. 면접에서는 “충돌이 나면 맵이 망가진다” 같은 오해를 잡아내기도 합니다. 실무에서는 충돌이 많아지면 버킷이 길어져 성능이 떨어질 수 있어, 키 설계가 중요합니다. 또한 equals 구현이 느리면 충돌 시 성능이 더 악화될 수 있습니다. Java에서는 특정 조건에서 버킷이 트리화되는 최적화도 있지만, 기본 원리는 “충돌 후 equals로 확인”입니다. 따라서 hashCode는 균등 분포를 만들고, equals는 정확한 동등성 판단을 하도록 구현해야 합니다.		O	TRUE	X	FALSE					java	hashmap	collision	
Q470	try-with-resources 예외 처리		언어 중심 - Java	94	OX	MEDIUM	try-with-resources에서 close 중 발생한 예외는 본래 예외를 suppressed 예외로 붙일 수 있다.	try-with-resources는 자원 정리(close) 과정에서 예외가 발생할 수 있다는 점까지 고려합니다. 면접에서는 “원래 예외가 사라지지 않나” 같은 질문으로 suppressed 예외 개념을 확인하기도 합니다. 실무에서는 실제 장애에서 “본 예외 + close 예외”가 함께 발생하는 경우가 있어, 로그에서 suppressed를 확인할 줄 알아야 합니다. 또한 자원을 여러 개 선언하면 선언 역순으로 닫히며, 각각의 close 예외가 suppressed로 붙을 수 있습니다. 이 동작을 모르면 원인 분석 시 혼란이 생깁니다. 따라서 예외 스택 트레이스를 볼 때 suppressed 섹션을 확인하는 습관이 중요합니다. 자원 누수와 예외 처리를 동시에 안정적으로 해결하는 문법이라, 깊게 이해할수록 디버깅이 쉬워집니다.		O	TRUE	X	FALSE					java	exception	resource	
Q471	제네릭 타입 소거(Type erasure)		언어 중심 - Java	94	OX	MEDIUM	Java의 제네릭은 컴파일 후 런타임에는 타입 정보가 소거되어 유지되지 않는 경우가 많다.	자바 제네릭은 타입 소거 기반이라 런타임에 List과 List를 구분하기 어렵습니다. 면접에서는 “왜 new T()가 안 되나” 같은 질문으로 타입 소거를 확인합니다. 실무에서는 JSON 역직렬화에서 제네릭 타입 정보를 잃어버려 문제가 생길 수 있어, TypeReference 같은 우회 기법을 사용합니다. 또한 리플렉션으로 제네릭 정보를 일부 얻을 수는 있지만 제한적입니다. 타입 소거를 이해하면, 컴파일 타임 타입 안전성과 런타임 제약 사이의 트레이드오프를 설명할 수 있습니다. 제네릭 관련 버그는 메시지가 난해한 경우가 많아, 기본 원리를 알면 해결 속도가 빨라집니다. 면접에서도 “제네릭은 런타임에 남지 않는다”를 한 문장으로 정확히 말하는 것이 중요합니다.		O	TRUE	X	FALSE					java	generics	erasure	
Q472	오토박싱 오언박싱(Autoboxing)		언어 중심 - Java	94	OX	MEDIUM	오토박싱은 기본 타입(int 등)이 래퍼 타입(Integer 등)으로 자동 변환되는 기능이다.	오토박싱 오언박싱은 편리하지만 성능과 NPE 위험이 연결되는 포인트입니다. 면접에서는 Integer 비교(== vs equals)나 null 언박싱 NPE 같은 함정 문제로 자주 나옵니다. 실무에서는 대량 루프에서 불필요한 박싱이 GC 부담을 만들 수 있어 주의해야 합니다. 또한 컬렉션은 객체를 저장하므로 기본 타입을 담을 때 박싱이 발생합니다. 가능하면 primitive 기반 스트림이나 전용 구조를 고려하기도 합니다. 코드는 편해지지만 “보이지 않는 비용”이 생길 수 있다는 점을 기억해야 합니다. 오토박싱은 자바 기본기 중에서도 자주 실수하는 주제입니다.		O	TRUE	X	FALSE					java	boxing	performance	
Q473	Integer 캐시(Integer cache)		언어 중심 - Java	94	OX	MEDIUM	Integer는 특정 범위의 값에 대해 캐시를 사용하므로, 같은 값이라도 == 비교 결과가 상황에 따라 달라질 수 있다.	Integer는 -128부터 127 같은 범위를 캐시하는 구현이 흔해, 동일 값이 같은 객체 참조가 될 수 있습니다. 면접에서는 “왜 100은 ==가 true인데 1000은 false냐” 같은 문제로 자주 냅니다. 실무에서는 래퍼 타입 비교는 항상 equals를 쓰는 습관이 안전합니다. 또한 null 가능성이 있으면 equals 호출 순서도 신경 써야 합니다. 캐시 범위는 JVM 옵션이나 구현에 따라 달라질 수 있어, ==에 기대는 코드는 위험합니다. 이 주제는 자바의 객체 동일성(identity)과 동등성(equality)을 구분하는지 확인하는 좋은 질문입니다. 기본기를 제대로 잡으면 이런 함정에서 잘 안 넘어집니다.		O	TRUE	X	FALSE					java	integer	equality	
Q474	synchronized 락 대상		언어 중심 - Java	94	OX	MEDIUM	인스턴스 메서드에 synchronized를 붙이면 해당 인스턴스(this)의 모니터 락을 사용한다.	synchronized는 어디에 붙느냐에 따라 락 대상이 달라집니다. 면접에서는 “static synchronized는 무엇을 락으로 쓰나”까지 이어지는 단골 질문입니다. 실무에서는 락 범위를 잘못 잡으면 동기화가 되지 않거나 과도하게 잠겨 성능이 떨어집니다. 인스턴스 synchronized는 같은 객체를 공유하는 스레드들끼리만 상호 배제됩니다. 반대로 서로 다른 인스턴스면 동시에 들어갈 수 있어, 진짜로 보호하려는 공유 상태가 무엇인지 명확해야 합니다. 락은 성능과 안정성의 트레이드오프라, 대상 선택이 매우 중요합니다. 또한 외부에서 접근 가능한 객체를 락으로 쓰면 데드락 위험이 늘 수 있어 주의해야 합니다. 동기화는 “키워드 하나”가 아니라 “락 설계”입니다.		O	TRUE	X	FALSE					java	synchronized	lock	
Q475	volatile 원자성		언어 중심 - Java	94	OX	MEDIUM	volatile은 가시성을 보장하지만 i++ 같은 복합 연산의 원자성까지 보장하지는 않는다.	volatile은 메모리 가시성을 보장하지만, 읽기-수정-쓰기의 복합 연산을 한 번에 묶어주지는 않습니다. 면접에서는 이 문장을 OX로 내면서 동시성 기본기를 확인합니다. 실무에서 volatile로 카운터를 올리면 값이 누락되는 경쟁 상태가 생길 수 있습니다. 이런 경우 AtomicInteger나 synchronized가 필요합니다. volatile은 주로 상태 플래그처럼 단순 읽기 쓰기에 적합합니다. 또한 volatile로도 순서 보장(재정렬 제한)이 일부 생기지만, 모든 동시성 문제를 해결하지는 못합니다. 가시성과 원자성을 구분해 설명할 수 있으면 동시성 질문에서 강해집니다. 단골 함정이므로 꼭 잡아두는 게 좋습니다.		O	TRUE	X	FALSE					java	volatile	atomicity	
Q476	Spring AOP 프록시(Proxy)		Backend - 아키텍처 패턴	20	OX	MEDIUM	스프링의 AOP는 보통 프록시를 통해 부가 기능을 적용하며, 대상 객체를 직접 수정하지 않고도 동작을 확장할 수 있다.	스프링 AOP는 프록시 기반으로 트랜잭션 로깅 보안 같은 횡단 관심사를 적용합니다. 면접에서는 프록시가 어떤 시점에 생성되는지, JDK 동적 프록시와 CGLIB 차이로 질문이 이어질 수 있습니다. 실무에서는 @Transactional이 “어떤 메서드 호출에서 적용되는지”가 자주 문제 되는데, 이는 프록시를 통해 호출될 때만 AOP가 동작하기 때문입니다. 그래서 자기 자신 내부 호출(self-invocation)에서는 트랜잭션이 안 걸릴 수 있다는 대표 함정이 있습니다. 또한 final 메서드 클래스는 프록시 생성 방식에 따라 제약이 생길 수 있습니다. AOP를 이해하면 스프링의 많은 기능이 “프록시로 감싼다”는 원리를 설명할 수 있습니다. 디버깅할 때도 실제 타입이 프록시인지 확인하는 습관이 필요합니다. AOP는 편리하지만 동작 범위를 모르면 쉽게 오작동합니다. 면접에서도 실무에서도 중요한 개념입니다.		O	TRUE	X	FALSE					spring	aop	proxy	springboot
Q477	@Transactional self invocation		Backend - 언어 & 프레임워크	21	OX	MEDIUM	같은 클래스 내부에서 자기 메서드를 직접 호출(self invocation)하면 @Transactional이 적용되지 않을 수 있다.	@Transactional은 보통 프록시 기반으로 적용되므로, 프록시를 거치지 않는 호출에는 적용이 되지 않을 수 있습니다. 면접에서는 이 함정을 알고 있는지로 실무 경험을 확인하는 경우가 많습니다. 실무에서는 서비스 메서드 A가 같은 클래스의 B를 호출했는데 트랜잭션이 안 걸려 데이터가 부분 저장되는 문제가 발생할 수 있습니다. 해결책으로는 메서드를 다른 빈으로 분리하거나, 프록시를 통해 호출되도록 구조를 바꾸는 방식이 있습니다. 또한 public 메서드 기준으로 프록시가 동작하는 관례도 함께 언급되기도 합니다. 이 문제를 이해하면 “왜 트랜잭션이 안 먹지” 같은 상황에서 원인 파악이 빨라집니다. AOP 기반 기능은 항상 “프록시 경유 여부”를 의심해야 합니다. 면접에서 자주 나오는 단골 트릭입니다. 실제 현업에서도 자주 만나는 이슈입니다.		O	TRUE	X	FALSE					spring	transaction	aop	springboot
Q478	트랜잭션 롤백 기본값		Backend - 언어 & 프레임워크	21	OX	MEDIUM	스프링에서 기본적으로 RuntimeException이 발생하면 @Transactional 트랜잭션이 롤백될 수 있다.	스프링 트랜잭션은 기본 롤백 규칙이 있고, 일반적으로 언체크 예외(RuntimeException Error)에서 롤백됩니다. 면접에서는 체크 예외(checked exception)에서는 기본 롤백이 안 될 수 있다는 점으로 질문이 이어집니다. 실무에서는 비즈니스 예외를 checked로 만들면 롤백이 안 되어 데이터가 저장되는 사고가 생길 수 있어, 예외 설계를 신중히 해야 합니다. rollbackFor를 지정해 예외 타입별 롤백 정책을 명시하는 것도 방법입니다. 또한 예외를 catch 하고 삼켜버리면 롤백이 되지 않을 수 있어, 예외 처리 위치가 중요합니다. 트랜잭션은 “언제 커밋 롤백이 되는지”를 정확히 이해해야 데이터 정합성을 지킬 수 있습니다. 특히 결제 재고 같은 영역에서는 치명적입니다. 면접에서도 실무에서도 반드시 나오는 포인트입니다. 기본값을 정확히 말할 수 있어야 합니다.		O	TRUE	X	FALSE					spring	transaction	rollback	springboot
Q479	트랜잭션 readOnly 최적화		Backend - 언어 & 프레임워크	21	OX	MEDIUM	@Transactional(readOnly=true)는 일부 환경에서 변경 감지(dirty checking) 비용을 줄이거나 최적화에 도움이 될 수 있다.	readOnly 트랜잭션은 조회 전용임을 힌트로 주어, JPA 제공자나 DB 드라이버가 최적화할 수 있습니다. 면접에서는 “무조건 성능이 좋아지나”처럼 함정 질문이 나올 수 있는데, 환경에 따라 효과가 다를 수 있습니다. 실무에서는 조회 서비스에 readOnly를 일관되게 적용하면 의도가 명확해지고, 실수로 엔티티를 수정하는 것도 줄일 수 있습니다. 다만 readOnly로 해도 엔티티를 수정하면 flush 시점에 반영이 안 되거나 경고가 없어서 혼란이 생길 수 있습니다. 또한 DB 레벨에서 읽기 전용 트랜잭션이 실제로 잠금이나 격리에 영향을 주는지도 확인해야 합니다. 성능 최적화는 “측정”이 핵심이므로, readOnly 적용 전후를 모니터링하는 습관이 좋습니다. 실무 포인트를 함께 말하면 면접에서 강점이 됩니다. 최적화는 맥락 의존적이라는 점을 기억해야 합니다.		O	TRUE	X	FALSE					spring	transaction	jpa	springboot
Q480	영속성 컨텍스트(Persistence Context)		Backend - 언어 & 프레임워크	21	OX	MEDIUM	JPA 영속성 컨텍스트는 동일 트랜잭션 범위에서 같은 ID의 엔티티를 반복 조회하면 같은 객체 참조를 반환할 수 있다.	1차 캐시라고도 불리는 영속성 컨텍스트는 엔티티 동일성을 보장하는 역할을 합니다. 면접에서는 “같은 트랜잭션에서 find를 두 번 하면 쿼리가 두 번 나가나” 같은 질문으로 확인합니다. 실무에서는 반복 조회를 줄이고 성능을 높일 수 있지만, 동시에 오래 유지되면 메모리 사용이 늘 수 있습니다. 또한 변경 감지로 인해 트랜잭션 커밋 시점에 UPDATE가 자동으로 발생할 수 있어 의도치 않은 쓰기가 생길 수 있습니다. 영속성 컨텍스트를 이해하면 flush clear detach 같은 개념도 자연스럽게 연결됩니다. 특히 대용량 배치 처리에서 영속성 컨텍스트를 관리하지 않으면 메모리 폭증이 발생할 수 있습니다. JPA는 편하지만 내부 동작을 모르면 성능과 정합성 문제가 생깁니다. 이 개념은 면접에서 매우 자주 나옵니다. 실무에서도 계속 마주칩니다.		O	TRUE	X	FALSE					jpa	persistence	cache	springboot
Q481	지연 로딩(Lazy loading)		Backend - 언어 & 프레임워크	21	OX	MEDIUM	지연 로딩(LAZY) 관계는 실제 연관 엔티티를 사용할 때 추가 쿼리가 발생할 수 있다.	LAZY는 필요한 시점에 데이터를 가져오는 전략으로, 초기 조회는 가볍지만 접근 시 추가 쿼리가 발생할 수 있습니다. 면접에서는 N+1 문제와 연결해서 질문이 자주 나옵니다. 실무에서는 리스트 조회 후 연관 엔티티에 접근하면서 N+1이 터져 성능이 급락하는 경우가 많습니다. 해결책으로 fetch join EntityGraph 배치 사이즈 설정 등을 사용합니다. 또한 트랜잭션 밖에서 LAZY 프록시에 접근하면 LazyInitializationException이 발생할 수 있어, API 계층에서 DTO로 변환하는 위치도 중요합니다. 지연 로딩은 무조건 나쁜 게 아니라, “어디서 언제 접근하느냐”가 핵심입니다. 성능과 설계의 균형을 잡는 대표 주제입니다. 면접에서 실제 경험을 얘기하면 강점이 됩니다. LAZY는 기본값이라고 해서 안전한 것도, EAGER가 편하다고 해서 좋은 것도 아닙니다. 상황에 맞게 선택해야 합니다.		O	TRUE	X	FALSE					jpa	lazy	nplus1	springboot
Q482	N+1 문제(N plus 1)		Backend - 언어 & 프레임워크	21	OX	MEDIUM	N+1 문제는 한 번의 조회 후 연관 데이터를 가져오기 위해 추가로 N번의 쿼리가 발생하는 현상을 말한다.	N+1은 ORM 사용 시 가장 흔한 성능 함정 중 하나입니다. 면접에서는 “왜 생기나”와 “어떻게 해결하나”가 세트로 자주 나옵니다. 실무에서는 목록 조회에서 연관 객체 접근으로 인해 수십 수백 개 쿼리가 발생해 응답이 느려집니다. 해결은 fetch join, EntityGraph, DTO 직접 조회, 배치 사이즈 튜닝 같은 방법이 있습니다. 다만 fetch join은 페이징과 함께 쓰면 문제가 생길 수 있어, 상황에 맞는 전략을 선택해야 합니다. 또한 로그로 쿼리 개수를 확인하고, APM으로 지표를 보는 습관이 중요합니다. N+1은 “코드는 간단해 보이는데 성능이 망가지는” 대표 사례라, 면접에서도 많이 출제됩니다. 해결책만 외우지 말고 원리를 설명할 수 있어야 합니다. 실무에서 한 번 겪으면 절대 잊지 않는 문제입니다.		O	TRUE	X	FALSE					jpa	performance	nplus1	springboot
Q483	스프링 빈 스코프와 상태		Backend - 언어 & 프레임워크	21	OX	MEDIUM	싱글톤 스코프 빈에 요청별 상태를 필드로 저장하면 멀티스레드 환경에서 문제가 생길 수 있다.	스프링 빈은 기본이 싱글톤이라, 모든 요청 스레드가 같은 객체를 공유합니다. 면접에서는 이 문장을 OX로 내고, “왜 위험한가”를 추가로 묻는 경우가 많습니다. 실무에서 싱글톤 서비스에 lastUserId 같은 필드를 두면, 다른 요청이 값을 덮어써 데이터가 섞이는 심각한 버그가 발생합니다. 상태는 메서드 로컬로 두거나, 요청 스코프 빈, ThreadLocal 같은 기법을 써야 하지만 각각 부작용이 있습니다. 특히 ThreadLocal은 반드시 정리하지 않으면 스레드풀에서 값이 남아 다른 요청에 영향을 줄 수 있습니다. 그래서 상태 관리 원칙을 정하는 것이 중요합니다. “스프링은 스레드 안전하다”가 아니라, “스프링 빈을 스레드 안전하게 만들어야 한다”가 정확한 표현입니다. 이 주제는 실무에서 정말 자주 터지는 버그 포인트입니다. 면접에서도 기본 필수로 봅니다.		O	TRUE	X	FALSE					spring	bean	thread	
Q484	@Configuration proxyBeanMethods		Backend - 언어 & 프레임워크	21	OX	MEDIUM	@Configuration은 보통 @Bean 메서드의 싱글톤 보장을 위해 프록시를 사용할 수 있다.	@Configuration 클래스는 내부적으로 CGLIB 프록시를 통해 @Bean 메서드 호출을 가로채 동일 인스턴스를 반환하도록 돕는 경우가 많습니다. 면접에서는 “왜 @Bean을 두 번 호출해도 같은 객체냐” 같은 질문으로 이어질 수 있습니다. 실무에서는 스프링 부트에서 proxyBeanMethods 옵션을 끄면 성능이 조금 나아질 수 있지만, 빈 간 의존 관계를 잘못 구성하면 의도치 않은 새 인스턴스가 생성될 위험이 있습니다. 따라서 설정 클래스는 단순 구성인지, 빈 간 메서드 호출이 있는지에 따라 신중히 선택해야 합니다. 이런 내부 동작을 모르면, 설정 변경 후 갑자기 빈이 두 개 생기는 이상 현상을 겪을 수 있습니다. 프록시 기반 동작은 스프링 전반에 깔려 있으니 이해가 중요합니다. 설정 클래스 최적화는 작은 성능 이득보다 안정성이 먼저입니다. 면접에서는 깊이 있는 이해를 보여줄 수 있는 포인트입니다. 무조건 외우기보다 “왜 그런가”를 설명해야 합니다.		O	TRUE	X	FALSE					spring	configuration	proxy	springboot
Q485	HandlerInterceptor 실행 시점		Backend - 웹 서버 기초	17	OX	MEDIUM	스프링 MVC 인터셉터는 컨트롤러 실행 전후에 공통 로직을 끼워 넣을 수 있다.	HandlerInterceptor는 컨트롤러 호출 전(preHandle) 후(postHandle afterCompletion)에 로직을 넣을 수 있습니다. 면접에서는 필터와 인터셉터 차이(서블릿 컨테이너 레벨 vs 스프링 MVC 레벨)를 자주 묻습니다. 실무에서는 인증 체크, 로깅, 요청 시간 측정, 공통 헤더 처리 같은 작업을 인터셉터로 구현합니다. 다만 예외가 발생하면 postHandle이 호출되지 않을 수 있고, afterCompletion에서 정리 로직을 해야 하는 등 실행 흐름을 알아야 안전합니다. 또한 비동기 요청에서는 인터셉터 호출 흐름이 달라질 수 있어 주의해야 합니다. 필터 체인과 인터셉터 체인을 동시에 쓰는 경우도 많아, 순서를 이해하면 디버깅이 쉬워집니다. “어디에 무엇을 넣을지”는 성능과 기능에 큰 영향을 줍니다. 잘못 넣으면 요청마다 불필요한 비용이 발생할 수 있습니다. 따라서 공통 로직의 위치를 설계하는 것이 중요합니다. 면접에서도 실무에서도 자주 나오는 포인트입니다.		O	TRUE	X	FALSE					spring	interceptor	mvc	springboot
Q486	Filter vs Interceptor		Backend - 웹 서버 기초	17	OX	MEDIUM	서블릿 필터(Filter)는 스프링 MVC보다 더 앞단에서 요청 응답을 가로챌 수 있다.	필터는 서블릿 컨테이너 레벨에서 동작해, DispatcherServlet보다 앞에서 요청을 처리합니다. 면접에서는 이 차이를 통해 인증 로깅 CORS 같은 로직을 어디에 넣을지 판단할 수 있는지 봅니다. 실무에서는 CORS 처리나 인코딩, 요청 래핑 같은 작업은 필터에서 자주 처리합니다. 반면 인터셉터는 스프링 MVC 컨텍스트에서 핸들러 정보를 알 수 있어, 컨트롤러 기반 로직에 유리합니다. 또한 스프링 시큐리티는 필터 체인 기반으로 동작하므로, 필터 위치를 이해하면 보안 문제 해결이 빨라집니다. 필터와 인터셉터는 둘 다 공통 로직이지만, 동작 레벨과 정보 접근 범위가 다릅니다. 잘못 선택하면 필요한 정보를 못 얻거나, 너무 이른 단계에서 비용이 발생할 수 있습니다. 그래서 “요구사항에 따라 위치를 선택”하는 것이 핵심입니다. 이 차이는 면접에서 자주 묻는 단골 주제입니다. 실무에서도 디버깅 포인트가 많습니다.		O	TRUE	X	FALSE					servlet	filter	spring	springboot
Q487	Spring Security 필터 체인		Backend - 인증/인가	18	OX	MEDIUM	Spring Security는 여러 보안 필터가 체인 형태로 적용되어 요청을 처리한다.	스프링 시큐리티는 FilterChain을 기반으로 인증 인가 처리를 단계적으로 수행합니다. 면접에서는 UsernamePasswordAuthenticationFilter 같은 필터 이름이 나오기도 하지만, 핵심은 “여러 필터가 순서대로 동작한다”는 구조를 아는 것입니다. 실무에서는 커스텀 JWT 필터를 어디에 끼우느냐가 매우 중요하고, 순서가 틀리면 인증이 안 되거나 예외가 발생합니다. 또한 보안 필터는 요청마다 실행되므로 성능에도 영향을 주며, 불필요한 경로는 permitAll로 제외하는 설계가 필요합니다. 디버깅할 때는 필터 체인 로그를 켜서 어떤 필터가 실행되는지 확인하면 원인이 빨리 잡힙니다. 시큐리티 설정이 복잡해지면 전체 흐름을 모르고는 해결이 어렵습니다. 그래서 필터 체인을 다이어그램으로 그려 이해하는 습관이 좋습니다. 면접에서도 이 구조를 설명하면 좋은 인상을 줍니다. 보안은 작은 설정 하나로 전체가 바뀌므로, 체인 순서 이해가 필수입니다.		O	TRUE	X	FALSE					security	spring	filterchain	springboot
Q488	CompletableFuture(컴플리터블 퓨처)		Backend - 비동기 처리	19	OX	MEDIUM	CompletableFuture는 비동기 작업을 조합(chain)하거나 여러 작업을 합치는 조합 연산을 제공한다.	CompletableFuture는 Future의 한계를 보완해 콜백 기반 조합을 제공하는 표준 비동기 도구입니다. 면접에서는 thenApply thenCompose allOf 같은 메서드가 왜 필요한지, 그리고 동기 블로킹 호출(get join)과의 차이를 물을 수 있습니다. 실무에서는 외부 API를 여러 개 병렬 호출하고 결과를 합치는 시나리오에서 유용합니다. 다만 기본 실행 풀(ForkJoinPool commonPool)을 무심코 쓰면 서버 전체의 작업이 얽혀 성능 문제가 생길 수 있어, 전용 Executor를 주입하는 설계가 중요합니다. 또한 예외 처리는 exceptionally handle 같은 경로로 반드시 설계해야, 일부 실패가 전체 장애로 번지는 것을 막을 수 있습니다. 비동기는 빨라 보이지만, 스레드와 자원 관리를 못 하면 오히려 시스템을 불안정하게 만듭니다. 따라서 조합 기능과 실행 풀 전략을 함께 이해하는 것이 핵심입니다. 면접에서도 “어떻게 안전하게 쓸 거냐”를 묻는 경우가 많습니다. 도구의 기능보다 운영 관점이 더 중요합니다.		O	TRUE	X	FALSE					async	completablefuture	java	
Q489	thenCompose(비동기 평탄화)		Backend - 비동기 처리	19	OX	MEDIUM	thenCompose는 CompletableFuture<CompletableFuture> 같은 중첩을 평탄화해 Future 체인을 자연스럽게 이어줄 수 있다.	thenCompose는 비동기 함수가 다시 Future를 반환할 때 중첩을 방지하는 핵심 연산입니다. 면접에서는 thenApply와 thenCompose 차이를 비교 질문으로 자주 냅니다. 실무에서는 사용자 조회 후 그 결과로 또 다른 API를 호출하는 “의존적 비동기” 흐름에서 thenCompose를 써야 코드가 깔끔해집니다. thenApply로 처리하면 Future가 중첩되어 결과를 꺼내기 위해 추가 join이 필요해지고, 실수로 블로킹이 늘어납니다. 또한 체이닝 중 예외가 어디서 발생했는지 추적이 어려워질 수 있어, 에러 핸들링 위치를 명확히 해야 합니다. 비동기 코드는 가독성이 쉽게 무너지므로, 이런 연산자의 의미를 정확히 알고 사용하는 것이 중요합니다. “중첩 Future를 만들지 않는다”는 원칙을 지키면 디버깅이 쉬워집니다. 면접에서도 이 원리를 설명하면 실무 감각을 보여줄 수 있습니다. 비동기 조합은 성능만큼 안정성이 핵심입니다.		O	TRUE	X	FALSE					async	completablefuture	compose	
Q490	예외 처리 exceptionally handle		Backend - 비동기 처리	19	OX	MEDIUM	CompletableFuture에서 exceptionally 또는 handle을 사용하면 비동기 체인 중 발생한 예외를 처리하거나 대체 값을 반환할 수 있다.	비동기 체인은 예외가 발생해도 즉시 터지지 않고, Future 내부에 예외 상태로 저장됩니다. 면접에서는 “try catch가 왜 안 먹나” 같은 질문으로 비동기 예외 전파를 확인합니다. 실무에서는 일부 외부 API가 실패해도 전체 기능이 망가지지 않도록 fallback 값을 주거나, 특정 예외만 복구하는 정책이 필요합니다. exceptionally는 예외일 때만 처리하고, handle은 성공 실패 모두를 다룰 수 있어 선택 기준을 설명할 수 있어야 합니다. 또한 join get으로 예외를 꺼내면 CompletionException으로 감싸져 나오기 때문에 원인 예외를 파악하는 습관이 중요합니다. 예외 처리 전략이 없는 비동기는 운영에서 매우 위험합니다. 따라서 성공 경로만큼 실패 경로를 먼저 설계하는 것이 중요합니다. 모니터링과 로그 상관관계도 함께 가져가야 장애 분석이 가능합니다. 면접에서도 “비동기에서 실패를 어떻게 다루나”는 자주 묻는 실무 질문입니다.		O	TRUE	X	FALSE					async	errorhandling	java	
Q491	@Async(스프링 비동기)		Backend - 비동기 처리	19	OX	MEDIUM	스프링의 @Async는 기본적으로 별도의 스레드에서 메서드를 실행할 수 있게 하며, AOP 프록시 기반으로 동작한다.	@Async는 메서드를 비동기 실행하게 해주는 스프링 기능으로, 프록시를 통해 호출될 때 동작합니다. 면접에서는 @EnableAsync 필요 여부와 self invocation 시 적용 안 될 수 있다는 함정으로 이어지기도 합니다. 실무에서는 기본 Executor를 그대로 쓰면 스레드 수와 큐 정책이 불명확해 장애가 날 수 있어, 전용 TaskExecutor 설정이 매우 중요합니다. 또한 @Async는 호출자가 즉시 반환되므로, 트랜잭션 경계나 보안 컨텍스트 전달 문제가 생길 수 있습니다. 예를 들어 트랜잭션 안에서 호출했더라도 비동기 메서드는 다른 스레드에서 실행되므로 같은 트랜잭션이 아닐 수 있습니다. 그래서 데이터 정합성이 필요한 작업은 이벤트 큐나 메시징으로 분리하기도 합니다. @Async는 편리하지만 “그냥 붙이면 빨라진다”는 착각이 위험합니다. 실행 풀과 실패 재시도, 모니터링까지 함께 설계해야 합니다. 면접에서도 운영 관점까지 언급하면 높은 점수를 받을 수 있습니다.		O	TRUE	X	FALSE					spring	async	aop	springboot
Q492	@Async self invocation		Backend - 비동기 처리	19	OX	MEDIUM	같은 클래스 내부에서 @Async 메서드를 직접 호출하면 비동기로 동작하지 않을 수 있다.	@Async는 프록시를 통해 호출될 때만 비동기 동작이 적용되는 경우가 많습니다. 면접에서는 @Transactional과 함께 이 패턴을 묶어 “프록시 기반 애노테이션의 공통 함정”으로 출제합니다. 실무에서는 서비스 내부에서 helperAsync 메서드를 호출했는데 비동기로 안 돌아가 성능이 기대만큼 안 나오는 문제가 생길 수 있습니다. 해결은 메서드를 다른 빈으로 분리하거나, 비동기 호출 경로가 프록시를 거치도록 구조를 바꾸는 방식입니다. 또한 비동기 실행이 된다고 해도, 호출자가 결과를 기다리는 join을 해버리면 결국 블로킹이 되어 효과가 사라집니다. 비동기는 “경로 설계”가 핵심이며, 프록시 동작 원리를 이해해야 합니다. 이 주제는 스프링 사용 경험이 있는지 보기 좋은 포인트라 면접에 자주 나옵니다. 단순히 기능을 아는 것보다, 안 되는 케이스까지 알고 있어야 합니다. 실무에서 매우 흔히 겪는 함정입니다.		O	TRUE	X	FALSE					spring	async	proxy	springboot
Q493	Executor 설정(TaskExecutor)		Backend - 비동기 처리	19	OX	MEDIUM	@Async에서 사용할 Executor를 별도로 지정하지 않으면 의도치 않게 공용 스레드풀을 사용해 장애를 유발할 수 있다.	비동기 실행 풀을 어디서 공유하느냐는 서버 안정성에 매우 큰 영향을 줍니다. 면접에서는 기본 Executor가 무엇인지까지 외우기보다, “기본값 의존은 위험하다”는 관점을 설명할 수 있어야 합니다. 실무에서 공용 풀을 쓰면 다른 기능의 작업과 경쟁하며 스레드 고갈이 발생할 수 있습니다. 스레드 고갈은 응답 지연 타임아웃으로 번져 연쇄 장애를 만들기 쉽습니다. 그래서 풀 크기, 큐 용량, 거절 정책, 스레드 이름(prefix)까지 명시하는 것이 좋습니다. 또한 비동기 작업의 성격(IO bound vs CPU bound)에 따라 풀 전략이 달라집니다. 모니터링 지표(활성 스레드 수, 큐 길이)를 노출해 운영에서 관측 가능하게 만드는 것도 중요합니다. 비동기는 성능 최적화 수단이지만, 자원 관리 없이는 가장 위험한 기능이 됩니다. 면접에서도 “풀 설정과 운영”을 말하면 실무형 답변이 됩니다.		O	TRUE	X	FALSE					async	executor	threadpool	springboot
Q494	@ControllerAdvice(전역 예외 처리)		Backend - 웹 서버 기초	17	OX	MEDIUM	@ControllerAdvice를 사용하면 여러 컨트롤러에서 발생하는 예외를 중앙에서 처리해 응답 포맷을 통일할 수 있다.	전역 예외 처리는 API 품질을 좌우하는 핵심 설계 요소입니다. 면접에서는 예외를 어디서 처리해야 하는지, 그리고 상태 코드와 에러 바디를 어떻게 통일할지로 질문이 자주 나옵니다. 실무에서는 컨트롤러마다 try catch를 두면 중복이 폭증하고, 응답 형식이 제각각이 되어 프론트 개발이 어려워집니다. @ControllerAdvice와 @ExceptionHandler를 사용하면 에러 코드, 메시지, traceId 같은 필드를 통일할 수 있습니다. 다만 모든 예외를 한 곳에서 처리하려다 보면, 디버깅 정보가 부족하거나 과도한 추상화가 생길 수 있어 예외 계층 설계가 필요합니다. 또한 Validation 예외, 바인딩 예외 같은 프레임워크 예외도 함께 다뤄야 실제 사용자 경험이 좋아집니다. 운영에서는 내부 스택 트레이스를 외부에 노출하지 않는 것이 기본이고, 로그에는 충분한 컨텍스트를 남겨야 합니다. 전역 예외 처리 설계는 “개발 편의”가 아니라 “제품 품질” 문제입니다. 면접에서 이 포인트를 강조하면 좋습니다.		O	TRUE	X	FALSE					spring	exception	controlleradvice	springboot
Q495	Validation 400 처리		Backend - 웹 서버 기초	17	OX	MEDIUM	Bean Validation(@Valid) 실패는 보통 400 응답으로 처리되며, 전역 예외 처리로 메시지를 표준화하는 것이 일반적이다.	입력 검증은 API 안정성과 보안의 기본입니다. 면접에서는 @Valid와 BindingResult, MethodArgumentNotValidException 차이로 확장되기도 합니다. 실무에서는 검증 실패 메시지를 그대로 노출하면 사용자 경험이 나쁘고, 국제화나 프론트 표시 규칙과도 맞지 않을 수 있습니다. 그래서 에러 코드를 정의하고, 필드별 오류 목록을 표준 포맷으로 내려주는 방식이 많이 쓰입니다. 또한 검증을 컨트롤러 계층에서만 하고 서비스 계층에서 안 하면 우회가 생길 수 있어, 핵심 규칙은 도메인에서도 다시 검증하는 것이 안전합니다. 검증은 “사용자 실수”를 처리하는 것이기도 하지만, 악성 요청을 방어하는 1차 장치이기도 합니다. 따라서 400 응답은 단순 에러가 아니라 정상적인 흐름의 일부로 설계해야 합니다. 로그 레벨도 모두 error로 남기면 노이즈가 커질 수 있어 적절히 조절합니다. 면접에서도 “검증 실패는 예상 가능한 케이스”라는 관점을 말하면 좋습니다.		O	TRUE	X	FALSE					spring	validation	http400	springboot
Q496	ResponseEntity vs ExceptionHandler		Backend - 웹 서버 기초	17	OX	MEDIUM	모든 에러 응답을 ResponseEntity로 컨트롤러에서 직접 만들기보다, 전역 예외 처리로 분리하는 것이 유지보수에 유리한 경우가 많다.	컨트롤러에서 에러 응답을 직접 만들면 빠르게 구현할 수 있지만, 규모가 커지면 중복이 폭발합니다. 면접에서는 관심사 분리 관점으로 “왜 전역 예외 처리가 좋은가”를 물을 수 있습니다. 실무에서는 에러 포맷을 한 곳에서 통일하면, 클라이언트가 에러 처리를 공통화할 수 있어 개발 속도가 빨라집니다. 또한 상태 코드 매핑을 중앙에서 관리하면 정책 변경이 쉬워집니다. 다만 전역 예외 처리도 지나치게 많은 예외 타입을 만들면 복잡해질 수 있어, 에러 코드 체계를 함께 설계해야 합니다. 중요한 예외는 도메인 예외로 명확히 분리하고, 프레임워크 예외는 그룹화해 처리하는 전략이 유지보수에 좋습니다. 에러는 “예외 상황”이지만 제품에서는 빈번한 흐름이므로, 정책과 포맷을 표준화하는 것이 품질의 핵심입니다. 면접에서는 단순 구현보다 유지보수 관점 답변이 강합니다. 설계가 잘 된 에러 응답은 운영과 고객 대응에도 큰 도움이 됩니다.		O	TRUE	X	FALSE					spring	error	api	springboot
Q497	@RequestBody와 Content-Type		Backend - 웹 서버 기초	17	OX	MEDIUM	JSON 요청을 @RequestBody로 받으려면 일반적으로 Content-Type이 application/json이어야 정상 바인딩될 수 있다.	@RequestBody는 메시지 컨버터를 통해 바디를 객체로 변환합니다. 면접에서는 “왜 415 Unsupported Media Type이 뜨나” 같은 문제로 이어질 수 있습니다. 실무에서는 프론트가 Content-Type을 잘못 보내거나, multipart와 json을 섞어 보내는 순간 바인딩이 깨지는 이슈가 자주 발생합니다. 또한 UTF-8 인코딩, 요청 바디 크기 제한 같은 설정도 연관됩니다. 서버는 어떤 컨버터가 선택되는지에 따라 동작이 달라지므로, MediaType과 컨버터 매핑을 이해하면 장애 대응이 빨라집니다. Content-Type은 단순 헤더가 아니라 “파싱 규칙”을 결정하는 스위치입니다. 특히 파일 업로드나 폼 데이터에서는 @RequestPart @ModelAttribute 선택도 영향을 줍니다. 이런 기본을 알면 프론트 협업 시 원인 설명이 명확해집니다. 면접에서도 트러블슈팅 경험을 보여줄 수 있는 포인트입니다. 정확한 상태 코드(415 400)를 말할 수 있으면 더 좋습니다.		O	TRUE	X	FALSE					spring	requestbody	contenttype	springboot
Q498	Multipart와 JSON 혼합		Backend - 웹 서버 기초	17	OX	MEDIUM	파일 업로드(multipart/form-data) 요청에서 JSON을 함께 보내려면 @RequestPart를 사용하는 설계가 유용할 수 있다.	파일 업로드는 실무에서 매우 자주 나오는 요구사항입니다. 면접에서는 multipart/form-data의 구성과 서버 파라미터 수신 방식을 질문할 수 있습니다. 실무에서는 파일은 MultipartFile로 받고, JSON 메타데이터는 문자열 파트로 받아 다시 파싱하거나 @RequestPart로 DTO 바인딩을 시도합니다. 다만 클라이언트 구현과 서버 컨버터 설정에 따라 바인딩 가능 여부가 달라질 수 있어, 계약을 명확히 정해야 합니다. 또한 업로드 크기 제한, 타임아웃, 바이러스 스캔 같은 운영 이슈도 함께 고려해야 합니다. Multipart는 요청이 크고 느리기 쉬워, 비동기 처리나 스토리지 업로드 전략(S3 presigned URL)로 설계를 바꾸기도 합니다. 단순 기능 구현보다 “안정적인 업로드”가 목표입니다. 파라미터 설계가 어긋나면 400 415 같은 오류가 반복됩니다. 그래서 API 문서와 예제 요청을 함께 제공하는 것이 좋습니다. 면접에서도 이런 실무 포인트를 말하면 강점이 됩니다.		O	TRUE	X	FALSE					spring	multipart	upload	springboot
Q499	Jackson 순환 참조(Cycle)		Backend - 언어 & 프레임워크	21	OX	MEDIUM	JPA 엔티티를 그대로 JSON으로 반환하면 양방향 연관관계에서 순환 참조로 직렬화 오류가 발생할 수 있다.	엔티티 직접 반환은 빠른 개발에 유혹적이지만, 실무에서는 문제를 자주 만듭니다. 면접에서는 순환 참조, 지연 로딩, 성능 문제를 세트로 묻는 경우가 많습니다. 양방향 관계에서 A가 B를 참조하고 B가 다시 A를 참조하면 Jackson이 무한 루프에 빠질 수 있습니다. 이를 막기 위해 JsonIgnore 같은 애노테이션을 붙일 수 있지만, 근본 해결은 API 응답 전용 DTO를 만드는 것입니다. 또한 엔티티를 반환하면 내부 필드가 과다 노출되어 보안 문제가 생길 수 있습니다. 지연 로딩 프록시가 섞이면 직렬화 과정에서 LazyInitializationException이 발생하기도 합니다. DTO로 변환하면 응답 스펙이 안정되고, 쿼리 최적화와 보안 통제가 쉬워집니다. 면접에서 “DTO를 왜 쓰나”를 말할 때 이 사례를 들면 설득력이 좋습니다. 실무에서도 가장 흔한 장애 원인 중 하나입니다. 빠른 해결보다 구조적 해결이 중요합니다.		O	TRUE	X	FALSE					spring	jackson	jpa	springboot
Q500	DTO 분리 원칙		Backend - 아키텍처 패턴	20	OX	MEDIUM	API 응답을 엔티티가 아닌 DTO로 분리하면 스펙 안정성과 보안 측면에서 유리할 수 있다.	DTO 분리는 단순 스타일이 아니라 시스템 품질 전략입니다. 면접에서는 DTO를 쓰는 이유(캡슐화, 스펙 안정, 성능)를 설명할 수 있어야 합니다. 실무에서 엔티티는 변경이 잦고 내부 구현에 가깝기 때문에, 이를 그대로 외부에 노출하면 변경 파급이 API 계약 변경으로 번집니다. DTO는 필요한 필드만 노출해 개인정보나 내부 상태 유출을 막고, 응답 포맷을 명확히 합니다. 또한 조인 결과를 DTO로 바로 조회하면 N+1을 줄일 수 있어 성능 최적화에도 유리합니다. 반면 DTO가 너무 많아지면 관리 부담이 커질 수 있어, 명명 규칙과 패키지 구조로 정리하는 것이 필요합니다. DTO는 “외부 계약”이라는 관점으로 관리해야 합니다. 이를 이해하면 API 버저닝 전략도 자연스럽게 연결됩니다. 면접에서는 실무 경험이 드러나는 답변이 됩니다. DTO는 결국 유지보수 비용을 줄이기 위한 선택입니다.		O	TRUE	X	FALSE					architecture	dto	api	springboot
Q501	Bean 생명주기와 초기화 순서		Backend - 언어 & 프레임워크	21	OX	MEDIUM	@PostConstruct는 의존성 주입이 완료된 뒤 실행되므로, 주입된 빈을 안전하게 사용할 수 있다.	@PostConstruct는 DI가 끝난 후 실행되므로, 생성자에서는 아직 준비되지 않은 의존성을 사용할 위험이 줄어듭니다. 면접에서는 생성자 초기화와 PostConstruct의 차이를 묻고, 초기화 순서 문제를 어떻게 해결할지 질문합니다. 실무에서는 외부 설정 검증이나 캐시 준비 같은 초기화를 넣을 수 있지만, 무거운 작업은 기동 시간을 늘려 장애가 될 수 있습니다. 또한 초기화 시점에 외부 시스템 호출을 하면 그 시스템 장애가 곧 서비스 기동 실패로 이어질 수 있습니다. 그래서 초기화 로직은 실패 전략을 명확히 하고, 타임아웃과 재시도를 신중히 설계해야 합니다. 또한 여러 빈 간 초기화 순서가 필요하면 @DependsOn 같은 장치를 쓰기도 하지만, 과도하게 사용하면 의존성이 꼬입니다. 가장 좋은 방법은 초기화 의존성을 최소화하고, 준비가 늦는 리소스는 lazy 로딩이나 별도 워밍 작업으로 분리하는 것입니다. 생명주기를 이해하면 “왜 기동 시 터지나” 같은 문제 해결이 빨라집니다. 면접에서도 운영 관점까지 답하면 높은 점수입니다.		O	TRUE	X	FALSE					spring	lifecycle	init	springboot
Q502	Spring Boot 자동 설정(Auto-configuration)		Backend - 언어 & 프레임워크	21	OX	MEDIUM	스프링 부트 자동 설정은 클래스패스에 존재하는 라이브러리와 설정 조건에 따라 빈을 자동 등록할 수 있다.	스프링 부트의 핵심은 “관례 기반 자동 설정”입니다. 면접에서는 @SpringBootApplication에 포함된 EnableAutoConfiguration 개념으로 질문이 이어집니다. 클래스패스에 JPA가 있으면 DataSource, EntityManager 같은 빈이 조건부로 등록되고, 없으면 등록되지 않는 식입니다. 실무에서는 편리하지만, 예상치 못한 빈이 등록되어 충돌하는 문제가 생길 수 있습니다. 이때 Condition Evaluation Report를 확인하거나, auto configuration exclude로 제외하는 방법을 알아야 합니다. 또한 “왜 내 설정이 먹지 않지”는 보통 자동 설정이 먼저 등록되거나, 조건이 충족되지 않아 생깁니다. 따라서 자동 설정은 마법이 아니라 조건부 규칙의 집합이라는 관점이 중요합니다. 이 원리를 이해하면 설정 문제 디버깅 속도가 크게 올라갑니다. 면접에서도 부트 경험을 드러내기 좋은 포인트입니다. 자동 설정은 생산성을 높이지만, 내부를 모르고 쓰면 장애 대응이 어렵습니다. 핵심은 조건과 우선순위를 이해하는 것입니다.		O	TRUE	X	FALSE					springboot	autoconfig	conditional	
Q503	@ConditionalOnProperty		Backend - 언어 & 프레임워크	21	OX	MEDIUM	@ConditionalOnProperty를 사용하면 특정 설정 값이 있을 때만 빈을 등록하도록 조건부 구성이 가능하다.	조건부 빈 등록은 환경별 구성과 기능 토글에 매우 유용합니다. 면접에서는 프로파일과 비교해 어떤 상황에 더 적합한지 질문할 수 있습니다. 실무에서는 feature flag처럼 특정 기능을 켜고 끄거나, 운영 환경에서만 모니터링 빈을 활성화하는 등 다양한 용도로 씁니다. 다만 조건이 많아지면 실제로 어떤 빈이 등록되는지 추적이 어려워져, 문서화와 명명 규칙이 중요합니다. 또한 설정 키 오타 하나로 빈이 빠지면서 기능이 통째로 비활성화될 수 있어, 시작 시점에 설정 검증 로직을 두기도 합니다. 조건부 설정은 코드 변경 없이 동작을 바꾸는 강력한 도구지만, 그만큼 운영 리스크도 있습니다. 그래서 기본값과 fallback 전략을 명확히 해야 합니다. 실제로는 프로파일과 함께 쓰는 경우도 많습니다. 부트의 자동 설정 원리와 이어지는 개념이라 같이 이해하면 좋습니다. 면접에서도 응용 질문이 많이 나옵니다.		O	TRUE	X	FALSE					springboot	conditional	config	
Q504	@Primary 우선 빈		Backend - 언어 & 프레임워크	21	OX	MEDIUM	같은 타입의 빈이 여러 개 있을 때 @Primary를 지정하면 기본 주입 대상으로 선택될 수 있다.	빈 충돌은 스프링 개발에서 흔한 이슈입니다. 면접에서는 @Qualifier와 @Primary의 차이로 질문이 자주 나옵니다. 실무에서는 구현체가 여러 개인 인터페이스를 주입할 때, 기본 구현을 @Primary로 지정하면 주입이 편해집니다. 다만 @Primary가 남용되면 “어떤 빈이 주입되는지”가 숨겨져 가독성이 떨어질 수 있습니다. 그래서 중요한 주입 지점에는 Qualifier를 명시해 의도를 드러내기도 합니다. 또한 테스트에서 MockBean을 등록하면 기본 주입 대상이 바뀔 수 있어, 테스트 안정성에도 영향을 줍니다. 빈 선택 규칙을 이해하면 NoUniqueBeanDefinitionException 같은 오류를 빠르게 해결할 수 있습니다. 스프링 DI는 편리하지만, 충돌 해결 규칙을 모르면 디버깅이 오래 걸립니다. 팀 차원에서 빈 네이밍 규칙을 잡아두면 유지보수성이 좋아집니다. 면접에서도 실무형 질문이 자주 나오는 포인트입니다.		O	TRUE	X	FALSE					spring	di	primary	springboot
Q505	@Qualifier(빈 선택)		Backend - 언어 & 프레임워크	21	OX	MEDIUM	@Qualifier를 사용하면 같은 타입의 빈이 여러 개일 때 특정 빈을 명시적으로 주입할 수 있다.	Qualifier는 주입 대상을 명시하는 가장 직관적인 방법입니다. 면접에서는 “왜 @Autowired만으로 안 되나”라는 질문으로 이어집니다. 실무에서는 결제 전략, 알림 채널(SMS 이메일) 같은 다형성 설계에서 구현체가 여러 개가 되기 쉽고, 이때 주입 모호성이 발생합니다. Qualifier로 빈 이름이나 커스텀 애노테이션을 사용하면 의도가 명확해집니다. 다만 문자열 기반 Qualifier는 오타에 취약하므로, 커스텀 Qualifier 애노테이션을 만들어 타입 안전성을 높이는 방법도 있습니다. 또한 @Primary와 함께 쓰면 규칙이 복잡해질 수 있어, 팀 내 컨벤션을 정하는 것이 중요합니다. 주입 충돌은 런타임 에러로 이어질 수 있어 배포 전 테스트가 필수입니다. DI 설계는 결국 “확장 가능하지만 예측 가능한” 구조를 만드는 것입니다. Qualifier를 잘 쓰면 확장성이 좋아지고 장애가 줄어듭니다. 면접에서도 현실적인 설계 감각을 보여줄 수 있습니다.		O	TRUE	X	FALSE					spring	di	qualifier	springboot
Q506	Jackson ObjectMapper 스레드 안전성		Backend - 언어 & 프레임워크	21	OX	MEDIUM	ObjectMapper는 설정을 변경하지 않는 방식으로 사용하면 여러 스레드에서 재사용하는 것이 일반적으로 안전하다.	ObjectMapper는 JSON 직렬화 역직렬화의 핵심 객체로, 빈으로 등록해 재사용하는 패턴이 흔합니다. 면접에서는 “매번 new ObjectMapper 하면 안 되나” 같은 질문으로 성능과 스레드 안전성 관점을 확인할 수 있습니다. 실무에서는 ObjectMapper를 전역으로 쓰되, 런타임에 설정을 바꾸거나 모듈을 동적으로 추가하는 식의 변경은 동시성 문제를 만들 수 있어 주의합니다. 또한 날짜 포맷, null 처리, naming strategy 같은 설정은 애플리케이션 시작 시 고정하는 방식이 안전합니다. 매번 새로 만들면 비용이 크고, 설정 불일치로 인해 API 응답이 환경마다 달라질 수 있습니다. 스레드 안전성은 “불변으로 유지하면 안전”이라는 패턴을 이해하는 게 핵심입니다. JSON 처리 성능은 API 전체 성능에 직접 영향을 주기 때문에, 이런 기본 설정 전략을 알고 있으면 좋습니다. 운영에서 예기치 않은 직렬화 오류가 나면 장애로 이어질 수 있어, 통일된 설정과 테스트가 중요합니다. 면접에서도 실무형 답변이 되는 포인트입니다.		O	TRUE	X	FALSE					spring	jackson	objectmapper	springboot
Q507	@JsonIgnore와 설계		Backend - 아키텍처 패턴	20	OX	MEDIUM	순환 참조 문제를 피하기 위해 엔티티에 @JsonIgnore를 붙이는 것은 빠른 해결이지만, 장기적으로는 DTO 분리가 더 안전한 경우가 많다.	엔티티에 직렬화 애노테이션을 붙이면 당장은 문제를 해결할 수 있지만, 표현 계층 요구가 도메인 모델을 오염시키는 부작용이 생깁니다. 면접에서는 “DTO를 왜 분리하나”를 물을 때 이 사례가 좋은 답변이 됩니다. 실무에서는 특정 API에서는 숨겨야 할 필드를 다른 API에서는 노출해야 하는 일이 흔해, @JsonIgnore로는 유연성이 떨어집니다. 또한 엔티티가 여러 모듈에서 재사용되면 직렬화 설정이 의도치 않게 파급됩니다. DTO로 분리하면 응답 스펙이 명확해지고, 성능 최적화(필요한 필드만 조회)도 가능해집니다. 물론 프로젝트 규모가 작거나 내부용 API면 임시로 JsonIgnore를 쓰기도 하지만, 확장성을 생각하면 분리가 유리합니다. 면접에서는 “빠른 해결과 구조적 해결의 차이”를 말하면 좋습니다. 결국 유지보수 비용을 줄이는 설계가 중요한 포인트입니다.		O	TRUE	X	FALSE					architecture	dto	jackson	springboot
Q508	Bean Validation 그룹(Group)		Backend - 웹 서버 기초	17	OX	MEDIUM	Bean Validation은 그룹을 사용해 생성과 수정 요청에 서로 다른 검증 규칙을 적용할 수 있다.	검증 그룹은 같은 DTO라도 상황에 따라 다른 제약을 적용할 수 있게 해줍니다. 면접에서는 “생성 때는 필수인데 수정 때는 선택” 같은 케이스를 어떻게 처리하는지 질문할 수 있습니다. 실무에서는 CreateUpdate 요청 DTO를 분리하는 방법과, 그룹을 사용하는 방법이 둘 다 쓰입니다. 그룹은 DTO를 하나로 유지할 수 있어 중복을 줄일 수 있지만, 설정이 복잡해질 수 있습니다. 반대로 DTO 분리는 명확하지만 클래스 수가 늘어납니다. 어떤 선택이든 팀 컨벤션과 복잡도에 맞춰야 합니다. 그룹을 쓰면 @Validated에 그룹을 지정하고, 제약 애노테이션에도 groups를 부여하는 방식으로 동작합니다. 검증은 API 안정성의 기본이므로, 이런 응용 기능을 알고 있으면 면접에서 강점이 됩니다. 실무에서도 폼 요구사항이 늘어날수록 필요해질 수 있습니다.		O	TRUE	X	FALSE					validation	group	spring	springboot
Q509	@Validated vs @Valid		Backend - 웹 서버 기초	17	OX	MEDIUM	@Validated는 검증 그룹을 지정할 수 있어 @Valid보다 확장된 검증 시나리오에 사용될 수 있다.	@Valid는 표준 Bean Validation 애노테이션이고, @Validated는 스프링이 제공하는 확장으로 그룹 지정이 가능합니다. 면접에서는 둘의 차이와 적용 위치(메서드 파라미터, 클래스 레벨)에 대한 질문이 나올 수 있습니다. 실무에서는 단순 검증은 @Valid로 충분하지만, 그룹 기반 검증이나 메서드 레벨 검증을 더 적극적으로 쓰려면 @Validated가 필요합니다. 다만 두 애노테이션을 섞어 쓰면 팀 내 혼선이 생길 수 있어 규칙을 정하는 것이 좋습니다. 또한 검증 실패를 어떤 에러 포맷으로 내려줄지도 전역 예외 처리에서 함께 설계해야 합니다. 검증은 사용자의 입력 실수뿐 아니라 공격성 입력 방어에도 도움이 됩니다. 이 차이를 이해하면 검증 설계에서 선택지가 넓어집니다. 면접에서도 실무형으로 답하기 좋은 포인트입니다.		O	TRUE	X	FALSE					validation	valid	validated	springboot
Q510	@Transactional 전파(Propagation)		Backend - 언어 & 프레임워크	21	OX	MEDIUM	트랜잭션 전파 속성(REQUIRES_NEW 등)은 기존 트랜잭션과 별도의 트랜잭션을 시작하도록 동작을 바꿀 수 있다.	트랜잭션 전파는 서비스 메서드가 서로 호출될 때 트랜잭션을 어떻게 이어갈지 결정합니다. 면접에서는 REQUIRED와 REQUIRES_NEW의 차이를 자주 묻습니다. 실무에서는 “로그는 반드시 남겨야 한다” 같은 요구에서 메인 트랜잭션이 롤백돼도 로그는 커밋되도록 REQUIRES_NEW를 쓰기도 합니다. 하지만 남용하면 트랜잭션이 쪼개져 정합성이 깨지거나, 락 경합과 데드락 위험이 늘 수 있습니다. 또한 REQUIRES_NEW는 DB 커넥션을 추가로 사용하므로, 커넥션 풀 고갈을 유발할 수 있어 주의해야 합니다. 전파는 기능적 요구뿐 아니라 운영 자원과 성능에 영향이 큽니다. 따라서 사용 목적과 부작용을 함께 설명할 수 있어야 합니다. 면접에서도 “언제 쓰고 왜 위험한지”까지 말하면 높은 점수를 받을 수 있습니다.		O	TRUE	X	FALSE					spring	transaction	propagation	springboot
Q511	격리 수준(Isolation)		Backend - 언어 & 프레임워크	21	OX	MEDIUM	트랜잭션 격리 수준을 높이면 동시성 문제를 줄일 수 있지만, 성능 저하나 락 경합이 커질 수 있다.	격리 수준은 동시성에서 어떤 읽기 이상 현상을 허용할지 결정합니다. 면접에서는 Dirty Read Non-repeatable Read Phantom Read와 함께 묻는 경우가 많습니다. 실무에서는 격리 수준을 무작정 높이면 락이 늘어 처리량이 떨어지고, 지연이 커질 수 있습니다. 반대로 너무 낮추면 데이터 일관성 문제가 생깁니다. 따라서 실제 요구사항에 맞게 선택해야 하며, 애플리케이션 레벨 락이나 낙관적 락(버전) 같은 대안을 함께 고려하기도 합니다. 또한 DB 기본 격리 수준(MySQL InnoDB는 보통 REPEATABLE READ)이 서비스 특성과 맞는지도 확인해야 합니다. 격리는 “정합성 vs 성능”의 대표 트레이드오프 주제입니다. 면접에서 이 균형 관점을 말하면 좋습니다.		O	TRUE	X	FALSE					db	transaction	isolation	springboot
Q512	낙관적 락(@Version)		Backend - 언어 & 프레임워크	21	OX	MEDIUM	JPA에서 @Version을 사용하면 낙관적 락을 통해 동시 수정 충돌을 감지할 수 있다.	낙관적 락은 “충돌은 드물다”는 가정 아래 버전 값을 비교해 충돌을 감지합니다. 면접에서는 비관적 락과 비교 질문이 단골입니다. 실무에서는 재고 차감이나 동시에 수정될 수 있는 화면에서 충돌을 감지하고 사용자에게 재시도를 안내하는 방식으로 활용합니다. @Version 필드가 업데이트마다 증가하고, 업데이트 시 where 절에 버전 조건이 붙어 실패하면 OptimisticLockException이 발생합니다. 이 예외를 어떻게 처리할지(재시도, 사용자 에러)까지 설계해야 실제로 쓸 수 있습니다. 낙관적 락은 DB 락 경합을 줄여 성능에 유리하지만, 충돌이 잦으면 오히려 재시도 비용이 커집니다. 따라서 도메인 특성에 맞춰 선택해야 합니다. 면접에서도 “언제 쓰면 좋은지”를 말하면 실무 감각이 드러납니다.		O	TRUE	X	FALSE					jpa	locking	version	springboot
Q513	비관적 락(PESSIMISTIC_WRITE)		Backend - 언어 & 프레임워크	21	OX	MEDIUM	JPA의 비관적 락은 SELECT FOR UPDATE 같은 방식으로 데이터에 락을 걸어 충돌을 사전에 막는 전략이다.	비관적 락은 충돌 가능성이 높을 때, 먼저 잠가서 안전하게 처리하는 전략입니다. 면접에서는 “언제 비관적 락이 필요하나”와 데드락 위험을 함께 묻습니다. 실무에서는 결제, 정산처럼 충돌이 생기면 치명적인 영역에서 사용하기도 합니다. 하지만 락은 동시성을 낮추고 지연을 늘릴 수 있어, 시스템 처리량에 큰 영향을 줍니다. 또한 락 순서가 꼬이면 데드락이 발생할 수 있어, 접근 순서와 트랜잭션 범위를 최소화해야 합니다. DB 락은 운영에서 관측하기 어렵지 않지만, 원인 분석은 복잡할 수 있어 모니터링과 쿼리 튜닝이 필요합니다. 비관적 락은 강력하지만 비용이 큰 도구입니다. 낙관적 락과 비교해 트레이드오프를 설명할 수 있어야 합니다. 면접에서도 실무에서도 중요한 주제입니다.		O	TRUE	X	FALSE					jpa	locking	pessimistic	springboot
Q514	@Transactional과 프록시 조건		Backend - 언어 & 프레임워크	21	OX	MEDIUM	@Transactional은 보통 프록시를 통해 적용되므로, 프록시가 적용되지 않는 경우 트랜잭션이 시작되지 않을 수 있다.	스프링 트랜잭션은 AOP 프록시 기반이기 때문에 적용 조건이 있습니다. 면접에서는 private 메서드, self invocation, final 클래스 같은 케이스로 함정을 냅니다. 실무에서는 “분명 @Transactional 붙였는데 커밋이 이상하다” 같은 버그의 원인이 이 프록시 조건인 경우가 많습니다. 특히 내부 호출로 트랜잭션이 안 걸리면, lazy 로딩 예외나 부분 커밋 같은 문제가 나타날 수 있습니다. 따라서 트랜잭션이 필요한 경계는 외부에서 호출되는 public 서비스 메서드에 두는 관례가 있습니다. 또한 테스트에서 프록시 여부가 달라질 수도 있어, 통합 테스트로 실제 동작을 검증하는 습관이 좋습니다. 트랜잭션은 데이터 정합성의 핵심이므로, 적용 조건을 정확히 이해해야 합니다. 면접에서도 이 부분을 설명하면 실무형 답변이 됩니다. 단순히 애노테이션을 아는 것과, 동작 원리를 아는 것은 큰 차이가 있습니다.		O	TRUE	X	FALSE					spring	transaction	proxy	springboot
Q515	Open Session in View(OSIV)		Backend - 아키텍처 패턴	20	OX	MEDIUM	OSIV가 켜져 있으면 컨트롤러 이후 뷰 렌더링까지 영속성 컨텍스트가 유지되어, 트랜잭션 밖에서도 지연 로딩이 동작할 수 있다.	OSIV는 요청 전체 동안 영속성 컨텍스트를 열어두는 전략입니다. 면접에서는 “왜 LazyInitializationException이 안 나지” 같은 상황에서 OSIV를 떠올릴 수 있는지 봅니다. 실무에서는 편리하지만, 트랜잭션 밖에서 DB 접근이 일어나 성능이 예측 불가능해지고, API 응답 시점에 쿼리가 나가 장애 원인이 될 수 있습니다. 또한 뷰나 직렬화 단계에서 N+1이 터지면 더 찾기 어렵습니다. 그래서 많은 팀이 OSIV를 끄고, 서비스 계층에서 필요한 데이터를 DTO로 미리 로딩하는 방식을 선호합니다. 다만 OSIV를 끄면 LazyInitializationException이 늘어날 수 있어, 조회 설계를 더 명확히 해야 합니다. OSIV는 “편의 vs 통제”의 트레이드오프입니다. 면접에서는 OSIV의 장단점과 운영 리스크를 말할 수 있으면 좋습니다. 결국 중요한 것은 쿼리가 언제 발생하는지 통제하는 것입니다. 이 주제는 JPA 실무 경험을 보여주기 좋습니다.		O	TRUE	X	FALSE					jpa	osiv	lazy	springboot
Q516	@EntityGraph 사용		Backend - 언어 & 프레임워크	21	OX	MEDIUM	@EntityGraph는 특정 조회에서 필요한 연관 엔티티를 함께 로딩하도록 힌트를 주어 N+1을 줄이는 데 도움이 될 수 있다.	EntityGraph는 fetch join을 코드에 강하게 결합하지 않고, 조회 시점에 로딩 전략을 지정할 수 있습니다. 면접에서는 fetch join과의 차이, 페이징과의 관계 같은 질문이 나올 수 있습니다. 실무에서는 리포지토리 메서드에 EntityGraph를 지정해 특정 관계만 eager로 가져와 N+1을 줄입니다. 다만 그래프가 복잡해지면 어떤 관계가 로딩되는지 파악이 어려워질 수 있어, 명명 규칙과 문서화가 필요합니다. 또한 무작정 많이 로딩하면 조인 폭발과 중복 row 증가로 성능이 나빠질 수 있습니다. 따라서 “필요한 것만 로딩”이 원칙입니다. EntityGraph는 JPA의 기능을 잘 활용하는 대표 예로, ORM을 깊이 이해했는지 보여주는 포인트입니다. 실제 성능 개선 사례를 말할 수 있으면 면접에서 강점이 됩니다. 결국 도구 선택은 쿼리 특성과 화면 요구사항에 달려 있습니다.		O	TRUE	X	FALSE					jpa	entitygraph	nplus1	springboot
Q517	페치 조인과 페이징		Backend - 언어 & 프레임워크	21	OX	MEDIUM	컬렉션을 fetch join한 JPQL은 페이징과 함께 사용할 때 결과가 왜곡되거나 성능 문제가 생길 수 있다.	컬렉션 fetch join은 조인으로 인해 row가 뻥튀기되어 페이징이 깨지는 문제가 생길 수 있습니다. 면접에서는 “왜 페이지 사이즈가 맞지 않나” 같은 현상을 설명할 수 있는지 봅니다. 실무에서는 일대다 fetch join을 걸고 limit offset을 쓰면 DB에서는 row 기준으로 잘리지만, 애플리케이션에서는 엔티티 기준으로 재조립되어 결과가 이상해질 수 있습니다. 해결책으로는 다대일만 fetch join하고 컬렉션은 배치 로딩, 2단계 조회, DTO 직접 조회 등을 선택합니다. 또한 distinct를 붙여도 DB row 수준 중복은 완전히 해결되지 않을 수 있습니다. 성능과 정확성을 동시에 잡기 위해 조회 전략을 신중히 설계해야 합니다. 이 주제는 JPA에서 매우 유명한 함정이라 면접에도 자주 나옵니다. 실제로 겪어본 사람은 설명이 구체적이라 차이가 납니다. “fetch join은 만능이 아니다”라는 결론까지 말하면 좋습니다. 화면 요구에 맞게 전략을 선택하는 것이 실무 포인트입니다. ORM을 쓰면 이런 제약을 반드시 마주칩니다.		O	TRUE	X	FALSE					jpa	fetchjoin	paging	springboot
Q518	HikariCP 커넥션 풀 고갈		Backend - 웹 서버 기초	17	OX	MEDIUM	DB 커넥션 풀 크기를 작게 잡거나 쿼리가 느리면 HikariCP에서 커넥션을 못 구해 요청 지연이 늘 수 있다.	커넥션 풀은 백엔드 성능의 핵심 병목 지점입니다. 면접에서는 “왜 갑자기 전체가 느려지나”에서 커넥션 풀을 떠올릴 수 있는지 봅니다. 실무에서는 느린 쿼리나 트랜잭션이 오래 걸리면 커넥션이 오래 점유되어 풀 고갈이 발생합니다. 이때 다른 요청은 커넥션을 기다리며 스레드가 묶이고, 결국 타임아웃과 연쇄 장애로 번질 수 있습니다. 그래서 풀 크기 조정만이 아니라, 쿼리 튜닝, 트랜잭션 범위 축소, 읽기 쓰기 분리 등 근본 해결이 중요합니다. 또한 커넥션 풀 지표(active idle pending)와 DB 응답 시간을 모니터링해야 합니다. 단순히 풀을 키우면 DB가 더 버티지 못할 수도 있어, 시스템 전체 관점으로 접근해야 합니다. 커넥션 풀 고갈은 운영에서 가장 흔한 장애 원인 중 하나입니다. 면접에서도 운영 경험을 보여주기 좋은 주제입니다.		O	TRUE	X	FALSE					db	hikari	connectionpool	springboot
Q519	@Transactional과 LazyInitializationException		Backend - 언어 & 프레임워크	21	OX	MEDIUM	서비스 계층 트랜잭션이 없으면 지연 로딩 프록시에 접근할 때 LazyInitializationException이 발생할 가능성이 커진다.	지연 로딩은 영속성 컨텍스트가 살아 있을 때만 안전하게 동작합니다. 면접에서는 “왜 컨트롤러에서 연관 객체 접근하면 터지나” 같은 질문이 나옵니다. 실무에서는 서비스 계층에서 트랜잭션을 걸고 필요한 데이터 로딩과 DTO 변환을 끝내면 예외를 피할 수 있습니다. 반대로 트랜잭션 없이 엔티티를 반환하고 컨트롤러나 직렬화 단계에서 접근하면 예외가 나기 쉽습니다. OSIV를 켜면 안 터질 수도 있지만, 그건 쿼리 발생 시점을 숨겨 운영 리스크를 늘립니다. 그래서 많은 팀이 OSIV를 끄고, 트랜잭션 경계 안에서 필요한 데이터를 미리 가져오는 방식을 선호합니다. LazyInitializationException은 단순 예외가 아니라, 계층 설계가 잘못되었다는 신호일 수 있습니다. 이 관점을 말하면 면접에서 좋은 평가를 받습니다. 결국 핵심은 “언제 DB에 접근할지 통제”입니다. JPA를 쓰면 반드시 마주치는 문제입니다. 해결책을 여러 개 알고 트레이드오프를 말할 수 있어야 합니다.		O	TRUE	X	FALSE					jpa	transaction	lazy	springboot
Q520	@Transactional 테스트 롤백		Backend - 테스트	22	OX	MEDIUM	스프링 테스트에서 @Transactional을 사용하면 테스트 종료 후 기본적으로 롤백되어 데이터가 남지 않는 경우가 많다.	스프링 테스트는 데이터 격리를 위해 트랜잭션 롤백을 기본으로 사용하는 패턴이 많습니다. 면접에서는 왜 롤백이 중요한지, 그리고 @Commit을 쓰면 어떻게 바뀌는지 질문할 수 있습니다. 실무에서는 DB 상태가 테스트마다 달라지면 flaky 테스트가 되기 쉬워, 롤백 전략이 안정성을 올립니다. 다만 실제 커밋 동작을 검증해야 하는 시나리오에서는 롤백이 오히려 문제일 수 있어, 그 테스트만 별도로 커밋하거나 DB 초기화 전략을 달리합니다. 또한 비동기 작업이나 별도 트랜잭션(REQUIRES_NEW)과 섞이면 예상과 다르게 데이터가 남을 수 있어 주의가 필요합니다. 테스트는 운영 환경을 재현하는 동시에 독립성을 유지해야 하므로, 트랜잭션 정책을 이해하는 것이 중요합니다. 롤백 기본값을 모르고 있으면 “테스트에서 저장했는데 DB에 왜 없지” 같은 혼란이 생깁니다. 이 주제는 스프링 테스트 경험을 보여주기 좋습니다. 운영에서 사고를 막는 테스트를 만들려면 이런 기본을 확실히 해야 합니다.		O	TRUE	X	FALSE					test	spring	transaction	
Q521	Bean 생성 순환 의존성(Circular dependency)		Backend - 언어 & 프레임워크	21	OX	MEDIUM	생성자 주입 기반에서 순환 의존성이 생기면 스프링이 빈 생성에 실패할 수 있다.	생성자 주입은 의존성이 명확하고 불변으로 만들기 쉬워 권장되지만, 순환 의존성에는 취약합니다. 면접에서는 “왜 필드 주입은 되는데 생성자 주입은 안 되나” 같은 질문이 나올 수 있습니다. 실무에서는 A가 B를, B가 A를 필요로 하면 생성 시점에 둘 다 준비되지 않아 컨텍스트 기동이 실패합니다. 이는 설계상 책임이 꼬였다는 신호일 가능성이 높아, 역할 분리나 인터페이스 추출로 해결하는 것이 바람직합니다. @Lazy로 임시 해결도 가능하지만, 런타임에 의존성이 늦게 주입되어 예상치 못한 NPE나 초기화 순서 이슈가 생길 수 있습니다. 순환 의존성은 테스트에서만 터지거나 특정 프로파일에서만 터지기도 해서, 조기 발견이 중요합니다. 결국 핵심은 의존 방향을 단순하게 만들고, 계층 간 참조를 일방향으로 유지하는 것입니다. 면접에서도 “해결책은 주입 방식 변경이 아니라 설계 개선”이라고 말하면 좋습니다. 스프링은 편하지만, 의존성 그래프가 깨끗해야 안정적으로 운영됩니다.		O	TRUE	X	FALSE					spring	di	circular	
Q522	생성자 주입(Constructor injection)		Backend - 언어 & 프레임워크	21	OX	MEDIUM	생성자 주입은 필드 주입보다 테스트와 불변성 측면에서 유리한 경우가 많다.	생성자 주입은 필요한 의존성이 없으면 객체를 만들 수 없게 하여 안정성을 높입니다. 면접에서는 왜 생성자 주입을 권장하는지, final 필드 사용 가능 여부로 질문이 이어질 수 있습니다. 실무에서는 단위 테스트에서 스프링 컨텍스트 없이도 객체를 만들 수 있어 테스트가 쉬워집니다. 또한 의존성이 명확해져 코드 리뷰와 리팩터링이 편합니다. 반면 의존성이 너무 많아지면 생성자가 비대해져 설계 문제를 드러내기도 합니다. 이 경우 책임 분리나 파사드 도입으로 해결하는 게 좋습니다. 생성자 주입은 “좋은 설계가 되도록 강제하는” 효과가 있어, 장기 유지보수에 유리합니다. 면접에서도 단순 장점 나열보다, 왜 불변성이 중요한지까지 말하면 좋습니다. 스프링 개발에서는 기본기이면서도 실무 감각을 보여주는 포인트입니다.		O	TRUE	X	FALSE					spring	di	constructor	
Q523	@Autowired(required=false)		Backend - 언어 & 프레임워크	21	OX	MEDIUM	@Autowired(required=false) 또는 Optional 주입을 사용하면 빈이 없을 때도 애플리케이션 기동이 가능하게 만들 수 있다.	선택적 의존성은 플러그인 구조나 조건부 기능에서 유용합니다. 면접에서는 Optional 주입과 @Conditional 조합 같은 질문으로 확장될 수 있습니다. 실무에서는 특정 모듈이 없을 때도 동작해야 하는 기능에서 Optional로 의존성을 받으면, 빈이 없을 때도 NullPointer 없이 분기 처리가 가능합니다. 다만 선택적 주입이 많아지면 코드 곳곳에 if 분기가 늘어 복잡도가 올라갈 수 있습니다. 또한 의존성이 정말 필수인지 아닌지 경계가 흐려져 설계가 모호해질 수 있습니다. 그래서 선택적 의존성은 명확한 정책과 문서화가 필요합니다. 대안으로는 프로파일 기반으로 기능을 분리하거나, 전략 패턴으로 구현체를 교체하는 설계가 더 깔끔할 수 있습니다. 면접에서는 “왜 선택적으로 만들었는지”의 이유가 핵심입니다. 운영에서 기능 토글과 연동되면 유용하지만, 남용하면 유지보수가 어려워집니다.		O	TRUE	X	FALSE					spring	autowired	optional	
Q524	@Value 설정 주입		Backend - 웹 서버 기초	17	OX	MEDIUM	@Value로 주입되는 프로퍼티가 없으면 기본값을 지정하지 않는 한 기동 실패로 이어질 수 있다.	설정 값 누락은 운영에서 흔한 장애 원인입니다. 면접에서는 환경 변수, application.yml, 프로파일 우선순위로 질문이 확장될 수 있습니다. 실무에서는 @Value로 값을 주입할 때 기본값을 주거나, ConfigurationProperties로 묶어서 검증하는 방식이 더 안전합니다. 설정이 없으면 null이 들어가는 게 아니라, placeholder 해석 실패로 기동이 실패하는 경우가 많아 조기 발견이라는 장점도 있습니다. 다만 필수 설정이 많은 서비스에서 설정 한두 개 누락으로 전체가 기동 실패하면 운영 대응이 어렵기 때문에, 어떤 설정이 필수인지 명확히 관리해야 합니다. 또한 민감정보는 코드에 직접 넣지 않고 Secret Manager나 환경 변수로 관리하는 정책이 필요합니다. 설정 체계를 잘 설계하면 배포 안정성이 크게 올라갑니다. 면접에서도 “설정 누락을 어떻게 방지하나”를 말할 때 좋은 포인트입니다.		O	TRUE	X	FALSE					spring	config	value	
Q525	@ConfigurationProperties 바인딩		Backend - 언어 & 프레임워크	21	OX	MEDIUM	@ConfigurationProperties는 여러 설정 값을 타입 안전하게 바인딩하고 검증하기에 @Value보다 유리한 경우가 많다.	@ConfigurationProperties는 설정을 객체로 묶어 관리하므로 타입 안전성과 가독성이 좋아집니다. 면접에서는 @Value와 비교해 장단점을 설명할 수 있어야 합니다. 실무에서는 prefix로 관련 설정을 한 곳에 모아두면 유지보수가 쉽고, 변경 시 영향 범위를 파악하기도 쉽습니다. 또한 JSR-303 검증(@NotNull 등)을 붙여 시작 시점에 설정 오류를 빨리 발견할 수 있습니다. 반면 소규모 프로젝트에서 단일 값만 필요할 때는 @Value가 더 간단할 수 있습니다. 중요한 것은 팀 컨벤션과 설정 규모에 맞는 방식을 선택하는 것입니다. 설정은 운영 안정성의 핵심이므로, 점점 커질수록 Properties 방식이 유리해집니다. 면접에서도 “설정 검증”을 언급하면 실무형 답변이 됩니다.		O	TRUE	X	FALSE					springboot	config	properties	
Q526	프로파일(Profile) 우선순위		Backend - 언어 & 프레임워크	21	OX	MEDIUM	스프링 프로파일을 사용하면 환경별로 서로 다른 설정과 빈 구성을 분리할 수 있다.	프로파일은 dev prod test 같은 환경 분리를 위한 대표 기능입니다. 면접에서는 프로파일이 설정 파일(application-dev.yml)과 빈 등록(@Profile)에 어떻게 연결되는지 질문할 수 있습니다. 실무에서는 로컬에서는 인메모리 DB, 운영에서는 실제 DB를 쓰는 식으로 환경별 구성을 안전하게 분리합니다. 다만 프로파일이 많아지면 설정이 분산되어 어떤 값이 최종 적용되는지 추적이 어려워질 수 있습니다. 그래서 공통 설정과 환경별 설정을 분리하고, 우선순위 규칙을 문서화하는 것이 중요합니다. 또한 운영에서 잘못된 프로파일로 배포되면 치명적이므로, 배포 파이프라인에서 강제하는 전략이 필요합니다. 프로파일은 편하지만 운영 리스크가 크기 때문에 관리 체계가 핵심입니다. 면접에서도 “실수 방지”까지 이야기하면 좋습니다.		O	TRUE	X	FALSE					spring	profile	config	
Q527	@Transactional과 예외 삼키기		Backend - 언어 & 프레임워크	21	OX	MEDIUM	@Transactional 내부에서 예외를 catch 후 무시하면 트랜잭션이 롤백되지 않고 커밋될 수 있다.	스프링 트랜잭션은 예외가 밖으로 전파되어야 롤백 규칙이 적용되는 경우가 많습니다. 면접에서는 “catch 하면 롤백 되나” 같은 질문으로 실무 함정을 확인합니다. 실무에서 예외를 잡고 로그만 남긴 뒤 정상 리턴하면, 트랜잭션은 성공으로 판단해 커밋될 수 있어 데이터가 부분 저장됩니다. 이런 케이스는 장애가 나도 재현이 어려워 매우 위험합니다. 해결은 예외를 다시 던지거나, setRollbackOnly를 호출해 롤백 표시를 하는 방식이 있습니다. 하지만 가장 좋은 방법은 트랜잭션 경계 안에서 예외를 삼키지 않고, 정책에 따라 명확히 처리하는 것입니다. 예외를 복구할 거면 복구를 확실히 하고, 아니면 실패로 처리해야 합니다. 면접에서도 “예외 처리와 트랜잭션은 같이 설계해야 한다”를 말하면 좋습니다. 데이터 정합성 문제는 대개 이런 사소한 코드에서 시작합니다.		O	TRUE	X	FALSE					spring	transaction	exception	
Q528	트랜잭션 동기화(TransactionSynchronization)		Backend - 언어 & 프레임워크	21	OX	MEDIUM	트랜잭션 커밋 이후에만 실행되어야 하는 로직은 커밋 훅(예: afterCommit)을 이용해 설계할 수 있다.	결제 완료 후 알림 발송처럼 “커밋이 성공했을 때만” 해야 하는 작업이 있습니다. 면접에서는 이벤트 발행 시점과 트랜잭션 경계로 질문이 이어질 수 있습니다. 실무에서는 트랜잭션 안에서 외부 시스템 호출을 해버리면, 커밋 실패 시 외부는 이미 처리되어 정합성이 깨집니다. 그래서 커밋 이후에 실행되는 훅을 사용하거나, 트랜잭션 이벤트 리스너를 활용해 커밋 성공 이후에 실행하도록 설계합니다. 이렇게 하면 내부 DB 정합성을 먼저 확보한 뒤 외부와 동기화할 수 있습니다. 다만 afterCommit에서도 실패가 날 수 있으니 재시도와 보상(사후 처리) 전략이 필요합니다. 결국 분산 시스템에서는 “언제 실행하느냐”가 정합성을 좌우합니다. 면접에서도 이런 타이밍 설계를 말하면 실무형으로 보입니다. 트랜잭션 동기화는 깊이 있는 스프링 활용 포인트입니다.		O	TRUE	X	FALSE					spring	transaction	event	
Q529	@TransactionalEventListener		Backend - 비동기 처리	19	OX	MEDIUM	@TransactionalEventListener는 트랜잭션 단계(커밋 전후)에 맞춰 이벤트 리스너 실행 시점을 제어할 수 있다.	트랜잭션 이벤트는 도메인 이벤트 처리 타이밍을 안전하게 맞추는 데 유용합니다. 면접에서는 AFTER_COMMIT과 AFTER_ROLLBACK 같은 단계 차이를 물을 수 있습니다. 실무에서는 주문 생성 트랜잭션이 커밋된 뒤에만 알림, 적립, 검색 인덱싱을 실행하도록 만들 수 있습니다. 이렇게 하면 트랜잭션 실패 시 외부 처리가 수행되지 않아 일관성이 좋아집니다. 다만 리스너가 같은 트랜잭션에 묶이거나 동기 실행이면 응답 시간이 길어질 수 있어, 비동기 처리와 결합할지 결정해야 합니다. 또한 이벤트가 많아지면 흐름이 보이지 않아 디버깅이 어려워질 수 있어, 추적 ID와 로그 설계가 중요합니다. 트랜잭션 이벤트는 “정합성”과 “확장성”을 동시에 고려하는 설계 도구입니다. 면접에서도 단순 기능 설명보다 사용 시나리오를 말하면 좋습니다.		O	TRUE	X	FALSE					spring	event	async	
Q530	이벤트 기반 설계(Event-driven)		Backend - 아키텍처 패턴	20	OX	MEDIUM	이벤트 기반 설계를 쓰면 한 기능의 변경이 다른 기능에 미치는 결합도를 줄이는 데 도움이 될 수 있다.	이벤트 기반은 발행자와 구독자를 느슨하게 연결해 확장성을 높입니다. 면접에서는 “왜 이벤트를 쓰나”와 “언제 오히려 복잡해지나”가 자주 묻는 포인트입니다. 실무에서는 주문 완료 시 포인트 적립, 알림, 로그 적재 등을 이벤트 리스너로 분리하면 핵심 흐름이 단순해집니다. 하지만 이벤트가 과해지면 실행 순서와 실패 처리, 중복 처리 같은 문제가 생기고, 시스템 흐름이 눈에 보이지 않아 디버깅이 어려워질 수 있습니다. 따라서 이벤트는 도메인 경계를 기준으로, 명확한 책임 분리가 있을 때 도입하는 것이 좋습니다. 또한 이벤트 처리의 신뢰성(적어도 한 번, 정확히 한 번)을 보장하려면 메시징 시스템이나 아웃박스 패턴 같은 추가 설계가 필요합니다. 단순히 “이벤트가 좋다”가 아니라, 트레이드오프를 아는 것이 중요합니다. 면접에서도 장단점을 균형 있게 말하면 좋은 평가를 받습니다.		O	TRUE	X	FALSE					architecture	event	coupling	springboot
Q531	@Cacheable 캐시 적용		Backend - 아키텍처 패턴	20	OX	MEDIUM	@Cacheable은 같은 입력에 대해 결과를 캐시해 반복 호출 비용을 줄이는 데 사용할 수 있다.	캐시는 읽기 성능을 크게 올릴 수 있는 대표 기법입니다. 면접에서는 캐시 일관성, 만료 정책, 키 설계로 질문이 이어질 수 있습니다. 실무에서는 자주 호출되는 조회 API에서 DB 부하를 줄이기 위해 @Cacheable을 적용하기도 합니다. 다만 캐시는 데이터 변경 시점과 불일치가 생길 수 있어, @CacheEvict 같은 무효화 전략을 함께 설계해야 합니다. 또한 캐시 키가 잘못되면 서로 다른 사용자 데이터가 섞이는 심각한 보안 사고가 날 수 있습니다. TTL을 너무 길게 잡으면 최신성이 떨어지고, 너무 짧으면 캐시 효율이 낮아집니다. 캐시는 “빠르다”보다 “정확하고 안전하다”가 먼저입니다. 면접에서도 캐시의 위험 포인트를 함께 말하면 좋습니다. 운영에서는 캐시 히트율과 메모리 사용량 모니터링이 필수입니다.		O	TRUE	X	FALSE					cache	spring	performance	
Q532	캐시 스탬피드(Cache stampede)		Backend - 아키텍처 패턴	20	OX	MEDIUM	캐시가 만료되는 순간 다수 요청이 동시에 DB를 때리면 캐시 스탬피드가 발생할 수 있다.	캐시 스탬피드는 운영에서 실제로 자주 터지는 성능 장애 패턴입니다. 면접에서는 TTL 만료와 동시성 문제를 이해하는지 확인할 수 있습니다. 실무에서는 인기 키가 만료되면 수많은 요청이 한꺼번에 DB로 몰려 부하가 폭증합니다. 이를 막기 위해 만료 시간에 지터를 넣거나, 락 기반 단일 재계산, stale-while-revalidate 전략을 사용합니다. 또한 캐시 미스 시 즉시 DB로 가는 대신, 큐잉이나 서킷 브레이커로 보호하는 경우도 있습니다. 캐시는 시스템을 빠르게 만들지만, 잘못 설계하면 장애를 더 크게 만들 수 있습니다. 그래서 캐시도 동시성 관점으로 설계해야 합니다. 면접에서 이런 운영 사례를 말하면 강점이 됩니다. 캐시는 단순 기능이 아니라 운영 전략입니다.		O	TRUE	X	FALSE					cache	performance	concurrency	springboot
Q533	@Cacheable self invocation		Backend - 아키텍처 패턴	20	OX	MEDIUM	같은 클래스 내부에서 @Cacheable 메서드를 직접 호출하면 캐시가 적용되지 않을 수 있다.	@Cacheable 역시 AOP 프록시 기반이라 self invocation에서 적용이 안 되는 함정이 있습니다. 면접에서는 @Transactional @Async와 함께 묶어 자주 출제합니다. 실무에서는 내부 메서드 호출로 인해 캐시가 안 먹어 DB 부하가 줄지 않는 문제가 생길 수 있습니다. 해결책은 캐시 적용 메서드를 별도 빈으로 분리하거나, 호출 경로가 프록시를 통하도록 구조를 바꾸는 것입니다. 또한 캐시 키가 기대대로 생성되는지도 반드시 로그로 확인해야 합니다. 캐시가 안 먹는 문제는 기능적으로는 정상처럼 보이지만, 성능 장애로 이어져 뒤늦게 발견되는 경우가 많습니다. 따라서 캐시 적용 여부를 테스트로 검증하는 습관이 중요합니다. AOP 기반 기능은 항상 “프록시 경유”를 의심해야 합니다. 면접에서도 이 원리를 정확히 설명하면 실무형 답변이 됩니다.		O	TRUE	X	FALSE					cache	spring	aop	
Q534	Spring Actuator 엔드포인트		Backend - 웹 서버 기초	17	OX	MEDIUM	Spring Boot Actuator는 health metrics 같은 운영 엔드포인트를 제공해 모니터링에 활용할 수 있다.	Actuator는 운영 가시성을 제공하는 스프링 부트의 중요한 기능입니다. 면접에서는 health liveness readiness 개념과 보안 설정을 함께 물을 수 있습니다. 실무에서는 /actuator/health로 헬스 체크를 제공해 로드밸런서나 쿠버네티스가 인스턴스 상태를 판단하게 합니다. metrics 엔드포인트는 프로메테우스 같은 모니터링 시스템과 연동해 지표를 수집할 수 있습니다. 다만 actuator 엔드포인트는 민감 정보가 노출될 수 있어, 노출 범위와 접근 제어를 반드시 설정해야 합니다. 운영 환경에서는 전체를 공개하지 않고 필요한 것만 열어두는 것이 일반적입니다. 또한 헬스 체크에 외부 의존성(DB) 포함 여부를 잘못 설정하면, 장애 시 복구가 더 느려질 수 있습니다. Actuator는 “운영을 위한 기능”이므로 개발 단계에서부터 설계를 해야 합니다. 면접에서도 운영 관점 답변이 강합니다.		O	TRUE	X	FALSE					springboot	actuator	monitoring	
Q535	readiness liveness 구분		Backend - 웹 서버 기초	17	OX	MEDIUM	readiness는 트래픽을 받을 준비가 되었는지, liveness는 프로세스가 살아있는지를 판단하는 데 사용될 수 있다.	쿠버네티스 같은 환경에서 헬스 체크는 배포 안정성의 핵심입니다. 면접에서는 readiness와 liveness 차이를 정확히 말할 수 있는지 봅니다. readiness는 준비가 안 된 인스턴스를 트래픽에서 제외해 오류를 줄이고, liveness는 죽은 프로세스를 재시작해 복구합니다. 실무에서는 DB 마이그레이션, 캐시 워밍 등 준비 시간이 필요한 서비스에서 readiness가 특히 중요합니다. liveness를 너무 엄격하게 하면 정상적으로 느린 상황에서도 재시작 루프에 빠질 수 있어 주의해야 합니다. 반대로 readiness가 느슨하면 준비 안 된 인스턴스가 트래픽을 받아 장애가 됩니다. 따라서 체크 로직은 빠르고 안정적으로 설계해야 하며, 외부 의존성을 포함할지 여부도 신중히 결정해야 합니다. 헬스 체크는 단순 endpoint가 아니라 운영 정책입니다. 면접에서도 배포와 운영을 이해하는 사람으로 보이게 해줍니다.		O	TRUE	X	FALSE					devops	healthcheck	springboot	
Q536	레스트 컨트롤러(RestController)		Backend - 언어 & 프레임워크	21	OX	MEDIUM	RestController는 Controller와 ResponseBody의 역할을 함께 수행하도록 설계된 애노테이션이다.	RestController는 기본적으로 반환 값을 뷰로 해석하지 않고 바디로 직렬화하도록 만드는 조합 애노테이션입니다. 면접에서는 API 서버에서 Controller와 RestController를 왜 구분하는지 자주 묻습니다. 실무에서는 JSON API를 만들 때 RestController를 사용하면 반복적인 ResponseBody 선언을 줄일 수 있습니다. 다만 파일 다운로드나 뷰 렌더링 같은 목적이라면 Controller가 더 적합할 수 있습니다. 또한 직렬화 실패 시 어떤 예외가 나는지와 전역 예외 처리까지 연결해 설명하면 좋습니다. 결국 컨트롤러 계층의 목적이 뷰인지 API인지 명확히 구분하는 것이 유지보수에 중요합니다.		O	TRUE	X	FALSE					spring	mvc	rest	
Q537	리스폰스 바디(ResponseBody)		Backend - 웹 서버 기초	17	OX	MEDIUM	ResponseBody가 적용되면 반환 객체는 메시지 컨버터를 통해 JSON 같은 형태로 변환되어 응답 본문에 담길 수 있다.	ResponseBody는 스프링 MVC가 반환 값을 응답 본문으로 쓰도록 지시하는 핵심 기능입니다. 면접에서는 메시지 컨버터가 무엇이고 언제 선택되는지로 질문이 이어질 수 있습니다. 실무에서는 Content Type과 Accept 헤더에 따라 변환 규칙이 달라질 수 있어 트러블슈팅 포인트가 됩니다. 객체에 직렬화가 불가능한 필드가 있거나 순환 참조가 있으면 직렬화 예외가 발생할 수 있습니다. 그래서 DTO 분리와 직렬화 규칙을 안정적으로 유지하는 것이 중요합니다. 응답 본문 생성은 API 품질과 직접 연결되므로 내부 동작을 이해하면 디버깅이 빨라집니다.		O	TRUE	X	FALSE					spring	http	json	
Q538	리퀘스트 파라미터(RequestParam)		Backend - 웹 서버 기초	17	OX	MEDIUM	RequestParam을 required 기본값으로 사용하면 해당 파라미터가 누락될 때 400 응답이 발생할 수 있다.	RequestParam은 쿼리 스트링이나 폼 파라미터를 바인딩하는 대표 방식입니다. 면접에서는 required 옵션, 기본값, 타입 변환 실패 시 상태 코드로 질문이 자주 나옵니다. 실무에서는 클라이언트가 파라미터를 빼먹는 일이 흔해 기본값을 주거나 required를 false로 두고 검증을 분리하기도 합니다. 누락 시 예외가 발생하면 전역 예외 처리에서 에러 포맷을 통일하는 것이 좋습니다. 또한 숫자 타입 변환 실패도 400으로 이어질 수 있어 입력 검증 관점이 중요합니다. 파라미터 설계는 API 사용성을 좌우하므로 명세를 명확히 두는 습관이 필요합니다.		O	TRUE	X	FALSE					spring	mvc	request	
Q539	패스 변수(PathVariable)		Backend - 웹 서버 기초	17	OX	MEDIUM	PathVariable은 URL 템플릿과 매칭될 때만 값이 바인딩되며, 경로가 맞지 않으면 해당 핸들러가 호출되지 않을 수 있다.	PathVariable은 리소스 식별자를 경로에 표현할 때 많이 쓰입니다. 면접에서는 RequestParam과 언제 구분해 쓰는지로 질문이 이어질 수 있습니다. 실무에서는 경로가 매핑 규칙에 맞지 않으면 애초에 라우팅이 되지 않아 404로 떨어질 수 있습니다. 타입 변환 실패가 나면 400으로 처리되는 등 상황에 따라 응답이 달라질 수 있어 주의해야 합니다. 또한 경로 설계는 버저닝, 리소스 계층 구조와 연결되므로 API 전체 일관성이 중요합니다. 결국 PathVariable은 라우팅과 계약의 핵심이니 명세와 테스트로 안정성을 확보하는 것이 좋습니다.		O	TRUE	X	FALSE					spring	routing	api	
Q540	겟 매핑(GetMapping)		Backend - 웹 서버 기초	17	OX	MEDIUM	GetMapping은 RequestMapping에서 HTTP 메서드를 GET으로 제한한 축약 표현으로 볼 수 있다.	GetMapping은 선언을 간단하게 만들어 가독성을 높여줍니다. 면접에서는 PostMapping PutMapping DeleteMapping과 함께 REST 설계 질문으로 자주 나옵니다. 실무에서는 메서드별로 애노테이션을 통일하면 컨트롤러 코드 리뷰가 쉬워집니다. 다만 같은 경로에 여러 메서드가 섞이면 라우팅 충돌이 날 수 있어 설계가 중요합니다. 또한 GET은 안전하고 멱등하다는 HTTP 의미론을 함께 설명할 수 있어야 합니다. API 품질은 라우팅 규칙과 HTTP 의미를 지키는 데서 크게 좋아집니다.		O	TRUE	X	FALSE					spring	http	mapping	
Q541	스프링 부트 스타터(Starter)		Backend - 언어 & 프레임워크	21	OX	MEDIUM	Spring Boot Starter는 관련 의존성을 묶어 제공해 설정 복잡도를 줄이는 목적이 있다.	Starter는 필요한 라이브러리들을 합리적인 조합으로 묶어 주는 패키징 전략입니다. 면접에서는 왜 부트가 생산성이 높은지 설명할 때 스타터를 언급하면 좋습니다. 실무에서는 의존성 버전 호환을 부트가 관리해줘서 충돌이 줄어듭니다. 다만 스타터가 가져오는 전이 의존성을 모르고 쓰면 예상치 못한 라이브러리가 포함되어 문제를 만들 수 있습니다. 그래서 빌드 트리를 확인하고 필요한 것만 쓰는 습관이 중요합니다. 스타터는 편의 기능이지만 의존성 관리는 여전히 엔지니어의 책임입니다.		O	TRUE	X	FALSE					springboot	gradle	dependency	
Q542	스프링 부트 애플리케이션(SpringBootApplication)		Backend - 언어 & 프레임워크	21	OX	MEDIUM	SpringBootApplication은 보통 선언된 패키지와 하위 패키지를 컴포넌트 스캔 범위로 포함한다.	컴포넌트 스캔 범위를 이해하면 빈 누락 문제를 빠르게 해결할 수 있습니다. 면접에서는 스캔 범위를 바꾸는 방법과 설정 클래스 위치를 자주 묻습니다. 실무에서 메인 클래스 위치가 애매하면 특정 패키지의 컴포넌트가 스캔되지 않아 런타임 오류가 발생합니다. 그래서 애플리케이션 루트 패키지에 메인 클래스를 두는 관례가 있습니다. 모듈이 분리되면 scanBasePackages를 명시하거나 설정 클래스를 분리해 관리하기도 합니다. 스캔 범위는 시스템의 조립 방식이므로 구조 설계와 직접 연결됩니다.		O	TRUE	X	FALSE					springboot	component	scan	
Q543	빈 이름 규칙(Bean naming)		Backend - 언어 & 프레임워크	21	OX	MEDIUM	Component로 등록된 클래스는 기본적으로 클래스명을 카멜 케이스로 변환한 이름을 빈 이름으로 사용할 수 있다.	빈 이름은 의존성 주입 충돌과 직접 연결됩니다. 면접에서는 동일 타입 빈이 여러 개일 때 어떤 이름이 쓰이는지로 질문이 이어질 수 있습니다. 실무에서는 명시적으로 이름을 주지 않으면 기본 규칙으로 생성되는데, 이 규칙을 모르면 디버깅이 어려워집니다. 또한 같은 이름이 중복되면 기동 실패나 빈 덮어쓰기 문제로 이어질 수 있습니다. 그래서 팀 컨벤션으로 빈 네이밍을 통일하거나 Qualifier를 함께 쓰기도 합니다. 이름 규칙을 이해하면 DI 오류를 빠르게 해결할 수 있습니다.		O	TRUE	X	FALSE					spring	bean	di	
Q544	변경 감지(Dirty checking)		Backend - 언어 & 프레임워크	21	OX	MEDIUM	JPA는 영속성 컨텍스트가 관리하는 엔티티 변경을 감지해 커밋 시점에 UPDATE SQL을 생성할 수 있다.	변경 감지는 JPA가 편리한 이유이자 성능 이슈가 생기는 지점입니다. 면접에서는 왜 save를 호출하지 않아도 업데이트가 나가는지로 질문이 자주 나옵니다. 실무에서는 의도치 않게 엔티티를 수정하면 커밋 때 업데이트가 발생해 버그가 될 수 있습니다. 반대로 필요한 업데이트를 누락하지 않게 해 주는 장점도 있습니다. 중요한 것은 트랜잭션 범위 안에서 엔티티 상태가 언제 바뀌는지 통제하는 것입니다. 변경 감지를 이해하면 readOnly, flush, detach 같은 개념도 자연스럽게 연결됩니다.		O	TRUE	X	FALSE					jpa	hibernate	transaction	springboot
Q545	플러시(Flush)		Backend - 언어 & 프레임워크	21	OX	MEDIUM	Flush는 영속성 컨텍스트 변경 내용을 DB에 반영하도록 SQL을 실행할 수 있지만, 트랜잭션 커밋 자체를 의미하지는 않는다.	Flush와 commit을 혼동하면 트러블슈팅이 어려워집니다. 면접에서는 flush가 언제 일어나는지와 쿼리 실행 시점으로 질문이 자주 나옵니다. 실무에서는 JPQL 실행 전에 flush가 발생해 예상보다 빨리 SQL이 나가기도 합니다. 하지만 flush가 되었다고 해서 커밋된 것은 아니므로 롤백되면 DB에는 반영되지 않습니다. 이 차이를 이해하면 디버깅 시 SQL 로그를 해석하기 쉬워집니다. 또한 배치 처리에서는 flush와 clear를 주기적으로 호출해 메모리 사용을 관리하기도 합니다. 결국 flush는 동기화 시점이고 커밋은 확정 시점이라는 구분이 핵심입니다.		O	TRUE	X	FALSE					jpa	flush	db	springboot
Q546	다대일 기본 페치(EAGER)		Backend - 언어 & 프레임워크	21	OX	MEDIUM	JPA에서 ManyToOne 관계는 기본 페치 전략이 EAGER인 경우가 많아 의도치 않은 조인이 발생할 수 있다.	ManyToOne 기본값 때문에 조회 성능이 나빠지는 일이 흔합니다. 면접에서는 LAZY로 바꾸는 이유와 N플러스원 문제로 질문이 이어집니다. 실무에서는 화면 요구가 단순한데도 연관 엔티티가 계속 로딩되어 쿼리가 커지는 문제가 생길 수 있습니다. 그래서 ManyToOne도 LAZY로 명시하는 팀이 많습니다. 다만 LAZY로 바꾸면 트랜잭션 경계 밖에서 접근 시 예외가 생길 수 있어 DTO 변환 위치가 중요합니다. 결국 기본값을 믿지 말고 의도에 맞게 로딩 전략을 지정하는 습관이 필요합니다.		O	TRUE	X	FALSE					jpa	fetch	performance	springboot
Q547	일대다 기본 페치(LAZY)		Backend - 언어 & 프레임워크	21	OX	MEDIUM	JPA에서 OneToMany 관계는 기본 페치 전략이 LAZY인 경우가 많아 접근 시 추가 쿼리가 발생할 수 있다.	OneToMany는 컬렉션 로딩이라 비용이 커서 지연 로딩이 기본인 경우가 많습니다. 면접에서는 컬렉션 접근 시 쿼리가 나가는 시점과 OSIV로 질문이 이어질 수 있습니다. 실무에서는 리스트 조회 후 컬렉션을 순회하면서 N플러스원이 터지는 일이 흔합니다. 이를 막기 위해 배치 로딩, fetch join, EntityGraph 같은 전략을 씁니다. 또한 컬렉션을 eager로 바꾸면 조인 폭발과 중복 row로 성능이 더 나빠질 수 있습니다. 결국 컬렉션 로딩은 조회 목적에 맞게 설계하고 측정해야 합니다. 이 주제는 JPA 성능 기본기라 면접에서도 자주 나옵니다.		O	TRUE	X	FALSE					jpa	lazy	nplus1	springboot
Q548	JPQL 개념(JPQL)		Backend - 언어 & 프레임워크	21	OX	MEDIUM	JPQL은 테이블이 아니라 엔티티 모델을 기준으로 질의를 작성하는 방식이다.	JPQL은 객체 모델 중심으로 조회를 표현하는 언어입니다. 면접에서는 왜 컬럼명이 아니라 엔티티 필드명을 쓰는지로 질문이 자주 나옵니다. 실무에서는 DB 스키마가 바뀌어도 엔티티 매핑이 유지되면 JPQL 변경이 줄어드는 장점이 있습니다. 하지만 복잡한 쿼리는 JPQL로 표현하기 어렵거나 성능 튜닝이 힘들 수 있습니다. 이때 네이티브 쿼리나 QueryDSL, DTO 직접 조회 같은 선택지가 필요합니다. 결국 중요한 것은 추상화 수준과 성능 요구를 균형 있게 선택하는 것입니다. JPQL의 기준이 엔티티라는 점을 정확히 말할 수 있어야 합니다.		O	TRUE	X	FALSE					jpa	jpql	orm	springboot
Q549	Page 카운트 쿼리(Page count)		Backend - 언어 & 프레임워크	21	OX	MEDIUM	Spring Data JPA의 Page 조회는 전체 개수를 구하기 위한 별도 count 쿼리가 추가로 실행될 수 있다.	Page는 총 페이지 수를 계산해야 하므로 count 쿼리가 필요한 경우가 많습니다. 면접에서는 Slice와 Page 차이를 설명하는 질문으로 이어집니다. 실무에서는 count 쿼리가 비싸면 페이지 조회가 느려질 수 있어 성능 문제가 생깁니다. 이때 Slice로 바꾸거나 count 쿼리를 최적화하는 방식이 필요합니다. 또한 복잡한 조인이 포함되면 count 쿼리 최적화가 더 어려워집니다. 페이징은 화면 요구와 DB 부하를 함께 고려해야 하는 설계 주제입니다. 따라서 Page가 항상 정답이 아니라는 점을 설명하면 좋습니다.		O	TRUE	X	FALSE					springdata	paging	jpa	springboot
Q550	트랜잭션 적용 범위(public)		Backend - 언어 & 프레임워크	21	OX	MEDIUM	스프링 트랜잭션 AOP는 관례적으로 외부에서 호출되는 public 메서드 경계에 두는 것이 안전한 경우가 많다.	트랜잭션은 경계를 잘 잡는 것이 핵심입니다. 면접에서는 왜 서비스 계층 public 메서드에 두는지로 질문이 자주 나옵니다. 실무에서는 private 메서드나 내부 호출에서는 프록시가 적용되지 않아 트랜잭션이 기대대로 동작하지 않을 수 있습니다. 그래서 트랜잭션이 필요한 작업은 외부 호출 경로가 되는 public 메서드에 두고, 내부는 순수 로직으로 정리하는 패턴이 많습니다. 또한 트랜잭션 범위가 너무 넓으면 락 점유 시간이 길어져 성능과 데드락 위험이 커집니다. 결국 public 경계에서 짧고 명확한 트랜잭션을 설계하는 것이 안정적인 운영에 유리합니다. 면접에서도 프록시와 경계 설계를 함께 말하면 좋습니다.		O	TRUE	X	FALSE					spring	transaction	aop	springboot
Q551	시큐리티 컨텍스트(ThreadLocal)		Backend - 인증/인가	18	OX	MEDIUM	Spring Security의 SecurityContextHolder는 보통 스레드 로컬 기반으로 인증 정보를 보관한다.	인증 정보가 요청 스레드에 묶여 있다는 점은 보안과 비동기 설계에 매우 중요합니다. 면접에서는 비동기 처리에서 인증 정보가 왜 사라질 수 있는지로 질문이 이어집니다. 실무에서는 다른 스레드로 넘어가면 컨텍스트가 전파되지 않아 인가 실패가 발생할 수 있습니다. 이를 해결하려면 컨텍스트 전파 전략이나 비동기 실행기 설정이 필요합니다. 또한 스레드풀에서는 스레드가 재사용되므로 컨텍스트 정리가 확실해야 합니다. 인증 정보는 민감 데이터이므로 누수되면 큰 사고로 이어집니다. 따라서 ThreadLocal 기반이라는 원리를 이해하고 안전 장치를 설계하는 것이 중요합니다.		O	TRUE	X	FALSE					security	spring	auth	springboot
Q552	비크립트(BCrypt) 솔트		Backend - 인증/인가	18	OX	MEDIUM	BCrypt는 솔트를 포함해 같은 비밀번호라도 해시 결과가 매번 달라질 수 있다.	BCrypt는 레인보우 테이블 공격을 어렵게 하기 위해 솔트를 사용합니다. 면접에서는 왜 단순 SHA 해시가 위험한지 비교 질문이 자주 나옵니다. 실무에서는 저장 시 매번 다른 해시가 생성되어도 verify 로직이 내부적으로 솔트를 사용해 검증합니다. 또한 비용 파라미터를 높이면 공격 난이도는 올라가지만 로그인 지연이 늘 수 있어 균형이 필요합니다. 해시 알고리즘 선택은 보안과 성능의 트레이드오프입니다. 비밀번호는 절대 복호화 저장이 아니라 해시 저장이 원칙입니다. 이런 설명을 할 수 있으면 인증 보안 기본기가 탄탄해 보입니다.		O	TRUE	X	FALSE					security	bcrypt	password	springboot
Q553	스트림 지연 평가(Lazy)		언어 중심 - Java	94	OX	MEDIUM	Java Stream의 중간 연산은 지연 평가되며, 최종 연산이 호출될 때 실제 처리가 수행된다.	스트림 파이프라인은 중간 연산을 모아 두었다가 최종 연산에서 한 번에 실행합니다. 면접에서는 filter map이 언제 실행되는지로 기본기를 확인합니다. 실무에서는 중간 연산에서 로그를 찍어도 최종 연산이 없으면 실행되지 않아 혼란이 생길 수 있습니다. 또한 지연 평가 덕분에 short circuit 연산이 성능을 크게 개선할 수 있습니다. 하지만 스트림을 남용하면 디버깅이 어려워질 수 있어 가독성 기준이 필요합니다. 스트림은 함수형 스타일을 제공하지만 내부 실행 시점을 이해해야 예측 가능한 코드를 만들 수 있습니다. 면접에서도 지연 평가를 정확히 설명하면 좋습니다.		O	TRUE	X	FALSE					java	stream	lazy	
Q554	병렬 스트림 공용 풀(Common pool)		언어 중심 - Java	94	OX	MEDIUM	parallelStream은 별도 설정이 없으면 공용 포크 조인 풀을 사용해 실행될 수 있어 서버 환경에서 주의가 필요하다.	병렬 스트림은 쉽게 병렬화를 제공하지만 실행 풀 제어가 어렵다는 단점이 있습니다. 면접에서는 서버에서 parallelStream을 무심코 쓰면 왜 위험한지로 질문이 나올 수 있습니다. 실무에서는 공용 풀이 다른 작업과 경쟁해 지연이 발생하거나 스레드 고갈에 영향을 줄 수 있습니다. 또한 병렬화가 항상 빠른 것은 아니고, 데이터 크기와 작업 특성에 따라 오히려 느려질 수 있습니다. 공유 자원에 락이 있으면 병렬화가 의미 없거나 더 나빠집니다. 그래서 병렬화는 측정 기반으로 도입하고 실행기 전략을 고민해야 합니다. 병렬 스트림은 편하지만 운영 환경에서는 신중함이 필요합니다.		O	TRUE	X	FALSE					java	parallel	performance	
Q555	파이널리(Finally) 실행		언어 중심 - Java	94	OX	MEDIUM	try 블록에서 return을 하더라도 finally 블록은 일반적으로 실행된다.	finally는 예외 여부와 관계없이 정리 로직을 실행하기 위한 장치입니다. 면접에서는 return과 finally의 실행 순서로 자주 출제합니다. 실무에서는 자원 해제, 로그 마무리, 트랜잭션 정리 같은 작업을 finally 또는 try with resources로 처리합니다. 다만 프로세스 강제 종료 같은 특수 상황에서는 finally가 실행되지 않을 수 있어 무조건이라고 단정하면 위험합니다. 그래서 중요한 정리는 가능한 한 언어가 보장하는 안전한 패턴을 사용해야 합니다. finally 동작을 이해하면 예외 처리 흐름을 정확히 설명할 수 있습니다. 면접에서도 기본기와 실수 방지 능력을 확인하는 포인트입니다.		O	TRUE	X	FALSE					java	exception	finally	
Q556	@RestControllerAdvice(전역 예외)		Backend - 웹 서버 기초	17	OX	MEDIUM	RestControllerAdvice를 사용하면 전역 예외 처리에서 JSON 응답 포맷을 통일하는 데 도움이 될 수 있다.	RestControllerAdvice는 ControllerAdvice에 ResponseBody 성격을 더해, 예외 처리 결과를 JSON 형태로 내려주기 쉽게 합니다. 면접에서는 ControllerAdvice와 RestControllerAdvice 차이를 물으며 API 서버 경험을 확인합니다. 실무에서는 에러 응답 스펙을 표준화해 프론트가 공통 처리하도록 만드는 데 매우 유리합니다. 다만 모든 예외를 하나로 뭉치면 원인 추적이 어려워지므로, 도메인 예외와 프레임워크 예외를 구분해 매핑하는 전략이 필요합니다. 또한 내부 스택 트레이스나 민감 정보를 응답에 포함하지 않도록 주의해야 합니다. 에러 포맷을 통일하면서도 로깅과 모니터링은 충분히 남겨야 운영에서 안전합니다. 이런 전역 예외 처리 설계는 제품 품질과 직결됩니다. 면접에서도 실무 관점으로 설명하면 강점이 됩니다.		O	TRUE	X	FALSE					spring	exception	api	springboot
Q557	@RequestBody 누락 시 415		Backend - 웹 서버 기초	17	OX	MEDIUM	JSON 요청에서 Content-Type이 올바르지 않으면 415 Unsupported Media Type이 발생할 수 있다.	스프링 MVC는 Content-Type을 보고 어떤 메시지 컨버터로 바디를 파싱할지 결정합니다. 면접에서는 400과 415를 구분할 수 있는지로 자주 출제합니다. 실무에서는 프론트가 applicationjson처럼 잘못 보내거나, 폼 데이터로 보내면서 JSON으로 파싱하려 할 때 415가 발생할 수 있습니다. 반대로 JSON은 맞지만 바디 구조가 DTO와 맞지 않으면 400으로 떨어지는 경우가 많습니다. 이런 차이를 알면 협업과 장애 대응 속도가 빨라집니다. 또한 멀티파트 업로드처럼 Content-Type이 달라지는 케이스에서는 RequestPart와 설계가 연결됩니다. 단순 에러 코드가 아니라 “서버가 이해할 수 없는 미디어 타입”이라는 의미를 정확히 이해해야 합니다. 면접에서도 트러블슈팅 경험을 보여주기 좋습니다.		O	TRUE	X	FALSE					spring	http	contenttype	springboot
Q558	필터(Filter)와 인터셉터(Interceptor)		Backend - 웹 서버 기초	17	OX	MEDIUM	필터는 서블릿 컨테이너 레벨에서 동작하고, 인터셉터는 스프링 MVC 실행 흐름에서 동작한다.	필터와 인터셉터는 적용 위치와 목적이 다릅니다. 면접에서는 인증, 로깅, CORS 같은 요구를 어디에 둘지 물으며 구분 능력을 봅니다. 실무에서 필터는 가장 앞단에서 요청과 응답을 감싸므로 인코딩, 보안 헤더, 공통 로깅 같은 전역 처리를 넣기 좋습니다. 인터셉터는 핸들러 매핑 이후에 동작해 컨트롤러 정보에 접근할 수 있어 권한 체크나 감사 로그에 유용합니다. 다만 스프링 시큐리티는 별도 필터 체인이라, 인증 인가를 어디서 처리할지 설계가 중요합니다. 또한 예외 발생 시점에 따라 afterCompletion 같은 훅 동작이 달라질 수 있어 테스트로 검증해야 합니다. 두 개념을 정확히 구분하면 웹 요청 파이프라인을 이해하고 있다는 신호가 됩니다. 면접에서도 자주 나오는 기본기입니다.		O	TRUE	X	FALSE					spring	mvc	filter	springboot
Q559	CORS 동작 원리(Preflight)		Backend - 웹 서버 기초	17	OX	MEDIUM	CORS에서 Preflight 요청은 실제 요청 전에 OPTIONS 메서드로 허용 여부를 확인하는 절차로 사용될 수 있다.	CORS는 브라우저 보안 모델 때문에 발생하는 대표 이슈입니다. 면접에서는 Preflight가 언제 발생하는지, 어떤 헤더가 관련되는지로 질문이 이어집니다. 실무에서 커스텀 헤더를 쓰거나, 특정 Content-Type을 사용하면 브라우저가 OPTIONS로 사전 요청을 보내 서버 허용 여부를 확인합니다. 서버가 올바른 Access-Control-Allow-Origin, Allow-Methods, Allow-Headers를 주지 않으면 브라우저가 본 요청을 차단합니다. 이 문제는 서버 로그에는 정상처럼 보이는데 브라우저만 실패하는 경우가 있어 디버깅이 어렵습니다. 또한 쿠키 기반 인증을 쓰면 credentials 설정과 origin 와일드카드 규칙도 주의해야 합니다. CORS는 “서버가 막는 게 아니라 브라우저가 막는 것”이라는 관점을 말할 수 있어야 합니다. 면접에서도 실무형 질문으로 자주 나옵니다.		O	TRUE	X	FALSE					cors	http	browser	springboot
Q560	@Transactional(readOnly=true)		Backend - 언어 & 프레임워크	21	OX	MEDIUM	readOnly 트랜잭션은 JPA 변경 감지를 억제하거나 플러시를 줄여 조회 성능에 도움이 될 수 있다.	readOnly 트랜잭션은 조회 전용임을 힌트로 줘 성능 최적화에 도움이 될 수 있습니다. 면접에서는 readOnly가 무조건 성능을 올리냐는 질문으로 이어지기도 합니다. 실무에서는 더티 체킹 비용을 줄이거나, 불필요한 flush를 줄여 안정성을 높일 수 있습니다. 하지만 DB 격리 수준이나 드라이버 설정에 따라 효과가 달라 “항상 빨라진다”라고 단정하면 위험합니다. 또한 readOnly 안에서 엔티티를 수정하면 변경이 반영되지 않거나 예측 불가능한 동작이 나올 수 있어 규칙을 지켜야 합니다. 조회 로직은 읽기 전용 트랜잭션으로 묶고, 쓰기 로직과 명확히 분리하면 유지보수성이 좋아집니다. readOnly는 성능뿐 아니라 “의도 표현”이라는 의미도 큽니다. 면접에서도 이런 균형 관점을 말하면 좋습니다.		O	TRUE	X	FALSE					spring	transaction	readonly	springboot
Q561	@Transactional과 프록시 타입		Backend - 언어 & 프레임워크	21	OX	MEDIUM	@Transactional은 프록시 기반이므로 인터페이스 기반 프록시(JDK) 또는 클래스 기반 프록시(CGLIB)로 동작할 수 있다.	스프링 AOP는 프록시로 기능을 적용하며, 대상이 인터페이스를 구현했는지에 따라 기본 프록시 방식이 달라질 수 있습니다. 면접에서는 JDK 프록시와 CGLIB 차이, 그리고 final 메서드 제약 같은 포인트가 자주 나옵니다. 실무에서는 프록시 방식이 바뀌면 타입 캐스팅이나 AOP 적용 범위가 달라져 예상치 못한 버그가 생길 수 있습니다. 예를 들어 구현체 타입으로 주입받거나 캐스팅하는 코드가 있으면 프록시 타입 때문에 문제가 생길 수 있습니다. 그래서 보통은 인터페이스 타입으로 의존성을 받는 설계가 안전합니다. 또한 AOP가 걸린 빈은 디버깅 시 실제 클래스가 아닌 프록시로 보일 수 있어 흐름을 이해해야 합니다. 이 주제는 스프링 내부 동작을 이해하는지 보여주는 포인트입니다. 면접에서 “프록시 기반”을 정확히 말하면 깊이가 느껴집니다.		O	TRUE	X	FALSE					spring	aop	proxy	springboot
Q562	빈 스코프(Bean scope)		Backend - 언어 & 프레임워크	21	OX	MEDIUM	스프링에서 기본 빈 스코프는 싱글톤이며, 컨테이너당 하나의 인스턴스가 관리되는 경우가 많다.	기본 스코프가 싱글톤이라는 사실은 스레드 안전성과 직결됩니다. 면접에서는 싱글톤 빈에 상태를 두면 어떤 문제가 생기는지로 질문이 자주 나옵니다. 실무에서는 요청마다 달라지는 값을 필드에 저장하면 동시 요청에서 값이 섞여 심각한 버그가 발생할 수 있습니다. 그래서 싱글톤 빈은 무상태(stateless)로 설계하고, 상태가 필요하면 request scope나 별도 컨텍스트 객체를 사용합니다. 또한 프로토타입 스코프는 매번 새 인스턴스를 만들지만, 수명 관리는 컨테이너가 끝까지 책임지지 않을 수 있어 주의해야 합니다. 스코프를 이해하면 DI 설계와 스레드 모델을 함께 이해하는 것이 됩니다. 면접에서도 실무에서 자주 터지는 이슈라 출제 빈도가 높습니다.		O	TRUE	X	FALSE					spring	bean	scope	springboot
Q563	@Transactional 적용 범위(Private Method)		Backend - 언어 & 프레임워크	21	OX	MEDIUM	@Transactional은 private 메서드에도 항상 정상 적용된다.	스프링의 트랜잭션은 보통 프록시 기반 AOP로 적용됩니다. private 메서드는 프록시가 가로채기 어렵고, 외부에서 호출되는 public 메서드 경계로 적용되는 게 일반적입니다.		O	FALSE	X	TRUE					spring	transaction	aop	springboot
Q564	롤백 규칙(Checked Exception)		Backend - 언어 & 프레임워크	21	OX	MEDIUM	@Transactional은 체크 예외(checked exception)가 발생해도 기본적으로 자동 롤백된다.	기본 롤백은 RuntimeException/Error 계열에 걸리는 것이 일반적입니다. 체크 예외까지 롤백하려면 rollbackFor 등을 명시하는 패턴이 자주 필요합니다.		O	FALSE	X	TRUE					spring	transaction	rollback	java
Q565	Self-invocation(내부 호출) 트랜잭션		Backend - 언어 & 프레임워크	21	OX	MEDIUM	같은 클래스 내부에서 메서드를 호출해도(@Transactional 메서드) 프록시가 항상 개입해 트랜잭션이 열린다.	프록시는 “프록시를 통한 호출”에서만 개입합니다. 같은 객체(this) 내부 호출은 프록시를 우회하는 경우가 많아 트랜잭션이 적용되지 않을 수 있습니다.		O	FALSE	X	TRUE					spring	transaction	proxy	aop
Q566	JDK 동적 프록시(JDK Proxy)		Backend - 언어 & 프레임워크	21	OX	MEDIUM	JDK 동적 프록시는 인터페이스가 없어도 클래스 자체를 프록시로 만들 수 있다.	JDK 동적 프록시는 “인터페이스 기반” 프록시입니다. 인터페이스가 없으면 보통 CGLIB(클래스 기반) 프록시가 필요합니다.		O	FALSE	X	TRUE					spring	aop	proxy	java
Q567	CGLIB와 final(프록시 한계)		Backend - 언어 & 프레임워크	21	OX	MEDIUM	CGLIB 프록시는 final 클래스를 상속해도 동작하므로 final이어도 AOP 적용에 문제가 없다.	CGLIB는 상속 기반이라 final 클래스/메서드는 프록시 생성 또는 오버라이드가 제한됩니다. 그래서 final이 많으면 AOP/프록시 기반 기능과 충돌할 수 있습니다.		O	FALSE	X	TRUE					spring	aop	proxy	springboot
Q568	@SpringBootTest 컨텍스트 캐시		Backend - 테스트	22	OX	MEDIUM	@SpringBootTest는 테스트 메서드마다 컨텍스트를 항상 새로 로딩한다.	테스트 컨텍스트는 설정이 같으면 캐시되어 재사용되는 것이 기본입니다. 매번 새로 뜨는 게 아니라, 설정이 달라지거나 캐시가 깨질 때만 다시 로딩됩니다.		O	FALSE	X	TRUE					springboot	test	context	performance
Q569	@DirtiesContext 성능		Backend - 테스트	22	OX	MEDIUM	@DirtiesContext를 쓰면 컨텍스트를 재사용해서 테스트 성능이 더 좋아진다.	@DirtiesContext는 “컨텍스트가 더럽혀졌다”고 표시해 캐시를 무효화합니다. 그래서 이후 테스트에서 컨텍스트 재로딩이 발생해 보통 더 느려집니다.		O	FALSE	X	TRUE					test	dirtiescontext	springboot	performance
Q570	@DataJpaTest 트랜잭션 기본		Backend - 테스트	22	OX	MEDIUM	@DataJpaTest는 기본적으로 트랜잭션을 사용하지 않으며, DB 변경은 자동 롤백되지 않는다.	슬라이스 테스트인 @DataJpaTest는 보통 트랜잭션을 걸고 테스트 종료 후 롤백하는 구성이 기본인 경우가 많습니다. 그래서 데이터가 테스트에 의해 오염되지 않도록 설계됩니다.		O	FALSE	X	TRUE					test	datajpa	jpa	springboot
Q571	인증 vs 인가 흐름(Spring Security)		Backend - 인증/인가	18	OX	MEDIUM	Spring Security에서 인증이 한 번 성공하면 인가(권한 검사)는 더 이상 수행되지 않는다.	인증(authentication)은 “누구인지” 확인이고, 인가(authorization)는 “무엇을 할 수 있는지” 검사입니다. 둘은 별개라 인증 후에도 요청마다 인가 판단이 수행됩니다.		O	FALSE	X	TRUE					security	spring	authorization	authentication
Q572	CSRF 적용 대상		Backend - 인증/인가	18	OX	MEDIUM	CSRF는 Authorization 헤더로만 토큰을 보내는 구조에서도 동일하게 항상 필수로 켜야만 한다.	CSRF는 브라우저의 “쿠키 자동 전송” 특성에서 특히 문제가 됩니다. 토큰을 쿠키가 아닌 헤더로만 보내면 CSRF 위험이 크게 줄어드는 편이라, 맥락에 맞게 판단해야 합니다.		O	FALSE	X	TRUE					security	csrf	spring	jwt
Q573	HttpOnly의 역할		Backend - 인증/인가	18	OX	MEDIUM	HttpOnly 쿠키를 쓰면 CSRF 공격도 자동으로 방어된다.	HttpOnly는 JS로 쿠키를 읽지 못하게 해서 XSS로 인한 탈취 위험을 줄입니다. 하지만 브라우저의 자동 전송 자체는 그대로라 CSRF 방어와는 별개입니다.		O	FALSE	X	TRUE					security	cookie	httponly	springboot
Q574	SameSite=None 조건		Backend - 인증/인가	18	OX	MEDIUM	SameSite=None 쿠키는 Secure 옵션 없이도 크로스사이트 환경에서 정상 동작한다.	현대 브라우저에서는 SameSite=None을 쓰려면 Secure(HTTPS)도 함께 요구되는 경우가 일반적입니다. 설정이 빠지면 쿠키가 전송되지 않아 로그인 유지가 깨질 수 있습니다.		O	FALSE	X	TRUE					security	cookie	https	spring
Q575	CORS 주체		Backend - 웹 서버 기초	17	OX	MEDIUM	CORS는 서버가 강제로 차단하는 보안 기능이라 Postman 같은 도구에서도 동일하게 막힌다.	CORS는 주로 브라우저의 SOP 정책에서 비롯된 제약입니다. Postman/curl은 브라우저가 아니라서 같은 요청이 “CORS 에러 없이” 성공하는 상황이 흔합니다.		O	FALSE	X	TRUE					cors	web	security	springboot
Q576	flush vs commit(JPA)		Backend - 언어 & 프레임워크	21	OX	MEDIUM	JPA에서 flush가 호출되면 트랜잭션이 즉시 커밋되어 되돌릴 수 없다.	flush는 변경 사항을 DB에 “반영(쿼리 실행)”할 뿐 커밋과는 다릅니다. 트랜잭션이 살아있으면 여전히 롤백으로 되돌릴 수 있습니다.		O	FALSE	X	TRUE					jpa	flush	transaction	spring
Q577	벌크 업데이트와 영속성 컨텍스트		Backend - 언어 & 프레임워크	21	OX	MEDIUM	JPA 벌크 업데이트는 영속성 컨텍스트(1차 캐시)도 자동으로 즉시 동기화해준다.	벌크 쿼리는 영속성 컨텍스트를 우회해 DB에 바로 반영됩니다. 그래서 컨텍스트에 남아있는 엔티티 값이 오래된(stale) 상태가 될 수 있어 clear/refresh 전략이 필요합니다.		O	FALSE	X	TRUE					jpa	bulk	persistence	springboot
Q578	fetch join + paging		Backend - 언어 & 프레임워크	21	OX	MEDIUM	컬렉션 fetch join은 페이징과 항상 완벽히 호환되며, 결과/성능 문제가 발생하지 않는다.	컬렉션 fetch join은 로우가 뻥튀기되어 페이징이 깨지거나 메모리 페이징으로 전환되는 문제가 생길 수 있습니다. 보통 EntityGraph/배치 로딩 등 다른 전략을 고려합니다.		O	FALSE	X	TRUE					jpa	fetchjoin	paging	spring
Q579	ConcurrentHashMap과 null		언어 중심 - Java	94	OX	MEDIUM	ConcurrentHashMap은 HashMap처럼 null key와 null value를 허용한다.	HashMap은 null을 허용하지만, ConcurrentHashMap은 동시성/모호성 문제 때문에 보통 null key/value를 허용하지 않습니다.		O	FALSE	X	TRUE					java	hashmap	concurrency	springboot
Q580	volatile의 한계		언어 중심 - Java	94	OX	MEDIUM	volatile 변수를 사용하면 i++ 같은 증가 연산도 원자적으로 처리된다.	volatile은 가시성(visibility)을 보장하지만 복합 연산의 원자성까지 보장하지 않습니다. 증가 연산은 read-modify-write라 동기화나 Atomic 계열이 필요합니다.		O	FALSE	X	TRUE					java	volatile	concurrency	spring
Q581	ThreadLocal 누수		언어 중심 - Java	94	OX	MEDIUM	ThreadLocal 값은 스레드풀 환경에서도 요청이 끝나면 JVM이 자동으로 항상 정리해준다.	스레드풀은 스레드를 재사용하므로 ThreadLocal이 남아 다음 요청으로 새어갈 수 있습니다. 꼭 remove/정리 전략을 가져가야 보안/메모리 이슈를 막습니다.		O	FALSE	X	TRUE					java	threadlocal	security	springboot
Q582	parallelStream 오해		언어 중심 - Java	94	OX	MEDIUM	parallelStream은 항상 stream보다 빠르고, 어떤 컬렉터를 써도 안전하게 동일 결과를 보장한다.	병렬은 분할/병합 비용과 스레드풀 경쟁 때문에 느려질 수 있습니다. 또한 공유 가변 상태나 잘못된 컬렉터 사용 시 레이스/비결정성이 생길 수 있어 주의가 필요합니다.		O	FALSE	X	TRUE					java	stream	parallel	performance
Q583	설정 우선순위(Property Precedence)		Backend - 언어 & 프레임워크	21	OX	MEDIUM	Spring Boot에서 application.yml 값은 환경 변수(Environment Variable)보다 항상 우선한다.	스프링 부트는 설정 소스 우선순위가 있으며, 일반적으로 환경 변수/커맨드라인이 파일(application.yml/properties)보다 우선하는 경우가 많습니다. 운영에서 “파일보다 환경 변수가 덮어쓴다”는 점을 알아야 설정 꼬임을 빨리 잡습니다.		O	FALSE	X	TRUE					springboot	config	properties	backend
Q584	@ConfigurationProperties		Backend - 언어 & 프레임워크	21	OX	MEDIUM	@ConfigurationProperties는 문자열로만 값을 받기 때문에 타입 안정성이 @Value보다 떨어진다.	@ConfigurationProperties는 타입 바인딩(숫자/시간/리스트 등)에 강하고, 구조화된 설정을 타입 안전하게 묶는 데 유리합니다. 값이 많아질수록 @Value보다 유지보수성이 좋아지는 편입니다.		O	FALSE	X	TRUE					springboot	config	binding	spring
Q585	HikariCP(Connection Pool)		Backend - 언어 & 프레임워크	21	OX	MEDIUM	Spring Boot는 기본 커넥션 풀로 항상 Apache DBCP2를 사용한다.	스프링 부트는 보통 HikariCP를 기본 풀로 선택하는 구성이 일반적입니다(클래스패스 조건에 따라 달라질 수는 있어도 “항상 DBCP2”는 아닙니다). 커넥션 풀 튜닝은 운영 성능과 직결됩니다.		O	FALSE	X	TRUE					springboot	datasource	connectionpool	performance
Q586	Actuator 노출(Exposure)		Backend - 웹 서버 기초	17	OX	MEDIUM	Spring Boot Actuator 엔드포인트는 기본 설정만으로 모든 엔드포인트가 외부에 공개된다.	Actuator는 운영 정보가 민감할 수 있어, 노출 범위를 설정으로 제어합니다. “기본적으로 다 공개”가 아니라 필요한 것만 노출/보호하는 방향으로 설계합니다.		O	FALSE	X	TRUE					springboot	actuator	observability	security
Q587	컴포넌트 스캔 범위(Component Scan)		Backend - 언어 & 프레임워크	21	OX	MEDIUM	@SpringBootApplication은 프로젝트 전체 패키지를 자동으로 스캔하므로 메인 클래스 위치는 중요하지 않다.	컴포넌트 스캔은 보통 메인 클래스 패키지(루트) 기준 하위 패키지를 대상으로 하는 패턴이 많습니다. 멀티 모듈/패키지 구조가 어긋나면 빈 누락이 생길 수 있어 메인 클래스 위치가 중요합니다.		O	FALSE	X	TRUE					springboot	component	scanning	spring
Q588	readOnly 트랜잭션		Backend - 언어 & 프레임워크	21	OX	MEDIUM	@Transactional(readOnly = true)을 붙이면 INSERT/UPDATE가 실행되는 즉시 스프링이 예외를 던져 무조건 막아준다.	readOnly는 “의도 표현/최적화 힌트” 성격이 강하고, DB/ORM 설정에 따라 효과가 달라질 수 있습니다. 무조건 예외로 막는 보장 규칙은 아닙니다.		O	FALSE	X	TRUE					spring	transaction	readonly	jpa
Q589	CascadeType.REMOVE		Backend - 언어 & 프레임워크	21	OX	MEDIUM	CascadeType.REMOVE는 부모 삭제 시 자식 엔티티의 FK를 NULL로 업데이트하는 동작이다.	CascadeType.REMOVE는 연관된 엔티티 삭제 전파(DELETE)와 관련이 큽니다. FK를 NULL로 만드는 건 보통 연관관계 해제 + 업데이트로 발생하는 다른 시나리오입니다.		O	FALSE	X	TRUE					jpa	cascade	delete	spring
Q590	orphanRemoval		Backend - 언어 & 프레임워크	21	OX	MEDIUM	orphanRemoval=true는 컬렉션에서 엔티티를 제거해도 DB에서 삭제가 절대 일어나지 않는다.	orphanRemoval=true는 “고아 객체 제거”로, 관계가 끊긴 자식을 삭제 대상으로 만드는 옵션입니다. 도메인 모델링(소유 관계)에서 중요한 의미를 가집니다.		O	FALSE	X	TRUE					jpa	orphanremoval	persistence	springboot
Q591	@Version(낙관적 락)		Backend - 언어 & 프레임워크	21	OX	MEDIUM	낙관적 락(@Version)은 항상 DB row lock을 잡고 다른 트랜잭션을 블로킹한다.	낙관적 락은 “충돌 감지” 방식이라 보통 락으로 막기보다 버전 비교로 충돌을 검출합니다. 충돌 시 예외를 통해 재시도/처리 전략을 세우는 게 포인트입니다.		O	FALSE	X	TRUE					jpa	locking	version	concurrency
Q592	OSIV(Open Session In View)		Backend - 언어 & 프레임워크	21	OX	MEDIUM	OSIV는 서비스 계층에서 영속성 컨텍스트를 더 빨리 닫아 지연 로딩을 항상 방지한다.	OSIV는 보통 “뷰/응답 렌더링까지” 영속성 컨텍스트를 열어두는 방향이라, 지연 로딩이 컨트롤러/뷰 영역에서도 가능해지는 쪽으로 작동합니다. 그래서 성능/트랜잭션 경계 관점에서 논쟁 포인트가 됩니다.		O	FALSE	X	TRUE					jpa	osiv	lazy	springboot
Q593	LazyInitializationException		Backend - 언어 & 프레임워크	21	OX	MEDIUM	LazyInitializationException은 트랜잭션이 활성화되어 있을 때만 발생한다.	보통 트랜잭션/영속성 컨텍스트가 닫힌 뒤 지연 로딩에 접근하면 발생합니다. 즉 “밖에서” 터지는 게 전형적인 케이스입니다.		O	FALSE	X	TRUE					jpa	lazy	exception	spring
Q594	@WebMvcTest 로딩 범위		Backend - 테스트	22	OX	MEDIUM	@WebMvcTest는 기본적으로 서비스/리포지토리/JPA까지 전체 빈을 로딩하는 통합 테스트 애노테이션이다.	@WebMvcTest는 웹 계층 중심의 슬라이스 테스트로, MVC 관련 빈 위주로 가볍게 로딩합니다. 서비스 빈은 보통 @MockBean 등으로 대체하는 패턴이 흔합니다.		O	FALSE	X	TRUE					test	webmvctest	springboot	context
Q595	Testcontainers 전제 조건		Backend - 테스트	22	OX	MEDIUM	Testcontainers는 도커가 설치되어 있지 않아도 동일하게 컨테이너 기반 테스트를 실행할 수 있다.	Testcontainers는 실제 컨테이너 런타임에 의존합니다. CI에서도 도커 권한/설정이 중요하고, 속도 관리(캐시/선별 실행)가 포인트입니다.		O	FALSE	X	TRUE					test	testcontainers	docker	springboot
Q596	JUnit5 라이프사이클		Backend - 테스트	22	OX	MEDIUM	JUnit5의 @BeforeEach는 테스트 클래스 전체에서 한 번만 실행된다.	@BeforeEach는 “각 테스트 메서드 실행 전”마다 호출됩니다. 클래스 전체 한 번은 @BeforeAll 쪽 개념입니다.		O	FALSE	X	TRUE					java	junit	test	lifecycle
Q597	Mockito verify 의미		Backend - 테스트	22	OX	MEDIUM	Mockito의 verify()는 스텁(stub) 동작을 정의할 때 사용하는 API이다.	verify는 호출 여부/횟수 등을 “검증”하는 용도입니다. 스텁은 when(...).thenReturn(...) 같은 방식으로 정의합니다.		O	FALSE	X	TRUE					test	mockito	verify	java
Q598	final 필드와 JMM		언어 중심 - Java	94	OX	MEDIUM	Java 메모리 모델에서 final 필드는 가시성 측면에서 어떤 특별한 보장도 제공하지 않는다.	final 필드는 생성/초기화와 안전한 공개(safe publication) 관점에서 특별한 규칙이 있어, 다른 스레드가 더 안전하게 값을 관측하도록 돕는 측면이 있습니다(물론 “아무렇게나 공유해도 무조건 안전”은 아님).		O	FALSE	X	TRUE					java	jmm	final	concurrency
Q599	JIT 컴파일		언어 중심 - Java	94	OX	MEDIUM	JIT 컴파일은 프로그램 실행 전에 모든 바이트코드를 항상 미리 컴파일하는 방식이다.	JIT(Just-In-Time)는 실행 중 핫스팟을 중심으로 동적으로 최적화/컴파일하는 성격이 강합니다. “항상 사전 컴파일”은 AOT 쪽에 더 가깝습니다.		O	FALSE	X	TRUE					java	jvm	jit	performance
Q600	ThreadLocal 목적		언어 중심 - Java	94	OX	MEDIUM	ThreadLocal은 여러 스레드가 같은 값을 공유하도록 설계된 공유 변수 메커니즘이다.	ThreadLocal은 스레드 “각자”의 값을 격리해 보관하는 도구입니다. 공유가 아니라 격리이며, 스레드풀 환경에서는 누수/오염을 막기 위해 정리가 중요합니다.		O	FALSE	X	TRUE					java	threadlocal	concurrency	security
Q601	CompletableFuture.get()		언어 중심 - Java	94	OX	MEDIUM	CompletableFuture.get()은 결과가 준비되지 않아도 절대 블로킹되지 않는다.	get()은 준비되지 않았으면 대기(블로킹)합니다. 논블로킹 흐름을 원하면 thenApply/thenCompose 같은 체이닝이나, 타임아웃/비동기 조합을 설계해야 합니다.		O	FALSE	X	TRUE					java	async	completablefuture	performance
Q602	parallelStream 스레드풀		언어 중심 - Java	94	OX	MEDIUM	parallelStream은 호출될 때마다 항상 새 ForkJoinPool을 생성해서 사용한다.	기본적으로는 공용 풀(예: common pool)을 쓰는 패턴이 일반적이라, “매번 새 풀 생성”이 아닙니다. 풀 경쟁/블로킹 작업 혼입이 성능에 영향을 줄 수 있어 주의 포인트입니다.		O	FALSE	X	TRUE					java	stream	parallel	concurrency
Q603	@Transactional 프록시 적용 범위		Backend - 언어 & 프레임워크	21	OX	MEDIUM	@Transactional은 private 메서드에도 동일하게 프록시가 적용되어 트랜잭션이 열린다.	스프링의 선언적 트랜잭션은 보통 프록시 기반 AOP로 적용됩니다. private 메서드는 프록시가 가로채기 어려워 기대한 대로 동작하지 않는 경우가 대표 함정입니다.		O	FALSE	X	TRUE					spring	transaction	aop	java
Q604	Self Invocation(AOP)		Backend - 언어 & 프레임워크	21	OX	MEDIUM	같은 클래스 내부에서 this.someMethod()로 호출해도 AOP(@Transactional/@Cacheable 등)가 항상 적용된다.	프록시는 “외부에서 프록시를 통해 호출”될 때 적용되는 패턴이 많습니다. 내부 호출(self-invocation)은 프록시를 우회해 AOP가 빠지는 대표 케이스입니다.		O	FALSE	X	TRUE					spring	aop	proxy	springboot
Q605	내장 서버 기본값(Embedded Server)		Backend - 언어 & 프레임워크	21	OX	MEDIUM	spring-boot-starter-web을 추가하면 스프링 부트는 기본 내장 서버로 Netty를 사용한다.	일반적으로 MVC(starter-web) 기본은 서블릿 기반 내장 서버(Tomcat 계열)가 붙는 흐름이 많고, Netty는 보통 WebFlux 쪽 기본 선택지로 자주 언급됩니다.		O	FALSE	X	TRUE					springboot	web	server	backend
Q606	WebFlux 서버 기본값		Backend - 언어 & 프레임워크	21	OX	MEDIUM	spring-boot-starter-webflux를 사용하면 기본 내장 서버는 Tomcat으로 고정된다.	WebFlux는 리액티브 런타임(예: Netty)을 기본으로 쓰는 구성이 흔하고, 톰캣은 서블릿 기반이라 기본 전제가 다릅니다(구성으로 바꿀 수는 있어도 “고정”은 아님).		O	FALSE	X	TRUE					springboot	webflux	reactive	server
Q607	Security Filter Chain 위치		Backend - 인증/인가	18	OX	MEDIUM	Spring Security의 필터 체인은 DispatcherServlet 이후에 실행되어 컨트롤러가 먼저 호출된다.	서블릿 필터는 보통 DispatcherServlet “앞단”에서 요청을 가로챕니다. 그래서 인증/인가가 컨트롤러 진입 전에 처리되는 구조가 기본입니다.		O	FALSE	X	TRUE					security	spring	filter	springboot
Q608	CSRF 발생 조건		Backend - 인증/인가	18	OX	MEDIUM	CSRF는 브라우저 쿠키 전송과 무관하게 모든 API 호출에서 동일하게 발생할 수 있는 공격이다.	CSRF는 브라우저가 쿠키를 자동 전송하는 특성과 강하게 연결됩니다. 쿠키 기반 인증 흐름과 결합될 때 특히 문제가 커지는 게 핵심 포인트입니다.		O	FALSE	X	TRUE					security	csrf	web	spring
Q609	@Async 실행 방식		Backend - 언어 & 프레임워크	21	OX	MEDIUM	@Async 메서드는 항상 호출한 스레드에서 동기적으로 실행된다.	@Async는 보통 별도 실행자(스레드풀)로 작업을 위임해 비동기로 수행합니다. “호출 스레드에서 그대로 실행”은 @Async 기대와 반대라서 자주 체크하는 포인트입니다.		O	FALSE	X	TRUE					spring	async	threadpool	java
Q610	Jackson 날짜 직렬화		Backend - 웹 서버 기초	17	OX	MEDIUM	Spring Boot에서 LocalDateTime은 기본 설정만으로 항상 epoch millis 숫자로 직렬화된다.	스프링 부트/Jackson 설정에 따라 날짜 표현은 문자열(ISO-8601) 또는 타임스탬프 등으로 달라질 수 있습니다. “항상 epoch millis”처럼 고정은 아닙니다.		O	FALSE	X	TRUE					springboot	jackson	datetime	api
Q611	JPA flush 동작		Backend - 언어 & 프레임워크	21	OX	MEDIUM	EntityManager.flush()는 영속성 컨텍스트를 비워 모든 엔티티를 detach 상태로 만든다.	flush는 “SQL을 DB로 동기화”하는 동작이고, 컨텍스트를 비우는 건 clear에 가깝습니다. 대량 처리에서 flush/clear 조합을 쓰는 이유를 구분해야 합니다.		O	FALSE	X	TRUE					jpa	flush	persistence	spring
Q612	JPA merge 동작		Backend - 언어 & 프레임워크	21	OX	MEDIUM	merge()는 전달한 엔티티 인스턴스를 그대로 영속 상태로 바꾸고 같은 인스턴스를 반환한다.	merge는 보통 “관리되는 사본(managed copy)”을 만들어 반환하는 특성이 핵심 함정입니다. 전달한 객체 자체가 관리 상태가 된다고 믿으면 버그가 납니다.		O	FALSE	X	TRUE					jpa	entity	merge	java
Q613	Fetch Join + Paging		Backend - 언어 & 프레임워크	21	OX	MEDIUM	컬렉션 fetch join을 사용하면 페이징이 항상 DB 레벨에서 정확하게 동작한다.	컬렉션 fetch join은 결과 row가 뻥튀기되어 페이징/정렬이 깨지기 쉬운 대표 이슈가 있습니다. EntityGraph/배치/쿼리 분리 등 대안을 함께 알아두면 좋습니다.		O	FALSE	X	TRUE					jpa	fetchjoin	paging	performance
Q614	격리 수준(Dirty Read)		Backend - 웹 서버 기초	17	OX	MEDIUM	READ_COMMITTED 격리 수준에서는 Dirty Read가 발생할 수 있다.	Dirty Read는 보통 READ_UNCOMMITTED에서 대표적으로 가능한 현상입니다. READ_COMMITTED는 “커밋된 것만 읽는다”는 방향이라 더티 리드를 막는 쪽으로 이해하는 게 기본입니다.		O	FALSE	X	TRUE					transaction	isolation	backend	java
Q615	@DirtiesContext 효과		Backend - 테스트	22	OX	MEDIUM	@DirtiesContext를 사용하면 다음 테스트에서 컨텍스트 캐시가 그대로 재사용되어 더 빨라진다.	@DirtiesContext는 컨텍스트를 “더럽혔다”고 표시해 캐시를 무효화/재로딩을 유도하는 경우가 많아 오히려 느려질 수 있습니다. 남발하면 테스트 성능이 급락합니다.		O	FALSE	X	TRUE					test	dirtiescontext	spring	performance
Q616	Testcontainers 정리		Backend - 테스트	22	OX	MEDIUM	Testcontainers는 테스트가 끝나도 컨테이너를 자동으로 정리하지 않아서 매번 수동 삭제가 필수다.	Testcontainers는 보통 테스트 종료 시 컨테이너 정리(라이프사이클 관리)를 지원합니다. 물론 환경/설정에 따라 정리 실패는 있을 수 있지만 “항상 수동 필수”는 아닙니다.		O	FALSE	X	TRUE					test	testcontainers	docker	springboot
Q617	volatile 원자성		언어 중심 - Java	94	OX	MEDIUM	volatile을 붙이면 i++ 같은 증가 연산이 원자적으로 안전해진다.	volatile은 주로 가시성(visibility)과 재정렬 제한에 관련이 있고, 복합 연산 원자성까지 보장하지는 않습니다. 증가 연산엔 Atomic이나 락이 필요합니다.		O	FALSE	X	TRUE					java	volatile	concurrency	jmm
Q618	HashMap 동시성		언어 중심 - Java	94	OX	MEDIUM	HashMap은 여러 스레드가 동시에 put을 해도 내부 구조가 절대 깨지지 않는다.	HashMap은 동시 쓰기에 안전하지 않습니다. 동시성 환경에서는 ConcurrentHashMap 또는 외부 동기화가 필요합니다.		O	FALSE	X	TRUE					java	hashmap	concurrency	performance
Q619	synchronized 락 범위		언어 중심 - Java	94	OX	MEDIUM	synchronized는 JVM 전체에서 단 하나의 전역 락을 사용하므로 어떤 객체든 동시에 하나만 실행된다.	synchronized는 “모니터(객체/클래스) 단위”로 락을 잡습니다. 전역 단일 락이 아니라 락 대상에 따라 동시성 범위가 달라집니다.		O	FALSE	X	TRUE					java	synchronized	lock	concurrency
Q620	logback-spring.xml 프로파일		Backend - 웹 서버 기초	17	OX	MEDIUM	logback-spring.xml은 스프링 프로파일(dev/prod) 조건 분기를 지원하지 않는다.	logback-spring.xml은 스프링 확장을 활용해 프로파일 조건 분기 등 유연한 구성이 가능한 편입니다. 운영/개발 로그 정책 분리에 자주 쓰입니다.		O	FALSE	X	TRUE					springboot	logging	logback	ops
Q621	ControllerAdvice 처리 범위		Backend - 웹 서버 기초	17	OX	MEDIUM	@ControllerAdvice는 필터(Filter) 단계에서 발생한 예외도 자동으로 잡아 동일한 JSON 에러로 변환한다.	ControllerAdvice는 주로 컨트롤러/핸들러 실행 흐름에서 발생한 예외 처리에 맞춰져 있습니다. 필터 예외는 필터 체인/서블릿 컨테이너 레벨에서 별도 처리 전략이 필요할 수 있습니다.		O	FALSE	X	TRUE					spring	mvc	exception	backend
Q622	CompletableFuture thenApplyAsync		언어 중심 - Java	94	OX	MEDIUM	thenApplyAsync는 항상 현재 스레드에서만 실행되며 별도 실행자(Executor)를 절대 사용하지 않는다.	*Async 계열은 보통 다른 실행자(기본 풀 또는 지정 Executor)를 사용해 비동기 실행될 수 있습니다. 실행 스레드/풀 선택이 성능과 데드락에 영향을 줍니다.		O	FALSE	X	TRUE					java	async	completablefuture	performance
Q623	@ConfigurationProperties 바인딩		Backend - 언어 & 프레임워크	21	OX	MEDIUM	@ConfigurationProperties는 각 필드에 @Value를 붙여야만 설정 값이 바인딩된다.	@ConfigurationProperties는 prefix 기반으로 “필드/프로퍼티”를 한 번에 바인딩하는 방식이라, 일반적으로 필드마다 @Value를 붙이지 않습니다. 오히려 많은 설정을 타입 안전하게 묶을 때 @ConfigurationProperties를 씁니다.		O	FALSE	X	TRUE					springboot	config	properties	backend
Q624	@SpringBootTest webEnvironment		Backend - 테스트	22	OX	MEDIUM	@SpringBootTest를 쓰면 webEnvironment 설정과 무관하게 항상 8080 포트로 실제 서버가 뜬다.	@SpringBootTest는 webEnvironment 옵션에 따라 “서버 미기동/모의 환경/랜덤 포트/정의 포트” 등으로 동작이 달라집니다. 항상 8080 고정은 아닙니다.		O	FALSE	X	TRUE					test	springboot	integration	web
Q625	@WebMvcTest 로딩 범위		Backend - 테스트	22	OX	MEDIUM	@WebMvcTest는 JPA 리포지토리까지 기본으로 로딩해서 DB까지 포함한 통합 테스트가 된다.	@WebMvcTest는 웹(MVC) 계층 슬라이스 테스트라 컨트롤러 중심으로 로딩합니다. 서비스/리포지토리/DB는 보통 @MockBean 등으로 대체하거나 별도 테스트(@DataJpaTest/@SpringBootTest)로 검증합니다.		O	FALSE	X	TRUE					test	webmvctest	spring	mvc
Q626	@DataJpaTest 로딩 범위		Backend - 테스트	22	OX	MEDIUM	@DataJpaTest는 컨트롤러와 필터 체인까지 포함해 전체 웹 요청 흐름을 검증한다.	@DataJpaTest는 JPA 관련 구성만 로딩해 리포지토리/엔티티 매핑을 빠르게 검증하는 슬라이스 테스트입니다. 웹 계층은 포함하지 않습니다.		O	FALSE	X	TRUE					test	datajpa	jpa	springboot
Q627	자동 설정(Auto Configuration)		Backend - 언어 & 프레임워크	21	OX	MEDIUM	스프링 부트 자동 설정은 클래스패스의 라이브러리 존재 여부를 전혀 보지 않고, 오직 application.yml만 보고 빈을 등록한다.	자동 설정은 보통 “클래스패스에 무엇이 있느냐”와 “조건(Conditional)”을 조합해 빈을 등록합니다. 설정 파일만 보는 구조가 아닙니다.		O	FALSE	X	TRUE					springboot	autoconfig	conditional	backend
Q628	@ConditionalOnClass 의미		Backend - 언어 & 프레임워크	21	OX	MEDIUM	@ConditionalOnClass는 특정 클래스가 클래스패스에 없을 때만 설정을 활성화한다.	@ConditionalOnClass는 “클래스가 있을 때” 조건을 만족합니다. 없을 때를 조건으로 하고 싶다면 보통 @ConditionalOnMissingClass 같은 흐름을 사용합니다.		O	FALSE	X	TRUE					springboot	conditional	classpath	config
Q629	@Transactional 롤백 규칙		Backend - 언어 & 프레임워크	21	OX	MEDIUM	스프링의 @Transactional은 기본적으로 모든 체크 예외(checked exception)에서도 자동 롤백된다.	기본 롤백 규칙은 보통 RuntimeException/Error 계열 중심입니다. 체크 예외까지 롤백하려면 rollbackFor 등을 명시하는 설계가 필요합니다.		O	FALSE	X	TRUE					spring	transaction	rollback	java
Q630	REQUIRES_NEW 동작		Backend - 언어 & 프레임워크	21	OX	MEDIUM	Propagation.REQUIRES_NEW는 기존 트랜잭션에 참여만 하고, 물리적으로는 같은 트랜잭션을 공유한다.	REQUIRES_NEW는 기존 트랜잭션을 일시 중단하고 “새 트랜잭션”을 시작하는 의미로 이해하는 게 핵심입니다(리소스/DB에 따라 세부 동작 차이는 있어도 ‘그냥 참여’는 아님).		O	FALSE	X	TRUE					spring	transaction	propagation	backend
Q631	격리 수준 순서		Backend - 웹 서버 기초	17	OX	MEDIUM	SERIALIZABLE 격리 수준은 가장 약한 격리 수준이어서 동시성 문제가 가장 많이 발생한다.	일반적으로 SERIALIZABLE은 가장 강한 격리 수준 쪽으로 분류되고, 강할수록 동시성/성능 트레이드오프가 커집니다. “가장 약함”은 반대입니다.		O	FALSE	X	TRUE					transaction	isolation	concurrency	backend
Q632	RestTemplate 특성		Backend - 웹 서버 기초	17	OX	MEDIUM	RestTemplate은 논블로킹 기반 리액티브 HTTP 클라이언트라서 기본적으로 스레드를 점유하지 않는다.	RestTemplate은 전형적으로 블로킹 I/O 기반의 동기식 클라이언트로 이해하는 게 기본입니다. 논블로킹/리액티브 흐름은 보통 WebClient 쪽이 대표적입니다.		O	FALSE	X	TRUE					http	spring	resttemplate	blocking
Q633	WebClient 특성		Backend - 언어 & 프레임워크	21	OX	MEDIUM	WebClient는 서블릿 기반(Tomcat)에서만 동작하며, 리액티브 런타임(Netty 등)에서는 사용할 수 없다.	WebClient는 리액티브 스택에서 널리 쓰이며, 특정 서블릿 서버에만 고정되는 개념이 아닙니다.		O	FALSE	X	TRUE					springboot	webflux	webclient	reactive
Q634	커넥션 풀 기본값		Backend - 언어 & 프레임워크	21	OX	MEDIUM	스프링 부트는 기본 커넥션 풀로 HikariCP를 사용하지 않으며, 별도 설정 없이는 단순 DriverManager만 쓴다.	스프링 부트는 일반적으로 커넥션 풀을 기본 구성으로 제공하고, HikariCP가 사실상 기본 선택지로 자주 사용됩니다(의존성/환경에 따라 달라질 수 있지만 “기본으로 절대 안 쓴다”는 아님).		O	FALSE	X	TRUE					springboot	datasource	hikari	backend
Q635	설정 우선순위		Backend - 언어 & 프레임워크	21	OX	MEDIUM	application.yml의 값은 환경 변수로 절대 오버라이드할 수 없다.	스프링 부트는 여러 설정 소스의 우선순위를 통해 환경 변수, 커맨드 라인, 외부 설정 등이 application.yml을 덮어쓸 수 있는 구조를 제공합니다.		O	FALSE	X	TRUE					springboot	config	environment	ops
Q636	@RequestBody 역할		Backend - 웹 서버 기초	17	OX	MEDIUM	@RequestBody는 URL 쿼리 스트링(?a=1&b=2)을 DTO로 바인딩하는 용도로 사용된다.	@RequestBody는 주로 요청 “본문(body)”의 JSON 등을 역직렬화해 DTO로 바인딩합니다. 쿼리 스트링은 보통 @RequestParam/@ModelAttribute 쪽입니다.		O	FALSE	X	TRUE					spring	requestbody	binding	http
Q637	Lazy 로딩 직렬화		Backend - 언어 & 프레임워크	21	OX	MEDIUM	JPA 지연 로딩(LAZY) 프록시는 Jackson이 항상 문제 없이 직렬화하므로 DTO 분리는 필요 없다.	LAZY 프록시는 직렬화 시점에 초기화 예외/순환 참조/불필요한 쿼리 등을 유발할 수 있어 DTO 분리가 흔한 권장 패턴입니다. “항상 문제 없다”는 위험한 주장입니다.		O	FALSE	X	TRUE					jpa	jackson	lazy	spring
Q638	@EntityGraph 사용처		Backend - 언어 & 프레임워크	21	OX	MEDIUM	EntityGraph는 JPQL에서만 쓸 수 있고, 스프링 데이터 JPA 리포지토리 메서드에는 적용할 수 없다.	스프링 데이터 JPA에서는 리포지토리 메서드에 @EntityGraph를 붙여 페치 전략을 조절하는 패턴이 널리 사용됩니다.		O	FALSE	X	TRUE					jpa	entitygraph	fetch	spring
Q639	Fetch Join 만능설		Backend - 언어 & 프레임워크	21	OX	MEDIUM	fetch join을 쓰면 컬렉션을 여러 개 동시에 조인해도 항상 중복/뻥튀기 없이 안전하고 성능도 항상 좋아진다.	컬렉션 fetch join은 결과 row 증가, 중복, 페이징/정렬 문제, “여러 컬렉션 동시 fetch”의 제약 등 함정이 많습니다. 항상 안전/항상 성능 개선은 아닙니다.		O	FALSE	X	TRUE					jpa	fetchjoin	performance	backend
Q640	ConcurrentHashMap null 허용		언어 중심 - Java	94	OX	MEDIUM	ConcurrentHashMap은 HashMap처럼 null 키와 null 값을 허용한다.	ConcurrentHashMap은 동시성 설계상 null 키/값을 허용하지 않는 쪽으로 유명합니다.		O	FALSE	X	TRUE					java	concurrenthashmap	concurrency	collection
Q641	StringBuilder 스레드 안전성		언어 중심 - Java	94	OX	MEDIUM	StringBuilder는 내부 동기화를 제공하므로 멀티스레드 환경에서 항상 안전하게 공유할 수 있다.	StringBuilder는 기본적으로 동기화가 없어서 스레드 안전하지 않습니다. 스레드 안전이 필요하면 StringBuffer 또는 외부 동기화/설계 분리가 필요합니다.		O	FALSE	X	TRUE					java	stringbuilder	concurrency	performance
Q642	ThreadLocal 자동 정리		언어 중심 - Java	94	OX	MEDIUM	스레드풀에서 ThreadLocal 값은 작업이 끝나면 JVM이 자동으로 항상 제거하므로 누수(leak) 걱정이 없다.	스레드풀은 스레드를 재사용하므로 ThreadLocal을 clear하지 않으면 값이 오래 남아 메모리 누수/컨텍스트 오염이 생길 수 있습니다. 자동 정리를 “항상” 기대하면 위험합니다.		O	FALSE	X	TRUE					java	threadlocal	leak	security
Q643	트랜잭션 AOP 자기호출(self-invocation)		Backend - 언어 & 프레임워크	21	OX	HARD	같은 클래스 내부에서 @Transactional 메서드를 다른 메서드가 직접 호출해도 프록시가 항상 개입하므로 트랜잭션이 정상 적용된다.	스프링의 프록시 기반 AOP는 “프록시를 거쳐야” 적용됩니다. 같은 객체 내부에서 자기 메서드를 직접 호출하면 프록시를 우회하는 경우가 흔해 트랜잭션이 적용되지 않을 수 있습니다.		O	FALSE	X	TRUE					spring	transaction	aop	proxy
Q644	@Transactional readOnly 효과		Backend - 언어 & 프레임워크	21	OX	HARD	@Transactional(readOnly=true)을 붙이면 JPA가 더티 체킹을 완전히 비활성화하므로 엔티티 변경이 있어도 절대 UPDATE가 나가지 않는다.	readOnly는 힌트/최적화 성격이 강하고, 제공자/설정에 따라 동작이 달라집니다. “완전히 비활성화되어 절대 UPDATE가 없다”는 단정은 위험합니다.		O	FALSE	X	TRUE					spring	transaction	jpa	readonly
Q645	Open Session In View(OSIV) 범위		Backend - 언어 & 프레임워크	21	OX	HARD	OSIV를 켜면 서비스 계층 트랜잭션이 종료된 뒤에도 동일 트랜잭션이 컨트롤러/뷰 렌더링까지 계속 유지된다.	OSIV는 “영속성 컨텍스트(세션)”를 요청 범위로 연장하는 개념으로 자주 설명되지만, 트랜잭션 자체가 동일하게 끝까지 유지된다는 의미는 아닙니다.		O	FALSE	X	TRUE					jpa	osiv	transaction	springboot
Q646	JPA flush 타이밍		Backend - 언어 & 프레임워크	21	OX	HARD	JPA는 JPQL/Criteria 쿼리를 실행해도 flush가 절대 발생하지 않으며, flush는 커밋 시점에만 일어난다.	JPA는 쿼리 실행 전에 flush가 발생할 수 있습니다(FlushMode/상황에 따라). “커밋 때만”은 오해를 부릅니다.		O	FALSE	X	TRUE					jpa	flush	persistence	transaction
Q647	Hibernate 1차 캐시와 2차 캐시		Backend - 언어 & 프레임워크	21	OX	HARD	Hibernate 2차 캐시는 영속성 컨텍스트(1차 캐시)와 동일 범위로만 동작하므로 트랜잭션이 끝나면 항상 사라진다.	1차 캐시는 영속성 컨텍스트 범위(보통 트랜잭션/세션)이고, 2차 캐시는 그보다 넓은 범위(세션 팩토리/애플리케이션)로 동작하도록 설계됩니다. 동일 범위라는 말은 틀렸습니다.		O	FALSE	X	TRUE					hibernate	cache	jpa	performance
Q648	@Lock(낙관/비관)과 버전 컬럼		Backend - 언어 & 프레임워크	21	OX	HARD	@Version이 없으면 JPA의 낙관적 락(Optimistic Lock)은 동일하게 동작하며, 동시 업데이트 충돌을 항상 감지한다.	낙관적 락은 보통 버전 컬럼(@Version)을 기반으로 충돌을 감지합니다. 버전이 없으면 같은 방식으로 “항상” 감지된다고 보기 어렵습니다.		O	FALSE	X	TRUE					jpa	locking	version	concurrency
Q649	페치 조인과 페이징		Backend - 언어 & 프레임워크	21	OX	HARD	컬렉션 fetch join을 사용해도 Spring Data JPA의 Pageable 페이징은 DB 레벨에서 항상 정확히 적용된다.	컬렉션 fetch join은 row 뻥튀기/중복 때문에 페이징이 깨지거나(또는 메모리 페이징) 문제가 생길 수 있습니다. “항상 DB 레벨 정확 적용”은 틀렸습니다.		O	FALSE	X	TRUE					jpa	fetchjoin	paging	spring
Q650	ReentrantLock 공정성(fair)		언어 중심 - Java	94	OX	HARD	ReentrantLock을 fair=true로 설정하면 항상 더 높은 처리량(throughput)이 보장된다.	공정성 락은 대기 순서를 보장하려다 스케줄링/컨텍스트 스위칭 비용이 늘어 처리량이 떨어질 수 있습니다. “항상 더 높다”는 잘못입니다.		O	FALSE	X	TRUE					java	concurrency	lock	performance
Q651	volatile과 원자성		언어 중심 - Java	94	OX	HARD	volatile long 값을 ++로 증가시키면 멀티스레드에서도 항상 원자적으로 증가한다.	volatile은 가시성/순서 보장에 가까우며, ++ 같은 복합 연산의 원자성을 보장하지 않습니다.		O	FALSE	X	TRUE					java	volatile	atomic	concurrency
Q652	JMM happens-before 오해		언어 중심 - Java	94	OX	HARD	synchronized 블록 진입/탈출은 happens-before 관계를 만들지 않으므로, 락은 원자성만 보장하고 가시성에는 영향이 없다.	synchronized는 원자성뿐 아니라 가시성/순서 보장과 관련된 happens-before를 형성하는 것으로 이해하는 게 핵심입니다. “영향 없다”는 오해입니다.		O	FALSE	X	TRUE					java	jmm	synchronized	concurrency
Q653	ThreadLocalMap 누수 조건		언어 중심 - Java	94	OX	HARD	ThreadLocal 키가 GC로 수거되면 해당 값(value)도 항상 즉시 제거되므로 누수가 발생할 수 없다.	ThreadLocalMap은 키가 약한 참조라 GC 후 키가 null이 될 수 있지만, 값이 즉시 제거된다고 보장할 수 없고(정리 타이밍 의존), 스레드풀에서 누수/오염이 문제가 됩니다.		O	FALSE	X	TRUE					java	threadlocal	memory	leak
Q654	Spring Security 필터 체인		Backend - 인증/인가	18	OX	HARD	Spring Security에서는 @ControllerAdvice로 예외를 잡으면 필터 단계에서 발생한 인증/인가 예외도 동일하게 항상 처리된다.	필터 체인 단계의 예외는 컨트롤러 진입 이전에 발생할 수 있어, 컨트롤러 어드바이스로 “항상” 처리된다고 보기 어렵습니다(엔트리포인트/액세스디나이드 핸들러 등 별도 메커니즘).		O	FALSE	X	TRUE					security	spring	filter	exception
Q655	OAuth2 state와 CSRF		Backend - 인증/인가	18	OX	HARD	OAuth2 로그인에서 state 파라미터는 토큰 재발급 성능 최적화 용도이며 CSRF와는 무관하다.	state는 주로 요청 위변조/CSRF 완화 등 보안 목적과 강하게 연결됩니다. 성능 최적화 용도라는 설명은 틀렸습니다.		O	FALSE	X	TRUE					oauth2	state	csrf	security
Q656	JWT 서명 vs 암호화		Backend - 인증/인가	18	OX	HARD	JWS(서명된 JWT)를 사용하면 페이로드가 암호화되어 클라이언트가 내용을 해독할 수 없다.	JWS는 무결성/서명 검증이 핵심이고, 페이로드는 일반적으로 Base64URL 인코딩이라 누구나 디코드 가능합니다. 기밀성이 필요하면 JWE(암호화)를 봐야 합니다.		O	FALSE	X	TRUE					security	jwt	jws	token
Q657	JWK 회전(rotation) 적용		Backend - 인증/인가	18	OX	HARD	JWK rotation을 적용하면 키를 교체해도 기존에 발급된 JWT는 자동으로 모두 무효화된다.	키 회전은 검증 키 집합을 바꾸는 운영 전략이지, 기존 토큰이 “자동 무효화”된다고 단정할 수 없습니다(키 보관/중첩 기간, kid, 만료 정책 등 설계 필요).		O	FALSE	X	TRUE					jwt	jwk	rotation	security
Q658	CORS vs CSRF		Backend - 웹 서버 기초	17	OX	HARD	CORS 설정을 엄격히 하면 CSRF 공격도 완전히 방어된다.	CORS는 브라우저의 교차 출처 요청 제어에 가깝고, CSRF는 인증 쿠키 자동 전송 등을 악용하는 공격이라 완전 동일 선상 문제가 아닙니다. CORS만으로 CSRF가 “완전히” 막히지 않습니다.		O	FALSE	X	TRUE					cors	csrf	security	web
Q659	@Async 트랜잭션 전파		Backend - 언어 & 프레임워크	21	OX	HARD	@Async 메서드는 호출한 스레드의 트랜잭션 컨텍스트를 자동으로 전파받아 동일 트랜잭션에서 실행된다.	@Async는 다른 스레드에서 실행되므로 트랜잭션/ThreadLocal 컨텍스트가 자동 전파된다고 보면 위험합니다(전파를 원하면 별도 설계가 필요).		O	FALSE	X	TRUE					spring	async	transaction	threadlocal
Q660	@DirtiesContext의 효과		Backend - 테스트	22	OX	HARD	@DirtiesContext를 붙이면 컨텍스트 캐시가 더 잘 재사용되어 테스트가 빨라지는 경우가 많다.	@DirtiesContext는 컨텍스트를 “더럽혔다”고 표시해 캐시를 폐기/재로딩하게 만들어 느려질 수 있습니다. “빨라진다”는 반대 방향입니다.		O	FALSE	X	TRUE					test	dirtiescontext	spring	performance
Q661	Testcontainers 재현성		Backend - 테스트	22	OX	HARD	Testcontainers를 쓰면 테스트가 항상 더 빠르고, CI에서도 도커가 없어도 동일하게 동작한다.	Testcontainers는 실제 의존성을 띄우는 만큼 보통 더 느릴 수 있고, 도커 런타임이 필요합니다. “항상 더 빠름/도커 없어도 됨”은 틀립니다.		O	FALSE	X	TRUE					test	testcontainers	docker	springboot
Q662	Mocking 과다의 위험		Backend - 테스트	22	OX	HARD	Mockito로 협력 객체를 전부 mock 하면 통합 결함까지 커버되므로 통합 테스트는 불필요해진다.	과도한 mocking은 구현 결합/실제 통합 결함 미검출 문제가 생기기 쉬워, 핵심 시나리오는 통합 테스트로 보완하는 전략이 일반적입니다.		O	FALSE	X	TRUE					test	mockito	integration	quality
Q663	트랜잭션 읽기 전용(readOnly)		Backend - 언어 & 프레임워크	21	OX	HARD	readOnly 트랜잭션에서는 엔티티를 수정해도 어떤 상황에서도 UPDATE SQL이 절대 실행되지 않는다.	readOnly는 조회 전용 의도를 표현하고 일부 최적화를 유도하는 힌트에 가깝습니다. JPA 구현체와 DB 설정에 따라 더티 체킹이나 플러시 동작이 달라질 수 있어, 무조건 업데이트가 막힌다고 단정하면 위험합니다. 실무에서는 readOnly 안에서 실수로 값을 바꾸면 디버깅이 어려운 형태로 부작용이 생길 수 있습니다. 또한 명시적 flush 호출, 특정 프레임워크 동작, 또는 다른 트랜잭션 경계와 섞일 때 예상과 다르게 SQL이 나갈 수 있습니다. 면접에서는 readOnly를 성능 최적화 도구로만 보지 말고, 설계 의도와 부작용까지 설명하는지가 포인트입니다. 결국 중요한 것은 쓰기 로직과 읽기 로직을 계층적으로 분리하고 테스트로 보장하는 것입니다.		O	FALSE	X	TRUE					transaction	spring	jpa	springboot
Q664	플러시 모드(FlushMode COMMIT)		Backend - 언어 & 프레임워크	21	OX	HARD	FlushMode COMMIT으로 설정하면 JPQL 조회가 실행될 때 자동 플러시가 발생하지 않고 보통 커밋 시점에만 동기화된다.	플러시 모드는 영속성 컨텍스트 변경 내용을 DB에 언제 반영할지 결정합니다. AUTO는 쿼리 실행 전에 필요한 경우 플러시가 일어날 수 있어, 조회 결과가 현재 변경사항과 일관되게 보일 가능성이 큽니다. 반대로 COMMIT은 기본적으로 커밋 시점에만 플러시하므로, 같은 트랜잭션 안에서 수정 후 조회를 해도 DB 반영 전 상태를 읽는 듯한 결과가 나올 수 있습니다. 이 차이를 이해하지 못하면 조회 결과가 이상하게 보이고 원인을 찾기 어렵습니다. 실무에서는 성능 최적화나 배치 처리에서 COMMIT을 고려하지만, 일관성 요구가 있는 API에서는 주의가 필요합니다. 면접에서는 flush와 commit을 구분하고, 쿼리 시점 동기화의 의미를 정확히 설명하는지가 중요합니다.		O	TRUE	X	FALSE					jpa	flush	hibernate	springboot
Q665	비관적 락 타임아웃(Pessimistic lock timeout)		Backend - 언어 & 프레임워크	21	OX	HARD	비관적 락은 타임아웃 힌트를 주어 오래 대기하지 않고 빠르게 실패하도록 설계할 수 있다.	비관적 락은 충돌을 사전에 막는 대신 대기와 락 경합 비용이 큽니다. 그래서 실무에서는 락을 무한정 기다리게 두기보다, 일정 시간 내에 락을 얻지 못하면 실패로 처리하고 재시도나 사용자 안내로 전환하기도 합니다. JPA에서는 락 타임아웃 힌트나 DB별 설정으로 대기 시간을 조절할 수 있습니다. 이런 전략은 데드락이나 스레드 고갈로 이어지는 연쇄 장애를 줄이는 데 도움이 됩니다. 다만 실패가 늘면 사용자 경험이 나빠질 수 있어 재시도 정책과 백오프를 함께 설계해야 합니다. 면접에서는 락을 걸었다는 사실보다, 운영에서 안전하게 쓰는 방법을 말하는지가 핵심입니다.		O	TRUE	X	FALSE					locking	jpa	concurrency	springboot
Q666	낙관적 락 예외 발생 시점(Optimistic lock)		Backend - 언어 & 프레임워크	21	OX	HARD	낙관적 락 충돌은 엔티티 필드를 바꾸는 순간이 아니라 flush 또는 commit 시점에 예외로 터질 수 있다.	낙관적 락은 업데이트 시점에 버전 조건을 확인해 충돌을 감지합니다. 따라서 단순히 엔티티 필드를 변경하는 행위 자체는 메모리 상의 변경일 뿐이고, DB에 SQL이 나가는 순간에 충돌 여부가 결정됩니다. 결과적으로 flush나 commit에서 OptimisticLockException 같은 예외가 발생할 수 있습니다. 이 특성 때문에 예외 처리를 어디에 둘지, 재시도를 어떻게 할지 설계가 중요합니다. 실무에서는 일부 충돌이 정상 흐름일 수 있어 사용자에게 재시도 안내를 하거나, 서버에서 제한된 횟수로 재시도하는 패턴이 사용됩니다. 면접에서는 발생 시점과 처리 전략을 함께 말하면 깊이가 드러납니다.		O	TRUE	X	FALSE					locking	transaction	jpa	springboot
Q667	트랜잭션 이벤트(AFTER_COMMIT)		Backend - 비동기 처리	19	OX	HARD	트랜잭션이 롤백되면 AFTER_COMMIT 단계의 트랜잭션 이벤트 리스너는 실행되지 않는다.	트랜잭션 이벤트는 실행 타이밍이 정합성을 좌우합니다. AFTER_COMMIT은 말 그대로 커밋이 성공했을 때만 실행되므로, 롤백 시에는 실행되지 않는 것이 일반적인 기대 동작입니다. 이 덕분에 DB 변경이 확정되기 전에 외부로 알림을 보내 정합성이 깨지는 문제를 줄일 수 있습니다. 다만 커밋 이후 실행도 실패할 수 있으므로, 재시도와 보상 전략이 필요합니다. 실무에서는 메시지 발행, 알림, 인덱싱 같은 작업을 AFTER_COMMIT으로 옮겨 일관성을 높입니다. 면접에서는 왜 이 타이밍이 중요한지와 실패 처리까지 말하면 좋습니다.		O	TRUE	X	FALSE					spring	event	transaction	springboot
Q668	AOP 프록시와 final 메서드		Backend - 언어 & 프레임워크	21	OX	HARD	클래스 기반 프록시를 쓰더라도 final 메서드에는 트랜잭션 같은 AOP가 적용되지 않을 수 있다.	스프링 AOP는 프록시로 메서드 호출을 가로채 기능을 적용합니다. 클래스 기반 프록시는 상속을 이용하는 방식이라, final 메서드는 오버라이드가 불가해 어드바이스 적용이 제한될 수 있습니다. 이 때문에 트랜잭션이 걸릴 줄 알았던 메서드가 실제로는 트랜잭션 없이 실행되는 위험이 생깁니다. 실무에서는 핵심 비즈니스 메서드를 final로 만들지 않는 관례를 두거나, 설계 단계에서 프록시 적용 경계를 명확히 합니다. 또한 프록시 방식이 JDK인지 클래스 기반인지에 따라 동작이 달라질 수 있어 팀 컨벤션이 중요합니다. 면접에서는 프록시 기반이라는 원리와 제약을 함께 설명하는지가 포인트입니다.		O	TRUE	X	FALSE					spring	aop	proxy	springboot
Q669	내부 호출(self invocation)과 트랜잭션		Backend - 언어 & 프레임워크	21	OX	HARD	같은 클래스 내부에서 트랜잭션 애노테이션이 붙은 메서드를 직접 호출하면 트랜잭션이 적용되지 않을 수 있다.	트랜잭션은 보통 프록시를 경유할 때 적용됩니다. 내부 호출은 this로 직접 메서드를 호출하는 형태라 프록시를 거치지 않아, 트랜잭션 인터셉터가 실행되지 않을 수 있습니다. 이 문제는 겉으로는 정상 동작처럼 보이지만 데이터 정합성이나 지연 로딩 예외로 뒤늦게 터지는 경우가 많습니다. 해결책은 트랜잭션 경계를 외부 호출 지점에 두거나, 메서드를 다른 빈으로 분리해 프록시 경유 호출로 만드는 방식입니다. 실무에서는 이런 함정 때문에 트랜잭션 설계 규칙을 문서화하기도 합니다. 면접에서도 매우 단골로 출제되는 함정 포인트입니다.		O	TRUE	X	FALSE					transaction	spring	proxy	springboot
Q670	메서드 보안과 트랜잭션 순서(PreAuthorize)		Backend - 인증/인가	18	OX	HARD	기본 설정에서 PreAuthorize 같은 메서드 보안 검사는 비즈니스 메서드 실행 전에 수행되어, 보안 실패 시 DB 트랜잭션을 불필요하게 시작하지 않도록 돕는다.	메서드 보안은 보통 메서드 호출을 가로채 권한을 먼저 검사합니다. 권한이 없는데도 트랜잭션을 열고 DB를 만지면 비용이 낭비되고 공격 표면도 커집니다. 그래서 보안 검사가 먼저 수행되는 흐름은 성능과 보안 모두에 유리합니다. 다만 AOP 순서는 설정에 따라 바뀔 수 있어, 팀에서 기본 동작을 확인하고 가정에 의존하지 않는 것이 중요합니다. 실무에서는 보안과 트랜잭션이 겹치는 기능에서 순서가 특히 중요하며, 로그와 테스트로 검증해야 합니다. 면접에서는 단순히 애노테이션을 아는 것보다, 실행 순서가 왜 중요한지 설명하는지가 관건입니다.		O	TRUE	X	FALSE					security	spring	aop	springboot
Q671	CSRF와 Stateless API		Backend - 인증/인가	18	OX	HARD	세션 쿠키를 쓰지 않는 완전한 stateless 토큰 기반 API에서는 CSRF 위협 모델이 달라져, CSRF 설정을 별도로 판단해야 한다.	CSRF는 브라우저가 자동으로 쿠키를 첨부하는 특성에서 주로 발생합니다. 토큰을 Authorization 헤더로 보내고 브라우저 자동 첨부가 없는 구조라면, CSRF의 위협 모델이 크게 달라집니다. 그래서 실무에서는 토큰 저장 위치, 브라우저 사용 여부, CORS 정책을 함께 보고 CSRF를 켤지 끌지 결정합니다. 무조건 끄는 것도 위험하고, 무조건 켜는 것도 불필요한 복잡도를 만들 수 있습니다. 또한 혼합 모델(일부는 쿠키, 일부는 토큰)에서는 오히려 사고가 나기 쉬우므로 정책을 명확히 해야 합니다. 면접에서는 CSRF를 단순 체크박스로 보지 말고, 어떤 클라이언트를 대상으로 하는지부터 설명하면 좋습니다.		O	TRUE	X	FALSE					security	csrf	api	springboot
Q672	보안 필터 체인과 MVC 위치		Backend - 인증/인가	18	OX	HARD	Spring Security 필터 체인은 일반적으로 DispatcherServlet과 컨트롤러 실행보다 앞단에서 요청을 처리한다.	스프링 시큐리티는 서블릿 필터 체인으로 동작하며 요청 파이프라인의 앞쪽에 위치합니다. 따라서 인증 인가가 통과되지 않으면 컨트롤러까지 도달하지 못하는 것이 일반적입니다. 이 구조 덕분에 애플리케이션 로직에 들어가기 전에 공격 요청을 차단할 수 있습니다. 실무에서는 필터 순서가 매우 중요해, 커스텀 필터를 어디에 끼워 넣을지에 따라 동작이 달라집니다. 예를 들어 JWT 인증 필터를 잘못된 위치에 두면 인증이 안 된 상태로 뒤 로직이 실행될 수 있습니다. 면접에서는 필터 기반이라는 점과 순서의 중요성을 말할 수 있어야 합니다.		O	TRUE	X	FALSE					security	filter	spring	springboot
Q673	WebFlux 이벤트 루프와 블로킹 호출		Backend - 비동기 처리	19	OX	HARD	WebFlux에서 이벤트 루프 스레드에서 블로킹 I O 작업을 수행하면 처리량이 급격히 떨어질 수 있어 별도 스케줄러로 오프로딩이 필요할 수 있다.	WebFlux는 적은 수의 이벤트 루프 스레드로 많은 연결을 처리하는 모델을 사용합니다. 이 구조에서 블로킹 호출이 들어가면 이벤트 루프가 멈추며 전체 요청 처리 지연이 연쇄적으로 발생할 수 있습니다. 실무에서는 블로킹 작업을 별도 스레드풀로 넘기거나, 애초에 비동기 드라이버(R2DBC 등)를 사용해 블로킹을 제거합니다. 또한 겉보기에는 응답이 가끔 느려지는 수준으로 시작되다가, 트래픽이 늘면 갑자기 붕괴하는 형태로 나타나 디버깅이 어렵습니다. 면접에서는 WebFlux를 단순히 리액티브 문법으로 보지 말고, 스레드 모델과 블로킹 위험을 설명하는지가 핵심입니다. 운영 관점에서 매우 중요한 포인트입니다.		O	TRUE	X	FALSE					webflux	reactive	performance	springboot
Q674	MDC 전파와 비동기		Backend - 비동기 처리	19	OX	HARD	MDC 같은 ThreadLocal 기반 로그 컨텍스트는 비동기 실행에서 자동 전파되지 않아 별도 전파 설정이 필요할 수 있다.	MDC는 보통 ThreadLocal에 저장되므로 스레드가 바뀌면 값이 사라지거나 끊길 수 있습니다. CompletableFuture, Async, 스레드풀 기반 작업에서는 같은 요청 흐름이라도 다른 스레드에서 실행되기 때문에 로그 상관관계가 무너집니다. 실무에서는 TaskDecorator, 컨텍스트 래핑, 또는 프레임워크 차원의 컨텍스트 전파 기능을 사용해 해결합니다. 또한 스레드 재사용 환경에서는 clear를 제대로 하지 않으면 다른 요청의 traceId가 섞이는 위험도 있습니다. 이런 문제는 기능 테스트로는 잘 안 잡히고 운영에서만 터지는 경우가 많습니다. 면접에서는 단순 로깅이 아니라 관측 가능성 설계를 이해하는지 보여주는 좋은 주제입니다.		O	TRUE	X	FALSE					logging	async	mdc	springboot
Q675	Actuator 기본 노출(Exposure)		Backend - 웹 서버 기초	17	OX	HARD	Spring Boot Actuator는 HTTP로 모든 엔드포인트를 기본 노출하지 않으며, 보통 일부만 노출되도록 설정된다.	Actuator는 운영 정보를 제공하지만, 동시에 민감 정보를 노출할 위험이 있습니다. 그래서 기본 설정은 모든 엔드포인트를 무조건 공개하지 않는 방향으로 되어 있는 경우가 많습니다. 실무에서는 노출할 엔드포인트를 allowlist로 지정하고, 내부망 또는 인증된 사용자만 접근하도록 제한합니다. health 엔드포인트도 세부 정보 노출 수준을 조절해야 하며, 외부 의존성 상태를 어디까지 포함할지 정책이 필요합니다. 운영에서 가장 흔한 실수는 디버그용 엔드포인트를 열어둔 채 배포하는 것입니다. 면접에서는 Actuator를 단순 기능이 아니라 운영 보안 관점에서 설명하면 좋습니다.		O	TRUE	X	FALSE					actuator	monitoring	security	springboot
Q676	배치 페치(Batch fetching)와 N플러스원		Backend - 언어 & 프레임워크	21	OX	HARD	Hibernate 배치 페치는 지연 로딩 시 여러 프록시를 IN 절로 묶어 가져와 N플러스원 문제를 완화하는 데 도움이 될 수 있다.	N플러스원은 ORM 성능 이슈의 대표 사례입니다. 배치 페치는 컬렉션이나 연관 엔티티를 하나씩 가져오는 대신, 여러 개를 모아 한 번에 조회하도록 최적화합니다. 실무에서는 fetch join이 어려운 페이징 화면이나 다양한 접근 경로에서 배치 페치가 유용합니다. 하지만 배치 크기를 무작정 키우면 IN 절이 과도해져 성능이 오히려 나빠질 수 있어 측정이 필요합니다. 또한 어떤 시점에 로딩이 발생하는지 통제가 안 되면 여전히 예측 불가능한 쿼리가 나갑니다. 면접에서는 해결책을 하나만 외우기보다, 상황별로 fetch join, entity graph, 배치 페치를 선택하는 기준을 말하면 좋습니다.		O	TRUE	X	FALSE					jpa	nplus1	performance	springboot
Q677	2차 캐시(Second level cache)		Backend - 언어 & 프레임워크	21	OX	HARD	Hibernate 2차 캐시는 영속성 컨텍스트(1차 캐시)와 별개이며, 기본으로 항상 켜져 있는 기능은 아니다.	1차 캐시는 트랜잭션 범위의 영속성 컨텍스트에 속하고, 2차 캐시는 세션을 넘어 공유될 수 있는 캐시입니다. 2차 캐시는 설정과 캐시 제공자 구성이 필요하며, 무조건 켜져 있다고 가정하면 안 됩니다. 실무에서는 읽기 많고 변경 적은 참조 데이터에서 큰 효과를 볼 수 있지만, 캐시 무효화와 일관성 문제를 관리해야 합니다. 또한 엔티티 캐시와 쿼리 캐시는 목적이 다르고, 같이 쓸 때도 주의할 점이 많습니다. 캐시를 잘못 적용하면 오히려 stale 데이터가 노출되거나 디버깅이 어려워집니다. 면접에서는 캐시 종류를 구분하고, 언제 쓰면 좋은지와 위험을 함께 말하면 좋습니다.		O	TRUE	X	FALSE					cache	hibernate	jpa	springboot
Q678	OSIV 비활성화 영향		Backend - 아키텍처 패턴	20	OX	HARD	OSIV를 끄면 컨트롤러 직렬화 단계에서 지연 로딩이 더 자주 실패하므로, 서비스 계층에서 필요한 데이터를 미리 로딩하는 설계가 중요해진다.	OSIV가 켜져 있으면 요청 전체에 걸쳐 영속성 컨텍스트가 유지되어 지연 로딩이 쉽게 동작합니다. OSIV를 끄면 트랜잭션 밖에서 연관 객체 접근이 실패할 수 있어 LazyInitializationException이 노출되기 쉽습니다. 이 변화는 단순 설정 변경이 아니라 계층 설계를 강제하는 효과가 있습니다. 실무에서는 서비스 계층에서 DTO 변환을 끝내고, 필요한 연관 데이터를 fetch join이나 entity graph로 명확히 로딩하는 방식이 일반적입니다. OSIV를 끄면 쿼리 발생 시점이 통제되어 운영 안정성이 좋아질 수 있지만, 조회 설계가 허술하면 장애가 늘 수 있습니다. 면접에서는 OSIV의 장단점과, 끈 뒤에 어떻게 설계를 바꿀지까지 말하면 좋습니다.		O	TRUE	X	FALSE					osiv	jpa	architecture	springboot
Q679	전파 REQUIRES_NEW 의미		Backend - 언어 & 프레임워크	21	OX	HARD	REQUIRES_NEW 트랜잭션이 내부에서 커밋되면, 외부 트랜잭션이 이후 롤백되더라도 내부 커밋 결과는 보통 유지된다.	REQUIRES_NEW는 기존 트랜잭션을 일시 중단하고 새로운 트랜잭션을 시작합니다. 따라서 내부 트랜잭션이 성공적으로 커밋되면 그 변경은 독립적으로 확정됩니다. 이후 외부 트랜잭션이 실패해 롤백되더라도, 내부에서 이미 커밋된 변경까지 같이 롤백되지는 않는 것이 일반적인 동작입니다. 실무에서는 감사 로그, 실패하더라도 남겨야 하는 기록 등에 쓰지만, 남용하면 데이터 정합성이 오히려 깨질 수 있습니다. 또한 커넥션을 추가로 점유하므로 풀 고갈 위험도 있습니다. 면접에서는 언제 쓰면 좋은지와 위험을 같이 말하는 것이 포인트입니다.		O	TRUE	X	FALSE					transaction	propagation	spring	springboot
Q680	격리 수준과 팬텀 리드(Phantom)		Backend - 언어 & 프레임워크	21	OX	HARD	Repeatable Read 격리 수준은 어떤 DB에서도 팬텀 리드를 완전히 방지한다고 보장할 수 있다.	격리 수준의 이름이 같아도 DB 구현에 따라 동작이 다를 수 있습니다. 표준 정의에서도 Repeatable Read는 팬텀 리드를 허용할 수 있는 수준으로 알려져 있으며, 팬텀을 완전히 막는 것은 Serializable이 더 직접적인 보장입니다. 일부 DB는 MVCC와 갭 락 같은 메커니즘으로 특정 조건에서 팬텀을 억제하지만, 이를 모든 상황에서의 보장으로 일반화하면 위험합니다. 실무에서는 필요한 일관성 수준을 먼저 정의하고, 실제 DB의 동작을 테스트로 확인하는 것이 중요합니다. 면접에서도 격리 수준을 암기한 티보다, 보장과 트레이드오프를 정확히 말하는지가 핵심입니다. 결론적으로 Repeatable Read가 팬텀을 완전 차단한다고 단정하는 표현은 안전하지 않습니다.		O	FALSE	X	TRUE					isolation	db	transaction	springboot
Q681	멀티 데이터소스 트랜잭션 한계		Backend - 아키텍처 패턴	20	OX	HARD	서로 다른 물리 DB 두 개를 단일 Transactional로 완전 원자적으로 묶으려면 XA 같은 분산 트랜잭션 또는 사가 보상 설계가 필요할 수 있다.	로컬 트랜잭션 매니저는 보통 하나의 데이터소스 경계에서만 원자성을 보장합니다. 두 DB에 걸친 변경을 하나의 트랜잭션처럼 만들려면 2PC 기반 XA 같은 분산 트랜잭션이 필요할 수 있습니다. 하지만 XA는 운영 복잡도와 성능 비용이 크고, 클라우드 환경에서 제약이 생기기도 합니다. 그래서 실무에서는 아웃박스, 사가, 보상 트랜잭션 같은 패턴으로 일관성을 설계하는 경우가 많습니다. 면접에서는 분산 환경에서 정합성을 어떻게 다룰지 묻는 질문으로 자주 출제됩니다. 단순히 기술로 해결한다기보다, 운영 가능한 설계를 선택하는 관점이 중요합니다.		O	TRUE	X	FALSE					distributed	transaction	architecture	springboot
Q682	아웃박스 패턴(Outbox)		Backend - 아키텍처 패턴	20	OX	HARD	Outbox 패턴은 비즈니스 데이터 변경과 이벤트 기록을 같은 DB 트랜잭션으로 저장해 발행 누락을 줄이는 데 도움이 될 수 있다.	이벤트 발행과 DB 커밋이 분리되면 한쪽만 성공하는 불일치가 생길 수 있습니다. Outbox는 같은 트랜잭션에서 변경과 이벤트 레코드를 함께 저장해, 최소한 이벤트가 기록되지 않는 문제를 줄입니다. 이후 별도 퍼블리셔가 outbox 테이블을 읽어 메시지 브로커로 전달하는 방식으로 동작합니다. 이때 중복 발행이 생길 수 있으므로, 소비자 측 멱등성이나 메시지 키 설계가 매우 중요합니다. 또한 퍼블리셔 장애, 지연, 재처리 정책을 운영 관점에서 설계해야 합니다. 면접에서는 정확히 한번 전달을 꿈꾸기보다, 현실적인 일관성 패턴을 알고 있는지 확인하는 주제로 좋습니다. Outbox는 분산 시스템 실무에서 자주 쓰이는 핵심 패턴입니다.		O	TRUE	X	FALSE					outbox	event	consistency	springboot
Q683	LazyInitializationException 원인		Backend - 언어 & 프레임워크	21	OX	HARD	LazyInitializationException은 지연 로딩 자체가 문제라서, 모든 연관 관계를 EAGER로 바꾸면 항상 최선의 해결이 된다.	LazyInitializationException은 “지연 로딩이 나쁘다”가 아니라 “영속성 컨텍스트 밖에서 지연 로딩을 시도했다”는 신호에 가깝습니다. 모든 관계를 EAGER로 바꾸면 예외는 줄 수 있지만, 조인 폭발과 과도한 로딩으로 성능이 크게 나빠질 수 있습니다. 실무에서는 서비스 계층에서 DTO 변환을 끝내고 필요한 데이터만 fetch join, EntityGraph, 배치 로딩 등으로 명확히 가져오는 방식이 더 안전합니다. 또한 OSIV 설정과 트랜잭션 경계를 이해하지 못하면 같은 문제가 다른 형태로 재발합니다. 면접에서는 “EAGER로 해결” 같은 단순 처방보다, 계층 설계와 조회 전략을 함께 설명하는 것이 중요합니다. 결국 핵심은 조회 시점과 데이터 접근 시점을 통제하는 것입니다.		O	FALSE	X	TRUE					jpa	lazy	architecture	springboot
Q684	Fetch join의 중복과 distinct		Backend - 언어 & 프레임워크	21	OX	HARD	JPQL에서 distinct를 붙이면 DB 레벨 row 중복이 완전히 제거되어 컬렉션 fetch join 페이징 문제도 항상 해결된다.	distinct는 JPQL에서 엔티티 중복을 줄이는 데 도움을 줄 수 있지만, DB row 중복을 “항상” 제거한다고 보장하기 어렵습니다. 특히 컬렉션 fetch join은 조인으로 인해 row가 증가하고, 페이징이 깨지는 근본 문제가 남을 수 있습니다. 실무에서는 컬렉션 fetch join과 페이징을 조합하지 않거나, 2단계 조회, 배치 페치, DTO 직접 조회 같은 전략을 씁니다. distinct는 상황에 따라 결과를 보기 좋게 만들 수 있지만 만능은 아닙니다. 면접에서는 “왜 페이징이 깨지나”를 row 뻥튀기 관점으로 설명할 수 있는지가 핵심입니다. 해결책은 데이터 접근 패턴에 맞춰 선택해야 합니다.		O	FALSE	X	TRUE					jpa	fetchjoin	paging	springboot
Q685	JPA 엔티티 equals hashCode		Backend - 언어 & 프레임워크	21	OX	HARD	JPA 엔티티에서 equals hashCode를 id 기반으로 구현하면 신규 엔티티(아직 id 없음)에서도 Set 동작이 항상 안전해진다.	엔티티 equals hashCode는 매우 까다로운 주제입니다. id 기반 구현은 영속화 전에는 id가 null이라 동등성 판단이 불안정해지고, Set에 넣은 뒤 persist로 id가 생기면 해시가 바뀌어 컬렉션에서 찾지 못하는 문제가 생길 수 있습니다. 실무에서는 비즈니스 키를 쓰거나, id가 부여되는 전략과 컬렉션 사용 패턴을 함께 고려해 규칙을 정합니다. 또한 프록시 클래스와의 equals 호환성도 고려해야 합니다. 면접에서는 “id 기반이 항상 안전” 같은 단정 대신, 신규 상태와 영속 상태의 차이를 설명할 수 있어야 합니다. 결론적으로 equals hashCode는 팀 컨벤션과 엔티티 생명주기까지 포함해 설계해야 합니다.		O	FALSE	X	TRUE					jpa	entity	equals	springboot
Q686	프록시와 instanceof		Backend - 언어 & 프레임워크	21	OX	HARD	Hibernate 프록시는 실제 엔티티 클래스의 서브클래스일 수 있어, 타입 검사와 equals 구현에서 주의가 필요하다.	하이버네이트는 지연 로딩을 위해 프록시 객체를 만들 수 있고, 이 프록시는 엔티티의 서브클래스 형태로 생성되기도 합니다. 이 때문에 getClass 비교로 equals를 구현하면 프록시와 실제 엔티티가 같아도 다르다고 판단될 수 있습니다. 실무에서는 Hibernate.getClass 같은 도우미를 쓰거나, instanceof 기반 비교를 신중히 적용합니다. 또한 JSON 직렬화나 로깅에서 프록시가 노출되면 예상치 못한 동작이 생길 수 있습니다. 면접에서는 프록시가 “그냥 대체 객체”가 아니라 타입 시스템에 영향을 준다는 점을 설명하면 좋습니다. 프록시를 이해하면 JPA 디버깅이 훨씬 쉬워집니다.		O	TRUE	X	FALSE					hibernate	proxy	jpa	springboot
Q687	영속성 컨텍스트 detach 영향		Backend - 언어 & 프레임워크	21	OX	HARD	엔티티를 detach하면 이후 필드 변경은 더티 체킹 대상이 아니어서 커밋 시 자동 UPDATE가 발생하지 않을 수 있다.	detach는 엔티티를 영속성 컨텍스트 관리에서 분리하는 동작입니다. 분리된 엔티티는 변경 감지 대상이 아니므로, 값을 바꿔도 커밋 시 자동 UPDATE가 발생하지 않을 수 있습니다. 실무에서는 조회 성능 최적화나 특정 시점 이후 변경을 막고 싶을 때 detach를 쓰기도 하지만, 남용하면 “왜 업데이트 안 되지” 같은 혼란을 만들 수 있습니다. 또한 detached 엔티티를 다시 반영하려면 merge 같은 동작이 필요하며, merge는 의도치 않은 덮어쓰기 위험이 있어 주의해야 합니다. 면접에서는 managed detached 상태 차이와 업데이트 동작을 설명할 수 있어야 합니다. 엔티티 생명주기 이해는 JPA 실무의 핵심입니다.		O	TRUE	X	FALSE					jpa	persistence	entity	springboot
Q688	merge의 덮어쓰기 위험		Backend - 언어 & 프레임워크	21	OX	HARD	JPA merge는 detached 엔티티의 null 필드도 그대로 반영될 수 있어 의도치 않은 데이터 덮어쓰기가 발생할 수 있다.	merge는 detached 객체 상태를 영속성 컨텍스트에 반영하는 방식인데, 이를 “부분 업데이트”로 착각하면 위험합니다. 전달된 객체에 null이 있으면 그 null이 그대로 반영되어 기존 값이 지워질 수 있습니다. 실무에서는 DTO에서 필요한 필드만 변경하는 패턴을 쓰거나, 영속 상태 엔티티를 조회한 뒤 변경할 필드만 명시적으로 set 하는 방식을 선호합니다. merge는 편리하지만 동작이 명확하지 않으면 데이터 유실로 이어질 수 있습니다. 면접에서는 merge를 무조건 쓰기보다, 왜 위험한지와 안전한 업데이트 패턴을 설명하는지가 포인트입니다.		O	TRUE	X	FALSE					jpa	merge	update	springboot
Q689	N플러스원 실수 포인트		Backend - 언어 & 프레임워크	21	OX	HARD	N플러스원 문제는 엔티티를 반환하지 않고 DTO로 변환해 응답하면 자동으로 항상 해결된다.	DTO 응답은 설계적으로 유리하지만, N플러스원은 “어떻게 조회하느냐”의 문제라 DTO를 만든다고 자동 해결되지는 않습니다. DTO 변환 과정에서 연관 엔티티에 접근하면 지연 로딩이 발생해 N플러스원이 그대로 터질 수 있습니다. 실무에서는 fetch join, EntityGraph, 배치 페치, DTO 직접 조회 같은 조회 전략을 함께 설계해야 합니다. DTO는 표현 계층 분리에 도움을 주지만, 성능 문제를 자동으로 해결하는 마법은 아닙니다. 면접에서는 N플러스원이 “접근 패턴 + 로딩 전략”의 문제라는 점을 명확히 말해야 합니다.		O	FALSE	X	TRUE					jpa	nplus1	dto	springboot
Q690	@Async와 트랜잭션 컨텍스트		Backend - 비동기 처리	19	OX	HARD	@Async로 실행되는 메서드는 기본적으로 호출한 스레드의 트랜잭션 컨텍스트를 그대로 공유한다고 볼 수 있다.	@Async는 다른 스레드에서 실행되므로, 호출 스레드의 ThreadLocal 기반 컨텍스트(트랜잭션, 보안, MDC)가 자동으로 공유되지 않는 경우가 많습니다. 그래서 비동기 메서드에서 같은 트랜잭션으로 묶일 것이라 가정하면 정합성 문제가 생길 수 있습니다. 실무에서는 비동기 작업을 별도의 트랜잭션으로 처리하거나, 이벤트를 커밋 이후에 발행하고 비동기로 처리하는 구조를 선호합니다. 또한 트랜잭션 전파와 예외 처리 정책을 명확히 해야 합니다. 면접에서는 “비동기 = 다른 스레드”라는 전제에서 컨텍스트 전파 문제를 설명할 수 있어야 합니다.		O	FALSE	X	TRUE					async	transaction	spring	springboot
Q691	@Async 예외 처리		Backend - 비동기 처리	19	OX	HARD	void 반환의 @Async 메서드에서 발생한 예외는 호출자에게 전파되지 않을 수 있어 별도 예외 처리 전략이 필요하다.	비동기 void 메서드는 호출자가 결과를 기다리지 않기 때문에 예외를 직접 받을 수 없습니다. 그래서 예외가 로그로만 남거나, 아예 놓쳐 운영에서 늦게 발견되는 문제가 생길 수 있습니다. 실무에서는 AsyncUncaughtExceptionHandler를 설정하거나, Future CompletableFuture 반환으로 예외를 관찰 가능하게 만들기도 합니다. 또한 비동기 작업 자체를 메시지 큐로 넘기고 재시도 정책을 갖추는 방식이 더 안정적일 수 있습니다. 면접에서는 “비동기 예외는 어떻게 잡나” 질문에 운영 관점으로 답하면 좋습니다.		O	TRUE	X	FALSE					async	exception	reliability	springboot
Q692	스케줄러 중복 실행(멀티 인스턴스)		Backend - 아키텍처 패턴	20	OX	HARD	스프링의 @Scheduled 작업은 애플리케이션 인스턴스가 여러 대면 각 인스턴스에서 중복 실행될 수 있다.	@Scheduled는 각 JVM 인스턴스 내부에서 트리거되므로, 서버가 수평 확장되면 동일 작업이 여러 번 실행될 수 있습니다. 실무에서는 이로 인해 중복 정산, 중복 알림 같은 사고가 발생할 수 있어 분산 락이나 리더 선출, 외부 스케줄러(Quartz 클러스터, Kubernetes CronJob) 등을 사용합니다. 단일 인스턴스 가정으로 만든 스케줄 작업은 확장 시에 큰 리스크가 됩니다. 면접에서는 “스케줄은 한 번만 실행되나요” 같은 질문에 멀티 인스턴스 관점을 말할 수 있어야 합니다.		O	TRUE	X	FALSE					scheduling	distributed	spring	springboot
Q693	@Scheduled와 트랜잭션		Backend - 언어 & 프레임워크	21	OX	HARD	@Scheduled 메서드에 @Transactional을 붙이면 실행마다 새로운 트랜잭션 경계를 둘 수 있다.	스케줄러가 호출하는 메서드에도 트랜잭션 AOP를 적용해 실행 단위로 트랜잭션을 열 수 있습니다. 실무에서는 배치성 업데이트나 만료 처리 같은 작업을 트랜잭션으로 묶어 원자성을 확보합니다. 다만 트랜잭션 범위를 너무 크게 잡으면 락 점유와 성능 문제가 커질 수 있어, 페이지 단위 처리나 배치 flush clear 전략이 필요합니다. 또한 스케줄 작업이 오래 걸리면 다음 실행과 겹치며 중복 처리 문제도 생길 수 있습니다. 면접에서는 “트랜잭션을 걸 수 있다”보다 “운영에서 안전하게 쪼개는 방법”을 말하면 더 좋습니다.		O	TRUE	X	FALSE					scheduling	transaction	batch	springboot
Q694	Bean Validation과 @RequestBody 실패		Backend - 웹 서버 기초	17	OX	HARD	@Valid가 붙은 @RequestBody DTO 검증 실패는 보통 컨트롤러 메서드 진입 전에 예외로 처리되어, 비즈니스 로직이 실행되지 않는다.	요청 바디 바인딩과 검증은 컨트롤러 호출 전에 수행되는 경우가 많습니다. 따라서 검증 실패 시 메서드 본문이 실행되기 전에 예외가 발생해 400 계열 응답으로 처리됩니다. 실무에서는 이 흐름을 전제로, 컨트롤러 안에서 null 체크를 반복하기보다 검증 규칙을 DTO에 모으는 패턴을 씁니다. 다만 전역 예외 처리에서 오류 응답 포맷을 통일하지 않으면 프론트가 처리하기 어려워집니다. 또한 바인딩 자체 실패(파싱 오류)와 검증 실패의 예외 타입이 다를 수 있어, 둘을 구분해 핸들링하는 것이 좋습니다. 면접에서는 예외 흐름을 정확히 설명할 수 있으면 강점입니다.		O	TRUE	X	FALSE					validation	springmvc	request	springboot
Q695	컨트롤러 메서드 오버로딩 매핑		Backend - 웹 서버 기초	17	OX	HARD	같은 URL과 같은 HTTP 메서드에 대해, 파라미터 시그니처가 다르면 스프링 MVC가 자동으로 두 핸들러를 구분해 항상 정상 매핑한다.	스프링 MVC의 핸들러 매핑은 자바 메서드 시그니처만으로 구분하지 않습니다. 동일 경로와 메서드가 겹치면 ambiguous mapping 에러가 나거나, params consumes produces 조건으로 구분해야 합니다. 실무에서는 같은 URL이라도 헤더나 파라미터 조건을 명시해 라우팅을 분기시키는 패턴을 사용합니다. 단순 오버로딩은 개발자가 기대한 대로 동작하지 않을 가능성이 높습니다. 면접에서는 라우팅 충돌을 어떻게 피하는지, 명시적 조건 매핑 방법을 아는지 확인할 수 있습니다. API 설계는 명확한 계약이 핵심이므로 “자동으로 된다”는 가정은 위험합니다.		O	FALSE	X	TRUE					springmvc	routing	api	springboot
Q696	컨트롤러 반환 타입과 상태 코드		Backend - 웹 서버 기초	17	OX	HARD	컨트롤러가 객체를 그대로 반환하는 방식은 항상 200 OK만 내려줄 수 있으므로 상태 코드를 세밀하게 제어할 수 없다.	객체 반환은 기본적으로 200이지만, 상태 코드를 제어하는 방법은 여러 가지가 있습니다. ResponseEntity로 감싸 상태 코드를 명시할 수 있고, ResponseStatus 애노테이션을 붙이거나 예외 매핑으로도 제어할 수 있습니다. 실무에서는 생성은 201, 삭제는 204, 검증 실패는 400처럼 HTTP 의미에 맞게 상태 코드를 설계하는 것이 중요합니다. 단순 객체 반환만 고집하면 표현력이 떨어질 수 있지만, “항상 200만 가능”은 잘못된 단정입니다. 면접에서는 상태 코드 제어 방법을 구체적으로 말할 수 있으면 좋습니다.		O	FALSE	X	TRUE					http	spring	response	springboot
Q697	Filter에서 RequestBody 읽기		Backend - 웹 서버 기초	17	OX	HARD	서블릿 필터에서 request input stream을 읽어도 이후 컨트롤러에서 @RequestBody 바인딩은 항상 정상 동작한다.	서블릿 요청 바디는 기본적으로 한 번 읽으면 소비되어 다시 읽기 어렵습니다. 필터에서 input stream을 읽어버리면, 컨트롤러에서 바디가 비어 바인딩 실패가 날 수 있습니다. 실무에서는 ContentCachingRequestWrapper 같은 래퍼로 캐싱하거나, 로깅을 컨트롤러 이후 단계로 옮기는 전략을 씁니다. 특히 보안 로깅이나 감사 로그를 위해 바디를 읽는 경우가 있는데, 이때 반드시 래핑 전략을 적용해야 합니다. 면접에서는 HTTP 바디 스트림의 일회성 특성을 이해하는지 확인하는 단골 함정입니다.		O	FALSE	X	TRUE					servlet	filter	requestbody	springboot
Q698	Spring Security 컨텍스트 누수		Backend - 인증/인가	18	OX	HARD	스레드풀 환경에서 SecurityContext를 적절히 정리하지 않으면, 인증 정보가 다른 요청에 섞이는 위험이 있을 수 있다.	SecurityContextHolder는 ThreadLocal 기반이 많고, 스레드풀은 스레드를 재사용합니다. 따라서 컨텍스트를 클리어하지 않으면 이전 요청의 인증 정보가 남아 다음 요청에 영향을 줄 수 있습니다. 스프링 시큐리티는 보통 필터 체인에서 이를 관리하지만, 커스텀 비동기 실행이나 특수한 스레드 모델에서는 누수 위험이 다시 생길 수 있습니다. 실무에서는 컨텍스트 전파와 정리를 명확히 하고, 비동기 작업에서 인증이 필요한지 자체를 재검토합니다. 인증 정보 누수는 보안 사고로 이어질 수 있으니 매우 민감한 영역입니다. 면접에서는 ThreadLocal과 스레드풀 재사용을 연결해 설명하면 깊이가 드러납니다.		O	TRUE	X	FALSE					security	threadlocal	leak	springboot
Q699	CORS와 credentials 와일드카드		Backend - 웹 서버 기초	17	OX	HARD	Access-Control-Allow-Credentials를 true로 두면 Access-Control-Allow-Origin에 별표를 사용할 수 있다.	브라우저 CORS 정책에서 credentials를 허용할 때는 origin을 명시해야 하는 제약이 있습니다. 별표를 허용하면 쿠키 같은 자격 증명이 모든 출처로 전송될 수 있어 보안상 위험하기 때문입니다. 실무에서는 허용할 origin을 리스트로 관리하거나, 요청 origin을 검증해 동적으로 설정하는 방식을 씁니다. 이 설정을 잘못하면 개발에서는 되다가 운영에서 막히거나, 반대로 보안 허점이 생길 수 있습니다. 면접에서도 CORS 함정으로 자주 나오는 포인트입니다.		O	FALSE	X	TRUE					cors	security	browser	springboot
Q700	멱등성(Idempotency) 키		Backend - 아키텍처 패턴	20	OX	HARD	결제나 주문 생성 API는 네트워크 재시도에 대비해 멱등성 키를 도입하면 중복 생성 사고를 줄이는 데 도움이 될 수 있다.	분산 환경에서는 타임아웃과 재시도가 정상적으로 발생합니다. 이때 POST 요청이 중복 처리되면 중복 결제나 중복 주문 같은 치명적 사고가 납니다. 멱등성 키는 같은 요청을 식별해 서버가 “이미 처리된 요청”으로 판단하고 동일 결과를 반환하도록 돕습니다. 실무에서는 키 저장소(DB 또는 Redis), 만료 정책, 키-요청 바디 매칭 검증 같은 설계가 필요합니다. 또한 멱등성은 DB 유니크 제약과 함께 사용할 때 더 안전해집니다. 면접에서는 멱등성을 HTTP 의미론뿐 아니라 운영 사고 방지 관점으로 설명하면 좋습니다.		O	TRUE	X	FALSE					idempotency	api	reliability	springboot
Q701	레이트 리미팅(Rate limiting) 위치		Backend - 웹 서버 기초	17	OX	HARD	레이트 리미팅은 애플리케이션 코드만으로 구현해도 충분하므로, 게이트웨이나 프록시 계층에 둘 필요가 없다.	레이트 리미팅은 어디에 두느냐가 매우 중요합니다. 애플리케이션 내부에서도 가능하지만, 트래픽이 애플리케이션까지 도달한 뒤 차단하면 이미 자원을 소모한 뒤입니다. 실무에서는 API Gateway, L7 프록시(Nginx, Envoy), WAF 등 앞단에서 차단하는 편이 효율적이고 안전합니다. 물론 비즈니스 규칙 기반 제한은 애플리케이션에서 해야 할 때도 있어, 계층별로 역할을 나누는 설계가 일반적입니다. 또한 분산 환경에서는 사용자별 카운트 공유가 필요해 Redis 같은 저장소가 필요할 수 있습니다. 면접에서는 “한 곳에만 두면 된다”가 아니라, 목적에 따라 위치를 분리하는 관점을 말하면 좋습니다.		O	FALSE	X	TRUE					ratelimit	gateway	security	springboot
Q702	직렬화 설정과 API 호환성		Backend - 언어 & 프레임워크	21	OX	HARD	Jackson 설정 변경(예: 날짜 포맷, null 포함 여부)은 클라이언트와의 API 계약을 깨뜨릴 수 있어 하위 호환성을 고려해야 한다.	직렬화는 API의 “표면”이라 작은 설정 변화도 클라이언트에 큰 영향을 줍니다. 날짜 포맷이 바뀌면 파싱이 깨지고, null 필드 포함 여부가 바뀌면 프론트의 렌더링 로직이 달라질 수 있습니다. 실무에서는 직렬화 설정을 전역으로 바꾸기 전에 영향 범위를 점검하고, 필요하면 특정 DTO에만 적용하거나 버저닝을 고려합니다. 또한 테스트에서 스냅샷 형태로 응답 스펙을 검증해 회귀를 막는 방법도 유용합니다. 면접에서는 “설정은 자유롭게 바꾸면 된다”가 아니라, 계약과 호환성 관점으로 설명하면 좋습니다. 결국 API는 외부와의 약속이기 때문에 변경 관리가 중요합니다.		O	TRUE	X	FALSE					jackson	api	compatibility	springboot
Q703	체크 예외 롤백(Checked exception rollback)		Backend - 언어 & 프레임워크	21	OX	HARD	기본 설정에서 트랜잭션은 RuntimeException이나 Error에 주로 롤백되며, checked exception은 롤백되지 않을 수 있다.	스프링 트랜잭션은 예외 종류에 따라 기본 롤백 규칙이 다릅니다. 일반적으로 RuntimeException과 Error 계열은 롤백 대상으로 간주됩니다. 반면 checked exception은 기본 규칙에서 롤백 대상이 아닐 수 있어, 예외를 던졌는데도 커밋되는 상황이 생길 수 있습니다. 실무에서는 이 차이 때문에 데이터 일부가 저장되는 사고가 나기도 합니다. 면접에서는 왜 이런 기본값이 있는지와, 롤백 정책을 어떻게 설계하는지까지 말하면 좋습니다. 결국 예외 정책과 트랜잭션 정책은 반드시 함께 정의되어야 합니다.		O	TRUE	X	FALSE					transaction	rollback	spring	springboot
Q704	rollbackFor 설정(rollbackFor)		Backend - 언어 & 프레임워크	21	OX	HARD	rollbackFor를 지정하면 checked exception도 롤백 대상으로 포함시킬 수 있다.	rollbackFor는 트랜잭션 롤백 규칙을 명시적으로 확장하는 옵션입니다. checked exception이 비즈니스 실패를 의미하는 경우에는 rollbackFor로 롤백을 강제하는 설계가 필요할 수 있습니다. 실무에서는 도메인 예외 계층을 만들고 어떤 예외가 롤백을 유발해야 하는지 정책으로 관리합니다. 무조건 rollbackFor를 크게 잡으면 정상적인 예외 처리 흐름도 전부 롤백되어 부작용이 생길 수 있습니다. 면접에서는 단순 기능 설명보다, 언제 지정해야 안전한지 기준을 말하면 좋습니다.		O	TRUE	X	FALSE					transaction	rollbackfor	exception	springboot
Q705	중첩 트랜잭션(Nested)		Backend - 언어 & 프레임워크	21	OX	HARD	Propagation NESTED는 보통 세이브포인트 기반으로 부분 롤백을 가능하게 하며, 데이터베이스가 세이브포인트를 지원해야 의미가 있다.	NESTED는 기존 트랜잭션 안에서 세이브포인트를 만들고, 내부 작업만 되돌리는 방식으로 사용될 수 있습니다. REQUIRES_NEW처럼 완전히 독립 트랜잭션을 만드는 것과는 목적이 다릅니다. 실무에서는 일부 작업 실패만 되돌리고 전체는 유지하고 싶을 때 고려합니다. 다만 세이브포인트 지원 여부나 트랜잭션 매니저 구현에 따라 기대 동작이 달라질 수 있습니다. 면접에서는 NESTED와 REQUIRES_NEW를 비교해서 설명할 수 있어야 합니다. 결국 부분 롤백이 진짜 필요한지부터 설계를 점검하는 것이 핵심입니다.		O	TRUE	X	FALSE					transaction	propagation	nested	springboot
Q706	직렬화 격리 수준(Serializable)		Backend - 언어 & 프레임워크	21	OX	HARD	Serializable 격리 수준은 모든 DB에서 항상 테이블 락으로만 구현된다.	격리 수준은 표준 개념이지만 구현 방식은 DB마다 다를 수 있습니다. Serializable이 가장 강한 격리 수준이라는 점은 공통이지만, 이를 테이블 락으로만 구현한다고 단정할 수는 없습니다. 어떤 DB는 MVCC와 추가 검증, 범위 락 같은 다양한 기법으로 직렬화 수준을 달성합니다. 실무에서는 구현 방식에 따라 성능 특성과 데드락 패턴이 달라질 수 있어 테스트가 중요합니다. 면접에서는 격리 수준의 목적과 트레이드오프를 말하고, 구현은 DB별로 확인해야 한다는 관점을 보이면 좋습니다. 결론적으로 구현을 하나로 고정해서 말하면 위험합니다.		O	FALSE	X	TRUE					isolation	db	transaction	springboot
Q707	커넥션 풀 수명(maxLifetime)		Backend - 웹 서버 기초	17	OX	HARD	HikariCP 같은 커넥션 풀에서 maxLifetime은 DB의 커넥션 종료 타임아웃보다 짧게 잡는 것이 안전한 경우가 많다.	운영에서 DB가 오래된 커넥션을 끊는 정책이 있을 수 있습니다. 이때 풀은 살아 있다고 믿고 커넥션을 주지만, 실제로는 끊긴 커넥션이라 에러가 발생할 수 있습니다. maxLifetime을 DB 종료 정책보다 약간 짧게 두면, 풀에서 미리 교체해 오류를 줄이는 데 도움이 됩니다. 실무에서는 idleTimeout, keepaliveTime, validation 전략과 함께 조정합니다. 면접에서는 커넥션 풀 튜닝이 단순 성능이 아니라 안정성 이슈라는 점을 말하면 좋습니다. 설정은 환경마다 달라서 관측 기반으로 조정해야 합니다.		O	TRUE	X	FALSE					hikari	datasource	stability	springboot
Q708	인터페이스 트랜잭션 애노테이션		Backend - 언어 & 프레임워크	21	OX	HARD	JDK 동적 프록시를 쓰는 경우 인터페이스 메서드에 선언된 Transactional 메타데이터가 적용될 수 있다.	스프링 AOP는 프록시가 어떤 타입을 기반으로 만들어지는지에 따라 메타데이터를 해석하는 경로가 달라질 수 있습니다. JDK 동적 프록시는 인터페이스를 프록시하므로, 인터페이스 메서드에 붙은 트랜잭션 정보가 활용될 수 있습니다. 반대로 클래스 기반 프록시에서는 구현체 기준으로 동작하는 경우가 흔합니다. 실무에서는 팀 규칙으로 구현체에 붙이는 방식을 통일해 혼란을 줄이기도 합니다. 면접에서는 프록시 방식에 따라 애노테이션 해석 위치가 달라질 수 있다는 점을 설명하면 좋습니다. 결국 중요한 것은 일관된 선언 위치와 테스트로 보장하는 것입니다.		O	TRUE	X	FALSE					spring	aop	transaction	springboot
Q709	private 메서드 트랜잭션		Backend - 언어 & 프레임워크	21	OX	HARD	일반적인 프록시 기반 AOP에서 private 메서드에 Transactional을 붙여도 기대대로 적용되기 어렵다.	프록시는 보통 외부에서 호출되는 메서드를 가로채는 구조입니다. private 메서드는 외부에서 프록시를 통해 호출되기 어렵고, 내부 호출로 실행되는 경우가 많습니다. 그 결과 트랜잭션이 걸릴 것이라 기대했는데 실제로는 적용되지 않는 문제가 생길 수 있습니다. 실무에서는 트랜잭션 경계를 public 서비스 메서드에 두고 내부는 순수 로직으로 구성하는 패턴이 안전합니다. 면접에서는 왜 private에는 잘 안 걸리는지 프록시 원리로 설명할 수 있어야 합니다. 트랜잭션은 선언 위치가 곧 설계 규칙이 됩니다.		O	TRUE	X	FALSE					aop	proxy	transaction	springboot
Q710	캐시 키와 null 파라미터		Backend - 아키텍처 패턴	20	OX	HARD	기본 캐시 키 생성기는 null 파라미터가 포함되어도 일반적으로 예외 없이 키를 생성할 수 있다.	캐시에서 가장 위험한 부분은 키 설계입니다. 기본 키 생성기는 파라미터 목록을 조합해 키를 만들기 때문에 null이 들어와도 처리 가능한 경우가 많습니다. 하지만 null이 의미하는 바가 호출마다 다르면, 같은 키로 뭉쳐져 잘못된 캐시 히트가 날 수 있습니다. 실무에서는 null이 허용되는 입력이라면 키 정책을 명확히 두고 테스트로 검증해야 합니다. 또한 사용자별 데이터가 섞이지 않도록 인증 정보나 테넌트 정보가 키에 포함되어야 하는 경우도 있습니다. 면접에서는 캐시 키가 보안과 정확성 이슈라는 관점을 말하면 좋습니다.		O	TRUE	X	FALSE					cache	key	spring	springboot
Q711	보안 매처 순서(Security matcher order)		Backend - 인증/인가	18	OX	HARD	Spring Security의 인가 규칙은 선언 순서가 의미를 갖는 경우가 있어, 더 구체적인 규칙을 먼저 두는 것이 안전하다.	보안 규칙은 매칭이 먼저 되는 항목이 적용되는 형태로 동작할 수 있습니다. 넓은 패턴을 먼저 두면, 뒤에 있는 더 구체적인 규칙이 도달하지 못해 의도와 다른 허용이 생길 수 있습니다. 실무에서는 deny와 permit, role 기반 규칙의 우선순위를 명확히 정합니다. 또한 규칙 변경 시 회귀 테스트가 없으면 보안이 조용히 깨지는 위험이 큽니다. 면접에서는 패턴 매칭과 우선순위, 그리고 테스트로 안전장치를 두는 방법을 말하면 좋습니다. 보안은 기능이 아니라 정책입니다.		O	TRUE	X	FALSE					security	matcher	authorize	springboot
Q712	JWT 서명과 암호화(Sign vs Encrypt)		Backend - 인증/인가	18	OX	HARD	JWT 서명은 토큰의 내용을 암호화하여 클라이언트가 내용을 볼 수 없게 만든다.	서명은 무결성 검증을 위한 것이지 내용 숨김을 위한 암호화가 아닙니다. 일반적인 JWT는 Base64Url로 인코딩되어 있어 누구나 페이로드를 읽을 수 있습니다. 서명은 토큰이 위변조되지 않았음을 검증하는 수단으로 동작합니다. 내용을 숨기려면 JWE 같은 암호화된 토큰 설계가 필요합니다. 실무에서는 민감 정보를 JWT 페이로드에 넣지 않는 것이 원칙입니다. 면접에서는 서명과 암호화를 명확히 구분하면 보안 기본기가 드러납니다.		O	FALSE	X	TRUE					jwt	security	signature	springboot
Q713	CSRF 보호 대상 메서드		Backend - 인증/인가	18	OX	HARD	기본 CSRF 보호는 GET 요청도 CSRF 토큰이 없으면 차단한다.	CSRF는 주로 상태 변경을 유발하는 요청을 방어하기 위한 모델입니다. 일반적으로 GET은 안전한 메서드로 간주되어 기본 방어 대상에서 제외되는 경우가 많습니다. 실제로 방어는 POST PUT DELETE 같은 메서드에 집중되는 설계가 흔합니다. 실무에서는 GET이 상태를 변경하지 않도록 API 의미론을 지키는 것이 CSRF 방어의 기본 전제입니다. 면접에서는 어떤 메서드가 보호 대상인지와, 왜 그렇게 설계되는지 이유까지 말하면 좋습니다. CSRF는 설정만이 아니라 API 설계 규칙과 함께 갑니다.		O	FALSE	X	TRUE					csrf	http	security	springboot
Q714	WebMvcTest 슬라이스 테스트		Backend - 테스트	22	OX	HARD	WebMvcTest는 보통 MVC 계층 중심으로 컨텍스트를 구성하며, 서비스나 리포지토리 빈을 기본으로 전부 로딩하지는 않는다.	슬라이스 테스트는 특정 계층만 빠르게 검증하기 위한 전략입니다. WebMvcTest는 컨트롤러와 관련된 구성 요소를 중심으로 로딩해 실행 속도가 빠릅니다. 대신 서비스나 리포지토리는 직접 주입되지 않을 수 있어, MockBean 등으로 대체하는 방식이 필요합니다. 실무에서는 컨트롤러의 요청 바인딩, 검증, 상태 코드, 에러 포맷을 집중적으로 테스트할 때 유용합니다. 면접에서는 단위 테스트와 통합 테스트를 어떤 기준으로 나누는지 질문이 자주 나옵니다. 슬라이스 테스트는 테스트 피라미드 설계에서 중요한 도구입니다.		O	TRUE	X	FALSE					test	webmvctest	spring	springboot
Q715	DataJpaTest와 내장 DB 우선		Backend - 테스트	22	OX	HARD	DataJpaTest는 내장형 데이터베이스가 클래스패스에 있으면 이를 우선 사용하도록 자동 구성되는 경우가 많다.	DataJpaTest는 JPA 계층을 빠르게 검증하는 데 초점을 둡니다. 환경에 따라 내장 DB를 자동으로 띄워 테스트를 단순화하는 동작이 흔합니다. 이 덕분에 로컬에서 빠르게 리포지토리 쿼리와 매핑을 확인할 수 있습니다. 다만 운영 DB와 방언이나 락 동작이 달라, 중요한 쿼리는 실제 DB 기반 테스트도 필요합니다. 실무에서는 내장 DB 테스트와 Testcontainers 같은 실DB 테스트를 조합하기도 합니다. 면접에서는 왜 테스트 환경이 다른지와 보완 전략을 말하면 좋습니다.		O	TRUE	X	FALSE					test	jpa	database	springboot
Q716	MockMvc 서버 기동 여부		Backend - 테스트	22	OX	HARD	MockMvc는 실제 내장 서버를 띄우지 않고도 DispatcherServlet 레벨의 요청 흐름을 테스트할 수 있다.	MockMvc는 네트워크를 타지 않고도 요청 처리 흐름을 검증할 수 있게 해줍니다. 그래서 빠르고 안정적인 테스트를 만들 수 있습니다. 컨트롤러 매핑, 검증, 메시지 컨버터, 예외 처리 같은 요소를 집중적으로 확인할 수 있습니다. 다만 실제 필터 체인, 포트 리스닝, 네트워크 레벨 이슈는 검증 범위 밖일 수 있습니다. 실무에서는 MockMvc와 실제 서버 기동 테스트를 목적에 따라 나눕니다. 면접에서는 테스트 범위와 한계를 명확히 설명하면 좋습니다.		O	TRUE	X	FALSE					mockmvc	test	mvc	springboot
Q717	SpringBootTest RANDOM_PORT		Backend - 테스트	22	OX	HARD	SpringBootTest에서 webEnvironment를 RANDOM_PORT로 두면 실제 내장 서버가 기동되어 HTTP 레벨로 통합 테스트를 구성할 수 있다.	RANDOM_PORT는 충돌을 피하면서 실제 서버를 띄우는 테스트 방식입니다. 이 방식은 라우팅, 필터, 시큐리티, 직렬화까지 실제에 가까운 경로로 검증할 수 있습니다. 반면 테스트 비용이 크고 느려지므로, 모든 테스트를 이 방식으로 만들면 빌드 시간이 과도하게 늘 수 있습니다. 실무에서는 핵심 플로우만 통합 테스트로 두고, 나머지는 슬라이스나 단위 테스트로 커버합니다. 또한 외부 의존성(DB, 메시지 브로커)은 테스트 더블 또는 컨테이너로 대체해야 안정적입니다. 면접에서는 테스트 전략을 균형 있게 말하는 것이 중요합니다.		O	TRUE	X	FALSE					springboottest	integration	http	springboot
Q718	Configuration 프록시(proxyBeanMethods)		Backend - 언어 & 프레임워크	21	OX	HARD	Configuration에서 proxyBeanMethods가 true이면 같은 클래스 안에서 Bean 메서드를 호출해도 보통 싱글톤 인스턴스를 반환하도록 가로챌 수 있다.	Configuration 클래스는 빈 팩토리 역할을 하며, 프록시로 Bean 메서드 호출을 가로채는 방식이 사용될 수 있습니다. 이때 proxyBeanMethods가 true면, 내부에서 같은 Bean 메서드를 여러 번 호출해도 컨테이너가 관리하는 동일 인스턴스를 반환하도록 동작하는 경우가 많습니다. 실무에서는 이 특성 덕분에 Bean 간 의존성을 메서드 호출로 자연스럽게 표현할 수 있습니다. 다만 프록시 비용이 있고, 호출 경로에 대한 이해가 없으면 디버깅이 어려울 수 있습니다. 면접에서는 왜 프록시가 필요한지와 어떤 상황에서 false로 둘지까지 말하면 좋습니다. 설정 최적화는 원리 이해가 전제입니다.		O	TRUE	X	FALSE					configuration	bean	proxy	springboot
Q719	proxyBeanMethods false의 함정		Backend - 언어 & 프레임워크	21	OX	HARD	proxyBeanMethods가 false인 설정 클래스에서 Bean 메서드를 직접 호출하면 새 객체가 생성되어 싱글톤 보장이 깨질 수 있다.	proxyBeanMethods를 false로 두면 프록시 가로채기가 줄어들어 성능이 좋아질 수 있습니다. 하지만 같은 설정 클래스 안에서 Bean 메서드를 직접 호출하면 컨테이너를 거치지 않아 새 인스턴스가 만들어질 위험이 있습니다. 이 문제는 로컬 테스트에서는 티가 안 나다가, 운영에서 상태 불일치로 나타날 수 있습니다. 실무에서는 false로 둘 때는 Bean 메서드 간 직접 호출을 피하고, 의존성은 파라미터 주입 방식으로 구성하는 것이 안전합니다. 면접에서는 이 옵션을 아는 것보다, 언제 쓰면 위험한지 설명하는지가 핵심입니다. 최적화는 안전장치와 함께 가야 합니다.		O	TRUE	X	FALSE					springboot	configuration	singleton	
Q720	ConditionalOnMissingBean 오버라이드		Backend - 언어 & 프레임워크	21	OX	HARD	ConditionalOnMissingBean으로 등록된 자동 구성 빈은 사용자가 같은 타입의 빈을 정의하면 대체될 수 있다.	자동 구성은 기본값을 제공하고, 사용자가 원하는 경우 교체할 수 있게 설계됩니다. ConditionalOnMissingBean은 동일한 타입 또는 조건의 빈이 없을 때만 자동 구성을 적용하는 방식입니다. 실무에서는 이 패턴 덕분에 스타터를 쓰면서도 커스터마이징이 가능합니다. 다만 같은 타입 빈이 여러 개일 때는 Primary, Qualifier 정책이 복잡해질 수 있습니다. 면접에서는 자동 구성 철학과 오버라이드 전략을 말하면 좋습니다. 결국 스프링 부트는 합리적 기본값과 확장 지점을 제공하는 프레임워크입니다.		O	TRUE	X	FALSE					autoconfig	condition	springboot	
Q721	AutoConfigureBefore After		Backend - 언어 & 프레임워크	21	OX	HARD	자동 구성 클래스의 적용 순서는 AutoConfigureBefore나 AutoConfigureAfter 같은 메타데이터로 일부 제어할 수 있다.	자동 구성은 순서에 따라 빈 선택과 조건 평가 결과가 달라질 수 있습니다. 그래서 특정 자동 구성이 먼저 적용되거나 나중에 적용되도록 조정해야 할 때가 있습니다. AutoConfigureBefore After는 이런 순서 관계를 표현하는 도구입니다. 실무에서는 커스텀 스타터를 만들 때 기존 자동 구성과의 충돌을 해결하는 데 사용됩니다. 하지만 순서만으로 모든 문제가 해결되지는 않으며, 조건 설계가 함께 맞아야 합니다. 면접에서는 자동 구성은 단순 마법이 아니라 정해진 규칙과 순서에 의해 조립된다는 점을 설명하면 좋습니다.		O	TRUE	X	FALSE					autoconfig	order	spring	
Q722	메시지 컨버터 선택 기준		Backend - 웹 서버 기초	17	OX	HARD	스프링 MVC에서 어떤 메시지 컨버터가 선택되는지는 주로 Content Type과 Accept 같은 헤더 협상 결과에 영향을 받는다.	요청과 응답의 직렬화 방식은 헤더 협상에 의해 결정되는 경우가 많습니다. 요청 바디 파싱은 Content Type을 보고 어떤 포맷인지 판단합니다. 응답 직렬화는 클라이언트의 Accept와 서버가 제공 가능한 타입을 비교해 선택될 수 있습니다. 실무에서는 헤더가 빠지거나 잘못되면 415 또는 406 같은 오류가 발생할 수 있어 디버깅 포인트가 됩니다. 또한 같은 컨트롤러라도 produces 설정에 따라 결과가 달라질 수 있습니다. 면접에서는 메시지 컨버터가 왜 필요한지와 선택 규칙을 설명하면 좋습니다.		O	TRUE	X	FALSE					springmvc	converter	http	spring
Q723	ResponseEntity와 헤더 제어		Backend - 웹 서버 기초	17	OX	HARD	ResponseEntity를 사용하면 상태 코드뿐 아니라 응답 헤더도 명시적으로 제어할 수 있다.	ResponseEntity는 스프링 MVC에서 응답을 “완성된 형태”로 구성하기 위한 도구입니다. 단순히 바디만 반환하는 방식과 달리, 상태 코드와 헤더를 함께 지정할 수 있어 API 계약을 정교하게 만들 수 있습니다. 실무에서는 Location 헤더로 리소스 생성 위치를 안내하거나, 캐시 정책 헤더를 지정하거나, 파일 다운로드 헤더를 세팅할 때 자주 사용합니다. 또한 컨트롤러에서 일관된 응답 포맷을 만들 때도 유용하지만, 너무 남발하면 코드가 장황해질 수 있습니다. 면접에서는 언제 객체 반환으로 충분하고 언제 ResponseEntity가 필요한지 기준을 말하면 좋습니다. 결국 표현력과 일관성의 균형이 중요합니다.		O	TRUE	X	FALSE					springmvc	http	response	spring
Q724	406 Not Acceptable		Backend - 웹 서버 기초	17	OX	HARD	클라이언트의 Accept 헤더가 서버가 제공할 수 있는 응답 타입과 맞지 않으면 406 Not Acceptable이 발생할 수 있다.	응답 직렬화는 서버가 제공 가능한 타입과 클라이언트가 원하는 타입의 협상 결과로 결정됩니다. Accept 헤더가 너무 제한적이거나, 서버의 메시지 컨버터 구성이 맞지 않으면 406이 발생할 수 있습니다. 실무에서는 브라우저나 프록시가 넣는 Accept 때문에 예상치 못한 협상 문제가 생기기도 합니다. 또한 produces 설정을 과도하게 제한하면 특정 클라이언트가 접근하지 못하는 문제가 생길 수 있습니다. 면접에서는 415와 406의 차이를 명확히 구분할 수 있어야 합니다. 415는 요청 바디 미디어 타입 문제이고, 406은 응답 타입 협상 실패에 가깝습니다. 이런 구분은 운영 장애 대응에서 큰 도움이 됩니다.		O	TRUE	X	FALSE					http	contentnegotiation	spring	springboot
Q725	HandlerMethodArgumentResolver		Backend - 웹 서버 기초	17	OX	HARD	스프링 MVC는 ArgumentResolver 확장을 통해 컨트롤러 파라미터 바인딩 방식을 커스터마이징할 수 있다.	컨트롤러 파라미터는 RequestParam PathVariable RequestBody 같은 기본 방식으로 바인딩되지만, 내부적으로는 ArgumentResolver 체계로 확장 가능합니다. 실무에서는 로그인 사용자 객체를 자동 주입하거나, 공통 페이징 객체를 커스텀 규칙으로 해석하는 등의 요구가 자주 생깁니다. 이때 Resolver를 만들면 컨트롤러 코드가 반복되는 것을 크게 줄일 수 있습니다. 다만 바인딩 규칙이 지나치게 마법처럼 숨겨지면 팀원들이 동작을 이해하기 어려워질 수 있어 문서화와 테스트가 중요합니다. 면접에서는 “컨트롤러 파라미터는 어떻게 주입되나” 질문에 Resolver 개념을 말하면 깊이가 드러납니다. 확장은 강력하지만 유지보수성을 함께 고려해야 합니다.		O	TRUE	X	FALSE					springmvc	resolver	extensibility	spring
Q726	@ControllerAdvice 적용 범위		Backend - 웹 서버 기초	17	OX	HARD	ControllerAdvice는 basePackages 같은 조건을 통해 적용 범위를 제한할 수 있다.	전역 예외 처리는 편하지만, 모듈이 커지면 모든 컨트롤러에 동일 정책을 강제하는 것이 오히려 문제를 만들 수 있습니다. ControllerAdvice는 적용 대상을 패키지나 애노테이션 기준으로 제한할 수 있어, API 모듈별로 다른 에러 포맷이나 정책을 운영하는 데 도움이 됩니다. 실무에서는 관리자 API와 공개 API의 에러 상세도를 다르게 두는 경우가 있고, 이때 범위 제한이 유용합니다. 다만 예외 매핑이 분산되면 어떤 예외가 어디서 처리되는지 추적이 어려워질 수 있습니다. 그래서 범위를 나눌 때는 규칙을 명확히 하고 테스트를 두는 것이 좋습니다. 면접에서는 전역 처리도 “범위와 정책”이 있다는 점을 설명하면 좋습니다.		O	TRUE	X	FALSE					exception	controlleradvice	spring	springboot
Q727	토큰 vs 세션(저장 위치)		Backend - 인증/인가	18	OX	HARD	세션 기반 인증은 서버가 인증 상태를 저장하는 반면, JWT 같은 토큰 기반은 인증 상태를 토큰에 담아 전달하는 경향이 있다.	세션 기반 인증은 서버가 상태를 유지하므로 로그아웃, 강제 만료 같은 제어가 쉽습니다. 반면 토큰 기반은 서버가 상태를 덜 가지는 형태로 설계되지만, 토큰이 유출되면 만료 전까지 악용될 수 있어 대응 전략이 필요합니다. 실무에서는 토큰의 짧은 만료 시간, 리프레시 토큰, 블랙리스트, 키 롤오버 같은 운영 설계를 함께 둡니다. 또한 완전한 무상태를 목표로 하더라도 사용자 단위 정책 때문에 일부 상태 저장이 다시 필요해지기도 합니다. 면접에서는 “토큰이 더 좋다” 같은 단정 대신, 트레이드오프와 운영 관점(폐기, 회수, 확장)을 말하면 좋습니다. 인증은 기술 선택이 아니라 시스템 요구를 만족시키는 설계입니다.		O	TRUE	X	FALSE					auth	session	jwt	spring
Q728	Refresh Token 저장 전략		Backend - 인증/인가	18	OX	HARD	리프레시 토큰을 서버에 저장하고 회전시키면, 액세스 토큰 탈취 대응과 세션 회수 관점에서 유리할 수 있다.	액세스 토큰은 짧게, 리프레시는 길게 가져가는 설계가 흔합니다. 리프레시 토큰을 서버에 저장하면 특정 사용자 또는 특정 디바이스의 세션을 강제로 만료시키는 전략이 가능해집니다. 또한 리프레시 토큰을 회전시키면, 탈취된 리프레시 토큰의 재사용을 탐지하고 차단하는 데 도움이 됩니다. 실무에서는 저장소 선택(DB Redis), 만료 정책, 디바이스 식별, 재사용 탐지 로직을 함께 설계해야 합니다. 단순히 토큰만 발급하면 운영에서 통제가 어려워져 보안 사고 대응이 힘듭니다. 면접에서는 토큰 인증도 결국 “세션 관리” 문제라는 관점을 말하면 좋습니다.		O	TRUE	X	FALSE					security	token	refresh	spring
Q729	Method Security와 SpEL		Backend - 인증/인가	18	OX	HARD	PreAuthorize에서 SpEL을 사용하면 파라미터나 인증 정보 기반으로 세밀한 접근 제어를 표현할 수 있다.	메서드 보안은 URL 레벨 보안으로 표현하기 어려운 규칙을 다룰 때 유용합니다. SpEL을 사용하면 현재 인증 사용자, 메서드 파라미터, 리턴 값 등을 기반으로 세밀한 정책을 표현할 수 있습니다. 실무에서는 “내 리소스만 접근 가능” 같은 규칙을 구현할 때 많이 씁니다. 다만 표현식이 복잡해지면 유지보수가 어렵고, 성능에도 영향을 줄 수 있어 권한 로직을 서비스로 분리하는 전략이 필요합니다. 또한 표현식 기반 보안은 테스트가 없으면 쉽게 깨집니다. 면접에서는 URL 보안과 메서드 보안을 언제 나누는지 기준을 말하면 좋습니다.		O	TRUE	X	FALSE					security	spel	authorization	spring
Q730	비동기 이벤트와 정합성		Backend - 비동기 처리	19	OX	HARD	DB 커밋 전에 외부 메시지를 발행하면, 롤백 시 외부 시스템에는 이미 이벤트가 전달되어 정합성 문제가 생길 수 있다.	분산 시스템에서 가장 흔한 정합성 사고는 “커밋과 발행의 타이밍 불일치”입니다. DB 변경이 롤백되었는데 외부에는 이미 이벤트가 나가면, 외부 시스템은 존재하지 않는 상태를 전제로 동작할 수 있습니다. 실무에서는 트랜잭션 이벤트 AFTER_COMMIT, 아웃박스 패턴, 또는 메시지 트랜잭션을 설계해 이런 문제를 줄입니다. 또한 외부 메시지 발행 실패에 대한 재시도와 중복 처리(멱등성)도 필수입니다. 면접에서는 단순히 비동기를 쓰는 게 아니라, 정합성을 어떻게 보장할지 설계 관점을 말하는지가 포인트입니다. 이벤트는 편하지만 운영 난이도가 높습니다.		O	TRUE	X	FALSE					event	consistency	distributed	springboot
Q731	Circuit Breaker와 타임아웃		Backend - 아키텍처 패턴	20	OX	HARD	서킷 브레이커는 보통 타임아웃과 재시도 정책과 함께 설계해야 연쇄 장애를 줄이는 데 도움이 된다.	서킷 브레이커는 장애가 난 의존성을 빠르게 차단해 시스템 전체 붕괴를 막는 패턴입니다. 하지만 타임아웃이 없으면 호출이 오래 걸리며 스레드가 고갈될 수 있고, 재시도가 무분별하면 트래픽 폭탄이 되어 오히려 장애를 키울 수 있습니다. 실무에서는 타임아웃, 재시도(백오프), 벌크헤드, 폴백을 함께 구성해 “장애 전파”를 차단합니다. 또한 모니터링 지표를 보고 임계치와 윈도우 설정을 조정해야 합니다. 면접에서는 패턴 이름보다, 왜 같이 써야 하는지와 운영 튜닝 포인트를 말하면 좋습니다. 결국 회복 탄력성은 조합 설계입니다.		O	TRUE	X	FALSE					resilience	circuitbreaker	timeout	springboot
Q732	Retry의 위험(Thundering herd)		Backend - 아키텍처 패턴	20	OX	HARD	재시도는 장애 상황에서 항상 성공 확률을 높이므로 무조건 많이 걸수록 좋다.	재시도는 일시적 장애에는 도움이 되지만, 장애가 지속될 때는 트래픽을 증폭시켜 시스템을 더 망가뜨릴 수 있습니다. 특히 많은 클라이언트가 동시에 재시도하면 순간적으로 부하가 폭증하는 thundering herd 현상이 생깁니다. 실무에서는 지수 백오프, 지터, 최대 시도 횟수 제한, 서킷 브레이커와 결합 같은 안전장치가 필수입니다. 또한 어떤 오류에만 재시도할지(타임아웃, 5xx 등) 조건을 정해야 합니다. 면접에서는 재시도는 “정책”이고 부작용이 크다는 점을 말하면 좋습니다. 무조건 재시도는 운영 사고로 이어지기 쉽습니다.		O	FALSE	X	TRUE					retry	resilience	backoff	springboot
Q733	Bulkhead 격리		Backend - 아키텍처 패턴	20	OX	HARD	벌크헤드는 특정 의존성 호출로 스레드나 커넥션이 고갈되더라도 다른 기능이 같이 죽지 않도록 자원을 격리하는 패턴이다.	벌크헤드는 배 한 칸이 침수돼도 전체가 가라앉지 않게 구획을 나누는 비유에서 나온 패턴입니다. 실무에서는 외부 API 호출 전용 스레드풀, DB 커넥션 풀 분리, 큐 분리 같은 방식으로 자원을 격리합니다. 이렇게 하면 한 기능의 장애가 전체 서비스 장애로 번지는 것을 막을 수 있습니다. 다만 자원을 쪼개면 유휴 자원이 생기거나 튜닝 포인트가 늘어 운영 복잡도가 올라갑니다. 면접에서는 격리의 목적과 비용을 함께 말하는 것이 좋습니다. 회복 탄력성은 결국 자원 관리 전략입니다.		O	TRUE	X	FALSE					bulkhead	resilience	architecture	springboot
Q734	Java 가시성(volatile)		언어 중심 - Java	94	OX	HARD	volatile은 원자적 연산을 보장하므로 i++ 같은 복합 연산도 경쟁 조건 없이 안전해진다.	volatile은 메모리 가시성을 보장해, 한 스레드의 변경이 다른 스레드에 보이도록 돕습니다. 하지만 i++는 읽기-증가-쓰기의 복합 연산이라 원자성이 필요하며, volatile만으로는 경쟁 조건을 막지 못합니다. 실무에서는 AtomicInteger, synchronized, Lock 같은 동기화 도구로 원자성을 보장해야 합니다. 면접에서는 volatile이 “가시성”이고 “원자성”이 아니라는 점을 정확히 구분하는지 자주 봅니다. 이 구분을 못 하면 멀티스레딩 버그를 만들 가능성이 큽니다. 결론적으로 volatile은 만능이 아니며, 목적에 맞는 동기화 수단을 선택해야 합니다.		O	FALSE	X	TRUE					java	concurrency	volatile	
Q735	happens-before와 synchronized		언어 중심 - Java	94	OX	HARD	synchronized 블록의 진입과 종료는 happens-before 관계를 형성해 가시성과 순서 보장에 영향을 준다.	자바 메모리 모델에서 happens-before는 한 작업의 결과가 다른 작업에 보이는 순서를 정의합니다. synchronized는 락 획득과 해제 시점에 메모리 배리어 역할을 하여, 임계 구역 안의 변경이 다른 스레드에 일관되게 보이도록 돕습니다. 실무에서는 단순히 “동시 실행을 막는다”뿐 아니라, 가시성과 순서 보장까지 얻는다는 점이 중요합니다. 면접에서는 synchronized가 어떤 보장을 제공하는지 질문이 자주 나오며, 여기서 happens-before를 언급하면 깊이가 드러납니다. 다만 락은 성능 비용이 있으므로 좁은 범위로 설계해야 합니다. 이런 균형을 설명할 수 있으면 좋습니다.		O	TRUE	X	FALSE					java	concurrency	jmm	
Q736	CompletableFuture 기본 실행기		Backend - 비동기 처리	19	OX	HARD	CompletableFuture의 async 계열은 별도 실행기를 주지 않으면 공용 풀을 사용할 수 있어 서버 환경에서 주의가 필요하다.	CompletableFuture는 편리하지만 실행기 전략을 모르고 쓰면 운영에서 문제가 생길 수 있습니다. 기본 공용 풀은 다른 작업과 경쟁할 수 있어, 예상치 못한 지연이나 스레드 고갈이 발생할 수 있습니다. 실무에서는 I O 작업 전용 스레드풀을 만들거나, 컨텍스트 전파가 필요한 경우 래핑 실행기를 둡니다. 또한 공용 풀 사용은 애플리케이션 전체의 성능 특성에 영향을 주므로 팀 차원의 규칙이 필요합니다. 면접에서는 “비동기면 빨라진다”가 아니라, 스레드풀과 실행기 설계를 말할 수 있어야 합니다. 비동기는 도구이지 공짜 성능이 아닙니다.		O	TRUE	X	FALSE					async	threadpool	java	springboot
Q737	데드락과 락 순서		Backend - 언어 & 프레임워크	21	OX	HARD	데드락은 락 획득 순서를 통일하거나 트랜잭션을 짧게 유지하는 방식으로 완화할 수 있다.	데드락은 여러 트랜잭션이 서로가 가진 락을 기다리며 멈추는 상황입니다. 실무에서는 락 획득 순서를 일관되게 유지하면 순환 대기가 줄어 데드락을 완화할 수 있습니다. 또한 트랜잭션 범위를 줄여 락 점유 시간을 짧게 하면 충돌 확률이 낮아집니다. 다만 완전히 없애는 것은 어렵고, DB가 데드락을 감지해 한쪽을 롤백시키는 것이 일반적입니다. 그래서 애플리케이션은 재시도 정책과 사용자 경험을 함께 설계해야 합니다. 면접에서는 데드락을 “DB가 알아서”가 아니라, 설계와 운영에서 줄이는 방법을 말하면 좋습니다.		O	TRUE	X	FALSE					deadlock	locking	db	springboot
Q738	엔티티 그래프(EntityGraph)		Backend - 언어 & 프레임워크	21	OX	HARD	EntityGraph는 지연 로딩 기본 전략을 유지하면서, 특정 조회에서만 연관 로딩을 강제로 지정하는 방식으로 사용할 수 있다.	EntityGraph는 “이번 조회만 필요한 연관을 미리 로딩하자”라는 목적에 맞는 도구입니다. fetch join과 달리 코드 구조를 크게 바꾸지 않고도 로딩 전략을 조회 단위로 조정할 수 있습니다. 실무에서는 N플러스원을 줄이면서도 조회 케이스별로 필요한 데이터만 가져오게 설계할 때 유용합니다. 다만 그래프가 복잡해지면 실제 생성되는 SQL을 파악하기 어려워질 수 있어, SQL 로그와 성능 측정이 필수입니다. 또한 페이징과 결합 시 주의가 필요하며, 컬렉션 로딩 방식에 따라 결과가 달라질 수 있습니다. 면접에서는 fetch join과 EntityGraph의 장단점과 선택 기준을 말하면 좋습니다.		O	TRUE	X	FALSE					jpa	entitygraph	nplus1	springboot
Q739	보안 감사 로깅과 민감정보		Backend - 인증/인가	18	OX	HARD	로그인 실패 로그를 남길 때 비밀번호 같은 민감 정보를 그대로 기록하면 보안 사고 위험이 커지므로 마스킹 또는 제외가 필요하다.	보안 로깅은 중요하지만, 무엇을 남기느냐가 더 중요합니다. 민감 정보를 로그에 남기면 로그 시스템이 곧 데이터 유출 경로가 될 수 있습니다. 실무에서는 비밀번호, 토큰, 인증 헤더, 주민번호 같은 값은 절대 평문으로 기록하지 않고 마스킹하거나 완전히 제외합니다. 또한 실패 원인을 너무 자세히 노출하면 공격자가 계정 유무를 추정하는 데 악용할 수 있어 메시지 설계도 중요합니다. 면접에서는 “로깅은 많이”가 아니라, 개인정보와 보안 관점에서 안전한 로깅을 말할 수 있어야 합니다. 운영 로그는 곧 보안 자산입니다.		O	TRUE	X	FALSE					security	logging	privacy	spring
Q740	API 버저닝과 하위 호환		Backend - 아키텍처 패턴	20	OX	HARD	기존 클라이언트가 있는 API에서 필드명을 바꾸는 것은 하위 호환을 깨뜨릴 수 있어, 버저닝 또는 점진적 폐기 전략이 필요하다.	API는 외부 소비자와의 계약이기 때문에, 작은 변경도 클라이언트 장애로 이어질 수 있습니다. 필드명 변경은 특히 파싱 로직을 바로 깨뜨리는 변화입니다. 실무에서는 새 필드를 추가하고 구 필드를 유지한 뒤, 일정 기간 후 폐기하는 점진적 전략을 씁니다. 또는 URI 버전, 헤더 버전, 미디어 타입 버전 등 버저닝 전략을 도입하기도 합니다. 면접에서는 버저닝이 “폴더 하나 더”가 아니라, 배포와 운영, 커뮤니케이션 전략임을 말하면 좋습니다. 결국 호환성 관리는 서비스 신뢰도를 결정합니다.		O	TRUE	X	FALSE					api	versioning	compatibility	springboot
Q741	상태 없는 서버와 스케일 아웃		Backend - 아키텍처 패턴	20	OX	HARD	서버가 가능한 무상태로 설계되면 로드밸런서 뒤에서 수평 확장이 쉬워질 수 있다.	무상태 설계는 서버 인스턴스가 특정 사용자 상태에 묶이지 않도록 만드는 접근입니다. 이 방식은 로드밸런서가 어떤 인스턴스로 보내도 동일하게 동작하기 쉬워, 스케일 아웃이 단순해집니다. 실무에서는 세션을 외부 저장소로 빼거나, 토큰 기반 인증을 도입하거나, 캐시를 분산시키는 방식으로 무상태화를 진행합니다. 다만 완전 무상태는 현실적으로 어렵고, 상태를 어디에 둘지(DB Redis 등)로 문제가 이동하기도 합니다. 면접에서는 장점뿐 아니라 상태 외부화의 비용과 운영 포인트까지 말하면 좋습니다.		O	TRUE	X	FALSE					architecture	stateless	scaling	springboot
Q742	커서 기반 페이징(Cursor pagination)		Backend - 웹 서버 기초	17	OX	HARD	커서 기반 페이징은 오프셋 기반보다 대규모 데이터에서 성능과 일관성 측면에서 유리할 수 있다.	오프셋 기반 페이징은 page가 뒤로 갈수록 많은 row를 스킵해야 해 비용이 커질 수 있습니다. 또한 중간에 데이터가 삽입 삭제되면 같은 페이지의 결과가 흔들리기 쉬워 일관성이 깨집니다. 커서 기반 페이징은 마지막으로 본 기준값 이후를 가져오는 방식이라, 인덱스를 잘 타면 성능이 안정적인 편입니다. 실무에서는 무한 스크롤, 타임라인처럼 뒤로 갈수록 데이터가 많은 화면에서 커서 방식이 자주 쓰입니다. 다만 커서 설계가 어렵고, 정렬 기준과 고유 키를 함께 포함해 안정성을 보장해야 합니다. 면접에서는 offset과 cursor의 트레이드오프를 설명할 수 있으면 좋습니다. 성능과 UX를 같이 고려하는 문제입니다.		O	TRUE	X	FALSE					paging	cursor	performance	springboot
Q743	offset 페이징과 데이터 누락		Backend - 웹 서버 기초	17	OX	HARD	offset 기반 페이징에서는 페이지 사이에 데이터가 추가되면 같은 항목이 중복되거나 누락될 수 있다.	offset은 “몇 개를 건너뛸지”로 페이지를 정의합니다. 그런데 페이지 이동 중간에 새로운 데이터가 앞쪽에 삽입되면, 다음 페이지에서 이미 봤던 항목이 다시 나오거나 일부가 건너뛰어질 수 있습니다. 실무에서는 이 현상이 고객 불만으로 이어지기도 해, 타임라인 성격의 데이터는 커서 기반을 선호합니다. 물론 데이터가 거의 변하지 않는 관리 화면에서는 offset도 충분히 쓸 수 있습니다. 면접에서는 페이징이 단순 API 옵션이 아니라 “데이터 변경과 일관성” 문제라는 점을 말하면 좋습니다. 선택 기준을 명확히 제시하는 것이 중요합니다.		O	TRUE	X	FALSE					paging	offset	consistency	springboot
Q744	ETag와 조건부 요청		Backend - 웹 서버 기초	17	OX	HARD	ETag를 사용하면 클라이언트가 If-None-Match로 조건부 요청을 보내 캐시 효율을 높일 수 있다.	ETag는 리소스 버전을 나타내는 식별자처럼 동작해, 변경 여부를 빠르게 판단하게 해줍니다. 클라이언트는 If-None-Match에 ETag를 넣어 요청하고, 서버가 변경이 없다고 판단하면 304 Not Modified로 바디 없이 응답할 수 있습니다. 실무에서는 트래픽 절감과 응답 속도 향상에 도움이 되며, CDN과 함께 쓰면 효과가 큽니다. 다만 ETag 생성 비용, 강한 ETag와 약한 ETag의 의미, 프록시 캐시와의 상호작용도 고려해야 합니다. 면접에서는 캐시를 단순 TTL이 아니라 검증 기반 캐시로 확장해 설명할 수 있으면 좋습니다. HTTP 기본기가 드러나는 주제입니다.		O	TRUE	X	FALSE					http	cache	etag	springboot
Q745	Cache-Control no-store		Backend - 웹 서버 기초	17	OX	HARD	Cache-Control no-store는 브라우저나 중간 캐시가 응답을 저장하지 않도록 하는 지시로, 민감 정보 응답에 유용하다.	no-store는 응답을 디스크나 메모리에 저장하지 말라는 강한 지시입니다. 로그인 응답, 개인정보 조회처럼 민감한 데이터는 캐시에 남으면 보안 사고가 될 수 있어 no-store가 도움이 됩니다. 실무에서는 no-cache와 no-store를 혼동하기 쉬운데, no-cache는 “저장 가능하지만 재검증 필요”에 가깝고 no-store는 “저장 금지”에 가깝습니다. 또한 프록시 캐시나 CDN 정책과 함께 설계해야 의도대로 동작합니다. 면접에서는 캐시 헤더의 차이를 정확히 구분하면 좋습니다. 보안과 성능이 동시에 걸린 주제입니다.		O	TRUE	X	FALSE					http	cachecontrol	security	springboot
Q746	우선순위 역전(Priority inversion)		언어 중심 - Java	94	OX	HARD	우선순위 역전은 낮은 우선순위 스레드가 잡은 락 때문에 높은 우선순위 스레드가 대기하는 현상을 의미할 수 있다.	우선순위 역전은 실시간 시스템이나 우선순위 기반 스케줄링에서 특히 문제가 됩니다. 낮은 우선순위 스레드가 락을 잡고 있으면, 높은 우선순위 스레드가 그 락을 기다리며 멈출 수 있습니다. 이때 중간 우선순위 스레드가 계속 실행되면, 락을 가진 낮은 우선순위 스레드가 실행 기회를 못 얻어 문제가 악화됩니다. 실무에서는 락 범위를 줄이고, 우선순위 상속 같은 기법을 고려하거나, 구조적으로 공유 자원을 줄이는 설계를 합니다. 자바 서버에서는 우선순위가 절대적인 보장은 아니지만, 개념 이해는 동시성 설계에 도움 됩니다. 면접에서는 데드락과 기아 상태, 우선순위 역전을 구분해 말하면 좋습니다.		O	TRUE	X	FALSE					java	concurrency	lock	
Q747	ThreadLocal 누수와 풀		언어 중심 - Java	94	OX	HARD	스레드풀에서 ThreadLocal 값을 제거하지 않으면 다음 작업에 값이 남아 메모리 누수나 데이터 오염이 생길 수 있다.	ThreadLocal은 스레드에 값을 붙이기 때문에 스레드가 재사용되면 값도 같이 남을 수 있습니다. 스레드풀은 스레드를 오래 재사용하므로, clear를 하지 않으면 다른 요청 흐름에 이전 값이 섞이는 문제가 생깁니다. 실무에서 MDC, SecurityContext, 트랜잭션 컨텍스트 전파가 여기와 연결됩니다. 또한 큰 객체를 ThreadLocal에 넣으면 GC가 회수하지 못해 메모리 누수처럼 보일 수 있습니다. 그래서 try finally로 제거하거나, 프레임워크가 정리해주는 지점을 이해해야 합니다. 면접에서는 ThreadLocal을 “편리한 전역”으로만 보면 위험하다는 점을 말하면 좋습니다. 동시성과 운영 안정성에 직결됩니다.		O	TRUE	X	FALSE					java	threadlocal	memory	
Q748	@TransactionalEventListener 예외 영향		Backend - 비동기 처리	19	OX	HARD	AFTER_COMMIT 트랜잭션 이벤트 리스너에서 예외가 발생해도 이미 커밋된 DB 변경은 되돌릴 수 없다.	AFTER_COMMIT은 커밋이 끝난 뒤에 실행됩니다. 이 시점에서 예외가 나도 DB 트랜잭션은 이미 종료되었기 때문에, 그 변경을 같은 트랜잭션으로 롤백할 수 없습니다. 실무에서는 이 특성 때문에 AFTER_COMMIT 리스너는 “부수 효과” 작업에 적합하며, 실패 시 재시도나 보상 로직이 필요합니다. 예를 들어 메시지 발행이 실패하면 outbox 재처리나 별도 재시도 큐로 복구합니다. 면접에서는 이벤트 타이밍과 실패 처리 전략을 함께 말하는 것이 중요합니다. 커밋 이후 작업은 반드시 관측 가능성과 재처리 가능성을 확보해야 합니다.		O	TRUE	X	FALSE					event	transaction	reliability	springboot
Q749	롤백 시 이벤트 발행 시점		Backend - 비동기 처리	19	OX	HARD	AFTER_ROLLBACK 트랜잭션 이벤트는 트랜잭션이 롤백될 때만 실행되므로, 실패 알림이나 보상 트리거로 활용할 수 있다.	AFTER_ROLLBACK은 트랜잭션이 실패했을 때만 호출되므로, 실패 처리 흐름을 분리하는 데 도움이 됩니다. 실무에서는 보상 트랜잭션을 시작하거나, 장애 알림을 보내거나, 내부적으로 상태를 정리하는 작업을 이 타이밍에 두기도 합니다. 다만 롤백 원인이 다양하므로, 어떤 실패에 대해 어떤 보상을 할지 정책이 필요합니다. 또한 롤백 후에도 외부로 나가는 작업은 중복 실행이나 재시도 시나리오를 고려해야 합니다. 면접에서는 “이벤트로 실패를 처리한다”보다, 실패 케이스 분류와 안정적인 재처리 설계를 말하면 좋습니다.		O	TRUE	X	FALSE					transaction	event	rollback	springboot
Q750	서블릿 비동기와 스레드 모델		Backend - 비동기 처리	19	OX	HARD	서블릿 3의 비동기 처리를 사용하면 요청 스레드를 즉시 반환하고, 작업 완료 후 응답을 마무리하는 방식으로 스레드 점유를 줄일 수 있다.	서블릿 비동기는 요청 스레드를 오래 붙잡지 않도록 하는 모델입니다. I O가 길거나 외부 호출이 많은 작업에서, 요청 스레드를 반환하고 별도 작업이 끝나면 응답을 완료하는 구조로 처리량을 높일 수 있습니다. 실무에서는 SSE, long polling, 비동기 작업 처리에서 활용되지만, 코드 복잡도가 늘고 컨텍스트 전파 문제가 생길 수 있습니다. 또한 비동기 처리라도 내부에서 블로킹 호출을 많이 하면 근본적인 스레드 점유 문제는 남습니다. 면접에서는 스레드 모델 관점에서 왜 도움이 되는지 설명하면 좋습니다. 비동기는 문법이 아니라 리소스 모델입니다.		O	TRUE	X	FALSE					servlet	async	thread	spring
Q751	스프링 MVC 비동기 반환 타입		Backend - 비동기 처리	19	OX	HARD	Spring MVC는 Callable DeferredResult 같은 반환 타입을 통해 요청 처리를 비동기로 전환할 수 있다.	스프링 MVC는 전통적 서블릿 기반이지만, 비동기 요청 처리를 지원합니다. Callable은 별도 스레드에서 작업을 수행하고 결과를 돌려주며, DeferredResult는 외부 이벤트나 콜백으로 결과를 완료할 수 있게 합니다. 실무에서는 외부 API 호출, 긴 작업의 상태 추적, SSE 같은 요구에서 유용합니다. 다만 타임아웃, 큐 적체, 스레드풀 크기 같은 운영 포인트를 함께 설계해야 합니다. 비동기 API는 실패 시나리오가 많아 테스트와 모니터링이 필수입니다. 면접에서는 WebFlux와의 차이도 함께 비교할 수 있으면 좋습니다. 둘은 같은 “비동기”라도 모델이 다릅니다.		O	TRUE	X	FALSE					springmvc	async	callable	spring
Q752	@Transactional과 격리 수준		Backend - 언어 & 프레임워크	21	OX	HARD	@Transactional의 isolation 옵션은 기본적으로 DB 격리 수준을 항상 강제로 변경한다.	isolation 옵션은 트랜잭션의 격리 수준을 요청하는 설정이지만, 실제 적용 여부는 데이터소스와 트랜잭션 매니저, DB가 지원하는 방식에 따라 달라질 수 있습니다. 즉, “항상 강제로 바뀐다”라고 단정하면 위험합니다. 또한 격리 수준을 바꾸면 데드락과 락 경합, 처리량이 크게 달라질 수 있어 운영에서 신중해야 합니다. 실무에서는 격리 수준을 변경하기 전에 문제를 재현하고, 필요한 최소 수준으로 설정합니다. 면접에서는 격리 수준을 설정한다고 모든 게 해결되는 게 아니라, 비용과 부작용이 있다는 점을 말하면 좋습니다. 결국 목표는 정합성과 성능의 균형입니다.		O	FALSE	X	TRUE					transaction	isolation	spring	
Q753	@Lock과 쿼리 힌트		Backend - 언어 & 프레임워크	21	OX	HARD	JPA의 @Lock은 비관적 락을 걸 수 있으며, DB에 따라 실제로 SELECT FOR UPDATE 같은 형태로 번역될 수 있다.	@Lock은 조회 시점에 락을 적용해 동시성 제어를 할 수 있게 합니다. 비관적 락은 충돌을 예방하지만 대기와 경합 비용이 크므로 신중히 사용해야 합니다. DB에 따라 SQL 번역이 달라질 수 있어, 실제로 어떤 쿼리가 나가는지 로그로 확인하는 것이 중요합니다. 실무에서는 재고 차감, 중복 처리 방지 같은 시나리오에서 사용하지만, 타임아웃과 재시도 정책을 함께 설계합니다. 면접에서는 낙관적 락과의 차이, 그리고 언제 비관적 락이 필요한지 기준을 말하면 좋습니다. 락은 성능과 직결되는 선택입니다.		O	TRUE	X	FALSE					jpa	locking	concurrency	
Q754	DB Unique 제약과 멱등성		Backend - 아키텍처 패턴	20	OX	HARD	멱등성을 보장하려면 애플리케이션 로직만으로 충분하며, DB 유니크 제약은 필요 없다.	멱등성은 분산 환경에서 재시도와 중복 요청을 안전하게 처리하는 핵심 요구입니다. 애플리케이션 로직만으로도 구현할 수 있지만, 경쟁 조건과 장애 상황에서 완벽히 보장하기는 어렵습니다. 실무에서는 DB 유니크 제약을 “최후의 안전장치”로 두어 중복 삽입을 물리적으로 차단하는 경우가 많습니다. 예를 들어 idempotency key를 유니크로 걸어두면 동시 요청에서도 중복 생성이 줄어듭니다. 물론 제약 위반 예외를 잡아 동일 응답을 만드는 설계가 필요합니다. 면접에서는 로직과 DB 제약을 함께 써서 안정성을 높인다는 관점을 말하면 좋습니다.		O	FALSE	X	TRUE					idempotency	db	reliability	
Q755	테스트 격리와 @DirtiesContext		Backend - 테스트	22	OX	HARD	DirtiesContext를 남발하면 테스트가 느려질 수 있어 꼭 필요한 경우에만 쓰는 것이 좋다.	DirtiesContext는 테스트 컨텍스트를 더럽혔다고 표시해, 다음 테스트에서 재사용하지 않게 만듭니다. 덕분에 상태 오염 문제를 해결할 수 있지만, 컨텍스트를 자주 재로딩하면 테스트 시간이 크게 늘어납니다. 실무에서는 데이터베이스 상태는 롤백으로 격리하고, 스프링 빈 상태는 무상태로 유지해 DirtiesContext 사용을 최소화합니다. 정말로 컨텍스트 자체 설정이 바뀌는 테스트에서만 제한적으로 쓰는 것이 좋습니다. 면접에서는 테스트 속도와 안정성 사이의 균형을 설명하면 좋습니다. 테스트 전략은 생산성에 직결됩니다.		O	TRUE	X	FALSE					test	spring	performance	
Q756	Testcontainers 장점		Backend - 테스트	22	OX	HARD	Testcontainers를 사용하면 실제 DB 엔진 기반으로 통합 테스트를 돌려, 방언 차이로 인한 문제를 줄이는 데 도움이 될 수 있다.	내장 DB는 빠르지만 운영 DB와 동작이 다를 수 있습니다. Testcontainers는 컨테이너로 실제 DB를 띄워 테스트하므로, 방언과 락, 인덱스 동작 차이를 더 현실적으로 검증할 수 있습니다. 실무에서는 복잡한 쿼리, 트랜잭션 격리, 락 관련 버그를 사전에 잡는 데 큰 도움이 됩니다. 다만 컨테이너 기동 비용이 있어 테스트가 느려지고, CI 환경 설정이 필요합니다. 그래서 중요한 통합 시나리오만 Testcontainers로 커버하고, 나머지는 슬라이스 테스트로 빠르게 돌리는 조합이 흔합니다. 면접에서는 테스트 환경을 운영과 가깝게 만드는 전략을 말하면 좋습니다. 정확성과 속도의 균형이 중요합니다.		O	TRUE	X	FALSE					testcontainers	integration	database	
Q757	@SpyBean 사용 주의		Backend - 테스트	22	OX	HARD	SpyBean은 실제 빈을 감싸 일부만 스텁할 수 있지만, 프록시와 섞이면 의도치 않은 동작이 생길 수 있어 주의가 필요하다.	SpyBean은 실제 객체의 동작을 유지하면서 일부 메서드만 가로채 검증하거나 대체하는 도구입니다. 하지만 스프링 빈 자체가 AOP 프록시로 감싸져 있으면, spy와 proxy가 중첩되어 예상과 다른 메서드가 호출되거나 검증이 실패할 수 있습니다. 실무에서는 SpyBean을 최소화하고, 명확한 MockBean 또는 단위 테스트로 분리하는 편이 디버깅이 쉽습니다. 또한 spy는 내부 구현에 강하게 결합되기 쉬워 테스트 유지보수성이 떨어질 수 있습니다. 면접에서는 “스파이는 강력하지만 위험”이라는 균형 관점을 말하면 좋습니다. 테스트는 명확성이 중요합니다.		O	TRUE	X	FALSE					test	mockito	spring	
Q758	equals hashCode와 컬렉션 키		언어 중심 - Java	94	OX	HARD	HashMap 키로 사용되는 객체의 equals hashCode가 변경되면, 맵에서 해당 키를 다시 찾지 못할 수 있다.	해시 기반 컬렉션은 키의 해시값과 동등성에 의존합니다. 키 객체의 필드가 바뀌어 hashCode 결과가 달라지면, 원래 들어간 버킷과 다른 곳을 찾게 되어 조회가 실패할 수 있습니다. 실무에서는 키로 쓰는 객체는 불변으로 두거나, 변하지 않는 값으로 equals hashCode를 구현합니다. JPA 엔티티를 키로 쓰는 것도 이 문제와 연결되어 위험할 수 있습니다. 면접에서는 해시 구조의 동작 원리를 설명할 수 있어야 합니다. 단순 암기가 아니라 데이터 구조 이해를 보여주는 포인트입니다.		O	TRUE	X	FALSE					java	hashmap	equals	
Q759	final 클래스와 프록시 제한		Backend - 언어 & 프레임워크	21	OX	HARD	final 클래스로 선언된 서비스는 클래스 기반 프록시(CGLIB)가 필요할 때 AOP 적용이 제한될 수 있다.	클래스 기반 프록시는 상속으로 프록시를 만들기 때문에 final 클래스는 확장할 수 없습니다. 이 경우 트랜잭션, 로깅 같은 AOP가 기대대로 적용되지 않을 수 있습니다. 실무에서는 서비스 빈을 final로 두는 것에 신중해야 하고, 프록시 전략을 팀에서 명확히 해야 합니다. 인터페이스 기반 설계를 택하면 제약이 줄어들 수 있지만, 항상 가능한 것은 아닙니다. 면접에서는 “final이면 더 안전” 같은 관점만 말하지 말고, 프록시 기반 프레임워크에서의 제약을 함께 말하면 좋습니다. 프레임워크 동작 원리를 이해하는지 확인하는 질문으로 자주 나옵니다.		O	TRUE	X	FALSE					spring	aop	proxy	
Q760	Jackson 순환 참조		Backend - 웹 서버 기초	17	OX	HARD	양방향 연관관계를 엔티티 그대로 JSON으로 반환하면 순환 참조로 직렬화 오류가 날 수 있어, DTO 분리나 직렬화 어노테이션이 필요할 수 있다.	엔티티를 그대로 응답으로 쓰면 편하지만, 양방향 연관관계에서 A가 B를 참조하고 B가 다시 A를 참조하는 구조가 흔합니다. 이 상태로 JSON 직렬화를 하면 무한 루프에 빠져 오류가 나거나 응답이 비정상적으로 커질 수 있습니다. 실무에서는 DTO로 끊어내거나, JsonManagedReference JsonBackReference 또는 IdentityInfo 같은 전략을 사용합니다. 다만 어노테이션으로 해결하면 표현 계층과 도메인이 결합될 수 있어, DTO 분리가 더 깔끔한 경우가 많습니다. 면접에서는 “엔티티를 API 응답으로 쓰면 안 되는 이유”를 물을 때 이 순환 참조와 지연 로딩 이슈를 함께 말하면 좋습니다. API 설계와 ORM의 경계 이해가 중요합니다.		O	TRUE	X	FALSE					jackson	jpa	serialization	
Q761	의존성 주입(DI)		Backend - 언어 & 프레임워크	21	INITIALS	EASY	객체가 필요한 의존 객체를 직접 생성하지 않고 외부에서 주입받아 결합도를 낮추는 원리는 무엇인가?	의존성 주입은 객체가 필요한 의존 객체를 직접 생성하지 않고, 외부에서 주입받아 결합도를 낮추는 핵심 원리입니다. 스프링에서는 생성자 주입이 가장 권장되는 방식으로, 테스트가 쉬워지고 불변 설계에 유리합니다. 면접에서는 DI와 IoC의 차이를 자주 묻고, 왜 생성자 주입이 좋은지까지 연결 질문이 나옵니다. 실무에서는 필드 주입을 남발하면 순환 참조나 테스트 불편이 커질 수 있어 주의합니다. DI는 스프링을 이해하는 출발점이니 용어와 이유를 함께 기억해두면 좋습니다.	의존성 주입									spring	di	ioc	
Q762	제어의 역전(IoC)		Backend - 언어 & 프레임워크	21	INITIALS	EASY	객체 생성과 생명주기 관리를 개발자 코드가 아니라 컨테이너가 담당하도록 제어 흐름을 넘기는 원리는 무엇인가?	제어의 역전은 객체 생성과 생명주기 관리를 개발자 코드가 아니라 컨테이너가 담당하는 원리입니다. 스프링 IoC 컨테이너는 빈을 생성하고 주입하며, 애플리케이션 흐름의 제어를 프레임워크 쪽으로 넘깁니다. 면접에서는 IoC와 DI를 혼동하기 쉬운데, IoC는 더 큰 설계 원리이고 DI는 IoC를 구현하는 대표 기법이라고 설명하면 좋습니다. 실무에서는 IoC 덕분에 설정만 바꿔 구현체를 교체하거나 테스트 더블로 바꿀 수 있습니다. 이 개념이 잡히면 스프링이 왜 편한지 이해가 빨라집니다.	제어의 역전									spring	ioc	di	
Q763	애플리케이션 컨텍스트(ApplicationContext)		Backend - 언어 & 프레임워크	21	INITIALS	EASY	스프링에서 빈 생성과 주입, 이벤트, 환경 설정 등을 관리하는 IoC 컨테이너 구현체는 무엇인가?	애플리케이션 컨텍스트는 스프링의 IoC 컨테이너 구현체로, 빈 생성, 주입, 이벤트, 환경 설정 등을 관리합니다. BeanFactory보다 기능이 풍부하며, 대부분의 스프링 앱에서 기본 컨테이너로 사용됩니다. 면접에서는 ApplicationContext가 무엇을 제공하는지, 빈 생명주기와 어떤 관계인지 묻는 질문이 나옵니다. 실무에서는 테스트에서 컨텍스트 로딩 비용이 크기 때문에 슬라이스 테스트를 활용하는 이유로도 연결됩니다. 컨테이너를 정확히 떠올리는 것이 중요합니다.	애플리케이션 컨텍스트									spring	context	container	
Q764	빈(Bean)		Backend - 언어 & 프레임워크	21	INITIALS	EASY	스프링 컨테이너가 생성하고 라이프사이클과 의존성 주입까지 관리하는 객체를 무엇이라고 하는가?	빈은 스프링 컨테이너가 생성하고 관리하는 객체를 의미합니다. 개발자가 new로 직접 생성하는 객체와 달리, 라이프사이클과 의존성 주입이 컨테이너를 통해 일어납니다. 면접에서는 빈 스코프와 빈 등록 방식 질문이 자주 나오며, 스캔 누락 문제 해결도 단골입니다. 실무에서는 빈이 너무 많아지면 의존 관계가 복잡해지고 기동 시간이 늘 수 있어 모듈 경계를 잘 잡는 것이 중요합니다. 스프링이 관리하는 객체라는 핵심 정의를 먼저 잡아두면 됩니다.	빈									spring	bean	core	
Q765	컴포넌트 스캔(Component Scan)		Backend - 언어 & 프레임워크	21	INITIALS	EASY	특정 패키지 이하에서 Component Service Repository Controller 등을 찾아 자동으로 빈으로 등록하는 방식은 무엇인가?	컴포넌트 스캔은 특정 패키지 이하에서 Component Service Repository Controller 같은 애노테이션을 찾아 빈으로 등록합니다. 스프링 부트는 보통 메인 클래스 위치를 기준으로 하위 패키지를 스캔합니다. 면접에서는 스캔 범위가 잘못되어 빈이 등록되지 않는 문제를 어떻게 해결하는지 묻습니다. 실무에서는 멀티 모듈에서 패키지 구조가 어긋나면 빈 누락이 발생하니 basePackages 설정을 점검합니다. 자동 등록은 편리하지만 어디까지 스캔되는지 이해가 중요합니다.	컴포넌트 스캔									spring	component	scan	
Q766	생성자 주입(Constructor Injection)		Backend - 언어 & 프레임워크	21	INITIALS	EASY	스프링에서 가장 권장되는 DI 방식으로 생성자를 통해 의존성을 주입하는 방식은 무엇인가?	생성자 주입은 의존성을 생성자를 통해 주입하는 방식으로, 스프링에서 가장 권장됩니다. 불변 필드 설계가 가능하고, 테스트에서 목 객체 주입도 쉬워집니다. 면접에서는 필드 주입과 비교해 장단점을 묻는 질문이 자주 나오며, 순환 참조를 빨리 발견한다는 포인트도 나옵니다. 실무에서는 롬복을 쓰면 보일러플레이트를 줄일 수 있습니다. DI 품질이 코드 품질로 직결되니 기본기를 확실히 해두는 게 좋습니다.	생성자 주입									spring	di	constructor	
Q767	순환 참조(Circular Dependency)		Backend - 언어 & 프레임워크	21	INITIALS	EASY	A가 B를 필요로 하고 B가 다시 A를 필요로 하는 의존 관계로 인해 빈 생성이 꼬이는 문제 상황은 무엇인가?	순환 참조는 A가 B를 필요로 하고 B가 다시 A를 필요로 하는 의존 관계입니다. 컨테이너가 빈을 만들지 못하거나 이상 동작을 유발할 수 있습니다. 면접에서는 순환 참조가 왜 나쁜지, 어떻게 끊을지 설계 분리 인터페이스 도입 이벤트 분리를 묻습니다. 실무에서는 서비스 책임이 과도하게 섞였다는 신호일 가능성이 높습니다. 임시로 Lazy를 붙일 수도 있지만 근본 해결은 의존 방향 정리입니다.	순환 참조									spring	dependency	design	
Q768	트랜잭션(Transaction)		Backend - 언어 & 프레임워크	21	INITIALS	EASY	여러 작업을 하나의 논리 단위로 묶어 모두 성공하면 커밋, 실패하면 롤백하는 처리 단위는 무엇인가?	트랜잭션은 여러 작업을 하나의 논리 단위로 묶어 모두 성공하면 커밋, 실패하면 롤백하는 처리 단위입니다. 스프링에서는 Transactional로 경계를 지정해 서비스 메서드 단위로 관리하는 패턴이 흔합니다. 면접에서는 ACID와 함께 전파, 롤백 규칙 질문으로 확장됩니다. 실무에서는 트랜잭션 범위를 너무 크게 잡으면 락 경합이 커지고 성능이 나빠질 수 있습니다. 원자성과 일관성을 확보하는 도구라는 점을 기억하면 됩니다.	트랜잭션									spring	transaction	db	
Q769	프록시(Proxy)		Backend - 언어 & 프레임워크	21	INITIALS	EASY	실제 객체를 대신해 호출을 가로채며 부가 기능을 적용할 수 있게 해주는 대리 객체는 무엇인가?	프록시는 실제 객체를 대신하는 대리 객체로, 호출을 가로채 부가 기능을 적용할 수 있습니다. 스프링 AOP, 트랜잭션, 지연 로딩에서 핵심 역할을 합니다. 면접에서는 JDK 동적 프록시와 CGLIB 차이를 묻기도 하지만, 기본은 대리 객체라는 정의입니다. 실무에서는 프록시 때문에 타입 비교가 깨지거나 디버깅이 어려워질 수 있어 주의합니다. 프록시를 이해하면 스프링 동작 원리가 훨씬 명확해집니다.	프록시									spring	proxy	aop	
Q770	예외 처리(Exception Handling)		Backend - 웹 서버 기초	17	INITIALS	EASY	오류 상황을 표준화된 응답으로 반환하고 로그와 모니터링으로 추적 가능하게 만드는 작업은 무엇인가?	예외 처리는 오류 상황을 표준화된 방식으로 응답하고, 로그와 모니터링으로 추적 가능하게 만드는 작업입니다. 스프링에서는 ControllerAdvice로 전역 예외 응답을 통일하는 패턴이 흔합니다. 면접에서는 예외를 어디서 처리하나와 비즈니스 예외 vs 시스템 예외 구분이 자주 나옵니다. 실무에서는 예외 메시지에 민감 정보를 넣지 않도록 주의해야 하며, 에러 코드를 관리하는 체계도 필요합니다. 예외 처리를 잘하면 운영 장애 대응이 훨씬 쉬워집니다.	예외 처리									spring	exception	api	
Q771	로깅(Logging)		Backend - 웹 서버 기초	17	INITIALS	EASY	시스템 동작과 장애 원인을 추적하기 위해 요청 흐름과 상태를 기록하는 운영 기본 요소는 무엇인가?	로깅은 시스템 동작을 추적하고 장애 원인을 찾기 위한 가장 기본적인 운영 도구입니다. 스프링에서는 SLF4J와 Logback 조합을 많이 사용합니다. 면접에서는 로그 레벨 기준과 민감 정보 마스킹을 물어보기도 합니다. 실무에서는 요청 ID를 로그에 넣어 트레이싱을 가능하게 하고, 스택트레이스는 필요한 수준에서만 남기도록 조절합니다. 로그는 많이 남기는 것보다 유용하게 남기는 것이 핵심입니다.	로깅									logging	spring	observability	springboot
Q772	빌드 도구(Gradle/Maven)		Backend - 언어 & 프레임워크	21	INITIALS	EASY	의존성 관리, 컴파일, 테스트, 패키징을 자동화해 빌드 과정을 관리하는 도구는 무엇인가?	빌드 도구는 의존성 관리, 컴파일, 테스트, 패키징을 자동화합니다. 자바에서는 Maven과 Gradle이 대표적이고, 스프링 부트는 스타터 의존성으로 설정을 단순화합니다. 면접에서는 빌드 도구가 무엇을 해주는지와 의존성 충돌 해결 방법을 물어봅니다. 실무에서는 BOM이나 dependencyManagement로 버전 정합성을 맞추는 것이 중요합니다. 빌드 자동화 시스템이라는 관점으로 이해하면 됩니다.	빌드 도구									build	gradle	maven	java
Q773	영속성 컨텍스트(Persistence Context)		Backend - 언어 & 프레임워크	21	INITIALS	EASY	JPA에서 엔티티를 관리하며 1차 캐시와 변경 감지의 기반이 되는 컨텍스트는 무엇인가?	영속성 컨텍스트는 엔티티를 관리하는 1차 캐시이자 변경 감지의 기반입니다. 같은 트랜잭션 안에서 동일 엔티티를 다시 조회하면 DB가 아니라 컨텍스트에서 가져올 수 있습니다. 면접에서는 더티 체킹, 지연 로딩, flush 타이밍이 이 개념과 연결됩니다. 실무에서는 대량 처리 시 flush clear로 컨텍스트를 비워 메모리 사용을 제어하기도 합니다. 엔티티 생명주기를 관리하는 공간이라는 핵심을 잡아두면 좋습니다.	영속성 컨텍스트									jpa	persistence	context	springboot
Q774	더티 체킹(Dirty Checking)		Backend - 언어 & 프레임워크	21	INITIALS	EASY	트랜잭션 커밋 시점에 엔티티 변경을 감지해 UPDATE 쿼리를 자동 생성하는 JPA 기능은 무엇인가?	더티 체킹은 트랜잭션 커밋 시점에 엔티티 변경을 감지해 자동으로 UPDATE 쿼리를 생성하는 기능입니다. 이 덕분에 개발자는 명시적인 update 호출 없이 엔티티 값 변경만으로 반영이 됩니다. 면접에서는 언제 UPDATE가 나가는지와, 변경 감지 대상 조건을 자주 묻습니다. 실무에서는 readOnly 트랜잭션, detach, 벌크 업데이트 시 더티 체킹이 적용되지 않는 함정이 있습니다. 영속 상태에서 변경하면 자동 반영된다는 핵심을 기억하면 됩니다.	더티 체킹									jpa	dirtychecking	transaction	springboot
Q775	지연 로딩(Lazy Loading)		Backend - 언어 & 프레임워크	21	INITIALS	EASY	연관 엔티티를 즉시 조회하지 않고 실제 접근 시점에 조회하는 JPA 로딩 전략은 무엇인가?	지연 로딩은 연관 엔티티를 즉시 가져오지 않고, 실제로 접근할 때 DB 조회를 수행하는 전략입니다. 성능 최적화에 도움이 되지만, 트랜잭션 밖에서 접근하면 예외가 발생할 수 있습니다. 면접에서는 EAGER와 비교해 장단점과 N플러스원 문제로 연결 질문이 나옵니다. 실무에서는 필요한 데이터만 fetch join이나 EntityGraph로 명시 로딩하는 습관이 중요합니다. 필요할 때 가져온다는 정의와 함정을 같이 기억하세요.	지연 로딩									jpa	lazy	performance	springboot
Q776	포트(Port)		Backend - 웹 서버 기초	17	INITIALS	EASY	한 서버 안에서 어떤 프로그램으로 통신을 보낼지 구분하기 위해 사용하는 번호는 무엇인가?	포트는 한 서버 안에서 어떤 프로그램으로 통신을 보낼지 구분하는 번호입니다. 스프링 부트는 기본적으로 8080 포트를 사용하며 환경에 따라 변경합니다. 면접에서는 포트와 IP 차이, 80 443 같은 기본 포트를 확인하기도 합니다. 실무에서는 포트 충돌이 자주 발생하므로 설정 관리가 중요합니다. 방화벽과 로드밸런서 설정에서도 포트는 핵심 요소입니다.	포트									network	port	server	springboot
Q777	프로파일(Profile)		Backend - 언어 & 프레임워크	21	INITIALS	EASY	개발 운영 테스트처럼 환경에 따라 설정과 빈 구성을 다르게 적용하도록 분리하는 스프링 부트 기능은 무엇인가?	프로파일은 개발 운영 테스트처럼 환경에 따라 다른 설정과 빈 구성을 적용하는 기능입니다. 스프링 부트에서는 application-dev 같은 파일과 활성 프로파일로 관리합니다. 면접에서는 프로파일로 무엇을 분리하는지 DB 로깅 외부 API를 묻기도 합니다. 실무에서는 운영 설정이 개발에 섞여 사고가 나는 경우가 많아 프로파일 분리는 필수에 가깝습니다. 민감한 설정은 환경 변수나 시크릿으로 관리하는 것이 중요합니다. 환경에 따른 설정 스위치로 기억하면 됩니다.	프로파일									springboot	profile	config	
Q778	스프링 부트(Spring Boot)		Backend - 언어 & 프레임워크	21	INITIALS	EASY	스프링 설정을 최소화하고 빠르게 서버 애플리케이션을 시작할 수 있게 해주는 프레임워크는 무엇인가?	스프링 부트는 스프링 기반 애플리케이션을 빠르게 만들기 위한 프레임워크입니다. 복잡한 설정을 자동 구성으로 줄이고, 바로 실행 가능한 형태로 패키징하기 쉽습니다. 면접에서는 스프링 프레임워크와 스프링 부트의 차이를 자주 묻습니다. 실무에서는 의존성 관리와 설정 파일 구조가 단순해져 생산성이 크게 올라갑니다. 다만 자동 설정이 많아 “왜 이렇게 동작하는지”를 모르면 디버깅이 어려울 수 있어 원리도 같이 익혀야 합니다.	스프링 부트									spring	springboot	framework	
Q779	스타터(Starter)		Backend - 언어 & 프레임워크	21	INITIALS	EASY	특정 기능을 쓰기 위해 필요한 라이브러리 묶음을 한 번에 추가할 수 있게 해주는 의존성 패키지는 무엇인가?	스타터는 스프링 부트가 제공하는 의존성 번들 개념입니다. 웹, JPA, 보안 등 기능 단위로 필요한 라이브러리를 한 번에 가져오게 해줍니다. 면접에서는 스타터가 어떤 문제를 해결하는지, 왜 편한지 질문이 나옵니다. 실무에서는 버전 호환성 관리가 쉬워지고, 새로운 프로젝트 셋업 속도가 빨라집니다. 단, 스타터에 포함된 라이브러리를 모르면 불필요한 의존성이 들어오거나 충돌이 날 수 있어 구성 내용을 확인하는 습관이 중요합니다.	스타터									springboot	starter	dependency	
Q780	자동 구성(Auto Configuration)		Backend - 언어 & 프레임워크	21	INITIALS	EASY	클래스패스에 있는 라이브러리와 설정을 기반으로 스프링이 필요한 빈을 자동으로 등록해주는 기능은 무엇인가?	자동 구성은 스프링 부트의 핵심 기능으로, 조건에 맞으면 필요한 빈을 자동으로 만들어줍니다. 개발자는 최소한의 설정만 하고도 웹 서버, JSON 변환기, 데이터소스 등을 사용할 수 있습니다. 면접에서는 자동 구성이 “마법”이 아니라 조건 기반 규칙이라는 점을 설명하면 좋습니다. 실무에서는 예상치 못한 빈이 등록되어 충돌하는 경우가 있어, 어떤 자동 구성이 켜졌는지 확인하는 능력이 중요합니다. 자동 구성을 이해하면 문제 해결 속도가 빨라지고, 커스터마이징 포인트도 명확해집니다.	자동 구성									springboot	autoconfig	bean	
Q781	설정 파일(application yml)		Backend - 언어 & 프레임워크	21	INITIALS	EASY	서버 포트, 데이터베이스 접속 정보 등 애플리케이션 설정을 관리하는 대표적인 파일은 무엇인가?	스프링 부트는 설정을 파일로 외부화해 코드 변경 없이 환경을 바꾸기 쉽게 합니다. 보통 application.yml 또는 application.properties 형태로 관리합니다. 면접에서는 설정 우선순위나 프로파일별 설정 분리에 대한 질문이 이어질 수 있습니다. 실무에서는 운영 환경에서 민감한 값은 파일에 직접 넣지 않고 환경 변수나 시크릿으로 분리하는 것이 안전합니다. 설정 파일은 단순한 값 모음이 아니라 운영 안정성과 배포 전략의 핵심 요소입니다.	설정 파일									springboot	config	yml	
Q782	액추에이터(Actuator)		Backend - 웹 서버 기초	17	INITIALS	EASY	헬스 체크, 메트릭, 환경 정보 등 운영에 필요한 엔드포인트를 제공하는 스프링 부트 기능은 무엇인가?	액추에이터는 운영 관측을 위한 엔드포인트를 제공합니다. health, metrics 같은 정보로 서버 상태를 확인하고 모니터링 도구와 연동할 수 있습니다. 면접에서는 헬스 체크가 왜 중요한지, 운영에서 어떤 지표를 보는지 질문이 나옵니다. 실무에서는 보안 설정 없이 노출하면 민감 정보가 유출될 수 있어 접근 제어가 필수입니다. 관측 가능성을 갖추면 장애 탐지와 원인 분석 속도가 크게 개선됩니다.	액추에이터									springboot	actuator	observability	
Q783	내장 톰캣(Embedded Tomcat)		Backend - 웹 서버 기초	17	INITIALS	EASY	별도의 WAS 설치 없이 애플리케이션 실행만으로 함께 기동되는 기본 내장 웹 서버는 무엇인가?	스프링 부트는 보통 내장 톰캣을 사용해 애플리케이션과 웹 서버를 함께 실행합니다. 덕분에 배포가 단순해지고, 실행 파일 하나로 서버를 띄울 수 있습니다. 면접에서는 내장 서버의 장점과 운영에서의 고려 사항을 물을 수 있습니다. 실무에서는 포트 충돌, 쓰레드 설정, 커넥션 설정 같은 튜닝 포인트가 존재합니다. 내장 서버라고 해서 설정이 필요 없는 것은 아니며, 트래픽 규모에 맞게 조정하는 능력이 중요합니다.	내장 톰캣									tomcat	springboot	server	
Q784	컨트롤러(Controller)		Backend - 웹 서버 기초	17	INITIALS	EASY	HTTP 요청을 받아 처리하고 응답을 반환하는 MVC 구성 요소는 무엇인가?	컨트롤러는 요청 진입점으로, 라우팅된 HTTP 요청을 받아 로직을 실행합니다. 보통 서비스 계층을 호출해 비즈니스 처리를 위임합니다. 면접에서는 컨트롤러가 비대해지면 왜 안 좋은지, 책임 분리를 어떻게 하는지 질문이 나옵니다. 실무에서는 검증, 인증 정보 추출, 응답 포맷 통일 같은 반복 작업을 공통화하는 것이 중요합니다. 컨트롤러는 얇게 유지하고 도메인 로직은 서비스로 보내는 설계가 안정적입니다.	컨트롤러									springmvc	controller	web	
Q785	레스트 컨트롤러(RestController)		Backend - 웹 서버 기초	17	INITIALS	EASY	뷰 렌더링이 아니라 JSON 같은 데이터를 바로 응답으로 반환하는 컨트롤러 방식은 무엇인가?	레스트 컨트롤러는 API 서버에서 흔히 사용하는 컨트롤러 형태입니다. 반환값이 바로 응답 바디로 직렬화되어 내려갑니다. 면접에서는 Controller와 RestController 차이, 그리고 응답 직렬화 흐름을 물어볼 수 있습니다. 실무에서는 DTO로 응답을 분리해 엔티티 노출과 순환 참조 문제를 피하는 것이 중요합니다. API 설계에서 응답 형태의 일관성은 클라이언트 개발 생산성과도 직결됩니다.	레스트 컨트롤러									springmvc	rest	api	
Q786	요청 매핑(RequestMapping)		Backend - 웹 서버 기초	17	INITIALS	EASY	URL 경로와 HTTP 메서드를 특정 컨트롤러 메서드에 연결하는 기능은 무엇인가?	요청 매핑은 어떤 요청이 어떤 메서드로 가는지 결정하는 핵심 기능입니다. 경로뿐 아니라 메서드, 헤더, 파라미터 조건 등도 함께 걸 수 있습니다. 면접에서는 매핑 충돌이 나면 어떤 문제가 생기는지 질문이 나올 수 있습니다. 실무에서는 버저닝 전략이나 공통 prefix를 두어 라우팅을 명확히 합니다. 매핑 규칙이 일관되지 않으면 유지보수가 급격히 어려워지므로 설계 원칙을 정해두는 것이 좋습니다.	요청 매핑									springmvc	mapping	routing	
Q787	겟 매핑(GetMapping)		Backend - 웹 서버 기초	17	INITIALS	EASY	조회 성격의 HTTP GET 요청을 처리하도록 매핑하는 애노테이션은 무엇인가?	겟 매핑은 GET 요청을 특정 메서드에 연결하는 애노테이션입니다. 조회는 보통 서버 상태를 변경하지 않는다는 의미를 가져야 합니다. 면접에서는 GET과 POST의 의미 차이와 캐시 가능성 같은 질문이 나올 수 있습니다. 실무에서는 GET에 상태 변경 로직을 넣으면 CSRF나 캐시 문제로 장애가 생길 수 있어 주의해야 합니다. HTTP 메서드 의미론을 지키는 것이 API 품질을 좌우합니다.	겟 매핑									springmvc	http	get	
Q788	포스트 매핑(PostMapping)		Backend - 웹 서버 기초	17	INITIALS	EASY	생성 또는 처리 요청처럼 서버 상태 변경이 일어날 수 있는 HTTP POST 요청을 매핑하는 애노테이션은 무엇인가?	포스트 매핑은 POST 요청을 처리할 때 자주 사용합니다. 요청 바디를 받아 리소스를 생성하거나 작업을 수행하는 데 쓰입니다. 면접에서는 201 Created와 Location 헤더 같은 REST 설계 질문으로 확장될 수 있습니다. 실무에서는 입력 검증과 중복 요청 대응, 트랜잭션 경계 설정이 중요합니다. POST는 멱등하지 않을 수 있으므로 재시도 시나리오를 고려해 설계하는 습관이 필요합니다.	포스트 매핑									springmvc	http	post	
Q789	서비스(Service)		Backend - 언어 & 프레임워크	21	INITIALS	EASY	비즈니스 로직을 담당하고 트랜잭션 경계를 잡는 데 자주 사용되는 계층은 무엇인가?	서비스 계층은 컨트롤러와 리포지토리 사이에서 비즈니스 규칙을 구현합니다. 트랜잭션은 보통 서비스 메서드 단위로 적용하는 패턴이 많습니다. 면접에서는 컨트롤러에 로직을 넣지 말라는 이유를 서비스 책임 분리로 설명하면 좋습니다. 실무에서는 서비스가 너무 비대해지면 도메인 분해나 유스케이스 단위로 재구성하는 리팩터링이 필요합니다. 책임을 분리하면 테스트도 쉬워지고 변경 영향 범위도 줄어듭니다.	서비스									spring	service	layer	
Q790	리포지토리(Repository)		Backend - 언어 & 프레임워크	21	INITIALS	EASY	데이터 저장소(DB) 접근을 담당하며 엔티티 조회 저장을 처리하는 계층은 무엇인가?	리포지토리는 데이터 접근 로직을 캡슐화하는 계층입니다. 스프링 데이터 JPA에서는 인터페이스만으로 기본 CRUD 구현을 제공하기도 합니다. 면접에서는 서비스와 리포지토리의 역할 차이, 그리고 트랜잭션 위치를 질문할 수 있습니다. 실무에서는 쿼리 성능이 중요하므로 필요한 조회는 명확한 쿼리로 통제하는 습관이 필요합니다. 리포지토리는 도메인과 DB 사이의 경계를 담당하므로 책임을 과도하게 확장하지 않는 것이 좋습니다.	리포지토리									springdata	repository	jpa	
Q791	싱글톤 스코프(Singleton Scope)		Backend - 언어 & 프레임워크	21	INITIALS	EASY	스프링 빈이 기본적으로 애플리케이션 컨텍스트당 한 개 인스턴스만 생성되는 스코프는 무엇인가?	스프링의 기본 빈 스코프는 싱글톤입니다. 같은 타입의 빈을 여러 곳에서 주입받아도 같은 인스턴스를 공유합니다. 면접에서는 싱글톤 빈에서 상태를 가지면 왜 위험한지, 스레드 안전성을 연결해서 묻습니다. 실무에서는 요청별 상태는 파라미터로 전달하고, 싱글톤 빈에는 공유 상태를 두지 않는 것이 원칙입니다. 기본 스코프를 이해하면 동시성 버그를 예방하는 데 도움이 됩니다.	싱글톤 스코프									spring	bean	scope	
Q792	환경 객체(Environment)		Backend - 언어 & 프레임워크	21	INITIALS	EASY	현재 활성 프로파일과 프로퍼티 값을 조회할 수 있게 해주는 스프링의 환경 추상화는 무엇인가?	Environment는 애플리케이션 설정 값을 읽는 표준 인터페이스 역할을 합니다. 프로파일, 프로퍼티 소스 우선순위 등 환경 정보를 함께 다룹니다. 면접에서는 설정이 어디서 로딩되고 어떤 순서로 덮어써지는지 질문이 이어질 수 있습니다. 실무에서는 운영에서 환경 변수로 설정을 주입하는 경우가 많아, Environment 조회 방식이 문제 해결에 도움이 됩니다. 설정은 코드와 분리되어야 운영이 안전해지므로, 환경 추상화의 목적을 이해해두면 좋습니다.	환경 객체									spring	environment	config	
Q793	설정 프로퍼티(Configuration Properties)		Backend - 언어 & 프레임워크	21	INITIALS	EASY	설정 파일 값을 특정 클래스에 묶어서 타입 안전하게 주입받는 기능은 무엇인가?	설정 프로퍼티는 설정 값을 클래스로 바인딩해 관리하는 방식입니다. 문자열로 값을 꺼내는 것보다 타입 안전하고 구조화가 쉬워집니다. 면접에서는 왜 이 방식이 유지보수에 유리한지, 검증을 어떻게 붙이는지 질문이 나옵니다. 실무에서는 외부 API 설정, 기능 토글 같은 값을 묶어 관리할 때 특히 좋습니다. 설정이 커질수록 구조화와 검증이 중요해지니, 이 기능을 잘 써두면 운영 사고를 줄일 수 있습니다.	설정 프로퍼티									springboot	properties	config	
Q794	입력 검증(Validation)		Backend - 웹 서버 기초	17	INITIALS	EASY	요청 DTO에 대해 길이, 널 여부 같은 규칙을 검사해 잘못된 입력을 초기에 차단하는 과정은 무엇인가?	입력 검증은 서버 안정성을 위해 필수입니다. 잘못된 값이 서비스 로직과 DB까지 내려가면 장애나 보안 취약점으로 이어질 수 있습니다. 면접에서는 검증을 어디에서 하는지와, 실패 시 어떤 응답을 주는지 질문이 자주 나옵니다. 실무에서는 Bean Validation을 사용해 DTO 단에서 규칙을 명시하고, 에러 응답 포맷을 통일합니다. 검증은 단순 편의가 아니라 시스템을 보호하는 첫 관문입니다.	입력 검증									validation	spring	dto	
Q795	글로벌 예외 처리(Global Exception Handling)		Backend - 웹 서버 기초	17	INITIALS	EASY	컨트롤러 전반에서 발생하는 예외를 한 곳에서 처리해 일관된 에러 응답을 만드는 방식은 무엇인가?	글로벌 예외 처리는 API의 에러 응답을 통일하는 데 핵심입니다. 컨트롤러마다 try catch를 반복하지 않아도 되어 코드가 깔끔해집니다. 면접에서는 예외를 어디서 잡아야 하는지, 어떤 예외는 그대로 던져야 하는지 질문이 나옵니다. 실무에서는 비즈니스 예외와 시스템 예외를 구분하고, 로그에 민감 정보를 남기지 않도록 주의합니다. 예외 처리가 잘 되어 있으면 운영 중 장애 원인 파악과 대응이 훨씬 빨라집니다.	글로벌 예외 처리									exception	springmvc	api	spring
Q796	필터(Filter)		Backend - 웹 서버 기초	17	INITIALS	EASY	서블릿 요청이 컨트롤러에 도달하기 전후에 공통 처리를 적용할 수 있는 웹 계층 구성 요소는 무엇인가?	필터는 서블릿 컨테이너 레벨에서 요청과 응답을 가로챕니다. 인증, 로깅, CORS 처리 같은 공통 기능을 넣는 데 사용됩니다. 면접에서는 필터와 인터셉터의 차이를 묻는 질문이 자주 나옵니다. 실무에서는 필터 순서가 중요하고, 잘못 구성하면 보안이 깨지거나 요청이 막힐 수 있습니다. 필터는 애플리케이션 경계에서 동작하므로 변경 시 반드시 테스트와 모니터링이 필요합니다.	필터									servlet	filter	web	spring
Q797	인터셉터(Interceptor)		Backend - 웹 서버 기초	17	INITIALS	EASY	컨트롤러 실행 전후에 동작하며 인증 체크나 로깅 같은 처리를 할 수 있는 스프링 MVC 구성 요소는 무엇인가?	인터셉터는 스프링 MVC 레벨에서 컨트롤러 호출 전후 로직을 넣을 수 있는 장치입니다. 필터보다 컨트롤러와 더 가까워 핸들러 정보에 접근하기 쉽습니다. 면접에서는 필터와의 차이, 그리고 어떤 상황에 인터셉터가 적합한지 질문이 나옵니다. 실무에서는 인증 검사, 공통 헤더 추가, 요청 시간 측정 같은 용도로 많이 씁니다. 다만 예외 흐름과 비동기 요청에서는 호출 순서가 달라질 수 있어 동작을 정확히 이해하고 적용해야 합니다.	인터셉터									springmvc	interceptor	web	
Q798	요청 스코프(Request Scope)		Backend - 웹 서버 기초	17	INITIALS	EASY	HTTP 요청 1건 동안만 유지되고, 요청이 끝나면 함께 사라지는 빈의 생명주기 범위는 무엇인가?	요청 스코프는 하나의 HTTP 요청을 처리하는 동안만 빈이 존재하는 범위입니다. 같은 요청 흐름에서는 동일 인스턴스를 재사용하지만 요청이 끝나면 폐기됩니다. 면접에서는 싱글톤과의 차이와 언제 요청 스코프가 필요한지 질문이 나올 수 있습니다. 실무에서는 요청별 사용자 정보나 트레이싱 정보처럼 요청 단위로만 유지해야 하는 값을 다룰 때 활용합니다. 다만 프록시를 통해 주입되는 구조라 디버깅이 어려울 수 있어 사용 목적을 명확히 하는 것이 좋습니다.	요청 스코프									spring	scope	web	
Q799	세션 스코프(Session Scope)		Backend - 웹 서버 기초	17	INITIALS	EASY	같은 사용자의 로그인 세션이 유지되는 동안만 살아있는 빈의 스코프는 무엇인가?	세션 스코프는 사용자 세션이 유지되는 동안 빈이 유지되는 범위입니다. 사용자별로 인스턴스가 분리되기 때문에 사용자 상태를 담는 데 사용할 수 있습니다. 면접에서는 세션 스코프를 남용하면 서버 메모리 부담이 커질 수 있다는 점을 자주 확인합니다. 실무에서는 가능한 토큰 기반이나 외부 저장소로 상태를 분리하고, 세션 스코프는 정말 필요한 경우에만 씁니다. 또한 분산 환경에서는 세션 공유 전략이 없으면 서버 간 이동 시 문제가 생길 수 있어 주의가 필요합니다.	세션 스코프									spring	scope	session	
Q800	설정 클래스(Configuration)		Backend - 언어 & 프레임워크	21	INITIALS	EASY	애플리케이션에서 사용할 빈을 자바 코드로 등록하고 구성하기 위한 클래스 역할을 하는 것은 무엇인가?	설정 클래스는 애플리케이션의 빈 구성을 코드로 표현하는 방식입니다. 여기에서 어떤 객체를 만들고 어떤 의존성을 연결할지 정의할 수 있습니다. 면접에서는 컴포넌트 스캔과 자바 설정 방식의 차이를 설명하라는 질문이 자주 나옵니다. 실무에서는 외부 라이브러리 객체를 빈으로 등록하거나, 조건부로 빈을 구성할 때 설정 클래스를 많이 사용합니다. 설정이 커질수록 모듈별로 설정을 분리해 가독성과 유지보수성을 확보하는 것이 중요합니다.	설정 클래스									spring	configuration	bean	
Q801	빈 등록(Bean Registration)		Backend - 언어 & 프레임워크	21	INITIALS	EASY	스프링 컨테이너가 관리하도록 객체를 등록해 주입 대상이 되게 만드는 과정을 무엇이라고 하는가?	빈 등록은 객체를 스프링 컨테이너가 관리하도록 올리는 과정입니다. 컴포넌트 스캔으로 자동 등록하거나, 설정 클래스로 수동 등록하는 방식이 대표적입니다. 면접에서는 빈이 등록되지 않으면 어떤 에러가 나는지, 원인 추적을 어떻게 하는지 질문이 나올 수 있습니다. 실무에서는 패키지 스캔 범위, 조건부 구성, 프로파일 설정 때문에 빈 누락이 종종 발생합니다. 빈 등록 방식을 이해하면 기동 오류를 빠르게 해결할 수 있습니다.	빈 등록									spring	bean	di	
Q802	자동 주입(Autowired)		Backend - 언어 & 프레임워크	21	INITIALS	EASY	스프링이 타입 등을 기준으로 의존 객체를 찾아 자동으로 주입해 주는 기능을 무엇이라고 하는가?	자동 주입은 필요한 의존성을 스프링 컨테이너가 찾아 연결해주는 기능입니다. 보통 타입 기준으로 매칭되며 상황에 따라 이름이나 한정자 설정이 필요할 수 있습니다. 면접에서는 같은 타입 빈이 여러 개면 어떻게 되는지와 해결 방법을 물어봅니다. 실무에서는 생성자 주입을 기본으로 두고, 모호성이 생기면 한정자나 명시적 빈 이름으로 해결합니다. 자동 주입은 편리하지만 의존 관계가 숨겨지지 않도록 구조를 깔끔하게 유지하는 것이 중요합니다.	자동 주입									spring	autowired	di	
Q803	한정자(Qualifier)		Backend - 언어 & 프레임워크	21	INITIALS	EASY	같은 타입의 빈이 여러 개일 때, 특정 빈을 지정해 주입하도록 돕는 장치는 무엇인가?	한정자는 같은 타입 빈이 여러 개일 때 주입 대상을 명확히 지정하는 데 사용됩니다. 타입만으로 선택이 불가능한 상황에서 이름 기반으로 선택하도록 도와줍니다. 면접에서는 주입 모호성 예외를 어떻게 해결하는지에서 이 용어가 자주 등장합니다. 실무에서는 전략 패턴처럼 구현체가 여러 개인 구조에서 한정자 사용이 흔합니다. 다만 한정자 문자열이 난립하면 유지보수가 어려워질 수 있어 네이밍 규칙을 정해두는 것이 좋습니다.	한정자									spring	qualifier	di	
Q804	값 주입(Value)		Backend - 언어 & 프레임워크	21	INITIALS	EASY	설정 파일이나 환경 변수의 값을 읽어 필드나 생성자 파라미터에 넣어주는 기능을 무엇이라고 하는가?	값 주입은 설정 값이나 환경 값을 코드로 가져와 사용하는 기능입니다. 서버 포트, 외부 API 키, 기능 토글 같은 값들이 대표적입니다. 면접에서는 설정 외부화가 왜 중요한지와 운영에서의 장점을 묻는 질문이 자주 나옵니다. 실무에서는 민감 정보는 소스에 남기지 않고 시크릿이나 환경 변수로 관리하는 것이 안전합니다. 값 주입을 잘 설계하면 환경별 배포가 쉬워지고 운영 사고를 줄일 수 있습니다.	값 주입									springboot	config	value	
Q805	경로 변수(Path Variable)		Backend - 웹 서버 기초	17	INITIALS	EASY	URL 경로의 일부 값을 변수로 받아 리소스를 특정하는 방식은 무엇인가?	경로 변수는 URL 경로에 포함된 값을 서버가 변수로 받아 처리하는 방식입니다. 보통 리소스 식별자 같은 값을 전달할 때 사용합니다. 면접에서는 쿼리 파라미터와 언제 구분해서 쓰는지 질문이 자주 나옵니다. 실무에서는 의미 있는 명사형 URI와 함께 쓰면 API가 읽기 쉬워집니다. 또한 경로 변수는 인코딩과 유효성 검증을 함께 고려해야 안전합니다.	경로 변수									springmvc	routing	rest	spring
Q806	요청 파라미터(Request Param)		Backend - 웹 서버 기초	17	INITIALS	EASY	검색 조건이나 필터링 값처럼 URL의 쿼리스트링으로 전달되는 값을 받는 방식은 무엇인가?	요청 파라미터는 URL의 쿼리스트링으로 전달되는 값을 서버가 읽는 방식입니다. 페이징의 page size, 검색 키워드 같은 값에 자주 사용됩니다. 면접에서는 경로 변수와의 차이와 어느 쪽이 REST 설계에 더 맞는지 묻기도 합니다. 실무에서는 기본값과 필수 여부를 명확히 하고, 범위 검증을 넣어 과도한 요청을 막는 것이 중요합니다. 요청 파라미터는 편하지만 입력 검증을 빼먹으면 장애로 이어지기 쉽습니다.	요청 파라미터									springmvc	query	web	spring
Q807	요청 본문(Request Body)		Backend - 웹 서버 기초	17	INITIALS	EASY	JSON 같은 데이터가 HTTP 요청의 바디에 담겨 들어올 때 이를 객체로 변환해 받는 방식은 무엇인가?	요청 본문은 클라이언트가 보내는 JSON 등의 데이터를 바디로 받아오는 방식입니다. 스프링은 메시지 컨버터를 통해 JSON을 객체로 변환합니다. 면접에서는 바디 파싱 과정과 Content Type의 의미를 묻는 질문이 나올 수 있습니다. 실무에서는 DTO로 입력을 받고 검증을 적용해 잘못된 요청을 초기에 차단하는 것이 중요합니다. 또한 바디가 큰 요청은 제한을 두고 로깅에 민감 값이 남지 않게 관리해야 합니다.	요청 본문									springmvc	json	dto	spring
Q808	상태 코드(Status Code)		Backend - 웹 서버 기초	17	INITIALS	EASY	요청 처리 결과를 200, 201, 404 같은 숫자로 표현해 클라이언트에 의미를 전달하는 것은 무엇인가?	상태 코드는 HTTP 응답이 어떤 결과인지 표준화된 의미로 전달합니다. 200은 성공, 201은 생성, 404는 찾을 수 없음처럼 의미가 정해져 있습니다. 면접에서는 언제 어떤 상태 코드를 써야 하는지 설계 감각을 자주 봅니다. 실무에서는 성공과 실패를 바디만으로 표현하지 말고 상태 코드로도 명확히 나타내야 클라이언트가 안정적으로 동작합니다. 상태 코드를 일관되게 쓰면 문서화와 운영 분석이 훨씬 쉬워집니다.	상태 코드									http	status	api	
Q809	전역 예외 처리(Controller Advice)		Backend - 웹 서버 기초	17	INITIALS	EASY	여러 컨트롤러에서 발생하는 예외를 한 곳에서 처리해 응답 포맷을 통일하는 방식은 무엇인가?	전역 예외 처리는 예외를 공통 규칙으로 변환해 일관된 에러 응답을 제공합니다. 컨트롤러마다 반복되는 try catch를 줄여 코드 품질을 높입니다. 면접에서는 어떤 예외를 공통 처리하고 어떤 예외는 별도로 처리할지 기준을 물을 수 있습니다. 실무에서는 에러 코드 체계와 로깅 정책을 함께 설계해 운영 대응력을 높입니다. 또한 예외 메시지에 민감 정보가 섞이지 않도록 하는 것이 중요합니다.	전역 예외 처리									springmvc	exception	api	spring
Q810	입력 유효성 검사(Bean Validation)		Backend - 웹 서버 기초	17	INITIALS	EASY	요청 DTO의 값이 비어있는지, 길이가 맞는지 같은 규칙을 자동으로 검사하는 기능을 무엇이라고 하는가?	입력 유효성 검사는 잘못된 요청을 초기에 차단해 서비스 안정성을 높입니다. DTO에 규칙을 선언해 검증을 자동화하는 방식이 흔합니다. 면접에서는 검증 실패 시 어떤 응답을 주는지와 에러 메시지 설계를 질문할 수 있습니다. 실무에서는 검증이 누락되면 DB 에러나 보안 취약점으로 이어질 수 있어 중요한 방어선입니다. 검증 결과를 일관된 포맷으로 내려주면 프론트엔드 개발도 훨씬 수월해집니다.	입력 유효성 검사									validation	spring	dto	springboot
Q811	스웨거(Swagger)		Backend - 웹 서버 기초	17	INITIALS	EASY	API 명세를 자동으로 생성하고 테스트 UI까지 제공해주는 도구를 무엇이라고 하는가?	스웨거는 API 문서화와 테스트를 돕는 대표 도구입니다. 엔드포인트와 요청 응답 스펙을 시각적으로 확인할 수 있어 협업에 유리합니다. 면접에서는 문서화가 왜 중요한지와 운영에서 문서 최신화를 어떻게 유지하는지 질문이 나올 수 있습니다. 실무에서는 인증이 필요한 API는 문서에서도 인증 흐름을 함께 제공해 개발 편의성을 높입니다. 다만 운영 환경에 문서 UI를 그대로 노출하면 보안 리스크가 있어 접근 제어가 필요합니다.	스웨거									swagger	api	docs	springboot
Q812	커넥션 풀(Connection Pool)		Backend - 웹 서버 기초	17	INITIALS	EASY	매 요청마다 DB 연결을 새로 만들지 않고 미리 만들어둔 연결을 재사용하도록 관리하는 방식은 무엇인가?	커넥션 풀은 DB 연결 비용을 줄이기 위한 핵심 성능 기술입니다. 매번 연결을 만들고 끊으면 느리고 DB에도 부담이 큽니다. 면접에서는 커넥션 풀의 역할과 풀 크기 튜닝 포인트를 자주 묻습니다. 실무에서는 풀 고갈이 발생하면 요청 지연과 장애로 이어지므로 모니터링과 제한 정책이 중요합니다. 커넥션 풀은 단순 최적화가 아니라 서비스 가용성을 좌우하는 요소입니다.	커넥션 풀									database	pool	performance	springboot
Q813	체크 예외(Checked Exception)		언어 중심 - Java	94	INITIALS	EASY	컴파일 시점에 처리 여부를 강제하며, try catch 또는 throws 선언이 필요한 예외 유형은 무엇인가?	체크 예외는 컴파일러가 처리를 강제하는 예외입니다. 대표적으로 입출력 관련 예외가 여기에 속하는 경우가 많습니다. 면접에서는 체크 예외와 런타임 예외의 차이와 언제 어떤 방식을 택할지 질문이 나옵니다. 실무에서는 과도한 체크 예외 전파가 코드 복잡도를 높일 수 있어 예외 정책을 정하는 것이 중요합니다. 예외는 단순히 잡는 것이 아니라 의미 있는 실패로 모델링하는 것이 핵심입니다.	체크 예외									java	exception	checked	
Q814	옵셔널(Optional)		언어 중심 - Java	94	INITIALS	EASY	null 대신 값의 존재 여부를 명시적으로 표현해 널 처리 실수를 줄이도록 돕는 타입은 무엇인가?	옵셔널은 값이 있을 수도 없을 수도 있음을 타입으로 표현합니다. 널 체크를 잊어서 발생하는 오류를 줄이는 데 도움이 됩니다. 면접에서는 옵셔널을 필드에 쓰는 것이 적절한지, 반환 타입으로 쓰는 장단점을 물을 수 있습니다. 실무에서는 옵셔널을 남발하면 오히려 코드가 복잡해질 수 있어 사용 범위를 정하는 것이 좋습니다. 핵심은 널을 숨기는 것이 아니라, 널 가능성을 코드에서 드러내 안전하게 처리하는 것입니다.	옵셔널									java	optional	null	
Q815	디스패처 서블릿(DispatcherServlet)		Backend - 웹 서버 기초	17	INITIALS	EASY	스프링 MVC에서 모든 HTTP 요청을 가장 먼저 받아 컨트롤러로 라우팅하는 프론트 컨트롤러는 무엇인가?	스프링 MVC는 요청을 여러 컨트롤러가 나눠 처리하지만, 진입점은 하나로 통일됩니다. 그 역할을 하는 것이 디스패처 서블릿입니다. 디스패처 서블릿은 핸들러 매핑을 통해 어떤 컨트롤러가 처리할지 찾고, 결과를 뷰나 응답 바디로 만들도록 흐름을 조정합니다. 면접에서는 스프링 MVC 요청 처리 흐름을 설명해보라고 할 때 가장 먼저 등장하는 용어입니다. 실무에서는 인터셉터, 필터, 메시지 컨버터 같은 요소들이 어디에 끼는지 이해하려면 이 개념이 기준점이 됩니다.	디스패처 서블릿									springmvc	servlet	routing	spring
Q816	메시지 컨버터(HttpMessageConverter)		Backend - 웹 서버 기초	17	INITIALS	EASY	컨트롤러에서 객체를 반환하면 JSON으로 바꾸고, JSON 요청 바디를 객체로 변환해주는 구성 요소는 무엇인가?	스프링은 요청과 응답의 바디를 자동으로 변환해 개발 편의성을 높입니다. 이때 핵심 역할을 하는 것이 메시지 컨버터입니다. 클라이언트가 JSON을 보내면 객체로 역직렬화하고, 서버가 객체를 반환하면 JSON으로 직렬화합니다. 면접에서는 RestController가 왜 JSON을 바로 내려줄 수 있는지 설명할 때 이 흐름이 자주 나옵니다. 실무에서는 Content Type 설정이 어긋나거나 특정 타입 변환이 실패할 때 메시지 컨버터를 의심하고 로그를 확인합니다.	메시지 컨버터									springmvc	json	converter	spring
Q817	응답 엔티티(ResponseEntity)		Backend - 웹 서버 기초	17	INITIALS	EASY	응답 바디뿐 아니라 상태 코드와 헤더까지 함께 제어해 반환할 수 있게 해주는 스프링 타입은 무엇인가?	API는 성공 실패를 단순히 바디로만 전달하면 클라이언트가 해석하기 어렵습니다. 응답 엔티티를 쓰면 상태 코드와 헤더를 명확히 지정할 수 있습니다. 예를 들어 생성 성공 시 201과 Location 헤더를 내려주는 설계에 적합합니다. 면접에서는 상태 코드 설계와 함께 응답을 어떻게 구성하는지 묻는 질문이 자주 나옵니다. 실무에서는 캐시 헤더, 쿠키, 파일 다운로드 같은 케이스에서 헤더 제어가 중요해 응답 엔티티 사용 빈도가 높습니다.	응답 엔티티									springmvc	http	response	spring
Q818	컨트롤러 어드바이스(ControllerAdvice)		Backend - 웹 서버 기초	17	INITIALS	EASY	여러 컨트롤러에서 발생하는 예외를 한 곳에서 공통 처리해 에러 응답 포맷을 통일하는 기능은 무엇인가?	예외 처리를 컨트롤러마다 흩어놓으면 일관성이 무너지고 유지보수가 어려워집니다. 컨트롤러 어드바이스는 예외를 중앙에서 처리해 공통 응답 규칙을 만들 수 있게 합니다. 면접에서는 비즈니스 예외와 시스템 예외를 어떻게 구분해 내려줄지까지 연결 질문이 나오곤 합니다. 실무에서는 에러 코드 체계, 로깅 정책, 민감 정보 마스킹을 함께 설계해야 운영이 안전해집니다. 공통 처리 덕분에 프론트엔드도 에러 처리를 표준화할 수 있어 협업 효율이 올라갑니다.	컨트롤러 어드바이스									springmvc	exception	api	spring
Q819	인터셉터(Interceptor)		Backend - 웹 서버 기초	17	INITIALS	EASY	컨트롤러 실행 전후에 동작하며 인증 확인이나 요청 시간 측정 같은 공통 로직을 넣는 구성 요소는 무엇인가?	인터셉터는 스프링 MVC 레벨에서 컨트롤러와 가까운 위치에 있습니다. 그래서 어떤 핸들러가 호출되는지 같은 정보를 쉽게 얻을 수 있습니다. 면접에서는 필터와의 차이점을 자주 물으며, 어떤 상황에서 인터셉터가 더 적합한지 설명하면 좋습니다. 실무에서는 로그인 체크, 권한 검사, 공통 헤더 처리, 로깅에 많이 쓰입니다. 다만 예외 흐름이나 비동기 요청에서는 실행 순서가 달라질 수 있어 동작을 정확히 알고 써야 합니다.	인터셉터									springmvc	interceptor	web	spring
Q820	필터(Filter)		Backend - 웹 서버 기초	17	INITIALS	EASY	서블릿 컨테이너 단계에서 요청과 응답을 가로채 CORS 처리나 인증 같은 공통 로직을 적용하는 구성 요소는 무엇인가?	필터는 스프링 MVC보다 더 바깥인 서블릿 컨테이너 레벨에서 동작합니다. 요청이 컨트롤러로 들어가기 전 단계에서 공통 처리를 할 수 있습니다. 면접에서는 필터 체인과 동작 순서, 그리고 인터셉터와의 차이를 자주 묻습니다. 실무에서는 보안 필터, 로깅 필터, 인코딩 필터 같은 형태로 구성됩니다. 순서가 잘못되면 보안이 깨지거나 요청이 차단될 수 있으니 변경 시 테스트와 모니터링이 중요합니다.	필터									servlet	filter	web	spring
Q821	스프링 시큐리티(Spring Security)		Backend - 인증 인가	18	INITIALS	EASY	인증과 인가, 보안 필터 체인 등을 제공해 애플리케이션 보안을 구성할 수 있게 해주는 스프링 보안 프레임워크는 무엇인가?	스프링 시큐리티는 인증 인가를 표준화된 방식으로 적용하게 해줍니다. 필터 체인을 기반으로 요청을 가로채 보안 처리를 수행합니다. 면접에서는 인증과 인가를 구분해 설명할 수 있는지부터 확인하는 경우가 많습니다. 실무에서는 세션 기반 로그인, 토큰 기반 인증, 권한 설정 등 다양한 요구를 이 프레임워크로 구현합니다. 설정이 복잡해 보이더라도 동작 원리를 이해하면 디버깅과 유지보수가 쉬워집니다.	스프링 시큐리티									security	spring	auth	
Q822	인증(Authentication)		Backend - 인증 인가	18	INITIALS	EASY	사용자가 누구인지 확인하는 과정을 무엇이라고 하는가?	인증은 신원을 확인하는 과정입니다. 아이디 비밀번호, 소셜 로그인, 토큰 검증 같은 방식이 여기에 포함됩니다. 면접에서는 인증과 인가를 섞어 말하면 감점되는 경우가 많아 정확한 용어 구분이 중요합니다. 실무에서는 인증 실패 로그를 남기되, 민감 정보를 노출하지 않도록 주의해야 합니다. 인증 설계는 보안과 사용자 경험을 동시에 좌우하므로 정책을 명확히 해야 합니다.	인증									security	authentication	login	spring
Q823	인가(Authorization)		Backend - 인증 인가	18	INITIALS	EASY	사용자가 특정 자원이나 기능에 접근할 권한이 있는지 판단하는 과정을 무엇이라고 하는가?	인가는 권한을 확인하는 과정입니다. 인증이 끝난 뒤에 사용자가 무엇을 할 수 있는지 결정합니다. 면접에서는 역할 기반 권한과 리소스 기반 권한 같은 확장 질문이 종종 나옵니다. 실무에서는 관리자 권한 노출 같은 사고가 치명적이므로 테스트와 코드 리뷰가 중요합니다. 인가 규칙은 컨트롤러, 서비스, DB 어느 계층에 둘지 전략을 정해 일관되게 적용해야 합니다.	인가									security	authorization	role	spring
Q824	세션(Session)		Backend - 인증 인가	18	INITIALS	EASY	로그인 상태를 서버에 저장하고, 클라이언트는 식별자를 통해 상태를 이어가는 방식에서 핵심이 되는 저장 단위는 무엇인가?	세션은 서버가 사용자 상태를 저장하는 방식의 핵심입니다. 브라우저는 보통 쿠키로 세션 식별자를 들고 다닙니다. 면접에서는 세션과 쿠키 차이, 그리고 상태 저장 방식의 장단점을 자주 묻습니다. 실무에서는 서버 확장 시 세션 공유가 필요해 레디스 같은 외부 저장소를 쓰기도 합니다. 또한 세션 고정 공격 같은 보안 이슈도 있어 재발급 정책을 고려해야 합니다.	세션									session	auth	security	spring
Q825	쿠키(Cookie)		Backend - 인증 인가	18	INITIALS	EASY	브라우저가 서버가 내려준 값을 저장했다가 이후 요청에 자동으로 포함해 보내는 데이터 저장 방식은 무엇인가?	쿠키는 브라우저에 저장되는 작은 데이터입니다. 서버는 Set Cookie로 내려주고, 브라우저는 같은 조건에서 자동으로 요청에 포함합니다. 면접에서는 쿠키가 언제 전송되는지와 보안 속성 HttpOnly Secure SameSite를 자주 묻습니다. 실무에서는 토큰을 쿠키에 담을 때 XSS와 CSRF 위험을 함께 고려해야 합니다. 쿠키는 편리하지만 정책을 잘못 잡으면 보안 사고로 이어질 수 있습니다.	쿠키									cookie	security	web	spring
Q826	빌더 패턴(Builder Pattern)		Backend - 아키텍처 패턴	20	INITIALS	EASY	생성자 파라미터가 많을 때 가독성과 안전성을 높이기 위해 단계적으로 객체를 생성하는 패턴은 무엇인가?	빌더 패턴은 파라미터가 많은 객체 생성 문제를 해결하는 대표 패턴입니다. 어떤 값이 어떤 의미인지 코드에서 명확히 드러나 가독성이 좋아집니다. 면접에서는 생성자 오버로딩과 비교해 장단점을 설명하라는 질문이 나올 수 있습니다. 실무에서는 DTO, 설정 객체, 불변 객체를 만들 때 빌더가 특히 유용합니다. 다만 무조건 빌더가 정답은 아니고, 단순 객체에는 과도한 설계가 될 수 있어 상황에 맞춰 사용해야 합니다.	빌더 패턴									java	pattern	builder	
Q827	인터페이스(Interface)		언어 중심 - Java	94	INITIALS	EASY	구현을 강제하는 메서드 계약을 정의해 다형성과 확장성을 높이는 자바의 타입은 무엇인가?	인터페이스는 구현체가 따라야 할 규약을 정의합니다. 다형성을 통해 구현체 교체가 쉬워지고 테스트 더블 적용도 수월해집니다. 면접에서는 추상 클래스와 비교해 차이점을 묻는 질문이 자주 나옵니다. 실무에서는 서비스와 리포지토리의 의존을 인터페이스로 두어 결합도를 낮추는 설계가 흔합니다. 인터페이스를 잘 쓰면 변화에 강한 구조를 만들 수 있습니다.	인터페이스									java	interface	oop	
Q828	예외(Exception)		언어 중심 - Java	94	INITIALS	EASY	프로그램 실행 중 발생하는 비정상 상황을 객체로 표현해 처리 흐름을 제어하는 자바의 메커니즘은 무엇인가?	예외는 오류 상황을 명시적으로 처리하기 위한 자바의 핵심 기능입니다. 예외를 통해 정상 흐름과 실패 흐름을 분리할 수 있습니다. 면접에서는 체크 예외와 런타임 예외 차이, 예외를 어디서 잡을지 같은 질문이 자주 나옵니다. 실무에서는 예외 메시지에 민감 정보를 넣지 않는 것이 매우 중요합니다. 예외는 단순히 잡고 넘어가는 것이 아니라, 의미 있는 실패로 모델링하고 일관된 응답을 만드는 것이 핵심입니다.	예외									java	exception	error	
Q829	로깅(Logging)		Backend - 웹 서버 기초	17	INITIALS	EASY	장애 원인 추적과 운영 관측을 위해 시스템 이벤트를 기록하는 작업을 무엇이라고 하는가?	로깅은 운영에서 가장 기본이면서도 중요한 도구입니다. 요청 흐름과 오류 원인을 추적하는 데 필수이며, 관측 가능성의 출발점입니다. 면접에서는 로그 레벨을 어떻게 나누는지와 개인정보 마스킹을 자주 물어봅니다. 실무에서는 요청 ID를 포함해 트레이싱을 가능하게 하고, 과도한 로그로 비용이 폭증하지 않도록 조절합니다. 로그는 많이 남기는 것보다 문제 해결에 도움이 되도록 남기는 것이 중요합니다.	로깅									logging	observability	spring	
Q830	테스트(Test)		Backend - 테스트	22	INITIALS	EASY	코드 변경이 기존 기능을 깨지 않는지 자동으로 검증하기 위해 작성하는 검증 코드를 무엇이라고 하는가?	테스트는 소프트웨어 품질과 개발 속도를 동시에 좌우합니다. 자동 테스트가 있으면 리팩터링이 쉬워지고 배포 안정성이 올라갑니다. 면접에서는 단위 테스트와 통합 테스트를 구분하고 어떤 것을 언제 쓰는지 묻는 경우가 많습니다. 실무에서는 테스트가 느려지면 개발 생산성이 떨어지므로, 빠른 테스트와 중요한 통합 테스트를 적절히 조합합니다. 테스트는 선택 사항이 아니라 유지보수 가능한 시스템을 만드는 핵심 장치입니다.	테스트									test	quality	spring	
Q831	프로토타입 스코프(Prototype Scope)		Backend - 언어 & 프레임워크	21	INITIALS	EASY	스프링 컨테이너에서 요청할 때마다 새로운 빈 인스턴스를 만들어 주는 스코프는 무엇인가?	프로토타입 스코프는 빈을 주입받을 때마다 새로운 객체가 생성되는 스코프입니다. 싱글톤과 달리 상태를 가질 수 있는 객체에 사용할 여지가 있습니다. 면접에서는 싱글톤 기본값과 비교해 언제 프로토타입을 쓰는지 질문이 나옵니다. 실무에서는 프로토타입을 싱글톤 빈에 주입하면 생성 시점에 한 번만 만들어져 기대와 다르게 동작할 수 있어 주의가 필요합니다. 필요하면 프록시나 ObjectProvider 같은 방식으로 생성 시점을 제어해야 합니다.	프로토타입 스코프									spring	bean	scope	
Q832	빈 생명주기(Bean Lifecycle)		Backend - 언어 & 프레임워크	21	INITIALS	EASY	스프링이 빈을 생성하고 의존성을 주입한 뒤 초기화하고, 종료 시 정리하는 전체 흐름을 무엇이라고 하는가?	빈 생명주기는 생성, 의존성 주입, 초기화, 사용, 소멸의 흐름을 의미합니다. 이 흐름을 알아야 초기화 코드나 리소스 정리를 올바른 위치에 넣을 수 있습니다. 면접에서는 초기화와 소멸 콜백이 언제 호출되는지로 확장 질문이 자주 나옵니다. 실무에서는 DB 커넥션, 스레드, 파일 핸들 같은 자원을 안전하게 열고 닫는 설계에 직접 영향을 줍니다. 생명주기를 모르면 메모리 누수나 종료 시 예외 같은 운영 문제가 생길 수 있습니다.	빈 생명주기									spring	lifecycle	bean	
Q833	포스트 컨스트럭트(PostConstruct)		Backend - 언어 & 프레임워크	21	INITIALS	EASY	의존성 주입이 끝난 뒤 빈이 초기화 로직을 수행하도록 호출되는 초기화 단계의 대표 콜백은 무엇인가?	포스트 컨스트럭트는 빈이 생성되고 의존성 주입이 완료된 뒤 초기화 로직을 수행하는 지점입니다. 생성자에서 하기 어려운 초기화 작업을 이 단계로 옮길 수 있습니다. 면접에서는 초기화는 생성자에서 하면 안 되냐는 질문이 종종 나오며, 의존성 주입 타이밍을 설명하면 좋습니다. 실무에서는 외부 시스템 연결 같은 무거운 작업을 과도하게 넣으면 기동 시간이 길어질 수 있어 주의해야 합니다. 초기화 실패 시 애플리케이션이 기동 자체를 못 할 수도 있으니 실패 전략도 함께 고려합니다.	포스트 컨스트럭트									spring	lifecycle	init	
Q834	프리 디스트로이(PreDestroy)		Backend - 언어 & 프레임워크	21	INITIALS	EASY	스프링 컨테이너 종료 시점에 빈이 자원을 정리하도록 호출되는 소멸 단계의 대표 콜백은 무엇인가?	프리 디스트로이는 컨테이너가 종료되기 직전에 호출되어 자원을 정리하는 용도로 사용됩니다. 커넥션 종료, 스레드 중지, 버퍼 flush 같은 작업을 여기에 배치합니다. 면접에서는 이 콜백이 언제 호출되는지와 어떤 스코프에서 동작이 다른지 질문이 나올 수 있습니다. 실무에서는 프로토타입 스코프는 컨테이너가 소멸 관리를 하지 않아 프리 디스트로이가 호출되지 않을 수 있다는 점이 함정입니다. 정상 종료가 보장되지 않는 환경도 있으니 운영 관점의 안전장치도 함께 고민해야 합니다.	프리 디스트로이									spring	lifecycle	destroy	
Q835	스프링 부트 애플리케이션(SpringBootApplication)		Backend - 언어 & 프레임워크	21	INITIALS	EASY	스프링 부트에서 자동 구성과 컴포넌트 스캔을 활성화해 애플리케이션을 시작하는 대표 애노테이션은 무엇인가?	스프링 부트 애플리케이션은 부트의 핵심 기능들을 한 번에 켜는 진입점 역할을 합니다. 자동 구성과 컴포넌트 스캔이 함께 동작해 설정을 크게 줄여줍니다. 면접에서는 이 애노테이션이 하는 일을 설명해보라는 질문이 자주 나옵니다. 실무에서는 메인 클래스의 패키지 위치에 따라 스캔 범위가 달라져 빈 누락 문제가 생길 수 있습니다. 자동 구성이 많아질수록 어떤 설정이 켜졌는지 확인하는 습관이 중요합니다.	스프링 부트 애플리케이션									springboot	config	scan	
Q836	조건부 빈 등록(Conditional)		Backend - 언어 & 프레임워크	21	INITIALS	EASY	특정 조건을 만족할 때만 빈이 등록되도록 제어하는 스프링 부트의 구성 방식은 무엇인가?	조건부 빈 등록은 클래스패스 존재 여부나 프로퍼티 값 같은 조건에 따라 빈을 만들지 말지 결정합니다. 스프링 부트 자동 구성의 핵심 메커니즘이기도 합니다. 면접에서는 자동 구성이 어떻게 동작하는지 설명할 때 조건부 등록이 자주 등장합니다. 실무에서는 예상치 못한 빈 충돌이나 등록 누락이 발생하면 조건을 먼저 의심하는 것이 좋습니다. 조건이 복잡해지면 구성 파악이 어려워지므로 설정과 모듈 경계를 단순하게 유지하는 것이 중요합니다.	조건부 빈 등록									springboot	autoconfig	bean	
Q837	외부화된 설정(Externalized Configuration)		Backend - 언어 & 프레임워크	21	INITIALS	EASY	코드 변경 없이 환경에 따라 값만 바꿔 실행할 수 있도록 설정을 분리해 관리하는 개념은 무엇인가?	외부화된 설정은 실행 환경별로 다른 값을 코드 밖에서 주입하는 방식입니다. 개발, 운영, 테스트에서 DB 주소나 키 값이 달라도 코드는 동일하게 유지할 수 있습니다. 면접에서는 설정을 파일이나 환경 변수로 분리하는 이유를 자주 묻습니다. 실무에서는 민감한 값은 소스에 남기지 않고 시크릿이나 환경 변수로 관리하는 것이 안전합니다. 설정 우선순위를 이해하면 운영에서 값이 왜 안 먹는지 같은 문제를 빨리 해결할 수 있습니다.	외부화된 설정									springboot	config	ops	
Q838	활성 프로파일(Active Profile)		Backend - 언어 & 프레임워크	21	INITIALS	EASY	개발, 운영 같은 환경에 따라 적용할 설정 묶음을 선택하는 스프링의 기능은 무엇인가?	활성 프로파일은 어떤 환경 설정을 적용할지 선택하는 스위치 역할을 합니다. 같은 코드라도 dev와 prod에서 다른 DB나 로깅 설정을 적용할 수 있습니다. 면접에서는 프로파일별 설정 파일을 어떻게 나누는지 질문이 나올 수 있습니다. 실무에서는 운영 설정이 개발에 섞여 사고가 나는 경우가 많아 프로파일 분리가 매우 중요합니다. 테스트에서도 전용 프로파일을 두면 외부 의존성을 줄이고 안정성을 높일 수 있습니다.	활성 프로파일									springboot	profile	config	
Q839	애플리케이션 이벤트(Application Event)		Backend - 언어 & 프레임워크	21	INITIALS	EASY	컴포넌트 간 결합도를 낮추기 위해 발행하고 구독하는 방식으로 전달되는 내부 이벤트를 무엇이라고 하는가?	애플리케이션 이벤트는 한 컴포넌트가 발생시킨 일을 다른 컴포넌트가 구독해 처리하도록 만드는 방식입니다. 직접 호출 대신 이벤트로 연결하면 의존 관계가 느슨해집니다. 면접에서는 이벤트 기반 구조의 장단점을 묻는 질문이 나올 수 있습니다. 실무에서는 기본적으로 동기 처리인 경우가 많아 긴 작업을 이벤트로 넣으면 응답이 느려질 수 있습니다. 이벤트를 쓸 때는 처리 시점과 실패 전략을 명확히 설계하는 것이 중요합니다.	애플리케이션 이벤트									spring	event	decouple	
Q840	이벤트 리스너(Event Listener)		Backend - 언어 & 프레임워크	21	INITIALS	EASY	발생한 애플리케이션 이벤트를 감지해 특정 로직을 실행하도록 구독하는 구성 요소는 무엇인가?	이벤트 리스너는 이벤트를 받아 후속 처리를 수행하는 역할입니다. 이를 통해 기능을 분리하고 모듈 간 결합도를 낮출 수 있습니다. 면접에서는 리스너가 언제 실행되는지와 동기 비동기 처리 차이를 질문할 수 있습니다. 실무에서는 리스너에서 예외가 나면 전체 흐름에 영향을 줄 수 있으니 예외 처리와 로깅이 중요합니다. 처리 순서가 필요한 경우에는 우선순위나 트랜잭션 이벤트 같은 기능도 함께 고려해야 합니다.	이벤트 리스너									spring	event	listener	
Q841	스케줄링(Scheduling)		Backend - 비동기 처리	19	INITIALS	EASY	일정 주기나 특정 시간에 맞춰 서버 작업을 자동으로 실행하도록 만드는 기능은 무엇인가?	스케줄링은 주기적으로 작업을 실행해 배치 처리나 정기 정리를 수행할 때 사용합니다. 크론 표현식으로 실행 시간을 지정할 수 있습니다. 면접에서는 스케줄 작업이 겹치면 어떻게 되는지 같은 운영 질문이 나올 수 있습니다. 실무에서는 작업이 오래 걸리면 중복 실행이 발생할 수 있어 락이나 분산 실행 제어가 필요합니다. 스케줄 스레드 풀 설정과 실패 재시도 정책을 함께 설계하는 것이 안전합니다.	스케줄링									spring	scheduler	async	
Q842	캐시(Cache)		Backend - 아키텍처 패턴	20	INITIALS	EASY	자주 조회되는 결과를 임시로 저장해 DB나 외부 호출을 줄이고 응답 속도를 높이는 기법은 무엇인가?	캐시는 동일한 계산이나 조회를 반복하지 않도록 결과를 저장하는 기법입니다. 응답 속도 개선과 DB 부하 감소에 큰 도움이 됩니다. 면접에서는 캐시를 쓰면 무엇이 좋아지고 무엇이 위험해지는지 질문이 나옵니다. 실무에서는 캐시 무효화 전략이 핵심이며, 잘못하면 오래된 데이터가 제공될 수 있습니다. 캐시 키 설계와 TTL 설정을 신중히 해야 안정적인 성능 최적화가 가능합니다.	캐시									cache	performance	backend	springboot
Q843	캐시어블(Cacheable)		Backend - 아키텍처 패턴	20	INITIALS	EASY	메서드 실행 결과를 캐시에 저장해 같은 요청이면 결과를 재사용하도록 만드는 대표 기능은 무엇인가?	캐시어블은 메서드 결과를 캐싱해 동일 입력에 대해 빠르게 응답하도록 돕습니다. DB 조회가 비싼 API에서 효과가 큽니다. 면접에서는 캐시 키가 어떻게 만들어지는지와 어떤 메서드에 적용하면 위험한지 질문이 나올 수 있습니다. 실무에서는 내부 호출에서는 적용이 안 될 수 있는 구조적 함정이 있으니 호출 경로를 확인해야 합니다. 부작용이 있는 메서드에 적용하면 데이터 불일치가 생길 수 있어 조회 성격에만 쓰는 것이 안전합니다.	캐시어블									cache	spring	annotation	
Q844	로그 레벨(Log Level)		Backend - 웹 서버 기초	17	INITIALS	EASY	로그를 trace, debug, info, warn, error처럼 중요도에 따라 구분해 남기는 기준을 무엇이라고 하는가?	로그 레벨은 어떤 로그를 어느 정도로 남길지 판단하는 기준입니다. 개발 환경에서는 디버그 로그가 도움이 되지만 운영에서는 과도한 로그가 성능과 비용 문제를 만들 수 있습니다. 면접에서는 레벨별 의미와 운영에서 어떤 레벨을 기본으로 두는지 질문이 나옵니다. 실무에서는 특정 패키지에만 디버그를 켜서 장애 분석에 활용하는 방식이 흔합니다. 민감 정보가 로그에 남지 않도록 레벨과 메시지 설계를 함께 관리해야 합니다.	로그 레벨									logging	level	ops	springboot
Q845	로그백(Logback)		Backend - 웹 서버 기초	17	INITIALS	EASY	스프링 부트에서 자주 사용되는 자바 로깅 구현체 중 하나로 설정 파일로 출력 정책을 제어하는 것은 무엇인가?	로그백은 SLF4J와 함께 자주 쓰이는 로깅 구현체입니다. 콘솔 출력뿐 아니라 파일 롤링, 포맷, 비동기 출력 같은 정책을 설정할 수 있습니다. 면접에서는 운영에서 로그 파일이 너무 커지면 어떻게 할지 같은 질문이 나올 수 있습니다. 실무에서는 롤링 정책과 보관 기간을 설정해 디스크를 보호해야 합니다. 로그백 설정은 관측 가능성과 비용을 함께 좌우하므로 운영 기준을 정해두는 것이 좋습니다.	로그백									logging	logback	ops	springboot
Q846	스프링 부트 테스트(SpringBootTest)		Backend - 테스트	22	INITIALS	EASY	애플리케이션 컨텍스트를 거의 전체로 로딩해 실제와 유사한 형태로 통합 테스트를 수행하는 방식은 무엇인가?	스프링 부트 테스트는 컨텍스트를 로딩해 통합 수준의 검증을 가능하게 합니다. 실제 빈 구성이 올라오므로 설정 오류를 조기에 발견하는 데 도움이 됩니다. 면접에서는 왜 느릴 수 있는지와 언제 써야 하는지 질문이 자주 나옵니다. 실무에서는 테스트 시간이 길어지면 개발 속도가 떨어지므로 필요한 케이스에만 선별적으로 쓰는 것이 좋습니다. 프로파일 분리와 테스트 더블 적용을 함께 설계하면 안정적인 테스트가 가능합니다.	스프링 부트 테스트									test	springboot	integration	
Q847	다형성(Polymorphism)		언어 중심 - Java	94	INITIALS	EASY	같은 인터페이스나 부모 타입으로 다양한 구현 객체를 다루게 해주는 객체지향 핵심 특성은 무엇인가?	다형성은 객체지향의 핵심으로, 하나의 타입으로 여러 구현체를 교체 가능하게 만드는 성질입니다. 스프링에서 DI가 강력해지는 이유도 다형성을 전제로 하기 때문입니다. 면접에서는 다형성을 설명하면서 업캐스팅과 동적 바인딩까지 연결되는 경우가 많습니다. 실무에서는 구현체 교체가 쉬워 테스트 더블 적용이나 기능 확장에 유리합니다. 다형성을 잘 쓰면 결합도를 낮추고 변화에 강한 설계를 만들 수 있습니다.	다형성									java	oop	polymorphism	
Q848	캡슐화(Encapsulation)		언어 중심 - Java	94	INITIALS	EASY	데이터와 동작을 객체 내부에 숨기고 외부에는 필요한 인터페이스만 노출하도록 하는 객체지향 원칙은 무엇인가?	캡슐화는 객체 내부 상태를 보호하고 변경에 대한 영향 범위를 줄이는 원칙입니다. 자바에서는 접근 제어자와 메서드로 상태 변경을 통제하는 방식으로 구현합니다. 면접에서는 왜 필드를 private으로 두는지, setter를 무조건 열면 어떤 문제가 생기는지 질문이 나옵니다. 실무에서는 불변 객체와 검증 로직을 통해 잘못된 상태가 들어오는 것을 막는 것이 중요합니다. 캡슐화가 약하면 도메인 규칙이 깨지고 버그가 넓게 퍼지기 쉽습니다.	캡슐화									java	oop	encapsulation	
Q849	상속(Inheritance)		언어 중심 - Java	94	INITIALS	EASY	공통 기능을 부모 클래스에 두고 자식 클래스가 이를 물려받아 재사용하는 객체지향 기법은 무엇인가?	상속은 코드 재사용을 돕지만 잘못 쓰면 결합이 강해져 변경이 어려워질 수 있습니다. 그래서 면접에서는 상속보다 조합을 선호하는 이유를 묻는 경우가 많습니다. 자바에서는 extends로 상속하고, 오버라이딩으로 동작을 재정의할 수 있습니다. 실무에서는 공통 규칙이 정말 안정적일 때만 상속을 쓰고, 변동이 큰 기능은 인터페이스 조합으로 푸는 것이 안전합니다. 상속은 강력하지만 설계 의도가 명확해야 합니다.	상속									java	oop	inheritance	
Q850	오버라이딩(Overriding)		언어 중심 - Java	94	INITIALS	EASY	부모 클래스의 메서드를 자식 클래스에서 재정의해 동작을 바꾸는 것을 무엇이라고 하는가?	오버라이딩은 같은 시그니처의 메서드를 자식 클래스에서 다시 구현하는 기능입니다. 런타임 다형성과 연결되어 실제 객체 타입의 메서드가 호출됩니다. 면접에서는 오버로딩과 혼동하기 쉬워 차이를 명확히 설명할 수 있어야 합니다. 실무에서는 템플릿 메서드 패턴이나 프레임워크 확장 포인트에서 오버라이딩을 자주 접합니다. 규약을 깨지 않도록 접근 제한과 예외 규칙 같은 제약도 함께 기억하는 것이 좋습니다.	오버라이딩									java	oop	overriding	
Q851	오버로딩(Overloading)		언어 중심 - Java	94	INITIALS	EASY	같은 메서드 이름을 사용하되 파라미터 목록을 달리해 여러 메서드를 정의하는 것을 무엇이라고 하는가?	오버로딩은 컴파일 시점에 어떤 메서드를 호출할지 결정되는 기능입니다. 같은 이름으로 다양한 입력을 받게 해 가독성을 높일 수 있습니다. 면접에서는 오버라이딩과 차이, 그리고 모호한 오버로딩이 버그를 만들 수 있다는 점을 질문할 수 있습니다. 실무에서는 생성자 오버로딩이 많아지면 빌더 패턴으로 전환하는 이유와 연결되기도 합니다. 편의성과 명확성 사이 균형을 잡는 것이 중요합니다.	오버로딩									java	oop	overloading	
Q852	인터페이스 분리 원칙(Interface Segregation Principle)		Backend - 아키텍처 패턴	20	INITIALS	EASY	클라이언트가 사용하지 않는 메서드에 의존하도록 강제하면 안 된다는 SOLID 원칙은 무엇인가?	인터페이스 분리 원칙은 큰 인터페이스를 여러 개의 작은 인터페이스로 쪼개는 것을 권장합니다. 한 인터페이스가 너무 많은 책임을 가지면 구현체들이 불필요한 메서드까지 구현해야 해서 결합이 커집니다. 면접에서는 SOLID를 설명할 때 대표적으로 나오는 원칙 중 하나입니다. 실무에서는 역할이 분명한 인터페이스를 만들면 테스트도 쉬워지고 변경 범위도 줄어듭니다. 인터페이스는 계약이므로, 계약을 최소화해 불필요한 의존을 줄이는 것이 핵심입니다.	인터페이스 분리 원칙									solid	design	interface	java
Q853	단일 책임 원칙(Single Responsibility Principle)		Backend - 아키텍처 패턴	20	INITIALS	EASY	하나의 클래스나 모듈은 하나의 책임만 가져야 한다는 설계 원칙은 무엇인가?	단일 책임 원칙은 변경 이유가 하나여야 한다는 의미로 자주 설명됩니다. 한 클래스가 여러 책임을 가지면 작은 변경에도 영향 범위가 커져 버그가 생기기 쉽습니다. 면접에서는 SRP를 코드 예시로 설명해보라고 할 수 있습니다. 실무에서는 서비스가 비대해질 때 유스케이스 단위로 쪼개거나 도메인 경계를 재정의하는 기준으로 활용됩니다. 책임을 나누면 테스트가 쉬워지고 배포 위험도도 낮아집니다.	단일 책임 원칙									solid	design	srp	java
Q854	의존 역전 원칙(Dependency Inversion Principle)		Backend - 아키텍처 패턴	20	INITIALS	EASY	구체 클래스가 아니라 추상에 의존해야 한다는 SOLID 원칙은 무엇인가?	의존 역전 원칙은 상위 모듈이 하위 모듈의 구현에 직접 의존하지 않게 만드는 원칙입니다. 인터페이스를 통해 의존 방향을 뒤집어 결합도를 낮춥니다. 면접에서는 DIP가 DI와 어떻게 관계되는지 질문이 자주 나옵니다. 실무에서는 외부 API, DB 접근, 메시징 같은 부분을 인터페이스로 감싸 테스트와 교체를 쉽게 만듭니다. 이 원칙이 지켜지면 시스템이 확장될 때 변경 비용이 크게 줄어듭니다.	의존 역전 원칙									solid	di	dip	java
Q855	의존성 관리(Dependency Management)		Backend - 언어 & 프레임워크	21	INITIALS	EASY	라이브러리 버전 충돌을 줄이고 일관된 버전 조합을 유지하도록 빌드 도구에서 의존성을 정리하는 작업을 무엇이라고 하는가?	의존성 관리는 프로젝트 안정성과 직결됩니다. 같은 라이브러리의 서로 다른 버전이 함께 들어오면 런타임 오류가 발생할 수 있습니다. 면접에서는 의존성 충돌이 왜 생기고 어떻게 해결하는지 질문이 나옵니다. 실무에서는 BOM이나 dependencyManagement로 버전 정합성을 맞추고, 불필요한 의존성은 제외해 빌드 시간을 줄입니다. 의존성 트리를 확인하는 습관이 있으면 장애 대응이 빨라집니다.	의존성 관리									build	dependency	gradle	java
Q856	테스트 더블(Test Double)		Backend - 테스트	22	INITIALS	EASY	실제 객체 대신 테스트 목적에 맞게 대체해 사용하는 객체를 무엇이라고 하는가?	테스트 더블은 테스트를 빠르고 독립적으로 만들기 위한 대체 객체입니다. 목, 스텁, 페이크 같은 형태가 여기에 포함됩니다. 면접에서는 목과 스텁 차이를 설명해보라는 질문이 자주 나옵니다. 실무에서는 외부 API 호출이나 DB 같은 느린 의존성을 더블로 대체해 테스트 시간을 줄입니다. 다만 더블을 과도하게 쓰면 실제 통합 오류를 놓칠 수 있으니 통합 테스트와 균형을 맞추는 것이 중요합니다.	테스트 더블									test	mock	stub	java
Q857	목(Mock)		Backend - 테스트	22	INITIALS	EASY	호출 여부와 호출 인자 같은 상호작용을 검증하기 위해 사용하는 테스트 더블을 무엇이라고 하는가?	목은 행위 검증에 초점을 맞춘 테스트 더블입니다. 특정 메서드가 호출되었는지, 몇 번 호출되었는지를 검증합니다. 면접에서는 스텁과의 차이를 묻고, 언제 목 기반 테스트가 유리한지 질문이 나올 수 있습니다. 실무에서는 외부 시스템 호출 같은 부작용이 있는 의존성을 격리하는 데 자주 사용됩니다. 다만 목 중심 테스트는 구현에 너무 결합되기 쉬우니 중요한 상호작용만 검증하는 습관이 필요합니다.	목									test	mock	junit	java
Q858	스텁(Stub)		Backend - 테스트	22	INITIALS	EASY	테스트에서 특정 입력에 대해 미리 정해둔 값을 반환하도록 만든 테스트 더블을 무엇이라고 하는가?	스텁은 상태 기반 테스트에서 많이 사용됩니다. 외부 의존성이 항상 같은 값을 반환하도록 만들어 테스트를 안정화합니다. 면접에서는 스텁과 목의 차이, 그리고 언제 스텁이 더 적합한지 질문이 나올 수 있습니다. 실무에서는 DB나 외부 API 응답을 단순화해 핵심 로직만 검증할 때 유용합니다. 다만 실제 환경과 차이가 커지면 통합 단계에서 문제가 터질 수 있어 테스트 레이어를 분리해 운영하는 것이 좋습니다.	스텁									test	stub	double	java
Q859	통합 테스트(Integration Test)		Backend - 테스트	22	INITIALS	EASY	여러 컴포넌트를 실제로 연결해 함께 동작하는지 검증하는 테스트 유형은 무엇인가?	통합 테스트는 여러 계층이 함께 동작하는지를 확인합니다. 설정 오류, 빈 주입 문제, 실제 DB 연동 문제를 조기에 발견할 수 있습니다. 면접에서는 단위 테스트와 비교해 장단점을 설명하라는 질문이 많습니다. 실무에서는 테스트 환경 구성 비용이 크므로, 핵심 플로우만 통합 테스트로 두고 나머지는 단위 테스트로 빠르게 커버하는 전략이 흔합니다. 통합 테스트는 느리지만 배포 안정성에 큰 기여를 합니다.	통합 테스트									test	integration	springboot	spring
Q860	단위 테스트(Unit Test)		Backend - 테스트	22	INITIALS	EASY	클래스나 메서드 같은 작은 단위를 빠르게 검증하며 외부 의존성을 최소화하는 테스트 유형은 무엇인가?	단위 테스트는 빠르고 반복 가능한 피드백을 제공합니다. 외부 시스템 의존을 줄여 실패 원인을 좁히기 쉬운 것이 장점입니다. 면접에서는 단위 테스트가 왜 중요한지와 좋은 단위 테스트 기준을 묻는 경우가 많습니다. 실무에서는 리팩터링을 안전하게 하고, 버그 재현 케이스를 테스트로 고정하는 데 큰 도움이 됩니다. 단위 테스트는 속도가 생명이라 환경 구성이 무겁지 않게 유지하는 것이 중요합니다.	단위 테스트									test	unit	junit	java
Q861	어설션(Assertion)		Backend - 테스트	22	INITIALS	EASY	테스트에서 기대값과 실제값이 같은지 검증해 통과 실패를 판단하는 구문을 무엇이라고 하는가?	어설션은 테스트의 핵심으로, 무엇이 맞아야 하는지를 선언합니다. 값 비교뿐 아니라 예외 발생 여부, 컬렉션 포함 여부 등 다양한 검증이 가능합니다. 면접에서는 좋은 테스트는 어설션이 명확해야 한다는 관점으로 질문이 나올 수 있습니다. 실무에서는 어설션 메시지를 잘 쓰면 실패 원인을 빠르게 파악할 수 있습니다. 어설션이 모호하면 테스트가 있어도 디버깅 시간이 길어지므로, 한 테스트에는 한 가지 핵심을 검증하는 습관이 좋습니다.	어설션									test	assertion	quality	java
Q862	트랜잭션 전파(Transaction Propagation)		Backend - 언어 & 프레임워크	21	INITIALS	EASY	트랜잭션 안에서 또 다른 트랜잭션 경계가 호출될 때 기존 트랜잭션을 이어갈지 새로 만들지 결정하는 규칙은 무엇인가?	트랜잭션 전파는 서비스 메서드 호출 관계에서 트랜잭션이 어떻게 동작할지 결정합니다. 기본값은 보통 기존 트랜잭션을 이어가는 방식입니다. 면접에서는 전파 옵션이 왜 필요하고 어떤 상황에서 새 트랜잭션이 필요한지 질문이 나옵니다. 실무에서는 결제, 포인트 적립처럼 일부는 반드시 독립 커밋이 필요할 때 전파 설정이 중요해집니다. 트랜잭션은 성능과 데이터 일관성에 직결되니 전파 개념을 정확히 잡아두면 좋습니다.	트랜잭션 전파									spring	transaction	propagation	springboot
Q863	롤백(Rollback)		Backend - 언어 & 프레임워크	21	INITIALS	EASY	트랜잭션 도중 문제가 발생했을 때 변경 사항을 이전 상태로 되돌리는 동작을 무엇이라고 하는가?	롤백은 트랜잭션의 원자성을 지키기 위한 핵심 동작입니다. 중간에 실패하면 전체 변경을 취소해 데이터 불일치를 막습니다. 면접에서는 어떤 예외에서 롤백되는지와 롤백 규칙을 물어보는 경우가 많습니다. 실무에서는 체크 예외는 기본적으로 롤백이 안 될 수 있어 정책을 명시해야 하는 함정이 있습니다. 롤백을 제대로 이해하면 장애 상황에서도 데이터 정합성을 안전하게 지킬 수 있습니다.	롤백									transaction	rollback	db	spring
Q864	커밋(Commit)		Backend - 언어 & 프레임워크	21	INITIALS	EASY	트랜잭션이 정상적으로 끝났을 때 변경 내용을 확정해 데이터베이스에 반영하는 동작을 무엇이라고 하는가?	커밋은 트랜잭션에서 변경을 확정하는 단계입니다. 커밋이 되어야 다른 트랜잭션에서 변경 결과를 볼 수 있습니다. 면접에서는 커밋 시점과 격리 수준, 락과의 관계로 질문이 확장될 수 있습니다. 실무에서는 커밋이 늦어지면 락이 오래 잡혀 동시성 문제가 생길 수 있어 트랜잭션 범위를 작게 유지하는 것이 중요합니다. 커밋은 단순 저장이 아니라 동시성 환경에서 일관성을 보장하는 기준점입니다.	커밋									transaction	commit	db	spring
Q865	격리 수준(Isolation Level)		Backend - 언어 & 프레임워크	21	INITIALS	EASY	동시에 실행되는 트랜잭션들이 서로의 변경을 어느 정도까지 볼 수 있는지 정하는 수준을 무엇이라고 하는가?	격리 수준은 동시성 성능과 데이터 정합성의 균형을 조절합니다. 격리 수준이 높을수록 이상 현상은 줄지만 성능 비용이 커질 수 있습니다. 면접에서는 더티 리드, 반복 가능 읽기 같은 현상을 함께 물어보는 경우가 많습니다. 실무에서는 기본 격리 수준을 믿되, 특정 업무에서는 별도 튜닝이 필요할 수 있습니다. 격리 수준을 이해하면 동시성 버그와 성능 문제를 함께 분석할 수 있어 면접과 실무 모두에서 강력한 무기가 됩니다.	격리 수준									transaction	isolation	concurrency	spring
Q866	프록시(Proxy)		Backend - 언어 & 프레임워크	21	INITIALS	MEDIUM	트랜잭션이나 AOP 적용을 위해 스프링이 실제 객체 대신 대리 객체를 만들어 호출을 가로채는 방식을 무엇이라고 하는가?	스프링은 트랜잭션과 AOP를 적용할 때 실제 빈을 직접 바꾸지 않고 프록시를 앞에 세우는 방식을 주로 사용합니다. 프록시는 메서드 호출을 가로채 부가 로직을 실행한 뒤 실제 객체에 위임합니다. 면접에서는 트랜잭션이 왜 같은 클래스 내부 호출에서는 적용이 안 될 수 있는지 같은 질문으로 이어지기 쉽습니다. 실무에서는 프록시 기반이라는 사실을 모르면 어노테이션을 붙였는데도 동작하지 않는 “묘한 버그”를 겪게 됩니다. 따라서 프록시가 언제 생성되고 어떤 호출에서만 동작하는지 이해하는 것이 중요합니다.	프록시									spring	aop	proxy	springboot
Q867	조인 포인트(Join Point)		Backend - 언어 & 프레임워크	21	INITIALS	MEDIUM	AOP에서 어드바이스가 적용될 수 있는 메서드 실행 같은 지점을 무엇이라고 하는가?	조인 포인트는 AOP가 개입할 수 있는 후보 지점입니다. 스프링 AOP에서는 주로 메서드 실행이 조인 포인트로 다뤄집니다. 면접에서는 포인트컷이 조인 포인트 중 어떤 것들을 선택하는지 설명하는 흐름으로 묻기도 합니다. 실무에서는 어떤 지점에 AOP가 걸리는지 정확히 알면 로깅이나 트랜잭션 범위를 의도대로 제어할 수 있습니다. 개념을 모르면 예상보다 넓거나 좁게 적용되어 성능 또는 기능 문제가 생길 수 있습니다.	조인 포인트									aop	joinpoint	spring	springboot
Q868	포인트컷(Pointcut)		Backend - 언어 & 프레임워크	21	INITIALS	MEDIUM	조인 포인트 중에서 실제로 어드바이스를 적용할 대상을 선택하는 규칙을 무엇이라고 하는가?	포인트컷은 AOP 적용 범위를 결정하는 선택 규칙입니다. 패키지, 클래스, 메서드 패턴 등으로 지정해 어디에 부가 로직이 들어갈지 통제합니다. 면접에서는 포인트컷 표현식이 왜 필요한지, 너무 광범위하면 어떤 문제가 생기는지 질문이 나올 수 있습니다. 실무에서는 로깅이나 트랜잭션이 의도치 않게 광범위하게 걸리면 성능 저하와 예기치 못한 동작을 만들 수 있습니다. 포인트컷은 명확하고 좁게 잡고 필요하면 점진적으로 확장하는 것이 안전합니다.	포인트컷									aop	pointcut	spring	springboot
Q869	어드바이스(Advice)		Backend - 언어 & 프레임워크	21	INITIALS	MEDIUM	AOP에서 메서드 호출 전후 또는 예외 발생 시 실행되는 부가 로직을 무엇이라고 하는가?	어드바이스는 실제로 실행되는 부가 기능 코드입니다. 실행 전, 실행 후, 반환 후, 예외 발생 시 등 다양한 시점에 적용할 수 있습니다. 면접에서는 Around가 왜 강력한지와 언제 쓰는지 같은 질문이 나옵니다. 실무에서는 트랜잭션, 로깅, 성능 측정, 권한 체크 같은 기능이 어드바이스로 구현됩니다. 다만 어드바이스가 많아지면 흐름이 복잡해지므로, 핵심 로직과 운영 로직의 경계를 잘 유지해야 합니다.	어드바이스									aop	advice	spring	springboot
Q870	애스펙트(Aspect)		Backend - 언어 & 프레임워크	21	INITIALS	MEDIUM	포인트컷과 어드바이스를 묶어 하나의 관심사 단위로 정의한 구성 요소를 무엇이라고 하는가?	애스펙트는 특정 횡단 관심사를 하나의 모듈로 묶어 관리하는 단위입니다. 어드바이스와 포인트컷이 결합되어 “어디에 어떤 로직을 넣을지”가 하나로 정의됩니다. 면접에서는 애스펙트를 남용하면 어떤 문제가 생기는지 같은 설계 질문이 나올 수 있습니다. 실무에서는 공통 로깅이나 권한 처리처럼 반복되는 요구를 깔끔하게 모듈화할 때 유용합니다. 그러나 애스펙트가 많아지면 실제 실행 흐름이 숨겨지기 쉬워 문서화와 규칙화가 필요합니다.	애스펙트									aop	aspect	crosscutting	spring
Q871	자기 호출(Self Invocation)		Backend - 언어 & 프레임워크	21	INITIALS	MEDIUM	같은 클래스 내부에서 this로 메서드를 호출해 프록시를 거치지 않아 트랜잭션이나 AOP가 적용되지 않을 수 있는 상황을 무엇이라고 하는가?	스프링 AOP는 보통 프록시를 통해 동작하므로, 프록시를 “통과하는 호출”에만 적용됩니다. 같은 클래스 내부에서 메서드를 호출하면 프록시를 거치지 않아 어노테이션이 있어도 적용되지 않는 경우가 생깁니다. 면접에서는 트랜잭션이 안 먹는 대표 원인으로 이 상황을 자주 물어봅니다. 실무에서는 메서드를 다른 빈으로 분리하거나, 구조를 바꿔 프록시 경로로 호출되도록 설계합니다. 이 개념을 모르면 원인 찾기가 매우 어렵기 때문에 반드시 짚고 넘어가야 합니다.	자기 호출									spring	proxy	transaction	springboot
Q872	지연 로딩(Lazy Loading)		Backend - 언어 & 프레임워크	21	INITIALS	MEDIUM	연관된 엔티티를 즉시 조회하지 않고 실제 접근 시점에 데이터베이스에서 조회하도록 하는 전략을 무엇이라고 하는가?	지연 로딩은 JPA에서 연관 관계를 효율적으로 다루기 위한 전략입니다. 필요할 때만 조회하므로 초기 쿼리 비용을 줄일 수 있습니다. 면접에서는 지연 로딩과 즉시 로딩 차이, 그리고 왜 기본이 지연 로딩인지 자주 묻습니다. 실무에서는 트랜잭션 밖에서 지연 로딩이 발생하면 예외가 터질 수 있어, 조회 범위와 DTO 변환 시점을 신중히 설계해야 합니다. 성능과 안정성 사이 균형을 잡는 것이 포인트입니다.	지연 로딩									jpa	hibernate	lazy	springboot
Q873	페치 조인(Fetch Join)		Backend - 언어 & 프레임워크	21	INITIALS	MEDIUM	연관 엔티티를 한 번의 쿼리로 함께 조회해 N플러스원을 줄이는 JPQL 전략을 무엇이라고 하는가?	페치 조인은 연관 데이터를 한 번에 가져와 추가 쿼리를 줄이는 전략입니다. N플러스원 해결책으로 가장 먼저 떠올려야 하는 방법 중 하나입니다. 면접에서는 페치 조인의 장점뿐 아니라 중복 데이터와 페이징 문제 같은 한계도 질문이 나옵니다. 실무에서는 조회 화면 요구에 맞춰 DTO 조회나 페치 조인을 선택적으로 사용합니다. 무조건 페치 조인이 정답은 아니므로, 상황에 맞는 조회 전략을 설명할 수 있어야 합니다.	페치 조인									jpa	fetchjoin	performance	springboot
Q874	영속성 컨텍스트(Persistence Context)		Backend - 언어 & 프레임워크	21	INITIALS	MEDIUM	엔티티를 1차 캐시로 관리하고 변경 감지 같은 기능을 제공하는 JPA의 실행 컨텍스트를 무엇이라고 하는가?	영속성 컨텍스트는 JPA가 엔티티를 관리하는 핵심 공간입니다. 같은 트랜잭션 내에서 동일 ID 엔티티를 재조회하면 DB가 아니라 1차 캐시에서 가져오기도 합니다. 면접에서는 변경 감지가 어떻게 동작하는지 설명할 때 이 개념이 필수로 등장합니다. 실무에서는 영속 상태와 준영속 상태 차이를 이해해야 예상치 못한 업데이트나 성능 문제를 피할 수 있습니다. 영속성 컨텍스트를 이해하면 JPA 동작이 “마법”이 아니라 명확한 규칙으로 보이게 됩니다.	영속성 컨텍스트									jpa	persistence	context	springboot
Q875	변경 감지(Dirty Checking)		Backend - 언어 & 프레임워크	21	INITIALS	MEDIUM	트랜잭션 커밋 시점에 엔티티 값 변경을 감지해 자동으로 update 쿼리를 생성하는 JPA 기능을 무엇이라고 하는가?	변경 감지는 JPA가 엔티티 스냅샷과 현재 값을 비교해 변경을 찾아내는 기능입니다. 개발자가 직접 update 쿼리를 호출하지 않아도 트랜잭션 커밋 시 자동 반영됩니다. 면접에서는 merge와 dirty checking 차이를 묻는 경우가 많습니다. 실무에서는 무심코 엔티티를 수정하면 예상치 못한 update가 발생할 수 있어 트랜잭션 범위와 엔티티 사용 위치를 명확히 해야 합니다. 변경 감지를 이해하면 JPA의 자동화가 왜 편리하면서도 위험한지 균형 있게 설명할 수 있습니다.	변경 감지									jpa	hibernate	dirtychecking	springboot
Q876	낙관적 락(Optimistic Lock)		Backend - 트랜잭션 및 동시성 제어	37	INITIALS	MEDIUM	버전 값을 이용해 충돌을 감지하고, 충돌이 나면 예외로 처리하는 동시성 제어 방식은 무엇인가?	낙관적 락은 충돌이 자주 발생하지 않는다는 가정 하에 락을 최소화하는 전략입니다. 업데이트 시 버전이 바뀌었는지 확인해 충돌을 감지합니다. 면접에서는 비관적 락과 비교해 언제 낙관적 락이 더 적합한지 질문이 자주 나옵니다. 실무에서는 재고, 포인트 같은 민감한 데이터에서는 충돌 전략과 재시도 정책을 함께 설계해야 합니다. 단순히 락을 거는 것보다, 실패 처리와 사용자 경험까지 고려하는 것이 중요합니다.	낙관적 락									jpa	lock	concurrency	springboot
Q877	비관적 락(Pessimistic Lock)		Backend - 트랜잭션 및 동시성 제어	37	INITIALS	MEDIUM	데이터 충돌을 방지하기 위해 조회 단계에서부터 DB 락을 걸어 다른 트랜잭션 접근을 제한하는 방식은 무엇인가?	비관적 락은 충돌 가능성이 높을 때 안전하게 정합성을 보장하는 전략입니다. 조회 시점부터 락을 걸어 다른 트랜잭션이 수정하지 못하도록 막습니다. 면접에서는 데드락 위험과 성능 저하를 어떻게 다룰지 질문이 나올 수 있습니다. 실무에서는 락 범위를 최소화하고 트랜잭션을 짧게 유지해 병목을 줄이는 것이 중요합니다. 락은 안전하지만 비용이 크므로 “언제 필요한지”를 설명할 수 있어야 합니다.	비관적 락									db	lock	transaction	springboot
Q878	슬라이스 테스트(Slice Test)		Backend - 테스트	22	INITIALS	MEDIUM	전체 애플리케이션을 올리지 않고 특정 계층만 선택적으로 로딩해 빠르게 검증하는 테스트 전략을 무엇이라고 하는가?	슬라이스 테스트는 웹 계층, JPA 계층처럼 일부만 로딩해 테스트를 빠르게 만드는 전략입니다. 전체 컨텍스트 테스트보다 속도가 빠르고, 실패 원인을 좁히기 쉽습니다. 면접에서는 WebMvcTest나 DataJpaTest가 왜 빠른지와 어떤 한계가 있는지로 이어지기 쉽습니다. 실무에서는 빠른 테스트와 느린 통합 테스트를 조합해 CI 시간을 관리합니다. 슬라이스 테스트는 “빠른 품질”을 확보하는 핵심 도구입니다.	슬라이스 테스트									test	spring	slice	springboot
Q879	테스트 컨텍스트 캐시(Test Context Cache)		Backend - 테스트	22	INITIALS	MEDIUM	스프링 테스트가 매번 컨텍스트를 새로 띄우지 않도록 동일 설정의 컨텍스트를 재사용하는 최적화 메커니즘을 무엇이라고 하는가?	스프링 테스트는 컨텍스트 로딩이 비싸기 때문에 캐싱을 통해 속도를 개선합니다. 같은 설정이면 이전 컨텍스트를 재사용해 테스트 시간을 줄입니다. 면접에서는 테스트가 느릴 때 무엇을 의심해야 하는지 질문이 나올 수 있습니다. 실무에서는 불필요한 설정 변경이나 컨텍스트 오염이 캐시 무효화를 유발해 테스트가 급격히 느려지는 경우가 많습니다. 테스트 설계를 할 때 컨텍스트 재사용을 고려하면 CI 속도를 크게 개선할 수 있습니다.	테스트 컨텍스트 캐시									test	spring	performance	springboot
Q880	트랜잭션 테스트 롤백(Transaction Test Rollback)		Backend - 테스트	22	INITIALS	MEDIUM	테스트에서 트랜잭션을 걸어 실행한 뒤 기본적으로 커밋하지 않고 데이터를 되돌려 격리된 테스트를 만드는 방식을 무엇이라고 하는가?	트랜잭션 테스트 롤백은 테스트 데이터가 다음 테스트에 영향을 주지 않게 만드는 대표 전략입니다. 테스트가 끝나면 롤백되어 DB가 깨끗하게 유지됩니다. 면접에서는 왜 테스트가 서로 독립적이어야 하는지와 이 방식의 장단점을 물을 수 있습니다. 실무에서는 외부 시스템까지 포함된 통합 테스트에서는 롤백만으로 완전히 원복이 안 될 수 있어 별도 정리 전략이 필요합니다. 테스트는 반복 실행 가능해야 하므로 데이터 격리 전략을 명확히 가져가는 것이 중요합니다.	트랜잭션 테스트 롤백									test	transaction	rollback	springboot
Q881	액추에이터 엔드포인트 노출(Actuator Endpoint Exposure)		Backend - 웹 서버 기초	17	INITIALS	MEDIUM	운영 정보 엔드포인트 중 외부에 공개할 항목을 선택하고 접근을 제한하는 설정 작업을 무엇이라고 하는가?	액추에이터는 유용하지만 민감한 정보를 포함할 수 있어 노출 제어가 필수입니다. 어떤 엔드포인트를 공개하고 어떤 것은 막을지 정책을 정해야 합니다. 면접에서는 운영 보안 관점에서 액추에이터를 어떻게 다룰지 질문이 나올 수 있습니다. 실무에서는 health 정도만 제한적으로 노출하고, 나머지는 내부망이나 인증된 경로로만 제공하는 경우가 많습니다. 운영 편의성과 보안 사이 균형을 잡는 것이 핵심입니다.	액추에이터 엔드포인트 노출									actuator	security	ops	springboot
Q882	관측 가능성(Observability)		Backend - 웹 서버 기초	17	INITIALS	MEDIUM	로그, 메트릭, 트레이스를 통해 시스템 내부 상태를 추론하고 장애 원인을 빠르게 찾을 수 있게 만드는 운영 품질을 무엇이라고 하는가?	관측 가능성은 단순히 로그를 많이 남기는 것을 넘어, 시스템을 이해할 수 있는 신호를 잘 설계하는 것을 의미합니다. 메트릭으로 이상 징후를 감지하고, 트레이스로 병목 구간을 추적하며, 로그로 원인을 확인합니다. 면접에서는 모니터링과 관측 가능성의 차이를 질문할 수 있습니다. 실무에서는 요청 ID로 로그와 트레이스를 연결하고, 지표 알람 기준을 세워 빠르게 대응합니다. 관측 가능성이 낮으면 장애 대응 시간이 길어져 서비스 신뢰도가 떨어집니다.	관측 가능성									ops	observability	monitoring	springboot
Q883	멱등성(Idempotency)		Backend - 아키텍처 패턴	20	INITIALS	MEDIUM	같은 요청을 여러 번 보내도 결과가 한 번 보낸 것과 동일하게 유지되도록 보장하는 성질을 무엇이라고 하는가?	멱등성은 분산 환경에서 재시도와 중복 요청을 안전하게 처리하기 위해 중요합니다. 네트워크 오류로 클라이언트가 재시도하면 서버는 같은 요청을 여러 번 받을 수 있습니다. 면접에서는 PUT과 GET이 왜 멱등하다고 하는지와 POST는 왜 보통 멱등하지 않은지 묻습니다. 실무에서는 결제나 주문 같은 기능에서 멱등 키를 도입해 중복 처리를 막습니다. 멱등성 설계는 장애 상황에서 데이터 정합성을 지키는 핵심 전략입니다.	멱등성									api	rest	reliability	springboot
Q884	트랜잭션 동기화(Transaction Synchronization)		Backend - 언어 & 프레임워크	21	INITIALS	MEDIUM	같은 스레드에서 트랜잭션 경계 안의 자원 사용을 정리해 커밋 롤백 시점에 맞춰 후처리를 실행하도록 돕는 메커니즘은 무엇인가?	트랜잭션 동기화는 트랜잭션과 함께 움직여야 하는 작업을 안전하게 묶기 위한 장치입니다. 커밋 이후에만 실행되어야 하는 로직이나 롤백 시 정리해야 하는 로직을 트랜잭션 생명주기와 연결합니다. 면접에서는 트랜잭션 이벤트 리스너가 왜 필요한지와 연결되어 질문이 나오기도 합니다. 실무에서는 외부 메시지 발행이나 캐시 갱신을 트랜잭션 결과와 일치시키기 위해 이 개념이 중요해집니다. 트랜잭션과 무관하게 실행되면 데이터 정합성 문제가 생길 수 있으므로 시점을 정확히 통제해야 합니다.	트랜잭션 동기화									spring	transaction	sync	
Q885	트랜잭션 이벤트 리스너(Transactional Event Listener)		Backend - 비동기 처리	19	INITIALS	MEDIUM	트랜잭션 커밋 이후 같은 시점 조건에 맞춰 이벤트를 처리하도록 트랜잭션 단계와 이벤트를 연결하는 기능은 무엇인가?	트랜잭션 이벤트 리스너는 트랜잭션 결과에 따라 이벤트 처리 시점을 제어합니다. 커밋 후에만 발행되어야 하는 알림이나 후처리 작업에 특히 유용합니다. 면접에서는 트랜잭션 안에서 이벤트를 바로 처리하면 왜 위험한지 질문이 나올 수 있습니다. 실무에서는 커밋 전에 외부로 메시지를 보내면 롤백 시 외부와 내부 데이터가 어긋나는 문제가 생깁니다. 따라서 트랜잭션 단계에 맞춰 이벤트를 처리해 정합성을 높이는 것이 핵심입니다.	트랜잭션 이벤트 리스너									spring	event	transaction	
Q886	영속성 전이(Cascade)		Backend - 언어 & 프레임워크	21	INITIALS	MEDIUM	부모 엔티티를 저장하거나 삭제할 때 연관된 자식 엔티티에도 같은 작업이 전파되도록 하는 JPA 설정은 무엇인가?	영속성 전이는 연관 엔티티의 생명주기를 함께 관리할 때 사용합니다. 저장, 삭제 같은 작업이 연관 객체로 전파되어 코드가 단순해질 수 있습니다. 면접에서는 전이를 남용하면 어떤 위험이 있는지, orphan removal과 차이를 묻는 경우가 많습니다. 실무에서는 전이 범위를 잘못 설정하면 의도치 않은 대량 삭제나 저장이 발생해 장애로 이어질 수 있습니다. 연관 관계의 소유와 생명주기 경계를 먼저 설계한 뒤 전이를 적용하는 것이 안전합니다.	영속성 전이									jpa	cascade	mapping	springboot
Q887	고아 객체 제거(Orphan Removal)		Backend - 언어 & 프레임워크	21	INITIALS	MEDIUM	부모 컬렉션에서 제거된 자식 엔티티를 고아로 보고 자동 삭제하도록 하는 JPA 기능은 무엇인가?	고아 객체 제거는 부모와의 연관이 끊긴 자식을 자동 삭제하는 기능입니다. 자식이 부모에 종속되는 관계에서 데이터 정리를 쉽게 해줍니다. 면접에서는 영속성 전이와 함께 설명하라는 질문이 자주 나옵니다. 실무에서는 컬렉션 조작만으로 delete가 발생할 수 있어 의도치 않은 삭제가 생기지 않도록 주의해야 합니다. 이 기능은 편리하지만 생명주기 규칙이 명확한 도메인에서만 적용하는 것이 좋습니다.	고아 객체 제거									jpa	orphan	delete	springboot
Q888	동적 프록시(Dynamic Proxy)		Backend - 언어 & 프레임워크	21	INITIALS	MEDIUM	런타임에 인터페이스 기반으로 프록시 객체를 생성해 AOP를 적용할 수 있게 해주는 기법을 무엇이라고 하는가?	동적 프록시는 런타임에 프록시 클래스를 생성해 메서드 호출을 가로채는 방식입니다. 스프링은 인터페이스 기반 프록시를 만들 때 이런 방식을 자주 사용합니다. 면접에서는 JDK 동적 프록시와 클래스 기반 프록시 차이를 묻는 경우가 많습니다. 실무에서는 프록시 방식에 따라 final 클래스나 메서드에 제약이 생길 수 있어 설계에 영향을 줍니다. 프록시 생성 전략을 알면 AOP가 적용되지 않는 문제를 더 빠르게 진단할 수 있습니다.	동적 프록시									spring	proxy	aop	
Q889	클래스 기반 프록시(CGLIB Proxy)		Backend - 언어 & 프레임워크	21	INITIALS	MEDIUM	인터페이스가 없어도 클래스를 상속해 프록시를 만들 수 있게 하는 스프링의 프록시 방식은 무엇인가?	클래스 기반 프록시는 실제 클래스를 상속해 프록시를 만드는 방식입니다. 인터페이스가 없는 경우에도 AOP 적용이 가능해집니다. 면접에서는 final 클래스나 final 메서드에서는 왜 문제가 되는지로 이어질 수 있습니다. 실무에서는 어떤 프록시 전략이 선택되는지 설정과 환경에 따라 달라질 수 있어 확인이 필요합니다. 프록시 방식은 단순 구현 디테일이 아니라, 프레임워크 기능이 동작하는 조건을 결정하는 핵심 요소입니다.	클래스 기반 프록시									spring	cglib	proxy	
Q890	컨트롤러 슬라이스 테스트(WebMvcTest)		Backend - 테스트	22	INITIALS	MEDIUM	서비스와 리포지토리는 목으로 대체하고 웹 계층만 빠르게 로딩해 검증하는 테스트 방식은 무엇인가?	컨트롤러 슬라이스 테스트는 웹 계층만 집중적으로 검증하는 전략입니다. 요청 매핑, 검증, 예외 처리, 응답 포맷을 빠르게 확인할 수 있습니다. 면접에서는 전체 통합 테스트보다 왜 빠른지, 어떤 빈이 로딩되지 않는지 질문이 나옵니다. 실무에서는 보안 설정이나 필터가 포함되면 테스트 구성이 복잡해질 수 있어 범위를 정하는 것이 중요합니다. 빠른 피드백을 제공하므로 API 계약 변경을 안전하게 관리하는 데 유용합니다.	컨트롤러 슬라이스 테스트									test	springmvc	web	springboot
Q891	리포지토리 슬라이스 테스트(DataJpaTest)		Backend - 테스트	22	INITIALS	MEDIUM	엔티티 매핑과 JPA 리포지토리 동작을 중심으로 DB 계층만 빠르게 검증하는 테스트 방식은 무엇인가?	리포지토리 슬라이스 테스트는 데이터 계층에 집중해 빠르게 검증합니다. 엔티티 매핑 오류나 쿼리 메서드 동작을 조기에 발견할 수 있습니다. 면접에서는 실제 DB와 어떤 차이가 발생할 수 있는지 질문이 나올 수 있습니다. 실무에서는 테스트 DB를 운영과 유사하게 맞추거나, 쿼리 검증을 위한 최소한의 데이터만 준비해 속도를 관리합니다. JPA 성능 이슈의 단서도 이 계층 테스트에서 자주 드러납니다.	리포지토리 슬라이스 테스트									test	jpa	repository	springboot
Q892	경계 테스트(Boundary Test)		Backend - 테스트	22	INITIALS	MEDIUM	입력 값의 최소값 최대값 같은 경계 조건을 중심으로 실패 가능성이 큰 지점을 검증하는 테스트 기법은 무엇인가?	경계 테스트는 오류가 많이 발생하는 경계 구간을 집중적으로 확인하는 전략입니다. 숫자 범위, 문자열 길이, 날짜의 시작 끝 같은 지점이 대표적입니다. 면접에서는 왜 경계에서 버그가 많이 나는지와 어떤 케이스를 뽑을지 묻는 경우가 많습니다. 실무에서는 검증 로직과 함께 경계 테스트를 넣으면 장애를 크게 줄일 수 있습니다. 특히 API 입력 검증과 결제 같은 민감 로직에서 경계 테스트의 가치가 큽니다.	경계 테스트									test	boundary	validation	springboot
Q893	예외 번역(Exception Translation)		Backend - 언어 & 프레임워크	21	INITIALS	MEDIUM	JDBC 같은 저수준 예외를 스프링이 일관된 데이터 접근 예외 계층으로 변환해주는 기능을 무엇이라고 하는가?	예외 번역은 기술별 예외를 공통 예외 체계로 바꿔주는 스프링의 중요한 기능입니다. 덕분에 DB 종류가 바뀌어도 예외 처리 코드를 크게 바꾸지 않아도 됩니다. 면접에서는 DataAccessException 계층이 왜 필요한지 질문이 나올 수 있습니다. 실무에서는 중복 키, 제약조건 위반 같은 오류를 비즈니스 예외로 매핑할 때 이 구조를 활용합니다. 예외 번역을 이해하면 장애 로그에서 원인을 더 빠르게 파악할 수 있습니다.	예외 번역									spring	exception	dataaccess	
Q894	트랜잭션 매니저(PlatformTransactionManager)		Backend - 언어 & 프레임워크	21	INITIALS	MEDIUM	스프링에서 트랜잭션 시작, 커밋, 롤백을 추상화해 다양한 트랜잭션 구현을 일관되게 다루게 하는 구성 요소는 무엇인가?	트랜잭션 매니저는 트랜잭션 제어를 추상화한 핵심 컴포넌트입니다. JDBC, JPA 등 어떤 기술을 쓰든 동일한 방식으로 트랜잭션 경계를 관리할 수 있습니다. 면접에서는 트랜잭션 어노테이션이 내부적으로 무엇을 호출하는지 질문이 나올 수 있습니다. 실무에서는 다중 데이터소스 환경에서 트랜잭션 매니저 선택과 라우팅이 중요한 설계 포인트가 됩니다. 트랜잭션 매니저를 이해하면 트랜잭션이 꼬였을 때 디버깅이 훨씬 쉬워집니다.	트랜잭션 매니저									spring	transaction	manager	
Q895	낙관적 잠금 예외(OptimisticLockException)		Backend - 트랜잭션 및 동시성 제어	37	INITIALS	MEDIUM	버전 기반 낙관적 락에서 다른 트랜잭션이 먼저 수정해 버전이 달라져 업데이트가 실패할 때 발생하는 예외 상황을 무엇이라고 하는가?	낙관적 잠금은 충돌을 예외로 감지해 처리하는 방식입니다. 그래서 충돌이 나면 업데이트가 실패하고 예외가 발생합니다. 면접에서는 충돌을 어떻게 사용자 경험으로 풀지, 재시도를 할지 같은 설계 질문이 이어질 수 있습니다. 실무에서는 재시도 정책이나 충돌 메시지 설계를 명확히 해야 서비스 품질이 유지됩니다. 단순히 예외를 잡아 무시하면 데이터 손실이나 잘못된 상태가 발생할 수 있으므로 전략이 필요합니다.	낙관적 잠금 예외									jpa	lock	concurrency	springboot
Q896	비관적 잠금 데드락(Deadlock)		Backend - 트랜잭션 및 동시성 제어	37	INITIALS	MEDIUM	여러 트랜잭션이 서로가 가진 락을 기다리며 무한 대기 상태에 빠져 처리가 멈추는 현상을 무엇이라고 하는가?	데드락은 동시성 제어에서 가장 치명적인 문제 중 하나입니다. 서로 필요한 락을 상대가 쥐고 있어 진행이 불가능해집니다. 면접에서는 데드락이 왜 발생하고 어떻게 예방할지 질문이 자주 나옵니다. 실무에서는 락 획득 순서를 통일하거나 트랜잭션 범위를 줄이고 타임아웃을 설정해 피해를 줄입니다. 데드락은 재현이 어렵기 때문에 로그와 모니터링을 통해 징후를 잡는 운영 역량도 중요합니다.	비관적 잠금 데드락									db	lock	deadlock	springboot
Q897	멀티 모듈 프로젝트(Multi Module Project)		Backend - 아키텍처 패턴	20	INITIALS	MEDIUM	하나의 저장소에서 여러 모듈로 코드를 분리해 의존 관계를 관리하며 빌드하는 구조를 무엇이라고 하는가?	멀티 모듈 프로젝트는 공통 코드를 모듈로 분리하고 기능별로 경계를 나누는 방식입니다. 의존 방향을 통제해 모듈 간 결합을 줄일 수 있습니다. 면접에서는 모노레포와 함께 장단점을 묻거나, 모듈 분리 기준을 질문할 수 있습니다. 실무에서는 순환 의존이 생기지 않게 규칙을 강하게 잡는 것이 중요합니다. 빌드 시간과 배포 단위, 테스트 범위를 함께 설계해야 유지보수성이 높아집니다.	멀티 모듈 프로젝트									gradle	architecture	module	springboot
Q898	빈 충돌(Bean Definition Conflict)		Backend - 언어 & 프레임워크	21	INITIALS	MEDIUM	같은 이름이나 같은 타입 후보가 여러 개 등록되어 스프링이 어떤 빈을 선택할지 모호해지는 상황을 무엇이라고 하는가?	빈 충돌은 스프링 개발에서 흔히 겪는 기동 오류 원인입니다. 동일 이름 빈이 중복되거나, 주입할 후보가 여러 개라 선택이 불가능한 경우가 대표적입니다. 면접에서는 이런 상황에서 해결 방법을 묻고 한정자나 기본 빈 지정 등을 이야기하게 됩니다. 실무에서는 컴포넌트 스캔 범위, 자동 구성, 테스트 설정이 겹치면서 충돌이 자주 발생합니다. 충돌이 나면 어떤 빈이 왜 등록됐는지부터 추적하는 습관이 중요합니다.	빈 충돌									spring	bean	conflict	
Q899	설정 우선순위(Property Precedence)		Backend - 언어 & 프레임워크	21	INITIALS	MEDIUM	같은 설정 키가 여러 곳에 있을 때 어떤 값이 최종 적용될지 결정하는 규칙을 무엇이라고 하는가?	스프링 부트는 설정을 여러 경로에서 읽어오며, 우선순위 규칙에 따라 최종 값이 결정됩니다. 환경 변수, 커맨드 라인, 설정 파일 등 소스가 섞일 수 있습니다. 면접에서는 운영에서 설정이 왜 예상대로 적용되지 않는지 사례 질문이 나올 수 있습니다. 실무에서는 설정 우선순위를 이해하면 장애 대응 속도가 크게 올라갑니다. 특히 배포 환경에서 값이 덮어써지는 문제는 대부분 우선순위 착각에서 시작됩니다.	설정 우선순위									springboot	config	ops	
Q900	애플리케이션 컨텍스트(ApplicationContext)		Backend - 언어 & 프레임워크	21	INITIALS	MEDIUM	빈을 생성하고 주입하며 생명주기를 관리하는 스프링의 핵심 컨테이너를 무엇이라고 하는가?	애플리케이션 컨텍스트는 스프링 IoC 컨테이너의 중심입니다. 빈 정의를 읽고 객체를 만들고 의존성을 연결해줍니다. 면접에서는 BeanFactory와의 차이, 그리고 컨텍스트가 언제 초기화되는지 질문이 나올 수 있습니다. 실무에서는 컨텍스트 로딩이 느려지는 원인을 찾거나, 테스트에서 필요한 빈만 로딩하도록 최적화할 때 이 개념이 중요합니다. 컨텍스트를 이해하면 스프링의 자동화가 어떤 구조에서 나오는지 명확해집니다.	애플리케이션 컨텍스트									spring	ioc	context	
Q901	데이터소스 라우팅(Routing DataSource)		Backend - 아키텍처 패턴	20	INITIALS	MEDIUM	읽기 쓰기 분리처럼 상황에 따라 서로 다른 데이터소스를 선택해 연결하는 전략을 무엇이라고 하는가?	데이터소스 라우팅은 트래픽과 역할에 따라 DB 연결을 분기하는 전략입니다. 예를 들어 쓰기는 마스터, 읽기는 리드 레플리카로 보내 성능을 개선할 수 있습니다. 면접에서는 트랜잭션과 읽기 전용 설정이 라우팅에 어떤 영향을 주는지 질문이 나올 수 있습니다. 실무에서는 잘못 라우팅되면 데이터 정합성이 깨질 수 있어, 라우팅 기준과 트랜잭션 설정을 일관되게 관리해야 합니다. 운영에서는 모니터링과 장애 시 폴백 전략까지 포함해 설계하는 것이 중요합니다.	데이터소스 라우팅									database	routing	spring	
Q902	순환 의존(Circular Dependency)		Backend - 언어 & 프레임워크	21	INITIALS	MEDIUM	두 개 이상의 빈이 서로를 주입받아 의존 관계가 고리 형태로 연결되어 생성이 어렵거나 오류가 나는 상황을 무엇이라고 하는가?	순환 의존은 스프링 DI에서 대표적인 설계 냄새로 여겨집니다. 서로가 서로를 필요로 하면 초기화 순서가 꼬이거나 프록시 적용이 예상과 달라질 수 있습니다. 면접에서는 순환 의존이 왜 위험한지, 어떻게 끊을지 질문이 자주 나옵니다. 실무에서는 책임을 분리하거나 중간 추상화를 도입해 의존 방향을 한쪽으로 고정하는 방식으로 해결합니다. 순환 의존을 방치하면 테스트가 어려워지고 변경 비용이 크게 증가합니다.	순환 의존									spring	di	design	
Q903	생성자 주입(Constructor Injection)		Backend - 언어 & 프레임워크	21	INITIALS	MEDIUM	의존성을 생성자 파라미터로 받아 불변성과 테스트 용이성을 높이는 DI 방식은 무엇인가?	생성자 주입은 스프링에서 가장 권장되는 주입 방식으로 자주 언급됩니다. 필요한 의존성이 명확히 드러나고, 주입 누락이 있으면 애플리케이션이 기동 시점에 바로 실패합니다. 면접에서는 필드 주입과 비교해 장단점을 묻는 질문이 많습니다. 실무에서는 final 필드를 활용해 불변 설계를 만들기 쉬워지고, 단위 테스트에서 목 주입도 편해집니다. 의존성이 너무 많아지면 설계가 비대해진 신호일 수 있으니 함께 점검해야 합니다.	생성자 주입									spring	di	injection	
Q904	자동 구성(Auto Configuration)		Backend - 언어 & 프레임워크	21	INITIALS	MEDIUM	클래스패스와 설정 값을 기반으로 필요한 빈을 자동으로 등록해 설정을 줄여주는 스프링 부트 기능은 무엇인가?	자동 구성은 스프링 부트가 생산성을 높이는 핵심 기능입니다. 라이브러리가 있으면 기본 빈을 구성해주고, 개발자는 필요한 부분만 오버라이드하면 됩니다. 면접에서는 자동 구성이 왜 편리하지만 예측이 어려울 수 있는지 질문이 나옵니다. 실무에서는 빈 충돌이나 의도치 않은 설정이 적용되면 자동 구성이 원인인 경우가 많습니다. 어떤 자동 구성이 켜졌는지 확인하는 습관이 있으면 디버깅이 훨씬 쉬워집니다.	자동 구성									springboot	autoconfig	config	
Q905	스타터 의존성(Spring Boot Starter)		Backend - 언어 & 프레임워크	21	INITIALS	MEDIUM	웹, JPA 같은 목적별로 필요한 의존성과 기본 설정을 묶어 제공하는 스프링 부트 의존성 묶음을 무엇이라고 하는가?	스타터는 관련 라이브러리들을 한 번에 가져오도록 묶어 둔 의존성 세트입니다. 의존성 조합을 표준화해 버전 충돌을 줄이고 설정을 단순화합니다. 면접에서는 스타터가 왜 필요한지, 어떤 스타터를 써봤는지 질문이 자주 나옵니다. 실무에서는 스타터가 가져오는 트랜지티브 의존성 때문에 예상치 못한 라이브러리가 포함될 수 있어 트리 확인이 필요합니다. 스타터를 이해하면 프로젝트 구성과 문제 해결이 빨라집니다.	스타터 의존성									springboot	starter	dependency	
Q906	구성 속성 바인딩(Configuration Properties Binding)		Backend - 언어 & 프레임워크	21	INITIALS	MEDIUM	설정 파일의 값을 특정 프리픽스 기준으로 객체 필드에 매핑해 타입 안정적으로 사용하는 기능을 무엇이라고 하는가?	구성 속성 바인딩은 설정을 문자열로만 다루지 않고 타입 안전하게 다루도록 돕습니다. 여러 설정 값을 하나의 설정 객체로 묶어 관리할 수 있어 가독성이 좋아집니다. 면접에서는 값 검증이나 프로파일별 설정과 함께 질문이 확장될 수 있습니다. 실무에서는 설정 키 오타나 타입 변환 실패를 조기에 발견할 수 있어 운영 장애를 줄입니다. 설정이 많아질수록 이 기능의 가치가 커지므로 패키지 경계에 맞게 설정 객체를 분리하는 것이 좋습니다.	구성 속성 바인딩									springboot	config	properties	
Q907	프로퍼티 소스(Property Source)		Backend - 언어 & 프레임워크	21	INITIALS	MEDIUM	설정 값을 읽어오는 원천으로 파일, 환경 변수, 커맨드 라인 등 다양한 입력 경로를 통칭하는 개념은 무엇인가?	스프링 부트는 여러 위치에서 설정을 읽어오고 이를 하나로 합칩니다. 각각의 입력 경로가 프로퍼티 소스가 됩니다. 면접에서는 운영에서 환경 변수로 설정을 주입하는 이유 같은 질문이 나올 수 있습니다. 실무에서는 같은 키가 여러 소스에 존재할 때 어떤 값이 적용되는지 우선순위까지 함께 이해해야 합니다. 프로퍼티 소스를 알면 배포 환경에서 설정이 꼬였을 때 원인 파악이 빨라집니다.	프로퍼티 소스									springboot	config	ops	
Q908	빈 후처리기(Bean Post Processor)		Backend - 언어 & 프레임워크	21	INITIALS	MEDIUM	빈 생성 전후에 개입해 프록시 생성이나 커스텀 초기화 같은 작업을 수행하는 확장 포인트를 무엇이라고 하는가?	빈 후처리기는 스프링 컨테이너가 빈을 만들 때 중간에 개입할 수 있는 강력한 확장 지점입니다. AOP 프록시 생성도 이 메커니즘을 기반으로 동작하는 경우가 많습니다. 면접에서는 스프링이 어떻게 많은 자동화를 구현하는지 설명할 때 등장할 수 있습니다. 실무에서는 커스텀 애노테이션 처리나 공통 설정 적용 같은 고급 기능 구현에 사용됩니다. 다만 복잡도가 높아 디버깅이 어려울 수 있으니 필요할 때만 신중하게 사용해야 합니다.	빈 후처리기									spring	bean	lifecycle	
Q909	조건부 자동 구성(Conditional Auto Configuration)		Backend - 언어 & 프레임워크	21	INITIALS	MEDIUM	특정 클래스 존재 여부나 프로퍼티 값에 따라 자동 구성이 적용되거나 비활성화되도록 만드는 메커니즘은 무엇인가?	스프링 부트 자동 구성은 조건부 자동 구성을 기반으로 합니다. 라이브러리가 없으면 관련 빈을 만들지 않고, 설정이 있으면 해당 기능을 켜는 방식으로 동작합니다. 면접에서는 자동 구성이 왜 상황마다 다르게 적용되는지 질문이 나올 수 있습니다. 실무에서는 의도치 않은 자동 구성으로 보안 설정이나 메시징 설정이 켜지는 경우가 있어 주의가 필요합니다. 조건을 이해하면 어떤 빈이 왜 생겼는지 추적이 쉬워지고, 운영 설정을 더 안전하게 다룰 수 있습니다.	조건부 자동 구성									springboot	autoconfig	conditional	
Q910	영속 상태(Managed State)		Backend - 언어 & 프레임워크	21	INITIALS	MEDIUM	영속성 컨텍스트가 엔티티를 추적 관리하며 변경 감지가 동작하는 상태를 무엇이라고 하는가?	영속 상태는 엔티티가 영속성 컨텍스트에 의해 관리되는 상태입니다. 이 상태에서 필드를 바꾸면 변경 감지가 가능해 자동 업데이트가 일어납니다. 면접에서는 영속, 준영속, 비영속 상태를 구분해 설명하라는 질문이 자주 나옵니다. 실무에서는 영속 상태에서 예상치 못한 변경이 반영될 수 있어, 엔티티를 어디서 수정하는지 규칙을 정하는 것이 중요합니다. 상태 모델을 이해하면 JPA 동작이 명확해져 디버깅과 성능 튜닝이 쉬워집니다.	영속 상태									jpa	entity	persistence	springboot
Q911	준영속 상태(Detached State)		Backend - 언어 & 프레임워크	21	INITIALS	MEDIUM	영속성 컨텍스트에서 분리되어 더 이상 변경 감지가 되지 않는 엔티티 상태를 무엇이라고 하는가?	준영속 상태는 엔티티가 컨텍스트의 관리 밖으로 나간 상태입니다. 이 상태에서 값을 바꿔도 자동 업데이트가 발생하지 않습니다. 면접에서는 왜 준영속 상태가 생기는지와 merge 동작을 연결해 질문하는 경우가 많습니다. 실무에서는 DTO로 변환한 뒤 엔티티를 오래 들고 다니면 컨텍스트가 닫히면서 준영속 문제가 발생할 수 있습니다. 준영속 상태를 잘 이해하면 지연 로딩 예외나 업데이트 누락 같은 문제를 예방할 수 있습니다.	준영속 상태									jpa	entity	detached	springboot
Q912	영속성 전이 범위(Cascade Scope)		Backend - 언어 & 프레임워크	21	INITIALS	MEDIUM	cascade 옵션을 어떤 연산에 적용할지 persist merge remove 등으로 선택해 지정하는 범위 설정을 무엇이라고 하는가?	영속성 전이는 한 번 켜두면 편하지만, 적용 범위를 잘못 잡으면 사고가 납니다. persist만 필요한데 remove까지 켜두면 삭제가 전파되어 데이터가 날아갈 수 있습니다. 면접에서는 cascade 종류별 의미를 설명할 수 있는지 확인하는 경우가 있습니다. 실무에서는 애그리거트 경계 안에서만 전이를 쓰는 것이 일반적으로 안전하다고 봅니다. 전이 범위는 도메인 생명주기와 정확히 맞춰 설정해야 합니다.	영속성 전이 범위									jpa	cascade	design	springboot
Q913	스레드 로컬(Thread Local)		Backend - 비동기 처리	19	INITIALS	MEDIUM	같은 스레드 내에서만 접근 가능한 저장소를 사용해 요청별 컨텍스트를 유지하는 기법을 무엇이라고 하는가?	스레드 로컬은 스레드 단위로 값을 격리해 저장하는 방식입니다. 스프링에서는 보안 컨텍스트나 트랜잭션 컨텍스트가 스레드 로컬과 관련된 개념으로 언급되기도 합니다. 면접에서는 스레드 로컬을 왜 조심해야 하는지, 풀링된 스레드에서 누수 문제가 왜 생기는지 질문이 나올 수 있습니다. 실무에서는 비동기 처리로 스레드가 바뀌면 컨텍스트가 사라질 수 있어 전파 전략이 필요합니다. 또한 반드시 정리하지 않으면 다른 요청에 값이 섞이는 심각한 버그가 날 수 있습니다.	스레드 로컬									java	thread	context	
Q914	컨텍스트 전파(Context Propagation)		Backend - 비동기 처리	19	INITIALS	MEDIUM	비동기 실행이나 다른 스레드로 작업이 넘어갈 때 보안 정보나 트레이스 ID 같은 컨텍스트를 전달하는 문제를 무엇이라고 하는가?	비동기 처리를 하면 스레드가 바뀌면서 기존 스레드 로컬 기반 컨텍스트가 사라질 수 있습니다. 이때 필요한 정보를 새 실행 흐름에 전달하는 것을 컨텍스트 전파 관점에서 다룹니다. 면접에서는 비동기 환경에서 로깅 MDC가 끊기는 문제를 예로 들며 질문할 수 있습니다. 실무에서는 트레이스 ID, 요청 ID, 사용자 정보 같은 컨텍스트가 끊기면 장애 추적이 어려워집니다. 전파 방법을 표준화하면 운영 관측 가능성이 크게 좋아집니다.	컨텍스트 전파									async	tracing	context	springboot
Q915	검증 계층(Validation Layer)		Backend - 아키텍처 패턴	20	INITIALS	MEDIUM	요청 DTO에서 값 제약을 검사해 잘못된 입력을 초기에 차단하고 일관된 오류 응답을 만들도록 구성하는 계층을 무엇이라고 하는가?	검증 계층은 잘못된 입력을 비즈니스 로직으로 보내기 전에 걸러내는 역할을 합니다. 스프링에서는 Bean Validation과 예외 처리 조합으로 일관된 검증 오류 응답을 만들 수 있습니다. 면접에서는 검증을 컨트롤러에서 할지 서비스에서 할지, 중복을 어떻게 줄일지 질문이 나올 수 있습니다. 실무에서는 검증 실패 응답 포맷을 통일하면 프론트가 에러 처리를 단순화할 수 있습니다. 검증을 체계화하면 장애 예방과 보안 강화를 동시에 얻을 수 있습니다.	검증 계층									validation	api	spring	
Q916	예외 응답 표준화(Error Response Standardization)		Backend - 아키텍처 패턴	20	INITIALS	MEDIUM	컨트롤러 어드바이스 등을 이용해 에러 코드, 메시지, 필드 오류를 일관된 구조로 내려주도록 통일하는 작업을 무엇이라고 하는가?	에러 응답 표준화는 프론트와의 계약을 안정적으로 만드는 핵심 작업입니다. 에러 구조가 매번 다르면 클라이언트는 케이스별 분기 처리가 늘어나 유지보수가 어려워집니다. 면접에서는 에러 코드를 어떻게 설계하는지, 어떤 정보를 포함해야 하는지 질문이 나올 수 있습니다. 실무에서는 디버깅에 필요한 상관 ID를 포함하되, 내부 스택 트레이스 같은 민감 정보를 외부에 노출하지 않도록 주의해야 합니다. 표준화가 잘 되어 있으면 운영 대응과 사용자 안내가 훨씬 쉬워집니다.	예외 응답 표준화									api	error	standard	springboot
Q917	미들웨어 타임아웃(Timeout)		Backend - 웹 서버 기초	17	INITIALS	MEDIUM	외부 API나 DB 호출이 오래 걸릴 때 무한 대기를 막기 위해 최대 대기 시간을 설정하는 것을 무엇이라고 하는가?	타임아웃은 장애 전파를 막는 가장 기본적인 방어선입니다. 타임아웃이 없으면 느린 의존성 하나가 스레드를 붙잡아 시스템 전체가 느려질 수 있습니다. 면접에서는 재시도 정책과 함께 타임아웃을 어떻게 잡을지 질문이 자주 나옵니다. 실무에서는 커넥션 타임아웃과 읽기 타임아웃을 구분해 설정해야 하며, 값이 너무 짧아도 오류가 늘어납니다. 타임아웃은 안정성과 성능의 균형점이므로 근거를 가지고 튜닝하는 것이 중요합니다.	미들웨어 타임아웃									resilience	timeout	backend	springboot
Q918	재시도(Retry)		Backend - 아키텍처 패턴	20	INITIALS	MEDIUM	일시적 실패가 발생했을 때 동일 요청을 일정 정책으로 다시 시도해 성공 가능성을 높이는 전략을 무엇이라고 하는가?	재시도는 네트워크 일시 장애 같은 상황에서 성공률을 높일 수 있습니다. 하지만 무분별한 재시도는 트래픽 폭증과 장애 확산을 만들 수 있어 조심해야 합니다. 면접에서는 지수 백오프나 최대 시도 횟수 같은 정책을 함께 설명하는 경우가 많습니다. 실무에서는 멱등성이 보장되지 않는 요청에 재시도를 적용하면 중복 처리 사고가 나므로 멱등 키 같은 안전장치가 필요합니다. 재시도는 타임아웃, 서킷 브레이커와 함께 세트로 설계하는 것이 좋습니다.	재시도									resilience	retry	api	springboot
Q919	서킷 브레이커(Circuit Breaker)		Backend - 아키텍처 패턴	20	INITIALS	MEDIUM	장애가 발생한 의존성을 일정 조건에서 차단하고, 일정 시간 후 다시 시도해 복구 여부를 확인하는 패턴을 무엇이라고 하는가?	서킷 브레이커는 연쇄 장애를 막는 대표적인 회복 탄력성 패턴입니다. 실패가 계속되면 회로를 열어 더 이상 호출하지 않고 빠르게 실패를 반환합니다. 면접에서는 타임아웃과 재시도와 함께 어떻게 조합할지 질문이 나올 수 있습니다. 실무에서는 임계값 설정이 핵심이며, 너무 민감하면 정상 트래픽도 막고, 둔감하면 장애 확산을 막지 못합니다. 운영 모니터링과 함께 튜닝해야 효과가 극대화됩니다.	서킷 브레이커									resilience	circuitbreaker	backend	springboot
Q920	컨테이너 기동 실패(Startup Failure)		Backend - 웹 서버 기초	17	INITIALS	MEDIUM	빈 생성 오류나 설정 충돌로 인해 스프링 애플리케이션이 시작 단계에서 올라오지 못하는 상황을 무엇이라고 하는가?	스프링 부트는 기동 시점에 빈을 생성하고 자동 구성을 적용합니다. 이때 의존성 누락, 빈 충돌, 설정 값 오류가 있으면 컨테이너가 뜨지 못합니다. 면접에서는 기동 실패를 빠르게 진단하는 방법을 질문할 수 있습니다. 실무에서는 스택 트레이스에서 최초 원인 예외를 찾고, 조건 보고서나 로깅을 활용해 원인을 좁힙니다. 기동 실패는 배포 장애로 직결되므로, 설정 변경 시 검증 자동화와 테스트가 중요합니다.	컨테이너 기동 실패									springboot	startup	debug	
Q921	벌크헤드 패턴(Bulkhead Pattern)		Backend - 아키텍처 패턴	20	INITIALS	MEDIUM	특정 기능의 스레드 풀이나 자원을 분리해 한 곳의 장애가 전체로 번지는 것을 막는 회복 탄력성 패턴은 무엇인가?	벌크헤드 패턴은 선박의 격벽처럼 장애 전파를 격리하는 아이디어입니다. 기능별로 스레드 풀이나 커넥션 풀을 분리해 한쪽이 터져도 다른 기능이 살아남게 합니다. 면접에서는 장애 격리와 리소스 격리 설계를 어떻게 하는지 질문이 나올 수 있습니다. 실무에서는 외부 API 호출 전용 풀을 분리하거나, 고비용 작업을 별도 큐로 빼는 방식으로 적용합니다. 분리만 해두면 끝이 아니라, 각 풀의 크기와 모니터링 지표까지 함께 설계해야 안정적으로 운영됩니다.	벌크헤드 패턴									resilience	bulkhead	threadpool	springboot
Q922	폴백(Fallback)		Backend - 아키텍처 패턴	20	INITIALS	MEDIUM	외부 의존성 호출이 실패했을 때 기본값 반환이나 대체 경로로 처리해 사용자 경험을 유지하는 전략은 무엇인가?	폴백은 실패를 완전히 막지 못할 때 서비스 품질을 유지하는 전략입니다. 예를 들어 추천 API가 실패하면 기본 추천을 내려주는 식으로 동작합니다. 면접에서는 폴백이 왜 필요하고 어떤 경우엔 위험한지 질문이 나올 수 있습니다. 실무에서는 폴백이 데이터 정합성을 해치지 않도록 조회성 기능에 우선 적용하는 경우가 많습니다. 폴백을 적용하면 장애가 “조용히 숨겨질” 수 있어 모니터링과 알람을 반드시 함께 설계해야 합니다.	폴백									resilience	fallback	ux	springboot
Q923	속도 제한(Rate Limiting)		Backend - 웹 서버 기초	17	INITIALS	MEDIUM	과도한 요청으로부터 시스템을 보호하기 위해 단위 시간당 요청 수를 제한하는 정책을 무엇이라고 하는가?	속도 제한은 트래픽 폭주와 악성 요청으로부터 서버를 보호합니다. API 게이트웨이 또는 애플리케이션 레벨에서 적용할 수 있습니다. 면접에서는 토큰 버킷 같은 알고리즘이나 사용자 단위 제한을 어떻게 설계할지 질문이 나옵니다. 실무에서는 인증 전후에 제한 정책이 달라질 수 있고, 분산 환경에서는 중앙 저장소가 필요할 수 있습니다. 제한을 걸 때는 정상 사용자까지 막지 않도록 기준과 예외 정책을 명확히 해야 합니다.	속도 제한									api	ratelimit	security	springboot
Q924	인터셉터(Handler Interceptor)		Backend - 웹 서버 기초	17	INITIALS	MEDIUM	스프링 MVC에서 컨트롤러 전후로 공통 로직을 적용하기 위해 요청 처리 흐름에 끼워 넣는 구성 요소는 무엇인가?	인터셉터는 컨트롤러 호출 전후에 공통 로직을 넣을 수 있는 확장 지점입니다. 인증 체크, 로깅, 공통 헤더 처리 등에 자주 사용됩니다. 면접에서는 필터와 인터셉터 차이를 묻는 질문이 자주 나옵니다. 실무에서는 예외 처리 흐름이나 비동기 요청에서 호출 타이밍이 달라질 수 있어 주의가 필요합니다. 적용 범위를 URL 패턴으로 명확히 제한하면 유지보수성이 좋아집니다.	인터셉터									springmvc	interceptor	web	spring
Q925	서블릿 필터(Servlet Filter)		Backend - 웹 서버 기초	17	INITIALS	MEDIUM	서블릿 컨테이너 레벨에서 요청과 응답을 감싸 전처리 후처리를 수행하는 구성 요소는 무엇인가?	서블릿 필터는 스프링 MVC보다 더 앞단에서 동작하는 웹 구성 요소입니다. 인코딩, CORS, 보안, 로깅 같은 범용 처리를 담당합니다. 면접에서는 필터와 인터셉터의 차이, 실행 순서를 묻는 경우가 많습니다. 실무에서는 필터 체인이 길어지면 디버깅이 어려워지므로 책임을 분리하고 순서를 문서화하는 것이 좋습니다. 또한 요청 바디를 읽는 필터는 스트림 재사용 문제를 만들 수 있어 특히 주의해야 합니다.	서블릿 필터									servlet	filter	web	spring
Q926	메시지 컨버터(Http Message Converter)		Backend - 웹 서버 기초	17	INITIALS	MEDIUM	스프링 MVC에서 요청 바디를 객체로 변환하거나 객체를 JSON 같은 응답 바디로 변환하는 구성 요소는 무엇인가?	메시지 컨버터는 컨트롤러의 바디 변환을 담당합니다. JSON 직렬화 역직렬화가 대표적이며, Jackson과 함께 동작하는 경우가 많습니다. 면접에서는 DTO 바인딩 오류가 나면 어디를 봐야 하는지 질문이 나올 수 있습니다. 실무에서는 날짜 포맷, enum 처리, 필드 네이밍 전략 등에서 문제를 자주 겪습니다. 변환 규칙을 표준화하면 API 계약을 안정적으로 유지할 수 있습니다.	메시지 컨버터									springmvc	json	converter	spring
Q927	메서드 아규먼트 리졸버(HandlerMethodArgumentResolver)		Backend - 웹 서버 기초	17	INITIALS	MEDIUM	컨트롤러 메서드 파라미터에 인증 사용자나 페이징 정보 같은 값을 자동으로 주입하는 확장 포인트는 무엇인가?	메서드 아규먼트 리졸버는 컨트롤러 파라미터를 유연하게 확장하는 도구입니다. 인증 사용자 주입이나 공통 요청 값 변환에 활용할 수 있습니다. 면접에서는 커스텀 어노테이션 기반 주입을 어떻게 구현할지 질문이 나올 수 있습니다. 실무에서는 컨트롤러 코드가 깔끔해지고 중복이 줄지만, 지나치면 숨은 마법이 늘어 디버깅이 어려워질 수 있습니다. 팀 규칙을 정해 제한적으로 사용하면 생산성과 유지보수성을 함께 얻을 수 있습니다.	메서드 아규먼트 리졸버									springmvc	resolver	web	spring
Q928	예외 처리 어드바이스(Controller Advice)		Backend - 웹 서버 기초	17	INITIALS	MEDIUM	컨트롤러 전역에서 예외를 가로채 공통 응답으로 변환하는 스프링 MVC 구성 요소를 무엇이라고 하는가?	전역 예외 처리는 API 응답 일관성을 위해 필수입니다. 컨트롤러마다 try catch를 두지 않고 한 곳에서 예외를 응답으로 변환할 수 있습니다. 면접에서는 어떤 예외를 어떤 상태 코드로 매핑할지 질문이 나올 수 있습니다. 실무에서는 검증 오류, 인증 오류, 도메인 오류를 구분하고 에러 코드 정책을 표준화합니다. 내부 예외를 그대로 노출하면 보안 문제가 생길 수 있으므로 메시지와 로그를 분리하는 설계가 중요합니다.	예외 처리 어드바이스									springmvc	exception	api	spring
Q929	커스텀 검증기(Custom Validator)		Backend - 웹 서버 기초	17	INITIALS	MEDIUM	기본 애노테이션만으로 표현하기 어려운 도메인 규칙을 검증하기 위해 직접 만드는 검증 로직을 무엇이라고 하는가?	커스텀 검증기는 도메인 규칙을 입력 단계에서 보장하기 위한 수단입니다. 단순 길이 제한이 아니라, 예를 들어 비밀번호 정책이나 날짜 관계 같은 복합 조건을 검증할 때 사용합니다. 면접에서는 어디에 검증을 두는지, DTO 검증과 도메인 검증 경계를 묻기도 합니다. 실무에서는 검증 메시지와 국제화, 에러 코드 통일이 함께 고려되어야 합니다. 검증이 흩어지면 규칙이 깨지기 쉬우니 한 곳에 모아 관리하는 것이 중요합니다.	커스텀 검증기									validation	spring	api	
Q930	검증 그룹(Validation Group)		Backend - 웹 서버 기초	17	INITIALS	MEDIUM	생성 수정처럼 상황에 따라 서로 다른 검증 규칙을 적용하기 위해 검증을 그룹으로 나누는 기능을 무엇이라고 하는가?	검증 그룹은 같은 DTO라도 상황에 따라 다른 제약을 적용할 수 있게 해줍니다. 예를 들어 생성에서는 필수지만 수정에서는 선택인 필드를 구분할 때 유용합니다. 면접에서는 DTO를 분리하는 방식과 비교해 장단점을 묻는 경우가 있습니다. 실무에서는 그룹이 많아지면 복잡도가 커지므로, 필요하면 DTO를 분리하는 것이 더 명확할 때도 있습니다. 어떤 전략을 선택하든 검증 정책을 일관되게 유지하는 것이 핵심입니다.	검증 그룹									validation	group	api	springboot
Q931	HATEOAS(HATEOAS)		Backend - 아키텍처 패턴	20	INITIALS	MEDIUM	응답에 다음 가능한 행동 링크를 포함해 클라이언트가 상태 전이를 따라가도록 하는 REST 성숙도 개념을 무엇이라고 하는가?	HATEOAS는 REST 성숙도 모델에서 자주 언급되는 개념입니다. 응답에 링크를 포함해 클라이언트가 하드코딩 없이 다음 행동을 알 수 있게 합니다. 면접에서는 REST의 조건을 설명할 때 HATEOAS를 아는지 확인하는 경우가 있습니다. 실무에서는 단순 CRUD API에서는 적용 비용 대비 효용이 낮아 선택적으로 채택합니다. 개념을 알고 있어야 REST 논쟁에서 근거 있는 답변이 가능합니다.	헤이티오스									rest	api	design	springboot
Q932	도메인 이벤트(Domain Event)		Backend - 아키텍처 패턴	20	INITIALS	MEDIUM	주문 생성 같은 도메인 내부에서 발생한 의미 있는 사건을 이벤트로 표현해 후속 처리를 분리하는 개념을 무엇이라고 하는가?	도메인 이벤트는 도메인 로직에서 중요한 사건을 명시적으로 표현합니다. 이를 통해 후처리를 도메인 로직에서 분리해 결합도를 낮출 수 있습니다. 면접에서는 이벤트 기반 아키텍처와 DDD를 연결해 질문할 수 있습니다. 실무에서는 트랜잭션 커밋 후 이벤트 발행을 보장해야 정합성이 유지되므로 트랜잭션 이벤트와 함께 설계하는 경우가 많습니다. 도메인 이벤트는 확장성 좋은 설계를 만드는 강력한 도구입니다.	도메인 이벤트									ddd	event	architecture	springboot
Q933	아웃박스 패턴(Outbox Pattern)		Backend - 아키텍처 패턴	20	INITIALS	MEDIUM	DB 트랜잭션과 메시지 발행을 일관되게 맞추기 위해 이벤트를 먼저 DB에 기록한 뒤 별도 프로세스가 발행하도록 하는 패턴은 무엇인가?	아웃박스 패턴은 분산 시스템에서 정합성을 지키기 위한 대표 패턴입니다. 트랜잭션 안에서 이벤트를 아웃박스 테이블에 저장하고, 커밋 후 발행을 처리합니다. 면접에서는 이중 기록 문제와 정확히 한 번 전달 같은 주제로 질문이 확장될 수 있습니다. 실무에서는 메시지 브로커 장애나 네트워크 장애에도 이벤트 유실을 줄일 수 있어 유용합니다. 다만 아웃박스 처리기 운영과 중복 처리 방지 같은 추가 설계가 필요합니다.	아웃박스 패턴									event	outbox	consistency	springboot
Q934	사가 패턴(Saga Pattern)		Backend - 아키텍처 패턴	20	INITIALS	MEDIUM	분산 트랜잭션을 대체하기 위해 여러 로컬 트랜잭션을 순서대로 실행하고 실패 시 보상 트랜잭션을 수행하는 패턴은 무엇인가?	사가 패턴은 마이크로서비스에서 분산 트랜잭션을 직접 쓰기 어려울 때 사용됩니다. 각 서비스는 로컬 트랜잭션을 커밋하고, 실패 시 보상 동작으로 되돌립니다. 면접에서는 2PC 대신 사가를 쓰는 이유와 보상 트랜잭션의 한계를 묻는 경우가 많습니다. 실무에서는 보상은 완벽한 롤백이 아니기 때문에 비즈니스적으로 허용 가능한 되돌림 정책을 설계해야 합니다. 사가는 설계 난도가 높지만 확장성 있는 분산 시스템에 매우 중요한 개념입니다.	사가 패턴									msa	saga	transaction	springboot
Q935	리액티브 스트림(Reactive Streams)		Backend - 비동기 처리	19	INITIALS	MEDIUM	비동기 스트림 처리에서 백프레셔를 표준으로 정의해 생산자와 소비자가 안전하게 데이터를 주고받게 하는 표준은 무엇인가?	리액티브 스트림은 비동기 데이터 흐름의 표준 인터페이스를 제공합니다. 특히 백프레셔를 통해 소비자가 처리 가능한 만큼만 요청하도록 설계합니다. 면접에서는 리액티브 프로그래밍이 왜 필요한지와 블로킹 I/O와 차이를 묻습니다. 실무에서는 대규모 동시 요청 처리나 스트리밍 처리에서 장점을 얻을 수 있지만, 디버깅 난도가 올라갈 수 있습니다. 표준을 이해하면 WebFlux 같은 리액티브 스택을 더 근거 있게 선택할 수 있습니다.	리액티브 스트림									reactive	streams	backpressure	springboot
Q936	백프레셔(Backpressure)		Backend - 비동기 처리	19	INITIALS	MEDIUM	소비자가 처리 속도보다 많은 데이터가 밀려올 때 과부하를 막기 위해 생산 속도를 제어하는 메커니즘을 무엇이라고 하는가?	백프레셔는 스트리밍 시스템에서 안정성을 지키는 핵심 개념입니다. 소비자가 처리 가능한 양만큼만 데이터를 요청하도록 하여 메모리 폭증을 막습니다. 면접에서는 큐 기반 시스템에서 과부하를 어떻게 제어할지 질문이 나올 수 있습니다. 실무에서는 백프레셔가 없으면 지연이 쌓이고 결국 OOM 같은 치명적인 장애로 이어질 수 있습니다. 비동기 시스템을 설계할 때 처리량 제어가 필수라는 점을 설명할 수 있어야 합니다.	백프레셔									async	performance	stability	springboot
Q937	메트릭(Metrics)		Backend - 웹 서버 기초	17	INITIALS	MEDIUM	요청 수, 지연 시간, 오류율 같은 수치를 수집해 시스템 상태를 수량화하는 관측 데이터 유형을 무엇이라고 하는가?	메트릭은 시스템 상태를 숫자로 표현해 빠른 감지와 알람에 적합합니다. 예를 들어 평균 지연 시간, 오류율, CPU 사용률 같은 것들이 대표적입니다. 면접에서는 로그와 메트릭, 트레이스의 차이를 묻는 질문이 자주 나옵니다. 실무에서는 SLO를 정하고, 메트릭 기반 알람으로 장애를 조기에 감지합니다. 메트릭을 잘 설계하면 사용자 체감 장애를 “숫자”로 빠르게 확인할 수 있어 운영 품질이 크게 올라갑니다.	메트릭									ops	metrics	monitoring	springboot
Q938	분산 추적(Distributed Tracing)		Backend - 웹 서버 기초	17	INITIALS	MEDIUM	여러 서비스에 걸친 요청 흐름을 트레이스 ID로 연결해 병목과 오류 지점을 추적하는 관측 기법을 무엇이라고 하는가?	분산 추적은 마이크로서비스에서 필수에 가까운 운영 기술입니다. 하나의 요청이 여러 서비스를 거칠 때 어디서 시간이 걸리고 어디서 실패했는지 한눈에 볼 수 있습니다. 면접에서는 트레이스가 왜 필요한지와 로그만으로 부족한 이유를 질문할 수 있습니다. 실무에서는 trace id를 로그에 함께 남겨 상호 참조 가능하게 만들고, 샘플링 정책을 통해 비용을 관리합니다. 분산 추적이 구축되어 있으면 장애 분석 시간이 크게 줄어듭니다.	분산 추적									tracing	observability	ops	
Q939	프로파일(Profile)		Backend - 언어 & 프레임워크	21	INITIALS	MEDIUM	개발 운영 테스트 등 환경에 따라 다른 설정과 빈 구성을 적용하기 위해 환경을 분기하는 기능을 무엇이라고 하는가?	프로파일은 환경별로 설정과 빈을 다르게 적용하기 위한 대표 기능입니다. 로컬에서는 H2를 쓰고 운영에서는 MySQL을 쓰는 식의 분리가 가능합니다. 면접에서는 프로파일을 어떻게 적용하고 배포 시 어떤 방식으로 활성화하는지 질문이 나옵니다. 실무에서는 프로파일이 많아질수록 관리가 어려워지므로, 역할 기준으로 최소화하고 문서화하는 것이 중요합니다. 잘못된 프로파일이 켜지면 운영 사고로 이어질 수 있어 배포 파이프라인과 함께 검증해야 합니다.	프로파일									springboot	profile	config	
Q940	애플리케이션 러너(Application Runner)		Backend - 언어 & 프레임워크	21	INITIALS	MEDIUM	스프링 부트 기동 후 초기 데이터 적재나 점검 작업을 수행하기 위해 실행되는 콜백 인터페이스를 무엇이라고 하는가?	애플리케이션 러너는 컨텍스트가 준비된 뒤 실행되는 초기화 훅입니다. 서버 기동 시 필요한 작업을 코드를 통해 수행할 수 있습니다. 면접에서는 커맨드라인 러너와 차이를 묻거나, 기동 순서를 질문할 수 있습니다. 실무에서는 초기 데이터 시딩, 설정 검증, 외부 의존성 헬스 체크 같은 작업에 활용합니다. 다만 러너에서 무거운 작업을 하면 기동 시간이 길어져 배포가 느려질 수 있으니 책임과 비용을 조절해야 합니다.	애플리케이션 러너									springboot	startup	runner	
Q941	커맨드라인 러너(Command Line Runner)		Backend - 언어 & 프레임워크	21	INITIALS	MEDIUM	애플리케이션 시작 시 커맨드라인 인자를 받아 실행할 수 있는 스프링 부트 실행 훅을 무엇이라고 하는가?	커맨드라인 러너는 기동 후 특정 작업을 수행하는 콜백입니다. 메인 메서드만으로는 하기 어려운 초기 작업을 깔끔하게 분리할 수 있습니다. 면접에서는 러너를 어디에 쓰는지, 실행 순서를 어떻게 제어하는지 질문이 나올 수 있습니다. 실무에서는 마이그레이션 점검, 캐시 워밍, 배치성 작업을 기동과 함께 실행할 때 사용합니다. 운영 환경에서는 러너가 실패하면 애플리케이션이 내려갈 수 있으므로 실패 정책을 명확히 해야 합니다.	커맨드라인 러너									springboot	startup	cli	
Q942	설정 메타데이터(Configuration Metadata)		Backend - 언어 & 프레임워크	21	INITIALS	MEDIUM	IDE 자동완성과 문서화를 위해 스프링 부트 설정 키와 설명을 메타데이터로 제공하는 것을 무엇이라고 하는가?	설정 메타데이터는 설정 키를 잘 쓰도록 돕는 개발 경험 요소입니다. 잘 구성되면 IDE에서 자동완성과 설명이 제공되어 설정 실수를 줄입니다. 면접에서는 직접 묻기보다는 실무 품질 관점에서 설정 관리가 얼마나 체계적인지로 평가될 수 있습니다. 실무에서는 커스텀 스타터나 공통 라이브러리를 만들 때 메타데이터를 제공하면 팀 전체 생산성이 올라갑니다. 설정은 운영 사고의 주요 원인이므로, 도구 지원을 받도록 정리하는 것이 중요합니다.	설정 메타데이터									springboot	config	ide	
Q943	프로퍼티 암호화(Property Encryption)		Backend - 보안	18	INITIALS	MEDIUM	DB 비밀번호 같은 민감 설정 값을 평문으로 두지 않고 암호화해 관리하는 방식은 무엇이라고 하는가?	프로퍼티 암호화는 설정 유출 위험을 줄이기 위한 운영 보안 전략입니다. 소스 저장소에 평문 비밀번호가 들어가면 사고로 이어질 수 있습니다. 면접에서는 시크릿을 어떻게 관리하는지 질문이 자주 나옵니다. 실무에서는 KMS나 시크릿 매니저를 활용하고, 최소 권한 원칙으로 접근을 통제합니다. 암호화 자체보다도 키 관리와 배포 파이프라인에서의 안전한 주입 방식이 핵심입니다.	프로퍼티 암호화									security	config	secrets	springboot
Q944	환경 변수 주입(Environment Variable Injection)		Backend - 웹 서버 기초	17	INITIALS	MEDIUM	배포 환경에서 설정 값을 코드나 설정 파일이 아니라 환경 변수로 전달해 애플리케이션에 적용하는 방식을 무엇이라고 하는가?	환경 변수 주입은 컨테이너와 클라우드 배포에서 표준적인 설정 전달 방식입니다. 빌드 산출물은 동일하게 유지하고, 실행 환경에서 값만 바꿀 수 있어 배포가 단순해집니다. 면접에서는 왜 설정을 코드와 분리해야 하는지와 함께 질문이 나올 수 있습니다. 실무에서는 환경 변수 이름 규칙과 민감 정보 마스킹, 접근 권한이 중요합니다. 환경 변수도 로그에 찍히면 유출될 수 있으므로 운영 로깅 정책까지 함께 잡아야 합니다.	환경 변수 주입									devops	config	env	springboot
Q945	블루그린 배포(Blue Green Deployment)		Backend - 웹 서버 기초	17	INITIALS	MEDIUM	두 개의 동일 환경을 유지하고 트래픽을 전환해 무중단 배포를 구현하는 방식은 무엇이라고 하는가?	블루그린 배포는 배포 위험을 줄이고 롤백을 빠르게 하는 전략입니다. 새 버전을 그린에 올린 뒤 문제가 없으면 트래픽을 전환합니다. 면접에서는 롤링 배포와 비교해 장단점을 묻는 경우가 많습니다. 실무에서는 DB 마이그레이션이 함께 있을 때가 가장 까다롭고, 하위 호환 변경이 필수입니다. 인프라 비용이 증가할 수 있지만 서비스 안정성에 큰 이점이 있습니다.	블루그린 배포									deploy	bluegreen	devops	springboot
Q946	롤링 배포(Rolling Deployment)		Backend - 웹 서버 기초	17	INITIALS	MEDIUM	서버 인스턴스를 일부씩 순차적으로 교체하며 서비스 중단 없이 배포하는 방식은 무엇이라고 하는가?	롤링 배포는 인스턴스를 한 번에 바꾸지 않고 순차 교체해 다운타임을 줄입니다. 트래픽을 분산한 상태에서 점진적으로 새 버전을 확장합니다. 면접에서는 배포 중 구버전과 신버전이 공존할 때의 문제를 어떻게 해결할지 질문이 나옵니다. 실무에서는 세션 고정, 캐시 호환성, API 호환성을 고려해야 합니다. 모니터링 지표를 보고 배포 속도를 조절하는 운영 역량도 중요합니다.	롤링 배포									deploy	rolling	devops	springboot
Q947	기능 플래그(Feature Flag)		Backend - 아키텍처 패턴	20	INITIALS	MEDIUM	배포와 기능 공개를 분리하기 위해 설정으로 기능을 켜고 끄는 운영 기법은 무엇이라고 하는가?	기능 플래그는 릴리즈 리스크를 낮추는 실무 기법입니다. 코드는 배포해두고 특정 사용자만 기능을 켜거나 단계적으로 공개할 수 있습니다. 면접에서는 카나리 배포와 연결해 질문이 나올 수 있습니다. 실무에서는 플래그가 쌓이면 코드가 복잡해지므로 정리 기준과 만료 정책이 중요합니다. 또한 플래그는 사실상 런타임 설정이므로 변경 권한과 감사 로그 같은 운영 통제도 필요합니다.	기능 플래그									release	featureflag	ops	springboot
Q948	카나리 배포(Canary Deployment)		Backend - 웹 서버 기초	17	INITIALS	MEDIUM	소수 트래픽에만 새 버전을 먼저 적용해 안정성을 확인한 뒤 점진적으로 확대하는 배포 방식은 무엇인가?	카나리 배포는 위험을 작은 범위에서 먼저 검증하는 전략입니다. 문제가 있으면 영향 범위를 최소화한 채 빠르게 롤백할 수 있습니다. 면접에서는 어떤 지표를 보고 확장 여부를 결정할지 질문이 나옵니다. 실무에서는 라우팅 정책, 모니터링, 알람 기준이 핵심이며 자동 롤백까지 설계하면 더 안정적입니다. 사용자 경험을 해치지 않으면서 빠르게 실험할 수 있어 제품 조직에서도 많이 씁니다.	카나리 배포									deploy	canary	observability	springboot
Q949	프리플라이트 요청(Preflight Request)		Backend - 웹 서버 기초	17	INITIALS	MEDIUM	브라우저가 실제 요청 전에 OPTIONS로 허용 여부를 확인하는 사전 요청을 무엇이라고 하는가?	프리플라이트는 CORS 정책에서 안전을 위해 추가로 수행되는 확인 절차입니다. 특정 헤더나 메서드가 포함되면 브라우저가 먼저 OPTIONS를 보내 서버가 허용하는지 확인합니다. 면접에서는 왜 어떤 요청은 프리플라이트가 생기고 어떤 요청은 없는지 질문이 나올 수 있습니다. 실무에서는 프리플라이트가 많아지면 지연이 늘 수 있어 캐시 헤더로 최적화하기도 합니다. 서버에서 OPTIONS 처리를 제대로 하지 않으면 클라이언트가 막히므로 설정이 중요합니다.	프리플라이트 요청									cors	preflight	web	springboot
Q950	로그 상관관계(Correlation ID)		Backend - 웹 서버 기초	17	INITIALS	MEDIUM	하나의 사용자 요청이 남긴 여러 로그를 같은 ID로 묶어 추적 가능하게 만드는 식별자를 무엇이라고 하는가?	로그 상관관계는 분산 시스템에서 필수에 가까운 운영 전략입니다. 같은 요청에서 나온 로그를 하나의 ID로 연결하면 흐름을 따라가며 분석할 수 있습니다. 면접에서는 요청 추적을 어떻게 설계하는지 질문이 자주 나옵니다. 실무에서는 게이트웨이에서 correlation id를 생성해 하위 서비스로 전달하고 로그에 포함시키는 방식이 흔합니다. 이 ID가 없다면 장애 분석이 “검색 불가한 퍼즐”이 되므로 처음부터 설계에 포함해야 합니다.	로그 상관관계									logging	tracing	ops	springboot
Q951	헬스 체크(Health Check)		Backend - 웹 서버 기초	17	INITIALS	MEDIUM	애플리케이션과 의존성 상태를 점검해 로드밸런서나 오케스트레이터가 정상 여부를 판단하게 하는 진단 요청을 무엇이라고 하는가?	헬스 체크는 서비스 가용성을 유지하기 위한 핵심 운영 장치입니다. 애플리케이션이 살아있는지, DB 같은 의존성이 정상인지 확인할 수 있습니다. 면접에서는 라이브니스와 레디니스 같은 개념으로 확장될 수 있습니다. 실무에서는 헬스 체크가 너무 무거우면 오히려 부하를 만들 수 있어 빠르고 가볍게 설계해야 합니다. 헬스 체크가 잘 되어 있으면 장애 인스턴스를 자동으로 트래픽에서 제외할 수 있어 무중단 운영에 큰 도움이 됩니다.	헬스 체크									ops	actuator	health	springboot
Q952	레디니스 프로브(Readiness Probe)		Backend - 웹 서버 기초	17	INITIALS	MEDIUM	트래픽을 받을 준비가 되었는지 판단해 준비 전에는 라우팅하지 않도록 하는 진단 방식은 무엇인가?	레디니스 프로브는 인스턴스가 완전히 준비되기 전 트래픽을 받지 않게 합니다. 기동 직후 초기화나 캐시 워밍이 끝나지 않았을 때 특히 중요합니다. 면접에서는 라이브니스와 차이를 설명하라는 질문이 나올 수 있습니다. 실무에서는 레디니스가 잘 설계되면 배포 중 오류율이 줄고, 롤링 배포가 안정적으로 동작합니다. 준비 상태 판단 기준이 너무 느슨하거나 엄격하면 각각 장애 또는 가용성 저하로 이어질 수 있어 튜닝이 필요합니다.	레디니스 프로브									k8s	readiness	ops	springboot
Q953	라이브니스 프로브(Liveness Probe)		Backend - 웹 서버 기초	17	INITIALS	MEDIUM	애플리케이션이 죽지 않고 실행 중인지 판단해 비정상 시 재시작을 유도하는 진단 방식은 무엇인가?	라이브니스 프로브는 프로세스가 비정상 상태에 빠졌을 때 자동 복구를 돕습니다. 예를 들어 데드락이나 무한 대기 같은 상태를 감지해 재시작할 수 있습니다. 면접에서는 레디니스와 라이브니스의 차이를 정확히 구분하는지 확인합니다. 실무에서는 라이브니스가 너무 민감하면 정상 인스턴스도 재시작시키는 문제가 생기므로 기준 설정이 중요합니다. 적절한 프로브 설계는 무중단 운영과 자동 복구의 핵심입니다.	라이브니스 프로브									k8s	liveness	ops	springboot
Q954	구성 변경 감지(Config Refresh)		Backend - 언어 & 프레임워크	21	INITIALS	MEDIUM	애플리케이션 재기동 없이 설정 변경을 반영하기 위해 런타임에 설정을 갱신하는 개념을 무엇이라고 하는가?	구성 변경 감지는 운영에서 유연성을 높여줍니다. 재기동 없이 설정을 반영할 수 있으면 배포 부담이 줄어듭니다. 면접에서는 설정 변경이 안전한 범위가 어디까지인지 질문이 나올 수 있습니다. 실무에서는 모든 설정이 런타임 변경에 안전한 것은 아니며, 동시성이나 캐시 문제를 고려해야 합니다. 변경 이력을 남기고 롤백 가능하게 만드는 운영 체계까지 포함해 설계하는 것이 중요합니다.	구성 변경 감지									config	ops	spring	springboot
Q955	전파 속성(Propagation)		Backend - 트랜잭션 및 동시성 제어	37	INITIALS	HARD	트랜잭션이 이미 존재할 때 새로운 메서드 호출이 기존 트랜잭션에 참여할지, 새로 만들지 결정하는 트랜잭션 동작 규칙을 무엇이라고 하는가?	전파 속성은 트랜잭션 경계 설계에서 가장 자주 사고가 나는 지점 중 하나입니다. 기본 전파는 기존 트랜잭션에 참여하지만, 새로운 트랜잭션이 필요하거나 트랜잭션 없이 동작해야 하는 경우 전파 값을 바꿔야 합니다. 면접에서는 REQUIRED와 REQUIRES_NEW 차이와 로그 저장 같은 예시로 확장 질문이 나옵니다. 실무에서는 전파 속성 선택이 롤백 범위와 락 유지 시간에 직접 영향을 줍니다. 잘못 설정하면 의도치 않은 전체 롤백 또는 데이터 불일치가 생기므로 케이스별로 근거 있게 선택해야 합니다.	전파 속성									transaction	spring	propagation	
Q956	격리 수준(Isolation Level)		Backend - 트랜잭션 및 동시성 제어	37	INITIALS	HARD	트랜잭션 동시 실행 시 더티 리드, 반복 불가능 읽기, 팬텀 리드 같은 현상을 허용 여부로 제어하는 DB 트랜잭션 설정을 무엇이라고 하는가?	격리 수준은 동시성 문제와 성능 사이의 트레이드오프를 결정합니다. 높은 격리는 정합성을 높이지만 락 경쟁이 커져 성능이 떨어질 수 있습니다. 면접에서는 각 이상 현상과 어떤 격리에서 막히는지 조합 문제로 자주 출제됩니다. 실무에서는 단순히 가장 높은 격리를 쓰는 것이 아니라, 비즈니스 요구와 트래픽을 고려해 선택합니다. 서비스 장애는 종종 격리와 락 경합에서 시작되므로 로그와 모니터링 기반으로 튜닝할 수 있어야 합니다.	격리 수준									transaction	isolation	db	
Q957	프록시 한계(Proxy Limitation)		Backend - 언어 & 프레임워크	21	INITIALS	HARD	final 클래스나 final 메서드 같은 조건 때문에 스프링의 AOP 프록시 적용이 제한되거나 예기치 않게 동작하는 제약을 무엇이라고 하는가?	스프링 AOP는 프록시 기반이기 때문에 언어 레벨 제약의 영향을 받습니다. 클래스 기반 프록시는 상속을 쓰므로 final 제약에 걸릴 수 있습니다. 면접에서는 왜 어떤 메서드에 트랜잭션이 안 먹는지 원인으로 이 제약을 묻기도 합니다. 실무에서는 라이브러리 설계나 코딩 규칙에서 final 사용 정책이 AOP 적용과 충돌할 수 있어 팀 합의가 필요합니다. 프록시 한계를 알면 “어노테이션 붙였는데 안 됨” 문제를 빠르게 진단할 수 있습니다.	프록시 한계									spring	aop	proxy	
Q958	트랜잭션 어노테이션 위치(Transaction Annotation Placement)		Backend - 트랜잭션 및 동시성 제어	37	INITIALS	HARD	트랜잭션이 프록시 기반으로 적용되기 때문에 메서드 접근 제어자나 호출 경로에 따라 적용 여부가 달라질 수 있는 설계 포인트를 무엇이라고 하는가?	트랜잭션은 어노테이션만 붙이면 끝이 아니라 “어디에 붙이고 어떻게 호출되느냐”가 핵심입니다. 프록시가 가로채야 적용되므로 내부 호출, private 메서드 호출, final 제약 같은 조건에서 실패할 수 있습니다. 면접에서는 public 메서드에 두는 이유와 서비스 계층에 트랜잭션을 두는 이유를 논리적으로 설명하길 요구합니다. 실무에서는 컨트롤러에 붙이면 경계가 커져 락이 오래 잡히고, 리포지토리에 붙이면 비즈니스 단위 경계가 깨질 수 있습니다. 트랜잭션 위치는 성능과 정합성을 동시에 좌우합니다.	트랜잭션 어노테이션 위치									spring	transaction	aop	
Q959	트랜잭션 동기화 매니저(Transaction Synchronization Manager)		Backend - 트랜잭션 및 동시성 제어	37	INITIALS	HARD	스레드 로컬을 기반으로 현재 트랜잭션과 연관된 리소스를 바인딩하고 트랜잭션 생명주기 이벤트를 관리하는 스프링 내부 컴포넌트를 무엇이라고 하는가?	이 컴포넌트는 스프링 트랜잭션이 “현재 스레드에서 어떤 트랜잭션이 진행 중인지”를 추적하는 핵심 축입니다. 커넥션이나 세션 같은 리소스를 트랜잭션과 연결해 일관된 사용을 보장합니다. 면접에서는 트랜잭션이 스레드 단위로 묶이는 이유와 비동기에서 왜 문제가 되는지로 확장되기 쉽습니다. 실무에서는 트랜잭션 컨텍스트가 전파되지 않는 이유를 이해하는 데 도움이 됩니다. 내부 동작을 알면 복잡한 트랜잭션 버그를 디버깅할 때 큰 무기가 됩니다.	트랜잭션 동기화 매니저									spring	transaction	internal	
Q960	리드 온리 트랜잭션(Read Only Transaction)		Backend - 트랜잭션 및 동시성 제어	37	INITIALS	HARD	조회 전용 힌트를 통해 플러시를 억제하거나 특정 최적화를 기대할 수 있는 트랜잭션 모드를 무엇이라고 하는가?	읽기 전용 트랜잭션은 단순히 “수정 금지”라기보다 최적화 힌트 성격이 강합니다. JPA에서는 변경 감지 비용을 줄이거나 플러시 동작을 간접적으로 제어하는 데 도움이 될 수 있습니다. 면접에서는 readOnly가 실제로 무엇을 보장하고 무엇을 보장하지 않는지 구분을 요구할 수 있습니다. 실무에서는 조회 API에 readOnly를 일관되게 적용해 성능을 미세하게 개선하는 경우가 있습니다. 다만 DB와 JPA 구현체에 따라 효과가 다를 수 있어 측정 기반으로 적용하는 것이 좋습니다.	리드 온리 트랜잭션									transaction	jpa	performance	spring
Q961	플러시 모드(Flush Mode)		Backend - 언어 & 프레임워크	21	INITIALS	HARD	쿼리 실행 전 자동 플러시 여부 등 영속성 컨텍스트의 플러시 타이밍을 제어하는 설정을 무엇이라고 하는가?	플러시 모드는 쿼리 실행 시점의 동작을 바꿔 성능과 정합성에 영향을 줍니다. 기본 모드에서는 쿼리 전에 자동 플러시가 일어나 의도치 않은 update가 먼저 나갈 수 있습니다. 면접에서는 왜 조회 쿼리 전에 업데이트가 나갈 수 있는지 설명하라는 질문이 나올 수 있습니다. 실무에서는 대량 처리나 특정 조회 시나리오에서 플러시 타이밍을 이해하지 못하면 성능이 급락하거나 락이 길어질 수 있습니다. 플러시 모드는 최적화와 버그 예방 관점에서 반드시 알고 있어야 하는 개념입니다.	플러시 모드									jpa	flush	hibernate	springboot
Q962	지연 로딩 예외(Lazy Initialization Exception)		Backend - 언어 & 프레임워크	21	INITIALS	HARD	트랜잭션 또는 영속성 컨텍스트가 닫힌 뒤 지연 로딩 프록시를 초기화하려고 할 때 발생하는 대표 예외를 무엇이라고 하는가?	이 예외는 OSIV 설정과 DTO 변환 시점 설계가 잘못되었을 때 자주 발생합니다. 지연 로딩은 컨텍스트가 살아있을 때만 초기화가 가능하기 때문입니다. 면접에서는 왜 발생하는지와 해결책을 세 가지 이상 말해보라는 식으로 자주 나옵니다. 실무에서는 서비스 계층에서 필요한 연관 데이터를 미리 로딩하거나, fetch join이나 엔티티 그래프를 활용해 해결합니다. 단순히 OSIV를 켜는 방식은 성능 문제를 부를 수 있어 근본 원인 중심으로 설계하는 것이 좋습니다.	지연 로딩 예외									jpa	lazy	exception	springboot
Q963	페치 조인 페이징 문제(Fetch Join Paging Issue)		Backend - 언어 & 프레임워크	21	INITIALS	HARD	컬렉션 페치 조인을 사용한 상태에서 페이징을 적용하면 데이터 중복과 메모리 페이징이 발생할 수 있는 문제를 무엇이라고 하는가?	컬렉션 페치 조인은 조인 결과가 행 기준으로 늘어나 중복이 발생합니다. 이 상태에서 페이징을 하면 DB 페이징이 아니라 애플리케이션에서 잘라내는 형태로 바뀌어 성능이 크게 나빠질 수 있습니다. 면접에서는 컬렉션 페치 조인과 페이징을 같이 쓰면 안 되는 이유를 설명하라는 질문이 나옵니다. 실무에서는 toOne 관계만 페치 조인하고, 컬렉션은 배치 로딩이나 별도 조회로 풀어냅니다. 조회 설계에서 가장 흔한 함정 중 하나라 반드시 알고 있어야 합니다.	페치 조인 페이징 문제									jpa	fetchjoin	paging	springboot
Q964	엔티티 그래프(Entity Graph)		Backend - 언어 & 프레임워크	21	INITIALS	HARD	특정 조회에서 어떤 연관 관계를 함께 로딩할지 선언적으로 지정해 N플러스원을 완화하는 기능을 무엇이라고 하는가?	엔티티 그래프는 페치 전략을 쿼리별로 제어할 수 있게 해줍니다. 코드나 어노테이션으로 로딩 그래프를 정의해 필요한 관계만 함께 가져오도록 합니다. 면접에서는 fetch join과 비교해 장단점과 적용 상황을 설명하라고 할 수 있습니다. 실무에서는 복잡한 조회에서 JPQL을 과도하게 만들지 않고도 로딩 전략을 관리하는 데 도움이 됩니다. 다만 남용하면 어떤 쿼리가 나가는지 파악이 어려워질 수 있어 쿼리 로그와 함께 운영해야 합니다.	엔티티 그래프									jpa	entitygraph	performance	springboot
Q965	배치 로딩(Batch Fetching)		Backend - 언어 & 프레임워크	21	INITIALS	HARD	지연 로딩 시 연관 엔티티를 한 건씩 가져오지 않고 일정 크기로 묶어 한 번에 가져오도록 최적화하는 전략을 무엇이라고 하는가?	배치 로딩은 N플러스원을 완전히 없애진 못해도 쿼리 수를 크게 줄일 수 있습니다. 하이버네이트의 배치 사이즈 설정이 대표적입니다. 면접에서는 N플러스원을 해결하는 여러 방법을 비교해 설명하라는 질문이 자주 나옵니다. 실무에서는 화면 요구에 맞춰 fetch join, 엔티티 그래프, 배치 로딩을 조합해 최적의 쿼리 패턴을 만듭니다. 배치 크기는 DB와 트래픽에 따라 달라지므로 측정 기반으로 튜닝해야 합니다.	배치 로딩									jpa	hibernate	batch	springboot
Q966	비관적 락 타임아웃(Pessimistic Lock Timeout)		Backend - 트랜잭션 및 동시성 제어	37	INITIALS	HARD	비관적 락을 획득하지 못할 때 무한 대기 대신 일정 시간 후 실패하도록 제한하는 설정을 무엇이라고 하는가?	비관적 락은 안전하지만 대기가 길어지면 서비스 전체가 멈춘 것처럼 보일 수 있습니다. 그래서 락 대기 시간 제한이 필수입니다. 면접에서는 락 타임아웃을 걸지 않으면 어떤 장애가 생기는지 질문이 나올 수 있습니다. 실무에서는 타임아웃 실패 시 재시도 전략이나 사용자 메시지 전략을 함께 설계합니다. 단순히 타임아웃만 걸면 오류가 늘 수 있어, 트래픽 패턴과 병목 지점을 함께 튜닝해야 합니다.	비관적 락 타임아웃									db	lock	timeout	springboot
Q967	트랜잭션 롤백 규칙(Rollback Rule)		Backend - 트랜잭션 및 동시성 제어	37	INITIALS	HARD	체크 예외와 런타임 예외에 따라 기본 롤백 동작이 달라질 수 있어 롤백 대상을 명시적으로 지정하는 규칙을 무엇이라고 하는가?	스프링은 기본적으로 런타임 예외에서 롤백하고 체크 예외는 커밋하는 동작을 가질 수 있습니다. 이 차이를 이해하지 못하면 예외는 났는데 데이터가 커밋되는 사고가 생깁니다. 면접에서는 왜 이런 기본값이 존재하는지와 어떻게 제어하는지 질문이 나옵니다. 실무에서는 비즈니스 예외 설계와 롤백 정책을 맞춰야 정합성이 유지됩니다. 롤백 규칙을 명확히 정의하면 장애 상황에서도 데이터 일관성을 지키기 쉬워집니다.	트랜잭션 롤백 규칙									spring	transaction	rollback	spring
Q968	스레드풀 고갈(Thread Pool Exhaustion)		Backend - 비동기 처리	19	INITIALS	HARD	블로킹 작업이 쌓이거나 요청이 폭주해 스레드 풀이 모두 사용되어 새 작업을 처리하지 못하는 상태를 무엇이라고 하는가?	스레드풀 고갈은 웹 서버 장애의 전형적인 패턴입니다. 응답이 느려지고 타임아웃이 늘어나며 결국 전체 장애로 확산됩니다. 면접에서는 왜 블로킹 호출이 위험한지와 스레드 풀을 어떻게 분리할지 질문이 나올 수 있습니다. 실무에서는 타임아웃, 벌크헤드, 서킷 브레이커로 고갈을 예방하고, 지표로 풀 사용률과 큐 길이를 모니터링합니다. 원인을 제거하지 않으면 스케일 아웃으로도 해결이 안 되는 경우가 많아 설계 단계에서 방어가 필요합니다.	스레드풀 고갈									performance	threadpool	outage	springboot
Q969	컨텍스트 누수(Context Leakage)		Backend - 비동기 처리	19	INITIALS	HARD	스레드 로컬 기반 컨텍스트가 정리되지 않아 다음 요청이나 다른 작업에 값이 섞이는 현상을 무엇이라고 하는가?	컨텍스트 누수는 운영에서 매우 위험한 버그를 만들 수 있습니다. 사용자 정보나 트레이스 ID가 다른 요청 로그에 섞이면 보안과 분석 모두에 치명적입니다. 면접에서는 스레드 풀 환경에서 스레드 로컬이 왜 위험한지 질문이 나올 수 있습니다. 실무에서는 요청 종료 시 MDC를 반드시 clear하고, 비동기 실행 시 컨텍스트 전파와 정리 규칙을 강제합니다. 작은 실수로 큰 사고가 날 수 있으니 안전장치를 코드 레벨로 마련하는 것이 중요합니다.	컨텍스트 누수									async	threadlocal	logging	java
Q970	커넥션 풀 누수(Connection Leak)		Backend - 웹 서버 기초	17	INITIALS	HARD	DB 커넥션을 반환하지 않아 풀의 가용 커넥션이 줄어들고 결국 요청이 대기하거나 실패하는 현상을 무엇이라고 하는가?	커넥션 풀 누수는 장애로 직결되는 치명적인 운영 이슈입니다. 커넥션이 반환되지 않으면 풀은 점점 고갈되고 모든 요청이 DB에서 막힙니다. 면접에서는 누수 원인과 어떻게 탐지할지 질문이 나올 수 있습니다. 실무에서는 트랜잭션 범위를 과도하게 길게 잡거나, 예외 처리에서 자원을 닫지 않아 문제가 생깁니다. 커넥션 풀 지표와 타임아웃, 누수 감지 설정을 함께 운영해야 합니다.	커넥션 풀 누수									database	hikari	performance	springboot
Q971	이중 직렬화 문제(Double Serialization)		Backend - 웹 서버 기초	17	INITIALS	HARD	JSON 문자열을 다시 JSON으로 직렬화해 따옴표가 중첩되거나 응답 포맷이 깨지는 문제를 무엇이라고 하는가?	이중 직렬화는 응답 타입을 잘못 설계했을 때 자주 발생합니다. 이미 JSON 문자열인 값을 또 직렬화하면 클라이언트가 기대하는 구조가 무너집니다. 면접에서는 메시지 컨버터와 반환 타입에 대한 이해를 확인하는 질문으로 나올 수 있습니다. 실무에서는 String으로 반환하거나 ResponseEntity에 잘못된 바디 타입을 넣을 때 생깁니다. 응답은 객체로 두고 컨버터에 맡기는 원칙을 지키면 예방할 수 있습니다.	이중 직렬화 문제									springmvc	json	bug	spring
Q972	스키마 마이그레이션(Flyway Liquibase)		Backend - 웹 서버 기초	17	INITIALS	HARD	배포 시점에 DB 스키마 변경을 버전 관리하고 자동 적용해 환경 간 불일치를 줄이는 도구 기반 접근을 무엇이라고 하는가?	스키마 마이그레이션은 운영 안정성의 핵심입니다. 스키마 변경이 코드 변경과 함께 버전 관리되면 환경 차이로 인한 장애를 줄일 수 있습니다. 면접에서는 ddl-auto와 마이그레이션 도구의 차이, 운영에서 어떤 방식을 쓰는지 질문이 나옵니다. 실무에서는 롤백 전략, 데이터 마이그레이션, 동시 배포 시나리오까지 포함해 설계해야 합니다. 도구를 쓰는 것보다도 “변경을 통제하는 프로세스”를 갖추는 것이 중요합니다.	스키마 마이그레이션									database	migration	devops	springboot
Q973	이벤트 중복 처리(Duplicate Event Handling)		Backend - 아키텍처 패턴	20	INITIALS	HARD	메시지 기반 처리에서 최소 한 번 전달 특성 때문에 같은 이벤트가 여러 번 들어올 수 있어 중복을 제거하거나 무해하게 처리해야 하는 요구를 무엇이라고 하는가?	분산 메시징에서는 정확히 한 번 전달을 기대하기 어렵고, 보통 최소 한 번 전달을 전제로 설계합니다. 그래서 같은 이벤트가 재전송될 수 있습니다. 면접에서는 멱등성과 연결해 중복 처리를 어떻게 안전하게 할지 질문이 나옵니다. 실무에서는 멱등 키, 처리 로그 테이블, 유니크 제약 등으로 중복을 방지하거나 무해하게 만듭니다. 중복 처리를 무시하면 결제나 포인트 같은 영역에서 치명적인 사고가 나므로 반드시 설계에 포함해야 합니다.	이벤트 중복 처리									event	idempotency	msa	springboot
Q974	동시성 갱신 손실(Lost Update)		Backend - 트랜잭션 및 동시성 제어	37	INITIALS	HARD	두 트랜잭션이 같은 데이터를 각각 읽고 수정한 뒤 나중 커밋이 먼저 커밋한 변경을 덮어써 변경이 사라지는 현상을 무엇이라고 하는가?	갱신 손실은 동시성 제어가 없을 때 대표적으로 발생하는 데이터 정합성 문제입니다. 단순 조회 후 업데이트 패턴에서 흔히 나타나며, 재고 차감이나 카운터 증가 같은 로직이 특히 취약합니다. 면접에서는 낙관적 락과 비관적 락 중 무엇으로 막을지, 어떤 상황에 어떤 락이 적합한지 질문이 나옵니다. 실무에서는 버전 컬럼을 통한 낙관적 락, 조건부 업데이트, 또는 원자적 연산으로 해결합니다. 현상을 정확히 설명할 수 있으면 동시성 설계 역량이 높게 평가됩니다.	동시성 갱신 손실									concurrency	transaction	db	java
Q975	팬텀 리드(Phantom Read)		Backend - 트랜잭션 및 동시성 제어	37	INITIALS	HARD	같은 트랜잭션에서 동일 조건으로 조회했는데 다른 트랜잭션의 insert delete로 행의 개수가 달라져 결과 집합이 달라지는 현상을 무엇이라고 하는가?	팬텀 리드는 행 자체의 내용이 아니라 “결과 집합”이 달라지는 이상 현상입니다. 새로운 행이 생기거나 사라져서 동일 쿼리 결과가 바뀝니다. 면접에서는 어떤 격리 수준에서 팬텀 리드를 막는지와 인덱스 락 같은 설명으로 확장되기도 합니다. 실무에서는 범위 조건 조회와 집계 로직에서 문제가 되며, 재고 예약이나 중복 체크 로직이 취약할 수 있습니다. 격리 수준과 락 전략을 함께 이해해야 안전한 설계를 할 수 있습니다.	팬텀 리드									isolation	db	locking	springboot
Q976	세컨드 레벨 캐시(Second Level Cache)		Backend - 언어 & 프레임워크	21	INITIALS	HARD	영속성 컨텍스트를 넘어 애플리케이션 전반에서 공유되어 엔티티 조회 성능을 높일 수 있는 JPA 캐시를 무엇이라고 하는가?	2차 캐시는 1차 캐시와 달리 세션 또는 트랜잭션 범위를 넘어 공유됩니다. 조회 성능을 높일 수 있지만, 무효화와 정합성 관리가 어렵습니다. 면접에서는 1차 캐시와 차이, 캐시 일관성 문제를 어떻게 다룰지 질문이 나올 수 있습니다. 실무에서는 읽기 비중이 높고 변경이 적은 데이터에 제한적으로 적용합니다. 잘못 적용하면 오래된 데이터 제공이나 디버깅 어려움이 생기므로 신중한 설계와 모니터링이 필요합니다.	세컨드 레벨 캐시									jpa	cache	performance	springboot
Q977	더티 체킹(Dirty Checking)		Backend - 언어 & 프레임워크	21	INITIALS	HARD	영속 상태 엔티티의 변경을 스냅샷과 비교해 감지하고 커밋 시 자동으로 update를 생성하는 메커니즘을 무엇이라고 하는가?	더티 체킹은 JPA가 편리한 이유이자, 예기치 않은 업데이트가 나가는 원인이 되기도 합니다. 엔티티를 수정하면 별도 save 호출 없이도 변경이 반영될 수 있습니다. 면접에서는 더티 체킹이 언제 동작하는지, 플러시와 커밋과의 관계를 묻는 질문이 자주 나옵니다. 실무에서는 조회 전용 로직에서 엔티티를 건드리면 업데이트가 발생할 수 있어 readOnly와 DTO 매핑 전략이 중요합니다. 더티 체킹을 이해하면 JPA 성능과 버그를 동시에 다룰 수 있습니다.	더티 체킹									jpa	hibernate	persistence	springboot
Q978	낙관적 락 버전 컬럼(Version Column)		Backend - 트랜잭션 및 동시성 제어	37	INITIALS	HARD	낙관적 락에서 업데이트 충돌을 감지하기 위해 엔티티에 버전 값을 두고 업데이트 시 조건에 포함시키는 컬럼을 무엇이라고 하는가?	낙관적 락은 락을 잡지 않고도 충돌을 감지해 정합성을 지키는 방식입니다. 버전 컬럼이 핵심이며, 업데이트 시 버전이 달라지면 실패로 처리됩니다. 면접에서는 어떤 상황에서 낙관적 락이 적합한지와 충돌 발생 시 처리 전략을 질문합니다. 실무에서는 충돌 빈도가 낮을 때 효과적이고, 충돌이 잦으면 재시도 비용이 커져 비관적 락이 더 나을 수 있습니다. 버전 컬럼과 재시도 정책을 함께 설계해야 안전합니다.	낙관적 락 버전 컬럼									jpa	optimistic	version	springboot
Q979	비관적 락(Pessimistic Lock)		Backend - 트랜잭션 및 동시성 제어	37	INITIALS	HARD	데이터 접근 시점에 락을 먼저 획득해 다른 트랜잭션의 접근을 차단하고 정합성을 보장하는 동시성 제어 방식을 무엇이라고 하는가?	비관적 락은 충돌 가능성이 높을 때 안전한 선택이 될 수 있습니다. 대신 락 대기와 데드락 위험이 커지고 성능 비용이 큽니다. 면접에서는 어떤 경우에 비관적 락을 써야 하는지, 타임아웃과 데드락 대응을 함께 묻는 경우가 많습니다. 실무에서는 재고 차감 같은 핵심 경로에서 제한적으로 적용하고, 트랜잭션 범위를 최대한 줄여 락 유지 시간을 줄입니다. 락은 항상 비용이므로 모니터링과 튜닝이 필수입니다.	비관적 락									concurrency	lock	db	springboot
Q980	동기화 블록(Synchronized Block)		Backend - 언어 & 프레임워크	21	INITIALS	HARD	자바에서 임계 구역을 보호하기 위해 모니터 락을 사용해 동시에 하나의 스레드만 진입하도록 만드는 구문을 무엇이라고 하는가?	synchronized는 JVM 레벨에서 상호 배제를 보장하는 대표 도구입니다. 하지만 프로세스 내에서만 유효하고, 분산 환경에서는 DB 락이나 분산 락이 필요합니다. 면접에서는 synchronized와 Lock 인터페이스 차이를 묻거나, 성능과 교착 상태 위험을 질문할 수 있습니다. 실무에서는 너무 넓게 잠그면 병목이 되고, 너무 좁으면 경쟁 조건이 남습니다. 임계 구역 설계는 성능과 안전성의 균형을 잡는 작업입니다.	동기화 블록									java	concurrency	synchronized	
Q981	분산 락(Distributed Lock)		Backend - 트랜잭션 및 동시성 제어	37	INITIALS	HARD	여러 인스턴스가 동시에 실행되는 환경에서 공유 자원에 대해 상호 배제를 보장하기 위해 Redis 등 외부 시스템을 사용해 락을 구현하는 방식을 무엇이라고 하는가?	분산 락은 단일 JVM 락으로 해결할 수 없는 문제를 다룹니다. 멀티 인스턴스에서 중복 실행을 막거나, 전역 자원의 충돌을 방지할 때 필요합니다. 면접에서는 왜 DB 락만으로 충분하지 않은지, 분산 락의 실패 모드와 타임아웃을 질문할 수 있습니다. 실무에서는 락 획득 실패 처리, 락 만료, 워치독 같은 운영 이슈를 반드시 설계해야 합니다. 분산 락은 강력하지만 복잡도가 높아 필요한 곳에 최소로 적용하는 것이 좋습니다.	분산 락									redis	lock	concurrency	
Q982	어드바이스(Advice)		Backend - 언어 & 프레임워크	21	INITIALS	HARD	특정 시점 before after around 등에 실행되어 횡단 관심사를 구현하는 AOP 실행 로직을 무엇이라고 하는가?	어드바이스는 AOP에서 실제로 실행되는 로직입니다. around 어드바이스는 실행 흐름을 감싸며 파라미터와 반환값, 예외까지 제어할 수 있어 강력합니다. 면접에서는 around가 왜 위험할 수 있는지, 트랜잭션이나 로깅에 어떻게 적용되는지 질문이 나올 수 있습니다. 실무에서는 어드바이스가 비즈니스 로직을 침범하지 않도록 책임을 제한하고, 성능 오버헤드를 모니터링해야 합니다. AOP는 강한 도구이므로 팀 규칙을 세워 사용 범위를 관리하는 것이 중요합니다.	어드바이스									spring	aop	advice	
Q983	자가 호출 문제(Self Invocation)		Backend - 언어 & 프레임워크	21	INITIALS	HARD	같은 클래스 내부에서 메서드가 다른 메서드를 직접 호출해 프록시를 거치지 않아 트랜잭션 AOP 등이 적용되지 않는 문제를 무엇이라고 하는가?	자가 호출 문제는 스프링 프록시 기반 AOP의 대표 함정입니다. 외부에서 프록시를 통해 호출될 때만 어드바이스가 적용되기 때문입니다. 면접에서는 트랜잭션이 안 먹는 상황을 제시하고 원인을 맞히게 할 때 자주 등장합니다. 실무에서는 메서드를 분리해 다른 빈으로 옮기거나, 설계를 바꾸어 프록시 호출 경로를 확보합니다. 이 문제를 알고 있으면 원인 추적 시간이 크게 줄어듭니다.	자가 호출 문제									spring	aop	proxy	
Q984	비동기 예외 처리(Async Exception Handling)		Backend - 비동기 처리	19	INITIALS	HARD	비동기 실행에서 호출자 스레드로 예외가 바로 전파되지 않아 별도의 핸들러나 콜백으로 예외를 처리해야 하는 문제를 무엇이라고 하는가?	비동기 실행에서는 예외가 발생해도 호출자에게 즉시 던져지지 않을 수 있습니다. 그래서 예외를 어디에 기록하고 어떻게 사용자에게 반영할지 설계가 필요합니다. 면접에서는 비동기 메서드에서 예외가 왜 안 보이는지와 해결책을 묻는 경우가 많습니다. 실무에서는 전역 핸들러, Future 콜백, 이벤트 기반 실패 처리로 대응합니다. 예외 처리를 설계하지 않으면 실패가 조용히 묻혀 데이터 불일치나 재처리 누락으로 이어질 수 있습니다.	비동기 예외 처리									async	exception	resilience	
Q985	호출 스택 오버플로(Stack Overflow)		Backend - Java	94	INITIALS	HARD	재귀 호출이 깊어져 스택 메모리를 초과하면서 프로그램이 비정상 종료되는 오류를 무엇이라고 하는가?	스택 오버플로는 재귀 설계나 무한 재귀 버그에서 발생합니다. 스프링 기반 서비스에서도 잘못된 순환 호출이나 재귀적 데이터 구조 처리에서 터질 수 있습니다. 면접에서는 스택과 힙 차이, 그리고 왜 스택이 제한적인지 질문이 나올 수 있습니다. 실무에서는 재귀를 반복으로 바꾸거나 종료 조건을 확실히 두어 예방합니다. 에러 로그에서 원인을 찾을 때 스택 트레이스의 반복 패턴을 읽는 능력도 중요합니다.	호출 스택 오버플로									java	memory	stack	
Q986	클래스 로더 격리(ClassLoader Isolation)		Backend - Java	94	INITIALS	HARD	서로 다른 모듈이나 런타임 환경에서 클래스 로더가 분리되어 같은 클래스 이름이라도 다른 타입으로 취급될 수 있는 현상을 무엇이라고 하는가?	클래스 로더 격리는 자바 런타임에서 매우 까다로운 문제를 만들 수 있습니다. 같은 FQCN이라도 서로 다른 클래스 로더가 로드하면 캐스팅이 실패할 수 있습니다. 면접에서는 클래스 로더의 역할과 부모 위임 모델을 설명하는 질문으로 확장될 수 있습니다. 실무에서는 플러그인 구조, WAS 환경, 모듈화된 애플리케이션에서 특히 조심해야 합니다. 이 개념을 알고 있으면 ClassCastException 같은 난해한 문제의 원인을 더 빨리 찾을 수 있습니다.	클래스 로더 격리									java	classloader	runtime	
Q987	리플렉션 비용(Reflection Overhead)		Backend - Java	94	INITIALS	HARD	런타임에 메타데이터를 통해 메서드 호출이나 필드 접근을 수행할 때 성능 비용과 접근 제약이 발생하는 특성을 무엇이라고 하는가?	리플렉션은 프레임워크가 유연성을 얻는 핵심 도구지만 비용이 있습니다. 스프링도 DI, AOP, 바인딩 등에서 리플렉션을 활용합니다. 면접에서는 리플렉션이 왜 느릴 수 있는지와 보안 접근 제어 이슈를 질문할 수 있습니다. 실무에서는 대량 반복 호출 경로에서 리플렉션을 직접 쓰면 성능이 급락할 수 있어 캐싱이나 바이트코드 생성으로 보완합니다. 리플렉션 비용을 이해하면 프레임워크 기반 최적화 포인트를 더 잘 잡을 수 있습니다.	리플렉션 비용									java	reflection	performance	
Q988	멱등성 키(Idempotency Key)		Backend - 아키텍처 패턴	20	INITIALS	HARD	재시도나 중복 요청이 들어와도 동일 결과를 보장하기 위해 요청을 식별하는 키를 두는 전략을 무엇이라고 하는가?	멱등성 키는 결제, 주문 생성 같은 중복에 민감한 API에서 필수 전략입니다. 네트워크 장애로 클라이언트가 재시도하면 같은 요청이 여러 번 들어올 수 있습니다. 면접에서는 멱등성과 재시도를 같이 묻는 경우가 많습니다. 실무에서는 키 저장 기간, 충돌 처리, 상태 조회 API 제공까지 포함해 설계합니다. 멱등성 키가 없으면 중복 처리 사고가 발생하기 쉬워 운영 비용이 크게 증가합니다.	멱등성 키									api	idempotency	reliability	springboot
Q989	트랜잭션 이벤트 리스너(Transactional Event Listener)		Backend - 트랜잭션 및 동시성 제어	37	INITIALS	HARD	트랜잭션 커밋 이후에만 이벤트 핸들러가 실행되도록 보장해 데이터 정합성을 지키는 이벤트 처리 방식은 무엇인가?	트랜잭션 안에서 이벤트를 즉시 처리하면 커밋 전에 외부 시스템 호출이 나가 정합성이 깨질 수 있습니다. 커밋 이후에 실행되도록 하면 데이터가 확정된 뒤 후속 작업을 수행할 수 있습니다. 면접에서는 언제 AFTER_COMMIT 같은 타이밍을 써야 하는지 사례로 자주 묻습니다. 실무에서는 알림 발송, 인덱싱, 캐시 갱신 같은 후처리를 안전하게 분리할 때 유용합니다. 다만 후속 작업 실패 시 재처리 전략까지 함께 설계해야 운영이 안정적입니다.	트랜잭션 이벤트 리스너									transaction	event	consistency	spring
Q990	트랜잭션 동기화(Transaction Synchronization)		Backend - 트랜잭션 및 동시성 제어	37	INITIALS	HARD	트랜잭션의 beforeCommit afterCommit afterCompletion 같은 생명주기 시점에 콜백을 등록해 후처리를 수행하는 메커니즘은 무엇인가?	트랜잭션 동기화는 트랜잭션 경계에 맞춰 작업을 정확한 시점에 실행하게 해줍니다. 커밋 전 검증, 커밋 후 메시지 발행, 완료 후 리소스 정리 같은 패턴을 구현할 때 쓰입니다. 면접에서는 트랜잭션 이벤트와의 관계를 설명하라는 질문이 나올 수 있습니다. 실무에서는 트랜잭션 컨텍스트가 스레드에 묶인다는 점 때문에 비동기 처리와 결합 시 주의가 필요합니다. 콜백에서 무거운 작업을 하면 커밋 지연으로 이어지므로 작업 비용을 분리하는 설계가 중요합니다.	트랜잭션 동기화									transaction	spring	lifecycle	spring
Q991	벌크 연산(Bulk Operation)		Backend - 언어 & 프레임워크	21	INITIALS	HARD	JPQL update delete처럼 영속성 컨텍스트를 우회해 DB에 직접 반영되며 실행 후 컨텍스트와 DB 상태가 어긋날 수 있는 연산을 무엇이라고 하는가?	벌크 연산은 빠르지만 영속성 컨텍스트를 거치지 않기 때문에 1차 캐시와 상태가 달라질 수 있습니다. 면접에서는 벌크 업데이트 후 조회 결과가 이상해지는 이유를 설명하라는 질문이 자주 나옵니다. 실무에서는 벌크 연산 뒤에 컨텍스트를 clear 하거나 필요한 엔티티를 다시 조회해 정합성을 맞춥니다. 대량 데이터 정리나 상태 일괄 변경에 유용하지만, 트랜잭션 범위와 락 영향까지 고려해야 합니다. 제대로 이해하지 못하면 운영에서 오래된 값 노출 같은 버그로 이어질 수 있습니다.	벌크 연산									jpa	bulk	hibernate	springboot
Q992	배치 인서트(Batch Insert)		Backend - 언어 & 프레임워크	21	INITIALS	HARD	대량 insert를 한 건씩 보내지 않고 묶어서 전송해 네트워크 왕복과 DB 부하를 줄이는 최적화 기법을 무엇이라고 하는가?	배치 인서트는 대량 적재에서 처리 시간을 크게 줄일 수 있습니다. JPA에서는 ID 생성 전략이나 flush clear 주기 때문에 배치가 깨질 수 있어 설정과 전략 선택이 중요합니다. 면접에서는 IDENTITY 전략이 배치에 불리한 이유 같은 질문이 나올 수 있습니다. 실무에서는 JDBC 배치 설정, 하이버네이트 배치 옵션, 적절한 flush 주기를 조합해 튜닝합니다. 잘못 구성하면 메모리 사용량이 폭증하거나 성능이 오히려 나빠질 수 있어 측정 기반 접근이 필요합니다.	배치 인서트									jpa	batch	performance	springboot
Q993	커넥션 풀 크기 산정(Connection Pool Sizing)		Backend - 웹 서버 기초	17	INITIALS	HARD	DB 커넥션 풀의 최대 크기를 서버 스레드 수와 쿼리 지연 시간 등을 고려해 적정 값으로 설계하는 작업을 무엇이라고 하는가?	커넥션 풀을 크게 잡는다고 성능이 무조건 좋아지지 않습니다. DB가 감당할 수 있는 동시 연결 수와 쿼리 처리량을 넘어가면 오히려 경합이 커집니다. 면접에서는 웹 스레드 수와 DB 커넥션 수를 어떻게 맞추는지 질문이 나올 수 있습니다. 실무에서는 평균 지연 시간, 피크 QPS, DB CPU 사용률을 보고 점진적으로 조정합니다. 풀 크기 산정이 잘못되면 타임아웃과 장애가 반복되므로 운영 지표 기반 튜닝이 필수입니다.	커넥션 풀 크기 산정									database	hikari	tuning	springboot
Q994	커넥션 누수 감지(Leak Detection)		Backend - 웹 서버 기초	17	INITIALS	HARD	커넥션이 일정 시간 이상 반환되지 않으면 경고 로그를 남겨 누수를 추적할 수 있게 하는 커넥션 풀 기능을 무엇이라고 하는가?	커넥션 누수는 장애로 직결되지만 원인 찾기가 매우 어렵습니다. 누수 감지를 켜면 반환되지 않는 커넥션의 스택 트레이스를 남겨 원인 추적에 도움을 줍니다. 면접에서는 누수를 어떻게 발견하고 대응할지 실무 질문으로 자주 나옵니다. 실무에서는 감지 시간을 너무 짧게 잡으면 오탐이 늘고, 너무 길면 탐지가 늦어집니다. 누수 감지는 임시 처방이 아니라 트랜잭션 범위와 예외 처리 개선으로 근본 해결을 해야 합니다.	커넥션 누수 감지									database	hikari	ops	springboot
Q995	데드락(Deadlock)		Backend - 트랜잭션 및 동시성 제어	37	INITIALS	HARD	두 트랜잭션이 서로가 가진 락을 기다리며 영원히 진행되지 못하는 교착 상태를 무엇이라고 하는가?	데드락은 동시성 높은 환경에서 자주 발생할 수 있는 대표 장애입니다. 발생하면 DB는 보통 한 트랜잭션을 강제로 종료시키고 롤백시킵니다. 면접에서는 데드락을 줄이기 위한 락 획득 순서 통일 같은 전략을 자주 묻습니다. 실무에서는 트랜잭션을 짧게 유지하고 인덱스를 최적화해 락 범위를 줄이는 것이 중요합니다. 데드락 로그를 읽고 재현 가능한 케이스를 찾는 능력은 운영 역량으로 높게 평가됩니다.	데드락									db	lock	transaction	springboot
Q996	보상 트랜잭션(Compensating Transaction)		Backend - 아키텍처 패턴	20	INITIALS	HARD	분산 처리에서 실패 시 이미 완료된 로컬 트랜잭션의 효과를 되돌리기 위해 반대 작업을 수행하는 전략을 무엇이라고 하는가?	보상 트랜잭션은 분산 트랜잭션을 직접 롤백할 수 없을 때 사용하는 현실적 해법입니다. 되돌림은 완전한 원상 복구가 아니라 비즈니스적으로 허용 가능한 취소 동작인 경우가 많습니다. 면접에서는 어떤 작업은 보상이 어렵다는 점과 설계 난이도를 질문할 수 있습니다. 실무에서는 상태 머신과 재시도 정책, 중복 처리 방지까지 함께 설계해야 안전합니다. 보상 설계를 잘하면 장애 상황에서도 시스템을 일관된 상태로 복구할 수 있습니다.	보상 트랜잭션									saga	msa	consistency	springboot
Q997	보안 필터 체인(Security Filter Chain)		Backend - 인증/인가	18	INITIALS	HARD	요청이 컨트롤러에 도달하기 전에 인증 인가 처리를 단계적으로 수행하도록 여러 필터가 순서대로 구성된 구조를 무엇이라고 하는가?	스프링 시큐리티는 필터 체인 기반으로 동작하며 순서가 매우 중요합니다. 어떤 필터가 먼저 실행되는지에 따라 인증과 예외 처리 결과가 달라질 수 있습니다. 면접에서는 필터와 인터셉터 차이와 함께 시큐리티가 어디에서 동작하는지 질문이 자주 나옵니다. 실무에서는 커스텀 인증 필터를 넣을 때 체인 순서를 잘못 잡아 로그인 자체가 막히는 사고가 발생합니다. 필터 체인을 이해하면 디버깅 속도와 보안 설계 품질이 크게 올라갑니다.	보안 필터 체인									security	spring	filter	spring
Q998	세션 고정 공격(Session Fixation)		Backend - 인증/인가	18	INITIALS	HARD	공격자가 미리 알고 있는 세션 ID를 피해자에게 사용하게 만들어 로그인 후에도 같은 세션 ID가 유지되도록 유도하는 공격을 무엇이라고 하는가?	세션 고정은 세션 기반 인증에서 반드시 고려해야 하는 위협입니다. 로그인 시 세션 ID를 재발급하지 않으면 공격자가 세션을 가로채기 쉬워집니다. 면접에서는 로그인 후 세션 재생성 같은 방어 전략을 설명하라는 질문이 나올 수 있습니다. 실무에서는 프레임워크 기본 방어 설정이 있어도 커스텀 로그인 흐름에서 실수로 깨질 수 있습니다. 세션 보안은 기능 구현보다 운영 안전성과 직결되므로 원리를 확실히 이해해야 합니다.	세션 고정 공격									security	session	auth	spring
Q999	테스트컨테이너(Testcontainers)		Backend - 테스트	22	INITIALS	HARD	테스트에서 실제 DB나 브로커를 도커 컨테이너로 띄워 통합 테스트를 환경 의존 없이 재현 가능하게 만드는 도구를 무엇이라고 하는가?	테스트컨테이너는 통합 테스트의 신뢰도를 크게 올려줍니다. 로컬과 CI에서 같은 환경을 쉽게 재현할 수 있어 테스트가 흔들리지 않습니다. 면접에서는 단위 테스트와 통합 테스트를 어떻게 분리할지 질문이 나올 수 있습니다. 실무에서는 스키마 마이그레이션, 인덱스, 트랜잭션 동작까지 실제와 가깝게 검증할 수 있습니다. 다만 실행 시간이 늘어날 수 있어 캐싱과 병렬 실행 같은 운영 최적화가 필요합니다.	테스트컨테이너									testing	docker	integration	springboot
Q1000	슬라이스 테스트(Slice Test)		Backend - 테스트	22	INITIALS	HARD	웹 계층이나 JPA 계층처럼 일부 컴포넌트만 로딩해 빠르게 검증하도록 테스트 범위를 잘라 수행하는 테스트 전략을 무엇이라고 하는가?	슬라이스 테스트는 전체 컨텍스트를 올리는 비용을 줄여 테스트 속도를 높입니다. 계층별로 필요한 빈만 로딩하므로 실패 원인도 더 좁혀서 볼 수 있습니다. 면접에서는 어떤 테스트는 슬라이스로 충분하고 어떤 테스트는 통합이 필요한지 질문이 나올 수 있습니다. 실무에서는 MockMvc 기반 웹 테스트나 DataJpaTest 같은 방식으로 자주 사용됩니다. 슬라이스만으로는 빈 조합 문제를 놓칠 수 있어 통합 테스트와 균형을 맞추는 것이 중요합니다.	슬라이스 테스트									testing	springboot	slice	springboot
Q1001	테스트 컨텍스트 캐싱(Test Context Caching)		Backend - 테스트	22	INITIALS	HARD	스프링 테스트가 같은 설정의 컨텍스트를 재사용해 테스트 시간을 줄이는 메커니즘을 무엇이라고 하는가?	컨텍스트 캐싱은 스프링 테스트 속도를 좌우하는 핵심 요소입니다. 설정이 같으면 컨텍스트를 재사용하고 다르면 새로 띄우기 때문에 애노테이션 구성에 따라 속도가 크게 달라집니다. 면접에서는 테스트가 느릴 때 어떻게 개선할지 질문으로 확장될 수 있습니다. 실무에서는 불필요한 DirtiesContext 사용을 줄이고 테스트 구성을 통일해 캐시 효율을 높입니다. 캐싱 원리를 이해하면 CI 시간 단축과 개발 생산성 개선에 직접 도움이 됩니다.	테스트 컨텍스트 캐싱									testing	spring	performance	spring
Q1002	프로퍼티 우선순위(Property Precedence)		Backend - 언어 & 프레임워크	21	INITIALS	HARD	동일한 설정 키가 여러 경로에 존재할 때 어떤 값이 최종 적용되는지 결정하는 설정 적용 순서를 무엇이라고 하는가?	스프링 부트는 설정 소스가 매우 다양하며 최종값은 우선순위 규칙으로 결정됩니다. 환경 변수, 커맨드라인, 설정 파일, 프로파일 값이 섞이면 원인 추적이 어려워질 수 있습니다. 면접에서는 운영에서 설정이 반영되지 않을 때 어디부터 확인할지 질문이 나올 수 있습니다. 실무에서는 배포 파이프라인에서 주입 경로를 표준화하고 설정 출처를 로그로 남겨 디버깅을 쉽게 만듭니다. 우선순위를 모르면 잘못된 설정으로 운영 사고가 나기 쉬우므로 반드시 숙지해야 합니다.	프로퍼티 우선순위									springboot	config	ops	springboot
Q1003	조건 평가 보고서(Condition Evaluation Report)		Backend - 언어 & 프레임워크	21	INITIALS	HARD	자동 구성이 왜 적용되었는지 또는 왜 제외되었는지 조건 판단 결과를 출력해 디버깅에 도움을 주는 보고서를 무엇이라고 하는가?	스프링 부트 자동 구성은 조건부로 동작하므로 예상과 다른 빈이 생기거나 빠질 수 있습니다. 조건 평가 보고서는 어떤 조건이 true false였는지 보여줘 원인 분석에 유용합니다. 면접에서는 자동 구성 디버깅 경험을 묻는 질문으로 간접 평가될 수 있습니다. 실무에서는 보안 설정, 데이터소스 설정, 메시징 설정이 예상과 다를 때 이 보고서가 빠른 해결책이 됩니다. 자동 구성을 근거 있게 통제하려면 이런 디버깅 도구를 사용할 줄 알아야 합니다.	조건 평가 보고서									springboot	autoconfig	debug	springboot
Q1004	리액티브 블로킹 혼입(Blocking Call in Reactive Pipeline)		Backend - 비동기 처리	19	INITIALS	HARD	리액티브 체인 내부에서 블로킹 I O나 동기 호출이 섞여 이벤트 루프를 막아 전체 처리량이 급락하는 문제를 무엇이라고 하는가?	리액티브 모델은 적은 스레드로 많은 동시성을 처리하는 대신 블로킹에 매우 취약합니다. 블로킹 호출이 이벤트 루프를 점유하면 다른 요청이 줄줄이 지연됩니다. 면접에서는 WebFlux에서 블로킹 코드를 어떻게 다룰지 질문이 나올 수 있습니다. 실무에서는 전용 스케줄러로 격리하거나 애초에 블로킹 의존성을 제거하는 방향이 바람직합니다. 이 문제를 이해하면 리액티브 전환이 실패하는 대표 원인을 예방할 수 있습니다.	리액티브 블로킹 혼입									webflux	reactive	performance	springboot
Q1005	리액터 컨텍스트(Reactor Context)		Backend - 비동기 처리	19	INITIALS	HARD	스레드 로컬 대신 리액티브 체인 흐름에 따라 전달되는 컨텍스트 저장소로 트레이스 정보 등을 전파하는 메커니즘을 무엇이라고 하는가?	리액티브에서는 실행 스레드가 계속 바뀔 수 있어 스레드 로컬 기반 컨텍스트가 깨지기 쉽습니다. 그래서 체인에 따라 전달되는 컨텍스트가 필요합니다. 면접에서는 리액티브에서 MDC가 왜 끊기는지와 해결 방법을 질문할 수 있습니다. 실무에서는 트레이싱과 로깅 상관관계를 유지하기 위해 컨텍스트 전파를 표준화합니다. 컨텍스트를 잘못 다루면 정보 누락이나 성능 오버헤드가 생길 수 있어 사용 규칙을 정해두는 것이 중요합니다.	리액터 컨텍스트									webflux	tracing	context	springboot
Q1006	메타스페이스(Metaspace)		Backend - Java	94	INITIALS	HARD	자바 8부터 퍼젠 영역을 대체해 클래스 메타데이터를 네이티브 메모리에 저장하며 크기가 동적으로 늘어날 수 있는 영역을 무엇이라고 하는가?	메타스페이스는 클래스 로더가 로드한 클래스 메타데이터를 저장하는 영역입니다. JVM 튜닝에서 MetaspaceSize와 MaxMetaspaceSize 같은 옵션으로 관리합니다. 면접에서는 PermGen과 차이, 왜 OutOfMemoryError Metaspace가 나는지 설명하라는 질문이 나올 수 있습니다. 실무에서는 클래스 로더 누수나 과도한 동적 프록시 생성이 메타스페이스 증가 원인이 됩니다. 메타스페이스를 이해하면 메모리 장애 원인 분석에 큰 도움이 됩니다.	메타스페이스									jvm	memory	metaspace	
Q1007	클래스 로더 누수(ClassLoader Leak)		Backend - Java	94	INITIALS	HARD	애플리케이션 재배포나 동적 로딩 과정에서 클래스 로더가 해제되지 않아 클래스 메타데이터가 누적되는 메모리 누수 현상을 무엇이라고 하는가?	클래스 로더 누수는 서버 환경에서 특히 심각한 메모리 문제를 만듭니다. 클래스 로더가 해제되지 않으면 메타스페이스가 계속 증가해 결국 OOM으로 이어집니다. 면접에서는 어떤 경우에 클래스 로더 누수가 생기는지, 정적 캐시나 스레드 로컬이 원인이 될 수 있는지 질문이 나올 수 있습니다. 실무에서는 핫리로드, 플러그인, WAS 재배포 시나리오에서 주의가 필요합니다. 누수를 막으려면 라이프사이클 종료 시 자원 해제 규칙을 철저히 지켜야 합니다.	클래스 로더 누수									jvm	classloader	leak	
Q1008	안전한 게시(Safe Publication)		Backend - Java	94	INITIALS	HARD	멀티스레드 환경에서 객체가 다른 스레드에 보이기 전에 완전히 초기화된 상태로 공개되도록 보장하는 원칙을 무엇이라고 하는가?	안전한 게시가 깨지면 다른 스레드가 초기화되지 않은 필드를 관측하는 문제가 생깁니다. 자바 메모리 모델에서 happens-before 관계를 통해 보장할 수 있습니다. 면접에서는 final 필드와 volatile, synchronized가 왜 필요한지로 확장 질문이 나옵니다. 실무에서는 싱글톤 초기화, 캐시 구성, 설정 객체 공유에서 흔히 등장합니다. 이 원리를 모르면 간헐적으로만 터지는 재현 어려운 버그를 만들기 쉽습니다.	안전한 게시									java	concurrency	jmm	
Q1009	가시성(Visibility)		Backend - Java	94	INITIALS	HARD	한 스레드에서 변경한 값이 다른 스레드에서 즉시 보이지 않을 수 있는 메모리 모델 특성을 무엇이라고 하는가?	가시성 문제는 캐시와 재정렬 같은 이유로 발생합니다. volatile이나 synchronized로 happens-before를 만들면 가시성을 보장할 수 있습니다. 면접에서는 원자성과 가시성의 차이를 구분하는 질문이 자주 나옵니다. 실무에서는 플래그 변수, 상태 체크, 종료 신호 같은 단순한 코드에서도 가시성 버그가 터질 수 있습니다. 동시성 설계에서 가장 기본이지만 가장 많이 놓치는 지점입니다.	가시성									java	concurrency	visibility	
Q1010	원자성(Atomicity)		Backend - Java	94	INITIALS	HARD	연산이 중간 상태 없이 한 번에 수행되는 것처럼 보장되어 동시 실행에서 깨지지 않는 성질을 무엇이라고 하는가?	원자성이 깨지면 값이 덮어쓰이거나 일부 업데이트만 반영되는 문제가 생깁니다. 단순한 count++도 여러 단계로 나뉘어 동시성 버그를 만들 수 있습니다. 면접에서는 synchronized, AtomicInteger, Lock 등을 비교해 질문할 수 있습니다. 실무에서는 카운터, 통계, 재고 처리 같은 곳에서 원자성이 매우 중요합니다. 원자성은 가시성과 다르며 둘을 모두 고려해야 안전한 코드를 만들 수 있습니다.	원자성									java	concurrency	atomic	
Q1011	선형화 가능성(Linearizability)		Backend - 아키텍처 패턴	20	INITIALS	HARD	동시 실행된 연산들이 어떤 한 시점에 순차적으로 일어난 것처럼 보이도록 보장하는 강한 일관성 모델을 무엇이라고 하는가?	선형화 가능성은 동시성 자료구조나 분산 시스템에서 매우 강한 보장입니다. 각 연산이 단일 시점에서 원자적으로 적용된 것처럼 보입니다. 면접에서는 직렬성, 선형화 가능성, 순차 일관성 같은 용어를 구분하는 질문이 나올 수 있습니다. 실무에서는 성능 비용이 크기 때문에 언제 강한 일관성이 필요한지 판단하는 능력이 중요합니다. 정확히 이해하면 일관성 요구사항을 더 명확히 표현하고 설계할 수 있습니다.	선형화 가능성									consistency	concurrency	linearizability	java
Q1012	직렬성(Serializability)		Backend - 트랜잭션 및 동시성 제어	37	INITIALS	HARD	동시 실행된 트랜잭션의 결과가 어떤 직렬 실행 순서와 동일하게 나오는 성질을 무엇이라고 하는가?	직렬성은 트랜잭션 동시성 제어의 목표입니다. 완전 직렬 실행과 같은 결과를 보장하면 정합성이 유지됩니다. 면접에서는 직렬성 위반 사례와 격리 수준이 이를 어떻게 근사하는지 질문이 나올 수 있습니다. 실무에서는 직렬 격리를 무조건 쓰기보다, 필요한 범위에서만 강한 보장을 적용해 성능과 균형을 맞춥니다. 직렬성 개념을 정확히 이해해야 동시성 버그를 논리적으로 설명할 수 있습니다.	직렬성									transaction	isolation	db	spring
Q1013	스냅샷 격리(Snapshot Isolation)		Backend - 트랜잭션 및 동시성 제어	37	INITIALS	HARD	트랜잭션 시작 시점의 스냅샷을 기반으로 읽기를 제공해 읽기 락을 줄이면서도 특정 이상 현상을 방지하는 격리 모델을 무엇이라고 하는가?	스냅샷 격리는 MVCC 기반 DB에서 널리 쓰이는 접근입니다. 읽기가 블로킹되지 않아 성능에 유리하지만 모든 이상 현상을 막는 것은 아닙니다. 면접에서는 스냅샷 격리에서 write skew 같은 문제가 가능한지 질문이 나올 수 있습니다. 실무에서는 DB별 구현 차이가 있어 문서와 실험으로 확인하는 것이 중요합니다. 격리 모델을 정확히 이해하면 성능과 정합성의 균형을 더 정교하게 맞출 수 있습니다.	스냅샷 격리									mvcc	isolation	db	spring
Q1014	라이트 스큐(Write Skew)		Backend - 트랜잭션 및 동시성 제어	37	INITIALS	HARD	스냅샷 격리 같은 환경에서 두 트랜잭션이 서로 다른 행을 업데이트했지만 전체 제약 조건 관점에서는 정합성이 깨지는 이상 현상을 무엇이라고 하는가?	라이트 스큐는 직렬성이 아닌 격리 모델에서 발생할 수 있는 미묘한 버그입니다. 각 트랜잭션은 스냅샷 기반으로 안전해 보이지만, 결합 제약 조건이 깨질 수 있습니다. 면접에서는 팬텀 리드와의 차이나 어떤 격리에서 가능한지 질문이 나올 수 있습니다. 실무에서는 제약 조건을 DB 레벨로 강제하거나, 더 강한 락 전략을 사용해 방지합니다. 이런 이상 현상을 이해하면 금융이나 예약 같은 도메인에서 치명적 버그를 예방할 수 있습니다.	라이트 스큐									isolation	anomaly	db	spring
Q1015	스레드 로컬(ThreadLocal)		Backend - Java	94	INITIALS	HARD	스레드별로 독립된 값을 저장해 같은 객체라도 스레드마다 다른 값을 가지게 하는 저장소를 무엇이라고 하는가?	ThreadLocal은 요청 컨텍스트나 트랜잭션 자원 바인딩 같은 곳에서 자주 사용됩니다. 하지만 스레드 풀 환경에서는 값이 재사용되어 누수나 값 섞임 문제가 생길 수 있습니다. 면접에서는 ThreadLocal이 왜 위험할 수 있는지와 정리 방법을 질문할 수 있습니다. 실무에서는 요청 종료 시 remove를 반드시 호출하고, 비동기 작업에서는 전파 전략을 별도로 설계합니다. ThreadLocal은 편하지만 위험한 도구이므로 사용 규칙이 필수입니다.	스레드 로컬									java	threadlocal	concurrency	
Q1016	테스트 격리(Test Isolation)		Backend - 테스트	22	INITIALS	HARD	테스트가 서로 영향을 주지 않도록 데이터와 상태를 독립적으로 유지하고 실행 순서에 의존하지 않게 만드는 원칙을 무엇이라고 하는가?	테스트 격리가 깨지면 테스트가 순서에 따라 통과하거나 실패하는 플래키 현상이 발생합니다. 데이터베이스 상태, 캐시, 싱글톤 상태가 흔한 원인입니다. 면접에서는 테스트가 불안정할 때 어떻게 안정화할지 질문이 나올 수 있습니다. 실무에서는 트랜잭션 롤백, 데이터 초기화, 테스트 전용 프로파일, 컨테이너 재사용 정책 등을 조합합니다. 안정적인 테스트는 배포 품질과 직결되므로 원칙 수준에서 이해해야 합니다.	테스트 격리									testing	reliability	isolation	springboot
Q1017	플래키 테스트(Flaky Test)		Backend - 테스트	22	INITIALS	HARD	같은 코드인데도 실행할 때마다 간헐적으로 실패하거나 통과하는 불안정한 테스트를 무엇이라고 하는가?	플래키 테스트는 CI 신뢰도를 무너뜨리고 개발 속도를 떨어뜨립니다. 원인은 타이밍, 비동기, 외부 의존성, 공유 상태 등 다양합니다. 면접에서는 플래키를 줄이는 전략을 묻는 실무형 질문이 나올 수 있습니다. 실무에서는 시간을 고정하거나, 외부 의존성을 격리하고, 테스트 격리를 강화해 해결합니다. 플래키를 방치하면 팀이 테스트를 믿지 않게 되어 품질 문화가 무너질 수 있습니다.	플래키 테스트									testing	ci	stability	springboot
Q1018	테스트 더블(Test Double)		Backend - 테스트	22	INITIALS	HARD	실제 의존 객체 대신 스텁 목 페이크 스파이 같은 대체 객체로 테스트를 수행하는 기법을 무엇이라고 하는가?	테스트 더블은 테스트를 빠르고 예측 가능하게 만드는 기본 도구입니다. 외부 시스템을 직접 호출하지 않고도 로직을 검증할 수 있습니다. 면접에서는 Mock과 Stub의 차이를 구분하는 질문이 자주 나옵니다. 실무에서는 더블을 과도하게 쓰면 구현 세부에 테스트가 종속되어 리팩터링 비용이 커질 수 있습니다. 그래서 단위 테스트와 통합 테스트를 적절히 섞는 전략이 중요합니다.	테스트 더블									testing	mock	unit	springboot
Q1019	상태 기반 테스트(State Based Testing)		Backend - 테스트	22	INITIALS	HARD	실행 후 결과 상태 값을 검증해 동작을 확인하는 테스트 접근을 무엇이라고 하는가?	상태 기반 테스트는 가장 직관적인 검증 방식입니다. 반환값, DB 상태, 컬렉션 내용 같은 최종 상태를 확인합니다. 면접에서는 상호작용 기반 테스트와 비교해 장단점을 설명하라는 질문이 나올 수 있습니다. 실무에서는 내부 구현 변경에 비교적 강하지만, 외부 호출 여부 같은 행위 검증은 약할 수 있습니다. 어떤 테스트가 적절한지 목적에 맞게 선택하는 것이 중요합니다.	상태 기반 테스트									testing	state	verification	springboot
Q1020	상호작용 기반 테스트(Interaction Based Testing)		Backend - 테스트	22	INITIALS	HARD	결과 상태보다도 어떤 의존 객체 메서드가 몇 번 호출되었는지 같은 상호작용을 검증하는 테스트 방식을 무엇이라고 하는가?	상호작용 기반 테스트는 협력 객체 사이의 계약을 검증하는 데 유용합니다. Mock을 사용해 호출 횟수와 인자를 확인합니다. 면접에서는 언제 상호작용 검증이 필요한지, 남용하면 어떤 문제가 생기는지 질문이 나올 수 있습니다. 실무에서는 구현 세부에 테스트가 묶이기 쉬워 리팩터링 때 깨지기 쉽습니다. 핵심 경계에서만 제한적으로 사용하면 테스트 유지보수성이 좋아집니다.	상호작용 기반 테스트									testing	mock	interaction	springboot
Q1021	컨트랙트 테스트(Contract Test)		Backend - 테스트	22	INITIALS	HARD	서비스 제공자와 소비자 사이의 API 계약이 깨지지 않았는지 자동으로 검증하는 테스트를 무엇이라고 하는가?	컨트랙트 테스트는 마이크로서비스에서 특히 중요합니다. 한 서비스의 변경이 다른 서비스 클라이언트를 깨뜨리지 않도록 계약을 자동 검증합니다. 면접에서는 통합 테스트와 차이, 어떤 비용을 줄여주는지 질문이 나올 수 있습니다. 실무에서는 스키마 기반 테스트나 소비자 주도 계약 테스트를 적용합니다. 계약이 명확하면 배포 독립성과 팀 간 협업 속도가 크게 올라갑니다.	컨트랙트 테스트									testing	contract	msa	springboot
Q1022	섀도 트래픽(Shadow Traffic)		Backend - 웹 서버 기초	17	INITIALS	HARD	실제 사용자 요청을 복제해 신규 버전에 보내지만 응답은 사용자에게 반환하지 않고 관측만 하는 배포 검증 기법을 무엇이라고 하는가?	섀도 트래픽은 실제 트래픽 패턴으로 신규 버전을 검증할 수 있는 강력한 방법입니다. 사용자 경험에는 영향을 주지 않으면서 성능과 오류를 확인합니다. 면접에서는 카나리와의 차이를 설명하라는 질문이 나올 수 있습니다. 실무에서는 개인정보 마스킹과 비용 증가, 로그 중복 같은 운영 이슈를 함께 고려해야 합니다. 제대로 설계하면 배포 리스크를 크게 줄일 수 있습니다.	섀도 트래픽									deploy	observability	traffic	springboot
Q1023	스키마 드리프트(Schema Drift)		Backend - 웹 서버 기초	17	INITIALS	HARD	환경별로 DB 스키마가 조금씩 달라져 같은 코드가 환경에 따라 다르게 동작하거나 배포가 실패하는 현상을 무엇이라고 하는가?	스키마 드리프트는 운영에서 자주 발생하는 배포 실패 원인입니다. 개발 환경에서는 되는데 운영에서는 컬럼이 없거나 타입이 달라 문제가 생깁니다. 면접에서는 이를 방지하기 위한 마이그레이션 도구와 프로세스를 질문할 수 있습니다. 실무에서는 스키마 변경을 코드와 함께 버전 관리하고, CI에서 마이그레이션 적용 검증을 합니다. 드리프트를 줄이면 배포 안정성과 장애 대응 속도가 크게 향상됩니다.	스키마 드리프트									database	migration	devops	springboot
Q1024	관측 가능성(Observability)		Backend - 웹 서버 기초	17	INITIALS	HARD	로그 메트릭 트레이스를 통해 내부 상태를 외부 출력으로 추론 가능하게 만들어 장애를 분석하고 원인을 찾는 능력을 무엇이라고 하는가?	관측 가능성은 단순 모니터링보다 한 단계 높은 운영 역량입니다. 시스템이 왜 그런 상태가 되었는지 원인을 추적할 수 있어야 합니다. 면접에서는 어떤 지표를 모니터링할지보다 어떻게 원인을 좁혀갈지 질문이 나옵니다. 실무에서는 표준 로그 포맷, 트레이스 전파, SLO 기반 알람이 핵심이며 팀의 운영 문화와도 연결됩니다. 관측 가능성이 갖춰지면 장애 분석 시간이 줄고 안정적인 배포가 가능해집니다.	관측 가능성									observability	logging	tracing	springboot
Q1025	아웃박스 패턴(Outbox Pattern)		Backend - 아키텍처 패턴	20	INITIALS	HARD	DB 트랜잭션 안에서 이벤트 발행 정보를 아웃박스 테이블에 함께 기록하고 별도 프로세스로 메시지를 전송해 정합성을 높이는 패턴을 무엇이라고 하는가?	아웃박스 패턴은 DB 커밋과 메시지 발행 사이의 불일치를 줄이기 위한 대표 해법입니다. 트랜잭션 안에서 이벤트를 저장하면 커밋되지 않은 데이터가 외부로 나가는 문제를 줄일 수 있습니다. 면접에서는 분산 트랜잭션 없이 정합성을 맞추는 방법으로 사가와 함께 자주 등장합니다. 실무에서는 폴링 방식과 CDC 방식 중 선택, 재시도, 중복 처리까지 포함해 운영 설계를 해야 합니다. 아웃박스 테이블이 쌓이지 않도록 정리 정책과 모니터링도 필수입니다.	아웃박스 패턴									msa	event	consistency	springboot
Q1026	분산 트레이싱(Distributed Tracing)		Backend - 웹 서버 기초	17	INITIALS	HARD	여러 서비스에 걸친 요청 흐름을 trace id span으로 연결해 병목과 오류 위치를 추적하는 관측 기법을 무엇이라고 하는가?	분산 트레이싱은 마이크로서비스에서 장애 분석의 핵심입니다. 하나의 사용자 요청이 여러 서비스로 흘러가도 한 줄로 연결해 볼 수 있습니다. 면접에서는 trace id 전파를 어떻게 구현하는지, 로그와 메트릭과 어떻게 연결하는지 질문이 나올 수 있습니다. 실무에서는 샘플링 정책을 잘못 잡으면 비용이 폭증하거나 정보가 부족해질 수 있습니다. 트레이싱이 갖춰지면 병목 구간을 빠르게 찾고 SLO를 개선할 수 있습니다.	분산 트레이싱									observability	tracing	msa	springboot
Q1027	스팬(Span)		Backend - 웹 서버 기초	17	INITIALS	HARD	분산 트레이싱에서 하나의 작업 구간을 나타내며 시작 종료 시간과 태그를 포함하는 기록 단위를 무엇이라고 하는가?	스팬은 트레이스의 구성 요소로 각 구간의 시간을 측정합니다. DB 호출, 외부 API 호출 같은 단위를 스팬으로 나누면 병목을 정밀하게 찾을 수 있습니다. 면접에서는 트레이스와 스팬의 관계를 명확히 설명할 수 있어야 합니다. 실무에서는 스팬 태그를 과도하게 붙이면 비용이 증가하므로 중요한 키만 선별합니다. 올바른 스팬 설계는 관측 가능성을 실무 수준으로 끌어올립니다.	스팬									tracing	observability	span	springboot
Q1028	컨텍스트 전파(Context Propagation)		Backend - 비동기 처리	19	INITIALS	HARD	스레드가 바뀌거나 서비스가 바뀌어도 trace id 같은 컨텍스트가 끊기지 않게 전달하는 기술을 무엇이라고 하는가?	컨텍스트 전파는 분산 트레이싱과 상관 로그를 유지하는 핵심입니다. 비동기 처리나 스레드 풀 환경에서는 스레드 로컬이 깨지기 쉬워 별도 전파가 필요합니다. 면접에서는 MDC가 왜 비동기에서 끊기는지와 해결책을 묻는 경우가 많습니다. 실무에서는 HTTP 헤더 전파, 메시지 헤더 전파, 리액터 컨텍스트 같은 방식으로 구현합니다. 전파가 안 되면 장애 분석이 어려워지므로 표준화된 전파 규칙을 팀 차원에서 마련해야 합니다.	컨텍스트 전파									tracing	async	logging	springboot
Q1029	스레드 덤프(Thread Dump)		Backend - Java	94	INITIALS	HARD	JVM에서 각 스레드의 상태와 스택 트레이스를 떠서 데드락이나 병목 원인을 분석하는 진단 자료를 무엇이라고 하는가?	스레드 덤프는 서버 장애 분석에서 가장 실전적인 도구 중 하나입니다. 데드락 여부, 락 경합, 대기 상태를 스택 트레이스로 확인할 수 있습니다. 면접에서는 장애 상황에서 어떤 자료를 먼저 수집할지 질문이 나올 수 있습니다. 실무에서는 덤프를 여러 번 떠서 시간이 지나며 스택이 어떻게 변하는지 비교 분석합니다. 덤프를 읽는 능력은 운영 역량을 크게 차별화합니다.	스레드 덤프									jvm	troubleshooting	threads	java
Q1030	힙 덤프(Heap Dump)		Backend - Java	94	INITIALS	HARD	JVM 힙의 객체 그래프를 파일로 저장해 메모리 누수나 OOM 원인을 분석하는 진단 자료를 무엇이라고 하는가?	힙 덤프는 메모리 장애의 원인을 찾는 데 필수입니다. 어떤 객체가 얼마나 쌓였는지, 누가 참조하고 있는지 분석할 수 있습니다. 면접에서는 OutOfMemoryError가 났을 때 어떤 자료를 확보할지 질문이 나올 수 있습니다. 실무에서는 덤프 파일이 크고 생성 비용이 있어 운영 환경에서 신중히 사용해야 합니다. 힙 덤프 분석을 할 줄 알면 메모리 누수 문제를 재현 없이도 추적할 수 있습니다.	힙 덤프									jvm	memory	heapdump	java
Q1031	스톱 더 월드(Stop The World)		Backend - Java	94	INITIALS	HARD	GC 수행 중 애플리케이션 스레드가 일시 정지되어 응답이 멈추는 구간을 무엇이라고 하는가?	STW는 사용자 체감 지연의 가장 직접적인 원인 중 하나입니다. 짧아도 잦으면 문제가 되고, 길면 타임아웃과 장애로 이어집니다. 면접에서는 STW를 줄이기 위한 GC 선택과 튜닝을 질문할 수 있습니다. 실무에서는 힙 크기, 객체 생성량, GC 알고리즘에 따라 STW 특성이 달라집니다. STW를 이해하면 성능 이슈를 GC 관점에서 해석하는 능력이 생깁니다.	스톱 더 월드									jvm	gc	latency	java
Q1032	쓰루풋(Throughput)		Backend - 웹 서버 기초	17	INITIALS	HARD	단위 시간당 처리 가능한 요청 수나 작업량으로 시스템 처리 능력을 나타내는 지표를 무엇이라고 하는가?	쓰루풋은 성능 목표를 수치로 표현하는 핵심 지표입니다. 지연 시간과 트레이드오프 관계가 있어 함께 봐야 합니다. 면접에서는 QPS TPS 같은 용어와 함께 목표를 어떻게 잡는지 질문이 나올 수 있습니다. 실무에서는 캐시, 배치, 비동기화로 쓰루풋을 높일 수 있지만 자원 한계가 존재합니다. 쓰루풋을 올리려면 병목 구간을 정확히 찾아야 하며 관측 가능성이 뒷받침되어야 합니다.	쓰루풋									performance	throughput	qps	springboot
Q1033	테일 레이턴시(Tail Latency)		Backend - 웹 서버 기초	17	INITIALS	HARD	평균이 아니라 P95 P99 같은 상위 백분위 지연이 사용자 경험과 장애 감지에 더 중요한 성질을 무엇이라고 하는가?	테일 레이턴시는 소수의 느린 요청이 전체 경험을 망칠 수 있음을 보여줍니다. 평균만 보면 문제를 놓치기 쉽습니다. 면접에서는 왜 P99를 봐야 하는지, 어떤 원인으로 꼬리가 길어지는지 질문이 나올 수 있습니다. 실무에서는 GC STW, 락 경합, 외부 API 지연 같은 요인이 꼬리를 만듭니다. 테일을 줄이는 것이 실제 서비스 품질 개선으로 직결됩니다.	테일 레이턴시									latency	performance	p99	springboot
Q1034	백프레셔(Backpressure)		Backend - 비동기 처리	19	INITIALS	HARD	생산 속도가 소비 속도를 초과할 때 소비자가 처리 가능한 만큼만 받도록 흐름을 제어해 메모리 폭증을 막는 메커니즘을 무엇이라고 하는가?	백프레셔는 리액티브 스트림에서 매우 중요한 개념입니다. 없으면 큐가 무한히 쌓여 OOM이나 지연 폭증으로 이어집니다. 면접에서는 리액티브에서 왜 백프레셔가 필요한지 질문이 나올 수 있습니다. 실무에서는 버퍼 전략, 드롭 전략, 요청량 조절로 시스템을 안정화합니다. 백프레셔를 이해하면 고부하 상황에서 시스템을 스스로 보호하도록 설계할 수 있습니다.	백프레셔									reactive	async	backpressure	springboot
Q1035	헤드 오브 라인 블로킹(Head Of Line Blocking)		Backend - 웹 서버 기초	17	INITIALS	HARD	앞선 요청이 지연되면서 뒤의 요청까지 함께 대기하게 되어 전체 처리량이 떨어지는 현상을 무엇이라고 하는가?	HOL 블로킹은 큐나 단일 처리 경로에서 자주 발생합니다. 느린 작업 하나가 뒤의 빠른 작업까지 막아 전체 성능이 악화됩니다. 면접에서는 스레드 풀, 커넥션 풀, HTTP 프로토콜 관점에서 예시를 들어 설명하라는 질문이 나올 수 있습니다. 실무에서는 작업 분리, 우선순위 큐, 커넥션 분리, 타임아웃으로 완화합니다. HOL을 이해하면 병목 구조를 근본적으로 개선할 수 있습니다.	헤드 오브 라인 블로킹									performance	networking	queue	springboot
Q1036	벌크헤드 패턴(Bulkhead Pattern)		Backend - 아키텍처 패턴	20	INITIALS	HARD	장애가 한 영역에서 다른 영역으로 전파되지 않도록 스레드풀 커넥션풀 같은 자원을 격리해 칸막이를 만드는 패턴을 무엇이라고 하는가?	벌크헤드는 선박 격벽에서 이름을 따온 안정성 패턴입니다. 하나의 의존성이 느려질 때 전체가 같이 죽지 않도록 자원을 분리합니다. 면접에서는 서킷 브레이커와 함께 장애 격리 패턴으로 자주 질문됩니다. 실무에서는 외부 API별 스레드 풀을 분리하거나, DB 커넥션을 기능별로 분리해 운영합니다. 자원 격리를 제대로 하면 부분 장애를 전체 장애로 키우지 않을 수 있습니다.	벌크헤드 패턴									resilience	bulkhead	architecture	springboot
Q1037	타임아웃 전파(Timeout Propagation)		Backend - 아키텍처 패턴	20	INITIALS	HARD	상위 요청의 남은 시간 예산을 하위 호출로 전달해 전체 요청이 무한정 늘어지지 않도록 제한하는 설계를 무엇이라고 하는가?	타임아웃은 단일 서비스 설정이 아니라 호출 체인 전체에서 설계해야 합니다. 상위가 타임아웃인데 하위는 더 길면 자원이 불필요하게 점유됩니다. 면접에서는 타임아웃을 어디에 두고 어떻게 정할지 실무형 질문이 나올 수 있습니다. 실무에서는 deadline을 헤더로 전달하거나 컨텍스트에 담아 하위 호출이 남은 시간 내에서만 시도하게 합니다. 이 설계가 없으면 지연이 연쇄적으로 전파되어 장애가 커집니다.	타임아웃 전파									resilience	timeout	msa	springboot
Q1038	재시도 폭풍(Retry Storm)		Backend - 아키텍처 패턴	20	INITIALS	HARD	장애 상황에서 다수 클라이언트가 동시에 재시도를 반복해 부하가 더 커지고 장애가 악화되는 현상을 무엇이라고 하는가?	재시도는 복구에 도움이 되지만 잘못 설계하면 폭풍을 만들어 장애를 확대합니다. 특히 동시에 재시도가 몰리면 DB나 외부 API가 더 버티지 못합니다. 면접에서는 지수 백오프와 지터를 왜 넣는지 질문이 자주 나옵니다. 실무에서는 재시도 횟수 제한, 백오프, 서킷 브레이커, 멱등성 보장을 함께 설계합니다. 재시도 폭풍을 제어하는 능력은 고가용성 설계의 핵심 역량입니다.	재시도 폭풍									resilience	retry	outage	springboot
Q1039	일관성 해시(Consistent Hashing)		Backend - 아키텍처 패턴	20	INITIALS	HARD	노드가 추가 제거될 때 키 재분배를 최소화하도록 해시 링을 사용해 샤딩 대상을 결정하는 기법을 무엇이라고 하는가?	일관성 해시는 캐시 분산과 샤딩에서 널리 쓰입니다. 노드 변화가 있을 때 전체 키가 재배치되지 않아 캐시 히트율 급락을 막을 수 있습니다. 면접에서는 일반 해시와 차이, 가상 노드 개념을 질문할 수 있습니다. 실무에서는 Redis 클러스터나 자체 샤딩 설계에서 중요한 개념입니다. 이 기법을 이해하면 확장 시 데이터 이동 비용을 줄이는 설계를 할 수 있습니다.	일관성 해시									cache	sharding	hashing	java
Q1040	전역 예외 처리(Global Exception Handling)		Backend - 웹 서버 기초	17	INITIALS	HARD	컨트롤러 전반의 예외를 한 곳에서 매핑해 일관된 에러 응답과 로깅 정책을 적용하는 구조를 무엇이라고 하는가?	전역 예외 처리는 API 품질과 운영 효율을 동시에 올려줍니다. 같은 예외라도 응답 포맷이 들쭉날쭉하면 클라이언트가 처리하기 어렵습니다. 면접에서는 예외를 어떻게 분류하고 어떤 HTTP 상태 코드를 쓸지 질문이 나올 수 있습니다. 실무에서는 도메인 예외와 시스템 예외를 분리하고, 민감 정보가 응답에 노출되지 않게 필터링합니다. 예외 처리 정책은 운영의 안전장치이므로 표준화가 매우 중요합니다.	전역 예외 처리									springmvc	error	api	spring
Q1041	문제 세부 정보(Problem Details)		Backend - 웹 서버 기초	17	INITIALS	HARD	에러 응답을 type title status detail instance 같은 필드로 표준화해 전달하는 HTTP 에러 표현 형식을 무엇이라고 하는가?	Problem Details는 에러 응답 표준화를 위한 포맷입니다. 클라이언트가 에러를 일관되게 파싱하고 사용자 메시지를 구성하기 쉬워집니다. 면접에서는 에러 응답 설계를 어떻게 하는지 질문할 때 이런 표준을 알고 있는지로 차별화될 수 있습니다. 실무에서는 에러 코드 체계와 함께 사용하면 디버깅과 고객 지원이 빨라집니다. 다만 내부 스택 트레이스 같은 민감 정보는 포함하지 않도록 반드시 통제해야 합니다.	문제 세부 정보									api	error	rfc	springboot
Q1042	메트릭 카디널리티(Metric Cardinality)		Backend - 웹 서버 기초	17	INITIALS	HARD	태그 조합이 과도하게 많아져 메트릭 시계열이 폭증하고 모니터링 비용과 성능 문제가 생기는 특성을 무엇이라고 하는가?	카디널리티는 관측 가능성에서 매우 실전적인 문제입니다. 사용자 ID 같은 고유 값으로 태그를 달면 시계열이 폭발합니다. 면접에서는 메트릭 설계 시 주의점을 묻는 질문으로 나올 수 있습니다. 실무에서는 라벨을 제한하고, 필요하면 로그나 트레이스로 전환해 정보를 남깁니다. 카디널리티를 관리하지 못하면 모니터링 시스템 자체가 병목이 되므로 정책을 세워야 합니다.	메트릭 카디널리티									metrics	observability	monitoring	springboot