question_temp_key	term_title	term_id	term_category	term_category_id	question_type	difficulty	question_text	explanation	text_answer	choice_1_text	choice_1_is_answer	choice_2_text	choice_2_is_answer	choice_3_text	choice_3_is_answer	choice_4_text	choice_4_is_answer	label_1_key	label_2_key	label_3_key	label_4_key
Q001	선형 탐색(Linear Search)		Data Structure & Algorithm - 탐색 알고리즘	42	CHOICE	EASY	배열에서 선형 탐색의 핵심 동작으로 가장 올바른 것은?	선형 탐색은 앞에서부터 하나씩 값을 비교하며 목표를 찾는 방식입니다. 정렬 여부와 상관없이 동작한다는 점이 장점입니다. 하지만 데이터가 커질수록 비교 횟수가 늘어 성능이 급격히 나빠질 수 있습니다. Big-O 관점에서 최악의 경우 모든 원소를 확인해야 합니다. 면접에서는 선형 탐색과 이진 탐색의 전제 조건 차이를 자주 묻습니다.		앞에서부터 순서대로 비교하며 찾는다	TRUE	중간 값을 기준으로 절반을 버린다	FALSE	해시 함수를 만들어 즉시 위치를 찾는다	FALSE	인접 원소를 비교하며 swap을 반복한다	FALSE	dsa	searching		
Q002	이진 탐색(Binary Search)		Data Structure & Algorithm - 탐색 알고리즘	42	CHOICE	EASY	이진 탐색을 적용하기 위한 필수 조건으로 가장 적절한 것은?	이진 탐색은 범위를 절반씩 줄여가며 찾는 알고리즘입니다. 절반을 버릴 수 있으려면 데이터에 순서 정보가 있어야 합니다. 그래서 보통 오름차순 또는 내림차순으로 정렬된 배열이 전제입니다. 정렬이 깨져 있으면 올바른 반쪽을 버린다는 보장이 사라집니다. 실무에서는 정렬 비용까지 포함해 전체 성능을 판단하는 것이 중요합니다.		데이터가 정렬되어 있다	TRUE	데이터에 중복이 없다	FALSE	데이터가 모두 양수다	FALSE	데이터 길이가 짝수다	FALSE	dsa	searching		
Q003	이진 탐색 시간 복잡도		Data Structure & Algorithm - 복잡도 분석	45	CHOICE	EASY	길이가 n인 정렬된 배열에서 이진 탐색의 시간 복잡도로 가장 올바른 것은?	이진 탐색은 매 단계마다 탐색 구간을 절반으로 줄입니다. 구간이 1이 될 때까지 몇 번 절반으로 줄일 수 있는지가 핵심입니다. 이 횟수는 log2 n에 비례합니다. 따라서 Big-O로는 O(log n)으로 표현합니다. 면접에서는 왜 log가 나오는지 직관을 설명할 수 있어야 합니다.		O(n)	FALSE	O(log n)	TRUE	O(n log n)	FALSE	O(n^2)	FALSE	dsa	searching		
Q004	버블 정렬(Bubble Sort)		Data Structure & Algorithm - 정렬 알고리즘	43	CHOICE	EASY	버블 정렬의 동작 방식으로 가장 올바른 것은?	버블 정렬은 인접한 두 원소를 비교해 순서가 틀리면 교환합니다. 한 번의 패스가 끝나면 가장 큰 값이 맨 뒤로 이동하는 특징이 있습니다. 구현이 단순하지만 비교와 교환이 많아 대규모 데이터에는 부적합합니다. Big-O 기준 최악의 경우 O(n^2)입니다. 면접에서는 왜 느린지, 언제 그래도 쓸 수 있는지(교육용, 매우 작은 n)를 묻기도 합니다.		인접한 원소를 비교하고 필요하면 교환한다	TRUE	최솟값을 찾아 맨 앞으로 보낸다	FALSE	정렬된 부분에 원소를 삽입해 나간다	FALSE	절반으로 나누어 합치며 정렬한다	FALSE	dsa	sorting		
Q005	버블 정렬 최악 시간 복잡도		Data Structure & Algorithm - 복잡도 분석	45	CHOICE	EASY	버블 정렬의 최악 시간 복잡도로 가장 올바른 것은?	버블 정렬은 전체를 여러 번 순회하며 인접 비교를 반복합니다. 원소 수가 늘어날수록 비교 횟수가 제곱 수준으로 증가합니다. 역순처럼 가장 불리한 입력에서 거의 모든 비교와 교환이 발생합니다. Big-O로는 O(n^2)로 정리합니다. 면접에서는 최선 케이스 최적화(스왑 없으면 종료)도 아는지 확인하기도 합니다.		O(log n)	FALSE	O(n)	FALSE	O(n log n)	FALSE	O(n^2)	TRUE	dsa	sorting		
Q006	선택 정렬(Selection Sort)		Data Structure & Algorithm - 정렬 알고리즘	43	CHOICE	EASY	선택 정렬의 핵심 아이디어로 가장 올바른 것은?	선택 정렬은 매 단계마다 남은 구간에서 최솟값(또는 최댓값)을 선택합니다. 그 값을 현재 위치와 교환하여 정렬된 구간을 늘려 갑니다. 교환 횟수는 비교적 적지만 비교 횟수는 여전히 많습니다. Big-O 기준으로 시간은 보통 O(n^2)입니다. 실무에서는 안정 정렬이 아니라는 점도 주의 포인트입니다.		매 단계에서 최솟값을 찾아 현재 위치로 보낸다	TRUE	인접 비교로 큰 값을 뒤로 보낸다	FALSE	정렬된 구간에 원소를 끼워 넣는다	FALSE	피벗 기준으로 좌우를 분할한다	FALSE	dsa	sorting		
Q007	삽입 정렬(Insertion Sort)		Data Structure & Algorithm - 정렬 알고리즘	43	CHOICE	EASY	삽입 정렬에 대한 설명으로 가장 올바른 것은?	삽입 정렬은 앞쪽을 항상 정렬된 상태로 유지합니다. 다음 원소를 꺼내 정렬된 구간의 올바른 위치에 삽입합니다. 데이터가 거의 정렬되어 있으면 이동이 적어 매우 빠를 수 있습니다. Big-O 관점에서 최악은 O(n^2)이지만 최선은 O(n)까지 내려갑니다. 면접에서는 왜 거의 정렬된 데이터에 유리한지 설명을 요구합니다.		정렬된 구간에 다음 원소를 적절한 위치에 삽입한다	TRUE	최솟값을 선택해 교환한다	FALSE	절반씩 범위를 줄여 목표를 찾는다	FALSE	두 배열을 병합하면서 정렬한다	FALSE	dsa	sorting		
Q008	삽입 정렬 최선 시간 복잡도		Data Structure & Algorithm - 복잡도 분석	45	CHOICE	EASY	이미 오름차순으로 정렬된 배열에서 삽입 정렬의 시간 복잡도로 가장 적절한 것은?	삽입 정렬은 원소를 삽입할 때 앞쪽을 확인하며 이동시킵니다. 이미 정렬되어 있으면 각 원소는 거의 이동할 필요가 없습니다. 비교는 하되 이동이 거의 없어서 전체가 한 번 스캔에 가깝게 진행됩니다. Big-O로는 O(n)으로 설명할 수 있습니다. 실무에서는 거의 정렬된 로그나 타임스탬프 데이터에서 유리할 수 있습니다.		O(n)	TRUE	O(log n)	FALSE	O(n log n)	FALSE	O(n^2)	FALSE	dsa	sorting		
Q009	병합 정렬(Merge Sort)		Data Structure & Algorithm - 정렬 알고리즘	43	CHOICE	EASY	병합 정렬의 기본 전략으로 가장 올바른 것은?	병합 정렬은 divide and conquer 전략을 사용합니다. 배열을 반으로 나누고 각 부분을 재귀적으로 정렬합니다. 그 다음 두 정렬된 배열을 병합하여 전체를 정렬합니다. Big-O 기준 시간은 O(n log n)으로 안정적입니다. 면접에서는 병합 단계가 O(n)인 이유를 설명할 수 있어야 합니다.		배열을 분할하고 정렬한 뒤 병합한다	TRUE	인접 원소를 반복 swap한다	FALSE	최솟값을 골라 앞에 둔다	FALSE	피벗을 고정하고 한 번만 순회한다	FALSE	dsa	sorting		
Q010	병합 정렬 추가 메모리		Data Structure & Algorithm - 복잡도 분석	45	CHOICE	EASY	일반적인 병합 정렬 구현에서 추가 메모리 사용에 대한 설명으로 가장 적절한 것은?	병합 정렬은 병합 과정에서 임시 배열을 사용하는 구현이 흔합니다. 두 정렬된 구간을 하나로 합칠 때 별도의 버퍼가 필요합니다. 그래서 추가 공간이 입력 크기에 비례하는 경우가 많습니다. Big-O로는 보통 O(n) 추가 메모리로 설명합니다. 실무에서는 메모리 제약이 크면 다른 정렬을 고려하기도 합니다.		추가 메모리가 거의 필요 없다 O(1)	FALSE	추가 메모리가 O(log n) 정도 든다	FALSE	추가 메모리가 O(n) 정도 든다	TRUE	추가 메모리가 O(n^2) 정도 든다	FALSE	dsa	sorting		
Q011	안정 정렬(Stable Sort)		Data Structure & Algorithm - 정렬 알고리즘	43	CHOICE	EASY	안정 정렬의 의미로 가장 올바른 것은?	안정 정렬은 키 값이 같은 원소들의 상대적 순서가 유지되는 정렬입니다. 예를 들어 점수가 같은 학생들이 원래 입력된 순서를 그대로 유지하는 것입니다. 이 특성은 다단계 정렬에서 특히 중요합니다. Big-O와는 별개로 정렬의 성질을 묻는 대표 면접 질문입니다. 실무에서는 UI 리스트 정렬이나 로그 정렬에서 체감되는 차이가 생길 수 있습니다.		같은 키를 가진 원소의 상대적 순서가 유지된다	TRUE	항상 O(n log n) 시간에 끝난다	FALSE	항상 추가 메모리가 O(1)이다	FALSE	피벗을 사용해 분할한다	FALSE	dsa	sorting		
Q012	안정 정렬 예시		Data Structure & Algorithm - 정렬 알고리즘	43	CHOICE	EASY	다음 중 일반적으로 안정 정렬로 분류되는 알고리즘은?	안정 정렬 여부는 구현에 따라 달라질 수 있지만, 대표적으로 안정하다고 알려진 알고리즘이 있습니다. 삽입 정렬은 같은 값일 때 앞의 원소를 먼저 두어 순서를 유지하기 쉽습니다. 버블 정렬과 병합 정렬도 보통 안정 정렬로 설명됩니다. 반면 선택 정렬은 교환 과정에서 순서가 깨지기 쉽습니다. 면접에서는 안정 정렬이 필요한 상황 예시까지 이어질 수 있습니다.		선택 정렬(Selection Sort)	FALSE	삽입 정렬(Insertion Sort)	TRUE	힙 정렬(Heap Sort)	FALSE	기본 퀵 정렬(Quick Sort)	FALSE	dsa	sorting		
Q013	제자리 정렬(In-place Sort)		Data Structure & Algorithm - 정렬 알고리즘	43	CHOICE	EASY	제자리 정렬에 대한 설명으로 가장 올바른 것은?	제자리 정렬은 입력 배열 내부에서 원소를 교환하며 정렬하는 방식입니다. 추가 메모리를 거의 사용하지 않는다는 점이 핵심입니다. 보통 Big-O로 추가 공간이 O(1)이라고 표현합니다. 다만 재귀 호출 스택 같은 숨은 비용은 별도로 고려하기도 합니다. 실무에서는 메모리 제약 환경에서 중요한 선택 기준이 됩니다.		추가 메모리를 거의 쓰지 않고 배열 안에서 정렬한다	TRUE	항상 안정 정렬이다	FALSE	항상 O(n log n)이다	FALSE	정렬 전에 반드시 해시를 만든다	FALSE	dsa	sorting		
Q014	퀵 정렬 평균 시간 복잡도		Data Structure & Algorithm - 복잡도 분석	45	CHOICE	EASY	일반적으로 퀵 정렬의 평균 시간 복잡도로 가장 많이 알려진 것은?	퀵 정렬은 피벗을 기준으로 좌우를 분할하며 정렬합니다. 분할이 균형 있게 일어나면 재귀 깊이가 log n 수준이 됩니다. 각 레벨에서 전체를 한 번 훑는 작업이 있어 총합이 n log n이 됩니다. 그래서 평균적으로 Big-O는 O(n log n)으로 자주 설명됩니다. 면접에서는 최악이 O(n^2)로 떨어지는 경우도 함께 묻습니다.		O(n)	FALSE	O(log n)	FALSE	O(n log n)	TRUE	O(n^2)	FALSE	dsa	sorting		
Q015	이진 탐색 경계 찾기		Data Structure & Algorithm - 탐색 알고리즘	42	CHOICE	EASY	이진 탐색을 응용해 조건을 처음 만족하는 위치를 찾는 상황의 예로 가장 적절한 것은?	이진 탐색은 값 찾기뿐 아니라 경계(boundary) 찾기에 많이 쓰입니다. 조건이 false에서 true로 한 번만 바뀌는 단조성(monotonicity)이 있으면 적용 가능합니다. 예를 들어 최소 가능한 용량, 최소 속도 같은 최적화 문제에 자주 등장합니다. Big-O로는 여전히 O(log n)으로 효율적입니다. 실무에서는 파라메트릭 서치로 불리며 코딩 테스트 단골입니다.		정렬된 배열에서 첫 번째로 target 이상이 되는 인덱스를 찾는다	TRUE	배열에서 가장 큰 값을 한 번에 찾는다	FALSE	인접한 값을 교환해 정렬한다	FALSE	모든 부분집합을 전부 확인한다	FALSE	dsa	searching		
Q016	lower_bound 개념		Data Structure & Algorithm - 탐색 알고리즘	42	CHOICE	EASY	정렬된 배열에서 lower_bound의 의미로 가장 올바른 것은?	lower_bound는 정렬된 자료에서 자주 쓰는 개념입니다. 보통 target 이상이 처음 등장하는 위치를 의미합니다. 중복 값이 있을 때 왼쪽 끝을 찾는 데 유용합니다. 이진 탐색 기반으로 구현되어 Big-O는 O(log n)입니다. 실무에서는 범위 쿼리나 삽입 위치 계산에 자주 활용합니다.		target보다 작은 값들 중 가장 큰 값의 위치	FALSE	target 이하가 마지막으로 등장하는 위치	FALSE	target 이상이 처음 등장하는 위치	TRUE	target과 정확히 같은 값의 임의 위치	FALSE	dsa	searching		
Q017	Big-O 표기법		Data Structure & Algorithm - 복잡도 분석	45	CHOICE	EASY	Big-O 표기법에 대한 설명으로 가장 올바른 것은?	Big-O는 입력 크기가 커질 때 증가율을 나타내는 표기입니다. 상수 계수나 낮은 차수 항은 무시하고 지배적인 항만 남깁니다. 이는 실제 실행 시간의 정확한 값이 아니라 성장 경향을 비교하기 위한 도구입니다. 면접에서는 O(2n)과 O(n)의 관계처럼 단순화 규칙을 자주 냅니다. 실무에서는 알고리즘 선택의 1차 필터로 매우 유용합니다.		상수와 낮은 차수 항을 무시하고 증가율을 표현한다	TRUE	모든 입력에서 정확한 실행 시간을 초 단위로 준다	FALSE	반드시 평균 실행 시간만 의미한다	FALSE	메모리 사용량만 표현한다	FALSE	dsa	complexity		
Q018	O(n log n) vs O(n^2)		Data Structure & Algorithm - 복잡도 분석	45	CHOICE	EASY	n이 매우 커질 때 일반적으로 더 효율적인 시간 복잡도는?	입력이 커질수록 복잡도 차이는 성능에 큰 영향을 줍니다. O(n^2)은 n이 커질 때 급격히 커져 현실적으로 감당하기 어려워집니다. O(n log n)은 정렬의 대표적인 효율 구간으로 널리 쓰입니다. Big-O 비교는 절대 시간보다 추세를 보는 것이 핵심입니다. 면접에서는 왜 n log n이 더 유리한지 직관을 말해보라고 합니다.		O(n^2)	FALSE	O(n log n)	TRUE	O(2^n)	FALSE	O(n^3)	FALSE	dsa	complexity		
Q019	정렬 후 중복 제거		Data Structure & Algorithm - 정렬 알고리즘	43	CHOICE	EASY	배열에서 중복 제거를 빠르게 하기 위해 정렬을 먼저 하는 이유로 가장 올바른 것은?	정렬을 하면 같은 값이 서로 인접하게 모입니다. 그러면 한 번의 선형 스캔으로 중복을 쉽게 제거할 수 있습니다. 이 과정은 추가 탐색 구조 없이도 구현이 단순해집니다. 다만 전체 비용은 정렬 비용 O(n log n)과 스캔 O(n)을 합쳐 판단해야 합니다. 실무에서는 메모리와 구현 복잡도를 함께 고려해 정렬 기반 접근을 선택하기도 합니다.		같은 값이 인접해져 한 번 훑으며 중복을 제거할 수 있다	TRUE	정렬하면 배열 길이가 자동으로 줄어든다	FALSE	정렬하면 항상 O(1)에 검색이 된다	FALSE	정렬하면 반드시 안정 정렬이 된다	FALSE	dsa	sorting		
Q020	투 포인터(Two Pointers)와 정렬		Data Structure & Algorithm - 탐색 알고리즘	42	CHOICE	EASY	정렬된 배열에서 두 수의 합이 target인지 찾을 때 투 포인터를 쓰는 장점으로 가장 적절한 것은?	정렬된 배열에서는 양 끝에서 시작해 포인터를 움직이며 합을 조절할 수 있습니다. 한 번의 스캔으로 답을 찾을 수 있어 전체 탐색보다 효율적입니다. 보통 Big-O는 O(n)으로 설명됩니다. 정렬이 안 되어 있으면 이 방식의 단조 이동 논리가 깨집니다. 면접에서는 투 포인터가 가능한 전제 조건을 정확히 말하는지가 중요합니다.		양 끝 포인터를 이동하며 한 번의 선형 스캔으로 찾을 수 있다	TRUE	무조건 O(log n)으로 더 빠르다	FALSE	중복이 없어야만 동작한다	FALSE	배열이 역순이어야만 동작한다	FALSE	dsa	searching		
Q021	점프 탐색(Jump Search)		Data Structure & Algorithm - 탐색 알고리즘	42	CHOICE	EASY	점프 탐색의 아이디어로 가장 올바른 것은?	점프 탐색은 정렬된 배열에서 일정 간격으로 “점프”하며 범위를 먼저 좁힙니다. 목표 값이 있을 법한 블록을 찾은 뒤, 그 블록 안에서 선형 탐색을 합니다. 점프 크기는 보통 √n 근처로 잡아 비교 횟수를 줄입니다. Big-O로는 대략 O(√n)으로 설명하는 경우가 많습니다. 면접에서는 이진 탐색과의 차이(완전 절반 분할 vs 블록 점프)를 비교해 말할 수 있으면 좋습니다.		일정 간격으로 이동해 구간을 찾고, 구간 내부를 선형 탐색한다	TRUE	매 단계마다 절반씩 범위를 줄인다	FALSE	모든 원소를 무작위로 섞은 뒤 찾는다	FALSE	해시 테이블을 만들어 즉시 찾는다	FALSE	dsa	searching		
Q022	보간 탐색(Interpolation Search)		Data Structure & Algorithm - 탐색 알고리즘	42	CHOICE	EASY	보간 탐색이 이진 탐색과 다른 점으로 가장 올바른 것은?	보간 탐색은 정렬된 배열에서 “값의 분포”를 가정하고 탐색 위치를 추정합니다. 이진 탐색이 항상 중앙을 고르는 반면, 보간 탐색은 target 값이 어디쯤 있을지 비율로 계산해 중간 지점을 잡습니다. 값이 균등 분포에 가깝다면 평균적으로 더 빨라질 수 있습니다. 하지만 분포가 나쁘면 성능이 급격히 떨어질 수 있어 주의가 필요합니다. 면접에서는 “언제 유리하고 언제 불리한가”를 설명하는 게 포인트입니다.		값의 분포를 이용해 탐색 위치를 추정한다	TRUE	항상 배열의 중앙을 선택한다	FALSE	정렬이 필요 없다	FALSE	해시 충돌을 줄이기 위한 방법이다	FALSE	dsa	searching		
Q023	삼항 검색(Ternary Search)		Data Structure & Algorithm - 탐색 알고리즘	42	CHOICE	EASY	삼항 검색(ternary search)의 전제 조건으로 가장 적절한 것은?	삼항 검색은 탐색 구간을 3등분해서 최대/최소를 찾는 데 주로 쓰입니다. 핵심은 함수 값이 한 번만 증가했다가 감소하거나(또는 반대) 하는 단봉(unimodal) 성질입니다. 이런 단조 구간이 보장되면 가운데 두 지점을 비교해 한 구간을 버릴 수 있습니다. 코딩 테스트에서는 “단봉 함수에서 최댓값 찾기”로 자주 등장합니다. 면접에서는 단봉 조건이 없으면 적용이 안 된다는 점을 강조하면 좋습니다.		단봉(unimodal) 형태가 보장되어야 한다	TRUE	배열이 반드시 역순이어야 한다	FALSE	중복 값이 없어야 한다	FALSE	무조건 해시 테이블이 필요하다	FALSE	dsa	searching		
Q024	힙 정렬(Heap Sort)		Data Structure & Algorithm - 정렬 알고리즘	43	CHOICE	EASY	힙 정렬의 핵심 동작으로 가장 올바른 것은?	힙 정렬은 힙(우선순위 큐) 성질을 이용해 정렬합니다. 보통 최대 힙을 구성한 뒤, 루트(최댓값)를 배열 끝으로 보내고 힙 크기를 줄이며 다시 힙을 복구합니다. 매번 최댓값을 빠르게 꺼낼 수 있다는 점이 핵심입니다. 평균/최악 시간 복잡도가 O(n log n)으로 안정적입니다. 면접에서는 “힙을 왜 쓰는가”와 “in-place 구현 가능 여부”를 물을 수 있습니다.		힙을 구성한 뒤 최댓값(또는 최솟값)을 반복 추출해 정렬한다	TRUE	인접 원소를 계속 swap한다	FALSE	배열을 반으로 나누고 병합한다	FALSE	피벗을 정하고 분할한다	FALSE	dsa	sorting		
Q025	힙 구성(Build Heap) 시간		Data Structure & Algorithm - 복잡도 분석	45	CHOICE	EASY	배열로부터 힙을 구성(build heap)하는 데 걸리는 시간 복잡도로 가장 널리 알려진 것은?	힙을 만드는 방법에는 삽입을 반복하는 방식과, bottom-up으로 heapify 하는 방식이 있습니다. 일반적으로 “배열에서 한 번에 힙 만들기”는 bottom-up heapify를 의미합니다. 이 방식은 직관과 달리 O(n log n)이 아니라 O(n)으로 알려져 있습니다. 면접에서는 왜 O(n)인지(깊이별로 heapify 비용이 다르기 때문)를 가볍게라도 설명하면 좋습니다. 실무에서는 대량 데이터에서 힙을 빠르게 만들 때 중요한 포인트입니다.		O(n)	TRUE	O(log n)	FALSE	O(n log n)	FALSE	O(n^2)	FALSE	dsa	complexity		
Q026	카운팅 정렬(Counting Sort)		Data Structure & Algorithm - 정렬 알고리즘	43	CHOICE	EASY	카운팅 정렬이 특히 유리한 조건으로 가장 적절한 것은?	카운팅 정렬은 비교 기반 정렬이 아니라 “값의 범위”를 이용해 정렬합니다. 값의 최대 범위 K가 작을 때, 빈도 배열을 만들어 빠르게 정렬할 수 있습니다. 시간 복잡도는 보통 O(n + K)로 표현합니다. 대신 K가 너무 크면 메모리와 시간이 오히려 커질 수 있습니다. 면접에서는 “언제 쓰면 안 되는가(K가 큰 경우)”까지 같이 말하면 좋습니다.		값의 범위(K)가 작고 정수 키일 때	TRUE	데이터가 이미 정렬되어 있을 때만	FALSE	반드시 안정 정렬이 필요할 때만	FALSE	비교 연산이 아주 느릴 때만	FALSE	dsa	sorting		
Q027	기수 정렬(Radix Sort)		Data Structure & Algorithm - 정렬 알고리즘	43	CHOICE	EASY	기수 정렬의 설명으로 가장 올바른 것은?	기수 정렬은 각 자릿수(또는 비트)를 기준으로 여러 번 정렬하는 방식입니다. 보통 자릿수별로 안정 정렬(예: counting sort)을 반복 적용합니다. 비교 기반 정렬의 하한 O(n log n)을 우회할 수 있는 대표 예시로 소개됩니다. 대신 자릿수(d)와 기수(base)에 따라 비용이 달라집니다. 면접에서는 “안정 정렬이 왜 필요한가” 질문으로 이어질 수 있습니다.		자릿수(또는 비트)별로 안정 정렬을 반복해 전체를 정렬한다	TRUE	항상 한 번의 패스로 끝난다	FALSE	실수 데이터에만 적용된다	FALSE	정렬 전에 반드시 힙을 만든다	FALSE	dsa	sorting		
Q028	비교 기반 정렬 하한		Data Structure & Algorithm - 복잡도 분석	45	CHOICE	EASY	비교 기반 정렬(comparison sort)이 평균적으로 더 빨라질 수 없는 하한으로 가장 널리 알려진 것은?	비교 기반 정렬은 원소 간 비교 결과만을 이용해 정렬합니다. 결정 트리 관점에서 가능한 순열의 수(n!)를 구분해야 하므로, 평균/최악 비교 횟수의 하한이 생깁니다. 그 하한이 대략 Ω(n log n)으로 알려져 있습니다. 그래서 퀵/병합/힙 정렬 같은 대표 정렬이 n log n 구간을 목표로 합니다. 면접에서는 “왜 n log n이 최소인가”를 간단히라도 설명하면 좋습니다.		Ω(n log n)	TRUE	Ω(log n)	FALSE	Ω(n)	FALSE	Ω(n^2)	FALSE	dsa	complexity		
Q029	정렬의 안정성 필요 상황		Data Structure & Algorithm - 정렬 알고리즘	43	CHOICE	EASY	안정 정렬이 특히 유용한 상황으로 가장 적절한 것은?	안정 정렬은 같은 키의 상대적 순서를 보장합니다. 이 특성은 다단계 정렬에서 매우 중요합니다. 예를 들어 (부서 → 입사일)처럼 2차 기준을 유지하고 싶다면 먼저 2차 기준으로 정렬한 뒤, 1차 기준으로 안정 정렬하면 됩니다. 실무에서는 테이블 UI 정렬이나 로그 정렬에서 체감 차이가 납니다. 면접에서는 “왜 안정성이 필요한가”를 사례로 설명하는지를 봅니다.		2개 이상의 기준으로 단계적 정렬을 할 때	TRUE	배열 길이가 짝수일 때	FALSE	중복이 없을 때만	FALSE	모든 정렬은 자동으로 안정적일 때	FALSE	dsa	sorting		
Q030	퀵 정렬 최악 케이스		Data Structure & Algorithm - 정렬 알고리즘	43	CHOICE	EASY	퀵 정렬이 최악 성능(O(n^2))으로 떨어질 가능성이 큰 경우로 가장 적절한 것은?	퀵 정렬은 분할이 균형적이면 빠르지만, 한쪽으로 치우치면 깊이가 n에 가까워질 수 있습니다. 예를 들어 피벗을 항상 첫 원소로 잡는데 입력이 이미 정렬되어 있으면 분할이 극단적으로 한쪽에 몰립니다. 이 경우 각 단계가 거의 n을 훑고 단계 수가 n이라 O(n^2)까지 나빠질 수 있습니다. 실무에서는 랜덤 피벗, median-of-three, introsort 등으로 완화합니다. 면접에서는 “피벗 선택이 왜 중요한가”를 묻습니다.		피벗이 계속 한쪽 끝으로 선택되어 분할이 치우칠 때	TRUE	데이터에 중복이 있을 때만	FALSE	배열이 정렬되어 있으면 항상 O(n log n)이다	FALSE	병합 정렬을 사용하면 발생한다	FALSE	dsa	sorting		
Q031	해시 탐색(Hash Lookup)		Data Structure & Algorithm - 탐색 알고리즘	42	CHOICE	EASY	해시 테이블에서 평균적으로 빠른 탐색이 가능한 이유로 가장 올바른 것은?	해시 테이블은 키를 해시 함수로 변환해 버킷 인덱스를 계산합니다. 이상적으로는 키가 고르게 분포되어 버킷에 충돌이 적어집니다. 그 경우 한 번의 인덱싱으로 원하는 위치에 접근할 수 있어 평균 O(1)에 가깝습니다. 하지만 충돌이 많아지면 성능이 O(n)까지 악화될 수 있습니다. 면접에서는 “평균 O(1)이지 항상 O(1)은 아니다”를 꼭 짚어야 합니다.		해시 함수로 인덱스를 계산해 평균적으로 한 번에 접근한다	TRUE	데이터가 항상 정렬되어 있어서	FALSE	비교 연산이 전혀 없어서	FALSE	메모리를 쓰지 않아서	FALSE	dsa	searching		
Q032	해시 충돌(Collision)		Data Structure & Algorithm - 탐색 알고리즘	42	CHOICE	EASY	해시 충돌(collision)의 의미로 가장 올바른 것은?	해시 충돌은 서로 다른 키가 같은 해시 값(또는 같은 버킷 인덱스)을 갖는 상황입니다. 해시 테이블은 유한한 공간을 사용하므로 충돌을 완전히 피할 수 없습니다. 그래서 체이닝이나 오픈 어드레싱 같은 충돌 해결 기법이 필요합니다. 실무에서는 로드 팩터가 커지면 충돌이 늘어 성능이 떨어질 수 있습니다. 면접에서는 충돌이 생길 때 시간 복잡도가 어떻게 변하는지 연결 질문이 자주 나옵니다.		서로 다른 키가 같은 버킷(인덱스)에 매핑되는 현상	TRUE	같은 키가 서로 다른 버킷에 매핑되는 현상	FALSE	정렬이 깨져서 탐색이 실패하는 현상	FALSE	배열 크기가 커져서 메모리가 부족한 현상	FALSE	dsa	searching		
Q033	선형 탐색 vs 이진 탐색		Data Structure & Algorithm - 탐색 알고리즘	42	CHOICE	EASY	선형 탐색과 이진 탐색을 비교한 설명으로 가장 올바른 것은?	선형 탐색은 정렬이 없어도 사용할 수 있지만 비교를 많이 할 수 있습니다. 이진 탐색은 정렬이 필요하지만 범위를 절반씩 줄여 빠릅니다. 따라서 데이터가 자주 바뀌는지, 정렬 비용이 얼마나 되는지까지 고려해야 합니다. 실무에서는 “조회가 압도적으로 많고 데이터가 비교적 정적이면 정렬+이진 탐색”이 합리적일 수 있습니다. 면접에서는 이 전제 조건과 트레이드오프를 말하는지 봅니다.		이진 탐색은 정렬이 필요하지만 보통 더 적은 비교로 찾는다	TRUE	선형 탐색은 정렬이 필요하고 더 빠르다	FALSE	둘 다 항상 O(1)이다	FALSE	둘 다 정렬이 필요 없다	FALSE	dsa	searching		
Q034	정렬 비용 포함 판단		Data Structure & Algorithm - 복잡도 분석	45	CHOICE	EASY	“정렬한 뒤 이진 탐색” 접근을 평가할 때 가장 중요한 관점으로 적절한 것은?	이진 탐색 자체는 O(log n)이지만, 정렬이 먼저 필요하면 비용이 달라집니다. 한 번만 찾는다면 정렬 O(n log n)이 부담이 될 수 있습니다. 반대로 여러 번 조회한다면 정렬 비용을 상쇄하고 전체가 유리해질 수 있습니다. 실무에서는 업데이트 빈도와 조회 빈도, 그리고 캐시 전략까지 같이 봅니다. 면접에서는 “정렬 비용까지 포함해 총비용을 비교”하는 답을 기대합니다.		정렬 비용과 조회 횟수를 함께 고려해 총비용을 판단한다	TRUE	이진 탐색은 빠르니 무조건 정렬해서 쓴다	FALSE	정렬은 비용이 0이므로 무시한다	FALSE	조회는 한 번만 하므로 항상 정렬이 손해다	FALSE	dsa	complexity		
Q035	부분 정렬(Partial Sort)		Data Structure & Algorithm - 정렬 알고리즘	43	CHOICE	EASY	“상위 K개”만 필요할 때 전체 정렬보다 유리할 수 있는 접근으로 가장 적절한 것은?	상위 K개만 필요하면 전체를 완전히 정렬할 필요가 없습니다. 예를 들어 최소/최대 힙을 사용하면 K개만 관리하며 구할 수 있습니다. 또 quickselect(선택 알고리즘)로 K번째 원소를 찾고 그 앞만 처리하는 방법도 있습니다. 전체 정렬 O(n log n)보다 더 빠르게 끝날 여지가 있습니다. 면접에서는 “요구사항에 맞춰 알고리즘을 고른다”는 사고를 보여주는 게 중요합니다.		힙을 사용해 상위 K개만 유지하며 구한다	TRUE	무조건 병합 정렬로 전체를 정렬한다	FALSE	버블 정렬로 끝까지 정렬한다	FALSE	선형 탐색으로 K개를 무작정 고른다	FALSE	dsa	sorting		
Q036	이진 탐색의 반복 구현		Data Structure & Algorithm - 탐색 알고리즘	42	CHOICE	EASY	이진 탐색을 반복문으로 구현할 때 구간을 줄이는 일반적인 방식으로 가장 올바른 것은?	이진 탐색은 low, high 포인터로 구간을 유지합니다. mid를 계산하고 비교 결과에 따라 low 또는 high를 움직여 구간을 절반으로 줄입니다. 이 때 무한 루프를 피하려면 경계 업데이트 규칙을 정확히 지켜야 합니다. 특히 low=mid+1, high=mid-1 같은 형태가 흔합니다. 면접에서는 off-by-one 버그를 어떻게 피하는지까지 이어질 수 있습니다.		비교 결과에 따라 low 또는 high를 mid 기준으로 좁힌다	TRUE	항상 low만 증가시키면 된다	FALSE	항상 high만 감소시키면 된다	FALSE	mid는 한 번만 계산하면 된다	FALSE	dsa	searching		
Q037	순차 검색 최악 케이스		Data Structure & Algorithm - 복잡도 분석	45	CHOICE	EASY	선형 탐색에서 최악의 경우가 발생하는 상황으로 가장 적절한 것은?	선형 탐색은 앞에서부터 하나씩 확인합니다. 목표 값이 마지막에 있거나, 아예 존재하지 않으면 모든 원소를 검사해야 합니다. 그래서 최악은 O(n)입니다. 이 특징은 데이터가 커질수록 응답 시간이 길어질 수 있음을 의미합니다. 면접에서는 “존재하지 않을 때도 최악”이라는 포인트를 놓치면 감점이 될 수 있습니다.		target이 배열에 없어서 끝까지 확인해야 할 때	TRUE	target이 첫 번째 원소일 때	FALSE	배열이 정렬되어 있을 때	FALSE	배열 길이가 1일 때	FALSE	dsa	complexity		
Q038	정렬 알고리즘 선택 기준		Data Structure & Algorithm - 정렬 알고리즘	43	CHOICE	EASY	정렬 알고리즘을 선택할 때 고려할 요소로 가장 적절한 것은?	정렬 선택은 단순히 평균 시간만 보면 안 됩니다. 데이터 크기, 거의 정렬된 정도, 안정성 필요 여부, 추가 메모리 허용 여부가 모두 영향을 줍니다. 예를 들어 UI 테이블은 안정성이 중요할 수 있고, 임베디드 환경은 메모리가 제한적일 수 있습니다. 실무에서는 라이브러리 정렬이 어떤 특성을 갖는지도 체크합니다. 면접에서는 이런 트레이드오프를 말할 수 있으면 좋습니다.		안정성/메모리/데이터 특성 등 요구사항을 함께 본다	TRUE	무조건 가장 유명한 정렬을 고른다	FALSE	항상 버블 정렬이 안전하다	FALSE	항상 O(n log n)만 고르면 된다	FALSE	dsa	sorting		
Q039	정렬 결과 검증		Data Structure & Algorithm - 정렬 알고리즘	43	CHOICE	EASY	정렬이 올바르게 되었는지 간단히 검증하는 방법으로 가장 적절한 것은?	정렬 결과는 인접한 원소 관계를 보면 빠르게 확인할 수 있습니다. 오름차순 정렬이라면 모든 i에 대해 a[i] <= a[i+1] 이어야 합니다. 이 조건을 한 번 스캔하며 깨지는 지점을 찾으면 됩니다. 시간은 O(n)이며 구현도 단순합니다. 면접에서는 이런 검증 루틴이 디버깅에 도움이 된다고 언급하면 좋습니다.		인접 원소가 모두 a[i] <= a[i+1]인지 한 번 확인한다	TRUE	임의의 두 원소만 비교해도 충분하다	FALSE	항상 해시를 만들어 비교한다	FALSE	정렬 알고리즘을 다시 한 번 수행한다	FALSE	dsa	sorting		
Q040	이진 탐색 실패 조건		Data Structure & Algorithm - 탐색 알고리즘	42	CHOICE	EASY	이진 탐색이 “정확한 결과”를 보장하지 못하는 상황으로 가장 적절한 것은?	이진 탐색은 정렬된 상태를 가정하고 절반을 버립니다. 정렬이 깨져 있으면 버려도 되는 절반이라는 보장이 사라집니다. 그 결과 target이 있어도 놓칠 수 있습니다. 따라서 “정렬 여부 확인” 또는 “정렬을 유지하는 자료구조”가 중요합니다. 면접에서는 이 전제 조건을 정확히 말하는지 확인합니다.		배열이 정렬되어 있지 않을 때	TRUE	배열에 중복 값이 있을 때	FALSE	배열 길이가 홀수일 때	FALSE	target이 음수일 때	FALSE	dsa	searching		
Q041	로어 바운드(lower bound)		Data Structure & Algorithm - 탐색 알고리즘	42	CHOICE	MEDIUM	정렬된 배열에서 lower bound가 의미하는 위치로 가장 올바른 것은?	lower bound는 target 이상이 처음 등장하는 위치를 찾는 개념입니다. 값이 중복될 때 왼쪽 경계를 찾는 데 특히 유용합니다. 이진 탐색 변형으로 구현하며 구간을 줄일 때 조건을 만족하면 high를 당기는 방식이 핵심입니다. 시간 복잡도는 Big-O로 O(log n)입니다. 면접에서는 lower bound와 upper bound의 차이를 정확히 말하는지 자주 확인합니다.		target 이상이 처음 나타나는 인덱스	TRUE	target 이하가 마지막으로 나타나는 인덱스	FALSE	target과 같은 값의 임의 인덱스	FALSE	target보다 작은 값의 개수	FALSE	dsa	searching		
Q042	어퍼 바운드(upper bound)		Data Structure & Algorithm - 탐색 알고리즘	42	CHOICE	MEDIUM	정렬된 배열에서 upper bound가 의미하는 위치로 가장 올바른 것은?	upper bound는 target보다 큰 값이 처음 등장하는 위치를 의미합니다. lower bound와 함께 쓰면 특정 값의 등장 구간 길이를 빠르게 계산할 수 있습니다. 구현은 이진 탐색을 변형해 조건을 만족할 때 high를 줄이거나 low를 늘리는 규칙을 정확히 잡는 것이 중요합니다. 시간 복잡도는 Big-O로 O(log n)입니다. 면접에서는 중복 원소가 많을 때 개수를 구하는 공식까지 이어지는 경우가 많습니다.		target보다 큰 값이 처음 나타나는 인덱스	TRUE	target 이상이 처음 나타나는 인덱스	FALSE	target의 첫 등장 인덱스	FALSE	배열의 중앙 인덱스	FALSE	dsa	searching		
Q043	마지막 등장 찾기(Last Occurrence)		Data Structure & Algorithm - 탐색 알고리즘	42	CHOICE	MEDIUM	정렬된 배열에서 target의 마지막 등장 인덱스를 이진 탐색으로 찾을 때 핵심 전략으로 가장 올바른 것은?	마지막 등장 위치는 target을 발견해도 탐색을 멈추면 안 되는 대표 케이스입니다. target을 발견하면 정답 후보를 저장하고 오른쪽 구간으로 더 탐색해야 합니다. 즉 low를 mid+1로 이동시키며 더 오른쪽에 같은 값이 있는지 확인합니다. 이런 변형도 Big-O 기준 O(log n)을 유지합니다. 면접에서는 첫 등장과 마지막 등장 둘 다 구현할 수 있는지를 자주 봅니다.		target을 찾으면 후보를 저장하고 오른쪽 구간을 계속 탐색한다	TRUE	target을 찾는 즉시 탐색을 종료한다	FALSE	target을 찾으면 왼쪽 구간만 탐색한다	FALSE	정렬이 필요 없으므로 선형 탐색으로만 가능하다	FALSE	dsa	searching		
Q044	오버플로 안전 mid 계산		Data Structure & Algorithm - 탐색 알고리즘	42	CHOICE	MEDIUM	이진 탐색에서 정수 오버플로를 피하는 mid 계산 방식으로 가장 적절한 것은?	단순히 (low + high) / 2는 low와 high가 매우 클 때 덧셈이 오버플로가 날 수 있습니다. 그래서 low + (high - low) / 2 형태로 계산하는 것이 안전합니다. 이는 결과적으로 같은 중앙값을 구하면서도 덧셈 오버플로 위험을 줄입니다. 언어와 자료형에 따라 실제로 버그로 이어질 수 있어 면접 단골 포인트입니다. Big-O는 동일하지만 안전한 구현 습관이 중요합니다.		low + (high - low) / 2	TRUE	(low + high) / 2	FALSE	(low * high) / 2	FALSE	(high - low) / 2	FALSE	dsa	searching		
Q045	지수 탐색(Exponential Search)		Data Structure & Algorithm - 탐색 알고리즘	42	CHOICE	MEDIUM	정렬된 배열의 길이를 모를 때(또는 매우 클 때) 탐색 범위를 먼저 찾는 전략으로 가장 적절한 것은?	지수 탐색은 탐색 구간을 1, 2, 4, 8처럼 지수적으로 키우며 target이 들어갈 만한 범위를 먼저 찾습니다. 이후 그 범위 안에서 이진 탐색을 수행합니다. 길이를 모르거나 무한 배열처럼 취급하는 상황에서 자주 소개됩니다. 범위 확장 단계와 이진 탐색 모두를 합쳐도 보통 Big-O 관점에서 O(log n)으로 설명합니다. 면접에서는 왜 범위를 두 배씩 키우는지 직관을 말할 수 있으면 좋습니다.		인덱스를 2배씩 늘려 범위를 찾은 뒤 그 범위에서 이진 탐색한다	TRUE	무조건 선형 탐색만 수행한다	FALSE	피벗을 정해 좌우를 분할한다	FALSE	해시를 만들어 O(1)로 찾는다	FALSE	dsa	searching		
Q046	회전 정렬 배열 탐색(Rotated Array Search)		Data Structure & Algorithm - 탐색 알고리즘	42	CHOICE	MEDIUM	회전된 정렬 배열에서 이진 탐색을 적용할 때 핵심 아이디어로 가장 올바른 것은?	회전된 배열은 전체가 정렬되어 있지는 않지만, mid를 기준으로 한쪽 구간은 정렬되어 있는 경우가 많습니다. 그래서 mid와 low, high 값을 비교해 어느 쪽이 정렬된 구간인지 판단합니다. 정렬된 구간에 target이 들어갈 수 있는지 확인한 뒤 탐색 범위를 반으로 줄입니다. 조건 분기가 까다로워 오프바이원 실수가 자주 나옵니다. 성공하면 Big-O는 O(log n)입니다.		mid 기준으로 한쪽 구간의 정렬 여부를 판단해 탐색 구간을 줄인다	TRUE	배열이 회전되면 이진 탐색은 불가능하다	FALSE	항상 중앙에서 선형 탐색으로 바꿔야 한다	FALSE	값이 중복이면 반드시 O(n^2)로 악화된다	FALSE	dsa	searching		
Q047	퀵셀렉트(Quickselect)		Data Structure & Algorithm - 탐색 알고리즘	42	CHOICE	MEDIUM	unsorted 배열에서 k번째로 작은 원소를 찾는 quickselect의 평균 시간 복잡도로 가장 적절한 것은?	quickselect는 퀵 정렬의 분할 아이디어를 이용하되, 한쪽 구간만 재귀적으로 탐색하는 선택 알고리즘입니다. 평균적으로 분할이 균형 있게 일어나면 매 단계에서 버리는 구간이 커집니다. 그래서 평균 시간은 Big-O로 O(n)으로 많이 설명합니다. 다만 최악에는 분할이 계속 치우쳐 O(n^2)까지 나빠질 수 있습니다. 면접에서는 평균과 최악을 함께 말하는지 확인합니다.		O(n)	TRUE	O(log n)	FALSE	O(n log n)	FALSE	O(n^2)	FALSE	dsa	searching		
Q048	제자리 안정 정렬(In-place Stable Sort)		Data Structure & Algorithm - 정렬 알고리즘	43	CHOICE	MEDIUM	다음 중 일반적으로 안정적(stable)이며 제자리(in-place)에 가깝게 동작한다고 설명하기 쉬운 정렬은?	안정 정렬은 같은 키의 상대 순서를 보존합니다. 제자리 정렬은 추가 메모리를 거의 쓰지 않고 배열 내부에서 교환하며 정렬합니다. 삽입 정렬은 앞쪽 정렬 구간에 원소를 끼워 넣는 방식이라 안정성을 유지하기 쉽고, 보통 O(1) 추가 공간으로 구현됩니다. 다만 시간은 최악 O(n^2)로 커질 수 있어 입력 특성에 따라 선택해야 합니다. 면접에서는 안정성과 공간 트레이드오프를 연결해 설명하면 좋습니다.		삽입 정렬(Insertion Sort)	TRUE	힙 정렬(Heap Sort)	FALSE	일반 퀵 정렬(Quick Sort)	FALSE	병합 정렬(Merge Sort)	FALSE	dsa	sorting		
Q049	퀵 정렬 vs 병합 정렬 트레이드오프		Data Structure & Algorithm - 정렬 알고리즘	43	CHOICE	MEDIUM	퀵 정렬과 병합 정렬의 대표적 차이로 가장 올바른 것은?	퀵 정렬은 평균적으로 빠르지만 최악 시간 복잡도가 O(n^2)로 악화될 수 있습니다. 병합 정렬은 분할 후 병합을 통해 최악에도 O(n log n) 성능을 유지하기 쉽습니다. 대신 일반 구현의 병합 정렬은 병합 단계에서 추가 메모리 O(n)을 쓰는 경우가 많습니다. 실무에서는 데이터 크기, 메모리 제약, 안정성 요구를 함께 봅니다. 면접에서는 최악 보장과 추가 공간의 교환 관계를 말하는지를 봅니다.		병합 정렬은 보통 최악 O(n log n)을 보장하지만 추가 메모리를 더 쓴다	TRUE	퀵 정렬은 항상 안정 정렬이다	FALSE	병합 정렬은 항상 제자리 정렬이다	FALSE	퀵 정렬은 최악에도 항상 O(n log n)이다	FALSE	dsa	sorting		
Q050	팀소트(Timsort)		Data Structure & Algorithm - 정렬 알고리즘	43	CHOICE	MEDIUM	팀소트가 실제 데이터에서 강점을 보이기 쉬운 이유로 가장 적절한 것은?	팀소트는 실제 입력이 완전 랜덤이 아니라 부분적으로 정렬된 경우가 많다는 점을 활용합니다. 데이터에서 이미 정렬된 구간(run)을 찾아 그 구간들을 효율적으로 병합합니다. 이런 특성 때문에 거의 정렬된 입력에서 매우 빠르게 동작할 수 있습니다. 일반적으로 안정 정렬로 분류되며, 최악 성능도 O(n log n) 구간으로 설명됩니다. 면접에서는 run을 활용한다는 직관을 말할 수 있으면 좋습니다.		이미 정렬된 구간(run)을 찾아 활용해 병합 비용을 줄인다	TRUE	항상 피벗을 기준으로 2등분만 한다	FALSE	값의 범위 K가 작을 때만 동작한다	FALSE	비교 연산 없이 해시로 정렬한다	FALSE	dsa	sorting		
Q051	인트로소트(Introsort)		Data Structure & Algorithm - 정렬 알고리즘	43	CHOICE	MEDIUM	introsort의 핵심 목적과 동작으로 가장 올바른 것은?	introsort는 퀵 정렬의 평균 성능을 활용하면서도 최악 케이스를 방지하려는 하이브리드 전략입니다. 재귀 깊이가 너무 깊어지면(분할이 계속 치우치면) 다른 정렬로 전환합니다. 대표적으로 힙 정렬로 전환해 최악 시간 복잡도를 O(n log n)으로 제한합니다. 실무 라이브러리 정렬에서 “최악 보장”을 위해 이런 전략이 쓰이기도 합니다. 면접에서는 왜 전환이 필요한지(최악 O(n^2) 방지)를 말하면 좋습니다.		재귀 깊이가 커지면 힙 정렬 등으로 전환해 최악을 O(n log n)으로 제한한다	TRUE	항상 O(n)으로 정렬한다	FALSE	안정 정렬을 만들기 위해 항상 병합 정렬로만 동작한다	FALSE	값의 범위 K를 이용해 정렬한다	FALSE	dsa	sorting		
Q052	외부 정렬(External Sorting)		Data Structure & Algorithm - 정렬 알고리즘	43	CHOICE	MEDIUM	메모리에 다 올릴 수 없을 정도로 큰 데이터를 정렬할 때 가장 대표적인 접근으로 적절한 것은?	데이터가 메모리를 초과하면 디스크 I/O를 고려한 외부 정렬이 필요합니다. 대표적으로 외부 병합 정렬은 데이터를 청크로 나눠 각각 정렬한 뒤, 여러 정렬된 런을 병합합니다. 병합 단계는 다중 병합을 사용해 I/O 횟수를 줄이기도 합니다. 이 문제는 알고리즘뿐 아니라 시스템 관점의 실무 감각이 함께 필요합니다. 면접에서는 왜 퀵 정렬보다 병합 정렬 계열이 유리한지(순차 I/O 친화)로 이어질 수 있습니다.		청크별로 정렬한 뒤 다중 병합으로 합치는 외부 병합 정렬	TRUE	무조건 버블 정렬을 디스크에서 수행	FALSE	해시 테이블로 정렬을 대체	FALSE	이진 탐색으로 전체를 정렬	FALSE	dsa	sorting		
Q053	카운팅 정렬의 안정성 구현		Data Structure & Algorithm - 정렬 알고리즘	43	CHOICE	MEDIUM	카운팅 정렬을 안정 정렬로 만들기 위한 대표적인 구현 포인트로 가장 올바른 것은?	카운팅 정렬은 빈도 배열을 누적합으로 바꿔 각 값의 최종 위치 범위를 계산합니다. 안정성을 유지하려면 같은 값들 사이에서 입력 순서를 보존해야 합니다. 이를 위해 입력 배열을 뒤에서부터 순회하며 결과 배열에 배치하는 구현이 흔합니다. 이렇게 하면 같은 키가 나왔을 때 뒤의 원소가 뒤쪽 슬롯을 먼저 차지해 상대 순서가 유지됩니다. 면접에서는 안정성 확보 방법을 코드 레벨로 설명할 수 있는지 확인합니다.		입력을 뒤에서부터 순회하며 누적합 인덱스를 감소시키며 배치한다	TRUE	입력을 앞에서부터만 순회하면 자동으로 안정적이다	FALSE	누적합 없이 빈도만 있으면 안정성이 보장된다	FALSE	swap 기반으로만 구현해야 안정적이다	FALSE	dsa	sorting		
Q054	기수 정렬과 안정 정렬		Data Structure & Algorithm - 정렬 알고리즘	43	CHOICE	MEDIUM	LSD 방식 기수 정렬에서 각 자릿수 정렬이 안정 정렬이어야 하는 이유로 가장 올바른 것은?	LSD 기수 정렬은 낮은 자릿수부터 차례로 정렬합니다. 다음 자릿수를 정렬할 때 이전 자릿수의 정렬 결과가 유지되어야 최종 전체 순서가 올바르게 됩니다. 그래서 각 자릿수 정렬이 안정적이어야 이전 자릿수의 상대 순서가 보존됩니다. 안정성이 깨지면 앞에서 맞춰둔 자릿수 정보가 뒤집혀 결과가 틀릴 수 있습니다. 면접에서는 안정 정렬이 필요한 이유를 논리적으로 설명하는지를 봅니다.		이전 자릿수에서 정해진 상대 순서를 다음 단계에서도 유지해야 하기 때문이다	TRUE	안정 정렬이면 항상 O(1) 공간이 되기 때문이다	FALSE	안정 정렬은 피벗 선택을 단순화하기 때문이다	FALSE	안정 정렬은 정렬이 필요 없게 만들기 때문이다	FALSE	dsa	sorting		
Q055	힙(Heap) 연산 복잡도		Data Structure & Algorithm - 정렬 알고리즘	43	CHOICE	MEDIUM	최대 힙에서 최댓값 조회와 삭제의 시간 복잡도 조합으로 가장 올바른 것은?	힙은 완전 이진 트리 형태를 배열로 표현해 우선순위를 관리합니다. 최댓값은 루트에 있으므로 조회(peek)는 보통 O(1)입니다. 삭제(extract)는 루트를 제거한 뒤 힙 성질을 복구해야 해서 O(log n)이 됩니다. 이 특징 때문에 top K 문제나 스트리밍 데이터 처리에 자주 쓰입니다. 면접에서는 우선순위 큐와 힙의 연결을 설명할 수 있어야 합니다.		조회 O(1), 삭제 O(log n)	TRUE	조회 O(log n), 삭제 O(1)	FALSE	조회 O(n), 삭제 O(n)	FALSE	조회 O(n log n), 삭제 O(n)	FALSE	dsa	sorting		
Q056	힙 구성 방식 비교		Data Structure & Algorithm - 복잡도 분석	45	CHOICE	MEDIUM	배열에서 힙을 만드는 두 방식 중 성능 설명으로 가장 올바른 것은?	힙을 만드는 방법은 크게 두 가지로 설명됩니다. 하나는 원소를 하나씩 힙에 삽입하는 방식이고, 다른 하나는 bottom up heapify로 한 번에 만드는 방식입니다. 삽입 반복은 각 삽입이 O(log n)이라 총 O(n log n)입니다. 반면 bottom up heapify는 깊이별 비용이 줄어들어 총합이 O(n)으로 알려져 있습니다. 면접에서는 이 차이를 알고 있는지 자주 묻습니다.		삽입 반복은 O(n log n), bottom up heapify는 O(n)으로 설명된다	TRUE	둘 다 항상 O(n^2)이다	FALSE	둘 다 항상 O(log n)이다	FALSE	bottom up heapify가 항상 O(n^2)이다	FALSE	dsa	complexity		
Q057	정렬된 2차원 행렬 탐색		Data Structure & Algorithm - 탐색 알고리즘	42	CHOICE	MEDIUM	각 행과 각 열이 오름차순으로 정렬된 m x n 행렬에서 target을 찾는 효율적인 방법으로 가장 적절한 것은?	행과 열이 모두 정렬된 행렬에서는 특정 모서리에서 시작하면 한 번의 이동으로 행 또는 열을 버릴 수 있습니다. 대표적으로 오른쪽 위에서 시작해 현재 값이 크면 왼쪽, 작으면 아래로 이동합니다. 매 이동마다 한 행 또는 한 열을 제거하므로 최대 이동 횟수는 m+n 수준입니다. Big-O로 O(m+n)으로 설명합니다. 면접에서는 왜 그 위치에서 시작하는지(버릴 수 있는 방향이 명확함)를 설명하면 좋습니다.		오른쪽 위에서 시작해 크면 왼쪽, 작으면 아래로 이동한다	TRUE	무조건 모든 칸을 순회한다	FALSE	각 행을 버블 정렬한 뒤 이진 탐색한다	FALSE	해시를 만들면 항상 O(1)로 끝난다	FALSE	dsa	searching		
Q058	파라메트릭 서치(Parametric Search)		Data Structure & Algorithm - 탐색 알고리즘	42	CHOICE	MEDIUM	이진 탐색을 값(정답) 공간에 적용하는 파라메트릭 서치가 성립하기 위한 핵심 조건은?	파라메트릭 서치는 인덱스가 아니라 정답 후보 값의 범위를 이진 탐색합니다. 이를 위해 어떤 값 x가 가능하면 그보다 큰 값도 가능(또는 반대) 같은 단조성 조건이 필요합니다. 즉 조건 함수가 false에서 true로 한 번만 바뀌는 형태여야 경계를 찾을 수 있습니다. 이 성질이 없으면 절반을 버리는 근거가 사라져 이진 탐색이 깨집니다. 면접에서는 단조성의 의미를 예시로 설명할 수 있는지 봅니다.		가능 여부가 단조적으로 변하는 조건(단조성)이 있어야 한다	TRUE	배열이 반드시 역순이어야 한다	FALSE	중복 값이 없어야 한다	FALSE	해시 충돌이 없어야 한다	FALSE	dsa	searching		
Q059	센티넬 탐색(Sentinel Linear Search)		Data Structure & Algorithm - 탐색 알고리즘	42	CHOICE	MEDIUM	센티넬(sentinel) 기법을 선형 탐색에 적용하는 목적에 가장 가까운 것은?	센티넬 기법은 배열 끝에 target을 임시로 넣어 경계 체크를 줄이는 테크닉입니다. 반복문에서 매번 인덱스가 범위를 벗어났는지 확인하는 조건을 단순화할 수 있습니다. 실제 Big-O는 여전히 O(n)이지만 분기(branch)와 조건 검사 비용을 줄여 미세 성능이 개선될 수 있습니다. 물론 원본 데이터 훼손을 막기 위해 마지막 값을 저장했다가 복구해야 합니다. 면접에서는 이런 미시 최적화가 언제 유효한지까지 연결될 수 있습니다.		매 반복에서 범위 체크를 줄이기 위해 끝에 목표 값을 임시로 둔다	TRUE	이진 탐색을 O(1)로 바꾸기 위해 사용한다	FALSE	정렬을 자동으로 수행하기 위해 사용한다	FALSE	해시 충돌을 제거하기 위해 사용한다	FALSE	dsa	searching		
Q060	Top K 선택 알고리즘		Data Structure & Algorithm - 탐색 알고리즘	42	CHOICE	MEDIUM	n이 크고 K가 상대적으로 작을 때 상위 K개를 구하는 방법으로 전체 정렬보다 유리할 수 있는 접근은?	상위 K개만 필요하면 전체를 O(n log n)으로 정렬하는 것은 과할 수 있습니다. 대표적으로 크기 K의 최소 힙을 유지하면 새 원소를 넣고 넘치면 제거하는 방식으로 상위 K개를 관리할 수 있습니다. 이 방식은 보통 O(n log K)로 설명되어 K가 작을수록 유리합니다. 결과는 정렬되어 있지 않을 수 있으니 마지막에 K개만 정렬하는 선택도 가능합니다. 면접에서는 요구사항에 맞는 복잡도를 고르는 사고를 보여주면 좋습니다.		크기 K 최소 힙을 유지해 O(n log K)로 상위 K개를 관리한다	TRUE	버블 정렬로 전체를 정렬한다	FALSE	선형 탐색으로 K번 반복해 매번 최댓값을 찾는다	FALSE	병합 정렬로 전체를 무조건 정렬한다	FALSE	dsa	searching		
Q061	로어 바운드 구현 규칙(Lower Bound Invariant)		Data Structure & Algorithm - 탐색 알고리즘	42	CHOICE	MEDIUM	정렬된 배열에서 lower bound(첫 번째 target 이상) 이진 탐색의 포인터 업데이트 규칙으로 가장 올바른 것은?	lower bound는 조건을 만족하는 가장 왼쪽 위치를 찾는 문제입니다. 핵심은 arr[mid]가 target 이상이면 mid가 정답 후보가 될 수 있으므로 오른쪽을 버리고 high를 줄이는 것입니다. 반대로 arr[mid]가 target보다 작으면 mid 포함 왼쪽은 정답이 될 수 없으니 low를 mid+1로 올립니다. 이 규칙이 유지되면 구간이 좁아질수록 정답에 수렴합니다. 면접에서는 이 불변식(invariant)을 말로 설명할 수 있는지가 자주 평가됩니다.		arr[mid] >= target이면 high = mid, 아니면 low = mid + 1	TRUE	arr[mid] >= target이면 low = mid + 1, 아니면 high = mid	FALSE	arr[mid] == target이면 즉시 종료한다	FALSE	항상 low만 1씩 증가시키면 된다	FALSE	dsa	searching		
Q062	등장 횟수 계산(Count by Bounds)		Data Structure & Algorithm - 탐색 알고리즘	42	CHOICE	MEDIUM	정렬된 배열에서 target의 등장 횟수를 lower bound와 upper bound로 계산하는 공식으로 가장 올바른 것은?	중복 원소가 많은 정렬 배열에서는 선형 스캔 없이 개수를 빠르게 구할 수 있습니다. lower bound는 target 이상이 처음 나오는 위치이고, upper bound는 target보다 큰 값이 처음 나오는 위치입니다. 두 위치의 차이는 target이 차지하는 구간 길이와 같습니다. 이 방식은 이진 탐색을 두 번 수행하므로 시간 복잡도는 O(log n)입니다. 면접에서는 이 공식을 정확히 말하고 예시로 검증하는지를 자주 봅니다.		upper_bound - lower_bound	TRUE	lower_bound - upper_bound	FALSE	(upper_bound + lower_bound) / 2	FALSE	upper_bound * lower_bound	FALSE	dsa	searching		
Q063	다중 질의 탐색 비용(M Queries After Sort)		Data Structure & Algorithm - 복잡도 분석	45	CHOICE	MEDIUM	길이 n 배열을 한 번 정렬한 뒤, 서로 다른 값에 대한 이진 탐색 질의가 m번 있을 때 전체 시간 복잡도로 가장 적절한 것은?	한 번 정렬하면 정렬 비용이 먼저 듭니다. 이후 각 질의는 이진 탐색으로 O(log n)씩 처리할 수 있습니다. 따라서 총 비용은 정렬 O(n log n)과 질의 m번의 O(m log n)을 합쳐 평가합니다. 질의가 많을수록 정렬 선투자가 유리해지는 경우가 많습니다. 면접에서는 “한 번만 찾을 때 vs 여러 번 찾을 때” 트레이드오프를 같이 설명하면 좋습니다.		O(n log n + m log n)	TRUE	O(n + m)	FALSE	O((n+m) log (n+m))	FALSE	O(nm)	FALSE	dsa	complexity		
Q064	정렬된 배열에서 두 합(Two Sum via Two Pointers)		Data Structure & Algorithm - 탐색 알고리즘	42	CHOICE	MEDIUM	정렬된 배열에서 두 수의 합이 target인지 찾는 투 포인터 알고리즘이 올바르게 동작하는 핵심 이유로 가장 적절한 것은?	투 포인터는 양 끝에서 시작해 합을 보며 한쪽 포인터를 움직입니다. 정렬되어 있으면 한 포인터를 움직일 때 합이 단조롭게 변한다는 성질을 이용할 수 있습니다. 합이 너무 크면 큰 값을 줄이기 위해 오른쪽 포인터를 왼쪽으로 이동합니다. 합이 너무 작으면 작은 값을 키우기 위해 왼쪽 포인터를 오른쪽으로 이동합니다. 면접에서는 “정렬이 없으면 이 논리가 깨진다”는 전제 조건을 정확히 짚는지가 중요합니다.		정렬되어 있어 포인터 이동이 합을 단조롭게 변화시킨다	TRUE	배열이 정렬되면 항상 O(1)로 답을 찾는다	FALSE	중복 원소가 없을 때만 가능하다	FALSE	해시 테이블을 쓰는 것과 동일하다	FALSE	dsa	searching		
Q065	비트오닉 배열 탐색(Bitonic Array Search)		Data Structure & Algorithm - 탐색 알고리즘	42	CHOICE	MEDIUM	증가하다가 감소하는 비트오닉(bitonic) 배열에서 특정 값을 빠르게 찾는 대표 전략으로 가장 적절한 것은?	비트오닉 배열은 한 번만 증가에서 감소로 전환됩니다. 먼저 최댓값(피크) 위치를 이진 탐색으로 찾을 수 있습니다. 그 다음 피크 기준 왼쪽(오름차순)과 오른쪽(내림차순)에서 각각 이진 탐색을 수행합니다. 이렇게 하면 전체가 선형이 아니라 로그 수준의 탐색으로 처리됩니다. 면접에서는 “피크 찾기 + 두 번의 이진 탐색” 구조를 떠올릴 수 있는지가 포인트입니다.		피크를 이진 탐색으로 찾고, 양쪽 구간에서 이진 탐색을 한다	TRUE	전체를 한 번 선형 탐색한다	FALSE	먼저 완전 정렬한 뒤 탐색한다	FALSE	해시로 바꾼 뒤 탐색한다	FALSE	dsa	searching		
Q066	파티션 스킴(Hoare vs Lomuto)		Data Structure & Algorithm - 정렬 알고리즘	43	CHOICE	MEDIUM	퀵 정렬에서 Hoare 파티션이 Lomuto 파티션에 비해 자주 언급되는 장점으로 가장 적절한 것은?	퀵 정렬의 성능은 파티션 구현에 크게 좌우될 수 있습니다. Hoare 파티션은 양쪽에서 포인터가 중앙으로 이동하며 교차할 때까지 swap을 수행합니다. 일반적으로 Lomuto에 비해 swap 횟수가 적게 나오는 경우가 많다고 알려져 있습니다. 다만 반환 인덱스 의미와 재귀 구간이 달라 구현 실수가 잦습니다. 면접에서는 “어느 게 더 낫다”보다 “차이와 주의점”을 설명하는지를 봅니다.		평균적으로 swap 횟수가 더 적게 나오는 경우가 많다	TRUE	항상 안정 정렬이 된다	FALSE	추가 메모리가 O(n)으로 줄어든다	FALSE	최악 시간 복잡도가 O(n)으로 바뀐다	FALSE	dsa	sorting		
Q067	퀵 정렬 재귀 깊이(Recursion Depth)		Data Structure & Algorithm - 복잡도 분석	45	CHOICE	MEDIUM	퀵 정렬이 한쪽으로 치우친 분할을 반복할 때 재귀 호출 스택 공간 복잡도로 가장 적절한 것은?	퀵 정렬은 보통 재귀로 구현되어 호출 스택을 사용합니다. 분할이 균형적이면 재귀 깊이가 log n 수준이 되어 스택도 O(log n)으로 설명됩니다. 하지만 최악에는 한쪽 구간이 거의 n-1이 되어 깊이가 n까지 증가할 수 있습니다. 이 경우 스택 공간도 O(n)으로 악화될 수 있습니다. 면접에서는 시간 복잡도뿐 아니라 스택 오버플로 같은 실무 리스크를 함께 언급하면 좋습니다.		O(n)	TRUE	O(1)	FALSE	O(log n)	FALSE	O(n log n)	FALSE	dsa	complexity		
Q068	링크드 리스트 정렬(Linked List Sorting)		Data Structure & Algorithm - 정렬 알고리즘	43	CHOICE	MEDIUM	단일 연결 리스트를 정렬할 때 병합 정렬이 자주 선택되는 이유로 가장 적절한 것은?	연결 리스트는 임의 접근(random access)이 어렵고, 중간 인덱스 접근이 느립니다. 병합 정렬은 분할과 병합이 포인터 재배치로 자연스럽게 구현될 수 있습니다. 배열처럼 추가 버퍼가 꼭 필요하지 않게 만들 수도 있어 공간 측면에서 유리하게 설명되곤 합니다. 또한 안정 정렬 특성을 유지하기 쉽습니다. 면접에서는 “자료구조 특성에 맞는 정렬 선택”을 할 수 있는지를 봅니다.		포인터 병합이 쉬워 임의 접근이 없어도 효율적으로 구현 가능하다	TRUE	비교 연산이 필요 없어서	FALSE	항상 O(n) 시간에 정렬돼서	FALSE	힙을 쓰지 않아도 되어서	FALSE	dsa	sorting		
Q069	K-way 병합(K-way Merge)		Data Structure & Algorithm - 정렬 알고리즘	43	CHOICE	MEDIUM	정렬된 k개의 배열(또는 런)을 하나로 병합할 때 최소 힙을 사용하는 방식의 시간 복잡도로 가장 적절한 것은?	k-way 병합은 외부 정렬이나 로그 병합에서 자주 등장합니다. 각 배열의 현재 원소 중 최솟값을 빠르게 고르기 위해 크기 k의 최소 힙을 유지합니다. 원소를 하나 꺼낼 때마다 힙에서 pop/push가 발생해 O(log k) 비용이 듭니다. 총 원소 수가 N이면 N번 반복하므로 O(N log k)로 정리됩니다. 면접에서는 N과 k를 구분해서 표현하는지, 그리고 왜 log k가 나오는지를 묻기도 합니다.		O(N log k)	TRUE	O(N log N)	FALSE	O(k log N)	FALSE	O(Nk)	FALSE	dsa	sorting		
Q070	범위 내 원소 수(Range Count)		Data Structure & Algorithm - 탐색 알고리즘	42	CHOICE	MEDIUM	정렬된 배열에서 [L, R] 구간에 속하는 원소의 개수를 이진 탐색으로 구하는 방법으로 가장 적절한 것은?	정렬된 배열에서는 구간 경계를 이진 탐색으로 찾을 수 있습니다. L 이상이 처음 나오는 위치는 lower bound(L)로 찾습니다. R보다 큰 값이 처음 나오는 위치는 upper bound(R)로 찾습니다. 두 인덱스의 차이가 [L, R]에 포함된 개수가 됩니다. 면접에서는 upper bound가 “초과” 경계라는 점을 헷갈리지 않는지가 중요합니다.		upper_bound(R) - lower_bound(L)	TRUE	lower_bound(R) - upper_bound(L)	FALSE	upper_bound(L) - lower_bound(R)	FALSE	(upper_bound(R) + lower_bound(L)) / 2	FALSE	dsa	searching		
Q071	정렬 안정성 vs 성능(Stable Requirement Tradeoff)		Data Structure & Algorithm - 정렬 알고리즘	43	CHOICE	MEDIUM	(팀, 입사일)처럼 여러 키가 있는 데이터를 “입사일 정렬 후 팀 정렬”로 만들고 싶을 때 필요한 조건으로 가장 적절한 것은?	다단계 정렬을 순서대로 적용하려면 이전 정렬 결과가 다음 정렬에서 유지되어야 합니다. 즉 두 번째 정렬(팀 기준)이 안정 정렬이어야, 같은 팀끼리 모일 때 입사일 순서가 유지됩니다. 안정성이 없으면 팀이 같은 원소들의 입사일 순서가 섞일 수 있습니다. 실무에서는 UI 테이블 정렬에서 이런 요구가 자주 나옵니다. 면접에서는 “안정 정렬이 필요한 대표 사례”로 자주 출제됩니다.		두 번째 정렬(팀 기준)이 안정 정렬이어야 한다	TRUE	첫 번째 정렬만 안정적이면 충분하다	FALSE	둘 다 불안정 정렬이어도 결과는 항상 같다	FALSE	안정성은 중복이 없을 때만 의미가 있다	FALSE	dsa	sorting		
Q072	힙 정렬의 성질(Heap Sort Properties)		Data Structure & Algorithm - 정렬 알고리즘	43	CHOICE	MEDIUM	힙 정렬에 대한 설명으로 가장 올바른 것은?	힙 정렬은 힙을 이용해 반복적으로 최댓값 또는 최솟값을 꺼내며 정렬합니다. 시간 복잡도는 평균과 최악 모두 O(n log n)으로 비교적 안정적입니다. 일반적으로 추가 배열 없이 제자리 정렬로 구현할 수 있어 추가 공간은 O(1)로 설명됩니다. 다만 안정 정렬은 아니어서 같은 키의 상대 순서가 깨질 수 있습니다. 면접에서는 “시간은 좋지만 안정성은 없음” 같은 트레이드오프를 말할 수 있어야 합니다.		보통 제자리 정렬 가능하지만 안정 정렬은 아니다	TRUE	항상 안정 정렬이다	FALSE	최악 시간 복잡도가 O(n^2)이다	FALSE	추가 공간이 항상 O(n)이다	FALSE	dsa	sorting		
Q073	인덱스 기반 vs 값 기반 이진 탐색		Data Structure & Algorithm - 탐색 알고리즘	42	CHOICE	MEDIUM	다음 중 “값(정답) 공간”에서 이진 탐색을 하는 전형적인 예시에 가장 가까운 것은?	이진 탐색은 꼭 배열 인덱스에서만 쓰이지 않습니다. 어떤 값 x가 가능하면 x보다 큰 값도 가능 같은 단조성이 있으면 값 범위에서도 절반을 버릴 수 있습니다. 예를 들어 최소 용량, 최소 속도, 최소 시간 같은 최적화 문제에서 자주 등장합니다. 이때 핵심은 가능 여부를 판정하는 함수가 단조적이어야 한다는 점입니다. 면접에서는 이 패턴을 파라메트릭 서치로 연결해 설명하는 경우가 많습니다.		일정 처리 시간을 만족하는 최소 처리 속도를 찾는 문제	TRUE	배열에서 특정 값을 찾는 문제	FALSE	문자열에서 패턴을 찾는 문제	FALSE	그래프에서 최단 경로를 찾는 문제	FALSE	dsa	searching		
Q074	중복 원소가 있는 회전 배열		Data Structure & Algorithm - 탐색 알고리즘	42	CHOICE	MEDIUM	중복 원소가 있는 회전된 정렬 배열에서 이진 탐색이 때때로 O(n)까지 악화될 수 있는 이유로 가장 적절한 것은?	회전 배열 탐색은 한쪽 구간이 정렬되어 있음을 이용해 절반을 버립니다. 하지만 중복이 많아 low, mid, high 값이 모두 같아지는 경우가 생깁니다. 이때 어느 쪽이 정렬 구간인지 판단 근거가 약해져 절반을 확실히 버리지 못합니다. 그래서 범위를 1칸씩 줄이는 식의 보수적 처리로 이어질 수 있습니다. 면접에서는 “중복 때문에 분할 근거가 사라져 O(n) 가능”을 정확히 말하는지 봅니다.		정렬 구간 판별이 애매해져 절반을 확실히 버리지 못할 수 있다	TRUE	회전 배열이면 항상 정렬이 깨져서 탐색 불가	FALSE	중복이 있으면 해시로만 탐색 가능	FALSE	중복이 있으면 항상 O(log n)으로 더 빨라진다	FALSE	dsa	searching		
Q075	선택 알고리즘 결과의 성질(Nth Element)		Data Structure & Algorithm - 탐색 알고리즘	42	CHOICE	MEDIUM	quickselect로 k번째 원소를 찾은 뒤 배열이 만족하는 성질로 가장 올바른 것은?	quickselect는 k번째 원소를 찾기 위해 분할을 반복합니다. 성공적으로 종료되면 k번째 위치의 값은 정렬했을 때 그 자리에 올 값입니다. 또한 그 왼쪽에는 그 값 이하의 원소들이, 오른쪽에는 그 값 이상의 원소들이 위치합니다. 하지만 왼쪽과 오른쪽 부분이 각각 정렬되어 있다는 보장은 없습니다. 면접에서는 “정렬된 게 아니라 분할된 것”이라는 차이를 정확히 구분하는지 봅니다.		k번째 원소는 확정되지만 양쪽 구간은 정렬되어 있지 않을 수 있다	TRUE	k번째 원소를 찾으면 전체가 자동으로 정렬된다	FALSE	왼쪽 구간은 항상 오름차순으로 정렬된다	FALSE	오른쪽 구간은 항상 내림차순으로 정렬된다	FALSE	dsa	searching		
Q076	거의 정렬된 데이터와 하이브리드 정렬		Data Structure & Algorithm - 정렬 알고리즘	43	CHOICE	MEDIUM	“대부분 이미 정렬된 데이터”에서 삽입 정렬이 유리해질 수 있는 이유로 가장 적절한 것은?	삽입 정렬은 다음 원소를 정렬된 구간에 끼워 넣는 방식입니다. 데이터가 거의 정렬되어 있으면 각 원소가 이동할 거리가 짧아집니다. 그래서 비교와 이동이 크게 줄어 실제 실행이 빠르게 나올 수 있습니다. 반면 완전 역순이면 이동이 많아져 최악 O(n^2)이 됩니다. 면접에서는 “입력 특성에 따라 체감 성능이 달라지는 이유”를 설명할 수 있으면 좋습니다.		이동 거리와 역전(inversion)이 적으면 삽입 비용이 작아진다	TRUE	삽입 정렬은 항상 O(n log n)이라서	FALSE	삽입 정렬은 비교를 하지 않아서	FALSE	삽입 정렬은 정렬이 필요 없어서	FALSE	dsa	sorting		
Q077	정렬 알고리즘의 비교 횟수		Data Structure & Algorithm - 복잡도 분석	45	CHOICE	MEDIUM	선택 정렬의 비교 횟수에 대한 설명으로 가장 올바른 것은?	선택 정렬은 매 단계에서 남은 구간 전체를 훑어 최솟값을 찾습니다. 첫 단계에서 n-1번, 다음에서 n-2번처럼 비교가 누적됩니다. 이 합은 대략 n(n-1)/2로, Big-O로 O(n^2)입니다. 교환 횟수는 단계마다 최대 1번이라 비교적 적지만, 비교가 많아 느릴 수 있습니다. 면접에서는 “비교는 많고 swap은 적다” 같은 특성을 묻기도 합니다.		비교 횟수는 대략 n(n-1)/2로 O(n^2)이다	TRUE	비교 횟수는 O(n log n)이다	FALSE	비교 횟수는 O(n)이다	FALSE	비교 횟수는 O(log n)이다	FALSE	dsa	complexity		
Q078	정렬된 배열에서 중복 처리		Data Structure & Algorithm - 탐색 알고리즘	42	CHOICE	MEDIUM	정렬된 배열에서 target이 존재할 때, “첫 등장 인덱스”를 찾는 로직이 필요한 대표 이유로 가장 적절한 것은?	단순 이진 탐색은 target을 찾으면 임의의 위치를 반환할 수 있습니다. 하지만 중복이 있을 때는 첫 등장, 마지막 등장, 범위 길이 같은 정보를 요구하는 문제가 많습니다. 예를 들어 개수 세기, 구간 쿼리, 구간 삭제 같은 작업에 첫/끝 경계가 필요합니다. 이때 lower bound가 첫 등장 인덱스를 제공해 핵심 도구가 됩니다. 면접에서는 “왜 임의 인덱스가 아니라 경계가 필요한가”를 실제 요구사항으로 설명하는지 봅니다.		개수 계산이나 구간 처리에 경계 인덱스가 필요하기 때문이다	TRUE	이진 탐색은 중복이 있으면 동작하지 않기 때문이다	FALSE	정렬된 배열에는 중복이 존재할 수 없기 때문이다	FALSE	첫 등장 인덱스는 항상 0이기 때문이다	FALSE	dsa	searching		
Q079	힙을 이용한 실시간 중앙값(Median Maintenance)		Data Structure & Algorithm - 탐색 알고리즘	42	CHOICE	MEDIUM	스트리밍으로 숫자가 들어올 때 매 입력마다 중앙값을 유지하기 위한 대표적인 자료구조 조합으로 가장 적절한 것은?	중앙값을 실시간으로 유지하려면 데이터의 작은 절반과 큰 절반을 나눠 관리하는 것이 핵심입니다. 최대 힙에는 작은 절반을, 최소 힙에는 큰 절반을 넣어 두 힙의 크기를 균형 있게 유지합니다. 그러면 중앙값은 힙의 top에서 바로 얻을 수 있습니다. 각 삽입과 균형 조정은 힙 연산이므로 O(log n) 정도로 처리됩니다. 면접에서는 “두 힙을 왜 쓰는가”를 설명할 수 있으면 좋습니다.		최대 힙과 최소 힙을 함께 사용해 절반씩 관리한다	TRUE	해시 테이블 하나만 사용한다	FALSE	버블 정렬을 매번 수행한다	FALSE	선형 탐색으로 중앙값을 매번 찾는다	FALSE	dsa	searching		
Q080	기수 정렬 비용(Radix Sort Cost)		Data Structure & Algorithm - 복잡도 분석	45	CHOICE	MEDIUM	기수 정렬에서 n개 원소를 d자리(또는 d패스)로 처리하고, 각 패스가 O(n + K)라고 할 때 전체 시간 복잡도로 가장 적절한 것은?	기수 정렬은 여러 번(패스 수 d) 안정 정렬을 반복합니다. 각 패스가 n개를 훑고 보조 구조(K 범위)를 다루면 O(n + K)로 표현됩니다. 이를 d번 반복하므로 전체는 d배가 됩니다. 따라서 Big-O로 O(d(n + K)) 형태로 정리됩니다. 면접에서는 d와 K가 작을 때 비교 기반 정렬보다 유리해질 수 있음을 함께 말하면 좋습니다.		O(d(n + K))	TRUE	O(n log n)	FALSE	O(n^2)	FALSE	O(log n + K)	FALSE	dsa	complexity		
Q081	이진 탐색 불변식(Invariant)		Data Structure & Algorithm - 탐색 알고리즘	42	CHOICE	HARD	정렬된 배열에서 “첫 번째로 조건 P(i)가 참이 되는 인덱스”를 찾는 이진 탐색에서 가장 핵심적인 불변식(invariant) 설명으로 올바른 것은?	경계 탐색(binary search on predicate)은 인덱스에 대해 P(i)가 false에서 true로 단 한 번 바뀌는 단조성이 전제입니다. 이때 탐색 구간 [lo, hi] 안에는 반드시 해가 존재하도록 유지하거나, “해가 존재할 수 있는 후보 구간”을 유지하는 방식이 핵심입니다. 대표적으로 lo는 항상 P(lo)=false를 만족하는 마지막 위치(또는 그 바로 전)로, hi는 항상 P(hi)=true를 만족하는 첫 위치(또는 그 이후)로 유지합니다. 이렇게 하면 중간에서 판정 결과에 따라 절반을 버려도 해를 잃지 않습니다. 면접에서는 이 불변식을 말로 설명하고, 업데이트 규칙과 종료 조건이 왜 맞는지까지 연결할 수 있어야 합니다.		lo는 항상 false 구간, hi는 항상 true 구간의 경계를 보존한다	TRUE	lo와 hi는 항상 같은 값을 유지해야 한다	FALSE	mid는 항상 정답이므로 즉시 반환해야 한다	FALSE	단조성이 없어도 불변식은 자동으로 성립한다	FALSE	dsa	searching		
Q082	Off-by-one 종료 조건		Data Structure & Algorithm - 탐색 알고리즘	42	CHOICE	HARD	lower bound 형태의 이진 탐색에서 무한 루프/오프바이원 오류를 줄이는 종료 조건으로 가장 일반적인 것은?	lower bound는 “가장 왼쪽 해”를 찾기 때문에 mid를 발견해도 바로 종료하지 않는 것이 포인트입니다. 구현 관점에서 가장 흔한 패턴은 구간을 반열린 형태로 두고, while (lo < hi)로 반복하는 것입니다. 그리고 arr[mid] >= target이면 hi=mid, 아니면 lo=mid+1로 갱신합니다. 이 방식은 구간 길이가 확실히 줄어 무한 루프를 피하기 좋습니다. 면접에서는 while(lo<=hi) 패턴에서 경계 업데이트를 잘못해 무한 루프가 나는 경우를 자주 지적합니다.		while (lo < hi) 형태로 반복하며 hi=mid 또는 lo=mid+1로 갱신	TRUE	while(true)로 반복하고 break는 쓰지 않는다	FALSE	lo==hi가 되면 mid를 다시 계산하지 않는다	FALSE	arr[mid]==target이면 무조건 종료한다	FALSE	dsa	searching		
Q083	회전 배열 + 중복 최악		Data Structure & Algorithm - 탐색 알고리즘	42	CHOICE	HARD	중복이 많은 회전 정렬 배열에서 탐색이 O(n)까지 악화될 수 있는 상황을 코드 레벨로 가장 잘 설명한 것은?	회전 배열 탐색은 한쪽이 정렬이라는 단서를 이용해 절반을 버립니다. 하지만 arr[lo]==arr[mid]==arr[hi]처럼 값이 모두 같으면 어느 쪽이 정렬 구간인지 판별이 불가능해집니다. 이때는 hi-- 또는 lo++처럼 구간을 1씩 줄이며 진행하는 보수적 처리를 하게 되고, 최악에는 n번 줄여 O(n)이 됩니다. 면접에서는 “중복 때문에 비교 정보가 사라진다”는 원인을 정확히 말해야 합니다. 또한 실제 구현에서 이런 케이스를 처리하지 않으면 무한 루프에 빠질 수 있습니다.		lo, mid, hi 값이 같아 정렬 구간 판별이 불가능해 1칸씩 줄이게 된다	TRUE	회전되면 이진 탐색은 항상 O(log n)이다	FALSE	중복이 있으면 항상 해시로만 해결된다	FALSE	중복이 있으면 정렬 자체가 불가능하다	FALSE	dsa	searching		
Q084	선택 알고리즘 최악 회피		Data Structure & Algorithm - 탐색 알고리즘	42	CHOICE	HARD	k번째 원소 찾기에서 최악 O(n^2)를 확실히 피하려는 “결정적” 선택 알고리즘의 대표 아이디어로 가장 올바른 것은?	quickselect는 평균 O(n)이지만 최악 O(n^2) 가능성이 있습니다. 최악을 이론적으로 보장하려면 pivot을 “좋은” 값으로 결정적으로 선택해야 합니다. 대표가 median of medians(BFPRT)로, 원소를 5개씩 묶어 각 묶음의 중앙값을 구한 뒤 그 중앙값들의 중앙값을 피벗으로 사용합니다. 이렇게 하면 매 단계에서 일정 비율 이상을 버릴 수 있어 최악에도 선형 시간 O(n)을 보장합니다. 면접에서는 “왜 5개 그룹인가” 같은 디테일이 나오기도 하지만, 핵심은 ‘버릴 수 있는 비율을 하한으로 보장’하는 것입니다.		median of medians로 피벗을 선택해 최악에도 O(n)을 보장한다	TRUE	무작위 피벗을 쓰면 최악이 사라진다	FALSE	정렬 후 k번째를 고르면 항상 O(n)이다	FALSE	힙 정렬로 바꾸면 선택이 O(log n)이다	FALSE	dsa	searching		
Q085	K번째 + 상위 K 정렬		Data Structure & Algorithm - 탐색 알고리즘	42	CHOICE	HARD	quickselect로 k번째 원소를 찾은 후 “상위 k개를 정렬된 상태로” 얻고 싶을 때, 전체 비용을 가장 잘 설명한 것은?	quickselect는 분할만 보장하고 부분 배열이 정렬되어 있지는 않습니다. 따라서 k번째 경계를 찾은 뒤, 필요한 구간(예: 상위 k개 또는 하위 k개)을 별도로 정렬해야 “정렬된 결과”가 됩니다. 평균적으로 quickselect는 O(n)이고, 이후 k개 정렬은 O(k log k)입니다. 그래서 전체는 O(n + k log k)로 설명하는 것이 일반적입니다. 면접에서는 ‘부분 선택’과 ‘부분 정렬’의 비용을 분리해서 말하는지가 중요합니다.		평균 O(n)로 경계를 찾고, k개를 O(k log k)로 정렬한다	TRUE	quickselect만 하면 상위 k개가 자동으로 정렬된다	FALSE	전체 정렬이 반드시 필요해 O(n log n)만 가능하다	FALSE	상위 k개 정렬은 O(log k)로 끝난다	FALSE	dsa	searching		
Q086	비교 정렬 하한 증명 직관		Data Structure & Algorithm - 복잡도 분석	45	CHOICE	HARD	비교 기반 정렬의 하한이 Ω(n log n)임을 결정 트리(decision tree) 관점에서 설명한 것으로 가장 올바른 것은?	비교 기반 정렬은 비교 결과(왼/오)로만 분기하는 결정 트리로 모델링할 수 있습니다. n개의 서로 다른 원소는 n!개의 가능한 순열이 있고, 정렬은 그 중 어떤 순열이 입력인지 구분해야 합니다. 결정 트리의 리프는 최소 n!개여야 하며, 이진 분기 트리의 높이는 최소 log2(n!)입니다. Stirling 근사로 log(n!)는 n log n에 비례하므로, 비교 횟수 하한이 Ω(n log n)으로 이어집니다. 면접에서는 “n!을 구분해야 한다”는 핵심 직관을 잡고 설명하는 것이 중요합니다.		가능한 입력 순열 n!을 구분해야 하므로 트리 높이가 log(n!)로 하한이 생긴다	TRUE	비교 정렬은 무조건 O(n)으로 끝나기 때문에	FALSE	해시 충돌 때문에 n log n이 된다	FALSE	CPU 캐시 때문에 n log n이 된다	FALSE	dsa	complexity		
Q087	외부 정렬 I/O 비용		Data Structure & Algorithm - 정렬 알고리즘	43	CHOICE	HARD	외부 병합 정렬에서 “I/O를 줄이기 위해” k-way 병합을 하는 이유로 가장 적절한 것은?	외부 정렬의 병목은 CPU보다 디스크 I/O인 경우가 많습니다. 2-way 병합을 반복하면 병합 단계(패스) 수가 늘어나 파일을 여러 번 읽고 써야 합니다. k-way 병합은 한 패스에서 더 많은 런(run)을 합쳐 전체 패스 수를 줄일 수 있습니다. 패스 수가 줄면 전체 읽기/쓰기 횟수가 줄어 I/O 비용이 감소합니다. 면접에서는 “CPU 복잡도보다 I/O 패스 수가 핵심”이라는 관점을 말할 수 있으면 좋습니다.		병합 패스 수를 줄여 전체 읽기/쓰기 I/O 횟수를 감소시키기 위해	TRUE	k-way 병합은 CPU 연산을 0으로 만들기 위해	FALSE	k-way 병합은 안정 정렬을 불안정 정렬로 바꾸기 위해	FALSE	k-way 병합은 해시 테이블을 쓰기 위해	FALSE	dsa	sorting		
Q088	병합 정렬 안정성의 조건		Data Structure & Algorithm - 정렬 알고리즘	43	CHOICE	HARD	병합 정렬이 안정 정렬이 되기 위한 병합 단계 조건으로 가장 올바른 것은?	병합 정렬의 안정성은 병합(merge) 단계에서 결정됩니다. 두 부분 배열의 현재 원소가 같을 때, 왼쪽 배열의 원소를 먼저 결과에 넣으면 기존 상대 순서가 유지됩니다. 반대로 같을 때 오른쪽을 먼저 넣으면 같은 키의 순서가 뒤집힐 수 있습니다. 구현에서는 비교 연산을 <=로 두고 왼쪽을 우선 선택하는 방식이 대표적입니다. 면접에서는 안정성이 “알고리즘 이름”이 아니라 “구현 세부”에 달려 있음을 강조하면 좋습니다.		두 값이 같을 때 왼쪽 구간의 원소를 먼저 선택해야 한다	TRUE	두 값이 같을 때 오른쪽을 먼저 선택해야 한다	FALSE	안정성은 비교 연산과 무관하다	FALSE	안정성은 재귀 깊이에 의해 결정된다	FALSE	dsa	sorting		
Q089	힙 기반 Top K의 정확성		Data Structure & Algorithm - 탐색 알고리즘	42	CHOICE	HARD	스트리밍 데이터에서 “상위 K개”를 유지할 때 최소 힙(min-heap) 크기를 K로 유지하는 전략의 핵심 정확성 근거로 가장 올바른 것은?	상위 K개를 유지할 때 최소 힙에 K개를 담고, 새 값이 힙의 최소값보다 크면 교체하는 전략이 흔합니다. 이 전략은 힙 안에는 항상 “현재까지 본 값 중 가장 큰 K개”만 남게 만든다는 불변식을 유지합니다. 최소 힙의 루트는 K개 중 가장 작은 값이므로, 새 값이 그보다 작으면 상위 K 후보가 될 수 없습니다. 반대로 더 크면 기존 최소값을 밀어내고 들어가야 합니다. 면접에서는 이 불변식을 말로 증명할 수 있는지를 봅니다.		힙 루트(현재 K개 중 최소)보다 작으면 상위 K에 들어갈 수 없다는 불변식	TRUE	힙은 자동으로 전체 정렬을 보장하므로	FALSE	해시 테이블이 내부에 있어 상위 K가 보장되므로	FALSE	중복이 없으면 항상 성립하므로	FALSE	dsa	searching		
Q090	2차원 행렬 탐색 증명		Data Structure & Algorithm - 탐색 알고리즘	42	CHOICE	HARD	행/열이 모두 정렬된 행렬에서 오른쪽 위에서 시작해 이동하는 탐색이 O(m+n)임을 가장 잘 설명한 것은?	오른쪽 위에서 시작하면 현재 값이 target보다 크면 왼쪽으로 이동해 현재 열을 버릴 수 있습니다(아래로 갈수록 값이 커지므로). 현재 값이 작으면 아래로 이동해 현재 행을 버릴 수 있습니다(왼쪽으로 갈수록 값이 작으므로). 즉 한 번 이동할 때마다 행 또는 열 하나가 후보에서 제거됩니다. 행을 최대 m번, 열을 최대 n번 제거할 수 있으니 이동 횟수는 최대 m+n입니다. 면접에서는 “한 번 이동할 때마다 하나를 제거”하는 단조 제거 논리를 설명해야 합니다.		한 번 이동할 때마다 행 또는 열 하나를 후보에서 제거하므로 최대 m+n번 이동한다	TRUE	이진 탐색을 2번 해서 항상 log가 된다	FALSE	모든 칸을 방문하므로 mn이다	FALSE	해시로 바꾸면 O(1)이라서	FALSE	dsa	searching		
Q091	파라메트릭 서치의 단조성		Data Structure & Algorithm - 탐색 알고리즘	42	CHOICE	HARD	파라메트릭 서치에서 단조성(monotonicity) 위반이 치명적인 이유로 가장 올바른 것은?	파라메트릭 서치는 값 x에 대해 “가능/불가능” 판정이 단조적으로 변해야 절반을 버릴 수 있습니다. 판정이 true였다가 다시 false로 바뀌는 형태라면, mid 결과만 보고 어느 쪽을 버려야 하는지 근거가 사라집니다. 그 결과 해가 있는 구간을 버리고 오답에 도달할 수 있습니다. 면접에서는 이 단조성 조건을 명확히 정의하고, 위반 예시(지그재그 함수)를 드는 경우도 있습니다.		mid 판정만으로 버릴 구간을 결정할 근거가 사라져 해를 잃을 수 있다	TRUE	단조성이 없으면 이진 탐색이 더 빨라진다	FALSE	단조성이 없으면 항상 O(1)이 된다	FALSE	단조성은 정렬에서만 필요하고 값 탐색에는 필요 없다	FALSE	dsa	searching		
Q092	힙 정렬 불안정성 원인		Data Structure & Algorithm - 정렬 알고리즘	43	CHOICE	HARD	힙 정렬이 일반적으로 안정 정렬이 아닌 이유로 가장 적절한 것은?	안정 정렬은 같은 키의 상대 순서를 보존해야 합니다. 힙 정렬은 루트와 마지막 원소를 swap하고, heapify 과정에서 부모/자식 교환이 발생합니다. 이 과정에서 같은 키를 가진 원소들이 서로의 상대 위치를 쉽게 뒤바꿀 수 있습니다. 추가로 “원래 입력 순서” 정보를 따로 보존하지 않으면 안정성을 강제하기 어렵습니다. 면접에서는 안정성의 정의와, 힙의 swap/heapify가 왜 순서를 깨는지 연결해 설명해야 합니다.		heapify와 swap 과정에서 같은 키 원소의 상대 순서가 쉽게 뒤바뀐다	TRUE	힙 정렬은 비교를 하지 않기 때문에	FALSE	힙 정렬은 항상 추가 공간 O(n)을 쓰기 때문에	FALSE	힙 정렬은 값 범위를 사용하기 때문에	FALSE	dsa	sorting		
Q093	퀵 정렬 안정화 방법		Data Structure & Algorithm - 정렬 알고리즘	43	CHOICE	HARD	퀵 정렬을 “안정 정렬”로 만들기 위한 접근으로 가장 현실적인 것은?	일반 퀵 정렬은 제자리 파티션 과정에서 같은 키의 상대 순서를 깨기 쉽습니다. 안정성을 얻으려면 파티션 시 ‘작은 그룹/같은 그룹/큰 그룹’을 안정적으로 분리해야 하는데, 이는 보통 추가 버퍼가 필요합니다. 즉 제자리 안정 퀵 정렬은 구현 난도가 매우 높고 실무에서는 잘 쓰지 않습니다. 대신 안정 정렬이 필요하면 병합/팀소트 같은 안정 정렬을 선택하는 경우가 많습니다. 면접에서는 “안정성은 공짜가 아니다(추가 메모리/복잡성 증가)”를 말하는 답이 좋습니다.		안정 파티션을 위해 추가 버퍼를 사용해 stable partition을 구현한다	TRUE	피벗을 랜덤으로 고르면 자동으로 안정적이다	FALSE	재귀를 반복하면 안정성이 생긴다	FALSE	swap 횟수를 줄이면 안정성이 보장된다	FALSE	dsa	sorting		
Q094	팀소트 Run 병합 규칙		Data Structure & Algorithm - 정렬 알고리즘	43	CHOICE	HARD	팀소트에서 run(정렬된 구간)을 병합할 때 특정 규칙/휴리스틱을 두는 목적에 가장 가까운 것은?	팀소트는 입력에서 run을 찾아 스택에 쌓고 병합합니다. 병합 순서를 무작정 진행하면 특정 run 크기 조합에서 병합 비용이 비효율적으로 커질 수 있습니다. 그래서 run 크기들 사이의 불균형을 줄이는 규칙을 적용해 전체 병합 비용을 제어합니다. 이는 최악 성능을 억제하고 실제 성능을 안정화하는 데 목적이 있습니다. 면접에서는 “부분 정렬 활용”뿐 아니라 “병합 비용 제어” 관점까지 말하면 깊이가 있습니다.		run 크기 불균형으로 병합 비용이 폭증하는 것을 막기 위해	TRUE	안정성을 없애서 더 빠르게 만들기 위해	FALSE	비교 정렬 하한을 깨기 위해	FALSE	해시 기반 정렬로 바꾸기 위해	FALSE	dsa	sorting		
Q095	카운팅 정렬 메모리 리스크		Data Structure & Algorithm - 정렬 알고리즘	43	CHOICE	HARD	카운팅 정렬이 실무에서 위험해질 수 있는 대표 조건으로 가장 적절한 것은?	카운팅 정렬은 값의 범위 K에 비례하는 빈도 배열이 필요합니다. 데이터 수 n이 크지 않아도, 값 범위가 매우 크면 메모리 사용이 폭발할 수 있습니다. 예를 들어 키가 최대 10^9 범위라면 빈도 배열을 만들 수 없습니다. 따라서 카운팅 정렬은 “n”만 보지 말고 “K”까지 함께 봐야 합니다. 면접에서는 O(n+K)에서 K가 지배적이 될 수 있음을 꼭 짚어야 합니다.		값 범위 K가 너무 커 빈도 배열 메모리가 감당 안 될 때	TRUE	데이터가 이미 정렬되어 있을 때	FALSE	데이터에 음수가 포함될 때	FALSE	데이터에 중복이 없을 때	FALSE	dsa	sorting		
Q096	LSD vs MSD 기수 정렬		Data Structure & Algorithm - 정렬 알고리즘	43	CHOICE	HARD	LSD 기수 정렬과 MSD 기수 정렬의 차이를 가장 올바르게 설명한 것은?	LSD는 낮은 자리부터 정렬해 점진적으로 전체 순서를 맞춥니다. 이 방식은 각 패스가 안정 정렬이어야 이전 자리 정보가 보존됩니다. MSD는 높은 자리부터 분할해 하위 그룹을 재귀적으로 정렬하는 방식으로 볼 수 있습니다. MSD는 구현에 따라 안정성이 달라질 수 있고, 문자열 정렬 같은 곳에서 활용됩니다. 면접에서는 “안정성 요구(LSD)”와 “분할 방식(MSD)”을 구분해 말하는 답이 좋습니다.		LSD는 낮은 자리부터 안정 정렬 반복, MSD는 높은 자리부터 분할 후 하위 그룹 정렬	TRUE	LSD와 MSD는 완전히 동일한 알고리즘이다	FALSE	MSD는 항상 안정 정렬이고 LSD는 항상 불안정이다	FALSE	LSD는 비교 기반 정렬이고 MSD는 비비교 정렬이다	FALSE	dsa	sorting		
Q097	k-way 병합 메모리 버퍼		Data Structure & Algorithm - 정렬 알고리즘	43	CHOICE	HARD	외부 k-way 병합에서 메모리 버퍼(블록)를 충분히 할당하는 것이 중요한 이유로 가장 적절한 것은?	외부 병합 정렬은 디스크 I/O가 병목이 됩니다. 버퍼가 작으면 디스크에서 작은 단위로 자주 읽고 쓰게 되어 I/O 호출 횟수가 늘어납니다. 충분한 버퍼를 주면 더 큰 블록 단위로 순차 I/O를 수행할 수 있어 효율이 좋아집니다. 또한 k개의 입력 런 각각에 대해 읽기 버퍼가 필요하고, 출력 버퍼도 필요합니다. 면접에서는 “CPU 복잡도”보다 “I/O 패턴과 버퍼링”이 핵심이라는 관점을 말하면 높은 평가를 받습니다.		작은 버퍼는 I/O 호출을 늘리므로 큰 블록 순차 I/O를 위해 버퍼가 중요하다	TRUE	버퍼가 크면 비교 연산이 필요 없어지기 때문에	FALSE	버퍼는 안정성에만 영향을 주기 때문에	FALSE	버퍼가 크면 O(1) 시간에 병합이 되기 때문에	FALSE	dsa	sorting		
Q098	정렬 안정성 테스트 케이스		Data Structure & Algorithm - 정렬 알고리즘	43	CHOICE	HARD	정렬의 “안정성”을 테스트하기 위한 입력 구성으로 가장 적절한 것은?	안정성을 테스트하려면 “키는 같지만, 다른 식별자(id)가 다른” 원소들이 필요합니다. 예를 들어 (key=5, id=A), (key=5, id=B)처럼 같은 키의 상대 순서가 유지되는지 확인합니다. 키만 있으면 안정성을 관찰할 수 없습니다. 실무에서는 객체 배열 정렬에서 key와 tie-breaker가 분리되어 있을 때 안정성이 문제로 드러납니다. 면접에서는 테스트 케이스 설계 능력을 보려는 의도로 이런 질문이 나올 수 있습니다.		같은 키를 가진 원소에 서로 다른 id를 붙여 입력 순서를 관찰한다	TRUE	모든 원소의 키를 서로 다르게 만든다	FALSE	이미 정렬된 배열만 넣어본다	FALSE	랜덤 배열만 여러 번 넣어본다	FALSE	dsa	sorting		
Q099	정렬 알고리즘 선택 설계		Data Structure & Algorithm - 정렬 알고리즘	43	CHOICE	HARD	“메모리 제한이 매우 빡빡하고, 최악 시간도 O(n log n)을 보장해야 하며, 안정성은 불필요”할 때 가장 합리적인 선택으로 가까운 것은?	조건을 종합하면 안정성은 필요 없고, 최악 O(n log n) 보장이 필요하며, 추가 메모리 사용을 최소화해야 합니다. 병합 정렬은 최악 보장은 좋지만 추가 메모리 O(n)이 부담이 될 수 있습니다. 퀵 정렬은 평균은 좋지만 최악 O(n^2) 위험이 있습니다. 힙 정렬은 최악 O(n log n) 보장과 O(1) 추가 공간(제자리 구현) 관점에서 조건에 잘 맞습니다. 면접에서는 요구사항을 조건으로 분해해 트레이드오프 기반으로 선택하는지를 평가합니다.		힙 정렬(Heap Sort)	TRUE	병합 정렬(Merge Sort)	FALSE	기본 퀵 정렬(Quick Sort)	FALSE	버블 정렬(Bubble Sort)	FALSE	dsa	sorting		
Q100	경계 탐색의 반환값 설계		Data Structure & Algorithm - 탐색 알고리즘	42	CHOICE	HARD	lower bound가 반환한 인덱스를 사용할 때 안전한 처리로 가장 올바른 것은?	lower bound는 target 이상이 처음 나오는 위치를 반환합니다. 따라서 반환 인덱스가 배열 길이 n과 같을 수도 있는데, 이는 “모든 값이 target보다 작다”는 의미입니다. 또한 반환 위치의 값이 정확히 target인지(존재 여부)는 별도 확인이 필요합니다. 즉 idx<n && arr[idx]==target 같은 검증이 필요합니다. 면접에서는 ‘경계 탐색은 존재/부재를 함께 표현할 수 있다’는 점과 예외 케이스 처리를 묻습니다.		idx가 n일 수 있으니 idx<n을 확인하고 arr[idx]==target 여부를 검사한다	TRUE	idx는 항상 유효 범위이므로 바로 arr[idx]를 읽는다	FALSE	lower bound는 target의 마지막 위치를 준다	FALSE	upper bound와는 항상 같은 값을 반환한다	FALSE	dsa	searching		
Q101	이진 탐색 범위 표현(Half-open Interval)		Data Structure & Algorithm - 탐색 알고리즘	42	CHOICE	HARD	이진 탐색을 [lo, hi) 반열린 구간(half-open interval)으로 구현할 때 가장 큰 장점으로 가장 적절한 것은?	[lo, hi) 형태는 hi가 “포함되지 않는” 경계라서 길이가 hi-lo로 깔끔하게 표현됩니다. 업데이트 규칙도 arr[mid]가 조건을 만족하면 hi=mid, 아니면 lo=mid+1처럼 단순해지고, 종료 조건은 lo==hi로 일관됩니다. 특히 lower/upper bound 구현에서 오프바이원 버그가 줄어드는 편입니다. 면접에서는 이 표현이 왜 경계 처리에 유리한지 설명할 수 있으면 좋습니다. 또한 반환값이 hi==n일 수 있다는 점까지 연결하면 완성도 높습니다.		종료 조건(lo==hi)와 길이(hi-lo)가 일관돼 경계 버그를 줄이기 쉽다	TRUE	mid를 항상 중앙이 아닌 1/3 지점으로 선택할 수 있다	FALSE	정렬이 없어도 이진 탐색이 가능해진다	FALSE	시간 복잡도가 O(1)로 줄어든다	FALSE	dsa	searching		
Q102	이진 탐색 중복 케이스 검증		Data Structure & Algorithm - 탐색 알고리즘	42	CHOICE	HARD	lower bound와 upper bound로 “존재 여부”를 판정할 때 가장 안전한 조건으로 올바른 것은?	lower/upper bound는 존재 여부와 개수를 모두 표현할 수 있지만, 반환 인덱스가 배열 범위를 벗어날 수 있음을 고려해야 합니다. lower bound가 n이면 target 이상이 없다는 뜻이라 존재하지 않습니다. lower bound가 n이 아니더라도 arr[lb]==target인지 확인해야 합니다. upper bound는 “초과” 경계이므로 개수 계산에 쓰이고, 존재 판정 자체는 lb 기반이 더 직관적입니다. 면접에서는 idx 검사 누락으로 인덱스 에러가 나는 실수를 자주 지적합니다.		lb < n 이고 arr[lb] == target 인지 확인한다	TRUE	ub < n 이고 arr[ub] == target 인지 확인한다	FALSE	lb == ub 이면 항상 존재한다	FALSE	lb > ub 이면 항상 존재한다	FALSE	dsa	searching		
Q103	이진 탐색의 단조 조건(Proof Obligation)		Data Structure & Algorithm - 탐색 알고리즘	42	CHOICE	HARD	“조건 함수 P(x)”에 대해 값 공간 이진 탐색을 적용할 때 반드시 필요한 전제 조건으로 가장 올바른 것은?	값 공간 이진 탐색(파라메트릭 서치)은 P(x)가 단조적이어야 절반을 버릴 수 있습니다. 예를 들어 x가 커질수록 가능 여부가 true로 바뀌고 다시 false로 돌아오지 않아야 합니다. 이런 형태가 아니면 mid 판정으로 좌/우 어느 쪽을 버릴지 근거가 사라집니다. 실제 면접에서는 “단조성 증명”이 알고리즘 설계의 핵심으로 평가됩니다. 단조성이 성립하면 답은 경계(첫 true, 마지막 false)로 정리됩니다.		P(x)가 false에서 true로 단 한 번만 변하는 단조성이 있어야 한다	TRUE	P(x)는 반드시 확률적이어야 한다	FALSE	P(x)는 항상 O(1)이어야 한다	FALSE	P(x)는 정렬된 배열에서만 정의된다	FALSE	dsa	searching		
Q104	피벗 선택과 최악 방지(Introspective Limit)		Data Structure & Algorithm - 정렬 알고리즘	43	CHOICE	HARD	introsort에서 “재귀 깊이 제한”을 두는 이유를 가장 정확히 설명한 것은?	introsort는 퀵 정렬의 평균 성능을 활용하되, 최악 O(n^2)을 피하기 위해 안전장치를 둡니다. 분할이 계속 치우치면 재귀 깊이가 비정상적으로 커지며, 이때 최악이 현실화됩니다. 그래서 재귀 깊이가 특정 임계치를 넘으면 힙 정렬 같은 최악 O(n log n) 보장 알고리즘으로 전환합니다. 임계치는 대략 2*floor(log2 n) 같은 형태로 잡는 경우가 많습니다. 면접에서는 “깊이=치우침의 지표”라는 연결을 설명할 수 있어야 합니다.		치우친 분할이 지속되는 신호(깊이 증가)를 감지해 최악 O(n^2)을 차단하기 위해	TRUE	안정 정렬을 만들기 위해	FALSE	비교 연산을 없애기 위해	FALSE	병합 단계의 I/O를 줄이기 위해	FALSE	dsa	sorting		
Q105	선택 정렬 vs 힙 선택(Top K)		Data Structure & Algorithm - 복잡도 분석	45	CHOICE	HARD	길이 n 배열에서 “최댓값 K개”만 필요할 때, 선택 정렬을 K번 수행하는 방식과 “크기 K 최소 힙” 방식의 시간 비교로 가장 적절한 것은?	선택 정렬을 K번 수행(매번 최댓값 찾기)하면 매번 O(n) 스캔이 필요해 O(nK)에 가깝습니다. 반면 크기 K의 최소 힙을 유지하면 각 원소마다 push/pop가 발생해 O(log K)씩 처리되어 전체 O(n log K)로 설명됩니다. K가 작으면 log K가 매우 작아져 큰 차이가 납니다. 면접에서는 “전체 정렬이 아니라 요구사항에 맞는 선택”을 복잡도로 비교하는 답을 기대합니다. 또한 메모리 O(K) 사용을 언급하면 좋습니다.		O(nK) vs O(n log K)로, K가 작을수록 힙 방식이 유리하다	TRUE	둘 다 항상 O(n log n)으로 동일하다	FALSE	선택 정렬 K번은 O(log K)로 줄어든다	FALSE	힙 방식은 항상 O(n^2)로 악화된다	FALSE	dsa	complexity		
Q106	K-way 병합의 힙 크기		Data Structure & Algorithm - 정렬 알고리즘	43	CHOICE	HARD	정렬된 k개의 리스트를 병합할 때 최소 힙을 쓰는 k-way merge에서 힙에 들어가는 원소 수가 보통 k를 넘지 않는 이유로 가장 올바른 것은?	k-way merge는 각 리스트의 “현재 포인터 위치” 원소만 비교하면 충분합니다. 최솟값 후보는 각 리스트의 첫 미소비 원소 중 하나이기 때문입니다. 그래서 힙에는 각 리스트에서 1개씩(총 k개)만 넣어두고, 하나를 꺼내면 그 리스트에서 다음 원소 1개를 넣습니다. 이렇게 하면 힙 크기는 최대 k를 유지합니다. 면접에서는 왜 “k개만 보면 되는지”를 후보 집합 관점에서 설명하는지를 봅니다.		각 리스트의 현재 원소만이 최솟값 후보라 리스트당 1개만 유지하면 된다	TRUE	힙은 자동으로 모든 원소를 다 저장해야 동작한다	FALSE	안정 정렬을 위해 모든 원소를 넣어야 한다	FALSE	메모리가 부족하면 힙이 자동으로 줄어든다	FALSE	dsa	sorting		
Q107	외부 정렬 런(run) 생성		Data Structure & Algorithm - 정렬 알고리즘	43	CHOICE	HARD	외부 병합 정렬에서 “초기 런(run)”을 생성하는 단계 설명으로 가장 올바른 것은?	외부 정렬은 메모리에 올릴 수 있는 크기만큼 데이터를 나눠 처리합니다. 먼저 메모리에 들어갈 만큼 읽어 내부 정렬을 수행한 뒤, 정렬된 덩어리를 디스크에 기록합니다. 이 정렬된 덩어리들이 초기 런(run)입니다. 이후 k-way 병합으로 런들을 단계적으로 합칩니다. 면접에서는 런 생성 단계가 CPU 정렬이지만 전체 병목은 I/O라는 점을 함께 말하면 좋습니다.		메모리에 들어갈 만큼 읽어 내부 정렬 후 디스크에 정렬된 덩어리로 기록한다	TRUE	디스크에서 바로 피벗 분할만 수행한다	FALSE	해시 테이블로 런을 대체한다	FALSE	이진 탐색으로 런을 생성한다	FALSE	dsa	sorting		
Q108	병합 정렬 공간 복잡도 정밀		Data Structure & Algorithm - 복잡도 분석	45	CHOICE	HARD	배열 기반 병합 정렬의 추가 공간 복잡도를 “정밀하게” 설명한 것으로 가장 올바른 것은?	병합 정렬은 병합 단계에서 보조 배열을 쓰는 구현이 일반적입니다. 이 보조 배열은 병합 시점에 n 크기까지 필요할 수 있어 추가 공간이 O(n)입니다. 여기에 재귀 호출 스택이 O(log n) 들어가지만 O(n)에 비해 지배적이지 않습니다. 그래서 흔히 “추가 공간 O(n)”으로 요약합니다. 면접에서는 스택까지 포함하면 O(n + log n)이라고 말할 수 있지만, Big-O 표기에서는 O(n)으로 정리됨을 설명하는 게 포인트입니다.		보조 배열 O(n) + 재귀 스택 O(log n)이라 총 O(n)으로 요약된다	TRUE	추가 공간이 O(1)이다	FALSE	추가 공간이 O(n log n)이다	FALSE	추가 공간이 O(log n)만 든다	FALSE	dsa	complexity		
Q109	퀵 정렬 파티션의 정합성		Data Structure & Algorithm - 정렬 알고리즘	43	CHOICE	HARD	파티션(partition) 함수가 올바르다고 말하려면 반드시 만족해야 하는 조건으로 가장 적절한 것은?	파티션은 피벗을 기준으로 배열을 두 부분으로 나누는 핵심 단계입니다. 올바른 파티션 결과는 피벗 기준 왼쪽은 피벗 이하(또는 미만), 오른쪽은 피벗 이상(또는 초과)이라는 관계를 만족해야 합니다. 또한 파티션이 반환하는 인덱스 의미(피벗 최종 위치인지, 경계 인덱스인지)는 스킴에 따라 다르므로 재귀 구간도 맞춰야 합니다. 면접에서는 “조건을 만족하지만 인덱스 의미를 착각해 재귀가 꼬이는” 오류를 많이 봅니다. 즉 관계 조건 + 반환값 해석이 함께 중요합니다.		피벗 기준으로 왼쪽/오른쪽이 조건을 만족하고, 반환 인덱스 의미에 맞게 재귀 구간을 잡아야 한다	TRUE	swap 횟수가 최소이면 정합성이 보장된다	FALSE	피벗을 중앙으로 두면 자동으로 정합성이 보장된다	FALSE	파티션은 안정 정렬이면 정합성이 보장된다	FALSE	dsa	sorting		
Q110	stable partition의 비용		Data Structure & Algorithm - 정렬 알고리즘	43	CHOICE	HARD	“안정 파티션(stable partition)”을 제자리(in-place)로 구현하기가 어려운 핵심 이유로 가장 적절한 것은?	안정 파티션은 ‘작은 그룹’ 내부와 ‘큰 그룹’ 내부에서 원래 순서를 유지해야 합니다. 제자리로 이를 만족시키려면 원소를 멀리 이동시키는 회전(rotation)이나 블록 이동이 필요해 구현이 복잡해집니다. 단순 swap 기반 파티션은 쉽게 순서를 깨뜨립니다. 그래서 안정 퀵 정렬을 만들려면 보통 추가 버퍼를 쓰거나 복잡한 블록 알고리즘이 필요합니다. 면접에서는 “안정성은 전역적인 순서 제약”이라는 관점으로 설명하면 좋습니다.		순서 보존을 위해 블록 이동/회전이 필요해 swap만으로는 유지하기 어렵다	TRUE	비교 연산이 없어져서	FALSE	힙이 필요해서	FALSE	단조성이 없어서	FALSE	dsa	sorting		
Q111	선형 시간 정렬의 전제		Data Structure & Algorithm - 복잡도 분석	45	CHOICE	HARD	카운팅/기수 정렬 같은 비비교 정렬이 Ω(n log n) 하한을 “피할 수 있는” 이유를 가장 정확히 설명한 것은?	Ω(n log n) 하한은 “비교 기반 모델”에서만 성립합니다. 카운팅/기수 정렬은 비교만으로 판단하지 않고, 키의 자리수/범위 같은 추가 정보를 활용합니다. 즉 모델 자체가 다르기 때문에 비교 정렬 하한이 그대로 적용되지 않습니다. 다만 그 대가로 키 범위(K)나 자리수(d) 같은 다른 파라미터에 비용이 의존합니다. 면접에서는 “하한은 모델에 의존한다”는 점을 정확히 짚는 답이 고득점 포인트입니다.		Ω(n log n)은 비교 모델 하한이라, 키 범위/자리수 정보를 쓰는 비비교 정렬엔 그대로 적용되지 않는다	TRUE	비비교 정렬은 항상 메모리를 안 쓰기 때문에	FALSE	비비교 정렬은 항상 안정 정렬이기 때문에	FALSE	비비교 정렬은 CPU 캐시를 더 잘 쓰기 때문에	FALSE	dsa	complexity		
Q112	이진 탐색과 함수 평가 비용		Data Structure & Algorithm - 복잡도 분석	45	CHOICE	HARD	값 공간 이진 탐색에서 판정 함수 check(x)의 비용이 O(f)라면 전체 시간 복잡도를 가장 잘 표현한 것은?	값 공간 이진 탐색은 탐색 구간 길이가 줄어드는 횟수만큼 판정 함수를 호출합니다. 값 범위가 [L, R]이면 반복 횟수는 대략 log2(R-L+1)번입니다. 각 반복마다 check(x)가 O(f)라면 총 비용은 O(f log (R-L)) 정도로 표현할 수 있습니다. 코딩 테스트에서는 check가 그래프 탐색이나 그리디 검증처럼 비싼 경우가 많아, f가 지배적인 병목이 됩니다. 면접에서는 “이진 탐색 비용 + 검증 비용”을 곱으로 사고하는지를 봅니다.		O(f * log(R-L))	TRUE	O(log n)	FALSE	O(f + R-L)	FALSE	O(f / log(R-L))	FALSE	dsa	complexity		
Q113	이진 탐색 트리와 정렬		Data Structure & Algorithm - 탐색 알고리즘	42	CHOICE	HARD	BST에서 inorder traversal이 정렬된 순서가 되는 조건으로 가장 올바른 것은?	BST의 inorder traversal이 정렬 순서를 주는 것은 BST 불변식이 유지될 때입니다. 즉 왼쪽 서브트리의 모든 키 < 현재 노드 키 < 오른쪽 서브트리의 모든 키가 성립해야 합니다(중복 처리 규칙은 별도로). 트리가 균형인지 여부는 traversal 결과의 정렬성 자체와는 무관하지만, 탐색/삽입/삭제 시간에는 영향을 줍니다. 면접에서는 BST 성질과 균형 트리(AVL, RB-tree)의 차이를 섞어 말하지 않는지가 중요합니다.		BST의 키 순서 불변식이 유지될 때 inorder가 정렬 순서가 된다	TRUE	트리가 완전 이진 트리일 때만 정렬된다	FALSE	트리 높이가 log n일 때만 정렬된다	FALSE	해시 테이블로 구현된 BST일 때만 정렬된다	FALSE	dsa	searching		
Q114	균형 트리 vs 정렬 배열		Data Structure & Algorithm - 탐색 알고리즘	42	CHOICE	HARD	“삽입/삭제가 빈번하고, 조회도 많으며, 항상 정렬된 순회가 필요”한 경우 정렬 배열+이진 탐색보다 균형 BST가 유리해질 수 있는 이유로 가장 적절한 것은?	정렬 배열은 조회는 O(log n)이지만, 삽입/삭제가 발생하면 원소 이동이 필요해 O(n)이 됩니다. 반면 균형 BST는 탐색/삽입/삭제가 평균/최악 O(log n)로 유지되며, inorder로 정렬된 순회도 가능합니다. 즉 동적 업데이트가 많은 워크로드에서 총 비용이 크게 줄어들 수 있습니다. 실무에서는 ordered map/set, 인덱스 구조(B-tree 계열)로 연결됩니다. 면접에서는 “연산 믹스”에 따른 자료구조 선택 이유를 말할 수 있어야 합니다.		정렬 배열은 업데이트가 O(n)이라, 균형 BST의 O(log n) 업데이트가 유리할 수 있다	TRUE	균형 BST는 항상 O(1) 조회가 가능해서	FALSE	정렬 배열은 순회가 불가능해서	FALSE	균형 BST는 추가 메모리가 0이라서	FALSE	dsa	searching		
Q115	이진 탐색의 평균 비교 횟수		Data Structure & Algorithm - 복잡도 분석	45	CHOICE	HARD	길이 n의 정렬 배열에서 이진 탐색의 비교 횟수를 가장 타이트하게(가장 정확한 형태로) 표현한 것으로 가장 적절한 것은?	이진 탐색의 비교 횟수는 항상 정확히 log2(n)인 것은 아닙니다. 일반적으로 최악 비교 횟수는 ⌊log2 n⌋ + 1 형태로 표현됩니다(구현에 따라 ±1 차이는 가능). Big-O로는 O(log n)이지만, 면접에서는 “정확히 몇 번 비교하나”처럼 디테일을 묻는 경우가 있습니다. 특히 n이 2의 거듭제곱이 아닐 때 층 수가 어떻게 되는지 설명할 수 있으면 좋습니다.		최악 비교 횟수는 대략 floor(log2 n) + 1로 표현된다	TRUE	항상 정확히 log2 n번이다	FALSE	항상 n/2번이다	FALSE	항상 1번이다	FALSE	dsa	complexity		
Q116	정렬된 배열에서 중복 제거 비용		Data Structure & Algorithm - 탐색 알고리즘	42	CHOICE	HARD	정렬된 배열에서 “중복 제거 후 압축(compaction)”을 제자리로 수행할 때 시간/공간 복잡도 조합으로 가장 적절한 것은?	정렬되어 있으면 같은 값들이 연속으로 모여 있습니다. 따라서 한 번의 선형 스캔으로 서로 다른 값만 앞쪽에 써서 압축할 수 있습니다. 두 포인터(읽기/쓰기)를 사용해 O(n) 시간에 처리합니다. 추가 공간은 포인터 변수 정도로 O(1)입니다. 면접에서는 “정렬의 이점으로 중복이 연속이다”를 이용해 선형 처리로 떨어뜨리는 사고를 평가합니다.		시간 O(n), 추가 공간 O(1)	TRUE	시간 O(n log n), 추가 공간 O(n)	FALSE	시간 O(log n), 추가 공간 O(1)	FALSE	시간 O(n^2), 추가 공간 O(1)	FALSE	dsa	searching		
Q117	정렬 안정성의 모델링		Data Structure & Algorithm - 정렬 알고리즘	43	CHOICE	HARD	안정 정렬의 정의를 “동치 관계(equivalence class)” 관점에서 가장 정확히 표현한 것은?	안정 정렬은 키가 같은 원소들을 하나의 동치 클래스(같은 키 그룹)로 봤을 때, 그 클래스 내부의 상대 순서가 입력과 동일하게 유지되는 것을 의미합니다. 즉 정렬은 클래스 간 순서를 바꾸되, 클래스 내부 순서는 보존해야 합니다. 이 관점은 다중 키 정렬이나 stable partition을 설명할 때 유용합니다. 면접에서는 안정성 정의를 명확히 말로 풀어낼 수 있는지를 봅니다. 또한 tie-breaker를 추가하면 안정성이 필요 없어질 수 있다는 논의로 이어질 수 있습니다.		같은 키 그룹 내부의 상대 순서가 입력 순서대로 유지되는 성질	TRUE	같은 키 그룹의 순서를 역순으로 만드는 성질	FALSE	중복이 없는 배열에서만 정의되는 성질	FALSE	비교 연산 횟수를 최소화하는 성질	FALSE	dsa	sorting		
Q118	이진 탐색과 정렬 유지 비용		Data Structure & Algorithm - 복잡도 분석	45	CHOICE	HARD	“정렬된 배열을 항상 유지”하면서 삽입이 빈번할 때, 이진 탐색 자체는 빠른데도 전체가 느려지는 이유로 가장 적절한 것은?	정렬 유지 상태에서 새 원소를 넣으려면 삽입 위치는 이진 탐색으로 O(log n)에 찾을 수 있습니다. 하지만 배열은 연속 메모리라 그 위치에 끼워 넣기 위해 뒤 원소들을 한 칸씩 밀어야 합니다. 이 이동 비용이 O(n)입니다. 따라서 “탐색은 로그지만 업데이트는 선형”이라는 트레이드오프가 생깁니다. 면접에서는 이 차이를 간과하고 O(log n)만 말하면 감점이 큽니다.		삽입 위치 이후 원소 이동(shift) 비용이 O(n)이기 때문이다	TRUE	이진 탐색은 사실 O(n)이라서	FALSE	정렬된 배열은 캐시를 못 써서	FALSE	중복이 있으면 삽입이 불가능해서	FALSE	dsa	complexity		
Q119	분포 기반 탐색의 리스크		Data Structure & Algorithm - 탐색 알고리즘	42	CHOICE	HARD	보간 탐색(interpolation search)이 “특정 데이터에서” 급격히 느려질 수 있는 핵심 이유로 가장 적절한 것은?	보간 탐색은 값의 분포가 균등하다는 가정 하에 위치를 추정합니다. 값이 한쪽에 몰리거나, 간격이 매우 불균일하면 추정이 빗나가며 구간을 충분히 줄이지 못할 수 있습니다. 그 결과 이진 탐색처럼 안정적으로 로그를 보장하지 못하고 성능이 크게 흔들릴 수 있습니다. 면접에서는 “평균은 좋을 수 있지만 분포 가정이 깨지면 위험”하다는 트레이드오프를 강조해야 합니다. 또한 값 범위가 큰데 실제 분포가 치우친 로그 데이터 등에서 부적합할 수 있습니다.		값 분포 가정이 깨지면 위치 추정이 빗나가 구간 축소가 비효율적이 된다	TRUE	정렬이 필요 없어서 느려진다	FALSE	해시 충돌이 늘어서 느려진다	FALSE	피벗 선택이 랜덤이라 느려진다	FALSE	dsa	searching		
Q120	검색 공간 축소 증명 스타일		Data Structure & Algorithm - 탐색 알고리즘	42	CHOICE	HARD	“정렬된 배열에서 two pointers로 pair 합 찾기”의 정당성을 증명할 때 가장 핵심적으로 보여야 하는 것은?	투 포인터의 정당성은 “버리는 쪽에 정답이 있을 수 없다”를 보이는 것입니다. 현재 합이 target보다 크면, 오른쪽 포인터를 유지한 채 왼쪽을 늘리는 것은 합을 더 키울 수 있어 도움이 되지 않습니다. 따라서 큰 값을 줄이는 방향(오른쪽 포인터 감소)으로만 가야 합니다. 반대로 합이 작으면 작은 값을 키우는 방향(왼쪽 포인터 증가)으로만 가야 합니다. 이 논리는 정렬로 인해 포인터 이동이 합에 미치는 영향이 단조적이기 때문에 성립합니다. 면접에서는 이 “단조성 기반의 가지치기”를 명확히 말해야 합니다.		합 비교로 한쪽 포인터를 옮길 때, 버린 구간에는 해가 없음을 단조성으로 보인다	TRUE	모든 쌍을 다 검사해도 O(n)임을 보인다	FALSE	해시 테이블을 만들면 증명이 필요 없음을 보인다	FALSE	정렬이 없어도 항상 성립함을 보인다	FALSE	dsa	searching		
Q121	이진 탐색(Binary Search)		Data Structure & Algorithm - 탐색 알고리즘	42	OX	EASY	이진 탐색은 탐색 구간을 매 단계마다 절반으로 줄이는 방식이다.	이진 탐색은 정렬된 데이터에서 가운데(mid)를 기준으로 왼쪽 또는 오른쪽 절반을 버리며 진행합니다. 매 단계마다 후보 구간이 절반 수준으로 줄어들기 때문에 비교 횟수가 빠르게 감소합니다. 이 성질이 O(log n)이라는 시간 복잡도로 이어집니다. 면접에서는 “왜 로그가 나오나”를 구간이 절반으로 줄어든다는 말로 설명할 수 있어야 합니다. 실무에서도 검색, 범위 판정, lower bound 같은 패턴에 폭넓게 쓰입니다.		O	TRUE	X	FALSE					dsa	searching		
Q122	정렬 전제 조건(Sorted Prerequisite)		Data Structure & Algorithm - 탐색 알고리즘	42	OX	EASY	정렬되지 않은 배열에서도 이진 탐색은 항상 올바르게 동작한다.	이진 탐색은 “중간 값을 보고 어느 절반을 버릴지”를 결정하는 알고리즘입니다. 이 판단은 정렬이 되어 있을 때만 논리적으로 성립합니다. 정렬이 없으면 버린 쪽에 정답이 있을 수 있어 오답이 됩니다. 면접에서는 전제 조건을 빼먹지 않는지 매우 자주 확인합니다. 실무에서도 정렬 기준(오름차순/내림차순, 키 선택)이 정확한지 먼저 점검해야 합니다.		O	FALSE	X	TRUE					dsa	searching		
Q123	버블 정렬(Bubble Sort)		Data Structure & Algorithm - 정렬 알고리즘	43	OX	EASY	버블 정렬은 한 번의 패스가 끝나면 최솟값이 항상 맨 앞에 고정된다.	버블 정렬은 인접 원소를 비교해 교환하면서 큰 값을 뒤로 보내는 방식입니다. 그래서 한 번의 패스가 끝나면 가장 큰 값이 맨 뒤에 고정되는 성질이 대표적입니다. 반대로 최솟값이 한 번에 맨 앞으로 고정된다고 보장할 수는 없습니다. 이 특징은 선택 정렬(최솟값을 선택해 앞에 두는 방식)과 헷갈리기 쉬운 포인트입니다. 면접에서는 각 정렬이 “어떤 값이 먼저 제자리로 가는지”를 물어보기도 합니다.		O	FALSE	X	TRUE					dsa	sorting		
Q124	선택 정렬(Selection Sort)		Data Structure & Algorithm - 정렬 알고리즘	43	OX	EASY	선택 정렬은 매 단계에서 최솟값을 골라 현재 위치와 교환한다.	선택 정렬은 남은 구간 전체를 훑어 최솟값의 위치를 찾고, 그 값을 앞쪽 현재 위치로 가져오는 정렬입니다. 이 과정을 반복하며 앞쪽부터 “확정 구간”이 늘어납니다. 비교 횟수는 많이 들지만, swap 횟수는 단계당 최대 1회로 비교적 적을 수 있습니다. 면접에서는 버블/선택/삽입의 차이를 말로 구분할 수 있는지 자주 확인합니다. 실무에서는 대규모 데이터에는 잘 안 쓰지만, 원리 이해용으로 매우 중요합니다.		O	TRUE	X	FALSE					dsa	sorting		
Q125	삽입 정렬(Insertion Sort)		Data Structure & Algorithm - 정렬 알고리즘	43	OX	EASY	삽입 정렬은 이미 정렬된 구간에 새 원소를 “끼워 넣는” 방식이다.	삽입 정렬은 앞쪽을 정렬된 구간으로 유지하면서, 다음 원소를 알맞은 위치에 삽입하는 방식입니다. 카드 정렬처럼 하나씩 끼워 넣는 그림으로 이해하면 쉽습니다. 데이터가 거의 정렬되어 있으면 이동이 적어 실제로 빠르게 동작할 수 있습니다. 다만 역순에 가까우면 이동이 많아져 O(n^2)까지 갈 수 있습니다. 면접에서는 “언제 유리한가”와 “왜 느려질 수 있는가”를 함께 묻곤 합니다.		O	TRUE	X	FALSE					dsa	sorting		
Q126	병합 정렬(Merge Sort)		Data Structure & Algorithm - 정렬 알고리즘	43	OX	EASY	병합 정렬은 분할 정복을 사용하며 시간 복잡도가 보통 O(n log n)이다.	병합 정렬은 배열을 반으로 나누고, 각각을 정렬한 뒤, 두 정렬 결과를 병합하는 분할 정복 방식입니다. 각 레벨에서 전체 원소를 한 번씩 병합하며, 레벨 수가 log n이므로 총 시간이 O(n log n)입니다. 최악에도 성능이 안정적이라는 점이 장점입니다. 대신 배열 기반 구현은 보조 배열로 O(n) 추가 메모리가 필요한 경우가 많습니다. 면접에서는 “시간은 안정적, 공간은 더 든다”는 트레이드오프를 말할 수 있으면 좋습니다.		O	TRUE	X	FALSE					dsa	sorting		
Q127	퀵 정렬(Quick Sort)		Data Structure & Algorithm - 정렬 알고리즘	43	OX	EASY	퀵 정렬은 피벗을 기준으로 분할(partition)하는 과정이 핵심이다.	퀵 정렬은 피벗을 하나 고르고, 피벗보다 작은 값/큰 값을 나누는 파티션이 핵심입니다. 파티션이 끝나면 피벗 주변의 구간을 각각 재귀적으로 정렬합니다. 평균적으로 균형 잡힌 분할이 일어나면 O(n log n)이지만, 치우치면 최악 O(n^2)가 될 수 있습니다. 면접에서는 파티션이 무엇을 보장하는지(양쪽 구간이 피벗 기준으로 나뉜다)를 정확히 설명하라고 자주 나옵니다. 실무에서도 최악 방지를 위해 피벗 선택 전략을 쓰는 경우가 많습니다.		O	TRUE	X	FALSE					dsa	sorting		
Q128	힙 정렬(Heap Sort)		Data Structure & Algorithm - 정렬 알고리즘	43	OX	EASY	힙 정렬은 최악 시간 복잡도가 O(n^2)이다.	힙 정렬은 힙을 구성한 뒤, 루트(최댓값 또는 최솟값)를 꺼내며 정렬합니다. 힙 구성과 각 추출 과정이 로그 비용으로 반복되기 때문에 최악에도 O(n log n)으로 설명됩니다. 그래서 퀵 정렬과 달리 최악이 안정적이라는 점이 장점입니다. 다만 안정 정렬은 아니라서 같은 키의 순서가 뒤바뀔 수 있습니다. 면접에서는 “최악 O(n log n) 보장”을 힙 정렬의 강점으로 자주 언급합니다.		O	FALSE	X	TRUE					dsa	sorting		
Q129	선형 탐색(Linear Search)		Data Structure & Algorithm - 탐색 알고리즘	42	OX	EASY	선형 탐색은 데이터가 정렬되어 있지 않아도 사용할 수 있다.	선형 탐색은 앞에서부터 하나씩 확인하는 방식이라 정렬 여부와 무관하게 적용할 수 있습니다. 정렬이 없어도 정확히 찾을 수 있다는 점이 장점이지만, 최악에는 n개를 모두 확인해야 해서 O(n)입니다. 면접에서는 “정렬이 없으면 선형, 정렬이 있으면 이진” 같은 기본 선택 기준을 자주 묻습니다. 실무에서도 데이터가 작거나 한 번만 검색하는 상황에서는 선형 탐색이 더 단순할 때가 있습니다. 다만 데이터가 커지면 인덱스/정렬/해시 같은 대안을 고려해야 합니다.		O	TRUE	X	FALSE					dsa	searching		
Q130	투 포인터(Two Pointers)		Data Structure & Algorithm - 탐색 알고리즘	42	OX	EASY	투 포인터는 정렬된 배열에서 특정 조건을 만족하는 쌍/구간을 찾을 때 자주 쓰인다.	투 포인터는 두 인덱스를 움직이며 조건을 만족하는 구간이나 쌍을 찾는 테크닉입니다. 정렬된 배열에서는 포인터 이동이 단조성을 가져서, 불필요한 탐색을 줄일 수 있습니다. 대표적으로 two sum, 구간 합, 중복 제거 같은 문제에서 자주 등장합니다. 면접에서는 “왜 정렬에서 특히 유리한가”를 단조성/가지치기 관점으로 설명하면 좋습니다. 실무에서도 O(n^2)을 O(n)으로 줄이는 대표 최적화 패턴으로 쓰입니다.		O	TRUE	X	FALSE					dsa	searching		
Q131	lower bound(Lower Bound)		Data Structure & Algorithm - 탐색 알고리즘	42	OX	EASY	lower bound는 target보다 큰 값이 처음 나오는 위치를 찾는다.	lower bound는 target 이상이 처음 나오는 인덱스를 의미합니다. “target보다 큰 값”이 처음 나오는 것은 upper bound의 정의에 가깝습니다. 두 개념을 혼동하면 개수 계산이나 범위 계산에서 오답이 나기 쉽습니다. 면접에서는 lower/upper를 구분해 정확히 말하라는 질문이 자주 등장합니다. 실무에서도 범위 쿼리와 중복 처리에 자주 쓰이므로 정의를 확실히 잡는 것이 중요합니다.		O	FALSE	X	TRUE					dsa	searching		
Q132	upper bound(Upper Bound)		Data Structure & Algorithm - 탐색 알고리즘	42	OX	EASY	upper bound는 target보다 큰 값이 처음 나오는 위치를 찾는다.	upper bound는 정렬된 배열에서 target을 “초과하는” 값이 처음 등장하는 인덱스를 의미합니다. 그래서 target의 마지막 위치가 아니라 그 다음 경계를 준다는 점이 중요합니다. lower bound와 함께 쓰면 upper - lower로 등장 횟수를 구할 수 있습니다. 면접에서는 “>= vs >” 차이를 정확히 말할 수 있어야 합니다. 실무에서는 [L, R] 범위 개수 계산에도 그대로 응용됩니다.		O	TRUE	X	FALSE					dsa	searching		
Q133	정렬 알고리즘 비교(Comparison Sort)		Data Structure & Algorithm - 복잡도 분석	45	OX	EASY	비교 기반 정렬은 원소 간 비교 연산만으로 정렬 순서를 결정한다.	비교 기반 정렬은 “A가 B보다 작다/크다” 같은 비교 결과를 통해 순서를 결정합니다. 버블, 선택, 삽입, 병합, 퀵, 힙 정렬 등이 대표입니다. 이 모델에서는 Ω(n log n) 하한이 알려져 있어, 더 빠르게 만들기 어렵다는 이론적 배경도 있습니다. 면접에서는 비교 기반과 비비교 기반(카운팅/기수)의 차이를 묻기도 합니다. 실무에서는 키 범위 정보가 없으면 비교 기반 정렬이 기본 선택이 됩니다.		O	TRUE	X	FALSE					dsa	complexity		
Q134	카운팅 정렬(Counting Sort)		Data Structure & Algorithm - 정렬 알고리즘	43	OX	EASY	카운팅 정렬은 값 범위(K)가 작을 때 유리할 수 있다.	카운팅 정렬은 각 값이 몇 번 등장했는지 세는 방식이라 비교가 아니라 빈도 배열을 사용합니다. 그래서 시간/공간이 n뿐 아니라 K에 의존해 O(n + K)로 설명됩니다. K가 작으면 매우 빠를 수 있지만, K가 크면 메모리와 시간이 폭발할 수 있습니다. 면접에서는 “언제 쓰면 좋은가”를 K 관점으로 설명할 수 있어야 합니다. 실무에서는 점수, 등급, 작은 정수 범위 키 정렬에 잘 맞습니다.		O	TRUE	X	FALSE					dsa	sorting		
Q135	기수 정렬(Radix Sort)		Data Structure & Algorithm - 정렬 알고리즘	43	OX	EASY	기수 정렬은 보통 자릿수(d)만큼 여러 번 패스를 수행한다.	기수 정렬은 숫자나 문자열을 자릿수(또는 문자 위치) 기준으로 여러 번 분류해 정렬합니다. LSD 방식은 낮은 자리부터, MSD 방식은 높은 자리부터 처리하는 식으로 변형이 있습니다. 보통 d번 패스를 수행하며, 각 패스는 카운팅 정렬 같은 안정 정렬을 내부적으로 쓰기도 합니다. 면접에서는 “d가 작으면 빠를 수 있다”는 조건을 같이 말하면 좋습니다. 실무에서는 고정 길이 키(예: 짧은 정수, 특정 포맷 코드)에 잘 맞습니다.		O	TRUE	X	FALSE					dsa	sorting		
Q136	이진 탐색의 반환 값		Data Structure & Algorithm - 탐색 알고리즘	42	OX	EASY	lower bound가 배열 길이 n을 반환할 수도 있다.	lower bound는 target 이상이 처음 나오는 위치를 찾습니다. 만약 모든 값이 target보다 작다면 target 이상이 존재하지 않으므로 반환 인덱스가 n이 될 수 있습니다. 이때 arr[n]처럼 접근하면 인덱스 오류가 나므로 idx<n 검사로 방어해야 합니다. 면접에서는 이런 경계 케이스를 잘 처리하는지 자주 확인합니다. 실무에서도 데이터가 비어 있거나 범위를 벗어나는 입력이 들어오는 경우가 있어 안전한 구현이 중요합니다.		O	TRUE	X	FALSE					dsa	searching		
Q137	정렬된 배열 중복 처리		Data Structure & Algorithm - 탐색 알고리즘	42	OX	EASY	정렬된 배열에서 같은 값의 개수는 upper bound - lower bound로 구할 수 있다.	정렬된 배열에서는 같은 값이 연속으로 모이므로 경계 인덱스를 찾으면 개수를 바로 계산할 수 있습니다. lower bound는 첫 등장(>=), upper bound는 초과(>) 경계이므로 두 인덱스 차이가 등장 횟수입니다. 이 방식은 이진 탐색 2번이라 O(log n)으로 처리됩니다. 면접에서는 공식 자체를 외우기보다 왜 성립하는지(연속 구간 길이)를 설명할 수 있으면 좋습니다. 실무에서도 빈도 계산, 범위 집계, 통계 처리에 자주 쓰입니다.		O	TRUE	X	FALSE					dsa	searching		
Q138	퀵 정렬과 스택 깊이		Data Structure & Algorithm - 복잡도 분석	45	OX	EASY	퀵 정렬은 분할이 균형적이면 재귀 깊이가 대략 log n 수준이 된다.	퀵 정렬은 분할 정복이므로 분할이 반반에 가깝게 일어나면 재귀 트리 높이가 log n 수준이 됩니다. 이 경우 호출 스택 공간도 O(log n)으로 설명할 수 있습니다. 하지만 분할이 치우치면 깊이가 n까지 커질 수 있어 최악 스택이 O(n)이 되기도 합니다. 면접에서는 평균과 최악을 구분해서 말하는지, 그리고 스택 오버플로 리스크를 떠올릴 수 있는지 봅니다. 실무에서는 introsort 같은 하이브리드 전략으로 최악을 막기도 합니다.		O	TRUE	X	FALSE					dsa	complexity		
Q139	선택 정렬의 비교 횟수		Data Structure & Algorithm - 복잡도 분석	45	OX	EASY	선택 정렬은 비교 횟수가 대략 n(n-1)/2로 O(n^2)이다.	선택 정렬은 매 단계마다 남은 모든 원소를 훑어 최솟값을 찾습니다. 그래서 비교 횟수가 (n-1)+(n-2)+...+1로 누적됩니다. 이 합이 n(n-1)/2이므로 Big-O로 O(n^2)입니다. swap은 적을 수 있지만 비교 자체가 많아 느린 편입니다. 면접에서는 “swap은 적지만 비교는 많다” 같은 특성을 같이 말할 수 있으면 좋습니다. 실무에서는 데이터가 큰 경우 성능이 좋지 않아 다른 정렬을 선택하는 것이 일반적입니다.		O	TRUE	X	FALSE					dsa	complexity		
Q140	투 포인터 전제		Data Structure & Algorithm - 탐색 알고리즘	42	OX	EASY	두 수의 합을 투 포인터로 찾는 방식은 배열이 정렬되어 있지 않아도 동일하게 적용된다.	투 포인터로 two sum을 푸는 핵심은 정렬로 인해 포인터 이동이 합에 미치는 영향이 단조적이라는 점입니다. 정렬이 없으면 합이 작다고 해서 왼쪽 포인터를 움직이는 판단이 정답을 보장하지 않습니다. 그래서 정렬이 없을 때는 해시를 쓰거나, 먼저 정렬한 뒤 투 포인터를 적용하는 식으로 접근합니다. 면접에서는 “투 포인터는 정렬이 있을 때 논리가 성립한다”를 정확히 말해야 합니다. 실무에서도 전제 조건을 놓치면 간헐적 버그로 이어지기 쉬우니 주의가 필요합니다.		O	FALSE	X	TRUE					dsa	searching		
Q141	정렬(Sorting)		Data Structure & Algorithm - 정렬 알고리즘	43	OX	EASY	정렬은 데이터를 어떤 기준에 따라 순서대로 나열하는 과정이다.	정렬은 값(또는 키)을 기준으로 데이터를 오름차순/내림차순 등 일정 규칙에 맞게 재배치하는 과정입니다. 탐색을 빠르게 하거나, 중복을 쉽게 처리하거나, 결과를 보기 좋게 만드는 등 다양한 목적이 있습니다. 면접에서는 정렬의 필요성과 대표 정렬 알고리즘들의 특성을 연결해 설명하라고 나옵니다. 실무에서도 로그 정렬, 랭킹 계산, 범위 조회 같은 기능에서 기본적으로 사용됩니다. 정렬 기준이 무엇인지 명확히 정의하는 습관이 중요합니다.		O	TRUE	X	FALSE					dsa	sorting		
Q142	이진 탐색(Binary Search)		Data Structure & Algorithm - 탐색 알고리즘	42	OX	EASY	이진 탐색은 항상 원소를 하나씩 순서대로 확인하는 방식이다.	이진 탐색은 정렬된 데이터에서 가운데 값을 확인해 절반을 버리는 방식입니다. 즉 순서대로 하나씩 확인하는 선형 탐색과는 접근 방식이 완전히 다릅니다. 이진 탐색은 구간을 빠르게 줄이기 때문에 O(log n)으로 설명됩니다. 면접에서는 선형 탐색과 이진 탐색을 비교해 언제 어떤 것을 쓰는지 질문이 자주 나옵니다. 실무에서도 데이터가 정렬되어 있고 조회가 많다면 이진 탐색이 기본 선택이 됩니다.		O	FALSE	X	TRUE					dsa	searching		
Q143	버블 정렬(Bubble Sort)		Data Structure & Algorithm - 정렬 알고리즘	43	OX	EASY	버블 정렬은 인접한 두 원소를 비교해 필요하면 교환(swap)한다.	버블 정렬은 인접한 두 값을 비교해서 순서가 틀리면 바꾸는 과정을 반복합니다. 이 과정을 통해 큰 값이 점점 뒤로 “떠오르는(bubble)” 형태가 됩니다. 구현이 단순해 학습용으로 많이 등장하지만, 비교/교환이 많아 O(n^2)로 비효율적입니다. 면접에서는 원리 자체를 설명할 수 있는지, 그리고 왜 느린지를 함께 물을 수 있습니다. 실무에서는 거의 쓰지 않지만 정렬 개념의 출발점으로 중요합니다.		O	TRUE	X	FALSE					dsa	sorting		
Q144	선택 정렬(Selection Sort)		Data Structure & Algorithm - 정렬 알고리즘	43	OX	EASY	선택 정렬은 각 단계에서 최댓값을 찾아 맨 뒤에 두는 방식으로도 구현할 수 있다.	선택 정렬은 남은 구간에서 최솟값을 찾아 앞에 두는 방식이 가장 흔하지만, 반대로 최댓값을 찾아 뒤에 두는 방식으로도 똑같이 구현할 수 있습니다. 핵심은 “남은 구간에서 하나를 선택해 확정 위치로 보낸다”는 점입니다. 비교 횟수는 여전히 누적되어 O(n^2)입니다. 면접에서는 선택 정렬의 다양한 구현 변형을 이해하는지 확인하기도 합니다. 실무에서는 개념 이해에 도움이 되지만 대규모 정렬엔 부적합합니다.		O	TRUE	X	FALSE					dsa	sorting		
Q145	삽입 정렬(Insertion Sort)		Data Structure & Algorithm - 정렬 알고리즘	43	OX	EASY	삽입 정렬은 매 단계마다 “앞쪽 구간이 정렬되어 있다”는 성질을 유지한다.	삽입 정렬은 i번째 원소를 처리할 때, 그 이전 구간(0..i-1)이 이미 정렬되어 있다고 가정하고 그 사이에 끼워 넣습니다. 즉 “앞쪽은 항상 정렬”이라는 불변식을 유지하며 진행됩니다. 이 덕분에 부분적으로 정렬된 입력에서는 이동이 적어 빠를 수 있습니다. 면접에서는 삽입 정렬의 아이디어를 불변식 관점으로 설명할 수 있으면 좋습니다. 실무에서는 작은 구간 정렬(하이브리드 정렬의 내부 단계)로 활용되는 경우도 있습니다.		O	TRUE	X	FALSE					dsa	sorting		
Q146	병합 정렬(Merge Sort)		Data Structure & Algorithm - 정렬 알고리즘	43	OX	EASY	병합 정렬은 일반적으로 안정 정렬(stable sort)로 알려져 있다.	병합 정렬은 두 정렬된 배열을 병합할 때, 같은 값이면 왼쪽 배열 원소를 먼저 선택하도록 구현하면 상대 순서가 유지됩니다. 이 구현이 흔하기 때문에 병합 정렬은 안정 정렬로 분류되는 경우가 많습니다. 다만 안정성은 구현 방식에 달려 있으므로 “왜 안정적인가”를 병합 단계의 선택 규칙으로 설명할 수 있어야 합니다. 면접에서는 안정성 정의와 병합 정렬의 안정성 이유를 함께 묻곤 합니다. 실무에서 다단계 정렬을 할 때 안정 정렬은 특히 유용합니다.		O	TRUE	X	FALSE					dsa	sorting		
Q147	퀵 정렬(Quick Sort)		Data Structure & Algorithm - 정렬 알고리즘	43	OX	EASY	퀵 정렬은 최악의 경우에도 항상 O(n log n)을 보장한다.	퀵 정렬은 평균적으로 빠르지만, 분할이 계속 치우치면 최악 O(n^2)이 될 수 있습니다. 예를 들어 이미 정렬된 배열에서 피벗을 항상 끝값으로 잡으면 한쪽이 거의 비지 않게 분할됩니다. 면접에서는 “평균 O(n log n), 최악 O(n^2)”를 구분해 말하는지 자주 확인합니다. 실무에서는 랜덤 피벗이나 introsort 같은 방식으로 최악을 줄이기도 합니다. 따라서 “항상 보장”이라는 표현은 틀립니다.		O	FALSE	X	TRUE					dsa	sorting		
Q148	힙 정렬(Heap Sort)		Data Structure & Algorithm - 정렬 알고리즘	43	OX	EASY	힙 정렬은 최악 시간 복잡도가 O(n log n)이다.	힙 정렬은 힙을 만든 뒤 루트를 꺼내면서 정렬하는 방식입니다. 힙 구성과 각 추출이 로그 비용으로 누적되어 최악에도 O(n log n)으로 설명됩니다. 평균과 최악이 크게 차이 나지 않아 안정적인 성능이 장점입니다. 다만 일반적으로 안정 정렬은 아니며, 같은 키의 순서가 바뀔 수 있습니다. 면접에서는 “최악 보장”과 “안정성 없음”을 함께 말하면 정확도가 올라갑니다. 실무에서는 메모리 제약이 있고 최악을 피하고 싶을 때 고려할 수 있습니다.		O	TRUE	X	FALSE					dsa	sorting		
Q149	선형 탐색(Linear Search)		Data Structure & Algorithm - 탐색 알고리즘	42	OX	EASY	선형 탐색은 최악의 경우 모든 원소를 확인해야 할 수 있다.	선형 탐색은 앞에서부터 하나씩 값을 확인하는 방식입니다. 찾는 값이 마지막에 있거나 아예 존재하지 않으면 모든 원소를 확인하게 됩니다. 그래서 최악 시간 복잡도는 O(n)입니다. 면접에서는 이 기본 복잡도를 정확히 알고 있는지와, 더 빠른 탐색을 위해 어떤 전처리가 필요한지(정렬, 해시 등)를 묻기도 합니다. 실무에서도 데이터가 작거나 한 번만 검색하면 선형 탐색이 단순해서 선택되기도 합니다. 하지만 데이터가 커지면 인덱싱이나 자료구조 변경을 고려해야 합니다.		O	TRUE	X	FALSE					dsa	searching		
Q150	투 포인터(Two Pointers)		Data Structure & Algorithm - 탐색 알고리즘	42	OX	EASY	투 포인터는 보통 정렬된 배열이나 단조 조건이 있을 때 논리가 단순해진다.	투 포인터는 두 인덱스를 이동시키며 해를 찾는 방식인데, 이동 방향이 “해를 잃지 않는다”는 근거가 필요합니다. 정렬된 배열에서는 값이 단조적으로 변하므로, 합이 크면 큰 값을 줄이고 합이 작으면 작은 값을 늘리는 식의 판단이 성립합니다. 그래서 정렬/단조 조건이 있을 때 투 포인터가 특히 강력합니다. 면접에서는 왜 정렬이 필요한지, 어떤 조건에서 O(n)으로 줄어드는지 설명하라고 나옵니다. 실무에서도 two-sum, 중복 제거, 구간 문제에서 자주 쓰입니다.		O	TRUE	X	FALSE					dsa	searching		
Q151	lower bound(Lower Bound)		Data Structure & Algorithm - 탐색 알고리즘	42	OX	EASY	lower bound는 target 이상이 처음 나타나는 인덱스를 의미한다.	lower bound는 정렬된 배열에서 target 이상(>=)이 처음 나오는 위치를 찾습니다. 중복이 있을 때 첫 등장 위치를 찾거나, 삽입 위치를 결정하는 데 자주 쓰입니다. 이 개념은 이진 탐색 변형으로 O(log n)에 구할 수 있습니다. 면접에서는 lower bound와 upper bound를 정확히 구분하는 문제가 자주 나옵니다. 실무에서는 특정 값 개수 계산, 범위 필터링, 통계 집계 등에도 널리 활용됩니다.		O	TRUE	X	FALSE					dsa	searching		
Q152	upper bound(Upper Bound)		Data Structure & Algorithm - 탐색 알고리즘	42	OX	EASY	upper bound는 target 이상이 처음 나타나는 인덱스를 의미한다.	upper bound는 target을 초과(>)하는 값이 처음 등장하는 인덱스를 의미합니다. “target 이상(>=)”은 lower bound의 정의입니다. 두 개념을 헷갈리면 등장 횟수 계산(upper-lower)에서 오답이 나기 쉽습니다. 면접에서는 >=와 >의 차이를 정확히 말할 수 있는지 확인합니다. 실무에서도 범위 [L, R] 개수를 upper(R) - lower(L)로 계산할 때 정의가 매우 중요합니다.		O	FALSE	X	TRUE					dsa	searching		
Q153	안정 정렬(Stable Sort)		Data Structure & Algorithm - 정렬 알고리즘	43	OX	EASY	안정 정렬은 같은 키를 가진 데이터의 상대적 순서를 보존한다.	안정 정렬은 “동일한 정렬 키를 가진 원소들끼리 입력 순서가 결과에서도 유지”되는 성질입니다. 예를 들어 1차로 부서 정렬 후, 2차로 입사일 정렬 같은 다단계 정렬에서 안정성이 있으면 구현이 쉬워집니다. 면접에서는 안정성 정의를 정확히 말하고, 어떤 정렬이 안정적인지 예시를 들라고 할 수 있습니다. 실무에서도 UI 정렬이나 로그 정렬처럼 “원래 순서”가 의미 있는 데이터에서 중요합니다. 안정성이 필요 없으면 다른 성능/메모리 선택지가 생길 수도 있습니다.		O	TRUE	X	FALSE					dsa	sorting		
Q154	카운팅 정렬(Counting Sort)		Data Structure & Algorithm - 정렬 알고리즘	43	OX	EASY	카운팅 정렬은 값 범위 K에 비례하는 추가 메모리가 필요할 수 있다.	카운팅 정렬은 각 값의 등장 횟수를 저장하는 빈도 배열이 필요합니다. 그래서 값의 범위 K가 크면 빈도 배열 크기도 커져 메모리 부담이 커질 수 있습니다. 시간도 O(n+K)로 K의 영향이 큽니다. 면접에서는 “언제 쓰면 좋은가(작은 K)”와 “언제 위험한가(큰 K)”를 같이 설명하는 답을 기대합니다. 실무에서는 점수, 등급처럼 범위가 작은 정수 키 정렬에서 특히 효율적입니다. 반대로 범위가 큰 ID나 해시값에는 부적합합니다.		O	TRUE	X	FALSE					dsa	sorting		
Q155	이진 탐색 시간 복잡도		Data Structure & Algorithm - 복잡도 분석	45	OX	EASY	이진 탐색의 시간 복잡도는 보통 O(n)으로 설명된다.	이진 탐색은 매 단계마다 탐색 구간을 절반으로 줄입니다. 그래서 비교 횟수는 log2(n)에 비례해 증가하며 Big-O는 O(log n)입니다. O(n)은 선형 탐색에서 나오는 복잡도입니다. 면접에서는 “왜 log인가”를 반으로 줄어드는 과정을 통해 설명할 수 있어야 합니다. 실무에서도 데이터가 크고 정렬이 유지되는 환경에서 이진 탐색은 매우 기본적인 도구입니다. 따라서 O(n)이라고 말하면 개념 혼동으로 평가될 수 있습니다.		O	FALSE	X	TRUE					dsa	complexity		
Q156	정렬 후 탐색(Pre-sort for Queries)		Data Structure & Algorithm - 탐색 알고리즘	42	OX	EASY	탐색 질의가 매우 많다면, 한 번 정렬한 뒤 이진 탐색을 반복하는 전략이 유리할 수 있다.	데이터가 고정되어 있고 검색 요청이 많이 들어오는 상황이라면, 초기 정렬 비용 O(n log n)을 한 번 지불하고 이후 질의를 O(log n)으로 처리하는 것이 전체적으로 이득일 수 있습니다. 특히 질의 수가 커질수록 선형 탐색 O(n) 반복보다 차이가 커집니다. 면접에서는 “정렬은 전처리 비용, 탐색은 반복 비용”이라는 총합 관점으로 설명하라고 나오는 경우가 많습니다. 실무에서도 검색 기능, 랭킹 계산, 통계 집계 등 반복 조회에서 이런 전략을 자주 씁니다. 다만 데이터가 자주 변경되면 정렬 유지 비용이 커질 수 있습니다.		O	TRUE	X	FALSE					dsa	searching		
Q157	힙에서 peek 비용		Data Structure & Algorithm - 탐색 알고리즘	42	OX	EASY	최대 힙에서 최댓값을 “조회만” 하는 연산(peek)은 보통 O(1)이다.	힙은 최댓값(또는 최솟값)이 루트에 오도록 유지되는 구조입니다. 그래서 루트 값을 읽기만 하는 peek 연산은 상수 시간 O(1)로 설명됩니다. 반면 삭제(extract)나 삽입(insert)은 heapify 과정이 필요해 O(log n)입니다. 면접에서는 조회와 삭제의 복잡도를 정확히 구분하는지를 자주 확인합니다. 실무에서도 우선순위 큐를 사용할 때 peek/extract 비용 차이를 이해해야 성능을 예측할 수 있습니다. 특히 Top K 문제에서 이 차이가 중요합니다.		O	TRUE	X	FALSE					dsa	searching		
Q158	퀵 정렬의 평균 성능		Data Structure & Algorithm - 정렬 알고리즘	43	OX	EASY	퀵 정렬은 평균적으로 O(n log n) 성능을 기대할 수 있다.	퀵 정렬은 피벗을 기준으로 분할을 반복해 평균적으로 균형 잡힌 분할이 발생하면 O(n log n)이 됩니다. 실제로 상수 계수가 좋아 실무에서 빠르게 동작하는 경우가 많습니다. 하지만 최악에는 O(n^2)까지 갈 수 있다는 점을 함께 기억해야 합니다. 면접에서는 평균/최악을 모두 말하고, 최악을 줄이는 방법(랜덤 피벗, introsort)을 언급하면 좋습니다. 실무에서도 표준 라이브러리 정렬이 퀵 정렬 단독이 아니라 하이브리드인 이유가 여기에 있습니다.		O	TRUE	X	FALSE					dsa	sorting		
Q159	중복 제거(Compaction)		Data Structure & Algorithm - 탐색 알고리즘	42	OX	EASY	정렬된 배열에서 중복 제거를 투 포인터로 하면 보통 O(n) 시간에 가능하다.	정렬된 배열에서는 같은 값이 연속으로 모여 있어 중복 처리가 쉬워집니다. 읽기 포인터로 전체를 한 번 훑으면서 새로운 값이 나올 때만 쓰기 포인터 위치에 기록하면 됩니다. 이렇게 하면 각 원소를 최대 한 번씩만 처리하므로 O(n)입니다. 면접에서는 정렬이 중복 제거를 “연속 구간 처리”로 바꿔준다는 점을 설명할 수 있어야 합니다. 실무에서도 로그 정리, 데이터 정제, 리스트 압축 같은 작업에서 흔히 쓰입니다. 추가 메모리가 거의 들지 않는다는 점도 장점입니다.		O	TRUE	X	FALSE					dsa	searching		
Q160	투 포인터의 정당성		Data Structure & Algorithm - 탐색 알고리즘	42	OX	EASY	정렬된 배열에서 투 포인터는 합이 크면 큰 쪽 포인터를 왼쪽으로 옮기면 된다는 단조성에 기반한다.	정렬된 배열에서는 오른쪽으로 갈수록 값이 커지므로, 현재 합이 target보다 크면 큰 값을 줄이는 방향으로 움직이는 것이 합을 감소시키는 확실한 방법입니다. 반대로 합이 작으면 작은 값을 키우기 위해 왼쪽 포인터를 오른쪽으로 옮깁니다. 이처럼 포인터 이동이 결과에 단조적으로 영향을 주기 때문에 “버리는 구간에 해가 없다”는 논리가 성립합니다. 면접에서는 이 단조성/가지치기 논리를 말로 설명하라고 자주 나옵니다. 실무에서도 투 포인터는 올바른 전제(정렬/단조)를 만족해야 안전하게 쓸 수 있습니다. 전제를 놓치면 정답을 보장하지 못해 버그가 생길 수 있습니다.		O	TRUE	X	FALSE					dsa	searching		
Q161	파라메트릭 서치(Parametric Search)		Data Structure & Algorithm - 탐색 알고리즘	42	OX	MEDIUM	파라메트릭 서치는 “정답 후보 x”에 대해 판정 함수 P(x)가 단조적일 때 이진 탐색을 적용하는 기법이다.	파라메트릭 서치는 정답이 될 수 있는 값의 범위를 잡고, 그 값이 가능한지 여부를 판단하는 P(x)를 반복 호출하며 경계를 찾는 방식입니다. P(x)가 false에서 true로 한 번만 바뀌는 단조성을 가져야 절반을 버릴 수 있습니다. 면접에서는 “배열이 아니라 값 공간을 탐색한다”는 점을 강조해 설명하면 좋습니다. 또한 전체 복잡도는 log(범위) * 판정 비용으로 계산된다는 것을 함께 말해야 합니다. 실무에서도 성능/용량/시간 같은 최적화 문제에서 자주 등장하는 패턴입니다.		O	TRUE	X	FALSE					dsa	searching		
Q162	단조성(Monotonicity)		Data Structure & Algorithm - 탐색 알고리즘	42	OX	MEDIUM	값 공간 이진 탐색에서 P(x)가 true/false가 여러 번 번갈아도 올바르게 동작할 수 있다.	값 공간 이진 탐색은 mid에서의 판정 결과로 왼쪽/오른쪽 중 한쪽을 완전히 버립니다. 이 버리기가 정당하려면 P(x)가 단조적이어야 합니다. true/false가 여러 번 번갈아 나타나는 함수라면, mid 결과만으로 어느 쪽에 정답이 있는지 보장할 수 없습니다. 면접에서는 이 단조성 조건을 빼먹는 실수가 많아 자주 출제됩니다. 실무에서도 단조성이 성립하지 않으면 다른 탐색(완전 탐색, DP, 휴리스틱 등)을 고려해야 합니다.		O	FALSE	X	TRUE					dsa	searching		
Q163	lower bound 구현 경계		Data Structure & Algorithm - 탐색 알고리즘	42	OX	MEDIUM	lower bound를 [lo, hi) 반열린 구간으로 구현하면 종료 조건을 lo == hi로 두기 쉽다.	[lo, hi) 형태는 hi가 포함되지 않는 경계라서 길이가 hi-lo로 계산됩니다. 반복하면서 lo를 올리거나 hi를 내릴 때도 경계가 꼬일 가능성이 줄어듭니다. 그래서 lower bound, upper bound 구현에서 오프바이원 버그를 줄이는 데 유리합니다. 면접에서는 이 구간 표기가 왜 안정적인지 물어볼 수 있습니다. 실무에서도 라이브러리 lower_bound가 이 아이디어를 기반으로 구성되는 경우가 많습니다.		O	TRUE	X	FALSE					dsa	searching		
Q164	upper bound와 개수 계산		Data Structure & Algorithm - 탐색 알고리즘	42	OX	MEDIUM	정렬 배열에서 값 v의 개수는 lowerBound(v) - upperBound(v)로 계산한다.	정렬 배열에서 v의 구간은 [lowerBound(v), upperBound(v))로 표현됩니다. lowerBound는 v 이상(>=)의 첫 위치, upperBound는 v 초과(>)의 첫 위치이므로 구간 길이가 개수입니다. 따라서 개수는 upperBound(v) - lowerBound(v)입니다. 식의 순서를 바꾸면 음수가 될 수 있어 틀립니다. 면접에서는 이 공식과 정의(>=, >)를 정확히 말하는지 확인합니다. 실무에서도 빈도 계산이나 범위 집계에서 매우 자주 쓰입니다.		O	FALSE	X	TRUE					dsa	searching		
Q165	투 포인터와 정렬		Data Structure & Algorithm - 탐색 알고리즘	42	OX	MEDIUM	정렬된 배열에서 two-sum 투 포인터 알고리즘은 한 번의 루프 동안 각 포인터가 최대 n번만 이동하므로 O(n)이다.	투 포인터는 왼쪽/오른쪽 포인터가 한 방향으로만 이동한다는 점이 핵심입니다. 각 포인터는 되돌아가지 않기 때문에 총 이동 횟수는 최대 n+n 정도로 제한됩니다. 그래서 시간 복잡도는 O(n)으로 설명됩니다. 면접에서는 “왜 n^2이 아니냐”를 이 포인터 이동 제한으로 설명할 수 있어야 합니다. 실무에서도 조건이 맞으면 매우 강력한 최적화 도구입니다.		O	TRUE	X	FALSE					dsa	searching		
Q166	정렬 후 투 포인터의 손실		Data Structure & Algorithm - 복잡도 분석	45	OX	MEDIUM	정렬되지 않은 배열에서 two-sum을 투 포인터로 풀기 위해 먼저 정렬하면, 원래 인덱스 정보를 그대로 유지하기가 어렵다.	투 포인터는 정렬된 상태를 가정하므로, 정렬되지 않은 입력이면 정렬을 먼저 하는 전략이 흔합니다. 하지만 정렬하면 원래의 인덱스가 섞이기 때문에 “원래 위치”를 요구하는 문제에서는 추가 매핑(값,원래 인덱스)을 저장해야 합니다. 면접에서는 문제 요구사항(인덱스 반환 vs 존재 여부)에 따라 접근이 달라진다는 점을 묻기도 합니다. 또한 정렬 비용 O(n log n)이 추가되어, 해시 기반 O(n) 풀이와 비교하는 질문으로도 이어집니다. 실무에서도 데이터 변형(정렬)이 원본 의미를 바꾸는지 항상 고려해야 합니다.		O	TRUE	X	FALSE					dsa	complexity		
Q167	안정 정렬의 활용		Data Structure & Algorithm - 정렬 알고리즘	43	OX	MEDIUM	다단계 정렬에서 “먼저 보조 키로 정렬하고, 다음에 주 키로 안정 정렬”하면 주 키 우선 정렬을 얻을 수 있다.	안정 정렬은 동일한 키 내의 상대 순서를 보존합니다. 그래서 보조 키로 먼저 정렬해 둔 뒤, 주 키로 안정 정렬을 수행하면 주 키가 같은 그룹 내에서는 보조 키 순서가 유지됩니다. 이 방식은 복합 키 정렬을 라이브러리 정렬만으로 구현하는 대표 패턴입니다. 면접에서는 안정 정렬의 실전 활용 사례로 자주 출제됩니다. 실무에서도 UI 테이블 정렬, 리포트 정렬에서 매우 유용합니다.		O	TRUE	X	FALSE					dsa	sorting		
Q168	불안정 정렬의 리스크		Data Structure & Algorithm - 정렬 알고리즘	43	OX	MEDIUM	불안정 정렬을 사용해도 다단계 정렬 결과는 항상 동일하게 유지된다.	불안정 정렬은 같은 키를 가진 원소의 상대 순서가 바뀔 수 있습니다. 그래서 다단계 정렬에서 보조 키 정렬 결과를 유지하려면 안정 정렬이 필요합니다. 불안정 정렬을 쓰면 같은 주 키 그룹 내에서 보조 키 순서가 깨질 수 있어 결과가 기대와 달라집니다. 면접에서는 안정성의 의미를 실제 결과 차이로 설명할 수 있는지 묻곤 합니다. 실무에서도 “사용자가 보던 순서가 갑자기 바뀌는” UI 이슈로 이어질 수 있어 주의해야 합니다.		O	FALSE	X	TRUE					dsa	sorting		
Q169	퀵 정렬 최악 회피		Data Structure & Algorithm - 정렬 알고리즘	43	OX	MEDIUM	퀵 정렬에서 피벗을 무작위로 선택하면 최악 O(n^2) 가능성을 평균적으로 줄이는 데 도움이 된다.	피벗을 고정 규칙(예: 첫 원소)으로 잡으면 특정 입력(이미 정렬 등)에서 계속 치우친 분할이 발생할 수 있습니다. 무작위 피벗은 이런 “나쁜 입력”이 지속적으로 선택될 확률을 낮춰 평균 성능을 안정화합니다. 물론 이론적으로 최악 케이스가 완전히 사라지는 것은 아니지만, 실전에서는 상당히 효과적입니다. 면접에서는 “최악 가능성은 남지만 기대 성능이 좋아진다”는 표현이 정확합니다. 실무에서는 median-of-three, introsort 같은 전략도 함께 사용됩니다.		O	TRUE	X	FALSE					dsa	sorting		
Q170	힙 정렬의 안정성		Data Structure & Algorithm - 정렬 알고리즘	43	OX	MEDIUM	힙 정렬은 같은 키의 상대 순서를 보장하지 않으므로 일반적으로 안정 정렬이 아니다.	힙 정렬은 루트와 마지막 원소를 swap하고 heapify를 수행하는 과정에서 같은 키의 순서가 쉽게 바뀝니다. 따라서 안정성이 요구되는 상황에서는 적합하지 않습니다. 면접에서는 “안정 정렬이 무엇인지”와 “힙 정렬이 왜 안정적이지 않은지”를 같이 물어보기도 합니다. 실무에서는 다단계 정렬이나 UI 정렬에서 안정성이 필요하면 다른 정렬(병합, 팀소트 등)을 선택합니다. 반대로 안정성이 필요 없고 최악 성능 보장이 중요하면 힙 정렬을 고려할 수 있습니다.		O	TRUE	X	FALSE					dsa	sorting		
Q171	병합 정렬 공간		Data Structure & Algorithm - 복잡도 분석	45	OX	MEDIUM	배열 기반 병합 정렬은 보통 보조 배열이 필요해 추가 공간이 O(n)인 구현이 많다.	병합 정렬은 두 정렬된 구간을 합칠 때 임시 버퍼가 있으면 구현이 단순해집니다. 이때 버퍼 크기가 최대로 n까지 필요할 수 있어 추가 공간 O(n)으로 설명되는 경우가 많습니다. 재귀 호출 스택 O(log n)도 있지만 보조 배열 O(n)이 지배적입니다. 면접에서는 “시간은 안정적이지만 공간이 든다”는 트레이드오프를 말할 수 있어야 합니다. 실무에서도 메모리 제약이 강한 환경에서는 이 비용이 중요한 의사결정 요소가 됩니다.		O	TRUE	X	FALSE					dsa	complexity		
Q172	In-place 정렬		Data Structure & Algorithm - 정렬 알고리즘	43	OX	MEDIUM	in-place 정렬은 추가 메모리를 전혀 사용하지 않는다는 뜻이다.	in-place는 “입력 크기에 비례하는 추가 메모리를 크게 쓰지 않는다”는 의미로 이해하는 게 안전합니다. 구현에 따라 상수 크기 변수나 재귀 스택 같은 부수 메모리는 사용할 수 있습니다. 예를 들어 퀵 정렬은 보통 in-place로 분류되지만 재귀 스택 O(log n) 정도는 듭니다. 면접에서는 in-place를 O(1) 보조 공간과 동일시해 과도하게 단정하면 꼬일 수 있습니다. 실무에서도 메모리 모델(스택/힙)을 고려해 설명하는 습관이 좋습니다.		O	FALSE	X	TRUE					dsa	complexity		
Q173	비교 기반 정렬 하한		Data Structure & Algorithm - 복잡도 분석	45	OX	MEDIUM	비교 기반 정렬은 일반적으로 Ω(n log n)보다 더 빠른 최악 시간 복잡도를 만들기 어렵다.	비교 기반 정렬은 비교 결과만으로 순서를 결정하므로 결정 트리 모델에서 하한이 성립합니다. 그래서 최악 시간 복잡도를 Ω(n log n) 아래로 내리기는 어렵다고 알려져 있습니다. 면접에서는 “하한은 모델에 의존한다”는 점까지 말하면 더 좋습니다. 비비교 정렬(카운팅/기수)은 추가 정보(키 범위/자릿수)를 활용해 이 하한과 다른 모델로 동작합니다. 실무에서는 보편적인 정렬 라이브러리들이 n log n 계열인 이유를 이해하는 데 도움이 됩니다.		O	TRUE	X	FALSE					dsa	complexity		
Q174	카운팅 정렬의 전제		Data Structure & Algorithm - 정렬 알고리즘	43	OX	MEDIUM	카운팅 정렬은 키가 정수 범위로 매핑 가능하고 범위 K가 클수록 비용이 커질 수 있다.	카운팅 정렬은 키를 인덱스로 사용해 빈도를 저장합니다. 그래서 키가 정수이거나 정수로 매핑 가능해야 하고, 값 범위 K가 크면 빈도 배열이 커집니다. 그 결과 시간과 공간이 O(n+K)로 증가합니다. 면접에서는 “언제 유리한가(작은 K)”와 “언제 위험한가(큰 K)”를 설명할 수 있어야 합니다. 실무에서는 점수/등급/짧은 코드 같은 작은 범위 키에 특히 적합합니다.		O	TRUE	X	FALSE					dsa	sorting		
Q175	이진 탐색과 정렬 유지 비용		Data Structure & Algorithm - 복잡도 분석	45	OX	MEDIUM	정렬 배열에서 삽입 위치를 이진 탐색으로 찾으면 삽입 전체도 O(log n)이 된다.	삽입 위치는 이진 탐색으로 O(log n)에 찾을 수 있지만, 배열은 연속 구조라 중간에 삽입하려면 뒤 원소들을 한 칸씩 밀어야 합니다. 이 이동 비용이 최악 O(n)입니다. 따라서 전체 삽입 비용은 O(n)으로 보는 게 맞습니다. 면접에서는 “탐색 비용”과 “이동/갱신 비용”을 분리해서 사고하는지 확인합니다. 실무에서도 리스트/벡터/배열의 삽입 비용을 잘못 추정하면 성능 문제가 발생할 수 있습니다.		O	FALSE	X	TRUE					dsa	complexity		
Q176	BST와 이진 탐색		Data Structure & Algorithm - 탐색 알고리즘	42	OX	MEDIUM	균형 BST는 탐색/삽입/삭제를 평균적으로 O(log n) 수준으로 유지할 수 있다.	BST는 왼쪽 < 루트 < 오른쪽의 불변식으로 탐색이 가능합니다. 하지만 한쪽으로 치우치면 높이가 n이 되어 O(n)으로 악화됩니다. 균형 BST(AVL, Red-Black 등)는 회전으로 높이를 제한해 연산을 O(log n)으로 유지합니다. 면접에서는 “BST vs 균형 BST” 차이를 명확히 말할 수 있어야 합니다. 실무에서는 ordered map/set 같은 자료구조가 균형 트리를 쓰는 경우가 많습니다.		O	TRUE	X	FALSE					dsa	searching		
Q177	해시 vs 정렬 탐색		Data Structure & Algorithm - 탐색 알고리즘	42	OX	MEDIUM	해시 기반 탐색은 평균 O(1)이지만, 정렬 기반 이진 탐색은 평균 O(log n)이다.	해시는 키를 해시 함수로 버킷에 매핑해 평균적으로 빠른 조회를 제공합니다. 반면 정렬 배열에서의 이진 탐색은 절반씩 줄여가므로 O(log n)입니다. 면접에서는 평균/최악을 구분해 말하는지 중요합니다. 해시는 충돌이 심하거나 리해시가 발생하면 최악이 악화될 수 있습니다. 실무에서는 “정렬 유지 + 범위 질의”가 필요하면 이진 탐색/트리가 유리하고, “존재 여부” 위주면 해시가 유리한 경우가 많습니다.		O	TRUE	X	FALSE					dsa	searching		
Q178	k-way merge 복잡도		Data Structure & Algorithm - 정렬 알고리즘	43	OX	MEDIUM	k개의 정렬 리스트를 최소 힙으로 병합하면 전체 원소 수가 n일 때 O(n log k)로 설명할 수 있다.	k-way merge는 각 리스트의 현재 원소만 힙에 넣어 최솟값을 반복 추출합니다. 힙 크기는 최대 k이므로 push/pop이 O(log k)입니다. 전체 원소가 n개면 n번 추출/삽입이 일어나 총 O(n log k)로 정리됩니다. 면접에서는 왜 log n이 아니라 log k인지(힙 크기) 설명할 수 있어야 합니다. 실무에서는 외부 정렬, 다중 스트림 병합, 로그 병합 등에 자주 쓰입니다. k가 작을수록 매우 효율적입니다.		O	TRUE	X	FALSE					dsa	sorting		
Q179	팀소트와 run		Data Structure & Algorithm - 정렬 알고리즘	43	OX	MEDIUM	팀소트는 입력에서 부분 정렬된 run을 찾아 병합하는 전략을 사용한다.	팀소트는 현실 데이터에 부분 정렬된 구간이 자주 존재한다는 점을 활용합니다. 입력을 스캔하며 run을 만들고, 그 run들을 병합 정렬처럼 합칩니다. 덕분에 거의 정렬된 데이터에서 매우 빠르게 동작할 수 있습니다. 면접에서는 “왜 실전에서 강한가”를 run 관점으로 설명하라고 할 수 있습니다. 실무에서 표준 라이브러리 정렬이 하이브리드인 이유를 이해하는 데 도움이 됩니다.		O	TRUE	X	FALSE					dsa	sorting		
Q180	정렬 기준(Comparator)		Data Structure & Algorithm - 정렬 알고리즘	43	OX	MEDIUM	비교 함수(Comparator)가 비일관적이면 정렬 결과가 예측 불가능해질 수 있다.	정렬 알고리즘은 비교 함수가 반사성/추이성/일관성 같은 성질을 만족한다고 가정하는 경우가 많습니다. comparator가 상황에 따라 결과가 바뀌거나(비결정적), 추이성이 깨지면 정렬 과정에서 무한 루프나 이상한 결과가 나올 수 있습니다. 면접에서는 “정렬의 전제는 comparator의 올바름”이라는 점을 자주 지적합니다. 실무에서도 null 처리, 부동소수 비교, locale 문자열 비교 등에서 comparator 버그가 빈번합니다. 그래서 comparator는 테스트와 함께 신중히 작성해야 합니다.		O	TRUE	X	FALSE					dsa	sorting		
Q181	이진 탐색 불변식(Invariant)		Data Structure & Algorithm - 탐색 알고리즘	42	OX	MEDIUM	lower bound 구현에서 “정답은 항상 [lo, hi) 안에 있다”는 불변식을 유지하면 경계 버그를 줄일 수 있다.	lower bound는 target 이상이 처음 등장하는 위치를 찾는 문제라서 경계 처리가 핵심입니다. [lo, hi) 구간 불변식을 유지하면, 매 단계에서 mid를 평가한 뒤 lo 또는 hi만 갱신해도 정답이 구간 안에 남습니다. 종료 조건 lo==hi가 자연스럽고, 결과 인덱스를 그대로 반환할 수 있어 오프바이원 실수를 줄입니다. 면접에서는 단순 암기가 아니라 “불변식으로 증명하는 방식”을 이해하는지 봅니다. 실무에서도 이 패턴은 upper bound, first true 같은 문제에 그대로 재사용됩니다.		O	TRUE	X	FALSE					dsa	searching		
Q182	upper bound 정의(Strict Greater)		Data Structure & Algorithm - 탐색 알고리즘	42	OX	MEDIUM	upper bound는 “target 이상(>=)”이 처음 나오는 위치를 찾는 개념이다.	upper bound는 target을 초과(>)하는 값이 처음 등장하는 위치입니다. “target 이상(>=)”은 lower bound 정의입니다. 이 둘을 섞으면 개수 계산과 범위 계산이 전부 꼬입니다. 면접에서는 >=와 >를 정확히 구분하는지를 자주 확인합니다. 실무에서도 라이브러리 API를 사용할 때 lower/upper가 어떻게 정의되는지 문서 기준으로 확인하는 습관이 중요합니다.		O	FALSE	X	TRUE					dsa	searching		
Q183	파라메트릭 서치 반복 횟수		Data Structure & Algorithm - 복잡도 분석	45	OX	MEDIUM	값 공간 이진 탐색은 “탐색 범위 크기”에 대해 대략 log(범위)만큼 판정 함수를 호출한다.	값 공간 이진 탐색은 배열 길이가 아니라 값의 범위를 절반씩 줄입니다. 그래서 호출 횟수는 대략 log2(R-L+1) 정도로 생각할 수 있습니다. 판정 함수 check(x)의 비용이 크면 전체가 check 비용에 의해 지배됩니다. 면접에서는 log(범위)*check 비용 형태로 복잡도를 표현할 수 있어야 합니다. 실무에서도 용량, 속도, 최소/최대 가능 값 찾기 문제에서 이 패턴이 자주 나옵니다.		O	TRUE	X	FALSE					dsa	complexity		
Q184	투 포인터 적용 조건		Data Structure & Algorithm - 탐색 알고리즘	42	OX	MEDIUM	정렬된 배열에서 투 포인터는 포인터가 단조롭게 이동하므로 이미 확인한 구간을 다시 볼 필요가 없다.	정렬된 상태에서는 포인터 이동 방향이 결과에 단조적으로 영향을 줍니다. 그래서 합이 크면 큰 값을 줄이는 방향, 합이 작으면 작은 값을 늘리는 방향으로만 진행하면 됩니다. 이때 포인터는 되돌아가지 않아 이미 지나간 구간을 다시 볼 필요가 없습니다. 면접에서는 “왜 O(n)인가”를 이 단조 이동과 재방문 없음으로 설명하라고 자주 묻습니다. 실무에서도 대규모 데이터에서 완전 탐색을 줄이는 핵심 테크닉입니다.		O	TRUE	X	FALSE					dsa	searching		
Q185	정렬 + 투 포인터 vs 해시		Data Structure & Algorithm - 복잡도 분석	45	OX	MEDIUM	two-sum에서 “정렬 후 투 포인터”는 보통 O(n log n), “해시”는 평균 O(n)으로 비교된다.	정렬 후 투 포인터는 정렬 비용이 O(n log n)이고, 투 포인터 탐색은 O(n)이라 합쳐 O(n log n)로 정리됩니다. 해시는 평균적으로 삽입/조회가 O(1)이라 전체 O(n)으로 볼 수 있지만, 충돌/리해시 등 최악을 언급할 수 있습니다. 면접에서는 단순 시간만이 아니라 메모리, 원본 인덱스 요구사항, 정렬된 결과 필요 여부까지 함께 비교하는 답이 좋습니다. 실무에서도 데이터 크기와 요구사항에 따라 선택이 달라집니다.		O	TRUE	X	FALSE					dsa	complexity		
Q186	안정 정렬과 다단계 정렬		Data Structure & Algorithm - 정렬 알고리즘	43	OX	MEDIUM	보조 키로 정렬 후, 주 키로 안정 정렬을 수행하면 주 키가 같은 그룹 내에서 보조 키 순서가 유지된다.	안정 정렬은 동일 키의 상대 순서를 보존합니다. 따라서 보조 키로 먼저 정렬한 뒤, 주 키로 안정 정렬하면 주 키가 같은 원소들끼리 보조 키 순서가 유지됩니다. 이 패턴은 다단계 정렬을 구현할 때 매우 자주 쓰입니다. 면접에서는 안정성의 실전 활용 예로 단골입니다. 실무에서도 테이블 정렬, 리포트 정렬에서 요구사항을 깔끔하게 만족시키는 방법입니다.		O	TRUE	X	FALSE					dsa	sorting		
Q187	불안정 정렬의 영향		Data Structure & Algorithm - 정렬 알고리즘	43	OX	MEDIUM	불안정 정렬을 주 키로 사용해도, 보조 키 정렬 결과는 항상 보존된다.	불안정 정렬은 같은 키의 상대 순서가 바뀔 수 있습니다. 그래서 보조 키 정렬 결과를 “항상” 보존한다고 보장할 수 없습니다. 주 키가 같은 데이터가 많을수록 보조 키 순서가 깨질 가능성이 커집니다. 면접에서는 안정성을 왜 요구하는지 실제 결과 차이로 설명하는지를 봅니다. 실무에서도 사용자가 보던 리스트 순서가 갑자기 흔들리는 UI 문제로 이어질 수 있어 주의가 필요합니다.		O	FALSE	X	TRUE					dsa	sorting		
Q188	퀵 정렬 재귀 스택		Data Structure & Algorithm - 복잡도 분석	45	OX	MEDIUM	퀵 정렬에서 분할이 균형적이면 호출 스택 깊이는 대략 O(log n) 수준이다.	퀵 정렬은 분할 정복 구조라 균형 분할이면 재귀 트리 높이가 log n입니다. 이 경우 스택 공간도 O(log n)으로 설명할 수 있습니다. 하지만 분할이 계속 치우치면 깊이가 n까지 늘어 O(n) 스택을 유발할 수 있습니다. 면접에서는 평균/최악 스택 공간을 구분할 수 있는지 자주 물어봅니다. 실무에서는 tail recursion 제거, 작은 쪽 먼저 재귀, introsort 등으로 스택 리스크를 낮추기도 합니다.		O	TRUE	X	FALSE					dsa	complexity		
Q189	Introsort 전환 이유		Data Structure & Algorithm - 정렬 알고리즘	43	OX	MEDIUM	Introsort는 퀵 정렬의 최악 O(n^2) 리스크를 줄이기 위해 특정 조건에서 힙 정렬 등으로 전환한다.	Introsort는 평균적으로 빠른 퀵 정렬을 기본으로 사용합니다. 하지만 분할이 계속 나쁘면 최악 O(n^2) 위험이 커지므로, 재귀 깊이 제한 같은 신호를 감지해 힙 정렬(최악 O(n log n) 보장)로 전환합니다. 면접에서는 “평균 성능 + 최악 보장”을 결합한 하이브리드라는 점이 핵심입니다. 실무에서도 표준 라이브러리 정렬이 단일 알고리즘이 아니라 하이브리드인 이유를 설명할 때 자주 등장합니다.		O	TRUE	X	FALSE					dsa	sorting		
Q190	병합 정렬의 추가 공간		Data Structure & Algorithm - 복잡도 분석	45	OX	MEDIUM	배열 기반 병합 정렬은 보조 버퍼를 사용해 추가 공간이 O(n)인 구현이 일반적이다.	병합 정렬은 병합 단계에서 임시 공간이 있으면 구현이 단순합니다. 이때 보조 버퍼 크기는 최악에 n까지 필요할 수 있어 O(n)으로 설명됩니다. 재귀 스택 O(log n)도 있지만 보조 버퍼가 지배적입니다. 면접에서는 시간 O(n log n)은 안정적이지만 공간이 더 든다는 트레이드오프를 말할 수 있어야 합니다. 실무에서도 메모리 제한이 빡빡하면 병합 정렬 사용 여부를 신중히 결정합니다.		O	TRUE	X	FALSE					dsa	complexity		
Q191	힙 정렬의 안정성		Data Structure & Algorithm - 정렬 알고리즘	43	OX	MEDIUM	힙 정렬은 같은 키를 가진 원소들의 상대 순서를 보장하지 않는다.	힙 정렬은 힙 구성과 추출 과정에서 swap과 heapify가 반복됩니다. 이 과정에서 같은 키의 원소 순서가 쉽게 바뀌어 안정성이 보장되지 않습니다. 면접에서는 안정 정렬의 정의를 먼저 말하고, 힙 정렬이 왜 안정적이지 않은지 연결해 설명하면 좋습니다. 실무에서 다단계 정렬이나 UI 정렬처럼 안정성이 필요하면 다른 정렬을 선택하는 게 일반적입니다. 반대로 안정성이 필요 없고 최악 보장이 중요하면 힙 정렬을 고려할 수 있습니다.		O	TRUE	X	FALSE					dsa	sorting		
Q192	비교 함수 추이성(Transitivity)		Data Structure & Algorithm - 정렬 알고리즘	43	OX	MEDIUM	comparator가 추이성을 깨면 정렬 결과가 이상해지거나 구현에 따라 무한 루프/예외가 날 수 있다.	정렬 알고리즘은 보통 comparator가 일관된 순서를 제공한다고 가정합니다. 예를 들어 A<B, B<C이면 A<C가 되어야 하는데, 이 추이성이 깨지면 알고리즘이 정상적으로 수렴하지 못할 수 있습니다. 일부 구현에서는 결과가 예측 불가능해지거나, 내부 검증에서 예외가 발생하기도 합니다. 면접에서는 “정렬의 전제는 비교 함수의 올바름”을 강조하는 답이 좋습니다. 실무에서도 null 처리, 부동소수 비교, locale 문자열 비교에서 comparator 버그가 흔합니다.		O	TRUE	X	FALSE					dsa	sorting		
Q193	카운팅 정렬 안정성		Data Structure & Algorithm - 정렬 알고리즘	43	OX	MEDIUM	카운팅 정렬은 누적합(prefix sum) 기반으로 구현하면 안정 정렬로 만들 수 있다.	카운팅 정렬은 단순히 빈도만 세면 “정렬된 값 출력”은 가능하지만, 안정성을 보장하려면 배치 규칙이 필요합니다. 누적합으로 각 값의 마지막 위치를 계산하고, 입력을 뒤에서부터 순회하며 배치하면 같은 키의 상대 순서를 보존할 수 있습니다. 면접에서는 카운팅 정렬이 기수 정렬의 내부 단계로 쓰일 때 안정성이 중요하다는 점까지 연결하면 좋습니다. 실무에서도 안정 카운팅은 다단계 정렬의 기반이 됩니다.		O	TRUE	X	FALSE					dsa	sorting		
Q194	k-way merge 힙 크기		Data Structure & Algorithm - 정렬 알고리즘	43	OX	MEDIUM	k개의 정렬 리스트를 힙으로 병합할 때 힙 크기는 보통 k를 넘지 않게 유지할 수 있다.	k-way merge에서는 각 리스트의 “현재 포인터 원소”만이 최솟값 후보입니다. 그래서 리스트당 1개씩만 힙에 유지하면 되고, 하나를 꺼내면 그 리스트에서 다음 원소 1개를 넣습니다. 이렇게 하면 힙 크기는 최대 k로 제한됩니다. 면접에서는 왜 모든 원소를 힙에 넣을 필요가 없는지(후보 집합 관점) 설명할 수 있어야 합니다. 실무에서는 외부 정렬, 다중 스트림 병합에서 핵심 패턴입니다.		O	TRUE	X	FALSE					dsa	sorting		
Q195	k-way merge 복잡도		Data Structure & Algorithm - 복잡도 분석	45	OX	MEDIUM	k-way merge에서 전체 원소 수가 n이면 시간 복잡도는 보통 O(n log k)로 설명한다.	힙의 크기가 최대 k이므로 push/pop 비용은 O(log k)입니다. 전체 원소가 n개면 n번 꺼내고, 각 꺼냄마다 한 번 넣는 형태가 반복되어 총 O(n log k)입니다. 면접에서는 log n이 아닌 log k인 이유를 힙 크기 관점으로 설명해야 합니다. 실무에서도 k가 작을수록 성능이 좋아 대규모 병합에 유리합니다.		O	TRUE	X	FALSE					dsa	complexity		
Q196	외부 정렬(External Sort)		Data Structure & Algorithm - 정렬 알고리즘	43	OX	MEDIUM	외부 정렬은 메모리에 다 못 올리는 데이터를 “런(run) 생성 후 병합”하는 방식으로 처리한다.	외부 정렬은 대용량 데이터를 메모리 크기 단위로 쪼개 내부 정렬한 뒤, 정렬된 덩어리(run)를 디스크에 기록합니다. 이후 여러 run을 k-way merge로 병합해 전체 정렬을 완성합니다. 면접에서는 CPU 정렬보다 I/O 비용이 전체 성능을 좌우한다는 점을 함께 말하면 좋습니다. 실무에서는 로그 파일 정렬, 대용량 배치 처리에서 자주 등장합니다.		O	TRUE	X	FALSE					dsa	sorting		
Q197	분포 기반 탐색		Data Structure & Algorithm - 탐색 알고리즘	42	OX	MEDIUM	보간 탐색은 값 분포가 균등할수록 평균 성능이 좋아질 수 있지만, 분포가 치우치면 성능이 악화될 수 있다.	보간 탐색은 mid를 단순 중앙이 아니라 “값 비율”로 추정합니다. 값 분포가 균등하면 추정이 잘 맞아 빠를 수 있지만, 치우치면 구간을 충분히 줄이지 못해 성능이 나빠질 수 있습니다. 면접에서는 “가정(분포)이 깨지면 위험”이라는 트레이드오프를 강조해야 합니다. 실무에서는 분포가 안정적이지 않은 데이터에 적용하면 예측 불가능한 성능이 될 수 있어 주의합니다.		O	TRUE	X	FALSE					dsa	searching		
Q198	중복과 이진 탐색		Data Structure & Algorithm - 탐색 알고리즘	42	OX	MEDIUM	중복이 있는 정렬 배열에서 일반 이진 탐색은 “임의의” target 위치를 반환할 수 있어, 첫/마지막 위치가 필요하면 bound 탐색이 필요하다.	기본 이진 탐색은 target을 찾으면 종료하는 구현이 많아, 중복이 있을 때 어느 인덱스를 반환할지 보장하지 않습니다. 첫 등장/마지막 등장, 개수 계산이 필요하면 lower/upper bound를 사용해야 합니다. 면접에서는 “찾기”와 “경계 찾기” 문제를 구분하는지 자주 봅니다. 실무에서도 범위 계산이나 빈도 집계에서 bound가 필수입니다.		O	TRUE	X	FALSE					dsa	searching		
Q199	정렬 유지 자료구조 선택		Data Structure & Algorithm - 탐색 알고리즘	42	OX	MEDIUM	삽입/삭제가 빈번하고 정렬 순회가 필요하면, 정렬 배열보다 균형 BST가 유리할 수 있다.	정렬 배열은 조회는 빠르지만 삽입/삭제 시 이동 비용이 O(n)으로 큽니다. 균형 BST는 탐색/삽입/삭제가 O(log n)로 유지되며, inorder 순회로 정렬된 결과를 얻을 수 있습니다. 면접에서는 요구 연산 믹스에 따른 자료구조 선택 논리를 자주 묻습니다. 실무에서도 ordered set/map 같은 구조가 이런 요구를 만족시키기 위해 쓰입니다.		O	TRUE	X	FALSE					dsa	searching		
Q200	하이브리드 정렬		Data Structure & Algorithm - 정렬 알고리즘	43	OX	MEDIUM	실제 라이브러리 정렬은 종종 여러 정렬 알고리즘을 섞어 평균 성능과 최악 성능을 동시에 챙긴다.	실제 표준 라이브러리는 단일 정렬만 고집하기보다 하이브리드를 자주 사용합니다. 평균적으로 빠른 알고리즘을 기본으로 쓰되, 최악을 막기 위해 다른 알고리즘으로 전환하거나 작은 구간에 삽입 정렬을 쓰는 식입니다. 면접에서는 “왜 하이브리드가 실전에서 유리한가”를 캐시, 분기 예측, 최악 케이스 방지 관점으로 풀어낼 수 있으면 좋습니다. 실무에서도 성능과 안전성 요구를 동시에 만족시키는 대표 설계입니다.		O	TRUE	X	FALSE					dsa	sorting		
Q201	Introsort 깊이 제한(Depth Limit)		Data Structure & Algorithm - 정렬 알고리즘	43	OX	HARD	Introsort는 재귀 깊이가 임계치를 넘는 징후가 보이면 퀵 정렬에서 힙 정렬로 전환해 최악 O(n^2) 위험을 낮춘다.	Introsort는 평균적으로 빠른 퀵 정렬을 기본으로 사용하지만, 분할이 계속 나쁘면 재귀 깊이가 비정상적으로 커집니다. 이 “깊이 증가”는 최악 케이스(O(n^2))로 가는 신호로 해석할 수 있습니다. 그래서 일정 깊이를 넘으면 힙 정렬로 전환해 최악을 O(n log n)으로 제한합니다. 면접에서는 단순히 이름을 아는지보다 “왜 전환하는가”와 “무엇을 감지하는가”를 설명할 수 있어야 합니다. 실무에서도 표준 정렬이 하이브리드인 이유를 논리적으로 설명하는 데 도움이 됩니다.		O	TRUE	X	FALSE					dsa	sorting		
Q202	퀵 정렬 파티션 불변식		Data Structure & Algorithm - 정렬 알고리즘	43	OX	HARD	파티션(partition)이 끝나면 피벗 기준으로 왼쪽은 모두 pivot 이하, 오른쪽은 모두 pivot 이상이라는 조건이 성립한다.	퀵 정렬의 파티션은 피벗을 기준으로 원소들을 두 그룹으로 나누는 과정입니다. 구현(호어/로무토 등)에 따라 “<, >”와 “<=, >=”의 경계 조건은 달라질 수 있지만, 핵심은 피벗 기준으로 좌/우가 분리된다는 점입니다. 이 조건이 성립해야 재귀적으로 양쪽을 정렬했을 때 전체가 정렬됩니다. 면접에서는 파티션 구현별 차이까지 언급하면 더 높은 평가를 받습니다. 실무에서는 중복 키가 많을 때 3-way partition을 쓰는 이유로 연결 질문이 나옵니다.		O	TRUE	X	FALSE					dsa	sorting		
Q203	3-way 파티션(Dutch National Flag)		Data Structure & Algorithm - 정렬 알고리즘	43	OX	HARD	중복 키가 매우 많은 입력에서 3-way partition 퀵 정렬은 불필요한 비교/재귀를 줄여 성능을 개선할 수 있다.	일반 퀵 정렬은 중복 키가 많을 때 분할이 잘 안 되거나, 같은 값을 여러 번 재귀 처리하며 낭비가 생길 수 있습니다. 3-way partition은 < pivot, == pivot, > pivot 세 구간으로 나눠서 == 구간은 더 이상 정렬할 필요가 없게 만듭니다. 그래서 중복이 많은 데이터에서 재귀 깊이와 비교 횟수가 줄어 평균 성능이 좋아질 수 있습니다. 면접에서는 “언제 3-way가 유리한가”를 데이터 특성(중복)으로 설명하는 게 핵심입니다. 실무에서도 로그 레벨, 카테고리 코드처럼 중복이 많은 키에서 효과가 큽니다.		O	TRUE	X	FALSE					dsa	sorting		
Q204	k-th 원소 선택(Quickselect)		Data Structure & Algorithm - 탐색 알고리즘	42	OX	HARD	Quickselect는 퀵 정렬과 유사한 파티션을 사용하지만, 평균 시간 복잡도가 O(n)인 선택 알고리즘이다.	Quickselect는 피벗으로 파티션한 뒤, k번째가 있는 한쪽 구간만 재귀적으로 진행합니다. 전체를 정렬하는 퀵 정렬과 달리 한쪽만 들어가므로 평균적으로 선형 시간 O(n)을 기대할 수 있습니다. 다만 피벗이 계속 나쁘면 최악은 O(n^2)로 악화될 수 있습니다. 면접에서는 “정렬이 아니라 선택”이라는 목적 차이를 명확히 말해야 합니다. 실무에서는 Top K, 중앙값(median) 계산 같은 문제에서 정렬보다 효율적인 대안이 됩니다.		O	TRUE	X	FALSE					dsa	searching		
Q205	Median of Medians		Data Structure & Algorithm - 탐색 알고리즘	42	OX	HARD	Median of Medians를 피벗으로 쓰면 선택 문제에서 최악 O(n)을 보장할 수 있다.	Median of Medians는 피벗을 “충분히 좋은” 값으로 선택해 분할이 항상 일정 비율 이상으로 일어나게 만드는 전략입니다. 그 결과 선택(Selection) 문제에서 최악 선형 시간 O(n)을 이론적으로 보장합니다. 구현은 복잡하지만, 최악 보장이 중요한 상황에서는 강력한 이론적 도구입니다. 면접에서는 이 알고리즘의 핵심이 “나쁜 피벗을 피한다”는 점임을 설명하면 충분합니다. 실무에서는 구현 난이도 때문에 직접 쓰기보다는 개념적으로 최악 보장 설계를 설명할 때 많이 등장합니다.		O	TRUE	X	FALSE					dsa	searching		
Q206	안정 정렬의 하한 오해		Data Structure & Algorithm - 복잡도 분석	45	OX	HARD	안정 정렬(stable sort)은 불안정 정렬보다 항상 더 느리다는 것이 이론적으로 증명되어 있다.	안정성은 “같은 키의 상대 순서 보존”이라는 성질이고, 속도는 구현/입력/메모리/캐시 등 여러 요인에 좌우됩니다. 안정 정렬이 항상 느리다고 일반화할 수 없습니다. 예를 들어 팀소트처럼 안정적이면서 실전에서 매우 빠른 알고리즘도 존재합니다. 면접에서는 안정성과 성능을 구분해 사고하는지를 확인하려고 이런 문장을 던지기도 합니다. 실무에서도 “안정성 필요 여부”를 먼저 판단한 뒤, 그 제약 안에서 성능을 고르는 것이 합리적입니다.		O	FALSE	X	TRUE					dsa	complexity		
Q207	외부 정렬 I-O 병목		Data Structure & Algorithm - 정렬 알고리즘	43	OX	HARD	외부 정렬에서는 CPU 연산보다 디스크 I-O가 전체 성능을 지배하는 경우가 많다.	외부 정렬은 메모리에 다 못 올리는 데이터를 디스크에 저장된 run 단위로 처리합니다. 이 과정에서 읽기/쓰기 I-O가 반복되며, CPU 정렬보다 I-O 비용이 더 크기 쉬운 구조입니다. 그래서 버퍼링, 순차 I-O, k-way merge에서의 블록 읽기 같은 최적화가 중요합니다. 면접에서는 “왜 외부 정렬이 어려운가”를 I-O 관점에서 설명할 수 있어야 합니다. 실무에서는 대용량 로그 정렬이나 배치 ETL에서 이 이슈가 매우 현실적입니다.		O	TRUE	X	FALSE					dsa	sorting		
Q208	k-way merge와 힙 최적화		Data Structure & Algorithm - 정렬 알고리즘	43	OX	HARD	k-way merge에서 log가 log n이 아니라 log k로 나오는 이유는 힙 크기가 최대 k로 제한되기 때문이다.	k-way merge는 각 리스트에서 “현재 후보 1개”만 힙에 유지하면 충분합니다. 그래서 힙의 원소 수는 최대 k를 넘지 않습니다. 힙 연산이 O(log 힙크기)이므로 O(log k)가 됩니다. 면접에서는 왜 모든 원소를 힙에 넣지 않는지(후보 집합의 축소)를 설명해야 합니다. 실무에서도 다중 스트림 병합에서 이 복잡도 분석이 성능 추정을 좌우합니다. k가 커지면 힙 비용이 늘어 병합 전략 자체를 조정해야 할 수도 있습니다.		O	TRUE	X	FALSE					dsa	sorting		
Q209	파라메트릭 서치 정당성		Data Structure & Algorithm - 탐색 알고리즘	42	OX	HARD	파라메트릭 서치에서 P(x)가 단조가 아니면, 이진 탐색으로 최적 해를 찾는 정당성이 무너진다.	파라메트릭 서치는 값 x를 키워갈 때 “가능/불가능”이 한 번만 바뀐다는 전제가 있어야 합니다. 이 전제가 있어야 mid 결과로 왼쪽 또는 오른쪽을 버릴 수 있습니다. 단조가 아니면 버리는 구간에 해가 있을 수 있어 오답이 됩니다. 면접에서는 단조성 검증을 어떻게 할지(문제 성질, 증명)까지 확장될 수 있습니다. 실무에서도 체크 함수 설계를 잘못하면 이진 탐색이 그럴듯하게 보이지만 틀린 답을 내기 쉬워 주의가 필요합니다.		O	TRUE	X	FALSE					dsa	searching		
Q210	lower bound 종료 조건		Data Structure & Algorithm - 탐색 알고리즘	42	OX	HARD	lower bound를 [lo, hi)로 구현할 때, 반복 종료 후 lo는 target 이상이 처음 등장하는 위치가 된다.	[lo, hi) 구간에서 불변식(정답은 구간 안)을 유지하면, lo==hi로 수렴할 때 그 지점이 경계가 됩니다. lower bound는 target 이상이 처음 나오는 인덱스이므로, 수렴한 lo를 그대로 반환하면 됩니다. 면접에서는 “왜 lo가 답인가”를 불변식과 갱신 규칙으로 설명하는 것이 핵심입니다. 실무에서는 off-by-one 버그를 막기 위해 이 패턴을 표준처럼 사용합니다. 또한 lo가 n이 될 수 있으니 범위 체크까지 언급하면 더 좋습니다.		O	TRUE	X	FALSE					dsa	searching		
Q211	정렬 comparator의 반대칭성		Data Structure & Algorithm - 정렬 알고리즘	43	OX	HARD	comparator에서 A<B이면 반드시 !(B<A)여야 하며, 이를 어기면 정렬 결과가 깨질 수 있다.	정렬 알고리즘은 비교 함수가 일관된 순서를 제공한다고 가정합니다. 반대칭성(antisymmetry)이 깨지면 두 원소의 순서가 상황에 따라 뒤집히며, 알고리즘이 수렴하지 않거나 결과가 예측 불가능해질 수 있습니다. 일부 언어/라이브러리는 비교 함수 위반 시 예외를 던지기도 합니다. 면접에서는 “비교 함수 계약(contract)”을 이해하는지를 확인합니다. 실무에서도 부동소수 NaN 비교, locale 문자열 비교, null 처리에서 이 계약이 쉽게 깨집니다. 그래서 comparator는 테스트와 엣지 케이스 검증이 중요합니다.		O	TRUE	X	FALSE					dsa	sorting		
Q212	카운팅 정렬 안정 구현		Data Structure & Algorithm - 정렬 알고리즘	43	OX	HARD	안정 카운팅 정렬을 만들려면 입력을 뒤에서부터 순회하며 배치하는 방식이 흔히 사용된다.	카운팅 정렬을 안정적으로 만들려면 같은 키의 상대 순서를 유지해야 합니다. 누적합으로 각 키가 차지할 마지막 위치를 알고 있을 때, 입력을 뒤에서부터 처리하면 먼저 나온 원소가 더 앞쪽에 배치되어 순서가 보존됩니다. 반대로 앞에서부터 배치하면 동일 키의 순서가 뒤집힐 수 있습니다. 면접에서는 “왜 뒤에서부터인가”를 순서 보존 관점으로 설명해야 합니다. 실무에서는 기수 정렬의 내부 단계로 카운팅 정렬을 쓸 때 안정성이 특히 중요합니다.		O	TRUE	X	FALSE					dsa	sorting		
Q213	기수 정렬과 안정성		Data Structure & Algorithm - 정렬 알고리즘	43	OX	HARD	LSD 기수 정렬은 각 자릿수 정렬이 안정적이지 않으면 전체 결과가 틀릴 수 있다.	LSD 기수 정렬은 낮은 자리부터 정렬하고, 다음 자리 정렬을 반복하면서 이전 자리의 상대 순서를 유지해야 합니다. 이 유지가 깨지면 더 낮은 자리에서 이미 정리된 순서가 망가져 최종 결과가 정렬되지 않을 수 있습니다. 그래서 내부 정렬(보통 카운팅 정렬)은 안정 정렬이어야 합니다. 면접에서는 기수 정렬이 왜 안정 정렬을 요구하는지 논리로 설명하는 것을 기대합니다. 실무에서도 고정 길이 키 정렬에서 기수 정렬을 고려할 때 이 조건을 반드시 확인해야 합니다.		O	TRUE	X	FALSE					dsa	sorting		
Q214	이진 탐색 오버플로		Data Structure & Algorithm - 탐색 알고리즘	42	OX	HARD	(lo+hi)/2 계산은 언어/타입에 따라 오버플로를 유발할 수 있어 lo + (hi-lo)/2 형태가 더 안전하다.	정수 타입이 제한된 언어에서는 lo와 hi가 큰 값일 때 lo+hi가 범위를 넘을 수 있습니다. 이 경우 mid가 음수로 튀거나 잘못된 값이 되어 탐색이 깨질 수 있습니다. 그래서 lo + (hi-lo)/2 형태로 오버플로를 피하는 구현이 권장됩니다. 면접에서는 “정확한 구현 디테일”을 묻는 단골 포인트입니다. 실무에서도 대규모 인덱스나 범위 탐색에서 실제 장애로 이어질 수 있어 중요한 안전 수칙입니다. 특히 C/C++/Java처럼 정수 오버플로의 영향이 큰 환경에서 주의합니다.		O	TRUE	X	FALSE					dsa	searching		
Q215	갤로핑(Galloping)		Data Structure & Algorithm - 탐색 알고리즘	42	OX	HARD	갤로핑(Exponential Search)은 범위를 1,2,4,8처럼 키워 대략적인 구간을 찾은 뒤 이진 탐색을 수행할 수 있다.	갤로핑(지수) 탐색은 값이 존재할 법한 범위를 빠르게 확장하며 상한을 찾는 전략입니다. 예를 들어 정렬된 무한(또는 길이를 모르는) 배열처럼 hi를 미리 알기 어려운 상황에서 유용합니다. 범위를 찾는 데 log 위치 정도가 들고, 그 구간에서 이진 탐색을 하므로 전체도 로그 계열로 설명됩니다. 면접에서는 “왜 이런 탐색이 필요하냐(길이 미상/스트리밍/페이지네이션)”를 물을 수 있습니다. 실무에서도 큰 데이터에서 범위 상한을 모르거나, 블록 단위 접근을 할 때 아이디어로 활용됩니다.		O	TRUE	X	FALSE					dsa	searching		
Q216	이진 탐색의 단조 오류		Data Structure & Algorithm - 탐색 알고리즘	42	OX	HARD	정렬 여부가 깨지면 이진 탐색은 “가끔” 맞고 “가끔” 틀릴 수 있어 테스트에서 놓치기 쉽다.	이진 탐색은 정렬이라는 강한 전제를 기반으로 절반을 버립니다. 정렬이 약간만 깨져도 특정 값에서는 우연히 찾고, 다른 값에서는 틀릴 수 있어 비결정적 버그처럼 보이기도 합니다. 면접에서는 “전제 위반은 위험하다”는 감각을 보려는 질문이 자주 나옵니다. 실무에서도 부분 업데이트로 정렬이 깨지면, 장애가 간헐적으로 발생해 디버깅이 어려워질 수 있습니다. 그래서 이진 탐색을 쓰는 데이터는 정렬 불변식 유지(삽입/삭제 정책, 재정렬 트리거)가 중요합니다.		O	TRUE	X	FALSE					dsa	searching		
Q217	정렬 알고리즘 선택 기준		Data Structure & Algorithm - 정렬 알고리즘	43	OX	HARD	정렬 알고리즘 선택은 평균 속도뿐 아니라 최악 시간, 안정성, 추가 공간, 데이터 분포 특성을 함께 고려해야 한다.	면접에서는 “어떤 정렬이 제일 좋냐” 같은 질문이 자주 나오는데, 정답은 요구사항에 따라 달라진다는 것입니다. 평균 성능이 좋아도 최악이 위험하면 운영 환경에서 문제가 될 수 있고, 안정성이 필요하면 선택지가 줄어듭니다. 또한 추가 메모리 제약, 입력이 거의 정렬되어 있는지, 중복이 많은지 같은 데이터 특성도 중요합니다. 실무에서는 표준 라이브러리가 하이브리드 정렬을 쓰는 이유가 이런 다차원 요구를 동시에 만족시키기 위해서입니다. 따라서 “상황 기반 선택” 논리를 설명할 수 있으면 높은 평가를 받습니다.		O	TRUE	X	FALSE					dsa	sorting		
Q218	정렬 후 원본 인덱스		Data Structure & Algorithm - 복잡도 분석	45	OX	HARD	정렬을 수행하면 원본 인덱스 기반 의미(예: two-sum의 원래 위치 반환)를 유지하려면 별도 매핑이 필요하다.	정렬은 원소의 순서를 바꾸기 때문에 “원래 위치”가 의미 있는 문제에서는 그대로 적용할 수 없습니다. 그래서 (값, 원래 인덱스) 쌍으로 묶어 정렬하거나, 해시를 사용해 원본 인덱스를 추적해야 합니다. 면접에서는 문제 요구사항을 보고 접근을 바꿀 수 있는지를 확인합니다. 실무에서도 정렬이 원본 데이터 의미를 바꾸는 변형(transform)이라는 점을 항상 의식해야 합니다. 데이터 파이프라인에서도 원본 키를 유지하지 않으면 추적성이 깨질 수 있습니다.		O	TRUE	X	FALSE					dsa	complexity		
Q219	정렬과 범위 질의		Data Structure & Algorithm - 탐색 알고리즘	42	OX	HARD	정렬 + lower/upper bound 조합은 값 범위 [L, R]의 개수를 O(log n)에 계산할 수 있다.	정렬된 배열에서 lowerBound(L)은 L 이상 첫 위치, upperBound(R)은 R 초과 첫 위치입니다. 두 인덱스의 차이는 [L, R]에 속하는 원소 개수입니다. 각 bound는 이진 탐색 변형이라 O(log n)이므로 전체도 O(log n)입니다. 면접에서는 “개수 계산이 왜 로그인가”를 정의와 연속 구간 성질로 설명해야 합니다. 실무에서도 범위 통계, 필터 카운팅, 검색 결과 집계에서 매우 자주 쓰는 테크닉입니다.		O	TRUE	X	FALSE					dsa	searching		
Q220	외부 정렬 런 크기		Data Structure & Algorithm - 정렬 알고리즘	43	OX	HARD	외부 정렬에서 한 번에 메모리에 올려 정렬하는 run 크기가 커질수록, 병합 단계 수를 줄여 I-O를 줄일 수 있다.	외부 정렬은 (1) run 생성(메모리 내 정렬 후 디스크 기록), (2) run 병합 단계로 이루어집니다. 메모리가 허용하는 한 run을 크게 만들면 run 개수가 줄어들고, 그만큼 병합 패스 수가 감소할 수 있습니다. 병합 패스가 줄면 디스크를 읽고 쓰는 횟수도 줄어들어 전체 시간이 개선될 수 있습니다. 면접에서는 “왜 메모리가 중요하냐”를 I-O 패스 수로 설명할 수 있어야 합니다. 실무에서도 버퍼 크기, 병합 fan-in(k 값) 설계가 성능의 핵심입니다.		O	TRUE	X	FALSE					dsa	sorting		
Q221	결정 트리 하한(Decision Tree Lower Bound)		Data Structure & Algorithm - 복잡도 분석	45	OX	HARD	비교 기반 정렬의 최악 시간 하한 Ω(n log n)은 “가능한 순열 수(n!)를 구분해야 한다”는 결정 트리 관점으로 설명할 수 있다.	비교 기반 정렬은 비교 결과만으로 입력의 순서를 판별해야 합니다. 서로 다른 n개 원소의 경우 가능한 경우의 수가 n!이므로, 정렬은 그중 하나를 식별해야 합니다. 비교 한 번은 두 갈래로 분기하므로 결정 트리의 리프가 n!개 이상 필요합니다. 따라서 트리 높이(비교 횟수)는 log2(n!) 이상이고, 이는 Θ(n log n)으로 정리됩니다. 면접에서는 “왜 n log n이 한계인가”를 이 논리로 설명할 수 있는지 자주 봅니다. 실무에서는 비비교 정렬이 왜 다른 모델인지(추가 정보 사용)를 연결해 설명하면 좋습니다.		O	TRUE	X	FALSE					dsa	complexity		
Q222	비비교 정렬의 모델 차이		Data Structure & Algorithm - 정렬 알고리즘	43	OX	HARD	카운팅/기수 정렬이 Ω(n log n) 하한을 “항상” 깨는 이유는 비교 연산을 전혀 하지 않기 때문이다.	카운팅/기수 정렬이 빠를 수 있는 이유는 “비교 기반 모델”이 아니라 키 범위(K)나 자릿수(d) 같은 추가 구조를 이용하기 때문입니다. 비교를 안 한다고 해서 무조건 하한을 깨는 것은 아니고, O(n+K)처럼 K에 의존합니다. K가 크면 오히려 느리거나 불가능할 수 있습니다. 면접에서는 “하한은 비교 기반 모델에서만 적용된다”는 점을 정확히 말해야 합니다. 실무에서도 키 범위/메모리 조건이 맞을 때만 비비교 정렬이 현실적인 대안입니다.		O	FALSE	X	TRUE					dsa	sorting		
Q223	안정 정렬과 메모리		Data Structure & Algorithm - 복잡도 분석	45	OX	HARD	“안정 정렬을 하려면 반드시 O(n) 추가 메모리가 필요하다”는 일반화는 옳지 않다.	안정 정렬은 같은 키의 상대 순서를 보존하는 성질이지, 메모리 사용량을 직접 결정하지는 않습니다. 예를 들어 삽입 정렬은 안정 정렬이며 추가 메모리는 거의 필요하지 않습니다. 반대로 병합 정렬은 안정적이지만 보조 배열로 O(n) 공간을 쓰는 경우가 많습니다. 면접에서는 안정성과 공간 복잡도를 섞어 말하는 실수를 잡아내려는 의도가 많습니다. 실무에서도 “안정성, in-place, 최악 성능” 같은 요구는 동시에 만족하기 어려울 수 있어 트레이드오프를 명확히 해야 합니다.		O	TRUE	X	FALSE					dsa	complexity		
Q224	in-place vs 안정성		Data Structure & Algorithm - 정렬 알고리즘	43	OX	HARD	안정적이면서 in-place이고, 최악 O(n log n)까지 모두 만족하는 정렬을 “항상” 쉽게 구현할 수 있다.	안정성(in stable), in-place(추가 공간 제한), 최악 O(n log n) 보장은 동시에 만족시키기 매우 까다로운 조합입니다. 이 조합을 만족하는 알고리즘이 연구되어 있지만 구현이 복잡하고 상수 비용이 커 실무에서 흔히 쓰이진 않습니다. 반면 팀소트는 안정적이지만 추가 메모리를 쓰고, 힙 정렬은 in-place지만 불안정합니다. 면접에서는 요구사항이 여러 개일 때 “불가능/어렵다 + 대안”을 제시하는 사고를 평가합니다. 실무에서도 요구사항 우선순위를 정해 선택하는 것이 중요합니다.		O	FALSE	X	TRUE					dsa	sorting		
Q225	최악 선형 선택(Deterministic Selection)		Data Structure & Algorithm - 탐색 알고리즘	42	OX	HARD	Median of Medians 기반 선택 알고리즘은 최악 O(n)을 보장하지만 구현 난이도와 상수 비용이 커 실무 적용이 제한적일 수 있다.	Median of Medians는 피벗을 “항상 충분히 좋은” 값으로 선택해 분할 비율을 보장합니다. 그 결과 선택 문제에서 최악 선형 O(n)을 얻을 수 있습니다. 하지만 그룹화/중앙값 재귀 등 구현이 복잡하고 상수 계수가 커, 많은 실무 상황에서는 평균 O(n)인 Quickselect가 더 선호되기도 합니다. 면접에서는 “이론적 보장”과 “실무적 선택”을 구분해 말할 수 있어야 합니다. 안전이 중요한 시스템이라면 최악 보장을 선택할 수도 있다는 균형감이 좋습니다.		O	TRUE	X	FALSE					dsa	searching		
Q226	Quickselect 최악 케이스		Data Structure & Algorithm - 탐색 알고리즘	42	OX	HARD	Quickselect는 매번 한쪽 구간만 재귀하므로 최악 시간 복잡도가 O(n log n)으로 제한된다.	Quickselect는 한쪽만 재귀하지만, 피벗이 계속 최솟값/최댓값처럼 나쁘게 선택되면 남는 구간 크기가 n-1, n-2처럼 줄어들 수 있습니다. 이 경우 비교/파티션 비용이 누적되어 O(n^2)까지 악화됩니다. 면접에서는 “한쪽만 재귀 = 항상 빠름”이라는 착각을 잡아내곤 합니다. 실무에서는 랜덤 피벗이나 좋은 피벗 전략으로 평균 성능을 안정화합니다. 최악 보장이 필요하면 deterministic selection을 고려합니다.		O	FALSE	X	TRUE					dsa	searching		
Q227	3-way partition 정당성		Data Structure & Algorithm - 정렬 알고리즘	43	OX	HARD	3-way partition은 == pivot 구간을 별도로 떼어내므로, 그 구간은 추가 정렬이 필요 없다는 점에서 재귀량을 크게 줄일 수 있다.	3-way partition은 <, ==, > 세 구간으로 나눕니다. == 구간은 이미 피벗과 동일한 값들만 모여 있으니, 그 안에서 정렬할 필요가 없습니다. 그래서 중복이 많은 데이터에서 “의미 없는 재귀”가 사라져 효율이 좋아집니다. 면접에서는 “왜 중복이 많을 때 특히 효과적이냐”를 이 논리로 설명해야 합니다. 실무에서도 카테고리/상태값 같은 낮은 카디널리티 키에서 성능 차이가 크게 납니다.		O	TRUE	X	FALSE					dsa	sorting		
Q228	외부 정렬의 패스 수		Data Structure & Algorithm - 정렬 알고리즘	43	OX	HARD	외부 정렬에서 run 개수가 줄어들면 병합 패스 수가 줄어 I-O 총량을 감소시킬 수 있다.	외부 정렬은 디스크 I-O가 성능을 지배하는 경우가 많습니다. run이 많을수록 여러 번의 병합 패스가 필요해 전체 읽기/쓰기가 늘어납니다. 반대로 run을 크게 만들거나(k를 늘리거나) fan-in을 키우면 병합 횟수가 줄어 I-O가 감소할 수 있습니다. 면접에서는 “왜 메모리/버퍼가 중요하냐”를 패스 수와 I-O 관점으로 말할 수 있어야 합니다. 실무에서도 버퍼 설계, 순차 읽기, 블록 크기 조정이 성능 튜닝의 핵심입니다.		O	TRUE	X	FALSE					dsa	sorting		
Q229	k-way merge의 로그 항		Data Structure & Algorithm - 복잡도 분석	45	OX	HARD	k-way merge에서 전체 n개 병합 비용이 O(n log k)인 이유는 힙 크기가 k로 제한되기 때문이다.	k-way merge는 각 리스트에서 “현재 후보 1개”만 힙에 두면 충분합니다. 그래서 힙 크기는 최대 k이고, 힙 연산은 O(log k)입니다. n개의 원소를 처리하므로 n번 pop/push가 일어나 총 O(n log k)입니다. 면접에서는 log n이 아니라 log k인 이유를 분명히 설명해야 합니다. 실무에서 k가 커지면 힙 비용이 커져, 다단 병합(계층 병합) 같은 전략을 고려하기도 합니다.		O	TRUE	X	FALSE					dsa	complexity		
Q230	갤로핑 탐색(Exponential Search)		Data Structure & Algorithm - 탐색 알고리즘	42	OX	HARD	지수 탐색은 길이를 모르는 정렬된 데이터에서 구간을 1,2,4,8로 확장해 상한을 찾은 뒤 이진 탐색을 수행한다.	지수 탐색은 hi를 모를 때 빠르게 상한을 찾는 전략입니다. 값이 존재할 수 있는 범위를 기하급수적으로 넓히면서 target이 들어갈 구간을 찾고, 그 구간에서 이진 탐색을 수행합니다. 이렇게 하면 전체가 로그 계열로 동작하며, 특히 “끝을 모르는” 데이터 소스에서 유용합니다. 면접에서는 왜 이런 탐색이 필요하냐(무한 배열 모델, 페이지네이션, 스트리밍)를 묻기도 합니다. 실무에서도 블록/페이지 단위로 접근하는 대규모 데이터에서 아이디어로 활용됩니다.		O	TRUE	X	FALSE					dsa	searching		
Q231	보간 탐색의 가정		Data Structure & Algorithm - 탐색 알고리즘	42	OX	HARD	보간 탐색은 값 분포가 균등하다는 가정이 깨져도 평균 O(log n)을 안정적으로 보장한다.	보간 탐색은 mid를 중앙이 아니라 값 비율로 추정합니다. 분포가 균등하면 추정이 잘 맞아 매우 빠를 수 있지만, 분포가 치우치면 구간 축소가 잘 안 되어 성능이 크게 악화될 수 있습니다. 그래서 평균 성능 보장은 데이터 분포에 강하게 의존합니다. 면접에서는 “가정이 깨지면 위험”을 명확히 말해야 합니다. 실무에서는 분포가 변하는 데이터에 적용하면 성능이 예측 불가능해질 수 있어 주의합니다.		O	FALSE	X	TRUE					dsa	searching		
Q232	lower/upper bound로 범위 카운트		Data Structure & Algorithm - 탐색 알고리즘	42	OX	HARD	정렬 배열에서 [L, R] 범위에 속하는 개수는 upperBound(R) - lowerBound(L)로 계산할 수 있다.	lowerBound(L)은 L 이상이 처음 나오는 위치입니다. upperBound(R)은 R 초과가 처음 나오는 위치이므로, 그 이전까지가 R 이하입니다. 따라서 두 인덱스 차이는 [L, R]에 들어가는 원소 수가 됩니다. 면접에서는 이 공식을 외우기보다 정의(>=, >)로부터 도출할 수 있어야 합니다. 실무에서는 검색 필터 개수, 통계 집계에서 이 패턴이 매우 자주 쓰입니다.		O	TRUE	X	FALSE					dsa	searching		
Q233	이진 탐색 mid 오버플로		Data Structure & Algorithm - 탐색 알고리즘	42	OX	HARD	mid = (lo + hi) / 2 는 정수 오버플로 위험이 있어 lo + (hi - lo) / 2 형태가 더 안전하다.	lo와 hi가 큰 값이면 lo+hi가 정수 범위를 넘어 오버플로가 날 수 있습니다. 오버플로는 mid를 음수로 만들거나 엉뚱한 값으로 만들어 탐색을 망가뜨릴 수 있습니다. 안전한 계산은 hi-lo를 먼저 계산해 범위를 줄인 뒤 lo를 더하는 방식입니다. 면접에서는 구현 디테일을 아는지 확인하려고 자주 나옵니다. 실무에서도 대규모 인덱스, 큰 범위의 파라메트릭 서치에서 실제 장애로 이어질 수 있어 중요한 습관입니다.		O	TRUE	X	FALSE					dsa	searching		
Q234	comparator의 계약(Contract)		Data Structure & Algorithm - 정렬 알고리즘	43	OX	HARD	comparator가 추이성/반대칭성 등을 어기면 정렬 결과가 비결정적이거나 라이브러리가 예외를 던질 수 있다.	정렬 알고리즘은 비교 함수가 일관된 순서를 제공한다고 가정합니다. 추이성이 깨지면 A<B, B<C인데 A<C가 아닌 상황이 생겨 정렬이 논리적으로 불가능해질 수 있습니다. 일부 구현은 이런 비교 함수를 감지해 예외를 던지거나, 결과가 매번 달라지는 비결정적 현상이 나타날 수 있습니다. 면접에서는 “정렬의 전제는 comparator의 올바름”을 말로 설명할 수 있어야 합니다. 실무에서도 부동소수 NaN, null 처리, locale 문자열 비교에서 이 계약이 쉽게 깨집니다. 테스트와 엣지 케이스 처리로 방지해야 합니다.		O	TRUE	X	FALSE					dsa	sorting		
Q235	기수 정렬의 안정 요구		Data Structure & Algorithm - 정렬 알고리즘	43	OX	HARD	LSD 기수 정렬에서 각 패스 정렬이 안정적이지 않으면 이전 자릿수의 정렬 결과가 깨져 최종 정렬이 틀릴 수 있다.	LSD 기수 정렬은 낮은 자리부터 정렬한 결과를 “다음 자리 정렬에서도 유지”해야 합니다. 이 유지가 가능하려면 각 패스가 안정 정렬이어야 합니다. 안정성이 없으면 낮은 자리에서 만들어둔 상대 순서가 뒤집혀 최종 결과가 정렬되지 않을 수 있습니다. 면접에서는 “왜 안정성이 필수인가”를 자릿수 누적 효과로 설명해야 합니다. 실무에서도 기수 정렬을 적용할 때 내부 정렬로 안정 카운팅 정렬을 쓰는 이유가 여기에 있습니다.		O	TRUE	X	FALSE					dsa	sorting		
Q236	정렬 유지 vs 범위 질의		Data Structure & Algorithm - 탐색 알고리즘	42	OX	HARD	범위 질의(예: [L, R] 개수)가 많다면, 정렬 + bound 탐색이 해시보다 유리한 상황이 생길 수 있다.	해시는 특정 키의 존재/개수 조회에는 강하지만, 범위 질의에는 직접적인 강점이 없습니다. 반면 정렬된 배열은 bound 탐색으로 범위 개수를 O(log n)에 구할 수 있습니다. 따라서 질의 형태가 “범위” 중심이면 정렬 기반 접근이 더 적합할 수 있습니다. 면접에서는 “요구 질의 유형에 따라 자료구조 선택이 달라진다”는 점을 평가합니다. 실무에서도 분석/통계/검색 필터는 범위 기반 요구가 많아 정렬/트리/인덱스가 주로 쓰입니다.		O	TRUE	X	FALSE					dsa	searching		
Q237	정렬과 데이터 무결성		Data Structure & Algorithm - 복잡도 분석	45	OX	HARD	정렬을 전처리로 사용하면 탐색이 빨라지지만, 데이터가 자주 변경되면 “정렬 유지 비용”이 전체 비용을 지배할 수 있다.	정렬은 한 번 해두면 이진 탐색/범위 카운트가 빨라집니다. 하지만 삽입/삭제/업데이트가 자주 발생하면 정렬을 유지하기 위해 이동 비용(O(n))이 반복될 수 있습니다. 이 경우 총비용이 정렬 기반 접근의 장점을 상쇄할 수 있습니다. 면접에서는 “정적 데이터 vs 동적 데이터”를 구분해 접근을 선택할 수 있는지 봅니다. 실무에서는 변경이 잦으면 균형 BST나 B-Tree 인덱스 같은 구조로 전환하는 것이 일반적입니다.		O	TRUE	X	FALSE					dsa	complexity		
Q238	배열 vs 트리 선택		Data Structure & Algorithm - 탐색 알고리즘	42	OX	HARD	정렬 배열은 탐색은 빠르지만 중간 삽입/삭제는 O(n)이라, 동적 환경에선 균형 트리가 더 적합할 수 있다.	배열은 연속 메모리라 이진 탐색이 빠르고 캐시 친화적입니다. 하지만 중간 삽입/삭제 시 원소 이동이 필요해 O(n) 비용이 듭니다. 균형 트리는 탐색/삽입/삭제가 O(log n)으로 유지되고, 정렬 순회도 가능합니다. 면접에서는 이 트레이드오프를 요구사항(질의 유형, 변경 빈도)과 연결해 설명하는 것을 기대합니다. 실무에서는 ordered map/set, DB 인덱스가 이런 이유로 트리 계열을 활용합니다.		O	TRUE	X	FALSE					dsa	searching		
Q239	부분 정렬(run) 활용		Data Structure & Algorithm - 정렬 알고리즘	43	OX	HARD	팀소트는 입력에서 이미 정렬된 run을 활용해 평균적인 실전 성능을 끌어올리는 하이브리드 정렬이다.	현실 데이터는 완전 랜덤이 아니라 부분적으로 정렬된 경우가 많습니다. 팀소트는 이런 run을 탐지해 병합 정렬 스타일로 결합합니다. 그래서 거의 정렬된 데이터에서 매우 빠르게 동작할 수 있습니다. 면접에서는 “왜 실전에서 빠른가”를 run 활용 관점으로 설명할 수 있어야 합니다. 실무에서도 많은 언어 런타임/라이브러리에서 팀소트 계열을 채택하는 이유가 여기에 있습니다.		O	TRUE	X	FALSE					dsa	sorting		
Q240	파라메트릭 서치의 답 형태		Data Structure & Algorithm - 탐색 알고리즘	42	OX	HARD	파라메트릭 서치는 “최소로 가능한 값” 또는 “최대로 가능한 값” 같은 경계 답을 찾는 데 특히 적합하다.	파라메트릭 서치는 가능/불가능이 한 번만 바뀌는 단조 판정 함수에서 경계를 찾는 방식입니다. 그래서 “가능한 최소”, “가능한 최대”처럼 경계값을 요구하는 문제에 잘 맞습니다. 면접에서는 이 패턴을 적용할 수 있는 문제 유형(최소 용량, 최대 속도, 최소 시간)을 떠올릴 수 있는지 평가합니다. 실무에서도 SLA, 자원 할당, 스케일링 파라미터 결정처럼 최적화/튜닝 문제에서 자주 등장합니다. 단, 단조성이 성립하는지 먼저 증명해야 안전합니다.		O	TRUE	X	FALSE					dsa	searching		
Q241	버블 정렬(Bubble Sort)		Data Structure & Algorithm - 정렬 알고리즘	43	INITIALS	EASY	인접한 두 값을 비교해서 순서가 틀리면 서로 바꾸는 과정을 여러 번 반복하는 정렬 방식은 무엇인가?	버블 정렬은 인접한 원소를 비교하고 필요하면 교환하는 과정을 반복해 정렬합니다. 큰 값이 뒤로 밀려나면서 정렬되는 모습이 거품이 올라가는 것과 비슷해 이름이 붙었습니다. 시간 복잡도는 보통 O(n^2)라서 데이터가 커지면 금방 느려집니다. 면접에서는 왜 느린지와, 조기 종료 조건을 넣으면 어떤 경우에 빨라지는지까지 이어서 묻기도 합니다. 실무에서는 학습용으로 의미가 크고, 최적화 포인트를 설명할 수 있으면 좋습니다.	버블 정렬									dsa	sorting		
Q242	선택 정렬(Selection Sort)		Data Structure & Algorithm - 정렬 알고리즘	43	INITIALS	EASY	매 단계마다 남은 구간에서 가장 작은 값을 찾아 앞쪽 위치로 보내며 정렬하는 방식은 무엇인가?	선택 정렬은 매 단계마다 최솟값을 선택해 제자리를 확정하는 정렬입니다. 비교 횟수는 입력 상태와 무관하게 많이 발생해 시간 복잡도는 O(n^2)로 보는 것이 일반적입니다. 교환 횟수는 상대적으로 적다는 특징이 있습니다. 면접에서는 버블 정렬과 비교해서 교환 횟수와 동작 방식 차이를 말해보라고 나올 수 있습니다. 실무에서는 데이터가 크면 부적합하지만, 정렬의 기본 아이디어를 설명하기 좋은 예시입니다.	선택 정렬									dsa	sorting		
Q243	삽입 정렬(Insertion Sort)		Data Structure & Algorithm - 정렬 알고리즘	43	INITIALS	EASY	앞쪽 구간이 이미 정렬되어 있다고 가정하고, 새 원소를 알맞은 위치에 끼워 넣어 정렬하는 방식은 무엇인가?	삽입 정렬은 현재 원소를 앞쪽의 정렬된 구간에 삽입하는 방식으로 동작합니다. 거의 정렬된 입력에서는 이동이 적어 실제로 빠르게 동작할 수 있습니다. 평균적으로는 O(n^2)이지만, 최선의 경우 O(n)까지 내려갈 수 있다는 점이 자주 질문됩니다. 면접에서는 왜 최선이 O(n)인지와, 어떤 입력에서 그런 상황이 나오는지 설명이 중요합니다. 실무에서는 작은 구간 정렬이나 하이브리드 정렬 내부 단계로 쓰일 수 있습니다.	삽입 정렬									dsa	sorting		
Q244	병합 정렬(Merge Sort)		Data Structure & Algorithm - 정렬 알고리즘	43	INITIALS	EASY	배열을 반으로 나누어 각각 정렬한 뒤, 두 정렬 결과를 합치며 정렬하는 분할 정복 기반 정렬은 무엇인가?	병합 정렬은 분할 정복으로 배열을 쪼개 정렬한 뒤 병합하는 방식입니다. 시간 복잡도는 안정적으로 O(n log n)으로 설명됩니다. 병합 과정에서 보조 배열이 필요한 구현이 많아 추가 공간이 늘어날 수 있습니다. 면접에서는 시간은 안정적이지만 공간이 든다는 트레이드오프를 말할 수 있어야 합니다. 실무에서는 안정 정렬이 필요하거나 데이터가 크고 성능 예측이 중요할 때 자주 언급됩니다.	병합 정렬									dsa	sorting		
Q245	퀵 정렬(Quick Sort)		Data Structure & Algorithm - 정렬 알고리즘	43	INITIALS	EASY	기준 값 하나를 정해 기준보다 작은 값과 큰 값으로 나누는 과정을 반복해 정렬하는 방식은 무엇인가?	퀵 정렬은 피벗을 기준으로 좌우를 분할하는 방식의 정렬입니다. 평균적으로 O(n log n)이라 빠르게 동작하는 경우가 많습니다. 하지만 분할이 계속 치우치면 최악 O(n^2)이 될 수 있어 주의가 필요합니다. 면접에서는 평균과 최악을 구분해 말하고, 최악을 줄이는 전략을 함께 설명하면 좋습니다. 실무에서는 라이브러리 정렬이 퀵 정렬 단독이 아니라 하이브리드인 경우가 많다는 점도 기억해두면 좋습니다.	퀵 정렬									dsa	sorting		
Q246	힙 정렬(Heap Sort)		Data Structure & Algorithm - 정렬 알고리즘	43	INITIALS	EASY	우선순위 큐 성질을 이용하는 힙을 구성한 뒤, 루트를 꺼내는 과정을 반복해 정렬하는 방식은 무엇인가?	힙 정렬은 힙 자료구조를 이용해 최댓값 또는 최솟값을 반복적으로 추출하며 정렬합니다. 최악 시간 복잡도도 O(n log n)으로 비교적 안정적인 편입니다. 일반적으로 안정 정렬은 아니어서 같은 키의 상대 순서가 바뀔 수 있습니다. 면접에서는 힙의 peek와 extract의 비용 차이까지 연결해서 질문이 나올 수 있습니다. 실무에서는 최악 성능 보장이 중요하거나 추가 메모리를 크게 쓰기 어려울 때 비교 후보가 됩니다.	힙 정렬									dsa	sorting		
Q247	카운팅 정렬(Counting Sort)		Data Structure & Algorithm - 정렬 알고리즘	43	INITIALS	EASY	값의 범위가 작을 때, 각 값의 등장 횟수를 세어 정렬하는 방식은 무엇인가?	카운팅 정렬은 값의 등장 횟수를 배열에 기록하고 누적해 정렬 결과를 구성합니다. 시간 복잡도는 O(n + K)로 K는 값 범위에 해당합니다. 값 범위가 커지면 메모리와 시간이 함께 커져 오히려 비효율적일 수 있습니다. 면접에서는 언제 유리한지와 언제 위험한지를 K 관점으로 설명하는 것이 중요합니다. 실무에서는 점수나 등급처럼 범위가 작은 정수 키 정렬에서 강력합니다.	카운팅 정렬									dsa	sorting		
Q248	안정 정렬(Stable Sort)		Data Structure & Algorithm - 정렬 알고리즘	43	INITIALS	EASY	같은 키를 가진 데이터들의 상대적 순서를 정렬 전후로 유지하는 정렬 성질을 무엇이라고 하는가?	안정 정렬은 같은 키를 가진 원소들의 입력 순서가 결과에서도 유지되는 성질입니다. 다단계 정렬에서 보조 키 정렬 결과를 유지하는 데 특히 중요합니다. 면접에서는 안정성 정의를 정확히 말하고, 안정 정렬과 불안정 정렬의 예시를 요구할 수 있습니다. 실무에서는 사용자 화면 정렬처럼 원래 순서가 의미를 가질 때 안정성이 큰 역할을 합니다. 안정성이 필요 없으면 다른 성능 선택지가 열릴 수 있다는 점도 함께 정리해두면 좋습니다.	안정 정렬									dsa	sorting		
Q249	제자리 정렬(In-place Sort)		Data Structure & Algorithm - 정렬 알고리즘	43	INITIALS	EASY	입력 배열 내부에서 원소를 교환하며 큰 보조 배열 없이 정렬을 수행하는 성질을 무엇이라고 하는가?	제자리 정렬은 입력 데이터 자체를 재배치하면서 정렬을 수행하는 방식입니다. 보조 배열을 크게 쓰지 않는다는 의미로 자주 사용됩니다. 다만 구현에 따라 재귀 스택 같은 부수 메모리는 사용할 수 있어 개념을 과하게 단정하면 위험합니다. 면접에서는 제자리 정렬과 추가 공간 O(1)을 동일시해도 되는지 질문이 나올 수 있습니다. 실무에서는 메모리 제약이 있는 환경에서 선택 기준이 되지만, 안정성과의 트레이드오프도 함께 봐야 합니다.	제자리 정렬									dsa	sorting		
Q250	이진 탐색(Binary Search)		Data Structure & Algorithm - 탐색 알고리즘	42	INITIALS	EASY	정렬된 배열에서 중간 값을 기준으로 탐색 범위를 절반씩 줄이며 찾는 방법은 무엇인가?	이진 탐색은 정렬된 데이터에서만 올바르게 동작하는 대표 탐색입니다. 매 단계마다 탐색 구간을 절반으로 줄이므로 시간 복잡도는 O(log n)입니다. 면접에서는 왜 log가 나오는지 절반 감소 과정을 말로 설명하는 문제가 자주 나옵니다. 실무에서도 데이터가 정렬되어 있고 조회가 많을 때 기본 선택지입니다. 정렬 전제 조건이 깨지면 간헐적으로 오답이 나올 수 있어 정렬 불변식 유지가 중요합니다.	이진 탐색									dsa	searching		
Q251	선형 탐색(Linear Search)		Data Structure & Algorithm - 탐색 알고리즘	42	INITIALS	EASY	앞에서부터 하나씩 확인하며 원하는 값을 찾는 가장 단순한 탐색 방법은 무엇인가?	선형 탐색은 원소를 순서대로 검사해 목표 값을 찾는 방식입니다. 정렬 여부와 무관하게 적용할 수 있지만 최악에는 모든 원소를 확인해야 합니다. 시간 복잡도는 일반적으로 O(n)으로 설명됩니다. 면접에서는 이진 탐색과 비교해서 언제 선형 탐색이 더 나은 선택인지 묻기도 합니다. 실무에서는 데이터가 작거나 한 번만 탐색하면 단순함이 장점이 될 수 있습니다.	선형 탐색									dsa	searching		
Q252	하한(lower bound)		Data Structure & Algorithm - 탐색 알고리즘	42	INITIALS	EASY	정렬된 배열에서 특정 값 이상이 처음 나타나는 위치를 찾는 이진 탐색 변형을 무엇이라고 하는가?	하한은 target 이상이 처음 등장하는 인덱스를 찾는 개념입니다. 중복 값이 있을 때 첫 등장 위치를 찾거나, 삽입 위치를 정하는 데 자주 쓰입니다. 보통 이진 탐색 변형으로 구현하며 O(log n)입니다. 면접에서는 하한과 상한의 차이를 기호 기준으로 정확히 말할 수 있어야 합니다. 실무에서는 범위 개수 계산과 검색 필터 집계에서 매우 많이 사용됩니다.	하한									dsa	searching		
Q253	상한(upper bound)		Data Structure & Algorithm - 탐색 알고리즘	42	INITIALS	EASY	정렬된 배열에서 특정 값을 초과하는 값이 처음 나타나는 위치를 찾는 이진 탐색 변형을 무엇이라고 하는가?	상한은 target을 초과하는 값이 처음 등장하는 인덱스를 의미합니다. 하한은 이상, 상한은 초과라는 기준이 헷갈리기 쉬워 면접 단골입니다. 두 값을 이용하면 특정 값의 개수는 상한에서 하한을 뺀 값으로 계산할 수 있습니다. 실무에서는 빈도 계산, 범위 집계, 삽입 위치 계산에 반복적으로 쓰입니다. 정의를 정확히 기억하고 구현에서 경계 조건을 안정적으로 처리하는 습관이 중요합니다.	상한									dsa	searching		
Q254	투 포인터(Two Pointers)		Data Structure & Algorithm - 탐색 알고리즘	42	INITIALS	EASY	두 개의 인덱스를 이동시키며 조건을 만족하는 구간이나 조합을 찾는 기법을 무엇이라고 하는가?	투 포인터는 두 인덱스를 조절해 탐색 범위를 줄이는 기법입니다. 정렬된 배열이나 단조성이 있는 상황에서 특히 강력합니다. 포인터가 한 방향으로만 이동하면 전체가 O(n)으로 끝나는 경우가 많습니다. 면접에서는 왜 제곱 시간이 아니라 선형 시간이 되는지 설명을 요구할 수 있습니다. 실무에서는 구간 합, 중복 제거, 두 수의 합 같은 문제에서 자주 쓰입니다.	투 포인터									dsa	searching		
Q255	파라메트릭 서치(Parametric Search)		Data Structure & Algorithm - 탐색 알고리즘	42	INITIALS	EASY	정답 후보 값에 대해 가능 여부를 판정하는 함수를 만들고, 가능한 최소 또는 최대 경계를 이진 탐색으로 찾는 기법은 무엇인가?	파라메트릭 서치는 배열이 아니라 값의 범위를 대상으로 이진 탐색을 수행하는 방식입니다. 핵심은 판정 함수가 단조성을 가져야 한다는 점입니다. 전체 시간은 대략 log 범위에 판정 비용을 곱한 형태로 생각합니다. 면접에서는 어떤 문제에서 단조성이 생기는지와, 판정 함수를 어떻게 설계하는지 묻습니다. 실무에서도 최소 용량, 최소 시간, 최대 처리량 같은 최적화 문제에서 자주 등장합니다.	파라메트릭 서치									dsa	searching		
Q256	최악 시간 복잡도(Worst-case Time Complexity)		Data Structure & Algorithm - 복잡도 분석	45	INITIALS	EASY	입력이 가장 불리할 때 걸리는 실행 시간을 기준으로 평가하는 복잡도 개념을 무엇이라고 하는가?	최악 시간 복잡도는 가장 나쁜 입력에서 알고리즘이 얼마나 느려질 수 있는지를 나타냅니다. 운영 환경에서는 평균보다 최악이 더 중요해지는 경우가 있습니다. 면접에서는 평균과 최악을 구분해 말하고, 실제 서비스에서 최악을 피하는 전략을 설명하는지를 봅니다. 예를 들어 정렬 알고리즘에서 최악 보장 여부는 선택 기준이 됩니다. 실무에서는 장애 상황이나 악의적 입력을 고려해 최악 리스크를 관리하는 습관이 중요합니다.	최악 시간 복잡도									dsa	complexity		
Q257	평균 시간 복잡도(Average-case Time Complexity)		Data Structure & Algorithm - 복잡도 분석	45	INITIALS	EASY	입력 분포를 가정했을 때 기대되는 평균적인 실행 시간을 기준으로 평가하는 복잡도 개념을 무엇이라고 하는가?	평균 시간 복잡도는 여러 입력에 대한 기대 성능을 설명하는 데 사용됩니다. 퀵 정렬처럼 평균이 좋지만 최악이 나쁜 알고리즘이 대표 예시입니다. 면접에서는 평균이 왜 좋은지, 그리고 어떤 상황에서 평균 가정이 깨질 수 있는지까지 질문이 확장될 수 있습니다. 실무에서는 데이터 분포가 실제로 어떤지, 입력이 편향되는지 분석하는 것이 중요합니다. 평균 성능만 보고 선택하면 운영에서 예상 못 한 병목이 생길 수 있습니다.	평균 시간 복잡도									dsa	complexity		
Q258	분할 정복(Divide and Conquer)		Data Structure & Algorithm - 기타 알고리즘	44	INITIALS	EASY	문제를 작은 부분 문제로 나누어 각각 해결한 뒤 결과를 합쳐 전체를 해결하는 설계 기법을 무엇이라고 하는가?	분할 정복은 문제를 나누고, 정복하고, 결합하는 흐름으로 이해하면 좋습니다. 병합 정렬과 퀵 정렬이 대표적인 예시입니다. 분할이 균형적이면 보통 log 단계가 생기고, 각 단계에서 n 작업이 생겨 n log n 형태가 자주 등장합니다. 면접에서는 왜 이런 형태가 나오느냐를 재귀 트리 관점으로 설명하라고 할 수 있습니다. 실무에서는 큰 문제를 구조적으로 쪼개 처리할 때 성능과 구현 모두에서 유리한 경우가 많습니다.	분할 정복									dsa	sorting		
Q259	조기 종료(early exit)		Data Structure & Algorithm - 정렬 알고리즘	43	INITIALS	EASY	정렬 과정에서 더 이상 교환이 발생하지 않으면 반복을 중단해 시간을 줄이는 최적화 기법을 무엇이라고 하는가?	조기 종료는 불필요한 반복을 줄이는 대표 최적화입니다. 버블 정렬에서 한 패스 동안 교환이 한 번도 없으면 이미 정렬된 상태라고 판단하고 종료할 수 있습니다. 이런 최적화는 최선 입력에서 성능을 크게 개선합니다. 면접에서는 어떤 정렬에 적용할 수 있는지와, 최선 시간 복잡도가 어떻게 바뀌는지 묻기도 합니다. 실무에서도 조건 기반 종료는 비용을 줄이는 기본 습관이 됩니다.	조기 종료									dsa	sorting		
Q260	범위 카운트(range count)		Data Structure & Algorithm - 탐색 알고리즘	42	INITIALS	EASY	정렬된 배열에서 하한과 상한을 이용해 특정 구간에 속한 원소 개수를 빠르게 계산하는 기법을 무엇이라고 하는가?	정렬된 배열에서는 값이 연속 구간으로 모이는 성질을 이용할 수 있습니다. 하한으로 구간 시작, 상한으로 구간 끝을 찾으면 두 인덱스 차이가 개수가 됩니다. 각 bound가 O(log n)이라 전체도 O(log n)로 계산할 수 있습니다. 면접에서는 왜 개수 계산이 로그 시간인지 정의로부터 설명할 수 있어야 합니다. 실무에서는 검색 필터 결과 개수, 통계 집계, 범위 조건 카운팅에 매우 자주 쓰입니다.	범위 카운트									dsa	searching		
Q261	피벗(Pivot)		Data Structure & Algorithm - 정렬 알고리즘	43	INITIALS	EASY	퀵 정렬에서 기준이 되는 값을 선택해, 그 값보다 작은 쪽과 큰 쪽으로 데이터를 나누는 기준 값을 무엇이라고 하는가?	피벗은 퀵 정렬에서 분할의 기준이 되는 값입니다. 피벗을 기준으로 작은 값과 큰 값을 양쪽으로 모아 배열을 분할합니다. 면접에서는 피벗을 어떻게 고르느냐에 따라 성능이 달라질 수 있다는 점을 자주 묻습니다. 실무에서는 이미 정렬된 입력에서 특정 피벗 선택이 최악 성능을 유발할 수 있어 주의가 필요합니다. 그래서 랜덤 피벗이나 중앙값 근사 같은 전략을 언급하면 설명이 탄탄해집니다.	피벗									dsa	sorting		
Q262	파티션(Partition)		Data Structure & Algorithm - 정렬 알고리즘	43	INITIALS	EASY	퀵 정렬에서 피벗을 기준으로 원소들을 두 구간으로 나누는 과정을 무엇이라고 하는가?	파티션은 피벗을 기준으로 배열을 두 부분으로 분리하는 절차입니다. 이 단계가 올바르게 동작해야 퀵 정렬이 전체적으로 정렬됩니다. 면접에서는 파티션을 구현할 때 경계 조건이 왜 자주 틀리는지 물어보기도 합니다. 실무에서는 중복 값이 많을 때 파티션이 비효율적으로 동작할 수 있어 3구간 분리 같은 대안을 고려합니다. 파티션이 어떤 불변식을 만족해야 하는지 말할 수 있으면 이해도가 높게 평가됩니다.	파티션									dsa	sorting		
Q263	스왑(Swap)		Data Structure & Algorithm - 정렬 알고리즘	43	INITIALS	EASY	정렬 알고리즘에서 두 원소의 위치를 서로 바꾸는 연산을 무엇이라고 하는가?	스왑은 두 값의 위치를 교환하는 기본 연산입니다. 버블 정렬이나 선택 정렬, 퀵 정렬 파티션 등 다양한 정렬에서 핵심적으로 등장합니다. 면접에서는 스왑이 많이 일어나는 정렬과 적게 일어나는 정렬의 차이를 비교시키기도 합니다. 실무에서는 불필요한 스왑이 캐시 미스나 성능 저하로 이어질 수 있어, 비교는 많이 하되 스왑은 줄이는 구현이 유리할 때가 있습니다. 또한 같은 인덱스를 스왑하는 실수나 임시 변수 처리 오류 같은 버그 포인트도 주의해야 합니다.	스왑									dsa	sorting		
Q264	기수 정렬(Radix Sort)		Data Structure & Algorithm - 정렬 알고리즘	43	INITIALS	EASY	숫자나 문자열을 자릿수 또는 자리 단위로 나눠 단계적으로 정렬하는 방식은 무엇인가?	기수 정렬은 자릿수 단위로 여러 번 정렬을 반복해 전체를 정렬하는 방식입니다. 비교 기반 정렬이 아니라 키의 구조를 이용하기 때문에 특정 조건에서 빠르게 동작할 수 있습니다. 면접에서는 내부 단계 정렬이 안정적이어야 하는지 같은 연결 질문이 나올 수 있습니다. 실무에서는 자릿수 길이가 일정하고 범위가 관리 가능한 데이터에서 효과적입니다. 반대로 키 길이가 가변적이거나 메모리 사용이 커지면 적용이 까다로울 수 있어 조건을 함께 설명해야 합니다.	기수 정렬									dsa	sorting		
Q265	버킷 정렬(Bucket Sort)		Data Structure & Algorithm - 정렬 알고리즘	43	INITIALS	EASY	값의 분포를 여러 구간으로 나누어 구간별로 담은 뒤, 각 구간을 정렬하고 합치는 방식은 무엇인가?	버킷 정렬은 데이터를 여러 버킷에 분배한 후 버킷별로 정렬해서 합치는 방식입니다. 데이터가 균등하게 퍼져 있다는 가정이 성능에 큰 영향을 줍니다. 면접에서는 어떤 분포에서 유리하고 어떤 분포에서 불리한지 설명을 요구할 수 있습니다. 실무에서는 실수 구간 값이나 특정 범위에 잘 분포된 데이터에 적용이 고려됩니다. 버킷 개수 선택이 잘못되면 오히려 한 버킷에 몰려 성능이 나빠질 수 있어 튜닝 포인트로도 자주 언급됩니다.	버킷 정렬									dsa	sorting		
Q266	팀소트(Timsort)		Data Structure & Algorithm - 정렬 알고리즘	43	INITIALS	EASY	입력에서 이미 정렬된 구간을 활용해 병합하며 빠르게 정렬하는 하이브리드 정렬로 널리 쓰이는 방식은 무엇인가?	팀소트는 입력에 존재하는 부분 정렬 구간을 찾아 활용하는 하이브리드 정렬입니다. 현실 데이터가 완전 랜덤이 아닌 경우가 많아 실제 성능이 좋은 편입니다. 면접에서는 왜 실전에서 강한지, 안정 정렬인지 같은 성질을 묻기도 합니다. 실무에서는 표준 라이브러리 정렬이 단일 알고리즘이 아니라 하이브리드라는 점을 설명할 때 자주 등장합니다. 다만 구현이 복잡하므로 원리 수준에서 핵심 아이디어를 정리해두는 것이 좋습니다.	팀소트									dsa	sorting		
Q267	비교 함수(Comparator)		Data Structure & Algorithm - 정렬 알고리즘	43	INITIALS	EASY	정렬에서 두 값을 비교해 어떤 값이 먼저 와야 하는지 결정하는 기준 함수를 무엇이라고 하는가?	비교 함수는 정렬의 기준을 정의하는 핵심 요소입니다. 오름차순, 내림차순뿐 아니라 여러 필드 기반 정렬도 비교 함수로 구현합니다. 면접에서는 비교 함수가 잘못되면 정렬 결과가 깨지는 이유를 물을 수 있습니다. 실무에서는 null 처리, 문자열 비교 규칙, 부동소수 비교 같은 엣지 케이스가 비교 함수 버그의 주요 원인입니다. 비교 함수는 일관된 순서를 제공해야 한다는 점을 함께 말하면 면접 대비에 도움이 됩니다.	비교 함수									dsa	sorting		
Q268	오름차순(Ascending Order)		Data Structure & Algorithm - 정렬 알고리즘	43	INITIALS	EASY	값이 작은 것부터 큰 것 순서로 정렬하는 방식을 무엇이라고 하는가?	오름차순은 작은 값이 앞, 큰 값이 뒤로 오도록 정렬하는 방식입니다. 정렬 문제의 기본 설정으로 가장 자주 등장합니다. 면접에서는 오름차순 정렬을 기준으로 불변식을 어떻게 잡는지 질문이 나올 수 있습니다. 실무에서는 오름차순이 기본이지만 요구사항에 따라 내림차순이나 사용자 정의 기준으로 쉽게 바뀔 수 있습니다. 따라서 오름차순과 내림차순을 비교 함수 한 줄로 전환할 수 있는 감각도 중요합니다.	오름차순									dsa	sorting		
Q269	내림차순(Descending Order)		Data Structure & Algorithm - 정렬 알고리즘	43	INITIALS	EASY	값이 큰 것부터 작은 것 순서로 정렬하는 방식을 무엇이라고 하는가?	내림차순은 큰 값이 앞, 작은 값이 뒤로 오도록 정렬하는 방식입니다. 정렬 기준을 뒤집는 것만으로도 결과가 달라지기 때문에 요구사항을 정확히 읽는 습관이 중요합니다. 면접에서는 내림차순 정렬을 오름차순 코드에서 어떻게 바꿀지 물을 수 있습니다. 실무에서는 랭킹, 점수, 최신순 같은 화면 정렬에서 내림차순이 매우 흔합니다. 비교 함수나 reverse 옵션을 사용할 때 안정성 영향까지 같이 생각하면 더 좋습니다.	내림차순									dsa	sorting		
Q270	이진 탐색 트리(Binary Search Tree)		Data Structure & Algorithm - 탐색 알고리즘	42	INITIALS	EASY	왼쪽 서브트리에는 작은 값, 오른쪽 서브트리에는 큰 값을 두는 규칙으로 탐색을 빠르게 하는 트리 구조는 무엇인가?	이진 탐색 트리는 왼쪽은 더 작은 값, 오른쪽은 더 큰 값이라는 규칙을 가지는 자료구조입니다. 이 규칙 덕분에 탐색을 트리 높이만큼만 진행할 수 있습니다. 면접에서는 트리가 한쪽으로 치우치면 성능이 왜 나빠지는지 연결 질문이 자주 나옵니다. 실무에서는 균형이 유지되는 변형 트리가 ordered 자료구조의 기반으로 활용됩니다. 또한 중복 키 처리 규칙을 어떻게 정할지도 실제 구현에서 중요한 포인트입니다.	이진 탐색 트리									dsa	searching		
Q271	중위 순회(Inorder Traversal)		Data Structure & Algorithm - 탐색 알고리즘	42	INITIALS	EASY	이진 탐색 트리를 중위 순회하면 값이 정렬된 순서로 방문되는 순회 방식은 무엇인가?	중위 순회는 왼쪽, 현재, 오른쪽 순서로 트리를 방문하는 방식입니다. 이진 탐색 트리에서 중위 순회를 하면 오름차순으로 값을 얻을 수 있습니다. 면접에서는 왜 정렬된 순서가 나오는지 트리의 규칙과 연결해 설명하라고 할 수 있습니다. 실무에서는 트리 기반 자료구조에서 정렬된 출력이 필요할 때 핵심적으로 사용됩니다. 순회 구현에서 재귀 스택을 쓰는지, 반복 스택을 쓰는지도 추가 질문으로 이어질 수 있습니다.	중위 순회									dsa	searching		
Q272	너비 우선 탐색(Breadth First Search)		Data Structure & Algorithm - 탐색 알고리즘	42	INITIALS	EASY	그래프나 트리에서 가까운 노드부터 레벨 순서대로 탐색하는 방법은 무엇인가?	너비 우선 탐색은 시작점에서 가까운 노드부터 차례대로 방문하는 탐색입니다. 보통 큐를 사용해 레벨 순서로 진행됩니다. 면접에서는 최단 경로와의 관계를 자주 묻는데, 가중치가 없으면 BFS가 최단 거리를 보장합니다. 실무에서는 그래프 탐색, 추천 탐색, 네트워크 레벨 탐색 등에서 기본 도구로 쓰입니다. 방문 처리 타이밍을 잘못 잡으면 중복 방문으로 성능이 급격히 나빠질 수 있어 주의가 필요합니다.	너비 우선 탐색									dsa	searching		
Q273	깊이 우선 탐색(Depth First Search)		Data Structure & Algorithm - 탐색 알고리즘	42	INITIALS	EASY	그래프나 트리에서 한 경로를 끝까지 내려가며 탐색한 뒤 되돌아오는 방식은 무엇인가?	깊이 우선 탐색은 가능한 한 깊게 들어가서 탐색하는 방식입니다. 재귀 호출이나 스택을 이용해 구현하는 경우가 많습니다. 면접에서는 DFS가 왜 백트래킹과 함께 자주 언급되는지 질문이 나올 수 있습니다. 실무에서는 경로 탐색, 사이클 탐지, 연결 요소 탐지 같은 문제에 폭넓게 쓰입니다. 재귀로 구현할 때는 스택 깊이 제한이 문제가 될 수 있으니 반복 구현도 대안으로 알고 있으면 좋습니다.	깊이 우선 탐색									dsa	searching		
Q274	해시 테이블(Hash Table)		Data Structure & Algorithm - 탐색 알고리즘	42	INITIALS	EASY	키를 해시 함수로 변환해 빠르게 값을 찾는 자료구조는 무엇인가?	해시 테이블은 키를 해시 값으로 바꿔 저장 위치를 빠르게 찾는 자료구조입니다. 평균적으로 빠른 조회가 가능해 존재 여부 확인에 자주 사용됩니다. 면접에서는 해시 충돌이 발생하면 어떻게 처리하는지 질문이 이어질 수 있습니다. 실무에서는 캐시, 세션, 중복 체크, 인덱싱에 흔히 사용되며, 키 설계가 성능과 안정성에 큰 영향을 줍니다. 최악의 경우 성능이 나빠질 수 있다는 점까지 균형 있게 말하는 것이 좋습니다.	해시 테이블									dsa	searching		
Q275	해시 충돌(Hash Collision)		Data Structure & Algorithm - 탐색 알고리즘	42	INITIALS	EASY	서로 다른 키가 같은 해시 값으로 매핑되는 현상을 무엇이라고 하는가?	해시 충돌은 다른 키가 같은 버킷으로 들어가면서 발생하는 현상입니다. 충돌 자체는 정상적인 상황이며, 이를 처리하는 방법이 해시 테이블의 핵심 설계입니다. 면접에서는 체이닝과 개방 주소법 같은 대표 해결법을 말할 수 있어야 합니다. 실무에서는 충돌이 많아지면 성능이 떨어지므로 해시 함수와 테이블 크기 관리가 중요합니다. 또한 악의적 입력으로 충돌을 유발하는 보안 이슈가 있을 수 있어 방어도 고려해야 합니다.	해시 충돌									dsa	searching		
Q276	이분 탐색 조건(Sorted Requirement)		Data Structure & Algorithm - 탐색 알고리즘	42	INITIALS	EASY	이진 탐색이 올바르게 동작하기 위해 입력 데이터가 반드시 만족해야 하는 조건은 무엇인가?	이진 탐색은 데이터가 정렬되어 있다는 전제를 기반으로 절반을 버립니다. 정렬이 되어 있지 않으면 버리는 구간에 정답이 남아 있을 수 있어 결과가 틀릴 수 있습니다. 면접에서는 이 전제 조건을 명확히 말할 수 있는지 자주 확인합니다. 실무에서도 정렬이 깨진 상태에서 이진 탐색을 쓰면 간헐적으로만 오답이 나와 디버깅이 매우 어려워질 수 있습니다. 따라서 정렬 불변식을 유지하는 정책과 검증이 함께 필요합니다.	정렬									dsa	searching		
Q277	브루트 포스(Brute Force)		Data Structure & Algorithm - 기타 알고리즘	44	INITIALS	EASY	가능한 모든 경우를 전부 시도해 답을 찾는 가장 직관적인 방법을 무엇이라고 하는가?	브루트 포스는 모든 경우를 검사해 정답을 찾는 방식입니다. 구현은 단순하지만 경우의 수가 커지면 시간이 급격히 증가합니다. 면접에서는 브루트 포스를 먼저 떠올린 뒤, 어떻게 줄일지 최적화 아이디어를 제시하는 흐름을 좋아합니다. 실무에서도 데이터가 작거나 제약이 강할 때는 가장 안전한 첫 접근이 될 수 있습니다. 다만 시간 제한을 넘기지 않도록 복잡도 추정과 가지치기 가능성을 함께 판단해야 합니다.	브루트 포스									dsa	complexity		
Q278	검색 공간(Search Space)		Data Structure & Algorithm - 탐색 알고리즘	42	INITIALS	EASY	알고리즘이 답을 찾기 위해 후보로 고려해야 하는 모든 가능 범위를 무엇이라고 하는가?	검색 공간은 답이 될 수 있는 후보들의 전체 범위를 의미합니다. 탐색 알고리즘의 핵심은 이 검색 공간을 얼마나 빨리 줄이느냐에 있습니다. 면접에서는 이진 탐색이 왜 빠른지 검색 공간을 절반씩 줄이기 때문이라고 설명하면 좋습니다. 실무에서도 최적화 문제에서 값의 범위를 검색 공간으로 잡고 파라메트릭 서치를 적용하는 경우가 많습니다. 검색 공간을 잘못 설정하면 정답을 포함하지 못하거나 불필요하게 넓어져 성능이 나빠질 수 있어 주의가 필요합니다.	검색 공간									dsa	searching		
Q279	시간 복잡도(Time Complexity)		Data Structure & Algorithm - 복잡도 분석	45	INITIALS	EASY	입력 크기가 커질 때 알고리즘 실행 시간이 어떻게 증가하는지 나타내는 개념을 무엇이라고 하는가?	시간 복잡도는 입력 크기 n에 따른 실행 시간 증가 양상을 표현합니다. 면접에서는 단순히 Big-O 표기만 외우는 것보다, 왜 그렇게 되는지 반복 횟수와 루프 구조로 설명하는 능력이 중요합니다. 정렬과 탐색은 대표적으로 O(n^2), O(n log n), O(log n) 같은 형태가 자주 등장합니다. 실무에서는 최악과 평균을 구분해 리스크를 관리하는 관점이 필요합니다. 또한 실제 성능은 상수항과 캐시, I O에도 영향을 받으므로 복잡도는 큰 그림의 지표라는 점을 함께 이해해야 합니다.	시간 복잡도									dsa	complexity		
Q280	공간 복잡도(Space Complexity)		Data Structure & Algorithm - 복잡도 분석	45	INITIALS	EASY	알고리즘이 추가로 사용하는 메모리 양이 입력 크기에 따라 어떻게 증가하는지 나타내는 개념은 무엇인가?	공간 복잡도는 입력 외에 추가로 필요한 메모리 사용량을 나타냅니다. 병합 정렬처럼 보조 배열을 쓰는 정렬은 공간 복잡도가 커질 수 있습니다. 면접에서는 시간만 빠르면 되는지, 메모리 제약이 있으면 선택이 달라지는지를 확인하려고 질문합니다. 실무에서는 대용량 데이터 처리에서 메모리 사용이 곧 비용과 장애로 이어질 수 있어 중요합니다. 따라서 시간과 공간을 함께 고려하는 트레이드오프 설명이 면접 대비에 큰 도움이 됩니다.	공간 복잡도									dsa	complexity		
Q281	하한 탐색(lower bound search)		Data Structure & Algorithm - 탐색 알고리즘	42	INITIALS	MEDIUM	정렬 배열에서 특정 값 이상이 처음 등장하는 위치를 찾는 이진 탐색 변형 기법을 무엇이라고 하는가?	하한 탐색은 target 이상이 처음 나타나는 인덱스를 찾는 방식입니다. 단순 이진 탐색은 값이 존재할 때 임의 위치를 반환할 수 있어, 중복이 있는 경우에는 하한 탐색이 필요합니다. 면접에서는 >= 조건을 정확히 이해하는지와 경계 처리 버그를 줄이는 불변식 설명을 자주 요구합니다. 실무에서는 삽입 위치 결정, 범위 개수 계산, 조건을 만족하는 첫 지점 찾기에 반복적으로 쓰입니다. 구현 시 [lo, hi) 같은 구간 표현을 통일하면 오프바이원 오류를 크게 줄일 수 있습니다.	하한 탐색									dsa	searching		
Q282	상한 탐색(upper bound search)		Data Structure & Algorithm - 탐색 알고리즘	42	INITIALS	MEDIUM	정렬 배열에서 특정 값을 초과하는 값이 처음 등장하는 위치를 찾는 이진 탐색 변형 기법을 무엇이라고 하는가?	상한 탐색은 target을 “초과”하는 첫 위치를 찾습니다. 하한과 상한을 함께 쓰면 특정 값의 빈도는 상한-하한으로 계산할 수 있습니다. 면접에서는 하한은 이상, 상한은 초과라는 기준을 정확히 구분하는지 자주 확인합니다. 실무에서는 범위 집계, 중복 값 구간 찾기, 조건을 만족하는 첫 false/true 경계 찾기에서 핵심 도구입니다. 구현에서 비교 연산자 하나가 바뀌면 의미가 뒤집히므로 테스트 케이스를 꼼꼼히 두는 것이 좋습니다.	상한 탐색									dsa	searching		
Q283	파라메트릭 서치(parametric search)		Data Structure & Algorithm - 탐색 알고리즘	42	INITIALS	MEDIUM	“가능 여부” 판정 함수가 단조성을 가질 때, 정답 후보 값의 경계를 이진 탐색으로 찾는 기법을 무엇이라고 하는가?	파라메트릭 서치는 배열이 아니라 값의 범위를 대상으로 이진 탐색을 수행합니다. 핵심 전제는 판정 함수 P(x)가 단조적이어야 한다는 점입니다. 단조성이 깨지면 이진 탐색으로 구간을 버리는 과정이 정당화되지 않습니다. 면접에서는 판정 함수 설계를 어떻게 하느냐와, 시간 복잡도를 log(범위)×판정비용으로 표현할 수 있는지를 봅니다. 실무에서는 최소 용량, 최소 시간, 최대 처리량 같은 최적화 경계 값을 찾는 문제에서 자주 활용됩니다.	파라메트릭 서치									dsa	searching		
Q284	선택 알고리즘(Quickselect)		Data Structure & Algorithm - 탐색 알고리즘	42	INITIALS	MEDIUM	정렬을 끝까지 하지 않고, k번째 원소를 찾기 위해 파티션을 반복하는 알고리즘을 무엇이라고 하는가?	Quickselect는 퀵 정렬의 파티션 아이디어를 사용하지만 목적이 “정렬”이 아니라 “k번째 선택”입니다. 파티션 후 k가 포함된 한쪽 구간만 재귀적으로 진행해 평균 O(n)을 기대할 수 있습니다. 면접에서는 왜 평균이 선형인지(한쪽만 진행)와 최악이 왜 O(n^2)까지 갈 수 있는지(나쁜 피벗 연속)를 함께 설명하는 것을 좋아합니다. 실무에서는 Top K, 중앙값 찾기 같은 문제에서 전체 정렬보다 효율적일 수 있습니다. 단, 안정적인 최악 보장이 필요하면 다른 전략을 고려해야 합니다.	퀵셀렉트									dsa	searching		
Q285	안정성(stability)		Data Structure & Algorithm - 정렬 알고리즘	43	INITIALS	MEDIUM	같은 키를 가진 원소의 상대 순서를 보존하는 정렬의 성질을 무엇이라고 하는가?	안정성은 다단계 정렬에서 매우 중요한 성질입니다. 예를 들어 보조 키로 정렬한 뒤 주 키로 안정 정렬을 하면 보조 키 순서가 유지됩니다. 면접에서는 안정 정렬/불안정 정렬 예시를 말하고, 왜 UI나 리포트에서 안정성이 중요한지 실무 관점으로 묻기도 합니다. 실무에서는 사용자가 보던 리스트의 “기존 순서”가 의미를 가질 때 안정성이 UX를 좌우합니다. 안정성이 불필요하면 더 적합한 알고리즘을 선택할 수 있다는 트레이드오프 설명도 함께 준비해두면 좋습니다.	안정성									dsa	sorting		
Q286	결정 트리 모델(decision tree model)		Data Structure & Algorithm - 복잡도 분석	45	INITIALS	MEDIUM	비교 기반 정렬의 하한을 설명할 때, 비교 결과를 분기 노드로 보는 분석 모델을 무엇이라고 하는가?	결정 트리 모델은 비교 기반 알고리즘을 “비교 결과에 따른 분기”로 표현합니다. 비교 한 번은 두 갈래 분기가 되며, 정렬은 가능한 순열을 구분할 만큼 리프가 필요합니다. 이 논리로 비교 기반 정렬은 최악 Ω(n log n) 하한을 가진다고 설명할 수 있습니다. 면접에서는 단순 암기가 아니라 “왜 n log n이 한계인가”를 논리로 말할 수 있는지 확인합니다. 실무에서는 비비교 정렬이 왜 다른 전제를 쓰는지(키 범위/자릿수 활용)로 연결하면 더 설득력 있습니다.	결정 트리 모델									dsa	complexity		
Q287	비교 기반 정렬(Comparison Sort)		Data Structure & Algorithm - 정렬 알고리즘	43	INITIALS	MEDIUM	원소 간 비교 연산만으로 순서를 결정하는 정렬 범주를 무엇이라고 하는가?	비교 기반 정렬은 원소끼리의 비교로만 정렬 순서를 결정합니다. 퀵 정렬, 병합 정렬, 힙 정렬 등이 대표입니다. 이 범주에서는 최악 Ω(n log n) 하한이 성립한다는 점이 면접 포인트로 자주 나옵니다. 실무에서는 comparator 설계가 이 범주의 정렬에서 특히 중요합니다. 또한 안정성, 추가 메모리, 최악 보장 등 다양한 트레이드오프가 알고리즘 선택의 핵심이 됩니다.	비교 기반 정렬									dsa	sorting		
Q288	비비교 정렬(Non-comparison Sort)		Data Structure & Algorithm - 정렬 알고리즘	43	INITIALS	MEDIUM	키의 범위나 자릿수 같은 추가 정보를 이용해 비교 없이 정렬하는 범주를 무엇이라고 하는가?	비비교 정렬은 비교 기반 모델의 한계를 벗어나기 위해 키의 구조를 활용합니다. 카운팅 정렬은 값 범위 K, 기수 정렬은 자릿수 d 같은 파라미터에 의존합니다. 그래서 O(n log n) 하한이 그대로 적용되지 않지만, 대신 메모리/키 범위 조건이 맞아야 합니다. 면접에서는 “항상 더 빠르다”가 아니라 “조건이 맞으면 빠르다”로 설명하는 것이 중요합니다. 실무에서도 키 범위가 큰 데이터에는 적용이 어렵고, 제한된 정수 키에서만 강력한 선택지입니다.	비비교 정렬									dsa	sorting		
Q289	힙 기반 병합(k-way merge)		Data Structure & Algorithm - 정렬 알고리즘	43	INITIALS	MEDIUM	여러 개의 정렬된 리스트를 하나로 합칠 때, 각 리스트의 현재 원소를 힙에 두고 반복 추출하는 병합 기법을 무엇이라고 하는가?	k-way merge는 여러 정렬 리스트를 동시에 병합하는 방식입니다. 각 리스트에서 “현재 후보 1개”만 힙에 유지하면 힙 크기는 최대 k로 제한됩니다. 그래서 전체 원소 수가 n이면 시간 복잡도는 보통 O(n log k)로 설명합니다. 면접에서는 왜 log n이 아니라 log k인지(힙 크기 제한) 설명할 수 있어야 합니다. 실무에서는 외부 정렬, 로그 병합, 다중 스트림 합치기에서 필수 패턴입니다.	k-방향 병합									dsa	sorting		
Q290	외부 정렬(external sort)		Data Structure & Algorithm - 정렬 알고리즘	43	INITIALS	MEDIUM	메모리에 다 올릴 수 없는 대용량 데이터를 run으로 나눠 정렬 후 병합하는 정렬 방식을 무엇이라고 하는가?	외부 정렬은 메모리보다 큰 데이터를 디스크 기반으로 정렬하는 기법입니다. 먼저 메모리 크기만큼 읽어 내부 정렬해 run을 만들고, 이후 여러 run을 k-way merge로 병합합니다. 성능은 CPU보다 디스크 I-O가 지배하는 경우가 많습니다. 면접에서는 왜 어렵고 무엇을 최적화해야 하는지(I-O 패스 수, 버퍼링)를 묻습니다. 실무에서는 배치 처리, 대용량 로그 정렬, 데이터 웨어하우스 전처리에서 자주 등장합니다.	외부 정렬									dsa	sorting		
Q291	갤로핑 탐색(exponential search)		Data Structure & Algorithm - 탐색 알고리즘	42	INITIALS	MEDIUM	정렬된 데이터에서 탐색 범위를 1,2,4,8처럼 확장해 상한을 찾고, 그 구간에서 이진 탐색을 수행하는 기법을 무엇이라고 하는가?	갤로핑(지수) 탐색은 배열 길이를 모르거나 상한을 모를 때 유용합니다. 범위를 기하급수적으로 키워 target이 들어갈 구간을 찾고, 그 구간에서 이진 탐색으로 마무리합니다. 면접에서는 이 기법이 어떤 상황에서 필요한지(무한 배열 모델, 페이지 단위 접근)를 묻기도 합니다. 실무에서는 대규모 데이터에서 범위 상한을 모를 때 아이디어로 활용됩니다. 또한 상한을 찾는 과정과 이진 탐색을 분리해 설명하면 이해도가 좋아 보입니다.	갤로핑 탐색									dsa	searching		
Q292	보간 탐색(interpolation search)		Data Structure & Algorithm - 탐색 알고리즘	42	INITIALS	MEDIUM	정렬된 배열에서 값의 분포를 이용해 mid를 추정해 탐색하는 기법을 무엇이라고 하는가?	보간 탐색은 중앙이 아니라 값의 비율로 위치를 추정합니다. 값이 균등하게 분포되어 있으면 매우 빠를 수 있지만, 분포가 치우치면 성능이 크게 악화될 수 있습니다. 면접에서는 “가정이 성능에 강하게 영향을 준다”는 점을 강조해야 합니다. 실무에서는 분포가 안정적으로 균등한 데이터가 아니라면 적용이 조심스럽습니다. 따라서 보간 탐색을 말할 때는 장점과 전제 조건을 반드시 함께 설명하는 것이 좋습니다.	보간 탐색									dsa	searching		
Q293	단조성(monotonicity)		Data Structure & Algorithm - 탐색 알고리즘	42	INITIALS	MEDIUM	파라메트릭 서치에서 가능/불가능 판정이 한 번만 바뀌는 성질을 무엇이라고 하는가?	단조성은 값이 증가(또는 감소)할 때 판정 결과가 한 방향으로만 변하는 성질입니다. 파라메트릭 서치는 이 성질이 있어야 이진 탐색으로 구간을 버리는 것이 정당화됩니다. 면접에서는 단조성을 어떻게 증명하거나 확인할지 질문이 자주 나옵니다. 실무에서도 판정 함수를 잘못 만들면 이진 탐색이 그럴듯해 보여도 오답이 됩니다. 단조성은 “이 방법이 가능한가”를 결정하는 핵심 체크리스트로 정리해두면 좋습니다.	단조성									dsa	searching		
Q294	오프바이원(off-by-one)		Data Structure & Algorithm - 탐색 알고리즘	42	INITIALS	MEDIUM	경계 인덱스를 1만큼 잘못 처리해 탐색/정렬에서 오류가 발생하는 대표적인 버그를 무엇이라고 하는가?	오프바이원은 인덱스 경계를 1만큼 틀리게 처리하는 버그입니다. 특히 lower/upper bound, 파티션, 투 포인터에서 자주 발생합니다. 면접에서는 “왜 경계가 어렵냐”를 불변식과 구간 표현([lo, hi) 등)로 설명할 수 있어야 합니다. 실무에서는 테스트에서 잘 안 걸리는 케이스가 많아, 경계값(빈 배열, 길이 1, 전부 동일, 전부 다름)을 체계적으로 넣는 습관이 중요합니다. 구간 표기를 일관되게 쓰면 오프바이원을 크게 줄일 수 있습니다.	오프바이원									dsa	searching		
Q295	최악 입력(adversarial input)		Data Structure & Algorithm - 복잡도 분석	45	INITIALS	MEDIUM	알고리즘 성능을 최악으로 만들도록 의도적으로 구성된 입력을 무엇이라고 하는가?	최악 입력은 알고리즘이 가장 느려지도록 만들어진 입력을 의미합니다. 퀵 정렬에서 특정 피벗 선택을 고정하면 이미 정렬된 배열이 최악이 될 수 있습니다. 면접에서는 평균 성능만 믿으면 안 되는 이유로 최악 입력을 자주 언급합니다. 실무에서도 악의적 트래픽이나 편향된 데이터로 인해 최악 케이스가 현실이 될 수 있습니다. 그래서 랜덤화, 최악 보장 알고리즘, 하이브리드 전략 같은 방어책을 함께 알고 있으면 좋습니다.	최악 입력									dsa	complexity		
Q296	분기 예측(branch prediction)		Data Structure & Algorithm - 복잡도 분석	45	INITIALS	MEDIUM	실제 성능에서 if 분기 패턴이 CPU 파이프라인 효율에 영향을 주는 하드웨어 수준 요인을 무엇이라고 하는가?	분기 예측은 CPU가 조건 분기의 결과를 미리 추측해 파이프라인을 효율적으로 유지하려는 메커니즘입니다. 예측이 맞으면 빠르지만 틀리면 파이프라인 플러시로 비용이 커질 수 있습니다. 면접에서는 빅오가 같아도 실제 속도가 달라지는 이유로 캐시/분기 예측을 예로 들기도 합니다. 실무에서는 정렬 구현에서 분기 패턴이 성능에 영향을 주는 경우가 있어, 표준 라이브러리의 하이브리드 설계 이유로 연결될 수 있습니다. 다만 알고리즘 선택에서는 먼저 빅오와 요구사항을 맞추고, 마지막에 미세 튜닝으로 보는 것이 일반적입니다.	분기 예측									dsa	complexity		
Q297	캐시 지역성(cache locality)		Data Structure & Algorithm - 복잡도 분석	45	INITIALS	MEDIUM	메모리에 가까운 데이터 접근 패턴이 실제 성능을 크게 좌우하는 특성을 무엇이라고 하는가?	캐시 지역성은 CPU 캐시가 잘 맞도록 연속적이고 반복적인 접근이 성능에 유리하다는 성질입니다. 배열 기반 정렬/탐색이 트리 기반 구조보다 실제로 빠르게 느껴질 수 있는 이유 중 하나입니다. 면접에서는 빅오가 같아도 배열이 더 빠른 이유를 지역성으로 설명하라고 할 수 있습니다. 실무에서는 자료구조 선택에서 “이론 복잡도 + 실제 메모리 접근”을 함께 고려해야 합니다. 특히 대규모 데이터에서는 캐시 미스가 전체 시간을 지배할 수 있어 중요합니다.	캐시 지역성									dsa	complexity		
Q298	하이브리드 정렬(hybrid sort)		Data Structure & Algorithm - 정렬 알고리즘	43	INITIALS	MEDIUM	평균 성능과 최악 성능, 작은 구간 최적화를 동시에 만족하려 여러 정렬을 섞어 쓰는 접근을 무엇이라고 하는가?	하이브리드 정렬은 한 가지 정렬만 고집하지 않고 여러 알고리즘을 결합하는 전략입니다. 예를 들어 큰 구간은 퀵 정렬로 빠르게 처리하고, 작은 구간은 삽입 정렬로 마무리하는 식이 대표적입니다. 면접에서는 왜 표준 라이브러리가 이런 방식을 택하는지(최악 방어, 상수 개선)를 물을 수 있습니다. 실무에서는 평균이 빠르면서도 최악을 피하는 설계가 운영 안정성에 유리합니다. 따라서 “성능 + 안전성” 관점으로 설명하면 면접 답변이 탄탄해집니다.	하이브리드 정렬									dsa	sorting		
Q299	경계 값(boundary value)		Data Structure & Algorithm - 탐색 알고리즘	42	INITIALS	MEDIUM	lower/upper bound나 파라메트릭 서치에서 조건이 바뀌는 지점을 의미하는 값을 무엇이라고 하는가?	경계 값은 조건이 true에서 false로, 또는 불가능에서 가능으로 바뀌는 전환 지점입니다. 이진 탐색 변형들은 대부분 이 경계 값을 찾는 문제로 모델링할 수 있습니다. 면접에서는 “정답은 값 자체가 아니라 경계 인덱스/경계 값”인 문제를 구분하는지 확인합니다. 실무에서도 최소/최대 가능한 값, 첫 발생 위치, 마지막 발생 위치 같은 요구는 모두 경계 탐색으로 귀결됩니다. 경계 문제는 오프바이원 버그가 잦으니 구간 정의와 불변식을 명확히 하는 습관이 중요합니다.	경계 값									dsa	searching		
Q300	이진 탐색 불변식(binary search invariant)		Data Structure & Algorithm - 탐색 알고리즘	42	INITIALS	MEDIUM	이진 탐색에서 “정답은 항상 현재 탐색 구간 안에 있다” 같은 성질을 유지하며 갱신 규칙을 설계하는 핵심 개념을 무엇이라고 하는가?	불변식은 반복문이 돌 때마다 반드시 참이어야 하는 조건입니다. 이진 탐색은 구간을 절반씩 버리는데, 버릴 때마다 정답이 남아 있다는 보장이 필요합니다. 그래서 [lo, hi) 같은 구간 정의와 함께 불변식을 세우면 오프바이원 버그를 크게 줄일 수 있습니다. 면접에서는 불변식을 말로 설명할 수 있는지, 그리고 갱신 규칙이 불변식을 깨지 않는지 설명하는지를 봅니다. 실무에서도 경계 탐색을 구현할 때 불변식 없이 코딩하면 테스트는 통과해도 특정 케이스에서 틀릴 확률이 높아집니다.	이진 탐색 불변식									dsa	searching		
Q301	반열림 구간(half-open interval)		Data Structure & Algorithm - 탐색 알고리즘	42	INITIALS	MEDIUM	이진 탐색 구현에서 [lo, hi)처럼 hi는 포함하지 않는 구간 표기 방식을 무엇이라고 하는가?	반열림 구간은 시작은 포함하고 끝은 포함하지 않는 구간 표현입니다. 길이가 hi-lo로 바로 계산돼 경계 처리가 단순해지는 장점이 있습니다. lower/upper bound 구현에서도 종료 조건이 lo==hi로 수렴해 깔끔해집니다. 면접에서는 이 표기를 왜 선호하는지와, [lo, hi] 표기와의 차이를 물을 수 있습니다. 실무에서는 팀 내에서 구간 표기를 통일하면 경계 버그와 커뮤니케이션 비용이 크게 줄어듭니다.	반열림 구간									dsa	searching		
Q302	첫 참 탐색(first true)		Data Structure & Algorithm - 탐색 알고리즘	42	INITIALS	MEDIUM	단조 판정 함수에서 true가 처음 등장하는 지점을 찾는 이진 탐색 패턴을 무엇이라고 하는가?	“첫 참 탐색”은 경계 탐색의 대표 패턴입니다. 조건이 false에서 true로 한 번만 바뀌는 단조성이 있을 때 적용할 수 있습니다. 구현은 lower bound와 거의 동일하며, mid가 true면 왼쪽으로, false면 오른쪽으로 이동합니다. 면접에서는 이 패턴을 파라메트릭 서치와 연결해 설명할 수 있는지 자주 확인합니다. 실무에서도 최소 용량, 최소 시간 같은 “가능한 최소값”을 찾는 문제로 자주 변형됩니다.	첫 참 탐색									dsa	searching		
Q303	마지막 참 탐색(last true)		Data Structure & Algorithm - 탐색 알고리즘	42	INITIALS	MEDIUM	단조 판정 함수에서 true가 마지막으로 나타나는 지점을 찾는 이진 탐색 패턴을 무엇이라고 하는가?	마지막 참 탐색은 true가 유지되다가 false로 바뀌는 경계에서 마지막 true 위치를 찾는 패턴입니다. “최대로 가능한 값”을 찾는 문제에서 자주 등장합니다. 구현에서는 mid가 true면 오른쪽으로 확장하고, false면 왼쪽으로 좁히는 방식이 됩니다. 면접에서는 첫 참과 마지막 참이 왜 다른지, 반환 인덱스/값을 어떻게 정의하는지 물어봅니다. 실무에서는 최대 처리량, 최대 길이, 최대 속도 같은 튜닝 문제에서 활용됩니다.	마지막 참 탐색									dsa	searching		
Q304	최솟값 선택(min selection)		Data Structure & Algorithm - 탐색 알고리즘	42	INITIALS	MEDIUM	파라메트릭 서치에서 “가능한 값들 중 최소”를 찾는 목표를 무엇이라고 하는가?	파라메트릭 서치의 대표 목표 중 하나가 가능한 값의 최소를 찾는 것입니다. 예를 들어 최소 용량, 최소 시간, 최소 비용 같은 문제가 여기에 해당합니다. 단조 판정에서 x가 커질수록 가능해지는 형태면, 첫 참 탐색으로 최소 가능 값을 찾습니다. 면접에서는 “왜 최소를 찾을 수 있나”를 단조성으로 정당화할 수 있어야 합니다. 실무에서도 SLA 만족 최소 자원 산정처럼 비용 최적화 문제에서 많이 쓰입니다.	최소값 선택									dsa	searching		
Q305	최댓값 선택(max selection)		Data Structure & Algorithm - 탐색 알고리즘	42	INITIALS	MEDIUM	파라메트릭 서치에서 “가능한 값들 중 최대”를 찾는 목표를 무엇이라고 하는가?	최대 가능 값을 찾는 것도 파라메트릭 서치의 전형적인 형태입니다. 예를 들어 최대 속도, 최대 길이, 최대 인원 같은 문제가 여기에 해당합니다. 단조 판정에서 x가 커질수록 불가능해지는 형태면 마지막 참 탐색으로 최대를 찾습니다. 면접에서는 목표가 최소인지 최대인지에 따라 이진 탐색 방향이 어떻게 달라지는지 설명하라고 할 수 있습니다. 실무에서는 성능 튜닝에서 “안정적으로 가능한 최대치”를 찾는 데 자주 쓰입니다.	최대값 선택									dsa	searching		
Q306	안정 병합(stable merge)		Data Structure & Algorithm - 정렬 알고리즘	43	INITIALS	MEDIUM	병합 정렬에서 두 정렬 리스트를 합칠 때, 같은 값이면 왼쪽 원소를 먼저 선택해 안정성을 유지하는 병합 방식을 무엇이라고 하는가?	병합 단계에서 동일 키가 나왔을 때 왼쪽을 먼저 선택하면 원래 순서가 유지됩니다. 이 규칙 하나로 병합 정렬은 안정 정렬이 됩니다. 면접에서는 병합 정렬이 왜 안정적인지 병합 규칙으로 설명할 수 있어야 합니다. 실무에서는 다단계 정렬에서 안정성이 필요할 때 병합 정렬 계열이 자주 선택됩니다. 구현에서 비교 연산자를 <로 둘지 <=로 둘지에 따라 안정성이 달라질 수 있어 주의가 필요합니다.	안정 병합									dsa	sorting		
Q307	작은 구간 삽입 정렬(small array insertion sort)		Data Structure & Algorithm - 정렬 알고리즘	43	INITIALS	MEDIUM	하이브리드 정렬에서 작은 구간을 삽입 정렬로 마무리하는 최적화 패턴을 무엇이라고 하는가?	작은 n에서는 O(n^2)이라도 상수 비용이 작아 삽입 정렬이 빠르게 동작할 수 있습니다. 그래서 많은 하이브리드 정렬이 분할을 충분히 한 뒤 작은 구간을 삽입 정렬로 정리합니다. 면접에서는 왜 작은 구간에서 삽입 정렬이 유리한지(분기/캐시/오버헤드)를 묻기도 합니다. 실무에서도 표준 정렬이 이런 최적화를 넣는 이유로 설명할 수 있습니다. 임계값(threshold)은 환경에 따라 달라질 수 있어 하드코딩보다는 근거 있는 선택이 중요합니다.	작은 구간 삽입 정렬									dsa	sorting		
Q308	피벗 랜덤화(randomized pivot)		Data Structure & Algorithm - 정렬 알고리즘	43	INITIALS	MEDIUM	퀵 정렬에서 최악 입력을 방어하기 위해 피벗을 무작위로 선택하는 전략을 무엇이라고 하는가?	피벗 랜덤화는 입력이 악의적으로 구성되어도 최악 케이스에 빠질 확률을 낮춥니다. 특정 피벗 규칙을 고정하면 정렬된 배열 같은 입력이 최악이 되기 쉽습니다. 랜덤 피벗은 기대 성능을 안정화하는 대표적 방법입니다. 면접에서는 “최악 O(n^2)은 없어지나?” 같은 질문이 나오는데, 최악 가능성은 남지만 확률적으로 방어한다고 말해야 합니다. 실무에서는 외부 입력을 받는 서비스라면 이런 방어가 운영 안정성에 도움이 됩니다.	피벗 랜덤화									dsa	sorting		
Q309	중앙값 근사(median-of-three)		Data Structure & Algorithm - 정렬 알고리즘	43	INITIALS	MEDIUM	퀵 정렬에서 첫/중간/끝 원소 중 중앙값을 피벗으로 골라 치우친 분할을 줄이려는 전략을 무엇이라고 하는가?	median-of-three는 세 값의 중앙값을 피벗으로 선택해 분할 품질을 개선합니다. 정렬된 입력에서 첫 원소를 피벗으로 고르는 것보다 훨씬 안정적일 수 있습니다. 면접에서는 이런 전략이 왜 성능을 개선하는지(분할 균형 개선) 설명이 중요합니다. 실무에서는 랜덤화와 함께 쓰이거나, 라이브러리 구현의 휴리스틱으로 자주 등장합니다. 다만 “항상 최악을 제거한다”가 아니라 “평균적으로 덜 치우치게 한다”로 말해야 정확합니다.	중앙값 근사									dsa	sorting		
Q310	재귀 깊이(recursion depth)		Data Structure & Algorithm - 복잡도 분석	45	INITIALS	MEDIUM	퀵 정렬에서 분할이 치우치면 호출 스택이 깊어져 위험해지는 지표를 무엇이라고 하는가?	재귀 깊이는 호출 스택이 얼마나 깊게 쌓이는지를 의미합니다. 퀵 정렬이 최악으로 치우치면 깊이가 n까지 커질 수 있고, 이는 성능뿐 아니라 스택 오버플로 위험도 증가시킵니다. 면접에서는 최악 O(n^2)와 재귀 깊이를 함께 연결해 설명하는 것이 중요합니다. 실무에서는 반복 구현이나 하이브리드(인트로소트)로 전환해 리스크를 줄이기도 합니다. 특히 언어별 기본 스택 한계를 고려해야 안정적인 구현이 됩니다.	재귀 깊이									dsa	complexity		
Q311	인트로소트(Introsort)		Data Structure & Algorithm - 정렬 알고리즘	43	INITIALS	MEDIUM	퀵 정렬을 기본으로 하되, 재귀가 너무 깊어지면 힙 정렬로 전환해 최악을 방어하는 하이브리드 정렬을 무엇이라고 하는가?	인트로소트는 평균적으로 빠른 퀵 정렬을 사용하되, 최악 징후(재귀 깊이 증가)가 보이면 힙 정렬로 전환합니다. 이렇게 해서 최악 시간 복잡도를 O(n log n)으로 제한할 수 있습니다. 면접에서는 왜 전환하는지와, 무엇을 감지하는지(깊이 제한)를 말하는 것이 핵심입니다. 실무에서는 표준 라이브러리 정렬이 최악을 방어하기 위해 하이브리드를 쓰는 대표 사례로 자주 언급됩니다. 단순히 “빠르다”보다 “운영 안정성” 관점으로 설명하면 좋습니다.	인트로소트									dsa	sorting		
Q312	반대칭성(antisymmetry)		Data Structure & Algorithm - 정렬 알고리즘	43	INITIALS	MEDIUM	comparator에서 A<B이면 반드시 B<A는 거짓이어야 하는 성질을 무엇이라고 하는가?	반대칭성은 비교 함수가 일관된 순서를 만들기 위한 기본 조건입니다. 이 조건이 깨지면 정렬 결과가 비결정적이거나 정렬이 제대로 끝나지 않을 수 있습니다. 면접에서는 comparator 계약(contract)에서 반대칭성, 추이성 등을 알고 있는지 확인합니다. 실무에서는 null 처리, locale 비교, NaN 비교 같은 곳에서 계약이 깨지기 쉬워 주의가 필요합니다. 정렬 버그는 재현이 어렵고 영향이 커서 비교 함수에 대한 테스트가 중요합니다.	반대칭성									dsa	sorting		
Q313	추이성(transitivity)		Data Structure & Algorithm - 정렬 알고리즘	43	INITIALS	MEDIUM	comparator에서 A<B이고 B<C이면 A<C가 되어야 하는 성질을 무엇이라고 하는가?	추이성은 비교 관계가 논리적으로 모순되지 않기 위한 핵심 조건입니다. 추이성이 깨지면 정렬 알고리즘이 어떤 순서를 만들어야 할지 정의 자체가 흔들립니다. 면접에서는 반대칭성과 함께 comparator 계약을 묻는 단골 주제입니다. 실무에서는 여러 필드를 복합 비교할 때(예: 점수 내림차순, 이름 오름차순) 우선순위를 명확히 두지 않으면 추이성이 깨질 수 있습니다. 따라서 비교 기준을 단계적으로 정리하고 테스트로 검증하는 습관이 중요합니다.	추이성									dsa	sorting		
Q314	중복 구간(range of equals)		Data Structure & Algorithm - 탐색 알고리즘	42	INITIALS	MEDIUM	정렬 배열에서 특정 값이 연속으로 나타나는 구간을 하한/상한으로 찾아낼 때, 그 연속 구간을 무엇이라고 부를 수 있는가?	정렬된 배열에서는 같은 값이 연속 구간을 형성합니다. 이 구간의 시작은 하한, 끝은 상한으로 찾을 수 있습니다. 면접에서는 이 아이디어를 이용해 “값의 개수”, “첫 등장/마지막 등장”을 구하는 문제를 자주 냅니다. 실무에서는 로그 레벨, 상태 코드처럼 반복되는 값의 빈도 집계에 자주 쓰입니다. 구간을 찾은 뒤 길이를 계산하거나, 구간 내에서 추가 처리를 하는 패턴으로 이어질 수 있습니다.	중복 구간									dsa	searching		
Q315	범위 질의(range query)		Data Structure & Algorithm - 탐색 알고리즘	42	INITIALS	MEDIUM	값의 구간 [L, R]에 속하는 원소 개수나 조건을 조회하는 질의 유형을 무엇이라고 하는가?	범위 질의는 특정 값 범위에 대한 조회를 의미합니다. 정렬 + bound 탐색으로 범위 개수를 O(log n)에 구할 수 있어 면접에서 자주 연결됩니다. 실무에서는 검색 필터, 가격 구간, 날짜 구간 같은 기능이 범위 질의로 모델링됩니다. 데이터가 동적으로 변하면 정렬 유지 비용이 커질 수 있어 자료구조 선택이 달라질 수 있습니다. 따라서 “정렬 기반 접근 vs 트리/인덱스” 트레이드오프를 함께 설명하면 좋습니다.	범위 질의									dsa	searching		
Q316	비교 횟수(comparison count)		Data Structure & Algorithm - 복잡도 분석	45	INITIALS	MEDIUM	정렬 성능을 분석할 때 핵심 지표로 자주 쓰는 “원소 간 비교가 수행된 횟수”를 무엇이라고 하는가?	비교 횟수는 비교 기반 정렬의 비용을 이해하는 핵심 지표입니다. 같은 Big-O라도 비교 횟수의 상수 차이가 실제 성능 차이를 만들 수 있습니다. 면접에서는 버블/선택/삽입의 비교 횟수 특성을 비교해보라고 할 수 있습니다. 실무에서도 comparator가 비싼 연산(문자열/다중 필드 비교)일수록 비교 횟수 최적화가 중요합니다. 또한 데이터 분포에 따라 비교가 줄어드는 알고리즘(팀소트, 조기 종료 등)을 언급하면 좋습니다.	비교 횟수									dsa	complexity		
Q317	교환 횟수(swap count)		Data Structure & Algorithm - 복잡도 분석	45	INITIALS	MEDIUM	정렬에서 스왑이 수행된 횟수를 분석 지표로 부르는 용어를 무엇이라고 하는가?	교환 횟수는 실제 메모리 쓰기 비용과 연관이 깊습니다. 선택 정렬은 비교는 많지만 스왑은 적다는 특징이 대표적입니다. 면접에서는 비교 횟수와 교환 횟수의 차이를 이해하는지 확인할 수 있습니다. 실무에서는 큰 객체를 스왑하면 비용이 커지므로, 인덱스 배열을 정렬하거나 포인터/참조만 교환하는 식의 최적화가 고려됩니다. 따라서 교환 비용이 큰 데이터에서는 알고리즘 선택 기준이 달라질 수 있습니다.	교환 횟수									dsa	complexity		
Q318	판정 함수(feasibility check)		Data Structure & Algorithm - 탐색 알고리즘	42	INITIALS	MEDIUM	파라메트릭 서치에서 특정 값 x가 조건을 만족하는지 확인하는 함수를 무엇이라고 하는가?	판정 함수는 파라메트릭 서치의 핵심입니다. x가 주어졌을 때 가능/불가능을 빠르게 판단해야 전체 탐색이 효율적입니다. 면접에서는 판정 함수가 단조성을 가지도록 설계할 수 있는지, 그리고 판정 비용이 전체 시간에 어떻게 영향을 주는지(곱해진다)를 봅니다. 실무에서는 판정 함수가 무거우면 캐싱이나 프리컴퓨팅으로 줄이는 최적화도 고려할 수 있습니다. 또한 판정 함수에서 overflow나 경계 조건 버그가 나면 전체 답이 틀리므로 테스트가 중요합니다.	판정 함수									dsa	searching		
Q319	값 범위 탐색(value range search)		Data Structure & Algorithm - 탐색 알고리즘	42	INITIALS	MEDIUM	배열 인덱스가 아니라 “정답이 될 수 있는 값의 범위”를 이진 탐색 대상으로 삼는 접근을 무엇이라고 하는가?	값 범위 탐색은 파라메트릭 서치의 핵심 아이디어를 더 일반적으로 부르는 말입니다. 정답 후보가 연속된 값 범위로 표현될 때, 그 범위를 이진 탐색으로 줄여나갑니다. 면접에서는 인덱스 탐색과 값 탐색을 구분할 수 있는지 확인합니다. 실무에서도 최소/최대 경계값 문제는 대부분 값 범위 탐색으로 모델링할 수 있습니다. 단, 적용 전제는 항상 판정의 단조성이므로 그 조건을 먼저 검증해야 합니다.	값 범위 탐색									dsa	searching		
Q320	결정 트리 하한(Decision Tree Lower Bound)		Data Structure & Algorithm - 복잡도 분석	45	INITIALS	HARD	비교 기반 정렬이 최악에서 n log n보다 더 빨라질 수 없다는 사실을 “비교 결과로 분기하는 트리” 관점에서 설명할 때 사용하는 분석 모델은 무엇인가?	비교 기반 정렬은 비교 결과(참/거짓)만으로 가능한 순열 중 하나를 구분해야 합니다. 이 과정을 분기 트리로 표현하면, 리프 수가 최소 n! 이상이어야 하고 트리 높이는 log2(n!) 이상이 됩니다. 이는 Θ(n log n) 하한으로 이어져, 비교 기반 모델에서 최악 성능이 그보다 빨라질 수 없음을 설명합니다. 면접에서는 단순히 “하한이 있다”가 아니라 왜 그런지 논리 흐름을 말할 수 있는지 봅니다. 실무에서는 비비교 정렬이 왜 이 하한에서 벗어나는지(추가 정보 사용)까지 연결하면 깊이가 생깁니다.	결정 트리 하한									dsa	complexity		
Q321	Median of Medians(최악 선형 선택)		Data Structure & Algorithm - 탐색 알고리즘	42	INITIALS	HARD	선택 문제에서 피벗을 “항상 충분히 좋은 값”으로 골라 최악 O(n)을 보장하는 결정적 선택 알고리즘을 무엇이라고 하는가?	Median of Medians는 원소를 그룹으로 나누고 각 그룹의 중앙값을 모아 다시 중앙값을 구하는 방식으로 피벗을 선택합니다. 이 피벗은 분할이 너무 치우치지 않음을 보장해, 재귀가 빠르게 줄어듭니다. 그 결과 선택(k번째 원소 찾기)에서 최악 O(n)을 보장합니다. 면접에서는 “왜 최악이 선형인가”를 분할 비율 보장 관점으로 설명할 수 있어야 합니다. 실무에서는 구현 난이도와 상수 비용 때문에 평균 성능이 좋은 Quickselect가 더 흔하지만, 최악 보장이 필요한 경우 선택할 수 있습니다.	중앙값의 중앙값									dsa	searching		
Q322	인트로소트(Introsort)		Data Structure & Algorithm - 정렬 알고리즘	43	INITIALS	HARD	퀵 정렬을 하다가 재귀 깊이가 일정 기준을 넘으면 힙 정렬로 전환해 최악 O(n log n)을 보장하는 하이브리드 정렬을 무엇이라고 하는가?	인트로소트는 평균 성능이 좋은 퀵 정렬을 기본으로 사용합니다. 하지만 분할이 계속 치우치면 재귀 깊이가 커지고 최악 O(n^2) 위험이 생깁니다. 이를 감지해 힙 정렬로 전환하면 최악을 O(n log n)으로 제한할 수 있습니다. 면접에서는 “언제 전환하나”를 재귀 깊이 제한과 연결해 말하는 것이 중요합니다. 실무에서는 표준 라이브러리 정렬이 운영 안정성을 위해 하이브리드를 쓰는 대표 사례로 언급됩니다.	인트로소트									dsa	sorting		
Q323	안정 In-place 정렬의 난점		Data Structure & Algorithm - 정렬 알고리즘	43	INITIALS	HARD	안정성, in-place, 최악 O(n log n)을 동시에 만족하는 정렬이 실무에서 흔치 않은 이유로 가장 핵심이 되는 특성을 무엇이라고 요약할 수 있는가?	안정 정렬은 같은 키의 상대 순서를 유지해야 하고, in-place는 큰 보조 배열 없이 처리해야 합니다. 여기에 최악 O(n log n)까지 요구하면 알고리즘 설계가 매우 복잡해집니다. 이 조합을 만족하는 알고리즘이 존재하더라도 구현 난이도와 상수 비용이 커서 라이브러리에서 흔히 채택되지 않습니다. 면접에서는 “요구사항 3개를 동시에 만족시키기 어렵다”는 트레이드오프 감각을 봅니다. 실무에서는 안정성을 포기하거나, 추가 메모리를 허용하거나, 최악 보장 대신 평균 성능을 선택하는 식으로 요구를 조정합니다.	트레이드오프									dsa	sorting		
Q324	3구간 분할(Dutch National Flag)		Data Structure & Algorithm - 정렬 알고리즘	43	INITIALS	HARD	pivot 기준으로 <, ==, > 세 영역을 한 번의 스캔으로 나누어 중복 키에서 퀵 정렬 성능을 개선하는 분할 알고리즘을 무엇이라고 하는가?	3구간 분할은 중복 값이 많은 데이터에서 퀵 정렬의 재귀량을 줄이는 핵심 기법입니다. == pivot 영역은 정렬이 필요 없으므로 바로 확정됩니다. 이를 한 번의 스캔으로 처리하는 대표 알고리즘이 Dutch National Flag 문제 해법입니다. 면접에서는 포인터 세 개(low, mid, high)로 불변식을 유지하는 설명을 요구할 수 있습니다. 실무에서는 카디널리티가 낮은 키 정렬에서 효과가 크며, 파티션 버그가 잦으니 불변식 기반 구현이 중요합니다.	네덜란드 국기 알고리즘									dsa	sorting		
Q325	힙 구성(Heapify)		Data Structure & Algorithm - 정렬 알고리즘	43	INITIALS	HARD	배열을 힙으로 만드는 과정에서, 모든 노드에 대해 sift-down을 적용해 O(n)에 힙을 구성하는 절차를 무엇이라고 하는가?	힙을 만들 때 원소를 하나씩 삽입하면 O(n log n)이지만, 바닥부터 sift-down을 하면 O(n)으로 구성할 수 있습니다. 이 과정을 heapify라고 부릅니다. 면접에서는 왜 O(n)인지(높이별 노드 수와 비용의 합이 수렴)를 간단히라도 설명할 수 있어야 합니다. 실무에서는 힙 정렬, 우선순위 큐 초기화, k-way merge 준비 등에 중요합니다. 구현 시 0-index/1-index에 따라 자식 인덱스 계산이 달라지므로 경계 처리가 핵심입니다.	힙 구성									dsa	sorting		
Q326	k-way merge의 시간 복잡도		Data Structure & Algorithm - 복잡도 분석	45	INITIALS	HARD	k개의 정렬된 리스트를 힙으로 병합할 때 총 n개 원소를 처리하는 시간 복잡도가 n log k로 나타나는 핵심 근거가 되는 자료구조는 무엇인가?	k-way merge는 각 리스트의 “현재 최소 후보”만 힙에 넣고 관리합니다. 힙에는 최대 k개만 들어가므로 힙 연산은 O(log k)입니다. n개 원소를 하나씩 꺼내고 다음 후보를 넣는 과정이 반복되므로 총 O(n log k)가 됩니다. 면접에서는 왜 log n이 아닌 log k인지(힙 크기 제한)를 강조해야 합니다. 실무에서는 외부 정렬, 다중 스트림 병합, 로그 집계에서 필수 패턴이며, k가 커지면 병합 단계 수를 조절하는 설계가 필요합니다.	최소 힙									dsa	complexity		
Q327	외부 정렬(External Sort)		Data Structure & Algorithm - 정렬 알고리즘	43	INITIALS	HARD	메모리보다 큰 데이터를 run 단위로 나눠 내부 정렬 후 다단 병합해 정렬하는 전체 전략을 무엇이라고 하는가?	외부 정렬은 디스크 I-O가 병목인 상황에서 사용하는 정렬 전략입니다. 먼저 메모리 크기만큼 읽어 정렬해 run을 만들고, 이후 k-way merge로 여러 run을 병합합니다. 전체 성능은 CPU보다 I-O 패스 수에 크게 좌우됩니다. 면접에서는 왜 버퍼 크기와 병합 fan-in이 중요한지, 그리고 I-O를 줄이려면 무엇을 해야 하는지 질문이 자주 나옵니다. 실무에서는 배치 ETL, 대용량 로그 처리, 데이터 웨어하우스 전처리에서 흔히 사용됩니다.	외부 정렬									dsa	sorting		
Q328	보간 탐색의 전제(Uniform Distribution)		Data Structure & Algorithm - 탐색 알고리즘	42	INITIALS	HARD	보간 탐색이 매우 빠르게 동작하려면 데이터 값이 “어떤 형태”로 분포되어 있어야 한다는 전제가 필요한가?	보간 탐색은 mid를 단순 중앙이 아니라 값의 비율로 추정합니다. 값이 균등하게 분포되어 있으면 추정이 잘 맞아 탐색이 빠르게 수렴할 수 있습니다. 하지만 분포가 치우치면 추정이 빗나가며 성능이 급격히 악화될 수 있습니다. 면접에서는 “가정이 깨지면 위험하다”는 점을 명확히 말해야 합니다. 실무에서는 분포가 안정적으로 균등하다는 확신이 없으면 보간 탐색 적용을 조심하는 것이 안전합니다.	균등 분포									dsa	searching		
Q329	지수 탐색(Exponential Search)		Data Structure & Algorithm - 탐색 알고리즘	42	INITIALS	HARD	길이를 모르는 정렬된 데이터에서 범위를 1,2,4,8로 확장해 상한을 찾고 이진 탐색으로 마무리하는 탐색을 무엇이라고 하는가?	지수 탐색은 탐색 구간의 상한을 모를 때 유용합니다. 먼저 지수적으로 범위를 늘려 target이 들어갈 구간을 찾고, 그 구간에서 이진 탐색으로 정밀 탐색합니다. 전체 과정이 로그 계열로 동작하기 때문에 효율적입니다. 면접에서는 왜 단순 이진 탐색을 바로 못 쓰는지(hi가 없음)를 설명하는 것이 중요합니다. 실무에서는 페이지네이션, 스트리밍처럼 끝을 모르는 데이터 접근에서 아이디어로 활용됩니다.	지수 탐색									dsa	searching		
Q330	lower bound와 upper bound 차이		Data Structure & Algorithm - 탐색 알고리즘	42	INITIALS	HARD	정렬 배열에서 특정 값의 등장 횟수를 upperBound(x) - lowerBound(x)로 계산할 수 있는 이유가 되는 핵심 개념을 무엇이라고 하는가?	정렬된 배열에서는 같은 값이 연속한 구간을 형성합니다. lower bound는 그 구간의 시작(>=x 첫 위치), upper bound는 구간의 끝(>x 첫 위치)을 가리킵니다. 두 인덱스의 차이는 연속 구간의 길이이므로 등장 횟수가 됩니다. 면접에서는 >=와 >를 정확히 구분하고, 왜 차이가 개수인지 설명할 수 있어야 합니다. 실무에서는 빈도 계산, 필터 집계, 범위 질의에 매우 자주 쓰이는 패턴입니다. 경계 케이스(값이 없을 때도 0이 나와야 함)를 테스트로 보장하는 습관이 중요합니다.	연속 구간									dsa	searching		
Q331	mid 오버플로 방지 패턴		Data Structure & Algorithm - 탐색 알고리즘	42	INITIALS	HARD	이진 탐색에서 mid를 (lo+hi)/2로 계산할 때 오버플로를 피하기 위해 lo+(hi-lo)/2를 쓰는 안전 패턴을 무엇이라고 부를 수 있는가?	lo+hi는 정수 범위를 넘어 오버플로가 날 수 있어 mid가 잘못 계산될 수 있습니다. lo+(hi-lo)/2는 먼저 차이를 계산해 범위를 줄인 뒤 더하는 방식이라 안전합니다. 면접에서는 구현 디테일을 통해 실제 코딩 경험이 있는지 확인하려고 자주 묻습니다. 실무에서는 큰 인덱스 범위, 큰 값 범위(파라메트릭 서치)에서 특히 중요합니다. 작은 입력에서는 드러나지 않다가 운영에서만 터질 수 있는 종류의 버그라 예방이 가치가 큽니다.	안전한 mid 계산									dsa	searching		
Q332	comparator 계약(Comparator Contract)		Data Structure & Algorithm - 정렬 알고리즘	43	INITIALS	HARD	정렬에서 비교 함수가 반대칭성/추이성 등을 만족해야 한다는 요구사항 묶음을 무엇이라고 하는가?	comparator는 일관된 전순서를 제공해야 정렬이 정의됩니다. 반대칭성, 추이성 같은 성질이 깨지면 정렬 결과가 비결정적이거나 구현에 따라 예외가 발생할 수도 있습니다. 면접에서는 comparator 계약을 알고 있는지와, 어떤 상황에서 깨지기 쉬운지(null, NaN, 다중 키 비교)를 묻습니다. 실무에서는 비교 함수 버그가 재현이 어렵고 영향이 커서, 테스트와 명확한 비교 규칙이 중요합니다. 또한 locale 문자열 비교나 대소문자 무시 비교에서도 계약이 흔들릴 수 있어 주의해야 합니다.	비교 함수 계약									dsa	sorting		
Q333	LSD 기수 정렬의 안정성 요구		Data Structure & Algorithm - 정렬 알고리즘	43	INITIALS	HARD	LSD 기수 정렬에서 각 자릿수 단계 정렬이 안정적이어야 최종 정렬이 올바르게 되는 이유를 설명할 때 핵심이 되는 성질은 무엇인가?	LSD 기수 정렬은 낮은 자리부터 정렬한 결과를 다음 자리 정렬에서도 보존해야 합니다. 이 보존이 가능하려면 각 단계 정렬이 안정 정렬이어야 합니다. 안정성이 없으면 이전 단계에서 만든 상대 순서가 뒤집혀 최종 결과가 깨질 수 있습니다. 면접에서는 “왜 안정성이 필수인가”를 자릿수 누적 효과로 설명할 수 있어야 합니다. 실무에서는 카운팅 정렬을 내부 단계로 쓰는 이유가 바로 이 안정성 확보 때문입니다.	안정성									dsa	sorting		
Q334	재귀 트리(recursion tree)		Data Structure & Algorithm - 복잡도 분석	45	INITIALS	HARD	병합 정렬 같은 분할 정복 알고리즘의 시간 복잡도를 “레벨별 작업량 합”으로 분석할 때 자주 쓰는 도구를 무엇이라고 하는가?	재귀 트리는 분할 정복의 호출 구조를 트리로 그려 레벨별 비용을 합산하는 방법입니다. 병합 정렬은 각 레벨에서 전체 원소를 한 번씩 병합하므로 레벨당 O(n) 작업이 듭니다. 깊이는 반으로 나누므로 O(log n)이고, 따라서 전체 O(n log n)으로 정리됩니다. 면접에서는 점화식만 외우는 것보다 재귀 트리로 직관적으로 설명하는 답을 선호하는 경우가 많습니다. 실무에서도 복잡한 분할 정복 알고리즘의 비용을 빠르게 추정하는 데 도움이 됩니다.	재귀 트리									dsa	complexity		
Q335	검색 공간 단조화(search space monotonicity)		Data Structure & Algorithm - 탐색 알고리즘	42	INITIALS	HARD	파라메트릭 서치에서 이진 탐색으로 값을 버릴 수 있도록, 탐색 대상 공간이 만족해야 하는 핵심 성질은 무엇인가?	파라메트릭 서치는 값의 범위를 절반씩 버리므로, 버린 쪽에 정답이 없다는 근거가 필요합니다. 이 근거가 되는 것이 판정의 단조성입니다. 단조성이 있으면 어떤 x에서 가능이면 그보다 큰 쪽도 가능(혹은 반대) 같은 관계가 성립합니다. 면접에서는 단조성을 증명하지 않고 적용하면 왜 위험한지(그럴듯한 오답)를 자주 강조합니다. 실무에서도 단조성이 깨지는 케이스가 있으면 이진 탐색이 틀릴 수 있으므로, 전제 조건 검증과 엣지 케이스 테스트가 필수입니다.	단조성									dsa	searching		
Q336	경계 수렴 조건(convergence condition)		Data Structure & Algorithm - 탐색 알고리즘	42	INITIALS	HARD	lower/upper bound 구현에서 while(lo < hi) 형태로 반복하며 lo==hi로 수렴시켜 답을 얻는 종료 조건 관점을 무엇이라고 할 수 있는가?	경계 탐색은 결국 구간이 한 점으로 줄어들 때 종료합니다. 이를 위해 구간 표현([lo, hi) 등)과 갱신 규칙이 수렴하도록 설계해야 합니다. mid를 포함할지 제외할지에 따라 lo, hi 갱신이 달라져 오프바이원 버그가 자주 발생합니다. 면접에서는 “왜 무한 루프가 안 생기나”를 수렴 관점에서 설명하라고 할 수 있습니다. 실무에서도 수렴 조건을 명확히 두면 구현이 안정적이고 테스트도 쉬워집니다. 경계값 문제는 작은 실수로 전체 답이 틀리므로, 종료 조건을 명확히 문서화하는 습관이 중요합니다.	수렴 조건									dsa	searching		
Q337	악의적 입력(adversarial input)		Data Structure & Algorithm - 복잡도 분석	45	INITIALS	HARD	특정 알고리즘을 최악 성능으로 몰아넣도록 의도적으로 구성된 입력을 무엇이라고 하는가?	악의적 입력은 알고리즘이 가장 느려지는 패턴을 노린 입력을 의미합니다. 퀵 정렬에서 피벗 선택이 고정되어 있으면 정렬된 데이터가 악의적 입력이 될 수 있습니다. 면접에서는 평균 성능만 믿으면 안 되는 근거로 악의적 입력을 자주 듭니다. 실무에서도 외부 사용자 입력을 받는 서비스는 공격적으로 편향된 데이터가 들어올 수 있어 방어가 필요합니다. 랜덤화, 하이브리드 정렬, 최악 보장 알고리즘 선택이 대표 대응책입니다.	악의적 입력									dsa	complexity		
Q338	점화식(Master Theorem)		Data Structure & Algorithm - 복잡도 분석	45	INITIALS	HARD	분할 정복 알고리즘의 T(n)=aT(n/b)+f(n) 형태 점화식의 시간 복잡도를 빠르게 판별할 때 자주 쓰는 정리를 무엇이라고 하는가?	마스터 정리는 분할 정복 점화식의 성장률을 케이스로 나누어 판별하는 도구입니다. 병합 정렬 같은 대표 알고리즘의 O(n log n)을 빠르게 도출할 수 있습니다. 면접에서는 정리를 외우기보다 a, b, f(n)의 관계로 케이스를 구분할 줄 아는지를 보기도 합니다. 실무에서는 복잡한 알고리즘을 설계할 때 대략적인 비용을 빠르게 추정하는 데 유용합니다. 단, 모든 점화식이 마스터 정리로 풀리는 것은 아니므로 적용 조건을 함께 알고 있어야 합니다.	마스터 정리									dsa	complexity		
Q339	트레이드오프(trade-off)		Data Structure & Algorithm - 정렬 알고리즘	43	INITIALS	HARD	안정성, 추가 메모리, 최악 성능 보장 중 일부를 얻기 위해 다른 일부를 포기해야 하는 상황을 일반적으로 무엇이라고 하는가?	정렬 알고리즘은 안정성, in-place 여부, 최악/평균 성능, 구현 난이도 등 여러 축의 균형을 맞춰야 합니다. 특정 요구사항을 만족시키면 다른 요구가 희생되는 경우가 많습니다. 면접에서는 “정답 알고리즘” 하나를 외우는 것이 아니라 요구사항에 맞게 선택하고 근거를 말하는 능력을 봅니다. 실무에서도 데이터 특성, 메모리 예산, 응답 시간 SLA에 따라 선택이 달라집니다. 그래서 트레이드오프를 명확히 언급하고 근거를 설명하면 설득력 있는 답변이 됩니다.	트레이드오프									dsa	sorting		
Q340	안정성 보장 조건(stability condition)		Data Structure & Algorithm - 정렬 알고리즘	43	INITIALS	HARD	병합 정렬에서 동일 키가 나올 때 왼쪽을 먼저 선택해 안정 정렬을 보장하는 핵심 구현 규칙을 무엇이라고 할 수 있는가?	병합 과정에서 비교 결과가 같을 때 왼쪽 원소를 먼저 선택하면 입력 순서가 유지됩니다. 이 작은 규칙이 병합 정렬 전체의 안정성을 결정합니다. 면접에서는 “병합 정렬은 안정 정렬이다”를 외우는 것보다 왜 안정적인지 구현 규칙으로 설명하는 것이 중요합니다. 실무에서는 비교 연산자 하나(< vs <=)가 안정성을 깨뜨릴 수 있어 코드 리뷰 포인트가 됩니다. 또한 다중 키 정렬에서 안정성이 실제 요구사항을 만족하는 핵심이 될 수 있습니다.	좌측 우선 병합									dsa	sorting		
Q341	힙 정렬의 비안정성(unstable heap sort)		Data Structure & Algorithm - 정렬 알고리즘	43	INITIALS	HARD	힙 정렬이 기본적으로 안정 정렬이 아닌 이유로 가장 직접적인 동작 특성을 무엇이라고 요약할 수 있는가?	힙 정렬은 힙 구조에서 루트를 꺼내며 배열 뒤쪽으로 보내는 방식으로 진행됩니다. 이 과정에서 같은 키를 가진 원소의 상대 순서가 유지된다는 보장이 없습니다. 면접에서는 “안정 정렬이 아니다”라고만 말하지 말고, 왜 순서가 깨질 수 있는지 동작을 통해 설명해야 합니다. 실무에서는 동일 키의 순서가 의미가 있으면 힙 정렬을 그대로 쓰기 어렵고, 보조 키를 추가하거나 다른 정렬을 선택합니다. 따라서 안정성 요구가 있으면 알고리즘 선택이 달라진다는 관점을 보여주는 게 중요합니다.	비안정성									dsa	sorting		
Q342	퀵 정렬 최악 케이스(worst-case quicksort)		Data Structure & Algorithm - 복잡도 분석	45	INITIALS	HARD	퀵 정렬이 O(n^2)까지 느려지는 상황을 한 문장으로 설명할 때 핵심이 되는 분할 특성은 무엇인가?	퀵 정렬의 성능은 분할이 얼마나 균형 있게 이루어지는지에 달려 있습니다. 분할이 계속 한쪽으로 치우치면 재귀 깊이가 커지고, 각 단계에서 거의 n에 가까운 비교가 반복됩니다. 그 결과 총 비용이 1+2+...+(n-1) 형태로 누적되어 O(n^2)이 됩니다. 면접에서는 “치우친 분할”이라는 원인을 정확히 말하고, 방어 전략(랜덤 피벗, 인트로소트)을 함께 언급하면 좋습니다. 실무에서도 입력 분포가 특정 패턴을 가지면 최악이 현실이 될 수 있어 리스크 관리 관점이 중요합니다.	치우친 분할									dsa	complexity		
Q343	하이브리드 정렬 전환 조건(switch condition)		Data Structure & Algorithm - 정렬 알고리즘	43	INITIALS	HARD	인트로소트에서 퀵 정렬을 하다가 힙 정렬로 전환하는 “트리거”가 되는 지표는 무엇인가?	인트로소트는 퀵 정렬이 계속 치우친 분할을 만들면 위험하다는 점을 이용합니다. 이를 감지하는 대표 지표가 재귀 깊이 제한입니다. 깊이가 일정 임계값을 넘으면 최악 위험이 커졌다고 보고 힙 정렬로 전환합니다. 면접에서는 “왜 깊이로 판단하나”를 분할 품질과 연결해 설명해야 합니다. 실무에서는 임계값을 보통 log n 수준으로 두어 최악을 방어하는 전략을 취합니다. 이런 전환 조건은 운영 안정성을 위한 설계 포인트입니다.	재귀 깊이 제한									dsa	sorting		
Q344	선택 문제(Selection Problem)		Data Structure & Algorithm - 탐색 알고리즘	42	INITIALS	HARD	“정렬된 순서로 k번째 원소”를 구하는 문제 유형을 일반적으로 무엇이라고 하는가?	선택 문제는 전체를 정렬하지 않고도 k번째 원소를 구하는 문제를 말합니다. 중앙값 찾기, Top K, 분위수 계산 등이 대표적인 응용입니다. 면접에서는 정렬로 풀면 O(n log n)인데 더 빠르게 할 수 있는지(Quickselect 평균 O(n))를 묻기도 합니다. 실무에서도 전체 정렬이 불필요한 경우가 많아 선택 알고리즘이 효율적입니다. 다만 최악 보장이 필요하면 Median of Medians 같은 결정적 방법을 고려할 수 있다는 점도 함께 정리해두면 좋습니다.	선택 문제									dsa	searching		
Q345	상수항(constant factor)		Data Structure & Algorithm - 복잡도 분석	45	INITIALS	HARD	빅오가 같아도 실제 성능에서 큰 차이를 만들 수 있는 “계수”를 무엇이라고 하는가?	빅오는 성장률을 비교하는 도구라 상수항을 무시합니다. 하지만 실제 서비스에서는 상수항 차이만으로도 성능이 크게 달라질 수 있습니다. 면접에서는 “왜 O(n log n)끼리도 속도가 다르냐”를 상수항, 캐시 지역성, 분기 예측으로 설명하기도 합니다. 실무에서는 작은 데이터에서는 상수항이 지배해 삽입 정렬이 더 빠른 상황도 생깁니다. 따라서 빅오와 함께 상수항, 메모리 접근까지 고려하는 균형 잡힌 관점이 중요합니다.	상수항									dsa	complexity		
Q346	캐시 미스(cache miss)		Data Structure & Algorithm - 복잡도 분석	45	INITIALS	HARD	CPU 캐시에 필요한 데이터가 없어 메모리에서 다시 가져오느라 지연이 발생하는 현상을 무엇이라고 하는가?	캐시 미스는 CPU가 빠른 캐시에서 데이터를 찾지 못해 느린 메모리 접근을 하게 되는 상황입니다. 알고리즘의 실제 성능은 계산량뿐 아니라 메모리 접근 패턴에 크게 좌우됩니다. 면접에서는 배열 기반 접근이 왜 빠른지 캐시 미스 관점으로 설명하라고 할 수 있습니다. 실무에서도 대용량 정렬/탐색에서 캐시 미스가 전체 시간을 지배할 수 있어 자료구조 선택에 영향을 줍니다. 빅오가 같아도 캐시 친화적인 구현이 훨씬 빠를 수 있다는 점을 기억해두면 좋습니다.	캐시 미스									dsa	complexity		
Q347	worst-case guarantee(최악 보장)		Data Structure & Algorithm - 복잡도 분석	45	INITIALS	HARD	입력이 어떻게 주어져도 성능 상한이 특정 Big-O를 넘지 않도록 보장하는 성질을 무엇이라고 하는가?	최악 보장은 어떤 입력에서도 시간 복잡도 상한이 유지된다는 의미입니다. 평균 성능이 좋아도 최악이 나쁘면 운영에서는 장애나 지연으로 이어질 수 있습니다. 면접에서는 평균 vs 최악을 구분하고, 왜 최악 보장이 중요한지(악의적 입력, 편향 데이터) 설명하는 것을 봅니다. 실무에서는 인트로소트처럼 최악을 방어하는 하이브리드가 선택되는 이유가 여기에 있습니다. 따라서 “보장”이라는 단어가 나오면 어떤 조건에서 성립하는지까지 함께 언급하는 것이 중요합니다.	최악 보장									dsa	complexity		
Q348	안정 정렬 하한(tradeoff lower bound)		Data Structure & Algorithm - 복잡도 분석	45	INITIALS	HARD	안정 정렬을 유지하면서 in-place까지 요구하면 구현이 급격히 복잡해지고 상수 비용이 커지는 문제를 무엇이라고 요약할 수 있는가?	안정성과 in-place는 동시에 만족시키기 어려운 요구 조합입니다. 안정성을 지키려면 원소의 상대 순서를 보존해야 하고, in-place는 이동/회전을 매우 정교하게 관리해야 합니다. 이 때문에 알고리즘이 복잡해지고 상수항이 커져 실무 채택이 줄어듭니다. 면접에서는 이런 트레이드오프를 이해하고 요구사항에 따라 타협점을 제시할 수 있는지 봅니다. 실무에서는 보조 배열을 허용해 병합 정렬을 쓰거나, 안정성 요구가 없으면 힙/퀵 계열을 쓰는 식으로 선택이 달라집니다.	트레이드오프									dsa	complexity		
Q349	비교 비용(comparison cost)		Data Structure & Algorithm - 복잡도 분석	45	INITIALS	HARD	문자열/복합 키 비교처럼 comparator 1회 자체가 비싼 상황에서 정렬 성능을 좌우하는 핵심 비용 요소를 무엇이라고 하는가?	비교 기반 정렬에서 “비교 횟수”만 중요한 게 아니라 “비교 1회의 비용”도 중요합니다. 문자열 비교는 길이에 따라 더 비싸질 수 있고, 다중 필드 비교는 분기와 메모리 접근이 늘어납니다. 면접에서는 comparator가 비싸면 어떤 최적화가 가능한지(키 추출, 캐싱, Schwartzian transform 유사) 질문이 나올 수 있습니다. 실무에서는 미리 정렬 키를 계산해 두거나, 비교 함수를 단순화하는 것만으로도 큰 개선이 나올 수 있습니다. 그래서 comparison cost를 인지하고 측정하는 감각이 중요합니다.	비교 비용									dsa	complexity		
Q350	키 추출(key extraction)		Data Structure & Algorithm - 정렬 알고리즘	43	INITIALS	HARD	비교가 비싼 경우, 정렬 전에 각 원소의 비교 키를 미리 계산해 저장해두는 최적화 기법을 무엇이라고 하는가?	키 추출은 comparator가 반복적으로 같은 계산을 하지 않도록 하는 최적화입니다. 예를 들어 문자열의 특정 패턴, 정규화된 키, 복합 키를 미리 만들어 비교를 단순화할 수 있습니다. 면접에서는 “정렬에서 comparator 비용을 줄이는 방법”으로 자주 나오며, decorate-sort-undecorate 패턴으로도 설명됩니다. 실무에서는 대용량 리스트 정렬에서 키 추출만으로도 큰 성능 차이가 날 수 있습니다. 다만 키를 저장하기 위한 메모리가 추가로 필요하므로 메모리-시간 트레이드오프를 함께 설명해야 합니다.	키 추출									dsa	sorting		
Q351	안정 병합의 구현 디테일		Data Structure & Algorithm - 정렬 알고리즘	43	INITIALS	HARD	병합 시 동일 키 처리에서 <=를 사용하면 안정성이 유지된다는 설명의 핵심이 되는 구현 원칙을 무엇이라고 할 수 있는가?	병합에서 동일 키가 나왔을 때 어느 쪽을 먼저 꺼내느냐가 안정성을 결정합니다. <=를 사용해 왼쪽 원소를 먼저 선택하면 입력 순서가 유지됩니다. 반대로 <만 사용해 오른쪽이 먼저 나오면 동일 키의 상대 순서가 뒤집힐 수 있습니다. 면접에서는 이런 디테일을 통해 실제 구현 경험과 개념 이해를 확인합니다. 실무에서는 코드 한 줄이 정렬의 성질을 바꾸므로, 안정성이 요구되는 도메인에서는 반드시 테스트로 보장해야 합니다.	좌측 우선 규칙									dsa	sorting		
Q352	정렬의 하한(lower bound for sorting)		Data Structure & Algorithm - 복잡도 분석	45	INITIALS	HARD	비교 기반 정렬이 최악에서 Ω(n log n)보다 빨라질 수 없다는 성질을 무엇이라고 부르는가?	정렬 하한은 비교 기반 모델에서 최악 시간 복잡도의 이론적 한계를 의미합니다. 결정 트리 모델로 가능한 순열을 구분해야 한다는 점에서 유도됩니다. 면접에서는 Ω 표기의 의미(하한)와 O 표기의 의미(상한)를 구분하는 질문이 자주 나옵니다. 실무에서는 이 하한이 존재하기 때문에, 더 빠르려면 비비교 정렬처럼 추가 전제를 활용해야 한다는 결론으로 이어집니다. 따라서 하한을 “외워서 말하기”가 아니라 “모델과 전제”까지 함께 말하는 것이 중요합니다.	정렬 하한									dsa	complexity		
Q353	데이터 분포 민감성(distribution sensitivity)		Data Structure & Algorithm - 탐색 알고리즘	42	INITIALS	HARD	보간 탐색처럼 데이터 분포 가정이 깨지면 성능이 급격히 나빠지는 특성을 무엇이라고 하는가?	어떤 알고리즘은 입력 크기뿐 아니라 데이터 분포에 따라 성능이 크게 달라집니다. 보간 탐색은 균등 분포라는 가정이 성능의 핵심인데, 치우친 분포에서는 추정이 계속 빗나가며 느려질 수 있습니다. 면접에서는 “가정 기반 알고리즘”을 쓸 때 어떤 리스크가 있는지 묻기도 합니다. 실무에서는 분포가 안정적으로 유지되는지 모니터링하거나, 분포에 덜 민감한 대안을 선택하는 방식으로 리스크를 관리합니다. 그래서 distribution sensitivity를 언급하며 전제 조건과 위험을 함께 설명하면 깊이 있는 답변이 됩니다.	분포 민감성									dsa	searching		
Q354	경계 탐색 패턴(boundary search pattern)		Data Structure & Algorithm - 탐색 알고리즘	42	INITIALS	HARD	lower/upper bound, first true/last true처럼 “조건이 바뀌는 지점”을 찾는 이진 탐색 변형들을 통칭해 부를 수 있는 패턴은 무엇인가?	경계 탐색은 이진 탐색을 “값 존재 여부”가 아니라 “전환 지점” 찾기에 쓰는 패턴입니다. lower/upper bound는 대표적인 경계 탐색이며, 파라메트릭 서치도 이 패턴으로 모델링됩니다. 면접에서는 문제를 경계 탐색으로 바꿔보는 사고를 요구하는 경우가 많습니다. 실무에서도 최소/최대, 첫 발생, 마지막 발생 같은 요구는 대부분 경계 탐색으로 정리됩니다. 경계 탐색은 오프바이원 버그가 잦으니 구간 정의와 불변식을 명확히 세우는 것이 핵심입니다.	경계 탐색									dsa	searching		