question_temp_key	term_title	term_id	term_category	term_category_id	question_type	difficulty	question_text	explanation	text_answer	choice_1_text	choice_1_is_answer	choice_2_text	choice_2_is_answer	choice_3_text	choice_3_is_answer	choice_4_text	choice_4_is_answer	label_1_key	label_2_key	label_3_key	label_4_key
Q001	빅오 표기법(Big-O)		Data Structure & Algorithm - 복잡도 분석	45	CHOICE	EASY	빅오 표기법의 주된 목적은 무엇인가?	빅오 표기법은 입력 크기 n이 커질 때 연산량이 어떻게 증가하는지(성장률)를 표현해, 알고리즘을 “확장성 관점”에서 비교하게 해줍니다. 그래서 상수 계수나 하위 항을 제거하고, 지배항만 남겨 큰 입력에서의 추세를 봅니다. 면접에서는 “왜 정확한 시간이 아니라 성장률을 보나”를 자주 묻는데, 하드웨어/언어/환경이 달라도 비교 기준을 유지하기 위해서입니다. 실무에서는 데이터가 커졌을 때 병목이 어디서 폭발할지 예측하고, 최악 상황에서도 안전한 선택을 하기 위한 도구로 씁니다.		실행 시간을 정확한 밀리초로 측정한다	FALSE	입력 크기에 따른 시간 증가 추세를 표현한다	TRUE	메모리 사용량만 분석한다	FALSE	코드 길이를 비교한다	FALSE	dsa	big_o		
Q002	상수 시간(Constant Time)		Data Structure & Algorithm - 복잡도 분석	45	CHOICE	EASY	입력 크기와 무관하게 항상 일정한 시간 복잡도는?	입력 크기 n이 커져도 연산 횟수가 늘지 않으면 O(1)(상수 시간)입니다. 배열의 인덱스 접근처럼 주소 계산으로 바로 접근 가능한 연산이 대표적 예입니다. 다만 O(1)이 “항상 매우 빠르다”는 뜻은 아니고, 입력에 비례해 늘지 않는다는 의미입니다. 실무에서는 O(1) 연산을 많이 반복하면 전체는 O(n)처럼 커질 수 있으니 “단일 연산”과 “전체 작업”을 구분하는 습관이 중요합니다.		O1	TRUE	O(log n)	FALSE	O(n)	FALSE	O(n^2)	FALSE	dsa	big_o		
Q003	선형 시간(Linear Time)		Data Structure & Algorithm - 복잡도 분석	45	CHOICE	EASY	데이터 개수에 비례해 실행 시간이 증가하는 시간 복잡도는?	입력 크기 n에 비례해 처리량이 늘어나면 O(n)(선형 시간)입니다. 예를 들어 배열을 한 번 끝까지 순회하며 합계/최댓값을 구하면 각 원소를 한 번씩 보므로 O(n)입니다. 면접에서는 “왜 O(n)인지”를 연산 횟수로 설명할 수 있어야 합니다. 실무에서는 데이터가 커질수록 처리 시간이 직관적으로 늘어나기 때문에, 캐시/인덱스/프리컴퓨팅으로 선형 구간을 줄이려는 시도가 자주 나옵니다.		O1	FALSE	O(n)	TRUE	O(log n)	FALSE	O(1/n)	FALSE	dsa	big_o		
Q004	로그 시간(Logarithmic Time)		Data Structure & Algorithm - 복잡도 분석	45	CHOICE	EASY	이진 탐색의 평균 시간 복잡도는?	이진 탐색은 매 단계마다 탐색 범위를 절반으로 줄이므로 평균적으로 O(log n)입니다. 실제로는 평균뿐 아니라 최악도 O(log n)으로 동일하게 보는 경우가 많습니다(정렬된 배열에서의 표준 이진 탐색). 면접에서는 “왜 로그가 나오나”를 ‘반으로 줄이는 횟수’로 설명하는지 확인합니다. 실무에서는 정렬이라는 전제와, 정렬 비용까지 포함하면 전체 비용이 달라질 수 있다는 점을 같이 고려해야 합니다.		O(n)	FALSE	O(log n)	TRUE	O(n log n)	FALSE	O(n^2)	FALSE	dsa	big_o		
Q005	이차 시간(Quadratic Time)		Data Structure & Algorithm - 복잡도 분석	45	CHOICE	EASY	중첩된 이중 반복문이 일반적으로 가지는 시간 복잡도는?	외부 루프가 n번 돌고, 매번 내부 루프가 n번 돈다면 총 연산은 n×n이라 O(n^2)입니다. 버블 정렬 같은 단순 정렬이 대표적 예시입니다. 다만 “이중 루프 = 무조건 O(n^2)”는 아니고, 내부 루프가 상수 번만 돌거나 조건에 따라 총합이 줄어들 수 있습니다. 면접에서는 “정말 매번 n번 도는지”를 확인하는 분석 습관을 중요하게 봅니다.		O(n)	FALSE	O(n log n)	FALSE	O(n^2)	TRUE	O(log n)	FALSE	dsa	big_o		
Q006	최악 시간 복잡도(Worst Case)		Data Structure & Algorithm - 복잡도 분석	45	CHOICE	EASY	알고리즘 분석에서 가장 자주 기준으로 삼는 경우는?	보통 최악 시간 복잡도를 기준으로 많이 말합니다. 최악은 “가능한 입력 중 가장 불리한 경우의 상한”이라서 성능 보장과 안정성을 논의하기에 적합합니다. 면접에서는 평균/최선보다 최악을 더 자주 쓰는 이유를 SLA, p99 지연, 장애 예방과 연결해 설명하면 좋습니다. 실무에서도 외부 입력은 분포가 흔들릴 수 있어 최악 리스크를 반드시 체크하는 게 책임 있는 접근입니다.		최선 경우	FALSE	평균 경우	FALSE	최악 경우	TRUE	임의 경우	FALSE	dsa	responsible_time_complexity		
Q007	평균 시간 복잡도(Average Case)		Data Structure & Algorithm - 복잡도 분석	45	CHOICE	EASY	평균 시간 복잡도의 특징으로 올바른 설명은?	평균 시간 복잡도는 입력 전반에 대한 평균 성능이지만, 입력 분포 가정이 필요해서 해석이 까다롭습니다. “랜덤 입력” 같은 가정이 깨지면 평균이 의미 없거나 최악이 자주 발생할 수도 있습니다. 면접에서는 평균을 말할 때 “어떤 분포를 가정했는지”까지 함께 말하는지 봅니다. 실무에서는 데이터 분포를 알고 있고 안정적일 때 평균이 유용하지만, 서비스 안정성 관점에서는 최악과 함께 봐야 합니다.		항상 최악보다 크다	FALSE	모든 입력의 평균 성능이다	TRUE	입력 크기와 무관하다	FALSE	상수 시간만 의미한다	FALSE	dsa	responsible_time_complexity		
Q008	공간 복잡도(Space Complexity)		Data Structure & Algorithm - 복잡도 분석	45	CHOICE	EASY	공간 복잡도는 무엇을 의미하는가?	공간 복잡도는 알고리즘이 실행 중 사용하는 추가 메모리의 규모를 말합니다(입력 자체 제외). 보조 배열, 해시 테이블 같은 자료구조뿐 아니라 재귀 호출 스택도 포함될 수 있습니다. 면접에서는 시간-공간 트레이드오프(시간 줄이려고 메모리 늘리기)를 자주 묻습니다. 실무에서는 메모리 증가는 GC 부담, 캐시 효율, OOM 위험으로 이어질 수 있어 “빠르지만 터지는 설계”가 되지 않도록 균형이 중요합니다.		실행 시간	FALSE	메모리 사용량	TRUE	코드 길이	FALSE	CPU 클럭	FALSE	dsa	big_o		
Q009	입력 크기(n)		Data Structure & Algorithm - 복잡도 분석	45	CHOICE	EASY	시간 복잡도 분석에서 n이 의미하는 것은?	n은 보통 입력 크기를 뜻하지만, 문제에 따라 의미가 달라질 수 있습니다. 배열은 원소 개수, 문자열은 길이, 그래프는 정점 수 V와 간선 수 E처럼 축이 여러 개일 수 있습니다. 면접에서는 “n을 어떻게 정의하냐”를 먼저 물어보는 습관을 높게 평가합니다. 실무에서도 입력 축을 정확히 정의해야 병목 지점을 제대로 찾고 성능을 과소평가하지 않습니다.		실행 횟수	FALSE	입력 데이터의 크기	TRUE	메모리 주소	FALSE	함수 개수	FALSE	dsa	big_o		
Q010	상수 제거(Constant Drop)		Data Structure & Algorithm - 복잡도 분석	45	CHOICE	EASY	빅오 표기법에서 상수를 제거하는 이유는?	빅오는 “큰 입력에서의 성장률”이 목적이라 상수 계수는 지배항에 비해 영향이 줄어듭니다. 그래서 O(5n)과 O(n)은 같은 차수로 묶어 비교합니다. 면접에서는 이 이유를 “성장률 비교, 환경 독립 비교”로 설명하는지 봅니다. 다만 실무에서는 상수 차이가 실제 체감 성능을 좌우할 수 있으니, 빅오로 후보를 좁힌 뒤 벤치마크로 결론 내는 흐름이 안전합니다.		계산을 단순화하기 위해	TRUE	상수가 없기 때문	FALSE	컴파일 오류 방지	FALSE	메모리 절약을 위해	FALSE	dsa	big_o		
Q011	하위 항 제거(Drop Lower Terms)		Data Structure & Algorithm - 복잡도 분석	45	CHOICE	EASY	O(n^2 + n)에서 빅오 표기 결과는?	가장 큰 차수 항인 n^2이 지배하므로 O(n^2)로 단순화합니다. n이 커질수록 n^2은 n보다 훨씬 빠르게 증가해 하위 항은 상대적으로 의미가 작아집니다. 면접에서는 “왜 하위 항을 제거하는지”를 차수 비교로 설명하는 기본기를 봅니다. 실무에서는 n이 커졌을 때 실제로 어느 항이 병목을 만드는지 판단하는 데 도움이 됩니다.		O(n)	FALSE	O(n log n)	FALSE	O(n^2)	TRUE	O(1)	FALSE	dsa	big_o		
Q012	단일 반복문		Data Structure & Algorithm - 복잡도 분석	45	CHOICE	EASY	하나의 for문이 n번 반복될 때 시간 복잡도는?	반복 횟수가 n에 비례하고, 루프 본문이 상수 시간이라면 O(n)입니다. 면접에서 자주 나오는 기본 패턴이라 “본문 비용까지 포함해 본다”는 말을 덧붙이면 좋습니다. 예를 들어 본문이 정렬(O(n log n))이면 전체가 O(n^2 log n)처럼 커질 수 있습니다. 실무에서는 루프 내부에서 I/O나 DB 호출이 들어가는 순간, 빅오보다 실제 지연이 더 큰 문제가 되기도 합니다.		O(1)	FALSE	O(n)	TRUE	O(n^2)	FALSE	O(log n)	FALSE	dsa	big_o		
Q013	중첩 반복문		Data Structure & Algorithm - 복잡도 분석	45	CHOICE	EASY	for문 안에 for문이 있을 때 일반적인 시간 복잡도는?	외부가 n번, 내부가 n번이라면 총 연산은 n×n이라 O(n^2)입니다. 핵심은 “중첩일 때는 곱”이라는 규칙이며, 순차 실행일 때만 합으로 계산합니다. 면접에서는 내부 루프가 정말 매번 n번 도는지, i에 따라 줄어드는지까지 확인하는지 봅니다. 실무에서는 O(n^2) 구조가 데이터 성장 시 바로 병목이 되기 쉬워, 자료구조 변경이나 프리컴퓨팅으로 줄이는 전략이 자주 필요합니다.		O(n)	FALSE	O(log n)	FALSE	O(n^2)	TRUE	O(1)	FALSE	dsa	big_o		
Q014	이진 탐색 전제조건		Data Structure & Algorithm - 복잡도 분석	45	CHOICE	EASY	이진 탐색을 사용하기 위한 전제 조건은?	기본 전제는 데이터가 정렬되어 있어야 한다는 점입니다. 정렬이 되어 있어야 “중간과 비교 후 절반을 버리는” 논리가 성립합니다. 면접에서는 정렬 비용까지 포함한 전체 비용(예: 정렬 O(n log n) + 탐색 O(log n))을 함께 말하는지 보기도 합니다. 실무에서는 데이터가 자주 변경되면 정렬 유지 비용이 커질 수 있어, 인덱스/트리 같은 대안을 검토합니다.		데이터가 무작위여야 한다	FALSE	데이터가 정렬되어 있어야 한다	TRUE	데이터가 연결 리스트여야 한다	FALSE	데이터가 작아야 한다	FALSE	dsa	responsible_time_complexity		
Q015	배열 접근		Data Structure & Algorithm - 복잡도 분석	45	CHOICE	EASY	배열에서 특정 인덱스 접근의 시간 복잡도는?	배열은 연속 메모리이기 때문에 인덱스 i의 주소를 계산해 바로 접근할 수 있어 보통 O(1)입니다. 이 점이 연결 리스트처럼 순차 접근이 필요한 구조와 큰 차이입니다. 면접에서는 “왜 O(1)인지”를 메모리 구조 관점으로 설명하는 질문이 자주 나옵니다. 실무에서는 연속 접근이 캐시에 유리해, 같은 O(1)이라도 실제 체감 성능이 더 좋아질 수 있습니다.		O(n)	FALSE	O(log n)	FALSE	O(1)	TRUE	O(n^2)	FALSE	dsa	big_o		
Q016	정렬 알고리즘 평균 복잡도		Data Structure & Algorithm - 복잡도 분석	45	CHOICE	EASY	병합 정렬의 시간 복잡도는?	병합 정렬은 분할 정복으로 반씩 나누고, 각 레벨에서 전체를 병합하는 데 O(n)이 듭니다. 레벨 수가 log n이므로 전체는 O(n log n)이고, 최악도 동일하게 보장됩니다. 면접에서는 퀵 정렬(평균 좋지만 최악 위험)과 비교 질문이 단골입니다. 실무에서는 최악 보장과 안정 정렬이라는 장점이 있지만, 추가 메모리가 필요하다는 트레이드오프도 함께 고려합니다.		O(n^2)	FALSE	O(n log n)	TRUE	O(n)	FALSE	O(log n)	FALSE	dsa	big_o		
Q017	책임 있는 복잡도 분석		Data Structure & Algorithm - 복잡도 분석	45	CHOICE	EASY	책임 있는 시간 복잡도 분석의 의미로 가장 적절한 것은?	책임 있는 분석은 평균만 보고 낙관하지 않고, 최악 상황에서도 시스템이 버틸 수 있는 예측 가능한 상한을 확보하려는 접근입니다. 외부 입력이나 트래픽 급증은 분포 가정을 깨기 쉬워 최악이 현실이 될 수 있습니다. 면접에서는 “왜 최악을 보냐”를 SLA, p99 지연, 장애 예방과 연결해 설명하면 강합니다. 실무에서는 최악 리스크를 줄이기 위해 알고리즘 선택뿐 아니라 제한(타임아웃), 방어(랜덤화), 전환 전략까지 함께 설계합니다.		평균만 고려한다	FALSE	최악 상황까지 고려한다	TRUE	코드 길이만 본다	FALSE	실행 환경만 본다	FALSE	dsa	responsible_time_complexity		
Q018	반복문과 조건문		Data Structure & Algorithm - 복잡도 분석	45	CHOICE	EASY	반복문 안의 if문이 시간 복잡도에 미치는 영향은?	if 자체는 보통 O(1)이지만, 반복문 안에 있으면 반복 횟수만큼 누적 평가됩니다. 다만 if가 반복 횟수를 줄이지 않는 구조라면 최악 차수는 보통 루프 횟수에 의해 결정됩니다. 반대로 if 분기 안에 무거운 작업(추가 루프, 정렬, I/O)이 있으면 그 경로가 최악을 지배할 수 있습니다. 면접에서는 “if는 상수지만 분기 내부 비용이 중요”라는 관점을 보여주는 게 좋습니다.		O(n^2)로 증가한다	FALSE	반복 횟수에 따라 결정된다	TRUE	항상 O(1)이다	FALSE	분석할 수 없다	FALSE	dsa	big_o		
Q019	알고리즘 비교 기준		Data Structure & Algorithm - 복잡도 분석	45	CHOICE	EASY	서로 다른 알고리즘 성능 비교에 가장 적합한 기준은?	빅오는 환경(하드웨어, 언어, 구현)의 영향을 제거하고 성장률로 비교할 수 있어 설계 단계 비교에 적합합니다. 그래서 절대 시간보다 일반화된 비교 기준으로 많이 씁니다. 면접에서는 “빅오만으로는 실제 시간을 예측 못 한다”는 한계를 함께 말하는지 보기도 합니다. 실무에서는 빅오로 위험 후보를 걸러낸 뒤, 벤치마크/프로파일링으로 최종 결정을 내리는 게 표준 흐름입니다.		코드 줄 수	FALSE	빅오 표기법	TRUE	실행 환경	FALSE	개발 언어	FALSE	dsa	big_o		
Q020	복잡도 분석 목적		Data Structure & Algorithm - 복잡도 분석	45	CHOICE	EASY	시간 복잡도 분석의 궁극적인 목적은?	입력 규모가 커졌을 때 어디서 성능이 무너질지 미리 예측해, 병목과 장애를 예방하는 데 목적이 있습니다. 단순 암기보다 “왜 분석하나”를 설계 판단과 연결하는 것이 중요합니다. 면접에서는 데이터 성장 시나리오에서 어떤 선택이 안전한지 설명할 수 있는지를 봅니다. 실무에서는 용량 계획, 비용 추정, p95 p99 지연 관리 같은 운영 의사결정에 직접 연결됩니다.		코드 가독성 향상	FALSE	성능 예측 및 비교	TRUE	문법 오류 제거	FALSE	디버깅 단순화	FALSE	dsa	responsible_time_complexity		
Q021	빅오와 실제 시간		Data Structure & Algorithm - 복잡도 분석	45	CHOICE	EASY	빅오 표기법이 실제 실행 시간과 다른 이유로 가장 적절한 것은?	빅오는 입력 크기에 따른 증가 추세만 보고, CPU, 캐시, 언어 런타임, I/O 같은 환경 요소를 의도적으로 제외합니다. 그래서 같은 O(n)이라도 상수 계수, 메모리 접근 패턴, 병렬성에 따라 실제 시간은 크게 달라집니다. 면접에서는 “절대 시간 도구가 아니라 성장률 도구”임을 구분할 수 있는지 확인합니다. 실무에서는 측정(벤치마크)과 관측(프로파일링)으로 실제 병목을 확인하고, 빅오로 확장성 위험을 판단합니다.		하드웨어 성능이 항상 같기 때문	FALSE	성장률만 비교하기 때문	TRUE	컴파일러가 시간을 숨기기 때문	FALSE	측정이 불가능하기 때문	FALSE	dsa	big_o		
Q022	최선 시간 복잡도(Best Case)		Data Structure & Algorithm - 복잡도 분석	45	CHOICE	EASY	이미 정렬된 배열에서 선형 탐색의 최선 시간 복잡도는?	선형 탐색은 최선의 경우(찾는 값이 첫 원소)에 한 번 비교로 끝나므로 O(1)입니다. 하지만 최악은 끝까지 보게 되어 O(n)이며, 평균도 입력 분포에 따라 달라질 수 있습니다. 면접에서는 최선/평균/최악을 구분하고, “책임 있는 분석은 최악을 본다”로 연결하는지 자주 봅니다. 실무에서도 최선만 보고 설계하면 꼬리 지연이 커져 운영 안정성을 해칠 수 있습니다.		O(n)	FALSE	O(log n)	FALSE	O(1)	TRUE	O(n log n)	FALSE	dsa	responsible_time_complexity		
Q023	반복 횟수 분석		Data Structure & Algorithm - 복잡도 분석	45	CHOICE	EASY	for문이 n번 실행되고 내부 연산이 상수 시간일 때 복잡도는?	루프가 n번 돌고 본문이 O(1)이면 전체 연산은 n에 비례해 O(n)입니다. 핵심은 “반복 횟수 × 본문 비용”으로 보는 습관입니다. 면접에서는 본문이 정말 상수인지(예: 함수 호출 안에 또 루프가 없는지)까지 확인하는 답이 좋습니다. 실무에서는 상수 시간이라도 DB/네트워크 호출이 섞이면 지연이 커지므로, 비용 모델을 현실적으로 잡아야 합니다.		O(1)	FALSE	O(n)	TRUE	O(n^2)	FALSE	O(log n)	FALSE	dsa	big_o		
Q024	로그 증가 특성		Data Structure & Algorithm - 복잡도 분석	45	CHOICE	EASY	입력이 2배로 증가할 때 실행 시간이 조금만 증가하는 복잡도는?	대표적으로 O(log n)이 그렇습니다. 입력이 두 배가 되면 로그는 일정한 값만 증가하므로 증가 폭이 작습니다. 면접에서는 “왜 조금만 증가하나”를 ‘반감 단계 수’ 관점으로 설명할 수 있어야 합니다. 실무에서는 이 특성 때문에 이진 탐색, 균형 트리 같은 로그 구조가 대규모 데이터에서 선호됩니다.		O(n)	FALSE	O(n^2)	FALSE	O(log n)	TRUE	O(n log n)	FALSE	dsa	big_o		
Q025	n log n 의미		Data Structure & Algorithm - 복잡도 분석	45	CHOICE	EASY	O(n log n) 복잡도의 일반적인 해석은?	n개의 데이터를 처리하면서, 각 요소(또는 단계)에서 log n 수준의 분할/탐색 비용이 붙는 구조로 자주 해석합니다. 정렬(병합/힙/평균적 퀵), 트리 기반 처리에서 대표적으로 등장합니다. 면접에서는 “n과 log n이 어디서 나오나”를 구조(분할 정복, 균형 트리, 이진 탐색)로 설명하는지 봅니다. 실무에서는 대개 O(n^2)보다 훨씬 안정적이고 확장성이 좋아 표준적인 목표 성능으로 여겨집니다.		선형 탐색	FALSE	분할 정복 기반 처리	TRUE	중첩 반복문	FALSE	상수 시간 처리	FALSE	dsa	big_o		
Q026	중첩 깊이		Data Structure & Algorithm - 복잡도 분석	45	CHOICE	EASY	for문이 3중으로 중첩될 때 일반적인 시간 복잡도는?	세 루프가 모두 n번 반복된다면 총 연산은 n×n×n이라 O(n^3)입니다. 이런 구조는 입력이 조금만 커져도 비용이 폭발해 실무에서는 빠르게 병목이 됩니다. 면접에서는 중첩 깊이에 따라 차수가 올라간다는 원리를 정확히 적용하는지 확인합니다. 실무에서는 알고리즘 변경, 수학적 단순화, 전처리/캐싱 등으로 중첩을 줄이는 리팩토링이 우선순위가 됩니다.		O(n)	FALSE	O(n^2)	FALSE	O(n^3)	TRUE	O(log n)	FALSE	dsa	big_o		
Q027	입력 크기 기준		Data Structure & Algorithm - 복잡도 분석	45	CHOICE	EASY	문자열 길이를 기준으로 한 알고리즘 분석에서 n은 무엇을 의미하는가?	문자열 문제에서 n은 보통 문자열 길이를 의미합니다. 다만 “문자열 개수”인지 “각 문자열 길이”인지가 섞이면 n, m처럼 축을 분리해야 정확합니다. 면접에서는 n을 무엇으로 정의했는지 명확히 말하라는 요구가 자주 나옵니다. 실무에서도 입력 정의가 불명확하면 복잡도 분석이 흔들려 최적화 방향을 잘못 잡기 쉽습니다.		문자열의 길이	TRUE	문자 종류 수	FALSE	메모리 주소	FALSE	파일 개수	FALSE	dsa	big_o		
Q028	상수 시간 오해		Data Structure & Algorithm - 복잡도 분석	45	CHOICE	EASY	O(1)에 대한 올바른 설명은?	O(1)은 “항상 빠르다”가 아니라, 입력 크기 n이 커져도 연산 횟수가 증가하지 않는다는 뜻입니다. 그래서 같은 O(1)이라도 내부 상수 비용이 크면 실제 실행 시간은 충분히 느릴 수 있습니다. 또한 O(1) 연산을 n번 반복하면 전체는 O(n)처럼 커지므로, “단일 연산”과 “전체 알고리즘”을 구분해야 합니다. 면접에서는 이 함정을 자주 내며, ‘입력 의존성’ 관점으로 답을 정리하면 안정적입니다. 실무에서도 상수 시간이라고 무시하지 말고, p99 지연이나 시스템 콜 비용처럼 상수 항의 실제 영향까지 고려하는 태도가 중요합니다.		항상 매우 빠르다	FALSE	입력 크기와 무관하다	TRUE	반복문이 없다	FALSE	메모리를 사용하지 않는다	FALSE	dsa	big_o		
Q029	책임 있는 선택		Data Structure & Algorithm - 복잡도 분석	45	CHOICE	EASY	책임 있는 시간 복잡도 관점에서 바람직한 선택은?	책임 있는 선택은 평균 성능이 좋아 보이는 것만이 아니라, 최악 상황에서도 예측 가능한 성능 상한을 제공하는 알고리즘/구조를 고르는 것입니다. 외부 입력이나 트래픽 패턴은 언제든 바뀔 수 있어 평균 가정이 깨지기 쉽고, 최악이 현실이 되면 장애로 이어집니다. 그래서 최악 복잡도 보장, 입력 적대성(악성 패턴) 대응, 타임아웃/리밋 같은 운영 장치까지 포함해 판단해야 합니다. 면접에서는 “SLA, 꼬리 지연(p95/p99), 장애 예방”과 연결하면 설득력이 커집니다. 실무에서는 최악이 나쁜 선택을 하더라도 입력 상한이 작거나 방어 설계가 있다면 허용될 수 있어, 조건과 통제를 함께 말하는 게 핵심입니다.		평균이 가장 빠른 알고리즘	FALSE	최악 성능이 보장되는 알고리즘	TRUE	코드가 짧은 알고리즘	FALSE	구현이 쉬운 알고리즘	FALSE	dsa	responsible_time_complexity		
Q030	배열 전체 순회		Data Structure & Algorithm - 복잡도 분석	45	CHOICE	EASY	배열의 모든 요소를 한 번씩 확인하는 알고리즘의 복잡도는?	배열의 원소를 0부터 끝까지 한 번씩 검사하면, 처리 횟수가 원소 개수 n에 비례하므로 O(n)입니다. 루프 본문이 상수 시간일 때 가장 전형적인 선형 시간 사례가 됩니다. 면접에서는 “왜 O(n)인지”를 연산 횟수(원소당 1회)로 설명하는 기본기를 봅니다. 실무에서는 데이터 검증, 합계/최댓값 계산, 필터링처럼 흔한 패턴이라 성능의 기준점이 됩니다. 다만 루프 안에 정렬/탐색 같은 비싼 작업이 들어가면 O(n log n) 이상으로 바뀌므로, 본문 비용까지 같이 보는 습관이 중요합니다.		O(1)	FALSE	O(n)	TRUE	O(n^2)	FALSE	O(log n)	FALSE	dsa	big_o		
Q031	빅오와 빅세타		Data Structure & Algorithm - 복잡도 분석	45	CHOICE	EASY	빅오 표기법의 특징으로 올바른 것은?	빅오는 보통 최악 기준의 상한(upper bound) 관점에서, 입력 크기가 커질 때 성능이 “어느 정도 이상으로 나빠지지 않는다”는 증가 추세를 표현합니다. 그래서 상수 계수와 하위 항을 제거하고, 지배항만 남겨 성장률을 비교합니다. 면접에서는 O, Ω, Θ의 의미를 구분하거나 “빅오는 정확한 시간인가”를 물어보는데, 빅오는 절대 시간 예측이 아니라 확장성 비교 도구라는 점이 핵심입니다. 실무에서는 최악 상한을 바탕으로 용량 산정, 타임아웃 설계, 위험 알고리즘 회피 같은 보수적 의사결정을 돕습니다.		정확한 평균을 표현한다	FALSE	최악 증가 추세를 표현한다	TRUE	최소 시간을 표현한다	FALSE	메모리만 분석한다	FALSE	dsa	big_o		
Q032	조건문 비용		Data Structure & Algorithm - 복잡도 분석	45	CHOICE	EASY	단일 if문 하나의 시간 복잡도는?	단일 if 조건 평가 자체는 보통 O(1)로 간주합니다. 다만 if의 “내부에서 무엇을 하느냐”에 따라 전체 비용은 달라질 수 있습니다(내부에 루프/정렬/I O가 있으면 그 비용이 지배). 면접에서는 if가 루프 안에 있을 때 반복 횟수만큼 누적된다는 점까지 확장해서 묻는 경우가 많습니다. 실무에서도 조건문 자체보다, 조건문이 감싸는 작업의 비용과 실행 빈도가 성능에 더 큰 영향을 줍니다. “조건 평가 = 상수, 전체 비용 = 분기 내부 작업”으로 분리해 말하는 습관이 중요합니다.		O(n)	FALSE	O(log n)	FALSE	O(1)	TRUE	O(n^2)	FALSE	dsa	big_o		
Q033	최악 기준 이유		Data Structure & Algorithm - 복잡도 분석	45	CHOICE	EASY	책임 있는 분석에서 최악 시간 복잡도를 사용하는 이유는?	최악 기준은 가장 불리한 입력/상황에서도 시스템이 버틸 수 있는지를 판단하기 위해 필요합니다. 평균이 좋아도 특정 입력에서 최악이 반복되면 꼬리 지연이 커지고 SLA가 깨질 수 있습니다. 특히 외부 입력이 있는 서비스는 분포가 변하거나 악성 패턴이 들어올 수 있어, 평균 가정을 믿기 어렵습니다. 면접에서는 “장애 예방, 안정성, 예측 가능성”을 이유로 연결하면 강합니다. 실무에서는 최악 상한을 기반으로 리밋/타임아웃/폴백을 설계해 성능 붕괴를 막는 것이 핵심입니다.		가장 빠르기 때문	FALSE	안정성을 보장하기 때문	TRUE	구현이 쉬워서	FALSE	평균과 같아서	FALSE	dsa	responsible_time_complexity		
Q034	반복문 + 로그		Data Structure & Algorithm - 복잡도 분석	45	CHOICE	EASY	n번 반복하면서 내부에서 log n 연산을 수행하면 복잡도는?	외부가 n번 반복되고, 각 반복에서 O(log n) 작업을 하면 총 비용은 곱으로 계산해 O(n log n)입니다. 로그 연산은 이진 탐색, 균형 트리 탐색 같은 형태에서 자주 나옵니다. 면접에서는 “반복 비용 × 내부 비용”을 정확히 적용하는지 봅니다. 실무에서도 정렬 후 반복 탐색, 트리 기반 인덱싱 같은 곳에서 매우 흔한 구조라, 단계별 분해가 정확해야 병목을 제대로 예측할 수 있습니다.		O(log n)	FALSE	O(n)	FALSE	O(n log n)	TRUE	O(n^2)	FALSE	dsa	big_o		
Q035	데이터 증가 영향		Data Structure & Algorithm - 복잡도 분석	45	CHOICE	EASY	입력 데이터가 10배 증가할 때 가장 영향이 적은 복잡도는?	일반적으로 O(log n)이 입력 증가에 가장 둔감한 편입니다. 입력이 10배가 되어도 로그는 “단계 수”가 조금 늘어나는 수준이라 증가 폭이 작습니다. 면접에서는 O(1), O(log n), O(n), O(n log n), O(n^2)의 성장 순서를 비교시키는 문제가 자주 나옵니다. 실무에서는 데이터 규모가 급격히 커질수록 로그 구조(이진 탐색, 균형 트리)가 확장성 측면에서 유리해집니다. 다만 실제 체감 성능은 상수 계수와 메모리 접근 패턴에도 영향을 받으니, 빅오와 측정을 함께 보아야 합니다.		O(n^2)	FALSE	O(n)	FALSE	O(log n)	TRUE	O(n log n)	FALSE	dsa	big_o		
Q036	빅오 계산 기준		Data Structure & Algorithm - 복잡도 분석	45	CHOICE	EASY	빅오 계산 시 가장 중요한 요소는?	핵심은 “코드의 구조가 입력 크기 n과 어떤 관계를 가지는가”입니다. 즉 반복 횟수, 재귀 깊이, 분기 중 최악 경로, 그리고 내부 작업의 비용을 지배항 관점에서 잡아내는 게 중요합니다. 면접에서는 작은 연산을 세는 것보다, 중첩/분할/반감 같은 패턴을 빠르게 인식하는지를 봅니다. 실무에서도 최적화는 미세 연산보다, 알고리즘/자료구조를 바꿔 차수를 낮추는 쪽이 효과가 큽니다. 그래서 먼저 큰 틀의 성장률을 잡고, 그 다음에 프로파일링으로 핫스팟을 확인하는 순서가 안전합니다.		변수 이름	FALSE	반복 구조와 입력 크기	TRUE	주석 개수	FALSE	함수 개수	FALSE	dsa	big_o		
Q037	알고리즘 선택		Data Structure & Algorithm - 복잡도 분석	45	CHOICE	EASY	대규모 데이터 처리 시 우선 고려해야 할 요소는?	데이터가 커질수록 차수 차이가 곧 비용 차이가 되기 때문에, 시간 복잡도(그리고 공간 복잡도)를 우선적으로 봐야 합니다. O(n^2)와 O(n log n)은 작은 n에서는 비슷해 보여도 규모가 커지면 격차가 폭발합니다. 면접에서는 “확장성 관점에서 어떤 선택이 안전한가”를 묻는 형태로 자주 나옵니다. 실무에서는 처리량, 지연, 비용(서버 스케일)과 직결되며, 최악 입력에서도 버틸 수 있는지까지 포함해 판단하는 게 책임 있는 접근입니다.		구현 난이도	FALSE	시간 복잡도	TRUE	코드 길이	FALSE	개발 언어	FALSE	dsa	responsible_time_complexity		
Q038	복잡도와 메모리		Data Structure & Algorithm - 복잡도 분석	45	CHOICE	EASY	시간 복잡도와 공간 복잡도의 관계로 올바른 설명은?	시간과 공간은 종종 트레이드오프 관계입니다. 시간을 줄이기 위해 해시/캐시/메모이제이션 같은 추가 메모리를 쓰기도 하고, 반대로 메모리를 아끼기 위해 계산을 반복해 시간이 늘기도 합니다. 면접에서는 “어떤 상황에서 공간을 더 써도 되는가”를 시스템 제약(메모리 한계, GC, 비용)과 함께 설명하는지를 봅니다. 실무에서는 메모리를 늘리면 OOM 위험, GC 지연, 캐시 효율 변화 같은 부작용이 생길 수 있어, 단순히 빠르다고 선택하면 위험합니다. 그래서 성능 목표(SLA)와 자원 예산을 함께 놓고 균형을 잡는 것이 핵심입니다.		항상 반비례한다	FALSE	서로 무관하다	FALSE	트레이드오프 관계일 수 있다	TRUE	항상 동일하다	FALSE	dsa	big_o		
Q039	빅오 학습 목적		Data Structure & Algorithm - 복잡도 분석	45	CHOICE	EASY	빅오 표기법을 배우는 가장 큰 이유는?	빅오는 알고리즘을 확장성 관점에서 비교하고, 입력이 커졌을 때 어떤 설계가 위험해지는지 예측하게 해줍니다. 그래서 단순 암기가 아니라, 코드를 보고 반복/분할/중첩 패턴을 구조적으로 해석하는 능력이 중요합니다. 면접에서는 “왜 빅오가 필요한가”를 물으며, 실제 시간 측정과의 차이를 구분할 수 있는지도 봅니다. 실무에서는 설계 단계에서 병목 후보를 빨리 걸러내고, 최악 상황에서도 안정적인 선택을 하기 위한 기본 도구로 활용됩니다.		코드를 짧게 만들기 위해	FALSE	성능 비교와 예측을 위해	TRUE	문법 오류를 줄이기 위해	FALSE	테스트를 쉽게 하기 위해	FALSE	dsa	big_o		
Q040	책임 있는 개발		Data Structure & Algorithm - 복잡도 분석	45	CHOICE	EASY	책임 있는 개발 관점에서 시간 복잡도 분석이 중요한 이유는?	서비스는 트래픽이 늘거나 입력 패턴이 변하면 성능이 급격히 악화될 수 있어, 복잡도 분석은 그 위험을 사전에 줄이는 도구입니다. 평균이 좋아도 최악이 큰 구조는 꼬리 지연을 키워 사용자 경험과 신뢰성을 해칠 수 있습니다. 면접에서는 “운영 안정성, SLA, 장애 예방”과 연결되는 답을 선호합니다. 실무에서도 타임아웃, 리밋, 폴백, 캐시 전략 같은 운영 설계는 최악 성능을 알아야 제대로 만들 수 있습니다. 결국 책임 있는 분석은 단순한 이론이 아니라, 시스템을 무너지지 않게 하는 안전장치에 가깝습니다.		코드 스타일 개선	FALSE	서비스 안정성 확보	TRUE	개발 속도 향상	FALSE	문서화 편의	FALSE	dsa	responsible_time_complexity		
Q041	복잡도 계산		Data Structure & Algorithm - 복잡도 분석	45	CHOICE	MEDIUM	다음 코드의 시간 복잡도로 가장 적절한 것은? (외부 반복 n번, 내부 반복 n번)	외부 루프가 n번 돌 때마다 내부 루프도 n번 돈다면 총 연산은 n×n이 되어 O(n^2)입니다. 빅오 관점에서는 상수 연산을 무시하고 반복 구조의 지배항을 봅니다. 면접에서는 이 기본 패턴을 빠르게 인식하는지와, 내부 루프가 정말 매번 n번 도는지 검증하는 습관을 봅니다. 실무에서는 O(n^2) 구조가 데이터 성장 시 병목이 되기 쉬워, 인덱스/해시/전처리 등으로 줄이는 리팩토링이 자주 필요합니다.		O(n)	FALSE	O(n log n)	FALSE	O(n²)	TRUE	O(log n)	FALSE	dsa	big_o		
Q042	반복문 탈출 조건		Data Structure & Algorithm - 복잡도 분석	45	CHOICE	MEDIUM	반복문 안에서 break가 있어도 최악 시간 복잡도를 기준으로 할 때 올바른 판단은?	break는 특정 조건에서 조기 종료를 만들기 때문에 최선/평균에는 영향을 줄 수 있습니다. 하지만 최악 분석에서는 break가 끝까지 실행되지 않는 입력이 가능하다고 가정하므로, 최악 시간 복잡도가 그대로 유지되는 경우가 많습니다. 면접에서는 “최악에서는 break가 없다고 생각하나?” 같은 형태로 자주 출제됩니다. 실무에서도 낙관적으로 break를 믿고 설계하면 꼬리 지연이 커질 수 있어, 최악 경로에서의 비용을 기준으로 안전장치를 잡는 게 좋습니다.		break가 있으므로 O(1)이다	FALSE	최악 기준에서는 여전히 반복 횟수를 따른다	TRUE	평균 시간만 계산한다	FALSE	break는 복잡도 분석 대상이 아니다	FALSE	dsa	responsible_time_complexity		
Q043	조건부 중첩 반복		Data Structure & Algorithm - 복잡도 분석	45	CHOICE	MEDIUM	외부 n번 반복, 내부는 조건에 따라 최대 n번 반복될 때 시간 복잡도는?	조건부라도 최악의 경우 내부 반복이 매번 n번 실행될 수 있다면 총 연산은 n×n으로 O(n^2)입니다. 빅오는 “가능한 가장 불리한 케이스”를 기준으로 상한을 잡기 때문입니다. 면접에서는 조건이 평균적으로는 적게 돌더라도, 최악 입력이 존재하는지 판단할 수 있는지를 봅니다. 실무에서도 외부 입력이 조건을 악화시키면 최악이 자주 재현될 수 있어, 최악 기준으로 방어 설계를 하는 것이 안전합니다.		O(n)	FALSE	O(n log n)	FALSE	O(n²)	TRUE	O(log n)	FALSE	dsa	big_o		
Q044	이진 탐색 반복 횟수		Data Structure & Algorithm - 복잡도 분석	45	CHOICE	MEDIUM	크기 n 배열에서 이진 탐색이 수행되는 최대 반복 횟수는 무엇에 비례하는가?	이진 탐색은 매 단계마다 탐색 범위를 절반으로 줄이므로, 반복 횟수는 log n에 비례합니다(보통 log2 n). “n을 몇 번 반으로 나누면 1이 되는가”를 세는 것과 동일합니다. 면접에서는 로그가 나오는 이유를 직관적으로 설명할 수 있어야 합니다. 실무에서도 이 특성 덕분에 정렬된 대규모 데이터에서 탐색 비용이 매우 안정적으로 유지됩니다.		n	FALSE	log n	TRUE	n log n	FALSE	n²	FALSE	dsa	big_o		
Q045	재귀 호출 깊이		Data Structure & Algorithm - 복잡도 분석	45	CHOICE	MEDIUM	재귀 함수가 한 번 호출될 때마다 n이 1씩 감소한다면 시간 복잡도는?	n이 1씩 줄어들면 호출 횟수는 n에 비례해 발생합니다. 각 호출이 상수 작업이라면 전체는 O(n)입니다. 면접에서는 “재귀 깊이 = 호출 횟수”로 바로 연결할 수 있는지 봅니다. 실무에서는 시간뿐 아니라 스택 사용량도 함께 커지므로, 깊이가 커질 수 있으면 반복문 전환이나 꼬리 재귀 최적화 여부 등을 고려해야 합니다.		O(log n)	FALSE	O(n)	TRUE	O(n²)	FALSE	O(1)	FALSE	dsa	big_o		
Q046	분할 정복 구조		Data Structure & Algorithm - 복잡도 분석	45	CHOICE	MEDIUM	입력을 반으로 나누어 두 번 재귀 호출하고 병합하는 알고리즘의 복잡도는?	전형적으로 T(n)=2T(n/2)+O(n) 형태라서 O(n log n)입니다. 각 레벨에서 병합 비용이 O(n)이고, 레벨 수가 log n이라 전체가 n×log n으로 누적됩니다. 병합 정렬이 대표적인 예시입니다. 면접에서는 “레벨 수(깊이)와 레벨당 비용”을 분리해 설명하는지를 자주 봅니다. 실무에서는 최악이 보장된다는 점이 안정성 측면에서 강점입니다.		O(n)	FALSE	O(n²)	FALSE	O(n log n)	TRUE	O(log n)	FALSE	dsa	big_o		
Q047	평균 vs 최악		Data Structure & Algorithm - 복잡도 분석	45	CHOICE	MEDIUM	평균 시간 복잡도가 O(n log n)이고 최악이 O(n^2)인 알고리즘에 대한 책임 있는 판단은?	평균이 좋아도 최악이 O(n^2)면, 특정 입력에서 지연이 폭발해 서비스 안정성에 위험할 수 있습니다. 책임 있는 판단은 “최악이 현실이 되는 조건이 있는가”를 먼저 점검하고, 필요하면 최악 보장이 있는 대안을 선택하거나 방어(피벗 랜덤화, 입력 제한, 타임아웃)를 둡니다. 퀵 정렬이 대표적 예로, 평균은 뛰어나지만 구현/입력에 따라 최악이 문제 될 수 있습니다. 면접에서는 “언제 평균을 믿어도 되는가”를 운영 맥락과 함께 말하면 좋습니다. 실무에서는 p99 지연과 장애 가능성을 기준으로 의사결정을 내립니다.		평균이 빠르므로 문제없다	FALSE	최악 상황에서 성능 저하 가능성을 고려해야 한다	TRUE	항상 평균 기준으로 판단한다	FALSE	최악은 무시해도 된다	FALSE	dsa	responsible_time_complexity		
Q048	반복문 + 재귀		Data Structure & Algorithm - 복잡도 분석	45	CHOICE	MEDIUM	n번 반복되는 루프 안에서 깊이 log n의 재귀 호출이 발생하면 복잡도는?	외부 루프 n번과, 내부 재귀 비용 O(log n)이 결합되면 곱으로 계산해 O(n log n)입니다. 중요한 건 “내부 재귀가 한 번 실행될 때의 비용”을 먼저 잡고, 이를 반복 횟수와 곱하는 단계적 분석입니다. 면접에서는 복합 구조를 이런 식으로 분해할 수 있는지를 봅니다. 실무에서도 트리 탐색을 반복 호출하는 형태에서 흔히 등장합니다.		O(log n)	FALSE	O(n)	FALSE	O(n log n)	TRUE	O(n²)	FALSE	dsa	big_o		
Q049	공간 복잡도 판단		Data Structure & Algorithm - 복잡도 분석	45	CHOICE	MEDIUM	재귀 호출이 깊이 n까지 발생할 때 공간 복잡도는?	재귀는 호출 스택을 사용하므로, 깊이가 n이면 동시에 쌓이는 스택 프레임이 n개라 공간 복잡도 O(n)입니다. 여기서 포인트는 시간 복잡도와 별개로 “스택 메모리”가 추가로 필요하다는 점입니다. 면접에서는 시간만 말하고 공간을 빼먹으면 감점되는 경우가 많습니다. 실무에서는 스택 오버플로우 리스크와 GC/메모리 압박까지 고려해 반복문 전환이나 스택 사용 최적화를 검토합니다.		O(1)	FALSE	O(log n)	FALSE	O(n)	TRUE	O(n²)	FALSE	dsa	big_o		
Q050	상수 계수 영향		Data Structure & Algorithm - 복잡도 분석	45	CHOICE	MEDIUM	O(100n)과 O(n)의 빅오 관점에서 올바른 설명은?	빅오에서는 상수 계수를 제거하므로 둘 다 O(n)으로 동일하게 취급합니다. 이유는 입력이 커질수록 성장률을 결정하는 것은 n이라는 차수이고, 100이라는 계수는 상대적으로 중요도가 낮아지기 때문입니다. 다만 면접에서 한 단계 더 나가면 “실무에서는 100배가 체감 성능에 영향 줄 수 있다”까지 언급하면 좋습니다. 즉, 빅오는 확장성 비교 도구이고, 실제 성능은 측정으로 확인해야 합니다.		O(100n)이 더 느리다	FALSE	둘은 같은 O(n)이다	TRUE	O(n)이 항상 더 빠르다	FALSE	비교할 수 없다	FALSE	dsa	big_o		
Q051	입력 정의 오류		Data Structure & Algorithm - 복잡도 분석	45	CHOICE	MEDIUM	시간 복잡도 분석에서 가장 흔한 실수는?	가장 흔한 실수는 입력 크기 n을 무엇으로 둘지를 애매하게 잡거나, 서로 다른 입력 축을 하나로 뭉치는 것입니다. 예를 들어 그래프에서 V와 E를 분리하지 않거나, 두 배열 크기 n, m을 O(n)으로 퉁치면 병목을 과소평가합니다. 또 중첩과 순차를 혼동해 곱해야 할 것을 합으로 계산하는 실수도 매우 흔합니다. 면접에서는 분석 전에 “n 정의부터 하겠다”는 태도를 좋게 봅니다. 실무에서도 기준 정의가 흔들리면 최적화 방향이 완전히 틀어질 수 있어 책임 있는 분석의 출발점입니다.		계산을 생략하는 것	FALSE	입력 크기 정의를 모호하게 하는 것	TRUE	상수를 제거하는 것	FALSE	최악을 기준으로 하는 것	FALSE	dsa	responsible_time_complexity		
Q052	최악 시간 판단		Data Structure & Algorithm - 복잡도 분석	45	CHOICE	MEDIUM	다음 중 최악 시간 복잡도 분석에 가장 부합하는 설명은?	최악 분석은 “가장 오래 걸리는 입력”을 가정해 상한을 잡는 접근입니다. 실행 확률이 낮더라도, 그 케이스가 발생했을 때 시스템이 버틸 수 있는지가 핵심입니다. 면접에서는 평균과 섞지 않고, 최악의 의미를 ‘항상’이 아니라 ‘가능한 상한’으로 정확히 설명하는지 봅니다. 실무에서는 최악 상한을 기반으로 타임아웃, 제한, 폴백 등을 설계해 성능 붕괴를 막습니다. 즉 최악 분석은 보수적이지만, 운영 안정성을 위한 현실적인 기준입니다.		가장 자주 발생하는 경우	FALSE	가장 오래 걸리는 경우	TRUE	임의의 입력	FALSE	가장 빠른 경우	FALSE	dsa	responsible_time_complexity		
Q053	반복 범위 축소		Data Structure & Algorithm - 복잡도 분석	45	CHOICE	MEDIUM	반복문에서 반복 범위를 절반씩 줄이는 경우 시간 복잡도는?	반복 범위가 매 단계 절반으로 줄어들면 반복 횟수는 log n에 비례하므로 O(log n)입니다. “반으로 줄이는 횟수”가 곧 로그라는 직관이 핵심입니다. 면접에서는 이런 패턴을 코드에서 즉시 찾아내는 문제를 자주 냅니다. 실무에서도 탐색 구간 축소, 이진 탐색, 분할 정복 최적화에서 매우 흔하게 나타납니다.		O(n)	FALSE	O(n log n)	FALSE	O(log n)	TRUE	O(n²)	FALSE	dsa	big_o		
Q054	알고리즘 선택 기준		Data Structure & Algorithm - 복잡도 분석	45	CHOICE	MEDIUM	대규모 트래픽 서비스에서 알고리즘 선택 시 가장 우선해야 할 기준은?	대규모 서비스에서는 평균보다 최악 성능과 꼬리 지연(p95/p99)이 안정성을 좌우하는 경우가 많습니다. 평균이 좋아도 최악이 나쁘면 특정 순간에 SLA가 깨지고 장애로 이어질 수 있습니다. 면접에서는 “최악 보장 + 방어 설계”를 운영 관점으로 연결하면 강합니다. 실무에서는 입력 제한, 타임아웃, 캐시/큐잉, 안전한 자료구조 선택까지 포함해 최악을 통제하는 것이 책임 있는 판단입니다.		평균 성능	FALSE	최악 시간 복잡도	TRUE	코드 가독성	FALSE	구현 난이도	FALSE	dsa	responsible_time_complexity		
Q055	빅오 비교		Data Structure & Algorithm - 복잡도 분석	45	CHOICE	MEDIUM	다음 중 입력 크기가 매우 클 때 가장 효율적인 복잡도는?	일반적으로 O(1) > O(log n) > O(n) > O(n log n) > O(n^2) > O(2^n) 순으로 효율적입니다(왼쪽이 더 좋음). 매우 큰 입력에서는 로그와 선형의 차이가 크게 벌어지기 때문에 O(log n)이 매우 유리합니다. 면접에서는 이 순서를 정확히 알고, “왜 로그가 유리한가”를 설명할 수 있어야 합니다. 실무에서도 탐색·인덱싱 구조를 로그로 만드는 것이 확장성의 핵심 전략 중 하나입니다.		O(n²)	FALSE	O(n log n)	FALSE	O(log n)	TRUE	O(n)	FALSE	dsa	big_o		
Q056	루프 내부 정렬		Data Structure & Algorithm - 복잡도 분석	45	CHOICE	MEDIUM	n번 반복되는 루프 안에서 정렬(O(n log n))을 수행하면 전체 복잡도는?	외부 루프 n번 × 내부 정렬 O(n log n)이므로 총합은 O(n^2 log n)입니다. 이 형태는 데이터가 조금만 커져도 비용이 급격히 증가합니다. 면접에서는 “곱으로 결합한다”는 규칙을 정확히 적용하는지 봅니다. 실무에서는 이런 구조가 발견되면 정렬을 루프 밖으로 빼거나, 정렬 결과를 재사용하거나, 자료구조를 바꿔 중복 정렬을 제거하는 리팩토링이 보통 필요합니다.		O(n log n)	FALSE	O(n²)	FALSE	O(n² log n)	TRUE	O(log n)	FALSE	dsa	big_o		
Q057	분석 목적		Data Structure & Algorithm - 복잡도 분석	45	CHOICE	MEDIUM	책임 있는 시간 복잡도 분석의 최종 목적은?	최종 목적은 평균만 빠른 코드를 만드는 게 아니라, 최악 상황에서도 예측 가능한 성능과 안정성을 확보하는 것입니다. 이를 통해 트래픽 급증이나 특정 입력에서도 시스템이 붕괴하지 않도록 방어 설계를 할 수 있습니다. 면접에서는 “안정성, 신뢰성, SLA” 키워드로 연결하면 좋습니다. 실무에서는 최악 상한을 기준으로 타임아웃, 제한, 폴백, 스케일 전략을 세워 장애 가능성을 줄입니다.		코드 최적화 연습	FALSE	서비스 안정성 확보	TRUE	문법 이해	FALSE	개발 속도 향상	FALSE	dsa	responsible_time_complexity		
Q058	복잡도 함정		Data Structure & Algorithm - 복잡도 분석	45	CHOICE	MEDIUM	다음 중 시간 복잡도 분석에서 잘못된 설명은?	잘못된 설명은 보통 “break가 있으니 최악도 줄어든다”처럼 최악 기준을 낙관적으로 해석하는 주장입니다. 최악 분석에서는 break 조건이 끝까지 만족되지 않는 입력을 가정할 수 있으므로, 최악 차수는 그대로일 수 있습니다. 면접에서는 이런 문장을 주고 “왜 틀렸는지”를 설명하라고 자주 냅니다. 실무에서도 조기 종료에 기대는 설계는 꼬리 지연을 키울 수 있어 위험합니다. 책임 있는 분석은 항상 최악 경로를 먼저 확인합니다.		최악 기준으로 분석한다	FALSE	break가 있으면 최악 복잡도가 줄어든다	TRUE	입력 크기가 기준이다	FALSE	반복 구조를 본다	FALSE	dsa	responsible_time_complexity		
Q059	로그와 선형 비교		Data Structure & Algorithm - 복잡도 분석	45	CHOICE	MEDIUM	n이 매우 클 때 O(log n)과 O(n)의 차이에 대한 설명으로 올바른 것은?	O(log n)은 증가가 매우 완만해 n이 커져도 비용이 조금씩만 늘어납니다. 반면 O(n)은 입력이 두 배면 비용도 대략 두 배로 늘어나는 선형 증가입니다. n이 매우 커질수록 두 복잡도의 격차는 극명해져, 로그 구조가 확장성에서 압도적으로 유리해집니다. 면접에서는 “왜 로그가 느리게 증가하나”를 반감 횟수로 설명하는지 봅니다. 실무에서는 이 차이가 서버 비용과 SLA를 좌우하는 결정적 요인이 됩니다.		거의 차이가 없다	FALSE	로그가 훨씬 완만하게 증가한다	TRUE	선형이 더 안정적이다	FALSE	비교할 수 없다	FALSE	dsa	big_o		
Q060	책임 있는 설계		Data Structure & Algorithm - 복잡도 분석	45	CHOICE	MEDIUM	책임 있는 알고리즘 설계에서 가장 피해야 할 상황은?	가장 피해야 할 상황은 최악에서 성능이 급격히 악화되고, 그 최악이 현실에서 유발될 수 있는 구조를 방치하는 것입니다. 평균이 좋아 보여도, 특정 입력 패턴(악성/편향/핫키)에서 O(n^2)이나 O(n)으로 급락하면 장애로 이어질 수 있습니다. 면접에서는 “최악이 현실이 되는 조건”을 함께 말하는지가 포인트입니다. 실무에서는 입력 상한, 랜덤화, 리밋, 타임아웃, 안전한 대안 알고리즘 같은 통제 장치로 최악 리스크를 줄여야 합니다.		평균 성능이 좋은 경우	FALSE	최악 성능이 급격히 나빠지는 경우	TRUE	코드가 긴 경우	FALSE	구현이 복잡한 경우	FALSE	dsa	responsible_time_complexity		
Q061	빅오 상한(Upper Bound)		Data Structure & Algorithm - 복잡도 분석	45	CHOICE	MEDIUM	빅오 표기법 O(f(n))이 의미하는 것으로 가장 적절한 것은?	O(f(n))은 입력 크기 n이 충분히 커질 때, 어떤 상수 c와 n0가 존재하여 실행 비용 T(n)이 c·f(n)보다 커지지 않는 상한을 의미합니다. 즉 “f(n)보다 빠르게 증가하지 않는다”는 증가 추세의 보수적 표현이지, 정확한 시간 예측이 아닙니다. 면접에서는 “상한(upper bound)”이라는 단어를 정확히 쓰는지와, 상수 계수/하위 항을 왜 제거하는지까지 연결하는지를 봅니다. 실무에서는 최악 성능을 보수적으로 추정해 용량 계획, 타임아웃, 안전한 알고리즘 선택을 하는 데 도움을 줍니다.		정확히 f(n)만큼 걸린다	FALSE	최악 증가 속도의 상한을 표현한다	TRUE	평균 성능을 의미한다	FALSE	최소 시간을 의미한다	FALSE	dsa	big_o		
Q062	빅오메가(Big-Omega)		Data Structure & Algorithm - 복잡도 분석	45	CHOICE	MEDIUM	빅오메가 Ω(f(n))에 대한 설명으로 옳은 것은?	Ω(f(n))은 하한(lower bound)으로, n이 커질 때 T(n)이 어떤 상수 c·f(n)보다 작아지지 않는다는 의미입니다. 쉽게 말해 “최소한 이 정도는 든다”는 성능의 근본적인 한계를 표현합니다. 면접에서는 O(상한), Ω(하한), Θ(상한·하한이 일치하는 타이트 바운드)를 구분하는 문제가 자주 나옵니다. 실무에서는 보통 최악 상한(O)을 많이 쓰지만, 문제의 본질적 한계(예: 비교 정렬의 하한)나 알고리즘의 최선 가능성을 설명할 때 Ω 관점이 유용합니다.		상한을 의미한다	FALSE	하한을 의미한다	TRUE	항상 최악을 의미한다	FALSE	정확한 시간을 의미한다	FALSE	dsa	big_o		
Q063	빅세타(Big-Theta)		Data Structure & Algorithm - 복잡도 분석	45	CHOICE	MEDIUM	Θ(f(n)) 표기법의 의미로 가장 적절한 것은?	Θ(f(n))은 상한(O)과 하한(Ω)이 동시에 f(n)으로 묶이는 “타이트한 경계(tight bound)”를 뜻합니다. 즉 충분히 큰 n에서 T(n)이 f(n)과 같은 차수로 증가한다고 말할 수 있습니다. 면접에서는 O(상한)만 말해놓고 “정확히는 Θ인가?”를 되묻는 경우가 많아, ‘상한 vs 동일 차수’를 구분하는 게 중요합니다. 실무에서는 안전하게 O로 말하는 경우가 많지만, 알고리즘의 성장을 “정확히 같은 차수”로 표현해야 할 때 Θ가 더 적절합니다. 또한 Θ는 분석이 더 강한 주장이라, 전제(모든 큰 n에서 성립)를 같이 명확히 하는 습관이 좋습니다.		상한만 의미한다	FALSE	하한만 의미한다	FALSE	상한과 하한이 같은 동일 차수 경계다	TRUE	상수 시간만 의미한다	FALSE	dsa	big_o		
Q064	재귀식 분석(단순)		Data Structure & Algorithm - 복잡도 분석	45	CHOICE	MEDIUM	T(n) = T(n-1) + O(1)의 시간 복잡도로 가장 적절한 것은?	매 호출마다 입력이 1씩 줄고, 각 단계에 상수 비용이 추가되면 호출 횟수는 n번 수준으로 누적됩니다. 따라서 전체 시간은 O(n)이며, 더 타이트하게는 보통 Θ(n)으로 보는 것이 자연스럽습니다. 면접에서는 “재귀 깊이(≈ n) × 단계당 비용(≈ 1)”로 빠르게 해석하는지를 봅니다. 실무 관점에서는 이 재귀가 스택을 n만큼 사용하므로 공간도 O(n)이 될 수 있고, 큰 n에서 스택 오버플로우 위험이 있다는 점까지 언급하면 책임 있는 답변입니다.		O(log n)	FALSE	O(n)	TRUE	O(n log n)	FALSE	O(n²)	FALSE	dsa	big_o		
Q065	재귀식 분석(절반 감소)		Data Structure & Algorithm - 복잡도 분석	45	CHOICE	MEDIUM	T(n) = T(n/2) + O(1)의 시간 복잡도로 가장 적절한 것은?	입력이 매 단계 절반으로 줄어들면 재귀 깊이는 “몇 번 반으로 나누면 1이 되는가”로 결정되어 log n입니다. 각 단계의 추가 작업이 상수라면 전체 시간은 O(log n)이고, 일반적으로 Θ(log n)으로도 표현 가능합니다. 면접에서는 이 패턴을 이진 탐색과 연결해 설명하면 설득력이 높습니다. 실무에서도 “범위를 절반씩 줄이는 루프/재귀”는 로그로 빠르게 인식하는 능력이 성능 설계의 기본입니다.		O(n)	FALSE	O(log n)	TRUE	O(n log n)	FALSE	O(1)	FALSE	dsa	big_o		
Q066	중첩 루프(감소형)		Data Structure & Algorithm - 복잡도 분석	45	CHOICE	MEDIUM	i가 n부터 1까지 감소하고, 내부 루프가 1부터 i까지 도는 경우 전체 복잡도는?	바깥 i가 n, n-1, …, 1로 변할 때 내부는 i번 반복되므로 총 연산은 Σ(i=1..n) i = 1+2+…+n입니다. 이는 n(n+1)/2로 자라므로 시간 복잡도는 O(n²)이며, 보통 Θ(n²)로도 말합니다. 면접에서는 이 “삼각형 합(등차수열 합)” 패턴을 알아채는지 자주 체크합니다. 실무에서는 데이터가 조금만 커져도 비용이 급격히 증가하므로, 이런 구조가 보이면 중복 계산 제거나 자료구조 변경을 검토하는 게 책임 있는 접근입니다.		O(n)	FALSE	O(n log n)	FALSE	O(n²)	TRUE	O(log n)	FALSE	dsa	big_o		
Q067	해시 테이블 평균		Data Structure & Algorithm - 복잡도 분석	45	CHOICE	MEDIUM	해시 테이블(Hash Table)에서 조회의 평균 시간 복잡도로 가장 적절한 것은?	해시 테이블은 적절한 해시 함수와 로드 팩터 관리가 전제되면, 평균적으로 O(1)에 가까운 조회 성능을 제공합니다. 면접에서는 “평균 O(1)인데 왜 최악은 다를 수 있나?”를 함께 설명할 수 있어야 합니다. 실무에서는 충돌이 늘거나 리사이즈가 잦으면 지연이 커질 수 있으므로, 해시 품질·버킷 구조·리사이즈 정책까지 포함해 보는 것이 책임 있는 답변입니다. 또한 외부 입력이 있는 서비스라면 최악을 유발하는 입력(충돌 공격) 가능성까지 고려해야 합니다.		O(1)	TRUE	O(log n)	FALSE	O(n)	FALSE	O(n log n)	FALSE	dsa	responsible_time_complexity		
Q068	해시 테이블 최악		Data Structure & Algorithm - 복잡도 분석	45	CHOICE	MEDIUM	해시 테이블 조회가 최악의 경우 O(n)이 될 수 있는 주된 이유는?	해시 충돌이 특정 버킷에 몰리면, 체이닝 방식에서는 그 버킷이 사실상 연결 리스트(또는 트리) 탐색처럼 되어 길이에 비례해 느려질 수 있습니다. 그래서 최악에는 조회가 O(n)까지 악화될 수 있습니다. 면접에서는 “평균 O(1)”을 말한 뒤 반드시 “최악 O(n) 가능”을 연결하는지를 봅니다. 실무에서는 좋은 해시 함수, 로드 팩터 제한, 리사이즈, 버킷 트리화 같은 완화책과 함께 해시 플러딩(충돌 유도 공격) 같은 보안 관점도 중요합니다. 최악을 무시하면 성능과 보안 리스크가 동시에 커집니다.		정렬되어 있기 때문	FALSE	충돌이 한곳에 집중될 수 있기 때문	TRUE	배열 접근이 느려서	FALSE	로그가 커져서	FALSE	dsa	responsible_time_complexity		
Q069	암묵적 상수 비용		Data Structure & Algorithm - 복잡도 분석	45	CHOICE	MEDIUM	빅오가 같아도 실무에서 체감 성능이 달라질 수 있는 이유로 가장 적절한 것은?	빅오는 성장률(차수)만 보고 상수 계수와 하드웨어/런타임 특성을 반영하지 않습니다. 캐시 친화성, 메모리 할당, 분기 예측, GC, I/O, 동시성 경쟁 같은 요소가 실제 성능을 크게 바꿀 수 있습니다. 면접에서는 “O(n)이라도 구현에 따라 다르다”를 현실적으로 설명하는지 봅니다. 실무에서는 빅오로 위험한 후보를 먼저 배제하고, 남은 후보를 프로파일링/벤치마크로 검증하는 흐름이 안전합니다. 이론과 측정을 같이 쓰는 것이 책임 있는 접근입니다.		빅오는 항상 실제 시간을 정확히 예측한다	FALSE	상수 계수와 하드웨어 요인이 영향을 줄 수 있다	TRUE	빅오가 같으면 성능은 항상 같다	FALSE	빅오는 메모리만 본다	FALSE	dsa	responsible_time_complexity		
Q070	아몰타이즈드 분석(Amortized)		Data Structure & Algorithm - 복잡도 분석	45	CHOICE	MEDIUM	동적 배열(ArrayList)에서 push(append)가 평균적으로 O(1)로 설명되는 이유는?	동적 배열은 대부분의 append가 O(1)이지만, 가끔 용량이 부족하면 리사이즈(더 큰 배열로 복사) 때문에 O(n)이 발생합니다. 다만 이런 비싼 작업이 자주 일어나지 않고 여러 번의 append에 비용이 분산되므로, 전체 시퀀스 관점에서 아몰타이즈드 O(1)로 설명합니다. 면접에서는 “왜 가끔 O(n)인데도 평균 O(1)이라 하나”를 자주 묻습니다. 실무에서는 리사이즈 정책(증가 비율), 초기 용량 설정이 성능 튜닝 포인트가 될 수 있으며, 지연 스파이크 가능성도 같이 고려해야 책임 있는 설명이 됩니다.		매번 요소를 정렬하기 때문	FALSE	리사이즈 비용이 여러 삽입에 분산되기 때문	TRUE	항상 새 배열을 만들기 때문	FALSE	연결 리스트라서	FALSE	dsa	big_o		
Q071	아몰타이즈드 vs 최악		Data Structure & Algorithm - 복잡도 분석	45	CHOICE	MEDIUM	아몰타이즈드 O(1)인 연산에 대해 책임 있는 설명으로 가장 적절한 것은?	아몰타이즈드 O(1)은 매 연산이 항상 O(1)이라는 뜻이 아니라, “긴 연산 시퀀스 전체 평균”에서 상수라는 의미입니다. 따라서 특정 순간에는 리사이즈나 재구성 때문에 O(n) 스파이크가 발생할 수 있습니다. 면접에서는 이 차이를 정확히 구분하는지를 매우 자주 봅니다. 실무에서는 p99 같은 꼬리 지연이 중요한 시스템에서 이 스파이크가 SLA를 깨지 않는지 검증해야 합니다. 평균과 최악/스파이크를 함께 보는 것이 책임 있는 관점입니다.		항상 매번 O(1)이다	FALSE	가끔 큰 비용이 발생할 수 있다	TRUE	최악도 O(1)이라는 뜻이다	FALSE	분석 의미가 없다	FALSE	dsa	responsible_time_complexity		
Q072	로그 밑(Base)		Data Structure & Algorithm - 복잡도 분석	45	CHOICE	MEDIUM	빅오 표기에서 log의 밑(base)을 보통 생략하는 이유는?	로그의 밑이 달라도 밑 변환으로 상수 배 차이만 생기기 때문에, 빅오 차수는 동일하게 취급합니다. 예를 들어 log₂n = (log₁₀n) / (log₁₀2)처럼 상수로만 차이가 납니다. 면접에서는 “왜 밑을 안 쓰나”가 단골 질문입니다. 실무에서는 성장률 비교가 목적이라 보통 밑을 생략하지만, 정확한 반복 횟수(예: 이진 탐색 단계 수)를 계산할 때는 밑이 의미를 가질 수 있어 구분이 필요합니다.		밑은 항상 2이기 때문	FALSE	밑 차이는 상수 배라서	TRUE	밑을 쓰면 오류가 나서	FALSE	로그는 항상 1이어서	FALSE	dsa	big_o		
Q073	복잡도 순서		Data Structure & Algorithm - 복잡도 분석	45	CHOICE	MEDIUM	다음 중 입력이 매우 클 때 성능이 가장 나쁜 복잡도는?	입력이 커질수록 지수 O(2^n)도 폭발하지만, 팩토리얼 O(n!)은 그보다 더 빠르게 폭발합니다. 면접에서는 성장률 순서를 정확히 구분하는지를 봅니다. 실무에서는 이런 복잡도는 입력 상한이 매우 작을 때만 제한적으로 허용되며, 타임아웃/가지치기 같은 통제 장치가 사실상 필수입니다. “가능한 n 범위”를 같이 말하는 것이 책임 있는 답변입니다.		O(n log n)	FALSE	O(n²)	FALSE	O(2^n)	TRUE	O(log n)	FALSE	dsa	big_o		
Q074	지수 시간(Exponent)		Data Structure & Algorithm - 복잡도 분석	45	CHOICE	MEDIUM	부분집합을 전부 나열하는 알고리즘의 시간 복잡도로 가장 적절한 것은?	n개 원소의 부분집합 수는 2^n개이므로, 전부 생성/나열하는 작업은 최소 O(2^n) 수준의 시간이 필요합니다. 실제로는 각 부분집합을 출력/복사하는 비용까지 포함하면 더 커질 수 있습니다. 면접에서는 “조합 폭발”을 이해하는지 자주 묻습니다. 실무에서는 입력 n의 상한을 명확히 제한하거나, 가지치기/DP/근사로 문제를 바꿔야 책임 있는 설계가 됩니다.		O(n)	FALSE	O(n log n)	FALSE	O(2^n)	TRUE	O(log n)	FALSE	dsa	big_o		
Q075	팩토리얼 시간		Data Structure & Algorithm - 복잡도 분석	45	CHOICE	MEDIUM	모든 순열을 생성하는 알고리즘의 시간 복잡도로 가장 적절한 것은?	n개의 순열 개수는 n!이므로, 모든 순열을 생성하면 최소 O(n!)에 비례하는 작업이 필요합니다. 면접에서는 2^n과 n! 중 무엇이 더 빠르게 커지는지도 자주 묻습니다. 실무에서는 n이 조금만 커져도 실행 불가능해지므로, 입력 상한 설정과 타임아웃, 가지치기 같은 운영 장치가 필수입니다. “이 알고리즘이 가능한 n의 범위”를 함께 말하는 것이 책임 있는 분석입니다.		O(n!)	TRUE	O(2^n)	FALSE	O(n²)	FALSE	O(n log n)	FALSE	dsa	big_o		
Q076	입력 분포 의존		Data Structure & Algorithm - 복잡도 분석	45	CHOICE	MEDIUM	평균이 빠르지만 특정 입력에서 매우 느려지는 알고리즘을 실서비스에 적용할 때 가장 중요한 추가 검토는?	평균만 믿으면 특정 입력(악성/편향/최악)이 실제로 들어왔을 때 성능이 붕괴할 수 있으므로, 입력 분포와 최악 유발 가능성을 먼저 검토해야 합니다. 면접에서는 운영 리스크를 언급할 수 있는지를 봅니다. 실무에서는 랜덤화, 최악 회피 알고리즘(Introsort 등), 레이트 리밋, 타임아웃, 입력 검증 같은 방어책을 함께 설계합니다. 알고리즘 선택은 코드만의 문제가 아니라 운영 정책과 같이 가야 합니다.		평균만 빠르면 충분하다	FALSE	입력 분포와 최악 시나리오를 검토한다	TRUE	코드 길이를 줄인다	FALSE	주석을 늘린다	FALSE	dsa	responsible_time_complexity		
Q077	벤치마크 위치		Data Structure & Algorithm - 복잡도 분석	45	CHOICE	MEDIUM	빅오 분석과 벤치마크의 올바른 관계로 가장 적절한 것은?	빅오는 설계 단계에서 확장성을 비교해 위험한 차수(예: O(n²))를 조기에 배제하는 데 유용합니다. 벤치마크는 실제 환경에서 상수 계수, 캐시/메모리, 구현 디테일까지 포함해 체감 성능을 검증합니다. 면접에서는 둘 중 하나만 맹신하지 않는지 봅니다. 실무에서는 “빅오로 후보를 좁히고, 프로파일링/벤치마크로 확정”하는 흐름이 가장 안전합니다.		벤치마크만 하면 빅오는 불필요하다	FALSE	빅오로 비교 후 벤치마크로 검증한다	TRUE	빅오는 벤치마크보다 항상 정확하다	FALSE	둘은 같은 의미다	FALSE	dsa	responsible_time_complexity		
Q078	최악 대비 설계		Data Structure & Algorithm - 복잡도 분석	45	CHOICE	MEDIUM	다음 중 책임 있는 시간 복잡도 관점에서 가장 바람직한 설명은?	책임 있는 관점은 평균만 빠른 것을 목표로 하지 않고, 최악에서도 시스템이 안정적으로 버티는지를 우선합니다. 입력 폭증, 적대적 입력, 트래픽 급증에서도 성능 붕괴가 나지 않도록 최악 상한을 확인하고 방어 장치를 둡니다. 면접에서는 “SLA, 꼬리 지연, 장애 예방”으로 연결해 설명하면 강합니다. 실무에서는 자료구조/알고리즘 선택뿐 아니라 타임아웃, 제한, 폴백, 캐시 전략까지 포함해 최악을 통제합니다.		평균이 빠르면 최악은 무시해도 된다	FALSE	최악에서도 성능이 붕괴되지 않게 설계한다	TRUE	코드가 짧은 게 최우선이다	FALSE	메모리만 적게 쓰면 된다	FALSE	dsa	responsible_time_complexity		
Q079	파라미터 2개 복잡도		Data Structure & Algorithm - 복잡도 분석	45	CHOICE	MEDIUM	입력 크기가 n과 m 두 개로 나뉘는 알고리즘에서 올바른 복잡도 표기는?	입력 축이 두 개라면 복잡도도 n과 m을 분리해서 표현하는 것이 정확합니다. 예를 들어 두 배열을 각각 한 번씩 순회하면 O(n+m), 중첩 순회면 O(nm)처럼 구조에 맞게 씁니다. 면접에서는 n을 하나로 뭉뚱그려 과소평가/과대평가하는 실수를 자주 잡습니다. 실무에서도 데이터가 다른 축으로 독립 성장할 수 있어, 분리 표기가 책임 있는 분석의 기본입니다.		O(nm)만 쓴다	FALSE	O(n+m)처럼 두 변수로 표현할 수 있다	TRUE	항상 O(n)으로 합친다	FALSE	빅오는 변수 1개만 가능하다	FALSE	dsa	big_o		
Q080	O(n+m) vs O(nm)		Data Structure & Algorithm - 복잡도 분석	45	CHOICE	MEDIUM	두 배열 A(n), B(m)을 각각 한 번씩만 순회할 때 시간 복잡도로 가장 적절한 것은?	A를 한 번 순회하는 데 O(n), B를 한 번 순회하는 데 O(m)이므로, 순차 실행이면 합으로 더해 O(n+m)입니다. nm는 중첩일 때만 나옵니다. 면접에서는 “덧셈 vs 곱셈” 구분이 기본입니다. 실무에서도 비용을 과대/과소평가하지 않기 위해, 순차/중첩 구조를 정확히 구분하는 습관이 중요합니다.		O(n+m)	TRUE	O(nm)	FALSE	O(n²)	FALSE	O(log n)	FALSE	dsa	big_o		
Q081	재귀식 분석 심화		Data Structure & Algorithm - 복잡도 분석	45	CHOICE	HARD	T(n) = 2T(n/2) + O(1)의 시간 복잡도로 가장 적절한 것은?	각 호출이 두 개의 절반 문제로 분할되고, 분할/병합의 추가 비용이 상수라면 마스터 정리에서 f(n)=O(1), a=2, b=2로 T(n)=Θ(n)이 됩니다. 직관적으로는 재귀 트리의 잎(leaf)이 n개 수준으로 생기고, 각 노드에서 드는 비용이 상수라 총합이 n에 비례합니다. 면접에서는 “분할이 있다고 무조건 n log n이 아니다”를 설명할 수 있어야 합니다. 실무에서는 단계당 비용이 작아도 호출 수가 늘면 총 비용이 커질 수 있음을 보여주는 예로 유용합니다.		O(log n)	FALSE	O(n)	TRUE	O(n log n)	FALSE	O(n²)	FALSE	dsa	big_o		
Q082	재귀식 병합 비용		Data Structure & Algorithm - 복잡도 분석	45	CHOICE	HARD	T(n) = 2T(n/2) + O(n)의 시간 복잡도로 가장 적절한 것은?	전형적인 분할 정복 재귀식으로, 각 레벨에서 합산 비용이 O(n)이고 레벨 수가 log n이므로 T(n)=Θ(n log n)입니다. 병합 정렬이 대표적 사례입니다. 면접에서는 “레벨당 비용 O(n) × 레벨 수 log n” 구조로 설명할 수 있어야 합니다. 실무에서는 최악 성능이 안정적으로 보장되는 장점 때문에, 책임 있는 선택으로 언급되곤 합니다.		O(n)	FALSE	O(n log n)	TRUE	O(n²)	FALSE	O(log n)	FALSE	dsa	big_o		
Q083	최악 입력 설계		Data Structure & Algorithm - 복잡도 분석	45	CHOICE	HARD	퀵 정렬(Quick Sort)의 최악 시간 복잡도를 유발하는 입력에 대한 설명으로 옳은 것은?	피벗 선택이 항상 한쪽으로 치우치면 분할이 불균형해져 재귀 깊이가 n이 됩니다. 예를 들어 이미 정렬된 배열에서 항상 첫/끝 원소를 피벗으로 고정하면 분할이 (n-1, 0)처럼 진행되어 총 시간이 O(n²)가 됩니다. 면접에서는 “왜 최악이 발생하는지”를 구조적으로 설명하는지를 봅니다. 실무에서는 입력이 외부에서 오거나 분포가 변하면 이런 최악이 현실이 될 수 있어 방어가 필요합니다.		무작위 배열	FALSE	이미 정렬된 배열에서 나쁜 피벗 선택	TRUE	중복 원소가 없는 배열	FALSE	배열 크기가 작은 경우	FALSE	dsa	responsible_time_complexity		
Q084	최악 대비 전략		Data Structure & Algorithm - 복잡도 분석	45	CHOICE	HARD	퀵 정렬의 최악 O(n²)를 실무에서 완화하기 위한 전략으로 가장 적절한 것은?	최악을 줄이기 위해 무작위 피벗(Randomized), 중앙값 근사(median-of-three), 또는 깊이가 깊어지면 힙 정렬로 전환하는 Introsort 같은 전략을 씁니다. 이는 평균 성능 장점을 유지하면서 최악 리스크를 완화하는 접근입니다. 면접에서는 “평균이 좋아도 최악을 통제해야 한다”는 책임 있는 관점을 함께 말하면 좋습니다. 실무에서는 입력 적대성까지 고려해 방어 설계를 하는 것이 안정성의 핵심입니다.		입력 크기를 제한한다	FALSE	무작위 피벗 또는 Introsort 사용	TRUE	배열을 미리 정렬한다	FALSE	병합 정렬로만 바꾼다	FALSE	dsa	responsible_time_complexity		
Q085	지수 vs 팩토리얼		Data Structure & Algorithm - 복잡도 분석	45	CHOICE	HARD	입력 n이 커질수록 더 빠르게 증가하는 복잡도는?	일반적으로 O(n!)이 O(2^n)보다 더 빠르게 증가합니다. 둘 다 폭발적으로 커지지만, n!은 n이 조금만 커져도 계산 불가능해지는 수준으로 급격히 증가합니다. 면접에서는 성장률 비교 감각을 봅니다. 실무에서는 두 경우 모두 입력 상한을 명확히 제한하고, 가능한 경우 가지치기/DP/근사로 문제를 재구성해야 책임 있는 설계입니다.		O(2^n)	FALSE	O(n!)	TRUE	O(n²)	FALSE	O(n log n)	FALSE	dsa	big_o		
Q086	상환 분석 심화		Data Structure & Algorithm - 복잡도 분석	45	CHOICE	HARD	동적 배열의 append가 아몰타이즈드 O(1)임에도 불구하고 실시간 시스템에서 문제가 될 수 있는 이유는?	아몰타이즈드는 평균 관점이라, 특정 순간 리사이즈가 발생하면 단일 요청 지연이 O(n)으로 튈 수 있습니다. 실시간/지연 민감 시스템에서는 이 스파이크가 p99 지연을 망가뜨리거나 SLA를 깨는 원인이 됩니다. 면접에서는 “평균과 꼬리 지연”을 구분하는지 봅니다. 실무에서는 초기 용량 설정, 프리할당, 다른 자료구조 선택, 배치 작업 분리 등으로 스파이크를 통제합니다.		평균이 O(1)이기 때문	FALSE	순간적인 O(n) 지연이 발생할 수 있기 때문	TRUE	메모리를 적게 쓰기 때문	FALSE	구현이 단순하기 때문	FALSE	dsa	responsible_time_complexity		
Q087	다중 파라미터 재귀		Data Structure & Algorithm - 복잡도 분석	45	CHOICE	HARD	두 입력 크기 n, m에 대해 각각 재귀 호출되는 알고리즘의 복잡도를 표현하는 올바른 방식은?	입력이 독립 축(n, m)으로 존재하면 복잡도도 T(n,m)처럼 분리해 표현해야 합니다. 예를 들어 n과 m을 중첩으로 처리하면 O(nm), 각각 한 번씩 처리하면 O(n+m) 등 구조에 맞게 씁니다. 면접에서는 “하나의 n으로 뭉치지 말라”는 포인트가 자주 나옵니다. 실무에서도 축별 성장 속도가 다르면 병목 위치가 달라지므로, 분리 표기가 책임 있는 분석의 기본입니다.		항상 O(n)으로 단순화한다	FALSE	n과 m을 분리해 표현한다	TRUE	큰 쪽만 남긴다	FALSE	평균값으로 합친다	FALSE	dsa	big_o		
Q088	브루트포스 한계		Data Structure & Algorithm - 복잡도 분석	45	CHOICE	HARD	브루트포스 알고리즘을 실무에서 사용할 때 반드시 함께 고려해야 할 것은?	브루트포스는 지수/팩토리얼처럼 폭발하는 경우가 많아, 허용 가능한 입력 상한을 명확히 제한해야 합니다. 또한 타임아웃, 가지치기, 캐싱, 휴리스틱 같은 통제 장치가 필요합니다. 면접에서는 “알고리즘만 말하지 말고, 입력 제약과 운영 장치를 같이 말하라”가 핵심입니다. 실무에서도 입력 제한이 없으면 예상치 못한 트래픽/데이터에서 서비스가 쉽게 붕괴할 수 있습니다.		구현 난이도	FALSE	입력 크기의 상한	TRUE	코드 길이	FALSE	평균 성능	FALSE	dsa	responsible_time_complexity		
Q089	최악 입력 공격		Data Structure & Algorithm - 복잡도 분석	45	CHOICE	HARD	해시 테이블 기반 서비스에서 최악 시간 복잡도를 노린 공격 시나리오로 옳은 것은?	공격자가 해시 충돌을 유도하는 키를 대량으로 보내면, 특정 버킷에 데이터가 몰려 체이닝 구조에서 조회가 O(n)으로 악화될 수 있습니다(해시 플러딩). 면접에서는 알고리즘 성능과 보안이 연결된다는 점을 중요하게 봅니다. 실무에서는 해시 랜덤화, 버킷 트리화, 입력 제한, 레이트 리밋 등 방어책을 함께 적용해 최악을 통제해야 합니다.		무작위 키 전송	FALSE	충돌을 유도하는 키 전송	TRUE	키 길이 증가	FALSE	캐시 미스	FALSE	dsa	responsible_time_complexity		
Q090	로그 중첩 구조		Data Structure & Algorithm - 복잡도 분석	45	CHOICE	HARD	외부 루프가 log n번, 내부에서 n 연산을 수행하면 시간 복잡도는?	반복 비용은 곱으로 결합되므로, 외부 O(log n) × 내부 O(n) = O(n log n)입니다. 면접에서는 로그가 바깥에 있어도 곱하는 규칙을 흔들림 없이 적용하는지 봅니다. 실무에서도 단계적 축소(log) 안에서 선형 처리(n)를 하는 구조가 자주 등장하므로, 패턴 인식이 중요합니다.		O(n)	FALSE	O(log n)	FALSE	O(n log n)	TRUE	O(n²)	FALSE	dsa	big_o		
Q091	공간-시간 트레이드오프 심화		Data Structure & Algorithm - 복잡도 분석	45	CHOICE	HARD	메모리를 더 사용해 시간 복잡도를 낮추는 전략에 대한 책임 있는 설명은?	캐시/해시/메모이제이션은 시간을 줄이지만 메모리 사용량을 늘리는 시간-공간 트레이드오프입니다. 책임 있는 설명은 “빠르다”만이 아니라, 메모리 한계, GC 압박, 비용, 일관성(캐시 무효화) 같은 부작용까지 함께 고려한다는 것입니다. 면접에서는 이런 균형 감각을 자주 봅니다. 실무에서도 성능 개선이 OOM이나 지연 스파이크로 돌아오지 않도록, 자원 예산과 운영 정책을 같이 설계해야 합니다.		항상 시간만 줄이면 된다	FALSE	메모리 제약을 함께 고려해야 한다	TRUE	공간 복잡도는 무시한다	FALSE	캐시는 공짜다	FALSE	dsa	responsible_time_complexity		
Q092	최악 기준의 이유		Data Structure & Algorithm - 복잡도 분석	45	CHOICE	HARD	책임 있는 시간 복잡도 분석에서 최악 기준을 고수하는 가장 근본적인 이유는?	외부 입력과 트래픽은 예측이 어려워 평균 가정이 쉽게 깨지기 때문에, 최악에서도 무너지지 않는 성능 상한을 확보해야 안정적인 서비스 운영이 가능합니다. 최악 기준은 SLA 설계, 용량 산정, 장애 예방의 출발점입니다. 면접에서는 “예측 가능성, 신뢰성, 꼬리 지연”로 연결하면 강합니다. 실무에서는 최악을 완화하는 알고리즘 선택과 더불어 타임아웃/리밋/폴백 등 운영 장치로 최악을 통제합니다.		평균이 더 현실적이어서	FALSE	시스템 안정성을 보장하기 위해	TRUE	계산이 쉬워서	FALSE	코드가 단순해서	FALSE	dsa	responsible_time_complexity		
Q093	복잡도 과소평가		Data Structure & Algorithm - 복잡도 분석	45	CHOICE	HARD	다음 중 시간 복잡도를 과소평가한 설명은?	break/조건문이 있으니 항상 빨라진다고 단정하는 식의 설명은 과소평가입니다. 최악 분석에서는 그 조건이 끝까지 만족되지 않는 입력이 가능하므로, 반복이 전부 수행될 수 있습니다. 면접에서는 이런 낙관적 분석을 특히 싫어합니다. 실무에서도 “평균적으로는 괜찮다”는 가정이 장애로 이어질 수 있어, 최악 경로를 기준으로 안전장치를 설계하는 것이 책임 있는 접근입니다.		최악 기준으로 분석한다	FALSE	break가 있으니 O(1)이다	TRUE	입력 크기가 기준이다	FALSE	반복 구조를 본다	FALSE	dsa	responsible_time_complexity		
Q094	재귀 깊이 제한		Data Structure & Algorithm - 복잡도 분석	45	CHOICE	HARD	재귀 알고리즘에서 시간 복잡도 외에 반드시 함께 고려해야 할 요소는?	재귀는 호출 스택을 사용하므로 공간 복잡도(스택 사용량)와 스택 오버플로우 위험을 함께 봐야 합니다. 깊이가 커지면 시간과 별개로 메모리 문제가 먼저 터질 수 있습니다. 면접에서는 시간만 말하고 공간을 빼먹는 실수를 자주 잡습니다. 실무에서는 반복문 전환, 스택 제한, 꼬리 재귀 최적화 여부, 깊이 제한 등을 고려해 안정성을 확보합니다.		코드 가독성	FALSE	호출 스택 공간	TRUE	평균 실행 시간	FALSE	변수 개수	FALSE	dsa	responsible_time_complexity		
Q095	복잡도 선택 실수		Data Structure & Algorithm - 복잡도 분석	45	CHOICE	HARD	대규모 서비스에서 평균 O(1), 최악 O(n)인 알고리즘을 무비판적으로 선택할 때 가장 큰 위험은?	특정 입력(악성/편향/핫키)에서 최악이 유발되면 지연이 급격히 커져 꼬리 지연이 폭발하고 SLA가 깨질 수 있습니다. 또한 공격자가 최악을 의도적으로 만들면 보안 이슈로도 이어집니다. 면접에서는 평균 의존의 위험을 운영 관점으로 말할 수 있는지 봅니다. 실무에서는 최악 완화(랜덤화, 트리화, 리밋, 타임아웃)를 반드시 설계해야 책임 있는 선택이 됩니다.		코드가 길어진다	FALSE	특정 입력에서 성능 붕괴	TRUE	메모리를 더 쓴다	FALSE	개발 속도가 느리다	FALSE	dsa	responsible_time_complexity		
Q096	로그와 지수 비교		Data Structure & Algorithm - 복잡도 분석	45	CHOICE	HARD	입력 크기가 커질수록 O(log n)과 O(2^n)의 차이에 대한 설명으로 옳은 것은?	O(log n)은 매우 완만히 증가하지만, O(2^n)은 n이 조금만 커져도 폭발적으로 증가합니다. 따라서 두 복잡도는 확장성 관점에서 비교 자체가 어려울 정도로 격차가 큽니다. 면접에서는 “지수는 작은 n에서만 가능”이라는 현실 감각을 봅니다. 실무에서는 지수 알고리즘을 쓰려면 입력 상한, 가지치기, 타임아웃 같은 통제 장치가 필수입니다.		거의 비슷하다	FALSE	지수는 로그보다 압도적으로 빠르게 증가한다	TRUE	로그가 더 위험하다	FALSE	비교 불가능하다	FALSE	dsa	big_o		
Q097	다항식 차수		Data Structure & Algorithm - 복잡도 분석	45	CHOICE	HARD	O(n²)과 O(n³) 비교에 대한 설명으로 옳은 것은?	둘 다 다항식이지만 차수가 하나만 늘어도 증가 속도는 크게 달라집니다. n이 커질수록 n³는 n²보다 훨씬 빠르게 비용이 커져, 실무에서는 금방 감당 불가능해질 수 있습니다. 면접에서는 “둘 다 느리다”로 뭉뚱그리지 않고 차수 차이를 정확히 인식하는지 봅니다. 실무에서는 가능한 한 차수를 낮추거나, 입력을 줄이거나, 병렬화/근사로 문제를 바꾸는 전략을 검토합니다.		거의 차이가 없다	FALSE	n이 커질수록 차이가 커진다	TRUE	n³이 더 안정적이다	FALSE	항상 무시 가능하다	FALSE	dsa	big_o		
Q098	책임 있는 브루트포스		Data Structure & Algorithm - 복잡도 분석	45	CHOICE	HARD	지수 시간 알고리즘을 책임 있게 사용하는 방법으로 가장 적절한 것은?	지수 알고리즘은 무조건 금지라기보다, 입력 상한을 명확히 제한하고, 가지치기/메모이제이션/휴리스틱/타임아웃 같은 통제 장치로 리스크를 관리할 때 제한적으로 사용할 수 있습니다. 면접에서는 “조건부 허용 + 통제” 관점이 중요합니다. 실무에서는 가능한 n 범위를 문서화하고, 운영 환경에서 폭주하지 않도록 방어를 넣는 것이 책임 있는 설계입니다.		절대 사용하지 않는다	FALSE	입력 제한과 가지치기를 함께 사용한다	TRUE	평균만 빠르면 된다	FALSE	코드가 짧으면 된다	FALSE	dsa	responsible_time_complexity		
Q099	빅오 남용		Data Structure & Algorithm - 복잡도 분석	45	CHOICE	HARD	다음 중 빅오 표기법을 잘못 사용한 사례는?	빅오는 “입력 크기에 따른 성장률”을 말하는 도구인데, 이를 단일 실행의 절대 시간이나 환경 의존 성능을 그대로 단정하는 식으로 쓰면 오용입니다. 예를 들어 “O(1)이니까 항상 아주 빠르다” 같은 문장은 잘못입니다. 면접에서는 빅오의 적용 범위와 한계를 이해하는지 봅니다. 실무에서도 빅오만으로 결론을 내리기보다, 성장률로 후보를 좁히고 측정으로 검증해야 합니다.		입력 증가에 따른 성능을 비교한다	FALSE	단일 실행 시간을 빅오로 정확히 예측한다	TRUE	알고리즘 성장률을 표현한다	FALSE	상수와 하위 항을 제거한다	FALSE	dsa	big_o		
Q100	최종 판단		Data Structure & Algorithm - 복잡도 분석	45	CHOICE	HARD	책임 있는 시간 복잡도 분석의 최종 목표로 가장 적절한 것은?	최종 목표는 최악 상황에서도 시스템이 예측 가능한 성능 상한을 유지해, 트래픽 급증·악성 입력·데이터 폭증에서도 서비스가 붕괴하지 않게 하는 것입니다. 면접에서는 운영 안정성과 사용자 경험으로 연결되는 답을 선호합니다. 실무에서는 이 목표를 위해 최악 보장 알고리즘 선택, 방어 설계(리밋/타임아웃/폴백), 관측(모니터링/프로파일링)을 함께 구성합니다. 복잡도는 그 의사결정의 핵심 근거가 됩니다.		알고리즘 암기	FALSE	서비스 안정성과 예측 가능성 확보	TRUE	코드 최적화 연습	FALSE	시험 점수 향상	FALSE	dsa	responsible_time_complexity		
Q101	재귀식(비대칭 분할)		Data Structure & Algorithm - 복잡도 분석	45	CHOICE	HARD	T(n)=T(n/3)+T(2n/3)+O(n)의 시간 복잡도로 가장 적절한 것은?	분할이 비대칭이지만 두 하위 문제 크기의 합이 n이고, 각 레벨에서 드는 추가 작업이 O(n)이면 재귀 트리의 각 레벨 총 비용은 O(n)으로 유지됩니다. 깊이는 대략 log n 수준이므로 전체 시간은 O(n log n)이며 보통 Θ(n log n)으로도 말합니다. 면접에서는 “대칭 분할이 아니어도 레벨당 총합이 n이면 n log n으로 간다”는 직관을 묻습니다. 실무에서는 분할 비율이 성능에 영향을 주더라도, 차수는 동일하게 귀결되는 경우가 많다는 점을 이해하면 분석이 안정적입니다.		O(n)	FALSE	O(n log n)	TRUE	O(n^2)	FALSE	O(log n)	FALSE	dsa	big_o		
Q102	재귀식(과대 병합)		Data Structure & Algorithm - 복잡도 분석	45	CHOICE	HARD	T(n)=2T(n/2)+O(n log n)의 시간 복잡도는?	a=2, b=2라서 기준항은 n이고, f(n)=n log n은 기준항에 log가 한 번 더 붙은 형태입니다. 재귀 트리로 보면 각 레벨에서 작업량이 O(n log n) 수준으로 유지되고, 레벨 수가 log n개라서 전체가 O(n (log n) squared)로 누적됩니다. 표준 마스터 정리의 “log가 곱으로 붙는 확장 케이스”로도 같은 결론이 나옵니다. 면접에서는 f(n)과 n의 차수 비교를 먼저 하고, 레벨 수(높이)를 곱해 마무리하는 흐름이 핵심입니다.		O(n log n)	FALSE	O(n log^2 n)	TRUE	O(n^2)	FALSE	O(log n)	FALSE	dsa	big_o		
Q103	마스터 정리 적용 불가		Data Structure & Algorithm - 복잡도 분석	45	CHOICE	HARD	다음 중 표준 마스터 정리를 바로 적용하기 어려운 재귀식은?	표준 마스터 정리는 보통 T(n)=aT(n/b)+f(n)처럼 균등 분할(n/b) 형태를 전제로 합니다. f(n)이 n/log n, n log log n처럼 “다항식 곱 로그” 형태에서 벗어나거나, 규칙성 조건이 깨지면 바로 적용이 어렵습니다. 또 T(n/2)+T(n/3)+f(n)처럼 분할 크기가 제각각인 경우도 표준형이 아니어서 재귀 트리나 Akra–Bazzi 같은 확장 기법이 필요합니다. 면접에서는 “왜 표준형이 아닌지”를 한 문장으로 정확히 짚는 게 포인트입니다.		T(n)=2T(n/2)+n	FALSE	T(n)=T(n/2)+1	FALSE	T(n)=2T(n/2)+n/log n	TRUE	T(n)=T(n-1)+1	FALSE	dsa	big_o		
Q104	평균 vs 최악(힙 정렬)		Data Structure & Algorithm - 복잡도 분석	45	CHOICE	HARD	힙 정렬의 평균/최악 복잡도에 대한 옳은 설명은?	힙 정렬은 평균과 최악이 모두 O(n log n)으로 입력 분포에 크게 흔들리지 않습니다. 힙 구성(build heap)은 O(n)이고, 이후 n번의 extract가 각 O(log n)이라 합쳐 O(n log n)입니다. 최악 보장이 필요할 때 “책임 있는 선택”으로 언급하기 좋습니다. 다만 안정 정렬이 아니고(일반적으로), 캐시 친화성이 낮아 실측이 느릴 수 있다는 점까지 말하면 더 실무적입니다.		평균만 O(n log n)이다	FALSE	평균과 최악이 모두 O(n log n)이다	TRUE	최악은 O(n^2)이다	FALSE	입력에 따라 달라진다	FALSE	dsa	responsible_time_complexity		
Q105	상환 분석 함정		Data Structure & Algorithm - 복잡도 분석	45	CHOICE	HARD	아몰타이즈드 O(1) 연산을 실시간 API에 그대로 쓰기 전 추가로 필요한 검토는?	아몰타이즈드 O(1)은 “연산 시퀀스 평균”이지, 단일 요청이 항상 O(1)이라는 보장이 아닙니다. 리사이즈/리해시 같은 순간에 O(n) 스파이크가 나면 p99 지연과 SLA를 깨기 쉽습니다. 그래서 실시간 API에서는 스파이크 빈도와 크기, 동시성 상황에서의 경합까지 부하 테스트로 확인해야 합니다. 필요하면 사전 용량 확보, 점진적 리사이즈, 백그라운드 작업 분리 같은 운영 대책까지 같이 검토하는 게 안전합니다.		평균만 빠르면 충분	FALSE	최악 지연과 꼬리 분포 검토	TRUE	코드 길이	FALSE	언어 선택	FALSE	dsa	responsible_time_complexity		
Q106	다중 파라미터(중첩)		Data Structure & Algorithm - 복잡도 분석	45	CHOICE	HARD	크기 n, m 두 배열을 중첩 순회할 때 올바른 표기는?	한 배열의 각 원소마다 다른 배열을 전부 도는 구조면 총 비교 횟수는 n 곱하기 m이 됩니다. 따라서 시간 복잡도는 O(nm)로 쓰는 게 정확합니다. 반대로 순차로 한 번씩만 돈다면 O(n+m)인데, 중첩과 순차를 혼동하면 성능을 크게 잘못 예측하게 됩니다. 면접에서는 “입력 축을 분리해서 쓰는 습관” 자체가 좋은 신호가 됩니다.		O(n+m)	FALSE	O(nm)	TRUE	O(n^2)	FALSE	O(m^2)	FALSE	dsa	big_o		
Q107	지수 감소 루프		Data Structure & Algorithm - 복잡도 분석	45	CHOICE	HARD	i를 n에서 시작해 매번 i/=2 하는 루프의 복잡도는?	매 반복마다 i가 절반으로 줄어드는 구조는 반복 횟수가 log n에 비례합니다. n에서 시작해 1이 될 때까지 몇 번 2로 나눌 수 있는지를 세면 되기 때문입니다. 루프 본문이 상수 시간이라면 전체는 O(log n)입니다. 면접에서는 “절반 감소면 로그”라는 패턴을 즉시 인식하는지가 자주 평가 포인트가 됩니다.		O(n)	FALSE	O(log n)	TRUE	O(n log n)	FALSE	O(1)	FALSE	dsa	big_o		
Q108	적대적 입력(정렬)		Data Structure & Algorithm - 복잡도 분석	45	CHOICE	HARD	병합 정렬이 적대적 입력에도 안정적인 이유는?	병합 정렬은 피벗 선택 같은 입력 의존 요소가 아니라, 인덱스로 반씩 나누는 분할 구조를 갖습니다. 각 레벨에서 전체 원소를 한 번씩 병합해 O(n) 작업을 하고, 레벨이 log n개라서 최악이 항상 O(n log n)입니다. 즉 “입력 분포가 바뀌어도 차수가 무너지지 않는다”는 점이 강점입니다. 운영 관점에서는 최악 보장 덕분에 지연 폭발 리스크가 낮다는 식으로 설명하면 좋습니다.		무작위화 사용	FALSE	입력 독립적 분할·병합	TRUE	캐시 최적화	FALSE	중복 제거	FALSE	dsa	responsible_time_complexity		
Q109	캐시 도입 판단		Data Structure & Algorithm - 복잡도 분석	45	CHOICE	HARD	캐시로 시간 복잡도를 낮출 때 가장 중요한 위험 요소는?	캐시는 시간을 줄이지만 “정확성/일관성” 리스크가 같이 따라옵니다(오래된 데이터, 무효화 실패). 또한 메모리 압박과 퇴출 정책 때문에 히트율이 흔들리면 기대한 성능 개선이 깨질 수 있습니다. 스탬피드(동시 미스 폭주)나 핫키로 특정 키에 부하가 몰리는 문제도 대표적입니다. 책임 있는 설계라면 TTL, 무효화 전략, 히트율 관측, 장애 시 폴백까지 포함해 판단해야 합니다.		항상 이득	FALSE	메모리·일관성 비용	TRUE	코드 단순화	FALSE	평균 성능	FALSE	dsa	responsible_time_complexity		
Q110	로그 중첩 위치		Data Structure & Algorithm - 복잡도 분석	45	CHOICE	HARD	내부에서 log n, 외부에서 n 반복 시 복잡도는?	외부 루프가 n번 반복되고, 각 반복에서 O(log n) 작업을 하면 총 비용은 곱으로 계산해 O(n log n)입니다. 내부 작업이 어디에서 log가 나오는지(이진 탐색, 균형 트리 탐색 등)를 함께 말하면 설명이 깔끔해집니다. 면접에서는 “반복 안의 비용을 곱한다”는 규칙을 정확히 적용하는지 봅니다. 실무에서는 이런 구조가 정렬·검색 조합에서 매우 흔합니다.		O(log n)	FALSE	O(n)	FALSE	O(n log n)	TRUE	O(n^2)	FALSE	dsa	big_o		
Q111	공간 복잡도(재귀)		Data Structure & Algorithm - 복잡도 분석	45	CHOICE	HARD	깊이 log n 재귀에서 추가 배열을 매 호출 생성(O(n))하면 공간 복잡도는?	호출 스택에 동시에 쌓이는 프레임 수가 log n이고, 각 프레임이 O(n) 크기의 배열을 잡고 있다면 최악의 동시 메모리는 O(n log n)이 됩니다. 여기서 중요한 포인트는 “동시에 살아있는 메모리” 기준으로 봐야 한다는 점입니다. 다만 실제 코드에서는 보통 하위 호출이 더 작은 배열을 만들기 때문에 O(n)+O(n/2)+…처럼 합이 O(n)인 경우도 많아, 문제에서 전제한 조건을 정확히 읽어야 합니다. 면접에서는 “peak 공간”과 “누적 할당”을 구분해 말하면 높은 점수를 받습니다.		O(n)	FALSE	O(log n)	FALSE	O(n log n)	TRUE	O(n^2)	FALSE	dsa	big_o		
Q112	입력 정의 오류		Data Structure & Algorithm - 복잡도 분석	45	CHOICE	HARD	그래프 알고리즘에서 올바른 복잡도 표기는?	그래프는 정점 수 V와 간선 수 E가 별도 축이라 보통 O(V+E)처럼 함께 표기합니다. 예를 들어 BFS/DFS는 인접 리스트 기준으로 O(V+E)이고, 밀집 그래프에서는 E가 커져 비용이 급증할 수 있습니다. 정점만으로 쓰면 간선이 많은 경우를 과소평가하기 쉽습니다. 실무에서도 데이터 형태(희소/밀집)와 표현 방식(리스트/행렬)에 따라 성능이 크게 달라집니다.		O(n)	FALSE	O(V+E)	TRUE	O(VE)	FALSE	O(E^2)	FALSE	dsa	big_o		
Q113	평균 의존 리스크		Data Structure & Algorithm - 복잡도 분석	45	CHOICE	HARD	평균 O(1) 구조를 외부 입력 서비스에 쓸 때의 핵심 리스크는?	평균 O(1)인 해시 구조는 충돌이 정상적으로 분산된다는 가정 위에서 성립합니다. 외부 입력은 악의적 패턴으로 충돌을 유도해 최악 O(n)을 자주 만들 수 있고, 이는 DoS 성능 공격으로 이어질 수 있습니다. 그래서 해시 시드 랜덤화, 충돌 시 트리화, 요청 제한 같은 방어가 중요합니다. 면접에서는 “평균”이라는 단서가 붙으면 반드시 “최악과 방어”까지 같이 언급하는 게 좋습니다.		코드 증가	FALSE	적대적 입력에 취약	TRUE	테스트 비용	FALSE	문서화	FALSE	dsa	responsible_time_complexity		
Q114	브루트포스 제한		Data Structure & Algorithm - 복잡도 분석	45	CHOICE	HARD	지수 알고리즘을 허용하는 책임 있는 조건은?	지수 시간은 입력이 조금만 커져도 폭발하므로, 입력 상한이 작고 명확히 통제되는 경우에만 허용하는 게 안전합니다. 또한 가지치기, 메모이제이션, 휴리스틱, 타임아웃 같은 통제 장치를 함께 둬야 운영 리스크가 줄어듭니다. 배치 작업처럼 시간이 길어도 되는 환경인지, 실시간 요청인지에 따라 허용 여부가 갈립니다. 면접에서는 “언제 지수를 써도 되는가”를 시스템 요구사항과 연결해 말하는 게 핵심입니다.		항상 금지	FALSE	제한·가지치기 병행	TRUE	평균만 빠르면 허용	FALSE	캐시만 추가	FALSE	dsa	responsible_time_complexity		
Q115	로그 밑 변환		Data Structure & Algorithm - 복잡도 분석	45	CHOICE	HARD	log_a n과 log_b n의 관계로 옳은 것은?	밑 변환 공식에 의해 log_a n은 log_b n을 어떤 상수로 나눈 형태입니다. 즉 밑이 달라도 서로 상수 배 차이만 나며, 빅오 차수는 동일하게 O(log n)으로 취급합니다. 이 성질 때문에 로그의 밑을 빅오에서 굳이 구분하지 않는 경우가 많습니다. 면접에서는 “상수 배는 제거된다”를 같이 붙여 말하면 완성도가 올라갑니다.		서로 다른 차수	FALSE	상수 배로 변환	TRUE	항상 같음	FALSE	비교 불가	FALSE	dsa	big_o		
Q116	파라미터 합 vs 곱		Data Structure & Algorithm - 복잡도 분석	45	CHOICE	HARD	두 입력을 각각 한 번씩 순회하면?	두 입력이 독립이라면 비용은 합으로 누적되어 O(n+m)으로 표현하는 게 정확합니다. 이를 O(n)처럼 뭉치면 어느 입력이 병목인지 가려져 성능 예측이 틀어질 수 있습니다. 중첩이 아니라는 점이 핵심이며, 중첩이면 곱 O(nm)로 바뀝니다. 실무에서는 로그/데이터 파이프라인처럼 입력 축이 여러 개인 경우가 많아 이 표기가 특히 중요합니다.		O(nm)	FALSE	O(n+m)	TRUE	O(n^2)	FALSE	O(m^2)	FALSE	dsa	big_o		
Q117	최악 보장 선택		Data Structure & Algorithm - 복잡도 분석	45	CHOICE	HARD	최악 보장이 필요한 서비스에서 적절한 정렬 선택은?	평균이 빠르더라도 최악이 나쁜 정렬은 트래픽 급증이나 특정 입력에서 지연이 폭발할 수 있습니다. 병합 정렬/힙 정렬처럼 최악 O(n log n)이 보장되는 선택은 성능 상한을 예측하기 쉽습니다. 실제 라이브러리는 인트로소트처럼 최악을 피하도록 설계된 경우도 많아, “최악 회피 전략”까지 언급하면 더 좋습니다. 면접에서는 최악 보장과 운영 안정성(p99, SLA)을 연결하는 답이 강합니다.		퀵 정렬	FALSE	힙 또는 병합 정렬	TRUE	버블 정렬	FALSE	선택 정렬	FALSE	dsa	responsible_time_complexity		
Q118	복잡도 남용		Data Structure & Algorithm - 복잡도 분석	45	CHOICE	HARD	빅오를 잘못 사용한 설명은?	빅오는 단일 실행의 “절대 시간”을 말하는 도구가 아니라, 입력이 커질 때의 증가 추세(상한)를 나타냅니다. 따라서 “이 알고리즘은 O(n)이니까 1초 걸린다” 같은 단정은 오용입니다. 또한 평균/최악을 섞어 말하거나, 상수 계수와 환경 차이를 무시하는 것도 흔한 오해입니다. 면접에서는 빅오를 “성장률 비교 도구”로 정확히 한정해 말하는지가 포인트입니다.		성장률 비교	FALSE	단일 실행 시간 예측	TRUE	상한 표현	FALSE	상수 제거	FALSE	dsa	big_o		
Q119	시간·공간 결합 판단		Data Structure & Algorithm - 복잡도 분석	45	CHOICE	HARD	시간 개선을 위해 공간을 크게 늘릴 때의 책임 있는 판단은?	공간을 더 쓰면 속도는 빨라질 수 있지만, 메모리 한계와 GC 비용, 캐시 오염, OOM 같은 실패 모드가 같이 커집니다. 또한 캐시나 메모이제이션은 무효화/일관성 비용까지 포함해야 총비용이 판단됩니다. 즉 “시간-공간 트레이드오프”를 시스템 제약과 운영 리스크 관점에서 평가해야 합니다. 면접에서는 단순히 “가능”이 아니라 “예산과 위험까지 고려”한다고 말하면 실무 감각이 드러납니다.		시간만 중요	FALSE	제약 균형 고려	TRUE	캐시는 공짜	FALSE	평균만 본다	FALSE	dsa	responsible_time_complexity		
Q120	최종 목표		Data Structure & Algorithm - 복잡도 분석	45	CHOICE	HARD	책임 있는 복잡도 분석의 최종 목표는?	최종 목표는 평균만 빠른 코드가 아니라, 최악 상황에서도 예측 가능한 성능을 확보해 시스템 안정성을 지키는 것입니다. 입력 분포가 변하거나 공격적 입력이 들어와도 지연이 폭발하지 않도록 상한과 방어 전략을 세우는 데 목적이 있습니다. 이를 바탕으로 SLA, 타임아웃, 용량 계획 같은 운영 의사결정이 가능해집니다. 면접에서는 “예측 가능성, 안정성”을 키워드로 잡으면 좋습니다.		시험 대비	FALSE	안정성과 예측 가능성	TRUE	코드 단축	FALSE	평균 개선	FALSE	dsa	responsible_time_complexity		
Q121	빅오 표기법(Big-O)		Data Structure & Algorithm - 복잡도 분석	45	OX	EASY	빅오 표기법은 입력 크기가 증가할 때 알고리즘 성능의 증가 추세를 나타낸다.	빅오는 정확한 실행 시간을 주는 것이 아니라, 입력 크기 증가에 따른 연산량 증가 추세를 비교하기 위한 표기입니다. 상수 계수나 하드웨어 환경을 제거해 알고리즘을 “형태”로 비교할 수 있게 해줍니다. 그래서 설계 단계에서 확장성 리스크를 빠르게 판단하는 데 유용합니다. 면접에서는 “절대 시간 비교가 아니라 성장률 비교”라는 문장을 명확히 하는 게 중요합니다.		O	TRUE	X	FALSE					dsa	big_o		
Q122	상수 시간(O1)		Data Structure & Algorithm - 복잡도 분석	45	OX	EASY	O(1)은 실제 실행 시간이 항상 매우 짧다는 의미다.	O(1)은 입력 크기 n이 커져도 연산량이 증가하지 않는다는 뜻이지, 실제 시간이 반드시 짧다는 뜻이 아닙니다. 상수 시간이더라도 내부에서 무거운 작업(큰 상수 계수, 캐시 미스, 시스템 콜)이 있으면 충분히 느릴 수 있습니다. 또한 O(1) 연산을 n번 반복하면 전체는 O(n)으로 커집니다. 면접에서 자주 나오는 함정이라 “입력 의존성”과 “절대 속도”를 구분해 말해야 합니다.		O	FALSE	X	TRUE					dsa	big_o		
Q123	선형 시간(On)		Data Structure & Algorithm - 복잡도 분석	45	OX	EASY	배열을 한 번 끝까지 순회하는 알고리즘은 보통 O(n)이다.	모든 원소를 한 번씩 확인하면 연산 횟수가 입력 크기 n에 정비례하므로 O(n)입니다. 루프 본문이 상수 시간인지 확인하는 것도 함께 따라야 합니다. 이런 선형 패턴은 필터링, 합계 계산, 최댓값 찾기 같은 기본 문제에서 자주 나옵니다. 면접에서는 “왜 O(n)인지”를 연산 횟수로 설명하는 기본기를 봅니다.		O	TRUE	X	FALSE					dsa	big_o		
Q124	로그 시간(Ologn)		Data Structure & Algorithm - 복잡도 분석	45	OX	EASY	이진 탐색의 시간 복잡도는 항상 O(log n)이다.	이진 탐색이 O(log n)이 되려면 데이터가 정렬되어 있고, 중간에 O(1)로 접근 가능한 구조(배열 등)여야 합니다. 정렬이 없다면 이진 탐색 자체가 성립하지 않으며, 정렬 비용까지 포함하면 전체 비용이 달라질 수 있습니다. 또한 연결 리스트처럼 임의 접근이 느린 구조에서는 이진 탐색이 비효율적입니다. 면접에서는 “전제 조건을 말할 수 있는지”가 핵심입니다.		O	TRUE	X	FALSE					dsa	responsible_time_complexity		
Q125	중첩 반복문		Data Structure & Algorithm - 복잡도 분석	45	OX	EASY	반복문이 2중으로 중첩되면 무조건 O(n^2)이다.	중첩 자체만으로 n squared가 결정되진 않고, 내부 반복이 실제로 얼마나 도는지가 핵심입니다. 내부 반복이 상수 번이면 O(n)일 수 있고, i에 따라 줄거나(삼각합) 데이터 조건에 따라 달라질 수도 있습니다. 최악 분석에서는 내부가 최대치로 도는 입력이 가능한지까지 확인해야 합니다. 면접에서는 “무조건”이라는 단정이 틀렸음을 논리적으로 설명하는 걸 자주 요구합니다.		O	FALSE	X	TRUE					dsa	big_o		
Q126	최악 시간 복잡도		Data Structure & Algorithm - 복잡도 분석	45	OX	EASY	최악 시간 복잡도는 가장 오래 걸릴 수 있는 경우를 기준으로 한다.	최악 시간 복잡도는 가능한 입력 중 가장 불리한 케이스에서의 상한을 기준으로 합니다. 즉 “항상 그렇게 걸린다”가 아니라 “그 정도까지 느려질 수 있다”는 의미입니다. 운영 관점에서는 예측 불가능한 입력이 들어올 때도 시스템이 버틸지 판단하는 근거가 됩니다. 면접에서는 최악/평균/기대 개념을 구분해서 말하는지를 봅니다.		O	TRUE	X	FALSE					dsa	responsible_time_complexity		
Q127	평균 시간 복잡도		Data Structure & Algorithm - 복잡도 분석	45	OX	EASY	평균 시간 복잡도는 항상 최악 시간 복잡도보다 중요하다.	항상 그렇지 않습니다. 처리량이 중요한 배치 작업은 평균이 더 중요할 수 있지만, 실시간 서비스는 최악(특히 꼬리 지연)이 더 중요할 수 있습니다. 평균만 좋고 최악이 나쁘면 특정 순간에 SLA가 깨지거나 장애로 번질 수 있습니다. 면접에서는 “상황에 따라 우선순위가 달라진다”를 사례와 함께 말하면 좋습니다.		O	FALSE	X	TRUE					dsa	responsible_time_complexity		
Q128	공간 복잡도		Data Structure & Algorithm - 복잡도 분석	45	OX	EASY	공간 복잡도는 알고리즘이 사용하는 메모리 양을 의미한다.	공간 복잡도는 입력 자체를 제외하고 추가로 사용하는 메모리의 규모를 말합니다. 보조 배열, 해시 테이블, 방문 배열뿐 아니라 재귀 호출 스택도 포함될 수 있습니다. 시간 복잡도와 달리 공간은 OOM, GC 부담, 캐시 효율에 직접 영향을 주므로 실무에서도 중요합니다. 면접에서는 “시간만 보지 말고 공간도 함께”라는 관점을 보여주면 좋습니다.		O	TRUE	X	FALSE					dsa	big_o		
Q129	상수 제거		Data Structure & Algorithm - 복잡도 분석	45	OX	EASY	빅오 표기법에서는 상수 계수를 제거하고 분석한다.	빅오는 성장률 비교가 목적이라 상수 계수는 제거합니다(예: O(100n)은 O(n)). 큰 입력에서 차수를 결정하는 것은 지배항이지, 상수 배가 아니기 때문입니다. 다만 실무에서는 상수 계수가 체감 성능을 크게 바꿀 수 있어, 빅오로 후보를 좁힌 뒤 측정으로 판단합니다. 면접에서 “이론과 실무의 차이”를 같이 언급하면 완성도가 올라갑니다.		O	TRUE	X	FALSE					dsa	big_o		
Q130	하위 항 제거		Data Structure & Algorithm - 복잡도 분석	45	OX	EASY	O(n^2 + n)은 O(n)으로 단순화한다.	이 단순화는 잘못입니다. n이 커질수록 n squared가 n보다 훨씬 빠르게 증가하므로 지배항은 n squared입니다. 따라서 O(n squared + n)은 O(n squared)로 봐야 합니다. 이런 실수는 성능을 크게 과소평가하게 만들어 실무에서 위험합니다. 면접에서는 지배항 판단을 정확히 하는지 자주 확인합니다.		O	FALSE	X	TRUE					dsa	big_o		
Q131	배열 접근		Data Structure & Algorithm - 복잡도 분석	45	OX	EASY	배열에서 특정 인덱스에 접근하는 연산은 O(1)이다.	배열은 연속 메모리라 인덱스로 주소를 계산해 즉시 접근할 수 있어 보통 O(1)입니다. 이는 연결 리스트처럼 순차 이동이 필요한 구조와 대비되는 핵심 차이입니다. 다만 O(1)이라도 캐시 미스 같은 이유로 실제 지연은 달라질 수 있다는 점을 알면 더 실무적입니다. 면접에서는 “왜 O(1)인지”를 메모리 모델 관점으로 설명하는 문제가 종종 나옵니다.		O	TRUE	X	FALSE					dsa	big_o		
Q132	정렬 알고리즘		Data Structure & Algorithm - 복잡도 분석	45	OX	EASY	모든 정렬 알고리즘의 시간 복잡도는 O(n log n)이다.	모든 정렬이 O(n log n)은 아닙니다. 버블/선택/삽입 정렬은 최악 O(n squared)이며, 입력이 커지면 급격히 비효율적이 됩니다. 반대로 병합/힙 정렬은 최악 O(n log n) 보장이 있고, 퀵정렬은 평균은 좋지만 최악이 나쁠 수 있습니다. 면접에서는 정렬별 평균/최악을 구분해 말할 수 있는지를 봅니다.		O	FALSE	X	TRUE					dsa	big_o		
Q133	반복문과 조건문		Data Structure & Algorithm - 복잡도 분석	45	OX	EASY	반복문 안의 if문은 보통 상수 시간으로 취급한다.	조건문 자체는 보통 O(1)이지만, 반복문 안에 있으면 n번(또는 그 이상) 반복 평가되어 누적 비용이 됩니다. 다만 if가 반복 횟수를 줄이지 않는다면 최악 차수는 바뀌지 않는 경우가 많습니다. 반대로 if 분기 안에 무거운 작업(정렬/추가 루프)이 있으면 그 경로가 최악을 지배할 수 있습니다. 면접에서는 “if는 상수지만, 어디에 있느냐가 중요”라는 식으로 말하면 좋습니다.		O	TRUE	X	FALSE					dsa	big_o		
Q134	로그 증가		Data Structure & Algorithm - 복잡도 분석	45	OX	EASY	O(log n)은 입력이 커질수록 매우 빠르게 증가한다.	반대로 로그는 증가 속도가 매우 완만합니다. 입력이 2배가 되어도 log n은 일정한 값만 증가하는 수준이라, 큰 입력에서도 효율적입니다. 이 특성 때문에 이진 탐색, 균형 트리 탐색이 확장성이 좋습니다. 면접에서 단골로 나오는 함정 문장이라 방향을 확실히 잡아야 합니다.		O	FALSE	X	TRUE					dsa	big_o		
Q135	책임 있는 분석		Data Structure & Algorithm - 복잡도 분석	45	OX	EASY	책임 있는 시간 복잡도 분석은 최악 상황을 고려하는 것을 포함한다.	책임 있는 분석은 평균만 보고 낙관하지 않고, 최악 입력에서 성능이 어디까지 악화되는지 상한을 파악합니다. 외부 입력이 있는 서비스는 분포가 바뀌거나 공격 입력이 들어올 수 있어 최악이 현실이 될 수 있습니다. 최악을 알면 타임아웃, 제한, 알고리즘 전환 같은 방어 설계를 할 수 있습니다. 면접에서는 “안정성, 예측 가능성”을 키워드로 연결하면 매우 좋습니다.		O	TRUE	X	FALSE					dsa	responsible_time_complexity		
Q136	평균 성능 의존		Data Structure & Algorithm - 복잡도 분석	45	OX	EASY	평균 성능이 좋으면 최악 성능은 무시해도 된다.	평균은 특정 입력 분포를 가정할 때만 의미가 있고, 그 가정이 깨지면 최악이 자주 발생할 수 있습니다. 특히 외부 입력 환경에서는 적대적 패턴으로 최악을 유발할 가능성이 있어 무시하면 위험합니다. 최악이 큰 알고리즘은 꼬리 지연(p99)을 크게 만들어 SLA를 깨기 쉽습니다. 면접에서는 “평균과 최악을 같이 본다”는 관점이 책임 있는 답변입니다.		O	FALSE	X	TRUE					dsa	responsible_time_complexity		
Q137	입력 크기(n)		Data Structure & Algorithm - 복잡도 분석	45	OX	EASY	시간 복잡도에서 n은 보통 입력 데이터의 크기를 의미한다.	n은 입력 크기를 대표하지만, 무엇을 크기로 보느냐는 문제마다 달라질 수 있습니다. 배열은 길이, 문자열은 길이, 그래프는 정점/간선(V, E)처럼 분리하는 게 정확합니다. n 정의를 잘못 잡으면 복잡도 분석 전체가 틀어져 성능 예측이 무너집니다. 면접에서는 “n이 무엇인지 먼저 정의하자”가 좋은 습관으로 평가됩니다.		O	TRUE	X	FALSE					dsa	big_o		
Q138	중첩과 곱		Data Structure & Algorithm - 복잡도 분석	45	OX	EASY	중첩된 반복문은 반복 횟수를 더해서 계산한다.	중첩은 더하기가 아니라 보통 곱으로 계산합니다. 외부가 n번, 내부가 m번이면 총 연산이 n 곱하기 m이 되기 때문입니다. 더하기는 두 루프가 순차 실행될 때 적용됩니다. 면접에서 매우 흔한 실수라 “중첩인지 순차인지”를 먼저 구분하는 게 핵심입니다.		O	FALSE	X	TRUE					dsa	big_o		
Q139	시간 예측		Data Structure & Algorithm - 복잡도 분석	45	OX	EASY	빅오 표기법은 실제 실행 시간을 정확히 예측하기 위한 도구다.	빅오는 실행 시간을 초 단위로 정확히 예측하는 도구가 아니라 성장률 비교 도구입니다. 같은 O(n)이라도 상수 계수, 캐시 효율, I O, 동시성 경합 등에 따라 실제 시간은 크게 달라집니다. 실무에서는 프로파일링과 벤치마크로 병목을 확인하고, 빅오로 확장성 리스크를 판단합니다. 면접에서도 “빅오 + 측정” 관점이 가장 안전합니다.		O	FALSE	X	TRUE					dsa	big_o		
Q140	분석 목적		Data Structure & Algorithm - 복잡도 분석	45	OX	EASY	시간 복잡도 분석의 목적 중 하나는 성능 병목을 사전에 예측하는 것이다.	복잡도 분석은 데이터 규모가 커질 때 어떤 부분이 병목이 될지 미리 예측하는 데 도움을 줍니다. 작은 입력에서는 괜찮아도 n squared 같은 구조는 규모가 커지면 급격히 위험해집니다. 그래서 설계 단계에서 자료구조/알고리즘 선택을 바꾸게 만드는 근거가 됩니다. 면접에서는 “확장성 판단”을 정확히 말할 수 있는지를 봅니다.		O	TRUE	X	FALSE					dsa	responsible_time_complexity		
Q141	빅오 목적		Data Structure & Algorithm - 복잡도 분석	45	OX	EASY	빅오 표기법은 알고리즘의 절대 실행 시간을 비교하기 위한 것이다.	빅오는 절대 실행 시간을 비교하는 데 적합하지 않습니다. 환경(언어, 하드웨어, 캐시, 런타임, I O)에 따라 절대 시간은 크게 달라지기 때문입니다. 빅오는 입력 크기 증가에 따른 연산량 증가 추세를 비교하는 데 쓰입니다. 면접에서는 “절대 시간 vs 성장률”을 구분해 말하는 것이 핵심입니다.		O	FALSE	X	TRUE					dsa	big_o		
Q142	반복문 기본		Data Structure & Algorithm - 복잡도 분석	45	OX	EASY	for문이 n번 반복되면 시간 복잡도는 보통 O(n)이다.	반복 횟수가 입력 크기 n에 정비례하면 전체 연산 수가 선형으로 늘어나므로 O(n)으로 봅니다. 중요한 건 “루프가 n번 돈다”가 아니라, 루프 본문이 각 반복에서 상수 시간인지까지 같이 확인하는 것입니다. 예를 들어 본문에서 O(1) 작업만 하면 O(n)이지만, 본문에서 또 다른 루프나 정렬이 있으면 곱해져 커집니다. 면접에서는 “n번 반복=O(n)”을 기계적으로 말하기보다, 본문 비용을 포함해 설명하는지 봅니다. 실무에서도 성능 병목은 루프 ‘안’에서 생기는 경우가 많아 이 습관이 중요합니다.		O	TRUE	X	FALSE					dsa	big_o		
Q143	로그 직관		Data Structure & Algorithm - 복잡도 분석	45	OX	EASY	O(log n)은 입력이 커질수록 증가 속도가 매우 느린 편이다.	log n은 입력을 반씩 줄이는 과정의 횟수로 자주 해석됩니다(예: 이진 탐색). n이 2배가 되어도 log n은 일정한 값만 증가하므로 확장성이 매우 좋습니다. 예를 들어 n이 1,000에서 1,000,000으로 늘어도 log2 n은 대략 10에서 20 정도로만 증가합니다. 면접에서는 “왜 로그가 나오나(반으로 줄이기)”를 설명할 수 있으면 강점입니다. 실무에서는 큰 데이터셋에서 O(log n)과 O(n)의 체감 차이가 매우 커집니다.		O	TRUE	X	FALSE					dsa	big_o		
Q144	상수 항		Data Structure & Algorithm - 복잡도 분석	45	OX	EASY	O(n + 10)은 O(n)으로 단순화할 수 있다.	빅오 표기법은 입력이 커질 때의 성장률만 보므로, 상수 10은 n이 커질수록 영향이 사라집니다. 따라서 지배항 n만 남겨 O(n)으로 단순화합니다. 다만 “상수 무시”는 이론 비교에서만 유효하고, 작은 n에서는 상수가 실제 체감 성능에 영향을 줄 수 있습니다. 면접에서는 상수 제거 이유(성장률 비교)를 말할 수 있어야 합니다. 실무에서는 빅오로 후보를 좁힌 뒤, 상수 비용은 벤치마크로 판단하는 흐름이 안전합니다.		O	TRUE	X	FALSE					dsa	big_o		
Q145	하위 항 판단		Data Structure & Algorithm - 복잡도 분석	45	OX	EASY	O(n + n^2)은 O(n)으로 본다.	이건 틀린 단순화입니다. n이 충분히 커지면 n^2이 n보다 훨씬 빠르게 증가하므로 지배항은 n^2입니다. 그래서 O(n + n^2)은 O(n^2)로 봐야 합니다. 면접에서는 항들을 비교할 때 “큰 차수”가 지배한다는 원리를 정확히 적용하는지 자주 확인합니다. 실무에서도 이런 실수는 성능 예측을 심각하게 과소평가하게 만듭니다. 특히 n이 커지는 서비스나 데이터 처리에서는 n^2가 곧 장애로 이어질 수 있습니다.		O	FALSE	X	TRUE					dsa	big_o		
Q146	배열 접근		Data Structure & Algorithm - 복잡도 분석	45	OX	EASY	배열에서 임의의 인덱스 접근은 입력 크기와 무관하다.	배열은 연속 메모리에 저장되며 인덱스 i의 주소를 산술적으로 계산해 바로 접근할 수 있습니다. 그래서 일반적으로 접근은 O(1)입니다. 다만 O(1)은 “입력 크기 n에 따라 증가하지 않는다”는 뜻이지, 항상 빠르다는 보장은 아닙니다(캐시 미스, 페이지 폴트 등으로 지연은 달라질 수 있음). 면접에서는 배열과 연결 리스트의 접근 차이를 설명하는 단골 포인트로 나옵니다. 실무에서는 연속 접근이 캐시에 유리해 성능이 더 잘 나오는 경우가 많습니다.		O	TRUE	X	FALSE					dsa	big_o		
Q147	조건문 영향		Data Structure & Algorithm - 복잡도 분석	45	OX	EASY	if문 하나만으로 시간 복잡도가 O(n)으로 증가한다.	if문 자체는 조건 평가 + 분기라서 보통 O(1)입니다. 시간 복잡도가 커지는 건 if가 반복문 안에 들어가 반복 횟수만큼 실행되거나, 분기 중 한 경로에서 추가 루프/정렬 같은 큰 작업이 있을 때입니다. 면접에서는 “조건문은 상수 시간”을 말한 뒤, “하지만 반복과 결합되면 누적된다”까지 연결하는 답이 좋습니다. 실무에서도 분기 자체보다 분기 안의 무거운 로직이 병목이 되는 경우가 많습니다.		O	FALSE	X	TRUE					dsa	big_o		
Q148	중첩 기본		Data Structure & Algorithm - 복잡도 분석	45	OX	EASY	두 개의 반복문이 순차적으로 실행되면 반복 횟수는 더해서 계산한다.	중첩이 아니라면 전체 연산 수는 합으로 계산합니다. 예를 들어 첫 루프가 n번, 두 번째 루프가 n번이면 2n이므로 O(n)입니다. 입력 축이 다르면 n+m 형태로 남겨두는 것이 더 정확합니다. 면접에서는 “반복문 2개=O(n^2)”로 착각하는 실수를 자주 잡아냅니다. 실무에서는 이런 합/곱 판단이 성능 추정의 출발점입니다.		O	TRUE	X	FALSE					dsa	big_o		
Q149	이진 탐색 전제		Data Structure & Algorithm - 복잡도 분석	45	OX	EASY	이진 탐색을 사용하려면 데이터가 정렬되어 있어야 한다.	이진 탐색은 “중간과 비교해 절반을 버리는” 전략이므로, 데이터가 정렬되어 있어야 버릴 수 있는 절반이 의미가 있습니다. 정렬이 되어 있지 않으면 비교 결과가 범위 축소로 이어지지 않아 올바른 탐색이 불가능합니다. 면접에서는 “정렬 비용까지 포함하면 전체가 어떻게 되나”로 확장 질문이 자주 나옵니다(정렬 O(n log n) + 탐색 O(log n)). 실무에서는 정적 데이터면 한 번 정렬해 두고 반복 조회하는 구조가 유리합니다. 반면 데이터가 자주 바뀌면 정렬 유지 비용까지 고려해야 합니다.		O	TRUE	X	FALSE					dsa	responsible_time_complexity		
Q150	반복 감소		Data Structure & Algorithm - 복잡도 분석	45	OX	EASY	반복 횟수가 절반씩 줄어드는 구조는 보통 O(log n)이다.	매 단계마다 문제 크기가 절반으로 줄면 단계 수 k에 대해 n/2^k = 1이 되는 시점이 종료입니다. 이를 풀면 k = log2 n이므로 단계 수가 로그입니다. 이 직관은 이진 탐색, 분할 정복, 지수 감소 루프에서 반복적으로 등장합니다. 면접에서는 “왜 log가 나오지?”를 수식 또는 직관으로 설명하는지 봅니다. 실무에서는 로그 구조를 잘 잡으면 큰 입력에서 매우 안정적인 성능을 기대할 수 있습니다.		O	TRUE	X	FALSE					dsa	big_o		
Q151	평균 의존		Data Structure & Algorithm - 복잡도 분석	45	OX	EASY	평균 성능만 좋으면 최악 성능은 고려하지 않아도 된다.	평균 성능은 입력 분포 가정 위에서만 의미가 있으며, 분포가 바뀌면 평균도 쉽게 무너집니다. 특히 외부 입력을 받는 서비스는 적대적 입력이나 특정 패턴이 반복될 수 있어 최악 케이스가 현실이 될 수 있습니다. 퀵정렬(특정 피벗 전략)이나 해시(충돌 유도) 같은 예가 대표적입니다. 면접에서는 평균/기대/최악을 구분하고 “언제 최악이 중요한가”를 설명하는 능력을 봅니다. 실무에서는 p99 지연과 장애 방지를 위해 최악 리스크를 반드시 고려하는 것이 책임 있는 설계입니다.		O	FALSE	X	TRUE					dsa	responsible_time_complexity		
Q152	공간 개념		Data Structure & Algorithm - 복잡도 분석	45	OX	EASY	공간 복잡도는 알고리즘 실행 중 사용하는 추가 메모리를 의미한다.	공간 복잡도는 입력 자체를 제외하고 알고리즘이 추가로 사용하는 메모리의 규모를 말합니다. 예를 들어 보조 배열, 해시 테이블, 방문 배열 같은 구조가 여기에 포함됩니다. 재귀 알고리즘은 호출 스택도 추가 메모리로 보며 깊이에 비례해 증가할 수 있습니다. 면접에서는 시간만 말하는 대신 공간까지 같이 언급하면 좋은 평가를 받습니다. 실무에서는 메모리를 늘리면 GC 부담이나 OOM 위험이 생기므로 시간-공간 트레이드오프를 함께 봐야 합니다.		O	TRUE	X	FALSE					dsa	big_o		
Q153	정렬 일반화		Data Structure & Algorithm - 복잡도 분석	45	OX	EASY	모든 정렬 알고리즘은 최악의 경우 O(n log n)이다.	비교 기반 정렬 중에도 버블/선택/삽입 정렬은 최악 O(n^2)입니다. O(n log n)은 병합정렬, 힙정렬, 평균적인 퀵정렬 등에서 흔히 나오지만 “모든 정렬”은 아닙니다. 면접에서는 대표 정렬들의 평균/최악을 구분하는지 확인합니다. 실무에서는 입력 크기가 커질수록 n^2 정렬은 급격히 위험해져, 작은 n에서만 제한적으로 쓰는 편이 안전합니다. 또한 팀소트처럼 현실 데이터 패턴을 활용하는 정렬도 있다는 점을 알면 플러스입니다.		O	FALSE	X	TRUE					dsa	big_o		
Q154	입력 정의		Data Structure & Algorithm - 복잡도 분석	45	OX	EASY	시간 복잡도 분석에서 n은 문제에 따라 다르게 정의될 수 있다.	n은 “입력 크기”를 대표하는 기호지만, 무엇을 크기로 볼지는 문제마다 달라집니다. 배열 문제에선 원소 개수, 문자열 문제에선 길이, 그래프 문제에선 정점/간선 수(V, E)로 나뉩니다. n을 잘못 정의하면 복잡도 분석이 통째로 틀어지고, 성능 예측도 무너집니다. 면접에서 “n이 뭔가요?”를 먼저 묻는 습관은 오히려 좋은 신호입니다. 실무에서도 데이터 모델이 복잡할수록 입력 축을 분리하는 표현이 중요합니다.		O	TRUE	X	FALSE					dsa	big_o		
Q155	책임 있는 분석		Data Structure & Algorithm - 복잡도 분석	45	OX	EASY	책임 있는 시간 복잡도 분석은 최악의 경우를 고려한다.	책임 있는 분석은 평균만 강조하지 않고 최악 상한과 가정 조건을 함께 명시해 운영 리스크를 줄입니다. 외부 입력 환경에서는 분포가 변하거나 악의적 입력이 들어올 수 있어 최악이 현실이 될 수 있습니다. 최악을 알면 타임아웃, 제한, 전환 전략(인트로소트 등), 방어 로직을 설계할 근거가 생깁니다. 면접에서는 “왜 최악을 보나”를 서비스 안정성(p99, SLA)과 연결하면 매우 실무적입니다. 실무에서 복잡도 분석의 가치는 결국 ‘안정성’으로 귀결됩니다.		O	TRUE	X	FALSE					dsa	responsible_time_complexity		
Q156	로그 오해		Data Structure & Algorithm - 복잡도 분석	45	OX	EASY	O(log n)은 O(n)보다 더 빠르게 증가한다.	반대로, log n은 n보다 훨씬 느리게 증가합니다. 입력이 커질수록 둘의 격차는 더 커지며, 이것이 로그 알고리즘이 대규모 데이터에서 강한 이유입니다. 예를 들어 n이 1,000,000일 때 n은 백만이지만 log2 n은 약 20 정도입니다. 면접에서 흔히 나오는 함정 문장이라 방향을 정확히 잡아야 합니다. 실무에서도 이 차이는 성능과 비용(서버/시간)에 직접 연결됩니다.		O	FALSE	X	TRUE					dsa	big_o		
Q157	상수 제거 이유		Data Structure & Algorithm - 복잡도 분석	45	OX	EASY	빅오에서 상수를 제거하는 이유는 성장률 비교가 목적이기 때문이다.	빅오는 입력이 커질 때 어느 알고리즘이 더 빠르게 “악화”되는지 비교하는 도구입니다. 상수는 입력이 커질수록 상대적 영향이 작아져 성장률 비교에서 핵심이 아닙니다. 그래서 O(100n)과 O(n)을 같은 차수로 취급합니다. 다만 실무에서는 상수 계수가 실제 체감 성능에 매우 큰 영향을 줄 수 있어, 빅오로 후보를 좁힌 뒤 측정으로 결론을 내립니다. 면접에서는 “왜 상수를 버리나”와 “그래도 실무에서는 상수가 중요할 수 있다”를 같이 말하면 좋습니다.		O	TRUE	X	FALSE					dsa	big_o		
Q158	중첩 곱셈		Data Structure & Algorithm - 복잡도 분석	45	OX	EASY	중첩된 반복문은 반복 횟수를 곱해서 계산한다.	외부 루프가 n번 돌고, 매 외부 반복마다 내부 루프가 m번 돌면 총 연산은 n×m입니다. 내부 루프가 항상 n번이라면 n×n = n^2가 됩니다. 다만 내부 반복 횟수가 i에 따라 변하면 삼각합처럼 다른 식이 나오므로, “무조건 곱”이 아니라 “각 반복에서 내부가 얼마나 도는지”를 정확히 세야 합니다. 면접에서는 이런 미세한 차이를 캐치하는지가 포인트입니다. 실무에서는 조건부 중첩에서 최악 경로를 놓치면 성능을 과소평가하기 쉽습니다.		O	TRUE	X	FALSE					dsa	big_o		
Q159	실제 시간		Data Structure & Algorithm - 복잡도 분석	45	OX	EASY	빅오 표기법만으로 실제 실행 시간을 정확히 예측할 수 있다.	빅오는 정확한 시간 예측이 아니라 성장률 비교입니다. 같은 O(n)이라도 상수 계수, 캐시 효율, 메모리 접근 패턴, 병렬성, 런타임 최적화에 따라 실제 시간은 크게 달라집니다. 그래서 실무에서는 벤치마크/프로파일링으로 병목을 확인합니다. 면접에서도 “빅오는 방향을 주고, 실제는 측정한다”는 관점을 말하면 신뢰도가 올라갑니다. 특히 p95/p99 같은 분포 지표는 빅오만으로 알 수 없습니다.		O	FALSE	X	TRUE					dsa	big_o		
Q160	분석 목적		Data Structure & Algorithm - 복잡도 분석	45	OX	EASY	시간 복잡도 분석은 입력 규모가 커질 때의 성능 문제를 예측하기 위함이다.	복잡도 분석은 “지금은 빠른데 데이터가 커지면 어떻게 되나”를 미리 보는 도구입니다. 초기엔 괜찮아 보여도 O(n^2)은 규모가 커지면 급격히 위험해져 장애로 이어질 수 있습니다. 면접에서는 복잡도 분석을 설계 판단(자료구조 선택, 알고리즘 선택)과 연결하는지 봅니다. 실무에서는 용량 계획, 트래픽 성장, 비용 예측에 직접 도움이 됩니다. 또한 최악 케이스를 알면 방어 전략을 설계할 근거가 생깁니다.		O	TRUE	X	FALSE					dsa	responsible_time_complexity		
Q161	빅오 해석		Data Structure & Algorithm - 복잡도 분석	45	OX	MEDIUM	빅오 표기법은 알고리즘의 최악 실행 시간을 정확히 나타낸다.	빅오는 “최악에서의 증가 추세 상한”을 나타내는 표기이지, 초 단위 같은 정확한 시간을 주지 않습니다. 동일한 O(n)이라도 상수 계수와 환경(언어, 캐시, I O, 하드웨어)에 따라 실제 시간은 크게 달라집니다. 또 빅오는 보통 큰 n에서의 경향을 보므로 작은 n에서는 예측력이 떨어질 수 있습니다. 면접에서는 “정확한 시간 vs 성장률”을 구분하는지를 중요하게 봅니다. 실무에서는 빅오로 리스크를 찾고, 정확한 수치는 측정으로 확인합니다.		O	FALSE	X	TRUE					dsa	big_o		
Q162	반복 + 조건		Data Structure & Algorithm - 복잡도 분석	45	OX	MEDIUM	반복문 내부의 if 조건은 최악 시간 복잡도 분석에서 무시할 수 있다.	if 자체는 O(1)이지만, 반복문 안에 있으면 반복 횟수만큼 평가되므로 누적 비용이 됩니다. 다만 if가 반복을 “조기 종료(break/return)”시키거나 내부 작업량을 크게 줄이는 구조가 아니라면, 최악 기준에서는 루프가 끝까지 돈다고 가정해 복잡도 차수가 바뀌지 않을 수 있습니다. 그래서 “완전히 무시”는 부정확하고, “차수를 바꾸지 않을 때가 많다”가 정확합니다. 면접에서는 이런 표현의 정밀도를 봅니다. 실무에서도 분기 안의 무거운 작업 유무가 핵심입니다.		O	FALSE	X	TRUE					dsa	responsible_time_complexity		
Q163	break의 영향		Data Structure & Algorithm - 복잡도 분석	45	OX	MEDIUM	반복문에 break가 있더라도 최악 시간 복잡도는 변하지 않을 수 있다.	break는 특정 조건에서만 실행되므로, 최악의 경우 그 조건이 한 번도 만족되지 않으면 루프는 끝까지 돕니다. 따라서 최악 시간 복잡도는 여전히 O(n)인 경우가 많습니다. 반대로, 모든 경우에 반드시 k번 이내에 break가 보장된다면 그때는 최악이 줄어들 수 있습니다(“보장”이 핵심). 면접에서 매우 단골로 나오는 함정 포인트입니다. 실무에서는 평균을 줄이는 최적화와 최악을 줄이는 최적화를 구분해야 합니다.		O	TRUE	X	FALSE					dsa	responsible_time_complexity		
Q164	로그 반복		Data Structure & Algorithm - 복잡도 분석	45	OX	MEDIUM	반복 횟수가 매번 절반으로 줄어드는 알고리즘은 O(log n)이다.	매 단계마다 입력 범위가 절반으로 감소하면 단계 수는 로그가 됩니다. n/2^k = 1이 되는 k가 log2 n이기 때문입니다. 이 구조는 이진 탐색뿐 아니라 “반으로 줄이는 while 루프”, “분할 축소 재귀”에서도 반복적으로 등장합니다. 면접에서는 “왜 log인지”를 수식 또는 직관(반감)으로 설명할 수 있어야 합니다. 실무에서는 로그 구조를 잡으면 대규모 입력에서도 안정적인 확장성을 기대할 수 있습니다.		O	TRUE	X	FALSE					dsa	big_o		
Q165	중첩 조건 반복		Data Structure & Algorithm - 복잡도 분석	45	OX	MEDIUM	조건에 따라 내부 반복이 실행되는 중첩 구조는 항상 O(n^2)이다.	항상 O(n^2)로 단정하면 위험합니다. 내부 반복이 전체적으로 총합이 n번만 실행되면 O(n)일 수도 있고, i에 따라 1..i처럼 누적되면 O(n^2)일 수도 있습니다. 즉 “중첩처럼 보인다”가 아니라, 내부 반복이 전체 실행 동안 총 몇 번 도는지를 계산해야 합니다. 면접에서는 이 함정을 자주 내며, “최악 입력에서 내부가 매번 최대치로 도는가”를 묻습니다. 실무에서도 조건부 루프는 과소평가하기 쉬워 반드시 합/누적 관점으로 검증해야 합니다.		O	FALSE	X	TRUE					dsa	big_o		
Q166	평균 vs 최악		Data Structure & Algorithm - 복잡도 분석	45	OX	MEDIUM	평균 시간 복잡도가 좋아도 최악 시간 복잡도가 나쁘면 서비스 장애로 이어질 수 있다.	서비스는 특정 입력이 반복되거나, 공격/오작동으로 최악 패턴이 자주 나타날 수 있습니다. 평균만 믿으면 평소엔 괜찮다가 특정 순간에 지연이 폭발해 타임아웃, 큐 적체, 장애 전파로 이어질 수 있습니다. 그래서 실무에서는 최악 상한, 꼬리 지연(p99), 방어 전략(랜덤화, 전환 정렬, 제한)을 함께 봅니다. 면접에서도 “왜 최악이 중요한가”를 운영 안정성과 연결하면 매우 강한 답변입니다. 책임 있는 분석은 ‘최악 리스크’를 숨기지 않습니다.		O	TRUE	X	FALSE					dsa	responsible_time_complexity		
Q167	O(n log n) 구조		Data Structure & Algorithm - 복잡도 분석	45	OX	MEDIUM	n번 반복되는 루프 안에서 log n 연산을 수행하면 O(n log n)이다.	외부가 n번 반복되고, 매 반복마다 log n 비용이 드는 작업을 하면 총 비용은 곱으로 계산해 n×log n입니다. 대표적으로 “각 원소마다 트리 탐색(log n)” 같은 패턴이 여기에 해당합니다. 면접에서는 “곱해지는 이유”를 반복 횟수 누적 관점으로 설명하는지 봅니다. 실무에서는 이런 구조가 흔하므로, 내부 작업의 로그가 어디서 오는지(균형 트리/이진 탐색)를 같이 설명하면 좋습니다.		O	TRUE	X	FALSE					dsa	big_o		
Q168	상수 계수		Data Structure & Algorithm - 복잡도 분석	45	OX	MEDIUM	O(100n)과 O(n)은 빅오 관점에서 동일하게 취급된다.	맞습니다. 상수 계수 100은 성장률 비교에서 제거되므로 둘 다 O(n)입니다. 다만 “동일하게 취급”은 이론적 분류이고, 실제로는 100배 차이가 체감 성능을 크게 바꿉니다. 그래서 실무에서는 빅오로 확장성 위험을 판단하고, 상수 차이는 벤치마크로 확인합니다. 면접에서도 “빅오에서는 같지만 실무에서는 다를 수 있다”를 덧붙이면 균형 잡힌 답이 됩니다.		O	TRUE	X	FALSE					dsa	big_o		
Q169	재귀 깊이		Data Structure & Algorithm - 복잡도 분석	45	OX	MEDIUM	재귀 호출이 깊이 n까지 발생하면 공간 복잡도도 O(n)이다.	재귀는 호출될 때마다 스택 프레임을 쌓으므로 깊이에 비례해 추가 메모리가 필요합니다. 깊이가 n이면 스택 공간이 O(n)으로 증가할 수 있습니다. 시간 복잡도와 별개로 공간 복잡도를 따로 분석해야 하며, 특히 깊은 재귀는 스택 오버플로우 위험이 있습니다. 실무에서는 반복문으로 변환하거나, 재귀 깊이를 제한하거나, 꼬리 재귀 최적화 지원 여부를 확인합니다. 면접에서 공간 복잡도까지 언급하면 좋은 인상을 줍니다.		O	TRUE	X	FALSE					dsa	big_o		
Q170	재귀 오해		Data Structure & Algorithm - 복잡도 분석	45	OX	MEDIUM	재귀 함수는 반복문보다 항상 시간 복잡도가 크다.	“항상”은 잘못된 일반화입니다. 재귀/반복은 구현 방식의 차이이고, 시간 복잡도는 알고리즘 구조(반복 횟수, 분할 방식)가 결정합니다. 예를 들어 DFS는 재귀든 반복이든 방문 횟수가 같으면 빅오도 같습니다. 재귀는 호출 오버헤드가 있을 수 있지만, 그건 상수 계수 차이일 뿐 복잡도 차수와는 별개입니다. 면접에서는 이 구분을 명확히 하는지를 봅니다. 실무에서는 성능이 민감하면 실제 측정으로 판단하는 게 안전합니다.		O	FALSE	X	TRUE					dsa	big_o		
Q171	입력 정의		Data Structure & Algorithm - 복잡도 분석	45	OX	MEDIUM	시간 복잡도 분석에서 입력 크기 n을 어떻게 정의하느냐에 따라 결과가 달라질 수 있다.	n의 정의가 바뀌면 복잡도 표현 자체가 달라집니다. 예를 들어 그래프는 V와 E로 분리해야 하고, 문자열 알고리즘은 텍스트 길이 n과 패턴 길이 m을 나눠야 정확합니다. n을 잘못 잡으면 성능을 과소/과대평가해 설계가 틀어질 수 있습니다. 면접에서는 “n이 무엇인지 먼저 정의해보세요”가 단골 질문이고, 이를 자연스럽게 하는 지원자를 높게 평가합니다. 실무에서도 입력 축을 분리하면 병목 지점을 더 정확히 찾을 수 있습니다.		O	TRUE	X	FALSE					dsa	big_o		
Q172	중첩 합산		Data Structure & Algorithm - 복잡도 분석	45	OX	MEDIUM	두 반복문이 중첩되지 않고 순차 실행되면 반복 횟수는 더해서 계산한다.	중첩이 아니라 “순서대로” 실행되면 총 연산 횟수는 합으로 계산합니다. 예를 들어 첫 루프가 n번, 두 번째 루프가 m번이면 전체는 n+m입니다. 빅오로는 보통 지배항만 남겨 O(n+m) 또는 (m이 n과 같은 크기면) O(n)으로 단순화합니다. 실무에서는 입력 축이 다른 경우가 많아 n+m 표기가 더 정확합니다.		O	TRUE	X	FALSE					dsa	big_o		
Q173	로그 오해		Data Structure & Algorithm - 복잡도 분석	45	OX	MEDIUM	O(log n)은 입력이 커질수록 O(n)보다 더 빠르게 증가한다.	로그는 선형보다 훨씬 느리게 증가합니다. 예를 들어 n이 2배가 되어도 log n은 “일정한 값만” 증가하지만, n은 그대로 2배가 됩니다. 이 차이는 입력이 커질수록 극명해져서, 이진 탐색 O(log n)이 선형 탐색 O(n)보다 훨씬 확장성이 좋습니다. 면접에서는 “왜 log가 빠른가”를 직관(반씩 줄이기)으로 설명하는 게 포인트입니다.		O	FALSE	X	TRUE					dsa	big_o		
Q174	정렬 선택		Data Structure & Algorithm - 복잡도 분석	45	OX	MEDIUM	최악 성능이 중요한 서비스에서는 평균이 빠른 정렬보다 최악이 보장된 정렬이 적합하다.	평균이 빠른 알고리즘(예: 퀵정렬)은 특정 입력에서 최악 O(n^2)로 무너질 수 있어 꼬리 지연이 커질 수 있습니다. 반대로 병합정렬/힙정렬처럼 최악 O(n log n) 보장이 있으면 트래픽 급증이나 비정상 입력에서도 성능 상한을 예측하기 쉽습니다. 실무에서는 “평균 속도”보다 “p99 지연, SLA 안정성”이 더 중요한 경우가 많습니다. 그래서 책임 있는 선택은 최악 보장 여부와 입력 리스크까지 함께 보는 것입니다.		O	TRUE	X	FALSE					dsa	responsible_time_complexity		
Q175	해시 평균		Data Structure & Algorithm - 복잡도 분석	45	OX	MEDIUM	해시 테이블의 평균 조회 시간은 O(1)이다.	좋은 해시 함수가 키를 고르게 분산시키고, 로드 팩터를 적절히 관리한다는 전제에서 평균 조회는 상수 시간에 가깝습니다. 하지만 충돌이 늘어나면 체이닝 길이가 길어지거나 probing이 길어져 성능이 떨어질 수 있습니다. 실무에서는 리사이즈 정책, 해시 시드 랜덤화, 충돌 대응(트리화 등)이 평균 성능을 지키는 핵심입니다. “평균 O(1)”은 조건이 붙는 말이라는 점을 명확히 해야 합니다.		O	TRUE	X	FALSE					dsa	big_o		
Q176	해시 최악		Data Structure & Algorithm - 복잡도 분석	45	OX	MEDIUM	해시 테이블은 최악의 경우에도 항상 O(1)을 보장한다.	최악에는 O(1)을 보장하지 못합니다. 충돌이 한 버킷에 집중되면 체이닝은 사실상 선형 탐색이 되어 O(n)까지 악화될 수 있습니다. 특히 적대적 입력(해시 플러딩)이 가능한 서비스라면 최악을 무시하면 성능/보안 사고로 이어질 수 있습니다. 실무에서는 랜덤화 해시, 충돌 시 트리화, 요청 제한 등으로 최악 리스크를 줄입니다.		O	FALSE	X	TRUE					dsa	responsible_time_complexity		
Q177	아몰타이즈드		Data Structure & Algorithm - 복잡도 분석	45	OX	MEDIUM	아몰타이즈드 O(1)은 매 연산이 항상 O(1)임을 의미한다.	아몰타이즈드는 “연산 시퀀스 전체 평균”이 O(1)이라는 뜻이지, 매 연산이 항상 O(1)이라는 보장이 아닙니다. 동적 배열 append는 대부분 O(1)이지만, 리사이즈 순간에는 O(n) 복사가 발생합니다. 실시간/저지연 시스템에서는 이 스파이크가 p99를 망칠 수 있어 별도 완화(점진적 리사이즈 등)가 필요합니다. 면접에서는 평균/아몰타이즈드/최악을 구분하는지가 핵심입니다.		O	FALSE	X	TRUE					dsa	responsible_time_complexity		
Q178	다중 입력		Data Structure & Algorithm - 복잡도 분석	45	OX	MEDIUM	두 개의 독립적인 입력을 처리하는 알고리즘은 복잡도를 O(n+m)처럼 표현할 수 있다.	입력 축이 2개면 n과 m을 분리해 O(n+m)처럼 쓰는 게 정확합니다. 예를 들어 두 배열을 각각 한 번씩 훑으면 합이 맞고, 한 배열의 각 원소마다 다른 배열을 훑으면 곱이 됩니다. 하나로 뭉쳐 O(n)이라고만 쓰면 어떤 입력이 병목인지가 사라져 성능 예측이 틀어질 수 있습니다. 실무에서는 로그/트래픽/데이터 크기 축이 여러 개인 경우가 많아 이 습관이 중요합니다.		O	TRUE	X	FALSE					dsa	big_o		
Q179	빅오 남용		Data Structure & Algorithm - 복잡도 분석	45	OX	MEDIUM	빅오 표기법만 알면 실제 성능 문제를 모두 해결할 수 있다.	빅오는 성장률(확장성)을 판단하는 도구이지, 실제 실행 시간을 정확히 말해주지 않습니다. 캐시 미스, 메모리 대역폭, I O, 락 경합, GC 같은 요인으로 빅오가 같아도 체감 성능이 크게 달라질 수 있습니다. 실무에서는 프로파일링과 벤치마크로 “어디가 진짜 병목인지” 확인해야 합니다. 면접에서도 “빅오만으로 충분하지 않은 이유”를 말할 수 있으면 좋습니다.		O	FALSE	X	TRUE					dsa	big_o		
Q180	분석 목적		Data Structure & Algorithm - 복잡도 분석	45	OX	MEDIUM	책임 있는 시간 복잡도 분석의 목적은 최악 상황에서도 예측 가능한 성능을 확보하는 것이다.	책임 있는 분석은 평균만 강조하지 않고 최악, 가정, 입력 모델을 함께 명시해 운영 리스크를 줄이는 데 목적이 있습니다. 특히 외부 입력이 있는 서비스는 적대적 입력이나 분포 변화로 평균 가정이 쉽게 깨집니다. 최악 상한이 있으면 SLA와 용량 계획을 더 안전하게 세울 수 있습니다. 결국 목표는 “빠름”이 아니라 “안정적으로 예측 가능함”입니다.		O	TRUE	X	FALSE					dsa	responsible_time_complexity		
Q181	최악 기준 의미		Data Structure & Algorithm - 복잡도 분석	45	OX	MEDIUM	최악 시간 복잡도는 알고리즘이 실제로 항상 그렇게 동작한다는 의미다.	최악 시간 복잡도는 “가능한 입력 중 가장 불리한 경우의 상한”을 말합니다. 즉, 항상 그만큼 느리다는 뜻이 아니라 “그 정도까지 느려질 수 있다”는 경고에 가깝습니다. 평균/기대 성능이 좋아도 최악이 큰 알고리즘은 특정 상황에서 장애를 유발할 수 있습니다. 면접에서는 이 차이를 정확히 구분하는지를 자주 봅니다.		O	FALSE	X	TRUE					dsa	big_o		
Q182	반복 조건 영향		Data Structure & Algorithm - 복잡도 분석	45	OX	MEDIUM	반복문 안에서 조건에 따라 continue가 있어도 최악 시간 복잡도는 유지될 수 있다.	continue는 특정 조건에서만 실행되므로, 최악의 경우(조건이 한 번도 참이 아닌 경우)에는 루프가 끝까지 수행됩니다. 따라서 최악 시간 복잡도는 continue가 “발생하지 않는 경로”를 기준으로 잡을 수 있습니다. break나 return도 마찬가지로, 실행되지 않을 수 있으면 최악을 줄이지 못합니다. 실무에서는 평균을 줄이는 최적화와 최악을 줄이는 최적화를 구분해야 합니다.		O	TRUE	X	FALSE					dsa	responsible_time_complexity		
Q183	다중 반복 오해		Data Structure & Algorithm - 복잡도 분석	45	OX	MEDIUM	서로 독립적인 두 반복문이 있으면 항상 O(n^2)이다.	두 반복문이 독립이면서 “순차 실행”이면 O(n+n)=O(n)입니다. O(n^2)은 한 반복문 안에서 다른 반복문이 도는 “중첩” 구조일 때 나옵니다. 면접에서 흔한 함정이 “반복문 2개=제곱”으로 단정하는 것입니다. 중첩인지, 각 반복 횟수가 무엇에 의존하는지부터 확인해야 합니다.		O	FALSE	X	TRUE					dsa	big_o		
Q184	로그 구조 인식		Data Structure & Algorithm - 복잡도 분석	45	OX	MEDIUM	입력 크기를 매 단계 절반으로 줄이는 재귀는 깊이가 log n이다.	입력이 매번 절반으로 줄면 n, n/2, n/4처럼 진행하므로 k번 후 n/2^k가 1이 되는 시점을 찾습니다. n/2^k = 1이면 k = log2 n이어서 깊이는 로그가 됩니다. 이 구조는 이진 탐색, 분할 정복에서 매우 자주 등장합니다. 재귀 깊이는 시간뿐 아니라 스택 공간에도 직접 영향을 주므로 같이 봐야 합니다.		O	TRUE	X	FALSE					dsa	big_o		
Q185	하위 항 제거 주의		Data Structure & Algorithm - 복잡도 분석	45	OX	MEDIUM	O(n log n + n)은 O(n log n)으로 단순화할 수 있다.	빅오 단순화는 입력이 커질수록 가장 빠르게 커지는 항(지배항)만 남깁니다. n log n은 n보다 더 빠르게 증가하므로 큰 n에서 전체를 지배합니다. 그래서 O(n log n + n)은 O(n log n)으로 정리합니다. 다만 실무에서 작은 입력에서는 상수/하위항도 체감에 영향이 있어 측정으로 확인하는 습관이 좋습니다.		O	TRUE	X	FALSE					dsa	big_o		
Q186	재귀와 반복		Data Structure & Algorithm - 복잡도 분석	45	OX	MEDIUM	같은 알고리즘이라면 재귀 구현은 반복문 구현보다 항상 더 느리다.	“항상”은 틀린 말입니다. 재귀는 호출 오버헤드가 있을 수 있지만, 컴파일러 최적화나 구현 방식에 따라 차이가 작을 수도 있고, 오히려 반복문이 더 복잡해져 실수가 늘어날 수도 있습니다. 중요한 건 구현 형태가 아니라 알고리즘 구조가 결정하는 시간 복잡도입니다. 실무에서는 성능이 민감하면 벤치마크로 비교해 결론을 내립니다.		O	FALSE	X	TRUE					dsa	big_o		
Q187	공간 복잡도 고려		Data Structure & Algorithm - 복잡도 분석	45	OX	MEDIUM	시간 복잡도가 같아도 공간 복잡도에 따라 알고리즘 선택이 달라질 수 있다.	시간 복잡도가 같아도 추가 메모리 사용량, 캐시 효율, 스택 사용 여부에 따라 실제 선택이 달라집니다. 예를 들어 병합정렬은 O(n log n)이지만 보통 O(n) 추가 메모리가 필요하고, 힙정렬은 추가 메모리가 적습니다. 재귀는 깊이에 비례한 스택 공간을 쓰므로 스택 오버플로우 위험도 고려해야 합니다. 책임 있는 분석은 시간과 공간을 함께 보고 트레이드오프를 설명합니다.		O	TRUE	X	FALSE					dsa	responsible_time_complexity		
Q188	평균 의존 위험		Data Structure & Algorithm - 복잡도 분석	45	OX	MEDIUM	평균 시간 복잡도가 좋은 알고리즘은 입력 분포가 바뀌어도 안전하다.	평균 복잡도는 입력 분포 가정이 깨지면 더 이상 평균이 아닐 수 있습니다. 예를 들어 퀵정렬은 특정 입력 패턴에서 최악이 자주 발생할 수 있고, 해시도 특정 키 분포에서 충돌이 급증할 수 있습니다. 외부 입력이 있는 서비스는 분포를 통제하기 어려워 평균만 믿으면 위험합니다. 그래서 최악 보장이나 랜덤화, 방어 전략이 필요합니다.		O	FALSE	X	TRUE					dsa	responsible_time_complexity		
Q189	O(n log n) 해석		Data Structure & Algorithm - 복잡도 분석	45	OX	MEDIUM	O(n log n)은 입력이 두 배가 되면 실행 시간도 정확히 두 배가 된다.	n log n은 선형이 아니라 n에 로그가 곱해진 형태라, 입력이 두 배가 되면 시간은 “두 배보다 조금 더” 증가합니다. 대략 2n(log n + 1)처럼 늘어나므로 정확히 2배로 고정되지 않습니다. 또한 빅오는 상수 계수와 실제 환경을 제거하므로 “정확한 배율”을 약속하지 않습니다. 면접에서는 이런 해석 오류를 자주 짚습니다.		O	FALSE	X	TRUE					dsa	big_o		
Q190	최악 보장 가치		Data Structure & Algorithm - 복잡도 분석	45	OX	MEDIUM	최악 시간 복잡도가 보장된 알고리즘은 성능 예측에 유리하다.	최악 상한이 있으면 어떤 입력에서도 비용이 그 이상 커지지 않으므로 용량 계획과 SLA 설계가 쉬워집니다. 특히 지연 민감 서비스에서 p99를 관리할 때 최악 보장은 큰 장점입니다. 다만 최악이 같아도 상수 비용, 캐시 효율, 구현 품질로 실제 성능은 달라질 수 있습니다. 그래서 “최악 보장 + 측정” 조합이 가장 안전합니다.		O	TRUE	X	FALSE					dsa	responsible_time_complexity		
Q191	입력 정의 실수		Data Structure & Algorithm - 복잡도 분석	45	OX	MEDIUM	그래프 알고리즘에서 정점 수만으로 복잡도를 표현해도 항상 충분하다.	그래프는 간선 수에 따라 비용이 크게 달라집니다. BFS DFS도 보통 O(V+E)로 표현하며, 희소 그래프와 밀집 그래프에서 E가 V에 비해 크게 달라집니다. 정점만 쓰면 간선이 많은 경우를 과소평가해 성능 예측이 틀어질 수 있습니다. 자료구조 선택(인접 리스트 vs 인접 행렬)도 복잡도와 실제 성능에 영향을 줍니다.		O	FALSE	X	TRUE					dsa	big_o		
Q192	상수 시간 착각		Data Structure & Algorithm - 복잡도 분석	45	OX	MEDIUM	O(1) 연산이 많아져도 전체 복잡도에는 영향이 없다.	한 번의 연산이 O(1)이어도 그 연산을 n번 반복하면 전체는 O(n)이 됩니다. O(1)은 “입력 크기에 따라 증가하지 않는 단일 연산”을 뜻할 뿐, 전체 프로그램이 O(1)이라는 뜻이 아닙니다. 실무에서는 상수 연산의 개수와 상수 계수도 성능에 큰 영향을 줍니다. 그래서 “단일 연산 O(1)”과 “전체 O(1)”을 구분해야 합니다.		O	FALSE	X	TRUE					dsa	big_o		
Q193	분기 복잡도		Data Structure & Algorithm - 복잡도 분석	45	OX	MEDIUM	if-else 분기 중 한 쪽만 실행되면 더 느린 쪽을 기준으로 최악 복잡도를 잡는다.	최악 분석은 실행 확률과 무관하게 가장 비용이 큰 경로를 기준으로 합니다. 즉, 실제로는 자주 실행되지 않는 분기라도 “가능하다면” 최악에 포함됩니다. 평균이나 기대 성능을 말하고 싶다면 분기 확률이나 입력 분포를 별도로 가정해야 합니다. 책임 있는 설명은 “최악”인지 “기대”인지 분석 기준을 분명히 합니다.		O	TRUE	X	FALSE					dsa	responsible_time_complexity		
Q194	로그와 밑		Data Structure & Algorithm - 복잡도 분석	45	OX	MEDIUM	로그의 밑이 달라도 빅오 차수는 동일하다.	로그의 밑이 바뀌면 값은 상수 배만 달라집니다. 예를 들어 log_a n = log_b n / log_b a처럼 밑 변경은 상수 계수로 흡수됩니다. 빅오에서는 상수를 제거하므로 O(log n)으로 동일하게 취급합니다. 면접에서 자주 나오는 기본 성질입니다.		O	TRUE	X	FALSE					dsa	big_o		
Q195	아몰타이즈드 오해		Data Structure & Algorithm - 복잡도 분석	45	OX	MEDIUM	아몰타이즈드 O(1)은 모든 연산이 항상 O(1)임을 의미한다.	아몰타이즈드는 “전체 시퀀스 평균”이 O(1)이라는 뜻입니다. 따라서 특정 연산이 O(n)으로 튈 수 있고, 그 스파이크가 꼬리 지연을 만들 수 있습니다. 실무에서는 점진적 리사이즈 같은 기법으로 스파이크를 줄이기도 합니다. 면접에서는 단일 연산 보장과 아몰타이즈드를 혼동하지 않는 게 핵심입니다.		O	FALSE	X	TRUE					dsa	responsible_time_complexity		
Q196	다중 입력 표현		Data Structure & Algorithm - 복잡도 분석	45	OX	MEDIUM	서로 크기가 다른 두 입력을 처리할 때는 복잡도를 분리해 표현하는 것이 좋다.	n과 m이 서로 다른 입력 크기라면 O(n+m) 또는 O(nm)처럼 분리해 쓰는 게 정확합니다. 이렇게 해야 어떤 입력이 병목인지 드러나고, 용량 계획도 제대로 할 수 있습니다. 하나로 합쳐 O(n)처럼 쓰면 특정 상황에서 심각한 과소평가가 됩니다. 특히 그래프의 O(V+E), 문자열의 O(n+m) 같은 표현이 대표적입니다.		O	TRUE	X	FALSE					dsa	big_o		
Q197	빅오 만능론		Data Structure & Algorithm - 복잡도 분석	45	OX	MEDIUM	빅오 표기법만 알면 실제 시스템 성능을 정확히 예측할 수 있다.	빅오는 성장률 비교에는 강하지만, 실제 시스템의 실행 시간을 “정확히” 예측하진 못합니다. 캐시 미스, I O 대기, 스레드 경합, 런타임 최적화, GC 같은 요인이 큰 영향을 줍니다. 실무에서는 프로파일링과 벤치마크로 병목을 확인하고, 그 위에 빅오로 확장성을 판단합니다. 면접에서도 “빅오 + 측정” 관점을 말하면 좋습니다.		O	FALSE	X	TRUE					dsa	big_o		
Q198	시간·공간 트레이드오프		Data Structure & Algorithm - 복잡도 분석	45	OX	MEDIUM	시간 복잡도를 줄이기 위해 공간을 더 쓰는 선택이 합리적일 수 있다.	시간과 공간은 트레이드오프 관계인 경우가 많습니다. 해시, 캐시, 메모이제이션은 공간을 더 써서 시간을 줄이는 전형적인 전략입니다. 하지만 메모리가 늘면 GC 부담, 캐시 오염, OOM 위험이 생길 수 있어 “메모리 예산” 안에서 설계해야 합니다. 책임 있는 선택은 속도만이 아니라 안정성까지 포함합니다.		O	TRUE	X	FALSE					dsa	responsible_time_complexity		
Q199	분석 기준 혼동		Data Structure & Algorithm - 복잡도 분석	45	OX	MEDIUM	평균 시간 복잡도는 항상 최악 시간 복잡도보다 중요하다.	항상 그렇지 않습니다. 배치 처리처럼 평균 처리량이 중요한 경우도 있지만, 실시간 서비스나 보안 민감 서비스는 최악 지연이 더 중요할 수 있습니다. 평균이 좋아도 최악에서 폭발하면 p99 지연과 장애로 이어질 수 있습니다. 그래서 도메인과 요구사항에 따라 평균과 최악의 우선순위가 달라집니다.		O	FALSE	X	TRUE					dsa	responsible_time_complexity		
Q200	책임 있는 목표		Data Structure & Algorithm - 복잡도 분석	45	OX	MEDIUM	책임 있는 시간 복잡도 분석의 핵심은 예측 가능한 성능을 확보하는 것이다.	책임 있는 분석은 최악 상한과 가정 조건을 분명히 해 운영 중 성능 붕괴를 막는 데 초점이 있습니다. 입력 분포가 바뀌거나 적대적 입력이 들어와도 시스템이 버틸 수 있는지 확인해야 합니다. 또한 평균이 좋아도 꼬리 지연이 커지면 사용자 경험이 무너질 수 있으므로 분포 관점도 중요합니다. 결론적으로 “예측 가능성”이 신뢰성과 직결됩니다.		O	TRUE	X	FALSE					dsa	responsible_time_complexity		
Q201	최악 입력 가정		Data Structure & Algorithm - 복잡도 분석	45	OX	MEDIUM	시간 복잡도 분석에서 최악 입력을 가정하는 이유는 안정성을 보장하기 위함이다.	서비스는 입력 분포를 완전히 통제하기 어렵고, 외부 입력은 공격 표면이 되기도 합니다. 최악 입력을 가정하면 특정 패턴에서 성능이 무너지는 위험을 사전에 발견할 수 있습니다. 이는 SLA, 타임아웃, 용량 계획 같은 운영 설계를 가능하게 합니다. 평균만 보면 장애가 “예상치 못한 형태”로 터질 수 있어 최악 관점이 필수입니다.		O	TRUE	X	FALSE					dsa	responsible_time_complexity		
Q202	반복 탈출 오해		Data Structure & Algorithm - 복잡도 분석	45	OX	MEDIUM	반복문에 return이 있으면 항상 시간 복잡도가 감소한다.	return이 있으면 특정 경우에는 조기 종료로 평균 시간이 줄 수 있습니다. 하지만 최악 분석에서는 return 조건이 끝까지 만족되지 않는 경우를 고려해야 합니다. 예를 들어 배열에서 특정 값을 찾는 코드가 “없을 때”는 끝까지 돈다면 여전히 O(n)입니다. 따라서 return이 있다고 무조건 최악 복잡도가 내려가진 않습니다.		O	FALSE	X	TRUE					dsa	responsible_time_complexity		
Q203	로그 재귀		Data Structure & Algorithm - 복잡도 분석	45	OX	MEDIUM	재귀 호출 시 입력 크기가 매번 절반으로 줄어들면 재귀 깊이는 log n이다.	입력이 반씩 줄어드는 재귀는 깊이를 “몇 번 나누면 1이 되나”로 판단합니다. n/2^k = 1을 풀면 k = log2 n이므로 깊이는 로그입니다. 이 원리는 이진 탐색, 분할 정복 분석의 핵심 기본기입니다. 또한 깊이는 스택 공간 O(log n)에도 직접 영향을 줍니다.		O	TRUE	X	FALSE					dsa	big_o		
Q204	중첩 반복 판단		Data Structure & Algorithm - 복잡도 분석	45	OX	MEDIUM	중첩된 반복문이 있으면 무조건 O(n²)로 분석해야 한다.	중첩이라고 해서 항상 n^2이 되는 것은 아닙니다. 내부 반복이 상수 번만 돌 수도 있고, i에 따라 1..i처럼 삼각형 합이 되어 여전히 O(n^2)이지만 계수가 달라질 수도 있습니다. break continue 조건에 따라 평균은 크게 달라질 수 있지만 최악은 그대로일 수도 있습니다. 결론은 “내부 반복 횟수가 무엇에 의존하는지”를 먼저 모델링해야 합니다.		O	FALSE	X	TRUE					dsa	big_o		
Q205	빅오 단순화		Data Structure & Algorithm - 복잡도 분석	45	OX	MEDIUM	O(n² + n log n)은 O(n²)로 단순화할 수 있다.	큰 n에서 n^2은 n log n보다 훨씬 빠르게 증가하므로 지배항은 n^2입니다. 그래서 O(n^2 + n log n)은 O(n^2)로 단순화합니다. 면접에서는 두 항의 성장률 비교를 정확히 하는지를 자주 묻습니다. 다만 실무에서 작은 입력에서는 하위항과 상수가 체감에 영향이 있어 측정도 병행하는 게 좋습니다.		O	TRUE	X	FALSE					dsa	big_o		
Q206	재귀 공간		Data Structure & Algorithm - 복잡도 분석	45	OX	MEDIUM	재귀 알고리즘은 시간 복잡도와 무관하게 공간 복잡도가 항상 O(1)이다.	재귀는 호출 스택을 사용하므로 공간이 깊이에 비례합니다. 깊이가 log n이면 O(log n), 깊이가 n이면 O(n) 스택이 필요할 수 있습니다. 따라서 시간 복잡도와 별개로 공간 복잡도를 반드시 분석해야 합니다. 실무에서는 스택 오버플로우 위험 때문에 반복문으로 바꾸거나 꼬리 재귀 최적화 여부를 확인하기도 합니다.		O	FALSE	X	TRUE					dsa	big_o		
Q207	평균 성능 신뢰		Data Structure & Algorithm - 복잡도 분석	45	OX	MEDIUM	평균 시간 복잡도가 좋으면 입력 패턴이 바뀌어도 안전하다.	평균은 특정 분포 가정 위에서만 의미가 있습니다. 입력 패턴이 바뀌면 평균 가정이 깨져 최악 케이스가 자주 나타날 수 있습니다. 예를 들어 퀵정렬의 피벗 전략이 특정 패턴에 취약하거나, 해시가 특정 키 분포에서 충돌이 증가할 수 있습니다. 외부 입력이 있는 시스템에서는 “평균만 믿는 설계”가 위험합니다.		O	FALSE	X	TRUE					dsa	responsible_time_complexity		
Q208	반복 곱셈		Data Structure & Algorithm - 복잡도 분석	45	OX	MEDIUM	n번 반복되는 루프 안에서 또 n번 반복되면 O(n²)이다.	외부 루프가 n번, 내부 루프도 각 외부 반복마다 n번이면 총 연산은 n×n = n^2입니다. 이것이 전형적인 중첩 반복의 기본 분석입니다. 다만 내부 루프가 실제로는 n이 아니라 i에 따라 달라질 수 있으니, 코드 구조를 그대로 세어보는 습관이 중요합니다. 면접에서는 이런 기본기를 바탕으로 조건부 실행까지 확장해 묻습니다.		O	TRUE	X	FALSE					dsa	big_o		
Q209	로그와 상수		Data Structure & Algorithm - 복잡도 분석	45	OX	MEDIUM	O(log n + 1)은 O(log n)으로 단순화할 수 있다.	빅오 단순화에서 상수 항은 제거됩니다. log n은 입력이 커질수록 증가하지만, 1은 항상 고정이므로 큰 n에서는 영향이 무시됩니다. 그래서 O(log n + 1)은 O(log n)으로 정리합니다. 다만 작은 n에서는 상수도 체감에 영향을 줄 수 있어, 실제 성능은 측정이 필요합니다.		O	TRUE	X	FALSE					dsa	big_o		
Q210	최악 보장 의미		Data Structure & Algorithm - 복잡도 분석	45	OX	MEDIUM	최악 시간 복잡도가 보장되면 성능 예측이 쉬워진다.	최악 보장이 있으면 어떤 입력에서도 비용이 일정 상한을 넘지 않으므로 운영 계획이 안정적입니다. 트래픽 급증이나 비정상 입력에서도 지연이 폭발하지 않는지 예측할 수 있습니다. 특히 p99 같은 꼬리 지연을 관리할 때 최악 보장은 강력한 무기가 됩니다. 다만 구현 상수, 메모리 접근 패턴은 여전히 성능을 좌우하므로 측정도 함께 해야 합니다.		O	TRUE	X	FALSE					dsa	responsible_time_complexity		
Q211	입력 정의 혼동		Data Structure & Algorithm - 복잡도 분석	45	OX	MEDIUM	문자열 처리 알고리즘에서 n은 항상 문자열의 개수를 의미한다.	n은 문제 정의에 따라 의미가 달라질 수 있습니다. 어떤 문제에서는 문자열 “길이”가 n이고, 어떤 문제에서는 문자열 “개수”가 n이며, 둘 다 있으면 n과 m처럼 분리해야 합니다. 입력 정의를 잘못 잡으면 복잡도 분석이 전부 틀어져 성능 예측도 실패합니다. 면접에서도 “n이 무엇인가요”를 먼저 명확히 하라고 묻는 경우가 많습니다.		O	FALSE	X	TRUE					dsa	big_o		
Q212	분기 분석		Data Structure & Algorithm - 복잡도 분석	45	OX	MEDIUM	if-else 구조에서는 더 오래 걸리는 분기를 기준으로 최악 복잡도를 잡는다.	최악 기준 분석에서는 가장 비용이 큰 분기 경로를 선택합니다. 실행 확률이 낮더라도 “가능하기만 하면” 최악에 포함됩니다. 평균이나 기대 성능을 말하려면 입력 분포나 분기 확률이라는 추가 가정이 필요합니다. 책임 있는 설명은 최악과 평균을 섞어 말하지 않는 것입니다.		O	TRUE	X	FALSE					dsa	responsible_time_complexity		
Q213	해시 평균		Data Structure & Algorithm - 복잡도 분석	45	OX	MEDIUM	해시 테이블은 평균적으로 O(1) 접근 시간을 가진다.	평균 O(1)은 해시 함수가 균등 분포를 만들고 로드 팩터가 관리된다는 전제에서 성립합니다. 충돌이 늘면 체이닝 길이나 probing 길이가 길어져 평균이 악화됩니다. 실무에서는 리사이즈와 해시 시드 랜덤화로 평균 성능을 유지합니다. 따라서 “평균”이라는 단서와 조건을 함께 말해야 정확합니다.		O	TRUE	X	FALSE					dsa	big_o		
Q214	해시 최악		Data Structure & Algorithm - 복잡도 분석	45	OX	MEDIUM	해시 테이블은 어떤 경우에도 O(1)을 보장한다.	충돌이 집중되면 최악 O(n)까지 악화될 수 있어 O(1) 보장은 불가능합니다. 특히 공격자가 충돌을 유도하는 해시 플러딩이 가능한 환경에서는 실질적인 장애 원인이 됩니다. 실무에서는 충돌 시 트리화, 랜덤 시드, 키 정규화, 요청 제한 등 방어가 필요합니다. 책임 있는 분석은 최악과 방어 전략을 같이 언급합니다.		O	FALSE	X	TRUE					dsa	responsible_time_complexity		
Q215	아몰타이즈드 의미		Data Structure & Algorithm - 복잡도 분석	45	OX	MEDIUM	아몰타이즈드 O(1)은 여러 연산을 평균 냈을 때 O(1)이라는 의미다.	맞는 방향의 설명입니다. 핵심은 “연산 시퀀스 전체 비용을 연산 수로 나눴을 때” 평균이 상수라는 뜻입니다. 그래서 특정 순간에는 O(n) 비용이 발생할 수 있고, 그 순간이 꼬리 지연을 만들 수 있습니다. 실무에서는 상환 분석을 믿되, 스파이크가 문제인지 운영 지표로 확인하는 게 중요합니다.		O	TRUE	X	FALSE					dsa	responsible_time_complexity		
Q216	로그 증가 오해		Data Structure & Algorithm - 복잡도 분석	45	OX	MEDIUM	O(log n)은 입력이 커질수록 O(n)보다 빠르게 증가한다.	로그는 선형보다 느리게 증가합니다. 입력을 2배로 키울 때 log는 일정량만 증가하지만, n은 정확히 2배가 됩니다. 그래서 이진 탐색 O(log n)이 대규모 데이터에서도 잘 버팁니다. “로그가 빠르다”는 말은 증가 속도가 느리다는 뜻으로 이해해야 합니다.		O	FALSE	X	TRUE					dsa	big_o		
Q217	순차 반복 합		Data Structure & Algorithm - 복잡도 분석	45	OX	MEDIUM	서로 다른 두 반복문이 순차 실행되면 반복 횟수는 합으로 계산한다.	순차 실행이면 비용은 합으로 누적됩니다. 두 루프가 각각 n번, m번이면 전체는 n+m이고, 같은 입력 축이면 O(2n)=O(n)처럼 단순화됩니다. 중첩이 아니라는 사실이 가장 중요하며, 구조를 착각하면 O(n^2) 같은 과대평가를 하게 됩니다. 실무에서는 입력 축이 다르면 합으로 남겨두는 편이 정확합니다.		O	TRUE	X	FALSE					dsa	big_o		
Q218	빅오 한계		Data Structure & Algorithm - 복잡도 분석	45	OX	MEDIUM	빅오 표기법만으로 실제 시스템의 성능 병목을 완전히 파악할 수 있다.	병목은 빅오만으로 드러나지 않는 경우가 많습니다. 예를 들어 락 경합, I O 대기, 캐시 미스, 네트워크 지연은 점근 차수보다 훨씬 크게 체감 성능을 좌우할 수 있습니다. 실무에서는 프로파일링, 트레이싱, 부하 테스트로 병목을 확인해야 합니다. 빅오는 “어디를 먼저 의심할지” 방향을 주는 도구로 쓰는 게 안전합니다.		O	FALSE	X	TRUE					dsa	big_o		
Q219	시간·공간 트레이드오프		Data Structure & Algorithm - 복잡도 분석	45	OX	MEDIUM	시간 복잡도를 낮추기 위해 공간 복잡도를 늘리는 선택은 합리적일 수 있다.	시간 공간 트레이드오프는 실무에서 매우 흔합니다. 메모이제이션, 캐시, 해시 인덱스는 공간을 더 쓰고 시간을 줄이는 전형적인 전략입니다. 다만 메모리가 늘면 OOM, GC 비용 증가, 캐시 오염 같은 부작용이 생길 수 있어 예산 내에서 설계해야 합니다. 책임 있는 선택은 “빠르게”만이 아니라 “안정적으로”도 함께 만족해야 합니다.		O	TRUE	X	FALSE					dsa	responsible_time_complexity		
Q220	책임 있는 목표		Data Structure & Algorithm - 복잡도 분석	45	OX	MEDIUM	책임 있는 시간 복잡도 분석의 핵심은 최악 상황에서도 예측 가능한 성능을 확보하는 것이다.	평균이 빠른 것만으로는 운영 안정성을 보장할 수 없어서 최악 기준 분석이 중요합니다. 최악 상한이 있으면 입력 분포 변화나 적대적 입력에서도 서비스가 버틸 수 있는지를 판단할 수 있습니다. 또한 꼬리 지연 p95 p99 같은 운영 지표와도 직접 연결됩니다. 그래서 책임 있는 분석은 최악, 가정, 방어 전략을 함께 묶어 설명하는 것이 핵심입니다.		O	TRUE	X	FALSE					dsa	responsible_time_complexity		
Q221	재귀식(n log n 병합)		Data Structure & Algorithm - 복잡도 분석	45	OX	HARD	T(n)=2T(n/2)+n log n 이면 T(n)=O(n log^2 n)이다.	각 레벨에서 재귀 호출이 2개로 늘지만, 병합 비용이 n log n으로 레벨마다 동일하게 발생합니다. 레벨 수는 log n이므로 전체 합은 (n log n)×(log n)=n log^2 n이 됩니다. 마스터 정리로도 확인 가능하며, “레벨당 비용 × 레벨 수” 관점이 핵심입니다. 이런 구조는 정렬/병합 단계에서 추가 로그가 붙는 경우 실무에서 등장합니다.		O	TRUE	X	FALSE					dsa	big_o		
Q222	재귀식(상수 병합)		Data Structure & Algorithm - 복잡도 분석	45	OX	HARD	T(n)=2T(n/2)+O(1)은 O(log n)이다.	분할은 2개지만 병합이 상수라고 해서 전체가 로그가 되지는 않습니다. 재귀 트리를 그리면 리프 노드가 n개 수준까지 늘어나고, 각 노드당 O(1) 비용이 쌓여 전체 O(n)이 됩니다. “분할 개수”가 누적 비용에 어떤 영향을 주는지 묻는 함정형 질문입니다.		O	FALSE	X	TRUE					dsa	big_o		
Q223	비표준 마스터		Data Structure & Algorithm - 복잡도 분석	45	OX	HARD	T(n)=2T(n/2)+n/log n은 표준 마스터 정리를 그대로 적용하기 어렵다.	표준 마스터 정리는 f(n)=n^k log^p n 같은 형태에 바로 적용하기 쉽습니다. n/log n처럼 분모에 로그가 들어가는 형태는 케이스 판별이 까다로워 확장 정리나 재귀 트리로 접근하는 편이 안전합니다. 면접에서 “적용 불가/주의”를 구분하는 능력을 봅니다.		O	TRUE	X	FALSE					dsa	big_o		
Q224	퀵정렬 최악 입력		Data Structure & Algorithm - 복잡도 분석	45	OX	HARD	퀵정렬에서 항상 첫 원소를 피벗으로 고정하면 이미 정렬된 입력에서 최악 O(n^2)가 발생할 수 있다.	이미 정렬된 배열에서 첫 원소를 피벗으로 잡으면 한쪽 분할이 크기 n-1로 계속 이어집니다. 깊이가 n이 되고 각 단계에서 선형 스캔이 일어나 O(n^2)입니다. 책임 있는 관점에서는 외부 입력에 대해 이런 최악을 방치하면 위험합니다.		O	TRUE	X	FALSE					dsa	responsible_time_complexity		
Q225	Introsort 목적		Data Structure & Algorithm - 복잡도 분석	45	OX	HARD	Introsort는 퀵정렬의 최악 사례를 완화하기 위해 일정 깊이 이상에서 다른 정렬로 전환한다.	Introsort는 재귀 깊이가 과도하게 커지면 힙정렬 등 최악 보장 정렬로 전환하여 최악 O(n log n)을 확보합니다. 평균 성능(퀵정렬)과 최악 보장(힙정렬)을 결합한 대표적인 책임 있는 전략입니다.		O	TRUE	X	FALSE					dsa	responsible_time_complexity		
Q226	해시 충돌 공격		Data Structure & Algorithm - 복잡도 분석	45	OX	HARD	해시 테이블은 평균 O(1)이므로 외부 입력 서비스에서 최악 입력을 고려하지 않아도 된다.	평균이 O(1)이어도 충돌을 유도하는 입력이 들어오면 O(n)으로 악화될 수 있습니다. 이는 성능 문제를 넘어 해시 플러딩 같은 공격 시나리오로 이어질 수 있습니다. 책임 있는 분석은 평균만으로 결론 내리지 않고 최악 및 방어책(랜덤화, 트리화 등)을 함께 봅니다.		O	FALSE	X	TRUE					dsa	responsible_time_complexity		
Q227	아몰타이즈드와 SLA		Data Structure & Algorithm - 복잡도 분석	45	OX	HARD	아몰타이즈드 O(1) 구조는 지연 민감 시스템에서도 항상 안전하다.	아몰타이즈드는 “평균” 분산 개념이어서 특정 시점에 O(n) 스파이크가 발생할 수 있습니다. SLA/실시간 시스템에서는 꼬리 지연(latency tail)이 문제라, 최악 지연을 별도로 제한하거나 리사이즈 전략을 바꾸는 등 추가 설계가 필요합니다.		O	FALSE	X	TRUE					dsa	responsible_time_complexity		
Q228	다중 파라미터(그래프)		Data Structure & Algorithm - 복잡도 분석	45	OX	HARD	BFS의 시간 복잡도를 O(V+E)로 쓰는 것은 입력 차원을 올바르게 분리한 예다.	그래프에서는 정점 수 V와 간선 수 E가 독립적입니다. BFS는 각 정점과 간선을 최대 한 번씩 처리하므로 O(V+E)로 표현하는 것이 정확합니다. n 하나로 뭉치면 밀집/희소 그래프에서 분석이 왜곡될 수 있습니다.		O	TRUE	X	FALSE					dsa	big_o		
Q229	공간 복잡도(재귀+배열)		Data Structure & Algorithm - 복잡도 분석	45	OX	HARD	깊이 log n 재귀에서 매 호출마다 크기 n 배열을 새로 만들면 공간은 O(n)이다.	호출마다 O(n) 공간을 쓰고, 호출이 동시에 스택에 쌓이므로 누적 공간은 O(n log n)이 될 수 있습니다. “한 번만 만들고 공유”와 “호출마다 생성”은 완전히 다릅니다. 이 문제는 공간 분석 함정으로 자주 등장합니다.		O	FALSE	X	TRUE					dsa	big_o		
Q230	로그 밑 변화		Data Structure & Algorithm - 복잡도 분석	45	OX	HARD	log_2 n과 log_10 n은 빅오 차수에서 동일하게 취급된다.	로그 밑 변화는 상수 배 차이입니다. 빅오는 상수 계수를 제거하므로 log n의 밑은 차수에 영향을 주지 않습니다. 다만 실제 성능에서는 상수 차이가 있을 수 있어 측정과 분리해야 합니다.		O	TRUE	X	FALSE					dsa	big_o		
Q231	성장률 비교		Data Structure & Algorithm - 복잡도 분석	45	OX	HARD	n이 충분히 크면 n log n은 n^1.1 보다 항상 작다.	n log n과 n^1.1을 비교하면, log n은 어떤 양의 거듭제곱 n^ε보다 느리게 증가합니다. 따라서 충분히 큰 n에서는 n log n이 n^1.1보다 작아집니다. 다만 “충분히 큰”이 핵심이며, 작은 n에서는 역전될 수 있어 맥락이 필요합니다.		O	TRUE	X	FALSE					dsa	big_o		
Q232	지수/다항 구분		Data Structure & Algorithm - 복잡도 분석	45	OX	HARD	O(2^n)은 다항 시간(polynomial time)에 속한다.	2^n은 지수 시간으로 다항 시간이 아닙니다. 다항 시간은 n^k 형태(상수 k)에 해당합니다. 이 구분은 알고리즘 가능성 판단에서 가장 중요한 기준 중 하나입니다.		O	FALSE	X	TRUE					dsa	big_o		
Q233	팩토리얼 성장		Data Structure & Algorithm - 복잡도 분석	45	OX	HARD	n!은 2^n보다 더 빠르게 증가한다.	팩토리얼은 지수보다 더 빠르게 증가합니다. 예를 들어 n이 커질수록 n! / 2^n은 폭발적으로 커집니다. 브루트포스 경로 탐색 같은 문제에서 입력 제한이 필수인 이유이기도 합니다.		O	TRUE	X	FALSE					dsa	big_o		
Q234	퀵정렬 평균		Data Structure & Algorithm - 복잡도 분석	45	OX	HARD	퀵정렬은 어떤 피벗 선택을 하더라도 평균 O(n log n)을 보장한다.	피벗 선택 전략이 나쁘면 분할이 치우쳐 평균도 악화될 수 있습니다. “무작위 피벗” 같은 가정이 있을 때 평균 O(n log n)을 말할 수 있습니다. 조건을 빼고 단정하면 틀립니다.		O	FALSE	X	TRUE					dsa	responsible_time_complexity		
Q235	적대적 입력 방어		Data Structure & Algorithm - 복잡도 분석	45	OX	HARD	책임 있는 복잡도 설계에서는 평균 성능뿐 아니라 적대적 입력을 통한 최악 유발 가능성을 고려한다.	외부 입력을 받는 시스템에서는 “나쁜 입력”이 우연이 아니라 의도적으로 들어올 수 있습니다. 평균만 믿으면 성능 붕괴나 보안 사고로 이어집니다. 따라서 최악을 유발하는 조건, 방어(랜덤화, 제한, 전환 전략)를 함께 고려하는 것이 책임 있는 접근입니다.		O	TRUE	X	FALSE					dsa	responsible_time_complexity		
Q236	분기 최악 기준		Data Structure & Algorithm - 복잡도 분석	45	OX	HARD	if-else 중 실행 확률이 낮은 경로는 최악 복잡도에서 제외해도 된다.	최악 시간 복잡도는 확률과 무관하게 가장 비싼 경로를 기준으로 합니다. “낮은 확률”은 평균 분석에 가까운 사고이며, 최악 보장에는 부적절합니다. 운영 중 특이 입력이 반복되면 낮은 확률 가정이 무너집니다.		O	FALSE	X	TRUE					dsa	responsible_time_complexity		
Q237	공간-시간 트레이드오프		Data Structure & Algorithm - 복잡도 분석	45	OX	HARD	메모이제이션은 시간 복잡도를 낮추는 대신 공간 사용을 증가시킬 수 있다.	메모이제이션은 동일 계산을 저장해 반복 계산을 줄입니다. 그 대가로 캐시/테이블 공간을 사용하며, 경우에 따라 메모리 압박이나 만료 전략이 필요합니다. 시간·공간 트레이드오프를 정확히 설명할 수 있어야 합니다.		O	TRUE	X	FALSE					dsa	big_o		
Q238	Big-O 오용		Data Structure & Algorithm - 복잡도 분석	45	OX	HARD	빅오 표기법으로 단일 실행의 실제 시간을 정확히 예측할 수 있다.	빅오는 성장률 상한을 나타내며, 상수 계수, 캐시, 컴파일 최적화, I/O 등 실제 시간 요소를 포함하지 않습니다. 따라서 단일 실행 시간을 정확히 예측하는 용도로 쓰면 오용입니다. 실무에서는 프로파일링과 벤치마크가 필요합니다.		O	FALSE	X	TRUE					dsa	big_o		
Q239	반복 합 vs 곱		Data Structure & Algorithm - 복잡도 분석	45	OX	HARD	두 개의 루프가 각각 n, m번 순차 실행되면 전체 시간은 O(nm)이다.	순차 실행은 합 O(n+m)입니다. 곱 O(nm)은 내부 루프가 외부 루프마다 실행되는 중첩일 때 적용합니다. 이 구분을 틀리면 과대평가/과소평가가 생깁니다.		O	FALSE	X	TRUE					dsa	big_o		
Q240	책임 있는 목표		Data Structure & Algorithm - 복잡도 분석	45	OX	HARD	책임 있는 시간 복잡도 분석의 최종 목표는 최악 상황에서도 예측 가능한 성능과 안정성을 확보하는 것이다.	책임 있는 분석은 “평균적으로 빠르다”가 아니라 “어떤 상황에서도 시스템이 무너지지 않는다”를 목표로 합니다. 최악 입력, 트래픽 급증, 공격 시나리오를 고려해 성능 상한을 이해하고 설계하는 것이 핵심입니다. 이는 면접에서도 실무에서도 중요한 사고 방식입니다.		O	TRUE	X	FALSE					dsa	responsible_time_complexity		
Q241	마스터 정리(케이스1)		Data Structure & Algorithm - 복잡도 분석	45	OX	HARD	T(n)=4T(n/2)+n 이면 T(n)=O(n^2)이다.	a=4, b=2이므로 n^(log_b a)=n^(log_2 4)=n^2입니다. f(n)=n은 n^2보다 다항적으로 작으므로 마스터 정리 케이스1에 해당합니다. 따라서 전체는 n^2가 지배합니다. 면접에서는 log_b a 계산 실수를 자주 유도합니다.		O	TRUE	X	FALSE					dsa	big_o		
Q242	마스터 정리(케이스2)		Data Structure & Algorithm - 복잡도 분석	45	OX	HARD	T(n)=2T(n/2)+n 이면 T(n)=O(n log n)이다.	a=2, b=2라서 n^(log_b a)=n입니다. f(n)=n이 동일하므로 케이스2로 n log n이 됩니다. 병합정렬이 대표 사례라 자주 나옵니다. “동일 차수면 로그가 하나 붙는다”를 확실히 기억해야 합니다.		O	TRUE	X	FALSE					dsa	big_o		
Q243	마스터 정리(케이스3)		Data Structure & Algorithm - 복잡도 분석	45	OX	HARD	T(n)=2T(n/2)+n^2 이면 T(n)=O(n^2 log n)이다.	n^(log_b a)=n이고 f(n)=n^2는 더 큽니다. 케이스3이면 보통 T(n)=Theta(f(n))=Theta(n^2)입니다(정규성 조건도 만족). 로그가 추가로 붙지 않습니다. “큰 f(n)이면 그냥 그게 지배”라는 점이 함정입니다.		O	FALSE	X	TRUE					dsa	big_o		
Q244	재귀식(비대칭 분할)		Data Structure & Algorithm - 복잡도 분석	45	OX	HARD	T(n)=T(n/3)+T(2n/3)+n 은 O(n log n)이다.	분할이 비대칭이어도 각 레벨에서 처리하는 문제 크기 합이 n으로 유지되면 레벨당 비용이 O(n)으로 묶입니다. 깊이는 분할 비율에 의해 O(log n)이고, 결과적으로 O(n log n)입니다. 비대칭이라고 무조건 나빠지는 게 아니라는 점이 포인트입니다.		O	TRUE	X	FALSE					dsa	big_o		
Q245	로그 vs 선형 반복		Data Structure & Algorithm - 복잡도 분석	45	OX	HARD	i를 n에서 시작해 매번 i=i-1로 감소시키는 루프는 O(log n)이다.	i를 1씩 줄이면 n번 반복이 필요하므로 O(n)입니다. 절반씩 줄이거나 i/=2처럼 감소 폭이 비율 기반일 때만 O(log n)입니다. 감소 방식(차이 vs 비율)을 구분하는 문제가 면접에서 자주 나옵니다.		O	FALSE	X	TRUE					dsa	big_o		
Q246	로그 반복의 조건		Data Structure & Algorithm - 복잡도 분석	45	OX	HARD	반복마다 탐색 구간을 절반으로 줄이는 알고리즘은 최악이 O(log n)일 가능성이 높다.	매 단계 후보 공간이 1/2로 줄면 종료까지 필요한 단계 수가 log n입니다. 다만 각 단계의 작업이 상수인지, 추가 선형 스캔이 섞이는지에 따라 전체는 달라질 수 있습니다. “구간 감소=로그 후보”라는 구조 인식이 핵심입니다.		O	TRUE	X	FALSE					dsa	big_o		
Q247	아몰타이즈드(동적 배열)		Data Structure & Algorithm - 복잡도 분석	45	OX	HARD	동적 배열의 append가 아몰타이즈드 O(1)이면 각 append는 항상 O(1)이다.	아몰타이즈드는 평균 분산 개념이라 리사이즈가 발생하는 순간 append가 O(n)이 될 수 있습니다. 여러 번의 append를 묶어 평균 내면 O(1)이라는 의미입니다. 실시간/지연 민감 시스템에서는 이 스파이크가 문제가 될 수 있어 별도 설계가 필요합니다.		O	FALSE	X	TRUE					dsa	responsible_time_complexity		
Q248	적대적 입력(해시)		Data Structure & Algorithm - 복잡도 분석	45	OX	HARD	외부 입력을 받는 서비스에서 해시 기반 구조는 평균 O(1)이므로 최악을 무시해도 된다.	해시는 충돌을 유도하는 입력으로 최악 O(n)을 만들 수 있습니다. 해시 플러딩 같은 공격은 성능 저하와 장애로 이어질 수 있어 책임 있는 분석 대상입니다. 방어(랜덤 시드, 트리화, 레이트 리밋 등)를 함께 고려해야 합니다.		O	FALSE	X	TRUE					dsa	responsible_time_complexity		
Q249	Introsort 최악 보장		Data Structure & Algorithm - 복잡도 분석	45	OX	HARD	Introsort는 최악 시간 복잡도를 O(n log n)으로 제한하는 전략을 포함한다.	재귀 깊이가 과도해지면 힙정렬로 전환하는 방식으로 최악을 보장합니다. 평균 성능이 좋은 퀵정렬의 장점도 가져가면서 최악 리스크를 줄이는 대표적 실무 전략입니다.		O	TRUE	X	FALSE					dsa	responsible_time_complexity		
Q250	그래프 복잡도 표현		Data Structure & Algorithm - 복잡도 분석	45	OX	HARD	DFS/BFS의 시간 복잡도를 O(n) 하나로만 표현해도 일반적으로 충분하다.	그래프는 정점 V와 간선 E가 독립적이라 O(V+E)처럼 표현해야 정확합니다. 희소/밀집 그래프에서 E의 크기가 크게 달라 성능이 변합니다. n 하나로 뭉치면 분석이 과소/과대평가될 수 있어 위험합니다.		O	FALSE	X	TRUE					dsa	big_o		
Q251	공간 복잡도(재귀 깊이)		Data Structure & Algorithm - 복잡도 분석	45	OX	HARD	재귀 깊이가 O(n)이면 공간 복잡도도 O(n)이 될 수 있다.	재귀 호출은 호출 스택을 사용하므로 깊이에 비례해 스택 프레임이 쌓입니다. 각 프레임이 상수 공간이라면 전체 스택은 O(n)입니다. 시간과 공간을 분리해 보는 기본기를 확인하는 문제입니다.		O	TRUE	X	FALSE					dsa	big_o		
Q252	공간 분석 함정		Data Structure & Algorithm - 복잡도 분석	45	OX	HARD	병합정렬은 최악 시간 O(n log n)이고 추가 공간도 O(1)이다.	표준 병합정렬은 병합을 위해 보조 배열이 필요해 일반적으로 O(n) 추가 공간이 듭니다. 제자리 병합 정렬(in-place merge sort)은 구현 난도가 높고 별도 조건이 붙습니다. “시간만 기억하고 공간을 놓치는” 실수를 잡는 전형적인 질문입니다.		O	FALSE	X	TRUE					dsa	big_o		
Q253	로그 밑 변화		Data Structure & Algorithm - 복잡도 분석	45	OX	HARD	log_2 n과 log_10 n은 빅오에서 같은 차수로 취급된다.	로그 밑 변화는 상수 배 차이이므로 빅오에서는 동일합니다. 다만 실제 성능에서는 상수 차이가 있을 수 있어 측정이 별도로 필요합니다.		O	TRUE	X	FALSE					dsa	big_o		
Q254	n log n vs n^1.01		Data Structure & Algorithm - 복잡도 분석	45	OX	HARD	n이 충분히 크면 n log n은 n^1.01보다 작다.	log n은 어떤 양의 거듭제곱 n^ε보다 느리게 증가합니다. 따라서 충분히 큰 n에서는 n log n < n^(1+ε)가 성립합니다. 다만 작은 n 범위에서는 역전될 수 있어 “충분히 큰” 전제가 중요합니다.		O	TRUE	X	FALSE					dsa	big_o		
Q255	지수/다항 구분		Data Structure & Algorithm - 복잡도 분석	45	OX	HARD	O(2^n)은 다항 시간 알고리즘의 범주에 속한다.	2^n은 지수 시간으로, 다항 시간(n^k)과 구분됩니다. 이 차이는 문제의 실용 가능성을 판단하는 핵심 기준입니다.		O	FALSE	X	TRUE					dsa	big_o		
Q256	팩토리얼 성장		Data Structure & Algorithm - 복잡도 분석	45	OX	HARD	n!은 2^n보다 더 빠르게 증가한다.	팩토리얼은 곱셈 누적이라 지수보다 더 빠르게 증가합니다. 순열 전수조사 같은 알고리즘이 매우 빠르게 불가능해지는 이유입니다.		O	TRUE	X	FALSE					dsa	big_o		
Q257	분기 최악 기준		Data Structure & Algorithm - 복잡도 분석	45	OX	HARD	if-else에서 실행 확률이 낮은 경로는 최악 복잡도 계산에서 제외해도 된다.	최악 시간 복잡도는 확률과 무관하게 가장 비싼 경로를 기준으로 잡습니다. 낮은 확률이라는 가정이 운영 환경에서 깨지면 성능 붕괴로 이어질 수 있습니다.		O	FALSE	X	TRUE					dsa	responsible_time_complexity		
Q258	메모이제이션 트레이드오프		Data Structure & Algorithm - 복잡도 분석	45	OX	HARD	메모이제이션은 시간 절약의 대가로 공간 사용량이 늘어날 수 있다.	이미 계산한 값을 저장해 반복 계산을 줄이므로 시간은 줄 수 있습니다. 하지만 캐시/테이블을 유지해야 하니 메모리 사용이 증가합니다. 실무에서는 캐시 크기, 만료 정책, 메모리 압박을 함께 고려해야 책임 있는 설계입니다.		O	TRUE	X	FALSE					dsa	responsible_time_complexity		
Q259	Big-O 오용(단일 실행)		Data Structure & Algorithm - 복잡도 분석	45	OX	HARD	빅오 표기법만으로 특정 입력에 대한 단일 실행 시간을 정확히 예측할 수 있다.	빅오는 성장률 상한을 나타내며, 상수 계수, 캐시 효율, 언어 런타임, I/O 등 실제 성능 요소를 반영하지 않습니다. 따라서 단일 실행 시간을 “정확히” 예측하는 데 쓰면 오용입니다. 실무에서는 벤치마크와 프로파일링이 필요합니다.		O	FALSE	X	TRUE					dsa	big_o		
Q260	책임 있는 목표		Data Structure & Algorithm - 복잡도 분석	45	OX	HARD	책임 있는 시간 복잡도 분석은 최악 상황에서도 예측 가능한 성능과 안정성을 확보하는 데 목적이 있다.	책임 있는 분석은 평균 성능만 보는 것이 아니라, 최악 입력이나 트래픽 급증 시에도 시스템이 무너지지 않도록 설계 판단을 돕습니다. 즉, “빨라 보이는 것”보다 “안정적으로 버티는 것”이 목표입니다. 이 관점은 실무에서도 면접에서도 중요하게 평가됩니다.		O	TRUE	X	FALSE					dsa	responsible_time_complexity		
Q261	빅오 표기법(Big-O Notation)		Data Structure & Algorithm - 복잡도 분석	45	INITIALS	EASY	입력 크기가 커질 때 알고리즘 실행 시간이 증가하는 “성장률”을 표현하는 표기법은 무엇인가?	빅오 표기법은 알고리즘의 성능을 절대 시간으로 측정하기보다 입력 크기 n이 커질 때 얼마나 빠르게 증가하는지를 나타내는 방법입니다. 상수나 하위 항을 제거해 비교를 단순화합니다. 면접에서는 O(n), O(n log n), O(n^2) 같은 대표 차수를 빠르게 분류하는지 확인합니다. 실무에서는 데이터 규모가 커질 때 병목을 예측하고, 구조 개선 우선순위를 정하는 기준으로 활용합니다. 빅오는 성능 측정이 아니라 성장률 비교 도구라는 점을 꼭 구분해야 합니다.	빅오표기법									dsa	big_o		
Q262	시간 복잡도(Time Complexity)		Data Structure & Algorithm - 복잡도 분석	45	INITIALS	EASY	알고리즘이 입력 크기에 따라 수행하는 연산량이 얼마나 늘어나는지를 나타내는 개념은 무엇인가?	시간 복잡도는 입력 크기 n이 커질 때 연산 횟수가 어떻게 증가하는지를 분석하는 개념입니다. 실제 실행 시간은 하드웨어와 구현에 따라 달라지므로, 비교 가능한 기준으로 연산량의 추세를 봅니다. 면접에서는 반복문/재귀 구조를 보고 시간 복잡도를 빠르게 말할 수 있는지 자주 묻습니다. 실무에서는 대량 데이터 처리나 트래픽 증가 시 병목을 미리 파악하는 데 중요합니다. 시간 복잡도는 성능 최적화의 첫 출발점입니다.	시간복잡도									dsa	responsible_time_complexity		
Q263	공간 복잡도(Space Complexity)		Data Structure & Algorithm - 복잡도 분석	45	INITIALS	EASY	알고리즘이 실행 중 추가로 사용하는 메모리 사용량이 입력 크기에 따라 어떻게 늘어나는지 나타내는 개념은 무엇인가?	공간 복잡도는 알고리즘이 입력 외에 추가로 필요한 메모리 사용량의 증가 추세를 나타냅니다. 재귀 호출 스택, 보조 배열, 해시 테이블 등이 대표적인 공간 사용 요소입니다. 면접에서는 시간만 보지 말고 공간까지 함께 고려할 수 있는지 확인합니다. 실무에서는 메모리 제한, GC 부담, 캐시 효율이 성능에 큰 영향을 주기 때문에 중요합니다. 시간과 공간의 트레이드오프를 설명할 수 있어야 합니다.	공간복잡도									dsa	big_o		
Q264	상수 시간(Constant Time)		Data Structure & Algorithm - 복잡도 분석	45	INITIALS	EASY	입력 크기와 무관하게 일정한 횟수의 연산만 수행하는 복잡도는 무엇인가?	상수 시간은 입력 크기 n이 커져도 수행 연산이 변하지 않는 경우를 말합니다. 배열 인덱스 접근처럼 위치 계산만으로 바로 값을 얻는 연산이 대표적입니다. 면접에서는 O(1)이 “항상 빠르다”가 아니라 “성장률이 없다”는 뜻임을 구분하는지 확인합니다. 실무에서는 상수 항이 커서 실제로 느릴 수 있으니 빅오와 측정을 같이 봐야 합니다. 개념을 정확히 잡아두면 함정 질문에 강해집니다.	상수시간									dsa	big_o		
Q265	선형 시간(Linear Time)		Data Structure & Algorithm - 복잡도 분석	45	INITIALS	EASY	입력 데이터의 크기만큼 비례해서 연산 횟수가 증가하는 복잡도는 무엇인가?	선형 시간은 입력 크기 n이 두 배가 되면 연산도 대략 두 배가 되는 형태를 말합니다. 배열 전체 순회, 합계 계산, 단순 탐색이 대표적입니다. 면접에서는 “단일 반복문=O(n)” 같은 기본 패턴을 빠르게 말할 수 있어야 합니다. 실무에서는 데이터가 커질수록 지연이 선형으로 증가하므로, n이 커질 가능성이 있는지 먼저 판단해야 합니다. 선형은 흔하지만 누적되면 병목이 될 수 있습니다.	선형시간									dsa	big_o		
Q266	이차 시간(Quadratic Time)		Data Structure & Algorithm - 복잡도 분석	45	INITIALS	EASY	모든 쌍을 비교하는 방식처럼 연산이 입력 크기의 제곱에 비례해 증가하는 복잡도는 무엇인가?	이차 시간은 입력 크기 n에 대해 연산이 n^2 수준으로 증가하는 형태입니다. 이중 반복문에서 내부 루프가 외부 루프마다 n번 도는 경우가 대표적입니다. 면접에서는 n^2이 언제 발생하는지와, 이를 줄이기 위한 아이디어(정렬, 해시, 투 포인터)를 함께 물을 수 있습니다. 실무에서는 n이 조금만 커져도 급격히 느려져 성능 문제가 자주 발생합니다. 따라서 입력 규모가 큰 서비스에서는 특히 주의해야 합니다.	이차시간									dsa	responsible_time_complexity		
Q267	로그 시간(Logarithmic Time)		Data Structure & Algorithm - 복잡도 분석	45	INITIALS	EASY	탐색 범위를 매 단계 절반으로 줄이며 문제 크기를 빠르게 축소하는 복잡도는 무엇인가?	로그 시간은 입력 크기를 매 단계 일정 비율로 줄여나가는 알고리즘에서 나타납니다. 대표적으로 이진 탐색이 O(log n)입니다. 면접에서는 “절반으로 줄인다=로그”를 바로 떠올릴 수 있어야 합니다. 실무에서는 큰 데이터에서도 비교적 안정적인 성능을 내기 때문에 자주 선호됩니다. 다만 전제 조건(정렬 여부 등)을 놓치면 적용이 불가능합니다.	로그시간									dsa	big_o		
Q268	선형로그 시간(Linearithmic Time)		Data Structure & Algorithm - 복잡도 분석	45	INITIALS	EASY	정렬 알고리즘에서 자주 등장하며 “선형×로그” 형태로 증가하는 복잡도는 무엇인가?	선형로그 시간은 O(n log n)으로, n번 처리하면서 각 처리에 로그 수준의 비용이 붙는 구조에서 나타납니다. 병합 정렬, 힙 정렬의 대표적 시간 복잡도입니다. 면접에서는 왜 비교 기반 정렬의 하한이 n log n인지까지 확장될 수 있습니다. 실무에서는 n^2보다 훨씬 안정적이라 대규모 데이터 정렬에 사실상 표준입니다. 단, 상수 항과 메모리 사용량 차이도 함께 고려해야 합니다.	선형로그시간									dsa	big_o		
Q269	최악 시간 복잡도(Worst-case Time Complexity)		Data Structure & Algorithm - 복잡도 분석	45	INITIALS	EASY	가능한 입력 중 가장 불리한 경우를 기준으로 성능 상한을 보는 복잡도 관점은 무엇인가?	최악 시간 복잡도는 입력이 가장 불리할 때 걸리는 연산량의 증가 추세를 봅니다. 평균이 좋더라도 최악이 나쁘면 특정 상황에서 성능 붕괴가 날 수 있습니다. 면접에서는 평균/최악의 차이와, 서비스 안정성 관점에서 왜 최악을 봐야 하는지 묻습니다. 실무에서는 외부 입력, 트래픽 급증, 적대적 입력을 고려해 최악을 특히 중요하게 봅니다. 책임 있는 설계의 핵심 관점입니다.	최악시간복잡도									dsa	responsible_time_complexity		
Q270	평균 시간 복잡도(Average-case Time Complexity)		Data Structure & Algorithm - 복잡도 분석	45	INITIALS	EASY	입력 분포를 가정했을 때 기대되는 평균적인 연산량을 기준으로 보는 관점은 무엇인가?	평균 시간 복잡도는 특정 분포 가정 하에서 기대되는 성능을 말합니다. 평균이 좋으면 실사용 체감이 좋아질 수 있지만, 분포 가정이 깨지면 예측이 틀릴 수 있습니다. 면접에서는 평균이 좋은 알고리즘도 최악을 고려해야 하는 이유를 자주 묻습니다. 실무에서는 실제 트래픽 패턴과 입력 분포를 측정해 평균 가정이 타당한지 확인해야 합니다. 평균과 최악을 함께 보는 균형이 중요합니다.	평균시간복잡도									dsa	big_o		
Q271	상수 계수(Constant Factor)		Data Structure & Algorithm - 복잡도 분석	45	INITIALS	EASY	빅오 표기에서 제거되지만 실제 성능에서는 체감 차이를 만들 수 있는 ‘곱해지는 숫자’ 요소는 무엇인가?	상수 계수는 빅오 비교에서는 제거되지만 실제 실행 시간에서는 매우 큰 차이를 만들 수 있습니다. O(n)이라도 100n과 2n은 체감 성능이 다를 수 있습니다. 면접에서는 “빅오=이론, 벤치마크=현실” 구분을 잘하는지 확인합니다. 실무에서는 상수 최적화가 중요한 경우가 많아, 빅오만 보고 결론 내리면 위험합니다. 따라서 측정과 분석을 함께 해야 합니다.	상수계수									dsa	big_o		
Q272	하위 항(Lower-order Term)		Data Structure & Algorithm - 복잡도 분석	45	INITIALS	EASY	O(n^2 + n)처럼 표현될 때, n^2보다 영향이 작아 큰 입력에서 무시되는 항을 무엇이라고 하는가?	하위 항은 입력이 커질수록 지배항에 비해 영향이 작아지는 항을 의미합니다. 빅오 단순화에서 하위 항을 제거하는 이유는 성장률 비교를 단순화하기 위해서입니다. 면접에서는 어떤 항이 지배항인지 빠르게 판단하는지 묻습니다. 실무에서는 작은 입력에서는 하위 항도 중요할 수 있어, 최적화 단계에서 판단이 필요합니다. 개념을 정확히 이해하면 단순화 실수를 줄일 수 있습니다.	하위항									dsa	big_o		
Q273	지배항(Dominant Term)		Data Structure & Algorithm - 복잡도 분석	45	INITIALS	EASY	입력이 커질 때 전체 성능을 사실상 결정하는 가장 큰 차수의 항을 무엇이라고 하는가?	지배항은 n이 커질수록 다른 항들을 압도해 전체 성능을 결정하는 항입니다. 예를 들어 n^2+n에서 지배항은 n^2입니다. 면접에서는 지배항을 찾고 빅오로 단순화하는 과정을 빠르게 말할 수 있어야 합니다. 실무에서는 데이터 규모가 커질수록 지배항이 병목의 근원이 됩니다. 따라서 구조 개선은 지배항을 낮추는 방향으로 진행하는 것이 일반적입니다.	지배항									dsa	big_o		
Q274	근사 표기(Asymptotic Notation)		Data Structure & Algorithm - 복잡도 분석	45	INITIALS	EASY	입력이 매우 커질 때의 성능 추세를 중심으로 분석하는 ‘점근적’ 관점의 표기 체계를 무엇이라고 하는가?	점근적 표기는 입력이 커질수록 성능이 어떻게 변하는지에 초점을 둡니다. 빅오, 빅세타, 빅오메가가 모두 이 범주에 포함됩니다. 면접에서는 빅오만이 아니라 다른 표기와의 차이를 아는지 확인할 수 있습니다. 실무에서는 큰 데이터에서의 확장성을 판단할 때 점근적 관점이 유용합니다. 다만 작은 입력에서는 실제 상수 비용이 더 중요할 수 있어 균형이 필요합니다.	점근표기									dsa	big_o		
Q275	빅세타(Big-Theta)		Data Structure & Algorithm - 복잡도 분석	45	INITIALS	EASY	알고리즘의 성장률을 상한과 하한이 같은 “정확한 차수”로 표현하는 표기는 무엇인가?	빅세타는 상한과 하한이 같은 차수로 묶일 때 사용하는 표기입니다. 단순히 “이 정도 이하”가 아니라 “이 정도로 자란다”는 의미가 강합니다. 면접에서는 빅오와 빅세타의 차이를 설명하라는 질문이 나올 수 있습니다. 실무에서는 이론적 분석에서 정확한 성장률을 표현할 때 유용합니다. 다만 일반적인 코딩테스트에서는 보통 빅오로만 표현하는 경우가 많습니다.	빅세타									dsa	big_o		
Q276	빅오메가(Big-Omega)		Data Structure & Algorithm - 복잡도 분석	45	INITIALS	EASY	알고리즘이 최소한 이 정도는 걸린다는 “하한” 관점의 표기는 무엇인가?	빅오메가는 성능의 하한(lower bound)을 나타냅니다. 즉, 어떤 경우든 최소한 그 정도 성장은 피할 수 없다는 의미입니다. 면접에서는 빅오(상한)와 빅오메가(하한)를 구분하는지 확인합니다. 실무에서는 문제의 근본적인 한계를 이해하고, 최적화 가능 범위를 판단하는 데 도움이 됩니다. 하한을 알면 쓸데없는 최적화를 줄일 수 있습니다.	빅오메가									dsa	big_o		
Q277	비교 기반 정렬 하한(Comparison Sort Lower Bound)		Data Structure & Algorithm - 복잡도 분석	45	INITIALS	EASY	비교만으로 정렬하는 방식이 일반적으로 더 빠르게는 어렵다고 알려진 하한 복잡도는 무엇인가?	비교 기반 정렬은 결정 트리 관점에서 하한이 n log n으로 알려져 있습니다. 즉, 비교 연산만으로는 일반적으로 n log n보다 더 빠른 보편적 정렬을 기대하기 어렵습니다. 면접에서는 왜 그런지(결정 트리, 경우의 수)를 가볍게라도 설명할 수 있으면 좋습니다. 실무에서는 데이터 특성이 특수하면 계수 정렬 같은 비비교 정렬을 고려할 수 있습니다. 하한 개념을 알면 정렬 선택이 더 논리적이 됩니다.	엔로그엔									dsa	responsible_time_complexity		
Q278	아몰타이즈드 분석(Amortized Analysis)		Data Structure & Algorithm - 복잡도 분석	45	INITIALS	EASY	여러 연산을 묶어서 평균 비용을 평가해 “가끔 큰 비용이 있어도 평균은 작다”를 설명하는 분석 방법은 무엇인가?	아몰타이즈드 분석은 개별 연산이 때때로 비싸도, 연산 시퀀스 전체 평균 비용이 낮음을 설명합니다. 동적 배열의 확장, 해시 테이블 리사이즈가 대표 사례입니다. 면접에서는 “평균 시간 복잡도”와 아몰타이즈드의 차이를 구분하는지 확인합니다. 실무에서는 지연 스파이크가 문제인 시스템에서 아몰타이즈드만 믿으면 위험할 수 있습니다. 따라서 평균뿐 아니라 꼬리 지연까지 함께 고려하는 것이 책임 있는 접근입니다.	아몰타이즈드분석									dsa	responsible_time_complexity		
Q279	최선 시간 복잡도(Best-case Time Complexity)		Data Structure & Algorithm - 복잡도 분석	45	INITIALS	EASY	입력이 가장 유리할 때 걸리는 시간 복잡도를 나타내는 관점은 무엇인가?	최선 시간 복잡도는 가장 좋은 입력에서의 성능을 의미합니다. 예를 들어 선형 탐색에서 첫 원소가 바로 목표면 O(1)이 될 수 있습니다. 면접에서는 최선/평균/최악을 구분하는 기본기를 확인합니다. 실무에서는 최선만 보고 설계하면 위험하며, 최악과 평균을 함께 봐야 안정적입니다. 책임 있는 성능 판단에서는 최악이 특히 중요합니다.	최선시간복잡도									dsa	big_o		
Q280	시간·공간 트레이드오프(Time-Space Tradeoff)		Data Structure & Algorithm - 복잡도 분석	45	INITIALS	EASY	실행 시간을 줄이기 위해 더 많은 메모리를 쓰거나, 메모리를 줄이기 위해 시간이 늘어나는 선택 관계를 무엇이라고 하는가?	시간·공간 트레이드오프는 성능 최적화에서 매우 흔한 개념입니다. 해시 캐시나 메모이제이션은 시간을 줄이는 대신 공간을 더 쓰는 대표 사례입니다. 면접에서는 “왜 캐시가 빠른가”를 이 관점으로 설명하게 하는 경우가 많습니다. 실무에서는 메모리 제한, GC 비용, 캐시 적중률까지 고려해야 합니다. 균형 잡힌 선택이 곧 책임 있는 설계입니다.	시간공간트레이드오프									dsa	responsible_time_complexity		
Q281	복잡도 분석(Complexity Analysis)		Data Structure & Algorithm - 복잡도 분석	45	INITIALS	EASY	알고리즘의 실행 시간과 메모리 사용이 입력 크기에 따라 어떻게 변하는지 평가하는 과정을 무엇이라고 하는가?	복잡도 분석은 알고리즘이 입력 크기 n에 따라 성능이 어떻게 변하는지 체계적으로 평가하는 과정입니다. 시간 복잡도와 공간 복잡도를 함께 보며, 특정 구현이나 하드웨어에 덜 의존하는 비교 기준을 제공합니다. 면접에서는 반복문과 재귀 구조를 보고 복잡도를 빠르게 산출하는지를 자주 확인합니다. 실무에서는 데이터 규모가 커질 때 병목이 어디서 생길지 예측하고 설계 결정을 내릴 때 활용됩니다. 복잡도 분석을 제대로 하면 “왜 이 알고리즘을 선택했는지”를 논리적으로 설명할 수 있습니다.	복잡도분석									dsa	big_o		
Q282	점근 분석(Asymptotic Analysis)		Data Structure & Algorithm - 복잡도 분석	45	INITIALS	EASY	입력이 매우 커질 때를 기준으로 성능의 성장률을 평가하는 분석 관점을 무엇이라고 하는가?	점근 분석은 입력이 커질수록 성능이 어떤 추세로 증가하는지를 보는 관점입니다. 상수 항과 하위 항의 영향을 줄이고, 지배항 중심으로 비교합니다. 면접에서는 점근 분석이 왜 필요한지, 실제 시간 측정과 어떤 차이가 있는지 묻기도 합니다. 실무에서는 데이터가 커졌을 때 발생할 위험(지연 폭증)을 사전에 예측하는 데 유용합니다. 특히 “확장성”을 말할 때 점근 분석은 기본 언어입니다.	점근분석									dsa	big_o		
Q283	상한(Upper Bound)		Data Structure & Algorithm - 복잡도 분석	45	INITIALS	EASY	알고리즘 성능이 특정 차수보다 더 나빠지지 않는다는 관점에서 보는 ‘위쪽 경계’ 개념은 무엇인가?	상한은 입력이 커질 때 성능이 어느 정도를 넘지 않는지 보여주는 경계 개념입니다. 빅오가 대표적인 상한 표기법이며, 최악 성능을 논의할 때 자주 사용됩니다. 면접에서는 “상한과 정확한 성능은 다르다”는 점을 이해하는지 확인합니다. 실무에서는 최악 상황에서 시스템이 감당 가능한지 판단하는 근거가 됩니다. 상한을 잘 잡으면 과도한 낙관을 피할 수 있습니다.	상한									dsa	big_o		
Q284	하한(Lower Bound)		Data Structure & Algorithm - 복잡도 분석	45	INITIALS	EASY	어떤 알고리즘이든 최소한 이 정도는 필요하다고 말할 수 있는 성능의 ‘아래쪽 경계’ 개념은 무엇인가?	하한은 어떤 경우에도 최소한 그 정도의 비용은 든다는 경계 개념입니다. 빅오메가가 대표적인 하한 표기입니다. 면접에서는 하한을 알면 “더 최적화가 가능한지” 판단할 수 있다는 점을 연결 질문으로 묻습니다. 실무에서도 하한을 이해하면 비현실적인 요구(불가능한 최적화)를 걸러내는 데 도움이 됩니다. 즉, 하한은 기대치 조정과 설계 현실화에 중요합니다.	하한									dsa	big_o		
Q285	타이트 바운드(Tight Bound)		Data Structure & Algorithm - 복잡도 분석	45	INITIALS	EASY	상한과 하한이 같은 차수로 묶여 알고리즘 성장률을 ‘정확한 차수’로 표현할 때 쓰는 개념은 무엇인가?	타이트 바운드는 상한과 하한이 같은 차수로 일치하는 경우를 의미합니다. 보통 빅세타로 표현합니다. 면접에서는 O와 Θ의 차이를 설명할 수 있는지 확인하는 경우가 많습니다. 실무에서는 이론 분석에서 “정확히 어느 정도로 자라느냐”를 말할 때 유용합니다. 다만 서비스 성능은 상수 요소도 크므로, 타이트 바운드만으로 결론 내리면 위험할 수 있습니다.	타이트바운드									dsa	big_o		
Q286	연산 횟수(Operation Count)		Data Structure & Algorithm - 복잡도 분석	45	INITIALS	EASY	시간 복잡도 분석에서 실행 시간 대신 비교 대상으로 삼는, 알고리즘이 수행하는 기본 작업의 개수를 무엇이라고 하는가?	연산 횟수는 실제 시간 대신 비교 가능한 기준으로 삼는 핵심 요소입니다. 덧셈, 비교, 접근 같은 기본 연산을 얼마나 수행하는지로 성장률을 판단합니다. 면접에서는 “왜 시간 대신 연산량을 보나”를 물을 수 있습니다. 실무에서도 하드웨어가 달라도 연산량 기반 비교는 설계 판단에 도움이 됩니다. 연산 횟수 관점이 잡히면 복잡도 계산이 훨씬 안정적입니다.	연산횟수									dsa	responsible_time_complexity		
Q287	단계 수(Steps)		Data Structure & Algorithm - 복잡도 분석	45	INITIALS	EASY	알고리즘이 종료될 때까지 거치는 반복/재귀의 진행 단계를 일반적으로 무엇이라고 부르는가?	단계 수는 알고리즘이 진행되는 횟수나 레벨 수를 뜻하며, 로그 구조 분석에서 특히 중요합니다. 예를 들어 절반으로 줄이는 방식은 단계 수가 log n이 됩니다. 면접에서는 “몇 단계 만에 끝나나”를 근거로 복잡도를 말하라고 요구하는 경우가 많습니다. 실무에서는 데이터가 커질수록 단계 수가 어떻게 늘어나는지가 지연에 직결됩니다. 단계 수를 먼저 파악하면 복잡도 추정이 쉬워집니다.	단계수									dsa	big_o		
Q288	입력 크기(Input Size)		Data Structure & Algorithm - 복잡도 분석	45	INITIALS	EASY	복잡도 분석에서 n으로 두고 성능 증가를 측정하는 기준이 되는 값은 무엇인가?	입력 크기는 복잡도 분석의 출발점으로, 문제에 따라 n의 의미가 달라집니다. 배열 길이, 문자열 길이, 정점 수 등 다양한 형태가 가능합니다. 면접에서는 “n을 어떻게 정의했는지”를 먼저 묻는 경우가 많습니다. 실무에서도 입력 정의를 잘못하면 분석이 왜곡되어 잘못된 설계를 할 수 있습니다. 따라서 입력 크기를 명확히 정하는 습관이 중요합니다.	입력크기									dsa	big_o		
Q289	선형 탐색(Linear Search)		Data Structure & Algorithm - 복잡도 분석	45	INITIALS	EASY	배열을 처음부터 끝까지 순서대로 확인하며 원하는 값을 찾는 탐색 방법은 무엇인가?	선형 탐색은 데이터가 정렬되어 있지 않거나 구조가 단순할 때 가장 기본적으로 사용하는 방법입니다. 최악의 경우 모든 원소를 확인해야 하므로 O(n)입니다. 면접에서는 최선/평균/최악을 각각 말할 수 있는지 확인하기도 합니다. 실무에서는 데이터가 크면 비효율적이므로, 정렬 후 이진 탐색이나 해시 사용으로 개선할 수 있습니다. 단순하지만 성능 개선 포인트를 설명하기 좋은 용어입니다.	선형탐색									dsa	big_o		
Q290	이진 탐색(Binary Search)		Data Structure & Algorithm - 복잡도 분석	45	INITIALS	EASY	정렬된 데이터에서 중간 값을 기준으로 탐색 범위를 절반씩 줄이며 찾는 방법은 무엇인가?	이진 탐색은 정렬된 데이터에서만 사용할 수 있으며, 탐색 범위를 절반씩 줄이므로 O(log n)입니다. 면접에서는 “왜 로그인가”와 “정렬이 왜 필요한가”를 자주 묻습니다. 실무에서는 대량 데이터에서 조회 성능을 개선할 때 기본 도구로 쓰입니다. 다만 정렬 유지 비용이 있는 경우에는 다른 자료구조(트리/해시)를 고려해야 합니다. 전제 조건까지 함께 설명하는 것이 중요합니다.	이진탐색									dsa	big_o		
Q291	반복문 기반 분석(Loop Analysis)		Data Structure & Algorithm - 복잡도 분석	45	INITIALS	EASY	반복문 구조를 보고 반복 횟수로 시간 복잡도를 계산하는 기본 분석 방식은 무엇인가?	반복문 기반 분석은 for/while의 반복 횟수를 입력 크기와 연결해 복잡도를 구하는 방식입니다. 단일 루프는 O(n), 중첩 루프는 O(n^2)처럼 기본 패턴이 많습니다. 면접에서는 코드를 주고 복잡도를 말해보라는 문제가 매우 흔합니다. 실무에서도 성능 병목은 반복 구조에서 자주 발생하므로, 반복 횟수를 정확히 세는 습관이 필요합니다. 조건에 따른 반복 감소(절반 감소 등)도 함께 볼 수 있어야 합니다.	반복문분석									dsa	responsible_time_complexity		
Q292	재귀 깊이(Recursion Depth)		Data Structure & Algorithm - 복잡도 분석	45	INITIALS	EASY	재귀 호출이 몇 번까지 쌓이는지를 나타내며 공간 복잡도와도 연결되는 개념은 무엇인가?	재귀 깊이는 호출 스택에 쌓이는 프레임 수를 의미하며, 공간 복잡도에 직접적인 영향을 줍니다. 깊이가 n이면 스택 공간이 O(n)이 될 수 있습니다. 면접에서는 재귀의 시간뿐 아니라 스택 오버플로우 위험까지 연결해 질문할 수 있습니다. 실무에서는 깊이가 커질 수 있는 재귀는 반복으로 바꾸거나 tail recursion 최적화 여부를 고려합니다. 시간과 공간을 함께 보는 관점이 중요합니다.	재귀깊이									dsa	responsible_time_complexity		
Q293	분할 정복(Divide and Conquer)		Data Structure & Algorithm - 복잡도 분석	45	INITIALS	EASY	문제를 작은 부분으로 나눠 해결한 뒤 결과를 합치는 전략으로, 병합정렬 같은 알고리즘이 따르는 패러다임은 무엇인가?	분할 정복은 문제를 분할하고, 각각을 해결한 뒤 결합하는 전략입니다. 병합 정렬은 2개로 나누고 병합하는 과정에서 O(n log n)을 가집니다. 면접에서는 분할 정복의 핵심(분할/정복/결합)과 복잡도 계산을 연결해서 묻습니다. 실무에서도 큰 문제를 병렬화하거나 구조적으로 단순화할 때 유용합니다. 재귀식(T(n))으로 표현하는 습관을 들이면 분석이 쉬워집니다.	분할정복									dsa	big_o		
Q294	재귀식(Recurrence Relation)		Data Structure & Algorithm - 복잡도 분석	45	INITIALS	EASY	분할 정복에서 T(n)=2T(n/2)+n 같은 형태로 성능을 표현하는 식을 무엇이라고 하는가?	재귀식은 문제 크기 n에 대한 시간 복잡도를 더 작은 하위 문제의 시간으로 표현한 식입니다. 분할 정복 알고리즘을 분석할 때 핵심 도구가 됩니다. 면접에서는 재귀식을 세운 뒤 마스터 정리나 재귀 트리로 푸는 능력을 봅니다. 실무에서는 알고리즘 설계 시 성능을 빠르게 예측하는 데 도움이 됩니다. 재귀식을 세울 수 있어야 분석의 출발이 가능합니다.	재귀식									dsa	big_o		
Q295	마스터 정리(Master Theorem)		Data Structure & Algorithm - 복잡도 분석	45	INITIALS	EASY	특정 형태의 재귀식 T(n)=aT(n/b)+f(n)을 빠르게 해석해 복잡도를 구하는 정리는 무엇인가?	마스터 정리는 분할 정복 재귀식을 빠르게 분석하기 위한 도구입니다. a, b, f(n)의 관계를 보고 케이스를 나눠 결론을 내립니다. 면접에서는 기본 케이스(케이스1~3)를 알고 있는지, 언제 적용 가능한지 묻습니다. 실무에서는 엄밀한 증명보다는 빠른 추정에 유용하지만, 적용 조건을 잘못 잡으면 오답이 됩니다. 따라서 “적용 가능 형태인지”부터 확인하는 습관이 중요합니다.	마스터정리									dsa	big_o		
Q296	재귀 트리(Recursion Tree)		Data Structure & Algorithm - 복잡도 분석	45	INITIALS	EASY	재귀식의 비용을 레벨별로 펼쳐서 합산해 복잡도를 구하는 시각적 분석 방법은 무엇인가?	재귀 트리는 각 레벨에서 발생하는 하위 문제 수와 비용을 펼쳐 전체 비용을 합산하는 방법입니다. 마스터 정리로 바로 풀기 어려운 경우에도 유용합니다. 면접에서는 재귀 트리로 레벨당 비용과 레벨 수를 계산해보라는 문제가 자주 나옵니다. 실무에서도 복잡한 재귀 구조를 직관적으로 이해하는 데 도움이 됩니다. “레벨당 비용 × 레벨 수” 프레임을 익혀두면 좋습니다.	재귀트리									dsa	big_o		
Q297	지수 시간(Exponential Time)		Data Structure & Algorithm - 복잡도 분석	45	INITIALS	EASY	입력이 조금만 커져도 연산량이 폭발적으로 늘어나는 2^n 같은 형태의 복잡도를 무엇이라고 하는가?	지수 시간은 입력이 증가할 때 연산량이 매우 빠르게 폭증하는 형태입니다. 대표적으로 부분집합 탐색, 무작정 백트래킹이 여기에 해당합니다. 면접에서는 지수 시간이 왜 위험한지, 입력 제한이 왜 필요한지 묻습니다. 실무에서는 지수 시간 알고리즘을 그대로 쓰면 서비스가 감당하지 못하므로, 가지치기나 동적 계획법으로 개선해야 합니다. “가능한 입력 크기”를 반드시 함께 말하는 습관이 중요합니다.	지수시간									dsa	responsible_time_complexity		
Q298	팩토리얼 시간(Factorial Time)		Data Structure & Algorithm - 복잡도 분석	45	INITIALS	EASY	순열을 모두 나열하는 방식처럼 n! 수준으로 연산이 증가하는 복잡도를 무엇이라고 하는가?	팩토리얼 시간은 지수 시간보다도 더 빠르게 증가해, n이 조금만 커져도 계산이 사실상 불가능해집니다. 순열 전수조사, 완전 탐색의 극단적 사례에서 나타납니다. 면접에서는 “왜 현실적으로 어렵나”를 설명할 수 있어야 합니다. 실무에서는 이런 알고리즘을 쓰는 경우 입력을 매우 작게 제한하거나, 휴리스틱/근사 알고리즘으로 우회합니다. 입력 제약과 함께 말하는 것이 책임 있는 태도입니다.	팩토리얼시간									dsa	responsible_time_complexity		
Q299	성능 병목(Bottleneck)		Data Structure & Algorithm - 복잡도 분석	45	INITIALS	EASY	전체 처리 시간 중 가장 큰 비중을 차지해 성능을 결정해버리는 부분을 무엇이라고 하는가?	성능 병목은 전체 시스템 성능을 제한하는 핵심 지점을 의미합니다. 알고리즘 관점에서는 지배항을 만드는 연산 구간이 병목이 되는 경우가 많습니다. 면접에서는 “병목을 어떻게 찾고 개선하나” 같은 실무형 질문으로 확장됩니다. 실무에서는 프로파일링으로 병목을 찾고, 자료구조 변경이나 알고리즘 변경으로 지배항을 낮추는 접근을 합니다. 병목을 정확히 잡지 못하면 최적화가 헛수고가 될 수 있습니다.	병목									dsa	responsible_time_complexity		
Q300	확장성(Scalability)		Data Structure & Algorithm - 복잡도 분석	45	INITIALS	EASY	입력이나 트래픽이 커져도 성능이 급격히 나빠지지 않도록 시스템/알고리즘이 버티는 성질을 무엇이라고 하는가?	확장성은 데이터나 트래픽 증가에 따라 성능이 어떻게 변하는지를 나타내는 핵심 품질입니다. 빅오 분석은 확장성을 예측하는 대표 도구이며, 지배항을 낮추는 것이 곧 확장성 개선으로 이어집니다. 면접에서는 “왜 O(n^2)이 위험한가”를 확장성 관점으로 설명하라고 하기도 합니다. 실무에서는 확장성이 나쁘면 사용자 증가 시 장애가 나므로, 초기 설계부터 중요합니다. 책임 있는 성능 설계는 결국 확장성을 확보하는 일입니다.	확장성									dsa	responsible_time_complexity		
Q301	마스터 정리(Master Theorem)		Data Structure & Algorithm - 복잡도 분석	45	INITIALS	MEDIUM	분할 정복 재귀식 T(n)=aT(n/b)+f(n)을 케이스로 나누어 빠르게 복잡도를 구하는 대표 정리는 무엇인가?	마스터 정리는 a, b, f(n)의 상대적 크기를 비교해 시간 복잡도를 빠르게 도출하는 방법입니다. 특히 병합정렬처럼 구조가 일정한 분할 정복에서 강력합니다. 면접에서는 케이스 1~3의 조건(지배항 비교)을 말할 수 있는지 확인합니다. 실무에서는 정확한 증명보다 “대략 어느 차수인지” 빠르게 추정해 설계 결정을 내릴 때 유용합니다. 다만 f(n) 형태가 표준에서 벗어나면 그대로 적용하면 오답이 될 수 있어 적용 조건 확인이 중요합니다.	마스터정리									dsa	big_o		
Q302	재귀 트리 방법(Recursion Tree Method)		Data Structure & Algorithm - 복잡도 분석	45	INITIALS	MEDIUM	재귀식의 비용을 레벨별로 펼쳐서 합산하며 시간 복잡도를 구하는 분석 기법은 무엇인가?	재귀 트리 방법은 각 레벨에서 생성되는 하위 문제 수와 레벨당 비용을 계산해 전체 합을 구합니다. 마스터 정리를 적용하기 애매한 형태에서도 직관적으로 분석이 가능합니다. 면접에서는 “레벨 수가 log n인지 n인지”를 판단하는 문제가 자주 나옵니다. 실무에서도 복잡한 재귀 구조를 빠르게 검증할 때 유용하며, 잘못된 직감(예: 무조건 n log n)을 교정해줍니다. 레벨당 비용과 리프 비용을 분리해서 보는 습관이 핵심입니다.	재귀트리									dsa	big_o		
Q303	정규성 조건(Regularity Condition)		Data Structure & Algorithm - 복잡도 분석	45	INITIALS	MEDIUM	마스터 정리 케이스 3에서 T(n)=Θ(f(n)) 결론을 내리기 위해 f(n)이 만족해야 하는 추가 조건을 무엇이라고 하는가?	케이스 3은 f(n)이 n^(log_b a)보다 충분히 큰 경우지만, 단순히 크기만으로 결론을 내리면 틀릴 수 있습니다. 그래서 f(n)이 일정 비율로 “지배적으로” 커지는지를 보장하는 정규성 조건을 확인합니다. 면접에서는 이 조건을 이름만이라도 알고 있는지, 왜 필요한지 설명할 수 있는지로 난이도가 올라갑니다. 실무에서는 정리 암기보다 “조건 없이 단정하면 위험”하다는 태도가 중요합니다. 적용 가능 여부를 확인하는 습관이 책임 있는 분석입니다.	정규성조건									dsa	big_o		
Q304	아몰타이즈드 분석(Amortized Analysis)		Data Structure & Algorithm - 복잡도 분석	45	INITIALS	MEDIUM	일부 연산이 비싸더라도 연산 시퀀스 전체 평균 비용으로 성능을 평가하는 분석 방법은 무엇인가?	아몰타이즈드 분석은 “가끔 O(n)이 터지지만 전체 평균은 O(1)” 같은 상황을 설명합니다. 동적 배열 리사이즈, 해시 테이블 리해싱이 대표 사례입니다. 면접에서는 평균 시간 복잡도와 아몰타이즈드의 차이를 구분하는지 자주 확인합니다. 실무에서는 평균이 낮아도 지연 스파이크가 SLA를 깨는지 따져야 하므로, 아몰타이즈드만 믿으면 위험할 수 있습니다. 즉, 평균 비용과 최악 지연을 함께 보는 것이 책임 있는 관점입니다.	아몰타이즈드분석									dsa	responsible_time_complexity		
Q305	최악 지연(Tail Latency)		Data Structure & Algorithm - 복잡도 분석	45	INITIALS	MEDIUM	평균은 괜찮아도 일부 요청이 매우 오래 걸리는 현상을 성능 관점에서 무엇이라고 부르는가?	꼬리 지연은 p95, p99 같은 상위 퍼센타일 지연이 커지는 현상을 말합니다. 아몰타이즈드 O(1)처럼 평균은 좋아도 특정 순간 O(n) 비용이 터지면 꼬리 지연이 악화됩니다. 면접에서는 “평균 성능만 보면 안 되는 이유”를 이 개념으로 연결해 설명하면 좋습니다. 실무에서는 사용자 체감과 장애는 대개 꼬리 지연에서 시작하므로 중요합니다. 책임 있는 복잡도 분석은 꼬리 지연 리스크까지 고려합니다.	꼬리지연									dsa	responsible_time_complexity		
Q306	해시 플러딩(Hash Flooding)		Data Structure & Algorithm - 복잡도 분석	45	INITIALS	MEDIUM	의도적으로 해시 충돌을 유도해 해시 테이블 성능을 O(n)으로 악화시키는 공격/상황을 무엇이라고 하는가?	해시 플러딩은 공격자가 충돌을 유도하는 키를 대량으로 넣어 체이닝/버킷을 길게 만드는 방식입니다. 평균 O(1) 구조가 최악 O(n)으로 악화되어 서비스 지연이나 장애로 이어질 수 있습니다. 면접에서는 “평균이 좋은데 왜 최악을 보나”라는 질문에 이 예시를 들면 설득력이 큽니다. 실무에서는 랜덤 시드 해시, 충돌 시 트리화, 요청 제한 같은 방어가 필요합니다. 책임 있는 분석은 적대적 입력을 반드시 고려합니다.	해시플러딩									dsa	responsible_time_complexity		
Q307	입력 분포 가정(Input Distribution Assumption)		Data Structure & Algorithm - 복잡도 분석	45	INITIALS	MEDIUM	평균 시간 복잡도를 말할 때 암묵적으로 전제하는 “입력이 어떤 형태로 들어온다”는 가정을 무엇이라고 하는가?	평균 복잡도는 입력이 무작위인지, 거의 정렬인지, 특정 패턴인지 같은 분포 가정 위에서 성립합니다. 가정이 바뀌면 평균도 달라져 분석이 무의미해질 수 있습니다. 면접에서는 평균과 최악을 비교하며 “가정이 깨지면?”을 자주 묻습니다. 실무에서는 실제 트래픽 로그를 통해 분포가 어떤지 확인해야 합니다. 책임 있는 분석은 가정을 명시하고, 가정이 깨졌을 때의 리스크도 함께 말합니다.	입력분포가정									dsa	responsible_time_complexity		
Q308	적대적 입력(Adversarial Input)		Data Structure & Algorithm - 복잡도 분석	45	INITIALS	MEDIUM	알고리즘의 최악 성능을 의도적으로 유발할 수 있는 형태의 입력을 무엇이라고 하는가?	적대적 입력은 우연히 생기는 나쁜 케이스가 아니라, 의도적으로 최악을 만들 수 있는 입력을 의미합니다. 퀵정렬의 특정 피벗 선택, 해시 충돌 유도 등이 대표적입니다. 면접에서는 시스템 관점에서 “왜 최악을 중요시하나”를 이 개념으로 묻습니다. 실무에서는 외부 입력이 곧 공격 표면이 되므로 매우 중요합니다. 책임 있는 복잡도 설계는 적대적 입력을 기본 전제로 둡니다.	적대적입력									dsa	responsible_time_complexity		
Q309	인트로소트(Introsort)		Data Structure & Algorithm - 복잡도 분석	45	INITIALS	MEDIUM	퀵정렬의 평균 성능을 활용하면서도 최악을 피하기 위해 재귀 깊이가 커지면 힙정렬로 전환하는 하이브리드 정렬은 무엇인가?	인트로소트는 퀵정렬의 빠른 평균 성능을 기본으로 사용하되, 재귀 깊이가 임계치를 넘으면 힙정렬로 전환해 최악을 O(n log n)으로 제한합니다. 면접에서는 “최악을 어떻게 방어하나”라는 질문에서 자주 등장합니다. 실무에서는 표준 라이브러리 정렬 구현에 활용되는 경우가 많아 현실성이 높습니다. 평균뿐 아니라 최악 보장을 설계에 포함했다는 점에서 책임 있는 선택의 예시입니다.	인트로소트									dsa	responsible_time_complexity		
Q310	최악 보장(Worst-case Guarantee)		Data Structure & Algorithm - 복잡도 분석	45	INITIALS	MEDIUM	특정 알고리즘이 어떤 입력에서도 일정 차수 이상으로 나빠지지 않도록 성능 상한을 보장하는 성질을 무엇이라고 하는가?	최악 보장은 “어떤 입력에서도 성능이 이 이상 나빠지지 않는다”는 상한을 확보하는 개념입니다. 평균이 좋은 것과 별개로, 최악 보장이 있으면 운영 안정성이 높아집니다. 면접에서는 평균과 최악의 우선순위를 시스템 특성(실시간/배치)에 따라 설명할 수 있어야 합니다. 실무에서는 SLA, 트래픽 급증, 공격 가능성 때문에 최악 보장이 중요해집니다. 책임 있는 복잡도 분석은 최악 보장 여부를 핵심 체크리스트로 둡니다.	최악보장									dsa	responsible_time_complexity		
Q311	입력 파라미터 분리(Multi-parameter Complexity)		Data Structure & Algorithm - 복잡도 분석	45	INITIALS	MEDIUM	서로 다른 크기의 입력이 존재할 때 n, m처럼 변수를 분리해 복잡도를 표현하는 방식을 무엇이라고 하는가?	입력 파라미터 분리는 복잡도를 정확히 표현하기 위한 기본기입니다. 예를 들어 두 배열을 비교하는 알고리즘은 O(n+m)처럼 표현해야 의미가 유지됩니다. 면접에서는 “왜 O(n) 하나로 뭉치면 안 되나”를 자주 물으며, 그래프에서 O(V+E) 같은 예시로 확장됩니다. 실무에서는 입력 크기 하나로 단정하면 성능 예측이 틀려 장애 대응이 어려워질 수 있습니다. 책임 있는 분석은 입력 정의를 분리해 명확히 합니다.	입력파라미터분리									dsa	big_o		
Q312	그래프 복잡도 표기(Graph Complexity)		Data Structure & Algorithm - 복잡도 분석	45	INITIALS	MEDIUM	그래프 알고리즘에서 정점과 간선을 각각 V와 E로 두고 O(V+E)처럼 표현하는 표기 관점은 무엇인가?	그래프는 입력이 “정점 수”만으로 결정되지 않고 “간선 수”에 따라 비용이 크게 달라집니다. 그래서 DFS/BFS 같은 기본 알고리즘도 O(V+E)로 표현합니다. 면접에서는 희소 그래프와 밀집 그래프에서 E가 어떻게 달라지는지 묻기도 합니다. 실무에서는 데이터 구조(인접 리스트/행렬)에 따라 실제 성능과 메모리가 달라지므로 중요합니다. V, E 분리는 책임 있는 복잡도 표현의 대표 사례입니다.	그래프복잡도표기									dsa	big_o		
Q313	결정 트리(Decision Tree)		Data Structure & Algorithm - 복잡도 분석	45	INITIALS	MEDIUM	비교 기반 정렬의 하한이 n log n임을 설명할 때 사용하는, 비교 과정을 트리로 모델링한 개념은 무엇인가?	결정 트리는 비교 기반 알고리즘이 가능한 결과 경우의 수를 비교 연산으로 구분해 나가는 과정을 트리로 모델링한 것입니다. 정렬에서는 가능한 순열이 n!개이므로, 이를 구분하려면 최소 log2(n!) 수준의 비교가 필요하다는 논리로 n log n 하한을 도출합니다. 면접에서는 이 개념을 “이름만”이라도 알고 있으면 심화 답변이 가능합니다. 실무에서는 하한을 통해 “비교만으로는 더 못 줄인다”는 한계를 이해할 수 있습니다. 이 한계를 알면 비비교 정렬이 필요한 상황을 판단할 수 있습니다.	결정트리									dsa	big_o		
Q314	비교 기반 정렬 하한(Comparison Sort Lower Bound)		Data Structure & Algorithm - 복잡도 분석	45	INITIALS	MEDIUM	일반적인 비교 정렬이 이론적으로 더 빠르게는 어렵다고 알려진 하한 복잡도는 무엇인가?	비교 기반 정렬은 결정 트리 관점에서 하한이 n log n입니다. 즉, 비교 연산만으로는 모든 경우를 구분하는 데 그 정도 비교가 필요하다는 의미입니다. 면접에서는 병합정렬/힙정렬이 왜 “최악이 n log n”인지와 함께 이 하한을 연결해 묻기도 합니다. 실무에서는 데이터 범위가 제한되면 계수정렬처럼 더 빠른 비비교 정렬을 고려할 수 있습니다. 하한을 이해하면 알고리즘 선택 논리가 탄탄해집니다.	엔로그엔									dsa	big_o		
Q315	상수 시간 함정(Constant-time Pitfall)		Data Structure & Algorithm - 복잡도 분석	45	INITIALS	MEDIUM	O(1)이라도 연산 내부 상수 비용이 커서 실제로는 느릴 수 있다는 성능 해석상의 함정을 무엇이라고 설명할 수 있는가?	O(1)은 성장률이 없다는 뜻이지, 실제로 “무조건 빠르다”는 뜻이 아닙니다. 예를 들어 복잡한 해시 계산, 큰 상수 오버헤드가 있는 호출은 체감이 느릴 수 있습니다. 면접에서는 “빅오와 실제 성능의 차이”를 이 관점으로 질문하는 경우가 많습니다. 실무에서는 상수 비용 최적화가 매우 중요한 경우가 있어, 측정 기반 최적화가 필요합니다. 즉, 빅오는 방향성을 주고, 벤치마크가 결론을 줍니다.	상수시간함정									dsa	responsible_time_complexity		
Q316	빅오 오용(Big-O Misuse)		Data Structure & Algorithm - 복잡도 분석	45	INITIALS	MEDIUM	빅오를 단일 실행 시간의 정확한 예측 도구처럼 사용하는 잘못된 사용을 무엇이라고 할 수 있는가?	빅오는 성장률 상한을 말하는 표기라, 상수 계수와 환경 요인을 제거합니다. 따라서 “이 코드는 O(n)이니 몇 ms 걸린다”처럼 단일 실행 시간을 단정하는 것은 오용입니다. 면접에서는 빅오의 한계를 알고 있는지를 통해 실무 감각을 봅니다. 실무에서는 프로파일링, 부하 테스트가 실제 병목을 드러냅니다. 책임 있는 분석은 빅오와 측정을 함께 사용합니다.	빅오오용									dsa	responsible_time_complexity		
Q317	꼬리 위험(Tail Risk)		Data Structure & Algorithm - 복잡도 분석	45	INITIALS	MEDIUM	평균 성능이 좋아도 최악 입력에서 성능이 붕괴할 수 있는 위험을 성능 관점에서 무엇이라고 설명할 수 있는가?	꼬리 위험은 평균이 괜찮더라도 상위 퍼센타일 지연이 커져 사용자 체감과 장애로 이어지는 리스크를 말합니다. 알고리즘이 최악 O(n^2) 같은 형태를 가질 때, 특정 입력에서 지연이 폭발할 수 있습니다. 면접에서는 “왜 최악을 고려해야 하죠?”에 대한 설득력 있는 답변으로 쓰기 좋습니다. 실무에서는 트래픽이 몰릴수록 꼬리 위험이 현실화되며, 전체 시스템 불안정으로 확산됩니다. 책임 있는 설계는 꼬리 위험을 줄이는 방향(최악 보장, 전환 전략)을 택합니다.	꼬리위험									dsa	responsible_time_complexity		
Q318	상한 기반 설계(Upper-bound-driven Design)		Data Structure & Algorithm - 복잡도 분석	45	INITIALS	MEDIUM	시스템 안정성을 위해 평균보다 최악 상한을 먼저 맞추는 설계 접근을 무엇이라고 설명할 수 있는가?	상한 기반 설계는 “최악이 감당 가능한가”를 먼저 보는 접근입니다. 외부 입력과 트래픽이 변동하는 환경에서 평균만 믿으면 장애를 피하기 어렵습니다. 면접에서는 실시간 시스템, 결제/인증 같은 고신뢰 영역에서 왜 상한을 우선시하는지 묻습니다. 실무에서는 최악 O(n^2)을 n log n으로 낮추거나, 일정 깊이에서 다른 알고리즘으로 전환하는 방식이 여기에 해당합니다. 책임 있는 시간 복잡도 분석이 곧 상한 기반 설계의 근거가 됩니다.	상한기반설계									dsa	responsible_time_complexity		
Q319	복잡도 단순화(Simplification)		Data Structure & Algorithm - 복잡도 분석	45	INITIALS	MEDIUM	O(n^2 + n log n + n)처럼 여러 항이 있을 때 지배항만 남겨 비교하는 과정을 무엇이라고 하는가?	복잡도 단순화는 지배항 중심으로 성능 비교를 쉽게 만드는 과정입니다. 큰 입력에서 영향이 작은 하위 항과 상수는 제거해 O 표기로 정리합니다. 면접에서는 지배항을 정확히 고르는지, n log n과 n^2의 크기 비교를 할 수 있는지 자주 묻습니다. 실무에서는 단순화가 설계 판단을 빠르게 해주지만, 작은 입력에서는 하위 항도 의미가 있을 수 있습니다. 따라서 단순화와 측정(벤치마크)을 적절히 병행하는 것이 좋습니다.	복잡도단순화									dsa	big_o		
Q320	성능 예측(Performance Estimation)		Data Structure & Algorithm - 복잡도 분석	45	INITIALS	MEDIUM	입력 규모가 커질 때 지연이 어떻게 늘어날지 사전에 판단하는 활동을 성능 관점에서 무엇이라고 하는가?	성능 예측은 복잡도 분석과 실제 측정을 조합해 “규모가 커지면 어떤 일이 생길지”를 미리 판단하는 활동입니다. 빅오는 성장률의 방향을 주고, 벤치마크는 상수 계수와 환경 요인을 제공합니다. 면접에서는 “빅오만으로 충분한가?” 같은 질문에 이 둘을 함께 말하면 좋습니다. 실무에서는 용량 계획, SLA 설계, 병목 제거 우선순위 선정에 직접 쓰입니다. 책임 있는 시간 복잡도 분석은 결국 성능 예측의 정확도를 높이는 데 목적이 있습니다.	성능예측									dsa	responsible_time_complexity		
Q321	분할 정복 재귀식(Recurrence for Divide and Conquer)		Data Structure & Algorithm - 복잡도 분석	45	INITIALS	MEDIUM	문제를 두 부분으로 나누어 각각 풀고 결합 비용이 선형으로 드는 형태를 T(n)=2T(n/2)+n처럼 표현하는 것을 무엇이라고 하는가?	분할 정복 알고리즘은 성능을 재귀식으로 표현해 분석하는 것이 기본입니다. 2T(n/2)+n은 병합정렬의 대표 형태로, 하위 문제 2개와 결합 비용 n이 합쳐진 구조입니다. 면접에서는 이 재귀식을 보고 바로 O(n log n)임을 말할 수 있는지 확인합니다. 실무에서는 이런 구조가 데이터 처리 파이프라인이나 분산 처리에도 응용됩니다. 재귀식을 정확히 세우는 능력이 곧 책임 있는 성능 예측의 출발점입니다.	분할정복재귀식									dsa	big_o		
Q322	레벨당 비용(Level Cost)		Data Structure & Algorithm - 복잡도 분석	45	INITIALS	MEDIUM	재귀 트리 분석에서 같은 깊이의 호출들이 만들어내는 총 작업량을 무엇이라고 하는가?	재귀 트리에서 중요한 것은 “한 레벨에 얼마나 일이 몰리나”입니다. 레벨당 비용이 일정하면 전체는 레벨 수만 곱하면 되고, 레벨당 비용이 증가/감소하면 합을 따져야 합니다. 면접에서는 레벨당 비용을 계산해 전체를 합산하는 과정을 자주 묻습니다. 실무에서는 분할이 잘 되면 레벨당 비용이 안정적이지만, 치우치면 특정 레벨에 비용이 쏠릴 수 있습니다. 레벨당 비용을 보는 습관이 성능 붕괴를 예방합니다.	레벨당비용									dsa	big_o		
Q323	리프 비용(Leaf Cost)		Data Structure & Algorithm - 복잡도 분석	45	INITIALS	MEDIUM	재귀 트리에서 더 이상 분할되지 않는 말단 호출들이 만드는 총 비용을 무엇이라고 하는가?	재귀 트리에서는 내부 노드의 결합 비용뿐 아니라 리프에서 발생하는 비용도 전체에 크게 영향을 줍니다. 예를 들어 분할이 2개라면 리프 노드 수가 n 수준까지 늘어날 수 있습니다. 면접에서는 “리프가 몇 개인가”를 계산하게 하며, 여기서 O(n)과 O(log n)을 혼동하는 함정이 많습니다. 실무에서도 리프에서 실제 작업(파일 I/O, 네트워크 호출 등)이 크면 전체 성능이 리프에 의해 결정됩니다. 리프 비용을 분리해서 분석하는 것이 책임 있는 접근입니다.	리프비용									dsa	big_o		
Q324	재귀 깊이 제한(Recursion Depth Limit)		Data Structure & Algorithm - 복잡도 분석	45	INITIALS	MEDIUM	재귀 알고리즘이 최악 입력에서 깊이가 과도하게 증가하는 위험을 막기 위해 깊이에 상한을 두는 접근을 무엇이라고 하는가?	재귀 깊이 제한은 성능과 안정성을 위한 방어 전략입니다. 퀵정렬이 최악에서 깊이 n이 되면 O(n^2)과 스택 위험이 생기므로, 일정 깊이 이상에서 다른 전략으로 전환하거나 종료 조건을 강화합니다. 면접에서는 인트로소트 같은 사례로 이어질 수 있습니다. 실무에서는 스택 오버플로우와 꼬리 지연을 동시에 줄이는 효과가 있습니다. 책임 있는 복잡도 설계는 “최악을 어떻게 제한하나”까지 포함합니다.	재귀깊이제한									dsa	responsible_time_complexity		
Q325	편향 분할(Skewed Partition)		Data Structure & Algorithm - 복잡도 분석	45	INITIALS	MEDIUM	분할 정복에서 한쪽 하위 문제가 거의 n에 가깝게 남아 분할이 치우치는 현상을 무엇이라고 하는가?	편향 분할은 분할 정복의 이상적인 가정(균등 분할)이 깨진 상태입니다. 퀵정렬에서 나쁜 피벗을 고르면 한쪽이 n-1이 되어 깊이가 n으로 늘어납니다. 면접에서는 편향 분할이 왜 최악 O(n^2)을 만드는지 설명하라고 할 수 있습니다. 실무에서는 입력 패턴이 편향 분할을 반복적으로 유발할 수 있으므로 방어가 필요합니다. 책임 있는 분석은 “균등 분할” 가정이 깨질 때를 반드시 점검합니다.	편향분할									dsa	responsible_time_complexity		
Q326	랜덤 피벗(Random Pivot)		Data Structure & Algorithm - 복잡도 분석	45	INITIALS	MEDIUM	퀵정렬에서 적대적 입력에 의해 최악이 유발되는 것을 줄이기 위해 피벗을 무작위로 고르는 전략을 무엇이라고 하는가?	랜덤 피벗은 특정 입력 패턴이 반복적으로 최악을 만드는 상황을 완화합니다. 입력이 이미 정렬되어 있어도 피벗이 고정되지 않기 때문에 평균적으로 균등 분할이 기대됩니다. 면접에서는 “왜 랜덤이 방어가 되나”를 확률적 직관으로 설명하는 문제가 나올 수 있습니다. 실무에서는 완전한 보장은 아니지만, 공격 난이도를 올리고 꼬리 위험을 줄이는 데 도움이 됩니다. 책임 있는 복잡도 설계에서 자주 언급되는 전략입니다.	랜덤피벗									dsa	responsible_time_complexity		
Q327	중앙값 피벗(Median Pivot)		Data Structure & Algorithm - 복잡도 분석	45	INITIALS	MEDIUM	분할을 최대한 균등하게 만들기 위해 데이터의 중앙값에 가까운 값을 피벗으로 선택하는 아이디어를 무엇이라고 하는가?	중앙값 피벗은 분할을 균등하게 만들어 최악을 줄이는 방향의 전략입니다. 이론적으로는 좋은 분할을 보장하지만, 중앙값을 정확히 찾는 비용이 추가될 수 있습니다. 면접에서는 “좋은 피벗을 고르면 항상 이득인가?” 같은 트레이드오프 질문이 나옵니다. 실무에서는 median-of-three 같은 근사 전략으로 상수 비용과 균등 분할을 타협합니다. 책임 있는 관점에서는 “피벗 선택 비용 vs 최악 방어”를 함께 고려해야 합니다.	중앙값피벗									dsa	responsible_time_complexity		
Q328	중간값 세 개(Median of Three)		Data Structure & Algorithm - 복잡도 분석	45	INITIALS	MEDIUM	퀵정렬에서 첫 값, 중간 값, 끝 값 중 중앙값을 피벗으로 택해 편향 분할을 줄이는 휴리스틱을 무엇이라고 하는가?	median-of-three는 단순하지만 효과적인 피벗 선택 휴리스틱입니다. 이미 정렬/역정렬 같은 입력에서 첫 원소 고정 피벗이 만드는 최악을 줄일 수 있습니다. 면접에서는 이 전략이 왜 도움이 되는지(극단값 회피) 설명을 요구할 수 있습니다. 실무에서는 표준 라이브러리나 최적화된 퀵정렬 변형에서 자주 사용됩니다. 책임 있는 성능 관점에서는 “최악을 덜 만나게” 하는 현실적 방법입니다.	미디안오브쓰리									dsa	responsible_time_complexity		
Q329	평균 vs 아몰타이즈드(Average vs Amortized)		Data Structure & Algorithm - 복잡도 분석	45	INITIALS	MEDIUM	확률적 입력 분포를 가정한 평균 성능과, 연산 시퀀스에 대해 비용을 분산시키는 분석을 구분할 때 쓰는 개념 쌍은 무엇인가?	평균 시간 복잡도는 입력이 무작위라는 분포 가정에 의존합니다. 반면 아몰타이즈드는 입력 분포가 아니라 “연산 시퀀스 전체”를 기준으로 비용을 분산합니다. 면접에서는 두 용어를 혼동하는지 매우 자주 체크합니다. 실무에서는 두 분석이 모두 “평균처럼 보이지만 전제와 의미가 다르다”는 점이 중요합니다. 책임 있는 복잡도 설명에서는 어떤 가정을 두는지 명확히 밝혀야 합니다.	평균과아몰타이즈드									dsa	responsible_time_complexity		
Q330	리사이즈 스파이크(Resize Spike)		Data Structure & Algorithm - 복잡도 분석	45	INITIALS	MEDIUM	동적 배열이나 해시 테이블에서 크기 확장 순간에 O(n) 비용이 튀는 현상을 무엇이라고 하는가?	리사이즈 스파이크는 평소에는 빠르다가 특정 순간에 대량 복사/재해싱이 발생해 지연이 튀는 현상입니다. 아몰타이즈드로는 O(1)로 설명되지만, 지연 민감 서비스에서는 이 스파이크가 p99 지연을 악화시킬 수 있습니다. 면접에서는 “아몰타이즈드가 왜 위험할 수 있나”를 이 예로 설명하면 좋습니다. 실무에서는 점진적 리사이즈, 백그라운드 재해싱, 임계치 조정 등으로 완화합니다. 책임 있는 성능 설계는 스파이크를 관리합니다.	리사이즈스파이크									dsa	responsible_time_complexity		
Q331	점진적 리사이즈(Incremental Resize)		Data Structure & Algorithm - 복잡도 분석	45	INITIALS	MEDIUM	리사이즈 시 한 번에 다 옮기지 않고 여러 연산에 나누어 조금씩 이동시켜 스파이크를 줄이는 기법은 무엇인가?	점진적 리사이즈는 큰 비용을 한 번에 치르지 않고 여러 요청에 분산시키는 전략입니다. 동적 배열 확장이나 해시 재해싱에서 꼬리 지연을 줄이는 데 유용합니다. 면접에서는 “아몰타이즈드 O(1)인데 왜 더 신경 쓰나”에 대한 실무적 답변으로 좋습니다. 실무에서는 구현이 복잡해질 수 있지만 SLA가 중요한 시스템에서 가치가 큽니다. 책임 있는 복잡도 설계는 평균뿐 아니라 지연 분포까지 고려합니다.	점진적리사이즈									dsa	responsible_time_complexity		
Q332	충돌 체이닝(Separate Chaining)		Data Structure & Algorithm - 복잡도 분석	45	INITIALS	MEDIUM	해시 충돌을 버킷마다 연결 리스트 같은 구조로 저장해 해결하는 방법을 무엇이라고 하는가?	체이닝은 충돌이 발생해도 같은 버킷에 여러 원소를 연결 구조로 저장하는 방식입니다. 평균적으로는 O(1)에 가깝지만 충돌이 심해지면 O(n)까지 악화될 수 있습니다. 면접에서는 체이닝과 오픈 어드레싱의 차이, 최악 성능을 비교하는 질문이 흔합니다. 실무에서는 충돌 분포, 메모리 오버헤드, 캐시 효율까지 고려해야 합니다. 책임 있는 분석은 “충돌이 늘면 어떻게 되나”를 반드시 포함합니다.	체이닝									dsa	big_o		
Q333	오픈 어드레싱(Open Addressing)		Data Structure & Algorithm - 복잡도 분석	45	INITIALS	MEDIUM	해시 충돌이 나면 다른 빈 슬롯을 탐사해 테이블 내부에 저장하는 충돌 해결 방식은 무엇인가?	오픈 어드레싱은 테이블 내부에서 탐사(probing)로 빈 칸을 찾아 저장합니다. 부하율이 높아지면 탐사 길이가 길어져 성능이 악화될 수 있습니다. 면접에서는 선형 탐사/이차 탐사/이중 해싱 같은 변형도 함께 나올 수 있습니다. 실무에서는 메모리 지역성이 좋아 빠를 수 있지만, 삭제 처리나 클러스터링 문제가 있어 주의해야 합니다. 책임 있는 관점에서는 부하율 관리가 핵심입니다.	오픈어드레싱									dsa	big_o		
Q334	부하율(Load Factor)		Data Structure & Algorithm - 복잡도 분석	45	INITIALS	MEDIUM	해시 테이블에서 저장된 원소 수를 버킷 수로 나눈 값으로, 성능과 리사이즈 시점에 영향을 주는 지표는 무엇인가?	부하율은 해시 테이블 성능을 좌우하는 핵심 지표입니다. 부하율이 커지면 충돌이 늘거나 탐사가 길어져 평균 O(1)이 깨질 수 있습니다. 면접에서는 “왜 리사이즈를 하나”를 부하율로 설명하게 하는 문제가 많습니다. 실무에서는 부하율 임계치를 적절히 설정해 성능과 메모리 사용의 균형을 맞춥니다. 책임 있는 분석은 부하율이 변할 때의 성능 악화를 함께 설명합니다.	부하율									dsa	big_o		
Q335	최악 입력 유발(Worst-case Trigger)		Data Structure & Algorithm - 복잡도 분석	45	INITIALS	MEDIUM	특정 조건에서 알고리즘이 갑자기 느려지도록 만드는 입력 패턴을 성능 관점에서 무엇이라고 부를 수 있는가?	최악 입력 유발은 알고리즘의 약점을 찌르는 입력 패턴을 의미합니다. 퀵정렬의 특정 피벗 선택, 해시 충돌 집중, 특정 그래프 구조 등이 예시입니다. 면접에서는 “이 알고리즘은 어떤 입력에서 취약한가”를 자주 물으며, 단순 암기보다 이유 설명을 원합니다. 실무에서는 이런 패턴이 실제 트래픽에 존재하는지, 공격 가능성이 있는지 확인해야 합니다. 책임 있는 설계는 유발 조건을 줄이거나 상한을 제한합니다.	최악입력유발									dsa	responsible_time_complexity		
Q336	방어적 알고리즘 선택(Defensive Algorithm Choice)		Data Structure & Algorithm - 복잡도 분석	45	INITIALS	MEDIUM	평균이 조금 느려도 최악이 안정적인 알고리즘을 선택해 서비스 안정성을 확보하는 접근을 무엇이라고 하는가?	방어적 선택은 평균 성능보다 최악 안정성을 우선하는 전략입니다. 예를 들어 최악 O(n^2) 위험이 있는 퀵정렬 대신 최악 O(n log n)을 보장하는 정렬을 택하거나, 인트로소트처럼 전환 전략을 씁니다. 면접에서는 “어떤 상황에서 최악 보장이 더 중요하나”를 묻습니다. 실무에서는 외부 입력, 보안, SLA가 중요한 경우 방어적 선택이 합리적입니다. 책임 있는 시간 복잡도는 이런 의사결정을 뒷받침합니다.	방어적선택									dsa	responsible_time_complexity		
Q337	입력 모델링(Input Modeling)		Data Structure & Algorithm - 복잡도 분석	45	INITIALS	MEDIUM	알고리즘 분석 전에 입력이 어떤 크기와 구조를 가지는지 먼저 정의하고 추상화하는 작업을 무엇이라고 하는가?	입력 모델링은 n이 무엇인지, 입력이 단일인지 다중인지, 그래프인지 문자열인지 등을 먼저 정의하는 과정입니다. 이를 잘못하면 복잡도 분석이 통째로 틀립니다. 면접에서는 “n을 어떻게 정의했나요?” 질문으로 입력 모델링 능력을 확인합니다. 실무에서도 입력 모델링은 용량 계획과 성능 예측의 기본입니다. 책임 있는 분석은 입력을 추상화한 뒤 그 위에서 성능을 말합니다.	입력모델링									dsa	responsible_time_complexity		
Q338	분석과 측정 결합(Analysis and Benchmarking)		Data Structure & Algorithm - 복잡도 분석	45	INITIALS	MEDIUM	점근 분석으로 성장률을 보고, 실제 벤치마크로 상수 비용을 확인해 결론을 내리는 접근을 무엇이라고 설명할 수 있는가?	분석은 확장성을 예측하고, 벤치마크는 실제 환경에서의 상수/캐시/구현 오버헤드를 보여줍니다. 둘 중 하나만 보면 오판할 가능성이 큽니다. 면접에서는 “빅오만으로 충분한가”에 대한 모범 답안이 이 조합입니다. 실무에서도 성능 개선은 대개 프로파일링과 분석을 반복합니다. 책임 있는 시간 복잡도는 ‘이론+측정’으로 완성됩니다.	분석과측정결합									dsa	responsible_time_complexity		
Q339	성능 상한 설정(Performance Budget)		Data Structure & Algorithm - 복잡도 분석	45	INITIALS	MEDIUM	시스템이 허용 가능한 지연을 넘지 않도록 알고리즘 비용에 “예산”을 설정하는 개념을 무엇이라고 하는가?	성능 예산은 특정 기능이 사용할 수 있는 시간/리소스 상한을 정해 전체 시스템 안정성을 지키는 방식입니다. 알고리즘이 최악에서 예산을 초과하면 장애로 이어질 수 있습니다. 면접에서는 SLA와 연결해 “왜 최악 복잡도를 본다”를 물을 수 있습니다. 실무에서는 입력 크기 제한, 타임아웃, 샘플링 같은 정책과 함께 사용됩니다. 책임 있는 분석은 예산을 넘는 최악 케이스를 어떻게 처리할지까지 포함합니다.	성능예산									dsa	responsible_time_complexity		
Q340	시간 제한(Time Limit)		Data Structure & Algorithm - 복잡도 분석	45	INITIALS	MEDIUM	특정 입력 크기에서 알고리즘이 실행 시간을 넘지 않도록 제한하는 정책 또는 제약을 무엇이라고 하는가?	시간 제한은 코딩테스트에서는 “TLE”로, 실무에서는 타임아웃/쿼터로 나타납니다. 알고리즘 복잡도가 나쁘면 입력이 커질수록 제한을 쉽게 초과합니다. 면접에서는 “왜 시간 제한이 필요한가”를 안정성과 자원 보호 관점에서 설명할 수 있어야 합니다. 실무에서는 무한 대기나 리소스 고갈을 막는 안전장치이며, 최악 복잡도와 직접 연결됩니다. 책임 있는 설계는 제한 초과 시의 처리(부분 결과, 실패 응답)도 함께 설계합니다.	시간제한									dsa	responsible_time_complexity		
Q341	아크라바지 정리(Akra-Bazzi Theorem)		Data Structure & Algorithm - 복잡도 분석	45	INITIALS	HARD	분할 비율이 일정하지 않거나 하위 문제 크기가 서로 다를 때, T(n)=T(αn)+T(βn)+g(n) 같은 재귀식을 분석하는 데 사용하는 고급 정리는 무엇인가?	아크라바지 정리는 마스터 정리가 다루기 어려운 “비균등 분할” 재귀식을 분석하기 위한 도구입니다. 예를 들어 T(n)=T(n/3)+T(2n/3)+n처럼 하위 문제 크기가 다를 때도 해석이 가능합니다. 면접에서는 정리 자체를 암기하기보다, “마스터 정리가 안 통하는 형태가 있다”는 인식을 묻는 경우가 많습니다. 실무에서는 정밀 분석보다는 구조를 보고 레벨당 비용과 깊이를 추정하는 방식으로 응용합니다. 책임 있는 분석은 적용 가능한 도구의 범위를 구분하는 데서 시작합니다.	아크라바지정리									dsa	big_o		
Q342	마스터 정리의 한계(Limitations of Master Theorem)		Data Structure & Algorithm - 복잡도 분석	45	INITIALS	HARD	마스터 정리가 적용되기 어려운 재귀식 형태를 “정리의 한계” 관점에서 부르는 개념은 무엇인가?	마스터 정리는 T(n)=aT(n/b)+f(n)처럼 규칙적인 형태에서만 잘 작동합니다. 하위 문제 크기가 들쭉날쭉하거나, f(n)이 비표준(예: n log log n) 형태이거나, 정규성 조건이 깨지면 적용이 어렵습니다. 면접에서는 “왜 이 재귀식은 마스터 정리로 못 푸나?”처럼 함정형 질문이 나옵니다. 실무에서는 이런 한계를 알면 무리한 단정(오답)을 줄이고, 재귀 트리나 다른 정리를 선택할 수 있습니다. 책임 있는 복잡도 분석은 ‘도구 선택’부터 정확해야 합니다.	마스터정리한계									dsa	big_o		
Q343	확률적 분석(Probabilistic Analysis)		Data Structure & Algorithm - 복잡도 분석	45	INITIALS	HARD	랜덤 피벗 퀵정렬처럼 무작위 선택을 포함한 알고리즘의 기대 성능을 분석하는 접근을 무엇이라고 하는가?	확률적 분석은 알고리즘의 무작위 선택에 대한 기대 시간(average over randomness)을 평가합니다. 랜덤 피벗 퀵정렬은 기대 O(n log n)으로 알려져 있으며, 적대적 입력을 완화하는 데 도움 됩니다. 면접에서는 “평균(입력 분포)”과 “기대(랜덤성)”를 구분하는지 확인할 수 있습니다. 실무에서는 랜덤화가 공격 난이도를 높이지만, 완전한 최악 보장은 아니라는 점도 중요합니다. 책임 있는 관점에서는 기대 성능과 최악 리스크를 함께 설명해야 합니다.	확률적분석									dsa	responsible_time_complexity		
Q344	기대 시간 복잡도(Expected Time Complexity)		Data Structure & Algorithm - 복잡도 분석	45	INITIALS	HARD	난수 선택 등 알고리즘 내부 랜덤성까지 포함해 평균을 낸 “기대 실행 시간”을 무엇이라고 하는가?	기대 시간 복잡도는 입력이 고정되어 있어도 알고리즘이 무작위로 행동하면 결과 시간이 달라질 수 있다는 점을 반영합니다. 이때 랜덤성에 대해 평균을 낸 값이 기대 시간입니다. 면접에서는 기대 O(1) 해시, 기대 O(n log n) 퀵정렬 같은 예시로 설명하게 할 수 있습니다. 실무에서는 기대가 좋아도 특정 확률로 큰 지연이 나올 수 있으니, 꼬리 지연 관리가 필요합니다. 책임 있는 성능 설명은 기대값만이 아니라 분산/꼬리 위험도 함께 고려합니다.	기대시간복잡도									dsa	responsible_time_complexity		
Q345	체르노프 경계(Chernoff Bound)		Data Structure & Algorithm - 복잡도 분석	45	INITIALS	HARD	확률적 알고리즘에서 “나쁜 사건이 일어날 확률이 급격히 작다”는 것을 상한으로 증명할 때 쓰는 대표적인 확률 경계는 무엇인가?	체르노프 경계는 독립 확률 변수의 합이 기대값에서 얼마나 벗어날 수 있는지, 그 확률이 얼마나 빠르게 감소하는지 보여주는 도구입니다. 확률적 자료구조나 로드 밸런싱, 해시 분석에서 등장합니다. 면접에서는 이름까지 요구하진 않더라도 “확률적 보장(high probability)”의 근거가 이런 경계라는 점을 이해하면 강점이 됩니다. 실무에서는 엄밀한 증명보다, 확률적 기법이 왜 안전한지 직관을 제공하는 역할이 큽니다. 책임 있는 설명은 ‘평균적으로 좋다’가 아니라 ‘높은 확률로 좋다’까지 말할 수 있어야 합니다.	체르노프경계									dsa	big_o		
Q346	높은 확률(High Probability)		Data Structure & Algorithm - 복잡도 분석	45	INITIALS	HARD	확률적 알고리즘에서 실패 확률이 매우 작아 입력이 커질수록 안전해진다고 말할 때 쓰는 표현은 무엇인가?	높은 확률은 “확률이 1에 수렴한다”는 형태로 성능/정확성이 보장된다는 의미로 쓰입니다. 기대값 보장보다 강한 말이며, 꼬리 위험이 작다는 뉘앙스를 담습니다. 면접에서는 기대 성능과 high probability 보장의 차이를 물어볼 수 있습니다. 실무에서는 운영 안정성을 설명할 때 중요한 개념이지만, ‘얼마나 작은 확률인가’를 수치/조건과 함께 말해야 신뢰가 생깁니다. 책임 있는 복잡도 설명에서는 확률 보장의 조건을 명확히 해야 합니다.	높은확률									dsa	responsible_time_complexity		
Q347	최악 입력 방어(Worst-case Mitigation)		Data Structure & Algorithm - 복잡도 분석	45	INITIALS	HARD	평균 성능이 좋은 알고리즘에서 최악 상황을 줄이기 위해 랜덤화, 전환 전략, 제한 정책 등을 추가하는 설계를 무엇이라고 하는가?	최악 입력 방어는 알고리즘이 특정 입력에서 성능이 붕괴하는 것을 막기 위한 실무적 설계입니다. 랜덤 피벗, 인트로소트(힙정렬로 전환), 입력 크기 제한, 타임아웃이 모두 여기에 포함됩니다. 면접에서는 “서비스에서는 평균만으로 충분한가?” 같은 질문에서 이 관점이 강점이 됩니다. 실무에서는 공격 가능성, SLA, 꼬리 지연을 고려해 방어 장치를 넣는 것이 필수입니다. 책임 있는 시간 복잡도는 ‘방어 전략까지 포함한 성능’으로 말해야 합니다.	최악방어									dsa	responsible_time_complexity		
Q348	출력 민감 알고리즘(Output-sensitive Algorithm)		Data Structure & Algorithm - 복잡도 분석	45	INITIALS	HARD	입력 크기뿐 아니라 실제 출력 크기 k에 따라 O(n+k)처럼 성능이 달라지는 알고리즘을 무엇이라고 하는가?	출력 민감 알고리즘은 결과가 적으면 빠르고, 결과가 많으면 느려지는 특성을 복잡도 표현에 반영합니다. 예를 들어 어떤 질의의 결과 개수 k에 비례해 후처리 비용이 드는 경우가 있습니다. 면접에서는 “왜 n만으로 복잡도를 쓰면 부족한가”를 묻는 고급 질문으로 이어질 수 있습니다. 실무에서는 검색/필터링/그래프 열거처럼 출력 크기가 가변적인 문제에서 매우 현실적인 모델입니다. 책임 있는 분석은 입력과 출력 파라미터를 분리해 성능을 설명합니다.	출력민감알고리즘									dsa	big_o		
Q349	비선형 파라미터 분석(Non-uniform Parameter Analysis)		Data Structure & Algorithm - 복잡도 분석	45	INITIALS	HARD	입력이 여러 종류(V, E, k 등)로 나뉘고 서로 다른 성장률을 가질 때 복잡도를 다변수로 표현하는 분석을 무엇이라고 하는가?	다변수(다파라미터) 복잡도는 입력이 단일 n으로 요약되지 않을 때 필수입니다. 그래프는 V와 E, 출력 민감 문제는 k, 문자열 문제는 n과 m처럼 표현해야 정확합니다. 면접에서는 이런 표현이 가능한지를 통해 분석 성숙도를 봅니다. 실무에서는 이걸 못 하면 성능 예측이 크게 빗나가 용량 계획 실패로 이어질 수 있습니다. 책임 있는 시간 복잡도 분석은 “무슨 변수가 성능을 지배하는지”를 분리해 밝히는 일입니다.	다변수복잡도									dsa	big_o		
Q350	상환 비용 모델(Amortized Cost Model)		Data Structure & Algorithm - 복잡도 분석	45	INITIALS	HARD	연산 시퀀스 전체 비용을 연산 수로 나눠 평균 비용을 정의하고, 이를 통해 성능을 보장하는 모델을 무엇이라고 하는가?	상환 비용 모델은 아몰타이즈드 분석의 핵심 프레임입니다. 총 비용을 분해해 연산별로 “지불”한다고 생각하거나, 잠재 함수로 비용을 이전시키는 방식이 여기에 포함됩니다. 면접에서는 동적 배열 append의 O(1) 상환 비용을 설명하게 할 수 있습니다. 실무에서는 상환 비용이 낮아도 특정 순간 비용이 튀는지(스파이크)까지 보완해야 합니다. 책임 있는 성능 설계는 상환 비용과 꼬리 지연을 함께 관리합니다.	상환비용모델									dsa	responsible_time_complexity		
Q351	잠재 함수 방법(Potential Method)		Data Structure & Algorithm - 복잡도 분석	45	INITIALS	HARD	아몰타이즈드 분석에서 자료구조 상태에 ‘잠재 에너지’를 정의해 비용을 분산시키는 분석 기법은 무엇인가?	잠재 함수 방법은 어떤 연산이 비싸더라도, 그 전에 쌓아둔 “잠재치”를 사용해 평균 비용을 설명하는 방식입니다. 동적 배열 크기 확장, 스택 연산 분석 등에서 자주 사용됩니다. 면접에서는 이름까지 요구하지 않더라도 “잠재치로 미래 비용을 상쇄한다”는 직관을 설명하면 고급 답변이 됩니다. 실무에서는 엄밀 증명보다 상환 분석이 왜 성립하는지 이해하는 데 도움이 됩니다. 책임 있는 분석은 ‘평균이 왜 보장되는지’ 근거를 제시하는 데서 신뢰가 생깁니다.	잠재함수방법									dsa	big_o		
Q352	회계 방법(Accounting Method)		Data Structure & Algorithm - 복잡도 분석	45	INITIALS	HARD	상환 분석에서 각 연산에 ‘가상 비용’을 부과해 비싼 연산을 미리 적립한 비용으로 지불한다고 보는 기법은 무엇인가?	회계 방법은 연산마다 일정한 비용을 더 걷어 “저축”해 두었다가, 리사이즈 같은 비싼 순간에 그 저축으로 비용을 지불한다고 보는 관점입니다. 동적 배열 append에 매번 3을 부과해 두면, 가끔 발생하는 O(n) 복사를 상쇄할 수 있다는 식입니다. 면접에서는 이 관점으로 상환 O(1)을 설명하면 설득력이 좋습니다. 실무에서는 이런 분석이 ‘평균적으로 괜찮다’가 아니라 ‘구조적으로 비용이 분산된다’는 근거가 됩니다. 책임 있는 설명은 근거가 명확해야 합니다.	회계방법									dsa	big_o		
Q353	경쟁 분석(Competitive Analysis)		Data Structure & Algorithm - 복잡도 분석	45	INITIALS	HARD	온라인 알고리즘에서 최적의 오프라인 알고리즘과 비교해 성능 비율을 평가하는 분석 방법은 무엇인가?	경쟁 분석은 입력을 미리 모르는 온라인 알고리즘의 성능을, 모든 입력을 아는 최적 오프라인과 비교해 비율로 평가합니다. 캐시 교체(LRU), 스케줄링 같은 문제에서 등장합니다. 면접에서는 온라인/오프라인 차이를 이해하는지 확인하는 고난도 질문이 나올 수 있습니다. 실무에서는 실시간 의사결정에서 “최적은 불가능하니 어느 정도로 버티나”를 설명하는 도구가 됩니다. 책임 있는 성능 평가는 이상적인 최적과의 격차를 정량화하는 데서 가치가 있습니다.	경쟁분석									dsa	big_o		
Q354	온라인 알고리즘(Online Algorithm)		Data Structure & Algorithm - 복잡도 분석	45	INITIALS	HARD	입력이 순차적으로 도착해 미래를 모르는 상태에서 즉시 결정을 내려야 하는 알고리즘을 무엇이라고 하는가?	온라인 알고리즘은 미래 입력을 모른 채 현재까지의 정보로만 결정을 내립니다. 따라서 오프라인 최적과 동일한 성능을 내기 어렵고, 경쟁 분석으로 평가합니다. 면접에서는 캐시 정책, 스트리밍 처리에서 온라인성이 왜 중요한지 묻습니다. 실무에서는 실시간 시스템, 추천/광고, 스트림 처리에서 매우 현실적인 모델입니다. 책임 있는 분석은 “미래를 모른다”는 제약을 성능 모델에 포함해야 합니다.	온라인알고리즘									dsa	big_o		
Q355	오프라인 알고리즘(Offline Algorithm)		Data Structure & Algorithm - 복잡도 분석	45	INITIALS	HARD	입력 전체를 미리 알고 최적의 결정을 내릴 수 있다고 가정하는 알고리즘 모델을 무엇이라고 하는가?	오프라인 알고리즘은 전체 입력을 알고 있으므로 최적 해를 구하는 기준점이 됩니다. 온라인 알고리즘은 보통 오프라인 최적보다 불리하며, 그 격차를 경쟁 비율로 평가합니다. 면접에서는 온라인/오프라인을 구분해 설명할 수 있는지 확인할 수 있습니다. 실무에서는 배치 처리나 사후 최적화에서는 오프라인 모델이 더 적합할 때가 있습니다. 책임 있는 성능 비교는 기준점(오프라인 최적)을 명확히 해야 설득력이 생깁니다.	오프라인알고리즘									dsa	big_o		
Q356	최악 사례 생성(Worst-case Construction)		Data Structure & Algorithm - 복잡도 분석	45	INITIALS	HARD	알고리즘의 최악 복잡도가 실제로 달성됨을 보이기 위해 최악 입력을 직접 구성하는 작업을 무엇이라고 하는가?	최악 사례 생성은 “정말로 O(n^2)이 나올 수 있나?”를 보여주기 위해 구체적인 입력을 만드는 과정입니다. 퀵정렬에서 정렬된 배열 + 고정 피벗 같은 입력이 대표적입니다. 면접에서는 단순히 최악을 말하는 것보다, 최악 입력을 하나 제시할 수 있으면 강점입니다. 실무에서는 장애 재현, 부하 테스트에서도 이런 최악 입력 생성이 매우 중요합니다. 책임 있는 분석은 최악을 ‘말’로만 하지 않고 ‘재현 가능한 형태’로 보여줍니다.	최악사례생성									dsa	responsible_time_complexity		
Q357	성능 회귀(Performance Regression)		Data Structure & Algorithm - 복잡도 분석	45	INITIALS	HARD	코드 변경 후 알고리즘의 실제 성능이나 지연 분포가 이전보다 나빠지는 현상을 무엇이라고 하는가?	성능 회귀는 기능은 같아도 성능이 후퇴하는 문제로, 운영에서 매우 치명적입니다. 빅오 차수는 같더라도 상수 비용 증가, 캐시 효율 악화, 스파이크 증가로 회귀가 발생할 수 있습니다. 면접에서는 “어떻게 방지하나” 질문으로 성능 테스트/모니터링으로 확장됩니다. 실무에서는 벤치마크와 성능 예산, 회귀 테스트가 필수입니다. 책임 있는 성능 설계는 회귀를 조기에 감지하고 차단하는 체계를 포함합니다.	성능회귀									dsa	responsible_time_complexity		
Q358	퍼센타일 기반 지표(Percentile Metrics)		Data Structure & Algorithm - 복잡도 분석	45	INITIALS	HARD	평균 대신 p95, p99 같은 상위 퍼센타일 지연으로 성능을 평가하는 지표 체계를 무엇이라고 하는가?	퍼센타일 지표는 꼬리 지연을 직접 측정하기 때문에 운영 안정성 평가에 중요합니다. 아몰타이즈드 스파이크나 최악 입력이 있을 때 평균은 괜찮아도 p99가 크게 악화될 수 있습니다. 면접에서는 “왜 평균만 보면 안 되나”를 퍼센타일로 설명하면 실무 감각이 드러납니다. 실무에서는 SLO/SLA 관리에 퍼센타일이 널리 사용됩니다. 책임 있는 시간 복잡도는 결국 지연 분포를 안정적으로 만드는 방향으로 연결됩니다.	퍼센타일지표									dsa	responsible_time_complexity		
Q359	지연 분포(Latency Distribution)		Data Structure & Algorithm - 복잡도 분석	45	INITIALS	HARD	요청별 처리 시간이 평균값 하나로 요약되지 않고 다양한 값으로 퍼져 있는 상태를 성능 관점에서 무엇이라고 하는가?	지연 분포는 시스템이 “어떤 형태의 지연을 보이는지”를 나타내며, 꼬리 지연 문제를 이해하는 핵심입니다. 알고리즘이 특정 입력에서만 느려지면 분포의 오른쪽 꼬리가 길어집니다. 면접에서는 분포를 보고 원인을 추론하는 질문으로 확장될 수 있습니다. 실무에서는 분포를 기반으로 p95/p99를 개선하고, 최악 입력 방어를 설계합니다. 책임 있는 분석은 ‘평균’이 아니라 ‘분포’를 다룹니다.	지연분포									dsa	responsible_time_complexity		
Q360	책임 있는 복잡도 보고(Responsible Complexity Reporting)		Data Structure & Algorithm - 복잡도 분석	45	INITIALS	HARD	평균만 강조하지 않고 최악, 가정, 입력 모델, 꼬리 위험까지 함께 명시해 성능을 설명하는 접근을 무엇이라고 하는가?	책임 있는 복잡도 보고는 단순히 O(n log n) 같은 한 줄로 끝내지 않고, 어떤 가정에서 성립하는지와 최악 시나리오를 함께 밝히는 방식입니다. 특히 외부 입력이 있는 서비스에서는 적대적 입력, 해시 충돌, 편향 분할 같은 리스크를 같이 언급해야 합니다. 면접에서는 이런 태도가 실무형 답변으로 높은 평가를 받습니다. 실무에서는 성능 문서화와 설계 리뷰에서 “위험을 숨기지 않는 설명”이 장애 예방으로 이어집니다. 책임 있는 시간 복잡도는 결국 시스템 신뢰성의 일부입니다.	책임있는복잡도보고									dsa	responsible_time_complexity		
Q361	무작위화 알고리즘(Randomized Algorithm)		Data Structure & Algorithm - 복잡도 분석	45	INITIALS	HARD	내부에서 난수를 사용해 실행 경로가 달라지며, 기대 성능이나 높은 확률 보장으로 분석되는 알고리즘을 무엇이라고 하는가?	무작위화 알고리즘은 입력이 같아도 난수 선택에 따라 실행 과정이 달라질 수 있습니다. 랜덤 피벗 퀵정렬, 랜덤 해싱, 스킵 리스트 등이 대표 사례입니다. 면접에서는 기대 시간과 최악 시간의 차이를 이해하는지 확인합니다. 실무에서는 적대적 입력에 대한 방어가 쉬워지는 장점이 있지만, 재현성과 디버깅이 어려워질 수 있습니다. 책임 있는 설명은 “기대/확률 보장”과 “최악 리스크”를 함께 언급해야 합니다.	무작위화알고리즘									dsa	responsible_time_complexity		
Q362	라스베가스 알고리즘(Las Vegas Algorithm)		Data Structure & Algorithm - 복잡도 분석	45	INITIALS	HARD	결과의 정답성은 항상 보장하지만 실행 시간이 확률적으로 변하는 무작위화 알고리즘 유형은 무엇인가?	라스베가스 알고리즘은 “정답은 무조건 맞다”가 핵심이며, 대신 실행 시간은 랜덤에 따라 달라질 수 있습니다. 면접에서는 몬테카를로와 대비해 설명하는 문제가 자주 나옵니다. 실무에서는 정확성이 중요한 상황에서 랜덤화를 활용하되, 시간 변동(꼬리 지연)을 관리해야 합니다. 무작위화가 들어가면 재현 테스트가 어려울 수 있어 시드 관리가 필요합니다. 책임 있는 성능 설명은 정확성/시간 변동/운영 리스크를 동시에 다룹니다.	라스베가스알고리즘									dsa	big_o		
Q363	몬테카를로 알고리즘(Monte Carlo Algorithm)		Data Structure & Algorithm - 복잡도 분석	45	INITIALS	HARD	실행 시간은 제한할 수 있지만 일정 확률로 오답이 나올 수 있는 무작위화 알고리즘 유형은 무엇인가?	몬테카를로 알고리즘은 시간(또는 반복 횟수)을 제한할 수 있는 대신, 일정 확률로 오답이 발생할 수 있습니다. 면접에서는 라스베가스와 가장 자주 비교되는 쌍입니다. 실무에서는 오답 허용이 가능한 영역(근사, 추천, 통계)에서만 제한적으로 사용합니다. 오답 확률을 낮추기 위해 반복/샘플 수를 조절하며, 이는 곧 시간 비용과 트레이드오프입니다. 책임 있는 분석은 오답 확률과 비용을 함께 제시해야 합니다.	몬테카를로알고리즘									dsa	big_o		
Q364	야오의 최소최대 원리(Yao’s Minimax Principle)		Data Structure & Algorithm - 복잡도 분석	45	INITIALS	HARD	랜덤 알고리즘의 기대 성능 하한을, 입력 분포를 둔 결정적 알고리즘의 기대 성능과 연결해 보이는 이론 도구는 무엇인가?	야오의 원리는 랜덤 알고리즘 분석에서 하한을 잡는 데 중요한 원리입니다. “어떤 랜덤 알고리즘도, 어떤 입력 분포에서는 결정적 알고리즘의 기대 비용 하한을 피할 수 없다”는 식으로 연결합니다. 면접에서는 이름까지 요구하진 않지만, 랜덤 알고리즘도 하한이 존재한다는 관점을 물을 수 있습니다. 실무에서는 직접 쓰기보다는, 랜덤화를 넣어도 최악/하한이 완전히 사라지지 않는다는 인식을 주는 데 의미가 있습니다. 책임 있는 분석은 랜덤화의 한계를 과장하지 않습니다.	야오원리									dsa	big_o		
Q365	정보 이론적 하한(Information-theoretic Lower Bound)		Data Structure & Algorithm - 복잡도 분석	45	INITIALS	HARD	가능한 경우의 수(엔트로피)를 구분하기 위해 필요한 최소 비교/질의 횟수로부터 하한을 도출하는 관점을 무엇이라고 하는가?	정보 이론적 하한은 결과 경우의 수가 많으면 그것을 구분하기 위한 정보(비트)가 필요하다는 관점입니다. 정렬의 n log n 하한이 대표적이며, log2(n!) 수준의 정보가 필요하다는 논리로 연결됩니다. 면접에서는 결정 트리와 함께 언급될 때가 많습니다. 실무에서는 “비교만으로는 더 줄일 수 없다”는 한계를 이해하게 해, 다른 가정(범위 제한)이나 다른 모델(비비교)을 고려하게 만듭니다. 책임 있는 분석은 가능한 최적화의 한계를 명확히 합니다.	정보이론하한									dsa	big_o		
Q366	셀 프로브 모델(Cell-probe Model)		Data Structure & Algorithm - 복잡도 분석	45	INITIALS	HARD	자료구조 연산 비용을 CPU 연산이 아니라 메모리 셀 접근 횟수로 측정해 하한을 연구하는 이론 모델은 무엇인가?	셀 프로브 모델은 메모리 접근을 핵심 비용으로 보고 자료구조의 근본적 하한을 분석합니다. CPU 연산을 무료로 두고도 하한이 남는다면, 그 문제는 본질적으로 어렵다는 뜻이 됩니다. 면접에서는 이름을 요구하기보다는 “메모리 접근이 병목이 되는 시대”라는 맥락으로 질문이 나올 수 있습니다. 실무에서는 캐시 미스, 랜덤 접근 비용이 큰 환경에서 데이터 레이아웃 최적화가 중요해지는 이유를 설명할 때 도움이 됩니다. 책임 있는 성능 설계는 계산보다 메모리 접근을 더 중시할 때가 많습니다.	셀프로브모델									dsa	responsible_time_complexity		
Q367	I O 복잡도(IO Complexity)		Data Structure & Algorithm - 복잡도 분석	45	INITIALS	HARD	메인 메모리와 디스크/네트워크 사이의 블록 전송 횟수를 비용으로 보는 복잡도 관점을 무엇이라고 하는가?	I/O 복잡도는 계산량보다 데이터 이동 비용이 지배적인 환경에서 중요합니다. 외부 메모리 알고리즘, 대규모 정렬, 데이터베이스 조인에서 핵심 지표가 됩니다. 면접에서는 “왜 CPU보다 I/O가 느린가”를 기반으로 알고리즘 선택을 묻기도 합니다. 실무에서는 배치 처리나 빅데이터 파이프라인에서 I/O를 줄이는 것이 성능의 대부분을 결정합니다. 책임 있는 복잡도 분석은 시스템의 병목 자원이 무엇인지에 맞춘 모델을 사용합니다.	아이오복잡도									dsa	responsible_time_complexity		
Q368	외부 메모리 알고리즘(External Memory Algorithm)		Data Structure & Algorithm - 복잡도 분석	45	INITIALS	HARD	데이터가 RAM에 다 올라가지 않아 디스크 I/O를 최소화하도록 설계된 알고리즘 영역을 무엇이라고 하는가?	외부 메모리 알고리즘은 디스크 접근이 병목인 상황에서 I/O 횟수를 줄이는 데 초점을 둡니다. 예를 들어 외부 정렬(external sort)은 메모리에 올릴 수 있는 단위로 나눠 정렬 후 병합합니다. 면접에서는 대규모 데이터 처리에서 왜 일반 알고리즘 분석만으로 부족한지 질문할 수 있습니다. 실무에서는 데이터 파이프라인, 로그 처리, DB 내부 구현에서 매우 현실적입니다. 책임 있는 분석은 “데이터가 메모리에 안 들어갈 때”의 성능 모델을 분리합니다.	외부메모리알고리즘									dsa	responsible_time_complexity		
Q369	캐시 친화성(Cache Friendliness)		Data Structure & Algorithm - 복잡도 분석	45	INITIALS	HARD	같은 빅오라도 메모리 지역성이 좋아 실제 성능이 더 잘 나오는 특성을 무엇이라고 하는가?	캐시 친화성은 연속 접근, 지역성(locality)이 좋아 캐시 미스가 줄어드는 특성입니다. 빅오가 같아도 실제 실행 시간 차이가 크게 나는 대표 원인입니다. 면접에서는 배열이 연결 리스트보다 빠른 이유를 캐시 관점으로 설명하게 하기도 합니다. 실무에서는 데이터 레이아웃, 구조체 패킹, 배치 처리 순서 조정이 캐시 친화성을 높입니다. 책임 있는 성능 설명은 점근 분석 + 메모리 계층을 함께 다룹니다.	캐시친화성									dsa	responsible_time_complexity		
Q370	메모리 대역폭 병목(Memory Bandwidth Bottleneck)		Data Structure & Algorithm - 복잡도 분석	45	INITIALS	HARD	CPU 연산보다 메모리 읽기/쓰기 속도가 전체 성능을 제한하는 상황을 무엇이라고 하는가?	메모리 대역폭 병목은 계산량을 줄여도 성능이 안 좋아지는 대표 원인입니다. 데이터 이동이 지배하면 알고리즘 최적화 방향이 “연산 감소”에서 “데이터 접근 감소”로 바뀝니다. 면접에서는 “왜 O(1)인데 느릴 수 있나”를 메모리 병목으로 설명할 수 있습니다. 실무에서는 벡터화, 연속 메모리, 배치 처리, 캐시 최적화가 중요해집니다. 책임 있는 복잡도 분석은 병목 자원을 정확히 짚습니다.	메모리대역폭병목									dsa	responsible_time_complexity		
Q371	서브쿼드라틱(Subquadratic)		Data Structure & Algorithm - 복잡도 분석	45	INITIALS	HARD	O(n^2)보다 더 빠른(예: n^(2-ε) 또는 n log n) 알고리즘 계열을 통칭해 부르는 표현은 무엇인가?	서브쿼드라틱은 n^2보다 낮은 차수로 동작하는 알고리즘을 의미합니다. 문자열 매칭, 거리 계산 등에서 “n^2를 깨는” 것이 중요한 연구/실무 목표가 될 수 있습니다. 면접에서는 이런 용어를 직접 묻기보다는 “n^2를 피할 방법이 있나” 식으로 나옵니다. 실무에서는 입력이 커질수록 n^2는 급격히 위험해지므로, 서브쿼드라틱으로 낮출 수 있으면 확장성이 크게 개선됩니다. 책임 있는 분석은 목표 차수를 명확히 세웁니다.	서브쿼드라틱									dsa	big_o		
Q372	강한 하한(Conditional Lower Bound)		Data Structure & Algorithm - 복잡도 분석	45	INITIALS	HARD	“특정 가정이 참이라면 이 문제는 이 이상 빨라질 수 없다”처럼 조건부로 세우는 하한을 무엇이라고 하는가?	조건부 하한은 P≠NP 같은 큰 가정이나, 특정 어려운 문제의 하한을 기반으로 다른 문제의 하한을 연결합니다. 면접에서는 직접 용어를 요구하기보다 “왜 이게 더 빨라지기 어렵다고 보나”를 논리적으로 말하는 능력을 봅니다. 실무에서는 이론 하한이 곧바로 적용되진 않지만, 비현실적 최적화 요구를 걸러내는 근거가 될 수 있습니다. 책임 있는 분석은 “가능한 개선”과 “구조적으로 어려운 개선”을 구분합니다.	조건부하한									dsa	big_o		
Q373	NP-완전(NP-Complete)		Data Structure & Algorithm - 복잡도 분석	45	INITIALS	HARD	어떤 문제를 다항 시간에 풀 수 있으면 NP의 모든 문제를 다항 시간에 풀 수 있다고 여겨지는 난이도 분류를 무엇이라고 하는가?	NP-완전은 많은 최적화/탐색 문제가 속하는 난이도 분류로, 다항 시간 해법이 알려져 있지 않습니다. 면접에서는 NP, NP-완전, NP-어려움의 차이를 구분하는지 묻기도 합니다. 실무에서는 NP-완전 문제를 만나면 정확해 대신 근사/휴리스틱/제약 완화로 접근하는 경우가 많습니다. 성능 분석에서는 입력 크기 제한이 핵심이 됩니다. 책임 있는 시간 복잡도는 “정확 해법의 폭발”을 인정하고 대안을 제시합니다.	엔피완전									dsa	responsible_time_complexity		
Q374	근사 알고리즘(Approximation Algorithm)		Data Structure & Algorithm - 복잡도 분석	45	INITIALS	HARD	NP-완전 같은 문제에서 최적 해 대신 보장된 품질의 근사 해를 빠르게 구하는 알고리즘을 무엇이라고 하는가?	근사 알고리즘은 최적은 아니지만 “얼마나 가까운지”를 보장하며 빠르게 해를 구합니다. 면접에서는 근사비(approximation ratio) 개념으로 연결될 수 있습니다. 실무에서는 운영 시간 제한이 있는 최적화(배차, 추천, 스케줄링)에서 현실적인 선택입니다. 복잡도 관점에서는 지수 시간을 다항 시간으로 낮추는 대가로 품질을 일부 양보합니다. 책임 있는 분석은 품질-성능 트레이드오프를 정량화합니다.	근사알고리즘									dsa	responsible_time_complexity		
Q375	파라미터화 복잡도(Parameterized Complexity)		Data Structure & Algorithm - 복잡도 분석	45	INITIALS	HARD	입력 크기 n 외에 파라미터 k를 분리해 O(f(k)·poly(n)) 형태로 분석하는 복잡도 관점을 무엇이라고 하는가?	파라미터화 복잡도는 문제의 난이도가 전체 입력 크기보다 특정 파라미터에 좌우될 때 유용합니다. 예를 들어 k가 작으면 f(k)가 감당 가능해 실용적인 알고리즘이 됩니다. 면접에서는 이름까지 요구하진 않지만 “k가 작을 때만 풀린다”는 분석을 할 수 있으면 고급 답변입니다. 실무에서는 제한된 특성(예: 변경 수, 오류 수, 선택 수)이 작은 데이터에서 특히 쓸모가 큽니다. 책임 있는 분석은 어떤 파라미터가 현실에서 작은지까지 함께 말합니다.	파라미터화복잡도									dsa	big_o		
Q376	FPT(고정 매개변수 다항시간)		Data Structure & Algorithm - 복잡도 분석	45	INITIALS	HARD	O(f(k)·poly(n))로 표현되는 고정 매개변수 관점에서 실용적으로 취급되는 알고리즘 분류를 무엇이라고 하는가?	FPT는 k가 작을 때 현실적으로 빠르게 동작할 수 있는 알고리즘 계열입니다. 지수 폭발이 n이 아니라 k에만 걸려 있어, k가 작다면 충분히 실행 가능합니다. 면접에서는 파라미터화 복잡도와 함께 등장할 수 있습니다. 실무에서는 “문제는 어렵지만 특정 조건에서는 풀린다”는 현실적 해법을 제시할 때 유용합니다. 책임 있는 분석은 입력 제한이 어떤 축(k)에 걸리는지 명확히 합니다.	에프피티									dsa	big_o		
Q377	스머드 분석(Smoothed Analysis)		Data Structure & Algorithm - 복잡도 분석	45	INITIALS	HARD	최악 입력에 작은 무작위 잡음을 섞었을 때의 기대 성능을 분석해 “현실 평균”을 설명하는 접근은 무엇인가?	스머드 분석은 최악 사례는 존재하지만, 현실에서는 작은 노이즈로 인해 최악이 거의 나타나지 않는다는 점을 정량화하려고 합니다. 단순 평균 분석과 다르게, 최악 입력에 약간의 랜덤 perturbation을 추가한 모델을 사용합니다. 면접에서는 이름보다는 “최악은 있지만 실제로는 잘 안 나온다”를 근거 있게 설명할 수 있는지로 이어집니다. 실무에서는 데이터가 완전히 적대적이지 않고 측정 오차/노이즈가 있는 경우에 더 현실적인 모델이 될 수 있습니다. 책임 있는 분석은 최악과 현실 사이의 간극을 설명합니다.	스머드분석									dsa	big_o		
Q378	분기 한정(Branch and Bound)		Data Structure & Algorithm - 복잡도 분석	45	INITIALS	HARD	최적화 탐색에서 하한/상한을 이용해 유망하지 않은 분기를 잘라내며 탐색 공간을 줄이는 기법을 무엇이라고 하는가?	분기 한정은 지수적 탐색을 “완전히” 없애진 못하지만, 실제 데이터에서 탐색량을 크게 줄일 수 있습니다. 하한과 현재 최적 상한을 비교해 더 나아질 수 없는 분기를 제거합니다. 면접에서는 백트래킹/가지치기와 구분하거나, 왜 최악은 여전히 지수인지 묻습니다. 실무에서는 제약이 강한 최적화 문제에서 자주 사용되며, 입력 구조에 따라 성능 편차가 큽니다. 책임 있는 분석은 최악(지수)과 평균적 효과(가지치기)를 함께 말합니다.	분기한정									dsa	responsible_time_complexity		
Q379	가지치기(Pruning)		Data Structure & Algorithm - 복잡도 분석	45	INITIALS	HARD	탐색/백트래킹에서 조건을 이용해 더 볼 필요 없는 경로를 조기에 제거하는 최적화 기법을 무엇이라고 하는가?	가지치기는 탐색 공간을 줄여 실제 실행 시간을 크게 개선할 수 있는 핵심 기법입니다. 하지만 최악 복잡도 차수 자체가 바뀌지 않는 경우도 많아, “최악 보장”과는 다른 개념입니다. 면접에서는 가지치기가 왜 효과적인지, 어떤 조건에서 효과가 약한지 질문할 수 있습니다. 실무에서는 휴리스틱과 결합해 성능을 끌어올리지만, 잘못된 가지치기는 정답을 놓칠 수 있어 조건 설계가 중요합니다. 책임 있는 분석은 정답성 유지와 성능 개선을 동시에 확인합니다.	가지치기									dsa	responsible_time_complexity		
Q380	휴리스틱(Heuristic)		Data Structure & Algorithm - 복잡도 분석	45	INITIALS	HARD	최적 보장 없이 경험적 규칙으로 탐색 순서나 선택을 개선해 평균 성능을 높이는 전략을 무엇이라고 하는가?	휴리스틱은 “항상 최적”을 보장하지 않지만 현실에서 빠르게 좋은 답을 얻기 위한 규칙입니다. 탐색 순서 개선, 좋은 피벗 선택, 근사 기법 등이 여기에 포함됩니다. 면접에서는 휴리스틱이 왜 필요하고 어떤 위험(최악/품질 편차)이 있는지 묻습니다. 실무에서는 NP-완전 문제나 대규모 최적화에서 휴리스틱이 사실상 표준입니다. 책임 있는 성능 설명은 휴리스틱의 기대 효과와 실패 시나리오를 함께 제시합니다.	휴리스틱									dsa	responsible_time_complexity		