question_temp_key	term_title	term_id	term_category	term_category_id	question_type	difficulty	question_text	explanation	text_answer	choice_1_text	choice_1_is_answer	choice_2_text	choice_2_is_answer	choice_3_text	choice_3_is_answer	choice_4_text	choice_4_is_answer	label_1_key	label_2_key	label_3_key	label_4_key
Q001	그래프(Graph)		Data Structure & Algorithm - 탐색 알고리즘	42	CHOICE	EASY	그래프에서 정점과 간선을 가장 올바르게 설명한 것은?	그래프는 정점과 정점을 연결하는 간선으로 구성되는 자료구조입니다. 정점은 노드라고도 부르며 개체를 표현합니다. 간선은 정점 간의 연결 관계를 표현합니다. 면접에서는 이 기본 정의를 바탕으로 트리와의 차이를 확장 질문으로 물어봅니다. 실무에서는 네트워크, 추천, 경로 탐색 같은 문제를 그래프로 모델링합니다.		정점은 연결을 의미하고 간선은 데이터를 의미한다	FALSE	정점은 노드이고 간선은 노드 사이의 연결이다	TRUE	간선은 항상 방향이 없고 그래프는 항상 순환이 없다	FALSE	그래프는 항상 루트 노드가 하나 존재한다	FALSE	dsa	graph		
Q002	인접 리스트(Adjacency List)		Data Structure & Algorithm - 탐색 알고리즘	42	CHOICE	EASY	인접 리스트 표현에 대한 설명으로 가장 올바른 것은?	인접 리스트는 각 정점에 대해 연결된 이웃 정점 목록을 저장합니다. 간선 수가 적은 희소 그래프에서 메모리 효율이 좋습니다. BFS와 DFS 구현 시 이웃 순회가 자연스럽습니다. 면접에서는 인접 행렬과 비교해 장단점을 묻는 경우가 많습니다. 실무에서는 큰 그래프를 다룰 때 인접 리스트가 자주 선택됩니다.		모든 정점 쌍의 연결 여부를 2차원 배열로 저장한다	FALSE	각 정점마다 연결된 이웃 정점들을 리스트로 저장한다	TRUE	정점 개수가 늘어도 메모리는 항상 일정하다	FALSE	가중치 그래프에서는 사용할 수 없다	FALSE	dsa	graph		
Q003	인접 행렬(Adjacency Matrix)		Data Structure & Algorithm - 탐색 알고리즘	42	CHOICE	EASY	인접 행렬이 특히 유리한 경우로 가장 적절한 것은?	인접 행렬은 정점 수 V에 대해 VxV 2차원 배열로 간선 정보를 저장합니다. 두 정점의 연결 여부를 O1로 빠르게 확인할 수 있습니다. 간선이 많은 밀집 그래프에서 구현이 단순합니다. 면접에서는 시간 복잡도와 메모리 사용량을 비교해서 설명하는지 봅니다. 실무에서는 V가 작거나 연결 확인이 매우 잦을 때 선택합니다.		정점 수가 매우 크고 간선이 매우 적은 희소 그래프	FALSE	두 정점의 연결 여부를 매우 빠르게 확인해야 하는 경우	TRUE	간선 정보가 입력 순서대로만 필요할 때	FALSE	그래프가 항상 방향 그래프인 경우	FALSE	dsa	graph		
Q004	너비 우선 탐색(BFS)		Data Structure & Algorithm - 탐색 알고리즘	42	CHOICE	EASY	BFS가 사용하는 대표 자료구조는 무엇인가?	BFS는 시작 정점에서 가까운 정점부터 레벨 단위로 탐색합니다. 먼저 발견한 정점을 먼저 처리해야 하므로 FIFO 구조가 필요합니다. 그래서 일반적으로 큐를 사용합니다. 면접에서는 BFS와 DFS의 자료구조 차이를 기본으로 확인합니다. 실무에서는 최단 거리, 단계별 확산 같은 문제에 자주 씁니다.		스택	FALSE	큐	TRUE	해시맵	FALSE	우선순위 큐	FALSE	dsa	bfs		
Q005	깊이 우선 탐색(DFS)		Data Structure & Algorithm - 탐색 알고리즘	42	CHOICE	EASY	DFS의 동작 방식에 대한 설명으로 가장 올바른 것은?	DFS는 한 경로를 가능한 깊게 내려가며 탐색합니다. 더 이상 갈 곳이 없으면 되돌아오며 다른 경로를 탐색합니다. 구현은 재귀 호출 또는 스택 기반 반복으로 자주 합니다. 면접에서는 DFS의 탐색 순서와 백트래킹 개념을 연결해 묻습니다. 실무에서는 경로 존재 여부, 컴포넌트 탐색 등에 활용됩니다.		가까운 정점부터 레벨 순서로 넓게 탐색한다	FALSE	한 경로를 끝까지 깊게 탐색한 뒤 되돌아온다	TRUE	항상 최단 경로를 보장한다	FALSE	큐를 사용해야만 구현할 수 있다	FALSE	dsa	dfs		
Q006	방문 처리(Visited)		Data Structure & Algorithm - 탐색 알고리즘	42	CHOICE	EASY	그래프에서 방문 배열 visited를 사용하는 가장 중요한 이유는?	그래프는 순환이 있을 수 있어 같은 정점을 여러 번 방문할 위험이 있습니다. visited 처리를 하면 중복 방문을 막아 무한 루프를 예방합니다. 또한 불필요한 탐색을 줄여 성능이 좋아집니다. 면접에서는 visited를 언제 표시해야 하는지도 자주 묻습니다. 실무에서도 대규모 그래프 탐색에서 visited는 필수 패턴입니다.		간선의 가중치를 저장하기 위해서	FALSE	같은 정점을 반복 방문하는 것을 방지하기 위해서	TRUE	그래프를 항상 정렬된 상태로 만들기 위해서	FALSE	큐의 크기를 줄이기 위해서만	FALSE	dsa	graph	bfs	
Q007	BFS 최단 경로(Shortest Path)		Data Structure & Algorithm - 탐색 알고리즘	42	CHOICE	EASY	가중치가 없는 그래프에서 최단 간선 수 경로를 찾을 때 가장 적절한 탐색은?	가중치가 없으면 간선 하나의 비용이 동일하다고 볼 수 있습니다. BFS는 레벨 순으로 탐색하므로 처음 도달한 경로가 최단입니다. 그래서 최단 간선 수 경로를 구할 때 BFS가 기본 선택입니다. 면접에서는 왜 BFS가 최단을 보장하는지 설명을 요구합니다. 실무에서는 미로, 친구 관계 거리 계산에 자주 씁니다.		DFS	FALSE	BFS	TRUE	이분 탐색	FALSE	삽입 정렬	FALSE	dsa	bfs	graph	
Q008	DFS 활용(Connected Component)		Data Structure & Algorithm - 탐색 알고리즘	42	CHOICE	EASY	연결 요소를 찾는 작업에 DFS가 자주 쓰이는 이유로 가장 적절한 것은?	연결 요소는 서로 도달 가능한 정점들의 묶음입니다. DFS는 시작 정점에서 도달 가능한 모든 정점을 깊게 방문하며 한 덩어리를 쉽게 모읍니다. 방문 처리와 함께 반복하면 컴포넌트 개수를 셀 수 있습니다. 면접에서는 BFS로도 가능하다는 점과 비교 질문이 나올 수 있습니다. 실무에서는 네트워크 군집, 영역 개수 같은 문제에 적용합니다.		DFS는 항상 최단 경로를 보장하기 때문이다	FALSE	DFS는 시작점에서 도달 가능한 정점을 모두 방문하기 쉽기 때문이다	TRUE	DFS는 정점을 자동으로 정렬해주기 때문이다	FALSE	DFS는 메모리를 전혀 사용하지 않기 때문이다	FALSE	dsa	dfs	graph	
Q009	BFS 레벨 탐색(Level Order)		Data Structure & Algorithm - 탐색 알고리즘	42	CHOICE	EASY	BFS 탐색 순서에 대한 설명으로 가장 올바른 것은?	BFS는 시작 정점과의 거리가 1인 정점들을 먼저 방문합니다. 그 다음 거리가 2인 정점들을 방문하는 방식으로 진행됩니다. 이 특성 때문에 레벨 단위 탐색이라고도 합니다. 면접에서는 큐에 들어가는 순서와 방문 처리를 함께 확인합니다. 실무에서는 단계별 전파 시뮬레이션에서 유용합니다.		멀리 있는 정점을 먼저 방문한다	FALSE	시작점에서 가까운 정점부터 거리 순으로 방문한다	TRUE	항상 사전순으로 정점을 방문한다	FALSE	방향 그래프에서는 BFS를 사용할 수 없다	FALSE	dsa	bfs		
Q010	DFS 구현(Recursion)		Data Structure & Algorithm - 탐색 알고리즘	42	CHOICE	EASY	재귀로 DFS를 구현할 때 주의해야 할 점으로 가장 적절한 것은?	재귀 DFS는 호출 스택을 사용해 깊이를 관리합니다. 그래프가 매우 깊거나 정점 수가 많으면 스택 오버플로가 날 수 있습니다. 이때는 반복 DFS로 바꾸거나 언어의 재귀 제한을 고려해야 합니다. 면접에서는 재귀와 스택 구현이 동치라는 점을 질문하기도 합니다. 실무에서는 입력 크기에 따라 구현 방식을 선택합니다.		재귀 DFS는 visited가 필요 없다	FALSE	깊이가 매우 깊으면 스택 오버플로 위험이 있다	TRUE	재귀 DFS는 큐가 반드시 필요하다	FALSE	재귀 DFS는 방향 그래프에서만 동작한다	FALSE	dsa	dfs		
Q011	정점 차수(Degree)		Data Structure & Algorithm - 탐색 알고리즘	42	CHOICE	EASY	무방향 그래프에서 정점의 차수 degree에 대한 설명으로 올바른 것은?	무방향 그래프에서 차수는 해당 정점에 연결된 간선의 개수입니다. 간선이 많을수록 그 정점의 연결성이 크다고 해석할 수 있습니다. 면접에서는 방향 그래프에서의 진입 차수와 진출 차수로 확장됩니다. 실무에서는 허브 노드 탐지나 그래프 분석에서 자주 쓰입니다. 기본 개념을 정확히 알고 있어야 합니다.		정점의 차수는 그래프 전체 정점 개수이다	FALSE	정점에 연결된 간선의 개수이다	TRUE	정점의 차수는 항상 2이다	FALSE	차수는 가중치 합을 의미한다	FALSE	dsa	graph		
Q012	경로(Path)		Data Structure & Algorithm - 탐색 알고리즘	42	CHOICE	EASY	그래프에서 경로 path의 의미로 가장 올바른 것은?	경로는 한 정점에서 다른 정점으로 가기 위해 거치는 정점들의 순서입니다. 경로가 존재한다는 것은 도달 가능성이 있다는 뜻입니다. BFS와 DFS는 경로 존재 여부를 판단하는 기본 도구입니다. 면접에서는 단순 경로와 사이클 개념을 연결해 질문합니다. 실무에서는 라우팅, 의존성 분석에서 핵심 개념입니다.		임의의 정점 집합	FALSE	한 정점에서 다른 정점까지 이어지는 정점들의 순서	TRUE	간선의 가중치 목록	FALSE	항상 시작 정점으로 돌아오는 구조	FALSE	dsa	graph		
Q013	사이클(Cycle)		Data Structure & Algorithm - 탐색 알고리즘	42	CHOICE	EASY	그래프에서 사이클 cycle에 대한 설명으로 가장 올바른 것은?	사이클은 시작 정점에서 출발해 간선을 따라가 다시 시작 정점으로 돌아오는 경로입니다. 그래프에 사이클이 있으면 탐색 시 visited 처리가 특히 중요합니다. 면접에서는 트리는 사이클이 없다는 점을 자주 비교합니다. 실무에서는 의존성 순환, 무한 루프 원인 분석에 활용됩니다. 기본 정의를 정확히 말할 수 있어야 합니다.		시작 정점으로 다시 돌아오는 경로	TRUE	간선이 하나도 없는 그래프	FALSE	정점이 하나만 있는 그래프	FALSE	항상 최단 경로를 의미한다	FALSE	dsa	graph	dfs	
Q014	트리(Tree)와 그래프(Graph)		Data Structure & Algorithm - 탐색 알고리즘	42	CHOICE	EASY	트리에 대한 특징으로 가장 올바른 것은?	트리는 그래프의 한 종류로 보기도 합니다. 일반적으로 무방향 트리는 연결되어 있고 사이클이 없습니다. 이 특성 때문에 두 정점 사이의 경로가 유일합니다. 면접에서는 트리와 일반 그래프의 차이를 기본으로 묻습니다. 실무에서는 계층 구조 데이터에 트리를 사용합니다.		항상 사이클을 포함한다	FALSE	연결되어 있고 사이클이 없다	TRUE	모든 정점의 차수가 동일하다	FALSE	간선의 가중치가 반드시 존재한다	FALSE	dsa	graph		
Q015	방향 그래프(Directed Graph)		Data Structure & Algorithm - 탐색 알고리즘	42	CHOICE	EASY	방향 그래프에서 간선의 의미로 가장 올바른 것은?	방향 그래프의 간선은 출발 정점에서 도착 정점으로의 방향을 가집니다. 따라서 A에서 B로 갈 수 있어도 B에서 A로는 못 갈 수 있습니다. 면접에서는 진입 차수와 진출 차수를 함께 묻는 경우가 많습니다. 실무에서는 팔로우 관계, 작업 의존성 같은 모델링에 유용합니다. 기본 방향성 개념을 명확히 해야 합니다.		두 정점은 항상 서로 왕복 가능하다	FALSE	간선에 출발과 도착 방향이 존재한다	TRUE	간선은 정점의 값을 저장한다	FALSE	방향 그래프에서는 BFS를 사용할 수 없다	FALSE	dsa	graph		
Q016	BFS 방문 처리 시점		Data Structure & Algorithm - 탐색 알고리즘	42	CHOICE	EASY	BFS 구현에서 visited를 표시하는 가장 일반적이고 안전한 시점은?	BFS는 큐에 같은 정점이 여러 번 들어갈 수 있는 위험이 있습니다. 보통 큐에 넣는 순간 visited를 표시하면 중복 삽입을 막을 수 있습니다. 이렇게 하면 큐 크기를 줄이고 시간도 절약됩니다. 면접에서는 dequeue 시점과 enqueue 시점의 차이를 묻기도 합니다. 실무에서는 대부분 enqueue 시점 방문 처리를 사용합니다.		큐에서 꺼낼 때 방문 표시한다	FALSE	큐에 넣을 때 방문 표시한다	TRUE	탐색이 모두 끝난 후에 한 번에 표시한다	FALSE	방문 배열 없이도 항상 안전하다	FALSE	dsa	bfs		
Q017	DFS 반복 구현(Iterative DFS)		Data Structure & Algorithm - 탐색 알고리즘	42	CHOICE	EASY	반복문으로 DFS를 구현할 때 보통 사용하는 자료구조는?	DFS는 가장 최근에 발견한 정점을 먼저 확장하는 탐색입니다. 이 동작을 구현하기 위해 LIFO 구조가 적합합니다. 그래서 반복 DFS는 스택을 사용해 구현하는 경우가 많습니다. 면접에서는 재귀 DFS와의 동치성을 설명할 수 있어야 합니다. 실무에서는 재귀 제한이 있을 때 반복 DFS를 사용합니다.		큐	FALSE	스택	TRUE	해시셋	FALSE	배열 정렬	FALSE	dsa	dfs		
Q018	BFS 시간 복잡도		Data Structure & Algorithm - 탐색 알고리즘	42	CHOICE	EASY	인접 리스트를 사용할 때 BFS의 시간 복잡도로 가장 올바른 것은?	인접 리스트에서는 각 정점의 이웃 간선을 순회합니다. BFS는 각 정점을 한 번 방문하고 각 간선을 많아야 한 번씩 확인합니다. 따라서 전체 시간은 정점 수 V와 간선 수 E에 비례합니다. 면접에서는 그래프 표현 방식에 따라 복잡도가 달라짐을 확인합니다. 실무에서는 O(V+E)가 기본 기준입니다.		O(V)	FALSE	O(V+E)	TRUE	O(E^2)	FALSE	O(log V)	FALSE	dsa	bfs	graph	
Q019	DFS 시간 복잡도		Data Structure & Algorithm - 탐색 알고리즘	42	CHOICE	EASY	인접 리스트 기반 DFS의 시간 복잡도로 가장 올바른 것은?	DFS도 기본적으로 각 정점을 방문하며 이웃 간선을 확인합니다. 인접 리스트에서는 모든 간선을 합쳐 순회 비용이 E에 해당합니다. 따라서 전체 시간은 O(V+E)로 보는 것이 일반적입니다. 면접에서는 BFS와 DFS의 복잡도가 같은 이유를 설명하게 합니다. 실무에서는 그래프 크기 예측에 이 복잡도가 중요합니다.		O(V+E)	TRUE	O(V^2)	FALSE	O(E log V)	FALSE	O(1)	FALSE	dsa	dfs	graph	
Q020	도달 가능성(Reachability)		Data Structure & Algorithm - 탐색 알고리즘	42	CHOICE	EASY	BFS나 DFS를 한 번 수행했을 때 방문되는 정점에 대한 설명으로 올바른 것은?	BFS와 DFS는 시작 정점에서 간선을 따라 도달 가능한 정점만 방문합니다. 연결되지 않은 다른 컴포넌트의 정점은 방문되지 않습니다. 전체 그래프를 모두 방문하려면 모든 정점에 대해 탐색을 반복해야 합니다. 면접에서는 연결 요소 개수 구하기로 연결 질문이 자주 나옵니다. 실무에서도 여러 컴포넌트가 있는 데이터에서 주의해야 합니다.		그래프의 모든 정점을 항상 방문한다	FALSE	시작 정점에서 도달 가능한 정점만 방문한다	TRUE	방문되는 정점 수는 항상 간선 수와 같다	FALSE	방향 그래프에서는 시작 정점만 방문한다	FALSE	dsa	graph	bfs	dfs
Q021	간선(Edge)		Data Structure & Algorithm - 탐색 알고리즘	42	CHOICE	EASY	그래프에서 간선 edge의 역할로 가장 올바른 것은?	간선은 정점과 정점을 연결하는 관계를 나타냅니다. 방향 그래프에서는 출발과 도착이 구분되며 연결이 한쪽 방향일 수 있습니다. 무방향 그래프에서는 단순히 서로 연결되어 있음을 뜻합니다. 면접에서는 간선 수가 탐색 복잡도에 어떤 영향을 주는지까지 확장됩니다. 실무에서는 도로, 친구 관계, 의존성 같은 연결 구조를 간선으로 모델링합니다.		정점의 값을 저장하는 공간이다	FALSE	정점 간의 연결 관계를 표현한다	TRUE	그래프의 시작 정점을 의미한다	FALSE	방문 여부를 기록하는 배열이다	FALSE	dsa	graph		
Q022	가중치(Weight)		Data Structure & Algorithm - 탐색 알고리즘	42	CHOICE	EASY	가중치 그래프에서 간선의 가중치 weight 의미로 가장 올바른 것은?	가중치는 간선을 따라 이동할 때 드는 비용이나 거리 같은 값을 뜻합니다. 무가중치 그래프는 모든 간선 비용이 같다고 가정할 수 있습니다. BFS는 무가중치에서 최단 간선 수를 보장하지만, 가중치가 있으면 보장하지 못합니다. 면접에서는 BFS와 다익스트라를 언제 구분해 쓰는지 질문이 자주 나옵니다. 실무에서는 네트워크 지연, 배송 비용 같은 모델링에 가중치가 많이 사용됩니다.		정점의 개수를 의미한다	FALSE	간선을 이동할 때의 비용이나 거리 같은 값이다	TRUE	visited 배열의 크기이다	FALSE	그래프의 깊이를 의미한다	FALSE	dsa	graph		
Q023	무가중치 최단거리(Unweighted Shortest Path)		Data Structure & Algorithm - 탐색 알고리즘	42	CHOICE	EASY	가중치가 모두 동일한 그래프에서 최단 거리를 구할 때 가장 적절한 탐색은?	간선 비용이 모두 동일하면 최단 경로는 간선 개수가 가장 적은 경로입니다. BFS는 가까운 정점부터 레벨 순으로 확장하므로 처음 도달한 경로가 최단이 됩니다. DFS는 깊게 들어가기 때문에 최단 경로를 보장하지 않습니다. 면접에서는 BFS가 최단을 보장하는 이유를 레벨 개념으로 설명하라고 합니다. 실무에서는 미로, 최소 이동 횟수 문제에서 BFS가 기본 해법입니다.		DFS	FALSE	BFS	TRUE	선택 정렬	FALSE	해시 탐색	FALSE	dsa	bfs	graph	
Q024	큐(Queue)		Data Structure & Algorithm - 탐색 알고리즘	42	CHOICE	EASY	BFS에서 큐를 사용하는 이유로 가장 올바른 것은?	BFS는 먼저 발견한 정점을 먼저 처리해야 합니다. 이는 FIFO 순서가 필요하다는 뜻입니다. 큐는 FIFO 자료구조이므로 BFS의 레벨 순 확장을 자연스럽게 구현합니다. 면접에서는 스택을 쓰면 어떤 일이 생기는지 비교 질문이 나옵니다. 실무에서도 BFS는 거의 항상 큐 기반으로 작성됩니다.		가장 최근에 넣은 것을 먼저 꺼내기 위해서	FALSE	먼저 넣은 정점을 먼저 처리하기 위해서	TRUE	정점을 자동 정렬하기 위해서	FALSE	가중치 계산을 하기 위해서	FALSE	dsa	bfs		
Q025	스택(Stack)		Data Structure & Algorithm - 탐색 알고리즘	42	CHOICE	EASY	반복문으로 DFS를 구현할 때 주로 사용하는 자료구조는?	DFS는 가장 마지막에 발견한 정점을 먼저 확장합니다. 이 동작은 LIFO 순서와 잘 맞습니다. 반복 DFS는 스택을 직접 사용해 재귀 호출 스택과 같은 효과를 냅니다. 면접에서는 재귀 DFS와 스택 DFS가 본질적으로 동일하다는 점을 자주 묻습니다. 실무에서는 재귀 깊이 제한을 피하려고 스택 DFS를 선택하기도 합니다.		큐	FALSE	스택	TRUE	우선순위 큐	FALSE	해시맵	FALSE	dsa	dfs		
Q026	방문 배열(Visited Array)		Data Structure & Algorithm - 탐색 알고리즘	42	CHOICE	EASY	visited 배열을 사용하지 않고 그래프를 탐색할 때 가장 흔한 문제는?	그래프는 사이클이 있을 수 있어 같은 정점을 다시 방문할 수 있습니다. visited가 없으면 탐색이 끝나지 않고 무한 루프에 빠질 수 있습니다. 중복 방문이 쌓이면 시간도 크게 늘어납니다. 면접에서는 visited를 언제 true로 바꿀지까지 함께 점검합니다. 실무에서는 visited는 거의 필수 안전장치로 쓰입니다.		정점이 자동으로 정렬된다	FALSE	같은 정점을 반복 방문해 무한 루프가 날 수 있다	TRUE	간선의 가중치가 사라진다	FALSE	그래프가 트리로 변한다	FALSE	dsa	graph		
Q027	거리 배열(Distance Array)		Data Structure & Algorithm - 탐색 알고리즘	42	CHOICE	EASY	BFS에서 최단 거리 계산을 위해 흔히 추가로 사용하는 배열은?	BFS는 레벨 순으로 탐색하므로 각 정점의 최단 거리를 누적해 기록할 수 있습니다. 보통 distance 배열에 시작점으로부터의 거리 값을 저장합니다. 방문 시점에 distance를 함께 업데이트하면 구현이 간단합니다. 면접에서는 distance 초기값과 업데이트 규칙을 정확히 알고 있는지 확인합니다. 실무에서는 최단 이동 횟수, 단계 수 계산에서 distance 배열이 자주 등장합니다.		sort 배열	FALSE	distance 배열	TRUE	prefix sum 배열	FALSE	random 배열	FALSE	dsa	bfs		
Q028	부모 배열(Parent Array)		Data Structure & Algorithm - 탐색 알고리즘	42	CHOICE	EASY	BFS나 DFS 후 실제 경로를 복원하고 싶을 때 유용한 정보는?	탐색은 보통 도달 여부나 거리만 구해도 끝나지만, 실제 경로가 필요할 수 있습니다. 이때 각 정점이 어디에서 왔는지 부모 parent 정보를 저장합니다. 탐색 중에 parent를 기록해 두면 목적지에서 시작점까지 역추적할 수 있습니다. 면접에서는 경로 복원 로직을 설명해보라고 자주 시킵니다. 실무에서는 최단 경로 출력, 이동 경로 로그에 활용됩니다.		각 정점의 부모를 저장하는 parent 배열	TRUE	간선 개수를 저장하는 edgeCount 변수	FALSE	정점 번호를 오름차순 정렬하는 배열	FALSE	방문 순서를 무시하는 플래그	FALSE	dsa	graph	bfs	
Q029	인접 리스트 메모리(O(V+E))		Data Structure & Algorithm - 탐색 알고리즘	42	CHOICE	EASY	인접 리스트의 메모리 사용량 특성으로 가장 올바른 것은?	인접 리스트는 각 정점의 이웃 목록을 저장합니다. 정점 수 V와 간선 수 E에 비례해 저장 공간이 늘어납니다. 희소 그래프에서는 인접 행렬보다 훨씬 메모리 효율적입니다. 면접에서는 O(V+E)와 O(V^2)를 비교해 말할 수 있어야 합니다. 실무에서는 큰 그래프일수록 인접 리스트가 기본 선택이 됩니다.		O(V^2)로 항상 커진다	FALSE	대략 O(V+E)에 비례한다	TRUE	정점 수와 무관하게 일정하다	FALSE	가중치 그래프에서는 사용할 수 없다	FALSE	dsa	graph		
Q030	인접 행렬 메모리(O(V^2))		Data Structure & Algorithm - 탐색 알고리즘	42	CHOICE	EASY	인접 행렬의 메모리 사용량 특성으로 가장 올바른 것은?	인접 행렬은 VxV 2차원 배열을 사용합니다. 간선이 적어도 모든 칸을 확보해야 합니다. 그래서 메모리 사용량은 정점 수의 제곱에 비례합니다. 면접에서는 정점 수가 커질수록 왜 위험한지 설명하라고 합니다. 실무에서는 V가 작거나 연결 확인이 빈번할 때만 주로 사용합니다.		대략 O(V+E)에 비례한다	FALSE	대략 O(V^2)에 비례한다	TRUE	간선이 없으면 메모리를 거의 쓰지 않는다	FALSE	BFS에만 쓰이며 DFS에는 못 쓴다	FALSE	dsa	graph		
Q031	자기 루프(Self-loop)		Data Structure & Algorithm - 탐색 알고리즘	42	CHOICE	EASY	자기 자신으로 연결되는 간선을 무엇이라고 부르는가?	그래프에서는 정점이 자기 자신을 가리키는 간선이 존재할 수 있습니다. 이를 자기 루프 self-loop라고 부릅니다. 면접에서는 self-loop가 사이클로 취급되는지 같이 물어보기도 합니다. 실무에서는 상태 전이 모델에서 같은 상태로 돌아가는 전이가 self-loop로 나타날 수 있습니다. 기본 용어를 정확히 구분하는 것이 중요합니다.		브리지	FALSE	셀프 루프	TRUE	단절점	FALSE	스패닝 트리	FALSE	dsa	graph		
Q032	다중 간선(Multi-edge)		Data Structure & Algorithm - 탐색 알고리즘	42	CHOICE	EASY	같은 두 정점을 잇는 간선이 여러 개 존재하는 그래프 특징을 무엇이라고 할 수 있는가?	일반 단순 그래프는 두 정점 사이 간선이 최대 1개인 경우를 가정합니다. 하지만 실제 데이터에서는 같은 두 정점 사이에 여러 관계가 있을 수 있습니다. 이처럼 다중 간선이 허용되면 멀티 그래프 같은 개념으로 설명합니다. 면접에서는 단순 그래프 가정 여부가 알고리즘에 영향을 주는지 확인합니다. 실무에서는 도로가 여러 개 있는 지도 모델링 등에서 나타납니다.		다중 간선이 있는 그래프를 멀티 그래프라고 볼 수 있다	TRUE	항상 트리라고 부른다	FALSE	항상 DAG라고 부른다	FALSE	BFS를 사용할 수 없게 된다	FALSE	dsa	graph		
Q033	연결 그래프(Connected Graph)		Data Structure & Algorithm - 탐색 알고리즘	42	CHOICE	EASY	무방향 그래프가 연결 그래프라는 의미로 가장 올바른 것은?	연결 그래프는 어떤 두 정점 사이에도 경로가 존재하는 그래프입니다. 즉 한 정점에서 출발하면 모든 정점에 도달 가능합니다. BFS나 DFS를 한 번 돌렸을 때 모든 정점을 방문하면 연결 그래프일 가능성이 높습니다. 면접에서는 연결 요소 개수와 연결 그래프 정의를 함께 묻습니다. 실무에서는 네트워크가 분리되어 있는지 점검하는 데 이 개념을 씁니다.		모든 정점의 차수가 2이다	FALSE	임의의 두 정점 사이에 경로가 존재한다	TRUE	간선이 하나도 없다	FALSE	항상 방향 그래프이다	FALSE	dsa	graph		
Q034	연결 요소(Connected Component)		Data Structure & Algorithm - 탐색 알고리즘	42	CHOICE	EASY	연결 요소 connected component를 가장 올바르게 설명한 것은?	연결 요소는 그래프에서 서로 도달 가능한 정점들의 최대 묶음입니다. 무방향 그래프에서는 DFS나 BFS로 한 번에 한 요소를 방문할 수 있습니다. 방문하지 않은 정점에서 다시 탐색을 시작하면 요소 개수를 셀 수 있습니다. 면접에서는 전체 탐색 루프를 작성해보라고 하는 경우가 많습니다. 실무에서는 섬의 개수, 네트워크 군집 분석 같은 문제에 활용됩니다.		서로 도달 가능한 정점들의 묶음이다	TRUE	정점이 1개인 그래프를 뜻한다	FALSE	간선 가중치의 합을 뜻한다	FALSE	항상 트리 구조만 의미한다	FALSE	dsa	dfs	graph	
Q035	이분 그래프(Bipartite Graph)		Data Structure & Algorithm - 탐색 알고리즘	42	CHOICE	EASY	BFS나 DFS로 이분 그래프를 판별할 때 핵심 아이디어는?	이분 그래프는 정점을 두 그룹으로 나눌 수 있고 같은 그룹끼리는 간선이 없어야 합니다. 탐색하면서 정점에 두 가지 색을 번갈아 칠하는 방식이 대표적입니다. 인접한 두 정점이 같은 색이 되면 이분 그래프가 아닙니다. 면접에서는 색 배열과 충돌 체크를 구현할 수 있는지 봅니다. 실무에서는 스케줄링 충돌, 관계 분리 문제에 적용됩니다.		정점을 두 색으로 칠하며 인접 정점이 같은 색인지 확인한다	TRUE	간선을 오름차순 정렬한다	FALSE	정점 번호를 해시로 저장한다	FALSE	모든 간선의 가중치를 0으로 만든다	FALSE	dsa	bfs	graph	
Q036	DAG(Directed Acyclic Graph)		Data Structure & Algorithm - 탐색 알고리즘	42	CHOICE	EASY	DAG의 의미로 가장 올바른 것은?	DAG는 방향 그래프이면서 사이클이 없는 그래프입니다. 작업 의존성처럼 순서를 표현할 때 자주 사용합니다. 사이클이 없기 때문에 위상 정렬 같은 알고리즘이 가능합니다. 면접에서는 DAG와 일반 방향 그래프의 차이를 간단히 설명할 수 있어야 합니다. 실무에서는 빌드 순서, 데이터 파이프라인 단계에 DAG가 자주 등장합니다.		방향 그래프이며 사이클이 없다	TRUE	무방향 그래프이며 항상 연결되어 있다	FALSE	트리와 완전히 동일하다	FALSE	모든 정점의 차수가 같다	FALSE	dsa	graph		
Q037	위상 정렬(Topological Sort)		Data Structure & Algorithm - 탐색 알고리즘	42	CHOICE	EASY	위상 정렬이 가능한 그래프 조건으로 가장 올바른 것은?	위상 정렬은 선후 관계가 있는 작업들을 순서대로 나열하는 방법입니다. 사이클이 있으면 서로가 서로를 선행 조건으로 가질 수 있어 정렬이 불가능합니다. 그래서 위상 정렬은 DAG에서만 가능합니다. 면접에서는 왜 사이클이 있으면 안 되는지 예시로 설명하라고 합니다. 실무에서는 배포 파이프라인, 과목 선수 조건 등에 사용됩니다.		사이클이 없는 방향 그래프에서 가능하다	TRUE	모든 무방향 그래프에서 가능하다	FALSE	간선이 하나도 없어야 가능하다	FALSE	DFS를 사용할 수 없을 때만 가능하다	FALSE	dsa	graph		
Q038	스패닝 트리(Spanning Tree)		Data Structure & Algorithm - 탐색 알고리즘	42	CHOICE	EASY	스패닝 트리 spanning tree에 대한 설명으로 가장 올바른 것은?	스패닝 트리는 연결 그래프의 모든 정점을 포함하는 트리입니다. 즉 정점은 전부 포함하면서 사이클은 없도록 간선을 선택합니다. BFS나 DFS 과정에서 만들어지는 탐색 트리도 스패닝 트리가 될 수 있습니다. 면접에서는 간선 수가 V-1이라는 성질을 함께 묻기도 합니다. 실무에서는 네트워크 구성 단순화나 경로 구조 분석에서 활용됩니다.		모든 정점을 포함하고 사이클이 없는 부분 그래프이다	TRUE	모든 정점을 포함해야 하며 반드시 사이클이 있어야 한다	FALSE	간선 가중치 합이 항상 최소다	FALSE	방향 그래프에서만 정의된다	FALSE	dsa	graph	dfs	
Q039	BFS 탐색 트리(BFS Tree)		Data Structure & Algorithm - 탐색 알고리즘	42	CHOICE	EASY	BFS 탐색으로 만들어지는 트리의 성질로 가장 올바른 것은?	BFS는 시작점에서 거리 순으로 확장합니다. 그래서 BFS 탐색 트리는 시작점으로부터의 최단 거리 레벨 구조를 자연스럽게 갖습니다. 부모는 보통 처음 발견했을 때의 이전 정점이 됩니다. 면접에서는 BFS 트리가 최단 경로 트리인지 설명해보라고 합니다. 실무에서는 최단 이동 횟수 트리 구축에 바로 활용됩니다.		시작점 기준 레벨 구조를 가진다	TRUE	항상 깊이가 가장 깊다	FALSE	가중치 최단 경로를 항상 보장한다	FALSE	정점 방문 순서를 무시한다	FALSE	dsa	bfs	graph	
Q040	DFS 백트래킹(Backtracking)		Data Structure & Algorithm - 탐색 알고리즘	42	CHOICE	EASY	DFS가 백트래킹과 잘 연결되는 이유로 가장 올바른 것은?	DFS는 한 경로를 끝까지 탐색한 뒤 되돌아오는 방식입니다. 이 되돌아오는 과정이 백트래킹의 기본 흐름과 유사합니다. 조건에 맞지 않으면 이전 단계로 돌아가 다른 선택지를 시도할 수 있습니다. 면접에서는 DFS로 조합 탐색이나 퍼즐 문제를 푸는 이유를 자주 묻습니다. 실무에서도 상태 공간 탐색 문제에서 DFS와 백트래킹이 함께 쓰입니다.		레벨 순서로만 탐색하기 때문이다	FALSE	깊게 탐색 후 되돌아오며 다른 선택지를 시도하기 쉽기 때문이다	TRUE	항상 최단 경로를 보장하기 때문이다	FALSE	가중치 계산이 자동으로 되기 때문이다	FALSE	dsa	dfs		
Q041	BFS 방문 표시 시점(Visited Timing)		Data Structure & Algorithm - 탐색 알고리즘	42	CHOICE	MEDIUM	BFS에서 visited를 표시하는 시점으로 가장 권장되는 것은?	BFS에서는 같은 정점이 여러 경로로 발견될 수 있어 큐에 중복으로 들어가기 쉽습니다. 그래서 보통 큐에 넣는 순간 visited를 true로 설정해 중복 삽입을 막습니다. 이렇게 하면 큐 크기가 불필요하게 커지지 않아 메모리와 시간이 절약됩니다. 반대로 꺼낼 때 표시하면 이미 중복으로 여러 번 들어간 뒤일 수 있습니다. 면접에서는 이 차이를 설명하면서 왜 enqueue 시점이 안전한지 말할 수 있어야 합니다.		큐에서 꺼낼 때 방문 표시한다	FALSE	큐에 넣을 때 방문 표시한다	TRUE	탐색이 끝난 뒤 한 번에 방문 표시한다	FALSE	visited 없이도 BFS는 항상 안전하다	FALSE	dsa	bfs	graph	
Q042	BFS 거리 계산(Distance Update)		Data Structure & Algorithm - 탐색 알고리즘	42	CHOICE	MEDIUM	BFS에서 distance 배열을 갱신하는 규칙으로 가장 올바른 것은?	무가중치 그래프에서 BFS는 시작점으로부터 레벨 순으로 확장합니다. 따라서 어떤 정점 v의 이웃 u를 처음 발견했다면 u의 거리는 v의 거리보다 1 더 큽니다. 이 규칙을 distance[u] = distance[v] + 1 형태로 구현합니다. 면접에서는 초기값 설정과 아직 방문하지 않은 경우에만 갱신해야 한다는 점을 자주 확인합니다. 실무에서는 최소 이동 횟수나 단계 수 계산에 이 규칙이 그대로 쓰입니다.		distance[u] = distance[v] - 1	FALSE	distance[u] = distance[v] + 1	TRUE	distance[u] = distance[u] + 1	FALSE	distance[u]는 항상 0으로 둔다	FALSE	dsa	bfs		
Q043	인접 행렬 BFS 복잡도(Adjacency Matrix BFS)		Data Structure & Algorithm - 탐색 알고리즘	42	CHOICE	MEDIUM	인접 행렬로 BFS를 구현할 때 시간 복잡도로 가장 적절한 것은?	인접 행렬에서는 특정 정점의 이웃을 찾기 위해 해당 행의 모든 열을 확인해야 합니다. 즉 정점 하나를 처리할 때 O(V) 스캔이 들어갑니다. BFS는 최대 V개의 정점을 꺼내 처리하므로 전체가 O(V^2)로 커집니다. 간선 수 E가 적어도 행렬은 스캔 비용이 고정으로 발생합니다. 면접에서는 인접 리스트와 비교해 왜 차이가 나는지 설명하는 문제가 자주 나옵니다.		O(V+E)	FALSE	O(V^2)	TRUE	O(E log V)	FALSE	O(log V)	FALSE	dsa	bfs	graph	
Q044	다중 시작점 BFS(Multi-source BFS)		Data Structure & Algorithm - 탐색 알고리즘	42	CHOICE	MEDIUM	여러 시작점에서 동시에 최단 거리를 구하는 멀티 소스 BFS의 핵심 초기화는?	멀티 소스 BFS는 시작점이 하나가 아니라 여러 개인 상황을 다룹니다. 핵심은 모든 시작점을 처음부터 큐에 넣고 거리 0으로 설정하는 것입니다. 그렇게 하면 BFS의 레벨 확장이 여러 출발지에서 동시에 퍼져나가는 효과가 생깁니다. 면접에서는 이 초기화가 단일 BFS를 여러 번 도는 것보다 왜 효율적인지 묻기도 합니다. 실무에서는 전염 확산, 최단 안전거리 계산 같은 문제에서 자주 쓰입니다.		시작점 하나만 큐에 넣고 나머지는 나중에 처리한다	FALSE	모든 시작점을 큐에 넣고 거리를 0으로 둔다	TRUE	DFS로만 구현할 수 있다	FALSE	거리 배열을 쓰지 않고 visited만 쓴다	FALSE	dsa	bfs		
Q045	가중치 그래프에서 BFS 한계(BFS Limitation)		Data Structure & Algorithm - 탐색 알고리즘	42	CHOICE	MEDIUM	간선 가중치가 서로 다른 그래프에서 BFS로 최단 비용을 보장할 수 없는 이유는?	BFS는 간선 개수가 적은 경로를 먼저 찾는 방식입니다. 하지만 가중치가 다르면 간선 개수가 적어도 총 비용이 더 클 수 있습니다. 예를 들어 1개의 큰 비용 간선보다 2개의 작은 비용 간선이 더 저렴할 수 있습니다. 그래서 가중치가 있는 최단 경로는 보통 다익스트라 같은 알고리즘을 사용합니다. 면접에서는 BFS가 보장하는 것이 최단 간선 수이지 최단 비용이 아니라는 점을 정확히 말해야 합니다.		BFS는 방향 그래프에서만 동작하기 때문이다	FALSE	BFS는 간선 수 기준으로 확장하므로 비용 합을 반영하지 못한다	TRUE	BFS는 visited를 사용하지 못하기 때문이다	FALSE	BFS는 인접 리스트를 사용할 수 없기 때문이다	FALSE	dsa	bfs	graph	
Q046	무방향 그래프 사이클 탐지(Undirected Cycle)		Data Structure & Algorithm - 탐색 알고리즘	42	CHOICE	MEDIUM	무방향 그래프에서 DFS로 사이클을 판별할 때 필요한 조건으로 가장 올바른 것은?	무방향 그래프에서는 간선이 양방향이라 부모 정점으로 되돌아가는 간선이 항상 존재합니다. 그래서 방문한 정점을 만났다고 해서 무조건 사이클로 보면 오답이 됩니다. 일반적인 방법은 DFS에서 현재 정점의 부모 parent를 함께 전달하고, 방문한 이웃이 parent가 아닌 경우를 사이클로 판단합니다. 면접에서는 parent 체크를 빼먹는 실수가 매우 흔합니다. 실무에서도 무방향 그래프 사이클 검사 기본 패턴입니다.		방문한 정점을 만나면 무조건 사이클이다	FALSE	방문한 이웃이 parent가 아닐 때 사이클로 본다	TRUE	indegree가 0이면 사이클이다	FALSE	큐를 사용하면 사이클이 사라진다	FALSE	dsa	dfs	graph	
Q047	방향 그래프 사이클 탐지(Recursion Stack)		Data Structure & Algorithm - 탐색 알고리즘	42	CHOICE	MEDIUM	방향 그래프에서 DFS로 사이클을 판별할 때 흔히 사용하는 추가 상태는?	방향 그래프에서는 단순 visited만으로는 사이클을 정확히 잡기 어렵습니다. 보통 현재 DFS 경로에 포함된 정점을 표시하는 recursion stack 또는 onPath 상태를 둡니다. DFS 중에 onPath인 정점을 다시 만나면 현재 경로 내에서 되돌아온 것이므로 사이클입니다. 반면 visited만 true인 정점은 이미 다른 경로에서 처리 완료된 것일 수 있습니다. 면접에서는 visited와 onPath의 역할 차이를 설명하는지를 봅니다.		정점 번호를 정렬하는 상태	FALSE	현재 경로 포함 여부를 나타내는 onPath 상태	TRUE	큐의 크기를 저장하는 상태	FALSE	간선 가중치를 누적하는 상태	FALSE	dsa	dfs	graph	
Q048	위상 정렬 조건(Topological Sort Condition)		Data Structure & Algorithm - 탐색 알고리즘	42	CHOICE	MEDIUM	위상 정렬이 가능한 그래프의 조건으로 가장 적절한 것은?	위상 정렬은 선후 관계를 가진 작업을 순서대로 나열하는 문제에 쓰입니다. 그래프에 사이클이 있으면 서로가 서로의 선행 조건이 될 수 있어 정렬이 불가능합니다. 그래서 위상 정렬은 사이클이 없는 방향 그래프에서만 가능합니다. 면접에서는 DAG의 의미를 정확히 말하고, 사이클이 왜 문제인지 예시를 들어 설명하라고 합니다. 실무에서는 빌드 순서나 데이터 파이프라인 의존성 정리에 활용됩니다.		무방향 그래프이면 항상 가능하다	FALSE	사이클이 없는 방향 그래프에서 가능하다	TRUE	모든 정점의 차수가 2이면 가능하다	FALSE	간선이 0개일 때만 가능하다	FALSE	dsa	graph		
Q049	칸 알고리즘(Kahn Algorithm)		Data Structure & Algorithm - 탐색 알고리즘	42	CHOICE	MEDIUM	칸 알고리즘 기반 위상 정렬에서 큐에 처음 넣는 정점의 조건은?	칸 알고리즘은 진입 차수 indegree를 이용해 위상 정렬을 수행합니다. 시작은 indegree가 0인 정점들을 큐에 넣는 것입니다. 큐에서 하나씩 꺼내며 그 정점에서 나가는 간선을 제거하듯 indegree를 감소시킵니다. 새로 indegree가 0이 되는 정점을 다시 큐에 넣습니다. 면접에서는 indegree 0이 의미하는 바를 선행 조건이 없다는 말로 풀어 설명할 수 있어야 합니다.		outdegree가 0인 정점	FALSE	indegree가 0인 정점	TRUE	visited가 true인 정점	FALSE	사이클에 속한 정점	FALSE	dsa	graph	bfs	
Q050	DFS 기반 위상 정렬(Postorder)		Data Structure & Algorithm - 탐색 알고리즘	42	CHOICE	MEDIUM	DFS로 위상 정렬을 만들 때 정점을 결과에 넣는 타이밍으로 가장 올바른 것은?	DFS 기반 위상 정렬은 재귀 호출이 끝나는 시점의 순서를 이용합니다. 즉 어떤 정점의 모든 후행 정점을 먼저 처리한 뒤 그 정점을 기록합니다. 이 기록 순서를 뒤집으면 위상 정렬이 됩니다. 면접에서는 이를 종료 시간 postorder 개념으로 설명하게 합니다. 실무에서는 스택에 push하는 위치를 잘못 잡아 순서가 틀리는 실수가 많습니다.		정점을 처음 방문하자마자 결과에 넣는다	FALSE	모든 이웃 탐색이 끝난 뒤 결과에 넣는다	TRUE	indegree가 0일 때만 결과에 넣는다	FALSE	BFS를 한 번 돌린 뒤 결과에 넣는다	FALSE	dsa	dfs	graph	
Q051	BFS 공간 복잡도(Space Complexity)		Data Structure & Algorithm - 탐색 알고리즘	42	CHOICE	MEDIUM	BFS의 공간 복잡도에 대한 설명으로 가장 올바른 것은?	BFS는 큐에 같은 레벨의 많은 정점이 한꺼번에 들어갈 수 있습니다. 최악의 경우 큐에는 O(V)개의 정점이 들어갈 수 있습니다. 또한 visited와 distance 같은 배열도 보통 O(V) 공간을 사용합니다. 따라서 전체 추가 메모리는 대략 O(V)로 보는 것이 일반적입니다. 면접에서는 DFS와 비교해 BFS가 폭이 큰 그래프에서 메모리를 더 많이 쓸 수 있음을 설명하라고 합니다.		항상 O(1)이다	FALSE	최악의 경우 O(V)까지 커질 수 있다	TRUE	항상 O(E^2)이다	FALSE	큐를 쓰지 않으므로 0이다	FALSE	dsa	bfs		
Q052	DFS 공간 복잡도(Recursion Depth)		Data Structure & Algorithm - 탐색 알고리즘	42	CHOICE	MEDIUM	재귀 DFS에서 추가 공간이 커지는 주된 원인은?	재귀 DFS는 호출 스택을 사용해 탐색 경로를 기억합니다. 최악의 경우 그래프가 긴 사슬 형태라면 재귀 깊이가 V까지 늘어날 수 있습니다. 그래서 추가 공간이 O(V)가 될 수 있습니다. visited 배열 등 부가 구조도 보통 O(V)입니다. 면접에서는 스택 오버플로 위험과 반복 DFS 대안을 함께 말하는 것이 좋습니다.		큐가 커지기 때문이다	FALSE	호출 스택 깊이가 커질 수 있기 때문이다	TRUE	정점이 자동 정렬되기 때문이다	FALSE	가중치가 저장되기 때문이다	FALSE	dsa	dfs		
Q053	경로 복원(Path Reconstruction)		Data Structure & Algorithm - 탐색 알고리즘	42	CHOICE	MEDIUM	BFS로 최단 경로 자체를 출력하려면 추가로 무엇을 저장하는 것이 일반적인가?	BFS는 최단 거리만이 아니라 경로도 복원할 수 있습니다. 이를 위해 각 정점이 처음 발견될 때의 이전 정점 정보를 저장합니다. 보통 parent 배열에 parent[child] = current 형태로 기록합니다. 탐색이 끝난 뒤 목적지에서 parent를 따라가며 역추적하면 경로를 얻습니다. 면접에서는 거리와 경로 복원의 차이를 이해하고 있는지 확인합니다.		parent 배열	TRUE	indegree 배열	FALSE	sort 배열	FALSE	prefix sum 배열	FALSE	dsa	bfs	graph	
Q054	연결 요소 전체 탐색(Full Traversal)		Data Structure & Algorithm - 탐색 알고리즘	42	CHOICE	MEDIUM	그래프가 여러 컴포넌트로 분리되어 있을 때 모든 정점을 방문하는 올바른 방법은?	BFS나 DFS를 시작 정점 하나에서만 실행하면 그 정점이 속한 컴포넌트만 방문합니다. 나머지 컴포넌트는 방문되지 않습니다. 따라서 모든 정점을 방문하려면 모든 정점에 대해 방문하지 않았다면 탐색을 새로 시작하는 루프가 필요합니다. 이 방식으로 연결 요소 개수도 셀 수 있습니다. 면접에서는 바깥 for 루프를 빼먹는 실수를 자주 잡아냅니다.		임의의 한 정점에서 DFS 한 번만 실행한다	FALSE	모든 정점에 대해 미방문이면 BFS나 DFS를 시작한다	TRUE	visited를 사용하지 않고도 항상 전체를 방문한다	FALSE	인접 행렬을 쓰면 자동으로 전체를 방문한다	FALSE	dsa	graph	dfs	
Q055	탐색 순서 결정 요소(Neighbor Order)		Data Structure & Algorithm - 탐색 알고리즘	42	CHOICE	MEDIUM	BFS나 DFS에서 실제 방문 순서가 달라질 수 있는 가장 큰 이유는?	BFS와 DFS의 방문 순서는 자료구조 규칙 외에도 이웃을 나열하는 순서에 영향을 받습니다. 인접 리스트에서 이웃을 어떤 순서로 저장했는지에 따라 큐나 스택에 들어가는 순서가 달라집니다. 그래서 방문 결과가 여러 정답이 될 수 있는 문제가 존재합니다. 면접에서는 특정 순서를 요구할 때 정렬을 추가해야 한다는 점을 말해야 합니다. 실무에서도 테스트 케이스가 방문 순서에 민감한지 확인하는 습관이 중요합니다.		정점 번호가 항상 자동 정렬되기 때문이다	FALSE	인접 리스트의 이웃 저장 순서가 영향을 주기 때문이다	TRUE	BFS는 항상 동일한 순서를 강제하기 때문이다	FALSE	DFS는 방향 그래프에서만 동작하기 때문이다	FALSE	dsa	graph	bfs	dfs
Q056	백 엣지(Back Edge)		Data Structure & Algorithm - 탐색 알고리즘	42	CHOICE	MEDIUM	방향 그래프에서 DFS 중 현재 경로로 되돌아가는 간선을 발견했을 때 의미로 가장 적절한 것은?	DFS에서 현재 경로에 포함된 정점으로 향하는 간선을 흔히 백 엣지라고 부릅니다. 이는 현재 탐색 중인 경로 안에서 되돌아갔다는 뜻입니다. 방향 그래프에서 백 엣지는 사이클이 존재함을 나타내는 강한 신호입니다. 그래서 onPath 또는 recursion stack과 함께 사이클 판별에 사용됩니다. 면접에서는 백 엣지를 발견했을 때 왜 사이클이라고 말할 수 있는지 설명하라고 합니다.		그래프가 항상 트리라는 의미	FALSE	사이클이 존재할 가능성이 매우 높다는 의미	TRUE	정점이 정렬되었다는 의미	FALSE	최단 경로가 완성되었다는 의미	FALSE	dsa	dfs	graph	
Q057	레벨 그래프(Level Graph)		Data Structure & Algorithm - 탐색 알고리즘	42	CHOICE	MEDIUM	BFS에서 레벨 level의 의미로 가장 올바른 것은?	BFS는 시작점에서 거리 0인 정점부터 시작합니다. 그 다음 간선 1개로 갈 수 있는 정점들이 레벨 1입니다. 이런 식으로 레벨 k는 시작점에서 간선 k개를 거쳐 도달하는 정점들의 집합으로 해석할 수 있습니다. 이 성질이 무가중치 최단 경로 보장의 핵심 이유입니다. 면접에서는 레벨 개념을 거리 distance와 연결해 말할 수 있어야 합니다.		간선 가중치의 합	FALSE	시작점에서의 최단 간선 수 거리	TRUE	정점 번호의 크기 순서	FALSE	그래프의 총 정점 수	FALSE	dsa	bfs		
Q058	DFS 종료 시점(Exit Time)		Data Structure & Algorithm - 탐색 알고리즘	42	CHOICE	MEDIUM	DFS에서 어떤 정점의 종료 시점 exit time을 가장 올바르게 설명한 것은?	DFS는 정점을 방문한 뒤 이웃을 재귀적으로 탐색합니다. 종료 시점은 그 정점에서 갈 수 있는 모든 이웃 탐색이 끝나고 함수가 반환되는 순간입니다. 이 종료 시점 순서는 위상 정렬 같은 응용에 쓰입니다. 면접에서는 방문 시점과 종료 시점을 혼동하지 않는지 확인합니다. 실무에서는 DFS 기반 알고리즘에서 스택에 push하는 타이밍이 종료 시점과 연결되는 경우가 많습니다.		정점을 처음 발견한 순간	FALSE	해당 정점의 모든 이웃 탐색이 끝난 뒤 반환되는 순간	TRUE	큐에서 꺼낸 순간	FALSE	간선이 0개인 순간	FALSE	dsa	dfs		
Q059	그래프 입력 크기 해석(V E)		Data Structure & Algorithm - 탐색 알고리즘	42	CHOICE	MEDIUM	BFS나 DFS가 O(V+E)로 동작한다고 할 때 E가 의미하는 것은?	그래프 복잡도에서 V는 정점 수, E는 간선 수를 뜻합니다. 인접 리스트 기반 탐색은 정점을 한 번씩 처리하고, 모든 간선을 많아야 한 번씩 확인합니다. 그래서 O(V+E)로 표현합니다. 면접에서는 특히 무방향 그래프에서 간선이 양방향으로 저장될 수 있어 구현상 2E처럼 보일 수 있다는 점도 종종 묻습니다. 실무에서는 입력 제한을 보고 어떤 자료구조가 적절한지 판단할 때 V와 E를 먼저 해석합니다.		정점 수	FALSE	간선 수	TRUE	연결 요소 수	FALSE	가중치 합	FALSE	dsa	graph		
Q060	BFS 큐 중복 삽입 문제(Duplicate Enqueue)		Data Structure & Algorithm - 탐색 알고리즘	42	CHOICE	MEDIUM	BFS에서 visited를 dequeue 시점에만 표시할 때 발생할 수 있는 문제로 가장 적절한 것은?	dequeue 시점 방문 표시는 이미 큐에 들어간 중복 원소를 막지 못합니다. 같은 정점이 여러 이웃을 통해 발견되면 큐에 여러 번 들어갈 수 있습니다. 그 결과 불필요한 메모리 사용이 커지고 처리 시간이 늘어납니다. 최단 거리 자체는 유지될 수 있지만 성능이 나빠질 수 있습니다. 면접에서는 이 상황을 예시로 설명하고 enqueue 시점 방문 표시로 개선한다고 답하면 좋습니다.		큐가 비워지지 않아 무조건 무한 루프가 난다	FALSE	같은 정점이 큐에 여러 번 들어가 성능이 나빠질 수 있다	TRUE	그래프가 자동으로 DAG가 된다	FALSE	DFS로 바뀌어 동작한다	FALSE	dsa	bfs		
Q061	BFS 레벨 처리(Level Processing)		Data Structure & Algorithm - 탐색 알고리즘	42	CHOICE	MEDIUM	BFS에서 레벨 단위 처리를 구현하는 가장 일반적인 방법은?	BFS의 레벨 처리는 같은 거리의 정점들을 묶어서 처리할 때 자주 사용합니다. 가장 흔한 방법은 현재 큐의 크기를 레벨 시작 시점에 저장하고, 그 크기만큼만 pop하여 처리하는 것입니다. 이렇게 하면 한 번의 바깥 반복이 정확히 한 레벨을 의미합니다. 면접에서는 이 패턴으로 최단 시간 단계 수, 확산 시뮬레이션의 시간 단위를 구하는 문제를 자주 냅니다. 실무에서도 분 단위 전파, 단계별 처리 로직에 그대로 적용됩니다.		스택을 사용해 LIFO로 처리한다	FALSE	레벨 시작 시 큐 크기만큼만 반복 처리한다	TRUE	매번 인접 리스트를 정렬한다	FALSE	방문 배열을 제거한다	FALSE	dsa	bfs		
Q062	DFS 트리 간선(Tree Edge)		Data Structure & Algorithm - 탐색 알고리즘	42	CHOICE	MEDIUM	DFS 중 처음 방문한 정점으로 향하는 간선을 무엇이라고 부르는가?	DFS에서 아직 방문하지 않은 정점으로 이동하는 간선은 탐색 트리를 구성합니다. 이를 트리 간선 tree edge라고 부릅니다. 방향 그래프 DFS에서는 간선을 트리, 백, 포워드, 크로스 등으로 분류해 사이클과 위상 정렬 같은 성질을 분석합니다. 면접에서는 트리 간선과 백 간선의 차이를 간단히 구분할 수 있는지 봅니다. 실무에서는 디버깅 시 DFS 트리를 시각화할 때 이런 분류가 도움이 됩니다.		백 간선	FALSE	트리 간선	TRUE	크로스 간선	FALSE	브리지	FALSE	dsa	dfs	graph	
Q063	DFS 간선 분류(Edge Classification)		Data Structure & Algorithm - 탐색 알고리즘	42	CHOICE	MEDIUM	방향 그래프 DFS에서 onPath인 정점으로 향하는 간선을 만났을 때 가장 일반적인 해석은?	방향 그래프 DFS에서 현재 재귀 경로에 포함된 정점 onPath로 향하는 간선은 보통 백 간선으로 해석됩니다. 이는 현재 경로 내에서 되돌아가는 간선이므로 사이클이 있다는 강력한 근거입니다. visited만 true인 정점으로 가는 간선은 이미 끝난 서브트리로 향할 수 있어 사이클로 단정할 수 없습니다. 면접에서는 visited와 onPath를 동시에 써야 하는 이유를 이 지점에서 확인합니다. 실무에서는 의존성 그래프에서 순환 의존을 탐지할 때 동일한 원리가 적용됩니다.		그래프가 항상 트리라는 뜻이다	FALSE	사이클이 존재할 수 있다는 의미다	TRUE	최단 경로가 확정되었다는 의미다	FALSE	정점이 자동 정렬되었다는 의미다	FALSE	dsa	dfs	graph	
Q064	BFS 경로 복원(Parent Update Timing)		Data Structure & Algorithm - 탐색 알고리즘	42	CHOICE	MEDIUM	BFS에서 parent 배열로 최단 경로를 복원하려면 parent를 언제 기록하는 것이 가장 일반적인가?	BFS는 정점을 처음 발견했을 때가 최단 경로로 도달한 순간입니다. 따라서 parent는 그 정점을 큐에 넣는 시점에 최초 한 번만 기록하는 것이 일반적입니다. 이후 더 긴 경로로 다시 발견되더라도 parent를 바꾸면 경로가 최단이 아닐 수 있습니다. 면접에서는 parent를 여러 번 갱신하면 어떤 문제가 생기는지 물어봅니다. 실무에서는 최단 경로 출력 문제에서 이 규칙이 거의 고정 템플릿입니다.		정점을 큐에서 꺼낼 때마다 계속 갱신한다	FALSE	정점을 처음 큐에 넣을 때 한 번 기록한다	TRUE	탐색이 끝난 뒤에만 기록한다	FALSE	parent는 필요 없다	FALSE	dsa	bfs		
Q065	BFS로 최단 경로 수 세기(Count Paths)		Data Structure & Algorithm - 탐색 알고리즘	42	CHOICE	MEDIUM	무가중치 그래프에서 시작점에서 각 정점까지 최단 경로의 개수를 세는 방법으로 가장 적절한 것은?	BFS로 최단 거리를 구하면서 최단 경로 개수도 함께 셀 수 있습니다. 핵심은 dist가 갱신될 때는 count를 부모 count로 세팅하고, 같은 최단 거리로 또 도달하면 count를 누적하는 것입니다. 예를 들어 dist[u]가 처음 설정되면 count[u]=count[v], 그리고 dist[u]==dist[v]+1이면 count[u]+=count[v]로 처리합니다. 면접에서는 조건 분기 두 가지를 정확히 구분하는지 확인합니다. 실무에서는 최단 경로의 다양성을 분석하거나 경우의 수를 구할 때 이 패턴이 사용됩니다.		DFS에서 방문할 때마다 count를 1씩 더한다	FALSE	BFS에서 dist 비교로 최초 설정과 동일 거리 도달을 구분해 count를 누적한다	TRUE	인접 행렬을 쓰면 자동으로 계산된다	FALSE	위상 정렬을 하면 된다	FALSE	dsa	bfs	graph	
Q066	DFS로 모든 경로 탐색(All Paths)		Data Structure & Algorithm - 탐색 알고리즘	42	CHOICE	MEDIUM	DFS로 시작점에서 도착점까지 모든 경로를 탐색할 때 visited 처리를 가장 올바르게 설명한 것은?	모든 경로를 탐색하려면 한 경로에서 사용한 정점을 다음 경로에서도 다시 사용할 수 있어야 합니다. 그래서 DFS 백트래킹에서는 재귀로 들어갈 때 visited=true로 하고, 되돌아올 때 visited=false로 되돌리는 방식이 흔합니다. 단, 그래프에 사이클이 있으면 경로 정의에 따라 중복 방문을 허용하지 않는 조건을 명확히 해야 합니다. 면접에서는 visited를 되돌리지 않으면 모든 경로가 아니라 일부만 탐색된다는 점을 묻습니다. 실무에서는 경로 제한 조건을 명확히 정의한 뒤 백트래킹을 적용합니다.		visited는 한 번 true가 되면 끝까지 유지해야 한다	FALSE	재귀 복귀 시 visited를 되돌려 다른 경로를 탐색하게 한다	TRUE	visited는 필요 없고 항상 안전하다	FALSE	BFS로만 모든 경로를 구할 수 있다	FALSE	dsa	dfs	graph	
Q067	DFS 스택 오버플로 대안(Iterative DFS)		Data Structure & Algorithm - 탐색 알고리즘	42	CHOICE	MEDIUM	재귀 DFS에서 스택 오버플로 위험이 클 때 가장 일반적인 대안은?	재귀 DFS는 호출 스택 제한에 걸릴 수 있습니다. 이때는 명시적으로 스택 자료구조를 사용해 반복 DFS로 바꾸는 것이 대표적인 해결책입니다. 논리는 동일하지만 시스템 스택 대신 힙 메모리의 스택 구조를 쓰게 됩니다. 면접에서는 왜 반복 DFS가 안전한지, visited 처리 시점이 어떻게 달라질 수 있는지까지 물어봅니다. 실무에서도 대규모 그래프에서는 반복 DFS가 더 안정적인 경우가 많습니다.		큐로 바꿔 BFS로만 해결한다	FALSE	명시적 스택을 사용한 반복 DFS로 바꾼다	TRUE	visited를 제거한다	FALSE	인접 행렬로 바꾼다	FALSE	dsa	dfs		
Q068	그래프 복사 비용(Graph Copy Cost)		Data Structure & Algorithm - 탐색 알고리즘	42	CHOICE	MEDIUM	인접 리스트 그래프를 깊은 복사 deep copy할 때 시간 복잡도로 가장 적절한 것은?	인접 리스트는 각 정점의 이웃 목록을 가지고 있습니다. 깊은 복사는 정점 배열뿐 아니라 모든 이웃 리스트의 원소까지 복사해야 합니다. 따라서 전체 간선 항목을 한 번씩 방문하는 비용이 듭니다. 결과적으로 시간은 대략 O(V+E)로 보는 것이 일반적입니다. 면접에서는 그래프를 함수 인자로 복사 전달하는 실수를 성능 이슈로 연결해 지적하기도 합니다. 실무에서는 참조 공유를 하되 불변성 또는 복사 시점을 통제하는 방식이 더 흔합니다.		O(1)	FALSE	O(V+E)	TRUE	O(V^2)	FALSE	O(E log V)	FALSE	dsa	graph		
Q069	BFS에서 목표 지점 조기 종료(Early Exit)		Data Structure & Algorithm - 탐색 알고리즘	42	CHOICE	MEDIUM	무가중치 그래프에서 특정 목표 정점까지의 최단 거리만 필요할 때 BFS를 조기 종료해도 되는 시점은?	BFS는 레벨 순으로 탐색하므로 목표 정점을 처음 발견한 순간이 최단 거리입니다. 따라서 목표 정점을 큐에 넣는 순간 또는 큐에서 꺼낸 순간에 종료할 수 있습니다. 다만 구현에 따라 distance를 언제 세팅하는지에 맞춰 일관되게 종료해야 합니다. 면접에서는 발견 시점과 확정 시점을 혼동하지 않는지 확인합니다. 실무에서는 불필요한 탐색을 줄여 성능을 개선하는 대표 테크닉입니다.		목표 정점을 처음 발견했을 때 종료 가능하다	TRUE	목표 정점을 방문했더라도 항상 전체 그래프를 끝까지 탐색해야 한다	FALSE	DFS는 조기 종료가 불가능하다	FALSE	인접 행렬을 쓰면 자동 종료된다	FALSE	dsa	bfs	graph	
Q070	DFS 전처리 후처리(Pre/Post Processing)		Data Structure & Algorithm - 탐색 알고리즘	42	CHOICE	MEDIUM	DFS에서 전처리 pre-processing과 후처리 post-processing의 차이를 가장 올바르게 설명한 것은?	DFS에서 전처리는 정점에 들어왔을 때 수행하는 작업입니다. 예를 들어 방문 표시, 진입 시간 기록 등이 여기에 해당합니다. 후처리는 모든 이웃 탐색이 끝난 뒤 되돌아오기 직전에 수행합니다. 예를 들어 종료 시간 기록, 위상 정렬용 스택 push가 대표적입니다. 면접에서는 작업을 어느 타이밍에 해야 올바른 결과가 나오는지 구체적으로 물어봅니다.		전처리는 이웃 탐색 후, 후처리는 진입 즉시 수행한다	FALSE	전처리는 진입 시, 후처리는 이웃 탐색 완료 후 수행한다	TRUE	둘은 항상 동일한 의미다	FALSE	BFS에서만 사용하는 개념이다	FALSE	dsa	dfs		
Q071	무방향 그래프에서 간선 수 합(Handshake Lemma)		Data Structure & Algorithm - 탐색 알고리즘	42	CHOICE	MEDIUM	무방향 그래프에서 모든 정점의 차수 합이 2E가 되는 이유로 가장 올바른 것은?	무방향 그래프의 간선 하나는 양 끝 정점 두 개에 각각 1씩 차수를 더합니다. 그래서 간선이 하나 생기면 전체 차수 합은 2 증가합니다. 결과적으로 모든 정점 차수 합은 2E가 됩니다. 면접에서는 이 성질을 이용해 간선 수를 추정하거나 그래프 검증을 하는 문제도 나옵니다. 실무에서도 데이터 정합성 체크에 간단한 불변식으로 활용할 수 있습니다.		간선이 정점을 하나만 증가시키기 때문이다	FALSE	간선이 두 정점에 각각 기여하므로 차수 합이 2E가 된다	TRUE	방향 그래프에서만 성립한다	FALSE	트리에서만 성립한다	FALSE	dsa	graph		
Q072	BFS에서 레벨별 최소 시간(Time Steps)		Data Structure & Algorithm - 탐색 알고리즘	42	CHOICE	MEDIUM	BFS를 이용해 확산이 단계별로 진행되는 문제에서 최소 시간을 구할 때 핵심은?	확산 문제는 1분마다 인접 칸으로 퍼지는 등 단계 단위가 중요합니다. BFS는 레벨이 곧 시간 단계가 되므로 레벨별 처리가 핵심입니다. 큐의 크기를 이용해 한 레벨을 처리하고 레벨이 끝날 때 시간을 증가시키는 패턴을 씁니다. 또는 distance 배열로 각 정점의 도달 시간을 저장해 최대값을 답으로 삼기도 합니다. 면접에서는 레벨과 시간의 매핑을 설명할 수 있어야 합니다. 실무에서도 시뮬레이션 문제에서 BFS는 정석 풀이로 자주 등장합니다.		DFS로 가장 깊은 경로 길이를 구한다	FALSE	BFS 레벨을 시간 단계로 해석해 레벨별로 처리한다	TRUE	간선을 정렬한 뒤 처리한다	FALSE	visited를 제거한다	FALSE	dsa	bfs		
Q073	DFS로 단절점 개념(Articulation Intuition)		Data Structure & Algorithm - 탐색 알고리즘	42	CHOICE	MEDIUM	단절점 articulation point에 대한 직관적 설명으로 가장 적절한 것은?	단절점은 그 정점을 제거했을 때 그래프가 더 많은 컴포넌트로 분리되는 정점입니다. 즉 네트워크에서 해당 노드가 끊기면 연결성이 깨지는 취약 지점입니다. 실제 판별은 DFS의 low-link 값 같은 개념이 필요하지만, 면접에서는 먼저 직관 정의를 정확히 말하는지 봅니다. 이후 심화로 타잔 알고리즘을 아는지 물을 수 있습니다. 실무에서는 장애 지점 분석, 네트워크 취약성 분석에 의미가 있습니다.		제거해도 그래프 연결성이 변하지 않는 정점	FALSE	제거하면 그래프가 분리될 수 있는 정점	TRUE	항상 차수가 1인 정점	FALSE	방향 그래프에서만 존재하는 정점	FALSE	dsa	graph	dfs	
Q074	DFS로 브리지 개념(Bridge Intuition)		Data Structure & Algorithm - 탐색 알고리즘	42	CHOICE	MEDIUM	브리지 bridge에 대한 직관적 설명으로 가장 적절한 것은?	브리지는 해당 간선을 제거했을 때 그래프가 분리되는 간선입니다. 즉 네트워크에서 특정 링크가 끊기면 두 부분이 단절되는 취약 연결입니다. 정확한 판별은 DFS의 low-link를 이용하는 타잔 계열 알고리즘으로 수행합니다. 면접에서는 단절점과 브리지를 구분해서 정의할 수 있는지 자주 확인합니다. 실무에서는 링크 장애 영향도 분석에 사용됩니다.		제거해도 컴포넌트 수가 변하지 않는 간선	FALSE	제거하면 그래프가 분리될 수 있는 간선	TRUE	항상 가중치가 1인 간선	FALSE	방향 그래프에서만 존재하는 간선	FALSE	dsa	graph	dfs	
Q075	BFS vs DFS 선택 기준(When to Use)		Data Structure & Algorithm - 탐색 알고리즘	42	CHOICE	MEDIUM	다음 중 BFS를 우선 고려하는 상황으로 가장 적절한 것은?	BFS는 시작점으로부터 최단 간선 수 거리를 보장합니다. 그래서 최소 이동 횟수나 최소 단계 수를 묻는 문제에서 우선 선택됩니다. DFS는 경로 존재 여부나 모든 경로 탐색, 백트래킹에서 강점이 있습니다. 면접에서는 문제 요구사항을 보고 BFS인지 DFS인지 판단 근거를 말하게 합니다. 실무에서도 최단 거리 요구가 있는지 여부가 핵심 분기점입니다.		모든 조합을 전부 생성해야 하는 경우	FALSE	무가중치에서 최소 이동 횟수를 구해야 하는 경우	TRUE	그래프에 사이클이 없을 때만	FALSE	메모리를 전혀 쓰면 안 되는 경우	FALSE	dsa	bfs		
Q076	DFS vs BFS 방문 순서 차이(Order Difference)		Data Structure & Algorithm - 탐색 알고리즘	42	CHOICE	MEDIUM	동일한 그래프에서도 BFS 결과와 DFS 결과가 다른 가장 근본적인 이유는?	BFS는 큐 기반으로 가까운 레벨부터 확장합니다. DFS는 스택 또는 재귀 기반으로 한 경로를 깊게 파고듭니다. 따라서 방문 순서와 탐색 트리 구조가 달라집니다. 이 차이는 최단 거리 보장 여부, 메모리 사용 패턴에도 영향을 줍니다. 면접에서는 각 탐색의 자료구조와 순서를 연결해 설명하는지를 봅니다. 실무에서는 요구사항에 맞는 탐색을 고르는 근거가 됩니다.		BFS는 정렬을 하고 DFS는 정렬을 하지 않아서	FALSE	BFS는 레벨 순, DFS는 깊이 우선이라 탐색 규칙이 다르다	TRUE	DFS는 방향 그래프에서만 동작해서	FALSE	BFS는 visited를 사용하지 않아서	FALSE	dsa	bfs	dfs	graph
Q077	그래프에서 거리 초기화(Initialization)		Data Structure & Algorithm - 탐색 알고리즘	42	CHOICE	MEDIUM	BFS distance 배열을 초기화할 때 가장 흔하고 안전한 방식은?	distance 배열은 아직 방문하지 않은 정점을 구분해야 합니다. 그래서 보통 -1 같은 불가능 값을 초기값으로 두고, 시작점은 0으로 둡니다. 탐색 중 처음 방문할 때만 distance를 설정하면 최단 거리와 방문 여부를 동시에 표현할 수 있습니다. 면접에서는 0 초기화로 두면 방문 여부와 충돌할 수 있다는 점을 지적합니다. 실무에서도 -1 초기화는 매우 흔한 패턴입니다.		전부 0으로 초기화한다	FALSE	전부 -1로 초기화하고 시작점만 0으로 둔다	TRUE	전부 1로 초기화한다	FALSE	초기화는 필요 없다	FALSE	dsa	bfs		
Q078	DFS에서 방문 마킹 위치(Iterative Marking)		Data Structure & Algorithm - 탐색 알고리즘	42	CHOICE	MEDIUM	반복 DFS에서 visited 마킹을 push 시점에 하는 장점으로 가장 적절한 것은?	반복 DFS도 동일하게 중복 스택 삽입이 발생할 수 있습니다. push 시점에 visited를 마킹하면 같은 정점이 여러 번 스택에 들어가는 것을 줄일 수 있습니다. pop 시점 마킹은 이미 중복이 들어간 뒤라 성능이 나빠질 수 있습니다. 다만 어떤 문제에서는 pop 시점에 처리해야 하는 로직이 있을 수 있어 일관성을 유지해야 합니다. 면접에서는 중복 삽입과 시간 복잡도 관점에서 설명하는 답변이 좋습니다.		최단 거리를 보장하기 위해서	FALSE	같은 정점의 중복 push를 줄이기 위해서	TRUE	큐를 비우기 위해서	FALSE	가중치를 계산하기 위해서	FALSE	dsa	dfs		
Q079	BFS에서 동일 거리 재방문 처리(Do Not Relax)		Data Structure & Algorithm - 탐색 알고리즘	42	CHOICE	MEDIUM	무가중치 BFS에서 어떤 정점의 distance가 이미 설정된 후에는 보통 다시 갱신하지 않는 이유는?	BFS는 레벨 순으로 탐색하므로 distance가 처음 설정된 순간이 최단 거리입니다. 이후에 그 정점을 다시 발견하더라도 더 짧은 경로가 나올 수 없습니다. 그래서 일반적인 BFS는 distance가 -1일 때만 설정하고, 이미 값이 있으면 무시합니다. 면접에서는 다익스트라처럼 relax가 필요한 상황과 대비해 설명하라고 합니다. 실무에서는 이 성질 덕분에 구현이 단순하고 빠릅니다.		BFS는 가중치 합을 계산하지 않아서	FALSE	처음 설정된 distance가 최단이므로 더 짧아질 수 없어서	TRUE	visited를 사용하면 항상 오답이어서	FALSE	인접 행렬에서는 갱신이 불가능해서	FALSE	dsa	bfs		
Q080	DFS 재귀 반환값 활용(Return Value)		Data Structure & Algorithm - 탐색 알고리즘	42	CHOICE	MEDIUM	DFS에서 목표 정점을 찾는 문제에서 재귀 반환값 boolean을 활용하는 목적은?	DFS로 목표를 찾을 때 목표를 발견하면 더 깊은 탐색을 중단하고 빠르게 빠져나오고 싶습니다. 재귀 함수가 boolean을 반환하게 하면, 하위 호출에서 찾았는지 여부를 상위 호출로 전달할 수 있습니다. 상위 호출은 true를 받으면 즉시 반환하여 조기 종료를 구현합니다. 면접에서는 이런 패턴을 통해 불필요한 탐색을 줄이는 설계를 말할 수 있어야 합니다. 실무에서도 그래프 검색, 트리 검색에서 흔히 사용하는 최적화입니다.		모든 정점을 반드시 방문하게 만들기 위해서	FALSE	목표를 찾으면 상위 호출로 전달해 조기 종료하기 위해서	TRUE	큐의 크기를 계산하기 위해서	FALSE	인접 리스트를 정렬하기 위해서	FALSE	dsa	dfs		
Q081	DFS 로우 링크(Low-link)		Data Structure & Algorithm - 탐색 알고리즘	42	CHOICE	HARD	타잔 계열 알고리즘에서 low 값 lowlink 의 의미로 가장 올바른 것은?	low 값은 DFS 트리에서 어떤 정점 v가 자신 및 자손들을 통해 도달할 수 있는 가장 작은 방문 순서 번호를 의미합니다. 트리 간선으로 내려갔다가 백 간선을 통해 조상으로 올라갈 수 있는 가능성을 요약하는 지표입니다. low 값은 단절점과 브리지 판별의 핵심으로, 조건식에서 disc 값과 비교되어 연결 분리 여부를 결정합니다. 면접에서는 low가 단순히 최소 인접 정점이 아니라 DFS 경로와 백 간선을 반영한 값임을 명확히 해야 합니다. 실무에서는 네트워크 취약 링크나 단절 노드 분석 같은 그래프 안정성 문제에서 응용됩니다.		v와 인접한 정점들 중 번호가 가장 작은 정점의 번호	FALSE	v가 자손을 포함해 도달 가능한 가장 작은 방문 순서 번호	TRUE	v의 outdegree 값	FALSE	v에서 출발하는 간선의 가중치 합	FALSE	dsa	dfs	graph	
Q082	브리지 판별 조건(Bridge Condition)		Data Structure & Algorithm - 탐색 알고리즘	42	CHOICE	HARD	무방향 그래프 DFS에서 트리 간선 v to u 가 브리지인지 판별하는 전형적인 조건은?	무방향 그래프에서 DFS 트리 간선 v-u가 브리지라면 u의 서브트리에서 v 또는 v의 조상으로 돌아가는 백 간선이 없어야 합니다. 이는 low[u]가 disc[v]보다 커지는 상황으로 표현됩니다. low[u]가 disc[v]보다 작거나 같으면 u 서브트리에서 v 또는 조상으로 연결되는 우회 경로가 존재하므로 브리지가 아닙니다. 면접에서는 등호 포함 여부를 헷갈려 실수하는 경우가 많아 정확히 말하는 것이 중요합니다. 실무에서는 링크 장애가 네트워크를 분리시키는지 판단할 때 이 조건이 활용됩니다.		low[u] >= disc[v]	FALSE	low[u] > disc[v]	TRUE	low[v] > disc[u]	FALSE	disc[u] == disc[v]	FALSE	dsa	dfs	graph	
Q083	단절점 판별(Root Case)		Data Structure & Algorithm - 탐색 알고리즘	42	CHOICE	HARD	DFS 트리의 루트 정점이 단절점이 되는 조건으로 가장 올바른 것은?	DFS 루트는 부모가 없으므로 일반 단절점 조건과 별도로 처리합니다. 루트가 단절점이 되려면 DFS 트리에서 독립적인 자식 서브트리가 2개 이상이어야 합니다. 자식이 1개뿐이면 루트를 제거해도 그래프가 분리되지 않는 경우가 많습니다. 면접에서는 루트의 child count 예외 처리를 정확히 알고 있는지 자주 묻습니다. 실무에서도 알고리즘 구현 시 이 예외를 빼먹으면 오답이 됩니다.		루트의 자식 수가 1 이상이면 항상 단절점이다	FALSE	루트의 자식 수가 2 이상이면 단절점이다	TRUE	low 값이 가장 작으면 단절점이다	FALSE	indegree가 0이면 단절점이다	FALSE	dsa	dfs	graph	
Q084	단절점 판별(Non-root Case)		Data Structure & Algorithm - 탐색 알고리즘	42	CHOICE	HARD	DFS 트리에서 루트가 아닌 정점 v 가 단절점인지 판별하는 대표 조건은?	루트가 아닌 정점 v는 어떤 자식 u가 v를 거치지 않고는 v의 조상으로 올라갈 수 없는 경우 단절점입니다. 이를 low[u] >= disc[v] 조건으로 표현합니다. 등호가 포함되는 이유는 u 서브트리가 v 자체로만 돌아올 수 있고 조상으로는 못 올라가는 경우도 분리를 야기하기 때문입니다. 면접에서는 브리지 조건과 단절점 조건의 부등호 차이를 비교해 설명하는 문제가 자주 나옵니다. 실무에서는 네트워크에서 특정 노드 장애가 분리를 유발하는지 분석할 때 사용됩니다.		low[u] > disc[v]	FALSE	low[u] >= disc[v]	TRUE	low[v] > disc[u]	FALSE	disc[u] > disc[v]	FALSE	dsa	dfs	graph	
Q085	SCC 개념(Strongly Connected Component)		Data Structure & Algorithm - 탐색 알고리즘	42	CHOICE	HARD	방향 그래프에서 강한 연결 요소 SCC 의 정의로 가장 올바른 것은?	SCC는 방향 그래프에서 서로 도달 가능한 정점들의 최대 집합입니다. 즉 집합 내 임의의 두 정점 a, b에 대해 a에서 b로도 갈 수 있고 b에서 a로도 갈 수 있어야 합니다. 단순 연결 요소와 달리 방향성이 있어 양방향 도달성이 핵심입니다. 면접에서는 SCC를 DAG로 축약할 수 있다는 성질까지 확장 질문이 자주 나옵니다. 실무에서는 의존성 순환 그룹, 호출 그래프 순환 모듈 분석에 활용됩니다.		한 방향으로만 도달 가능한 정점들의 집합	FALSE	서로 양방향으로 도달 가능한 정점들의 최대 집합	TRUE	indegree가 0인 정점들의 집합	FALSE	사이클이 없는 정점들의 집합	FALSE	dsa	graph	dfs	
Q086	Kosaraju 알고리즘 핵심(Kosaraju)		Data Structure & Algorithm - 탐색 알고리즘	42	CHOICE	HARD	코사라주 Kosaraju 알고리즘으로 SCC를 구할 때 첫 번째 DFS의 핵심 목적은?	코사라주는 두 번의 DFS를 사용합니다. 첫 DFS는 원 그래프에서 종료 순서 finish time을 얻어 정점을 스택 또는 리스트에 쌓는 것이 핵심입니다. 이 순서는 역방향 그래프에서 SCC를 올바른 순서로 추출하는 데 필요합니다. 면접에서는 왜 종료 순서가 중요하며 왜 역그래프에서 다시 DFS를 하는지 설명을 요구합니다. 실무에서도 큰 그래프에서 SCC를 빠르게 뽑아 순환 의존을 분석할 때 사용됩니다.		정점의 indegree를 계산하기 위해서	FALSE	종료 순서 기반 정점 처리 순서를 만들기 위해서	TRUE	최단 경로를 구하기 위해서	FALSE	그래프를 무방향으로 바꾸기 위해서	FALSE	dsa	dfs	graph	
Q087	Tarjan SCC 스택(Tarjan Stack)		Data Structure & Algorithm - 탐색 알고리즘	42	CHOICE	HARD	타잔 Tarjan SCC 알고리즘에서 스택에 정점을 유지하는 핵심 이유는?	타잔 SCC는 한 번의 DFS로 SCC를 찾습니다. DFS 경로 상에서 아직 SCC로 확정되지 않은 정점들을 스택에 쌓아 관리합니다. low 값이 자기 자신 disc와 같아지는 시점이 SCC의 루트이며, 그때까지 스택에 남아 있던 정점들이 하나의 SCC로 팝됩니다. 면접에서는 왜 스택에서 제거된 정점은 다시 SCC 후보가 아닌지 설명해야 합니다. 실무에서는 단일 패스로 SCC를 구해야 할 때 타잔이 유리합니다.		BFS 레벨을 저장하기 위해서	FALSE	아직 SCC로 확정되지 않은 정점들을 그룹으로 팝하기 위해서	TRUE	간선 가중치를 누적하기 위해서	FALSE	정점을 정렬하기 위해서	FALSE	dsa	dfs	graph	
Q088	BFS 0-1 가중치(0-1 BFS)		Data Structure & Algorithm - 탐색 알고리즘	42	CHOICE	HARD	간선 가중치가 0 또는 1만 존재할 때 다익스트라 대신 0-1 BFS를 쓰는 이유로 가장 적절한 것은?	0-1 BFS는 덱 deque를 사용해 가중치 0 간선은 앞에, 가중치 1 간선은 뒤에 넣어 우선순위를 구현합니다. 이렇게 하면 우선순위 큐 없이도 최단 거리를 O(V+E)로 구할 수 있습니다. 다익스트라는 일반적으로 O(E log V)인데, 0-1 제약 덕분에 더 빠른 구현이 가능합니다. 면접에서는 왜 덱이 가능한지, 어떤 조건에서만 성립하는지 설명하는지를 봅니다. 실무에서는 벽 부수기, 비용 0 또는 1 이동 문제에서 대표적으로 쓰입니다.		큐 하나만으로 항상 가중치 최단 경로를 구할 수 있어서	FALSE	덱으로 0과 1의 우선순위를 처리해 O(V+E)에 가깝게 풀 수 있어서	TRUE	DFS로 바꾸면 더 빠르기 때문에	FALSE	인접 행렬을 쓰면 자동으로 해결되기 때문에	FALSE	dsa	bfs	graph	
Q089	BFS 레이어 기반 최단성 증명 핵심(Proof Idea)		Data Structure & Algorithm - 탐색 알고리즘	42	CHOICE	HARD	무가중치 그래프에서 BFS가 최단 간선 수 거리를 보장하는 핵심 논리로 가장 적절한 것은?	BFS는 거리 0,1,2 순으로 레벨을 확장합니다. 큐에서 꺼낼 때 이미 그 정점은 더 짧은 거리로 도달할 가능성이 없습니다. 왜냐하면 더 짧은 경로가 있다면 그 경로의 마지막 직전 정점이 더 낮은 레벨에서 먼저 처리되며 해당 정점이 더 일찍 큐에 들어갔어야 하기 때문입니다. 이런 레벨 단조성 monotonicity가 최단성의 핵심 증명 아이디어입니다. 면접에서는 단순히 그렇다고 외우기보다 레벨 순 처리라는 이유를 논리적으로 설명해야 합니다.		DFS보다 항상 빠르기 때문이다	FALSE	레벨 순 확장으로 더 짧은 경로가 있으면 먼저 발견될 수밖에 없기 때문이다	TRUE	visited가 있으니 무조건 최단이다	FALSE	인접 행렬을 쓰면 최단이 된다	FALSE	dsa	bfs	graph	
Q090	BFS 최단 경로 트리(SPT) 성질		Data Structure & Algorithm - 탐색 알고리즘	42	CHOICE	HARD	무가중치 그래프에서 BFS로 만든 parent 트리가 갖는 성질로 가장 올바른 것은?	BFS는 각 정점을 처음 발견했을 때의 경로가 최단입니다. 그때 parent를 기록하면 시작점으로부터 각 정점까지의 최단 경로를 구성하는 트리가 만들어집니다. 이를 최단 경로 트리 shortest path tree라고 부를 수 있습니다. 면접에서는 parent를 최초 발견 시점에만 설정해야 이 성질이 유지된다는 점을 강조하면 좋습니다. 실무에서는 경로 안내, 단계별 의존 추적에 바로 활용됩니다.		모든 정점 쌍 사이의 최단 경로를 동시에 보장한다	FALSE	시작점 기준 각 정점까지의 최단 경로를 포함하는 트리다	TRUE	가중치가 있어도 동일하게 최단을 보장한다	FALSE	DFS로 만든 트리와 항상 동일하다	FALSE	dsa	bfs	graph	
Q091	DFS 시간 복잡도 함정(Directed E count)		Data Structure & Algorithm - 탐색 알고리즘	42	CHOICE	HARD	인접 리스트에서 방향 그래프 DFS가 O(V+E)인 이유로 가장 올바른 것은?	인접 리스트 DFS는 각 정점을 한 번 방문하고, 각 정점의 인접 간선을 순회합니다. 모든 인접 리스트 원소를 합치면 간선 항목 수가 E입니다. 따라서 전체 순회는 정점 방문 O(V)와 간선 스캔 O(E)가 합쳐져 O(V+E)가 됩니다. 면접에서는 무방향 그래프에서 리스트에 2E로 저장될 수 있음을 함께 언급하면 더 좋습니다. 실무에서는 E가 큰 밀집 그래프일수록 이 비용이 커진다는 점이 중요합니다.		각 정점에서 항상 V개 이웃을 확인하기 때문이다	FALSE	모든 정점과 모든 간선 항목을 많아야 한 번씩 처리하기 때문이다	TRUE	DFS는 정렬을 하므로 O(V log V)이다	FALSE	visited가 있으니 O(1)이다	FALSE	dsa	dfs	graph	
Q092	SCC 축약 그래프(Condensation DAG)		Data Structure & Algorithm - 탐색 알고리즘	42	CHOICE	HARD	SCC로 그래프를 축약 condensation 했을 때 얻어지는 그래프의 성질로 가장 올바른 것은?	SCC를 하나의 슈퍼 노드로 압축하면 그래프는 더 이상 SCC 내부 사이클을 갖지 않습니다. 축약 그래프는 항상 DAG가 됩니다. 만약 축약 그래프에 사이클이 있다면 그 사이클을 구성하는 SCC들이 서로 도달 가능하므로 더 큰 SCC로 합쳐져야 하기 때문입니다. 면접에서는 이 성질을 이용해 의존성 순서를 구하는 흐름을 설명하게 합니다. 실무에서는 모듈 순환 그룹을 SCC로 묶은 뒤 DAG 위에서 배포 순서를 설계할 수 있습니다.		축약 그래프는 항상 트리다	FALSE	축약 그래프는 항상 DAG다	TRUE	축약 그래프는 항상 완전 그래프다	FALSE	축약 그래프는 무방향 그래프가 된다	FALSE	dsa	graph	dfs	
Q093	BFS 이분 그래프 판별 충돌(Color Conflict)		Data Structure & Algorithm - 탐색 알고리즘	42	CHOICE	HARD	BFS로 이분 그래프를 판별할 때 충돌 conflict 을 가장 정확히 판단하는 조건은?	이분 그래프는 인접한 두 정점이 서로 다른 색을 가져야 합니다. BFS 중 현재 정점 v의 이웃 u를 보았을 때, u가 이미 색이 칠해져 있고 color[u] == color[v] 라면 즉시 충돌입니다. 아직 색이 없다면 반대 색으로 칠하고 큐에 넣습니다. 면접에서는 visited와 color를 분리해 생각하거나, color가 visited 역할도 겸할 수 있음을 말할 수 있으면 좋습니다. 실무에서는 그래프 2색 칠하기 문제에 그대로 쓰입니다.		방문하지 않은 정점을 만나면 충돌이다	FALSE	이미 색이 있고 현재 정점과 같은 색이면 충돌이다	TRUE	indegree가 0이면 충돌이다	FALSE	큐가 비면 충돌이다	FALSE	dsa	bfs	graph	
Q094	DFS 트리에서 포워드 크로스 간선 의미(Edge Types)		Data Structure & Algorithm - 탐색 알고리즘	42	CHOICE	HARD	방향 그래프 DFS에서 이미 visited 이지만 onPath 가 아닌 정점으로 가는 간선의 해석으로 가장 적절한 것은?	onPath가 아닌 visited 정점은 이미 DFS가 완료된 정점입니다. 그 정점으로 가는 간선은 현재 DFS 트리의 다른 부분으로 향하거나, 조상-자손 관계에 따라 포워드 또는 크로스 간선으로 분류됩니다. 핵심은 이런 간선은 현재 재귀 스택을 닫는 사이클 근거가 되지 않는다는 점입니다. 면접에서는 visited만으로 사이클을 판별하면 오탐이 나는 이유를 이 간선 유형으로 설명하게 합니다. 실무에서도 사이클 탐지 로직에서 onPath 체크가 필수입니다.		무조건 사이클을 의미한다	FALSE	포워드 또는 크로스 간선일 수 있으며 사이클 근거가 아니다	TRUE	항상 브리지다	FALSE	항상 단절점이다	FALSE	dsa	dfs	graph	
Q095	BFS 최소 컷 직관(Min Cut Intuition)		Data Structure & Algorithm - 탐색 알고리즘	42	CHOICE	HARD	에드몬즈 카프 Edmonds-Karp 최대 유량에서 BFS를 사용하는 핵심 목적은?	에드몬즈 카프는 포드 풀커슨의 특정 구현으로, 증가 경로를 BFS로 찾아 간선 수가 최소인 경로를 선택합니다. 이렇게 하면 반복 횟수가 제한되어 다항 시간 내에 종료함이 보장됩니다. BFS는 잔여 그래프 residual graph에서 최단 증가 경로를 찾는 역할을 합니다. 면접에서는 왜 DFS보다 BFS를 쓰는지 복잡도 보장 관점에서 설명할 수 있어야 합니다. 실무에서는 네트워크 흐름, 매칭 문제에서 안정적으로 최대 유량을 구할 때 사용됩니다.		BFS가 가중치 최단 경로를 보장하기 때문이다	FALSE	잔여 그래프에서 간선 수가 최소인 증가 경로를 찾아 종료 보장을 강화하기 위해서	TRUE	BFS가 메모리를 덜 쓰기 때문이다	FALSE	DFS는 방향 그래프에서 못 쓰기 때문이다	FALSE	dsa	bfs	graph	
Q096	DFS 기반 매칭(Augmenting Path in Bipartite Matching)		Data Structure & Algorithm - 탐색 알고리즘	42	CHOICE	HARD	이분 매칭에서 DFS로 증가 경로를 찾을 때 visited 를 매 DFS 시도마다 초기화하는 이유는?	이분 매칭의 DFS 증강 알고리즘에서는 각 왼쪽 정점에서 매칭을 시도할 때 방문 배열을 새로 사용합니다. 한 번의 시도에서 방문한 오른쪽 정점을 다시 방문하지 않게 하여 무한 루프와 중복 탐색을 막기 위함입니다. 하지만 다음 왼쪽 정점의 시도에서는 새로운 증가 경로가 가능하므로 visited를 초기화해야 합니다. 면접에서는 visited를 전역으로 유지하면 매칭이 덜 찾아지는 반례를 설명하라고 할 수 있습니다. 실무에서도 구현 실수로 성능과 정답이 동시에 깨지는 포인트입니다.		visited는 한 번 true면 영구 유지해야 성능이 좋기 때문이다	FALSE	한 번의 DFS 시도 내 중복 탐색을 막되, 다음 시도에는 새 경로를 허용해야 하기 때문이다	TRUE	BFS에서는 visited가 필요 없기 때문이다	FALSE	그래프가 DAG가 되기 때문이다	FALSE	dsa	dfs	graph	
Q097	BFS in Grid와 방문 체크 위치 함정(Grid BFS Pitfall)		Data Structure & Algorithm - 탐색 알고리즘	42	CHOICE	HARD	격자 BFS에서 큐에 넣을 때 방문 체크를 하지 않고 꺼낼 때만 체크하면 발생 가능한 문제로 가장 적절한 것은?	격자에서는 한 칸이 여러 방향에서 동시에 발견될 수 있습니다. enqueue 시점에 방문 체크를 하지 않으면 같은 칸이 큐에 중복으로 여러 번 들어갑니다. 이는 시간과 메모리 낭비를 크게 키워 TLE나 MLE를 유발할 수 있습니다. 최단 거리는 유지되더라도 성능이 크게 악화됩니다. 면접에서는 이 차이를 설명하고 enqueue 시점 방문 체크가 왜 표준인지 말할 수 있어야 합니다. 실무에서도 대형 맵 탐색에서는 치명적인 성능 이슈가 됩니다.		무조건 최단 거리가 틀어진다	FALSE	중복 enqueue로 큐가 커져 성능과 메모리가 악화된다	TRUE	사이클이 자동으로 제거된다	FALSE	DFS로 바뀌어 동작한다	FALSE	dsa	bfs	graph	
Q098	DFS 백트래킹과 상태 복구(State Restore)		Data Structure & Algorithm - 탐색 알고리즘	42	CHOICE	HARD	DFS 백트래킹에서 상태 복구를 빼먹었을 때 가장 대표적으로 발생하는 오류는?	백트래킹 DFS는 한 선택을 하고 내려간 뒤 되돌아오며 다른 선택을 시도합니다. 이때 방문 표시, 누적 합, 경로 리스트 같은 상태를 원래대로 되돌려야 합니다. 복구를 빼먹으면 다음 분기에서 이전 분기의 흔적이 남아 잘못된 경로 제한이나 잘못된 계산이 발생합니다. 면접에서는 visited를 되돌리지 않아 경로 일부만 탐색되는 예시를 자주 듭니다. 실무에서도 전역 리스트 pop 누락 같은 버그는 매우 흔합니다.		항상 더 빠르게 정답을 찾는다	FALSE	다음 분기 탐색이 오염되어 일부 경로가 누락되거나 값이 틀어진다	TRUE	그래프가 자동으로 연결 그래프가 된다	FALSE	BFS에서는 절대 발생하지 않는다	FALSE	dsa	dfs		
Q099	BFS 기반 최단 거리와 레벨 단조성(Monotonicity)		Data Structure & Algorithm - 탐색 알고리즘	42	CHOICE	HARD	BFS에서 큐에서 꺼내는 순서에 따른 distance 값의 성질로 가장 올바른 것은?	표준 BFS에서 정점을 큐에 넣을 때 distance를 설정하면, 큐에서 꺼내는 순서대로 distance는 비감소합니다. 즉 더 작은 distance를 가진 정점들이 먼저 처리되고, 같은 레벨이 끝난 뒤 다음 레벨이 처리됩니다. 이 단조성은 BFS가 최단을 보장하는 직관적 근거이기도 합니다. 면접에서는 visited 설정 시점이 달라지면 단조성이 깨질 수 있는지까지 확장될 수 있습니다. 실무에서는 레벨 기반 로직을 짤 때 이 성질을 활용합니다.		distance는 임의의 순서로 오르내린다	FALSE	distance는 큐 pop 순서에서 비감소한다	TRUE	distance는 항상 감소한다	FALSE	distance는 항상 0이다	FALSE	dsa	bfs	graph	
Q100	DFS 탐색 순서와 위상 정렬 역순(Stack Reverse)		Data Structure & Algorithm - 탐색 알고리즘	42	CHOICE	HARD	DFS 기반 위상 정렬에서 결과를 역순으로 뒤집는 이유로 가장 적절한 것은?	DFS 위상 정렬은 후행 정점들을 먼저 처리한 뒤 현재 정점을 기록하는 방식입니다. 즉 종료 시점 postorder에 정점을 push하면, 선행 정점이 더 늦게 push됩니다. 따라서 push된 순서를 그대로 나열하면 선후 관계가 반대로 나올 수 있어 역순으로 뒤집어야 합니다. 면접에서는 종료 시점에 push한다는 전제를 명확히 하고, 왜 뒤집는지 논리적으로 설명해야 합니다. 실무에서는 스택에 push 후 pop하는 방식으로 자연스럽게 역순을 얻기도 합니다.		BFS와 동일한 순서를 맞추기 위해서	FALSE	종료 시점에 기록하면 선행 정점이 뒤에 쌓여 역순이 되기 때문에	TRUE	indegree 계산을 하지 않기 위해서	FALSE	사이클을 제거하기 위해서	FALSE	dsa	dfs	graph	
Q101	양방향 BFS(Bidirectional BFS)		Data Structure & Algorithm - 탐색 알고리즘	42	CHOICE	HARD	무가중치 그래프에서 양방향 BFS를 사용할 때 정답 경로 길이를 판정하는 핵심 조건으로 가장 올바른 것은?	양방향 BFS는 시작점 쪽과 목표점 쪽에서 동시에 확장해 탐색 공간을 줄이는 기법입니다. 정답은 두 탐색이 만나는 지점이 발생했을 때 결정되며, 보통 방문 집합이 교차하는 순간 최단 경로가 완성됩니다. 중요한 점은 양쪽 모두가 BFS 레벨 순서로 확장되고 있어야 최단성이 보장된다는 것입니다. 면접에서는 만나는 순간의 거리 합을 어떻게 계산하는지, 그리고 방문 체크가 어느 쪽에서 먼저 일어나는지에 따라 구현이 달라질 수 있음을 확인합니다. 실무에서는 그래프가 크고 최단 경로가 상대적으로 짧을 때 성능 이점이 큽니다.		두 BFS가 같은 정점을 방문 집합에서 공유하는 순간 거리 합으로 판정한다	TRUE	시작점 BFS가 목표를 직접 방문할 때만 정답이다	FALSE	목표점 BFS가 끝날 때까지 항상 전체 그래프를 탐색해야 한다	FALSE	DFS로 바꾸면 더 정확한 최단 경로가 된다	FALSE	dsa	bfs	graph	
Q102	상태 공간 BFS(State Space BFS)		Data Structure & Algorithm - 탐색 알고리즘	42	CHOICE	HARD	열쇠 보유 상태처럼 추가 상태가 있는 문제에서 visited를 1차원 visited[node]로만 두면 생기는 대표적인 오류는?	상태가 있는 BFS는 같은 노드라도 상태가 다르면 다른 정점처럼 취급해야 합니다. 예를 들어 같은 칸이라도 보유한 열쇠 집합이 다르면 이후 이동 가능성이 달라집니다. visited[node]만 쓰면 열쇠를 더 많이 가진 상태로 다시 들어오는 경로가 차단되어 정답을 놓칠 수 있습니다. 면접에서는 visited를 node와 state의 조합으로 설계해야 한다는 점과, 이로 인해 공간이 커지는 트레이드오프를 설명하는지 봅니다. 실무에서도 권한, 비용, 남은 기회 같은 상태가 붙는 최단 경로 문제에서 자주 등장하는 함정입니다.		상태가 달라도 같은 노드는 모두 같은 방문으로 처리되어 정답 경로가 누락될 수 있다	TRUE	visited를 1차원으로 두면 메모리가 늘어나서 항상 느려진다	FALSE	visited를 1차원으로 두면 최단 거리가 더 정확해진다	FALSE	BFS는 상태가 있는 문제에 적용할 수 없다	FALSE	dsa	bfs	graph	
Q103	위상 정렬 사이클 판정(Kahn Cycle Check)		Data Structure & Algorithm - 탐색 알고리즘	42	CHOICE	HARD	칸 알고리즘 기반 위상 정렬에서 사이클 존재 여부를 판정하는 가장 표준적인 방법은?	칸 알고리즘은 indegree가 0인 정점부터 제거하듯이 처리해 위상 순서를 만듭니다. 사이클이 있으면 사이클 내부 정점들의 indegree가 0이 되지 않아 큐가 중간에 비게 됩니다. 따라서 처리한 정점 수가 전체 정점 수보다 작으면 사이클이 존재한다고 판정합니다. 면접에서는 왜 사이클이 있으면 indegree 0이 안 나오는지, 그리고 여러 컴포넌트가 있어도 이 판정이 유지되는지 확인합니다. 실무에서는 빌드 의존성, 작업 순서 그래프에서 순환 의존을 검출하는 기본 패턴입니다.		위상 정렬 결과에 중복 정점이 있으면 사이클이다	FALSE	처리한 정점 수가 V보다 작으면 사이클이 있다고 본다	TRUE	큐 크기가 1보다 크면 사이클이다	FALSE	DFS를 쓰지 않으면 사이클 판정이 불가능하다	FALSE	dsa	graph	bfs	
Q104	DFS 색상 마킹(Color Marking)		Data Structure & Algorithm - 탐색 알고리즘	42	CHOICE	HARD	방향 그래프에서 DFS 색상 마킹을 사용할 때 사이클을 확정하는 조건으로 가장 올바른 것은?	방향 그래프 사이클 검출은 visited 하나만으로는 부족할 수 있습니다. 보통 흰색 미방문, 회색 탐색 중, 검은색 탐색 완료의 3색 마킹을 사용합니다. DFS 중 회색 정점으로 향하는 간선을 만나면 현재 재귀 경로로 되돌아가는 것이므로 사이클입니다. 면접에서는 회색이 의미하는 바가 현재 스택에 있다는 점이라는 것을 정확히 말해야 합니다. 실무에서는 의존성 그래프에서 순환을 빠르게 검출할 때 이 패턴이 널리 쓰입니다.		검은색 정점으로 가는 간선을 만나면 사이클이다	FALSE	회색 정점으로 향하는 간선을 만나면 사이클이다	TRUE	흰색 정점만 만나면 사이클이다	FALSE	indegree가 0이면 사이클이다	FALSE	dsa	dfs	graph	
Q105	코사라주 순서(Kosaraju Order)		Data Structure & Algorithm - 탐색 알고리즘	42	CHOICE	HARD	코사라주 알고리즘에서 두 번째 DFS를 시작할 정점 순서로 가장 올바른 것은?	코사라주는 SCC를 구하기 위해 원 그래프와 역방향 그래프를 활용합니다. 첫 번째 DFS에서 얻는 핵심은 종료 시점이 늦은 정점부터 처리해야 한다는 순서입니다. 두 번째 DFS는 역방향 그래프에서 이 종료 순서를 내림차순으로 따라가며 SCC를 하나씩 뽑아냅니다. 면접에서는 왜 역방향에서 이 순서를 쓰면 SCC 경계가 깨지지 않는지 직관을 설명하는지 봅니다. 실무에서는 순환 의존 모듈을 그룹핑해 배포 순서나 영향도를 분석하는 데 유용합니다.		첫 DFS의 방문 순서 오름차순	FALSE	첫 DFS의 종료 순서 내림차순	TRUE	indegree 오름차순	FALSE	임의의 정점 순서	FALSE	dsa	dfs	graph	
Q106	로우 업데이트 규칙(Low Update Rule)		Data Structure & Algorithm - 탐색 알고리즘	42	CHOICE	HARD	무방향 그래프에서 단절점 브리지 알고리즘 DFS 중 백 간선을 만났을 때 low[v] 갱신 방식으로 가장 올바른 것은?	low 값은 자손을 포함해 조상으로 돌아갈 수 있는 가장 이른 방문 시점을 요약합니다. 무방향 그래프에서 이미 방문된 이웃 to를 만났을 때, 그 이웃이 부모가 아니라면 이는 백 간선 후보입니다. 이때 low[v]는 low[to]가 아니라 disc[to]로 갱신하는 것이 일반적입니다. 면접에서는 부모 간선을 백 간선으로 착각하지 않도록 parent 제외 조건을 함께 말해야 합니다. 실무에서는 low 갱신 대상을 헷갈리면 단절점이나 브리지 결과가 전부 틀어질 수 있습니다.		low[v] = min(low[v], low[to]) 를 항상 적용한다	FALSE	부모가 아닌 방문 정점 to에 대해 low[v] = min(low[v], disc[to]) 로 갱신한다	TRUE	방문 정점을 만나면 low를 갱신하지 않는다	FALSE	low[v]는 outdegree로만 계산한다	FALSE	dsa	dfs	graph	
Q107	BFS 레벨 간선 성질(Level Edge Property)		Data Structure & Algorithm - 탐색 알고리즘	42	CHOICE	HARD	무방향 그래프에서 BFS 레벨 dist 를 사용했을 때 임의의 간선 u v 에 대해 dist 차이에 대한 성질로 가장 올바른 것은?	BFS로 계산한 dist는 시작점으로부터의 최단 간선 수 거리입니다. 무방향 그래프에서 간선은 한 번 이동으로 연결된 관계이므로 두 끝점의 거리는 1 이상 벌어질 수 없습니다. 따라서 dist[u]와 dist[v]의 차이는 0 또는 1이 됩니다. 면접에서는 이 성질을 이용해 레벨 그래프를 해석하거나, 이분 그래프와 연결해 설명하기도 합니다. 실무에서는 레벨 기반 검증이나 그래프 구조 점검에 활용할 수 있습니다.		항상 dist 차이는 2 이상이다	FALSE	dist 차이는 항상 0 또는 1이다	TRUE	dist 차이는 항상 0이다	FALSE	dist 차이는 간선 가중치에 따라 임의다	FALSE	dsa	bfs	graph	
Q108	최단 사이클(Shortest Cycle)		Data Structure & Algorithm - 탐색 알고리즘	42	CHOICE	HARD	무가중치 무방향 그래프에서 최단 사이클 길이를 구하는 전형적 방법과 시간 복잡도 조합으로 가장 적절한 것은?	최단 사이클은 단일 BFS로는 일반적으로 바로 얻기 어렵습니다. 흔한 접근은 각 정점을 시작점으로 BFS를 수행하고, BFS 중 이미 방문한 정점으로 향하는 간선을 이용해 사이클 후보 길이를 계산하는 방식입니다. 이 방법은 정점마다 BFS를 하므로 대략 V번의 BFS가 필요합니다. 인접 리스트 기준 BFS 한 번이 O(V+E)라면 총 O(V(V+E))가 됩니다. 면접에서는 어떤 조건에서 더 빠른 최적화가 가능한지까지 확장될 수 있지만, 기본 시간 복잡도를 정확히 말하는 것이 중요합니다.		한 번의 DFS로 항상 O(V+E)에 구할 수 있다	FALSE	모든 정점에서 BFS를 돌려 O(V(V+E))로 구하는 방식이 전형적이다	TRUE	인접 행렬이면 항상 O(log V)로 구한다	FALSE	위상 정렬로 최단 사이클을 구한다	FALSE	dsa	bfs	graph	
Q109	트리 지름(Two BFS Diameter)		Data Structure & Algorithm - 탐색 알고리즘	42	CHOICE	HARD	트리에서 두 번의 BFS로 지름을 구할 수 있는 핵심 아이디어로 가장 적절한 것은?	트리는 사이클이 없고 두 정점 사이 경로가 유일합니다. 임의의 정점에서 가장 먼 정점 A를 찾으면, A는 지름의 한 끝점이 되는 성질이 있습니다. 그 다음 A에서 다시 가장 먼 정점 B를 찾으면 A와 B 사이 거리가 트리의 지름이 됩니다. 면접에서는 왜 임의 시작점에서의 최원점이 지름 끝점이 되는지 직관을 설명하는지 봅니다. 실무에서는 대형 트리 구조에서 최장 경로를 빠르게 구하는 기본 기법입니다.		임의 정점에서 최원점을 찾으면 항상 중심점이 된다	FALSE	임의 정점에서 최원점 A를 찾고 A에서 다시 최원점까지의 거리가 지름이다	TRUE	DFS를 한 번만 하면 지름이 자동으로 나온다	FALSE	위상 정렬을 하면 트리 지름이 나온다	FALSE	dsa	bfs	graph	
Q110	반복 DFS 후위 순회(Iterative Postorder DFS)		Data Structure & Algorithm - 탐색 알고리즘	42	CHOICE	HARD	재귀 없이 반복 DFS로 후위 순회 postorder 를 정확히 얻기 위해 가장 흔히 추가로 저장하는 정보는?	재귀 DFS는 호출 스택이 자연스럽게 다음 이웃 탐색 위치를 기억해줍니다. 반복 DFS로 후위 순회를 얻으려면 동일한 정보를 명시적으로 저장해야 합니다. 그래서 스택에 정점만 넣는 대신, 정점과 다음에 볼 이웃 인덱스 같은 상태를 함께 저장하는 방식이 흔합니다. 또는 방문 여부를 두 번 처리하는 방식으로 진입과 종료를 구분하기도 합니다. 면접에서는 단순 스택 DFS가 왜 후위 결과를 바로 주지 못하는지 설명하는지 확인합니다.		정점의 indegree	FALSE	정점과 다음 이웃 위치 같은 진행 상태	TRUE	간선의 가중치 합	FALSE	정점 번호 정렬 결과	FALSE	dsa	dfs	graph	
Q111	약한 연결 요소(Weakly Connected)		Data Structure & Algorithm - 탐색 알고리즘	42	CHOICE	HARD	방향 그래프에서 약한 연결 요소 weakly connected components 를 구하는 가장 표준적인 접근은?	약한 연결은 방향을 무시하고 연결성을 보는 개념입니다. 따라서 방향 그래프의 모든 간선을 무방향 간선처럼 취급한 그래프를 만들고, 그 위에서 BFS나 DFS로 컴포넌트를 구합니다. 이 방식은 강한 연결과 다르며, SCC를 구하는 것보다 단순합니다. 면접에서는 weakly와 strongly의 차이를 정확히 정의할 수 있어야 합니다. 실무에서는 웹 링크나 팔로우 그래프에서 방향은 유지하되, 군집의 대략적 연결성을 파악할 때 약한 연결을 쓰기도 합니다.		원 그래프 그대로에서 indegree 0만 모은다	FALSE	간선 방향을 무시한 무방향 그래프에서 BFS 또는 DFS로 컴포넌트를 구한다	TRUE	위상 정렬로 컴포넌트를 구한다	FALSE	다익스트라로 컴포넌트를 구한다	FALSE	dsa	graph	bfs	dfs
Q112	DFS 시간 구간 성질(Discovery Finish Interval)		Data Structure & Algorithm - 탐색 알고리즘	42	CHOICE	HARD	DFS에서 발견 시간 tin 과 종료 시간 tout 을 기록할 때 조상 자손 관계를 판정하는 대표 조건으로 가장 올바른 것은?	DFS에서 어떤 정점 u가 정점 v의 조상이면, u는 v보다 먼저 발견되고 v보다 나중에 종료됩니다. 이는 DFS가 u의 서브트리를 완전히 끝낼 때까지 u가 종료되지 않기 때문입니다. 따라서 tin[u] < tin[v] 이고 tout[u] > tout[v] 같은 구간 포함 관계가 성립합니다. 면접에서는 등호 처리와 동일 정점 케이스를 조심해야 하며, 트리 간선 기반 DFS에서 특히 깔끔하게 성립함을 언급하면 좋습니다. 실무에서는 LCA 전처리나 서브트리 질의에서 이 구간 성질을 핵심으로 사용합니다.		tin[u] > tin[v] 이면 u는 v의 조상이다	FALSE	tin[u] < tin[v] 이고 tout[u] > tout[v] 이면 u는 v의 조상이다	TRUE	tout[u] < tin[v] 이면 u는 v의 조상이다	FALSE	발견 시간만 같으면 조상이다	FALSE	dsa	dfs	graph	
Q113	0 1 BFS(Deque Rule)		Data Structure & Algorithm - 탐색 알고리즘	42	CHOICE	HARD	간선 가중치가 0 또는 1일 때 0 1 BFS에서 덱 deque 에 넣는 규칙으로 가장 올바른 것은?	0 1 BFS는 우선순위 큐 대신 덱을 사용해 비용 우선 처리를 흉내냅니다. 가중치 0 간선은 현재 거리와 같으므로 더 빨리 처리되어야 합니다. 그래서 0 간선으로 이동한 정점은 덱의 앞에 넣고, 1 간선으로 이동한 정점은 덱의 뒤에 넣습니다. 이렇게 하면 덱에서 pop되는 순서가 거리 비감소가 되도록 유지됩니다. 면접에서는 이 규칙이 0과 1이라는 제약에서만 성립한다는 점을 강조해야 합니다.		0 간선은 뒤에 넣고 1 간선은 앞에 넣는다	FALSE	0 간선은 앞에 넣고 1 간선은 뒤에 넣는다	TRUE	항상 일반 큐에만 넣는다	FALSE	항상 스택에 넣어야 한다	FALSE	dsa	bfs	graph	
Q114	벽 부수기 상태 BFS(K Breaks BFS)		Data Structure & Algorithm - 탐색 알고리즘	42	CHOICE	HARD	최대 K번까지 벽을 부술 수 있는 격자 최단 경로 문제에서 visited 설계로 가장 올바른 것은?	벽을 부술 수 있는 횟수는 경로의 미래 가능성을 바꾸는 상태입니다. 같은 칸에 도착해도 남은 벽 부수기 횟수가 다르면 이후 이동 가능성이 달라집니다. 따라서 visited를 단순히 visited[r][c]로 두면 더 좋은 상태로 재방문하는 경로가 막혀 정답을 놓칠 수 있습니다. 일반적인 해결은 visited[r][c][k]처럼 위치와 남은 기회를 함께 상태로 관리하는 것입니다. 면접에서는 상태 공간이 커질 때 시간과 메모리를 어떻게 관리할지까지 함께 물어볼 수 있습니다.		visited[r][c] 만 있으면 충분하다	FALSE	visited[r][c][used] 처럼 벽 사용 횟수 상태를 포함해야 한다	TRUE	DFS로만 해결 가능하다	FALSE	인접 행렬을 쓰면 상태가 필요 없다	FALSE	dsa	bfs	graph	
Q115	컴포넌트별 이분성 검사(Multi Component Bipartite)		Data Structure & Algorithm - 탐색 알고리즘	42	CHOICE	HARD	그래프가 여러 컴포넌트로 나뉘어 있을 때 이분 그래프 판별을 올바르게 수행하는 방법은?	이분 그래프 판별은 모든 정점이 2색 칠하기 조건을 만족해야 합니다. 컴포넌트가 여러 개인 경우 한 정점에서만 BFS를 시작하면 다른 컴포넌트는 색이 칠해지지 않습니다. 따라서 모든 정점에 대해 아직 색이 없다면 그 정점에서 BFS 또는 DFS를 시작해 색칠을 이어가야 합니다. 면접에서는 이 바깥 루프를 빠뜨려 틀리는 경우가 매우 흔합니다. 실무에서도 그래프 입력이 연결 그래프라는 보장이 없으면 반드시 전체 순회를 해야 합니다.		임의 정점 한 곳에서만 BFS를 하면 전체 판별이 끝난다	FALSE	모든 정점에 대해 미색칠이면 새로 BFS 또는 DFS를 시작한다	TRUE	indegree 0 정점만 검사하면 된다	FALSE	DFS는 이분성 검사에 사용할 수 없다	FALSE	dsa	graph	bfs	dfs
Q116	DFS 위상 정렬과 사이클 검출(Topo With Cycle Check)		Data Structure & Algorithm - 탐색 알고리즘	42	CHOICE	HARD	DFS 기반 위상 정렬을 구현할 때 그래프에 사이클이 있음을 확정하는 대표 신호는?	DFS 위상 정렬은 DAG에서만 유효합니다. 사이클이 있으면 후위 순서로 쌓더라도 위상 순서로 해석할 수 없습니다. 사이클 검출을 위해 보통 onPath 또는 3색 마킹을 함께 사용합니다. DFS 중 onPath인 정점으로 향하는 간선을 만나면 현재 경로 내에서 되돌아간 것이므로 사이클입니다. 면접에서는 visited만으로는 왜 사이클 확정이 안 되는지, 그리고 어떤 간선이 문제인지까지 구체적으로 말할 수 있어야 합니다.		visited 정점을 만나면 항상 사이클이다	FALSE	onPath 상태의 정점으로 향하는 간선을 만나면 사이클이다	TRUE	큐가 비면 사이클이다	FALSE	인접 리스트가 비면 사이클이다	FALSE	dsa	dfs	graph	
Q117	코사라주 복잡도(Kosaraju Complexity)		Data Structure & Algorithm - 탐색 알고리즘	42	CHOICE	HARD	코사라주 알고리즘의 전체 시간 복잡도로 가장 적절한 것은?	코사라주는 원 그래프에서 DFS 한 번, 역방향 그래프에서 DFS 한 번을 수행합니다. 또한 역방향 그래프를 만들기 위해 모든 간선을 한 번 뒤집어 저장하는 과정이 필요합니다. 이 모든 작업은 정점 수 V와 간선 수 E에 선형으로 비례합니다. 따라서 전체 시간은 O(V+E)로 보는 것이 일반적입니다. 면접에서는 인접 행렬이면 복잡도가 달라질 수 있음을 언급하면 더 정확한 답변이 됩니다.		O(V log V)	FALSE	O(V+E)	TRUE	O(E^2)	FALSE	O(log V)	FALSE	dsa	dfs	graph	
Q118	BFS 사전순 최단 경로(Lexicographic Shortest Path)		Data Structure & Algorithm - 탐색 알고리즘	42	CHOICE	HARD	BFS로 최단 경로 중 사전순으로 가장 앞서는 경로를 얻고 싶을 때 가장 일반적인 전략은?	BFS는 최단 거리 자체는 보장하지만, 최단 경로가 여러 개일 때 어떤 경로가 선택될지는 구현에 달려 있습니다. 사전순 같은 추가 조건이 있으면 이웃 탐색 순서를 통제해야 합니다. 보통 인접 리스트를 원하는 순서로 정렬한 뒤, 정점을 처음 발견했을 때만 parent를 기록합니다. 이후 같은 거리로 다시 도달하더라도 parent를 바꾸지 않으면 최초 발견 경로가 유지됩니다. 면접에서는 정렬 비용과 전체 복잡도 영향까지 함께 설명하면 좋습니다.		인접 리스트를 정렬하지 않고 parent를 매번 갱신한다	FALSE	이웃 순서를 정렬하고 최초 발견 시점에만 parent를 기록한다	TRUE	DFS로 바꾸면 자동으로 사전순 최단이 된다	FALSE	indegree 순으로 방문하면 사전순이 된다	FALSE	dsa	bfs	graph	
Q119	잔여 그래프(Residual Graph)		Data Structure & Algorithm - 탐색 알고리즘	42	CHOICE	HARD	최대 유량에서 잔여 그래프 residual graph 의 역할로 가장 올바른 것은?	잔여 그래프는 현재 유량 배치에서 추가로 보낼 수 있는 여유 용량을 표현합니다. 또한 이미 보낸 유량을 되돌릴 수 있는 역방향 간선 용량도 함께 표현합니다. 증가 경로 알고리즘은 잔여 그래프에서 시작점에서 도착점까지의 경로를 찾아 유량을 증강합니다. 에드몬즈 카프는 이 증가 경로를 BFS로 찾는 방식입니다. 면접에서는 잔여 용량과 역방향 간선이 왜 필요한지 설명하는지를 봅니다.		이미 사용한 간선은 완전히 삭제한 그래프다	FALSE	추가 용량과 되돌릴 수 있는 역방향 용량을 표현하는 그래프다	TRUE	가중치 최단 경로만 저장하는 그래프다	FALSE	DFS 트리만 저장하는 그래프다	FALSE	dsa	bfs	graph	
Q120	BFS 색칠과 홀수 사이클(Odd Cycle)		Data Structure & Algorithm - 탐색 알고리즘	42	CHOICE	HARD	BFS로 2색 칠하기를 수행할 때 이분 그래프가 아님을 확정하는 조건으로 가장 올바른 것은?	이분 그래프는 인접 정점끼리 서로 다른 색을 가져야 합니다. BFS로 색을 번갈아 칠하면서 진행하면, 이미 색이 칠해진 이웃을 만났을 때 색이 같다면 조건 위반입니다. 이 위반은 곧 홀수 길이 사이클이 존재함을 의미합니다. 면접에서는 색 충돌이 왜 홀수 사이클로 연결되는지, 그리고 연결 그래프가 아닐 때 전체 루프가 필요한지까지 함께 물어볼 수 있습니다. 실무에서는 충돌 검사 한 줄로 이분성 판정이 가능하다는 점이 장점입니다.		방문하지 않은 정점을 만나면 이분 그래프가 아니다	FALSE	인접한 두 정점이 같은 색으로 칠해지는 순간 이분 그래프가 아니다	TRUE	indegree가 0이면 이분 그래프가 아니다	FALSE	큐 크기가 커지면 이분 그래프가 아니다	FALSE	dsa	bfs	graph	
Q121	BFS(Breadth-First Search)		Data Structure & Algorithm - 탐색 알고리즘	42	OX	EASY	BFS는 큐(Queue)를 사용해 가까운 정점부터 단계적으로 탐색하는 알고리즘이다.	BFS는 시작 정점에서 거리가 가까운 정점들을 먼저 방문하는 탐색 방식입니다. 이를 구현할 때는 FIFO 특성을 가진 큐를 사용해 먼저 발견한 정점을 먼저 처리합니다. 이 구조 덕분에 레벨 단위로 확장되며, 무가중치 그래프에서 최단 간선 수 거리 계산에 자주 쓰입니다. 면접에서는 왜 큐가 필요한지와 visited를 언제 체크하는지까지 연결 질문이 자주 나옵니다. 실무에서도 미로 최단 이동, 단계별 확산 같은 문제에서 BFS가 정석처럼 사용됩니다.		O	TRUE	X	FALSE					dsa	bfs	graph	
Q122	DFS(Depth-First Search)		Data Structure & Algorithm - 탐색 알고리즘	42	OX	EASY	DFS는 스택(Stack) 또는 재귀 호출을 이용해 한 경로를 끝까지 탐색한 뒤 되돌아오는 방식이다.	DFS는 현재 정점에서 갈 수 있는 곳을 최대한 깊게 들어가며 탐색합니다. 재귀 호출은 내부적으로 호출 스택을 사용하므로 DFS의 동작과 잘 맞습니다. 반복 구현에서는 명시적으로 스택을 두어 같은 흐름을 만들 수 있습니다. 면접에서는 DFS가 백트래킹과 연결되는 이유, 그리고 재귀 깊이 제한 같은 주의점을 자주 확인합니다. 실무에서는 경로 탐색, 조합 탐색, 사이클 검출 등에서 많이 활용됩니다.		O	TRUE	X	FALSE					dsa	dfs	graph	
Q123	방문 배열(Visited)		Data Structure & Algorithm - 탐색 알고리즘	42	OX	EASY	그래프에 사이클이 있을 수 있으므로 BFS나 DFS에서는 visited 같은 방문 체크가 중요하다.	그래프는 트리와 달리 사이클이 존재할 수 있어 동일 정점을 계속 재방문할 위험이 있습니다. visited를 두면 이미 방문한 정점을 다시 처리하지 않게 되어 무한 루프를 예방합니다. 또한 중복 방문이 줄어들어 성능도 좋아집니다. 면접에서는 visited를 언제 true로 만드는지와, 컴포넌트가 여러 개인 경우 바깥 루프가 필요한지까지 자주 묻습니다. 실무에서는 visited는 사실상 그래프 탐색의 안전장치로 기본 탬플릿입니다.		O	TRUE	X	FALSE					dsa	graph	bfs	dfs
Q124	무가중치 최단거리(Unweighted Shortest Path)		Data Structure & Algorithm - 탐색 알고리즘	42	OX	EASY	무가중치 그래프에서 BFS로 구한 distance는 시작점에서 각 정점까지의 최단 간선 수 거리로 해석할 수 있다.	무가중치 그래프에서는 모든 간선의 비용이 동일하다고 보므로 최단 경로는 간선 개수가 가장 적은 경로입니다. BFS는 레벨 순으로 확장하므로 어떤 정점이 처음 발견될 때 그 거리가 최단이 됩니다. distance 배열에 거리 값을 기록하면 최소 이동 횟수를 쉽게 구할 수 있습니다. 면접에서는 BFS가 최단을 보장하는 이유를 레벨 개념으로 설명해 보라고 자주 합니다. 실무에서도 최소 단계 수, 최소 이동 횟수 문제에 BFS가 표준 해법입니다.		O	TRUE	X	FALSE					dsa	bfs	graph	
Q125	인접 리스트(Adjacency List)		Data Structure & Algorithm - 탐색 알고리즘	42	OX	EASY	인접 리스트는 각 정점에 연결된 이웃 정점들을 목록으로 저장하는 그래프 표현 방식이다.	인접 리스트는 정점마다 연결된 이웃들을 리스트로 저장하는 구조입니다. 희소 그래프에서 메모리를 아끼고, 실제 연결된 간선만 순회하므로 BFS DFS 구현에 자주 쓰입니다. 반면 두 정점이 연결되어 있는지 즉시 확인하려면 리스트를 탐색해야 할 수 있습니다. 면접에서는 인접 리스트와 인접 행렬의 장단점을 비교해 설명하는 질문이 많습니다. 실무에서는 정점 수가 크고 간선이 상대적으로 적은 상황에서 인접 리스트가 기본 선택입니다.		O	TRUE	X	FALSE					dsa	graph		
Q126	인접 행렬(Adjacency Matrix)		Data Structure & Algorithm - 탐색 알고리즘	42	OX	EASY	인접 행렬은 V x V 2차원 배열로 간선 존재 여부를 저장하는 방식이다.	인접 행렬은 정점 개수 V에 대해 VxV 배열을 두고 연결 여부를 저장합니다. 두 정점이 연결되어 있는지 O(1)로 확인할 수 있는 장점이 있습니다. 하지만 간선이 적어도 전체 행렬을 확보해야 하므로 메모리가 O(V^2)로 커집니다. 면접에서는 V가 커질 때 왜 비효율적인지와 BFS DFS에서 이웃 탐색 비용이 커지는 이유를 함께 묻습니다. 실무에서는 V가 작거나 연결 확인이 매우 빈번한 경우에 선택됩니다.		O	TRUE	X	FALSE					dsa	graph		
Q127	그래프(Graph)		Data Structure & Algorithm - 비선형 구조	41	OX	EASY	그래프는 정점(Vertex)과 간선(Edge)으로 관계를 표현하는 비선형 자료구조다.	그래프는 개체를 나타내는 정점과, 그 사이의 관계를 나타내는 간선으로 구성됩니다. 트리도 그래프의 한 종류지만, 그래프는 일반적으로 사이클이나 여러 경로가 허용됩니다. 면접에서는 그래프와 트리의 차이, 방향 그래프와 무방향 그래프의 차이를 기본기로 자주 확인합니다. 실무에서는 소셜 네트워크, 도로 지도, 의존성 관계 등 연결 구조를 모델링할 때 그래프가 핵심입니다. 이 개념을 정확히 잡아두면 BFS DFS 같은 탐색 알고리즘 이해가 훨씬 쉬워집니다.		O	TRUE	X	FALSE					dsa	graph		
Q128	정점(Vertex)		Data Structure & Algorithm - 비선형 구조	41	OX	EASY	정점(Vertex)은 그래프에서 노드(Node)라고도 불리며, 그래프의 구성 요소 중 하나다.	정점은 그래프에서 하나의 대상이나 상태를 의미합니다. 노드라는 용어와 거의 같은 의미로 쓰이며 문맥에 따라 혼용됩니다. 정점은 연결 관계를 가지며, 그 연결이 간선으로 표현됩니다. 면접에서는 정점 수 V, 간선 수 E 표기와 함께 기본 용어를 정확히 아는지 점검합니다. 실무에서는 사용자, 도시, 서버, 상태 등 다양한 대상을 정점으로 모델링합니다.		O	TRUE	X	FALSE					dsa	graph		
Q129	간선(Edge)		Data Structure & Algorithm - 비선형 구조	41	OX	EASY	무방향 그래프에서는 간선이 양방향 연결을 의미하며, (u,v)와 (v,u)를 동일하게 본다.	무방향 그래프에서는 연결이 방향을 갖지 않기 때문에 u에서 v로 갈 수 있으면 v에서 u로도 갈 수 있습니다. 그래서 (u,v)와 (v,u)는 같은 간선으로 취급합니다. 반면 방향 그래프에서는 출발과 도착이 구분되므로 두 쌍이 서로 다른 간선이 될 수 있습니다. 면접에서는 이 차이를 바탕으로 인접 리스트에 간선을 몇 번 저장하는지까지 이어질 수 있습니다. 실무에서는 친구 관계, 양방향 도로 같은 모델이 무방향 그래프로 표현됩니다.		O	TRUE	X	FALSE					dsa	graph		
Q130	방향 그래프(Directed Graph)		Data Structure & Algorithm - 비선형 구조	41	OX	EASY	방향 그래프에서는 간선에 방향이 있어, u에서 v로 갈 수 있어도 v에서 u로 갈 수 있다고 보장되지 않는다.	방향 그래프는 간선마다 방향이 붙어 있어 관계가 비대칭일 수 있습니다. 예를 들어 팔로우 관계나 의존성 관계는 한쪽 방향만 성립합니다. 그래서 u에서 v로 가는 간선이 있어도 반대 방향은 별도의 간선이 없으면 갈 수 없습니다. 면접에서는 방향 그래프에서 사이클 검출이 왜 onPath 같은 추가 상태가 필요한지로 확장되기도 합니다. 실무에서는 API 호출 흐름, 작업 의존 관계 등에서 방향 그래프가 많이 등장합니다.		O	TRUE	X	FALSE					dsa	graph		
Q131	연결 그래프(Connected Graph)		Data Structure & Algorithm - 비선형 구조	41	OX	EASY	무방향 그래프가 연결 그래프라면 어떤 정점에서 BFS나 DFS를 시작해도 모든 정점을 방문할 수 있다.	연결 그래프는 임의의 두 정점 사이에 경로가 존재하는 그래프입니다. 무방향 그래프가 연결이라면 한 정점에서 시작한 BFS 또는 DFS가 전체 정점을 방문합니다. 반대로 방문이 끝나도 미방문 정점이 남아 있다면 그래프는 여러 컴포넌트로 나뉜 것입니다. 면접에서는 연결 요소 개수 세기 로직과 함께 이 정의를 확인합니다. 실무에서는 네트워크가 완전히 연결되어 있는지, 섬처럼 분리된 그룹이 있는지 진단할 때 사용합니다.		O	TRUE	X	FALSE					dsa	graph	bfs	dfs
Q132	연결 요소(Connected Component)		Data Structure & Algorithm - 비선형 구조	41	OX	EASY	연결 요소는 그래프에서 서로 도달 가능한 정점들의 묶음이며, BFS나 DFS로 개수를 셀 수 있다.	연결 요소는 같은 컴포넌트 안에서는 서로 경로로 도달 가능한 정점들의 최대 집합입니다. 전체 그래프가 연결이 아니면 컴포넌트가 여러 개 존재할 수 있습니다. 이를 세려면 모든 정점을 순회하며 미방문 정점에서 BFS나 DFS를 시작해 하나의 컴포넌트를 마킹합니다. 면접에서는 바깥 for 루프를 포함한 전체 탐색 구조를 정확히 구현할 수 있는지 자주 봅니다. 실무에서는 군집 분리, 네트워크 분할 여부 분석 등에 활용됩니다.		O	TRUE	X	FALSE					dsa	graph		
Q133	BFS 최단성(BFS Optimality)		Data Structure & Algorithm - 탐색 알고리즘	42	OX	EASY	BFS는 간선 가중치가 서로 달라도 항상 최단 비용 경로를 보장한다.	BFS가 보장하는 것은 무가중치 또는 모든 간선 비용이 동일하다는 가정에서의 최단 간선 수 경로입니다. 가중치가 다르면 간선 수가 적은 경로가 비용이 최소가 아닐 수 있습니다. 이런 경우에는 다익스트라, 벨만 포드, 0 1 BFS 같은 다른 알고리즘이 필요합니다. 면접에서는 BFS와 다익스트라의 사용 조건을 구분해서 말할 수 있어야 합니다. 실무에서도 비용 모델이 있는 순간 BFS를 그대로 쓰면 오답이 되는 사례가 많습니다.		O	FALSE	X	TRUE					dsa	bfs	graph	
Q134	DFS 최단성(DFS Optimality)		Data Structure & Algorithm - 탐색 알고리즘	42	OX	EASY	DFS는 무가중치 그래프에서 항상 최단 경로를 찾아준다.	DFS는 한 경로를 깊게 파고들기 때문에 처음 발견한 경로가 최단일 보장이 없습니다. 더 짧은 경로가 다른 분기에서 존재해도 DFS는 그 분기를 나중에 보거나, 경우에 따라 아예 보지 못할 수도 있습니다. 최단 경로를 보장하려면 BFS를 사용하는 것이 일반적입니다. 면접에서는 DFS의 장점이 최단이 아니라 탐색과 백트래킹에 있다는 점을 구분해 말해야 합니다. 실무에서도 최단 거리 요구가 있으면 DFS를 그대로 쓰면 위험합니다.		O	FALSE	X	TRUE					dsa	dfs	graph	
Q135	방문 체크 시점(Visited Timing)		Data Structure & Algorithm - 탐색 알고리즘	42	OX	EASY	BFS에서 visited를 큐에 넣을 때 표시하면 같은 정점이 큐에 중복으로 들어가는 것을 줄일 수 있다.	BFS는 여러 경로로 같은 정점을 발견할 수 있어 중복 enqueue가 성능을 떨어뜨릴 수 있습니다. 큐에 넣는 순간 visited를 표시하면 이후 다른 이웃이 같은 정점을 발견하더라도 큐에 넣지 않게 되어 중복이 줄어듭니다. 반대로 dequeue 시점에 표시하면 이미 큐에 중복으로 들어간 뒤일 수 있습니다. 면접에서는 이 차이를 통해 구현 안정성과 효율성을 설명하라고 자주 묻습니다. 실무에서는 enqueue 시점 방문 체크가 표준 패턴으로 쓰입니다.		O	TRUE	X	FALSE					dsa	bfs		
Q136	그래프 입력 표현(V E)		Data Structure & Algorithm - 비선형 구조	41	OX	EASY	그래프에서 V는 정점 수, E는 간선 수를 의미하는 표기법으로 자주 사용된다.	그래프 문제에서는 입력 크기를 V와 E로 표현하는 것이 관례입니다. 알고리즘 복잡도도 O(V+E), O(V^2) 같은 형태로 자주 나타납니다. 이 표기를 정확히 이해하면 인접 리스트와 인접 행렬 중 어떤 표현을 선택할지 판단할 수 있습니다. 면접에서는 V와 E의 크기 제한을 보고 적절한 자료구조를 고르는 문제도 나옵니다. 실무에서도 그래프 성능 분석에서 기본 단위로 쓰입니다.		O	TRUE	X	FALSE					dsa	graph		
Q137	레벨(Level)		Data Structure & Algorithm - 탐색 알고리즘	42	OX	EASY	BFS에서 레벨은 시작 정점으로부터의 최단 간선 수 거리와 대응될 수 있다.	BFS는 거리 0부터 시작해 거리 1, 2 순서로 확장합니다. 그래서 레벨은 시작점에서 간선 몇 개를 거쳐 도달했는지와 동일하게 해석할 수 있습니다. 이 성질이 무가중치 최단 경로에서 BFS가 강력한 이유입니다. 면접에서는 레벨을 distance 배열과 연결해 설명해 보라고 자주 합니다. 실무에서도 시간 단계 시뮬레이션에서 레벨을 시간으로 해석하는 패턴이 자주 등장합니다.		O	TRUE	X	FALSE					dsa	bfs	graph	
Q138	BFS 큐 자료구조(FIFO)		Data Structure & Algorithm - 탐색 알고리즘	42	OX	EASY	BFS는 FIFO 성질 때문에 먼저 발견된 정점이 먼저 처리되며, 이것이 레벨 순 탐색을 가능하게 한다.	BFS는 큐를 사용하여 먼저 발견한 정점을 먼저 처리합니다. 이 FIFO 순서로 인해 한 레벨의 정점들이 처리된 뒤 다음 레벨로 넘어가게 됩니다. 이 구조가 무가중치 최단 경로 보장의 핵심 기반이 됩니다. 면접에서는 스택을 쓰면 DFS가 된다는 비교 질문이 자주 나옵니다. 실무에서도 구현 실수를 막기 위해 큐 기반 패턴을 정확히 익혀두는 것이 중요합니다.		O	TRUE	X	FALSE					dsa	bfs		
Q139	DFS 재귀(Recursion)		Data Structure & Algorithm - 탐색 알고리즘	42	OX	EASY	재귀 DFS는 호출 스택을 사용하므로, 그래프가 매우 깊으면 스택 오버플로가 날 수 있다.	재귀 DFS는 시스템 호출 스택에 프레임이 쌓이며 깊이가 커지면 스택 제한에 걸릴 수 있습니다. 특히 정점 수가 큰 긴 경로 형태의 그래프에서는 위험합니다. 이런 상황에서는 반복 DFS로 바꿔 명시적 스택을 사용하는 것이 안전합니다. 면접에서는 재귀 DFS의 장단점과 반복 구현 대안을 자주 묻습니다. 실무에서도 입력 크기가 큰 문제에서는 반복 DFS가 선호되기도 합니다.		O	TRUE	X	FALSE					dsa	dfs	graph	
Q140	그래프 탐색 종료(Traversal Completion)		Data Structure & Algorithm - 탐색 알고리즘	42	OX	EASY	visited를 올바르게 사용하면 BFS나 DFS는 유한한 그래프에서 반드시 종료한다.	그래프가 유한하고, 방문한 정점을 다시 방문하지 않도록 visited를 제대로 적용하면 탐색은 결국 끝납니다. 각 정점은 많아야 한 번 방문 처리되며, 간선도 제한된 횟수만 확인합니다. 종료 보장은 탐색 알고리즘의 중요한 안정성 조건입니다. 면접에서는 visited 없이 생길 수 있는 무한 루프 위험을 자주 예로 듭니다. 실무에서도 방문 체크 누락은 가장 흔한 버그 중 하나라 항상 주의가 필요합니다.		O	TRUE	X	FALSE					dsa	graph	bfs	dfs
Q141	트리(Tree)와 그래프(Graph)		Data Structure & Algorithm - 비선형 구조	41	OX	EASY	트리는 사이클이 없는 연결 그래프의 한 종류라고 볼 수 있다.	트리는 그래프의 특수한 형태로, 연결되어 있으면서 사이클이 없는 구조로 이해할 수 있습니다. 이 정의를 알면 트리에서 BFS DFS가 왜 단순해지는지도 함께 이해할 수 있습니다. 면접에서는 트리의 간선 수가 V-1이라는 성질로 확장 질문이 자주 나옵니다. 실무에서는 트리를 그래프로 모델링해 일반 그래프 알고리즘으로 처리하는 경우가 많습니다. 그래서 트리와 그래프의 포함 관계를 정확히 잡아두는 것이 기본기입니다.		O	TRUE	X	FALSE					dsa	graph		
Q142	트리 간선 수(E = V-1)		Data Structure & Algorithm - 비선형 구조	41	OX	EASY	정점이 V개인 트리는 항상 간선이 V-1개이다.	트리는 연결되어 있고 사이클이 없다는 조건을 만족합니다. 이 조건에서 정점이 V개면 간선은 항상 V-1개가 됩니다. 면접에서는 이 성질을 이용해 입력이 트리인지 검증하거나, 연결성과 사이클 유무를 체크하는 문제를 자주 냅니다. 실무에서도 트리 구조를 다룰 때 간선 수를 통해 데이터 정합성을 확인할 수 있습니다. 또한 V-1이라는 수식은 그래프와 트리의 차이를 설명할 때 매우 자주 등장합니다.		O	TRUE	X	FALSE					dsa	graph		
Q143	스택(Stack)과 DFS		Data Structure & Algorithm - 탐색 알고리즘	42	OX	EASY	스택을 사용해 반복적으로 구현한 DFS는 재귀 DFS와 같은 탐색 순서를 만들 수 있다.	반복 DFS는 명시적 스택을 사용해 재귀 호출 스택을 흉내냅니다. 다만 이웃을 스택에 넣는 순서에 따라 실제 방문 순서는 달라질 수 있습니다. 그래서 완전히 동일한 순서를 만들려면 이웃 처리 순서를 재귀 구현과 동일하게 맞춰야 합니다. 면접에서는 반복 DFS가 재귀 DFS와 논리는 같지만 순서는 구현 세부에 의해 달라질 수 있음을 설명하는지 봅니다. 실무에서도 동일 결과를 요구하는 테스트가 있다면 push 순서를 신경 써야 합니다.		O	FALSE	X	TRUE					dsa	dfs	graph	
Q144	큐(Queue)와 BFS		Data Structure & Algorithm - 탐색 알고리즘	42	OX	EASY	BFS는 스택이 아니라 큐를 사용하기 때문에 레벨 단위로 탐색이 진행된다.	BFS는 FIFO 큐를 이용해 먼저 발견한 정점을 먼저 처리합니다. 이 구조가 거리 1, 2, 3 순서로 퍼져나가는 레벨 탐색을 가능하게 합니다. 스택을 쓰면 가장 최근에 넣은 정점을 먼저 꺼내므로 DFS 성향으로 바뀝니다. 면접에서는 자료구조 하나만 바꿔도 탐색 전략이 바뀐다는 점을 자주 묻습니다. 실무에서는 최단 단계 수 문제에서 큐 기반 BFS가 기본입니다.		O	TRUE	X	FALSE					dsa	bfs	graph	
Q145	BFS로 연결 요소 세기		Data Structure & Algorithm - 비선형 구조	41	OX	EASY	그래프의 연결 요소 개수는 모든 정점을 돌며 미방문 정점에서 BFS DFS를 시작하는 방식으로 셀 수 있다.	연결 요소를 세는 핵심은 그래프가 연결이 아닐 수 있다는 점을 고려하는 것입니다. 한 번의 BFS나 DFS로는 한 컴포넌트만 방문할 수 있습니다. 그래서 전체 정점을 순회하며 아직 방문하지 않은 정점에서 탐색을 새로 시작해야 합니다. 면접에서는 바깥 for 루프를 빼먹는 실수를 매우 자주 체크합니다. 실무에서도 네트워크가 분리되어 있는지 진단할 때 동일한 패턴을 사용합니다.		O	TRUE	X	FALSE					dsa	graph	bfs	dfs
Q146	BFS 최단 경로 복원(Parent)		Data Structure & Algorithm - 탐색 알고리즘	42	OX	EASY	BFS에서 각 정점의 parent를 저장하면 목표 정점에서 시작 정점까지 경로를 역추적할 수 있다.	BFS는 최단 거리뿐 아니라 실제 경로도 복원할 수 있습니다. 정점을 처음 발견했을 때 parent를 기록해두면, 목표 정점에서 parent를 따라가며 시작점까지 역추적할 수 있습니다. 이렇게 얻은 경로는 뒤집어서 출력하면 됩니다. 면접에서는 parent를 언제 기록해야 최단 경로가 보장되는지까지 이어질 수 있습니다. 실무에서는 네비게이션이나 상태 전이 경로 출력에 자주 활용됩니다.		O	TRUE	X	FALSE					dsa	bfs	graph	
Q147	DFS 백트래킹(Backtracking)		Data Structure & Algorithm - 탐색 알고리즘	42	OX	EASY	DFS 기반 백트래킹에서는 재귀 호출에서 돌아올 때 상태를 원복해야 한다.	백트래킹은 한 선택을 하고 깊게 들어간 뒤, 다시 돌아와 다른 선택을 시도하는 방식입니다. 이때 visited나 경로 리스트 같은 상태를 복구하지 않으면 다음 분기 탐색이 오염됩니다. 면접에서는 visited를 되돌리지 않아 일부 경로만 탐색되는 대표 오류를 자주 예로 듭니다. 실무에서도 push 후 pop 누락, 카운트 복구 누락 같은 버그가 흔히 발생합니다. 따라서 상태 복구는 백트래킹의 핵심 규칙입니다.		O	TRUE	X	FALSE					dsa	dfs		
Q148	방향 그래프 간선 수 저장		Data Structure & Algorithm - 비선형 구조	41	OX	EASY	방향 그래프에서 간선 u to v 는 보통 인접 리스트에 u의 목록에만 추가한다.	방향 그래프에서 간선은 한 방향만 의미하므로, 인접 리스트에서는 출발 정점의 리스트에만 도착 정점을 추가합니다. 반대로 무방향 그래프는 양방향이므로 양쪽 리스트에 모두 추가합니다. 면접에서는 이 차이가 E의 해석에 어떤 영향을 주는지 묻기도 합니다. 실무에서는 방향 그래프 입력을 무방향처럼 저장해버리면 도달성 결과가 완전히 달라질 수 있어 주의해야 합니다.		O	TRUE	X	FALSE					dsa	graph		
Q149	무방향 그래프 인접 리스트 저장		Data Structure & Algorithm - 비선형 구조	41	OX	EASY	무방향 그래프에서 간선 u v 는 인접 리스트에 u에도 v를, v에도 u를 추가하는 것이 일반적이다.	무방향 그래프의 연결은 양방향 이동을 의미합니다. 그래서 인접 리스트에서는 양쪽 정점 리스트에 서로를 추가합니다. 이 때문에 구현상 저장된 간선 항목 수는 2E처럼 보일 수 있습니다. 면접에서는 이 차이를 알고리즘 복잡도 해석과 연결해 설명하는 질문이 나옵니다. 실무에서는 입력 파싱 시 한쪽만 추가하면 탐색이 누락될 수 있어 주의해야 합니다.		O	TRUE	X	FALSE					dsa	graph		
Q150	DFS와 사이클 검출(방향 그래프)		Data Structure & Algorithm - 탐색 알고리즘	42	OX	EASY	방향 그래프에서 단순히 visited만 사용하면 항상 정확하게 사이클을 검출할 수 있다.	visited만으로는 방향 그래프에서 사이클을 오탐하거나 놓칠 수 있습니다. 특히 이미 탐색이 끝난 정점으로 향하는 간선은 사이클 근거가 아닐 수 있습니다. 그래서 onPath나 3색 마킹처럼 현재 재귀 경로에 포함되었는지를 추가로 추적합니다. 면접에서는 visited와 onPath의 역할 차이를 말할 수 있어야 합니다. 실무에서도 의존성 그래프에서 순환 검출은 반드시 onPath 체크를 포함합니다.		O	FALSE	X	TRUE					dsa	dfs	graph	
Q151	BFS 레벨 순서와 distance		Data Structure & Algorithm - 탐색 알고리즘	42	OX	EASY	BFS에서 어떤 정점의 distance가 처음 설정되는 순간, 그 값은 최단 거리로 볼 수 있다.	BFS는 시작점에서 가까운 정점부터 확장하며 진행합니다. 따라서 어떤 정점이 처음 발견되어 distance가 설정될 때, 그 경로는 가장 적은 간선을 사용하는 경로입니다. 이후 다시 발견되더라도 더 짧은 경로가 나올 수 없습니다. 면접에서는 이 성질이 왜 성립하는지 레벨 개념으로 설명해보라고 합니다. 실무에서도 최단 이동 횟수 문제에서 이 규칙 덕분에 구현이 단순해집니다.		O	TRUE	X	FALSE					dsa	bfs	graph	
Q152	DFS 방문 순서의 비결정성		Data Structure & Algorithm - 탐색 알고리즘	42	OX	EASY	DFS의 방문 순서는 인접 리스트에서 이웃을 저장한 순서에 따라 달라질 수 있다.	DFS는 한 정점에서 어떤 이웃을 먼저 방문하느냐에 따라 전체 방문 순서가 달라집니다. 인접 리스트의 순서가 곧 탐색의 분기 순서를 결정합니다. 그래서 문제에서 특정 방문 순서를 요구하면 이웃 목록을 정렬하거나 순서를 강제해야 합니다. 면접에서는 방문 결과가 여러 정답이 될 수 있다는 점을 이해하는지 확인합니다. 실무에서도 테스트 케이스가 순서에 민감할 수 있어 정렬 여부를 의도적으로 선택합니다.		O	TRUE	X	FALSE					dsa	dfs	graph	
Q153	BFS 방문 순서의 비결정성		Data Structure & Algorithm - 탐색 알고리즘	42	OX	EASY	BFS도 이웃을 큐에 넣는 순서에 따라 방문 순서가 달라질 수 있다.	BFS는 레벨 순이라는 큰 틀은 고정이지만, 같은 레벨 안에서의 방문 순서는 이웃을 큐에 넣는 순서에 따라 바뀔 수 있습니다. 인접 리스트가 어떤 순서로 저장되어 있는지에 따라 enqueue 순서가 달라지기 때문입니다. 면접에서는 방문 순서가 아니라 최단 거리만이 핵심인 경우가 많다는 점도 함께 이해해야 합니다. 실무에서는 사전순 경로 같은 요구가 있으면 인접 리스트 정렬로 순서를 제어합니다.		O	TRUE	X	FALSE					dsa	bfs	graph	
Q154	그래프 탐색 시간 복잡도		Data Structure & Algorithm - 탐색 알고리즘	42	OX	EASY	인접 리스트를 사용한 BFS DFS의 시간 복잡도는 일반적으로 O(V+E)로 표현된다.	인접 리스트에서는 각 정점을 한 번 방문하고, 각 정점의 인접 간선을 순회합니다. 모든 인접 리스트 원소를 합치면 간선 수 E에 비례하므로 전체가 O(V+E)가 됩니다. 면접에서는 인접 행렬일 때 O(V^2)로 달라지는 이유도 함께 묻는 경우가 많습니다. 실무에서는 V와 E의 크기를 보고 인접 리스트를 선택하는 것이 성능에 중요합니다. 그래프 문제에서 O(V+E)는 가장 기본적인 복잡도 표현 중 하나입니다.		O	TRUE	X	FALSE					dsa	graph	bfs	dfs
Q155	BFS와 큐 중복 삽입		Data Structure & Algorithm - 탐색 알고리즘	42	OX	EASY	BFS에서 visited를 dequeue 시점에만 체크해도 최단 거리 자체는 보통 유지될 수 있다.	dequeue 시점 방문 체크는 큐 중복 삽입을 막지 못해 성능이 나빠질 수 있습니다. 하지만 distance를 최초 발견 시점에만 세팅하는 방식이라면 최단 거리 값 자체는 유지되는 경우가 많습니다. 다만 구현이 꼬이면 같은 정점이 여러 번 처리되면서 로직 오류가 날 수도 있습니다. 면접에서는 정답 유지 여부와 성능 악화를 분리해서 설명하는지를 봅니다. 실무에서는 성능과 안정성을 위해 enqueue 시점 방문 체크를 표준으로 권장합니다.		O	TRUE	X	FALSE					dsa	bfs		
Q156	DFS와 컴포넌트 분리		Data Structure & Algorithm - 비선형 구조	41	OX	EASY	그래프가 여러 컴포넌트로 분리되어 있어도 DFS 한 번이면 모든 정점을 방문할 수 있다.	DFS는 시작 정점이 속한 컴포넌트만 방문할 수 있습니다. 그래프가 분리되어 있다면 다른 컴포넌트의 정점들은 방문되지 않습니다. 따라서 전체 방문을 하려면 모든 정점을 확인하며 미방문 정점에서 DFS를 새로 시작해야 합니다. 면접에서는 이 기본 원리를 연결 요소 개수 세기와 함께 자주 묻습니다. 실무에서도 입력이 연결 그래프라는 보장이 없으면 반드시 전체 순회 로직을 넣어야 합니다.		O	FALSE	X	TRUE					dsa	dfs	graph	
Q157	자기 루프(Self-loop)		Data Structure & Algorithm - 비선형 구조	41	OX	EASY	자기 루프 self loop 는 정점 u에서 u로 연결되는 간선을 의미한다.	자기 루프는 한 정점이 자기 자신으로 향하는 간선입니다. 방향 그래프에서는 u to u, 무방향 그래프에서도 동일하게 표현될 수 있습니다. 이 간선은 사이클로 취급될 수 있으며, 이분 그래프 판별에서는 즉시 불가능 조건이 됩니다. 면접에서는 self loop가 입력에 있을 때 사이클 판정이나 제약이 어떻게 달라지는지 물을 수 있습니다. 실무에서는 데이터 모델링 오류나 특수 관계를 의미할 수 있어 입력 처리에서 주의가 필요합니다.		O	TRUE	X	FALSE					dsa	graph		
Q158	다중 간선(Multi-edge)		Data Structure & Algorithm - 비선형 구조	41	OX	EASY	다중 간선 multiedge 는 같은 두 정점 사이에 여러 간선이 존재할 수 있는 경우를 말한다.	단순 그래프는 보통 같은 두 정점 사이에 간선이 최대 하나라고 가정합니다. 하지만 다중 간선이 허용되는 그래프도 존재합니다. 이 경우 인접 리스트에는 동일한 이웃이 여러 번 들어갈 수 있어 BFS DFS에서 중복 처리가 늘어날 수 있습니다. 면접에서는 입력이 단순 그래프인지 멀티그래프인지에 따라 구현이 달라질 수 있음을 강조하면 좋습니다. 실무에서는 도로가 여러 개 있거나, 관계가 여러 종류로 중복될 때 멀티엣지가 모델이 될 수 있습니다.		O	TRUE	X	FALSE					dsa	graph		
Q159	BFS에서 큐에 들어가는 최대 크기		Data Structure & Algorithm - 탐색 알고리즘	42	OX	EASY	BFS는 최악의 경우 큐에 O(V)개의 정점이 들어갈 수 있다.	BFS는 같은 레벨의 정점들이 한꺼번에 큐에 쌓일 수 있습니다. 예를 들어 너비가 큰 그래프에서는 큐가 매우 커질 수 있습니다. 그래서 BFS의 추가 공간은 visited와 함께 O(V)로 보는 경우가 일반적입니다. 면접에서는 DFS와 비교해 메모리 사용 패턴이 다르다는 점을 함께 말하면 좋습니다. 실무에서도 메모리 제약이 빡빡하면 BFS 대신 다른 접근을 고민해야 할 수 있습니다.		O	TRUE	X	FALSE					dsa	bfs	graph	
Q160	DFS 재귀 깊이		Data Structure & Algorithm - 탐색 알고리즘	42	OX	EASY	재귀 DFS의 호출 깊이는 그래프에서 최악의 경우 O(V)까지 커질 수 있다.	DFS는 한 경로를 끝까지 파고들기 때문에 그래프 형태에 따라 매우 깊어질 수 있습니다. 특히 긴 사슬 구조에서는 정점 수만큼 재귀가 깊어질 수 있습니다. 이 경우 언어 런타임의 스택 한계를 넘으면 스택 오버플로가 발생합니다. 면접에서는 반복 DFS로 바꾸는 대안과, 깊이 제한 환경에서의 주의점을 자주 확인합니다. 실무에서도 입력이 크다면 재귀 DFS를 그대로 쓰는 것은 위험할 수 있습니다.		O	TRUE	X	FALSE					dsa	dfs	graph	
Q161	BFS 조기 종료(Early Exit)		Data Structure & Algorithm - 탐색 알고리즘	42	OX	MEDIUM	무가중치 그래프에서 목표 정점을 BFS로 탐색할 때, 목표 정점을 처음 발견한 순간 바로 종료해도 최단 거리 보장은 유지된다.	BFS는 레벨 순으로 확장되므로 어떤 정점이 처음 발견되는 순간 그 정점까지의 거리는 최단입니다. 따라서 목표 정점이 큐에 들어가는 순간 또는 방문 표시가 되는 순간에 종료해도 최단 거리 값은 보장됩니다. 다만 구현에서 distance를 설정하는 시점과 종료 시점이 일치해야 합니다. 면접에서는 발견 시점 종료와 pop 시점 종료의 차이를 물어보며, parent 기록 시점도 함께 점검합니다. 실무에서는 목표 하나만 필요한 경우 조기 종료로 탐색 비용을 크게 줄일 수 있습니다.		O	TRUE	X	FALSE					dsa	bfs	graph	
Q162	DFS 백 간선(Back Edge)과 사이클		Data Structure & Algorithm - 탐색 알고리즘	42	OX	MEDIUM	방향 그래프 DFS에서 onPath 상태의 정점으로 향하는 간선을 만나면 사이클이 존재한다고 볼 수 있다.	방향 그래프에서 사이클 검출은 현재 재귀 경로에 포함된 정점으로 되돌아가는 간선을 찾는 것이 핵심입니다. onPath 또는 3색 마킹의 회색은 현재 DFS 스택 위에 있다는 의미입니다. 따라서 onPath 정점으로 향하는 간선은 백 간선으로 해석되며 사이클을 강하게 시사합니다. 면접에서는 visited만으로는 오탐이 가능하다는 점과 함께 onPath가 왜 필요한지 설명해야 합니다. 실무에서도 의존성 그래프 순환 검출에 같은 원리가 사용됩니다.		O	TRUE	X	FALSE					dsa	dfs	graph	
Q163	BFS 최단 경로 수 세기(Count)		Data Structure & Algorithm - 탐색 알고리즘	42	OX	MEDIUM	무가중치 그래프에서 BFS로 최단 경로 개수를 세려면, 같은 거리로 도달한 경우에도 count를 누적해야 한다.	최단 거리와 최단 경로 개수는 동시에 관리할 수 있습니다. 어떤 정점 u가 처음 도달되면 count[u]를 부모 count로 설정합니다. 그리고 dist[u]가 dist[v]+1인 다른 부모 v를 또 만나면 같은 최단 거리 경로가 하나 더 생기는 것이므로 count[u]에 count[v]를 더해야 합니다. 면접에서는 최초 도달과 동일 거리 도달을 분리하는 조건문을 정확히 쓰는지 봅니다. 실무에서는 최단 경로 다양성 분석이나 경우의 수 계산에 활용됩니다.		O	TRUE	X	FALSE					dsa	bfs	graph	
Q164	BFS 레벨 처리(Queue Size)		Data Structure & Algorithm - 탐색 알고리즘	42	OX	MEDIUM	BFS에서 레벨 단위 처리는 레벨 시작 시점의 큐 크기를 저장하고 그 수만큼만 pop하는 방식으로 구현할 수 있다.	BFS는 같은 거리에 있는 정점들이 한 레벨을 이룹니다. 레벨 단위로 작업하려면 레벨 시작 시 큐에 들어있는 원소 수만큼만 처리하고, 그 과정에서 새로 들어오는 원소들은 다음 레벨로 넘깁니다. 이 패턴은 확산 시뮬레이션, 단계별 시간 증가 문제에서 매우 자주 쓰입니다. 면접에서는 레벨과 distance의 관계를 자연스럽게 설명할 수 있어야 합니다. 실무에서도 시간 단위로 퍼지는 문제를 모델링할 때 핵심 구현입니다.		O	TRUE	X	FALSE					dsa	bfs		
Q165	반복 DFS 방문 마킹 시점		Data Structure & Algorithm - 탐색 알고리즘	42	OX	MEDIUM	반복 DFS에서 push 시점에 visited를 마킹하면 같은 정점이 스택에 중복으로 들어가는 것을 줄일 수 있다.	반복 DFS는 여러 경로로 같은 정점을 push할 수 있어 중복 스택 삽입이 발생할 수 있습니다. push 시점에 visited를 true로 두면 이후 다른 이웃이 해당 정점을 발견해도 push하지 않아 중복이 줄어듭니다. pop 시점에 마킹하면 이미 중복이 쌓인 뒤라 성능이 나빠질 수 있습니다. 면접에서는 방문 마킹 시점이 성능과 순서에 미치는 영향을 구분해 설명하는지 봅니다. 실무에서는 대규모 그래프에서 중복 삽입이 치명적이라 push 마킹이 선호됩니다.		O	TRUE	X	FALSE					dsa	dfs	graph	
Q166	상태 포함 visited 설계(State)		Data Structure & Algorithm - 탐색 알고리즘	42	OX	MEDIUM	열쇠 보유 여부 같은 상태가 있는 BFS 문제에서는 visited를 위치와 상태의 조합으로 관리해야 정답을 놓치지 않는다.	상태가 있는 문제에서는 같은 위치라도 상태가 다르면 이후 이동 가능성이 달라집니다. 예를 들어 열쇠를 가진 상태로 도달하면 잠긴 문을 열 수 있지만, 열쇠가 없으면 못 엽니다. 따라서 visited를 단순히 위치만으로 두면, 더 좋은 상태로 다시 방문해야 하는 정답 경로가 차단될 수 있습니다. 면접에서는 상태 공간이 커지는 트레이드오프를 함께 이야기하면 좋습니다. 실무에서도 남은 기회, 비용, 권한 같은 상태가 붙는 문제에서 동일 원리가 적용됩니다.		O	TRUE	X	FALSE					dsa	bfs	graph	
Q167	이분 그래프 판별(Color Conflict)		Data Structure & Algorithm - 탐색 알고리즘	42	OX	MEDIUM	BFS로 2색 칠하기를 할 때, 인접한 두 정점이 같은 색이 되는 순간 이분 그래프가 아니다.	이분 그래프는 정점을 두 그룹으로 나누어 모든 간선이 서로 다른 그룹을 잇도록 할 수 있는 그래프입니다. BFS 또는 DFS로 색을 번갈아 칠하면서 인접 정점의 색이 같아지는 충돌이 발생하면 이분성이 깨집니다. 이 충돌은 보통 홀수 길이 사이클이 존재함을 의미합니다. 면접에서는 충돌 조건을 정확히 말하고, 연결 그래프가 아니면 컴포넌트별로 반복해야 함을 언급하면 좋습니다. 실무에서는 간단한 색 배열로 빠르게 판별 가능합니다.		O	TRUE	X	FALSE					dsa	bfs	graph	
Q168	위상 정렬과 DFS 후위 처리		Data Structure & Algorithm - 탐색 알고리즘	42	OX	MEDIUM	DFS 기반 위상 정렬에서는 정점을 모든 이웃 탐색이 끝난 뒤에 기록하고, 최종 결과는 역순으로 사용한다.	DFS 위상 정렬은 후위 순회 postorder 를 이용합니다. 어떤 정점에서 나가는 간선을 모두 따라가 처리한 뒤에 해당 정점을 결과에 넣습니다. 이렇게 쌓인 순서는 선행 정점이 뒤에 쌓이기 때문에 역순으로 읽거나 스택 pop으로 출력해야 올바른 위상 순서가 됩니다. 면접에서는 종료 시점 기록의 의미와 왜 뒤집는지 논리적으로 설명해야 합니다. 실무에서는 DAG 의존성 순서를 만들 때 매우 자주 쓰입니다.		O	TRUE	X	FALSE					dsa	dfs	graph	
Q169	Kahn 위상 정렬의 사이클 판정		Data Structure & Algorithm - 탐색 알고리즘	42	OX	MEDIUM	Kahn 알고리즘에서 처리한 정점 수가 V보다 작으면 사이클이 있다고 판단할 수 있다.	Kahn 알고리즘은 indegree가 0인 정점을 큐에 넣고 하나씩 제거하며 위상 순서를 만듭니다. 사이클이 존재하면 그 사이클 내부 정점들은 indegree가 0이 되지 않아 큐가 중간에 비게 됩니다. 그래서 최종적으로 처리한 정점 수가 V보다 작으면 사이클이 있다고 판정합니다. 면접에서는 왜 사이클이면 indegree 0이 나오지 않는지 설명하는지를 봅니다. 실무에서도 빌드 의존성, 작업 순서에서 순환 의존 검출에 그대로 쓰입니다.		O	TRUE	X	FALSE					dsa	graph	bfs	
Q170	DFS 시간 구간으로 조상 판정		Data Structure & Algorithm - 탐색 알고리즘	42	OX	MEDIUM	DFS에서 tin tout 을 기록하면 tin[u] < tin[v] 이고 tout[u] > tout[v] 인지로 u가 v의 조상인지 판정할 수 있다.	DFS는 한 정점의 서브트리를 모두 탐색한 뒤에야 그 정점이 종료됩니다. 이 때문에 조상 정점의 방문 종료 구간은 자손 정점의 구간을 포함하는 형태가 됩니다. 그래서 tin과 tout을 기록하면 구간 포함 관계로 조상 자손 관계를 빠르게 판정할 수 있습니다. 면접에서는 등호 처리, 동일 정점 케이스, 그리고 이 성질이 DFS 트리 기반이라는 전제를 명확히 하는지 봅니다. 실무에서는 서브트리 질의, LCA 전처리 등에서 많이 활용됩니다.		O	TRUE	X	FALSE					dsa	dfs		
Q171	BFS에서 distance 초기값		Data Structure & Algorithm - 탐색 알고리즘	42	OX	MEDIUM	BFS distance 배열은 보통 -1로 초기화하고 시작점만 0으로 두면 방문 여부와 거리를 동시에 표현할 수 있다.	distance 배열을 -1로 초기화하면 아직 도달하지 못한 상태를 표현할 수 있습니다. 시작 정점은 거리가 0이므로 0으로 설정하고 큐에 넣습니다. 이후 어떤 정점의 distance가 -1이면 미방문으로 판단해 처리할 수 있어 visited를 별도로 두지 않아도 되는 경우가 많습니다. 면접에서는 0 초기화가 위험한 이유와 함께 이 패턴을 많이 물어봅니다. 실무에서도 -1 초기화는 가장 흔한 BFS 템플릿입니다.		O	TRUE	X	FALSE					dsa	bfs		
Q172	DFS 모든 경로 탐색과 visited 복구		Data Structure & Algorithm - 탐색 알고리즘	42	OX	MEDIUM	DFS로 모든 단순 경로를 탐색하려면 재귀 복귀 시 visited를 false로 되돌리는 방식이 필요할 수 있다.	모든 경로 탐색은 하나의 경로에서 사용한 정점을 다른 경로에서는 다시 사용할 수 있어야 합니다. 그래서 백트래킹 DFS에서는 들어갈 때 visited를 true로, 돌아올 때 false로 되돌려 다른 분기를 탐색합니다. 단, 그래프에 사이클이 있는 경우 단순 경로의 정의를 명확히 해야 하며, 조건에 따라 되돌리지 않는 방식이 더 적절할 수도 있습니다. 면접에서는 visited 복구를 빼먹으면 일부 경로만 탐색된다는 점을 확인합니다. 실무에서는 경로 생성 문제에서 상태 복구가 핵심 버그 포인트입니다.		O	TRUE	X	FALSE					dsa	dfs	graph	
Q173	BFS에서 parent 갱신		Data Structure & Algorithm - 탐색 알고리즘	42	OX	MEDIUM	BFS로 최단 경로를 복원할 때는 같은 정점을 더 긴 거리로 다시 발견하더라도 parent를 갱신하지 않는 것이 일반적이다.	BFS에서는 정점을 처음 발견했을 때가 최단 거리로 도달한 순간입니다. 그래서 parent는 최초 발견 시점에 한 번만 설정하는 것이 일반적입니다. 이후 더 긴 경로로 다시 만나 parent를 바꾸면 복원된 경로가 최단이 아닐 수 있습니다. 면접에서는 parent를 여러 번 갱신하면 어떤 문제가 생기는지 질문이 자주 나옵니다. 실무에서도 최단 경로 출력 문제의 표준 구현 규칙입니다.		O	TRUE	X	FALSE					dsa	bfs	graph	
Q174	SCC와 연결 요소의 차이		Data Structure & Algorithm - 탐색 알고리즘	42	OX	MEDIUM	방향 그래프에서 연결 요소 connected component 와 SCC strongly connected component 는 같은 개념이다.	연결 요소는 보통 무방향 그래프에서 도달 가능성 기준으로 정의되는 개념입니다. 방향 그래프에서는 방향을 무시하면 약한 연결 요소가 되고, 방향을 고려해 서로 왕복 도달 가능한 집합이 SCC입니다. 즉 SCC는 양방향 도달성이라는 더 강한 조건을 요구합니다. 면접에서는 weakly와 strongly의 차이를 정확히 구분해 설명할 수 있어야 합니다. 실무에서는 의존성 그래프에서 순환 그룹을 찾을 때 SCC가 필수입니다.		O	FALSE	X	TRUE					dsa	graph	dfs	
Q175	BFS와 큐 순서 보장		Data Structure & Algorithm - 탐색 알고리즘	42	OX	MEDIUM	BFS에서 큐에 들어간 순서는 항상 distance 오름차순으로만 유지되므로, visited를 pop 시점에 체크해도 중복 enqueue가 절대 발생하지 않는다.	BFS 큐는 레벨 순 확장을 따르지만, visited를 pop 시점에만 체크하면 같은 레벨 또는 인접한 레벨에서 동일 정점이 여러 번 큐에 들어갈 수 있습니다. 큐에 들어가는 순서가 distance 단조성을 가지더라도, 중복 enqueue 자체는 막지 못합니다. 그래서 일반적으로 enqueue 시점에 방문 체크를 합니다. 면접에서는 최단성 유지와 중복 삽입 방지라는 두 목표를 분리해 이해하는지를 봅니다. 실무에서는 중복 삽입이 성능을 크게 악화시킬 수 있습니다.		O	FALSE	X	TRUE					dsa	bfs		
Q176	DFS 반복 구현과 탐색 순서		Data Structure & Algorithm - 탐색 알고리즘	42	OX	MEDIUM	반복 DFS에서 이웃을 스택에 넣는 순서를 바꾸면 방문 순서가 달라질 수 있다.	반복 DFS는 스택의 LIFO 특성 때문에 push 순서가 방문 순서에 직접 영향을 줍니다. 같은 그래프라도 이웃을 어떤 순서로 push하느냐에 따라 실제 방문 결과가 달라질 수 있습니다. 그래서 특정 방문 순서를 요구하는 문제에서는 이웃 정렬이나 push 역순 처리 같은 디테일이 중요합니다. 면접에서는 재귀 DFS와 반복 DFS의 순서 차이가 왜 생기는지 설명하라고 합니다. 실무에서도 테스트 재현성을 위해 순서를 고정하는 경우가 많습니다.		O	TRUE	X	FALSE					dsa	dfs	graph	
Q177	BFS 최단성 전제 조건		Data Structure & Algorithm - 탐색 알고리즘	42	OX	MEDIUM	BFS가 최단 거리를 보장하려면 간선 비용이 동일하다는 전제가 필요하다.	BFS는 레벨 순 확장을 통해 간선 개수가 최소인 경로를 찾습니다. 이게 비용 최소와 같아지려면 모든 간선 비용이 동일해야 합니다. 비용이 다르면 간선 수가 적더라도 비용이 더 클 수 있어 BFS가 오답이 될 수 있습니다. 면접에서는 BFS와 다익스트라, 0 1 BFS의 적용 조건을 구분하는 질문이 자주 나옵니다. 실무에서도 비용 모델을 확인하지 않고 BFS를 쓰면 장애가 발생할 수 있습니다.		O	TRUE	X	FALSE					dsa	bfs	graph	
Q178	무방향 그래프 사이클 검출		Data Structure & Algorithm - 탐색 알고리즘	42	OX	MEDIUM	무방향 그래프에서 DFS로 사이클을 검출할 때는 현재 정점의 부모 정점을 제외하고 방문된 정점을 만나면 사이클로 볼 수 있다.	무방향 그래프에서는 간선이 양방향이므로, DFS 중 항상 부모로 되돌아가는 간선을 만나게 됩니다. 이 간선을 사이클로 오해하면 안 되므로 parent를 추적해 부모 간선을 제외합니다. 그리고 부모가 아닌 방문 정점을 다시 만나면 우회 경로가 존재한다는 뜻이므로 사이클로 판단합니다. 면접에서는 parent 제외 조건을 빼먹는 실수를 자주 잡습니다. 실무에서도 무방향 사이클 검출 구현의 핵심 포인트입니다.		O	TRUE	X	FALSE					dsa	dfs	graph	
Q179	BFS로 그래프 지름		Data Structure & Algorithm - 탐색 알고리즘	42	OX	MEDIUM	임의 그래프에서 두 번의 BFS를 하면 항상 그래프의 지름을 정확히 구할 수 있다.	두 번의 BFS로 지름을 구하는 기법은 트리에서 성립하는 성질입니다. 일반 그래프에서는 임의 시작점에서 최원점을 찾는 방식이 지름 끝점을 보장하지 않을 수 있습니다. 따라서 두 번 BFS가 항상 지름을 준다고 말할 수 없습니다. 면접에서는 트리 지름과 일반 그래프 지름을 구분하는 기본기를 확인합니다. 실무에서도 그래프 지름은 더 복잡한 알고리즘이나 여러 BFS가 필요할 수 있습니다.		O	FALSE	X	TRUE					dsa	bfs	graph	
Q180	DFS로 목표 탐색 조기 종료		Data Structure & Algorithm - 탐색 알고리즘	42	OX	MEDIUM	DFS에서 재귀 반환값 boolean 을 사용하면 목표를 찾은 뒤 불필요한 탐색을 줄이도록 조기 종료할 수 있다.	DFS는 기본적으로 전체를 탐색하지만, 목표를 찾는 문제라면 찾는 순간 멈추는 것이 효율적입니다. 재귀 함수가 boolean을 반환하게 하면 하위 호출에서 목표 발견 여부를 상위 호출로 전달할 수 있습니다. 상위 호출은 true를 받으면 추가 분기를 탐색하지 않고 즉시 반환해 조기 종료를 구현합니다. 면접에서는 이 패턴과 전역 플래그 방식의 차이를 물어볼 수 있습니다. 실무에서도 트리나 그래프에서 특정 노드 검색 시 흔히 쓰이는 최적화입니다.		O	TRUE	X	FALSE					dsa	dfs		
Q181	간선 수와 차수(Degree)		Data Structure & Algorithm - 비선형 구조	41	OX	MEDIUM	무방향 그래프에서 모든 정점의 차수 합은 2E와 같다.	무방향 그래프에서는 간선 하나가 양 끝점 두 정점의 차수에 각각 1씩 기여합니다. 그래서 전체 차수 합은 간선 수 E의 두 배인 2E가 됩니다. 이 성질은 handshaking lemma로 알려져 있으며 그래프 기본 성질 중 가장 자주 등장합니다. 면접에서는 이 성질로 홀수 차수 정점의 개수가 항상 짝수임을 유도할 수 있는지 묻기도 합니다. 실무에서는 입력 그래프 검증이나 통계 계산에서 간단한 sanity check로 활용됩니다.		O	TRUE	X	FALSE					dsa	graph		
Q182	방향 그래프 차수 합(In/Out)		Data Structure & Algorithm - 비선형 구조	41	OX	MEDIUM	방향 그래프에서 모든 정점의 outdegree 합은 E와 같고, indegree 합도 E와 같다.	방향 그래프에서 간선 하나는 정확히 한 정점의 outdegree를 1 증가시키고, 한 정점의 indegree를 1 증가시킵니다. 그래서 전체 outdegree 합은 간선 수 E와 같고, indegree 합도 E와 같습니다. 면접에서는 이 성질을 이용해 입력 오류를 빠르게 잡는 방법을 물을 수 있습니다. 또한 indegree 0 정점이 존재하는지 같은 위상 정렬 전제와 연결되기도 합니다. 실무에서도 그래프 통계를 계산할 때 기본적으로 쓰이는 성질입니다.		O	TRUE	X	FALSE					dsa	graph		
Q183	BFS에서 dist 배열만으로 방문 표현		Data Structure & Algorithm - 탐색 알고리즘	42	OX	MEDIUM	BFS에서 dist를 -1로 초기화하면 dist가 -1이 아닌지로 방문 여부를 판단할 수 있어 visited 배열이 없어도 된다.	dist를 -1로 두면 미방문 상태를 자연스럽게 표현할 수 있습니다. 방문 시 dist를 0 이상으로 설정하면 그 자체가 방문 표시가 됩니다. 이 방식은 구현을 단순화하고, distance와 visited를 일관되게 관리할 수 있게 해줍니다. 면접에서는 시작점 dist를 0으로 두는 이유와, unreachable 처리를 어떻게 하는지까지 이어질 수 있습니다. 실무에서도 BFS 템플릿으로 매우 널리 쓰이는 패턴입니다.		O	TRUE	X	FALSE					dsa	bfs		
Q184	DFS 종료 시점 기록과 위상 정렬		Data Structure & Algorithm - 탐색 알고리즘	42	OX	MEDIUM	DFS 기반 위상 정렬은 종료 시점에 push한 뒤 역순으로 읽으면 선행 정점이 먼저 나오도록 만들 수 있다.	DFS 위상 정렬은 postorder를 이용합니다. 어떤 정점의 모든 후행 정점을 먼저 처리한 다음에 그 정점을 기록합니다. 이렇게 쌓인 결과는 선행 정점이 나중에 기록되는 형태라 역순으로 읽어야 올바른 위상 순서가 됩니다. 면접에서는 왜 선행이 나중에 기록되는지, 그리고 스택 pop 방식으로도 동일 효과를 얻는지 설명할 수 있어야 합니다. 실무에서는 DAG 의존성 정렬에서 많이 쓰입니다.		O	TRUE	X	FALSE					dsa	dfs	graph	
Q185	양방향 BFS 적용 조건		Data Structure & Algorithm - 탐색 알고리즘	42	OX	MEDIUM	양방향 BFS는 목표가 하나로 명확하고, 그래프가 무가중치일 때 성능 이점을 기대하기 좋다.	양방향 BFS는 시작점과 목표점에서 동시에 BFS를 수행해 탐색 깊이를 줄입니다. 특히 최단 경로 길이가 짧고 그래프의 branching factor가 큰 경우 탐색 공간이 크게 줄어듭니다. 하지만 목표가 여러 개이거나 도착 조건이 복잡하면 적용이 까다로울 수 있습니다. 면접에서는 만나는 지점에서 거리 합을 계산하는 방법과 visited를 두 집합으로 관리하는 이유를 묻습니다. 실무에서는 단일 목표 최단 경로에서 성능 최적화 옵션으로 고려됩니다.		O	TRUE	X	FALSE					dsa	bfs	graph	
Q186	DFS에서 재귀 깊이와 반복 대안		Data Structure & Algorithm - 탐색 알고리즘	42	OX	MEDIUM	재귀 DFS가 스택 오버플로 위험이 있으면 반복 DFS로 바꾸고 명시적 스택을 사용하는 것이 대안이 될 수 있다.	재귀 DFS는 호출 스택을 사용하므로 깊이가 큰 그래프에서 스택 제한을 넘을 수 있습니다. 반복 DFS는 명시적 스택 자료구조를 사용해 같은 논리를 안전하게 구현합니다. 이때 방문 처리 시점과 push 순서에 따라 방문 순서가 달라질 수 있다는 점도 이해해야 합니다. 면접에서는 언어별 재귀 제한을 아는지보다, 위험을 인지하고 대안을 제시하는지를 봅니다. 실무에서는 입력 규모가 크면 반복 구현이 더 안전한 선택이 됩니다.		O	TRUE	X	FALSE					dsa	dfs	graph	
Q187	무방향 그래프 사이클 검출의 parent 제외		Data Structure & Algorithm - 탐색 알고리즘	42	OX	MEDIUM	무방향 그래프에서 DFS로 사이클을 찾을 때는 방문된 이웃이 부모 정점인지 확인하고, 부모가 아니라면 사이클로 판단한다.	무방향 그래프는 양방향 간선 때문에 DFS 중 항상 부모 정점으로 되돌아가는 간선을 마주칩니다. 이를 사이클로 오해하면 안 되므로 parent를 추적해 예외 처리합니다. 부모가 아닌 방문된 정점을 만난다면 우회 경로가 존재한다는 뜻이므로 사이클로 볼 수 있습니다. 면접에서는 parent 제외 조건을 빠뜨리는 실수가 매우 흔한 포인트입니다. 실무에서도 무방향 그래프 사이클 검출 구현의 핵심 규칙입니다.		O	TRUE	X	FALSE					dsa	dfs	graph	
Q188	BFS 최단 경로 복원과 parent 기록 시점		Data Structure & Algorithm - 탐색 알고리즘	42	OX	MEDIUM	BFS로 최단 경로를 복원하려면 parent는 정점을 처음 발견할 때 한 번만 설정하는 것이 일반적이다.	BFS에서 정점의 최초 발견은 최단 거리 도달을 의미합니다. 그래서 parent를 그 시점에만 기록하면 복원되는 경로가 최단이 됩니다. 이후 같은 정점에 더 긴 경로로 도달했을 때 parent를 갱신하면 최단 경로 성질이 깨질 수 있습니다. 면접에서는 왜 최초 발견이 최단인지, 그리고 같은 거리로 도달할 때 parent를 바꿔도 되는지 같은 변형 질문이 나올 수 있습니다. 실무에서는 원칙적으로 최초 설정을 유지하는 구현이 안전합니다.		O	TRUE	X	FALSE					dsa	bfs	graph	
Q189	BFS로 최단 경로 개수 세기		Data Structure & Algorithm - 탐색 알고리즘	42	OX	MEDIUM	최단 경로 개수를 세는 BFS에서는 dist가 같은 최단 조건을 만족할 때만 count를 더해야 한다.	최단 경로 개수는 모든 경로를 세는 것이 아니라 최단 거리 경로만 세야 합니다. 그래서 어떤 간선 v to u에 대해 dist[u] == dist[v] + 1인 경우에만 u로 가는 최단 경로가 추가되는 것입니다. 이때 count[u]에 count[v]를 더해 누적합니다. 면접에서는 최초 방문과 동일 최단 거리 도달을 분리하는 조건식을 정확히 쓰는지를 봅니다. 실무에서도 경우의 수가 커질 수 있어 모듈러 연산과 함께 나오는 경우가 많습니다.		O	TRUE	X	FALSE					dsa	bfs	graph	
Q190	이분 그래프와 홀수 사이클		Data Structure & Algorithm - 탐색 알고리즘	42	OX	MEDIUM	그래프가 이분 그래프가 아니면 홀수 길이 사이클이 존재한다고 볼 수 있다.	이분 그래프의 대표 성질 중 하나는 홀수 사이클이 없다는 것입니다. 반대로 홀수 사이클이 존재하면 2색 칠하기가 불가능해 이분 그래프가 아닙니다. BFS나 DFS로 색칠을 하다 색 충돌이 발생하는 상황은 보통 홀수 사이클을 암시합니다. 면접에서는 이 성질을 증명 수준으로 설명하라고 하진 않지만, 직관적으로라도 연결할 수 있어야 합니다. 실무에서는 이 성질 덕분에 충돌 검출 한 줄로 판정이 가능합니다.		O	TRUE	X	FALSE					dsa	graph	bfs	dfs
Q191	SCC 축약 그래프 성질		Data Structure & Algorithm - 탐색 알고리즘	42	OX	MEDIUM	SCC로 그래프를 축약하면 항상 DAG가 된다.	SCC는 방향 그래프에서 서로 왕복 도달 가능한 정점들의 최대 집합입니다. 각 SCC를 하나의 노드로 압축하면 더 이상 강한 연결 사이클이 남지 않아 축약 그래프는 DAG가 됩니다. 만약 축약 그래프에 사이클이 있다면, 그 사이클에 포함된 SCC들은 서로 도달 가능하므로 더 큰 SCC로 합쳐져야 하기 때문입니다. 면접에서는 이 성질을 이용해 의존성 순서를 만든다는 흐름을 설명하곤 합니다. 실무에서는 순환 의존 그룹을 SCC로 묶고 DAG 위에서 처리 순서를 설계합니다.		O	TRUE	X	FALSE					dsa	dfs	graph	
Q192	SCC와 Kosaraju 두 번 DFS		Data Structure & Algorithm - 탐색 알고리즘	42	OX	MEDIUM	코사라주 알고리즘은 원 그래프와 역방향 그래프에서 DFS를 각각 한 번씩 수행해 SCC를 구한다.	코사라주는 SCC를 구하기 위한 대표 알고리즘입니다. 첫 DFS는 종료 순서를 얻기 위한 것이고, 두 번째 DFS는 역방향 그래프에서 종료 순서 내림차순으로 탐색하며 SCC를 하나씩 추출합니다. 핵심은 종료 순서가 SCC 경계를 올바르게 지켜준다는 점입니다. 면접에서는 왜 역방향에서 탐색하는지, 종료 순서와의 관계를 설명하는 질문이 자주 나옵니다. 실무에서도 구현이 비교적 간단해 SCC 분석에 많이 쓰입니다.		O	TRUE	X	FALSE					dsa	dfs	graph	
Q193	BFS 조기 종료 시점		Data Structure & Algorithm - 탐색 알고리즘	42	OX	MEDIUM	목표 정점 하나의 최단 거리만 필요하다면 BFS는 목표를 큐에서 pop할 때까지 기다리지 않고 발견 시점에 종료해도 된다.	BFS에서 어떤 정점이 처음 발견되는 순간 그 정점까지의 거리는 최단입니다. 따라서 목표 정점의 최단 거리만 필요하다면 발견 시점 종료가 가능합니다. 다만 parent 복원이나 최단 경로 개수 같은 추가 정보가 필요하면 종료 시점이 달라질 수 있습니다. 면접에서는 발견 종료와 pop 종료의 차이를 구분해 설명하는지를 봅니다. 실무에서는 조기 종료를 적용하면 큰 그래프에서 실행 시간이 크게 줄 수 있습니다.		O	TRUE	X	FALSE					dsa	bfs	graph	
Q194	인접 행렬 BFS 복잡도		Data Structure & Algorithm - 탐색 알고리즘	42	OX	MEDIUM	인접 행렬로 BFS를 구현하면 한 정점의 이웃을 찾기 위해 V개를 훑어야 하므로 총 시간은 O(V^2)이 될 수 있다.	인접 행렬에서는 어떤 정점 u의 이웃을 찾으려면 행 u의 모든 열을 검사해야 합니다. 즉 이웃 탐색이 O(V)이고, 이를 V개 정점에 대해 반복하면 O(V^2)까지 커질 수 있습니다. 반면 인접 리스트는 실제 간선만 순회하므로 희소 그래프에서 훨씬 유리합니다. 면접에서는 입력 제한을 보고 행렬과 리스트를 선택하는 판단을 요구할 수 있습니다. 실무에서는 V가 큰 그래프에서 인접 행렬은 메모리와 시간 모두 부담이 큽니다.		O	TRUE	X	FALSE					dsa	bfs	graph	
Q195	DFS 순환 검출에서 visited만 사용		Data Structure & Algorithm - 탐색 알고리즘	42	OX	MEDIUM	방향 그래프의 사이클 검출에서 visited만으로도 항상 정확한 판정이 가능하다.	방향 그래프에서는 visited만으로 사이클을 판정하면 오탐이 발생할 수 있습니다. 이미 탐색이 끝난 정점으로 향하는 간선은 현재 경로 사이클과 무관할 수 있기 때문입니다. 그래서 onPath 또는 3색 마킹을 사용해 현재 DFS 스택에 있는 정점을 구분합니다. 면접에서는 회색으로 향하는 간선이 사이클이라는 규칙을 정확히 말할 수 있어야 합니다. 실무에서도 의존성 그래프 사이클 검출은 onPath 체크가 사실상 표준입니다.		O	FALSE	X	TRUE					dsa	dfs	graph	
Q196	BFS에서 중복 enqueue 가능성		Data Structure & Algorithm - 탐색 알고리즘	42	OX	MEDIUM	BFS에서 visited를 pop 시점에만 체크하면 같은 정점이 큐에 여러 번 들어갈 수 있다.	큐에 넣을 때 방문 표시를 하지 않으면, 같은 정점을 여러 이웃이 각각 발견해 큐에 넣을 수 있습니다. 이 경우 정답은 유지되더라도 큐가 커지고 처리 시간이 늘어날 수 있습니다. 그래서 일반적으로 enqueue 시점에 방문 체크를 합니다. 면접에서는 최단성 보장과 성능 최적화를 분리해서 설명하는지를 봅니다. 실무에서는 특히 격자 BFS에서 중복 enqueue가 시간 초과 원인이 되곤 합니다.		O	TRUE	X	FALSE					dsa	bfs		
Q197	약한 연결 요소(Weakly Connected)		Data Structure & Algorithm - 탐색 알고리즘	42	OX	MEDIUM	방향 그래프의 약한 연결 요소는 간선 방향을 무시하고 BFS DFS로 컴포넌트를 구하면 된다.	약한 연결은 방향을 무시하고 연결성만 보는 개념입니다. 따라서 방향 그래프의 간선을 무방향으로 취급한 뒤, BFS나 DFS로 연결 요소를 구하면 약한 연결 요소가 됩니다. 이는 SCC처럼 왕복 도달성을 요구하는 강한 연결 요소와 다릅니다. 면접에서는 weakly와 strongly를 혼동하지 않도록 정의를 명확히 해야 합니다. 실무에서는 방향을 유지하되 대략적인 군집을 보고 싶을 때 약한 연결을 사용하기도 합니다.		O	TRUE	X	FALSE					dsa	graph	bfs	dfs
Q198	Kahn 위상 정렬과 큐 초기화		Data Structure & Algorithm - 탐색 알고리즘	42	OX	MEDIUM	Kahn 위상 정렬은 시작 시 indegree가 0인 정점들을 모두 큐에 넣고 시작한다.	Kahn 알고리즘은 indegree 0 정점을 먼저 처리하며 간선을 제거하듯 진행합니다. 그래서 시작 단계에서 indegree 0인 정점을 전부 큐에 넣어야 합니다. 그래프가 여러 컴포넌트로 나뉘어 있어도, indegree 0 정점들을 모두 넣어야 위상 순서를 놓치지 않습니다. 면접에서는 indegree 0이 여러 개일 때 결과가 여러 개 가능하다는 점도 함께 묻습니다. 실무에서는 빌드 순서나 작업 순서를 만드는 데 널리 쓰입니다.		O	TRUE	X	FALSE					dsa	graph	bfs	
Q199	BFS와 0 1 BFS 구분		Data Structure & Algorithm - 탐색 알고리즘	42	OX	MEDIUM	간선 가중치가 0 또는 1만 있을 때는 일반 BFS로도 항상 최단 비용을 구할 수 있다.	가중치가 0과 1이라도 비용이 동일하지 않으므로 일반 BFS는 비용 최단을 보장하지 않습니다. 예를 들어 0 간선을 많이 타는 경로가 더 싸지만, 간선 수가 더 많을 수 있습니다. 이때는 덱을 사용하는 0 1 BFS나 우선순위 큐 기반 다익스트라가 필요합니다. 면접에서는 0 1 BFS의 덱 규칙을 설명할 수 있는지 확인합니다. 실무에서도 벽 부수기, 비용 0 1 이동 문제에서 일반 BFS를 쓰면 오답이 됩니다.		O	FALSE	X	TRUE					dsa	bfs	graph	
Q200	DFS로 부분 그래프 탐색 최적화		Data Structure & Algorithm - 탐색 알고리즘	42	OX	MEDIUM	DFS에서 목표를 찾는 문제는 반환값이나 전역 플래그로 조기 종료를 구현해 불필요한 분기 탐색을 줄일 수 있다.	DFS는 기본적으로 가능한 경로를 깊게 탐색하므로 목표를 찾으면 더 이상 탐색할 필요가 없는 경우가 많습니다. 재귀 함수가 boolean을 반환하도록 하면 하위 호출에서 목표 발견 여부를 상위 호출로 전달할 수 있습니다. 또는 전역 플래그를 두어 목표를 찾은 뒤 추가 탐색을 차단할 수도 있습니다. 면접에서는 이런 최적화를 적용할 때도 visited와 상태 복구가 올바르게 유지되는지까지 확인합니다. 실무에서도 큰 트리나 그래프에서 특정 노드 하나만 찾는 경우 조기 종료는 효과적입니다.		O	TRUE	X	FALSE					dsa	dfs	graph	
Q201	BFS와 0-1 BFS 적용 구분		Data Structure & Algorithm - 탐색 알고리즘	42	OX	HARD	간선 가중치가 0과 1로만 구성된 그래프에서는 일반 BFS로도 항상 최단 비용 경로를 구할 수 있다.	일반 BFS는 간선 수가 최소인 경로를 찾는 알고리즘이라, 모든 간선 비용이 동일할 때만 비용 최단과 일치합니다. 0과 1의 비용이 섞이면 간선 수가 더 많아도 비용이 더 작은 경로가 생길 수 있어 BFS가 오답이 됩니다. 이 경우 덱을 이용해 0 간선은 앞에, 1 간선은 뒤에 넣는 0-1 BFS가 비용 최단을 보장합니다. 면접에서는 왜 덱으로 다익스트라를 흉내낼 수 있는지와, 조건이 0/1일 때만 성립한다는 점을 강조하는지 봅니다. 실무에서도 벽 부수기, 비용 0/1 이동 문제에서 필수 패턴입니다.		O	FALSE	X	TRUE					dsa	bfs	graph	
Q202	상태 공간 BFS visited 설계		Data Structure & Algorithm - 탐색 알고리즘	42	OX	HARD	벽을 최대 K번 부술 수 있는 최단 경로 문제에서 visited를 visited[r][c]로만 두어도 정답을 항상 찾을 수 있다.	같은 칸이라도 벽을 몇 번 부쉈는지에 따라 이후 선택지가 달라지는 상태 공간 문제입니다. visited를 위치만으로 두면, 더 유리한 상태로 다시 도달해야 하는 경우가 차단되어 정답이 누락될 수 있습니다. 그래서 visited[r][c][used] 또는 남은 기회까지 포함한 3차원 방문 관리가 필요합니다. 면접에서는 상태가 늘어날 때 시간과 메모리 증가를 어떻게 감당하는지도 자주 묻습니다. 실무에서도 키 보유, 남은 점프, 남은 비용 같은 상태가 붙는 문제에서 동일한 함정이 반복됩니다.		O	FALSE	X	TRUE					dsa	bfs	graph	
Q203	DFS 3색 마킹과 사이클 판정		Data Structure & Algorithm - 탐색 알고리즘	42	OX	HARD	방향 그래프에서 3색 마킹 DFS를 할 때 회색 정점으로 향하는 간선을 만나면 사이클이 확정된다.	3색 마킹에서 회색은 현재 DFS 스택에 있다는 의미입니다. 현재 경로 위의 정점으로 되돌아가는 간선은 순환 경로가 존재한다는 뜻이므로 사이클이 됩니다. 반대로 검은색 정점은 탐색이 끝난 정점이므로 그쪽으로 가는 간선은 사이클 근거가 아닐 수 있습니다. 면접에서는 회색과 검은색의 의미를 정확히 구분해서 말하는지 확인합니다. 실무에서는 의존성 그래프 순환 검출에 이 패턴이 매우 널리 쓰입니다.		O	TRUE	X	FALSE					dsa	dfs	graph	
Q204	Kosaraju 두 번째 DFS 시작 순서		Data Structure & Algorithm - 탐색 알고리즘	42	OX	HARD	코사라주 알고리즘은 두 번째 DFS를 첫 번째 DFS의 종료 시간 오름차순으로 시작해야 SCC가 올바르게 나온다.	코사라주에서 핵심은 첫 DFS의 종료 시간이 큰 정점부터 처리해야 한다는 점입니다. 따라서 두 번째 DFS는 종료 시간 내림차순 순서로 역방향 그래프에서 시작합니다. 오름차순으로 시작하면 SCC 경계를 보장할 수 없어 결과가 깨질 수 있습니다. 면접에서는 왜 내림차순이 필요한지, 역방향 그래프와 어떤 관계가 있는지 설명하는지 봅니다. 실무에서 구현할 때 스택에 push한 뒤 pop하는 방식이 흔한 이유도 여기에 있습니다.		O	FALSE	X	TRUE					dsa	dfs	graph	
Q205	Kahn 위상 정렬 사이클 판정		Data Structure & Algorithm - 탐색 알고리즘	42	OX	HARD	Kahn 위상 정렬에서 큐가 비었는데 처리하지 못한 정점이 남아 있다면 그래프에 사이클이 있다고 볼 수 있다.	Kahn 알고리즘은 indegree 0 정점을 계속 제거합니다. 사이클이 있으면 사이클 내부 정점들은 indegree가 0이 되지 않아 큐에 들어오지 않습니다. 그래서 큐가 비었는데도 처리되지 않은 정점이 남으면 순환 의존이 있다는 뜻입니다. 면접에서는 처리한 정점 수가 V보다 작은지로 판정한다는 표현도 같이 많이 사용됩니다. 실무에서는 빌드 의존성, 작업 흐름에서 순환 검출의 정석입니다.		O	TRUE	X	FALSE					dsa	graph	bfs	
Q206	트리 지름 Two BFS 일반화		Data Structure & Algorithm - 탐색 알고리즘	42	OX	HARD	임의의 무방향 그래프에서도 임의 정점에서 BFS로 최원점 A를 찾고 A에서 다시 BFS하면 항상 그래프의 지름을 정확히 구할 수 있다.	이 방법은 트리에서는 성립하지만 일반 그래프에서는 항상 성립하지 않습니다. 일반 그래프에서는 임의 시작점에서의 최원점이 지름의 끝점이 아닐 수 있고, 두 번 BFS가 지름보다 짧은 값을 줄 수 있습니다. 면접에서는 트리와 일반 그래프의 차이를 구분하는지, 그리고 일반 그래프 지름을 구하려면 여러 BFS 또는 더 복잡한 방법이 필요함을 이해하는지 봅니다. 실무에서도 큰 일반 그래프에서는 근사 지름을 구할 때는 두 번 BFS를 쓰기도 하지만, 정확성 보장은 별개입니다.		O	FALSE	X	TRUE					dsa	bfs	graph	
Q207	BFS 최단 사이클 계산		Data Structure & Algorithm - 탐색 알고리즘	42	OX	HARD	무가중치 무방향 그래프에서 최단 사이클 길이를 정확히 구하려면 보통 모든 정점에서 BFS를 수행해야 한다.	최단 사이클은 한 번의 BFS로 항상 잡히지 않을 수 있어, 흔히 각 정점을 시작점으로 BFS를 돌립니다. BFS 중 이미 방문된 정점을 다른 경로로 만났을 때 사이클 후보 길이를 계산해 최솟값을 갱신합니다. 이 방식은 대략 V번 BFS를 수행하므로 시간은 O(V(V+E)) 수준이 됩니다. 면접에서는 왜 한 번 BFS로는 일반적으로 부족한지와, 계산 시 parent를 이용해 trivial한 역방향 간선을 제외하는지 같은 디테일도 물어볼 수 있습니다. 실무에서는 V가 큰 경우 최적화나 다른 접근을 고민해야 합니다.		O	TRUE	X	FALSE					dsa	bfs	graph	
Q208	DFS tin tout 조상 판정의 전제		Data Structure & Algorithm - 탐색 알고리즘	42	OX	HARD	DFS의 tin tout 구간 포함으로 조상 판정은 DFS 트리에서만 의미가 있고, 임의의 그래프의 모든 간선 관계에서 조상 의미로 해석하면 오류가 날 수 있다.	tin tout 포함 관계는 DFS가 만든 탐색 트리 구조에서 조상 자손을 판정하는 데 유효합니다. 그래프에는 트리 간선 외에도 백 간선, 전방 간선, 교차 간선이 존재할 수 있어 모든 간선 관계를 조상 개념으로 해석하면 혼동이 생깁니다. 따라서 이 성질은 DFS 트리의 구조적 관계를 말하는 것임을 분명히 해야 합니다. 면접에서는 이 성질을 LCA나 서브트리 쿼리에 적용할 때 전제가 무엇인지 자주 묻습니다. 실무에서도 그래프에서 트리 성질과 그래프 성질을 섞어 쓰면 버그가 나기 쉽습니다.		O	TRUE	X	FALSE					dsa	dfs	graph	
Q209	BFS로 최단 경로 개수 세기 조건		Data Structure & Algorithm - 탐색 알고리즘	42	OX	HARD	최단 경로 개수를 세는 BFS에서 dist[u]가 dist[v]+1일 때만 count[u]에 count[v]를 더해야 최단 경로만 누적된다.	최단 경로 개수는 최단 거리 조건을 만족하는 부모들만 누적해야 합니다. dist[u]가 dist[v]+1인 경우는 v를 통해 u로 가면 최단 거리로 u에 도달하는 경우입니다. dist가 더 크면 더 긴 경로이므로 누적하면 안 되고, dist가 더 작으면 u가 v보다 앞 레벨이라 성립하지 않습니다. 면접에서는 최초 방문 시 count 초기화와 동일 최단 거리 도달 시 누적을 분리하는 구현을 정확히 요구합니다. 실무에서는 모듈러 연산과 overflow 처리까지 함께 고려해야 하는 경우가 많습니다.		O	TRUE	X	FALSE					dsa	bfs	graph	
Q210	반복 DFS 후위 순회 구현 난점		Data Structure & Algorithm - 탐색 알고리즘	42	OX	HARD	반복 DFS로 후위 순회를 정확히 얻으려면 정점과 함께 다음에 탐색할 이웃 인덱스 같은 진행 상태를 스택에 저장하는 방식이 흔하다.	재귀 DFS는 호출 스택이 현재 정점에서 어느 이웃까지 처리했는지 자연스럽게 기억해줍니다. 반복 DFS는 이 정보를 명시적으로 저장해야 동일한 종료 시점 처리를 구현할 수 있습니다. 그래서 스택에 정점만 저장하는 대신, 정점과 진행 인덱스 또는 진입/종료 플래그를 같이 저장하는 방식이 흔합니다. 면접에서는 단순 스택 DFS가 왜 후위 순서 결과를 바로 만들기 어려운지 설명하는지 봅니다. 실무에서는 재귀 제한을 피하면서도 정확한 종료 이벤트가 필요할 때 이 패턴을 사용합니다.		O	TRUE	X	FALSE					dsa	dfs	graph	
Q211	약한 연결 요소 계산 방식		Data Structure & Algorithm - 탐색 알고리즘	42	OX	HARD	방향 그래프의 약한 연결 요소는 간선 방향을 유지한 채 BFS DFS를 하면 SCC와 동일한 결과가 나온다.	약한 연결 요소는 방향을 무시하고 연결성을 보는 개념입니다. 방향을 유지하면 도달 가능성이 비대칭이 되어 SCC나 단순 도달 집합과 섞이게 됩니다. SCC는 왕복 도달성을 요구하는 강한 연결 요소로 약한 연결과 전혀 다릅니다. 따라서 약한 연결을 구하려면 방향을 무시한 무방향 그래프로 바꾸고 컴포넌트를 계산해야 합니다. 면접에서는 weakly와 strongly의 정의를 정확히 구분하는지를 강하게 봅니다.		O	FALSE	X	TRUE					dsa	graph	bfs	dfs
Q212	SCC 축약 그래프 DAG 성질		Data Structure & Algorithm - 탐색 알고리즘	42	OX	HARD	SCC로 축약한 그래프가 DAG가 되는 이유는 축약 그래프에 사이클이 있다면 그 사이클의 SCC들이 사실 하나의 더 큰 SCC로 합쳐질 수 있기 때문이다.	SCC 축약 그래프가 DAG라는 것은 매우 중요한 성질입니다. 만약 축약 그래프에서 사이클이 있다면, 그 사이클을 따라 서로 도달 가능하므로 사이클에 포함된 SCC들은 상호 도달 가능 관계가 됩니다. 그러면 원래부터 그들은 하나의 SCC로 묶였어야 하므로 모순입니다. 면접에서는 이 논리를 말로 풀어낼 수 있는지, 그리고 이 성질로 SCC DAG 위에서 위상 정렬이 가능해진다는 점까지 연결하는지 봅니다. 실무에서는 순환 의존 그룹을 SCC로 묶고 DAG 순서로 배포 전략을 설계합니다.		O	TRUE	X	FALSE					dsa	dfs	graph	
Q213	무방향 그래프 low 갱신 규칙		Data Structure & Algorithm - 탐색 알고리즘	42	OX	HARD	무방향 그래프 단절점/브리지 DFS에서 방문된 이웃 to가 부모가 아니라면 low[v]를 disc[to]로 갱신하는 것이 일반적이다.	low 값은 v의 서브트리에서 조상으로 올라갈 수 있는 가장 빠른 방문 시점을 나타냅니다. 무방향 그래프에서 이미 방문된 이웃을 만났을 때, 그 이웃이 부모가 아니라면 이는 백 간선 후보입니다. 이 경우 low[v]는 low[to]가 아니라 disc[to]로 갱신하는 것이 표준입니다. 면접에서는 parent 간선을 제외하지 않으면 항상 잘못된 low가 나온다는 점을 강조합니다. 실무에서도 low 갱신 대상 혼동은 브리지/단절점 결과를 전부 틀리게 만드는 대표 버그입니다.		O	TRUE	X	FALSE					dsa	dfs	graph	
Q214	BFS 레벨 간선 차이 성질		Data Structure & Algorithm - 탐색 알고리즘	42	OX	HARD	무방향 그래프에서 BFS로 얻은 dist에 대해 임의의 간선 u v 는 dist 차이가 0 또는 1만 가능하다.	무방향 그래프에서 간선은 한 번 이동으로 연결되므로, 한 정점에서 이웃으로 가면 거리는 최대 1만 변합니다. BFS dist는 최단 간선 수 거리이므로 이웃 정점 간 dist 차이는 1을 초과할 수 없습니다. 그래서 dist[u]와 dist[v]의 차이는 0 또는 1이 됩니다. 면접에서는 이 성질을 레벨 그래프나 이분성 판단 등으로 확장해 물을 수 있습니다. 실무에서도 레벨 기반 검증이나 디버깅 시 유용한 성질입니다.		O	TRUE	X	FALSE					dsa	bfs	graph	
Q215	BFS 조기 종료와 parent 복원		Data Structure & Algorithm - 탐색 알고리즘	42	OX	HARD	BFS에서 목표를 발견한 순간 종료하더라도, parent를 발견 시점에 설정해 두었다면 최단 경로 복원이 가능하다.	BFS에서 목표 정점이 처음 발견되는 순간은 최단 거리 도달 순간입니다. 그때 parent를 기록해두면 목표에서 parent를 따라가며 경로를 역추적할 수 있습니다. 따라서 pop까지 기다리지 않아도 최단 경로 복원 자체는 가능합니다. 다만 최단 경로 개수나 같은 레벨의 다른 후보까지 필요하면 조기 종료가 적절하지 않을 수 있습니다. 면접에서는 무엇이 필요한 출력인지에 따라 종료 시점이 달라진다는 점을 구분하는지 봅니다. 실무에서도 목표 하나만 필요하면 조기 종료가 큰 성능 이점이 됩니다.		O	TRUE	X	FALSE					dsa	bfs	graph	
Q216	다중 시작점 BFS(Multi-source BFS)		Data Structure & Algorithm - 탐색 알고리즘	42	OX	HARD	다중 시작점 BFS는 여러 시작점을 큐에 dist 0으로 모두 넣고 시작하면, 각 정점에 대해 가장 가까운 시작점까지의 거리를 구할 수 있다.	다중 시작점 BFS는 여러 소스에서 동시에 퍼져나가는 형태로 동작합니다. 시작점들을 모두 dist 0으로 큐에 넣으면, BFS 레벨 확장 특성상 어떤 정점이 처음 방문될 때는 가장 가까운 소스에서 도달한 것입니다. 그래서 각 정점의 dist는 가장 가까운 시작점까지의 최단 거리로 해석됩니다. 면접에서는 이 패턴이 확산 문제, 최단 거리 맵 생성에서 어떻게 쓰이는지 자주 묻습니다. 실무에서도 여러 감염원, 여러 출발지에서의 최소 거리 계산에 핵심적으로 사용됩니다.		O	TRUE	X	FALSE					dsa	bfs	graph	
Q217	BFS에서 교차 간선 해석		Data Structure & Algorithm - 탐색 알고리즘	42	OX	HARD	BFS에서 어떤 간선이 같은 레벨 정점끼리 연결되어 있으면 그 그래프는 반드시 이분 그래프가 아니다.	같은 레벨 정점끼리 간선이 있다는 것은 dist가 같은 두 정점이 연결되어 있다는 뜻입니다. 하지만 이것만으로 이분 그래프가 아닌 것은 아닙니다. 이분 그래프 여부는 2색 칠하기가 가능한지로 결정되며, BFS 레벨이 곧 색을 의미하도록 칠할 수 있을 때만 레벨 간선이 문제가 됩니다. 시작점 하나의 dist 기준 레벨은 색칠의 한 방법일 뿐, 전체 그래프의 이분성 판정을 단정할 수 없습니다. 면접에서는 레벨과 2색 칠하기를 혼동하지 말아야 합니다. 실무에서도 이분성은 BFS 색칠로 직접 판정해야 합니다.		O	FALSE	X	TRUE					dsa	bfs	graph	
Q218	DFS 경로와 단순 경로 정의		Data Structure & Algorithm - 탐색 알고리즘	42	OX	HARD	그래프에서 단순 경로는 같은 정점을 두 번 이상 방문하지 않는 경로이며, 이를 DFS로 생성하려면 방문 체크를 경로 단위로 관리해야 한다.	단순 경로는 정점 반복이 없는 경로를 의미합니다. 그래프에서 모든 단순 경로를 생성하려면 현재 경로에서만의 방문 여부를 추적해야 하므로 백트래킹이 필요합니다. 즉 들어갈 때 visited를 true로 하고, 되돌아올 때 false로 복구해 다른 분기에서 정점을 다시 사용할 수 있게 해야 합니다. 면접에서는 전역 visited로 처리하면 왜 경로가 누락되는지 설명하는 질문이 자주 나옵니다. 실무에서는 경로 탐색 문제에서 상태 복구가 가장 흔한 버그 포인트입니다.		O	TRUE	X	FALSE					dsa	dfs	graph	
Q219	DFS 교차 간선과 사이클		Data Structure & Algorithm - 탐색 알고리즘	42	OX	HARD	방향 그래프 DFS에서 교차 간선 cross edge 를 발견하면 반드시 사이클이 존재한다고 결론낼 수 있다.	교차 간선은 DFS 트리에서 서로 조상 자손 관계가 아닌 두 정점 사이의 간선입니다. 교차 간선 자체는 사이클의 충분조건이 아닙니다. 사이클을 확정하려면 현재 경로 위의 정점으로 되돌아가는 백 간선, 즉 onPath 또는 회색 정점으로 향하는 간선이 필요합니다. 면접에서는 전방/교차/백 간선 분류와 사이클 판정 조건을 정확히 구분하는지를 봅니다. 실무에서도 잘못된 간선 분류로 사이클 오탐을 내는 실수가 자주 발생합니다.		O	FALSE	X	TRUE					dsa	dfs	graph	
Q220	SCC 알고리즘 복잡도		Data Structure & Algorithm - 탐색 알고리즘	42	OX	HARD	코사라주 알고리즘은 인접 리스트 기준으로 전체 시간 복잡도가 O(V+E)로 알려져 있다.	코사라주는 원 그래프 DFS 1번과 역방향 그래프 DFS 1번을 수행합니다. 역방향 그래프를 만들기 위해 간선을 한 번 순회하는 작업도 필요하지만 이 역시 O(E)입니다. 따라서 전체는 O(V+E)로 선형 시간에 수행됩니다. 면접에서는 인접 행렬이면 이 비용이 달라질 수 있음을 덧붙이면 더 정확합니다. 실무에서는 대형 그래프에서 SCC를 빠르게 구하는 대표적인 선형 알고리즘으로 활용됩니다.		O	TRUE	X	FALSE					dsa	dfs	graph	
Q221	BFS와 Dijkstra의 경계		Data Structure & Algorithm - 탐색 알고리즘	42	OX	HARD	간선 가중치가 모두 양수이기만 하면 BFS로도 최단 비용 경로를 항상 구할 수 있다.	BFS는 간선 수가 최소인 경로를 찾는 알고리즘이라, 비용이 모두 동일할 때만 비용 최단과 일치합니다. 가중치가 모두 양수라도 서로 다르면, 간선 수가 적은 경로가 비용이 최소가 아닐 수 있습니다. 이런 경우에는 우선순위 큐 기반 다익스트라가 정답을 보장합니다. 면접에서는 BFS가 최단을 보장하는 조건을 명확히 말할 수 있어야 합니다. 실무에서도 비용 모델이 조금이라도 들어가면 BFS를 그대로 쓰는 것은 위험합니다.		O	FALSE	X	TRUE					dsa	bfs	graph	
Q222	DAG 최단 경로와 BFS		Data Structure & Algorithm - 탐색 알고리즘	42	OX	HARD	DAG에서 가중치가 있어도 위상 정렬 후 DP로 최단 경로를 구할 수 있으므로 BFS가 필수는 아니다.	DAG는 사이클이 없어서 위상 정렬 순서로 정점을 처리할 수 있습니다. 이 순서로 간선을 relax 하면 다익스트라 없이도 가중치 최단 경로를 구할 수 있습니다. BFS는 무가중치 조건에서만 최단 비용을 보장하므로, DAG 가중치 문제에서 BFS가 유일한 답이 아닙니다. 면접에서는 DAG 최단 경로가 O(V+E)로 가능하다는 점을 알고 있는지 확인합니다. 실무에서는 작업 의존 그래프처럼 DAG인 경우 DP 방식이 단순하고 빠릅니다.		O	TRUE	X	FALSE					dsa	graph	bfs	
Q223	0-1 BFS 덱 규칙		Data Structure & Algorithm - 탐색 알고리즘	42	OX	HARD	0-1 BFS에서는 가중치 0 간선은 덱 앞에, 가중치 1 간선은 덱 뒤에 넣어야 비용 최단이 보장된다.	0-1 BFS는 다익스트라의 우선순위 큐를 덱으로 대체한 특수 케이스입니다. 비용이 0이면 현재 거리와 동일하므로 더 빨리 처리되어야 해 덱 앞에 넣습니다. 비용이 1이면 거리 1이 증가하므로 덱 뒤에 넣어 뒤에서 처리됩니다. 이렇게 하면 덱에서 pop되는 순서가 거리 비내림차순이 되어 최단 비용이 보장됩니다. 면접에서는 왜 0/1일 때만 이 최적화가 성립하는지도 함께 묻습니다. 실무에서는 비용 0/1 그래프 최단 경로의 정석 패턴입니다.		O	TRUE	X	FALSE					dsa	bfs	graph	
Q224	다중 시작점 BFS와 최단 거리 맵		Data Structure & Algorithm - 탐색 알고리즘	42	OX	HARD	다중 시작점 BFS는 모든 시작점을 dist 0으로 큐에 넣으면, 각 정점은 가장 가까운 시작점까지의 최단 거리를 갖게 된다.	다중 시작점 BFS는 여러 소스에서 동시에 파동이 퍼지는 형태로 동작합니다. BFS의 레벨 순 특성 때문에 어떤 정점이 처음 방문될 때는 가장 가까운 소스에서 도달한 것입니다. 그래서 dist는 가장 가까운 시작점까지의 최단 거리로 해석됩니다. 면접에서는 시작점을 모두 큐에 넣는 이유와, visited 처리를 한 번만 하는 이유를 확인합니다. 실무에서는 여러 감염원, 여러 출발지의 최소 거리 계산에 자주 사용됩니다.		O	TRUE	X	FALSE					dsa	bfs	graph	
Q225	양방향 BFS 종료 조건		Data Structure & Algorithm - 탐색 알고리즘	42	OX	HARD	양방향 BFS는 두 탐색 프론티어가 처음 만나는 순간의 거리 합이 항상 최단 거리다.	양방향 BFS는 보통 두 쪽에서 레벨 단위로 확장할 때 최단을 보장합니다. 하지만 구현에서 레벨 동기화가 깨지면 처음 만나는 순간이 최단이 아닐 수 있습니다. 예를 들어 한쪽을 과도하게 먼저 확장하면 만남 시점이 최단보다 늦어질 수 있습니다. 면접에서는 레벨 단위 확장과 만남 조건을 어떻게 정의하는지, 그리고 dist 배열을 두 개 두는 이유를 묻습니다. 실무에서도 올바르게 구현하면 최단이지만, '처음 만남'을 무조건 최단으로 단정하는 표현은 구현 전제를 포함해야 안전합니다.		O	FALSE	X	TRUE					dsa	bfs	graph	
Q226	DFS로 단절점 판정 조건		Data Structure & Algorithm - 탐색 알고리즘	42	OX	HARD	무방향 그래프에서 DFS 단절점은 어떤 자식 to에 대해 low[to] >= disc[v] 이면 v가 단절점일 수 있다는 조건을 사용한다.	단절점 articulation point 는 제거했을 때 그래프가 분리되는 정점입니다. DFS 트리에서 자식 서브트리가 조상으로 되돌아갈 수 없으면 그 서브트리는 v를 통해서만 위로 연결됩니다. 이때 low[to] >= disc[v]이면 to 서브트리가 v의 조상으로 올라가는 백 간선이 없다는 뜻이라 v가 단절점 후보가 됩니다. 면접에서는 루트 정점은 자식이 2개 이상일 때만 단절점이라는 예외 조건도 자주 묻습니다. 실무에서는 네트워크 취약 지점 분석에서 사용됩니다.		O	TRUE	X	FALSE					dsa	dfs	graph	
Q227	DFS로 브리지 판정 조건		Data Structure & Algorithm - 탐색 알고리즘	42	OX	HARD	무방향 그래프에서 DFS 브리지 간선 v-to 는 low[to] > disc[v] 일 때 브리지로 판정한다.	브리지 bridge 는 제거하면 그래프가 분리되는 간선입니다. DFS 트리 간선 v-to에 대해, to 서브트리가 v 또는 그 조상으로 되돌아가는 백 간선이 전혀 없다면 그 간선이 유일한 연결 통로입니다. 이때 low[to] > disc[v]가 성립합니다. 면접에서는 >= 가 아니라 > 인 이유를 설명하라고도 합니다. 실무에서도 단절점과 함께 핵심 인프라 링크 찾기에 쓰입니다.		O	TRUE	X	FALSE					dsa	dfs	graph	
Q228	브리지와 단절점의 관계		Data Structure & Algorithm - 탐색 알고리즘	42	OX	HARD	브리지가 존재하면 그 브리지의 양 끝 정점은 항상 단절점이다.	브리지가 있다고 해서 양 끝 정점이 항상 단절점인 것은 아닙니다. 예를 들어 트리의 리프 정점과 연결된 간선은 브리지지만, 리프 정점은 제거해도 나머지 그래프는 분리되지 않으므로 단절점이 아닙니다. 단절점 여부는 정점을 제거했을 때 연결 요소 수가 증가하는지로 판단합니다. 면접에서는 브리지와 단절점의 차이를 예시로 설명하는 질문이 자주 나옵니다. 실무에서도 두 개념은 함께 쓰이지만 조건을 혼동하면 분석 결과가 틀립니다.		O	FALSE	X	TRUE					dsa	graph	dfs	
Q229	BFS 레벨 그래프 성질		Data Structure & Algorithm - 탐색 알고리즘	42	OX	HARD	무가중치 그래프에서 BFS 트리 간선은 항상 dist를 정확히 1 증가시키는 간선이다.	BFS 트리 간선은 어떤 정점이 처음 발견될 때 사용된 간선입니다. BFS는 dist가 k인 정점들을 처리하면서 그 이웃을 dist k+1로 설정합니다. 그래서 BFS 트리 간선은 dist를 정확히 1 증가시키는 형태가 됩니다. 면접에서는 트리 간선과 비트리 간선이 dist에 어떤 제약을 주는지도 함께 물을 수 있습니다. 실무에서도 BFS 트리의 parent를 사용하면 거리 1씩 감소하며 경로가 복원됩니다.		O	TRUE	X	FALSE					dsa	bfs	graph	
Q230	BFS에서 같은 레벨 간선 가능성		Data Structure & Algorithm - 탐색 알고리즘	42	OX	HARD	무방향 그래프에서 BFS 결과로 dist가 같은 두 정점 사이에 간선이 존재하는 것은 불가능하다.	무방향 그래프에서 같은 레벨 정점끼리도 간선이 존재할 수 있습니다. 예를 들어 시작점에서 거리 1인 두 정점이 서로 연결되어 있으면 dist는 둘 다 1이고 간선도 존재합니다. BFS dist의 제약은 이웃 간 dist 차이가 1을 넘지 않는다는 것뿐입니다. 면접에서는 dist 차이가 0 또는 1이 가능하다는 성질을 정확히 말해야 합니다. 실무에서도 이분성 판정과 레벨 개념을 혼동하면 오류가 납니다.		O	FALSE	X	TRUE					dsa	bfs	graph	
Q231	DFS 간선 분류와 사이클		Data Structure & Algorithm - 탐색 알고리즘	42	OX	HARD	방향 그래프 DFS에서 백 간선 back edge 이 존재하면 그래프에 사이클이 존재한다.	백 간선은 현재 DFS 경로 위의 조상으로 향하는 간선입니다. 이는 경로를 따라 다시 되돌아갈 수 있다는 뜻이므로 사이클이 존재합니다. 3색 마킹에서는 회색으로 향하는 간선이 백 간선의 구현 표현입니다. 면접에서는 백 간선이 왜 사이클을 의미하는지와, 교차 간선은 충분조건이 아니라는 점을 자주 확인합니다. 실무에서도 순환 의존 검출에서 백 간선 체크가 핵심입니다.		O	TRUE	X	FALSE					dsa	dfs	graph	
Q232	Kosaraju 역방향 그래프 필요성		Data Structure & Algorithm - 탐색 알고리즘	42	OX	HARD	코사라주 알고리즘에서 두 번째 DFS를 원 그래프에서 수행해도 SCC를 올바르게 구할 수 있다.	코사라주는 두 번째 DFS를 역방향 그래프에서 수행해야 SCC를 올바르게 분리할 수 있습니다. 첫 DFS의 종료 순서를 이용해 축약 그래프의 소스 SCC부터 찾아가는데, 역방향에서 탐색해야 SCC 내부로만 확장되도록 경계가 보장됩니다. 원 그래프에서 그대로 돌리면 다른 SCC로 새어나가며 묶음이 깨질 수 있습니다. 면접에서는 왜 reverse가 필요하고 종료 순서와 어떤 조합으로 동작하는지 설명을 요구합니다. 실무에서도 구현 실수로 reverse를 빼먹는 사례가 흔합니다.		O	FALSE	X	TRUE					dsa	dfs	graph	
Q233	SCC와 Tarjan 단일 DFS		Data Structure & Algorithm - 탐색 알고리즘	42	OX	HARD	타잔 Tarjan 알고리즘은 한 번의 DFS로 SCC를 구하며, 스택과 lowlink 값을 사용한다.	타잔 알고리즘은 단일 DFS로 SCC를 추출하는 대표 기법입니다. DFS 스택에 정점을 쌓고, lowlink 값으로 현재 정점이 어떤 SCC의 루트인지 판별합니다. 루트 조건이 만족되면 스택에서 pop하면서 하나의 SCC를 구성합니다. 면접에서는 onStack 체크가 왜 필요한지, 그리고 lowlink가 의미하는 바를 설명하는 질문이 자주 나옵니다. 실무에서는 코사라주보다 한 번의 DFS로 끝나 성능과 구현 취향에 따라 선택됩니다.		O	TRUE	X	FALSE					dsa	dfs	graph	
Q234	SCC 축약 그래프 위상 정렬 가능		Data Structure & Algorithm - 탐색 알고리즘	42	OX	HARD	SCC로 축약한 그래프는 DAG이므로 위상 정렬을 적용할 수 있다.	SCC 축약 그래프는 각 SCC를 하나의 노드로 압축한 그래프입니다. 이 축약 그래프에 사이클이 있다면 서로 도달 가능하므로 더 큰 SCC로 합쳐져야 하므로 모순입니다. 따라서 축약 그래프는 DAG가 되고 위상 정렬을 적용할 수 있습니다. 면접에서는 이 성질을 이용해 순환 의존 그룹을 묶고 처리 순서를 만든다는 흐름을 말하면 좋습니다. 실무에서도 빌드 순서, 배포 순서 설계에 자주 활용됩니다.		O	TRUE	X	FALSE					dsa	graph	dfs	
Q235	BFS 최단 사이클 계산 시 parent 처리		Data Structure & Algorithm - 탐색 알고리즘	42	OX	HARD	무방향 그래프에서 BFS로 사이클 후보를 찾을 때, 방문된 이웃이 부모인 경우까지 사이클로 처리하면 최단 사이클이 과대 계산될 수 있다.	무방향 그래프에서 현재 정점의 부모로 향하는 간선은 탐색 트리의 되돌아가기 간선이라 사이클 후보로 보면 안 됩니다. 이를 포함하면 길이 2 같은 잘못된 사이클이 계산되거나, 실제 최단 사이클보다 더 큰 값이 갱신되는 등 오류가 생길 수 있습니다. 그래서 사이클 후보를 계산할 때는 parent를 제외하고, 이미 방문된 다른 정점을 만났을 때만 후보 길이를 산출합니다. 면접에서는 이 parent 제외가 무방향 사이클 문제의 핵심 디테일임을 자주 강조합니다. 실무에서도 이 실수는 사이클 관련 문제에서 매우 흔한 버그입니다.		O	TRUE	X	FALSE					dsa	bfs	graph	
Q236	LCA 전처리와 DFS tin tout		Data Structure & Algorithm - 탐색 알고리즘	42	OX	HARD	DFS tin tout 만으로 임의 그래프에서 두 정점의 LCA를 항상 구할 수 있다.	LCA는 트리에서 정의되는 개념이며, 그래프에는 일반적으로 고유한 부모 관계가 없어 LCA가 의미가 없거나 여러 개가 될 수 있습니다. tin tout은 DFS 트리에서 조상 판정에 사용될 수 있지만, LCA 자체를 구하려면 트리 전처리와 희소 테이블 같은 추가 구조가 필요합니다. 게다가 그래프에서 DFS 트리를 만들더라도 원래 그래프의 관계를 대표한다고 볼 수 없습니다. 면접에서는 트리 문제와 그래프 문제를 구분해 개념을 적용하는지 확인합니다. 실무에서도 LCA는 트리나 트리로 환원된 구조에서만 사용합니다.		O	FALSE	X	TRUE					dsa	dfs	graph	
Q237	BFS로 위상 정렬 가능 조건		Data Structure & Algorithm - 탐색 알고리즘	42	OX	HARD	Kahn 위상 정렬은 indegree 0 정점을 큐로 처리하므로 BFS 스타일로 구현할 수 있고, 그래프가 DAG일 때만 모든 정점을 처리할 수 있다.	Kahn 알고리즘은 indegree 0 정점을 큐에 넣고 하나씩 제거하며 진행하는 점에서 BFS처럼 보입니다. 사이클이 없으면 결국 모든 정점이 indegree 0이 되는 순간이 오므로 전체를 처리할 수 있습니다. 하지만 사이클이 있으면 큐가 비고 정점이 남게 되어 실패합니다. 면접에서는 처리한 정점 수로 사이클을 판정하는 방법까지 함께 묻는 경우가 많습니다. 실무에서는 DAG 작업 순서 생성의 표준 알고리즘입니다.		O	TRUE	X	FALSE					dsa	bfs	graph	
Q238	BFS dist 차이 상한		Data Structure & Algorithm - 탐색 알고리즘	42	OX	HARD	무방향 무가중치 그래프에서 dist가 계산된 BFS 결과에 대해, 어떤 간선 u v 도 dist 차이가 2 이상이 되는 것은 불가능하다.	간선은 한 번 이동으로 연결되므로 이웃으로 가면 최단 거리 값은 최대 1만 변할 수 있습니다. 따라서 dist[u]와 dist[v] 차이는 0 또는 1만 가능합니다. 차이가 2 이상이라면 더 짧은 경로가 존재한다는 뜻이 되어 dist의 정의와 모순됩니다. 면접에서는 이 성질을 이용해 BFS 결과 검증이나 레벨 그래프 성질을 설명하도록 요구할 수 있습니다. 실무에서도 디버깅 시 dist가 깨졌는지 점검하는 간단한 규칙으로 유용합니다.		O	TRUE	X	FALSE					dsa	bfs	graph	
Q239	DFS 전체 순회와 컴포넌트		Data Structure & Algorithm - 비선형 구조	41	OX	HARD	방향 그래프에서 모든 정점을 정확히 한 번씩 방문하려면 DFS를 한 번만 호출하면 충분하다.	그래프가 하나의 컴포넌트로 연결되어 있다는 보장이 없으면 DFS 한 번으로는 전체 정점을 방문할 수 없습니다. 방향 그래프에서는 도달 가능성이 더 제한적이어서, 시작점을 잘못 잡으면 많은 정점이 남을 수 있습니다. 그래서 보통 모든 정점을 순회하며 미방문 정점에서 DFS를 새로 시작하는 전체 순회 패턴이 필요합니다. 면접에서는 연결 요소나 약한 연결 요소, SCC 같은 개념과 함께 이 패턴을 기본기로 확인합니다. 실무에서도 입력이 연결이라는 전제가 없으면 반드시 바깥 루프를 둡니다.		O	FALSE	X	TRUE					dsa	dfs	graph	
Q240	DFS 기반 위상 정렬의 사이클 검출		Data Structure & Algorithm - 탐색 알고리즘	42	OX	HARD	DFS 기반 위상 정렬에서 onPath 회색 상태를 두지 않으면, 사이클이 있는 그래프에서도 위상 정렬 결과를 정상으로 착각할 수 있다.	DFS로 위상 정렬을 만들 때 단순히 종료 시점 push만 하면, 그래프에 사이클이 있어도 어떤 순서가 만들어져 버릴 수 있습니다. 하지만 사이클이 있으면 위상 정렬은 정의상 불가능합니다. 이를 정확히 잡으려면 DFS 중 현재 경로에 있는 정점을 구분하는 onPath 또는 3색 마킹이 필요합니다. 회색으로 향하는 간선을 발견하면 사이클이므로 위상 정렬을 실패 처리해야 합니다. 면접에서는 위상 정렬과 사이클 검출을 같이 구현할 수 있는지 자주 봅니다. 실무에서도 순환 의존을 놓치면 배포나 빌드 파이프라인이 깨질 수 있습니다.		O	TRUE	X	FALSE					dsa	dfs	graph	
Q241	그래프(Graph)		Data Structure & Algorithm - 비선형 구조	41	INITIALS	EASY	정점과 간선으로 구성되어 연결 관계를 표현하는 자료구조를 무엇이라고 하는가?	그래프는 정점과 간선으로 관계를 표현하는 비선형 자료구조입니다. 트리도 그래프의 특수한 형태이기 때문에 그래프 관점에서 트리를 설명할 수 있어야 합니다. 면접에서는 인접 리스트와 인접 행렬 중 무엇을 언제 쓰는지로 자주 확장됩니다. 실무에서는 추천 관계, 친구 관계, 의존성 같은 연결 데이터를 모델링할 때 그래프가 핵심입니다. 그래프의 기본 정의를 정확히 말할 수 있어야 BFS DFS 같은 탐색도 자연스럽게 설명됩니다.	그래프									dsa	graph		
Q242	정점(Vertex)		Data Structure & Algorithm - 비선형 구조	41	INITIALS	EASY	그래프에서 노드를 의미하며 연결의 대상이 되는 요소를 무엇이라고 하는가?	정점은 그래프에서 개체를 나타내는 기본 단위입니다. 정점이 무엇을 의미하는지는 문제의 도메인에 따라 달라집니다. 면접에서는 정점 수를 V로 두고 간선 수를 E로 두는 표기를 자연스럽게 쓰는지 봅니다. 실무에서는 사용자, 페이지, 서버, 상태 등 다양한 대상이 정점으로 모델링됩니다. 정점 개념이 흔들리면 인접 리스트 구성이나 방문 배열 설계에서 실수가 나기 쉽습니다.	정점									dsa	graph		
Q243	간선(Edge)		Data Structure & Algorithm - 비선형 구조	41	INITIALS	EASY	그래프에서 정점과 정점을 연결하는 관계를 무엇이라고 하는가?	간선은 정점 사이의 연결을 나타내는 요소입니다. 방향 그래프에서는 한쪽 방향만 의미하고, 무방향 그래프에서는 양방향 연결을 의미합니다. 면접에서는 간선이 가중치를 가질 때 어떤 알고리즘을 써야 하는지로 질문이 자주 이어집니다. 실무에서는 통신 연결, 이동 가능 경로, 의존성 등 실제 관계가 간선으로 표현됩니다. 간선을 어떻게 저장하느냐가 탐색 성능에 직접 영향을 줍니다.	간선									dsa	graph		
Q244	인접 리스트(Adjacency List)		Data Structure & Algorithm - 비선형 구조	41	INITIALS	EASY	각 정점에 대해 연결된 이웃 정점 목록을 저장하는 그래프 표현 방식은 무엇인가?	인접 리스트는 각 정점의 이웃 목록만 저장하므로 희소 그래프에서 메모리 효율이 좋습니다. BFS DFS는 인접 리스트를 쓰면 보통 O(V+E)로 동작해 성능이 안정적입니다. 면접에서는 인접 행렬과 비교해 언제 리스트가 유리한지 설명하는 문제가 자주 나옵니다. 실무에서는 대부분의 큰 그래프가 희소한 편이라 인접 리스트가 기본 선택이 됩니다. 이 방식은 구현 시 방향 그래프와 무방향 그래프에서 추가하는 규칙이 달라지는 점을 주의해야 합니다.	인접 리스트									dsa	graph		
Q245	인접 행렬(Adjacency Matrix)		Data Structure & Algorithm - 비선형 구조	41	INITIALS	EASY	정점 간 연결 여부를 V 곱하기 V 배열로 저장하는 그래프 표현 방식은 무엇인가?	인접 행렬은 두 정점이 연결되어 있는지 O(1)에 확인할 수 있습니다. 대신 메모리를 V 제곱만큼 사용하므로 정점 수가 크면 부담이 큽니다. 면접에서는 인접 행렬의 탐색이 O(V^2)로 커질 수 있다는 점을 함께 설명해야 합니다. 실무에서는 정점 수가 작거나 간선이 매우 많은 밀집 그래프에서 고려됩니다. 연결 여부 조회가 빈번한 문제에서 선택할 수 있는 표현 방식입니다.	인접 행렬									dsa	graph		
Q246	너비 우선 탐색(BFS)		Data Structure & Algorithm - 탐색 알고리즘	42	INITIALS	EASY	시작 정점에서 가까운 정점부터 레벨 순으로 방문하는 탐색 알고리즘을 무엇이라고 하는가?	너비 우선 탐색은 큐를 사용해 가까운 정점부터 방문하는 방식입니다. 무가중치 그래프에서 최단 거리 문제에 자주 쓰이며, 레벨 단위 처리가 자연스럽습니다. 면접에서는 BFS가 왜 최단 거리를 보장하는지와 큐를 쓰는 이유를 묻습니다. 실무에서는 단계 수, 최소 이동 횟수, 최소 환승 같은 문제에 자주 적용됩니다. 방문 배열과 거리 배열을 어떤 시점에 갱신하는지가 버그 포인트라 주의해야 합니다.	너비 우선 탐색									dsa	bfs	graph	
Q247	깊이 우선 탐색(DFS)		Data Structure & Algorithm - 탐색 알고리즘	42	INITIALS	EASY	한 경로를 끝까지 파고든 뒤 되돌아오며 방문하는 탐색 알고리즘을 무엇이라고 하는가?	깊이 우선 탐색은 스택 또는 재귀를 이용해 한 방향으로 깊게 탐색합니다. 경로 탐색, 사이클 검출, 백트래킹 문제의 기본 도구로 자주 등장합니다. 면접에서는 재귀 DFS의 스택 오버플로 위험과 반복 DFS 대안을 함께 말할 수 있어야 합니다. 실무에서는 그래프 연결 요소, 위상 정렬, 단절점 같은 고급 분석에도 DFS가 핵심입니다. 이웃 순서에 따라 방문 순서가 달라질 수 있다는 점도 면접에서 자주 체크됩니다.	깊이 우선 탐색									dsa	dfs	graph	
Q248	큐(Queue)		Data Structure & Algorithm - 선형 구조	40	INITIALS	EASY	먼저 들어온 데이터가 먼저 나가는 FIFO 구조로, BFS 구현에 핵심적으로 사용되는 자료구조는 무엇인가?	큐는 FIFO 구조로 BFS에서 레벨 순 탐색을 가능하게 합니다. BFS는 발견한 정점을 큐에 넣고 앞에서 꺼내 확장하는 구조로 동작합니다. 면접에서는 큐를 스택으로 바꾸면 DFS가 된다는 차이를 설명하라고 합니다. 실무에서는 메시지 처리, 작업 대기열 같은 곳에서도 동일한 큐 개념을 씁니다. BFS를 정확히 구현하려면 enqueue 시점 방문 체크 같은 디테일도 함께 이해해야 합니다.	큐									dsa	bfs		
Q249	스택(Stack)		Data Structure & Algorithm - 선형 구조	40	INITIALS	EASY	마지막에 들어온 데이터가 먼저 나가는 LIFO 구조로, DFS 반복 구현에 자주 쓰이는 자료구조는 무엇인가?	스택은 LIFO 구조로 DFS의 깊게 파고드는 성질과 잘 맞습니다. 재귀 DFS는 호출 스택을 사용하고, 반복 DFS는 명시적 스택을 사용해 같은 효과를 냅니다. 면접에서는 스택을 사용하면 왜 깊게 탐색되는지 직관적으로 설명하는지 봅니다. 실무에서는 경로 추적, 되돌리기 기능 같은 곳에서도 스택이 쓰입니다. DFS 반복 구현에서는 push 순서에 따라 방문 순서가 달라질 수 있어 주의가 필요합니다.	스택									dsa	dfs		
Q250	방문 배열(Visited Array)		Data Structure & Algorithm - 탐색 알고리즘	42	INITIALS	EASY	그래프 탐색에서 같은 정점을 여러 번 방문하지 않도록 방문 여부를 기록하는 배열을 무엇이라고 하는가?	방문 배열은 그래프 탐색의 무한 루프를 막는 핵심 장치입니다. 사이클이 있는 그래프에서 visited가 없으면 DFS BFS 모두 반복 방문으로 끝나지 않을 수 있습니다. 면접에서는 방문 체크를 언제 하는지에 따라 성능과 중복 처리 여부가 달라진다는 점을 묻기도 합니다. 실무에서는 상태가 있는 문제에서 visited를 위치만이 아니라 위치와 상태의 조합으로 확장해야 하는 경우가 많습니다. 방문 관리 설계가 곧 탐색 문제의 정답률을 좌우합니다.	방문 배열									dsa	graph	bfs	dfs
Q251	연결 요소(Connected Component)		Data Structure & Algorithm - 비선형 구조	41	INITIALS	EASY	무방향 그래프에서 서로 도달 가능한 정점들의 최대 집합을 무엇이라고 하는가?	연결 요소는 그래프가 몇 덩어리로 분리되어 있는지를 나타내는 기본 개념입니다. 한 번의 BFS나 DFS는 하나의 연결 요소만 방문할 수 있습니다. 그래서 전체 요소 개수를 세려면 모든 정점을 훑으며 미방문 정점에서 탐색을 새로 시작해야 합니다. 면접에서는 바깥 루프를 빼먹는 실수를 자주 잡습니다. 실무에서는 네트워크 분리 상태, 그룹 클러스터링 같은 문제에서 연결 요소 계산이 유용합니다.	연결 요소									dsa	graph		
Q252	경로(Path)		Data Structure & Algorithm - 비선형 구조	41	INITIALS	EASY	그래프에서 정점과 간선을 따라 이동할 때 거쳐 간 정점들의 순서를 무엇이라고 하는가?	경로는 그래프에서 한 정점에서 다른 정점으로 가는 이동 순서를 의미합니다. 단순 경로는 정점을 중복 방문하지 않는 경로로, 백트래킹 문제의 핵심 개념입니다. 면접에서는 경로 존재 여부를 BFS DFS로 어떻게 확인하는지 자주 묻습니다. 실무에서는 라우팅, 추천 흐름, 작업 의존성 추적 등에서 경로 개념이 사용됩니다. 경로를 복원하려면 BFS에서 parent를 저장하는 방식 같은 구현 포인트도 함께 알아야 합니다.	경로									dsa	graph		
Q253	사이클(Cycle)		Data Structure & Algorithm - 비선형 구조	41	INITIALS	EASY	그래프에서 시작 정점으로 다시 돌아오는 순환 경로가 존재하는 것을 무엇이라고 하는가?	사이클은 그래프가 순환 구조를 갖는다는 의미입니다. 사이클이 있으면 위상 정렬이 불가능하며, 탐색에서는 visited 관리가 특히 중요해집니다. 면접에서는 방향 그래프와 무방향 그래프에서 사이클 검출 방법이 다르다는 점을 자주 물어봅니다. 실무에서는 의존성 그래프에서 사이클은 순환 의존 오류를 의미할 수 있어 매우 중요합니다. 사이클 개념을 정확히 이해해야 SCC 같은 고급 주제로 확장할 수 있습니다.	사이클									dsa	graph	dfs	
Q254	최단 경로(Shortest Path)		Data Structure & Algorithm - 탐색 알고리즘	42	INITIALS	EASY	무가중치 그래프에서 BFS로 구할 수 있는 최소 간선 수 경로를 무엇이라고 하는가?	최단 경로는 시작점에서 목표까지 비용이 최소인 경로를 의미합니다. 무가중치 그래프에서는 비용이 간선 수와 같아 BFS로 최단 경로를 구할 수 있습니다. 면접에서는 가중치가 생기면 다익스트라로 넘어가야 한다는 경계 조건을 자주 묻습니다. 실무에서는 최소 단계 수, 최소 클릭 수, 최소 이동 횟수 문제를 최단 경로로 모델링합니다. BFS에서 parent를 기록하면 최단 경로를 실제로 복원해 출력할 수 있습니다.	최단 경로									dsa	bfs	graph	
Q255	레벨(Level)		Data Structure & Algorithm - 탐색 알고리즘	42	INITIALS	EASY	BFS에서 시작 정점으로부터의 거리가 같은 정점들을 묶어 부르는 개념을 무엇이라고 하는가?	BFS는 시작점에서 거리 0, 1, 2 순으로 확장되며 각 거리를 레벨로 볼 수 있습니다. 레벨 개념을 알면 단계별 처리, 시간 단위 확산 같은 문제를 쉽게 구현할 수 있습니다. 면접에서는 큐 크기를 이용해 레벨 단위로 처리하는 패턴을 설명할 수 있는지 봅니다. 실무에서는 멀티 소스 BFS나 최소 시간 계산 문제에서 레벨이 곧 시간으로 해석되기도 합니다. 레벨을 정확히 이해하면 dist 배열 설계도 자연스럽게 따라옵니다.	레벨									dsa	bfs		
Q256	거리 배열(Distance Array)		Data Structure & Algorithm - 탐색 알고리즘	42	INITIALS	EASY	BFS에서 각 정점까지의 최단 거리를 저장하기 위해 사용하는 배열을 무엇이라고 하는가?	거리 배열은 BFS에서 각 정점까지의 최단 거리 값을 저장합니다. 보통 -1로 초기화해 미방문 상태를 함께 표현하고, 시작점은 0으로 둡니다. 면접에서는 visited와 dist를 따로 둘지, dist 하나로 방문을 표현할지 선택 근거를 묻습니다. 실무에서는 최단 거리뿐 아니라 도달 불가 여부 판단에도 distance 배열이 유용합니다. dist를 언제 설정하는지에 따라 조기 종료 최적화가 가능한지도 함께 이해해야 합니다.	거리 배열									dsa	bfs	graph	
Q257	부모 배열(Parent Array)		Data Structure & Algorithm - 탐색 알고리즘	42	INITIALS	EASY	BFS에서 최단 경로를 복원하기 위해 각 정점이 어디에서 왔는지 기록하는 배열을 무엇이라고 하는가?	부모 배열은 경로 복원에서 핵심 역할을 합니다. 정점을 처음 발견할 때 parent를 설정하면, 목표 정점에서 parent를 따라가며 경로를 역추적할 수 있습니다. 면접에서는 parent를 갱신하면 최단 경로가 깨질 수 있다는 점을 자주 물어봅니다. 실무에서는 실제 경로 출력이 필요한 문제에서 parent는 거의 필수입니다. BFS 조기 종료를 해도 parent가 기록되어 있으면 경로 복원이 가능하다는 점도 함께 알아두면 좋습니다.	부모 배열									dsa	bfs	graph	
Q258	재귀(Recursion)		Data Structure & Algorithm - 탐색 알고리즘	42	INITIALS	EASY	DFS 구현에서 함수가 자기 자신을 호출하며 깊게 탐색하도록 만드는 기법을 무엇이라고 하는가?	재귀는 DFS를 가장 직관적으로 구현하는 방식입니다. 호출 스택이 자동으로 탐색 경로를 관리해주기 때문에 코드가 간단해집니다. 면접에서는 재귀 DFS의 시간 복잡도뿐 아니라 스택 오버플로 위험을 어떻게 피할지 질문이 나옵니다. 실무에서는 입력이 크면 반복 DFS로 바꾸거나 스택 크기 제한을 고려해야 합니다. 재귀는 편하지만 환경 제약을 함께 이해해야 안정적인 구현이 됩니다.	재귀									dsa	dfs		
Q259	백트래킹(Backtracking)		Data Structure & Algorithm - 탐색 알고리즘	42	INITIALS	EASY	DFS에서 선택을 진행하다가 되돌아오며 다른 선택을 시도하도록 상태를 복구하는 기법을 무엇이라고 하는가?	백트래킹은 DFS의 확장 형태로, 가능한 선택을 모두 시도하며 정답을 찾습니다. 핵심은 재귀 복귀 시점에 상태를 원복해 다음 분기가 오염되지 않게 하는 것입니다. 면접에서는 visited를 되돌리지 않아 일부 경로만 탐색되는 대표 실수를 자주 지적합니다. 실무에서도 push 후 pop 누락, 카운트 복구 누락 같은 버그가 흔합니다. 백트래킹은 완전 탐색 문제에서 가장 중요한 구현 습관 중 하나입니다.	백트래킹									dsa	dfs		
Q260	컴포넌트 순회(Outer Loop)		Data Structure & Algorithm - 탐색 알고리즘	42	INITIALS	EASY	그래프가 여러 덩어리로 나뉘어 있을 때 전체 정점을 방문하려고 모든 정점을 돌며 미방문 정점에서 BFS DFS를 시작하는 패턴을 무엇이라고 하는가?	그래프는 연결되어 있다는 보장이 없는 경우가 많습니다. 그래서 전체 탐색을 하려면 정점 전체를 훑는 바깥 루프가 필요합니다. 이 패턴을 통해 연결 요소 개수도 함께 셀 수 있습니다. 면접에서는 왜 BFS DFS를 한 번만 돌리면 안 되는지, 그리고 바깥 루프가 정확히 어디에 들어가야 하는지 확인합니다. 실무에서도 입력이 분리되어 있을 가능성이 있으면 반드시 이 패턴을 사용합니다. 작은 실수로 일부 정점이 누락되는 것을 방지하는 기본기입니다.	컴포넌트 순회									dsa	graph	bfs	dfs
Q261	방향 그래프(Directed Graph)		Data Structure & Algorithm - 비선형 구조	41	INITIALS	EASY	간선에 방향이 있어 한쪽으로만 이동 가능함을 표현하는 그래프를 무엇이라고 하는가?	방향 그래프는 간선이 한 방향성을 갖는 그래프입니다. 한 정점에서 다른 정점으로 갈 수 있어도 반대로는 못 갈 수 있다는 점이 핵심입니다. 면접에서는 방향 그래프에서 사이클을 어떻게 검출하는지와, SCC 같은 개념으로 확장되는 경우가 많습니다. 실무에서는 작업 의존성, 팔로우 관계 같은 비대칭 관계를 모델링할 때 방향 그래프를 사용합니다. 방향을 고려한 탐색이 필요하므로 BFS DFS 구현에서 입력 처리 규칙을 정확히 해야 합니다.	방향 그래프									dsa	graph		
Q262	무방향 그래프(Undirected Graph)		Data Structure & Algorithm - 비선형 구조	41	INITIALS	EASY	간선에 방향이 없고 양쪽으로 이동 가능함을 표현하는 그래프를 무엇이라고 하는가?	무방향 그래프는 간선이 양쪽 이동을 의미합니다. 저장할 때 인접 리스트에 양쪽으로 간선을 추가해야 한다는 구현 포인트가 있습니다. 면접에서는 무방향 그래프에서 사이클 검출 시 parent를 왜 제외해야 하는지로 질문이 자주 이어집니다. 실무에서는 친구 관계, 도로 연결 같은 상호 관계를 모델링할 때 쓰입니다. 방향이 없다고 해서 탐색이 쉬운 것은 아니며 방문 관리가 여전히 중요합니다.	무방향 그래프									dsa	graph		
Q263	가중치 그래프(Weighted Graph)		Data Structure & Algorithm - 비선형 구조	41	INITIALS	EASY	간선마다 비용이나 거리 같은 값이 붙어 있는 그래프를 무엇이라고 하는가?	가중치 그래프는 간선마다 비용이 붙어 있어 최단 경로가 간선 수가 아니라 비용 합으로 결정됩니다. 그래서 일반 BFS로는 최단 비용을 보장하지 않는 경우가 많습니다. 면접에서는 BFS와 다익스트라의 적용 조건을 구분해 설명할 수 있어야 합니다. 실무에서는 이동 시간, 요금, 지연 등 현실 세계 비용을 모델링할 때 가중치가 붙습니다. 입력 파싱에서 간선 가중치를 누락하면 문제 해석 자체가 틀어질 수 있습니다.	가중치 그래프									dsa	graph		
Q264	무가중치 그래프(Unweighted Graph)		Data Structure & Algorithm - 비선형 구조	41	INITIALS	EASY	모든 간선의 비용이 동일하다고 보고 간선 수만으로 거리를 해석하는 그래프를 무엇이라고 하는가?	무가중치 그래프에서는 간선 하나 이동의 비용이 모두 같다고 가정합니다. 그래서 BFS가 최단 거리와 최단 경로를 보장하는 대표 조건이 됩니다. 면접에서는 왜 BFS가 최단을 보장하는지 설명할 때 무가중치 전제를 꼭 언급해야 합니다. 실무에서는 최소 단계 수, 최소 클릭 수 같은 문제에서 무가중치로 모델링하는 경우가 많습니다. 무가중치라고 해서 비용이 없다는 뜻이 아니라 비용이 동일하다는 뜻임을 구분해야 합니다.	무가중치 그래프									dsa	bfs	graph	
Q265	시작 정점(Source Vertex)		Data Structure & Algorithm - 탐색 알고리즘	42	INITIALS	EASY	BFS DFS 탐색을 출발하는 기준이 되는 정점을 무엇이라고 하는가?	시작 정점은 탐색이 확산되는 출발점입니다. BFS에서는 시작 정점 dist를 0으로 두고 큐에 넣으며, DFS에서는 시작 정점에서 재귀나 스택을 시작합니다. 면접에서는 시작점을 여러 개 두는 멀티 소스 BFS도 아는지 자주 묻습니다. 실무에서는 여러 출발지에서의 최소 거리 맵을 만들 때 시작 정점 집합을 한 번에 넣는 방식이 유용합니다. 시작점 설정이 잘못되면 모든 거리와 방문 결과가 달라지므로 매우 중요합니다.	시작 정점									dsa	bfs	dfs	
Q266	도착 정점(Target Vertex)		Data Structure & Algorithm - 탐색 알고리즘	42	INITIALS	EASY	최단 경로 문제에서 도달해야 하는 목표 정점을 무엇이라고 하는가?	도착 정점은 탐색에서 목표가 되는 정점입니다. BFS에서는 목표를 처음 발견한 순간이 최단 거리 도달이라는 점 때문에 조기 종료 최적화가 가능합니다. 면접에서는 목표가 하나일 때와 여러 개일 때 탐색 방식이 어떻게 달라지는지 질문이 나옵니다. 실무에서는 목표가 하나면 조기 종료로 비용을 줄이고, 목표가 여러 개면 전체 거리 맵을 계산하는 방식이 자주 쓰입니다. 목표 정의를 정확히 해야 parent 경로 복원도 올바르게 할 수 있습니다.	도착 정점									dsa	bfs	graph	
Q267	레벨 탐색(Level Order)		Data Structure & Algorithm - 탐색 알고리즘	42	INITIALS	EASY	BFS처럼 거리 0, 1, 2 순서로 계층적으로 방문하는 방식을 무엇이라고 하는가?	레벨 탐색은 시작점에서의 거리가 같은 정점들을 묶어 순서대로 처리하는 방식입니다. BFS가 대표적인 레벨 탐색으로, 최단 거리와 단계별 처리에 자연스럽게 연결됩니다. 면접에서는 레벨 단위 처리를 큐 크기 기반으로 구현하는 방법을 설명하라고 할 수 있습니다. 실무에서는 시간 단위 확산, 라운드 기반 시뮬레이션에서 레벨이 곧 시간이 됩니다. 레벨 개념이 잡히면 BFS 응용 문제가 훨씬 쉬워집니다.	레벨 탐색									dsa	bfs		
Q268	재귀 스택(Call Stack)		Data Structure & Algorithm - 탐색 알고리즘	42	INITIALS	EASY	재귀 DFS에서 함수 호출이 쌓이며 탐색 경로를 기억하게 되는 실행 스택을 무엇이라고 하는가?	재귀 DFS는 언어의 호출 스택을 사용해 탐색 경로를 자동으로 관리합니다. 호출이 깊어질수록 스택 프레임이 쌓여 깊이 우선 탐색이 됩니다. 면접에서는 왜 깊이가 큰 그래프에서 스택 오버플로가 생길 수 있는지 설명하는 질문이 나옵니다. 실무에서는 입력이 클 때 반복 DFS로 바꾸거나 재귀 제한을 고려해 안전하게 구현해야 합니다. 호출 스택을 이해하면 DFS의 동작 원리를 더 명확히 설명할 수 있습니다.	재귀 스택									dsa	dfs		
Q269	방문 순서(Order of Visit)		Data Structure & Algorithm - 탐색 알고리즘	42	INITIALS	EASY	DFS에서 이웃을 탐색하는 순서나 스택 push 순서에 따라 달라지는 결과를 무엇이라고 하는가?	DFS는 이웃을 어떤 순서로 방문하느냐에 따라 방문 순서가 달라질 수 있습니다. 문제에서 특정 방문 순서를 요구하면 이웃 정렬이나 push 역순 같은 조정이 필요합니다. 면접에서는 DFS 결과가 유일하지 않다는 점을 알고 있는지 자주 확인합니다. 실무에서도 테스트 재현성을 위해 인접 리스트를 정렬하는 경우가 있습니다. 방문 순서 차이를 이해해야 디버깅에서 혼란이 줄어듭니다.	방문 순서									dsa	dfs	graph	
Q270	도달 가능(Reachability)		Data Structure & Algorithm - 비선형 구조	41	INITIALS	EASY	그래프에서 어떤 정점에서 다른 정점으로 경로를 통해 갈 수 있는 성질을 무엇이라고 하는가?	도달 가능은 경로가 존재하는지 여부를 의미합니다. BFS DFS는 도달 가능을 판정하는 가장 기본적인 도구입니다. 면접에서는 방향 그래프에서 도달 가능이 비대칭임을 함께 설명해야 합니다. 실무에서는 권한 흐름, 서비스 의존성, 네트워크 라우팅 가능성 분석에 도달 가능 개념이 쓰입니다. 도달 가능을 이해하면 연결 요소, SCC 같은 심화 개념으로 자연스럽게 확장됩니다.	도달 가능									dsa	graph		
Q271	탐색 깊이(Depth)		Data Structure & Algorithm - 탐색 알고리즘	42	INITIALS	EASY	DFS에서 현재 경로가 얼마나 깊게 들어갔는지를 나타내는 개념을 무엇이라고 하는가?	탐색 깊이는 DFS가 얼마나 내려갔는지를 나타내며 재귀 깊이와도 연결됩니다. 깊이가 커지면 호출 스택이 커져 스택 오버플로 위험이 커질 수 있습니다. 면접에서는 깊이가 큰 입력에서 어떻게 안전하게 처리할지 묻는 경우가 있습니다. 실무에서는 반복 DFS로 전환하거나, 그래프를 트리로 제한하는 전제 조건을 활용하기도 합니다. 깊이라는 개념이 잡혀야 DFS의 시간과 공간 복잡도 설명도 자연스럽습니다.	탐색 깊이									dsa	dfs		
Q272	탐색 너비(Branching Factor)		Data Structure & Algorithm - 탐색 알고리즘	42	INITIALS	EASY	한 정점에서 평균적으로 뻗어 나가는 이웃 수를 나타내며 BFS 성능에 큰 영향을 주는 값을 무엇이라고 하는가?	탐색 너비는 한 정점에서 확장되는 선택지 수로 이해할 수 있습니다. BFS는 레벨마다 많은 정점을 큐에 담을 수 있어 너비가 크면 메모리 사용이 커집니다. 면접에서는 BFS의 공간 복잡도가 왜 커질 수 있는지 설명할 때 이 개념이 도움 됩니다. 실무에서도 branching factor가 큰 그래프에서는 양방향 BFS 같은 최적화를 고려합니다. 탐색 너비를 이해하면 시간보다 공간이 병목이 되는 상황을 설명할 수 있습니다.	탐색 너비									dsa	bfs	graph	
Q273	방문 체크 시점(Enqueue Marking)		Data Structure & Algorithm - 탐색 알고리즘	42	INITIALS	EASY	BFS에서 같은 정점이 큐에 중복으로 들어가는 것을 줄이기 위해 보통 큐에 넣는 시점에 수행하는 처리를 무엇이라고 하는가?	BFS에서 방문 체크를 pop 시점에 하면 같은 정점이 여러 번 enqueue될 수 있어 비효율이 커집니다. 그래서 보통 enqueue 시점에 방문 표시를 해 중복 삽입을 줄입니다. 면접에서는 발견 시점과 pop 시점의 차이를 이해하는지 확인하는 질문이 자주 나옵니다. 실무에서는 중복 큐 삽입이 시간 초과나 메모리 초과의 원인이 되기 쉽습니다. 방문 체크 시점을 정확히 잡는 것이 BFS 기본기입니다.	방문 체크									dsa	bfs	graph	
Q274	완전 탐색(Brute Force)		Data Structure & Algorithm - 기타 알고리즘	44	INITIALS	EASY	DFS 백트래킹으로 가능한 모든 경우를 탐색해 답을 찾는 접근을 무엇이라고 하는가?	완전 탐색은 모든 후보를 시도해 정답을 찾는 방식입니다. DFS와 백트래킹은 완전 탐색을 구현하는 대표 도구입니다. 면접에서는 완전 탐색이 가능한 입력 크기인지, 시간 복잡도를 어떻게 추정하는지 물어봅니다. 실무에서도 제약이 작을 때는 완전 탐색이 가장 안전하고 구현이 단순한 해법이 될 수 있습니다. 다만 pruning 조건을 제대로 넣지 않으면 폭발적으로 느려질 수 있어 주의가 필요합니다.	완전 탐색									dsa	dfs		
Q275	가지치기(Pruning)		Data Structure & Algorithm - 기타 알고리즘	44	INITIALS	EASY	DFS 백트래킹에서 더 이상 유망하지 않은 분기를 탐색하지 않고 잘라내는 최적화를 무엇이라고 하는가?	가지치기는 탐색 공간을 줄여 완전 탐색을 현실적으로 만드는 핵심 기술입니다. 조건을 만족하지 못하는 상태에서 더 깊이 들어가면 정답이 나올 수 없을 때 탐색을 중단합니다. 면접에서는 pruning이 시간 복잡도를 어떻게 줄이는지 설명하라고 할 수 있습니다. 실무에서도 제약을 먼저 체크해 빠르게 탈락시키는 방식이 성능을 크게 좌우합니다. 가지치기 조건을 잘못 잡으면 정답을 놓칠 수 있으니 논리 검증이 중요합니다.	가지치기									dsa	dfs		
Q276	레이어 그래프(Layer Graph)		Data Structure & Algorithm - 탐색 알고리즘	42	INITIALS	EASY	BFS에서 dist 값이 같은 정점들로 레벨이 형성되는 구조를 무엇이라고 하는가?	BFS는 dist 0,1,2 레벨로 정점들이 나뉘며 이를 레이어로 볼 수 있습니다. 레이어 구조를 이용하면 단계별 처리, 파동 확산 문제를 쉽게 풀 수 있습니다. 면접에서는 레벨을 큐 사이즈로 분리하는 구현 패턴을 이해하는지 봅니다. 실무에서도 최단 거리 맵을 만들면 자연스럽게 레이어 구조가 생기며 이를 활용한 후처리가 가능합니다. 레이어 개념은 BFS 응용의 기본 토대가 됩니다.	레이어 그래프									dsa	bfs	graph	
Q277	그래프 순회(Traversal)		Data Structure & Algorithm - 탐색 알고리즘	42	INITIALS	EASY	그래프의 정점들을 어떤 규칙에 따라 방문해 나가는 과정을 무엇이라고 하는가?	그래프 순회는 BFS DFS 같은 탐색으로 정점들을 방문하는 전체 과정을 말합니다. 순회를 통해 도달 가능, 연결 요소, 최단 거리 같은 다양한 정보를 얻을 수 있습니다. 면접에서는 순회의 시간 복잡도가 인접 리스트 기준 O(V+E)임을 말할 수 있어야 합니다. 실무에서도 그래프 데이터에 대해 통계나 관계 분석을 할 때 순회가 기본 작업입니다. 순회 패턴을 정확히 이해하면 많은 그래프 문제가 템플릿처럼 풀립니다.	그래프 순회									dsa	graph	bfs	dfs
Q278	탐색 템플릿(Template)		Data Structure & Algorithm - 탐색 알고리즘	42	INITIALS	EASY	BFS DFS 문제에서 큐나 스택, visited, dist 같은 공통 구성요소로 짜는 기본 구현 틀을 무엇이라고 하는가?	탐색 템플릿은 BFS DFS를 안정적으로 구현하기 위한 기본 틀입니다. 큐 또는 스택, visited 처리, dist 초기화 같은 반복되는 요소들을 표준화한 것입니다. 면접에서는 이 템플릿을 상황에 맞게 변형할 수 있는지 확인합니다. 실무에서는 템플릿을 잘 갖추면 버그가 줄고 구현 속도가 빨라집니다. 특히 상태 포함 visited, 조기 종료, parent 복원 같은 옵션을 템플릿에 자연스럽게 붙일 수 있어야 합니다.	탐색 템플릿									dsa	bfs	dfs	
Q279	재방문(Revisit)		Data Structure & Algorithm - 탐색 알고리즘	42	INITIALS	EASY	방문 배열을 잘못 설계하면 같은 정점을 여러 번 탐색하게 되는 현상을 무엇이라고 하는가?	재방문은 방문 관리가 불완전할 때 동일 정점이 반복 처리되는 현상입니다. BFS에서는 중복 enqueue로, DFS에서는 중복 호출로 성능이 크게 나빠질 수 있습니다. 면접에서는 방문 체크를 언제 하느냐가 재방문에 어떤 영향을 주는지 물어봅니다. 실무에서는 특히 격자 문제에서 방문 체크 누락이 시간 초과로 직결됩니다. 재방문을 줄이려면 visited를 올바르게 설계하고, 상태가 있으면 상태까지 포함해야 합니다.	재방문									dsa	graph	bfs	dfs
Q280	위상 정렬(Topological Sort)		Data Structure & Algorithm - 탐색 알고리즘	42	INITIALS	MEDIUM	방향 그래프에서 선행 관계를 지키도록 정점들을 순서대로 나열하는 정렬을 무엇이라고 하는가?	위상 정렬은 DAG에서만 가능한 정렬로, 선행 작업이 항상 먼저 오도록 순서를 만듭니다. BFS 기반 Kahn 알고리즘이나 DFS 종료 순서를 이용해 구할 수 있습니다. 면접에서는 그래프에 사이클이 있으면 왜 위상 정렬이 불가능한지 자주 묻습니다. 실무에서는 빌드 의존성, 작업 파이프라인, 배포 순서를 설계할 때 핵심 도구입니다. 구현에서는 indegree 관리 또는 onPath 사이클 검출을 정확히 해야 안전합니다.	위상 정렬									dsa	graph	bfs	dfs
Q281	위상 정렬(DAG)		Data Structure & Algorithm - 탐색 알고리즘	42	INITIALS	MEDIUM	사이클이 없어 위상 정렬이 가능한 방향 그래프를 무엇이라고 하는가?	DAG는 방향 비순환 그래프를 의미합니다. 사이클이 없기 때문에 선행 순서가 존재하며, 위상 정렬을 적용할 수 있습니다. 면접에서는 DAG의 정의를 말로 정확히 풀어 설명하는지 자주 봅니다. 실무에서는 의존성 그래프를 DAG로 유지하는 것이 시스템 안정성에 중요합니다. DAG 전제가 깨지면 순환 의존 문제가 발생하므로 설계 단계에서 검증 로직이 필요합니다.	방향 비순환 그래프									dsa	graph		
Q282	진입 차수(Indegree)		Data Structure & Algorithm - 비선형 구조	41	INITIALS	MEDIUM	방향 그래프에서 특정 정점으로 들어오는 간선의 개수를 무엇이라고 하는가?	진입 차수는 방향 그래프에서 들어오는 간선 수를 의미합니다. Kahn 위상 정렬에서 indegree 0 정점을 큐에 넣고 처리하는 핵심 지표로 사용됩니다. 면접에서는 indegree 합이 간선 수 E와 같다는 성질도 함께 물어볼 수 있습니다. 실무에서는 의존성 분석에서 어떤 작업이 선행 조건이 없는지 찾는 데 indegree를 씁니다. indegree 계산이 틀리면 위상 정렬 결과가 전부 깨지므로 입력 처리부터 신중해야 합니다.	진입 차수									dsa	graph		
Q283	진출 차수(Outdegree)		Data Structure & Algorithm - 비선형 구조	41	INITIALS	MEDIUM	방향 그래프에서 특정 정점에서 나가는 간선의 개수를 무엇이라고 하는가?	진출 차수는 방향 그래프에서 나가는 간선 수를 의미합니다. outdegree 합도 간선 수 E와 같다는 기본 성질이 있으며, 입력 검증에 활용할 수 있습니다. 면접에서는 indegree와 outdegree의 차이를 명확히 구분하는지 봅니다. 실무에서는 영향 범위 분석에서 어떤 작업이 얼마나 많은 후행 작업에 영향을 주는지 outdegree로 추정하기도 합니다. 차수 개념은 그래프 통계와 성능 분석의 기초가 됩니다.	진출 차수									dsa	graph		
Q284	이분 그래프(Bipartite Graph)		Data Structure & Algorithm - 탐색 알고리즘	42	INITIALS	MEDIUM	정점들을 두 집합으로 나눠 같은 집합 내 간선이 없도록 2색 칠하기가 가능한 그래프를 무엇이라고 하는가?	이분 그래프는 2색 칠하기가 가능한 그래프입니다. BFS나 DFS로 색을 번갈아 칠하며 충돌이 있으면 이분 그래프가 아님을 판정합니다. 면접에서는 이분 그래프와 홀수 사이클의 관계를 설명할 수 있어야 합니다. 실무에서는 매칭 문제나 그룹 분리 문제에 자주 등장합니다. 구현에서는 여러 컴포넌트가 있을 수 있으므로 모든 정점에서 색칠을 시작하는 바깥 루프가 중요합니다.	이분 그래프									dsa	graph	bfs	dfs
Q285	사이클 검출(Cycle Detection)		Data Structure & Algorithm - 탐색 알고리즘	42	INITIALS	MEDIUM	DFS에서 방문 상태를 이용해 그래프에 순환이 있는지 판단하는 작업을 무엇이라고 하는가?	사이클 검출은 그래프 문제에서 가장 중요한 기본기 중 하나입니다. 방향 그래프에서는 onPath 또는 3색 마킹으로 회색 정점으로 향하는 간선을 찾습니다. 무방향 그래프에서는 부모 정점을 제외한 방문 이웃을 만나면 사이클로 봅니다. 면접에서는 방향과 무방향의 검출 방식 차이를 정확히 구분하는지 봅니다. 실무에서는 순환 의존이 있으면 배포나 빌드가 실패하므로 사이클 검출이 안정성에 직결됩니다.	사이클 검출									dsa	dfs	graph	
Q286	경로 복원(Path Reconstruction)		Data Structure & Algorithm - 탐색 알고리즘	42	INITIALS	MEDIUM	BFS에서 parent 정보를 따라가며 실제 최단 경로를 되살려 출력하는 과정을 무엇이라고 하는가?	경로 복원은 최단 거리만이 아니라 실제 이동 경로를 요구하는 문제에서 중요합니다. BFS에서 정점을 처음 발견할 때 parent를 기록하면 최단 경로가 보장됩니다. 목표 정점에서 parent를 거슬러 올라가면 역순 경로가 나오므로 뒤집어 출력합니다. 면접에서는 parent를 언제 설정해야 하는지와, 방문 갱신으로 최단이 깨질 수 있음을 물어봅니다. 실무에서도 디버깅이나 사용자 안내 경로 제공에 실제 경로 출력이 필요할 때가 많습니다.	경로 복원									dsa	bfs	graph	
Q287	상태 공간 탐색(State Space Search)		Data Structure & Algorithm - 탐색 알고리즘	42	INITIALS	MEDIUM	위치뿐 아니라 추가 상태를 포함해 정점을 확장하여 BFS DFS로 탐색하는 접근을 무엇이라고 하는가?	상태 공간 탐색은 문제를 그래프로 모델링할 때 상태를 정점으로 보는 방식입니다. 예를 들어 위치와 남은 벽 부수기 횟수, 키 보유 여부 같은 정보가 정점 상태가 됩니다. 면접에서는 visited를 단순 2차원이 아니라 3차원 이상으로 확장해야 한다는 함정을 자주 냅니다. 실무에서도 게임, 로봇, 경로 계획 문제에서 상태 공간 모델링이 매우 흔합니다. 상태 설계를 잘못하면 정답이 누락되거나 메모리가 폭발할 수 있어 균형 감각이 필요합니다.	상태 공간 탐색									dsa	bfs	dfs	
Q288	방문 상태 확장(Visited with State)		Data Structure & Algorithm - 탐색 알고리즘	42	INITIALS	MEDIUM	상태 공간 문제에서 visited를 위치만이 아니라 상태까지 포함해 관리하는 방식을 무엇이라고 하는가?	상태 공간 문제에서는 같은 위치라도 상태가 다르면 이후 가능 행동이 달라집니다. 그래서 visited를 위치만으로 두면 더 좋은 상태로 재도달해야 하는 경로가 막혀 정답이 틀릴 수 있습니다. 면접에서는 visited[r][c][k] 같은 형태를 자연스럽게 떠올릴 수 있는지 봅니다. 실무에서도 남은 비용, 남은 점프, 사용한 쿠폰 수 같은 상태가 붙는 문제에서 동일한 패턴이 반복됩니다. visited 확장은 정답률을 좌우하는 가장 중요한 설계 포인트 중 하나입니다.	방문 상태 확장									dsa	graph	bfs	dfs
Q289	연결 요소 개수 세기(Count Components)		Data Structure & Algorithm - 탐색 알고리즘	42	INITIALS	MEDIUM	모든 정점을 훑으며 미방문 정점에서 BFS DFS를 시작해 연결 요소의 개수를 구하는 작업을 무엇이라고 하는가?	연결 요소 개수 세기는 그래프의 기본 분석 문제입니다. 한 번의 BFS DFS로는 한 연결 요소만 방문하므로 바깥 루프가 필요합니다. 면접에서는 이 패턴을 모르면 그래프가 분리된 입력에서 정답을 놓친다는 점을 자주 지적합니다. 실무에서는 네트워크 분리 여부, 군집 수 계산 같은 문제에 바로 적용됩니다. 구현에서는 visited 초기화와 컴포넌트 카운트 증가 시점을 명확히 해야 합니다.	연결 요소 개수 세기									dsa	graph	bfs	dfs
Q290	BFS 시간 복잡도(O V+E)		Data Structure & Algorithm - 복잡도 분석	45	INITIALS	MEDIUM	인접 리스트 그래프에서 BFS DFS가 정점과 간선을 한 번씩 훑어 수행된다고 볼 때의 대표 시간 복잡도를 무엇이라고 하는가?	인접 리스트에서는 각 정점은 한 번 큐나 스택에서 처리되고, 각 간선은 인접 리스트 순회로 한 번씩 확인됩니다. 그래서 BFS DFS의 시간 복잡도는 보통 O(V+E)로 말합니다. 면접에서는 인접 행렬이면 O(V^2)로 달라질 수 있음을 덧붙이면 더 정확합니다. 실무에서는 입력 제한을 보고 자료구조 선택을 하는 근거로 이 복잡도 분석이 중요합니다. 시간 복잡도를 정확히 말할 수 있어야 탐색 알고리즘 선택도 논리적으로 설명됩니다.	오브이플러스이									dsa	graph	bfs	dfs
Q291	인접 행렬 탐색(O V^2)		Data Structure & Algorithm - 복잡도 분석	45	INITIALS	MEDIUM	인접 행렬로 BFS DFS를 구현하면 한 정점의 이웃 확인에 V가 걸려 전체가 V제곱이 될 수 있는 복잡도를 무엇이라고 하는가?	인접 행렬은 어떤 정점의 이웃을 찾으려면 행 전체를 훑어야 합니다. 그래서 정점마다 O(V)로 이웃 확인이 필요하고 전체는 O(V^2)까지 커질 수 있습니다. 면접에서는 왜 희소 그래프에서는 인접 리스트가 유리한지 이와 연결해 설명해야 합니다. 실무에서는 V가 큰 문제에서 인접 행렬을 쓰면 메모리뿐 아니라 시간도 급격히 증가합니다. 자료구조 선택이 곧 성능이라는 점을 보여주는 대표 예시입니다.	오브이제곱									dsa	graph	bfs	dfs
Q292	트리(Tree)		Data Structure & Algorithm - 비선형 구조	41	INITIALS	MEDIUM	사이클이 없고 연결되어 있으며 간선 수가 V-1인 그래프의 특수 형태를 무엇이라고 하는가?	트리는 그래프의 특수한 형태로, 연결되어 있고 사이클이 없습니다. 이때 정점 수가 V이면 간선 수는 V-1이라는 중요한 성질이 있습니다. 면접에서는 트리도 그래프라는 관점에서 BFS DFS가 그대로 적용된다는 점을 확인합니다. 실무에서는 계층 구조나 조직도처럼 자연스럽게 트리로 모델링되는 데이터가 많습니다. 트리의 성질을 알고 있으면 지름, LCA 같은 심화 주제도 더 쉽게 이해됩니다.	트리									dsa	graph		
Q293	트리 지름(Tree Diameter)		Data Structure & Algorithm - 탐색 알고리즘	42	INITIALS	MEDIUM	트리에서 가장 먼 두 정점 사이의 거리, 즉 최장 최단 거리 값을 무엇이라고 하는가?	트리 지름은 트리에서 가장 먼 두 정점 사이의 거리입니다. 트리에서는 두 번의 BFS로 지름을 구하는 유명한 기법이 자주 출제됩니다. 면접에서는 왜 트리에서는 이 방식이 성립하는지 간단히라도 설명할 수 있어야 합니다. 실무에서는 네트워크가 트리 형태일 때 최악 거리나 지연을 추정하는 데 활용할 수 있습니다. 일반 그래프에서는 항상 성립하지 않을 수 있다는 경계도 함께 알고 있으면 좋습니다.	트리 지름									dsa	bfs	graph	
Q294	그래프 모델링(Graph Modeling)		Data Structure & Algorithm - 비선형 구조	41	INITIALS	MEDIUM	문제를 정점과 간선으로 바꿔 표현하고 탐색 알고리즘을 적용할 수 있게 만드는 과정을 무엇이라고 하는가?	그래프 모델링은 문제 해결의 출발점입니다. 무엇을 정점으로 둘지, 무엇을 간선으로 둘지에 따라 알고리즘 선택이 달라집니다. 면접에서는 격자 문제를 그래프로 바꾸는 사고 과정이나, 상태까지 포함한 모델링을 설명하라고 할 수 있습니다. 실무에서도 서비스 의존성, 권한 흐름, 추천 경로 같은 문제를 그래프로 모델링하면 분석이 쉬워집니다. 모델링을 잘못하면 구현이 아무리 좋아도 정답과 멀어지므로 설계 단계의 논리가 매우 중요합니다.	그래프 모델링									dsa	graph		
Q295	단절점(Articulation Point)		Data Structure & Algorithm - 탐색 알고리즘	42	INITIALS	MEDIUM	그래프에서 특정 정점을 제거했을 때 연결 요소 수가 증가하는 정점을 무엇이라고 하는가?	단절점은 제거하면 그래프가 분리되는 정점으로, 네트워크 취약 지점을 찾는 데 중요한 개념입니다. DFS의 방문 순서와 low 값을 이용해 선형 시간에 판정할 수 있습니다. 면접에서는 루트 정점의 예외 조건과 low 조건을 말로 설명할 수 있는지 자주 봅니다. 실무에서는 장애 전파를 막기 위한 핵심 노드 분석이나 링크 설계에서 활용됩니다. 단절점과 브리지의 차이를 정확히 구분해 설명하는 것이 중요합니다.	단절점									dsa	dfs	graph	
Q296	브리지(Bridge)		Data Structure & Algorithm - 탐색 알고리즘	42	INITIALS	MEDIUM	그래프에서 특정 간선을 제거했을 때 연결 요소 수가 증가하는 간선을 무엇이라고 하는가?	브리지는 제거하면 그래프가 분리되는 간선입니다. DFS 트리 간선에 대해 low와 disc를 비교하는 조건으로 판정합니다. 면접에서는 low[to] > disc[v] 조건이 왜 브리지인지 논리적으로 설명하라고 할 수 있습니다. 실무에서는 단일 링크 장애에 취약한 연결을 찾거나, 백업 링크가 필요한 구간을 파악할 때 쓰입니다. 단절점과 함께 묶어 출제되는 경우가 많아 둘의 정의를 혼동하지 않아야 합니다.	브리지									dsa	dfs	graph	
Q297	방문 순서(Discovery Time)		Data Structure & Algorithm - 탐색 알고리즘	42	INITIALS	MEDIUM	DFS에서 정점이 처음 방문되는 시점을 기록하는 값을 무엇이라고 하는가?	방문 순서는 DFS에서 정점이 발견된 시간을 의미하며 disc 또는 tin 같은 이름으로 구현됩니다. 단절점, 브리지, SCC 같은 고급 알고리즘에서 핵심적으로 사용됩니다. 면접에서는 disc와 low의 차이를 말로 설명할 수 있는지 확인합니다. 실무에서도 DFS 기반 분석 알고리즘을 구현할 때 디버깅 기준점이 되어 매우 유용합니다. 방문 순서를 정확히 기록하지 않으면 low 계산이 무너져 결과가 전부 틀릴 수 있습니다.	방문 순서									dsa	dfs	graph	
Q298	로우 링크(Low Link)		Data Structure & Algorithm - 탐색 알고리즘	42	INITIALS	MEDIUM	DFS에서 정점이 서브트리를 통해 도달 가능한 가장 이른 방문 순서를 의미하는 값을 무엇이라고 하는가?	로우 링크는 low 값으로, 서브트리에서 조상으로 올라갈 수 있는 가장 작은 disc를 나타냅니다. 단절점과 브리지 판정, 타잔 SCC 등에서 핵심 역할을 합니다. 면접에서는 low 갱신 규칙에서 부모 간선을 제외해야 하는 이유를 자주 묻습니다. 실무에서는 low 계산이 조금만 틀려도 결과가 완전히 틀어지므로 구현을 템플릿처럼 정확히 외워두는 것이 좋습니다. low는 DFS 트리 구조를 이해하는 척도로도 활용할 수 있습니다.	로우 링크									dsa	dfs	graph	
Q299	강한 연결 요소(SCC)		Data Structure & Algorithm - 탐색 알고리즘	42	INITIALS	MEDIUM	방향 그래프에서 서로 왕복 도달 가능한 정점들의 최대 집합을 무엇이라고 하는가?	SCC는 방향 그래프에서 상호 도달 가능 관계로 묶이는 컴포넌트입니다. 코사라주나 타잔 알고리즘으로 O(V+E)에 구할 수 있습니다. 면접에서는 SCC를 왜 압축하면 DAG가 되는지까지 연결해 설명할 수 있어야 합니다. 실무에서는 순환 의존을 그룹으로 묶어 배포 순서를 만들거나, 순환 구조를 분석하는 데 매우 유용합니다. SCC 정의를 정확히 말할 수 있으면 그래프 심화 문제 대응력이 크게 올라갑니다.	강한 연결 요소									dsa	dfs	graph	
Q300	코사라주(Kosaraju)		Data Structure & Algorithm - 탐색 알고리즘	42	INITIALS	MEDIUM	두 번의 DFS와 역방향 그래프를 이용해 SCC를 구하는 알고리즘을 무엇이라고 하는가?	코사라주는 첫 DFS의 종료 순서를 이용해 두 번째 DFS를 역방향 그래프에서 수행합니다. 역방향 그래프와 종료 시간 내림차순 처리의 조합이 SCC 경계를 보장합니다. 면접에서는 왜 역방향이 필요한지, 왜 종료 순서를 쓰는지 설명이 자주 나옵니다. 실무에서도 구현이 비교적 직관적이라 SCC 문제에서 자주 선택됩니다. 역그래프 생성 비용도 O(E)라 전체가 O(V+E)로 동작합니다.	코사라주									dsa	dfs	graph	
Q301	타잔(Tarjan)		Data Structure & Algorithm - 탐색 알고리즘	42	INITIALS	MEDIUM	한 번의 DFS와 스택, lowlink를 이용해 SCC를 구하는 알고리즘을 무엇이라고 하는가?	타잔은 단일 DFS로 SCC를 추출하는 알고리즘입니다. onStack 여부와 lowlink 값을 이용해 SCC 루트를 판정하고, 루트를 만나면 스택에서 pop하며 SCC를 구성합니다. 면접에서는 onStack 체크가 왜 필요한지, lowlink 의미를 설명하는 질문이 자주 나옵니다. 실무에서는 코사라주보다 한 번의 DFS로 끝나 효율적이며 구현 선호에 따라 선택됩니다. 스택 관리가 핵심이라 실수하면 SCC가 잘못 묶일 수 있습니다.	타잔									dsa	dfs	graph	
Q302	역방향 그래프(Reverse Graph)		Data Structure & Algorithm - 비선형 구조	41	INITIALS	MEDIUM	모든 간선의 방향을 반대로 뒤집어 만든 그래프를 무엇이라고 하는가?	역방향 그래프는 간선 방향을 뒤집은 그래프입니다. 코사라주 SCC에서 두 번째 DFS를 수행할 때 필요합니다. 면접에서는 reverse graph를 만드는 데 O(E)가 든다는 점과, 왜 reverse에서 탐색해야 SCC 경계가 지켜지는지 질문이 자주 나옵니다. 실무에서도 도달 가능성 분석이나 역추적 로직에서 역그래프가 유용합니다. 인접 리스트에서 역그래프를 만들 때는 입력 간선을 순회하며 반대 방향으로 추가하면 됩니다.	역방향 그래프									dsa	graph		
Q303	종료 시간(Finish Time)		Data Structure & Algorithm - 탐색 알고리즘	42	INITIALS	MEDIUM	DFS에서 한 정점의 모든 이웃 탐색이 끝나고 빠져나오는 시점을 기록한 값을 무엇이라고 하는가?	종료 시간은 DFS가 정점을 마무리하는 순간의 시간입니다. 코사라주에서는 종료 시간이 큰 정점부터 역방향 DFS를 시작해야 SCC가 올바르게 분리됩니다. 면접에서는 종료 시간을 스택에 push하는 방식으로 구현하는 패턴을 자주 봅니다. 실무에서도 위상 정렬을 DFS로 구할 때 종료 순서가 그대로 결과가 된다는 점이 중요합니다. 종료 시간 개념이 잡히면 DFS 기반 알고리즘들의 구조를 더 쉽게 이해할 수 있습니다.	종료 시간									dsa	dfs	graph	
Q304	위상 정렬(Kahn)		Data Structure & Algorithm - 탐색 알고리즘	42	INITIALS	MEDIUM	indegree 0 정점을 큐로 처리하며 위상 정렬을 수행하는 BFS 스타일 알고리즘을 무엇이라고 하는가?	Kahn 알고리즘은 indegree 0 정점을 큐에 넣고 하나씩 제거합니다. 제거하면서 이웃의 indegree를 감소시키고 새로 0이 되면 큐에 넣습니다. 면접에서는 처리한 정점 수가 V보다 작으면 사이클이 있다는 판정까지 함께 묻습니다. 실무에서는 작업 순서, 빌드 순서를 구하는 가장 흔한 방법입니다. indegree 계산과 업데이트가 정확해야 하며, 큐에 중복으로 넣지 않도록 주의해야 합니다.	칸 알고리즘									dsa	bfs	graph	
Q305	인접 정점(Neighbor)		Data Structure & Algorithm - 비선형 구조	41	INITIALS	MEDIUM	한 정점과 간선으로 직접 연결된 정점을 무엇이라고 하는가?	인접 정점은 한 번의 간선 이동으로 도달 가능한 정점입니다. BFS DFS는 인접 정점을 순회하며 탐색을 확장합니다. 면접에서는 인접 정점 순회가 곧 간선 순회이며, 인접 리스트 기준으로 총 비용이 O(E)임을 연결해 설명할 수 있어야 합니다. 실무에서는 인접 정점을 가져오는 연산이 병목이 될 수 있어 자료구조 선택이 중요합니다. 이웃 순서에 따라 탐색 순서가 달라질 수 있다는 점도 함께 이해해야 합니다.	인접 정점									dsa	graph	bfs	dfs
Q306	교차 간선(Cross Edge)		Data Structure & Algorithm - 탐색 알고리즘	42	INITIALS	MEDIUM	DFS에서 서로 조상 자손 관계가 아닌 정점들 사이를 잇는 간선을 무엇이라고 하는가?	교차 간선은 DFS 간선 분류 중 하나로, 다른 서브트리로 향하는 간선입니다. 방향 그래프에서 나타날 수 있으며, 교차 간선이 있다고 해서 반드시 사이클이 존재하는 것은 아닙니다. 면접에서는 백 간선이 사이클의 충분조건이고 교차 간선은 아니라는 점을 구분하는지 봅니다. 실무에서는 간선 분류를 이용해 그래프 구조를 분석하거나 디버깅할 때 도움이 됩니다. 간선 분류 개념이 있으면 DFS 기반 이론 질문에 강해집니다.	교차 간선									dsa	dfs	graph	
Q307	백 간선(Back Edge)		Data Structure & Algorithm - 탐색 알고리즘	42	INITIALS	MEDIUM	DFS에서 현재 경로 상의 조상 정점으로 되돌아가는 간선을 무엇이라고 하는가?	백 간선은 DFS 스택 위의 조상으로 향하는 간선으로, 방향 그래프에서 사이클 존재를 의미합니다. 3색 마킹에서는 회색 정점으로 가는 간선이 백 간선에 해당합니다. 면접에서는 백 간선을 발견하면 왜 사이클이 확정되는지 설명해야 합니다. 실무에서도 순환 의존 검출에서 onPath 체크를 통해 백 간선을 찾습니다. 백 간선과 무방향 그래프의 parent 간선을 혼동하지 않는 것이 중요합니다.	백 간선									dsa	dfs	graph	
Q308	전방 간선(Forward Edge)		Data Structure & Algorithm - 탐색 알고리즘	42	INITIALS	MEDIUM	DFS에서 조상 정점에서 자손 정점으로 향하지만 트리 간선은 아닌 간선을 무엇이라고 하는가?	전방 간선은 DFS 트리에서 조상에서 자손으로 가는 비트리 간선입니다. 방향 그래프에서만 의미 있는 분류이며, 무방향 그래프에서는 간선 분류가 단순해집니다. 면접에서는 전방 간선과 교차 간선을 구분해 설명하는지를 확인할 수 있습니다. 실무에서는 보통 사이클 검출에는 백 간선이 핵심이라 전방 간선은 덜 쓰이지만, 이론 질문에서 자주 나옵니다. 간선 분류를 이해하면 DFS 동작을 더 깊게 설명할 수 있습니다.	전방 간선									dsa	dfs	graph	
Q309	트리 간선(Tree Edge)		Data Structure & Algorithm - 탐색 알고리즘	42	INITIALS	MEDIUM	DFS 또는 BFS에서 정점을 처음 발견할 때 사용되어 탐색 트리를 구성하는 간선을 무엇이라고 하는가?	트리 간선은 탐색 중 처음 발견된 정점으로 이어지는 간선입니다. 이 간선들만 모으면 BFS 트리나 DFS 트리가 됩니다. 면접에서는 BFS 트리 간선이 dist를 정확히 1 증가시키는 이유를 설명할 수 있어야 합니다. 실무에서는 parent 배열로 트리 간선을 저장해 경로 복원에 활용합니다. 트리 간선과 비트리 간선을 구분하면 사이클, 브리지 같은 문제에서도 논리가 선명해집니다.	트리 간선									dsa	graph	bfs	dfs
Q310	프론티어(Frontier)		Data Structure & Algorithm - 탐색 알고리즘	42	INITIALS	MEDIUM	BFS에서 현재 확장하고 있는 경계 집합, 즉 다음에 처리될 정점들의 집합을 무엇이라고 하는가?	프론티어는 탐색이 확장되는 경계면을 의미합니다. BFS에서는 큐에 들어 있는 정점들이 프론티어라고 볼 수 있고, 레벨 단위로 확장됩니다. 면접에서는 양방향 BFS에서 두 프론티어를 번갈아 확장해 탐색 공간을 줄인다는 설명이 자주 나옵니다. 실무에서는 확산 시뮬레이션에서 현재 라운드의 활성 집합을 프론티어로 모델링합니다. 프론티어 개념을 잡으면 BFS 최적화 아이디어를 더 쉽게 떠올릴 수 있습니다.	프론티어									dsa	bfs	graph	
Q311	레벨 동기화(Level Synchronization)		Data Structure & Algorithm - 탐색 알고리즘	42	INITIALS	MEDIUM	BFS에서 같은 거리의 정점들을 한 묶음으로 처리해 단계별로 진행되도록 맞추는 기법을 무엇이라고 하는가?	레벨 동기화는 BFS를 단계 단위로 실행하기 위한 패턴입니다. 큐의 현재 길이를 고정해 그만큼만 pop하며 한 레벨을 처리하는 방식이 대표적입니다. 면접에서는 최단 시간 문제나 확산 문제에서 레벨이 시간으로 해석되는 이유를 설명할 때 이 패턴을 사용합니다. 실무에서도 하루 단위, 분 단위로 확산되는 시뮬레이션을 구현할 때 레벨 동기화가 필수입니다. 레벨 동기화가 없으면 시간 계산이 어긋나거나 조기 종료 조건이 꼬일 수 있습니다.	레벨 동기화									dsa	bfs	graph	
Q312	방문 거리 갱신(Relaxation)		Data Structure & Algorithm - 탐색 알고리즘	42	INITIALS	MEDIUM	최단 거리 알고리즘에서 더 짧은 경로를 발견했을 때 dist를 갱신하는 동작을 무엇이라고 하는가?	거리 갱신은 relax라고 부르며 다익스트라, 벨만 포드 등에서 핵심 동작입니다. BFS에서는 무가중치 조건 때문에 최초 방문이 곧 최단이라 일반적으로 relax가 필요하지 않습니다. 면접에서는 BFS와 다익스트라의 차이를 설명할 때 relax 개념을 끌어올 수 있으면 좋습니다. 실무에서도 가중치가 들어가면 dist 갱신과 우선순위 관리가 반드시 필요합니다. 용어 자체는 그래프 최단 거리 분야에서 매우 자주 등장합니다.	거리 갱신									dsa	graph	bfs	
Q313	레벨 그래프(Level Graph)		Data Structure & Algorithm - 탐색 알고리즘	42	INITIALS	MEDIUM	BFS 결과로 dist 값에 따라 정점들이 레벨로 나뉘어 형성되는 구조를 무엇이라고 하는가?	레벨 그래프는 BFS의 거리 계층 구조를 말합니다. dist가 0인 집합, 1인 집합처럼 레벨이 만들어지고, 레벨 간 간선 성질도 함께 분석할 수 있습니다. 면접에서는 이 구조를 활용해 최단 경로의 특성을 설명하는 질문이 나올 수 있습니다. 실무에서도 레벨 그래프를 만들면 단계별 처리나 후처리가 쉬워집니다. 특히 최단 경로 개수 세기 같은 문제는 레벨 그래프 관점이 있으면 더 명확합니다.	레벨 그래프									dsa	bfs	graph	
Q314	그래프 순환 의존(Cyclic Dependency)		Data Structure & Algorithm - 탐색 알고리즘	42	INITIALS	MEDIUM	위상 정렬이 실패하는 대표 원인으로, 작업들이 서로를 선행 조건으로 요구하는 구조를 무엇이라고 하는가?	순환 의존은 A가 B를 필요로 하고 B가 다시 A를 필요로 하는 구조를 말합니다. 이 구조가 있으면 DAG가 아니므로 위상 정렬이 불가능합니다. 면접에서는 Kahn 알고리즘에서 큐가 비고 정점이 남는 상황을 순환 의존과 연결해 설명하라고 할 수 있습니다. 실무에서는 빌드 의존성이나 마이크로서비스 호출 관계에서 순환 의존이 장애와 배포 실패의 원인이 됩니다. 설계 단계에서 순환을 만들지 않도록 규칙을 두거나, SCC로 묶어 관리하는 방식이 쓰입니다.	순환 의존									dsa	graph	bfs	dfs
Q315	최소 컷(Min Cut)		Data Structure & Algorithm - 기타 알고리즘	44	INITIALS	HARD	그래프에서 두 정점 집합을 분리하기 위해 제거해야 하는 간선 용량 합이 최소가 되는 분할을 무엇이라고 하는가?	최소 컷은 소스에서 싱크로 가는 흐름을 끊기 위해 제거해야 하는 최소 용량 합을 의미합니다. 최대 유량과 최소 컷은 동치라는 정리로 연결되어 같이 출제되는 경우가 많습니다. 면접에서는 컷이 무엇인지, 왜 용량 합을 최소로 보려는지 개념을 물을 수 있습니다. 실무에서는 네트워크 용량 설계, 병목 구간 파악, 장애 격리 설계에서 아이디어로 활용됩니다. 구현 자체는 최대 유량 알고리즘과 함께 다뤄지며 그래프 모델링 능력이 핵심입니다.	최소 컷									dsa	graph		
Q316	최대 유량(Max Flow)		Data Structure & Algorithm - 기타 알고리즘	44	INITIALS	HARD	용량이 있는 방향 그래프에서 소스에서 싱크로 보낼 수 있는 흐름의 최대 값을 무엇이라고 하는가?	최대 유량은 네트워크에서 보낼 수 있는 최대 흐름을 의미합니다. 에드몬즈 카프나 디닉 같은 알고리즘으로 계산하며, BFS로 레벨 그래프를 만들기도 합니다. 면접에서는 유량 보존과 용량 제한이라는 제약을 정확히 이해하는지 확인합니다. 실무에서는 트래픽 할당, 자원 배분, 매칭 문제로 변환되는 경우가 많아 응용 폭이 큽니다. 문제를 유량으로 모델링할 수 있는지가 고난도 포인트입니다.	최대 유량									dsa	graph	bfs	
Q317	에드몬즈 카프(Edmonds Karp)		Data Structure & Algorithm - 기타 알고리즘	44	INITIALS	HARD	BFS로 최단 증가 경로를 찾으며 포드 풀커슨을 구현해 최대 유량을 구하는 알고리즘을 무엇이라고 하는가?	에드몬즈 카프는 포드 풀커슨의 구현 방식 중 하나로, 증가 경로를 BFS로 찾습니다. BFS를 쓰면 수행 횟수에 대한 상한이 생겨 다항 시간 복잡도를 보장합니다. 면접에서는 증가 경로와 잔여 용량 개념을 설명하라고 할 수 있습니다. 실무에서도 구현이 비교적 단순해 교육용이나 중간 규모 문제에서 자주 등장합니다. BFS가 그래프 유량 문제에서도 쓰인다는 점이 포인트입니다.	에드몬즈 카프									dsa	bfs	graph	
Q318	디닉(Dinic)		Data Structure & Algorithm - 기타 알고리즘	44	INITIALS	HARD	BFS로 레벨 그래프를 만들고 DFS로 블로킹 플로우를 찾아 최대 유량을 구하는 알고리즘을 무엇이라고 하는가?	디닉 알고리즘은 레벨 그래프를 BFS로 구성하고, 그 위에서 DFS로 더 이상 증가할 수 없는 블로킹 플로우를 찾습니다. 면접에서는 왜 BFS와 DFS를 조합하는지, 레벨 그래프의 의미가 무엇인지 자주 묻습니다. 실무에서는 대형 유량 문제에서 성능이 좋아 널리 쓰입니다. 구현에서는 level 배열과 iter 포인터로 간선 반복을 최적화하는 디테일이 중요합니다. BFS와 DFS가 함께 등장하는 대표 고난도 그래프 알고리즘입니다.	디닉									dsa	bfs	dfs	graph
Q319	잔여 그래프(Residual Graph)		Data Structure & Algorithm - 기타 알고리즘	44	INITIALS	HARD	유량 알고리즘에서 현재 유량을 기준으로 추가로 흘릴 수 있는 용량을 간선으로 표현한 그래프를 무엇이라고 하는가?	잔여 그래프는 남은 용량과 되돌릴 수 있는 역간선을 포함한 그래프입니다. 증가 경로는 잔여 그래프에서 찾습니다. 면접에서는 왜 역간선이 필요한지, 유량을 되돌리는 것이 어떤 의미인지 설명이 자주 나옵니다. 실무에서는 유량 문제를 정확히 이해하는지 판별하는 핵심 개념입니다. 잔여 그래프를 잘못 구성하면 알고리즘이 틀리거나 무한 루프가 될 수 있습니다.	잔여 그래프									dsa	graph		
Q320	증가 경로(Augmenting Path)		Data Structure & Algorithm - 기타 알고리즘	44	INITIALS	HARD	잔여 그래프에서 소스에서 싱크로 추가 유량을 흘릴 수 있는 경로를 무엇이라고 하는가?	증가 경로는 현재 유량을 더 늘릴 수 있는 경로입니다. 포드 풀커슨 계열 알고리즘은 증가 경로를 반복적으로 찾아 유량을 증가시킵니다. 면접에서는 증가량이 경로상의 최소 잔여 용량으로 결정된다는 점을 설명하라고 할 수 있습니다. 실무에서는 경로를 찾는 방식에 따라 성능이 달라지므로 BFS나 DFS 선택이 중요합니다. 증가 경로 개념이 확실해야 유량 알고리즘을 제대로 이해했다고 볼 수 있습니다.	증가 경로									dsa	graph		
Q321	블로킹 플로우(Blocking Flow)		Data Structure & Algorithm - 기타 알고리즘	44	INITIALS	HARD	디닉 알고리즘에서 레벨 그래프에서 더 이상 증가 경로가 없을 때까지 유량을 흘린 상태를 무엇이라고 하는가?	블로킹 플로우는 레벨 그래프에서 소스에서 싱크로 가는 모든 경로가 최소 한 간선에서 막히는 상태를 의미합니다. 디닉은 이 상태를 만들고 다시 레벨 그래프를 갱신하는 과정을 반복합니다. 면접에서는 왜 이 과정을 반복하면 결국 최대 유량이 되는지 큰 그림을 묻기도 합니다. 실무에서는 구현에서 DFS로 블로킹 플로우를 찾는 과정이 가장 까다로운 부분입니다. BFS와 DFS가 결합되는 구조를 명확히 이해해야 합니다.	블로킹 플로우									dsa	bfs	dfs	graph
Q322	최소 비용 최대 유량(MCMF)		Data Structure & Algorithm - 기타 알고리즘	44	INITIALS	HARD	최대 유량을 흘리되 총 비용이 최소가 되도록 하는 유량 문제를 무엇이라고 하는가?	최소 비용 최대 유량은 각 간선에 비용이 있을 때 최대 유량을 달성하면서 비용 합을 최소화하는 문제입니다. 보통 SPFA나 다익스트라와 포텐셜을 이용해 증가 경로를 반복적으로 찾습니다. 면접에서는 비용과 용량이 함께 있을 때 최단 경로로 증가 경로를 찾는 이유를 설명해야 합니다. 실무에서는 배차, 할당, 운송 문제 같은 최적화에 응용됩니다. 모델링 자체가 고난도이며 그래프 최적화 사고가 중요합니다.	최소 비용 최대 유량									dsa	graph		
Q323	포텐셜(Potential)		Data Structure & Algorithm - 기타 알고리즘	44	INITIALS	HARD	최소 비용 유량에서 음수 비용 문제를 피하기 위해 간선 비용을 재가중치하는 기법의 핵심 값은 무엇이라고 하는가?	포텐셜은 Johnson 재가중치 아이디어를 이용해 음수 간선을 처리할 때 사용됩니다. 최소 비용 유량에서 다익스트라를 쓰려면 비음수 가중치가 필요하기 때문에 포텐셜로 비용을 변형합니다. 면접에서는 재가중치 후 최단 경로가 유지되는 이유를 깊게 묻기도 합니다. 실무에서는 MCMF 성능을 확보하려면 포텐셜 업데이트가 중요합니다. 구현 디테일이 복잡하므로 개념을 말로라도 명확히 설명할 수 있어야 합니다.	포텐셜									dsa	graph		
Q324	BFS 레벨 그래프(Level Graph)		Data Structure & Algorithm - 기타 알고리즘	44	INITIALS	HARD	디닉에서 BFS로 각 정점의 레벨을 매겨 증가 경로가 레벨을 따라가게 만든 그래프를 무엇이라고 하는가?	레벨 그래프는 디닉 알고리즘의 핵심 구조입니다. BFS로 dist 레벨을 만든 뒤, 레벨이 1씩 증가하는 간선만 따라 DFS를 수행하게 합니다. 면접에서는 왜 이렇게 제한하면 불필요한 탐색이 줄고 성능이 좋아지는지 설명할 수 있어야 합니다. 실무에서는 level 배열과 BFS 구성 과정이 정확해야 전체 알고리즘이 동작합니다. BFS가 최단 거리뿐 아니라 유량 알고리즘의 전처리에도 쓰인다는 점이 포인트입니다.	레벨 그래프									dsa	bfs	graph	
Q325	블로썸(Blossom)		Data Structure & Algorithm - 기타 알고리즘	44	INITIALS	HARD	일반 그래프에서 최대 매칭을 구할 때 홀수 사이클을 축약해 처리하는 알고리즘의 핵심 개념을 무엇이라고 하는가?	블로썸은 일반 그래프 매칭에서 홀수 사이클을 하나의 슈퍼노드로 축약하는 개념입니다. 이 축약을 통해 이분 그래프가 아닌 경우에도 매칭을 확장할 수 있습니다. 면접에서는 이분 매칭과 일반 그래프 매칭의 난이도 차이를 질문할 수 있습니다. 실무에서는 직접 구현보다 라이브러리 의존이 많지만, 알고리즘적 난이도를 아는지 확인하는 용도로 출제됩니다. 그래프 이론에서 매우 고난도 주제에 속합니다.	블로썸									dsa	graph		
Q326	존슨(Johnson)		Data Structure & Algorithm - 기타 알고리즘	44	INITIALS	HARD	모든 정점 쌍 최단 경로를 구할 때 재가중치 후 다익스트라를 반복 적용하는 알고리즘을 무엇이라고 하는가?	존슨 알고리즘은 벨만 포드로 포텐셜을 구해 가중치를 재가중치한 뒤, 각 정점에서 다익스트라를 수행합니다. 음수 간선이 있어도 음수 사이클이 없으면 동작하며, 희소 그래프에서 유리합니다. 면접에서는 Floyd Warshall과 비교해 언제 존슨이 유리한지 물을 수 있습니다. 실무에서는 대규모 희소 그래프의 APSP에서 고려될 수 있습니다. 포텐셜과 재가중치 개념을 정확히 이해해야 설명이 가능합니다.	존슨									dsa	graph		
Q327	플로이드 워셜(Floyd Warshall)		Data Structure & Algorithm - 기타 알고리즘	44	INITIALS	HARD	모든 정점 쌍 최단 경로를 O(V^3) 동적 계획법으로 구하는 알고리즘을 무엇이라고 하는가?	플로이드 워셜은 3중 루프로 모든 쌍 최단 거리를 구하는 대표 알고리즘입니다. 구현이 단순하지만 O(V^3)이라 정점 수가 크면 어렵습니다. 면접에서는 중간 정점을 하나씩 허용해가며 갱신하는 DP 관점을 설명할 수 있어야 합니다. 실무에서는 V가 작을 때나 거리 테이블이 반드시 필요한 경우에 적합합니다. 그래프 최단 경로의 전형적인 고난도 기본기로 자주 출제됩니다.	플로이드 워셜									dsa	graph		
Q328	다익스트라(Dijkstra)		Data Structure & Algorithm - 탐색 알고리즘	42	INITIALS	HARD	음수 가중치가 없을 때 우선순위 큐로 최단 경로를 구하는 알고리즘을 무엇이라고 하는가?	다익스트라는 non negative 가중치에서 최단 경로를 보장합니다. BFS는 무가중치에서만 최단을 보장하지만, 다익스트라는 가중치 합이 최소인 경로를 찾습니다. 면접에서는 왜 음수 가중치가 있으면 깨지는지, 그리고 우선순위 큐를 왜 쓰는지 질문이 자주 나옵니다. 실무에서는 네트워크 라우팅, 비용 최적화 등 현실 문제에서 많이 사용됩니다. 그래프 탐색의 대표 심화 알고리즘으로 개념과 조건을 명확히 해야 합니다.	다익스트라									dsa	graph	bfs	
Q329	벨만 포드(Bellman Ford)		Data Structure & Algorithm - 기타 알고리즘	44	INITIALS	HARD	음수 가중치가 있어도 최단 경로를 구하고 음수 사이클도 검출할 수 있는 알고리즘을 무엇이라고 하는가?	벨만 포드는 모든 간선을 반복적으로 relax 하여 최단 거리를 구합니다. V-1번 relax 후에도 갱신이 되면 음수 사이클이 존재한다고 판정합니다. 면접에서는 왜 V-1번인지, 그리고 음수 사이클이 있으면 최단 경로가 정의되지 않는 이유를 묻습니다. 실무에서는 음수 비용 모델이 있을 때 대안이 되지만, O(VE)로 느려 크기 제한을 따져야 합니다. 그래프 최단 경로에서 이론과 구현 포인트가 분명한 고난도 주제입니다.	벨만 포드									dsa	graph		
Q330	음수 사이클(Negative Cycle)		Data Structure & Algorithm - 기타 알고리즘	44	INITIALS	HARD	최단 경로 비용을 무한히 줄일 수 있어 최단 경로가 정의되지 않게 만드는 사이클을 무엇이라고 하는가?	음수 사이클은 사이클을 돌수록 비용 합이 계속 감소하는 구조입니다. 이 경우 최단 경로가 존재하지 않으며, 알고리즘은 이를 검출해 예외로 처리해야 합니다. 면접에서는 벨만 포드로 음수 사이클을 어떻게 검출하는지 자주 묻습니다. 실무에서는 비용 모델링이 잘못되었거나, arbitrage 같은 현상을 탐지하는 문제로 연결되기도 합니다. 음수 사이클 개념은 최단 경로의 정의 자체를 흔드는 중요한 경계 조건입니다.	음수 사이클									dsa	graph		
Q331	최소 신장 트리(MST)		Data Structure & Algorithm - 기타 알고리즘	44	INITIALS	HARD	가중치 무방향 그래프에서 모든 정점을 연결하면서 간선 가중치 합이 최소인 트리를 무엇이라고 하는가?	최소 신장 트리는 모든 정점을 연결하되 비용 합이 최소가 되는 트리입니다. 크루스칼이나 프림 알고리즘으로 구하며, 그래프 최적화의 대표 문제입니다. 면접에서는 최단 경로와 MST를 혼동하는지 자주 провер합니다. 실무에서는 네트워크 구축 비용 최소화, 케이블 연결 최소 비용 등에서 응용됩니다. MST는 그래프 문제 중에서도 기본이면서도 설명할 포인트가 많은 고난도 주제입니다.	최소 신장 트리									dsa	graph		
Q332	크루스칼(Kruskal)		Data Structure & Algorithm - 기타 알고리즘	44	INITIALS	HARD	간선을 가중치 오름차순으로 선택하며 유니온 파인드를 이용해 MST를 만드는 알고리즘을 무엇이라고 하는가?	크루스칼은 간선을 정렬한 뒤 사이클이 생기지 않게 선택하는 방식입니다. 유니온 파인드로 사이클 여부를 빠르게 판정합니다. 면접에서는 왜 그리디가 정당한지와, 시간 복잡도가 정렬 O(E log E)에 좌우된다는 점을 묻습니다. 실무에서는 간선이 많은 그래프에서 구현이 직관적이라 자주 쓰입니다. 유니온 파인드의 경로 압축과 rank 최적화까지 함께 설명할 수 있으면 좋습니다.	크루스칼									dsa	graph		
Q333	프림(Prim)		Data Structure & Algorithm - 기타 알고리즘	44	INITIALS	HARD	한 정점에서 시작해 우선순위 큐로 가장 싼 간선을 확장하며 MST를 만드는 알고리즘을 무엇이라고 하는가?	프림은 정점을 하나씩 MST에 포함시키며, 컷을 가로지르는 최소 간선을 선택하는 방식입니다. 우선순위 큐로 후보 간선을 관리해 효율을 높입니다. 면접에서는 프림과 다익스트라가 구조가 비슷해 보이는데 목적이 다르다는 점을 질문하기도 합니다. 실무에서는 밀집 그래프에서 프림이 유리할 수 있으며, 인접 행렬 버전도 있습니다. MST 문제에서 크루스칼과 함께 반드시 대비해야 하는 알고리즘입니다.	프림									dsa	graph		
Q334	유니온 파인드(Union Find)		Data Structure & Algorithm - 선형 구조	40	INITIALS	HARD	서로소 집합을 관리하며 find와 union으로 연결 여부를 빠르게 판정하는 자료구조를 무엇이라고 하는가?	유니온 파인드는 그래프에서 컴포넌트 합치기와 연결 여부 판정에 쓰입니다. 크루스칼 MST에서 사이클을 막는 핵심 도구입니다. 면접에서는 경로 압축과 union by rank가 왜 거의 상수 시간에 가깝게 만드는지 설명을 요구할 수 있습니다. 실무에서는 동적 연결성 문제나 그룹 관리에도 널리 쓰입니다. 그래프 최적화 알고리즘과 함께 자주 묶여 출제되는 고난도 기본기입니다.	유니온 파인드									dsa	graph		
Q335	센트로이드 분해(Centroid Decomposition)		Data Structure & Algorithm - 기타 알고리즘	44	INITIALS	HARD	트리를 균형 있게 분할하는 센트로이드를 반복적으로 선택해 트리 문제를 분할 정복으로 푸는 기법을 무엇이라고 하는가?	센트로이드 분해는 트리를 반복적으로 센트로이드에서 잘라 서브트리로 분할하는 기법입니다. 각 단계에서 트리 높이를 로그 수준으로 유지하며 여러 쿼리를 효율적으로 처리할 수 있습니다. 면접에서는 언제 이 기법이 필요한지, 그리고 센트로이드의 정의가 무엇인지 물어볼 수 있습니다. 실무에서는 경쟁형 알고리즘 문제에서 거리 쿼리, 경로 조건 쿼리 등에 자주 등장합니다. 구현은 복잡하지만 트리도 그래프라는 관점에서 DFS로 크기 계산과 분해를 수행한다는 점이 포인트입니다.	센트로이드 분해									dsa	dfs	graph	
Q336	트리 분할 정복(Divide and Conquer on Tree)		Data Structure & Algorithm - 기타 알고리즘	44	INITIALS	HARD	트리에서 서브트리로 나누어 문제를 재귀적으로 해결하는 설계 패턴을 무엇이라고 하는가?	트리 분할 정복은 트리의 재귀 구조를 이용해 문제를 쪼개는 접근입니다. 서브트리 단위로 답을 계산하고 합치는 과정이 핵심입니다. 면접에서는 DFS로 서브트리 정보를 모으는 방식과 DP와의 연결을 묻기도 합니다. 실무에서는 직접 적용보다는 트리 기반 쿼리 시스템이나 알고리즘 설계에서 자주 등장합니다. 올바른 분할 기준과 합치는 규칙을 잡는 능력이 난이도를 좌우합니다.	트리 분할 정복									dsa	dfs	graph	
Q337	LCA(최소 공통 조상)		Data Structure & Algorithm - 탐색 알고리즘	42	INITIALS	HARD	트리에서 두 노드의 공통 조상 중 가장 깊은 조상을 무엇이라고 하는가?	LCA는 트리 경로 질의의 핵심 개념입니다. 두 노드의 경로를 구하거나 거리 계산을 할 때 LCA를 이용하면 빠르게 처리할 수 있습니다. 면접에서는 이진 점프 테이블로 O(log V)에 질의하는 방법이나 Euler Tour RMQ 같은 방법을 물을 수 있습니다. 실무에서는 트리형 데이터에서 관계 질의가 빈번할 때 캐싱이나 전처리로 LCA를 쓰는 사고가 유용합니다. 구현에서는 루트 지정, 깊이 배열, 부모 테이블 구성 순서가 중요합니다.	최소 공통 조상									dsa	dfs	graph	
Q338	이진 점프(Binary Lifting)		Data Structure & Algorithm - 탐색 알고리즘	42	INITIALS	HARD	LCA를 빠르게 구하기 위해 2의 거듭제곱 단위로 조상을 미리 저장하는 전처리 기법을 무엇이라고 하는가?	이진 점프는 parent[k][v]를 2의 k승 위 조상으로 저장하는 방식입니다. 전처리는 O(V log V)이고 질의는 O(log V)로 처리합니다. 면접에서는 깊이를 맞춘 뒤 큰 점프부터 올려 LCA를 찾는 과정을 설명하라고 할 수 있습니다. 실무에서는 반복 질의가 많은 트리 서비스에서 전처리로 응답 시간을 줄이는 패턴과 유사합니다. DFS로 깊이와 1단계 부모를 만든 뒤 테이블을 채우는 순서가 핵심입니다.	이진 점프									dsa	dfs	graph	
Q339	오일러 투어(Euler Tour)		Data Structure & Algorithm - 탐색 알고리즘	42	INITIALS	HARD	트리를 DFS로 순회하며 들어갈 때와 나올 때의 방문 순서를 기록해 구간으로 서브트리를 표현하는 기법을 무엇이라고 하는가?	오일러 투어는 DFS 순회 순서를 배열로 기록해 트리 문제를 배열 구간 문제로 바꿉니다. 서브트리가 연속 구간이 되는 성질을 이용해 세그먼트 트리나 펜윅 트리와 결합합니다. 면접에서는 in time, out time이 왜 서브트리 구간이 되는지 설명을 요구할 수 있습니다. 실무에서도 계층 데이터의 집계를 구간 쿼리로 바꾸는 사고가 유용합니다. DFS 기반 전처리이므로 재귀 깊이와 방문 순서 관리가 중요합니다.	오일러 투어									dsa	dfs	graph	
Q340	RMQ(구간 최소 질의)		Data Structure & Algorithm - 기타 알고리즘	44	INITIALS	HARD	배열 구간에서 최소값을 빠르게 구하는 질의를 무엇이라고 하는가?	RMQ는 구간 최소 질의를 의미하며, LCA를 Euler Tour로 변환하면 RMQ로 풀 수 있습니다. 면접에서는 스파스 테이블로 O(1) 질의, O(n log n) 전처리 방법을 자주 묻습니다. 실무에서는 로그 분석, 시계열에서 구간 통계 등에서 비슷한 문제를 만납니다. 그래프 직접 용어는 아니지만 LCA와 결합되며 그래프 트리 심화에서 등장합니다. 구간 자료구조를 선택하는 판단 근거를 설명할 수 있으면 좋습니다.	구간 최소 질의									dsa	graph		
Q341	스파스 테이블(Sparse Table)		Data Structure & Algorithm - 기타 알고리즘	44	INITIALS	HARD	정적 배열에서 RMQ를 빠르게 처리하기 위해 2의 거듭제곱 구간을 전처리하는 자료구조를 무엇이라고 하는가?	스파스 테이블은 변하지 않는 배열에 대해 빠른 질의를 제공하는 전처리 구조입니다. O(n log n) 전처리로 O(1) RMQ를 지원합니다. 면접에서는 왜 두 구간을 겹치게 선택해도 최소 연산에서는 문제가 없는지 설명을 묻기도 합니다. 실무에서는 데이터가 고정이고 질의가 많을 때 전처리로 이득을 보는 전형 사례입니다. 트리 LCA를 RMQ로 바꿨을 때 스파스 테이블이 함께 등장하곤 합니다.	스파스 테이블									dsa	graph		
Q342	헤비 라이트 분해(HLD)		Data Structure & Algorithm - 기타 알고리즘	44	INITIALS	HARD	트리의 경로 질의를 로그 시간에 처리하기 위해 무거운 간선을 기준으로 체인으로 나누는 기법을 무엇이라고 하는가?	HLD는 트리 경로를 여러 체인으로 분해해 경로 질의를 구간 질의로 바꾸는 방법입니다. DFS로 서브트리 크기를 구해 heavy child를 정하고, 체인 head를 관리합니다. 면접에서는 경로가 O(log V)개의 체인으로 분해되는 이유를 설명하라고 할 수 있습니다. 실무에서는 직접 구현보다 개념 이해를 묻는 경우가 많지만, 고난도 트리 쿼리 문제에서는 자주 등장합니다. DFS 기반 전처리와 세그먼트 트리 결합이 핵심 패턴입니다.	헤비 라이트 분해									dsa	dfs	graph	
Q343	단절점 알고리즘(Tarjan AP)		Data Structure & Algorithm - 탐색 알고리즘	42	INITIALS	HARD	DFS의 disc와 low 값을 이용해 단절점을 찾는 표준 알고리즘을 무엇이라고 하는가?	단절점 탐지는 타잔 스타일 DFS로 구현됩니다. 자식 서브트리의 low가 현재 정점의 disc 이상이면 단절점이 될 수 있습니다. 루트는 자식이 둘 이상일 때 단절점이라는 예외 조건이 있습니다. 면접에서는 이 조건을 정확히 기억하는지 확인합니다. 실무에서는 네트워크 장애 취약 지점 분석에 쓰이며, 그래프 안정성 평가에서 의미가 큽니다. low 계산과 부모 간선 제외를 정확히 해야 합니다.	단절점 알고리즘									dsa	dfs	graph	
Q344	브리지 알고리즘(Tarjan Bridge)		Data Structure & Algorithm - 탐색 알고리즘	42	INITIALS	HARD	DFS의 disc와 low 값을 이용해 브리지를 찾는 표준 알고리즘을 무엇이라고 하는가?	브리지 탐지도 타잔 스타일 DFS로 구현됩니다. 자식 low가 현재 disc보다 크면 해당 간선은 브리지입니다. 면접에서는 부등호가 왜 엄격한지, back edge가 있으면 왜 브리지가 아닌지 논리적으로 설명하라고 할 수 있습니다. 실무에서는 링크 단일 장애에 취약한 구간을 찾아 이중화 설계 근거로 씁니다. 구현에서 방문 순서, low 갱신, 부모 간선 처리의 정확성이 핵심입니다.	브리지 알고리즘									dsa	dfs	graph	
Q345	단축 경로(Shortest Path Tree)		Data Structure & Algorithm - 탐색 알고리즘	42	INITIALS	HARD	BFS 또는 다익스트라에서 parent를 모아 시작점 기준 최단 경로들로 이루어진 트리를 무엇이라고 하는가?	최단 경로 트리는 시작점에서 각 정점까지의 최단 경로를 parent로 표현한 구조입니다. BFS에서는 무가중치 조건에서 자연스럽게 생기며, 다익스트라에서도 parent 선택으로 구성할 수 있습니다. 면접에서는 최단 경로가 여러 개인 경우 트리가 유일하지 않을 수 있음을 설명해야 합니다. 실무에서는 라우팅 테이블이나 네비게이션 안내 경로의 기반이 될 수 있습니다. parent 갱신 규칙을 잘못 잡으면 최단 트리 성질이 깨질 수 있습니다.	최단 경로 트리									dsa	bfs	graph	
Q346	K단계 조상(Kth Ancestor)		Data Structure & Algorithm - 탐색 알고리즘	42	INITIALS	HARD	트리에서 어떤 노드의 K번째 조상을 빠르게 구하는 질의를 무엇이라고 하는가?	K번째 조상 질의는 이진 점프 테이블로 빠르게 처리할 수 있습니다. K를 이진수로 분해해 해당하는 점프들을 적용합니다. 면접에서는 parent 테이블 구축과 질의 수행을 설명할 수 있는지 봅니다. 실무에서는 계층 구조에서 상위 그룹, 상위 폴더 찾기 같은 관계 질의로 해석할 수 있습니다. LCA와 함께 자주 출제되는 트리 전처리 주제입니다.	케이번째 조상									dsa	dfs	graph	
Q347	단절 간선 이중화(Redundancy Design)		Data Structure & Algorithm - 기타 알고리즘	44	INITIALS	HARD	브리지로 판정된 간선이 장애에 취약하므로 대체 경로를 추가해 신뢰성을 높이는 설계 개념을 무엇이라고 하는가?	브리지는 제거 시 그래프가 분리되는 단일 장애 지점입니다. 이를 완화하려면 대체 경로를 추가해 이중화하는 설계가 필요합니다. 면접에서는 브리지 개념을 실무 상황에 매핑할 수 있는지 확인할 때 이런 질문이 나올 수 있습니다. 실무에서는 네트워크 링크, 서비스 호출 경로, 데이터 복제 경로에서 redundancy 설계가 핵심입니다. 그래프 알고리즘이 실제 시스템 설계로 이어질 수 있다는 점을 보여주는 좋은 포인트입니다.	이중화 설계									dsa	graph		
Q348	그래프 압축(Condensation Graph)		Data Structure & Algorithm - 탐색 알고리즘	42	INITIALS	HARD	SCC를 하나의 정점으로 축약해 만든 그래프를 무엇이라고 하는가?	응축 그래프는 SCC들을 슈퍼노드로 합친 그래프입니다. 방향 그래프의 SCC를 압축하면 항상 DAG가 된다는 성질이 핵심입니다. 면접에서는 왜 DAG가 되는지, 그리고 이 위에서 위상 정렬을 어떻게 활용하는지 질문할 수 있습니다. 실무에서는 순환 의존을 그룹으로 묶은 뒤 배포 순서를 만드는 등의 분석에 활용됩니다. SCC와 위상 정렬을 연결해 설명하면 그래프 이해도가 높아 보입니다.	응축 그래프									dsa	dfs	graph	
Q349	에드몬즈 블로썸(Edmonds Blossom)		Data Structure & Algorithm - 기타 알고리즘	44	INITIALS	HARD	일반 그래프 최대 매칭을 구하기 위해 블로썸 축약을 이용하는 알고리즘을 무엇이라고 하는가?	에드몬즈 블로썸은 일반 그래프 매칭의 표준 고급 알고리즘입니다. 홀수 사이클을 축약해 매칭을 확장할 수 있도록 만듭니다. 면접에서는 이분 매칭과 달리 일반 그래프 매칭이 왜 더 어려운지 개념 질문이 나올 수 있습니다. 실무에서는 직접 구현보다 이해 여부를 보는 고난도 이론 질문에 가깝습니다. 그래프 알고리즘 심화에서 가장 난이도 높은 축에 속합니다.	에드몬즈 블로썸									dsa	graph		
Q350	최소 비용 흐름(Min Cost Flow)		Data Structure & Algorithm - 기타 알고리즘	44	INITIALS	HARD	정해진 유량을 흘리되 총 비용이 최소가 되도록 하는 네트워크 최적화 문제를 무엇이라고 하는가?	최소 비용 흐름은 최대 유량이 아니라 필요한 유량을 만족시키면서 비용을 최소화하는 문제로도 정의됩니다. MCMF의 한 형태로 볼 수 있으며, 최단 경로 기반 증가 경로를 반복합니다. 면접에서는 비용이 있을 때 왜 최단 경로를 찾아야 하는지 논리적으로 설명해야 합니다. 실무에서는 운송, 배차, 할당 문제를 그래프로 모델링할 때 등장합니다. 구현은 복잡하지만 핵심은 그래프 모델링과 잔여 그래프 개념을 정확히 이해하는 것입니다.	최소 비용 흐름									dsa	graph		