question_temp_key	term_title	term_id	term_category	term_category_id	question_type	difficulty	question_text	explanation	text_answer	choice_1_text	choice_1_is_answer	choice_2_text	choice_2_is_answer	choice_3_text	choice_3_is_answer	choice_4_text	choice_4_is_answer	label_1_key	label_2_key	label_3_key	label_4_key
Q001	스택(Stack)		Data Structure & Algorithm - 선형 구조	40	CHOICE	EASY	스택(Stack)의 동작 방식으로 가장 올바른 것은?	스택은 마지막에 넣은 데이터가 가장 먼저 나오는 LIFO 구조입니다. push로 넣고 pop으로 꺼내며, top에서만 접근하는 제한 덕분에 구현이 단순합니다. 면접에서는 LIFO 개념과 함께 대표 사용처를 묻는 경우가 많습니다. 실무에서는 호출 스택, undo, 괄호 검사처럼 되돌리기 흐름에 자주 씁니다. 큐(FIFO)와 혼동하지 않도록 입출력 방향을 함께 기억하는 것이 중요합니다.		먼저 들어온 데이터가 먼저 나간다	FALSE	마지막에 들어온 데이터가 먼저 나간다	TRUE	중간 위치의 데이터를 우선으로 꺼낸다	FALSE	임의 위치의 데이터를 항상 O1로 꺼낸다	FALSE	dsa	stack	linear	datastructure
Q002	스택(Stack)		Data Structure & Algorithm - 선형 구조	40	CHOICE	EASY	스택에서 push 연산의 의미로 올바른 것은?	push는 스택의 top 위치에 원소를 추가하는 연산입니다. 스택은 top에서만 삽입과 삭제가 일어나므로 흐름 제어에 적합합니다. 면접에서는 push와 pop의 정의를 정확히 구분하는지 확인합니다. 실무에서는 재귀 호출이나 상태 저장에서 push 동작이 자주 등장합니다. capacity 제한이 있는 구현에서는 overflow도 함께 고려해야 합니다.		top에 원소를 추가한다	TRUE	top의 원소를 제거한다	FALSE	가장 오래된 원소를 제거한다	FALSE	특정 인덱스에 원소를 삽입한다	FALSE	dsa	stack	linear	datastructure
Q003	스택(Stack)		Data Structure & Algorithm - 선형 구조	40	CHOICE	EASY	스택에서 pop 연산을 수행했을 때의 설명으로 올바른 것은?	pop은 스택의 top 원소를 제거하며 보통 그 값을 반환합니다. top에서만 삭제되기 때문에 동작이 직관적이고 예측 가능합니다. 면접에서는 빈 스택에서 pop을 하면 어떤 예외 상황이 되는지(underflow)를 자주 묻습니다. 실무에서는 입력 검증 없이 pop을 호출하면 런타임 오류가 날 수 있어 방어 로직이 필요합니다. peek과 pop의 차이도 함께 정리해두면 좋습니다.		top 원소를 제거하고 반환한다	TRUE	가장 아래 원소를 제거하고 반환한다	FALSE	큐의 front 원소를 제거한다	FALSE	임의의 원소를 정렬한 뒤 제거한다	FALSE	dsa	stack	linear	datastructure
Q004	스택(Stack)		Data Structure & Algorithm - 선형 구조	40	CHOICE	EASY	스택에서 peek 또는 top 연산의 의미로 가장 알맞은 것은?	peek(top)은 스택의 top 원소를 삭제하지 않고 조회하는 연산입니다. 데이터 구조 문제에서 상태를 확인할 때 자주 사용됩니다. 면접에서는 pop과의 차이를 묻거나, peek 사용 시 빈 스택 처리까지 연결 질문이 나옵니다. 실무에서는 조건 분기 전에 top 값을 확인해 안전하게 로직을 진행하는 패턴이 많습니다. 삭제 여부가 다르다는 점만 확실히 기억하면 실수 확률이 줄어듭니다.		top 원소를 제거하지 않고 확인한다	TRUE	top 원소를 제거한다	FALSE	가장 오래된 원소를 확인한다	FALSE	모든 원소의 합을 반환한다	FALSE	dsa	stack	linear	datastructure
Q005	스택(Stack)		Data Structure & Algorithm - 선형 구조	40	CHOICE	EASY	빈 스택에서 pop을 시도할 때 발생하는 상황으로 가장 올바른 것은?	빈 자료구조에서 삭제를 시도하면 underflow 상황이 됩니다. 스택에서는 pop이나 peek이 실패할 수 있으므로 예외 처리나 사전 검사(isEmpty)가 필요합니다. 면접에서는 overflow와 underflow를 구분할 수 있는지 자주 확인합니다. 실무에서는 입력 데이터가 불완전한 경우가 많아 방어 코드가 중요합니다. 특히 여러 스레드나 이벤트에서 스택을 공유하면 타이밍 이슈도 함께 고려해야 합니다.		underflow가 발생할 수 있다	TRUE	overflow가 발생한다	FALSE	항상 null을 반환하므로 안전하다	FALSE	자동으로 새 원소가 생성된다	FALSE	dsa	stack	linear	datastructure
Q006	스택(Stack)		Data Structure & Algorithm - 선형 구조	40	CHOICE	EASY	스택이 가장 잘 활용되는 예시로 올바른 것은?	스택은 되돌리기나 역순 처리에 강합니다. 괄호 검사처럼 최근 상태를 추적해야 하는 문제에서 전형적으로 쓰입니다. 면접에서는 스택 활용 사례를 1개 이상 말할 수 있어야 합니다. 실무에서는 undo/redo, 브라우저 뒤로가기, 함수 호출 스택 같은 형태로 자연스럽게 등장합니다. 문제에서 최근 항목을 반복적으로 처리하면 스택을 먼저 떠올리는 습관이 좋습니다.		괄호 문자열의 올바른 짝 검사	TRUE	레벨 순회(BFS)	FALSE	최단 경로 탐색(가중치 있음)	FALSE	해시 기반 키 조회	FALSE	dsa	stack	linear	datastructure
Q007	스택(Stack)		Data Structure & Algorithm - 선형 구조	40	CHOICE	EASY	스택을 배열로 구현할 때 top 인덱스가 가리키는 것으로 가장 알맞은 것은?	배열 기반 스택은 보통 top 인덱스로 마지막 원소 위치를 관리합니다. push 시 top을 증가시키고 값을 넣으며, pop 시 값을 꺼내고 top을 감소시킵니다. 면접에서는 top 초기값(-1 또는 0 등)과 경계 조건을 묻기도 합니다. 실무에서는 top 업데이트 순서 실수로 off-by-one 버그가 자주 발생합니다. empty/full 조건을 명확히 정의해두면 구현 안정성이 높아집니다.		현재 마지막 원소의 위치	TRUE	항상 첫 원소의 위치	FALSE	중간 원소의 위치	FALSE	정렬된 원소의 위치	FALSE	dsa	stack	linear	datastructure
Q008	큐(Queue)		Data Structure & Algorithm - 선형 구조	40	CHOICE	EASY	큐(Queue)의 동작 방식으로 가장 올바른 것은?	큐는 먼저 들어온 데이터가 먼저 나오는 FIFO 구조입니다. enqueue로 넣고 dequeue로 꺼내며 front와 rear를 관리합니다. 면접에서는 FIFO 특성과 대표 사용처(BFS, 작업 대기열)를 자주 묻습니다. 실무에서는 메시지 큐, 요청 처리 대기열, 버퍼링에 널리 사용됩니다. 스택(LIFO)과 반대로 동작한다는 점이 핵심입니다.		먼저 들어온 데이터가 먼저 나간다	TRUE	마지막에 들어온 데이터가 먼저 나간다	FALSE	중간 데이터가 먼저 나간다	FALSE	항상 가장 큰 값이 먼저 나간다	FALSE	dsa	queue	linear	datastructure
Q009	큐(Queue)		Data Structure & Algorithm - 선형 구조	40	CHOICE	EASY	큐에서 enqueue 연산의 의미로 올바른 것은?	enqueue는 큐의 rear(뒤) 쪽에 원소를 추가하는 연산입니다. 큐는 삽입과 삭제 위치가 다르기 때문에 흐름 제어에 유리합니다. 면접에서는 enqueue가 어디에 들어가는지(front인지 rear인지)를 물어보는 경우가 많습니다. 실무에서는 생산자 소비자 패턴에서 생산자가 enqueue를 수행합니다. 구현 시 rear 인덱스 갱신과 가득 참 처리까지 함께 고려하면 좋습니다.		rear에 원소를 추가한다	TRUE	front에서 원소를 제거한다	FALSE	top에 원소를 추가한다	FALSE	임의 위치에 원소를 삽입한다	FALSE	dsa	queue	linear	datastructure
Q010	큐(Queue)		Data Structure & Algorithm - 선형 구조	40	CHOICE	EASY	큐에서 dequeue 연산의 의미로 올바른 것은?	dequeue는 큐의 front(앞)에서 원소를 제거하고 보통 그 값을 반환합니다. FIFO 특성은 front에서 꺼낸다는 규칙으로 보장됩니다. 면접에서는 빈 큐에서 dequeue 시 underflow 가능성을 자주 묻습니다. 실무에서는 소비자가 dequeue를 수행하고, 처리 속도에 따라 큐 길이가 변합니다. front와 rear의 역할을 정확히 기억하면 구현 실수가 줄어듭니다.		front에서 원소를 제거하고 반환한다	TRUE	rear에서 원소를 제거한다	FALSE	top에서 원소를 제거한다	FALSE	모든 원소를 정렬한 뒤 제거한다	FALSE	dsa	queue	linear	datastructure
Q011	큐(Queue)		Data Structure & Algorithm - 선형 구조	40	CHOICE	EASY	큐에서 front가 가리키는 값으로 가장 알맞은 것은?	front는 다음에 dequeue될 원소를 가리키는 포인터 또는 인덱스입니다. FIFO 특성상 front는 가장 오래 기다린 원소를 의미합니다. 면접에서는 front와 rear의 의미를 구분하는 질문이 자주 나옵니다. 실무에서는 front 조회(peek)로 다음 처리 대상을 확인한 뒤 로직을 진행합니다. 상태가 비어 있을 때 front 접근을 막는 방어가 중요합니다.		다음에 제거될 원소	TRUE	가장 최근에 추가된 원소	FALSE	가장 큰 값의 원소	FALSE	임의로 선택된 원소	FALSE	dsa	queue	linear	datastructure
Q012	큐(Queue)		Data Structure & Algorithm - 선형 구조	40	CHOICE	EASY	큐가 가장 잘 활용되는 예시로 올바른 것은?	큐는 순서대로 처리해야 하는 작업에 적합합니다. BFS처럼 가까운 순서대로 방문하는 알고리즘에서 표준적으로 사용됩니다. 면접에서는 BFS가 왜 큐를 쓰는지 설명할 수 있어야 합니다. 실무에서는 작업 큐, 이벤트 큐, 프린터 대기열 같은 형태로 등장합니다. 순서 보장이 중요한 상황이라면 큐를 먼저 떠올리면 좋습니다.		그래프의 너비 우선 탐색(BFS)	TRUE	재귀 함수 호출 관리	FALSE	뒤집기(역순 출력)	FALSE	우선순위 기반 처리	FALSE	dsa	queue	linear	datastructure
Q013	원형 큐(Circular Queue)		Data Structure & Algorithm - 선형 구조	40	CHOICE	EASY	원형 큐(Circular Queue)를 사용하는 주된 이유로 가장 알맞은 것은?	원형 큐는 배열 기반 큐에서 공간 낭비를 줄이기 위해 사용합니다. front와 rear가 배열 끝에 도달하면 처음으로 돌아가 재사용하는 방식입니다. 면접에서는 왜 단순 배열 큐에서 비효율이 생기는지 연결 질문이 나옵니다. 실무에서는 고정 크기 버퍼(링 버퍼)로 많이 쓰이며 성능이 안정적입니다. 다만 full과 empty 조건이 헷갈리기 쉬워 구현 규칙을 명확히 해야 합니다.		배열 공간을 재사용해 낭비를 줄인다	TRUE	항상 정렬 상태를 유지한다	FALSE	LIFO 동작을 구현한다	FALSE	모든 연산을 OlogN으로 만든다	FALSE	dsa	queue	linear	datastructure
Q014	큐(Queue)		Data Structure & Algorithm - 선형 구조	40	CHOICE	EASY	빈 큐에서 dequeue를 시도할 때 가장 올바른 설명은?	빈 자료구조에서 삭제를 시도하면 underflow 상황이 될 수 있습니다. 큐에서도 dequeue나 front 조회는 실패 가능성이 있으므로 체크가 필요합니다. 면접에서는 예외 처리 방식이나 반환 규약을 물어볼 수 있습니다. 실무에서는 입력 폭주나 소비 지연으로 상태가 변동되므로 안정 장치가 중요합니다. 멀티스레드 환경에서는 동기화까지 고려해야 합니다.		underflow가 발생할 수 있다	TRUE	overflow가 발생한다	FALSE	항상 0을 반환한다	FALSE	rear가 자동으로 증가한다	FALSE	dsa	queue	linear	datastructure
Q015	힙(Heap)		Data Structure & Algorithm - 비선형 구조	41	CHOICE	EASY	힙(Heap)에 대한 설명으로 가장 올바른 것은?	힙은 완전 이진 트리 형태를 가지며 부모 자식 간의 대소 관계(힙 속성)를 만족하는 자료구조입니다. 최대 힙은 부모가 자식보다 크거나 같고, 최소 힙은 부모가 자식보다 작거나 같습니다. 면접에서는 힙이 왜 우선순위 큐 구현에 적합한지 자주 묻습니다. 실무에서는 작업 스케줄링, Top K, 다익스트라 같은 곳에서 활용됩니다. 정렬된 구조가 아니라는 점을 혼동하지 않는 것이 중요합니다.		부모 자식 간 힙 속성을 만족하는 완전 이진 트리	TRUE	모든 노드가 항상 정렬된 이진 탐색 트리	FALSE	FIFO로 동작하는 선형 자료구조	FALSE	해시로 키를 저장하는 자료구조	FALSE	dsa	heap	nonlinear	datastructure
Q016	최대 힙(Max Heap)		Data Structure & Algorithm - 비선형 구조	41	CHOICE	EASY	최대 힙(Max Heap)에서 루트(root)에 위치하는 값으로 가장 알맞은 것은?	최대 힙은 루트에 최댓값이 오도록 유지하는 구조입니다. 삽입과 삭제 시 힙 속성이 깨지지 않도록 위아래로 재정렬합니다. 면접에서는 최대 힙과 최소 힙의 루트 의미를 구분하는 질문이 자주 나옵니다. 실무에서는 가장 큰 작업을 먼저 처리하거나 최대값을 빠르게 얻어야 할 때 씁니다. 루트만 최댓값이고 전체가 정렬된 것은 아니라는 점이 핵심입니다.		전체 원소 중 최댓값	TRUE	전체 원소 중 최솟값	FALSE	항상 중간값	FALSE	임의의 값	FALSE	dsa	heap	nonlinear	datastructure
Q017	최소 힙(Min Heap)		Data Structure & Algorithm - 비선형 구조	41	CHOICE	EASY	최소 힙(Min Heap)에서 루트(root)의 의미로 가장 올바른 것은?	최소 힙은 루트에 최솟값이 오도록 유지하는 구조입니다. 우선순위가 작은 항목을 먼저 꺼내야 하는 문제에서 자주 사용됩니다. 면접에서는 다익스트라나 이벤트 시뮬레이션에서 최소 힙을 쓰는 이유를 묻기도 합니다. 실무에서는 타임아웃이 가장 임박한 작업, 가장 작은 비용을 가진 후보 처리 등에 활용됩니다. 최대 힙과 반대라는 점만 정확히 기억하면 됩니다.		전체 원소 중 최솟값	TRUE	전체 원소 중 최댓값	FALSE	삽입 순서상 가장 오래된 값	FALSE	항상 평균값	FALSE	dsa	heap	nonlinear	datastructure
Q018	우선순위 큐(Priority Queue)		Data Structure & Algorithm - 비선형 구조	41	CHOICE	EASY	우선순위 큐(Priority Queue)를 구현할 때 가장 흔히 사용하는 자료구조는?	우선순위 큐는 우선순위가 높은 원소를 먼저 꺼내는 구조입니다. 이를 효율적으로 구현하기 위해 힙을 가장 많이 사용합니다. 면접에서는 왜 힙이 적합한지(삽입, 삭제 성능)까지 연결 질문이 나옵니다. 실무에서는 스케줄러, 이벤트 처리, Top K 문제에서 기본 선택지입니다. 단순 정렬 리스트로도 가능하지만 성능 측면에서 힙이 일반적입니다.		힙(Heap)	TRUE	스택(Stack)	FALSE	단순 배열(Array)만	FALSE	연결 리스트(Linked List)만	FALSE	dsa	heap	priorityqueue	datastructure
Q019	힙(Heap)		Data Structure & Algorithm - 비선형 구조	41	CHOICE	EASY	힙에서 삽입(insert) 후 힙 속성을 복구하는 대표 동작으로 가장 알맞은 것은?	힙에 새 원소를 넣으면 보통 마지막 위치에 추가한 뒤 위로 올리며(heapify up) 속성을 맞춥니다. 이 과정에서 부모와 비교하며 교환이 일어납니다. 면접에서는 삽입 시 어디에 넣고 어떻게 복구하는지 순서를 묻기도 합니다. 실무에서는 라이브러리가 제공하는 push나 add가 내부적으로 이 과정을 수행합니다. 용어는 달라도 위로 올리기 동작이라는 핵심만 기억하면 됩니다.		부모와 비교하며 위로 올리기(heapify up)	TRUE	항상 전체를 다시 정렬하기	FALSE	front에서만 삽입하기	FALSE	중간 노드에 무작위 삽입하기	FALSE	dsa	heap	nonlinear	datastructure
Q020	힙(Heap)		Data Structure & Algorithm - 비선형 구조	41	CHOICE	EASY	힙에서 루트 삭제(delete root) 후 힙 속성을 복구하는 대표 동작으로 가장 알맞은 것은?	힙에서 루트를 제거하면 보통 마지막 원소를 루트로 올린 뒤 아래로 내리며(heapify down) 속성을 맞춥니다. 자식들과 비교하며 더 적절한 자식과 교환하는 방식입니다. 면접에서는 delete 과정의 큰 흐름(마지막 원소 이동 후 내려가기)을 자주 묻습니다. 실무에서는 poll이나 pop 같은 연산이 내부적으로 이 과정을 수행합니다. 삭제 후에도 완전 이진 트리 형태를 유지해야 한다는 점을 함께 기억하면 좋습니다.		자식과 비교하며 아래로 내리기(heapify down)	TRUE	항상 top에서만 삽입하기	FALSE	모든 노드를 선형 탐색해서 삭제하기	FALSE	삽입 순서를 유지하기 위해 회전하기	FALSE	dsa	heap	nonlinear	datastructure
Q021	데크(Deque)		Data Structure & Algorithm - 선형 구조	40	CHOICE	EASY	데크(Deque)에 대한 설명으로 가장 올바른 것은?	데크는 양쪽 끝에서 삽입과 삭제가 모두 가능한 선형 자료구조입니다. 큐의 확장 형태로, front와 rear 양쪽을 활용할 수 있다는 점이 핵심입니다. 면접에서는 큐/스택/데크의 차이를 비교하는 문제가 자주 나옵니다. 실무에서는 슬라이딩 윈도우 최적화나 양방향 버퍼에 유용합니다. 단, 구현에 따라 연산 비용이 달라질 수 있어 자료구조 선택 근거를 말할 수 있어야 합니다.		양쪽 끝에서 삽입과 삭제가 가능하다	TRUE	한쪽 끝에서만 삽입과 삭제가 가능하다	FALSE	항상 정렬 상태를 유지한다	FALSE	중간 위치에서만 삭제가 가능하다	FALSE	dsa	queue	linear	datastructure
Q022	선형 큐(Linear Queue)		Data Structure & Algorithm - 선형 구조	40	CHOICE	EASY	배열 기반 선형 큐(Linear Queue)에서 발생하기 쉬운 문제로 가장 알맞은 것은?	배열 기반 선형 큐는 dequeue가 반복되면 front가 앞으로 이동하면서 앞쪽 공간이 비게 됩니다. 하지만 rear가 배열 끝에 도달하면 더 이상 삽입이 어려워져 공간 낭비가 발생합니다. 면접에서는 이 문제를 해결하기 위해 원형 큐를 쓰는 이유를 연결해서 묻곤 합니다. 실무에서는 고정 크기 버퍼를 만들 때 이 비효율을 자주 만나게 됩니다. 따라서 링 구조로 재사용하거나 동적 확장을 고려하는 것이 좋습니다.		앞쪽 공간이 비어도 rear가 끝에 닿으면 삽입이 막힌다	TRUE	항상 최솟값이 front에 유지된다	FALSE	삽입할수록 자동으로 정렬된다	FALSE	큐는 중간 삭제가 필수다	FALSE	dsa	queue	linear	datastructure
Q023	스택 오버플로우(Stack Overflow)		Data Structure & Algorithm - 선형 구조	40	CHOICE	EASY	스택 오버플로우(Stack Overflow)가 발생할 수 있는 상황으로 가장 알맞은 것은?	스택 오버플로우는 호출 스택이 너무 깊어져 스택 메모리를 초과할 때 자주 발생합니다. 대표적으로 종료 조건이 없는 재귀 호출이나 과도한 재귀 깊이가 원인이 됩니다. 면접에서는 스택 메모리와 힙 메모리 차이까지 연결 질문이 나오기도 합니다. 실무에서는 재귀를 반복문으로 바꾸거나, 꼬리 재귀 최적화 가능 여부를 확인하는 식으로 대응합니다. 특히 입력 크기가 큰 트리/그래프 문제에서 재귀 깊이를 반드시 고려해야 합니다.		종료 조건 없는 재귀 호출이 계속될 때	TRUE	큐가 비어 있을 때 dequeue 할 때	FALSE	힙에서 최솟값을 꺼낼 때	FALSE	해시 충돌이 발생할 때	FALSE	dsa	stack	memory	datastructure
Q024	스택 언더플로우(Stack Underflow)		Data Structure & Algorithm - 선형 구조	40	CHOICE	EASY	스택 언더플로우(Stack Underflow)의 의미로 올바른 것은?	스택 언더플로우는 스택이 비어 있는데 pop이나 peek을 시도하는 상황을 말합니다. 자료구조의 경계 조건을 다루는 대표 예시로 면접에서 자주 등장합니다. 실무에서는 isEmpty 체크, 예외 처리, 또는 반환 규약(예: Optional)을 통해 방어합니다. 단위 테스트에서 빈 스택 케이스를 반드시 포함하는 것이 좋습니다. underflow와 overflow를 정확히 구분해 설명할 수 있어야 합니다.		빈 스택에서 pop 또는 peek을 시도하는 상황	TRUE	스택이 가득 찼는데 push 하는 상황	FALSE	큐가 가득 찼는데 dequeue 하는 상황	FALSE	힙에서 루트가 사라지는 상황	FALSE	dsa	stack	linear	datastructure
Q025	큐 오버플로우(Queue Overflow)		Data Structure & Algorithm - 선형 구조	40	CHOICE	EASY	고정 크기 배열로 구현한 큐에서 overflow가 발생할 수 있는 상황은?	고정 크기 큐는 저장할 수 있는 원소 수가 제한되어 있습니다. rear가 더 이상 이동할 수 없거나, 원형 큐에서 다음 위치가 front와 겹치는 경우 overflow로 간주합니다. 면접에서는 원형 큐의 full 조건을 어떻게 판단하는지 묻기도 합니다. 실무에서는 동적 확장 큐를 쓰거나, 생산자 소비자 속도를 조절해 overflow를 방지합니다. 모니터링 없이 방치하면 데이터 유실로 이어질 수 있어 주의가 필요합니다.		큐가 가득 찼는데 enqueue를 시도할 때	TRUE	큐가 비었는데 enqueue를 시도할 때	FALSE	힙에서 삽입할 때	FALSE	스택에서 peek 할 때	FALSE	dsa	queue	linear	datastructure
Q026	BFS(Breadth First Search)		Data Structure & Algorithm - 탐색 알고리즘	42	CHOICE	EASY	BFS(Breadth First Search)에서 일반적으로 사용하는 자료구조로 올바른 것은?	BFS는 가까운 노드부터 순서대로 방문하는 탐색 방법입니다. 이 방문 순서를 보장하기 위해 FIFO 특성의 큐를 사용합니다. 면접에서는 DFS와의 차이(스택/재귀 vs 큐)를 비교하는 질문이 자주 나옵니다. 실무에서는 최단 거리(간선 가중치가 동일할 때) 문제에서 BFS가 자주 쓰입니다. 따라서 BFS=큐라는 연결을 확실히 기억해두는 것이 좋습니다.		큐(Queue)	TRUE	스택(Stack)	FALSE	해시 테이블(Hash Table)	FALSE	배열(Array)	FALSE	dsa	queue	graph	search
Q027	DFS(Depth First Search)		Data Structure & Algorithm - 탐색 알고리즘	42	CHOICE	EASY	DFS(Depth First Search)를 구현할 때 흔히 사용하는 방식으로 가장 올바른 것은?	DFS는 한 방향으로 깊게 들어갔다가 되돌아오는 탐색입니다. 이 흐름은 스택(LIFO)과 자연스럽게 맞으며, 재귀 호출도 내부적으로 스택을 사용합니다. 면접에서는 DFS가 왜 스택과 연결되는지 설명할 수 있어야 합니다. 실무에서는 경로 탐색, 사이클 탐지, 컴포넌트 탐색에서 자주 쓰입니다. 재귀 깊이가 깊으면 스택 오버플로우 가능성이 있어 반복 구현도 고려합니다.		스택 또는 재귀(호출 스택)	TRUE	큐(Queue)	FALSE	우선순위 큐(Priority Queue)	FALSE	트리에서만 가능하다	FALSE	dsa	stack	graph	search
Q028	함수 호출 스택(Call Stack)		Data Structure & Algorithm - 선형 구조	40	CHOICE	EASY	함수 호출 스택(Call Stack)에 대한 설명으로 가장 올바른 것은?	호출 스택은 함수 호출 시 지역 변수, 반환 주소 등 실행 문맥을 스택 프레임으로 저장하는 구조입니다. 마지막에 호출된 함수가 먼저 종료되므로 LIFO 방식으로 동작합니다. 면접에서는 재귀 호출과 호출 스택의 관계를 자주 묻습니다. 실무에서는 스택 트레이스 분석을 통해 오류 원인을 추적할 때 호출 스택을 이해하는 것이 중요합니다. 특히 깊은 재귀나 큰 지역 변수가 스택 메모리를 압박할 수 있습니다.		마지막에 호출된 함수가 먼저 종료된다	TRUE	먼저 호출된 함수가 먼저 종료된다	FALSE	항상 가장 큰 함수가 먼저 종료된다	FALSE	호출 스택은 FIFO로 동작한다	FALSE	dsa	stack	memory	runtime
Q029	작업 큐(Job Queue)		Data Structure & Algorithm - 선형 구조	40	CHOICE	EASY	작업 큐(Job Queue)의 개념으로 가장 올바른 것은?	작업 큐는 처리할 작업을 순서대로 쌓아두고, 소비자가 하나씩 꺼내 처리하는 구조를 말합니다. 일반적으로 FIFO 큐 형태를 띠며, 시스템에서 부하를 완화하는 데 도움이 됩니다. 면접에서는 생산자 소비자 패턴과 함께 자주 등장합니다. 실무에서는 메시지 브로커나 백그라운드 작업 처리에서 핵심 구성 요소입니다. 큐 길이가 계속 증가하면 처리 병목이 있다는 신호이므로 모니터링이 중요합니다.		처리할 작업을 FIFO로 대기시키는 구조	TRUE	최근 작업을 먼저 처리하는 구조	FALSE	항상 우선순위가 높은 작업만 담는 구조	FALSE	스택 프레임을 저장하는 구조	FALSE	dsa	queue	system	datastructure
Q030	힙 메모리(Heap Memory)		Computer Science - 메모리와 하드웨어 구조	67	CHOICE	EASY	프로그램 실행 중 힙(Heap Memory)에 대한 설명으로 가장 올바른 것은?	힙 메모리는 런타임에 동적으로 할당되는 메모리 영역을 의미합니다. 언어와 런타임에 따라 GC가 관리하거나, 개발자가 직접 해제하기도 합니다. 면접에서는 자료구조 힙(Heap)과 메모리 힙(Heap Memory)을 혼동하지 않는지 확인합니다. 실무에서는 객체 생성이 많을수록 힙 사용량이 증가하고 GC 부담이 커질 수 있습니다. 이름이 같아도 개념이 다르다는 점을 분리해서 기억해야 합니다.		동적 할당되는 메모리 영역을 의미한다	TRUE	항상 최댓값을 빠르게 꺼내는 트리 구조다	FALSE	FIFO로 동작하는 선형 자료구조다	FALSE	함수 호출 프레임을 저장하는 영역이다	FALSE	dsa	heap	memory	cs
Q031	힙(Heap)		Data Structure & Algorithm - 비선형 구조	41	CHOICE	EASY	자료구조 힙(Heap)이 만족해야 하는 성질로 가장 올바른 것은?	자료구조 힙은 완전 이진 트리 형태를 기본으로 하며, 부모 자식 간의 대소 관계(힙 속성)를 유지합니다. 최대 힙과 최소 힙은 루트에 오는 값의 의미가 다릅니다. 면접에서는 힙이 BST처럼 전체 정렬 구조가 아니라는 점을 자주 함정으로 냅니다. 실무에서는 우선순위 큐 구현에 힙이 표준적으로 사용됩니다. 따라서 형태(완전 이진 트리)와 속성(부모-자식 관계) 두 가지를 함께 말할 수 있어야 합니다.		완전 이진 트리 형태와 힙 속성을 유지한다	TRUE	모든 노드가 왼쪽 < 부모 < 오른쪽을 만족한다	FALSE	삽입 순서를 그대로 유지한다	FALSE	항상 배열의 앞쪽이 최댓값이다	FALSE	dsa	heap	nonlinear	datastructure
Q032	힙 정렬(Heap Sort)		Data Structure & Algorithm - 정렬 알고리즘	43	CHOICE	EASY	힙 정렬(Heap Sort)의 핵심 아이디어로 가장 알맞은 것은?	힙 정렬은 힙 자료구조를 이용해 최댓값 또는 최솟값을 반복적으로 꺼내 정렬하는 방식입니다. 일반적으로 최대 힙으로 만들고 루트를 꺼내 뒤쪽에 배치하는 과정을 반복합니다. 면접에서는 힙을 왜 정렬에 쓸 수 있는지, 어떤 값을 빠르게 꺼낼 수 있는지 연결 질문이 나옵니다. 실무에서는 in-place 정렬이 가능하다는 점이 장점으로 언급되곤 합니다. 다만 안정 정렬이 아니라는 점은 추가로 알고 있으면 좋습니다.		힙에서 루트 값을 반복적으로 꺼내며 정렬한다	TRUE	앞에서부터 한 칸씩 삽입해가며 정렬한다	FALSE	인접 원소를 계속 교환하며 정렬한다	FALSE	분할 후 병합하며 정렬한다	FALSE	dsa	heap	sort	algorithm
Q033	단조 큐(Monotonic Queue)		Data Structure & Algorithm - 선형 구조	40	CHOICE	EASY	단조 큐(Monotonic Queue)의 설명으로 가장 알맞은 것은?	단조 큐는 큐(보통 데크)를 이용해 내부 원소가 단조 증가 또는 단조 감소하도록 유지하는 기법입니다. 슬라이딩 윈도우에서 최댓값/최솟값을 효율적으로 구할 때 자주 등장합니다. 면접에서는 데크를 왜 쓰는지, 어떤 값을 앞에서 유지하는지 묻기도 합니다. 실무에서는 대량 데이터에서 O(N)으로 윈도우 최댓값을 구하는 데 유용합니다. 구현 시 뒤쪽에서 불필요한 원소를 제거하는 규칙을 정확히 기억해야 합니다.		원소가 단조 증가 또는 감소하도록 유지하는 큐 기법	TRUE	항상 FIFO만 지키면 단조가 된다	FALSE	큐의 모든 원소를 매번 정렬한다	FALSE	스택으로만 구현 가능하다	FALSE	dsa	queue	deque	algorithm
Q034	괄호 검사(Parentheses Matching)		Data Structure & Algorithm - 선형 구조	40	CHOICE	EASY	괄호 검사에서 스택(Stack)을 사용하는 이유로 가장 올바른 것은?	괄호 검사는 가장 최근에 열린 괄호가 먼저 닫혀야 합니다. 이 성질이 LIFO 구조인 스택과 정확히 맞아 떨어집니다. 면접에서는 스택을 쓰는 대표 문제로 매우 자주 등장합니다. 실무에서는 파서, 컴파일러, 수식 처리 등에서도 같은 원리가 적용됩니다. 여는 괄호는 push, 닫는 괄호는 pop으로 처리한다는 패턴을 기억하면 됩니다.		가장 최근에 열린 괄호를 먼저 닫아야 해서	TRUE	먼저 열린 괄호를 먼저 닫아야 해서	FALSE	괄호를 정렬해야 해서	FALSE	우선순위가 가장 높은 괄호가 있어서	FALSE	dsa	stack	parsing	datastructure
Q035	스택 기반 수식 평가(Stack-based Evaluation)		Data Structure & Algorithm - 선형 구조	40	CHOICE	EASY	후위 표기식(Postfix Expression)을 계산할 때 주로 사용하는 자료구조는?	후위 표기식은 연산자를 만났을 때 직전에 나온 피연산자들을 사용해 계산합니다. 이때 최근 값부터 꺼내는 구조가 필요해 스택이 표준적으로 쓰입니다. 면접에서는 중위/후위 변환과 함께 스택 사용을 연결해 묻습니다. 실무에서는 간단한 계산기, 수식 파서 구현에 활용됩니다. 피연산자는 push하고, 연산자를 만나면 pop 두 번 후 계산 결과를 다시 push하는 패턴이 핵심입니다.		스택(Stack)	TRUE	큐(Queue)	FALSE	힙(Heap)	FALSE	해시(Hash)	FALSE	dsa	stack	expression	algorithm
Q036	레벨 순회(Level Order Traversal)		Data Structure & Algorithm - 탐색 알고리즘	42	CHOICE	EASY	트리의 레벨 순회(Level Order Traversal)에 주로 사용하는 자료구조는?	레벨 순회는 같은 깊이의 노드를 왼쪽에서 오른쪽으로 순서대로 방문합니다. 이 순서를 유지하려면 먼저 들어온 노드를 먼저 처리하는 FIFO 구조가 필요하므로 큐를 사용합니다. 면접에서는 전위/중위/후위(스택/재귀)와 대비되는 포인트로 자주 출제됩니다. 실무에서는 조직도, 카테고리 트리, UI 렌더링 순서 등에서 응용됩니다. 레벨 순회=큐라는 연결을 확실히 잡아두면 좋습니다.		큐(Queue)	TRUE	스택(Stack)	FALSE	힙(Heap)	FALSE	배열(Array)	FALSE	dsa	queue	tree	traversal
Q037	힙 기반 Top K(Top K with Heap)		Data Structure & Algorithm - 비선형 구조	41	CHOICE	EASY	가장 큰 K개의 값을 효율적으로 찾는 방법으로 가장 알맞은 것은?	Top K 문제는 대표적인 힙 활용 사례입니다. 전체를 정렬하면 비용이 크므로, K 크기의 최소 힙을 유지하며 큰 값만 남기는 방식이 자주 사용됩니다. 면접에서는 왜 정렬보다 힙이 유리한지 개념 수준에서 묻는 경우가 많습니다. 실무에서는 로그 분석, 추천 후보 추리기, 랭킹 집계 등에서 자주 등장합니다. 핵심은 힙을 통해 필요한 후보만 유지해 불필요한 정렬을 피하는 것입니다.		K 크기의 힙을 유지하며 Top K를 관리한다	TRUE	모든 값을 정렬한 뒤 앞에서 K개를 고른다	FALSE	스택에 K개를 넣고 pop한다	FALSE	큐에 넣은 순서대로 K개를 뽑는다	FALSE	dsa	heap	topk	algorithm
Q038	우선순위( Priority )		Data Structure & Algorithm - 비선형 구조	41	CHOICE	EASY	우선순위 큐에서 "우선순위가 높다"의 의미로 가장 올바른 것은?	우선순위 큐는 삽입 순서가 아니라 우선순위 기준으로 꺼내는 자료구조입니다. 구현에 따라 값이 작을수록 우선(최소 힙) 또는 클수록 우선(최대 힙)으로 정의합니다. 면접에서는 우선순위의 기준이 문제 정의에 달렸다는 점을 확인합니다. 실무에서는 긴급 작업, 마감이 임박한 작업 등 도메인 규칙에 따라 우선순위를 설계합니다. 따라서 "높다"는 표현이 항상 큰 수를 의미하지 않을 수 있음을 명확히 해야 합니다.		문제 정의에 따라 먼저 꺼낼 기준을 의미한다	TRUE	항상 숫자가 클수록 먼저 꺼낸다	FALSE	항상 FIFO로 처리한다	FALSE	항상 LIFO로 처리한다	FALSE	dsa	heap	priorityqueue	concept
Q039	두 힙 중간값(Median with Two Heaps)		Data Structure & Algorithm - 비선형 구조	41	CHOICE	EASY	실시간으로 중간값(Median)을 관리할 때 자주 쓰는 접근으로 가장 알맞은 것은?	중간값을 스트리밍으로 관리할 때는 두 개의 힙을 사용하는 방식이 유명합니다. 작은 절반은 최대 힙, 큰 절반은 최소 힙으로 유지해 루트만 비교하면 중간값을 빠르게 구할 수 있습니다. 면접에서는 왜 힙 두 개가 필요한지 직관을 묻는 경우가 많습니다. 실무에서는 실시간 통계, 모니터링 지표 계산 등에 응용할 수 있습니다. EASY에서는 개념만 알아도 충분하며, 균형 유지가 핵심이라는 정도를 기억하면 좋습니다.		최대 힙과 최소 힙 두 개로 절반씩 나눠 관리한다	TRUE	스택 하나로만 중간값을 구한다	FALSE	큐는 중간값 계산이 불가능하다	FALSE	해시로 중간값을 바로 조회한다	FALSE	dsa	heap	median	algorithm
Q040	큐 기반 버퍼(Buffer)		Data Structure & Algorithm - 선형 구조	40	CHOICE	EASY	입력 스트림을 순서대로 처리하기 위한 버퍼에 가장 알맞은 자료구조는?	입력을 받은 순서대로 처리해야 하는 버퍼는 FIFO 특성이 중요합니다. 큐는 먼저 들어온 데이터를 먼저 처리하므로 스트리밍/버퍼링에 자연스럽게 맞습니다. 면접에서는 버퍼링이나 생산자 소비자 예시로 큐를 고르는 문제를 자주 냅니다. 실무에서는 네트워크 패킷 처리, 이벤트 처리, 로그 수집 파이프라인에서 큐가 기본 선택지입니다. 순서 보장이 요구되면 큐를 떠올리면 됩니다.		큐(Queue)	TRUE	스택(Stack)	FALSE	힙(Heap)	FALSE	트리(Tree)	FALSE	dsa	queue	buffer	datastructure
Q041	두 스택으로 큐 구현(Queue using Two Stacks)		Data Structure & Algorithm - 선형 구조	40	CHOICE	MEDIUM	두 스택으로 큐를 구현할 때, dequeue 연산의 평균(암묵적) 시간 복잡도로 가장 알맞은 것은?	두 스택 큐는 입력용 스택에 push만 하다가, dequeue 시 출력용 스택이 비어 있으면 입력용을 모두 옮겨 담는 방식입니다. 한 번 옮겨진 원소는 다시 돌아오지 않기 때문에 각 원소는 최대 1번만 이동합니다. 그래서 개별 dequeue는 최악 O(N)일 수 있지만, 전체적으로는 분할 상환 분석에서 O(1)로 설명합니다. 면접에서는 amortized 개념을 아는지, 왜 평균적으로 빠른지 설명을 요구합니다. 실무에서는 요청 폭주 같은 특정 순간에만 지연이 커질 수 있어 지연 분포를 이해하는 게 중요합니다.		O(1) 분할 상환(amortized)	TRUE	O(log N)	FALSE	O(N) 항상	FALSE	O(N log N)	FALSE	dsa	queue	stack	complexity
Q042	두 큐로 스택 구현(Stack using Two Queues)		Data Structure & Algorithm - 선형 구조	40	CHOICE	MEDIUM	두 개의 큐로 스택을 구현하는 방법 중, push를 O(1)로 만들면 어떤 연산이 O(N)이 되기 쉬운가?	두 큐 스택은 설계에 따라 push를 빠르게 하거나 pop을 빠르게 할 수 있습니다. push를 O(1)로 만들면 보통 pop에서 마지막 원소를 남기고 나머지를 다른 큐로 옮겨야 하므로 O(N)이 됩니다. 반대로 pop을 O(1)로 만들려면 push 때 미리 재배치해 O(N)이 될 수 있습니다. 면접에서는 이런 트레이드오프를 말로 설명할 수 있는지 확인합니다. 실무에서는 어떤 연산이 더 자주 호출되는지에 따라 설계를 선택하는 것이 포인트입니다.		pop	TRUE	push	FALSE	peek만	FALSE	isEmpty만	FALSE	dsa	stack	queue	implementation
Q043	원형 큐(Circular Queue)		Data Structure & Algorithm - 선형 구조	40	CHOICE	MEDIUM	배열 기반 원형 큐에서 한 칸을 비워 empty/full을 구분하는 설계일 때, 큐가 가득 찼음을 판단하는 조건으로 가장 알맞은 것은?	원형 큐는 rear가 끝에 도달하면 다시 처음으로 돌아가 공간을 재사용합니다. 한 칸을 비워두는 방식은 empty와 full을 단순 조건으로 구분할 수 있어 구현이 흔합니다. 이때 full은 rear의 다음 위치가 front와 같아지는 순간으로 판단합니다. 면접에서는 모듈러 연산을 포함한 조건식을 묻는 경우가 많습니다. 실무에서는 인덱스 계산 실수로 데이터 덮어쓰기 버그가 생기기 쉬우니 테스트가 중요합니다.		rear의 다음 위치가 front와 같다	TRUE	front와 rear가 같다	FALSE	front가 0이면 full이다	FALSE	rear가 배열 끝이면 full이다	FALSE	dsa	queue	implementation	linear
Q044	원형 큐(Circular Queue)		Data Structure & Algorithm - 선형 구조	40	CHOICE	MEDIUM	배열 기반 원형 큐에서 비어 있음(empty)을 판단하는 가장 일반적인 조건으로 올바른 것은?	원형 큐에서는 front와 rear 인덱스를 이용해 상태를 표현합니다. 한 칸을 비워두는 설계든 count를 따로 두는 설계든, 가장 흔한 empty 조건은 front와 rear가 같은 경우입니다. 다만 구현에 따라 front가 다음 dequeue 위치인지, 현재 front 원소인지 정의가 달라질 수 있습니다. 면접에서는 본인이 가정한 정의를 명확히 말하는 것이 중요합니다. 실무에서는 empty/full 조건이 헷갈리면 count 변수를 함께 두는 방식으로 안정성을 높이기도 합니다.		front와 rear가 같다	TRUE	rear의 다음 위치가 front와 같다	FALSE	front가 0이면 empty이다	FALSE	rear가 0이면 empty이다	FALSE	dsa	queue	implementation	linear
Q045	힙 인덱싱(Heap Indexing)		Data Structure & Algorithm - 비선형 구조	41	CHOICE	MEDIUM	0부터 시작하는 배열로 이진 힙을 표현할 때, 인덱스 i의 왼쪽 자식과 부모 인덱스 관계로 가장 올바른 것은?	이진 힙은 완전 이진 트리이므로 배열에 레벨 순서로 저장하면 인덱스 규칙이 성립합니다. 0 기반에서는 왼쪽 자식이 2i+1, 오른쪽 자식이 2i+2로 계산됩니다. 부모는 (i-1)/2의 내림 값으로 구합니다. 면접에서는 이 규칙을 외우는지보다, 왜 그렇게 되는지 설명을 요구하기도 합니다. 실무에서는 인덱스 계산 실수로 힙 속성 유지가 깨지므로 공식은 확실히 익혀두는 게 좋습니다.		왼쪽 자식 2i+1, 부모 (i-1)/2 내림	TRUE	왼쪽 자식 2i, 부모 i/2	FALSE	왼쪽 자식 i+1, 부모 i-1	FALSE	왼쪽 자식 2i+2, 부모 (i+1)/2	FALSE	dsa	heap	implementation	nonlinear
Q046	힙 구성(Heapify Build Heap)		Data Structure & Algorithm - 비선형 구조	41	CHOICE	MEDIUM	무작위 배열을 힙으로 만드는 build-heap(아래에서 위로 heapify) 방식의 시간 복잡도로 가장 알맞은 것은?	힙을 만드는 방법에는 원소를 하나씩 삽입하는 방법과, 배열 전체를 아래에서 위로 heapify 하는 방법이 있습니다. 아래에서 위로 heapify 하는 build-heap은 전체 시간 복잡도가 O(N)으로 알려져 있습니다. 직관적으로는 각 레벨에서 내려가는 비용이 다르고, 아래 레벨 노드가 많지만 내려갈 높이가 짧아 총합이 선형으로 수렴합니다. 면접에서는 O(N log N)이라고 착각하는 경우가 많아 단골 함정입니다. 실무에서는 대량 데이터를 한 번에 힙으로 만들 때 build-heap이 훨씬 효율적입니다.		O(N)	TRUE	O(N log N)	FALSE	O(log N)	FALSE	O(N^2)	FALSE	dsa	heap	complexity	buildheap
Q047	힙 삽입과 삭제(Heap Insert Delete)		Data Structure & Algorithm - 비선형 구조	41	CHOICE	MEDIUM	이진 힙에서 원소 삽입과 루트 삭제의 시간 복잡도 조합으로 올바른 것은?	이진 힙은 완전 이진 트리이기 때문에 높이가 O(log N)입니다. 삽입은 마지막에 넣고 위로 올리기(heapify up)를 하며, 루트 삭제는 마지막 원소를 루트로 올린 뒤 아래로 내리기(heapify down)를 합니다. 두 과정 모두 트리 높이에 비례해 O(log N)입니다. 면접에서는 힙이 정렬된 구조가 아니라도 루트 접근이 빠른 이유를 함께 묻습니다. 실무에서는 우선순위 큐의 핵심 성능이 이 O(log N) 보장에 달려 있습니다.		삽입 O(log N), 루트 삭제 O(log N)	TRUE	삽입 O(1), 루트 삭제 O(1)	FALSE	삽입 O(N), 루트 삭제 O(N)	FALSE	삽입 O(log N), 루트 삭제 O(1)	FALSE	dsa	heap	complexity	priorityqueue
Q048	우선순위 큐 안정성(Priority Queue Stability)		Data Structure & Algorithm - 비선형 구조	41	CHOICE	MEDIUM	일반적인 힙 기반 우선순위 큐가 기본적으로 보장하지 않는 성질로 가장 알맞은 것은?	우선순위 큐는 우선순위 기준으로 먼저 꺼내는 자료구조입니다. 힙 기반 구현은 최솟값 또는 최댓값을 빠르게 꺼내지만, 같은 우선순위끼리의 상대적 순서는 보장하지 않는 경우가 일반적입니다. 이 성질을 안정성(stability)이라고 부르며, 안정성이 필요하면 타임스탬프 같은 보조 키를 함께 저장하는 식으로 해결합니다. 면접에서는 FIFO 큐와 우선순위 큐의 차이를 설명하면서 안정성까지 언급하면 좋습니다. 실무에서는 동일 우선순위 작업의 처리 순서가 중요할 수 있으니 요구사항을 먼저 확인해야 합니다.		동일 우선순위의 입력 순서 유지	TRUE	최우선 원소를 먼저 반환	FALSE	삽입과 삭제가 가능함	FALSE	우선순위 기준 정렬이 가능함	FALSE	dsa	heap	priorityqueue	concept
Q049	감소 키(Decrease Key)		Data Structure & Algorithm - 비선형 구조	41	CHOICE	MEDIUM	이진 힙에서 decrease-key 연산을 O(log N)으로 수행하려면 보통 무엇이 추가로 필요할까?	decrease-key는 특정 원소의 우선순위를 더 높이는(값을 더 작게 만드는) 연산입니다. 이진 힙에서 O(log N)으로 하려면 해당 원소의 위치(인덱스)를 바로 찾은 뒤 heapify up을 수행해야 합니다. 그래서 보통 원소에서 힙 인덱스로 가는 맵(예: 해시맵)이나 핸들(포인터)이 필요합니다. 면접에서는 다익스트라에서 decrease-key가 왜 중요하고, 구현에서 어떤 자료구조가 필요한지 자주 물어봅니다. 실무에서는 라이브러리 PQ가 decrease-key를 직접 지원하지 않아 lazy 방식으로 대체하는 경우도 많습니다.		원소에서 힙 위치로 가는 인덱스 맵 또는 핸들	TRUE	전체 배열을 매번 정렬하는 로직	FALSE	큐 하나를 추가로 두는 것	FALSE	스택으로 변환하는 것	FALSE	dsa	heap	implementation	graph
Q050	지연 삭제(Lazy Deletion)		Data Structure & Algorithm - 비선형 구조	41	CHOICE	MEDIUM	우선순위 큐에서 lazy deletion을 사용할 때의 핵심 아이디어로 가장 올바른 것은?	lazy deletion은 우선순위 큐에서 임의 원소 삭제가 어려울 때 자주 쓰는 패턴입니다. 삭제할 원소를 즉시 힙에서 제거하지 않고, 별도의 표시 또는 카운터로 무효 처리한 뒤 나중에 루트에서 꺼낼 때 무효면 버리는 방식입니다. 이 방법은 구현을 단순화하지만, 무효 원소가 쌓이면 루트 정리 과정이 길어질 수 있습니다. 면접에서는 왜 이런 우회가 필요한지와 성능 트레이드오프를 설명하는 문제가 나옵니다. 실무에서는 중복 삽입과 동반되는 시나리오에서 메모리 사용량 관리가 중요합니다.		삭제는 표시만 하고, top에서 꺼낼 때 무효면 버린다	TRUE	삭제할 때마다 전체를 다시 힙으로 만든다	FALSE	삭제는 불가능하므로 무조건 실패한다	FALSE	삭제는 항상 O(1)로 즉시 가능하다	FALSE	dsa	heap	priorityqueue	implementation
Q051	단조 스택(Monotonic Stack)		Data Structure & Algorithm - 선형 구조	40	CHOICE	MEDIUM	다음 큰 수(Next Greater Element) 문제에서 단조 스택을 사용할 때 유지하는 스택 상태로 가장 일반적인 것은?	Next Greater Element는 각 원소 오른쪽에서 자신보다 큰 첫 원소를 찾는 문제입니다. 보통 스택에는 아직 답을 못 찾은 후보들을 담고, 현재 값이 더 크면 스택에서 작은 값들을 pop하며 답을 확정합니다. 이때 스택은 값 기준으로 단조 감소 형태가 되도록 유지하는 구현이 흔합니다. 면접에서는 왜 단조가 되는지, 각 원소가 최대 한 번 push/pop되어 O(N)이 되는지 설명을 요구합니다. 실무에서는 주가 스팬, 히스토그램 최대 직사각형 등 다양한 문제로 확장됩니다.		값이 단조 감소가 되도록 유지한다	TRUE	값이 무작위가 되도록 유지한다	FALSE	항상 단조 증가만 가능하다	FALSE	큐로만 풀 수 있어 스택이 필요 없다	FALSE	dsa	stack	algorithm	monotonic
Q052	중위에서 후위 변환(Infix to Postfix)		Data Structure & Algorithm - 선형 구조	40	CHOICE	MEDIUM	중위 표기식을 후위 표기식으로 변환할 때 스택에 주로 저장하는 것은?	중위에서 후위로 바꾸는 과정에서는 연산자 우선순위와 괄호 처리가 핵심입니다. 피연산자는 바로 출력하고, 연산자는 우선순위에 따라 스택에 쌓았다가 적절한 시점에 꺼내 출력합니다. 괄호는 연산자 출력 시점을 제어하는 역할을 하며 스택에서 범위를 구분합니다. 면접에서는 왜 피연산자가 아닌 연산자를 스택에 두는지 물어보는 경우가 많습니다. 실무에서는 파서 구현이나 간단 계산기 로직에서 동일한 원리가 재사용됩니다.		연산자와 괄호	TRUE	피연산자만	FALSE	완성된 후위 표기식 전체	FALSE	숫자와 변수만	FALSE	dsa	stack	parsing	algorithm
Q053	BFS 최단거리(BFS Shortest Path)		Data Structure & Algorithm - 탐색 알고리즘	42	CHOICE	MEDIUM	가중치가 없는 그래프에서 BFS로 최단 거리를 구할 때 꼭 함께 관리해야 하는 것으로 가장 알맞은 것은?	BFS는 레벨 순서대로 탐색하므로 가중치가 없는 그래프에서 최단 거리 계산에 적합합니다. 하지만 같은 노드를 여러 번 방문하면 큐가 폭발하거나 거리 계산이 꼬일 수 있으므로 방문 체크가 필수입니다. 일반적으로 visited 배열과 함께 dist 배열을 두어 처음 방문할 때의 거리를 기록합니다. 면접에서는 BFS가 왜 최단거리를 보장하는지와 visited가 왜 필요한지 연결해서 묻습니다. 실무에서는 방향 그래프, 장애물 격자 등으로 확장될 때도 동일하게 방문 관리가 핵심입니다.		방문 여부(visited)와 거리(dist) 관리	TRUE	우선순위 큐 사용	FALSE	재귀 호출만 사용	FALSE	정렬 알고리즘 사용	FALSE	dsa	queue	graph	search
Q054	DFS 스택과 재귀(DFS Stack vs Recursion)		Data Structure & Algorithm - 탐색 알고리즘	42	CHOICE	MEDIUM	DFS를 재귀 대신 명시적 스택으로 구현할 때 얻을 수 있는 장점으로 가장 알맞은 것은?	재귀 DFS는 코드가 간결하지만 호출 스택 깊이에 따라 스택 오버플로우 위험이 있습니다. 명시적 스택을 쓰면 프로그램 스택 대신 힙 영역 등에 할당된 자료구조로 깊이를 관리할 수 있어 더 안전할 수 있습니다. 또한 탐색 순서를 더 세밀하게 제어하거나, 중간 상태를 구조체로 저장하기도 쉽습니다. 면접에서는 재귀가 내부적으로 스택을 쓴다는 사실과 한계점을 짚는 질문이 자주 나옵니다. 실무에서는 입력 크기가 큰 트리나 그래프에서 반복 DFS가 안정적인 선택이 되곤 합니다.		재귀 깊이 제한을 피하고 탐색 제어가 쉬워진다	TRUE	항상 시간 복잡도가 O(1)이 된다	FALSE	방문 체크가 필요 없어진다	FALSE	그래프에서만 사용할 수 있다	FALSE	dsa	stack	graph	implementation
Q055	힙과 BST 비교(Heap vs BST)		Data Structure & Algorithm - 비선형 구조	41	CHOICE	MEDIUM	힙(Heap)과 균형 이진 탐색 트리(Balanced BST)를 비교할 때, 힙의 특징으로 가장 알맞은 것은?	힙은 최댓값 또는 최솟값을 빠르게 꺼내기 위한 구조로 루트만 강하게 보장합니다. 반면 균형 BST는 전체가 정렬 기준을 만족해 범위 조회나 중간값 조회 같은 연산이 유리합니다. 힙은 특정 값 검색이 빠르지 않으며 일반적으로 O(N)입니다. 면접에서는 힙이 BST가 아니라는 점과, 어떤 연산이 강점인지 구체적으로 비교하는 문제가 자주 나옵니다. 실무에서는 Top K, 스케줄링처럼 극값만 자주 필요하면 힙이 좋은 선택입니다.		최솟값 또는 최댓값 접근은 빠르지만 임의 검색은 빠르지 않다	TRUE	모든 원소가 정렬되어 범위 조회가 쉽다	FALSE	임의 원소 검색이 항상 O(log N)이다	FALSE	삽입 삭제가 항상 O(1)이다	FALSE	dsa	heap	concept	nonlinear
Q056	힙 정렬 특성(Heap Sort Properties)		Data Structure & Algorithm - 정렬 알고리즘	43	CHOICE	MEDIUM	힙 정렬(Heap Sort)의 특성 조합으로 가장 올바른 것은?	힙 정렬은 힙을 이용해 최대값 또는 최소값을 반복적으로 꺼내며 정렬합니다. 시간 복잡도는 일반적으로 O(N log N)이며, 배열 내에서 스왑하며 진행하므로 in-place로 구현이 가능합니다. 다만 동일 값의 상대적 순서를 보장하지 않는 비안정 정렬인 경우가 많습니다. 면접에서는 안정 정렬 여부를 묻는 단골 질문이 있습니다. 실무에서는 추가 메모리를 거의 쓰지 않고 일정한 성능을 내는 장점이 있지만, 캐시 친화성은 다른 정렬보다 떨어질 수 있습니다.		O(N log N), in-place 가능, 비안정 정렬	TRUE	O(N), stable, in-place 불가	FALSE	O(N^2), stable, in-place 가능	FALSE	O(log N), stable, in-place 가능	FALSE	dsa	heap	sort	complexity
Q057	우선순위 큐 활용(Priority Queue Use Case)		Data Structure & Algorithm - 비선형 구조	41	CHOICE	MEDIUM	다음 중 우선순위 큐(힙)가 특히 적합한 상황으로 가장 알맞은 것은?	우선순위 큐는 가장 작은 값 또는 가장 큰 값을 반복적으로 꺼내야 할 때 강력합니다. 다익스트라처럼 현재까지의 최단 거리가 가장 작은 노드를 계속 선택해야 하는 알고리즘에서 대표적으로 사용됩니다. FIFO 큐로는 우선순위 기반 선택이 불가능하므로 최적화된 탐색이 어렵습니다. 면접에서는 왜 단순 큐가 아니라 힙이 필요한지까지 설명하는 질문이 나옵니다. 실무에서는 스케줄러, 이벤트 시뮬레이션, 마감이 빠른 작업 처리 등에 그대로 적용됩니다.		현재 비용이 가장 작은 항목을 반복적으로 선택해야 할 때	TRUE	들어온 순서대로만 처리하면 될 때	FALSE	최근 입력만 먼저 처리하면 될 때	FALSE	중간 위치의 값을 자주 삭제해야 할 때	FALSE	dsa	heap	priorityqueue	algorithm
Q058	큐 길이와 병목(Queue Backpressure)		Data Structure & Algorithm - 선형 구조	40	CHOICE	MEDIUM	작업 처리 시스템에서 큐 길이가 계속 증가하는 상황에 대한 해석으로 가장 올바른 것은?	큐 길이가 증가한다는 것은 생산 속도가 소비 속도를 지속적으로 초과하고 있다는 신호일 수 있습니다. 이 상태를 방치하면 지연이 늘고, 메모리 사용량이 커지며, 최악에는 데이터 유실이나 장애로 이어질 수 있습니다. 면접에서는 큐가 단순 자료구조를 넘어 시스템 설계에서 어떤 의미를 갖는지 묻기도 합니다. 실무에서는 backpressure, rate limit, worker 확장 같은 대응 전략이 함께 논의됩니다. 큐를 도입했다고 끝이 아니라 운영 지표로 관리해야 한다는 점이 핵심입니다.		처리 병목으로 대기열이 쌓이고 있음을 의미할 수 있다	TRUE	큐가 자동으로 정렬되고 있다는 의미다	FALSE	스택 구조로 변했다는 의미다	FALSE	항상 정상 동작이므로 신경 쓸 필요가 없다	FALSE	dsa	queue	system	concept
Q059	최대 힙과 최소 힙 전환(Max Heap vs Min Heap)		Data Structure & Algorithm - 비선형 구조	41	CHOICE	MEDIUM	최소 힙만 제공되는 환경에서 최대 힙처럼 동작시키는 가장 흔한 방법으로 올바른 것은?	라이브러리가 최소 힙만 제공하는 경우가 많아 최대 힙이 필요할 때 우회 구현이 필요합니다. 가장 흔한 방법은 값에 부호를 바꿔 넣어 최소 힙을 최대 힙처럼 사용하는 것입니다. 또는 비교 함수를 반대로 정의하는 커스텀 comparator를 사용할 수도 있습니다. 면접에서는 이런 실전 팁을 알고 있는지, 그리고 값 변환 시 오버플로우 같은 주의점이 있는지 묻기도 합니다. 실무에서는 데이터 타입 범위를 고려해 안전하게 변환하거나 comparator를 선호합니다.		값을 음수로 변환하거나 비교 기준을 반대로 둔다	TRUE	모든 원소를 매번 정렬해서 유지한다	FALSE	큐 두 개를 사용해 자동 변환한다	FALSE	스택으로 바꾸면 최대 힙이 된다	FALSE	dsa	heap	implementation	priorityqueue
Q060	힙과 메모리 힙 구분(Heap vs Heap Memory)		Computer Science - 메모리와 하드웨어 구조	67	CHOICE	MEDIUM	다음 중 자료구조 힙(Heap)과 메모리 힙(Heap Memory)을 구분하는 설명으로 가장 올바른 것은?	이름이 같아서 혼동하기 쉽지만 두 개는 완전히 다른 개념입니다. 자료구조 힙은 우선순위 큐를 구현하는 완전 이진 트리 기반 구조를 뜻합니다. 메모리 힙은 프로그램 실행 중 동적 할당되는 메모리 영역을 의미하며, GC나 수동 해제가 관련됩니다. 면접에서는 이 차이를 명확히 설명할 수 있는지 자주 확인합니다. 실무에서도 팀 커뮤니케이션에서 오해가 생기기 쉬워 문맥을 분명히 하는 습관이 중요합니다.		자료구조 힙은 우선순위 구조, 메모리 힙은 동적 할당 영역	TRUE	둘 다 최댓값을 빠르게 찾는 구조다	FALSE	둘 다 함수 호출 프레임을 저장한다	FALSE	둘 다 FIFO로 동작한다	FALSE	dsa	heap	memory	cs
Q061	최솟값 스택(Min Stack)		Data Structure & Algorithm - 선형 구조	40	CHOICE	MEDIUM	O(1)로 getMin을 지원하는 스택을 구현할 때 가장 흔한 방법으로 올바른 것은?	Min Stack은 push, pop, top뿐 아니라 현재까지의 최솟값을 O(1)로 조회하는 구조입니다. 가장 흔한 구현은 보조 스택에 현재 최솟값을 함께 저장해 동기화하는 방식입니다. 면접에서는 왜 보조 스택이 필요한지, pop 시 최솟값이 어떻게 갱신되는지 설명을 요구합니다. 실무에서는 값과 최소값을 쌍으로 저장하거나, 최소값 스택을 별도로 두는 방식이 많이 쓰입니다. 경계 케이스로 같은 최소값이 여러 번 들어올 때 처리 규칙을 명확히 해야 합니다.		보조 스택에 현재 최소값을 함께 저장한다	TRUE	매번 전체를 순회해 최소값을 계산한다	FALSE	큐로 바꾸면 최소값이 자동으로 유지된다	FALSE	힙을 쓰면 pop이 O(1)이 된다	FALSE	dsa	stack	implementation	algorithm
Q062	괄호 유효성 검사(Valid Parentheses)		Data Structure & Algorithm - 선형 구조	40	CHOICE	MEDIUM	소괄호, 중괄호, 대괄호가 섞인 문자열에서 유효성을 검사하는 핵심 규칙으로 가장 올바른 것은?	여러 종류의 괄호가 섞여도 핵심은 가장 최근에 열린 괄호가 먼저 닫혀야 한다는 점입니다. 스택에 여는 괄호를 push하고, 닫는 괄호를 만나면 스택 top과 종류가 맞는지 확인하며 pop합니다. 면접에서는 닫는 괄호가 나왔는데 스택이 비어 있는 경우, 또는 마지막에 스택이 남는 경우를 놓치지 않는지 봅니다. 실무에서는 파서나 템플릿 검증처럼 입력 검증에 자주 응용됩니다. 괄호 종류 매핑을 테이블로 두면 구현 실수가 줄어듭니다.		닫는 괄호는 스택 top의 여는 괄호와 종류가 일치해야 한다	TRUE	닫는 괄호는 아무 여는 괄호와만 매칭되면 된다	FALSE	괄호는 FIFO로 닫히므로 큐가 적합하다	FALSE	괄호는 정렬 후 비교하면 된다	FALSE	dsa	stack	parsing	algorithm
Q063	후위 표기식 평가(Postfix Evaluation)		Data Structure & Algorithm - 선형 구조	40	CHOICE	MEDIUM	후위 표기식에서 뺄셈이나 나눗셈을 계산할 때 피연산자 순서로 올바른 것은?	후위 표기식은 피연산자를 스택에 쌓고 연산자를 만나면 두 값을 pop하여 계산합니다. 이때 먼저 pop한 값이 오른쪽 피연산자, 그 다음 pop한 값이 왼쪽 피연산자입니다. 면접에서는 교환법칙이 성립하지 않는 연산에서 순서를 틀리기 쉬워 자주 출제됩니다. 실무에서도 수식 파서 구현 시 동일한 실수가 자주 발생합니다. 따라서 a b - 는 a-b가 되도록 pop 순서를 확실히 기억해야 합니다.		먼저 pop한 값이 오른쪽 피연산자다	TRUE	먼저 pop한 값이 왼쪽 피연산자다	FALSE	두 값을 pop하면 항상 순서가 상관없다	FALSE	큐로 계산하면 순서 문제가 사라진다	FALSE	dsa	stack	expression	algorithm
Q064	스택 기반 중위 순회(Iterative Inorder)		Data Structure & Algorithm - 탐색 알고리즘	42	CHOICE	MEDIUM	이진 트리의 중위 순회를 재귀 없이 구현할 때 스택을 사용하는 이유로 가장 알맞은 것은?	재귀 중위 순회는 호출 스택을 통해 왼쪽으로 내려갔다가 돌아오는 흐름을 관리합니다. 반복 구현에서는 이 흐름을 직접 관리하기 위해 스택에 노드를 저장합니다. 면접에서는 왼쪽으로 끝까지 내려가며 push하고, 더 이상 없으면 pop하여 방문한 뒤 오른쪽으로 이동하는 패턴을 설명하게 합니다. 실무에서는 깊은 트리에서 재귀 오버플로우를 피하기 위해 반복 구현을 선택하기도 합니다. 방문 순서가 left-root-right임을 코드 흐름으로 말할 수 있어야 합니다.		재귀의 호출 스택 역할을 명시적 스택이 대신하기 때문이다	TRUE	스택을 쓰면 트리가 자동으로 정렬되기 때문이다	FALSE	스택을 쓰면 BFS가 된다	FALSE	스택을 쓰면 방문 체크가 필요 없다	FALSE	dsa	stack	tree	traversal
Q065	히스토그램 최대 직사각형(Largest Rectangle)		Data Structure & Algorithm - 기타 알고리즘	44	CHOICE	MEDIUM	히스토그램 최대 직사각형 문제에서 단조 스택을 사용할 때, 현재 높이가 스택 top보다 작아질 때 수행하는 동작으로 올바른 것은?	이 문제는 높이가 증가하는 인덱스를 스택에 유지하며, 더 낮은 막대를 만나면 직사각형 넓이를 확정합니다. 현재 높이가 스택 top 높이보다 작아지면 top을 pop하며 해당 높이가 끝나는 지점을 계산합니다. 면접에서는 왜 pop 시점에 넓이를 계산하는지, 각 인덱스가 최대 한 번 push/pop되어 O(N)이 되는지 설명을 묻습니다. 실무에서는 단조 스택 패턴을 이해하면 비슷한 범위 문제를 빠르게 풀 수 있습니다. 경계 처리를 위해 끝에 0 높이를 추가하는 트릭도 자주 사용됩니다.		top을 pop하며 해당 높이의 넓이를 계산한다	TRUE	스택을 전부 비우고 다시 시작한다	FALSE	큐로 옮겨 FIFO로 계산한다	FALSE	항상 현재 높이를 무조건 push만 한다	FALSE	dsa	stack	monotonic	algorithm
Q066	큐 연결 리스트 구현(Queue with Linked List)		Data Structure & Algorithm - 선형 구조	40	CHOICE	MEDIUM	연결 리스트로 큐를 구현할 때, enqueue와 dequeue를 O(1)로 만들기 위한 포인터 관리로 가장 올바른 것은?	연결 리스트 큐는 앞에서 삭제, 뒤에서 삽입이 일어나므로 head와 tail을 함께 관리하는 것이 일반적입니다. enqueue는 tail 뒤에 노드를 붙이고 tail을 갱신하며, dequeue는 head를 제거하고 head를 다음으로 옮깁니다. 면접에서는 tail을 관리하지 않으면 enqueue가 O(N)이 되는 점을 지적하는 문제가 나옵니다. 실무에서는 빈 큐에서 head와 tail을 동시에 갱신하는 예외 처리가 핵심입니다. 단일 원소가 남았다가 제거될 때 tail 처리 실수가 잦습니다.		head와 tail을 모두 유지한다	TRUE	head만 있으면 enqueue도 항상 O(1)이다	FALSE	tail만 있으면 dequeue도 항상 O(1)이다	FALSE	포인터 없이도 연결 리스트 큐는 구현된다	FALSE	dsa	queue	implementation	linear
Q067	레벨 단위 BFS(Level by Level BFS)		Data Structure & Algorithm - 탐색 알고리즘	42	CHOICE	MEDIUM	BFS로 레벨별(깊이별) 처리를 할 때, 현재 레벨 노드만 정확히 처리하기 위한 일반적인 방법은?	BFS는 큐를 사용해 레벨 순서대로 탐색하지만, 레벨별 처리에는 경계가 필요합니다. 가장 흔한 방법은 현재 큐 크기만큼만 반복해 그 레벨의 노드를 처리한 뒤 다음 레벨로 넘어가는 방식입니다. 면접에서는 왜 큐 크기를 미리 저장해야 하는지(반복 중 enqueue가 섞이기 때문)를 자주 묻습니다. 실무에서는 트리 깊이 계산, 거리별 그룹핑, 단계별 확산 시뮬레이션에 활용됩니다. sentinel 값을 넣는 방식도 있지만 큐 크기 방식이 단순한 편입니다.		반복 시작 시점의 큐 크기를 저장해 그만큼만 처리한다	TRUE	큐가 빌 때까지 한 레벨로 간주한다	FALSE	스택으로 바꾸면 자동으로 레벨이 나뉜다	FALSE	우선순위 큐를 쓰면 레벨이 보장된다	FALSE	dsa	queue	bfs	algorithm
Q068	위상 정렬(Topological Sort)		Data Structure & Algorithm - 탐색 알고리즘	42	CHOICE	MEDIUM	Kahn 알고리즘 기반 위상 정렬에서 큐에 처음 넣는 노드 조건으로 올바른 것은?	Kahn 알고리즘은 진입 차수(indegree)가 0인 노드부터 처리해 나가는 방식입니다. 시작 시 indegree가 0인 노드를 큐에 넣고, 하나씩 꺼내며 연결된 노드의 indegree를 감소시킵니다. 면접에서는 사이클이 있으면 모든 노드를 처리하지 못한다는 점까지 연결해 물어봅니다. 실무에서는 빌드 순서, 작업 의존성 해소 같은 문제에서 사용됩니다. 큐에 들어가는 조건이 indegree 0이라는 점이 핵심입니다.		진입 차수가 0인 노드	TRUE	진입 차수가 가장 큰 노드	FALSE	방문하지 않은 노드 전체	FALSE	간선 수가 가장 많은 노드	FALSE	dsa	queue	graph	algorithm
Q069	0-1 BFS(Zero One BFS)		Data Structure & Algorithm - 탐색 알고리즘	42	CHOICE	MEDIUM	0-1 BFS에서 가중치가 0인 간선을 따라 이동할 때 덱(Deque)에 넣는 위치로 가장 올바른 것은?	0-1 BFS는 간선 가중치가 0 또는 1일 때 다익스트라를 더 가볍게 구현하는 기법입니다. 덱을 사용해 가중치 0 이동은 앞쪽에 넣어 우선 처리하고, 가중치 1 이동은 뒤쪽에 넣습니다. 면접에서는 왜 앞쪽에 넣는지, 이것이 거리 오름차순 처리와 어떻게 연결되는지 설명을 요구합니다. 실무에서는 격자 최단경로, 상태 전이 비용이 0/1인 문제에서 유용합니다. 자료구조 선택이 알고리즘 성능을 좌우하는 대표 예시입니다.		덱의 앞쪽에 넣는다	TRUE	덱의 뒤쪽에 넣는다	FALSE	스택에 넣어 LIFO로 처리한다	FALSE	우선순위 큐에만 넣을 수 있다	FALSE	dsa	queue	deque	algorithm
Q070	큐로 스택 흉내 내기(Queue as Stack)		Data Structure & Algorithm - 선형 구조	40	CHOICE	MEDIUM	큐 한 개로 스택처럼 pop을 구현하는 방법에서 핵심 아이디어로 가장 알맞은 것은?	큐 한 개로 스택을 구현할 때는 마지막에 들어온 원소를 꺼내야 합니다. 이를 위해 push 후에 큐의 앞쪽 원소들을 뒤로 회전시켜 새로 들어온 원소가 front에 오게 만드는 방식이 흔합니다. 면접에서는 이 회전 횟수가 O(N)이 되어 push가 비싸지는 트레이드오프를 묻습니다. 실무에서는 어떤 연산이 빈번한지에 따라 두 큐 방식 또는 한 큐 방식 중 선택합니다. 구현은 가능하지만 성능 요구에 맞는 설계가 중요합니다.		push 후 기존 원소들을 뒤로 회전시켜 새 원소를 front로 만든다	TRUE	enqueue는 금지하고 dequeue만 반복한다	FALSE	우선순위 큐로 바꾸면 자동으로 LIFO가 된다	FALSE	스택은 큐로 구현할 수 없다	FALSE	dsa	queue	stack	implementation
Q071	안정 우선순위 큐(Stable Priority Queue)		Data Structure & Algorithm - 비선형 구조	41	CHOICE	MEDIUM	힙 기반 우선순위 큐에서 같은 우선순위의 입력 순서를 보장하고 싶을 때 가장 흔한 방법은?	일반적인 힙은 동일 우선순위 간의 상대 순서를 보장하지 않습니다. 안정성이 필요하면 삽입 시 증가하는 시퀀스 번호나 타임스탬프를 함께 저장해 (우선순위, 시퀀스)로 비교합니다. 면접에서는 요구사항에 따라 자료구조를 확장하는 설계를 설명할 수 있는지 봅니다. 실무에서는 동일 우선순위 작업의 공정성이나 재현성이 중요할 때 사용합니다. 보조 키를 추가하면 안정성이 생기지만 메모리와 비교 비용이 약간 증가합니다.		우선순위와 함께 시퀀스 번호를 비교 키로 넣는다	TRUE	동일 우선순위는 무조건 랜덤으로 섞는다	FALSE	큐로 바꾸면 우선순위도 유지된다	FALSE	힙은 안정성을 절대 추가할 수 없다	FALSE	dsa	heap	priorityqueue	implementation
Q072	K개 정렬 리스트 병합(K-way Merge)		Data Structure & Algorithm - 기타 알고리즘	44	CHOICE	MEDIUM	K개의 정렬된 리스트를 하나로 병합할 때, 최소 힙을 사용하는 전형적인 방법으로 올바른 것은?	K-way merge는 각 리스트의 현재 최소 후보 중 가장 작은 값을 반복적으로 선택하는 문제입니다. 최소 힙에 각 리스트의 현재 원소를 넣고, 하나를 꺼낼 때마다 그 원소가 속한 리스트의 다음 원소를 다시 힙에 넣는 방식이 전형적입니다. 면접에서는 힙에 무엇을 저장해야 하는지(값과 출처 인덱스)까지 구체적으로 묻습니다. 실무에서는 로그 병합, 외부 정렬, 스트림 병합에서 동일하게 쓰입니다. 힙 크기는 K로 유지되어 성능이 안정적입니다.		각 리스트의 현재 원소를 힙에 두고 꺼낸 뒤 해당 리스트의 다음 원소를 넣는다	TRUE	모든 리스트를 합친 뒤 한 번에 정렬한다	FALSE	스택으로 리스트를 역순으로 뒤집어 병합한다	FALSE	큐 하나만으로 항상 O(1)에 병합된다	FALSE	dsa	heap	merge	algorithm
Q073	스트리밍 K개 최소값(K Smallest in Stream)		Data Structure & Algorithm - 기타 알고리즘	44	CHOICE	MEDIUM	스트리밍 입력에서 가장 작은 K개만 유지하려면 가장 흔히 어떤 힙을 쓰는가?	가장 작은 K개를 유지하려면 현재 K개 중 가장 큰 값을 빠르게 비교할 수 있어야 합니다. 그래서 크기 K의 최대 힙을 유지하고, 새 값이 루트(가장 큰 값)보다 작으면 교체하는 방식이 자주 사용됩니다. 면접에서는 왜 최소 힙이 아니라 최대 힙인지 직관을 물어봅니다. 실무에서는 대규모 로그에서 하위 K개 에러 코드, 하위 K개 지연 등을 뽑는 데 응용됩니다. K가 작을수록 메모리와 시간이 효율적입니다.		크기 K의 최대 힙	TRUE	크기 K의 최소 힙	FALSE	큐(Queue)	FALSE	스택(Stack)	FALSE	dsa	heap	topk	algorithm
Q074	1기반 힙 인덱스(Heap Index 1-based)		Data Structure & Algorithm - 비선형 구조	41	CHOICE	MEDIUM	1부터 시작하는 배열로 힙을 표현할 때, 인덱스 i의 부모와 자식 인덱스 관계로 올바른 것은?	힙을 1 기반 배열로 저장하면 인덱스 공식이 더 단순해지는 장점이 있습니다. 왼쪽 자식은 2i, 오른쪽 자식은 2i+1이며, 부모는 i/2 내림으로 구합니다. 면접에서는 0 기반과 1 기반 공식을 혼동하지 않는지 체크합니다. 실무에서는 라이브러리 구현을 읽거나 직접 구현할 때 이 공식이 자주 등장합니다. 인덱스 계산이 틀리면 heapify가 무너져 디버깅이 어려워집니다.		부모 i/2 내림, 자식 2i와 2i+1	TRUE	부모 (i-1)/2 내림, 자식 2i+1과 2i+2	FALSE	부모 i-1, 자식 i+1과 i+2	FALSE	부모 2i, 자식 i/2	FALSE	dsa	heap	implementation	nonlinear
Q075	키 변경 연산(Decrease Key Increase Key)		Data Structure & Algorithm - 비선형 구조	41	CHOICE	MEDIUM	최대 힙(Max Heap)에서 어떤 원소의 값이 더 커졌다면(우선순위 상승) 일반적으로 어떤 heapify 동작이 필요한가?	최대 힙에서는 부모가 자식보다 크거나 같아야 합니다. 특정 원소 값이 커지면 부모보다 커질 수 있으므로 위쪽으로 올라가며 위치를 조정해야 합니다. 면접에서는 증가 시 heapify up, 감소 시 heapify down이라는 방향성을 자주 묻습니다. 실무에서는 우선순위 변경이 필요한 스케줄러나 게임 AI에서 이런 연산이 등장할 수 있습니다. 방향을 잘못 잡으면 힙 속성이 깨져 결과가 틀어집니다.		위로 올리기(heapify up)	TRUE	아래로 내리기(heapify down)	FALSE	항상 전체를 다시 build-heap 한다	FALSE	정렬만 하면 힙 속성이 유지된다	FALSE	dsa	heap	implementation	algorithm
Q076	다익스트라 중복 삽입(Lazy Dijkstra)		Data Structure & Algorithm - 탐색 알고리즘	42	CHOICE	MEDIUM	decrease-key를 지원하지 않는 우선순위 큐로 다익스트라를 구현할 때 흔한 대안으로 올바른 것은?	많은 언어의 기본 우선순위 큐는 decrease-key를 직접 지원하지 않습니다. 그래서 더 짧은 거리를 발견하면 새 엔트리를 그냥 큐에 추가하고, 나중에 꺼냈을 때 현재 dist와 다르면 무시하는 방식이 흔합니다. 면접에서는 이 방법이 왜 정답을 유지하는지, 그리고 큐에 중복이 쌓여 비용이 늘 수 있다는 점을 설명하게 합니다. 실무에서는 구현 단순성과 성능 사이의 현실적인 타협으로 자주 사용됩니다. 방문 체크 또는 dist 비교 조건을 빼먹으면 오답이 나기 쉽습니다.		더 좋은 거리면 새 엔트리를 추가하고 꺼낼 때 dist와 다르면 건너뛴다	TRUE	큐에서 임의 원소를 O(1)로 삭제해 감소 키를 흉내 낸다	FALSE	스택으로 바꾸면 decrease-key가 자동 지원된다	FALSE	decrease-key가 없으면 다익스트라는 구현 불가다	FALSE	dsa	heap	graph	algorithm
Q077	힙에서 임의 값 찾기(Search in Heap)		Data Structure & Algorithm - 비선형 구조	41	CHOICE	MEDIUM	이진 힙에서 특정 값 x가 존재하는지 찾는 연산의 일반적인 최악 시간 복잡도로 가장 알맞은 것은?	힙은 루트의 최솟값 또는 최댓값만 강하게 보장하고, 전체가 정렬된 구조가 아닙니다. 따라서 임의 값 검색은 트리를 많이 훑어야 할 수 있어 최악 O(N)입니다. 면접에서는 힙을 BST와 혼동해 O(log N)이라고 답하는 실수를 유도합니다. 실무에서는 특정 값 조회가 빈번하면 힙만으로는 부족해 맵을 함께 두는 구조를 고려합니다. 힙의 강점은 top 접근과 삽입 삭제라는 점을 분리해 기억해야 합니다.		O(N)	TRUE	O(log N)	FALSE	O(1)	FALSE	O(N log N)	FALSE	dsa	heap	complexity	concept
Q078	슬라이딩 윈도우 최대값(Sliding Window Maximum)		Data Structure & Algorithm - 기타 알고리즘	44	CHOICE	MEDIUM	슬라이딩 윈도우 최대값을 O(N)으로 구하는 대표 기법에서 주로 사용하는 자료구조는?	슬라이딩 윈도우 최대값은 매 윈도우마다 최대값을 빠르게 갱신해야 합니다. 덱을 이용해 후보 인덱스를 단조 감소로 유지하면, 각 인덱스가 최대 한 번 들어가고 한 번 나와 전체 O(N)이 됩니다. 면접에서는 덱 앞에는 항상 현재 윈도우의 최대값 후보가 남는다는 점을 설명하게 합니다. 실무에서는 로그 모니터링, 이동 평균/최대 등 시계열 처리에 자주 쓰입니다. 우선순위 큐로도 풀 수 있지만 중복 제거 비용 때문에 O(N log N)이 되기 쉽습니다.		덱(Deque) 기반 단조 큐	TRUE	스택(Stack) 단독	FALSE	단순 배열 정렬	FALSE	이진 탐색 트리만	FALSE	dsa	queue	deque	algorithm
Q079	큐와 백프레셔(Backpressure)		Data Structure & Algorithm - 선형 구조	40	CHOICE	MEDIUM	생산 속도가 소비 속도보다 지속적으로 빠른 상황에서 큐를 운영할 때 가장 적절한 대응 방향으로 올바른 것은?	생산이 소비를 계속 초과하면 큐 길이가 증가하며 지연과 메모리 사용량이 커집니다. 이때는 생산을 제한하거나, 소비자를 확장하거나, 드롭 정책을 두는 등 backpressure 전략이 필요합니다. 면접에서는 자료구조 큐가 시스템 설계에서 어떤 의미를 갖는지 묻는 형태로 출제되곤 합니다. 실무에서는 레이트 리밋, 워커 스케일 아웃, 배치 처리, 우선순위 분리 같은 접근을 함께 고려합니다. 큐는 해결책이 아니라 관측 가능한 버퍼이므로 운영 정책이 핵심입니다.		생산 제한 또는 소비 확장 같은 backpressure 전략이 필요하다	TRUE	큐가 커질수록 자동으로 소비 속도가 빨라진다	FALSE	스택으로 바꾸면 병목이 사라진다	FALSE	큐는 무한히 커져도 문제 없다	FALSE	dsa	queue	system	concept
Q080	힙 기반 이벤트 시뮬레이션(Event Simulation)		Data Structure & Algorithm - 비선형 구조	41	CHOICE	MEDIUM	시간 순으로 이벤트를 처리하는 시뮬레이션에서 우선순위 큐(힙)를 쓰는 주된 이유로 가장 알맞은 것은?	이벤트 시뮬레이션은 가장 이른 시각의 이벤트를 반복적으로 꺼내 처리하는 구조입니다. 최소 힙 기반 우선순위 큐를 쓰면 다음 이벤트를 O(1)로 확인하고 O(log N)으로 갱신할 수 있습니다. 면접에서는 단순 큐(FIFO)가 아닌 이유를 시간 키 정렬 관점에서 설명하게 합니다. 실무에서는 타이머 스케줄러, 네트워크 타임아웃 관리, 작업 예약 처리에도 동일한 패턴이 쓰입니다. 이벤트 키가 시간이라는 점을 분명히 하고 자료구조 선택 근거를 말하는 것이 포인트입니다.		가장 이른 시간 이벤트를 빠르게 선택하기 위해	TRUE	최근 이벤트를 먼저 처리하기 위해	FALSE	이벤트를 입력 순서대로만 처리하기 위해	FALSE	임의 이벤트 삭제가 O(1)이기 때문에	FALSE	dsa	heap	priorityqueue	algorithm
Q081	피보나치 힙(Fibonacci Heap)		Data Structure & Algorithm - 비선형 구조	41	CHOICE	HARD	피보나치 힙(Fibonacci Heap)을 사용할 때 이론적으로 가장 큰 성능 이점을 얻기 쉬운 연산 조합으로 가장 알맞은 것은?	피보나치 힙은 분할 상환 분석에서 decrease-key와 insert가 매우 빠른 것이 핵심 특징으로 알려져 있습니다. 특히 다익스트라처럼 decrease-key가 매우 자주 발생하는 알고리즘에서 이론적 시간 복잡도를 개선할 수 있습니다. 면접에서는 “왜 decrease-key가 빠른가”보다는, 어떤 알고리즘 패턴에서 이득이 되는지를 연결해 설명하는 질문이 나옵니다. 실무에서는 구현 복잡도와 상수항 때문에 이론적 이득이 그대로 나오지 않을 수 있어, 라이브러리/요구 성능을 고려해야 합니다. 하지만 개념적으로는 decrease-key가 병목인 상황이 대표 타깃입니다.		insert와 decrease-key가 많은 워크로드	TRUE	search가 매우 많은 워크로드	FALSE	inorder traversal이 많은 워크로드	FALSE	FIFO 처리가 많은 워크로드	FALSE	dsa	heap	complexity	graph
Q082	이항 힙(Binomial Heap)		Data Structure & Algorithm - 비선형 구조	41	CHOICE	HARD	이항 힙(Binomial Heap)이 일반 이진 힙에 비해 강점을 갖는 연산으로 가장 알맞은 것은?	이항 힙은 여러 개의 이항 트리(binomial tree)들의 집합으로 구성되며, 두 힙을 “병합(merge)”하는 연산이 구조적으로 자연스럽습니다. 이진 힙도 병합이 가능하지만 일반적으로 재구성이 필요해 비효율적입니다. 면접에서는 힙의 변형 구조들이 왜 생겼는지, 어떤 연산이 목적이었는지를 묻는 흐름이 나옵니다. 실무에서는 병합이 매우 잦은 우선순위 큐가 필요할 때 이런 구조가 이론적으로 유리합니다. 다만 구현 난이도와 실측 성능을 함께 고려해야 합니다.		두 힙의 병합(merge/meld)	TRUE	top 조회(peek)	FALSE	배열 인덱스 접근	FALSE	FIFO 순서 보장	FALSE	dsa	heap	priorityqueue	concept
Q083	멜더블 힙(Meldable Heap)		Data Structure & Algorithm - 비선형 구조	41	CHOICE	HARD	“meld(merge) 가능한 힙”을 선택해야 하는 대표 상황으로 가장 알맞은 것은?	meldable heap은 서로 다른 우선순위 큐를 자주 합쳐야 하는 상황에서 유리합니다. 예를 들어 분할 정복 또는 DSU on tree 같은 기법에서 서브구조의 PQ를 합치는 패턴이 등장할 수 있습니다. 면접에서는 병합 빈도가 높은 워크로드에서 이진 힙이 왜 불리한지(합치기 비용)까지 설명하게 합니다. 실무에서는 로그/이벤트 스트림을 shard로 처리하다가 합치는 파이프라인에서 병합 가능한 구조가 도움이 될 수 있습니다. 핵심은 “PQ 병합이 자주 일어난다”는 요구조건입니다.		여러 우선순위 큐를 자주 합쳐야 하는 경우	TRUE	단일 큐에서 push/pop만 하는 경우	FALSE	단순 FIFO 버퍼가 필요한 경우	FALSE	임의 인덱스 수정이 빈번한 경우	FALSE	dsa	heap	merge	algorithm
Q084	스택으로 힙 검증(Validate Heap with Stack)		Data Structure & Algorithm - 비선형 구조	41	CHOICE	HARD	배열이 “최대 힙” 조건을 만족하는지 O(N)으로 검증할 때 확인해야 할 핵심 조건으로 가장 올바른 것은?	최대 힙 검증은 배열이 완전 이진 트리 표현이라는 가정 하에, 각 부모가 자식보다 크거나 같은지 확인하면 됩니다. 0 기반 인덱스라면 i의 자식은 2i+1, 2i+2이며, 부모 노드는 0부터 마지막 내부 노드까지 검사하면 충분합니다. 면접에서는 “모든 노드를 볼 필요가 있는가”를 묻기도 하는데, 리프는 자식이 없으므로 내부 노드만 확인해도 됩니다. 실무에서는 인덱스 경계와 오버플로우 방지를 주의해야 합니다. 스택은 필수는 아니지만, 반복 순회/검증 로직 설계 이해를 확인하는 문제로 자주 변형됩니다.		모든 내부 노드에서 부모 >= 자식(존재할 때)을 검사한다	TRUE	배열이 정렬되어 있는지 검사한다	FALSE	root만 최댓값이면 충분하다	FALSE	모든 노드가 BST 조건을 만족하는지 검사한다	FALSE	dsa	heap	validation	nonlinear
Q085	단조 스택 범위 기여(Contribution Technique)		Data Structure & Algorithm - 기타 알고리즘	44	CHOICE	HARD	“부분 배열의 최소값 합(sum of subarray minimums)”에서 단조 스택으로 각 원소의 기여도를 계산할 때 필요한 정보 조합으로 가장 알맞은 것은?	이 문제는 각 원소가 “어떤 구간에서 최소값으로 선택되는지”를 세어 기여도를 합산하는 방식입니다. 단조 증가 스택을 이용해 각 원소 기준으로 왼쪽에서 자신보다 작은(또는 작거나 같은) 첫 위치, 오른쪽에서 자신보다 작은 첫 위치를 찾습니다. 중복 값 처리에서 < 와 <= 선택이 중요해 중복 카운트를 피합니다. 면접에서는 이 경계 선택 규칙과 왜 O(N)인지(각 인덱스 1회 push/pop)를 설명하게 합니다. 실무에서는 range query, 기여도(Contribution) 패턴의 대표 사례로 기억해 두면 좋습니다.		좌/우에서 더 작은 값이 처음 나오는 경계 거리(중복 처리 규칙 포함)	TRUE	prefix sum과 binary search만	FALSE	BFS 레벨 정보만	FALSE	힙에서 top만 반복 조회	FALSE	dsa	stack	monotonic	algorithm
Q086	단조 스택 최대 직사각형 확장(Max Rectangle in Binary Matrix)		Data Structure & Algorithm - 기타 알고리즘	44	CHOICE	HARD	2D 이진 행렬에서 최대 직사각형을 구할 때, 히스토그램 + 단조 스택 접근의 핵심 아이디어로 가장 올바른 것은?	각 행을 기준으로 위로 연속된 1의 높이를 누적해 히스토그램을 만들고, 각 행마다 “히스토그램 최대 직사각형”을 계산해 최댓값을 갱신합니다. 이때 히스토그램 최대 직사각형은 단조 스택으로 O(M)에 계산할 수 있어 전체 O(NM)으로 풀 수 있습니다. 면접에서는 “2D를 1D로 변환한다”는 발상을 설명하게 합니다. 실무에서는 영상 처리/격자 데이터 분석에서도 유사 패턴이 등장합니다. 핵심은 누적 높이로 행을 스캔하며 1D 문제로 환원하는 것입니다.		각 행을 히스토그램으로 환원해 매 행마다 최대 직사각형을 계산한다	TRUE	각 행을 정렬한 뒤 최대 구간을 찾는다	FALSE	BFS로 모든 직사각형을 열거한다	FALSE	힙으로 모든 좌표를 우선순위 처리한다	FALSE	dsa	stack	monotonic	algorithm
Q087	온라인 중간값(Online Median)		Data Structure & Algorithm - 비선형 구조	41	CHOICE	HARD	스트리밍 데이터에서 실시간 중간값을 유지하는 “두 힙” 방법에서 반드시 유지해야 하는 불변 조건으로 가장 올바른 것은?	두 힙 방식은 작은 절반을 최대 힙, 큰 절반을 최소 힙으로 유지합니다. 핵심 불변 조건은 (1) 두 힙 크기 차이가 1 이내, (2) 최대 힙의 모든 원소 <= 최소 힙의 모든 원소가 되도록 유지하는 것입니다. 이 조건이 깨지면 중간값이 루트에 위치하지 않습니다. 면접에서는 삽입 시 어느 힙에 넣고, 재균형(rebalance)을 언제 하는지 설명하게 합니다. 실무에서는 실시간 지표(중앙값 지연 등)를 안정적으로 구할 때 유용합니다.		크기 차이 1 이내 + maxHeap의 최대값 <= minHeap의 최소값	TRUE	두 힙의 크기는 항상 같아야 한다	FALSE	두 힙은 둘 다 최소 힙이어야 한다	FALSE	중간값은 항상 전체 최솟값이다	FALSE	dsa	heap	median	algorithm
Q088	동시성 우선순위 큐(Concurrent Priority Queue)		Data Structure & Algorithm - 비선형 구조	41	CHOICE	HARD	멀티스레드 환경에서 힙 기반 우선순위 큐를 사용할 때 발생하기 쉬운 문제로 가장 알맞은 것은?	힙은 내부적으로 배열/트리 구조를 재배치하며 삽입/삭제 시 여러 원소의 위치가 바뀝니다. 멀티스레드에서 동기화 없이 접근하면 힙 속성이 깨지거나, size와 내부 배열 상태가 불일치하는 경쟁 상태가 발생할 수 있습니다. 면접에서는 자료구조 자체뿐 아니라 운영 환경(동시성)까지 고려하는지를 확인합니다. 실무에서는 락, lock-free 구조, 또는 스레드별 로컬 큐 + 병합 같은 대안을 씁니다. 단순히 “스레드 안전”을 믿고 쓰면 장애로 이어질 수 있어 주의가 필요합니다.		경쟁 상태로 힙 속성/내부 배열 상태가 깨질 수 있다	TRUE	힙은 원자적으로 동작하므로 문제 없다	FALSE	FIFO 큐로 자동 변환된다	FALSE	항상 데드락이 발생한다	FALSE	dsa	heap	concurrency	system
Q089	Deque 기반 최적화 vs PQ(Sliding Window)		Data Structure & Algorithm - 기타 알고리즘	44	CHOICE	HARD	슬라이딩 윈도우 최대값 문제에서 우선순위 큐가 O(N log N)이 되기 쉬운 핵심 이유로 가장 알맞은 것은?	우선순위 큐로 최대값을 관리하면 top은 최대값이지만, 윈도우 밖으로 나간 원소를 즉시 제거하기 어렵습니다. 그래서 lazy deletion(무효 처리)을 하며 top이 유효할 때까지 pop을 반복합니다. 매 스텝마다 log N 연산이 들어가 O(N log N)이 되기 쉽고, 중복 무효 원소가 많을수록 상수항도 커집니다. 면접에서는 “왜 덱이면 O(N)인데 PQ면 느린가”를 논리적으로 설명하게 합니다. 실무에서는 윈도우가 길고 N이 크면 덱 방식이 유리합니다. 핵심은 PQ가 ‘만료 원소 제거’에 비효율이 있기 때문입니다.		윈도우 밖 원소를 즉시 제거하기 어려워 lazy 정리가 필요해서	TRUE	PQ는 삽입이 O(N)이어서	FALSE	PQ는 FIFO만 지원해서	FALSE	PQ는 최댓값 조회가 O(N)이어서	FALSE	dsa	heap	queue	algorithm
Q090	큐 스케줄링 공정성(Fair Queueing)		Data Structure & Algorithm - 선형 구조	40	CHOICE	HARD	작업 스케줄링에서 “공정성(fairness)”을 보장하려 할 때 FIFO 큐만으로 항상 해결되지 않는 이유로 가장 알맞은 것은?	FIFO는 도착 순서대로 처리하지만, 작업의 처리 시간(서비스 타임)이 서로 다르면 앞의 긴 작업이 뒤의 짧은 작업을 오래 막을 수 있습니다(Head-of-Line blocking). 이 경우 평균 응답 시간이 악화되고, 사용자는 불공정하게 느낄 수 있습니다. 면접에서는 큐가 시스템 성능/공정성에 미치는 영향을 설명하게 합니다. 실무에서는 우선순위, 라운드 로빈, WFQ 같은 정책으로 보완합니다. 단순 FIFO는 공정성과 응답성 요구를 모두 만족시키지 못할 수 있다는 점이 핵심입니다.		긴 작업이 앞에 있으면 뒤 작업이 오래 대기하는 HOL blocking이 생길 수 있어서	TRUE	FIFO는 구현이 불가능해서	FALSE	FIFO는 항상 LIFO로 동작해서	FALSE	FIFO는 메모리를 사용하지 않아서	FALSE	dsa	queue	scheduling	system
Q091	힙 메모리 단편화(Fragmentation)		Computer Science - 메모리와 하드웨어 구조	67	CHOICE	HARD	메모리 힙(Heap Memory)에서 단편화(fragmentation)가 심해질 때 나타날 수 있는 현상으로 가장 알맞은 것은?	동적 할당이 반복되면 작은 빈 공간들이 여기저기 생겨 큰 연속 블록을 확보하기 어려워질 수 있습니다. 이때 총 여유 메모리는 충분해도 큰 객체 할당이 실패하거나 성능이 저하될 수 있습니다. 면접에서는 자료구조 힙과 메모리 힙을 구분하면서, 메모리 단편화/GC/할당자 동작까지 확장 질문이 나올 수 있습니다. 실무에서는 allocator 튜닝, 풀 할당, GC 압박 감소 같은 방법으로 대응합니다. 특히 실시간 시스템에서는 단편화가 지연을 유발해 문제를 키울 수 있습니다.		여유 메모리가 있어도 큰 연속 블록 할당이 어려워질 수 있다	TRUE	항상 정렬 속도가 느려진다	FALSE	스택 오버플로우가 반드시 발생한다	FALSE	큐가 자동으로 비워진다	FALSE	dsa	heap	memory	cs
Q092	힙에서 임의 삭제(Delete Arbitrary)		Data Structure & Algorithm - 비선형 구조	41	CHOICE	HARD	이진 힙에서 “임의 인덱스 k의 원소 삭제”를 효율적으로 수행할 때 일반적인 절차로 가장 올바른 것은?	임의 삭제는 루트 삭제와 달리 위치를 직접 알아야 합니다. 보통 k 위치에 마지막 원소를 가져와 덮어쓰고, 힙 속성이 깨진 방향에 따라 heapify up 또는 heapify down을 수행합니다. 어떤 방향으로 복구할지는 부모/자식과의 비교로 결정합니다. 면접에서는 이 절차를 말로 설명하고 시간 복잡도 O(log N)을 도출하게 합니다. 실무에서는 원소에서 인덱스로 가는 맵이 없으면 k를 찾는 데 O(N)이 들어가므로 요구사항에 따라 설계가 달라집니다.		마지막 원소로 교체 후 위/아래로 heapify하여 복구한다	TRUE	해당 원소를 0으로 만들면 자동 삭제된다	FALSE	항상 build-heap을 다시 수행한다	FALSE	큐로 옮긴 뒤 삭제한다	FALSE	dsa	heap	implementation	priorityqueue
Q093	힙 기반 스케줄러(Timer Wheel vs Heap)		Data Structure & Algorithm - 비선형 구조	41	CHOICE	HARD	많은 타이머를 관리할 때 “최소 힙 기반 타이머”가 갖는 잠재적 병목으로 가장 알맞은 것은?	최소 힙 타이머는 가장 빠른 만료 시각을 top으로 유지해 다음 이벤트를 빠르게 찾습니다. 하지만 타이머 삽입/삭제가 O(log N)이고, N이 매우 크면 이 비용이 누적될 수 있습니다. 또한 만료가 몰리면 연속 pop이 발생해 지연 스파이크가 생길 수 있습니다. 면접에서는 왜 타이머 휠 같은 대안이 나오는지(정밀도 vs 성능)를 묻는 흐름이 나옵니다. 실무에서는 요구 정확도와 타이머 수에 따라 자료구조를 선택합니다. 핵심 병목은 log N 갱신과 만료 폭주 시 처리 비용입니다.		삽입/삭제 O(log N) 누적과 만료 폭주 시 pop 처리로 지연 스파이크	TRUE	최소 힙은 타이머를 저장할 수 없다	FALSE	최소 힙은 FIFO만 지원한다	FALSE	최소 힙은 동시성 문제가 절대 없다	FALSE	dsa	heap	scheduler	system
Q094	최소 큐(Min Queue)		Data Structure & Algorithm - 선형 구조	40	CHOICE	HARD	큐에서 getMin을 O(1)로 지원하는 “Min Queue”를 가장 표준적으로 구현하는 방법으로 올바른 것은?	Min Queue는 큐 연산(enqueue/dequeue)과 함께 현재 최소값을 O(1)에 조회해야 합니다. 대표 구현은 두 개의 스택(각각 Min Stack 기능 포함)을 이용해 큐를 구성하는 방식입니다. 입력 스택과 출력 스택으로 나누고, 출력 스택이 비면 입력 스택을 옮겨 담습니다. 최소값은 두 스택의 최소값 중 더 작은 값으로 계산합니다. 면접에서는 왜 두 스택이 필요한지, 최소값 계산이 왜 O(1)인지 설명을 요구합니다.		Min Stack 2개로 큐를 구성하고 두 스택의 min으로 전체 min을 구한다	TRUE	힙 하나만 두면 dequeue가 O(1)이다	FALSE	매번 전체를 정렬해 min을 찾는다	FALSE	단일 큐만으로는 getMin이 불가능하다	FALSE	dsa	queue	stack	algorithm
Q095	콜 스택 트램폴린(Trampoline)		Data Structure & Algorithm - 선형 구조	40	CHOICE	HARD	재귀로 인한 스택 오버플로우를 피하기 위한 트램폴린(trampoline) 기법의 핵심 아이디어로 가장 올바른 것은?	트램폴린은 재귀 호출을 직접 이어가지 않고, “다음에 실행할 함수(continuation)”를 반환하게 만들어 반복 루프가 이를 실행하도록 하는 방식입니다. 결과적으로 호출 스택 깊이를 늘리지 않고도 재귀와 유사한 흐름을 구현합니다. 면접에서는 콜 스택 한계를 피하는 방법(반복 변환, 트램폴린, 꼬리 재귀 최적화)을 비교 질문으로 묻기도 합니다. 실무에서는 JS처럼 TCO가 보장되지 않는 환경에서 깊은 재귀를 다룰 때 유용합니다. 핵심은 재귀 호출을 값으로 바꾸고 루프로 실행하는 것입니다.		재귀 호출 대신 다음 호출을 반환하고 루프가 실행한다	TRUE	스택을 더 크게 할당하면 해결된다	FALSE	큐로 바꾸면 재귀가 자동으로 안전해진다	FALSE	힙 정렬을 적용하면 스택이 줄어든다	FALSE	dsa	stack	runtime	concept
Q096	우선순위 역전(Priority Inversion)		Operating System - 동기화	37	CHOICE	HARD	우선순위 큐 기반 스케줄링에서 “우선순위 역전(priority inversion)”이 발생하는 대표 상황으로 가장 알맞은 것은?	우선순위 역전은 낮은 우선순위 작업이 락을 잡고 있어 높은 우선순위 작업이 대기하는데, 중간 우선순위 작업들이 계속 실행되며 낮은 작업이 락을 풀 기회를 못 얻어 높은 작업이 더 오래 막히는 현상입니다. 면접에서는 큐/스케줄링과 동기화가 만나는 지점에서 자주 출제됩니다. 실무에서는 priority inheritance 같은 기법으로 완화할 수 있습니다. 자료구조 자체의 문제가 아니라, 공유 자원과 스케줄링 정책이 결합되며 발생한다는 점이 핵심입니다.		낮은 우선순위가 락 보유, 높은 우선순위가 대기, 중간 우선순위가 끼어드는 상황	TRUE	FIFO 큐는 항상 공정하므로 역전이 없다	FALSE	힙은 안정적이어서 역전이 없다	FALSE	스택을 쓰면 역전이 자동 해결된다	FALSE	dsa	heap	scheduling	os
Q097	최소 컷오프(Heap Cutoff)		Data Structure & Algorithm - 비선형 구조	41	CHOICE	HARD	“힙에서 K번째로 작은 값”을 찾을 때, 전체 정렬(O(N log N))보다 더 나을 수 있는 전형적 접근으로 가장 알맞은 것은?	K번째 통계량을 찾을 때 전체 정렬은 불필요한 작업이 많습니다. 전형적으로는 크기 K의 최대 힙을 유지해 K개 후보만 관리하거나, Quickselect 같은 선택 알고리즘을 사용합니다. 힙 접근은 스트리밍이나 온라인 입력에도 적용 가능해 실무 친화적입니다. 면접에서는 K가 작을 때 힙이 왜 유리한지(유지 비용 O(N log K))를 설명하게 합니다. 단, K가 N에 가까우면 이득이 줄어든다는 트레이드오프도 함께 기억하면 좋습니다.		크기 K 최대 힙을 유지해 O(N log K)로 관리한다	TRUE	무조건 전체를 정렬하는 것이 항상 최선이다	FALSE	스택으로 pop을 K번 하면 된다	FALSE	큐로 BFS를 하면 K번째가 나온다	FALSE	dsa	heap	topk	complexity
Q098	큐 기반 워크 스틸링(Work Stealing)		Data Structure & Algorithm - 선형 구조	40	CHOICE	HARD	워크 스틸링(work stealing) 스케줄러에서 “데크(Deque)”를 쓰는 이유로 가장 알맞은 것은?	워크 스틸링에서는 각 워커가 자신의 작업 데크를 갖고, 보통 자신은 한쪽 끝에서 pop/push 하며 locality를 살립니다. 반면 다른 워커가 일이 없을 때는 반대쪽 끝에서 작업을 훔쳐와(load balancing) 경쟁을 줄입니다. 이 패턴은 양쪽 끝 접근이 가능한 데크에 자연스럽게 맞습니다. 면접에서는 “왜 단순 큐/스택이 아니고 데크인가”를 묻습니다. 실무에서는 병렬 런타임(예: 포크-조인)에서 흔한 설계이며, 경쟁과 캐시 효율을 함께 고려한 구조입니다.		본인은 한쪽 끝, 훔치는 워커는 반대쪽 끝을 사용해 경쟁을 줄이기 위해	TRUE	데크는 항상 O(1) 정렬을 제공해서	FALSE	데크는 힙을 대체할 수 있어서	FALSE	데크는 안정 정렬을 보장해서	FALSE	dsa	queue	deque	parallel
Q099	큐 무결성(Queue Integrity)		Data Structure & Algorithm - 선형 구조	40	CHOICE	HARD	락 없이(lock-free) 큐를 구현할 때 특히 어려운 문제로 가장 알맞은 것은?	lock-free 큐는 CAS 같은 원자 연산으로 head/tail을 갱신하며 여러 스레드가 동시에 접근하도록 만듭니다. 이때 ABA 문제, 메모리 재활용(해제) 문제, 순서 보장, 가시성 문제가 얽혀 구현이 매우 어렵습니다. 면접에서는 동시성 자료구조의 난이도를 아는지 확인하는 질문이 나올 수 있습니다. 실무에서는 검증된 라이브러리를 쓰고, 직접 구현은 피하는 것이 일반적입니다. 핵심은 원자적 갱신과 메모리 모델 이슈(ABA 등)가 결합된다는 점입니다.		ABA 문제와 메모리 재활용/가시성 이슈	TRUE	FIFO 성질이 사라지는 문제	FALSE	스택 오버플로우 문제	FALSE	힙 속성 복구 문제	FALSE	dsa	queue	concurrency	system
Q100	힙에서 범위 질의(Range Query)		Data Structure & Algorithm - 비선형 구조	41	CHOICE	HARD	힙 자료구조가 “범위 질의(range query)”에 일반적으로 부적합한 이유로 가장 올바른 것은?	힙은 루트의 최솟값/최댓값만 강하게 보장하고, 서브트리 전체가 정렬되어 있지 않습니다. 따라서 [L, R] 범위에 속하는 원소를 빠르게 찾거나, 범위 내 최솟값/최댓값을 구하는 질의에 구조적으로 유리하지 않습니다. 면접에서는 힙과 BST/세그먼트 트리의 역할 차이를 비교하는 질문이 자주 나옵니다. 실무에서는 범위 질의가 핵심이면 균형 BST, 세그먼트 트리, 펜윅 트리 같은 구조를 고려합니다. 힙은 “top 중심” 구조라는 점이 핵심 한계입니다.		전체가 정렬되어 있지 않아 범위 조건을 가지치기하기 어렵기 때문이다	TRUE	힙은 원소를 저장할 수 없기 때문이다	FALSE	힙은 삽입이 불가능하기 때문이다	FALSE	힙은 항상 O(1) 검색이 가능해서 오히려 너무 쉽다	FALSE	dsa	heap	concept	datastructure
Q101	힙 병합 비용(Binary Heap Meld Cost)		Data Structure & Algorithm - 비선형 구조	41	CHOICE	HARD	두 개의 이진 힙(Binary Heap)을 “추가 자료구조 없이” 합쳐 하나의 유효한 힙을 만들 때, 일반적으로 가장 현실적인 접근과 그 시간 복잡도 조합으로 올바른 것은?	이진 힙은 배열 기반 완전 이진 트리 구조라서 단순 연결만으로는 힙 속성을 유지하기 어렵습니다. 보통 두 힙 배열을 이어 붙인 뒤 build-heap(바텀업 heapify)으로 재구성하는 방식이 현실적입니다. 이때 build-heap은 O(N)이며, N은 합쳐진 원소 수입니다. 면접에서는 “힙 병합이 왜 자연스럽지 않은가”와 “build-heap이 왜 O(N)인가”를 같이 묻는 경우가 많습니다. 실무에서는 병합이 잦으면 meldable heap류를 고려해야 한다는 결론으로 이어집니다.		배열을 이어 붙인 뒤 build-heap으로 O(N)에 재구성한다	TRUE	루트끼리 비교해 더 큰 루트를 루트로 두면 O(1)	FALSE	두 힙을 번갈아 pop/push 해서 O(log N)	FALSE	단순 연결 리스트로 붙이면 O(1)	FALSE	dsa	heap	merge	complexity
Q102	힙 속성 vs BST 속성(Heap vs BST Property)		Data Structure & Algorithm - 비선형 구조	41	CHOICE	HARD	“최소 힙의 각 노드는 자신의 서브트리 전체에서 최소값이다”라는 주장에 대한 올바른 판단은?	최소 힙은 부모가 자식보다 작거나 같은 관계만 보장합니다. 따라서 루트는 전체 최소값이지만, 임의의 노드가 자신의 서브트리 전체에서 최소값이라는 성질은 일반적으로 성립하지 않습니다. 그 노드는 자신의 자식들보다 작을 뿐, 서브트리의 다른 경로에 더 작은 값이 존재할 수도 있습니다(부모-자식 제약만 있으므로). 면접에서는 힙을 BST처럼 오해하는지 확인하는 전형적인 함정입니다. 실무에서는 “힙은 top 중심”이라는 제약을 이해하고, 범위/검색 요구가 있으면 다른 구조를 선택해야 합니다.		거짓이다. 최소 힙은 부모-자식 관계만 보장한다	TRUE	참이다. 힙의 모든 노드는 서브트리 최소를 보장한다	FALSE	참이다. 힙은 BST보다 더 강한 정렬을 보장한다	FALSE	경우에 따라 다르며 값이 모두 다르면 참이다	FALSE	dsa	heap	concept	datastructure
Q103	단조 스택 중복 처리(Tie-breaking)		Data Structure & Algorithm - 기타 알고리즘	44	CHOICE	HARD	“부분 배열 최소값 합”에서 중복 값이 있을 때, 이중 카운트를 피하기 위한 타이브레이킹 규칙으로 가장 적절한 것은?	기여도 방식에서 중복 값 처리 규칙이 핵심입니다. 예를 들어 왼쪽 경계는 “엄격히 작은(<)”을 기준으로, 오른쪽 경계는 “작거나 같은(<=)”을 기준으로 잡는 식으로 한쪽에만 중복을 귀속시킵니다. 반대로 양쪽 모두 < 또는 모두 <= 로 잡으면 중복 구간이 두 번 세어지거나 누락될 수 있습니다. 면접에서는 왜 한쪽만 non-strict를 쓰는지 논리적으로 설명하게 합니다. 실무에서도 동일 값이 많은 데이터에서 오답을 만드는 대표 포인트입니다.		한쪽은 <, 다른 한쪽은 <= 로 중복을 한 방향에만 귀속한다	TRUE	양쪽 모두 < 로 잡는 것이 항상 안전하다	FALSE	양쪽 모두 <= 로 잡는 것이 항상 안전하다	FALSE	중복은 무시해도 항상 정답이 나온다	FALSE	dsa	stack	monotonic	algorithm
Q104	온라인 최소값 큐(Min Queue via Two Stacks)		Data Structure & Algorithm - 선형 구조	40	CHOICE	HARD	두 개의 Min Stack으로 Min Queue를 구현할 때, dequeue 시 출력 스택이 비어 있을 때 수행하는 올바른 동작은?	Min Queue를 두 스택으로 구현하면 입력 스택(in)과 출력 스택(out)을 둡니다. dequeue/peek에서 out이 비어 있으면 in의 원소를 모두 pop하여 out으로 push해 순서를 뒤집습니다. 그 결과 out의 top이 큐의 front가 됩니다. 최소값은 두 스택의 최소값 중 더 작은 값을 취하면 됩니다. 면접에서는 “왜 모두 옮겨야 하는가”와 “기여도(최소값)가 어떻게 유지되는가”를 함께 묻습니다. 실무에서는 이 방식이 분할 상환 O(1)이라는 점까지 설명하면 좋습니다.		입력 스택의 원소를 전부 출력 스택으로 옮긴다	TRUE	입력 스택에서 한 개만 꺼내 출력한다	FALSE	출력 스택이 비면 dequeue는 실패 처리한다	FALSE	힙으로 변환 후 pop한다	FALSE	dsa	queue	stack	amortized
Q105	스택 기반 트리 순회 통합(Iterative Traversal)		Data Structure & Algorithm - 탐색 알고리즘	42	CHOICE	HARD	반복(postorder) 순회를 단일 스택으로 구현할 때 일반적으로 추가로 추적해야 하는 정보로 가장 알맞은 것은?	postorder는 left-right-root로, 방문 시점이 가장 늦습니다. 단일 스택으로 구현하려면 “어느 자식까지 처리했는지”를 알아야 하며, 보통 lastVisited(마지막으로 방문한 노드) 포인터를 둡니다. 현재 노드의 오른쪽 자식을 아직 방문하지 않았으면 오른쪽으로 내려가고, 이미 방문했으면 현재를 방문합니다. 면접에서는 이 흐름이 재귀를 어떻게 모사하는지 설명하게 합니다. 실무에서는 트리 기반 계산(수식 트리 평가 등)에서 postorder가 중요하므로 구현력을 확인하기 좋습니다.		마지막 방문 노드(lastVisited) 또는 방문 상태 플래그	TRUE	큐의 현재 크기	FALSE	힙의 루트 값	FALSE	배열의 prefix sum	FALSE	dsa	stack	tree	traversal
Q106	힙 기반 K번째 값 알고리즘(Kth Smallest)		Data Structure & Algorithm - 기타 알고리즘	44	CHOICE	HARD	정렬된 행/열을 가진 행렬에서 K번째로 작은 값을 찾을 때, 최소 힙 기반 접근의 핵심으로 올바른 것은?	행과 열이 정렬된 행렬에서는 (0,0)이 최소이고, 오른쪽/아래로 갈수록 값이 커지는 성질이 있습니다. 최소 힙에 좌표를 넣고, pop한 좌표의 이웃(오른쪽/아래)을 push하며 K번 pop하면 K번째 값을 얻는 방식이 전형적입니다. 중복 방문을 막기 위해 visited 집합이 필요합니다. 면접에서는 “왜 이웃만 확장하면 충분한가”와 “중복을 어떻게 막는가”를 묻습니다. 실무에서는 K가 작을 때 특히 효율적이며, BFS/다익스트라와 유사한 확장 패턴으로 이해할 수 있습니다.		좌표를 힙에 넣고 pop한 칸의 이웃을 확장하며 visited로 중복을 막는다	TRUE	전체를 flatten 후 정렬한다	FALSE	스택으로 DFS를 하면 항상 K번째가 먼저 나온다	FALSE	큐 레벨 순회로 K번째가 보장된다	FALSE	dsa	heap	matrix	algorithm
Q107	힙 기반 다중 소스 최단거리(Multi-source)		Data Structure & Algorithm - 탐색 알고리즘	42	CHOICE	HARD	여러 시작점에서의 최단거리를 동시에 구할 때, (가중치 양수) 다익스트라를 적용하는 올바른 초기화로 가장 알맞은 것은?	멀티소스 다익스트라는 모든 시작점을 거리 0으로 두고 우선순위 큐에 함께 넣어 시작합니다. 이후 pop되는 순서(거리 오름차순)에 따라 relax를 수행하면 각 노드에 대해 가장 가까운 시작점으로부터의 최단거리를 얻습니다. 면접에서는 “왜 시작점을 여러 개 넣어도 정당한가”를 다익스트라의 불변 조건(최소 거리 확정) 관점에서 설명하게 합니다. 실무에서는 가장 가까운 서버, 대피소 거리, nearest facility 같은 문제로 많이 등장합니다.		모든 시작점을 dist=0으로 두고 PQ에 모두 삽입한다	TRUE	시작점 하나만 넣고 나머지는 이후에 추가한다	FALSE	시작점들을 큐에 넣고 BFS로 처리한다	FALSE	시작점마다 다익스트라를 따로 돌린다	FALSE	dsa	heap	graph	dijkstra
Q108	우선순위 큐의 비교자 함정(Comparator Pitfall)		Data Structure & Algorithm - 비선형 구조	41	CHOICE	HARD	최소 힙을 최대 힙처럼 만들기 위해 “값을 음수로 변환”하는 방법의 대표적인 위험 요소로 가장 알맞은 것은?	값에 -를 붙여 우선순위를 뒤집는 트릭은 흔하지만, 값의 범위가 큰 경우 오버플로우가 발생할 수 있습니다(특히 INT_MIN 같은 케이스). 또한 부호 변환이 의미를 바꾸면 디버깅이 어려워질 수 있습니다. 면접에서는 실무적 함정(overflow, 타입 범위)을 알고 있는지 묻는 형태로 출제됩니다. 실무에서는 comparator를 제공할 수 있으면 비교자 반전을 쓰는 편이 안전합니다. 하지만 언어/라이브러리 제약이 있으면 부호 변환을 쓰되 범위를 반드시 확인해야 합니다.		정수 오버플로우(예: 최소값에 -를 붙일 때) 위험	TRUE	시간 복잡도가 O(N^2)로 변한다	FALSE	힙이 FIFO 큐로 바뀐다	FALSE	값이 정렬되어 BST가 된다	FALSE	dsa	heap	implementation	bug
Q109	데크 기반 0-1 BFS 정당성(Proof Insight)		Data Structure & Algorithm - 탐색 알고리즘	42	CHOICE	HARD	0-1 BFS가 다익스트라 없이도 올바른 최단거리를 구하는 핵심 이유로 가장 알맞은 것은?	0-1 BFS는 간선 가중치가 0 또는 1이라는 제한을 활용합니다. 0 비용 이동은 덱의 앞에, 1 비용 이동은 뒤에 넣어 처리하면, 덱에서 pop되는 순서가 거리 비감소 순서를 사실상 보장합니다. 이는 다익스트라의 PQ 역할을 덱이 대체하는 셈입니다. 면접에서는 이 정당성을 “거리가 0 또는 1만큼만 증가한다”는 관찰로 설명하게 합니다. 실무에서는 이 제한이 깨지면 즉시 다익스트라로 돌아가야 한다는 점이 중요합니다.		비용이 0/1이라 덱 처리 순서가 거리 오름차순을 유지하도록 설계되기 때문	TRUE	BFS는 어떤 가중치에서도 최단거리를 보장하기 때문	FALSE	스택을 쓰면 자동으로 최단거리가 된다	FALSE	힙이 항상 필요 없기 때문	FALSE	dsa	queue	deque	shortestpath
Q110	힙 기반 이벤트 정렬의 안정성(Event Ordering)		Data Structure & Algorithm - 비선형 구조	41	CHOICE	HARD	동일한 timestamp 이벤트의 처리 순서가 중요할 때, 힙 기반 이벤트 큐에서 발생할 수 있는 문제와 해결책 조합으로 가장 알맞은 것은?	힙은 동일 키에 대해 입력 순서를 보장하지 않으므로, 같은 timestamp 이벤트가 임의 순서로 처리될 수 있습니다. 이것이 재현성 문제나 버그 재현 난이도를 키울 수 있습니다. 해결책은 (timestamp, sequence)처럼 보조 키를 추가해 안정성을 확보하는 것입니다. 면접에서는 “동일 우선순위 안정성”을 시스템 요구사항 관점에서 설명하게 합니다. 실무에서는 테스트 재현성과 로그 분석을 위해 안정적 처리 순서가 중요할 때가 많습니다.		동일 키 순서가 불안정할 수 있어 시퀀스 보조 키로 안정화한다	TRUE	힙은 항상 안정적이므로 문제 없다	FALSE	FIFO 큐로 바꾸면 timestamp 정렬도 된다	FALSE	스택으로 바꾸면 시간 순 처리가 된다	FALSE	dsa	heap	priorityqueue	system
Q111	힙에서 메모리 로컬리티(Cache Locality)		Computer Science - 메모리와 하드웨어 구조	67	CHOICE	HARD	배열 기반 이진 힙이 포인터 기반 트리 힙보다 일반적으로 캐시 친화적일 수 있는 이유로 가장 알맞은 것은?	배열 기반 힙은 메모리에 연속적으로 배치되어 접근 패턴이 비교적 규칙적입니다. 반면 포인터 기반 구조는 노드가 흩어져 있어 캐시 미스가 늘 수 있습니다. 면접에서는 이론 복잡도뿐 아니라 상수항(캐시, 메모리 접근)이 실측 성능을 좌우한다는 관점을 확인합니다. 실무에서는 같은 O(log N)이라도 구현에 따라 성능 차이가 크게 날 수 있습니다. 따라서 자료구조 선택 시 데이터 크기와 하드웨어 특성을 고려하는 것이 중요합니다.		연속 메모리 배치로 캐시 미스가 줄 수 있다	TRUE	배열 힙은 포인터를 더 많이 써서	FALSE	배열 힙은 항상 O(1)이라서	FALSE	포인터 힙은 정렬을 강제해서	FALSE	dsa	heap	performance	cs
Q112	힙 해제와 ABA(ABA Problem)		Data Structure & Algorithm - 선형 구조	40	CHOICE	HARD	lock-free 큐/스택에서 ABA 문제가 위험한 이유로 가장 알맞은 것은?	ABA는 CAS가 “값이 동일하다”만 확인하기 때문에, A였던 값이 B로 바뀌었다가 다시 A로 돌아오면 변경을 감지하지 못하는 문제입니다. 락 프리 큐/스택에서는 노드가 pop되고 해제된 뒤 재사용되면 포인터 값이 다시 같아질 수 있어 치명적입니다. 면접에서는 버전 태그(tagged pointer)나 hazard pointer 같은 완화책을 알고 있는지까지 이어질 수 있습니다. 실무에서는 메모리 재활용 전략이 동시성 안전성과 직결됩니다. 핵심은 “같아 보이지만 같은 객체가 아닐 수 있다”는 점입니다.		값이 A로 돌아오면 CAS가 변경을 감지 못해 잘못된 성공을 할 수 있어서	TRUE	ABA는 단일 스레드에서만 생기는 문제라서	FALSE	ABA는 힙 정렬에서만 생겨서	FALSE	ABA는 FIFO 큐에선 절대 불가능해서	FALSE	dsa	stack	concurrency	system
Q113	힙 기반 경로 복원(Path Reconstruction)		Data Structure & Algorithm - 탐색 알고리즘	42	CHOICE	HARD	다익스트라에서 최단거리뿐 아니라 “경로”를 복원하려면 일반적으로 어떤 정보를 추가로 유지해야 하는가?	최단거리만 알면 실제 경로(노드 순서)는 알 수 없습니다. relax 과정에서 dist가 갱신될 때, 해당 노드의 predecessor(이전 노드)를 기록하면 끝에서부터 거슬러 올라가 경로를 복원할 수 있습니다. 면접에서는 dist 배열 외에 parent 배열이 왜 필요한지, 갱신 조건이 무엇인지(더 짧을 때만 업데이트)를 묻습니다. 실무에서는 네비게이션, 라우팅, 추천 경로 등에서 경로 복원이 필수입니다. parent 업데이트를 잘못하면 거리와 경로가 불일치하는 버그가 납니다.		predecessor(parent) 정보를 dist 갱신 시 함께 기록한다	TRUE	방문 순서만 기록하면 경로가 자동 복원된다	FALSE	큐 크기를 기록하면 경로가 나온다	FALSE	힙의 인덱스를 기록하면 경로가 나온다	FALSE	dsa	heap	graph	dijkstra
Q114	힙 기반 A* 우선순위(A* Priority Key)		Data Structure & Algorithm - 탐색 알고리즘	42	CHOICE	HARD	A* 알고리즘에서 우선순위 큐에 넣는 키로 가장 일반적인 것은?	A*는 현재까지의 비용 g(n)과 휴리스틱 h(n)을 합친 f(n)=g(n)+h(n)을 우선순위로 사용합니다. 우선순위 큐(보통 최소 힙)에서 f가 가장 작은 노드를 확장합니다. 면접에서는 다익스트라(휴리스틱 0)와의 관계를 묻거나, 휴리스틱이 admissible/consistent일 때 최적성을 보장한다는 점으로 확장되곤 합니다. 실무에서는 경로 탐색, 게임 AI, 지도 서비스 등에 쓰입니다. 키 정의를 틀리면 알고리즘 성격이 달라지므로 정확히 기억해야 합니다.		f(n)=g(n)+h(n)	TRUE	f(n)=h(n)-g(n)	FALSE	f(n)=g(n)만	FALSE	f(n)=h(n)만	FALSE	dsa	heap	search	algorithm
Q115	큐 기반 SPFA 함정(SPFA Worst-case)		Data Structure & Algorithm - 탐색 알고리즘	42	CHOICE	HARD	큐 기반 최단거리 알고리즘(SPFA)이 실무/대회에서 “주의해서 써야 하는” 대표 이유로 가장 알맞은 것은?	SPFA는 평균적으로 빠르게 동작하는 경우도 있지만, 특정 그래프에서는 매우 느려져 최악 O(VE)에 가깝게 동작할 수 있습니다. 면접에서는 “평균적으로 빠르다”만 외우고 최악을 놓치면 설계 판단이 흔들릴 수 있습니다. 실무에서도 입력 특성이 악의적이거나 최악 케이스가 충분히 나타날 수 있는 시스템이라면 다익스트라/벨만-포드 등의 선택이 필요합니다. 큐에 노드가 반복적으로 재삽입되며 폭발하는 패턴이 핵심 위험입니다. 따라서 안정적인 성능이 필요한 경우에는 부적합할 수 있습니다.		특정 그래프에서 최악 시간 복잡도가 매우 나빠질 수 있어서	TRUE	음수 간선이 있으면 항상 정답을 보장해서	FALSE	힙을 전혀 쓰지 않아 항상 O(1)이라서	FALSE	FIFO 큐는 최단거리 문제에 원천적으로 불가능해서	FALSE	dsa	queue	graph	complexity
Q116	멀티스택 프레임 메모리(Local vs Heap)		Computer Science - 메모리와 하드웨어 구조	67	CHOICE	HARD	재귀에서 지역 변수(large local array)를 크게 잡을 때 스택 오버플로우 위험이 커지는 이유로 가장 올바른 것은?	지역 변수는 일반적으로 스택 프레임에 저장됩니다. 재귀 깊이가 깊어질수록 스택 프레임이 누적되며, 큰 지역 배열을 포함하면 프레임 크기도 커져 더 빨리 스택 한도를 초과할 수 있습니다. 면접에서는 “왜 힙이 아니라 스택이 터지는가”를 설명하게 합니다. 실무에서는 큰 버퍼는 힙 할당으로 옮기거나, 재귀 대신 반복으로 바꾸는 방식으로 완화합니다. 또한 언어/런타임의 기본 스택 크기 제한을 알아두면 디버깅에 도움이 됩니다.		재귀 깊이마다 큰 스택 프레임이 누적되어 한도를 빨리 초과해서	TRUE	지역 변수는 모두 힙에만 저장되어서	FALSE	큐가 스택을 대신해서	FALSE	힙 정렬이 재귀를 늘려서	FALSE	dsa	stack	memory	cs
Q117	힙에서 decrease-key 대체(Lazy Insert)		Data Structure & Algorithm - 비선형 구조	41	CHOICE	HARD	decrease-key를 지원하지 않는 PQ에서 lazy 삽입을 사용할 때, “정확성”을 지키기 위한 필수 체크로 가장 올바른 것은?	lazy 삽입은 더 좋은 우선순위를 발견할 때 새로운 엔트리를 추가하고, 오래된 엔트리는 나중에 무시하는 방식입니다. 이때 꺼낸 엔트리가 최신인지 확인해야 하며, 보통 dist 배열 값과 PQ 엔트리의 키를 비교해 다르면 skip합니다. 이 체크가 없으면 오래된(더 나쁜) 경로로 relax가 진행되어 불필요 작업이 늘거나, 구현에 따라 정답성도 깨질 수 있습니다. 면접에서는 “왜 skip 조건이 필요하냐”를 명확히 설명해야 합니다. 실무에서는 중복 엔트리로 메모리/시간이 늘 수 있으니 모니터링 포인트가 됩니다.		pop한 키가 현재 dist와 일치하는지 비교 후 아니면 skip	TRUE	pop한 엔트리는 무조건 정답으로 확정	FALSE	큐가 비면 종료하면 항상 정답	FALSE	스택으로 바꾸면 skip이 필요 없다	FALSE	dsa	heap	dijkstra	implementation
Q118	힙 기반 바운딩(Branch and Bound with PQ)		Data Structure & Algorithm - 기타 알고리즘	44	CHOICE	HARD	분기 한정(Branch and Bound)에서 우선순위 큐를 사용할 때의 일반적인 목적 설명으로 가장 알맞은 것은?	Branch and Bound는 탐색 공간을 줄이기 위해 “좋아 보이는 후보”를 먼저 확장하고, 상한/하한으로 가지치기를 합니다. 우선순위 큐는 현재 가장 유망한 노드를 우선 확장하도록 도와 탐색 효율을 높입니다(best-first 전략). 면접에서는 BFS/DFS와 대비해 왜 PQ가 필요한지 묻습니다. 실무에서는 조합 최적화(스케줄링, 경로, 배낭 변형)에서 아이디어 수준으로 쓰이기도 합니다. 핵심은 “유망도 기준으로 확장 순서를 제어”한다는 점입니다.		유망한 후보를 먼저 확장하는 best-first 탐색을 위해	TRUE	FIFO 순서를 유지하기 위해	FALSE	LIFO 순서를 유지하기 위해	FALSE	모든 후보를 정렬해 한 번에 끝내기 위해	FALSE	dsa	heap	priorityqueue	algorithm
Q119	큐 기반 레이트 리밋(Token Bucket)		Data Structure & Algorithm - 선형 구조	40	CHOICE	HARD	토큰 버킷(Token Bucket) 레이트 리밋을 “요청 타임스탬프 큐”로 구현할 때 올바른 처리 흐름으로 가장 알맞은 것은?	요청 시간을 큐에 저장하는 방식은 슬라이딩 윈도우 레이트 리밋과 유사합니다. 새 요청이 오면 현재 시각 기준 윈도우 밖(너무 오래된) 타임스탬프를 front에서 제거하고, 남아 있는 개수가 한도보다 적으면 현재 시각을 enqueue하며 허용합니다. 면접에서는 “만료 제거가 왜 front에서 가능한가”를 FIFO 성질로 설명하게 합니다. 실무에서는 정확성(시간 단위)과 메모리(요청 수)에 트레이드오프가 있습니다. 토큰 버킷 자체와는 구현 스타일이 다를 수 있지만, 큐 기반 구현의 핵심 흐름은 만료 제거 후 카운트 판단입니다.		만료된 타임스탬프를 front에서 제거 후 개수로 허용 여부 판단	TRUE	요청이 오면 무조건 큐에 넣고 나중에 판단	FALSE	스택에 넣으면 자연스럽게 만료가 제거된다	FALSE	힙에 넣으면 O(1)로 만료 제거가 된다	FALSE	dsa	queue	system	algorithm
Q120	힙 기반 스냅샷 일관성(Snapshot Consistency)		Data Structure & Algorithm - 비선형 구조	41	CHOICE	HARD	우선순위 큐에 대해 “일관된 스냅샷(모든 원소를 정렬된 순서로 한번에 읽기)”이 필요할 때 힙만으로 불리한 이유로 가장 알맞은 것은?	힙은 top만 정렬 기준을 보장하고, 전체를 정렬된 순서로 순회하려면 pop을 반복해야 합니다. 이는 구조를 파괴하거나(원본을 유지하려면 복사 필요) O(N log N) 비용이 듭니다. 면접에서는 “힙을 정렬된 컨테이너로 오해하지 말라”는 메시지로 출제됩니다. 실무에서는 스냅샷이 필요하면 정렬된 트리 구조나 정렬된 배열을 별도로 유지하는 전략을 씁니다. 힙은 스트리밍 top-k에는 강하지만, 전체 정렬/스냅샷에는 적합하지 않습니다.		전체 정렬 순회는 pop 반복이 필요해 파괴적이거나 O(N log N) 비용이 든다	TRUE	힙은 원소를 저장할 수 없기 때문이다	FALSE	힙은 항상 FIFO로만 순회되기 때문이다	FALSE	힙은 스택처럼만 동작하기 때문이다	FALSE	dsa	heap	concept	performance
Q121	스택(Stack)		Data Structure & Algorithm - 선형 구조	40	OX	EASY	스택은 가장 마지막에 들어간 데이터가 가장 먼저 나오는 LIFO 구조이다.	스택(Stack)은 Last In First Out 구조로, push로 넣고 pop으로 꺼내며 마지막에 넣은 것이 먼저 나옵니다. 면접에서는 스택의 대표 활용(함수 호출 스택, 되돌리기, 괄호 검사)을 함께 묻는 경우가 많습니다. 실무에서는 브라우저 뒤로가기, 편집기 undo 같은 기능이 스택 모델과 잘 맞습니다. 단, 스택이라고 해서 항상 배열로만 구현되는 것은 아니고 연결 리스트로도 구현할 수 있습니다. 핵심은 “접근/삭제가 한쪽 끝(top)에서만 일어난다”는 제약입니다.		O	TRUE	X	FALSE					dsa	stack	linear	
Q122	큐(Queue)		Data Structure & Algorithm - 선형 구조	40	OX	EASY	큐는 가장 먼저 들어간 데이터가 가장 먼저 나오는 FIFO 구조이다.	큐(Queue)는 First In First Out 구조로, enqueue로 뒤에 넣고 dequeue로 앞에서 꺼냅니다. 면접에서는 큐의 대표 활용(BFS, 작업 대기열, 버퍼링)을 연결해 설명하는 문제가 많습니다. 실무에서는 메시지 큐, 프린터 대기열, 요청 처리 파이프라인 등에 널리 쓰입니다. 구현은 배열/원형 큐/연결 리스트 등 여러 방식이 가능하지만, 핵심 성질은 “먼저 온 것이 먼저 처리된다”입니다. FIFO가 깨지면 큐로서의 의미가 달라지므로 인터페이스 설계가 중요합니다.		O	TRUE	X	FALSE					dsa	queue	linear	
Q123	힙(Heap)		Data Structure & Algorithm - 비선형 구조	41	OX	EASY	최소 힙에서 루트 노드는 항상 전체 원소 중 최솟값이다.	최소 힙(Min Heap)은 부모가 자식보다 작거나 같은 조건을 만족하는 완전 이진 트리 기반 구조입니다. 이 조건 때문에 루트는 전체에서 최솟값이 됩니다. 면접에서는 이 성질을 바탕으로 우선순위 큐 구현을 설명하게 합니다. 실무에서는 “가장 작은 작업부터 처리” 같은 스케줄링에서 유용합니다. 다만 힙이 전체 정렬을 보장하는 것은 아니어서, 루트 외의 위치에서 임의 값 검색이 빠르지 않다는 점을 함께 기억해야 합니다.		O	TRUE	X	FALSE					dsa	heap	priorityqueue	
Q124	스택 연산(Push Pop)		Data Structure & Algorithm - 선형 구조	40	OX	EASY	스택에서 pop은 항상 가장 최근에 push된 원소를 제거하고 반환한다.	스택의 pop은 top에서 원소를 제거하며, 가장 마지막에 push된 원소가 반환되는 것이 LIFO의 정의입니다. 면접에서는 empty 스택에서 pop을 호출했을 때의 예외 처리까지 묻기도 합니다. 실무에서는 스택 언더플로우를 방지하기 위해 isEmpty 체크를 선행하거나 예외를 처리합니다. 또한 배열 기반 스택은 top 인덱스를 관리하고, 연결 리스트 기반은 head 노드를 top으로 사용하는 식으로 구현 차이가 있습니다. 핵심은 “pop이 중간 요소를 뽑지 않는다”는 점입니다.		O	TRUE	X	FALSE					dsa	stack	operation	
Q125	큐 연산(Enqueue Dequeue)		Data Structure & Algorithm - 선형 구조	40	OX	EASY	큐에서 dequeue는 가장 먼저 enqueue된 원소를 제거하고 반환한다.	큐의 dequeue는 front에서 원소를 제거하며, 가장 먼저 들어온 원소가 먼저 나오는 FIFO 성질을 유지합니다. 면접에서는 배열 구현 시 dequeue가 O(N)이 될 수 있다는 점(shift 발생)과 이를 원형 큐로 해결한다는 흐름이 자주 나옵니다. 실무에서는 성능을 위해 head 포인터를 이동시키거나 원형 버퍼를 쓰는 방식이 일반적입니다. 또한 빈 큐에서 dequeue 처리(예외/특정 값 반환)를 명확히 정의해야 버그가 줄어듭니다. 핵심은 “삭제 위치는 항상 앞쪽”입니다.		O	TRUE	X	FALSE					dsa	queue	operation	
Q126	스택 활용(Undo)		Data Structure & Algorithm - 선형 구조	40	OX	EASY	편집기의 Undo 기능은 스택 구조로 구현하기에 적합하다.	Undo는 “마지막 작업을 먼저 되돌린다”는 특성이 있어 LIFO인 스택과 잘 맞습니다. 면접에서는 Undo/Redo를 함께 묻고, Redo는 보조 스택을 두는 방식으로 설명하는 경우가 많습니다. 실무에서는 작업을 명령 객체로 저장하거나, 변경 diff를 저장하는 방식으로 메모리를 관리합니다. 또한 Undo 히스토리의 크기 제한 정책이 필요할 수 있습니다. 핵심은 “최근 상태부터 역순으로 복원”이라는 점입니다.		O	TRUE	X	FALSE					dsa	stack	usecase	
Q127	큐 활용(BFS)		Data Structure & Algorithm - 탐색 알고리즘	42	OX	EASY	BFS는 큐를 사용해 가까운(레벨 순서) 노드부터 탐색한다.	BFS는 시작점에서 가까운 정점부터 차례로 방문하는 탐색 방식이며, 이를 위해 큐를 사용합니다. 면접에서는 BFS가 가중치 없는 그래프에서 최단거리를 보장한다는 설명으로 확장되곤 합니다. 실무에서는 미로 탐색, 최단 이동 횟수 계산, 네트워크 레벨 탐색 등에 활용됩니다. 큐를 쓰지 않고 스택을 쓰면 DFS가 되어 탐색 순서가 완전히 달라집니다. 핵심은 “선입선출로 레벨을 유지”하는 것입니다.		O	TRUE	X	FALSE					dsa	queue	bfs	
Q128	힙 활용(Priority Queue)		Data Structure & Algorithm - 비선형 구조	41	OX	EASY	우선순위 큐는 보통 힙 자료구조로 구현된다.	우선순위 큐는 “가장 우선순위가 높은 원소”를 빠르게 꺼내는 구조이며, 가장 흔한 구현이 이진 힙입니다. 면접에서는 삽입/삭제가 O(log N)이고 top 조회가 O(1)이라는 특성을 묻습니다. 실무에서는 작업 스케줄러, 이벤트 시뮬레이션, 다익스트라 같은 알고리즘에서 널리 사용됩니다. 물론 균형 BST로도 구현 가능하지만, 일반적으로 힙이 간단하고 빠른 경우가 많습니다. 핵심은 “정렬이 아니라 top 관리”에 최적화되었다는 점입니다.		O	TRUE	X	FALSE					dsa	heap	priorityqueue	
Q129	원형 큐(Circular Queue)		Data Structure & Algorithm - 선형 구조	40	OX	EASY	배열 기반 큐에서 원형 큐를 쓰면 front 이동이 가능해져 불필요한 shift 비용을 줄일 수 있다.	배열로 큐를 단순 구현하면 dequeue 때마다 앞 요소를 당기는 shift가 필요해 O(N) 비용이 발생할 수 있습니다. 원형 큐는 인덱스를 모듈러로 순환시키며 front와 rear를 이동시켜 이런 비용을 줄입니다. 면접에서는 empty/full 조건과 모듈러 계산을 자주 묻습니다. 실무에서는 네트워크 버퍼, 생산자-소비자 큐 같은 곳에서 원형 버퍼가 많이 쓰입니다. 구현 시 full/empty 구분을 위해 한 칸을 비우거나 count를 두는 전략이 중요합니다. 핵심은 “인덱스만 움직여 재사용”입니다.		O	TRUE	X	FALSE					dsa	queue	implementation	
Q130	힙 정렬(Heap Sort)		Data Structure & Algorithm - 정렬 알고리즘	43	OX	EASY	힙 정렬은 힙을 이용해 정렬하며 일반적으로 시간 복잡도는 O(N log N)이다.	힙 정렬은 배열을 힙으로 만든 뒤, 루트(최대 또는 최소)를 끝으로 보내며 heapify를 반복하는 방식입니다. 이 과정에서 각 추출이 O(log N)이고 N번 반복되어 O(N log N)입니다. 면접에서는 힙 정렬이 in-place 가능하지만 안정 정렬이 아니라는 점을 함께 묻기도 합니다. 실무에서는 추가 메모리를 거의 쓰지 않으면서 일정한 성능을 낸다는 장점이 있습니다. 다만 캐시 친화성이 떨어져 실제로는 퀵/팀소트가 더 빠른 경우도 많습니다. 핵심은 “힙 기반 반복 추출”입니다.		O	TRUE	X	FALSE					dsa	heap	sort	
Q131	스택 오버플로우(Stack Overflow)		Computer Science - 메모리와 하드웨어 구조	67	OX	EASY	재귀 호출이 너무 깊어지면 호출 스택이 넘쳐 스택 오버플로우가 발생할 수 있다.	재귀는 함수 호출이 누적되며 각 호출마다 스택 프레임이 쌓입니다. 깊이가 너무 깊으면 스택 메모리 한도를 초과해 스택 오버플로우가 발생할 수 있습니다. 면접에서는 재귀 DFS에서 반복(스택) 구현으로 바꾸는 이유로 자주 등장합니다. 실무에서는 입력 크기가 큰 경우 반복 구현, 꼬리 재귀 최적화 여부 확인, 스택 크기 조절 같은 대응이 있습니다. 또한 큰 지역 변수를 스택에 두면 더 빨리 한도에 도달할 수 있습니다. 핵심은 “호출 프레임 누적”입니다.		O	TRUE	X	FALSE					dsa	stack	memory	
Q132	힙 vs 메모리 힙(Heap vs Heap Memory)		Data Structure & Algorithm - 비선형 구조	41	OX	EASY	자료구조 힙(Heap)과 메모리 힙(Heap Memory)은 같은 개념이다.	이름이 같아 혼동하지만 완전히 다른 개념입니다. 자료구조 힙은 우선순위 큐를 구현하는 완전 이진 트리 기반 구조이고, 메모리 힙은 동적 할당되는 메모리 영역을 의미합니다. 면접에서는 이 차이를 말로 정확히 구분해 설명할 수 있는지 자주 확인합니다. 실무에서도 “힙이 느려요” 같은 표현이 문맥에 따라 전혀 다른 의미가 될 수 있어 주의해야 합니다. 용어가 같아도 대상(자료구조 vs 메모리 모델)이 다르다는 점이 핵심입니다.		O	FALSE	X	TRUE					dsa	heap	cs	
Q133	큐 underflow(Empty Queue)		Data Structure & Algorithm - 선형 구조	40	OX	EASY	빈 큐에서 dequeue를 수행하면 일반적으로 underflow(오류/예외)가 발생할 수 있다.	큐가 비어 있을 때 dequeue를 하면 꺼낼 값이 없으므로 언더플로우 상황이 됩니다. 언어/라이브러리에 따라 예외를 던지거나, null/특정 값을 반환하거나, 실패 코드를 반환합니다. 면접에서는 이 예외 처리를 어떻게 설계할지 질문이 나올 수 있습니다. 실무에서는 멀티스레드 큐에서 empty 체크와 dequeue 사이에 경쟁 상태가 생길 수 있어, blocking queue나 원자적 연산을 고려합니다. 핵심은 “빈 상태에서의 제거는 정의가 필요”하다는 점입니다.		O	TRUE	X	FALSE					dsa	queue	operation	
Q134	힙 peek(Top Access)		Data Structure & Algorithm - 비선형 구조	41	OX	EASY	힙에서 최솟값 또는 최댓값은 보통 루트에서 O(1)로 조회할 수 있다.	힙은 루트에 극값을 두도록 구성되기 때문에 top 조회(peek)는 보통 O(1)입니다. 면접에서는 peek과 pop의 차이(조회 vs 제거)를 구분하는 문제가 자주 나옵니다. 실무에서는 스케줄러가 다음 작업을 확인만 하고 실제 실행은 나중에 하는 경우처럼 peek이 유용합니다. 단, 제거(pop)는 heapify가 필요해 O(log N)이라는 점도 같이 기억해야 합니다. 핵심은 “루트가 극값”이라는 구조적 특성입니다.		O	TRUE	X	FALSE					dsa	heap	operation	
Q135	스택과 큐 구현(Implementation)		Data Structure & Algorithm - 선형 구조	40	OX	EASY	스택과 큐는 배열로도, 연결 리스트로도 구현할 수 있다.	스택과 큐는 추상 자료구조(ADT)라서 구현 방식이 여러 가지입니다. 배열 기반은 캐시 친화적이고 간단하지만, 크기 제한/확장 비용을 고려해야 합니다. 연결 리스트 기반은 동적 크기에 유리하지만 포인터 오버헤드가 있습니다. 면접에서는 구현 선택 기준(성능, 메모리, 동시성)을 묻기도 합니다. 실무에서는 고정 크기 버퍼면 원형 배열이, 빈번한 확장이면 동적 배열/링크드 리스트가 쓰일 수 있습니다. 핵심은 “동작 규약은 같고 구현은 다양”입니다.		O	TRUE	X	FALSE					dsa	stack	queue	
Q136	힙 크기와 높이(Heap Height)		Data Structure & Algorithm - 비선형 구조	41	OX	EASY	이진 힙은 완전 이진 트리이므로 높이는 O(log N)이다.	이진 힙은 완전 이진 트리 형태를 유지하므로 노드 수 N에 대해 높이는 로그로 증가합니다. 이 높이가 삽입/삭제가 O(log N)이 되는 이유입니다. 면접에서는 완전 이진 트리와 포화 이진 트리를 혼동하지 않는지도 확인합니다. 실무에서는 N이 커져도 로그 증가라서 우선순위 큐로 안정적인 성능을 기대할 수 있습니다. 다만 상수항은 구현(배열/포인터)과 캐시 특성에 영향을 받습니다. 핵심은 “완전 이진 트리 → 로그 높이”입니다.		O	TRUE	X	FALSE					dsa	heap	complexity	
Q137	스택과 DFS(DFS with Stack)		Data Structure & Algorithm - 탐색 알고리즘	42	OX	EASY	DFS는 재귀 대신 명시적 스택을 사용해 구현할 수 있다.	DFS는 호출 스택(재귀)으로 구현할 수도 있고, 직접 스택 자료구조를 써서 반복으로 구현할 수도 있습니다. 면접에서는 재귀 DFS가 내부적으로 스택을 쓴다는 점과 반복 DFS의 장점을 비교하게 합니다. 실무에서는 입력 크기가 커서 재귀 깊이가 위험할 때 반복 DFS가 안전한 대안입니다. 또한 스택에 (노드, 상태) 형태로 저장하면 더 복잡한 탐색도 제어할 수 있습니다. 핵심은 “DFS는 스택 기반”이라는 점입니다.		O	TRUE	X	FALSE					dsa	stack	dfs	
Q138	큐와 작업 대기열(Work Queue)		Data Structure & Algorithm - 선형 구조	40	OX	EASY	서버의 작업 대기열(요청 처리) 모델은 큐로 설명하기에 적합한 경우가 많다.	요청이 들어온 순서대로 처리하거나, 버퍼링을 통해 처리량을 안정화하는 상황에서 큐 모델이 잘 맞습니다. 면접에서는 큐가 단순 자료구조를 넘어 시스템 설계에서 어떤 의미를 갖는지 묻기도 합니다. 실무에서는 메시지 큐, 이벤트 큐, 비동기 작업 큐 등이 대표적입니다. 다만 항상 FIFO만 쓰는 것은 아니고, 우선순위 큐로 바꾸면 정책이 달라집니다. 핵심은 “대기열로서의 큐” 개념입니다.		O	TRUE	X	FALSE					dsa	queue	system	
Q139	힙과 Top K(Top K with Heap)		Data Structure & Algorithm - 비선형 구조	41	OX	EASY	가장 큰 K개를 유지하려면 보통 크기 K의 최소 힙을 사용해 관리할 수 있다.	가장 큰 K개를 유지할 때는 최소 힙을 크기 K로 유지하며, 힙의 루트가 “현재 K개 중 가장 작은 값(컷오프)”이 되게 합니다. 새 값이 루트보다 크면 교체해 K개 후보를 유지할 수 있습니다. 면접에서는 왜 최대 힙이 아니라 최소 힙인지(컷오프 비교가 쉬움)를 설명하게 합니다. 실무에서는 로그에서 Top K 지표를 실시간으로 구할 때 많이 씁니다. K가 작을수록 메모리/시간이 효율적이며 O(N log K)로 처리할 수 있습니다.		O	TRUE	X	FALSE					dsa	heap	topk	
Q140	스택과 큐 차이(Stack vs Queue)		Data Structure & Algorithm - 선형 구조	40	OX	EASY	스택과 큐는 모두 선형 자료구조지만, 데이터가 제거되는 위치가 서로 다르다.	둘 다 선형 구조이지만 스택은 한쪽 끝(top)에서만 삽입/삭제가 일어나고, 큐는 뒤에서 삽입하고 앞에서 삭제합니다. 면접에서는 이 차이가 어떤 알고리즘에 영향을 주는지(DFS vs BFS)까지 연결 질문이 나옵니다. 실무에서는 같은 “리스트”처럼 보이더라도 접근 패턴이 달라 성능과 동작이 크게 달라집니다. 또한 덱(Deque)은 양쪽 끝에서 삽입/삭제가 가능해 스택/큐를 모두 흉내 낼 수 있습니다. 핵심은 “제거 위치의 차이”가 곧 동작의 차이를 만든다는 점입니다.		O	TRUE	X	FALSE					dsa	stack	queue	
Q141	덱(Deque)		Data Structure & Algorithm - 선형 구조	40	OX	EASY	덱(Deque)은 양쪽 끝에서 삽입과 삭제가 가능한 자료구조이다.	덱(Deque)은 double-ended queue의 약자로, 앞과 뒤 양쪽에서 enqueue와 dequeue가 가능한 구조입니다. 면접에서는 덱이 스택과 큐를 모두 흉내 낼 수 있다는 점을 자주 묻습니다. 실무에서는 슬라이딩 윈도우 최대값처럼 양끝에서 원소를 관리해야 하는 알고리즘에 많이 사용됩니다. 또한 BFS 변형(0-1 BFS)에서 앞/뒤 삽입을 다르게 써서 우선순위를 표현할 수도 있습니다. 핵심은 “양쪽 끝 연산이 가능”하다는 점입니다.		O	TRUE	X	FALSE					dsa	queue	deque	
Q142	스택 Peek(Top 조회)		Data Structure & Algorithm - 선형 구조	40	OX	EASY	스택에서 peek(또는 top)는 원소를 제거하지 않고 최상단 값을 확인하는 연산이다.	peek/top은 스택의 top 원소를 “조회만” 하고 제거하지 않는 연산입니다. 면접에서는 pop과의 차이를 정확히 구분하는지 자주 확인합니다. 실무에서는 빈 스택에서 peek을 호출하면 예외가 날 수 있으므로 empty 체크가 중요합니다. 또한 동시성 환경에서는 peek과 pop 사이에 상태가 바뀔 수 있어 원자적 연산이 필요할 수 있습니다. 핵심은 “조회와 제거는 다르다”는 점입니다.		O	TRUE	X	FALSE					dsa	stack	operation	
Q143	큐 Front/Rear		Data Structure & Algorithm - 선형 구조	40	OX	EASY	큐에서 front는 제거(dequeue)가 일어나는 쪽을 의미한다.	큐는 보통 rear에 삽입(enqueue)하고 front에서 제거(dequeue)합니다. 면접에서는 front/rear 개념과 원형 큐에서 인덱스가 어떻게 움직이는지로 이어지는 질문이 많습니다. 실무에서는 front 포인터를 이동시켜 O(1)로 dequeue를 구현하는 경우가 일반적입니다. 또한 front와 rear가 같을 때 empty인지 full인지 구분 규칙이 필요합니다. 핵심은 “front는 빠지는 쪽”입니다.		O	TRUE	X	FALSE					dsa	queue	concept	
Q144	우선순위 큐(Priority Queue)		Data Structure & Algorithm - 비선형 구조	41	OX	EASY	우선순위 큐는 입력된 순서가 아니라 우선순위에 따라 원소가 먼저 제거될 수 있다.	우선순위 큐는 FIFO가 아니라 우선순위가 높은(또는 낮은) 원소를 먼저 꺼냅니다. 면접에서는 “우선순위 큐가 큐인데 왜 FIFO가 아니냐”는 식으로 개념을 체크합니다. 실무에서는 스케줄링, 이벤트 처리, 최단거리 알고리즘 등에서 우선순위 기반 처리가 필요할 때 사용됩니다. 구현은 힙이 가장 흔하지만 요구사항에 따라 다른 구조도 가능합니다. 핵심은 “정책이 FIFO가 아니라 우선순위”라는 점입니다.		O	TRUE	X	FALSE					dsa	heap	priorityqueue	
Q145	힙 Insert 복잡도		Data Structure & Algorithm - 비선형 구조	41	OX	EASY	이진 힙에서 삽입(insert)은 보통 O(log N) 시간이 걸린다.	힙 삽입은 끝에 원소를 추가한 뒤 heapify up(위로 올리기)로 힙 속성을 복구합니다. 트리 높이가 O(log N)이므로 삽입도 O(log N)입니다. 면접에서는 “완전 이진 트리라서 높이가 로그”라는 근거를 함께 말할 수 있어야 합니다. 실무에서는 삽입이 잦은 워크로드에서 힙이 안정적인 성능을 제공합니다. 단, top 조회는 O(1)이라 삽입/삭제와 구분해야 합니다.		O	TRUE	X	FALSE					dsa	heap	complexity	
Q146	힙 Delete 복잡도		Data Structure & Algorithm - 비선형 구조	41	OX	EASY	이진 힙에서 최솟값/최댓값 삭제(pop)는 보통 O(log N) 시간이 걸린다.	힙에서 pop은 루트를 제거하고 마지막 원소를 루트로 올린 뒤 heapify down(아래로 내리기)로 복구합니다. 이 과정이 트리 높이만큼 진행되어 O(log N)입니다. 면접에서는 “왜 루트를 지우고 마지막을 올리나”라는 구현 이유를 물을 수 있습니다. 실무에서는 pop이 잦은 스케줄러나 이벤트 처리에서 이 성능 특성이 중요합니다. 핵심은 “복구 단계가 로그”라는 점입니다.		O	TRUE	X	FALSE					dsa	heap	operation	
Q147	큐와 버퍼(Buffering)		Data Structure & Algorithm - 선형 구조	40	OX	EASY	생산자-소비자 모델에서 큐는 생산과 소비 속도 차이를 완충하는 버퍼 역할을 할 수 있다.	생산자-소비자 패턴에서 생산 속도가 순간적으로 빨라질 때 큐가 버퍼가 되어 소비자가 따라올 시간을 줍니다. 면접에서는 이 개념이 백프레셔(backpressure)와 어떻게 연결되는지 묻기도 합니다. 실무에서는 메시지 브로커, 비동기 작업 큐, 로그 수집 파이프라인에서 매우 흔합니다. 다만 큐가 무한정 커지면 지연과 메모리 문제가 생기므로 제한/드롭/스케일링 정책이 필요합니다. 핵심은 “완충과 평준화”입니다.		O	TRUE	X	FALSE					dsa	queue	system	
Q148	스택과 괄호 검사		Data Structure & Algorithm - 선형 구조	40	OX	EASY	괄호 문자열의 올바름 검사는 스택을 사용해 효율적으로 구현할 수 있다.	괄호 검사는 가장 최근에 열린 괄호가 먼저 닫혀야 하는 LIFO 규칙을 가지므로 스택이 적합합니다. 여는 괄호를 push하고 닫는 괄호를 만나면 top과 매칭되는지 확인하며 pop합니다. 면접에서는 스택이 비어 있는데 닫는 괄호가 나오는 경우와, 마지막에 스택이 남는 경우를 놓치지 않는지 봅니다. 실무에서는 템플릿, 수식, 파서 전처리 등에서 유사 검증이 자주 필요합니다. 핵심은 “최근 것부터 매칭”입니다.		O	TRUE	X	FALSE					dsa	stack	usecase	
Q149	큐와 멀티소스 BFS		Data Structure & Algorithm - 탐색 알고리즘	42	OX	EASY	멀티소스 BFS는 여러 시작점을 큐에 동시에 넣고 BFS를 시작하는 방식으로 구현할 수 있다.	멀티소스 BFS는 여러 시작점에서 동시에 퍼져나가는 상황(최단 거리, 감염 확산 등)을 모델링합니다. 구현은 시작점들을 모두 거리 0으로 설정하고 큐에 넣은 뒤 BFS를 수행하면 됩니다. 면접에서는 왜 이렇게 해도 최단거리가 유지되는지(레벨 순서)를 설명하게 합니다. 실무에서는 가장 가까운 시설 찾기, 지도 거리 계산, 확산 시뮬레이션 등에 자주 쓰입니다. 핵심은 “여러 출발점을 같은 레벨로 시작”입니다.		O	TRUE	X	FALSE					dsa	queue	bfs	
Q150	힙의 완전 이진 트리		Data Structure & Algorithm - 비선형 구조	41	OX	EASY	이진 힙은 보통 완전 이진 트리 형태를 유지한다.	이진 힙은 완전 이진 트리 구조를 유지해 배열로 표현하기 쉽습니다. 이 성질 덕분에 부모/자식 인덱스 계산이 가능하고, 높이가 O(log N)으로 제한됩니다. 면접에서는 완전 이진 트리의 정의(왼쪽부터 채움)와 힙 정렬/우선순위 큐 구현으로 연결 질문이 나옵니다. 실무에서도 배열 기반 구현이 가장 흔해 라이브러리 내부 구조를 이해하는 데 도움이 됩니다. 핵심은 “모양(Shape)을 유지”한다는 점입니다.		O	TRUE	X	FALSE					dsa	heap	concept	
Q151	스택과 함수 호출(Call Stack)		Data Structure & Algorithm - 선형 구조	40	OX	EASY	프로그램 실행 중 함수 호출 정보는 일반적으로 호출 스택(Call Stack)에 쌓인다.	함수 호출 시 리턴 주소, 지역 변수, 매개변수 등이 스택 프레임 형태로 쌓이며 이를 호출 스택이라 부릅니다. 면접에서는 이 개념을 바탕으로 재귀가 왜 스택을 많이 쓰는지, 스택 오버플로우가 왜 생기는지 설명하게 합니다. 실무에서는 디버거로 call stack을 보고 에러 위치를 추적하는 일이 많습니다. 단, 언어/런타임에 따라 최적화(TCO) 등으로 호출 스택 형태가 달라질 수 있습니다. 핵심은 “호출 흐름이 스택으로 관리”된다는 점입니다.		O	TRUE	X	FALSE					dsa	stack	runtime	
Q152	큐와 프린터 대기열		Data Structure & Algorithm - 선형 구조	40	OX	EASY	프린터 대기열은 큐(FIFO)로 모델링하기에 적합한 예시이다.	프린터 대기열은 먼저 들어온 문서가 먼저 출력되는 모델이 일반적이라 큐로 설명하기 좋습니다. 면접에서는 FIFO의 직관적 예시로 자주 등장합니다. 실무에서는 다만 우선순위 인쇄(긴급 문서) 같은 정책이 들어가면 우선순위 큐가 더 적합해질 수 있습니다. 따라서 “기본은 FIFO, 정책이 붙으면 변형”이라는 관점이 중요합니다. 큐는 시스템에서 대기열을 표현하는 가장 기본 도구입니다.		O	TRUE	X	FALSE					dsa	queue	usecase	
Q153	힙과 정렬 여부		Data Structure & Algorithm - 비선형 구조	41	OX	EASY	힙은 내부 원소가 완전히 정렬되어 있어 중간 값을 바로 이진 탐색할 수 있다.	힙은 루트가 극값이라는 점만 보장하고, 전체가 정렬된 구조가 아닙니다. 따라서 임의 값 검색이나 이진 탐색을 기대하면 안 됩니다. 면접에서는 힙을 BST/정렬 배열과 혼동하는 실수를 잡아내기 위해 자주 이런 문항이 나옵니다. 실무에서도 “힙이면 정렬돼 있겠지”라는 오해가 버그로 이어질 수 있습니다. 정렬이 필요하면 정렬 배열/트리, top만 필요하면 힙이라는 역할 분담을 명확히 해야 합니다.		O	FALSE	X	TRUE					dsa	heap	concept	
Q154	스택 기반 수식 평가		Data Structure & Algorithm - 선형 구조	40	OX	EASY	후위 표기식(postfix) 수식 평가는 스택을 사용해 구현하는 것이 일반적이다.	후위 표기식은 피연산자를 쌓아두었다가 연산자를 만나면 두 값을 pop해 계산하는 구조라 스택이 자연스럽습니다. 면접에서는 특히 뺄셈/나눗셈에서 pop 순서를 틀리지 않는지 확인합니다. 실무에서는 간단한 수식 계산기, 파서, 컴파일러 전처리 등에서 응용됩니다. 또한 중위→후위 변환(Shunting-yard)에도 스택이 활용됩니다. 핵심은 “피연산자 누적 후 연산자 처리”입니다.		O	TRUE	X	FALSE					dsa	stack	expression	
Q155	큐의 크기 관리(Size)		Data Structure & Algorithm - 선형 구조	40	OX	EASY	원형 큐 구현에서는 empty와 full을 구분하기 위해 count를 두거나 한 칸을 비워두는 전략을 쓸 수 있다.	원형 큐에서 front와 rear 인덱스만으로는 empty와 full 상태가 동일하게 보일 수 있습니다. 이를 해결하기 위해 원소 개수(count)를 따로 유지하거나, 항상 한 칸을 비워 full 조건을 구분하는 전략을 씁니다. 면접에서는 이 포인트가 원형 큐 구현의 핵심으로 자주 출제됩니다. 실무에서는 버퍼 오버런/언더런을 막기 위해 상태 정의를 명확히 해야 합니다. 구현 실수는 데이터 손상으로 이어질 수 있어 테스트가 중요합니다. 핵심은 “상태 구분 규칙”입니다.		O	TRUE	X	FALSE					dsa	queue	implementation	
Q156	힙과 우선순위		Data Structure & Algorithm - 비선형 구조	41	OX	EASY	최소 힙(min heap)은 가장 작은 우선순위(또는 가장 작은 값)를 먼저 꺼내는 우선순위 큐로 사용할 수 있다.	최소 힙은 루트가 최소값이므로, pop하면 가장 작은 값이 먼저 나옵니다. 면접에서는 “우선순위가 숫자가 작을수록 높다” 같은 정책과 연결해 설명을 요구할 수 있습니다. 실무에서는 작업의 마감 시간, 비용, 거리 같은 값이 작을수록 먼저 처리해야 하는 경우에 적합합니다. 반대로 가장 큰 값을 먼저 처리하려면 최대 힙을 쓰거나 비교자를 뒤집습니다. 핵심은 “극값을 먼저 꺼내는 큐”입니다.		O	TRUE	X	FALSE					dsa	heap	priorityqueue	
Q157	스택과 문자열 뒤집기		Data Structure & Algorithm - 선형 구조	40	OX	EASY	문자열을 뒤집는 단순한 방법 중 하나는 문자를 스택에 넣었다가 pop하는 것이다.	스택에 문자를 순서대로 push하면, pop할 때 역순으로 나오기 때문에 문자열 뒤집기에 사용할 수 있습니다. 면접에서는 LIFO 성질을 직관적으로 설명하는 예시로 종종 등장합니다. 실무에서는 실제로는 빌더/StringBuilder reverse 같은 내장 기능이 더 효율적인 경우가 많지만, 자료구조 이해를 보여주는 예시로 좋습니다. 또한 제한된 메모리/스트리밍 환경에서는 다른 접근이 필요할 수 있습니다. 핵심은 “push 후 pop하면 역순”입니다.		O	TRUE	X	FALSE					dsa	stack	usecase	
Q158	큐와 라운드 로빈		Data Structure & Algorithm - 선형 구조	40	OX	EASY	라운드 로빈 스케줄링은 큐를 사용해 작업을 순환시키는 방식으로 설명할 수 있다.	라운드 로빈은 큐에서 작업을 꺼내 일정 시간만 실행하고, 완료되지 않으면 다시 뒤에 넣는 방식입니다. 면접에서는 “왜 공정해 보이는지”와 “타임 슬라이스가 너무 작/크면 어떤 문제가 생기는지”로 확장됩니다. 실무에서는 OS 스케줄러 개념과 연결되며, 서버 워커 큐에서도 비슷한 로테이션 정책이 쓰일 수 있습니다. 큐를 순환시키는 모습이 핵심 직관입니다.		O	TRUE	X	FALSE					dsa	queue	scheduling	
Q159	힙과 최소/최대 선택		Data Structure & Algorithm - 비선형 구조	41	OX	EASY	최대 힙(max heap)은 루트에서 최댓값을 빠르게 꺼내는 데 적합하다.	최대 힙은 부모가 자식보다 크거나 같은 조건을 만족해 루트가 최댓값이 됩니다. 따라서 top 조회는 O(1), pop은 O(log N)로 최댓값을 반복 추출하는 작업에 적합합니다. 면접에서는 최대 힙으로 내림차순 정렬을 만드는 힙 정렬 개념으로 연결되곤 합니다. 실무에서는 상위 K개 유지, 최고 우선순위 작업 처리 등에 유용합니다. 최소/최대 중 무엇을 루트에 두는지만 다르고 구조 원리는 동일합니다. 핵심은 “루트가 최댓값”입니다.		O	TRUE	X	FALSE					dsa	heap	operation	
Q160	스택과 큐 선택 기준		Data Structure & Algorithm - 선형 구조	40	OX	EASY	DFS는 보통 스택 성질을, BFS는 보통 큐 성질을 이용한다.	DFS는 가장 깊은 곳을 먼저 탐색하는데, 이는 마지막에 방문 후보로 넣은 노드를 먼저 꺼내는 스택(LIFO) 성질과 맞습니다. BFS는 가까운 노드부터 탐색하므로 먼저 들어온 후보를 먼저 처리하는 큐(FIFO) 성질과 맞습니다. 면접에서는 이 차이를 설명하고, 어떤 문제에서 DFS/BFS를 선택할지까지 확장됩니다. 실무에서도 그래프/트리 탐색 시 순서에 따라 결과와 성능이 달라질 수 있습니다. 핵심은 “탐색 순서가 자료구조 선택을 결정”한다는 점입니다.		O	TRUE	X	FALSE					dsa	stack	queue	
Q161	단조 스택(Monotonic Stack)		Data Structure & Algorithm - 기타 알고리즘	44	OX	MEDIUM	단조 스택은 스택 내부 원소가 단조 증가 또는 단조 감소를 유지하도록 관리하는 기법이다.	단조 스택은 “넣을 때 조건을 깨는 원소를 미리 제거(pop)”해서 스택이 항상 증가(또는 감소) 상태를 유지하게 만드는 패턴입니다. 면접에서는 다음 큰 수, 주식 가격, 히스토그램 최대 직사각형처럼 O(N)으로 푸는 대표 문제들을 연결해 물어봅니다. 실무에서도 범위 내 최댓값/최솟값 경계 계산 같은 곳에 쓰여 성능 최적화에 도움이 됩니다. 단, 중복 값 처리에서 < 와 <= 선택이 결과를 바꿀 수 있어 주의해야 합니다. 핵심은 “각 원소가 최대 한 번 push/pop되어 선형 시간”이 된다는 점입니다.		O	TRUE	X	FALSE					dsa	stack	monotonic	
Q162	스택 오버플로우 대응(Iterative DFS)		Data Structure & Algorithm - 탐색 알고리즘	42	OX	MEDIUM	재귀 DFS에서 스택 오버플로우 위험이 있으면, 명시적 스택을 사용하는 반복 DFS로 바꾸는 것이 일반적인 해결책이다.	재귀 DFS는 호출 스택 깊이에 제한이 있어 입력이 크면 스택 오버플로우가 날 수 있습니다. 반복 DFS는 개발자가 직접 스택을 관리하므로 호출 스택 의존을 줄입니다. 면접에서는 “재귀=스택”이라는 원리를 이해하고 있는지 확인하는 질문이 나옵니다. 실무에서는 JVM/JS 같은 환경에서 재귀 제한이 비교적 낮을 수 있어 반복 구현이 더 안전한 경우가 많습니다. 다만 방문 순서가 재귀와 완전히 같지 않을 수 있어, 요구사항에 따라 push 순서를 조정해야 합니다.		O	TRUE	X	FALSE					dsa	stack	dfs	
Q163	원형 큐(Circular Queue) 포화 조건		Data Structure & Algorithm - 선형 구조	40	OX	MEDIUM	원형 큐에서 front와 rear 인덱스만으로는 empty와 full 상태가 구분되지 않을 수 있다.	원형 큐는 인덱스를 순환시키기 때문에 front==rear가 empty일 수도, full일 수도 있는 모호성이 생깁니다. 이를 해결하려고 count 변수를 두거나, 한 칸을 비워 full을 표현하는 전략을 씁니다. 면접에서는 포화 조건을 어떻게 정의했는지, 오프바이원(off-by-one) 버그를 어떻게 피하는지를 자주 묻습니다. 실무에서는 버퍼 오버런을 막기 위해 이 규칙이 매우 중요합니다. 테스트 케이스로 “가득 찼을 때/비었을 때”를 꼭 포함해야 합니다.		O	TRUE	X	FALSE					dsa	queue	implementation	
Q164	우선순위 큐 안정성(Stable Priority Queue)		Data Structure & Algorithm - 비선형 구조	41	OX	MEDIUM	일반적인 힙 기반 우선순위 큐는 동일 우선순위 원소의 입력 순서(안정성)를 보장하지 않는다.	힙은 “우선순위 비교”만으로 구조를 유지하므로, 동일 키에 대한 상대 순서를 유지해야 한다는 규칙이 없습니다. 따라서 같은 우선순위의 처리 순서가 바뀔 수 있습니다. 면접에서는 재현성, 이벤트 처리 순서, 테스트 안정성 관점으로 확장 질문이 나옵니다. 실무에서는 (priority, seq)처럼 보조 키를 붙여 안정성을 구현하는 경우가 많습니다. 안정성이 필요 없으면 힙은 충분히 좋은 선택이지만, 요구사항이 있으면 설계를 바꿔야 합니다.		O	TRUE	X	FALSE					dsa	heap	priorityqueue	
Q165	BFS 최단거리 조건		Data Structure & Algorithm - 탐색 알고리즘	42	OX	MEDIUM	BFS는 모든 간선 가중치가 동일(또는 1)인 그래프에서 최단거리(간선 수 기준)를 보장한다.	BFS는 레벨 순서대로 확장하기 때문에, “간선 수가 가장 적은 경로”를 먼저 찾게 됩니다. 그래서 무가중치 그래프(또는 모든 가중치가 동일)에서는 최단거리를 보장합니다. 면접에서는 가중치가 2 이상이 섞이면 왜 BFS가 실패하는지를 반례로 설명하게 합니다. 실무에서는 이동 비용이 모두 같을 때(격자 이동, 최소 이동 횟수) BFS가 매우 효과적입니다. 비용이 다르면 다익스트라/0-1 BFS 같은 대안을 써야 합니다.		O	TRUE	X	FALSE					dsa	queue	bfs	
Q166	0-1 BFS 자료구조		Data Structure & Algorithm - 탐색 알고리즘	42	OX	MEDIUM	간선 가중치가 0 또는 1만 존재할 때, 0-1 BFS는 덱(Deque)로 최단거리를 구할 수 있다.	0-1 BFS는 비용 0 이동은 덱의 앞에, 비용 1 이동은 덱의 뒤에 넣어 처리합니다. 이렇게 하면 pop되는 순서가 거리 증가 순서와 맞아 떨어져 다익스트라 없이도 최단거리 계산이 가능합니다. 면접에서는 이 기법이 언제만 유효한지(가중치가 0/1일 때만)를 꼭 짚습니다. 실무에서도 비용이 두 단계로만 나뉘는 문제에서 성능상 큰 이득이 있습니다. 조건이 깨지면 즉시 우선순위 큐 기반 다익스트라로 전환해야 합니다.		O	TRUE	X	FALSE					dsa	queue	deque	
Q167	두 힙 중간값(Online Median)		Data Structure & Algorithm - 비선형 구조	41	OX	MEDIUM	스트리밍 중간값 유지에서 두 힙 방식은 “작은 절반 최대 힙, 큰 절반 최소 힙”으로 나누어 관리한다.	온라인 중간값은 입력이 계속 들어와도 중간값을 빠르게 계산해야 합니다. 그래서 작은 절반은 최대 힙으로 가장 큰 값을, 큰 절반은 최소 힙으로 가장 작은 값을 빠르게 접근합니다. 면접에서는 두 힙의 크기 균형(차이 1 이내)까지 같이 말해야 합니다. 실무에서는 지표의 중앙값이 평균보다 이상치에 덜 민감해 모니터링에 유용합니다. 구현에서 재균형(rebalance) 타이밍이 틀리면 중간값이 깨질 수 있어 주의가 필요합니다.		O	TRUE	X	FALSE					dsa	heap	median	
Q168	힙에서 임의 값 탐색		Data Structure & Algorithm - 비선형 구조	41	OX	MEDIUM	힙에서 특정 값이 존재하는지 찾는 연산은 일반적으로 O(log N)으로 보장된다.	힙은 BST처럼 “왼쪽은 작고 오른쪽은 크다” 같은 전역 정렬 성질이 없습니다. 따라서 특정 값을 찾으려면 최악의 경우 모든 노드를 확인해야 하므로 O(N)이 될 수 있습니다. 면접에서는 힙의 역할이 검색 구조가 아니라 “최솟값/최댓값 추출”에 최적화되었다는 점을 강조합니다. 실무에서도 membership 테스트가 필요하면 해시셋/트리 구조를 함께 두는 설계가 흔합니다. 힙 단독으로 빠른 탐색을 기대하면 성능 문제가 생길 수 있습니다.		O	FALSE	X	TRUE					dsa	heap	concept	
Q169	Min Stack 보조 스택		Data Structure & Algorithm - 선형 구조	40	OX	MEDIUM	Min Stack은 현재 최소값을 O(1)에 얻기 위해 “보조 스택”을 함께 유지하는 방식으로 구현할 수 있다.	Min Stack은 push/pop과 동시에 현재 최소값을 빠르게 조회해야 합니다. 대표 구현은 값 스택과 최소값 스택을 따로 두고, push 시 현재 최소값을 함께 기록합니다. 면접에서는 중복 최소값 처리(같은 최소가 여러 번 들어올 때)를 어떻게 하는지 묻습니다. 실무에서는 알고리즘 문제뿐 아니라, 최소값을 즉시 알아야 하는 스트리밍 계산에서 응용될 수 있습니다. 구현이 단순하지만 상태 동기화가 중요하므로 pop 시 두 스택을 같이 갱신해야 합니다.		O	TRUE	X	FALSE					dsa	stack	implementation	
Q170	큐 2개로 스택 구현		Data Structure & Algorithm - 선형 구조	40	OX	MEDIUM	두 개의 큐를 사용하면 스택(LIFO)을 구현할 수 있다.	큐는 FIFO지만, 두 개의 큐를 번갈아 사용해 마지막에 들어온 원소를 먼저 나오게 만들 수 있습니다. 대표 방식은 push를 비싸게 만들거나(pop을 비싸게) 구현 전략이 두 가지로 나뉩니다. 면접에서는 “어떤 연산을 O(1)로 만들고 어떤 연산을 희생할지”를 묻는 경우가 많습니다. 실무에서는 이런 변환이 직접 쓰이기보다는, 자료구조 원리를 확인하는 용도로 출제됩니다. 구현 시 큐 이동 과정에서 원소 순서가 꼬이지 않게 주의해야 합니다.		O	TRUE	X	FALSE					dsa	queue	stack	
Q171	스택 2개로 큐 구현		Data Structure & Algorithm - 선형 구조	40	OX	MEDIUM	두 개의 스택을 사용하면 큐(FIFO)를 분할 상환 O(1)로 구현할 수 있다.	입력 스택(in)에는 enqueue를 하고, 출력 스택(out)에서 dequeue를 합니다. out이 비어 있을 때만 in의 원소를 모두 out으로 옮겨 순서를 뒤집습니다. 각 원소는 in에서 out으로 최대 한 번만 이동하므로 전체적으로 분할 상환 O(1)입니다. 면접에서는 왜 amortized가 되는지(각 원소 이동 횟수 제한)를 설명하게 합니다. 실무에서도 스트리밍 파이프라인에서 비슷한 “배치 이동” 최적화가 종종 등장합니다.		O	TRUE	X	FALSE					dsa	stack	queue	
Q172	힙의 비교자(Comparator)		Data Structure & Algorithm - 비선형 구조	41	OX	MEDIUM	최소 힙과 최대 힙의 차이는 주로 비교(Comparator) 기준을 어떻게 두느냐에 의해 결정된다.	힙의 구조 자체는 같고, 부모-자식의 우선 관계(부모가 더 작다/더 크다)를 어떻게 정의하느냐에 따라 min/max가 결정됩니다. 면접에서는 언어별 기본 PQ가 최소 힙인지 최대 힙인지도 자주 묻습니다. 실무에서는 우선순위가 “값”이 아니라 “(deadline, weight, id)” 같은 복합 키일 때 comparator 설계가 중요합니다. comparator를 잘못 만들면 정렬 기준이 뒤집히거나 일관성이 깨져 버그가 납니다. 따라서 비교 함수의 안정성과 오버플로우 위험까지 고려해야 합니다.		O	TRUE	X	FALSE					dsa	heap	implementation	
Q173	다익스트라와 우선순위 큐		Data Structure & Algorithm - 탐색 알고리즘	42	OX	MEDIUM	다익스트라 알고리즘은 일반적으로 최소 힙 기반 우선순위 큐를 사용해 성능을 개선한다.	다익스트라는 “가장 거리가 짧은 노드부터 확정”하는 전략이라, 매 단계에서 최소 거리 후보를 빠르게 꺼내야 합니다. 우선순위 큐(힙)를 쓰면 이 연산이 O(log N)으로 줄어 전체 성능이 좋아집니다. 면접에서는 음수 가중치가 있으면 다익스트라가 깨진다는 점까지 이어질 수 있습니다. 실무에서는 네비게이션, 네트워크 라우팅, 추천 경로 등에서 핵심 알고리즘입니다. 구현 시 decrease-key 미지원 환경에서는 lazy insertion과 dist 체크를 반드시 넣어야 합니다.		O	TRUE	X	FALSE					dsa	heap	graph	
Q174	힙 정렬 안정성		Data Structure & Algorithm - 정렬 알고리즘	43	OX	MEDIUM	힙 정렬(Heap Sort)은 안정 정렬(stable sort)이다.	힙 정렬은 원소를 힙으로 만들고 루트를 교환하며 정렬하는 과정에서 동일 키 원소의 상대 순서가 뒤바뀔 수 있습니다. 그래서 일반적으로 안정 정렬이 아닙니다. 면접에서는 안정 정렬의 정의와, 왜 힙 정렬이 안정적이지 않은지를 묻습니다. 실무에서는 레코드 정렬에서 안정성이 필요하면 팀소트/병합 정렬 계열이 더 적합합니다. 안정성이 불필요하고 추가 메모리를 줄이고 싶다면 힙 정렬도 후보가 됩니다.		O	FALSE	X	TRUE					dsa	heap	sort	
Q175	단조 큐(Monotonic Queue)		Data Structure & Algorithm - 기타 알고리즘	44	OX	MEDIUM	슬라이딩 윈도우 최대값 문제는 단조 덱(단조 큐)로 O(N)에 해결할 수 있다.	단조 덱은 덱 내부를 값 기준 단조 감소로 유지해 front가 항상 최댓값이 되게 합니다. 새 원소가 들어오면 뒤에서 자신보다 작은 값을 제거하고, 윈도우에서 벗어난 값은 앞에서 제거합니다. 각 원소는 최대 한 번 들어가고 한 번 나가므로 전체 O(N)입니다. 면접에서는 우선순위 큐로 풀면 왜 느릴 수 있는지(만료 제거, log 비용)까지 연결됩니다. 실무에서도 실시간 지표의 이동 최대/최소 계산에서 많이 쓰입니다.		O	TRUE	X	FALSE					dsa	queue	deque	
Q176	힙과 Top K 복잡도		Data Structure & Algorithm - 비선형 구조	41	OX	MEDIUM	크기 K의 최소 힙으로 Top K(가장 큰 K개)를 유지하면 전체 시간은 보통 O(N log K)로 설명할 수 있다.	Top K를 유지할 때 전체를 정렬하는 O(N log N) 대신, 크기 K의 힙만 유지하면 됩니다. 매 원소마다 필요 시 힙을 갱신하며, 힙 연산이 log K이므로 전체 O(N log K)입니다. 면접에서는 K가 작을수록 이득이 커진다는 직관을 설명하게 합니다. 실무에서는 로그/모니터링/추천에서 상위 K개를 실시간으로 추적할 때 널리 쓰입니다. 단, K가 N에 가까워지면 이득이 줄어든다는 트레이드오프도 함께 기억해야 합니다.		O	TRUE	X	FALSE					dsa	heap	topk	
Q177	스택과 큐의 ADT		Data Structure & Algorithm - 선형 구조	40	OX	MEDIUM	스택/큐는 ‘어떤 연산을 허용하느냐’로 정의되는 ADT(추상 자료구조)로, 내부 구현은 다양할 수 있다.	스택/큐는 push-pop, enqueue-dequeue 같은 연산 규약이 핵심인 ADT입니다. 구현은 배열, 연결 리스트, 덱, 심지어 두 스택/두 큐 변환 등 다양할 수 있습니다. 면접에서는 “구현”과 “인터페이스/규약”을 구분하는 사고를 중요하게 봅니다. 실무에서도 같은 큐라도 blocking/non-blocking, bounded/unbounded 등 요구사항에 따라 구현 선택이 달라집니다. ADT 관점으로 보면 문제 요구에 맞춰 구현을 바꾸는 설계가 자연스럽습니다.		O	TRUE	X	FALSE					dsa	stack	queue	
Q178	힙의 build-heap		Data Structure & Algorithm - 비선형 구조	41	OX	MEDIUM	배열을 한 번에 힙으로 만드는 build-heap(바텀업) 알고리즘은 O(N log N) 시간이 든다.	바텀업 build-heap은 리프에서 위로 올라가며 heapify down을 수행합니다. 이 과정은 각 레벨에서 필요한 작업량이 줄어들어 전체가 O(N)으로 분석됩니다. 면접에서는 많은 사람이 O(N log N)으로 착각하는데, 왜 O(N)인지(높은 레벨 노드 수가 적음)를 설명하게 합니다. 실무에서는 대량 데이터를 한 번에 우선순위 큐로 만들 때 build-heap이 빠른 이유가 됩니다. 단, 원소를 하나씩 insert하면 O(N log N)이므로 두 방법의 차이를 명확히 알아야 합니다.		O	FALSE	X	TRUE					dsa	heap	complexity	
Q179	큐에서 만료 제거(FIFO)		Data Structure & Algorithm - 선형 구조	40	OX	MEDIUM	시간순으로 들어오는 이벤트를 큐에 저장하면, 가장 오래된 이벤트는 항상 front에 위치한다.	이벤트가 시간 증가 순으로 들어온다는 가정이 있으면, FIFO 큐의 front가 가장 오래된 이벤트가 됩니다. 그래서 슬라이딩 윈도우 기반 만료 제거는 front에서만 제거하면 되는 구조가 됩니다. 면접에서는 이 전제가 깨질 때(늦게 도착하는 이벤트) 어떻게 설계를 바꿀지도 물을 수 있습니다. 실무에서는 out-of-order 이벤트가 흔하므로, 단순 큐로는 부족하고 힙이나 정렬 구조가 필요할 수 있습니다. 즉, 이 문장은 “시간순 입력”이라는 조건이 중요합니다.		O	TRUE	X	FALSE					dsa	queue	system	
Q180	스택과 최소값 추적(Min Stack)		Data Structure & Algorithm - 선형 구조	40	OX	MEDIUM	Min Stack에서 pop할 때는 값 스택과 최소값 스택을 함께 pop해야 최소값이 일관되게 유지된다.	Min Stack은 현재 최소값을 보조 스택에 함께 저장해 O(1) 조회를 가능하게 합니다. 따라서 pop 시에도 두 스택의 상태가 동일한 길이로 맞춰져야 합니다. 면접에서는 이 동기화가 왜 필요한지, 그리고 중복 최소값이 있을 때도 정상 동작하는지 확인합니다. 실무에서는 상태가 조금만 어긋나도 최소값이 틀려져 디버깅이 어려워질 수 있습니다. 구현에서 예외 상황(empty pop) 처리도 함께 설계해야 안정적입니다. 핵심은 “두 스택은 항상 같은 단계로 갱신”입니다.		O	TRUE	X	FALSE					dsa	stack	implementation	
Q181	스택 기반 인덱스 저장(Next Greater Element)		Data Structure & Algorithm - 기타 알고리즘	44	OX	MEDIUM	“다음 큰 수(Next Greater Element)” 문제에서 단조 스택에는 값(value)만 넣기보다 인덱스(index)를 넣는 구현이 더 유연한 경우가 많다.	다음 큰 수류 문제는 “현재 원소가 스택 top보다 크면 pop하며 답을 채운다” 패턴을 씁니다. 이때 인덱스를 스택에 넣으면, 값 비교는 배열로 하고 정답 위치 채우기가 쉬워집니다. 면접에서는 값만 넣었을 때 중복 처리나 위치 갱신이 어려워질 수 있다는 점을 설명하면 좋습니다. 실무에서도 같은 패턴이 히스토그램, 주가 스팬, 온도 문제 등 다양한 곳에 쓰입니다. 또한 인덱스를 쓰면 거리 계산(몇 칸 떨어졌는지)도 바로 할 수 있어 재사용성이 높습니다. 핵심은 “정답을 채울 위치 정보”를 유지하는 것입니다.		O	TRUE	X	FALSE					dsa	stack	monotonic	
Q182	단조 스택 시간 복잡도		Data Structure & Algorithm - 기타 알고리즘	44	OX	MEDIUM	단조 스택을 이용한 대표 문제들은 각 원소가 최대 한 번 push되고 한 번 pop되므로 전체 시간이 O(N)으로 분석된다.	단조 스택 패턴의 핵심은 while로 pop이 많아 보여도, 각 원소는 스택에 들어가고 나오는 횟수가 제한된다는 점입니다. 그래서 전체 pop 총합이 N을 넘지 않아 선형 시간이 됩니다. 면접에서는 “왜 while이 있어도 O(N)이냐”를 꼭 설명하게 합니다. 실무에서는 큰 데이터에서 성능이 중요한 상황에 단조 스택/덱이 자주 채택됩니다. 다만 구현 실수로 pop 조건을 잘못 두면 오답이 되기 쉬우니 경계 조건이 중요합니다.		O	TRUE	X	FALSE					dsa	stack	complexity	
Q183	괄호 검사 예외 케이스		Data Structure & Algorithm - 선형 구조	40	OX	MEDIUM	괄호 검사에서 닫는 괄호를 만났을 때 스택이 비어 있으면 즉시 “올바르지 않다”로 판단해야 한다.	닫는 괄호는 반드시 이전에 열린 괄호가 있어야 매칭됩니다. 스택이 비어 있는데 닫는 괄호가 나오면 매칭할 대상이 없으므로 바로 실패입니다. 면접에서는 이 케이스를 놓치는지 자주 확인합니다. 실무에서도 입력 검증 로직에서 이런 조기 실패 조건이 성능과 안정성을 높입니다. 또한 마지막에 스택이 남아 있으면 열림이 닫히지 않은 것이므로 그 역시 실패입니다. 핵심은 “스택 언더플로우는 곧 불일치”입니다.		O	TRUE	X	FALSE					dsa	stack	validation	
Q184	큐로 레벨 순서 유지		Data Structure & Algorithm - 탐색 알고리즘	42	OX	MEDIUM	BFS가 레벨 순서를 유지하는 이유는 방문 후보를 큐(FIFO)에 넣고 처리하기 때문이다.	BFS는 현재 레벨에서 발견된 노드들을 먼저 모두 처리한 뒤 다음 레벨로 넘어갑니다. 이때 FIFO 큐가 “먼저 발견된 것부터 처리”를 보장해 레벨 순서가 유지됩니다. 면접에서는 이 성질이 최단거리 보장으로 이어지는 논리를 설명하게 합니다. 실무에서는 거리(간선 수) 계산, 확산 모델링에서 BFS의 레벨 개념이 중요합니다. 다만 큐에 넣는 시점(방문 처리 timing)을 잘못 두면 중복 방문이 늘어 성능이 나빠질 수 있습니다. 핵심은 “FIFO가 레벨을 보존”입니다.		O	TRUE	X	FALSE					dsa	queue	bfs	
Q185	BFS 방문 처리 시점		Data Structure & Algorithm - 탐색 알고리즘	42	OX	MEDIUM	BFS에서 보통 visited 처리는 “큐에 넣을 때(enqueue 시점)” 하는 것이 중복 삽입을 줄이는 데 유리하다.	visited를 dequeue 시점에 처리하면 같은 노드가 여러 부모에서 발견될 때 큐에 중복으로 들어갈 수 있습니다. 반면 enqueue 시점에 visited를 찍으면 최초 발견만 큐에 들어가고 이후 발견은 무시되어 효율적입니다. 면접에서는 두 방식이 정답성은 유지하더라도 성능 차이가 난다는 점을 묻습니다. 실무에서는 대규모 그래프에서 큐 폭발을 막기 위해 enqueue 시점 방문 처리가 일반적입니다. 다만 “부모 추적” 등 부가 정보를 저장할 때는 최초 발견이 맞는지 요구사항을 확인해야 합니다. 핵심은 “중복 삽입 방지”입니다.		O	TRUE	X	FALSE					dsa	queue	bfs	
Q186	힙의 top 조회와 정렬		Data Structure & Algorithm - 비선형 구조	41	OX	MEDIUM	힙은 top(루트) 조회는 빠르지만, 전체를 정렬된 순서로 얻으려면 반복 pop이 필요하다.	힙은 루트에만 극값을 보장하므로 전체 정렬된 순서를 바로 제공하지 않습니다. 정렬된 순서가 필요하면 pop을 N번 반복해야 하고, 이 비용은 보통 O(N log N)입니다. 면접에서는 “힙은 정렬 구조가 아니다”라는 구분을 강조합니다. 실무에서는 top-k처럼 일부만 필요하면 힙이 강력하지만, 전체 정렬이 필요하면 정렬 알고리즘이나 정렬 트리를 고려해야 합니다. 힙을 복사하지 않고 pop하면 원본이 파괴되므로 스냅샷 요구도 함께 확인해야 합니다.		O	TRUE	X	FALSE					dsa	heap	concept	
Q187	힙 merge의 어려움		Data Structure & Algorithm - 비선형 구조	41	OX	MEDIUM	이진 힙(Binary Heap)은 두 힙을 O(1)에 자연스럽게 합치는(meld) 연산을 일반적으로 제공하기 어렵다.	이진 힙은 배열 기반 완전 이진 트리 구조라 “연결”만으로 힙 속성을 유지하기가 어렵습니다. 보통은 두 배열을 합친 뒤 build-heap으로 재구성해야 하며, 이는 O(N)입니다. 면접에서는 “왜 BST처럼 병합이 안 되나”를 구조적 이유로 설명하게 합니다. 실무에서 병합이 잦으면 피보나치 힙, 페어링 힙 같은 meldable heap을 고려할 수 있지만, 구현/상수항 트레이드오프가 있습니다. 즉, 이진 힙은 단순하지만 meld에는 불리합니다.		O	TRUE	X	FALSE					dsa	heap	merge	
Q188	두 스택 큐의 amortized		Data Structure & Algorithm - 선형 구조	40	OX	MEDIUM	두 스택으로 큐를 구현할 때, 각 원소는 스택 간 이동이 많아 최악의 경우 항상 O(N) 시간이 든다고 말할 수 있다.	두 스택 큐에서 out이 비었을 때만 in의 원소를 한꺼번에 옮깁니다. 개별 연산의 최악은 O(N)이 될 수 있지만, 각 원소는 in→out으로 최대 한 번만 이동하므로 전체적으로는 분할 상환 O(1)입니다. 면접에서는 “worst-case per op”과 “amortized”를 구분할 수 있는지 확인합니다. 실무에서도 이런 분석은 배치 처리/캐시/버퍼 설계에서 자주 등장합니다. 따라서 항상 O(N)이라고 단정하는 것은 틀린 설명입니다.		O	FALSE	X	TRUE					dsa	stack	queue	
Q189	Min Heap으로 Top K		Data Structure & Algorithm - 비선형 구조	41	OX	MEDIUM	가장 큰 K개를 유지할 때 크기 K의 최소 힙을 사용하면, 힙 루트는 “현재 Top K 중 가장 작은 값”이 된다.	Top K 유지에서 최소 힙을 쓰는 이유는 컷오프를 빠르게 확인하기 위해서입니다. 힙 루트가 Top K 중 가장 작은 값이므로, 새 값이 루트보다 크면 교체하고 작으면 버립니다. 면접에서는 왜 최대 힙이 아니라 최소 힙인지 설명하게 합니다. 실무에서는 로그/추천/랭킹 계산에서 상위 K개를 스트리밍으로 관리할 때 매우 유용합니다. 구현 시 K가 0이거나 데이터가 K보다 적을 때의 경계 처리도 중요합니다.		O	TRUE	X	FALSE					dsa	heap	topk	
Q190	힙에서 decrease-key 대체		Data Structure & Algorithm - 탐색 알고리즘	42	OX	MEDIUM	decrease-key를 지원하지 않는 우선순위 큐에서는 “새 항목을 다시 넣고, pop 시 최신 dist인지 검사”하는 방식으로 다익스트라를 구현할 수 있다.	많은 표준 라이브러리 PQ는 decrease-key를 직접 제공하지 않습니다. 그럴 때는 더 짧은 거리를 찾으면 (거리, 노드) 엔트리를 다시 push하고, 나중에 pop했을 때 dist 배열과 비교해 오래된 엔트리는 skip합니다. 면접에서는 이 방식이 왜 정답을 유지하는지(최소 거리 확정 성질 + skip) 설명하게 합니다. 실무에서는 엔트리가 중복되어 메모리가 늘 수 있어, 입력 크기와 성능을 고려해야 합니다. 그래도 구현 난이도 대비 안정적인 방법이라 자주 쓰입니다.		O	TRUE	X	FALSE					dsa	heap	dijkstra	
Q191	우선순위 큐 만료 제거		Data Structure & Algorithm - 비선형 구조	41	OX	MEDIUM	우선순위 큐로 슬라이딩 윈도우 최댓값을 구할 때는 윈도우를 벗어난 원소를 “lazy deletion”으로 제거하는 방식이 자주 쓰인다.	힙은 임의 원소 삭제가 쉽지 않아서, 윈도우 밖 원소를 즉시 삭제하기보다 pop할 때 top이 만료됐는지 검사해 버리는 lazy deletion을 자주 사용합니다. 면접에서는 이때 “값만 넣으면 만료 판정이 어렵다”는 점 때문에 (값, 인덱스)를 함께 넣는 이유를 묻습니다. 실무에서도 로그/시계열 데이터에서 윈도우 기반 계산을 PQ로 할 때 만료 처리가 핵심입니다. 다만 단조 덱으로 O(N)에 더 효율적으로 풀 수 있는 경우도 많아, 자료구조 선택 기준을 설명할 수 있으면 좋습니다. 핵심은 “만료는 나중에 걸러내기”입니다.		O	TRUE	X	FALSE					dsa	heap	queue	
Q192	스택 프레임과 지역 변수		Computer Science - 메모리와 하드웨어 구조	67	OX	MEDIUM	큰 지역 배열을 재귀 함수 안에서 선언하면 스택 사용량이 급격히 커져 스택 오버플로우 가능성이 높아진다.	지역 변수는 보통 스택 프레임에 잡히므로, 재귀 깊이만큼 누적됩니다. 큰 배열을 매 호출마다 할당하면 프레임 크기가 커져 스택 한도를 빠르게 초과할 수 있습니다. 면접에서는 이 현상을 근거로 반복 구현이나 힙 할당으로의 전환을 제안할 수 있어야 합니다. 실무에서는 대용량 버퍼를 전역/힙으로 옮기거나, 재귀 대신 루프로 바꾸는 방식이 안정적입니다. 또한 언어/런타임의 기본 스택 크기 제한을 고려해야 합니다. 핵심은 “재귀 깊이 × 프레임 크기”가 위험 요인입니다.		O	TRUE	X	FALSE					dsa	stack	memory	
Q193	큐의 backpressure 개념		Data Structure & Algorithm - 선형 구조	40	OX	MEDIUM	무한정 커지는 작업 큐는 처리 지연을 키우므로, bounded queue나 backpressure 전략이 필요할 수 있다.	큐는 완충 역할을 하지만 무한정 커지면 지연(latency)이 누적되고 메모리도 고갈될 수 있습니다. 그래서 제한된 크기의 큐(bounded queue), 드롭 정책, 소비자 확장, 또는 backpressure로 생산 속도를 조절하는 전략이 필요합니다. 면접에서는 큐가 “좋은 것”만이 아니라 운영 리스크를 만든다는 점을 이해하는지 봅니다. 실무에서는 메시지 브로커, 비동기 작업 시스템에서 필수적으로 고려하는 주제입니다. 즉, 큐는 시스템 안정성을 위해 용량과 흐름 제어가 함께 설계되어야 합니다.		O	TRUE	X	FALSE					dsa	queue	system	
Q194	힙 comparator 일관성		Data Structure & Algorithm - 비선형 구조	41	OX	MEDIUM	우선순위 큐의 comparator가 비일관적(추이성 위반)하면 힙 동작이 예측 불가해질 수 있다.	힙은 comparator가 “일관된 순서”를 제공한다고 가정하고 재배치합니다. comparator가 추이성을 깨거나, 비교 결과가 상황에 따라 바뀌면 힙 속성이 의미를 잃어 예상치 못한 순서로 pop될 수 있습니다. 면접에서는 “정렬/힙이 왜 비교자에 의존하는가”를 확인합니다. 실무에서는 복합 키 비교에서 tie-break를 빠뜨리거나 오버플로우 기반 비교를 쓰면 이런 문제가 생길 수 있습니다. 안전하게는 (primary, secondary, id)처럼 완전한 순서를 정의하는 편이 좋습니다. 핵심은 “비교 규칙이 자료구조의 기반”이라는 점입니다.		O	TRUE	X	FALSE					dsa	heap	implementation	
Q195	힙과 시간 순 이벤트 처리		Data Structure & Algorithm - 비선형 구조	41	OX	MEDIUM	이벤트를 가장 이른 시간순으로 처리해야 하는 시뮬레이션에서는 최소 힙이 자연스러운 선택이다.	디스크리트 이벤트 시뮬레이션은 “다음에 발생할 이벤트”를 반복적으로 꺼내 처리합니다. 이때 가장 이른 timestamp를 빠르게 찾기 위해 최소 힙 기반 PQ가 적합합니다. 면접에서는 왜 FIFO 큐가 아니라 PQ인지(시간이 입력 순서와 다를 수 있음) 설명해야 합니다. 실무에서도 타이머 스케줄러, 작업 예약, 만료 처리 등에 같은 패턴이 등장합니다. 또한 동일 timestamp 처리 순서가 중요하면 안정성(보조 키)을 고려해야 합니다. 핵심은 “다음 이벤트를 빨리 선택”입니다.		O	TRUE	X	FALSE					dsa	heap	priorityqueue	
Q196	스택과 경로 복원(Parent)		Data Structure & Algorithm - 탐색 알고리즘	42	OX	MEDIUM	DFS/BFS에서 실제 경로를 복원하려면, 보통 각 노드의 parent(이전 노드) 정보를 기록한다.	탐색은 방문 여부만으로는 “어떻게 왔는지” 경로를 알 수 없습니다. 그래서 노드를 처음 방문할 때 parent를 저장해두고, 목표 지점에서 parent를 따라가며 경로를 복원합니다. 면접에서는 BFS 최단경로 복원에서 parent 기록이 왜 충분한지(최초 방문이 최단)까지 묻습니다. 실무에서는 길찾기, 추천 경로, 문제 재현 로그 등에서 경로 자체가 중요한 경우가 많습니다. parent 업데이트 타이밍을 잘못 두면 경로가 꼬일 수 있으니 “언제 기록하는지”가 핵심입니다.		O	TRUE	X	FALSE					dsa	stack	queue	
Q197	힙과 중복 엔트리		Data Structure & Algorithm - 탐색 알고리즘	42	OX	MEDIUM	lazy insertion을 쓰는 다익스트라에서는 우선순위 큐 안에 같은 노드에 대한 엔트리가 여러 개 존재할 수 있다.	decrease-key 대신 새 엔트리를 계속 넣으면, 동일 노드가 여러 거리 값으로 PQ에 쌓일 수 있습니다. 이때 pop 시 현재 dist보다 큰 값이면 skip하여 정답성을 유지합니다. 면접에서는 “중복 엔트리가 있어도 왜 괜찮나”를 묻고, skip 체크를 빠뜨리면 어떤 문제가 생기는지도 확인합니다. 실무에서는 중복이 많아지면 메모리/시간이 늘 수 있어, 그래프 크기와 입력 특성을 고려해야 합니다. 그래도 구현 단순성과 안정성 때문에 많이 쓰는 패턴입니다. 핵심은 “중복 허용 + 검증으로 정리”입니다.		O	TRUE	X	FALSE					dsa	heap	dijkstra	
Q198	큐와 토폴로지 정렬(Kahn)		Data Structure & Algorithm - 기타 알고리즘	44	OX	MEDIUM	Kahn 알고리즘(위상 정렬)은 진입 차수 0인 노드를 큐에 넣어 순서대로 처리한다.	Kahn 위상 정렬은 indegree가 0인 노드를 큐에 넣고 하나씩 꺼내며 간선을 제거(진입 차수 감소)합니다. 새로 indegree 0이 된 노드는 다시 큐에 들어갑니다. 면접에서는 사이클이 있으면 모든 노드를 처리하지 못한다는 점까지 연결해 물어봅니다. 실무에서는 빌드 순서, 작업 의존성, 데이터 파이프라인 DAG 처리에 활용됩니다. 큐/스택 어떤 걸 써도 위상 정렬은 되지만, 순서가 달라질 수 있어 요구사항(사전순 등)이 있으면 PQ를 쓰기도 합니다.		O	TRUE	X	FALSE					dsa	queue	graph	
Q199	스택 기반 타이브레이킹		Data Structure & Algorithm - 기타 알고리즘	44	OX	MEDIUM	단조 스택/덱 문제에서 중복 값이 있을 때 < 와 <= 선택은 결과(경계 계산)에 영향을 줄 수 있다.	중복 값이 있을 때 “어디까지를 같은 값으로 묶을지”가 경계 계산의 핵심입니다. 예를 들어 부분배열 최소값 합, 히스토그램 문제 등에서 한쪽은 <, 다른 쪽은 <= 로 타이브레이킹을 해야 중복 카운트가 방지됩니다. 면접에서는 이 미세한 조건이 오답을 만드는 대표 포인트라 자주 출제됩니다. 실무에서도 동일 값이 많은 데이터에서 경계가 어긋나면 통계/집계 결과가 크게 틀어질 수 있습니다. 따라서 비교 연산자의 strict/non-strict 선택을 의도적으로 설계해야 합니다. 핵심은 “중복 처리 규칙이 결과를 결정”한다는 점입니다.		O	TRUE	X	FALSE					dsa	stack	monotonic	
Q200	힙의 메모리 사용		Data Structure & Algorithm - 비선형 구조	41	OX	MEDIUM	힙 기반 우선순위 큐는 보통 배열로 구현되어, 포인터 기반 트리보다 메모리 오버헤드가 적을 수 있다.	배열 기반 이진 힙은 노드를 연속된 메모리에 저장하고 부모/자식을 인덱스로 계산합니다. 포인터를 별도로 저장하지 않아 포인터 기반 트리보다 오버헤드가 줄 수 있습니다. 면접에서는 이 차이가 캐시 친화성으로 이어질 수 있다는 점까지 설명하면 좋습니다. 실무에서는 같은 O(log N)이라도 상수항 차이로 성능이 달라질 수 있어 자료구조 선택에 영향을 줍니다. 다만 언어/런타임, 객체 할당 방식에 따라 실제 오버헤드는 달라질 수 있으니 맹신은 금물입니다. 핵심은 “배열 기반 구현의 단순성과 오버헤드 감소”입니다.		O	TRUE	X	FALSE					dsa	heap	performance	
Q201	힙의 build-heap 시간(O N)		Data Structure & Algorithm - 비선형 구조	41	OX	HARD	배열을 바텀업(build-heap)으로 힙으로 만들면, 최악 시간은 O(N log N)으로 보는 것이 가장 정확하다.	바텀업 build-heap은 리프에서 위로 올라가며 heapify down을 수행하지만, 모든 노드가 같은 비용을 내는 것이 아닙니다. 아래 레벨 노드는 많지만 내려갈 높이가 짧고, 위 레벨 노드는 적지만 내려갈 높이가 길어 전체 합이 O(N)이 됩니다. 면접에서는 이 점을 “레벨별 비용 합”으로 설명할 수 있어야 합니다. 반대로 원소를 하나씩 insert로 넣으면 O(N log N)이라 두 방식이 자주 비교됩니다. 실무에서 대량 초기화는 build-heap을 쓰는 것이 더 효율적입니다. 따라서 문장처럼 O(N log N)이 ‘가장 정확’하다는 표현은 틀립니다.		O	FALSE	X	TRUE					dsa	heap	complexity	
Q202	힙에서 decrease-key 미지원		Data Structure & Algorithm - 탐색 알고리즘	42	OX	HARD	decrease-key를 지원하지 않는 우선순위 큐로 다익스트라를 구현하면, 중복 엔트리가 생겨도 정답성이 깨질 수밖에 없다.	decrease-key가 없어도 다익스트라는 구현할 수 있습니다. 더 짧은 거리 발견 시 (dist, node)를 새로 push하고, pop할 때 현재 dist 배열과 비교해 오래된 엔트리는 skip하면 됩니다. 면접에서는 “정답성은 유지되지만 PQ 크기가 커질 수 있다”는 트레이드오프를 설명하는지가 중요합니다. 실무에서도 이 방식은 표준 라이브러리 환경에서 가장 흔합니다. 정답성을 깨는 건 “skip 체크를 빼먹었을 때”이지, 중복 엔트리 자체가 아닙니다. 그래서 문장은 과도한 단정이라 틀립니다.		O	FALSE	X	TRUE					dsa	heap	dijkstra	
Q203	BFS 방문 처리 타이밍의 정답성		Data Structure & Algorithm - 탐색 알고리즘	42	OX	HARD	BFS에서 visited를 dequeue 시점에 표시해도, 무가중치 그래프 최단거리 정답성은 항상 유지된다.	visited를 dequeue 시점에 찍으면 같은 노드가 큐에 여러 번 들어갈 수 있어 비효율적이지만, 무가중치 그래프에서 “처음 dequeue되는 시점”은 여전히 최소 거리 레벨일 가능성이 높습니다. 다만 구현에 따라 거리 갱신/parent 기록 방식이 함께 얽히면, 최초 방문을 기준으로 parent를 기록해야 하는 요구에서 문제가 생길 수 있습니다. 면접에서는 ‘정답성 자체’와 ‘중복 삽입으로 인한 성능/부가 정보 일관성’을 분리해 설명하길 원합니다. 실무에서는 보통 enqueue 시점 visited가 표준이며, dequeue visited는 불필요한 중복과 메모리 폭발 위험이 큽니다. 따라서 “항상 유지된다”는 표현은 구현 세부(거리/parent 처리)까지 포함하면 위험한 단정이라 보는 편이 안전합니다.		O	FALSE	X	TRUE					dsa	queue	bfs	
Q204	힙과 전체 정렬 오해		Data Structure & Algorithm - 비선형 구조	41	OX	HARD	최소 힙 배열을 그대로 왼쪽부터 읽으면 항상 오름차순으로 정렬된 결과가 나온다.	힙은 루트가 최소(또는 최대)라는 것만 보장하고, 배열 전체가 정렬되어 있지 않습니다. 따라서 힙 배열을 순서대로 읽으면 오름차순이 나오지 않습니다. 오름차순을 얻으려면 pop을 반복하거나, 별도의 정렬을 수행해야 합니다. 면접에서는 이 오해가 매우 흔해 함정으로 자주 출제됩니다. 실무에서도 힙을 “정렬 컨테이너”로 착각하면 검색/정렬 요구에서 성능 및 기능 문제가 생깁니다. 핵심은 “힙은 부분 정렬(루트 중심)”이라는 점입니다.		O	FALSE	X	TRUE					dsa	heap	concept	
Q205	단조 스택 중복 타이브레이크		Data Structure & Algorithm - 기타 알고리즘	44	OX	HARD	단조 스택으로 경계를 구할 때 중복 값이 있으면, 좌우 모두 < 기준으로 처리해도 중복 카운트 문제가 절대 생기지 않는다.	중복 값이 있는 경우 좌/우 경계를 모두 strict(<)로 잡으면, 어떤 값의 기여가 누락되거나 중복될 수 있습니다. 그래서 한쪽은 <, 다른 한쪽은 <= 처럼 non-strict를 섞어 “중복을 한 방향에만 귀속”하는 타이브레이킹이 필요합니다. 면접에서는 이 부분이 오답 포인트라 매우 자주 나옵니다. 실무에서도 동일 값이 많은 데이터에서 통계/집계가 틀어지는 원인이 됩니다. 비교 연산자 하나 차이로 결과가 바뀌므로 의도적으로 규칙을 정해야 합니다. 따라서 문장은 “절대”라는 표현 때문에 명백히 틀립니다.		O	FALSE	X	TRUE					dsa	stack	monotonic	
Q206	두 스택 큐의 분할 상환		Data Structure & Algorithm - 선형 구조	40	OX	HARD	두 스택으로 구현한 큐에서 각 원소는 in→out 이동이 여러 번 반복될 수 있으므로 분할 상환 O(1)이라고 말하기 어렵다.	두 스택 큐는 out이 비었을 때만 in의 원소를 전부 옮깁니다. 이 구조에서는 각 원소가 in에서 out으로 이동하는 횟수가 최대 1번이므로, 전체적으로 O(1) 분할 상환이 성립합니다. 면접에서는 “각 원소의 이동 횟수 상한”을 근거로 amortized 분석을 설명할 수 있어야 합니다. 실무에서도 배치 이동 최적화(버퍼 플러시 등)와 유사한 사고가 중요합니다. 개별 연산 최악이 O(N)일 수는 있지만, 전체 평균이 O(1)로 수렴한다는 점이 핵심입니다. 따라서 문장은 틀립니다.		O	FALSE	X	TRUE					dsa	stack	queue	
Q207	우선순위 큐 안정성 요구		Data Structure & Algorithm - 비선형 구조	41	OX	HARD	동일 우선순위 원소의 처리 순서를 입력 순서대로 보장해야 하면, 힙만으로도 추가 정보 없이 자동으로 안정성을 보장한다.	일반적인 힙 기반 PQ는 동일 키의 상대 순서를 보장하지 않습니다. 안정성이 필요하면 보조 키(시퀀스 번호, 타임스탬프+카운터 등)를 함께 비교해 완전한 순서를 만들어야 합니다. 면접에서는 시스템에서 “결정적(deterministic) 처리”가 필요한 상황을 예로 들어 설명하게 합니다. 실무에서는 이벤트 처리, 스케줄링, 테스트 재현성에서 안정성이 중요할 수 있습니다. 따라서 힙이 “자동으로” 안정성을 제공한다는 주장은 틀립니다. 안정성을 요구하면 설계가 달라져야 합니다.		O	FALSE	X	TRUE					dsa	heap	priorityqueue	
Q208	0-1 BFS 적용 조건		Data Structure & Algorithm - 탐색 알고리즘	42	OX	HARD	0-1 BFS는 간선 가중치가 0, 1, 2처럼 작은 정수라면 그대로 적용해도 항상 최단거리를 보장한다.	0-1 BFS는 간선 가중치가 오직 0 또는 1일 때만 덱의 앞/뒤 삽입 규칙으로 거리 순서를 보장할 수 있습니다. 가중치가 2 이상이 섞이면 덱만으로는 우선순위를 정확히 표현하지 못해 최단거리가 깨질 수 있습니다. 면접에서는 “조건이 깨지면 다익스트라로 가야 한다”를 분명히 말해야 합니다. 실무에서는 비용이 0/1인지, 혹은 더 넓은 정수인지에 따라 알고리즘 선택이 갈립니다. 작은 정수 가중치라면 Dial’s algorithm(버킷 다익스트라) 같은 대안이 있습니다. 따라서 문장은 틀립니다.		O	FALSE	X	TRUE					dsa	queue	deque	
Q209	힙에서 임의 삭제		Data Structure & Algorithm - 비선형 구조	41	OX	HARD	이진 힙은 임의의 원소를 O(log N)에 삭제할 수 있으며, 이를 위해 추가 정보는 필요 없다.	힙에서 top 삭제는 O(log N)이지만, 임의 원소 삭제는 그 원소의 위치(인덱스)를 알아야 O(log N)로 할 수 있습니다. 위치를 모르면 먼저 찾아야 하므로 최악 O(N)이 됩니다. 면접에서는 “삭제를 빠르게 하려면 인덱스 맵(값→위치)” 같은 보조 자료구조가 필요하다는 점을 묻습니다. 실무에서는 우선순위 변경/임의 취소가 빈번한 시스템(스케줄러, 타임아웃 취소 등)에서 이 설계가 중요합니다. 라이브러리 PQ가 임의 삭제를 지원하지 않는 이유도 이 복잡성 때문입니다. 따라서 문장은 틀립니다.		O	FALSE	X	TRUE					dsa	heap	implementation	
Q210	힙 comparator 오버플로우		Data Structure & Algorithm - 비선형 구조	41	OX	HARD	comparator를 (a - b)로 구현해도 정수 오버플로우 위험이 없으므로 안전하다.	(a - b) 방식은 값 범위가 클 때 오버플로우로 잘못된 비교 결과를 만들 수 있습니다. 예를 들어 a가 매우 크고 b가 매우 작으면 차이가 int 범위를 넘어갈 수 있습니다. 면접에서는 이 함정을 알고 있는지(안전한 compare 함수 사용)를 자주 확인합니다. 실무에서는 comparator가 잘못되면 힙/정렬의 불변식이 깨져 재현 어려운 버그로 이어집니다. 안전하게는 언어가 제공하는 compare(a,b) 또는 조건문 비교를 사용해야 합니다. 따라서 문장은 틀립니다.		O	FALSE	X	TRUE					dsa	heap	bug	
Q211	ABA 문제와 스택		Data Structure & Algorithm - 선형 구조	40	OX	HARD	lock-free 스택에서 ABA 문제는 CAS가 값이 다시 A로 돌아오면 변경을 감지하지 못해 발생할 수 있다.	ABA 문제는 A였던 포인터 값이 B로 바뀌었다가 다시 A가 되면, CAS가 “변경 없음”으로 오인해 성공하는 상황입니다. lock-free 스택/큐는 노드가 pop되어 해제된 뒤 재사용될 수 있어 ABA 위험이 큽니다. 면접에서는 tagged pointer, hazard pointer, epoch 기반 GC 같은 완화책을 알고 있는지까지 이어질 수 있습니다. 실무에서는 메모리 재활용 전략이 동시성 안전성과 직결됩니다. 핵심은 “같은 값이 같은 객체를 의미하지 않을 수 있다”는 점입니다.		O	TRUE	X	FALSE					dsa	stack	concurrency	
Q212	Kahn 위상정렬과 PQ		Data Structure & Algorithm - 기타 알고리즘	44	OX	HARD	Kahn 위상 정렬에서 큐 대신 우선순위 큐(힙)를 쓰면, 위상 정렬 결과의 사전순(또는 규칙 기반) 최소화를 만들 수 있다.	Kahn 알고리즘은 indegree 0 노드 집합 중 어떤 것을 먼저 고르느냐에 따라 결과가 달라집니다. 이때 우선순위 큐를 사용하면 “가장 작은 번호부터” 같은 규칙을 강제해 사전순 최소 위상 정렬을 만들 수 있습니다. 면접에서는 큐를 쓰면 임의 순서가 나올 수 있다는 점을 짚고, PQ 적용의 목적을 설명하게 합니다. 실무에서는 빌드 순서, 작업 의존성에서 결정적 순서가 필요할 때 유용합니다. 다만 PQ 사용으로 시간 복잡도가 O((V+E) log V)로 늘 수 있습니다. 핵심은 “선택 규칙을 강제”입니다.		O	TRUE	X	FALSE					dsa	heap	queue	
Q213	단조 덱과 윈도우 최대값		Data Structure & Algorithm - 기타 알고리즘	44	OX	HARD	슬라이딩 윈도우 최대값에서 단조 덱은 값이 아니라 인덱스를 저장하는 구현이 일반적이다.	단조 덱으로 윈도우 최대값을 구할 때는 윈도우 밖 원소를 제거해야 하므로 “인덱스”가 필요합니다. 값만 저장하면 그 값이 언제 들어온 것인지(만료 여부) 판단하기 어렵습니다. 면접에서는 덱 내부를 단조 감소로 유지하는 과정과, 만료 제거가 front에서 일어난다는 점을 함께 설명하게 합니다. 실무에서도 시계열 지표의 이동 최대/최소 계산에서 가장 많이 쓰는 패턴입니다. 중복 값이 있는 경우에도 인덱스를 저장하면 만료 처리와 타이브레이킹이 명확해집니다. 핵심은 “만료 제거를 위한 위치 정보”입니다.		O	TRUE	X	FALSE					dsa	queue	deque	
Q214	힙과 스냅샷 비용		Data Structure & Algorithm - 비선형 구조	41	OX	HARD	우선순위 큐의 모든 원소를 정렬된 순서로 한 번에 출력하려면, 힙을 파괴하지 않고도 O(N) 시간에 가능하다.	힙은 루트만 정렬 성질을 가지므로, 정렬된 순서를 얻으려면 pop을 반복해야 합니다. pop은 O(log N)이므로 전체 O(N log N)입니다. 원본 힙을 유지하려면 복사본을 만들어 pop해야 하므로 추가 메모리도 듭니다. 면접에서는 “힙은 top-k에는 강하지만 전체 정렬 스냅샷에는 약하다”를 강조합니다. 실무에서도 스냅샷이 필요하면 정렬된 트리나 정렬 배열을 별도로 유지하는 설계가 고려됩니다. 따라서 O(N)에 가능하다는 문장은 틀립니다.		O	FALSE	X	TRUE					dsa	heap	performance	
Q215	두 힙 중간값 균형		Data Structure & Algorithm - 비선형 구조	41	OX	HARD	두 힙으로 온라인 중간값을 유지할 때, 두 힙의 크기 차이는 보통 1 이하로 유지해야 한다.	온라인 중간값에서 작은 절반(최대 힙)과 큰 절반(최소 힙)을 나누면, 중간값은 두 힙 top 중 하나(또는 평균)로 결정됩니다. 이를 위해 크기 균형을 맞춰야 하며 일반적으로 차이가 1 이하가 되도록 rebalance합니다. 면접에서는 “왜 1 이하인가”를 중간값 정의로 설명하게 합니다. 실무에서는 스트리밍 지표에서 중앙값을 빠르게 제공하기 위해 쓰이며, 입력이 많을수록 재균형 로직의 정확성이 중요합니다. 또한 짝수 개일 때 어떤 정책(하한/상한/평균)을 쓰는지도 요구사항에 따라 달라집니다. 핵심은 “균형이 깨지면 중간값이 top만으로 결정되지 않는다”입니다.		O	TRUE	X	FALSE					dsa	heap	median	
Q216	BFS와 우선순위 큐		Data Structure & Algorithm - 탐색 알고리즘	42	OX	HARD	가중치가 음수가 없기만 하면, BFS에 우선순위 큐를 붙여도 항상 다익스트라와 동일한 최단거리 결과가 나온다.	다익스트라는 “현재까지의 최단거리” 기준으로 노드를 선택해야 하며, 이는 우선순위 큐로 dist를 기준으로 pop할 때 성립합니다. 반면 BFS는 레벨(간선 수) 기준이라 가중치가 2, 3처럼 달라지면 올바른 순서를 보장하지 못합니다. “BFS에 PQ를 붙인다”는 표현이 결국 dist 기반 PQ로 탐색한다는 의미라면 그것은 이미 다익스트라입니다. 하지만 BFS 로직(간선 수 레벨)을 유지한 채 PQ만 추가하면 다익스트라가 되지 않습니다. 면접에서는 용어 혼동을 잡아내고, 무엇을 우선순위로 두느냐가 알고리즘을 결정한다고 봅니다. 따라서 문장은 모호하지만 일반적인 해석(그냥 PQ 붙이면 된다)은 틀린 주장입니다.		O	FALSE	X	TRUE					dsa	queue	heap	
Q217	힙에서 top-k와 전체 정렬		Data Structure & Algorithm - 비선형 구조	41	OX	HARD	힙을 사용하면 top-k 추출은 효율적일 수 있지만, k가 N에 가까워질수록 전체 정렬과의 성능 차이가 줄어든다.	top-k는 보통 O(N log k)로 처리할 수 있어 k가 작을 때 정렬보다 유리합니다. 하지만 k가 커져 N에 가까워지면 log k가 log N에 가까워져 O(N log N)과 차이가 줄어듭니다. 면접에서는 “언제 힙이 유리하고 언제 정렬이 낫나”를 판단하는 능력을 봅니다. 실무에서도 상위 10개는 힙이 좋지만, 상위 90%면 그냥 정렬이 더 단순할 수 있습니다. 또한 상수항과 구현 복잡도까지 고려해야 합니다. 핵심은 “k의 크기가 알고리즘 선택을 좌우”입니다.		O	TRUE	X	FALSE					dsa	heap	topk	
Q218	단조 덱과 PQ의 차이		Data Structure & Algorithm - 기타 알고리즘	44	OX	HARD	슬라이딩 윈도우 최대값은 우선순위 큐로도 풀 수 있지만, 단조 덱은 같은 문제를 O(N)에 해결할 수 있다.	우선순위 큐는 윈도우 내 최대값을 top에서 얻을 수 있지만, 만료된 원소를 lazy deletion으로 걸러내야 하고 연산마다 log가 듭니다. 단조 덱은 덱을 단조 감소로 유지하여 각 원소가 한 번 들어가고 한 번 나가므로 전체 O(N)입니다. 면접에서는 “왜 덱이 더 빠른가”를 amortized 관점으로 설명하게 합니다. 실무에서는 고성능 시계열 처리에서 단조 덱이 자주 쓰입니다. 다만 구현이 PQ보다 까다로울 수 있어 정확한 경계 처리와 테스트가 중요합니다. 핵심은 “문제 구조에 맞는 자료구조 선택”입니다.		O	TRUE	X	FALSE					dsa	queue	deque	
Q219	힙과 해시셋 조합		Data Structure & Algorithm - 비선형 구조	41	OX	HARD	힙만으로는 membership 테스트가 느릴 수 있어, 힙과 해시셋을 함께 두어 존재 여부를 O(1)에 확인하는 설계가 가능하다.	힙은 특정 값 탐색이 빠르지 않아 최악 O(N)입니다. 따라서 “최솟값 추출”은 힙이 담당하고, “존재 여부 확인/중복 방지”는 해시셋이 담당하도록 조합하는 설계가 흔합니다. 면접에서는 이런 하이브리드 설계를 떠올릴 수 있는지(자료구조의 역할 분담)를 봅니다. 실무에서는 스케줄러에서 중복 작업 등록 방지, 캐시 키 중복 관리, 이벤트 dedup 등에 사용됩니다. 다만 두 구조의 동기화(삭제 시 둘 다 갱신)가 필요해 버그 포인트가 생길 수 있습니다. 핵심은 “각 자료구조의 강점을 합치기”입니다.		O	TRUE	X	FALSE					dsa	heap	hash	
Q220	Lock-free 큐 메모리 안전		Data Structure & Algorithm - 선형 구조	40	OX	HARD	lock-free 큐/스택에서는 노드 해제 시점이 잘못되면 use-after-free 같은 메모리 안전 문제가 발생할 수 있다.	lock-free 구조는 다른 스레드가 아직 노드를 참조하고 있을 수 있어, 단순히 pop했다고 바로 free하면 위험합니다. 이 때문에 hazard pointer, epoch 기반 reclamation 같은 안전한 메모리 회수 기법이 필요합니다. 면접에서는 “동시성 문제는 락만이 아니라 메모리 수명 관리까지 포함한다”를 이해하는지 확인합니다. 실무에서도 이 부분은 구현 난이도가 매우 높아 검증된 라이브러리를 쓰는 경우가 많습니다. 안전한 회수 없이는 ABA, use-after-free 같은 치명적 버그가 생깁니다. 핵심은 “락 프리=자동 안전이 아니다”입니다.		O	TRUE	X	FALSE					dsa	queue	concurrency	
Q221	힙과 Dary Heap(d-ary heap)		Data Structure & Algorithm - 비선형 구조	41	OX	HARD	d-ary heap에서 d를 키우면 트리 높이는 줄어들지만, heapify 과정에서 한 단계당 비교 비용은 늘어날 수 있다.	d-ary heap은 자식 수가 d개인 힙으로, 높이가 log_d(N)이라 d가 커질수록 높이는 낮아집니다. 면접에서는 이 때문에 decrease-key나 pop에서 “단계 수는 줄지만, 각 단계에서 자식 중 최적을 찾기 위한 비교가 늘어난다”는 트레이드오프를 설명하게 합니다. 실무에서는 캐시 친화성과 비교 비용의 균형에 따라 4-ary, 8-ary 같은 선택이 논의됩니다. 특히 우선순위 큐가 병목일 때 구조를 바꾸는 최적화가 나옵니다. 결국 d 선택은 데이터 분포와 상수항에 좌우됩니다. 핵심은 “높이 vs 단계 비교 비용”입니다.		O	TRUE	X	FALSE					dsa	heap	optimization	
Q222	피보나치 힙(Fibonacci Heap) 실제 성능		Data Structure & Algorithm - 비선형 구조	41	OX	HARD	피보나치 힙은 이론적으로 decrease-key가 빠르므로, 다익스트라에서 항상 이진 힙보다 실무에서 더 빠르다.	피보나치 힙은 이론적(암묵적/분할 상환) 성능이 좋아 교과서에서 다익스트라 최적화 예로 나옵니다. 하지만 실무에서는 구현 복잡도, 큰 상수항, 메모리 접근 패턴 때문에 이진 힙/페어링 힙이 더 빠른 경우가 많습니다. 면접에서는 “이론 vs 실무” 차이를 알고 있는지 확인합니다. 실무에서 중요한 건 상수항과 캐시/할당 오버헤드라서, ‘항상 더 빠르다’는 단정은 위험합니다. 따라서 문장은 틀립니다. 핵심은 “이론상 우위가 실무 우위를 보장하지 않는다”입니다.		O	FALSE	X	TRUE					dsa	heap	performance	
Q223	힙과 메모리 지역성(Cache locality)		Data Structure & Algorithm - 비선형 구조	41	OX	HARD	배열 기반 이진 힙은 포인터 기반 트리보다 메모리 지역성이 좋아 실제 성능에서 유리할 수 있다.	배열 기반 힙은 연속 메모리에 저장되어 접근 패턴이 비교적 규칙적입니다. 포인터 기반 트리는 노드가 흩어져 있어 캐시 미스가 늘 수 있습니다. 면접에서는 동일한 O(log N)이라도 실제 성능이 달라지는 이유로 캐시 지역성을 자주 언급합니다. 실무에서 PQ가 병목이면 이런 저수준 특성이 성능을 좌우할 수 있습니다. 다만 언어 런타임(객체 할당, GC)과 구현 방식에 따라 효과는 달라집니다. 핵심은 “빅오만으로는 성능을 설명 못 한다”입니다.		O	TRUE	X	FALSE					dsa	heap	performance	
Q224	힙 comparator와 strict weak ordering		Data Structure & Algorithm - 비선형 구조	41	OX	HARD	comparator가 strict weak ordering(일관된 비교 규칙)을 만족하지 않으면, 힙의 pop 순서가 논리적으로 깨질 수 있다.	힙은 comparator가 일관된 순서를 제공한다는 전제 아래에서 불변식을 유지합니다. 비교 규칙이 추이성을 깨거나, 같은 두 값의 비교 결과가 상황에 따라 바뀌면 힙은 더 이상 의미 있는 “최솟값/최댓값”을 보장하기 어렵습니다. 면접에서는 비교자 설계에서 오버플로우, tie-break 누락 같은 버그를 짚어낼 수 있는지 봅니다. 실무에서는 이런 버그가 재현이 어려워 장애 원인이 되기도 합니다. 안전하게는 완전한 키(우선순위, 시퀀스 등)로 비교를 정의해야 합니다. 핵심은 “비교 규칙이 자료구조의 기반”입니다.		O	TRUE	X	FALSE					dsa	heap	bug	
Q225	PQ 기반 다익스트라의 방문 처리		Data Structure & Algorithm - 탐색 알고리즘	42	OX	HARD	우선순위 큐 기반 다익스트라에서 노드를 pop할 때, 그 dist가 현재 dist 배열과 다르면 바로 continue하는 ‘lazy skip’이 필요할 수 있다.	decrease-key가 없는 PQ에서는 같은 노드가 여러 dist로 들어갈 수 있습니다. 이때 pop한 엔트리가 최신 dist가 아니면, 그 엔트리로 확장하면 불필요한 relax가 발생합니다. 면접에서는 “정답성은 유지되지만 성능이 악화된다”는 점과 함께, lazy skip이 사실상 표준 패턴임을 설명해야 합니다. 실무에서도 대규모 그래프에서 중복 엔트리가 쌓이면 시간/메모리 비용이 커져 skip 체크가 필수입니다. 또한 visited를 무조건 true로 두는 구현이 오히려 틀릴 수 있다는 점(음수는 아니더라도)까지 주의해야 합니다. 핵심은 “중복 엔트리 정리”입니다.		O	TRUE	X	FALSE					dsa	heap	dijkstra	
Q226	0-1 BFS vs 다익스트라		Data Structure & Algorithm - 탐색 알고리즘	42	OX	HARD	0-1 BFS는 특정 조건(가중치 0/1)에서는 다익스트라보다 더 단순하고 빠르게 동작할 수 있다.	0-1 BFS는 덱을 사용해 가중치 0은 앞, 1은 뒤로 넣어 거리 증가 순서를 유지합니다. 이 조건에서는 힙을 쓰는 다익스트라보다 상수항이 작고 구현도 단순해질 수 있습니다. 면접에서는 “언제 다익스트라가 필요하고, 언제 0-1 BFS로 충분한지”를 구분하는 능력을 봅니다. 실무에서도 비용이 두 단계뿐인 문제(벽 부수기, 텔레포트 비용 0/1 등)에서 자주 쓰입니다. 조건이 깨지면 즉시 PQ 기반으로 전환해야 합니다. 핵심은 “문제 제약에 맞춘 알고리즘 선택”입니다.		O	TRUE	X	FALSE					dsa	queue	deque	
Q227	단조 덱 만료 제거 인덱스		Data Structure & Algorithm - 기타 알고리즘	44	OX	HARD	단조 덱으로 슬라이딩 윈도우 최대값을 구할 때, front에 있는 인덱스가 윈도우 밖이면 먼저 제거해야 한다.	단조 덱에서 front는 현재 윈도우의 최댓값 후보입니다. 하지만 이 후보가 윈도우 범위를 벗어나면 더 이상 유효하지 않으므로 먼저 제거해야 합니다. 면접에서는 이 만료 제거가 “삽입 전/후 어느 시점에 수행되는지”까지 꼼꼼히 묻기도 합니다. 실무에서도 만료 제거 타이밍이 엇갈리면 off-by-one 버그가 발생해 결과가 틀어집니다. 또한 값이 아니라 인덱스를 저장하는 이유도 이 만료 판정 때문입니다. 핵심은 “유효 범위 유지”입니다.		O	TRUE	X	FALSE					dsa	queue	deque	
Q228	단조 스택 경계 정의(왼쪽/오른쪽)		Data Structure & Algorithm - 기타 알고리즘	44	OX	HARD	단조 스택으로 ‘이전 작은 원소’와 ‘다음 작은 원소’를 구할 때, 중복 값이 있으면 한쪽은 strict, 다른 한쪽은 non-strict로 타이브레이킹하는 설계가 자주 필요하다.	중복 값이 있을 때 양쪽을 모두 strict로 잡으면 누락/중복 계산이 발생할 수 있습니다. 그래서 한쪽은 <, 다른 쪽은 <= 를 사용해 동일 값의 소유권을 한쪽으로 몰아줍니다. 면접에서는 부분배열 최소값/최댓값 합, 히스토그램 최대 직사각형 등에서 이 규칙이 오답을 가르는 포인트라고 봅니다. 실무에서도 동일 값이 많은 데이터에서 경계 기반 집계가 틀어질 수 있어 규칙 정의가 중요합니다. 타이브레이킹은 “정답을 위한 규약”이지, 단순 취향이 아닙니다. 핵심은 “중복을 한쪽에 귀속”입니다.		O	TRUE	X	FALSE					dsa	stack	monotonic	
Q229	두 힙 중간값 짝수 정책		Data Structure & Algorithm - 비선형 구조	41	OX	HARD	온라인 중간값(two heaps)에서 원소 개수가 짝수일 때, ‘중간값’ 정의(하한/상한/평균)에 따라 반환 값이 달라질 수 있다.	짝수 개에서는 중앙에 두 값이 존재하므로 중간값 정의가 필요합니다. 어떤 문제는 작은 쪽(하한), 어떤 문제는 큰 쪽(상한), 어떤 문제는 평균을 요구합니다. 면접에서는 “정의가 설계에 반영되는지”를 확인하며, 두 힙 균형 규칙도 이 정의에 맞춰 조정합니다. 실무에서도 KPI 중앙값을 평균으로 낼지, 하한으로 낼지에 따라 해석이 달라질 수 있습니다. 구현 시 정책을 명확히 하지 않으면 테스트가 흔들리고 요구사항 불일치가 생깁니다. 핵심은 “정의가 구현을 결정”입니다.		O	TRUE	X	FALSE					dsa	heap	median	
Q230	힙에서 TopK의 대체(Quickselect)		Data Structure & Algorithm - 기타 알고리즘	44	OX	HARD	top-k 문제는 항상 힙이 최선이며, Quickselect 같은 선택 알고리즘이 더 나을 수 있는 경우는 없다.	top-k는 요구사항에 따라 최적 해법이 달라집니다. 한 번만 구하면 되는 오프라인 상황에서는 Quickselect로 k번째 원소를 찾고 주변을 정리하는 방식이 더 빠를 수 있습니다(평균 O(N)). 면접에서는 ‘스트리밍/온라인’이면 힙, ‘일회성/오프라인’이면 선택 알고리즘도 후보라는 판단을 기대합니다. 실무에서도 데이터가 한 번에 있고 메모리 내에서 처리 가능하면 선택 알고리즘이 효율적일 수 있습니다. 따라서 “항상 힙이 최선”은 과도한 단정이라 틀립니다. 핵심은 “상황에 따라 알고리즘 선택”입니다.		O	FALSE	X	TRUE					dsa	heap	topk	
Q231	큐 기반 위상정렬의 사이클 판별		Data Structure & Algorithm - 기타 알고리즘	44	OX	HARD	Kahn 위상정렬에서 처리된 노드 수가 전체 노드 수보다 작으면, 그래프에 사이클이 존재한다고 판단할 수 있다.	Kahn 알고리즘은 indegree 0 노드를 계속 제거하면서 진행합니다. 사이클이 있으면 사이클 내부 노드들의 indegree가 0이 되지 않아 큐가 먼저 비게 됩니다. 그래서 처리한 노드 수가 전체보다 작으면 사이클이 있다는 신호입니다. 면접에서는 이 판별이 왜 가능한지(사이클은 indegree 0이 될 수 없음) 설명하게 합니다. 실무에서는 의존성 그래프(DAG) 검증과 빌드 파이프라인에서 사이클 검출이 중요합니다. 핵심은 “진입차수 0 제거가 막히면 사이클”입니다.		O	TRUE	X	FALSE					dsa	queue	graph	
Q232	힙에서 lazy deletion과 인덱스		Data Structure & Algorithm - 비선형 구조	41	OX	HARD	윈도우 최대값을 힙으로 풀 때, (값, 인덱스)를 함께 저장하면 만료 원소를 top에서 걸러내기 쉬워진다.	힙은 만료 원소를 바로 삭제하기 어렵기 때문에, top이 유효한지 검사하며 lazy deletion을 합니다. 이때 인덱스가 있어야 “윈도우 밖인지”를 판단할 수 있습니다. 면접에서는 값만 넣으면 동일 값이 있을 때 어떤 것이 만료됐는지 구분할 수 없다는 점을 짚습니다. 실무에서도 타임스탬프/시퀀스 같은 보조 키가 만료 처리의 핵심입니다. 물론 단조 덱이 더 효율적인 해법일 수 있지만, 힙 풀이의 정당성은 이 보조 정보에 달려 있습니다. 핵심은 “유효성 판정에 위치 정보가 필요”입니다.		O	TRUE	X	FALSE					dsa	heap	queue	
Q233	Lock-free 큐의 선형화(Linearizability)		Data Structure & Algorithm - 선형 구조	40	OX	HARD	lock-free 큐/스택에서 CAS 성공 지점은 보통 연산의 선형화 지점(linearization point) 후보가 된다.	동시성 자료구조에서 선형화 지점은 “이 순간에 연산이 일어난 것처럼 보이는” 단일 시점입니다. lock-free 구조는 CAS로 포인터/헤드를 바꾸는 순간이 상태 변화의 핵심이므로 선형화 후보가 됩니다. 면접에서는 선형화 가능성(linearizability) 개념을 알고 있는지, 그리고 어떤 순간에 관찰 가능한 상태가 바뀌는지 설명하게 합니다. 실무에서는 정합성 검증, 디버깅, 테스트(Linearizability testing)에 중요합니다. 물론 모든 알고리즘에서 CAS 한 번이 전부는 아니고, 보조 상태(예: 마킹)가 있으면 더 복잡해질 수 있습니다. 핵심은 “관찰 가능한 상태 변화 지점”입니다.		O	TRUE	X	FALSE					dsa	queue	concurrency	
Q234	ABA 완화: Tagged pointer		Data Structure & Algorithm - 선형 구조	40	OX	HARD	ABA 문제 완화책 중 하나는 포인터 값에 버전(tag)을 함께 두어 CAS 비교 대상에 버전까지 포함시키는 것이다.	ABA는 값이 A→B→A로 돌아오면 CAS가 변화를 못 느끼는 문제입니다. 포인터에 버전(tag)을 붙여 (ptr, ver) 형태로 CAS하면, 같은 ptr로 돌아와도 ver이 달라져 변화가 감지됩니다. 면접에서는 hazard pointer/epoch reclamation과 함께 대표 완화책으로 언급됩니다. 실무에서는 단순 tag만으로 충분하지 않을 수도 있고, 메모리 회수 정책과 함께 설계해야 합니다. 또한 플랫폼의 원자적 연산 지원(더블 워드 CAS 등)도 고려해야 합니다. 핵심은 “값 + 버전으로 동일성 강화”입니다.		O	TRUE	X	FALSE					dsa	stack	concurrency	
Q235	힙 기반 PQ에서 tie-break		Data Structure & Algorithm - 비선형 구조	41	OX	HARD	동일 우선순위 처리 순서를 결정적으로 만들려면, (priority, sequence)처럼 보조 키를 비교에 포함시키는 것이 일반적이다.	힙은 안정성이 없기 때문에, 동일 우선순위의 상대 순서가 필요하면 보조 키를 넣어 완전한 순서를 정의해야 합니다. (우선순위, 시퀀스)로 비교하면 입력 순서를 유지하는 안정성을 흉내 낼 수 있습니다. 면접에서는 이런 설계가 재현성, 테스트 안정성, 이벤트 처리 정합성에서 왜 중요한지 질문합니다. 실무에서는 타임스탬프 충돌, 동일 priority 작업의 공정성 문제를 해결하는 데 쓰입니다. 보조 키가 없으면 같은 입력에서도 실행마다 결과가 달라질 수 있습니다. 핵심은 “완전한 비교 규칙으로 결정성 확보”입니다.		O	TRUE	X	FALSE					dsa	heap	priorityqueue	
Q236	힙에서 comparator 오버플로우 함정		Data Structure & Algorithm - 비선형 구조	41	OX	HARD	비교자를 (a - b)로 구현하면 overflow가 나더라도 힙 속성은 대체로 유지되므로 큰 문제는 없다.	overflow가 나면 비교 결과가 뒤집혀 ordering 자체가 깨질 수 있습니다. ordering이 깨지면 힙 불변식이 유지되지 않아 pop 결과가 틀려지고, 때로는 무한 루프/런타임 오류로 이어질 수도 있습니다. 면접에서는 이 함정을 알고 “안전한 compare 함수”를 쓰는지 확인합니다. 실무에서 이런 버그는 특정 입력에서만 터져 재현이 어렵고, 장애로 이어질 수 있습니다. 특히 priority가 큰 범위를 가질 때는 치명적입니다. 따라서 ‘대체로 괜찮다’는 주장은 틀립니다. 핵심은 “비교 규칙이 깨지면 자료구조도 깨진다”입니다.		O	FALSE	X	TRUE					dsa	heap	bug	
Q237	스택으로 재귀 시뮬레이션		Data Structure & Algorithm - 탐색 알고리즘	42	OX	HARD	재귀를 스택으로 바꿀 때는 (노드, 상태)처럼 ‘프레임 상태’를 함께 저장해야 동일한 동작을 재현할 수 있다.	단순히 노드만 스택에 넣으면, 재귀가 암묵적으로 들고 있던 “현재 단계의 진행 상태(어느 자식을 처리 중인지 등)”를 잃습니다. 그래서 (노드, iterator index) 같은 상태를 함께 저장해야 재귀와 같은 흐름을 만들 수 있습니다. 면접에서는 트리 순회(전위/중위/후위) 반복 구현에서 이 포인트가 핵심으로 나옵니다. 실무에서도 상태 머신, 파서, 백트래킹에서 재귀 제거는 흔한 최적화입니다. 상태를 제대로 저장하지 않으면 순서가 달라지거나 누락이 생깁니다. 핵심은 “스택이 재귀 프레임을 대신한다”입니다.		O	TRUE	X	FALSE					dsa	stack	dfs	
Q238	큐와 bounded buffer의 정합성		Data Structure & Algorithm - 선형 구조	40	OX	HARD	bounded queue(유한 큐)에서 empty/full 조건 처리와 동시성 제어가 어긋나면, 데이터 유실이나 중복 소비가 발생할 수 있다.	bounded buffer는 생산자와 소비자가 동시에 접근하는 전형적인 동시성 문제입니다. full인데도 push를 허용하거나, empty인데 pop을 허용하면 데이터가 유실되거나 중복 처리될 수 있습니다. 면접에서는 락/세마포어/조건 변수, 혹은 blocking queue로 안전하게 만드는 방법을 묻습니다. 실무에서는 메시지 처리 시스템에서 이런 버그가 곧바로 장애(누락/중복 결제 등)로 이어질 수 있어 매우 중요합니다. 또한 체크-후-행동(race) 문제를 피하려면 원자적 조건 보장이 필요합니다. 핵심은 “상태와 동기화의 일치”입니다.		O	TRUE	X	FALSE					dsa	queue	concurrency	
Q239	힙의 meld와 대안		Data Structure & Algorithm - 비선형 구조	41	OX	HARD	두 우선순위 큐를 자주 병합해야 한다면, 이진 힙보다 meld가 쉬운 heap 계열(예: pairing heap)을 고려할 수 있다.	이진 힙은 배열 기반이라 두 힙을 ‘붙이는 것’만으로 불변식을 유지하기 어렵고, 보통 합친 뒤 재구성이 필요합니다. 반면 pairing heap 같은 구조는 meld 연산이 상대적으로 자연스럽게 설계되어 있습니다. 면접에서는 요구 연산(삽입/삭제/병합/키 감소)에 따라 자료구조 선택이 바뀐다는 점을 기대합니다. 실무에서도 워크로드가 병합 중심이면 자료구조를 바꾸는 것이 성능을 좌우할 수 있습니다. 다만 구현 복잡도와 상수항, 검증 부담도 고려해야 합니다. 핵심은 “요구 연산 중심 선택”입니다.		O	TRUE	X	FALSE					dsa	heap	merge	
Q240	스택 기반 알고리즘의 불변식		Data Structure & Algorithm - 기타 알고리즘	44	OX	HARD	단조 스택/덱 문제에서 ‘불변식(현재 스택이 단조를 유지한다)’을 문장으로 설명할 수 있어야 디버깅과 증명이 쉬워진다.	단조 자료구조의 핵심은 항상 어떤 성질(단조 증가/감소)을 유지하도록 push/pop 규칙을 설계하는 것입니다. 면접에서는 코드보다 먼저 “불변식이 무엇이며, 왜 유지되는지”를 설명할 수 있는지를 봅니다. 실무에서도 불변식을 명확히 하면 경계 조건(중복, 만료, 인덱스) 디버깅이 훨씬 쉬워집니다. 특히 오프바이원이나 <=/< 선택 문제는 불변식 관점에서 점검하는 것이 효과적입니다. 증명 가능한 규칙을 세우면 리팩토링에도 강해집니다. 핵심은 “불변식 기반 사고”입니다.		O	TRUE	X	FALSE					dsa	stack	queue	
Q241	스택(Stack)		Data Structure & Algorithm - 선형 구조	40	INITIALS	EASY	가장 나중에 넣은 데이터가 가장 먼저 나오는 선형 자료구조는 무엇인가?	스택은 후입선출 규칙을 따르는 대표적인 선형 자료구조입니다. 데이터는 보통 한쪽 끝에서만 넣고 빼며, 이 끝을 top이라고 부릅니다. 면접에서는 push, pop, peek 같은 기본 연산과 시간 복잡도를 자주 확인합니다. 실무에서는 되돌리기 기능, 브라우저 뒤로가기, 괄호 검사 같은 문제에 자주 등장합니다. 스택은 재귀 호출과도 연결되므로 호출 흐름을 설명할 때 함께 언급하면 좋습니다.	스택									dsa	stack	linear	
Q242	큐(Queue)		Data Structure & Algorithm - 선형 구조	40	INITIALS	EASY	먼저 들어온 데이터가 먼저 나오는 선형 자료구조는 무엇인가?	큐는 선입선출 규칙을 따르는 대표적인 자료구조입니다. 삽입은 보통 rear에서 하고, 삭제는 front에서 수행합니다. 면접에서는 enqueue, dequeue 용어와 front, rear 포인터의 의미를 묻는 경우가 많습니다. 실무에서는 작업 대기열, 프린터 스풀, 메시지 처리 같은 흐름 제어에 활용됩니다. 큐는 BFS와도 강하게 연결되어 있어 함께 설명하면 이해도가 높아 보입니다.	큐									dsa	queue	linear	
Q243	힙(Heap)		Data Structure & Algorithm - 비선형 구조	41	INITIALS	EASY	부모 노드가 자식 노드보다 우선순위를 갖도록 구성되는 완전 이진 트리 기반 자료구조는 무엇인가?	힙은 루트에 가장 큰 값 또는 가장 작은 값이 오도록 유지하는 자료구조입니다. 완전 이진 트리 형태를 유지하며 보통 배열로 구현합니다. 면접에서는 최소 힙과 최대 힙의 차이, 그리고 삽입 삭제가 어떻게 동작하는지 자주 질문합니다. 실무에서는 우선순위가 높은 작업을 빠르게 꺼내야 하는 상황에 많이 사용됩니다. 힙은 전체 정렬 구조가 아니라 루트 중심으로만 정렬 성질을 가진다는 점도 같이 기억해야 합니다.	힙									dsa	heap	tree	
Q244	우선순위 큐(Priority Queue)		Data Structure & Algorithm - 비선형 구조	41	INITIALS	EASY	삽입 순서와 상관없이 우선순위가 높은 데이터가 먼저 나오는 자료구조는 무엇인가?	우선순위 큐는 가장 중요한 요소를 먼저 처리하기 위한 큐 형태의 추상 자료구조입니다. 구현은 보통 힙을 사용해 top을 빠르게 꺼낼 수 있게 합니다. 면접에서는 일반 큐와의 차이, 그리고 어디에 쓰는지 사례를 자주 묻습니다. 실무에서는 스케줄러, 다익스트라, 이벤트 처리 같은 곳에서 매우 자주 쓰입니다. 동일 우선순위의 처리 순서가 보장되지 않을 수 있어 요구사항에 따라 보조 키를 두는 점도 중요합니다.	우선순위 큐									dsa	heap	priorityqueue	
Q245	덱(Deque)		Data Structure & Algorithm - 선형 구조	40	INITIALS	EASY	자료를 앞과 뒤 양쪽에서 모두 넣고 뺄 수 있는 자료구조는 무엇인가?	덱은 양쪽 끝에서 삽입과 삭제가 가능한 선형 자료구조입니다. 큐와 스택의 기능을 모두 흉내 낼 수 있어 활용 범위가 넓습니다. 면접에서는 덱이 어디에 유리한지, 그리고 큐와의 차이를 물을 수 있습니다. 실무에서는 슬라이딩 윈도우 같은 문제에서 단조 덱으로 성능을 크게 개선하기도 합니다. 단, 구현에서 front와 rear의 경계 조건이 헷갈리기 쉬워 테스트가 중요합니다.	덱									dsa	queue	deque	
Q246	후입선출(LIFO)		Data Structure & Algorithm - 선형 구조	40	INITIALS	EASY	가장 나중에 들어온 데이터가 가장 먼저 처리되는 규칙을 무엇이라고 하는가?	후입선출은 스택의 핵심 동작 원리입니다. 마지막에 들어온 것이 먼저 나가므로 최근 작업을 되돌리거나 되감기 하는 흐름에 잘 맞습니다. 면접에서는 LIFO가 왜 스택과 연결되는지 기본 개념을 확인합니다. 실무에서는 실행 취소, 호출 스택, 괄호 처리 같은 대표 사례로 설명할 수 있습니다. LIFO를 FIFO와 비교해 말하면 차이가 더 명확해집니다.	후입선출									dsa	stack	principle	
Q247	선입선출(FIFO)		Data Structure & Algorithm - 선형 구조	40	INITIALS	EASY	먼저 들어온 데이터가 먼저 처리되는 규칙을 무엇이라고 하는가?	선입선출은 큐의 핵심 동작 원리입니다. 입력 순서대로 처리되므로 공정한 대기열 모델링에 적합합니다. 면접에서는 FIFO가 어떤 상황에 필요한지 예시를 함께 묻는 경우가 많습니다. 실무에서는 요청 처리, 작업 큐, 스트리밍 처리에서 FIFO가 기본입니다. FIFO를 사용하면 처리 순서가 예측 가능해 운영과 디버깅에도 유리합니다.	선입선출									dsa	queue	principle	
Q248	푸시(Push)		Data Structure & Algorithm - 선형 구조	40	INITIALS	EASY	스택의 맨 위에 새로운 데이터를 추가하는 연산을 무엇이라고 하는가?	푸시는 스택에 데이터를 넣는 기본 연산입니다. 보통 top 위치가 한 칸 이동하며 데이터가 쌓이는 형태로 동작합니다. 면접에서는 push의 시간 복잡도가 보통 O1인지 확인하는 질문이 나올 수 있습니다. 실무에서는 입력 처리나 되돌리기 기능에서 push가 반복적으로 수행됩니다. 배열 기반 스택은 용량을 넘으면 오버플로우가 날 수 있어 예외 처리가 필요합니다.	푸시									dsa	stack	operation	
Q249	팝(Pop)		Data Structure & Algorithm - 선형 구조	40	INITIALS	EASY	스택의 맨 위 데이터를 제거하며 반환하는 연산을 무엇이라고 하는가?	팝은 스택에서 데이터를 꺼내는 기본 연산입니다. 가장 마지막에 들어온 데이터가 가장 먼저 나오는 성질을 그대로 보여줍니다. 면접에서는 스택이 비어 있을 때 pop을 하면 어떤 문제가 생기는지 언더플로우 관점으로 질문합니다. 실무에서도 실행 취소나 백트래킹에서 pop이 매우 자주 등장합니다. pop 전에 비어 있는지 확인하는 방어 로직이 안정성을 높입니다.	팝									dsa	stack	operation	
Q250	인큐(Enqueue)		Data Structure & Algorithm - 선형 구조	40	INITIALS	EASY	큐의 뒤쪽에 데이터를 추가하는 연산을 무엇이라고 하는가?	인큐는 큐에 데이터를 넣는 기본 연산입니다. 보통 rear 위치에 데이터를 추가하고 rear 포인터를 이동시킵니다. 면접에서는 인큐가 어디에서 일어나는지 rear와 연결해 설명할 수 있어야 합니다. 실무에서는 작업 요청을 대기열에 넣을 때 인큐 개념이 그대로 적용됩니다. 용량 제한이 있는 큐라면 가득 찼을 때의 처리 정책도 함께 고려해야 합니다.	인큐									dsa	queue	operation	
Q251	디큐(Dequeue)		Data Structure & Algorithm - 선형 구조	40	INITIALS	EASY	큐의 앞쪽에서 데이터를 제거하며 반환하는 연산을 무엇이라고 하는가?	디큐는 큐에서 데이터를 꺼내는 기본 연산입니다. front 위치에서 제거가 일어나며, 처리 순서는 FIFO를 따릅니다. 면접에서는 디큐가 front에서 수행된다는 점을 정확히 말할 수 있어야 합니다. 실무에서는 작업 소비자나 메시지 컨슈머가 디큐 역할을 수행합니다. 큐가 비었을 때 디큐를 시도하면 언더플로우 문제가 생길 수 있어 방어가 필요합니다.	디큐									dsa	queue	operation	
Q252	피크(Peek)		Data Structure & Algorithm - 선형 구조	40	INITIALS	EASY	스택이나 큐에서 데이터를 제거하지 않고 맨 앞 또는 맨 위 값을 확인하는 연산을 무엇이라고 하는가?	피크는 제거 없이 현재 접근 가능한 값을 확인하는 연산입니다. 스택에서는 top 값을, 큐에서는 front 값을 확인하는 용도로 사용됩니다. 면접에서는 pop이나 dequeue와의 차이를 정확히 설명할 수 있어야 합니다. 실무에서는 다음에 처리할 작업을 미리 확인하거나 조건 분기를 할 때 유용합니다. 자료구조가 비어 있을 때 피크를 호출하면 예외가 될 수 있어 빈 상태 체크가 중요합니다.	피크									dsa	stack	queue	
Q253	프론트(Front)		Data Structure & Algorithm - 선형 구조	40	INITIALS	EASY	큐에서 다음에 제거될 데이터가 위치하는 쪽을 무엇이라고 하는가?	프론트는 큐에서 데이터를 꺼내는 방향의 끝을 의미합니다. dequeue는 프론트에서 수행되고, peek도 보통 프론트를 확인합니다. 면접에서는 front와 rear를 혼동하는지 자주 체크합니다. 실무에서는 큐가 길어질 때 front 이동이 정확해야 데이터 순서가 유지됩니다. 원형 큐에서는 front 인덱스의 모듈러 이동이 핵심 포인트입니다.	프론트									dsa	queue	pointer	
Q254	리어(Rear)		Data Structure & Algorithm - 선형 구조	40	INITIALS	EASY	큐에서 새로운 데이터가 추가되는 쪽을 무엇이라고 하는가?	리어는 큐에 데이터를 넣는 방향의 끝을 의미합니다. enqueue는 리어에서 수행되며 리어 포인터가 이동합니다. 면접에서는 rear가 어디에 쓰이는지 인큐 연산과 연결해 설명해야 합니다. 실무에서는 생산자 역할이 리어 쪽으로 데이터를 계속 넣는 흐름이 많습니다. 원형 큐에서는 rear와 front가 만나는 조건이 empty와 full 구분 문제로 이어질 수 있습니다.	리어									dsa	queue	pointer	
Q255	원형 큐(Circular Queue)		Data Structure & Algorithm - 선형 구조	40	INITIALS	EASY	배열로 큐를 구현할 때 인덱스를 순환시키며 공간을 재사용하는 방식의 큐를 무엇이라고 하는가?	원형 큐는 배열 큐에서 앞쪽 공간이 비어도 재사용하지 못하는 문제를 해결합니다. front와 rear 인덱스를 끝에 도달하면 다시 처음으로 돌려서 사용합니다. 면접에서는 empty와 full을 어떻게 구분하는지 같은 경계 조건 질문이 자주 나옵니다. 실무에서는 고정 크기 버퍼, 스트리밍 버퍼, 네트워크 링 버퍼 같은 곳에 많이 쓰입니다. 오프바이원 실수가 잦으니 가득 참과 비어 있음 테스트를 꼭 넣는 것이 좋습니다.	원형 큐									dsa	queue	implementation	
Q256	언더플로우(Underflow)		Data Structure & Algorithm - 선형 구조	40	INITIALS	EASY	스택이나 큐가 비어 있는데 삭제 연산을 시도할 때 발생하는 오류 상황을 무엇이라고 하는가?	언더플로우는 자료구조가 비어 있는데 pop이나 dequeue를 시도할 때 발생합니다. 면접에서는 오버플로우와 함께 비교해서 설명하라고 할 수 있습니다. 실무에서는 예외 처리나 빈 상태 체크로 예방하는 것이 일반적입니다. 특히 입력이 불규칙한 스트리밍 처리에서는 언더플로우 방지가 안정성에 직접 영향을 줍니다. 따라서 연산 전에 isEmpty 같은 검사를 두는 습관이 중요합니다.	언더플로우									dsa	stack	queue	
Q257	오버플로우(Overflow)		Data Structure & Algorithm - 선형 구조	40	INITIALS	EASY	고정 크기 스택이나 큐에서 용량을 초과해 데이터를 넣으려 할 때의 오류 상황을 무엇이라고 하는가?	오버플로우는 자료구조가 가득 찼는데 push나 enqueue를 시도할 때 발생합니다. 배열 기반 구현에서 특히 자주 등장하며, 용량 제한을 명확히 관리해야 합니다. 면접에서는 오버플로우를 방지하는 방법으로 동적 확장이나 예외 처리 전략을 묻기도 합니다. 실무에서는 bounded queue를 운영할 때 드롭 정책이나 backpressure가 필요할 수 있습니다. 즉, 오버플로우는 단순 오류가 아니라 시스템 설계 정책과도 연결됩니다.	오버플로우									dsa	queue	stack	
Q258	최소 힙(Min Heap)		Data Structure & Algorithm - 비선형 구조	41	INITIALS	EASY	루트에 가장 작은 값이 오도록 유지되는 힙의 종류를 무엇이라고 하는가?	최소 힙은 루트가 항상 최솟값이 되도록 유지되는 힙입니다. 삽입 시에는 위로 올라가며 정렬되고, 삭제 시에는 아래로 내려가며 정렬됩니다. 면접에서는 최소 힙이 우선순위 큐에서 어떤 역할을 하는지 설명하는 문제가 자주 나옵니다. 실무에서는 가장 작은 비용, 가장 이른 시간, 가장 높은 우선순위 같은 기준을 빠르게 뽑을 때 사용됩니다. 최소 힙은 전체 정렬이 아니라 루트 중심의 정렬만 보장한다는 점을 함께 기억해야 합니다.	최소 힙									dsa	heap	priorityqueue	
Q259	최대 힙(Max Heap)		Data Structure & Algorithm - 비선형 구조	41	INITIALS	EASY	루트에 가장 큰 값이 오도록 유지되는 힙의 종류를 무엇이라고 하는가?	최대 힙은 루트가 항상 최댓값이 되도록 유지되는 힙입니다. 가장 큰 값을 빠르게 꺼낼 수 있어 상위 값 추적에 적합합니다. 면접에서는 최소 힙과 최대 힙의 차이를 비교자로 설명할 수 있어야 합니다. 실무에서는 최대값 기반 랭킹, 최대 우선 작업 처리 등에서 활용됩니다. 언어별 기본 우선순위 큐가 최소 힙인지 최대 힙인지도 같이 확인해두면 좋습니다.	최대 힙									dsa	heap	priorityqueue	
Q260	힙화(Heapify)		Data Structure & Algorithm - 비선형 구조	41	INITIALS	EASY	배열을 힙의 성질을 만족하도록 재구성하는 과정을 무엇이라고 하는가?	힙화는 주어진 배열을 힙 조건을 만족하도록 만드는 과정입니다. 보통 특정 노드에서 아래로 내려가며 정렬하는 방식으로 구현됩니다. 면접에서는 heapify가 삽입과 삭제에서 왜 필요한지 흐름을 설명하는 문제가 나옵니다. 실무에서는 대량 데이터를 한 번에 우선순위 큐 형태로 만들 때 힙화 개념이 유용합니다. 힙화는 전체를 정렬하는 것이 아니라 힙 조건만 맞추는 과정이라는 점을 분명히 해야 합니다.	힙화									dsa	heap	implementation	
Q261	콜 스택(Call Stack)		Computer Science - 메모리와 하드웨어 구조	67	INITIALS	EASY	함수 호출이 중첩될 때 실행 흐름과 복귀 지점을 쌓아 관리하는 스택 구조를 무엇이라고 하는가?	콜 스택은 함수가 호출될 때마다 스택 프레임이 쌓이고, 함수가 종료되면 역순으로 복귀하는 구조입니다. 스택의 LIFO 성질이 그대로 적용되며 재귀 호출을 이해하는 핵심이 됩니다. 면접에서는 스택 오버플로우가 왜 발생하는지 콜 스택 관점에서 설명하라고 자주 묻습니다. 실무에서는 무한 재귀, 과도한 깊이의 호출 체인, 큰 지역 변수 때문에 문제가 생길 수 있어 디버깅 포인트로 중요합니다. 콜 스택을 이해하면 예외 발생 시 스택 트레이스가 왜 그런 순서로 찍히는지도 자연스럽게 설명할 수 있습니다.	콜스택									dsa	stack	runtime	
Q262	스택 프레임(Stack Frame)		Computer Science - 메모리와 하드웨어 구조	67	INITIALS	EASY	함수 호출 시 지역 변수와 매개변수, 복귀 주소 등을 담는 실행 단위를 무엇이라고 하는가?	스택 프레임은 함수 호출마다 생성되는 “호출 단위”로, 지역 변수와 매개변수, 리턴 주소 같은 정보가 들어갑니다. 면접에서는 재귀에서 프레임이 어떻게 늘어나는지, 그리고 왜 깊이가 커지면 위험한지 묻습니다. 실무에서는 프레임 크기가 커지면(큰 지역 배열 등) 스택 오버플로우 위험이 증가합니다. 언어/컴파일러에 따라 프레임 구성은 달라질 수 있지만 개념은 동일합니다. 스택 프레임을 이해하면 디버거에서 호출 스택을 읽는 능력이 좋아집니다.	스택프레임									dsa	stack	memory	
Q263	스택 포인터(Stack Pointer)		Computer Science - 메모리와 하드웨어 구조	67	INITIALS	EASY	현재 스택의 최상단 위치를 가리키는 포인터(레지스터)를 무엇이라고 하는가?	스택 포인터는 CPU/런타임이 스택의 top 위치를 추적하기 위해 사용하는 값입니다. 함수 호출과 반환, 지역 변수 할당에서 스택 포인터가 움직이며 스택 프레임이 생성/해제됩니다. 면접에서는 call/ret 동작과 함께 스택 포인터가 왜 필요한지 물을 수 있습니다. 실무에서는 스택 포인터가 비정상적으로 손상되면 크래시가 발생하거나 디버깅이 매우 어려워질 수 있습니다. 메모리 덤프 분석에서도 핵심 단서가 되는 개념입니다.	스택포인터									dsa	stack	hardware	
Q264	링 버퍼(Ring Buffer)		Data Structure & Algorithm - 선형 구조	40	INITIALS	EASY	고정 크기 배열을 순환시키며 데이터를 저장하는 버퍼 구조를 무엇이라고 하는가?	링 버퍼는 원형 큐와 거의 같은 아이디어로, 인덱스를 순환시키며 공간을 재사용합니다. 면접에서는 원형 큐와 링 버퍼를 같은 개념으로 볼 수 있는지, 어디에 쓰이는지 묻기도 합니다. 실무에서는 오디오/네트워크 스트리밍, 로그 수집, 생산자-소비자 버퍼에서 많이 사용됩니다. 고정 크기이기 때문에 오버플로우 시 정책(덮어쓰기/드롭/블로킹)을 정해야 합니다. 구현에서 모듈러 연산과 경계 조건이 버그 포인트가 되기 쉽습니다.	링버퍼									dsa	queue	buffer	
Q265	큐잉(Queueing)		Data Structure & Algorithm - 선형 구조	40	INITIALS	EASY	요청이나 작업을 처리 순서대로 대기열에 쌓아두는 동작을 무엇이라고 하는가?	큐잉은 작업을 즉시 처리하지 못할 때 대기열에 넣어 순차 처리하는 패턴입니다. 면접에서는 큐잉이 시스템 안정성에 도움이 되는 이유와, 반대로 지연을 늘릴 수 있는 위험도 묻습니다. 실무에서는 서버 요청 처리, 메시지 브로커, 작업 스케줄러에서 기본적으로 등장합니다. 큐가 무한히 커지면 지연이 커지므로 bounded queue, 드롭 정책, backpressure 같은 전략이 필요합니다. 단순 자료구조 개념을 시스템 설계로 확장해 설명할 수 있으면 강점입니다.	큐잉									dsa	queue	system	
Q266	백트래킹(Backtracking)		Data Structure & Algorithm - 기타 알고리즘	44	INITIALS	EASY	선택을 진행하다가 조건에 맞지 않으면 이전 상태로 되돌아가 다른 선택지를 탐색하는 기법을 무엇이라고 하는가?	백트래킹은 탐색 과정에서 “되돌리기”가 핵심이라 스택(재귀/명시적 스택)과 자주 연결됩니다. 면접에서는 DFS와의 관계, 가지치기(pruning)를 어떻게 하는지 질문이 나옵니다. 실무에서는 조합 탐색, 퍼즐, 제약 조건 탐색 같은 문제에서 등장합니다. 되돌릴 상태를 정확히 관리하지 않으면 오답이 되기 쉬워 상태 복구 로직이 중요합니다. 또한 탐색 공간이 커지면 시간 폭발이 나므로 pruning 전략이 성능의 핵심이 됩니다.	백트래킹									dsa	stack	dfs	
Q267	너비 우선 탐색(BFS)		Data Structure & Algorithm - 탐색 알고리즘	42	INITIALS	EASY	가까운 거리(레벨)부터 차례로 탐색하는 그래프/트리 탐색 방법을 무엇이라고 하는가?	BFS는 큐를 이용해 레벨 순으로 노드를 방문합니다. 무가중치 그래프에서 최단거리(간선 수)를 보장한다는 점이 대표 포인트입니다. 면접에서는 왜 최단거리가 보장되는지 FIFO 특성과 연결해 설명하라고 자주 묻습니다. 실무에서는 최단 이동 횟수, 확산 시뮬레이션, 네트워크 거리 계산 등에 쓰입니다. visited를 enqueue 시점에 처리해 중복 삽입을 줄이는 것이 일반적인 구현 팁입니다.	너비우선탐색									dsa	queue	bfs	
Q268	깊이 우선 탐색(DFS)		Data Structure & Algorithm - 탐색 알고리즘	42	INITIALS	EASY	한 경로를 끝까지 파고들며 탐색하는 그래프/트리 탐색 방법을 무엇이라고 하는가?	DFS는 재귀 또는 명시적 스택으로 구현되며 한 경로를 깊게 탐색한 뒤 되돌아옵니다. 면접에서는 DFS가 스택과 연결되는 이유(콜 스택/명시적 스택)를 설명하게 합니다. 실무에서는 연결 요소 탐색, 사이클 검출, 백트래킹 기반 탐색에 자주 쓰입니다. 재귀 DFS는 깊이가 커지면 스택 오버플로우 위험이 있어 반복 DFS로 바꾸는 판단이 필요합니다. 또한 visited 처리 타이밍이 성능과 정답성에 영향을 줄 수 있습니다.	깊이우선탐색									dsa	stack	dfs	
Q269	괄호 매칭(Parentheses Matching)		Data Structure & Algorithm - 선형 구조	40	INITIALS	EASY	괄호 문자열이 올바른지 검사할 때 대표적으로 사용하는 스택 기반 문제를 무엇이라고 하는가?	괄호 매칭은 열림 괄호를 스택에 넣고 닫힘 괄호가 나오면 top과 짝이 맞는지 확인하는 방식입니다. 면접에서는 스택이 비었는데 닫힘 괄호가 나오면 즉시 실패라는 예외 케이스를 자주 묻습니다. 실무에서도 수식 파싱, 컴파일러 전처리, 템플릿 검사 등에서 응용됩니다. 단순하지만 예외 처리(빈 스택, 마지막에 남는 스택)가 오답 포인트입니다. 스택으로 “최근 상태를 기억했다가 되돌아간다”는 개념을 보여주는 대표 사례입니다.	괄호매칭									dsa	stack	parsing	
Q270	중위 표기식(Infix)		Data Structure & Algorithm - 기타 알고리즘	44	INITIALS	EASY	연산자가 피연산자 사이에 위치하는 일반적인 수식 표기 방식을 무엇이라고 하는가?	중위 표기식은 우리가 보통 사용하는 3 + 4 형태의 표기입니다. 면접에서는 중위→후위(또는 전위) 변환에서 스택을 왜 쓰는지 연결 질문이 나옵니다. 실무에서는 파서나 계산기 구현, 수식 처리에서 기본 전제가 되는 표기법입니다. 중위 표기는 괄호와 우선순위 처리가 필요해 변환 알고리즘이 자주 출제됩니다. 따라서 “표기법 이름”과 함께 “왜 변환이 필요한지”까지 말할 수 있으면 좋습니다.	중위표기식									dsa	stack	expression	
Q271	후위 표기식(Postfix)		Data Structure & Algorithm - 기타 알고리즘	44	INITIALS	EASY	연산자가 피연산자 뒤에 위치하며 스택으로 평가하기 쉬운 수식 표기 방식을 무엇이라고 하는가?	후위 표기식은 3 4 + 처럼 연산자가 뒤에 옵니다. 괄호가 없어도 우선순위를 표현할 수 있어 스택 기반 평가가 간단해집니다. 면접에서는 후위 표기식을 스택으로 어떻게 계산하는지(피연산자 push, 연산자 pop 2개) 자주 묻습니다. 실무에서는 컴파일러의 중간 표현이나 계산기 구현에서 등장합니다. 스택을 사용하면 O(N)으로 한 번 순회하며 계산할 수 있다는 점이 핵심입니다.	후위표기식									dsa	stack	expression	
Q272	스택 오버플로우(Stack Overflow)		Computer Science - 메모리와 하드웨어 구조	67	INITIALS	EASY	재귀가 너무 깊어지거나 스택 사용량이 커져 프로그램이 비정상 종료되는 현상을 무엇이라고 하는가?	스택 오버플로우는 콜 스택 공간을 초과해 더 이상 프레임을 쌓지 못하는 상황입니다. 면접에서는 원인(무한 재귀, 깊은 호출, 큰 지역 변수)과 해결책(반복 구현, 힙 할당, 꼬리 재귀 최적화 여부)을 묻습니다. 실무에서는 입력 크기 증가로 갑자기 발생하는 경우가 있어 위험합니다. 특히 온라인 저지나 서버 환경은 스택 크기 제한이 있어 더 민감합니다. 재귀를 쓸 때는 최대 깊이를 추정하고 방어 전략을 갖추는 것이 좋습니다.	스택오버플로우									dsa	stack	memory	
Q273	우선순위(Priority)		Data Structure & Algorithm - 비선형 구조	41	INITIALS	EASY	우선순위 큐에서 먼저 처리할 항목을 결정하는 기준을 무엇이라고 하는가?	우선순위는 “무엇을 먼저 처리할지”를 정의하는 규칙입니다. 면접에서는 우선순위를 값 하나로만 두는지, 동점일 때는 어떤 tie-break를 둘지까지 물어볼 수 있습니다. 실무에서는 스케줄링, 긴급 작업 처리, 이벤트 시뮬레이션 등에서 우선순위 설계가 중요합니다. 우선순위가 불명확하면 시스템이 비결정적으로 동작해 재현성 문제가 생길 수 있습니다. 따라서 priority를 설계할 때는 비교 규칙을 완전하게 정의하는 습관이 좋습니다.	우선순위									dsa	heap	priorityqueue	
Q274	힙 정렬(Heap Sort)		Data Structure & Algorithm - 정렬 알고리즘	43	INITIALS	EASY	힙을 구성한 뒤 최댓값/최솟값을 반복적으로 꺼내 정렬하는 알고리즘을 무엇이라고 하는가?	힙 정렬은 힙을 만든 뒤 루트(극값)를 배열 끝으로 보내며 정렬하는 방식입니다. 면접에서는 시간 복잡도 O(N log N)와 안정 정렬이 아니라는 점을 자주 묻습니다. 실무에서는 추가 메모리를 거의 쓰지 않는(in-place) 정렬이 장점이 될 수 있습니다. 다만 일반적으로 퀵/병합/팀소트가 더 자주 쓰이므로, 힙 정렬은 특징 비교 중심으로 말하는 것이 좋습니다. “힙은 top 추출에 강하고, 이를 반복하면 정렬이 된다”는 연결을 기억해두면 좋습니다.	힙정렬									dsa	heap	sort	
Q275	레벨 순회(Level Order)		Data Structure & Algorithm - 탐색 알고리즘	42	INITIALS	EASY	트리를 깊이가 낮은 레벨부터 방문하는 순회 방식을 무엇이라고 하는가?	레벨 순회는 트리를 위에서 아래로, 같은 레벨을 먼저 방문하는 방식입니다. 구현은 큐를 사용한 BFS와 동일한 패턴입니다. 면접에서는 전위/중위/후위와 비교하여 레벨 순회의 특징을 설명하라고 나옵니다. 실무에서는 트리의 레벨별 처리, 직렬화(serialize), UI 레이아웃 계산 등에 응용됩니다. 큐를 이용해 (노드, 레벨) 정보를 함께 다루면 레벨별 집계도 쉽게 할 수 있습니다.	레벨순회									dsa	queue	bfs	
Q276	작업 스케줄링(Job Scheduling)		Data Structure & Algorithm - 비선형 구조	41	INITIALS	EASY	우선순위에 따라 작업을 먼저 처리하도록 설계하는 문제/패턴을 무엇이라고 하는가?	작업 스케줄링은 우선순위 큐(힙)를 이용해 “다음에 처리할 작업”을 빠르게 선택하는 전형적인 패턴입니다. 면접에서는 CPU 스케줄링과 연결해서 설명할 수도 있고, 우선순위 기준이 무엇인지 설계 관점 질문이 나올 수 있습니다. 실무에서는 배치 작업, 예약 작업, 알림 발송, 타이머 큐 등에서 등장합니다. 스케줄링은 공정성(기아 starvation) 문제를 만들 수 있어, 우선순위만으로 처리할 때의 부작용도 함께 고려해야 합니다. 좋은 답변은 “자료구조 + 정책”을 같이 언급하는 것입니다.	작업스케줄링									dsa	heap	scheduling	
Q277	큐 기반 버퍼링(Buffering)		Data Structure & Algorithm - 선형 구조	40	INITIALS	EASY	생산 속도와 소비 속도의 차이를 흡수하기 위해 중간에 데이터를 쌓아두는 전략을 무엇이라고 하는가?	버퍼링은 처리 속도 차이로 생기는 튐을 완화하기 위해 임시 저장소를 두는 전략입니다. 큐나 링 버퍼 같은 구조가 흔히 사용됩니다. 면접에서는 버퍼가 너무 커지면 지연이 누적된다는 점과, bounded buffer에서의 정책(드롭/블로킹)을 함께 묻기도 합니다. 실무에서는 스트리밍, 네트워크, 로그 수집에서 버퍼링이 필수입니다. “버퍼=큐”로 단순화하지 말고, 용량과 backpressure까지 언급하면 설계 이해도가 높아 보입니다.	버퍼링									dsa	queue	buffer	
Q278	단조 덱(Monotonic Deque)		Data Structure & Algorithm - 기타 알고리즘	44	INITIALS	EASY	슬라이딩 윈도우 최댓값/최솟값을 빠르게 구할 때 쓰는, 덱을 단조로 유지하는 기법을 무엇이라고 하는가?	단조 덱은 덱 내부를 값 기준 단조 증가 또는 단조 감소로 유지해 front가 항상 최댓값/최솟값 후보가 되게 합니다. 면접에서는 각 원소가 최대 한 번 들어가고 한 번 나가므로 전체 O(N)이라는 점이 핵심으로 나옵니다. 실무에서도 시계열 지표의 이동 최대/최소 계산에 매우 유용합니다. 인덱스를 함께 저장해 만료를 제거하는 구현이 일반적입니다. 덱의 단조 조건과 만료 제거 타이밍이 가장 흔한 오답 포인트입니다.	단조덱									dsa	queue	deque	
Q279	단조 스택(Monotonic Stack)		Data Structure & Algorithm - 기타 알고리즘	44	INITIALS	EASY	다음 큰 수, 주가 스팬 등에서 스택을 단조로 유지해 선형 시간에 푸는 기법을 무엇이라고 하는가?	단조 스택은 push할 때 단조 조건을 깨는 원소를 미리 pop하여 스택이 항상 증가/감소 상태를 유지하게 합니다. 면접에서는 while로 pop이 많아 보여도 총 pop이 N을 넘지 않아 O(N)이라는 분석을 자주 묻습니다. 실무에서도 경계 계산, 이전/다음 큰 원소 찾기에서 강력한 패턴입니다. 중복 값 처리에서 <와 <= 선택이 결과를 바꿀 수 있어 주의해야 합니다. 인덱스를 저장하면 정답 위치 갱신이 쉬워 재사용성이 좋아집니다.	단조스택									dsa	stack	monotonic	
Q280	최소값 추적 스택(Min Stack)		Data Structure & Algorithm - 선형 구조	40	INITIALS	EASY	현재 최소값을 O(1)에 조회할 수 있도록 보조 구조를 함께 유지하는 스택을 무엇이라고 하는가?	최소값 추적 스택은 값 스택과 최소값 스택을 함께 두어 현재 최소값을 즉시 확인합니다. 면접에서는 중복 최소값 처리와 pop 시 두 스택 동기화를 설명해야 합니다. 실무에서는 알고리즘 문제에서 자주 등장하지만, “상태를 함께 유지해 조회 비용을 줄이는” 설계 사고 자체가 중요합니다. 구현이 단순해 보여도 empty 처리나 동기화가 어긋나면 최소값이 깨집니다. 따라서 테스트 케이스로 push/pop 반복과 동일 최소값 반복 입력을 꼭 넣는 것이 좋습니다.	최소값추적스택									dsa	stack	design	
Q281	원형 덱(Circular Deque)		Data Structure & Algorithm - 선형 구조	40	INITIALS	MEDIUM	앞뒤 삽입 삭제를 지원하면서, 배열 인덱스를 순환시켜 공간을 재사용하는 덱 구현을 무엇이라고 하는가?	원형 덱은 덱을 배열로 구현할 때 front와 rear 인덱스를 모듈러로 이동시키며 공간을 재사용합니다. 면접에서는 원형 큐와 유사하지만 “양쪽 연산”까지 고려해야 해서 경계 조건이 더 까다롭다는 점을 자주 짚습니다. 실무에서는 고정 크기 버퍼에서 앞뒤 삽입이 필요할 때 유용합니다. empty와 full 판정이 구현에 따라 달라질 수 있어 한 칸을 비워두는 방식 또는 size 카운터 방식 등을 명확히 해야 합니다. 오프바이원 버그가 흔하므로 테스트 케이스를 촘촘히 두는 게 중요합니다.	원형덱									dsa	queue	deque	
Q282	멀티셋 우선순위 큐(Multi-set Priority Queue)		Data Structure & Algorithm - 비선형 구조	41	INITIALS	MEDIUM	동일 우선순위 원소가 여러 개 존재하는 상황을 자연스럽게 다루는 우선순위 큐 형태를 무엇이라고 하는가?	멀티셋 우선순위 큐는 같은 우선순위 값이 여러 번 들어올 수 있는 상황을 전제로 합니다. 면접에서는 “동일 키가 있을 때도 올바르게 동작해야 한다”는 점을 확인하며, 안정성(입력 순서 보장)은 별개의 요구라고 구분해야 합니다. 실무에서는 작업 우선순위가 같은 요청이 대량으로 들어오는 경우가 많아 중복 처리를 당연히 지원해야 합니다. 구현 자체는 일반 PQ도 멀티셋을 허용하지만, 제거/취소 같은 연산이 추가되면 동기화가 까다로워집니다. 따라서 요구 연산에 따라 힙+해시맵 같은 조합이 필요할 수 있습니다.	멀티셋우선순위큐									dsa	heap	priorityqueue	
Q283	안정 우선순위 큐(Stable Priority Queue)		Data Structure & Algorithm - 비선형 구조	41	INITIALS	MEDIUM	동일 우선순위에서 입력 순서를 보장하도록 설계된 우선순위 큐를 무엇이라고 하는가?	안정 우선순위 큐는 같은 priority인 항목들 사이에서 FIFO처럼 입력 순서를 유지합니다. 면접에서는 “일반 힙은 안정성을 보장하지 않는다”는 점을 알고, 보조 키(시퀀스 번호)를 붙여 해결하는 방법을 말할 수 있어야 합니다. 실무에서는 이벤트 처리나 스케줄링에서 결정적(deterministic) 결과가 필요할 때 중요합니다. 안정성이 없으면 실행마다 처리 순서가 달라져 재현성 문제가 생길 수 있습니다. 따라서 (priority, seq) 비교로 완전한 순서를 만드는 설계가 자주 쓰입니다.	안정우선순위큐									dsa	heap	queue	
Q284	분할 상환 분석(Amortized Analysis)		Data Structure & Algorithm - 복잡도 분석	45	INITIALS	MEDIUM	개별 연산 최악은 크지만, 연산들의 총 비용을 평균적으로 나눠 보는 분석을 무엇이라고 하는가?	분할 상환 분석은 특정 연산이 가끔 비싸더라도 전체 연산 시퀀스에서 평균 비용이 낮음을 보이는 방법입니다. 면접에서는 두 스택으로 구현한 큐, 동적 배열 확장 같은 대표 예제로 자주 출제됩니다. 실무에서도 “가끔 튀는 지연”이 실제로는 전체 처리량에 큰 영향이 없는지 평가할 때 도움이 됩니다. 다만 평균이 낮다고 해서 tail latency가 중요하지 않은 건 아니므로, 시스템 요구사항에 맞춰 해석해야 합니다. 분석 관점을 알고 있으면 성능 설명을 더 설득력 있게 할 수 있습니다.	분할상환분석									dsa	complexity	analysis	
Q285	두 스택 큐(Two-Stack Queue)		Data Structure & Algorithm - 선형 구조	40	INITIALS	MEDIUM	두 개의 스택을 이용해 큐의 동작을 구현하는 기법을 무엇이라고 하는가?	두 스택 큐는 in 스택에 push하고, out 스택에서 pop하며 FIFO를 구현합니다. out이 비었을 때만 in의 원소를 모두 옮겨서 분할 상환 O(1)을 얻는 것이 핵심입니다. 면접에서는 왜 amortized O(1)인지, 각 원소가 이동하는 횟수가 제한된다는 설명을 기대합니다. 실무에서는 실제 구현보다 “자료구조를 조합해 다른 ADT를 만든다”는 사고가 중요합니다. 또한 최악의 한 번의 연산이 O(N)일 수 있다는 점도 같이 언급하면 균형 잡힌 답변이 됩니다.	두스택큐									dsa	stack	queue	
Q286	단조 큐(Monotonic Queue)		Data Structure & Algorithm - 기타 알고리즘	44	INITIALS	MEDIUM	구간 최댓값 또는 최솟값을 빠르게 유지하기 위해 내부를 단조로 유지하는 큐 구조를 무엇이라고 하는가?	단조 큐는 일반적으로 덱을 이용해 구현하며, 값이 단조 증가/감소하도록 원소를 관리합니다. 면접에서는 슬라이딩 윈도우 최대값 문제로 대표적으로 출제됩니다. 실무에서는 이동 최대/최소 같은 시계열 지표 계산에서 매우 유용합니다. 인덱스를 함께 저장해 만료를 제거하는 것이 핵심 구현 포인트입니다. 단조 조건을 유지하기 위해 push 시 뒤쪽을 정리(pop)하는 로직이 오답 포인트가 되기 쉽습니다.	단조큐									dsa	queue	deque	
Q287	단조 스택 경계(Previous Greater Element)		Data Structure & Algorithm - 기타 알고리즘	44	INITIALS	MEDIUM	각 원소에 대해 왼쪽에서 자신보다 큰(또는 작은) 가장 가까운 원소를 찾는 단조 스택 문제 유형을 무엇이라고 하는가?	이 유형은 이전 큰 원소, 이전 작은 원소 같은 “최근의 더 큰 값”을 찾는 문제로 단조 스택의 대표 응용입니다. 면접에서는 왜 O(N)인지, 각 원소가 최대 한 번 push/pop된다는 분할 상환 관점 설명을 자주 요구합니다. 실무에서는 주가 스팬, 건물 조망, 히스토그램 같은 경계 기반 문제로 확장됩니다. 중복 값 처리에서 <와 <= 선택이 결과를 바꿀 수 있어 규칙을 명확히 해야 합니다. 인덱스를 저장하면 거리 계산이나 구간 길이 계산이 쉬워집니다.	이전큰원소									dsa	stack	monotonic	
Q288	히스토그램 최대 직사각형(Largest Rectangle in Histogram)		Data Structure & Algorithm - 기타 알고리즘	44	INITIALS	MEDIUM	막대 그래프에서 만들 수 있는 가장 큰 직사각형 넓이를 단조 스택으로 구하는 대표 문제를 무엇이라고 하는가?	이 문제는 각 막대가 최소 높이가 되는 최대 폭을 찾기 위해 “이전 작은/다음 작은” 경계를 구하는 것이 핵심입니다. 면접에서는 스택에 인덱스를 저장하고, 높이가 감소할 때 pop하며 넓이를 계산하는 흐름을 설명하게 합니다. 실무에서는 직접 등장하기보다는 경계 기반 최적화 패턴으로 응용됩니다. 중복 높이 처리와 마지막에 스택을 비우는 처리까지가 흔한 함정입니다. 시간 복잡도는 O(N)이며, 이 점을 근거로 스택이 왜 필요한지 말할 수 있어야 합니다.	히스토그램최대직사각형									dsa	stack	algorithm	
Q289	TopK 유지(Maintain Top-K)		Data Structure & Algorithm - 비선형 구조	41	INITIALS	MEDIUM	스트리밍으로 데이터가 들어올 때 상위 K개만 계속 유지하는 전형적인 힙 활용 패턴을 무엇이라고 하는가?	Top-K 유지는 최소 힙 크기를 K로 유지하며, 새 값이 힙의 최소보다 크면 교체하는 방식이 흔합니다. 면접에서는 왜 최소 힙을 쓰는지(상위 K 중 가장 작은 값을 빠르게 비교/제거) 설명하길 원합니다. 실무에서는 랭킹, 추천, 로그 분석에서 상위 K를 빠르게 추출할 때 사용합니다. K가 작을 때 특히 효율적이며, 전체 정렬보다 비용이 줄어듭니다. 단, K가 N에 가까워지면 정렬과 이점이 줄어들 수 있다는 판단도 함께 갖추면 좋습니다.	탑케이유지									dsa	heap	topk	
Q290	K-웨이 병합(K-way Merge)		Data Structure & Algorithm - 기타 알고리즘	44	INITIALS	MEDIUM	여러 개의 정렬된 리스트를 하나로 합칠 때, 각 리스트의 현재 최소를 힙으로 관리하는 병합 기법을 무엇이라고 하는가?	K-way 병합은 각 리스트의 포인터를 유지하고, 후보들 중 최소를 우선순위 큐로 뽑아 결과를 만들며 진행합니다. 면접에서는 “정렬된 K개를 합치면 힙 크기가 K”라는 점과 시간 복잡도 O(N log K)를 자주 묻습니다. 실무에서는 외부 정렬, 로그 병합, 병렬 처리 결과 합치기에서 등장합니다. 구현에서 (값, 어느 리스트, 인덱스) 같은 메타 정보를 함께 저장하는 게 핵심입니다. K가 커질수록 힙 연산이 병목이 될 수 있어 상수항도 고려해야 합니다.	케이웨이병합									dsa	heap	merge	
Q291	이벤트 루프 큐(Event Loop Queue)		Backend - 비동기 처리	19	INITIALS	MEDIUM	비동기 시스템에서 실행될 콜백이나 작업을 대기시키는 큐를 통칭해 무엇이라고 하는가?	이벤트 루프 기반 런타임은 작업을 즉시 실행하지 못하면 큐에 넣고 순서대로 처리합니다. 면접에서는 “왜 큐가 필요한지”와 “어떤 종류의 큐가 존재하는지(마이크로태스크/매크로태스크 등)”로 확장될 수 있습니다. 실무에서는 작업 폭주 시 큐가 길어져 지연이 늘어나는 문제가 생겨 backpressure, rate limit이 중요합니다. 자료구조로서의 큐 개념이 시스템 아키텍처로 확장된 사례라고 볼 수 있습니다. 큐를 이해하면 비동기 디버깅에서 흐름을 더 잘 추적할 수 있습니다.	이벤트루프큐									dsa	queue	async	
Q292	태스크 큐(Task Queue)		Backend - 비동기 처리	19	INITIALS	MEDIUM	작업을 비동기적으로 처리하기 위해 소비자가 꺼내가는 작업 대기열을 무엇이라고 하는가?	태스크 큐는 생산자-소비자 모델을 시스템으로 확장한 개념입니다. 면접에서는 메시지 큐와의 차이, at-least-once 같은 전달 보장과 재시도 전략으로 이어질 수 있습니다. 실무에서는 배치 작업, 이메일 발송, 이미지 처리 같은 비동기 워크로드에서 핵심 구성 요소입니다. 큐가 무한히 커지면 지연이 커지므로 제한, 우선순위, 지연 큐 같은 설계가 필요합니다. 자료구조 큐의 FIFO 원리와 시스템 설계의 트레이드오프를 연결해 말하면 좋은 답변이 됩니다.	태스크큐									dsa	queue	system	
Q293	지연 큐(Delay Queue)		Backend - 비동기 처리	19	INITIALS	MEDIUM	일정 시간이 지난 뒤에야 작업을 꺼내 처리하도록 설계된 큐를 무엇이라고 하는가?	지연 큐는 작업에 실행 시각을 붙여 “아직 시간이 안 됐으면 처리하지 않는다”는 정책을 가집니다. 면접에서는 보통 타이머 휠이나 최소 힙으로 구현하는 방식을 떠올릴 수 있어야 합니다. 실무에서는 재시도 백오프, 예약 발송, TTL 만료 처리 등에 쓰입니다. 구현에서 핵심은 “가장 이른 실행 시각”을 빠르게 찾는 것이므로 우선순위 큐(힙)가 자연스러운 선택입니다. 시간이 지나지 않은 작업은 계속 대기해야 하므로 polling 비용과 효율도 함께 고려해야 합니다.	지연큐									dsa	heap	queue	
Q294	데드락 회피 스택(Backoff Stack)		Data Structure & Algorithm - 선형 구조	40	INITIALS	MEDIUM	경쟁이 심할 때 잠시 물러나는(backoff) 전략을 적용한 스택/큐 동시성 패턴을 통칭해 무엇이라고 부르기도 하는가?	동시성 환경에서 lock-free/lock 기반 구조는 경쟁이 심하면 반복 재시도로 성능이 떨어질 수 있습니다. 그래서 backoff를 두어 잠시 대기한 뒤 재시도하게 만드는 패턴이 있습니다. 면접에서는 backoff 자체를 알고 있느냐보다, 경쟁 완화와 시스템 안정성을 연결해 설명하는지를 봅니다. 실무에서는 스핀락, CAS 루프 같은 곳에서 exponential backoff가 자주 언급됩니다. 스택/큐는 자료구조지만, 실제 시스템에서는 경쟁과 재시도가 결합되며 성능과 공정성 문제가 생길 수 있습니다. 핵심은 “경쟁이 성능을 깎을 때 완화 전략이 필요”입니다.	백오프									dsa	stack	concurrency	
Q295	힙의 상향 조정(Sift Up)		Data Structure & Algorithm - 비선형 구조	41	INITIALS	MEDIUM	힙에 원소를 삽입한 뒤 부모와 비교하며 위로 올려 힙 조건을 회복하는 과정을 무엇이라고 하는가?	상향 조정은 삽입 후 힙 조건을 복구하는 핵심 단계입니다. 새 원소를 마지막에 넣고 부모보다 우선순위가 높으면 교환하며 올라갑니다. 면접에서는 이 과정의 시간 복잡도가 트리 높이인 O(log N)임을 묻는 경우가 많습니다. 실무에서는 우선순위 변경(decrease-key 유사)에서도 비슷한 개념이 등장합니다. 구현에서 인덱스 계산(부모 = (i-1)/2 등)을 틀리면 바로 버그가 나므로 주의가 필요합니다.	상향조정									dsa	heap	operation	
Q296	힙의 하향 조정(Sift Down)		Data Structure & Algorithm - 비선형 구조	41	INITIALS	MEDIUM	힙에서 루트를 제거한 뒤 자식과 비교하며 아래로 내려 힙 조건을 회복하는 과정을 무엇이라고 하는가?	하향 조정은 삭제(pop) 후 힙 조건을 복구하는 과정입니다. 마지막 원소를 루트로 올린 다음, 더 우선순위가 높은 자식과 교환하며 내려갑니다. 면접에서는 “자식 중 더 우선인 쪽을 선택”해야 한다는 점이 핵심 함정으로 나옵니다. 실무에서도 PQ 구현 오류는 정렬 규칙을 깨서 결과를 틀리게 하므로 테스트가 중요합니다. 시간 복잡도는 O(log N)이며, 힙의 높이에 비례합니다. 상향 조정과 함께 힙의 핵심 연산으로 반드시 묶어서 기억하면 좋습니다.	하향조정									dsa	heap	operation	
Q297	힙의 완전 이진 트리(Complete Binary Tree)		Data Structure & Algorithm - 비선형 구조	41	INITIALS	MEDIUM	힙이 배열로 효율적으로 표현되기 위해 전제하는 트리 형태를 무엇이라고 하는가?	힙은 완전 이진 트리를 전제로 하여 배열 인덱스로 부모/자식을 계산할 수 있습니다. 마지막 레벨을 제외하면 꽉 차 있고, 마지막 레벨은 왼쪽부터 채워집니다. 면접에서는 완전 이진 트리와 포화 이진 트리를 혼동하지 않는지 확인합니다. 실무에서는 이 성질 덕분에 포인터 없이도 PQ를 구현할 수 있어 메모리 효율과 캐시 지역성이 좋아집니다. 완전성 조건이 깨지면 배열 인덱스 계산이 더 이상 자연스럽지 않아 구현이 복잡해집니다.	완전이진트리									dsa	heap	tree	
Q298	힙의 인덱스 계산(Index Mapping)		Data Structure & Algorithm - 비선형 구조	41	INITIALS	MEDIUM	배열 기반 힙에서 부모와 자식의 인덱스를 산술식으로 구하는 방식을 무엇이라고 할 수 있는가?	배열 힙은 인덱스 규칙(부모/자식 계산)으로 트리 구조를 표현합니다. 면접에서는 부모와 자식 인덱스 공식이 정확한지 묻는 경우가 많습니다. 실무에서는 이 공식이 구현의 핵심이라, 오프바이원이나 정수 나눗셈 오류가 즉시 버그로 이어집니다. 0-based인지 1-based인지에 따라 공식이 달라지므로 코드 베이스 규칙을 통일해야 합니다. 또한 d-ary heap으로 확장하면 공식을 일반화할 수 있어 응용력도 평가됩니다.	인덱스계산									dsa	heap	implementation	
Q299	힙 빌드(Build Heap)		Data Structure & Algorithm - 비선형 구조	41	INITIALS	MEDIUM	배열을 바텀업 방식으로 한 번에 힙으로 만드는 과정을 무엇이라고 하는가?	힙 빌드는 배열을 힙으로 만드는 과정으로, 보통 마지막 내부 노드부터 heapify down을 반복합니다. 면접에서는 이 방식이 O(N log N)이 아니라 O(N)이라는 점이 자주 함정으로 나옵니다. 실무에서는 많은 데이터를 초기화할 때 원소를 하나씩 push하는 것보다 훨씬 빠를 수 있습니다. 레벨별로 heapify 비용을 합산하면 O(N)이 되는 논리를 설명할 수 있으면 좋습니다. build-heap과 insert 반복을 비교해 말하면 이해도가 높아 보입니다.	힙빌드									dsa	heap	complexity	
Q300	힙의 키 감소(Decrease Key)		Data Structure & Algorithm - 비선형 구조	41	INITIALS	MEDIUM	우선순위 큐에서 특정 원소의 우선순위를 더 높이거나(값을 더 작게) 갱신하는 연산을 무엇이라고 하는가?	decrease-key는 다익스트라 같은 알고리즘에서 핵심 연산으로 자주 언급됩니다. 면접에서는 “표준 라이브러리 PQ는 보통 decrease-key를 직접 지원하지 않는다”는 점과, 그래서 중복 엔트리를 넣고 lazy skip으로 처리한다는 패턴을 설명할 수 있어야 합니다. 실무에서도 우선순위 변경/취소가 많으면 PQ 설계를 바꿔야 할 수 있습니다. decrease-key를 제대로 지원하려면 원소 위치를 추적하는 인덱스 맵 같은 보조 구조가 필요합니다. 따라서 단순히 용어만 아는 게 아니라 구현/대안까지 말할 수 있으면 강점입니다.	키감소									dsa	heap	priorityqueue	
Q301	큐 기반 위상정렬(Kahn Algorithm)		Data Structure & Algorithm - 기타 알고리즘	44	INITIALS	MEDIUM	진입차수가 0인 노드를 큐에 넣고 제거를 반복해 위상 순서를 구하는 알고리즘을 무엇이라고 하는가?	Kahn 알고리즘은 큐를 이용해 DAG의 위상정렬을 수행하는 대표 방식입니다. 면접에서는 indegree 배열을 관리하며 0이 되는 노드를 큐에 넣는 흐름을 정확히 설명해야 합니다. 실무에서는 빌드 의존성, 작업 순서 결정, DAG 파이프라인에서 자주 등장합니다. 처리된 노드 수가 전체보다 작으면 사이클이 있다는 판별까지 연결되기도 합니다. 큐를 쓰는 이유는 “현재 가능한 작업”을 FIFO로 관리하기 위한 것이며, 우선순위가 필요하면 PQ로 확장할 수 있습니다.	큐기반위상정렬									dsa	queue	graph	
Q302	최소 힙 기반 다익스트라(Dijkstra with Min Heap)		Data Structure & Algorithm - 탐색 알고리즘	42	INITIALS	MEDIUM	최단거리 탐색에서 우선순위 큐를 사용해 가장 짧은 후보부터 확정해 나가는 알고리즘을 무엇이라고 하는가?	다익스트라는 “가장 짧은 거리 후보를 먼저 확정한다”는 그리디 원리를 사용합니다. 면접에서는 우선순위 큐(보통 최소 힙)를 쓰면 시간 복잡도가 개선된다는 점을 묻습니다. 실무에서는 지도 경로, 네트워크 라우팅, 비용 최적화 문제에 쓰입니다. decrease-key가 없는 구현에서는 동일 노드가 중복으로 들어갈 수 있어 lazy skip 패턴이 함께 등장합니다. 또한 음수 가중치가 있으면 사용할 수 없다는 제약을 반드시 같이 말해야 안전합니다.	다익스트라									dsa	heap	graph	
Q303	0 1 BFS(Zero One BFS)		Data Structure & Algorithm - 탐색 알고리즘	42	INITIALS	MEDIUM	간선 가중치가 0 또는 1일 때 덱으로 최단거리를 구하는 알고리즘을 무엇이라고 하는가?	0-1 BFS는 덱을 사용해 가중치 0인 간선을 앞쪽에, 1인 간선을 뒤쪽에 넣어 최단거리 순서를 유지합니다. 면접에서는 “다익스트라 대신 쓸 수 있는 조건”을 정확히 말하는지가 중요합니다. 실무에서는 순간이동 비용 0, 이동 비용 1 같은 문제에서 매우 자주 쓰입니다. 구현이 단순하면서도 O(V+E)에 가깝게 동작해 빠릅니다. 조건이 조금이라도 깨지면 PQ 기반 다익스트라로 돌아가야 한다는 점을 강조하면 좋습니다.	영일비에프에스									dsa	queue	deque	
Q304	K번째 수(Kth Element)		Data Structure & Algorithm - 기타 알고리즘	44	INITIALS	MEDIUM	전체를 정렬하지 않고도 k번째 원소를 찾는 선택 문제를 무엇이라고 하는가?	K번째 원소 찾기는 top-k와 연결되는 대표 문제입니다. 면접에서는 힙으로 k개를 유지하는 방식과, Quickselect로 평균 O(N)에 찾는 방식의 비교를 묻기도 합니다. 실무에서는 대용량 데이터에서 전체 정렬이 비싼 경우가 많아 선택 알고리즘이 유용합니다. 다만 최악 시간 복잡도와 구현 복잡도를 고려해야 하며, 랜덤 피벗이나 introselect 같은 안전장치가 쓰입니다. 즉 “정렬이 아닌 선택”이라는 관점을 잡는 것이 핵심입니다.	케이번째수									dsa	heap	selection	
Q305	힙 기반 Top K(Top K using Heap)		Data Structure & Algorithm - 비선형 구조	41	INITIALS	MEDIUM	데이터에서 상위 K개를 찾기 위해 크기 K의 최소 힙을 유지하는 풀이를 무엇이라고 하는가?	상위 K를 찾을 때 최소 힙을 K개로 유지하면, 현재 top K 중 가장 작은 값이 루트에 있습니다. 새 값이 루트보다 크면 교체해 top K를 갱신합니다. 면접에서는 왜 최소 힙을 쓰는지, 시간 복잡도가 O(N log K)로 줄어드는지 설명을 요구합니다. 실무에서도 랭킹, 로그 상위 N, 추천 후보 추출에 널리 쓰입니다. K가 작을수록 이점이 크고, K가 커지면 정렬과 이점이 줄어듭니다.	힙기반탑케이									dsa	heap	topk	
Q306	실시간 중간값(Online Median)		Data Structure & Algorithm - 비선형 구조	41	INITIALS	MEDIUM	두 개의 힙을 사용해 데이터가 들어올 때마다 중간값을 유지하는 기법을 무엇이라고 하는가?	온라인 중간값은 최대 힙과 최소 힙을 균형 있게 유지해 가운데 값을 빠르게 조회합니다. 면접에서는 두 힙의 크기 균형 규칙과, 어떤 힙의 루트가 중간값이 되는지 설명해야 합니다. 실무에서는 스트리밍 지표, 이상치 완화, 중앙값 기반 통계에서 유용합니다. 짝수 개일 때 정책(하한, 상한, 평균)을 명확히 해야 합니다. 힙 균형이 깨지면 바로 오답이 되므로 삽입 후 재균형 로직이 핵심입니다.	실시간중간값									dsa	heap	median	
Q307	최소값 큐(Min Queue)		Data Structure & Algorithm - 선형 구조	40	INITIALS	MEDIUM	현재 구간의 최소값을 O(1)에 조회하도록 보조 덱을 유지하는 큐를 무엇이라고 하는가?	최소값 큐는 일반 큐와 함께 단조 덱을 유지해 최소값을 즉시 얻습니다. 면접에서는 push 시 단조 조건을 유지하고, pop 시 만료 원소를 제거하는 흐름을 설명해야 합니다. 실무에서는 슬라이딩 윈도우 최소, 레이턴시 최솟값 추적, 시계열 분석에 자주 쓰입니다. 각 원소가 덱에 최대 한 번 들어가고 한 번 나가므로 전체 O(N)이 됩니다. 구현에서 인덱스 또는 값 비교를 어떻게 할지, 중복 값 처리까지 신경 써야 합니다.	최소값큐									dsa	queue	deque	
Q308	최대값 큐(Max Queue)		Data Structure & Algorithm - 선형 구조	40	INITIALS	MEDIUM	현재 구간의 최대값을 O(1)에 조회하도록 단조 덱을 유지하는 큐를 무엇이라고 하는가?	최대값 큐는 단조 감소 덱을 유지하여 front가 항상 최대값 후보가 되게 합니다. 면접에서는 슬라이딩 윈도우 최대값 문제로 거의 필수적으로 등장합니다. 실무에서도 모니터링 지표의 이동 최대값, 트래픽 피크 계산 등에 활용됩니다. pop할 때 큐에서 나가는 값이 덱의 front와 같으면 함께 제거하는 방식이 흔합니다. 중복 값이 많을 때 동작을 정확히 이해해야 버그를 피할 수 있습니다.	최대값큐									dsa	queue	deque	
Q309	덱으로 구현한 스택(Deque as Stack)		Data Structure & Algorithm - 선형 구조	40	INITIALS	MEDIUM	덱의 한쪽 끝만 사용해 스택처럼 동작시키는 구현 방식을 무엇이라고 할 수 있는가?	덱은 양쪽 연산을 지원하므로 한쪽만 쓰면 스택과 동일하게 동작합니다. 면접에서는 “스택을 굳이 따로 만들지 않고 덱으로 대체할 수 있다”는 응용력을 보여주는 포인트입니다. 실무에서도 표준 라이브러리에서 스택이 덱으로 구현되는 경우가 많습니다. 다만 덱을 스택으로 쓸 때도 empty 처리, 동기화(멀티스레드) 여부는 여전히 고려해야 합니다. 자료구조의 ADT와 구현의 분리를 이해하고 있음을 보여주면 좋습니다.	덱스택									dsa	stack	deque	
Q310	덱으로 구현한 큐(Deque as Queue)		Data Structure & Algorithm - 선형 구조	40	INITIALS	MEDIUM	덱의 앞뒤를 적절히 사용해 큐처럼 동작시키는 구현 방식을 무엇이라고 할 수 있는가?	덱은 앞쪽 pop과 뒤쪽 push를 지원하므로 큐로 자연스럽게 사용할 수 있습니다. 면접에서는 원형 큐보다 구현이 단순한 장점과, 내부 구현(블록/링크드 리스트 등)에 따른 성능 차이를 설명할 수 있으면 좋습니다. 실무에서도 언어 표준 라이브러리에서 큐를 덱으로 대체하는 경우가 많습니다. 하지만 멀티스레드 환경에서는 스레드 세이프 여부가 별개 문제이므로 주의해야 합니다. “덱은 큐의 상위 호환”이라는 관점이 핵심입니다.	덱큐									dsa	queue	deque	
Q311	힙 기반 작업 스케줄러(Heap Scheduler)		Data Structure & Algorithm - 비선형 구조	41	INITIALS	MEDIUM	가장 이른 실행 시각 또는 가장 높은 우선순위를 가진 작업을 빠르게 꺼내기 위해 힙을 쓰는 스케줄링을 무엇이라고 할 수 있는가?	힙 스케줄러는 “다음에 처리할 작업”을 우선순위 큐로 관리하는 패턴입니다. 면접에서는 우선순위 기준을 무엇으로 잡는지(시간, 중요도, SLA) 설계 질문이 나올 수 있습니다. 실무에서는 타임아웃 관리, 타이머 이벤트, 지연 작업 처리에서 유용합니다. 다만 같은 우선순위에서 공정성을 보장하려면 보조 키(시퀀스)를 두어 결정성을 확보해야 합니다. 또한 작업이 폭주하면 힙 연산 자체가 병목이 될 수 있어 배치/샤딩 같은 전략도 고려합니다.	힙스케줄러									dsa	heap	scheduling	
Q312	최소 힙과 최대 힙 변환(Heap Inversion)		Data Structure & Algorithm - 비선형 구조	41	INITIALS	MEDIUM	최소 힙을 최대 힙처럼 쓰기 위해 우선순위 값에 부호를 바꾸는 테크닉을 무엇이라고 할 수 있는가?	많은 언어에서 기본 PQ가 최소 힙일 때 최대 힙이 필요하면 값에 -를 붙여 우선순위를 뒤집습니다. 면접에서는 이 테크닉을 알고 있는지, 그리고 overflow나 타입 범위 문제를 주의해야 하는지 확인합니다. 실무에서는 점수 기반 랭킹을 PQ로 뽑을 때 흔히 사용합니다. 단, 비교자가 복잡한 객체일 경우에는 부호 반전 대신 comparator를 명확히 정의하는 게 안전합니다. “부호 반전은 간단하지만 범위와 안정성에 주의”가 핵심입니다.	힙변환									dsa	heap	trick	
Q313	레이지 삭제(Lazy Deletion)		Data Structure & Algorithm - 비선형 구조	41	INITIALS	MEDIUM	힙에서 임의 원소 삭제가 어려울 때, top에서 꺼낼 때까지 남겨두고 나중에 걸러내는 전략을 무엇이라고 하는가?	레이지 삭제는 힙의 임의 삭제가 비싼 문제를 완화하기 위한 전략입니다. 보통 해시맵으로 “삭제 예약”을 기록해두고, pop할 때 top이 유효한지 검사하며 제거합니다. 면접에서는 이 방식이 언제 필요한지(슬라이딩 윈도우 힙 풀이, 중복 엔트리 처리 등) 설명하게 합니다. 실무에서는 취소 가능한 스케줄러, 만료 처리에서 자주 쓰입니다. 다만 예약 정보가 누적되면 메모리 사용이 늘 수 있으니 주기적 정리가 필요합니다. 정확한 유효성 판정 기준을 설계하는 것이 핵심입니다.	레이지삭제									dsa	heap	hashmap	
Q314	이중 우선순위 큐(Double Ended Priority Queue)		Data Structure & Algorithm - 비선형 구조	41	INITIALS	MEDIUM	최솟값과 최댓값을 모두 빠르게 삭제하거나 조회할 수 있는 우선순위 큐를 무엇이라고 하는가?	이중 우선순위 큐는 최소와 최대를 모두 효율적으로 다루는 자료구조/패턴입니다. 면접에서는 두 힙(최소 힙, 최대 힙)을 함께 두고 동기화하거나, 균형 BST를 쓰는 대안을 설명할 수 있으면 좋습니다. 실무에서는 최소/최대 모두가 필요한 통계 처리나 윈도우 기반 분석에서 고려됩니다. 두 힙 방식은 레이지 삭제와 결합되는 경우가 많아 구현 난도가 올라갑니다. 동기화가 틀어지면 한쪽 힙에만 남는 유령 원소가 생길 수 있어 주의해야 합니다. 요구 연산과 복잡도를 명확히 따져 선택하는 것이 핵심입니다.	이중우선순위큐									dsa	heap	priorityqueue	
Q315	메모리 힙 영역(Heap Memory)		Operating System - 메모리 관리	36	INITIALS	MEDIUM	동적 할당 객체가 주로 저장되며, 스택과 구분되는 메모리 영역을 무엇이라고 하는가?	메모리 힙은 런타임에서 동적으로 할당되는 객체가 저장되는 영역입니다. 자료구조 힙(우선순위 큐의 heap)과 이름이 같아 면접에서 혼동을 유도할 수 있어 구분이 중요합니다. 실무에서는 힙 메모리 누수, GC 튜닝, 객체 생명주기 관리가 성능과 직결됩니다. 스택은 자동 해제되는 반면 힙은 관리 정책(GC 또는 수동 free)이 필요합니다. “힙이라는 단어는 문맥에 따라 의미가 완전히 다르다”는 점을 명확히 말하면 좋은 답변이 됩니다.	힙영역									dsa	heap	memory	
Q316	콜백 큐(Callback Queue)		Backend - 비동기 처리	19	INITIALS	MEDIUM	비동기 콜백이 실행되기 전 대기하는 큐를 무엇이라고 하는가?	콜백 큐는 이벤트 루프 구조에서 콜백들이 대기하는 곳을 의미합니다. 면접에서는 콜백이 즉시 실행되지 않는 이유와, 스택과 큐가 어떻게 상호작용하는지(콜 스택이 비었을 때 큐에서 가져옴)로 확장됩니다. 실무에서는 큐가 길어지면 지연이 누적되므로 작업 분할과 우선순위 조정이 중요합니다. 또한 마이크로태스크 큐가 매크로태스크보다 우선 처리되는 등 런타임 규칙이 결과에 영향을 줍니다. 자료구조 큐를 시스템 이벤트 처리 흐름으로 연결해 설명할 수 있으면 강점입니다.	콜백큐									dsa	queue	async	
Q317	스택 트레이스(Stack Trace)		Computer Science - 메모리와 하드웨어 구조	67	INITIALS	MEDIUM	예외 발생 시 어떤 함수들이 어떤 순서로 호출되었는지 보여주는 호출 기록을 무엇이라고 하는가?	스택 트레이스는 콜 스택에 쌓인 호출 프레임을 따라가며 호출 경로를 보여줍니다. 면접에서는 스택 트레이스를 읽고 원인을 추적할 수 있는지 확인하는 경우가 많습니다. 실무에서는 장애 분석에서 가장 중요한 1차 단서이며, “어디서 터졌는지”뿐 아니라 “어떤 흐름으로 왔는지”를 알려줍니다. 다만 비동기 환경에서는 실제 실행 흐름이 스택 트레이스에 그대로 담기지 않을 수도 있어 주의가 필요합니다. 스택 프레임과 콜 스택 개념을 이해하면 트레이스 해석이 훨씬 쉬워집니다.	스택트레이스									dsa	stack	debugging	
Q318	컨슈머 그룹(Consumer Group)		Backend - 비동기 처리	19	INITIALS	MEDIUM	큐나 스트림에서 여러 소비자가 하나의 그룹으로 협력해 메시지를 분산 처리하는 개념을 무엇이라고 하는가?	컨슈머 그룹은 메시지 큐/스트리밍 시스템에서 병렬 소비를 가능하게 하는 핵심 개념입니다. 면접에서는 메시지 분배 방식, 파티션과의 관계, 재밸런싱 같은 운영 이슈로 확장될 수 있습니다. 실무에서는 처리량 확장과 장애 대응을 위해 컨슈머 그룹을 많이 사용합니다. 다만 “순서 보장”이 필요한 경우 파티션 키 설계가 중요하고, 그룹 내에서 동일 메시지를 중복 처리하지 않도록 보장 수준을 이해해야 합니다. 자료구조 큐를 넘어 시스템 설계 영역이지만, 큐 기반 처리에서 빈출 개념입니다.	컨슈머그룹									dsa	queue	system	
Q319	프로듀서 소비자(Producer Consumer)		Data Structure & Algorithm - 선형 구조	40	INITIALS	MEDIUM	생산자가 큐에 넣고 소비자가 큐에서 꺼내 처리하는 대표 동시성 패턴을 무엇이라고 하는가?	프로듀서-컨슈머는 큐를 중심으로 작업을 분리해 병렬 처리를 가능하게 합니다. 면접에서는 bounded buffer에서 세마포어/조건 변수로 어떻게 동기화하는지 묻기도 합니다. 실무에서는 작업 큐, 로그 처리, 이벤트 처리 전반에서 기본 패턴입니다. 큐 크기가 너무 커지면 지연이 늘고, 너무 작으면 처리량이 떨어질 수 있어 튜닝 포인트가 됩니다. 또한 at-least-once 같은 전달 보장과 결합되면 중복 처리 대비(멱등성)까지 고려해야 합니다.	프로듀서컨슈머									dsa	queue	concurrency	
Q320	기아 현상(Starvation)		Operating System - 스케줄링	38	INITIALS	MEDIUM	우선순위 큐 기반 스케줄링에서 낮은 우선순위 작업이 계속 밀려 실행되지 못하는 현상을 무엇이라고 하는가?	기아 현상은 높은 우선순위 작업이 계속 들어오면 낮은 우선순위 작업이 영원히 실행되지 않는 문제입니다. 면접에서는 우선순위 큐를 쓰는 시스템에서 공정성 문제가 왜 생기는지 연결해서 설명해야 합니다. 실무에서는 스케줄러, 작업 큐, DB 락 경쟁 등 여러 곳에서 발생할 수 있습니다. 해결책으로는 에이징(aging)처럼 오래 기다린 작업의 우선순위를 올리는 정책이 대표적입니다. 즉 자료구조 힙의 선택이 곧 정책 문제를 만들 수 있음을 이해하는 것이 중요합니다.	기아현상									dsa	heap	scheduling	
Q321	선형화 가능성(Linearizability)		Data Structure & Algorithm - 선형 구조	40	INITIALS	HARD	동시성 스택이나 큐에서 각 연산이 어떤 단일 시점에 실행된 것처럼 보이도록 만드는 정합성 조건을 무엇이라고 하는가?	선형화 가능성은 동시성 자료구조에서 “모든 연산이 어느 한 순간에 일어난 것처럼” 보이게 하는 강한 정합성 모델입니다. 면접에서는 직렬화 가능성과 혼동하지 않는지, 그리고 선형화 지점이 무엇인지 설명할 수 있어야 합니다. 실무에서는 lock-free 큐나 스택의 정합성을 증명하거나 테스트할 때 핵심 기준이 됩니다. 특히 CAS가 성공하는 순간을 선형화 지점으로 보는 사례가 많지만, 항상 단순하진 않아 보조 마킹이나 재시도 로직까지 고려해야 합니다. 선형화가 보장되지 않으면 사용자 관점에서 결과가 직관을 깨고 재현이 어려워집니다.	선형화가능성									dsa	queue	concurrency	
Q322	무진행 보장(Wait Free)		Data Structure & Algorithm - 선형 구조	40	INITIALS	HARD	어떤 스레드도 무한히 기다리지 않고, 각 연산이 유한 단계 안에 반드시 끝남을 보장하는 동시성 성질을 무엇이라고 하는가?	wait-free는 lock-free보다 더 강한 진행 보장입니다. lock-free는 “전체 시스템은 진행”하지만 특정 스레드가 굶을 수 있고, wait-free는 “모든 스레드가 유한 단계 내 완료”를 요구합니다. 면접에서는 lock-free, obstruction-free, wait-free의 차이를 비교 설명하는 문제가 자주 나옵니다. 실무에서는 wait-free 구현이 복잡하고 상수항이 커서, 정말 필요한 곳(하드 리얼타임)에만 쓰는 경우가 많습니다. 따라서 개념을 정확히 알고, 왜 실무에서 흔치 않은지도 함께 말하면 좋습니다.	웨이트프리									dsa	stack	concurrency	
Q323	장애 회복 보장(Lock Free)		Data Structure & Algorithm - 선형 구조	40	INITIALS	HARD	다중 스레드 환경에서 시스템 전체는 계속 진행되지만, 특정 스레드는 굶을 수 있는 진행 보장 성질을 무엇이라고 하는가?	lock-free는 “어떤 스레드가 멈춰도 전체적으로는 누군가 진행한다”는 성질입니다. 면접에서는 lock-free가 wait-free보다 약하고, starvation 가능성이 있다는 점을 정확히 말해야 합니다. 실무에서는 높은 처리량을 위해 lock-free 구조를 선택하지만, 공정성까지 보장해야 하면 추가 설계가 필요합니다. CAS 재시도가 경쟁이 심할 때 CPU를 태울 수 있어 backoff 같은 전략과 함께 논의됩니다. 용어가 비슷해 혼동이 잦으니 정의를 단단히 잡는 것이 중요합니다.	락프리									dsa	queue	concurrency	
Q324	방해 금지 보장(Obstruction Free)		Data Structure & Algorithm - 선형 구조	40	INITIALS	HARD	경쟁이 없을 때만 연산이 완료됨을 보장하며, 경쟁이 있으면 완료가 보장되지 않을 수 있는 진행 성질을 무엇이라고 하는가?	obstruction-free는 lock-free보다 더 약한 진행 보장입니다. 단독으로 실행될 때는 완료되지만, 경쟁 상황에서는 완료가 보장되지 않을 수 있습니다. 면접에서는 세 진행 보장(wait-free, lock-free, obstruction-free)의 차이를 단계적으로 설명하는지를 봅니다. 실무에서는 구현 난이도나 요구사항에 따라 선택하지만, obstruction-free는 외부 조정이 없으면 지연이 커질 수 있습니다. 또한 테스트에서 ‘가끔 멈추는’ 현상처럼 보일 수 있어 운영 관점에서 주의가 필요합니다. 정확한 정의를 알고 있으면 동시성 설계 논의에서 신뢰도가 올라갑니다.	옵스트럭션프리									dsa	stack	concurrency	
Q325	하자드 포인터(Hazard Pointer)		Data Structure & Algorithm - 선형 구조	40	INITIALS	HARD	lock-free 스택이나 큐에서 노드를 안전하게 해제하기 위해 “현재 접근 중인 포인터”를 공개해두는 메모리 회수 기법을 무엇이라고 하는가?	hazard pointer는 동시성 환경에서 노드를 free했는데 다른 스레드가 아직 참조하는 use-after-free를 막기 위한 기법입니다. 각 스레드는 자신이 읽는 노드를 hazard로 표시하고, 해제는 모든 hazard에서 사라진 뒤에야 수행합니다. 면접에서는 ABA 문제와 함께 lock-free 구조의 진짜 어려움이 “메모리 회수”라는 점을 강조하기도 합니다. 실무에서는 구현이 까다롭고 성능 상수항이 있어 라이브러리/검증된 구현을 사용하는 경우가 많습니다. 그래도 개념을 알고 있으면 lock-free 자료구조를 깊이 있게 이해한 것으로 평가됩니다.	하자드포인터									dsa	stack	memory	
Q326	에폭 기반 회수(Epoch Reclamation)		Data Structure & Algorithm - 선형 구조	40	INITIALS	HARD	lock-free 자료구조에서 스레드들이 에폭을 통과했는지 기준으로 노드 해제를 지연시키는 메모리 회수 기법을 무엇이라고 하는가?	에폭 기반 회수는 모든 스레드가 특정 시점 이전 노드를 참조하지 않음을 보장한 뒤 일괄 해제하는 방식입니다. hazard pointer와 비교해 per-node 추적 부담이 줄어들 수 있습니다. 면접에서는 RCU와의 유사성, 그리고 “안전한 해제 시점”을 어떻게 정하는지 설명하는 질문이 나올 수 있습니다. 실무에서는 고성능 시스템에서 메모리 회수 비용을 줄이기 위해 사용되지만, 스레드가 멈추면 회수가 지연되는 단점도 있습니다. 이런 트레이드오프를 이해하고 설명하면 좋습니다.	에폭기반회수									dsa	queue	concurrency	
Q327	읽기 복사 갱신(RCU)		Data Structure & Algorithm - 선형 구조	40	INITIALS	HARD	읽기 경로를 락 없이 빠르게 유지하고, 갱신은 복사 후 교체하는 동시성 기법을 무엇이라고 하는가?	RCU는 읽기 중심 워크로드에서 매우 강력한 동시성 패턴입니다. 읽기는 락 없이 진행하고, 쓰기는 새 구조를 만들어 포인터를 교체한 뒤 이전 구조를 안전 시점에 해제합니다. 면접에서는 RCU가 왜 빠른지, 어떤 조건에서 유리한지(읽기 많고 쓰기 적음) 설명할 수 있어야 합니다. 실무에서는 커널, 네트워크 테이블, 캐시 메타데이터 같은 곳에서 사용됩니다. 다만 구현과 검증이 어렵고 메모리 회수 시점 관리가 핵심이므로 단순 락보다 복잡합니다.	알씨유									dsa	queue	concurrency	
Q328	ABA 문제(ABA Problem)		Data Structure & Algorithm - 선형 구조	40	INITIALS	HARD	CAS 기반 스택이나 큐에서 값이 A에서 B로 바뀌었다가 다시 A로 돌아오면 변경을 감지 못하는 문제를 무엇이라고 하는가?	ABA 문제는 lock-free 자료구조에서 매우 유명한 함정입니다. CAS는 “현재 값이 A면 A로 바꿔라”를 수행하는데, A→B→A로 돌아오면 중간 변화가 숨겨집니다. 면접에서는 ABA가 왜 위험한지, 어떻게 완화하는지(tagged pointer, hazard pointer, epoch)까지 연결 질문이 나옵니다. 실무에서는 메모리 재사용이 ABA를 더 쉽게 만들 수 있어 회수 정책과 함께 설계해야 합니다. 개념을 정확히 말하면 동시성 이해도가 높게 평가됩니다.	에이비에이문제									dsa	stack	concurrency	
Q329	태그드 포인터(Tagged Pointer)		Data Structure & Algorithm - 선형 구조	40	INITIALS	HARD	ABA를 완화하기 위해 포인터에 버전 값을 함께 붙여 CAS 비교 대상에 포함하는 기법을 무엇이라고 하는가?	tagged pointer는 (ptr, version)처럼 포인터에 카운터를 결합해 동일 포인터로 돌아와도 버전이 달라지게 만듭니다. 면접에서는 이 방식이 ABA를 완전히 없애는지, 혹은 버전 오버플로우 같은 한계가 있는지도 물을 수 있습니다. 실무에서는 double-word CAS 지원 여부나 정렬/비트 여유를 활용해 tag를 넣는 방식이 논의됩니다. 구현 난이도가 있어 라이브러리 도움을 받는 경우가 많지만, 원리를 아는 것이 중요합니다. 결국 핵심은 “동일 포인터라도 버전으로 구분”입니다.	태그드포인터									dsa	stack	memory	
Q330	피보나치 힙(Fibonacci Heap)		Data Structure & Algorithm - 비선형 구조	41	INITIALS	HARD	decrease key가 분할 상환으로 빠르다고 알려져 다익스트라 최적화 논의에 자주 등장하는 힙을 무엇이라고 하는가?	피보나치 힙은 이론적으로 삽입/키감소가 매우 빠른 분할 상환 성능을 제공합니다. 면접에서는 “이론적 복잡도”와 “실무에서의 상수항”을 구분해 설명하는지를 봅니다. 실무에서는 구현 복잡도와 메모리 접근 패턴 때문에 이진 힙이나 pairing heap이 더 실용적인 경우도 많습니다. 하지만 개념을 아는 것은 알고리즘 심화 이해로 연결됩니다. 특히 다익스트라에서 decrease-key를 제대로 지원하는 PQ의 의미를 설명할 때 자주 언급됩니다.	피보나치힙									dsa	heap	graph	
Q331	페어링 힙(Pairing Heap)		Data Structure & Algorithm - 비선형 구조	41	INITIALS	HARD	병합(meld)이 비교적 자연스럽고 실무에서 자주 언급되는 힙 계열 자료구조를 무엇이라고 하는가?	pairing heap은 구조가 단순하면서도 meld 연산이 쉬워 병합이 잦은 워크로드에서 고려됩니다. 면접에서는 이진 힙과 비교해 어떤 연산이 유리한지, 그리고 decrease-key 성능이 어떻게 기대되는지 질문할 수 있습니다. 실무에서는 이론적으로 완벽히 증명된 상한보다 경험적 성능으로 선택되는 경우가 많습니다. 또한 구현 난이도가 이진 힙보다 높지만, 특정 케이스에서 유리할 수 있습니다. 즉 “요구 연산 중심 선택”을 강조하는 답변이 좋습니다.	페어링힙									dsa	heap	merge	
Q332	이항 힙(Binomial Heap)		Data Structure & Algorithm - 비선형 구조	41	INITIALS	HARD	여러 개의 이항 트리로 구성되어 병합이 효율적으로 설계된 힙 자료구조를 무엇이라고 하는가?	이항 힙은 이항 트리들의 집합으로 힙을 표현하며, 병합이 “자리올림”처럼 진행됩니다. 면접에서는 이항 트리의 성질과 병합 과정, 그리고 왜 병합이 효율적인지 설명을 요구할 수 있습니다. 실무에서 직접 구현하는 빈도는 낮지만, 병합 가능한 PQ의 대표 개념으로 중요합니다. 자료구조 설계 관점에서 “힙을 트리들의 포레스트로 본다”는 시각을 제공합니다. 피보나치 힙과의 관계(피보나치는 이항 힙을 느슨하게 만든 형태)도 연결되면 심화 답변이 됩니다.	이항힙									dsa	heap	theory	
Q333	이중 힙 동기화(Dual Heap Sync)		Data Structure & Algorithm - 비선형 구조	41	INITIALS	HARD	최솟값용 힙과 최댓값용 힙을 함께 두고 레이지 삭제로 일관성을 맞추는 구현 패턴을 무엇이라고 할 수 있는가?	이중 우선순위 큐를 두 힙으로 구현할 때 가장 큰 난점은 동기화입니다. 한쪽에서 삭제된 원소가 다른 힙에도 남아 유령 원소가 되기 때문에 레이지 삭제와 카운팅 맵을 결합합니다. 면접에서는 이 패턴의 핵심 아이디어와, top이 유효할 때까지 pop을 반복하는 정리 루틴을 설명할 수 있어야 합니다. 실무에서는 스케줄러나 통계 집계에서 min/max가 모두 필요할 때 고려하지만, 구현 복잡도가 높습니다. 따라서 가능하면 균형 BST 같은 대안을 선택하기도 합니다. 핵심은 “두 힙 + 유효성 정리”입니다.	이중힙동기화									dsa	heap	priorityqueue	
Q334	단조 스택 타이브레이크(Monotonic Tie Break)		Data Structure & Algorithm - 기타 알고리즘	44	INITIALS	HARD	중복 값이 있을 때 경계를 중복 계산하지 않도록 한쪽은 strict 다른 쪽은 non strict로 규칙을 두는 설계를 무엇이라고 할 수 있는가?	단조 스택 기반 경계 계산에서 중복 값은 대표적인 함정입니다. 같은 값을 양쪽 경계에서 모두 포함하면 부분배열 최소/최대 합 같은 문제에서 중복 집계가 발생합니다. 그래서 한쪽은 <, 다른 쪽은 <=처럼 규칙을 정해 동일 값의 소유권을 한쪽으로 몰아줍니다. 면접에서는 이 규칙을 알고 있는지가 오답을 가르는 경우가 많습니다. 실무에서도 동일 값이 많은 시계열/로그 데이터에서 경계 기반 집계가 틀어질 수 있어 중요합니다. 규칙을 문장으로 명확히 정의하는 것이 핵심입니다.	단조타이브레이크									dsa	stack	monotonic	
Q335	스팬 문제(Stock Span Problem)		Data Structure & Algorithm - 기타 알고리즘	44	INITIALS	HARD	단조 스택으로 각 날짜의 가격이 이전 며칠 동안 연속으로 낮지 않았는지 구하는 대표 문제를 무엇이라고 하는가?	스팬 문제는 단조 감소 스택을 이용해 이전 큰 값의 위치를 찾는 전형적인 응용입니다. 면접에서는 왜 O(N)인지, pop이 많아 보여도 총 pop 횟수가 N을 넘지 않는다는 분할 상환 설명을 요구합니다. 실무에서 직접 “주가 스팬”이 나오기보단, 최근 큰 값 경계 계산 패턴으로 응용됩니다. 인덱스를 저장해 거리(현재 i - 이전 큰 값 인덱스)를 구하는 흐름이 핵심입니다. 중복 가격 처리 규칙도 문제 요구사항에 따라 달라질 수 있어 주의가 필요합니다.	스팬문제									dsa	stack	algorithm	
Q336	타임휠(Timing Wheel)		Backend - 비동기 처리	19	INITIALS	HARD	지연 작업이나 타이머 이벤트를 효율적으로 처리하기 위해 시간 슬롯에 작업을 배치하는 자료구조를 무엇이라고 하는가?	타임휠은 타이머를 힙으로 관리할 때 발생하는 O(log N) 비용을 줄이기 위해 시간 슬롯(버킷)에 작업을 배치합니다. 면접에서는 힙 기반 타이머 큐와 비교해 언제 유리한지(정확도 요구, 분포, 대량 타이머) 설명할 수 있어야 합니다. 실무에서는 네트워크 서버, 타임아웃 관리, 지연 재시도 같은 곳에서 사용됩니다. 단, 정밀도(해상도)와 메모리 사용량 사이 트레이드오프가 있고, 멀티 레벨 휠이 필요할 수 있습니다. 즉 “시간을 버킷으로 양자화”하는 아이디어가 핵심입니다.	타임휠									dsa	queue	timer	
Q337	우선순위 역전(Priority Inversion)		Operating System - 동기화	37	INITIALS	HARD	낮은 우선순위 작업이 락을 잡아 높은 우선순위 작업이 대기하게 되는 현상을 무엇이라고 하는가?	우선순위 역전은 우선순위 스케줄링 환경에서 락/뮤텍스 때문에 발생하는 대표 문제입니다. 면접에서는 왜 발생하는지, 그리고 우선순위 상속 같은 해결책을 설명하게 합니다. 실무에서는 실시간 시스템이나 고우선 작업이 있는 서버에서 치명적일 수 있습니다. 큐나 힙 기반 스케줄링을 설계할 때도 “우선순위만으로 공정성이 해결되지 않는다”는 교훈이 됩니다. 자료구조 자체보다 동기화와 정책의 결합 문제로 이해하는 것이 중요합니다.	우선순위역전									dsa	heap	scheduling	
Q338	락 경합(Lock Contention)		Operating System - 동기화	37	INITIALS	HARD	다중 스레드가 같은 락을 얻기 위해 경쟁하면서 성능이 급격히 떨어지는 현상을 무엇이라고 하는가?	락 경합은 락을 걸어 보호하는 구간이 길거나 경쟁 스레드가 많을 때 발생합니다. 면접에서는 경합이 왜 throughput을 떨어뜨리는지, 그리고 락 분할, 락 프리 구조, 큐 기반 스핀락 같은 대안으로 확장 질문이 나올 수 있습니다. 실무에서는 큐/스택 같은 공유 자료구조가 병목이 되기 쉬워, 경합을 줄이는 설계가 중요합니다. 특히 CAS 루프도 경합이 심하면 CPU를 태울 수 있어 backoff가 논의됩니다. 경합을 관찰하려면 프로파일링과 지표(락 대기 시간)를 보는 습관이 필요합니다.	락경합									dsa	queue	concurrency	
Q339	작업 훔치기(Work Stealing)		Computer Science - 병렬/분산 처리	69	INITIALS	HARD	각 스레드가 자신의 덱에서 작업을 처리하다가 비면 다른 스레드의 덱에서 작업을 가져오는 스케줄링 기법을 무엇이라고 하는가?	work stealing은 각 워커가 로컬 덱을 가지고 작업을 처리하며, 일이 없을 때 다른 워커의 덱에서 작업을 훔쳐옵니다. 면접에서는 왜 덱이 적합한지(한쪽은 push/pop, 다른쪽은 steal)와 부하 분산 효과를 설명할 수 있어야 합니다. 실무에서는 포크-조인 풀, 병렬 런타임에서 널리 쓰입니다. 구현에서는 동시성 덱이 필요하고, 경합을 줄이기 위해 로컬 접근을 빠르게 유지합니다. 이 기법을 이해하면 “큐 하나로 모든 작업을 처리”하는 설계가 왜 병목인지도 설명할 수 있습니다.	워크스틸링									dsa	queue	parallel	
Q340	멱등성 키(Idempotency Key)		Backend - 비동기 처리	19	INITIALS	HARD	큐 기반 재시도나 중복 전달에서 동일 요청을 한 번만 처리하기 위해 사용하는 식별 키를 무엇이라고 하는가?	비동기 큐 시스템은 at-least-once 전달로 인해 중복 메시지가 발생할 수 있습니다. 이때 멱등성 키로 요청을 식별하고, 이미 처리한 키면 재처리를 막아 “결과를 한 번만” 만들 수 있습니다. 면접에서는 멱등성 개념을 알고, 왜 큐/재시도에서 필수인지 설명하는지를 봅니다. 실무에서는 결제, 주문, 포인트 적립처럼 중복이 치명적인 도메인에서 특히 중요합니다. 저장소에 키를 기록하고 TTL을 두는 방식이 흔하며, 분산 환경에서 경쟁 조건까지 고려해야 합니다. 큐 자료구조 자체를 넘어 “큐 기반 시스템의 안전장치”로 이해하는 것이 핵심입니다.	멱등성키									dsa	queue	reliability	
Q341	트라이버 스택(Trieber Stack)		Data Structure & Algorithm - 선형 구조	40	INITIALS	HARD	CAS로 top 포인터를 갱신해 구현하는 대표적인 lock-free 스택을 무엇이라고 하는가?	트라이버 스택은 가장 유명한 lock-free 스택 구현 중 하나입니다. push/pop에서 top을 CAS로 교체하며 동작하고, 실패하면 재시도합니다. 면접에서는 왜 ABA 문제가 생기는지, 그리고 메모리 회수(hazard pointer, epoch)까지 같이 언급할 수 있는지 봅니다. 실무에서는 직접 구현하기보다 검증된 라이브러리를 사용하지만, 개념을 아는 것은 동시성 이해도를 보여줍니다. 또한 경쟁이 심하면 CAS 재시도로 CPU가 소모될 수 있어 backoff 전략이 함께 논의됩니다.	트라이버스택									dsa	stack	concurrency	
Q342	마이클 스콧 큐(Michael Scott Queue)		Data Structure & Algorithm - 선형 구조	40	INITIALS	HARD	CAS 기반으로 head와 tail을 갱신해 구현하는 대표적인 lock-free 큐를 무엇이라고 하는가?	Michael-Scott 큐는 lock-free 큐의 대표 구현으로 자주 교과서처럼 언급됩니다. head와 tail 포인터를 CAS로 갱신하며, tail이 뒤처질 때 “도와주기(helping)”로 최신화하는 패턴이 핵심입니다. 면접에서는 왜 helping이 필요한지, 그리고 큐의 선형화 지점이 어디인지 설명이 나올 수 있습니다. 실무에서는 고성능 메시지 큐나 런타임 내부에서 사용되기도 하지만 구현/검증 난도가 높습니다. ABA와 메모리 회수 이슈를 함께 알고 있으면 심화 답변이 됩니다.	마이클스콧큐									dsa	queue	concurrency	
Q343	엘리미네이션 백오프 스택(Elimination Backoff Stack)		Data Structure & Algorithm - 선형 구조	40	INITIALS	HARD	push와 pop이 경쟁할 때 서로 “상쇄”시켜 중앙 스택 접근을 줄이는 lock-free 스택 변형을 무엇이라고 하는가?	엘리미네이션 백오프 스택은 push와 pop을 직접 매칭시켜 중앙 top 경합을 줄이는 아이디어입니다. 경쟁이 심할수록 elimination이 잘 일어나 처리량이 좋아질 수 있습니다. 면접에서는 왜 스택의 병목이 top CAS 경합인지, 이를 어떻게 줄이는지 설명해야 합니다. 실무에서는 초고성능 동시성 환경에서만 고려되며 구현이 복잡합니다. 랜덤 슬롯 선택과 타임아웃 설계가 성능에 큰 영향을 주며, 공정성 이슈도 같이 나올 수 있습니다.	엘리미네이션스택									dsa	stack	concurrency	
Q344	플랫 콤바이닝(Flat Combining)		Data Structure & Algorithm - 선형 구조	40	INITIALS	HARD	여러 스레드의 연산 요청을 모아 한 스레드가 일괄 처리해 경합을 줄이는 동시성 기법을 무엇이라고 하는가?	플랫 콤바이닝은 공유 자료구조 접근을 직렬화하되, 요청을 모아 배치 처리해 락 경합을 줄입니다. 면접에서는 lock-free가 항상 빠른 게 아니라, 경합이 심하면 batching이 이길 수 있다는 관점을 평가합니다. 실무에서는 큐/스택처럼 hot spot이 생기는 구조에서 throughput을 높이는 전략으로 논의됩니다. 다만 지연 시간이 늘 수 있어 tail latency 요구가 있으면 주의해야 합니다. 적용 여부는 워크로드 특성과 지표를 기반으로 결정해야 합니다.	플랫콤바이닝									dsa	queue	concurrency	
Q345	큐 기반 스핀락(MCS Lock)		Operating System - 동기화	37	INITIALS	HARD	락 획득 대기 스레드를 큐로 연결해 공정한 스핀을 제공하는 큐 기반 스핀락을 무엇이라고 하는가?	MCS 락은 각 스레드가 노드를 만들고 큐에 연결해 자기 노드에서만 스핀하도록 설계합니다. 면접에서는 티켓락/테스트앤셋과 비교해 캐시 라인 경합을 줄이는 이유를 설명하라고 나옵니다. 실무에서는 다중 소켓이나 높은 코어 수에서 공정성과 스케일링이 중요할 때 고려됩니다. 스택/큐 자료구조와 직접 연결되진 않지만 “대기열을 큐로 관리한다”는 점에서 큐 패턴을 이해하는 데 중요합니다. 다만 구현이 복잡하고, OS/런타임이 제공하는 락을 사용하는 게 일반적입니다.	엠씨에스락									dsa	queue	concurrency	
Q346	큐 기반 스핀락(CLH Lock)		Operating System - 동기화	37	INITIALS	HARD	선행자 노드의 상태를 스핀하며 대기열을 구성하는 큐 기반 스핀락을 무엇이라고 하는가?	CLH 락은 대기 스레드가 자신의 노드가 아니라 “이전 노드”의 플래그를 관찰하며 스핀하는 방식으로 유명합니다. 면접에서는 MCS와의 차이(누구를 스핀하느냐)와 캐시 경합 관점 비교가 나올 수 있습니다. 실무에서는 학술/이론적으로 많이 다뤄지며, 공정한 락 설계의 대표 사례입니다. 큐 기반 락은 경합이 심한 상황에서 시스템 전체 효율을 끌어올릴 수 있습니다. 다만 스핀락 특성상 장시간 대기에는 부적합하므로 사용 맥락을 분명히 해야 합니다.	씨엘에이치락									dsa	queue	concurrency	
Q347	다항 힙(D-ary Heap)		Data Structure & Algorithm - 비선형 구조	41	INITIALS	HARD	이진 힙이 아니라 한 노드가 d개의 자식을 갖도록 확장한 힙을 무엇이라고 하는가?	d-ary 힙은 자식 수를 늘려 트리 높이를 낮추는 방식으로 힙을 일반화합니다. 면접에서는 sift-down에서 비교해야 할 자식 수가 늘어 상수항이 커지는 대신, 높이가 줄어드는 trade-off를 설명해야 합니다. 실무에서는 decrease-key가 많은 환경에서 높이를 낮추는 것이 유리할 수 있습니다. 특히 다익스트라처럼 PQ 연산 패턴에 따라 d 값을 조정하는 논의가 나옵니다. 구현에서는 인덱스 계산이 바뀌므로 parent/child 공식과 범위 체크가 핵심입니다.	다항힙									dsa	heap	theory	
Q348	브로달 힙(Brodal Heap)		Data Structure & Algorithm - 비선형 구조	41	INITIALS	HARD	이론적으로 최적의 시간 복잡도(최악 시간 기준)를 달성한다고 알려진 힙 자료구조를 무엇이라고 하는가?	브로달 힙은 이론적으로 매우 강한 최악 시간 복잡도를 제공하는 것으로 알려져 있습니다. 면접에서는 “이론상 최적”과 “실무에서 거의 안 씀”을 구분해 말할 수 있으면 좋습니다. 실무에서는 구현 복잡도와 큰 상수항 때문에 이진 힙이나 pairing heap이 일반적입니다. 하지만 알고리즘/자료구조 심화 면접에서는 한 번쯤 이름이 나올 수 있습니다. 핵심은 “최악 시간 보장에 초점을 둔 고급 힙”이라는 점입니다.	브로달힙									dsa	heap	theory	
Q349	이진 힙 인플레이스 빌드(Floyd Build Heap)		Data Structure & Algorithm - 비선형 구조	41	INITIALS	HARD	배열을 바텀업 heapify로 O(N)에 힙으로 만드는 플로이드 방식 빌드를 무엇이라고 하는가?	Floyd 방식은 마지막 내부 노드부터 내려가며 sift-down을 적용해 힙을 만듭니다. 면접에서는 왜 O(N)인지(레벨별 작업 합) 설명하는 문제가 자주 나옵니다. 실무에서도 대량 데이터를 PQ로 초기화할 때 매우 중요합니다. insert를 N번 하는 O(N log N)과 비교해 차이를 명확히 말할 수 있어야 합니다. 또한 0-based/1-based 인덱스에 따라 마지막 내부 노드 계산이 달라지는 점도 주의 포인트입니다.	플로이드빌드									dsa	heap	complexity	
Q350	힙 셀렉트(Heap Select)		Data Structure & Algorithm - 기타 알고리즘	44	INITIALS	HARD	k번째 원소 선택을 힙으로 구현해 O(N log k)로 해결하는 접근을 무엇이라고 할 수 있는가?	heap select는 전체 정렬을 피하고 선택 문제를 힙으로 푸는 전략입니다. 면접에서는 top-k와의 관계, 그리고 왜 log k가 되는지 설명을 기대합니다. 실무에서는 k가 작을 때 매우 유리하며 스트리밍 상황에도 적용 가능합니다. 다만 최악 O(N log N)보다 나아도, quickselect 평균 O(N)과 비교해 trade-off가 있습니다. 따라서 데이터 특성과 구현 복잡도를 기준으로 선택하는 사고가 중요합니다.	힙셀렉트									dsa	heap	selection	
Q351	편향 힙(Skew Heap)		Data Structure & Algorithm - 비선형 구조	41	INITIALS	HARD	병합 연산을 간단히 구현할 수 있고 균형을 엄격히 유지하지 않는 자기조정 힙을 무엇이라고 하는가?	skew heap은 meld(병합)를 중심으로 설계된 self-adjusting heap입니다. 면접에서는 leftist heap과 비교하거나, 병합이 왜 쉬운지(재귀적 merge) 설명하는 질문이 나올 수 있습니다. 실무에서는 병합이 잦은 워크로드에서 고려되지만, 대부분은 표준 라이브러리 PQ로 충분합니다. 그래도 개념을 알고 있으면 “우선순위 큐의 구현은 다양하다”는 관점을 보여줍니다. 최악 시간과 분할 상환 관점까지 언급하면 더 심화된 답변이 됩니다.	편향힙									dsa	heap	merge	
Q352	좌편향 힙(Leftist Heap)		Data Structure & Algorithm - 비선형 구조	41	INITIALS	HARD	null path length 특성을 이용해 병합을 빠르게 하기 위해 한쪽으로 치우친 구조를 유지하는 힙을 무엇이라고 하는가?	leftist heap은 오른쪽 경로가 짧도록(왼편향) 유지해 merge가 효율적으로 되게 합니다. 면접에서는 NPL 개념과 왜 merge가 빠른지 설명을 요구할 수 있습니다. 실무에서는 병합 가능한 PQ가 필요할 때 후보가 되지만 구현 난도가 있습니다. “이진 힙은 merge가 비싸다”는 점과 대비시키면 이해가 명확합니다. 결국 leftist heap은 merge 중심 우선순위 큐의 대표적인 변형입니다.	좌편향힙									dsa	heap	theory	
Q353	디크리멘털 큐(Decremental Queue)		Data Structure & Algorithm - 선형 구조	40	INITIALS	HARD	삽입은 되지만 삭제는 특정 방향으로만 제한되는 특수 목적 큐/덱 모델을 무엇이라고 할 수 있는가?	decremental queue 같은 특수 큐 모델은 연산 제약을 두고 그 대가로 더 빠른 성능을 얻는 설계에서 등장합니다. 면접에서는 이름 자체보다 “연산 제약이 있으면 자료구조가 단순해지고 성능이 좋아질 수 있다”는 이해를 볼 수 있습니다. 실무에서는 네트워크 버퍼나 스트리밍 윈도우처럼 특정 방향의 삭제만 필요한 경우가 있습니다. 다만 용어가 문맥에 따라 다르게 쓰일 수 있어, 정의를 스스로 명확히 말하는 것이 중요합니다. 이런 특수 구조는 문제 요구사항을 정확히 해석하는 능력과 연결됩니다.	디크리멘털큐									dsa	queue	theory	
Q354	잠금 없는 메모리 회수(Non-blocking Reclamation)		Data Structure & Algorithm - 선형 구조	40	INITIALS	HARD	lock-free 스택/큐에서 안전하게 노드를 해제하기 위한 비차단 메모리 회수 전략을 통칭해 무엇이라고 하는가?	lock-free 자료구조에서 가장 어려운 부분은 “언제 free해도 안전한가”입니다. 이를 위해 hazard pointer, epoch reclamation, RCU 같은 기법을 비차단 메모리 회수로 묶어 부릅니다. 면접에서는 왜 일반적인 free가 위험한지(use-after-free)와 ABA와의 연결을 묻습니다. 실무에서는 직접 구현하지 않더라도, lock-free 라이브러리 선택 시 어떤 회수 전략을 쓰는지 이해해야 운영 리스크를 줄일 수 있습니다. 특히 스레드가 멈추면 회수가 지연되는 등 기법마다 약점이 있어 트레이드오프를 설명할 수 있으면 좋습니다.	비차단메모리회수									dsa	stack	memory	
Q355	우선순위 큐의 힙 불변식(Heap Invariant)		Data Structure & Algorithm - 비선형 구조	41	INITIALS	HARD	각 노드가 자식보다 우선순위가 높다는 힙의 핵심 조건을 무엇이라고 하는가?	힙 불변식은 힙이 항상 만족해야 하는 정합성 조건입니다. 면접에서는 불변식이 깨지면 어떤 문제가 생기는지, 그리고 sift-up/down이 불변식을 회복하는 과정이라는 점을 묻습니다. 실무에서는 comparator가 잘못 정의되면 불변식이 깨져 결과가 비정상적으로 나옵니다. 특히 객체 비교에서 일관성(반사성, 추이성)이 깨지면 힙 구조 자체가 망가질 수 있어 주의해야 합니다. “불변식 관점으로 자료구조를 설명”할 수 있으면 깊이 있는 답변이 됩니다.	힙불변식									dsa	heap	invariant	
Q356	힙의 총순서 불필요(Partial Order)		Data Structure & Algorithm - 비선형 구조	41	INITIALS	HARD	힙이 전체 정렬이 아니라 부모-자식 관계에서만 순서를 보장하는 성질을 무엇이라고 하는가?	힙은 루트가 극값이라는 것만 보장하고, 형제/서브트리 간 전체 순서는 보장하지 않습니다. 이를 부분 순서라고 설명할 수 있습니다. 면접에서는 BST와 비교해 힙이 왜 검색에는 약한지, 대신 pop-min/max에 강한지를 연결해 묻습니다. 실무에서도 힙을 정렬 구조로 오해하면 잘못된 가정으로 버그가 생길 수 있습니다. 따라서 “힙은 partial order”라는 문장을 정확히 말할 수 있어야 합니다. 이 차이를 이해하면 자료구조 선택이 훨씬 명확해집니다.	부분순서									dsa	heap	theory	
Q357	우선순위 큐의 감소키 대안(Lazy Insert)		Data Structure & Algorithm - 비선형 구조	41	INITIALS	HARD	decrease key를 지원하지 않는 PQ에서 새 값을 다시 넣고 이전 항목은 나중에 무시하는 패턴을 무엇이라고 할 수 있는가?	많은 표준 PQ는 decrease-key를 직접 제공하지 않아서, 갱신이 필요하면 새 엔트리를 추가로 삽입합니다. 그리고 pop할 때 현재 거리/우선순위와 맞지 않으면 버리는 lazy 방식으로 처리합니다. 면접에서는 다익스트라 구현에서 이 패턴을 알고 있는지 자주 묻습니다. 실무에서도 “삭제/갱신이 어려운 자료구조를 우회하는 설계”로 반복 등장합니다. 단, 힙 크기가 불필요하게 커질 수 있어 정리 전략이나 메모리 사용을 함께 고려해야 합니다.	레이지인서트									dsa	heap	priorityqueue	
Q358	스택 언와인딩(Stack Unwinding)		Computer Science - 메모리와 하드웨어 구조	67	INITIALS	HARD	예외 처리에서 호출 스택 프레임을 거슬러 올라가며 정리 코드를 실행하는 과정을 무엇이라고 하는가?	스택 언와인딩은 예외가 발생했을 때 현재 함수에서 상위 호출자로 되돌아가며 프레임을 제거하는 과정입니다. 면접에서는 try-catch-finally 또는 RAII 같은 정리 메커니즘과 연결해서 질문이 나옵니다. 실무에서는 리소스 누수 방지와 직접 연결되며, finally나 defer가 왜 중요한지 설명할 때 핵심 개념입니다. 언와인딩 중에 또 예외가 나면 프로그램이 중단될 수 있어 정리 코드의 안정성이 중요합니다. 비동기/코루틴 환경에서는 스택이 분리되므로 언와인딩 모델이 달라질 수 있다는 점까지 언급하면 심화 답변이 됩니다.	스택언와인딩									dsa	stack	exception	
Q359	최소 비용 흐름 우선순위 큐(Min Cost Flow PQ)		Data Structure & Algorithm - 기타 알고리즘	44	INITIALS	HARD	최소 비용 흐름 같은 최적화 알고리즘에서 잠재치 갱신과 함께 PQ가 핵심으로 쓰이는 패턴을 무엇이라고 할 수 있는가?	최소 비용 흐름 계열 알고리즘은 내부적으로 최단거리 계산을 반복하며, 이때 우선순위 큐가 병목이 되곤 합니다. 면접에서는 이런 “고급 그래프 최적화”에서 PQ가 왜 필요한지, 어떤 연산이 반복되는지 설명할 수 있으면 좋습니다. 실무에서는 네트워크 최적화, 물류, 스케줄링 같은 도메인에서 등장합니다. 다만 구현 난도가 매우 높아, 개념을 정확히 말하고 핵심 역할(PQ로 최단 후보 선택)을 설명하는 정도가 중요합니다. 힙 선택과 decrease-key 대안까지 연결되면 더 탄탄한 답변이 됩니다.	최소비용흐름									dsa	heap	graph	
Q360	큐잉 이론(Little Law)		Computer Science - 병렬/분산 처리	69	INITIALS	HARD	시스템에서 평균 대기열 길이, 처리량, 평균 지연의 관계를 L=λW로 표현하는 법칙을 무엇이라고 하는가?	리틀의 법칙은 큐잉 시스템의 기본 관계식으로, 평균 큐 길이 L은 처리율 λ와 평균 체류 시간 W의 곱입니다. 면접에서는 “큐가 길어지면 왜 지연이 늘어나는지”를 수식으로 설명하게 만들기도 합니다. 실무에서는 처리량을 올리지 못하면 대기열이 폭증하고 지연이 급증한다는 경고로 자주 쓰입니다. 단, 안정 상태(steady state) 가정이 있어 급변 구간에는 그대로 적용하기 어렵다는 점도 알아야 합니다. 큐 자료구조를 넘어 성능/운영 관점에서 큐를 이해하는 핵심 도구입니다.	리틀의법칙									dsa	queue	performance	