question_temp_key	term_title	term_id	term_category	term_category_id	question_type	difficulty	question_text	explanation	text_answer	choice_1_text	choice_1_is_answer	choice_2_text	choice_2_is_answer	choice_3_text	choice_3_is_answer	choice_4_text	choice_4_is_answer	label_1_key	label_2_key	label_3_key	label_4_key
Q001	동적 계획법(Dynamic Programming)		Data Structure & Algorithm - 기타 알고리즘	44	CHOICE	EASY	동적 계획법의 핵심 아이디어로 가장 적절한 것은?	동적 계획법은 큰 문제를 작은 부분 문제로 쪼개고, 부분 문제의 해를 저장해 중복 계산을 줄이는 방법입니다. 핵심은 같은 부분 문제가 반복되는 중복 부분 문제와 부분 문제의 최적해로 전체 최적해를 구성하는 최적 부분 구조입니다. 면접에서는 왜 DP가 필요한지와 어떤 조건에서 적용되는지 설명할 수 있어야 합니다. 실무에서는 상태 정의가 잘못되면 메모리와 시간이 급격히 증가하므로 상태 수를 먼저 추정하는 습관이 중요합니다. 또한 점화식과 기저 조건을 명확히 해야 디버깅이 쉬워집니다.		모든 경우를 전부 나열해서 답을 찾는다	FALSE	부분 문제 해를 저장해 중복 계산을 줄인다	TRUE	항상 정렬을 먼저 수행해야 한다	FALSE	매 단계에서 가장 큰 값을 고른다	FALSE	dsa	dp		
Q002	중복 부분 문제(Overlapping Subproblems)		Data Structure & Algorithm - 기타 알고리즘	44	CHOICE	EASY	DP가 특히 유용해지는 상황으로 가장 알맞은 것은?	DP는 동일한 부분 문제가 여러 경로로 반복해서 등장할 때 효과가 큽니다. 이때 결과를 메모이제이션이나 테이블로 저장하면 전체 계산량이 크게 줄어듭니다. 면접에서는 재귀 트리에서 같은 호출이 반복되는 예시를 들어 설명하는 경우가 많습니다. 실무에서는 캐시 키를 상태로 잡는데, 상태가 과도하게 크면 저장 자체가 병목이 될 수 있습니다. 그래서 상태를 최소화하는 설계가 중요합니다.		부분 문제가 서로 완전히 독립적인 경우	FALSE	같은 부분 문제가 반복해서 등장하는 경우	TRUE	입력이 이미 정렬되어 있는 경우	FALSE	항상 O1로 풀 수 있는 경우	FALSE	dsa	dp		
Q003	메모이제이션(Memoization)		Data Structure & Algorithm - 기타 알고리즘	44	CHOICE	EASY	메모이제이션에 대한 설명으로 가장 올바른 것은?	메모이제이션은 보통 탑다운 재귀 형태에서 부분 문제 결과를 저장해 재사용하는 기법입니다. 같은 상태가 다시 요청되면 저장된 값을 바로 반환해 시간을 절약합니다. 면접에서는 DP 구현을 탑다운으로 할지 바텀업으로 할지 장단점을 묻는 질문이 자주 나옵니다. 실무에서는 재귀 깊이가 커질 수 있으니 스택 오버플로우 위험을 고려해야 합니다. 또한 캐시 미스와 히트 조건이 정확한지 확인하는 것이 중요합니다.		계산 결과를 저장하지 않고 매번 다시 계산한다	FALSE	부분 문제 결과를 저장해 재사용한다	TRUE	항상 반복문으로만 구현한다	FALSE	정렬 알고리즘의 한 종류다	FALSE	dsa	dp		
Q004	테뷸레이션(Tabulation)		Data Structure & Algorithm - 기타 알고리즘	44	CHOICE	EASY	테뷸레이션 방식의 DP 특징으로 가장 알맞은 것은?	테뷸레이션은 바텀업 방식으로 작은 상태부터 테이블을 채워나가는 구현입니다. 재귀 호출 없이 반복문으로 구성되는 경우가 많아 스택 오버플로우 위험이 줄어듭니다. 면접에서는 초기값 설정과 테이블 채우는 순서가 왜 그 순서여야 하는지 설명하는지를 봅니다. 실무에서는 테이블 크기가 큰 경우 메모리 최적화가 필요해 1차원으로 줄이는 테크닉을 같이 씁니다. 또한 인덱스 범위 실수가 잦아 경계 조건을 꼼꼼히 체크해야 합니다.		큰 문제부터 재귀로 내려가며 푼다	FALSE	작은 문제부터 테이블을 채우며 푼다	TRUE	항상 백트래킹이 포함된다	FALSE	해시 충돌을 해결하는 방법이다	FALSE	dsa	dp		
Q005	상태(State) 정의		Data Structure & Algorithm - 기타 알고리즘	44	CHOICE	EASY	DP에서 상태를 정의할 때 가장 중요한 기준은?	상태는 부분 문제를 유일하게 식별할 수 있는 최소한의 정보 집합이어야 합니다. 상태가 부족하면 서로 다른 경우를 같은 상태로 합쳐 오답이 나고, 상태가 과하면 시간과 메모리가 폭증합니다. 면접에서는 예를 들어 dp[i]가 무엇을 의미하는지 한 문장으로 정의하라고 자주 묻습니다. 실무에서는 상태의 차원을 줄이는 리팩터링이 성능 개선의 핵심이 되는 경우가 많습니다. 따라서 상태 수와 전이 비용을 먼저 계산해보는 습관이 중요합니다.		상태는 최대한 많은 정보를 담을수록 좋다	FALSE	부분 문제를 구분할 최소 정보로 정의한다	TRUE	상태는 입력 전체를 그대로 저장해야 한다	FALSE	상태는 정렬 여부만 저장하면 된다	FALSE	dsa	dp		
Q006	점화식(Recurrence)		Data Structure & Algorithm - 기타 알고리즘	44	CHOICE	EASY	DP 점화식에 대한 설명으로 가장 적절한 것은?	점화식은 한 상태의 답을 더 작은 상태들의 답으로 표현한 관계식입니다. 점화식이 올바르면 계산 순서만 지키면 전체 답이 일관되게 도출됩니다. 면접에서는 전이 관계를 어떻게 도출했는지 논리 흐름을 설명하는 것이 중요합니다. 실무에서는 점화식을 코드로 옮길 때 인덱스와 조건 분기가 정확해야 버그가 줄어듭니다. 또한 점화식과 기저 조건이 함께 맞물려야 무한 루프나 미정의 접근을 피할 수 있습니다.		점화식은 정렬 순서를 의미한다	FALSE	큰 상태를 작은 상태로 연결하는 전이 관계다	TRUE	점화식은 항상 그리디 선택을 뜻한다	FALSE	점화식은 자료구조의 크기만 나타낸다	FALSE	dsa	dp		
Q007	기저 조건(Base Case)		Data Structure & Algorithm - 기타 알고리즘	44	CHOICE	EASY	DP에서 기저 조건이 중요한 이유로 가장 알맞은 것은?	기저 조건은 더 이상 쪼갤 수 없는 가장 작은 부분 문제의 정답을 제공해 전이의 출발점을 만듭니다. 기저 조건이 없거나 틀리면 점화식이 정상적으로 값을 채우지 못하고 오답으로 이어집니다. 면접에서는 피보나치처럼 간단한 예시로 base case를 정확히 말할 수 있어야 합니다. 실무에서는 배열 인덱스가 음수로 내려가거나 범위를 벗어나는 버그를 막는 안전장치 역할도 합니다. 따라서 초기값을 명확히 하고 경계 입력을 테스트하는 것이 중요합니다.		기저 조건은 성능에는 영향을 주지 않는다	FALSE	DP 계산이 시작될 초기값을 제공한다	TRUE	기저 조건은 항상 0으로만 둔다	FALSE	기저 조건이 있으면 그리디가 된다	FALSE	dsa	dp		
Q008	그리디 알고리즘(Greedy)		Data Structure & Algorithm - 기타 알고리즘	44	CHOICE	EASY	그리디 알고리즘의 특징으로 가장 올바른 것은?	그리디는 매 단계에서 현재 상황에서 최선이라고 보이는 선택을 하며 해를 구성합니다. 다만 이 선택이 전체 최적해를 보장하려면 그리디 선택 속성 같은 조건이 필요합니다. 면접에서는 왜 그 선택이 항상 최적인지 증명 아이디어를 설명하라고 자주 묻습니다. 실무에서는 그리디가 간단하고 빠르지만, 반례를 놓치면 틀린 결과를 내기 쉬워 검증이 중요합니다. 따라서 적용 전 문제의 구조를 먼저 분석하는 습관이 필요합니다.		모든 문제에서 항상 최적해를 보장한다	FALSE	매 단계에서 지역적으로 좋아 보이는 선택을 한다	TRUE	부분 문제 결과를 테이블에 저장한다	FALSE	반드시 재귀로만 구현한다	FALSE	dsa	greedy		
Q009	그리디 선택 속성(Greedy Choice Property)		Data Structure & Algorithm - 기타 알고리즘	44	CHOICE	EASY	그리디 선택이 정당화되려면 보통 무엇이 필요할까?	그리디가 맞으려면 지금의 선택이 이후 최적해 구성에 방해가 되지 않는다는 성질이 필요합니다. 이를 그리디 선택 속성이나 교환 논증으로 설명하는 경우가 많습니다. 면접에서는 반례가 없는 이유를 논리적으로 말하는지를 봅니다. 실무에서는 단순히 직감으로 선택 규칙을 정하면 케이스가 커질수록 오답이 늘어납니다. 그래서 작은 반례를 직접 만들어보며 검증하는 습관이 중요합니다.		선택 규칙을 증명 없이 외우면 된다	FALSE	현재 선택이 전체 최적해로 이어진다는 성질이 필요하다	TRUE	상태 정의를 3차원으로 늘리면 된다	FALSE	반드시 BFS를 먼저 수행해야 한다	FALSE	dsa	greedy		
Q010	회의실 배정(Interval Scheduling)		Data Structure & Algorithm - 기타 알고리즘	44	CHOICE	EASY	회의실 배정 문제에서 가장 널리 쓰이는 그리디 선택 기준은?	회의실 배정은 겹치지 않게 최대한 많은 회의를 선택하는 대표 그리디 문제입니다. 가장 빨리 끝나는 회의를 먼저 선택하면 이후에 더 많은 회의를 배치할 여지가 커집니다. 면접에서는 왜 시작 시간이 아니라 종료 시간이 기준인지 설명하는 질문이 자주 나옵니다. 실무에서도 스케줄링이나 자원 할당에서 비슷한 패턴이 반복됩니다. 정렬 기준을 정확히 잡는 것이 핵심입니다.		시작 시간이 가장 늦은 회의를 먼저 고른다	FALSE	종료 시간이 가장 빠른 회의를 먼저 고른다	TRUE	길이가 가장 긴 회의를 먼저 고른다	FALSE	임의로 하나 고르면 항상 최적이다	FALSE	dsa	greedy		
Q011	최소 신장 트리(MST)와 Kruskal		Data Structure & Algorithm - 기타 알고리즘	44	CHOICE	EASY	Kruskal 알고리즘이 사용하는 전략으로 가장 적절한 것은?	Kruskal은 간선 가중치를 오름차순으로 정렬한 뒤, 사이클을 만들지 않는 선에서 가장 작은 간선을 선택해 나갑니다. 이 과정은 매 단계의 선택이 전체 최적해에 포함될 수 있음을 컷 속성으로 정당화합니다. 면접에서는 Union Find를 왜 쓰는지와 사이클 판정을 어떻게 하는지 묻습니다. 실무에서도 네트워크 설계나 클러스터링 같은 곳에서 MST 개념이 쓰입니다. 구현 실수는 주로 정렬과 유니온 로직에서 발생합니다.		간선을 무작위로 선택한다	FALSE	가장 작은 간선을 사이클 없이 선택한다	TRUE	모든 경로를 DP로 저장한다	FALSE	방문 순서대로 BFS를 한다	FALSE	dsa	greedy		
Q012	허프만 코딩(Huffman Coding)		Data Structure & Algorithm - 기타 알고리즘	44	CHOICE	EASY	허프만 코딩이 그리디로 가능한 이유에 가장 가까운 설명은?	허프만 코딩은 가장 빈도가 낮은 두 문자를 반복해서 합치는 선택을 합니다. 이 선택이 최적 접두부 코드를 만든다는 것이 증명되어 있어 그리디로 풀 수 있습니다. 면접에서는 왜 가장 작은 두 개를 합치는지와 우선순위 큐를 쓰는지 질문이 나옵니다. 실무에서는 압축, 전송 효율 최적화 같은 분야에서 관련 아이디어가 등장합니다. 자료구조 선택이 성능을 좌우하므로 힙 사용을 함께 이해해야 합니다.		매번 가장 큰 빈도를 합쳐야 최적이다	FALSE	매번 가장 작은 빈도 두 개를 합치는 선택이 정당화된다	TRUE	정렬 없이도 항상 같은 결과가 나온다	FALSE	DP 테이블을 만들어야만 한다	FALSE	dsa	greedy		
Q013	동전 거스름돈(Coin Change)		Data Structure & Algorithm - 기타 알고리즘	44	CHOICE	EASY	동전 거스름돈 문제에서 그리디가 항상 맞다고 단정할 수 없는 이유는?	동전 거스름돈은 동전 체계에 따라 그리디가 최적을 보장하기도 하고, 반례가 존재하기도 합니다. 즉 가장 큰 동전부터 고르는 규칙이 항상 최소 개수를 보장하지는 않습니다. 면접에서는 그리디가 성립하는 조건이나 반례를 들어 설명하는 질문이 자주 나옵니다. 실무에서는 화폐 체계가 정해져 있으면 그리디를 쓰지만, 일반화된 입력이면 DP로 푸는 경우가 많습니다. 따라서 문제 조건을 읽고 알고리즘을 선택하는 능력이 중요합니다.		그리디는 항상 최소 동전 개수를 보장한다	FALSE	동전 체계에 따라 그리디가 실패하는 반례가 있을 수 있다	TRUE	그리디는 동전 문제에 절대 적용할 수 없다	FALSE	동전 문제는 반드시 투 포인터로만 푼다	FALSE	dsa	greedy	dp	
Q014	투 포인터(Two Pointers) 기본		Data Structure & Algorithm - 기타 알고리즘	44	CHOICE	EASY	정렬된 배열에서 합이 특정 값이 되는 두 수를 찾을 때 자주 쓰는 방법은?	정렬된 배열에서는 양 끝에서 시작해 합을 비교하며 포인터를 움직이는 투 포인터가 효율적입니다. 합이 크면 오른쪽 포인터를 줄이고, 합이 작으면 왼쪽 포인터를 늘리는 식으로 탐색 범위를 줄입니다. 면접에서는 왜 이 방식이 O(n)인지 설명하는 문제가 자주 나옵니다. 실무에서도 조건을 만족하는 쌍 찾기나 범위 좁히기에 자주 응용됩니다. 전제 조건인 정렬 여부를 항상 확인해야 합니다.		모든 쌍을 다 확인하는 완전 탐색	FALSE	양 끝 포인터를 이동하며 합을 조절하는 방법	TRUE	DP 테이블을 만들어 누적한다	FALSE	무작위로 인덱스를 뽑아 검사한다	FALSE	dsa	two_pointers		
Q015	슬라이딩 윈도우(Sliding Window)		Data Structure & Algorithm - 기타 알고리즘	44	CHOICE	EASY	슬라이딩 윈도우가 특히 잘 맞는 문제 유형은?	슬라이딩 윈도우는 연속 구간을 유지하면서 조건을 만족하는지 확인하는 방식입니다. 투 포인터로 윈도우의 좌우 경계를 조절해 전체를 한 번에 훑는 경우가 많습니다. 면접에서는 언제 윈도우를 늘리고 줄이는지 불변식을 설명하는지를 봅니다. 실무에서는 로그 분석이나 연속 기간 지표 계산 같은 곳에 응용됩니다. 단 입력 값에 음수가 포함되면 단순한 윈도우가 깨질 수 있어 조건을 확인해야 합니다.		정렬된 두 배열을 병합하는 문제	FALSE	연속 부분 배열의 길이 또는 합을 다루는 문제	TRUE	트리의 높이를 구하는 문제	FALSE	그래프 최단 경로 문제	FALSE	dsa	two_pointers		
Q016	투 포인터 불변식(Invariant)		Data Structure & Algorithm - 기타 알고리즘	44	CHOICE	EASY	투 포인터 알고리즘에서 불변식이 의미하는 바는?	불변식은 반복 과정에서 항상 참으로 유지해야 하는 조건입니다. 투 포인터는 포인터를 이동하면서도 어떤 조건을 보존하도록 설계해야 올바른 결과가 나옵니다. 면접에서는 포인터를 움직이는 규칙이 왜 정답을 놓치지 않는지 불변식으로 설명하라고 묻습니다. 실무에서도 이 관점으로 생각하면 버그가 줄고 로직이 단단해집니다. 특히 윈도우 조건과 경계 처리에서 불변식이 큰 도움이 됩니다.		반복문에서 항상 바뀌는 값	FALSE	포인터 이동 중에도 유지되는 핵심 조건	TRUE	배열을 정렬하는 규칙	FALSE	재귀 호출의 종료 조건	FALSE	dsa	two_pointers		
Q017	런너 기법(Fast and Slow Pointers)		Data Structure & Algorithm - 기타 알고리즘	44	CHOICE	EASY	연결 리스트에서 사이클 존재 여부를 확인할 때 흔히 쓰는 기법은?	빠른 포인터와 느린 포인터를 함께 이동시키면 사이클이 있을 때 둘이 언젠가 만나게 됩니다. 이를 플로이드 사이클 탐지라고도 하며 대표적인 투 포인터 응용입니다. 면접에서는 왜 만나게 되는지 직관적으로 설명할 수 있어야 합니다. 실무에서도 연결 구조의 이상 상태를 감지하거나 반복 패턴을 찾는 데 아이디어가 쓰입니다. 포인터 null 체크를 빼먹으면 런타임 오류가 나기 쉬워 주의해야 합니다.		DP로 방문 상태를 모두 저장한다	FALSE	빠른 포인터와 느린 포인터를 동시에 이동한다	TRUE	스택에 노드를 전부 넣는다	FALSE	모든 노드를 정렬한다	FALSE	dsa	two_pointers		
Q018	DP와 그리디 비교		Data Structure & Algorithm - 기타 알고리즘	44	CHOICE	EASY	다음 중 DP를 고려해야 하는 상황으로 가장 알맞은 것은?	그리디는 선택이 항상 최적임을 증명할 수 있을 때 유리합니다. 반대로 선택이 미래에 영향을 크게 주고 반례가 쉽게 생기면 DP를 고려하는 편이 안전합니다. 면접에서는 그리디로 풀 수 없는 이유를 설명하고 DP로 전환하는 판단 근거를 묻습니다. 실무에서도 빠르게 그리디로 접근했다가 반례 때문에 DP로 바꾸는 일이 흔합니다. 문제의 구조를 보고 최적 부분 구조와 상태 전이를 설계하는 능력이 중요합니다.		매 단계 최선 선택이 항상 최적임이 명확할 때	FALSE	지역 선택이 전체 최적을 보장하지 않을 가능성이 클 때	TRUE	입력이 작아서 아무 방법이나 써도 될 때	FALSE	정렬만 하면 정답이 바로 나올 때	FALSE	dsa	dp	greedy	
Q019	양수 배열 투 포인터 적용 조건		Data Structure & Algorithm - 기타 알고리즘	44	CHOICE	EASY	합이 K 이하인 가장 긴 연속 부분 배열을 찾는 문제에서 투 포인터가 잘 동작하기 쉬운 조건은?	투 포인터 슬라이딩 윈도우는 보통 윈도우를 늘리면 합이 단조 증가하고, 줄이면 단조 감소할 때 깔끔하게 동작합니다. 배열 원소가 모두 양수이면 이 단조성이 성립해 O(n)으로 풀기 쉬워집니다. 면접에서는 왜 양수 조건이 중요하고 음수가 있으면 어떤 문제가 생기는지 묻습니다. 실무에서도 메트릭 합계 같은 양수 데이터에서는 윈도우가 매우 효율적입니다. 조건이 깨지면 누적합과 해시 같은 다른 접근이 필요합니다.		원소에 음수가 섞여 있어 합이 오르내리는 경우	FALSE	원소가 모두 양수여서 윈도우 합이 단조적으로 변하는 경우	TRUE	배열이 반드시 내림차순인 경우	FALSE	배열 길이가 2인 경우에만 가능	FALSE	dsa	two_pointers		
Q020	DP 복잡도 추정		Data Structure & Algorithm - 기타 알고리즘	44	CHOICE	EASY	일반적으로 DP 시간 복잡도를 추정할 때 가장 기본이 되는 관점은?	DP 시간은 보통 상태의 개수 곱하기 각 상태에서의 전이 비용으로 추정합니다. 상태 수가 크면 테이블이 커지고, 전이 비용이 크면 각 칸을 채우는 데 시간이 오래 걸립니다. 면접에서는 dp 배열 크기와 반복문 중첩을 보고 복잡도를 말할 수 있어야 합니다. 실무에서는 상태를 줄이거나 전이를 최적화해 성능을 개선합니다. 따라서 먼저 상태 공간을 설계하고 비용을 계산하는 습관이 중요합니다.		정렬 비용만 계산하면 된다	FALSE	상태 수와 전이 비용의 곱으로 본다	TRUE	입력 크기와 상관없이 항상 O(n)이다	FALSE	메모리 사용량만 보면 된다	FALSE	dsa	dp		
Q021	부분 문제(Subproblem)		Data Structure & Algorithm - 기타 알고리즘	44	CHOICE	EASY	DP에서 말하는 부분 문제에 대한 설명으로 가장 알맞은 것은?	DP는 원문제를 더 작은 문제로 분해해 해결합니다. 이때 각 부분 문제는 원문제의 해를 구성하는 데 재사용 가능한 단위여야 합니다. 면접에서는 부분 문제를 어떻게 정의했는지와 재사용되는 구조가 있는지 설명하는지를 봅니다. 실무에서는 부분 문제가 독립적이지 않거나 정의가 애매하면 점화식을 세울 수 없어 실패합니다. 그래서 상태와 함께 부분 문제의 범위를 명확히 잡는 습관이 중요합니다.		원문제와 전혀 무관한 임의의 문제	FALSE	원문제를 구성하는 더 작은 단위의 문제	TRUE	항상 정렬을 수행해야 하는 문제	FALSE	입력을 랜덤으로 섞는 과정	FALSE	dsa	dp		
Q022	최적 부분 구조(Optimal Substructure)		Data Structure & Algorithm - 기타 알고리즘	44	CHOICE	EASY	DP가 적용되기 위한 조건 중 하나인 최적 부분 구조의 의미로 가장 적절한 것은?	최적 부분 구조는 전체 문제의 최적해가 부분 문제들의 최적해로 구성될 수 있다는 성질입니다. 이 성질이 있어야 부분 문제를 풀어 저장한 결과가 전체 답을 만드는 데 그대로 쓰입니다. 면접에서는 이 성질이 없는 문제에 DP를 억지로 쓰면 왜 안 되는지 묻기도 합니다. 실무에서는 최적 부분 구조가 성립하는지 확인하는 것이 알고리즘 선택의 첫 단계입니다. 예시로 최단 경로, 배낭 문제 등이 자주 등장합니다.		부분 문제를 아무렇게나 합쳐도 최적해가 된다	FALSE	전체 최적해가 부분 문제 최적해로 구성된다	TRUE	항상 그리디 선택을 하면 최적이다	FALSE	부분 문제 해는 저장하면 안 된다	FALSE	dsa	dp		
Q023	1차원 DP(dp i)		Data Structure & Algorithm - 기타 알고리즘	44	CHOICE	EASY	dp[i]를 1차원으로 두는 전형적인 의미로 가장 흔한 것은?	1차원 DP는 인덱스 i까지의 결과를 누적해 계산하는 형태가 많습니다. dp[i]가 무엇을 의미하는지 정확히 정의해야 점화식이 흔들리지 않습니다. 면접에서는 dp[i]의 정의를 말하고, 그 정의로부터 점화식을 자연스럽게 도출할 수 있는지 확인합니다. 실무에서는 dp 의미가 모호하면 디버깅이 매우 어려워집니다. 따라서 정의를 주석으로 남기는 습관이 좋습니다.		i번째 값 하나만 그대로 저장한다	FALSE	i까지 고려했을 때의 최적값이나 경우의 수를 의미한다	TRUE	i번째 원소의 정렬 위치를 의미한다	FALSE	i에서 시작하는 BFS 레벨을 의미한다	FALSE	dsa	dp		
Q024	피보나치(Fibonacci) DP		Data Structure & Algorithm - 기타 알고리즘	44	CHOICE	EASY	피보나치 수를 DP로 계산할 때 기대할 수 있는 대표적 이점은?	피보나치를 단순 재귀로 구현하면 같은 값을 반복 계산해 지수 시간이 걸릴 수 있습니다. DP로 이전 결과를 저장하면 한 번씩만 계산해 선형 시간으로 줄어듭니다. 면접에서는 재귀 트리의 중복 호출을 설명하라는 질문이 자주 나옵니다. 실무에서는 이런 중복 제거가 성능 최적화의 핵심 패턴입니다. 작은 예시지만 DP의 본질을 보여주는 대표 케이스입니다.		메모리를 더 쓰지 않는다	FALSE	중복 계산을 줄여 시간을 크게 줄인다	TRUE	항상 O(1) 시간이 된다	FALSE	정렬이 자동으로 된다	FALSE	dsa	dp		
Q025	그리디 반례(Counterexample)		Data Structure & Algorithm - 기타 알고리즘	44	CHOICE	EASY	그리디 알고리즘 설계에서 반례를 찾는 이유로 가장 알맞은 것은?	그리디는 직관적으로 규칙을 세우기 쉬워 보이지만, 작은 반례 하나로 전체 알고리즘이 틀릴 수 있습니다. 반례를 찾는 과정은 선택 규칙이 항상 최적을 보장하는지 검증하는 핵심 단계입니다. 면접에서는 반례를 직접 구성해보거나 교환 논증을 요구하기도 합니다. 실무에서도 빠른 구현 후 테스트 데이터에서 깨지는 경우가 많아 검증 루틴이 중요합니다. 반례를 못 찾았다고 해서 정답이라는 보장은 없음을 항상 기억해야 합니다.		구현이 쉬워 보이기 때문	FALSE	선택 규칙이 최적해를 보장하는지 검증하기 위해	TRUE	DP보다 항상 느리기 때문	FALSE	정렬이 필요 없기 때문	FALSE	dsa	greedy		
Q026	교환 논증(Exchange Argument)		Data Structure & Algorithm - 기타 알고리즘	44	CHOICE	EASY	그리디 정당화에 자주 쓰이는 교환 논증의 핵심 아이디어는?	교환 논증은 어떤 최적해가 있을 때, 그 최적해의 일부를 그리디가 선택한 요소로 바꿔도 최적성이 유지됨을 보이는 방식입니다. 이렇게 하면 그리디 선택이 최적해 구성에 포함될 수 있음을 설명할 수 있습니다. 면접에서는 말로라도 교환 논증 흐름을 설명하는지를 봅니다. 실무에서는 증명까지는 안 하더라도 이 관점으로 반례를 줄이고 규칙을 단단히 만들 수 있습니다. 특히 스케줄링 문제에서 자주 등장합니다.		모든 경우를 DP로 저장하는 방식	FALSE	최적해 일부를 그리디 선택으로 바꿔도 최적임을 보인다	TRUE	배열을 교환 정렬하는 방식	FALSE	해시 충돌을 교환으로 해결한다	FALSE	dsa	greedy		
Q027	활동 선택(Activity Selection)		Data Structure & Algorithm - 기타 알고리즘	44	CHOICE	EASY	활동 선택 문제에서 종료 시간이 빠른 활동을 고르는 이유로 가장 적절한 것은?	종료 시간이 빠른 활동을 선택하면 남는 시간이 커져 이후에 더 많은 활동을 배치할 수 있습니다. 이는 그리디 선택이 최적해로 이어질 수 있음을 직관적으로 설명하는 대표 예시입니다. 면접에서는 시작 시간 기준으로 정렬하면 왜 틀릴 수 있는지 반례를 묻기도 합니다. 실무에서는 회의 예약, 리소스 예약 등에서 동일한 패턴이 반복됩니다. 정렬 기준을 잘못 잡으면 결과가 크게 달라집니다.		가장 긴 활동을 먼저 끝내기 위해	FALSE	이후에 더 많은 활동을 배치할 여지를 만들기 위해	TRUE	DP 테이블을 줄이기 위해	FALSE	탐색 범위를 이분 탐색으로 줄이기 위해	FALSE	dsa	greedy		
Q028	투 포인터 초기화		Data Structure & Algorithm - 기타 알고리즘	44	CHOICE	EASY	정렬된 배열에서 두 수의 합 문제를 투 포인터로 풀 때 가장 흔한 초기 포인터 위치는?	정렬된 배열에서는 양 끝에서 시작해 합을 비교하며 포인터를 이동시키는 전략이 일반적입니다. 가장 작은 값과 가장 큰 값을 먼저 조합해 목표와 비교하면 방향을 결정하기 쉽습니다. 면접에서는 왜 양 끝에서 시작하는지와 이동 규칙을 설명하는 문제가 자주 나옵니다. 실무에서도 유사한 조건 탐색에서 이 패턴을 그대로 씁니다. 전제 조건인 정렬을 반드시 확인해야 합니다.		둘 다 0에서 시작	FALSE	왼쪽은 0, 오른쪽은 n-1에서 시작	TRUE	둘 다 n-1에서 시작	FALSE	중앙에서 시작	FALSE	dsa	two_pointers		
Q029	투 포인터 시간 복잡도		Data Structure & Algorithm - 기타 알고리즘	44	CHOICE	EASY	일반적인 투 포인터 탐색의 시간 복잡도로 가장 알맞은 것은?	투 포인터는 각 포인터가 배열을 한 번씩만 전진하거나 후진하는 구조가 많습니다. 따라서 전체 이동 횟수는 O(n) 수준으로 제한됩니다. 면접에서는 포인터가 뒤로 되돌아가지 않는다는 점을 근거로 설명하는 경우가 많습니다. 실무에서는 이 성질 덕분에 완전 탐색 O(n^2)을 O(n)으로 줄일 수 있습니다. 다만 정렬이 필요하면 정렬 비용이 추가될 수 있습니다.		O(n^2)	FALSE	O(n)	TRUE	O(log n)	FALSE	O(1)	FALSE	dsa	two_pointers		
Q030	슬라이딩 윈도우 조건		Data Structure & Algorithm - 기타 알고리즘	44	CHOICE	EASY	슬라이딩 윈도우로 연속 구간 합을 다룰 때 포인터를 이동시키는 기본 원칙으로 가장 알맞은 것은?	보통 합이 목표보다 작으면 오른쪽을 늘려 구간을 확장하고, 합이 목표보다 크면 왼쪽을 줄여 구간을 축소합니다. 이런 규칙은 값이 양수일 때 합이 단조 변화해 성립하기 쉽습니다. 면접에서는 왜 이 규칙이 정답을 놓치지 않는지 설명을 요구합니다. 실무에서는 관측 데이터처럼 양수 기반 합산에 매우 자주 쓰입니다. 입력 특성에 따라 규칙이 깨질 수 있으니 조건 확인이 중요합니다.		합이 작으면 왼쪽을 줄인다	FALSE	합이 작으면 오른쪽을 늘리고, 크면 왼쪽을 줄인다	TRUE	합이 크면 오른쪽을 늘린다	FALSE	포인터는 랜덤으로 이동한다	FALSE	dsa	two_pointers		
Q031	최소 동전 개수와 DP		Data Structure & Algorithm - 기타 알고리즘	44	CHOICE	EASY	일반적인 동전 최소 개수 문제에서 DP 접근이 유리한 이유로 가장 알맞은 것은?	동전 최소 개수는 그리디가 항상 정답을 보장하지 않는 동전 체계가 존재합니다. DP는 금액을 상태로 두고 최솟값을 누적해 계산해 언제나 정답을 보장하는 방향으로 설계할 수 있습니다. 면접에서는 그리디 반례와 DP 전환 판단을 자주 묻습니다. 실무에서는 입력 동전 체계가 가변이면 DP가 안전한 선택입니다. 다만 시간과 메모리 비용을 추정해 제한 내에서 설계해야 합니다.		그리디가 언제나 정답이기 때문	FALSE	그리디 반례가 있을 수 있어 최적 보장이 필요하기 때문	TRUE	정렬이 필요 없기 때문	FALSE	투 포인터로만 풀 수 있기 때문	FALSE	dsa	dp		
Q032	배낭 문제(Knapsack) 힌트		Data Structure & Algorithm - 기타 알고리즘	44	CHOICE	EASY	무게 제한 안에서 가치 최대를 고르는 문제에서 자주 등장하는 접근은?	배낭 문제는 선택의 조합이 많아 그리디로 단순 처리하기 어려운 대표 케이스입니다. DP로 무게나 아이템 인덱스를 상태로 두고 최적값을 계산하는 방식이 자주 쓰입니다. 면접에서는 0-1 배낭과 분수 배낭의 차이를 물어 그리디 가능 여부를 확인하기도 합니다. 실무에서도 리소스 제한 내 최적 배분 문제로 응용됩니다. 상태 크기와 제한값을 보고 현실적으로 가능한지 판단하는 것이 중요합니다.		항상 가치가 큰 것부터 고르는 그리디	FALSE	무게나 아이템을 상태로 두는 DP	TRUE	BFS로 최단 경로를 찾는다	FALSE	이분 탐색으로 값을 찾는다	FALSE	dsa	dp		
Q033	분수 배낭(Fractional Knapsack)		Data Structure & Algorithm - 기타 알고리즘	44	CHOICE	EASY	분수 배낭 문제에서 최적 전략으로 가장 널리 알려진 것은?	분수 배낭은 물건을 쪼갤 수 있어 그리디가 최적해를 보장합니다. 일반적으로 단위 무게당 가치가 높은 순으로 담으면 됩니다. 면접에서는 0-1 배낭과 대비해 왜 그리디가 가능한지 묻는 경우가 많습니다. 실무에서도 비율 기반 자원 배분에서 유사한 논리가 적용됩니다. 정렬 기준을 정확히 잡는 것이 핵심입니다.		무게가 큰 순서로 담는다	FALSE	단위 무게당 가치가 높은 순으로 담는다	TRUE	가치가 낮은 순서로 담는다	FALSE	무작위로 담는다	FALSE	dsa	greedy		
Q034	DP 메모리 최적화		Data Structure & Algorithm - 기타 알고리즘	44	CHOICE	EASY	DP에서 메모리를 줄이는 대표적인 방법으로 가장 알맞은 것은?	DP는 상태 테이블이 커지면 메모리 문제가 생깁니다. 전이가 바로 이전 행이나 몇 칸만 필요하다면 배열을 1차원으로 줄이거나 롤링 배열을 사용해 공간을 절약할 수 있습니다. 면접에서는 왜 가능한지와 업데이트 순서가 왜 중요한지 물어봅니다. 실무에서는 이 최적화 하나로 제한 메모리를 통과하는 경우가 많습니다. 다만 갱신 순서를 틀리면 값이 덮여서 오답이 되기 쉬워 주의해야 합니다.		상태를 더 늘려서 저장한다	FALSE	롤링 배열 등으로 필요한 부분만 유지한다	TRUE	모든 중간 상태를 파일로 저장한다	FALSE	재귀를 더 깊게 만든다	FALSE	dsa	dp		
Q035	투 포인터와 정렬 전제		Data Structure & Algorithm - 기타 알고리즘	44	CHOICE	EASY	두 수의 합 문제에서 투 포인터가 성립하기 위한 대표 전제 조건은?	투 포인터는 포인터 이동 방향을 합 비교로 결정하기 때문에 입력의 단조성이 필요합니다. 정렬된 배열이면 합이 커질지 작아질지를 예측할 수 있어 포인터 이동이 정당화됩니다. 면접에서는 정렬이 안 되어 있으면 왜 성립하기 어려운지 설명을 요구합니다. 실무에서는 정렬 비용까지 고려해 전체 복잡도를 따져야 합니다. 경우에 따라 해시를 쓰는 것이 더 빠를 수도 있습니다.		배열이 반드시 정렬되어 있어야 한다	TRUE	배열 길이가 짝수여야 한다	FALSE	배열 원소가 모두 0이어야 한다	FALSE	배열이 내림차순이면 불가능하다	FALSE	dsa	two_pointers		
Q036	그리디와 DP 선택 기준		Data Structure & Algorithm - 기타 알고리즘	44	CHOICE	EASY	그리디 대신 DP를 선택해야 할 가능성이 큰 상황은?	그리디는 лок컬 선택이 전체 최적해로 이어진다는 보장이 있어야 합니다. 그 보장을 못 하거나 반례가 쉽게 생기면 DP처럼 전체 상태를 고려하는 방식이 안전합니다. 면접에서는 그리디 실패 사례를 들고 DP로 전환하는 논리를 묻습니다. 실무에서는 빠른 해결을 위해 그리디로 시작했다가 테스트에서 깨져 DP로 바꾸는 경우가 흔합니다. 문제 구조를 보고 최적 부분 구조와 중복 부분 문제를 확인하는 것이 핵심입니다.		선택 규칙이 증명 가능하고 단순할 때	FALSE	지역 선택이 전체 최적을 보장하지 않을 때	TRUE	입력이 정렬되어 있을 때	FALSE	포인터가 두 개일 때	FALSE	dsa	dp	greedy	
Q037	연속 부분 배열 최대 합과 DP		Data Structure & Algorithm - 기타 알고리즘	44	CHOICE	EASY	연속 부분 배열의 최대 합을 구하는 고전 문제에서 흔한 DP 아이디어는?	최대 연속합 문제는 현재 위치까지의 최적 값을 누적해 계산하는 DP로 풀 수 있습니다. 현재 원소를 포함해 연장할지, 새로 시작할지의 선택이 점화식으로 표현됩니다. 면접에서는 dp[i] 의미를 정확히 말하고 전이식을 설명하는지를 봅니다. 실무에서는 로그 수익, 변동 구간 분석 등에서 비슷하게 쓰입니다. 경계 입력에서 초기값 설정 실수가 잦으니 주의해야 합니다.		매번 가장 큰 원소만 고른다	FALSE	현재까지의 최적 연속합을 누적하며 갱신한다	TRUE	정렬 후 가장 큰 두 개를 더한다	FALSE	투 포인터로만 해결한다	FALSE	dsa	dp		
Q038	최소값을 만드는 그리디		Data Structure & Algorithm - 기타 알고리즘	44	CHOICE	EASY	그리디로 최소값을 만들 때 흔히 사용하는 전략으로 가장 알맞은 것은?	그리디 최소화 문제는 보통 현재 선택이 이후 선택의 공간을 줄이거나 늘리는 영향을 따져야 합니다. 예를 들어 종료 시간이 빠른 것을 택해 남는 시간을 늘리거나, 비용이 작은 것을 먼저 선택해 누적 비용을 줄이는 패턴이 있습니다. 면접에서는 어떤 기준으로 정렬하고 왜 그 기준이 최소를 보장하는지 설명하라고 묻습니다. 실무에서는 정렬 기준 하나가 성능과 정답을 함께 좌우합니다. 따라서 기준을 바꾸면 반례가 생기는지 꼭 확인해야 합니다.		기준 없이 임의 선택을 반복한다	FALSE	문제에 맞는 정렬 기준을 세워 매 단계 비용을 줄인다	TRUE	항상 가장 큰 값을 먼저 선택한다	FALSE	DP 테이블을 항상 만든다	FALSE	dsa	greedy		
Q039	투 포인터 구간 축소		Data Structure & Algorithm - 기타 알고리즘	44	CHOICE	EASY	투 포인터에서 오른쪽 포인터를 줄이는(왼쪽으로 이동) 대표 상황으로 가장 알맞은 것은?	정렬된 배열의 합 문제에서 합이 목표보다 크면 더 작은 합을 만들기 위해 큰 값을 줄이는 방향으로 움직입니다. 즉 오른쪽 포인터를 왼쪽으로 이동해 합을 감소시키는 것이 일반적입니다. 면접에서는 이 규칙이 정답을 놓치지 않는 이유를 설명하라고 묻습니다. 실무에서도 단조성 기반 탐색은 같은 패턴을 따릅니다. 조건이 깨지면 포인터 이동 규칙이 성립하지 않습니다.		합이 목표보다 작을 때	FALSE	합이 목표보다 클 때	TRUE	항상 매 반복마다	FALSE	배열이 정렬되지 않았을 때	FALSE	dsa	two_pointers		
Q040	DP vs 투 포인터		Data Structure & Algorithm - 기타 알고리즘	44	CHOICE	EASY	다음 중 투 포인터보다 DP를 고려하기 쉬운 상황은?	투 포인터는 보통 단조성이나 연속 구간 같은 구조가 있을 때 빠르게 동작합니다. 반면 상태 간 전이가 복잡하고 여러 선택을 누적해야 하거나, 최적해를 구성하는 과정이 누적 최적화 형태면 DP가 더 자연스럽습니다. 면접에서는 어떤 구조에서 투 포인터가 깨지는지, DP로 어떻게 상태를 잡는지 묻습니다. 실무에서는 문제 조건이 조금만 바뀌어도 투 포인터가 실패하는 경우가 있어 대안 설계가 필요합니다. 따라서 조건을 보고 알고리즘을 고르는 능력이 중요합니다.		정렬된 배열에서 합을 맞추는 쌍 찾기	FALSE	여러 선택의 누적 최적화를 상태로 관리해야 하는 경우	TRUE	연속 구간 길이를 한 번에 훑는 경우	FALSE	포인터가 두 개로 충분한 경우	FALSE	dsa	dp		
Q041	0-1 배낭 1차원 최적화(0-1 Knapsack 1D)		Data Structure & Algorithm - 기타 알고리즘	44	CHOICE	MEDIUM	0-1 배낭 문제를 1차원 DP로 최적화할 때, 무게 인덱스를 보통 어떤 방향으로 순회해야 하는가?	0-1 배낭은 각 아이템을 최대 한 번만 사용할 수 있습니다. 1차원 배열로 줄이면 같은 아이템을 같은 라운드에서 여러 번 쓰는 실수를 막아야 합니다. 그래서 무게를 큰 값에서 작은 값으로 역순 순회하면, 현재 아이템을 적용하기 전의 값이 보존됩니다. 면접에서는 왜 정순이 아니라 역순인지 논리적으로 설명하는지를 자주 봅니다. 실무에서도 이 순서를 틀리면 0-1이 아니라 무한 배낭처럼 동작하는 버그가 생깁니다.		작은 무게에서 큰 무게로 정순 순회한다	FALSE	큰 무게에서 작은 무게로 역순 순회한다	TRUE	무게를 무작위로 순회해도 상관없다	FALSE	무게 순회 없이 아이템만 순회한다	FALSE	dsa	dp		
Q042	최장 공통 부분 수열(LCS)		Data Structure & Algorithm - 기타 알고리즘	44	CHOICE	MEDIUM	LCS DP에서 두 문자의 현재 위치가 같을 때 일반적으로 사용하는 전이로 가장 적절한 것은?	LCS는 두 문자열의 순서를 유지하며 공통으로 선택할 수 있는 최대 길이를 구합니다. DP 테이블은 보통 dp[i][j]를 i, j까지의 LCS 길이로 정의합니다. 문자가 같으면 그 문자를 공통으로 하나 포함할 수 있으므로 대각선 값에 1을 더하는 전이가 자연스럽습니다. 면접에서는 dp 정의와 전이가 정확히 맞물리는지 확인합니다. 실무에서는 인덱스 오프바이원과 초기 행 열 처리에서 실수가 자주 나옵니다.		dp[i][j] = dp[i-1][j]	FALSE	dp[i][j] = dp[i-1][j-1] + 1	TRUE	dp[i][j] = min(dp[i-1][j], dp[i][j-1])	FALSE	dp[i][j] = dp[i][j-1] + 1	FALSE	dsa	dp		
Q043	편집 거리(Edit Distance)		Data Structure & Algorithm - 기타 알고리즘	44	CHOICE	MEDIUM	편집 거리 DP에서 기본적으로 고려하는 연산 3가지는 무엇인가?	편집 거리는 한 문자열을 다른 문자열로 바꾸는 최소 연산 횟수입니다. 전형적으로 삽입, 삭제, 치환을 허용하고 각 비용을 1로 두는 문제가 많습니다. DP는 각 접두사 간 최소 비용을 누적하며 계산합니다. 면접에서는 왜 3가지 연산을 모두 고려해야 하는지, 그리고 전이가 어떻게 되는지 묻습니다. 실무에서는 비용이 가중치로 달라지는 변형도 많아 확장 가능하게 이해하는 것이 좋습니다.		삽입, 삭제, 치환	TRUE	정렬, 탐색, 병합	FALSE	회전, 스왑, 복제	FALSE	압축, 해시, 암호화	FALSE	dsa	dp		
Q044	최장 증가 부분 수열(LIS)		Data Structure & Algorithm - 기타 알고리즘	44	CHOICE	MEDIUM	LIS를 O(n log n)에 구하는 대표 접근에서 유지하는 배열의 의미로 가장 적절한 것은?	O(n log n) LIS는 흔히 이분 탐색을 활용합니다. 핵심은 길이별로 가능한 가장 작은 끝값을 유지하는 배열을 관리하는 것입니다. 이 배열 자체가 실제 LIS 수열과 완전히 같지 않을 수 있지만, 길이 정보를 올바르게 보장합니다. 면접에서는 이 배열의 의미를 정확히 설명할 수 있는지가 중요합니다. 실무에서는 복원까지 필요하면 추가 배열로 predecessor를 관리해야 합니다.		길이 k인 증가 부분 수열의 가능한 최소 끝값을 저장한다	TRUE	정렬된 원본 배열을 그대로 복사한다	FALSE	모든 부분 수열을 전부 저장한다	FALSE	k번째 원소의 등장 횟수를 저장한다	FALSE	dsa	dp		
Q045	부분 합과 DP(Subset Sum)		Data Structure & Algorithm - 기타 알고리즘	44	CHOICE	MEDIUM	부분 합 DP에서 dp[s]를 참거짓으로 두는 전형적인 의미는?	부분 합 문제는 주어진 수들로 합 s를 만들 수 있는지 판단하는 형태가 많습니다. dp[s]를 참거짓으로 정의하면, 어떤 합이 가능한지 단계적으로 확장할 수 있습니다. 이 방식은 값의 최대 합이 제한될 때 특히 유용합니다. 면접에서는 dp 의미와 갱신 순서, 그리고 왜 역순 갱신이 필요한지 연결 질문이 나옵니다. 실무에서는 제한이 크면 다른 접근을 고려해야 하므로 범위를 먼저 확인하는 습관이 중요합니다.		합 s를 만드는 방법의 최소 개수	FALSE	합 s를 만들 수 있는지 여부	TRUE	합 s를 만드는 부분 수열의 길이	FALSE	합 s를 만드는 경우를 항상 하나만 저장	FALSE	dsa	dp		
Q046	동전 문제 경우의 수(Coin Change Ways)		Data Structure & Algorithm - 기타 알고리즘	44	CHOICE	MEDIUM	동전으로 금액을 만드는 경우의 수를 구할 때, 동전을 바깥 반복으로 두는 이유로 가장 알맞은 것은?	경우의 수 문제에서는 같은 조합을 중복으로 세지 않는 것이 핵심입니다. 동전을 먼저 고정하고 금액을 누적하면, 동전 순서가 다른 동일 조합을 한 번만 세게 됩니다. 반대로 금액을 바깥으로 두면 순열처럼 세어 중복이 생길 수 있습니다. 면접에서는 최소 개수 문제와 경우의 수 문제의 차이를 자주 묻습니다. 실무에서도 요구사항이 최소인지 카운트인지 먼저 확인해야 알고리즘이 달라집니다.		동전 순서를 바꾼 경우를 중복으로 세지 않기 위해	TRUE	시간 복잡도를 항상 O(1)로 만들기 위해	FALSE	정렬을 생략하기 위해	FALSE	음수를 처리하기 위해	FALSE	dsa	dp		
Q047	다익스트라(Dijkstra) 선택 규칙		Data Structure & Algorithm - 기타 알고리즘	44	CHOICE	MEDIUM	다익스트라 알고리즘에서 매 단계 선택하는 정점의 기준으로 가장 올바른 것은?	다익스트라는 음수 가중치가 없을 때 최단 경로를 구하는 대표 그리디 알고리즘입니다. 매 단계에서 현재까지의 최단 거리가 가장 작은 미확정 정점을 선택합니다. 이 선택이 확정 가능하다는 것이 알고리즘의 핵심 정당화입니다. 면접에서는 왜 그 정점은 더 이상 갱신될 수 없는지 설명을 요구합니다. 실무에서는 우선순위 큐 사용과 방문 처리 조건 실수가 자주 발생합니다.		간선 수가 가장 많은 정점	FALSE	현재까지의 최단 거리가 가장 작은 미확정 정점	TRUE	가중치가 가장 큰 간선을 가진 정점	FALSE	임의의 정점	FALSE	dsa	greedy		
Q048	최소 회의실 수(Interval Partitioning)		Data Structure & Algorithm - 기타 알고리즘	44	CHOICE	MEDIUM	최소 회의실 수를 구하는 문제에서 대표적인 그리디 전략으로 가장 알맞은 것은?	이 문제는 겹치는 회의가 있으면 동시에 여러 방이 필요합니다. 일반적으로 시작 시간 기준으로 정렬한 뒤, 가장 빨리 끝나는 회의실을 재사용할 수 있는지 확인합니다. 이를 위해 종료 시간을 관리하는 최소 힙을 쓰는 경우가 많습니다. 면접에서는 왜 종료 시간 최소를 관리하는지와 방 수가 어떻게 최소가 되는지 질문이 나옵니다. 실무에서는 스케줄링, 리소스 풀링 문제에서 매우 자주 쓰입니다.		시작 시간을 내림차순 정렬 후 뒤에서부터 배치	FALSE	시작 시간 정렬 후 종료 시간 최소를 재사용하며 방 수를 늘린다	TRUE	길이가 긴 회의를 먼저 하나씩 배치	FALSE	완전 탐색으로 모든 배치를 시도	FALSE	dsa	greedy		
Q049	그리디 정당화 도구(Greedy Proof)		Data Structure & Algorithm - 기타 알고리즘	44	CHOICE	MEDIUM	그리디 선택을 정당화하는 방법으로 가장 자주 등장하는 것은?	그리디는 규칙을 세우는 것보다 그 규칙이 항상 최적임을 설명하는 것이 어렵습니다. 대표적으로 교환 논증이나 컷 속성 같은 도구로 정당화를 합니다. 면접에서는 반례를 어떻게 배제했는지, 최적해로 교환 가능한지 논리 흐름을 묻습니다. 실무에서는 엄밀한 증명까지는 아니어도 반례 테스트와 직관을 강화하는 데 도움이 됩니다. 특히 스케줄링, MST, 최단 경로에서 정당화가 자주 요구됩니다.		교환 논증 또는 컷 속성	TRUE	무작위 테스트만 돌리기	FALSE	정렬만 하면 항상 정답	FALSE	DP 테이블 크기를 키우기	FALSE	dsa	greedy		
Q050	투 포인터 중복 처리(Duplicate Skipping)		Data Structure & Algorithm - 기타 알고리즘	44	CHOICE	MEDIUM	3개의 수 합(3Sum) 문제에서 투 포인터를 쓸 때 중복 결과를 줄이기 위한 일반적인 방법은?	3Sum은 보통 정렬 후 하나를 고정하고 나머지 두 개를 투 포인터로 찾습니다. 이때 같은 값이 반복되면 동일한 조합이 여러 번 나올 수 있습니다. 그래서 고정 인덱스와 포인터 이동 시 같은 값은 건너뛰며 중복을 제거합니다. 면접에서는 중복 제거를 어디에서 해야 하는지 구체적으로 묻는 경우가 많습니다. 실무에서는 중복 제거 누락으로 시간 초과나 중복 출력 버그가 자주 발생합니다.		정렬 후 같은 값이면 포인터를 넘겨 중복을 스킵한다	TRUE	해시만 쓰면 중복 처리가 필요 없다	FALSE	중복은 나중에 정렬로 제거한다	FALSE	포인터를 매번 0으로 초기화한다	FALSE	dsa	two_pointers		
Q051	최소 길이 부분 배열(Min Length Subarray)		Data Structure & Algorithm - 기타 알고리즘	44	CHOICE	MEDIUM	모든 원소가 양수인 배열에서 합이 S 이상인 최소 길이 연속 부분 배열을 구할 때, 투 포인터 접근의 핵심 규칙은?	양수 배열에서는 윈도우를 늘리면 합이 증가하고, 줄이면 합이 감소하는 단조성이 있습니다. 그래서 오른쪽으로 확장해 조건을 만족시키고, 만족하면 왼쪽을 줄이며 최소 길이를 갱신하는 방식이 가능합니다. 이 과정은 각 포인터가 한 번씩만 이동해 선형 시간에 가깝습니다. 면접에서는 왜 양수 조건이 중요한지와 윈도우 축소 타이밍을 설명하라고 묻습니다. 실무에서는 로그 합계나 트래픽 합계처럼 양수 데이터에 매우 유용합니다.		조건을 만족하면 오른쪽을 계속 늘려서 최소를 찾는다	FALSE	조건을 만족하면 왼쪽을 줄여 최소 길이를 갱신한다	TRUE	매번 윈도우를 초기화하고 다시 시작한다	FALSE	정렬한 뒤 이분 탐색만 한다	FALSE	dsa	two_pointers		
Q052	플로이드 사이클 시작점(Floyd Cycle Start)		Data Structure & Algorithm - 기타 알고리즘	44	CHOICE	MEDIUM	플로이드 사이클 탐지에서 두 포인터가 만난 뒤 사이클 시작점을 찾는 전형적인 방법은?	빠른 포인터와 느린 포인터가 만나면 사이클이 존재합니다. 시작점을 찾기 위해 한 포인터를 head로 되돌리고, 두 포인터를 같은 속도로 이동시킵니다. 그러면 둘이 다시 만나는 지점이 사이클의 시작점이 됩니다. 면접에서는 왜 같은 속도로 이동하면 시작점에서 만나는지 설명을 요구합니다. 실무에서는 연결 리스트 문제에서 자주 나오며, null 체크와 이동 조건을 잘 관리해야 합니다.		한 포인터를 head로 옮기고 둘을 같은 속도로 이동한다	TRUE	둘 다 head로 옮기고 다시 탐색한다	FALSE	빠른 포인터만 두 칸씩 계속 이동한다	FALSE	방문 배열을 반드시 만들어야 한다	FALSE	dsa	two_pointers		
Q053	두 포인터 실패 조건(Negative Values)		Data Structure & Algorithm - 기타 알고리즘	44	CHOICE	MEDIUM	연속 부분 배열 합을 투 포인터로 풀 때 단조성이 깨져 어려워지는 대표 상황은?	투 포인터 슬라이딩 윈도우는 보통 합이 윈도우 확장에 따라 단조 변화할 때 깔끔하게 동작합니다. 음수가 섞이면 윈도우를 늘려도 합이 줄 수 있고, 줄여도 합이 늘 수 있습니다. 그러면 단순 규칙으로 왼쪽과 오른쪽을 조절해도 정답을 놓칠 수 있습니다. 면접에서는 이때 어떤 대안을 쓰는지까지 확장 질문이 나옵니다. 실무에서는 음수 존재 여부가 알고리즘 선택을 바꾸는 중요한 체크 포인트입니다.		배열 원소가 모두 양수인 경우	FALSE	배열에 음수가 포함된 경우	TRUE	배열이 이미 정렬된 경우	FALSE	배열 길이가 짧은 경우	FALSE	dsa	two_pointers		
Q054	구간 DP(Interval DP)		Data Structure & Algorithm - 기타 알고리즘	44	CHOICE	MEDIUM	구간 DP에서 dp[l][r]의 전형적인 의미로 가장 알맞은 것은?	구간 DP는 구간을 기준으로 문제를 나누는 DP 패턴입니다. dp[l][r]는 보통 l부터 r까지 구간에 대한 최적값 또는 가능한 값의 최소 최대를 의미합니다. 전이는 중간 분할점 k를 기준으로 좌우 구간을 합치는 형태가 많습니다. 면접에서는 왜 k로 분할하는지와 계산 순서가 왜 구간 길이 증가 순인지 질문합니다. 실무에서는 행렬 곱 최적화, 파일 합치기 같은 문제에서 응용됩니다.		l부터 r까지 구간에 대한 최적값	TRUE	l과 r 사이의 원소 개수만 저장	FALSE	l에서 시작하는 BFS 깊이	FALSE	r에서 끝나는 정렬 횟수	FALSE	dsa	dp		
Q055	DP 전이 방향(Top Down vs Bottom Up)		Data Structure & Algorithm - 기타 알고리즘	44	CHOICE	MEDIUM	탑다운 메모이제이션 방식에서 실무적으로 주의할 점으로 가장 알맞은 것은?	탑다운은 필요한 상태만 계산할 수 있어 직관적일 때가 많습니다. 하지만 재귀 깊이가 커지면 스택 오버플로우 위험이 생깁니다. 또한 메모 캐시가 제대로 적용되지 않으면 여전히 중복 호출이 발생할 수 있습니다. 면접에서는 탑다운과 바텀업의 장단점을 비교하라고 자주 묻습니다. 실무에서는 입력 크기와 재귀 제한, 캐시 초기화 여부를 함께 점검해야 합니다.		재귀 깊이로 인한 스택 오버플로우 위험	TRUE	항상 바텀업보다 느리다	FALSE	캐시를 쓰면 메모리 사용이 0이 된다	FALSE	정렬이 필수라서 구현이 단순하다	FALSE	dsa	dp		
Q056	그리디와 정렬 기준(Sort Key)		Data Structure & Algorithm - 기타 알고리즘	44	CHOICE	MEDIUM	그리디 문제에서 정렬 기준을 결정할 때 가장 중요한 점은?	그리디는 대부분 정렬 기준 하나로 성패가 갈립니다. 정렬 기준은 현재 선택이 이후 선택 공간에 어떤 영향을 주는지와 연결되어야 합니다. 기준이 잘못되면 작은 반례에서 바로 깨질 수 있습니다. 면접에서는 정렬 기준을 선택한 이유를 반례 관점으로 설명하라고 합니다. 실무에서도 데이터가 다양해질수록 반례가 늘어나므로 기준 검증이 필수입니다.		기준은 아무거나 잡아도 된다	FALSE	선택의 최적성을 보장하는 논리와 연결되어야 한다	TRUE	항상 시작 시간을 기준으로 해야 한다	FALSE	항상 길이가 긴 것부터 정렬해야 한다	FALSE	dsa	greedy		
Q057	투 포인터 파티션(Slow Fast Partition)		Data Structure & Algorithm - 기타 알고리즘	44	CHOICE	MEDIUM	정렬된 배열에서 특정 값과 같은 원소를 제거하고 앞으로 당길 때 자주 쓰는 패턴은?	이 문제는 흔히 느린 포인터가 유지할 위치를 가리키고, 빠른 포인터가 탐색을 담당합니다. 조건을 만족하는 원소를 발견하면 느린 포인터 위치에 복사하고 느린 포인터를 증가시킵니다. 이렇게 하면 한 번의 순회로 in-place 처리가 가능합니다. 면접에서는 왜 안정적으로 동작하는지와 반환해야 할 길이 값을 묻습니다. 실무에서는 불필요한 추가 배열을 만들지 않아 메모리를 절약할 수 있습니다.		느린 포인터와 빠른 포인터로 조건 만족 원소만 앞에 모은다	TRUE	모든 원소를 스택에 넣었다가 다시 꺼낸다	FALSE	매번 삭제 시 배열을 재정렬한다	FALSE	이분 탐색으로만 제거한다	FALSE	dsa	two_pointers		
Q058	DP 정답 복원(Path Reconstruction)		Data Structure & Algorithm - 기타 알고리즘	44	CHOICE	MEDIUM	DP에서 최적값뿐 아니라 선택 경로까지 복원하려면 보통 무엇을 추가로 관리하는가?	DP는 값만 구하면 끝인 문제도 많지만, 실제 선택 경로가 필요한 경우도 많습니다. 이때 각 상태가 어디에서 왔는지 추적할 수 있는 predecessor 또는 parent 정보를 저장합니다. 또는 선택 여부를 기록하는 별도 테이블을 두기도 합니다. 면접에서는 값만 계산하는 DP와 복원 가능한 DP의 차이를 묻습니다. 실무에서는 복원이 필요하면 메모리 비용이 늘 수 있으니 요구사항을 먼저 확인해야 합니다.		각 상태의 이전 상태를 가리키는 추적 정보	TRUE	정렬된 배열 사본	FALSE	해시 충돌 리스트	FALSE	재귀 깊이만 저장	FALSE	dsa	dp		
Q059	그리디와 최소 힙(Priority Queue)		Data Structure & Algorithm - 기타 알고리즘	44	CHOICE	MEDIUM	여러 그리디 문제에서 최소 힙이 자주 등장하는 이유로 가장 알맞은 것은?	그리디는 매 단계에서 가장 좋은 후보를 빠르게 선택해야 합니다. 최소 힙은 현재 후보들 중 최솟값 또는 최댓값을 빠르게 꺼내는 데 적합합니다. 스케줄링, 허프만 코딩, 회의실 문제 등에서 선택 대상이 계속 변하므로 우선순위 큐가 효율적입니다. 면접에서는 정렬만으로는 부족한 이유와 힙 연산 복잡도를 묻습니다. 실무에서는 자료구조 선택이 전체 성능을 좌우하므로 힙 사용 근거를 명확히 해야 합니다.		매 단계 최적 후보를 빠르게 꺼내기 위해	TRUE	힙을 쓰면 항상 O(1)이 되기 위해	FALSE	힙이 정렬을 완전히 대체하기 위해	FALSE	DP 테이블을 줄이기 위해	FALSE	dsa	greedy		
Q060	투 포인터와 정렬 비용(Overall Complexity)		Data Structure & Algorithm - 기타 알고리즘	44	CHOICE	MEDIUM	정렬이 필요한 투 포인터 풀이에서 전체 시간 복잡도를 평가할 때 가장 올바른 관점은?	투 포인터 자체는 선형에 가까운 경우가 많습니다. 하지만 입력이 정렬되어 있지 않다면 정렬 비용이 추가됩니다. 따라서 전체 복잡도는 정렬 비용과 투 포인터 탐색 비용을 함께 고려해야 합니다. 면접에서는 O(n)만 말하고 정렬을 빼먹는 실수를 자주 체크합니다. 실무에서도 n이 클수록 정렬 비용이 지배적이 될 수 있어 대안(해시 등)과 비교하는 습관이 중요합니다.		투 포인터가 O(n)이므로 전체도 항상 O(n)이다	FALSE	정렬 비용 O(n log n)과 투 포인터 비용을 합쳐 평가한다	TRUE	정렬은 무시해도 된다	FALSE	전체는 항상 O(log n)이다	FALSE	dsa	two_pointers		
Q061	DP 상태 압축(Bitmask DP)		Data Structure & Algorithm - 기타 알고리즘	44	CHOICE	MEDIUM	비트마스크 DP에서 상태를 비트로 표현하는 주된 이유로 가장 알맞은 것은?	비트마스크 DP는 선택 여부를 비트로 표현해 상태를 효율적으로 저장하고 전이하는 패턴입니다. 방문한 도시 집합, 선택한 원소 집합처럼 부분집합을 빠르게 다루는 데 유리합니다. 면접에서는 상태 수가 2의 n승으로 커진다는 점과 제한 n을 함께 말할 수 있어야 합니다. 실무에서는 n이 20을 넘으면 상태 폭발이 발생해 다른 접근이 필요해집니다. 따라서 비트 연산으로 빠르게 처리하되, 상태 공간을 먼저 추정하는 것이 핵심입니다.		정렬을 하지 않기 위해	FALSE	부분집합 상태를 компакт하게 저장하고 빠르게 다루기 위해	TRUE	재귀를 없애기 위해	FALSE	항상 O(1)로 만들기 위해	FALSE	dsa	dp		
Q062	배낭 DP 전이(0-1 Knapsack Transition)		Data Structure & Algorithm - 기타 알고리즘	44	CHOICE	MEDIUM	0-1 배낭에서 dp[w]가 현재까지 고려한 아이템으로 무게 w에서의 최대 가치일 때, 전이로 가장 적절한 것은?	0-1 배낭은 아이템을 넣거나 넣지 않는 선택으로 전이가 구성됩니다. 1차원 dp에서는 dp[w]를 dp[w-weight] + value와 비교해 최대를 취합니다. 이때 같은 아이템을 중복 사용하지 않도록 w를 역순 순회하는 것이 일반적입니다. 면접에서는 전이식 자체와 순회 방향이 함께 맞는지 확인합니다. 실무에서는 weight가 0인 아이템이나 범위 체크를 빼먹어 버그가 나기 쉬우니 주의해야 합니다.		dp[w] = max(dp[w], dp[w - weight] + value)	TRUE	dp[w] = dp[w] + value	FALSE	dp[w] = min(dp[w], dp[w - weight])	FALSE	dp[w] = dp[w - 1]	FALSE	dsa	dp		
Q063	최단 경로와 DP적 관점(Bellman-Ford)		Data Structure & Algorithm - 기타 알고리즘	44	CHOICE	MEDIUM	음수 가중치가 있을 수 있을 때 최단 경로를 구하는 대표 알고리즘으로 가장 알맞은 것은?	다익스트라는 음수 가중치가 있으면 그리디 선택이 깨져 오답이 될 수 있습니다. 이때 벨만 포드는 간선을 반복 완화하며 최단 거리를 갱신합니다. DP 관점으로 보면 경로 길이를 제한한 단계별 최적값을 누적해 가는 형태로 해석할 수 있습니다. 면접에서는 음수 사이클 감지까지 확장 질문이 자주 나옵니다. 실무에서는 성능이 느릴 수 있어 그래프 크기와 요구사항을 함께 고려해야 합니다.		Bellman-Ford	TRUE	Dijkstra	FALSE	Kruskal	FALSE	Binary Search	FALSE	dsa	dp		
Q064	그리디 실패 조건(Dijkstra Negative Edge)		Data Structure & Algorithm - 기타 알고리즘	44	CHOICE	MEDIUM	다익스트라 알고리즘이 음수 가중치에서 실패하는 핵심 이유로 가장 적절한 것은?	다익스트라는 매 단계 가장 가까운 정점을 확정하면 그 값이 더 이상 줄어들지 않는다는 전제가 필요합니다. 음수 간선이 있으면 나중에 음수 간선을 통해 확정된 거리보다 더 짧은 경로가 발견될 수 있습니다. 그래서 그리디 확정이 깨지고 오답이 됩니다. 면접에서는 작은 반례 그래프를 들어 설명하라는 질문이 자주 나옵니다. 실무에서도 입력 조건을 확인하지 않고 다익스트라를 쓰는 실수가 많아 주의해야 합니다.		음수 간선이 있으면 방문 체크가 불가능해서	FALSE	확정된 최단 거리가 이후에 더 줄어들 수 있어서	TRUE	우선순위 큐를 쓰면 느려져서	FALSE	정렬이 필요해서	FALSE	dsa	greedy		
Q065	활동 선택 vs 회의실 수		Data Structure & Algorithm - 기타 알고리즘	44	CHOICE	MEDIUM	다음 중 종료 시간 기준 그리디로 해결되는 활동 선택 문제와, 최소 힙이 필요한 최소 회의실 수 문제의 차이로 가장 알맞은 것은?	활동 선택은 겹치지 않게 최대 개수를 고르는 문제로, 종료 시간 기준 정렬 후 하나씩 선택하면 됩니다. 반면 최소 회의실 수는 동시에 겹치는 개수를 관리해야 하므로, 종료 시간을 동적으로 관리하는 힙이 유리합니다. 면접에서는 둘 다 회의 문제처럼 보여도 요구하는 최적화 목표가 다르다는 점을 짚습니다. 실무에서도 목표가 최대 개수인지, 최소 자원인지에 따라 자료구조가 달라집니다. 문제를 읽고 최적화 대상을 정확히 잡는 것이 핵심입니다.		둘 다 같은 방식으로 종료 시간만 정렬하면 된다	FALSE	활동 선택은 단일 선택 누적, 회의실 수는 동시성 관리가 필요하다	TRUE	활동 선택은 DP만 가능하고 회의실 수는 그리디만 가능하다	FALSE	둘 다 반드시 완전 탐색이 필요하다	FALSE	dsa	greedy		
Q066	허프만 코딩과 우선순위 큐		Data Structure & Algorithm - 기타 알고리즘	44	CHOICE	MEDIUM	허프만 코딩에서 우선순위 큐를 사용하는 이유로 가장 적절한 것은?	허프만 코딩은 가장 빈도가 낮은 두 노드를 반복해서 합치는 과정입니다. 매 단계 최소 두 개를 빠르게 뽑아야 하므로 최소 힙이 적합합니다. 정렬만 사용하면 매번 재정렬 또는 삽입이 필요해 비효율적일 수 있습니다. 면접에서는 복잡도 비교와 함께 왜 힙이 자연스러운지 설명하라고 합니다. 실무에서도 반복적으로 최소나 최대를 꺼내는 문제에서 힙은 대표 선택입니다.		매 단계 최소 두 값을 빠르게 꺼내기 위해	TRUE	문자열을 정렬하기 위해	FALSE	사이클을 탐지하기 위해	FALSE	메모리를 O(1)로 만들기 위해	FALSE	dsa	greedy		
Q067	투 포인터 + 정렬(2Sum/3Sum)		Data Structure & Algorithm - 기타 알고리즘	44	CHOICE	MEDIUM	3Sum에서 한 원소를 고정하고 나머지 두 원소를 투 포인터로 찾을 때, 일반적으로 필요한 전제는?	3Sum 투 포인터는 정렬을 전제로 합의 크기에 따라 포인터를 이동합니다. 정렬이 되어야 합이 커질지 작아질지를 예측할 수 있어 선형 스캔이 가능해집니다. 또한 중복 제거를 위해 같은 값 스킵이 중요합니다. 면접에서는 전체 복잡도가 정렬 O(n log n) + 탐색 O(n^2)임을 말할 수 있어야 합니다. 실무에서는 중복 스킵 누락이 성능과 정답 모두에 영향을 줍니다.		배열이 정렬되어 있어야 한다	TRUE	배열이 반드시 내림차순이어야 한다	FALSE	모든 원소가 양수여야 한다	FALSE	해시만 있으면 정렬이 필요 없다	FALSE	dsa	two_pointers		
Q068	투 포인터와 카운팅 조건		Data Structure & Algorithm - 기타 알고리즘	44	CHOICE	MEDIUM	정렬된 배열에서 합이 K 이하인 쌍의 개수를 세는 문제에서 투 포인터로 자주 쓰는 전략은?	정렬되어 있으면 i를 고정했을 때 j를 줄여가며 조건을 맞출 수 있습니다. 어떤 i에서 조건을 만족하는 최대 j를 찾으면, 그 j 이하의 인덱스는 모두 조건을 만족하는 식으로 한 번에 카운트할 수 있습니다. 면접에서는 왜 한 번에 더할 수 있는지 단조성을 근거로 설명합니다. 실무에서는 이 패턴으로 O(n^2)을 O(n)으로 줄이는 문제가 종종 나옵니다. 경계 처리와 중복 값 처리에 주의해야 합니다.		조건을 만족하면 j를 늘리고 하나만 센다	FALSE	조건을 만족하는 구간 길이를 한 번에 더해 카운트한다	TRUE	모든 쌍을 이중 루프로 센다	FALSE	dp 테이블에 카운트를 저장한다	FALSE	dsa	two_pointers		
Q069	슬라이딩 윈도우와 빈도(Map Window)		Data Structure & Algorithm - 기타 알고리즘	44	CHOICE	MEDIUM	문자열에서 아나그램 찾기처럼 윈도우 내 문자 빈도를 관리할 때 흔히 사용하는 기법은?	고정 길이 윈도우를 이동시키며 빈도 배열이나 해시맵으로 카운트를 업데이트합니다. 한 칸 이동할 때 나가는 문자 카운트를 줄이고 들어오는 문자를 늘리면 매번 O(1)로 갱신 가능합니다. 면접에서는 윈도우 갱신이 전체 O(n)인 이유를 설명합니다. 실무에서는 알파벳처럼 범위가 작으면 배열이 빠르고, 유니코드처럼 크면 맵이 필요할 수 있습니다. 비교 조건을 효율적으로 유지하는 것이 핵심입니다.		매 이동마다 문자열을 다시 정렬한다	FALSE	나가는 문자 감소, 들어오는 문자 증가로 빈도를 갱신한다	TRUE	DP로 모든 부분 문자열을 저장한다	FALSE	BFS로 문자열을 탐색한다	FALSE	dsa	two_pointers		
Q070	최소 비용 경로(DP Grid)		Data Structure & Algorithm - 기타 알고리즘	44	CHOICE	MEDIUM	격자에서 오른쪽 또는 아래로만 이동하며 최소 비용 합을 구할 때, dp[i][j] 전이로 가장 적절한 것은?	격자 DP는 대표적인 2차원 DP입니다. dp[i][j]를 (i, j)까지의 최소 비용으로 정의하면, 바로 위 또는 왼쪽에서만 올 수 있습니다. 따라서 두 후보 중 작은 값에 현재 칸 비용을 더하면 됩니다. 면접에서는 경계 i=0이나 j=0 처리까지 함께 묻습니다. 실무에서는 입력이 크면 1차원으로 줄이는 최적화까지 요구되기도 합니다.		dp[i][j] = min(dp[i-1][j], dp[i][j-1]) + cost[i][j]	TRUE	dp[i][j] = dp[i-1][j-1] + cost[i][j]	FALSE	dp[i][j] = max(dp[i-1][j], dp[i][j-1])	FALSE	dp[i][j] = cost[i][j]만 저장	FALSE	dsa	dp		
Q071	DP 경로 수 세기(Counting Paths)		Data Structure & Algorithm - 기타 알고리즘	44	CHOICE	MEDIUM	격자에서 오른쪽 또는 아래로만 이동할 때 경로 수를 세는 전이로 가장 적절한 것은?	경로 수 세기는 합으로 전이하는 DP의 전형입니다. dp[i][j]를 (i, j)까지 오는 경로 수로 두면, 위에서 오는 경우와 왼쪽에서 오는 경우를 더합니다. 이 문제는 최적값이 아니라 카운팅이므로 min max가 아니라 plus가 핵심입니다. 면접에서는 최소 비용 문제와 무엇이 다른지 자주 묻습니다. 실무에서는 큰 수가 되어 모듈러 연산이 필요할 수 있음을 함께 언급하면 좋습니다.		dp[i][j] = dp[i-1][j] + dp[i][j-1]	TRUE	dp[i][j] = min(dp[i-1][j], dp[i][j-1])	FALSE	dp[i][j] = dp[i-1][j-1]	FALSE	dp[i][j] = dp[i][j-1]만	FALSE	dsa	dp		
Q072	무한 배낭(Unbounded Knapsack)		Data Structure & Algorithm - 기타 알고리즘	44	CHOICE	MEDIUM	아이템을 여러 번 사용할 수 있는 무한 배낭에서 1차원 DP 갱신 순서로 가장 적절한 것은?	무한 배낭은 같은 아이템을 여러 번 사용할 수 있습니다. 그래서 현재 아이템을 한 라운드에서 반복 사용하도록 정순 순회가 자연스럽습니다. 0-1 배낭과 반대로 순회 방향이 바뀐다는 점이 면접 단골 포인트입니다. 실무에서는 요구사항이 0-1인지 unbounded인지 혼동하면 순회 방향 하나로 오답이 됩니다. 문제 조건을 먼저 체크하고 코드를 작성해야 합니다.		큰 무게에서 작은 무게로 역순 순회	FALSE	작은 무게에서 큰 무게로 정순 순회	TRUE	무게를 무작위로 순회	FALSE	순회가 필요 없다	FALSE	dsa	dp		
Q073	그리디로 가능한 배낭(분수 vs 0-1)		Data Structure & Algorithm - 기타 알고리즘	44	CHOICE	MEDIUM	분수 배낭은 그리디로 풀 수 있고 0-1 배낭은 일반적으로 DP가 필요한 이유로 가장 적절한 것은?	분수 배낭은 물건을 쪼갤 수 있어 단위 가치가 높은 순으로 담는 선택이 항상 최적입니다. 반면 0-1 배낭은 쪼갤 수 없어서 지역적으로 좋은 선택이 전체 최적을 보장하지 않을 수 있습니다. 면접에서는 작은 반례를 통해 0-1에서 그리디가 깨지는 이유를 묻습니다. 실무에서는 문제의 제약이 조금만 달라져도 알고리즘이 바뀌므로 조건을 정확히 읽는 습관이 중요합니다.		0-1 배낭은 항상 정렬만 하면 끝나서	FALSE	0-1은 분할 불가라 그리디 선택이 최적을 보장하지 않아서	TRUE	분수 배낭은 DP가 느려서	FALSE	둘 다 동일하게 그리디로 가능해서	FALSE	dsa	greedy	dp	
Q074	최소 스왑(Adjacent Swaps)		Data Structure & Algorithm - 기타 알고리즘	44	CHOICE	MEDIUM	어떤 조건을 만족하는 최소 스왑 횟수를 구할 때, 투 포인터로 자주 쓰는 패턴은?	최소 인접 스왑 류 문제는 원하는 원소를 한쪽으로 모으거나, 조건을 만족하는 구간을 만들기 위해 포인터로 목표 위치를 좁혀갑니다. 특히 특정 값들의 위치 인덱스를 모아 중앙에 맞추는 변형은 투 포인터로 양끝을 줄이며 비용을 누적하기도 합니다. 면접에서는 어떤 값을 고정하고 어떤 포인터를 움직이는지 모델링을 묻습니다. 실무에서는 문제를 바로 투 포인터로 풀기보다, 먼저 위치 배열로 변환한 뒤 포인터를 적용하는 아이디어가 유용합니다. 구현 시 인덱스 계산 실수가 잦으니 주의해야 합니다.		조건 만족 원소의 위치를 기준으로 양끝에서 좁히며 비용을 누적한다	TRUE	매번 전체를 정렬한 뒤 스왑 횟수를 센다	FALSE	DP로 모든 스왑 순서를 저장한다	FALSE	BFS로 스왑을 탐색한다	FALSE	dsa	two_pointers		
Q075	투 포인터와 정렬 대안(Hash)		Data Structure & Algorithm - 기타 알고리즘	44	CHOICE	MEDIUM	2Sum 문제에서 정렬 기반 투 포인터 대신 해시를 쓰는 대표 장점으로 가장 알맞은 것은?	정렬 기반 투 포인터는 정렬 비용이 듭니다. 해시는 한 번의 순회로 보완 값 존재를 확인할 수 있어 평균적으로 O(n)에 해결 가능합니다. 면접에서는 두 방식의 트레이드오프를 묻습니다. 실무에서는 정렬이 가능한지, 원본 순서를 유지해야 하는지, 메모리 사용이 괜찮은지 등을 함께 고려합니다. 또한 해시는 최악의 경우 성능이 나빠질 수 있다는 점도 언급하면 좋습니다.		정렬이 필요 없어 평균 O(n)으로 처리 가능하다	TRUE	항상 메모리를 0으로 만든다	FALSE	중복 처리가 필요 없어져서	FALSE	음수 가중치도 처리 가능해서	FALSE	dsa	two_pointers		
Q076	DP와 모듈러(Counting Mod)		Data Structure & Algorithm - 기타 알고리즘	44	CHOICE	MEDIUM	경우의 수 DP에서 모듈러 연산을 중간중간 적용하는 이유로 가장 알맞은 것은?	경우의 수는 빠르게 커져 정수 범위를 넘어갈 수 있습니다. 그래서 계산 중간에 모듈러를 적용해 오버플로우를 방지하고 값 범위를 유지합니다. 또한 모듈러 합은 결합법칙이 성립해 중간 적용이 안전합니다. 면접에서는 언제 모듈러를 적용해야 하는지와 자료형 선택을 묻습니다. 실무에서는 언어별 오버플로우 특성과 BigInt 사용 여부를 함께 고려해야 합니다.		값이 커져 오버플로우가 날 수 있어서	TRUE	모듈러를 하면 항상 더 빠르기 때문에	FALSE	정렬을 피하기 위해	FALSE	투 포인터가 필요 없어서	FALSE	dsa	dp		
Q077	그리디와 정렬 안정성		Data Structure & Algorithm - 기타 알고리즘	44	CHOICE	MEDIUM	그리디에서 정렬 기준이 같을 때 추가 tie-break가 필요한 대표 이유는?	동일한 주요 키를 가진 항목이 있을 때, tie-break가 없으면 구현에 따라 선택 순서가 달라질 수 있습니다. 어떤 문제에서는 이 순서가 정답에 영향을 주기도 합니다. 면접에서는 종료 시간이 같을 때 시작 시간을 어떻게 처리할지 같은 질문이 자주 나옵니다. 실무에서는 정렬이 안정적이지 않은 언어 구현에서 예상치 못한 결과가 나올 수 있어 명시적 tie-break가 안전합니다. 문제 조건에 맞게 안정성을 확보하는 습관이 중요합니다.		순서가 달라도 항상 결과가 같아서 필요 없다	FALSE	같은 키에서 선택 순서가 정답에 영향을 줄 수 있어서	TRUE	tie-break는 성능을 O(1)로 만들기 위해	FALSE	tie-break가 있으면 DP가 된다	FALSE	dsa	greedy		
Q078	투 포인터 종료 조건		Data Structure & Algorithm - 기타 알고리즘	44	CHOICE	MEDIUM	정렬된 배열에서 두 포인터 i, j로 합을 맞추는 탐색을 할 때 일반적인 종료 조건은?	두 포인터 탐색은 보통 i가 j를 넘기 전까지 수행합니다. i와 j가 교차하면 더 이상 새로운 쌍을 만들 수 없기 때문입니다. 면접에서는 왜 i<j 조건이 안전한지와 루프 내 포인터 갱신이 무한 루프를 만들지 않는지 확인합니다. 실무에서는 갱신 순서나 조건 분기 실수로 i와 j가 그대로여서 무한 루프가 나는 버그가 자주 발생합니다. 따라서 매 반복마다 포인터가 이동하도록 보장해야 합니다.		i가 j보다 작을 때까지 반복한다	TRUE	i가 0일 때만 반복한다	FALSE	j가 n-1일 때만 반복한다	FALSE	조건 없이 무한 반복한다	FALSE	dsa	two_pointers		
Q079	DP 상태 수 추정(State Count)		Data Structure & Algorithm - 기타 알고리즘	44	CHOICE	MEDIUM	DP 설계에서 먼저 상태 수를 추정하는 이유로 가장 알맞은 것은?	DP는 상태 수가 곧 시간과 메모리의 하한을 결정하는 경우가 많습니다. 상태가 너무 많으면 테이블이 커져 메모리 초과나 시간 초과로 이어집니다. 면접에서는 dp 차원을 왜 그렇게 잡았는지와 상태 수가 몇 개인지 계산해보라고 묻습니다. 실무에서는 먼저 상태 공간을 산정하고, 필요하면 차원 축소나 다른 알고리즘으로 전환합니다. 즉 설계 단계에서의 견적이 성공과 실패를 가르는 핵심입니다.		코드를 짧게 만들기 위해	FALSE	시간과 메모리 한계를 초과하지 않는지 판단하기 위해	TRUE	정렬 기준을 정하기 위해	FALSE	투 포인터를 쓰기 위해	FALSE	dsa	dp		
Q080	그리디와 DP 혼합 사고		Data Structure & Algorithm - 기타 알고리즘	44	CHOICE	MEDIUM	다음 중 그리디 접근이 실패할 수 있어 DP로 재설계를 고려해야 하는 신호로 가장 알맞은 것은?	그리디는 매 단계의 선택이 전체 최적해로 이어진다는 보장이 필요합니다. 보장이 없는데도 규칙을 고집하면 반례가 쉽게 생깁니다. 이럴 때는 상태를 정의해 선택의 영향을 누적 관리하는 DP가 더 안전합니다. 면접에서는 반례 구성 또는 최적 부분 구조 확인으로 DP 전환 근거를 제시하라고 합니다. 실무에서도 테스트 데이터에서 깨지는 패턴이 반복되면, 그리디 규칙을 수정하기보다 DP로 전환하는 것이 빠를 때가 많습니다.		작은 반례에서 선택 규칙이 자주 깨진다	TRUE	정렬이 가능하다	FALSE	포인터가 두 개다	FALSE	입력이 양수다	FALSE	dsa	dp	greedy	
Q081	분할 정복 DP 최적화(Divide and Conquer DP Optimization)		Data Structure & Algorithm - 기타 알고리즘	44	CHOICE	HARD	분할 정복 DP 최적화를 적용할 수 있는 핵심 전제 조건으로 가장 적절한 것은?	분할 정복 DP 최적화는 dp[i]의 최적 분할점이 i에 대해 단조적으로 움직인다는 성질을 이용합니다. 이 단조성 덕분에 탐색 구간을 재귀적으로 좁혀서 전체 탐색 비용을 줄일 수 있습니다. 면접에서는 단조성 조건이 없을 때 왜 최적화가 깨지는지 반례 관점으로 설명하는지를 봅니다. 실무에서는 점화식만 보고 바로 적용하기보다, opt 인덱스의 단조성 보장 여부를 먼저 확인해야 합니다. 조건이 성립하지 않으면 오답이 아니라도 시간 최적화가 불가능해지는 경우가 많습니다.		최적 분할점 opt[i]가 i가 증가할수록 단조 증가한다	TRUE	dp가 항상 1차원 배열로 표현된다	FALSE	입력 배열이 이미 정렬되어 있다	FALSE	전이가 항상 O1이다	FALSE	dsa	dp		
Q082	크누스 최적화(Knuth Optimization)		Data Structure & Algorithm - 기타 알고리즘	44	CHOICE	HARD	구간 DP에서 크누스 최적화를 쓰기 위한 대표 조건으로 가장 알맞은 것은?	크누스 최적화는 구간 DP의 최적 분할점이 특정 범위 안에 들어간다는 성질을 활용합니다. 보통 opt[l][r-1] <= opt[l][r] <= opt[l+1][r] 형태의 단조성이 핵심입니다. 이 성질이 성립하려면 비용 함수가 특정한 성질을 가져야 하며, 무조건 적용되는 기법이 아닙니다. 면접에서는 크누스 최적화가 가능한 DP 형태와 불가능한 형태를 구분할 수 있는지를 봅니다. 실무에서는 조건 검증 없이 적용하면 잘못된 탐색 범위로 인해 오답이 나기 쉬워 주의가 필요합니다.		opt[l][r]가 opt[l][r-1]과 opt[l+1][r] 사이에 존재하는 단조성	TRUE	모든 비용 함수는 자동으로 크누스 조건을 만족한다	FALSE	무조건 이분 탐색을 사용하면 성립한다	FALSE	상태가 비트마스크이면 항상 성립한다	FALSE	dsa	dp		
Q083	컨벡스 헐 트릭(Convex Hull Trick)		Data Structure & Algorithm - 기타 알고리즘	44	CHOICE	HARD	컨벡스 헐 트릭으로 DP를 최적화하기 쉬운 전형적 형태로 가장 적절한 것은?	컨벡스 헐 트릭은 선형 함수들의 최솟값 또는 최댓값을 빠르게 질의하는 방식으로 DP를 최적화합니다. dp[i]가 이전 상태 j의 값에 직선 형태로 결합되는 점화식에서 자주 등장합니다. 특히 기울기와 질의 x가 단조인 경우 덱으로 선을 유지하며 선형 시간에 처리할 수 있습니다. 면접에서는 어떤 형태의 점화식이 직선 집합으로 바뀌는지, 그리고 단조 조건이 왜 중요한지 설명하라고 묻습니다. 실무에서는 부동소수점 오차와 오버플로우까지 고려해 정수 연산으로 설계하는 경우가 많습니다.		dp[i] = min over j of dp[j] + m[j] times x[i] + b[j] 같은 선형 결합 형태	TRUE	dp[i] = dp[i-1] + dp[i-2] 형태	FALSE	dp가 항상 트리 구조일 때만 가능	FALSE	모든 최단 경로 문제에 무조건 적용 가능	FALSE	dsa	dp		
Q084	외판원 순회 DP(Held Karp TSP)		Data Structure & Algorithm - 기타 알고리즘	44	CHOICE	HARD	비트마스크 DP로 푸는 외판원 순회 문제의 대표 시간 복잡도로 가장 알맞은 것은?	외판원 순회 TSP를 비트마스크 DP로 풀면 상태는 방문 집합과 현재 위치로 구성됩니다. 방문 집합은 2의 n승 개수로 폭발하므로 상태 수가 매우 빠르게 커집니다. 전이는 현재 위치에서 다음 도시로 이동하는 선택을 모두 고려하므로 추가로 n이 곱해집니다. 면접에서는 상태 수와 전이 비용을 곱해 복잡도를 설명할 수 있어야 합니다. 실무에서는 n이 조금만 커져도 계산이 불가능해져 근사나 휴리스틱을 고려합니다.		O(n^2 times 2^n)	TRUE	O(n log n)	FALSE	O(n^3)	FALSE	O(2^n)	FALSE	dsa	dp		
Q085	비트마스크 DP 상태 정의(Bitmask State)		Data Structure & Algorithm - 기타 알고리즘	44	CHOICE	HARD	비트마스크 DP에서 방문 집합을 상태로 둘 때 가장 흔한 의미로 올바른 것은?	비트마스크는 각 원소의 선택 여부를 0과 1로 표현해 집합을 압축합니다. 예를 들어 k번째 비트가 1이면 k번째 요소를 이미 선택 또는 방문했다고 해석합니다. 이런 표현은 집합 포함 여부를 빠르게 확인하고 추가하는 연산이 매우 효율적입니다. 면접에서는 비트 연산으로 상태 전이를 어떻게 구현하는지까지 자주 묻습니다. 실무에서는 비트 폭과 정수 타입 한계를 고려해 n 범위를 명확히 잡는 것이 중요합니다.		특정 비트가 1이면 해당 요소가 집합에 포함됨을 의미한다	TRUE	비트마스크는 항상 정렬된 순서를 의미한다	FALSE	비트가 1이면 비용이 1이라는 뜻이다	FALSE	비트마스크는 해시 충돌을 막기 위한 기법이다	FALSE	dsa	dp		
Q086	단조 큐 DP 최적화(Monotone Queue DP)		Data Structure & Algorithm - 기타 알고리즘	44	CHOICE	HARD	dp[i] = min(dp[j]) + cost[i] 에서 j가 i-L부터 i-1 범위로 제한될 때, 시간 최적화에 가장 알맞은 자료구조는?	이 형태는 고정된 길이 창에서 최소 dp 값을 반복적으로 구하는 문제로 바뀝니다. 단조 큐를 사용하면 창에서 벗어나는 인덱스를 제거하고, dp 값이 증가하는 후보를 뒤에서 제거해 항상 앞에 최소가 오도록 유지합니다. 그 결과 각 인덱스는 큐에 한 번 들어가고 한 번 나와 전체가 선형 시간에 가까워집니다. 면접에서는 단조 큐의 불변식과 제거 조건을 정확히 말할 수 있는지를 봅니다. 실무에서는 창 범위 조건이 조금만 달라져도 큐 유지 규칙이 바뀌므로 경계 처리가 핵심입니다.		덱을 사용해 dp 후보를 증가 순으로 유지하는 단조 큐	TRUE	스택을 사용해 LIFO로 관리	FALSE	이분 탐색 트리를 사용해 항상 정렬 유지	FALSE	해시맵을 사용해 인덱스를 랜덤 접근	FALSE	dsa	dp		
Q087	최소 신장 트리 컷 속성(Cut Property)		Data Structure & Algorithm - 기타 알고리즘	44	CHOICE	HARD	최소 신장 트리에서 컷 속성에 대한 설명으로 가장 올바른 것은?	컷 속성은 MST 그리디 선택을 정당화하는 핵심 도구입니다. 임의의 컷을 가로지르는 간선들 중 가중치가 최소인 간선은 어떤 MST에도 포함될 수 있다고 말합니다. 이 성질 덕분에 크루스칼이나 프림에서 매 단계의 선택이 안전하다고 설명할 수 있습니다. 면접에서는 컷을 어떻게 정의하는지와 왜 최소 간선이 안전한지 직관적으로 말하는지를 봅니다. 실무에서는 구현보다도 이런 정당화 논리를 알고 있어야 변형 문제에서 적용 여부를 판단할 수 있습니다.		어떤 컷을 가로지르는 간선 중 최소 가중치 간선은 MST에 포함될 수 있다	TRUE	MST는 항상 가장 큰 간선부터 선택한다	FALSE	컷 속성은 음수 간선에서만 성립한다	FALSE	컷 속성은 DP 테이블을 의미한다	FALSE	dsa	greedy		
Q088	최적 병합 패턴(Optimal Merge Pattern)		Data Structure & Algorithm - 기타 알고리즘	44	CHOICE	HARD	여러 파일을 합칠 때 총 비용을 최소화하는 최적 병합 패턴에서 그리디 전략으로 가장 알맞은 것은?	최적 병합 패턴은 매번 두 묶음을 합칠 때 비용이 합으로 누적되는 문제입니다. 가장 작은 두 묶음을 먼저 합치면 이후 단계에서 큰 비용이 반복해서 더해지는 것을 줄일 수 있습니다. 이는 허프만 코딩과 같은 구조로 정당화되며 우선순위 큐가 자연스러운 구현입니다. 면접에서는 왜 작은 것부터 합치는지 교환 논증 형태로 설명하라고 자주 묻습니다. 실무에서는 로그 합치기나 배치 처리 비용 모델링에서도 유사한 구조가 등장합니다.		매 단계에서 크기가 가장 작은 두 파일을 합친다	TRUE	매 단계에서 크기가 가장 큰 두 파일을 합친다	FALSE	임의로 두 파일을 합쳐도 항상 최적이다	FALSE	파일을 합치기 전에 반드시 정렬을 반복한다	FALSE	dsa	greedy		
Q089	매트로이드 그리디(Matroid Greedy)		Data Structure & Algorithm - 기타 알고리즘	44	CHOICE	HARD	가중치 최소 또는 최대의 독립 집합을 그리디로 구할 수 있게 하는 구조의 핵심 성질 조합으로 가장 알맞은 것은?	매트로이드는 그리디가 항상 최적을 보장하는 대표 구조입니다. 독립 집합의 부분 집합도 독립이라는 유전성, 그리고 크기가 다른 독립 집합 사이에 원소를 교환할 수 있는 교환 성질이 핵심입니다. 이 두 성질이 있으면 가중치 기준으로 정렬 후 가능한 원소를 담는 그리디가 정당화됩니다. 면접에서는 최소 신장 트리와 매트로이드 관점을 연결해 설명하는 질문이 나올 수 있습니다. 실무에서는 모든 그리디가 매트로이드인 것은 아니므로 성질 확인이 중요합니다.		유전성 그리고 교환 성질	TRUE	정렬 안정성 그리고 이분 탐색	FALSE	단조 큐 그리고 누적합	FALSE	오버플로우 그리고 모듈러	FALSE	dsa	greedy		
Q090	최대 지연 최소화(EDD Rule)		Data Structure & Algorithm - 기타 알고리즘	44	CHOICE	HARD	단일 기계 스케줄링에서 최대 지연을 최소화하는 그리디 규칙으로 가장 알맞은 것은?	작업마다 마감 시간이 있고 처리 시간이 있을 때, 최대 지연을 줄이는 유명한 규칙이 있습니다. 일반적으로 마감 시간이 빠른 작업부터 처리하는 EDD 규칙이 최적임이 알려져 있습니다. 면접에서는 왜 마감 시간 기준 정렬이 최적을 보장하는지 교환 논증을 간단히 설명하라고 합니다. 실무에서는 SLA나 데드라인 기반 배치 작업에서도 비슷한 의사결정이 필요합니다. 단 목적 함수가 평균 지연이나 가중 지연으로 바뀌면 규칙이 달라질 수 있어 주의해야 합니다.		마감 시간이 빠른 순으로 처리한다	TRUE	처리 시간이 긴 순으로 처리한다	FALSE	가치가 높은 순으로 처리한다	FALSE	무작위 순서로 처리한다	FALSE	dsa	greedy		
Q091	최소 회의실 수와 힙(Interval Partitioning Heap)		Data Structure & Algorithm - 기타 알고리즘	44	CHOICE	HARD	시작 시간 정렬 후 종료 시간을 최소 힙으로 관리하는 방식이 최소 회의실 수를 보장하는 이유로 가장 적절한 것은?	시작 시간 순으로 보면 현재 회의가 들어갈 수 있는 가장 유리한 방은 가장 빨리 끝나는 방입니다. 그 방에도 못 들어가면 다른 어떤 방에도 들어갈 수 없으므로 새 방이 필요합니다. 이 논리로 종료 시간 최소를 유지하는 힙이 그리디 선택을 정당화합니다. 면접에서는 왜 최대 동시 진행 수가 최소 방 수와 같아지는지까지 연결해 설명하라고 합니다. 실무에서는 리소스 풀링과 동시성 산정에서 같은 사고 방식이 반복됩니다.		가장 빨리 끝나는 방에 못 들어가면 어떤 방에도 못 들어가므로 새 방이 필요하다	TRUE	힙을 쓰면 정렬이 필요 없어서	FALSE	힙을 쓰면 항상 O1이어서	FALSE	종료 시간은 중요하지 않고 시작 시간만 보면 돼서	FALSE	dsa	greedy		
Q092	정확히 K개 종류 부분 배열(Exactly K Distinct)		Data Structure & Algorithm - 기타 알고리즘	44	CHOICE	HARD	서로 다른 원소가 정확히 K개인 부분 배열의 개수를 구할 때 자주 쓰는 공식으로 가장 알맞은 것은?	정확히 K개는 직접 세기 어렵지만 최대 K개를 세는 함수로 바꾸면 투 포인터가 가능합니다. 최대 K개인 부분 배열 수에서 최대 K-1개인 부분 배열 수를 빼면 정확히 K개만 남습니다. 이 트릭은 조건이 단조적으로 변하는 카운팅 문제에서 자주 등장합니다. 면접에서는 왜 빼기가 성립하는지, 중복 없이 분해되는지 설명하는지를 봅니다. 실무에서는 카운팅 로직이 복잡할수록 이런 분해 아이디어가 큰 도움이 됩니다.		atMost(K) - atMost(K-1)	TRUE	atMost(K) + atMost(K-1)	FALSE	exactly(K) = atMost(K)	FALSE	exactly(K) = atMost(K-2)	FALSE	dsa	two_pointers		
Q093	최소 윈도우 부분 문자열(Minimum Window Substring)		Data Structure & Algorithm - 기타 알고리즘	44	CHOICE	HARD	최소 윈도우 부분 문자열 문제에서 왼쪽 포인터를 줄여도 되는 정확한 타이밍으로 가장 적절한 것은?	이 문제는 윈도우가 요구 문자의 빈도를 모두 만족할 때만 유효합니다. 유효해진 순간부터는 더 짧은 윈도우를 만들기 위해 왼쪽을 줄이는 축소 단계가 시작됩니다. 축소 중에 어떤 문자가 요구 빈도 아래로 떨어지면 다시 확장해야 합니다. 면접에서는 유효 조건을 어떻게 판단하는지와 카운트 갱신 순서를 꼼꼼히 묻는 경우가 많습니다. 실무에서는 오프바이원과 빈도 업데이트 순서 실수가 가장 흔한 버그입니다.		현재 윈도우가 모든 요구 빈도를 만족할 때	TRUE	오른쪽 포인터가 배열 끝에 도달했을 때만	FALSE	윈도우 길이가 K를 넘을 때	FALSE	중복 문자가 들어오면 바로	FALSE	dsa	two_pointers		
Q094	원형 배열 투 포인터(Circular Two Pointers)		Data Structure & Algorithm - 기타 알고리즘	44	CHOICE	HARD	원형 배열에서 연속 구간 문제를 투 포인터로 풀 때 가장 흔한 테크닉으로 가장 알맞은 것은?	원형 배열은 끝과 시작이 연결되어 있어 단순 윈도우가 어렵습니다. 흔히 배열을 두 번 이어 붙인 길이 2n 배열처럼 취급하고, 윈도우 길이가 n을 넘지 않도록 제한합니다. 이렇게 하면 원형 구간을 선형 구간으로 변환해 투 포인터를 적용할 수 있습니다. 면접에서는 왜 길이 제한이 필요한지, 무제한이면 어떤 중복이 생기는지 묻습니다. 실무에서는 인덱스 모듈러 연산보다 이 방식이 구현이 단순한 경우가 많습니다.		배열을 2배로 늘려 보고 윈도우 길이를 n 이하로 제한한다	TRUE	원형은 투 포인터로 풀 수 없으니 DP만 사용한다	FALSE	시작 인덱스마다 완전 탐색한다	FALSE	무작위로 점프하며 탐색한다	FALSE	dsa	two_pointers		
Q095	빗물 트래핑 투 포인터(Trapping Rain Water)		Data Structure & Algorithm - 기타 알고리즘	44	CHOICE	HARD	빗물 트래핑 문제의 투 포인터 해법에서 다음 이동 규칙으로 가장 올바른 것은?	투 포인터 해법은 왼쪽 최대와 오른쪽 최대를 유지하면서 물 높이를 결정합니다. 핵심은 더 낮은 쪽의 경계가 현재 물 높이의 상한을 결정한다는 점입니다. 그래서 현재 왼쪽 높이가 오른쪽보다 낮으면 왼쪽을 이동하며 leftMax로 물을 계산하고, 반대면 오른쪽을 이동합니다. 면접에서는 왜 낮은 쪽을 움직여도 안전한지 불변식으로 설명하라고 합니다. 실무에서는 경계 최대값 갱신 순서가 틀리면 음수 물량 같은 버그가 나기 쉬워 주의해야 합니다.		현재 높이가 더 낮은 쪽 포인터를 이동한다	TRUE	항상 왼쪽 포인터만 이동한다	FALSE	항상 오른쪽 포인터만 이동한다	FALSE	두 포인터를 동시에 한 칸씩 이동한다	FALSE	dsa	two_pointers		
Q096	최장 팰린드롬 부분 수열(LPS DP)		Data Structure & Algorithm - 기타 알고리즘	44	CHOICE	HARD	최장 팰린드롬 부분 수열 DP에서 문자가 같을 때의 전이로 가장 적절한 것은?	LPS는 부분 문자열이 아니라 부분 수열이므로 건너뛰기가 허용됩니다. dp[l][r]를 l부터 r까지의 LPS 길이로 두면, 양 끝 문자가 같을 때는 그 둘을 포함해 내부 구간의 답에 2를 더할 수 있습니다. 문자가 다르면 한쪽을 버리는 두 경우 중 큰 값을 취합니다. 면접에서는 부분 문자열과 부분 수열이 어떻게 다른지와 전이가 왜 달라지는지 묻습니다. 실무에서는 구간 DP에서 길이 증가 순으로 채워야 참조가 안전하다는 점이 중요합니다.		dp[l][r] = dp[l+1][r-1] + 2	TRUE	dp[l][r] = dp[l][r-1] + 2	FALSE	dp[l][r] = dp[l+1][r] - 2	FALSE	dp[l][r] = 2만 저장한다	FALSE	dsa	dp		
Q097	가중치 있는 구간 스케줄링(Weighted Interval Scheduling)		Data Structure & Algorithm - 기타 알고리즘	44	CHOICE	HARD	가중치 있는 구간 스케줄링에서 dp[i]의 전형적인 점화식으로 가장 알맞은 것은?	이 문제는 겹치지 않게 선택하되 가치 합을 최대화해야 합니다. 종료 시간 기준으로 정렬한 뒤, i번째 구간과 겹치지 않는 마지막 구간 인덱스 p(i)를 이분 탐색으로 찾는 접근이 흔합니다. 그러면 i를 선택하지 않는 경우 dp[i-1]과, i를 선택하는 경우 value[i] + dp[p(i)] 중 최대를 취합니다. 면접에서는 p(i) 정의와 왜 이분 탐색이 가능한지까지 이어서 묻습니다. 실무에서는 단순 그리디가 실패하는 대표 반례가 많아 DP 전환 판단이 중요합니다.		dp[i] = max(dp[i-1], value[i] + dp[p(i)])	TRUE	dp[i] = dp[i-1] + value[i]	FALSE	dp[i] = min(dp[i-1], value[i])	FALSE	dp[i] = value[i]만 저장한다	FALSE	dsa	dp		
Q098	가중치 구간에서 그리디 실패(Greedy Fails for Weighted Intervals)		Data Structure & Algorithm - 기타 알고리즘	44	CHOICE	HARD	가중치 있는 구간 스케줄링에서 종료 시간이 가장 빠른 구간을 고르는 그리디가 실패하는 근본 이유로 가장 적절한 것은?	종료 시간이 빠른 선택은 최대 개수를 늘리는 데는 유리하지만 가치 합 최적화에는 맞지 않을 수 있습니다. 작은 가치의 짧은 구간을 고르면 이후 큰 가치를 가진 구간 조합을 놓칠 수 있습니다. 즉 지역적으로 좋아 보이는 선택이 전체 가치 최적을 보장하지 않습니다. 면접에서는 간단한 반례를 만들 수 있는지로 이해도를 확인합니다. 실무에서는 목적 함수가 바뀌면 알고리즘이 바뀐다는 점을 보여주는 대표 사례입니다.		지역 선택이 전체 가치 최적을 보장하지 않아 반례가 생길 수 있다	TRUE	정렬이 불가능해서	FALSE	힙을 쓰면 항상 해결되는데 안 써서	FALSE	투 포인터가 두 개라서	FALSE	dsa	greedy	dp	
Q099	이분 탐색과 투 포인터 결합(Pair Distance Counting)		Data Structure & Algorithm - 기타 알고리즘	44	CHOICE	HARD	k번째로 작은 쌍 거리 문제에서 mid 이하인 쌍의 개수를 투 포인터로 세는 핵심 아이디어로 가장 알맞은 것은?	이 문제는 거리 값에 대해 이분 탐색을 하고, 주어진 mid에서 조건을 만족하는 쌍 개수를 빠르게 세는 방식으로 풉니다. 정렬된 배열에서 i를 고정하면 j를 증가시켜 arr[j] - arr[i]가 mid 이하인 최대 범위를 찾을 수 있습니다. 그러면 그 범위 길이만큼을 한 번에 더해 카운트할 수 있어 선형 시간에 가까워집니다. 면접에서는 왜 j가 뒤로 가지 않아 전체가 O(n)인지 설명하라고 합니다. 실무에서는 이 조합 패턴이 조건 기반 k번째 값 문제에서 자주 재사용됩니다.		정렬 후 i별로 j를 단조 증가시키며 mid 이하 구간 길이를 누적한다	TRUE	모든 쌍을 이중 루프로 계산한다	FALSE	dp 테이블로 모든 거리를 저장한다	FALSE	해시로 거리의 중복만 제거한다	FALSE	dsa	two_pointers		
Q100	DP 최적화 가능성 판단(State Explosion)		Data Structure & Algorithm - 기타 알고리즘	44	CHOICE	HARD	DP 설계에서 상태 폭발을 피하기 위한 가장 실전적인 첫 점검으로 가장 알맞은 것은?	DP는 상태 수가 기하급수로 늘 수 있어 설계 단계에서 견적이 중요합니다. 먼저 상태 차원과 각 차원의 범위를 곱해 대략적인 상태 수를 계산해야 합니다. 그 다음 전이 비용까지 포함해 시간과 메모리 한계를 넘는지 판단합니다. 면접에서는 상태 수 계산을 빠뜨리고 점화식만 말하는 실수를 자주 지적합니다. 실무에서는 상태 축소나 최적화 기법 적용 여부를 결정하는 출발점이 바로 이 추정입니다.		상태 수와 전이 비용을 먼저 계산해 제한을 넘는지 추정한다	TRUE	구현부터 하고 시간 초과가 나면 그때 고민한다	FALSE	정렬 기준만 잘 잡으면 DP는 항상 빠르다	FALSE	상태는 많을수록 정확하니 늘리는 게 좋다	FALSE	dsa	dp		
Q101	FFT 최적화와 DP 관계(Convolution DP)		Data Structure & Algorithm - 기타 알고리즘	44	CHOICE	HARD	DP 전이가 합성곱(convolution) 형태로 표현될 때, 시간 최적화에 가장 적절한 접근으로 알맞은 것은?	일부 DP는 dp[i]가 이전 값들과의 합성곱 형태로 표현됩니다. 이 경우 전이를 직접 하면 O(n^2)이지만, FFT 같은 빠른 곱셈으로 합성곱을 계산하면 더 빠르게 만들 수 있습니다. 면접에서는 정확한 구현보다도 전이가 합성곱 형태인지 식을 변형해 인식할 수 있는지를 봅니다. 실무에서는 모듈러 FFT, 수치 오차, 입력 크기 제한 등 고려 사항이 많아 적용 난도가 높습니다. 하지만 형태를 알아채는 것만으로도 다른 최적화 방향을 찾는 단서가 됩니다.		FFT로 합성곱을 빠르게 계산해 전이 비용을 줄인다	TRUE	투 포인터로 합성곱을 선형에 계산한다	FALSE	그리디로 항상 최적 전이를 고른다	FALSE	합성곱이면 DP를 쓰면 안 된다	FALSE	dsa	dp		
Q102	DP에서 좌표 압축(Coordinate Compression)		Data Structure & Algorithm - 기타 알고리즘	44	CHOICE	HARD	값 범위가 매우 큰데 DP 상태로 값을 직접 쓰기 어려울 때, 흔한 해결책으로 가장 알맞은 것은?	DP는 상태 공간이 곧 메모리와 시간입니다. 값 범위가 10의 9승처럼 크면 그대로 상태로 둘 수 없습니다. 이때 등장하는 값들만 정렬해 인덱스로 매핑하는 좌표 압축을 통해 상태 범위를 줄입니다. 면접에서는 왜 ‘등장 값만’으로 충분한지와, 압축 후에도 비교 연산의 의미가 유지되는지를 설명해야 합니다. 실무에서는 트리, 펜윅, 세그먼트 트리와 결합되기도 하며, 중복 처리와 정렬 안정성을 주의해야 합니다.		등장 값들을 정렬해 작은 인덱스로 매핑하는 좌표 압축	TRUE	해시로 값을 무작위로 바꿔 저장	FALSE	값을 모두 문자열로 변환해 저장	FALSE	값 범위가 크면 DP를 포기한다	FALSE	dsa	dp		
Q103	DP와 세그먼트 트리 최적화		Data Structure & Algorithm - 기타 알고리즘	44	CHOICE	HARD	dp[i] = value[i] + max(dp[j]) (j 조건이 값 비교로 제한) 형태에서 자주 쓰는 최적화 조합으로 가장 알맞은 것은?	전형적으로 LIS 변형처럼 j가 value[j] < value[i] 같은 조건이면, 값 축을 기준으로 dp 최댓값을 빠르게 질의해야 합니다. 이때 좌표 압축 후 펜윅 트리나 세그먼트 트리로 prefix 최대를 관리하면 O(n log n)로 줄일 수 있습니다. 면접에서는 왜 값 축으로 자료구조를 잡는지와, 업데이트 시점이 왜 i 순서인지 설명합니다. 실무에서는 최대 대신 최소, 혹은 가중치 합 등으로 바뀌어도 동일 패턴이 재사용됩니다. 자료구조의 연산 정의를 정확히 맞추는 것이 핵심입니다.		좌표 압축 후 펜윅 또는 세그먼트 트리로 prefix 최대 질의	TRUE	단조 큐로 아무 조건이나 처리	FALSE	투 포인터로 값 비교를 해결	FALSE	그리디로 현재 최대만 유지	FALSE	dsa	dp		
Q104	CHT의 단조 질의 조건		Data Structure & Algorithm - 기타 알고리즘	44	CHOICE	HARD	덱 기반 컨벡스 헐 트릭이 특히 구현이 쉬워지는 조건 조합으로 가장 알맞은 것은?	CHT를 덱으로 구현하면 선 추가와 질의가 단조로 들어온다는 조건이 있을 때 포인터가 한 방향으로만 이동합니다. 즉 기울기(m)가 단조로 추가되고, 질의 x도 단조이면 교차점 비교로 앞에서부터 제거가 가능합니다. 면접에서는 이 단조 조건이 없을 때 왜 이분 탐색이나 Li Chao 트리 같은 다른 구조가 필요한지 연결 질문이 나옵니다. 실무에서는 단조성이 깨질 가능성이 있으면 안전한 구현으로 바꾸는 판단이 중요합니다.		선의 기울기 추가가 단조이고 질의 x도 단조이다	TRUE	dp가 2차원이면 무조건 가능하다	FALSE	입력이 정렬되어 있으면 항상 가능하다	FALSE	음수 값이 없으면 무조건 가능하다	FALSE	dsa	dp		
Q105	파레토 최적과 그리디 함정		Data Structure & Algorithm - 기타 알고리즘	44	CHOICE	HARD	다목적 최적화(예: 비용과 시간)에서 단일 기준 그리디가 특히 위험한 이유로 가장 적절한 것은?	두 개 이상의 목표를 동시에 최적화하면 한 기준으로만 정렬해 선택하는 그리디는 쉽게 반례가 생깁니다. 파레토 지배 관계에서 살아남는 후보가 여러 개일 수 있어, 단일 기준이 전체 최적을 대표하지 못합니다. 면접에서는 이때 어떤 방식으로 상태를 확장하거나, DP나 탐색으로 전환하는지 묻습니다. 실무에서는 요구사항이 복합 KPI일 때 단순 그리디가 실패하는 경우가 많아, 목표 함수 정의를 먼저 확정해야 합니다. 또한 제약식과 목적식이 섞이면 더 복잡해집니다.		파레토 최적 후보가 여러 개라 단일 정렬 기준이 최적을 대표하지 못한다	TRUE	다목적이면 항상 투 포인터로 해결된다	FALSE	다목적이면 정렬이 불가능하다	FALSE	그리디는 다목적에서 항상 정답이다	FALSE	dsa	greedy		
Q106	투 포인터와 중앙값 유지(Median Window)		Data Structure & Algorithm - 기타 알고리즘	44	CHOICE	HARD	슬라이딩 윈도우에서 중앙값을 유지하는 문제에서 투 포인터만으로 해결이 어려운 핵심 이유로 가장 적절한 것은?	투 포인터는 보통 단조성이나 합 같은 누적량을 O(1) 갱신할 때 유리합니다. 하지만 중앙값은 원소들의 순서 통계를 필요로 하므로, 단순히 왼쪽을 빼고 오른쪽을 더하는 것만으로 갱신이 되지 않습니다. 그래서 보통 두 힙이나 균형 BST 같은 자료구조가 필요합니다. 면접에서는 “합은 가능하지만 중앙값은 왜 어려운가” 같은 비교 질문이 자주 나옵니다. 실무에서는 윈도우 통계량이 평균, 최댓값, 중앙값 중 무엇인지에 따라 자료구조가 달라집니다.		중앙값은 순서 통계가 필요해 단순 O1 갱신이 어렵다	TRUE	중앙값은 항상 윈도우의 첫 원소다	FALSE	중앙값은 정렬 없이 무조건 알 수 있다	FALSE	중앙값은 그리디로만 구한다	FALSE	dsa	two_pointers		
Q107	두 포인터의 불변식(Invariant)		Data Structure & Algorithm - 기타 알고리즘	44	CHOICE	HARD	슬라이딩 윈도우에서 “현재 윈도우가 조건을 만족한다”를 불변식으로 둘 때, 올바른 루프 구조로 가장 적절한 것은?	많은 투 포인터 문제는 ‘오른쪽을 늘려 조건을 만들고, 조건이 만족되면 왼쪽을 줄여 최적을 갱신’하는 패턴입니다. 이때 핵심은 조건 만족 여부를 유지하는 불변식을 어떤 루프에서 관리하느냐입니다. 보통 오른쪽 확장은 for로 진행하고, 조건이 만족되는 동안 왼쪽을 while로 줄이며 최적을 갱신합니다. 면접에서는 불변식이 유지되는 지점과 깨지는 지점을 명확히 말할 수 있어야 합니다. 실무에서는 while 조건을 잘못 두면 무한 루프나 정답 누락이 발생합니다.		오른쪽은 확장하고, 조건 만족 동안 왼쪽을 while로 축소한다	TRUE	왼쪽과 오른쪽을 항상 동시에 한 칸씩 움직인다	FALSE	조건이 만족되면 오른쪽만 계속 늘린다	FALSE	불변식은 필요 없고 랜덤 이동한다	FALSE	dsa	two_pointers		
Q108	투 포인터 카운팅의 핵심(At Most Trick)		Data Structure & Algorithm - 기타 알고리즘	44	CHOICE	HARD	“최대 K개” 조건으로 부분 배열을 세는 투 포인터에서, 매 단계 오른쪽 r을 고정했을 때 더해주는 값으로 가장 적절한 것은?	atMost(K) 카운팅은 r을 고정했을 때, 조건을 만족하는 최소 l을 찾으면 그보다 오른쪽으로 시작하는 모든 구간이 조건을 만족합니다. 즉 시작점 l부터 r까지 가능한 시작점 개수만큼을 한 번에 더할 수 있습니다. 이로써 O(n^2) 카운팅을 O(n)으로 줄입니다. 면접에서는 왜 r마다 한 번에 더할 수 있는지, l이 단조 증가하는 이유를 불변식으로 설명합니다. 실무에서는 조건이 단조성이 있어야 하며, 빈도 맵 갱신 실수가 가장 흔한 버그입니다.		r - l + 1 만큼을 더한다	TRUE	항상 1만 더한다	FALSE	l을 더한다	FALSE	n - r 만큼을 더한다	FALSE	dsa	two_pointers		
Q109	DP에서 모듈러와 역원(Mod Inverse)		Data Structure & Algorithm - 기타 알고리즘	44	CHOICE	HARD	조합 수 DP에서 나눗셈이 필요할 때 모듈러 환경에서 흔히 사용하는 도구로 가장 알맞은 것은?	모듈러 연산에서는 일반적인 나눗셈이 정의되지 않습니다. 그래서 곱셈의 역원(모듈러 역원)을 사용해 나눗셈을 대체합니다. 특히 소수 모듈러에서는 페르마의 소정리를 이용해 역원을 구하는 방법이 널리 쓰입니다. 면접에서는 왜 역원이 존재하는지 조건(서로소 등)을 함께 말하는 질문이 나옵니다. 실무에서는 모듈러가 소수가 아닐 때 역원이 항상 존재하지 않는다는 함정도 중요합니다.		모듈러 역원(Modular Inverse)	TRUE	투 포인터	FALSE	힙	FALSE	DFS	FALSE	dsa	dp		
Q110	DP에서 비용 함수의 사각 부등식(Quadrangle Inequality)		Data Structure & Algorithm - 기타 알고리즘	44	CHOICE	HARD	크누스 최적화가 적용되는 비용 함수에서 자주 언급되는 성질로 가장 알맞은 것은?	크누스 최적화는 특정 구간 비용 함수가 사각 부등식 또는 모노지 성질을 만족할 때 성립하는 경우가 많습니다. 이 성질이 있으면 최적 분할점이 단조롭게 움직여 탐색 범위를 줄일 수 있습니다. 면접에서는 이름을 외우기보다, “비용 함수 성질이 opt 단조성을 만든다”는 연결을 설명하는지를 봅니다. 실무에서는 비용 함수가 이런 성질을 만족하지 않으면 최적화 적용이 불가능하거나 오답 위험이 있습니다. 따라서 먼저 조건을 체크하고, 안 되면 다른 최적화로 전환해야 합니다.		사각 부등식(Quadrangle Inequality) 같은 비용 함수의 규칙성	TRUE	비용 함수가 랜덤할수록 더 잘 된다	FALSE	비용 함수는 항상 선형이어야 한다	FALSE	비용 함수가 음수이면 자동 성립한다	FALSE	dsa	dp		
Q111	그리디와 라그랑주 완화(Lagrangian Relaxation)		Data Structure & Algorithm - 기타 알고리즘	44	CHOICE	HARD	제약 조건이 있는 최적화 문제에서 라그랑주 완화를 쓰는 핵심 아이디어로 가장 알맞은 것은?	어떤 제약이 있으면 직접 풀기 어렵지만, 제약을 벌점 항으로 목적 함수에 흡수하면 풀기 쉬워지는 경우가 있습니다. 벌점 계수(라그랑주 승수)를 조절하며 제약을 만족하는 해를 찾는 방식입니다. 면접에서는 이 개념을 깊게 요구하진 않더라도 “제약을 비용으로 바꿔 이분 탐색하거나 그리디로 풀 수 있게 만든다”는 큰 그림을 설명할 수 있으면 강점입니다. 실무에서는 근사 알고리즘이나 파라메트릭 서치와 결합되기도 합니다. 다만 항상 정수 최적을 보장하지 않으므로 적용 범위를 주의해야 합니다.		제약을 벌점으로 목적 함수에 포함시켜 풀기 쉬운 형태로 바꾼다	TRUE	제약을 무시해도 항상 정답이 된다	FALSE	제약을 추가로 하나 더 만든다	FALSE	제약이 있으면 DP만 가능하다	FALSE	dsa	greedy		
Q112	파라메트릭 서치와 그리디		Data Structure & Algorithm - 기타 알고리즘	44	CHOICE	HARD	“가능 여부”를 그리디로 판정하고 값에 대해 이분 탐색하는 파라메트릭 서치의 전제 조건으로 가장 알맞은 것은?	파라메트릭 서치는 어떤 값 X에 대해 “가능하다”가 단조적으로 변해야 이분 탐색이 가능합니다. 즉 X가 커질수록 가능해지거나, X가 커질수록 불가능해지는 단조성이 필요합니다. 면접에서는 이 단조성이 없으면 왜 이분 탐색이 깨지는지 설명을 묻습니다. 실무에서는 스케줄링, 최소 최대 최적화에서 그리디 판정 함수와 함께 자주 쓰입니다. 판정 함수가 정말 단조인지 반례로 확인하는 습관이 중요합니다.		가능 여부가 X에 대해 단조적으로 변한다	TRUE	판정 함수는 반드시 DP여야 한다	FALSE	입력이 정렬되어 있어야만 한다	FALSE	값 범위가 작아야만 한다	FALSE	dsa	greedy		
Q113	투 포인터와 음수 포함 대안(Prefix Sum + Hash)		Data Structure & Algorithm - 기타 알고리즘	44	CHOICE	HARD	음수가 포함된 배열에서 합이 K인 부분 배열 개수를 구할 때, 투 포인터 대신 자주 쓰는 접근으로 가장 적절한 것은?	음수가 있으면 투 포인터의 단조성이 깨져 카운팅이나 최소 구간 탐색이 어려워집니다. 이때는 누적합 prefixSum을 만들고, prefixSum[j] - prefixSum[i] = K 관계를 이용해 해시맵으로 이전 prefixSum 등장 횟수를 관리합니다. 그러면 한 번의 순회로 개수를 셀 수 있습니다. 면접에서는 왜 해시로 카운팅이 가능한지 식으로 설명하라고 묻습니다. 실무에서는 오버플로우, 자료형, 해시 충돌 등 세부 구현 이슈도 함께 고려해야 합니다.		누적합과 해시맵으로 prefixSum 차이를 카운트한다	TRUE	정렬 후 투 포인터로 항상 가능하다	FALSE	DP 테이블로 모든 구간을 저장한다	FALSE	BFS로 부분 배열을 탐색한다	FALSE	dsa	two_pointers		
Q114	DP의 상태 전환 그래프 해석		Data Structure & Algorithm - 기타 알고리즘	44	CHOICE	HARD	DP를 DAG 최단 경로 문제로 해석할 때 가장 적절한 설명은?	많은 DP는 상태를 정점, 전이를 간선으로 보면 방향 비순환 그래프 형태가 됩니다. 이때 dp는 위상 정렬 순서대로 최단 또는 최장 거리를 계산하는 것과 동치로 볼 수 있습니다. 면접에서는 이 관점으로 “왜 바텀업 순서가 필요한지”를 설명하는 문제가 나옵니다. 실무에서는 상태 전이를 그래프로 보면 사이클이 있는지, 즉 DP가 가능한지부터 점검할 수 있어 도움이 됩니다. 또한 최단 경로 알고리즘과의 연결로 확장 사고가 가능합니다.		상태를 정점, 전이를 간선으로 보고 DAG 위상 순서로 누적 계산한다	TRUE	DP는 항상 BFS와 동일하다	FALSE	DP는 항상 그리디와 동일하다	FALSE	DP는 무조건 재귀로만 구현된다	FALSE	dsa	dp		
Q115	편집 거리 최적화(Space Optimization)		Data Structure & Algorithm - 기타 알고리즘	44	CHOICE	HARD	편집 거리 DP를 공간 최적화할 수 있는 핵심 이유로 가장 알맞은 것은?	편집 거리 dp[i][j]는 보통 dp[i-1][j], dp[i][j-1], dp[i-1][j-1]만 참조합니다. 즉 한 행을 계산할 때 이전 행과 현재 행 일부만 있으면 됩니다. 이 특성 덕분에 2차원 테이블을 2행 또는 1행으로 줄일 수 있습니다. 면접에서는 “참조 범위가 제한되어 롤링 가능하다”를 정확히 말해야 합니다. 실무에서는 메모리 제한이 빡빡한 환경에서 이 최적화가 필수인 경우가 많습니다. 다만 dp[i][j-1]가 현재 행 값이므로 업데이트 순서가 중요합니다.		각 칸이 이전 행과 현재 행 일부만 참조해 롤링 배열이 가능해서	TRUE	문자열 길이가 항상 작아서	FALSE	해시를 쓰면 자동으로 줄어서	FALSE	투 포인터로 대체 가능해서	FALSE	dsa	dp		
Q116	그리디 증명에서의 안전 간선(Safe Edge)		Data Structure & Algorithm - 기타 알고리즘	44	CHOICE	HARD	그리디 증명에서 “안전한 선택(safe choice)”이 의미하는 바에 가장 가까운 것은?	안전한 선택은 현재 단계에서 선택해도 어떤 최적해의 일부가 될 수 있어 최적성을 해치지 않는 선택을 뜻합니다. MST의 컷 속성에서 최소 간선이 안전하다고 말하는 것이 대표 예입니다. 면접에서는 “선택을 고정해도 최적해가 존재한다”는 논리 구조를 설명하라고 합니다. 실무에서는 안전성 판단 없이 그리디를 적용하면 반례가 생기므로, 안전 조건을 명확히 하는 것이 중요합니다. 안전 간선을 찾는 관점은 다양한 그리디 문제로 확장됩니다.		선택해도 어떤 최적해에 포함될 수 있어 최적성을 해치지 않는 선택	TRUE	현재 가장 큰 값을 고르는 선택	FALSE	모든 경우를 탐색하는 선택	FALSE	무조건 빠른 선택	FALSE	dsa	greedy		
Q117	투 포인터와 최소값 갱신 순서		Data Structure & Algorithm - 기타 알고리즘	44	CHOICE	HARD	최소 길이 윈도우 문제에서 “조건 만족 시 축소”를 구현할 때 흔한 실수로 가장 적절한 것은?	최소 윈도우 류 문제는 조건을 만족하는 순간에 바로 축소하면서 답을 갱신해야 합니다. 흔한 실수는 축소하기 전에 답을 갱신하지 않거나, 카운트를 먼저 줄여 조건을 깨뜨린 뒤에 갱신하는 것입니다. 그러면 실제로 유효했던 더 짧은 윈도우를 놓칠 수 있습니다. 면접에서는 축소 루프 안에서 갱신 타이밍을 정확히 짚을 수 있는지를 봅니다. 실무에서는 이 순서 오류가 통과 테스트에서도 간헐적으로만 드러나 디버깅이 어렵습니다.		축소 루프에서 답 갱신 타이밍을 잘못 둬 유효 윈도우를 놓치는 것	TRUE	정렬을 하지 않는 것	FALSE	포인터를 두 개 쓰는 것	FALSE	해시맵을 쓰는 것	FALSE	dsa	two_pointers		
Q118	DP와 음수 사이클 유사성		Data Structure & Algorithm - 기타 알고리즘	44	CHOICE	HARD	DP를 반복 완화(relaxation)로 보는 관점에서, 값이 계속 줄어드는 현상은 그래프 관점에서 무엇과 가장 유사한가?	일부 DP나 최단 경로 문제는 반복 완화로 해석할 수 있습니다. 이때 값이 무한히 줄어든다면, 그래프에서는 음수 사이클처럼 계속 더 좋은 경로가 생기는 상황과 유사합니다. 면접에서는 DP에서 사이클이 생기면 왜 정의가 무너지는지 연결 질문이 나올 수 있습니다. 실무에서는 전이 그래프에 사이클이 있는지, 그 사이클이 비용을 줄이는지 점검하는 것이 중요합니다. 특히 상태 전이가 자기 자신으로 되돌아갈 수 있으면 설계 자체가 잘못된 경우가 많습니다.		음수 사이클(Negative Cycle)	TRUE	최소 신장 트리	FALSE	이분 탐색	FALSE	해시 충돌	FALSE	dsa	dp		
Q119	그리디와 온라인 알고리즘(Online)		Data Structure & Algorithm - 기타 알고리즘	44	CHOICE	HARD	미래 입력을 모르는 온라인 환경에서 그리디 설계가 어려운 핵심 이유로 가장 적절한 것은?	온라인 알고리즘은 미래 정보를 모른 채 결정을 내려야 합니다. 그래서 현재 선택이 미래에 어떤 영향을 줄지 완전히 평가하기 어렵고, 오프라인 최적해와 큰 차이가 날 수 있습니다. 면접에서는 경쟁 비율(competitive ratio) 같은 개념을 연결하기도 합니다. 실무에서는 스트리밍 처리, 실시간 스케줄링에서 온라인 의사결정이 필요해 휴리스틱과 안전장치가 중요합니다. 단순 그리디는 특정 입력 패턴에서 크게 손해 볼 수 있어 반례 기반 검증이 더 중요해집니다.		미래를 몰라 현재 선택의 장기 영향 평가가 어려워서	TRUE	온라인이면 항상 DP가 가능해서	FALSE	온라인이면 정렬이 자동으로 돼서	FALSE	온라인이면 입력이 항상 작아서	FALSE	dsa	greedy		
Q120	투 포인터와 0-1 문자열 최소 스왑		Data Structure & Algorithm - 기타 알고리즘	44	CHOICE	HARD	0과 1로만 이루어진 문자열에서 1들을 한 구간에 모으기 위한 최소 스왑을 구할 때, 자주 쓰는 투 포인터 사고로 가장 알맞은 것은?	이 문제는 “길이가 onesCount인 윈도우” 안에 1을 최대한 많이 넣는 문제로 변환할 수 있습니다. 그러면 최소 스왑 수는 그 윈도우 안의 0 개수와 같아집니다. 투 포인터로 고정 길이 윈도우를 이동하며 0의 개수를 최소화하면 됩니다. 면접에서는 왜 스왑 수가 0 개수와 같은지, 원형 문자열이면 어떻게 확장하는지까지 묻습니다. 실무에서는 문제를 직접 스왑 시뮬레이션하지 않고 ‘관점 변환’으로 단순화하는 능력이 중요합니다.		1의 개수 길이 윈도우에서 0 개수를 최소화한다	TRUE	모든 인접 스왑을 완전 탐색한다	FALSE	DP로 모든 스왑 순서를 저장한다	FALSE	그리디로 왼쪽부터 1을 당기면 항상 최적이다	FALSE	dsa	two_pointers		
Q121	메모이제이션(Memoization)		Data Structure & Algorithm - 기타 알고리즘	44	OX	EASY	메모이제이션은 이미 계산한 부분 문제의 결과를 저장해서 중복 계산을 줄이는 기법이다.	메모이제이션은 동적 계획법에서 매우 자주 쓰이는 최적화입니다. 같은 입력 상태에 대한 결과를 캐시에 저장해 재귀 호출이 반복되는 것을 막습니다. 겹치는 부분 문제가 많은 문제에서 효과가 큽니다. 캐시 키는 상태를 정확히 표현해야 하며, 상태 정의가 틀리면 잘못된 값을 재사용하게 됩니다. 실무에서는 배열이나 해시맵을 이용해 캐시를 구현하고, 초기값과 방문 여부 처리에 특히 주의합니다.		O	TRUE	X	FALSE					dsa	dp		
Q122	그리디 알고리즘(Greedy Algorithm)		Data Structure & Algorithm - 기타 알고리즘	44	OX	EASY	그리디 알고리즘은 어떤 최적화 문제든 항상 최적해를 보장한다.	그리디는 매 순간 가장 좋아 보이는 선택을 하는 방식입니다. 하지만 모든 문제에서 최적해를 보장하지는 않습니다. 최적해 보장이 되려면 교환 논증 같은 정당화가 가능하거나, 문제 구조가 그리디에 맞아야 합니다. 예를 들어 0-1 배낭이나 가중치 구간 스케줄링 같은 문제는 단순 그리디로 깨지기 쉽습니다. 면접에서는 그리디가 실패하는 반례를 만들 수 있는지를 자주 확인합니다.		O	FALSE	X	TRUE					dsa	greedy		
Q123	투 포인터(Two Pointers)		Data Structure & Algorithm - 기타 알고리즘	44	OX	EASY	투 포인터는 보통 두 개의 인덱스를 두고 조건에 따라 왼쪽과 오른쪽 포인터를 이동시키는 기법이다.	투 포인터는 배열이나 문자열에서 구간을 효율적으로 탐색할 때 사용합니다. 두 포인터가 같은 방향으로 움직이기도 하고, 양끝에서 안쪽으로 좁혀오기도 합니다. 정렬된 배열에서 합 비교로 포인터를 조절하는 패턴이 대표적입니다. 슬라이딩 윈도우처럼 한 포인터는 확장하고 다른 포인터는 축소하는 형태도 널리 쓰입니다. 중요한 점은 포인터 이동 규칙이 정답을 놓치지 않도록 단조성이나 불변식을 갖추는 것입니다.		O	TRUE	X	FALSE					dsa	two_pointers		
Q124	0-1 배낭(0-1 Knapsack)		Data Structure & Algorithm - 기타 알고리즘	44	OX	EASY	0-1 배낭을 1차원 DP로 구현할 때, 무게 인덱스는 보통 작은 값에서 큰 값으로 정순 순회해야 중복 사용을 막을 수 있다.	0-1 배낭은 각 아이템을 최대 한 번만 사용할 수 있습니다. 1차원 DP에서 정순으로 순회하면 같은 아이템을 같은 단계에서 여러 번 사용한 것처럼 갱신될 수 있습니다. 그래서 일반적으로 무게는 큰 값에서 작은 값으로 역순 순회합니다. 역순 순회는 현재 아이템을 적용하기 전의 dp 값을 보존해줍니다. 면접에서는 왜 순회 방향이 정답에 영향을 주는지 설명할 수 있어야 합니다.		O	FALSE	X	TRUE					dsa	dp		
Q125	동전 거스름돈(Coin Change)		Data Structure & Algorithm - 기타 알고리즘	44	OX	EASY	동전으로 최소 개수를 만드는 문제는 어떤 동전 체계에서도 큰 동전부터 고르는 그리디로 항상 풀린다.	일부 동전 체계에서는 큰 동전부터 고르는 그리디가 맞을 수 있습니다. 하지만 일반적인 동전 체계에서는 그리디가 쉽게 깨집니다. 예를 들어 특정 금액에서 큰 동전을 먼저 고르면 더 많은 동전 개수가 필요해지는 반례가 존재합니다. 이런 경우에는 DP로 최소 개수를 구하는 방식이 안전합니다. 면접에서는 그리디가 성립하는 조건이 무엇인지까지 확장 질문이 자주 나옵니다.		O	FALSE	X	TRUE					dsa	greedy		
Q126	다익스트라(Dijkstra)		Data Structure & Algorithm - 기타 알고리즘	44	OX	EASY	다익스트라 알고리즘은 음수 가중치 간선이 없을 때 최단 경로를 구하는 데 사용할 수 있다.	다익스트라는 매 단계에서 현재까지 최단 거리가 가장 작은 정점을 확정하는 방식입니다. 이 선택이 안전하려면 음수 가중치가 없어야 합니다. 음수 간선이 있으면 확정된 거리보다 더 짧은 경로가 나중에 생길 수 있습니다. 그래서 입력 조건을 확인하지 않고 다익스트라를 쓰면 오답이 될 수 있습니다. 실무에서도 그래프 모델링 시 가중치에 음수가 가능한지 먼저 점검하는 습관이 중요합니다.		O	TRUE	X	FALSE					dsa	greedy		
Q127	슬라이딩 윈도우(Sliding Window)		Data Structure & Algorithm - 기타 알고리즘	44	OX	EASY	음수가 포함된 배열에서도 투 포인터 슬라이딩 윈도우로 특정 합을 만족하는 최소 구간을 항상 선형 시간에 구할 수 있다.	슬라이딩 윈도우는 보통 윈도우를 늘리면 값이 단조롭게 변하는 상황에서 잘 동작합니다. 모든 원소가 양수라면 합이 윈도우 확장에 따라 증가하므로 규칙이 단순합니다. 하지만 음수가 포함되면 윈도우를 늘려도 합이 줄 수 있고, 줄여도 합이 늘 수 있습니다. 이 경우 단순한 포인터 이동 규칙만으로는 정답을 놓칠 수 있습니다. 면접에서는 이런 상황에서 누적합과 해시 같은 대안을 아는지도 자주 봅니다.		O	FALSE	X	TRUE					dsa	two_pointers		
Q128	바텀업 DP(Bottom Up DP)		Data Structure & Algorithm - 기타 알고리즘	44	OX	EASY	DP는 반드시 재귀로만 구현할 수 있고 반복문으로는 구현할 수 없다.	DP는 재귀 기반의 탑다운 방식과 반복문 기반의 바텀업 방식이 모두 가능합니다. 바텀업은 작은 문제부터 큰 문제로 테이블을 채우는 방식입니다. 참조하는 이전 상태가 이미 계산되어 있도록 채우는 순서가 핵심입니다. 재귀를 쓰지 않기 때문에 스택 오버플로우 위험이 줄어드는 장점도 있습니다. 면접에서는 탑다운과 바텀업의 차이와 장단점을 비교해 설명할 수 있어야 합니다.		O	FALSE	X	TRUE					dsa	dp		
Q129	교환 논증(Exchange Argument)		Data Structure & Algorithm - 기타 알고리즘	44	OX	EASY	그리디 알고리즘이 최적임을 보일 때 교환 논증은 자주 쓰이는 증명 방법 중 하나다.	교환 논증은 어떤 최적해가 그리디 선택을 포함하도록 바꿀 수 있음을 보이는 방식입니다. 그리디 선택을 포함하지 않는 최적해가 있더라도, 일부 요소를 교환해도 최적성이 유지됨을 보여줍니다. 이렇게 하면 그리디 선택이 안전하다는 결론을 얻을 수 있습니다. 면접에서는 교환 논증의 흐름을 말로 설명할 수 있는지 확인합니다. 실무에서는 엄밀한 증명까지는 아니어도 반례를 줄이는 논리로 매우 유용합니다.		O	TRUE	X	FALSE					dsa	greedy		
Q130	투 포인터 합 탐색(Two Sum Two Pointers)		Data Structure & Algorithm - 기타 알고리즘	44	OX	EASY	정렬된 배열에서 두 수의 합을 찾을 때, 합이 너무 크면 보통 오른쪽 포인터를 왼쪽으로 이동시킨다.	정렬된 배열에서는 왼쪽 값이 작고 오른쪽 값이 큽니다. 두 수의 합이 목표보다 크면 큰 값을 줄여야 하므로 오른쪽 포인터를 줄이는 것이 자연스럽습니다. 반대로 합이 작으면 왼쪽 포인터를 늘려 합을 키웁니다. 이 규칙은 정렬된 상태에서만 안정적으로 성립합니다. 면접에서는 왜 이 규칙이 정답을 놓치지 않는지 단조성 관점으로 설명하라고 합니다.		O	TRUE	X	FALSE					dsa	two_pointers		
Q131	최장 공통 부분 수열(LCS)		Data Structure & Algorithm - 기타 알고리즘	44	OX	EASY	LCS는 대표적인 DP 문제로, 두 문자열의 접두사 조합을 상태로 두고 답을 누적해 구할 수 있다.	LCS는 두 문자열에서 순서를 유지하며 공통으로 선택할 수 있는 최대 길이를 구합니다. 보통 dp[i][j]를 첫 문자열 i까지와 두 번째 문자열 j까지의 LCS 길이로 정의합니다. 문자가 같으면 대각선 값에 1을 더하고, 다르면 위나 왼쪽 중 큰 값을 가져옵니다. 상태 정의와 전이가 자연스럽게 연결되는 대표 문제입니다. 실무에서는 인덱스 기준과 초기 행 열 처리에서 실수가 잦아 주의가 필요합니다.		O	TRUE	X	FALSE					dsa	dp		
Q132	활동 선택(Activity Selection)		Data Structure & Algorithm - 기타 알고리즘	44	OX	EASY	겹치지 않는 회의를 최대한 많이 고르는 문제는 시작 시간이 빠른 순으로 정렬해서 고르면 항상 최적이다.	이 문제의 대표 정답은 보통 종료 시간이 빠른 순으로 정렬하는 그리디입니다. 종료 시간이 빠른 회의를 먼저 선택하면 이후에 더 많은 회의를 배치할 여지가 커집니다. 시작 시간이 빠른 순 정렬은 반례가 쉽게 만들어집니다. 예를 들어 시작은 빠르지만 매우 길게 차지하는 회의를 먼저 고르면 다른 회의를 많이 놓칠 수 있습니다. 면접에서는 종료 시간 기준이 왜 안전한지 교환 논증으로 설명하는 질문이 자주 나옵니다.		O	FALSE	X	TRUE					dsa	greedy		
Q133	DP 상태 정의(DP State)		Data Structure & Algorithm - 기타 알고리즘	44	OX	EASY	DP는 상태를 어떻게 정의하느냐가 매우 중요하며 상태 정의가 틀리면 정답을 보장하기 어렵다.	DP는 문제를 작은 부분 문제로 쪼개고 그 결과를 재사용합니다. 이때 상태는 부분 문제를 유일하게 식별할 수 있어야 합니다. 상태가 부족하면 서로 다른 상황을 같은 상태로 취급해 오답이 됩니다. 반대로 상태가 과도하면 상태 수가 폭발해 시간과 메모리가 부족해질 수 있습니다. 면접에서는 상태와 전이를 명확히 말할 수 있는지가 핵심 평가 포인트입니다.		O	TRUE	X	FALSE					dsa	dp		
Q134	정렬된 배열 투 포인터(Sorted Two Pointers)		Data Structure & Algorithm - 기타 알고리즘	44	OX	EASY	정렬된 배열에서 투 포인터로 한 번 스캔하는 탐색은 일반적으로 각 포인터가 한 번씩만 이동해 O(n)에 가깝게 수행된다.	정렬된 배열에서는 포인터 이동 규칙이 단조적이라 뒤로 돌아갈 필요가 없습니다. 왼쪽 포인터는 보통 오른쪽으로만, 오른쪽 포인터는 보통 왼쪽으로만 움직입니다. 그래서 각 포인터는 최대 n번 이동하고 전체가 선형에 가깝습니다. 물론 정렬이 필요하면 전체 복잡도는 정렬 비용까지 포함해야 합니다. 면접에서는 탐색 O(n)과 정렬 O(n log n)을 구분해 말할 수 있어야 합니다.		O	TRUE	X	FALSE					dsa	two_pointers		
Q135	지역 최적 선택(Local Optimal Choice)		Data Structure & Algorithm - 기타 알고리즘	44	OX	EASY	그리디는 매 단계에서 지역적으로 최선인 선택을 하고, 보통 선택을 되돌리지 않는 방식으로 진행된다.	그리디는 현재 단계에서 가장 좋아 보이는 결정을 즉시 확정하는 방식이 많습니다. 그래서 되돌리기나 백트래킹을 기본 전제로 하지 않습니다. 대신 선택이 안전하다는 정당화가 있어야 최적해를 보장할 수 있습니다. 정당화가 없으면 반례가 생길 수 있어 문제 구조 확인이 중요합니다. 면접에서는 그리디의 정의와 DP와의 차이를 함께 설명하라고 자주 묻습니다.		O	TRUE	X	FALSE					dsa	greedy		
Q136	메모이제이션과 테이블레이션(Memoization vs Tabulation)		Data Structure & Algorithm - 기타 알고리즘	44	OX	EASY	메모이제이션과 테이블레이션은 완전히 동일한 방식이라 구현과 동작에 차이가 없다.	둘 다 DP에서 중복 계산을 줄인다는 목적은 같습니다. 하지만 메모이제이션은 보통 재귀 기반으로 필요한 상태만 계산하는 탑다운 방식입니다. 테이블레이션은 반복문으로 작은 상태부터 채우는 바텀업 방식이 일반적입니다. 메모리 사용 패턴, 계산 순서, 스택 사용 여부가 달라질 수 있습니다. 실무에서는 입력 크기나 재귀 제한에 따라 어떤 방식을 선택할지 판단해야 합니다.		O	FALSE	X	TRUE					dsa	dp		
Q137	무한 배낭(Unbounded Knapsack)		Data Structure & Algorithm - 기타 알고리즘	44	OX	EASY	무한 배낭을 1차원 DP로 구현할 때 무게 인덱스를 큰 값에서 작은 값으로 역순 순회해야 같은 아이템을 여러 번 쓸 수 있다.	무한 배낭은 같은 아이템을 여러 번 사용할 수 있습니다. 이를 1차원 DP로 구현할 때는 보통 무게를 작은 값에서 큰 값으로 정순 순회합니다. 그래야 같은 아이템을 같은 라운드에서 반복해서 사용하는 효과가 반영됩니다. 반대로 역순 순회는 0-1 배낭에서 중복 사용을 막기 위해 쓰이는 패턴입니다. 면접에서는 0-1과 무한 배낭의 순회 방향이 반대라는 점이 단골 질문입니다.		O	FALSE	X	TRUE					dsa	dp		
Q138	슬라이딩 윈도우 적용 조건(Window Condition)		Data Structure & Algorithm - 기타 알고리즘	44	OX	EASY	투 포인터는 반드시 배열이 정렬되어 있어야만 사용할 수 있다.	투 포인터는 정렬된 배열에서 매우 자주 쓰이지만 정렬이 필수는 아닙니다. 예를 들어 슬라이딩 윈도우는 정렬과 무관하게 구간을 이동하며 조건을 관리합니다. 핵심은 정렬이 아니라 포인터 이동 규칙이 정답을 보장하는 성질을 가지는지입니다. 정렬이 필요한 유형은 합 비교처럼 값의 크기 관계를 이용할 때가 많습니다. 면접에서는 정렬이 필요한 투 포인터와 필요 없는 투 포인터를 구분해 설명하는지를 봅니다.		O	FALSE	X	TRUE					dsa	two_pointers		
Q139	최적 부분 구조(Optimal Substructure)		Data Structure & Algorithm - 기타 알고리즘	44	OX	EASY	많은 DP 문제는 최적 부분 구조 성질을 가져서 부분 문제의 최적해로 전체 최적해를 구성할 수 있다.	최적 부분 구조는 DP 성립의 중요한 조건입니다. 전체 문제의 최적해가 부분 문제들의 최적해로부터 만들어질 수 있어야 합니다. 이 성질이 없으면 DP로 누적해도 최적해를 보장하기 어렵습니다. 또한 겹치는 부분 문제가 있으면 메모이제이션이나 테이블레이션의 효과가 커집니다. 면접에서는 최적 부분 구조와 겹치는 부분 문제를 함께 설명하라고 자주 묻습니다.		O	TRUE	X	FALSE					dsa	dp		
Q140	그리디 정당화(Greedy Proof)		Data Structure & Algorithm - 기타 알고리즘	44	OX	EASY	그리디는 랜덤 테스트를 많이 통과하면 정당화가 없어도 항상 최적이라고 결론 내릴 수 있다.	테스트를 많이 하는 것은 버그를 줄이는 데 도움이 됩니다. 하지만 테스트 통과만으로 알고리즘이 항상 최적이라고 증명되지는 않습니다. 그리디는 특히 작은 반례 하나로도 깨질 수 있어서 정당화가 중요합니다. 교환 논증이나 컷 속성처럼 선택이 안전하다는 근거가 필요합니다. 면접에서는 단순 경험이 아니라 논리로 최적성을 설명할 수 있는지를 평가합니다.		O	FALSE	X	TRUE					dsa	greedy		
Q141	피보나치 DP(Fibonacci DP)		Data Structure & Algorithm - 기타 알고리즘	44	OX	EASY	피보나치 수열은 dp[i] = dp[i-1] + dp[i-2] 형태의 점화식으로 DP로 계산할 수 있다.	피보나치 수열은 DP를 설명할 때 가장 많이 쓰이는 예시입니다. 같은 값이 반복 계산되는 겹치는 부분 문제가 존재합니다. 점화식이 단순해서 탑다운 메모이제이션이나 바텀업 테이블레이션 모두 적용 가능합니다. 면접에서는 재귀만 쓰면 왜 느린지, DP로 어떻게 개선되는지 설명하라는 질문이 자주 나옵니다. 실무에서는 이 예시를 통해 상태 정의와 전이, 초기값의 중요성을 함께 익히면 좋습니다.		O	TRUE	X	FALSE					dsa	dp		
Q142	최장 증가 부분 수열(LIS)		Data Structure & Algorithm - 기타 알고리즘	44	OX	EASY	LIS는 항상 투 포인터만으로 O(n)에 풀 수 있다.	LIS는 대표적인 DP 문제이며, 기본 해법은 O(n^2) DP입니다. 더 빠른 O(n log n) 해법도 있지만, 이는 이분 탐색과 배열 관리로 해결합니다. 투 포인터만으로 일반적인 LIS를 항상 O(n)에 푸는 것은 어렵습니다. 면접에서는 O(n^2) DP와 O(n log n) 풀이의 차이를 설명할 수 있는지 확인합니다. 실무에서는 입력 크기에 따라 어떤 풀이를 선택할지 판단하는 능력이 중요합니다.		O	FALSE	X	TRUE					dsa	dp		
Q143	그리디 선택(Greedy Choice Property)		Data Structure & Algorithm - 기타 알고리즘	44	OX	EASY	그리디가 최적해를 보장하려면 그리디 선택 속성 같은 정당화 조건이 필요하다.	그리디 선택 속성은 현재의 선택이 이후 선택에 영향을 주더라도 최적해를 깨지 않는다는 성질입니다. 이 성질이 있으면 매 단계의 선택을 확정해도 안전합니다. 면접에서는 이 성질을 말로 풀어 설명할 수 있는지, 그리고 예시 문제를 들 수 있는지 자주 봅니다. 실무에서는 문제를 보자마자 그리디로 밀어붙이기보다, 정당화가 가능한지 먼저 점검해야 합니다. 반례가 쉽게 나오면 DP나 다른 방법으로 전환하는 것이 안전합니다.		O	TRUE	X	FALSE					dsa	greedy		
Q144	투 포인터 시작 조건(Two Pointers Init)		Data Structure & Algorithm - 기타 알고리즘	44	OX	EASY	양끝에서 좁혀오는 투 포인터는 보통 왼쪽 포인터는 0, 오른쪽 포인터는 n-1에서 시작한다.	양끝 투 포인터는 정렬된 배열에서 합을 맞추거나, 팰린드롬 검사처럼 양끝을 비교할 때 사용됩니다. 보통 가장 바깥쪽부터 시작해 안쪽으로 이동합니다. 이때 초기 위치는 0과 n-1이 자연스럽습니다. 면접에서는 어떤 문제에서 이 패턴이 성립하는지 예시를 들어 설명하라고 할 수 있습니다. 실무에서는 인덱스 범위 오류를 피하기 위해 시작값을 명확히 두는 것이 중요합니다.		O	TRUE	X	FALSE					dsa	two_pointers		
Q145	DP 초기값(Base Case)		Data Structure & Algorithm - 기타 알고리즘	44	OX	EASY	DP에서 초기값을 잘못 두면 전이가 맞아도 전체 답이 틀릴 수 있다.	DP는 이전 상태를 기반으로 다음 상태를 계산합니다. 그래서 시작점이 되는 초기값이 매우 중요합니다. 초기값이 틀리면 이후 값들이 연쇄적으로 잘못됩니다. 면접에서는 base case를 어떻게 잡았는지, 왜 그 값이 맞는지 설명을 요구합니다. 실무에서는 빈 배열, 길이 1, 경계 i=0이나 j=0 같은 케이스에서 버그가 많이 발생합니다.		O	TRUE	X	FALSE					dsa	dp		
Q146	최소 회의실 수(Meeting Rooms II)		Data Structure & Algorithm - 기타 알고리즘	44	OX	EASY	최소 회의실 수 문제는 종료 시간이 가장 빠른 방부터 재사용하는 방식으로 해결할 수 있다.	이 문제는 시작 시간을 정렬한 뒤, 가장 빨리 끝나는 회의가 들어 있는 방을 먼저 확인합니다. 새 회의가 그 방의 종료 시간 이후에 시작하면 같은 방을 재사용할 수 있습니다. 이를 효율적으로 관리하기 위해 종료 시간을 최소 힙으로 두는 방식이 흔합니다. 면접에서는 왜 가장 빨리 끝나는 방을 보는 게 안전한지 설명할 수 있어야 합니다. 실무에서는 리소스 풀링과 동시성 계산 문제로 확장되는 사고가 도움이 됩니다.		O	TRUE	X	FALSE					dsa	greedy		
Q147	투 포인터와 중복 제거(Duplicate Skip)		Data Structure & Algorithm - 기타 알고리즘	44	OX	EASY	3Sum 같은 문제에서 정렬 후 투 포인터를 쓸 때, 중복 값을 스킵하지 않으면 같은 조합이 여러 번 결과로 나올 수 있다.	3Sum은 정렬 후 한 값을 고정하고 나머지 두 값을 투 포인터로 찾는 방식이 흔합니다. 이때 같은 값이 연속으로 있으면 동일한 조합이 반복해서 만들어질 수 있습니다. 그래서 포인터 이동 시 같은 값을 건너뛰는 중복 제거가 필요합니다. 면접에서는 중복 제거 로직이 정확히 어디에 들어가야 하는지 자주 묻습니다. 실무에서는 중복 처리 누락이 정답 오염과 성능 저하를 동시에 유발합니다.		O	TRUE	X	FALSE					dsa	two_pointers		
Q148	그리디 정렬 기준(Sort Key)		Data Structure & Algorithm - 기타 알고리즘	44	OX	EASY	그리디 문제에서는 정렬 기준을 어떻게 잡아도 항상 같은 결과가 나온다.	그리디는 정렬 기준이 곧 알고리즘의 핵심인 경우가 많습니다. 예를 들어 활동 선택은 종료 시간, 최소 회의실 수는 시작 시간 정렬 후 종료 시간 힙 관리처럼 기준이 정답을 좌우합니다. 기준이 잘못되면 쉽게 반례가 생깁니다. 면접에서는 왜 그 기준이 맞는지, 다른 기준이 왜 틀리는지 설명을 요구합니다. 실무에서도 요구 목적이 무엇인지에 따라 기준을 정확히 잡아야 합니다.		O	FALSE	X	TRUE					dsa	greedy		
Q149	투 포인터와 정렬 필요성		Data Structure & Algorithm - 기타 알고리즘	44	OX	EASY	정렬된 배열에서 두 수의 합을 찾는 투 포인터는 정렬이 되어 있어야 합 비교로 포인터 이동이 의미가 있다.	정렬이 되어 있어야 왼쪽을 늘리면 값이 커지고, 오른쪽을 줄이면 값이 작아진다는 단조성이 생깁니다. 이 단조성이 있어야 합이 크면 오른쪽을 줄이고, 합이 작으면 왼쪽을 늘리는 규칙이 정당화됩니다. 정렬이 없으면 이런 이동 규칙이 정답을 놓칠 수 있습니다. 면접에서는 정렬 기반 투 포인터의 전제 조건을 정확히 말할 수 있어야 합니다. 실무에서는 정렬 비용까지 포함한 전체 복잡도도 함께 고려합니다.		O	TRUE	X	FALSE					dsa	two_pointers		
Q150	DP와 완전 탐색(Brute Force)		Data Structure & Algorithm - 기타 알고리즘	44	OX	EASY	DP는 완전 탐색의 모든 경우를 그대로 계산하는 것이라 시간 최적화와는 무관하다.	DP는 모든 경우를 ‘그대로’ 계산하는 것이 아니라, 중복되는 부분 문제를 한 번만 계산해 재사용하는 것이 핵심입니다. 그래서 완전 탐색에 비해 시간 복잡도가 크게 개선되는 경우가 많습니다. 겹치는 부분 문제가 없으면 DP의 이점이 줄어들 수는 있습니다. 면접에서는 DP가 어떤 조건에서 유리한지, 그리고 왜 빨라지는지 설명을 요구합니다. 실무에서는 중복 계산 구조를 발견하는 능력이 DP 적용의 출발점입니다.		O	FALSE	X	TRUE					dsa	dp		
Q151	그리디와 최적 부분 구조		Data Structure & Algorithm - 기타 알고리즘	44	OX	EASY	그리디는 최적 부분 구조만 만족하면 항상 최적해를 보장한다.	최적 부분 구조는 DP에서 중요한 성질이지만, 그리디의 충분조건은 아닙니다. 그리디는 추가로 그리디 선택 속성 같은 “현재 선택이 안전하다”는 조건이 필요합니다. 최적 부분 구조만으로는 그 순간의 선택이 전체 최적을 보장하지 못하는 문제가 많습니다. 면접에서는 그리디와 DP의 성질을 구분해서 말할 수 있는지 확인합니다. 실무에서는 이 구분이 알고리즘 선택의 핵심입니다.		O	FALSE	X	TRUE					dsa	greedy		
Q152	슬라이딩 윈도우 합(Sum Window)		Data Structure & Algorithm - 기타 알고리즘	44	OX	EASY	모든 원소가 양수인 배열에서 합이 S 이상이 되는 최소 길이 부분 배열은 슬라이딩 윈도우로 O(n)에 구할 수 있다.	모든 원소가 양수면 윈도우를 확장하면 합이 증가하는 단조성이 생깁니다. 그래서 합이 S 이상이면 왼쪽을 줄여 더 짧게 만들 수 있고, 합이 작으면 오른쪽을 늘립니다. 각 포인터가 한 번씩만 움직이므로 전체가 선형에 가깝습니다. 면접에서는 “양수 조건이 왜 필요한지”가 단골 질문입니다. 실무에서는 음수가 섞이면 이 패턴이 깨져 다른 접근이 필요합니다.		O	TRUE	X	FALSE					dsa	two_pointers		
Q153	DP 캐시 키 설계(Cache Key)		Data Structure & Algorithm - 기타 알고리즘	44	OX	EASY	메모이제이션에서 캐시 키는 상태를 유일하게 구분할 수 있도록 구성해야 한다.	메모이제이션은 동일 상태에 대해 동일 결과가 나온다는 가정 위에서 성립합니다. 그래서 캐시 키가 상태를 정확히 표현해야 합니다. 키에 필요한 변수를 빠뜨리면 서로 다른 상황을 같은 상태로 취급해 오답이 발생합니다. 반대로 필요 없는 변수를 넣으면 상태 수가 불필요하게 커져 메모리 낭비가 생깁니다. 면접에서는 어떤 변수가 상태에 포함돼야 하는지 논리적으로 설명하라고 합니다.		O	TRUE	X	FALSE					dsa	dp		
Q154	그리디 반례(Counterexample)		Data Structure & Algorithm - 기타 알고리즘	44	OX	EASY	그리디 알고리즘을 설계할 때 반례를 찾는 과정은 정당화 여부를 확인하는 데 도움이 된다.	그리디는 작은 반례 하나로도 깨질 수 있습니다. 그래서 설계 단계에서 반례를 만들어보는 것이 매우 중요합니다. 반례가 쉽게 나오면 정렬 기준이나 선택 규칙이 잘못된 가능성이 큽니다. 면접에서는 반례를 스스로 만들어보고 수정할 수 있는지로 실전 감각을 봅니다. 실무에서도 테스트 케이스 설계 능력이 곧 알고리즘 신뢰도를 높입니다.		O	TRUE	X	FALSE					dsa	greedy		
Q155	투 포인터와 카운팅		Data Structure & Algorithm - 기타 알고리즘	44	OX	EASY	정렬된 배열에서 합이 K 이하인 쌍의 개수를 셀 때, 특정 i에 대해 조건을 만족하는 최대 j를 찾으면 그 이하의 인덱스는 한 번에 카운트할 수 있다.	정렬되어 있으면 arr[i] + arr[j]가 K 이하인 j의 범위가 연속 구간이 됩니다. 그래서 최대 j를 찾으면 (i, i+1)부터 (i, j)까지를 한 번에 더할 수 있습니다. 이 아이디어로 전체를 선형에 가깝게 카운팅할 수 있습니다. 면접에서는 왜 연속 구간이 되는지 단조성으로 설명하라고 합니다. 실무에서는 이 패턴이 “조건 만족 개수 카운팅” 문제에서 매우 자주 재사용됩니다.		O	TRUE	X	FALSE					dsa	two_pointers		
Q156	DP 테이블 채우기 순서		Data Structure & Algorithm - 기타 알고리즘	44	OX	EASY	바텀업 DP는 참조하는 이전 상태가 먼저 계산되도록 테이블을 채우는 순서가 중요하다.	바텀업 DP는 반복문으로 테이블을 채웁니다. 이때 dp[i]가 dp[i-1]을 참조하면 i는 증가 순으로 채워야 합니다. 구간 DP라면 길이 증가 순으로 채워야 대각선 방향 참조가 안전합니다. 면접에서는 “채우는 순서가 왜 정답에 영향을 주는지”를 자주 묻습니다. 실무에서는 순서가 틀리면 값이 0이나 초기값으로 남아 오답이 되는 경우가 많습니다.		O	TRUE	X	FALSE					dsa	dp		
Q157	그리디 vs DP 선택 기준		Data Structure & Algorithm - 기타 알고리즘	44	OX	EASY	그리디가 실패하는 반례가 존재한다면, 그 문제는 반드시 DP로만 풀 수 있다.	그리디가 실패한다고 해서 DP만 가능한 것은 아닙니다. 분할 정복, 그래프 알고리즘, 이분 탐색, 자료구조를 이용한 최적화 등 다양한 방법이 있을 수 있습니다. 물론 DP가 유력한 대안인 경우가 많지만, 문제 구조에 따라 다른 해법이 더 적합할 수 있습니다. 면접에서는 대안을 폭넓게 떠올릴 수 있는지도 평가합니다. 실무에서도 시간 제한과 구현 난이도, 정확성 요구에 따라 선택지가 달라집니다.		O	FALSE	X	TRUE					dsa	greedy	dp	
Q158	투 포인터 종료 조건		Data Structure & Algorithm - 기타 알고리즘	44	OX	EASY	두 포인터가 교차하면 더 이상 새로운 쌍을 만들 수 없으므로 탐색을 종료하는 것이 일반적이다.	양끝 투 포인터는 i가 j를 넘기 전까지 유효한 쌍을 만들 수 있습니다. 포인터가 교차하면 i < j인 쌍이 더 이상 존재하지 않습니다. 그래서 보통 반복 조건을 i < j로 두고 루프를 종료합니다. 면접에서는 이 종료 조건이 안전한 이유를 설명하라고 할 수 있습니다. 실무에서는 포인터 갱신 실수로 i와 j가 움직이지 않아 무한 루프가 생기지 않도록 주의해야 합니다.		O	TRUE	X	FALSE					dsa	two_pointers		
Q159	DP와 공간 최적화(Rolling Array)		Data Structure & Algorithm - 기타 알고리즘	44	OX	EASY	일부 2차원 DP는 현재 행과 이전 행만 참조한다면 롤링 배열로 메모리를 줄일 수 있다.	많은 2차원 DP는 dp[i][j]가 dp[i-1][j]나 dp[i][j-1] 같은 근처 값만 참조합니다. 이 경우 전체 테이블을 보관하지 않고 일부 행만 유지해도 계산이 가능합니다. 이를 롤링 배열이라고 부르며 메모리 최적화에 매우 유용합니다. 면접에서는 “왜 가능한지”를 참조 범위로 설명하라고 합니다. 실무에서는 메모리 제한이 빡빡할 때 필수 테크닉이지만, 업데이트 순서를 잘못 잡으면 오답이 날 수 있습니다.		O	TRUE	X	FALSE					dsa	dp		
Q160	그리디의 지역 선택		Data Structure & Algorithm - 기타 알고리즘	44	OX	EASY	그리디는 현재 단계에서 선택한 항목을 나중에 다시 바꿔도 되는 백트래킹 방식이 핵심이다.	그리디는 보통 선택을 확정하고 되돌리지 않는 방식입니다. 백트래킹은 선택을 되돌리며 탐색하는 완전 탐색 계열에 가깝습니다. 그래서 그리디의 핵심은 “안전한 선택을 즉시 확정하는 것”입니다. 면접에서는 그리디와 백트래킹의 차이를 명확히 구분하는지 자주 봅니다. 실무에서도 문제 성질에 맞지 않게 그리디로 풀다가 사실상 백트래킹이 되어버리는 실수를 조심해야 합니다.		O	FALSE	X	TRUE					dsa	greedy		
Q161	DP 상태 전이(Transition)		Data Structure & Algorithm - 기타 알고리즘	44	OX	MEDIUM	DP에서 같은 상태를 여러 경로로 도달할 수 있어도, 상태 정의가 올바르면 최종 dp 값은 모순 없이 하나로 결정된다.	DP는 상태가 부분 문제를 유일하게 식별하도록 정의되면, 어떤 경로로 그 상태에 도달했는지와 무관하게 답이 일관됩니다. 여러 전이가 존재하면 보통 min 또는 max 같은 연산으로 가장 좋은 값을 선택합니다. 중요한 것은 전이가 상태의 의미를 깨지 않도록 설계되어야 한다는 점입니다. 면접에서는 상태가 무엇을 의미하는지 먼저 말하고, 그 의미가 전이 후에도 유지되는지를 확인합니다. 실무에서는 상태 의미가 흐려지면 캐시 재사용이 잘못되어 오답이 나는 경우가 많습니다.		O	TRUE	X	FALSE					dsa	dp		
Q162	그리디 정당화(Greedy Proof)		Data Structure & Algorithm - 기타 알고리즘	44	OX	MEDIUM	크루스칼 알고리즘은 간선을 가중치 내림차순으로 선택해도 최소 신장 트리를 항상 만들 수 있다.	크루스칼은 가중치 오름차순으로 간선을 선택하면서 사이클만 피하는 방식입니다. 내림차순으로 선택하면 큰 간선을 먼저 넣게 되어 최소 신장 트리가 깨질 수 있습니다. 최소 신장 트리의 핵심 정당화는 컷을 가로지르는 최소 간선이 안전하다는 컷 속성에 있습니다. 그 안전 간선을 찾기 위해 오름차순 정렬이 사용되는 것입니다. 면접에서는 정렬 방향이 왜 중요한지, 간단한 반례를 들어 설명하는지를 자주 봅니다.		O	FALSE	X	TRUE					dsa	greedy		
Q163	슬라이딩 윈도우 불변식(Sliding Window Invariant)		Data Structure & Algorithm - 기타 알고리즘	44	OX	MEDIUM	atMost K 조건으로 부분 배열 개수를 세는 투 포인터에서는, 오른쪽 r을 고정했을 때 r-l+1을 누적하는 방식이 성립한다.	조건이 최대 K개처럼 단조적으로 유지되는 경우, l은 r이 증가할수록 뒤로만 움직입니다. 어떤 r에서 조건을 만족하는 최소 l을 찾으면, l부터 r까지 시작점을 바꾸는 모든 부분 배열이 조건을 만족합니다. 그래서 그 개수는 r-l+1이 됩니다. 이 아이디어 덕분에 이중 루프 카운팅을 선형 시간에 가깝게 줄일 수 있습니다. 실무에서는 빈도 맵 갱신과 while 조건을 잘못 두면 카운트가 틀어지기 쉬워 주의가 필요합니다.		O	TRUE	X	FALSE					dsa	two_pointers		
Q164	0-1 배낭 순회 방향(0-1 Knapsack Loop)		Data Structure & Algorithm - 기타 알고리즘	44	OX	MEDIUM	0-1 배낭을 1차원 dp로 구현할 때 무게를 작은 값에서 큰 값으로 정순 순회해야 아이템을 중복 사용하지 않는다.	0-1 배낭은 각 아이템을 최대 한 번만 써야 합니다. 1차원 dp에서 정순으로 돌면 같은 아이템을 같은 라운드에서 여러 번 사용한 것처럼 갱신이 일어날 수 있습니다. 그래서 보통 무게를 큰 값에서 작은 값으로 역순 순회합니다. 역순으로 순회하면 현재 아이템을 적용하기 전의 dp 값이 보존되어 중복 사용이 막힙니다. 면접에서는 0-1과 무한 배낭의 순회 방향이 왜 반대인지 설명하는 문제가 자주 나옵니다.		O	FALSE	X	TRUE					dsa	dp		
Q165	활동 선택(Activity Selection)		Data Structure & Algorithm - 기타 알고리즘	44	OX	MEDIUM	겹치지 않는 활동을 최대한 많이 선택하는 문제는 종료 시간이 빠른 순으로 고르는 그리디가 최적이다.	종료 시간이 빠른 활동을 먼저 선택하면, 이후에 배치할 수 있는 남은 시간이 최대화됩니다. 이 문제는 교환 논증으로 그리디 선택이 안전함을 보일 수 있는 대표 사례입니다. 시작 시간이 빠른 순이나 길이가 짧은 순은 반례가 쉽게 존재합니다. 면접에서는 종료 시간 기준을 왜 쓰는지, 선택 후 남는 부분 문제가 동일 구조로 유지되는지 확인합니다. 실무에서도 스케줄링 문제에서 정렬 기준을 잘못 잡으면 정답이 무너지는 경우가 많습니다.		O	TRUE	X	FALSE					dsa	greedy		
Q166	최소 윈도우 갱신 타이밍(Min Window)		Data Structure & Algorithm - 기타 알고리즘	44	OX	MEDIUM	최소 윈도우 부분 문자열 문제에서는 조건을 만족한 뒤 왼쪽을 줄이기 전에 답을 갱신하면 항상 오답이 된다.	최소 윈도우 류 문제는 조건을 만족하는 순간이 “유효 윈도우”이므로 그 시점에 답 후보를 갱신하는 것이 맞습니다. 오히려 흔한 실수는 왼쪽을 줄이면서 조건이 깨진 뒤에 갱신해서 유효했던 더 짧은 윈도우를 놓치는 것입니다. 정답 갱신은 보통 조건을 만족하는 while 루프 안에서 수행합니다. 조건을 만족한 직후 또는 축소 과정 중 매번 갱신하는 방식이 모두 가능합니다. 면접에서는 갱신 순서와 카운트 업데이트 순서를 정확히 설명하는지를 봅니다.		O	FALSE	X	TRUE					dsa	two_pointers		
Q167	LCS DP(LCS Dynamic Programming)		Data Structure & Algorithm - 기타 알고리즘	44	OX	MEDIUM	LCS 점화식에서 두 문자가 같으면 dp[i][j] = dp[i-1][j-1] + 1 로 전이하는 것이 일반적이다.	LCS는 두 문자열의 접두사 조합을 상태로 두는 대표 DP입니다. 문자가 같으면 그 문자를 공통 부분 수열에 포함할 수 있으므로 대각선 값에 1을 더합니다. 문자가 다르면 dp[i-1][j]와 dp[i][j-1] 중 큰 값을 선택합니다. 면접에서는 부분 문자열과 부분 수열의 차이를 함께 물어보는 경우가 많습니다. 실무에서는 인덱스 기준과 초기 행 열 처리에서 오프바이원 실수가 잦아 주의가 필요합니다.		O	TRUE	X	FALSE					dsa	dp		
Q168	분할 정복 DP 최적화 조건(DnC DP)		Data Structure & Algorithm - 기타 알고리즘	44	OX	MEDIUM	분할 정복 DP 최적화는 최적 분할점이 i에 대해 단조적이지 않아도 항상 적용 가능하다.	분할 정복 DP 최적화는 최적 분할점 opt[i]가 i가 증가할수록 단조적으로 움직인다는 전제가 핵심입니다. 이 단조성이 있어야 탐색 범위를 재귀적으로 좁혀도 정답을 놓치지 않습니다. 단조성이 없으면 최적 분할점이 왔다 갔다 하면서 범위 축소가 깨질 수 있습니다. 그래서 무작정 적용하면 오답이 될 위험이 큽니다. 면접에서는 단조성 조건을 정확히 말할 수 있는지를 중요하게 봅니다.		O	FALSE	X	TRUE					dsa	dp		
Q169	분수 배낭(Fractional Knapsack)		Data Structure & Algorithm - 기타 알고리즘	44	OX	MEDIUM	분수 배낭 문제는 가치 대비 무게 비율이 큰 순으로 담는 그리디가 최적이다.	분수 배낭은 아이템을 쪼개서 담을 수 있어, 남은 용량에 비율대로 일부를 넣는 것이 가능합니다. 이때 가치 대비 무게 비율이 높은 것부터 채우면 항상 최적이 됩니다. 정렬 기준이 명확하고 교환 논증으로 정당화할 수 있습니다. 0-1 배낭처럼 쪼갤 수 없는 경우에는 같은 전략이 실패할 수 있습니다. 면접에서는 분수 배낭과 0-1 배낭의 차이를 반드시 구분해서 설명해야 합니다.		O	TRUE	X	FALSE					dsa	greedy		
Q170	투 포인터와 음수 포함(When Negatives Exist)		Data Structure & Algorithm - 기타 알고리즘	44	OX	MEDIUM	음수가 포함된 배열에서도 합이 K가 되는 부분 배열 개수는 투 포인터만으로 항상 O(n)에 셀 수 있다.	음수가 있으면 윈도우를 확장해도 합이 줄어들 수 있고, 축소해도 합이 늘어날 수 있습니다. 이런 상황에서는 포인터 이동 규칙이 단조성을 잃어 정답을 놓칠 수 있습니다. 그래서 개수 카운팅은 누적합과 해시맵으로 prefixSum 차이를 세는 방식이 일반적입니다. 물론 특별한 제약이 있으면 투 포인터가 가능할 수도 있지만, “항상 가능”하다고 말하면 틀립니다. 면접에서는 음수 때문에 슬라이딩 윈도우가 깨지는 이유를 정확히 설명하라고 자주 묻습니다.		O	FALSE	X	TRUE					dsa	two_pointers		
Q171	편집 거리(Edit Distance)		Data Structure & Algorithm - 기타 알고리즘	44	OX	MEDIUM	편집 거리 DP에서 문자가 같으면 보통 치환 비용 없이 dp[i-1][j-1]을 그대로 가져오는 전이가 사용된다.	편집 거리는 삽입, 삭제, 치환 비용으로 두 문자열을 맞추는 문제입니다. 문자가 같으면 치환을 할 필요가 없으므로 대각선 값 dp[i-1][j-1]을 그대로 쓰는 전이가 자연스럽습니다. 문자가 다르면 삽입, 삭제, 치환 중 최소를 선택합니다. 면접에서는 이 세 연산이 각각 어떤 상태 전이를 의미하는지 설명하는 질문이 자주 나옵니다. 실무에서는 인덱스 정의와 초기값 설정이 복잡해서 경계 케이스 테스트가 중요합니다.		O	TRUE	X	FALSE					dsa	dp		
Q172	허프만 코딩(Huffman Coding)		Data Structure & Algorithm - 기타 알고리즘	44	OX	MEDIUM	허프만 코딩은 가장 큰 빈도의 두 문자를 반복해서 합치는 그리디로 최적 접두 코드 길이를 만든다.	허프만 코딩은 가장 작은 빈도의 두 노드를 반복해서 합치는 방식입니다. 작은 것부터 합치면 낮은 빈도에 긴 코드가 배정되고, 높은 빈도에 짧은 코드가 배정되어 평균 길이가 최소화됩니다. 큰 빈도부터 합치면 정반대 효과가 나서 최적성이 깨집니다. 보통 최소 힙으로 가장 작은 두 개를 빠르게 뽑아 구현합니다. 면접에서는 왜 작은 것부터 합쳐야 하는지 교환 논증 관점으로 설명하라고 합니다.		O	FALSE	X	TRUE					dsa	greedy		
Q173	정확히 K개 종류(Exactly K Distinct)		Data Structure & Algorithm - 기타 알고리즘	44	OX	MEDIUM	서로 다른 원소가 정확히 K개인 부분 배열의 개수는 atMost(K) - atMost(K-1)로 구할 수 있다.	정확히 K개는 직접 세기 까다롭지만, 최대 K개는 투 포인터로 세기 쉬운 경우가 많습니다. 최대 K개인 부분 배열 수에서 최대 K-1개인 부분 배열 수를 빼면 정확히 K개가 남습니다. 이때 두 집합이 중복 없이 포함 관계로 분해되는 것이 핵심입니다. 면접에서는 왜 빼기가 성립하는지, 중복 카운트가 없는지 설명하는 질문이 자주 나옵니다. 실무에서는 이 트릭이 카운팅 문제에서 매우 강력하지만, “최대” 조건이 투 포인터로 계산 가능한 단조 조건인지 먼저 확인해야 합니다.		O	TRUE	X	FALSE					dsa	two_pointers		
Q174	그리디의 안전 선택(Safe Choice)		Data Structure & Algorithm - 기타 알고리즘	44	OX	MEDIUM	그리디에서 안전한 선택이란, 그 선택을 포함하는 최적해가 반드시 유일하게 존재한다는 뜻이다.	안전한 선택은 “그 선택을 포함하는 최적해가 적어도 하나 존재한다”는 의미에 가깝습니다. 즉, 그 선택을 고정해도 최적성을 잃지 않는다는 성질입니다. 최적해가 유일할 필요는 없고, 여러 최적해가 존재할 수 있습니다. 면접에서는 안전 선택의 정의를 정확히 구분해 설명하는지 확인합니다. 실무에서는 유일성에 집착하기보다, 선택을 고정해도 최적해가 남는지를 증명하는 논리가 더 중요합니다.		O	FALSE	X	TRUE					dsa	greedy		
Q175	롤링 배열(Rolling Array)		Data Structure & Algorithm - 기타 알고리즘	44	OX	MEDIUM	dp[i][j]가 오직 dp[i-1][j]와 dp[i][j-1] 같은 근처 값만 참조한다면, 전체 2차원 테이블 없이도 일부 행만으로 계산이 가능하다.	많은 2차원 DP는 참조 범위가 제한되어 있어 전체 테이블이 필요하지 않습니다. 예를 들어 i행을 계산할 때 이전 행과 현재 행 일부만 있으면 충분한 경우가 많습니다. 이런 상황에서는 롤링 배열로 메모리를 크게 줄일 수 있습니다. 면접에서는 “왜 가능한지”를 참조 의존성으로 설명하라고 합니다. 실무에서는 메모리 제한이 빡빡할 때 매우 유용하지만, 업데이트 순서를 잘못 잡으면 현재 행 값이 덮여 오답이 될 수 있습니다.		O	TRUE	X	FALSE					dsa	dp		
Q176	투 포인터의 정렬 전제		Data Structure & Algorithm - 기타 알고리즘	44	OX	MEDIUM	두 수의 합을 찾는 양끝 투 포인터는 배열이 정렬되어 있지 않아도 동일한 이동 규칙으로 항상 정답을 찾을 수 있다.	양끝 투 포인터의 이동 규칙은 정렬로부터 오는 단조성을 전제로 합니다. 정렬되어 있어야 왼쪽을 늘리면 값이 커지고, 오른쪽을 줄이면 값이 작아진다는 보장이 생깁니다. 정렬이 없으면 합이 크거나 작을 때 어떤 포인터를 움직여야 하는지 판단 근거가 없습니다. 그래서 같은 규칙을 적용하면 정답을 놓칠 수 있습니다. 면접에서는 “정렬이 필요한 투 포인터”와 “정렬이 필요 없는 슬라이딩 윈도우”를 구분해 설명할 수 있어야 합니다.		O	FALSE	X	TRUE					dsa	two_pointers		
Q177	가중치 구간 스케줄링(Weighted Interval Scheduling)		Data Structure & Algorithm - 기타 알고리즘	44	OX	MEDIUM	가중치가 있는 구간 스케줄링은 종료 시간이 빠른 순으로 고르는 그리디로 항상 최적 가치를 얻는다.	가중치가 있으면 짧고 빨리 끝나는 구간을 고르는 것이 가치 합 최적과 일치하지 않을 수 있습니다. 작은 가치의 구간을 먼저 선택하면 이후 큰 가치를 가진 구간 조합을 놓칠 수 있습니다. 이 문제는 보통 dp[i] = max(dp[i-1], value[i] + dp[p(i)]) 같은 DP로 해결합니다. p(i)를 이분 탐색으로 찾는 전형 패턴도 함께 자주 출제됩니다. 면접에서는 그리디가 깨지는 반례를 만들 수 있는지로 이해도를 확인합니다.		O	FALSE	X	TRUE					dsa	greedy	dp	
Q178	동전 교환 DP(Coin Change DP)		Data Structure & Algorithm - 기타 알고리즘	44	OX	MEDIUM	최소 동전 개수 문제를 DP로 풀 때, dp[amount]는 보통 dp[amount - coin] + 1 후보들 중 최소로 갱신한다.	최소 동전 개수 DP는 목표 금액을 작은 금액부터 쌓아가는 방식이 일반적입니다. 현재 금액에서 각 동전을 하나 사용했다고 가정하면 이전 상태는 amount - coin이 됩니다. 그래서 dp[amount]는 dp[amount - coin] + 1의 최소값으로 갱신됩니다. 초기값을 큰 값으로 두고, 도달 불가능 상태를 구분하는 처리가 중요합니다. 면접에서는 “조합 수”와 “최소 개수” DP가 점화식에서 어떻게 달라지는지도 함께 물어볼 수 있습니다.		O	TRUE	X	FALSE					dsa	dp		
Q179	그리디 적용 조건(Always Works)		Data Structure & Algorithm - 기타 알고리즘	44	OX	MEDIUM	어떤 문제가 최적 부분 구조를 가진다면 그 문제는 그리디로 풀어도 항상 최적해가 된다.	최적 부분 구조는 DP에 유리한 성질이지, 그리디의 충분조건은 아닙니다. 그리디는 “현재 선택이 안전하다”는 그리디 선택 속성 같은 추가 조건이 필요합니다. 최적 부분 구조만으로는 지역 최선 선택이 전체 최선을 보장하지 못하는 문제가 많습니다. 예를 들어 가중치 구간 스케줄링은 최적 부분 구조가 있어 DP가 가능하지만 단순 그리디는 실패합니다. 면접에서는 DP 성질과 그리디 성질을 구분해 설명하는지 자주 확인합니다.		O	FALSE	X	TRUE					dsa	greedy		
Q180	투 포인터로 중복 스킵(Duplicate Skipping)		Data Structure & Algorithm - 기타 알고리즘	44	OX	MEDIUM	3Sum에서 정렬 후 투 포인터를 사용할 때, 중복 스킵 처리가 없으면 같은 트리플이 여러 번 결과로 나올 수 있다.	3Sum은 한 값을 고정하고 나머지 두 값을 투 포인터로 찾는 방식이 흔합니다. 정렬되어 있으면 같은 값이 연속으로 등장할 수 있어 동일 조합이 반복 생성됩니다. 그래서 고정 인덱스 i에서도 중복을 건너뛰고, l과 r을 이동할 때도 같은 값을 스킵하는 로직이 필요합니다. 면접에서는 중복 스킵이 어디에서 필요한지, 스킵 순서가 왜 중요한지까지 물어보는 경우가 많습니다. 실무에서는 중복 처리 누락이 결과 중복뿐 아니라 시간 초과로도 이어질 수 있어 주의해야 합니다.		O	TRUE	X	FALSE					dsa	two_pointers		
Q181	파라메트릭 서치(Parametric Search)		Data Structure & Algorithm - 기타 알고리즘	44	OX	MEDIUM	파라메트릭 서치는 “가능 여부”가 값 X에 대해 단조적으로 변할 때 이분 탐색과 그리디 판정을 결합해 사용할 수 있다.	파라메트릭 서치는 최솟값 또는 최댓값을 찾을 때 자주 사용됩니다. 어떤 임계값 X가 주어졌을 때 “가능하다”가 참에서 거짓으로 또는 거짓에서 참으로 단조적으로 변해야 이분 탐색이 가능합니다. 가능 여부 판정은 종종 그리디로 빠르게 구현됩니다. 면접에서는 단조성이 왜 필요한지, 단조성이 깨지면 왜 이분 탐색이 실패하는지 설명을 요구합니다. 실무에서는 스케줄링, 용량 배분, 최소 최대 최적화 문제에서 매우 자주 등장합니다.		O	TRUE	X	FALSE					dsa	greedy		
Q182	Dijkstra 정당화(Dijkstra Proof)		Data Structure & Algorithm - 기타 알고리즘	44	OX	MEDIUM	다익스트라는 음수 간선이 있어도 우선순위 큐를 사용하면 항상 최단 경로를 보장한다.	다익스트라의 핵심은 “가장 짧은 거리 정점을 확정하는 선택이 안전하다”는 점입니다. 이 안전성은 모든 간선 가중치가 0 이상일 때 성립합니다. 음수 간선이 있으면 확정 이후에도 더 짧은 경로가 발견될 수 있어 알고리즘이 깨집니다. 그래서 음수 간선이 있으면 벨만 포드 같은 다른 알고리즘을 고려해야 합니다. 면접에서는 음수 간선 반례를 간단히 만들어 설명할 수 있는지를 자주 봅니다.		O	FALSE	X	TRUE					dsa	greedy		
Q183	Exact K Distinct 트릭(Exactly K)		Data Structure & Algorithm - 기타 알고리즘	44	OX	MEDIUM	서로 다른 원소가 정확히 K개인 부분 배열 수는 atMost(K)에서 atMost(K-1)을 빼서 구할 수 있다.	정확히 K개는 직접 세기 어렵지만, 최대 K개는 투 포인터로 쉽게 셀 수 있는 경우가 많습니다. 최대 K개인 집합은 최대 K-1개인 집합을 포함하는 포함 관계가 성립합니다. 그래서 두 값을 빼면 정확히 K개가 남습니다. 면접에서는 포함 관계가 왜 성립하는지와, atMost 계산이 왜 선형에 가능한지(단조성)를 함께 물어봅니다. 실무에서는 이 트릭이 문자열, 배열 카운팅 문제에서 자주 재사용됩니다.		O	TRUE	X	FALSE					dsa	two_pointers		
Q184	0-1 vs 무한 배낭(Unbounded Knapsack)		Data Structure & Algorithm - 기타 알고리즘	44	OX	MEDIUM	무한 배낭을 1차원 DP로 구현할 때는 보통 무게를 큰 값에서 작은 값으로 역순 순회한다.	무한 배낭은 아이템을 여러 번 사용할 수 있어, 같은 아이템을 같은 라운드에서 반복 적용하는 효과가 필요합니다. 그래서 보통 무게를 작은 값에서 큰 값으로 정순 순회합니다. 역순 순회는 0-1 배낭에서 중복 사용을 막기 위해 사용하는 패턴입니다. 면접에서는 0-1과 무한 배낭의 순회 방향을 구분하는 문제가 단골로 나옵니다. 실무에서는 순회 방향 실수로 인해 정답이 미묘하게 어긋나는 버그가 자주 발생합니다.		O	FALSE	X	TRUE					dsa	dp		
Q185	허프만 코딩(Huffman Coding)		Data Structure & Algorithm - 기타 알고리즘	44	OX	MEDIUM	허프만 코딩은 가장 작은 빈도의 두 노드를 반복해서 합치는 그리디로 평균 코드 길이를 최소화한다.	허프만 코딩은 접두 코드(prefix code)에서 평균 길이를 최소화하는 대표 그리디입니다. 빈도가 작은 문자를 깊게 배치하고, 빈도가 큰 문자를 얕게 배치하는 것이 유리합니다. 이를 위해 가장 작은 두 노드를 합쳐 트리를 만드는 과정을 반복합니다. 일반적으로 최소 힙으로 구현해 O(n log n)에 수행합니다. 면접에서는 왜 ‘작은 것부터 합친다’가 안전한 선택인지 설명하라는 질문이 자주 나옵니다.		O	TRUE	X	FALSE					dsa	greedy		
Q186	투 포인터와 음수(Negatives Break Window)		Data Structure & Algorithm - 기타 알고리즘	44	OX	MEDIUM	배열에 음수가 포함되면 “합이 S 이상인 최소 길이 부분 배열” 문제에서 일반적인 슬라이딩 윈도우가 깨질 수 있다.	슬라이딩 윈도우가 선형 시간에 동작하려면, 윈도우를 확장하면 합이 단조 증가한다 같은 성질이 필요합니다. 원소가 모두 양수면 합이 단조 증가하므로 규칙이 성립합니다. 하지만 음수가 포함되면 확장했는데 합이 줄거나, 축소했는데 합이 늘 수 있습니다. 그러면 포인터 이동 규칙이 정답을 보장하지 못합니다. 면접에서는 “왜 양수 조건이 필요한지”를 정확히 말할 수 있어야 합니다.		O	TRUE	X	FALSE					dsa	two_pointers		
Q187	구간 DP 채우기 순서(Interval DP Order)		Data Structure & Algorithm - 기타 알고리즘	44	OX	MEDIUM	구간 DP는 보통 구간 길이를 증가시키는 순서로 dp를 채워야 이전 상태가 준비된다.	구간 DP는 dp[l][r] 같은 형태로 구간의 답을 저장합니다. dp[l][r]는 더 짧은 구간 dp[l][k], dp[k+1][r] 등을 참조하는 경우가 많습니다. 그래서 길이가 짧은 구간부터 채워야 참조하는 값이 이미 계산되어 있습니다. 면접에서는 “왜 길이 순서가 필요한지”를 전이 관계로 설명하라고 합니다. 실무에서는 이 순서를 어기면 초기값만 남아 오답이 되기 쉽습니다.		O	TRUE	X	FALSE					dsa	dp		
Q188	분할 정복 DP 최적화(DnC DP Optimization)		Data Structure & Algorithm - 기타 알고리즘	44	OX	MEDIUM	분할 정복 DP 최적화는 최적 분할점 opt가 단조적이라는 성질이 있을 때 적용 가능하다.	DnC DP 최적화는 dp[i]를 계산할 때 최적 분할점이 i에 대해 단조롭게 증가한다는 조건이 핵심입니다. 이 단조성이 있어야 검색 범위를 줄여도 정답을 놓치지 않습니다. 대표적으로 특정 비용 함수에서 Monge 성질이 있어 opt 단조성이 성립할 수 있습니다. 면접에서는 “적용 조건을 모르면 위험하다”는 점을 강조해서 묻기도 합니다. 실무에서는 조건이 불확실하면 Li Chao 트리나 다른 안정적인 방법으로 바꾸는 판단이 중요합니다.		O	TRUE	X	FALSE					dsa	dp		
Q189	그리디 안전 선택(Safe Choice)		Data Structure & Algorithm - 기타 알고리즘	44	OX	MEDIUM	그리디의 “안전한 선택”은 그 선택을 포함하는 최적해가 최소 하나는 존재함을 의미한다.	안전한 선택은 “이 선택을 고정해도 최적해가 남는다”는 의미입니다. 최적해가 유일해야 한다는 뜻은 아닙니다. 따라서 여러 최적해 중 하나가 그리디 선택을 포함하도록 바꿀 수 있음을 보이면 충분합니다. 면접에서는 안전 선택의 의미를 ‘유일성’과 혼동하지 않는지를 확인합니다. 실무에서는 교환 논증이나 컷 속성으로 안전성을 보이는 방식이 자주 사용됩니다.		O	TRUE	X	FALSE					dsa	greedy		
Q190	가중치 구간 스케줄링(Weighted Interval Scheduling)		Data Structure & Algorithm - 기타 알고리즘	44	OX	MEDIUM	가중치 구간 스케줄링은 종료 시간이 빠른 순으로 고르면 항상 최대 가치 합을 얻는다.	가중치가 있으면 “많이 고르는 것”과 “가치 합이 큰 것”이 다릅니다. 빨리 끝나는 구간을 고르면 이후 구간을 더 넣을 수는 있지만, 가치 합 최적과는 충돌할 수 있습니다. 이 문제는 보통 DP로 해결하며, dp[i] = max(dp[i-1], value[i] + dp[p(i)]) 전이가 유명합니다. p(i)는 겹치지 않는 마지막 구간 인덱스로, 이분 탐색으로 찾는 경우가 많습니다. 면접에서는 그리디 반례를 만들 수 있는지와 DP 전이를 설명할 수 있는지를 봅니다.		O	FALSE	X	TRUE					dsa	dp	greedy	
Q191	편집 거리 전이(Edit Distance Transition)		Data Structure & Algorithm - 기타 알고리즘	44	OX	MEDIUM	편집 거리에서 문자가 다르면 dp[i][j]는 삽입, 삭제, 치환 중 최소 비용에 1을 더한 값으로 갱신할 수 있다.	편집 거리는 세 연산을 통해 문자열을 변환합니다. 삽입은 dp[i][j-1], 삭제는 dp[i-1][j], 치환은 dp[i-1][j-1]을 참조하는 전이가 흔합니다. 문자가 다를 때는 이 셋 중 최소를 선택하고 비용 1을 더합니다. 문자가 같을 때는 치환 비용이 0이므로 dp[i-1][j-1]을 그대로 가져옵니다. 면접에서는 각 전이가 의미하는 연산을 말로 설명할 수 있어야 합니다. 실무에서는 인덱스 정의와 초기 행 열의 값 설정이 디버깅 포인트입니다.		O	TRUE	X	FALSE					dsa	dp		
Q192	투 포인터 카운팅(AtMost Counting)		Data Structure & Algorithm - 기타 알고리즘	44	OX	MEDIUM	atMost K 투 포인터에서 l 포인터는 r이 증가할 때 절대로 감소하지 않는다.	atMost K 조건에서는 윈도우가 커질수록 조건이 깨지면 l을 늘려서 다시 만족시키는 구조입니다. r은 오른쪽으로만 가고, l도 조건을 맞추기 위해 오른쪽으로만 이동합니다. 따라서 l이 왼쪽으로 되돌아가는 일은 없습니다. 이 단조성이 전체 선형 시간의 핵심입니다. 면접에서는 포인터가 되돌아가지 않는 이유를 불변식 관점으로 설명하라고 합니다. 실무에서는 while 조건과 카운트 감소 타이밍이 틀리면 l이 제대로 움직이지 않아 틀어질 수 있습니다.		O	TRUE	X	FALSE					dsa	two_pointers		
Q193	MST 컷 속성(Cut Property)		Data Structure & Algorithm - 기타 알고리즘	44	OX	MEDIUM	MST에서 어떤 컷을 가로지르는 간선 중 최소 가중치 간선은 항상 안전 간선이다.	최소 신장 트리의 컷 속성은 그리디 정당화의 대표 사례입니다. 임의의 컷을 생각했을 때, 그 컷을 가로지르는 간선 중 최소 가중치 간선은 어떤 MST에 반드시 포함될 수 있습니다. 이 안전성 때문에 프림이나 크루스칼 같은 그리디 알고리즘이 최적을 보장합니다. 면접에서는 컷 속성을 말로 설명하고, 왜 최소 간선이 안전한지 직관을 제시할 수 있는지를 봅니다. 실무에서는 네트워크 설계, 비용 최소 연결 문제에 이 개념이 자주 등장합니다.		O	TRUE	X	FALSE					dsa	greedy		
Q194	DP와 DAG 관점(DP as DAG)		Data Structure & Algorithm - 기타 알고리즘	44	OX	MEDIUM	많은 DP는 상태를 정점, 전이를 간선으로 보면 DAG에서 위상 정렬 순서로 누적하는 것과 비슷하게 볼 수 있다.	DP가 가능한 전이 구조는 보통 사이클이 없는 방향 그래프처럼 해석할 수 있습니다. 위상 정렬 순서대로 계산하면 참조하는 이전 상태가 먼저 계산됩니다. 이 관점은 바텀업 순서를 정당화하는 데 도움이 됩니다. 면접에서는 “왜 사이클이 있으면 DP가 어려운가”를 그래프 관점으로 묻기도 합니다. 실무에서도 전이 그래프를 그려보면 상태 설계 오류나 순서 오류를 빨리 발견할 수 있습니다.		O	TRUE	X	FALSE					dsa	dp		
Q195	그리디와 반례(Counterexample)		Data Structure & Algorithm - 기타 알고리즘	44	OX	MEDIUM	그리디가 맞는지 확인하려면 교환 논증보다 구현 후 랜덤 테스트가 더 중요하며, 증명은 필요 없다.	랜덤 테스트는 도움이 되지만, 그리디는 반례 한 개로 깨질 수 있습니다. 랜덤 테스트는 그 반례를 운 좋게 못 만날 가능성이 큽니다. 그래서 그리디는 교환 논증, 컷 속성 같은 정당화가 특히 중요합니다. 면접에서는 “테스트로는 보장할 수 없다”는 점을 명확히 말할 수 있어야 합니다. 실무에서도 그리디는 요구사항과 제약을 수학적으로 확인하고 적용하는 습관이 안전합니다.		O	FALSE	X	TRUE					dsa	greedy		
Q196	DP 공간 최적화 주의점(Rolling Pitfall)		Data Structure & Algorithm - 기타 알고리즘	44	OX	MEDIUM	1차원으로 공간 최적화한 DP는 업데이트 순서를 잘못 잡으면 같은 아이템을 중복 사용한 것처럼 계산될 수 있다.	0-1 배낭처럼 “한 번만 사용” 조건이 있는 DP는 특히 순서가 중요합니다. 1차원 dp를 정순으로 업데이트하면 같은 라운드에서 갱신된 값을 다시 참조해 중복 사용 효과가 생길 수 있습니다. 그래서 역순 업데이트가 필요합니다. 이 원리는 다른 DP에서도 “현재 라운드 값”과 “이전 라운드 값”이 섞일 때 오답을 만드는 대표 함정입니다. 면접에서는 순서가 왜 중요해지는지 예시로 설명하라는 질문이 자주 나옵니다.		O	TRUE	X	FALSE					dsa	dp		
Q197	투 포인터와 결과 중복(Duplicate Results)		Data Structure & Algorithm - 기타 알고리즘	44	OX	MEDIUM	3Sum 류 문제에서 중복 스킵 없이도 set만 쓰면 시간 복잡도는 항상 줄어든다.	set으로 중복 결과를 제거할 수는 있지만, 중복 스킵이 없으면 불필요한 탐색 자체가 많이 발생합니다. 특히 같은 값이 많은 입력에서는 동일 조합 후보를 반복 생성해 시간이 늘어날 수 있습니다. set 삽입과 해시 비용도 추가됩니다. 그래서 보통은 탐색 단계에서 중복을 건너뛰어 후보 생성 자체를 줄이는 것이 중요합니다. 면접에서는 “정답 중복 제거”와 “탐색 중복 제거”를 구분해 설명할 수 있어야 합니다.		O	FALSE	X	TRUE					dsa	two_pointers		
Q198	그리디와 우선순위 큐(PQ Greedy)		Data Structure & Algorithm - 기타 알고리즘	44	OX	MEDIUM	최소 회의실 수 문제는 종료 시간을 최소 힙으로 관리하면 그리디하게 방 재사용 여부를 빠르게 판단할 수 있다.	시작 시간을 기준으로 회의를 정렬한 뒤, 현재 진행 중인 회의들의 종료 시간을 관리합니다. 가장 빨리 끝나는 회의가 먼저 비는 방이므로 최소 힙에서 top을 확인하면 됩니다. 새 회의 시작이 top 종료 이후면 그 방을 재사용하고, 아니면 새 방이 필요합니다. 이 방식은 그리디 결정이 “가장 빨리 비는 방부터 확인”이라는 점에서 직관적이고 효율적입니다. 면접에서는 왜 최소 힙이 필요한지와 복잡도 O(n log n)을 설명하라고 합니다. 실무에서는 리소스 풀링, 동시 작업 슬롯 계산 문제로 확장됩니다.		O	TRUE	X	FALSE					dsa	greedy		
Q199	DP와 최적 부분 구조(Optimal Substructure)		Data Structure & Algorithm - 기타 알고리즘	44	OX	MEDIUM	DP가 성립하려면 전체 최적해가 부분 문제들의 최적해로 구성될 수 있는 최적 부분 구조 성질이 중요하다.	DP는 문제를 부분 문제로 나누고 그 답을 재사용합니다. 이때 전체 최적해가 부분 문제 최적해로부터 만들어질 수 있어야 합니다. 이것이 최적 부분 구조이며 DP 성립의 중요한 조건입니다. 또한 같은 부분 문제가 반복 등장하는 겹치는 부분 문제 성질이 있으면 DP의 효율이 크게 좋아집니다. 면접에서는 두 성질을 구분해 설명하라고 자주 묻습니다. 실무에서는 상태와 전이를 설계하기 전에 이 성질이 있는지 먼저 점검하는 것이 중요합니다.		O	TRUE	X	FALSE					dsa	dp		
Q200	그리디 정렬 기준의 민감도(Sort Key Sensitivity)		Data Structure & Algorithm - 기타 알고리즘	44	OX	MEDIUM	그리디 문제에서 정렬 기준이 조금만 바뀌어도 최적성이 깨질 수 있으므로 기준 선택이 핵심이다.	그리디는 정렬 기준이나 선택 규칙이 정답을 좌우하는 경우가 많습니다. 예를 들어 활동 선택은 종료 시간 기준이 핵심이고, 허프만은 최소 빈도 두 개를 고르는 규칙이 핵심입니다. 기준이 바뀌면 쉽게 반례가 나와 최적성이 무너질 수 있습니다. 면접에서는 왜 해당 기준이 맞는지, 다른 기준은 왜 틀리는지까지 설명을 요구합니다. 실무에서도 요구사항이 바뀌면 정렬 기준을 다시 검증해야 합니다.		O	TRUE	X	FALSE					dsa	greedy		
Q201	CHT 단조 질의(Convex Hull Trick)		Data Structure & Algorithm - 기타 알고리즘	44	OX	HARD	덱 기반 컨벡스 헐 트릭은 선의 기울기 추가 순서와 질의 x가 단조일 때 포인터가 한 방향으로만 이동해 선형에 가깝게 동작할 수 있다.	컨벡스 헐 트릭은 dp[i] = min 또는 max (m_j x_i + b_j) 형태에서 쓰입니다. 덱 기반 최적화가 쉬워지는 조건은 (1) 선의 기울기 m이 단조로 추가되고 (2) 질의 x도 단조로 들어오는 경우입니다. 그러면 덱의 앞쪽에서만 최적 선이 바뀌어 포인터가 되돌아가지 않습니다. 면접에서는 이 단조 조건이 없을 때 왜 이분 탐색이나 Li Chao 트리 같은 대안이 필요한지까지 확장 질문이 나옵니다. 실무에서는 단조성이 깨질 가능성이 있으면 덱 구현을 쓰지 않는 판단이 중요합니다.		O	TRUE	X	FALSE					dsa	dp		
Q202	크누스 최적화(Knuth Optimization)		Data Structure & Algorithm - 기타 알고리즘	44	OX	HARD	크누스 최적화는 어떤 구간 DP에도 조건 없이 적용해 O(n^2)로 줄일 수 있다.	크누스 최적화는 모든 구간 DP에 적용되는 만능 기술이 아닙니다. 비용 함수가 특정 성질을 만족해 최적 분할점이 단조롭게 움직일 때만 성립합니다. 조건을 무시하고 적용하면 탐색 범위를 잘못 줄여 오답이 될 수 있습니다. 면접에서는 ‘적용 조건을 외우는가’보다 ‘왜 조건이 필요하고 없으면 위험한가’를 설명하는지를 봅니다. 실무에서는 비용 함수가 사각 부등식 또는 Monge 성질을 만족하는지 먼저 확인해야 합니다.		O	FALSE	X	TRUE					dsa	dp		
Q203	정확히 K 카운팅(Exactly K Trick)		Data Structure & Algorithm - 기타 알고리즘	44	OX	HARD	정확히 K개 조건을 atMost(K) - atMost(K-1)로 바꾸는 트릭은 atMost 조건이 포함 관계를 가지지 않아도 성립한다.	exactly K = atMost(K) - atMost(K-1)은 포함 관계가 핵심입니다. atMost(K-1)인 부분 배열은 항상 atMost(K)에도 포함되어야 “겹치지 않게” 빼기가 성립합니다. 포함 관계가 깨지는 조건이라면 이 트릭은 사용할 수 없습니다. 면접에서는 어떤 조건이 포함 관계를 만드는지, 예를 들어 “서로 다른 원소 개수” 같은 단조 조건이 왜 적합한지 설명을 요구합니다. 실무에서는 트릭을 외워서 적용하기보다, 포함 관계와 단조성을 먼저 점검하는 습관이 중요합니다.		O	FALSE	X	TRUE					dsa	two_pointers		
Q204	FFT 합성곱 DP(Convolution DP)		Data Structure & Algorithm - 기타 알고리즘	44	OX	HARD	전이가 합성곱 형태인 DP는 FFT로 합성곱을 계산해 O(n^2)에서 더 빠르게 최적화할 가능성이 있다.	dp 전이가 (A * B) 같은 합성곱 구조를 가지면, 직접 계산은 O(n^2)이 될 수 있습니다. FFT를 사용하면 합성곱을 O(n log n)으로 계산할 수 있어 병목을 줄일 수 있습니다. 면접에서는 FFT 구현 자체보다 “전이가 합성곱인지 식을 변형해 알아차리는 능력”을 봅니다. 실무에서는 모듈러 합성곱, 수치 오차, 입력 범위 조건 등 실전 이슈가 많아 적용 난도가 높습니다. 그래도 이 가능성을 아는 것만으로도 최적화 방향을 크게 바꿀 수 있습니다.		O	TRUE	X	FALSE					dsa	dp		
Q205	파라메트릭 서치 단조성(Parametric Monotonicity)		Data Structure & Algorithm - 기타 알고리즘	44	OX	HARD	파라메트릭 서치에서 판정 함수 feasibility가 단조가 아니어도, 이분 탐색으로 정답을 찾을 수 있다.	이분 탐색이 성립하려면 판정 결과가 값 X에 대해 단조적으로 변해야 합니다. 단조성이 없으면 중간 값을 보고 범위를 절반으로 줄이는 논리가 깨집니다. 따라서 feasibility가 참 거짓 참처럼 오락가락하면 이분 탐색으로 정답을 보장할 수 없습니다. 면접에서는 단조성이 왜 핵심 전제인지, 단조성이 깨지는 반례를 스스로 만들 수 있는지를 봅니다. 실무에서도 “이분 탐색 된다”는 말은 단조성을 증명했다는 의미여야 안전합니다.		O	FALSE	X	TRUE					dsa	greedy		
Q206	투 포인터와 중앙값(Window Median)		Data Structure & Algorithm - 기타 알고리즘	44	OX	HARD	슬라이딩 윈도우에서 중앙값을 유지하는 문제는 투 포인터만으로는 보통 해결이 어렵고, 두 힙이나 균형 트리 같은 자료구조가 필요하다.	중앙값은 순서 통계량이라 원소의 상대적 순서를 유지하며 갱신해야 합니다. 윈도우에서 한 원소가 빠지고 한 원소가 들어오면 중앙값이 크게 바뀔 수 있어 단순 누적값처럼 O(1)로 갱신하기 어렵습니다. 그래서 보통 max-heap과 min-heap 두 개를 균형 맞추거나, 균형 BST로 멀티셋을 관리합니다. 면접에서는 “합은 가능한데 중앙값은 왜 어려운가” 같은 비교 질문이 나옵니다. 실무에서는 통계량 종류에 따라 자료구조 선택이 달라집니다.		O	TRUE	X	FALSE					dsa	two_pointers		
Q207	가중치 구간 스케줄링 DP(Weighted Interval DP)		Data Structure & Algorithm - 기타 알고리즘	44	OX	HARD	가중치 구간 스케줄링에서 dp[i] = max(dp[i-1], value[i] + dp[p(i)]) 형태 전이는 그리디로는 일반적으로 대체할 수 없다.	가중치가 있으면 단순히 빨리 끝나는 구간을 고르거나 많이 고르는 전략이 가치 합 최적과 어긋납니다. 그래서 “현재 구간을 선택할지 말지”의 분기 구조가 필요하고, 이것이 dp[i] 전이로 표현됩니다. p(i)는 i와 겹치지 않는 마지막 구간 인덱스로, 정렬 후 이분 탐색으로 찾는 것이 흔합니다. 면접에서는 왜 그리디 반례가 존재하는지, dp 전이가 어떤 의미인지 설명을 요구합니다. 실무에서는 이 패턴이 프로젝트 일정 최적화나 리소스 배치 문제로도 확장됩니다.		O	TRUE	X	FALSE					dsa	dp		
Q208	Monge 배열과 최적화(Monge Optimization)		Data Structure & Algorithm - 기타 알고리즘	44	OX	HARD	Monge 성질은 최적 분할점의 단조성을 보장할 수 있어 일부 DP 최적화의 근거가 된다.	Monge 성질은 비용 행렬이 특정 사각 부등식을 만족하는 형태를 말합니다. 이 성질이 있으면 최적 분할점이 단조롭게 이동하는 경우가 많고, SMAWK나 분할 정복 최적화 같은 기법의 기반이 됩니다. 면접에서는 “Monge면 항상 된다”가 아니라 “단조성 근거로 쓰인다” 수준의 이해를 요구하는 편입니다. 실무에서는 비용 함수가 정말 그 성질을 만족하는지 검증이 필요합니다. 조건을 확인하지 않으면 최적화 적용이 오답을 만들 수 있습니다.		O	TRUE	X	FALSE					dsa	dp		
Q209	Li Chao Tree(동적 CHT)		Data Structure & Algorithm - 기타 알고리즘	44	OX	HARD	Li Chao Tree는 질의 x가 단조가 아니어도 선형 함수의 최솟값 또는 최댓값 질의를 처리할 수 있는 자료구조다.	Li Chao Tree는 선들을 트리에 저장하며 구간을 분할해 최적 선을 유지합니다. 덱 기반 CHT처럼 질의가 단조일 필요가 없고, 온라인으로 선 추가와 질의를 처리할 수 있습니다. 대신 구현이 복잡하고 좌표 범위 설정이 필요합니다. 면접에서는 CHT 최적화에서 “단조 조건이 없으면 Li Chao 같은 구조를 쓴다”를 알고 있는지 확인합니다. 실무에서는 좌표 범위가 큰 경우 좌표 압축이나 동적 노드 생성으로 메모리를 조절합니다.		O	TRUE	X	FALSE					dsa	dp		
Q210	그리디와 매트로이드(Matroid)		Data Structure & Algorithm - 기타 알고리즘	44	OX	HARD	매트로이드 구조를 만족하는 경우, 가중치를 기준으로 한 그리디 선택이 최적해를 보장할 수 있다.	매트로이드는 “독립 집합”이 교환 성질을 가지는 구조입니다. 이 교환 성질 덕분에 가중치가 있는 경우에도 그리디가 최적을 보장하는 정리가 있습니다. MST 문제는 그래픽 매트로이드 관점으로도 설명할 수 있습니다. 면접에서는 매트로이드까지 깊게 요구하진 않지만, 그리디가 성립하는 구조적 조건이 있다는 점을 아는 것은 강점입니다. 실무에서는 이론을 직접 적용하기보다, 교환 성질이 성립하는지로 그리디 가능성을 판단하는 데 도움이 됩니다.		O	TRUE	X	FALSE					dsa	greedy		
Q211	투 포인터와 K-sum 확장(K-sum)		Data Structure & Algorithm - 기타 알고리즘	44	OX	HARD	4Sum 같은 K-sum 문제는 정렬 후 투 포인터를 재귀적으로 결합하면 모든 경우에 O(n^2) 이하로 해결된다.	K-sum은 보통 정렬 후 (K-2)개를 고정하고 나머지 2개를 투 포인터로 찾는 방식으로 확장합니다. 하지만 K가 커질수록 시간 복잡도는 보통 O(n^(K-1)) 수준으로 증가합니다. 4Sum만 해도 일반적으로 O(n^3)입니다. 따라서 “항상 O(n^2) 이하”는 틀립니다. 면접에서는 K-sum의 복잡도 감각과, 중복 제거 로직을 어디에 넣는지까지 물어봅니다. 실무에서는 해시 기반 2Sum 결합 등으로 평균을 줄이더라도 최악 복잡도는 커질 수 있습니다.		O	FALSE	X	TRUE					dsa	two_pointers		
Q212	DP와 음수 사이클 유사성(Negative Cycle Analogy)		Data Structure & Algorithm - 기타 알고리즘	44	OX	HARD	DP 전이 그래프에 비용을 줄이는 사이클이 존재하면, 최적값이 정의되지 않거나 무한히 좋아질 수 있어 문제 정의 자체가 깨질 수 있다.	DP는 보통 전이 그래프가 DAG이거나, 최소 한 번만 방문하는 형태로 설계됩니다. 만약 비용을 계속 줄이는 사이클이 있다면, 그 사이클을 반복하며 값을 무한히 낮출 수 있어 최적값이 의미를 잃습니다. 이는 최단 경로에서 음수 사이클이 있는 상황과 유사합니다. 면접에서는 “왜 사이클이 있으면 DP가 위험한가”를 그래프 관점으로 설명하라고 할 수 있습니다. 실무에서는 상태 전이를 설계할 때 사이클 가능성을 먼저 차단하는 것이 중요합니다.		O	TRUE	X	FALSE					dsa	dp		
Q213	그리디 vs 온라인(Online Greedy)		Data Structure & Algorithm - 기타 알고리즘	44	OX	HARD	미래 입력을 모르는 온라인 상황에서는 같은 문제라도 오프라인 최적과 비교해 성능 보장이 필요해 경쟁 비율 같은 개념이 등장할 수 있다.	온라인 알고리즘은 입력이 순차적으로 들어오고, 결정을 되돌릴 수 없는 경우가 많습니다. 이때 오프라인 최적해를 기준으로 얼마나 나쁜지 평가하는 경쟁 분석이 사용됩니다. 면접에서는 온라인 캐싱, 스케줄링 예시로 LRU 같은 정책을 언급하기도 합니다. 실무에서는 실시간 시스템에서 완전 최적보다 안정적이고 예측 가능한 정책이 더 중요할 때가 많습니다. 그리디는 온라인에서 특히 반례가 다양해 검증이 중요합니다.		O	TRUE	X	FALSE					dsa	greedy		
Q214	DP에서 상태 압축(Bitmask DP)		Data Structure & Algorithm - 기타 알고리즘	44	OX	HARD	비트마스크 DP는 상태 수가 2의 N승으로 늘기 때문에, 보통 N이 작을 때만 현실적으로 사용된다.	상태 압축은 선택 여부를 비트마스크로 표현해 전이를 단순화합니다. 하지만 상태 수가 2^N으로 폭발하기 때문에 N이 20 전후만 되어도 부담이 커집니다. 그래서 보통 N이 작은 TSP 변형 같은 문제에서 사용됩니다. 면접에서는 왜 2^N이 위험한지와, 가지치기나 meet-in-the-middle 같은 대안이 있는지도 묻습니다. 실무에서는 최적해가 꼭 필요할 때만 적용하고, 근사나 휴리스틱을 고려하기도 합니다.		O	TRUE	X	FALSE					dsa	dp		
Q215	투 포인터와 0-1 최소 스왑(1s Grouping)		Data Structure & Algorithm - 기타 알고리즘	44	OX	HARD	0과 1로만 이루어진 배열에서 1들을 한 구간에 모으는 최소 스왑은 “1의 개수 길이 윈도우”에서 0의 개수를 최소화하는 문제로 변환할 수 있다.	1들을 연속으로 만들려면 최종적으로 길이가 onesCount인 구간 안에 1이 모두 들어가야 합니다. 그 구간에서 0의 개수만큼은 1과 교체되어야 하므로 최소 스왑 수가 됩니다. 그래서 고정 길이 슬라이딩 윈도우로 0의 최소 개수를 찾으면 답이 나옵니다. 면접에서는 왜 스왑 수가 0의 개수와 같은지 논리적으로 설명하라고 합니다. 실무에서는 직접 시뮬레이션 대신 관점 변환으로 단순화하는 능력이 중요합니다.		O	TRUE	X	FALSE					dsa	two_pointers		
Q216	크누스 vs 분할정복 최적화(Knuth vs DnC)		Data Structure & Algorithm - 기타 알고리즘	44	OX	HARD	크누스 최적화는 분할 정복 DP 최적화보다 일반적으로 더 약한 조건에서도 적용 가능하다.	크누스 최적화는 적용되는 DP 형태가 더 제한적이며, 비용 함수 조건도 강한 편입니다. 반면 분할 정복 DP 최적화는 opt 단조성만 있으면 적용 가능한 범위가 더 넓은 경우가 많습니다. 따라서 “크누스가 더 약한 조건”이라고 말하면 일반적으로 틀립니다. 면접에서는 두 최적화의 차이점과, 각각 어떤 형태의 DP에 쓰이는지 큰 그림을 이해하는지를 봅니다. 실무에서는 조건을 확인하기 어려우면 안정적인 O(n^2) 또는 다른 자료구조 기반 최적화를 선택하는 것이 안전합니다.		O	FALSE	X	TRUE					dsa	dp		
Q217	그리디와 라그랑주 완화(Lagrangian Relaxation)		Data Structure & Algorithm - 기타 알고리즘	44	OX	HARD	라그랑주 완화는 제약을 벌점 항으로 목적 함수에 포함시켜, 그리디나 이분 탐색으로 다루기 쉬운 형태로 바꾸는 데 쓰일 수 있다.	어떤 제약이 있는 최적화 문제는 직접 풀기 어렵습니다. 라그랑주 완화는 제약을 벌점 항으로 합쳐 목적 함수로 옮기고, 벌점 계수를 조절해 제약 만족 해를 찾는 방식입니다. 이 과정이 파라메트릭 서치와 결합되기도 합니다. 면접에서는 깊은 수학까지 요구하지 않더라도 “제약을 비용으로 바꿔 풀기 쉬운 형태로 만든다”는 큰 그림을 설명할 수 있으면 좋습니다. 실무에서는 정수 최적 보장 여부가 항상 성립하지 않아 적용 범위를 조심해야 합니다.		O	TRUE	X	FALSE					dsa	greedy		
Q218	투 포인터와 해시 대체(Prefix + Hash)		Data Structure & Algorithm - 기타 알고리즘	44	OX	HARD	음수가 포함된 배열에서 합이 K인 부분 배열 “개수”를 구할 때, 누적합과 해시맵을 사용하면 한 번 순회로 계산할 수 있다.	prefixSum[j] - prefixSum[i] = K 관계를 이용하면, 현재 prefixSum[j]에서 K를 뺀 값이 과거에 몇 번 등장했는지만 알면 됩니다. 그래서 해시맵으로 prefixSum 빈도를 관리하며 순회하면 O(n)에 개수를 셀 수 있습니다. 음수 때문에 슬라이딩 윈도우가 깨지는 대표 상황에서 강력한 대안입니다. 면접에서는 식을 써서 왜 카운팅이 되는지 설명하는 질문이 자주 나옵니다. 실무에서는 오버플로우를 피하기 위해 long 타입을 쓰는 등 구현 디테일이 중요합니다.		O	TRUE	X	FALSE					dsa	dp	two_pointers	
Q219	DP 최적화의 위험(Optimization Pitfall)		Data Structure & Algorithm - 기타 알고리즘	44	OX	HARD	DP 최적화 기법은 조건을 만족하지 않아도 대부분 정답은 유지되고, 단지 성능만 나빠지는 경우가 많다.	DP 최적화는 탐색 범위를 줄이거나 전이를 바꾸는 방식이 많습니다. 조건이 성립하지 않는데 적용하면 “정답 후보 자체를 탐색하지 않는” 상황이 생겨 오답이 됩니다. 즉 성능이 아니라 정확성이 깨질 수 있습니다. 면접에서는 최적화 적용 전 조건 검증이 왜 중요한지 강조합니다. 실무에서도 입력 분포가 달라지거나 비용 함수가 변경되면 조건이 깨질 수 있어, 최적화 코드는 특히 회귀 테스트가 필요합니다.		O	FALSE	X	TRUE					dsa	dp		
Q220	그리디의 컷 속성 일반화(Cut-based Greedy)		Data Structure & Algorithm - 기타 알고리즘	44	OX	HARD	MST에서 컷 속성처럼, “어떤 경계를 가로지르는 최소 선택이 안전하다”는 형태의 정당화는 그리디 증명에서 자주 반복되는 패턴이다.	MST는 컷을 가로지르는 최소 간선이 안전하다는 컷 속성으로 그리디가 정당화됩니다. 이 “경계를 가로지르는 최소 선택” 패턴은 다른 문제에서도 변형되어 등장합니다. 면접에서는 이런 정당화 패턴을 알고 있는지, 그리고 해당 문제에서 경계가 무엇인지 정의할 수 있는지를 봅니다. 실무에서는 안전 선택을 찾기 위해 문제를 집합 분할, 경계, 교환 관점으로 재해석하는 능력이 중요합니다. 단, 모든 그리디가 컷 속성으로 증명되는 것은 아니므로 적용 범위를 구분해야 합니다.		O	TRUE	X	FALSE					dsa	greedy		
Q221	단조 덱 최적화(Monotone Deque Optimization)		Data Structure & Algorithm - 기타 알고리즘	44	OX	HARD	dp가 최근 K개 구간의 최소값을 참조하는 형태라면, 덱을 이용해 전체를 선형 시간에 가깝게 계산할 수 있다.	dp가 바로 직전 K개 상태 중 최솟값이나 최댓값을 취하는 전이라면, 매번 K개를 전부 훑으면 시간 복잡도가 커집니다. 이때 후보 dp 값을 단조성을 유지하도록 덱에 관리하면, 최적 후보가 덱의 앞에 유지됩니다. 각 인덱스는 덱에 한 번 들어가고 한 번 나오는 구조가 되어 전체가 선형에 가까워집니다. 면접에서는 덱에서 무엇을 제거해야 하는지, 윈도우에서 벗어난 인덱스 처리 순서가 정확한지까지 물어봅니다. 실무에서는 인덱스 경계와 갱신 순서를 잘못 잡으면 정답도 깨지고 무한 루프가 나는 경우가 있어 주의가 필요합니다.		O	TRUE	X	FALSE					dsa	dp		
Q222	0-1 BFS(Zero One BFS)		Data Structure & Algorithm - 기타 알고리즘	44	OX	HARD	0-1 BFS는 간선 가중치가 0 또는 1이 아닌 어떤 양의 정수여도 덱만 사용하면 최단 거리를 항상 보장한다.	0-1 BFS는 간선 가중치가 오직 0과 1일 때만 덱으로 최단 거리를 보장하는 알고리즘입니다. 가중치가 2, 3처럼 커지면 덱에서 앞뒤에 넣는 규칙만으로는 우선순위가 정확히 유지되지 않습니다. 그 경우에는 다익스트라처럼 우선순위 큐 기반 접근이 필요합니다. 면접에서는 왜 0과 1일 때만 가능한지, 덱의 앞과 뒤에 넣는 의미를 설명하라고 자주 묻습니다. 실무에서는 입력 조건을 확인하지 않고 0-1 BFS를 적용하는 실수가 종종 나옵니다.		O	FALSE	X	TRUE					dsa	greedy		
Q223	부분 배열 곱 슬라이딩 윈도우(Subarray Product Window)		Data Structure & Algorithm - 기타 알고리즘	44	OX	HARD	모든 원소가 양수인 배열에서 곱이 K 미만인 부분 배열의 개수는 투 포인터 슬라이딩 윈도우로 선형 시간에 가깝게 셀 수 있다.	원소가 모두 양수이면 윈도우를 확장할수록 곱이 단조 증가하는 성질이 생깁니다. 그래서 곱이 K 이상이 되면 왼쪽 포인터를 이동해 곱을 다시 줄이는 방식이 안정적으로 동작합니다. 특정 오른쪽 포인터 r에 대해 조건을 만족하는 시작점 개수를 한 번에 더할 수 있어 카운팅이 빨라집니다. 면접에서는 K가 0이나 1일 때 예외 처리, 정수 오버플로우 같은 디테일을 같이 체크합니다. 실무에서는 곱을 나눌 때 0이 섞이면 로직이 깨지므로 입력 조건을 엄격히 확인해야 합니다.		O	TRUE	X	FALSE					dsa	two_pointers		
Q224	부분 배열 곱 일반화(Product With Negatives)		Data Structure & Algorithm - 기타 알고리즘	44	OX	HARD	배열에 0이나 음수가 포함되어도, 곱이 K 미만인 부분 배열 카운팅은 동일한 슬라이딩 윈도우 규칙으로 항상 해결된다.	0이나 음수가 포함되면 윈도우 확장과 축소가 곱을 단조롭게 변화시키지 않습니다. 음수 하나가 들어오면 곱의 부호가 바뀌고, 절댓값도 커졌다 작아졌다가 반복될 수 있습니다. 0이 포함되면 나눗셈 기반으로 곱을 유지하는 방식도 바로 깨집니다. 그래서 동일한 투 포인터 규칙을 그대로 적용하면 정답을 놓치거나 카운팅이 틀어질 수 있습니다. 면접에서는 왜 양수 조건이 핵심인지, 대안 접근이 무엇인지까지 확장 질문이 자주 나옵니다.		O	FALSE	X	TRUE					dsa	two_pointers		
Q225	최대 지연 최소화(Minimize Maximum Lateness)		Data Structure & Algorithm - 기타 알고리즘	44	OX	HARD	단일 머신에서 최대 지연 시간을 최소화하는 스케줄링은 마감 시간이 빠른 순으로 정렬하는 그리디가 최적이다.	최대 지연 최소화 문제는 대표적인 그리디 정답이 존재하는 스케줄링입니다. 마감 시간이 빠른 작업부터 처리하면 늦어질 위험을 초기에 줄여 전체의 최악 지연을 억제할 수 있습니다. 이 정렬 기준은 교환 논증으로 정당화가 가능하다는 점이 포인트입니다. 면접에서는 최대 지연과 총 지연을 혼동하지 않는지, 지연의 정의를 정확히 아는지 확인합니다. 실무에서는 배치 작업, 마감이 있는 작업 큐 설계에서 이 직관이 자주 응용됩니다.		O	TRUE	X	FALSE					dsa	greedy		
Q226	평균 완료 시간 최소화(SPT Scheduling)		Data Structure & Algorithm - 기타 알고리즘	44	OX	HARD	모든 작업이 동시에 준비된 상황에서 평균 완료 시간을 최소화하려면 처리 시간이 긴 작업부터 수행하는 그리디가 최적이다.	평균 완료 시간 또는 완료 시간 합을 최소화하는 고전 문제는 처리 시간이 짧은 순으로 수행하는 전략이 정답입니다. 긴 작업부터 하면 뒤에 있는 작업들이 오래 기다려 합이 커지기 쉽습니다. 그래서 LPT는 이 목적함수에서는 최적이 아닙니다. 면접에서는 최대 지연 최소화와 평균 완료 시간 최소화의 정렬 기준이 서로 다름을 구분하라고 자주 묻습니다. 실무에서도 목표 지표가 무엇인지에 따라 정렬 기준이 완전히 달라진다는 점이 중요합니다.		O	FALSE	X	TRUE					dsa	greedy		
Q227	외판원 순회 DP(Held Karp TSP DP)		Data Structure & Algorithm - 기타 알고리즘	44	OX	HARD	표준 비트마스크 DP로 푸는 외판원 순회는 보통 시간 복잡도가 O(n^2 곱하기 2의 n승) 수준이다.	외판원 순회는 상태를 방문 집합과 현재 위치로 두는 대표 비트마스크 DP 문제입니다. 상태 수가 대략 n 곱하기 2의 n승으로 커지고, 각 상태에서 이전 위치를 순회하며 전이를 계산합니다. 그래서 전체가 n 제곱 곱하기 2의 n승 수준으로 증가하는 것이 전형적 분석입니다. 면접에서는 왜 상태 수가 폭발하는지, n이 어느 정도까지 현실적인지 감각을 확인합니다. 실무에서는 정확 최적이 꼭 필요할 때만 쓰고, 보통은 근사나 휴리스틱을 고려합니다.		O	TRUE	X	FALSE					dsa	dp		
Q228	외판원 순회 메모리(TSP Memory)		Data Structure & Algorithm - 기타 알고리즘	44	OX	HARD	외판원 순회 비트마스크 DP는 n과 무관하게 메모리가 O(2의 n승)만 필요하다.	비트마스크 DP는 방문 집합만 저장하는 것이 아니라, 방문 집합과 현재 위치를 함께 저장하는 경우가 일반적입니다. 그래서 메모리도 보통 n 곱하기 2의 n승 수준이 됩니다. 일부 구현은 이전 단계만 들고 가는 방식으로 줄일 수 있지만, 기본 형태가 O(2의 n승)만으로 충분하다고 말하면 틀립니다. 면접에서는 시간뿐 아니라 메모리 병목도 같이 분석할 수 있는지 확인합니다. 실무에서는 메모리 제한 때문에 상태 압축 DP가 막히는 케이스가 더 자주 발생합니다.		O	FALSE	X	TRUE					dsa	dp		
Q229	LIS 이분 탐색 풀이(Patience LIS)		Data Structure & Algorithm - 기타 알고리즘	44	OX	HARD	LIS를 O(n log n)으로 구하는 방법에서 tail 배열의 길이는 항상 LIS 길이와 같다.	LIS의 빠른 풀이에서는 길이별로 가능한 최소 끝값을 tail 배열에 유지합니다. 각 원소를 적절한 위치에 이분 탐색으로 끼워 넣으면 tail 길이가 늘어나는 순간이 곧 더 긴 증가 부분 수열이 가능해졌다는 뜻입니다. 따라서 최종 tail 길이는 LIS 길이와 일치합니다. 면접에서는 왜 최소 끝값을 유지하면 길이가 맞는지 직관과 근거를 묻습니다. 실무에서는 실제 수열 복원을 하려면 추가로 이전 인덱스 추적 배열을 둬야 한다는 점도 같이 알아두면 좋습니다.		O	TRUE	X	FALSE					dsa	dp		
Q230	LIS tail 배열 오해(Tail Is Subsequence)		Data Structure & Algorithm - 기타 알고리즘	44	OX	HARD	LIS의 O(n log n) 풀이에서 최종 tail 배열은 원본에서 그대로 뽑을 수 있는 실제 LIS 수열이다.	tail 배열은 길이별 최소 끝값을 유지하는 데이터 구조이지, 그대로 답 수열을 뜻하지 않습니다. 중간에 tail 값이 교체되면서 원본에서의 인덱스 순서가 깨질 수 있습니다. 그래서 tail 자체를 출력하면 증가 수열이 아니거나 원본에서의 부분 수열이 아닐 수도 있습니다. 면접에서는 이 차이를 모르고 tail을 정답 수열로 착각하는 실수를 자주 체크합니다. 실무에서 실제 LIS를 출력해야 한다면 부모 포인터 추적 같은 복원 로직이 필요합니다.		O	FALSE	X	TRUE					dsa	dp		
Q231	정확히 K개 서로 다른 원소(Exactly K Distinct)		Data Structure & Algorithm - 기타 알고리즘	44	OX	HARD	서로 다른 원소가 정확히 K개인 부분 배열 수는 atMost K개인 개수에서 atMost K-1개인 개수를 빼면 구할 수 있다.	정확히 K개는 직접 세기 어려운 반면, 최대 K개는 투 포인터로 세기 쉬운 경우가 많습니다. 최대 K-1개인 부분 배열은 항상 최대 K개에도 포함되는 포함 관계가 성립합니다. 그래서 두 값을 빼면 정확히 K개인 경우만 남습니다. 면접에서는 포함 관계가 왜 성립하는지, 카운팅에서 중복이 왜 생기지 않는지까지 설명하라고 합니다. 실무에서는 이 트릭이 문자열과 배열 카운팅 문제에서 자주 등장하니 패턴으로 익혀두면 좋습니다.		O	TRUE	X	FALSE					dsa	two_pointers		
Q232	atMost 투 포인터 전제(Sorted Requirement)		Data Structure & Algorithm - 기타 알고리즘	44	OX	HARD	atMost K 조건으로 부분 배열을 세는 투 포인터 방식은 배열이 정렬되어 있어야만 적용할 수 있다.	atMost K 투 포인터는 정렬 여부가 아니라 조건의 단조성에 의존합니다. 예를 들어 서로 다른 원소 개수, 합의 상한, 양수 곱의 상한 같은 조건은 정렬 없이도 윈도우 확장과 축소로 유지할 수 있습니다. 정렬이 필요한 투 포인터는 보통 양끝 합 비교처럼 값의 크기 관계를 이용할 때입니다. 면접에서는 정렬이 필요한 투 포인터와 필요 없는 슬라이딩 윈도우를 구분하라고 자주 묻습니다. 실무에서도 정렬이 불필요한데 정렬을 해버리면 시간과 기능 모두 손해일 수 있어 판단이 중요합니다.		O	FALSE	X	TRUE					dsa	two_pointers		
Q233	허프만 코딩(Huffman Coding)		Data Structure & Algorithm - 기타 알고리즘	44	OX	HARD	허프만 코딩은 가장 작은 빈도의 두 노드를 반복해서 합치는 그리디로 평균 코드 길이를 최소화한다.	허프만 코딩은 접두 코드에서 평균 길이를 최소화하는 대표 알고리즘입니다. 빈도가 작은 문자를 더 깊은 레벨로 보내는 것이 평균 길이를 줄이는 핵심 직관입니다. 그래서 항상 가장 작은 두 빈도를 먼저 합치며 트리를 구성합니다. 면접에서는 왜 작은 것부터 합쳐야 안전한지, 최소 힙으로 어떻게 구현하는지까지 물어보는 경우가 많습니다. 실무에서는 압축, 부호화, 우선순위 기반 병합 문제로 사고를 확장할 수 있습니다.		O	TRUE	X	FALSE					dsa	greedy		
Q234	허프만 반대 선택(Wrong Merge Order)		Data Structure & Algorithm - 기타 알고리즘	44	OX	HARD	허프만 코딩에서 가장 큰 빈도의 두 노드를 먼저 합쳐도 최적 접두 코드를 항상 얻을 수 있다.	가장 큰 빈도를 먼저 합치면, 자주 등장하는 문자가 더 깊은 레벨로 내려가 코드 길이가 길어질 가능성이 큽니다. 이는 평균 코드 길이 최소화 목적과 정반대 방향입니다. 허프만의 최적성은 작은 것부터 합치는 선택이 교환 논증으로 안전하다는 데에 있습니다. 면접에서는 간단한 빈도 예시로 반례를 만들 수 있는지 확인하기도 합니다. 실무에서는 그리디는 선택 방향 하나가 최적성을 바로 깨뜨릴 수 있다는 점을 항상 경계해야 합니다.		O	FALSE	X	TRUE					dsa	greedy		
Q235	분할 정복 DP 최적화(Divide and Conquer DP)		Data Structure & Algorithm - 기타 알고리즘	44	OX	HARD	최적 분할점이 인덱스에 대해 단조적으로 움직인다는 조건이 성립하면, 분할 정복 DP 최적화로 한 층의 계산을 제곱 시간보다 빠르게 줄일 수 있다.	분할 정복 DP 최적화는 dp의 각 위치에서 최적 분할점이 단조로 이동할 때 적용할 수 있습니다. 이 단조성이 있으면 탐색 구간을 재귀적으로 줄이면서도 정답 후보를 놓치지 않습니다. 그래서 원래 제곱 시간으로 계산하던 전이를 더 빠르게 만들 수 있습니다. 면접에서는 단조성 조건을 왜 요구하는지, 조건이 깨지면 오답이 나는 이유를 설명하라고 합니다. 실무에서는 최적화 자체보다 적용 가능 여부를 검증하는 과정이 훨씬 더 중요합니다.		O	TRUE	X	FALSE					dsa	dp		
Q236	크누스 최적화 포함 관계(Knuth vs DnC)		Data Structure & Algorithm - 기타 알고리즘	44	OX	HARD	분할 정복 DP 최적화가 가능한 모든 문제는 크누스 최적화도 항상 적용 가능하다.	크누스 최적화는 적용되는 DP 형태가 더 제한적이고, 비용 함수가 추가 성질을 만족해야 합니다. 분할 정복 최적화는 opt 단조성만으로 가능한 경우가 있지만, 크누스는 그보다 더 강한 조건이 필요합니다. 따라서 분할 정복이 된다고 해서 크누스가 항상 되는 것은 아닙니다. 면접에서는 두 최적화의 차이와 적용 조건을 구분할 수 있는지를 봅니다. 실무에서는 조건이 불명확하면 안전한 풀이를 유지하는 것이 중요합니다.		O	FALSE	X	TRUE					dsa	dp		
Q237	구간 덮기 최소 개수(Interval Covering Greedy)		Data Structure & Algorithm - 기타 알고리즘	44	OX	HARD	한 구간을 최소 개수의 구간 조각으로 덮는 문제는, 현재 위치에서 시작점이 가능한 후보 중 가장 멀리까지 뻗는 구간을 고르는 그리디로 최적을 보장한다.	구간 덮기 문제는 대표적으로 그리디가 최적을 보장하는 유형입니다. 현재 지점에서 시작할 수 있는 구간들 중 끝이 가장 먼 것을 고르면, 다음 단계에서 커버해야 할 남은 구간이 최소화됩니다. 이 선택은 교환 논증으로 정당화하기 좋은 편입니다. 면접에서는 후보를 어떻게 필터링하고, 정렬 기준을 어떻게 잡는지까지 구체적으로 묻습니다. 실무에서는 커버리지 계산, 광고 노출 구간, 네트워크 신호 커버 같은 문제로 응용됩니다.		O	TRUE	X	FALSE					dsa	greedy		
Q238	구간 덮기 오답 기준(Wrong Greedy for Cover)		Data Structure & Algorithm - 기타 알고리즘	44	OX	HARD	구간을 최소 개수로 덮기 위해서는 항상 길이가 가장 짧은 구간부터 선택하는 그리디가 최적이다.	길이가 짧은 구간부터 고르면 현재 지점은 덮을 수 있어도 멀리 뻗지 못해 선택 개수가 늘어날 수 있습니다. 반대로 멀리 뻗는 구간을 먼저 선택하면 남은 구간이 줄어 전체 개수가 줄어듭니다. 구간 덮기에서 핵심은 길이가 아니라 현재 지점에서의 도달 범위를 최대로 늘리는 선택입니다. 면접에서는 짧은 구간 우선이 왜 실패하는지 간단한 반례를 만들 수 있는지 확인합니다. 실무에서도 최적화 목표와 정렬 기준이 정확히 연결되어야 합니다.		O	FALSE	X	TRUE					dsa	greedy		
Q239	원형 배열 투 포인터(Circular Two Pointers)		Data Structure & Algorithm - 기타 알고리즘	44	OX	HARD	원형 배열에서 모든 값이 음이 아닌 경우, 배열을 한 번 더 이어붙이고 윈도우 길이를 원본 길이로 제한하면 합 조건 카운팅을 투 포인터로 처리할 수 있다.	원형 배열은 끝과 시작이 이어져 있어 구간 처리가 까다롭습니다. 값이 모두 음이 아니면 윈도우 확장 시 합이 단조 증가하는 성질을 이용할 수 있습니다. 배열을 두 번 이어붙이면 원형 구간이 선형 구간으로 표현되고, 윈도우 길이를 원본 길이 이내로 제한하면 중복 카운팅도 막을 수 있습니다. 면접에서는 왜 길이 제한이 필요한지, 어떤 경우에 중복이 생기는지 설명하라고 합니다. 실무에서는 로그 분석, 시계열의 순환 구간 처리에 비슷한 아이디어가 쓰입니다.		O	TRUE	X	FALSE					dsa	two_pointers		
Q240	원형 배열 음수 포함(Circular With Negatives)		Data Structure & Algorithm - 기타 알고리즘	44	OX	HARD	원형 배열에 음수가 포함되어도, 배열을 이어붙인 뒤 같은 투 포인터 규칙을 적용하면 합 조건을 항상 올바르게 처리할 수 있다.	음수가 포함되면 윈도우 확장과 축소가 합을 단조롭게 변화시키지 않습니다. 그래서 포인터를 한 방향으로만 움직이며 조건을 유지하는 투 포인터의 핵심 전제가 깨집니다. 원형으로 바꾸어도 이 문제는 해결되지 않고, 오히려 중복과 경계 처리가 더 복잡해집니다. 이런 경우에는 누적합과 해시, 혹은 다른 최적화 기법을 고려해야 합니다. 면접에서는 왜 음수가 단조성을 깨는지, 어떤 대안이 있는지까지 설명할 수 있어야 합니다.		O	FALSE	X	TRUE					dsa	two_pointers		
Q241	동적계획법(DP)		Data Structure & Algorithm - 기타 알고리즘	44	INITIALS	EASY	큰 문제를 작은 부분 문제로 나누고, 부분 문제 결과를 저장해 재사용하는 대표적 알고리즘 기법은 무엇인가?	동적계획법은 문제를 부분 문제로 분해하고, 이미 계산한 결과를 저장해 중복 계산을 줄이는 방식입니다. 핵심은 상태 정의와 점화식 전이이며, 메모이제이션 또는 바텀업 테이블로 구현합니다. 면접에서는 최적 부분 구조와 겹치는 부분 문제를 설명할 수 있는지 확인합니다. 실무에서는 성능 병목을 줄이거나 최적해를 구하는 조합 최적화 문제에서 자주 사용됩니다. 상태 의미가 흐려지면 오답이 나기 쉬워 상태 정의를 먼저 명확히 잡는 것이 중요합니다.	동적계획법									dsa	dp		
Q242	메모이제이션(Memoization)		Data Structure & Algorithm - 기타 알고리즘	44	INITIALS	EASY	재귀로 풀되, 이미 계산한 값을 캐시에 저장해 같은 호출을 반복하지 않도록 하는 기법은 무엇인가?	메모이제이션은 탑다운 방식 DP에서 핵심이 되는 기법입니다. 함수 호출 결과를 배열이나 맵에 저장해 같은 입력에 대한 중복 호출을 막습니다. 면접에서는 메모이제이션과 바텀업의 차이, 스택 깊이 이슈를 함께 물어보는 경우가 많습니다. 실무에서는 캐시 키를 상태로 정확히 구성해야 하며, 상태 수가 큰 경우 메모리 사용량이 급증할 수 있어 주의가 필요합니다. 또한 초기값 처리와 방문 여부 체크가 오답을 좌우합니다.	메모이제이션									dsa	dp		
Q243	바텀업(Bottom Up)		Data Structure & Algorithm - 기타 알고리즘	44	INITIALS	EASY	작은 값부터 차례대로 테이블을 채워 큰 문제의 답을 구하는 DP 구현 방식은 무엇인가?	바텀업은 DP 테이블을 직접 채워 나가는 방식으로 반복문 기반 구현이 많습니다. 재귀 호출을 쓰지 않아 스택 오버플로우 위험이 상대적으로 적습니다. 면접에서는 전이 순서가 왜 중요한지, 어떤 순서로 채워야 이전 값이 준비되는지 설명을 요구합니다. 실무에서는 메모리 최적화를 위해 롤링 배열을 같이 쓰는 경우가 많습니다. 초기값과 경계 조건을 꼼꼼히 잡는 것이 핵심입니다.	바텀업									dsa	dp		
Q244	상태(State)		Data Structure & Algorithm - 기타 알고리즘	44	INITIALS	EASY	DP에서 dp 배열의 한 칸이 의미하는 ‘부분 문제의 정의’를 무엇이라고 부르는가?	상태는 DP 설계의 출발점입니다. dp[i]가 무엇을 의미하는지 한 문장으로 정의할 수 있어야 점화식을 만들 수 있습니다. 면접에서는 상태 정의가 적절한지, 정보가 부족하거나 과하지 않은지 확인합니다. 실무에서는 상태가 애매하면 전이 과정에서 의미가 깨져 오답이 나기 쉽습니다. 또한 상태 수가 너무 많으면 시간과 메모리가 폭발하므로 적정 수준의 추상화가 필요합니다.	상태									dsa	dp		
Q245	점화식(Recurrence)		Data Structure & Algorithm - 기타 알고리즘	44	INITIALS	EASY	DP에서 현재 상태를 이전 상태들로 표현하는 전이 관계 식을 무엇이라고 하는가?	점화식은 상태 간 관계를 수식으로 표현한 것입니다. 올바른 점화식은 부분 문제의 답으로 전체 답을 만들 수 있어야 합니다. 면접에서는 왜 그 점화식이 맞는지, 최적 부분 구조가 성립하는지 설명을 요구합니다. 실무에서는 점화식의 후보를 여러 개 세운 뒤 작은 입력으로 손으로 검증하는 습관이 도움이 됩니다. 또한 초기 조건이 점화식과 호환되는지 반드시 확인해야 합니다.	점화식									dsa	dp		
Q246	최적부분구조(Optimal Substructure)		Data Structure & Algorithm - 기타 알고리즘	44	INITIALS	EASY	전체 최적해가 부분 문제들의 최적해로 구성될 수 있다는 DP의 핵심 성질은 무엇인가?	최적부분구조는 DP가 성립하는 중요한 조건 중 하나입니다. 전체 최적해가 부분 문제 최적해의 조합으로 표현되어야 DP로 풀 수 있습니다. 면접에서는 겹치는 부분 문제와의 차이도 자주 물어봅니다. 실무에서는 그리디와 헷갈리기 쉬운데, 최적부분구조만으로 그리디가 되는 것은 아니라는 점도 함께 기억해야 합니다. 상태 정의와 전이 설계의 타당성을 뒷받침하는 근거가 됩니다.	최적부분구조									dsa	dp		
Q247	그리디(Greedy)		Data Structure & Algorithm - 기타 알고리즘	44	INITIALS	EASY	매 단계에서 현재 가장 좋아 보이는 선택을 하고, 이를 반복해 해답을 만드는 알고리즘 전략은 무엇인가?	그리디는 매 순간의 지역 최선 선택을 누적하는 전략입니다. 모든 문제가 그리디로 풀리지는 않으며, 그리디 선택 속성 같은 정당화가 필요합니다. 면접에서는 반례를 만들 수 있는지, 왜 특정 문제는 그리디가 되는지 증명 관점을 확인합니다. 실무에서는 구현이 단순해 보여도 정렬 기준 하나로 최적성이 깨질 수 있어 조건 검증이 중요합니다. 교환 논증이나 컷 속성 같은 논리를 익혀두면 도움이 됩니다.	그리디									dsa	greedy		
Q248	선택정렬기준(Sort Key)		Data Structure & Algorithm - 기타 알고리즘	44	INITIALS	EASY	그리디에서 ‘무엇을 먼저 고를지’를 결정하기 위해 정렬에 사용하는 기준을 무엇이라고 하는가?	그리디는 정렬 기준 선택이 핵심인 경우가 많습니다. 활동 선택은 종료 시간, 분수 배낭은 가치 대비 무게 비율처럼 정렬 기준이 곧 정답의 근거가 됩니다. 면접에서는 왜 그 기준이 안전한 선택을 보장하는지 설명을 요구합니다. 실무에서는 요구사항이 바뀌면 정렬 기준부터 다시 검증해야 합니다. 기준이 잘못되면 오답뿐 아니라 성능도 급격히 나빠질 수 있습니다.	선택정렬기준									dsa	greedy		
Q249	교환논증(Exchange Argument)		Data Structure & Algorithm - 기타 알고리즘	44	INITIALS	EASY	그리디의 정당성을 보일 때, 최적해를 그리디 해로 바꿔도 최적성을 잃지 않음을 보이는 증명 기법은 무엇인가?	교환논증은 그리디 증명에서 가장 자주 쓰이는 방식입니다. 어떤 최적해가 그리디 선택을 포함하지 않더라도, 일부를 교환해 그리디 선택을 포함하도록 바꿀 수 있음을 보입니다. 이렇게 바꿔도 해의 품질이 나빠지지 않으면 그리디가 최적임이 성립합니다. 면접에서는 활동 선택, MST 등 대표 예시로 교환 논증을 설명할 수 있는지 확인합니다. 실무에서는 그리디를 적용할 때 “교환 가능한 구조”가 있는지를 먼저 보는 습관이 중요합니다.	교환논증									dsa	greedy		
Q250	투포인터(Two Pointers)		Data Structure & Algorithm - 기타 알고리즘	44	INITIALS	EASY	배열이나 문자열에서 두 개의 인덱스를 움직이며 조건을 만족하는 구간이나 쌍을 찾는 기법은 무엇인가?	투 포인터는 두 인덱스를 앞뒤로 이동시키며 탐색 범위를 조절하는 패턴입니다. 정렬된 배열에서 합을 찾거나, 특정 조건을 만족하는 구간을 찾는 문제에 자주 쓰입니다. 면접에서는 정렬이 필요한 경우와 필요 없는 슬라이딩 윈도우를 구분할 수 있는지 봅니다. 실무에서는 포인터가 되돌아가지 않는 단조성 조건이 성능과 정답을 좌우합니다. 경계 조건과 중복 처리에서 실수가 잦습니다.	투포인터									dsa	two_pointers		
Q251	슬라이딩윈도우(Sliding Window)		Data Structure & Algorithm - 기타 알고리즘	44	INITIALS	EASY	고정 또는 가변 길이의 구간을 유지하면서 왼쪽과 오른쪽을 움직여 조건을 만족하는 구간을 찾는 투 포인터 패턴은 무엇인가?	슬라이딩 윈도우는 투 포인터의 대표 응용입니다. 윈도우를 확장하고 조건이 깨지면 축소하는 방식으로 선형 시간에 문제를 해결할 수 있습니다. 면접에서는 어떤 조건이 단조성을 가지는지, 음수가 포함되면 왜 깨지는지 자주 묻습니다. 실무에서는 카운팅 문제에서 r-l+1 누적 같은 트릭이 자주 등장합니다. 빈도 맵 갱신과 while 조건 순서가 오답의 주요 원인입니다.	슬라이딩윈도우									dsa	two_pointers		
Q252	부분합(Prefix Sum)		Data Structure & Algorithm - 기타 알고리즘	44	INITIALS	EASY	구간 합을 빠르게 구하기 위해 누적합 배열을 만들어 두는 기법은 무엇인가?	부분합은 배열의 앞에서부터 누적한 값을 저장해 두고, 구간 합을 두 값의 차로 계산합니다. 이 아이디어는 O(n) 전처리 후 O(1) 구간 질의를 가능하게 합니다. 면접에서는 왜 차로 구간 합이 되는지, 1-index 처리와 경계 케이스를 정확히 설명하는지 봅니다. 실무에서는 투 포인터가 깨지는 음수 포함 카운팅 문제에서 누적합과 해시를 결합해 쓰기도 합니다. 오버플로우를 방지하기 위해 long 타입을 쓰는 습관도 중요합니다.	부분합									dsa	dp	two_pointers	
Q253	배낭문제(Knapsack)		Data Structure & Algorithm - 기타 알고리즘	44	INITIALS	EASY	제한된 무게 안에서 가치의 합을 최대화하도록 물건을 고르는 대표 DP 문제는 무엇인가?	배낭문제는 DP에서 가장 유명한 최적화 문제입니다. 0-1 배낭은 각 아이템을 한 번만 선택할 수 있고, 무한 배낭은 여러 번 선택할 수 있습니다. 면접에서는 두 문제의 전이와 1차원 최적화 시 순회 방향 차이를 자주 물어봅니다. 실무에서는 자원 제약 하의 선택, 예산 배분 등 다양한 최적화 문제로 해석할 수 있습니다. 순회 방향을 틀리면 정답이 미묘하게 틀어지므로 주의해야 합니다.	배낭문제									dsa	dp		
Q254	최소동전개수(Coin Change)		Data Structure & Algorithm - 기타 알고리즘	44	INITIALS	EASY	여러 동전으로 특정 금액을 만들 때 필요한 동전 개수의 최솟값을 구하는 대표 DP 문제는 무엇인가?	최소 동전 개수 문제는 dp[금액]을 이전 금액에서 1을 더해 갱신하는 전형 DP입니다. 동전 조합 수를 세는 문제와 점화식이 다르므로 구분이 필요합니다. 면접에서는 도달 불가능한 금액 처리와 초기값 설정을 자주 체크합니다. 실무에서는 단순해 보여도 값이 큰 경우 시간 최적화가 필요할 수 있습니다. 또한 그리디가 항상 통하지 않는 반례가 존재하는 대표 예시로도 자주 나옵니다.	최소동전개수									dsa	dp	greedy	
Q255	분수배낭(Fractional Knapsack)		Data Structure & Algorithm - 기타 알고리즘	44	INITIALS	EASY	물건을 쪼개서 담을 수 있을 때, 가치 대비 무게 비율이 큰 순으로 담는 그리디가 최적이 되는 문제는 무엇인가?	분수배낭은 그리디가 최적임을 보일 수 있는 대표 문제입니다. 물건을 쪼갤 수 있어 남은 용량만큼 비율대로 담는 것이 가능하기 때문입니다. 면접에서는 0-1 배낭과의 차이, 왜 0-1에서는 같은 그리디가 실패하는지 반례를 묻습니다. 실무에서는 연속적인 자원 배분 문제에서 비슷한 논리가 적용될 수 있습니다. 정렬 기준이 비율이라는 점을 명확히 기억하는 것이 중요합니다.	분수배낭									dsa	greedy		
Q256	활동선택(Activity Selection)		Data Structure & Algorithm - 기타 알고리즘	44	INITIALS	EASY	겹치지 않는 활동을 최대한 많이 선택할 때, 종료 시간이 빠른 순으로 고르는 그리디가 최적이 되는 대표 문제는 무엇인가?	활동선택 문제는 그리디 정당화의 교과서 예시입니다. 종료 시간이 빠른 활동을 먼저 선택하면 이후에 배치 가능한 활동 수가 최대화됩니다. 면접에서는 왜 시작 시간이나 길이 기준은 실패하는지 반례를 만들 수 있는지 확인합니다. 실무에서는 회의실 배정, 예약 스케줄링 같은 문제에 직관적으로 연결됩니다. 종료 시간 정렬 후 선택하는 구현 흐름을 정확히 설명할 수 있으면 좋습니다.	활동선택									dsa	greedy		
Q257	최소윈도우(Minimum Window)		Data Structure & Algorithm - 기타 알고리즘	44	INITIALS	EASY	문자열에서 특정 조건을 만족하는 가장 짧은 구간을 찾기 위해 투 포인터와 빈도 맵을 사용하는 대표 문제 패턴은 무엇인가?	최소 윈도우는 슬라이딩 윈도우의 난이도 있는 대표 패턴입니다. 윈도우가 조건을 만족하면 왼쪽을 줄여 최소 길이를 갱신하고, 조건이 깨지면 다시 확장합니다. 면접에서는 조건 만족 판단을 어떻게 하는지, 카운트 변수가 왜 필요한지까지 자세히 묻습니다. 실무에서는 텍스트 검색, 로그 필터링에서 유사한 요구가 자주 등장합니다. 업데이트 순서가 조금만 틀려도 오답이 되므로 디테일이 중요합니다.	최소윈도우									dsa	two_pointers		
Q258	롤링배열(Rolling Array)		Data Structure & Algorithm - 기타 알고리즘	44	INITIALS	EASY	DP 테이블 전체를 저장하지 않고, 이전 행 또는 일부만 유지해 메모리를 줄이는 최적화 기법은 무엇인가?	롤링배열은 DP의 공간 최적화 기법입니다. 현재 계산에 필요한 이전 상태만 남기고 나머지는 버려 메모리를 크게 줄일 수 있습니다. 면접에서는 언제 가능한지, 참조 의존성이 어느 범위인지 설명해야 합니다. 실무에서는 메모리 제한이 빡빡한 온라인 저지에서 자주 사용됩니다. 단, 업데이트 순서를 잘못 잡으면 값이 덮여 오답이 되므로 특히 주의가 필요합니다.	롤링배열									dsa	dp		
Q259	탑다운(Top Down)		Data Structure & Algorithm - 기타 알고리즘	44	INITIALS	EASY	큰 문제에서 시작해 더 작은 부분 문제로 내려가며, 필요할 때 계산한 결과를 저장해 재사용하는 DP 구현 방식은 무엇인가?	탑다운은 재귀 호출로 상태를 내려가며 답을 구하고, 이미 계산한 결과는 캐시에 저장해 중복 호출을 막습니다. 이 방식은 필요한 상태만 계산하는 장점이 있어 상태 공간이 큰 문제에서 유리할 수 있습니다. 면접에서는 스택 깊이와 종료 조건 설계를 함께 묻는 경우가 많습니다. 실무에서는 메모이제이션 키 설계를 잘못하면 캐시가 먹지 않아 성능이 급격히 떨어질 수 있습니다. 또한 방문 여부 체크가 없으면 무한 재귀나 시간 초과로 이어질 수 있어 주의가 필요합니다.	탑다운									dsa	dp		
Q260	중복부분문제(Overlapping Subproblems)		Data Structure & Algorithm - 기타 알고리즘	44	INITIALS	EASY	같은 부분 문제가 여러 경로에서 반복해서 등장해, 저장해두면 계산을 크게 줄일 수 있다는 성질을 무엇이라 하는가?	중복부분문제는 DP가 효과를 발휘하는 핵심 조건입니다. 동일한 부분 문제가 반복되면, 저장한 결과를 재사용해 시간 복잡도를 크게 줄일 수 있습니다. 면접에서는 최적부분구조와의 차이를 자주 물어봅니다. 실무에서는 상태 수가 적당히 반복되는지, 즉 “캐시 히트율”이 나올 구조인지 먼저 점검하는 것이 중요합니다. 반복이 거의 없으면 DP보다 다른 접근이 더 나을 수도 있습니다.	중복부분문제									dsa	dp		
Q261	상태전이(State Transition)		Data Structure & Algorithm - 기타 알고리즘	44	INITIALS	EASY	DP에서 한 상태의 값을 이전 상태(또는 더 작은 상태)들의 값으로부터 갱신하는 과정을 무엇이라고 하는가?	상태전이는 DP의 계산 규칙 자체입니다. 상태 정의가 “무엇을 저장할지”라면, 전이는 “어떻게 채울지”에 해당합니다. 면접에서는 전이의 방향과 순서가 맞는지, 참조하는 상태가 이미 계산되어 있는지 확인합니다. 실무에서는 전이를 코드로 옮길 때 인덱스 경계와 초기값이 함께 맞아야 합니다. 또한 전이가 누락되면 특정 케이스에서만 오답이 나므로 작은 예제로 검증하는 습관이 중요합니다.	상태전이									dsa	dp		
Q262	기저조건(Base Case)		Data Structure & Algorithm - 기타 알고리즘	44	INITIALS	EASY	DP나 재귀에서 더 이상 쪼갤 수 없는 가장 작은 입력에 대한 초기값 또는 종료 조건을 무엇이라고 하는가?	기저조건은 DP 테이블의 시작점이자 재귀 종료 조건입니다. 기저조건이 틀리면 이후 모든 전이가 잘 맞아도 결과가 어긋납니다. 면접에서는 dp[0] 같은 초기값이 왜 그 값인지 논리적으로 설명할 수 있는지 봅니다. 실무에서는 빈 배열, 길이 0, 금액 0 등 경계 입력에서 기저조건이 자주 터집니다. 따라서 문제를 풀 때 가장 먼저 기저조건을 확정하는 습관이 안정적입니다.	기저조건									dsa	dp		
Q263	그리디선택속성(Greedy Choice Property)		Data Structure & Algorithm - 기타 알고리즘	44	INITIALS	EASY	그리디에서 “지금의 선택이 이후 최적해를 막지 않는다”는 성질을 무엇이라고 하는가?	그리디선택속성은 그리디가 정답이 되기 위한 핵심 요건입니다. 즉, 매 단계의 지역 최선 선택이 전역 최적해의 일부가 될 수 있어야 합니다. 면접에서는 이 속성을 증명하기 위해 교환 논증이나 컷 속성을 어떻게 쓰는지까지 확장될 수 있습니다. 실무에서는 이 속성이 불명확하면 그리디로 밀어붙이면 안 되고, DP나 다른 최적화 방법을 고려해야 합니다. 그리디는 구현은 쉬워도 증명은 어려운 경우가 많습니다.	그리디선택속성									dsa	greedy		
Q264	컷속성(Cut Property)		Data Structure & Algorithm - 기타 알고리즘	44	INITIALS	EASY	MST에서 임의의 컷을 가로지르는 간선 중 최소 가중치 간선이 안전하다는 그리디 정당화 성질을 무엇이라고 하는가?	컷속성은 최소 신장 트리의 그리디 정당화 핵심 개념입니다. 어떤 컷을 가로지르는 간선 중 가장 가벼운 간선은 어떤 MST에도 포함될 수 있는 안전 간선입니다. 면접에서는 이 성질을 말로 설명하고, 왜 최소 간선이 안전한지 직관을 제시할 수 있는지 봅니다. 실무에서는 네트워크 연결 비용 최소화, 인프라 구축 문제로 자주 이어집니다. 그리디가 “항상” 맞는 드문 사례로 자주 출제됩니다.	컷속성									dsa	greedy		
Q265	안전한선택(Safe Edge)		Data Structure & Algorithm - 기타 알고리즘	44	INITIALS	EASY	그리디 증명에서 선택해도 최적해가 남아 있음을 보장하는 선택을 무엇이라고 부르는가?	안전한 선택은 그리디에서 “이 선택을 강제해도 최적해가 존재한다”는 의미입니다. 이 개념이 명확해야 그리디가 단순한 휴리스틱이 아니라 정답 알고리즘이 됩니다. 면접에서는 안전한 선택과 “항상 유일한 선택”을 혼동하지 않는지 확인합니다. 실무에서는 안전성을 보이기 위해 교환 논증이나 컷 속성을 쓰는 경우가 많습니다. 안전한 선택을 찾는 과정이 곧 그리디 설계 과정입니다.	안전한선택									dsa	greedy		
Q266	투포인터불변식(Two Pointer Invariant)		Data Structure & Algorithm - 기타 알고리즘	44	INITIALS	EASY	슬라이딩 윈도우에서 포인터를 움직일 때 항상 유지해야 하는 조건이나 규칙을 무엇이라고 하는가?	불변식은 알고리즘이 진행되는 동안 항상 참이어야 하는 조건입니다. 투 포인터에서는 “현재 윈도우가 조건을 만족한다” 또는 “조건을 만족하도록 l을 조정했다” 같은 규칙이 불변식이 됩니다. 면접에서는 불변식을 말로 세우고, 각 단계가 불변식을 깨지 않음을 설명할 수 있는지 봅니다. 실무에서는 불변식이 명확하면 디버깅이 빨라지고, 무한 루프나 경계 오류를 줄일 수 있습니다. while 조건과 갱신 순서를 불변식 관점에서 점검하는 습관이 중요합니다.	투포인터불변식									dsa	two_pointers		
Q267	단조성(Monotonicity)		Data Structure & Algorithm - 기타 알고리즘	44	INITIALS	EASY	투 포인터나 이분 탐색에서 포인터가 되돌아가지 않거나 판정 결과가 한 방향으로만 변하는 성질을 무엇이라고 하는가?	단조성은 선형 시간 투 포인터를 가능하게 하는 핵심 조건입니다. 예를 들어 양수 배열에서 합이 커질수록 조건이 한 방향으로만 변하므로 포인터가 되돌아가지 않습니다. 면접에서는 음수가 섞이면 단조성이 깨져 슬라이딩 윈도우가 실패할 수 있음을 설명하라고 합니다. 실무에서는 “단조성 확인 없이 투 포인터 적용”이 대표적인 오답 원인입니다. 단조성은 파라메트릭 서치 같은 이분 탐색 최적화에서도 똑같이 중요합니다.	단조성									dsa	two_pointers	greedy	
Q268	정렬후투포인터(Sort Then Two Pointers)		Data Structure & Algorithm - 기타 알고리즘	44	INITIALS	EASY	합이 특정 값이 되는 두 수를 찾는 문제에서, 정렬한 뒤 양끝 포인터를 움직여 탐색하는 전형 풀이 패턴은 무엇인가?	정렬 후 투 포인터는 2Sum류 문제에서 가장 기본적인 패턴입니다. 정렬하면 왼쪽은 값을 키우고 오른쪽은 값을 줄이는 방식으로 합을 조절할 수 있습니다. 면접에서는 왜 정렬이 필요한지, 해시 기반 2Sum과의 장단점을 비교하라고 합니다. 실무에서는 중복 제거 로직까지 함께 넣어야 하는 경우가 많습니다. 정렬로 인해 O(n log n)이 되지만, 추가 메모리 없이 처리하는 장점이 있습니다.	정렬후투포인터									dsa	two_pointers		
Q269	가장긴증가부분수열(LIS)		Data Structure & Algorithm - 기타 알고리즘	44	INITIALS	EASY	수열에서 순서를 유지하며 점점 커지도록 뽑을 수 있는 가장 긴 부분 수열 길이를 구하는 문제를 무엇이라고 하는가?	LIS는 DP의 대표 문제로, O(n^2) 점화식 풀이와 O(n log n) 이분 탐색 최적화 풀이가 유명합니다. 면접에서는 두 풀이의 차이와 tail 배열이 “정답 수열”이 아니라 “최소 끝값”이라는 점을 자주 체크합니다. 실무에서는 패턴 탐지, 버전 증가 추세 분석 같은 곳에 비유로 자주 등장합니다. 구현 시 인덱스와 비교 조건(엄격 증가 vs 비엄격 증가)을 명확히 해야 합니다.	가장긴증가부분수열									dsa	dp		
Q270	편집거리(Edit Distance)		Data Structure & Algorithm - 기타 알고리즘	44	INITIALS	EASY	한 문자열을 다른 문자열로 바꾸기 위한 삽입 삭제 치환 최소 횟수를 구하는 DP 문제를 무엇이라고 하는가?	편집거리는 문자열 DP의 대표 문제로, 2차원 dp[i][j]를 사용합니다. 문자가 같을 때와 다를 때 전이가 달라지는 것이 핵심입니다. 면접에서는 각 전이가 어떤 연산을 의미하는지, 초기 행과 열이 무엇을 뜻하는지 설명하라고 합니다. 실무에서는 유사도 측정, 오타 교정, 검색 추천에 응용됩니다. 구현 실수는 대부분 인덱스 오프바이원과 초기값에서 발생합니다.	편집거리									dsa	dp		
Q271	분할정복최적화(DnC Optimization)		Data Structure & Algorithm - 기타 알고리즘	44	INITIALS	EASY	DP에서 최적 분할점이 단조적으로 움직일 때 재귀적으로 탐색 범위를 줄여 계산을 빠르게 하는 최적화 기법을 무엇이라고 하는가?	분할 정복 최적화는 dp의 각 위치에서 최적 분할점이 단조로 이동한다는 조건을 이용합니다. 이 조건이 있으면 중앙 값을 계산하면서 양쪽 범위를 좁혀도 정답을 놓치지 않습니다. 면접에서는 단조성 조건을 왜 요구하는지와, 조건이 깨지면 오답이 나는 이유를 묻습니다. 실무에서는 적용 조건을 검증하는 과정이 가장 중요합니다. 최적화 자체보다 “쓸 수 있는지” 판단하는 능력이 면접에서 좋은 평가를 받습니다.	분할정복최적화									dsa	dp		
Q272	파라메트릭서치(Parametric Search)		Data Structure & Algorithm - 기타 알고리즘	44	INITIALS	EASY	정답이 될 값 X를 이분 탐색하고, 매 X에 대해 가능 여부를 판정해 최적 값을 찾는 기법을 무엇이라고 하는가?	파라메트릭 서치는 최적화 문제를 결정 문제로 바꾸는 아이디어입니다. 판정 함수가 단조적이어야 이분 탐색이 성립합니다. 면접에서는 “단조성”을 제대로 확인하는지, 판정을 그리디로 구성하는 예시를 설명할 수 있는지 봅니다. 실무에서는 용량, 시간, 최소 최대 최적화 문제에서 자주 쓰입니다. 단조성이 깨지면 이분 탐색이 망가져 오답이 되므로 전제 검증이 핵심입니다.	파라메트릭서치									dsa	greedy		
Q273	구간덮기(Interval Covering)		Data Structure & Algorithm - 기타 알고리즘	44	INITIALS	EASY	목표 구간을 최소 개수의 구간으로 덮기 위해, 현재 위치에서 가장 멀리 뻗는 구간을 선택하는 그리디 유형을 무엇이라고 하는가?	구간 덮기는 그리디가 최적을 보장하는 대표 유형입니다. 현재 지점에서 시작 가능한 구간 중 끝이 가장 먼 것을 고르면 남은 구간이 최소화됩니다. 면접에서는 후보 구간을 어떻게 정렬하고, 언제 실패로 판단하는지(틈 발생)까지 물어봅니다. 실무에서는 커버리지, 배치, 일정 구성에서 유사 문제가 자주 나옵니다. 구현에서는 인덱스 갱신과 “현재 커버 끝” 업데이트 순서를 특히 조심해야 합니다.	구간덮기									dsa	greedy		
Q274	배낭그리디실패(Knapsack Counterexample)		Data Structure & Algorithm - 기타 알고리즘	44	INITIALS	EASY	0-1 배낭에서 가치 대비 무게 비율이 큰 순으로 고르는 그리디가 항상 정답이 되지 않는다는 성질을 흔히 무엇으로 설명하는가?	0-1 배낭은 물건을 쪼갤 수 없어 비율 그리디가 최적을 보장하지 않습니다. 그래서 간단한 반례를 통해 “그리디가 실패한다”를 보여주는 것이 단골 면접 포인트입니다. 면접에서는 분수 배낭은 왜 되는지, 0-1은 왜 안 되는지 비교 설명이 자주 나옵니다. 실무에서는 그리디로 풀고 싶은 유혹이 큰 문제라서, 정답 보장이 없으면 DP로 전환하는 판단이 중요합니다. 반례를 스스로 만들 수 있으면 이해도가 높게 평가됩니다.	배낭그리디실패									dsa	greedy	dp	
Q275	최대부분합(Kadane)		Data Structure & Algorithm - 기타 알고리즘	44	INITIALS	EASY	연속 부분 배열의 합의 최댓값을 선형으로 구하는 대표 DP 알고리즘을 무엇이라고 하는가?	최대부분합은 카데인 알고리즘으로 많이 알려져 있습니다. 핵심은 dp[i]를 i에서 끝나는 최대 부분합으로 두고, dp[i] = max(a[i], dp[i-1] + a[i])로 갱신하는 것입니다. 면접에서는 왜 이전 합이 음수면 버리는 게 유리한지 설명하라고 합니다. 실무에서는 시계열 수익, 구간 이득 최대화 같은 문제에 비유로 자주 쓰입니다. 모든 값이 음수인 경우 초기값 처리에 주의해야 합니다.	최대부분합									dsa	dp		
Q276	부분수열부분문자열차이(Subsequence vs Substring)		Data Structure & Algorithm - 기타 알고리즘	44	INITIALS	EASY	LCS 같은 문제에서 핵심이 되는 ‘부분수열’과, 연속 구간인 ‘부분문자열’을 구분하는 개념을 무엇이라고 하는가?	부분수열은 원소를 건너뛰어도 순서만 유지하면 됩니다. 부분문자열은 반드시 연속 구간이어야 합니다. 이 차이는 DP 상태 설계에 직접 영향을 줍니다. 면접에서는 LCS와 최장 공통 부분문자열을 비교 질문으로 자주 냅니다. 실무에서는 검색, 패턴 매칭에서 요구사항이 “연속인지 아닌지”가 성능과 알고리즘 선택을 바꿉니다. 문제 문장을 읽을 때 이 구분을 먼저 체크하는 습관이 중요합니다.	부분수열부분문자열차이									dsa	dp		
Q277	윈도우카운팅(r-l+1)		Data Structure & Algorithm - 기타 알고리즘	44	INITIALS	EASY	슬라이딩 윈도우에서 오른쪽 포인터 r 고정 시, 조건을 만족하는 부분 배열 개수를 한 번에 더할 때 자주 쓰는 누적 방식은 무엇인가?	조건을 만족하는 최소 왼쪽 l이 정해지면, l부터 r까지 시작점을 움직이며 만들 수 있는 모든 구간이 조건을 만족하는 경우가 있습니다. 이때 개수는 보통 r-l+1로 한 번에 더할 수 있어 카운팅이 빨라집니다. 면접에서는 왜 한 번에 더해도 중복이 없는지, 어떤 조건에서 가능한지(단조성)까지 묻습니다. 실무에서는 atMost K류 카운팅 문제에서 이 패턴이 거의 고정으로 등장합니다. l 갱신 타이밍을 틀리면 개수가 크게 틀어져서 주의가 필요합니다.	윈도우카운팅									dsa	two_pointers		
Q278	투포인터중복제거(Duplicate Skip)		Data Structure & Algorithm - 기타 알고리즘	44	INITIALS	EASY	3Sum이나 4Sum처럼 정렬 기반 투 포인터 문제에서 같은 값 조합을 반복해서 세지 않도록 건너뛰는 처리를 무엇이라고 하는가?	정렬 기반 K-sum 문제에서는 같은 값이 반복되면 동일한 조합이 여러 번 만들어집니다. 이를 막기 위해 같은 값은 연속 구간에서 스킵하는 중복 제거 로직을 넣습니다. 면접에서는 중복 제거를 어디에 적용해야 하는지(바깥 루프, 안쪽 포인터 이동)까지 구체적으로 묻습니다. 실무에서는 중복 제거를 빼면 정답은 set으로 걸러도 성능이 크게 악화될 수 있습니다. 포인터 이동 후 while로 같은 값을 넘기는 패턴을 익혀두면 좋습니다.	투포인터중복제거									dsa	two_pointers		
Q279	최장증가부분수열(LIS)		Data Structure & Algorithm - 기타 알고리즘	44	INITIALS	MEDIUM	증가하는 부분 수열의 최대 길이를 구할 때, 이분 탐색 기반으로 O엔로그엔에 구하는 유명한 문제는 무엇인가?	최장증가부분수열은 DP의 대표 주제이지만, 성능을 높이면 이분 탐색과 결합한 O(n log n) 풀이가 가능합니다. 핵심은 길이별로 가능한 최소 끝값을 관리하는 tail 배열을 유지하는 것입니다. 면접에서는 tail이 실제 답 수열이 아니라 “끝값 후보”라는 점을 종종 확인합니다. 실무에서는 데이터가 커지면 O(n^2) DP가 시간 초과가 나기 쉬워 이 최적화 버전을 알고 있는지가 중요합니다. 또한 엄격 증가와 비엄격 증가 조건에 따라 이분 탐색 위치가 달라져 버그가 나기 쉬운 포인트입니다.	최장증가부분수열									dsa	dp		
Q280	최장공통부분수열(LCS)		Data Structure & Algorithm - 기타 알고리즘	44	INITIALS	MEDIUM	두 문자열의 공통 부분 수열 중 가장 긴 길이를 2차원 DP로 구하는 대표 문제는 무엇인가?	LCS는 문자열 DP 설계 역량을 보기 좋은 문제입니다. 상태는 보통 dp[i][j]로 두 접두사의 LCS 길이를 의미하게 잡습니다. 문자가 같으면 대각선에서 1을 더하고, 다르면 위나 왼쪽 중 큰 값을 선택하는 전이가 핵심입니다. 면접에서는 부분수열과 부분문자열 차이를 명확히 구분하는지 자주 묻습니다. 실무에서는 diff 계산이나 유사도 측정과 연결되어 직관을 설명할 수 있으면 좋습니다.	최장공통부분수열									dsa	dp		
Q281	최장팰린드롬부분수열(LPS)		Data Structure & Algorithm - 기타 알고리즘	44	INITIALS	MEDIUM	문자열에서 가장 긴 팰린드롬 부분 수열 길이를 구하는 DP 문제를 무엇이라고 하는가?	최장팰린드롬부분수열은 구간 DP의 형태로 많이 풉니다. dp[l][r]를 구간의 답으로 두고, 양끝 문자가 같으면 안쪽 구간에 2를 더하는 전이가 나옵니다. 면접에서는 부분수열과 부분문자열을 헷갈리지 않는지, 구간 DP에서 채우는 순서가 왜 필요한지 확인합니다. 실무에서는 문자열 최적화 문제에서 구간 상태 정의가 자연스럽게 떠오르는지 평가 포인트가 됩니다. 시간과 메모리가 O(n^2)로 커지기 때문에 입력 범위 감각도 중요합니다.	최장팰린드롬부분수열									dsa	dp		
Q282	최장팰린드롬부분문자열(LPSUB)		Data Structure & Algorithm - 기타 알고리즘	44	INITIALS	MEDIUM	문자열에서 가장 긴 팰린드롬 ‘연속 구간’을 찾는 문제를 무엇이라고 하는가?	최장팰린드롬부분문자열은 연속 구간을 요구하는 점이 핵심입니다. DP로 풀면 dp[l][r]를 “이 구간이 팰린드롬인지”로 두고 길이를 확장해 나갑니다. 또는 중심 확장, Manacher 같은 더 빠른 알고리즘도 있습니다. 면접에서는 부분수열과 부분문자열을 정확히 구분하는지, 중심 확장의 시간 복잡도를 설명할 수 있는지를 봅니다. 실무에서는 검색이나 텍스트 분석에서 “연속” 조건이 들어가면 풀이가 완전히 바뀐다는 감각이 중요합니다.	최장팰린드롬부분문자열									dsa	dp		
Q283	카데인알고리즘(Kadane)		Data Structure & Algorithm - 기타 알고리즘	44	INITIALS	MEDIUM	연속 부분 배열의 최대 합을 dp로 선형 시간에 구하는 알고리즘을 무엇이라고 하는가?	카데인 알고리즘은 dp[i]를 i에서 끝나는 최대 부분합으로 두는 전형적인 1차원 DP입니다. 이전 합이 음수면 버리고 새로 시작하는 것이 유리하다는 직관이 핵심입니다. 면접에서는 모든 값이 음수인 경우를 어떻게 처리하는지 자주 묻습니다. 실무에서는 “구간 이득 최대화” 유형에 자주 등장해 패턴으로 익혀두면 좋습니다. 초기값과 갱신 순서가 단순하지만, 한 줄 실수로 오답이 되기 쉬운 문제입니다.	카데인알고리즘									dsa	dp		
Q284	배낭문제(0-1 Knapsack)		Data Structure & Algorithm - 기타 알고리즘	44	INITIALS	MEDIUM	각 물건을 한 번만 선택할 수 있을 때, 제한 무게 안에서 가치 합을 최대화하는 대표 DP 문제는 무엇인가?	0-1 배낭은 상태를 dp[무게] 또는 dp[i][w]로 두고, 선택과 미선택을 비교합니다. 면접에서는 1차원 최적화 시 무게를 역순으로 순회해야 하는 이유를 자주 물어봅니다. 순회 방향을 잘못 잡으면 같은 아이템을 여러 번 쓴 것처럼 계산되어 오답이 됩니다. 실무에서도 DP는 이런 “업데이트 순서”가 정답을 좌우하는 대표 사례입니다. 문제의 제약을 보고 DP가 가능한 범위를 판단하는 감각도 중요합니다.	배낭문제									dsa	dp		
Q285	동전교환(Coin Change)		Data Structure & Algorithm - 기타 알고리즘	44	INITIALS	MEDIUM	여러 동전으로 금액을 만들 때 최소 동전 개수 또는 경우의 수를 DP로 구하는 대표 문제를 무엇이라고 하는가?	동전교환은 최소 개수 버전과 경우의 수 버전이 전혀 다른 DP 전이를 가집니다. 최소 개수는 dp[x] = min(dp[x], dp[x-coin]+1) 형태고, 경우의 수는 누적 합산 형태로 전이가 됩니다. 면접에서는 두 문제를 혼동하지 않는지, 무한 배낭과의 관계를 이해하는지 확인합니다. 실무에서는 점화식이 비슷해 보여도 목적 함수가 달라지면 전이가 바뀐다는 점이 중요합니다. 또한 도달 불가능 상태 초기화가 오답의 주요 원인입니다.	동전교환									dsa	dp		
Q286	최적이분탐색트리(Optimal BST)		Data Structure & Algorithm - 기타 알고리즘	44	INITIALS	MEDIUM	검색 확률이 주어졌을 때 기대 탐색 비용을 최소화하는 이진 탐색 트리를 구간 DP로 푸는 문제를 무엇이라고 하는가?	최적 이분 탐색 트리는 구간 DP의 대표적인 고전 문제입니다. dp[l][r]를 구간에서의 최소 비용으로 두고, 루트를 k로 선택했을 때의 비용을 비교합니다. 면접에서는 “왜 구간 DP로 모델링되는가”를 설명하는 능력이 중요합니다. 실무에서는 직접 쓰일 일은 적지만, 구간 DP의 사고 구조를 평가하는 데 자주 등장합니다. 시간 복잡도가 커서 최적화 기법과 함께 언급되기도 합니다.	최적이분탐색트리									dsa	dp		
Q287	활동선택(Activity Selection)		Data Structure & Algorithm - 기타 알고리즘	44	INITIALS	MEDIUM	겹치지 않는 활동을 최대한 많이 고르기 위해 종료 시간 기준 정렬을 사용하는 그리디 문제를 무엇이라고 하는가?	활동선택 문제는 그리디 증명에서 가장 유명한 예시입니다. 종료 시간이 빠른 활동을 먼저 선택하면 이후 선택 가능성이 최대화됩니다. 면접에서는 교환 논증으로 정당화할 수 있는지, 시작 시간이나 길이 기준이 왜 실패하는지 반례를 들어 설명할 수 있는지 봅니다. 실무에서는 회의실 배정이나 예약 시스템에서 직접적으로 응용됩니다. 구현에서는 정렬 후 “마지막 종료 시각” 갱신이 핵심 포인트입니다.	활동선택									dsa	greedy		
Q288	회의실배정(Meeting Room Scheduling)		Data Structure & Algorithm - 기타 알고리즘	44	INITIALS	MEDIUM	겹치지 않는 회의를 최대 개수로 배치하는 그리디 문제를 흔히 무엇이라고 부르는가?	회의실 배정은 활동선택 문제의 실무형 표현으로 자주 나옵니다. 종료 시간이 빠른 순으로 정렬한 뒤, 겹치지 않으면 선택하는 방식이 정답입니다. 면접에서는 종료 시간 정렬의 이유를 증명 관점으로 말할 수 있는지 확인합니다. 실무에서는 입력이 크면 O(n log n) 정렬이 병목이 될 수 있어, 데이터 구조와 입력 처리 최적화까지 고려할 수 있습니다. 시작 시간과 종료 시간이 같은 케이스에서 비교 연산을 어떻게 잡는지도 자주 실수하는 포인트입니다.	회의실배정									dsa	greedy		
Q289	최소동전그리디(Coin Greedy)		Data Structure & Algorithm - 기타 알고리즘	44	INITIALS	MEDIUM	동전 단위가 특정 조건을 만족할 때, 큰 동전부터 선택하는 그리디가 최소 개수를 보장하는 성질을 무엇이라고 하는가?	일반 동전 문제는 그리디가 항상 정답이 아닙니다. 하지만 미국 동전처럼 특정 체계에서는 큰 단위부터 선택하는 것이 최적임이 성립합니다. 이를 보통 캐노니컬 코인 시스템 같은 관점으로 설명합니다. 면접에서는 “언제 그리디가 되고 언제 반례가 생기는지”를 구분하는지를 봅니다. 실무에서는 화폐 단위가 바뀌거나 쿠폰 정책이 섞이면 그리디가 깨질 수 있어, 정답 보장이 필요하면 DP로 가는 판단이 중요합니다.	최소동전그리디									dsa	greedy		
Q290	최소윈도우부분문자열(Minimum Window Substring)		Data Structure & Algorithm - 기타 알고리즘	44	INITIALS	MEDIUM	문자열에서 특정 문자 멀티셋을 모두 포함하는 가장 짧은 연속 구간을 투 포인터로 찾는 유명 문제를 무엇이라고 하는가?	최소 윈도우 부분문자열은 슬라이딩 윈도우의 대표 난이도 중급 패턴입니다. 오른쪽 포인터로 조건을 만족시키고, 만족하면 왼쪽을 줄여 최소 길이를 갱신합니다. 면접에서는 조건 만족을 어떻게 판단하는지, formed 같은 카운트를 왜 쓰는지까지 깊게 묻습니다. 실무에서는 로그에서 조건을 만족하는 최소 구간을 찾는 등 응용이 많습니다. 빈도 맵 갱신 순서가 틀리면 특정 케이스에서만 오답이 나므로 디테일이 중요합니다.	최소윈도우부분문자열									dsa	two_pointers		
Q291	서로다른원소개수(Distinct Count Window)		Data Structure & Algorithm - 기타 알고리즘	44	INITIALS	MEDIUM	윈도우 내 서로 다른 원소 개수를 빈도 맵으로 관리하며 조건을 맞추는 투 포인터 패턴을 무엇이라고 하는가?	서로 다른 원소 개수 기반 슬라이딩 윈도우는 atMost K, exactly K 같은 카운팅 문제의 핵심 구성요소입니다. 윈도우에 원소가 들어오고 나갈 때 빈도를 갱신하며 distinctCount를 유지합니다. 면접에서는 빈도가 0이 되는 순간 distinctCount를 줄이는 타이밍을 자주 체크합니다. 실무에서는 문자열의 서로 다른 문자 수 제한, 로그 태그 종류 제한 같은 제약에서도 동일한 패턴이 쓰입니다. 구현 실수는 대부분 map 업데이트 순서와 while 조건에서 발생합니다.	서로다른원소개수									dsa	two_pointers		
Q292	투포인터정렬필요조건(Sorted Requirement)		Data Structure & Algorithm - 기타 알고리즘	44	INITIALS	MEDIUM	합이 목표값인 쌍을 찾는 투 포인터가 정렬을 요구하는 이유를 무엇이라고 설명하는가?	양끝 포인터 방식은 값의 크기 관계를 이용해 합을 조절합니다. 정렬되어 있어야 왼쪽을 움직이면 합이 증가하고, 오른쪽을 움직이면 합이 감소하는 단조 관계가 성립합니다. 면접에서는 이 단조성을 말로 설명하고, 정렬이 없으면 왜 방향 결정을 못 하는지 이해하는지 봅니다. 실무에서는 정렬 비용과 해시 기반 대안의 장단점을 비교해 선택할 수 있어야 합니다. 또한 중복 제거 처리까지 염두에 두면 더 완성도 있는 답변이 됩니다.	투포인터정렬필요조건									dsa	two_pointers		
Q293	삼중합(3Sum)		Data Structure & Algorithm - 기타 알고리즘	44	INITIALS	MEDIUM	정렬 후 한 값을 고정하고 나머지 두 값을 투 포인터로 찾아 합이 0이 되는 세 수 조합을 찾는 유명 문제를 무엇이라고 하는가?	3Sum은 투 포인터와 중복 제거를 함께 요구하는 대표 문제입니다. 정렬 후 i를 고정하고 l r을 이동하며 합을 조절합니다. 면접에서는 왜 정렬이 필요한지, 중복 조합을 어떻게 제거하는지(같은 값 스킵)를 구체적으로 묻습니다. 실무에서는 조합 탐색에서 “정렬 후 투 포인터”라는 패턴을 익히는 데 좋은 예시입니다. 구현에서는 i 스킵, l r 스킵을 각각 언제 해야 하는지 순서가 오답 포인트입니다.	삼중합									dsa	two_pointers		
Q294	최장연속부분수열(Longest Subarray)		Data Structure & Algorithm - 기타 알고리즘	44	INITIALS	MEDIUM	조건을 만족하는 가장 긴 연속 구간을 슬라이딩 윈도우로 구하는 유형을 흔히 무엇이라고 부르는가?	최장 연속 구간 유형은 슬라이딩 윈도우로 많이 해결합니다. 예를 들어 합이 제한 이하, 서로 다른 원소가 K 이하 같은 조건에서 윈도우를 확장하고 필요 시 축소합니다. 면접에서는 “최장”과 “최단”에서 포인터 이동 전략이 어떻게 달라지는지 설명하라고 합니다. 실무에서는 트래픽 로그, 이벤트 스트림에서 조건을 만족하는 가장 긴 기간을 찾는 문제로 응용됩니다. 단조성이 없으면 투 포인터가 깨질 수 있어 조건 확인이 필수입니다.	최장연속부분수열									dsa	two_pointers		
Q295	행렬경로최소합(Min Path Sum)		Data Structure & Algorithm - 기타 알고리즘	44	INITIALS	MEDIUM	격자에서 오른쪽과 아래로만 이동하며 최소 합 경로를 구하는 전형 DP 문제를 무엇이라고 하는가?	격자 DP는 2차원 상태 정의와 경계 처리 능력을 보기 좋습니다. 보통 dp[i][j] = grid[i][j] + min(dp[i-1][j], dp[i][j-1]) 형태입니다. 면접에서는 첫 행과 첫 열 초기값을 어떻게 잡는지 자주 체크합니다. 실무에서는 경로 비용 최소화, 지도 기반 최적화의 단순 모델로 비유됩니다. 메모리 최적화를 위해 1차원 롤링 배열로 줄일 수 있다는 점도 자주 언급됩니다.	행렬경로최소합									dsa	dp		
Q296	계단오르기(Climbing Stairs)		Data Structure & Algorithm - 기타 알고리즘	44	INITIALS	MEDIUM	한 번에 1칸 또는 2칸 오를 수 있을 때 n번째 계단에 도달하는 경우의 수를 구하는 대표 DP 문제를 무엇이라고 하는가?	계단 오르기는 피보나치 형태의 전형 DP 문제입니다. dp[i] = dp[i-1] + dp[i-2]로 경우의 수를 누적합니다. 면접에서는 기저조건 설정과 공간 최적화(두 변수만 유지)를 자주 묻습니다. 실무에서는 점화식 수립과 초기값을 정확히 잡는 연습용으로 좋습니다. 또한 “경우의 수”와 “최소 비용” 버전이 다르다는 점도 함께 구분해두면 좋습니다.	계단오르기									dsa	dp		
Q297	최소비용계단(Min Cost Climbing Stairs)		Data Structure & Algorithm - 기타 알고리즘	44	INITIALS	MEDIUM	각 계단에 비용이 있을 때 정상까지 드는 최소 비용을 DP로 구하는 문제를 무엇이라고 하는가?	최소 비용 계단은 계단 오르기의 변형으로, 목적이 경우의 수가 아니라 최소 비용입니다. dp[i]를 i번째 계단까지의 최소 비용으로 두고, 이전 두 칸에서 오는 경우 중 작은 것을 선택합니다. 면접에서는 마지막 도착 지점이 배열 끝인지, 한 칸 위인지 같은 정의를 정확히 세우는지 확인합니다. 실무에서는 비용 최소화 문제를 DP로 모델링하는 감각을 기르는 데 좋습니다. 경계 처리와 초기값이 조금만 틀려도 오답이 나기 쉬운 문제입니다.	최소비용계단									dsa	dp		
Q298	최장공통부분문자열(Longest Common Substring)		Data Structure & Algorithm - 기타 알고리즘	44	INITIALS	MEDIUM	두 문자열에서 공통으로 등장하는 가장 긴 ‘연속 구간’의 길이를 DP로 구하는 문제는 무엇인가?	최장 공통 부분문자열은 연속 조건 때문에 LCS와 전이가 다릅니다. 보통 dp[i][j]를 i와 j에서 “끝나는” 공통 연속 길이로 두고, 문자가 같을 때만 대각선에서 1을 더합니다. 문자가 다르면 0으로 리셋되는 점이 핵심입니다. 면접에서는 LCS와 혼동하지 않는지, 왜 다를 때 0으로 초기화하는지 설명을 요구합니다. 실무에서는 로그 패턴 매칭이나 유사한 문자열 블록 탐지에서 응용될 수 있습니다.	최장공통부분문자열									dsa	dp		
Q299	행렬연쇄곱(Matrix Chain Multiplication)		Data Structure & Algorithm - 기타 알고리즘	44	INITIALS	MEDIUM	여러 행렬을 어떤 순서로 곱해야 곱셈 연산 수가 최소가 되는지 구간 DP로 푸는 대표 문제는 무엇인가?	행렬 연쇄 곱은 구간 DP의 교과서 예시입니다. dp[l][r]를 l부터 r까지 곱하는 최소 비용으로 두고, 중간 분할점 k를 바꿔가며 최소를 찾습니다. 면접에서는 비용 계산식이 왜 그렇게 되는지, 분할점을 순회하는 전이를 설명하라고 합니다. 실무에서는 직접 행렬 곱 순서를 최적화할 일은 적지만, “분할점을 고르는 DP” 사고를 평가하기 좋아서 자주 출제됩니다. 시간 복잡도가 O(n^3)인 점과 최적화 가능성도 함께 언급되곤 합니다.	행렬연쇄곱									dsa	dp		
Q300	파일합치기(File Merge DP)		Data Structure & Algorithm - 기타 알고리즘	44	INITIALS	MEDIUM	인접한 파일을 합치는 비용의 합을 최소화하는 문제를 구간 DP로 푸는 대표 유형을 무엇이라고 하는가?	파일 합치기는 구간 DP의 대표 응용으로, 합치는 순서에 따라 총 비용이 달라집니다. dp[l][r]를 구간을 하나로 합치는 최소 비용으로 두고, 분할점 k를 순회합니다. 구간 합을 빠르게 계산하기 위해 누적합을 결합하는 것이 포인트입니다. 면접에서는 왜 누적합이 필요한지, O(n^3) 풀이를 어떻게 구성하는지 설명을 요구합니다. 실무에서는 배치 작업 병합, 로그 병합 비용 같은 문제로 비유할 수 있습니다.	파일합치기									dsa	dp		
Q301	집도둑문제(House Robber)		Data Structure & Algorithm - 기타 알고리즘	44	INITIALS	MEDIUM	인접한 집을 동시에 털 수 없을 때 훔칠 수 있는 최대 금액을 1차원 DP로 구하는 유명 문제는 무엇인가?	집 도둑 문제는 상태 정의가 단순하지만 전이 이해를 보기 좋은 문제입니다. 보통 dp[i]를 i번째까지 고려했을 때의 최대 이익으로 두고, 털거나 안 털거나를 비교합니다. 면접에서는 dp[i] = max(dp[i-1], dp[i-2]+a[i]) 형태가 왜 맞는지 설명을 묻습니다. 실무에서는 “인접 선택 금지” 제약이 있는 최적화 문제로 사고를 확장할 수 있습니다. 공간 최적화로 O(1) 메모리로도 풀 수 있다는 점이 자주 언급됩니다.	집도둑문제									dsa	dp		
Q302	팰린드롬분할(Palindrome Partitioning DP)		Data Structure & Algorithm - 기타 알고리즘	44	INITIALS	MEDIUM	문자열을 팰린드롬 조각으로 나눌 때 최소 분할 횟수를 구하는 DP 문제를 무엇이라고 하는가?	팰린드롬 분할은 구간 DP와 1차원 DP가 결합되는 유명 유형입니다. 먼저 팰린드롬 여부 테이블을 만들거나 중심 확장으로 판단을 빠르게 합니다. 그 다음 dp[i]를 i까지의 최소 분할로 두고 가능한 분할점을 순회합니다. 면접에서는 팰린드롬 판정 최적화가 왜 필요한지, 시간 복잡도를 어떻게 줄이는지 질문이 나옵니다. 실무에서는 문자열 최적화 문제에서 전처리와 DP 결합 패턴을 익히는 데 도움이 됩니다.	팰린드롬분할									dsa	dp		
Q303	크누스최적화(Knuth Optimization)		Data Structure & Algorithm - 기타 알고리즘	44	INITIALS	MEDIUM	특정 구간 DP에서 opt 범위를 줄여 O(n^2)로 낮추는 유명 최적화 기법을 무엇이라고 하는가?	크누스 최적화는 파일 합치기 같은 구간 DP에서 추가 조건이 만족되면 적용 가능합니다. opt[l][r-1] <= opt[l][r] <= opt[l+1][r] 같은 성질을 이용해 분할점 탐색 범위를 줄입니다. 면접에서는 분할 정복 최적화와의 차이를 자주 물어봅니다. 실무에서는 적용 조건을 틀리면 바로 오답이므로, 조건 확인이 무엇보다 중요합니다. 최적화는 시간은 줄이지만 구현 복잡도가 늘어 디버깅 비용이 커질 수 있습니다.	크누스최적화									dsa	dp		
Q304	허프만코딩(Huffman Coding)		Data Structure & Algorithm - 기타 알고리즘	44	INITIALS	MEDIUM	가장 작은 빈도 두 개를 반복적으로 합쳐 평균 코드 길이를 최소화하는 그리디 부호화 알고리즘은 무엇인가?	허프만 코딩은 그리디의 대표 성공 사례입니다. 최소 힙을 이용해 가장 작은 두 빈도를 반복적으로 합쳐 트리를 만듭니다. 면접에서는 왜 작은 것부터 합치면 최적이 되는지, 접두 코드 조건과의 관계를 설명할 수 있는지 봅니다. 실무에서는 파일 압축, 데이터 전송 최적화에서 등장하며, “가장 작은 두 개 병합” 패턴으로 확장할 수 있습니다. 구현에서는 우선순위 큐 사용과 노드 병합 로직이 핵심입니다.	허프만코딩									dsa	greedy		
Q305	최소신장트리(MST)		Data Structure & Algorithm - 기타 알고리즘	44	INITIALS	MEDIUM	그래프의 모든 정점을 연결하면서 간선 가중치 합이 최소가 되도록 만드는 트리를 무엇이라고 하는가?	최소 신장 트리는 그리디 정당화(컷 속성)와 함께 자주 출제됩니다. 대표 알고리즘은 크루스칼과 프림이며, 둘 다 그리디 선택을 누적합니다. 면접에서는 MST와 최단 경로의 차이를 설명하라고 많이 묻습니다. 실무에서는 네트워크, 도로, 배관 같은 연결 비용 최소화에 직접 응용됩니다. 사이클 방지와 유니온 파인드 같은 구현 요소도 함께 연결해서 말하면 좋습니다.	최소신장트리									dsa	greedy		
Q306	다익스트라(Dijkstra)		Data Structure & Algorithm - 기타 알고리즘	44	INITIALS	MEDIUM	음수 간선이 없을 때, 우선순위 큐로 최단 거리를 구하는 대표 그리디 기반 알고리즘은 무엇인가?	다익스트라는 매 단계에서 현재까지 가장 짧은 거리를 가진 정점을 확정하는 그리디 방식입니다. 이 선택이 안전한 이유는 음수 간선이 없어서 “더 짧아질 수 없음”이 보장되기 때문입니다. 면접에서는 왜 음수 간선이 있으면 깨지는지, 시간 복잡도가 왜 O(E log V)인지 자주 묻습니다. 실무에서는 라우팅, 지도 경로 탐색에 핵심 알고리즘으로 쓰입니다. 방문 확정 처리와 우선순위 큐 중복 원소 처리에서 구현 실수가 자주 나옵니다.	다익스트라									dsa	greedy		
Q307	구간덮기(Interval Cover)		Data Structure & Algorithm - 기타 알고리즘	44	INITIALS	MEDIUM	목표 구간을 최소 개수의 구간으로 덮을 때, 현재 위치에서 가장 멀리 뻗는 구간을 선택하는 그리디 유형을 무엇이라고 하는가?	구간 덮기는 “현재 가능한 선택 중 최대로 멀리”라는 그리디 기준이 핵심입니다. 정렬 후 가능한 구간들을 스캔하며 현재 커버 가능한 최대 끝을 갱신합니다. 면접에서는 틈이 생겼을 때 실패 처리, 정렬 기준(시작점, 끝점)을 구체적으로 설명할 수 있어야 합니다. 실무에서는 커버리지, 배치, 시간 구간 운영에서 비슷한 문제가 자주 등장합니다. 구현이 단순해 보여도 포인터 갱신 순서가 틀리면 오답이 됩니다.	구간덮기									dsa	greedy		
Q308	주유소문제(Gas Station)		Data Structure & Algorithm - 기타 알고리즘	44	INITIALS	MEDIUM	원형으로 배치된 주유소에서 한 바퀴를 돌 수 있는 시작점을 찾는 유명 그리디 문제를 무엇이라고 하는가?	주유소 문제는 그리디의 핵심 직관을 묻는 대표 문제입니다. 누적 연료가 음수가 되는 지점이 있으면 그 구간의 어떤 시작점도 실패한다는 성질을 이용합니다. 면접에서는 왜 실패 지점 다음이 후보가 되는지 논리적으로 설명하라고 자주 묻습니다. 실무에서는 자원 누적과 고갈을 모델링하는 문제에 유사한 사고가 등장합니다. 구현에서는 총합이 음수면 불가능이라는 전제 체크도 중요합니다.	주유소문제									dsa	greedy		
Q309	최소크기부분배열(Min Subarray Length)		Data Structure & Algorithm - 기타 알고리즘	44	INITIALS	MEDIUM	양수 배열에서 합이 S 이상이 되는 가장 짧은 연속 구간 길이를 투 포인터로 찾는 문제 유형을 무엇이라고 하는가?	최소 길이 구간은 슬라이딩 윈도우의 전형적인 응용입니다. 오른쪽 포인터로 합을 키우고, 조건을 만족하면 왼쪽을 줄여 최소 길이를 갱신합니다. 면접에서는 왜 양수 조건이 중요하고, 음수가 섞이면 왜 단조성이 깨지는지 설명을 요구합니다. 실무에서는 트래픽 합이 임계치를 넘는 최소 기간 찾기 같은 문제로 응용됩니다. 구현에서는 while 조건과 최소값 갱신 타이밍이 핵심 오답 포인트입니다.	최소크기부분배열									dsa	two_pointers		
Q310	부분배열합카운팅(Subarray Sum)		Data Structure & Algorithm - 기타 알고리즘	44	INITIALS	MEDIUM	합이 K가 되는 부분 배열 개수를 누적합과 해시로 세는 유명 문제를 무엇이라고 하는가?	부분 배열 합 카운팅은 음수가 포함될 수 있어 투 포인터가 깨지는 대표 케이스입니다. 누적합 prefix와 등장 횟수 맵을 이용해 prefix[j]-prefix[i]=K를 카운팅합니다. 면접에서는 왜 해시가 필요한지, 시간 복잡도가 O(n)인 이유를 설명하라고 합니다. 실무에서는 이벤트 누적, 차이 조건 탐지에 매우 자주 쓰이는 패턴입니다. long 오버플로우와 맵 초기값(0 누적합 1회)을 놓치면 오답이 됩니다.	부분배열합카운팅									dsa	two_pointers	dp	
Q311	투포인터중복스킵(Duplicate Skipping)		Data Structure & Algorithm - 기타 알고리즘	44	INITIALS	MEDIUM	정렬 기반 3Sum 4Sum에서 동일 조합을 막기 위해 같은 값을 연속 구간에서 건너뛰는 처리를 무엇이라고 하는가?	중복 스킵은 정렬 기반 투 포인터 문제에서 정답과 성능을 동시에 좌우합니다. 포인터 이동 후 while로 같은 값을 넘겨 중복 조합을 제거합니다. 면접에서는 바깥 인덱스 i와 안쪽 포인터 l r 각각에서 중복 처리가 필요한 위치를 정확히 설명하라고 합니다. 실무에서는 set으로 중복을 제거하면 시간과 메모리가 늘 수 있어, 근본적으로 중복을 만들지 않는 구현이 더 선호됩니다. 스킵 순서가 틀리면 일부 답을 놓치거나 중복이 생깁니다.	투포인터중복스킵									dsa	two_pointers		
Q312	부분수열복원(Sequence Reconstruction)		Data Structure & Algorithm - 기타 알고리즘	44	INITIALS	MEDIUM	LIS나 LCS처럼 길이만이 아니라 실제 수열을 출력하려면 이전 인덱스를 추적하는 기법을 무엇이라고 하는가?	많은 DP는 길이 또는 비용만 계산하면 끝이지만, 실제 해를 출력하라는 요구가 자주 나옵니다. 이때는 parent 포인터나 prev 배열로 “어디서 왔는지”를 저장해 역추적합니다. 면접에서는 복원 배열을 언제 갱신해야 하는지, 동점 처리 시 어떤 해가 복원되는지까지 묻기도 합니다. 실무에서는 사용자에게 경로, 선택 목록을 보여줘야 하는 기능에서 복원이 꼭 필요합니다. 메모리가 늘어나지만 요구사항이 있으면 설계 단계에서 포함해야 합니다.	부분수열복원									dsa	dp		
Q313	컨벡스헐트릭(Convex Hull Trick)		Data Structure & Algorithm - 기타 알고리즘	44	INITIALS	HARD	dp 점화식이 일차 함수 형태로 정리될 때, 직선들의 최소값 또는 최대값을 빠르게 질의해 DP를 최적화하는 기법은 무엇인가?	컨벡스 헐 트릭은 특정 형태의 DP를 O(n^2)에서 O(n log n) 또는 O(n) 수준으로 줄이는 대표 최적화입니다. dp 전이가 y = mx + b 꼴의 직선을 추가하고, x에 대해 최솟값을 질의하는 문제로 바뀌는 것이 핵심입니다. 면접에서는 어떤 조건에서 기울기나 x가 단조가 되면 덱으로 O(n) 처리 가능하다는 점을 자주 묻습니다. 실무에서는 대규모 최적화에서 빛나지만, 적용 조건을 틀리면 오답이 바로 나옵니다. 부동소수점 오차, 정수 오버플로우, 교점 비교 같은 구현 디테일이 매우 중요합니다.	컨벡스헐트릭									dsa	dp		
Q314	리차오트리(Li Chao Tree)		Data Structure & Algorithm - 기타 알고리즘	44	INITIALS	HARD	직선 추가와 x 지점 최솟값 질의를 로그 시간에 처리해 컨벡스 헐 트릭을 일반화한 자료구조는 무엇인가?	리차오 트리는 x가 단조가 아니거나 기울기 정렬이 어려운 경우에도 선형 함수 최솟값 질의를 지원합니다. 각 노드가 구간을 담당하며 “더 좋은 직선”을 유지하면서 재귀적으로 갱신하는 방식입니다. 면접에서는 CHT와 비교해 장단점, 좌표 범위(압축) 필요성을 물어보곤 합니다. 실무에서는 입력 범위가 크거나 온라인으로 질의가 들어오는 경우에 특히 유용합니다. 구현이 길고 실수가 잦아, 좌표 범위 설정과 정수 연산 안정성이 핵심입니다.	리차오트리									dsa	dp		
Q315	모노톤큐최적화(Monotone Queue Optimization)		Data Structure & Algorithm - 기타 알고리즘	44	INITIALS	HARD	슬라이딩 윈도우에서 최솟값 또는 최댓값을 선형 시간에 유지하며 DP 전이를 최적화하는 기법을 무엇이라고 하는가?	모노톤 큐는 윈도우 내에서 최소 또는 최대를 빠르게 유지하는 자료구조 패턴입니다. 특정 DP는 dp[i]가 최근 k개 중 최솟값에 상수를 더하는 꼴이라면 모노톤 큐로 O(n) 최적화가 가능합니다. 면접에서는 덱에 어떤 순서로 값을 유지하는지, 오래된 인덱스를 어떻게 제거하는지 구체적으로 묻습니다. 실무에서는 스트리밍 데이터에서 이동 최솟값을 구하는 데도 많이 쓰입니다. 인덱스 관리가 핵심이라 오프바이원과 제거 순서 실수가 자주 발생합니다.	모노톤큐최적화									dsa	dp	two_pointers	
Q316	모노톤스택(Monotone Stack)		Data Structure & Algorithm - 선형 구조	40	INITIALS	HARD	이전 또는 다음 더 큰 값, 더 작은 값을 선형 시간에 찾기 위해 단조성을 유지하며 스택을 쓰는 패턴을 무엇이라고 하는가?	모노톤 스택은 다음 큰 원소, 히스토그램 최대 직사각형 같은 문제에서 핵심입니다. 단조 증가 또는 단조 감소 스택을 유지하며 필요할 때 pop하는 방식으로 각 원소를 최대 한 번 push pop합니다. 면접에서는 왜 O(n)인지, 어떤 조건에서 단조성을 유지하는지 설명을 요구합니다. 실무에서는 범위 영향 계산, 가격 변동 분석 등 다양한 곳에 응용됩니다. DP나 그리디와 결합되어 등장하는 경우도 많아 패턴으로 익혀두면 좋습니다.	모노톤스택									dsa	dp	greedy	
Q317	트리에서의그리디증명(Tree Greedy Proof)		Data Structure & Algorithm - 비선형 구조	41	INITIALS	HARD	트리 문제에서 국소 선택을 정당화하기 위해 교환 논증이나 컷 속성과 유사한 논리를 쓰는 접근을 흔히 무엇이라고 하는가?	트리에서 그리디는 정답이 되는 경우도 있고 반례가 많은 경우도 있습니다. 그래서 “왜 이 선택이 안전한가”를 증명하는 논리 구조가 핵심입니다. 면접에서는 그리디를 적용할 때 어떤 성질을 확인하는지, 반례를 어떻게 찾는지 평가합니다. 실무에서는 트리에서의 선택 최적화는 DP로 가는 경우가 많아, 그리디 정당화가 어렵다면 DP로 전환하는 판단도 중요합니다. 증명 없이 그리디를 쓰는 습관은 위험합니다.	트리에서의그리디증명									dsa	greedy		
Q318	선분스위핑(Line Sweep)		Data Structure & Algorithm - 기타 알고리즘	44	INITIALS	HARD	이벤트를 정렬해 왼쪽에서 오른쪽으로 훑으며 겹침이나 교차를 처리하는 대표 기법을 무엇이라고 하는가?	선분 스위핑은 구간 겹침, 최대 동시 구간, 교차 판정 등에 쓰입니다. 이벤트를 정렬하고 현재 활성 집합을 자료구조로 관리하는 것이 핵심입니다. 면접에서는 이벤트 타이 브레이킹 규칙이 왜 중요한지 자주 묻습니다. 실무에서는 일정 충돌, 리소스 동시 사용량 계산 등으로 응용됩니다. 그리디나 투 포인터와 다르게 “정렬 + 상태 유지”로 푸는 패턴이라 구분해두면 좋습니다.	선분스위핑									dsa	greedy		
Q319	최적스케줄링(Optimal Scheduling)		Data Structure & Algorithm - 기타 알고리즘	44	INITIALS	HARD	데드라인과 이익이 있을 때, 이익을 최대화하도록 작업을 선택하는 그리디 스케줄링 유형을 무엇이라고 하는가?	데드라인 스케줄링은 보통 이익이 큰 작업부터 고려하거나, 데드라인을 기준으로 스캔하면서 최소 이익을 힙으로 관리합니다. 대표적으로 “최대 이익 작업 선택” 패턴이 있습니다. 면접에서는 왜 힙을 쓰는지, 어떤 기준 정렬이 안전한 선택을 보장하는지 설명을 요구합니다. 실무에서는 배치 작업, 큐 처리, 리소스 할당 같은 최적화 문제로 연결됩니다. 구현에서 정렬 기준과 힙 갱신 조건이 오답의 주요 포인트입니다.	최적스케줄링									dsa	greedy		
Q320	최소비용최대유량(MCMF)		Data Structure & Algorithm - 기타 알고리즘	44	INITIALS	HARD	유량을 최대로 보내면서 비용 합을 최소화하는 네트워크 플로우 문제를 무엇이라고 하는가?	최소 비용 최대 유량은 최단 경로를 반복해 유량을 흘리는 방식으로 풉니다. SPFA나 다익스트라 포텐셜을 쓰는 구현이 대표적입니다. 면접에서는 플로우 기본 개념과 함께, 왜 최단 경로로 증분을 보내면 비용이 줄어드는지 설명이 나올 수 있습니다. 실무에서는 직접 쓰기보다는 알고리즘 역량 평가용으로 등장합니다. 구현 난이도가 높고 버그가 많아, 그래프 모델링과 복잡도 감각이 중요합니다.	최소비용최대유량									dsa	dp	greedy	
Q321	최소컷최대유량(Max-Flow Min-Cut)		Data Structure & Algorithm - 기타 알고리즘	44	INITIALS	HARD	최대 유량 값이 어떤 최소 컷 용량과 같다는 유명 정리를 무엇이라고 하는가?	최대 유량 최소 컷 정리는 네트워크 플로우의 핵심 이론입니다. 유량을 더 늘릴 수 없을 때, 그 이유가 특정 컷의 용량 제한 때문임을 설명합니다. 면접에서는 정리 자체뿐 아니라, 컷이 무엇인지와 직관을 말할 수 있는지 봅니다. 실무에서는 네트워크, 매칭, 할당 문제로 모델링할 때 이 정리가 기반이 됩니다. 알고리즘 구현보다 “모델링과 정당화” 측면에서 중요하게 다뤄집니다.	최소컷최대유량									dsa	greedy		
Q322	최소커버부분문자열(Minimum Cover)		Data Structure & Algorithm - 기타 알고리즘	44	INITIALS	HARD	여러 조건을 동시에 만족하는 가장 짧은 구간을 투 포인터로 찾되, 조건 판정이 복잡한 유형을 무엇이라고 하는가?	최소 커버 유형은 최소 윈도우의 일반화 형태로 볼 수 있습니다. 조건이 단순 빈도뿐 아니라 여러 제약(중복, 비용, 종류)을 포함하면 판정 로직이 복잡해집니다. 면접에서는 “유효 조건을 O(1)에 갱신할 수 있게 만들기”가 핵심 포인트로 나옵니다. 실무에서는 대규모 로그에서 조건을 만족하는 최소 구간 탐색 같은 요구로 이어질 수 있습니다. 업데이트 비용이 커지면 투 포인터의 장점이 사라지므로 상태를 잘 압축해야 합니다.	최소커버부분문자열									dsa	two_pointers		
Q323	투포인터와이분탐색결합(Two Pointers + Binary Search)		Data Structure & Algorithm - 기타 알고리즘	44	INITIALS	HARD	한 포인터를 고정하고 다른 쪽을 이분 탐색으로 찾으며 전체를 최적화하는 패턴을 무엇이라고 하는가?	투 포인터가 안 되는 경우에도, 정렬과 이분 탐색을 결합해 O(n log n)으로 푸는 패턴이 많습니다. 예를 들어 각 i에 대해 조건을 만족하는 최소 j를 lower bound로 찾는 방식입니다. 면접에서는 투 포인터의 단조성이 약해진 상황에서 이분 탐색으로 대체하는 판단을 묻습니다. 실무에서는 복잡한 조건 때문에 선형이 안 될 때 차선책으로 많이 사용됩니다. 구현에서는 경계값과 lower upper 선택이 오답 포인트입니다.	투포인터와이분탐색결합									dsa	two_pointers		
Q324	다중조건윈도우(Multi-constraint Window)		Data Structure & Algorithm - 기타 알고리즘	44	INITIALS	HARD	윈도우에서 서로 다른 원소 수, 빈도 제한, 비용 제한 등 여러 조건을 동시에 유지하는 슬라이딩 윈도우 유형을 무엇이라고 하는가?	다중 조건 윈도우는 투 포인터의 실전 난이도를 끌어올리는 유형입니다. 조건이 여러 개면 어떤 조건이 깨졌는지에 따라 왼쪽을 줄이는 논리가 복잡해집니다. 면접에서는 각 조건을 O(1)로 유지할 수 있는 상태 설계 능력을 봅니다. 실무에서는 “여러 KPI를 동시에 만족하는 기간” 같은 데이터 분석 문제로 응용될 수 있습니다. 상태가 커지면 성능이 나빠지므로, 최소한의 카운터로 압축하는 설계가 중요합니다.	다중조건윈도우									dsa	two_pointers	dp	
Q325	작은것부터병합(Small to Large)		Data Structure & Algorithm - 비선형 구조	41	INITIALS	HARD	여러 집합을 병합할 때 항상 더 작은 쪽을 큰 쪽에 합쳐 전체 시간 복잡도를 줄이는 기법을 무엇이라고 하는가?	Small-to-Large는 DSU on Tree와 함께 많이 등장합니다. 작은 컨테이너를 큰 컨테이너에 합치면 각 원소가 이동하는 횟수가 O(log n)으로 제한됩니다. 면접에서는 왜 총합이 O(n log n)으로 묶이는지 암화적 분석을 요구할 수 있습니다. 실무에서는 맵 병합, 로그 집계, 태그 합성 등에서 똑같은 아이디어가 적용됩니다. 구현에서는 자료구조 선택(HashMap, TreeMap)과 병합 방향이 핵심입니다.	작은것부터병합									dsa	dp	greedy	
Q326	디에스유온트리(DSU on Tree)		Data Structure & Algorithm - 비선형 구조	41	INITIALS	HARD	트리에서 각 노드 서브트리의 정보를 효율적으로 유지하기 위해 heavy child를 남기고 나머지를 버리며 합성하는 기법을 무엇이라고 하는가?	DSU on Tree는 서브트리 질의를 빠르게 처리하는 고급 테크닉입니다. 무거운 자식의 정보를 유지하고, 가벼운 자식은 합치고 버리는 방식으로 전체를 O(n log n) 수준으로 만듭니다. 면접에서는 heavy light와의 차이, keep 플래그 같은 구현 요소를 묻기도 합니다. 실무에서는 직접 쓰일 일은 적지만, 트리에서 “부분 구조를 유지하며 합성”하는 사고를 평가하기 좋습니다. 구현이 복잡해 디버깅 전략과 테스트가 매우 중요합니다.	디에스유온트리									dsa	dp		
Q327	라그랑주최적화(Lagrangian Relaxation)		Data Structure & Algorithm - 기타 알고리즘	44	INITIALS	HARD	제약을 벌점 항으로 옮겨 파라메트릭 서치와 결합해 최적해를 찾는 고급 최적화 기법을 무엇이라고 하는가?	라그랑주 완화는 제약 최적화 문제를 벌점 파라미터를 둔 최적화로 바꿉니다. 벌점 값을 바꿔가며 제약을 만족하는 해를 찾는 과정이 파라메트릭 서치와 결합되기도 합니다. 면접에서는 이 아이디어가 왜 성립하는지, 어떤 문제에서 DP나 그리디와 결합되는지 설명을 요구합니다. 실무에서는 운영 최적화나 스케줄링에서 이론적으로 등장할 수 있지만 구현 난이도가 높습니다. 적용 조건과 수치적 안정성이 핵심이라, 개념 이해가 중요합니다.	라그랑주최적화									dsa	dp	greedy	
Q328	오프라인쿼리(Offline Query)		Data Structure & Algorithm - 기타 알고리즘	44	INITIALS	HARD	쿼리를 미리 모아 정렬하거나 묶어서 한 번에 처리하며 전체 성능을 높이는 접근을 무엇이라고 하는가?	오프라인 쿼리는 쿼리를 미리 알 수 있을 때 가능한 강력한 최적화입니다. 예를 들어 투 포인터와 함께 쓰이는 Mo 알고리즘, 정렬 기반 스위핑 등이 대표적입니다. 면접에서는 온라인과 오프라인의 차이를 설명하고, 왜 정렬이 성능을 높이는지 논리적으로 말할 수 있어야 합니다. 실무에서는 배치 분석, 로그 집계처럼 쿼리를 모아서 처리할 수 있는 상황에서 자주 적용됩니다. 처리 순서가 바뀌어도 정답이 동일한지(교환 가능성) 검증이 중요합니다.	오프라인쿼리									dsa	two_pointers	dp	
Q329	모스알고리즘(Mo's Algorithm)		Data Structure & Algorithm - 기타 알고리즘	44	INITIALS	HARD	구간 쿼리를 블록 단위로 정렬해 투 포인터 이동 비용을 최소화하는 오프라인 알고리즘을 무엇이라고 하는가?	Mo 알고리즘은 구간 쿼리를 특별한 순서로 정렬해 포인터 이동을 줄이는 방식입니다. add remove 연산이 O(1)일 때 전체를 O((n+q) sqrt n) 수준으로 처리합니다. 면접에서는 왜 정렬 기준이 그렇게 되는지, 힐베르트 순서 최적화 같은 확장도 언급될 수 있습니다. 실무에서는 빈도 카운팅, distinct query 같은 문제에서 응용되지만, 온라인 서비스보다는 배치 분석에 어울립니다. 구현에서는 업데이트 함수의 정확성이 정답을 좌우합니다.	모스알고리즘									dsa	two_pointers		
Q330	힐베르트순서(Hilbert Order)		Data Structure & Algorithm - 기타 알고리즘	44	INITIALS	HARD	Mo 알고리즘에서 포인터 이동을 더 줄이기 위해 쿼리 정렬에 사용하는 공간 채움 곡선 기반 순서를 무엇이라고 하는가?	힐베르트 순서는 2차원 좌표를 1차원 순서로 매핑하면서 근접성을 유지합니다. Mo 알고리즘의 쿼리 순서를 개선해 실제 성능을 높이는 데 사용됩니다. 면접에서는 왜 포인터 이동이 줄어드는지 직관을 설명할 수 있으면 좋습니다. 실무에서는 이론보다는 구현 트릭에 가까워, 알고 있으면 고급 역량으로 평가될 수 있습니다. 구현 시 좌표를 재귀적으로 변환하며, 실수하면 순서가 깨져 성능이 떨어집니다.	힐베르트순서									dsa	two_pointers		
Q331	미트인더미들(Meet in the Middle)		Data Structure & Algorithm - 기타 알고리즘	44	INITIALS	HARD	2의 n승 완전 탐색을 절반으로 나눠 2의 n/2승으로 줄이는 대표 기법을 무엇이라고 하는가?	Meet in the Middle은 부분집합 합, 가까운 합 찾기 같은 문제에서 자주 쓰입니다. 입력을 반으로 나누어 각각 가능한 값을 만들고, 정렬이나 투 포인터 이분 탐색으로 결합합니다. 면접에서는 왜 2의 n/2승으로 줄어드는지, 결합 단계에서 어떤 탐색을 쓰는지 설명하라고 합니다. 실무에서는 제한이 애매한 문제에서 강력한 탈출구가 됩니다. 결합 과정에서 중복 처리와 정렬 기준이 정답과 성능을 좌우합니다.	미트인더미들									dsa	dp	two_pointers	
Q332	외판원순회(TSP)		Data Structure & Algorithm - 기타 알고리즘	44	INITIALS	HARD	모든 도시를 한 번씩 방문하고 출발점으로 돌아오는 최소 비용 순회를 비트마스크 DP로 푸는 대표 문제는 무엇인가?	외판원 순회는 비트마스크 DP의 대표 끝판왕 문제입니다. dp[mask][i]로 mask를 방문하고 i에 있는 최소 비용을 저장합니다. 면접에서는 왜 n이 20 전후로 제한되는지, 복잡도와 메모리 계산을 요구합니다. 실무에서는 큰 규모에서는 근사 알고리즘을 쓰고, 작은 규모에서 정확 해가 필요할 때만 DP를 씁니다. INF 처리, 시작점 고정, 마지막에 돌아오는 비용 추가를 놓치면 오답이 됩니다.	외판원순회									dsa	dp		
Q333	최소삽입팰린드롬(Min Insertions Palindrome)		Data Structure & Algorithm - 기타 알고리즘	44	INITIALS	HARD	문자열을 팰린드롬으로 만들기 위해 필요한 최소 삽입 횟수를 DP로 구하는 문제를 무엇이라고 하는가?	최소 삽입 팰린드롬은 구간 DP로 자주 풉니다. 양끝 문자가 같으면 안쪽으로 들어가고, 다르면 한쪽을 삽입하는 선택을 비교합니다. 면접에서는 점화식 구성과 함께, LPS와의 관계를 묻기도 합니다. 실무에서는 문자열 편집 비용 최소화 문제의 전형이라 사고 확장에 좋습니다. 인덱스가 많아 구현 실수가 잦으므로, 길이 증가 순으로 채우는 순서를 확실히 잡는 것이 중요합니다.	최소삽입팰린드롬									dsa	dp		
Q334	다중집합윈도우삭제(Lazy Deletion)		Data Structure & Algorithm - 기타 알고리즘	44	INITIALS	HARD	슬라이딩 윈도우에서 힙이나 균형 트리로 중앙값을 유지할 때, 삭제를 지연 처리하는 기법을 무엇이라고 하는가?	윈도우 중앙값 같은 문제는 삽입뿐 아니라 삭제가 매 스텝 발생해 자료구조 유지가 어렵습니다. lazy deletion은 “삭제 예정”을 맵에 표시해두고, 힙 top이 삭제 대상이면 그때 실제로 제거하는 방식입니다. 면접에서는 왜 즉시 삭제가 어려운지, 지연 삭제가 정합성을 어떻게 유지하는지 설명을 요구합니다. 실무에서는 스트리밍 통계, 실시간 순위 계산에서도 비슷한 패턴이 쓰입니다. 동기화 문제와 달리 논리 삭제가 누적되면 메모리가 늘 수 있어 정리 타이밍도 중요합니다.	다중집합윈도우삭제									dsa	two_pointers	dp	
Q335	최소정점커버(Tree Vertex Cover)		Data Structure & Algorithm - 비선형 구조	41	INITIALS	HARD	트리에서 모든 간선을 덮도록 선택해야 하는 최소 정점 집합을 DP로 구하는 문제를 무엇이라고 하는가?	트리 최소 정점 커버는 대표적인 트리 DP 문제입니다. 보통 dp[u][0/1]로 u를 선택하지 않을 때와 선택할 때의 최소 값을 정의합니다. u를 선택하지 않으면 모든 자식은 반드시 선택되어야 하므로 전이가 강제됩니다. 면접에서는 독립 집합과의 관계, 그리고 왜 트리에서만 DP로 쉽게 풀리는지 질문이 나옵니다. 실무에서는 보안 모니터링 노드 배치, 검사 지점 최소화 같은 문제로 비유할 수 있습니다.	최소정점커버									dsa	dp		
Q336	최대독립집합(Tree Independent Set)		Data Structure & Algorithm - 비선형 구조	41	INITIALS	HARD	트리에서 서로 인접한 정점을 동시에 고르지 못할 때, 고를 수 있는 정점 가중치 합 최대를 구하는 문제를 무엇이라고 하는가?	트리 최대 독립 집합은 정점 선택 제약이 있는 최적화 문제의 정석입니다. dp[u][1]은 u를 선택한 경우 자식은 선택할 수 없고, dp[u][0]은 자식은 선택하거나 말거나 최대를 취합니다. 면접에서는 이 전이를 정확히 말할 수 있는지와, 트리 DP의 순회 방식(후위 순회)이 왜 필요한지 묻습니다. 실무에서는 충돌 리소스 선택, 상호 배타 기능 활성화 같은 요구에 비유됩니다. 루트가 여러 개일 수 있는 포레스트 처리도 자주 나오는 확장입니다.	최대독립집합									dsa	dp		
Q337	최소지배집합(Dominating Set)		Data Structure & Algorithm - 비선형 구조	41	INITIALS	HARD	선택된 정점이 자기 자신과 인접 정점을 모두 커버하도록 하는 최소 정점 집합 문제를 무엇이라고 하는가?	최소 지배 집합은 일반 그래프에서 매우 어려운 문제로 알려져 있습니다. 트리에서는 상태를 더 세분화한 DP로 풀 수 있지만 구현이 꽤 복잡합니다. 면접에서는 “그래프에서는 NP-난해”라는 사실과, 트리에서는 추가 구조 덕분에 DP 가능하다는 점을 연결해서 설명하면 좋습니다. 실무에서는 센서 설치, 중계기 배치 같은 모델로 비유됩니다. 상태 설계(부모에 의해 지배되는지 여부 등)가 핵심이라 설계 능력을 강하게 평가합니다.	최소지배집합									dsa	dp		
Q338	트리매칭(Tree Matching)		Data Structure & Algorithm - 비선형 구조	41	INITIALS	HARD	트리에서 서로 인접하지 않게 간선을 선택해 매칭 크기를 최대로 만드는 문제를 무엇이라고 하는가?	트리 매칭은 그래프 매칭의 특수 케이스입니다. 트리에서는 DP로 최대 매칭을 계산할 수 있으며, 정점의 상태에 따라 선택 가능한 간선이 달라집니다. 면접에서는 일반 그래프 매칭(블로섬 등)과 대비해 트리에서는 훨씬 단순해지는 이유를 묻습니다. 실무에서는 리소스 페어링, 1:1 연결 최적화에 비유될 수 있습니다. 구현은 상태가 복잡해질 수 있어, 정의를 먼저 명확히 하는 것이 중요합니다.	트리매칭									dsa	dp		
Q339	트리경로합쿼리(Tree Path Query)		Data Structure & Algorithm - 비선형 구조	41	INITIALS	HARD	트리에서 두 정점 사이 경로에 대한 합 최소 최대 등을 빠르게 질의하기 위해 전처리하는 기법을 흔히 무엇이라고 하는가?	트리 경로 질의는 LCA, 희소 테이블, 세그트리 등 여러 도구가 결합됩니다. 핵심은 경로를 분해하거나 공통 조상을 찾아 경로를 두 구간으로 나누는 것입니다. 면접에서는 LCA가 왜 필요한지, 전처리와 질의 시간 복잡도를 비교하는 질문이 자주 나옵니다. 실무에서는 조직도 경로, 권한 상속 경로 분석 같은 모델에 응용됩니다. 전처리 비용과 메모리 사용량을 함께 고려해야 합니다.	트리경로합쿼리									dsa	dp		
Q340	키타마사(Kitamasa)		Data Structure & Algorithm - 기타 알고리즘	44	INITIALS	HARD	선형 점화식을 다항식 형태로 변환해 n번째 항을 계산하는 고급 기법을 무엇이라고 하는가?	키타마사는 선형 점화식의 n번째 항을 빠르게 구하는 방법 중 하나입니다. 행렬 거듭제곱과 비슷한 목적을 가지지만, 다항식 기반으로 계산을 최적화합니다. 면접에서는 어떤 상황에서 유리한지, 복잡도와 구현 난이도를 비교하라고 할 수 있습니다. 실무에서는 잘 등장하지 않지만, 알고리즘 대회에서 선형 점화 가속의 대안으로 쓰입니다. 모듈러 다항식 연산과 구현 정확성이 핵심 포인트입니다.	키타마사									dsa	dp		
Q341	최소비용순환(Mean Cycle)		Data Structure & Algorithm - 기타 알고리즘	44	INITIALS	HARD	그래프에서 평균 가중치가 최소인 사이클을 찾는 문제를 무엇이라고 하는가?	최소 평균 사이클은 최단 경로와 다른 난이도의 최적화 문제입니다. 카프 알고리즘 같은 전용 방법이 있으며, DP 형태로 단계별 최단 경로를 누적해 평균을 계산합니다. 면접에서는 “평균” 최적화가 왜 어려운지, 파라메트릭 서치로 변환 가능한지 같은 질문이 나올 수 있습니다. 실무에서는 비용 대비 효율 최적화 모델로 비유될 수 있습니다. 구현과 증명이 복잡해 고급 알고리즘 역량을 보여주는 주제입니다.	최소비용순환									dsa	dp		
Q342	민컷트리(Gomory-Hu Tree)		Data Structure & Algorithm - 기타 알고리즘	44	INITIALS	HARD	무방향 그래프에서 모든 쌍 최소 컷 값을 트리 하나로 표현하는 구조를 무엇이라고 하는가?	고모리-후 트리는 모든 정점 쌍의 최소 컷을 트리로 요약합니다. 이를 만들기 위해 최대 유량 최소 컷 알고리즘을 여러 번 호출합니다. 면접에서는 “모든 쌍” 정보를 왜 트리로 표현할 수 있는지와, 구성 비용이 어느 정도인지 묻기도 합니다. 실무에서는 네트워크 신뢰성 분석, 병목 지점 찾기 같은 모델로 비유할 수 있습니다. 구현 난이도가 높아 개념 이해 자체가 고급 역량으로 평가됩니다.	민컷트리									dsa	greedy		
Q343	최적수송(Transportation Problem)		Data Structure & Algorithm - 기타 알고리즘	44	INITIALS	HARD	공급지와 수요지 사이 운송 비용을 최소화하는 고전 최적화 문제를 무엇이라고 하는가?	수송 문제는 최소 비용 유량의 대표적인 응용입니다. 공급과 수요 제약을 만족하면서 운송 비용 합을 최소화합니다. 면접에서는 네트워크 플로우로 어떻게 모델링하는지(노드, 간선, 용량, 비용)를 설명할 수 있으면 좋습니다. 실무에서는 물류, 배차, 서버 리소스 배치 최적화에 비유될 수 있습니다. 그리디로 풀기 어렵고, 정답 보장을 위해 플로우나 선형 계획 접근을 사용합니다.	최적수송									dsa	dp	greedy	
Q344	최소스패닝아보레센스(Arborescence)		Data Structure & Algorithm - 기타 알고리즘	44	INITIALS	HARD	방향 그래프에서 루트를 기준으로 최소 비용으로 모든 정점을 도달 가능하게 만드는 ‘방향 MST’ 문제를 무엇이라고 하는가?	최소 스패닝 아보레센스는 방향 그래프 버전의 최소 신장 트리로, 에드먼즈 알고리즘이 유명합니다. 면접에서는 무방향 MST와 무엇이 다른지, 사이클 수축 같은 아이디어를 이해하는지 질문이 나올 수 있습니다. 실무에서는 라우팅 트리, 의존성 그래프에서 최소 비용 연결 구조를 만들 때 비유될 수 있습니다. 구현이 복잡해 개념 설명 중심으로 출제되는 경우가 많습니다. 방향 그래프에서는 컷 속성이 그대로 적용되지 않는다는 점이 핵심입니다.	최소스패닝아보레센스									dsa	greedy		
Q345	희소테이블(Sparse Table)		Data Structure & Algorithm - 기타 알고리즘	44	INITIALS	HARD	정적 배열에서 RMQ를 O1로 질의하기 위해 2의 거듭제곱 구간을 전처리하는 구조를 무엇이라고 하는가?	희소 테이블은 업데이트가 없는 정적 배열에서 강력합니다. 2^k 길이 구간의 최솟값 최댓값을 미리 저장해, 질의를 두 구간으로 분해해 O(1)에 답합니다. 면접에서는 전처리 O(n log n), 질의 O(1) 트레이드오프를 설명해야 합니다. 실무에서는 로그 분석이나 오프라인 통계처럼 갱신이 없는 데이터에 적합합니다. 세그트리와의 차이(업데이트 불가, 더 빠른 질의)를 명확히 말하면 좋습니다.	희소테이블									dsa	dp		
Q346	투포인터와세그트리(Two Pointers + Segment Tree)		Data Structure & Algorithm - 기타 알고리즘	44	INITIALS	HARD	투 포인터 윈도우에서 조건 판정이 구간 최댓값 최솟값 같은 질의를 요구할 때 세그트리로 보조하는 패턴을 무엇이라고 하는가?	투 포인터는 보통 O(1) 상태 갱신이 가능할 때 강합니다. 하지만 윈도우 조건이 “현재 구간의 최댓값 - 최솟값” 같은 형태면 단순 카운터로 유지하기 어렵습니다. 이때 세그트리나 두 개의 모노톤 덱으로 조건 판정을 빠르게 만들 수 있습니다. 면접에서는 왜 단순 투 포인터로 안 되는지, 어떤 자료구조를 붙이면 되는지 판단력을 봅니다. 실무에서는 실시간 통계, 이상치 탐지에서 이런 조건이 자주 나옵니다. 복잡도와 구현 난이도 균형이 핵심입니다.	투포인터와세그트리									dsa	two_pointers	dp	
Q347	온라인컨벡스헐(Online Convex Hull)		Data Structure & Algorithm - 기타 알고리즘	44	INITIALS	HARD	직선 추가와 질의가 섞여 들어오는 온라인 상황에서 CHT를 처리하는 접근을 무엇이라고 하는가?	온라인 CHT는 입력이 미리 정렬되지 않아 단조 조건이 깨지는 경우가 많습니다. 이때 리차오 트리 같은 자료구조로 온라인 처리를 합니다. 면접에서는 온라인과 오프라인의 차이, 그리고 단조 조건 유무에 따른 자료구조 선택을 묻습니다. 실무에서는 쿼리가 실시간으로 들어오는 서비스에서 오프라인 최적화가 불가능한 상황이 많아, 온라인 접근이 필요합니다. 구현은 복잡하지만 성능과 정답 보장이 중요할 때 선택됩니다.	온라인컨벡스헐									dsa	dp		
Q348	최소스패닝트리증명(Cut Property Proof)		Data Structure & Algorithm - 기타 알고리즘	44	INITIALS	HARD	MST 그리디를 정당화할 때 사용하는 컷 속성 기반의 증명 관점을 무엇이라고 하는가?	MST는 그리디가 항상 정답인 대표 문제라 증명 방식이 중요합니다. 컷을 정의하고, 컷을 가로지르는 최소 간선이 안전하다는 논리로 정당화합니다. 면접에서는 컷이 무엇인지, 안전 간선이 무엇인지, 프림과 크루스칼 모두에 어떻게 적용되는지 묻습니다. 실무에서는 단순 구현보다 “왜 맞는지” 설명이 설계 리뷰에서 신뢰를 줍니다. 증명 관점을 알고 있으면 그리디 적용 가능 여부를 판단하는 데도 도움이 됩니다.	최소스패닝트리증명									dsa	greedy		
Q349	교환논증(Exchange Argument)		Data Structure & Algorithm - 기타 알고리즘	44	INITIALS	HARD	그리디 정당화에서 해를 서로 교환해도 최적성이 유지됨을 보이는 증명 기법을 무엇이라고 하는가?	교환 논증은 그리디 증명의 핵심 도구입니다. 최적해가 있다고 가정하고, 그리디가 고른 선택과 최적해의 선택을 바꿔도 손해가 없음을 보여 최적성을 증명합니다. 면접에서는 실제 문제(활동선택, 스케줄링)에서 교환 논증을 어떻게 적용하는지 요구합니다. 실무에서는 단순히 “그리디로 된다”가 아니라, 근거를 제시해야 설득력이 생깁니다. 교환 가능한 구조가 있는지 파악하는 능력이 그리디 문제 해결의 본질입니다.	교환논증									dsa	greedy		
Q350	임계조건단조성(Monotonic Predicate)		Data Structure & Algorithm - 기타 알고리즘	44	INITIALS	HARD	파라메트릭 서치에서 판정 함수가 한 번 참이 되면 이후로 계속 참이 되는 성질을 무엇이라고 하는가?	파라메트릭 서치는 판정 함수의 단조성이 생명입니다. 임계값을 기준으로 false에서 true로 한 번만 바뀌어야 이분 탐색이 가능합니다. 면접에서는 단조성을 어떻게 확인하는지, 그리디 판정이 왜 단조를 유지하는지 설명을 요구합니다. 실무에서도 최소 용량, 최대 속도, 최소 시간 같은 최적화 문제에서 동일하게 적용됩니다. 단조성이 없으면 이분 탐색은 통째로 무너져 오답이 되므로 전제 체크가 가장 중요합니다.	임계조건단조성									dsa	greedy		