question_temp_key (필수)	term_title (표시용)	term_id (선택)	term_category (표시용)	term_category_id (선택)	question_type (필수)	difficulty (필수)	question_text (필수)	explanation (선택)	text_answer (TEXT일 때 필수)	choice_1_text	choice_1_is_answer	choice_2_text	choice_2_is_answer	choice_3_text	choice_3_is_answer	choice_4_text	choice_4_is_answer	label_1_key (선택)	label_2_key (선택)	label_3_key (선택)	label_4_key (선택)
Q001	대체 텍스트(Alt Text)		Frontend - Web Accessibility	16	CHOICE	EASY	이미지 접근성을 위해 가장 올바른 방법은?	alt 속성은 스크린 리더가 이미지를 설명할 수 있게 하는 핵심 정보입니다. 이미지가 로딩되지 않을 때도 대체 문구로 표시됩니다. 면접에서는 alt를 언제 비워야 하는지도 자주 묻습니다. 실무에서는 의미 있는 이미지는 내용을 요약하고 장식용 이미지는 빈 alt로 처리합니다. 파일명이나 url 같은 의미 없는 텍스트를 넣는 것은 피해야 합니다.		img에 title만 넣는다	FALSE	img에 alt로 의미를 설명한다	TRUE	img에 border를 추가한다	FALSE	img를 div 배경으로만 넣는다	FALSE	frontend	accessibility	a11y	html
Q002	장식용 이미지(Empty Alt)		Frontend - Web Accessibility	16	CHOICE	EASY	장식용 이미지에 가장 적절한 alt 처리로 맞는 것은?	장식용 이미지는 정보 전달이 목적이 아니므로 스크린 리더가 읽지 않게 하는 것이 좋습니다. 이때 alt를 빈 문자열로 두면 보조기기가 이미지를 건너뜁니다. alt를 생략하면 파일명 등을 읽는 경우가 있어 더 혼란스럽습니다. 면접에서는 alt를 비우는 이유를 설명하는지 봅니다. 실무에서는 아이콘과 텍스트가 함께 있을 때도 중복 읽기 방지가 중요합니다.		alt를 파일명으로 채운다	FALSE	alt를 빈 문자열로 둔다	TRUE	alt를 길게 상세히 작성한다	FALSE	alt 대신 style만 지정한다	FALSE	frontend	accessibility	a11y	html
Q003	폼 레이블(Label)		Frontend - Web Accessibility	16	CHOICE	EASY	입력창 접근성을 위해 가장 권장되는 방식은?	label은 폼 컨트롤의 이름을 제공해 스크린 리더와 클릭 타깃을 개선합니다. placeholder는 입력 예시일 뿐 이름을 대체하지 못합니다. label과 input을 for와 id로 연결하면 클릭해도 포커스가 이동합니다. 면접에서는 label을 왜 써야 하는지, placeholder만 쓰면 왜 문제인지가 단골입니다. 실무에서는 폼 자동완성과 오류 안내에도 label이 기반이 됩니다.		placeholder만 제공한다	FALSE	label을 input과 연결한다	TRUE	input의 width를 늘린다	FALSE	input에 div를 감싼다	FALSE	frontend	accessibility	a11y	html
Q004	버튼 요소(Button Element)		Frontend - Web Accessibility	16	CHOICE	EASY	클릭 가능한 UI를 만들 때 가장 접근성에 좋은 기본 선택은?	button은 키보드 조작과 기본 역할이 브라우저에 내장된 시맨틱 요소입니다. div에 onClick만 붙이면 키보드 엔터 스페이스 동작이나 역할이 빠질 수 있습니다. 면접에서는 div 버튼을 쓰면 어떤 문제가 생기는지 묻습니다. 실무에서는 버튼에 disabled, aria 속성 등도 표준으로 붙이기 쉽습니다. 가능하면 div 대신 button을 먼저 고려하는 습관이 중요합니다.		div에 onClick을 단다	FALSE	span에 cursor pointer를 준다	FALSE	button 요소를 사용한다	TRUE	img를 클릭 영역으로 쓴다	FALSE	frontend	accessibility	a11y	html
Q005	링크 텍스트(Link Text)		Frontend - Web Accessibility	16	CHOICE	EASY	접근성 관점에서 더 좋은 링크 텍스트는 무엇인가?	링크 텍스트는 목적을 스스로 설명해야 합니다. 여기 클릭 같은 문구는 스크린 리더 링크 목록에서 의미가 사라집니다. 면접에서는 좋은 링크 텍스트 예시를 자주 요구합니다. 실무에서는 동일한 여기 클릭이 여러 개면 사용자에게 혼란을 줍니다. 링크 주변 문맥을 포함해도 되지만 링크 자체가 최대한 명확해야 합니다.		여기 클릭	FALSE	자세히 보기	FALSE	2025 접근성 가이드 다운로드	TRUE	링크	FALSE	frontend	accessibility	a11y	html
Q006	키보드 접근성(Keyboard Navigation)		Frontend - Web Accessibility	16	CHOICE	EASY	키보드만으로도 사용 가능하도록 만들 때 가장 중요한 원칙은?	모든 주요 기능은 마우스 없이도 수행 가능해야 합니다. 탭 이동과 엔터 스페이스 조작이 자연스럽게 동작해야 합니다. 면접에서는 키보드 접근성을 어떻게 테스트하는지 묻기도 합니다. 실무에서는 커스텀 컴포넌트에서 포커스 이동이 끊기는 문제가 자주 발생합니다. 최소 기준은 탭으로 이동 가능하고 포커스가 보이는 것입니다.		마우스 이벤트만 구현한다	FALSE	키보드 탭 이동과 조작을 지원한다	TRUE	애니메이션을 많이 넣는다	FALSE	화면을 더 크게 만든다	FALSE	frontend	accessibility	a11y	html
Q007	포커스 표시(Focus Indicator)		Frontend - Web Accessibility	16	CHOICE	EASY	키보드 사용자에게 중요한 CSS 처리로 가장 적절한 것은?	포커스 표시가 있어야 현재 위치를 알 수 있어 키보드 탐색이 가능합니다. outline을 무조건 none으로 제거하면 접근성이 크게 떨어집니다. 면접에서는 outline 제거가 왜 위험한지 질문이 나옵니다. 실무에서는 디자인 이유로 제거하더라도 대체 포커스 스타일을 반드시 제공해야 합니다. 포커스가 보이지 않으면 사용자는 화면에서 길을 잃습니다.		outline none만 적용한다	FALSE	포커스가 보이도록 스타일을 제공한다	TRUE	hover만 강조한다	FALSE	active만 강조한다	FALSE	frontend	accessibility	a11y	css
Q008	제목 구조(Headings)		Frontend - Web Accessibility	16	CHOICE	EASY	제목 태그 사용에 대한 설명으로 가장 올바른 것은?	h1부터 h6는 문서 구조를 나타내는 시맨틱 요소입니다. 크기만 키우려고 heading을 쓰면 구조가 왜곡됩니다. 면접에서는 heading 순서를 왜 지켜야 하는지 물어봅니다. 실무에서는 스크린 리더가 heading 탐색으로 빠르게 이동하기 때문에 정보 구조가 중요합니다. h1을 여러 개 쓰는 것보다 논리적 계층이 더 중요합니다.		제목은 글자 크기라서 아무 h 태그나 써도 된다	FALSE	제목은 문서 구조를 반영해 계층적으로 사용한다	TRUE	heading은 div로 대체해야 한다	FALSE	heading은 CSS로만 만든다	FALSE	frontend	accessibility	a11y	html
Q009	문서 언어(lang)		Frontend - Web Accessibility	16	CHOICE	EASY	화면 낭독 품질을 위해 HTML에 권장되는 설정은?	lang 속성은 스크린 리더가 발음 규칙과 언어 모델을 선택하는 데 사용됩니다. 문서 기본 언어를 html 태그에 설정하는 것이 일반적입니다. 면접에서는 lang 누락 시 어떤 문제가 생기는지 질문이 나옵니다. 실무에서는 한국어 페이지에 lang가 없으면 영어 발음처럼 읽히는 문제가 생길 수 있습니다. 다국어 구간에는 부분적으로 lang를 지정하는 것도 중요합니다.		html 태그에 lang를 지정한다	TRUE	body 태그에 width를 지정한다	FALSE	meta 태그에 color를 지정한다	FALSE	script에 type을 생략한다	FALSE	frontend	accessibility	a11y	html
Q010	ARIA 기본(ARIA)		Frontend - Web Accessibility	16	CHOICE	EASY	ARIA에 대한 설명으로 가장 올바른 것은?	ARIA는 시맨틱 정보가 부족한 경우 보조기기에 역할과 상태를 전달하는 속성 집합입니다. 하지만 가능한 한 네이티브 HTML 요소를 먼저 쓰는 것이 원칙입니다. 면접에서는 ARIA를 남용하면 왜 문제인지 묻습니다. 실무에서는 role button을 div에 주기보다 button을 쓰는 편이 안전합니다. ARIA는 최후의 수단에 가깝다는 점이 핵심입니다.		ARIA는 HTML을 완전히 대체한다	FALSE	ARIA는 보조기기에 의미를 전달하지만 네이티브 요소가 우선이다	TRUE	ARIA는 CSS 속성이다	FALSE	ARIA는 서버에서만 쓴다	FALSE	frontend	accessibility	a11y	html
Q011	aria-label(aria-label)		Frontend - Web Accessibility	16	CHOICE	EASY	아이콘만 있는 버튼에 접근성 이름을 주는 올바른 방법은?	아이콘 버튼은 시각적 텍스트가 없어서 보조기기가 이름을 알기 어렵습니다. aria-label은 요소의 접근성 이름을 직접 지정할 수 있습니다. 면접에서는 언제 aria-label을 쓰는지 자주 나옵니다. 실무에서는 동일 화면에 같은 아이콘이 많을 때도 목적을 분명히 적어야 합니다. 다만 가능한 경우 버튼 안에 숨김 텍스트를 넣는 방법도 함께 고려합니다.		aria-label로 버튼 목적을 적는다	TRUE	border를 두껍게 만든다	FALSE	button 대신 div를 쓴다	FALSE	icon 크기만 키운다	FALSE	frontend	accessibility	a11y	aria
Q012	role(Role Attribute)		Frontend - Web Accessibility	16	CHOICE	EASY	role 속성의 주된 목적은?	role은 요소가 어떤 UI 역할을 하는지 보조기기에 알려줍니다. 시맨틱 태그가 없거나 커스텀 위젯을 만들 때 쓰입니다. 면접에서는 role의 의미와 주의점을 묻습니다. 실무에서는 잘못된 role을 주면 오히려 사용자 경험이 망가질 수 있습니다. 가능하면 올바른 HTML 요소로 해결하고 role은 보완 용도로 씁니다.		화면 색상을 지정한다	FALSE	요소의 의미와 역할을 보조기기에 전달한다	TRUE	네트워크 요청을 줄인다	FALSE	애니메이션 속도를 조절한다	FALSE	frontend	accessibility	a11y	aria
Q013	aria-hidden(aria-hidden)		Frontend - Web Accessibility	16	CHOICE	EASY	aria-hidden true의 의미로 가장 올바른 것은?	aria-hidden true는 보조기기에서 해당 요소를 숨겨 읽지 않게 합니다. 시각적으로는 보일 수 있지만 접근성 트리에서 제외됩니다. 면접에서는 언제 쓰면 좋은지와 남용 위험이 나옵니다. 실무에서는 장식 요소나 중복 텍스트를 숨길 때 유용합니다. 중요한 정보나 포커스 가능한 요소에 적용하면 심각한 접근성 문제가 됩니다.		시각적으로만 숨긴다	FALSE	스크린 리더 등 보조기기에서 숨긴다	TRUE	페이지 로딩을 빠르게 한다	FALSE	모바일에서만 보이게 한다	FALSE	frontend	accessibility	a11y	aria
Q014	스킵 링크(Skip Link)		Frontend - Web Accessibility	16	CHOICE	EASY	스킵 링크의 목적은 무엇인가?	스킵 링크는 반복되는 상단 내비게이션을 건너뛰고 본문으로 바로 이동하게 합니다. 키보드 사용자는 매번 메뉴를 탭으로 통과해야 하는 부담이 큽니다. 면접에서는 스킵 링크가 왜 필요한지 자주 다룹니다. 실무에서는 포커스 시에만 보이게 디자인하는 패턴이 흔합니다. main 영역에 id를 두고 앵커로 이동하는 방식이 기본입니다.		광고를 숨기기 위해 사용한다	FALSE	상단 메뉴를 건너뛰고 본문으로 이동하게 한다	TRUE	이미지를 압축하기 위해 사용한다	FALSE	서버 부하를 줄이기 위해 사용한다	FALSE	frontend	accessibility	a11y	html
Q015	색 대비(Color Contrast)		Frontend - Web Accessibility	16	CHOICE	EASY	접근성에서 색 대비가 중요한 이유로 가장 알맞은 것은?	충분한 대비는 저시력 사용자와 밝은 환경에서도 읽기 품질을 높입니다. 색만으로 정보를 전달하면 색각 이상 사용자가 구분하기 어렵습니다. 면접에서는 대비와 색 의존성 문제를 자주 질문합니다. 실무에서는 디자인 시스템 단계에서 대비 기준을 지키는 것이 비용이 가장 낮습니다. 버튼 비활성 상태처럼 대비가 약해지는 구간을 특히 주의해야 합니다.		디자인을 화려하게 만들기 위해서	FALSE	텍스트 가독성과 정보 구분을 위해서	TRUE	이미지를 크게 보이게 하려고	FALSE	폰트를 더 많이 쓰려고	FALSE	frontend	accessibility	a11y	css
Q016	폼 오류 연결(aria-describedby)		Frontend - Web Accessibility	16	CHOICE	EASY	입력 오류 메시지를 스크린 리더가 함께 읽게 하려면 어떤 방법이 적절한가?	오류 메시지는 입력 필드와 연결되어야 보조기기가 맥락을 이해합니다. aria-describedby는 추가 설명이나 오류 문구를 특정 요소에 연결할 수 있습니다. 면접에서는 오류 처리 접근성을 자주 묻습니다. 실무에서는 오류가 나면 해당 필드로 포커스를 이동시키고 메시지를 읽게 하는 패턴이 좋습니다. 시각적 표시뿐 아니라 프로그램적으로도 연결하는 것이 핵심입니다.		오류 메시지를 색만 바꿔 표시한다	FALSE	aria-describedby로 입력과 오류 문구를 연결한다	TRUE	placeholder를 빨갛게 만든다	FALSE	폼 전체를 새로고침한다	FALSE	frontend	accessibility	a11y	aria
Q017	라이브 영역(aria-live)		Frontend - Web Accessibility	16	CHOICE	EASY	화면이 동적으로 바뀌는 알림을 보조기기에 전달할 때 쓰는 속성은?	동적 알림은 화면에 보이지만 스크린 리더가 자동으로 인지하지 못할 수 있습니다. aria-live는 변경 내용을 자동으로 읽게 하는 라이브 영역을 지정합니다. 면접에서는 토스트 알림 접근성을 어떻게 처리하는지 질문이 나옵니다. 실무에서는 너무 잦은 라이브 업데이트는 방해가 될 수 있어 적절한 수준을 선택해야 합니다. 결제 완료나 오류처럼 중요한 메시지에 주로 사용합니다.		aria-live	TRUE	aria-hidden	FALSE	tabindex	FALSE	autoplay	FALSE	frontend	accessibility	a11y	aria
Q018	그룹 입력(Fieldset Legend)		Frontend - Web Accessibility	16	CHOICE	EASY	라디오 버튼처럼 하나의 질문에 여러 선택지가 있는 경우 권장되는 마크업은?	fieldset과 legend는 관련 폼 요소를 하나의 그룹으로 묶고 그룹의 제목을 제공합니다. 라디오 그룹에서 질문 문장이 legend로 제공되면 보조기기 이해가 좋아집니다. 면접에서는 폼 구조화 방법을 묻기도 합니다. 실무에서는 배송지 선택, 성별 선택 등 그룹 질문에서 유용합니다. 단순히 div로만 묶으면 의미가 전달되지 않을 수 있습니다.		div로만 묶는다	FALSE	fieldset과 legend를 사용한다	TRUE	img로 제목을 넣는다	FALSE	table로만 구성한다	FALSE	frontend	accessibility	a11y	html
Q019	탭 순서(Tab Order)		Frontend - Web Accessibility	16	CHOICE	EASY	키보드 탭 이동 순서에 대한 설명으로 가장 올바른 것은?	탭 순서는 기본적으로 DOM 순서를 따릅니다. 시각적 배치만 바꾸고 DOM이 뒤엉키면 포커스 이동이 이상해질 수 있습니다. 면접에서는 tabindex를 양수로 주는 것을 왜 피하냐는 질문이 나옵니다. 실무에서는 레이아웃은 CSS로 처리하되 DOM 순서를 논리적으로 유지하는 것이 안전합니다. 탭 이동이 자연스러운지 직접 탭으로 테스트하는 습관이 중요합니다.		탭 순서는 항상 화면의 왼쪽 위부터 자동으로 맞춰진다	FALSE	탭 순서는 기본적으로 DOM 순서를 따른다	TRUE	tabindex를 1부터 크게 주면 항상 좋다	FALSE	마우스 클릭 순서와 동일해야 한다	FALSE	frontend	accessibility	a11y	html
Q020	자막(Captions)		Frontend - Web Accessibility	16	CHOICE	EASY	동영상 콘텐츠 접근성을 위해 가장 기본으로 권장되는 것은?	자막은 청각 장애 사용자뿐 아니라 소음 환경에서도 중요한 정보 전달 수단입니다. HTML5 video에서는 track 요소로 자막을 제공할 수 있습니다. 면접에서는 영상 접근성에서 무엇이 필요한지 자주 나옵니다. 실무에서는 자동 자막을 쓰더라도 오타와 싱크를 검수해야 품질이 올라갑니다. 단순히 음성만 있는 영상은 정보 접근성이 크게 떨어질 수 있습니다.		autoplay를 반드시 켠다	FALSE	자막을 제공한다	TRUE	해상도를 4K로 만든다	FALSE	배경 음악을 크게 한다	FALSE	frontend	accessibility	a11y	html
Q021	시맨틱 HTML(Semantic HTML)		Frontend - Web Accessibility	16	CHOICE	EASY	접근성 향상을 위해 가장 우선으로 권장되는 접근은?	시맨틱 HTML은 요소의 의미를 브라우저와 보조기기에 직접 전달합니다. ARIA보다 우선이며, 기본 키보드 동작과 접근성 트리 구성이 자연스럽습니다. 면접에서는 왜 div 남발이 문제인지, 시맨틱 태그가 주는 이점을 설명하라고 합니다. 실무에서는 header main nav footer 등을 적절히 쓰면 구조화와 유지보수가 동시에 좋아집니다. 커스텀 위젯을 만들기 전에 HTML 기본 요소로 해결 가능한지 먼저 점검하는 습관이 중요합니다.		모든 곳에 aria 속성을 먼저 붙인다	FALSE	시맨틱 HTML 요소를 먼저 사용한다	TRUE	가능한 많은 애니메이션을 적용한다	FALSE	div로 통일해 스타일링을 단순화한다	FALSE	frontend	accessibility	a11y	html
Q022	메인 랜드마크(Main Landmark)		Frontend - Web Accessibility	16	CHOICE	EASY	페이지의 주요 콘텐츠 영역을 나타내는 가장 적절한 요소는?	main은 문서의 핵심 콘텐츠를 담는 랜드마크로, 스크린 리더의 빠른 이동 대상이 됩니다. nav나 header는 반복 영역인 경우가 많아 본문과 구분하는 것이 중요합니다. 면접에서는 랜드마크의 종류와 목적을 묻기도 합니다. 실무에서는 main이 페이지당 보통 1개이며, 스킵 링크의 목적지로 자주 연결됩니다. 랜드마크를 잘 쓰면 키보드 탐색과 정보 구조가 크게 개선됩니다.		main	TRUE	header	FALSE	nav	FALSE	aside	FALSE	frontend	accessibility	a11y	html
Q023	내비게이션 랜드마크(Navigation Landmark)		Frontend - Web Accessibility	16	CHOICE	EASY	사이트 메뉴 영역을 의미적으로 표현할 때 가장 적절한 태그는?	nav는 내비게이션 링크들의 묶음을 의미하는 시맨틱 요소입니다. 보조기기는 nav 랜드마크로 메뉴를 빠르게 찾을 수 있습니다. 면접에서는 nav와 ul li의 관계, 중복 nav 처리 등을 물어볼 수 있습니다. 실무에서는 상단 메뉴, 사이드 메뉴 등 주요 이동 링크 묶음에 nav를 사용합니다. 모든 링크 묶음에 nav를 남발하면 오히려 탐색이 복잡해질 수 있습니다.		nav	TRUE	section	FALSE	article	FALSE	span	FALSE	frontend	accessibility	a11y	html
Q024	aria-current(aria-current)		Frontend - Web Accessibility	16	CHOICE	EASY	현재 활성화된 메뉴나 페이지 상태를 보조기기에 알려주는 속성은?	aria-current는 현재 페이지, 현재 단계, 현재 항목 등을 표시할 때 사용합니다. 메뉴에서 현재 페이지를 강조하면 시각적 사용자뿐 아니라 스크린 리더 사용자도 위치를 파악할 수 있습니다. 면접에서는 aria-current의 사용 예시를 요구하기도 합니다. 실무에서는 사이드바 네비게이션, 페이지네이션, 단계형 UI에서 특히 유용합니다. CSS의 active 표시만으로는 보조기기에 전달되지 않는다는 점이 핵심입니다.		aria-current	TRUE	aria-hidden	FALSE	aria-live	FALSE	aria-expanded	FALSE	frontend	accessibility	a11y	aria
Q025	aria-expanded(aria-expanded)		Frontend - Web Accessibility	16	CHOICE	EASY	아코디언이나 드롭다운이 펼쳐졌는지 여부를 나타내는 대표 속성은?	aria-expanded는 토글 UI의 확장 상태를 나타냅니다. 스크린 리더는 이 값을 통해 접힘/펼침 상태를 안내할 수 있습니다. 면접에서는 아코디언 접근성 구현 시 어떤 속성이 필요한지 자주 나옵니다. 실무에서는 상태값 변경 시 aria-expanded도 함께 업데이트해야 일관성이 유지됩니다. 클릭으로만 상태가 바뀌고 접근성 상태가 갱신되지 않으면 혼란을 줍니다.		aria-expanded	TRUE	aria-current	FALSE	aria-busy	FALSE	aria-hidden	FALSE	frontend	accessibility	a11y	aria
Q026	aria-controls(aria-controls)		Frontend - Web Accessibility	16	CHOICE	EASY	토글 버튼이 어떤 영역을 제어하는지 연결할 때 사용하는 속성은?	aria-controls는 컨트롤이 영향을 주는 요소의 id를 참조합니다. 드롭다운 버튼이 어떤 메뉴 패널을 여는지 연결해 보조기기가 관계를 이해하도록 돕습니다. 면접에서는 aria-controls와 aria-expanded를 함께 쓰는 패턴이 자주 등장합니다. 실무에서는 id 참조가 깨지지 않도록 DOM 구조 변경 시 주의해야 합니다. 관계를 명시하면 복잡한 UI에서도 탐색성이 좋아집니다.		aria-controls	TRUE	aria-live	FALSE	aria-hidden	FALSE	aria-checked	FALSE	frontend	accessibility	a11y	aria
Q027	tabindex(Tabindex)		Frontend - Web Accessibility	16	CHOICE	EASY	키보드 포커스를 받을 수 없는 요소에 포커스를 주고 싶을 때 가장 흔히 쓰는 속성은?	tabindex는 요소의 키보드 포커스 가능 여부와 순서를 제어합니다. 커스텀 컴포넌트에서 포커스를 받게 하려면 tabindex 0을 사용하는 경우가 많습니다. 면접에서는 tabindex 양수 사용이 왜 위험한지 묻기도 합니다. 실무에서는 불필요한 tabindex 남발은 탭 순서를 망치므로 최소화해야 합니다. 네이티브 요소를 쓰는 것이 우선이고, 필요한 경우에만 tabindex를 추가합니다.		tabindex	TRUE	autofocus	FALSE	autocomplete	FALSE	draggable	FALSE	frontend	accessibility	a11y	html
Q028	접근성 이름(Accessible Name)		Frontend - Web Accessibility	16	CHOICE	EASY	스크린 리더가 버튼이나 입력 요소를 어떤 이름으로 읽을지 결정하는 개념은?	접근성 이름은 보조기기가 요소를 식별해 읽는 핵심 문자열입니다. label, aria-label, aria-labelledby 등 여러 경로로 계산됩니다. 면접에서는 아이콘 버튼에 이름을 주는 방법을 자주 묻습니다. 실무에서는 이름이 없으면 그냥 버튼으로만 읽혀 사용자가 기능을 알 수 없습니다. 화면에 텍스트가 있어도 접근성 트리에서 이름이 비어있을 수 있어 개발 단계에서 점검이 필요합니다.		Accessible Name	TRUE	CSS Selector	FALSE	DOM Depth	FALSE	HTTP Header	FALSE	frontend	accessibility	a11y	aria
Q029	aria-labelledby(aria-labelledby)		Frontend - Web Accessibility	16	CHOICE	EASY	화면에 이미 존재하는 텍스트를 참조해 요소의 이름을 지정할 때 쓰는 속성은?	aria-labelledby는 다른 요소의 텍스트를 참조해 접근성 이름을 만듭니다. label이 이미 화면에 있을 때 중복 텍스트를 만들지 않고 연결할 수 있습니다. 면접에서는 aria-label과 aria-labelledby 차이를 묻기도 합니다. 실무에서는 모달 제목과 모달 컨테이너를 연결하는 대표 패턴으로 쓰입니다. 참조 id가 깨지면 이름이 사라지므로 유지보수에 주의해야 합니다.		aria-labelledby	TRUE	aria-label	FALSE	aria-live	FALSE	aria-hidden	FALSE	frontend	accessibility	a11y	aria
Q030	모달 다이얼로그(Dialog)		Frontend - Web Accessibility	16	CHOICE	EASY	접근성 관점에서 모달을 열었을 때 가장 올바른 동작은?	모달이 열리면 키보드 포커스가 모달 내부로 이동하고, 모달을 닫기 전까지 배경으로 포커스가 빠지지 않게 해야 합니다. 이를 포커스 트랩이라고 부르는 경우가 많습니다. 면접에서는 모달 접근성에서 무엇이 가장 중요하냐고 자주 물어봅니다. 실무에서는 ESC로 닫기, 닫기 버튼 제공, aria-labelledby로 제목 연결도 함께 챙깁니다. 포커스 처리가 없으면 키보드 사용자는 모달을 조작하기 어렵습니다.		배경으로도 자유롭게 탭 이동하게 둔다	FALSE	모달이 열리면 포커스를 모달로 이동시키고 내부에 가둔다	TRUE	스크롤만 막으면 충분하다	FALSE	모달 제목만 크게 만든다	FALSE	frontend	accessibility	a11y	aria
Q031	ESC 닫기(Escape Key)		Frontend - Web Accessibility	16	CHOICE	EASY	모달이나 팝업에서 키보드 사용자 편의를 위해 자주 제공하는 기능은?	ESC 키로 닫기는 키보드 사용자에게 표준적인 기대 동작입니다. 마우스 없이도 빠르게 닫을 수 있어 접근성이 좋아집니다. 면접에서는 키보드 접근성에서 지원해야 할 키 이벤트를 묻기도 합니다. 실무에서는 ESC를 지원하되, 입력 중인 컴포넌트와 충돌하지 않도록 이벤트 범위를 조절해야 합니다. 닫기 버튼을 함께 제공하는 것도 필수에 가깝습니다.		ESC 키로 닫기 지원	TRUE	더 큰 폰트 적용	FALSE	자동 재생 켜기	FALSE	링크 색을 바꾸기	FALSE	frontend	accessibility	a11y	html
Q032	aria-busy(aria-busy)		Frontend - Web Accessibility	16	CHOICE	EASY	로딩 중이라 콘텐츠가 업데이트 중임을 보조기기에 알릴 때 사용하는 속성은?	aria-busy는 영역이 업데이트 중임을 나타내며, 보조기기가 중간 상태를 이해하도록 돕습니다. 로딩 스피너만 보여주는 것보다 상태를 프로그램적으로 전달하는 것이 중요합니다. 면접에서는 로딩 상태 안내를 어떻게 구현하는지 질문이 나올 수 있습니다. 실무에서는 aria-live와 함께 로딩 완료 메시지를 제공하기도 합니다. 무한 로딩처럼 상태가 길어지면 사용자에게 더 명확한 안내가 필요합니다.		aria-busy	TRUE	aria-current	FALSE	aria-hidden	FALSE	aria-label	FALSE	frontend	accessibility	a11y	aria
Q033	aria-disabled(aria-disabled)		Frontend - Web Accessibility	16	CHOICE	EASY	버튼을 비활성처럼 보이게 하면서 의미적으로도 비활성 상태를 전달할 때 관련 있는 속성은?	네이티브 button은 disabled 속성이 가장 안전하지만, 커스텀 요소에서는 aria-disabled로 비활성 의미를 전달하기도 합니다. 다만 aria-disabled만으로는 클릭이 막히지 않으므로 로직도 함께 막아야 합니다. 면접에서는 disabled와 aria-disabled 차이를 묻는 경우가 있습니다. 실무에서는 비활성 상태에서도 포커스가 가는지, 안내가 필요한지 고려해야 합니다. 시각적 처리만으로 비활성을 표현하면 접근성에 취약합니다.		aria-disabled	TRUE	aria-current	FALSE	aria-live	FALSE	aria-hidden	FALSE	frontend	accessibility	a11y	aria
Q034	에러 요약(Error Summary)		Frontend - Web Accessibility	16	CHOICE	EASY	폼 제출 시 오류가 여러 개일 때 접근성에 유리한 방식은?	오류가 많을 때는 상단에 오류 요약을 제공해 사용자가 빠르게 문제를 파악하고 해당 필드로 이동할 수 있게 합니다. 스크린 리더도 요약을 통해 전체 오류 상황을 이해합니다. 면접에서는 폼 접근성에서 오류 처리 전략을 묻기도 합니다. 실무에서는 요약에서 각 필드로 앵커 이동을 제공하고, 필드 주변에도 개별 오류를 표시합니다. 단순히 빨간 테두리만 주는 방식은 부족합니다.		빨간 테두리만 표시한다	FALSE	오류 요약을 제공하고 해당 필드로 이동 가능하게 한다	TRUE	페이지를 강제 새로고침한다	FALSE	오류는 콘솔에만 출력한다	FALSE	frontend	accessibility	a11y	html
Q035	색만 의존 금지(Color Only)		Frontend - Web Accessibility	16	CHOICE	EASY	접근성 관점에서 피해야 하는 UI 안내 방식은?	색상만으로 상태를 구분하면 색각 이상 사용자에게 정보가 전달되지 않을 수 있습니다. 텍스트, 아이콘, 패턴, 위치 등의 추가 단서를 함께 제공해야 합니다. 면접에서는 색만으로 표시하면 왜 문제인지 자주 묻습니다. 실무에서는 필수 항목 표시, 에러 표시, 그래프 범례 등에서 특히 자주 발생합니다. 색 대비를 맞춰도 색 단독 의존 문제는 별개로 남습니다.		에러를 색으로만 표시한다	TRUE	에러를 텍스트로도 함께 안내한다	FALSE	필수 항목을 텍스트로 표시한다	FALSE	상태를 아이콘과 텍스트로 함께 표시한다	FALSE	frontend	accessibility	a11y	ui
Q036	스크린 리더(Screen Reader)		Frontend - Web Accessibility	16	CHOICE	EASY	스크린 리더의 역할로 가장 올바른 설명은?	스크린 리더는 화면의 요소 의미와 텍스트를 음성이나 점자로 출력해 시각 정보를 보조합니다. HTML 구조와 접근성 트리가 잘 구성되어야 정확히 안내합니다. 면접에서는 스크린 리더가 어떤 정보를 기반으로 읽는지 묻기도 합니다. 실무에서는 NVDA, VoiceOver 같은 도구로 간단히 테스트할 수 있습니다. 시맨틱 태그와 label, aria 속성이 품질을 좌우합니다.		화면 내용을 음성이나 점자로 안내한다	TRUE	CSS를 자동으로 최적화한다	FALSE	서버 응답을 캐싱한다	FALSE	이미지 해상도를 높인다	FALSE	frontend	accessibility	a11y	tools
Q037	숨김 텍스트(Visually Hidden)		Frontend - Web Accessibility	16	CHOICE	EASY	화면에는 보이지 않지만 스크린 리더에는 읽히게 하고 싶을 때 적절한 방법은?	visually hidden 패턴은 화면에서만 숨기고 접근성 트리에는 남겨 읽히게 합니다. display none이나 visibility hidden은 보조기기에서도 보통 숨겨집니다. 면접에서는 숨김 처리 방식의 차이를 묻습니다. 실무에서는 아이콘 버튼에 설명 텍스트를 숨김으로 넣거나, 보충 설명을 제공할 때 유용합니다. CSS 유틸 클래스로 재사용하는 방식이 일반적입니다.		display none을 사용한다	FALSE	시각 숨김 CSS로 숨김 텍스트를 만든다	TRUE	opacity 0만 적용한다	FALSE	z-index를 낮춘다	FALSE	frontend	accessibility	a11y	css
Q038	테이블 헤더(Table Header)		Frontend - Web Accessibility	16	CHOICE	EASY	데이터 테이블에서 열 제목을 올바르게 표현하는 요소는?	th는 테이블 헤더 셀을 의미하며, 보조기기가 행/열의 맥락을 이해하는 데 중요합니다. 단순히 td로 제목을 만들면 의미가 약해질 수 있습니다. 면접에서는 table 접근성이나 scope 속성까지 확장될 수 있습니다. 실무에서는 표가 복잡할수록 헤더 지정이 중요해집니다. 레이아웃 목적의 table 사용은 피하는 것이 좋습니다.		th	TRUE	td	FALSE	div	FALSE	span	FALSE	frontend	accessibility	a11y	html
Q039	자동 재생(Autoplay)		Frontend - Web Accessibility	16	CHOICE	EASY	접근성 관점에서 피하거나 신중해야 하는 동작은?	자동 재생은 소리로 인해 사용자에게 큰 방해가 될 수 있고, 보조기기 사용자에게도 예기치 않은 경험을 줍니다. 필요한 경우에도 쉽게 일시정지나 음소거가 가능해야 합니다. 면접에서는 미디어 접근성에서 자동 재생을 어떻게 다룰지 묻기도 합니다. 실무에서는 사용자 제스처 이후 재생을 기본으로 두는 편이 안전합니다. 애니메이션 자동 재생도 멀미 유발 가능성이 있어 고려 대상입니다.		사용자 동의 없이 소리 있는 자동 재생	TRUE	재생 버튼을 제공한다	FALSE	자막을 제공한다	FALSE	음소거 옵션을 제공한다	FALSE	frontend	accessibility	a11y	ui
Q040	반응형 텍스트(Resize Text)		Frontend - Web Accessibility	16	CHOICE	EASY	사용자가 브라우저에서 글자 크기를 키웠을 때도 사용 가능하도록 하려면 무엇이 중요할까?	글자 확대는 저시력 사용자의 핵심 기능입니다. 확대 시 레이아웃이 깨지거나 텍스트가 잘리면 접근성이 떨어집니다. 면접에서는 고정 높이, 고정 px 사용이 왜 위험한지 질문이 나옵니다. 실무에서는 line-height, 유연한 레이아웃, 상대 단위 사용 등을 통해 확대에도 견디게 만듭니다. 특히 버튼과 카드 컴포넌트에서 텍스트가 잘리지 않도록 점검해야 합니다.		고정 높이와 고정 px만 사용한다	FALSE	글자 확대 시에도 잘리지 않도록 유연한 레이아웃을 유지한다	TRUE	텍스트는 이미지로만 제공한다	FALSE	스크롤을 무조건 숨긴다	FALSE	frontend	accessibility	a11y	css
Q041	ARIA 남용 금지(ARIA Overuse)		Frontend - Web Accessibility	16	CHOICE	EASY	접근성 구현에서 가장 권장되는 우선순서는?	접근성은 네이티브 HTML이 기본입니다. 시맨틱 요소는 역할과 키보드 동작이 내장되어 있어 ARIA보다 안정적입니다. 면접에서는 ARIA를 언제 써야 하는지, 남용 시 어떤 문제가 생기는지를 자주 묻습니다. 실무에서는 div에 role을 덕지덕지 붙이기보다 button, a, input 같은 요소로 먼저 해결하는 편이 유지보수도 쉽습니다. ARIA는 필요한 최소한으로 보완하는 도구라는 점을 기억해야 합니다.		ARIA를 먼저 붙이고 HTML은 나중에 맞춘다	FALSE	네이티브 HTML을 먼저 쓰고 필요한 경우에만 ARIA로 보완한다	TRUE	모든 요소를 div로 통일하고 role로 처리한다	FALSE	접근성은 CSS만으로 해결한다	FALSE	frontend	accessibility	a11y	aria
Q042	단축키 충돌(Keyboard Shortcut Conflict)		Frontend - Web Accessibility	16	CHOICE	EASY	웹앱에서 커스텀 단축키를 추가할 때 가장 올바른 주의사항은?	브라우저와 보조기기의 기본 단축키는 사용자가 의존하는 기능입니다. 이를 가로채면 탐색이 깨지거나 기능을 잃을 수 있습니다. 면접에서는 키보드 접근성을 해치지 않는 설계가 가능한지 보기도 합니다. 실무에서는 단축키를 제공하더라도 끄기 옵션, 범위 제한, 입력 중 비활성화 등 안전장치를 둡니다. 특히 Ctrl, Alt 조합은 OS 단축키와 충돌할 확률이 높습니다.		모든 페이지에서 Ctrl 단축키를 무조건 가로챈다	FALSE	기존 브라우저/보조기기 단축키와 충돌을 피한다	TRUE	마우스 사용자만 대상으로 한다	FALSE	단축키는 안내 없이 숨긴다	FALSE	frontend	accessibility	a11y	ui
Q043	포커스 복귀(Focus Return)		Frontend - Web Accessibility	16	CHOICE	EASY	모달을 닫은 뒤 접근성 관점에서 가장 좋은 포커스 처리 방식은?	모달은 작업 흐름을 잠시 중단시키는 UI라 닫힌 후 사용자가 어디에서 왔는지 이어갈 수 있어야 합니다. 보통 모달을 열었던 트리거 버튼으로 포커스를 되돌립니다. 면접에서는 모달 포커스 트랩뿐 아니라 복귀까지 포함해 설명하는지 봅니다. 실무에서는 포커스 복귀가 없으면 키보드 사용자가 페이지에서 길을 잃습니다. 라우팅/상태 변경이 있을 때도 포커스 위치를 함께 고려해야 합니다.		포커스를 항상 body로 보낸다	FALSE	모달을 열었던 요소로 포커스를 되돌린다	TRUE	포커스를 임의의 첫 링크로 보낸다	FALSE	포커스 처리는 필요 없다	FALSE	frontend	accessibility	a11y	html
Q044	접근성 트리(Accessibility Tree)		Frontend - Web Accessibility	16	CHOICE	EASY	스크린 리더가 UI를 이해할 때 주로 참고하는 구조는?	스크린 리더는 DOM과 시맨틱 정보, ARIA를 기반으로 만들어진 접근성 트리를 사용합니다. 시각적 CSS 배치만으로는 의미가 전달되지 않습니다. 면접에서는 접근성 트리 개념을 아는지, aria-hidden의 영향 등을 묻기도 합니다. 실무에서는 화면에 보이지만 접근성 트리에서 숨겨지는 요소가 생기지 않도록 점검해야 합니다. 크롬 개발자도구에서 접근성 패널로 일부 확인도 가능합니다.		CSS 레이아웃 트리	FALSE	Accessibility Tree	TRUE	네트워크 워터폴	FALSE	서버 로그	FALSE	frontend	accessibility	a11y	tools
Q045	label for 연결(Label For)		Frontend - Web Accessibility	16	CHOICE	EASY	label과 input을 올바르게 연결하는 방법은?	label의 for는 input의 id를 참조해 연결합니다. 이렇게 하면 레이블 클릭 시 입력창에 포커스가 가고, 스크린 리더도 이름을 정확히 읽습니다. 면접에서는 label 감싸기 방식과 for 연결 방식의 차이를 물어볼 수 있습니다. 실무에서는 id 중복이 발생하면 연결이 깨지므로 폼 컴포넌트화 시 주의가 필요합니다. placeholder는 label을 대체하지 못한다는 점이 중요합니다.		label의 for와 input의 id를 동일하게 맞춘다	TRUE	label을 div로 바꾼다	FALSE	input에 class만 준다	FALSE	label 대신 hr를 쓴다	FALSE	frontend	accessibility	a11y	html
Q046	aria-invalid(aria-invalid)		Frontend - Web Accessibility	16	CHOICE	EASY	입력값이 유효하지 않음을 보조기기에 알려주는 속성은?	aria-invalid는 폼 컨트롤이 현재 검증 실패 상태임을 나타냅니다. 오류 메시지를 aria-describedby로 연결하면 맥락 전달이 더 좋아집니다. 면접에서는 오류 처리 접근성에서 어떤 속성을 쓰는지 자주 나옵니다. 실무에서는 단순히 빨간 테두리만 주지 말고, 프로그램적으로도 상태를 표현해야 합니다. 제출 후 첫 오류 필드로 포커스를 이동시키는 패턴과 함께 쓰면 효과적입니다.		aria-invalid	TRUE	aria-live	FALSE	aria-hidden	FALSE	aria-current	FALSE	frontend	accessibility	a11y	aria
Q047	aria-required(aria-required)		Frontend - Web Accessibility	16	CHOICE	EASY	필수 입력 항목임을 보조기기에 전달할 때 관련 있는 속성은?	HTML의 required 속성이 우선이지만, 커스텀 컨트롤에서는 aria-required로 필수 여부를 전달할 수 있습니다. 면접에서는 required와 aria-required의 관계를 묻기도 합니다. 실무에서는 필수 표시를 별표만으로 두지 말고 텍스트 설명도 함께 제공하는 것이 좋습니다. 또 필수 항목이 많다면 사용자 부담을 줄이는 UX도 같이 고려합니다. 접근성은 단순 표기뿐 아니라 오류 예방과도 연결됩니다.		aria-required	TRUE	aria-current	FALSE	aria-expanded	FALSE	aria-hidden	FALSE	frontend	accessibility	a11y	aria
Q048	읽기 순서(Reading Order)		Frontend - Web Accessibility	16	CHOICE	EASY	스크린 리더의 읽기 순서에 가장 큰 영향을 주는 것은?	읽기 순서는 기본적으로 DOM 순서에 따라 결정됩니다. CSS로 위치를 바꿔도 DOM이 논리적이지 않으면 읽기 흐름이 이상해집니다. 면접에서는 시각적 순서와 읽기 순서가 달라질 때 문제를 설명하라고 할 수 있습니다. 실무에서는 grid, flex의 order 속성을 남발하면 키보드/스크린 리더 순서가 꼬일 수 있어 주의해야 합니다. 레이아웃보다 정보 구조가 먼저라는 원칙이 중요합니다.		DOM 순서	TRUE	이미지 해상도	FALSE	폰트 종류	FALSE	서버 응답 속도	FALSE	frontend	accessibility	a11y	html
Q049	링크와 버튼 구분(Link vs Button)		Frontend - Web Accessibility	16	CHOICE	EASY	접근성 관점에서 가장 올바른 선택은?	링크는 페이지 이동이나 리소스 탐색에, 버튼은 동작 실행에 사용합니다. 의미가 맞아야 보조기기와 사용자 기대가 일치합니다. 면접에서는 a와 button을 언제 쓰는지 단골로 나옵니다. 실무에서는 a에 onClick만 달고 href를 비워두면 키보드/스크린 리더에서 혼란이 생길 수 있습니다. 라우팅 링크도 기본적으로는 링크 의미를 유지하는 방식이 좋습니다.		페이지 이동은 button으로 만든다	FALSE	동작 실행은 button, 이동은 a 링크로 구분한다	TRUE	모든 클릭은 div로 만든다	FALSE	링크에는 항상 role button을 준다	FALSE	frontend	accessibility	a11y	html
Q050	target blank 보안/접근성		Frontend - Web Accessibility	16	CHOICE	EASY	새 탭으로 열리는 링크를 만들 때 가장 적절한 고려사항은?	새 탭은 사용자의 문맥을 바꾸므로 안내가 있으면 좋습니다. 또한 보안 측면에서 rel noopener noreferrer를 함께 쓰는 관행이 널리 사용됩니다. 면접에서는 target blank의 부작용과 보완을 물을 수 있습니다. 실무에서는 외부 링크에 새 탭을 일괄 적용하기보다 사용자 기대와 맥락을 고려합니다. 스크린 리더 사용자에게도 새 창 열림을 텍스트로 알려주면 혼란을 줄일 수 있습니다.		target blank만 쓰고 rel은 생략한다	FALSE	새 탭 안내를 고려하고 rel noopener noreferrer를 함께 사용한다	TRUE	새 탭은 접근성과 무관하다	FALSE	무조건 현재 탭에서만 열어야 한다	FALSE	frontend	accessibility	a11y	html
Q051	aria-checked(aria-checked)		Frontend - Web Accessibility	16	CHOICE	EASY	커스텀 체크박스/토글의 선택 상태를 나타내는 속성은?	aria-checked는 체크 상태를 보조기기에 전달합니다. 체크박스, 토글, 라디오 같은 선택 UI에서 의미가 중요합니다. 면접에서는 커스텀 컨트롤을 만들 때 어떤 ARIA 상태가 필요한지 물을 수 있습니다. 실무에서는 클릭/키보드 조작 시 상태가 aria-checked에 반영되도록 동기화해야 합니다. 시각적 체크 표시만으로는 보조기기가 상태를 알 수 없습니다.		aria-checked	TRUE	aria-current	FALSE	aria-busy	FALSE	aria-hidden	FALSE	frontend	accessibility	a11y	aria
Q052	role checkbox(Role Checkbox)		Frontend - Web Accessibility	16	CHOICE	EASY	div로 체크박스를 만들었다면 역할을 보조기기에 알려줄 때 사용할 수 있는 속성은?	커스텀 UI는 기본 의미가 없기 때문에 role로 역할을 지정할 수 있습니다. 하지만 네이티브 input type checkbox를 쓰는 것이 가장 안전합니다. 면접에서는 role checkbox만 주면 끝이 아니라 키보드 동작과 aria-checked 동기화가 필요하다는 점이 중요합니다. 실무에서는 스페이스로 토글되게 하고 포커스 가능하게 해야 합니다. 가능한 한 기본 요소를 쓰고, 정말 필요할 때만 role을 사용합니다.		role="checkbox"	TRUE	role="img"	FALSE	role="link"	FALSE	role="table"	FALSE	frontend	accessibility	a11y	aria
Q053	aria-modal(aria-modal)		Frontend - Web Accessibility	16	CHOICE	EASY	모달이 열렸고 배경이 비활성화된 상태임을 나타내는 속성은?	aria-modal은 대화상자가 모달임을 알립니다. 일반적으로 role dialog와 함께 사용되며, 포커스 트랩과 같이 구현됩니다. 면접에서는 모달에 필요한 aria 속성과 포커스 정책을 함께 설명하는지 봅니다. 실무에서는 배경 스크롤 잠금만으로는 충분하지 않고, 키보드 포커스 이동도 제한해야 합니다. 또한 제목을 aria-labelledby로 연결해 모달이 무엇인지 알려주는 것이 좋습니다.		aria-modal	TRUE	aria-live	FALSE	aria-current	FALSE	aria-hidden	FALSE	frontend	accessibility	a11y	aria
Q054	role dialog(Role Dialog)		Frontend - Web Accessibility	16	CHOICE	EASY	커스텀 모달 컨테이너에 대화상자 역할을 명시할 때 흔히 쓰는 값은?	role dialog는 요소가 대화상자임을 보조기기에 알립니다. alertdialog는 더 긴급한 상황에 사용합니다. 면접에서는 dialog와 alertdialog 차이를 물을 수 있습니다. 실무에서는 단순 안내 모달에 alertdialog를 남발하면 사용자 경험이 거칠어질 수 있습니다. 역할을 지정했더라도 키보드 포커스/제목 연결이 함께 구현되어야 합니다.		role="dialog"	TRUE	role="grid"	FALSE	role="status"	FALSE	role="navigation"	FALSE	frontend	accessibility	a11y	aria
Q055	폼 자동완성(Autocomplete)		Frontend - Web Accessibility	16	CHOICE	EASY	사용자 입력 편의를 높이고 오류를 줄이기 위해 권장되는 HTML 속성은?	autocomplete는 브라우저가 이전 입력을 바탕으로 값을 제안할 수 있게 합니다. 접근성은 장애 유무뿐 아니라 전반적인 사용성 개선을 포함합니다. 면접에서는 폼 UX와 접근성의 연결을 묻기도 합니다. 실무에서는 name, email, address 같은 필드에 적절한 autocomplete 값을 주면 입력 시간이 줄고 오류도 감소합니다. 단, 보안상 민감 정보에는 정책에 맞게 신중히 적용해야 합니다.		autocomplete	TRUE	draggable	FALSE	poster	FALSE	sandbox	FALSE	frontend	accessibility	a11y	html
Q056	입력 타입(Input Type)		Frontend - Web Accessibility	16	CHOICE	EASY	모바일/보조기기 사용성을 위해 이메일 입력창에 가장 적절한 type은?	input type email은 이메일 입력에 최적화된 키보드와 기본 검증을 제공합니다. 이는 사용자 오류를 줄이고 입력 효율을 높입니다. 면접에서는 type을 왜 구체적으로 지정해야 하는지 묻기도 합니다. 실무에서는 전화번호, 숫자, 날짜 등도 적절한 type을 쓰면 UX가 크게 좋아집니다. 단, 브라우저별 검증 메시지 차이를 고려해 커스텀 검증과 함께 쓰기도 합니다.		type="email"	TRUE	type="text"	FALSE	type="button"	FALSE	type="image"	FALSE	frontend	accessibility	a11y	html
Q057	뷰포트 확대(Zoom)		Frontend - Web Accessibility	16	CHOICE	EASY	접근성 관점에서 피해야 할 설정은?	사용자가 확대(Zoom)로 글자나 UI를 크게 보고 싶을 수 있습니다. 확대를 막으면 저시력 사용자에게 큰 제약이 됩니다. 면접에서는 meta viewport에서 user-scalable을 끄는 것이 왜 문제인지 질문이 나올 수 있습니다. 실무에서는 디자인이 깨지는 것을 이유로 확대를 막기보다, 확대해도 견딜 수 있게 레이아웃을 개선하는 편이 좋습니다. 확대는 접근성에서 매우 기본적인 기능 중 하나입니다.		사용자 확대를 막는 설정을 한다	TRUE	확대해도 레이아웃이 유지되게 만든다	FALSE	글자 크기를 상대 단위로 사용한다	FALSE	줄바꿈이 가능하게 만든다	FALSE	frontend	accessibility	a11y	html
Q058	aria-pressed(aria-pressed)		Frontend - Web Accessibility	16	CHOICE	EASY	토글 버튼의 눌림 상태를 표현하는 속성은?	aria-pressed는 토글 버튼이 눌린 상태인지 아닌지 나타냅니다. 즐겨찾기, 좋아요 같은 토글 버튼에서 유용합니다. 면접에서는 버튼이 토글일 때 상태를 어떻게 전달하는지 묻기도 합니다. 실무에서는 시각적 색 변화뿐 아니라 aria-pressed 값도 함께 변경해야 합니다. 네이티브 button은 그대로 쓰고 상태만 ARIA로 보완하는 패턴이 흔합니다.		aria-pressed	TRUE	aria-expanded	FALSE	aria-hidden	FALSE	aria-busy	FALSE	frontend	accessibility	a11y	aria
Q059	aria-roledescription(aria-roledescription)		Frontend - Web Accessibility	16	CHOICE	EASY	커스텀 위젯의 역할을 사용자 친화적으로 설명하고 싶을 때 관련 있는 속성은?	aria-roledescription은 역할을 더 사용자 친화적인 표현으로 설명할 때 사용될 수 있습니다. 다만 지원 범위와 사용성 때문에 남발하면 오히려 혼란이 생길 수 있습니다. 면접에서는 잘 알려진 속성은 아니지만, ARIA의 목적과 한계를 설명할 때 포인트가 됩니다. 실무에서는 표준 role로 충분한지 먼저 검토하고, 특별한 이유가 있을 때만 제한적으로 고려합니다. 디폴트 동작과 키보드 패턴이 구현되지 않으면 설명만 바꿔도 해결되지 않습니다.		aria-roledescription	TRUE	aria-live	FALSE	aria-current	FALSE	aria-modal	FALSE	frontend	accessibility	a11y	aria
Q060	접근성 테스트(Accessibility Testing)		Frontend - Web Accessibility	16	CHOICE	EASY	접근성 기본 점검으로 가장 현실적인 방법은?	자동 도구는 많은 문제를 빠르게 잡아주지만 전부를 해결해주진 못합니다. 그래서 키보드 탭 테스트와 스크린 리더 간단 확인을 함께 하는 것이 좋습니다. 면접에서는 접근성을 어떻게 검증하냐고 물으면 이 조합이 설득력이 있습니다. 실무에서는 Lighthouse, axe 같은 도구로 자동 점검을 하고, 주요 플로우는 실제 키보드로 끝까지 진행해 봅니다. 디자인 단계부터 대비/레이블/포커스 정책을 정해두면 QA 비용이 줄어듭니다.		자동 도구만 돌리면 충분하다	FALSE	자동 도구와 키보드 탭 테스트를 함께 한다	TRUE	접근성은 운영에서만 확인한다	FALSE	QA 없이 배포 후 피드백으로 고친다	FALSE	frontend	accessibility	a11y	tools
Q061	역할과 상태(Role and State)		Frontend - Web Accessibility	16	CHOICE	EASY	ARIA에서 role과 state를 함께 관리해야 하는 이유로 가장 올바른 것은?	role은 요소가 어떤 위젯인지 알려주고, state는 현재 상태를 알려줍니다. 둘 중 하나만 맞춰도 사용자 경험은 불완전해집니다. 면접에서는 role만 지정해두고 상태값을 안 바꾸면 어떤 일이 생기냐고 묻곤 합니다. 실무에서는 토글이나 아코디언처럼 상태가 변하는 UI에서 aria-expanded, aria-pressed 같은 값을 이벤트와 함께 동기화해야 합니다. 시각적 변화와 접근성 상태가 불일치하면 스크린 리더 사용자가 오동작으로 느낄 수 있습니다.		role만 주면 상태는 필요 없다	FALSE	역할과 상태가 함께 전달되어야 보조기기가 UI를 이해한다	TRUE	state만 주면 role은 필요 없다	FALSE	ARIA는 CSS 대체 수단이다	FALSE	frontend	accessibility	a11y	aria
Q062	명확한 버튼 라벨(Button Label)		Frontend - Web Accessibility	16	CHOICE	EASY	접근성 좋은 버튼 텍스트의 특징으로 가장 알맞은 것은?	버튼 라벨은 행동을 명확히 설명해야 합니다. 확인 같은 문구는 문맥이 없으면 의미가 약해질 수 있습니다. 면접에서는 모달의 확인/취소 버튼이 무엇을 의미하는지 명확히 하라고 말하는 경우가 많습니다. 실무에서는 저장, 결제하기, 장바구니 담기처럼 동작이 드러나는 라벨이 좋습니다. 아이콘만 있는 버튼이라면 aria-label이나 숨김 텍스트로 목적을 제공해야 합니다.		버튼 텍스트는 짧을수록 무조건 좋다	FALSE	버튼 동작이 드러나게 명확한 라벨을 쓴다	TRUE	버튼은 아이콘만 쓰는 것이 가장 좋다	FALSE	버튼 라벨은 색상으로만 구분하면 된다	FALSE	frontend	accessibility	a11y	ui
Q063	링크 목적(Link Purpose)		Frontend - Web Accessibility	16	CHOICE	EASY	같은 문장 안에서 접근성에 더 좋은 링크 표현은?	링크는 단독으로 읽혀도 목적이 전달되어야 합니다. 여기, 더보기 같은 링크는 목록에서 의미가 사라집니다. 면접에서는 링크 텍스트 가이드라인을 아는지 확인합니다. 실무에서는 카드형 UI에서 더보기 링크가 여러 개면 특히 혼란이 큽니다. 링크 텍스트에 대상이 포함되도록 작성하거나 aria-label로 보완할 수 있습니다.		더보기	FALSE	여기	FALSE	상품 상세 페이지로 이동	TRUE	이동	FALSE	frontend	accessibility	a11y	html
Q064	폼 그룹 설명(Form Group)		Frontend - Web Accessibility	16	CHOICE	EASY	체크박스 여러 개가 하나의 질문에 속할 때 권장되는 구성은?	관련 입력을 그룹으로 묶으면 보조기기가 질문과 선택지 관계를 이해하기 쉽습니다. fieldset과 legend는 그 목적에 맞는 시맨틱 요소입니다. 면접에서는 라디오 그룹 접근성 구현을 자주 묻습니다. 실무에서는 설문, 약관 동의, 옵션 선택에서 그룹화가 중요합니다. 단순 div 묶음은 시각적으로는 같아도 의미 전달이 부족할 수 있습니다.		fieldset과 legend로 질문과 선택지를 묶는다	TRUE	div만 여러 개 만든다	FALSE	h1으로 질문을 만든다	FALSE	table로만 만든다	FALSE	frontend	accessibility	a11y	html
Q065	aria-describedby(설명 연결)		Frontend - Web Accessibility	16	CHOICE	EASY	입력 도움말을 스크린 리더가 함께 읽게 하려면 어떤 속성을 쓰는가?	aria-describedby는 요소에 추가 설명을 연결합니다. 예를 들어 비밀번호 규칙 안내를 입력창과 연결하면 낭독 시 맥락을 제공할 수 있습니다. 면접에서는 label과 describedby의 차이를 묻기도 합니다. 실무에서는 오류 메시지, 힌트 문구, 형식 안내 등을 describedby로 연결하면 폼 사용성이 크게 좋아집니다. 연결 대상 id가 바뀌면 설명이 끊기니 컴포넌트화 시 주의가 필요합니다.		aria-describedby	TRUE	aria-label	FALSE	aria-hidden	FALSE	aria-live	FALSE	frontend	accessibility	a11y	aria
Q066	aria-label(대체 이름)		Frontend - Web Accessibility	16	CHOICE	EASY	아이콘만 있는 검색 버튼에 가장 적절한 보완은?	아이콘만 있으면 접근성 이름이 비어 있을 수 있습니다. aria-label로 검색 같은 목적을 제공하면 보조기기가 버튼을 올바르게 안내합니다. 면접에서는 아이콘 버튼 접근성을 자주 묻습니다. 실무에서는 동일 아이콘이 여러 개일 때 구체적인 라벨을 붙여야 혼동이 줄어듭니다. aria-label만으로 충분한지, 숨김 텍스트가 더 나은지 상황에 맞게 선택하면 좋습니다.		aria-label="검색" 같은 라벨을 제공한다	TRUE	아이콘 크기만 키운다	FALSE	hover 효과만 추가한다	FALSE	button 대신 div로 바꾼다	FALSE	frontend	accessibility	a11y	aria
Q067	aria-hidden 주의(aria-hidden Pitfall)		Frontend - Web Accessibility	16	CHOICE	EASY	다음 중 aria-hidden true를 적용하면 특히 위험한 대상은?	aria-hidden은 보조기기에서 요소를 숨깁니다. 포커스 가능한 요소에 적용하면 키보드 사용자는 접근할 수 있지만 스크린 리더는 읽지 못하는 불일치가 생길 수 있습니다. 면접에서는 aria-hidden을 어디에 쓰면 안 되는지 묻기도 합니다. 실무에서는 모달 배경을 숨길 때는 배경 컨테이너에 적용하고, 포커스 가능 요소는 함께 비활성화해야 합니다. 중요한 정보나 조작 요소를 숨기는 용도로 쓰면 큰 장애가 됩니다.		포커스 가능한 버튼/링크	TRUE	장식용 아이콘	FALSE	반복되는 배경 패턴	FALSE	의미 없는 구분선	FALSE	frontend	accessibility	a11y	aria
Q068	이미지 텍스트(Image of Text)		Frontend - Web Accessibility	16	CHOICE	EASY	접근성 관점에서 피해야 하는 콘텐츠 방식은?	텍스트를 이미지로 만들면 확대, 번역, 읽기 도구 지원이 약해집니다. 가능하면 실제 텍스트로 제공하고 CSS로 스타일링하는 편이 좋습니다. 면접에서는 이미지로 텍스트를 넣는 이유와 대안까지 질문될 수 있습니다. 실무에서는 브랜드 로고처럼 불가피한 경우에만 사용하고, 그 외에는 HTML 텍스트로 유지합니다. 이미지 안의 문구는 alt로 전달하기도 어렵고 유지보수 비용도 큽니다.		중요한 안내 문구를 이미지로만 제공한다	TRUE	중요한 안내는 실제 텍스트로 제공한다	FALSE	텍스트 대비를 높인다	FALSE	폰트 크기를 키운다	FALSE	frontend	accessibility	a11y	ui
Q069	캡션 트랙(track captions)		Frontend - Web Accessibility	16	CHOICE	EASY	HTML5 video에서 자막을 제공할 때 가장 대표적으로 사용하는 요소는?	video의 track 요소는 자막과 설명 트랙을 제공할 수 있습니다. 자막은 청각장애 사용자뿐 아니라 소리 없이 보는 사용자에게도 중요합니다. 면접에서는 video 접근성에서 무엇을 제공해야 하는지 자주 나옵니다. 실무에서는 자동 자막 품질 이슈가 많아 검수와 편집이 필요합니다. 단순히 스크립트를 제공하는 것만으로는 충분하지 않을 수 있습니다.		track	TRUE	source	FALSE	canvas	FALSE	iframe	FALSE	frontend	accessibility	a11y	html
Q070	오디오 컨트롤(Audio Control)		Frontend - Web Accessibility	16	CHOICE	EASY	배경음이 있는 콘텐츠에서 접근성에 가장 중요한 제공 요소는?	소리가 갑자기 나오는 것은 사용자에게 큰 방해가 될 수 있습니다. 재생/일시정지/음소거 같은 컨트롤을 쉽게 제공해야 합니다. 면접에서는 자동 재생을 피하는 이유와 대안이 자주 언급됩니다. 실무에서는 음소거 기본값, 볼륨 기억, 키보드 조작 가능 여부까지 고려하면 좋습니다. 특히 스크린 리더 사용자는 소리 겹침이 치명적일 수 있어 더 주의해야 합니다.		음소거/일시정지 같은 컨트롤 제공	TRUE	배경음을 더 크게 한다	FALSE	음악을 숨긴다	FALSE	컨트롤 없이 자동 재생한다	FALSE	frontend	accessibility	a11y	ui
Q071	키보드 트랩(Keyboard Trap)		Frontend - Web Accessibility	16	CHOICE	EASY	키보드 트랩(Keyboard Trap) 문제의 설명으로 가장 올바른 것은?	키보드 트랩은 키보드로 특정 영역에 들어간 뒤 빠져나올 수 없는 상태를 말합니다. 모달이나 커스텀 컴포넌트에서 자주 발생합니다. 면접에서는 실제 사례를 들며 어떻게 예방할지 질문이 나올 수 있습니다. 실무에서는 탭 이동 경로를 끝까지 테스트하고, ESC로 닫기 같은 탈출 경로를 제공하는 것이 중요합니다. 포커스 트랩은 모달 내부를 유지하되, 닫기 시 빠져나올 수 있어야 합니다.		탭으로 들어가면 빠져나올 수 없는 상태	TRUE	키보드가 느리게 동작하는 상태	FALSE	마우스 클릭이 안 되는 상태	FALSE	텍스트 입력이 자동 완성되는 상태	FALSE	frontend	accessibility	a11y	ui
Q072	접근성 이름 계산(Name Computation)		Frontend - Web Accessibility	16	CHOICE	EASY	다음 중 요소의 접근성 이름을 제공하는 방법으로 가장 대표적인 것은?	접근성 이름은 label, aria-label, aria-labelledby 등으로 설정됩니다. 요소가 무엇인지 읽어주는 핵심 정보라서 빠지면 조작이 어렵습니다. 면접에서는 input 이름을 어떻게 제공하는지 자주 묻습니다. 실무에서는 시각적으로 텍스트가 있어도 연결이 안 되어 있으면 이름이 비어 있을 수 있습니다. 폼 요소는 label 연결을 기본으로 하고, 필요 시 ARIA로 보완합니다.		label 또는 aria-label로 이름을 제공한다	TRUE	border를 두껍게 한다	FALSE	padding을 늘린다	FALSE	z-index를 올린다	FALSE	frontend	accessibility	a11y	aria
Q073	로딩 스피너 텍스트(Loading Text)		Frontend - Web Accessibility	16	CHOICE	EASY	로딩 중임을 스크린 리더 사용자에게 전달하는 더 좋은 방법은?	스피너만 돌리면 보조기기는 상태 변화를 인지하지 못할 수 있습니다. aria-live나 상태 텍스트를 제공하면 로딩 시작/완료를 알릴 수 있습니다. 면접에서는 로딩 상태를 어떻게 안내하는지 질문이 나옵니다. 실무에서는 로딩이 길어질 때 진행 상황이나 예상 작업을 알려주면 더 좋습니다. 너무 잦은 라이브 알림은 방해가 되므로 중요한 변화에만 사용합니다.		스피너만 보여준다	FALSE	로딩 상태 텍스트를 제공하고 필요 시 aria-live를 사용한다	TRUE	배경색만 바꾼다	FALSE	로딩 중에는 포커스를 모두 제거한다	FALSE	frontend	accessibility	a11y	aria
Q074	placeholder 한계(Placeholder Limit)		Frontend - Web Accessibility	16	CHOICE	EASY	placeholder만으로 라벨을 대체하면 안 되는 이유로 가장 올바른 것은?	placeholder는 입력 예시일 뿐, 접근성 이름을 안정적으로 제공하지 못합니다. 입력을 시작하면 placeholder가 사라져 문맥이 끊길 수 있습니다. 면접에서는 label 없이 placeholder만 쓰는 문제를 단골로 냅니다. 실무에서는 폼 자동완성, 오류 메시지, 스크린 리더 낭독까지 고려하면 label이 필수에 가깝습니다. 디자인 때문에 숨길 때도 시각 숨김 텍스트로 label 역할을 유지하는 것이 좋습니다.		placeholder는 입력 중 사라지고 이름 역할을 못 할 수 있다	TRUE	placeholder는 색이 예쁘다	FALSE	placeholder는 모바일에서만 보인다	FALSE	placeholder는 CSS가 필요 없다	FALSE	frontend	accessibility	a11y	html
Q075	제목과 레이블(Heading and Label)		Frontend - Web Accessibility	16	CHOICE	EASY	제목(h 태그)과 레이블(label)의 역할 차이로 가장 올바른 것은?	heading은 문서 구조와 섹션 제목을 나타내고, label은 폼 컨트롤의 이름을 제공합니다. 서로 대체 관계가 아닙니다. 면접에서는 폼 제목을 h 태그로 쓰면 되는지 같은 질문이 나올 수 있습니다. 실무에서는 섹션 제목은 heading으로, 입력 이름은 label로 각각 역할에 맞게 사용합니다. 역할을 섞으면 보조기기 탐색과 폼 사용성이 함께 떨어질 수 있습니다.		heading은 구조, label은 입력 이름을 제공한다	TRUE	heading은 폼 이름, label은 문서 구조다	FALSE	둘은 완전히 동일하다	FALSE	label은 CSS용 태그다	FALSE	frontend	accessibility	a11y	html
Q076	랜드마크 중복(Landmark Duplication)		Frontend - Web Accessibility	16	CHOICE	EASY	랜드마크(nav, main 등)를 사용할 때 올바른 주의사항은?	랜드마크는 빠른 탐색을 돕지만, 너무 많이 쓰거나 의미 없이 중복되면 탐색이 오히려 복잡해집니다. main은 보통 페이지당 1개가 권장됩니다. 면접에서는 랜드마크의 장점과 남용 위험을 함께 말할 수 있으면 좋습니다. 실무에서는 여러 nav가 필요하면 aria-label로 구분 이름을 제공하기도 합니다. 구조는 단순하고 명확할수록 접근성이 좋아집니다.		랜드마크는 많을수록 무조건 좋다	FALSE	랜드마크를 의미 있게 쓰고 필요하면 구분 라벨을 제공한다	TRUE	main은 여러 개를 항상 둔다	FALSE	nav는 아무 링크 묶음에나 붙인다	FALSE	frontend	accessibility	a11y	html
Q077	스크롤 잠금(Scroll Lock)		Frontend - Web Accessibility	16	CHOICE	EASY	모달을 열 때 스크롤 잠금만 하고 포커스 처리를 안 하면 생길 수 있는 문제는?	배경 스크롤을 막아도 키보드 포커스는 여전히 배경으로 이동할 수 있습니다. 그러면 사용자는 화면 상 모달을 보고 있지만 포커스는 다른 곳에 가는 혼란이 생깁니다. 면접에서는 모달 접근성에서 스크롤 잠금만으로 부족하다는 점이 중요합니다. 실무에서는 포커스 트랩, ESC 닫기, 포커스 복귀가 함께 구현되어야 합니다. 시각적 잠금과 키보드 탐색을 동시에 고려해야 합니다.		문제가 없다	FALSE	포커스가 배경으로 이동해 조작이 꼬일 수 있다	TRUE	모달이 더 빨리 열린다	FALSE	자막이 자동으로 생긴다	FALSE	frontend	accessibility	a11y	ui
Q078	경고 다이얼로그(Alertdialog)		Frontend - Web Accessibility	16	CHOICE	EASY	긴급한 확인을 요구하는 대화상자에 더 어울리는 role은?	alertdialog는 즉각적인 사용자 반응이 필요한 경고/중요 확인에 사용됩니다. 일반 정보 모달은 dialog가 더 적절합니다. 면접에서는 dialog와 alertdialog 차이를 간단히 설명하라고 할 수 있습니다. 실무에서는 alertdialog를 남발하면 사용자에게 과도한 압박과 방해가 될 수 있어 신중히 사용합니다. 역할을 지정해도 포커스 이동과 이름 제공이 함께 이루어져야 합니다.		role="alertdialog"	TRUE	role="navigation"	FALSE	role="grid"	FALSE	role="banner"	FALSE	frontend	accessibility	a11y	aria
Q079	aria-live 수준(Polite vs Assertive)		Frontend - Web Accessibility	16	CHOICE	EASY	aria-live를 쓸 때 가장 올바른 운영 원칙은?	라이브 알림은 유용하지만 과하면 방해가 됩니다. 중요한 오류나 완료 같은 핵심 변화에만 사용하고, 빈번한 업데이트는 피하는 것이 좋습니다. 면접에서는 assertive를 언제 쓰는지와 남용 위험을 묻기도 합니다. 실무에서는 토스트 알림이 너무 자주 읽히면 사용자가 내용을 놓칠 수 있습니다. 우선순위를 정해 필요한 것만 전달하는 설계가 접근성 품질을 좌우합니다.		모든 변경사항을 assertive로 읽게 한다	FALSE	중요한 변화에만 사용하고 남발을 피한다	TRUE	aria-live는 CSS 속성이다	FALSE	aria-live는 서버에서만 쓴다	FALSE	frontend	accessibility	a11y	aria
Q080	키보드 테스트(Keyboard Test)		Frontend - Web Accessibility	16	CHOICE	EASY	접근성 QA에서 가장 간단하지만 강력한 기본 테스트는?	마우스를 내려놓고 탭, 쉬프트탭, 엔터, 스페이스로 주요 흐름을 끝까지 진행해보는 것이 기본입니다. 이 과정에서 포커스 표시, 탭 순서, 키보드 트랩, 버튼/링크 의미 문제를 빠르게 발견할 수 있습니다. 면접에서는 접근성을 어떻게 점검하냐고 할 때 가장 현실적인 답 중 하나입니다. 실무에서는 자동 도구로 잡히지 않는 많은 문제들이 이 테스트에서 드러납니다. 최소한 주요 플로우는 키보드만으로 완료 가능한지 확인해야 합니다.		Lighthouse만 돌려본다	FALSE	키보드만으로 주요 플로우를 끝까지 진행해본다	TRUE	색상만 확인한다	FALSE	폰트만 확인한다	FALSE	frontend	accessibility	a11y	tools
Q081	aria-haspopup(aria-haspopup)		Frontend - Web Accessibility	16	CHOICE	EASY	버튼이 메뉴나 팝업을 연다는 사실을 보조기기에 알릴 때 쓰는 속성은?	aria-haspopup는 요소가 팝업(메뉴, 리스트박스, 다이얼로그 등)을 여는 트리거임을 나타냅니다. 드롭다운 버튼은 시각적으로는 화살표로 표현되지만, 보조기기에는 그 의미가 전달되지 않을 수 있습니다. 면접에서는 드롭다운 접근성에서 aria-expanded와 함께 어떤 속성이 필요한지 묻기도 합니다. 실무에서는 열림 여부는 aria-expanded로, 팝업 유형은 aria-haspopup로 표현하는 조합이 흔합니다. 다만 네이티브 select로 해결 가능한지 먼저 검토하는 것이 기본입니다.		aria-haspopup	TRUE	aria-hidden	FALSE	aria-live	FALSE	aria-busy	FALSE	frontend	accessibility	a11y	aria
Q082	메뉴 역할(Menu Role)		Frontend - Web Accessibility	16	CHOICE	EASY	드롭다운 항목들이 “메뉴”임을 명시할 때 가장 관련 있는 role 값은?	role menu는 메뉴 위젯을 의미하지만, 일반적인 사이트 내비게이션과는 다릅니다. 면접에서는 role menu를 남발하면 왜 문제인지, menu 위젯의 키보드 패턴(방향키 등)을 함께 구현해야 한다는 점을 확인합니다. 실무에서는 단순 링크 목록이면 nav + ul li + a가 더 적절합니다. 진짜 앱 메뉴(파일, 편집 같은)라면 menu 패턴을 따르는 것이 맞습니다. 역할을 줬다면 키보드 조작까지 책임져야 합니다.		role="menu"	TRUE	role="navigation"	FALSE	role="status"	FALSE	role="img"	FALSE	frontend	accessibility	a11y	aria
Q083	메뉴 항목(Menuitem)		Frontend - Web Accessibility	16	CHOICE	EASY	role menu 안에서 각 메뉴 항목에 주로 쓰는 role은?	menu 위젯을 쓸 경우 각 항목은 role menuitem을 갖는 패턴이 일반적입니다. 시맨틱만 붙이고 키보드 이동(방향키)과 포커스 관리가 없으면 접근성 품질이 떨어집니다. 면접에서는 role menuitem을 쓰면 어떤 키보드 규칙이 따라오는지 질문할 수 있습니다. 실무에서는 단순한 리스트라면 이 패턴을 피하고 기본 링크/버튼을 쓰는 편이 안전합니다. ARIA 위젯은 “구현 책임”이 따라온다는 점이 핵심입니다.		role="menuitem"	TRUE	role="option"	FALSE	role="tab"	FALSE	role="cell"	FALSE	frontend	accessibility	a11y	aria
Q084	리스트 의미(ul li)		Frontend - Web Accessibility	16	CHOICE	EASY	관련 항목을 목록으로 표현할 때 가장 올바른 마크업 조합은?	목록은 ul/ol과 li로 표현하면 구조가 보조기기에 전달됩니다. 단순히 div로 나열하면 시각적으로는 같아도 “목록”이라는 의미가 사라질 수 있습니다. 면접에서는 왜 시맨틱 리스트를 써야 하는지 자주 묻습니다. 실무에서는 네비게이션 메뉴, 기능 목록, 체크리스트 등에서 의미적으로 목록을 유지하는 것이 좋습니다. 스타일은 CSS로 바꾸되, 의미는 HTML이 담당하게 하는 것이 기본 원칙입니다.		div만 여러 개 나열한다	FALSE	ul/ol과 li로 목록을 구성한다	TRUE	table로 목록을 만든다	FALSE	span만 반복한다	FALSE	frontend	accessibility	a11y	html
Q085	aria-selected(aria-selected)		Frontend - Web Accessibility	16	CHOICE	EASY	탭이나 리스트박스에서 “선택됨” 상태를 나타내는 속성은?	aria-selected는 항목이 선택된 상태인지 나타냅니다. 탭 UI에서는 활성 탭에 aria-selected=true를 적용하는 패턴이 흔합니다. 면접에서는 탭 접근성 구현 시 필요한 role과 상태 속성을 묻습니다. 실무에서는 시각적 활성 표시와 aria-selected 값이 일치해야 합니다. 선택 상태가 바뀔 때 aria-selected도 반드시 동기화해야 합니다.		aria-selected	TRUE	aria-pressed	FALSE	aria-expanded	FALSE	aria-busy	FALSE	frontend	accessibility	a11y	aria
Q086	role tablist(Tablist)		Frontend - Web Accessibility	16	CHOICE	EASY	탭 UI에서 탭들의 컨테이너에 주로 쓰는 role은?	탭 인터페이스는 tablist tab tabpanel 패턴을 따릅니다. tablist는 탭 버튼들의 집합임을 나타냅니다. 면접에서는 탭의 키보드 조작(좌우 화살표)까지 구현할 수 있는지 물어볼 수 있습니다. 실무에서는 role만 붙여서는 부족하고, aria-selected, aria-controls, id 연결 등을 함께 맞춰야 합니다. 네이티브로는 잘 맞는 요소가 없어서 패턴 구현이 중요해집니다.		role="tablist"	TRUE	role="list"	FALSE	role="menu"	FALSE	role="dialog"	FALSE	frontend	accessibility	a11y	aria
Q087	role tab(Tab)		Frontend - Web Accessibility	16	CHOICE	EASY	탭 UI에서 각 탭 버튼에 해당하는 role은?	tab 역할은 탭 버튼임을 보조기기에 알립니다. 활성 상태는 aria-selected로 표시하고, 연결되는 패널은 aria-controls로 연결하는 것이 일반적입니다. 면접에서는 tab 역할과 selected 상태를 함께 말할 수 있어야 합니다. 실무에서는 탭 순서와 화살표 이동이 스펙에 맞도록 구현해야 합니다. 단순히 버튼 여러 개로 만들어도 되지만, 역할/상태를 명확히 하면 탐색성이 좋아집니다.		role="tab"	TRUE	role="option"	FALSE	role="link"	FALSE	role="cell"	FALSE	frontend	accessibility	a11y	aria
Q088	role tabpanel(Tabpanel)		Frontend - Web Accessibility	16	CHOICE	EASY	탭에 의해 표시되는 콘텐츠 영역에 해당하는 role은?	tabpanel은 탭이 제어하는 콘텐츠 영역임을 나타냅니다. 탭과 패널은 id와 aria-controls 또는 aria-labelledby로 서로 연결합니다. 면접에서는 탭 패턴 구성 요소를 정확히 아는지 확인합니다. 실무에서는 비활성 패널을 display none으로 숨길 때 포커스 가능한 요소가 남지 않게 주의해야 합니다. 또한 탭 전환 시 포커스 이동 정책을 설계하는 것이 중요합니다.		role="tabpanel"	TRUE	role="tablist"	FALSE	role="menuitem"	FALSE	role="status"	FALSE	frontend	accessibility	a11y	aria
Q089	role listbox(Listbox)		Frontend - Web Accessibility	16	CHOICE	EASY	커스텀 셀렉트처럼 “선택 목록” 위젯을 나타내는 role은?	listbox는 여러 옵션 중 선택하는 위젯을 의미합니다. option 역할과 aria-selected를 함께 사용하며, 키보드 조작도 구현해야 합니다. 면접에서는 커스텀 셀렉트를 만들 때 접근성 문제를 자주 묻습니다. 실무에서는 네이티브 select를 쓰는 것이 가장 안전하고 비용이 낮습니다. 커스텀 listbox를 쓰면 포커스, 탐색, 스크린 리더 안내까지 책임져야 합니다.		role="listbox"	TRUE	role="grid"	FALSE	role="banner"	FALSE	role="article"	FALSE	frontend	accessibility	a11y	aria
Q090	role option(Option)		Frontend - Web Accessibility	16	CHOICE	EASY	listbox 안에서 각 선택 항목에 주로 쓰는 role은?	listbox 패턴에서 항목은 role option을 사용합니다. 선택 여부는 aria-selected로 표현합니다. 면접에서는 listbox option의 조합을 정확히 말할 수 있는지 봅니다. 실무에서는 방향키 이동, 엔터 선택, 타입어헤드 검색 등 키보드 UX까지 구현해야 완성도가 올라갑니다. 단순히 role만 붙이면 “겉만 접근성”이 되어 오히려 문제를 만들 수 있습니다.		role="option"	TRUE	role="menuitem"	FALSE	role="tab"	FALSE	role="row"	FALSE	frontend	accessibility	a11y	aria
Q091	aria-activedescendant(aria-activedescendant)		Frontend - Web Accessibility	16	CHOICE	EASY	실제 포커스는 컨테이너에 두고, 활성 항목만 바뀌는 패턴에서 쓰는 속성은?	aria-activedescendant는 복합 위젯에서 “현재 활성 항목”을 가리킵니다. 입력창 자동완성, 리스트박스, 그리드 같은 곳에서 포커스를 이동시키지 않고 활성 항목만 표시할 때 자주 사용됩니다. 면접에서는 고급이지만, 커스텀 위젯에서 포커스와 활성 항목을 분리하는 이유를 설명할 수 있으면 좋습니다. 실무에서는 id 참조가 틀리면 보조기기가 현재 항목을 못 읽어 품질이 급락합니다. 또한 키보드 이동 로직과 시각적 하이라이트가 모두 일치해야 합니다.		aria-activedescendant	TRUE	aria-current	FALSE	aria-modal	FALSE	aria-busy	FALSE	frontend	accessibility	a11y	aria
Q092	aria-orientation(aria-orientation)		Frontend - Web Accessibility	16	CHOICE	EASY	슬라이더나 탭처럼 가로/세로 방향 정보를 제공할 때 관련 있는 속성은?	aria-orientation은 위젯의 방향이 horizontal인지 vertical인지 알립니다. 방향이 달라지면 키보드 조작(상하/좌우)도 함께 고려해야 합니다. 면접에서는 슬라이더 접근성에서 어떤 속성이 필요한지 묻기도 합니다. 실무에서는 세로 슬라이더인데 좌우키만 먹히면 UX가 나빠집니다. 방향 정보와 조작 규칙을 함께 맞추는 것이 중요합니다.		aria-orientation	TRUE	aria-hidden	FALSE	aria-live	FALSE	aria-pressed	FALSE	frontend	accessibility	a11y	aria
Q093	role status(Status)		Frontend - Web Accessibility	16	CHOICE	EASY	페이지 상태 메시지(예: 저장 완료)를 보조기기에 자연스럽게 전달하는 데 도움이 되는 role은?	role status는 즉각적인 중단 없이 상태 변화를 전달하는 용도로 자주 언급됩니다. 토스트나 저장 완료 같은 안내에 활용할 수 있습니다. 면접에서는 aria-live와 함께 상태 메시지를 어떻게 구현할지 질문이 나올 수 있습니다. 실무에서는 너무 잦은 상태 알림은 피하고, 핵심 작업 결과에만 사용합니다. 스크린 리더가 읽도록 하되 사용자 흐름을 과도하게 끊지 않는 균형이 중요합니다.		role="status"	TRUE	role="navigation"	FALSE	role="dialog"	FALSE	role="img"	FALSE	frontend	accessibility	a11y	aria
Q094	role alert(Alert)		Frontend - Web Accessibility	16	CHOICE	EASY	즉시 사용자 주의가 필요한 오류 메시지에 더 가까운 role은?	role alert는 중요한 메시지를 즉시 전달하는 용도로 사용됩니다. 일반 상태 메시지보다 우선순위가 높아 사용자 주의를 끌 수 있습니다. 면접에서는 alert와 status 차이를 설명하라고 할 수 있습니다. 실무에서는 남발하면 화면 읽기가 끊기거나 피로도가 올라가므로 정말 중요한 오류에만 적용합니다. 폼 오류 요약이나 치명적 실패 알림에 제한적으로 쓰는 것이 좋습니다.		role="alert"	TRUE	role="status"	FALSE	role="banner"	FALSE	role="contentinfo"	FALSE	frontend	accessibility	a11y	aria
Q095	role progressbar(Progressbar)		Frontend - Web Accessibility	16	CHOICE	EASY	진행률 표시 UI에 해당하는 대표적인 role은?	progressbar는 작업 진행 상태를 나타내는 위젯 역할입니다. 값이 변하면 보조기기가 진행률을 안내할 수 있습니다. 면접에서는 진행률을 숫자로도 제공해야 하는지 질문이 나올 수 있습니다. 실무에서는 퍼센트 텍스트를 함께 제공하면 시각/보조기기 모두에 좋습니다. 무한 로딩이라면 progressbar 대신 상태 메시지로 처리하는 경우도 많습니다.		role="progressbar"	TRUE	role="slider"	FALSE	role="dialog"	FALSE	role="tab"	FALSE	frontend	accessibility	a11y	aria
Q096	role slider(Slider)		Frontend - Web Accessibility	16	CHOICE	EASY	값 조절(예: 볼륨, 밝기) 컴포넌트에 해당하는 role은?	slider는 연속 값이나 범위 값을 조절하는 위젯 역할입니다. aria-valuemin, aria-valuemax, aria-valuenow 같은 값 속성과 함께 쓰는 것이 일반적입니다. 면접에서는 슬라이더 접근성 구현 포인트를 묻기도 합니다. 실무에서는 키보드 조작(화살표, PageUp/Down 등)까지 고려해야 합니다. 단순 드래그만 가능하면 키보드 사용자가 접근할 수 없습니다.		role="slider"	TRUE	role="progressbar"	FALSE	role="tablist"	FALSE	role="menu"	FALSE	frontend	accessibility	a11y	aria
Q097	aria-valuenow(aria-valuenow)		Frontend - Web Accessibility	16	CHOICE	EASY	슬라이더나 진행률에서 “현재 값”을 나타내는 속성은?	aria-valuenow는 현재 값을 나타냅니다. 최소/최대는 aria-valuemin, aria-valuemax로 제공합니다. 면접에서는 값 속성 세트를 묻기도 합니다. 실무에서는 값이 바뀔 때 aria-valuenow도 동기화해야 하며, 표시 단위(예: 50 퍼센트)를 aria-valuetext로 제공하면 이해가 더 좋아집니다. 값이 없으면 보조기기는 슬라이더가 뭘 의미하는지 알기 어렵습니다.		aria-valuenow	TRUE	aria-pressed	FALSE	aria-current	FALSE	aria-expanded	FALSE	frontend	accessibility	a11y	aria
Q098	aria-valuetext(aria-valuetext)		Frontend - Web Accessibility	16	CHOICE	EASY	숫자 값 대신 사용자에게 읽기 좋은 텍스트(예: 중간 밝기)를 제공할 때 쓰는 속성은?	aria-valuetext는 값의 의미를 사람이 이해하기 쉬운 문구로 제공합니다. 예를 들어 볼륨 50이 아니라 볼륨 중간처럼 읽히게 할 수 있습니다. 면접에서는 슬라이더 값 전달을 어떻게 개선할지 질문이 나올 수 있습니다. 실무에서는 단위가 있는 값(데시벨, 퍼센트, 단계)을 valuenow만으로 전달하기 애매할 때 유용합니다. 다만 valuenow와 모순되지 않게 유지해야 합니다.		aria-valuetext	TRUE	aria-labelledby	FALSE	aria-describedby	FALSE	aria-hidden	FALSE	frontend	accessibility	a11y	aria
Q099	aria-atomic(aria-atomic)		Frontend - Web Accessibility	16	CHOICE	EASY	라이브 영역에서 변경된 부분만이 아니라 “전체 문장”을 읽게 하고 싶을 때 관련 있는 속성은?	aria-atomic은 라이브 영역 업데이트 시 전체를 읽을지 여부에 영향을 줍니다. 일부만 업데이트될 때 문맥이 끊기는 문제를 줄일 수 있습니다. 면접에서는 aria-live와 함께 atomic 같은 옵션을 아는지 가볍게 확인할 수 있습니다. 실무에서는 알림 문구가 조각나서 읽히면 이해가 어려워 전체 읽기가 유리한 경우가 있습니다. 다만 너무 긴 내용을 매번 전체 읽게 하면 방해가 될 수 있어 적절히 선택해야 합니다.		aria-atomic	TRUE	aria-current	FALSE	aria-modal	FALSE	aria-pressed	FALSE	frontend	accessibility	a11y	aria
Q100	접근성 패턴 선택(Pattern Choice)		Frontend - Web Accessibility	16	CHOICE	EASY	커스텀 위젯을 만들 때 접근성 관점에서 가장 좋은 선택은?	커스텀 위젯은 ARIA role과 상태뿐 아니라 키보드 패턴과 포커스 관리까지 구현해야 합니다. 비용과 리스크가 높기 때문에 가능하면 네이티브 요소 또는 검증된 접근성 패턴을 사용하는 것이 좋습니다. 면접에서는 커스텀 셀렉트/탭/드롭다운을 왜 조심해야 하는지 질문이 많이 나옵니다. 실무에서는 디자인 요구가 있어도 접근성 라이브러리(예: headless UI, Radix 등)나 네이티브 요소를 우선 고려합니다. 접근성은 “구현 난이도”가 아니라 “사용자 권리”라는 관점이 중요합니다.		가능한 한 네이티브 요소나 검증된 패턴을 먼저 사용한다	TRUE	디자인이 중요하니 ARIA는 생략한다	FALSE	role만 붙이면 접근성은 끝이다	FALSE	마우스 조작만 지원해도 된다	FALSE	frontend	accessibility	a11y	ui
Q101	포커스 표시 전략(Focus Visible)		Frontend - Web Accessibility	16	CHOICE	MEDIUM	마우스로 클릭할 때는 포커스 링이 과하게 보이지 않게 하면서, 키보드 탐색 시에는 포커스가 확실히 보이게 하려면 가장 적절한 접근은?	포커스 링을 무조건 제거하면 키보드 사용자는 현재 위치를 잃습니다. 반대로 모든 상호작용에서 포커스를 강하게 보이면 디자인적으로 거슬릴 수 있습니다. 그래서 키보드 탐색일 때만 포커스를 강조하는 전략이 자주 쓰입니다. 면접에서는 outline none 대신 어떤 대안을 쓰는지 묻기도 합니다. 실무에서는 포커스가 항상 보이되, 입력 방식에 따라 표시를 조절하는 패턴이 안정적입니다.		모든 요소에 outline none을 적용한다	FALSE	키보드 탐색일 때만 포커스 스타일이 보이도록 처리한다	TRUE	포커스 스타일은 hover로 대체한다	FALSE	포커스는 마우스 사용자만 필요하다	FALSE	frontend	accessibility	a11y	css
Q102	모션 민감 사용자(Reduced Motion)		Frontend - Web Accessibility	16	CHOICE	MEDIUM	애니메이션으로 멀미를 느끼는 사용자를 고려할 때 가장 적절한 대응은?	모션은 일부 사용자에게 신체적 불편을 유발할 수 있습니다. 접근성은 단지 스크린 리더만의 문제가 아니라 다양한 사용자 특성을 포함합니다. 면접에서는 애니메이션을 어떻게 안전하게 제공하냐는 질문이 나올 수 있습니다. 실무에서는 모션을 완전히 없애기보다 대체 동작이나 감소 옵션을 제공하는 방식이 흔합니다. 사용자 환경 설정을 존중하는 것이 핵심입니다.		모든 사용자에게 동일한 강한 애니메이션을 강제한다	FALSE	사용자 설정에 따라 애니메이션을 줄이거나 끄는 옵션을 제공한다	TRUE	애니메이션은 접근성과 무관하다	FALSE	애니메이션은 이미지로 바꾸면 해결된다	FALSE	frontend	accessibility	a11y	css
Q103	로빙 탭인덱스(Roving Tabindex)		Frontend - Web Accessibility	16	CHOICE	MEDIUM	탭, 메뉴, 리스트박스처럼 항목이 많은 위젯에서 키보드 탐색을 자연스럽게 만들기 위한 대표 패턴은?	항목이 많을 때 모든 항목을 탭으로 순회하게 만들면 이동 비용이 너무 큽니다. 그래서 한 번만 탭으로 진입하고, 내부 이동은 방향키로 처리하는 패턴이 자주 쓰입니다. 이때 포커스를 받을 항목을 하나만 유지하는 방식이 로빙 탭인덱스입니다. 면접에서는 탭 UI에서 탭 이동과 방향키 이동을 어떻게 구성하는지 묻기도 합니다. 실무에서는 현재 활성 항목만 포커스 가능하게 유지해 UX를 개선합니다.		모든 항목에 tabindex 0을 준다	FALSE	활성 항목만 tabindex 0, 나머지는 tabindex -1로 두고 방향키로 이동한다	TRUE	모든 항목에 tabindex 5 이상을 준다	FALSE	마우스만 지원하면 된다	FALSE	frontend	accessibility	a11y	aria
Q104	tabindex -1(tabindex -1)		Frontend - Web Accessibility	16	CHOICE	MEDIUM	tabindex -1을 요소에 주는 가장 대표적인 목적은?	tabindex -1은 탭 순서에 포함시키지 않으면서, 필요할 때 스크립트로 포커스를 줄 수 있게 합니다. 모달이 열릴 때 특정 요소로 포커스를 이동시키는 경우에 자주 쓰입니다. 면접에서는 tabindex 0과 -1 차이를 설명할 수 있어야 합니다. 실무에서는 에러 발생 시 첫 오류 필드로 포커스를 보내는 패턴에서도 활용됩니다. 탭 순서를 어지럽히지 않으면서 포커스 제어를 가능하게 하는 것이 핵심입니다.		탭 이동 순서에서 가장 먼저 오게 한다	FALSE	탭 순서는 제외하되 필요 시 프로그래밍으로 포커스를 줄 수 있게 한다	TRUE	요소를 화면에서 숨긴다	FALSE	요소 클릭을 막는다	FALSE	frontend	accessibility	a11y	html
Q105	aria-live 선택(Polite vs Assertive)		Frontend - Web Accessibility	16	CHOICE	MEDIUM	저장 완료 같은 비긴급 상태 메시지를 화면 낭독으로 전달할 때 더 적절한 알림 방식은?	모든 알림을 강하게 읽게 하면 사용 흐름이 자주 끊깁니다. 반대로 중요한 오류를 너무 약하게 알리면 사용자가 놓칠 수 있습니다. 상황에 따라 알림 우선순위를 나누는 것이 핵심입니다. 면접에서는 어떤 상황에 강한 알림이 필요한지 묻기도 합니다. 실무에서는 비긴급 메시지는 사용자 흐름을 존중하는 방식이 선호됩니다.		비긴급 메시지도 항상 즉시 읽게 처리한다	FALSE	비긴급 메시지는 흐름을 방해하지 않는 방식으로 알린다	TRUE	메시지는 화면에만 보이면 충분하다	FALSE	메시지는 콘솔에만 출력한다	FALSE	frontend	accessibility	a11y	aria
Q106	SPA 라우팅 포커스(Route Change Focus)		Frontend - Web Accessibility	16	CHOICE	MEDIUM	SPA에서 페이지 전환 시 스크린 리더 사용자를 위해 가장 권장되는 처리로 알맞은 것은?	SPA는 실제 페이지 로드가 아니라 화면 일부만 바뀌기 때문에 보조기기가 전환을 인지하기 어렵습니다. 그래서 전환 후에 사용자가 새 콘텐츠의 시작점을 쉽게 찾게 해야 합니다. 면접에서는 라우팅 전환 시 포커스를 어디로 보내는지 질문이 자주 나옵니다. 실무에서는 메인 제목이나 main 영역의 시작으로 포커스를 이동시키는 패턴이 흔합니다. 사용자에게 문맥 전환을 분명히 알려주는 것이 목적입니다.		전환해도 포커스를 이전 위치에 그대로 둔다	FALSE	전환 후 main 또는 주요 제목으로 포커스를 이동시킨다	TRUE	전환 시 항상 최상단 nav로 포커스를 보낸다	FALSE	전환 시 포커스를 제거한다	FALSE	frontend	accessibility	a11y	html
Q107	다중 내비게이션 구분(Multiple Nav)		Frontend - Web Accessibility	16	CHOICE	MEDIUM	한 페이지에 nav가 여러 개 있을 때 가장 좋은 접근은?	nav가 여러 개 있으면 보조기기 사용자에게 목록이 모호해질 수 있습니다. 각각이 무엇을 의미하는지 구분 가능한 이름이 필요합니다. 면접에서는 랜드마크가 많을 때 어떻게 구분할지 묻기도 합니다. 실무에서는 상단 메뉴, 사이드 메뉴, 푸터 링크 영역 등을 명확히 라벨링합니다. 랜드마크를 의미 있게 만들면 탐색 속도가 빨라집니다.		nav를 여러 개 두되 구분 정보는 제공하지 않는다	FALSE	각 nav에 구분 가능한 라벨을 제공한다	TRUE	nav를 모두 div로 바꾼다	FALSE	nav는 한 페이지에 절대 1개만 가능하다	FALSE	frontend	accessibility	a11y	aria
Q108	테이블 캡션(caption)		Frontend - Web Accessibility	16	CHOICE	MEDIUM	데이터 테이블이 무엇을 의미하는지 한 문장으로 요약해 제공할 때 가장 적절한 요소는?	표는 행과 열이 많을수록 사용자가 맥락을 잃기 쉽습니다. 캡션은 표 전체의 주제와 목적을 제공해 이해를 돕습니다. 면접에서는 table 접근성에서 th, scope뿐 아니라 caption도 언급되곤 합니다. 실무에서는 요약 제목을 caption으로 제공하면 스크린 리더 탐색이 좋아집니다. 단순히 주변에 제목 텍스트를 두는 것보다 표 자체에 의미를 붙이는 것이 유리합니다.		caption	TRUE	br	FALSE	hr	FALSE	iframe	FALSE	frontend	accessibility	a11y	html
Q109	scope 속성(Table Scope)		Frontend - Web Accessibility	16	CHOICE	MEDIUM	표에서 헤더 셀이 어떤 방향의 헤더인지 명확히 하려면 주로 무엇을 사용하나?	복잡한 표에서는 어떤 헤더가 어떤 데이터 셀을 설명하는지 헷갈릴 수 있습니다. th에 scope를 지정하면 열 헤더인지 행 헤더인지 명확해집니다. 면접에서는 표 접근성에서 scope와 headers 속성 차이를 물을 수 있습니다. 실무에서는 단순 표는 scope col 또는 scope row로 충분한 경우가 많습니다. 헤더 연결이 명확하면 낭독 품질이 크게 좋아집니다.		th에 scope를 지정한다	TRUE	td에 style을 지정한다	FALSE	table에 width를 고정한다	FALSE	div로 표를 대체한다	FALSE	frontend	accessibility	a11y	html
Q110	오류 요약 이동(Error Summary Link)		Frontend - Web Accessibility	16	CHOICE	MEDIUM	폼 제출 후 오류 요약을 클릭하면 해당 입력 필드로 이동하게 만들 때 가장 적절한 구현은?	오류 요약은 사용자가 어떤 문제가 있는지 빠르게 파악하게 돕습니다. 요약 항목에서 해당 필드로 이동할 수 있어야 수정이 빠릅니다. 면접에서는 오류 요약을 어떻게 구현할지 묻기도 합니다. 실무에서는 요약 항목을 링크로 만들고, 클릭 시 해당 필드에 포커스를 주는 방식이 일반적입니다. 단순 스크롤 이동만으로 끝내면 키보드 사용자에게는 부족할 수 있습니다.		오류 항목을 링크로 만들고 해당 필드로 포커스를 이동시킨다	TRUE	오류 요약은 텍스트로만 보여준다	FALSE	오류는 빨간 테두리만 준다	FALSE	오류 요약 클릭 시 아무 동작도 하지 않는다	FALSE	frontend	accessibility	a11y	ui
Q111	접근성 이름 우선순위(Name Priority)		Frontend - Web Accessibility	16	CHOICE	MEDIUM	같은 요소에 aria-labelledby와 aria-label이 모두 있을 때, 일반적으로 더 우선되는 것은?	접근성 이름은 여러 경로로 계산될 수 있습니다. 어떤 값이 우선되는지 알면 디버깅이 쉬워집니다. 면접에서는 aria-label과 aria-labelledby 차이와 우선순위를 묻는 경우가 있습니다. 실무에서는 화면에 있는 텍스트를 참조하는 aria-labelledby가 더 일관된 경우가 많습니다. 중복 지정은 혼란을 만들 수 있어 원칙적으로 하나로 정리하는 편이 좋습니다.		aria-label	FALSE	aria-labelledby	TRUE	placeholder	FALSE	title	FALSE	frontend	accessibility	a11y	aria
Q112	숨김 방식 차이(Hiding Methods)		Frontend - Web Accessibility	16	CHOICE	MEDIUM	시각적으로도 숨기고 스크린 리더에서도 읽히지 않게 하려면 가장 적절한 방식은?	어떤 숨김은 화면에서만 숨기고 보조기기에는 남길 수 있습니다. 반대로 완전히 숨겨 접근성 트리에서도 제거할 수도 있습니다. 면접에서는 display none과 시각 숨김의 차이를 설명하라고 할 수 있습니다. 실무에서는 진짜로 보여주면 안 되는 요소는 완전 숨김이 맞습니다. 설명을 남기고 싶다면 시각 숨김을 선택해야 합니다.		완전 숨김 방식으로 요소를 숨긴다	TRUE	시각 숨김만 해서 스크린 리더에는 남긴다	FALSE	border를 0으로 한다	FALSE	opacity만 0으로 한다	FALSE	frontend	accessibility	a11y	css
Q113	색상 의존 개선(Color Dependency Fix)		Frontend - Web Accessibility	16	CHOICE	MEDIUM	상태를 색상으로만 표시하던 UI를 접근성 있게 개선하는 방법으로 가장 적절한 것은?	색각 이상 사용자는 색만으로 정보를 구분하기 어렵습니다. 대비를 높여도 색 단독 의존 문제는 남습니다. 면접에서는 색만 의존하면 왜 문제인지, 대안을 어떻게 제시할지 묻습니다. 실무에서는 아이콘, 텍스트, 패턴 등 추가 단서를 제공하는 방식이 일반적입니다. 사용자에게 상태를 중복 경로로 전달하는 것이 핵심입니다.		색상만 유지하고 대비만 조금 올린다	FALSE	텍스트 또는 아이콘 등 비색상 단서를 함께 제공한다	TRUE	색을 더 화려하게 바꾼다	FALSE	hover에서만 상태를 보여준다	FALSE	frontend	accessibility	a11y	ui
Q114	폼 버튼 타입(Button Type)		Frontend - Web Accessibility	16	CHOICE	MEDIUM	폼 안에서 단순히 모달을 여는 버튼이 의도치 않게 제출을 트리거하는 문제를 막기 위한 가장 안전한 방법은?	폼 안의 button은 기본 동작이 제출이 되는 경우가 많습니다. 이로 인해 키보드 사용자나 스크린 리더 사용자가 예상치 못한 제출을 겪을 수 있습니다. 면접에서는 폼에서 버튼 타입을 왜 명시해야 하는지 질문이 나옵니다. 실무에서는 제출 버튼과 일반 동작 버튼을 명확히 구분해 타입을 지정합니다. 작은 실수지만 UX와 접근성 모두에 큰 영향을 줄 수 있습니다.		버튼 타입을 명시적으로 지정한다	TRUE	버튼은 div로 바꾼다	FALSE	버튼에 hover만 추가한다	FALSE	폼을 table로 바꾼다	FALSE	frontend	accessibility	a11y	html
Q115	자동완성 토큰(Autocomplete Tokens)		Frontend - Web Accessibility	16	CHOICE	MEDIUM	주소나 이름 같은 입력에서 사용자 오류를 줄이는 데 도움 되는 속성은?	자동완성은 입력 시간을 줄이고 실수를 줄입니다. 접근성은 장애 유무뿐 아니라 전반적인 사용성 개선을 포함합니다. 면접에서는 접근성과 UX를 함께 묶어 설명할 수 있으면 좋습니다. 실무에서는 이메일, 이름, 주소 같은 필드에서 특히 효과가 큽니다. 다만 민감 정보에는 보안 정책과 함께 고려해야 합니다.		autocomplete	TRUE	draggable	FALSE	sandbox	FALSE	poster	FALSE	frontend	accessibility	a11y	html
Q116	드롭다운 관계 표현(Control Relationship)		Frontend - Web Accessibility	16	CHOICE	MEDIUM	드롭다운 버튼이 어떤 패널을 여는지 관계를 표현할 때 가장 적절한 것은?	커스텀 드롭다운은 버튼과 패널의 관계가 명확해야 합니다. 관계가 없으면 보조기기 사용자는 무엇이 열리는지 이해하기 어렵습니다. 면접에서는 드롭다운에 필요한 속성 조합을 묻기도 합니다. 실무에서는 버튼이 제어하는 패널의 id를 연결해 관계를 전달합니다. 열림 상태는 별도의 상태 속성과 함께 동기화해야 완성도가 올라갑니다.		버튼과 패널 사이의 제어 관계를 id로 연결한다	TRUE	패널은 화면에 보이기만 하면 된다	FALSE	관계는 CSS로만 표현한다	FALSE	드롭다운은 마우스만 지원해도 된다	FALSE	frontend	accessibility	a11y	aria
Q117	반복 낭독 방지(Repeated Announcement)		Frontend - Web Accessibility	16	CHOICE	MEDIUM	React 같은 프레임워크에서 라이브 메시지가 불필요하게 여러 번 읽히는 것을 줄이는 방법으로 가장 적절한 것은?	상태 업데이트가 잦으면 라이브 영역 텍스트가 반복 변경되어 계속 읽힐 수 있습니다. 이는 사용자에게 큰 피로를 줍니다. 면접에서는 라이브 알림을 어떻게 안정적으로 운영할지 질문될 수 있습니다. 실무에서는 메시지 변경을 필요한 순간에만 발생시키고, 동일 메시지 반복 렌더링을 줄이는 방식이 중요합니다. 알림은 정확성과 절제의 균형이 핵심입니다.		상태 변경 때마다 무조건 새 문구를 렌더링한다	FALSE	꼭 필요한 순간에만 메시지를 갱신하도록 제어한다	TRUE	모든 알림을 강한 방식으로 읽게 한다	FALSE	알림은 숨기면 된다	FALSE	frontend	accessibility	a11y	tools
Q118	모달 구현 체크리스트(Modal Essentials)		Frontend - Web Accessibility	16	CHOICE	MEDIUM	접근성 있는 모달 구현에 반드시 포함되어야 하는 요소로 가장 알맞은 조합은?	모달은 배경과 분리된 상호작용 공간이라 키보드 정책이 매우 중요합니다. 단순 스크롤 잠금만으로는 포커스가 배경으로 빠질 수 있습니다. 면접에서는 포커스 트랩, ESC 닫기, 포커스 복귀까지 말할 수 있어야 합니다. 실무에서는 모달 제목을 이름으로 연결하고, 닫기 버튼도 키보드로 접근 가능해야 합니다. 핵심은 사용자가 모달 안에서 작업을 마치고 원래 흐름으로 복귀할 수 있게 하는 것입니다.		스크롤 잠금만 구현한다	FALSE	포커스 이동과 트랩, ESC 닫기, 닫은 뒤 포커스 복귀를 함께 구현한다	TRUE	모달은 애니메이션만 있으면 된다	FALSE	모달 배경을 더 어둡게 만들면 된다	FALSE	frontend	accessibility	a11y	ui
Q119	제목 레벨 건너뛰기(Heading Skip)		Frontend - Web Accessibility	16	CHOICE	MEDIUM	h1 다음에 바로 h4를 사용하는 것이 문제 될 수 있는 이유로 가장 올바른 것은?	제목 레벨은 문서 구조를 표현합니다. 레벨을 크게 건너뛰면 섹션 계층이 왜곡되어 탐색이 어려워질 수 있습니다. 면접에서는 heading을 크기용으로 쓰면 안 된다는 이야기가 자주 나옵니다. 실무에서는 크기는 CSS로 조절하고, 의미 구조는 heading 레벨로 표현하는 것이 좋습니다. 구조가 명확하면 스크린 리더의 heading 탐색이 훨씬 쉬워집니다.		제목 레벨은 구조를 나타내므로 계층이 깨질 수 있다	TRUE	제목 레벨은 시각적 크기만 의미한다	FALSE	heading은 접근성과 관계없다	FALSE	h 태그는 전부 div로 바꾸는 것이 좋다	FALSE	frontend	accessibility	a11y	html
Q120	인라인 언어 지정(Inline Lang)		Frontend - Web Accessibility	16	CHOICE	MEDIUM	한국어 문장 중간에 영어 고유명사를 정확히 발음하게 돕는 방법으로 가장 적절한 것은?	문서 전체의 기본 언어가 있어도, 특정 구간의 언어가 다르면 발음이 어색해질 수 있습니다. 그럴 때 해당 구간에 언어 정보를 추가하면 낭독 품질이 좋아집니다. 면접에서는 lang 속성을 html뿐 아니라 부분 구간에도 적용할 수 있는지 묻기도 합니다. 실무에서는 제품명, 인명, 기술 용어가 많은 페이지에서 효과가 큽니다. 과도하게 남발하지 말고 발음 품질에 의미 있는 구간에만 적용하는 것이 좋습니다.		해당 구간에 언어 정보를 지정한다	TRUE	글자 색을 바꾼다	FALSE	볼드 처리만 한다	FALSE	이미지로 바꿔 넣는다	FALSE	frontend	accessibility	a11y	html
Q121	focusin/out 이벤트(Focus Management)		Frontend - Web Accessibility	16	CHOICE	MEDIUM	커스텀 드롭다운에서 “열림” 상태와 포커스 이탈을 안정적으로 감지하는 데 가장 적절한 접근은?	커스텀 드롭다운은 클릭뿐 아니라 키보드 탭 이동으로도 열고 닫힐 수 있어야 합니다. blur 하나로 처리하면 내부 요소로 포커스가 이동할 때도 닫히는 문제가 생깁니다. 면접에서는 포커스 이동에 따른 상태 관리 실수를 자주 지적합니다. 실무에서는 컨테이너 기준으로 포커스가 “전체 위젯 밖으로” 나갔는지 판단하는 방식이 필요합니다. 포커스 이벤트를 적절히 사용하면 탭 이동 UX와 접근성을 동시에 잡을 수 있습니다.		input blur만으로 닫힘을 처리한다	FALSE	위젯 컨테이너 기준으로 포커스가 밖으로 나갔는지 판단해 닫는다	TRUE	마우스 클릭만으로 열고 닫는다	FALSE	ESC 키는 지원하지 않는다	FALSE	frontend	accessibility	a11y	ui
Q122	aria-controls vs aria-owns		Frontend - Web Accessibility	16	CHOICE	MEDIUM	버튼과 패널이 DOM상 떨어져 렌더링(포털)되는 드롭다운/모달에서 관계를 표현할 때 더 적절한 접근은?	포털 렌더링은 시각적으로는 문제 없지만 관계가 끊길 수 있습니다. 보통 “이 버튼이 저 패널을 제어한다”는 관계는 aria-controls로 표현하는 패턴이 일반적입니다. 면접에서는 aria-owns를 남발하면 트리 구조를 왜곡할 수 있다는 점이 포인트가 됩니다. 실무에서는 가능하면 DOM 구조를 단순하게 유지하고, 필요 시 controls와 label 연결을 정확히 맞춥니다. 관계를 표현해도 포커스 트랩과 키보드 조작까지 함께 완성해야 합니다.		aria-owns를 무조건 사용한다	FALSE	보통 aria-controls로 제어 관계를 표현하고 id 참조를 정확히 유지한다	TRUE	관계 표현은 필요 없다	FALSE	CSS로만 관계를 표현한다	FALSE	frontend	accessibility	a11y	aria
Q123	aria-labelledby 모달 제목		Frontend - Web Accessibility	16	CHOICE	MEDIUM	모달이 열렸을 때 스크린 리더가 모달의 “제목”을 자연스럽게 읽게 하려면 가장 적절한 방법은?	모달은 사용자에게 새로운 작업 맥락을 제공합니다. 제목이 읽혀야 사용자는 “무슨 창이 열렸는지” 바로 알 수 있습니다. 면접에서는 모달 role과 함께 이름 제공(aria-labelledby)을 말할 수 있는지 봅니다. 실무에서는 모달 컨테이너에 aria-labelledby로 제목 요소 id를 연결하는 패턴이 흔합니다. title 속성만으로는 충분하지 않을 수 있습니다.		모달 컨테이너에 title만 넣는다	FALSE	모달 컨테이너를 aria-labelledby로 제목 요소와 연결한다	TRUE	모달 배경을 어둡게 하면 된다	FALSE	모달은 스크린 리더가 자동으로 이해한다	FALSE	frontend	accessibility	a11y	aria
Q124	inert와 배경 비활성화(Background Inert)		Frontend - Web Accessibility	16	CHOICE	MEDIUM	모달이 열렸을 때 배경 콘텐츠가 포커스/스크린리더 탐색 대상이 되지 않게 하려는 목적에 가장 가까운 것은?	모달이 열리면 배경으로 포커스가 빠지지 않아야 하고, 읽기 탐색도 모달에 집중되어야 합니다. 단순히 오버레이를 깔아도 키보드 포커스는 배경으로 갈 수 있습니다. 면접에서는 “배경 비활성화”를 어떻게 구현하냐고 묻기도 합니다. 실무에서는 배경 컨테이너를 탐색/포커스에서 제외하거나, 포커스 트랩으로 대체하는 등 전략을 씁니다. 핵심은 시각적 차단이 아니라 “인터랙션 차단”입니다.		오버레이만 깔면 포커스도 자동으로 막힌다	FALSE	배경을 포커스/탐색에서 제외하고 모달 내부로 제한한다	TRUE	배경은 그대로 두고 ESC만 지원한다	FALSE	모달은 클릭만 막으면 된다	FALSE	frontend	accessibility	a11y	ui
Q125	aria-live와 폼 검증 타이밍		Frontend - Web Accessibility	16	CHOICE	MEDIUM	입력할 때마다 즉시 오류를 aria-live로 읽게 하면 생길 수 있는 대표 문제는?	라이브 알림은 유용하지만 빈번하면 방해가 됩니다. 입력 중 계속 오류가 읽히면 사용자는 입력 흐름이 깨지고 피로도가 올라갑니다. 면접에서는 실시간 검증의 접근성 부작용을 질문할 수 있습니다. 실무에서는 blur 시점이나 제출 시점 등 적절한 타이밍에 안내하고, 메시지는 짧고 명확하게 유지합니다. 중요한 변화만 읽히게 하는 절제가 필요합니다.		사용자가 오류를 더 잘 이해한다	FALSE	입력 흐름이 반복 중단되어 방해가 될 수 있다	TRUE	aria-live는 입력 중에는 동작하지 않는다	FALSE	스크린 리더는 오류를 읽지 못한다	FALSE	frontend	accessibility	a11y	aria
Q126	skip link 포커스 가시화		Frontend - Web Accessibility	16	CHOICE	MEDIUM	스킵 링크를 실무에서 “평소엔 숨기되 키보드 사용 시엔 보이게” 만들 때 가장 적절한 방식은?	스킵 링크는 키보드 사용자를 위해 꼭 필요하지만, 항상 보이면 디자인 요구와 충돌할 수 있습니다. 그래서 포커스가 왔을 때만 화면에 나타나게 하는 패턴이 일반적입니다. 면접에서는 스킵 링크의 역할과 구현 방식을 함께 묻기도 합니다. 실무에서는 display none으로 숨기면 탭으로 접근 자체가 안 되므로 주의해야 합니다. 포커스 시에만 노출되는 시각 숨김 패턴을 씁니다.		display none으로 숨긴다	FALSE	포커스 시에만 보이도록 시각 숨김 패턴을 적용한다	TRUE	opacity 0만 주고 그대로 둔다	FALSE	스킵 링크는 필요 없다	FALSE	frontend	accessibility	a11y	css
Q127	SVG 아이콘 접근성(SVG Icon A11y)		Frontend - Web Accessibility	16	CHOICE	MEDIUM	버튼 안에 있는 “장식용 SVG 아이콘”을 스크린 리더가 중복으로 읽지 않게 하는 가장 적절한 처리는?	장식용 아이콘은 의미가 없어서 읽히면 오히려 소음이 됩니다. 버튼 텍스트가 이미 목적을 설명한다면 아이콘은 숨기는 것이 좋습니다. 면접에서는 SVG 접근성 처리(읽게 할지 숨길지)를 질문할 수 있습니다. 실무에서는 아이콘을 aria-hidden 처리하고 버튼에는 명확한 라벨을 유지합니다. 반대로 아이콘이 유일한 정보라면 aria-label로 목적을 제공해야 합니다.		SVG에 aria-hidden true를 주고 버튼 라벨은 별도로 제공한다	TRUE	SVG에 title을 무조건 넣는다	FALSE	아이콘은 항상 읽히게 한다	FALSE	아이콘은 display none으로만 숨긴다	FALSE	frontend	accessibility	a11y	aria
Q128	스크린리더 전용 텍스트(Visually Hidden vs display none)		Frontend - Web Accessibility	16	CHOICE	MEDIUM	“화면에는 안 보이지만 스크린 리더에는 읽히게” 하려면 어떤 방식을 써야 하는가?	display none은 보조기기에서도 대부분 제외됩니다. 반면 visually hidden 패턴은 시각적으로만 숨기고 접근성 트리에는 남깁니다. 면접에서는 두 방식의 차이를 자주 묻습니다. 실무에서는 아이콘 버튼, 추가 설명, 보조 안내를 위해 sr-only 같은 유틸 클래스를 활용합니다. 단, 포커스를 받아야 하는 요소를 시각 숨김할 땐 위치와 크기 처리도 조심해야 합니다.		display none	FALSE	visually hidden 패턴(sreen reader only)	TRUE	width 0만 준다	FALSE	z-index를 낮춘다	FALSE	frontend	accessibility	a11y	css
Q129	텍스트 줄바꿈과 확대(Reflow)		Frontend - Web Accessibility	16	CHOICE	MEDIUM	글자 확대 시 버튼 텍스트가 잘리거나 겹치는 문제를 줄이기 위한 실무적 방법으로 가장 적절한 것은?	글자 확대는 저시력 사용자의 기본 기능입니다. 고정 높이/고정 폭은 확대 시 깨짐을 유발하기 쉽습니다. 면접에서는 px 고정 레이아웃이 왜 위험한지 질문이 나올 수 있습니다. 실무에서는 유연한 높이, 줄바꿈 허용, 적절한 line-height, 상대 단위 등을 사용합니다. 컴포넌트 설계 단계에서 “확대해도 깨지지 않는” UI를 기준으로 잡는 것이 비용이 낮습니다.		버튼 높이를 고정하고 overflow hidden을 건다	FALSE	유연한 레이아웃과 줄바꿈 허용으로 깨짐을 줄인다	TRUE	텍스트를 이미지로 바꾼다	FALSE	확대를 막는 설정을 한다	FALSE	frontend	accessibility	a11y	css
Q130	이름-설명 구분(Name vs Description)		Frontend - Web Accessibility	16	CHOICE	MEDIUM	label(이름)과 aria-describedby(설명)의 역할 구분으로 가장 올바른 것은?	이름은 요소가 무엇인지 식별하는 핵심이며, 설명은 사용 방법/규칙/오류 등을 보완합니다. 둘을 섞으면 스크린 리더 안내가 장황하거나 핵심이 흐려질 수 있습니다. 면접에서는 label과 describedby 차이를 정확히 말할 수 있어야 합니다. 실무에서는 label은 짧고 명확하게, 설명은 추가 정보로 분리하는 것이 좋습니다. 오류 메시지는 describedby로 연결하되, 이름을 대체하지 않게 설계합니다.		label은 추가 안내, describedby는 요소 이름이다	FALSE	label은 이름, describedby는 보조 설명이다	TRUE	둘은 동일하므로 아무거나 써도 된다	FALSE	describedby는 CSS 속성이다	FALSE	frontend	accessibility	a11y	aria
Q131	버튼과 링크의 키보드 기대(Keyboard Expectations)		Frontend - Web Accessibility	16	CHOICE	MEDIUM	div에 role button을 주고 클릭 이벤트만 달았을 때 빠지기 쉬운 접근성 요소는?	role을 줘도 키보드 동작은 자동으로 생기지 않습니다. 버튼은 엔터/스페이스로 활성화되는 기대가 있습니다. 면접에서는 div 버튼 구현 시 빠지는 것(키 이벤트, tabindex, 상태 전달)을 묻곤 합니다. 실무에서는 role button + tabindex + 키 이벤트 처리까지 해야 최소 수준이 됩니다. 그래도 가능하면 네이티브 button을 쓰는 것이 가장 안전합니다.		마우스 클릭	FALSE	키보드 엔터/스페이스 활성화 처리	TRUE	버튼 배경색	FALSE	글자 크기	FALSE	frontend	accessibility	a11y	html
Q132	이미지 alt 작성 기준(Alt Writing)		Frontend - Web Accessibility	16	CHOICE	MEDIUM	다음 중 의미 있는 이미지에 대한 alt 작성으로 가장 적절한 것은?	alt는 이미지가 전달하는 핵심 의미를 짧게 설명해야 합니다. 파일명, 장황한 설명, 중복 텍스트는 피하는 것이 좋습니다. 면접에서는 “어떤 상황에서 alt를 비우는지”와 함께 “의미 있는 alt는 어떻게 쓰는지”를 묻습니다. 실무에서는 주변 텍스트에 이미 같은 정보가 있으면 중복을 피하고, 이미지 자체가 핵심 정보를 담으면 그 정보를 요약합니다. 맥락이 중요하기 때문에 ‘정답’이 아니라 ‘원칙’을 설명할 수 있어야 합니다.		img123 png	FALSE	이미지가 전달하는 핵심 의미를 간결하게 요약한다	TRUE	이 이미지는 매우 아름답다	FALSE	alt는 항상 길수록 좋다	FALSE	frontend	accessibility	a11y	html
Q133	아이콘 단독 버튼 설계(Icon-only Button)		Frontend - Web Accessibility	16	CHOICE	MEDIUM	“닫기 X 아이콘”만 있는 버튼의 접근성 이름을 제공하는 가장 바람직한 방법은?	아이콘만 있는 버튼은 이름이 없으면 “버튼”으로만 읽혀 기능을 알 수 없습니다. aria-label이나 숨김 텍스트로 이름을 제공합니다. 면접에서는 aria-label과 aria-labelledby, 숨김 텍스트 중 무엇을 선택할지 질문이 나올 수 있습니다. 실무에서는 재사용 컴포넌트라면 label을 필수 props로 강제해 누락을 예방합니다. 또한 아이콘 자체는 장식이라면 aria-hidden 처리하는 편이 깔끔합니다.		aria-label 또는 숨김 텍스트로 닫기 같은 이름을 제공한다	TRUE	title만 넣으면 충분하다	FALSE	아이콘 크기를 키우면 된다	FALSE	버튼을 span으로 바꾸면 된다	FALSE	frontend	accessibility	a11y	aria
Q134	동적 콘텐츠 제목 알림(Route Announce)		Frontend - Web Accessibility	16	CHOICE	MEDIUM	SPA에서 라우트가 바뀌었을 때 “새 페이지 제목”을 사용자에게 알리는 접근으로 가장 적절한 것은?	SPA는 전체 페이지 로드가 없어 전환 인지가 어렵습니다. 전환 후 main 제목으로 포커스를 이동하거나, 라이브 영역으로 페이지 제목 변경을 알리는 방식이 사용됩니다. 면접에서는 SPA 접근성의 대표 함정으로 라우팅 전환을 언급합니다. 실무에서는 스크린 리더가 “새 페이지”로 인식하도록 제목을 업데이트하고 적절히 안내합니다. 단, 과도한 라이브 알림은 피해야 합니다. 사용자가 전환을 확실히 느끼게 하는 것이 핵심입니다.		아무 처리 없이 화면만 바꾼다	FALSE	전환 후 주요 제목으로 포커스를 이동시키거나 제목 변경을 안내한다	TRUE	전환 시 항상 모달을 띄운다	FALSE	전환 시 애니메이션만 추가한다	FALSE	frontend	accessibility	a11y	ui
Q135	aria-hidden과 포커스 가능 요소(Focusable Hidden)		Frontend - Web Accessibility	16	CHOICE	MEDIUM	aria-hidden true가 적용된 영역 안에 포커스 가능한 버튼이 남아있다면 발생할 수 있는 문제는?	보조기기는 요소를 숨기지만 키보드 포커스는 이동할 수 있어 “보조기기와 키보드 경험이 불일치”합니다. 면접에서는 이 불일치가 왜 위험한지 설명하라고 합니다. 실무에서는 숨길 때는 접근성 트리뿐 아니라 포커스 가능성도 함께 관리해야 합니다. 모달 배경을 숨길 때 특히 자주 발생합니다. 해결은 배경 비활성화와 포커스 트랩을 함께 구현하는 것입니다.		스크린 리더는 숨기는데 키보드 포커스는 갈 수 있어 혼란이 생긴다	TRUE	성능이 좋아진다	FALSE	화면이 더 예뻐진다	FALSE	자동으로 해결된다	FALSE	frontend	accessibility	a11y	aria
Q136	aria-live 중복 렌더링(React Re-render)		Frontend - Web Accessibility	16	CHOICE	MEDIUM	React에서 상태 변경으로 aria-live 영역이 계속 재렌더링되며 같은 메시지가 반복 낭독되는 문제를 줄이려면?	라이브 영역은 텍스트 변경이 감지되면 읽힐 수 있습니다. 같은 메시지를 계속 새로 렌더링하면 사용자에게 반복 낭독이 발생할 수 있습니다. 면접에서는 프레임워크 환경에서 접근성 구현 시 주의점을 묻기도 합니다. 실무에서는 메시지를 필요할 때만 변경하고, 동일 메시지 재할당을 피하는 등 상태 설계를 조정합니다. 또한 알림 영역을 분리해 불필요한 렌더를 최소화하는 것이 도움이 됩니다.		매 렌더마다 메시지를 새로 생성한다	FALSE	메시지 변경을 필요한 순간에만 일으키도록 상태를 설계한다	TRUE	모든 알림을 assertive로 바꾼다	FALSE	라이브 영역을 display none으로 숨긴다	FALSE	frontend	accessibility	a11y	tools
Q137	콤보박스 패턴(Combobox Pattern)		Frontend - Web Accessibility	16	CHOICE	MEDIUM	자동완성 입력 + 옵션 목록 UI에서 일반적으로 요구되는 ARIA 패턴은?	자동완성은 입력과 목록이 결합된 복합 위젯입니다. 단순 select보다 구현 난이도가 높고, 키보드/스크린 리더 규칙이 많습니다. 면접에서는 커스텀 자동완성(검색창) 접근성 구현을 물어볼 수 있습니다. 실무에서는 combobox 패턴을 따르며, 활성 항목 안내(aria-activedescendant), 확장 상태(aria-expanded), 제어 관계(aria-controls) 등을 맞춥니다. 가능하면 검증된 라이브러리를 쓰는 편이 안정적입니다.		combobox 패턴(입력과 목록의 관계/상태를 ARIA로 표현)	TRUE	menu 패턴만 쓰면 된다	FALSE	tab 패턴으로 대체한다	FALSE	접근성은 필요 없다	FALSE	frontend	accessibility	a11y	aria
Q138	오류 포커스 이동(Error Focus)		Frontend - Web Accessibility	16	CHOICE	MEDIUM	폼 제출 후 첫 오류 필드로 포커스를 이동시키는 이유로 가장 올바른 것은?	오류가 발생했는데 포커스가 그대로면 키보드/스크린 리더 사용자는 어디가 문제인지 찾기 어렵습니다. 첫 오류로 포커스를 보내면 수정 흐름이 빨라집니다. 면접에서는 폼 오류 UX를 접근성 관점에서 설명하라고 할 수 있습니다. 실무에서는 오류 요약과 함께 적용하면 더 효과적입니다. 단, 사용자를 놀라게 하지 않도록 메시지와 함께 자연스럽게 안내하는 것이 중요합니다.		사용자가 오류 위치를 빠르게 인지하고 수정할 수 있다	TRUE	성능이 좋아진다	FALSE	디자인이 예뻐진다	FALSE	스크린 리더가 필요 없다	FALSE	frontend	accessibility	a11y	ui
Q139	툴팁 접근성(Tooltip A11y)		Frontend - Web Accessibility	16	CHOICE	MEDIUM	마우스 hover로만 보이는 툴팁이 접근성에서 문제가 되는 대표 이유는?	hover는 키보드 사용자가 트리거하기 어렵고, 모바일에도 해당이 없습니다. 또한 스크린 리더에게 내용이 전달되지 않을 수 있습니다. 면접에서는 tooltip을 어떻게 접근성 있게 만들지 질문이 나올 수 있습니다. 실무에서는 포커스 시에도 툴팁이 뜨게 하고, 트리거와 내용을 programmatically 연결합니다. 그리고 툴팁은 정보 보조 수준으로 제한하고, 핵심 정보는 항상 보이게 하는 편이 안전합니다.		hover만 지원하면 키보드/모바일에서 접근이 어렵다	TRUE	툴팁은 CSS라서 문제 없다	FALSE	툴팁은 색 대비만 맞추면 된다	FALSE	툴팁은 항상 자동으로 읽힌다	FALSE	frontend	accessibility	a11y	ui
Q140	포커스 순서와 CSS order(Flex Order)		Frontend - Web Accessibility	16	CHOICE	MEDIUM	flex order로 화면 배치를 바꿨을 때 키보드 포커스 순서가 예상과 달라질 수 있는 이유는?	키보드 포커스 순서는 기본적으로 DOM 순서를 따릅니다. CSS order는 시각적 위치만 바꾸기 때문에 DOM과 화면 순서가 달라질 수 있습니다. 면접에서는 왜 DOM 순서가 중요하고, order 남발이 왜 위험한지 질문이 나올 수 있습니다. 실무에서는 시각적 배치보다 탐색/읽기 순서를 우선으로 고려합니다. 필요하면 DOM 자체를 논리적으로 재배치하는 편이 더 안전합니다.		포커스 순서는 DOM을 따르고 CSS order는 시각만 바꾼다	TRUE	포커스 순서는 항상 화면 위치를 따른다	FALSE	포커스 순서는 랜덤이다	FALSE	CSS order는 접근성과 무관하다	FALSE	frontend	accessibility	a11y	css
Q141	aria-live 적용 위치(Live Region Placement)		Frontend - Web Accessibility	16	CHOICE	MEDIUM	장바구니 담기 후 “담겼습니다” 같은 알림을 제공할 때, 가장 적절한 구현은?	라이브 알림은 사용자 흐름을 깨지 않으면서 변화만 전달해야 합니다. 버튼 텍스트를 계속 바꾸면 포커스/라벨이 흔들릴 수 있고 반복 낭독도 발생합니다. 면접에서는 라이브 영역을 어디에 두는지와 메시지 갱신 전략을 묻기도 합니다. 실무에서는 별도의 라이브 영역을 두고 메시지를 필요한 순간에만 업데이트하는 방식이 흔합니다. 토스트 UI를 쓰더라도 접근성 알림 채널을 분리해 두면 디버깅이 쉬워집니다.		버튼 라벨을 매번 바꿔서 알림을 전달한다	FALSE	별도의 라이브 영역을 두고 필요한 순간에만 메시지를 갱신한다	TRUE	콘솔 로그로만 알린다	FALSE	알림은 이미지로만 보여준다	FALSE	frontend	accessibility	a11y	aria
Q142	aria-describedby 오류 연결(Error Description)		Frontend - Web Accessibility	16	CHOICE	MEDIUM	폼 검증 오류 메시지를 입력 필드와 연결해 스크린 리더가 함께 읽게 하려면?	오류 메시지가 화면에 있어도 필드와 연결이 없으면 낭독 시 맥락이 약합니다. aria-describedby로 오류 메시지 id를 연결하면 입력을 탐색할 때 오류가 함께 읽힐 수 있습니다. 면접에서는 aria-invalid와 describedby를 같이 묶어서 말하라고 할 수 있습니다. 실무에서는 오류 메시지가 동적으로 바뀌면 describedby 참조도 안정적으로 유지해야 합니다. 또한 오류 메시지 영역이 비어 있는 경우를 대비해 조건부 렌더링 전략을 잘 잡는 것이 중요합니다.		input에 aria-describedby로 오류 메시지 id를 연결한다	TRUE	오류 메시지를 placeholder에만 적는다	FALSE	오류는 border 색만 바꾼다	FALSE	오류 메시지는 title 속성만 사용한다	FALSE	frontend	accessibility	a11y	aria
Q143	aria-invalid 사용 시점(When Invalid)		Frontend - Web Accessibility	16	CHOICE	MEDIUM	사용자가 아직 입력을 시작하지 않았는데도 모든 필드에 aria-invalid true를 미리 설정하면 생길 수 있는 문제는?	처음부터 전부 invalid로 표시하면 사용자는 압박을 느끼고, 스크린 리더 사용자도 계속 오류 상태로 안내받을 수 있습니다. 검증은 보통 제출 시점 또는 사용자가 해당 필드를 “사용한 뒤”에 표시하는 전략이 흔합니다. 면접에서는 실시간 검증 UX의 부작용을 접근성 관점에서 설명하라고 할 수 있습니다. 실무에서는 touched/dirty 같은 상태를 두고 오류 표시 타이밍을 제어합니다. 접근성은 정보의 “정확성”뿐 아니라 “타이밍”도 중요합니다.		처음부터 오류 안내가 과도해져 사용자 경험이 나빠질 수 있다	TRUE	언제나 더 좋다	FALSE	aria-invalid는 스크린 리더가 읽지 않는다	FALSE	성능이 좋아진다	FALSE	frontend	accessibility	a11y	ui
Q144	roving tabindex 적용 대상		Frontend - Web Accessibility	16	CHOICE	MEDIUM	roving tabindex 패턴이 특히 유용한 컴포넌트는?	탭이나 메뉴처럼 여러 항목을 방향키로 이동하는 UI는 roving tabindex를 적용하면 탭 이동이 과도하게 길어지는 문제를 줄일 수 있습니다. 면접에서는 tablist에서 탭키와 방향키의 역할을 구분해 설명하는지 봅니다. 실무에서는 “한 번 탭으로 진입하고 내부는 방향키” 원칙을 지키면 UX가 좋아집니다. 적용 대상은 탭, 메뉴, 라디오 그룹, 리스트박스 등 다양합니다. 핵심은 많은 항목을 탭으로 모두 순회시키지 않는 것입니다.		탭 인터페이스(tablist tab)	TRUE	단일 input	FALSE	정적 텍스트 문단	FALSE	이미지 태그	FALSE	frontend	accessibility	a11y	aria
Q145	aria-activedescendant vs roving		Frontend - Web Accessibility	16	CHOICE	MEDIUM	콤보박스/자동완성에서 “포커스는 입력창에 두고 활성 항목만 바꾸는” 패턴에 더 가까운 것은?	roving tabindex는 실제 포커스를 항목으로 이동시키는 방식이 많습니다. 반면 자동완성에서는 포커스가 input에 남아있고, 목록에서 어떤 항목이 활성인지 읽어야 하는 경우가 많습니다. 이때 aria-activedescendant로 활성 항목 id를 가리키는 패턴을 씁니다. 면접에서는 두 접근을 비교해 말할 수 있으면 좋습니다. 실무에서는 구현 난이도와 스크린 리더 호환성을 고려해 패턴을 선택합니다.		aria-activedescendant 사용	TRUE	모든 항목에 tabindex 0	FALSE	outline 제거	FALSE	aria-hidden 적용	FALSE	frontend	accessibility	a11y	aria
Q146	탭 패턴의 키보드 조작(Tab Keyboard)		Frontend - Web Accessibility	16	CHOICE	MEDIUM	WAI-ARIA 탭 패턴에서 “탭 간 이동”에 더 권장되는 키 조작은?	탭 패턴에서는 탭키는 다음 포커스 가능한 영역으로 이동하고, 탭들 사이 이동은 방향키로 하는 설계가 흔합니다. 이렇게 하면 탭키 탐색이 길어지지 않고, 위젯 내부 조작도 일관됩니다. 면접에서는 탭 UI에서 키보드 정책을 아는지 확인합니다. 실무에서는 기본 패턴을 따르면 스크린 리더 사용자도 익숙하게 사용할 수 있습니다. 구현 시에는 aria-selected, tabindex, tabpanel 연결을 함께 맞춰야 합니다.		좌우(또는 상하) 방향키로 탭 간 이동	TRUE	탭키로만 탭 간 이동	FALSE	마우스 클릭만 허용	FALSE	ESC로만 탭 이동	FALSE	frontend	accessibility	a11y	aria
Q147	커스텀 셀렉트의 리스크(Custom Select Risk)		Frontend - Web Accessibility	16	CHOICE	MEDIUM	네이티브 select 대신 커스텀 셀렉트를 만들 때 접근성 리스크로 가장 적절한 것은?	커스텀 셀렉트는 역할/상태뿐 아니라 키보드 조작, 포커스 관리, 스크린 리더 안내까지 구현해야 합니다. 브라우저마다 기본 select는 매우 많은 접근성 기능이 내장되어 있습니다. 면접에서는 커스텀 셀렉트가 왜 어렵고 위험한지 설명하라고 자주 묻습니다. 실무에서는 검증된 라이브러리나 네이티브 요소를 우선 고려합니다. 단순히 디자인 때문에 커스텀을 선택하면 QA 비용이 크게 늘 수 있습니다.		키보드/스크린 리더 동작을 모두 직접 구현해야 한다	TRUE	스타일이 예쁘다	FALSE	HTML이 더 짧아진다	FALSE	성능이 무조건 좋아진다	FALSE	frontend	accessibility	a11y	ui
Q148	role menu 남용의 문제		Frontend - Web Accessibility	16	CHOICE	MEDIUM	단순 내비게이션 링크 목록에 role menu를 붙이는 것이 문제가 될 수 있는 이유는?	menu role은 앱 메뉴 위젯 패턴을 의미하며 특정 키보드 조작(방향키 이동 등)을 기대합니다. 단순 링크 목록에 menu를 붙이면 보조기기 사용자에게 잘못된 기대를 줄 수 있습니다. 면접에서는 role을 붙이면 어떤 “행동 규약”이 따라오는지 말할 수 있어야 합니다. 실무에서는 사이트 내비게이션은 보통 nav + 리스트 구조가 더 적절합니다. ARIA는 의미를 “추가”하는 도구이지 “임의로 바꾸는” 도구가 아닙니다.		menu 패턴의 키보드 규칙을 따르지 않으면 오히려 혼란을 준다	TRUE	role menu는 CSS를 자동 적용한다	FALSE	role menu는 성능을 높인다	FALSE	role menu는 링크에만 쓰는 속성이다	FALSE	frontend	accessibility	a11y	aria
Q149	자동완성 목록 낭독(Combobox Announcement)		Frontend - Web Accessibility	16	CHOICE	MEDIUM	자동완성에서 사용자가 아래 화살표로 목록을 탐색할 때, 활성 항목이 바뀌었음을 스크린 리더에 전달하는 대표 방법은?	자동완성에서 포커스가 input에 남아 있으면 목록 항목에 실제 포커스가 가지 않습니다. 그래서 활성 항목을 id로 가리키고, 스크린 리더가 그 항목을 읽도록 하는 패턴이 필요합니다. 면접에서는 combobox 구현 시 aria-activedescendant를 언급하면 좋습니다. 실무에서는 활성 항목 하이라이트, 스크롤, 낭독이 모두 동기화되어야 합니다. 또한 목록이 열리고 닫힐 때 aria-expanded도 함께 갱신해야 합니다.		aria-activedescendant로 활성 항목 id를 가리킨다	TRUE	모든 항목에 tabindex 0을 준다	FALSE	목록을 display none으로 숨긴다	FALSE	input에 placeholder를 넣는다	FALSE	frontend	accessibility	a11y	aria
Q150	폼 제출 버튼의 명확성(Submit Button Clarity)		Frontend - Web Accessibility	16	CHOICE	MEDIUM	폼에 “저장”과 “다음” 두 버튼이 있을 때, 접근성/사용성 관점에서 더 좋은 설계는?	버튼은 동작이 명확해야 합니다. 특히 제출을 트리거하는 버튼과 단순 이동 버튼이 섞이면 사용자가 혼란을 겪을 수 있습니다. 면접에서는 버튼 타입과 라벨의 중요성을 자주 묻습니다. 실무에서는 제출 버튼은 type submit, 나머지는 type button으로 구분하고, 라벨도 실제 동작을 반영하도록 구성합니다. 또한 키보드 사용자를 위해 버튼 순서와 포커스 흐름을 고려해야 합니다. “확인” 같은 추상 라벨은 문맥 없으면 피하는 것이 좋습니다.		동작별로 버튼 타입을 구분하고 라벨도 구체적으로 만든다	TRUE	둘 다 submit으로 둔다	FALSE	라벨은 둘 다 확인으로 통일한다	FALSE	버튼은 div로 만든다	FALSE	frontend	accessibility	a11y	html
Q151	aria-describedby 다중 참조(Multiple IDs)		Frontend - Web Accessibility	16	CHOICE	MEDIUM	하나의 input에 “도움말”과 “오류 메시지”를 모두 연결하려면 aria-describedby를 어떻게 쓰는 것이 일반적인가?	aria-describedby는 여러 id를 공백으로 나열해 다중 설명을 연결할 수 있습니다. 면접에서는 describedby의 활용도를 확인할 때 이런 질문을 던질 수 있습니다. 실무에서는 도움말과 오류를 모두 연결하되, 오류가 없을 때는 오류 요소를 숨기거나 제외하는 전략을 씁니다. 연결된 설명이 너무 길어지면 낭독이 부담이 될 수 있으니 내용도 간결하게 유지합니다. 또한 id가 중복되지 않게 컴포넌트화에서 특히 주의합니다.		여러 id를 공백으로 나열해 연결한다	TRUE	describedby는 하나만 가능하다	FALSE	describedby는 숫자만 넣는다	FALSE	describedby는 CSS로 설정한다	FALSE	frontend	accessibility	a11y	aria
Q152	label 중복 낭독(Duplicate Label)		Frontend - Web Accessibility	16	CHOICE	MEDIUM	input에 label도 있고 aria-label도 동시에 제공했더니 스크린 리더가 이름을 이상하게 읽는 경우가 있다. 가장 좋은 해결 방향은?	이름 경로가 중복되면 낭독이 중복되거나 예상치 못한 이름이 될 수 있습니다. 원칙적으로 한 가지 방식으로 이름을 제공하는 것이 디버깅에 유리합니다. 면접에서는 aria-label은 “최후의 수단”으로 쓰고, 가능하면 label 연결을 쓰라고 합니다. 실무에서는 label을 유지하고 aria-label을 제거하거나, 반대로 aria-labelledby로 일관되게 맞추는 방식으로 정리합니다. 핵심은 접근성 이름이 하나로 명확해야 한다는 것입니다.		이름 제공 방식을 하나로 정리해 중복을 제거한다	TRUE	둘 다 유지하고 CSS만 바꾼다	FALSE	placeholder로 대체한다	FALSE	input을 div로 바꾼다	FALSE	frontend	accessibility	a11y	aria
Q153	aria-current vs aria-selected 구분		Frontend - Web Accessibility	16	CHOICE	MEDIUM	“현재 페이지” 내비게이션 항목 표시에는 aria-current, “탭에서 선택된 탭” 표시에는 aria-selected를 쓰는 이유로 가장 올바른 것은?	두 속성은 쓰임이 다릅니다. aria-current는 문서/내비게이션 흐름에서 현재 위치를 나타내고, aria-selected는 위젯 내 선택 상태를 나타냅니다. 면접에서는 상황에 맞는 ARIA 속성을 선택할 수 있는지 봅니다. 실무에서는 side nav에서 현재 페이지는 aria-current page로, 탭 위젯의 활성 탭은 aria-selected true로 표현하는 것이 일반적입니다. 의미에 맞게 선택하면 보조기기 안내도 정확해집니다. 속성을 섞어 쓰면 안내가 어색해질 수 있습니다.		의미와 대상이 달라 각각 적절한 속성이 다르다	TRUE	둘은 완전히 동일하다	FALSE	aria-selected는 내비게이션에만 쓴다	FALSE	aria-current는 폼 검증에 쓴다	FALSE	frontend	accessibility	a11y	aria
Q154	폼 오류 시 스크롤만 이동		Frontend - Web Accessibility	16	CHOICE	MEDIUM	오류 요약을 클릭했을 때 스크롤만 이동하고 포커스를 주지 않으면 문제가 될 수 있는 이유는?	스크롤만 이동하면 키보드 포커스는 여전히 요약 영역에 남을 수 있습니다. 스크린 리더 사용자는 “현재 포커스된 요소”를 중심으로 탐색하므로, 오류 필드로 포커스를 옮기는 것이 더 명확합니다. 면접에서는 왜 포커스 이동이 중요한지 설명하라고 할 수 있습니다. 실무에서는 스크롤 이동 후 해당 input에 focus를 주고, 필요하면 오류 메시지를 함께 읽히게 연결합니다. 사용자에게 현재 수정해야 할 지점을 확실히 안내하는 것이 목적입니다.		포커스가 이동하지 않아 키보드/스크린 리더 사용자에게 불명확할 수 있다	TRUE	스크롤만 이동하면 더 접근성이 좋다	FALSE	포커스는 CSS로만 해결된다	FALSE	포커스는 마우스 사용자에게만 필요하다	FALSE	frontend	accessibility	a11y	ui
Q155	focus outline 제거의 대안		Frontend - Web Accessibility	16	CHOICE	MEDIUM	디자인 이유로 기본 outline이 거슬릴 때 접근성 있게 처리하는 가장 바람직한 방식은?	outline을 제거하면 키보드 사용자는 현재 위치를 잃습니다. 따라서 제거가 아니라 “대체 스타일”을 제공해야 합니다. 면접에서는 outline none이 왜 안 좋은지와 대안을 말하라고 합니다. 실무에서는 focus-visible 등을 활용해 키보드 탐색 시에만 포커스를 강조하거나, 브랜드 컬러로 명확한 포커스 스타일을 커스텀합니다. 포커스는 접근성에서 매우 핵심적인 피드백입니다.		outline을 없애고 아무 표시도 하지 않는다	FALSE	outline을 대체하는 명확한 포커스 스타일을 제공한다	TRUE	hover 효과로 대체한다	FALSE	포커스는 제거해도 된다	FALSE	frontend	accessibility	a11y	css
Q156	라우팅 후 스크린리더 흐름		Frontend - Web Accessibility	16	CHOICE	MEDIUM	SPA에서 라우팅 후에도 스크린 리더가 이전 페이지 콘텐츠를 계속 읽는 듯한 느낌이 드는 이유로 가장 가까운 것은?	SPA는 전체 문서가 새로 로드되지 않아 보조기기가 “문맥 전환”을 자동으로 감지하지 못할 수 있습니다. 포커스가 이전 요소에 남아 있으면 낭독도 이전 맥락에 머물게 됩니다. 면접에서는 라우팅 접근성의 핵심이 포커스 관리라고 자주 말합니다. 실무에서는 라우트 변경 시 제목 업데이트와 main으로의 포커스 이동으로 전환을 명확히 합니다. 필요하면 라이브 영역으로 페이지 제목을 안내하는 전략도 있습니다.		포커스/제목 갱신이 없어서 문맥 전환을 인지하기 어렵다	TRUE	스크린 리더는 SPA를 지원하지 않는다	FALSE	CSS가 부족해서 그렇다	FALSE	네트워크 속도 때문	FALSE	frontend	accessibility	a11y	ui
Q157	aria-expanded 동기화		Frontend - Web Accessibility	16	CHOICE	MEDIUM	드롭다운이 닫혔는데도 aria-expanded가 true로 남아있다면 생기는 문제는?	aria-expanded는 현재 확장 상태를 나타냅니다. 실제 UI 상태와 불일치하면 보조기기 안내가 틀려 사용자 혼란이 생깁니다. 면접에서는 “상태 동기화”를 정말 중요하게 봅니다. 실무에서는 상태 변경 로직에 aria-expanded 갱신을 포함시키고, 외부 클릭/ESC/포커스 이탈 등 모든 닫힘 경로에서도 동일하게 갱신해야 합니다. 테스트는 마우스뿐 아니라 키보드 플로우로도 해야 합니다.		보조기기가 상태를 잘못 안내해 혼란을 준다	TRUE	성능이 좋아진다	FALSE	CSS가 자동으로 수정한다	FALSE	문제 없다	FALSE	frontend	accessibility	a11y	aria
Q158	focus trap 구현 실수		Frontend - Web Accessibility	16	CHOICE	MEDIUM	모달 포커스 트랩 구현에서 자주 발생하는 실수로 가장 적절한 것은?	포커스 트랩은 모달 내부에 머물게 하지만, 모달을 닫을 수 있어야 합니다. 닫기 버튼이 포커스 불가거나 ESC가 안 먹히면 사실상 키보드 트랩이 됩니다. 면접에서는 “포커스 트랩”과 “키보드 트랩”을 구분해서 설명하라고 합니다. 실무에서는 첫 포커스 지정, 탭 순환, 닫기 경로 제공, 닫은 뒤 포커스 복귀까지 포함해야 완성입니다. 부분 구현은 오히려 위험할 수 있습니다.		모달 내부에 가두기만 하고 닫기 경로가 부족해 키보드 트랩이 된다	TRUE	오버레이가 어둡지 않다	FALSE	애니메이션이 없다	FALSE	폰트가 작다	FALSE	frontend	accessibility	a11y	ui
Q159	툴팁과 연결(Trigger Relationship)		Frontend - Web Accessibility	16	CHOICE	MEDIUM	툴팁이 단순 시각 장식이 아니라 “추가 설명”을 제공한다면, 트리거 요소와 내용을 연결하는 대표 방법은?	툴팁이 유의미한 정보를 제공하면 키보드/보조기기 사용자도 접근할 수 있어야 합니다. 보통 트리거에 describedby로 툴팁 내용을 연결하거나, 적절한 role과 관계를 부여합니다. 면접에서는 툴팁 접근성에서 hover 외에도 focus를 지원해야 한다는 점이 자주 나옵니다. 실무에서는 툴팁은 사라져도 핵심 정보가 아니어야 하며, 가능하면 폼 도움말처럼 항상 보이는 텍스트로 제공하는 편이 더 안전합니다. 그래도 툴팁이 필요하다면 관계를 명시해 읽히게 합니다.		aria-describedby로 툴팁 내용을 연결한다	TRUE	hover만 지원한다	FALSE	색만 바꾼다	FALSE	툴팁 텍스트를 이미지로 만든다	FALSE	frontend	accessibility	a11y	aria
Q160	disabled vs aria-disabled		Frontend - Web Accessibility	16	CHOICE	MEDIUM	네이티브 button에서 disabled와 aria-disabled를 비교할 때 가장 올바른 설명은?	disabled는 실제로 포커스/클릭을 막고 브라우저 기본 동작을 제공합니다. aria-disabled는 의미 전달에 가깝고, 클릭 차단은 별도 로직이 필요할 수 있습니다. 면접에서는 왜 네이티브 disabled가 우선인지 자주 묻습니다. 실무에서는 가능하면 disabled를 쓰고, 커스텀 요소나 특수한 경우에만 aria-disabled를 고려합니다. 또한 disabled 요소는 포커스가 가지 않는다는 점이 UX에 맞는지 함께 판단해야 합니다.		disabled는 동작을 실제로 막고, aria-disabled는 의미 전달이라 로직이 추가로 필요할 수 있다	TRUE	aria-disabled가 있으면 자동으로 클릭이 막힌다	FALSE	disabled는 접근성과 무관하다	FALSE	둘은 완전히 동일하다	FALSE	frontend	accessibility	a11y	html
Q161	aria-label vs aria-labelledby		Frontend - Web Accessibility	16	CHOICE	MEDIUM	버튼 옆에 화면에 보이는 텍스트가 이미 “다운로드”라고 존재한다면, 접근성 이름 제공으로 더 선호되는 방식은?	aria-label은 빠르지만 화면 텍스트와 불일치가 생기기 쉽습니다. 반면 aria-labelledby는 화면에 있는 텍스트를 참조해 이름을 구성하므로 일관성이 좋습니다. 면접에서는 “가능하면 화면 텍스트를 참조하라”는 원칙을 자주 봅니다. 실무에서는 국제화(i18n)에서도 aria-labelledby가 유지보수에 유리합니다. 단, 참조 대상 id가 안정적으로 유지되어야 합니다. 이름이 중복되지 않도록 한 가지 방식으로 정리하는 것도 중요합니다.		aria-label로 하드코딩한다	FALSE	aria-labelledby로 화면 텍스트를 참조한다	TRUE	placeholder로 이름을 준다	FALSE	title 속성만 쓴다	FALSE	frontend	accessibility	a11y	aria
Q162	accessible name 디버깅		Frontend - Web Accessibility	16	CHOICE	MEDIUM	스크린 리더에서 버튼이 “버튼”으로만 읽힌다. 가장 먼저 확인할 항목으로 적절한 것은?	버튼이 “버튼”으로만 읽히면 접근성 이름이 비어 있을 가능성이 큽니다. 텍스트 콘텐츠, aria-label, aria-labelledby 연결, img alt 등 이름 경로를 확인해야 합니다. 면접에서는 접근성 이름을 어떻게 계산하는지 큰 흐름을 설명할 수 있으면 좋습니다. 실무에서는 아이콘-only 버튼에서 특히 자주 발생합니다. 재사용 컴포넌트에서 label props를 필수로 강제하면 누락을 줄일 수 있습니다. 디버깅은 “이 요소의 name이 무엇인가”를 먼저 보는 습관이 중요합니다.		버튼의 접근성 이름(텍스트/aria-label/aria-labelledby)이 있는지 확인한다	TRUE	z-index를 확인한다	FALSE	border-radius를 확인한다	FALSE	이미지 용량을 확인한다	FALSE	frontend	accessibility	a11y	tools
Q163	클릭 영역과 접근성		Frontend - Web Accessibility	16	CHOICE	MEDIUM	모바일에서 작은 아이콘 버튼이 누르기 어려울 때 접근성 관점에서 가장 적절한 개선은?	터치 타겟이 너무 작으면 운동 제약이 있는 사용자뿐 아니라 일반 사용자도 오작동이 늘어납니다. 접근성은 사용자의 조작 용이성을 포함합니다. 면접에서는 “터치 타겟 크기” 같은 실무 포인트를 묻기도 합니다. 실무에서는 버튼 자체의 패딩을 늘리거나 클릭 가능한 영역을 확대합니다. 단, 시각적으로만 커 보이게 하고 실제 hit area가 작으면 문제는 그대로입니다. 클릭 영역 확대는 키보드/스크린 리더에도 부정적 영향 없이 개선되는 경우가 많습니다.		아이콘을 더 화려하게 만든다	FALSE	버튼의 실제 클릭 가능한 영역(패딩/크기)을 확장한다	TRUE	hover 효과를 강화한다	FALSE	버튼을 이미지로 바꾼다	FALSE	frontend	accessibility	a11y	ui
Q164	링크와 버튼 구분(Semantics)		Frontend - Web Accessibility	16	CHOICE	MEDIUM	“페이지 이동”을 트리거하는 요소를 구현할 때 더 올바른 시맨틱 선택은?	링크(a)는 이동, 버튼(button)은 동작(상태 변화, 제출 등)이라는 의미가 기본입니다. 의미에 맞는 요소를 쓰면 키보드 동작과 보조기기 안내가 자연스럽습니다. 면접에서는 링크와 버튼의 차이를 자주 묻습니다. 실무에서 div로 다 만들면 접근성뿐 아니라 기본 브라우저 동작(새 탭 열기, 주소 복사 등)도 잃습니다. 따라서 이동은 a, 동작은 button으로 설계하는 것이 원칙입니다. 필요하면 스타일을 CSS로 맞추면 됩니다.		button	FALSE	a	TRUE	div	FALSE	span	FALSE	frontend	accessibility	a11y	html
Q165	skip link 대상(Target)		Frontend - Web Accessibility	16	CHOICE	MEDIUM	스킵 링크(본문 바로가기)가 이동해야 하는 가장 적절한 대상은?	스킵 링크는 반복되는 헤더/내비게이션을 건너뛰고 핵심 콘텐츠로 바로 가게 합니다. 따라서 main 콘텐츠의 시작점(예: main, 첫 제목)이 대상이 되어야 합니다. 면접에서는 skip link를 어디로 연결하는지 자주 묻습니다. 실무에서는 main에 id를 주고 스킵 링크 href로 연결합니다. 이동 후 포커스가 보이도록 포커스 가능한 대상(tabindex -1 등)도 고려해야 합니다. 목적은 “콘텐츠로 즉시 진입”입니다.		footer	FALSE	main 콘텐츠 시작점	TRUE	랜덤 div	FALSE	이미지	FALSE	frontend	accessibility	a11y	html
Q166	focusable main (tabindex -1)		Frontend - Web Accessibility	16	CHOICE	MEDIUM	스킵 링크로 main으로 점프했는데 포커스가 잘 안 잡히는 문제를 해결하기 위한 대표 방법은?	main 요소는 기본적으로 포커스 가능한 요소가 아닐 수 있습니다. 스킵 링크는 해시 이동은 되지만 포커스 이동은 브라우저마다 일관되지 않을 수 있습니다. 면접에서는 skip link 구현에서 tabindex -1을 활용하는지 확인합니다. 실무에서는 main에 tabindex -1을 부여해 프로그램적으로 포커스를 줄 수 있게 만들고, 링크 클릭 시 focus를 호출하는 방식이 쓰입니다. 이렇게 하면 키보드 사용자가 “현재 위치”를 확실히 인지할 수 있습니다. 포커스는 보이게 유지하는 것이 중요합니다.		main에 tabindex -1을 부여하고 포커스를 이동시킨다	TRUE	main을 display none으로 바꾼다	FALSE	main 배경색을 바꾼다	FALSE	skip link를 제거한다	FALSE	frontend	accessibility	a11y	html
Q167	heading 구조 설계		Frontend - Web Accessibility	16	CHOICE	MEDIUM	컴포넌트 기반 UI에서 제목(h 태그) 사용에 대한 올바른 원칙은?	제목은 문서 구조를 나타내므로 단순 스타일 목적이면 남용하면 안 됩니다. 컴포넌트가 어디서 렌더링될지 모른다면 heading 레벨이 깨지기 쉽습니다. 면접에서는 h 태그를 크기용으로 쓰면 안 된다는 점과, 구조를 어떻게 유지할지 질문합니다. 실무에서는 페이지 레벨에서 h1, 섹션에서 h2/h3를 정하고, 컴포넌트에는 “어떤 레벨로 렌더링할지”를 props로 받거나, 제목은 텍스트로 두고 레벨은 상위가 결정하게 합니다. CSS로 크기를 조절하는 것이 원칙입니다. 구조가 일관되면 탐색이 쉬워집니다.		제목은 구조이므로 레벨을 문서 계층에 맞게 설계한다	TRUE	제목은 크기만 의미하니 아무 레벨이나 써도 된다	FALSE	제목은 div로만 만든다	FALSE	h1은 여러 개면 무조건 실패다	FALSE	frontend	accessibility	a11y	html
Q168	aria-hidden과 장식 요소		Frontend - Web Accessibility	16	CHOICE	MEDIUM	카드 UI의 배경 장식(패턴, 도형)이 DOM에 존재할 때 접근성상 가장 적절한 처리는?	장식 요소는 정보가 아니므로 스크린 리더가 읽으면 소음이 됩니다. 특히 SVG, 아이콘, 장식 텍스트가 섞이면 낭독이 어지러워집니다. 면접에서는 “장식은 숨기고 정보만 남겨라”를 강조합니다. 실무에서는 장식 요소에 aria-hidden true를 주거나, CSS 배경으로 처리해 접근성 트리에 노출되지 않게 합니다. 단, 장식이 정보(상태, 경고)를 담으면 숨기면 안 되고 텍스트로도 전달해야 합니다. 의도를 먼저 구분하는 것이 핵심입니다.		장식 요소는 접근성 트리에서 제외한다	TRUE	장식 요소도 모두 읽히게 한다	FALSE	장식을 alt로 길게 설명한다	FALSE	장식은 hover에서만 표시한다	FALSE	frontend	accessibility	a11y	aria
Q169	aria-label 남용		Frontend - Web Accessibility	16	CHOICE	MEDIUM	모든 텍스트 버튼에 aria-label을 추가로 붙이는 것이 권장되지 않는 이유는?	텍스트 버튼은 이미 접근성 이름이 존재합니다. aria-label을 붙이면 오히려 화면 텍스트와 불일치가 생기거나, 번역이 누락되는 문제가 생깁니다. 면접에서는 “ARIA는 필요할 때만”이라는 원칙을 묻습니다. 실무에서는 aria-label은 아이콘-only 버튼처럼 이름이 부족할 때 사용하고, 이미 이름이 있으면 추가하지 않는 편이 안전합니다. 또한 aria-label은 화면에 보이지 않아 QA에서 놓치기 쉬워 유지보수 리스크가 큽니다. 중복은 낭독 품질을 떨어뜨릴 수 있습니다.		화면 텍스트와 불일치 및 유지보수 리스크가 커질 수 있다	TRUE	aria-label은 성능을 떨어뜨린다	FALSE	aria-label은 CSS라서 의미 없다	FALSE	aria-label은 버튼에만 금지다	FALSE	frontend	accessibility	a11y	aria
Q170	이미지 링크 alt		Frontend - Web Accessibility	16	CHOICE	MEDIUM	로고 이미지가 홈으로 이동하는 링크 역할을 한다. alt로 가장 적절한 방향은?	링크 안의 이미지는 단순 장식이 아니라 링크의 목적을 전달해야 합니다. 그래서 alt는 “홈으로 이동” 같은 목적 중심이 좋습니다. 면접에서는 로고 링크 alt를 어떻게 쓰는지 자주 나옵니다. 실무에서는 링크 텍스트가 따로 있으면 이미지 alt를 비워 중복을 줄이기도 합니다. 하지만 로고만 있는 경우 alt가 링크의 이름이 되므로 반드시 의미가 있어야 합니다. 파일명이나 “logo” 같은 정보는 사용자에게 도움이 적습니다. 목적을 요약하는 것이 핵심입니다.		alt에 홈으로 이동 같은 목적을 제공한다	TRUE	alt를 비워둔다	FALSE	alt에 파일명을 넣는다	FALSE	alt를 매우 길게 쓴다	FALSE	frontend	accessibility	a11y	html
Q171	aria-pressed 토글 버튼		Frontend - Web Accessibility	16	CHOICE	MEDIUM	즐겨찾기처럼 눌림/해제 상태가 있는 토글 버튼에 적절한 상태 속성은?	토글 버튼은 상태가 바뀌는 UI라서 “현재 눌림 상태”를 전달하는 것이 중요합니다. aria-pressed는 토글 버튼의 on/off 상태 표현에 자주 쓰입니다. 면접에서는 aria-selected와 aria-pressed 차이를 물을 수 있습니다. 실무에서는 시각적 상태(색/아이콘)와 aria-pressed 값을 반드시 동기화해야 합니다. 상태가 불일치하면 보조기기 안내가 틀려 혼란을 줍니다. 토글은 특히 테스트가 중요합니다.		aria-pressed	TRUE	aria-selected	FALSE	aria-current	FALSE	aria-modal	FALSE	frontend	accessibility	a11y	aria
Q172	aria-selected vs aria-pressed		Frontend - Web Accessibility	16	CHOICE	MEDIUM	“탭에서 활성 탭”은 aria-selected, “좋아요 토글”은 aria-pressed를 쓰는 이유로 가장 올바른 것은?	selected는 위젯 안에서 선택된 항목(탭, 옵션)을 의미하고, pressed는 토글 버튼의 눌림 상태를 의미합니다. 면접에서는 속성 의미를 구분해 쓰는지 확인합니다. 실무에서 둘을 섞어 쓰면 스크린 리더가 상태를 이상하게 안내할 수 있습니다. UI 모델이 “선택”인지 “토글”인지 먼저 정의하고 그에 맞는 ARIA를 적용하는 것이 중요합니다. 상태와 역할은 항상 한 세트로 생각해야 합니다.		의미(선택 vs 토글)가 달라 상태 속성도 달라진다	TRUE	둘은 동일하니 아무거나 써도 된다	FALSE	pressed는 내비게이션에만 쓴다	FALSE	selected는 오류 표시용이다	FALSE	frontend	accessibility	a11y	aria
Q173	aria-expanded와 키보드 UX		Frontend - Web Accessibility	16	CHOICE	MEDIUM	아코디언(접기/펼치기) 구현에서 aria-expanded를 제대로 쓰는 것 외에 중요한 키보드 UX는?	아코디언 헤더는 버튼으로 구현하면 엔터/스페이스 활성화가 기본 지원됩니다. role만 붙이는 것보다 네이티브 버튼이 안정적입니다. 면접에서는 아코디언 접근성에서 “헤더는 버튼”이라는 원칙을 자주 봅니다. 실무에서는 헤더에 포커스가 가고, 엔터/스페이스로 토글되며, aria-expanded가 상태와 동기화되는 것이 핵심입니다. 또한 펼쳐진 콘텐츠에 포커스 가능한 요소가 있으면 탭 순서도 자연스럽게 이어져야 합니다. 단순히 클릭만 지원하면 키보드 사용자는 접근이 어렵습니다.		헤더를 button으로 만들어 키보드 활성화를 자연스럽게 지원한다	TRUE	헤더를 div로 만들고 클릭만 달면 된다	FALSE	aria-expanded만 있으면 키보드가 자동 지원된다	FALSE	hover로만 열리게 한다	FALSE	frontend	accessibility	a11y	html
Q174	listbox와 select 대체		Frontend - Web Accessibility	16	CHOICE	MEDIUM	커스텀 listbox를 만들 때 네이티브 select 대비 추가로 반드시 챙겨야 하는 것은?	네이티브 select는 브라우저가 키보드 이동, 타입어헤드, 스크린 리더 안내를 기본으로 제공합니다. 커스텀 listbox는 이를 직접 구현해야 합니다. 면접에서는 “커스텀 위젯은 키보드 규칙까지 책임진다”를 강조합니다. 실무에서는 option 선택, 방향키 이동, Home/End, 타입 검색 등 기대 동작을 충족해야 합니다. 또한 aria-selected, aria-activedescendant 등 상태 전달이 정확해야 합니다. 단순히 role만 붙이면 접근성 수준이 낮아질 수 있습니다. 가능한 경우 네이티브 요소를 우선 고려합니다.		키보드 조작과 상태 전달을 스펙에 맞게 직접 구현해야 한다	TRUE	CSS만 맞추면 된다	FALSE	이미지로 만들면 해결된다	FALSE	마우스만 지원해도 된다	FALSE	frontend	accessibility	a11y	aria
Q175	aria-live와 페이지 제목		Frontend - Web Accessibility	16	CHOICE	MEDIUM	SPA에서 페이지 전환을 알리기 위해 라이브 영역을 쓸 때 가장 적절한 내용은?	라이브 영역에 너무 많은 내용을 넣으면 낭독이 길어지고 방해가 됩니다. 전환 인지는 보통 “페이지 제목” 정도의 짧은 요약이면 충분합니다. 면접에서는 라이브 알림의 메시지 설계(짧고 핵심)를 물을 수 있습니다. 실무에서는 새 페이지 h1 텍스트를 라이브로 알려주거나, 포커스를 제목으로 옮기는 방식이 흔합니다. 둘을 동시에 하면 중복 낭독이 생길 수 있어 하나를 선택하는 것이 좋습니다. 핵심은 사용자가 전환을 확실히 느끼게 하는 것입니다.		새 페이지의 주요 제목 같은 짧은 요약	TRUE	페이지 전체 본문	FALSE	모든 메뉴 항목	FALSE	CSS 클래스 목록	FALSE	frontend	accessibility	a11y	ui
Q176	aria-live 중복 방지		Frontend - Web Accessibility	16	CHOICE	MEDIUM	토스트 UI가 뜰 때 스크린 리더가 같은 문구를 두 번 읽는 경우가 있다. 가장 좋은 해결 방향은?	중복 낭독은 라이브 영역이 여러 군데 있거나, 토스트 텍스트가 여러 번 변경되기 때문에 발생합니다. 면접에서는 “중복 알림 제거”와 “한 채널로 통일”을 말할 수 있어야 합니다. 실무에서는 라이브 영역을 한 곳으로 통일하고, 메시지 갱신을 한 번만 발생시키도록 설계합니다. 토스트 컴포넌트가 마운트/언마운트로 계속 DOM이 바뀌면 의도치 않은 낭독이 생길 수 있어 주의합니다. 핵심은 알림의 소스와 타이밍을 단순화하는 것입니다. 사용자에게 필요한 정보만 한 번 전달되게 만듭니다.		라이브 알림 채널을 단일화하고 메시지 갱신을 한 번으로 제한한다	TRUE	알림 텍스트를 더 길게 만든다	FALSE	모든 알림을 assertive로 바꾼다	FALSE	토스트를 이미지로 바꾼다	FALSE	frontend	accessibility	a11y	aria
Q177	aria-describedby 과다		Frontend - Web Accessibility	16	CHOICE	MEDIUM	input에 aria-describedby로 너무 많은 문장을 연결하면 생길 수 있는 대표 문제는?	설명이 길면 스크린 리더 사용자는 필드를 이동할 때마다 긴 내용을 반복해서 들어야 합니다. 이는 피로도를 높이고 폼 작성 속도를 크게 떨어뜨립니다. 면접에서는 설명 텍스트를 어떻게 설계할지(짧고 필요한 것만) 질문할 수 있습니다. 실무에서는 도움말은 간결하게, 자세한 내용은 별도 링크로 제공하는 방식이 좋습니다. 오류 메시지도 핵심만 전달하고, 상세 원인은 추가로 제공하는 것이 일반적입니다. 정보는 많을수록 좋은 게 아니라 “필요할 때” 좋습니다. 낭독 UX를 항상 고려해야 합니다.		필드 이동마다 긴 낭독이 반복되어 피로도가 증가한다	TRUE	설명이 길수록 무조건 좋다	FALSE	describedby는 길이에 제한이 없다	FALSE	describedby는 CSS라 영향 없다	FALSE	frontend	accessibility	a11y	ui
Q178	keyboard trap 정의		Frontend - Web Accessibility	16	CHOICE	MEDIUM	“키보드 트랩”의 설명으로 가장 올바른 것은?	키보드 트랩은 키보드만으로 특정 영역에서 빠져나올 수 없는 상태를 의미합니다. 모달 포커스 트랩은 올바르게 구현되면 문제 없지만, 닫기 경로가 없거나 포커스 순환이 잘못되면 트랩이 됩니다. 면접에서는 키보드 트랩을 어떻게 예방하는지 묻습니다. 실무에서는 ESC 닫기, 닫기 버튼 제공, 탭 순환 로직 검증, 배경 포커스 차단을 균형 있게 구현합니다. 특히 iframe/서드파티 위젯이 끼면 트랩이 발생하기 쉬워 테스트가 중요합니다. 키보드 사용자가 “항상 탈출”할 수 있어야 합니다.		키보드만으로 특정 영역에서 빠져나올 수 없는 상태	TRUE	마우스로 클릭이 안 되는 상태	FALSE	화면이 느리게 렌더링되는 상태	FALSE	색 대비가 낮은 상태	FALSE	frontend	accessibility	a11y	ui
Q179	aria-controls 오사용		Frontend - Web Accessibility	16	CHOICE	MEDIUM	aria-controls에 존재하지 않는 id를 넣으면 생기는 문제로 가장 적절한 것은?	aria-controls는 제어 관계를 id로 표현합니다. 대상 id가 없거나 중복이면 관계가 깨져 보조기기 안내가 부정확해집니다. 면접에서는 ARIA 속성은 “정확성”이 생명이라는 점을 봅니다. 실무에서는 컴포넌트 재사용 시 id 충돌이 자주 발생하므로 유니크 id 생성 전략이 필요합니다. 또한 조건부 렌더링으로 패널이 없을 때 controls가 남아 있으면 잘못된 관계가 됩니다. 상태 전환 로직에서 controls 대상의 존재 여부도 함께 관리해야 합니다. 관계가 깨지면 사용자는 무엇이 열리는지 알기 어렵습니다.		제어 관계가 깨져 보조기기 안내가 부정확해진다	TRUE	CSS가 자동으로 보정한다	FALSE	성능이 무조건 나빠진다	FALSE	아무 영향 없다	FALSE	frontend	accessibility	a11y	aria
Q180	접근성 회귀 테스트		Frontend - Web Accessibility	16	CHOICE	MEDIUM	접근성 개선을 한 뒤, 배포 후에도 품질이 유지되게 만드는 가장 좋은 실무 전략은?	접근성은 한 번 고치고 끝나는 게 아니라 회귀(다시 깨짐)가 잦습니다. 디자인 변경, 컴포넌트 리팩터링, 라이브러리 업데이트로 포커스/라벨/상태가 쉽게 망가집니다. 면접에서는 접근성을 팀 프로세스에 어떻게 녹이는지 질문합니다. 실무에서는 키보드 플로우 체크를 QA 체크리스트에 넣고, 자동 검사(린트/테스트)와 함께 핵심 화면을 수동 테스트하는 루틴을 갖습니다. 특히 모달, 폼, 드롭다운 같은 컴포넌트는 테스트 케이스를 고정해두는 것이 좋습니다. PR 리뷰에서 “접근성 체크” 항목을 두는 것도 효과적입니다. 지속 가능한 프로세스가 핵심입니다.		자동 검사와 키보드/스크린 리더 수동 테스트를 프로세스에 포함한다	TRUE	배포 후에는 신경 쓰지 않는다	FALSE	디자인 시스템 없이 개별 페이지에서만 고친다	FALSE	색상만 맞추면 된다	FALSE	frontend	accessibility	a11y	tools
Q181	aria-atomic(aria-atomic)		Frontend - Web Accessibility	16	CHOICE	MEDIUM	라이브 영역에서 일부 텍스트만 바뀌어도 “전체 문장”을 한 번에 읽히게 하고 싶을 때 관련 있는 속성은?	라이브 영역은 변경된 부분만 읽히거나, 전체가 읽히거나 환경에 따라 다를 수 있습니다. aria-atomic은 변경이 일어났을 때 영역 전체를 읽히게 하는 데 도움을 줄 수 있습니다. 면접에서는 라이브 영역 세부 옵션을 얼마나 이해하는지 깊게 들어갈 때 나올 수 있습니다. 실무에서는 과도한 전체 낭독이 오히려 방해가 될 수 있으니, 꼭 필요한 상황에만 신중히 적용합니다. 또한 스크린 리더/브라우저 조합에 따라 동작이 다를 수 있어 실제 테스트가 필수입니다. 핵심은 “알림은 짧고 명확하게” 설계하는 것입니다.		aria-atomic	TRUE	aria-live	FALSE	aria-current	FALSE	aria-haspopup	FALSE	frontend	accessibility	a11y	aria
Q182	aria-haspopup(aria-haspopup)		Frontend - Web Accessibility	16	CHOICE	MEDIUM	버튼이 클릭되면 메뉴/리스트박스/다이얼로그 같은 “팝업”이 열린다는 신호를 전달할 때 관련 있는 속성은?	팝업이 열리는 UI는 사용자에게 “이 버튼은 뭔가를 펼친다”는 힌트를 줘야 합니다. aria-haspopup은 팝업이 존재함을 보조기기에 알리는 데 사용할 수 있습니다. 면접에서는 aria-expanded, aria-controls와 함께 어떤 속성 조합이 필요한지 묻기도 합니다. 실무에서는 팝업의 종류(menu, listbox, dialog 등)와 실제 동작(키보드 지원)이 일치해야 의미가 있습니다. 속성만 붙이고 조작 규칙을 구현하지 않으면 오히려 혼란을 줍니다. 상태 동기화가 항상 핵심입니다.		aria-haspopup	TRUE	aria-setsize	FALSE	aria-rowspan	FALSE	aria-valuetext	FALSE	frontend	accessibility	a11y	aria
Q183	aria-expanded 일관성		Frontend - Web Accessibility	16	CHOICE	MEDIUM	드롭다운이 열려있을 때 aria-expanded true, 닫혔을 때 false로 “항상” 동기화해야 하는 이유는?	ARIA 상태는 화면 상태를 대변합니다. 값이 실제와 다르면 보조기기는 잘못 안내하고 사용자는 현재 상태를 오해합니다. 면접에서는 “동기화”를 접근성 구현의 핵심으로 자주 강조합니다. 실무에서는 외부 클릭, ESC, 포커스 이탈, 항목 선택 등 모든 경로에서 aria-expanded가 동일하게 갱신되도록 해야 합니다. 한 경로만 놓쳐도 버그가 생기고, 재현이 어려운 접근성 이슈가 됩니다. 상태는 단일 소스(싱글 소스 오브 트루스)로 관리하는 편이 안정적입니다.		보조기기 안내가 상태와 일치해야 혼란이 없다	TRUE	aria-expanded는 있어도 되고 없어도 된다	FALSE	aria-expanded는 CSS 값이다	FALSE	true로 고정하면 더 편하다	FALSE	frontend	accessibility	a11y	aria
Q184	aria-controls vs 포커스		Frontend - Web Accessibility	16	CHOICE	MEDIUM	aria-controls를 추가했다고 해서 자동으로 해결되지 않는 문제로 가장 적절한 것은?	aria-controls는 관계(제어 대상)를 표현할 뿐, 키보드 포커스 이동이나 조작 규칙을 자동으로 제공하지 않습니다. 면접에서는 ARIA가 “행동”을 만들어주지 않는다는 점을 확인합니다. 실무에서는 controls를 붙인 뒤에도 포커스 관리(열릴 때 어디로, 닫힐 때 어디로), 키보드 조작(ESC, 방향키 등)을 구현해야 완성도가 올라갑니다. 관계와 행동은 별개입니다. ARIA는 힌트, 로직은 구현 책임입니다. 따라서 네이티브 요소를 우선 쓰는 것이 안전합니다.		키보드 조작과 포커스 관리는 자동으로 생기지 않는다	TRUE	CSS가 자동으로 바뀐다	FALSE	클릭 이벤트가 자동 생성된다	FALSE	메뉴가 자동 정렬된다	FALSE	frontend	accessibility	a11y	ui
Q185	aria-describedby 연결 깨짐		Frontend - Web Accessibility	16	CHOICE	MEDIUM	aria-describedby가 가리키는 id 요소가 조건부 렌더링으로 사라졌을 때 발생할 수 있는 문제는?	describedby는 id 참조 기반입니다. 참조 대상이 없으면 설명이 읽히지 않거나, 디버깅이 어려운 “조용한 실패”가 발생합니다. 면접에서는 ARIA 참조의 정확성과 id 관리 전략을 묻기도 합니다. 실무에서는 오류 메시지/도움말이 있을 때만 describedby를 구성하거나, 대상 요소를 항상 DOM에 두고 내용을 비우는 방식으로 안정화합니다. 특히 리스트/폼이 반복 렌더링되면 id 충돌도 자주 생깁니다. 참조 기반 속성은 항상 “존재 보장”이 핵심입니다.		설명 연결이 깨져 낭독/안내가 누락될 수 있다	TRUE	성능이 좋아진다	FALSE	자동으로 다른 요소를 참조한다	FALSE	CSS가 해결한다	FALSE	frontend	accessibility	a11y	aria
Q186	label for와 id		Frontend - Web Accessibility	16	CHOICE	MEDIUM	label과 input을 연결할 때 for와 id가 중요한 이유로 가장 적절한 것은?	label 연결은 클릭 편의뿐 아니라 접근성 이름 계산에도 중요합니다. for-id 연결이 깨지면 스크린 리더가 필드 이름을 제대로 읽지 못할 수 있습니다. 면접에서는 label wrapping과 for-id 방식의 차이도 자주 나옵니다. 실무에서는 컴포넌트 재사용 시 id가 중복되기 쉬우므로 유니크 id 생성이 필수입니다. 또한 label 클릭 시 input 포커스로 자연스럽게 이동해 사용성이 좋아집니다. 구조와 접근성 이름 모두에 영향이 있습니다.		입력의 접근성 이름 제공과 클릭/포커스 편의에 직접 영향을 준다	TRUE	CSS 우선순위가 높아진다	FALSE	네트워크 요청이 줄어든다	FALSE	폰트 렌더링이 좋아진다	FALSE	frontend	accessibility	a11y	html
Q187	fieldset legend		Frontend - Web Accessibility	16	CHOICE	MEDIUM	여러 체크박스가 한 질문에 속할 때 fieldset legend가 유용한 이유는?	체크박스/라디오 그룹은 “그룹 질문”이 먼저 전달되어야 옵션 의미가 살아납니다. legend는 그룹의 이름을 제공해 보조기기가 옵션을 탐색할 때 맥락을 유지하도록 돕습니다. 면접에서는 폼 그룹화 시 fieldset/legend를 알고 있는지 자주 묻습니다. 실무에서는 단순 div 그룹은 화면에선 괜찮아 보이지만 보조기기 맥락이 약해질 수 있습니다. legend는 시각적으로 숨길 수도 있어 디자인과 양립 가능합니다. 폼의 구조적 의미를 살리는 것이 핵심입니다.		그룹 질문 맥락을 보조기기에 명확히 전달한다	TRUE	체크박스가 자동 저장된다	FALSE	CSS가 자동 적용된다	FALSE	성능이 향상된다	FALSE	frontend	accessibility	a11y	html
Q188	alertdialog vs dialog		Frontend - Web Accessibility	16	CHOICE	MEDIUM	사용자 즉시 확인이 필요한 파괴적 작업(삭제 확인) 팝업에 더 적절한 역할은?	alertdialog는 긴급하거나 즉시 주의가 필요한 대화상자에 적합합니다. 삭제 확인처럼 중요한 결정을 요구하면 alertdialog가 더 강한 신호가 될 수 있습니다. 면접에서는 dialog와 alertdialog의 차이를 묻기도 합니다. 실무에서는 어떤 role을 쓰든 제목/설명 제공, 포커스 트랩, ESC/닫기 버튼, 포커스 복귀가 함께 있어야 합니다. 또한 과도한 alertdialog 남용은 사용자 피로를 키울 수 있어 정말 중요한 경우에만 쓰는 것이 좋습니다. 핵심은 “주의 환기” 수준을 상황에 맞게 선택하는 것입니다.		alertdialog	TRUE	dialog	FALSE	menu	FALSE	listbox	FALSE	frontend	accessibility	a11y	aria
Q189	aria-live 오류 vs 성공		Frontend - Web Accessibility	16	CHOICE	MEDIUM	오류 메시지는 즉시 읽혀야 하고, 성공 토스트는 흐름을 덜 방해하는 방식이 좋다. 가장 적절한 매칭은?	오류는 놓치면 작업을 진행할 수 없으니 더 강한 알림이 필요할 수 있습니다. 반면 성공 알림은 흐름을 깨지 않게 전달하는 편이 좋습니다. 면접에서는 polite/assertive 구분을 상황에 맞게 설명하는지 봅니다. 실무에서는 오류는 assertive로, 성공/상태는 polite로 두는 패턴이 흔합니다. 다만 모든 오류를 assertive로 하면 너무 시끄러울 수 있어, “치명도”에 따라 구분하는 센스가 중요합니다. 알림은 사용자 맥락과 우선순위를 고려해야 합니다.		오류 assertive, 성공 polite	TRUE	오류 polite, 성공 assertive	FALSE	둘 다 assertive	FALSE	둘 다 라이브 알림 불필요	FALSE	frontend	accessibility	a11y	aria
Q190	폼 자동완성(i18n)		Frontend - Web Accessibility	16	CHOICE	MEDIUM	국제화가 있는 서비스에서 aria-label로 한국어를 하드코딩해두면 생길 수 있는 문제로 가장 적절한 것은?	aria-label은 화면에 보이지 않아 번역 누락이 발생하기 쉽습니다. 화면은 영어로 바뀌었는데 스크린 리더는 한국어로 읽으면 사용자 혼란이 큽니다. 면접에서는 i18n 환경에서 접근성 텍스트 관리 방법을 묻기도 합니다. 실무에서는 aria-label도 번역 리소스를 통해 관리하거나, 가능하면 aria-labelledby로 화면 텍스트를 참조해 언어 일관성을 유지합니다. 또한 lang 속성과 결합해 발음/언어를 올바르게 설정하는 것도 중요합니다. 접근성 텍스트도 제품 텍스트의 일부로 관리해야 합니다.		언어 불일치로 안내가 혼란스러워질 수 있다	TRUE	성능이 떨어진다	FALSE	CSS가 깨진다	FALSE	브라우저가 자동 번역한다	FALSE	frontend	accessibility	a11y	i18n
Q191	placeholder의 한계		Frontend - Web Accessibility	16	CHOICE	MEDIUM	placeholder만으로 필드 설명/라벨을 대신하는 것이 접근성상 부족한 이유는?	placeholder는 입력하면 사라져 맥락을 잃게 됩니다. 또한 색 대비가 낮아 읽기 어려운 경우가 많고, 접근성 이름으로 처리되지 않는 경우도 있습니다. 면접에서는 placeholder는 라벨이 아니라는 점을 자주 강조합니다. 실무에서는 label을 항상 제공하고, 추가 안내는 도움말 텍스트로 분리하는 것이 좋습니다. placeholder는 예시(예: email example) 정도로 제한하는 편이 안전합니다. 라벨은 사용자가 입력 중에도 계속 확인 가능해야 합니다. 입력 오류도 줄어듭니다.		입력 중 사라지고 라벨/이름 역할을 충분히 못할 수 있다	TRUE	placeholder는 label보다 항상 낫다	FALSE	placeholder는 스크린 리더가 자동으로 label로 읽는다	FALSE	placeholder는 필수다	FALSE	frontend	accessibility	a11y	html
Q192	aria-hidden과 시각 숨김		Frontend - Web Accessibility	16	CHOICE	MEDIUM	화면에는 보이지만 스크린 리더에는 읽히지 않게 해야 하는 “순수 장식 텍스트”에 가장 가까운 처리는?	장식 텍스트(예: 배경 워터마크)는 읽히면 소음이 됩니다. aria-hidden을 사용하면 보조기기에서 제외할 수 있습니다. 면접에서는 시각 숨김과 aria-hidden의 차이를 물을 수 있습니다. 실무에서는 장식 요소는 CSS 배경으로 처리하는 편이 더 안전하기도 합니다. 만약 DOM에 있어야 한다면 aria-hidden으로 접근성 트리에서 제외합니다. 단, 장식이 실제 정보라면 숨기면 안 됩니다. 정보 전달은 항상 텍스트로도 제공되어야 합니다.		aria-hidden true로 보조기기에서 제외한다	TRUE	display none으로 숨긴다	FALSE	placeholder로 바꾼다	FALSE	title로 대체한다	FALSE	frontend	accessibility	a11y	aria
Q193	아이콘 폰트와 낭독		Frontend - Web Accessibility	16	CHOICE	MEDIUM	아이콘 폰트(예: i 태그로 아이콘 표시)가 스크린 리더에 쓸데없이 읽히는 문제를 줄이는 가장 적절한 방법은?	아이콘 폰트는 실제 문자 코드로 렌더링될 수 있어 보조기기에서 이상하게 읽힐 수 있습니다. 장식이라면 읽히지 않게 처리해야 합니다. 면접에서는 아이콘 구현 방식에 따른 접근성 차이를 묻기도 합니다. 실무에서는 장식 아이콘은 aria-hidden 처리하고, 버튼/링크에는 별도의 접근성 이름을 제공합니다. 또는 SVG로 전환해 더 명확히 제어하는 방법도 있습니다. 핵심은 “정보는 텍스트로, 장식은 숨김” 원칙입니다.		아이콘 요소를 aria-hidden 처리하고 이름은 별도로 제공한다	TRUE	아이콘을 더 크게 만든다	FALSE	아이콘을 bold 처리한다	FALSE	아이콘에 tabindex 0을 준다	FALSE	frontend	accessibility	a11y	ui
Q194	aria-live 스피너		Frontend - Web Accessibility	16	CHOICE	MEDIUM	로딩 스피너가 계속 돌 때 스크린 리더에 “로딩 중”을 반복적으로 읽히게 만들면 안 되는 이유는?	반복 낭독은 사용자에게 심한 방해가 됩니다. 로딩 상태는 한 번 안내하고, 완료 시점에 완료 메시지를 알려주는 방식이 더 적절합니다. 면접에서는 라이브 알림의 절제와 타이밍을 강조할 수 있습니다. 실무에서는 로딩 시작 시 짧게 알리고, 끝나면 결과를 안내합니다. 스피너 애니메이션 자체는 보조기기에 의미가 없으므로 텍스트 기반 안내가 필요합니다. 다만 과도한 알림은 피해야 합니다. 사용자의 현재 작업을 존중하는 것이 핵심입니다.		반복 낭독은 흐름을 방해하고 피로를 준다	TRUE	반복 낭독이 더 친절하다	FALSE	스피너는 자동으로 읽히지 않는다	FALSE	로딩은 접근성과 무관하다	FALSE	frontend	accessibility	a11y	aria
Q195	aria-describedby와 helper text		Frontend - Web Accessibility	16	CHOICE	MEDIUM	“비밀번호는 8자 이상” 같은 helper text를 input과 연결하는 올바른 방식은?	helper text는 입력 규칙을 알려 오류를 예방합니다. 단순히 화면에만 두면 스크린 리더 사용자가 입력 필드에서 그 정보를 놓칠 수 있습니다. 면접에서는 helper text를 어떻게 연결하냐고 물을 수 있습니다. 실무에서는 helper text에 id를 주고 input의 aria-describedby로 연결하는 방식이 흔합니다. 이렇게 하면 필드를 탐색할 때 규칙이 함께 읽힐 수 있습니다. 설명은 짧고 핵심만 두는 것이 좋습니다. 필요하면 자세한 설명은 별도 링크로 제공하는 편이 안전합니다.		helper text id를 aria-describedby로 연결한다	TRUE	helper text는 placeholder로 넣는다	FALSE	helper text는 title로 넣는다	FALSE	helper text는 색으로만 구분한다	FALSE	frontend	accessibility	a11y	aria
Q196	클릭 가능한 div의 tabindex		Frontend - Web Accessibility	16	CHOICE	MEDIUM	div에 onClick을 달아 버튼처럼 쓰면서 키보드로도 접근 가능하게 하려면 필수에 가까운 것은?	클릭 가능한 div는 기본적으로 포커스가 가지 않습니다. 키보드 사용자는 탭으로 접근할 수 없고, 엔터/스페이스로 활성화도 되지 않습니다. 면접에서는 “왜 네이티브 button을 써야 하는지”를 설명할 때 이 포인트가 자주 나옵니다. 실무에서 불가피하게 div를 쓴다면 tabindex 0으로 포커스 가능하게 하고, role button과 키 이벤트 처리까지 포함해야 합니다. 그래도 기본 접근성은 button보다 불리합니다. 가능한 경우 네이티브 요소로 돌아가는 것이 최선입니다.		tabindex 0과 role button, 키 이벤트 처리가 필요하다	TRUE	z-index를 올리면 된다	FALSE	padding만 늘리면 된다	FALSE	hover만 추가하면 된다	FALSE	frontend	accessibility	a11y	html
Q197	aria-live와 폼 제출 결과		Frontend - Web Accessibility	16	CHOICE	MEDIUM	폼 제출 후 서버 에러가 발생했을 때, 사용자가 즉시 인지하도록 돕는 접근으로 가장 적절한 것은?	서버 오류는 사용자가 다음 행동을 결정해야 하므로 명확히 안내되어야 합니다. 화면 상단에만 텍스트를 띄우면 스크린 리더/키보드 사용자는 놓칠 수 있습니다. 면접에서는 오류 요약, 포커스 이동, 라이브 알림 중 무엇을 선택할지 질문할 수 있습니다. 실무에서는 오류 요약 영역으로 포커스를 이동시키고, 그 영역을 라이브로 읽히게 하거나, 명확한 제목/메시지를 제공하는 방식이 효과적입니다. 단, 중복 낭독을 피하기 위해 한 가지 경로로 단순화하는 것이 좋습니다. 사용자가 “지금 실패했다”를 확실히 알아야 합니다. 다음 액션(재시도, 문의)을 안내하면 더 좋습니다.		오류 요약에 포커스를 이동시키고 명확한 메시지를 제공한다	TRUE	콘솔에만 출력한다	FALSE	오류는 빨간색만 바꾼다	FALSE	에러는 무시한다	FALSE	frontend	accessibility	a11y	ui
Q198	ARIA 첫 원칙		Frontend - Web Accessibility	16	CHOICE	MEDIUM	“가능하면 네이티브 HTML을 먼저 사용하라”는 ARIA 실무 원칙의 가장 큰 이유는?	네이티브 요소는 브라우저가 키보드, 포커스, 역할, 상태를 기본 지원합니다. 커스텀 구현은 이 모든 것을 직접 책임져야 하며 누락 위험이 큽니다. 면접에서는 ARIA 첫 원칙(Do not use ARIA) 같은 이야기가 자주 나옵니다. 실무에서는 커스텀 위젯이 늘수록 접근성 QA 비용이 폭증합니다. 네이티브를 쓰면 기본 접근성이 따라오고 유지보수도 쉬워집니다. ARIA는 부족한 부분을 보완하는 도구로 쓰는 게 가장 안전합니다.		네이티브 요소가 기본 접근성 동작을 이미 제공해 누락 위험이 줄어든다	TRUE	네이티브가 항상 더 예쁘다	FALSE	네이티브가 네트워크를 줄인다	FALSE	네이티브가 CSS를 자동 적용한다	FALSE	frontend	accessibility	a11y	html
Q199	role=img와 대체 텍스트		Frontend - Web Accessibility	16	CHOICE	MEDIUM	div로 만든 아이콘 그래픽을 스크린 리더에 “이미지로서” 읽히게 하고 싶다면 필요한 조합으로 가장 적절한 것은?	실제 img가 아니라면 역할과 이름을 직접 제공해야 합니다. role img로 역할을 부여하고, aria-label 또는 aria-labelledby로 접근성 이름을 줍니다. 면접에서는 “역할+이름” 세트를 이해하는지 확인할 수 있습니다. 실무에서는 가능하면 SVG/img를 쓰는 게 단순하지만, 불가피하면 이렇게 모델링합니다. 단, 장식이라면 읽히게 하지 말고 숨기는 것이 좋습니다. 정보인지 장식인지가 먼저 결정되어야 합니다. 또한 중복 낭독을 피하려면 주변 텍스트와 역할을 조정해야 합니다.		role img와 aria-label 또는 aria-labelledby	TRUE	role img만 있으면 된다	FALSE	aria-label만 있으면 된다	FALSE	tabindex만 주면 된다	FALSE	frontend	accessibility	a11y	aria
Q200	aria-label과 시각 텍스트 불일치		Frontend - Web Accessibility	16	CHOICE	MEDIUM	화면에 보이는 버튼 텍스트는 “구매”인데 aria-label은 “결제”로 되어 있다. 가장 문제가 되는 이유는?	시각 사용자와 스크린 리더 사용자가 서로 다른 정보를 받으면 협업/공유 맥락에서 혼란이 생깁니다. 또한 사용자가 도움을 요청할 때(“구매 버튼 눌러봐요”) 스크린 리더는 “결제 버튼”으로 읽어 불일치가 발생합니다. 면접에서는 접근성 텍스트도 제품 텍스트처럼 일관되게 관리해야 한다고 강조합니다. 실무에서는 aria-labelledby로 화면 텍스트를 참조하거나, aria-label을 화면 텍스트와 동일하게 유지해야 합니다. i18n에서도 같은 문제가 생기므로 번역 리소스로 함께 관리하는 것이 좋습니다. 일관성은 접근성의 신뢰를 만드는 요소입니다.		시각 텍스트와 낭독 텍스트 불일치로 사용자 혼란이 생긴다	TRUE	성능이 떨어진다	FALSE	CSS가 깨진다	FALSE	이미지 로딩이 느려진다	FALSE	frontend	accessibility	a11y	ui
Q201	접근성 이름 계산(Accessible Name Computation)		Frontend - Web Accessibility	16	CHOICE	HARD	버튼에 화면 텍스트가 있고 aria-label도 있을 때, 스크린 리더가 최종적으로 읽는 이름에 대한 설명으로 가장 올바른 것은?	접근성 이름은 단순히 텍스트만이 아니라 여러 소스의 우선순위 규칙으로 결정됩니다. aria-label을 주면 화면 텍스트보다 우선되어 이름이 덮어씌워질 수 있습니다. 이때 화면에 보이는 텍스트와 낭독되는 텍스트가 달라져 사용자 혼란이 생깁니다. 면접에서는 이름 계산의 우선순위와 중복 라벨 문제를 자주 묻습니다. 실무에서는 가능하면 aria-labelledby로 화면 텍스트를 참조하거나, 텍스트가 이미 충분하면 aria-label을 추가하지 않는 전략이 안전합니다.		aria-label은 화면 텍스트와 함께 항상 합쳐져 읽힌다	FALSE	aria-label이 있으면 보통 화면 텍스트보다 우선되어 이름을 대체할 수 있다	TRUE	aria-label은 CSS라서 낭독에 영향이 없다	FALSE	이름은 항상 title 속성만으로 결정된다	FALSE	frontend	accessibility	a11y	aria
Q202	라벨 인 네임(Label in Name)		Frontend - Web Accessibility	16	CHOICE	HARD	화면에 보이는 버튼 텍스트가 “검색”인데 접근성 이름은 “찾기”로 제공되면 문제가 되는 주요 이유는?	보이는 라벨과 접근성 이름이 다르면 음성 제어 사용자가 명령을 실패할 수 있습니다. 사용자가 화면에서 본 단어로 버튼을 호출했는데 낭독 이름이 다르면 매칭이 깨집니다. 이 이슈는 WCAG의 Label in Name 요구와도 연결됩니다. 면접에서는 음성 입력과 접근성 이름 일관성의 중요성을 물을 수 있습니다. 실무에서는 aria-labelledby로 화면 텍스트를 참조하거나, aria-label을 화면 텍스트를 포함하도록 맞추는 방식이 권장됩니다.		시각 라벨과 접근성 이름이 달라도 항상 문제 없다	FALSE	음성 제어와 보조기기 사용에서 라벨 매칭이 깨져 조작이 어려울 수 있다	TRUE	스크린 리더는 시각 라벨만 읽으므로 상관 없다	FALSE	문제는 오직 색 대비에서만 발생한다	FALSE	frontend	accessibility	a11y	wcag
Q203	포커스 어피어런스(Focus Appearance)		Frontend - Web Accessibility	16	CHOICE	HARD	커스텀 포커스 스타일을 만들 때 WCAG 2.2의 포커스 표시 요구와 가장 가까운 실무 원칙은?	포커스 표시가 약하면 키보드 사용자는 현재 위치를 잃습니다. 특히 단색 배경이 아닌 그라디언트나 이미지 배경에서는 포커스 링이 묻히기 쉽습니다. WCAG 2.2에서는 포커스 인디케이터의 가시성과 면적에 대한 요구가 강화되었습니다. 면접에서는 outline 제거 후 대안을 어떻게 설계하는지 묻기도 합니다. 실무에서는 다양한 배경에서도 확실히 구분되는 두꺼운 링, 대비 확보, 충분한 표시 영역을 확보하는 방식이 안전합니다.		outline을 완전히 제거하고 hover만 제공한다	FALSE	다양한 배경에서도 명확히 구분되도록 충분한 가시성과 표시 영역을 가진 포커스 스타일을 제공한다	TRUE	포커스 스타일은 마우스 사용자에게만 필요하다	FALSE	포커스는 애니메이션으로만 표현하면 된다	FALSE	frontend	accessibility	a11y	wcag
Q204	비텍스트 대비(Non Text Contrast)		Frontend - Web Accessibility	16	CHOICE	HARD	입력 필드의 테두리만으로 포커스 상태를 표현할 때, 접근성에서 특히 체크해야 할 항목은?	포커스와 상태는 텍스트가 아니라 UI 컴포넌트의 시각 요소로 전달되는 경우가 많습니다. 이때 테두리 색 대비가 낮으면 저시력 사용자는 상태 변화를 인지하기 어렵습니다. 이는 비텍스트 대비 요구와 연결됩니다. 면접에서는 텍스트 대비와 비텍스트 대비를 구분해 설명할 수 있는지 봅니다. 실무에서는 테두리, 아이콘, 포커스 링 등 UI 신호의 대비를 충분히 확보하고 다양한 배경에서도 테스트하는 것이 중요합니다.		글자 대비만 맞추면 테두리 대비는 무시해도 된다	FALSE	포커스 테두리 같은 UI 신호의 대비도 충분히 확보해야 한다	TRUE	대비는 다크모드에서만 중요하다	FALSE	대비는 이미지가 있을 때만 중요하다	FALSE	frontend	accessibility	a11y	wcag
Q205	텍스트 간격(Text Spacing)		Frontend - Web Accessibility	16	CHOICE	HARD	사용자가 브라우저 확장으로 줄간격과 글자간격을 크게 늘렸을 때 레이아웃이 깨지는 문제를 줄이려면 가장 적절한 설계는?	텍스트 간격 조정은 저시력과 난독 사용자에게 중요한 기능입니다. 고정 높이와 overflow hidden은 텍스트가 잘리게 만들어 접근성 문제로 이어집니다. 이는 WCAG의 텍스트 간격 관련 요구와 연결됩니다. 면접에서는 고정 레이아웃이 왜 위험한지 실무 사례로 설명하라고 할 수 있습니다. 실무에서는 유연한 높이, 충분한 line-height, 줄바꿈 허용, 상대 단위 중심 설계로 깨짐을 최소화합니다.		고정 높이와 overflow hidden을 적극 사용한다	FALSE	유연한 레이아웃과 상대 단위로 텍스트 간격 변화에도 깨지지 않게 설계한다	TRUE	텍스트를 이미지로 바꾸면 해결된다	FALSE	확대 기능을 막으면 된다	FALSE	frontend	accessibility	a11y	css
Q206	가상화 리스트 접근성(Virtualized List A11y)		Frontend - Web Accessibility	16	CHOICE	HARD	가상 스크롤 리스트에서 스크린 리더 탐색이 끊기거나 항목 수가 이상하게 안내되는 문제를 줄이기 위한 방향으로 가장 적절한 것은?	가상화는 DOM에 존재하는 항목만 렌더링하므로 보조기기 탐색이 중간에서 끊길 수 있습니다. 또한 총 항목 수, 현재 위치 같은 맥락이 사라져 사용자가 길을 잃기 쉽습니다. 면접에서는 성능 최적화와 접근성의 트레이드오프를 어떻게 다루는지 질문할 수 있습니다. 실무에서는 페이지네이션이나 더보기로 탐색 단위를 줄이거나, 필요한 경우 aria-setsize와 aria-posinset 같은 맥락 정보를 제공하는 전략을 검토합니다. 무엇보다 실제 스크린 리더로 스크롤과 탐색 플로우를 검증하는 것이 핵심입니다.		가상화는 접근성에 영향이 없으니 아무 처리 없이 둔다	FALSE	탐색 단위를 설계하거나 위치 맥락 정보를 제공해 보조기기 탐색 단절을 줄인다	TRUE	항목을 모두 display none으로 숨긴다	FALSE	hover 효과를 강화하면 해결된다	FALSE	frontend	accessibility	a11y	performance
Q207	라이브 영역 과다 알림(Live Region Noise)		Frontend - Web Accessibility	16	CHOICE	HARD	실시간 검색 결과가 타이핑할 때마다 aria-live로 계속 읽히면 발생하는 문제로 가장 적절한 것은?	라이브 알림이 너무 잦으면 사용자의 입력 흐름을 계속 끊습니다. 특히 스크린 리더는 낭독 큐가 쌓여 현재 입력보다 과거 메시지를 읽을 수 있습니다. 면접에서는 라이브 영역을 언제 쓰고 언제 절제해야 하는지 묻기도 합니다. 실무에서는 디바운스, 완료 시점 알림, 결과 수만 간단히 안내 등으로 빈도를 줄이는 전략이 필요합니다. 알림은 필요한 정보만, 필요한 타이밍에 주는 것이 접근성 품질을 결정합니다.		정보가 많을수록 좋아서 더 친절해진다	FALSE	낭독 과다로 입력 흐름이 깨지고 낭독 큐가 쌓여 혼란이 생길 수 있다	TRUE	aria-live는 한 번만 읽으므로 문제 없다	FALSE	스크린 리더는 라이브 영역을 무시한다	FALSE	frontend	accessibility	a11y	aria
Q208	드래그 앤 드롭 대체(Dragging Movements)		Frontend - Web Accessibility	16	CHOICE	HARD	드래그로만 순서를 바꾸는 리스트 UI에서 WCAG 2.2 관점으로 가장 적절한 보완은?	드래그 동작은 손 떨림이나 보조기기 사용자가 수행하기 어렵습니다. WCAG 2.2는 드래깅 동작에 대해 드래그 없이도 같은 결과를 얻을 수 있는 대체 수단 제공을 강조합니다. 면접에서는 드래그 UI를 접근성 있게 만드는 방법을 물을 수 있습니다. 실무에서는 위로 이동, 아래로 이동 같은 버튼, 키보드 단축키, 메뉴 기반 이동 등 대체 인터랙션을 제공합니다. 또한 이동 결과를 명확히 안내해 사용자가 현재 상태를 알 수 있게 해야 합니다.		드래그는 멋있으니 마우스만 지원해도 된다	FALSE	드래그 없이도 동일 결과를 낼 수 있는 버튼이나 키보드 대체 조작을 제공한다	TRUE	드래그 영역을 작게 만들면 된다	FALSE	색상만 바꾸면 해결된다	FALSE	frontend	accessibility	a11y	wcag
Q209	키보드 트랩 방지(Escape Path)		Frontend - Web Accessibility	16	CHOICE	HARD	서드파티 위젯이 모달 안에 들어가면서 탭 이동이 멈추는 키보드 트랩이 발생했다. 가장 올바른 대응 방향은?	키보드 트랩은 접근성에서 치명적인 문제로 간주됩니다. 모달 안에서 포커스 순환이 깨지면 사용자는 탈출할 수 없습니다. 면접에서는 트랩을 예방하는 기본 원칙과 테스트 방법을 묻습니다. 실무에서는 닫기 버튼과 ESC 같은 탈출 경로를 항상 제공하고, 포커스 트랩 로직이 서드파티 위젯에도 안전하게 동작하는지 검증해야 합니다. 문제가 지속되면 위젯 교체나 통합 방식 변경도 고려해야 합니다.		문제가 있어도 마우스가 있으니 괜찮다	FALSE	항상 탈출 경로를 제공하고 포커스 순환이 깨지지 않도록 위젯 통합을 재설계한다	TRUE	outline만 제거하면 해결된다	FALSE	툴팁을 추가하면 해결된다	FALSE	frontend	accessibility	a11y	testing
Q210	데이터 테이블 헤더 연결(Table Headers)		Frontend - Web Accessibility	16	CHOICE	HARD	행 헤더와 열 헤더가 동시에 있는 복잡한 표에서 특정 셀이 어떤 헤더에 속하는지 정확히 안내하려면 더 적절한 방법은?	단순 표는 th scope로 충분한 경우가 많지만, 복잡한 표는 scope만으로 맥락이 부족할 수 있습니다. 이때 th에 id를 부여하고 td의 headers 속성으로 관련 헤더 id를 연결하면 더 명확해집니다. 면접에서는 scope와 headers 방식의 차이를 묻기도 합니다. 실무에서는 표를 단순화할 수 있는지 먼저 검토하고, 불가피한 경우에만 headers 연결을 쓰는 편이 좋습니다. 올바르게 연결하면 스크린 리더가 셀을 읽을 때 행과 열 맥락을 함께 안내할 수 있습니다.		td에 style만 적용한다	FALSE	th id와 td headers로 명시적으로 헤더를 연결한다	TRUE	표는 div로 바꾸면 자동 해결된다	FALSE	alt 속성으로 표를 설명한다	FALSE	frontend	accessibility	a11y	html
Q211	aria-hidden 상위 적용(Ancestor Hidden)		Frontend - Web Accessibility	16	CHOICE	HARD	상위 컨테이너에 aria-hidden true가 붙었는데, 그 안의 버튼에만 aria-hidden false를 주면 버튼을 다시 읽을 수 있다. 올바른 설명은?	aria-hidden은 접근성 트리에서 제외하는 신호이며, 상위에 적용되면 하위도 함께 제외되는 것이 일반적입니다. 하위에 false를 준다고 해서 상위 제외를 쉽게 되돌릴 수 있다고 기대하면 위험합니다. 면접에서는 aria-hidden의 상속과 함정을 물을 수 있습니다. 실무에서는 숨겨야 할 영역은 명확히 분리하고, 숨김과 포커스 가능 요소가 함께 남지 않게 관리해야 합니다. 모달 배경을 숨길 때 특히 자주 발생하므로 구조 설계가 중요합니다.		하위에 false를 주면 언제나 복구된다	FALSE	상위가 hidden이면 하위도 제외되어 하위 false로 쉽게 복구된다고 보장할 수 없다	TRUE	aria-hidden은 CSS라 영향이 없다	FALSE	이 문제는 색 대비로 해결된다	FALSE	frontend	accessibility	a11y	aria
Q212	inert와 포커스 차단(Inert Background)		Frontend - Web Accessibility	16	CHOICE	HARD	모달이 열렸을 때 배경 클릭과 포커스를 동시에 막기 위한 접근으로 가장 적절한 것은?	배경을 단순히 어둡게 덮어도 키보드 포커스는 이동할 수 있습니다. 시각적 차단과 상호작용 차단은 별개입니다. 면접에서는 배경 비활성화 전략을 어떻게 선택하는지 묻기도 합니다. 실무에서는 배경 컨테이너를 inert 처리하거나, 포커스 트랩과 함께 배경 포커스 가능 요소를 비활성화하는 방식이 사용됩니다. 핵심은 모달 바깥으로 포커스가 나가지 않게 하고, 닫기 후 포커스를 복구하는 흐름까지 완성하는 것입니다.		오버레이만 깔면 충분하다	FALSE	배경을 상호작용 불가 상태로 만들고 포커스를 모달 내부로 제한한다	TRUE	배경에 애니메이션을 추가한다	FALSE	모달 제목만 바꾸면 된다	FALSE	frontend	accessibility	a11y	ui
Q213	prefers-reduced-motion 대응		Frontend - Web Accessibility	16	CHOICE	HARD	스크롤 패럴랙스와 큰 전환 애니메이션이 많은 페이지에서 멀미를 줄이기 위한 가장 적절한 대응은?	모션 민감 사용자에게 강한 애니메이션은 실제 신체적 불편을 유발할 수 있습니다. 운영체제의 reduced motion 설정을 존중하면 사용자가 원하는 방식으로 모션을 줄일 수 있습니다. 면접에서는 prefers-reduced-motion을 알고 있는지, 어떤 애니메이션을 줄여야 하는지 묻기도 합니다. 실무에서는 모션을 제거하거나 단순화하고, 자동 재생되는 효과를 최소화합니다. 또한 상호작용 기반 애니메이션도 과하면 문제가 될 수 있어 선택적으로 적용하는 것이 좋습니다.		모든 사용자에게 더 강한 애니메이션을 적용한다	FALSE	prefers-reduced-motion에 따라 애니메이션을 제거하거나 단순화한다	TRUE	애니메이션은 접근성과 무관하다	FALSE	애니메이션은 색 대비만 맞추면 된다	FALSE	frontend	accessibility	a11y	css
Q214	상태 변경 알림과 포커스		Frontend - Web Accessibility	16	CHOICE	HARD	아코디언을 펼쳤더니 콘텐츠가 DOM에 추가되지만 포커스는 헤더에 그대로 있다. 사용자가 콘텐츠 추가를 인지하도록 돕는 올바른 접근은?	상태 변화는 시각적으로는 보이지만 보조기기에는 충분히 전달되지 않을 수 있습니다. 헤더 버튼의 aria-expanded 동기화는 기본이고, 필요하면 추가된 콘텐츠의 핵심 정보를 간결히 안내하는 전략이 필요합니다. 면접에서는 상태 전달을 name role value 관점으로 설명할 수 있는지 봅니다. 실무에서는 펼쳐진 영역에 제목이 있고 사용자가 다음 탭으로 자연스럽게 들어가게 설계하거나, 변화 알림을 최소한으로 제공하는 방식이 좋습니다. 무조건 포커스를 옮기는 것은 오히려 사용자를 놀라게 할 수 있어 맥락에 맞게 선택해야 합니다.		aria-expanded를 상태와 동기화하고 사용 흐름을 깨지 않게 변화 인지를 돕는다	TRUE	무조건 콘텐츠 첫 요소로 포커스를 강제 이동한다	FALSE	아무 처리 없이 두면 자동으로 인지한다	FALSE	색상을 바꾸면 충분하다	FALSE	frontend	accessibility	a11y	aria
Q215	메뉴 패턴과 방향키		Frontend - Web Accessibility	16	CHOICE	HARD	role menu를 적용한 컴포넌트에서 접근성 품질을 좌우하는 핵심 요구로 가장 적절한 것은?	menu 패턴은 특정 키보드 조작 규칙이 기대됩니다. 단순히 role만 붙이고 탭키로만 이동하게 두면 보조기기 사용자가 혼란을 겪습니다. 면접에서는 ARIA 역할을 붙이면 그 역할의 상호작용 모델까지 구현해야 한다는 점을 강조합니다. 실무에서는 메뉴 아이템의 포커스 이동이 방향키 중심으로 동작하고, ESC로 닫히며, 현재 항목이 명확히 안내되어야 합니다. 가능하면 사이트 내비게이션은 menu가 아니라 nav 구조를 쓰는 것이 더 적절한 경우가 많습니다.		role만 붙이면 동작은 자동으로 맞춰진다	FALSE	해당 패턴의 키보드 상호작용 모델까지 구현해야 한다	TRUE	hover만 지원하면 충분하다	FALSE	메뉴는 마우스 전용이어도 된다	FALSE	frontend	accessibility	a11y	aria
Q216	오류 제안(Error Suggestion)		Frontend - Web Accessibility	16	CHOICE	HARD	폼 오류 메시지에 대한 접근성 좋은 설계로 가장 적절한 것은?	단순히 오류라고만 말하면 사용자는 무엇을 고쳐야 할지 알기 어렵습니다. 오류 원인과 수정 방법을 함께 제안하면 성공률이 크게 올라갑니다. 면접에서는 오류 메시지 품질과 접근성 기준을 연결해 설명하는지 봅니다. 실무에서는 입력 형식 예시, 허용 범위, 다음 행동을 구체적으로 안내하고, 해당 필드와 메시지를 describedby로 연결합니다. 또한 오류 요약과 첫 오류 포커스 이동까지 결합하면 전체 폼 경험이 좋아집니다.		오류라고만 표시하고 이유는 숨긴다	FALSE	무엇이 문제인지와 어떻게 수정할지 구체적으로 제안한다	TRUE	오류는 빨간색으로만 표시한다	FALSE	오류는 콘솔 로그로만 남긴다	FALSE	frontend	accessibility	a11y	wcag
Q217	캔버스 콘텐츠 대체(Canvas Alternatives)		Frontend - Web Accessibility	16	CHOICE	HARD	canvas로 차트를 그렸을 때 접근성 확보를 위한 가장 적절한 접근은?	canvas는 픽셀 기반 렌더링이라 보조기기가 내부 정보를 직접 해석하기 어렵습니다. 따라서 같은 정보를 텍스트나 표로 제공하는 대체 경로가 필요합니다. 면접에서는 시각화 콘텐츠의 대체 제공 전략을 묻기도 합니다. 실무에서는 캔버스 옆에 데이터 테이블, 요약 문장, 다운로드 가능한 데이터 등으로 동일 정보를 제공합니다. 또한 키보드로 데이터 포인트를 탐색해야 한다면 별도의 DOM 기반 인터랙션 레이어를 설계해야 합니다.		canvas는 이미지와 같으니 alt만 넣으면 끝이다	FALSE	동일 정보를 텍스트나 표 등 보조기기가 이해할 수 있는 대체 형태로 제공한다	TRUE	색상만 바꾸면 해결된다	FALSE	캔버스는 접근성 고려가 불필요하다	FALSE	frontend	accessibility	a11y	ui
Q218	콘텐츠 생성 CSS(Content Pseudo)		Frontend - Web Accessibility	16	CHOICE	HARD	중요한 텍스트 정보를 CSS ::before content로만 표시하는 것이 위험한 이유로 가장 적절한 것은?	CSS로 생성된 콘텐츠는 보조기기에서 일관되게 읽히지 않을 수 있습니다. 그래서 화면에는 보이지만 스크린 리더에는 누락되는 정보가 생깁니다. 면접에서는 정보는 DOM 텍스트로 제공하라는 원칙을 자주 강조합니다. 실무에서는 필수, 신규, 배지 같은 핵심 정보는 실제 텍스트로 넣고 시각 스타일만 CSS로 처리하는 것이 안전합니다. 장식 목적의 기호만 pseudo 요소로 만들고, 의미 정보는 항상 접근 가능한 방식으로 제공해야 합니다.		CSS 생성 텍스트는 보조기기에서 누락될 수 있어 핵심 정보 전달에 부적절할 수 있다	TRUE	CSS 생성 텍스트는 항상 스크린 리더가 읽는다	FALSE	CSS 생성 텍스트는 DOM에 자동 저장된다	FALSE	이 문제는 폰트만 바꾸면 해결된다	FALSE	frontend	accessibility	a11y	css
Q219	라우팅과 제목 업데이트(Document Title)		Frontend - Web Accessibility	16	CHOICE	HARD	SPA에서 라우트 변경 시 document title을 갱신하는 것이 접근성에 중요한 이유는?	화면은 바뀌었지만 보조기기 사용자에게는 전환이 명확하지 않을 수 있습니다. document title은 화면 전환을 인지하고 현재 위치를 파악하는 중요한 단서가 됩니다. 면접에서는 SPA에서 무엇을 업데이트해야 하는지 질문이 나올 수 있습니다. 실무에서는 title을 페이지 내용과 일치시키고, 필요하면 main 제목으로 포커스를 이동시켜 전환을 더 분명히 합니다. 제목 업데이트는 SEO뿐 아니라 접근성 내비게이션에도 직접 도움이 됩니다.		title은 검색엔진용이라 접근성과 무관하다	FALSE	현재 페이지 맥락을 보조기기가 인지하는 데 도움이 되어 전환 이해가 쉬워진다	TRUE	title은 항상 고정해야 안정적이다	FALSE	title은 CSS로 정한다	FALSE	frontend	accessibility	a11y	ui
Q220	ARIA 상태와 실제 동작 일치		Frontend - Web Accessibility	16	CHOICE	HARD	aria-disabled true를 적용한 버튼이 여전히 클릭되거나 키보드로 활성화된다면 가장 올바른 설명은?	ARIA는 의미를 전달하지만, 네이티브 disabled처럼 동작을 자동으로 막지 않을 수 있습니다. 그래서 상태 표시와 실제 동작이 불일치하면 사용자 혼란이 커집니다. 면접에서는 name role value뿐 아니라 실제 상호작용이 일치하는지 강조합니다. 실무에서는 aria-disabled를 쓸 때 클릭 핸들러 차단, 키 이벤트 차단, 포커스 정책까지 함께 설계해야 합니다. 가능하면 네이티브 disabled를 사용해 동작과 상태를 동시에 보장하는 것이 가장 안전합니다.		aria-disabled는 의미 전달이므로 동작 차단 로직을 별도로 구현해야 할 수 있다	TRUE	aria-disabled면 자동으로 동작이 완전히 차단된다	FALSE	aria-disabled는 CSS 속성이다	FALSE	문제는 오직 색 대비에서만 발생한다	FALSE	frontend	accessibility	a11y	aria
Q221	Roving Tabindex(로빙 탭인덱스)		Frontend - Web Accessibility	16	CHOICE	HARD	그리드/메뉴 같은 복합 위젯에서 “탭은 위젯 단위로만 이동하고, 위젯 내부 이동은 방향키로” 구현할 때 대표 패턴은?	복합 위젯에서 모든 항목을 tabindex 0으로 두면 탭 이동이 과도하게 길어집니다. roving tabindex는 내부 항목 중 하나만 tabindex 0(포커스 가능)으로 두고 나머지는 -1로 관리하며, 방향키로 활성 항목을 바꾸는 패턴입니다. 면접에서는 왜 positive tabindex를 피하고 roving을 쓰는지 질문이 자주 나옵니다. 실무에서는 메뉴바, 탭 리스트, 라디오 그룹 대체 UI, 커스텀 리스트박스 등에서 활용됩니다. 핵심은 “탭 이동은 최소화하고 내부는 논리적 키 조작을 제공”하는 것입니다. 상태와 포커스가 항상 동기화되어야 하며, ESC/홈/엔드 같은 키 지원도 고려해야 합니다.		모든 항목에 tabindex 1을 준다	FALSE	roving tabindex 패턴을 사용한다	TRUE	aria-hidden만 적용한다	FALSE	role img를 적용한다	FALSE	frontend	accessibility	a11y	keyboard
Q222	aria-activedescendant(활성 항목)		Frontend - Web Accessibility	16	CHOICE	HARD	입력 요소가 포커스를 유지한 채로 리스트 항목만 “활성” 상태로 이동시키고 싶을 때(예: 콤보박스 제안 목록) 관련 속성은?	콤보박스/오토컴플리트에서는 실제 포커스를 리스트로 옮기면 입력이 끊기거나 IME 경험이 나빠질 수 있습니다. aria-activedescendant는 포커스는 컨테이너/입력에 두고, 활성 항목의 id를 참조해 “현재 어디가 선택/활성인지”를 보조기기에 알릴 때 사용됩니다. 면접에서는 roving tabindex와 activedescendant의 차이를 묻기도 합니다. 실무에서는 활성 항목 id의 안정성, 스크롤 동기화, aria-selected/expanded 등의 상태 일관성이 중요합니다. 잘못 구현하면 낭독이 엉키거나 항목을 건너뛰는 문제가 생깁니다. 실제 스크린 리더로 테스트가 필수입니다.		aria-activedescendant	TRUE	aria-atomic	FALSE	aria-modal	FALSE	aria-valuemax	FALSE	frontend	accessibility	a11y	aria
Q223	Combobox 패턴(ARIA)		Frontend - Web Accessibility	16	CHOICE	HARD	오토컴플리트 입력 + 제안 목록 UI를 ARIA 콤보박스 패턴으로 구현할 때 가장 중요한 상태 동기화 조합은?	콤보박스는 단순히 목록을 보여주는 UI가 아니라 “열림 상태, 활성 항목, 선택 상태”가 모두 일관돼야 합니다. 보통 aria-expanded로 열림/닫힘, aria-controls로 목록 연결, aria-activedescendant로 활성 항목을 표현합니다. 면접에서는 어떤 속성이 왜 필요한지 설명하게 합니다. 실무에서는 입력 값 변경 시 목록을 열지/닫지 기준, ESC/Enter/ArrowDown 동작, 선택 후 포커스 유지 등을 정교하게 설계해야 합니다. 또한 목록 항목의 role(option)과 선택 상태(aria-selected)도 맞춰야 합니다. ARIA 패턴은 “역할+상태+키보드 모델”이 한 세트라는 점이 핵심입니다.		aria-expanded, aria-controls, aria-activedescendant를 상태와 함께 일관되게 동기화한다	TRUE	aria-hidden만 붙이면 된다	FALSE	title만 있으면 충분하다	FALSE	tabindex 양수로 순서를 강제하면 된다	FALSE	frontend	accessibility	a11y	aria
Q224	Tab 패턴 키보드		Frontend - Web Accessibility	16	CHOICE	HARD	탭 UI에서 키보드 접근성(ARIA Authoring Practices)에 가장 가까운 동작은?	탭은 일반적으로 Tab 키로 탭 리스트에 진입하고, 좌우 화살표로 탭을 이동하며, 선택된 탭만 aria-selected true가 됩니다. 또한 탭 패널은 탭에 의해 제어되며, aria-controls/aria-labelledby 연결이 필요합니다. 면접에서는 탭에서 방향키 동작과 focus/selection 분리를 묻기도 합니다. 실무에서는 자동 활성화(이동 즉시 선택) vs 수동 활성화(Enter/Space로 선택) 중 하나를 명확히 선택해야 합니다. 두 방식이 섞이면 사용자가 혼란을 느낍니다. 탭 패널의 포커스 가능 요소로 자연스럽게 이동되도록 설계하는 것도 중요합니다.		탭 이동은 마우스로만 가능하게 한다	FALSE	탭 리스트에서 방향키로 탭 이동을 지원하고 선택 상태를 aria-selected로 표현한다	TRUE	탭은 모두 tabindex 0으로 두고 Tab으로만 이동한다	FALSE	탭 패널을 aria-hidden으로만 처리한다	FALSE	frontend	accessibility	a11y	keyboard
Q225	Focus vs Selection 분리		Frontend - Web Accessibility	16	CHOICE	HARD	리스트에서 방향키로 “포커스만 이동”하고 Enter로 “선택 확정”하는 설계를 하는 주된 이유는?	포커스 이동과 선택이 항상 같아야 하는 것은 아닙니다. 방향키 탐색 중에 즉시 선택이 바뀌면 화면 내용이 계속 바뀌어 사용자가 탐색을 방해받을 수 있습니다. 면접에서는 focus와 selection을 분리하는 이유(인지 부담, 예측 가능성)를 묻습니다. 실무에서는 특히 큰 콘텐츠가 바뀌는 마스터-디테일 UI에서 수동 활성화가 유리합니다. 반대로 탭처럼 즉시 전환이 자연스러운 UI도 있어 맥락 판단이 필요합니다. 중요한 건 “일관된 규칙”을 제공하는 것입니다. 보조기기 사용자에게도 같은 규칙이 전달되도록 ARIA 상태를 맞춰야 합니다.		탐색 중 화면 변화를 최소화해 인지 부담을 줄이고 예측 가능성을 높인다	TRUE	Enter 키가 비활성화되기 때문이다	FALSE	스크린 리더는 방향키를 지원하지 않는다	FALSE	CSS 애니메이션 때문입니다	FALSE	frontend	accessibility	a11y	ux
Q226	Speech Recognition과 Name		Frontend - Web Accessibility	16	CHOICE	HARD	음성 제어 사용자(“클릭 검색” 등)를 고려할 때, 접근성 이름을 화면 텍스트와 일치시키는 것이 중요한 이유는?	음성 제어는 화면에 보이는 라벨을 기반으로 요소를 호출하는 경우가 많습니다. 접근성 이름이 화면 라벨과 다르면 명령이 실패하거나, 사용자가 버튼을 찾지 못합니다. 면접에서는 Label in Name 개념을 이해하는지 확인합니다. 실무에서는 아이콘 버튼의 aria-label을 화면 라벨과 동일하게 하거나, 화면 텍스트를 aria-labelledby로 참조하면 일관성이 좋아집니다. 또한 축약어/동의어를 임의로 쓰면 문제가 커질 수 있습니다. 접근성 텍스트도 UX 문구의 일부로 관리하는 것이 중요합니다.		음성 명령 매칭이 깨질 수 있어 조작 성공률이 떨어진다	TRUE	스크린 리더만 쓰면 음성 제어는 필요 없다	FALSE	label은 SEO에만 영향 있다	FALSE	aria-label은 자동 번역되므로 상관 없다	FALSE	frontend	accessibility	a11y	wcag
Q227	aria-current의 올바른 사용		Frontend - Web Accessibility	16	CHOICE	HARD	내비게이션에서 현재 페이지 링크를 표시할 때 aria-current의 올바른 값 선택으로 가장 적절한 것은?	aria-current는 현재 항목임을 나타내는 속성으로, 보통 페이지 내비게이션에서는 page 값을 쓰는 경우가 많습니다. 면접에서는 aria-current의 의미와 값 종류(page, step, location 등)를 묻기도 합니다. 실무에서는 시각적 강조(색상/굵기)와 함께 aria-current를 제공하면 보조기기에서도 “현재 위치”가 명확해집니다. 단, 한 번에 하나의 항목에만 적용하는 것이 원칙입니다. 또한 라우팅 변경 시 aria-current가 정확히 업데이트되도록 상태 관리를 해야 합니다.		aria-current="page"	TRUE	aria-current="modal"	FALSE	aria-current="pressed"	FALSE	aria-current="hidden"	FALSE	frontend	accessibility	a11y	aria
Q228	Region Landmark 전략		Frontend - Web Accessibility	16	CHOICE	HARD	스크린 리더 사용자가 큰 페이지에서 빠르게 이동하기 위해 활용하는 대표 수단으로 가장 적절한 것은?	스크린 리더는 헤딩, 랜드마크, 링크 목록 등 다양한 탐색 모드를 제공합니다. 랜드마크(main, nav, header, footer, aside 등)는 페이지 구조를 빠르게 점프하는 핵심 수단입니다. 면접에서는 “왜 시맨틱 태그가 중요한지”를 랜드마크 관점으로 설명할 수 있어야 합니다. 실무에서는 nav를 여러 개 둘 때 aria-label로 구분하는 것도 중요합니다. 랜드마크를 과도하게 쪼개면 오히려 목록이 복잡해질 수 있으니 균형이 필요합니다. 잘 설계된 랜드마크는 사용자 시간을 크게 줄입니다.		랜드마크(예: main, nav)와 헤딩 구조를 활용한 탐색	TRUE	애니메이션 스크롤	FALSE	z-index 조절	FALSE	이미지 최적화	FALSE	frontend	accessibility	a11y	html
Q229	중복 랜드마크 구분		Frontend - Web Accessibility	16	CHOICE	HARD	같은 페이지에 nav가 2개(상단 글로벌 내비 + 페이지 내 목차)가 있을 때, 접근성상 가장 좋은 처리 방법은?	동일 랜드마크가 여러 개면 스크린 리더에서 “nav”가 여러 번 나타나 구분이 어렵습니다. 이때 aria-label 또는 aria-labelledby로 각 nav의 이름을 구분해 주는 것이 좋습니다. 면접에서는 랜드마크 이름 부여 전략을 묻기도 합니다. 실무에서는 “주요 내비게이션”, “페이지 목차”처럼 용도를 반영한 이름을 제공합니다. 또한 필요 이상으로 많은 nav를 만들지 않는 구조 설계도 중요합니다. 이름은 화면 텍스트와 일관되게 관리하는 편이 안전합니다.		aria-label 또는 aria-labelledby로 각 nav의 이름을 구분한다	TRUE	nav를 모두 div로 바꾼다	FALSE	nav 하나만 남기고 나머지는 제거한다	FALSE	title 속성만 추가한다	FALSE	frontend	accessibility	a11y	aria
Q230	aria-live와 다국어(lang)		Frontend - Web Accessibility	16	CHOICE	HARD	영어 페이지에서 한국어 문장이 라이브 알림으로 낭독될 때 발음이 이상하다. 가장 적절한 해결 방향은?	스크린 리더는 문서의 언어(lang) 정보를 참고해 발음 규칙을 적용합니다. 페이지가 영어인데 알림이 한국어면 발음이 어색해질 수 있습니다. 면접에서는 다국어 콘텐츠 처리에서 lang 속성 활용을 아는지 질문할 수 있습니다. 실무에서는 한국어 문장이 들어가는 구간에 lang="ko"를 적용해 발음과 낭독 품질을 개선합니다. 반대로 한국어 페이지에서 영어 고유명사는 lang="en"이 도움될 수 있습니다. 또한 번역 리소스가 제대로 적용되어 언어가 섞이지 않도록 관리하는 것이 중요합니다.		해당 문장/영역에 적절한 lang 속성을 적용한다	TRUE	글자를 더 크게 만든다	FALSE	aria-live를 제거한다	FALSE	색상 대비를 올린다	FALSE	frontend	accessibility	a11y	i18n
Q231	focus-visible 사용		Frontend - Web Accessibility	16	CHOICE	HARD	마우스 클릭 시 포커스 링이 과하게 보여 디자인 이슈가 생길 때, 접근성을 해치지 않으면서 해결하는 방향은?	포커스 링을 아예 없애면 키보드 사용자는 위치를 잃습니다. 대신 키보드 탐색일 때만 포커스 표시를 강화하고, 마우스 상호작용에는 불필요한 링을 줄이는 전략이 가능합니다. :focus-visible은 이런 목적을 위해 설계되었습니다. 면접에서는 outline 제거 대신 focus-visible로 해결하는 접근을 말할 수 있으면 좋습니다. 실무에서는 브라우저 지원을 고려해 폴리필이나 점진적 적용을 검토합니다. 또한 어떤 배경에서도 충분히 보이는 포커스 스타일은 유지해야 합니다. “디자인 vs 접근성”을 조화시키는 대표 방법입니다.		:focus만 쓰고 :focus-visible은 쓰지 않는다	FALSE	:focus-visible을 활용해 키보드 탐색 시에만 포커스 표시를 강화한다	TRUE	outline을 완전히 제거한다	FALSE	포커스는 애니메이션으로만 표시한다	FALSE	frontend	accessibility	a11y	css
Q232	aria-keyshortcuts(단축키 안내)		Frontend - Web Accessibility	16	CHOICE	HARD	웹앱에서 “/ 키로 검색창 열기” 같은 단축키를 제공할 때, 보조기기에 단축키 정보를 전달하는 데 관련 있는 속성은?	복잡한 웹앱은 키보드 단축키가 생산성을 크게 올립니다. 하지만 보조기기 사용자는 단축키 존재를 알기 어렵습니다. aria-keyshortcuts는 요소와 연관된 키보드 단축키를 표현하는 데 쓰일 수 있습니다. 면접에서는 단축키 제공 시 충돌(브라우저/스크린리더 단축키)과 재정의 위험도 함께 질문할 수 있습니다. 실무에서는 단축키를 커스터마이즈 가능하게 하거나, 도움말 패널에서 명확히 안내하는 것이 좋습니다. 또한 입력 중에는 단축키가 오동작하지 않게 컨텍스트를 제한해야 합니다. 단축키는 “안내+충돌 회피+비활성 조건”이 세트입니다.		aria-keyshortcuts	TRUE	aria-valuenow	FALSE	aria-atomic	FALSE	aria-rowindex	FALSE	frontend	accessibility	a11y	aria
Q233	키보드 단축키 충돌		Frontend - Web Accessibility	16	CHOICE	HARD	전역 단축키를 설계할 때 접근성 측면에서 가장 주의해야 할 사항은?	스크린 리더는 자체 단축키를 많이 사용합니다(탐색 모드, 헤딩 점프 등). 전역 단축키가 이를 가로채면 보조기기 사용이 불가능해질 수 있습니다. 면접에서는 단축키 충돌과 비활성 조건(입력 필드 포커스 시 제외)을 강조합니다. 실무에서는 사용자 설정으로 끄기/변경을 제공하고, 입력 중에는 단축키를 무시하는 정책을 둡니다. 또한 OS/브라우저 기본 단축키와도 충돌하지 않도록 해야 합니다. 단축키는 편의 기능이지만 잘못 설계하면 치명적 장애가 됩니다.		스크린 리더/브라우저 기본 단축키와의 충돌 및 입력 컨텍스트 오동작	TRUE	단축키는 많을수록 좋다	FALSE	단축키는 마우스 사용자에게만 필요하다	FALSE	단축키는 CSS로만 해결된다	FALSE	frontend	accessibility	a11y	keyboard
Q234	aria-describedby vs aria-errormessage		Frontend - Web Accessibility	16	CHOICE	HARD	폼 오류 메시지를 “오류 전용 메시지”로 명시적으로 연결하고 싶을 때, describedby 외에 고려할 수 있는 ARIA 속성은?	aria-describedby는 일반 설명/도움말에도 쓰여 오류 전용 의미가 흐려질 수 있습니다. aria-errormessage는 오류 메시지와의 관계를 표현하는 데 사용될 수 있고, aria-invalid와 함께 쓰는 경우가 많습니다. 면접에서는 폼 오류 모델링(aria-invalid, errormessage, live region)을 얼마나 체계적으로 이해하는지 묻기도 합니다. 실무에서는 브라우저/스크린 리더 지원 편차가 있어 테스트가 중요합니다. 또한 메시지의 id가 항상 존재하도록 관리해야 합니다. 오류는 “어떤 필드가 문제인지”를 빠르게 찾게 만드는 것이 핵심입니다.		aria-errormessage	TRUE	aria-haspopup	FALSE	aria-busy	FALSE	aria-level	FALSE	frontend	accessibility	a11y	aria
Q235	aria-invalid 상태 관리		Frontend - Web Accessibility	16	CHOICE	HARD	사용자가 아직 입력을 시작하지 않았는데 모든 필드에 aria-invalid true를 미리 주는 것이 좋지 않은 이유는?	초기부터 invalid를 켜면 사용자는 시작부터 “실패” 상태를 마주하게 됩니다. 이는 인지 부담을 높이고, 스크린 리더 사용자에게도 불필요한 오류 낭독을 유발할 수 있습니다. 면접에서는 검증 타이밍(blur, submit, touched) 설계를 묻기도 합니다. 실무에서는 사용자가 상호작용한 뒤(touched) 또는 제출 시점에 오류 상태를 표시하는 것이 일반적입니다. 이렇게 하면 불필요한 경고를 줄이고 실제로 도움이 되는 순간에만 안내할 수 있습니다. 상태는 사용자 행동과 일치해야 신뢰를 얻습니다.		불필요한 오류 낭독과 부정적 경험을 만들어 검증 UX가 나빠진다	TRUE	미리 invalid를 주면 성능이 좋아진다	FALSE	invalid는 시각 사용자에게만 보인다	FALSE	invalid는 CSS 속성이다	FALSE	frontend	accessibility	a11y	ux
Q236	로딩 상태와 포커스 보존		Frontend - Web Accessibility	16	CHOICE	HARD	목록을 새로 로딩하는 동안 DOM을 통째로 교체해 포커스가 사라지는 문제가 있다. 접근성 관점에서 가장 올바른 대응은?	포커스는 사용자의 현재 위치입니다. 로딩 때문에 포커스를 잃으면 키보드/보조기기 사용자는 “어디로 갔는지” 모르게 됩니다. 면접에서는 DOM 교체로 인한 포커스 손실과 복구 전략을 물을 수 있습니다. 실무에서는 가능한 한 포커스가 있는 요소는 유지하거나, 교체가 불가피하면 로딩 전/후에 포커스를 합리적인 위치로 복구합니다. 또한 aria-busy로 업데이트 중임을 표현하고, 완료 시점에 간단히 알려주면 맥락이 좋아집니다. 무작정 top으로 보내는 방식은 피해야 합니다. 포커스 관리는 상태 관리와 함께 설계해야 합니다.		포커스를 보존하거나 로딩 후 합리적 위치로 복구하고 상태를 안내한다	TRUE	로딩이면 포커스를 항상 body로 보낸다	FALSE	포커스는 브라우저가 알아서 처리한다	FALSE	스크롤만 유지하면 된다	FALSE	frontend	accessibility	a11y	ui
Q237	읽기 순서와 CSS 재배치		Frontend - Web Accessibility	16	CHOICE	HARD	CSS Grid로 시각 순서를 크게 바꿨더니 스크린 리더 읽기 순서가 어색하다. 가장 근본적인 해결 방향은?	스크린 리더는 주로 DOM 순서를 기반으로 읽습니다. CSS로 시각 위치를 바꿔도 DOM 논리 순서가 바뀌지 않으면 읽기 순서가 어긋납니다. 면접에서는 “DOM은 논리 순서, CSS는 표현” 원칙을 설명할 수 있어야 합니다. 실무에서는 DOM을 의미 흐름대로 구성하고, 필요한 경우에만 시각 배치를 조정합니다. order 속성이나 grid 배치는 최소화하고, 포커스/읽기 순서를 시각 순서와 가깝게 맞추는 것이 중요합니다. 접근성은 “보이지 않는 사용자”에게도 동일한 정보 구조를 제공하는 일입니다.		DOM 순서를 논리적인 읽기 흐름에 맞게 재구성한다	TRUE	aria-label을 추가하면 해결된다	FALSE	색 대비를 높이면 해결된다	FALSE	이미지 용량을 줄이면 해결된다	FALSE	frontend	accessibility	a11y	html
Q238	우선순위 큐와 assertive		Frontend - Web Accessibility	16	CHOICE	HARD	aria-live assertive를 남발했을 때 생길 수 있는 대표 문제는?	assertive는 현재 낭독을 끊고 우선 읽을 수 있어 강력합니다. 남발하면 사용자의 탐색과 입력이 계속 중단되고, 중요한 정보와 덜 중요한 정보의 구분이 무너집니다. 면접에서는 polite/assertive 선택 기준을 말해보라고 할 수 있습니다. 실무에서는 정말 즉시 주의가 필요한 오류나 보안/결제 같은 핵심 이벤트에만 제한적으로 씁니다. 나머지는 polite로 두거나 사용자가 확인할 수 있는 영역에 표시하는 방식이 좋습니다. 알림은 “우선순위”가 핵심입니다. 우선순위가 뒤섞이면 접근성도 UX도 무너집니다.		낭독이 계속 끊겨 사용 흐름이 망가지고 정보 우선순위가 붕괴한다	TRUE	assertive는 한 번만 동작하므로 문제 없다	FALSE	assertive는 스크린 리더가 무시한다	FALSE	assertive는 색 대비에만 영향을 준다	FALSE	frontend	accessibility	a11y	aria
Q239	Dialog 이름 제공(Accessible Name)		Frontend - Web Accessibility	16	CHOICE	HARD	모달 다이얼로그가 “대화상자”로만 읽히고 제목이 안내되지 않는다. 가장 먼저 점검할 부분은?	다이얼로그는 이름(제목)이 있어야 사용자가 맥락을 즉시 이해합니다. role dialog/alertdialog에서는 aria-labelledby로 제목을 연결하거나 aria-label로 이름을 제공할 수 있습니다. 면접에서는 “dialog의 accessible name 제공”을 체크리스트로 말할 수 있어야 합니다. 실무에서는 제목 요소의 id가 없거나, 조건부 렌더링으로 제목이 DOM에 없을 때 문제가 자주 발생합니다. 또한 제목이 시각적으로만 존재하고 실제 텍스트가 아니면 연결이 깨질 수 있습니다. 이름이 없다면 사용자는 무엇을 해야 하는지 파악하기 어렵습니다. 이름 제공은 모달 접근성의 기본입니다.		aria-labelledby 또는 aria-label로 다이얼로그 이름이 제공되는지 확인한다	TRUE	z-index가 낮은지 확인한다	FALSE	box-shadow를 줄인다	FALSE	폰트를 키운다	FALSE	frontend	accessibility	a11y	aria
Q240	모달 배경 스크롤 락과 접근성		Frontend - Web Accessibility	16	CHOICE	HARD	모달을 열 때 배경 스크롤을 막는(scroll lock) 처리에서 접근성 관점으로 가장 중요한 이유는?	배경이 스크롤되면 시각 사용자도 혼란스럽지만, 키보드/스크린 리더 사용자는 현재 맥락을 더 쉽게 잃습니다. 특히 포커스가 모달 안에 있는데 배경이 움직이면 “내가 어디에 있는지” 감각이 깨집니다. 면접에서는 모달에서 배경 상호작용 차단의 필요성을 설명하게 합니다. 실무에서는 스크롤 락만으로는 부족하고, 포커스 트랩과 배경 포커스 차단이 함께 있어야 합니다. 또한 스크롤 락 구현이 iOS에서 버그를 만들기도 하므로 안정적인 구현이 중요합니다. 핵심은 모달이 “단일 작업 공간”이 되도록 환경을 통제하는 것입니다.		모달 맥락을 유지하고 배경과의 상호작용 혼란을 줄이기 위해 중요하다	TRUE	스크롤 락은 성능 최적화용이다	FALSE	스크롤 락은 SEO에만 필요하다	FALSE	스크롤 락은 색 대비를 올린다	FALSE	frontend	accessibility	a11y	ui
Q241	alt 텍스트(Alt Text)		Frontend - Web Accessibility	16	OX	EASY	정보 전달용 이미지에는 alt로 이미지의 의미를 설명해야 한다.	alt는 이미지가 보이지 않거나 보조기기를 사용하는 경우에도 정보를 전달하기 위한 핵심 수단입니다. 정보성 이미지에 alt가 비어 있으면 내용이 누락되어 사용자가 맥락을 이해하기 어렵습니다. 면접에서는 “장식용은 비우고, 정보성은 의미를 써라”처럼 구분 기준을 자주 묻습니다. 실무에서는 파일명이나 “이미지” 같은 설명은 도움이 적고, 사용 목적(무엇을 알려주나)을 중심으로 작성하는 게 좋습니다. 또한 링크/버튼 안의 이미지라면 “무엇을 하는지(목적)”를 alt나 라벨로 전달해야 접근성이 좋아집니다.		O	TRUE	X	FALSE					frontend	accessibility	a11y	html
Q242	장식 이미지(Decorative Image)		Frontend - Web Accessibility	16	OX	EASY	장식용 이미지는 alt를 빈 문자열로 두는 것이 일반적으로 적절하다.	장식 이미지는 정보 전달이 목적이 아니어서 스크린 리더가 읽으면 소음이 됩니다. 이때 alt를 빈 문자열로 두면 보조기기가 해당 이미지를 건너뛰어 UX가 좋아집니다. 면접에서는 “alt를 아예 빼는 것”과 “alt를 비우는 것” 차이를 물어볼 수 있습니다. 실무에서는 장식 이미지는 CSS 배경으로 빼는 것도 좋은 방법입니다. 단, 장식처럼 보여도 실제로 의미(상태/경고)를 전달한다면 장식 취급하면 안 되고 텍스트로도 정보를 제공해야 합니다.		O	TRUE	X	FALSE					frontend	accessibility	a11y	html
Q243	시맨틱 태그(Semantic HTML)		Frontend - Web Accessibility	16	OX	EASY	버튼 역할을 하는 요소는 가능하면 div 대신 button 태그를 쓰는 것이 좋다.	button은 기본적으로 키보드 조작(Enter/Space), 포커스 이동, 역할(role) 등이 이미 갖춰져 있습니다. div로 버튼을 만들면 tabindex, 키 이벤트, role 등을 직접 구현해야 하고 누락 위험이 큽니다. 면접에서는 “왜 네이티브 요소를 우선하나”를 자주 물어봅니다. 실무에서는 재사용 버튼 컴포넌트를 만들어도 내부는 button을 유지하는 것이 안정적입니다. 접근성은 ARIA를 많이 붙이는 것보다, 올바른 시맨틱을 쓰는 것에서 출발합니다.		O	TRUE	X	FALSE					frontend	accessibility	a11y	html
Q244	키보드 포커스(Keyboard Focus)		Frontend - Web Accessibility	16	OX	EASY	키보드 사용자는 Tab 키로 인터랙티브 요소에 이동할 수 있어야 한다.	웹 접근성에서 “키보드로 전부 조작 가능”은 기본 요구에 가깝습니다. Tab 이동이 안 되면 마우스를 쓰기 어려운 사용자는 기능 자체를 사용할 수 없게 됩니다. 면접에서는 키보드 접근성 실패 사례(클릭만 가능, 포커스 숨김)를 많이 묻습니다. 실무에서는 버튼/링크/입력 외에 커스텀 UI(드롭다운, 모달)에서 포커스 이동이 깨지기 쉬우니 주의해야 합니다. 또한 포커스가 어디 있는지 시각적으로 보이게 하는 것도 함께 중요합니다.		O	TRUE	X	FALSE					frontend	accessibility	a11y	keyboard
Q245	포커스 표시(Focus Indicator)		Frontend - Web Accessibility	16	OX	EASY	outline을 제거하더라도, 대체 포커스 스타일을 제공하면 접근성에 도움이 된다.	outline을 무조건 제거하면 키보드 사용자는 현재 위치를 찾기 어렵습니다. 하지만 디자인 이유로 기본 outline을 바꿀 수는 있고, 그 경우 충분히 눈에 띄는 포커스 스타일을 제공해야 합니다. 면접에서는 “outline: none 하면 안 된다”를 실무 포인트로 자주 얘기합니다. 실무에서는 대비가 충분한 링/그림자/테두리 등으로 포커스를 명확하게 표시합니다. 다양한 배경(흰색, 어두운 색, 이미지)에서도 보이는지 QA하는 습관이 중요합니다.		O	TRUE	X	FALSE					frontend	accessibility	a11y	css
Q246	label 연결(Label)		Frontend - Web Accessibility	16	OX	EASY	input에는 label을 연결하면 스크린 리더가 필드 이름을 더 정확히 안내할 수 있다.	label은 폼 필드가 “무엇을 입력하는 곳인지”를 명확히 해줍니다. 스크린 리더는 label을 접근성 이름으로 사용해 필드를 읽어주기 때문에, label이 없으면 사용자가 필드 목적을 놓칠 수 있습니다. 면접에서는 label-for 방식과 label 감싸기 방식 둘 다 알고 있는지 묻기도 합니다. 실무에서는 placeholder만으로 라벨을 대체하면 입력 중 사라져 혼란이 커질 수 있어 피하는 편이 좋습니다. 오류 메시지와 helper text도 함께 연결하면 폼 경험이 크게 좋아집니다.		O	TRUE	X	FALSE					frontend	accessibility	a11y	html
Q247	placeholder(플레이스홀더)		Frontend - Web Accessibility	16	OX	EASY	placeholder는 label을 완전히 대체할 수 있으므로 label이 없어도 괜찮다.	placeholder는 입력하면 사라지므로 사용자가 입력 중에 맥락을 잃기 쉽습니다. 또한 보조기기에서 라벨처럼 처리되지 않는 경우가 있고, 대비가 낮아 읽기 어려운 상황도 흔합니다. 면접에서는 “placeholder는 라벨이 아니다”가 자주 나오는 포인트입니다. 실무에서는 label을 기본으로 두고, placeholder는 예시(예: name@example.com) 정도로 제한하는 것이 안전합니다. 폼의 정확도와 완료율을 높이려면 라벨과 도움말 구조를 분리해 설계하는 것이 좋습니다.		O	FALSE	X	TRUE					frontend	accessibility	a11y	html
Q248	링크 텍스트(Link Text)		Frontend - Web Accessibility	16	OX	EASY	“여기 클릭” 같은 모호한 링크 텍스트는 접근성 측면에서 좋지 않다.	링크는 목록으로 모아 탐색하는 사용자도 많아서, 링크 텍스트만 봐도 목적이 드러나야 합니다. “여기 클릭”은 문맥이 없으면 무엇으로 이동하는지 알 수 없습니다. 면접에서는 좋은 링크 텍스트 작성 원칙을 질문하기도 합니다. 실무에서는 “지원하기 페이지로 이동”, “가격 정책 보기”처럼 목적 중심 문구를 씁니다. 같은 페이지에 같은 링크 텍스트가 반복되면 더 혼란스러우니, 필요한 경우 보조 텍스트(aria-label/숨김 텍스트)로 구분합니다.		O	TRUE	X	FALSE					frontend	accessibility	a11y	html
Q249	색상만으로 정보 전달(Color Only)		Frontend - Web Accessibility	16	OX	EASY	오류 상태를 빨간색 테두리만으로 표시해도 충분하다.	색상 인지는 개인차가 크고, 색각 이상 사용자에게는 정보가 전달되지 않을 수 있습니다. 그래서 오류는 아이콘, 텍스트 메시지, 패턴 등 다른 신호로도 함께 제공해야 합니다. 면접에서는 “색만으로 구분하면 안 된다”가 단골 질문입니다. 실무에서는 “오류: 비밀번호는 8자 이상”처럼 텍스트로 원인과 해결을 제시하는 것이 가장 효과적입니다. 테두리 색은 보조 신호로 두고, 핵심 정보는 텍스트로 전달하는 습관이 중요합니다.		O	FALSE	X	TRUE					frontend	accessibility	a11y	ui
Q250	헤딩 구조(Headings)		Frontend - Web Accessibility	16	OX	EASY	h1~h6 제목 태그는 문서 구조를 나타내므로, 크기만 보고 임의로 사용하면 좋지 않다.	헤딩은 스크린 리더 사용자가 문서를 빠르게 훑는 핵심 네비게이션 수단입니다. 크기 때문에 임의로 레벨을 쓰면 구조가 깨지고 탐색이 어려워집니다. 면접에서는 “헤딩은 스타일이 아니라 구조”라는 답을 기대하는 경우가 많습니다. 실무에서는 제목 레벨을 먼저 설계하고, 크기는 CSS로 조절하는 것이 정석입니다. 컴포넌트 기반 UI에서는 상위에서 레벨을 통제하거나, heading 레벨을 props로 받는 설계가 도움이 됩니다.		O	TRUE	X	FALSE					frontend	accessibility	a11y	html
Q251	ARIA 우선순위(Use Native First)		Frontend - Web Accessibility	16	OX	EASY	ARIA 속성을 많이 붙이면 div로 만든 커스텀 버튼도 네이티브 button과 거의 동일해진다.	ARIA는 의미를 전달하는 도구이지, 키보드 동작과 포커스 처리를 자동으로 만들어주지 않습니다. div 버튼은 키보드 활성화, 포커스 스타일, disabled 동작 등을 직접 구현해야 하며 누락이 매우 흔합니다. 면접에서는 “ARIA는 마지막 수단” 원칙을 자주 묻습니다. 실무에서는 가능한 한 네이티브 요소를 쓰고, 필요한 경우에만 최소한의 ARIA로 보완하는 전략이 안전합니다. ARIA를 과하게 쓰면 오히려 불일치와 유지보수 비용이 커질 수 있습니다.		O	FALSE	X	TRUE					frontend	accessibility	a11y	aria
Q252	이미지 버튼(Image-only Button)		Frontend - Web Accessibility	16	OX	EASY	아이콘만 있는 버튼에는 스크린 리더가 읽을 수 있는 이름(aria-label 등)이 필요할 수 있다.	아이콘-only 버튼은 화면 텍스트가 없어서 접근성 이름이 비어 있을 위험이 큽니다. 그러면 스크린 리더가 “버튼”만 읽거나, 의미 없는 이름으로 읽을 수 있습니다. 면접에서는 아이콘 버튼 라벨링을 매우 자주 물어봅니다. 실무에서는 aria-label을 제공하거나, 화면에는 숨기고 보조기기에는 읽히는 텍스트를 넣는 방식이 사용됩니다. 또한 시각 텍스트와 라벨이 불일치하지 않도록 관리해야 음성 제어 사용자도 편하게 사용할 수 있습니다.		O	TRUE	X	FALSE					frontend	accessibility	a11y	aria
Q253	스킵 링크(Skip Link)		Frontend - Web Accessibility	16	OX	EASY	스킵 링크는 반복되는 내비게이션을 건너뛰고 본문으로 바로 이동할 수 있게 돕는다.	스킵 링크는 키보드 사용자에게 매우 유용한 기능입니다. 매 페이지마다 같은 메뉴를 지나야 하면 탐색 비용이 커지는데, 스킵 링크는 이를 줄여줍니다. 면접에서는 스킵 링크의 목적과 구현 위치를 자주 묻습니다. 실무에서는 페이지 최상단에 두고, main 콘텐츠 시작점으로 이동하게 연결합니다. 스킵 링크가 포커스를 받을 때만 보이도록 스타일링하는 패턴도 흔합니다. 결과적으로 탐색 속도와 만족도가 크게 올라갑니다.		O	TRUE	X	FALSE					frontend	accessibility	a11y	html
Q254	페이지 타이틀(Document Title)		Frontend - Web Accessibility	16	OX	EASY	SPA에서도 라우트 전환 시 document title을 갱신하는 것은 접근성에 도움이 된다.	document title은 사용자가 “지금 어디에 있는지”를 파악하는 중요한 단서입니다. SPA는 페이지 전체가 새로고침되지 않으므로 title이 그대로면 전환 인지가 어려울 수 있습니다. 면접에서는 SPA 접근성에서 title 업데이트와 포커스 이동을 함께 이야기하는지 봅니다. 실무에서는 각 라우트에 맞는 title을 설정하고, 필요하면 main 제목으로 포커스를 이동시켜 전환을 더 확실히 알립니다. 이는 접근성뿐 아니라 탭 관리와 히스토리 탐색에도 도움 됩니다.		O	TRUE	X	FALSE					frontend	accessibility	a11y	ui
Q255	비디오 자막(Captions)		Frontend - Web Accessibility	16	OX	EASY	음성이 중요한 동영상에는 자막 제공이 접근성에 도움이 된다.	자막은 청각 장애 사용자뿐 아니라, 소리를 켤 수 없는 환경(지하철, 사무실)에서도 도움이 됩니다. 면접에서는 “자막/대본/수어” 같은 대체 수단을 알고 있는지 묻기도 합니다. 실무에서는 자동 자막 품질이 낮을 수 있어, 중요한 콘텐츠는 검수된 자막을 제공하는 것이 좋습니다. 또한 소리 없이도 이해 가능하게 자막에 중요한 효과음 정보(문 닫힘 소리 등)를 포함하는 경우가 있습니다. 멀티미디어 접근성은 사용자 범위를 크게 확장합니다.		O	TRUE	X	FALSE					frontend	accessibility	a11y	media
Q256	aria-label 남용		Frontend - Web Accessibility	16	OX	EASY	화면에 텍스트가 있는 버튼에도 aria-label을 항상 추가하는 것이 가장 좋은 습관이다.	화면 텍스트가 이미 접근성 이름을 제공한다면 aria-label을 추가하는 것은 오히려 위험할 수 있습니다. 텍스트와 aria-label이 불일치하면 혼란이 생기고, 번역 누락 같은 유지보수 문제가 생깁니다. 면접에서는 “ARIA는 필요할 때만” 원칙을 자주 확인합니다. 실무에서는 아이콘-only 버튼처럼 이름이 부족한 경우에만 aria-label을 쓰는 것이 안전합니다. 이미 충분한 이름이 있으면 중복을 만들지 않는 것이 낭독 품질에 좋습니다.		O	FALSE	X	TRUE					frontend	accessibility	a11y	aria
Q257	테이블 용도(Table Semantics)		Frontend - Web Accessibility	16	OX	EASY	레이아웃을 맞추기 위해 표(table)를 쓰는 것은 일반적으로 접근성에 권장된다.	table은 데이터 관계(행/열 헤더) 표현에 쓰는 시맨틱입니다. 레이아웃 목적으로 쓰면 스크린 리더가 데이터를 읽는 것처럼 안내해 혼란이 큽니다. 면접에서는 “표는 데이터용”이라는 원칙을 자주 묻습니다. 실무에서는 레이아웃은 CSS(Grid/Flex)로 해결하고, 데이터 표에는 th/scope 같은 헤더 구조를 올바르게 적용합니다. 표를 쓰면 키보드 탐색과 낭독 흐름이 달라지므로 반드시 의도를 맞춰야 합니다. 의미를 잘못 쓰면 접근성이 떨어집니다.		O	FALSE	X	TRUE					frontend	accessibility	a11y	html
Q258	폼 오류 메시지(Error Message)		Frontend - Web Accessibility	16	OX	EASY	폼 오류는 “무엇이 문제인지”와 “어떻게 고치는지”를 텍스트로 알려주면 접근성에 도움이 된다.	오류는 사용자가 다음 행동을 결정해야 하므로 정보가 명확해야 합니다. “오류입니다”만 있으면 원인을 찾기 어려워 실패가 반복됩니다. 면접에서는 오류 메시지 설계(원인+해결)와 연결(aria-describedby 등)을 이야기할 수 있으면 좋습니다. 실무에서는 오류 메시지를 해당 입력과 연결해 필드에 들어올 때도 안내되게 합니다. 또한 폼 상단 오류 요약을 제공하면 여러 오류를 빠르게 파악할 수 있습니다. 접근성은 결국 “성공적으로 작업을 끝내게 돕는 것”에 가깝습니다.		O	TRUE	X	FALSE					frontend	accessibility	a11y	ui
Q259	tabindex 양수(Positive Tabindex)		Frontend - Web Accessibility	16	OX	EASY	tabindex에 1, 2 같은 양수 값을 많이 쓰면 키보드 접근성이 더 좋아진다.	양수 tabindex로 탭 순서를 강제하면 유지보수가 매우 어려워지고, 동적 UI에서 예측 불가능한 순서가 되기 쉽습니다. 또한 브라우저 기본 탐색 흐름과 충돌해 사용자가 혼란을 겪을 수 있습니다. 면접에서는 “양수 tabindex는 피하라”가 자주 등장합니다. 실무에서는 DOM 순서를 논리적으로 만들고, 필요한 경우 roving tabindex(0과 -1 관리)를 적용하는 것이 더 안전합니다. 탭 순서는 “구조”로 해결하는 게 기본입니다. 강제로 맞추기보다 자연스럽게 설계하는 편이 접근성 품질이 좋습니다.		O	FALSE	X	TRUE					frontend	accessibility	a11y	keyboard
Q260	aria-hidden(aria hidden)		Frontend - Web Accessibility	16	OX	EASY	장식용 아이콘을 스크린 리더가 읽지 않게 하려면 aria-hidden true를 고려할 수 있다.	장식 아이콘은 정보가 아니므로 읽히면 소음이 됩니다. aria-hidden true를 주면 접근성 트리에서 제외되어 낭독이 줄어들 수 있습니다. 면접에서는 장식 요소 처리(aria-hidden, empty alt, CSS 배경)를 구분해 설명할 수 있으면 좋습니다. 실무에서는 아이콘-only 버튼처럼 아이콘이 의미를 갖는 경우엔 숨기면 안 되고, 버튼 자체에 접근성 이름을 제공해야 합니다. 또한 aria-hidden을 상위에 잘못 걸면 필요한 요소까지 숨겨질 수 있으니 범위를 정확히 지정하는 것이 중요합니다. 목적은 “필요한 정보만” 전달하는 것입니다.		O	TRUE	X	FALSE					frontend	accessibility	a11y	aria
Q261	aria-live(aria live)		Frontend - Web Accessibility	16	OX	EASY	중요한 상태 변화(예: 저장 실패)를 사용자가 놓치지 않게 하려면 aria-live 영역을 활용할 수 있다.	aria-live는 화면 변화가 생겼을 때 보조기기 사용자에게 변화를 전달하는 대표 방법입니다. 저장 실패처럼 사용자의 다음 행동에 영향을 주는 이벤트는 놓치면 작업이 멈출 수 있습니다. 면접에서는 polite와 assertive를 언제 쓰는지로 확장 질문이 나올 수 있습니다. 실무에서는 너무 자주 읽히면 방해가 되므로 “중요한 이벤트만” 알리도록 설계합니다. 또한 라이브 영역을 써도 사용자에게 보이는 메시지 자체가 명확해야 효과가 있습니다. 결국 핵심은 상태 변화를 인지시키는 일관된 경로를 제공하는 것입니다.		O	TRUE	X	FALSE					frontend	accessibility	a11y	aria
Q262	aria-live 남발		Frontend - Web Accessibility	16	OX	EASY	모든 UI 변화에 aria-live를 붙이면 접근성이 항상 좋아진다.	라이브 알림이 과하면 사용자의 탐색과 입력 흐름이 계속 끊깁니다. 특히 실시간 타이핑이나 카운터 증가 같은 잦은 변화는 낭독 큐를 쌓아 혼란을 키울 수 있습니다. 면접에서는 “접근성은 과잉 안내가 아니라 필요한 안내”라는 관점을 자주 확인합니다. 실무에서는 오류, 제출 결과, 중요한 완료 이벤트처럼 우선순위가 높은 것만 선택적으로 알립니다. 나머지는 사용자가 확인할 수 있는 영역에 표시하고 필요 시에만 안내하는 편이 좋습니다. 적절한 빈도와 우선순위 조절이 접근성 품질을 결정합니다.		O	FALSE	X	TRUE					frontend	accessibility	a11y	aria
Q263	제목(title) 속성		Frontend - Web Accessibility	16	OX	EASY	title 속성만으로 버튼의 접근성 이름을 제공하는 것은 안정적인 방법이다.	title은 일부 환경에서만 힌트로 읽히고, 모바일/터치 환경에서는 기대한 방식으로 보이지 않기도 합니다. 또한 스크린 리더가 title을 언제 어떻게 읽는지도 일관적이지 않을 수 있습니다. 면접에서는 title에 과도하게 의존하면 안 된다는 점을 짚기도 합니다. 실무에서는 화면 텍스트, label, aria-label, aria-labelledby 같은 더 명확한 방법을 우선합니다. title은 보조 힌트 정도로만 쓰고, 핵심 라벨 역할은 다른 방식으로 제공하는 게 안전합니다. 접근성은 “일관된 지원”이 핵심입니다.		O	FALSE	X	TRUE					frontend	accessibility	a11y	html
Q264	링크와 버튼 구분		Frontend - Web Accessibility	16	OX	EASY	페이지 이동(네비게이션)은 보통 링크(a)가, 동작 수행(삭제/저장)은 보통 버튼(button)이 더 적절하다.	링크는 “이동”을 의미하고, 버튼은 “행동”을 의미하는 시맨틱이 다릅니다. 이 구분은 키보드/스크린 리더 사용자가 인터랙션을 예측하는 데 도움을 줍니다. 면접에서는 “a를 버튼처럼 쓰면 왜 위험한가” 같은 질문이 나올 수 있습니다. 실무에서는 라우팅 이동은 링크로, 모달 열기나 폼 제출 같은 액션은 버튼으로 모델링하는 편이 좋습니다. 시맨틱이 맞으면 기본 접근성 동작이 자연스럽게 따라옵니다. 디자인은 CSS로 맞추고 의미는 태그로 맞추는 습관이 중요합니다.		O	TRUE	X	FALSE					frontend	accessibility	a11y	html
Q265	aria-label 번역(i18n)		Frontend - Web Accessibility	16	OX	EASY	다국어 서비스에서는 aria-label 같은 접근성 텍스트도 번역 리소스로 함께 관리하는 것이 좋다.	접근성 텍스트는 화면에 안 보이기 때문에 번역 누락이 자주 생깁니다. 언어가 섞이면 사용자는 “화면은 영어인데 읽기는 한국어” 같은 혼란을 겪을 수 있습니다. 면접에서는 i18n 환경에서 접근성 텍스트까지 관리하는지 확인하기도 합니다. 실무에서는 aria-label도 i18n 키로 관리하거나, 가능하면 aria-labelledby로 화면 텍스트를 참조해 언어 일관성을 유지합니다. 또한 문서/구간 lang 속성으로 발음을 맞추는 것도 도움이 됩니다. 접근성도 제품 텍스트의 일부라는 관점이 중요합니다.		O	TRUE	X	FALSE					frontend	accessibility	a11y	i18n
Q266	lang 속성		Frontend - Web Accessibility	16	OX	EASY	페이지의 기본 언어를 html lang으로 지정하면 스크린 리더 발음과 안내 품질에 도움이 된다.	html lang은 스크린 리더가 어떤 언어 규칙으로 읽을지 결정하는 중요한 정보입니다. 설정이 없으면 발음이 부정확해지거나, 문장 단위 언어 전환이 어색할 수 있습니다. 면접에서는 기본 언어 설정과 다국어 구간 처리(lang="en"/"ko")를 물어볼 수 있습니다. 실무에서는 페이지 기본 lang을 정확히 지정하고, 외국어 인용구나 고유명사 구간에만 부분 lang을 적용하면 낭독 품질이 좋아집니다. 번역이 섞이는 SPA에서도 라우트마다 언어 변경 시 lang 갱신을 고려할 수 있습니다. 작은 설정이지만 사용자 체감이 큰 편입니다.		O	TRUE	X	FALSE					frontend	accessibility	a11y	html
Q267	시각 숨김(Visually Hidden)		Frontend - Web Accessibility	16	OX	EASY	화면에는 안 보이지만 스크린 리더에는 읽히게 하는 숨김 텍스트 기법이 있다.	아이콘-only 버튼이나 배지 같은 UI는 화면 텍스트가 없을 때가 많습니다. 이때 시각적으로 숨기되 스크린 리더에는 읽히는 텍스트를 제공하면 접근성 이름을 만들 수 있습니다. 면접에서는 sr-only, visually-hidden 같은 패턴을 아는지 묻기도 합니다. 실무에서는 display none이나 visibility hidden은 보조기기에도 숨겨버리므로 목적과 다릅니다. 올바른 CSS 기법으로 화면에서만 숨기고 접근성 트리에 남기는 것이 핵심입니다. 또한 숨김 텍스트도 제품 문구처럼 간결하고 명확해야 합니다.		O	TRUE	X	FALSE					frontend	accessibility	a11y	css
Q268	display none 영향		Frontend - Web Accessibility	16	OX	EASY	display none으로 숨긴 요소는 스크린 리더에서도 일반적으로 읽히지 않는다.	display none은 요소를 렌더 트리에서 제거하므로 보조기기에도 노출되지 않는 경우가 일반적입니다. 그래서 “접근성용 텍스트를 숨겨서 읽히게” 하고 싶을 때 display none을 쓰면 목적을 달성하지 못합니다. 면접에서는 “어떤 숨김이 접근성 트리에서 제외되는가”를 물을 수 있습니다. 실무에서는 장식 요소는 display none으로 숨겨도 되지만, 안내 텍스트는 시각 숨김 패턴을 사용합니다. 또한 조건부 렌더링으로 DOM에서 사라지면 연결(aria-describedby 등)도 깨질 수 있어 주의해야 합니다. 숨김 목적에 따라 방법을 선택해야 합니다.		O	TRUE	X	FALSE					frontend	accessibility	a11y	css
Q269	키보드 조작 테스트		Frontend - Web Accessibility	16	OX	EASY	마우스를 쓰지 않고 Tab, Shift+Tab, Enter만으로 주요 기능을 써보는 테스트는 접근성 점검에 도움이 된다.	키보드 테스트는 가장 빠르고 효과적인 접근성 스모크 테스트입니다. 포커스 이동이 끊기거나, 포커스가 어디 있는지 안 보이거나, Enter로 작동하지 않는 부분을 쉽게 찾을 수 있습니다. 면접에서는 접근성 테스트 방법으로 “키보드만으로 써보기”를 많이 언급합니다. 실무에서는 추가로 ESC(모달 닫기), Space(버튼 활성화), 방향키(리스트/메뉴)도 함께 테스트하면 더 좋습니다. 자동화 도구로 잡히지 않는 포커스/동작 문제를 발견하는 데 특히 유용합니다. 작은 습관이 품질을 크게 올립니다.		O	TRUE	X	FALSE					frontend	accessibility	a11y	testing
Q270	자동재생(Autoplay)		Frontend - Web Accessibility	16	OX	EASY	소리가 있는 영상/오디오는 사용자 동의 없이 자동 재생하는 것이 일반적으로 바람직하다.	소리 자동 재생은 사용자에게 큰 방해가 되고, 보조기기 낭독과 충돌할 수 있습니다. 또한 공공장소나 업무 환경에서 사용자가 컨트롤하기 어려워 불편이 커집니다. 면접에서는 자동 재생이 왜 문제인지, 대안을 어떻게 제공할지 질문이 나올 수 있습니다. 실무에서는 자동 재생을 피하고, 필요하다면 음소거로 시작하거나 명확한 재생/일시정지 컨트롤을 제공해야 합니다. 사용자가 제어권을 갖는 것이 핵심입니다. 접근성은 “통제 가능성”과 깊게 연결됩니다.		O	FALSE	X	TRUE					frontend	accessibility	a11y	media
Q271	컨트롤 라벨링		Frontend - Web Accessibility	16	OX	EASY	“닫기” 아이콘 버튼처럼 텍스트가 없는 컨트롤은 aria-label 같은 라벨이 필요할 수 있다.	텍스트가 없는 컨트롤은 스크린 리더에서 이름이 비어 있을 가능성이 큽니다. 이름이 없으면 사용자가 버튼 목적을 알기 어렵고 조작 실패로 이어질 수 있습니다. 면접에서는 아이콘 버튼 라벨링이 단골 포인트입니다. 실무에서는 aria-label로 목적을 명확히 쓰고, 같은 페이지에 여러 “닫기”가 있다면 “검색 모달 닫기”처럼 구체화하는 게 좋습니다. 또한 라벨은 화면에 보이는 용어와 가능하면 일치시키면 음성 제어 사용자에게도 유리합니다. 라벨은 짧고 목적 중심으로 작성하는 것이 기본입니다.		O	TRUE	X	FALSE					frontend	accessibility	a11y	aria
Q272	aria-hidden 오용		Frontend - Web Accessibility	16	OX	EASY	클릭 가능한 버튼에 aria-hidden true를 주면 접근성이 좋아진다.	버튼을 aria-hidden으로 숨기면 스크린 리더 사용자는 그 버튼의 존재를 알 수 없어 기능을 사용할 수 없습니다. 이는 접근성을 “개선”하는 것이 아니라 기능을 제거하는 결과가 됩니다. 면접에서는 aria-hidden을 장식 요소에만 쓰고, 인터랙티브 요소에는 신중해야 한다고 강조합니다. 실무에서 자주 생기는 버그는 상위 컨테이너에 aria-hidden을 걸어 하위 버튼까지 숨겨버리는 경우입니다. 숨길 요소와 남길 요소를 구조적으로 분리하는 설계가 중요합니다. 접근성은 “가능하게 하는 것”이지 “숨기는 것”이 아닙니다.		O	FALSE	X	TRUE					frontend	accessibility	a11y	aria
Q273	폼 필수 표시(Required)		Frontend - Web Accessibility	16	OX	EASY	필수 입력 항목은 별표(*)만 표시하기보다 텍스트로도 ‘필수’임을 알리면 더 좋다.	별표는 관행이지만 의미가 명확하지 않을 수 있고, 보조기기에서 제대로 전달되지 않을 수 있습니다. 텍스트로 “필수”를 제공하면 누구나 이해하기 쉽고, 낭독에서도 더 명확해집니다. 면접에서는 필수/오류 상태를 어떻게 전달하는지 질문할 수 있습니다. 실무에서는 required 속성, aria-required, 안내 문구(‘* 필수’)를 조합해 전달하는 경우가 많습니다. 또한 색상만으로 필수를 구분하면 안 되고, 텍스트나 아이콘 등 추가 신호가 필요합니다. 사용자 실수를 줄이는 것이 접근성의 중요한 목표입니다.		O	TRUE	X	FALSE					frontend	accessibility	a11y	forms
Q274	대비(Contrast)		Frontend - Web Accessibility	16	OX	EASY	텍스트 색 대비가 낮으면 일부 사용자는 읽기 어렵기 때문에 대비를 고려해야 한다.	대비는 저시력 사용자, 모바일 야외 환경, 노화로 시력이 약해진 사용자에게 특히 중요합니다. 대비가 낮으면 글자가 “있는 것처럼 보이지만 읽히지 않는” 상황이 생깁니다. 면접에서는 최소 대비 기준을 외우기보다, 왜 대비가 필요한지 설명하는 능력을 보기도 합니다. 실무에서는 디자인 시스템 단계에서 기본 텍스트/서브 텍스트/비활성 텍스트 색을 검증해두면 안전합니다. 또한 다크모드에서도 대비가 충분한지 확인해야 합니다. 대비는 단순 규정이 아니라 가독성 품질의 핵심입니다.		O	TRUE	X	FALSE					frontend	accessibility	a11y	ui
Q275	링크 밑줄(Underlines)		Frontend - Web Accessibility	16	OX	EASY	본문 안 링크는 색상만 바꾸기보다 밑줄 같은 추가 표시가 있으면 식별에 도움이 된다.	링크를 색상만으로 구분하면 색각 이상 사용자나 대비가 낮은 환경에서 식별이 어려울 수 있습니다. 밑줄은 링크임을 직관적으로 알려주는 강력한 신호입니다. 면접에서는 “링크는 링크처럼 보여야 한다”는 UX 관점도 함께 나옵니다. 실무에서는 디자인상 밑줄을 줄이더라도 hover/focus에서 밑줄을 보이게 하거나, 아이콘/굵기 변화 등 비색상 신호를 함께 제공합니다. 중요한 건 사용자가 링크를 쉽게 구분하고 클릭 가능성을 예측하는 것입니다. 특히 콘텐츠 페이지에서는 링크 식별이 사용자 경험에 큰 영향을 줍니다.		O	TRUE	X	FALSE					frontend	accessibility	a11y	ux
Q276	aria-describedby 연결		Frontend - Web Accessibility	16	OX	EASY	입력 도움말(예: ‘8자 이상’)을 input과 연결하려면 aria-describedby를 활용할 수 있다.	aria-describedby는 필드의 보조 설명(도움말, 오류 설명 등)을 연결하는 대표적인 방법입니다. 사용자가 필드를 탐색할 때 설명이 함께 읽혀 입력 오류를 줄일 수 있습니다. 면접에서는 label과 describedby를 구분해 설명하는지 확인할 수 있습니다. 실무에서는 도움말 요소에 id를 부여하고 input의 aria-describedby에 연결합니다. 단, 도움말이 조건부로 사라지면 연결이 깨질 수 있으니 DOM 존재 보장도 중요합니다. 설명은 짧고 명확하게 유지해야 낭독 피로가 줄어듭니다.		O	TRUE	X	FALSE					frontend	accessibility	a11y	aria
Q277	스크린 리더 테스트 불필요		Frontend - Web Accessibility	16	OX	EASY	자동화 검사 도구만 통과하면 스크린 리더 테스트는 필요 없다.	자동화 도구는 많은 문제를 잡지만, 모든 문제를 잡아주지는 못합니다. 포커스 이동, 낭독 흐름, 라벨 품질 같은 것은 실제 사용 경험 테스트가 중요합니다. 면접에서는 접근성 테스트를 “도구 + 수동 테스트”로 설명할 수 있어야 합니다. 실무에서는 최소한 키보드-only 테스트와 간단한 스크린 리더 시나리오 테스트를 권장합니다. 또한 QA 단계에서 실제 사용자 피드백이 가장 강력한 신호가 되기도 합니다. 도구는 시작점이지 끝이 아닙니다.		O	FALSE	X	TRUE					frontend	accessibility	a11y	testing
Q278	이미지에 텍스트 포함		Frontend - Web Accessibility	16	OX	EASY	중요한 안내 문구를 이미지 안에만 넣어두면 텍스트 대체가 어려워 접근성에 불리할 수 있다.	이미지 안 텍스트는 확대 시 선명도가 떨어질 수 있고, 번역/검색/복사도 어렵습니다. 스크린 리더가 내용을 직접 읽을 수 없기 때문에 정보가 누락될 가능성이 큽니다. 면접에서는 “텍스트는 텍스트로 제공하라”는 원칙을 자주 묻습니다. 실무에서는 중요한 문구는 실제 텍스트로 제공하고, 이미지에는 보조 역할만 맡기는 것이 좋습니다. 불가피하면 alt로 동일 정보를 제공해야 하지만, 긴 문장은 alt에 넣기보다 주변에 텍스트로 제공하는 편이 더 안정적입니다. 유지보수와 접근성 모두에 유리합니다.		O	TRUE	X	FALSE					frontend	accessibility	a11y	content
Q279	폼 자동완성(autocomplete)		Frontend - Web Accessibility	16	OX	EASY	적절한 autocomplete 속성은 사용자 입력 부담을 줄여 접근성과 사용성에 도움이 될 수 있다.	autocomplete은 주소, 이메일, 이름처럼 반복 입력이 많은 필드에서 특히 유용합니다. 입력 부담이 줄면 오류도 줄고, 키보드/모바일 사용자에게도 편해집니다. 면접에서는 접근성과 UX의 접점을 설명하라고 할 때 좋은 예시가 됩니다. 실무에서는 올바른 토큰(email, name, address-line1 등)을 사용해야 브라우저가 정확히 자동완성을 제공합니다. 보안이 필요한 필드(예: 새 비밀번호)에서는 적절한 값(new-password)을 써야 혼란이 줄어듭니다. 또한 자동완성으로 값이 채워져도 라벨/상태가 깨지지 않게 UI를 설계해야 합니다. 입력 편의는 접근성의 중요한 축입니다.		O	TRUE	X	FALSE					frontend	accessibility	a11y	forms
Q280	role 남용		Frontend - Web Accessibility	16	OX	EASY	시맨틱 태그를 쓸 수 있는데도 role을 먼저 붙이는 것이 접근성에 항상 더 좋다.	시맨틱 태그는 브라우저가 기본 역할과 동작을 제공합니다. role로 흉내 내는 것은 동작을 자동으로 제공하지 못하고, 오히려 불일치가 생길 수 있습니다. 면접에서는 “role은 네이티브가 부족할 때만”이라는 원칙이 자주 등장합니다. 실무에서는 button, a, input 같은 네이티브 요소를 우선 사용하고, 필요한 경우에만 최소한의 role/ARIA로 보완합니다. role을 남발하면 접근성 트리가 복잡해지고 디버깅이 어려워집니다. 접근성은 “추가”보다 “올바른 기본”에서 시작합니다.		O	FALSE	X	TRUE					frontend	accessibility	a11y	aria
Q281	aria-expanded(aria expanded)		Frontend - Web Accessibility	16	OX	EASY	드롭다운이 열림/닫힘 상태를 나타낼 때 aria-expanded를 사용할 수 있다.	aria-expanded는 토글 가능한 컨트롤이 현재 확장(열림) 상태인지 표현하는 대표 속성입니다. 드롭다운, 아코디언, 메뉴 버튼 등에서 자주 사용됩니다. 면접에서는 aria-expanded가 실제 UI 상태와 “항상” 동기화되어야 한다는 점을 물을 수 있습니다. 실무에서는 클릭뿐 아니라 ESC, 바깥 클릭, 항목 선택 등 모든 닫힘 경로에서 값이 정확히 갱신되도록 해야 합니다. 상태가 틀리면 보조기기 안내가 잘못되어 사용자가 혼란을 겪습니다. 따라서 단일 상태 소스로 관리하고 테스트하는 습관이 중요합니다.		O	TRUE	X	FALSE					frontend	accessibility	a11y	aria
Q282	aria-expanded 고정		Frontend - Web Accessibility	16	OX	EASY	드롭다운이 실제로 닫혀 있어도 aria-expanded를 true로 고정해두면 문제 없다.	aria-expanded는 실제 상태를 반영해야 의미가 있습니다. 닫혀 있는데 true로 고정하면 스크린 리더는 “펼쳐짐”으로 안내해 사용자가 잘못된 기대를 갖게 됩니다. 면접에서는 ARIA가 ‘정확한 상태 전달’이 핵심이라고 자주 강조합니다. 실무에서는 상태 동기화가 깨지기 쉬우니, 닫힘 이벤트 경로를 모두 커버하는지 점검해야 합니다. 또한 상태가 바뀌면 시각적 변화와 접근성 상태가 함께 움직이도록 설계해야 합니다. 속성만 붙여놓고 방치하면 접근성 품질이 떨어집니다.		O	FALSE	X	TRUE					frontend	accessibility	a11y	aria
Q283	input type과 키보드		Frontend - Web Accessibility	16	OX	EASY	전화번호 입력에는 type="tel"을 쓰면 모바일에서 입력 키패드가 적절히 나와 사용성이 좋아질 수 있다.	type="tel"은 모바일에서 숫자 중심 키패드를 띄워 입력 부담을 줄여줍니다. 입력이 쉬워지면 오류가 줄고, 보조기기 사용자나 한 손 사용자에게도 도움이 됩니다. 면접에서는 접근성과 사용성의 연결을 설명할 때 좋은 예시가 됩니다. 실무에서는 type="number"가 오히려 불편할 수 있어(앞자리 0, +/- 버튼 등) 전화번호는 tel을 선호하는 경우가 많습니다. 또한 자동완성(autocomplete="tel")과 함께 쓰면 더 편해집니다. 입력 폼은 작은 선택이 완료율을 좌우합니다.		O	TRUE	X	FALSE					frontend	accessibility	a11y	forms
Q284	언어 혼합 발음		Frontend - Web Accessibility	16	OX	EASY	한국어 페이지에서 영어 고유명사 구간에 lang="en"을 주면 발음이 더 자연스러울 수 있다.	스크린 리더는 lang 정보를 참고해 발음 규칙을 적용합니다. 한국어 문장 중 영어 고유명사가 길게 들어가면 발음이 어색해지는 경우가 많습니다. 면접에서는 다국어 콘텐츠 처리에서 부분 lang 적용을 아는지 질문할 수 있습니다. 실무에서는 제품명, 코드명, 약어 등 발음이 중요한 구간에만 lang를 선택적으로 적용합니다. 과도한 적용은 유지보수 비용이 늘 수 있으니 필요한 곳에만 쓰는 게 좋습니다. 이런 작은 디테일이 낭독 품질을 크게 올립니다.		O	TRUE	X	FALSE					frontend	accessibility	a11y	i18n
Q285	aria-label 중복		Frontend - Web Accessibility	16	OX	EASY	같은 의미의 버튼이 여러 개 있을 때 모두 동일한 aria-label을 주면 구분이 쉬워진다.	동일한 라벨이 여러 개면 스크린 리더 사용자 입장에서는 “닫기 버튼”이 여러 개로 들려 구분이 어려울 수 있습니다. 특히 모달이 여러 개 겹치거나 카드 목록에서 동일 아이콘 버튼이 반복될 때 자주 문제 됩니다. 면접에서는 “라벨은 구체적으로”라는 원칙을 묻기도 합니다. 실무에서는 “알림 닫기”, “검색창 닫기”처럼 컨텍스트를 포함해 이름을 구분하거나, aria-labelledby로 주변 제목을 함께 참조해 자연스러운 라벨을 구성합니다. 라벨은 짧되 구분 가능해야 합니다. 같은 라벨이 늘어날수록 혼란이 커질 수 있습니다.		O	FALSE	X	TRUE					frontend	accessibility	a11y	aria
Q286	링크 새 창 안내		Frontend - Web Accessibility	16	OX	EASY	새 창(새 탭)으로 열리는 링크는 사용자가 예상할 수 있도록 안내 문구를 제공하면 좋다.	새 창 열림은 사용자 맥락을 바꾸기 때문에 예측 가능성이 중요합니다. 키보드/스크린 리더 사용자는 특히 “왜 갑자기 탭이 늘었지”를 인지하기 어려울 수 있습니다. 면접에서는 target blank 사용 시 접근성 고려를 질문할 수 있습니다. 실무에서는 “새 창에서 열림” 텍스트를 화면에 표시하거나, 보조기기용 숨김 텍스트로 추가해 안내합니다. 또한 rel="noopener noreferrer" 같은 보안 측면도 함께 챙기는 편이 좋습니다. 사용자의 통제감을 높이면 혼란이 줄어듭니다.		O	TRUE	X	FALSE					frontend	accessibility	a11y	ux
Q287	오디오/비디오 컨트롤		Frontend - Web Accessibility	16	OX	EASY	재생/일시정지 같은 미디어 컨트롤은 키보드로도 조작 가능해야 한다.	미디어는 마우스만으로 조작할 수 있게 만들면 접근성이 크게 떨어집니다. 키보드 사용자도 재생, 일시정지, 볼륨 조절 같은 핵심 기능을 사용할 수 있어야 합니다. 면접에서는 미디어 접근성에서 컨트롤 제공 여부를 자주 묻습니다. 실무에서는 가능하면 브라우저 기본 컨트롤을 활용하거나, 커스텀 컨트롤을 만들면 버튼 시맨틱과 라벨링, 포커스 표시를 반드시 제공해야 합니다. 또한 자동 재생을 피하고 사용자가 제어할 수 있게 하는 것이 기본입니다. 컨트롤 접근성은 콘텐츠 접근성의 출발점입니다.		O	TRUE	X	FALSE					frontend	accessibility	a11y	media
Q288	heading 누락		Frontend - Web Accessibility	16	OX	EASY	페이지에 제목(h1)이 없어도 접근성에 큰 영향은 없다.	h1은 페이지의 핵심 제목을 나타내고, 스크린 리더 사용자는 헤딩 목록으로 페이지를 빠르게 파악합니다. 제목이 없으면 구조가 평평해져 탐색 효율이 떨어질 수 있습니다. 면접에서는 “헤딩 구조가 왜 중요한가”를 자주 묻습니다. 실무에서는 디자인이 헤딩처럼 보여도 실제로 div/span이면 헤딩 탐색이 불가능합니다. 최소한 페이지의 대표 제목을 h1로 제공하고, 섹션별로 적절한 레벨을 구성하는 것이 좋습니다. 헤딩은 스타일이 아니라 정보 구조입니다.		O	FALSE	X	TRUE					frontend	accessibility	a11y	html
Q289	테이블 헤더(th)		Frontend - Web Accessibility	16	OX	EASY	데이터 표에서 열 제목은 th로 표시하면 보조기기가 헤더-셀 관계를 이해하는 데 도움이 된다.	th는 표에서 헤더 셀임을 나타내는 시맨틱입니다. 스크린 리더는 th와 td 관계를 통해 현재 셀의 맥락(어떤 열/행인지)을 더 잘 안내합니다. 면접에서는 scope 속성과 함께 th 사용을 물을 수 있습니다. 실무에서는 단순 표라면 th+scope만으로도 충분한 경우가 많습니다. 표가 복잡해지면 headers/id 연결 같은 고급 방법도 고려하지만, 먼저 표를 단순화하는 것이 좋습니다. 표는 데이터 관계를 전달하는 도구이므로 시맨틱이 중요합니다. 잘된 표는 탐색 시간이 크게 줄어듭니다.		O	TRUE	X	FALSE					frontend	accessibility	a11y	html
Q290	label 클릭 효과		Frontend - Web Accessibility	16	OX	EASY	label을 input과 연결하면 label을 클릭해도 input에 포커스가 이동할 수 있다.	label 연결은 접근성뿐 아니라 사용성도 좋아집니다. 작은 체크박스/라디오를 직접 클릭하기 어려운 사용자도 label 클릭으로 쉽게 조작할 수 있습니다. 면접에서는 label이 왜 중요한지 설명할 때 이 포인트가 자주 나옵니다. 실무에서는 for-id 연결이 깨지지 않도록 유니크 id를 생성하고, 반복 컴포넌트에서 충돌이 없게 관리해야 합니다. 또한 label 텍스트가 충분히 명확해야 사용자가 선택을 이해할 수 있습니다. 연결은 단순하지만 효과가 큽니다. 폼 완료율을 높이는 기본기입니다.		O	TRUE	X	FALSE					frontend	accessibility	a11y	forms
Q291	aria-label에 파일명		Frontend - Web Accessibility	16	OX	EASY	아이콘 버튼의 aria-label로 “icon.png” 같은 파일명을 넣는 것은 적절한 라벨링이다.	파일명은 사용자에게 행동 목적을 알려주지 못합니다. 스크린 리더 사용자는 “icon dot png 버튼” 같은 의미 없는 안내를 듣게 될 수 있습니다. 면접에서는 라벨은 ‘무엇을 하는지’를 말해야 한다는 점을 강조합니다. 실무에서는 “검색”, “닫기”, “삭제”처럼 목적 중심 라벨을 제공합니다. 같은 목적의 버튼이 여러 개면 컨텍스트를 포함해 “알림 삭제”처럼 구체화합니다. 라벨은 기능을 설명하는 UI 문구의 일부로 다뤄야 합니다. 기술적 내부 표현을 사용자에게 노출하면 접근성이 떨어집니다.		O	FALSE	X	TRUE					frontend	accessibility	a11y	aria
Q292	aria-describedby 오용		Frontend - Web Accessibility	16	OX	EASY	aria-describedby는 버튼의 접근성 이름을 제공하는 데 주로 사용한다.	aria-describedby는 ‘이름’이 아니라 ‘설명(추가 정보)’을 연결하는 속성입니다. 버튼 이름은 aria-label이나 aria-labelledby, 또는 화면 텍스트로 제공하는 것이 기본입니다. 면접에서는 label과 describedby의 역할 차이를 물을 수 있습니다. 실무에서는 버튼에 긴 설명을 describedby로 연결해도 되지만, 이름 자체는 별도로 명확히 있어야 합니다. 설명은 낭독이 길어질 수 있으니 꼭 필요한 경우에만 붙이는 것이 좋습니다. 이름이 없고 설명만 있으면 조작 대상 식별이 어려워집니다. 역할에 맞게 사용하는 것이 핵심입니다.		O	FALSE	X	TRUE					frontend	accessibility	a11y	aria
Q293	폼 그룹(fieldset)		Frontend - Web Accessibility	16	OX	EASY	여러 라디오 버튼이 하나의 질문에 속할 때 fieldset과 legend는 맥락 전달에 도움이 된다.	라디오 버튼은 보통 “한 질문에 대한 여러 선택지” 구조입니다. fieldset/legend를 쓰면 질문 문구가 그룹 이름으로 제공되어 보조기기 사용자가 선택지를 탐색할 때 맥락을 유지할 수 있습니다. 면접에서는 폼 그룹화 시맨틱을 알고 있는지 자주 묻습니다. 실무에서는 디자인상 legend를 숨겨야 할 때도 시각 숨김 패턴으로 접근성은 유지할 수 있습니다. 단순 div로만 묶으면 질문과 선택지 관계가 약해질 수 있습니다. 맥락이 명확하면 오입력이 줄어듭니다. 폼은 구조를 잘 잡는 것이 접근성의 핵심입니다.		O	TRUE	X	FALSE					frontend	accessibility	a11y	forms
Q294	링크 아이콘과 접근성		Frontend - Web Accessibility	16	OX	EASY	외부 링크 아이콘이 장식 목적이라면 스크린 리더에서 숨기는 것이 도움이 될 수 있다.	외부 링크 아이콘이 단지 시각적 보조라면 읽히지 않게 하는 편이 낭독 소음을 줄입니다. 다만 “새 창 열림” 같은 중요한 의미를 아이콘만으로 전달한다면 텍스트로도 안내가 필요합니다. 면접에서는 장식 vs 정보의 구분을 핵심으로 봅니다. 실무에서는 장식 아이콘은 aria-hidden 처리하고, 의미 정보는 화면 텍스트나 숨김 텍스트로 제공합니다. 사용자에게 필요한 정보만 전달하는 것이 접근성 품질을 좌우합니다. 같은 아이콘이 반복되는 UI에서는 특히 소음 관리가 중요합니다. 장식은 숨기고 의미는 텍스트로 제공하는 습관이 좋습니다.		O	TRUE	X	FALSE					frontend	accessibility	a11y	ui
Q295	터치 타깃 크기		Frontend - Web Accessibility	16	OX	EASY	버튼이 너무 작으면 모바일에서 누르기 어려워 접근성과 사용성에 불리할 수 있다.	작은 터치 타깃은 손 떨림이 있거나 화면이 작은 환경에서 오조작을 유발합니다. 이는 장애 유무와 상관없이 많은 사용자가 겪는 불편입니다. 면접에서는 모바일 접근성에서 터치 타깃 크기 같은 실무 포인트를 물을 수 있습니다. 실무에서는 버튼 자체를 키우거나, padding으로 클릭 영역을 확장해 조작을 쉽게 만듭니다. 또한 요소 간 간격이 너무 좁으면 잘못 눌리는 문제가 생기니 함께 조정해야 합니다. 작은 변화로 전환율과 만족도가 올라갑니다. 접근성은 결국 사용 성공률을 높이는 설계입니다.		O	TRUE	X	FALSE					frontend	accessibility	a11y	mobile
Q296	키보드로 모달 닫기		Frontend - Web Accessibility	16	OX	EASY	모달은 키보드로 닫을 수 있는 방법(예: 닫기 버튼/ESC)을 제공하면 좋다.	모달이 열리면 사용자는 작업을 마치고 닫아야 다음으로 갈 수 있습니다. 키보드 사용자가 닫을 수 없으면 기능이 막혀버립니다. 면접에서는 모달 접근성 체크리스트(닫기 버튼, ESC, 포커스 복귀)를 자주 묻습니다. 실무에서는 닫기 버튼에 명확한 라벨을 제공하고, ESC로도 닫히게 하면 접근성이 좋아집니다. 다만 ESC 동작을 막는 경우에는 그 이유와 대체 수단이 명확해야 합니다. 닫힌 뒤 포커스를 어디로 돌릴지도 함께 설계해야 합니다. 모달은 포커스 관리가 핵심입니다.		O	TRUE	X	FALSE					frontend	accessibility	a11y	ui
Q297	자동 스크롤 이동		Frontend - Web Accessibility	16	OX	EASY	사용자가 입력 중인데 페이지가 자동으로 스크롤 이동하면 일부 사용자에게 혼란을 줄 수 있다.	자동 스크롤은 사용자의 공간 인지를 깨뜨릴 수 있습니다. 특히 확대 사용자는 화면에 보이는 영역이 좁아 갑작스러운 이동이 더 큰 혼란으로 느껴집니다. 면접에서는 “예측 가능성”을 접근성 원칙으로 설명할 수 있어야 합니다. 실무에서는 자동 이동이 꼭 필요하면 명확한 트리거(사용자 클릭)로 제한하고, 이동 후 포커스를 적절히 설정해 현재 위치를 잃지 않게 합니다. 또한 애니메이션 스크롤은 모션 민감 사용자에게 부담이 될 수 있어 옵션을 고려합니다. 사용자의 통제권을 존중하는 것이 핵심입니다. 변화는 사용자가 원할 때 일어나는 것이 좋습니다.		O	TRUE	X	FALSE					frontend	accessibility	a11y	ux
Q298	폼 입력 자동 검증		Frontend - Web Accessibility	16	OX	EASY	사용자가 아직 입력하지 않았는데도 실시간으로 오류를 계속 띄우면 접근성과 UX가 나빠질 수 있다.	입력을 시작하기도 전에 오류를 보여주면 사용자는 ‘처음부터 실패’ 느낌을 받습니다. 스크린 리더 사용자에게는 불필요한 오류 낭독이 늘어 피로를 키울 수 있습니다. 면접에서는 검증 타이밍(blur, submit, touched)을 어떻게 잡는지 질문할 수 있습니다. 실무에서는 사용자가 입력을 시도한 뒤에만 오류를 보여주거나, 제출 시에 요약을 제공하는 방식이 일반적입니다. 물론 즉시 피드백이 유리한 필드도 있어(비밀번호 규칙) 균형이 필요합니다. 핵심은 “도움이 되는 순간”에만 안내하는 것입니다. 안내가 많아지면 오히려 방해가 됩니다.		O	TRUE	X	FALSE					frontend	accessibility	a11y	forms
Q299	이미지 alt 생략		Frontend - Web Accessibility	16	OX	EASY	모든 이미지에 alt를 반드시 길게 작성해야 접근성이 좋아진다.	alt는 “항상 길게”가 정답이 아니라, 이미지 역할에 맞게 작성하는 것이 중요합니다. 장식 이미지는 alt를 비워 읽히지 않게 하고, 정보성 이미지는 필요한 만큼 의미를 전달해야 합니다. 면접에서는 alt 작성 원칙(장식/정보/링크/버튼)을 구분해 설명하는지 봅니다. 실무에서는 너무 긴 alt는 낭독 피로를 키울 수 있어 핵심만 담는 편이 좋습니다. 긴 설명이 필요하면 이미지 주변에 텍스트로 설명을 제공하는 것이 더 안정적입니다. 접근성은 과잉이 아니라 적절함입니다. 역할 중심으로 설계하는 것이 가장 좋습니다.		O	FALSE	X	TRUE					frontend	accessibility	a11y	html
Q300	스킵 링크 필요성		Frontend - Web Accessibility	16	OX	EASY	스킵 링크는 키보드 사용자에게 반복되는 메뉴를 건너뛰는 시간을 줄여줄 수 있다.	스킵 링크는 “본문으로 건너뛰기”처럼 반복 영역을 생략할 수 있게 해줍니다. 내비게이션이 길수록 키보드 사용자의 부담이 커지는데, 스킵 링크가 그 비용을 크게 줄입니다. 면접에서는 스킵 링크의 위치(페이지 최상단)와 연결 대상(main 시작점)을 자주 묻습니다. 실무에서는 포커스를 받을 때만 보이도록 스타일링해 디자인을 해치지 않으면서도 기능을 유지할 수 있습니다. 또한 여러 랜드마크가 있는 페이지에서도 스킵 링크는 여전히 유용합니다. 접근성은 시간을 절약해주는 기능이기도 합니다. 작은 기능이지만 만족도가 크게 올라갑니다.		O	TRUE	X	FALSE					frontend	accessibility	a11y	html
Q301	main 태그(Main Landmark)		Frontend - Web Accessibility	16	OX	EASY	페이지의 주요 콘텐츠 영역을 main 태그로 감싸면 보조기기 탐색에 도움이 된다.	main은 페이지에서 “핵심 본문”을 나타내는 랜드마크입니다. 스크린 리더 사용자는 랜드마크 목록으로 main으로 바로 점프할 수 있어 탐색 시간이 줄어듭니다. 면접에서는 main, nav, header 같은 랜드마크 역할을 알고 있는지 자주 봅니다. 실무에서는 페이지에 main은 보통 1개만 두고, 반복되는 레이아웃에서도 main 위치를 일관되게 유지합니다. 또한 스킵 링크의 도착 지점을 main 시작으로 두면 효과가 더 좋아집니다. 랜드마크는 구조를 “빠르게” 이해하게 만드는 장치입니다. 작은 태그 선택이 사용자 경험을 크게 바꿉니다.		O	TRUE	X	FALSE					frontend	accessibility	a11y	html
Q302	main 다중 사용		Frontend - Web Accessibility	16	OX	EASY	한 페이지에 main 태그를 여러 개 두면 랜드마크가 풍부해져 더 좋다.	main은 페이지의 “대표 본문”을 가리키는 랜드마크라서 일반적으로 1개가 원칙입니다. 여러 개가 있으면 사용자가 랜드마크 목록에서 무엇이 진짜 본문인지 헷갈릴 수 있습니다. 면접에서는 랜드마크의 “과잉 분해”가 왜 문제인지 질문할 수 있습니다. 실무에서는 주요 본문은 main 하나로, 그 안에서 section과 heading으로 구조를 잡는 것이 보통 더 명확합니다. 랜드마크가 많다고 좋은 것이 아니라, 의미가 분명해야 좋습니다. 구조가 복잡할수록 이름(aria-label)과 계층 설계가 중요해집니다. 기본 원칙을 지키는 편이 유지보수에도 유리합니다.		O	FALSE	X	TRUE					frontend	accessibility	a11y	html
Q303	aria-busy(로딩 상태)		Frontend - Web Accessibility	16	OX	EASY	콘텐츠가 갱신 중일 때 aria-busy로 “업데이트 중” 상태를 표현할 수 있다.	aria-busy는 어떤 영역이 현재 업데이트 중임을 보조기기에 알리는 속성입니다. 로딩 스피너만 보이고 정보가 없으면 스크린 리더 사용자는 “지금 무엇이 happening인지”를 놓칠 수 있습니다. 면접에서는 로딩 상태 전달 방법으로 aria-busy나 live region을 언급할 수 있으면 좋습니다. 실무에서는 갱신이 끝나면 aria-busy를 false로 되돌리고, 필요하면 완료 메시지를 짧게 안내합니다. 단, 모든 로딩에 남발하면 오히려 소음이 될 수 있어 중요한 영역 중심으로 적용합니다. 사용자는 상태를 알아야 기다릴 수 있습니다. 접근성은 ‘기다림’도 설계하는 일입니다.		O	TRUE	X	FALSE					frontend	accessibility	a11y	aria
Q304	aria-busy 자동 차단		Frontend - Web Accessibility	16	OX	EASY	aria-busy true를 주면 해당 영역의 버튼 클릭이 자동으로 차단된다.	ARIA는 주로 “의미와 상태”를 전달하고, 실제 동작 차단을 자동으로 해주지 않습니다. aria-busy를 줬다고 클릭이 막히는 것은 보장되지 않습니다. 면접에서는 “ARIA는 동작이 아니라 정보”라는 관점을 자주 확인합니다. 실무에서 로딩 중 조작을 막고 싶다면 disabled 처리나 이벤트 차단 등 별도 로직이 필요합니다. 또한 로딩 중에도 필요한 조작(취소 버튼 등)은 남겨두는 UX가 도움이 될 수 있습니다. 상태 표시와 동작은 항상 일치해야 사용자 혼란이 줄어듭니다. ARIA만 믿고 로직을 빼먹는 실수가 흔합니다.		O	FALSE	X	TRUE					frontend	accessibility	a11y	aria
Q305	form submit 버튼		Frontend - Web Accessibility	16	OX	EASY	폼 제출은 type="submit" 버튼을 쓰면 Enter 키로도 제출되어 키보드 사용성에 도움이 된다.	폼에서 Enter 제출은 많은 사용자에게 기본 기대 동작입니다. submit 버튼을 쓰면 브라우저가 기본 폼 동작을 제공하므로 키보드 접근성이 자연스럽게 좋아집니다. 면접에서는 “네이티브 폼 동작”을 얼마나 활용하는지 묻기도 합니다. 실무에서는 버튼을 div로 만들면 Enter 제출이 끊기거나, 키 이벤트를 따로 구현해야 해서 버그가 늘 수 있습니다. 또한 제출 버튼에 명확한 텍스트(예: 저장, 등록)를 주면 목적이 분명해집니다. 기본 동작을 살리는 것이 접근성의 정석입니다. 커스텀보다 네이티브가 안정적입니다.		O	TRUE	X	FALSE					frontend	accessibility	a11y	forms
Q306	링크에 onclick만		Frontend - Web Accessibility	16	OX	EASY	a 태그에 href 없이 onclick만 달아도 링크로서 접근성이 충분하다.	href가 없는 a는 키보드/보조기기에서 기대한 링크 동작이 깨질 수 있습니다. 링크는 이동을 의미하므로 href가 있어야 의미가 분명하고, 브라우저 기본 기능(새 탭 열기, 주소 복사 등)도 유지됩니다. 면접에서는 “a는 링크답게, button은 버튼답게”를 자주 강조합니다. 실무에서 이동이 아니라 액션이면 button을 쓰고, 이동이면 href를 가진 a를 쓰는 것이 정석입니다. onclick만으로 흉내 내면 역할이 모호해져 사용자 예측이 어려워집니다. 또한 스크린 리더 안내가 의도와 다를 수 있습니다. 올바른 태그 선택이 접근성의 핵심입니다.		O	FALSE	X	TRUE					frontend	accessibility	a11y	html
Q307	텍스트 확대(Zoom)		Frontend - Web Accessibility	16	OX	EASY	브라우저 확대(zoom)에도 내용이 잘리지 않도록 유연한 레이아웃이 접근성에 도움이 된다.	많은 사용자가 브라우저 확대를 통해 글자를 읽기 쉽게 만듭니다. 이때 고정 높이, overflow hidden, 절대 배치가 많으면 텍스트가 잘리거나 겹칠 수 있습니다. 면접에서는 “확대 시 깨짐”을 실무 접근성 이슈로 자주 다룹니다. 실무에서는 상대 단위(rem/em), 유동 레이아웃, 줄바꿈 허용을 통해 확대에도 견고하게 만듭니다. 또한 200% 확대 같은 기본 시나리오로 QA하면 문제를 빨리 찾을 수 있습니다. 접근성은 ‘확대해도 사용 가능’이 기본입니다. 반응형과도 강하게 연결됩니다. 유연성은 품질입니다.		O	TRUE	X	FALSE					frontend	accessibility	a11y	css
Q308	애니메이션 무조건 필수		Frontend - Web Accessibility	16	OX	EASY	모든 전환에 강한 애니메이션을 넣는 것이 접근성에도 항상 좋다.	강한 애니메이션은 모션 민감 사용자에게 멀미나 불편을 줄 수 있습니다. 또한 스크린 리더 낭독과 상호작용 타이밍이 어긋나면 혼란이 커집니다. 면접에서는 prefers-reduced-motion 대응을 알고 있는지 물을 수 있습니다. 실무에서는 애니메이션을 ‘선택적’으로 쓰고, 줄이기 옵션을 존중하는 것이 좋습니다. 중요한 것은 시각 효과가 아니라 정보 전달과 조작 성공입니다. 필요 이상의 모션은 접근성을 떨어뜨릴 수 있습니다. 디자인은 사용자를 돕는 방향이어야 합니다. 효과가 목적이 되면 품질이 흔들립니다.		O	FALSE	X	TRUE					frontend	accessibility	a11y	ux
Q309	버튼 텍스트(목적)		Frontend - Web Accessibility	16	OX	EASY	버튼 텍스트는 “확인”보다 “저장”, “삭제”처럼 행동이 드러나는 문구가 더 명확할 수 있다.	모호한 버튼 텍스트는 사용자가 결과를 예측하기 어렵게 만듭니다. 특히 스크린 리더 사용자는 버튼만으로 행동을 파악해야 하는 경우가 많아서 더 중요합니다. 면접에서는 UI 문구 품질도 접근성과 연결해 설명할 수 있어야 합니다. 실무에서는 “저장”, “회원가입”, “장바구니 담기”처럼 결과가 명확한 문구가 사용 성공률을 높입니다. “확인”은 문맥이 없으면 의미가 약해져 오클릭이 늘 수 있습니다. 또한 동일한 “확인” 버튼이 여러 개 있으면 구분이 어려워집니다. 라벨은 기능의 일부입니다. 명확한 라벨은 접근성을 올립니다. UX 개선과 직결됩니다.		O	TRUE	X	FALSE					frontend	accessibility	a11y	ux
Q310	리스트는 ul/ol		Frontend - Web Accessibility	16	OX	EASY	항목이 나열되는 콘텐츠는 div만 쓰기보다 ul/ol로 표현하면 구조 전달에 도움이 된다.	목록은 의미 있는 구조이므로 ul/ol을 쓰면 보조기기가 “몇 개 항목인지” 같은 정보를 제공할 수 있습니다. div로만 나열하면 이런 구조 정보가 약해져 탐색이 불편할 수 있습니다. 면접에서는 시맨틱 마크업의 장점을 질문할 때 목록이 자주 예시로 나옵니다. 실무에서는 메뉴, 체크리스트, 카드 목록 등에서 ul/ol을 활용하면 유지보수도 좋아집니다. 스타일은 CSS로 바꾸면 되므로 시맨틱을 포기할 이유가 적습니다. 접근성은 구조를 전달하는 것에서 시작합니다. 구조가 분명하면 사용자는 빠르게 이해합니다. 목록은 그 대표적인 도구입니다.		O	TRUE	X	FALSE					frontend	accessibility	a11y	html
Q311	aria-label로 텍스트 숨기기		Frontend - Web Accessibility	16	OX	EASY	화면에 보이는 텍스트를 없애고 aria-label만 남겨도 동일한 접근성을 보장한다.	화면 텍스트는 시각 사용자에게 직접 정보가 되며, 음성 제어 사용자에게는 호출 단서가 됩니다. aria-label만 남기면 시각 사용자에게 정보가 사라지고, 라벨 불일치로 인해 음성 제어에서 문제가 생길 수 있습니다. 면접에서는 “보이는 라벨과 접근성 이름의 일치”를 종종 묻습니다. 실무에서는 텍스트가 필요하면 화면 텍스트를 유지하고, 필요 시 보조기기용 보완을 추가합니다. 아이콘만 남길 경우에는 시각 사용자에게도 의미가 충분한지 UX 검토가 필요합니다. 접근성은 “한 집단만” 맞추는 것이 아니라 모두에게 이해 가능한 UI를 만드는 것입니다. 라벨은 제품 문구로 관리해야 합니다. 숨기기보다 명확히 보여주는 것이 보통 안전합니다.		O	FALSE	X	TRUE					frontend	accessibility	a11y	aria
Q312	required 속성		Frontend - Web Accessibility	16	OX	EASY	필수 입력에는 required 속성을 쓰면 브라우저 기본 검증과 보조기기 안내에 도움이 될 수 있다.	required는 HTML 기본 속성으로, 브라우저가 필수 입력임을 알 수 있게 합니다. 일부 보조기기는 필수 여부를 더 잘 안내할 수 있고, 제출 시 기본 검증이 동작할 수 있습니다. 면접에서는 네이티브 속성 활용을 좋은 실무 습관으로 봅니다. 실무에서는 required만으로 충분하지 않을 때도 있으니, 화면에서 ‘필수’ 표시와 오류 메시지 설계도 함께 필요합니다. 또한 기본 브라우저 오류 풍선 UI가 제품 UX와 맞지 않으면 커스텀 메시지를 제공할 수도 있습니다. 핵심은 사용자가 필수 조건을 미리 이해하고 실수를 줄이게 하는 것입니다. 필수는 “표시+검증+안내”가 세트입니다. 네이티브 속성은 그 출발점이 됩니다.		O	TRUE	X	FALSE					frontend	accessibility	a11y	forms
Q313	ARIA로 시맨틱 대체		Frontend - Web Accessibility	16	OX	EASY	section에 role="button"을 주면 키보드 동작까지 자동으로 버튼처럼 된다.	role은 의미를 전달하지만, 키보드 이벤트 처리나 disabled 동작 같은 기능을 자동으로 제공하지 않습니다. 그래서 role="button"만 붙여두면 실제로는 클릭만 되고 키보드 조작이 안 되는 경우가 많습니다. 면접에서는 “role 붙이면 책임이 생긴다”를 강조합니다. 실무에서는 네이티브 button을 쓰는 것이 가장 안전하고, 불가피할 때만 role+tabindex+키 이벤트를 세트로 구현합니다. 또한 포커스 스타일도 제공해야 합니다. ARIA는 마법이 아니라 약속에 가깝습니다. 약속한 역할에 맞는 동작을 구현해야 합니다. 그렇지 않으면 접근성이 오히려 악화됩니다.		O	FALSE	X	TRUE					frontend	accessibility	a11y	aria
Q314	aria-disabled 의미		Frontend - Web Accessibility	16	OX	EASY	aria-disabled는 보조기기에 “비활성 상태”임을 알리는 데 도움이 될 수 있다.	aria-disabled는 요소가 비활성임을 의미적으로 전달하는 속성입니다. 네이티브 disabled를 쓸 수 없는 경우에 보완적으로 쓰는 상황이 있습니다. 면접에서는 aria-disabled가 동작을 자동으로 막지 않을 수 있다는 점까지 함께 아는지 묻기도 합니다. 실무에서는 aria-disabled를 쓰면 클릭/키 이벤트 차단 로직도 함께 구현해야 상태와 동작이 일치합니다. 가능하면 네이티브 disabled를 우선 사용해 브라우저 기본 동작과 접근성 지원을 함께 얻는 것이 좋습니다. 비활성은 사용자가 기대하는 강한 규칙이므로 불일치가 생기면 혼란이 큽니다. 상태를 정확히 전달하는 것이 핵심입니다. 의미만 주고 동작이 살아있으면 위험합니다.		O	TRUE	X	FALSE					frontend	accessibility	a11y	aria
Q315	placeholder 대비		Frontend - Web Accessibility	16	OX	EASY	placeholder는 색이 연해도 되며, 접근성과 무관하다.	placeholder는 가이드 텍스트 역할을 하지만, 너무 연하면 가독성이 떨어져 사용자가 정보를 놓칠 수 있습니다. 특히 저시력 사용자는 placeholder를 읽기 어려워 입력 방법을 이해하지 못할 수 있습니다. 면접에서는 placeholder의 문제점(라벨 대체 불가, 가독성)을 자주 묻습니다. 실무에서는 placeholder 대비를 적절히 확보하고, 중요한 정보는 placeholder가 아니라 label/도움말로 제공하는 것이 좋습니다. 또한 다크모드에서 placeholder가 더 흐려지는 경우가 많아 테마별 점검이 필요합니다. 접근성은 텍스트 가독성과 직결됩니다. placeholder도 예외가 아닙니다. 하지만 핵심 라벨을 placeholder에 맡기지 않는 것이 더 중요합니다.		O	FALSE	X	TRUE					frontend	accessibility	a11y	ui
Q316	스크롤 영역 포커스		Frontend - Web Accessibility	16	OX	EASY	스크롤 가능한 영역(예: 채팅 로그)도 키보드로 접근 가능하면 탐색에 도움이 될 수 있다.	스크롤 영역이 마우스 휠로만 가능하면 키보드 사용자는 내용 탐색이 어렵습니다. 필요하다면 해당 영역에 포커스를 줄 수 있고, 키보드로 스크롤/탐색할 수 있게 만들면 도움이 됩니다. 면접에서는 “키보드로도 동일 기능 제공”을 원칙으로 말할 수 있어야 합니다. 실무에서는 모든 스크롤 영역에 tabindex를 주는 건 오히려 탭 순서를 늘릴 수 있으니 신중해야 합니다. 특히 채팅, 코드 뷰어, 로그 뷰어처럼 콘텐츠 소비가 중요한 영역에서 의미가 큽니다. 포커스가 들어갔을 때 현재 위치를 알 수 있게 스타일을 주는 것도 필요합니다. 사용자 목적에 맞는 곳에만 제공하는 것이 좋습니다. 과하면 탐색이 느려집니다. 균형이 핵심입니다.		O	TRUE	X	FALSE					frontend	accessibility	a11y	keyboard
Q317	스크롤바 숨기기		Frontend - Web Accessibility	16	OX	EASY	스크롤 가능한 영역에서 스크롤바를 완전히 숨기면 사용자가 스크롤 가능성을 인지하기 어려울 수 있다.	스크롤바는 “더 볼 내용이 있다”는 중요한 시각적 단서입니다. 완전히 숨기면 사용자가 콘텐츠가 잘린 줄 모르거나, 스크롤이 가능한지 모를 수 있습니다. 면접에서는 UI 힌트와 접근성을 연결해 설명하기도 합니다. 실무에서는 디자인상 스크롤바를 줄이더라도, 스크롤 가능성을 보여주는 다른 힌트(그라데이션, 더보기, 스크롤 인디케이터)를 제공하는 편이 좋습니다. 특히 키보드 사용자에게는 스크롤 영역 진입과 탐색 방법이 더 중요합니다. 스크롤바 제거는 미관을 위한 선택이지만, 정보 탐색성을 떨어뜨릴 수 있습니다. 사용자가 콘텐츠를 끝까지 보게 하는 것이 목적입니다. 인지 단서를 없애면 실패가 늘 수 있습니다. 그래서 완전 숨김은 신중해야 합니다.		O	TRUE	X	FALSE					frontend	accessibility	a11y	ux
Q318	autofocus 남용		Frontend - Web Accessibility	16	OX	EASY	페이지 로드 시 임의 요소에 autofocus를 항상 주는 것은 접근성에 유리하다.	autofocus는 특정 상황(예: 검색 페이지, 모달 첫 입력)에 유용할 수 있지만 남발하면 사용자를 갑자기 이동시켜 혼란을 줍니다. 스크린 리더 사용자는 페이지 구조를 파악하기 전에 포커스가 튀어 낭독 흐름이 깨질 수 있습니다. 면접에서는 autofocus 사용 기준을 묻기도 합니다. 실무에서는 “사용자 의도와 일치할 때만” autofocus를 제한적으로 사용합니다. 또한 모달 열림 시 포커스를 모달 내부로 보내는 것은 유익하지만, 닫힐 때 원래 위치로 복귀시키는 것도 함께 설계해야 합니다. 자동 포커스는 강한 개입이므로 신중해야 합니다. 사용자가 통제한다고 느끼게 해야 UX가 좋습니다. 무작정 자동 이동은 피하는 편이 안전합니다.		O	FALSE	X	TRUE					frontend	accessibility	a11y	ux
Q319	버튼 disabled		Frontend - Web Accessibility	16	OX	EASY	네이티브 button에 disabled를 주면 키보드 포커스와 클릭이 기본적으로 차단된다.	disabled는 브라우저가 제공하는 강한 비활성 동작입니다. 일반적으로 포커스가 가지 않고, 클릭/키보드 활성화도 막힙니다. 면접에서는 aria-disabled와 disabled의 차이를 물을 수 있습니다. 실무에서는 가능하면 네이티브 disabled를 사용하는 것이 상태와 동작을 일치시키는 가장 쉬운 방법입니다. 단, 비활성 버튼이 포커스 대상에서 빠지면서 사용자에게 이유가 전달되지 않을 수 있으니, 비활성 사유를 텍스트로 안내하는 UX도 고려하면 좋습니다. 예를 들어 “약관 동의 후 진행 가능” 같은 안내가 있으면 이해가 빨라집니다. 비활성은 단순히 막는 것이 아니라, 다음 행동을 알려주는 것이 중요합니다. 차단만 하면 사용자는 멈춥니다. 안내를 함께 제공해야 합니다.		O	TRUE	X	FALSE					frontend	accessibility	a11y	html
Q320	읽기 쉬운 문장		Frontend - Web Accessibility	16	OX	EASY	접근성은 코드뿐 아니라, 안내 문구를 쉽고 명확하게 쓰는 것과도 관련이 있다.	접근성은 시각/청각/운동뿐 아니라 인지 측면도 포함합니다. 복잡한 문장과 애매한 안내는 누구에게나 어렵고, 특히 인지 부담이 큰 사용자에게 더 큰 장벽이 됩니다. 면접에서는 “접근성은 UX와 연결된다”는 관점을 말할 수 있어야 합니다. 실무에서는 버튼/오류 메시지/안내 문구를 짧고 구체적으로 쓰면 성공률이 올라갑니다. 예를 들어 “오류”보다 “비밀번호는 8자 이상 입력하세요”가 훨씬 명확합니다. 또한 용어를 일관되게 쓰면 사용자 학습 비용이 줄어듭니다. 접근성은 기술과 콘텐츠가 함께 만드는 품질입니다. 코드를 잘 짜도 문구가 어렵다면 사용자는 실패합니다. 반대로 명확한 문구는 대부분의 문제를 줄여줍니다. 그래서 접근성은 팀 전체의 책임입니다.		O	TRUE	X	FALSE					frontend	accessibility	a11y	content
Q321	aria-pressed(토글 버튼)		Frontend - Web Accessibility	16	OX	EASY	토글 버튼(예: 즐겨찾기 on/off)은 aria-pressed로 상태를 표현할 수 있다.	토글 버튼은 “한 번 누르면 상태가 바뀌는 버튼”이라서 on/off 상태 전달이 중요합니다. aria-pressed는 토글 버튼이 눌린 상태인지(pressed true/false)를 보조기기에 알려줄 수 있습니다. 면접에서는 토글 UI에서 체크박스와 버튼을 언제 구분하는지 질문할 수 있습니다. 실무에서는 시각적 상태(아이콘/색)와 aria-pressed 값을 반드시 동기화해야 합니다. 상태가 어긋나면 스크린 리더 안내가 틀려져 사용자 혼란이 커집니다. 또한 버튼 라벨은 “즐겨찾기”처럼 기능 중심으로 유지하고 상태는 aria-pressed로 전달하는 방식이 깔끔합니다. 토글은 작은 UI지만 접근성 결함이 자주 생기는 영역입니다. 테스트로 상태 낭독이 자연스러운지 확인하는 습관이 좋습니다.		O	TRUE	X	FALSE					frontend	accessibility	a11y	aria
Q322	aria-pressed 남용		Frontend - Web Accessibility	16	OX	EASY	일반 버튼(단발 동작 버튼)에도 aria-pressed를 항상 추가하는 것이 좋다.	aria-pressed는 “토글 상태”가 있는 버튼에서 의미가 있습니다. 단발 동작 버튼(저장, 삭제)에 붙이면 보조기기 사용자가 버튼을 토글처럼 오해할 수 있습니다. 면접에서는 ARIA는 필요한 의미만 정확히 표현해야 한다는 점을 자주 강조합니다. 실무에서는 토글이 아닌 버튼에는 aria-pressed를 쓰지 말고, 필요하면 aria-disabled/aria-busy 같은 적절한 상태를 사용합니다. 의미를 과하게 붙이면 오히려 정보가 왜곡됩니다. 접근성은 정확한 모델링이 핵심입니다. 기능과 역할이 일치할 때 사용자 신뢰가 생깁니다. 불필요한 ARIA는 유지보수 리스크도 키웁니다.		O	FALSE	X	TRUE					frontend	accessibility	a11y	aria
Q323	input type="email"		Frontend - Web Accessibility	16	OX	EASY	이메일 입력에 type="email"을 쓰면 모바일에서 @ 키가 있는 키보드가 나올 수 있어 도움이 된다.	적절한 input type은 사용자의 입력 부담을 줄입니다. type="email"은 모바일에서 이메일 입력에 최적화된 키보드를 띄우거나, 브라우저가 형식 검증 힌트를 제공할 수 있습니다. 면접에서는 “네이티브 기능을 활용하라”는 실무 관점에서 이런 질문이 나올 수 있습니다. 실무에서는 autocomplete="email"까지 같이 쓰면 더 편해지고, 오류도 줄어듭니다. 다만 브라우저 기본 검증 메시지 UX가 제품과 다를 수 있으니, 커스텀 검증을 쓸지 정책을 정해야 합니다. 핵심은 사용자가 더 빠르고 정확하게 입력하게 하는 것입니다. 작은 속성 하나가 완료율을 올립니다. 접근성은 사용성 개선과 함께 갑니다.		O	TRUE	X	FALSE					frontend	accessibility	a11y	forms
Q324	disabled 선택지 안내		Frontend - Web Accessibility	16	OX	EASY	비활성(disabled)된 옵션이 왜 비활성인지 안내하면 사용자 이해에 도움이 된다.	비활성 상태는 사용자에게 “왜 지금 못 하는지”를 알려주지 않으면 막막함을 줍니다. 특히 키보드/스크린 리더 사용자는 비활성 컨트롤을 만나면 원인을 알기 어려울 수 있습니다. 면접에서는 접근성에서 ‘설명 가능한 상태’가 중요하다는 점을 이야기할 수 있습니다. 실무에서는 비활성 이유를 근처 텍스트로 제공하거나, 툴팁/헬퍼 텍스트로 안내합니다. 예: “로그인 후 이용 가능”, “권한이 필요합니다” 같은 문구가 좋습니다. 다만 툴팁만으로 해결하면 키보드 접근이 어려울 수 있어 텍스트 안내가 더 안정적입니다. 상태는 단순 표시가 아니라 커뮤니케이션입니다. 이유를 알려주면 사용자는 다음 행동을 결정할 수 있습니다.		O	TRUE	X	FALSE					frontend	accessibility	a11y	ux
Q325	role="presentation"		Frontend - Web Accessibility	16	OX	EASY	레이아웃을 위한 표(table)라도 role="presentation"을 주면 항상 안전하다.	role="presentation"은 요소의 의미를 약하게 만들 수 있지만, 무조건 안전한 해법은 아닙니다. 레이아웃 표 자체가 이미 권장되지 않고, role을 바꿔도 키보드/낭독 흐름 문제가 남을 수 있습니다. 면접에서는 ‘근본 해결은 시맨틱을 올바르게 쓰는 것’이라고 답하는 것을 선호합니다. 실무에서는 레이아웃은 CSS(Grid/Flex)로 구성하는 것이 가장 안전합니다. 또한 role="presentation"을 잘못 적용하면 실제로 의미가 필요한 구조까지 사라질 수 있습니다. “역할 변경”은 마지막 수단이고, 먼저 마크업 구조를 바로잡는 것이 우선입니다. 접근성은 편법보다 설계가 중요합니다. 임시방편은 유지보수에서 다시 문제를 만듭니다. 그래서 항상 안전하다고 말할 수 없습니다.		O	FALSE	X	TRUE					frontend	accessibility	a11y	html
Q326	aria-current(page)		Frontend - Web Accessibility	16	OX	EASY	현재 페이지 메뉴 항목에 aria-current="page"를 주면 보조기기가 현재 위치를 더 잘 안내할 수 있다.	내비게이션에서 “내가 지금 어디에 있는지”는 핵심 정보입니다. aria-current="page"는 현재 항목임을 명시해 스크린 리더가 현재 위치를 안내하는 데 도움이 됩니다. 면접에서는 aria-current의 값(page, step 등)을 알고 있는지 확인하기도 합니다. 실무에서는 시각 강조(색, 굵기)와 함께 aria-current를 제공하면 모두에게 명확해집니다. 단, 여러 항목에 동시에 적용하면 오히려 혼란이 생기니 정확히 하나만 적용하는 것이 원칙입니다. 라우팅 전환 시 상태가 갱신되는지도 반드시 확인해야 합니다. 작은 속성이지만 네비게이션 UX를 크게 개선합니다. 현재 위치는 길찾기의 핵심입니다. 접근성은 길을 잃지 않게 해줍니다.		O	TRUE	X	FALSE					frontend	accessibility	a11y	aria
Q327	aria-current 오용		Frontend - Web Accessibility	16	OX	EASY	내비게이션의 모든 링크에 aria-current="page"를 주면 접근성이 더 좋아진다.	aria-current는 “현재”를 나타내는 것이므로 여러 개가 동시에 current면 의미가 깨집니다. 사용자는 어디가 현재 페이지인지 구분할 수 없게 되고, 안내가 혼란스러워집니다. 면접에서는 ARIA 상태의 정확성과 일관성을 자주 강조합니다. 실무에서는 정확히 현재 라우트에 해당하는 항목 하나에만 적용합니다. 메뉴 구조가 복잡하면 어떤 항목이 current가 되어야 하는지도 정책을 정해야 합니다(상위/하위). 무조건 많이 붙인다고 좋아지지 않습니다. 접근성은 정보의 품질과 정확성입니다. 잘못된 정보는 없는 것보다 나쁠 수 있습니다. 그래서 이 방식은 좋지 않습니다.		O	FALSE	X	TRUE					frontend	accessibility	a11y	aria
Q328	inputmode(input mode)		Frontend - Web Accessibility	16	OX	EASY	숫자 입력이 필요한 필드에서 inputmode="numeric"은 모바일 입력 편의에 도움이 될 수 있다.	inputmode는 모바일에서 어떤 키패드를 보여줄지 힌트를 줄 수 있어 입력 부담을 줄입니다. 예를 들어 인증번호, 우편번호 같은 숫자 중심 입력에서 효과가 큽니다. 면접에서는 “모바일 접근성/사용성” 포인트로 inputmode를 언급할 수 있습니다. 실무에서는 type을 tel로 두고 inputmode를 numeric으로 주는 조합을 쓰기도 합니다. 다만 inputmode는 힌트라서 브라우저별 차이가 있을 수 있고, 실제 검증은 별도로 해야 합니다. 입력 편의는 장애 유무와 상관없이 큰 가치가 있습니다. 사용자가 덜 틀리게 만드는 것이 접근성입니다. 작은 속성으로 큰 효과를 볼 수 있습니다. 폼은 특히 그렇습니다.		O	TRUE	X	FALSE					frontend	accessibility	a11y	mobile
Q329	hover만 의존		Frontend - Web Accessibility	16	OX	EASY	중요한 안내를 hover(마우스 오버)로만 보여주면 키보드/터치 사용자에게 불리할 수 있다.	hover는 마우스가 있어야만 트리거되므로 키보드/터치 사용자에게는 접근이 어렵습니다. 중요한 정보가 hover에만 있으면 정보를 아예 못 보는 경우가 생깁니다. 면접에서는 “호버만의 UI는 위험하다”를 자주 다룹니다. 실무에서는 focus 상태에서도 동일한 정보를 제공하거나, 항상 보이는 형태로 제공하는 것이 안전합니다. 툴팁을 쓴다면 키보드로도 열고 닫을 수 있어야 하고, 닫는 방법도 제공해야 합니다. 정보는 특정 입력 장치에 종속되면 안 됩니다. 접근성은 다양한 입력 방식을 전제로 합니다. 그래서 hover-only는 흔한 접근성 함정입니다. 특히 모바일에서는 hover 자체가 없습니다.		O	TRUE	X	FALSE					frontend	accessibility	a11y	ux
Q330	focus 상태 무시		Frontend - Web Accessibility	16	OX	EASY	hover 스타일만 만들고 focus 스타일은 없어도 접근성에 큰 문제는 없다.	키보드 사용자는 focus 스타일로 현재 위치를 확인합니다. hover만 있고 focus가 없으면 키보드 탐색이 사실상 불가능해집니다. 면접에서는 focus 표시를 제거하는 실수를 매우 자주 지적합니다. 실무에서는 hover와 focus를 같이 설계하거나, focus-visible을 활용해 키보드 탐색에만 강조하는 방식이 좋습니다. 특히 링크/버튼/입력 같은 핵심 요소는 어디에 포커스가 있는지 확실히 보여줘야 합니다. 디자인 이유로 제거하려면 대체 스타일을 반드시 제공해야 합니다. 접근성은 ‘조작 가능성’과 직결됩니다. 포커스가 보이지 않으면 조작이 어려워집니다. 그래서 큰 문제입니다. 사용자 실패로 이어집니다.		O	FALSE	X	TRUE					frontend	accessibility	a11y	keyboard
Q331	label과 checkbox 영역		Frontend - Web Accessibility	16	OX	EASY	체크박스/라디오에서 label을 함께 클릭 가능하게 만들면 조작이 쉬워질 수 있다.	작은 체크박스는 클릭하기 어려운 사용자에게 부담이 됩니다. label과 연결하면 텍스트 영역 클릭으로도 토글이 가능해져 접근성과 사용성이 좋아집니다. 면접에서는 label의 장점으로 ‘클릭 영역 확대’를 자주 말합니다. 실무에서는 반복 리스트에서 id 충돌이 없도록 유니크 id를 생성해야 연결이 깨지지 않습니다. 또한 label 텍스트가 명확하면 사용자는 선택 의미를 더 정확히 이해합니다. 이 개선은 모바일 터치에서도 체감이 큽니다. 작은 디테일이지만 전환율과 만족도가 올라갑니다. 폼에서 특히 효과가 큽니다. 접근성은 사용자의 노력을 줄입니다. 클릭하기 쉬우면 누구나 편해집니다.		O	TRUE	X	FALSE					frontend	accessibility	a11y	forms
Q332	aria-label과 보이는 텍스트 충돌		Frontend - Web Accessibility	16	OX	EASY	버튼에 보이는 텍스트가 있는데도 aria-label을 다른 문구로 주면 혼란을 줄 수 있다.	접근성 이름이 화면 텍스트와 다르면 스크린 리더 사용자는 다른 문구를 듣게 됩니다. 또한 음성 제어 사용자는 화면에 보이는 라벨로 호출하는 경우가 많아 매칭이 깨질 수 있습니다. 면접에서는 “Label in Name” 개념을 언급할 수 있습니다. 실무에서는 가능하면 aria-labelledby로 화면 텍스트를 참조해 일관성을 유지하는 것이 좋습니다. 정말 추가 설명이 필요하면 describedby로 보완하고, label은 그대로 두는 편이 안정적입니다. 라벨 불일치는 디버깅도 어렵습니다. 번역/i18n에서도 더 자주 문제가 됩니다. 접근성 텍스트는 제품 문구 정책과 함께 관리해야 합니다. 일관성이 곧 접근성 품질입니다. 사용자가 혼란을 느끼면 실패합니다. 그래서 조심해야 합니다.		O	TRUE	X	FALSE					frontend	accessibility	a11y	aria
Q333	aria-label로 이름 덮어쓰기		Frontend - Web Accessibility	16	OX	EASY	aria-label을 추가하면 화면 텍스트가 있더라도 접근성 이름이 aria-label로 대체될 수 있다.	aria-label은 접근성 이름 계산에서 강하게 우선하는 경우가 많아, 화면 텍스트 기반 이름을 덮어쓸 수 있습니다. 그래서 무심코 aria-label을 붙이면 오히려 낭독 내용이 바뀌어 버그가 생깁니다. 면접에서는 “aria-label은 덮어쓴다”를 아는지 확인할 수 있습니다. 실무에서는 화면 텍스트가 충분하면 aria-label을 굳이 쓰지 않는 것이 안전합니다. 이름이 부족한 경우에만 aria-label을 사용하고, 가능하면 aria-labelledby로 화면 텍스트를 참조해 번역/일관성을 유지하는 전략이 좋습니다. 접근성은 ‘추가’보다 ‘정확한 구성’이 더 중요합니다. 한 번 덮어쓰면 QA에서 놓치기 쉽습니다. 특히 다국어에서 더 위험합니다. 속성 하나가 낭독을 바꾼다는 점을 기억해야 합니다.		O	TRUE	X	FALSE					frontend	accessibility	a11y	aria
Q334	폼 오류 위치		Frontend - Web Accessibility	16	OX	EASY	오류 메시지는 가능한 한 해당 입력 필드 근처에 제공하는 것이 이해에 도움이 된다.	오류가 어디서 났는지 찾는 과정이 길어지면 사용자 스트레스가 커집니다. 필드 근처에 오류를 보여주면 즉시 맥락이 연결돼 수정이 쉬워집니다. 면접에서는 오류 UX 설계(근처 메시지 + 상단 요약)를 자주 언급합니다. 실무에서는 오류 메시지를 input과 연결(aria-describedby 등)해 필드에 포커스가 갈 때도 읽히게 하면 더 좋습니다. 또한 메시지는 원인과 해결 방법을 포함해야 합니다. “잘못됨”만으로는 도움이 되지 않습니다. 필드가 많을수록 오류 위치 정보가 더 중요해집니다. 접근성은 사용자의 성공을 돕는 설계입니다. 수정 경로를 짧게 만드는 것이 핵심입니다. 그래서 근처 메시지가 효과적입니다.		O	TRUE	X	FALSE					frontend	accessibility	a11y	forms
Q335	자동 슬라이더(캐러셀)		Frontend - Web Accessibility	16	OX	EASY	자동으로 계속 넘어가는 캐러셀은 사용자에게 일시정지(정지) 컨트롤을 제공하면 좋다.	자동 전환은 읽기/탐색을 방해할 수 있습니다. 특히 인지 부담이 있는 사용자나 스크린 리더 사용자에게는 내용이 계속 바뀌어 혼란이 커집니다. 면접에서는 자동 콘텐츠의 제어권 제공을 접근성 관점으로 묻기도 합니다. 실무에서는 자동 전환을 끄거나, 최소한 일시정지/재생 버튼을 제공해 사용자가 속도를 통제할 수 있게 합니다. 또한 키보드로도 캐러셀을 조작할 수 있어야 합니다. 자동 전환은 마케팅 요소로 자주 쓰이지만, 접근성에서는 위험 요소가 될 수 있습니다. 컨트롤이 있으면 많은 문제가 완화됩니다. 사용자의 통제권을 존중하는 것이 핵심입니다. 그래서 정지 컨트롤이 유용합니다. 성능보다 ‘이해 가능성’이 먼저입니다.		O	TRUE	X	FALSE					frontend	accessibility	a11y	ui
Q336	캐러셀 자동전환은 항상 좋다		Frontend - Web Accessibility	16	OX	EASY	캐러셀은 자동 전환이 필수이므로, 사용자가 멈출 방법이 없어도 문제 없다.	자동 전환은 사용자 집중을 깨고, 읽기를 방해하며, 보조기기 낭독과 충돌할 수 있습니다. 멈출 방법이 없으면 사용자는 콘텐츠를 이해하거나 조작하기 어렵습니다. 면접에서는 자동 전환이 접근성에 왜 불리한지 설명하게 할 수 있습니다. 실무에서는 자동 전환을 기본으로 끄고, 사용자가 직접 넘기게 하는 방식이 더 안전한 경우도 많습니다. 자동 전환을 쓰더라도 정지/재생, 이전/다음, 인디케이터를 키보드로도 제공해야 합니다. 또한 전환 속도를 너무 빠르게 하면 모든 사용자가 피해를 봅니다. 접근성은 ‘사용자가 제어한다’가 기본입니다. 멈출 수 없으면 통제권이 없습니다. 그래서 문제입니다. UX도 함께 나빠집니다.		O	FALSE	X	TRUE					frontend	accessibility	a11y	ui
Q337	버튼 크기와 간격		Frontend - Web Accessibility	16	OX	EASY	버튼 사이 간격이 너무 좁으면 터치 오조작이 늘어 접근성에 불리할 수 있다.	터치 환경에서는 손가락이 정확히 한 픽셀만 누르는 것이 어렵습니다. 버튼 사이가 좁으면 다른 버튼을 실수로 누르는 오조작이 늘어납니다. 면접에서는 모바일 접근성에서 터치 타깃과 간격을 실무 포인트로 물을 수 있습니다. 실무에서는 버튼의 최소 크기뿐 아니라, 버튼 주변 여백(간격)도 함께 고려합니다. 특히 파괴적 행동(삭제, 결제)은 오조작 방지가 더 중요하므로 간격을 넉넉히 두는 것이 좋습니다. 또한 키보드 포커스 이동에서도 요소가 촘촘하면 시각적으로 구분이 어려울 수 있습니다. 접근성은 실수를 줄이는 설계입니다. 오조작이 줄면 만족도가 올라갑니다. 작은 레이아웃 차이가 큰 결과를 만듭니다. 그래서 간격도 중요합니다. 모든 사용자가 혜택을 봅니다.		O	TRUE	X	FALSE					frontend	accessibility	a11y	mobile
Q338	이미지에 의미 전달		Frontend - Web Accessibility	16	OX	EASY	중요한 정보를 색상 그래프 이미지로만 제공하면, 텍스트 대체가 없을 때 접근성에 불리할 수 있다.	그래프는 시각적으로는 빠르지만, 이미지로만 제공하면 보조기기 사용자는 내용을 이해하기 어렵습니다. 또한 색상만으로 데이터 차이를 표현하면 색각 이상 사용자에게도 불리합니다. 면접에서는 ‘대체 텍스트/대체 데이터 제공’의 중요성을 묻기도 합니다. 실무에서는 그래프에 대한 요약 문장, 표 형태 데이터, 핵심 인사이트를 텍스트로 제공하면 접근성이 좋아집니다. 단순히 alt에 모든 값을 넣는 것보다, 주변에 구조화된 데이터로 제공하는 편이 유지보수에도 유리합니다. 중요한 정보일수록 “다른 형식”으로도 접근 가능해야 합니다. 접근성은 채널을 넓히는 일입니다. 하나의 표현 방식에만 의존하면 일부 사용자는 배제됩니다. 그래서 불리합니다. 텍스트 대체는 필수에 가깝습니다. 정보를 모두에게 전달하는 것이 목적입니다.		O	TRUE	X	FALSE					frontend	accessibility	a11y	content
Q339	aria-label은 아무 언어		Frontend - Web Accessibility	16	OX	EASY	한국어 UI인데 aria-label을 영어로만 넣어도 접근성에 문제 없다.	스크린 리더 사용자는 aria-label을 실제로 듣기 때문에, UI 언어와 라벨 언어가 다르면 혼란이 큽니다. 발음도 어색해지고, 사용자는 기능을 더 어렵게 느낄 수 있습니다. 면접에서는 접근성 텍스트도 제품 언어 정책을 따라야 한다고 말할 수 있어야 합니다. 실무에서는 aria-label도 번역 리소스로 관리하거나, aria })(실제로 보이는 텍스트를 참조해 언어를 일치시키는 전략이 좋습니다. 다국어 페이지에서는 lang 속성 관리도 함께 중요합니다. 접근성은 “이해 가능성”이 핵심입니다. 언어가 섞이면 이해가 떨어집니다. 그래서 문제 될 수 있습니다. 특히 한국어 사용자에게 영어 라벨은 장벽이 됩니다. 일관된 언어로 제공하는 것이 좋습니다.		O	FALSE	X	TRUE					frontend	accessibility	a11y	i18n
Q340	접근성 이름(Accessible Name)		Frontend - Web Accessibility	16	OX	MEDIUM	aria-label을 추가하면 버튼의 접근성 이름이 화면 텍스트 대신 aria-label로 대체될 수 있다.	접근성 이름(Accessible Name)은 스크린 리더가 “이 컨트롤이 무엇인지” 읽는 핵심 값입니다. aria-label은 이름 계산에서 강하게 우선되어, 화면에 텍스트가 있어도 그 텍스트를 덮어쓸 수 있습니다. 면접에서는 이 특성 때문에 aria-label을 남발하면 낭독이 바뀌는 버그가 생긴다고 설명하는지 봅니다. 실무에서는 화면 텍스트가 충분하면 aria-label을 굳이 붙이지 않는 편이 안전합니다. 꼭 필요하면 aria-labelledby로 화면 텍스트를 참조해 일관성을 유지하는 전략이 좋습니다.		O	TRUE	X	FALSE					frontend	accessibility	a11y	aria
Q341	aria-labelledby(aria labelledby)		Frontend - Web Accessibility	16	OX	MEDIUM	aria-labelledby는 여러 요소 id를 공백으로 나열해 이름을 합쳐 만들 수 있다.	aria-labelledby는 다른 요소의 텍스트를 참조해 접근성 이름을 구성합니다. 여러 id를 지정하면 각 요소의 텍스트가 순서대로 결합되어 이름이 만들어질 수 있습니다. 면접에서는 aria-label과 aria-labelledby의 차이(재사용성, 번역, 일관성)를 물어보는 경우가 많습니다. 실무에서는 화면에 이미 존재하는 제목/라벨을 참조하는 방식이어서 번역 누락과 불일치 위험이 줄어듭니다. 다만 참조 대상이 조건부 렌더링으로 사라지면 이름이 깨질 수 있으니 DOM 존재를 보장해야 합니다.		O	TRUE	X	FALSE					frontend	accessibility	a11y	aria
Q342	포커스 트랩(Focus Trap)		Frontend - Web Accessibility	16	OX	MEDIUM	role="dialog"만 지정하면 모달 내부로 포커스가 자동으로 트랩된다.	role="dialog"는 의미를 알려주지만, 포커스 트랩을 자동으로 구현해주지 않습니다. 모달이 열리면 포커스를 모달 내부로 이동시키고, Tab 이동이 모달 밖으로 빠져나가지 않게 로직으로 관리해야 합니다. 면접에서는 “ARIA는 의미, 동작은 구현”이라는 관점을 말할 수 있어야 합니다. 실무에서는 첫 포커스 지점(닫기 버튼/제목)과 마지막 포커스 순환, ESC 닫기, 닫힌 뒤 포커스 복귀까지 함께 설계합니다. 이 흐름이 깨지면 키보드 사용자는 기능이 막힐 수 있습니다.		O	FALSE	X	TRUE					frontend	accessibility	a11y	keyboard
Q343	aria-modal(aria modal)		Frontend - Web Accessibility	16	OX	MEDIUM	aria-modal="true"만 있으면 포커스를 모달로 이동시키지 않아도 접근성에 문제 없다.	aria-modal은 “지금 모달이 떠 있고, 배경은 비활성”이라는 의미를 전달하는 용도입니다. 하지만 포커스 이동 자체를 자동으로 처리하지 않기 때문에, 모달이 열리면 반드시 포커스를 모달 안의 적절한 요소로 옮겨야 합니다. 면접에서는 모달 접근성에서 “포커스 이동 + 트랩 + 복귀” 3가지를 세트로 말할 수 있는지 봅니다. 실무에서도 aria-modal만 붙여두고 포커스가 배경에 남아 있으면 키보드 탐색이 꼬이고 낭독이 산만해집니다. 의미와 동작이 함께 맞아야 사용자가 현재 상태를 이해합니다.		O	FALSE	X	TRUE					frontend	accessibility	a11y	aria
Q344	inert 속성(Inert)		Frontend - Web Accessibility	16	OX	MEDIUM	모달이 열렸을 때 배경을 inert 처리하면 배경 요소의 포커스/인터랙션을 막는 데 도움이 될 수 있다.	모달이 떠 있을 때 배경까지 Tab으로 접근되면 사용자는 “어디가 활성 영역인지” 헷갈립니다. inert는 배경 영역의 포커스 및 상호작용을 비활성화하는 데 유용할 수 있습니다. 면접에서는 모달 시 배경 차단을 어떻게 구현하는지(aria-hidden, inert, 포커스 트랩)를 물을 수 있습니다. 실무에서는 브라우저/폴리필 지원 여부를 고려하되, 목적은 “모달 외부로 포커스가 새지 않게” 만드는 것입니다. 또한 닫힐 때 원복 처리가 누락되면 접근성이 크게 망가지므로 상태 관리를 신중히 해야 합니다.		O	TRUE	X	FALSE					frontend	accessibility	a11y	ui
Q345	tabindex(tabindex)		Frontend - Web Accessibility	16	OX	MEDIUM	tabindex="-1"을 주면 해당 요소는 Tab 키로도 순서대로 포커스가 이동한다.	tabindex="-1"은 키보드 Tab 순서에서 제외하는 값입니다. 다만 스크립트로 focus()를 호출하면 포커스를 줄 수 있어, 모달 열림 시 제목으로 포커스를 옮기는 등 “프로그래밍 포커스”에 자주 사용됩니다. 면접에서는 tabindex의 의미(0, -1, 양수)를 정확히 구분하는지 봅니다. 실무에서는 -1을 남발하면 키보드 탐색에서 빠져 의도치 않은 접근성 문제가 생길 수 있습니다. 목적이 “탭 순서 포함”이면 0을, “프로그래밍만”이면 -1을 사용합니다.		O	FALSE	X	TRUE					frontend	accessibility	a11y	keyboard
Q346	role 버튼(role button)		Frontend - Web Accessibility	16	OX	MEDIUM	div에 role="button"만 추가하면 Enter/Space로도 자동으로 동작한다.	role은 의미를 전달하지만, 키보드 이벤트 처리까지 자동으로 구현해주지 않습니다. role="button"을 썼다면 tabindex 부여, Enter/Space 키 처리, 포커스 스타일 제공까지 개발자가 책임져야 합니다. 면접에서는 “가능하면 네이티브 button을 써라”가 정답에 가깝게 나옵니다. 실무에서도 커스텀 버튼은 누락이 잦아 버그가 많고 QA 비용이 커집니다. 불가피할 때만 role을 쓰고, 네이티브 동작을 최대한 재현해야 합니다.		O	FALSE	X	TRUE					frontend	accessibility	a11y	aria
Q347	커스텀 체크박스(Custom Checkbox)		Frontend - Web Accessibility	16	OX	MEDIUM	커스텀 체크박스를 만들 때 role="checkbox"와 aria-checked, Space 키 토글을 구현하면 접근성에 도움이 된다.	체크박스는 상태(선택/해제)와 키보드 동작(Space 토글)이 핵심입니다. 커스텀 UI로 만들면 브라우저 기본 동작이 사라지므로 role="checkbox"와 aria-checked로 의미를 전달하고, 키보드 토글을 직접 구현해야 합니다. 면접에서는 “역할과 상태와 조작”을 함께 말할 수 있는지 확인합니다. 실무에서는 포커스 표시와 클릭 영역(라벨 클릭)도 함께 제공해야 사용성이 올라갑니다. 가능하면 input type="checkbox"를 시각적으로 커스텀하는 방식이 더 안전한 경우도 많습니다.		O	TRUE	X	FALSE					frontend	accessibility	a11y	keyboard
Q348	aria-invalid(aria invalid)		Frontend - Web Accessibility	16	OX	MEDIUM	입력 값이 유효하지 않을 때 aria-invalid="true"로 상태를 표시할 수 있다.	aria-invalid는 필드가 현재 유효하지 않음을 보조기기에 전달하는 속성입니다. 스크린 리더 사용자는 입력 필드에 들어왔을 때 “오류 상태”임을 더 쉽게 인지할 수 있습니다. 면접에서는 aria-invalid와 오류 메시지 연결(aria-describedby)을 함께 설명하는지 보기도 합니다. 실무에서는 검증 타이밍(blur/submit/touched)과 함께 적용해 “입력 전부터 오류 남발”을 피하는 것이 좋습니다. 또한 어떤 규칙이 틀렸는지 오류 텍스트로 명확히 제공해야 실제로 도움이 됩니다.		O	TRUE	X	FALSE					frontend	accessibility	a11y	forms
Q349	오류 즉시 낭독(Announcement)		Frontend - Web Accessibility	16	OX	MEDIUM	aria-describedby로 오류 메시지를 연결하면 모든 환경에서 오류가 즉시 자동 낭독된다.	aria-describedby는 “추가 설명”을 연결하지만, 연결만으로 즉시 낭독이 보장되는 것은 아닙니다. 보통 사용자가 필드에 포커스할 때 설명이 함께 읽히는 방식으로 동작하는 경우가 많습니다. 면접에서는 오류를 ‘즉시’ 알리려면 라이브 영역(aria-live)이나 포커스 이동 전략이 필요하다고 말할 수 있어야 합니다. 실무에서는 제출 실패 시 상단 오류 요약으로 포커스를 보내거나, 첫 오류 필드로 포커스를 이동시키는 패턴이 자주 쓰입니다. 환경별 낭독 차이가 있으니 실제 시나리오 테스트가 중요합니다.		O	FALSE	X	TRUE					frontend	accessibility	a11y	testing
Q350	스킵 링크(Skip Link)		Frontend - Web Accessibility	16	OX	MEDIUM	스킵 링크는 보통 페이지에서 가장 먼저 포커스 가능한 요소로 두는 것이 효과적이다.	스킵 링크는 키보드 사용자가 반복 내비게이션을 건너뛰기 위한 기능입니다. 가장 먼저 포커스를 받게 두면 사용자가 Tab을 한 번 눌렀을 때 바로 “본문으로 건너뛰기”를 선택할 수 있습니다. 면접에서는 스킵 링크 위치와 연결 대상(main 시작점)을 자주 묻습니다. 실무에서는 평소엔 숨기고 포커스 시에만 보이게 디자인해도 기능은 유지됩니다. 또한 SPA에서도 라우트 전환 후 스킵 링크가 동작하도록 id와 포커스 이동을 점검해야 합니다.		O	TRUE	X	FALSE					frontend	accessibility	a11y	html
Q351	양수 tabindex(Positive Tabindex)		Frontend - Web Accessibility	16	OX	MEDIUM	복잡한 UI에서는 1,2,3 같은 양수 tabindex로 탭 순서를 강제하는 것이 권장된다.	양수 tabindex로 탭 순서를 강제하면 유지보수가 매우 어려워집니다. DOM이 조금만 바뀌어도 포커스 순서가 깨지고, 사용자가 예측하기 어려운 탐색 흐름이 생길 수 있습니다. 면접에서는 “양수 tabindex는 피하라”가 자주 나옵니다. 실무에서는 DOM 순서를 논리적으로 배치하고, 위젯 내부는 roving tabindex(0과 -1) 같은 패턴으로 관리하는 편이 안전합니다. 탭 순서는 구조로 해결하는 것이 기본입니다. 강제로 맞추는 것은 마지막 수단입니다.		O	FALSE	X	TRUE					frontend	accessibility	a11y	keyboard
Q352	메뉴 키보드 패턴(Menu)		Frontend - Web Accessibility	16	OX	MEDIUM	ARIA 메뉴 패턴에서는 보통 방향키로 항목 간 이동을 지원하는 것이 기대된다.	메뉴(또는 리스트박스 등) 같은 위젯은 Tab만으로 이동하면 항목 수가 많을 때 탐색 비용이 큽니다. ARIA 위젯 패턴에서는 방향키로 항목 간 이동을 제공하는 것이 일반적인 기대 동작입니다. 면접에서는 ‘Tab은 위젯 진입/이탈, 방향키는 내부 탐색’ 같은 원칙을 설명할 수 있으면 좋습니다. 실무에서는 roving tabindex로 현재 항목만 0, 나머지는 -1로 두고 방향키로 포커스를 옮기는 방식이 자주 쓰입니다. 또한 Home/End, Esc, Enter/Space 동작까지 함께 맞추면 완성도가 올라갑니다.		O	TRUE	X	FALSE					frontend	accessibility	a11y	keyboard
Q353	role=list(role list)		Frontend - Web Accessibility	16	OX	MEDIUM	div role="list"와 role="listitem"만 쓰면 ul/li와 완전히 동일하게 항목 개수와 구조가 항상 전달된다.	role로 의미를 흉내 낼 수는 있지만, 네이티브 요소와 “완전히 동일”하다고 단정하기는 어렵습니다. 브라우저/보조기기 조합에 따라 지원 차이가 있고, 기본 키보드/구조 힌트도 다를 수 있습니다. 면접에서는 “가능하면 네이티브 시맨틱을 먼저”라는 원칙이 중요합니다. 실무에서도 ul/li는 구현 실수가 적고 접근성 품질이 안정적입니다. role 기반 구현은 필요할 때만 쓰고, 테스트 범위를 더 넓게 가져가는 것이 좋습니다. 시맨틱은 흉내보다 실제가 안전합니다.		O	FALSE	X	TRUE					frontend	accessibility	a11y	html
Q354	SVG 제목(SVG Title)		Frontend - Web Accessibility	16	OX	MEDIUM	인라인 SVG 아이콘은 title을 제공하면 보조기기에서 이름을 얻는 데 도움이 될 수 있다.	SVG는 텍스트 대체가 없으면 아이콘 의미가 전달되지 않을 수 있습니다. 인라인 SVG에 title을 제공하면 일부 환경에서 접근성 이름으로 활용될 수 있어 도움이 됩니다. 면접에서는 SVG 접근성에서 “의미 있는 아이콘인가, 장식인가”를 구분해 설명하는지 봅니다. 실무에서는 장식 아이콘은 aria-hidden 처리하고, 의미가 있는 아이콘(아이콘-only 버튼)은 버튼 자체에 aria-label을 주는 방식이 더 명확한 경우가 많습니다. SVG title만 믿기보다는, 실제로 스크린 리더에서 어떻게 읽히는지 확인하는 것이 안전합니다.		O	TRUE	X	FALSE					frontend	accessibility	a11y	svg
Q355	aria-label 이중 낭독		Frontend - Web Accessibility	16	OX	MEDIUM	버튼에 aria-label이 있으면 화면 텍스트와 aria-label을 둘 다 읽어줘서 더 친절해진다.	일반적으로 aria-label은 접근성 이름을 “대체”하는 성격이 강해서, 화면 텍스트 기반 이름을 덮어쓰는 경우가 많습니다. 그래서 둘 다 읽히는 것이 보장되지 않고, 오히려 화면 텍스트와 다른 라벨이 읽혀 혼란이 생길 수 있습니다. 면접에서는 라벨 일관성(보이는 라벨과 접근성 이름)을 중요하게 봅니다. 실무에서는 화면 텍스트가 충분하면 aria-label을 추가하지 않는 편이 안전합니다. 추가 설명이 필요하면 describedby로 보완하는 것이 더 적절합니다. 친절함은 “중복”이 아니라 “정확한 정보”에서 나옵니다.		O	FALSE	X	TRUE					frontend	accessibility	a11y	aria
Q356	아코디언(Accordion)		Frontend - Web Accessibility	16	OX	MEDIUM	아코디언 헤더는 button으로 만들고 aria-expanded와 aria-controls를 동기화하면 접근성에 도움이 된다.	아코디언은 펼침/접힘 상태를 명확히 전달해야 합니다. 헤더를 button으로 만들면 기본 키보드 동작과 포커스 처리가 따라와 안전합니다. aria-expanded는 상태를, aria-controls는 연결된 패널을 나타내는 데 도움을 줍니다. 면접에서는 ‘상태 동기화’가 핵심이라고 말할 수 있어야 합니다. 실무에서는 패널 영역을 숨길 때 display none 처리와 함께, 상태 변경 시 포커스가 튀지 않도록 주의합니다. 또한 헤더 텍스트가 패널 내용을 충분히 대표하는지(라벨 품질)도 중요합니다.		O	TRUE	X	FALSE					frontend	accessibility	a11y	aria
Q357	aria-hidden 포커스		Frontend - Web Accessibility	16	OX	MEDIUM	현재 포커스가 있는 요소(또는 그 조상)에 aria-hidden="true"를 적용해도 안전하다.	aria-hidden은 접근성 트리에서 요소를 숨기는 성격이 있어, 포커스가 있는 요소를 숨기면 보조기기 입장에서 “포커스가 어디 있지”가 깨질 수 있습니다. 이런 상태는 탐색 불능이나 이상 낭독을 유발할 수 있어 위험합니다. 면접에서는 aria-hidden을 언제 쓰면 안 되는지(인터랙티브, 포커스 가능 요소) 질문이 나올 수 있습니다. 실무에서는 배경을 숨길 때도 포커스가 배경에 남아 있지 않도록 먼저 포커스를 모달로 옮긴 뒤 적용해야 합니다. 숨김과 포커스는 항상 함께 관리해야 합니다. 포커스 요소를 숨기는 것은 대표적인 접근성 버그입니다.		O	FALSE	X	TRUE					frontend	accessibility	a11y	aria
Q358	prefers-reduced-motion		Frontend - Web Accessibility	16	OX	MEDIUM	prefers-reduced-motion을 존중해 애니메이션을 줄이면 모션 민감 사용자에게 도움이 된다.	모션 민감 사용자는 강한 전환/패럴럭스/확대 애니메이션에서 불편을 겪을 수 있습니다. prefers-reduced-motion은 사용자가 “모션을 줄여달라”는 선호를 OS/브라우저에 설정했을 때 이를 반영할 수 있는 수단입니다. 면접에서는 접근성을 “선택권 제공”으로 설명할 때 좋은 예시가 됩니다. 실무에서는 필수 정보 전달에 애니메이션을 의존하지 않도록 하고, 전환 시간을 줄이거나 효과를 제거하는 방식으로 대응합니다. 또한 자동 스크롤/자동 전환 같은 강제 모션도 함께 줄이면 체감이 큽니다. 접근성은 사용자에게 제어권을 돌려주는 설계입니다.		O	TRUE	X	FALSE					frontend	accessibility	a11y	css
Q359	비텍스트 대비(Non-text Contrast)		Frontend - Web Accessibility	16	OX	MEDIUM	접근성에서 대비는 텍스트에만 적용되므로 버튼 테두리나 아이콘 대비는 중요하지 않다.	대비는 텍스트뿐 아니라, 아이콘, 포커스 링, 입력 테두리 같은 UI 요소에도 중요합니다. 시각적으로 구분이 안 되면 사용자는 “여기가 입력창인지”, “버튼 경계가 어디인지”를 파악하기 어렵습니다. 면접에서는 텍스트 대비만 외우기보다, UI 컴포넌트의 식별 가능성까지 고려하는지 보기도 합니다. 실무에서는 포커스 표시, 에러 테두리, 아이콘 상태(활성/비활성)가 다양한 배경에서도 충분히 구분되는지 QA합니다. 특히 다크모드에서 테두리/아이콘 대비가 무너지는 경우가 많아 주의해야 합니다. 접근성은 읽기뿐 아니라 조작의 정확성과도 연결됩니다.		O	FALSE	X	TRUE					frontend	accessibility	a11y	ui
Q360	roving tabindex		Frontend - Web Accessibility	16	OX	MEDIUM	roving tabindex 패턴은 위젯 내부에서 한 항목만 tabindex=0으로 두고 나머지는 -1로 둔 뒤, 방향키로 0의 위치를 옮기는 방식이다.	roving tabindex는 메뉴, 탭 리스트, 리스트박스처럼 “항목이 많은 위젯”에서 키보드 탐색을 자연스럽게 만들기 위한 패턴입니다. Tab 키는 위젯에 진입/이탈에만 쓰고, 위젯 내부 이동은 방향키로 처리하는 것이 일반적입니다. 면접에서는 양수 tabindex를 피하고 roving tabindex를 쓰는 이유를 설명할 수 있어야 합니다. 실무에서는 현재 활성 항목만 tabindex=0으로 유지하고 나머지는 -1로 둬서 Tab 이동량이 폭증하지 않게 합니다. 또한 aria-activedescendant를 쓰는 방식과 비교 질문이 나올 수 있으니 장단점을 정리해두면 좋습니다. 구현 후에는 실제 키보드 탐색이 끊기지 않는지 반드시 테스트해야 합니다.		O	TRUE	X	FALSE					frontend	accessibility	a11y	keyboard
Q361	aria-activedescendant		Frontend - Web Accessibility	16	OX	MEDIUM	aria-activedescendant를 쓰면 컨테이너가 포커스를 유지한 채로, ‘활성 항목’만 id로 가리키는 방식의 탐색을 구현할 수 있다.	aria-activedescendant는 포커스는 컨테이너에 두고, 실제로 “선택/활성”된 항목을 별도로 가리키는 패턴입니다. 리스트박스, 자동완성 콤보박스 등에서 자주 등장합니다. 면접에서는 roving tabindex와 aria-activedescendant의 차이(포커스 이동 vs 활성 항목 표시)를 묻기도 합니다. 실무에서는 스크린 리더 지원 차이가 있을 수 있어 대상 환경 테스트가 중요합니다. 또한 활성 항목이 DOM에 존재해야 하고 id가 고유해야 하며, 스크롤로 활성 항목이 보이게 유지하는 UX도 함께 챙겨야 합니다. 잘 쓰면 포커스 관리가 단순해지지만 구현이 더 섬세합니다.		O	TRUE	X	FALSE					frontend	accessibility	a11y	aria
Q362	dialog label		Frontend - Web Accessibility	16	OX	MEDIUM	모달(role="dialog")은 aria-labelledby나 aria-label로 ‘모달 제목(이름)’을 제공하는 것이 권장된다.	dialog는 사용자에게 ‘지금 어떤 대화상자인지’를 알려주는 이름이 매우 중요합니다. 제목이 없으면 스크린 리더가 “dialog”만 안내하고, 사용자는 내용 맥락을 빠르게 파악하기 어렵습니다. 면접에서는 role="dialog"에 무엇이 더 필요하냐고 물을 때 이름 제공이 핵심 답변이 됩니다. 실무에서는 모달 헤더의 제목 요소를 aria-labelledby로 참조하면 번역/일관성에도 유리합니다. 제목이 시각적으로 숨겨져도 시각 숨김 패턴으로 접근성 이름은 유지할 수 있습니다. 또한 닫기 버튼 라벨도 함께 명확히 제공해야 모달 UX가 완성됩니다.		O	TRUE	X	FALSE					frontend	accessibility	a11y	aria
Q363	dialog role만으로 충분		Frontend - Web Accessibility	16	OX	MEDIUM	role="dialog"만 설정하면 제목/설명 없이도 모달 접근성이 충분하다.	role은 “이것이 대화상자”라는 의미만 알려줄 뿐, 무엇에 대한 모달인지까지는 알려주지 못합니다. 제목(aria-labelledby/aria-label)과 필요 시 설명(aria-describedby)이 있어야 사용자가 맥락을 즉시 이해합니다. 면접에서는 ‘의미+이름+포커스’ 세트로 답할 수 있어야 합니다. 실무에서도 제목이 없는 모달은 QA에서 흔히 지적됩니다. 특히 오류/경고 모달은 “무슨 문제인지”를 빠르게 파악해야 하므로 제목과 요약이 중요합니다. 따라서 role만으로 충분하다는 주장은 틀립니다.		O	FALSE	X	TRUE					frontend	accessibility	a11y	ui
Q364	aria-live 우선순위		Frontend - Web Accessibility	16	OX	MEDIUM	aria-live="assertive"는 중요한 에러나 보안 경고처럼 즉시 알려야 하는 경우에만 제한적으로 쓰는 것이 좋다.	assertive는 현재 낭독을 끊고 우선적으로 알리려는 성격이 있어 남발하면 사용 경험이 크게 나빠집니다. 면접에서는 polite와 assertive의 사용 기준을 설명하는 문제가 자주 나옵니다. 실무에서는 일반 상태 변화는 polite, 작업 실패/결제 오류/보안 경고처럼 즉시 알림이 필요한 이벤트만 assertive를 고려합니다. 또한 이벤트가 반복 발생하면 알림 폭주가 생길 수 있어 디바운스나 메시지 합치기 같은 설계가 필요합니다. 라이브 알림은 “중요도” 기반으로 설계해야 접근성이 좋아집니다.		O	TRUE	X	FALSE					frontend	accessibility	a11y	aria
Q365	live region로 뭐든 해결		Frontend - Web Accessibility	16	OX	MEDIUM	폼 오류는 무조건 aria-live만 붙이면 충분하고, 포커스 이동이나 요약 제공은 필요 없다.	aria-live는 도움 되지만 “무조건 충분”하진 않습니다. 사용자는 어느 필드가 문제인지 위치를 알아야 하고, 해결 방법도 바로 확인할 수 있어야 합니다. 면접에서는 오류 처리 패턴으로 ‘상단 요약 + 첫 오류 포커스 + 필드 근처 메시지’를 조합하는 설명이 좋은 답변이 됩니다. 실무에서는 제출 시 오류 요약 영역에 포커스를 보내고, 링크로 각 오류 필드로 점프하게 하는 패턴이 널리 쓰입니다. live region은 그중 하나의 보조 수단이고, 사용자 흐름을 설계하는 것이 핵심입니다.		O	FALSE	X	TRUE					frontend	accessibility	a11y	forms
Q366	focus-visible		Frontend - Web Accessibility	16	OX	MEDIUM	focus-visible을 활용하면 마우스 클릭 시에는 포커스 링을 숨기고, 키보드 탐색 시에만 포커스 링을 보여줄 수 있다.	포커스 링은 접근성 핵심인데, 디자인 이유로 제거되는 일이 흔합니다. focus-visible은 “키보드 탐색 때만” 강조하도록 도와줘 디자인과 접근성을 동시에 만족시키는 선택지입니다. 면접에서는 포커스 표시를 없애지 말고 대안을 제시할 수 있는지 봅니다. 실무에서는 focus 상태는 유지하되 focus-visible로 스타일을 분리해 마우스 사용자에게 과도한 링이 보이지 않게 할 수 있습니다. 다만 브라우저 지원/폴리필 정책을 확인하고, 커스텀 컴포넌트에서도 동일하게 적용되도록 디자인 시스템으로 관리하는 것이 좋습니다.		O	TRUE	X	FALSE					frontend	accessibility	a11y	css
Q367	:focus 제거		Frontend - Web Accessibility	16	OX	MEDIUM	outline: none으로 포커스 표시를 제거해도, 마우스를 쓰는 사용자가 많으면 괜찮다.	접근성은 “특정 사용자만” 기준으로 판단하면 안 됩니다. 키보드 사용자에게 포커스 표시가 없으면 현재 위치를 알 수 없어 탐색이 불가능해집니다. 면접에서는 outline 제거가 대표적인 접근성 안티패턴으로 자주 등장합니다. 실무에서도 outline을 제거하려면 대체 포커스 스타일을 반드시 제공해야 합니다. focus-visible 같은 대안을 쓰거나, 브랜드에 맞는 포커스 링을 디자인 토큰으로 정의하는 방식이 좋습니다. 마우스 사용자가 많다는 이유로 포커스 표시를 없애면 일부 사용자는 제품을 사용할 수 없게 됩니다.		O	FALSE	X	TRUE					frontend	accessibility	a11y	keyboard
Q368	form name 계산		Frontend - Web Accessibility	16	OX	MEDIUM	input의 label 연결이 없으면, placeholder가 접근성 이름으로 자동 대체되기도 하지만 항상 보장되지는 않는다.	placeholder는 라벨의 대체로 쓰기엔 위험합니다. 일부 환경에서 이름처럼 읽히는 경우가 있어도 일관되지 않고, placeholder가 사라지면(입력 시작) 맥락이 사라지기도 합니다. 면접에서는 “placeholder는 라벨이 아니다”를 정확히 말하는지 봅니다. 실무에서는 label(for-id) 또는 aria-label/aria-labelledby로 안정적인 이름을 제공하고, placeholder는 예시/힌트 역할로만 쓰는 것이 좋습니다. 특히 폼이 길수록 label이 없으면 사용자는 입력 목적을 잃습니다. 접근성은 일관성이 핵심입니다.		O	TRUE	X	FALSE					frontend	accessibility	a11y	forms
Q369	label hidden		Frontend - Web Accessibility	16	OX	MEDIUM	디자인상 라벨을 숨겨야 한다면, 시각 숨김(Visually Hidden)으로 라벨을 유지하는 방식이 도움이 된다.	라벨을 아예 없애면 스크린 리더 사용자는 필드 목적을 알기 어렵습니다. 시각 숨김은 화면에는 안 보이게 하면서 보조기기에는 라벨을 제공하는 대표 기법입니다. 면접에서는 sr-only 패턴을 실제로 적용할 수 있는지 질문할 수 있습니다. 실무에서는 placeholder만 남기는 대신 라벨을 시각 숨김으로 유지하고, 도움말은 aria-describedby로 연결하는 방식이 안정적입니다. 또한 자동완성이나 브라우저 폼 채우기에서도 라벨이 있으면 UX가 좋아집니다. 라벨을 숨기더라도 “정보는 남겨야” 합니다.		O	TRUE	X	FALSE					frontend	accessibility	a11y	css
Q370	modal close focus restore		Frontend - Web Accessibility	16	OX	MEDIUM	모달이 닫힐 때는 보통 모달을 열었던 트리거 버튼으로 포커스를 되돌리는 것이 권장된다.	모달을 열면 사용자는 특정 컨텍스트에서 작업을 이어갑니다. 닫힌 뒤 포커스가 사라지거나 페이지 맨 위로 가면 사용자는 위치를 잃습니다. 면접에서는 포커스 복귀까지 설명하는지에 따라 숙련도를 판단합니다. 실무에서는 모달을 연 버튼을 저장해두고, 닫힐 때 focus()로 복귀시키는 패턴이 자주 쓰입니다. 다만 모달 안에서 페이지 이동이 일어났다면 복귀 대상이 달라질 수 있으니 예외 처리를 고민해야 합니다. 포커스 관리는 ‘사용자 위치 기억’입니다.		O	TRUE	X	FALSE					frontend	accessibility	a11y	keyboard
Q371	focus restore 불필요		Frontend - Web Accessibility	16	OX	MEDIUM	모달을 닫을 때 포커스 복귀는 중요하지 않고, 아무 데나 두면 된다.	포커스 복귀가 없으면 키보드 사용자는 현재 위치를 잃고 다시 찾아야 합니다. 스크린 리더 사용자는 낭독 맥락이 끊겨 “어디로 갔지”가 됩니다. 면접에서는 포커스 복귀가 모달 접근성 체크리스트의 핵심이라고 답하는 것이 일반적입니다. 실무에서도 포커스 복귀 누락은 흔한 버그이며 사용자 불편이 큽니다. 특히 페이지가 길거나 인터랙션이 복잡할수록 복귀의 중요성이 커집니다. 따라서 “아무 데나”는 접근성 관점에서 틀린 선택입니다.		O	FALSE	X	TRUE					frontend	accessibility	a11y	ui
Q372	table caption		Frontend - Web Accessibility	16	OX	MEDIUM	데이터 테이블에 caption을 제공하면 표가 무엇을 의미하는지 맥락 전달에 도움이 된다.	caption은 표의 제목/설명을 제공해 ‘이 표가 무엇을 나타내는지’를 빠르게 이해하게 합니다. 스크린 리더 사용자는 표로 진입할 때 caption을 듣고 데이터 해석의 기준을 잡을 수 있습니다. 면접에서는 th/scope뿐 아니라 caption까지 언급하면 플러스가 됩니다. 실무에서는 caption을 시각적으로 숨기더라도 접근성 용도로 유지할 수 있습니다. 표가 복잡할수록 caption과 요약 설명이 유용합니다.		O	TRUE	X	FALSE					frontend	accessibility	a11y	html
Q373	th scope		Frontend - Web Accessibility	16	OX	MEDIUM	간단한 표에서는 th에 scope="col/row"를 주면 헤더-셀 관계를 이해하는 데 도움이 될 수 있다.	scope는 th가 어떤 방향의 헤더인지(열/행)를 알려줍니다. 단순한 표에서는 th+scope만으로도 접근성 품질을 크게 높일 수 있습니다. 면접에서는 표 접근성에서 가장 먼저 나오는 실무 팁이기도 합니다. 실무에서는 표 구조가 복잡해지면 headers/id 관계를 고려하지만, 먼저 표를 단순화하는 것이 우선입니다. 또한 시각적으로만 굵게 표시한 td를 헤더로 착각하지 않도록 마크업을 정확히 하는 것이 중요합니다.		O	TRUE	X	FALSE					frontend	accessibility	a11y	html
Q374	aria-describedby 다중		Frontend - Web Accessibility	16	OX	MEDIUM	aria-describedby는 여러 id를 지정해 도움말과 오류 메시지를 동시에 연결할 수 있다.	aria-describedby는 공백으로 구분된 여러 id를 받을 수 있어, 도움말과 오류를 함께 연결하는 것이 가능합니다. 면접에서는 이를 활용해 “항상 읽히는 도움말 + 조건부 오류” 구조를 설계할 수 있는지 볼 수 있습니다. 실무에서는 오류가 없을 때는 오류 id를 빼거나, 오류 요소를 DOM에 유지하되 내용만 비우는 방식으로 낭독 흐름을 조절하기도 합니다. 다만 설명이 너무 길면 낭독 피로가 커지므로 문구를 간결히 해야 합니다. 무엇을 언제 읽힐지 사용자 흐름 기준으로 설계하는 것이 중요합니다.		O	TRUE	X	FALSE					frontend	accessibility	a11y	forms
Q375	aria-controls 필수		Frontend - Web Accessibility	16	OX	MEDIUM	aria-expanded를 쓰는 토글에는 aria-controls를 반드시 항상 함께 써야 한다.	aria-controls는 토글이 제어하는 대상 요소를 가리키는 데 도움을 주지만, “항상 필수”는 아닙니다. 구조적으로 명확하고, 스크린 리더가 이미 관계를 유추할 수 있으면 생략하는 경우도 있습니다. 면접에서는 “왜 쓰는지, 언제 유용한지”를 설명하는 게 핵심입니다. 실무에서는 아코디언/드롭다운처럼 제어 대상이 명확할 때 aria-controls를 추가하면 도움이 될 수 있습니다. 다만 id 관리가 복잡해지고, 대상이 렌더링에서 사라지면 연결이 깨질 수 있으니 유지보수 비용도 고려해야 합니다. 필수라는 단정은 위험합니다.		O	FALSE	X	TRUE					frontend	accessibility	a11y	aria
Q376	summary/details		Frontend - Web Accessibility	16	OX	MEDIUM	details/summary 요소는 브라우저가 기본 토글 동작을 제공하므로 아코디언 구현에 유용할 수 있다.	details/summary는 네이티브로 펼침/접힘 UI를 제공합니다. 기본 키보드 동작과 상태 관리가 제공되어 커스텀 구현보다 접근성 위험이 줄어듭니다. 면접에서는 ‘네이티브 우선’ 관점에서 이런 선택지를 말할 수 있으면 좋습니다. 실무에서는 디자인 커스터마이징이 제한될 수 있지만, 가능한 범위 내에서 사용하는 전략이 유지보수에 유리합니다. 또한 open 속성으로 상태 제어도 가능하니 상태 동기화가 비교적 단순합니다.		O	TRUE	X	FALSE					frontend	accessibility	a11y	html
Q377	details/summary 완벽		Frontend - Web Accessibility	16	OX	MEDIUM	details/summary를 쓰면 어떤 환경에서도 접근성 문제가 전혀 생기지 않는다.	네이티브 요소가 유리한 것은 맞지만, “전혀 문제 없다”는 단정은 위험합니다. 브라우저/보조기기 조합에 따라 낭독이나 키보드 동작 차이가 있을 수 있고, 커스텀 스타일링이 과하면 기본 동작을 망칠 수도 있습니다. 면접에서는 도구/요소를 맹신하기보다 실제 테스트의 중요성을 강조하는 답변이 좋습니다. 실무에서도 네이티브를 쓰더라도 포커스 표시, 제목 라벨, 콘텐츠 구조(헤딩) 같은 기본기는 필요합니다. 또한 중첩 details를 과하게 쓰면 탐색이 어려워질 수 있어 정보 구조 설계가 중요합니다.		O	FALSE	X	TRUE					frontend	accessibility	a11y	testing
Q378	toast 알림과 포커스		Frontend - Web Accessibility	16	OX	MEDIUM	토스트 알림은 보통 포커스를 강제로 옮기기보다, aria-live로 변화만 알리는 방식이 더 적절한 경우가 많다.	토스트는 보통 비차단(non-blocking) 안내라서 사용 흐름을 끊지 않는 것이 중요합니다. 포커스를 강제로 이동시키면 입력 중인 사용자가 흐름을 잃을 수 있습니다. 면접에서는 토스트/스낵바에서 aria-live polite를 쓰는 이유를 설명하게 할 수 있습니다. 실무에서는 중요한 실패/보안 경고는 예외로 모달이나 assertive를 고려할 수 있지만, 일반 안내는 live region으로만 알리는 것이 안전합니다. 또한 토스트가 사라질 때도 사용자에게 불리하지 않게, 충분한 시간 또는 수동 닫기 옵션을 제공하는 것이 좋습니다.		O	TRUE	X	FALSE					frontend	accessibility	a11y	ui
Q379	toast는 무조건 포커스		Frontend - Web Accessibility	16	OX	MEDIUM	어떤 토스트 알림이든 항상 토스트로 포커스를 이동시키는 것이 가장 접근성이 좋다.	포커스 강제 이동은 “항상” 좋은 것이 아닙니다. 입력 중인 사용자는 흐름이 끊기고, 스크린 리더 사용자도 현재 컨텍스트를 잃을 수 있습니다. 면접에서는 알림의 성격(차단/비차단)에 맞는 패턴을 선택할 수 있는지 봅니다. 실무에서는 대부분의 토스트는 aria-live로만 알리고, 정말 중요한 상황에서만 모달/포커스 이동 같은 강한 개입을 합니다. ‘항상’은 접근성 설계에서 위험한 단어입니다. 상황 기반으로 선택하는 것이 정답입니다.		O	FALSE	X	TRUE					frontend	accessibility	a11y	ux
Q380	Combobox(콤보박스)		Frontend - Web Accessibility	16	OX	MEDIUM	자동완성 입력 UI(콤보박스)는 입력(input)과 옵션 목록(listbox)의 관계를 접근성 속성으로 연결하는 것이 중요하다.	자동완성 UI는 “입력 필드 + 제안 목록”이라는 두 덩어리로 동작합니다. 스크린 리더 사용자는 지금 목록이 열렸는지, 몇 개의 옵션이 있는지, 현재 어떤 옵션이 활성인지 정보를 필요로 합니다. 면접에서는 콤보박스가 대표적인 “복합 위젯”이라서 연결 속성(예: aria-expanded, aria-controls, role=listbox 등)을 알고 있는지 묻기도 합니다. 실무에서는 WAI-ARIA Authoring Practices의 콤보박스 패턴을 참고해 구현하는 게 안전합니다. 또한 방향키로 옵션 이동, Enter로 선택, Esc로 닫기 같은 키보드 동작까지 세트로 맞춰야 접근성이 완성됩니다. 구현 난도가 높아 테스트(스크린 리더/키보드)가 특히 중요합니다.		O	TRUE	X	FALSE					frontend	accessibility	a11y	aria
Q381	Combobox 키보드 UX		Frontend - Web Accessibility	16	OX	MEDIUM	자동완성 목록이 열린 상태에서 방향키 이동을 지원하지 않아도, Tab으로만 이동 가능하면 충분하다.	자동완성 목록을 Tab으로만 탐색하게 만들면 옵션 수가 조금만 늘어도 탐색이 매우 비효율적입니다. ARIA 위젯 패턴에서는 보통 Tab은 위젯 진입/이탈, 방향키는 내부 탐색으로 설계합니다. 면접에서는 이런 “키보드 인터랙션 표준”을 이해하는지 확인할 수 있습니다. 실무에서는 방향키로 옵션 이동, Enter로 선택, Esc로 닫기, Home/End로 점프 같은 동작을 제공하면 사용성이 크게 좋아집니다. 특히 스크린 리더 사용자는 방향키로 “활성 옵션”을 들으면서 선택하는 흐름이 자연스럽습니다. 따라서 Tab만으로 충분하다는 주장은 틀립니다.		O	FALSE	X	TRUE					frontend	accessibility	a11y	keyboard
Q382	aria-autocomplete		Frontend - Web Accessibility	16	OX	MEDIUM	자동완성 입력에서는 aria-autocomplete 속성이 동작 형태(예: list, both)를 설명하는 데 도움이 될 수 있다.	aria-autocomplete는 입력에서 자동완성이 어떤 방식으로 제공되는지(리스트 제안만, 입력값 자동완성 포함 등)를 표현하는 데 쓰입니다. 면접에서는 콤보박스 패턴에서 aria-autocomplete를 언제 쓰는지 질문할 수 있습니다. 실무에서는 aria-autocomplete 자체보다, 전체 패턴(roles, aria-expanded, aria-controls, active descendant 등)을 일관되게 맞추는 것이 더 중요합니다. 일부 환경에서 지원 차이가 있으니 반드시 실제 보조기기 테스트를 해야 합니다. 또한 “자동완성”이 사용자의 입력을 덮어쓰지 않도록(예측 입력의 부작용) UX도 함께 고려해야 합니다.		O	TRUE	X	FALSE					frontend	accessibility	a11y	forms
Q383	aria-label로만 콤보박스 해결		Frontend - Web Accessibility	16	OX	MEDIUM	자동완성 UI는 입력에 aria-label만 잘 달면, 목록과의 관계 속성은 없어도 접근성이 충분하다.	자동완성은 입력 필드만의 문제가 아니라 “목록 상태와 탐색”이 핵심입니다. aria-label은 입력의 이름을 주지만, 목록이 열렸는지, 현재 어떤 옵션이 활성인지, 선택했는지 같은 정보는 해결하지 못합니다. 면접에서는 “접근성 이름”과 “위젯 상태/관계”를 구분하는지 확인할 수 있습니다. 실무에서는 listbox 역할, aria-expanded, aria-controls, aria-activedescendant 등 관계/상태 속성을 함께 갖춰야 스크린 리더가 제대로 안내할 수 있습니다. 결국 이름만으로는 충분하지 않습니다. 복합 위젯은 패턴을 통째로 맞춰야 합니다.		O	FALSE	X	TRUE					frontend	accessibility	a11y	aria
Q384	aria-live 중복 방지		Frontend - Web Accessibility	16	OX	MEDIUM	라이브 영역 안내는 동일 메시지가 반복될 때 ‘다시 읽히지 않는’ 문제가 있어, 메시지 갱신 방식을 고려해야 한다.	aria-live는 같은 텍스트가 그대로면 일부 환경에서 다시 읽히지 않을 수 있습니다. 면접에서는 라이브 영역이 “생각보다 까다롭다”는 실무 포인트로 자주 언급됩니다. 실무에서는 메시지를 실제로 바꾸거나(예: 타임스탬프, 공백 처리), aria-atomic 설정을 조정해 낭독을 유도하기도 합니다. 다만 억지 갱신은 낭독 소음을 만들 수 있어, 정말 필요한 이벤트에만 적용하는 것이 좋습니다. 또한 토스트가 너무 자주 뜨면 어떤 방식이든 사용자는 피로해집니다. 알림 빈도와 우선순위를 설계하는 것이 핵심입니다.		O	TRUE	X	FALSE					frontend	accessibility	a11y	ui
Q385	aria-atomic(aria atomic)		Frontend - Web Accessibility	16	OX	MEDIUM	aria-atomic="true"를 쓰면 라이브 영역에서 변경된 일부만이 아니라 전체 문장이 읽히도록 하는 데 도움이 될 수 있다.	aria-atomic은 라이브 영역 낭독 범위를 조절하는 속성입니다. true일 때는 변경된 일부만 읽히지 않고 전체를 읽게 되는 경향이 있어, 맥락을 잃지 않게 도울 수 있습니다. 면접에서는 live region을 깊게 물을 때 aria-atomic이나 aria-relevant가 나올 수 있습니다. 실무에서는 전체를 계속 읽으면 오히려 과하게 길어질 수 있으니, 문구를 짧게 유지하고 이벤트 빈도를 줄이는 설계가 중요합니다. 어떤 구성이 사용자에게 더 낫냐는 실제 테스트로 확인하는 것이 안전합니다.		O	TRUE	X	FALSE					frontend	accessibility	a11y	aria
Q386	label in name		Frontend - Web Accessibility	16	OX	MEDIUM	보이는 버튼 텍스트와 접근성 이름(aria-label 등)이 일치하거나 포함 관계가 있으면 음성 제어 사용자에게 도움이 될 수 있다.	음성 제어(예: “저장 버튼 클릭”)는 보이는 라벨을 기준으로 동작하는 경우가 많습니다. 접근성 이름이 화면 라벨과 다르면 음성 호출이 실패하거나, 사용자가 어떤 이름을 말해야 할지 혼란이 생깁니다. 면접에서는 ‘Label in Name’ 관점으로 라벨 일관성을 설명할 수 있으면 좋습니다. 실무에서는 화면 텍스트를 aria-labelledby로 참조하거나, aria-label을 쓰더라도 화면 텍스트를 포함하는 방식으로 일관성을 유지합니다. 이 원칙은 스크린 리더뿐 아니라 자동 테스트/QA에도 도움이 됩니다.		O	TRUE	X	FALSE					frontend	accessibility	a11y	ux
Q387	label 불일치 괜찮다		Frontend - Web Accessibility	16	OX	MEDIUM	화면 텍스트는 “저장”인데 aria-label은 “확인”이어도 사용자에게 큰 문제는 없다.	화면과 접근성 이름이 다르면 사용자 경험이 깨집니다. 스크린 리더 사용자는 “확인 버튼”을 듣지만 화면에는 “저장”이 보이니 협업 상황에서 소통이 어려워집니다. 음성 제어 사용자는 “저장”이라고 말했는데 동작이 안 될 수도 있습니다. 면접에서는 “보이는 것과 들리는 것의 일치”가 접근성 품질의 중요한 기준이라고 답하는 편이 좋습니다. 실무에서도 라벨 불일치는 번역/디자인 변경 시 자주 생기는 버그라서, 디자인 시스템에서 라벨을 단일 소스로 관리하는 것이 도움이 됩니다. 따라서 큰 문제 없다는 말은 틀립니다.		O	FALSE	X	TRUE					frontend	accessibility	a11y	aria
Q388	focus order 논리		Frontend - Web Accessibility	16	OX	MEDIUM	키보드 포커스 순서는 시각적 배치와 가능한 한 논리적으로 일치하는 것이 좋다.	포커스 순서가 시각적 순서와 다르면 사용자는 “왜 갑자기 다른 곳으로 점프하지?”를 경험합니다. 특히 스크린 리더 사용자는 구조를 기반으로 탐색하기 때문에 더 혼란이 큽니다. 면접에서는 포커스 순서를 ‘DOM 순서’와 연결해 설명하는지 확인할 수 있습니다. 실무에서는 CSS로 시각적 순서를 크게 바꾸기보다, DOM 구조 자체를 논리적으로 배치하는 것이 안전합니다. grid/flex의 order 속성 남용도 포커스 순서 불일치 원인이 될 수 있으니 주의해야 합니다.		O	TRUE	X	FALSE					frontend	accessibility	a11y	keyboard
Q389	시각 순서만 중요		Frontend - Web Accessibility	16	OX	MEDIUM	포커스 순서는 시각적 순서와 달라도 괜찮고, 화면만 보기 좋으면 된다.	접근성은 다양한 입력 방식과 탐색 방식을 고려해야 합니다. 포커스 순서가 뒤죽박죽이면 키보드 사용자는 작업을 완료하기 어려워집니다. 면접에서는 이 문제를 “사용 성공률” 관점에서 설명하는 답변이 좋습니다. 실무에서는 포커스 순서를 맞추기 위해 DOM 순서를 조정하거나, 불가피한 경우에는 구조를 다시 설계하는 편이 낫습니다. 화면만 보기 좋으면 된다는 기준은 접근성 품질과 충돌합니다. 따라서 이 주장은 틀립니다.		O	FALSE	X	TRUE					frontend	accessibility	a11y	ux
Q390	aria-describedby 순서		Frontend - Web Accessibility	16	OX	MEDIUM	aria-describedby에 여러 id를 넣으면, 보조기기는 보통 지정된 id 순서대로 설명을 읽는 경향이 있다.	aria-describedby는 여러 참조를 공백으로 나열할 수 있고, 낭독 순서가 id 나열 순서를 따르는 경우가 많습니다. 면접에서는 “도움말 → 오류”처럼 낭독 순서를 의도적으로 설계하는 포인트가 나올 수 있습니다. 실무에서는 도움말과 오류를 모두 연결할 때, 사용자가 먼저 들어야 할 정보를 앞에 두는 편이 좋습니다. 다만 보조기기/브라우저에 따라 차이가 있을 수 있어, 최종적으로는 실제 테스트로 확인해야 합니다. 순서 설계는 작은 디테일이지만 체감이 큽니다.		O	TRUE	X	FALSE					frontend	accessibility	a11y	forms
Q391	ARIA는 항상 안전		Frontend - Web Accessibility	16	OX	MEDIUM	ARIA 속성은 많을수록 무조건 접근성이 좋아진다.	ARIA는 올바르게 쓰면 도움이 되지만, 과하면 오히려 접근성 트리를 왜곡할 수 있습니다. 잘못된 role, 잘못된 상태 값, 중복 라벨은 사용자에게 틀린 정보를 전달합니다. 면접에서는 “No ARIA is better than bad ARIA”라는 관점을 아는지 보기도 합니다. 실무에서는 먼저 네이티브 시맨틱을 활용하고, 부족한 부분만 최소한의 ARIA로 보완하는 전략이 안전합니다. 또한 ARIA를 추가했으면 반드시 키보드/스크린 리더 테스트로 검증해야 합니다. “많을수록 좋다”는 접근성에서 매우 위험한 생각입니다.		O	FALSE	X	TRUE					frontend	accessibility	a11y	aria
Q392	name role value		Frontend - Web Accessibility	16	OX	MEDIUM	접근성에서 요소는 대체로 Name, Role, Value(또는 State)가 명확해야 사용자가 이해하기 쉽다.	스크린 리더는 요소를 읽을 때 보통 “이름(무엇인지) + 역할(무슨 컨트롤인지) + 상태/값(현재 어떤 상태인지)”을 안내합니다. 면접에서는 이 프레임으로 UI를 설명할 수 있으면 접근성 이해도가 높다고 평가받습니다. 실무에서도 커스텀 컴포넌트를 만들 때 Name/Role/State가 빠지면 바로 접근성 결함이 됩니다. 예를 들어 토글 버튼은 이름(즐겨찾기), 역할(button), 상태(pressed true/false)가 명확해야 합니다. 이 프레임은 디버깅에도 유용합니다. 어떤 정보가 빠졌는지 빠르게 체크할 수 있기 때문입니다.		O	TRUE	X	FALSE					frontend	accessibility	a11y	testing
Q393	role만 있으면 된다		Frontend - Web Accessibility	16	OX	MEDIUM	커스텀 컴포넌트는 role만 맞추면 이름이나 상태 값이 없어도 대체로 충분하다.	role만 있으면 사용자는 “이게 버튼이다” 정도만 알 수 있고, 무엇을 하는 버튼인지(이름)와 현재 상태(토글/선택 등)는 알 수 없습니다. 면접에서는 커스텀 위젯에서 name/role/state를 모두 제공해야 한다고 답하는 것이 정석입니다. 실무에서도 이름 없는 버튼은 “button”만 읽혀서 무엇인지 알 수 없고, 상태 없는 체크박스는 선택 여부를 파악할 수 없습니다. 따라서 role만으로 충분하다는 주장은 틀립니다. 접근성은 ‘의미+정보’가 함께 있어야 합니다.		O	FALSE	X	TRUE					frontend	accessibility	a11y	aria
Q394	aria-label 번역 관리		Frontend - Web Accessibility	16	OX	MEDIUM	aria-label 같은 접근성 텍스트도 UI 텍스트처럼 번역 리소스에서 관리하는 것이 바람직하다.	접근성 텍스트는 실제로 사용자에게 읽히는 “제품 문구”입니다. 그래서 UI 언어와 일치해야 하고, 다국어라면 번역 누락이 없어야 합니다. 면접에서는 “접근성도 i18n 대상”이라고 말할 수 있으면 좋습니다. 실무에서는 aria-label을 하드코딩하면 번역이 누락되거나, 화면 텍스트와 불일치가 생기기 쉽습니다. aria-labelledby로 화면 텍스트를 참조하면 번역 일관성이 좋아지는 장점도 있습니다. 접근성 문구를 콘텐츠 자산으로 관리하는 습관이 품질을 올립니다.		O	TRUE	X	FALSE					frontend	accessibility	a11y	i18n
Q395	다국어와 lang		Frontend - Web Accessibility	16	OX	MEDIUM	페이지 언어(lang) 설정이 없으면 스크린 리더 발음/억양이 부정확해질 수 있다.	lang은 스크린 리더가 발음 규칙을 선택하는 핵심 단서입니다. 설정이 없으면 기본 언어로 읽어 억양이 어색해지고, 이해도가 떨어질 수 있습니다. 면접에서는 lang의 필요성과, 문서 전체 lang와 부분 lang(영어 구간 등) 적용을 질문할 수 있습니다. 실무에서는 HTML 루트에 기본 lang를 두고, 다른 언어 구간에만 부분 lang를 주는 방식이 일반적입니다. 번역 페이지라면 라우트/서버 렌더링 단계에서 lang가 항상 정확히 설정되도록 체크해야 합니다. 작은 속성이지만 낭독 품질에 큰 영향을 줍니다.		O	TRUE	X	FALSE					frontend	accessibility	a11y	html
Q396	키보드 단축키 충돌		Frontend - Web Accessibility	16	OX	MEDIUM	커스텀 단축키를 추가할 때는 브라우저/OS 기본 단축키와 충돌 가능성을 고려해야 한다.	단축키는 생산성을 높이지만, 잘못 설계하면 기존 단축키를 가로채 사용자가 기능을 잃습니다. 특히 보조기기 사용자는 스크린 리더 단축키를 많이 쓰기 때문에 충돌 위험이 더 큽니다. 면접에서는 “단축키는 선택 기능이며, 끄거나 변경할 수 있어야 한다” 같은 관점을 말하면 좋습니다. 실무에서는 단축키를 문서화하고, 입력 중에는 비활성화하며, 사용자 설정으로 끌 수 있게 하는 전략이 안전합니다. 또한 단축키는 접근성 개선이 될 수도 있지만, 오히려 장벽이 될 수도 있으니 신중해야 합니다.		O	TRUE	X	FALSE					frontend	accessibility	a11y	ux
Q397	단축키는 무조건 좋다		Frontend - Web Accessibility	16	OX	MEDIUM	단축키는 있으면 무조건 접근성이 좋아지고, 충돌이나 해제 옵션은 고려하지 않아도 된다.	단축키는 오히려 접근성을 떨어뜨릴 수 있습니다. 사용자가 익숙한 기본 단축키를 뺏기거나, 스크린 리더 단축키와 충돌하면 제품을 사용할 수 없게 되는 경우도 있습니다. 면접에서는 단축키의 장점과 함께 위험(충돌, 예측 불가능성, 문서화 부족)을 균형 있게 말하는지가 중요합니다. 실무에서는 단축키를 끌 수 있게 하거나, 사용자 정의를 제공하고, 충돌을 피하는 설계를 합니다. “무조건 좋다”는 주장은 틀립니다. 접근성은 사용자 제어권과 예측 가능성이 핵심입니다.		O	FALSE	X	TRUE					frontend	accessibility	a11y	keyboard
Q398	aria-describedby vs tooltip		Frontend - Web Accessibility	16	OX	MEDIUM	툴팁이 중요한 정보를 담고 있다면, 키보드 포커스 시에도 동일 정보를 제공하고 필요 시 aria-describedby로 연결하는 것이 도움이 된다.	툴팁이 hover에서만 보이면 키보드/터치 사용자는 정보를 못 볼 수 있습니다. 중요한 정보라면 focus 시에도 표시되거나, 최소한 접근성적으로 읽힐 수 있게 연결해야 합니다. 면접에서는 “hover-only는 위험”과 함께 describedby 활용을 묻기도 합니다. 실무에서는 툴팁이 단순 보조라면 숨겨도 되지만, 필수 정보라면 항상 보이는 텍스트로 승격시키는 편이 더 안전한 경우도 많습니다. 툴팁은 닫기(ESC)와 포커스 관리도 고려해야 완성도가 올라갑니다.		O	TRUE	X	FALSE					frontend	accessibility	a11y	ui
Q399	툴팁은 hover만		Frontend - Web Accessibility	16	OX	MEDIUM	툴팁은 마우스 사용자만 쓰는 기능이므로 hover로만 제공해도 충분하다.	툴팁이 단순 장식이면 큰 문제가 아닐 수도 있지만, 현실에서는 툴팁에 중요한 설명을 넣는 경우가 많습니다. 이때 hover-only는 키보드/터치 사용자에게 정보를 숨기는 결과가 됩니다. 면접에서는 “중요 정보는 특정 입력 장치에만 의존하면 안 된다”는 원칙을 말하는 것이 정답입니다. 실무에서는 focus에서도 열리게 하거나, 도움말 텍스트로 제공하고 describedby로 연결하는 방식이 안정적입니다. 따라서 ‘hover만 충분’은 접근성 관점에서 일반적으로 틀린 주장입니다.		O	FALSE	X	TRUE					frontend	accessibility	a11y	ux
Q400	ARIA APG		Frontend - Web Accessibility	16	OX	MEDIUM	복합 위젯(탭, 콤보박스 등)은 WAI-ARIA Authoring Practices 패턴을 참고하면 키보드 동작/ARIA 속성 설계에 도움이 된다.	탭, 콤보박스, 메뉴 같은 복합 위젯은 기본 HTML만으로는 동작이 부족해 커스텀 구현이 필요해집니다. 이때 WAI-ARIA Authoring Practices(APG)는 역할(role), 상태/속성(aria-expanded 등), 키보드 인터랙션(방향키, Home/End)을 패턴으로 정리해둔 가이드입니다. 면접에서는 “어디를 참고해 구현하나” 같은 실무 질문에 APG를 언급하면 신뢰도가 올라갑니다. 실무에서는 디자인 시스템의 표준 위젯을 APG 기반으로 만들어두면 팀 전체 품질이 안정됩니다. 다만 ‘가이드대로 했으니 끝’이 아니라, 실제 보조기기/브라우저 조합 테스트로 검증해야 합니다.		O	TRUE	X	FALSE					frontend	accessibility	a11y	aria
Q401	APG만 따르면 무조건 OK		Frontend - Web Accessibility	16	OX	MEDIUM	APG 패턴을 그대로 구현하면 어떤 보조기기/브라우저에서도 접근성 문제가 절대 발생하지 않는다.	APG는 훌륭한 기준점이지만, 현실에서는 보조기기/브라우저 조합마다 지원 차이가 존재합니다. 또한 제품의 UI 구조와 상태 관리가 복잡하면 “패턴을 적용하는 방식” 자체에서 버그가 생길 수 있습니다. 면접에서는 문서 준수보다 “검증(테스트)”의 중요성을 강조하는 답변이 좋습니다. 실무에서는 키보드만으로 완주 가능한지, 스크린 리더에서 상태 낭독이 자연스러운지, 포커스 이동이 예측 가능한지 직접 확인해야 합니다. 따라서 “절대 발생하지 않는다”는 단정은 틀립니다.		O	FALSE	X	TRUE					frontend	accessibility	a11y	testing
Q402	탭 패턴(Tablist)		Frontend - Web Accessibility	16	OX	MEDIUM	탭 UI는 보통 탭 버튼에 aria-selected로 선택 상태를 표현하고, 패널과의 연결을 제공하는 것이 좋다.	탭은 “여러 패널 중 하나를 선택하는” 위젯이라서 선택 상태(aria-selected)와 탭/패널 연결이 핵심입니다. 면접에서는 탭 키보드 동작(좌우 방향키로 탭 이동, Enter/Space로 활성)을 묻기도 합니다. 실무에서는 tab 역할, tablist 역할, tabpanel 역할을 일관되게 구성하고, 현재 탭만 tabindex=0으로 두는 로빙 패턴을 적용하는 경우가 많습니다. 또한 탭 전환 시 포커스를 탭에 유지할지 패널로 이동시킬지 UX 정책도 필요합니다. 상태 동기화가 깨지면 낭독이 틀리게 나오니 테스트가 중요합니다.		O	TRUE	X	FALSE					frontend	accessibility	a11y	ui
Q403	탭을 div로만		Frontend - Web Accessibility	16	OX	MEDIUM	탭 UI는 div로만 만들고 클릭만 되면 충분하며, 키보드 이동 규칙은 꼭 맞출 필요가 없다.	탭은 대표적인 키보드 패턴이 있는 위젯입니다. 클릭만 되면 마우스 사용자만 사용할 수 있고, 키보드/보조기기 사용자는 탐색과 선택이 어렵습니다. 면접에서는 탭에서 방향키 이동과 선택 상태를 제대로 구현하는지 확인할 수 있습니다. 실무에서는 가능한 한 button을 사용하고, ARIA 역할/상태/키보드 동작을 세트로 맞춰야 합니다. 탭은 흔하지만 접근성 결함도 흔한 컴포넌트이므로 “꼭 맞출 필요 없다”는 주장은 틀립니다.		O	FALSE	X	TRUE					frontend	accessibility	a11y	keyboard
Q404	ESC 닫기		Frontend - Web Accessibility	16	OX	MEDIUM	모달/팝오버 같은 오버레이 UI는 ESC로 닫기 동작을 제공하면 키보드 사용자에게 도움이 된다.	ESC로 닫기는 많은 사용자가 기대하는 표준 상호작용입니다. 키보드 사용자는 마우스로 닫기 버튼을 찾아 클릭하기 어렵기 때문에 ESC 지원이 큰 도움입니다. 면접에서는 오버레이 접근성 체크리스트에 ESC 지원을 포함해 설명하면 좋습니다. 실무에서는 ESC가 입력 중(예: 텍스트 필드)에도 안전하게 동작하는지, 중첩 모달일 때 어떤 레벨을 닫을지 정책을 정해야 합니다. 또한 닫힐 때 포커스 복귀까지 포함해야 완성입니다.		O	TRUE	X	FALSE					frontend	accessibility	a11y	keyboard
Q405	ESC는 선택		Frontend - Web Accessibility	16	OX	MEDIUM	오버레이는 닫기 버튼만 있으면 충분하므로 ESC로 닫기는 필요 없다.	닫기 버튼만 있으면 키보드/보조기기 사용자는 닫기까지 이동하는 데 많은 Tab을 눌러야 할 수 있습니다. ESC 지원은 접근성과 사용성을 함께 올리는 표준 패턴입니다. 면접에서는 ESC 미지원이 왜 불편한지 설명할 수 있어야 합니다. 실무에서는 닫기 버튼이 첫 포커스 지점이 되도록 설계하더라도, ESC는 여전히 유용합니다. 따라서 “필요 없다”는 주장은 일반적으로 틀립니다. 다만 제품 정책상 예외가 있을 수 있어도, 접근성 관점에서는 제공하는 쪽이 좋습니다.		O	FALSE	X	TRUE					frontend	accessibility	a11y	ui
Q406	포커스 관리 우선		Frontend - Web Accessibility	16	OX	MEDIUM	오버레이가 열릴 때는 사용자가 바로 조작할 수 있도록 오버레이 내부로 포커스를 이동시키는 것이 보통 권장된다.	오버레이가 열렸는데 포커스가 배경에 남아 있으면 키보드 사용자는 어디서 조작해야 하는지 알기 어렵습니다. 스크린 리더도 배경을 계속 읽어 혼란이 커집니다. 면접에서는 “열림 시 포커스 이동 + 트랩 + 닫힘 시 복귀”를 세트로 말하는지 확인합니다. 실무에서는 첫 포커스 요소를 닫기 버튼, 제목, 첫 입력 필드 등으로 정하고 일관되게 적용합니다. 또한 열림 애니메이션이 있는 경우 타이밍 이슈가 생길 수 있어 focus 시점을 조절해야 합니다.		O	TRUE	X	FALSE					frontend	accessibility	a11y	keyboard
Q407	포커스는 그대로		Frontend - Web Accessibility	16	OX	MEDIUM	오버레이가 열려도 포커스는 원래 배경에 둔 채로 두는 것이 더 안정적이다.	오버레이가 열렸다면 활성 컨텍스트가 바뀐 것입니다. 포커스를 배경에 두면 사용자는 오버레이가 열렸음을 인지하기 어렵고, 키보드 탐색이 배경으로 새는 문제가 생깁니다. 면접에서는 이를 대표적인 오버레이 접근성 결함으로 봅니다. 실무에서도 포커스가 배경에 남아 있으면 “보이는 곳과 조작되는 곳”이 달라져 사용자가 길을 잃습니다. 안정적이기보다는 혼란을 만드는 경우가 많아서, 이 주장은 틀립니다.		O	FALSE	X	TRUE					frontend	accessibility	a11y	ui
Q408	dropdown 역할		Frontend - Web Accessibility	16	OX	MEDIUM	단순 드롭다운(버튼 누르면 목록 표시)은 button + aria-expanded로 상태를 제공하면 도움이 될 수 있다.	드롭다운 트리거는 본질적으로 버튼이며, 열림/닫힘 상태가 중요합니다. aria-expanded는 현재 열림 여부를 보조기기에 전달해 사용자가 상태를 이해하게 돕습니다. 면접에서는 드롭다운에서 aria-expanded, aria-controls, 키보드 동작(Esc 닫기, 방향키 이동)을 함께 물을 수 있습니다. 실무에서는 목록이 열렸을 때 포커스가 어디로 갈지(첫 항목 vs 트리거 유지) 정책을 정하고, 닫힐 때 포커스 복귀를 일관되게 해야 합니다. 단순해 보여도 상태/포커스가 핵심입니다.		O	TRUE	X	FALSE					frontend	accessibility	a11y	aria
Q409	dropdown 상태 불필요		Frontend - Web Accessibility	16	OX	MEDIUM	드롭다운은 시각적으로 열렸는지 보이므로 aria-expanded 같은 상태 정보는 필요 없다.	시각적 정보는 보조기기 사용자에게 그대로 전달되지 않습니다. 상태를 제공하지 않으면 스크린 리더 사용자는 “지금 목록이 열렸나?”를 파악하기 어렵습니다. 면접에서는 상태 전달의 중요성을 강조하는 답변이 정석입니다. 실무에서도 aria-expanded는 구현 부담이 크지 않고 효과가 큰 편이라 권장됩니다. 따라서 “필요 없다”는 주장은 틀립니다.		O	FALSE	X	TRUE					frontend	accessibility	a11y	ui
Q410	listbox 선택 상태		Frontend - Web Accessibility	16	OX	MEDIUM	커스텀 리스트박스(listbox)는 옵션 선택 상태를 aria-selected로 표현하는 것이 일반적이다.	listbox는 선택 가능한 옵션 목록 위젯이고, 선택 상태는 핵심 정보입니다. aria-selected를 사용하면 스크린 리더가 선택 여부를 안내할 수 있습니다. 면접에서는 listbox의 role과 option role, 선택 상태를 함께 물을 수 있습니다. 실무에서는 단일 선택/다중 선택에 따라 키보드 동작과 상태 표현이 달라지므로, 패턴을 정확히 따르는 것이 중요합니다. 또한 선택 변경 시 라이브 알림이 필요한지, 포커스가 어디에 머무는지까지 UX 정책을 정해야 합니다.		O	TRUE	X	FALSE					frontend	accessibility	a11y	aria
Q411	listbox는 클릭만		Frontend - Web Accessibility	16	OX	MEDIUM	listbox는 클릭으로만 선택 가능해도 되고, 방향키/Space 같은 키보드 동작을 굳이 맞출 필요는 없다.	listbox는 키보드 패턴이 명확한 위젯입니다. 클릭만 가능하면 키보드 사용자는 접근이 어렵고, 스크린 리더 사용 흐름도 깨집니다. 면접에서는 listbox의 키보드 규칙(방향키 이동, Enter/Space 선택)을 알고 있는지 보기도 합니다. 실무에서는 APG 패턴을 참고해 구현하고, roving tabindex나 aria-activedescendant로 활성 항목을 관리합니다. 따라서 “굳이 맞출 필요 없다”는 주장은 틀립니다.		O	FALSE	X	TRUE					frontend	accessibility	a11y	keyboard
Q412	disabled 요소 설명		Frontend - Web Accessibility	16	OX	MEDIUM	비활성(disabled) 상태의 컨트롤이라도, 왜 비활성인지 텍스트로 설명하면 접근성과 UX가 함께 좋아질 수 있다.	비활성은 “지금 할 수 없음”을 의미하지만, 이유가 없으면 사용자는 다음 행동을 결정할 수 없습니다. 특히 보조기기 사용자는 시각적 힌트가 적어 더 답답함을 느낄 수 있습니다. 면접에서는 상태 설계에서 안내 문구의 중요성을 말하면 좋습니다. 실무에서는 비활성 근처에 “로그인 후 사용”, “필수 항목 입력 필요” 같은 안내를 두거나, 에러 요약과 함께 다음 액션을 제시합니다. 단, 툴팁에만 의존하면 키보드 접근이 어려울 수 있어 텍스트 안내가 더 안전한 편입니다.		O	TRUE	X	FALSE					frontend	accessibility	a11y	ux
Q413	disabled는 안내 불필요		Frontend - Web Accessibility	16	OX	MEDIUM	비활성 버튼은 클릭이 안 되므로, 사용자 안내는 없어도 된다.	클릭이 안 되는 것은 “결과”일 뿐이고, 사용자는 “왜 안 되는지”를 알아야 다음 행동을 할 수 있습니다. 안내가 없으면 사용자는 막히고 이탈할 수 있습니다. 면접에서는 접근성을 ‘성공 경로 설계’로 설명하는 답이 좋습니다. 실무에서는 비활성 이유를 알려주거나, 비활성 대신 검증 오류로 유도하는 UX를 선택하기도 합니다. 따라서 안내가 없어도 된다는 주장은 틀립니다.		O	FALSE	X	TRUE					frontend	accessibility	a11y	ui
Q414	progressbar		Frontend - Web Accessibility	16	OX	MEDIUM	진행률 UI는 role="progressbar"와 aria-valuenow 같은 값 속성을 제공하면 상태 전달에 도움이 된다.	진행률은 사용자에게 “얼마나 진행됐는지”를 알려주는 핵심 정보입니다. progressbar role과 aria-valuenow/valuemin/valuemax는 현재 값 범위를 보조기기에 전달합니다. 면접에서는 로딩/진행 상태를 어떻게 접근성 있게 표현하는지 물을 수 있습니다. 실무에서는 값이 불명확한 로딩은 progressbar보다 “status” 텍스트 안내가 더 적절할 수 있고, 값이 있는 경우에만 valuetext를 포함해 설명을 보완하는 편이 좋습니다. 또한 진행률이 급격히 변하면 낭독 소음이 생길 수 있어 업데이트 빈도를 조절해야 합니다.		O	TRUE	X	FALSE					frontend	accessibility	a11y	aria
Q415	progressbar는 시각만		Frontend - Web Accessibility	16	OX	MEDIUM	진행률은 눈으로 보면 되므로 ARIA 값 속성 없이 막대만 보여줘도 충분하다.	시각 사용자에게는 막대가 의미 있지만, 보조기기 사용자에게는 값이 전달되지 않을 수 있습니다. 특히 “현재 몇 퍼센트인지”가 중요한 흐름(업로드, 설치)에서는 상태 값 전달이 필요합니다. 면접에서는 “시각 요소도 데이터면 대체 제공” 원칙을 강조할 수 있습니다. 실무에서는 role/aria 값 또는 텍스트(예: 45% 완료)를 함께 제공해 모든 사용자가 이해할 수 있게 합니다. 따라서 ‘막대만으로 충분’은 틀린 주장입니다.		O	FALSE	X	TRUE					frontend	accessibility	a11y	ui
Q416	status role		Frontend - Web Accessibility	16	OX	MEDIUM	비차단 안내(예: 저장 완료)는 role="status" 또는 aria-live="polite"를 통해 사용자에게 알릴 수 있다.	저장 완료 같은 알림은 흐름을 끊지 않으면서 전달하는 것이 중요합니다. status 역할이나 polite live region은 현재 낭독을 방해하지 않고 안내를 전달하는 데 자주 쓰입니다. 면접에서는 토스트/스낵바의 접근성 구현 질문에서 이 포인트가 나올 수 있습니다. 실무에서는 알림이 너무 자주 뜨면 낭독 소음이 생기므로, 메시지 빈도와 내용 길이를 관리해야 합니다. 또한 시각적으로도 확인 가능하게 제공하면 모든 사용자에게 도움이 됩니다.		O	TRUE	X	FALSE					frontend	accessibility	a11y	ui
Q417	status는 포커스 이동		Frontend - Web Accessibility	16	OX	MEDIUM	저장 완료 같은 비차단 알림은 항상 포커스를 알림 영역으로 옮겨야 접근성이 좋다.	비차단 알림은 “현재 작업을 방해하지 않는 것”이 핵심입니다. 포커스를 강제로 옮기면 사용자는 입력 흐름을 잃고, 특히 폼 작성 중이면 더 불편합니다. 면접에서는 ‘차단/비차단’에 따라 접근성 패턴이 달라진다고 설명하는 답이 좋습니다. 실무에서는 보통 status/polite로 알리고, 정말 중요한 실패/경고는 모달이나 assertive로 처리하는 식으로 우선순위를 나눕니다. 따라서 “항상 포커스 이동”은 틀린 주장입니다.		O	FALSE	X	TRUE					frontend	accessibility	a11y	ux
Q418	skeleton 로딩		Frontend - Web Accessibility	16	OX	MEDIUM	스켈레톤 로딩을 쓸 때도, 보조기기 사용자에게는 로딩 중임을 텍스트/상태로 알려주는 것이 좋다.	스켈레톤은 시각적으로는 “곧 내용이 나옴”을 알려주지만, 스크린 리더 사용자에게는 빈 콘텐츠로 인식될 수 있습니다. 면접에서는 스켈레톤 로딩을 접근성 있게 만드는 방법(aria-busy, status 텍스트)을 질문할 수 있습니다. 실무에서는 로딩 영역에 aria-busy를 주고, 필요하면 “불러오는 중” 같은 status 메시지를 제공해 상태를 전달합니다. 또한 스켈레톤이 너무 길게 유지되면 사용자 불안이 커지니, 지연 시간이 길어질 때는 별도의 안내(재시도, 네트워크 안내)도 고려합니다.		O	TRUE	X	FALSE					frontend	accessibility	a11y	ui
Q419	skeleton이면 끝		Frontend - Web Accessibility	16	OX	MEDIUM	스켈레톤은 이미 로딩을 보여주므로 aria-busy나 상태 안내는 불필요하다.	스켈레톤은 시각 사용자에게만 의미가 있는 경우가 많습니다. 보조기기 사용자에게는 단순히 “내용이 없음”으로 인식되어 로딩 상태를 알기 어렵습니다. 면접에서는 “시각적 신호를 다른 채널로도 제공” 원칙을 말하는 것이 정석입니다. 실무에서는 aria-busy, status 텍스트, 라이브 영역 등을 활용해 로딩 상태를 전달합니다. 따라서 불필요하다는 주장은 틀립니다.		O	FALSE	X	TRUE					frontend	accessibility	a11y	aria
Q420	aria-busy		Frontend - Web Accessibility	16	OX	MEDIUM	aria-busy="true"는 해당 영역이 업데이트 중임을 보조기기에 알리는 용도로 사용할 수 있다.	aria-busy는 “이 영역은 지금 갱신 중”이라는 상태를 전달하는 속성입니다. 로딩 중 리스트, 비동기 렌더링 중 섹션 등에 적용하면 보조기기가 상태를 더 잘 이해할 수 있습니다. 면접에서는 로딩 상태를 접근성 있게 표현하는 방법을 물을 때 aria-busy를 언급하면 좋습니다. 실무에서는 로딩이 끝나면 false로 반드시 되돌려야 하고, 너무 넓은 컨테이너에 걸면 불필요한 낭독/탐색 부담이 생길 수 있어 범위를 적절히 잡는 것이 중요합니다. 또한 aria-live/role=status와 함께 설계해 “무슨 작업이 진행 중인지”도 텍스트로 안내하면 더 좋습니다.		O	TRUE	X	FALSE					frontend	accessibility	a11y	aria
Q421	aria-busy 자동 안내		Frontend - Web Accessibility	16	OX	MEDIUM	aria-busy="true"만 설정하면 스크린 리더가 항상 자동으로 “로딩 중”을 즉시 읽어준다.	aria-busy는 상태 정보를 제공하지만, 환경에 따라 즉시 읽어주는 것이 보장되지는 않습니다. 사용자에게 즉시 안내가 필요하면 role=status(aria-live) 같은 라이브 알림이나 포커스 전략이 함께 필요할 수 있습니다. 면접에서는 “ARIA는 의미를 주지만 사용자 경험은 조합으로 만든다”는 관점을 말하는 게 중요합니다. 실무에서도 aria-busy는 보조 정보이고, 실제로는 시각/텍스트/라이브 알림을 함께 설계하는 경우가 많습니다. 또한 로딩이 잦으면 낭독 소음이 커질 수 있어 안내 빈도를 조절해야 합니다.		O	FALSE	X	TRUE					frontend	accessibility	a11y	testing
Q422	aria-disabled		Frontend - Web Accessibility	16	OX	MEDIUM	네이티브 disabled를 쓸 수 없는 커스텀 컴포넌트에서는 aria-disabled로 비활성 상태를 표현할 수 있다.	커스텀 요소(div 등)는 disabled 속성을 직접 지원하지 않기 때문에, 비활성 상태를 의미적으로 전달하려면 aria-disabled가 도움이 될 수 있습니다. 면접에서는 disabled와 aria-disabled의 차이(네이티브는 실제로 포커스/클릭 차단, aria는 의미 전달)를 물을 수 있습니다. 실무에서는 aria-disabled만으로는 클릭 이벤트가 여전히 동작할 수 있으니, 실제 동작 차단 로직도 같이 구현해야 합니다. 또한 비활성 요소는 보통 탭 순서에서 제외하거나, 접근이 필요하면 이유 안내를 함께 제공하는 UX를 고민해야 합니다. 의미와 동작을 동시에 맞추는 것이 핵심입니다.		O	TRUE	X	FALSE					frontend	accessibility	a11y	aria
Q423	aria-disabled면 클릭이 막힘		Frontend - Web Accessibility	16	OX	MEDIUM	aria-disabled="true"를 주면 브라우저가 클릭/키보드 동작을 자동으로 막아준다.	aria-disabled는 기본적으로 “상태를 알리는 속성”이고, 브라우저가 이벤트를 자동 차단해주지 않습니다. 즉, aria-disabled를 달아도 onClick이 실행될 수 있고, 키보드 이벤트도 그대로일 수 있습니다. 면접에서는 이 차이를 아는지 확인하는 질문이 자주 나옵니다. 실무에서는 aria-disabled 적용과 함께 실제 동작을 막는 로직(핸들러에서 early return, pointer-events 처리 등)을 추가합니다. 또한 포커스 가능 여부를 어떻게 할지(탭 순서에서 제외할지) 정책도 필요합니다. 접근성은 “말만”이 아니라 “행동”까지 포함입니다.		O	FALSE	X	TRUE					frontend	accessibility	a11y	ui
Q424	aria-hidden 장식 아이콘		Frontend - Web Accessibility	16	OX	MEDIUM	의미 없는 장식용 아이콘은 aria-hidden="true"로 스크린 리더 낭독 대상에서 제외하는 것이 일반적으로 좋다.	장식 아이콘이 낭독되면 사용자는 불필요한 정보를 듣느라 피로해집니다. 그래서 의미 없는 아이콘은 aria-hidden으로 제외하는 것이 보통 권장됩니다. 면접에서는 “장식 vs 의미” 구분이 핵심이라고 말할 수 있어야 합니다. 실무에서는 아이콘이 버튼 안에 있다면 버튼 자체의 접근성 이름이 충분한지 확인하고, 아이콘은 숨기는 방식이 흔합니다. 다만 아이콘이 정보(예: 경고, 성공)를 전달한다면 숨기면 안 되고, 텍스트나 aria-label 등 다른 방식으로 의미를 제공해야 합니다.		O	TRUE	X	FALSE					frontend	accessibility	a11y	aria
Q425	aria-hidden은 만능		Frontend - Web Accessibility	16	OX	MEDIUM	화면에 보이기만 하면 되므로, 인터랙티브 요소도 aria-hidden="true"로 숨겨도 문제 없다.	aria-hidden을 인터랙티브 요소(버튼, 링크, 입력)에 적용하면 보조기기에서는 존재하지 않는 요소가 되어버립니다. 사용자는 조작할 수 없고, 포커스가 그 안에 남아 있으면 더 심각한 버그가 됩니다. 면접에서는 aria-hidden의 금지 영역(포커스 가능/입력 컨트롤)을 정확히 말할 수 있어야 합니다. 실무에서도 “보이는데 읽히지 않는” 상태는 접근성 결함이므로 피해야 합니다. 따라서 이 주장은 틀립니다.		O	FALSE	X	TRUE					frontend	accessibility	a11y	keyboard
Q426	aria-label 숨김 링크		Frontend - Web Accessibility	16	OX	MEDIUM	아이콘만 있는 링크/버튼은 aria-label 등으로 목적을 설명하는 텍스트를 제공해야 한다.	아이콘-only 컨트롤은 시각적 의미가 있어도 텍스트가 없으면 스크린 리더가 “link” 또는 “button”만 읽을 수 있습니다. 따라서 목적을 설명하는 이름(aria-label, aria-labelledby)이 필수에 가깝습니다. 면접에서는 “아이콘 버튼의 라벨링”이 대표 질문으로 자주 나옵니다. 실무에서는 단순히 “아이콘 이름”이 아니라 사용자 행동 중심으로 라벨을 작성하는 것이 좋습니다(예: “검색”, “닫기”, “공유하기”). 또한 동일한 아이콘이 여러 개면 문맥을 포함해 구분해야 합니다.		O	TRUE	X	FALSE					frontend	accessibility	a11y	forms
Q427	아이콘이면 충분		Frontend - Web Accessibility	16	OX	MEDIUM	아이콘은 직관적이므로, 아이콘-only 버튼에 별도 텍스트 라벨은 없어도 된다.	아이콘이 직관적이라는 것은 시각 사용자 기준이고, 보조기기 사용자는 텍스트 라벨이 없으면 목적을 알기 어렵습니다. 또한 아이콘 해석은 문화/경험에 따라 달라 오해가 생길 수 있습니다. 면접에서는 아이콘-only 컨트롤에는 접근성 이름 제공이 필요하다고 답하는 것이 정석입니다. 실무에서도 aria-label 또는 숨김 텍스트로 라벨을 제공하고, 가능하면 툴팁을 보조로 제공해 이해를 돕습니다. 따라서 이 주장은 틀립니다.		O	FALSE	X	TRUE					frontend	accessibility	a11y	ui
Q428	form autocomplete		Frontend - Web Accessibility	16	OX	MEDIUM	autocomplete 속성은 자동완성/자동채움 UX를 개선해 입력 부담을 줄이는 데 도움이 될 수 있다.	autocomplete는 브라우저/비밀번호 관리자/OS 자동채움이 적절한 값을 제안하도록 돕습니다. 이는 장애 유무와 관계없이 입력 부담을 줄이고 오류를 줄이는 접근성+사용성 개선 요소입니다. 면접에서는 폼 접근성에서 type, label, autocomplete를 함께 말하면 좋습니다. 실무에서는 잘못된 autocomplete 값은 오히려 엉뚱한 자동채움이 생길 수 있으니, 표준 토큰(email, name, new-password 등)을 정확히 써야 합니다. 또한 보안/개인정보 관점에서 어떤 필드에 허용할지 정책도 필요합니다.		O	TRUE	X	FALSE					frontend	accessibility	a11y	forms
Q429	autocomplete는 접근성 무관		Frontend - Web Accessibility	16	OX	MEDIUM	autocomplete는 편의 기능일 뿐 접근성과는 관련이 없다.	접근성은 “모든 사용자가 성공적으로 작업을 완료”하게 하는 것이고, 입력 부담을 줄이는 것은 중요한 접근성 요소입니다. 자동채움은 운동/인지 부담이 있는 사용자에게 특히 큰 도움입니다. 면접에서는 접근성을 단순히 스크린 리더만으로 좁히지 않고, 사용성까지 포함해 설명하는 답이 좋습니다. 실무에서도 폼 완주율, 오류율 개선이 곧 접근성 품질로 이어집니다. 따라서 ‘관련 없다’는 주장은 틀립니다.		O	FALSE	X	TRUE					frontend	accessibility	a11y	ux
Q430	landmark		Frontend - Web Accessibility	16	OX	MEDIUM	main/nav/header/footer 같은 랜드마크(landmark)를 올바르게 쓰면 스크린 리더가 섹션을 빠르게 이동하는 데 도움이 된다.	랜드마크는 페이지 구조를 크게 구획해 주는 시맨틱 정보입니다. 스크린 리더 사용자는 랜드마크 단위로 점프하며 원하는 영역에 빠르게 도달할 수 있습니다. 면접에서는 “왜 main이 중요한가”, “nav는 여러 개 있을 때 라벨링은?” 같은 확장 질문이 나올 수 있습니다. 실무에서는 랜드마크를 과하게 중첩하기보다, 논리적 구조로 배치하고 필요하면 aria-label로 구분(예: “주 메뉴”, “푸터 링크”)합니다. 구조가 좋아지면 QA도 쉬워집니다.		O	TRUE	X	FALSE					frontend	accessibility	a11y	html
Q431	main 여러 개		Frontend - Web Accessibility	16	OX	MEDIUM	한 페이지에 main 요소가 여러 개 있어도 접근성에 문제 없다.	일반적으로 main은 페이지의 “주요 콘텐츠”를 대표하므로 한 개가 권장됩니다. 여러 개면 보조기기 사용자가 “어디가 메인인지” 혼란이 생길 수 있습니다. 면접에서는 main의 사용 규칙을 물을 수 있고, “페이지당 하나”를 답하는 경우가 많습니다. 실무에서는 라우트 전환(SPA)에서 메인 영역을 하나로 두고 내용만 교체하는 방식이 안전합니다. 여러 섹션이 필요하면 section/aria-labelledby로 구조를 잡는 편이 낫습니다. 따라서 “문제 없다”는 주장은 틀립니다.		O	FALSE	X	TRUE					frontend	accessibility	a11y	semantics
Q432	nav 라벨링		Frontend - Web Accessibility	16	OX	MEDIUM	nav가 여러 개일 때는 aria-label이나 aria-labelledby로 각 내비게이션의 목적을 구분하면 도움이 된다.	페이지에는 상단 메뉴, 사이드 메뉴, 푸터 링크 등 여러 nav가 존재할 수 있습니다. 이때 각각의 목적을 구분해주면 스크린 리더 사용자가 원하는 nav로 빠르게 이동할 수 있습니다. 면접에서는 “nav가 여러 개면 어떻게 구분하나” 질문이 종종 나옵니다. 실무에서는 “주 메뉴”, “계정 메뉴”, “푸터 메뉴”처럼 짧고 명확한 라벨을 부여하고, 디자인 시스템에서 규칙으로 정해두면 좋습니다. 라벨링은 유지보수 품질에도 연결됩니다.		O	TRUE	X	FALSE					frontend	accessibility	a11y	aria
Q433	nav는 하나만		Frontend - Web Accessibility	16	OX	MEDIUM	nav는 한 페이지에 하나만 써야 하며, 여러 개면 접근성 위반이다.	nav는 ‘내비게이션 블록’을 나타내는 요소라서 여러 개가 있을 수 있습니다. 중요한 것은 개수가 아니라, 각각이 의미 있는 내비게이션인지와 구분 가능한 라벨링입니다. 면접에서는 “여러 nav 가능, 대신 라벨링”이라는 균형 잡힌 답이 좋습니다. 실무에서도 nav를 무조건 하나로 강제하기보다, 구조를 명확히 하고 중복/불필요한 nav를 줄이는 방향이 좋습니다. 따라서 ‘하나만 써야 한다’는 주장은 틀립니다.		O	FALSE	X	TRUE					frontend	accessibility	a11y	html
Q434	heading 구조		Frontend - Web Accessibility	16	OX	MEDIUM	헤딩(h1~h6) 구조를 논리적으로 유지하면 스크린 리더 사용자가 페이지 개요를 빠르게 파악하는 데 도움이 된다.	헤딩은 문서의 목차 역할을 합니다. 스크린 리더 사용자는 헤딩 목록으로 이동해 원하는 섹션을 빠르게 찾습니다. 면접에서는 h1 하나 원칙, 헤딩 레벨 점프(예: h2 다음 h4)의 문제를 묻기도 합니다. 실무에서는 시각 디자인을 위해 헤딩 레벨을 바꾸는 대신 CSS로 스타일을 조정하는 것이 안전합니다. 또한 컴포넌트가 중첩되면 헤딩 레벨이 꼬이기 쉬우니, 레이아웃/페이지 단위에서 규칙을 정해두면 품질이 올라갑니다.		O	TRUE	X	FALSE					frontend	accessibility	a11y	semantics
Q435	헤딩은 디자인용		Frontend - Web Accessibility	16	OX	MEDIUM	헤딩 태그는 글자를 크게 보이게 하는 용도이므로, 페이지 구조와 상관없이 아무거나 써도 된다.	헤딩은 단순 스타일링 태그가 아니라 문서 구조를 표현하는 시맨틱 요소입니다. 구조가 엉망이면 스크린 리더 사용자가 목차 탐색을 할 때 혼란이 커집니다. 면접에서는 “스타일은 CSS, 구조는 헤딩”이라는 원칙을 말하는 답이 좋습니다. 실무에서도 디자인 때문에 h4를 쓰거나, 헤딩을 건너뛰는 실수가 많은데 이는 접근성 결함이 됩니다. 따라서 이 주장은 틀립니다.		O	FALSE	X	TRUE					frontend	accessibility	a11y	html
Q436	skip link 대상		Frontend - Web Accessibility	16	OX	MEDIUM	스킵 링크는 main 시작점처럼 의미 있는 대상에 연결하고, 대상이 포커스 가능하도록 만드는 것이 중요하다.	스킵 링크는 “본문으로 이동”이 목적이므로, main 컨테이너나 본문 첫 헤딩 같은 지점이 대상으로 적절합니다. 그런데 대상 요소가 포커스를 받을 수 없으면 이동 후에도 포커스가 어딘지 불명확해집니다. 면접에서는 스킵 링크 대상에 tabindex="-1"을 주는 패턴을 알고 있는지 볼 수 있습니다. 실무에서는 SPA 라우트 전환 후에도 스킵 링크가 제대로 동작하도록 id와 포커스 이동을 함께 점검해야 합니다. 링크만 있어도 되는 게 아니라 “이동 후 조작 흐름”까지 설계해야 합니다.		O	TRUE	X	FALSE					frontend	accessibility	a11y	keyboard
Q437	skip link은 링크만		Frontend - Web Accessibility	16	OX	MEDIUM	스킵 링크는 href만 연결되면 충분하고, 대상 요소가 포커스 가능하지 않아도 큰 문제는 없다.	스킵 링크는 “점프 후 탐색”이 이어져야 의미가 있습니다. 대상이 포커스를 받지 못하면 사용자는 여전히 현재 위치를 명확히 알기 어렵고, 스크린 리더도 맥락 전환이 약해질 수 있습니다. 면접에서는 이 디테일이 실무 완성도를 가르는 포인트가 됩니다. 실무에서는 main에 tabindex="-1"을 주거나, 첫 헤딩에 포커스를 주는 방식으로 점프 후 포커스 위치를 보장합니다. 따라서 “큰 문제 없다”는 주장은 틀립니다.		O	FALSE	X	TRUE					frontend	accessibility	a11y	ux
Q438	파일 업로드 라벨		Frontend - Web Accessibility	16	OX	MEDIUM	파일 업로드 input은 ‘선택된 파일명’ 같은 상태 변화를 텍스트로도 제공하면 보조기기 사용자에게 도움이 된다.	파일 업로드는 상태 변화가 중요한 UI입니다. 시각적으로는 파일명이 표시되지만, 보조기기 사용자는 이 변화가 읽히지 않으면 선택이 성공했는지 확신하기 어렵습니다. 면접에서는 “상태 변화 알림”을 어떻게 설계하는지 질문이 나올 수 있습니다. 실무에서는 파일 선택 후 파일명을 텍스트로 렌더링하고, 필요하면 polite live region으로 안내할 수 있습니다. 또한 input 자체의 라벨링(‘파일 선택’)과 제약(허용 확장자, 용량 제한)도 describedby로 연결하면 완성도가 올라갑니다.		O	TRUE	X	FALSE					frontend	accessibility	a11y	forms
Q439	파일명은 시각만		Frontend - Web Accessibility	16	OX	MEDIUM	파일 선택 후 파일명은 화면에만 보여주면 충분하고, 접근성 안내는 필요 없다.	파일 선택 결과는 중요한 피드백입니다. 화면만 보고 판단할 수 없는 사용자도 있기 때문에 텍스트로 제공하거나 낭독될 수 있게 하는 설계가 필요합니다. 면접에서는 이런 “상태 변화 피드백”을 접근성 관점에서 설명할 수 있어야 합니다. 실무에서는 파일명 텍스트 제공, 오류 시 명확한 메시지, 재선택 가능 안내 등이 사용자 성공률을 높입니다. 따라서 ‘필요 없다’는 주장은 틀립니다.		O	FALSE	X	TRUE					frontend	accessibility	a11y	ui
Q440	aria-hidden 포커스 버그		Frontend - Web Accessibility	16	OX	HARD	현재 포커스를 가진 요소(또는 그 조상)에 aria-hidden="true"를 적용하는 것은 스크린 리더에서 포커스 추적을 깨뜨릴 수 있어 피해야 한다.	aria-hidden은 접근성 트리에서 요소를 제거하는 성격이라, 포커스가 있는 요소를 숨기면 “포커스가 어디 있는지”를 보조기기가 더 이상 설명할 수 없게 됩니다. 면접에서는 모달 구현에서 배경을 aria-hidden 처리할 때 포커스가 배경에 남아 있지 않도록 먼저 이동시키는 순서를 강조하면 좋습니다. 실무에서는 aria-hidden 대신 inert를 쓰거나, 포커스 트랩과 배경 차단을 함께 구성해 포커스가 숨겨진 영역으로 새지 않게 합니다. 특히 React 같은 SPA에서는 상태 변경 타이밍으로 잠깐 포커스가 숨겨진 DOM에 남는 레이스 컨디션이 생길 수 있어 주의가 필요합니다. 결론적으로 포커스와 aria-hidden은 동시에 관리해야 하며, 포커스 요소를 숨기는 패턴은 대표적인 접근성 버그입니다.		O	TRUE	X	FALSE					frontend	accessibility	a11y	aria
Q441	inert는 자동 포커스 트랩		Frontend - Web Accessibility	16	OX	HARD	배경에 inert를 적용하면 모달 내부 포커스 트랩 로직이 자동으로 완벽하게 구현된다.	inert는 배경 영역의 포커스 가능성과 인터랙션을 비활성화하는 데 도움을 줄 수 있지만, 모달 내부 포커스 순환(첫 요소와 마지막 요소 사이 순환)까지 ‘완벽하게’ 자동 구현해주진 않습니다. 면접에서는 inert가 배경 차단에 유리하지만, 여전히 열림 시 포커스 이동, 닫힘 시 포커스 복귀, ESC 처리 등 모달 상호작용은 구현해야 한다고 말하면 좋습니다. 실무에서도 inert 지원/폴리필 상황을 고려해야 하고, 중첩 오버레이가 있을 때 어떤 레이어에 inert를 적용할지 정책이 필요합니다. 또한 스크린 리더가 실제로 어떻게 반응하는지 환경별 테스트가 필수입니다. 따라서 ‘자동으로 완벽’이라는 주장은 틀립니다.		O	FALSE	X	TRUE					frontend	accessibility	a11y	ui
Q442	name 계산 우선순위		Frontend - Web Accessibility	16	OX	HARD	요소에 aria-labelledby와 aria-label이 동시에 있으면, 일반적으로 aria-labelledby가 aria-label보다 접근성 이름 계산에서 우선될 수 있다.	접근성 이름(Accessible Name)은 계산 규칙에 따라 정해지며, aria-labelledby는 문서 내 텍스트를 참조해 이름을 만드는 방식이라 많은 경우 강한 우선순위를 가집니다. 면접에서는 aria-label과 aria-labelledby 중 무엇을 선호하는지, 왜 그런지(재사용성과 번역 일관성)를 설명할 수 있으면 좋습니다. 실무에서는 둘을 동시에 쓰면 혼란을 만들 수 있으니 한 가지로 정리하는 편이 안전합니다. 또한 aria-labelledby가 참조하는 요소가 조건부 렌더링으로 사라지면 이름이 공백이 되거나 엉뚱해질 수 있어 DOM 존재 보장이 중요합니다. 결과적으로 우선순위 규칙을 이해하고 “중복 라벨링을 피하는 습관”이 실무 접근성 품질을 올립니다.		O	TRUE	X	FALSE					frontend	accessibility	a11y	aria
Q443	aria-label 덧붙이면 더 친절		Frontend - Web Accessibility	16	OX	HARD	이미 aria-labelledby로 이름이 충분한 요소에 aria-label을 추가하면, 보통 두 텍스트가 합쳐져 더 자세히 읽힌다.	대부분의 경우 aria-label은 접근성 이름을 “추가”하기보다 “대체”하는 성격이 강해, 의도와 다르게 이름이 바뀌는 부작용이 생길 수 있습니다. 면접에서는 라벨을 ‘더 붙이면 좋다’가 아니라 ‘일관되고 정확해야 한다’는 관점을 말하는 것이 중요합니다. 실무에서도 화면 텍스트와 다른 aria-label을 덧붙여 낭독이 어색해지는 사례가 흔합니다. 더 자세한 설명이 필요하면 이름이 아니라 설명 채널(aria-describedby)로 보완하는 것이 보통 더 적절합니다. 따라서 ‘합쳐져서 더 친절’이라는 주장은 틀립니다.		O	FALSE	X	TRUE					frontend	accessibility	a11y	ux
Q444	aria-describedby vs name		Frontend - Web Accessibility	16	OX	HARD	aria-describedby로 연결된 텍스트는 보통 접근성 ‘이름’이 아니라 ‘설명’으로 취급되어, 음성 제어 호출 문구로는 사용하기 어려울 수 있다.	aria-describedby는 보조 설명을 제공하는 용도라, 접근성 이름과 역할을 대체하지 않습니다. 음성 제어 사용자는 보통 ‘이름’을 기반으로 명령을 내리기 때문에, 설명만 길게 붙여도 호출성이 좋아지지 않을 수 있습니다. 면접에서는 Label in Name 관점과 함께 name/description 채널을 구분해 설명하면 좋습니다. 실무에서는 이름은 짧고 명확하게, 설명은 필요한 만큼 제공하는 설계가 이상적입니다. 또한 설명이 너무 길면 스크린 리더 낭독 피로가 커지므로, 핵심만 남기고 나머지는 UI 텍스트로 풀어주는 전략도 중요합니다. 이런 구분을 이해하면 커스텀 컴포넌트 품질이 안정됩니다.		O	TRUE	X	FALSE					frontend	accessibility	a11y	forms
Q445	describedby가 label 대체		Frontend - Web Accessibility	16	OX	HARD	input에 label이 없어도 aria-describedby만 있으면, 필드 목적(이름)은 충분히 전달된다.	aria-describedby는 목적(이름)을 주는 채널이 아니라 추가 설명 채널입니다. label이 없으면 스크린 리더는 이 입력이 “무엇을 입력하는지”를 제대로 알기 어렵습니다. 면접에서는 label과 describedby의 역할 차이를 정확히 말하는 것이 핵심입니다. 실무에서도 label 없이 도움말만 달아두면, 도움말이 필드 목적을 대신하지 못하고 오히려 낭독이 장황해질 수 있습니다. 이름은 label/aria-label/aria-labelledby로, 설명은 describedby로 분리하는 패턴이 안전합니다. 따라서 이 주장은 틀립니다.		O	FALSE	X	TRUE					frontend	accessibility	a11y	aria
Q446	aria-live와 포커스		Frontend - Web Accessibility	16	OX	HARD	오류 안내를 aria-live로만 처리하면, 사용자가 어디를 고쳐야 하는지 위치 파악이 어려워질 수 있어 ‘첫 오류로 포커스 이동’ 같은 전략이 함께 쓰이기도 한다.	라이브 알림은 “무슨 일이 생겼는지”는 알려주지만, “어디에서 해결하는지”까지 자동으로 안내하진 않습니다. 면접에서는 폼 제출 실패 시 상단 오류 요약, 첫 오류 필드로 포커스 이동, 필드 근처 메시지 연결을 조합하는 패턴을 설명하면 좋습니다. 실무에서는 라이브 알림을 남발하면 낭독 소음이 커지고, 사용자 컨텍스트를 깨뜨릴 수 있어 최소화합니다. 반대로 너무 조용하면 사용자가 실패를 인지하지 못하니, 실패 시에는 명확한 피드백과 이동 경로를 제공합니다. 접근성은 “알림”과 “수정 경로”를 함께 설계하는 게 핵심입니다.		O	TRUE	X	FALSE					frontend	accessibility	a11y	forms
Q447	assertive가 항상 최선		Frontend - Web Accessibility	16	OX	HARD	폼 오류는 사용자에게 중요하므로, aria-live="assertive"로 항상 설정하는 것이 가장 좋다.	assertive는 현재 낭독을 끊고 강제로 우선 안내하는 특성이 있어, 모든 오류에 쓰면 사용자가 계속 방해를 받습니다. 면접에서는 assertive는 ‘긴급’ 이벤트에만 제한적으로 쓰는 것이 좋다고 답하는 편이 정석입니다. 실무에서는 제출 시 요약 영역으로 포커스를 이동시키는 방식이 더 명확한 경우가 많고, 필드 단위 실시간 검증은 polite 또는 시각적 표시 위주로 구성합니다. 또한 오류가 여러 개면 assertive가 연쇄로 울려 오히려 이해가 어려워집니다. 따라서 ‘항상 assertive’는 틀린 주장입니다.		O	FALSE	X	TRUE					frontend	accessibility	a11y	ui
Q448	roving와 탭 순서		Frontend - Web Accessibility	16	OX	HARD	roving tabindex를 쓰면 위젯 내부 항목이 수십 개여도 Tab 키로 이동해야 하는 포커스 스텝을 줄여 탐색 효율을 높일 수 있다.	항목이 많은 UI에서 모든 항목이 Tab으로 포커스되면 키보드 사용자는 탐색 비용이 폭증합니다. roving tabindex는 현재 항목만 tabindex=0으로 두고 나머지는 -1로 두어, Tab은 위젯 출입에만 쓰고 내부 이동은 방향키로 처리합니다. 면접에서는 양수 tabindex 대신 roving을 쓰는 이유를 설명할 수 있어야 합니다. 실무에서는 이 패턴을 탭 리스트, 메뉴, 리스트박스 등에 적용해 “예측 가능한 탐색”을 제공합니다. 또한 aria-selected, aria-activedescendant 같은 상태/활성 관리와 함께 설계해야 완성도가 올라갑니다. 패턴을 이해하면 복잡한 컴포넌트 접근성이 확 좋아집니다.		O	TRUE	X	FALSE					frontend	accessibility	a11y	keyboard
Q449	양수 tabindex 권장		Frontend - Web Accessibility	16	OX	HARD	roving tabindex보다, tabindex=1,2,3 같은 양수 값을 주는 편이 키보드 동작을 표준화하는 데 더 권장된다.	양수 tabindex는 DOM이 조금만 바뀌어도 순서가 깨지고 유지보수가 매우 어렵습니다. 또한 사용자가 기대하는 자연스러운 탐색 흐름과 어긋날 수 있어 접근성을 오히려 떨어뜨립니다. 면접에서는 “양수 tabindex는 피하라”가 자주 나오는 정답입니다. 실무에서는 구조를 논리적으로 배치하고, 위젯 내부는 roving tabindex 또는 active descendant 패턴으로 처리하는 것이 안전합니다. 표준화는 “강제 숫자”가 아니라 “패턴과 구조”로 달성하는 것이 좋습니다. 따라서 이 주장은 틀립니다.		O	FALSE	X	TRUE					frontend	accessibility	a11y	dev
Q450	combobox active descendant		Frontend - Web Accessibility	16	OX	HARD	콤보박스에서 입력이 포커스를 유지한 채 옵션을 탐색할 때, aria-activedescendant로 활성 옵션을 가리키는 패턴이 자주 사용된다.	자동완성 콤보박스는 입력에 커서가 있어야 타이핑이 자연스럽고, 동시에 옵션 목록 탐색도 제공해야 합니다. 이때 포커스는 입력에 두고, 활성 옵션만 aria-activedescendant로 표시하는 방식이 흔합니다. 면접에서는 콤보박스가 대표적인 고난도 접근성 위젯이라, 패턴을 아는지 확인할 수 있습니다. 실무에서는 aria-expanded, aria-controls, listbox/option role, 방향키 탐색, Enter 선택, Esc 닫기 등 동작과 상태를 모두 맞춰야 합니다. 또한 스크린 리더 지원 차이를 반드시 테스트해야 하고, 활성 옵션이 스크롤로 보이게 유지하는 UX도 필요합니다.		O	TRUE	X	FALSE					frontend	accessibility	a11y	aria
Q451	콤보박스는 input만		Frontend - Web Accessibility	16	OX	HARD	콤보박스는 입력이 잘 동작하면 충분하므로, 옵션 목록에 role/상태를 부여하지 않아도 보조기기가 자연히 이해한다.	입력만으로는 보조기기가 옵션 목록의 존재와 상태를 알기 어렵습니다. 목록이 열렸는지, 옵션이 몇 개인지, 어떤 옵션이 활성인지가 전달되지 않으면 사용자는 선택을 할 수 없습니다. 면접에서는 이 지점이 고난도 포인트로 자주 나옵니다. 실무에서는 APG 패턴대로 역할과 속성을 갖추고 키보드 상호작용을 구현해야 합니다. 따라서 “자연히 이해한다”는 주장은 틀립니다.		O	FALSE	X	TRUE					frontend	accessibility	a11y	ui
Q452	aria-disabled와 탭		Frontend - Web Accessibility	16	OX	HARD	aria-disabled="true"인 커스텀 버튼은 시각적으로는 비활성이어도 Tab으로 포커스가 갈 수 있어, 탭 순서 정책을 별도로 결정해야 한다.	aria-disabled는 의미 전달이라서 포커스 가능 여부를 자동으로 정해주지 않습니다. 그래서 키보드 사용자가 탭으로 비활성 컨트롤에 계속 걸리면 탐색이 느려지고 혼란이 생길 수 있습니다. 면접에서는 “disabled는 보통 탭에서 제외”가 일반적이라는 점과, 예외적으로 안내 목적이면 포커스를 허용할 수도 있다는 정책 논의를 할 수 있으면 좋습니다. 실무에서는 진짜 비활성이라면 탭 순서에서 제외하고, 필요하면 이유를 텍스트로 제공하는 편이 안전합니다. 반대로 비활성인데도 포커스가 가면 사용자에게 “왜 선택이 안 되지” 스트레스를 줍니다. 따라서 탭 순서를 별도로 설계해야 한다는 말은 맞습니다.		O	TRUE	X	FALSE					frontend	accessibility	a11y	keyboard
Q453	aria-disabled면 탭 제외		Frontend - Web Accessibility	16	OX	HARD	aria-disabled="true"만 주면 해당 요소는 자동으로 Tab 순서에서 제외된다.	aria-disabled는 브라우저의 포커스 이동 규칙을 자동으로 바꾸지 않습니다. 따라서 요소가 tabindex=0 등으로 포커스 가능하면 여전히 Tab으로 도달할 수 있습니다. 면접에서는 “ARIA는 행동을 자동으로 바꾸지 않는다”는 원칙을 강조하면 좋습니다. 실무에서는 비활성 요소를 탭에서 제외하려면 tabindex를 조정하거나, 아예 네이티브 disabled 요소를 사용하는 편이 더 안전합니다. 따라서 이 주장은 틀립니다.		O	FALSE	X	TRUE					frontend	accessibility	a11y	html
Q454	tooltip과 escape		Frontend - Web Accessibility	16	OX	HARD	키보드 포커스로 열리는 툴팁/팝오버는 ESC로 닫을 수 있게 하면 접근성에 도움이 되고, 포커스가 어디에 있는지도 명확해야 한다.	툴팁이 정보 제공을 넘어 인터랙티브(링크/버튼)해지면 사실상 팝오버가 됩니다. 이 경우 키보드 사용자는 닫기 동작(ESC)과 포커스 이동 규칙이 없으면 갇히거나 길을 잃습니다. 면접에서는 툴팁과 팝오버를 구분해 설명할 수 있으면 수준이 높게 평가됩니다. 실무에서는 단순 툴팁은 포커스를 받지 않게 하고, 인터랙티브 팝오버는 다이얼로그/메뉴 패턴에 가깝게 키보드 규칙을 설계합니다. 또한 트리거와 내용 사이 포커스 이동, 닫힐 때 포커스 복귀를 포함해야 합니다.		O	TRUE	X	FALSE					frontend	accessibility	a11y	ui
Q455	tooltip은 hover만		Frontend - Web Accessibility	16	OX	HARD	툴팁 내용이 중요한 안내라도, hover로만 제공하면 디자인이 깔끔하니 접근성 문제는 없다.	hover-only는 키보드/터치 사용자에게 정보를 숨깁니다. 특히 중요한 안내를 툴팁에 넣으면 일부 사용자는 정보를 아예 얻지 못해 작업에 실패할 수 있습니다. 면접에서는 “중요 정보는 특정 입력 장치에 의존하면 안 된다”는 원칙을 말해야 합니다. 실무에서는 focus에서도 노출되게 하거나, 더 안전하게는 도움말 텍스트로 상시 제공하고 describedby로 연결합니다. 따라서 이 주장은 틀립니다.		O	FALSE	X	TRUE					frontend	accessibility	a11y	ux
Q456	live region 소음 관리		Frontend - Web Accessibility	16	OX	HARD	실시간으로 변하는 값(예: 타이머, 주식 시세)을 aria-live로 계속 읽게 하면 오히려 접근성이 나빠질 수 있어 업데이트 빈도와 우선순위를 설계해야 한다.	라이브 영역은 유용하지만, 계속 변하는 값을 매번 읽으면 사용자는 현재 작업을 방해받고 피로해집니다. 면접에서는 “접근성은 정보 제공과 방해 최소화의 균형”이라는 관점이 중요합니다. 실무에서는 일정 간격으로 요약해서 알리거나, 사용자가 원할 때만 읽게 하거나, 중요한 임계 이벤트만 알리는 방식으로 설계합니다. 또한 aria-live를 켜고 끄는 UI 옵션을 제공하면 사용자 제어권이 올라갑니다. 계속 읽게 하는 것이 무조건 좋은 접근성이 아닙니다.		O	TRUE	X	FALSE					frontend	accessibility	a11y	ux
Q457	실시간 값은 무조건 live		Frontend - Web Accessibility	16	OX	HARD	실시간 값은 사용자에게 도움이 되므로, aria-live="assertive"로 최대한 자주 읽게 하는 것이 가장 좋다.	assertive는 낭독을 강제로 끊기 때문에 실시간 값에 쓰면 사용자는 거의 아무 작업도 못할 수 있습니다. 면접에서는 실시간 알림의 설계 원칙(요약, 임계치, 사용자 제어)을 말하는 답이 좋습니다. 실무에서도 타이머는 화면에 표시하되 필요 시에만 읽게 하거나, 마지막 10초 같은 중요한 구간만 안내하는 식으로 제한합니다. 따라서 “가장 좋다”는 주장은 틀립니다.		O	FALSE	X	TRUE					frontend	accessibility	a11y	aria
Q458	focus-visible 폴백		Frontend - Web Accessibility	16	OX	HARD	:focus-visible을 사용할 때는 지원하지 않는 환경을 고려해 :focus에 대한 합리적인 폴백 스타일을 함께 설계하는 것이 안전하다.	focus-visible은 유용하지만, 모든 환경에서 동일하게 동작하지 않을 수 있습니다. 그래서 기본적으로 :focus에서 포커스 표시를 유지하고, focus-visible로 ‘키보드 때만 강조’ 같은 분리를 하는 방식이 안전합니다. 면접에서는 포커스 링을 없애지 말고, 디자인과 양립하는 구현을 제시할 수 있는지 봅니다. 실무에서는 브라우저 지원 정책, 폴리필 적용 여부, 디자인 시스템 토큰으로 포커스 스타일을 통일하는 전략이 중요합니다. 폴백을 안 두면 특정 환경에서 포커스 표시가 사라져 치명적인 접근성 결함이 됩니다.		O	TRUE	X	FALSE					frontend	accessibility	a11y	css
Q459	focus-visible만 있으면 OK		Frontend - Web Accessibility	16	OX	HARD	:focus-visible만 스타일링하고 :focus는 비워두면, 모든 사용자가 포커스 표시를 문제 없이 볼 수 있다.	focus-visible이 적용되지 않는 상황이나, 특정 입력 방식에서 포커스 표시가 빠질 가능성이 있습니다. :focus를 비워두면 어떤 사용자는 포커스 위치를 전혀 알 수 없게 됩니다. 면접에서는 포커스 표시의 ‘안전망’을 강조하는 답변이 좋습니다. 실무에서도 기본은 :focus에 표시를 두고, focus-visible로 더 세밀하게 조정하는 편이 안전합니다. 따라서 “문제 없다”는 주장은 틀립니다.		O	FALSE	X	TRUE					frontend	accessibility	a11y	keyboard
Q460	aria-modal		Frontend - Web Accessibility	16	OX	HARD	aria-modal="true"는 보조기기에 “현재 대화상자가 모달이며 배경은 비활성”이라는 의도를 전달하는 데 도움을 줄 수 있다.	aria-modal은 대화상자가 모달 컨텍스트임을 전달하는 속성으로, 보조기기가 배경보다 모달 콘텐츠에 집중하도록 유도하는 데 사용됩니다. 면접에서는 role="dialog"에 무엇이 추가로 필요하냐는 질문에서 aria-modal, 라벨링(aria-labelledby), 포커스 트랩을 함께 말할 수 있으면 좋습니다. 실무에서는 aria-modal을 썼다고 해서 배경 클릭/스크롤/포커스가 자동 차단되는 것은 아니므로, 실제 동작 차단 로직이 반드시 필요합니다. 또한 배경을 aria-hidden 처리하거나 inert를 쓰는 전략과 충돌이 없는지 확인해야 합니다. 결론적으로 aria-modal은 “의미 전달”이고, 모달 접근성은 포커스/인터랙션 제어까지 합쳐서 완성됩니다.		O	TRUE	X	FALSE					frontend	accessibility	a11y	aria
Q461	aria-modal만으로 끝		Frontend - Web Accessibility	16	OX	HARD	aria-modal="true"만 설정하면 포커스 트랩이나 포커스 복귀는 구현하지 않아도 된다.	aria-modal은 의미를 전달하지만 포커스 이동과 순환, 닫힐 때 복귀 같은 상호작용을 자동 구현해주지 않습니다. 면접에서는 “모달 접근성 3종 세트(열림 포커스 이동, 트랩, 닫힘 복귀)”를 이야기하는 것이 정석입니다. 실무에서도 aria-modal만 달아두면 키보드 사용자는 배경으로 포커스가 새거나, 닫은 뒤 위치를 잃는 문제가 발생합니다. 또한 스크린 리더가 모달 외부 콘텐츠를 완전히 배제하지 않을 수도 있어, 설계와 테스트가 필요합니다. 따라서 ‘구현 안 해도 된다’는 주장은 틀립니다.		O	FALSE	X	TRUE					frontend	accessibility	a11y	ui
Q462	aria-controls 존재성		Frontend - Web Accessibility	16	OX	HARD	aria-controls는 가리키는 대상 요소가 DOM에 없거나 id가 중복되면 의미가 깨지고 보조기기 해석이 불안정해질 수 있다.	aria-controls는 관계를 나타내는 속성이므로 참조 대상이 실제로 존재하고 고유해야 합니다. 조건부 렌더링으로 대상이 사라지거나, id가 중복되면 보조기기는 연결을 이해하기 어렵습니다. 면접에서는 aria-controls를 언제 쓰는지보다 “유지보수 위험”을 알고 있는지가 실무 감각을 보여줍니다. 실무에서는 드롭다운/아코디언처럼 대상이 항상 존재하도록 두거나, 렌더링 시점과 id 부여를 안정적으로 관리합니다. 또한 aria-controls는 필수가 아니므로, 관계가 명확하면 생략하는 전략도 합리적입니다. 이런 안정성 관점이 접근성 품질을 높입니다.		O	TRUE	X	FALSE					frontend	accessibility	a11y	dev
Q463	aria-controls는 아무 id나		Frontend - Web Accessibility	16	OX	HARD	aria-controls는 화면상 어떤 요소든 id만 넣으면 되며, 대상이 렌더링되지 않아도 상관없다.	aria-controls는 “이 컨트롤이 저 요소를 제어한다”는 관계를 의미합니다. 대상이 렌더링되어 있지 않으면 관계가 성립하지 않고, id가 가리키는 요소가 다르면 오해를 만들 수 있습니다. 면접에서는 ARIA 관계 속성의 정확성과 무결성(존재, 고유성)을 강조하는 답이 좋습니다. 실무에서도 조건부 렌더링이 많을수록 이런 참조 속성이 쉽게 깨지므로, 설계를 단순화하거나 안정화하는 방법이 필요합니다. 따라서 이 주장은 틀립니다.		O	FALSE	X	TRUE					frontend	accessibility	a11y	aria
Q464	aria-live SSR hydration		Frontend - Web Accessibility	16	OX	HARD	SSR/하이드레이션 환경에서는 초기 렌더 시 라이브 영역이 의도치 않게 읽히는 문제가 생길 수 있어, 메시지 주입 타이밍을 주의해야 한다.	SSR에서는 서버가 만든 초기 DOM이 클라이언트에서 하이드레이션되며 상태가 동기화됩니다. 이 과정에서 라이브 영역 텍스트가 “변경”으로 인식되면, 실제로는 새 알림이 아닌데도 스크린 리더가 읽어버릴 수 있습니다. 면접에서는 SSR에서 접근성 이벤트/알림 타이밍을 어떻게 제어하는지 묻는 고난도 질문이 나올 수 있습니다. 실무에서는 초기에는 빈 문자열로 두고, 실제 사용자 액션 이후에만 메시지를 갱신하거나, 마운트 이후 플래그로 라이브 업데이트를 활성화하는 전략을 씁니다. 알림은 사용자에게 의미 있는 순간에만 발생해야 합니다.		O	TRUE	X	FALSE					frontend	accessibility	a11y	react
Q465	라이브 영역은 초기부터		Frontend - Web Accessibility	16	OX	HARD	라이브 영역은 초기 렌더에서도 텍스트가 채워져 있는 것이 항상 더 친절하므로 권장된다.	라이브 영역은 “변화”를 전달하는 장치라, 초기부터 채워두면 환경에 따라 불필요한 낭독이 발생할 수 있습니다. 사용자는 페이지 로딩 중 이미 정보가 많아 낭독 부담이 큰데, 초기 라이브 텍스트가 추가되면 피로가 커집니다. 면접에서는 알림의 목적이 ‘상태 변화’임을 강조하는 답변이 좋습니다. 실무에서는 초기 안내는 일반 텍스트로 제공하고, 라이브는 사용자 행동이나 중요한 상태 변화에만 제한하는 편이 안전합니다. 따라서 ‘항상 권장’은 틀립니다.		O	FALSE	X	TRUE					frontend	accessibility	a11y	ux
Q466	focus trap 스크린 리더		Frontend - Web Accessibility	16	OX	HARD	포커스 트랩은 키보드 Tab 순환만 막는 것으로 끝이 아니라, 스크린 리더의 탐색(가상 커서) 관점에서도 모달 밖 콘텐츠가 읽히지 않도록 고려해야 한다.	모달에서 키보드 포커스만 트랩해도, 스크린 리더는 가상 커서로 문서 전체를 탐색할 수 있어 배경이 읽힐 수 있습니다. 면접에서는 “포커스 트랩 vs 스크린 리더 탐색” 차이를 이해하는지로 고급 수준을 평가합니다. 실무에서는 aria-modal, 배경 inert/aria-hidden 등으로 모달 컨텍스트를 강화하고, 배경 상호작용을 함께 차단합니다. 다만 aria-hidden과 포커스의 충돌(포커스 요소 숨김)은 피해야 하므로 순서와 상태 관리를 조심해야 합니다. 결국 모달 접근성은 입력 방식별로 다층적인 제어가 필요합니다.		O	TRUE	X	FALSE					frontend	accessibility	a11y	modal
Q467	포커스 트랩이면 충분		Frontend - Web Accessibility	16	OX	HARD	모달에서 키보드 포커스만 트랩하면, 스크린 리더도 자동으로 배경을 읽지 않게 되므로 추가 조치는 필요 없다.	스크린 리더는 키보드 포커스 외에도 가상 커서 탐색으로 배경을 읽을 수 있습니다. 그래서 포커스 트랩만으로는 “배경 읽기”까지 완전히 막지 못할 수 있습니다. 면접에서는 이 차이를 알고 있는지가 중요한 포인트입니다. 실무에서는 aria-modal, inert/aria-hidden(안전하게) 같은 보조 수단과 함께 모달 컨텍스트를 강화합니다. 따라서 ‘추가 조치 불필요’는 틀립니다.		O	FALSE	X	TRUE					frontend	accessibility	a11y	aria
Q468	중첩 dialog 관리		Frontend - Web Accessibility	16	OX	HARD	중첩 모달(모달 위에 또 모달)을 허용한다면, 어떤 레벨에 트랩을 걸고 어디로 포커스를 복귀시킬지 명확한 스택 정책이 필요하다.	중첩 모달은 포커스와 접근성 트리를 관리하기가 급격히 어려워집니다. 사용자는 ‘현재 최상단 모달’만 조작할 수 있어야 하고, 닫힐 때는 직전 모달로 자연스럽게 복귀해야 합니다. 면접에서는 중첩 오버레이를 피하는 것이 기본이지만, 불가피할 때의 정책(스택, z-index, ESC 처리, inert 범위)을 설명할 수 있으면 고급으로 평가됩니다. 실무에서는 모달 매니저를 두고, 열린 순서대로 트리거/포커스 복귀 대상을 스택으로 관리합니다. 또한 배경 차단 범위가 레벨마다 달라질 수 있어 테스트가 매우 중요합니다.		O	TRUE	X	FALSE					frontend	accessibility	a11y	architecture
Q469	중첩 모달은 자동 해결		Frontend - Web Accessibility	16	OX	HARD	모달 라이브러리를 쓰면 중첩 모달의 포커스/복귀 문제는 자동으로 항상 완벽히 해결된다.	라이브러리가 많은 부분을 도와주지만, “항상 완벽”은 위험한 가정입니다. 앱의 라우팅, 포털(Portal) 구조, 애니메이션 타이밍, 조건부 렌더링에 따라 포커스 레이스 컨디션이 생길 수 있습니다. 면접에서는 라이브러리 의존보다 “검증과 정책”을 강조하는 답이 좋습니다. 실무에서는 라이브러리를 써도 중첩 모달은 최소화하고, 꼭 필요하면 스택 정책과 테스트를 추가합니다. 따라서 이 주장은 틀립니다.		O	FALSE	X	TRUE					frontend	accessibility	a11y	testing
Q470	가상 리스트 접근성		Frontend - Web Accessibility	16	OX	HARD	가상 스크롤(virtualization) 리스트는 DOM에 없는 항목을 스크린 리더가 탐색할 수 없으므로, 접근성을 위해 대체 탐색 방식이나 렌더링 전략을 추가로 고민해야 한다.	virtualization은 성능엔 좋지만, 보조기기는 보통 DOM 기반으로 탐색하기 때문에 “없는 항목은 없는 것”으로 인식됩니다. 면접에서는 가상 리스트와 접근성의 트레이드오프를 설명할 수 있으면 좋습니다. 실무에서는 페이지네이션으로 전환하거나, 스크린 리더 모드에서는 virtualization을 끄고 전체를 렌더링하거나, 항목 수/위치를 텍스트로 안내하는 전략을 고려합니다. 또한 roving tabindex나 active descendant가 virtualization과 결합되면 활성 항목이 DOM에서 사라지는 문제가 생겨 버그가 발생할 수 있습니다. 성능 최적화와 접근성은 함께 설계해야 합니다.		O	TRUE	X	FALSE					frontend	accessibility	a11y	performance
Q471	virtualization은 문제 없다		Frontend - Web Accessibility	16	OX	HARD	가상 스크롤은 시각적으로 항목이 보이기만 하면 되므로, 스크린 리더 탐색성은 크게 문제 되지 않는다.	시각적으로 보인다고 해서 보조기기에서도 동일하게 탐색 가능한 것은 아닙니다. virtualization은 DOM에 존재하는 항목만 탐색할 수 있게 만들기 쉬워, 키보드/스크린 리더 사용자는 목록을 끝까지 탐색하기 어렵습니다. 면접에서는 이 문제를 인지하고 완화 전략을 제시하는 답이 좋습니다. 실무에서도 접근성 요구가 있는 서비스라면 virtualization 적용 범위를 제한하거나, 대체 UI(검색, 페이지네이션)를 제공합니다. 따라서 ‘크게 문제 없다’는 주장은 틀립니다.		O	FALSE	X	TRUE					frontend	accessibility	a11y	ui
Q472	aria-setsize posinset		Frontend - Web Accessibility	16	OX	HARD	가상 리스트처럼 일부 항목만 DOM에 있을 때, aria-setsize/aria-posinset로 “전체 중 몇 번째인지” 정보를 보완하는 경우가 있다.	aria-posinset과 aria-setsize는 목록/트리/메뉴 항목이 “전체 중 몇 번째인지”를 보조기기에 알려줄 수 있는 속성입니다. virtualization처럼 일부만 렌더링되는 경우, 사용자에게 전체 규모와 현재 위치를 전달하는 데 도움이 될 수 있습니다. 면접에서는 이런 속성이 언제 필요한지까지 설명하면 고급 답변이 됩니다. 실무에서는 값이 동적으로 바뀌면 일관성이 깨질 수 있어 업데이트 타이밍과 성능을 함께 고려해야 합니다. 또한 이것만으로 탐색 문제가 완전히 해결되는 건 아니고, 대체 탐색 UX와 함께 쓰는 보완책입니다.		O	TRUE	X	FALSE					frontend	accessibility	a11y	aria
Q473	posinset만 쓰면 완벽		Frontend - Web Accessibility	16	OX	HARD	aria-posinset/aria-setsize만 정확히 주면, virtualization에서도 스크린 리더 탐색 문제가 완전히 해결된다.	위치 정보는 “맥락”을 보완하지만, DOM에 없는 항목을 실제로 탐색하게 만들어주지는 않습니다. 사용자가 다음 항목으로 이동하려 할 때 항목이 렌더링되지 않으면 포커스/탐색이 끊길 수 있습니다. 면접에서는 ARIA 속성은 보조 정보이며, 실제 탐색 가능성과는 별개라는 점을 강조하면 좋습니다. 실무에서도 virtualization 접근성은 렌더링 정책, 키보드 이동, 검색/페이지네이션 같은 UX 설계를 함께 해야 합니다. 따라서 ‘완전히 해결’은 틀립니다.		O	FALSE	X	TRUE					frontend	accessibility	a11y	dev
Q474	SVG title 접근성		Frontend - Web Accessibility	16	OX	HARD	인라인 SVG 아이콘이 의미를 전달한다면, title/aria-label 등으로 접근성 이름을 제공하거나 텍스트 대체를 고려해야 한다.	SVG는 단순 장식일 수도, 중요한 정보(상태, 경고)일 수도 있습니다. 의미가 있다면 보조기기에 전달될 수 있도록 이름을 제공해야 합니다. 면접에서는 아이콘 접근성에서 “장식은 숨기고, 의미는 텍스트로” 원칙을 말하는 것이 좋습니다. 실무에서는 SVG 자체에 title을 넣거나, 주변 텍스트를 aria-labelledby로 참조하거나, 아예 텍스트 레이블을 제공해 안정성을 높입니다. 단, title만으로 모든 환경에서 일관되게 읽히지 않을 수 있어 테스트가 필요합니다.		O	TRUE	X	FALSE					frontend	accessibility	a11y	svg
Q475	SVG title은 항상 읽힘		Frontend - Web Accessibility	16	OX	HARD	SVG의 title 요소는 모든 브라우저/스크린 리더 조합에서 항상 동일하게 접근성 이름으로 읽히므로 가장 확실한 방법이다.	현실에서는 브라우저/보조기기 조합에 따라 SVG title의 처리 방식이 달라질 수 있습니다. 어떤 환경에서는 읽히지 않거나, 예상과 다른 방식으로 읽힐 수 있습니다. 면접에서는 “가장 확실” 같은 단정 대신, 여러 방법을 비교하고 테스트를 강조하는 답이 좋습니다. 실무에서는 SVG를 장식으로 숨기고, 버튼/링크의 접근성 이름은 컨트롤 자체에 제공하는 방식(aria-label/aria-labelledby)이 더 안정적인 경우가 많습니다. 따라서 ‘항상 확실’은 틀립니다.		O	FALSE	X	TRUE					frontend	accessibility	a11y	testing
Q476	contenteditable 접근성		Frontend - Web Accessibility	16	OX	HARD	contenteditable 기반 에디터는 기본 textarea보다 접근성 구현 난도가 높아, 역할/키보드 동작/읽기 흐름을 별도로 설계해야 한다.	contenteditable은 자유도가 높은 대신 브라우저 기본 폼 컨트롤처럼 자동으로 접근성을 보장하지 않습니다. 선택/커서 이동, 읽기 순서, 단축키, 스크린 리더 모드 등 고려할 것이 많습니다. 면접에서는 리치 텍스트 에디터 접근성의 난이도를 이해하는지 볼 수 있습니다. 실무에서는 가능하면 검증된 에디터(예: 접근성 고려된 라이브러리)를 사용하고, 툴바 버튼 라벨링, 포커스 이동, 상태 낭독(굵게/기울임 등)까지 테스트해야 합니다. 또한 모바일/IMEs(한글 조합)까지 포함하면 더 복잡해집니다. 그래서 별도 설계가 필요하다는 말은 맞습니다.		O	TRUE	X	FALSE					frontend	accessibility	a11y	editor
Q477	contenteditable은 자동		Frontend - Web Accessibility	16	OX	HARD	contenteditable은 브라우저가 기본적으로 폼 컨트롤처럼 접근성을 처리하므로 별도 고려가 거의 필요 없다.	contenteditable은 일부 기본 지원이 있더라도, 기대하는 수준의 폼 접근성을 자동으로 제공한다고 보기 어렵습니다. 특히 툴바, 서식 상태, 커스텀 키보드 동작, 스크린 리더 낭독 흐름은 구현/검증이 필요합니다. 면접에서는 이 차이를 명확히 말하는 답이 좋습니다. 실무에서도 단순 텍스트 입력이면 textarea를 쓰는 것이 접근성과 유지보수 측면에서 안전합니다. 따라서 ‘거의 필요 없다’는 주장은 틀립니다.		O	FALSE	X	TRUE					frontend	accessibility	a11y	ui
Q478	focus race condition		Frontend - Web Accessibility	16	OX	HARD	React에서 조건부 렌더링으로 포커스 대상이 사라질 수 있으므로, 모달/토스트/라우트 전환 시 focus() 호출 타이밍을 조절하지 않으면 포커스 유실이 발생할 수 있다.	SPA에서는 상태 변화로 DOM이 자주 바뀌고, 포커스 대상이 언마운트되면 포커스가 body로 튀거나 사라진 것처럼 느껴집니다. 면접에서는 포커스 관리가 “이벤트가 아니라 생명주기 문제”라는 점을 이해하는지 볼 수 있습니다. 실무에서는 렌더링 완료 후 포커스를 주기 위해 requestAnimationFrame, useLayoutEffect, 마운트 플래그 등을 활용하기도 합니다. 또한 애니메이션이 끝난 뒤 포커스를 주거나, 포털 렌더 완료를 기다리는 전략이 필요할 수 있습니다. 이런 타이밍 설계는 접근성 결함을 줄이는 핵심 실무 포인트입니다.		O	TRUE	X	FALSE					frontend	accessibility	a11y	react
Q479	focus는 언제나 즉시		Frontend - Web Accessibility	16	OX	HARD	포커스 이동은 언제나 상태 변경 직후 즉시 focus()를 호출하면 가장 안정적이며, 렌더링 타이밍을 고려할 필요가 없다.	상태 변경 직후에는 포커스 대상이 아직 DOM에 없거나, 애니메이션/포털 때문에 아직 준비되지 않았을 수 있습니다. 그 상태에서 focus()를 호출하면 실패하거나 다른 곳으로 포커스가 가서 버그가 생깁니다. 면접에서는 “포커스는 렌더링 이후 보장”이라는 실무 감각을 말하는 답이 좋습니다. 실무에서는 렌더 완료 타이밍을 보장하는 훅(useLayoutEffect 등)을 쓰거나, 포커스 대상 ref가 준비된 뒤에만 이동하도록 가드합니다. 따라서 ‘타이밍 고려 불필요’는 틀립니다.		O	FALSE	X	TRUE					frontend	accessibility	a11y	dev
Q480	aria-current		Frontend - Web Accessibility	16	OX	HARD	현재 페이지/현재 항목을 나타내는 내비게이션에서는 aria-current="page" 같은 값이 스크린 리더에 현재 위치를 명확히 전달하는 데 도움이 될 수 있다.	내비게이션에서 “지금 어디에 있는지”는 핵심 맥락 정보입니다. aria-current는 링크나 항목이 현재 상태임을 보조기기에 전달해, 사용자가 위치를 빠르게 파악하게 돕습니다. 면접에서는 active 스타일만 주는 것과 aria-current를 주는 것의 차이를 물을 수 있습니다. 실무에서는 라우트 기반으로 aria-current를 자동 부여하고, 현재 항목은 링크로 남길지(재로딩/재진입) 정책도 정합니다. 또한 breadcrumb에서도 aria-current를 활용해 마지막 항목이 현재임을 명시할 수 있습니다. 이런 작은 속성 하나가 탐색 경험을 크게 개선합니다.		O	TRUE	X	FALSE					frontend	accessibility	a11y	aria
Q481	aria-current는 CSS로 대체		Frontend - Web Accessibility	16	OX	HARD	현재 메뉴는 색상으로만 강조하면 충분하므로 aria-current는 필요 없다.	색상 강조는 시각 사용자에게만 유효하고, 보조기기 사용자는 현재 위치를 명확히 알기 어렵습니다. 또한 색각 이상 사용자나 대비가 낮은 테마에서는 시각 강조가 약해질 수 있습니다. 면접에서는 “시각 표시 + 의미 전달(ARIA)”의 조합을 말하는 답이 좋습니다. 실무에서는 aria-current를 추가해 현재 상태를 명시하고, 시각적으로도 아이콘/굵기 등 비색상 신호를 함께 주면 더 안정적입니다. 따라서 ‘필요 없다’는 주장은 틀립니다.		O	FALSE	X	TRUE					frontend	accessibility	a11y	ux
Q482	aria-expanded 동기화		Frontend - Web Accessibility	16	OX	HARD	아코디언/디스클로저 UI에서 aria-expanded 값이 실제 열림 상태와 불일치하면 보조기기 사용자에게 잘못된 정보를 준다.	aria-expanded는 “열렸는지/닫혔는지”를 전달하는 대표 속성입니다. 값이 실제 UI 상태와 어긋나면 사용자는 현재 상태를 오해하고 탐색에 실패합니다. 면접에서는 상태 속성은 반드시 단일 소스(실제 state)에서 파생되어야 한다고 설명하면 좋습니다. 실무에서는 애니메이션 중간 상태나 비동기 렌더로 인해 불일치가 생길 수 있어, 상태 전환 타이밍을 조정하거나 애니메이션과 상태를 분리해 관리합니다. 또한 서버 응답으로 열림 상태가 바뀌는 경우도 있으니 항상 동기화가 중요합니다. 접근성은 “정확한 상태”가 생명입니다.		O	TRUE	X	FALSE					frontend	accessibility	a11y	state
Q483	aria-expanded는 대충		Frontend - Web Accessibility	16	OX	HARD	aria-expanded는 대략 맞으면 되고, 애니메이션 중에는 잠깐 틀려도 큰 문제 없다.	잠깐의 불일치라도 스크린 리더가 그 순간 상태를 읽으면 사용자는 오해합니다. 특히 키보드 사용자는 토글 직후 상태를 확인하며 다음 행동을 결정하기 때문에, 엇갈리면 바로 혼란이 생깁니다. 면접에서는 상태 속성을 “항상 진실”로 유지해야 한다는 관점을 말하는 게 중요합니다. 실무에서는 애니메이션을 CSS로 하되, 열림 상태는 즉시 갱신하고, 필요하면 aria-busy나 전환 중 텍스트를 추가해 혼선을 줄입니다. ‘대충’은 접근성에서 위험한 태도입니다. 따라서 이 주장은 틀립니다.		O	FALSE	X	TRUE					frontend	accessibility	a11y	ui
Q484	disclosure 패턴		Frontend - Web Accessibility	16	OX	HARD	단순 “펼치기/접기” UI는 button 요소를 사용하고 aria-expanded로 상태를 제공하는 disclosure 패턴이 일반적으로 안전하다.	disclosure(디스클로저)는 단순하지만 자주 깨지는 UI입니다. 버튼으로 구현하면 키보드 기본 동작(Enter/Space)이 제공되고, aria-expanded로 상태까지 전달할 수 있어 안정적입니다. 면접에서는 ‘클릭 가능한 div’ 대신 버튼을 쓰는 이유를 명확히 말하면 좋습니다. 실무에서는 토글 버튼의 접근성 이름이 무엇인지(예: “상세 정보 펼치기”)를 정확히 제공하고, 토글 대상 영역을 aria-controls로 연결할지 여부도 결정합니다. 또한 펼친 후 포커스를 이동시킬지 정책을 정하면 UX가 더 좋아집니다.		O	TRUE	X	FALSE					frontend	accessibility	a11y	patterns
Q485	disclosure는 div로		Frontend - Web Accessibility	16	OX	HARD	펼치기/접기 UI는 div에 onClick만 붙여도 버튼과 동일하게 접근성이 확보된다.	div는 기본적으로 키보드 인터랙션과 역할(role)이 없기 때문에, onClick만으로는 접근성이 확보되지 않습니다. 키보드로 포커스 가능해야 하고, Enter/Space 동작을 구현해야 하며, role="button"과 상태(aria-expanded)도 필요합니다. 면접에서는 “네이티브 컨트롤 우선” 원칙을 강조하는 답이 정석입니다. 실무에서도 div 버튼은 놓치는 포인트가 많아 품질이 흔들리기 쉽습니다. 따라서 버튼 요소를 쓰는 것이 가장 안전합니다. 이 주장은 틀립니다.		O	FALSE	X	TRUE					frontend	accessibility	a11y	html
Q486	폼 오류 연결		Frontend - Web Accessibility	16	OX	HARD	폼 오류 메시지를 input과 aria-describedby로 연결하면, 사용자가 해당 필드에 포커스했을 때 오류 문구를 함께 들을 수 있어 도움이 된다.	오류 메시지는 “어떤 필드가 왜 틀렸는지”를 즉시 알려야 합니다. aria-describedby로 오류 텍스트를 연결하면 필드에 포커스할 때 오류를 같이 들을 수 있어 수정 효율이 올라갑니다. 면접에서는 aria-invalid와 describedby를 함께 언급하면 좋습니다. 실무에서는 오류 텍스트 id가 안정적으로 존재해야 하고, 오류가 사라지면 describedby에서도 제거해 낭독 소음을 줄이는 게 좋습니다. 또한 여러 도움말/오류가 동시에 있을 때 낭독 순서를 조절하는 것도 중요합니다. 이런 연결 설계가 폼 접근성의 핵심 중 하나입니다.		O	TRUE	X	FALSE					frontend	accessibility	a11y	forms
Q487	오류는 색으로만		Frontend - Web Accessibility	16	OX	HARD	폼 오류는 빨간 테두리만 보여주면 충분하고, 오류 텍스트 연결은 불필요하다.	색상만으로 오류를 전달하면 색각 이상 사용자나 스크린 리더 사용자는 오류를 인지하기 어렵습니다. 오류는 텍스트로 명확히 제공하고, 해당 필드와 연결해 수정 경로를 제시해야 합니다. 면접에서는 “색상만으로 전달 금지”를 대표 원칙으로 답할 수 있어야 합니다. 실무에서도 빨간 테두리는 보조 신호이고, 오류 문구/요약/포커스 이동이 함께 있어야 완성됩니다. 따라서 이 주장은 틀립니다.		O	FALSE	X	TRUE					frontend	accessibility	a11y	ux
Q488	aria-invalid		Frontend - Web Accessibility	16	OX	HARD	aria-invalid="true"는 해당 입력 값이 유효하지 않음을 보조기기에 전달하는 데 사용할 수 있다.	aria-invalid는 필드가 현재 유효하지 않다는 상태를 나타냅니다. 스크린 리더는 이를 읽어 사용자에게 오류 상태를 알려줄 수 있습니다. 면접에서는 언제 true로 두고 언제 해제하는지(입력 중 vs 제출 후) 같은 UX 정책을 묻기도 합니다. 실무에서는 실시간 검증을 과하게 하면 낭독 소음과 스트레스가 생길 수 있어, 제출 후 표시나 blur 후 표시 등 정책을 정합니다. 또한 aria-invalid만 주고 오류 문구가 없으면 사용자가 무엇을 고쳐야 할지 몰라서, 오류 텍스트와 연결이 함께 필요합니다. 상태와 안내를 같이 제공하는 것이 핵심입니다.		O	TRUE	X	FALSE					frontend	accessibility	a11y	aria
Q489	aria-invalid면 이유 전달		Frontend - Web Accessibility	16	OX	HARD	aria-invalid="true"만 있으면, 사용자는 어떤 점이 잘못됐는지까지 자동으로 알 수 있다.	aria-invalid는 “유효하지 않다”는 사실만 전달할 뿐, 왜 유효하지 않은지(형식 오류, 필수 누락 등)는 알려주지 않습니다. 면접에서는 상태와 메시지를 분리해 설명할 수 있어야 합니다. 실무에서는 오류 원인을 텍스트로 제공하고 input과 describedby로 연결해 함께 낭독되게 합니다. 또한 상단 오류 요약을 제공해 전체 수정 경로를 안내하면 완주율이 올라갑니다. 따라서 ‘자동으로 이유까지’는 틀린 주장입니다.		O	FALSE	X	TRUE					frontend	accessibility	a11y	forms
Q490	role=alert 주의		Frontend - Web Accessibility	16	OX	HARD	role="alert"는 즉시 낭독되는 경향이 있어, 남발하면 낭독 소음이 커질 수 있으므로 신중히 사용해야 한다.	alert는 사용자에게 중요한 메시지를 빠르게 알릴 수 있지만, 강제성이 높아 남발하면 사용 경험이 크게 나빠집니다. 면접에서는 alert와 status의 차이(긴급 vs 비차단)를 설명하면 좋습니다. 실무에서는 정말 긴급한 오류(결제 실패, 치명적 네트워크 오류 등)에만 alert/aria-live=assertive를 쓰고, 일반 안내는 status/polite로 처리합니다. 또한 화면에 여러 alert가 동시에 뜨면 낭독이 겹칠 수 있어, 메시지 큐/우선순위 정책을 둡니다. 접근성은 ‘전달’뿐 아니라 ‘방해 최소화’가 중요합니다.		O	TRUE	X	FALSE					frontend	accessibility	a11y	ui
Q491	alert는 무조건 좋다		Frontend - Web Accessibility	16	OX	HARD	사용자에게 잘 보이게 하려면 모든 메시지를 role="alert"로 만드는 것이 접근성에 가장 좋다.	모든 메시지를 alert로 만들면 스크린 리더 사용자는 작업 중 계속 끊기고 피로해집니다. 중요한 메시지와 덜 중요한 메시지를 구분하고, 우선순위에 따라 전달 채널을 나눠야 합니다. 면접에서는 ‘모든 알림은 알림이 아니다’라는 관점을 말하면 좋습니다. 실무에서는 success 토스트는 status/polite, 치명 오류는 alert/assertive, 장기 상태는 텍스트 표시 같은 식으로 구분합니다. 따라서 ‘모든 메시지 alert’는 틀립니다.		O	FALSE	X	TRUE					frontend	accessibility	a11y	aria
Q492	대화형 캐러셀		Frontend - Web Accessibility	16	OX	HARD	캐러셀/슬라이더는 자동 재생, 포커스 이동, 버튼 라벨링까지 고려해야 해서 접근성 구현 난도가 높은 편이다.	캐러셀은 보기에는 단순하지만, 자동 재생이 있으면 사용자 제어권(일시정지), 움직임 민감 사용자 배려, 포커스 이동 규칙이 복잡해집니다. 면접에서는 캐러셀의 접근성 체크리스트(자동재생 끄기, 이전/다음 버튼 라벨, 현재 슬라이드 표시, 키보드 조작)를 물을 수 있습니다. 실무에서는 가능하면 캐러셀 사용을 최소화하거나, 써야 한다면 “정지/재생” 컨트롤과 명확한 상태 안내를 제공합니다. 또한 슬라이드 콘텐츠가 인터랙티브하면 포커스가 슬라이드 전환에 의해 사라지는 문제도 생기니 주의해야 합니다. 따라서 난도가 높다는 말은 맞습니다.		O	TRUE	X	FALSE					frontend	accessibility	a11y	ui
Q493	캐러셀은 라이브러리면 끝		Frontend - Web Accessibility	16	OX	HARD	캐러셀은 라이브러리를 쓰면 자동재생/포커스/라벨링이 알아서 해결되므로 접근성 설계를 따로 할 필요가 없다.	라이브러리가 기본 기능을 제공해도, 제품의 콘텐츠 구조와 인터랙션에 맞춰 접근성 설계를 해야 합니다. 자동재생 정책, 정지 버튼 위치, 슬라이드 전환 시 포커스 유지, 라벨 텍스트는 서비스마다 다릅니다. 면접에서는 라이브러리 사용 여부보다 “검증과 정책”을 말하는 답이 더 좋습니다. 실무에서도 캐러셀 접근성은 자주 깨지므로 키보드/스크린 리더 테스트가 필수입니다. 따라서 ‘따로 할 필요 없다’는 틀린 주장입니다.		O	FALSE	X	TRUE					frontend	accessibility	a11y	testing
Q494	prefers-reduced-motion		Frontend - Web Accessibility	16	OX	HARD	prefers-reduced-motion을 존중해 애니메이션을 줄이거나 끄는 옵션을 제공하면 움직임 민감 사용자에게 도움이 된다.	움직임은 일부 사용자에게 어지러움이나 불편을 유발할 수 있어, 감소 옵션은 접근성에서 중요한 배려입니다. prefers-reduced-motion은 사용자의 OS 설정을 반영해 애니메이션을 줄일 수 있게 합니다. 면접에서는 “왜 애니메이션이 접근성과 관련 있나”를 설명할 수 있으면 좋습니다. 실무에서는 전환 애니메이션, 패럴랙스, 자동 스크롤 같은 강한 움직임을 줄이고, 필요한 경우 페이드/즉시 전환으로 대체합니다. 또한 토글 옵션을 제공해 사용자 제어권을 강화하면 더 좋습니다.		O	TRUE	X	FALSE					frontend	accessibility	a11y	css
Q495	reduced-motion은 선택사항		Frontend - Web Accessibility	16	OX	HARD	reduced motion 설정은 개인 취향이므로, 제품은 이를 굳이 반영하지 않아도 접근성에 큰 영향이 없다.	움직임 민감은 단순 취향이 아니라 사용 가능성에 직접 영향을 줄 수 있습니다. 강한 애니메이션은 사용자가 서비스를 중단하게 만들 수도 있습니다. 면접에서는 접근성을 “선호”가 아니라 “사용 가능성”으로 설명하는 답이 중요합니다. 실무에서는 최소한 OS 설정을 존중하는 것이 좋은 기본값이고, 특히 자동재생/패럴랙스 같은 효과는 줄이는 것이 안전합니다. 따라서 ‘큰 영향 없다’는 틀린 주장입니다.		O	FALSE	X	TRUE					frontend	accessibility	a11y	ux
Q496	색상 대비와 토큰		Frontend - Web Accessibility	16	OX	HARD	디자인 토큰 기반으로 색상을 관리하면, 대비 기준을 만족하도록 테마를 일관되게 유지하고 회귀를 줄이는 데 도움이 된다.	대비는 개별 화면에서만 맞추면 끝이 아니라, 테마/상태/다크모드 등 조합에서 계속 깨질 수 있습니다. 디자인 토큰으로 관리하면 기준을 시스템화해 회귀를 줄일 수 있습니다. 면접에서는 “접근성은 시스템으로 만든다”는 답변이 좋습니다. 실무에서는 primary, text, surface 같은 토큰에 대비를 검증해두고, 컴포넌트 상태(hover, disabled, focus)까지 포함해 테스트합니다. 또한 브랜드 컬러를 그대로 쓰기 어려울 때는 접근성 보조 색을 별도로 두는 전략도 씁니다. 토큰화는 접근성 유지보수에 큰 도움이 됩니다.		O	TRUE	X	FALSE					frontend	accessibility	a11y	design
Q497	대비는 화면별로만		Frontend - Web Accessibility	16	OX	HARD	색상 대비는 디자이너가 화면별로 확인하면 되므로, 토큰/시스템 차원의 관리가 필요 없다.	화면별 체크만으로는 상태/테마/브라우저 차이에서 생기는 회귀를 막기 어렵습니다. 접근성은 반복되는 패턴이 많기 때문에 시스템으로 관리할수록 품질이 안정됩니다. 면접에서는 “한 번 맞추고 끝이 아니라, 계속 지켜야 한다”는 관점을 말하는 것이 좋습니다. 실무에서도 토큰/컴포넌트 레벨에서 대비를 보장하면 신규 화면 추가 시에도 자연스럽게 기준이 유지됩니다. 따라서 ‘시스템 관리 필요 없다’는 주장은 틀립니다.		O	FALSE	X	TRUE					frontend	accessibility	a11y	process
Q498	접근성 회귀 테스트		Frontend - Web Accessibility	16	OX	HARD	접근성은 회귀가 잦기 때문에, CI에서 axe 같은 자동 검사와 키보드 스모크 테스트를 일부라도 넣으면 품질 유지에 도움이 된다.	접근성은 UI 변경, 번역 변경, 컴포넌트 리팩터링 때 쉽게 깨집니다. 자동 검사(axe 등)는 모든 걸 잡진 못하지만, 기본적인 역할/이름/대비/aria 오류를 빠르게 발견해 회귀를 줄입니다. 면접에서는 자동 테스트의 한계(키보드 흐름, 스크린 리더 경험은 못 잡음)까지 같이 말하면 더 좋습니다. 실무에서는 핵심 플로우에 최소한의 키보드 스모크 테스트를 추가하고, 중요한 페이지는 수동 스크린 리더 테스트를 주기적으로 수행합니다. “완벽”이 아니라 “지속 가능한 품질”이 목표입니다.		O	TRUE	X	FALSE					frontend	accessibility	a11y	testing
Q499	자동 검사면 전부 해결		Frontend - Web Accessibility	16	OX	HARD	접근성 자동 검사 도구를 통과하면, 스크린 리더/키보드 테스트는 더 이상 필요 없다.	자동 검사는 중요한 안전망이지만, 실제 사용성 문제(포커스 이동, 읽기 순서, 위젯 키보드 패턴, 낭독 자연스러움)는 잡지 못합니다. 면접에서는 자동 검사와 수동 테스트의 역할 분담을 설명하는 답이 정석입니다. 실무에서도 “자동 + 수동”의 조합이 필수이고, 특히 모달/콤보박스/캐러셀 같은 복합 위젯은 수동 검증이 없으면 품질을 보장하기 어렵습니다. 따라서 ‘더 이상 필요 없다’는 틀린 주장입니다.		O	FALSE	X	TRUE					frontend	accessibility	a11y	qa
Q500	링크와 버튼 구분		Frontend - Web Accessibility	16	OX	HARD	“페이지 이동”은 링크(a), “동작 실행”은 버튼(button)으로 의미를 맞추는 것이 스크린 리더/키보드 사용자에게 중요하다.	링크와 버튼은 역할이 다르고, 보조기기는 그 역할을 기반으로 사용자가 기대하는 조작을 안내합니다. 링크는 이동, 버튼은 액션이라는 의미가 일치하면 사용자는 “이걸 누르면 어디로 가는지/무슨 동작인지”를 더 예측하기 쉽습니다. 면접에서는 a에 onClick만 붙여 버튼처럼 쓰는 패턴의 문제점을 물을 수 있습니다. 실무에서는 라우팅 이동은 Link/anchor, 상태 토글은 button으로 분리하고, 스타일은 CSS로 통일하는 방식이 안전합니다. 또한 키보드 기본 동작(Enter/Space)과 보조기기 힌트가 역할에 따라 달라지므로 의미를 맞추는 것이 접근성 품질을 크게 좌우합니다. 의미와 동작이 어긋나면 사용자가 길을 잃습니다.		O	TRUE	X	FALSE					frontend	accessibility	a11y	semantics
Q501	div role=button이면 동일		Frontend - Web Accessibility	16	OX	HARD	div에 role="button"만 주면 실제 button과 완전히 동일한 접근성이 확보된다.	role="button"은 의미를 흉내 내지만, 네이티브 버튼이 제공하는 기본 키보드 동작, 상태 처리, 포커스 처리까지 모두 자동으로 따라오지는 않습니다. 면접에서는 role을 줬으면 tabindex, Enter/Space 처리, aria-pressed 등 상태까지 구현해야 한다는 점을 강조하면 좋습니다. 실무에서는 div 버튼이 누락을 만들기 쉬워 품질이 흔들리기 때문에, 가능하면 네이티브 button을 우선 사용합니다. 또한 클릭 영역, disabled 처리, 폼 내 submit 동작 등 네이티브가 제공하는 많은 기능을 직접 재현해야 해서 유지보수 비용이 커집니다. 따라서 “완전히 동일”은 틀린 주장입니다.		O	FALSE	X	TRUE					frontend	accessibility	a11y	html
Q502	Enter vs Space		Frontend - Web Accessibility	16	OX	HARD	커스텀 버튼(role=button)은 키보드에서 Enter뿐 아니라 Space로도 활성화되도록 구현하는 것이 일반적으로 기대된다.	네이티브 버튼은 Enter/Space로 활성화되는 것이 표준 기대 동작입니다. 커스텀 버튼을 만들면 이 기대를 깨뜨리기 쉬워 키보드 사용자 경험이 나빠집니다. 면접에서는 role=button 만들 때 어떤 키 처리가 필요한지 묻는 경우가 있습니다. 실무에서는 onKeyDown에서 Enter/Space를 처리하고, Space는 기본 스크롤과 충돌할 수 있으니 preventDefault 타이밍까지 고려해야 합니다. 또한 버튼 토글이라면 aria-pressed 상태도 함께 관리해야 합니다. 커스텀 구현은 “표준 동작 재현”이 핵심입니다.		O	TRUE	X	FALSE					frontend	accessibility	a11y	keyboard
Q503	Enter만 되면 충분		Frontend - Web Accessibility	16	OX	HARD	role="button"인 요소는 Enter로만 동작해도 대부분 충분하며 Space까지 구현할 필요는 없다.	키보드 사용자는 네이티브 버튼과 같은 동작을 기대합니다. Space가 안 되면 일관성이 깨지고, 특히 스위치/토글류 UI에서 불편함이 커집니다. 면접에서는 “표준 기대 동작을 지키는지”를 보는 질문으로 나올 수 있습니다. 실무에서는 Space 처리 누락이 흔한 접근성 결함이라서 체크리스트에 포함시키는 팀도 많습니다. 따라서 “구현할 필요 없다”는 일반적으로 틀립니다.		O	FALSE	X	TRUE					frontend	accessibility	a11y	ui
Q504	label in name		Frontend - Web Accessibility	16	OX	HARD	버튼에 화면 텍스트가 “저장”이라면, 접근성 이름에도 “저장”이 포함되도록(라벨 인 네임) 맞추면 음성 제어 사용자에게 도움이 된다.	음성 제어 사용자는 화면에 보이는 텍스트를 말해서 버튼을 실행하는 경우가 많습니다. 그런데 접근성 이름이 화면 텍스트와 다르면 “저장 버튼 눌러”가 먹히지 않는 등 문제가 생길 수 있습니다. 면접에서는 Label in Name 개념을 알고 있으면 강점이 됩니다. 실무에서는 aria-label을 멋대로 바꾸기보다, 화면 텍스트를 그대로 이름으로 쓰거나 aria-labelledby로 참조해 일치시키는 편이 안전합니다. 필요하면 부가 설명은 describedby로 분리해 제공하면 됩니다. 결국 이름은 “사용자가 부르는 단어”에 맞춰야 합니다.		O	TRUE	X	FALSE					frontend	accessibility	a11y	ux
Q505	aria-label은 더 멋지게		Frontend - Web Accessibility	16	OX	HARD	화면에 “저장”이 보이더라도 aria-label을 “변경사항 적용”처럼 다르게 붙여도 접근성엔 보통 문제가 없다.	화면 텍스트와 접근성 이름이 다르면 음성 제어 사용자에게 불리할 수 있고, 스크린 리더 사용자도 UI와 낭독이 달라 혼란을 느낄 수 있습니다. 면접에서는 “보이는 라벨과 이름의 일치”를 강조하는 답이 좋습니다. 실무에서도 aria-label을 임의로 바꾸면 번역/문구 변경 시 일관성이 깨지기 쉬워 유지보수 리스크가 큽니다. 더 자세한 의미가 필요하면 이름을 바꾸기보다 설명(aria-describedby)으로 보완하거나, 화면 텍스트 자체를 개선하는 편이 좋습니다. 따라서 “보통 문제 없다”는 틀린 주장입니다.		O	FALSE	X	TRUE					frontend	accessibility	a11y	aria
Q506	role=presentation 주의		Frontend - Web Accessibility	16	OX	HARD	role="presentation"/role="none"은 시맨틱을 제거하므로, 인터랙티브 요소나 포커스 가능한 요소에 적용하면 접근성 문제가 될 수 있다.	presentation/none은 요소의 역할을 없애 접근성 트리에서 의미를 제거합니다. 포커스 가능한 요소에 적용하면 보조기기가 “무슨 컨트롤인지”를 이해하지 못하거나, 탐색이 이상해질 수 있습니다. 면접에서는 테이블 레이아웃이나 장식 리스트에서 presentation을 쓰는 사례와, 금지 사례를 구분해 설명하면 좋습니다. 실무에서는 클릭 가능한 리스트 아이템에 presentation을 주는 실수가 종종 있고, 이 경우 낭독이 깨집니다. 따라서 적용 대상은 “정말 장식/레이아웃 목적”으로 제한해야 합니다. 의미 제거는 강력한 도구라서 신중해야 합니다.		O	TRUE	X	FALSE					frontend	accessibility	a11y	aria
Q507	presentation이면 더 깔끔		Frontend - Web Accessibility	16	OX	HARD	스크린 리더가 복잡하게 읽는 게 싫으면 role="presentation"을 넓게 적용해 최대한 많은 시맨틱을 제거하는 게 좋다.	시맨틱 제거는 “불필요한 정보 제거”에 쓸 수 있지만, 과하면 사용자가 구조를 잃고 탐색이 어려워집니다. 특히 내비게이션, 리스트, 폼 같은 핵심 구조가 사라지면 접근성은 급격히 나빠집니다. 면접에서는 “복잡한 낭독의 원인은 구조 설계 문제일 수 있다”는 관점을 말하면 좋습니다. 실무에서도 presentation 남발은 디버깅이 어렵고, 보조기기 사용자에게 필요한 힌트를 제거합니다. 따라서 “최대한 제거가 좋다”는 틀린 주장입니다.		O	FALSE	X	TRUE					frontend	accessibility	a11y	dev
Q508	리스트 마커와 낭독		Frontend - Web Accessibility	16	OX	HARD	ul/li의 시맨틱은 CSS로 list-style을 제거해도 유지되므로, 시각적 마커를 없애더라도 구조적 낭독(리스트, 항목 수)은 보조기기에 남는다.	list-style은 시각적 마커(점/번호) 표현에 가깝고, 시맨틱 자체를 제거하지는 않습니다. 그래서 스타일을 바꿔도 스크린 리더는 여전히 “리스트, n개 항목”으로 구조를 안내할 수 있습니다. 면접에서는 “시맨틱과 스타일은 분리” 원칙을 말할 수 있으면 좋습니다. 실무에서는 리스트를 div로 바꾸기 전에, CSS로 충분히 디자인을 맞출 수 있는지 먼저 고려하는 편이 안전합니다. 물론 role="presentation"을 li/ul에 주면 이야기가 달라지니 그 점은 주의해야 합니다. 기본적으로 스타일 변경만으로 시맨틱이 사라지진 않습니다.		O	TRUE	X	FALSE					frontend	accessibility	a11y	css
Q509	list-style 없으면 리스트 아님		Frontend - Web Accessibility	16	OX	HARD	ul에서 list-style: none을 주면 스크린 리더도 더 이상 리스트로 인식하지 않는다.	list-style은 시각적 표현만 바꾸는 CSS이며, HTML 시맨틱을 제거하지 않습니다. 스크린 리더는 여전히 ul/li 구조를 리스트로 인식하는 경우가 일반적입니다. 면접에서는 이 차이를 명확히 구분하는 답변이 좋습니다. 실무에서도 디자인 때문에 list-style을 없애는 것은 흔한데, 시맨틱은 유지되므로 오히려 접근성에 유리합니다. 리스트 시맨틱을 없애고 싶다면 role="none" 같은 별도 조치가 필요하지만, 보통은 그렇게 하지 않는 편이 낫습니다. 따라서 이 주장은 틀립니다.		O	FALSE	X	TRUE					frontend	accessibility	a11y	html
Q510	table 시맨틱 유지		Frontend - Web Accessibility	16	OX	HARD	데이터 표는 table/th/scope 같은 시맨틱을 지키면 스크린 리더가 행·열 헤더 관계를 이해하는 데 도움이 된다.	데이터 표는 “관계”가 핵심이라, table 시맨틱이 보조기기 탐색에 큰 도움을 줍니다. th와 scope(또는 headers/id)로 헤더 관계를 명시하면, 사용자는 셀을 이동할 때 해당 헤더 정보를 함께 들을 수 있습니다. 면접에서는 레이아웃 테이블과 데이터 테이블을 구분하는 질문이 자주 나옵니다. 실무에서는 복잡한 표(다중 헤더, 병합 셀)는 headers/id 방식까지 고려해야 하고, 반응형에서 표를 카드로 바꿀 때도 관계 정보가 유지되도록 설계해야 합니다. 표는 접근성에서 고난도 영역이라 “시맨틱 유지”가 기본입니다.		O	TRUE	X	FALSE					frontend	accessibility	a11y	semantics
Q511	div table이면 더 쉬움		Frontend - Web Accessibility	16	OX	HARD	데이터 표는 반응형이 어렵기 때문에 div로만 구성하는 편이 접근성에도 더 좋다.	div로만 표를 만들면 보조기기가 행/열 관계를 자동으로 이해하기 어렵고, 키보드/스크린 리더 탐색성이 떨어질 수 있습니다. 반응형이 필요하면 table을 유지하면서 스크롤, 요약, 카드 뷰 대체 등을 고민하는 것이 일반적입니다. 면접에서는 “접근성과 반응형을 함께 푸는 방법”을 물을 수 있습니다. 실무에서는 작은 화면에서 표를 카드로 바꾸더라도, 각 카드에 헤더(라벨)와 값의 관계를 텍스트로 명확히 유지해야 합니다. 따라서 ‘div가 더 좋다’는 주장은 일반적으로 틀립니다.		O	FALSE	X	TRUE					frontend	accessibility	a11y	ui
Q512	링크 텍스트 품질		Frontend - Web Accessibility	16	OX	HARD	“여기”, “더보기” 같은 링크 텍스트는 스크린 리더의 링크 목록에서 의미가 약하므로, 문맥 없이도 목적이 드러나게 만드는 게 좋다.	스크린 리더 사용자는 종종 링크 목록만 모아 탐색합니다. 이때 “더보기”만 반복되면 어떤 페이지로 가는지 알 수 없어 사용성이 크게 떨어집니다. 면접에서는 ‘의미 있는 링크 텍스트’가 고전적이면서도 실무적인 질문으로 자주 나옵니다. 실무에서는 “상품 상세 더보기”, “공지사항 더보기”처럼 목적을 포함하거나, 시각적으로는 짧게 두되 aria-label로 문맥을 보완하는 방법을 씁니다. 다만 라벨 인 네임 관점에서 화면 텍스트와 너무 달라지지 않게 조심해야 합니다. 링크는 텍스트 자체가 UI입니다.		O	TRUE	X	FALSE					frontend	accessibility	a11y	content
Q513	더보기면 다 알아듣는다		Frontend - Web Accessibility	16	OX	HARD	링크는 주변 문맥이 있으니 “더보기”처럼 짧게만 써도 링크 목록에서 문제 없다.	링크 목록은 문맥이 제거된 상태로 보일 수 있어 “더보기”만으로는 목적 파악이 어렵습니다. 주변 문맥이 항상 낭독되는 것도 아니고, 사용자도 매번 문맥으로 돌아가 확인하기 어렵습니다. 면접에서는 “링크 텍스트는 독립적으로 의미를 가져야 한다”는 원칙을 말하는 것이 좋습니다. 실무에서도 반복되는 더보기 링크는 대표적인 접근성 결함 사례입니다. 따라서 이 주장은 틀립니다.		O	FALSE	X	TRUE					frontend	accessibility	a11y	ux
Q514	input mode		Frontend - Web Accessibility	16	OX	HARD	inputmode와 type을 적절히 선택하면 모바일에서 키보드 레이아웃이 최적화되어 입력 접근성이 좋아질 수 있다.	모바일에서는 키보드 레이아웃이 입력 성공률에 큰 영향을 줍니다. 예를 들어 숫자 입력에 숫자 키보드를 띄우면 오타가 줄고, 인지/운동 부담이 감소합니다. 면접에서는 폼 접근성에서 모바일까지 고려하는지 평가할 수 있습니다. 실무에서는 type="email", inputmode="numeric" 등 표준을 활용하고, 패턴 검증은 과하게 강제하지 않도록 주의합니다. 또한 자동완성(autocomplete)과 결합하면 입력 부담이 더 줄어듭니다. 접근성은 데스크톱뿐 아니라 모바일 입력 경험까지 포함합니다.		O	TRUE	X	FALSE					frontend	accessibility	a11y	mobile
Q515	inputmode는 사치		Frontend - Web Accessibility	16	OX	HARD	inputmode는 시각적 편의일 뿐이라 접근성과 거의 관련이 없다.	입력 부담을 줄이는 것은 접근성의 중요한 축입니다. 모바일 키보드 최적화는 운동/인지 부담이 있는 사용자에게 특히 큰 도움입니다. 면접에서는 접근성을 “스크린 리더 전용”으로 보지 않는 관점이 중요합니다. 실무에서도 inputmode/type/maxlength/자동완성 등은 폼 완주율과 오류율을 줄여 실제 접근성을 개선합니다. 따라서 “거의 관련 없다”는 틀린 주장입니다.		O	FALSE	X	TRUE					frontend	accessibility	a11y	ux
Q516	라우트 전환 포커스		Frontend - Web Accessibility	16	OX	HARD	SPA에서 라우트가 바뀌면 화면은 바뀌지만 포커스는 그대로 남을 수 있어, 새 페이지의 제목(h1) 등으로 포커스를 이동시키는 전략이 필요할 수 있다.	SPA는 “페이지가 바뀐 것처럼 보이지만” 실제로는 같은 문서 안에서 DOM만 교체됩니다. 그래서 포커스가 이전 화면의 요소에 남거나, body로 튀어 사용자가 현재 위치를 잃기 쉽습니다. 면접에서는 SPA 접근성에서 라우트 전환 시 포커스/제목/스크린 리더 안내를 어떻게 하는지 묻는 고난도 질문이 나옵니다. 실무에서는 라우트 변경 후 main의 첫 헤딩으로 포커스를 옮기거나, 스크린 리더용 라이브 안내를 제공하는 방식이 있습니다. 다만 포커스 강제 이동이 항상 좋은 것은 아니므로, 사용 흐름(내비게이션 클릭 vs 내부 탭 전환)에 따라 정책을 나눕니다. 핵심은 “컨텍스트 전환을 사용자에게 명확히 알리는 것”입니다.		O	TRUE	X	FALSE					frontend	accessibility	a11y	spa
Q517	SPA는 자동으로 읽어준다		Frontend - Web Accessibility	16	OX	HARD	SPA는 화면이 바뀌면 스크린 리더가 자동으로 페이지 제목을 읽어주므로 라우트 전환 포커스 처리는 필요 없다.	SPA는 전통적인 페이지 로드가 아니라서, 보조기기가 “새 페이지”로 인식하지 못할 수 있습니다. 제목을 자동으로 읽어주지 않으면 사용자는 컨텍스트 전환을 놓치게 됩니다. 면접에서는 이 차이를 이해하는지 확인하는 질문이 나올 수 있습니다. 실무에서는 라우트 전환 시 제목/포커스/라이브 안내 중 한 가지 이상으로 컨텍스트 전환을 전달하는 것이 안전합니다. 따라서 “필요 없다”는 주장은 틀립니다.		O	FALSE	X	TRUE					frontend	accessibility	a11y	react
Q518	role=application 신중		Frontend - Web Accessibility	16	OX	HARD	role="application"은 스크린 리더의 탐색 모드를 바꿀 수 있어, 필요성이 명확하지 않으면 사용을 피하는 것이 일반적으로 권장된다.	application 역할은 스크린 리더가 ‘가상 커서 탐색’ 대신 앱 모드로 전환하도록 유도할 수 있어, 사용자 경험에 큰 영향을 줍니다. 잘못 쓰면 오히려 탐색이 어려워지고 단축키 동작이 바뀌어 혼란이 생길 수 있습니다. 면접에서는 role=application을 왜 위험하게 보는지 설명할 수 있으면 고급 답변입니다. 실무에서는 정말 복잡한 웹 앱(예: 자체 키보드 인터랙션이 완전한 에디터)에서만 신중히 검토하고, 보통은 landmark/시맨틱/위젯 패턴으로 충분히 해결합니다. 따라서 “명확한 필요 없으면 피한다”는 말은 맞습니다.		O	TRUE	X	FALSE					frontend	accessibility	a11y	aria
Q519	application이면 다 해결		Frontend - Web Accessibility	16	OX	HARD	접근성 향상을 위해 페이지 루트에 role="application"을 붙이면 스크린 리더 호환성이 전반적으로 좋아진다.	role=application은 만능이 아니라, 오히려 많은 경우 사용성을 악화시킬 수 있습니다. 탐색 모드가 바뀌면 사용자가 익숙한 스크린 리더 조작이 달라져 불편함이 커집니다. 면접에서는 “application은 신중히, 대부분 피함”이 정석입니다. 실무에서도 전반적 호환성 개선이 아니라, 특정 앱형 UI에서만 제한적으로 고려합니다. 따라서 “전반적으로 좋아진다”는 틀린 주장입니다.		O	FALSE	X	TRUE					frontend	accessibility	a11y	testing
Q520	aria-pressed 토글		Frontend - Web Accessibility	16	OX	HARD	토글 버튼(켜짐/꺼짐)은 aria-pressed로 상태를 표현하면 보조기기에 토글 상태를 전달하는 데 도움이 된다.	토글 버튼은 “한 번 누르면 상태가 바뀌는” 컨트롤이라, 현재 상태를 의미적으로 전달하는 것이 핵심입니다. aria-pressed는 버튼의 토글 상태(pressed/unpressed)를 보조기기에 알려줄 수 있습니다. 면접에서는 토글을 checkbox로 만들지, 버튼+aria-pressed로 만들지 선택 기준을 물을 수 있습니다. 실무에서는 시각적으로 스위치처럼 보이더라도 역할을 무엇으로 둘지(checkbox/switch/button)와 키보드 동작(Space로 토글 등)을 일관되게 맞춰야 합니다. 또한 pressed 상태가 실제 앱 상태와 동기화되지 않으면 오해가 생기므로 상태 단일 소스를 유지하는 것이 중요합니다. 상태 전달과 동작 일치가 접근성의 핵심입니다.		O	TRUE	X	FALSE					frontend	accessibility	a11y	aria
Q521	aria-pressed는 시각용		Frontend - Web Accessibility	16	OX	HARD	aria-pressed는 화면 표시를 바꾸기 위한 속성이므로, 보조기기와는 크게 상관없다.	aria-pressed는 시각 스타일을 바꾸는 CSS 속성이 아니라, 보조기기에 “이 버튼은 토글이며 지금 눌린 상태”라는 정보를 전달하기 위한 접근성 속성입니다. 면접에서는 ARIA가 ‘스타일’이 아니라 ‘의미/상태’라는 점을 강조하는 답이 좋습니다. 실무에서는 aria-pressed가 없으면 스크린 리더 사용자는 토글 상태를 직접 확인하기 어렵습니다. 또한 시각 스타일과 보조기기 상태가 불일치하면 더 큰 혼란이 생기므로, 상태 관리와 연결해야 합니다. 따라서 이 주장은 틀립니다.		O	FALSE	X	TRUE					frontend	accessibility	a11y	ui
Q522	switch vs checkbox		Frontend - Web Accessibility	16	OX	HARD	스위치 UI는 많은 경우 checkbox(또는 switch 역할)로 모델링하고, “켜짐/꺼짐”의 true false를 명확히 전달하는 것이 중요하다.	스위치는 본질적으로 이진 상태를 나타내므로 checkbox 모델이 자연스럽습니다. 보조기기는 checkbox의 체크됨/안됨을 익숙한 방식으로 안내합니다. 면접에서는 switch를 만들 때 어떤 role을 쓰는지와, 키보드 동작(대개 Space로 토글) 및 라벨링을 어떻게 하는지 묻습니다. 실무에서는 디자인이 스위치여도 실제 의미가 “설정 on off”라면 checkbox가 안전하고, 상태를 aria-checked로 전달해야 합니다. 또한 토글 버튼(aria-pressed)과는 의미가 다를 수 있어 혼동하지 않도록 선택 기준을 정합니다. 결국 사용자에게 “지금 켜져 있는지”가 정확히 전달되어야 합니다.		O	TRUE	X	FALSE					frontend	accessibility	a11y	forms
Q523	스위치는 아무 role이나		Frontend - Web Accessibility	16	OX	HARD	스위치 UI는 보기만 스위치면 되므로 role 선택이나 aria-checked 같은 상태 전달은 필수가 아니다.	스위치는 상태가 핵심이기 때문에 role과 상태 속성이 없으면 보조기기 사용자는 현재 상태를 알기 어렵습니다. 면접에서는 “컨트롤의 핵심 정보는 의미와 상태”라는 관점을 강조해야 합니다. 실무에서는 토글 시각만 바뀌고 보조기기에는 상태가 안 바뀌는 버그가 흔하며, 이는 접근성 결함입니다. 따라서 role과 aria-checked 또는 aria-pressed 같은 상태 전달은 필수에 가깝습니다. 또한 라벨이 명확해야 사용자가 무엇을 켜는지 이해합니다. 이 주장은 틀립니다.		O	FALSE	X	TRUE					frontend	accessibility	a11y	aria
Q524	radiogroup 키보드		Frontend - Web Accessibility	16	OX	HARD	라디오 그룹은 Tab으로 그룹에 진입한 뒤, 방향키로 옵션을 이동하는 패턴이 일반적으로 기대된다.	라디오 그룹은 여러 선택지 중 하나를 고르는 컨트롤이라, Tab으로 모든 항목을 돌기보다는 방향키로 같은 그룹 안에서 이동하는 패턴이 효율적입니다. 면접에서는 라디오/체크박스의 키보드 패턴 차이를 물을 수 있습니다. 실무에서는 네이티브 radio를 쓰면 기본 동작이 제공되므로, 커스텀 구현 시에도 이 패턴을 재현해야 합니다. 또한 선택 변경 시 aria-checked/checked 상태를 즉시 동기화해야 하고, 그룹 라벨(legend 또는 aria-labelledby)도 정확히 제공해야 합니다. 키보드 패턴을 맞추면 사용성이 크게 좋아집니다.		O	TRUE	X	FALSE					frontend	accessibility	a11y	keyboard
Q525	라디오는 클릭만		Frontend - Web Accessibility	16	OX	HARD	라디오는 클릭으로만 선택되면 충분하고 방향키 이동까지 구현할 필요는 없다.	클릭만 되면 키보드 사용자에게 큰 장벽이 됩니다. 라디오 그룹은 방향키 이동이 표준 기대 동작이며, 이를 지키지 않으면 탐색 비용이 급격히 늘고 혼란이 생깁니다. 면접에서는 “표준 컨트롤 동작을 재현하라”는 질문으로 자주 나옵니다. 실무에서는 커스텀 라디오를 만들기보다 네이티브를 스타일링하는 것이 안전합니다. 꼭 커스텀이어야 한다면 roving tabindex, 방향키 이동, 상태 낭독까지 구현해야 합니다. 따라서 이 주장은 틀립니다.		O	FALSE	X	TRUE					frontend	accessibility	a11y	ui
Q526	range slider		Frontend - Web Accessibility	16	OX	HARD	슬라이더(range)는 값 변화가 핵심이므로, 키보드 조작(방향키 증감)과 현재 값 낭독이 가능해야 접근성이 확보된다.	슬라이더는 마우스 드래그만 지원하면 키보드 사용자가 접근할 수 없습니다. 방향키로 값이 변하고, 보조기기에 현재 값이 전달되어야 합니다. 면접에서는 role="slider", aria-valuenow/min/max, valuetext 같은 속성을 언급할 수 있으면 좋습니다. 실무에서는 스텝(step) 단위 증감, PageUp PageDown, Home End 같은 추가 키 지원을 고려하기도 합니다. 또한 값 변경이 너무 잦으면 낭독 소음이 생길 수 있어 업데이트 전략을 조절합니다. 값 컨트롤은 “키보드+상태”가 세트입니다.		O	TRUE	X	FALSE					frontend	accessibility	a11y	aria
Q527	슬라이더는 마우스만		Frontend - Web Accessibility	16	OX	HARD	슬라이더는 드래그 UI라서 키보드 조작을 지원하지 않아도 접근성에 큰 문제는 없다.	키보드/보조기기 사용자는 드래그를 할 수 없거나 매우 어렵기 때문에, 슬라이더에 키보드 조작이 없으면 기능을 사용할 수 없습니다. 면접에서는 이런 값 컨트롤의 접근성 결함을 대표 사례로 봅니다. 실무에서는 네이티브 input type=range를 활용하거나, 커스텀이라면 role=slider와 키보드 패턴을 구현해야 합니다. 또한 값이 중요한 설정이라면 숫자 입력 필드와 병행 제공해 접근성을 강화하기도 합니다. 따라서 “큰 문제 없다”는 틀린 주장입니다.		O	FALSE	X	TRUE					frontend	accessibility	a11y	ui
Q528	aria-valuetext		Frontend - Web Accessibility	16	OX	HARD	aria-valuetext는 숫자 값만으로 의미가 부족할 때(예: 1 매우 느림 5 매우 빠름) 사용자 친화적인 텍스트를 제공하는 데 유용하다.	aria-valuenow는 숫자지만, 그 숫자가 무엇을 의미하는지 문맥이 없으면 이해가 어렵습니다. aria-valuetext로 “매우 빠름” 같은 의미를 제공하면 낭독이 더 자연스러워집니다. 면접에서는 값 표현을 어떻게 사용자 친화적으로 만드는지 묻는 질문에서 이 포인트가 나올 수 있습니다. 실무에서는 값 범위가 크면 valuetext가 너무 장황해질 수 있으니, 핵심 의미만 담는 것이 좋습니다. 또한 시각적으로도 동일한 텍스트를 보여주면 라벨 인 네임/일관성 측면에서 유리합니다. 값의 의미를 전달하는 것이 접근성의 핵심입니다.		O	TRUE	X	FALSE					frontend	accessibility	a11y	forms
Q529	valuetext는 장식		Frontend - Web Accessibility	16	OX	HARD	aria-valuetext는 시각적 장식에 가깝고, 접근성에는 거의 의미가 없다.	aria-valuetext는 보조기기 낭독 품질을 높이기 위한 핵심 속성 중 하나입니다. 특히 숫자만으로 의미가 부족한 UI에서 사용자 이해도를 크게 올릴 수 있습니다. 면접에서는 “정보의 의미를 텍스트로 제공하는 것”이 접근성의 본질이라고 말할 수 있어야 합니다. 실무에서도 valuetext를 적절히 사용하면 “현재 설정이 어떤 상태인지”를 바로 알 수 있어 UX가 좋아집니다. 따라서 ‘거의 의미 없다’는 틀린 주장입니다.		O	FALSE	X	TRUE					frontend	accessibility	a11y	aria
Q530	aria-activedescendant 레이스		Frontend - Web Accessibility	16	OX	HARD	aria-activedescendant 패턴을 쓰는 위젯에서 활성 항목이 DOM에서 제거되면, 보조기기 낭독이 끊기거나 활성 상태가 꼬일 수 있어 DOM 안정성이 중요하다.	active descendant는 포커스를 한 요소에 두고 “활성 항목”만 id 참조로 가리키는 패턴입니다. 그런데 활성 항목이 virtualization이나 필터링으로 DOM에서 사라지면 참조가 깨져 낭독이 꼬입니다. 면접에서는 이런 레이스/상태 꼬임을 어떻게 예방하는지(활성 항목 유지, fallback, re-hydration 후 재설정) 질문할 수 있습니다. 실무에서는 목록을 필터링할 때 활성 항목을 가장 가까운 항목으로 이동시키고, 참조 id가 항상 존재하도록 보장합니다. 또한 렌더링 타이밍상 잠깐 null이 되는 순간을 피하도록 상태 업데이트 순서를 조절합니다. 참조 기반 ARIA는 DOM 무결성이 생명입니다.		O	TRUE	X	FALSE					frontend	accessibility	a11y	react
Q531	activedescendant는 자동 복구		Frontend - Web Accessibility	16	OX	HARD	aria-activedescendant가 가리키는 id가 사라져도 브라우저가 자동으로 가장 가까운 항목으로 복구해준다.	aria-activedescendant는 관계를 나타내는 속성일 뿐, 브라우저가 “가장 가까운 항목”을 자동 선택해주는 로직을 보장하지 않습니다. 이 상태가 깨지면 낭독이 중단되거나 활성 항목이 없는 위젯이 됩니다. 면접에서는 “ARIA는 자동 복구를 기대하면 안 된다”는 원칙이 중요합니다. 실무에서는 참조가 깨졌을 때 fallback 활성 항목을 직접 지정하고, 키보드 이벤트와 상태 업데이트를 함께 관리합니다. 따라서 ‘자동 복구’는 틀린 주장입니다.		O	FALSE	X	TRUE					frontend	accessibility	a11y	dev
Q532	form submit 후 포커스		Frontend - Web Accessibility	16	OX	HARD	폼 제출 후 성공 화면이나 성공 메시지로 포커스를 이동시키면, 스크린 리더 사용자가 결과를 놓치지 않게 하는 데 도움이 될 수 있다.	폼 제출은 사용자 여정의 중요한 전환점이라 “성공했다/실패했다”를 확실히 전달해야 합니다. 시각 사용자는 토스트나 페이지 변화를 보지만, 보조기기 사용자는 포커스/낭독이 따라오지 않으면 결과를 놓칠 수 있습니다. 면접에서는 성공 시 status 메시지, 페이지 전환 시 제목 포커스 이동 등 여러 전략을 비교해 말하면 좋습니다. 실무에서는 성공 메시지가 비차단이면 role=status로 알리고, 화면이 바뀌는 단계라면 새 페이지의 헤딩으로 포커스를 옮기는 정책이 유용합니다. 다만 입력 흐름을 깨지 않도록 “언제 이동할지”는 UX 정책에 따라 결정해야 합니다. 결과 전달은 접근성의 핵심입니다.		O	TRUE	X	FALSE					frontend	accessibility	a11y	forms
Q533	성공은 굳이 안내 X		Frontend - Web Accessibility	16	OX	HARD	성공 메시지는 굳이 읽히지 않아도 사용자가 계속 진행하면 되므로 포커스/라이브 안내는 필요 없다.	성공 여부를 확실히 알지 못하면 사용자는 같은 행동을 반복하거나, 다음 단계로 넘어가지 못해 막힐 수 있습니다. 특히 네트워크 지연이 있으면 “내가 눌렀나?” 혼란이 커집니다. 면접에서는 성공/실패 모두 상태 전달이 중요하다고 말하는 답이 좋습니다. 실무에서도 최소한 status로 “저장 완료”를 알리거나, 페이지 전환 시 제목으로 포커스를 이동시키는 식으로 컨텍스트를 전달합니다. 안내를 생략하면 접근성뿐 아니라 UX도 나빠집니다. 따라서 이 주장은 틀립니다.		O	FALSE	X	TRUE					frontend	accessibility	a11y	ux
Q534	lang 속성		Frontend - Web Accessibility	16	OX	HARD	문서의 lang 속성을 올바르게 설정하면 스크린 리더가 올바른 발음 규칙과 음성 엔진을 선택하는 데 도움이 된다.	lang는 발음과 음성 엔진 선택에 큰 영향을 줍니다. 한국어 페이지인데 lang가 en이면 발음이 부자연스럽고 이해가 어려워집니다. 면접에서는 기본적인 접근성 체크리스트로 lang를 자주 언급합니다. 실무에서는 페이지 전체 lang뿐 아니라, 본문 중 외국어 구간에 부분 lang를 적용하면 낭독 품질이 더 좋아집니다. 또한 다국어 사이트는 라우트/서브도메인에 따라 lang를 일관되게 관리해야 합니다. 작은 속성이지만 체감 품질이 큽니다.		O	TRUE	X	FALSE					frontend	accessibility	a11y	i18n
Q535	lang는 SEO만		Frontend - Web Accessibility	16	OX	HARD	lang 속성은 SEO용 메타에 가까워서 스크린 리더에는 별 영향을 주지 않는다.	lang는 보조기기 발음과 언어 처리에 직접적인 영향을 줍니다. 잘못 설정되면 낭독이 크게 망가지고, 사용자는 내용을 이해하기 어려워집니다. 면접에서는 이 오해를 바로잡는 답변이 중요합니다. 실무에서도 다국어 콘텐츠를 제공하는 서비스에서 lang 누락/오류는 빈번한 접근성 결함입니다. SEO에도 도움이 되지만, 접근성 영향이 더 직접적입니다. 따라서 이 주장은 틀립니다.		O	FALSE	X	TRUE					frontend	accessibility	a11y	html
Q536	iframe title		Frontend - Web Accessibility	16	OX	HARD	iframe에는 title을 제공해 프레임의 목적을 설명하면 보조기기 사용자가 콘텐츠를 구분하는 데 도움이 된다.	iframe은 문서 안의 또 다른 문서라, 보조기기 사용자에게는 “여기서 무엇을 할 수 있는지”가 더 불명확해질 수 있습니다. title로 목적(예: “지도”, “결제 위젯”, “YouTube 영상”)을 제공하면 탐색이 쉬워집니다. 면접에서는 iframe title 누락이 흔한 실수로 언급됩니다. 실무에서는 광고/추적 iframe처럼 사용자에게 의미가 없는 프레임은 접근성 트리에서 숨길지 여부를 별도로 판단해야 합니다. 중요한 건 “유의미한 프레임은 명확히 라벨링”하는 것입니다.		O	TRUE	X	FALSE					frontend	accessibility	a11y	html
Q537	iframe title 불필요		Frontend - Web Accessibility	16	OX	HARD	iframe은 화면에 보이면 알 수 있으니 title은 불필요하다.	“화면에 보인다”는 것은 시각 사용자 기준이며, 보조기기 사용자는 프레임의 목적을 제목으로 빠르게 파악합니다. title이 없으면 프레임이 무엇인지 알기 어렵고, 탐색 중 혼란이 생깁니다. 면접에서는 이런 ‘시각적 당연함’과 ‘보조기기 정보’의 차이를 이해하는지 봅니다. 실무에서도 iframe은 외부 위젯이 많아 접근성 품질이 흔들리기 쉬우니, title 제공은 좋은 기본 습관입니다. 따라서 불필요하다는 주장은 틀립니다.		O	FALSE	X	TRUE					frontend	accessibility	a11y	ux
Q538	pointer-events와 키보드		Frontend - Web Accessibility	16	OX	HARD	pointer-events: none으로 클릭을 막아도 키보드 포커스나 스크린 리더 탐색이 막히지 않을 수 있어, 비활성sKQ? (동작 차단)은 별도로 구현해야 한다.	pointer-events는 마우스/포인터 입력을 차단하지만, 키보드 포커스 가능 여부를 자동으로 바꾸지 않습니다. 그래서 “클릭은 안 되는데 Tab으로는 들어가는” 이상한 상태가 생길 수 있습니다. 면접에서는 CSS로 막는 것과 실제 접근성 상태(aria-disabled/disabled) 차이를 아는지 볼 수 있습니다. 실무에서는 진짜 비활성이라면 네이티브 disabled를 쓰거나, tabindex와 이벤트 핸들러를 함께 제어해 동작/탐색을 일관되게 만듭니다. 또한 스크린 리더는 여전히 요소를 읽을 수 있으니, 목적에 따라 aria-disabled 또는 aria-hidden 정책을 결정해야 합니다. 접근성은 “입력 장치별 일관성”이 핵심입니다.		O	TRUE	X	FALSE					frontend	accessibility	a11y	css
Q539	pointer-events면 완전 비활성		Frontend - Web Accessibility	16	OX	HARD	pointer-events: none을 주면 접근성 관점에서도 완전히 비활성화된 것과 같아서 추가 조치가 필요 없다.	pointer-events는 포인터 입력만 막기 때문에 키보드/보조기기 관점의 비활성화를 보장하지 않습니다. 사용자는 Tab으로 들어갔다가 실행이 안 되거나, 스크린 리더는 여전히 요소를 읽어 혼란이 생길 수 있습니다. 면접에서는 “CSS 차단은 접근성 상태가 아니다”라는 원칙을 말하면 좋습니다. 실무에서는 disabled/aria-disabled/포커스 제어를 함께 적용해 의미와 동작을 일치시킵니다. 따라서 ‘추가 조치 필요 없다’는 틀린 주장입니다.		O	FALSE	X	TRUE					frontend	accessibility	a11y	ui
Q540	대체 텍스트(Alt Text)		Frontend - Web Accessibility	16	INITIALS	EASY	이미지가 보이지 않거나 스크린 리더로 읽을 때 이미지의 의미를 전달하기 위해 사용하는 텍스트 속성은 무엇인가?	대체 텍스트(Alt Text)는 img의 alt 속성에 제공하는 텍스트로, 화면을 볼 수 없거나 이미지 로딩이 실패해도 콘텐츠 의미를 전달합니다. 면접에서는 장식용 이미지와 정보성 이미지의 alt 처리 차이를 자주 물어봅니다. 실무에서는 “정보를 전달하는 이미지”는 간결한 설명을, “순수 장식”은 빈 alt로 스크린 리더 낭독을 줄이는 것이 핵심입니다. 또한 버튼 아이콘처럼 기능을 가진 이미지라면 기능 목적이 alt 또는 라벨에 담겨야 합니다. 올바른 alt는 접근성과 SEO 모두에 도움이 되지만, 핵심은 사용자 이해를 돕는 것입니다.	대체 텍스트									frontend	accessibility	a11y	html
Q541	라벨(Label)		Frontend - Web Accessibility	16	INITIALS	EASY	입력창이 무엇을 입력하는지 알려주기 위해 input과 연결하는 요소는 무엇인가?	라벨(Label)은 label 요소로 입력 컨트롤의 목적을 명확히 알려줍니다. 면접에서는 label을 for와 id로 연결했을 때 얻는 효과를 자주 묻습니다. 실무에서는 라벨이 클릭되면 입력창에 포커스가 이동해 사용성이 좋아지고, 스크린 리더도 필드 목적을 정확히 읽을 수 있습니다. placeholder만 라벨로 쓰는 것은 접근성에 취약할 수 있어 피하는 것이 좋습니다. 라벨은 폼 접근성의 기본이며 필수에 가깝습니다.	라벨									frontend	accessibility	a11y	forms
Q542	레전드(Legend)		Frontend - Web Accessibility	16	INITIALS	EASY	관련된 여러 입력 항목을 그룹으로 묶을 때, 그룹의 제목을 제공하는 요소는 무엇인가?	레전드(Legend)는 fieldset 내부에서 그룹의 제목을 제공해, 여러 입력이 어떤 질문/주제에 속하는지 명확히 합니다. 면접에서는 라디오 버튼 그룹에서 legend를 쓰는 이유가 자주 나옵니다. 실무에서는 “연락 방법 선택”, “배송지 정보”처럼 묶인 항목에 그룹 제목이 없으면 스크린 리더 사용자가 맥락을 잃을 수 있습니다. fieldset과 legend는 HTML만으로도 강한 시맨틱을 제공해, ARIA보다 유지보수에 유리합니다. 폼이 길수록 그룹화의 가치가 커집니다.	레전드									frontend	accessibility	a11y	forms
Q543	탭 순서(Tab Order)		Frontend - Web Accessibility	16	INITIALS	EASY	키보드로 Tab 키를 눌렀을 때 포커스가 이동하는 순서를 무엇이라고 하는가?	탭 순서(Tab Order)는 키보드 사용자가 화면을 탐색하는 핵심 흐름입니다. 면접에서는 “왜 DOM 순서가 중요하냐”로 확장 질문이 나올 수 있습니다. 실무에서는 시각적 배치와 포커스 이동 순서가 크게 다르면 사용자가 길을 잃기 쉽습니다. 양수 tabindex로 순서를 억지로 만들면 유지보수가 어려워지므로, 구조 자체를 논리적으로 배치하는 것이 좋습니다. 접근성은 키보드 흐름이 자연스러운지에서 많이 갈립니다.	탭 순서									frontend	accessibility	a11y	keyboard
Q544	포커스 표시(Focus Indicator)		Frontend - Web Accessibility	16	INITIALS	EASY	키보드로 탐색할 때 현재 선택된 요소를 시각적으로 보여주는 테두리/강조 표시를 무엇이라고 하는가?	포커스 표시(Focus Indicator)는 키보드 사용자에게 “지금 어디에 있는지”를 알려주는 필수 시각 신호입니다. 면접에서는 outline을 제거하면 왜 문제가 되는지 자주 물어봅니다. 실무에서는 디자인 때문에 포커스 링을 없애기보다, 브랜드에 맞는 스타일로 “보이도록” 커스터마이즈하는 것이 안전합니다. 포커스 표시가 없으면 키보드 사용자는 현재 위치를 알 수 없어 기능 사용이 불가능해질 수 있습니다. 따라서 포커스 스타일은 접근성 체크리스트의 1순위입니다.	포커스 표시									frontend	accessibility	a11y	css
Q545	ARIA(Accessible Rich Internet Applications)		Frontend - Web Accessibility	16	INITIALS	EASY	시맨틱이 부족한 UI에 역할과 상태를 추가로 전달하기 위해 사용하는 접근성 표준 속성 집합을 무엇이라고 하는가?	ARIA(Accessible Rich Internet Applications)는 역할(role)과 상태/속성(aria-*)을 통해 보조기기에 정보를 전달합니다. 면접에서는 “ARIA는 언제 쓰고 언제 쓰지 말아야 하나”를 자주 묻습니다. 실무에서는 네이티브 HTML로 해결 가능한 경우에는 HTML을 우선하고, 커스텀 컴포넌트에서 필요한 의미를 보완할 때 ARIA를 사용합니다. ARIA를 잘못 쓰면 오히려 낭독이 깨질 수 있으므로, 최소한으로 정확하게 적용하는 습관이 중요합니다. 특히 role과 라벨링은 반드시 일치해야 합니다.	아리아									frontend	accessibility	a11y	aria
Q546	랜드마크(Landmark)		Frontend - Web Accessibility	16	INITIALS	EASY	스크린 리더 사용자가 페이지의 주요 영역을 빠르게 이동하도록 돕는 의미 있는 구역(main nav header footer 등)을 무엇이라고 하는가?	랜드마크(Landmark)는 페이지를 큰 구역으로 나누어 보조기기의 빠른 탐색을 돕습니다. 면접에서는 main, nav, header, footer 같은 시맨틱 태그가 왜 중요한지 묻기도 합니다. 실무에서는 랜드마크가 잘 잡혀 있으면 사용자가 “본문으로 이동”, “내비게이션으로 이동”처럼 빠르게 이동할 수 있습니다. 반대로 랜드마크가 중복되거나 남발되면 오히려 혼란이 생길 수 있어 구조를 간결하게 유지합니다. 접근성은 정보 구조를 명확히 만드는 것에서 시작합니다.	랜드마크									frontend	accessibility	a11y	semantics
Q547	스킵 링크(Skip Link)		Frontend - Web Accessibility	16	INITIALS	EASY	키보드 사용자가 반복되는 내비게이션을 건너뛰고 본문으로 바로 이동하게 해주는 링크를 무엇이라고 하는가?	스킵 링크(Skip Link)는 “본문으로 바로가기”처럼 반복 영역을 건너뛰게 해, 키보드 탐색 시간을 크게 줄여줍니다. 면접에서는 스킵 링크가 왜 필요한지, 어디에 두는지 질문이 나옵니다. 실무에서는 페이지 상단에 두고, 포커스 시 보이도록 처리해 시각 사용자에게도 유용하게 만들 수 있습니다. 또한 스킵 링크의 목표 지점(main 또는 h1)에 id를 제공해야 동작이 안정적입니다. 작은 기능이지만 접근성 체감이 큰 요소입니다.	스킵 링크									frontend	accessibility	a11y	keyboard
Q548	시맨틱 HTML(Semantic HTML)		Frontend - Web Accessibility	16	INITIALS	EASY	div 대신 header nav main button 같은 의미 있는 태그를 사용해 구조와 의미를 전달하는 것을 무엇이라고 하는가?	시맨틱 HTML(Semantic HTML)은 브라우저와 보조기기에게 구조를 명확히 전달합니다. 면접에서는 시맨틱 태그의 장점(접근성, 유지보수, SEO)을 묻는 경우가 많습니다. 실무에서는 버튼을 div로 만들면 키보드 동작을 직접 구현해야 하는 등 실수가 늘어나므로, 의미 있는 태그를 우선 사용하는 것이 안전합니다. 시맨틱이 잘 잡히면 ARIA를 덜 써도 되고, 낭독 품질도 좋아집니다. 결국 접근성의 가장 쉬운 출발점은 올바른 HTML입니다.	시맨틱 HTML									frontend	accessibility	a11y	html
Q549	역할(Role)		Frontend - Web Accessibility	16	INITIALS	EASY	요소가 버튼인지, 내비게이션인지 같은 “무엇인지”를 보조기기에 전달하는 개념을 무엇이라고 하는가?	역할(Role)은 요소의 종류와 목적을 나타내는 정보입니다. 면접에서는 role을 남발하면 왜 안 되는지, 그리고 네이티브 역할이 있는 태그를 쓰는 이유를 묻습니다. 실무에서는 button, a, input 같은 네이티브 컨트롤이 이미 역할을 제공하므로 role을 덧붙일 필요가 없는 경우가 많습니다. 커스텀 UI를 만들 때만 필요한 역할을 정확히 지정하는 것이 원칙입니다. 역할이 틀리면 보조기기가 잘못 안내하므로, “정확성”이 가장 중요합니다.	역할									frontend	accessibility	a11y	aria
Q550	접근성 이름(Accessible Name)		Frontend - Web Accessibility	16	INITIALS	EASY	스크린 리더가 버튼이나 입력 요소를 읽을 때 “무엇인지”를 말해주는 대표 텍스트를 무엇이라고 하는가?	접근성 이름(Accessible Name)은 컨트롤이 무엇인지 알려주는 핵심 텍스트입니다. 면접에서는 label, aria-label, aria-labelledby가 이름을 어떻게 만드는지 질문이 나옵니다. 실무에서는 버튼에 아이콘만 있고 텍스트가 없으면 이름이 비어 낭독이 “버튼”만 될 수 있어, 반드시 이름을 제공해야 합니다. 이름은 짧고 명확해야 하고, 화면에 보이는 텍스트와 일치시키면 사용자 혼란이 줄어듭니다. 접근성 이름이 잘 잡히면 UI 사용성이 크게 좋아집니다.	접근성 이름									frontend	accessibility	a11y	aria
Q551	색상 대비(Color Contrast)		Frontend - Web Accessibility	16	INITIALS	EASY	글자와 배경의 밝기 차이가 충분해야 읽기 쉬운 정도를 의미하는 개념을 무엇이라고 하는가?	색상 대비(Color Contrast)는 저시력 사용자뿐 아니라 야외 환경, 저품질 디스플레이에서도 가독성을 좌우합니다. 면접에서는 대비가 왜 중요한지와, 색상만으로 정보를 전달하면 안 된다는 질문이 자주 연결됩니다. 실무에서는 기본 텍스트, 버튼 텍스트, 비활성 상태 등 다양한 상태에서 대비가 깨지지 않게 디자인 토큰으로 관리하면 좋습니다. 대비가 부족하면 내용을 읽지 못해 기능 사용 자체가 불가능해질 수 있습니다. 접근성은 ‘예쁜 색’보다 ‘읽히는 색’이 먼저입니다.	색상 대비									frontend	accessibility	a11y	design
Q552	키보드 접근성(Keyboard Accessibility)		Frontend - Web Accessibility	16	INITIALS	EASY	마우스 없이 키보드만으로도 모든 기능을 사용할 수 있게 만드는 원칙을 무엇이라고 하는가?	키보드 접근성(Keyboard Accessibility)은 접근성의 핵심 요구사항 중 하나입니다. 면접에서는 “Tab으로 모든 기능이 가능한가”를 자주 확인합니다. 실무에서는 클릭 이벤트만 있고 키보드 이벤트가 없거나, 포커스가 가지 않는 요소가 있으면 치명적인 결함이 됩니다. 네이티브 컨트롤을 사용하면 기본 키보드 동작이 제공되어 실수를 줄일 수 있습니다. 키보드 접근성은 스크린 리더 사용자뿐 아니라 파워 유저에게도 중요한 품질입니다.	키보드 접근성									frontend	accessibility	a11y	keyboard
Q553	포커스 트랩(Focus Trap)		Frontend - Web Accessibility	16	INITIALS	EASY	모달이 열렸을 때 Tab 이동이 모달 내부에서만 순환하도록 가두는 처리를 무엇이라고 하는가?	포커스 트랩(Focus Trap)은 모달에서 키보드 포커스가 배경으로 새지 않게 하는 핵심 기법입니다. 면접에서는 모달 접근성에서 포커스 이동, 트랩, 닫힘 후 복귀를 세트로 물어봅니다. 실무에서는 모달이 열리면 첫 포커스 가능한 요소로 이동시키고, Tab이 끝에서 시작으로 순환하도록 구현합니다. 닫힐 때는 모달을 연 트리거로 포커스를 되돌려 사용자가 맥락을 유지하게 합니다. 포커스 트랩이 없으면 키보드 사용자는 배경을 헤매게 됩니다.	포커스 트랩									frontend	accessibility	a11y	modal
Q554	라이브 영역(Live Region)		Frontend - Web Accessibility	16	INITIALS	EASY	화면이 갱신될 때 스크린 리더가 자동으로 변화를 읽어주도록 하는 영역을 무엇이라고 하는가?	라이브 영역(Live Region)은 aria-live 등을 활용해 상태 변화(예: 저장 완료, 오류 발생)를 자동 낭독하게 합니다. 면접에서는 어떤 메시지를 라이브로 읽게 해야 하는지와 남발 시 부작용을 물을 수 있습니다. 실무에서는 중요한 상태 변화는 읽히게 하되, 너무 자주 바뀌는 값은 낭독 소음이 될 수 있어 조절이 필요합니다. 또한 SSR/하이드레이션 환경에서는 의도치 않게 초기 내용이 읽히지 않도록 타이밍을 신경 써야 합니다. 라이브 영역은 “필요한 순간에만” 쓰는 것이 핵심입니다.	라이브 영역									frontend	accessibility	a11y	aria
Q555	캡션(Caption)		Frontend - Web Accessibility	16	INITIALS	EASY	동영상에서 대사를 글로 제공해 청각 정보에 접근할 수 있게 하는 텍스트를 무엇이라고 하는가?	캡션(Caption)은 청각 정보를 텍스트로 제공해, 청각 장애 사용자뿐 아니라 소리가 꺼진 환경에서도 이해를 돕습니다. 면접에서는 자막, 캡션, 대본의 차이를 묻기도 합니다. 실무에서는 단순 대사뿐 아니라 효과음이나 화자 구분 등 필요한 정보가 포함되면 더 좋습니다. 또한 자동 생성 캡션은 오류가 있을 수 있어 중요한 콘텐츠는 검수가 필요합니다. 미디어 접근성은 사용자 범위를 크게 넓히는 투자입니다.	캡션									frontend	accessibility	a11y	media
Q556	헤딩 구조(Heading Structure)		Frontend - Web Accessibility	16	INITIALS	EASY	h1 h2 h3처럼 제목 수준을 계층적으로 구성해 문서 구조를 만드는 것을 무엇이라고 하는가?	헤딩 구조(Heading Structure)는 스크린 리더 사용자가 문서를 빠르게 훑는 대표 수단입니다. 면접에서는 h1이 여러 개여도 되는지, 헤딩을 왜 순서대로 써야 하는지 같은 질문이 나옵니다. 실무에서는 폰트 크기 때문에 헤딩을 건너뛰거나, div를 헤딩처럼 쓰는 실수가 흔합니다. 헤딩은 디자인이 아니라 문서 구조이므로, 시각 스타일은 CSS로 맞추고 의미는 h 태그로 유지하는 것이 좋습니다. 헤딩 구조가 무너지면 페이지 탐색이 크게 어려워집니다.	헤딩 구조									frontend	accessibility	a11y	semantics
Q557	링크 텍스트(Link Text)		Frontend - Web Accessibility	16	INITIALS	EASY	스크린 리더의 링크 목록에서도 목적을 알 수 있도록 의미 있게 작성해야 하는 텍스트를 무엇이라고 하는가?	링크 텍스트(Link Text)는 “더보기”, “여기” 같은 모호한 표현을 피하고 목적을 드러내야 합니다. 면접에서는 링크 텍스트 품질이 자주 출제됩니다. 실무에서는 같은 문구가 반복되면 링크 목록에서 구분이 어려워지므로, “공지사항 더보기”처럼 맥락을 포함하는 것이 좋습니다. 시각적으로는 짧게 두더라도 aria-label로 문맥을 보완할 수 있지만, 화면 텍스트와 너무 달라지면 음성 제어에서 문제가 생길 수 있어 주의합니다. 링크는 텍스트 자체가 내비게이션입니다.	링크 텍스트									frontend	accessibility	a11y	content
Q558	폼 자동완성(Autocomplete)		Frontend - Web Accessibility	16	INITIALS	EASY	주소 이메일 같은 반복 입력을 줄이기 위해 브라우저가 추천/완성하도록 돕는 속성을 무엇이라고 하는가?	폼 자동완성(Autocomplete)은 사용자의 입력 부담을 줄여 접근성과 UX를 동시에 개선합니다. 면접에서는 autocomplete을 켜는 것이 왜 좋은지, 어떤 값들을 쓰는지 질문이 나올 수 있습니다. 실무에서는 이름, 이메일, 주소 같은 항목에 적절한 autocomplete 값을 주면 오타가 줄고 폼 완주율이 올라갑니다. 특히 모바일에서는 입력 비용이 크기 때문에 효과가 더 큽니다. 다만 보안이 필요한 항목(일부 비밀번호 흐름 등)은 정책에 따라 다를 수 있어, 상황에 맞게 적용해야 합니다. 입력 부담 감소는 중요한 접근성 개선입니다.	자동완성									frontend	accessibility	a11y	forms
Q559	언어 속성(Lang Attribute)		Frontend - Web Accessibility	16	INITIALS	EASY	페이지가 어떤 언어로 작성됐는지 알려 스크린 리더 발음을 돕는 HTML 속성은 무엇인가?	언어 속성(Lang Attribute)은 스크린 리더가 올바른 발음 규칙과 음성 엔진을 선택하는 데 도움을 줍니다. 면접에서는 html 태그에 lang를 설정하는 기본을 자주 확인합니다. 실무에서는 한국어 페이지인데 lang가 잘못되면 낭독이 부자연스럽고 이해가 어려워질 수 있습니다. 또한 문서 중간에 외국어 구간이 있으면 그 구간에만 부분적으로 lang를 적용하면 낭독 품질이 더 좋아집니다. 작은 설정이지만 체감 접근성에 큰 영향을 줍니다.	언어 속성									frontend	accessibility	a11y	i18n
Q560	대체 텍스트(Alt Text)		Frontend - Web Accessibility	16	INITIALS	EASY	이미지가 보이지 않거나 스크린 리더로 읽을 때 이미지의 의미를 전달하기 위해 사용하는 텍스트 속성은 무엇인가?	대체 텍스트(Alt Text)는 img의 alt 속성에 제공하는 텍스트로, 화면을 볼 수 없거나 이미지 로딩이 실패해도 콘텐츠 의미를 전달합니다. 면접에서는 장식용 이미지와 정보성 이미지의 alt 처리 차이를 자주 물어봅니다. 실무에서는 “정보를 전달하는 이미지”는 간결한 설명을, “순수 장식”은 빈 alt로 스크린 리더 낭독을 줄이는 것이 핵심입니다. 또한 버튼 아이콘처럼 기능을 가진 이미지라면 기능 목적이 alt 또는 라벨에 담겨야 합니다. 올바른 alt는 접근성과 SEO 모두에 도움이 되지만, 핵심은 사용자 이해를 돕는 것입니다.	대체 텍스트									frontend	accessibility	a11y	html
Q561	라벨(Label)		Frontend - Web Accessibility	16	INITIALS	EASY	입력창이 무엇을 입력하는지 알려주기 위해 input과 연결하는 요소는 무엇인가?	라벨(Label)은 label 요소로 입력 컨트롤의 목적을 명확히 알려줍니다. 면접에서는 label을 for와 id로 연결했을 때 얻는 효과를 자주 묻습니다. 실무에서는 라벨이 클릭되면 입력창에 포커스가 이동해 사용성이 좋아지고, 스크린 리더도 필드 목적을 정확히 읽을 수 있습니다. placeholder만 라벨로 쓰는 것은 접근성에 취약할 수 있어 피하는 것이 좋습니다. 라벨은 폼 접근성의 기본이며 필수에 가깝습니다.	라벨									frontend	accessibility	a11y	forms
Q562	레전드(Legend)		Frontend - Web Accessibility	16	INITIALS	EASY	관련된 여러 입력 항목을 그룹으로 묶을 때, 그룹의 제목을 제공하는 요소는 무엇인가?	레전드(Legend)는 fieldset 내부에서 그룹의 제목을 제공해, 여러 입력이 어떤 질문/주제에 속하는지 명확히 합니다. 면접에서는 라디오 버튼 그룹에서 legend를 쓰는 이유가 자주 나옵니다. 실무에서는 “연락 방법 선택”, “배송지 정보”처럼 묶인 항목에 그룹 제목이 없으면 스크린 리더 사용자가 맥락을 잃을 수 있습니다. fieldset과 legend는 HTML만으로도 강한 시맨틱을 제공해, ARIA보다 유지보수에 유리합니다. 폼이 길수록 그룹화의 가치가 커집니다.	레전드									frontend	accessibility	a11y	forms
Q563	탭 순서(Tab Order)		Frontend - Web Accessibility	16	INITIALS	EASY	키보드로 Tab 키를 눌렀을 때 포커스가 이동하는 순서를 무엇이라고 하는가?	탭 순서(Tab Order)는 키보드 사용자가 화면을 탐색하는 핵심 흐름입니다. 면접에서는 “왜 DOM 순서가 중요하냐”로 확장 질문이 나올 수 있습니다. 실무에서는 시각적 배치와 포커스 이동 순서가 크게 다르면 사용자가 길을 잃기 쉽습니다. 양수 tabindex로 순서를 억지로 만들면 유지보수가 어려워지므로, 구조 자체를 논리적으로 배치하는 것이 좋습니다. 접근성은 키보드 흐름이 자연스러운지에서 많이 갈립니다.	탭 순서									frontend	accessibility	a11y	keyboard
Q564	포커스 표시(Focus Indicator)		Frontend - Web Accessibility	16	INITIALS	EASY	키보드로 탐색할 때 현재 선택된 요소를 시각적으로 보여주는 테두리/강조 표시를 무엇이라고 하는가?	포커스 표시(Focus Indicator)는 키보드 사용자에게 “지금 어디에 있는지”를 알려주는 필수 시각 신호입니다. 면접에서는 outline을 제거하면 왜 문제가 되는지 자주 물어봅니다. 실무에서는 디자인 때문에 포커스 링을 없애기보다, 브랜드에 맞는 스타일로 “보이도록” 커스터마이즈하는 것이 안전합니다. 포커스 표시가 없으면 키보드 사용자는 현재 위치를 알 수 없어 기능 사용이 불가능해질 수 있습니다. 따라서 포커스 스타일은 접근성 체크리스트의 1순위입니다.	포커스 표시									frontend	accessibility	a11y	css
Q565	ARIA(Accessible Rich Internet Applications)		Frontend - Web Accessibility	16	INITIALS	EASY	시맨틱이 부족한 UI에 역할과 상태를 추가로 전달하기 위해 사용하는 접근성 표준 속성 집합을 무엇이라고 하는가?	ARIA(Accessible Rich Internet Applications)는 역할(role)과 상태/속성(aria-*)을 통해 보조기기에 정보를 전달합니다. 면접에서는 “ARIA는 언제 쓰고 언제 쓰지 말아야 하나”를 자주 묻습니다. 실무에서는 네이티브 HTML로 해결 가능한 경우에는 HTML을 우선하고, 커스텀 컴포넌트에서 필요한 의미를 보완할 때 ARIA를 사용합니다. ARIA를 잘못 쓰면 오히려 낭독이 깨질 수 있으므로, 최소한으로 정확하게 적용하는 습관이 중요합니다. 특히 role과 라벨링은 반드시 일치해야 합니다.	아리아									frontend	accessibility	a11y	aria
Q566	랜드마크(Landmark)		Frontend - Web Accessibility	16	INITIALS	EASY	스크린 리더 사용자가 페이지의 주요 영역을 빠르게 이동하도록 돕는 의미 있는 구역(main nav header footer 등)을 무엇이라고 하는가?	랜드마크(Landmark)는 페이지를 큰 구역으로 나누어 보조기기의 빠른 탐색을 돕습니다. 면접에서는 main, nav, header, footer 같은 시맨틱 태그가 왜 중요한지 묻기도 합니다. 실무에서는 랜드마크가 잘 잡혀 있으면 사용자가 “본문으로 이동”, “내비게이션으로 이동”처럼 빠르게 이동할 수 있습니다. 반대로 랜드마크가 중복되거나 남발되면 오히려 혼란이 생길 수 있어 구조를 간결하게 유지합니다. 접근성은 정보 구조를 명확히 만드는 것에서 시작합니다.	랜드마크									frontend	accessibility	a11y	semantics
Q567	스킵 링크(Skip Link)		Frontend - Web Accessibility	16	INITIALS	EASY	키보드 사용자가 반복되는 내비게이션을 건너뛰고 본문으로 바로 이동하게 해주는 링크를 무엇이라고 하는가?	스킵 링크(Skip Link)는 “본문으로 바로가기”처럼 반복 영역을 건너뛰게 해, 키보드 탐색 시간을 크게 줄여줍니다. 면접에서는 스킵 링크가 왜 필요한지, 어디에 두는지 질문이 나옵니다. 실무에서는 페이지 상단에 두고, 포커스 시 보이도록 처리해 시각 사용자에게도 유용하게 만들 수 있습니다. 또한 스킵 링크의 목표 지점(main 또는 h1)에 id를 제공해야 동작이 안정적입니다. 작은 기능이지만 접근성 체감이 큰 요소입니다.	스킵 링크									frontend	accessibility	a11y	keyboard
Q568	역할(Role)		Frontend - Web Accessibility	16	INITIALS	EASY	요소가 버튼인지, 내비게이션인지 같은 “무엇인지”를 보조기기에 전달하는 개념을 무엇이라고 하는가?	역할(Role)은 요소의 종류와 목적을 나타내는 정보입니다. 면접에서는 role을 남발하면 왜 안 되는지, 그리고 네이티브 역할이 있는 태그를 쓰는 이유를 묻습니다. 실무에서는 button, a, input 같은 네이티브 컨트롤이 이미 역할을 제공하므로 role을 덧붙일 필요가 없는 경우가 많습니다. 커스텀 UI를 만들 때만 필요한 역할을 정확히 지정하는 것이 원칙입니다. 역할이 틀리면 보조기기가 잘못 안내하므로, “정확성”이 가장 중요합니다.	역할									frontend	accessibility	a11y	aria
Q569	접근성 이름(Accessible Name)		Frontend - Web Accessibility	16	INITIALS	EASY	스크린 리더가 버튼이나 입력 요소를 읽을 때 “무엇인지”를 말해주는 대표 텍스트를 무엇이라고 하는가?	접근성 이름(Accessible Name)은 컨트롤이 무엇인지 알려주는 핵심 텍스트입니다. 면접에서는 label, aria-label, aria-labelledby가 이름을 어떻게 만드는지 질문이 나옵니다. 실무에서는 버튼에 아이콘만 있고 텍스트가 없으면 이름이 비어 낭독이 “버튼”만 될 수 있어, 반드시 이름을 제공해야 합니다. 이름은 짧고 명확해야 하고, 화면에 보이는 텍스트와 일치시키면 사용자 혼란이 줄어듭니다. 접근성 이름이 잘 잡히면 UI 사용성이 크게 좋아집니다.	접근성 이름									frontend	accessibility	a11y	aria
Q570	색상 대비(Color Contrast)		Frontend - Web Accessibility	16	INITIALS	EASY	글자와 배경의 밝기 차이가 충분해야 읽기 쉬운 정도를 의미하는 개념을 무엇이라고 하는가?	색상 대비(Color Contrast)는 저시력 사용자뿐 아니라 야외 환경, 저품질 디스플레이에서도 가독성을 좌우합니다. 면접에서는 대비가 왜 중요한지와, 색상만으로 정보를 전달하면 안 된다는 질문이 자주 연결됩니다. 실무에서는 기본 텍스트, 버튼 텍스트, 비활성 상태 등 다양한 상태에서 대비가 깨지지 않게 디자인 토큰으로 관리하면 좋습니다. 대비가 부족하면 내용을 읽지 못해 기능 사용 자체가 불가능해질 수 있습니다. 접근성은 ‘예쁜 색’보다 ‘읽히는 색’이 먼저입니다.	색상 대비									frontend	accessibility	a11y	design
Q571	키보드 접근성(Keyboard Accessibility)		Frontend - Web Accessibility	16	INITIALS	EASY	마우스 없이 키보드만으로도 모든 기능을 사용할 수 있게 만드는 원칙을 무엇이라고 하는가?	키보드 접근성(Keyboard Accessibility)은 접근성의 핵심 요구사항 중 하나입니다. 면접에서는 “Tab으로 모든 기능이 가능한가”를 자주 확인합니다. 실무에서는 클릭 이벤트만 있고 키보드 이벤트가 없거나, 포커스가 가지 않는 요소가 있으면 치명적인 결함이 됩니다. 네이티브 컨트롤을 사용하면 기본 키보드 동작이 제공되어 실수를 줄일 수 있습니다. 키보드 접근성은 스크린 리더 사용자뿐 아니라 파워 유저에게도 중요한 품질입니다.	키보드 접근성									frontend	accessibility	a11y	keyboard
Q572	포커스 트랩(Focus Trap)		Frontend - Web Accessibility	16	INITIALS	EASY	모달이 열렸을 때 Tab 이동이 모달 내부에서만 순환하도록 가두는 처리를 무엇이라고 하는가?	포커스 트랩(Focus Trap)은 모달에서 키보드 포커스가 배경으로 새지 않게 하는 핵심 기법입니다. 면접에서는 모달 접근성에서 포커스 이동, 트랩, 닫힘 후 복귀를 세트로 물어봅니다. 실무에서는 모달이 열리면 첫 포커스 가능한 요소로 이동시키고, Tab이 끝에서 시작으로 순환하도록 구현합니다. 닫힐 때는 모달을 연 트리거로 포커스를 되돌려 사용자가 맥락을 유지하게 합니다. 포커스 트랩이 없으면 키보드 사용자는 배경을 헤매게 됩니다.	포커스 트랩									frontend	accessibility	a11y	modal
Q573	라이브 영역(Live Region)		Frontend - Web Accessibility	16	INITIALS	EASY	화면이 갱신될 때 스크린 리더가 자동으로 변화를 읽어주도록 하는 영역을 무엇이라고 하는가?	라이브 영역(Live Region)은 aria-live 등을 활용해 상태 변화(예: 저장 완료, 오류 발생)를 자동 낭독하게 합니다. 면접에서는 어떤 메시지를 라이브로 읽게 해야 하는지와 남발 시 부작용을 물을 수 있습니다. 실무에서는 중요한 상태 변화는 읽히게 하되, 너무 자주 바뀌는 값은 낭독 소음이 될 수 있어 조절이 필요합니다. 또한 SSR/하이드레이션 환경에서는 의도치 않게 초기 내용이 읽히지 않도록 타이밍을 신경 써야 합니다. 라이브 영역은 “필요한 순간에만” 쓰는 것이 핵심입니다.	라이브 영역									frontend	accessibility	a11y	aria
Q574	캡션(Caption)		Frontend - Web Accessibility	16	INITIALS	EASY	동영상에서 대사를 글로 제공해 청각 정보에 접근할 수 있게 하는 텍스트를 무엇이라고 하는가?	캡션(Caption)은 청각 정보를 텍스트로 제공해, 청각 장애 사용자뿐 아니라 소리가 꺼진 환경에서도 이해를 돕습니다. 면접에서는 자막, 캡션, 대본의 차이를 묻기도 합니다. 실무에서는 단순 대사뿐 아니라 효과음이나 화자 구분 등 필요한 정보가 포함되면 더 좋습니다. 또한 자동 생성 캡션은 오류가 있을 수 있어 중요한 콘텐츠는 검수가 필요합니다. 미디어 접근성은 사용자 범위를 크게 넓히는 투자입니다.	캡션									frontend	accessibility	a11y	media
Q575	헤딩 구조(Heading Structure)		Frontend - Web Accessibility	16	INITIALS	EASY	h1 h2 h3처럼 제목 수준을 계층적으로 구성해 문서 구조를 만드는 것을 무엇이라고 하는가?	헤딩 구조(Heading Structure)는 스크린 리더 사용자가 문서를 빠르게 훑는 대표 수단입니다. 면접에서는 h1이 여러 개여도 되는지, 헤딩을 왜 순서대로 써야 하는지 같은 질문이 나옵니다. 실무에서는 폰트 크기 때문에 헤딩을 건너뛰거나, div를 헤딩처럼 쓰는 실수가 흔합니다. 헤딩은 디자인이 아니라 문서 구조이므로, 시각 스타일은 CSS로 맞추고 의미는 h 태그로 유지하는 것이 좋습니다. 헤딩 구조가 무너지면 페이지 탐색이 크게 어려워집니다.	헤딩 구조									frontend	accessibility	a11y	semantics
Q576	링크 텍스트(Link Text)		Frontend - Web Accessibility	16	INITIALS	EASY	스크린 리더의 링크 목록에서도 목적을 알 수 있도록 의미 있게 작성해야 하는 텍스트를 무엇이라고 하는가?	링크 텍스트(Link Text)는 “더보기”, “여기” 같은 모호한 표현을 피하고 목적을 드러내야 합니다. 면접에서는 링크 텍스트 품질이 자주 출제됩니다. 실무에서는 같은 문구가 반복되면 링크 목록에서 구분이 어려워지므로, “공지사항 더보기”처럼 맥락을 포함하는 것이 좋습니다. 시각적으로는 짧게 두더라도 aria-label로 문맥을 보완할 수 있지만, 화면 텍스트와 너무 달라지면 음성 제어에서 문제가 생길 수 있어 주의합니다. 링크는 텍스트 자체가 내비게이션입니다.	링크 텍스트									frontend	accessibility	a11y	content
Q577	폼 자동완성(Autocomplete)		Frontend - Web Accessibility	16	INITIALS	EASY	주소 이메일 같은 반복 입력을 줄이기 위해 브라우저가 추천/완성하도록 돕는 속성을 무엇이라고 하는가?	폼 자동완성(Autocomplete)은 사용자의 입력 부담을 줄여 접근성과 UX를 동시에 개선합니다. 면접에서는 autocomplete을 켜는 것이 왜 좋은지, 어떤 값들을 쓰는지 질문이 나올 수 있습니다. 실무에서는 이름, 이메일, 주소 같은 항목에 적절한 autocomplete 값을 주면 오타가 줄고 폼 완주율이 올라갑니다. 특히 모바일에서는 입력 비용이 크기 때문에 효과가 더 큽니다. 다만 보안이 필요한 항목(일부 비밀번호 흐름 등)은 정책에 따라 다를 수 있어, 상황에 맞게 적용해야 합니다. 입력 부담 감소는 중요한 접근성 개선입니다.	자동완성									frontend	accessibility	a11y	forms
Q578	언어 속성(Lang Attribute)		Frontend - Web Accessibility	16	INITIALS	EASY	페이지가 어떤 언어로 작성됐는지 알려 스크린 리더 발음을 돕는 HTML 속성은 무엇인가?	언어 속성(Lang Attribute)은 스크린 리더가 올바른 발음 규칙과 음성 엔진을 선택하는 데 도움을 줍니다. 면접에서는 html 태그에 lang를 설정하는 기본을 자주 확인합니다. 실무에서는 한국어 페이지인데 lang가 잘못되면 낭독이 부자연스럽고 이해가 어려워질 수 있습니다. 또한 문서 중간에 외국어 구간이 있으면 그 구간에만 부분적으로 lang를 적용하면 낭독 품질이 더 좋아집니다. 작은 설정이지만 체감 접근성에 큰 영향을 줍니다.	언어 속성									frontend	accessibility	a11y	i18n
Q579	접근성 트리(Accessibility Tree)		Frontend - Web Accessibility	16	INITIALS	EASY	브라우저가 요소의 역할 이름 상태를 정리해 보조기기에 전달하는 내부 구조를 무엇이라고 하는가?	접근성 트리(Accessibility Tree)는 화면의 DOM을 그대로 읽는 것이 아니라, 보조기기가 이해할 수 있도록 의미 정보를 정리한 구조입니다. 면접에서는 “display none은 왜 읽히지 않나” 같은 질문이 접근성 트리와 연결될 수 있습니다. 실무에서는 시맨틱 태그와 올바른 ARIA가 이 트리에 반영되어 낭독 품질을 좌우합니다. aria-hidden이나 role 변경을 잘못하면 접근성 트리가 왜곡되어 예상과 다른 낭독이 나올 수 있습니다. 그래서 접근성은 화면만 보지 말고 보조기기 관점의 구조를 함께 생각해야 합니다.	접근성 트리									frontend	accessibility	a11y	aria
Q580	접근성 트리 숨김(Accessible Hide)		Frontend - Web Accessibility	16	INITIALS	EASY	화면에는 보이지만 스크린 리더가 읽지 않도록 접근성 트리에서 제외하는 처리를 무엇이라고 하는가?	접근성 트리 숨김(Accessible Hide)은 보조기기에만 숨기기 위해 aria-hidden 등을 활용하는 패턴을 말합니다. 면접에서는 시각적 숨김과 접근성 숨김을 구분하는 질문이 나올 수 있습니다. 실무에서는 장식 아이콘, 중복 텍스트처럼 읽힐 필요가 없는 요소를 숨겨 낭독을 깔끔하게 만들 수 있습니다. 다만 포커스 가능한 요소를 숨기면 큰 문제가 생기므로, 상호작용 요소에는 신중해야 합니다. 숨김은 정보 전달을 줄이는 도구라서 꼭 필요한 경우에만 사용합니다.	접근성 숨김									frontend	accessibility	a11y	aria
Q581	시각적 숨김(Visually Hidden)		Frontend - Web Accessibility	16	INITIALS	EASY	화면에는 보이지 않지만 스크린 리더에는 읽히도록 숨기는 CSS 패턴을 무엇이라고 하는가?	시각적 숨김(Visually Hidden)은 화면에서만 숨기고 보조기기에는 남기는 접근성 패턴입니다. 면접에서는 아이콘 버튼의 보조 텍스트를 어떻게 제공하는지로 자주 연결됩니다. 실무에서는 sr-only 같은 클래스로 텍스트를 숨기되, 포커스 시 보여야 하는 경우도 있어 상황에 맞게 구현합니다. display none으로 숨기면 스크린 리더에도 안 읽힐 수 있어 목적에 따라 구분해야 합니다. 이 패턴은 화면 디자인을 유지하면서도 정보 전달을 보완할 수 있어 유용합니다.	시각적 숨김									frontend	accessibility	a11y	css
Q582	키보드 함정(Keyboard Trap)		Frontend - Web Accessibility	16	INITIALS	EASY	키보드로 이동하다가 특정 영역에서 빠져나오지 못하는 접근성 문제를 무엇이라고 하는가?	키보드 함정(Keyboard Trap)은 Tab 이동이 특정 컴포넌트 안에서 멈추거나 빠져나갈 수 없는 문제입니다. 면접에서는 모달이나 커스텀 드롭다운에서 자주 발생하는 결함으로 언급됩니다. 실무에서는 ESC로 닫기, 포커스 이동 경로 제공, 올바른 포커스 관리로 함정을 예방합니다. 특히 숨겨진 요소로 포커스가 이동하거나, 포커스가 사라져 body로 가는 경우도 함정처럼 느껴질 수 있습니다. 키보드 사용자는 이동 경로가 생명이라서 함정은 치명적입니다.	키보드 함정									frontend	accessibility	a11y	keyboard
Q583	포커스 관리(Focus Management)		Frontend - Web Accessibility	16	INITIALS	EASY	모달 열림 닫힘 화면 전환 등에서 포커스 위치를 적절히 이동시키고 복귀시키는 작업을 무엇이라고 하는가?	포커스 관리(Focus Management)는 접근성에서 가장 실무적인 주제 중 하나입니다. 면접에서는 모달을 열 때 어디에 포커스를 두고, 닫을 때 어디로 돌리는지 자주 질문합니다. 실무에서는 사용자 맥락을 잃지 않게 트리거로 포커스를 복귀시키고, 화면 전환 시에는 새로운 제목이나 본문 시작으로 포커스를 옮기는 전략을 씁니다. 포커스가 사라지거나 예기치 않은 곳으로 이동하면 사용자가 길을 잃습니다. 포커스 관리는 키보드 사용자 경험의 품질을 결정합니다.	포커스 관리									frontend	accessibility	a11y	ui
Q584	모달(Modal Dialog)		Frontend - Web Accessibility	16	INITIALS	EASY	화면 위에 떠서 작업을 요구하고, 배경과 분리되어 상호작용을 제한하는 팝업 창을 무엇이라고 하는가?	모달(Modal Dialog)은 배경과의 상호작용을 막고 사용자가 현재 작업을 처리하도록 만드는 UI입니다. 면접에서는 모달 접근성에서 포커스 트랩, ESC 닫기, 닫힘 후 포커스 복귀를 세트로 확인합니다. 실무에서는 role="dialog"와 적절한 라벨링을 제공해 모달 제목이 낭독되게 해야 합니다. 또한 배경 스크롤을 막더라도 키보드 포커스가 배경으로 새지 않도록 포커스 관리를 해야 합니다. 모달은 흔하지만 접근성 결함이 많아 테스트가 중요합니다.	모달									frontend	accessibility	a11y	modal
Q585	다이얼로그(Dialog)		Frontend - Web Accessibility	16	INITIALS	EASY	사용자에게 중요한 정보나 선택을 요구하기 위해 등장하는 대화 상자 UI를 무엇이라고 하는가?	다이얼로그(Dialog)는 경고 확인 설정 입력 등 사용자의 결정을 요청하는 UI입니다. 면접에서는 dialog와 alertdialog의 차이를 묻기도 합니다. 실무에서는 제목과 설명이 명확히 낭독되게 라벨링을 하고, 기본 버튼에 초기 포커스를 두어 키보드 조작을 쉽게 합니다. 또한 닫기 버튼에 접근성 이름을 제공하고, ESC로 닫을 수 있는지 정책을 정합니다. 대화 상자는 사용자의 흐름을 끊기 때문에, 정보 전달과 조작성이 특히 중요합니다.	다이얼로그									frontend	accessibility	a11y	ui
Q586	경고 다이얼로그(Alert Dialog)		Frontend - Web Accessibility	16	INITIALS	EASY	즉시 주의를 요구하는 치명적 경고에 사용하는 다이얼로그 유형을 무엇이라고 하는가?	경고 다이얼로그(Alert Dialog)는 사용자가 반드시 알아야 하는 위험이나 오류를 전달할 때 사용합니다. 면접에서는 alertdialog가 일반 dialog보다 더 강한 의미를 가진다는 점이 포인트입니다. 실무에서는 너무 자주 쓰면 방해가 되므로 정말 중요한 상황에만 사용해야 합니다. 또한 제목과 설명이 명확히 낭독되고, 버튼 선택이 실수로 이어지지 않게 기본 포커스 위치를 신중히 정합니다. 경고는 정보 전달이 목적이므로 문구의 명확성이 접근성 품질을 좌우합니다.	경고 다이얼로그									frontend	accessibility	a11y	aria
Q587	도구 설명(Tooltip)		Frontend - Web Accessibility	16	INITIALS	EASY	아이콘 옆에 짧은 설명을 띄워 기능을 이해하도록 돕는 UI를 무엇이라고 하는가?	도구 설명(Tooltip)은 짧은 보조 설명을 제공하지만, 접근성 구현이 까다로운 편입니다. 면접에서는 hover에만 의존하면 키보드나 모바일에서 접근이 어려울 수 있다는 점이 나옵니다. 실무에서는 포커스 시에도 보이게 하고, 툴팁 내용이 필수 정보라면 describedby로 연결해 낭독되게 합니다. 또한 툴팁이 너무 길면 방해가 되므로 핵심만 제공하는 것이 좋습니다. 툴팁은 편의 기능이지만 핵심 정보 전달에 의존하면 위험합니다.	툴팁									frontend	accessibility	a11y	ui
Q588	명도 대비(Luminance Contrast)		Frontend - Web Accessibility	16	INITIALS	EASY	글자와 배경의 밝기 차이를 기준으로 읽기 쉬움을 판단하는 대비 개념을 무엇이라고 하는가?	명도 대비(Luminance Contrast)는 색상 자체보다 밝기 차이가 가독성에 큰 영향을 준다는 점을 설명합니다. 면접에서는 색상 대비 기준을 왜 지켜야 하는지 질문이 자주 나옵니다. 실무에서는 브랜드 색상을 그대로 쓰면 대비가 부족할 수 있어, 접근성용 보조 색을 별도로 두기도 합니다. 대비는 버튼 텍스트, 링크, 비활성 상태 등 다양한 상태에서 깨지기 쉬워 테스트가 필요합니다. 명도 대비는 “읽을 수 있는가”를 결정하는 핵심 요소입니다.	명도 대비									frontend	accessibility	a11y	design
Q589	읽기 순서(Reading Order)		Frontend - Web Accessibility	16	INITIALS	EASY	스크린 리더가 콘텐츠를 읽는 논리적 흐름을 무엇이라고 하는가?	읽기 순서(Reading Order)는 DOM 구조와 접근성 트리에 의해 결정되는 경우가 많습니다. 면접에서는 시각적 순서와 읽기 순서가 다르면 어떤 문제가 생기는지 묻습니다. 실무에서는 CSS로 배치를 바꾸더라도 DOM 순서를 논리적으로 유지하는 것이 안전합니다. 특히 grid나 flex의 order를 남발하면 키보드/낭독 순서가 꼬일 수 있습니다. 읽기 순서는 접근성뿐 아니라 문서 이해도에도 큰 영향을 줍니다.	읽기 순서									frontend	accessibility	a11y	semantics
Q590	건너뛰기 링크(Skip Navigation)		Frontend - Web Accessibility	16	INITIALS	EASY	반복되는 메뉴를 생략하고 본문으로 바로 이동하게 해주는 기능을 무엇이라고 하는가?	건너뛰기 링크(Skip Navigation)는 스킵 링크와 같은 의미로, 반복 영역을 통과하는 비용을 줄입니다. 면접에서는 “왜 상단에 필요하나”를 자주 물어봅니다. 실무에서는 포커스 시 나타나도록 만들어 시각 사용자에게도 유용하게 만들 수 있습니다. 또한 목표 지점(main 또는 h1)에 명확한 id가 있어야 안정적으로 이동합니다. 작은 기능이지만 키보드 사용자에게는 시간 절약 효과가 큽니다.	건너뛰기 링크									frontend	accessibility	a11y	keyboard
Q591	버튼 이름(Button Name)		Frontend - Web Accessibility	16	INITIALS	EASY	스크린 리더가 버튼을 읽을 때 함께 읽는 버튼의 이름 정보를 무엇이라고 하는가?	버튼 이름(Button Name)은 접근성 이름의 대표 사례로, 버튼의 목적을 설명하는 핵심 텍스트입니다. 면접에서는 아이콘 버튼에 이름이 없을 때 문제가 되는지를 자주 묻습니다. 실무에서는 aria-label 또는 숨김 텍스트로 이름을 제공해, “닫기”, “검색”, “메뉴 열기”처럼 기능을 명확히 전달합니다. 이름이 없으면 보조기기 사용자는 버튼의 목적을 알 수 없어 기능을 사용할 수 없습니다. 버튼 이름은 짧고 구체적으로, 그리고 화면 텍스트와 가능한 일치시키는 것이 좋습니다.	버튼 이름									frontend	accessibility	a11y	aria
Q592	링크 목적(Link Purpose)		Frontend - Web Accessibility	16	INITIALS	EASY	링크가 어디로 가는지 또는 무엇을 하는지 목적이 분명해야 한다는 접근성 요구를 무엇이라고 하는가?	링크 목적(Link Purpose)은 링크 텍스트만 봐도 목적을 알 수 있어야 한다는 원칙입니다. 면접에서는 “더보기” 링크가 왜 문제인지로 자주 출제됩니다. 실무에서는 링크 목록에서 봐도 구분되도록 “공지사항 더보기”, “상품 상세 보기”처럼 작성합니다. 시각적으로 짧게 두고 싶다면 aria-label로 문맥을 보완할 수 있지만, 화면 텍스트와 너무 다르면 음성 제어에서 불리할 수 있습니다. 링크는 내비게이션이므로 목적이 불분명하면 접근성이 크게 떨어집니다.	링크 목적									frontend	accessibility	a11y	content
Q593	제목(Title)		Frontend - Web Accessibility	16	INITIALS	EASY	페이지의 주요 내용을 한눈에 설명하는 문서 제목 요소를 무엇이라고 하는가?	제목(Title)은 문서의 큰 맥락을 제공하며, 브라우저 탭과 보조기기 탐색에서 중요한 역할을 합니다. 면접에서는 title 요소를 왜 설정해야 하는지 질문이 나옵니다. 실무에서는 라우팅이 많은 SPA에서도 페이지마다 title을 갱신해 사용자가 현재 위치를 파악하게 합니다. 제목이 모두 동일하면 탭 전환과 히스토리 탐색이 매우 불편해집니다. 제목은 짧지만 의미 있게, 페이지 내용이 바뀌면 함께 바뀌도록 관리합니다.	제목									frontend	accessibility	a11y	html
Q594	문서 언어(Document Language)		Frontend - Web Accessibility	16	INITIALS	EASY	페이지 전체가 어떤 언어인지 알려 스크린 리더 발음에 영향을 주는 설정을 무엇이라고 하는가?	문서 언어(Document Language)는 html lang 설정으로 대표되며, 올바른 발음과 언어 처리를 위해 중요합니다. 면접에서는 lang를 빼면 어떤 문제가 생기는지 물을 수 있습니다. 실무에서는 다국어 페이지에서는 라우트나 설정에 따라 lang를 정확히 바꾸고, 본문 중 외국어 구간에는 부분 lang를 적용하면 낭독 품질이 좋아집니다. 언어 설정은 작지만 체감이 크기 때문에 기본 체크리스트에 포함됩니다. 언어가 틀리면 콘텐츠 이해가 어려워져 접근성이 무너질 수 있습니다.	문서 언어									frontend	accessibility	a11y	i18n
Q595	이미지 캡션(Image Caption)		Frontend - Web Accessibility	16	INITIALS	EASY	이미지에 대한 설명을 본문에 텍스트로 붙여 맥락을 제공하는 요소를 무엇이라고 하는가?	이미지 캡션(Image Caption)은 figure figcaption 패턴으로 제공하는 경우가 많습니다. 면접에서는 alt와 캡션의 차이를 물을 수 있는데, alt는 대체 텍스트이고 캡션은 모든 사용자에게 보이는 추가 설명입니다. 실무에서는 그래프나 사진처럼 맥락이 필요한 이미지에 캡션을 제공하면 이해도가 좋아집니다. 캡션은 검색성과 문서 품질에도 도움이 되며, 접근성 관점에서도 중요한 보완 정보가 됩니다. 다만 캡션이 있다고 해서 alt를 생략할 수 있는 것은 아니므로 역할을 구분해야 합니다.	이미지 캡션									frontend	accessibility	a11y	html
Q596	대본(Transcript)		Frontend - Web Accessibility	16	INITIALS	EASY	오디오나 영상의 내용을 텍스트로 전체 제공해 접근 가능하게 하는 자료를 무엇이라고 하는가?	대본(Transcript)은 캡션과 달리 시간에 맞춰 표시되지 않아도 전체 내용을 텍스트로 제공하는 방식입니다. 면접에서는 캡션과 대본의 차이를 설명할 수 있으면 좋습니다. 실무에서는 팟캐스트나 강의 영상처럼 긴 콘텐츠에 대본을 제공하면 검색성과 접근성이 모두 좋아집니다. 또한 소리 없이 학습하려는 사용자에게도 도움이 됩니다. 미디어 접근성은 장애 유무와 상관없이 편의성이 큰 영역입니다.	대본									frontend	accessibility	a11y	media
Q597	자동 재생(Autoplay)		Frontend - Web Accessibility	16	INITIALS	EASY	사용자가 조작하지 않아도 영상이나 소리가 자동으로 시작되는 동작을 무엇이라고 하는가?	자동 재생(Autoplay)은 갑작스러운 소리나 움직임으로 사용자에게 큰 불편을 줄 수 있어 접근성 이슈가 자주 발생합니다. 면접에서는 자동 재생을 피해야 하는 이유를 묻기도 합니다. 실무에서는 특히 소리 자동 재생은 사용자를 놀라게 하고 화면 읽기를 방해할 수 있어, 기본값은 끄고 사용자가 시작하도록 하는 편이 안전합니다. 움직임이 있는 배경 영상도 민감한 사용자에게 불편할 수 있어 정지 옵션을 제공하면 좋습니다. 자동 재생은 편의가 아니라 위험 요소가 될 수 있습니다.	자동 재생									frontend	accessibility	a11y	media
Q598	정지 버튼(Pause Control)		Frontend - Web Accessibility	16	INITIALS	EASY	자동으로 움직이거나 재생되는 콘텐츠를 멈출 수 있게 제공하는 컨트롤을 무엇이라고 하는가?	정지 버튼(Pause Control)은 자동 재생 영상 애니메이션 캐러셀 등에서 사용자 제어권을 제공하는 장치입니다. 면접에서는 자동 움직임 콘텐츠에 왜 정지 옵션이 필요한지 질문이 나옵니다. 실무에서는 재생 중지 버튼을 키보드로도 접근 가능하게 하고, 버튼 이름을 명확히 제공해야 합니다. 또한 정지 상태가 시각적으로도 분명해야 사용자가 현재 상태를 이해합니다. 접근성은 “사용자가 통제할 수 있는가”가 중요하며, 정지 컨트롤은 그 대표 사례입니다.	정지 버튼									frontend	accessibility	a11y	ui
Q599	오류 메시지(Error Message)		Frontend - Web Accessibility	16	INITIALS	EASY	입력이 잘못되었을 때 무엇이 문제인지 사용자에게 알려주는 안내 문구를 무엇이라고 하는가?	오류 메시지(Error Message)는 사용자가 문제를 인지하고 수정하도록 돕는 핵심 안내입니다. 면접에서는 오류를 색상만으로 표시하면 안 되는 이유가 자주 나옵니다. 실무에서는 오류 메시지를 텍스트로 제공하고, 해당 입력 필드와 aria-describedby로 연결해 포커스 시 함께 읽히도록 하는 것이 좋습니다. 또한 “무엇이 잘못됐는지”뿐 아니라 “어떻게 고치는지”까지 포함하면 사용성이 크게 좋아집니다. 오류가 해결되면 메시지도 제거하거나 업데이트해 최신 상태를 유지해야 합니다. 오류 메시지는 접근성뿐 아니라 폼 완주율을 좌우합니다.	오류 메시지									frontend	accessibility	a11y	forms
Q600	오류 요약(Error Summary)		Frontend - Web Accessibility	16	INITIALS	EASY	제출 시 여러 오류를 한 번에 모아 위쪽에 보여주며, 해당 필드로 이동하게 돕는 영역을 무엇이라고 하는가?	오류 요약(Error Summary)은 폼에 오류가 많을 때 사용자가 어디부터 고칠지 안내하는 패턴입니다. 면접에서는 큰 폼에서 접근성을 높이는 방법으로 종종 언급됩니다. 실무에서는 상단에 오류 목록을 제공하고, 항목을 클릭하면 해당 입력으로 포커스가 이동하게 하면 키보드 사용자에게 특히 유용합니다. 또한 스크린 리더 사용자가 제출 후 “오류가 발생했다”를 즉시 알 수 있도록 상태 메시지나 포커스 이동 전략을 함께 씁니다. 오류 요약은 사용자에게 ‘다음 행동’을 제시하는 장치입니다.	오류 요약									frontend	accessibility	a11y	ux
Q601	필수 표시(Required Field)		Frontend - Web Accessibility	16	INITIALS	EASY	반드시 입력해야 하는 항목임을 사용자에게 알리는 표시를 무엇이라고 하는가?	필수 표시(Required Field)는 별표만 붙이는 것보다 “필수”라는 텍스트를 함께 제공하면 더 명확합니다. 면접에서는 required 속성과 시각적 표시를 함께 쓰는 이유가 나올 수 있습니다. 실무에서는 required만으로는 시각 사용자에게 바로 보이지 않을 수 있어, 라벨 근처에 필수 표시를 제공합니다. 스크린 리더에는 required 속성이나 aria-required를 통해 필수 여부가 전달됩니다. 또한 필수 항목이 너무 많으면 사용자가 지치기 때문에 UX 관점에서도 최소화하는 것이 좋습니다. 필수 표시는 접근성과 사용성을 동시에 다룹니다.	필수 표시									frontend	accessibility	a11y	forms
Q602	필수 속성(Required Attribute)		Frontend - Web Accessibility	16	INITIALS	EASY	입력 필드가 필수임을 브라우저와 보조기기에 전달하는 HTML 속성을 무엇이라고 하는가?	필수 속성(Required Attribute)은 input에 required를 주어 필수 입력임을 표현합니다. 면접에서는 required와 aria-required 차이를 묻기도 합니다. 실무에서는 가능한 네이티브 required를 활용하고, 커스텀 컴포넌트라면 aria-required를 고려합니다. 필수 여부가 보조기기에 전달되면 사용자는 입력 과정에서 필수 항목을 놓치지 않게 됩니다. 또한 브라우저 기본 검증 UI를 그대로 쓰기보다, 접근성 있는 오류 메시지로 보완하는 팀도 많습니다. 필수 속성은 폼의 기본 안전장치입니다.	필수 속성									frontend	accessibility	a11y	html
Q603	설명 텍스트(Helper Text)		Frontend - Web Accessibility	16	INITIALS	EASY	입력 규칙이나 예시를 제공해 사용자가 실수하지 않게 돕는 안내 문구를 무엇이라고 하는가?	설명 텍스트(Helper Text)는 오류를 줄이는 예방 장치로, 접근성에서는 해당 입력과의 연결이 중요합니다. 면접에서는 helper text를 어떻게 읽히게 할지 질문이 나올 수 있습니다. 실무에서는 id를 부여한 helper text를 aria-describedby로 연결해 포커스 시 안내가 함께 읽히도록 합니다. 너무 긴 안내는 낭독 부담이 될 수 있어 핵심만 간결히 쓰는 것이 좋습니다. 또한 오류 메시지와 helper text가 함께 있을 때 우선순위를 정해 혼란을 줄여야 합니다. 도움말은 사용자 성공률을 높이는 중요한 요소입니다.	설명 텍스트									frontend	accessibility	a11y	forms
Q604	플레이스홀더(Placeholder)		Frontend - Web Accessibility	16	INITIALS	EASY	입력칸 안에 흐릿하게 예시를 보여주는 텍스트이지만 라벨을 대체하면 위험한 요소를 무엇이라고 하는가?	플레이스홀더(Placeholder)는 예시를 보여주는 용도로는 좋지만, 입력하면 사라지기 때문에 라벨을 대체하기엔 부적절합니다. 면접에서는 placeholder만 쓰면 왜 접근성에 취약한지 자주 묻습니다. 실무에서는 라벨을 반드시 제공하고, placeholder는 보조 예시로만 사용합니다. 또한 placeholder는 대비가 낮은 경우가 많아 저시력 사용자에게 보이지 않을 수 있습니다. 입력 목적은 label로, 추가 힌트는 helper text로 분리하면 품질이 올라갑니다. placeholder는 “라벨이 아니다”가 핵심입니다.	플레이스홀더									frontend	accessibility	a11y	forms
Q605	오류 상태(Invalid State)		Frontend - Web Accessibility	16	INITIALS	EASY	입력값이 잘못되었음을 상태로 표현해 사용자와 보조기기에 알리는 것을 무엇이라고 하는가?	오류 상태(Invalid State)는 사용자가 즉시 문제를 인식하도록 돕는 상태 표현입니다. 면접에서는 aria-invalid와 오류 메시지 연결을 함께 설명할 수 있어야 합니다. 실무에서는 제출 후 오류가 있는 필드에 aria-invalid를 적용하고, 오류 텍스트를 describedby로 연결하는 방식이 흔합니다. 단순히 빨간 테두리만 주면 색각 이상 사용자가 놓칠 수 있으므로 텍스트 안내를 반드시 함께 둡니다. 오류가 해결되면 상태도 즉시 해제해 최신 정보로 유지합니다. 상태와 메시지가 함께 가야 접근성이 완성됩니다.	오류 상태									frontend	accessibility	a11y	aria
Q606	보조기기(Assistive Technology)		Frontend - Web Accessibility	16	INITIALS	EASY	스크린 리더 점자 디스플레이 음성 입력 등 장애를 보완해주는 도구를 통칭하는 말은 무엇인가?	보조기기(Assistive Technology)는 사용자가 웹에 접근할 수 있도록 돕는 장비와 소프트웨어 전반을 의미합니다. 면접에서는 접근성이 “스크린 리더만”이 아니라 다양한 보조기기를 포함한다는 관점을 보여주면 좋습니다. 실무에서는 보조기기가 이해하는 것은 역할 이름 상태 같은 의미 정보이므로, 시맨틱 HTML과 올바른 ARIA가 핵심입니다. 또한 키보드만 쓰는 사용자도 넓은 의미에서 보조 사용 환경에 포함될 수 있습니다. 테스트 시에는 최소한 키보드 탐색과 스크린 리더 한 종류는 경험해보는 것이 좋습니다. 보조기기를 고려하면 제품 범용성이 올라갑니다.	보조기기									frontend	accessibility	a11y	testing
Q607	점자 디스플레이(Braille Display)		Frontend - Web Accessibility	16	INITIALS	EASY	스크린 리더 출력을 점자로 변환해 촉각으로 읽도록 도와주는 장치를 무엇이라고 하는가?	점자 디스플레이(Braille Display)는 화면 정보를 점자로 변환해 제공하는 보조기기입니다. 면접에서 직접 나오진 않더라도, 접근성 대상 사용자가 매우 다양하다는 것을 설명할 때 도움이 됩니다. 실무에서는 점자 디스플레이도 접근성 트리의 정보를 기반으로 동작하므로, 올바른 라벨링과 구조가 중요합니다. 이미지에 alt가 없거나 버튼 이름이 없으면 점자에서도 “무엇인지”를 알 수 없습니다. 또한 과도한 장식 낭독은 점자 사용자의 탐색을 방해할 수 있어 불필요한 요소는 숨기는 전략이 필요합니다. 접근성은 다양한 출력 장치를 전제로 설계해야 합니다.	점자 디스플레이									frontend	accessibility	a11y	at
Q608	색상만 의존(Color Only)		Frontend - Web Accessibility	16	INITIALS	EASY	정보 전달을 색상만으로 하는 것을 피해야 한다는 접근성 원칙을 무엇이라고 하는가?	색상만 의존(Color Only)은 색각 이상 사용자나 대비가 낮은 환경에서 정보를 놓치게 만듭니다. 면접에서는 “오류를 빨간색만으로 표시하면 안 된다” 같은 예시가 자주 나옵니다. 실무에서는 색상과 함께 아이콘, 텍스트, 패턴, 굵기 변화 같은 비색상 신호를 추가합니다. 링크도 색만 바꾸면 링크인지 인지하기 어렵기 때문에 밑줄이나 스타일 변화가 도움이 됩니다. 이 원칙은 접근성뿐 아니라 일반 UX 품질도 크게 올립니다. 색상은 보조 수단이지 단독 수단이 아닙니다.	색상만 의존									frontend	accessibility	a11y	design
Q609	충분한 대비(Sufficient Contrast)		Frontend - Web Accessibility	16	INITIALS	EASY	텍스트와 배경 색의 대비가 일정 수준 이상이어야 한다는 요구를 무엇이라고 하는가?	충분한 대비(Sufficient Contrast)는 읽기 가능성을 보장하는 핵심 기준입니다. 면접에서는 대비가 부족하면 어떤 사용자가 불편한지 설명할 수 있으면 좋습니다. 실무에서는 작은 텍스트, 비활성 텍스트, 플레이스홀더 등에서 대비가 쉽게 깨집니다. 디자인 시스템에서 색상 토큰을 대비 기준에 맞춰 정의하면 실수를 줄일 수 있습니다. 또한 다크모드에서는 대비 문제가 더 복잡해질 수 있어 모드별 검증이 필요합니다. 대비는 ‘보이는가’의 문제라서 접근성의 출발점입니다.	충분한 대비									frontend	accessibility	a11y	css
Q610	키보드 내비게이션(Keyboard Navigation)		Frontend - Web Accessibility	16	INITIALS	EASY	Tab Shift Tab Enter Space 등으로 화면을 탐색하고 조작하는 방식을 무엇이라고 하는가?	키보드 내비게이션(Keyboard Navigation)은 마우스를 쓰기 어려운 사용자의 주요 사용 방식입니다. 면접에서는 Tab 순서, 포커스 표시, ESC 닫기 같은 기본 조작을 확인합니다. 실무에서는 커스텀 컴포넌트가 많아질수록 키보드 조작이 빠지기 쉬워, 네이티브 요소 사용이 중요합니다. 또한 방향키 이동이 기대되는 컴포넌트(라디오, 메뉴, 탭 등)는 표준 패턴을 따라야 합니다. 키보드 내비게이션이 매끄러우면 접근성 품질이 크게 올라갑니다. 기본 조작이 막히면 기능 자체가 막힙니다.	키보드 내비게이션									frontend	accessibility	a11y	keyboard
Q611	스크린 리더 모드(Screen Reader Modes)		Frontend - Web Accessibility	16	INITIALS	EASY	스크린 리더가 탐색 모드와 입력 모드처럼 동작 방식을 바꾸는 개념을 무엇이라고 하는가?	스크린 리더 모드(Screen Reader Modes)는 상황에 따라 탐색 중심 또는 입력 중심으로 조작 방식이 바뀌는 것을 말합니다. 면접에서는 깊게 나오지 않더라도, role application 같은 속성이 모드에 영향을 줄 수 있다는 포인트가 연결될 수 있습니다. 실무에서는 커스텀 위젯을 만들 때 스크린 리더 조작이 예상과 달라질 수 있어 실제 테스트가 중요합니다. 또한 키보드 이벤트를 과도하게 가로채면 보조기기 단축키와 충돌할 수 있습니다. 표준 시맨틱을 지키면 모드 관련 문제를 크게 줄일 수 있습니다. 모드 개념을 이해하면 왜 특정 패턴이 위험한지 설명이 쉬워집니다.	스크린 리더 모드									frontend	accessibility	a11y	testing
Q612	내비게이션(Navigation)		Frontend - Web Accessibility	16	INITIALS	EASY	사이트의 주요 이동 경로(메뉴)를 제공하는 영역을 무엇이라고 하는가?	내비게이션(Navigation)은 nav 시맨틱으로 표현하면 보조기기가 빠르게 이동할 수 있습니다. 면접에서는 nav를 여러 개 쓸 때 라벨링이 필요할 수 있다는 점이 확장 질문으로 나올 수 있습니다. 실무에서는 전역 메뉴, 서브 메뉴, 푸터 링크 등 내비게이션이 여러 개일 수 있어, 각각의 목적이 구분되도록 제목이나 aria-label을 제공하면 좋습니다. 내비게이션 구조가 명확하면 사용자는 원하는 위치로 빠르게 이동할 수 있습니다. 반대로 메뉴가 과도하면 탐색 비용이 커지므로 정보 구조 설계가 중요합니다. 내비게이션은 접근성의 “길 안내”입니다.	내비게이션									frontend	accessibility	a11y	semantics
Q613	본문(Main Content)		Frontend - Web Accessibility	16	INITIALS	EASY	페이지에서 핵심 내용이 담긴 주요 영역을 무엇이라고 하는가?	본문(Main Content)은 main 태그로 표현하면 랜드마크가 되어 보조기기 탐색이 쉬워집니다. 면접에서는 main의 역할과 페이지당 한 번만 쓰는 관례를 물을 수 있습니다. 실무에서는 스킵 링크의 도착 지점을 main으로 두는 경우가 많습니다. 본문이 명확하면 반복되는 헤더/사이드바를 건너뛰고 바로 내용에 집중할 수 있습니다. SPA에서도 라우트가 바뀌면 main의 내용이 바뀌므로, 포커스 관리와 함께 고려하면 접근성이 좋아집니다. 본문은 사용자 목적을 달성하는 핵심 구역입니다.	본문									frontend	accessibility	a11y	html
Q614	헤더(Header)		Frontend - Web Accessibility	16	INITIALS	EASY	로고 제목 전역 메뉴 같은 상단 영역을 의미적으로 표현하는 태그 또는 영역을 무엇이라고 하는가?	헤더(Header)는 사이트의 상단 정보와 내비게이션을 담는 경우가 많아 구조를 잡는 데 도움이 됩니다. 면접에서는 header가 여러 곳에 있을 수 있다는 점(섹션 헤더 등)을 설명할 수 있으면 좋습니다. 실무에서는 전역 헤더가 너무 커서 본문을 가리는 경우, 스킵 링크로 본문 이동을 제공하면 키보드 사용자의 부담이 줄어듭니다. header는 랜드마크로도 동작할 수 있어 탐색성에 영향을 줍니다. 구조를 의미적으로 나누면 보조기기 사용자가 빠르게 파악할 수 있습니다. 헤더는 정보 구조의 시작점입니다.	헤더									frontend	accessibility	a11y	semantics
Q615	푸터(Footer)		Frontend - Web Accessibility	16	INITIALS	EASY	저작권 연락처 추가 링크 같은 하단 정보를 담는 영역을 무엇이라고 하는가?	푸터(Footer)는 보통 페이지 하단의 보조 정보를 담습니다. 면접에서는 footer도 랜드마크가 될 수 있어 구조적 탐색에 도움이 된다는 점이 포인트입니다. 실무에서는 푸터 링크가 길어질수록 링크 텍스트 품질이 중요해집니다. 또한 푸터가 전 페이지에 반복되면 키보드 사용자는 도달하기가 오래 걸릴 수 있어, 본문에서 중요한 링크는 중간에도 제공하는 UX가 도움이 됩니다. footer는 보조 영역이지만 정보 구조의 완성에 기여합니다. 접근성은 ‘끝까지’ 고려해야 합니다.	푸터									frontend	accessibility	a11y	html
Q616	리스트(List)		Frontend - Web Accessibility	16	INITIALS	EASY	항목이 여러 개 나열되는 구조를 의미적으로 표현하는 HTML 구조를 무엇이라고 하는가?	리스트(List)는 ul ol li 시맨틱으로 표현하면 보조기기가 항목 수와 구조를 쉽게 안내할 수 있습니다. 면접에서는 단순 나열을 div로 만들 때 생길 수 있는 문제를 물을 수 있습니다. 실무에서는 메뉴, 카드 목록, 체크리스트 등 반복 UI에 리스트 시맨틱을 쓰면 접근성과 유지보수가 좋아집니다. list-style을 없애도 시맨틱은 유지되므로 디자인과 의미를 분리할 수 있습니다. 다만 presentation을 남발해 시맨틱을 제거하면 탐색성이 떨어질 수 있어 주의합니다. 리스트는 정보 구조를 명확히 하는 가장 쉬운 도구입니다.	리스트									frontend	accessibility	a11y	html
Q617	버튼(Button)		Frontend - Web Accessibility	16	INITIALS	EASY	클릭하거나 키보드로 실행할 수 있는 동작 컨트롤을 의미적으로 나타내는 기본 요소는 무엇인가?	버튼(Button)은 네이티브 button 요소를 쓰면 역할과 키보드 동작이 기본으로 제공됩니다. 면접에서는 div로 버튼을 만들 때 어떤 문제가 생기는지 질문이 자주 나옵니다. 실무에서는 버튼에 이름이 있어야 하고, 로딩/비활성 상태도 올바르게 전달되어야 합니다. 또한 버튼과 링크는 목적이 다르므로 이동은 링크, 동작은 버튼으로 의미를 맞추는 것이 중요합니다. 네이티브 버튼을 쓰면 접근성 결함이 줄어 개발 비용이 절약됩니다. 버튼은 가장 기본이면서 가장 중요한 컨트롤입니다.	버튼									frontend	accessibility	a11y	html
Q618	링크(Link)		Frontend - Web Accessibility	16	INITIALS	EASY	다른 페이지나 위치로 이동하는 내비게이션 요소를 무엇이라고 하는가?	링크(Link)는 a 요소로 표현되며, 목적지가 명확한 링크 텍스트가 중요합니다. 면접에서는 링크와 버튼의 구분을 자주 묻습니다. 실무에서는 “여기”, “더보기”처럼 모호한 텍스트를 피하고, 링크 목록에서도 이해될 수 있도록 목적을 담아 작성합니다. 링크는 키보드로도 접근 가능해야 하며, 포커스 표시가 보이도록 스타일을 유지해야 합니다. 또한 새 창 열림은 사용자에게 예고하는 편이 좋습니다. 링크는 사용자의 이동을 책임지는 기본 내비게이션입니다.	링크									frontend	accessibility	a11y	navigation
Q619	폼(Form)		Frontend - Web Accessibility	16	INITIALS	EASY	사용자가 정보를 입력하고 제출하는 입력 영역 전체를 무엇이라고 하는가?	폼(Form)은 사용자 입력을 받는 기본 구조로, label과 입력 컨트롤의 연결이 특히 중요합니다. 면접에서는 폼 요소를 시맨틱하게 구성해야 하는 이유가 자주 나옵니다. 실무에서는 폼이 길어질수록 fieldset과 legend로 그룹을 나누고, 오류 메시지를 적절히 연결해 사용자가 길을 잃지 않게 합니다. 또한 Enter 제출, 필수 항목 안내, 오류 요약 같은 요소가 접근성과 완주율을 좌우합니다. 폼은 가장 많은 접근성 이슈가 발생하는 영역이라 체크리스트 기반 검증이 효과적입니다. 폼을 잘 만들면 사용자 경험이 크게 좋아집니다.	폼									frontend	accessibility	a11y	forms
Q620	체크박스(Checkbox)		Frontend - Web Accessibility	16	INITIALS	EASY	여러 항목을 복수 선택할 수 있는 입력 컨트롤을 무엇이라고 하는가?	체크박스(Checkbox)는 여러 개를 동시에 선택할 수 있는 컨트롤이라, 라디오 버튼과 구분이 중요합니다. 면접에서는 체크박스의 키보드 동작과 라벨 연결을 자주 물어봅니다. 실무에서는 클릭 영역을 넓히고, 라벨을 클릭해도 토글되도록 연결하면 사용성이 좋아집니다. 또한 “전체 선택” 같은 패턴에서는 일부 선택 상태(중간 상태)를 표현해야 할 수 있어 상태 관리가 필요합니다. 네이티브 체크박스를 쓰면 접근성 기본 동작이 잘 보장됩니다.	체크박스									frontend	accessibility	a11y	forms
Q621	라디오 버튼(Radio Button)		Frontend - Web Accessibility	16	INITIALS	EASY	여러 선택지 중 하나만 고를 수 있는 입력 컨트롤을 무엇이라고 하는가?	라디오 버튼(Radio Button)은 상호 배타적 선택에서 사용하며, 그룹의 제목 제공이 중요합니다. 면접에서는 라디오 그룹을 fieldset과 legend로 묶는 이유가 자주 나옵니다. 실무에서는 방향키 이동이 기대되는 패턴이라, 커스텀 구현 시에는 키보드 동작까지 재현해야 합니다. 또한 선택지가 많으면 설명 텍스트를 함께 제공해 사용자가 헷갈리지 않게 해야 합니다. 네이티브 라디오는 기본 접근성이 좋아서 우선 선택하는 것이 안전합니다. 라디오는 “하나만 선택”이라는 의미가 핵심입니다.	라디오 버튼									frontend	accessibility	a11y	forms
Q622	버튼 vs 링크(Button vs Link)		Frontend - Web Accessibility	16	INITIALS	EASY	페이지 이동은 링크, 동작 실행은 버튼으로 의미를 구분해야 한다는 원칙을 무엇이라고 하는가?	버튼 vs 링크(Button vs Link)는 의미를 맞추는 것이 접근성의 기본이라는 내용을 담습니다. 면접에서는 “왜 이동인데 버튼을 쓰면 안 되나” 같은 질문이 자주 나옵니다. 실무에서는 링크를 버튼처럼 스타일링하거나, 버튼을 링크처럼 스타일링하는 것은 가능하지만 의미는 바뀌면 안 됩니다. 의미가 맞지 않으면 보조기기 사용자가 기대하는 동작과 실제 동작이 달라져 혼란이 생깁니다. 또한 키보드 단축키나 컨텍스트 메뉴 같은 브라우저 기본 기능도 영향을 받습니다. 올바른 요소 선택은 접근성 비용을 크게 줄입니다.	버튼과 링크 구분									frontend	accessibility	a11y	semantics
Q623	폼 그룹(Fieldset)		Frontend - Web Accessibility	16	INITIALS	EASY	관련 있는 입력 항목을 하나의 묶음으로 그룹화할 때 사용하는 요소는 무엇인가?	폼 그룹(Fieldset)은 관련 입력을 묶어 구조를 명확히 합니다. 면접에서는 라디오/체크박스 묶음에 fieldset을 쓰는 이유가 자주 나옵니다. 실무에서는 그룹이 명확하면 스크린 리더 사용자가 맥락을 잃지 않고 입력할 수 있습니다. 또한 legend로 그룹 제목을 제공하면 “지금 어떤 질문을 답하는지”가 분명해집니다. fieldset은 HTML만으로 강한 시맨틱을 제공해 ARIA보다 안전한 경우가 많습니다. 폼이 복잡할수록 그룹화가 큰 효과를 냅니다.	필드셋									frontend	accessibility	a11y	forms
Q624	키보드 단축키(Keyboard Shortcut)		Frontend - Web Accessibility	16	INITIALS	EASY	특정 키 조합으로 기능을 빠르게 실행하게 하는 조작 방식을 무엇이라고 하는가?	키보드 단축키(Keyboard Shortcut)는 숙련 사용자에게 유용하지만, 접근성 관점에서는 충돌과 안내가 중요합니다. 면접에서는 단축키가 스크린 리더 단축키와 충돌할 수 있다는 점이 나올 수 있습니다. 실무에서는 단축키를 제공하더라도 끄기 옵션이나 변경 옵션을 두고, 도움말에서 명확히 안내하는 것이 좋습니다. 또한 텍스트 입력 중에는 단축키가 오작동하지 않도록 범위를 제한해야 합니다. 접근성은 “편의 제공”과 “예측 가능성”의 균형이 중요합니다. 단축키는 강력한 기능인 만큼 신중히 설계해야 합니다.	키보드 단축키									frontend	accessibility	a11y	keyboard
Q625	초점(포커스)(Focus)		Frontend - Web Accessibility	16	INITIALS	EASY	키보드 입력이 현재 적용되는 요소가 무엇인지 나타내는 상태를 무엇이라고 하는가?	초점(포커스)(Focus)은 키보드 탐색에서 현재 위치를 의미합니다. 면접에서는 포커스 표시를 제거하면 왜 문제가 되는지와 함께 자주 출제됩니다. 실무에서는 포커스가 어디에 있는지 보여주는 스타일을 유지하고, 모달/라우팅 전환 시 포커스를 올바르게 이동시키는 포커스 관리가 중요합니다. 포커스가 사라지면 사용자는 화면에서 길을 잃고 조작이 막힙니다. 포커스는 접근성의 기반이며, “항상 보이고 예측 가능해야” 합니다. 키보드 사용자에게 포커스는 커서와 같습니다.	포커스									frontend	accessibility	a11y	keyboard
Q626	포커스 순서(Focus Order)		Frontend - Web Accessibility	16	INITIALS	EASY	Tab 이동 시 포커스가 이동하는 논리적 순서를 무엇이라고 하는가?	포커스 순서(Focus Order)는 탭 순서와 같은 개념으로, 탐색 흐름의 품질을 결정합니다. 면접에서는 DOM 순서가 왜 중요한지로 확장 질문이 나옵니다. 실무에서는 시각적 레이아웃과 포커스 이동이 크게 다르면 사용자 혼란이 커집니다. 양수 tabindex로 억지로 순서를 맞추기보다, DOM 구조를 논리적으로 설계하는 것이 장기적으로 안전합니다. 또한 숨겨진 요소로 포커스가 들어가면 함정처럼 느껴질 수 있으니 주의해야 합니다. 포커스 순서는 접근성에서 가장 자주 깨지는 부분 중 하나입니다.	포커스 순서									frontend	accessibility	a11y	ui
Q627	활성 상태(Active State)		Frontend - Web Accessibility	16	INITIALS	EASY	현재 선택된 메뉴나 탭처럼 “지금 선택됨”을 나타내는 상태를 무엇이라고 하는가?	활성 상태(Active State)는 사용자가 현재 위치나 선택을 이해하는 데 중요합니다. 면접에서는 active 스타일만 주는 것과 aria-current 같은 접근성 상태 제공의 차이가 나올 수 있습니다. 실무에서는 메뉴에서 현재 페이지에 aria-current를 주거나, 탭에서는 선택된 탭에 aria-selected를 맞춰 상태를 전달합니다. 시각적으로만 강조하면 보조기기 사용자는 상태를 알기 어려울 수 있습니다. 상태는 UI와 ARIA가 동기화되어야 하며, 라우팅 변경 시 즉시 업데이트되어야 합니다. 활성 상태는 내비게이션에서 특히 중요합니다.	활성 상태									frontend	accessibility	a11y	navigation
Q628	선택 상태(Selected State)		Frontend - Web Accessibility	16	INITIALS	EASY	탭이나 리스트박스에서 “선택됨”을 의미적으로 전달하는 상태를 무엇이라고 하는가?	선택 상태(Selected State)는 탭, 리스트박스, 옵션 등에서 현재 선택을 나타냅니다. 면접에서는 탭 패턴에서 aria-selected와 역할(role=tablist, tab, tabpanel) 구성을 묻기도 합니다. 실무에서는 선택 상태가 시각 강조와 보조기기 낭독에서 일치해야 하며, 선택 변경 시 키보드 동작까지 함께 고려해야 합니다. 상태가 화면과 다르면 사용자는 신뢰를 잃고 조작 실수가 늘어납니다. 또한 선택 변경이 콘텐츠 영역(tabpanel) 변경과 연결되므로 포커스 흐름도 설계해야 합니다. 선택 상태는 “지금 무엇이 선택되었나”를 정확히 전달하는 장치입니다.	선택 상태									frontend	accessibility	a11y	aria
Q629	토글(Toggle)		Frontend - Web Accessibility	16	INITIALS	EASY	켜짐 꺼짐처럼 두 가지 상태를 전환하는 UI 동작을 무엇이라고 하는가?	토글(Toggle)은 이진 상태를 전환하는 행동으로, 상태 전달이 핵심입니다. 면접에서는 토글을 checkbox로 만들지 버튼+aria-pressed로 만들지 선택 기준이 나올 수 있습니다. 실무에서는 시각적으로 스위치처럼 보여도 접근성 관점에서는 상태가 명확히 읽혀야 하며, 키보드로도 쉽게 토글되어야 합니다. 또한 상태가 서버/전역 상태와 동기화되지 않으면 낭독과 실제 동작이 어긋나 문제를 만듭니다. 토글은 간단해 보여도 접근성 결함이 자주 생기는 컴포넌트입니다. 상태와 동작 일치를 항상 확인해야 합니다.	토글									frontend	accessibility	a11y	ui
Q630	드롭다운(Dropdown)		Frontend - Web Accessibility	16	INITIALS	EASY	클릭하면 목록이 펼쳐지고 선택할 수 있는 메뉴 컴포넌트를 무엇이라고 하는가?	드롭다운(Dropdown)은 접근성 구현이 까다로운 대표 커스텀 UI입니다. 면접에서는 키보드 조작(Enter Space로 열기, 방향키 이동, ESC 닫기)을 묻는 경우가 많습니다. 실무에서는 가능한 네이티브 select를 활용하고, 커스텀이라면 역할과 상태(aria-expanded, aria-controls)를 정확히 맞춰야 합니다. 또한 포커스가 목록으로 이동하고, 닫힐 때 트리거로 복귀하는 흐름이 중요합니다. 드롭다운은 “열림 상태”가 사용자에게 분명해야 하고, 읽기/선택 흐름이 표준 패턴과 맞아야 합니다. 표준 패턴을 따르는 것이 가장 안전합니다.	드롭다운									frontend	accessibility	a11y	ui
Q631	아코디언(Accordion)		Frontend - Web Accessibility	16	INITIALS	EASY	섹션 제목을 누르면 내용이 펼쳐지거나 접히는 UI 패턴을 무엇이라고 하는가?	아코디언(Accordion)은 콘텐츠를 접고 펼치는 패턴으로, 상태 전달이 핵심입니다. 면접에서는 aria-expanded와 버튼 역할 사용을 자주 묻습니다. 실무에서는 제목 영역을 버튼으로 만들고, 펼쳐진 상태를 aria-expanded로 동기화하는 것이 기본입니다. 또한 펼쳐지는 영역과 컨트롤 관계를 aria-controls로 표현하면 구조 이해에 도움이 됩니다. 내용이 너무 길면 키보드 사용자가 탐색하기 어려울 수 있으니, 적절한 구획과 헤딩 구조도 함께 고려합니다. 아코디언은 단순한 UI지만 상태가 어긋나면 접근성 결함이 됩니다.	아코디언									frontend	accessibility	a11y	aria
Q632	탭(Tabs)		Frontend - Web Accessibility	16	INITIALS	EASY	여러 패널을 제목 영역으로 전환해 보여주는 UI 패턴을 무엇이라고 하는가?	탭(Tabs)은 역할과 키보드 패턴이 정해진 대표 위젯입니다. 면접에서는 tablist tab tabpanel 구조와 aria-selected를 설명할 수 있으면 좋습니다. 실무에서는 방향키로 탭을 이동하고, 선택된 탭만 tabIndex=0이 되게 하는 로빙 탭인덱스 패턴을 쓰기도 합니다. 탭 전환 시 내용이 바뀌므로, 스크린 리더 사용자가 변화 인지를 할 수 있도록 포커스와 제목 구조를 고려해야 합니다. 단순히 div로 구현하면 접근성 요구사항을 놓치기 쉬워 표준 패턴을 참고하는 것이 안전합니다. 탭은 표준을 따르면 품질이 올라갑니다.	탭									frontend	accessibility	a11y	ui
Q633	메뉴(Menu)		Frontend - Web Accessibility	16	INITIALS	EASY	여러 항목을 목록으로 제공해 사용자가 이동하거나 선택하도록 하는 UI를 무엇이라고 하는가?	메뉴(Menu)는 링크 목록 형태의 내비게이션일 수도 있고, 애플리케이션 메뉴 패턴일 수도 있어 구분이 중요합니다. 면접에서는 “단순 nav 링크인데 role=menu를 쓰면 왜 안 되나” 같은 질문이 나올 수 있습니다. 실무에서는 일반 사이트 내비게이션은 nav+ul+li+a가 가장 안전합니다. role=menu는 데스크톱 앱처럼 방향키 조작이 강하게 기대되는 패턴이라, 잘못 적용하면 오히려 사용성이 나빠질 수 있습니다. 메뉴는 의미에 맞는 구조를 선택해야 접근성이 좋아집니다. 단순한 메뉴일수록 네이티브 시맨틱이 정답입니다.	메뉴									frontend	accessibility	a11y	navigation
Q634	로딩 표시(Loading Indicator)		Frontend - Web Accessibility	16	INITIALS	EASY	데이터 요청 중임을 사용자에게 알려주는 스피너 같은 표시를 무엇이라고 하는가?	로딩 표시(Loading Indicator)는 기다림 상태를 알려 사용자 불안을 줄입니다. 면접에서는 로딩이 보조기기에 어떻게 전달되는지 질문이 나올 수 있습니다. 실무에서는 로딩 중임을 텍스트로도 제공하고, 필요하면 aria-busy나 status 메시지로 상태 변화를 알립니다. 스피너만 있으면 스크린 리더 사용자는 ‘무슨 일이 일어나는지’ 알기 어려울 수 있어, “로딩 중” 같은 문구를 함께 제공하는 것이 좋습니다. 또한 로딩이 끝났을 때 콘텐츠가 갱신되면 포커스/낭독 전략을 세워야 합니다. 로딩은 접근성에서 중요한 상태 정보입니다.	로딩 표시									frontend	accessibility	a11y	ui
Q635	로딩 상태(Loading State)		Frontend - Web Accessibility	16	INITIALS	EASY	화면이 데이터를 불러오는 중이라 조작을 제한하거나 기다리게 하는 상태를 무엇이라고 하는가?	로딩 상태(Loading State)는 사용자에게 현재 진행 상황을 알려 예측 가능성을 높입니다. 면접에서는 로딩 중 버튼 비활성 처리와 접근성 상태 전달을 연결해 물을 수 있습니다. 실무에서는 로딩 중에는 버튼을 disabled로 만들거나, 클릭 중복을 막는 로직을 넣되 키보드/보조기기에도 일관된 상태로 전달해야 합니다. 로딩이 길면 스켈레톤 UI를 쓰기도 하지만, 스켈레톤만으로는 상태 전달이 부족할 수 있어 텍스트 안내가 도움이 됩니다. 상태가 바뀌면 screen reader가 인지할 수 있도록 라이브 영역을 사용하는 경우도 있습니다. 로딩 상태는 UX와 접근성의 교차 지점입니다.	로딩 상태									frontend	accessibility	a11y	ux
Q636	비활성(Disabled)		Frontend - Web Accessibility	16	INITIALS	EASY	현재는 사용할 수 없도록 입력이나 버튼을 막아두는 상태를 무엇이라고 하는가?	비활성(Disabled)은 사용 불가 상태를 의미하며, 시각 표시와 의미 전달이 함께 필요합니다. 면접에서는 disabled와 readOnly 차이를 묻기도 합니다. 실무에서는 CSS로만 비활성을 흉내 내면 키보드 포커스가 들어가거나 이벤트가 동작하는 등 불일치가 생길 수 있어, 네이티브 disabled를 우선 사용합니다. 또한 왜 비활성인지 이유를 안내하면 사용자가 다음 행동을 이해하기 쉽습니다. 비활성 색상이 대비가 너무 낮으면 읽기 어려울 수 있어 주의해야 합니다. 비활성은 “일관된 차단”이 핵심입니다.	비활성									frontend	accessibility	a11y	forms
Q637	읽기 전용(Readonly)		Frontend - Web Accessibility	16	INITIALS	EASY	값을 변경할 수는 없지만 내용을 읽고 선택은 가능한 입력 상태를 무엇이라고 하는가?	읽기 전용(Readonly)은 입력을 수정할 수 없지만 내용은 접근 가능하게 두는 상태입니다. 면접에서는 disabled와 readonly의 차이를 설명할 수 있으면 좋습니다. 실무에서는 readonly는 포커스가 가능하고 텍스트 선택도 가능해, 사용자에게 정보를 보여주되 수정만 막고 싶을 때 유용합니다. 반면 disabled는 포커스가 안 되는 경우가 많아 보조기기 사용자가 내용을 확인하기 어려울 수 있습니다. 따라서 “보여주기만”인지 “완전 차단”인지 목적에 따라 상태를 선택해야 합니다. 상태 선택은 접근성과 UX에 직접 영향을 줍니다.	읽기 전용									frontend	accessibility	a11y	forms
Q638	링크 상태 방문(Visited Link)		Frontend - Web Accessibility	16	INITIALS	EASY	사용자가 이미 클릭한 링크임을 구분해주는 브라우저 기본 상태를 무엇이라고 하는가?	링크 상태 방문(Visited Link)은 사용자가 탐색 이력을 기반으로 이동을 관리하도록 돕는 상태입니다. 면접에서는 링크의 상태 스타일이 사용성에 왜 도움이 되는지 질문이 나올 수 있습니다. 실무에서는 visited 색상을 과하게 희미하게 만들면 대비 문제가 생길 수 있어 주의합니다. 또한 visited와 unvisited가 지나치게 비슷하면 사용자가 탐색 여부를 구분하지 못해 반복 방문이 늘어날 수 있습니다. 링크 상태는 접근성이라기보다 사용성에 가깝지만, 탐색성 측면에서 중요한 요소입니다. 상태를 명확히 하되 가독성을 유지하는 균형이 필요합니다.	방문 링크									frontend	accessibility	a11y	css
Q639	로빙 탭인덱스(Roving Tabindex)		Frontend - Web Accessibility	16	INITIALS	MEDIUM	탭 컴포넌트에서 선택된 항목만 Tab으로 포커스가 들어가고, 나머지는 방향키로 이동하게 만들기 위해 탭인덱스를 동적으로 바꾸는 패턴을 무엇이라고 하는가?	로빙 탭인덱스(Roving Tabindex)는 여러 항목 중 하나만 tabIndex 0으로 두고 나머지는 tabIndex -1로 관리해, Tab 이동은 한 번에 들어오고 내부 이동은 방향키로 처리하는 패턴입니다. 면접에서는 탭, 메뉴, 리스트박스 같은 위젯에서 왜 이 패턴이 필요한지 자주 묻습니다. 실무에서는 모든 항목을 Tab으로 이동하게 만들면 탐색 비용이 커져 사용성이 급격히 떨어질 수 있습니다. 반대로 로빙 탭인덱스를 적용하면 키보드 사용자는 예측 가능한 방식으로 빠르게 탐색할 수 있습니다. 상태와 포커스 이동을 함께 관리해야 하므로 구현 시 선택 상태와 포커스 상태가 어긋나지 않게 테스트가 중요합니다.	로빙 탭인덱스									frontend	accessibility	a11y	keyboard
Q640	아리아 액티브디센던트(ARIA Activedescendant)		Frontend - Web Accessibility	16	INITIALS	MEDIUM	실제 포커스는 입력창에 둔 채로, 목록에서 현재 활성 항목만 보조기기에 알려주기 위해 참조 id를 바꾸는 ARIA 속성은 무엇인가?	아리아 액티브디센던트(ARIA Activedescendant)는 포커스가 컨테이너에 있는 상태에서, 내부의 활성 항목을 aria-activedescendant로 가리키는 방식입니다. 면접에서는 자동완성 콤보박스 같은 패턴에서 왜 이 방식이 쓰이는지 질문이 나옵니다. 실무에서는 DOM 포커스를 항목으로 옮기지 않으면서도 현재 선택 후보를 읽히게 할 수 있어 입력 흐름이 매끄럽습니다. 다만 활성 항목의 id가 항상 유효해야 하고, 스크롤로 항목이 바뀔 때도 참조가 정확히 갱신돼야 합니다. 잘못 구현하면 스크린 리더가 엉뚱한 항목을 읽거나 아무것도 읽지 못할 수 있어 실제 기기 테스트가 필수입니다.	아리아 액티브디센던트									frontend	accessibility	a11y	aria
Q641	접근성 이름 계산(Accessible Name Computation)		Frontend - Web Accessibility	16	INITIALS	MEDIUM	버튼의 텍스트, 라벨, aria-label, aria-labelledby 등을 종합해 스크린 리더가 읽을 최종 이름을 결정하는 규칙을 무엇이라고 하는가?	접근성 이름 계산(Accessible Name Computation)은 보조기기가 요소의 최종 이름을 어떤 우선순위로 결정하는지에 대한 규칙입니다. 면접에서는 aria-label과 aria-labelledby 중 무엇이 우선되는지처럼 우선순위를 묻기도 합니다. 실무에서는 화면에 보이는 텍스트가 있는데도 aria-label을 달아 이름이 달라지면 음성 제어 사용자에게 불리해질 수 있습니다. 그래서 가능한 보이는 텍스트를 이름으로 쓰고, 필요한 경우에만 ARIA로 보완하는 전략이 안전합니다. 이 규칙을 이해하면 “왜 스크린 리더가 엉뚱하게 읽는지”를 디버깅할 때 큰 도움이 됩니다.	접근성 이름 계산									frontend	accessibility	a11y	aria
Q642	접근성 설명(Accessible Description)		Frontend - Web Accessibility	16	INITIALS	MEDIUM	요소의 이름은 유지하되, 도움말이나 오류 같은 추가 설명을 함께 읽히게 만드는 접근성 정보 범주를 무엇이라고 하는가?	접근성 설명(Accessible Description)은 접근성 이름과 별개로, 요소에 대한 부가 정보를 제공하는 설명 텍스트를 의미합니다. 면접에서는 aria-describedby가 이름이 아니라 설명에 해당한다는 점을 구분해 설명할 수 있어야 합니다. 실무에서는 비밀번호 규칙, 입력 형식, 오류 원인 같은 정보를 설명으로 연결하면 사용자가 실수를 줄일 수 있습니다. 다만 설명이 너무 길거나 자주 바뀌면 낭독 부담이 커지므로 핵심만 제공하는 것이 좋습니다. 이름과 설명을 분리해 설계하면 UI가 더 명확하고 접근성도 안정적으로 유지됩니다.	접근성 설명									frontend	accessibility	a11y	forms
Q643	포커스 비저블(Focus Visible)		Frontend - Web Accessibility	16	INITIALS	MEDIUM	키보드 탐색일 때만 포커스 링을 강조하고, 마우스 클릭일 때는 과도한 포커스 표시를 줄이는 접근성 중심 스타일링 개념을 무엇이라고 하는가?	포커스 비저블(Focus Visible)은 키보드 사용자를 위해 포커스 표시를 확실히 제공하되, 포인터 입력에서는 불필요한 포커스 표시를 줄이는 접근성 친화적 접근입니다. 면접에서는 단순히 outline을 제거하는 것이 왜 위험한지와 함께 질문이 이어질 수 있습니다. 실무에서는 focus-visible 의사 클래스나 입력 방식 추적을 통해 키보드일 때 포커스가 잘 보이게 유지합니다. 중요한 점은 어떤 입력 방식이든 키보드 사용자가 현재 위치를 잃지 않게 하는 것입니다. 디자인과 접근성의 균형을 잡는 대표 사례라서 팀 디자인 시스템에 포함시키는 경우가 많습니다.	포커스 비저블									frontend	accessibility	a11y	css
Q644	포커스 복귀(Focus Return)		Frontend - Web Accessibility	16	INITIALS	MEDIUM	모달을 닫은 뒤 사용자가 모달을 열기 직전에 있던 트리거 버튼으로 포커스를 되돌려 맥락을 유지하는 처리를 무엇이라고 하는가?	포커스 복귀(Focus Return)는 레이어 UI가 닫힐 때 사용자가 원래 작업하던 위치로 돌아오게 해주는 포커스 관리의 핵심입니다. 면접에서는 모달 접근성에서 포커스 트랩과 함께 거의 세트로 출제됩니다. 실무에서는 닫기 후 포커스가 body로 튀거나 예기치 않은 곳으로 이동하면 키보드 사용자는 길을 잃습니다. 트리거 요소를 저장해 두었다가 닫힘 시 focus를 호출하는 방식이 일반적이며, 트리거가 사라지는 경우를 대비한 예외 처리도 필요합니다. 이 처리가 잘 되면 사용자 흐름이 끊기지 않아 접근성과 UX가 동시에 좋아집니다.	포커스 복귀									frontend	accessibility	a11y	modal
Q645	인어트(Inert)		Frontend - Web Accessibility	16	INITIALS	MEDIUM	모달이 열렸을 때 배경 영역을 포커스와 상호작용에서 완전히 제외해 키보드가 배경으로 새지 않게 만드는 기능을 무엇이라고 하는가?	인어트(Inert)는 특정 영역을 비활성화해 포커스 이동과 상호작용을 막는 개념입니다. 면접에서는 모달에서 배경을 어떻게 차단할지 질문이 나올 수 있습니다. 실무에서는 aria-hidden으로 배경을 숨기기도 하지만, 포커스 가능한 요소가 남아 있으면 문제가 생길 수 있어 더 강한 차단이 필요할 때가 있습니다. 이때 inert를 활용하면 배경을 한 번에 비활성화할 수 있어 구현이 단순해집니다. 다만 브라우저 지원과 폴리필 여부를 고려해야 하므로, 적용 전에 환경 점검과 회귀 테스트가 중요합니다.	인어트									frontend	accessibility	a11y	modal
Q646	아리아 버지(ARIA Busy)		Frontend - Web Accessibility	16	INITIALS	MEDIUM	영역이 갱신 중이라 읽기나 상호작용이 잠시 적절하지 않음을 보조기기에 알리기 위한 ARIA 속성은 무엇인가?	아리아 버지(ARIA Busy)는 aria-busy로 “현재 업데이트 중”임을 나타내 보조기기가 상태를 해석하는 데 도움을 줍니다. 면접에서는 로딩 상태를 접근성으로 전달하는 방법 중 하나로 언급될 수 있습니다. 실무에서는 데이터가 대량으로 갱신되는 영역에서 낭독이 중간에 끊기거나 엉키는 것을 줄이는 데 도움이 됩니다. 다만 aria-busy만으로 사용자에게 충분한 안내가 되지 않을 수 있어, 상태 메시지나 로딩 텍스트를 함께 제공하는 것이 좋습니다. 로딩이 끝나면 즉시 false로 되돌려 최신 상태를 유지해야 하며, 상태 불일치는 혼란을 만듭니다.	아리아 버지									frontend	accessibility	a11y	aria
Q647	라이브 영역 우선순위(Live Region Priority)		Frontend - Web Accessibility	16	INITIALS	MEDIUM	상태 변화 메시지를 읽힐 때, 덜 급한 안내는 천천히, 긴급 오류는 즉시 읽히게 우선순위를 조절하는 개념을 무엇이라고 하는가?	라이브 영역 우선순위(Live Region Priority)는 변화 알림을 어떤 강도로 읽히게 할지 결정하는 접근성 설계 포인트입니다. 면접에서는 polite와 assertive를 언제 써야 하는지로 질문이 자주 이어집니다. 실무에서는 성공 토스트나 일반 안내는 방해가 적게, 치명 오류는 즉시 인지되게 설계하는 것이 중요합니다. 모든 메시지를 강하게 읽히게 하면 낭독 소음이 커져 오히려 사용성이 나빠집니다. 그래서 메시지 등급을 나누고 빈도와 길이를 관리하는 것이 접근성 운영의 핵심입니다.	라이브 영역 우선순위									frontend	accessibility	a11y	aria
Q648	작성 지침 패턴(ARIA Authoring Practices)		Frontend - Web Accessibility	16	INITIALS	MEDIUM	탭 메뉴 리스트박스 같은 위젯을 만들 때 역할 상태 키보드 동작을 표준처럼 정의해둔 구현 패턴 모음을 무엇이라고 하는가?	작성 지침 패턴(ARIA Authoring Practices)은 ARIA 위젯을 만들 때 권장되는 역할, 상태, 키보드 인터랙션을 정리한 표준적 가이드입니다. 면접에서는 커스텀 컴포넌트 접근성에서 왜 표준 패턴을 따라야 하는지 자주 묻습니다. 실무에서는 탭은 방향키, 메뉴는 특정 키 조합처럼 기대 동작이 정해져 있어, 임의로 구현하면 사용자 경험이 무너집니다. 이 지침을 따르면 스크린 리더와 키보드 사용자 모두에게 예측 가능한 동작을 제공할 수 있습니다. 특히 팀 내 디자인 시스템에서 컴포넌트를 공유할 때 품질 기준으로 삼기 좋습니다.	작성 지침 패턴									frontend	accessibility	a11y	ui
Q649	리플로우(Reflow)		Frontend - Web Accessibility	16	INITIALS	MEDIUM	화면 확대나 작은 화면에서도 가로 스크롤 없이 콘텐츠가 재배치되어 읽을 수 있게 만드는 레이아웃 특성을 무엇이라고 하는가?	리플로우(Reflow)는 화면 크기나 확대 수준이 바뀌어도 콘텐츠가 보기 좋게 재배치되는 특성을 의미합니다. 면접에서는 200퍼센트 확대에서도 사용 가능한지 같은 질문이 나올 수 있습니다. 실무에서는 고정 폭 레이아웃이나 절대 위치 남발이 리플로우를 깨뜨려 가로 스크롤을 유발합니다. 텍스트가 겹치거나 버튼이 화면 밖으로 밀리면 접근성이 급격히 떨어지므로, 유연한 그리드와 상대 단위를 활용하는 것이 좋습니다. 리플로우는 반응형과 겹치지만, 접근성 관점에서는 확대 사용자까지 포함해 검증하는 것이 포인트입니다.	리플로우									frontend	accessibility	a11y	responsive
Q650	비텍스트 대비(Non Text Contrast)		Frontend - Web Accessibility	16	INITIALS	MEDIUM	버튼 테두리 입력창 경계 아이콘처럼 텍스트가 아닌 UI 구성요소도 충분한 대비를 가져야 한다는 기준을 무엇이라고 하는가?	비텍스트 대비(Non Text Contrast)는 글자뿐 아니라 UI 컴포넌트의 경계와 아이콘도 구분 가능해야 한다는 접근성 기준입니다. 면접에서는 입력 테두리가 배경과 구분되지 않을 때 어떤 문제가 생기는지 질문이 나올 수 있습니다. 실무에서는 특히 얇은 보더, 연한 회색 아이콘, 비활성 상태에서 대비가 쉽게 깨집니다. 이때 색상 토큰을 조정하거나 두께, 그림자, 배경을 함께 써서 구분성을 확보하는 방법이 있습니다. 텍스트만 대비를 맞추고 UI 경계를 놓치면 실제 사용성은 여전히 나쁘기 때문에 함께 점검해야 합니다.	비텍스트 대비									frontend	accessibility	a11y	design
Q651	터치 타겟 크기(Target Size)		Frontend - Web Accessibility	16	INITIALS	MEDIUM	모바일에서 손가락으로 누르기 쉬우려면 버튼과 아이콘의 터치 가능한 영역을 충분히 확보해야 한다는 요구를 무엇이라고 하는가?	터치 타겟 크기(Target Size)는 작은 조작 요소가 오작동을 유발하지 않도록 충분한 클릭 영역을 확보하는 접근성 요구입니다. 면접에서는 아이콘 버튼이 작을 때 발생하는 문제를 접근성 관점으로 설명할 수 있어야 합니다. 실무에서는 실제 아이콘 크기는 작아도 padding으로 터치 영역을 키우고, 인접 요소 간 간격을 확보합니다. 또한 시각적 경계가 불분명하면 잘못 눌렀는지 확인하기 어려워 피드백도 함께 설계해야 합니다. 터치 타겟은 장애 유무와 관계없이 대부분 사용자에게 편의를 주는 개선입니다.	터치 타겟 크기									frontend	accessibility	a11y	mobile
Q652	동작 감소 설정(Prefers Reduced Motion)		Frontend - Web Accessibility	16	INITIALS	MEDIUM	사용자가 움직임에 민감할 때 애니메이션을 줄이도록 운영체제에서 설정한 선호도를 감지해 적용하는 접근성 기능을 무엇이라고 하는가?	동작 감소 설정(Prefers Reduced Motion)은 사용자의 선호 설정을 반영해 과도한 애니메이션을 줄이는 접근성 대응입니다. 면접에서는 모션이 멀미나 집중 방해를 유발할 수 있다는 점이 질문으로 나올 수 있습니다. 실무에서는 강한 패럴랙스, 자동 슬라이드, 큰 전환 애니메이션을 줄이거나 끄는 옵션을 제공합니다. CSS 미디어 쿼리로 동작을 조건부로 바꾸는 방식이 흔하며, 완전히 제거가 어려우면 속도와 반복 횟수를 줄이는 것도 도움이 됩니다. 이 대응은 접근성뿐 아니라 제품의 배려 품질을 보여주는 포인트가 됩니다.	동작 감소 설정									frontend	accessibility	a11y	css
Q653	헤딩 건너뛰기(Heading Skipping)		Frontend - Web Accessibility	16	INITIALS	MEDIUM	문서 구조에서 제목 레벨을 h2에서 바로 h4로 넘어가는 등 계층을 건너뛰어 탐색이 어려워지는 문제를 무엇이라고 하는가?	헤딩 건너뛰기(Heading Skipping)는 제목 레벨의 계층이 깨져 스크린 리더 탐색이 어려워지는 대표 문제입니다. 면접에서는 헤딩이 디자인이 아니라 문서 구조라는 점을 강조할 수 있어야 합니다. 실무에서는 폰트 크기를 맞추려고 레벨을 건너뛰는 실수가 흔하지만, 스타일은 CSS로 해결하고 레벨은 구조대로 유지해야 합니다. 헤딩이 올바르면 사용자는 헤딩 목록으로 빠르게 페이지를 훑을 수 있습니다. 구조가 무너지면 페이지 이해 시간이 늘어나고, 대규모 문서나 서비스에서 특히 불리해집니다.	헤딩 건너뛰기									frontend	accessibility	a11y	semantics
Q654	랜드마크 라벨링(Landmark Labeling)		Frontend - Web Accessibility	16	INITIALS	MEDIUM	nav가 여러 개 있을 때 각각의 목적을 구분하도록 이름을 부여해 보조기기 탐색을 돕는 작업을 무엇이라고 하는가?	랜드마크 라벨링(Landmark Labeling)은 동일한 랜드마크가 여러 개일 때 각 영역을 구분 가능한 이름으로 제공하는 것을 말합니다. 면접에서는 전역 내비게이션과 보조 내비게이션이 있을 때 사용자 경험을 어떻게 개선할지 질문이 나올 수 있습니다. 실무에서는 aria-label이나 제목 요소와의 연결로 랜드마크 이름을 제공해, 보조기기에서 목록으로 봤을 때 혼동이 없게 합니다. 이름이 없으면 nav가 여러 개 나열되어 사용자가 어디로 가야 할지 알기 어렵습니다. 구조가 큰 사이트일수록 라벨링의 효과가 커지고, 정보 구조 설계의 성숙도를 보여줍니다.	랜드마크 라벨링									frontend	accessibility	a11y	navigation
Q655	오류 식별(Error Identification)		Frontend - Web Accessibility	16	INITIALS	MEDIUM	제출 실패 시 어떤 필드가 왜 잘못되었는지 명확히 알려 사용자가 수정할 수 있게 해야 한다는 접근성 요구를 무엇이라고 하는가?	오류 식별(Error Identification)은 오류가 발생했음을 알리는 것에서 끝나지 않고, 원인과 위치를 명확히 제공해야 한다는 요구입니다. 면접에서는 오류를 색상만으로 표시하면 안 된다는 내용과 함께 묶여 나올 수 있습니다. 실무에서는 오류 문구를 텍스트로 제공하고, 해당 입력과 연결해 포커스 시 함께 읽히게 해야 합니다. 또한 상단 오류 요약을 제공하면 키보드 사용자가 여러 오류를 빠르게 파악할 수 있습니다. 오류 메시지는 사용자의 다음 행동을 안내해야 하며, 모호한 문구는 접근성과 UX 모두를 해칩니다.	오류 식별									frontend	accessibility	a11y	forms
Q656	자동완성 토큰(Autocomplete Tokens)		Frontend - Web Accessibility	16	INITIALS	MEDIUM	이름 이메일 주소 같은 필드를 브라우저가 정확히 인식해 자동완성을 제공하도록 정해진 값으로 지정하는 속성 체계를 무엇이라고 하는가?	자동완성 토큰(Autocomplete Tokens)은 autocomplete 속성에 표준 값들을 넣어 브라우저가 필드 의미를 이해하도록 돕는 체계입니다. 면접에서는 단순히 자동완성을 켜는 것보다 “정확한 의미를 지정하는 것”이 중요하다는 점이 포인트가 될 수 있습니다. 실무에서는 적절한 토큰을 사용하면 모바일에서 입력 비용이 크게 줄고 오타도 줄어듭니다. 반대로 임의의 값이나 잘못된 토큰을 쓰면 자동완성이 오작동해 사용자 불만이 생길 수 있습니다. 보안이 필요한 항목은 정책에 따라 다르지만, 일반 정보 입력에서는 정확한 토큰 지정이 접근성과 UX를 함께 개선합니다.	자동완성 토큰									frontend	accessibility	a11y	forms
Q657	키보드 인터랙션 패턴(Keyboard Interaction Pattern)		Frontend - Web Accessibility	16	INITIALS	MEDIUM	드롭다운 탭 메뉴 다이얼로그 등에서 Enter Space ESC 방향키가 어떻게 동작해야 하는지 표준처럼 정해진 조작 규칙을 무엇이라고 하는가?	키보드 인터랙션 패턴(Keyboard Interaction Pattern)은 컴포넌트 유형별로 기대되는 키보드 동작 규칙을 의미합니다. 면접에서는 커스텀 컴포넌트를 만들 때 이 패턴을 지키지 않으면 어떤 문제가 생기는지 자주 묻습니다. 실무에서는 사용자가 이미 익숙한 조작이 보장되어야 학습 비용이 줄고 실수가 줄어듭니다. 특히 스크린 리더 사용자는 키보드가 주된 입력이므로 패턴 불일치는 치명적일 수 있습니다. 표준 패턴을 따르고 실제 키보드 전용 테스트를 하면 접근성 결함을 빠르게 줄일 수 있습니다.	키보드 인터랙션 패턴									frontend	accessibility	a11y	keyboard
Q658	탭 트랩(Focus Trap)		Frontend - Web Accessibility	16	INITIALS	MEDIUM	모달이 열린 동안 Tab 이동이 모달 내부에서만 순환하도록 제한해 배경으로 포커스가 새지 않게 하는 처리를 무엇이라고 하는가?	탭 트랩(Focus Trap)은 모달이나 팝오버가 활성화된 동안 포커스를 해당 레이어 내부에 가두어, 키보드 사용자가 배경으로 빠지지 않게 만드는 패턴입니다. 면접에서는 모달 접근성에서 가장 흔한 체크포인트로 자주 출제됩니다. 실무에서는 첫 포커스 위치, 마지막 요소에서 Tab 시 첫 요소로 돌아가는 순환, Shift+Tab 처리까지 포함해야 합니다. 트랩이 없으면 사용자는 보이지 않는 배경 요소로 포커스가 이동해 길을 잃습니다. 다만 트랩을 걸었으면 ESC로 닫거나 명확한 닫기 버튼을 제공해 빠져나올 수 있어야 하며, 닫힌 뒤에는 포커스를 트리거로 복귀시키는 흐름까지 세트로 설계하는 게 중요합니다.	탭 트랩									frontend	accessibility	a11y	modal
Q659	ARIA 모달(ARIA Modal)		Frontend - Web Accessibility	16	INITIALS	MEDIUM	다이얼로그가 열렸을 때 그 외 콘텐츠는 비활성이라고 보조기기에 알려 모달성을 표현하는 ARIA 속성 또는 개념을 무엇이라고 하는가?	ARIA 모달(ARIA Modal)은 다이얼로그가 화면의 주 상호작용 대상임을 보조기기에 알리는 개념입니다. 면접에서는 role="dialog"와 함께 모달성을 어떻게 전달하는지로 질문이 확장될 수 있습니다. 실무에서는 aria-modal을 쓰더라도 포커스 트랩과 배경 비활성화를 제대로 구현하지 않으면 효과가 떨어집니다. 또한 배경 콘텐츠가 읽히거나 포커스가 이동하면 모달 사용이 혼란스러워집니다. 따라서 aria-modal은 “설명”일 뿐이고, 실제 상호작용 차단은 포커스 관리와 inert/aria-hidden 전략으로 보완해야 합니다. 구현 후 스크린 리더로 모달 제목, 설명, 버튼 흐름이 자연스럽게 읽히는지 검증하는 것이 핵심입니다.	아리아 모달									frontend	accessibility	a11y	aria
Q660	스크롤 잠금(Scroll Lock)		Frontend - Web Accessibility	16	INITIALS	MEDIUM	모달이 열렸을 때 배경 페이지 스크롤이 움직이지 않도록 막는 UI 처리를 무엇이라고 하는가?	스크롤 잠금(Scroll Lock)은 모달/드로어가 열렸을 때 배경이 움직여 사용자가 방향 감각을 잃는 문제를 줄입니다. 면접에서는 접근성보다는 UX이지만, 모달과 함께 구현해야 하는 실무 포인트로 언급될 수 있습니다. 실무에서는 body에 overflow hidden을 주는 방식이 흔하지만, iOS에서 스크롤 튐이나 레이아웃 시프트가 생길 수 있어 주의해야 합니다. 또한 스크롤을 막더라도 포커스가 배경으로 이동하면 접근성은 여전히 깨집니다. 그래서 스크롤 잠금은 포커스 트랩, 배경 비활성화와 함께 묶어 설계해야 합니다. 결과적으로 사용자가 “지금 모달 안에서 작업 중”이라는 맥락을 유지하게 만드는 장치입니다.	스크롤 잠금									frontend	accessibility	a11y	modal
Q661	스크롤 마진(Scroll Margin)		Frontend - Web Accessibility	16	INITIALS	MEDIUM	앵커 이동이나 포커스 이동 시 고정 헤더에 가려지지 않도록 여백을 두는 CSS 속성을 무엇이라고 하는가?	스크롤 마진(Scroll Margin)은 scroll-margin-top 같은 속성으로, 특정 요소가 스크롤 위치에 맞춰질 때 추가 여백을 확보합니다. 면접에서는 고정 헤더가 제목을 가리는 문제를 어떻게 해결하는지로 자주 연결됩니다. 실무에서는 스킵 링크로 main이나 h1으로 이동했는데 헤더에 가려지면 사용자가 도착 여부를 확인하기 어렵습니다. 이때 scroll-margin을 적용하면 포커스 이동/앵커 이동 경험이 크게 좋아집니다. JS로 스크롤 오프셋을 계산하는 것보다 CSS로 해결하면 유지보수성이 좋아지는 장점도 있습니다. 접근성은 “이동 후 무엇이 보이는가”까지 포함합니다.	스크롤 마진									frontend	accessibility	a11y	css
Q662	스킵 링크 포커스(Skip Link Focus)		Frontend - Web Accessibility	16	INITIALS	MEDIUM	건너뛰기 링크로 본문으로 이동했을 때 실제로 키보드 포커스가 main 또는 제목으로 옮겨져야 하는 동작을 무엇이라고 하는가?	스킵 링크 포커스(Skip Link Focus)는 스킵 링크가 단순히 스크롤만 이동시키는 게 아니라, 키보드 포커스까지 목적지로 옮겨야 한다는 접근성 포인트입니다. 면접에서는 스킵 링크 구현 시 흔한 실패 사례로 나올 수 있습니다. 실무에서는 목적지 요소에 tabindex=-1을 임시로 주고 focus를 이동시키는 방식이 쓰이기도 합니다. 포커스가 이동하지 않으면 사용자는 여전히 헤더 영역에서 Tab을 계속 돌게 되어 스킵 링크의 의미가 퇴색됩니다. 또한 이동 후 첫 안내가 무엇인지(헤딩/본문 시작)가 중요해, 목적지 선택을 신중히 해야 합니다. 스킵 링크는 키보드 사용자에게 시간을 절약해 주는 강력한 기능입니다.	스킵 링크 포커스									frontend	accessibility	a11y	keyboard
Q663	프로그램적 라벨(Programmatic Label)		Frontend - Web Accessibility	16	INITIALS	MEDIUM	화면상 라벨과 입력이 코드 수준에서 연결되어 스크린 리더가 “이 입력의 이름”을 알 수 있게 하는 라벨링을 무엇이라고 하는가?	프로그램적 라벨(Programmatic Label)은 label for와 input id 연결, 또는 aria-labelledby 같은 방식으로 접근성 이름을 제공하는 것을 말합니다. 면접에서는 placeholder로 라벨을 대체하면 안 되는 이유와 함께 자주 출제됩니다. 실무에서는 시각적으로 라벨이 있어도 코드 연결이 없으면 보조기기는 필드 의미를 알기 어렵습니다. 특히 여러 입력이 반복되는 폼에서 연결이 없으면 “편집”만 반복해서 읽히는 문제가 생깁니다. 라벨링은 폼 접근성의 출발점이며, 설계 단계에서부터 컴포넌트가 라벨 연결을 지원하도록 만들어야 합니다. 라벨은 보이는 것만이 아니라 “연결되는 것”이 핵심입니다.	프로그램적 라벨									frontend	accessibility	a11y	forms
Q664	레이블 인 네임(Label in Name)		Frontend - Web Accessibility	16	INITIALS	MEDIUM	화면에 보이는 버튼 텍스트와 스크린 리더가 읽는 접근성 이름이 가능한 일치해야 한다는 원칙을 무엇이라고 하는가?	레이블 인 네임(Label in Name)은 보이는 라벨 문자열이 접근성 이름에 포함되어야 음성 제어와 보조기기 사용이 안정적이라는 원칙입니다. 면접에서는 aria-label을 남발하면 왜 문제가 되는지로 이어질 수 있습니다. 실무에서는 버튼에 “저장”이라고 써놓고 aria-label을 “완료”로 해두면, 음성으로 “저장 클릭”을 말해도 동작이 안 되는 상황이 생길 수 있습니다. 그래서 가능하면 보이는 텍스트를 그대로 이름으로 쓰고, 추가 정보만 보완하는 전략이 좋습니다. 또한 번역(i18n) 환경에서는 이름과 텍스트가 엇갈리기 쉬워 자동화 테스트로 검증하는 팀도 있습니다. 이 원칙은 접근성과 실제 사용성의 연결고리입니다.	레이블 인 네임									frontend	accessibility	a11y	aria
Q665	읽기 전용 포커스(Readonly Focus)		Frontend - Web Accessibility	16	INITIALS	MEDIUM	disabled 대신 readonly를 쓰면 포커스와 선택이 가능해 보조기기 사용자가 내용을 확인할 수 있다는 접근성 관점을 무엇이라고 하는가?	읽기 전용 포커스(Readonly Focus)는 내용을 보여주되 수정만 막고 싶은 상황에서 readonly가 접근성에 유리할 수 있다는 실무 포인트입니다. 면접에서는 disabled와 readonly 차이를 접근성 관점으로 설명할 수 있으면 좋습니다. 실무에서 disabled는 포커스가 들어가지 않아 스크린 리더가 값을 확인하기 어렵거나, 복사/선택이 불가능해 불편함이 생길 수 있습니다. readonly는 포커스가 가능해 값을 읽고 선택할 수 있어 “정보 제공” 목적에 더 적합합니다. 물론 readonly도 라벨과 설명이 정확해야 의미를 이해할 수 있습니다. 상태 선택은 기능 제한뿐 아니라 정보 접근성까지 고려해야 합니다.	읽기 전용 포커스									frontend	accessibility	a11y	forms
Q666	키보드 이벤트 충돌(Keyboard Event Conflict)		Frontend - Web Accessibility	16	INITIALS	MEDIUM	커스텀 단축키나 키 이벤트 처리가 스크린 리더 단축키와 겹쳐 조작이 깨지는 문제를 무엇이라고 하는가?	키보드 이벤트 충돌(Keyboard Event Conflict)은 접근성에서 흔한 함정으로, 개발자가 키 이벤트를 과도하게 가로채면 보조기기 단축키가 동작하지 않을 수 있습니다. 면접에서는 role application을 남발하면 이런 충돌이 커질 수 있다는 점이 이어질 수 있습니다. 실무에서는 입력 중에는 단축키를 비활성화하거나, 충돌 가능성이 높은 키 조합을 피하고, 단축키를 끌 수 있는 옵션을 제공하는 방식이 안전합니다. 또한 keydown을 전역에서 막는 로직은 예상치 못한 부작용을 만들 수 있어 범위를 좁히는 것이 좋습니다. 실제 스크린 리더 환경에서 테스트하지 않으면 발견이 어려워, 최소한 한 종류의 스크린 리더로 확인하는 습관이 중요합니다. 키보드는 보조기기 사용자에게 생명줄입니다.	키보드 이벤트 충돌									frontend	accessibility	a11y	keyboard
Q667	메뉴 역할 오용(Role Misuse Menu)		Frontend - Web Accessibility	16	INITIALS	MEDIUM	단순 내비게이션 목록에 role menu를 붙여 오히려 방향키 패턴을 강제해 사용성이 망가지는 문제를 무엇이라고 하는가?	메뉴 역할 오용(Role Misuse Menu)은 role="menu"를 단순 링크 목록에 붙이는 흔한 실수입니다. 면접에서는 “ARIA는 필요할 때만”이라는 원칙을 확인하기 위해 이런 사례를 묻기도 합니다. 실무에서 role menu는 앱 메뉴처럼 방향키 이동과 특정 키 패턴이 기대되므로, 구현이 그 수준을 따라주지 않으면 오히려 접근성이 나빠집니다. 단순 사이트 내비게이션은 nav + ul + li + a가 가장 안정적이며, 브라우저와 보조기기가 잘 이해합니다. ARIA는 시맨틱이 부족할 때 보완하는 도구이지, 네이티브 시맨틱을 덮어쓰는 용도가 아닙니다. 역할 오용은 디버깅도 어려워 팀 규칙으로 금지하는 경우가 많습니다.	메뉴 역할 오용									frontend	accessibility	a11y	aria
Q668	접근성 자동화 테스트(A11y Automated Testing)		Frontend - Web Accessibility	16	INITIALS	MEDIUM	린터나 검사 도구로 alt 누락, 라벨 누락 같은 기본 접근성 결함을 CI에서 자동으로 잡는 테스트 방식을 무엇이라고 하는가?	접근성 자동화 테스트(A11y Automated Testing)는 정적 분석이나 런타임 검사로 기본 규칙 위반을 지속적으로 탐지하는 방식입니다. 면접에서는 자동화가 잡는 것과 못 잡는 것을 구분할 수 있는지가 포인트입니다. 실무에서는 alt/label 누락, 대비 일부, ARIA 속성 오류 같은 문제를 빠르게 발견할 수 있어 비용 대비 효과가 큽니다. 하지만 키보드 흐름, 읽기 순서, 실제 스크린 리더 경험 같은 것은 자동화만으로는 한계가 있어 수동 테스트가 병행돼야 합니다. 자동화는 “최소 품질선”을 유지하는 장치로 두고, 주요 플로우는 수동/보조기기 테스트로 보완하는 전략이 현실적입니다. CI에 넣으면 회귀를 크게 줄일 수 있습니다.	접근성 자동화 테스트									frontend	accessibility	a11y	testing
Q669	접근성 회귀(Accessibility Regression)		Frontend - Web Accessibility	16	INITIALS	MEDIUM	기능 수정 후 예전에 되던 키보드 조작이나 라벨링이 다시 깨지는 현상을 무엇이라고 하는가?	접근성 회귀(Accessibility Regression)는 UI 리팩터링이나 디자인 변경 후 접근성 품질이 다시 나빠지는 문제를 말합니다. 면접에서는 접근성을 “한 번 하고 끝”이 아니라 지속 관리해야 한다는 관점이 중요합니다. 실무에서는 컴포넌트 교체로 label 연결이 끊기거나, CSS 변경으로 포커스 링이 사라지는 식의 회귀가 흔합니다. 그래서 자동화 테스트, 체크리스트, 주요 사용자 플로우 키보드 테스트를 릴리즈 전에 수행하는 팀이 많습니다. 회귀는 사용자에게 바로 체감되지만 개발자는 놓치기 쉬워, 프로세스에 포함시키는 것이 핵심입니다. 접근성은 기능처럼 지속적으로 유지되어야 합니다.	접근성 회귀									frontend	accessibility	a11y	qa
Q670	스켈레톤 낭독(Skeleton Announce)		Frontend - Web Accessibility	16	INITIALS	MEDIUM	스켈레톤 UI만 보여주면 스크린 리더가 상태를 알기 어려워 “로딩 중”을 텍스트로도 전달해야 하는 접근성 이슈를 무엇이라고 하는가?	스켈레톤 낭독(Skeleton Announce)은 시각적 로딩 표시가 보조기기에는 의미가 없을 수 있다는 문제를 다룹니다. 면접에서는 로딩 상태를 어떻게 전달할지로 질문이 이어질 수 있습니다. 실무에서는 스켈레톤을 보여주더라도 status 메시지로 “로딩 중”을 제공하거나, aria-busy로 갱신 중임을 표현해 사용자가 기다리는 상황을 이해하게 합니다. 또한 로딩 완료 후 콘텐츠가 바뀌면 변화가 인지되도록 포커스 이동이나 라이브 영역을 고려하기도 합니다. 단순히 예쁘게 보이는 로딩이 아니라, 상태 커뮤니케이션이 접근성의 핵심입니다. 스켈레톤은 보조 수단이고, 텍스트/상태 전달이 본체입니다.	스켈레톤 낭독									frontend	accessibility	a11y	ui
Q671	이름 역할 값(Name Role Value)		Frontend - Web Accessibility	16	INITIALS	MEDIUM	보조기기가 UI를 이해하기 위해 필요한 3가지 핵심 정보(이름 역할 상태/값)를 묶어 부르는 표현을 무엇이라고 하는가?	이름 역할 값(Name Role Value)은 접근성 API에서 요소를 이해하는 핵심 3요소로, 접근성 설계의 기본 프레임입니다. 면접에서는 “스크린 리더가 무엇을 읽나”를 설명할 때 이 개념을 알고 있으면 강점이 됩니다. 실무에서는 버튼은 역할이 button이어야 하고, 이름이 “저장”이어야 하며, 토글이면 pressed 상태 값이 일치해야 합니다. 커스텀 컴포넌트에서 이 3요소가 하나라도 빠지면 조작이 불가능해질 수 있습니다. 또한 상태 값이 UI와 동기화되지 않으면 사용자가 잘못된 정보를 듣게 되어 실수가 늘어납니다. 결국 접근성은 시각 UI를 의미 정보로 정확히 변환하는 작업입니다.	이름 역할 값									frontend	accessibility	a11y	aria
Q672	아리아 프레시드(ARIA Pressed)		Frontend - Web Accessibility	16	INITIALS	MEDIUM	토글 버튼이 눌림 상태인지 아닌지를 보조기기에 전달하기 위해 사용하는 ARIA 속성은 무엇인가?	아리아 프레시드(ARIA Pressed)는 aria-pressed로 토글 버튼의 상태를 표현합니다. 면접에서는 토글 스위치를 버튼으로 구현할 때 어떤 상태 속성을 쓰는지 질문이 나올 수 있습니다. 실무에서는 눌림 상태가 시각적으로만 바뀌고 aria-pressed가 갱신되지 않으면 스크린 리더 사용자는 현재 상태를 알 수 없습니다. 또한 버튼 텍스트와 상태 표현이 함께 일관돼야 사용자가 혼란스럽지 않습니다. 토글이 실제로 이진 상태인지, 체크박스가 더 적합한지 판단하는 것도 중요합니다. 상태 속성은 항상 UI 상태와 동기화되어야 합니다.	아리아 프레시드									frontend	accessibility	a11y	aria
Q673	아리아 셀렉티드(ARIA Selected)		Frontend - Web Accessibility	16	INITIALS	MEDIUM	탭이나 옵션 목록에서 현재 선택된 항목임을 나타내는 ARIA 상태 속성은 무엇인가?	아리아 셀렉티드(ARIA Selected)는 aria-selected로 선택 상태를 전달합니다. 면접에서는 탭 패턴에서 어떤 요소에 true를 주는지로 자주 묻습니다. 실무에서는 선택 상태가 변경될 때 aria-selected를 정확히 갱신하고, 선택된 탭만 포커스 가능한 상태(tabIndex 0)로 두는 로빙 패턴과 함께 쓰는 경우가 많습니다. 상태가 시각 강조와 일치하지 않으면 사용자에게 잘못된 정보를 제공하게 됩니다. 또한 선택 변경이 콘텐츠 영역(tabpanel) 업데이트와 연결되므로, 변경 후 사용자에게 변화가 인지되게 설계해야 합니다. 선택 상태는 “지금 무엇이 선택됐나”를 정확히 말해주는 장치입니다.	아리아 셀렉티드									frontend	accessibility	a11y	aria
Q674	아리아 오운즈(ARIA Owns)		Frontend - Web Accessibility	16	INITIALS	MEDIUM	DOM 구조상 자식이 아니어도 특정 요소가 다른 요소를 소유한 것처럼 접근성 트리 관계를 재정의하는 ARIA 속성을 무엇이라고 하는가?	아리아 오운즈(ARIA Owns)는 aria-owns로 접근성 트리에서의 부모-자식 관계를 재정의합니다. 면접에서는 “가능하면 쓰지 말고, 필요한 경우에만”이라는 경고성 포인트로 나올 수 있습니다. 실무에서는 포털로 렌더링된 팝오버/리스트가 DOM상 떨어져 있어도 관계를 표현하고 싶을 때 고민하게 됩니다. 하지만 aria-owns는 보조기기 해석이 복잡해질 수 있고, 잘못 쓰면 읽기 순서가 이상해지거나 탐색이 꼬일 수 있습니다. 먼저 DOM 구조나 aria-controls, labelledby 같은 안전한 방법으로 해결하고, 마지막 수단으로 고려하는 편이 좋습니다. 강력하지만 위험한 도구라서 철저한 테스트가 필요합니다.	아리아 오운즈									frontend	accessibility	a11y	aria
Q675	아리아 플로우투(ARIA Flowto)		Frontend - Web Accessibility	16	INITIALS	MEDIUM	읽기 순서와 다른 대체 읽기 흐름을 보조기기에 제안하는 ARIA 속성을 무엇이라고 하는가?	아리아 플로우투(ARIA Flowto)는 aria-flowto로 대체 읽기 흐름을 제안하는 속성입니다. 면접에서는 잘 나오지 않지만, ARIA로 읽기 흐름을 억지로 바꾸려는 시도가 왜 위험한지 설명할 때 등장할 수 있습니다. 실무에서는 보조기기 지원이 일관되지 않은 편이라, 이 속성에 의존해 읽기 순서를 만들면 예측 가능성이 떨어질 수 있습니다. 대신 DOM 순서를 논리적으로 구성하고, 헤딩/랜드마크/리스트 같은 시맨틱을 활용해 탐색성을 확보하는 것이 더 안전합니다. aria-flowto는 특수한 상황에서만 고려하고, 적용 시 실제 스크린 리더 테스트가 필수입니다. 접근성은 “특이한 속성”보다 “올바른 구조”가 정답인 경우가 많습니다.	아리아 플로우투									frontend	accessibility	a11y	aria
Q676	헤딩 탐색(Heading Navigation)		Frontend - Web Accessibility	16	INITIALS	MEDIUM	스크린 리더 사용자가 헤딩 목록이나 다음 헤딩 이동으로 페이지를 빠르게 훑는 탐색 방식을 무엇이라고 하는가?	헤딩 탐색(Heading Navigation)은 스크린 리더 사용자에게 가장 중요한 탐색 방식 중 하나입니다. 면접에서는 헤딩 구조를 왜 지켜야 하는지 설명할 때 이 사용 흐름을 예로 들면 좋습니다. 실무에서는 제목 레벨이 올바르면 사용자가 헤딩만으로 페이지 구조를 파악하고 원하는 섹션으로 바로 이동할 수 있습니다. 반대로 헤딩을 스타일 용도로 남발하거나 레벨을 건너뛰면 탐색성이 크게 떨어집니다. SPA에서는 화면 전환 후 새로운 페이지의 h1으로 포커스를 옮기는 전략도 헤딩 탐색과 잘 맞습니다. 헤딩은 디자인이 아니라 “문서 내비게이션”입니다.	헤딩 탐색									frontend	accessibility	a11y	
Q677	콤보박스(Combobox)		Frontend - Web Accessibility	16	INITIALS	MEDIUM	입력창에 타이핑하면 추천 목록이 펼쳐지고 선택할 수 있는 자동완성 UI 패턴을 무엇이라고 하는가?	콤보박스(Combobox)는 입력과 목록 선택이 결합된 패턴으로, 접근성 구현 난도가 높은 편입니다. 면접에서는 combobox에서 어떤 상태(열림/닫힘)와 어떤 관계(입력과 목록 연결)를 표현해야 하는지 질문이 나올 수 있습니다. 실무에서는 aria-expanded, aria-controls, aria-activedescendant 등을 상황에 맞게 사용해 현재 활성 항목을 읽히게 해야 합니다. 또한 방향키로 후보 이동, Enter로 선택, ESC로 닫기 같은 키보드 패턴이 표준처럼 기대됩니다. 포털 렌더링 등으로 DOM이 분리되면 관계 표현이 더 어려워져 테스트가 필수입니다. 콤보박스는 표준 패턴을 참고해 구현해야 품질이 안정됩니다.	콤보박스									frontend	accessibility	a11y	ui
Q678	리스트박스(Listbox)		Frontend - Web Accessibility	16	INITIALS	MEDIUM	여러 옵션을 목록 형태로 제공하고 방향키로 탐색하며 선택하는 선택 위젯을 무엇이라고 하는가?	리스트박스(Listbox)는 select의 커스텀 버전처럼 동작하는 위젯으로, 역할과 키보드 패턴이 명확합니다. 면접에서는 listbox와 menu를 혼동하지 말라는 질문이 나올 수 있습니다. 실무에서는 role=listbox와 role=option, aria-selected, roving tabindex 또는 activedescendant 등으로 구현을 구성합니다. 방향키 탐색, Home/End 이동, 타입어헤드(타자 기반 이동) 같은 기대 동작이 있어 이를 맞춰야 합니다. 단순히 div 목록을 만들어 클릭만 되게 하면 키보드 사용자에게는 사용 불가가 됩니다. 리스트박스는 “선택 위젯”이라는 의미를 유지하는 것이 핵심입니다.	리스트박스									frontend	accessibility	a11y	aria
Q679	타입어헤드(Typeahead)		Frontend - Web Accessibility	16	INITIALS	MEDIUM	목록에서 키보드로 글자를 입력하면 해당 글자로 시작하는 항목으로 빠르게 이동하는 탐색 기능을 무엇이라고 하는가?	타입어헤드(Typeahead)는 리스트박스, 메뉴, 셀렉트 등에서 키 입력으로 항목을 빠르게 찾게 해주는 기능입니다. 면접에서는 키보드 접근성에서 “편의 기능”이 아니라 “표준 기대 동작”인 위젯이 많다는 점이 포인트가 됩니다. 실무에서는 입력 버퍼 시간을 두고 연속 입력을 처리하거나, 일치 항목이 없을 때의 피드백을 고려합니다. 스크린 리더 사용자는 방향키 이동이 많기 때문에 타입어헤드가 있으면 탐색 효율이 크게 올라갑니다. 다만 전역 단축키와 충돌하지 않게 범위를 제한해야 합니다. 타입어헤드는 작은 구현이지만 체감이 큰 기능입니다.	타입어헤드									frontend	accessibility	a11y	keyboard
Q680	타입어헤드 버퍼(Typeahead Buffer)		Frontend - Web Accessibility	16	INITIALS	MEDIUM	연속으로 입력한 문자들을 일정 시간 누적해 하나의 검색어처럼 처리하는 타입어헤드 구현 방식의 개념을 무엇이라고 하는가?	타입어헤드 버퍼(Typeahead Buffer)는 사용자가 빠르게 입력한 문자들을 잠시 누적해 더 정확한 항목으로 점프하게 만드는 구현 개념입니다. 면접에서는 직접 명칭이 나오기보다는 “연속 입력 처리”를 어떻게 설계하는지로 질문이 나올 수 있습니다. 실무에서는 버퍼 타임아웃을 너무 짧게 하면 두 글자 검색이 어렵고, 너무 길면 오작동처럼 느껴질 수 있어 균형이 필요합니다. 또한 한글 입력(조합 중) 처리와 IME 환경에서는 이벤트가 다르게 들어올 수 있어 추가 고려가 필요합니다. 접근성은 결국 키보드 사용 경험이 핵심이므로 이런 세부 구현이 품질을 좌우합니다. 작은 디테일이지만 완성도를 크게 올립니다.	타입어헤드 버퍼									frontend	accessibility	a11y	ux
Q681	애플리케이션 역할(Role Application)		Frontend - Web Accessibility	16	INITIALS	MEDIUM	스크린 리더의 탐색 모드를 끄고 앱처럼 키보드 이벤트를 앱이 직접 처리하도록 강하게 전환시키는 ARIA 역할을 무엇이라고 하는가?	애플리케이션 역할(Role Application)은 role=application로, 스크린 리더의 기본 탐색 방식에 큰 영향을 줄 수 있습니다. 면접에서는 “왜 웬만하면 쓰지 말아야 하는가”가 핵심 질문이 됩니다. 실무에서 이 역할을 남발하면 스크린 리더 단축키와 충돌하거나, 사용자가 익숙한 탐색 방식이 무너져 오히려 접근성이 크게 나빠질 수 있습니다. 정말 앱 수준의 복잡한 위젯에서만 신중하게 고려하고, 그 경우에도 ARIA Authoring Practices에 맞는 키보드 동작을 완전히 구현해야 합니다. 대부분의 웹 UI는 시맨틱 HTML과 최소 ARIA로 충분하다는 점이 중요합니다. 강력한 만큼 위험한 선택지입니다.	애플리케이션 역할									frontend	accessibility	a11y	aria
Q682	ARIA 오버라이드(ARIA Override)		Frontend - Web Accessibility	16	INITIALS	MEDIUM	네이티브 시맨틱 요소의 기본 의미를 role로 덮어써서 오히려 접근성을 망가뜨리는 상황을 무엇이라고 하는가?	ARIA 오버라이드(ARIA Override)는 “네이티브 의미를 ARIA로 덮어쓰지 말라”는 원칙과 연결됩니다. 면접에서는 “button에 role=link를 주면?” 같은 식으로 출제될 수 있습니다. 실무에서는 네이티브 요소는 브라우저가 이미 이름/역할/키보드 동작을 잘 제공하므로, 불필요한 role 지정은 위험합니다. 역할을 바꿔버리면 기대 키보드 동작이 깨지고, 보조기기 해석도 달라져 버그가 생깁니다. ARIA는 부족한 부분을 보완하는 도구이지, 시맨틱을 재정의하는 도구가 아닙니다. 그래서 “No ARIA is better than bad ARIA”라는 말이 자주 인용됩니다.	ARIA 오버라이드									frontend	accessibility	a11y	semantics
Q683	레이어드 포커스(Layered Focus)		Frontend - Web Accessibility	16	INITIALS	MEDIUM	팝오버 위에 모달이 뜨는 등 레이어가 여러 겹일 때 포커스가 최상단 레이어에서만 동작해야 하는 포커스 관리 문제를 무엇이라고 하는가?	레이어드 포커스(Layered Focus)는 UI 레이어가 중첩될 때 포커스 범위를 올바르게 제한하는 문제를 말합니다. 면접에서는 모달 안에서 또 다른 다이얼로그가 열릴 때 포커스 처리를 어떻게 할지 물을 수 있습니다. 실무에서는 최상단 레이어에만 포커스 트랩을 적용하고, 하위 레이어는 inert/aria-hidden 처리로 완전히 배제해야 혼란이 없습니다. 잘못되면 포커스가 아래 레이어로 새거나, 닫힘 순서에 따라 포커스 복귀 대상이 꼬일 수 있습니다. 스택 구조로 레이어를 관리하고, 열림/닫힘 이벤트마다 포커스 저장/복구를 체계화하면 안정적입니다. 레이어드 포커스는 컴포넌트 라이브러리 품질을 좌우하는 핵심 이슈입니다.	레이어드 포커스									frontend	accessibility	a11y	modal
Q684	포탈 렌더링(Portal Rendering)		Frontend - Web Accessibility	16	INITIALS	MEDIUM	모달이나 팝오버를 DOM 트리 바깥(root)으로 보내 렌더링하는 기법을 무엇이라고 하는가?	포탈 렌더링(Portal Rendering)은 레이어 UI를 z-index/overflow 문제 없이 띄우기 위해 DOM 다른 위치에 렌더링하는 기법입니다. 면접에서는 접근성 관점에서 포탈을 쓸 때 관계(라벨링, controls)와 포커스 흐름을 어떻게 유지하는지 질문이 나올 수 있습니다. 실무에서는 포탈로 이동하면 DOM 상 부모-자식 관계가 깨져 aria-controls, labelledby, activedescendant 같은 연결을 더 신경 써야 합니다. 또한 읽기 순서가 예상과 달라질 수 있어, 열림 시 포커스를 레이어로 확실히 이동시키는 것이 중요합니다. 닫힘 시에는 트리거로 포커스를 복귀시켜 맥락을 유지해야 합니다. 포탈은 편리하지만 접근성 비용이 늘 수 있어 표준 패턴을 따르는 것이 안전합니다.	포탈 렌더링									frontend	accessibility	a11y	react
Q685	포커스 복원 스택(Focus Restore Stack)		Frontend - Web Accessibility	16	INITIALS	MEDIUM	레이어가 여러 번 열렸다 닫힐 때, 각 레이어의 트리거 포커스를 스택처럼 저장해 올바른 순서로 되돌리는 전략을 무엇이라고 하는가?	포커스 복원 스택(Focus Restore Stack)은 중첩된 레이어 UI에서 포커스 복귀 대상을 안전하게 관리하는 전략입니다. 면접에서는 “모달 안 모달”에서 닫힘 순서에 따라 포커스가 어디로 가야 하는지로 질문이 나올 수 있습니다. 실무에서는 레이어가 열릴 때 현재 포커스 요소를 push하고, 닫힐 때 pop하여 복귀시키면 안정적입니다. 트리거 요소가 언마운트되는 경우를 대비해 fallback(상위 컨테이너, body 등)도 정해두어야 합니다. 이 방식이 없으면 포커스가 엉뚱한 곳으로 튀거나 사라져 키보드 사용자가 길을 잃습니다. 라이브러리 수준에서 이 스택을 제공하면 앱 전체 접근성이 크게 좋아집니다.	포커스 복원 스택									frontend	accessibility	a11y	ui
Q686	동적 콘텐츠 알림(Dynamic Content Announcement)		Frontend - Web Accessibility	16	INITIALS	MEDIUM	AJAX로 내용이 바뀌었을 때 스크린 리더 사용자에게 변화가 생겼음을 상태 메시지로 알려주는 접근성 기법을 무엇이라고 하는가?	동적 콘텐츠 알림(Dynamic Content Announcement)은 SPA/비동기 UI에서 매우 중요한 접근성 이슈입니다. 면접에서는 “화면이 바뀌었는데 스크린 리더가 모르면?” 같은 질문이 나옵니다. 실무에서는 라이브 영역(role=status/alert)로 “검색 결과 10건”처럼 변화를 알려 사용자가 현재 상태를 이해하게 합니다. 알림이 너무 잦으면 방해가 되므로, 중요한 변화만 골라 짧게 안내하는 것이 좋습니다. 또한 변화 후 포커스 이동이 필요한 경우(페이지 전환, 오류 발생)에는 알림과 포커스 전략을 함께 설계해야 합니다. 동적 UI는 시각 사용자에게는 자연스럽지만, 보조기기에는 ‘설명’이 필요합니다.	동적 콘텐츠 알림									frontend	accessibility	a11y	aria
Q687	상태 메시지(Status Message)		Frontend - Web Accessibility	16	INITIALS	MEDIUM	페이지 리로드 없이도 “저장 완료”, “오류 발생” 같은 결과를 보조기기에 즉시 전달하는 메시지 유형을 무엇이라고 하는가?	상태 메시지(Status Message)는 사용자 행동 결과를 알려주는 핵심 피드백입니다. 면접에서는 toast가 스크린 리더에서 어떻게 전달되어야 하는지로 연결될 수 있습니다. 실무에서는 role=status로 부드럽게 알리거나, 중요한 오류는 role=alert로 즉시 알리는 식으로 강도를 조절합니다. 메시지는 짧고 명확해야 하며, 버튼 조작을 방해할 정도로 과도하게 읽히면 오히려 사용성이 나빠집니다. 또한 메시지가 화면에서 사라져도 보조기기는 이미 읽었는지, 다시 접근 가능한지 고려해야 합니다. 상태 메시지는 UX와 접근성의 접점이며, “피드백을 모두에게” 제공하는 장치입니다.	상태 메시지									frontend	accessibility	a11y	ux
Q688	오류 포커스 이동(Error Focus Move)		Frontend - Web Accessibility	16	INITIALS	MEDIUM	제출 실패 시 첫 번째 오류 입력으로 포커스를 옮겨 사용자가 즉시 수정할 수 있게 하는 접근성 전략을 무엇이라고 하는가?	오류 포커스 이동(Error Focus Move)은 폼 접근성에서 매우 실무적인 패턴입니다. 면접에서는 “오류가 났을 때 사용자에게 무엇을 해야 하나”라는 질문으로 자주 나옵니다. 실무에서는 제출 후 첫 오류 필드로 포커스를 보내고, 오류 메시지를 describedby로 연결해 왜 오류인지 함께 읽히게 합니다. 다만 무조건 이동하면 화면이 갑자기 바뀌어 혼란이 생길 수 있어, 상단 오류 요약과 함께 제공하고 이동 방식은 상황에 맞게 선택합니다. 중요한 점은 사용자가 오류 위치를 찾느라 헤매지 않게 하는 것입니다. 이 전략을 적용하면 완주율이 크게 올라가고 고객 문의도 줄어듭니다.	오류 포커스 이동									frontend	accessibility	a11y	forms
Q689	입력 형식 마스킹(Input Masking)		Frontend - Web Accessibility	16	INITIALS	MEDIUM	전화번호나 날짜처럼 입력 중 자동으로 하이픈을 넣는 등 형식을 강제하는 UI를 무엇이라고 하는가?	입력 형식 마스킹(Input Masking)은 편리해 보이지만 접근성 문제가 생기기 쉬운 패턴입니다. 면접에서는 마스킹이 스크린 리더 읽기와 커서 이동에 어떤 영향을 주는지로 질문이 이어질 수 있습니다. 실무에서는 자동 삽입 문자가 커서 위치를 예상과 다르게 만들거나, 입력 중 값이 바뀌어 낭독이 혼란스러울 수 있습니다. 가능하면 자유 입력 + 검증/포맷팅(blur 시 적용)으로 전환하거나, 도움말 텍스트로 형식을 안내하는 방식이 안전합니다. 마스킹을 써야 한다면 키보드 조작, 삭제/수정 동작, 모바일 키패드, 스크린 리더 낭독을 반드시 테스트해야 합니다. 편의 기능일수록 접근성 검증이 중요합니다.	입력 마스킹									frontend	accessibility	a11y	forms
Q690	헤딩과 버튼 혼용(Heading Button Mix)		Frontend - Web Accessibility	16	INITIALS	MEDIUM	아코디언에서 제목은 헤딩 구조로 유지하면서, 실제 접기/펼치기는 버튼으로 제공해야 한다는 설계 포인트를 무엇이라고 하는가?	헤딩과 버튼 혼용(Heading Button Mix)은 아코디언 접근성에서 자주 언급되는 실무 패턴입니다. 면접에서는 “아코디언 제목은 h3인데 클릭도 해야 하면?” 같은 질문이 나올 수 있습니다. 실무에서는 헤딩 태그 안에 버튼을 넣거나, 헤딩과 버튼을 적절히 조합해 문서 구조와 상호작용을 동시에 만족시키는 방식이 흔합니다. 제목을 단순 div로 만들면 헤딩 탐색이 깨지고, 클릭 가능한 영역을 헤딩만으로 만들면 버튼 역할/키보드 동작이 부정확해질 수 있습니다. 구조(헤딩)와 동작(버튼)을 분리해서 설계하는 것이 핵심입니다. 이렇게 하면 스크린 리더 사용자도 섹션 탐색과 조작을 모두 자연스럽게 할 수 있습니다.	헤딩과 버튼 혼용									frontend	accessibility	a11y	ui
Q691	링크로 가장한 버튼(Link as Button)		Frontend - Web Accessibility	16	INITIALS	MEDIUM	실제 동작 실행인데 a 태그로 만들어 엔터/스페이스 동작 기대가 어긋나거나 의미가 틀어지는 문제를 무엇이라고 하는가?	링크로 가장한 버튼(Link as Button)은 의미 불일치로 생기는 대표 접근성 결함입니다. 면접에서는 “다운로드 트리거” 같은 동작을 링크로 만들면 어떤 문제가 있는지 질문이 나올 수 있습니다. 실무에서는 링크는 이동, 버튼은 동작이라는 원칙을 지키는 것이 가장 안전합니다. 링크를 버튼처럼 쓰면 스페이스로 실행이 안 되거나, 보조기기에서 “링크”로 읽혀 사용자가 이동을 기대하는 혼란이 생깁니다. 반대로 버튼을 링크처럼 쓰면 새 탭 열기, 주소 복사 같은 브라우저 기본 기능이 사라집니다. 의미를 맞추면 접근성과 UX가 같이 좋아집니다.	링크로 가장한 버튼									frontend	accessibility	a11y	semantics
Q692	버튼으로 가장한 링크(Button as Link)		Frontend - Web Accessibility	16	INITIALS	MEDIUM	실제 페이지 이동인데 button으로 만들어 히스토리/새 탭 기능이 깨지거나 의미가 틀어지는 문제를 무엇이라고 하는가?	버튼으로 가장한 링크(Button as Link)는 이동과 동작의 의미를 섞어 생기는 문제입니다. 면접에서는 SPA에서 라우팅을 버튼으로 처리하는 것이 왜 위험할 수 있는지로 이어질 수 있습니다. 실무에서는 이동은 a(또는 링크 컴포넌트), 동작은 button으로 구분하면 브라우저 기본 기능과 보조기기 해석이 자연스럽습니다. 버튼으로 이동을 구현하면 컨텍스트 메뉴(새 탭 열기) 기대가 깨지고, 사용자는 내비게이션이 아닌 “동작”으로 인지하게 됩니다. 또한 스크린 리더 사용자가 링크 목록으로 페이지 구조를 탐색할 때 이동 항목이 누락될 수 있습니다. 의미를 올바르게 선택하면 구현도 단순해지고 버그도 줄어듭니다.	버튼으로 가장한 링크									frontend	accessibility	a11y	navigation
Q693	폼 자동 제출(Auto Submit)		Frontend - Web Accessibility	16	INITIALS	MEDIUM	셀렉트 변경만으로 즉시 제출되는 등 사용자가 의도하지 않은 순간에 동작이 실행되는 패턴을 무엇이라고 하는가?	폼 자동 제출(Auto Submit)은 편의처럼 보이지만 예측 가능성을 해칠 수 있어 접근성 이슈가 됩니다. 면접에서는 “컨트롤 변경이 곧바로 큰 변화로 이어지면?” 같은 질문이 나올 수 있습니다. 실무에서는 사용자가 변경을 확인할 기회를 주지 않으면 실수로 제출되어 오류가 나거나, 페이지가 바뀌어 맥락을 잃을 수 있습니다. 특히 스크린 리더 사용자는 값을 탐색하며 바꾸는 과정 자체가 의도된 제출이 아닐 수 있어 위험합니다. 가능하면 명시적 제출 버튼을 두거나, 변경 후 ‘적용’ 버튼으로 한 번 더 확인하는 패턴이 안전합니다. 예측 가능성은 접근성의 핵심 원칙입니다.	자동 제출									frontend	accessibility	a11y	ux
Q694	포커스 아웃라인 제거(Outline Removal)		Frontend - Web Accessibility	16	INITIALS	MEDIUM	디자인 이유로 outline none을 적용해 키보드 포커스 표시가 사라져 접근성이 무너지는 문제를 무엇이라고 하는가?	포커스 아웃라인 제거(Outline Removal)는 실무에서 가장 흔한 접근성 결함 중 하나입니다. 면접에서는 “outline을 없애면 왜 안 되나”를 거의 기본으로 물어봅니다. 실무에서는 기본 포커스 링이 마음에 들지 않더라도 제거가 아니라 “대체 스타일 제공”이 정답입니다. 포커스가 안 보이면 키보드 사용자는 현재 위치를 알 수 없어 조작이 사실상 불가능해집니다. focus-visible로 입력 방식에 따라 스타일을 조절하면 디자인과 접근성을 함께 만족시킬 수 있습니다. 포커스 표시를 유지하는 것은 선택이 아니라 필수입니다.	아웃라인 제거									frontend	accessibility	a11y	css
Q695	클릭 영역 확장(Hit Area Expansion)		Frontend - Web Accessibility	16	INITIALS	MEDIUM	실제 보이는 아이콘은 작아도 padding으로 터치/클릭 가능한 영역을 키워 오작동을 줄이는 기법을 무엇이라고 하는가?	클릭 영역 확장(Hit Area Expansion)은 터치 타겟 크기를 확보하는 대표 실무 기법입니다. 면접에서는 모바일 접근성에서 버튼이 너무 작을 때 어떤 개선을 할지로 연결될 수 있습니다. 실무에서는 아이콘 자체를 크게 만들기 어렵다면, 주변에 투명 padding을 줘서 누르기 쉽게 합니다. 또한 인접한 버튼 간 간격을 확보해 잘못 누르는 문제를 줄여야 합니다. 이 기법은 장애 유무와 상관없이 모든 사용자에게 편의를 주기 때문에, UX 개선으로도 설득이 쉽습니다. 접근성은 종종 “더 쓰기 쉬운 UI”로 바로 이어집니다.	클릭 영역 확장									frontend	accessibility	a11y	mobile
Q696	포커스 순환 오류(Focus Loop Bug)		Frontend - Web Accessibility	16	INITIALS	MEDIUM	포커스 트랩 구현이 잘못되어 Tab 이동이 무한 반복되거나 특정 요소에서만 맴도는 버그를 무엇이라고 하는가?	포커스 순환 오류(Focus Loop Bug)는 포커스 트랩 구현 시 자주 발생하는 결함입니다. 면접에서는 포커스 트랩을 구현할 때 주의할 점으로 이런 사례를 들 수 있습니다. 실무에서는 포커스 가능한 요소 목록이 동적으로 바뀌는 경우(비활성/숨김/로딩)에도 트랩이 정확히 갱신되어야 합니다. 그렇지 않으면 마지막 요소에서 Tab을 눌렀을 때 첫 요소로 돌아가지 않거나, 반대로 특정 요소만 계속 반복되는 문제가 생깁니다. 또한 Shift+Tab 경로를 놓치면 역방향 이동이 깨져 사용자에게 큰 스트레스를 줍니다. 트랩은 “안전한 탈출(ESC/닫기)”과 함께 테스트해야 하고, 다양한 브라우저/스크린 리더 조합에서도 확인하는 것이 좋습니다.	포커스 순환 오류									frontend	accessibility	a11y	
Q697	페이지 제목 관리(Page Title Management)		Frontend - Web Accessibility	16	INITIALS	MEDIUM	SPA에서 라우트가 바뀔 때 문서의 title을 업데이트해 사용자가 현재 화면을 인지하게 만드는 접근성/UX 관리를 무엇이라고 하는가?	페이지 제목 관리(Page Title Management)는 문서 제목을 통해 현재 화면의 맥락을 명확히 하는 접근성 포인트입니다. 면접에서는 SPA에서 화면 전환이 있으면 무엇을 업데이트해야 하는지로 질문이 이어질 수 있습니다. 실무에서는 title이 바뀌지 않으면 스크린 리더 사용자와 브라우저 탭 사용자 모두 현재 위치를 파악하기 어렵습니다. 또한 히스토리 이동 시에도 제목이 맞아야 사용자가 혼란스럽지 않습니다. 라우트별 제목 규칙을 정해 일관되게 관리하면 유지보수성이 좋아지고 SEO에도 도움이 됩니다. 접근성은 시각 UI뿐 아니라 브라우저 레벨 정보까지 포함합니다.	페이지 제목 관리									frontend	accessibility	a11y	spa
Q698	라우트 포커스( Route Focus )		Frontend - Web Accessibility	16	INITIALS	MEDIUM	SPA에서 페이지 전환 후 키보드 포커스를 새 화면의 주요 제목이나 main으로 이동시켜 “전환됨”을 인지하게 만드는 전략을 무엇이라고 하는가?	라우트 포커스(Route Focus)는 SPA 전환에서 가장 흔히 놓치는 접근성 요소입니다. 면접에서는 “새 페이지로 왔는데 스크린 리더는 어떻게 알지?” 같은 질문이 나옵니다. 실무에서는 전환 후 h1 또는 main에 포커스를 주어 사용자가 새 콘텐츠 시작점을 바로 탐색하게 합니다. 이때 목적지 요소에 tabindex=-1을 주고 focus를 적용하는 패턴이 자주 쓰입니다. 무조건 포커스를 옮기면 방해가 되는 경우도 있으므로, 전환의 성격(완전한 페이지 전환 vs 부분 업데이트)에 따라 정책을 정하는 것이 중요합니다. 라우트 포커스는 사용자에게 맥락 전환을 명확히 전달하는 장치입니다.	라우트 포커스									frontend	accessibility	a11y	spa
Q699	스크린 리더 전환 알림(Route Change Announcement)		Frontend - Web Accessibility	16	INITIALS	MEDIUM	SPA에서 라우트 변경 시 “페이지가 바뀌었다”는 정보를 라이브 영역 등으로 전달해 보조기기에 알리는 기법을 무엇이라고 하는가?	스크린 리더 전환 알림(Route Change Announcement)은 SPA의 동적 전환을 보조기기에 명확히 알려주는 전략입니다. 면접에서는 라이브 영역을 어디에 쓰는지 예시로 나올 수 있습니다. 실무에서는 제목 변경, 상태 메시지, 포커스 이동 중 하나만으로는 충분하지 않을 수 있어 상황에 맞게 조합합니다. 예를 들어 검색 결과 화면으로 이동하면 “검색 결과 20건” 같은 요약을 status로 알리면 사용자가 즉시 이해할 수 있습니다. 알림이 너무 잦으면 소음이 되므로, 의미 있는 전환에만 적용하는 것이 좋습니다. SPA에서는 ‘변화’ 자체를 설명하는 설계가 필요합니다.	전환 알림									frontend	accessibility	a11y	aria
Q700	의미 있는 포커스(Maintain Meaningful Focus)		Frontend - Web Accessibility	16	INITIALS	MEDIUM	비동기 갱신 후 포커스가 사라지거나 예상치 못한 곳으로 튀지 않도록 “논리적 위치”를 유지하는 접근성 원칙을 무엇이라고 하는가?	의미 있는 포커스(Maintain Meaningful Focus)는 상태 변화 후에도 사용자가 작업 흐름을 잃지 않게 하는 핵심 원칙입니다. 면접에서는 “렌더링 후 포커스가 날아가요” 같은 실무 이슈로 자주 연결됩니다. 실무에서는 목록 업데이트 후 포커스를 유지하거나, 삭제 시에는 다음 항목으로 이동시키는 등 합리적인 규칙을 둡니다. 포커스가 body로 튀면 키보드 사용자는 처음부터 다시 탐색해야 해 피로도가 큽니다. React에서는 리렌더링으로 DOM이 바뀌면 포커스가 쉽게 유실되므로 ref 기반 포커스 복구 전략이 중요합니다. 포커스는 사용자의 진행 위치이므로 “의미”를 유지해야 합니다.	의미 있는 포커스									frontend	accessibility	a11y	keyboard
Q701	접근성 트리(Accessibility Tree)		Frontend - Web Accessibility	16	INITIALS	MEDIUM	DOM 중에서 보조기기가 해석하는 의미 정보(역할/이름/상태)를 구성해 보여주는 내부 구조를 무엇이라고 하는가?	접근성 트리(Accessibility Tree)는 스크린 리더가 읽는 정보를 구성하는 핵심 구조입니다. 면접에서는 “스크린 리더가 DOM을 그대로 읽는가?” 같은 질문에서 이 개념을 설명하면 좋습니다. 실무에서는 CSS로 숨김 처리나 ARIA 속성이 접근성 트리에 반영되어, 낭독 여부와 순서가 달라질 수 있습니다. 예를 들어 display none은 트리에서 제거되지만, 화면 밖으로만 밀어두면 트리에 남아 읽힐 수 있어 주의해야 합니다. 접근성 디버깅 도구로 트리를 확인하면 이름이 왜 그렇게 계산됐는지 원인 분석이 쉬워집니다. 접근성은 결국 이 트리를 올바르게 구성하는 작업입니다.	접근성 트리									frontend	accessibility	a11y	cs
Q702	시각적 숨김(Visually Hidden)		Frontend - Web Accessibility	16	INITIALS	MEDIUM	화면에는 보이지 않지만 스크린 리더에는 읽히도록 텍스트를 숨기는 기법을 무엇이라고 하는가?	시각적 숨김(Visually Hidden)은 접근성에서 자주 쓰이는 패턴으로, 아이콘 버튼의 텍스트 대체 등에서 유용합니다. 면접에서는 display none과의 차이를 묻기도 합니다. 실무에서는 화면에서는 숨기되 접근성 트리에는 남겨 “닫기”, “검색”, “메뉴 열기” 같은 의미를 제공하는 방식이 흔합니다. 단순히 opacity 0만 주면 포커스 가능하거나 클릭이 되는 등 부작용이 생길 수 있어, 검증된 CSS 유틸리티를 쓰는 것이 안전합니다. 또한 중복 낭독이 생기지 않게 시각 텍스트와 숨김 텍스트를 동시에 두는 경우를 주의해야 합니다. 이 기법은 아이콘 UI를 접근성 있게 만드는 핵심 도구입니다.	시각적 숨김									frontend	accessibility	a11y	css
Q703	스크린 리더 전용(SR Only)		Frontend - Web Accessibility	16	INITIALS	MEDIUM	화면에는 숨기고 보조기기에서만 읽히게 하는 텍스트 유틸 클래스/패턴을 통칭하는 용어를 무엇이라고 하는가?	스크린 리더 전용(SR Only)은 시각적 숨김 패턴을 실제 코드에서 재사용하기 위한 관용적 표현입니다. 면접에서는 “아이콘만 있는 버튼에 접근성 이름을 주는 방법”으로 자주 연결됩니다. 실무에서는 sr-only 클래스를 디자인 시스템에 넣어 일관되게 사용하면 누락을 줄일 수 있습니다. 다만 스크린 리더 전용 텍스트가 너무 길면 조작 과정에서 낭독 부담이 커지므로 핵심만 제공하는 것이 좋습니다. 또한 aria-label과 sr-only를 동시에 쓰면 이름 계산이 꼬이거나 중복될 수 있어 하나의 방식으로 정리하는 편이 안전합니다. SR Only는 접근성 구현을 팀 규칙으로 만들기 좋은 실무 도구입니다.	스크린 리더 전용									frontend	accessibility	a11y	html
Q704	ARIA 숨김(ARIA Hidden)		Frontend - Web Accessibility	16	INITIALS	MEDIUM	장식용 아이콘처럼 읽을 필요 없는 요소를 보조기기에서 제외하기 위해 사용하는 ARIA 속성을 무엇이라고 하는가?	ARIA 숨김(ARIA Hidden)은 aria-hidden으로 요소를 접근성 트리에서 제외하는 데 사용됩니다. 면접에서는 아이콘에 aria-hidden을 주는 이유로 자주 출제됩니다. 실무에서는 장식 요소를 숨겨 낭독 소음을 줄이고, 의미 있는 요소만 읽히게 만드는 것이 목표입니다. 다만 인터랙티브 요소에 aria-hidden을 잘못 주면 보조기기 사용자는 기능 자체를 찾을 수 없게 되어 치명적입니다. 그래서 “읽히면 안 되는 장식만”에 제한적으로 사용하고, 버튼이나 링크 같은 컨트롤에는 접근성 이름을 제공하는 방향이 정답입니다. aria-hidden은 강력한 만큼 범위를 엄격히 해야 합니다.	아리아 히든									frontend	accessibility	a11y	aria
Q705	ARIA 컨트롤즈(ARIA Controls)		Frontend - Web Accessibility	16	INITIALS	MEDIUM	버튼이 어떤 영역(패널/메뉴)을 열고 닫는지 관계를 id로 연결해 표현하는 ARIA 속성을 무엇이라고 하는가?	ARIA 컨트롤즈(ARIA Controls)는 aria-controls로 트리거와 제어 대상 영역의 관계를 나타냅니다. 면접에서는 아코디언, 드롭다운, 탭 등에서 어떤 관계 속성을 쓰는지 질문이 나올 수 있습니다. 실무에서는 열기 버튼이 어떤 패널을 제어하는지 명확히 연결하면 보조기기 사용자가 구조를 이해하기 쉽습니다. 다만 controls는 관계를 “설명”할 뿐, 실제 열림/닫힘 상태는 aria-expanded 같은 상태 속성으로 별도로 표현해야 합니다. 또한 id가 유일하고 대상이 실제로 DOM에 존재해야 하며, 포털 렌더링 시에도 연결이 유지되도록 주의해야 합니다. 관계와 상태를 함께 맞추는 것이 접근성 구현의 핵심입니다.	아리아 컨트롤즈									frontend	accessibility	a11y	aria
Q706	ARIA 익스팬디드(ARIA Expanded)		Frontend - Web Accessibility	16	INITIALS	MEDIUM	드롭다운이나 아코디언이 열려 있는지 닫혀 있는지 상태를 보조기기에 전달하는 ARIA 상태 속성을 무엇이라고 하는가?	ARIA 익스팬디드(ARIA Expanded)는 aria-expanded로 열림/닫힘 상태를 나타냅니다. 면접에서는 “버튼에 어떤 속성을 주나”처럼 기본 질문으로 자주 등장합니다. 실무에서는 시각적으로 메뉴가 열렸는데 aria-expanded가 false면 스크린 리더 사용자는 잘못된 정보를 듣게 됩니다. 반대로 true인데 실제로 닫혀 있으면 조작이 헷갈려 신뢰가 떨어집니다. 상태 속성은 UI 상태와 1:1로 동기화되어야 하며, 애니메이션 중 상태 업데이트 타이밍도 고려해야 합니다. aria-controls와 함께 쓰면 관계와 상태가 명확해져 품질이 좋아집니다.	아리아 익스팬디드									frontend	accessibility	a11y	aria
Q707	ARIA 커런트(ARIA Current)		Frontend - Web Accessibility	16	INITIALS	MEDIUM	내비게이션에서 “현재 페이지/현재 단계”임을 나타내기 위해 사용하는 ARIA 상태 속성을 무엇이라고 하는가?	ARIA 커런트(ARIA Current)는 aria-current로 현재 위치를 표시합니다. 면접에서는 활성 메뉴 표시를 접근성으로 전달하는 방법으로 자주 나옵니다. 실무에서는 현재 페이지 링크에 aria-current="page"를 주면 스크린 리더 사용자가 “현재 페이지”임을 쉽게 인지합니다. 브레드크럼이나 스텝퍼에서도 현재 단계 표시로 활용할 수 있어, UI 패턴에 맞는 값 선택이 중요합니다. 시각 강조만으로는 보조기기가 상태를 알기 어렵기 때문에, aria-current 같은 상태 전달이 큰 도움이 됩니다. 라우트가 바뀔 때 즉시 업데이트되어야 하며, 여러 개가 동시에 current가 되지 않게 주의해야 합니다.	아리아 커런트									frontend	accessibility	a11y	navigation
Q708	ARIA 디세이블드(ARIA Disabled)		Frontend - Web Accessibility	16	INITIALS	MEDIUM	네이티브 disabled를 쓸 수 없는 커스텀 요소에서 “비활성”을 보조기기에 알려주기 위한 ARIA 속성을 무엇이라고 하는가?	ARIA 디세이블드(ARIA Disabled)는 aria-disabled로 비활성 상태를 표현합니다. 면접에서는 커스텀 버튼(div 등)을 만들 때 어떤 문제가 생기는지와 함께 나오기 쉽습니다. 실무에서는 네이티브 disabled가 가장 안전하지만, role=button 같은 커스텀 컨트롤을 쓸 때는 aria-disabled로 상태를 알려야 합니다. 다만 aria-disabled는 “상태만” 전달할 뿐 클릭 이벤트가 자동으로 막히지 않으므로, 실제로 동작을 차단하는 로직까지 구현해야 합니다. 또한 비활성 상태에서도 포커스 가능 여부를 정책적으로 결정해야 하며, 이유 안내가 있으면 UX가 좋아집니다. 상태와 동작을 동시에 맞추는 것이 핵심입니다.	아리아 디세이블드									frontend	accessibility	a11y	aria
Q709	ARIA 인밸리드(ARIA Invalid)		Frontend - Web Accessibility	16	INITIALS	MEDIUM	입력값이 유효하지 않음을 보조기기에 전달하기 위해 사용하는 ARIA 상태 속성을 무엇이라고 하는가?	ARIA 인밸리드(ARIA Invalid)는 aria-invalid로 입력 오류 상태를 표현합니다. 면접에서는 폼 검증 접근성에서 기본 질문으로 자주 등장합니다. 실무에서는 aria-invalid를 true로 설정하고, 오류 메시지를 aria-describedby로 연결해 사용자가 왜 오류인지 함께 알 수 있게 합니다. 단순히 빨간 테두리만 주면 색상 의존 문제가 생기므로 텍스트 안내는 필수입니다. 또한 오류가 해결되면 aria-invalid를 즉시 해제해 최신 상태로 유지해야 하며, 상태 업데이트가 늦으면 혼란이 생깁니다. 오류 상태는 “표시+설명+연결”이 세트입니다.	아리아 인밸리드									frontend	accessibility	a11y	forms
Q710	ARIA 디스크라이브드바이(ARIA Describedby)		Frontend - Web Accessibility	16	INITIALS	MEDIUM	입력 도움말이나 오류 메시지 같은 설명 텍스트를 특정 요소와 연결해 함께 읽히게 하는 ARIA 속성을 무엇이라고 하는가?	ARIA 디스크라이브드바이(ARIA Describedby)는 aria-describedby로 설명 텍스트를 연결하는 방식입니다. 면접에서는 label과 describedby의 차이를 정확히 구분할 수 있는지가 포인트입니다. 실무에서는 비밀번호 규칙, 형식 안내, 오류 메시지를 describedby로 연결하면 포커스 시 보조기기가 자연스럽게 설명을 읽어줍니다. 다만 설명이 너무 길면 입력할 때마다 낭독이 길어져 피로도가 올라갈 수 있어 핵심만 유지하는 것이 좋습니다. 또한 오류/도움말이 동적으로 바뀔 때 id 연결이 끊기지 않게 관리해야 합니다. describedby는 “추가 설명”을 안전하게 제공하는 가장 흔한 도구입니다.	아리아 디스크라이브드바이									frontend	accessibility	a11y	aria
Q711	ARIA 레이블드바이(ARIA Labelledby)		Frontend - Web Accessibility	16	INITIALS	MEDIUM	화면에 보이는 텍스트를 참조해 요소의 접근성 이름을 만들기 위해 id로 연결하는 ARIA 속성을 무엇이라고 하는가?	ARIA 레이블드바이(ARIA Labelledby)는 aria-labelledby로, 특정 텍스트 요소를 참조해 이름을 구성합니다. 면접에서는 aria-label과의 차이(재사용/번역/일관성)로 질문이 이어질 수 있습니다. 실무에서는 화면에 이미 있는 텍스트를 이름으로 쓰기 때문에, 보이는 라벨과 읽는 이름이 일치해 음성 제어에도 유리합니다. 또한 여러 텍스트를 조합해 하나의 이름을 만들 수 있어 복합 UI에서 유용합니다. 다만 참조 대상 id가 유효해야 하고, 조건부 렌더링으로 사라지면 이름이 깨질 수 있어 주의합니다. 가능한 네이티브 label을 우선하고, 필요할 때 labelledby를 쓰는 전략이 안전합니다.	아리아 레이블드바이									frontend	accessibility	a11y	aria
Q712	로딩 중 낭독(Loading Announcement)		Frontend - Web Accessibility	16	INITIALS	MEDIUM	스피너만 보여주지 말고 “로딩 중” 같은 텍스트/상태 메시지를 통해 보조기기에 진행 상태를 알리는 접근성 처리를 무엇이라고 하는가?	로딩 중 낭독(Loading Announcement)은 시각적 로딩 표현을 보조기기에도 전달하는 전략입니다. 면접에서는 토스트/로딩이 스크린 리더에서 어떻게 처리돼야 하는지로 자주 나옵니다. 실무에서는 role=status로 “로딩 중”을 알리거나, 업데이트 영역에 aria-busy를 주어 갱신 중임을 표현합니다. 메시지는 짧고 의미 있게 유지해야 하며, 너무 잦은 업데이트는 오히려 소음을 만들 수 있습니다. 또한 로딩 완료 후 어떤 변화가 있었는지(결과 수, 실패 여부)를 이어서 알려주면 UX가 좋아집니다. 동적 UI에서는 “상태 커뮤니케이션”이 접근성의 핵심입니다.	로딩 중 낭독									frontend	accessibility	a11y	ui
Q713	오류 라이브 알림(Error Live Alert)		Frontend - Web Accessibility	16	INITIALS	MEDIUM	폼 제출 오류처럼 중요한 문제를 즉시 읽히게 하기 위해 라이브 영역을 강하게 설정하는 알림 방식을 무엇이라고 하는가?	오류 라이브 알림(Error Live Alert)은 중요한 오류를 사용자가 즉시 인지하도록 돕는 전략입니다. 면접에서는 polite와 assertive 중 언제 강한 알림이 필요한지로 질문이 나올 수 있습니다. 실무에서는 치명 오류나 제출 실패처럼 사용자가 다음 행동을 바로 바꿔야 하는 상황에서 강한 알림이 유용합니다. 다만 모든 오류를 강하게 알리면 낭독이 난잡해지고 사용자가 피로해질 수 있어, 등급을 나누고 정말 중요한 메시지에만 적용하는 것이 좋습니다. 또한 오류 필드로의 포커스 이동, 오류 메시지 연결과 함께 설계해야 완성됩니다. “즉시 인지”와 “과도한 방해” 사이 균형이 핵심입니다.	오류 라이브 알림									frontend	accessibility	a11y	forms
Q714	읽기 순서(Reading Order)		Frontend - Web Accessibility	16	INITIALS	MEDIUM	화면 배치와 관계없이 보조기기가 DOM 순서 기반으로 콘텐츠를 읽어 내려가는 흐름을 무엇이라고 하는가?	읽기 순서(Reading Order)는 스크린 리더 사용자에게 콘텐츠 이해를 좌우하는 핵심 요소입니다. 면접에서는 “CSS로 위치만 바꾸면 되지 않나?” 같은 질문으로 DOM 순서의 중요성을 확인하기도 합니다. 실무에서는 grid/flex order로 시각적 순서를 바꾸면 읽기 순서가 달라져 혼란이 생길 수 있습니다. 특히 폼, 표, 카드 리스트에서 시각적 순서와 읽기 순서가 어긋나면 사용자는 맥락을 잃습니다. 가능한 한 DOM을 논리적 순서로 구성하고, 스타일은 CSS로 조정하되 order 남발을 피하는 것이 안전합니다. 읽기 순서를 관리하면 접근성과 SEO 모두에 도움이 됩니다.	읽기 순서									frontend	accessibility	a11y	semantics
Q715	스킵 링크(Skip Link)		Frontend - Web Accessibility	16	INITIALS	MEDIUM	반복되는 헤더 내비게이션을 건너뛰고 바로 본문으로 이동할 수 있게 제공하는 접근성 링크를 무엇이라고 하는가?	스킵 링크(Skip Link)는 키보드 사용자가 반복 영역을 매번 Tab으로 지나가지 않도록 시간을 절약해 주는 핵심 기능입니다. 면접에서는 “키보드로 사이트를 쓸 때 가장 먼저 불편한 점”으로 스킵 링크가 자주 언급됩니다. 실무에서는 페이지 최상단에 배치하고, 평소에는 숨기되 포커스 시 보이도록 구현하는 패턴이 일반적입니다. 스킵 링크가 있어도 포커스가 실제 본문 시작점으로 이동하지 않으면 효과가 떨어지므로, 목적지 요소의 포커스 가능 여부까지 함께 점검해야 합니다. 또한 고정 헤더가 있으면 도착한 제목이 가려질 수 있어 scroll-margin 같은 보정이 필요합니다. 스킵 링크는 단순하지만 체감 효용이 큽니다.	스킵 링크									frontend	accessibility	a11y	keyboard
Q716	접근성 이름(Accessible Name)		Frontend - Web Accessibility	16	INITIALS	MEDIUM	스크린 리더가 버튼이나 입력을 식별하기 위해 읽는 “요소의 이름”을 무엇이라고 하는가?	접근성 이름(Accessible Name)은 보조기기가 컨트롤을 구분하는 가장 핵심 정보입니다. 면접에서는 아이콘 버튼에 접근성 이름을 어떻게 부여하는지로 자주 질문이 나옵니다. 실무에서는 보이는 텍스트, label 연결, aria-label, aria-labelledby 등 여러 경로로 이름이 만들어지며 우선순위 규칙이 존재합니다. 이름이 없으면 스크린 리더는 “버튼”만 읽어 사용자는 무엇을 누르는지 알 수 없습니다. 또한 음성 제어 기능은 접근성 이름에 의존하기 때문에, 보이는 텍스트와 이름이 일치하는 것이 중요합니다. 접근성 이름은 “의미 전달”의 출발점입니다.	접근성 이름									frontend	accessibility	a11y	aria
Q717	접근성 역할(Accessible Role)		Frontend - Web Accessibility	16	INITIALS	MEDIUM	요소가 버튼인지 링크인지 체크박스인지 같은 “종류”를 보조기기에 알려주는 정보를 무엇이라고 하는가?	접근성 역할(Accessible Role)은 요소의 타입을 의미하며, 보조기기는 이 역할에 따라 기대 조작을 결정합니다. 면접에서는 role을 언제 써야 하고 언제 쓰면 안 되는지로 질문이 나올 수 있습니다. 실무에서는 네이티브 요소(button, a, input)는 역할이 자동으로 잡히므로 가장 안전합니다. 커스텀 div를 role=button으로 만들면 역할은 전달되지만 키보드 동작을 직접 구현해야 하고, 누락되기 쉬워 위험합니다. 역할이 틀리면 사용자가 기대하는 조작(Enter/Space, 컨텍스트 메뉴 등)이 어긋나 접근성이 급격히 나빠집니다. 역할은 “의미와 조작을 묶는 계약”입니다.	접근성 역할									frontend	accessibility	a11y	semantics
Q718	접근성 상태(Accessible State)		Frontend - Web Accessibility	16	INITIALS	MEDIUM	열림/닫힘, 선택됨, 비활성, 오류 같은 현재 상태를 보조기기에 전달하는 정보를 무엇이라고 하는가?	접근성 상태(Accessible State)는 UI의 현재 컨디션을 전달해 사용자가 올바르게 판단하도록 돕습니다. 면접에서는 aria-expanded, aria-selected, aria-disabled, aria-invalid 같은 속성을 예로 들어 설명할 수 있어야 합니다. 실무에서는 시각적으로만 상태가 바뀌고 ARIA 상태가 갱신되지 않으면 스크린 리더 사용자는 잘못된 정보를 듣게 됩니다. 또한 상태 변화가 잦은 컴포넌트(드롭다운, 아코디언, 토글)에서는 상태 동기화 타이밍이 중요합니다. 상태는 “현재 무엇이 가능한가”를 알려주는 메시지라서, 정확하지 않으면 실수가 늘고 UX가 나빠집니다. 상태는 항상 UI 로직과 함께 테스트되어야 합니다.	접근성 상태									frontend	accessibility	a11y	aria
Q719	키보드 내비게이션(Keyboard Navigation)		Frontend - Web Accessibility	16	INITIALS	MEDIUM	마우스 없이 Tab과 방향키 등으로 페이지와 UI를 이동하며 조작하는 사용 방식/요구를 무엇이라고 하는가?	키보드 내비게이션(Keyboard Navigation)은 접근성의 기본 전제 중 하나로, 모든 기능이 키보드로 가능해야 한다는 요구와 연결됩니다. 면접에서는 “키보드만으로 회원가입이 가능한가” 같은 형태로 질문이 나올 수 있습니다. 실무에서는 포커스 표시, 논리적 탭 순서, 모달 포커스 트랩, 드롭다운 방향키 조작 등이 모두 키보드 내비게이션 품질을 결정합니다. 커스텀 컴포넌트를 만들 때 키보드 동작을 빠뜨리면 접근성 결함이 쉽게 생깁니다. 키보드 내비게이션은 스크린 리더 사용자뿐 아니라 파워 유저, 일시적 장애(손 부상) 사용자에게도 중요합니다. 기본을 잘 지키면 제품 품질이 올라갑니다.	키보드 내비게이션									frontend	accessibility	a11y	keyboard
Q720	포커스 관리(Focus Management)		Frontend - Web Accessibility	16	INITIALS	MEDIUM	모달/페이지 전환/동적 갱신 등에서 포커스 위치를 논리적으로 이동·유지·복구하는 접근성 설계를 무엇이라고 하는가?	포커스 관리(Focus Management)는 실제 서비스에서 접근성 품질을 좌우하는 핵심 역량입니다. 면접에서는 모달 열기 시 첫 포커스, 닫기 시 포커스 복귀를 설명할 수 있어야 합니다. 실무에서는 리스트 삭제 후 포커스가 사라지지 않게 다음 항목으로 이동시키는 등 세부 규칙이 필요합니다. React 같은 선언형 UI에서는 리렌더링으로 포커스가 유실되기 쉬워 ref 기반 관리가 중요합니다. 포커스 관리는 사용자 흐름을 끊지 않는 장치이므로, 정책(어디로 이동할지)을 정하고 일관되게 적용해야 합니다. 키보드 사용자에게 포커스는 현재 위치 표시이자 조작의 기준점입니다.	포커스 관리									frontend	accessibility	a11y	ui
Q721	포커스 표시(Focus Indicator)		Frontend - Web Accessibility	16	INITIALS	MEDIUM	키보드 사용 시 현재 포커스 위치가 시각적으로 드러나도록 하는 테두리/스타일링을 무엇이라고 하는가?	포커스 표시(Focus Indicator)는 키보드 사용자가 화면에서 길을 잃지 않게 하는 필수 요소입니다. 면접에서는 outline 제거의 위험과 대체 스타일 제공을 설명하는 질문이 자주 나옵니다. 실무에서는 디자인 시스템에 포커스 스타일을 표준으로 넣고, 버튼/링크/입력 등 모든 인터랙티브 요소에 일관되게 적용합니다. 포커스 표시가 배경과 대비가 약하면 사실상 보이지 않으므로, 색상과 두께를 함께 고려해야 합니다. 또한 focus-visible을 활용해 키보드 입력일 때 포커스를 더 확실히 보여주면 디자인 충돌을 줄일 수 있습니다. 포커스 표시는 접근성의 “안전벨트”입니다.	포커스 표시									frontend	accessibility	a11y	css
Q722	포커스 이동(Programmatic Focus)		Frontend - Web Accessibility	16	INITIALS	MEDIUM	특정 상황에서 focus 메서드 등으로 포커스를 코드로 이동시키는 처리를 무엇이라고 하는가?	포커스 이동(Programmatic Focus)은 접근성 구현에서 자주 필요하지만 남용하면 방해가 될 수 있습니다. 면접에서는 언제 포커스를 옮겨야 하는지(모달 열림, 오류 발생, 페이지 전환)와 언제 피해야 하는지(사용자 의도 없는 강제 이동)를 구분할 수 있어야 합니다. 실무에서는 focus를 줄 때 스크롤 점프, 화면 떨림 같은 부작용이 생길 수 있어 타이밍을 조절합니다. 또한 목적지 요소가 포커스 가능해야 하며, 필요한 경우 tabindex=-1을 임시로 부여하는 패턴을 씁니다. 포커스 이동은 “사용자가 다음 행동을 바로 할 수 있게” 돕는 방향으로 써야 합니다. 적절히 쓰면 흐름이 좋아지고, 잘못 쓰면 혼란을 만듭니다.	포커스 이동									frontend	accessibility	a11y	keyboard
Q723	라벨 연결(Label Association)		Frontend - Web Accessibility	16	INITIALS	MEDIUM	label for와 input id를 연결해 스크린 리더가 입력의 이름을 정확히 읽도록 하는 작업을 무엇이라고 하는가?	라벨 연결(Label Association)은 폼 접근성의 가장 기본이자 가장 중요한 규칙입니다. 면접에서는 placeholder를 라벨로 쓰면 안 되는 이유로 이어질 수 있습니다. 실무에서는 라벨을 클릭했을 때 입력에 포커스가 가는지로 연결 여부를 빠르게 확인할 수 있습니다. 라벨이 없거나 연결이 깨지면 스크린 리더는 입력의 목적을 모른 채 “편집”만 반복해 읽을 수 있습니다. 특히 체크박스/라디오에서는 라벨 클릭 영역 확장에도 도움이 되어 사용성이 좋아집니다. 라벨 연결은 개발 과정에서 자동화 테스트로도 검출이 가능해, CI에 넣으면 회귀를 크게 줄일 수 있습니다.	라벨 연결									frontend	accessibility	a11y	forms
Q724	오류 메시지 연결(Error Message Association)		Frontend - Web Accessibility	16	INITIALS	MEDIUM	오류 문구를 aria-describedby 등으로 해당 입력과 연결해 포커스 시 함께 읽히게 하는 접근성 처리를 무엇이라고 하는가?	오류 메시지 연결(Error Message Association)은 “오류를 보여주는 것”에서 한 단계 더 나아가 “오류를 이해시키는 것”이 목표입니다. 면접에서는 오류 식별과 함께 세트로 출제될 수 있습니다. 실무에서는 aria-invalid로 오류 상태를 표시하고, aria-describedby로 오류 텍스트를 연결해 사용자가 왜 틀렸는지 즉시 알게 합니다. 단순히 빨간색 테두리만 주면 색상 의존 문제가 생겨 접근성 기준에 어긋날 수 있습니다. 또한 오류가 해결되면 연결과 상태를 즉시 업데이트해야 혼란이 없습니다. 이 패턴은 폼 완주율을 올리고, 고객 문의를 줄이는 효과가 있어 실무 가치가 큽니다.	오류 메시지 연결									frontend	accessibility	a11y	forms
Q725	스크린 리더 모드(Screen Reader Modes)		Frontend - Web Accessibility	16	INITIALS	MEDIUM	스크린 리더가 탐색 모드와 입력(포커스) 모드처럼 서로 다른 동작 방식으로 전환되며 조작한다는 개념을 무엇이라고 하는가?	스크린 리더 모드(Screen Reader Modes)는 스크린 리더가 콘텐츠를 읽는 방식과 입력을 조작하는 방식이 다르다는 이해를 담습니다. 면접에서는 role application이 왜 위험한지 설명할 때 이 개념을 연결할 수 있습니다. 실무에서는 사용자가 탐색 모드에서 헤딩/랜드마크로 이동하다가, 입력 모드로 전환해 폼을 입력하는 식으로 사용합니다. 개발자가 키 이벤트를 과도하게 가로채면 이 모드 전환이 깨져 조작이 어려워질 수 있습니다. 또한 특정 위젯은 표준 키보드 패턴이 기대되므로 Authoring Practices를 따르는 것이 중요합니다. 모드를 이해하면 “왜 사용자에게 키보드가 다르게 느껴지는지”를 설명할 수 있어 디버깅에도 도움이 됩니다.	스크린 리더 모드									frontend	accessibility	a11y	cs
Q726	시맨틱 우선(Semantic First)		Frontend - Web Accessibility	16	INITIALS	MEDIUM	ARIA를 붙이기 전에 먼저 시맨틱 HTML 태그로 의미를 표현하는 접근성 설계 원칙을 무엇이라고 하는가?	시맨틱 우선(Semantic First)은 접근성에서 가장 중요한 철학 중 하나입니다. 면접에서는 “div로 다 만들고 ARIA로 때우면 되나?” 같은 질문에서 이 원칙을 말하면 좋습니다. 실무에서는 네이티브 요소가 이름/역할/키보드 동작을 기본으로 제공하므로, 접근성 비용이 낮고 버그가 적습니다. ARIA로 시맨틱을 덮어쓰면 오히려 충돌과 오작동이 생길 수 있어 위험합니다. 따라서 먼저 button, a, input, nav, main, header 같은 태그를 올바르게 쓰고, 부족한 부분만 ARIA로 보완하는 전략이 정답입니다. 이 원칙을 지키면 팀 전체의 접근성 품질이 안정적으로 올라갑니다.	시맨틱 우선									frontend	accessibility	a11y	html
Q727	키보드 함정(Keyboard Trap)		Frontend - Web Accessibility	16	INITIALS	MEDIUM	키보드로 들어간 요소에서 Tab이나 ESC로 빠져나올 수 없어 사용자가 갇히는 접근성 문제를 무엇이라고 하는가?	키보드 함정(Keyboard Trap)은 접근성에서 심각한 결함으로 분류됩니다. 면접에서는 “모달 포커스 트랩”과 구분해서 “빠져나올 수 있어야 한다”는 점을 강조하는 질문이 나올 수 있습니다. 실무에서는 커스텀 드롭다운, 캘린더, 모달에서 ESC/닫기 버튼이 없거나 Tab 이동이 막혀 함정이 생기기 쉽습니다. 함정이 생기면 사용자는 페이지를 사실상 사용할 수 없게 됩니다. 따라서 포커스 제어를 할 때는 항상 탈출 경로(닫기, ESC, 명확한 다음 포커스)를 함께 제공해야 합니다. 키보드 함정은 자동화로 완벽히 잡기 어려워 실제 키보드 테스트가 중요합니다.	키보드 함정									frontend	accessibility	a11y	keyboard
Q728	포커스 가능 요소(Focusable Element)		Frontend - Web Accessibility	16	INITIALS	MEDIUM	Tab으로 이동할 수 있거나 focus를 받을 수 있는 링크 버튼 입력 같은 요소를 무엇이라고 하는가?	포커스 가능 요소(Focusable Element)는 키보드 내비게이션의 단위가 되는 요소입니다. 면접에서는 “왜 div는 Tab으로 안 가나” 같은 질문으로 이어질 수 있습니다. 실무에서는 기본적으로 a href, button, input, select, textarea 등이 포커스 가능하며, tabindex로 조절할 수 있습니다. 하지만 tabindex를 남발하면 포커스 순서가 깨지고 유지보수가 어려워질 수 있어 주의가 필요합니다. 또한 display none이나 disabled 상태에서는 포커스 가능성이 달라지므로, 동적 UI에서는 포커스 가능한 목록이 계속 바뀐다는 점을 고려해야 합니다. 포커스 가능 요소를 정확히 이해하면 포커스 트랩/순서/함정 문제를 빠르게 디버깅할 수 있습니다.	포커스 가능 요소									frontend	accessibility	a11y	html
Q729	탭 순서(Tab Order)		Frontend - Web Accessibility	16	INITIALS	MEDIUM	Tab 키로 이동할 때 포커스가 이동하는 전체 순서를 무엇이라고 하는가?	탭 순서(Tab Order)는 키보드 사용자 경험을 결정하는 가장 중요한 요소 중 하나입니다. 면접에서는 논리적 탭 순서를 어떻게 보장할지 질문이 나올 수 있습니다. 실무에서는 DOM 순서가 탭 순서의 기본이며, 시각적 배치만 바꾸면 순서가 어긋날 수 있습니다. 양수 tabindex로 억지로 정렬하는 것은 단기 해결처럼 보이지만, 컴포넌트가 늘면 유지보수가 매우 어려워져 추천되지 않습니다. 탭 순서는 폼, 내비게이션, 모달에서 특히 중요하며, 사용자가 예측 가능하게 이동할 수 있어야 합니다. 탭 순서가 깨지면 접근성뿐 아니라 전체 UX가 무너집니다.	탭 순서									frontend	accessibility	a11y	keyboard
Q730	로빙 포커스(Roving Focus)		Frontend - Web Accessibility	16	INITIALS	MEDIUM	목록 위젯에서 하나의 항목만 Tab으로 들어오게 하고 내부 이동은 방향키로 하도록 포커스를 이동시키는 패턴을 무엇이라고 하는가?	로빙 포커스(Roving Focus)는 로빙 탭인덱스와 함께 자주 언급되는 키보드 패턴입니다. 면접에서는 탭/메뉴/리스트박스에서 왜 이런 패턴이 필요한지 질문이 나옵니다. 실무에서 모든 항목을 Tab으로 돌게 하면 이동 횟수가 폭증해 사용성이 나빠집니다. 로빙 포커스를 적용하면 Tab으로 위젯에 진입한 뒤, 방향키로 항목을 탐색하는 자연스러운 흐름을 제공할 수 있습니다. 구현 시 선택 상태와 포커스 상태가 어긋나지 않도록 신경 써야 하며, Home/End 같은 보조 키 동작도 고려하면 품질이 올라갑니다. 표준 패턴을 따르는 것이 가장 안전합니다.	로빙 포커스									frontend	accessibility	a11y	keyboard
Q731	조작 가능성(Operable)		Frontend - Web Accessibility	16	INITIALS	MEDIUM	접근성 원칙에서 키보드로 조작 가능하고 시간 제한/발작 유발 등을 고려해 “조작할 수 있어야 함”을 뜻하는 원칙을 무엇이라고 하는가?	조작 가능성(Operable)은 WCAG의 4원칙 중 하나로, 사용자가 인터페이스를 실제로 조작할 수 있어야 한다는 뜻입니다. 면접에서는 WCAG 원칙을 물을 때 인지 가능, 조작 가능, 이해 가능, 견고함을 언급할 수 있으면 좋습니다. 실무에서는 키보드 접근, 충분한 시간 제공, 포커스 표시, 깜빡임 제한 같은 항목이 이 원칙에 포함됩니다. 단순히 “보이기”만 해서는 부족하고, 사용자가 목표를 달성할 수 있게 조작 흐름까지 보장해야 합니다. 조작 가능성은 특히 커스텀 컴포넌트에서 자주 깨지므로, 표준 키보드 패턴을 지키는 것이 중요합니다. 이 원칙은 접근성을 기능 요구사항으로 바라보게 해줍니다.	조작 가능성									frontend	accessibility	a11y	wcag
Q732	이해 가능성(Understandable)		Frontend - Web Accessibility	16	INITIALS	MEDIUM	접근성 원칙에서 예측 가능하고 일관되며 오류가 쉽게 설명되어 “이해할 수 있어야 함”을 뜻하는 원칙을 무엇이라고 하는가?	이해 가능성(Understandable)은 WCAG 4원칙 중 하나로, 정보와 조작 방식이 사용자가 이해할 수 있어야 한다는 의미입니다. 면접에서는 폼 오류 메시지의 명확성, 용어의 일관성, 예측 가능한 내비게이션을 예로 들어 설명할 수 있습니다. 실무에서는 자동 제출처럼 예측을 깨는 패턴이 이해 가능성을 해칠 수 있습니다. 또한 오류가 발생했을 때 “무엇이 문제인지, 어떻게 고칠지”를 알려야 사용자가 완료할 수 있습니다. 텍스트만의 문제가 아니라 인터랙션 전체의 일관성과 피드백 설계가 핵심입니다. 이해 가능성은 접근성과 UX가 가장 겹치는 영역입니다.	이해 가능성									frontend	accessibility	a11y	wcag
Q733	견고함(Robust)		Frontend - Web Accessibility	16	INITIALS	MEDIUM	접근성 원칙에서 다양한 브라우저/보조기기/미래 기술에서도 해석될 수 있도록 표준을 지키는 “호환성” 성격의 원칙을 무엇이라고 하는가?	견고함(Robust)은 WCAG 4원칙 중 하나로, 다양한 사용자 에이전트와 보조기기에서 콘텐츠가 해석 가능해야 한다는 의미입니다. 면접에서는 잘못된 ARIA나 비표준 마크업이 왜 문제인지 이 원칙으로 설명할 수 있습니다. 실무에서는 시맨틱 HTML 사용, 유효한 DOM 구조, ARIA 규칙 준수가 견고함을 높입니다. 또한 특정 브라우저에서만 동작하는 접근성 구현은 다른 환경에서 깨질 수 있어 크로스 테스트가 중요합니다. 견고함은 “지금만 되는” 접근성이 아니라 “어디서나 되는” 접근성에 가깝습니다. 장기적으로 유지되는 제품을 만들려면 이 원칙을 개발 문화에 녹여야 합니다.	견고함									frontend	accessibility	a11y	wcag
Q734	아리아 키숏컷(ARIA Keyshortcuts)		Frontend - Web Accessibility	16	INITIALS	HARD	특정 버튼이나 메뉴가 지원하는 키보드 단축키 정보를 보조기기에 알려주는 ARIA 속성은 무엇인가?	아리아 키숏컷(ARIA Keyshortcuts)은 컨트롤이 지원하는 단축키를 보조기기에 전달하기 위한 속성입니다. 단축키가 있더라도 사용자에게 노출되지 않으면 발견이 어렵고, 스크린 리더 사용자는 더 불리할 수 있습니다. 실무에서는 단축키를 설계할 때 충돌 가능성을 먼저 줄이고, 도움말 UI와 함께 이 속성으로 힌트를 제공하는 방식이 유용합니다. 다만 모든 환경에서 동일하게 안내되는 것은 아니라서, 이 속성만 믿고 단축키 안내를 생략하면 안 됩니다. 또한 단축키가 바뀌면 문서와 속성 값이 함께 업데이트되도록 관리 체계를 두는 것이 중요합니다.	아리아 키숏컷									frontend	accessibility	a11y	keyboard
Q735	아리아 에러메시지(ARIA Errormessage)		Frontend - Web Accessibility	16	INITIALS	HARD	입력 오류가 났을 때 어떤 오류 문구가 해당 필드의 에러인지 명시적으로 연결해 주는 ARIA 속성은 무엇인가?	아리아 에러메시지(ARIA Errormessage)는 특정 입력의 오류 메시지를 명확히 연결하기 위한 속성입니다. 단순히 오류 텍스트를 화면에 보여주는 것만으로는 보조기기에서 어떤 필드의 문제인지 인지하기 어려울 수 있습니다. 실무에서는 오류 상태 표시와 함께 이 연결을 정확히 설정하고, 오류가 해결되면 연결이나 상태도 즉시 갱신해야 합니다. 또한 오류 메시지가 동적으로 바뀌는 경우 id 참조가 깨지지 않게 고유 id 관리가 필요합니다. describedby와 역할이 겹치는 설계가 되지 않도록, 라벨과 설명과 오류를 각각 어떤 채널로 전달할지 정책을 정해두는 것이 좋습니다.	아리아 에러메시지									frontend	accessibility	a11y	forms
Q736	아리아 라이브 아토믹(ARIA Live Atomic)		Frontend - Web Accessibility	16	INITIALS	HARD	라이브 영역에서 일부만 바뀌어도 전체 문장을 한 번에 읽게 하도록 낭독 단위를 제어하는 ARIA 속성은 무엇인가?	아리아 라이브 아토믹(ARIA Live Atomic)은 라이브 영역의 변경을 부분이 아닌 전체로 읽게 만들 때 사용하는 속성입니다. 예를 들어 숫자만 바뀌는 UI에서 숫자만 읽히면 문맥이 부족해 사용자가 의미를 이해하기 어려울 수 있습니다. 실무에서는 변경 텍스트가 짧고 문맥이 명확할 때는 부분 낭독이 효율적이지만, 문맥 의존적이면 전체 낭독이 더 안전합니다. 다만 전체를 매번 읽게 하면 낭독이 과해져 방해가 될 수 있으므로, 업데이트 빈도와 길이를 함께 설계해야 합니다. 라이브 영역은 정확성뿐 아니라 소음 관리가 품질을 좌우합니다.	아리아 라이브 아토믹									frontend	accessibility	a11y	aria
Q737	아리아 라이브 릴레번트(ARIA Live Relevant)		Frontend - Web Accessibility	16	INITIALS	HARD	라이브 영역에서 추가 제거 텍스트 변경 중 어떤 유형의 변화만 읽을지 선택적으로 제어하는 ARIA 속성은 무엇인가?	아리아 라이브 릴레번트(ARIA Live Relevant)는 어떤 변화가 발생했을 때 보조기기가 무엇을 알릴지 범위를 조절하는 속성입니다. 실무에서 리스트가 갱신될 때 모든 변화가 다 읽히면 사용자는 오히려 핵심 정보를 놓칠 수 있습니다. 그래서 추가만 알릴지, 제거도 알릴지, 텍스트 변경도 알릴지 우선순위를 정하는 것이 중요합니다. 또한 변화가 잦은 영역에서는 요약 메시지로 전환해 낭독을 단순화하는 전략이 도움이 됩니다. 이 속성은 정교하지만 지원 차이가 있을 수 있어, 실제 스크린 리더 테스트로 기대 동작을 확인해야 합니다.	아리아 라이브 릴레번트									frontend	accessibility	a11y	aria
Q738	알림 다이얼로그(Alertdialog)		Frontend - Web Accessibility	16	INITIALS	HARD	즉시 주의를 요구하는 경고성 대화상자로, 열리면 강하게 낭독되고 포커스가 이동해야 하는 역할의 다이얼로그를 무엇이라고 하는가?	알림 다이얼로그(Alertdialog)는 일반 다이얼로그보다 더 긴급한 상황을 전달하기 위한 패턴입니다. 실무에서는 삭제 확인, 세션 만료, 결제 실패처럼 사용자가 즉시 판단해야 하는 상황에 쓰입니다. 중요한 점은 열릴 때 포커스가 다이얼로그로 확실히 이동하고, 키보드로 빠져나오거나 닫을 수 있는 경로가 명확해야 한다는 것입니다. 또한 너무 자주 사용하면 모든 메시지가 긴급처럼 들려 사용자 피로가 커지므로, 정말 중요한 경우에만 제한하는 것이 좋습니다. 제목과 설명이 논리적으로 구성되어야 낭독이 자연스럽고, 닫은 뒤 포커스 복귀까지 함께 설계해야 완성됩니다.	알림 다이얼로그									frontend	accessibility	a11y	modal
Q739	접근성 트리 프루닝(Accessibility Tree Pruning)		Frontend - Web Accessibility	16	INITIALS	HARD	display none이나 aria-hidden 같은 처리로 보조기기에서 요소가 탐색 대상에서 제외되는 현상을 무엇이라고 하는가?	접근성 트리 프루닝(Accessibility Tree Pruning)은 보조기기가 해석하는 접근성 트리에서 요소가 제외되는 현상을 말합니다. 실무에서는 숨김 처리 방식에 따라 화면에서는 안 보여도 보조기기에는 남아 읽히거나, 반대로 필요한 요소가 통째로 사라져 조작이 불가능해질 수 있습니다. 예를 들어 시각적 숨김은 트리에 남기고, 완전 숨김은 트리에서 제거하는 식으로 목적에 맞는 선택이 필요합니다. 또한 포커스 가능한 요소가 트리에서 제외되면 키보드 사용자가 갑자기 길을 잃는 문제가 생길 수 있습니다. 숨김 전략은 UI 상태 관리와 함께 설계되어야 하며, 접근성 트리 관점으로 디버깅하는 습관이 중요합니다.	접근성 트리 프루닝									frontend	accessibility	a11y	cs
Q740	가상 커서(Virtual Cursor)		Frontend - Web Accessibility	16	INITIALS	HARD	스크린 리더가 포커스 이동과 별개로 문서 탐색을 위해 사용하는 커서 기반 탐색 개념을 무엇이라고 하는가?	가상 커서(Virtual Cursor)는 스크린 리더가 문서를 탐색할 때 사용하는 별도의 탐색 방식입니다. 실무에서 개발자가 키 이벤트를 전역으로 가로채면 가상 커서 탐색과 충돌해 사용성이 크게 떨어질 수 있습니다. 면접에서는 스크린 리더가 항상 Tab만으로 움직이지 않는다는 점을 설명할 때 이 개념이 도움이 됩니다. 또한 가상 커서는 헤딩, 링크, 랜드마크 같은 시맨틱 구조를 적극 활용하므로, 문서 구조가 올바를수록 탐색 효율이 올라갑니다. 따라서 커스텀 위젯을 만들 때는 시맨틱과 표준 패턴을 지켜 보조기기 탐색 흐름을 깨지 않게 해야 합니다.	가상 커서									frontend	accessibility	a11y	screenreader
Q741	섀도 포커스 위임(Shadow Focus Delegation)		Frontend - Web Accessibility	16	INITIALS	HARD	웹 컴포넌트에서 호스트에 포커스를 주면 내부 첫 포커스 가능 요소로 포커스를 위임해 주는 동작을 무엇이라고 하는가?	섀도 포커스 위임(Shadow Focus Delegation)은 Shadow DOM 기반 컴포넌트에서 포커스 경험을 자연스럽게 만들기 위한 개념입니다. 실무에서는 커스텀 입력이나 버튼을 웹 컴포넌트로 만들 때 포커스가 호스트에만 머물면 사용자 경험이 어색해질 수 있습니다. 포커스를 내부로 위임하면 키보드 사용자가 기대하는 조작 흐름이 유지되지만, 내부 구조가 바뀔 때 포커스 대상이 달라질 수 있어 테스트가 중요합니다. 또한 접근성 이름과 역할이 호스트와 내부 요소 사이에서 어떻게 노출되는지도 함께 확인해야 합니다. Shadow DOM은 캡슐화가 장점이지만 접근성에서는 디버깅 난도가 올라가므로 설계 단계부터 전략을 세워야 합니다.	섀도 포커스 위임									frontend	accessibility	a11y	webcomponents
Q742	슬롯 접근성(Slot Accessibility)		Frontend - Web Accessibility	16	INITIALS	HARD	웹 컴포넌트에서 슬롯으로 주입된 콘텐츠가 접근성 이름이나 읽기 순서에 영향을 주는 설계 이슈를 무엇이라고 하는가?	슬롯 접근성(Slot Accessibility)은 slot에 들어가는 외부 콘텐츠가 컴포넌트의 이름, 설명, 읽기 흐름에 직접 영향을 주는 문제를 다룹니다. 실무에서는 버튼 컴포넌트에 아이콘만 슬롯으로 넣었는데 접근성 이름이 비어버리는 식의 결함이 흔합니다. 그래서 슬롯 사용 시 기본 텍스트 제공, 라벨 주입 규칙, aria-labelledby 연결 전략을 함께 마련해야 합니다. 또한 슬롯 콘텐츠가 조건부로 바뀌면 이름 계산이 달라질 수 있어 회귀 테스트가 중요합니다. 웹 컴포넌트는 재사용성이 높지만, 슬롯 설계가 느슨하면 접근성 품질이 프로젝트 전반에 퍼지기 때문에 디자인 시스템 차원의 가이드가 필요합니다.	슬롯 접근성									frontend	accessibility	a11y	webcomponents
Q743	아리아 롤디스크립션(ARIA Roledescription)		Frontend - Web Accessibility	16	INITIALS	HARD	보조기기에 읽히는 역할의 표현을 더 사용자 친화적인 문구로 보완하기 위해 사용하는 ARIA 속성은 무엇인가?	아리아 롤디스크립션(ARIA Roledescription)은 역할을 완전히 바꾸지 않으면서, 사용자에게 더 친숙한 설명으로 보완할 때 사용합니다. 실무에서는 커스텀 위젯이 기본 역할 낭독만으로는 이해가 어려울 때 보조 설명을 제공하려는 목적으로 고민할 수 있습니다. 하지만 이 속성은 남용하면 표준 역할 인식이 흐려지고, 사용자 학습에 방해가 될 수 있어 신중해야 합니다. 가능하면 먼저 시맨틱 구조와 이름을 개선하고, 마지막 보완 수단으로만 적용하는 것이 좋습니다. 적용 후에는 실제 스크린 리더에서 어떤 문구로 읽히는지 확인해 기대와 다르면 즉시 롤백할 수 있어야 합니다.	아리아 롤디스크립션									frontend	accessibility	a11y	aria
Q744	아리아 디테일즈(ARIA Details)		Frontend - Web Accessibility	16	INITIALS	HARD	요소에 대한 긴 추가 설명을 별도 영역으로 연결해 제공하는 ARIA 속성을 무엇이라고 하는가?	아리아 디테일즈(ARIA Details)는 짧은 설명만으로 부족할 때, 더 긴 상세 설명을 참조하도록 연결하는 개념입니다. 실무에서는 복잡한 차트, 특수 입력 규칙, 중요한 주의사항을 추가로 제공하고 싶을 때 고민하게 됩니다. 다만 모든 보조기기에서 동일하게 활용되는 것은 아니므로, 이 속성만으로 상세 설명 전달을 끝내면 안 됩니다. 화면에서도 접근 가능한 도움말 UI를 제공하고, 필요하면 describedby로 핵심 요약을 함께 제공하는 방식이 안전합니다. 상세 설명은 과도하면 낭독 부담이 커지므로, 요약과 상세를 분리해 사용자 선택권을 주는 설계가 좋습니다.	아리아 디테일즈									frontend	accessibility	a11y	aria
Q745	강제 색상 모드(Forced Colors Mode)		Frontend - Web Accessibility	16	INITIALS	HARD	운영체제 고대비 설정 등으로 색상이 강제로 재매핑될 때도 UI가 깨지지 않도록 대응해야 하는 환경을 무엇이라고 하는가?	강제 색상 모드(Forced Colors Mode)는 OS 고대비 환경에서 색상이 시스템 규칙으로 대체되는 상황을 말합니다. 실무에서는 배경 이미지로만 의미를 전달하거나, 얇은 보더로만 구분하는 UI가 이 모드에서 사라져버릴 수 있습니다. 그래서 아이콘과 경계, 상태 표시를 색상 외의 수단으로도 표현하고, 컨트롤이 구분되도록 구조를 설계해야 합니다. 또한 커스텀 체크박스나 토글은 강제 색상에서 상태가 보이지 않는 문제가 생길 수 있어, 네이티브 요소를 우선하거나 강제 색상 대응 스타일을 준비해야 합니다. 접근성은 일반 모드에서만 통과하는 것이 아니라, 보조 환경에서도 견고하게 동작해야 한다는 점이 핵심입니다.	강제 색상 모드									frontend	accessibility	a11y	css
Q746	포커스 스크롤 방지(Focus Prevent Scroll)		Frontend - Web Accessibility	16	INITIALS	HARD	포커스를 옮기되 화면이 갑자기 점프하지 않도록 스크롤 이동을 막는 포커스 제어 기법을 무엇이라고 하는가?	포커스 스크롤 방지(Focus Prevent Scroll)는 프로그램적으로 포커스를 이동할 때 발생하는 화면 점프를 줄이기 위한 기법입니다. 실무에서는 모달 열림이나 오류 포커스 이동 시 화면이 갑자기 움직이면 사용자가 맥락을 잃고 멀미처럼 느낄 수 있습니다. 그래서 포커스를 이동시키는 이유가 명확한 경우에만 적용하고, 필요하면 별도의 스크롤 애니메이션이나 안내 메시지로 사용자가 이해할 수 있게 돕습니다. 또한 스크롤을 막으면 포커스가 보이지 않는 위치에 남을 수 있으므로, 포커스가 실제로 보이는지 반드시 확인해야 합니다. 포커스 이동은 접근성을 위한 도구이지만, 화면 경험까지 함께 설계해야 완성도가 높아집니다.	포커스 스크롤 방지									frontend	accessibility	a11y	keyboard
Q747	아리아 체크드(ARIA Checked)		Frontend - Web Accessibility	16	INITIALS	HARD	체크박스나 토글 같은 선택 컨트롤의 선택 상태를 보조기기에 전달하기 위한 ARIA 상태 속성은 무엇인가?	아리아 체크드(ARIA Checked)는 체크 상태를 전달하는 핵심 상태 속성입니다. 실무에서 커스텀 체크박스를 div로 구현하면 시각적으로는 체크가 보이지만, 보조기기는 상태를 모를 수 있습니다. 이때 역할과 상태를 함께 제공하고, Space 키로 토글되는 기본 키보드 동작까지 구현해야 합니다. 또한 혼합 상태 같은 복잡한 상태를 표현하는 경우에는 상태 값 설계와 낭독이 기대대로 되는지 반드시 테스트해야 합니다. 가능하면 네이티브 input checkbox를 쓰는 것이 가장 안전하고, 커스텀 구현은 마지막 수단으로 두는 것이 좋습니다.	아리아 체크드									frontend	accessibility	a11y	aria
Q748	순차 포커스 탐색(Sequential Focus Navigation)		Frontend - Web Accessibility	16	INITIALS	HARD	브라우저가 Tab 키로 포커스를 이동시킬 때 따르는 규칙과 흐름 자체를 무엇이라고 하는가?	순차 포커스 탐색(Sequential Focus Navigation)은 Tab 기반 포커스 이동이 어떤 순서로 일어나는지에 대한 개념입니다. 실무에서는 DOM 순서가 기본이지만, tabindex 설정이나 숨김 처리에 따라 예상과 다르게 이동할 수 있어 버그가 생깁니다. 특히 포커스 가능한 요소가 동적으로 생성되거나 제거될 때, 포커스가 갑자기 다른 영역으로 튀는 문제가 발생할 수 있습니다. 면접에서는 tabindex 양수의 위험, 논리적 DOM 구성의 중요성을 이 개념과 함께 설명하면 설득력이 높습니다. 순차 포커스 탐색을 이해하면 키보드 접근성 문제를 구조적으로 디버깅할 수 있습니다.	순차 포커스 탐색									frontend	accessibility	a11y	keyboard
Q749	양수 탭인덱스(Positive Tabindex)		Frontend - Web Accessibility	16	INITIALS	HARD	포커스 순서를 강제로 재정렬하기 위해 tabindex에 1 이상 값을 넣는 방식과 그로 인한 실무 리스크를 가리키는 용어를 무엇이라고 하는가?	양수 탭인덱스(Positive Tabindex)는 포커스 순서를 임의로 바꾸기 위해 숫자를 부여하는 방식입니다. 단기적으로는 원하는 순서가 나오는 것처럼 보이지만, 컴포넌트가 늘거나 조건부 렌더링이 생기면 순서가 쉽게 깨져 유지보수가 매우 어려워집니다. 실무에서는 한 화면만 고치려다 전체 앱의 탭 흐름을 오염시키는 경우가 많아, 대부분 금지 규칙으로 두는 팀이 많습니다. 대신 DOM을 논리적 순서로 구성하고, 레이아웃은 CSS로 맞추는 접근이 더 안전합니다. 불가피한 경우에도 최소 범위로 제한하고, 키보드 전용 테스트를 반드시 수행해야 합니다.	양수 탭인덱스									frontend	accessibility	a11y	html
Q750	숨김 포커스 버그(Hidden Focus Bug)		Frontend - Web Accessibility	16	INITIALS	HARD	화면이나 접근성 트리에서는 숨겼는데 포커스는 여전히 들어가서 사용자가 보이지 않는 요소에 갇히는 문제를 무엇이라고 하는가?	숨김 포커스 버그(Hidden Focus Bug)는 보이지 않는 요소로 포커스가 들어가거나 빠져나오지 못하는 심각한 결함입니다. 실무에서는 opacity 0이나 화면 밖 이동 같은 방식으로 숨긴 요소가 여전히 포커스 가능해서 발생하는 경우가 많습니다. 이 문제는 키보드 사용자에게는 갑자기 조작이 멈춘 것처럼 느껴져 치명적입니다. 해결하려면 숨김 방식과 포커스 가능성, 접근성 트리 포함 여부를 함께 정리해야 하며, 상태 전환 시 포커스를 안전한 위치로 이동시키는 정책도 필요합니다. 특히 모달 열림과 닫힘, 드롭다운 토글 같은 UI에서 가장 흔하므로 릴리즈 전 키보드 탐색으로 반드시 확인해야 합니다.	숨김 포커스 버그									frontend	accessibility	a11y	keyboard
Q751	리플로우 사백퍼센트(Reflow 400 Percent)		Frontend - Web Accessibility	16	INITIALS	HARD	큰 확대 환경에서도 가로 스크롤 없이 콘텐츠가 재배치되어 사용 가능해야 한다는 고난도 확대 대응 요구를 무엇이라고 하는가?	리플로우 사백퍼센트(Reflow 400 Percent)는 고배율 확대에서도 콘텐츠가 잘리지 않고 재배치되어야 한다는 요구를 다룹니다. 실무에서는 고정 높이 카드, 절대 위치 배치, 폭 고정 표 등이 확대 시 겹침과 가로 스크롤을 유발해 접근성이 무너집니다. 그래서 상대 단위 사용, 유연한 레이아웃, 줄바꿈 허용 같은 설계를 기본값으로 두는 것이 좋습니다. 또한 버튼이나 입력이 화면 밖으로 밀리지 않게 최소 폭과 래핑 전략을 준비해야 합니다. 확대 대응은 저시력 사용자뿐 아니라 다양한 화면과 폰트 환경에서 품질을 높이는 효과가 있어, 디자인 시스템 차원에서 기준을 마련하는 것이 좋습니다.	리플로우 사백퍼센트									frontend	accessibility	a11y	responsive
Q752	보이스 컨트롤(Voice Control)		Frontend - Web Accessibility	16	INITIALS	HARD	사용자가 음성으로 버튼 이름을 말해 조작할 때, 보이는 텍스트와 접근성 이름 일치가 특히 중요해지는 입력 방식은 무엇인가?	보이스 컨트롤(Voice Control)은 음성 명령으로 UI를 조작하는 입력 방식으로, 접근성 이름에 크게 의존합니다. 실무에서는 버튼에 보이는 텍스트와 다른 aria-label을 부여하면 사용자가 말한 명령이 매칭되지 않아 조작이 실패할 수 있습니다. 그래서 보이는 라벨이 접근성 이름에 포함되도록 설계하고, 아이콘 버튼에는 명확한 텍스트 이름을 제공하는 것이 중요합니다. 또한 동적으로 이름이 바뀌는 UI는 음성 명령의 예측 가능성을 떨어뜨릴 수 있어, 상태 변화 시 명칭 규칙을 일관되게 유지하는 것이 좋습니다. 보이스 컨트롤 관점으로 테스트하면 접근성 이름 품질이 자연스럽게 좋아지고, 결과적으로 스크린 리더 사용자 경험도 함께 개선되는 경우가 많습니다.	보이스 컨트롤									frontend	accessibility	a11y	ux
Q753	이름 계산(Name Computation)		Frontend - Web Accessibility	16	INITIALS	HARD	보이는 텍스트, label, aria-label, aria-labelledby 등의 우선순위 규칙에 따라 요소의 접근성 이름이 결정되는 과정을 무엇이라고 하는가?	이름 계산(Name Computation)은 접근성 이름이 어떤 규칙으로 만들어지는지 설명하는 핵심 개념입니다. 면접에서는 “aria-label을 줬는데 왜 다른 텍스트가 읽히지?” 같은 형태로 출제될 수 있습니다. 실무에서는 버튼 안 텍스트, aria-labelledby 참조, aria-label 값 등 여러 출처가 경쟁하며, 규칙에 따라 최종 이름이 정해집니다. 이 규칙을 모르면 중복 낭독, 누락, 예상과 다른 이름으로 디버깅이 어려워집니다. 특히 아이콘 버튼, 복합 카드, 링크 텍스트 조합에서 문제가 자주 발생합니다. 이름 계산을 이해하면 접근성 트리에서 왜 그렇게 읽히는지 근거 있게 설명할 수 있습니다.	이름 계산									frontend	accessibility	a11y	aria
Q754	설명 계산(Description Computation)		Frontend - Web Accessibility	16	INITIALS	HARD	aria-describedby, desc, helptext 등으로 요소의 접근성 설명이 구성되는 규칙 기반 과정을 무엇이라고 하는가?	설명 계산(Description Computation)은 접근성 이름과 별개로 “설명”이 어떤 규칙으로 합쳐지는지에 대한 개념입니다. 면접에서는 label과 describedby를 구분하고, 설명이 언제 읽히는지 물을 수 있습니다. 실무에서는 도움말과 오류 메시지를 describedby로 연결할 때, 여러 id를 넣으면 어떤 순서로 읽히는지까지 고려해야 합니다. 설명이 너무 길거나 중복되면 입력할 때마다 낭독이 길어져 UX가 나빠질 수 있습니다. 또한 동적 오류 메시지가 바뀌면 설명이 최신으로 반영되는지 확인해야 합니다. 설명 계산을 이해하면 “왜 이 안내가 계속 읽히는지” 같은 현상을 정확히 조정할 수 있습니다.	설명 계산									frontend	accessibility	a11y	forms
Q755	포커스 보존(Focus Preservation)		Frontend - Web Accessibility	16	INITIALS	HARD	가상 DOM 재조정이나 리스트 리렌더링 후에도 사용자가 작업 중이던 포커스 위치를 유지하도록 설계하는 전략을 무엇이라고 하는가?	포커스 보존(Focus Preservation)은 SPA/React에서 접근성 품질을 결정하는 고난도 포인트입니다. 면접에서는 “리렌더링 후 포커스가 사라져요”를 어떻게 해결할지 물을 수 있습니다. 실무에서는 안정적인 key 설계, DOM 교체 최소화, ref로 포커스 대상 추적 같은 전략을 조합합니다. 특히 가상 리스트나 무한 스크롤에서는 항목이 언마운트되며 포커스가 날아가기 쉬워 더 어려워집니다. 삭제/정렬/필터링 같은 변화가 있을 때 포커스를 어디로 옮길지도 규칙으로 정해야 합니다. 포커스 보존은 사용자 작업 흐름을 “끊지 않는 것”이 핵심입니다.	포커스 보존									frontend	accessibility	a11y	react
Q756	인서션 포인트(Insertion Point)		Frontend - Web Accessibility	16	INITIALS	HARD	라이브 업데이트나 동적 삽입이 일어날 때, 새 콘텐츠가 사용자 맥락을 깨지 않도록 “어디에 끼워 넣을지”를 설계하는 개념을 무엇이라고 하는가?	인서션 포인트(Insertion Point)는 동적 콘텐츠가 들어올 위치가 접근성에 큰 영향을 준다는 점을 다룹니다. 면접에서는 알림/토스트/새 댓글 등 삽입 UI에서 읽기 흐름을 어떻게 유지할지로 질문이 나올 수 있습니다. 실무에서는 화면 상단에 무조건 끼워 넣으면 스크린 리더가 갑자기 다른 내용을 읽어 맥락이 끊길 수 있습니다. 그래서 사용자 현재 작업 영역과 독립된 status 영역에 요약 알림을 두고, 필요하면 “새 항목 보기”로 이동시키는 패턴이 더 안전합니다. 삽입 위치를 잘못 잡으면 정보는 제공되지만 사용성은 악화될 수 있어 균형이 필요합니다. 접근성은 단순 낭독이 아니라 작업 흐름 설계입니다.	인서션 포인트									frontend	accessibility	a11y	ux
Q757	생략 허용(Clipping Tolerance)		Frontend - Web Accessibility	16	INITIALS	HARD	줌/큰 글자 환경에서 텍스트가 잘리지 않도록 line-height, height 고정 등을 피해야 한다는 실무 설계 포인트를 무엇이라고 하는가?	생략 허용(Clipping Tolerance)은 확대/큰 글자 환경에서 텍스트가 잘리는 문제를 예방하는 설계 관점입니다. 면접에서는 “높이 고정 버튼이 확대에서 잘리면?” 같은 질문이 나올 수 있습니다. 실무에서는 고정 height, overflow hidden, line-height 과소 설정이 주된 원인이 됩니다. 그래서 버튼/칩/배지 같은 컴포넌트는 padding 기반으로 크기를 만들고, 줄바꿈이나 높이 확장을 허용하는 것이 안전합니다. 텍스트가 잘리면 정보 손실뿐 아니라 클릭 영역도 깨질 수 있어 치명적입니다. 디자인 시스템 단계에서 컴포넌트가 확대에 견딜 수 있는지 기준을 만들어두는 것이 좋습니다.	생략 허용									frontend	accessibility	a11y	css
Q758	포인터 취소( Pointer Cancellation )		Frontend - Web Accessibility	16	INITIALS	HARD	터치/포인터 입력에서 실수로 눌렀을 때 취소하거나 되돌릴 수 있어야 한다는 접근성 요구를 무엇이라고 하는가?	포인터 취소(Pointer Cancellation)는 실수 입력이 잦은 환경에서 매우 중요한 요구입니다. 면접에서는 “mousedown에서 바로 실행하면 위험한 이유”로 이어질 수 있습니다. 실무에서는 pointerdown에서 즉시 결제를 실행하는 식의 구현은 사용자가 손을 떼기 전에 취소할 기회를 없애 문제가 됩니다. 그래서 click(업 이벤트) 기반으로 실행하거나, 실행 후 되돌리기(undo) 제공, 확인 다이얼로그 같은 안전장치를 둡니다. 특히 드래그/스와이프 UI에서는 의도치 않은 입력이 발생하기 쉬워 더 중요합니다. 접근성은 장애 사용자만이 아니라 모든 사용자 실수 가능성을 포함한 설계입니다.	포인터 취소									frontend	accessibility	a11y	mobile
Q759	레이블 인 네임(Label in Name)		Frontend - Web Accessibility	16	INITIALS	HARD	보이는 라벨 텍스트가 접근성 이름에 포함되어야 음성 제어 등에서 조작이 잘 된다는 요구를 무엇이라고 하는가?	레이블 인 네임(Label in Name)은 보이는 텍스트와 접근성 이름 일치가 중요한 이유를 설명해주는 고급 기준입니다. 면접에서는 “버튼에 보이는 텍스트와 aria-label이 다르면?” 같은 질문에서 핵심이 됩니다. 실무에서는 보이는 라벨이 ‘저장’인데 aria-label이 ‘확인’이면 음성 제어 사용자가 “저장 눌러”라고 했을 때 매칭 실패가 날 수 있습니다. 또한 사용자는 화면에서 본 단어로 기능을 기억하므로, 읽히는 이름도 그 단어를 포함해야 학습 비용이 줄어듭니다. 따라서 가능한 labelledby로 보이는 텍스트를 이름으로 쓰거나, aria-label을 쓰더라도 보이는 텍스트를 포함시키는 규칙이 유용합니다. 이름 품질은 접근성 전반에 영향을 줍니다.	레이블 인 네임									frontend	accessibility	a11y	ux
Q760	상태 메시지 기준(Status Messages)		Frontend - Web Accessibility	16	INITIALS	HARD	입력 완료/저장 성공 같은 결과가 포커스 이동 없이도 보조기기에 전달되어야 한다는 기준을 무엇이라고 하는가?	상태 메시지 기준(Status Messages)은 동적 앱에서 결과 전달을 필수로 요구하는 관점입니다. 면접에서는 토스트가 스크린 리더에 읽히는지, 읽히면 어떤 role을 써야 하는지로 이어질 수 있습니다. 실무에서는 저장 성공처럼 사용자의 다음 행동을 돕는 메시지는 status로 조용히 알리고, 치명 오류는 alert로 강하게 알리는 식으로 강도를 조절합니다. 포커스를 빼앗지 않고도 전달해야 한다는 점이 중요하며, 그렇지 않으면 사용자는 결과를 모른 채 다시 버튼을 누를 수 있습니다. 또한 메시지가 너무 자주 나오면 소음이 되므로, 핵심만 요약해 제공하는 전략이 필요합니다. 상태 메시지 설계는 접근성과 UX를 동시에 개선합니다.	상태 메시지 기준									frontend	accessibility	a11y	aria
Q761	포커스 오더 복구(Focus Order Recovery)		Frontend - Web Accessibility	16	INITIALS	HARD	동적으로 요소가 생기고 사라질 때도 포커스 순서가 논리적으로 유지되도록 “순서 회복” 규칙을 두는 전략을 무엇이라고 하는가?	포커스 오더 복구(Focus Order Recovery)는 동적 UI에서 포커스가 꼬이는 문제를 구조적으로 해결하기 위한 전략입니다. 면접에서는 필터 토글로 요소가 늘었다 줄었다 할 때 탭 순서가 자연스러운지 설명하라고 할 수 있습니다. 실무에서는 조건부 렌더링으로 사라진 요소가 포커스를 가지고 있으면 포커스가 body로 튀는 문제가 생깁니다. 그래서 요소 제거 전에 다음 포커스 목적지를 결정하거나, 삭제 후 가장 가까운 논리적 이웃으로 이동시키는 규칙이 필요합니다. 또한 양수 tabindex 같은 임시방편은 장기적으로 더 큰 문제를 만들 수 있어 피하는 것이 좋습니다. 포커스 오더는 사용자의 작업 흐름이므로 “복구” 전략이 품질을 좌우합니다.	포커스 오더 복구									frontend	accessibility	a11y	keyboard
Q762	라이브 영역 소음( Live Region Noise )		Frontend - Web Accessibility	16	INITIALS	HARD	라이브 영역이 너무 잦거나 길게 업데이트되어 스크린 리더 사용자에게 과도한 낭독 부담을 주는 문제를 무엇이라고 하는가?	라이브 영역 소음(Live Region Noise)은 동적 알림을 설계할 때 가장 흔한 실패 패턴입니다. 면접에서는 라이브 영역을 쓸 때 주의점으로 “너무 많이 읽히면 안 된다”가 자주 언급됩니다. 실무에서는 로딩 퍼센트가 매초 바뀌는 것을 그대로 읽히게 하면 사용자는 본문을 탐색할 수 없게 됩니다. 그래서 업데이트를 스로틀링하거나, 중요한 변화만 요약해 알리는 방식이 필요합니다. 또한 atomic 설정이나 relevant 설정으로 낭독 범위를 줄이고, 필요하면 사용자 설정으로 알림을 끌 수 있게 하는 것도 좋은 전략입니다. 라이브 영역은 정확성보다 “적절한 빈도와 길이”가 더 중요할 때가 많습니다.	라이브 영역 소음									frontend	accessibility	a11y	aria
Q763	언마운트 포커스(Unmount Focus Loss)		Frontend - Web Accessibility	16	INITIALS	HARD	React 등에서 포커스 중인 요소가 언마운트되며 포커스가 사라져 사용자가 길을 잃는 문제를 무엇이라고 하는가?	언마운트 포커스(Unmount Focus Loss)는 SPA에서 매우 빈번하게 발생하는 접근성 결함입니다. 면접에서는 리스트 필터/정렬/삭제 후 포커스가 어디로 가야 하는지로 질문이 나올 수 있습니다. 실무에서는 포커스 중인 노드가 제거되면 브라우저가 적절히 복구하지 못해 포커스가 body로 이동하거나 사라집니다. 해결하려면 제거 전 포커스 스냅샷을 저장하고, 제거 후 적절한 대체 요소로 포커스를 복구하는 로직이 필요합니다. 또한 가상 리스트처럼 항목이 자동 언마운트되는 구조에서는 포커스 가능한 대체 UI(상단 요약, 리스트 컨테이너)를 준비해야 합니다. 이 문제를 해결하면 키보드 사용자 만족도가 크게 올라갑니다.	언마운트 포커스									frontend	accessibility	a11y	react
Q764	히스토리 상태 낭독(History State Announcement)		Frontend - Web Accessibility	16	INITIALS	HARD	뒤로 가기/앞으로 가기 등 히스토리 이동에서도 제목/상태가 적절히 업데이트되어 보조기기가 맥락을 유지하도록 하는 설계를 무엇이라고 하는가?	히스토리 상태 낭독(History State Announcement)은 SPA에서 특히 자주 놓치는 영역입니다. 면접에서는 라우팅만 바꾸고 title/포커스/상태를 갱신하지 않으면 어떤 문제가 생기는지로 출제될 수 있습니다. 실무에서는 뒤로 가기 시 화면은 바뀌었는데 제목이 이전 값으로 남거나, 라이브 메시지가 누락되어 사용자가 전환을 인지하지 못하는 문제가 생깁니다. 따라서 라우트 변경을 단일 이벤트로 보고 title, current 표시, 포커스 정책, 상태 메시지를 함께 업데이트하는 구조가 필요합니다. 또한 히스토리 스택과 분석/로그를 맞추면 디버깅이 쉬워집니다. 히스토리까지 챙기는 접근성은 제품 성숙도를 보여줍니다.	히스토리 상태 낭독									frontend	accessibility	a11y	spa
Q765	다중 라벨 연결(Multiple Labels)		Frontend - Web Accessibility	16	INITIALS	HARD	하나의 컨트롤에 대해 여러 텍스트를 aria-labelledby로 연결해 하나의 이름으로 합성하는 패턴을 무엇이라고 하는가?	다중 라벨 연결(Multiple Labels)은 복합 UI에서 접근성 이름을 정확히 만들기 위한 고급 패턴입니다. 면접에서는 가격 카드에서 “상품명 + 할인율 + 기간”을 하나의 버튼 이름으로 만들려면 어떻게 할지 물을 수 있습니다. 실무에서는 aria-labelledby에 여러 id를 나열하면 보조기기가 그 텍스트를 순서대로 합쳐 이름으로 읽습니다. 이때 순서가 곧 낭독 순서이므로, 사용자가 이해하기 쉬운 구조로 배치해야 합니다. 또한 조건부 렌더링으로 일부 텍스트가 사라지면 id 참조가 깨질 수 있으니 안정적인 DOM 구성과 id 관리가 중요합니다. 다중 라벨은 강력하지만 복잡하므로 컴포넌트 라이브러리에서 추상화하는 것이 좋습니다.	다중 라벨 연결									frontend	accessibility	a11y	aria
Q766	위젯 키보드 패턴(Widget Keyboard Pattern)		Frontend - Web Accessibility	16	INITIALS	HARD	탭, 메뉴, 콤보박스 등 각 위젯별로 기대되는 표준 키보드 조작 규칙을 무엇이라고 하는가?	위젯 키보드 패턴(Widget Keyboard Pattern)은 커스텀 위젯 구현의 정답을 제공하는 핵심 개념입니다. 면접에서는 “콤보박스는 Enter/ESC/Arrow가 어떻게 동작해야 하나”처럼 출제될 수 있습니다. 실무에서는 표준 패턴을 따르지 않으면 키보드 사용자와 스크린 리더 사용자가 학습 비용을 크게 치르게 됩니다. 그래서 ARIA Authoring Practices 같은 권장 패턴을 참고해 구현하고, QA에서 실제 키보드 흐름을 검증해야 합니다. 또한 패턴을 구현할 때 focus, selection, active descendant 상태가 분리되는 경우가 많아 상태 모델링이 중요합니다. 위젯 키보드 패턴을 이해하면 접근성 구현이 감이 아니라 “규격”이 됩니다.	위젯 키보드 패턴									frontend	accessibility	a11y	keyboard
Q767	액티브 디센던트(Active Descendant)		Frontend - Web Accessibility	16	INITIALS	HARD	포커스는 컨테이너에 둔 채, 내부 활성 항목을 aria-activedescendant로 가리켜 낭독과 탐색을 구현하는 패턴을 무엇이라고 하는가?	액티브 디센던트(Active Descendant)는 콤보박스/리스트박스 등에서 자주 쓰이는 고급 패턴입니다. 면접에서는 roving tabindex와 비교해 장단점을 설명하라는 질문이 나올 수 있습니다. 실무에서는 입력창에 포커스를 유지하면서도, 후보 목록에서 현재 활성 항목을 스크린 리더가 읽도록 해야 할 때 유용합니다. 이때 aria-activedescendant가 가리키는 id가 항상 존재해야 하고, 스크롤로 항목이 가려지지 않도록 관리해야 합니다. 가상 리스트처럼 항목이 언마운트되면 id 참조가 깨져 치명적 버그가 생길 수 있어 특히 주의해야 합니다. 이 패턴은 제대로 구현하면 UX가 뛰어나지만, 구현 난도와 테스트 비용이 높습니다.	액티브 디센던트									frontend	accessibility	a11y	aria
Q768	속성 반영(Reflected Attributes)		Frontend - Web Accessibility	16	INITIALS	HARD	웹 컴포넌트에서 프로퍼티 변경이 HTML 속성과 동기화되어 보조기기가 상태를 올바르게 인지하게 만드는 설계 포인트를 무엇이라고 하는가?	속성 반영(Reflected Attributes)은 웹 컴포넌트 접근성에서 중요한 개념입니다. 실무에서는 disabled, aria-expanded 같은 상태를 JS 프로퍼티로만 관리하면, 실제 DOM 속성이나 접근성 트리에 반영되지 않아 보조기기가 상태를 오해할 수 있습니다. 그래서 상태 변경을 속성으로도 반영해 외부 도구와 보조기기가 일관되게 해석하도록 만드는 전략이 필요합니다. 또한 프레임워크와 웹 컴포넌트를 섞으면 프로퍼티/속성 전달 방식이 달라 버그가 생기기 쉬워 계약을 명확히 해야 합니다. 이 설계가 잘 되면 자동화 테스트와 디버깅도 쉬워집니다. 웹 컴포넌트는 재사용성이 높지만 접근성은 “상태 동기화”가 관건입니다.	속성 반영									frontend	accessibility	a11y	webcomponents
Q769	폰트 메트릭스 이슈(Font Metrics Issue)		Frontend - Web Accessibility	16	INITIALS	HARD	폰트 교체나 로딩에 따라 글자 높이/줄 간격이 달라져 레이아웃이 흔들리며 접근성이 나빠지는 문제를 무엇이라고 하는가?	폰트 메트릭스 이슈(Font Metrics Issue)는 글꼴이 바뀌거나 로딩되면서 줄높이, 글자 폭이 달라져 UI가 튀는 현상을 다룹니다. 실무에서는 버튼 텍스트가 잘리거나, 레이아웃이 밀려 포커스 위치가 바뀌는 등 접근성 문제로 이어질 수 있습니다. 특히 확대 환경이나 사용자 지정 폰트 환경에서는 이 문제가 더 두드러집니다. 해결하려면 유연한 레이아웃, 충분한 line-height, 고정 height 회피, 폰트 로딩 전략 등을 함께 고려해야 합니다. 접근성은 시각적 안정성도 포함하며, 흔들리는 UI는 인지 부담을 크게 늘립니다. 디자인 시스템에서 폰트/타이포 규격을 정교하게 잡는 것이 중요합니다.	폰트 메트릭스 이슈									frontend	accessibility	a11y	css
Q770	입력 목적 표시(Input Purpose)		Frontend - Web Accessibility	16	INITIALS	HARD	자동완성 힌트로 이메일/이름/주소 같은 입력 목적을 알려 보조기기·브라우저 기능이 제대로 동작하게 하는 HTML 속성 개념을 무엇이라고 하는가?	입력 목적 표시(Input Purpose)는 입력 필드의 의미를 브라우저와 보조기기에 전달해 자동완성과 보조 기능을 돕는 개념입니다. 실무에서는 autocomplete 값을 올바르게 설정하면 모바일에서 적절한 키보드/자동완성 제안이 나오고, 사용자 입력 부담이 줄어듭니다. 반대로 잘못 설정하면 개인정보 자동완성이 엉뚱한 곳에 들어가거나, 사용자가 입력해야 할 정보를 다시 확인해야 하는 문제가 생깁니다. 면접에서는 접근성 관점에서 “사용자 입력을 줄이는 것이 왜 중요한가”로 확장될 수 있습니다. 또한 보안/프라이버시 관점에서 민감 필드에는 적절한 설정이 필요합니다. 입력 목적을 명확히 하면 UX와 접근성이 함께 좋아집니다.	입력 목적 표시									frontend	accessibility	a11y	html
Q771	사용자 설정 존중(User Preference Respect)		Frontend - Web Accessibility	16	INITIALS	HARD	감소된 모션, 고대비, 다크 모드 등 사용자의 OS/브라우저 접근성 선호 설정을 반영해 UI를 조정하는 원칙을 무엇이라고 하는가?	사용자 설정 존중(User Preference Respect)은 접근성 구현에서 점점 더 중요해지는 원칙입니다. 실무에서는 prefers-reduced-motion, prefers-color-scheme 같은 미디어 쿼리로 사용자의 선호를 반영할 수 있습니다. 면접에서는 애니메이션이 어지럼증을 유발할 수 있다는 점과, 이를 어떻게 완화할지로 출제될 수 있습니다. 또한 강제 색상 모드, 고대비 환경에서 경계/상태가 사라지지 않게 설계하는 것도 이 원칙과 연결됩니다. 사용자의 설정은 “취향”이 아니라 접근성 요구일 수 있으므로, 기본값을 강요하지 않고 선택권을 제공하는 것이 중요합니다. 이 원칙을 지키면 제품 신뢰도가 올라갑니다.	사용자 설정 존중									frontend	accessibility	a11y	css
Q772	렌더링 시점 낭독(Render Timing Announcement)		Frontend - Web Accessibility	16	INITIALS	HARD	화면 전환 직후 낭독이 일어나야 하는데, 비동기 렌더링/애니메이션 때문에 타이밍이 어긋나 안내가 누락되는 문제를 무엇이라고 하는가?	렌더링 시점 낭독(Render Timing Announcement)은 동적 UI에서 안내가 “언제” 읽히는지가 중요하다는 문제를 다룹니다. 실무에서는 모달이 열렸다고 포커스를 줬는데 애니메이션 중이라 실제 포커스가 실패하거나, 라이브 영역 메시지가 DOM에 잠깐만 존재해 읽히지 않는 문제가 생깁니다. 그래서 렌더 완료 후 포커스를 이동시키거나, 메시지를 충분히 유지하고 업데이트 타이밍을 제어하는 전략이 필요합니다. 또한 프레임워크의 배치 업데이트나 전환 효과가 접근성 이벤트와 충돌할 수 있으므로, 실제 스크린 리더에서 확인하는 테스트가 중요합니다. 타이밍 문제는 재현이 어렵기 때문에, 설계 단계에서 접근성 이벤트 흐름을 명확히 정의하는 것이 좋습니다. 정확한 안내는 내용뿐 아니라 “타이밍”이 결정합니다.	렌더링 시점 낭독									frontend	accessibility	a11y	spa
Q773	폼 컨트롤 이름 계산(Form Control Name Computation)		Frontend - Web Accessibility	16	INITIALS	HARD	input의 label, aria-label, aria-labelledby, placeholder 등이 섞일 때 최종 접근성 이름이 어떤 규칙으로 정해지는지 설명하는 개념을 무엇이라고 하는가?	폼 컨트롤 이름 계산(Form Control Name Computation)은 폼 입력의 접근성 이름이 만들어지는 규칙을 다루는 고급 주제입니다. 면접에서는 “placeholder를 라벨로 쓰면 왜 안 되나” 같은 질문에서 이 개념이 핵심이 됩니다. 실무에서는 label 연결이 기본이며, aria-label은 보이는 라벨과 불일치할 위험이 있고, labelledby는 보이는 텍스트를 재사용할 수 있어 안정적입니다. placeholder는 힌트일 뿐 이름으로 신뢰하면 안 되며, 입력 중 사라져 인지 부담이 커집니다. 여러 출처가 동시에 존재하면 예상과 다른 이름이 만들어져 디버깅이 어려워질 수 있습니다. 규칙을 이해하면 중복 낭독과 누락을 체계적으로 해결할 수 있습니다.	폼 컨트롤 이름 계산									frontend	accessibility	a11y	forms
Q774	포커스 트랩 구현(Focus Trap Implementation)		Frontend - Web Accessibility	16	INITIALS	HARD	모달이 열려 있는 동안 포커스가 모달 밖으로 나가지 않게 하고, 닫히면 원래 위치로 복귀시키는 구현 전략을 무엇이라고 하는가?	포커스 트랩 구현(Focus Trap Implementation)은 모달 접근성의 핵심 중 핵심입니다. 면접에서는 “포커스 트랩이 왜 필요한가”와 “키보드 함정과 차이”가 단골입니다. 실무에서는 모달 내부에서 Tab 순환이 되도록 관리하되, ESC/닫기 버튼으로 탈출 경로를 반드시 제공합니다. 또한 닫을 때 트리거 버튼으로 포커스를 복귀시키지 않으면 사용자는 이전 작업 위치를 잃습니다. 포털 렌더링, 중첩 모달, 드로어 같은 패턴에서는 트랩 범위가 꼬이기 쉬워 테스트가 필수입니다. 트랩은 보호 장치지만 잘못 구현하면 함정이 되므로, 표준 패턴을 따르는 것이 가장 안전합니다.	포커스 트랩 구현									frontend	accessibility	a11y	modal
Q775	포커스 가드(Focus Guard)		Frontend - Web Accessibility	16	INITIALS	HARD	포커스 트랩을 만들 때 모달 앞뒤에 숨은 포커스 가능 요소를 두어 Tab 순환을 안정화하는 기법을 무엇이라고 하는가?	포커스 가드(Focus Guard)는 포커스 트랩 구현에서 자주 쓰이는 실무 기법입니다. 면접에서는 “Tab이 바깥으로 빠져나가요”를 어떻게 막을지 질문으로 이어질 수 있습니다. 실무에서는 모달 시작과 끝에 포커스 가능한 가드를 두고, 가드에 포커스가 오면 반대쪽 끝으로 이동시키는 방식으로 순환을 보장합니다. 다만 가드가 스크린 리더에 불필요하게 읽히지 않도록 숨김 처리와 역할 설정을 신중히 해야 합니다. 또한 중첩 모달이나 드로어에서는 가드의 우선순위와 활성 범위를 명확히 관리해야 합니다. 구현은 단순해 보이지만 디테일을 놓치면 접근성 결함으로 이어집니다.	포커스 가드									frontend	accessibility	a11y	keyboard
Q776	모달 배경 비활성(Inert Background)		Frontend - Web Accessibility	16	INITIALS	HARD	모달이 열렸을 때 배경 콘텐츠가 포커스/클릭/스크린 리더 탐색 대상이 되지 않도록 비활성화하는 전략을 무엇이라고 하는가?	모달 배경 비활성(Inert Background)은 포커스 트랩만큼 중요한 모달 접근성 요소입니다. 면접에서는 “스크린 리더가 모달 뒤를 읽어요” 같은 문제로 출제될 수 있습니다. 실무에서는 배경을 inert 처리하거나, aria-hidden을 적절히 적용해 모달 외부가 탐색되지 않게 만듭니다. 하지만 aria-hidden을 잘못 적용하면 모달 자체가 숨겨지는 치명적 실수가 생길 수 있어 적용 범위를 엄격히 해야 합니다. 또한 배경이 비활성화되었는데도 스크롤이 움직이거나 포커스가 빠져나가면 사용자는 혼란을 느낍니다. 배경 비활성은 “사용자 맥락을 모달로 고정”하는 설계입니다.	모달 배경 비활성									frontend	accessibility	a11y	modal
Q777	모달 제목 연결(Dialog Labelling)		Frontend - Web Accessibility	16	INITIALS	HARD	다이얼로그가 열렸을 때 스크린 리더가 “무슨 대화상자인지” 제목을 정확히 읽도록 aria-labelledby로 연결하는 패턴을 무엇이라고 하는가?	모달 제목 연결(Dialog Labelling)은 다이얼로그 접근성의 필수 체크 항목입니다. 면접에서는 role=dialog만 두면 충분한지 질문할 수 있습니다. 실무에서는 제목을 aria-labelledby로 연결해 다이얼로그의 이름을 명확히 만들고, 필요하면 설명을 describedby로 추가합니다. 제목이 없으면 스크린 리더는 “대화상자”만 읽어 사용자가 맥락을 파악하기 어렵습니다. 특히 여러 모달이 있는 서비스에서는 제목이 정확해야 사용자 혼란이 줄어듭니다. 또한 제목 텍스트가 조건부 렌더링으로 바뀌면 연결이 깨지지 않게 id를 안정적으로 유지해야 합니다. 모달은 “이름+설명+조작”이 세트입니다.	모달 제목 연결									frontend	accessibility	a11y	aria
Q778	ARIA 모달(ARIA Modal)		Frontend - Web Accessibility	16	INITIALS	HARD	다이얼로그가 열렸을 때 배경을 모달 밖으로 취급하도록 보조기기에 힌트를 주는 ARIA 속성을 무엇이라고 하는가?	ARIA 모달(ARIA Modal)은 다이얼로그가 모달임을 보조기기에 전달하기 위한 속성입니다. 면접에서는 aria-modal을 언제 쓰고, 배경 숨김과 어떻게 조합하는지로 질문이 나올 수 있습니다. 실무에서는 aria-modal만으로 모든 보조기기가 완벽히 배경을 무시하는 것은 아니기 때문에, 포커스 트랩과 배경 비활성(또는 aria-hidden/inert)과 함께 설계하는 것이 안전합니다. 또한 모달 내부의 첫 포커스 위치와 닫기 후 포커스 복귀까지 함께 구현해야 실제 사용성이 확보됩니다. 중첩 모달에서는 aria-modal 사용이 더 복잡해질 수 있어, 가능하면 중첩을 피하거나 스택 규칙을 확실히 두는 것이 좋습니다. aria-modal은 “힌트”일 뿐, 전체 접근성 설계의 일부로 봐야 합니다.	아리아 모달									frontend	accessibility	a11y	modal
Q779	응답형 테이블 접근성(Responsive Table A11y)		Frontend - Web Accessibility	16	INITIALS	HARD	테이블을 카드 형태로 변환하거나 열을 숨길 때도 헤더-셀 관계가 유지되어야 하는 접근성 설계 이슈를 무엇이라고 하는가?	응답형 테이블 접근성(Responsive Table A11y)은 실무에서 매우 까다로운 영역입니다. 면접에서는 모바일에서 표를 어떻게 접근성 있게 보여줄지로 출제될 수 있습니다. 실무에서 카드형으로 바꾸면 시각적으로는 좋아도 스크린 리더는 헤더 관계를 잃고 값의 의미를 알기 어려워집니다. 그래서 th, scope, headers/id 연결 등 관계를 유지하거나, 카드형 레이아웃에서는 레이블-값 구조를 명확히 제공해야 합니다. 열을 숨길 때도 숨김 방식에 따라 읽기 흐름이 깨질 수 있어 테스트가 필수입니다. 표는 “관계”가 핵심이므로, 반응형에서도 관계 정보를 잃지 않게 설계해야 합니다.	응답형 테이블 접근성									frontend	accessibility	a11y	html
Q780	데이터 테이블 헤더 연결(Table Header Association)		Frontend - Web Accessibility	16	INITIALS	HARD	복잡한 표에서 셀과 헤더의 관계를 headers/id 또는 scope로 명시해 보조기기가 의미를 추적하게 하는 패턴을 무엇이라고 하는가?	데이터 테이블 헤더 연결(Table Header Association)은 복잡한 표 접근성의 핵심 기법입니다. 면접에서는 scope만으로 충분한 경우와 headers/id가 필요한 경우를 구분할 수 있는지 볼 수 있습니다. 실무에서는 다단 헤더, 행/열 헤더가 섞인 표에서 스크린 리더가 “이 값이 무엇을 의미하는지”를 헤더 낭독으로 알려줍니다. 헤더 연결이 없으면 사용자는 숫자만 듣고 맥락을 잃게 됩니다. 또한 표를 정렬하거나 필터링할 때 헤더 텍스트가 바뀌면 연결이 유지되는지도 확인해야 합니다. 테이블 접근성은 구현이 번거롭지만, 금융/통계/관리자 화면에서 특히 중요합니다.	테이블 헤더 연결									frontend	accessibility	a11y	html
Q781	캔버스 대체(Canvas Fallback)		Frontend - Web Accessibility	16	INITIALS	HARD	canvas로 그린 그래프/게임 UI가 보조기기에서 의미를 잃지 않도록 텍스트나 ARIA로 대체 정보를 제공하는 전략을 무엇이라고 하는가?	캔버스 대체(Canvas Fallback)는 시각 렌더링 중심 UI에서 접근성을 확보하는 고난도 주제입니다. 면접에서는 “캔버스는 스크린 리더가 읽을 수 있나”로 출제될 수 있습니다. 실무에서는 캔버스 내부 요소는 기본적으로 접근성 트리에 노출되지 않기 때문에, 동일한 정보를 텍스트로 제공하거나 별도의 DOM 구조로 대체해야 합니다. 차트라면 데이터 테이블, 요약 문장, 필터/범례를 키보드로 조작 가능하게 제공하는 식의 설계가 필요합니다. 또한 게임 UI라면 상태(점수, 남은 시간)를 라이브 영역으로 요약 제공하는 전략도 고려합니다. 핵심은 “동일한 정보와 조작”을 다른 채널로 제공하는 것입니다.	캔버스 대체									frontend	accessibility	a11y	canvas
Q782	차트 요약(Chart Summary)		Frontend - Web Accessibility	16	INITIALS	HARD	복잡한 시각화에서 핵심 인사이트(추세, 최대/최소, 비교)를 텍스트로 요약해 접근성을 높이는 전략을 무엇이라고 하는가?	차트 요약(Chart Summary)은 그래프를 “볼 수 없는 사용자”도 이해할 수 있게 만드는 실무 전략입니다. 면접에서는 차트 접근성에서 무엇이 최소 요구인지 질문이 나올 수 있습니다. 실무에서는 “지난 7일 상승 추세, 최고는 월요일, 최저는 수요일” 같은 핵심 해석을 제공하면 정보 접근성이 크게 좋아집니다. 단순히 데이터 테이블만 제공하면 읽는 부담이 커질 수 있어 요약과 원본 데이터를 함께 제공하는 구성이 좋습니다. 또한 필터나 기간 변경 시 요약도 함께 업데이트되어야 하며, 업데이트를 라이브 영역으로 알릴지 정책을 정해야 합니다. 접근성은 데이터를 ‘이해 가능한 형태’로 전달하는 일입니다.	차트 요약									frontend	accessibility	a11y	data
Q783	무한 스크롤 접근성(Infinite Scroll A11y)		Frontend - Web Accessibility	16	INITIALS	HARD	스크롤로 항목이 계속 로드되는 UI에서 포커스/위치/로드 알림이 깨지지 않도록 설계하는 접근성 이슈를 무엇이라고 하는가?	무한 스크롤 접근성(Infinite Scroll A11y)은 포커스 보존과 상태 메시지 설계가 동시에 요구되는 난도 높은 문제입니다. 면접에서는 “더 보기 버튼 vs 무한 스크롤”의 접근성 차이를 물을 수 있습니다. 실무에서는 새 항목이 로드될 때 사용자가 현재 어디까지 봤는지 잃기 쉬우므로, “더 보기” 버튼을 제공하거나 로드 완료 후 상태 메시지를 요약해 주는 전략이 유용합니다. 또한 가상 리스트로 항목이 언마운트되면 액티브 디센던트나 포커스 참조가 깨질 수 있어 주의가 필요합니다. 스크린 리더는 새 콘텐츠 삽입을 자동으로 알아채지 못할 수 있으므로, 알림 채널을 마련해야 합니다. 무한 스크롤은 편리하지만 접근성 비용이 높아 설계 단계에서 선택을 신중히 해야 합니다.	무한 스크롤 접근성									frontend	accessibility	a11y	ux
Q784	가상 리스트 접근성(Virtual List A11y)		Frontend - Web Accessibility	16	INITIALS	HARD	성능을 위해 화면 밖 항목을 DOM에서 제거하는 가상화 리스트에서 스크린 리더 탐색과 포커스가 깨지는 문제를 다루는 이슈를 무엇이라고 하는가?	가상 리스트 접근성(Virtual List A11y)은 성능 최적화와 접근성이 충돌하는 대표 사례입니다. 면접에서는 “가상화가 접근성에 어떤 영향을 주나”가 고난도 질문으로 나올 수 있습니다. 실무에서 항목이 언마운트되면 헤더/항목 관계, aria-activedescendant 참조, 포커스 보존이 깨질 수 있습니다. 그래서 스크린 리더 사용자를 위해 “가상화 비활성 모드”, “페이지네이션”, “더 보기 버튼” 같은 대안을 제공하는 팀도 많습니다. 또한 항목 개수, 현재 위치 정보를 별도로 제공해 사용자가 리스트 규모를 이해하게 해야 합니다. 성능만 보고 가상화를 적용하면 접근성이 크게 떨어질 수 있으니, 사용자군을 고려한 선택이 필요합니다.	가상 리스트 접근성									frontend	accessibility	a11y	performance
Q785	링크 목적 컨텍스트(Link Purpose Context)		Frontend - Web Accessibility	16	INITIALS	HARD	“자세히” 같은 모호한 링크 텍스트를 컨텍스트로 보완해 링크 목적이 명확해야 한다는 접근성 요구를 무엇이라고 하는가?	링크 목적 컨텍스트(Link Purpose Context)는 링크 텍스트만 봐도 어디로 가는지 알 수 있어야 한다는 요구를 다룹니다. 면접에서는 “자세히” 링크를 여러 개 두면 왜 문제인지 물을 수 있습니다. 실무에서 스크린 리더 사용자는 링크 목록만 뽑아 탐색하는 경우가 많아, 링크 텍스트가 모호하면 모두 같은 링크처럼 들립니다. 해결책으로는 링크 텍스트 자체를 구체화하거나, aria-label로 컨텍스트를 보완하거나, 제목과 링크를 labelledby로 결합하는 방식이 있습니다. 다만 aria-label로만 해결하면 보이는 텍스트와 불일치해 음성 제어에서 문제가 생길 수 있으므로, 가능한 보이는 텍스트를 개선하는 것이 좋습니다. 링크 목적은 네비게이션의 기본이며, 명확하면 SEO와 UX도 함께 좋아집니다.	링크 목적 컨텍스트									frontend	accessibility	a11y	navigation
Q786	반복 블록 식별(Identify Repeated Blocks)		Frontend - Web Accessibility	16	INITIALS	HARD	반복되는 영역을 건너뛸 수 있도록 스킵 링크나 랜드마크로 반복 블록을 식별해야 한다는 요구를 무엇이라고 하는가?	반복 블록 식별(Identify Repeated Blocks)은 스킵 링크/랜드마크 설계의 근거가 되는 요구입니다. 면접에서는 “왜 nav, main 같은 랜드마크가 중요한가”로 확장될 수 있습니다. 실무에서는 헤더/사이드바/푸터 같은 반복 블록이 길수록 키보드 사용자는 매번 같은 이동을 반복해야 합니다. 이를 줄이기 위해 스킵 링크를 제공하고, nav/main/footer 같은 구조를 명확히 해 보조기기 탐색을 빠르게 합니다. 단순히 태그만 넣고 목적지가 불명확하면 효과가 떨어지므로, 실제로 이동과 낭독이 자연스럽게 되는지 테스트가 필요합니다. 반복 블록 식별은 페이지 규모가 커질수록 체감 효과가 커집니다.	반복 블록 식별									frontend	accessibility	a11y	semantics
Q787	드래그 앤 드롭 접근성(Drag and Drop A11y)		Frontend - Web Accessibility	16	INITIALS	HARD	드래그로만 가능한 정렬/이동 기능에 대해 키보드 대체 조작과 상태 안내를 제공해야 하는 접근성 이슈를 무엇이라고 하는가?	드래그 앤 드롭 접근성(Drag and Drop A11y)은 구현 난도가 높은 편이며, 면접에서도 실무 감각을 보기 좋은 주제입니다. 실무에서는 마우스로 드래그만 가능하면 키보드/스크린 리더 사용자는 기능을 사용할 수 없습니다. 그래서 위/아래 이동 버튼, 키보드 단축키, 이동 완료/현재 위치 안내 같은 대체 조작을 제공해야 합니다. 또한 “선택됨”, “이동 모드”, “현재 대상” 같은 상태를 명확히 전달해야 사용자가 혼란 없이 조작할 수 있습니다. 목록이 길면 이동 횟수가 많아지므로 점프 이동이나 위치 입력 같은 보조 기능도 고려할 수 있습니다. 드래그 기능은 멋있지만 접근성 비용이 크니 설계 단계에서부터 대안을 준비해야 합니다.	드래그 앤 드롭 접근성									frontend	accessibility	a11y	ui
Q788	자동 재생 제어(Autoplay Control)		Frontend - Web Accessibility	16	INITIALS	HARD	소리/영상이 자동 재생될 때 사용자가 쉽게 정지/음소거할 수 있어야 한다는 접근성 요구를 무엇이라고 하는가?	자동 재생 제어(Autoplay Control)는 인지 부담과 방해 요소를 줄이기 위한 중요한 요구입니다. 면접에서는 “자동 재생이 왜 문제인가”로 출제될 수 있습니다. 실무에서 자동 재생 오디오는 스크린 리더 낭독을 가려버려 치명적이며, 사용자 집중을 깨뜨립니다. 그래서 기본은 자동 재생을 피하고, 불가피하면 즉시 정지/음소거 컨트롤을 제공하며 키보드로도 조작 가능해야 합니다. 또한 움직이는 콘텐츠는 감소된 모션 선호 설정을 존중해 자동 재생을 줄이는 전략이 유용합니다. 자동 재생 제어는 접근성뿐 아니라 전반적인 UX 품질을 높입니다.	자동 재생 제어									frontend	accessibility	a11y	media
Q789	타임아웃 경고(Timeout Warning)		Frontend - Web Accessibility	16	INITIALS	HARD	로그인 세션 만료 등 시간 제한이 있을 때, 사용자에게 사전 경고와 연장 수단을 제공해야 한다는 접근성 요구를 무엇이라고 하는가?	타임아웃 경고(Timeout Warning)은 시간 제한이 있는 시스템에서 매우 중요한 접근성 요구입니다. 면접에서는 “세션 만료 UX를 어떻게 접근성 있게 설계하나”로 질문이 나올 수 있습니다. 실무에서는 만료 전에 충분히 경고하고, 연장 버튼을 제공하며, 키보드로 쉽게 조작 가능해야 합니다. 경고는 라이브 영역 또는 모달로 제공할 수 있는데, 긴급도를 적절히 조절하는 것이 중요합니다. 또한 사용자가 입력 중인 내용이 사라지지 않도록 임시 저장 같은 보완책이 있으면 더 좋습니다. 시간 제한은 인지/운동 제약이 있는 사용자에게 특히 불리하므로, 정책적으로 완화하는 방향이 접근성에 유리합니다.	타임아웃 경고									frontend	accessibility	a11y	ux
Q790	멀티 스텝 폼 접근성(Multi-step Form A11y)		Frontend - Web Accessibility	16	INITIALS	HARD	단계형 폼에서 현재 단계, 남은 단계, 오류 위치, 이전/다음 이동을 보조기기에 명확히 전달해야 하는 이슈를 무엇이라고 하는가?	멀티 스텝 폼 접근성(Multi-step Form A11y)은 상태 전달과 포커스 관리가 복합적으로 요구되는 고난도 주제입니다. 면접에서는 스텝퍼를 접근성 있게 만들려면 무엇이 필요한지 물을 수 있습니다. 실무에서는 현재 단계 표시(aria-current 등), 진행률 안내, 다음 단계로 넘어갈 때 제목/포커스 이동, 오류가 있는 단계로의 빠른 이동 제공이 중요합니다. 단계가 바뀌면 사용자 맥락이 크게 전환되므로, 상태 메시지로 “2단계: 배송지”처럼 요약 알림을 제공하면 도움이 됩니다. 또한 뒤로 가기 시 입력 값 유지, 자동 스크롤 점프 방지 같은 UX 요소도 접근성과 맞물립니다. 단계형 폼은 전환이 많아 테스트 케이스가 많으니, 패턴을 표준화해 컴포넌트로 제공하는 것이 좋습니다.	멀티 스텝 폼 접근성									frontend	accessibility	a11y	forms
Q791	방향 전환 대응(Orientation Support)		Frontend - Web Accessibility	16	INITIALS	HARD	모바일에서 가로/세로 회전 시에도 기능이 제한되지 않고 콘텐츠가 유지되어야 한다는 접근성 요구를 무엇이라고 하는가?	방향 전환 대응(Orientation Support)은 모바일 접근성에서 자주 놓치는 요구입니다. 면접에서는 “세로 고정 앱이 왜 문제인가”로 출제될 수 있습니다. 실무에서는 화면 회전을 막으면 특정 보조기기 설정이나 거치 환경에서 사용이 어려워질 수 있습니다. 따라서 특정 방향이 꼭 필요하지 않다면 회전 제한을 두지 않고, 레이아웃이 유연하게 대응하도록 설계하는 것이 안전합니다. 또한 회전 시 폼 입력이 초기화되거나 포커스가 날아가는 문제는 접근성뿐 아니라 UX에도 치명적이므로 상태 보존이 중요합니다. 방향 전환은 단순 반응형이 아니라 “기능 유지” 관점에서 점검해야 합니다. 모바일 중심 서비스일수록 이 요구의 우선순위가 올라갑니다.	방향 전환 대응									frontend	accessibility	a11y	mobile
Q792	키 이벤트 충돌(Key Event Conflict)		Frontend - Web Accessibility	16	INITIALS	HARD	전역 단축키나 커스텀 키 처리로 인해 스크린 리더/브라우저 기본 키보드 동작과 충돌하는 문제를 무엇이라고 하는가?	키 이벤트 충돌(Key Event Conflict)은 접근성 이슈 중 재현이 어렵고 파급이 큰 문제입니다. 면접에서는 “왜 document에서 keydown을 막으면 안 되나”로 출제될 수 있습니다. 실무에서는 단축키를 만들면서 preventDefault를 남발하면 Tab 이동, 스크린 리더 단축키, 텍스트 편집 동작이 깨질 수 있습니다. 특히 스크린 리더는 자체 단축키가 많아 충돌 위험이 높으므로, 단축키는 사용자 설정으로 끄거나 수정 가능하게 두는 것이 좋습니다. 또한 입력 필드에서는 단축키가 동작하지 않게 예외 처리를 두는 등 안전장치가 필요합니다. 키 이벤트는 접근성의 핵심 경로이므로, “최소 개입” 원칙으로 설계해야 합니다.	키 이벤트 충돌									frontend	accessibility	a11y	keyboard
Q793	아리아 오운즈(ARIA Owns)		Frontend - Web Accessibility	16	INITIALS	HARD	DOM 순서와 다르게 보조기기 탐색 순서를 재구성하기 위해, 한 요소가 다른 요소를 “소유”한다고 선언하는 ARIA 속성을 무엇이라고 하는가?	아리아 오운즈(ARIA Owns)는 접근성 트리에서의 부모-자식 관계를 재배치하는 데 쓰이는 속성입니다. 시각적 레이아웃과 DOM 구조가 크게 다를 때 읽기 순서를 맞추려는 유혹이 생기지만, 잘못 쓰면 탐색이 비정상적으로 꼬일 수 있습니다. 실무에서는 가능한 한 DOM을 논리적 순서로 유지하고, 이 속성은 정말 불가피한 경우에만 신중하게 씁니다. 특히 포커스 이동, 스크린 리더 탐색, 이벤트 타깃이 서로 어긋나 디버깅 난도가 급격히 올라갈 수 있습니다. 적용 후에는 최소 한 가지 스크린 리더와 키보드 탐색으로 실제 순서가 의도대로인지 확인해야 합니다. “구조를 바꾸는 속성”이라는 점을 잊으면 위험합니다.	아리아 오운즈									frontend	accessibility	a11y	hard
Q794	아리아 포신셋(ARIA Posinset)		Frontend - Web Accessibility	16	INITIALS	HARD	목록이나 옵션 집합에서 “현재 항목이 몇 번째인지”를 보조기기에 알려주기 위해 쓰는 ARIA 속성을 무엇이라고 하는가?	아리아 포신셋(ARIA Posinset)은 항목의 “순번”을 의미적으로 전달할 때 사용합니다. 무한 스크롤이나 가상 리스트처럼 DOM에 전체 항목이 모두 없을 때, 보조기기는 사용자가 현재 어디쯤인지 파악하기 어렵습니다. 이 속성을 쓰면 “n번째 항목” 같은 맥락을 제공해 탐색 부담을 줄일 수 있습니다. 다만 순번이 필터링, 정렬, 추가 로딩에 따라 계속 변하므로 값이 항상 최신으로 유지되어야 합니다. 값이 틀리면 사용자에게 잘못된 위치 정보를 주는 것이어서 접근성 품질이 오히려 떨어집니다. 따라서 상태 모델과 함께 엄격히 동기화하는 것이 핵심입니다.	아리아 포신셋									frontend	accessibility	a11y	hard
Q795	아리아 셋사이즈(ARIA Setsize)		Frontend - Web Accessibility	16	INITIALS	HARD	목록이나 옵션 집합의 “전체 크기”를 보조기기에 알려주기 위해 쓰는 ARIA 속성을 무엇이라고 하는가?	아리아 셋사이즈(ARIA Setsize)는 집합이 총 몇 개 항목으로 구성되는지 전달하는 속성입니다. 화면에 일부만 렌더링되는 가상화 UI에서 특히 의미가 커집니다. 사용자는 “전체가 몇 개인지”를 알아야 탐색 전략을 세울 수 있는데, 스크린 리더 환경에서는 이런 정보가 쉽게 사라집니다. 포신셋과 함께 쓰면 “총 50개 중 7번째” 같은 이해 가능한 안내가 가능합니다. 다만 서버 페이징으로 총 개수가 확정되지 않는 경우에는 부정확한 안내를 만들 수 있으니, 표시 정책을 명확히 정해야 합니다. 전체 크기 정보는 과소/과대 표기 모두 문제라서 신뢰성이 중요합니다.	아리아 셋사이즈									frontend	accessibility	a11y	hard
Q796	아리아 버지(ARIA Busy)		Frontend - Web Accessibility	16	INITIALS	HARD	특정 영역이 비동기적으로 갱신 중이라, 보조기기가 그 영역의 변경을 즉시 처리하지 않도록 힌트를 주는 ARIA 상태를 무엇이라고 하는가?	아리아 버지(ARIA Busy)는 영역이 업데이트 중임을 나타내어 보조기기가 중간 상태를 과도하게 읽지 않게 돕습니다. 실무에서는 검색 결과 목록이 로딩되는 동안 항목이 빠르게 바뀌면 낭독이 난잡해지는 문제가 생깁니다. 이때 busy를 적절히 설정하면 업데이트가 완료될 때 더 안정적으로 안내할 수 있습니다. 하지만 busy를 켜놓고 끄지 않으면 사용자는 변경을 영영 듣지 못하는 상황이 될 수 있어 위험합니다. 또한 “로딩 표시”를 시각적으로만 하는 것이 아니라, 상태 전달과 종료 시점까지 포함해 설계해야 합니다. 핵심은 정확한 온오프 타이밍과 과도한 낭독 방지의 균형입니다.	아리아 버지									frontend	accessibility	a11y	hard
Q797	아리아 커런트(ARIA Current)		Frontend - Web Accessibility	16	INITIALS	HARD	내비게이션이나 단계형 UI에서 “현재 위치”를 보조기기에 명확히 알리기 위해 쓰는 ARIA 속성을 무엇이라고 하는가?	아리아 커런트(ARIA Current)는 현재 페이지, 현재 단계, 현재 항목 같은 “현재성”을 표시하는 속성입니다. 실무에서는 사이드바 메뉴, 스텝퍼, 페이지네이션에서 현재 위치를 시각적으로만 강조하면 보조기기 사용자는 구분이 어렵습니다. 이 속성을 사용하면 스크린 리더가 현재 항목임을 자연스럽게 알려줘 탐색 효율이 올라갑니다. 다만 현재 상태가 변경될 때 즉시 업데이트되지 않으면 잘못된 위치 안내가 나옵니다. 또한 여러 항목에 동시에 current를 주는 실수는 혼란을 크게 만들 수 있으니 단일성 규칙을 지키는 것이 중요합니다. 현재 위치 표시는 UX와 접근성이 겹치는 핵심 포인트입니다.	아리아 커런트									frontend	accessibility	a11y	hard
Q798	아리아 해스팝업(ARIA Haspopup)		Frontend - Web Accessibility	16	INITIALS	HARD	버튼이나 입력이 메뉴, 리스트박스, 다이얼로그 같은 팝업을 여는 트리거임을 보조기기에 알려주는 ARIA 속성을 무엇이라고 하는가?	아리아 해스팝업(ARIA Haspopup)은 해당 컨트롤이 어떤 유형의 팝업을 연다는 힌트를 제공합니다. 실무에서 콤보박스나 메뉴 버튼은 “열릴 수 있다”는 사실 자체가 중요한 정보입니다. 이 속성을 주면 보조기기가 사용자가 기대할 조작을 더 잘 안내할 수 있습니다. 다만 팝업 유형을 잘못 지정하면 오해를 부르고, 키보드 패턴도 어긋날 수 있습니다. 또한 실제로 팝업이 열렸는지는 aria-expanded 같은 상태와 함께 일관되게 관리해야 합니다. 팝업 트리거는 접근성에서 작은 불일치도 큰 혼란으로 이어지므로 테스트가 필수입니다.	아리아 해스팝업									frontend	accessibility	a11y	hard
Q799	아리아 컨트롤스(ARIA Controls)		Frontend - Web Accessibility	16	INITIALS	HARD	어떤 버튼이나 탭이 “어떤 영역을 제어하는지” 관계를 id 참조로 연결해 보조기기에 전달하는 ARIA 속성을 무엇이라고 하는가?	아리아 컨트롤스(ARIA Controls)는 컨트롤과 대상 영역의 관계를 명시하는 속성입니다. 실무에서는 탭과 탭패널, 아코디언 버튼과 패널처럼 연결 관계가 중요한 컴포넌트에서 자주 등장합니다. 관계가 명확하면 보조기기가 사용자가 조작 결과를 더 이해하기 쉽게 안내할 수 있습니다. 하지만 이 속성만으로 접근성이 완성되는 것은 아니며, 실제 표시 상태와 포커스 이동 규칙이 함께 맞아야 합니다. id 참조가 깨지면 관계가 무의미해지므로, 렌더링과 리팩터링 과정에서 id 안정성을 관리해야 합니다. 연결은 “문서화된 계약”이라서 정확성이 가장 중요합니다.	아리아 컨트롤스									frontend	accessibility	a11y	hard
Q800	아리아 플로우투(ARIA Flowto)		Frontend - Web Accessibility	16	INITIALS	HARD	문서의 기본 읽기 순서 외에 “다음으로 이어지는 대상”을 지정해 탐색 흐름을 제안하는 ARIA 속성을 무엇이라고 하는가?	아리아 플로우투(ARIA Flowto)는 대체 탐색 흐름을 제시하는 개념에 가깝습니다. 실무에서는 복잡한 레이아웃에서 사용자가 다음으로 읽을 내용을 자연스럽게 안내하고 싶을 때 고려될 수 있습니다. 다만 지원 및 활용 방식이 환경에 따라 달라 예측 가능성이 떨어질 수 있습니다. 그래서 이 속성에 의존해 핵심 흐름을 만들기보다는, 시맨틱 구조와 논리적 DOM 순서를 먼저 맞추는 것이 정석입니다. 잘못 쓰면 탐색이 의도와 다르게 점프하여 사용자 혼란을 만들 수 있습니다. “보조 제안” 성격이므로, 적용 시 실제 보조기기에서 효과가 있는지 검증이 필수입니다.	아리아 플로우투									frontend	accessibility	a11y	hard
Q801	아리아 로우인덱스(ARIA Rowindex)		Frontend - Web Accessibility	16	INITIALS	HARD	가상화된 그리드나 표에서 현재 행이 몇 번째 행인지 보조기기에 알려주기 위해 사용하는 ARIA 속성을 무엇이라고 하는가?	아리아 로우인덱스(ARIA Rowindex)는 그리드나 표 형태의 위젯에서 행 위치를 전달합니다. 가상화로 인해 DOM에 일부 행만 존재하면 스크린 리더가 실제 위치를 추론하기 어렵습니다. 이 속성을 설정하면 “현재 행 번호”가 정확히 전달되어 탐색이 쉬워집니다. 하지만 정렬, 필터, 페이징이 바뀌면 행 인덱스가 바뀌기 때문에 동기화가 매우 중요합니다. 값이 틀리면 사용자에게 잘못된 구조 정보를 주게 되어 혼란이 커집니다. 가상화 UI에서는 성능과 접근성의 균형을 위해 이런 메타데이터가 핵심 도구가 됩니다.	아리아 로우인덱스									frontend	accessibility	a11y	hard
Q802	아리아 콜인덱스(ARIA Colindex)		Frontend - Web Accessibility	16	INITIALS	HARD	가상화된 그리드나 표에서 현재 열이 몇 번째 열인지 보조기기에 알려주기 위해 사용하는 ARIA 속성을 무엇이라고 하는가?	아리아 콜인덱스(ARIA Colindex)는 그리드나 표에서 열 위치를 명시적으로 전달합니다. 열이 가로 스크롤로 이동하거나 일부 열이 숨겨지는 UI에서는 보조기기가 현재 문맥을 잃기 쉽습니다. 이 속성으로 열 번호를 제공하면 사용자가 “지금 어떤 열을 보고 있는지”를 더 잘 파악할 수 있습니다. 다만 반응형에서 열 구성이 바뀌면 인덱스 갱신이 필요하고, 숨김 열 처리 방식과도 일관되어야 합니다. 헤더-셀 관계와 함께 설계하지 않으면 열 번호만 전달해도 의미가 부족할 수 있습니다. 복잡한 테이블 UI는 작은 메타데이터 관리가 전체 접근성을 좌우합니다.	아리아 콜인덱스									frontend	accessibility	a11y	hard
Q803	포커스 비저블(Focus Visible)		Frontend - Web Accessibility	16	INITIALS	HARD	키보드 탐색일 때만 포커스 표시를 강하게 보여주고, 마우스 클릭에서는 과도한 포커스 링을 줄이기 위해 사용하는 CSS 개념을 무엇이라고 하는가?	포커스 비저블(Focus Visible)은 키보드 사용자에게 필요한 포커스 표시를 유지하면서 디자인 충돌을 줄이는 접근입니다. 실무에서는 outline을 무작정 제거하면 접근성이 깨지기 때문에 대체 전략이 필요합니다. 이 개념을 적용하면 키보드 입력 시에는 명확한 포커스 표시가 나타나고, 마우스 사용 시에는 불필요한 강조를 줄일 수 있습니다. 다만 브라우저 지원 차이나 폴리필 여부에 따라 동작이 달라질 수 있어, 실제 환경에서 확인이 필요합니다. 또한 포커스 표시 자체의 대비와 두께가 충분해야 하며, 단지 “보이게만” 해서는 부족합니다. 포커스 표시 품질은 키보드 접근성의 기본입니다.	포커스 비저블									frontend	accessibility	a11y	hard
Q804	비주얼리 히든(Visually Hidden)		Frontend - Web Accessibility	16	INITIALS	HARD	화면에서는 보이지 않지만 스크린 리더 등 보조기기에는 읽히도록 텍스트를 숨기는 기법을 무엇이라고 하는가?	비주얼리 히든(Visually Hidden)은 시각적으로는 숨기되 접근성 트리에는 남겨 의미를 전달하는 패턴입니다. 실무에서는 아이콘만 있는 버튼에 텍스트 라벨을 제공하거나, 그래프에 요약을 추가할 때 유용합니다. display none이나 visibility hidden처럼 완전 숨김을 쓰면 보조기기도 읽지 못하므로 목적에 맞지 않습니다. 반대로 숨김 구현이 잘못되면 포커스가 들어가거나 레이아웃에 영향을 주는 문제가 생길 수 있어, 검증된 CSS 패턴을 쓰는 것이 좋습니다. 또한 동일 정보가 중복 낭독되지 않도록, 화면 텍스트와 숨김 텍스트의 역할 분담을 명확히 해야 합니다. 숨김은 “안 보이게”가 아니라 “필요한 채널에만 보이게”가 핵심입니다.	비주얼리 히든									frontend	accessibility	a11y	hard
Q805	랜드마크 내비게이션(Landmark Navigation)		Frontend - Web Accessibility	16	INITIALS	HARD	nav, main, header 같은 영역 구분을 통해 보조기기가 페이지 주요 영역 사이를 빠르게 이동할 수 있게 하는 탐색 방식을 무엇이라고 하는가?	랜드마크 내비게이션(Landmark Navigation)은 큰 페이지에서 탐색 비용을 획기적으로 줄여주는 기능입니다. 실무에서는 header, nav, main, footer 같은 구조를 올바르게 잡아야 보조기기가 “영역 점프”를 제공합니다. 랜드마크가 중복되거나 이름이 없으면 이동 목록이 혼란스러워져 오히려 탐색이 어려워질 수 있습니다. 그래서 각 영역의 목적이 분명해야 하고, 필요하면 접근성 이름을 부여해 구분을 돕는 것이 좋습니다. 랜드마크는 시맨틱 HTML로 자연스럽게 제공하는 것이 가장 안전하며, ARIA role로 억지로 만들기보다는 구조를 먼저 다듬는 것이 정석입니다. 랜드마크 설계는 정보 구조 설계와 직결됩니다.	랜드마크 내비게이션									frontend	accessibility	a11y	hard
Q806	헤딩 내비게이션(Heading Navigation)		Frontend - Web Accessibility	16	INITIALS	HARD	h1~h6 제목 구조를 활용해 보조기기가 섹션 단위로 빠르게 이동하는 탐색 방식을 무엇이라고 하는가?	헤딩 내비게이션(Heading Navigation)은 스크린 리더 사용자가 가장 자주 활용하는 탐색 전략 중 하나입니다. 실무에서 헤딩 레벨이 건너뛰거나, 제목처럼 보이는데 헤딩이 아닌 div로 만들면 탐색성이 크게 떨어집니다. 올바른 헤딩 구조는 문서의 목차를 만드는 것과 같아서, 페이지를 빠르게 스캔할 수 있게 해줍니다. 또한 헤딩 텍스트가 모호하면 이동해도 어디인지 이해하기 어렵기 때문에, 제목은 구체적으로 쓰는 것이 중요합니다. 헤딩을 스타일링으로만 만들지 말고 의미로도 구성해야 접근성이 유지됩니다. 헤딩 구조는 접근성과 SEO 모두에 영향을 줍니다.	헤딩 내비게이션									frontend	accessibility	a11y	hard
Q807	콤보박스 패턴(Combobox Pattern)		Frontend - Web Accessibility	16	INITIALS	HARD	입력 필드와 옵션 목록이 결합되어 자동완성 후보를 제공하며, 키보드와 스크린 리더 동작 규칙이 엄격히 정해진 위젯 패턴을 무엇이라고 하는가?	콤보박스 패턴(Combobox Pattern)은 접근성 구현 난도가 높은 대표 위젯입니다. 실무에서는 입력 포커스를 유지한 채 후보 목록을 열고, 방향키로 활성 항목을 이동시키며, Enter로 선택하고, ESC로 닫는 흐름이 자연스럽게 동작해야 합니다. 이때 aria-expanded, aria-controls, aria-activedescendant 같은 상태와 관계 속성이 일관되게 맞아야 합니다. 조금만 어긋나도 스크린 리더가 후보를 읽지 않거나, 포커스가 튀어 입력이 끊기는 문제가 생깁니다. 또한 가상화 목록을 쓰면 active descendant 참조가 깨질 수 있어 더 주의가 필요합니다. 콤보박스는 표준 패턴을 그대로 따르는 것이 최선입니다.	콤보박스 패턴									frontend	accessibility	a11y	hard
Q808	메뉴버튼 패턴(Menu Button Pattern)		Frontend - Web Accessibility	16	INITIALS	HARD	버튼을 누르면 메뉴가 열리고, 방향키로 메뉴 항목을 이동하며, ESC로 닫을 수 있어야 하는 표준 위젯 패턴을 무엇이라고 하는가?	메뉴버튼 패턴(Menu Button Pattern)은 버튼과 메뉴의 관계, 키보드 동작, 포커스 이동이 모두 맞아야 하는 고급 패턴입니다. 실무에서는 버튼이 메뉴를 연다는 힌트를 주고, 메뉴가 열리면 포커스가 첫 항목으로 이동하거나 적절한 위치에 놓이는 정책을 정해야 합니다. 메뉴 항목은 방향키로 이동하는 것이 일반적이며, Tab 동작을 어떻게 처리할지도 명확해야 합니다. 또한 메뉴가 닫힐 때 버튼으로 포커스를 복귀시키지 않으면 사용자는 현재 위치를 잃습니다. aria-expanded와 aria-haspopup 같은 상태를 정확히 갱신해야 보조기기 낭독이 일관됩니다. 메뉴버튼은 작은 컴포넌트처럼 보여도 접근성 비용이 높은 편입니다.	메뉴버튼 패턴									frontend	accessibility	a11y	hard
Q809	트리뷰 패턴(Treeview Pattern)		Frontend - Web Accessibility	16	INITIALS	HARD	폴더 구조처럼 계층을 가진 목록을 방향키로 탐색하고, 펼침/접힘 상태를 낭독과 함께 제공해야 하는 위젯 패턴을 무엇이라고 하는가?	트리뷰 패턴(Treeview Pattern)은 계층 구조와 키보드 탐색이 결합된 고난도 위젯입니다. 실무에서는 좌우 방향키로 펼침/접힘을 제어하고, 상하 방향키로 항목을 이동하는 흐름이 자연스럽게 구현되어야 합니다. 펼침 상태는 aria-expanded로 정확히 반영되어야 하고, 현재 항목 표시도 일관되게 관리해야 합니다. 항목이 많을수록 탐색이 길어지므로, 빠른 이동 키나 검색 기능 같은 보조 기능을 제공하면 사용성이 올라갑니다. 또한 동적으로 노드를 로딩하는 경우 라이브 안내와 포커스 보존까지 함께 고려해야 합니다. 트리뷰는 규격을 따르지 않으면 사용자가 즉시 불편을 느낍니다.	트리뷰 패턴									frontend	accessibility	a11y	hard
Q810	그리드 패턴(Grid Pattern)		Frontend - Web Accessibility	16	INITIALS	HARD	스프레드시트처럼 행과 열을 가진 인터랙티브 영역에서 셀 단위 탐색과 편집을 지원해야 하는 위젯 패턴을 무엇이라고 하는가?	그리드 패턴(Grid Pattern)은 표 형태 UI를 “인터랙티브 위젯”으로 만들 때 필요한 규칙 집합입니다. 실무에서는 단순 table과 달리, 셀 이동 키보드 패턴과 편집 모드 진입, 헤더 관계, 현재 셀 낭독이 모두 중요합니다. 방향키로 셀을 이동시키는 동안 포커스와 활성 셀 상태를 어떻게 유지할지 설계가 필요합니다. 가상화가 들어가면 rowindex, colindex 같은 메타데이터가 필요해져 난도가 더 올라갑니다. 잘못 구현하면 키보드 사용자가 표를 사실상 사용할 수 없게 됩니다. 그리드는 접근성 테스트 비용이 큰 편이라 표준 패턴 기반 구현과 컴포넌트화가 유리합니다.	그리드 패턴									frontend	accessibility	a11y	hard
Q811	접근성 스냅샷 테스트(Accessibility Snapshot Testing)		Frontend - Web Accessibility	16	INITIALS	HARD	컴포넌트 렌더 결과의 접근성 속성이나 역할 구조를 스냅샷으로 저장해 변경을 감지하는 자동화 테스트 기법을 무엇이라고 하는가?	접근성 스냅샷 테스트(Accessibility Snapshot Testing)는 접근성 구조의 “변화”를 빠르게 잡아내는 방법입니다. 실무에서는 role, aria-* 속성, 라벨 연결 같은 부분이 리팩터링 중 쉽게 깨지는데, 스냅샷은 이런 회귀를 조기에 발견할 수 있습니다. 다만 스냅샷이 너무 크면 변경 노이즈가 커져 개발자가 무시하게 되는 문제가 생길 수 있습니다. 그래서 핵심 컴포넌트에 한정하거나, 의미 있는 접근성 신호만 추려 스냅샷 범위를 정하는 것이 중요합니다. 또한 스냅샷만으로 실제 스크린 리더 경험을 보장할 수 없으므로, 수동 테스트와 함께 운영하는 것이 안전합니다. 자동화는 “완전한 대체”가 아니라 “조기 경보” 역할입니다.	접근성 스냅샷 테스트									frontend	accessibility	a11y	hard
Q812	접근성 회귀 테스트(Accessibility Regression Testing)		Frontend - Web Accessibility	16	INITIALS	HARD	이미 해결한 접근성 결함이 다시 생기지 않도록, 린트와 자동화 테스트를 통해 지속적으로 검증하는 품질 관리 접근을 무엇이라고 하는가?	접근성 회귀 테스트(Accessibility Regression Testing)는 “한 번 고치고 끝”이 아니라 지속 품질을 유지하는 체계입니다. 실무에서 접근성은 UI 변경이 잦을수록 쉽게 다시 깨지기 때문에, CI 단계에서 자동 검증이 중요합니다. 린터로 기본 규칙을 막고, 컴포넌트 단위 테스트로 라벨/역할/키보드 동작을 확인하며, 핵심 플로우는 E2E로 점검하는 식의 계층화가 효과적입니다. 다만 자동화는 탐색 흐름의 품질까지 완전히 측정하지 못하므로, 정기적인 수동 키보드 테스트와 스크린 리더 샘플 테스트가 필요합니다. 회귀 테스트가 잘 잡히면 팀은 더 빠르게 UI를 바꿀 수 있고, 사용자 경험도 안정됩니다. 접근성은 기능 요구사항처럼 관리될 때 가장 잘 유지됩니다.	접근성 회귀 테스트									frontend	accessibility	a11y	hard
Q813	키보드 함정(Keyboard Trap)		Frontend - Web Accessibility	16	INITIALS	HARD	키보드로 들어간 뒤 Tab이나 ESC 등으로 빠져나올 수 없어 포커스가 갇히는 접근성 결함을 무엇이라고 하는가?	키보드 함정(Keyboard Trap)은 접근성에서 가장 치명적인 결함 중 하나입니다. 면접에서는 “키보드 함정이 뭔가요”와 함께 실제 사례(모달, 드롭다운, 슬라이더)를 물을 수 있습니다. 실무에서는 커스텀 위젯에서 Tab 순환을 잘못 구현하거나, 포커스 가능한 요소를 숨겨버려 탈출 경로가 끊기면서 발생합니다. 사용자는 화면이 멈춘 것처럼 느끼기 때문에, 기본 조작 흐름을 복구하는 비용이 큽니다. 예방하려면 모든 인터랙션이 키보드로 진입/조작/탈출 가능해야 하고, 포커스 이동 규칙을 컴포넌트 레벨에서 표준화해야 합니다. 키보드로 “들어갈 수 있으면 나올 수도 있어야 한다”가 핵심 원칙입니다.	키보드 함정									frontend	accessibility	a11y	keyboard
Q814	포커스 인디케이터(Focus Indicator)		Frontend - Web Accessibility	16	INITIALS	HARD	키보드 탐색 시 현재 포커스 위치를 시각적으로 명확히 보여주는 표시 요소를 무엇이라고 하는가?	포커스 인디케이터(Focus Indicator)는 키보드 사용자의 “현재 위치”를 알려주는 생명줄입니다. 면접에서는 outline 제거가 왜 위험한지로 이어질 수 있습니다. 실무에서는 디자인 이유로 포커스 링을 없애면 키보드 사용자가 어디에 있는지 전혀 알 수 없어 조작이 불가능해집니다. 그래서 커스텀 스타일을 쓰더라도 대비, 두께, 주변 요소와의 구분이 충분해야 합니다. 또한 포커스 이동이 가능한 모든 요소에 일관되게 적용되어야 하며, 특정 컴포넌트만 빠져도 사용자는 흐름을 잃습니다. 포커스 인디케이터는 접근성과 UX를 동시에 개선하는 기본 품질 지표입니다.	포커스 인디케이터									frontend	accessibility	a11y	css
Q815	텍스트 간격 조정(Text Spacing)		Frontend - Web Accessibility	16	INITIALS	HARD	사용자가 글자/줄/단어 간격을 늘려도 콘텐츠가 깨지지 않아야 한다는 접근성 요구를 무엇이라고 하는가?	텍스트 간격 조정(Text Spacing)은 저시력 사용자나 가독성 필요가 높은 사용자를 위한 중요한 요구입니다. 면접에서는 “line-height를 너무 낮게 잡으면?” 같은 질문이 나올 수 있습니다. 실무에서는 고정 height, overflow hidden, 줄바꿈 금지 같은 스타일이 텍스트가 늘어날 때 잘림을 유발합니다. 따라서 버튼과 카드 같은 컴포넌트는 내용에 따라 높이가 늘어날 수 있도록 설계하고, 최소 간격 기준을 만족하도록 타이포 시스템을 구성하는 것이 좋습니다. 또한 레이아웃이 텍스트 크기에 종속되면 확대 환경에서 쉽게 망가지므로 유연한 그리드가 필요합니다. 텍스트는 사용자 설정이 개입될 수 있는 영역이니 “고정”보다는 “확장”을 기본으로 두는 것이 안전합니다.	텍스트 간격 조정									frontend	accessibility	a11y	typography
Q816	의미 있는 순서(Meaningful Sequence)		Frontend - Web Accessibility	16	INITIALS	HARD	스크린 리더가 읽는 순서가 논리적으로 의미가 있어야 한다는 요구를 무엇이라고 하는가?	의미 있는 순서(Meaningful Sequence)는 DOM 순서가 곧 정보 전달 순서라는 점을 강조하는 개념입니다. 면접에서는 “CSS로 위치만 바꾸면 되나요?” 같은 질문으로 출제될 수 있습니다. 실무에서 시각적 배치와 DOM 순서가 크게 다르면, 스크린 리더는 엉뚱한 순서로 읽어 사용자가 내용을 이해하기 어렵습니다. 따라서 레이아웃은 CSS로 바꾸더라도, DOM은 논리적 흐름(제목→본문→부가정보)으로 구성해야 합니다. 특히 그리드/플렉스에서 order 속성으로 재배치하면 접근성 순서가 깨질 수 있어 주의가 필요합니다. 의미 있는 순서는 접근성뿐 아니라 유지보수성에도 영향을 주는 구조 설계 원칙입니다.	의미 있는 순서									frontend	accessibility	a11y	semantics
Q817	포커스 순서(Focus Order)		Frontend - Web Accessibility	16	INITIALS	HARD	Tab 키로 이동할 때 포커스가 화면의 논리적 흐름대로 이동해야 한다는 요구를 무엇이라고 하는가?	포커스 순서(Focus Order)는 키보드 접근성의 핵심 기준입니다. 면접에서는 tabindex 양수 사용의 위험과 함께 자주 묻습니다. 실무에서 포커스 순서가 시각적 순서와 다르면 사용자는 어디로 이동하는지 예측할 수 없어 혼란이 커집니다. 특히 모달, 드롭다운, 폼에서 포커스가 갑자기 헤더나 숨겨진 요소로 튀면 작업 흐름이 끊깁니다. 올바른 해결은 DOM을 논리적 순서로 구성하고, 레이아웃은 CSS로 맞추는 것입니다. 포커스 순서를 잘 설계하면 장애 유무와 상관없이 전체 사용성이 좋아집니다.	포커스 순서									frontend	accessibility	a11y	keyboard
Q818	포커스 관리(Focus Management)		Frontend - Web Accessibility	16	INITIALS	HARD	화면 전환, 모달 열림, 오류 발생 등 상태 변화 시 포커스를 적절한 위치로 옮겨 맥락을 유지하는 설계를 무엇이라고 하는가?	포커스 관리(Focus Management)는 SPA에서 접근성 품질을 좌우하는 가장 실무적인 개념입니다. 면접에서는 “라우트 변경 후 포커스를 어디로 둘까”로 출제될 수 있습니다. 실무에서는 새 페이지 제목으로 포커스를 옮기거나, 오류가 난 필드로 이동시키는 등 사용자 맥락을 유지하는 정책이 필요합니다. 포커스를 무조건 이동시키면 오히려 방해가 될 수 있으므로, 언제 이동시키고 언제 유지할지 기준을 세워야 합니다. 또한 모달 닫힘 후 트리거로 복귀시키는 것처럼 “복귀 정책”까지 포함되어야 완성입니다. 포커스 관리는 키보드 사용자뿐 아니라 스크린 리더 사용자에게도 매우 큰 차이를 만듭니다.	포커스 관리									frontend	accessibility	a11y	ux
Q819	오류 식별(Error Identification)		Frontend - Web Accessibility	16	INITIALS	HARD	폼 검증 실패 시 어떤 필드에 어떤 오류가 있는지 명확히 식별해 전달해야 한다는 요구를 무엇이라고 하는가?	오류 식별(Error Identification)은 폼 접근성에서 가장 중요한 요구 중 하나입니다. 면접에서는 “빨간 테두리만으로 충분한가?” 같은 질문으로 자주 나옵니다. 실무에서 색상만으로 오류를 표시하면 색각 이상 사용자나 스크린 리더 사용자는 오류를 인지하기 어렵습니다. 따라서 오류 텍스트를 제공하고, 해당 필드와 오류 메시지를 연결해 보조기기가 읽을 수 있도록 해야 합니다. 또한 오류 요약을 상단에 제공해 여러 오류를 빠르게 파악하게 하고, 클릭하면 해당 필드로 이동하는 패턴이 효과적입니다. 오류는 “표시”뿐 아니라 “이해와 수정”까지 이어지게 만드는 것이 목표입니다.	오류 식별									frontend	accessibility	a11y	forms
Q820	오류 제안(Error Suggestion)		Frontend - Web Accessibility	16	INITIALS	HARD	오류를 알려주는 것에서 끝나지 않고, 어떻게 고칠지 제안까지 제공해야 한다는 요구를 무엇이라고 하는가?	오류 제안(Error Suggestion)은 사용자가 오류를 더 빨리 해결하도록 돕는 접근성 요구입니다. 면접에서는 “비밀번호 규칙 위반 시 어떤 메시지가 좋은가”로 이어질 수 있습니다. 실무에서는 “형식이 잘못되었습니다”보다 “하이픈 없이 숫자만 입력하세요”처럼 구체적인 수정을 안내하는 것이 중요합니다. 스크린 리더 사용자는 오류를 여러 번 다시 확인하기 어렵기 때문에, 한 번의 메시지로 해결 방향까지 제시하면 부담이 크게 줄어듭니다. 또한 제안은 지나치게 기술적이면 이해가 어려울 수 있어 사용자 언어로 작성해야 합니다. 오류 제안은 접근성뿐 아니라 전반적인 전환율과 고객센터 비용에도 영향을 줍니다.	오류 제안									frontend	accessibility	a11y	forms
Q821	오류 방지(Error Prevention)		Frontend - Web Accessibility	16	INITIALS	HARD	중요한 작업(결제, 삭제 등)에서 실수를 줄이기 위해 확인, 되돌리기, 검토 단계를 제공해야 한다는 요구를 무엇이라고 하는가?	오류 방지(Error Prevention)는 고위험 작업에서 사용자 실수를 예방하는 접근성 기준입니다. 면접에서는 “삭제 버튼은 어떻게 설계할까”로 출제될 수 있습니다. 실무에서는 확인 다이얼로그, 되돌리기(undo), 최종 검토 화면 같은 장치를 제공해 실수를 줄입니다. 특히 인지적 부담이 있는 사용자에게는 한 번의 실수가 큰 손실로 이어질 수 있어 더 중요합니다. 또한 확인 UI는 접근성 있게 설계되어야 하며, 키보드로 조작 가능하고 포커스가 적절히 이동해야 합니다. 오류 방지는 접근성 요구이면서 동시에 제품 신뢰도를 높이는 안전 설계입니다.	오류 방지									frontend	accessibility	a11y	ux
Q822	색상 의존 금지(Non-text Contrast)		Frontend - Web Accessibility	16	INITIALS	HARD	상태나 정보를 색상만으로 전달하지 말아야 하며, UI 구성 요소의 대비까지 고려해야 한다는 접근성 개념을 무엇이라고 하는가?	색상 의존 금지(Non-text Contrast)는 색각 이상 사용자와 저시력 사용자를 위해 매우 중요합니다. 면접에서는 “빨간색 표시만 하면 왜 안 되나”로 자주 나옵니다. 실무에서는 오류를 빨간 테두리만으로 표시하면 일부 사용자는 구분하지 못하므로, 아이콘, 텍스트, 패턴 등 다른 채널을 함께 제공해야 합니다. 또한 텍스트뿐 아니라 버튼 경계, 입력 박스, 포커스 링 같은 UI 요소도 충분한 대비가 있어야 합니다. 다크 모드나 고대비 환경에서 대비가 쉽게 무너질 수 있으니 테마 전반을 점검해야 합니다. 색상은 보조 정보로 쓰고, 의미 전달은 다른 수단을 반드시 포함하는 것이 안전합니다.	색상 의존 금지									frontend	accessibility	a11y	visual
Q823	상태 표시(Programmatic Status)		Frontend - Web Accessibility	16	INITIALS	HARD	토글, 확장, 선택 같은 상태가 시각적 표시뿐 아니라 보조기기에 “프로그램적으로” 전달되어야 한다는 개념을 무엇이라고 하는가?	상태 표시(Programmatic Status)는 UI 상태를 보조기기가 읽을 수 있는 형태로 제공해야 한다는 요구입니다. 실무에서 아코디언이 펼쳐졌는지, 토글이 켜졌는지 시각적으로만 표시하면 스크린 리더 사용자는 상태를 알기 어렵습니다. 따라서 aria-expanded, aria-checked, aria-selected 같은 상태 값을 정확히 업데이트해야 합니다. 상태가 실제 동작과 불일치하면 사용자는 잘못된 정보를 기반으로 조작하게 되어 오류가 늘어납니다. 또한 상태 변화가 잦은 컴포넌트는 업데이트 타이밍과 낭독 소음까지 고려해야 합니다. 상태 표시는 커스텀 위젯 접근성의 기본 조건입니다.	상태 표시									frontend	accessibility	a11y	aria
Q824	접근성 트리(Accessibility Tree)		Frontend - Web Accessibility	16	INITIALS	HARD	DOM과 CSS가 결합되어 보조기기가 해석하는 의미 구조로 변환된 트리 구조를 무엇이라고 하는가?	접근성 트리(Accessibility Tree)는 스크린 리더가 실제로 “보는” 문서 구조입니다. 면접에서는 DOM과 접근성 트리의 차이를 설명할 수 있는지로 질문이 나올 수 있습니다. 실무에서 display none, aria-hidden, role, aria-label 같은 설정은 이 트리를 직접 바꿉니다. 따라서 화면에서는 정상처럼 보여도 트리에서는 버튼이 아니거나 이름이 비어 있는 등 문제가 생길 수 있습니다. 접근성 트리를 이해하면 DevTools의 접근성 패널을 통해 원인을 빠르게 찾을 수 있습니다. 결국 접근성 디버깅은 “화면”이 아니라 “트리”를 기준으로 하는 것이 정확합니다.	접근성 트리									frontend	accessibility	a11y	cs
Q825	스크린 리더 모드(Screen Reader Mode)		Frontend - Web Accessibility	16	INITIALS	HARD	스크린 리더가 탐색 중심(가상 커서)과 입력 중심(포커스) 등 서로 다른 동작 모드를 갖는다는 개념을 무엇이라고 하는가?	스크린 리더 모드(Screen Reader Mode)는 같은 키 입력이라도 모드에 따라 동작이 달라질 수 있음을 설명합니다. 면접에서는 “스크린 리더 사용자는 Tab만 쓰나요?” 같은 질문이 나올 수 있습니다. 실무에서 전역 키 핸들러가 이런 모드와 충돌하면 탐색이 깨져 사용성이 급격히 떨어집니다. 따라서 키보드 단축키 설계 시 충돌 가능성을 줄이고, 입력 필드에서는 기본 동작을 최대한 존중하는 것이 중요합니다. 또한 모드 전환이 자동으로 일어나는 경우도 있어, 예측 가능한 UI가 더 중요해집니다. 이 개념을 알면 스크린 리더 테스트에서 발생하는 “왜 이렇게 동작하지?”를 더 정확히 해석할 수 있습니다.	스크린 리더 모드									frontend	accessibility	a11y	screenreader
Q826	키보드 대체(Keyboard Alternative)		Frontend - Web Accessibility	16	INITIALS	HARD	드래그, 호버, 스와이프 같은 포인터 기반 조작에 대해 동등한 키보드 조작 방법을 제공해야 한다는 원칙을 무엇이라고 하는가?	키보드 대체(Keyboard Alternative)는 포인터 의존 UI의 접근성 확보에 필수입니다. 면접에서는 “드래그만 가능한 기능은 접근성 위반인가”로 이어질 수 있습니다. 실무에서는 정렬을 드래그로만 제공하면 키보드 사용자는 기능을 사용할 수 없으므로, 위/아래 이동 버튼이나 단축키를 제공해야 합니다. 또한 조작 결과가 어떻게 반영되었는지 상태 메시지로 알려줘야 사용자가 확신할 수 있습니다. 대체 조작은 기능 동등성이 핵심이며, 단순히 “가능하다” 수준이 아니라 효율과 이해 가능성까지 고려해야 합니다. 키보드 대체는 접근성뿐 아니라 모바일/저사양 환경에서도 유용한 경우가 많습니다.	키보드 대체									frontend	accessibility	a11y	keyboard
Q827	포커스 복귀(Focus Return)		Frontend - Web Accessibility	16	INITIALS	HARD	모달이나 팝업을 닫은 뒤, 사용자가 열기 전 위치로 포커스를 되돌려 맥락을 유지하는 전략을 무엇이라고 하는가?	포커스 복귀(Focus Return)는 모달/오버레이 접근성에서 필수 동작입니다. 면접에서는 “닫으면 어디로 포커스가 가야 하나요”로 단골 출제가 됩니다. 실무에서 포커스를 복귀시키지 않으면 사용자는 다시 처음부터 Tab을 눌러 위치를 찾아야 하고, 이는 큰 피로를 유발합니다. 특히 스크린 리더 사용자는 화면 전체를 다시 탐색해야 할 수 있어 더 치명적입니다. 포커스 복귀는 트리거 요소를 기억해 두었다가 닫힘 이벤트에서 복원하는 방식으로 구현합니다. 중첩 모달이나 라우트 전환이 섞이면 복귀 대상이 달라질 수 있어, 스택 기반 정책을 두는 것이 안전합니다.	포커스 복귀									frontend	accessibility	a11y	modal
Q828	콘텐츠 점프(Content Jump)		Frontend - Web Accessibility	16	INITIALS	HARD	동적 로딩이나 이미지/폰트 로딩으로 레이아웃이 갑자기 이동해 사용자가 읽던 위치가 바뀌는 문제를 무엇이라고 하는가?	콘텐츠 점프(Content Jump)는 인지 부담과 탐색 장애를 만드는 대표적 UX/접근성 문제입니다. 면접에서는 스켈레톤과 고정 높이의 장단점을 연결해 질문할 수 있습니다. 실무에서는 이미지 크기를 미리 예약하지 않거나, 폰트 로딩으로 글자 폭이 바뀌면 레이아웃이 흔들리며 사용자가 읽던 문맥을 잃습니다. 스크린 리더 사용자도 예상치 못한 삽입/이동으로 탐색이 끊길 수 있습니다. 해결책으로는 공간 예약, 안정적 타이포, 점진적 로딩, 애니메이션 최소화 등이 있습니다. 접근성은 “내용 전달”뿐 아니라 “안정적으로 전달”하는 것도 포함합니다. 콘텐츠 점프를 줄이면 전체 만족도가 크게 개선됩니다.	콘텐츠 점프									frontend	accessibility	a11y	ux
Q829	라이브 리전(Status Region)		Frontend - Web Accessibility	16	INITIALS	HARD	저장 완료, 필터 적용 같은 결과를 포커스 이동 없이 알리기 위해 status 역할로 운영하는 라이브 안내 영역을 무엇이라고 하는가?	라이브 리전(Status Region)은 동적 앱에서 결과 전달을 안정적으로 만드는 패턴입니다. 면접에서는 alert와 status의 차이로 출제될 수 있습니다. 실무에서는 성공 메시지는 status로 조용히 안내하고, 치명 오류는 alert로 강하게 안내하는 식으로 강도를 나눕니다. 이 영역은 페이지 어디에 두고, 메시지를 얼마나 유지하며, 업데이트 빈도를 어떻게 제어할지 정책이 필요합니다. 너무 자주 업데이트하면 소음이 되고, 너무 짧게 유지하면 읽히지 않을 수 있어 균형이 중요합니다. 또한 시각적으로도 동일한 메시지를 제공해 모든 사용자가 동일한 정보를 얻도록 해야 합니다. 라이브 리전은 접근성과 UX를 함께 끌어올리는 인프라에 가깝습니다.	라이브 리전									frontend	accessibility	a11y	aria
Q830	접근성 라우팅(Accessible Routing)		Frontend - Web Accessibility	16	INITIALS	HARD	SPA에서 경로가 바뀔 때 제목/포커스/상태 메시지를 함께 갱신해 전환을 보조기기에 명확히 전달하는 설계를 무엇이라고 하는가?	접근성 라우팅(Accessible Routing)은 SPA 접근성에서 고난도이면서도 실무 가치가 큰 주제입니다. 면접에서는 “페이지 전환인데 새로고침이 없으면 스크린 리더는 어떻게 알죠?” 같은 질문이 나올 수 있습니다. 실무에서는 라우트 변경 시 document title을 갱신하고, main의 첫 헤딩으로 포커스를 이동시키거나 적절한 전환 메시지를 status로 알립니다. 또한 뒤로/앞으로 가기 시에도 동일하게 동작해야 맥락이 유지됩니다. 전환 애니메이션이 있다면 포커스 이동 타이밍이 어긋나지 않게 제어해야 합니다. 접근성 라우팅은 제품 전체에 걸친 규칙이므로, 공통 훅이나 라우터 레벨에서 표준화하는 것이 좋습니다.	접근성 라우팅									frontend	accessibility	a11y	spa
Q831	접근성 감사(A11y Audit)		Frontend - Web Accessibility	16	INITIALS	HARD	자동 도구와 수동 테스트(키보드/스크린 리더)를 조합해 접근성 문제를 체계적으로 점검하는 활동을 무엇이라고 하는가?	접근성 감사(A11y Audit)는 접근성 품질을 “현재 상태에서” 진단하는 체계적 활동입니다. 면접에서는 어떤 절차로 접근성 점검을 하는지 물을 수 있습니다. 실무에서는 자동 도구로 빠르게 기본 오류를 찾고, 키보드만으로 주요 플로우를 실제로 수행해 함정이 없는지 확인합니다. 그다음 스크린 리더로 제목/랜드마크/폼/모달 같은 핵심 요소의 낭독과 조작을 점검합니다. 감사 결과는 우선순위를 매겨 해결 계획과 함께 관리해야 하며, 재발 방지를 위해 회귀 테스트로 연결하는 것이 이상적입니다. 접근성 감사는 단발 이벤트가 아니라, 제품 개발 프로세스에 녹아들어야 지속 효과가 큽니다.	접근성 감사									frontend	accessibility	a11y	process