question_temp_key	term_title	term_id	term_category	term_category_id	question_type	difficulty	question_text	explanation	text_answer	choice_1_text	choice_1_is_answer	choice_2_text	choice_2_is_answer	choice_3_text	choice_3_is_answer	choice_4_text	choice_4_is_answer	label_1_key	label_2_key	label_3_key	label_4_key
Q001	싱글턴 패턴(Singleton Pattern)		언어 중심 - TypeScript	97	CHOICE	EASY	애플리케이션 전체에서 인스턴스를 하나만 유지하려는 패턴은 무엇인가?	싱글턴 패턴은 특정 클래스의 인스턴스가 애플리케이션 전역에서 하나만 생성되도록 보장하는 패턴입니다. 공용 설정, 로거, 캐시처럼 공유 자원을 다룰 때 자주 등장합니다. TypeScript에서는 보통 private 생성자와 static 인스턴스를 조합해 표현합니다. 면접에서는 전역 변수와의 차이, 장점과 단점을 함께 설명할 수 있는지 확인하는 경우가 많습니다. 실무에서는 테스트가 어려워지거나 결합도가 높아질 수 있으므로 DI와 함께 설계하거나 사용 범위를 제한하는 관점이 중요합니다.		싱글턴(Singleton)	TRUE	팩토리(Factory)	FALSE	전략(Strategy)	FALSE	옵저버(Observer)	FALSE	frontend	typescript	pattern	
Q002	팩토리 패턴(Factory Pattern)		언어 중심 - TypeScript	97	CHOICE	EASY	객체 생성 로직을 한곳에 모아 new 사용을 줄이는 패턴은 무엇인가?	팩토리 패턴은 객체 생성 과정을 캡슐화하여 호출 측의 결합도를 낮추는 패턴입니다. 생성 조건이 많아질수록 new 호출이 여러 곳에 흩어질 수 있는데, 이를 한 곳에서 관리하게 해줍니다. TypeScript에서는 반환 타입을 인터페이스나 유니온 타입으로 정의해 생성 결과를 안정적으로 다룰 수 있습니다. 면접에서는 단순 생성 함수와 패턴으로서의 팩토리를 구분해 설명할 수 있어야 합니다. 실무에서는 생성 규칙이 서비스 곳곳에 퍼지지 않도록 경계 레이어에 배치하는 것이 핵심입니다.		팩토리(Factory)	TRUE	싱글턴(Singleton)	FALSE	어댑터(Adapter)	FALSE	퍼사드(Facade)	FALSE	frontend	typescript	pattern	
Q003	전략 패턴(Strategy Pattern)		언어 중심 - TypeScript	97	CHOICE	EASY	상황에 따라 알고리즘을 교체할 수 있게 만드는 패턴은 무엇인가?	전략 패턴은 같은 목적을 가진 여러 알고리즘을 공통 인터페이스로 묶어 교체 가능하게 만드는 패턴입니다. 조건문이 늘어나는 문제를 줄이고 확장에 유리한 구조를 만듭니다. TypeScript에서는 함수 타입을 전략으로 넘겨 간단한 형태로 구현하는 경우도 많습니다. 면접에서는 if else 분기와 비교해 유지보수 측면의 장점을 설명하는 질문이 자주 나옵니다. 실무에서는 전략이 너무 세분화되면 복잡성이 커지므로 적절한 추상화 수준을 유지하는 것이 중요합니다.		전략(Strategy)	TRUE	옵저버(Observer)	FALSE	빌더(Builder)	FALSE	싱글턴(Singleton)	FALSE	frontend	typescript	pattern	
Q004	옵저버 패턴(Observer Pattern)		언어 중심 - TypeScript	97	CHOICE	EASY	한 객체의 상태 변경을 여러 구독자에게 알리는 패턴은 무엇인가?	옵저버 패턴은 주체의 상태 변화가 발생하면 관찰자들에게 자동으로 통지하는 패턴입니다. 이벤트 기반 구조와 잘 어울리며 UI나 상태 변화 처리에서 자주 사용됩니다. TypeScript에서는 콜백 등록과 해제 메서드를 제공하는 형태로 쉽게 구현할 수 있습니다. 면접에서는 발행자와 구독자의 역할, 그리고 구독 해제 누락 시 생기는 문제를 자주 묻습니다. 실무에서는 구독 해제를 관리하지 않으면 메모리 누수와 중복 처리 문제가 생길 수 있으므로 라이프사이클 관리가 핵심입니다.		옵저버(Observer)	TRUE	전략(Strategy)	FALSE	어댑터(Adapter)	FALSE	레포지토리(Repository)	FALSE	frontend	typescript	pattern	
Q005	데코레이터 패턴(Decorator Pattern)		언어 중심 - TypeScript	97	CHOICE	EASY	기존 코드를 바꾸지 않고 기능을 덧붙이는 설계와 가장 가까운 패턴은 무엇인가?	데코레이터 패턴은 객체를 감싸서 책임을 동적으로 추가하는 패턴입니다. 상속 대신 조합을 통해 기능을 확장할 수 있다는 점이 핵심입니다. TypeScript에서는 래퍼 객체를 만들어 메서드 호출 전후로 동작을 끼워 넣는 방식이 흔합니다. 면접에서는 상속으로 확장하는 방식과 비교해 장점을 말해보라는 질문이 자주 나옵니다. 실무에서는 데코레이터가 과도하게 중첩되면 추적이 어려워질 수 있으므로 적용 범위를 제한하는 것이 좋습니다.		데코레이터(Decorator)	TRUE	퍼사드(Facade)	FALSE	팩토리(Factory)	FALSE	싱글턴(Singleton)	FALSE	frontend	typescript	pattern	
Q006	모듈 패턴(Module Pattern)		언어 중심 - TypeScript	97	CHOICE	EASY	import export로 기능을 분리해 캡슐화하는 방식과 관련 깊은 패턴은 무엇인가?	모듈 패턴은 코드를 분리하고 공개 API만 노출하여 캡슐화를 달성하는 패턴입니다. 전역 네임스페이스 오염을 줄이고 의존성을 명확하게 만들 수 있습니다. TypeScript에서는 ES Module을 통해 자연스럽게 구현됩니다. 면접에서는 모듈 스코프와 번들링, 트리 쉐이킹 같은 주제로 확장 질문이 나올 수 있습니다. 실무에서는 배럴 파일을 무분별하게 사용하면 의존성 추적이 어려워질 수 있으므로 구조 설계와 규칙이 중요합니다.		모듈(Module)	TRUE	빌더(Builder)	FALSE	옵저버(Observer)	FALSE	전략(Strategy)	FALSE	frontend	typescript	pattern	
Q007	의존성 주입(Dependency Injection)		언어 중심 - TypeScript	97	CHOICE	EASY	필요한 객체를 직접 생성하지 않고 외부에서 전달받는 설계 방식은 무엇인가?	의존성 주입은 클래스가 의존 객체를 직접 만들지 않고 외부에서 주입받는 방식입니다. 결합도를 낮추고 테스트에서 대체 구현을 쉽게 끼울 수 있다는 장점이 있습니다. TypeScript에서는 생성자 인자 주입과 함수 인자 주입이 가장 흔한 형태입니다. 면접에서는 IoC 개념과 함께 싱글턴 패턴과의 차이를 비교하는 질문이 자주 나옵니다. 실무에서는 주입 그래프가 복잡해질 수 있으므로 모듈 경계와 생성 책임을 명확히 하는 것이 중요합니다.		의존성 주입(DI)	TRUE	싱글턴(Singleton)	FALSE	옵저버(Observer)	FALSE	어댑터(Adapter)	FALSE	frontend	typescript	pattern	
Q008	레포지토리 패턴(Repository Pattern)		언어 중심 - TypeScript	97	CHOICE	EASY	데이터 접근 로직을 분리해 도메인 로직이 저장소 구현을 몰라도 되게 하는 패턴은 무엇인가?	레포지토리 패턴은 데이터 소스 접근을 추상화하여 도메인 로직과 분리하는 패턴입니다. DB나 외부 API가 바뀌어도 도메인 코드 변경을 최소화할 수 있습니다. TypeScript에서는 인터페이스로 계약을 정의하고 구현체를 교체하는 방식이 흔합니다. 면접에서는 서비스 레이어와 레포지토리의 책임 경계를 정확히 설명할 수 있어야 합니다. 실무에서는 레포지토리에 비즈니스 규칙을 넣지 않고 조회 저장 규칙을 일관되게 관리하는 습관이 중요합니다.		레포지토리(Repository)	TRUE	퍼사드(Facade)	FALSE	전략(Strategy)	FALSE	싱글턴(Singleton)	FALSE	frontend	typescript	pattern	
Q009	어댑터 패턴(Adapter Pattern)		언어 중심 - TypeScript	97	CHOICE	EASY	기존 인터페이스를 유지한 채 다른 인터페이스로 변환해 연결하는 패턴은 무엇인가?	어댑터 패턴은 호환되지 않는 인터페이스를 변환하여 함께 동작하게 만드는 패턴입니다. 외부 라이브러리 응답을 내부 도메인 모델로 바꿀 때 자주 사용됩니다. TypeScript에서는 변환 함수나 래퍼 클래스로 구현하는 경우가 많습니다. 면접에서는 퍼사드와의 차이 또는 어댑터가 필요한 상황을 예시로 설명하라는 질문이 나옵니다. 실무에서는 변환 규칙이 흩어지지 않도록 경계 계층에 모아 관리하는 것이 중요합니다.		어댑터(Adapter)	TRUE	옵저버(Observer)	FALSE	팩토리(Factory)	FALSE	빌더(Builder)	FALSE	frontend	typescript	pattern	
Q010	퍼사드 패턴(Facade Pattern)		언어 중심 - TypeScript	97	CHOICE	EASY	복잡한 기능들을 단순한 진입점 하나로 제공하는 패턴은 무엇인가?	퍼사드 패턴은 여러 서브시스템을 하나의 단순한 인터페이스로 감싸 제공하는 패턴입니다. 호출 측은 내부 구조를 몰라도 기능을 쉽게 사용할 수 있습니다. TypeScript에서는 여러 서비스를 묶어 하나의 클래스로 제공하는 방식이 흔합니다. 면접에서는 어댑터 패턴과의 목적 차이를 설명할 수 있어야 합니다. 실무에서는 퍼사드가 너무 많은 책임을 가지면 거대한 클래스가 되므로 범위를 명확히 제한하는 것이 중요합니다.		퍼사드(Facade)	TRUE	어댑터(Adapter)	FALSE	옵저버(Observer)	FALSE	전략(Strategy)	FALSE	frontend	typescript	pattern	
Q011	빌더 패턴(Builder Pattern)		언어 중심 - TypeScript	97	CHOICE	EASY	생성자 인자가 많을 때 객체를 단계적으로 조립해 생성하는 패턴은 무엇인가?	빌더 패턴은 복잡한 객체를 단계적으로 구성한 뒤 최종적으로 생성하는 패턴입니다. 선택 옵션이 많은 객체에서 가독성과 안정성을 높이는 데 도움이 됩니다. TypeScript에서는 체이닝 메서드를 제공하는 빌더 클래스로 구현하는 경우가 많습니다. 면접에서는 생성자 오버로드나 옵션 객체 방식과 비교해 장점을 설명하는 문제가 나옵니다. 실무에서는 불변 객체를 만들거나 기본값을 안전하게 적용하는 데 유용하지만, 과도한 빌더는 코드량이 늘 수 있으므로 적용 대상과 범위를 잘 선택하셔야 합니다.		빌더(Builder)	TRUE	팩토리(Factory)	FALSE	싱글턴(Singleton)	FALSE	옵저버(Observer)	FALSE	frontend	typescript	pattern	
Q012	커맨드 패턴(Command Pattern)		언어 중심 - TypeScript	97	CHOICE	EASY	요청을 객체로 캡슐화해 실행과 취소 같은 기능을 다루기 쉽게 하는 패턴은 무엇인가?	커맨드 패턴은 작업 요청을 하나의 객체로 표현하여 호출자와 실행자를 분리하는 패턴입니다. 실행, 큐잉, 로깅, 재시도, 취소 같은 기능을 붙이기 좋습니다. TypeScript에서는 함수 객체를 커맨드로 취급하거나 execute 메서드를 가진 객체로 구현합니다. 면접에서는 undo redo 기능을 어떻게 설계할지 예시로 질문이 자주 나옵니다. 실무에서는 커맨드가 지나치게 많아지면 복잡해질 수 있으므로 유사 작업을 묶는 설계와 관리 규칙이 필요합니다.		커맨드(Command)	TRUE	상태(State)	FALSE	전략(Strategy)	FALSE	옵저버(Observer)	FALSE	frontend	typescript	pattern	
Q013	상태 패턴(State Pattern)		언어 중심 - TypeScript	97	CHOICE	EASY	객체의 내부 상태에 따라 행동이 달라지도록 상태를 객체로 분리하는 패턴은 무엇인가?	상태 패턴은 상태별 동작을 상태 객체로 분리해 조건문을 줄이는 패턴입니다. 상태가 늘어날수록 if else가 커지는데 이를 구조적으로 해결합니다. TypeScript에서는 상태 인터페이스를 만들고 상태 구현체를 교체하는 방식이 흔합니다. 면접에서는 전략 패턴과의 유사점과 차이점을 설명하는 질문이 나올 수 있습니다. 실무에서는 상태 전이 규칙을 한곳에서 관리하지 않으면 디버깅이 어려워질 수 있으므로 전이 흐름을 명확히 문서화하시는 것이 좋습니다.		상태(State)	TRUE	전략(Strategy)	FALSE	커맨드(Command)	FALSE	퍼사드(Facade)	FALSE	frontend	typescript	pattern	
Q014	템플릿 메서드 패턴(Template Method Pattern)		언어 중심 - TypeScript	97	CHOICE	EASY	전체 흐름은 상위에서 정하고 일부 단계만 하위에서 구현하도록 하는 패턴은 무엇인가?	템플릿 메서드 패턴은 알고리즘의 골격을 상위 클래스에 두고 일부 단계를 하위에서 구현하게 하는 패턴입니다. 공통 흐름을 재사용하면서도 변하는 부분을 분리할 수 있습니다. TypeScript에서는 클래스 상속과 protected 메서드로 구현하는 구성이 흔합니다. 면접에서는 전략 패턴과 비교해 상속 기반인지 조합 기반인지 구분하는 문제가 나옵니다. 실무에서는 상속 계층이 깊어지면 유연성이 떨어질 수 있으므로 적용 범위를 신중히 선택하시는 것이 중요합니다.		템플릿 메서드(Template Method)	TRUE	전략(Strategy)	FALSE	싱글턴(Singleton)	FALSE	빌더(Builder)	FALSE	frontend	typescript	pattern	
Q015	프록시 패턴(Proxy Pattern)		언어 중심 - TypeScript	97	CHOICE	EASY	실제 객체에 직접 접근하지 않고 대리 객체를 통해 접근을 제어하는 패턴은 무엇인가?	프록시 패턴은 실제 객체를 대신하는 대리 객체를 두어 접근을 제어하는 패턴입니다. 지연 로딩, 권한 체크, 캐싱, 로깅 같은 기능을 붙일 때 유용합니다. TypeScript에서는 동일한 인터페이스를 구현한 프록시 객체를 만들어 위임하는 방식이 흔합니다. 면접에서는 프록시와 데코레이터의 차이를 설명할 수 있어야 합니다. 실무에서는 프록시가 많아지면 호출 흐름이 복잡해져 성능과 디버깅 관점에서 부담이 될 수 있으므로 적절한 사용 범위와 관측성(로깅)을 같이 설계하셔야 합니다.		프록시(Proxy)	TRUE	퍼사드(Facade)	FALSE	어댑터(Adapter)	FALSE	옵저버(Observer)	FALSE	frontend	typescript	pattern	
Q016	컴포지트 패턴(Composite Pattern)		언어 중심 - TypeScript	97	CHOICE	EASY	객체를 트리 구조로 구성해 단일 객체와 복합 객체를 동일하게 다루는 패턴은 무엇인가?	컴포지트 패턴은 부분과 전체를 동일한 인터페이스로 다루도록 트리 구조를 만드는 패턴입니다. 파일 시스템, UI 컴포넌트 트리 같은 구조에서 자주 등장합니다. TypeScript에서는 공통 인터페이스를 두고 Leaf와 Composite가 이를 구현하도록 설계합니다. 면접에서는 왜 동일하게 다루는 것이 이점인지와 예시를 물어봅니다. 실무에서는 순환 참조 같은 구조적 오류가 생기지 않도록 트리 규칙을 강제하고, 추가 삭제 시 무결성을 지키는 설계를 하시는 것이 중요합니다.		컴포지트(Composite)	TRUE	이터레이터(Iterator)	FALSE	커맨드(Command)	FALSE	빌더(Builder)	FALSE	frontend	typescript	pattern	
Q017	이터레이터 패턴(Iterator Pattern)		언어 중심 - TypeScript	97	CHOICE	EASY	컬렉션의 내부 구조를 노출하지 않고 순회 방법을 제공하는 패턴은 무엇인가?	이터레이터 패턴은 컬렉션의 내부 구현을 숨기고 순회 인터페이스를 제공하는 패턴입니다. 데이터 구조가 바뀌어도 순회 로직이 영향을 덜 받습니다. TypeScript에서는 Symbol iterator와 for of 같은 문법이 이 개념과 연결됩니다. 면접에서는 배열 순회와 비교해 추상화의 의미를 설명하는 질문이 나올 수 있습니다. 실무에서는 커스텀 컬렉션을 만들 때 순회 규칙을 명확히 제공하면 사용성이 좋아지며, 순회 중 변경 같은 부작용 정책도 함께 정하시는 것이 좋습니다.		이터레이터(Iterator)	TRUE	컴포지트(Composite)	FALSE	퍼사드(Facade)	FALSE	싱글턴(Singleton)	FALSE	frontend	typescript	pattern	
Q018	미디에이터 패턴(Mediator Pattern)		언어 중심 - TypeScript	97	CHOICE	EASY	여러 객체 간 상호작용을 중재자 객체로 모아 결합도를 줄이는 패턴은 무엇인가?	미디에이터 패턴은 객체들 간의 직접 통신을 줄이고 중재자에게 상호작용을 위임하는 패턴입니다. 객체 간 의존 관계가 얽히는 문제를 완화해 구조를 단순하게 만듭니다. TypeScript에서는 이벤트 버스나 중앙 컨트롤러 형태로 구현되기도 합니다. 면접에서는 옵저버 패턴과 비교해 어떤 상황에서 더 적합한지 물어볼 수 있습니다. 실무에서는 중재자가 너무 많은 책임을 가지면 병목이 될 수 있으므로 책임 범위를 분리하고 모듈 경계를 명확히 하시는 것이 중요합니다.		미디에이터(Mediator)	TRUE	옵저버(Observer)	FALSE	어댑터(Adapter)	FALSE	빌더(Builder)	FALSE	frontend	typescript	pattern	
Q019	비지터 패턴(Visitor Pattern)		언어 중심 - TypeScript	97	CHOICE	EASY	객체 구조는 유지하면서 새로운 연산을 추가하기 쉽게 하는 패턴은 무엇인가?	비지터 패턴은 데이터 구조는 안정적으로 두고 새로운 연산을 외부에 추가하는 패턴입니다. 구조는 자주 바뀌지 않지만 처리 로직이 자주 늘어날 때 유리합니다. TypeScript에서는 타입 좁히기와 함께 visit 메서드로 분기 처리하는 형태로 소개되기도 합니다. 면접에서는 OCP 관점에서 어떤 부분을 확장하는지 설명하는 문제가 나올 수 있습니다. 실무에서는 구조 변경이 잦다면 오히려 수정 비용이 커질 수 있으므로 적용 대상이 안정적인지 먼저 판단하시는 것이 좋습니다.		비지터(Visitor)	TRUE	이터레이터(Iterator)	FALSE	커맨드(Command)	FALSE	프록시(Proxy)	FALSE	frontend	typescript	pattern	
Q020	책임 연쇄 패턴(Chain of Responsibility)		언어 중심 - TypeScript	97	CHOICE	EASY	요청을 처리할 수 있는 핸들러를 체인으로 연결해 순서대로 넘기는 패턴은 무엇인가?	책임 연쇄 패턴은 요청을 처리할 객체들을 체인으로 연결하고 순차적으로 전달하는 패턴입니다. 조건 분기 로직을 여러 처리 단계로 나눠 유연하게 구성할 수 있습니다. TypeScript에서는 next를 갖는 핸들러 클래스를 두고 처리 후 다음으로 넘기는 방식이 흔합니다. 면접에서는 미들웨어 파이프라인 같은 예시로 연결해 설명하라는 질문이 나올 수 있습니다. 실무에서는 체인이 길어지면 흐름 추적이 어려워질 수 있으므로 로깅, 순서 관리, 중단 조건을 명확히 정해두시는 것이 중요합니다.		책임 연쇄(Chain of Responsibility)	TRUE	전략(Strategy)	FALSE	퍼사드(Facade)	FALSE	싱글턴(Singleton)	FALSE	frontend	typescript	pattern	
Q021	추상 팩토리 패턴(Abstract Factory Pattern)		언어 중심 - TypeScript	97	CHOICE	EASY	서로 관련 있는 객체 묶음을 구체 클래스에 의존하지 않고 생성하려는 패턴은 무엇인가?	추상 팩토리 패턴은 관련 있는 객체들을 하나의 제품군으로 묶어 생성하는 인터페이스를 제공하는 패턴입니다. 호출 측에서는 어떤 구체 클래스가 만들어지는지 몰라도, 같은 계열의 객체를 일관된 조합으로 얻을 수 있다는 장점이 있습니다. TypeScript에서는 인터페이스와 구현 클래스를 분리해 두고, 환경이나 테마에 따라 구현체를 교체하는 방식으로 적용하시기 좋습니다. 면접에서는 일반 팩토리 패턴과의 차이를 물으면서, “단일 객체 생성”이 아니라 제품군 전체를 생성한다는 점을 강조하시면 좋습니다. 실무에서는 테마별 UI 컴포넌트 세트, 플랫폼별 서비스 세트 생성처럼 서로 호환되는 구성 요소를 한꺼번에 제공해야 할 때 특히 유용합니다.		추상 팩토리(Abstract Factory)	TRUE	프로토타입(Prototype)	FALSE	브리지(Bridge)	FALSE	플라이웨이트(Flyweight)	FALSE	frontend	typescript	pattern	
Q022	프로토타입 패턴(Prototype Pattern)		언어 중심 - TypeScript	97	CHOICE	EASY	새 객체를 만들 때 기존 객체를 복제해서 생성하려는 패턴은 무엇인가?	프로토타입 패턴은 기존 인스턴스를 복제하여 새로운 객체를 생성하는 패턴입니다. 생성 비용이 큰 객체를 반복적으로 만들어야 할 때 성능 이점을 얻을 수 있습니다. TypeScript에서는 스프레드 문법이나 구조적 복사로 비슷하게 구현할 수 있으나, 이 경우 깊은 복사 문제가 생길 수 있어 주의하셔야 합니다. 면접에서는 얕은 복사와 깊은 복사의 차이, 복제 과정에서 참조가 공유될 때 생기는 위험을 함께 질문할 수 있습니다. 실무에서는 기본 템플릿 객체를 복제한 뒤 필요한 옵션만 덮어쓰는 방식으로 자주 활용하시며, 공유 참조가 남지 않도록 복제 정책을 명확히 정하시는 것이 중요합니다.		프로토타입(Prototype)	TRUE	싱글턴(Singleton)	FALSE	커맨드(Command)	FALSE	퍼사드(Facade)	FALSE	frontend	typescript	pattern	
Q023	플라이웨이트 패턴(Flyweight Pattern)		언어 중심 - TypeScript	97	CHOICE	EASY	많은 유사 객체를 공유해 메모리 사용을 줄이려는 패턴은 무엇인가?	플라이웨이트 패턴은 공통 상태를 공유하고, 변하는 상태만 외부에서 주입하여 메모리 사용을 줄이는 패턴입니다. 대량의 객체가 필요할 때 중복 데이터를 최소화하는 것이 핵심입니다. TypeScript에서는 캐시 맵을 두고 동일 키에 대해 같은 인스턴스를 반환하는 형태로 구현하시는 경우가 많습니다. 면접에서는 어떤 상태를 공유해도 되는지, 어떤 상태는 공유하면 안 되는지(외부 상태)의 구분을 할 수 있는지 확인합니다. 실무에서는 아이콘, 폰트 글리프, 게임 오브젝트처럼 동일 리소스가 반복되는 영역에서 효과가 크며, 캐시의 크기 관리와 키 설계가 성능에 큰 영향을 줍니다.		플라이웨이트(Flyweight)	TRUE	어댑터(Adapter)	FALSE	옵저버(Observer)	FALSE	빌더(Builder)	FALSE	frontend	typescript	pattern	
Q024	브리지 패턴(Bridge Pattern)		언어 중심 - TypeScript	97	CHOICE	EASY	추상화와 구현을 분리해서 각각 독립적으로 확장하려는 패턴은 무엇인가?	브리지 패턴은 추상화 계층과 구현 계층을 분리하여 서로의 변경 영향을 줄이고 독립적으로 확장할 수 있게 하는 패턴입니다. 상속으로 기능을 늘리다 보면 조합 폭발이 생길 수 있는데, 브리지는 이를 조합 구조로 해결합니다. TypeScript에서는 구현부를 인터페이스로 분리하고, 생성자 주입으로 연결하는 방식이 흔합니다. 면접에서는 전략 패턴과 헷갈리기 쉬운데, 브리지는 “알고리즘 교체”보다 계층 분리와 구현 교체에 초점이 있다는 점을 말씀하시면 좋습니다. 실무에서는 렌더러 교체, 저장소 교체처럼 구현 변경이 잦은 영역에서 유용하며, 추상화 레이어가 구현 세부사항에 새지 않도록 경계를 엄격히 잡는 것이 중요합니다.		브리지(Bridge)	TRUE	템플릿 메서드(Template Method)	FALSE	프록시(Proxy)	FALSE	컴포지트(Composite)	FALSE	frontend	typescript	pattern	
Q025	메멘토 패턴(Memento Pattern)		언어 중심 - TypeScript	97	CHOICE	EASY	객체의 상태를 저장해 두었다가 나중에 복원할 수 있게 하는 패턴은 무엇인가?	메멘토 패턴은 객체의 내부 상태를 캡슐화한 채로 스냅샷을 저장하고, 필요할 때 복원할 수 있게 하는 패턴입니다. 실행 취소 기능이나 히스토리 관리에서 자주 사용됩니다. TypeScript에서는 상태 객체를 별도로 만들고 스택에 쌓아두는 방식으로 구현하시는 경우가 많습니다. 면접에서는 “캡슐화를 깨지 않으면서” 상태를 어떻게 저장하는지, 즉 외부가 내부 구조를 직접 만지지 않게 설계하는 포인트를 설명할 수 있어야 합니다. 실무에서는 편집기, 폼 입력, 캔버스 작업의 undo redo에서 특히 유용하며, 스냅샷 크기와 저장 빈도를 잘못 잡으면 메모리 사용량이 급증할 수 있으므로 관리 정책이 필요합니다.		메멘토(Memento)	TRUE	옵저버(Observer)	FALSE	레포지토리(Repository)	FALSE	팩토리(Factory)	FALSE	frontend	typescript	pattern	
Q026	인터프리터 패턴(Interpreter Pattern)		언어 중심 - TypeScript	97	CHOICE	EASY	간단한 문법 규칙을 정의하고 표현식을 해석해 실행하려는 패턴은 무엇인가?	인터프리터 패턴은 언어나 규칙을 표현하는 클래스를 정의하고 이를 해석하여 동작시키는 패턴입니다. 특정 도메인의 간단한 규칙이나 필터 조건을 표현할 때 사용됩니다. TypeScript에서는 AST 형태의 구조를 만들거나, 함수 조합으로 규칙을 표현해 적용하실 수도 있습니다. 면접에서는 규칙이 복잡해질 때 이 패턴이 과해질 수 있다는 점, 즉 파서나 전용 도구가 더 적절해지는 시점을 설명하라고 할 수 있습니다. 실무에서는 검색 필터, 권한 규칙, 수식 계산 같은 제한된 DSL에 적용 가능하며, 규칙 확장 방식과 성능을 함께 고려해 설계하시는 것이 좋습니다.		인터프리터(Interpreter)	TRUE	브리지(Bridge)	FALSE	플라이웨이트(Flyweight)	FALSE	퍼사드(Facade)	FALSE	frontend	typescript	pattern	
Q027	스펙 패턴(Specification Pattern)		언어 중심 - TypeScript	97	CHOICE	EASY	비즈니스 조건을 객체로 표현하고 AND OR 같은 조합을 가능하게 하는 패턴은 무엇인가?	스펙 패턴은 조건을 명세 객체로 분리하고, AND OR NOT 같은 조합을 통해 복잡한 조건을 재사용 가능하게 구성하는 패턴입니다. 복잡한 if 조건을 읽기 쉬운 규칙 단위로 쪼개는 데 도움이 됩니다. TypeScript에서는 predicate 함수로 구현하거나, 규칙 클래스를 만들어 조합 메서드를 제공하는 식으로 적용하실 수 있습니다. 면접에서는 조건 로직의 재사용성과 테스트 용이성이 왜 좋아지는지 설명하는 질문이 나올 수 있습니다. 실무에서는 필터링, 유효성 검사, 권한 체크에서 효과적이며, 규칙이 흩어지지 않도록 규칙 저장 위치와 조합 방식에 대한 팀 컨벤션을 세워두시는 것이 좋습니다.		스펙(Specification)	TRUE	데코레이터(Decorator)	FALSE	프록시(Proxy)	FALSE	싱글턴(Singleton)	FALSE	frontend	typescript	pattern	
Q028	널 오브젝트 패턴(Null Object Pattern)		언어 중심 - TypeScript	97	CHOICE	EASY	null 대신 아무 동작도 하지 않는 객체를 반환해 분기 처리를 줄이는 패턴은 무엇인가?	널 오브젝트 패턴은 null을 반환하는 대신 기본 동작을 수행하는 객체를 반환하여, 호출 측의 null 체크를 줄이는 패턴입니다. 이를 통해 코드 흐름이 단순해지고, 호출부가 방어 로직으로 어지러워지는 것을 줄일 수 있습니다. TypeScript에서는 인터페이스를 만족하는 기본 구현체를 만들어 “안전한 기본값”을 제공하는 방식이 흔합니다. 면접에서는 Optional 처리와 비교하거나, 항상 좋은 선택인지(버그를 숨길 가능성) 같은 트레이드오프를 묻는 경우가 많습니다. 실무에서는 로그 수집기, 알림 발송기처럼 선택 기능에서 유용하며, “조용히 무시”가 장애를 숨기지 않도록 관측성 정책을 함께 고려하시는 것이 중요합니다.		널 오브젝트(Null Object)	TRUE	이터레이터(Iterator)	FALSE	컴포지트(Composite)	FALSE	어댑터(Adapter)	FALSE	frontend	typescript	pattern	
Q029	오브젝트 풀 패턴(Object Pool Pattern)		언어 중심 - TypeScript	97	CHOICE	EASY	자주 생성되는 객체를 미리 만들어 재사용하도록 관리하는 패턴은 무엇인가?	오브젝트 풀 패턴은 객체를 매번 생성하지 않고 미리 만들어 둔 풀에서 빌려 쓰는 방식으로 성능을 개선하는 패턴입니다. 생성과 해제 비용이 큰 객체에서 효과가 큽니다. TypeScript 일반 웹 애플리케이션에서는 자주 쓰이지 않지만, 게임 루프나 고빈도 작업에서 등장할 수 있습니다. 면접에서는 풀에서 빌린 객체를 반드시 반환해야 한다는 점과, 반환 누락 시 생기는 리소스 고갈 문제를 강조하시면 좋습니다. 실무에서는 상태 오염을 막기 위한 초기화 규칙과 동시성 관리가 중요하며, 풀 크기와 확장 정책을 잘못 잡으면 오히려 복잡도만 증가할 수 있습니다.		오브젝트 풀(Object Pool)	TRUE	플라이웨이트(Flyweight)	FALSE	싱글턴(Singleton)	FALSE	퍼사드(Facade)	FALSE	frontend	typescript	pattern	
Q030	서비스 로케이터 패턴(Service Locator Pattern)		언어 중심 - TypeScript	97	CHOICE	EASY	필요한 의존성을 중앙 저장소에서 찾아 꺼내 쓰는 방식과 관련된 패턴은 무엇인가?	서비스 로케이터 패턴은 중앙 레지스트리에서 서비스를 조회하여 사용하는 패턴입니다. DI처럼 보이지만 의존성이 코드 내부에서 숨겨져 의존성 명시성이 떨어질 수 있다는 점이 차이입니다. TypeScript에서는 전역 컨테이너 객체를 두고 키로 서비스를 가져오는 형태로 구현되곤 합니다. 면접에서는 DI와 비교해 테스트 용이성, 의존성 추적 가능성 측면에서 단점을 설명하라는 질문이 나올 수 있습니다. 실무에서는 초기에 편하더라도 규모가 커지면 추적이 어려워질 수 있으므로, 사용할 경우 등록 규칙과 사용 범위를 엄격히 제한하시는 것이 좋습니다.		서비스 로케이터(Service Locator)	TRUE	의존성 주입(DI)	FALSE	빌더(Builder)	FALSE	메멘토(Memento)	FALSE	frontend	typescript	pattern	
Q031	MVC 패턴(Model View Controller)		언어 중심 - TypeScript	97	CHOICE	EASY	모델과 뷰와 컨트롤러로 역할을 나눠 구조를 잡는 패턴은 무엇인가?	MVC 패턴은 모델(데이터), 뷰(화면), 컨트롤러(입력 처리)로 책임을 분리하는 패턴입니다. 관심사 분리를 통해 구조를 명확히 하고 유지보수성을 높입니다. TypeScript에서는 프론트엔드나 Node 서버에서 계층을 나눌 때 개념적으로 자주 언급됩니다. 면접에서는 각 역할이 무엇을 책임지는지, 경계를 어디까지 두는지 명확히 말할 수 있어야 합니다. 실무에서는 컨트롤러가 비대해지지 않도록 서비스 계층을 두거나, 컨트롤러는 요청/응답 변환에 집중시키는 식으로 설계하시는 것이 좋습니다.		MVC	TRUE	MVVM	FALSE	CQRS	FALSE	레포지토리(Repository)	FALSE	frontend	typescript	pattern	
Q032	MVVM 패턴(Model View ViewModel)		언어 중심 - TypeScript	97	CHOICE	EASY	뷰와 모델 사이를 ViewModel이 연결해 상태와 로직을 정리하는 패턴은 무엇인가?	MVVM 패턴은 ViewModel이 뷰에 필요한 상태와 동작을 제공하고, 모델과의 연결을 담당하는 패턴입니다. 데이터 바인딩 개념과 잘 맞아 UI 개발에서 자주 언급됩니다. TypeScript에서는 상태 관리 레이어를 ViewModel처럼 구성하여 뷰를 얇게 만드는 방식으로 적용하실 수 있습니다. 면접에서는 MVC와 비교해 ViewModel의 역할과 이점, 특히 뷰 로직 분리 효과를 설명하는 질문이 나올 수 있습니다. 실무에서는 ViewModel이 도메인 규칙까지 과도하게 포함하지 않도록, 책임을 UI 상태와 표현 로직에 한정하는 분리가 중요합니다.		MVVM	TRUE	MVC	FALSE	플럭스(Flux)	FALSE	퍼사드(Facade)	FALSE	frontend	typescript	pattern	
Q033	플럭스 패턴(Flux Pattern)		언어 중심 - TypeScript	97	CHOICE	EASY	단방향 데이터 흐름을 강조하며 액션과 스토어로 상태를 관리하는 패턴은 무엇인가?	플럭스 패턴은 액션이 발생하고 디스패처를 거쳐 스토어가 갱신되며 뷰가 반영되는 단방향 흐름을 강조하는 패턴입니다. 상태 변경 흐름이 예측 가능해지고 디버깅이 쉬워진다는 점이 핵심입니다. TypeScript에서는 액션 타입을 유니온으로 정의하여 타입 안정성을 높이는 구현이 흔합니다. 면접에서는 양방향 바인딩과 비교해 왜 추적이 쉬운지, 즉 변경 지점이 제한된다는 점을 설명하라고 할 수 있습니다. 실무에서는 보일러플레이트가 늘 수 있으므로 팀 규칙과 코드 생성, 모듈 분리 전략을 함께 고려하시는 것이 좋습니다.		플럭스(Flux)	TRUE	MVC	FALSE	브리지(Bridge)	FALSE	어댑터(Adapter)	FALSE	frontend	typescript	pattern	
Q034	CQRS 패턴(CQRS Pattern)		언어 중심 - TypeScript	97	CHOICE	EASY	조회와 변경을 분리해 각각 최적화하려는 아키텍처 패턴은 무엇인가?	CQRS 패턴은 명령(변경)과 조회를 분리하여 읽기 모델과 쓰기 모델을 각각 설계하는 패턴입니다. 읽기 트래픽이 많거나 도메인이 복잡한 시스템에서 확장성과 성능을 개선할 수 있습니다. TypeScript 기반 서버에서도 조회용 API와 변경용 API를 구분하여 개념적으로 적용하실 수 있습니다. 면접에서는 왜 분리하는지, 그리고 그 대가로 복잡도가 증가한다는 트레이드오프를 설명할 수 있어야 합니다. 실무에서는 이벤트 소싱과 함께 쓰이기도 하지만, 단독 적용도 가능하므로 요구사항과 팀 운영 비용을 기준으로 선택하시는 것이 안전합니다.		CQRS	TRUE	MVC	FALSE	옵저버(Observer)	FALSE	이터레이터(Iterator)	FALSE	frontend	typescript	pattern	
Q035	유닛 오브 워크 패턴(Unit of Work Pattern)		언어 중심 - TypeScript	97	CHOICE	EASY	여러 변경 작업을 하나의 트랜잭션 단위로 묶어 커밋하는 패턴은 무엇인가?	유닛 오브 워크 패턴은 작업 단위 내에서 변경 사항을 추적하고, 한 번에 반영하여 트랜잭션 경계를 명확히 하는 패턴입니다. 이를 통해 데이터 일관성을 유지하는 데 도움이 됩니다. TypeScript에서는 ORM이나 데이터 계층에서 트랜잭션 래퍼 형태로 적용되는 경우가 많습니다. 면접에서는 레포지토리와의 관계, 변경 추적이 왜 필요한지(중복 업데이트, 롤백 등) 질문이 나올 수 있습니다. 실무에서는 트랜잭션 범위를 과도하게 넓히면 락 경합과 지연이 증가할 수 있으므로, 경계를 작게 유지하고 실패 처리 전략을 세우시는 것이 중요합니다.		유닛 오브 워크(Unit of Work)	TRUE	플라이웨이트(Flyweight)	FALSE	프록시(Proxy)	FALSE	데코레이터(Decorator)	FALSE	frontend	typescript	pattern	
Q036	데이터 매퍼 패턴(Data Mapper Pattern)		언어 중심 - TypeScript	97	CHOICE	EASY	도메인 객체와 데이터 저장 형식 사이의 변환을 별도 계층으로 분리하는 패턴은 무엇인가?	데이터 매퍼 패턴은 도메인 모델과 DB 스키마 같은 저장 구조를 분리하고, 매핑 계층이 변환을 담당하는 패턴입니다. 도메인 모델이 저장소 세부사항에 오염되지 않는 것이 큰 장점입니다. TypeScript에서는 DTO와 도메인 객체를 매핑하는 매퍼 함수를 두어 적용하시는 경우가 많습니다. 면접에서는 액티브 레코드와 비교하여 책임이 어디에 있는지, 즉 영속화 로직이 도메인에 붙지 않는다는 점을 설명할 수 있어야 합니다. 실무에서는 매핑 로직이 커지기 쉬우므로 규칙을 표준화하고 테스트로 안정성을 확보하시는 것이 중요합니다.		데이터 매퍼(Data Mapper)	TRUE	액티브 레코드(Active Record)	FALSE	싱글턴(Singleton)	FALSE	퍼사드(Facade)	FALSE	frontend	typescript	pattern	
Q037	액티브 레코드 패턴(Active Record Pattern)		언어 중심 - TypeScript	97	CHOICE	EASY	도메인 객체가 저장과 조회 메서드까지 직접 가지는 방식과 가까운 패턴은 무엇인가?	액티브 레코드 패턴은 객체가 자신의 데이터와 영속화 로직을 함께 가지는 패턴입니다. 간단한 CRUD 중심 애플리케이션에서 구현이 직관적이라는 장점이 있습니다. TypeScript에서는 ORM 모델 클래스에 save, find 같은 메서드가 붙는 형태로 자주 보입니다. 면접에서는 데이터 매퍼와 비교해 도메인 복잡도가 커질 때 어떤 문제가 생기는지(결합도 상승, 테스트 난이도 증가) 물을 수 있습니다. 실무에서는 비즈니스 규칙이 복잡해지면 계층 분리가 유리해질 수 있으므로, 규모에 따라 전환을 검토하시는 것이 안전합니다.		액티브 레코드(Active Record)	TRUE	데이터 매퍼(Data Mapper)	FALSE	커맨드(Command)	FALSE	브리지(Bridge)	FALSE	frontend	typescript	pattern	
Q038	이벤트 소싱 패턴(Event Sourcing Pattern)		언어 중심 - TypeScript	97	CHOICE	EASY	현재 상태를 저장하는 대신 상태 변경 이벤트를 누적해 상태를 재구성하는 방식은 무엇인가?	이벤트 소싱은 현재 상태를 직접 저장하기보다 변경 이벤트를 저장하고, 이를 재생하여 현재 상태를 만드는 방식입니다. 감사 추적과 히스토리 복원이 강점입니다. TypeScript 서버에서도 이벤트 로그를 저장하고 프로젝션을 만들어 조회 모델을 구성하실 수 있습니다. 면접에서는 이벤트가 누적될 때 조회 성능을 어떻게 보완하는지, 예를 들어 스냅샷 같은 방법을 설명할 수 있어야 합니다. 실무에서는 운영 복잡도가 올라가므로 도입 전에 요구사항과 팀 역량, 장애 대응 전략을 충분히 검토하시는 것이 중요합니다.		이벤트 소싱(Event Sourcing)	TRUE	레포지토리(Repository)	FALSE	MVC	FALSE	프록시(Proxy)	FALSE	frontend	typescript	pattern	
Q039	사가 패턴(Saga Pattern)		언어 중심 - TypeScript	97	CHOICE	EASY	분산 트랜잭션 대신 단계별 보상 작업으로 일관성을 맞추려는 패턴은 무엇인가?	사가 패턴은 여러 서비스에 걸친 작업을 단계로 나누고, 실패 시 보상 작업으로 롤백 효과를 내어 최종 일관성을 달성하는 패턴입니다. 2단계 커밋 같은 강한 분산 트랜잭션을 피하려는 목적이 큽니다. TypeScript 기반 마이크로서비스에서도 이벤트나 메시지 기반으로 단계 진행을 관리하는 형태로 적용하실 수 있습니다. 면접에서는 보상 트랜잭션의 의미와, 완전한 원자성이 아니라 최종 일관성을 목표로 한다는 점을 설명하시면 좋습니다. 실무에서는 실패 케이스가 다양해지기 쉬우므로 상태 전이, 재시도, 멱등성 설계를 체계적으로 마련하시는 것이 매우 중요합니다.		사가(Saga)	TRUE	커맨드(Command)	FALSE	빌더(Builder)	FALSE	플라이웨이트(Flyweight)	FALSE	frontend	typescript	pattern	
Q040	서킷 브레이커 패턴(Circuit Breaker Pattern)		언어 중심 - TypeScript	97	CHOICE	EASY	외부 호출 실패가 반복될 때 호출을 잠시 차단해 장애 전파를 막는 패턴은 무엇인가?	서킷 브레이커 패턴은 외부 서비스가 불안정할 때 일정 기준으로 호출을 차단하여 시스템 전체를 보호하는 패턴입니다. 오픈 상태에서는 빠르게 실패시키고, 시간이 지나면 반개방 상태로 회복을 시도합니다. TypeScript에서는 HTTP 클라이언트 래퍼나 미들웨어로 구현하시는 경우가 많습니다. 면접에서는 재시도와의 차이, 그리고 장애 확산을 막는 목적을 설명하는 문제가 나올 수 있습니다. 실무에서는 임계값과 타임아웃 설정이 핵심이며, 잘못 잡으면 정상 트래픽까지 막을 수 있으므로 지표 기반으로 튜닝하시는 것이 좋습니다.		서킷 브레이커(Circuit Breaker)	TRUE	프록시(Proxy)	FALSE	퍼사드(Facade)	FALSE	메멘토(Memento)	FALSE	frontend	typescript	pattern	
Q041	팩토리 메서드 패턴(Factory Method Pattern)		언어 중심 - TypeScript	97	CHOICE	EASY	상위 클래스가 생성 흐름을 정의하고, 실제 생성은 하위 클래스가 결정하게 하는 패턴은 무엇인가?	팩토리 메서드 패턴은 객체 생성 책임을 하위 클래스에 위임하는 생성 패턴입니다. 호출 측은 구체 클래스를 직접 알 필요가 없어 결합도가 낮아집니다. TypeScript에서는 인터페이스를 반환하는 생성 메서드를 두고, 구현체에서 구체 타입을 결정하는 식으로 표현하실 수 있습니다. 면접에서는 단순 팩토리와의 차이를 묻고, 상속 구조에서 생성 지점을 분리한다는 점을 설명하라고 할 수 있습니다. 실무에서는 환경별 구현체 교체나 테스트 대역 주입에 유용하지만, 상속 구조가 깊어지지 않도록 설계 균형을 잡으시는 것이 중요합니다.		팩토리 메서드(Factory Method)	TRUE	추상 팩토리(Abstract Factory)	FALSE	빌더(Builder)	FALSE	프록시(Proxy)	FALSE	frontend	typescript	pattern	
Q042	믹스인 패턴(Mixin Pattern)		언어 중심 - TypeScript	97	CHOICE	EASY	상속 대신 여러 기능 조각을 조합해 클래스에 붙여 쓰는 패턴은 무엇인가?	믹스인 패턴은 여러 기능을 작은 단위로 분리하고, 필요한 클래스에 조합하여 재사용성을 높이는 패턴입니다. 단일 상속의 한계를 보완하면서 유연한 구성을 가능하게 합니다. TypeScript에서는 클래스 반환 함수나 인터섹션 타입을 활용해 믹스인을 구현하시는 경우가 많습니다. 면접에서는 상속과 조합의 차이를 설명하고, 믹스인이 왜 유연한지 말할 수 있어야 합니다. 실무에서는 메서드 이름 충돌이나 this 타입 추론 문제가 생길 수 있으므로, 네이밍 규칙과 조합 순서 같은 컨벤션을 정해 적용하시는 것이 좋습니다.		믹스인(Mixin)	TRUE	템플릿 메서드(Template Method)	FALSE	컴포지트(Composite)	FALSE	옵저버(Observer)	FALSE	frontend	typescript	pattern	
Q043	타입 가드 패턴(Type Guard Pattern)		언어 중심 - TypeScript	97	CHOICE	EASY	런타임 체크로 타입을 좁혀 컴파일러가 타입을 추론하게 만드는 패턴은 무엇인가?	타입 가드 패턴은 런타임 조건문을 통해 값의 타입을 좁혀 안전한 접근을 가능하게 하는 패턴입니다. typeof, instanceof, in 연산자 또는 사용자 정의 타입 가드 함수가 핵심 도구입니다. TypeScript에서는 유니온 타입을 다룰 때 특히 자주 사용됩니다. 면접에서는 타입 가드가 없으면 어떤 런타임 오류가 생길 수 있는지, 그리고 좁히기가 어떻게 동작하는지 설명하는 질문이 나올 수 있습니다. 실무에서는 타입 가드를 한 곳에 모아 재사용하면 중복 체크를 줄이고 가독성을 높일 수 있으며, 외부 입력을 받을 때는 스키마 검증과 함께 사용하시는 것이 안전합니다.		타입 가드(Type Guard)	TRUE	널 오브젝트(Null Object)	FALSE	브리지(Bridge)	FALSE	플라이웨이트(Flyweight)	FALSE	frontend	typescript	pattern	
Q044	판별 유니온 패턴(Discriminated Union Pattern)		언어 중심 - TypeScript	97	CHOICE	EASY	kind 같은 공통 구분값으로 유니온 타입을 안전하게 분기 처리하는 패턴은 무엇인가?	판별 유니온 패턴은 유니온 타입의 각 케이스에 구분 필드를 두고 분기하는 패턴입니다. switch나 if로 kind 값을 체크하면 컴파일러가 해당 분기에서 타입을 정확히 좁혀줍니다. TypeScript에서 상태 모델링이나 API 응답 모델링에 매우 자주 사용됩니다. 면접에서는 구분자에 enum 또는 리터럴 타입을 사용하는 이유와, 누락 케이스를 어떻게 방지하는지 질문이 나올 수 있습니다. 실무에서는 구분자 필드 이름을 통일하고, assert never 같은 exhaustive 체크를 함께 두어 케이스 누락을 예방하시는 것이 좋습니다.		판별 유니온(Discriminated Union)	TRUE	조건부 타입(Conditional Types)	FALSE	커맨드(Command)	FALSE	퍼사드(Facade)	FALSE	frontend	typescript	pattern	
Q045	매핑 타입 패턴(Mapped Types Pattern)		언어 중심 - TypeScript	97	CHOICE	EASY	기존 타입의 모든 프로퍼티를 순회해 새로운 타입을 만들어내는 패턴은 무엇인가?	매핑 타입 패턴은 기존 타입의 키들을 기반으로 변환된 타입을 생성하는 패턴입니다. 모든 필드를 선택으로 만들거나, 읽기 전용으로 바꾸는 등 반복적인 변환 작업에 유용합니다. TypeScript는 키를 순회하는 타입 문법을 제공하여 이 패턴을 자연스럽게 지원합니다. 면접에서는 Partial, Readonly 같은 유틸리티 타입이 어떤 원리로 가능한지 질문이 나올 수 있습니다. 실무에서는 DTO 변환이나 폼 상태 타입 생성에서 반복 작업을 줄여 유지보수 비용을 크게 낮출 수 있으며, key remapping을 활용하면 특정 키만 필터링하는 고급 활용도 가능합니다.		매핑 타입(Mapped Types)	TRUE	판별 유니온(Discriminated Union)	FALSE	프로토타입(Prototype)	FALSE	미디에이터(Mediator)	FALSE	frontend	typescript	pattern	
Q046	조건부 타입 패턴(Conditional Types Pattern)		언어 중심 - TypeScript	97	CHOICE	EASY	타입을 조건에 따라 분기해 다른 타입으로 계산하도록 만드는 패턴은 무엇인가?	조건부 타입 패턴은 타입 수준에서 조건을 평가하여 결과 타입을 선택하는 패턴입니다. 제네릭과 함께 사용하면 입력 타입에 따라 반환 타입이 달라지는 API를 표현할 수 있습니다. TypeScript에서는 extends 조건을 사용해 분기합니다. 면접에서는 오버로드와 비교해 어떤 경우에 조건부 타입이 적합한지, 그리고 분배 조건부 타입이 무엇인지 질문이 이어질 수 있습니다. 실무에서는 유틸 타입 제작과 라이브러리 타입 정의에 많이 쓰이지만, 과도하게 복잡해지면 가독성과 IDE 성능이 나빠질 수 있으므로 복잡도 관리를 해주시는 것이 좋습니다.		조건부 타입(Conditional Types)	TRUE	매핑 타입(Mapped Types)	FALSE	싱글턴(Singleton)	FALSE	옵저버(Observer)	FALSE	frontend	typescript	pattern	
Q047	옵션 객체 패턴(Options Object Pattern)		언어 중심 - TypeScript	97	CHOICE	EASY	함수 인자가 많을 때 개별 인자 대신 하나의 옵션 객체로 전달하는 패턴은 무엇인가?	옵션 객체 패턴은 여러 선택 인자를 하나의 객체로 묶어 전달하는 패턴입니다. 호출부가 읽기 쉬워지고 인자 순서 실수를 줄일 수 있습니다. TypeScript에서는 옵션 타입을 인터페이스로 정의하여 자동완성과 타입 안전성을 얻을 수 있습니다. 면접에서는 기본값 처리, 선택 속성 표시 방식, 그리고 옵션이 커질 때의 설계 방법을 물을 수 있습니다. 실무에서는 옵션이 지나치게 커지면 책임이 비대해질 수 있으므로, 관련 옵션끼리 그룹화하거나 하위 옵션 객체로 분리하는 구조를 의도적으로 설계하시는 것이 좋습니다.		옵션 객체(Options Object)	TRUE	빌더(Builder)	FALSE	커맨드(Command)	FALSE	플럭스(Flux)	FALSE	frontend	typescript	pattern	
Q048	플러그인 패턴(Plugin Pattern)		언어 중심 - TypeScript	97	CHOICE	EASY	핵심 기능은 고정하고 확장 기능을 플러그인으로 추가하도록 설계하는 패턴은 무엇인가?	플러그인 패턴은 코어와 확장 기능을 분리하여 기능을 끼워 넣을 수 있도록 확장 지점을 제공하는 패턴입니다. 확장 지점을 인터페이스로 정의하면 외부 모듈이 계약에 맞춰 기능을 추가할 수 있습니다. TypeScript에서는 플러그인 계약을 타입으로 선언하여 구현의 일관성을 확보하시기 쉽습니다. 면접에서는 OCP 관점에서 확장에 열려 있고 수정에 닫힌 구조를 어떻게 만드는지 연결 질문이 나올 수 있습니다. 실무에서는 버전 호환, 로딩 순서, 라이프사이클 관리가 중요하므로 계약과 초기화 흐름을 명확히 정해두시는 것이 필요합니다.		플러그인(Plugin)	TRUE	퍼사드(Facade)	FALSE	어댑터(Adapter)	FALSE	레포지토리(Repository)	FALSE	frontend	typescript	pattern	
Q049	미들웨어 패턴(Middleware Pattern)		언어 중심 - TypeScript	97	CHOICE	EASY	요청 처리 과정을 여러 단계로 나눠 순서대로 통과시키는 파이프를 구성하는 패턴은 무엇인가?	미들웨어 패턴은 처리 과정을 작은 단계로 쪼개 체인처럼 이어 붙이는 패턴입니다. 각 단계는 공통 입력을 받아 처리하고 다음 단계로 넘기는 구조를 가집니다. Node 서버나 프론트 상태 관리에서도 유사한 형태가 자주 등장합니다. 면접에서는 책임 연쇄 패턴과의 관계를 연결해 설명할 수 있으면 좋습니다. 실무에서는 등록 순서에 따라 결과가 달라질 수 있으므로, 순서 관리와 에러 처리 흐름을 일관되게 정의하고 관측성(로깅)을 함께 갖추시는 것이 중요합니다.		미들웨어(Middleware)	TRUE	메멘토(Memento)	FALSE	브리지(Bridge)	FALSE	이터레이터(Iterator)	FALSE	frontend	typescript	pattern	
Q050	파이프라인 패턴(Pipeline Pattern)		언어 중심 - TypeScript	97	CHOICE	EASY	여러 변환 함수를 연속 적용해 데이터를 단계적으로 가공하는 패턴은 무엇인가?	파이프라인 패턴은 입력 데이터를 여러 단계의 변환 로직으로 흘려 보내며 단계적으로 가공하는 패턴입니다. 각 단계가 단순하고 독립적이면 테스트와 재사용이 쉬워집니다. TypeScript에서는 함수 합성이나 배열 reduce로 파이프라인을 구성하실 수 있습니다. 면접에서는 단일 책임 원칙과 연결해 왜 단계 분리가 유리한지 설명하는 문제가 나올 수 있습니다. 실무에서는 중간 단계의 타입이 꼬이지 않도록 각 단계의 입력 출력 타입을 명확히 하고, 제네릭을 과도하게 복잡하게 만들지 않도록 주의하시는 것이 좋습니다.		파이프라인(Pipeline)	TRUE	프록시(Proxy)	FALSE	옵저버(Observer)	FALSE	MVC	FALSE	frontend	typescript	pattern	
Q051	리듀서 패턴(Reducer Pattern)		언어 중심 - TypeScript	97	CHOICE	EASY	이전 상태와 액션을 입력으로 받아 다음 상태를 계산하는 패턴은 무엇인가?	리듀서 패턴은 상태 변경을 순수 함수로 표현하여 예측 가능한 업데이트를 만드는 패턴입니다. 동일한 입력이면 동일한 출력이 나오도록 설계하는 것이 핵심입니다. TypeScript에서는 액션을 유니온 타입으로 정의하면 분기에서 타입 안정성이 좋아집니다. 면접에서는 불변 업데이트가 왜 중요한지, 그리고 리듀서가 어떻게 디버깅을 돕는지 질문이 이어질 수 있습니다. 실무에서는 상태가 커질수록 리듀서를 분리하고 공통 로직을 헬퍼로 추출하여 복잡도를 관리하시는 것이 중요합니다.		리듀서(Reducer)	TRUE	옵저버(Observer)	FALSE	서비스 로케이터(Service Locator)	FALSE	플라이웨이트(Flyweight)	FALSE	frontend	typescript	pattern	
Q052	커링 패턴(Currying Pattern)		언어 중심 - TypeScript	97	CHOICE	EASY	여러 인자를 받는 함수를 인자 하나씩 받는 함수들의 연쇄로 바꾸는 패턴은 무엇인가?	커링 패턴은 함수를 부분 적용하기 쉽게 만들어 재사용성을 높이는 함수형 패턴입니다. 일부 인자를 고정한 새 함수를 만들어 다양한 상황에 재사용할 수 있습니다. TypeScript에서는 함수 타입을 잘 설계하면 커링된 함수의 타입 추론도 지원됩니다. 면접에서는 부분 적용과 커링의 차이를 구분해 설명하라는 질문이 나올 수 있습니다. 실무에서는 과도한 커링이 가독성을 해칠 수 있으므로, 팀 스타일과 사용 빈도에 맞춰 적용 범위를 제한하시는 것이 안전합니다.		커링(Currying)	TRUE	전략(Strategy)	FALSE	빌더(Builder)	FALSE	퍼사드(Facade)	FALSE	frontend	typescript	pattern	
Q053	고차 함수 패턴(Higher Order Function Pattern)		언어 중심 - TypeScript	97	CHOICE	EASY	함수를 인자로 받거나 함수를 반환해 동작을 확장하는 패턴은 무엇인가?	고차 함수 패턴은 함수를 값처럼 다루어 함수를 인자로 받거나 함수를 반환함으로써 동작을 조합하고 확장하는 패턴입니다. 공통 로직을 래핑하여 로깅, 권한 체크, 트랜잭션 처리처럼 횡단 관심사를 끼워 넣기 좋습니다. TypeScript에서는 함수 시그니처를 타입으로 선언하면 조합 과정에서도 타입 안정성을 유지할 수 있습니다. 면접에서는 콜백과 고차 함수의 관계, 그리고 왜 고차 함수가 재사용성과 추상화에 유리한지 설명하라는 질문이 나올 수 있습니다. 실무에서는 this 바인딩이나 예외 처리 흐름이 래퍼 내부로 숨겨질 수 있으므로, 래퍼의 책임 범위와 에러 전달 규칙을 명확히 정해두시는 것이 중요합니다.		고차 함수(Higher Order Function)	TRUE	미디에이터(Mediator)	FALSE	컴포지트(Composite)	FALSE	CQRS	FALSE	frontend	typescript	pattern	
Q054	결과 타입 패턴(Result Type Pattern)		언어 중심 - TypeScript	97	CHOICE	EASY	예외 대신 성공과 실패를 객체나 유니온 타입으로 명시적으로 표현하는 패턴은 무엇인가?	결과 타입 패턴은 성공과 실패를 예외로 던지지 않고 값으로 표현하여 호출부가 분기 처리하도록 만드는 패턴입니다. 실패가 예외로 튀지 않기 때문에 제어 흐름이 더 예측 가능해지는 장점이 있습니다. TypeScript에서는 판별 유니온으로 success 케이스와 error 케이스를 나누어 안전하게 모델링하는 방식이 흔합니다. 면접에서는 예외 처리와 비교해 장단점, 특히 “에러를 무시하기 쉬워지지 않는지”를 어떻게 보완하는지 질문이 이어질 수 있습니다. 실무에서는 에러 코드와 메시지를 표준화하고 공통 핸들러를 두면 반복 분기를 줄이면서도 안정성을 유지하실 수 있습니다.		결과 타입(Result Type)	TRUE	널 오브젝트(Null Object)	FALSE	프록시(Proxy)	FALSE	인터프리터(Interpreter)	FALSE	frontend	typescript	pattern	
Q055	브랜드 타입 패턴(Branded Type Pattern)		언어 중심 - TypeScript	97	CHOICE	EASY	같은 string이라도 서로 다른 ID 타입으로 구분해 섞이지 않게 만드는 패턴은 무엇인가?	브랜드 타입 패턴은 구조적 타입 시스템에서 의미가 다른 값을 서로 대입되지 않도록 구분하기 위한 기법입니다. 예를 들어 UserId와 OrderId가 둘 다 string이어도 서로 섞이지 않게 만들어, 실수를 컴파일 타임에 차단할 수 있습니다. TypeScript에서는 교차 타입에 브랜드 속성을 붙이거나 고유 심볼을 활용해 구현하시는 경우가 많습니다. 면접에서는 구조적 타이핑의 한계와 이를 보완하는 방법으로 브랜드 타입을 언급할 수 있는지 확인하는 질문이 자주 나옵니다. 실무에서는 잘못된 ID 전달처럼 치명적인 버그를 사전에 막을 수 있어 안정성이 크게 올라가며, 생성 함수로 브랜드 부여 규칙을 통일하시는 것이 좋습니다.		브랜드 타입(Branded Type)	TRUE	매핑 타입(Mapped Types)	FALSE	싱글턴(Singleton)	FALSE	플럭스(Flux)	FALSE	frontend	typescript	pattern	
Q056	모듈 확장 패턴(Module Augmentation Pattern)		언어 중심 - TypeScript	97	CHOICE	EASY	외부 라이브러리나 기존 모듈의 타입 선언을 확장해 기능을 덧붙이는 패턴은 무엇인가?	모듈 확장 패턴은 기존 모듈 선언에 추가 타입 정보를 덧붙여 타입 시스템을 확장하는 패턴입니다. 서드파티 라이브러리에 프로젝트 맞춤 타입을 보강해야 할 때 자주 사용됩니다. TypeScript는 선언 병합 기능을 통해 이러한 확장을 지원합니다. 면접에서는 d ts 선언 파일을 다뤄본 경험이 있는지, 그리고 어떤 상황에서 확장이 필요한지 질문이 나올 수 있습니다. 실무에서는 잘못 확장하면 전역 타입 충돌이 발생할 수 있으므로 범위를 좁히고 파일 위치와 로딩 순서를 규칙으로 관리하시는 것이 중요합니다. 또한 확장 내용은 최소화하고 문서화를 함께 해두시면 유지보수에 도움이 됩니다.		모듈 확장(Module Augmentation)	TRUE	어댑터(Adapter)	FALSE	메멘토(Memento)	FALSE	브리지(Bridge)	FALSE	frontend	typescript	pattern	
Q057	지연 초기화 패턴(Lazy Initialization Pattern)		언어 중심 - TypeScript	97	CHOICE	EASY	실제로 필요할 때까지 객체 생성이나 로딩을 미루는 패턴은 무엇인가?	지연 초기화 패턴은 비용이 큰 초기화를 실제 필요 시점까지 미루는 패턴입니다. 시작 시간을 줄이고 불필요한 리소스 사용을 방지할 수 있습니다. TypeScript에서는 getter에서 최초 접근 시 생성하거나, 동적 import로 모듈 로딩을 늦추는 방식으로 구현하실 수 있습니다. 면접에서는 프록시나 싱글턴과 함께 조합되는 사례, 그리고 초기화 시점이 성능에 미치는 영향을 설명하라는 질문이 나올 수 있습니다. 실무에서는 동시 접근 시 중복 초기화가 생기지 않도록 가드 처리를 하고, 초기화 실패 시 재시도 정책과 실패 상태 처리 방식을 명확히 정하시는 것이 중요합니다.		지연 초기화(Lazy Initialization)	TRUE	오브젝트 풀(Object Pool)	FALSE	이터레이터(Iterator)	FALSE	컴포지트(Composite)	FALSE	frontend	typescript	pattern	
Q058	메모이제이션 패턴(Memoization Pattern)		언어 중심 - TypeScript	97	CHOICE	EASY	같은 입력에 대한 결과를 캐시해 반복 계산을 줄이는 패턴은 무엇인가?	메모이제이션 패턴은 함수 결과를 저장해 동일 입력에 대해 재계산을 피하는 패턴입니다. 성능 개선에 효과적이지만 캐시 크기 관리와 만료 정책이 함께 필요합니다. TypeScript에서는 Map을 사용해 키와 결과를 저장하는 구현이 흔합니다. 면접에서는 캐시 무효화가 왜 어려운지, 그리고 어떤 종류의 함수에 적용하면 효과적인지(순수 함수, 결정적 결과) 질문이 나올 수 있습니다. 실무에서는 입력이 객체일 때 키 설계가 까다로우므로 안정적인 키 전략과 TTL 같은 정책을 함께 고려하셔야 합니다. 또한 캐시로 인해 오래된 결과를 반환하지 않도록 데이터 특성에 맞는 무효화 규칙을 잡으시는 것이 중요합니다.		메모이제이션(Memoization)	TRUE	플라이웨이트(Flyweight)	FALSE	커맨드(Command)	FALSE	퍼사드(Facade)	FALSE	frontend	typescript	pattern	
Q059	지수 백오프 재시도 패턴(Exponential Backoff Retry Pattern)		언어 중심 - TypeScript	97	CHOICE	EASY	실패한 요청을 즉시 반복하지 않고 점점 대기 시간을 늘려 재시도하는 패턴은 무엇인가?	지수 백오프 재시도 패턴은 재시도 간격을 점진적으로 늘려 시스템 부담을 줄이는 패턴입니다. 네트워크 일시 장애나 레이트 리밋 상황에서 특히 효과적입니다. TypeScript에서는 HTTP 클라이언트 래퍼에 재시도 정책으로 적용하시는 경우가 많습니다. 면접에서는 무한 재시도가 왜 위험한지, 최대 재시도 횟수와 타임아웃을 왜 둬야 하는지 질문이 자주 나옵니다. 실무에서는 서킷 브레이커와 함께 사용하면 장애 확산을 줄일 수 있으며, 지터를 섞어 동시 재시도 폭주를 완화하시는 것이 중요합니다. 또한 멱등성 여부에 따라 재시도를 허용할 요청을 구분하셔야 합니다.		지수 백오프 재시도(Exponential Backoff)	TRUE	서킷 브레이커(Circuit Breaker)	FALSE	미디에이터(Mediator)	FALSE	스펙(Specification)	FALSE	frontend	typescript	pattern	
Q060	벌크헤드 패턴(Bulkhead Pattern)		언어 중심 - TypeScript	97	CHOICE	EASY	한 기능의 장애가 전체로 번지지 않게 자원 풀이나 실행 경로를 분리하는 패턴은 무엇인가?	벌크헤드 패턴은 배의 격벽처럼 시스템 자원을 구획으로 나누어 장애 전파를 막는 패턴입니다. 특정 기능이 과부하가 되어도 다른 기능이 영향을 덜 받도록 격리하는 것이 핵심입니다. TypeScript 서버에서는 워커 풀 분리, 큐 분리, 라우트별 동시성 제한 같은 방식으로 적용하실 수 있습니다. 면접에서는 서킷 브레이커와의 차이를 묻고, 벌크헤드는 “차단”보다 격리 자체가 목적이라는 점을 말씀하시면 좋습니다. 실무에서는 분리 기준을 잘못 잡으면 자원 낭비가 생길 수 있으므로 트래픽 특성과 병목 지표를 기반으로 구획을 튜닝하셔야 합니다.		벌크헤드(Bulkhead)	TRUE	사가(Saga)	FALSE	이벤트 소싱(Event Sourcing)	FALSE	브리지(Bridge)	FALSE	frontend	typescript	pattern	
Q061	어댑터 함수 패턴(Adapter Function Pattern)		언어 중심 - TypeScript	97	CHOICE	EASY	외부 라이브러리의 출력 형태를 내부에서 쓰는 형태로 변환해 주는 함수 형태의 어댑터는 무엇에 가깝나?	어댑터 함수 패턴은 클래스 대신 함수로 인터페이스 차이를 메우는 실무형 어댑터 패턴에 가깝습니다. 외부 API 응답을 내부 DTO나 도메인 모델로 변환하는 매핑 함수가 대표 사례입니다. TypeScript에서는 입력과 출력 타입을 명확히 선언하여 변환 규칙을 컴파일 타임에 강제하실 수 있습니다. 면접에서는 어댑터의 목적이 호환성 확보라는 점과, 변환 책임을 경계 레이어에 두는 이유를 설명하시면 좋습니다. 실무에서는 변환 로직이 분산되기 쉬우므로 파일 위치, 네이밍, 테스트 규칙을 정해 일관되게 관리하시는 것이 중요합니다.		어댑터 함수(Adapter Function)	TRUE	퍼사드(Facade)	FALSE	싱글턴(Singleton)	FALSE	컴포지트(Composite)	FALSE	frontend	typescript	pattern	
Q062	래퍼 패턴(Wrapper Pattern)		언어 중심 - TypeScript	97	CHOICE	EASY	기존 객체를 감싸서 사용 방법을 단순화하거나 부가 기능을 붙이는 패턴은 무엇인가?	래퍼 패턴은 기존 객체나 라이브러리를 감싸서 더 쉬운 API를 제공하거나 부가 기능을 추가하는 패턴입니다. 퍼사드나 데코레이터와 유사해 보일 수 있지만, 실무에서는 특정 라이브러리 의존을 감추고 교체 가능성을 높이는 목적이 강합니다. TypeScript에서는 래퍼의 public API를 타입으로 고정해 두면 내부 구현을 바꿔도 호출부 영향이 줄어듭니다. 면접에서는 외부 라이브러리 교체 가능성을 높이기 위해 래퍼를 두는 이유와, 어느 정도까지 감싸는 것이 적절한지 질문이 나올 수 있습니다. 실무에서는 래퍼가 너무 얇으면 가치가 없고 너무 두꺼우면 유지보수가 어려워지므로, 공통 정책과 변환 책임만 담는 등 적정 수준을 잡으시는 것이 중요합니다.		래퍼(Wrapper)	TRUE	이터레이터(Iterator)	FALSE	브리지(Bridge)	FALSE	스펙(Specification)	FALSE	frontend	typescript	pattern	
Q063	헥사고날 아키텍처(Hexagonal Architecture)		언어 중심 - TypeScript	97	CHOICE	EASY	도메인을 중심에 두고 외부 의존을 포트와 어댑터로 분리하는 구조를 무엇이라고 하나?	헥사고날 아키텍처는 도메인을 중심에 두고 외부 시스템을 포트와 어댑터로 연결하는 구조입니다. 핵심은 도메인이 프레임워크나 DB 같은 외부 요소에 직접 의존하지 않도록 보호하는 것입니다. TypeScript에서도 입력 포트와 출력 포트를 인터페이스로 두고, 구현체를 인프라 레이어로 분리해 적용하실 수 있습니다. 면접에서는 계층형 아키텍처와 비교해 테스트가 쉬워지는 이유와, 어댑터가 바뀌어도 도메인이 유지되는 장점을 설명하라고 할 수 있습니다. 실무에서는 포트 인터페이스가 과도하게 늘지 않도록 경계를 잘 설계하고, 유스케이스 단위로 포트를 정리하는 방식이 도움이 됩니다.		헥사고날(Hexagonal)	TRUE	MVC	FALSE	플럭스(Flux)	FALSE	미디에이터(Mediator)	FALSE	frontend	typescript	pattern	
Q064	클린 아키텍처(Clean Architecture)		언어 중심 - TypeScript	97	CHOICE	EASY	의존성 방향을 안쪽으로만 향하게 해서 비즈니스 규칙을 보호하는 구조는 무엇인가?	클린 아키텍처는 엔티티와 유스케이스 같은 핵심 규칙을 중심에 두고, 의존성이 바깥에서 안쪽으로만 향하도록 설계하는 구조입니다. 프레임워크는 가장 바깥에 두어 교체 가능하게 만드는 것이 목표입니다. TypeScript에서는 도메인 폴더를 프레임워크 코드와 분리하고, 인터페이스를 통해 의존성을 역전시키는 방식으로 적용하실 수 있습니다. 면접에서는 의존성 역전 원칙과 함께 “규칙이 중심”이라는 관점을 설명하면 이해도가 높게 평가됩니다. 실무에서는 폴더 구조만 흉내 내면 효과가 없으므로, 실제로 의존성 규칙을 CI나 린트로 강제하는 등 운영 규칙까지 함께 세우시는 것이 중요합니다.		클린 아키텍처(Clean Architecture)	TRUE	서비스 로케이터(Service Locator)	FALSE	플라이웨이트(Flyweight)	FALSE	프로토타입(Prototype)	FALSE	frontend	typescript	pattern	
Q065	레이어드 아키텍처(Layered Architecture)		언어 중심 - TypeScript	97	CHOICE	EASY	표현, 비즈니스, 데이터 접근을 계층으로 나눠 책임을 분리하는 구조는 무엇인가?	레이어드 아키텍처는 프레젠테이션, 애플리케이션 서비스, 도메인, 인프라 같은 계층으로 책임을 나누는 구조입니다. 계층 간 의존 방향을 통제하여 유지보수성을 높입니다. TypeScript 서버에서도 controller service repository 구조로 흔히 적용됩니다. 면접에서는 각 계층의 역할을 구분하고, 비즈니스 로직을 어디에 두는지(서비스 vs 도메인) 설명할 수 있어야 합니다. 실무에서는 서비스 계층이 비대해지지 않도록 도메인 모델에 규칙을 적절히 배치하고, 트랜잭션 경계와 DTO 변환 책임을 명확히 하시는 것이 중요합니다.		레이어드(Layered)	TRUE	헥사고날(Hexagonal)	FALSE	이벤트 소싱(Event Sourcing)	FALSE	브리지(Bridge)	FALSE	frontend	typescript	pattern	
Q066	리액티브 패턴(Reactive Pattern)		언어 중심 - TypeScript	97	CHOICE	EASY	데이터 스트림과 비동기 이벤트 흐름을 중심으로 반응형으로 처리하는 접근은 무엇이라고 하나?	리액티브 패턴은 변화하는 데이터 스트림에 반응하여 처리하는 방식에 가까운 패턴입니다. 푸시 기반으로 이벤트를 전달하고, 조합 연산자로 흐름을 구성하는 것이 특징입니다. TypeScript에서는 RxJS 같은 라이브러리로 Observable 기반 구현을 자주 접하실 수 있습니다. 면접에서는 Promise와 Observable의 차이, 단일 값과 다중 값 처리, 취소와 구독 해제 같은 주제로 질문이 확장될 수 있습니다. 실무에서는 구독 해제 누락, 에러 전파, 백프레셔 처리 문제가 디버깅을 어렵게 만들 수 있으므로, 라이프사이클 관리 규칙과 연산자 사용 규칙을 정해두시는 것이 좋습니다.		리액티브(Reactive)	TRUE	커맨드(Command)	FALSE	메멘토(Memento)	FALSE	빌더(Builder)	FALSE	frontend	typescript	pattern	
Q067	불변 업데이트 패턴(Immutable Update Pattern)		언어 중심 - TypeScript	97	CHOICE	EASY	객체를 직접 수정하지 않고 새 객체를 만들어 상태를 갱신하는 패턴은 무엇인가?	불변 업데이트 패턴은 원본 객체를 변경하지 않고 복사본을 만들어 변경 사항을 반영하는 패턴입니다. 예측 가능한 상태 관리를 위해 프론트엔드에서 특히 중요하게 다뤄집니다. TypeScript에서는 스프레드 문법과 readonly 타입을 함께 사용해 안전성을 높이실 수 있습니다. 면접에서는 왜 직접 수정이 위험한지, 참조 공유로 인해 어떤 버그가 생기는지 설명하는 질문이 자주 나옵니다. 실무에서는 깊은 구조에서 불변 업데이트가 복잡해질 수 있으므로, Immer 같은 도구를 사용하거나 상태 구조 자체를 단순화하여 업데이트 비용을 낮추는 설계를 고려하시는 것이 좋습니다.		불변 업데이트(Immutable Update)	TRUE	오브젝트 풀(Object Pool)	FALSE	플라이웨이트(Flyweight)	FALSE	인터프리터(Interpreter)	FALSE	frontend	typescript	pattern	
Q068	함수형 코어 명령형 셸(Functional Core Imperative Shell)		언어 중심 - TypeScript	97	CHOICE	EASY	순수 로직은 함수로 두고 I O 같은 부수효과는 바깥에서 처리하는 구조는 무엇인가?	함수형 코어 명령형 셸은 핵심 로직을 순수 함수로 두고, 입출력이나 네트워크 같은 부수효과는 외곽에서 처리하는 구조입니다. 테스트가 쉬워지고 로직의 재사용성이 높아지는 장점이 있습니다. TypeScript에서는 도메인 계산을 순수 함수로 작성하고, API 호출은 어댑터 계층에서 처리하는 방식으로 적용하실 수 있습니다. 면접에서는 순수 함수가 왜 테스트에 유리한지, side effect 분리가 왜 중요한지 설명하라고 할 수 있습니다. 실무에서는 경계를 잘못 잡으면 레이어만 늘어날 수 있으므로, 코어와 셸의 책임을 명확히 문서화하고 팀 합의를 두시는 것이 중요합니다.		함수형 코어 명령형 셸(Functional Core Imperative Shell)	TRUE	클린 아키텍처(Clean Architecture)	FALSE	MVC	FALSE	스펙(Specification)	FALSE	frontend	typescript	pattern	
Q069	이벤트 에미터 패턴(Event Emitter Pattern)		언어 중심 - TypeScript	97	CHOICE	EASY	on emit 같은 방식으로 이벤트를 등록하고 발행하는 구조는 무엇에 가깝나?	이벤트 에미터 패턴은 이벤트를 발행하고 리스너를 등록하여 반응하도록 만드는 패턴입니다. 옵저버 패턴의 구체적인 구현 형태로 이해하시면 좋습니다. TypeScript에서는 EventEmitter 또는 간단한 pub sub 구현으로 자주 등장합니다. 면접에서는 구독 해제와 리스너 누적에 따른 메모리 누수, 그리고 이벤트 이름 관리 전략을 질문할 수 있습니다. 실무에서는 이벤트 이름을 상수화하고 페이로드 타입을 명확히 정의하며, 리스너 등록 해제 규칙을 갖추는 것이 품질에 큰 영향을 줍니다.		이벤트 에미터(Event Emitter)	TRUE	빌더(Builder)	FALSE	브리지(Bridge)	FALSE	플라이웨이트(Flyweight)	FALSE	frontend	typescript	pattern	
Q070	API 클라이언트 패턴(API Client Pattern)		언어 중심 - TypeScript	97	CHOICE	EASY	HTTP 호출을 한곳에 모아 공통 헤더와 에러 처리를 재사용하게 하는 구조는 무엇에 가깝나?	API 클라이언트 패턴은 서버 통신 코드를 중앙화하여 공통 정책을 적용하는 패턴입니다. 인증 헤더, 타임아웃, 재시도, 에러 매핑 같은 로직을 한 곳에서 관리할 수 있습니다. TypeScript에서는 요청과 응답 타입을 정의해 API 사용을 안전하게 만들 수 있습니다. 면접에서는 왜 UI나 컨트롤러에서 직접 fetch를 쓰면 문제가 되는지, 즉 정책 중복과 일관성 문제를 설명하라는 질문이 나올 수 있습니다. 실무에서는 버전 변경과 엔드포인트 추가가 잦으므로 타입과 메서드 네이밍 규칙을 일관되게 유지하고, 공통 에러 모델을 정의해두시는 것이 중요합니다.		API 클라이언트(API Client)	TRUE	레포지토리(Repository)	FALSE	컴포지트(Composite)	FALSE	메멘토(Memento)	FALSE	frontend	typescript	pattern	
Q071	인메모리 캐시 패턴(In Memory Cache Pattern)		언어 중심 - TypeScript	97	CHOICE	EASY	자주 쓰는 데이터를 메모리에 저장해 재요청을 줄이는 방식은 무엇이라고 하나?	인메모리 캐시 패턴은 조회 비용이 큰 데이터를 메모리에 저장하여 반복 요청을 줄이는 패턴입니다. 성능을 올리는 대신 캐시 일관성과 무효화 문제가 따라옵니다. TypeScript에서는 Map이나 LRU 캐시 구현으로 쉽게 적용하실 수 있습니다. 면접에서는 캐시 무효화가 어려운 이유와 TTL 같은 정책을 설명할 수 있어야 합니다. 실무에서는 캐시 키 설계, 메모리 상한, 만료 정책을 명확히 두지 않으면 장애로 이어질 수 있으므로, 관측 지표와 함께 운영 정책을 세우시는 것이 중요합니다.		인메모리 캐시(In Memory Cache)	TRUE	플라이웨이트(Flyweight)	FALSE	사가(Saga)	FALSE	브리지(Bridge)	FALSE	frontend	typescript	pattern	
Q072	레이지 로딩 패턴(Lazy Loading Pattern)		언어 중심 - TypeScript	97	CHOICE	EASY	필요할 때만 모듈이나 데이터를 불러오도록 하는 방식은 무엇인가?	레이지 로딩 패턴은 초기 로딩 비용을 줄이기 위해 실제 필요 시점에 리소스를 로딩하는 패턴입니다. 프론트엔드에서는 라우트 단위 코드 스플리팅과 자주 연결됩니다. TypeScript에서는 동적 import로 구현하며 타입 추론도 지원됩니다. 면접에서는 초기 번들 크기와 사용자 체감 성능의 관계, 그리고 어디를 분리하는 것이 효과적인지 질문이 나올 수 있습니다. 실무에서는 로딩 지연으로 UX가 나빠지지 않도록 프리페치나 로딩 UI를 함께 설계하시는 것이 좋습니다.		레이지 로딩(Lazy Loading)	TRUE	오브젝트 풀(Object Pool)	FALSE	비지터(Visitor)	FALSE	인터프리터(Interpreter)	FALSE	frontend	typescript	pattern	
Q073	코드 스플리팅 패턴(Code Splitting Pattern)		언어 중심 - TypeScript	97	CHOICE	EASY	번들을 여러 조각으로 나눠 필요한 시점에 로드하도록 하는 패턴은 무엇인가?	코드 스플리팅 패턴은 큰 번들을 작은 청크로 나누어 초기 로드 시간을 줄이는 패턴입니다. 레이지 로딩과 함께 사용되며 페이지나 기능 단위로 로딩합니다. TypeScript 프로젝트에서도 빌드 도구 설정으로 적용됩니다. 면접에서는 트리 쉐이킹과 코드 스플리팅의 차이를 구분해 설명하라는 질문이 나올 수 있습니다. 실무에서는 청크 분할이 과하면 요청 수가 늘어나 지연이 발생할 수 있으므로, 적절한 분할 단위를 찾아 측정 기반으로 튜닝하시는 것이 중요합니다.		코드 스플리팅(Code Splitting)	TRUE	트리 쉐이킹(Tree Shaking)	FALSE	브리지(Bridge)	FALSE	커맨드(Command)	FALSE	frontend	typescript	pattern	
Q074	트리 쉐이킹 패턴(Tree Shaking Pattern)		언어 중심 - TypeScript	97	CHOICE	EASY	사용하지 않는 export를 제거해 번들 크기를 줄이는 최적화 방식은 무엇인가?	트리 쉐이킹은 정적 분석으로 사용되지 않는 코드를 제거하는 번들 최적화 기법입니다. ES Module의 정적 import export 구조가 기반이 됩니다. TypeScript는 컴파일 이후 번들러가 트리 쉐이킹을 수행하는 형태로 연결됩니다. 면접에서는 왜 CommonJS에서는 어려운지, 그리고 사이드 이펙트가 있으면 제거가 어려운 이유를 질문할 수 있습니다. 실무에서는 package json의 sideEffects 설정, 순수 함수 표시, 모듈 설계 방식이 결과에 영향을 주므로 함께 고려하시는 것이 중요합니다.		트리 쉐이킹(Tree Shaking)	TRUE	코드 스플리팅(Code Splitting)	FALSE	레포지토리(Repository)	FALSE	퍼사드(Facade)	FALSE	frontend	typescript	pattern	
Q075	배럴 파일 패턴(Barrel File Pattern)		언어 중심 - TypeScript	97	CHOICE	EASY	여러 모듈의 export를 한 파일에서 모아 재노출하는 방식은 무엇인가?	배럴 파일 패턴은 index 파일에서 여러 모듈을 재수출하여 import 경로를 단순화하는 패턴입니다. 사용성은 좋아지지만 의존성 추적이 어려워질 수 있습니다. TypeScript에서는 경로 별칭과 함께 자주 사용됩니다. 면접에서는 배럴 파일이 트리 쉐이킹에 미치는 영향이나 순환 의존 가능성을 질문할 수 있습니다. 실무에서는 무분별한 배럴이 순환 의존을 만들 수 있으므로, 도메인 경계별로 제한적으로 사용하고 export 정책을 명확히 정하시는 것이 좋습니다.		배럴 파일(Barrel File)	TRUE	모듈 확장(Module Augmentation)	FALSE	서비스 로케이터(Service Locator)	FALSE	메멘토(Memento)	FALSE	frontend	typescript	pattern	
Q076	모노레포 패턴(Monorepo Pattern)		언어 중심 - TypeScript	97	CHOICE	EASY	여러 패키지를 하나의 저장소에서 함께 관리하는 개발 방식은 무엇이라고 하나?	모노레포 패턴은 여러 프로젝트나 패키지를 하나의 리포지토리에서 관리하는 방식입니다. 공통 코드 재사용과 버전 동기화가 쉬워진다는 장점이 있습니다. TypeScript에서는 공통 타입 패키지를 함께 관리할 때 특히 이점이 큽니다. 면접에서는 멀티레포 대비 장단점, 의존성 관리, 빌드 캐시 전략을 간단히 설명할 수 있으면 좋습니다. 실무에서는 CI 시간이 늘 수 있으므로 변경 영향 범위 기반 빌드, 캐시 도구, 릴리즈 전략을 함께 고려하시는 것이 중요합니다.		모노레포(Monorepo)	TRUE	레이어드(Layered)	FALSE	비지터(Visitor)	FALSE	오브젝트 풀(Object Pool)	FALSE	frontend	typescript	pattern	
Q077	선언 병합 패턴(Declaration Merging Pattern)		언어 중심 - TypeScript	97	CHOICE	EASY	동일한 이름의 인터페이스나 네임스페이스 선언이 합쳐지는 TypeScript 특성을 활용하는 패턴은 무엇인가?	선언 병합 패턴은 여러 선언을 합쳐 타입을 확장하는 TypeScript 고유 특성을 활용하는 패턴입니다. 인터페이스 확장이나 라이브러리 타입 보강에서 자주 등장합니다. TypeScript는 같은 이름의 인터페이스를 병합해 하나로 취급합니다. 면접에서는 언제 유용한지와, 타입 충돌 위험을 어떻게 피할지 질문이 나올 수 있습니다. 실무에서는 전역 오염을 막기 위해 모듈 스코프에서 제한적으로 사용하고, 파일 구조와 로딩 순서를 명확히 관리하시는 것이 중요합니다. 또한 확장 범위를 최소화하고 테스트 또는 타입 체크 파이프라인에서 충돌을 조기에 발견하시는 것이 좋습니다.		선언 병합(Declaration Merging)	TRUE	조건부 타입(Conditional Types)	FALSE	브리지(Bridge)	FALSE	프록시(Proxy)	FALSE	frontend	typescript	pattern	
Q078	패키지 경계 패턴(Package Boundary Pattern)		언어 중심 - TypeScript	97	CHOICE	EASY	내부 구현을 숨기고 public API만 노출하도록 패키지 단위로 경계를 두는 방식은 무엇인가?	패키지 경계 패턴은 외부에 공개할 API와 내부 구현을 분리하여 캡슐화를 강화하는 방식입니다. 내부 구현이 변경되더라도 외부 사용 코드는 영향을 덜 받도록 경계를 명확히 두는 것이 핵심입니다. TypeScript에서는 export surface를 index 파일로 통제하고, path alias를 활용해 내부 경로 접근을 어렵게 만드는 식으로 적용하실 수 있습니다. 면접에서는 캡슐화를 “클래스” 수준을 넘어 “패키지” 수준에서 설명할 수 있는지 확인하는 질문이 나올 수 있습니다. 실무에서는 deep import를 금지하는 린트 규칙과 폴더 구조 규약을 함께 운영하시면 경계가 더 잘 지켜집니다.		패키지 경계(Package Boundary)	TRUE	배럴 파일(Barrel File)	FALSE	이벤트 소싱(Event Sourcing)	FALSE	미디에이터(Mediator)	FALSE	frontend	typescript	pattern	
Q079	폴리필 패턴(Polyfill Pattern)		언어 중심 - TypeScript	97	CHOICE	EASY	특정 기능이 없는 환경에서 동일 기능을 제공하도록 대체 구현을 넣는 방식은 무엇인가?	폴리필 패턴은 지원되지 않는 기능을 대체 구현으로 채워 호환성을 확보하는 방식입니다. 브라우저나 런타임 환경 차이를 줄이기 위해 많이 활용되며, 특히 표준 기능이 일부 환경에서 누락될 때 유용합니다. TypeScript에서는 타입 정의만 추가한다고 실제 동작이 생기지 않기 때문에, 런타임 폴리필이 필요하다는 점이 중요합니다. 면접에서는 트랜스파일과 폴리필의 차이를 구분해 설명할 수 있는지 자주 확인합니다. 실무에서는 타겟 환경을 명확히 정하고, 필요한 폴리필만 선택하여 번들 크기와 성능을 함께 관리하시는 것이 좋습니다.		폴리필(Polyfill)	TRUE	트리 쉐이킹(Tree Shaking)	FALSE	오브젝트 풀(Object Pool)	FALSE	커맨드(Command)	FALSE	frontend	typescript	pattern	
Q080	Feature Flag 패턴(Feature Flag Pattern)		언어 중심 - TypeScript	97	CHOICE	EASY	기능을 배포한 뒤에도 플래그로 노출 여부를 제어하는 방식은 무엇이라고 하나?	Feature Flag 패턴은 기능을 코드에 포함한 상태로 배포하고, 설정 값으로 활성 여부를 제어하는 패턴입니다. 점진적 롤아웃, A B 테스트, 긴급 비활성화 같은 운영 요구에 매우 유용합니다. TypeScript에서는 플래그 키를 리터럴 유니온으로 정의하여 오타를 줄이고 안전하게 다룰 수 있습니다. 면접에서는 왜 배포와 릴리스를 분리하는지, 그리고 롤백과 어떤 차이가 있는지 설명하라는 질문이 나올 수 있습니다. 실무에서는 플래그가 누적되면 기술 부채가 되므로 만료 시점과 정리 정책을 반드시 운영하셔야 합니다.		Feature Flag	TRUE	CQRS	FALSE	브리지(Bridge)	FALSE	플라이웨이트(Flyweight)	FALSE	frontend	typescript	pattern	
Q081	퍼블리시 서브스크라이브(Publish Subscribe)		언어 중심 - TypeScript	97	CHOICE	EASY	발행자와 구독자가 서로 직접 알지 못하고 토픽을 통해 메시지를 주고받는 패턴은 무엇인가?	퍼블리시 서브스크라이브 패턴은 발행자가 토픽에 메시지를 발행하고, 구독자가 해당 토픽을 구독하여 수신하는 구조입니다. 발행자와 구독자가 서로의 존재를 몰라도 되기 때문에 결합도가 낮아지고 확장이 쉬워집니다. TypeScript에서는 EventEmitter, 메시지 버스, RxJS Subject 같은 형태로 구현되는 경우가 많습니다. 면접에서는 옵저버와의 차이를 토픽 기반 브로커 개념으로 설명할 수 있는지 자주 묻습니다. 실무에서는 구독 해제 관리, 이벤트 이름 표준화, 페이로드 타입 정의가 품질을 좌우하므로 운영 규칙을 함께 두시는 것이 중요합니다.		퍼블리시 서브스크라이브(Pub Sub)	TRUE	옵저버(Observer)	FALSE	싱글턴(Singleton)	FALSE	빌더(Builder)	FALSE	frontend	typescript	pattern	
Q082	서비스 레이어(Service Layer)		언어 중심 - TypeScript	97	CHOICE	EASY	컨트롤러와 레포지토리 사이에 유스케이스 로직을 모아두는 계층을 두는 패턴은 무엇인가?	서비스 레이어는 요청 처리 흐름에서 핵심 유스케이스를 서비스 계층에 모아두는 패턴입니다. 컨트롤러는 입출력과 라우팅에 집중하고, 레포지토리는 데이터 접근에 집중하도록 책임을 분리합니다. TypeScript 서버에서는 controller service repository 구조로 매우 흔하게 적용됩니다. 면접에서는 서비스가 어디까지 책임져야 하는지, 그리고 도메인 모델과의 역할 분리가 되는지 질문하는 경우가 많습니다. 실무에서는 서비스가 비대해지지 않도록 도메인 객체에 위임할 규칙과 경계를 명확히 정하시는 것이 중요합니다.		서비스 레이어(Service Layer)	TRUE	레포지토리(Repository)	FALSE	퍼사드(Facade)	FALSE	플라이웨이트(Flyweight)	FALSE	frontend	typescript	pattern	
Q083	DTO 패턴(Data Transfer Object)		언어 중심 - TypeScript	97	CHOICE	EASY	계층 간 데이터 전달을 위해 필요한 필드만 담는 객체를 사용하는 패턴은 무엇인가?	DTO 패턴은 계층이나 네트워크 경계를 넘어 데이터를 전달하기 위한 전용 객체를 사용하는 방식입니다. 도메인 객체를 그대로 노출하지 않고 필요한 데이터만 담아 결합을 줄이는 것이 핵심입니다. TypeScript에서는 interface나 type alias로 DTO를 정의하여 API 계약을 명확히 하실 수 있습니다. 면접에서는 DTO와 도메인 모델을 분리해야 하는 이유, 예를 들어 캡슐화와 변경 영향 범위를 설명할 수 있어야 합니다. 실무에서는 버전 변화에 대비해 DTO 네이밍 규칙과 변환 로직을 한곳에 모아 관리하시는 습관이 중요합니다.		DTO(Data Transfer Object)	TRUE	VO(Value Object)	FALSE	커맨드(Command)	FALSE	미디에이터(Mediator)	FALSE	frontend	typescript	pattern	
Q084	값 객체 패턴(Value Object)		언어 중심 - TypeScript	97	CHOICE	EASY	동등성을 값으로 비교하고 불변으로 다루는 도메인 객체를 사용하는 패턴은 무엇인가?	값 객체 패턴은 식별자보다 값 자체로 동등성을 판단하는 도메인 객체를 사용하는 방식입니다. 보통 불변으로 설계하여 상태 변경으로 인한 버그를 줄이는 것이 일반적입니다. TypeScript에서는 readonly, private 필드, 생성 시 검증을 통해 값 객체를 구현하는 경우가 많습니다. 면접에서는 엔티티와 값 객체의 차이를 정확히 설명할 수 있는지 자주 확인합니다. 실무에서는 유효성 검증을 생성 시점에 강제하여 잘못된 값이 시스템에 유입되지 않도록 하는 것이 포인트입니다.		값 객체(Value Object)	TRUE	엔티티(Entity)	FALSE	레포지토리(Repository)	FALSE	퍼사드(Facade)	FALSE	frontend	typescript	pattern	
Q085	안티 커럽션 레이어(Anti Corruption Layer)		언어 중심 - TypeScript	97	CHOICE	EASY	외부 시스템 모델이 내부 도메인에 스며들지 않게 번역 계층을 두는 패턴은 무엇인가?	안티 커럽션 레이어는 외부 시스템의 데이터 구조나 규칙이 내부 도메인을 오염시키지 않도록 막는 번역 계층입니다. 외부 응답을 내부 모델로 변환하고, 내부 요청도 외부 포맷으로 변환하여 경계를 유지합니다. TypeScript에서는 adapter mapper 형태의 변환 함수나 클래스로 자주 구현됩니다. 면접에서는 경계 컨텍스트와 함께 왜 번역 계층이 필요한지 설명하는 문제가 나올 수 있습니다. 실무에서는 변환 규칙을 한곳에 모아 관리하지 않으면 중복과 불일치가 커지므로 구조화와 테스트가 중요합니다.		안티 커럽션 레이어(ACL)	TRUE	레이어드(Layered)	FALSE	빌더(Builder)	FALSE	옵저버(Observer)	FALSE	frontend	typescript	pattern	
Q086	스트랭글러 피그(Strangler Fig)		언어 중심 - TypeScript	97	CHOICE	EASY	기존 시스템을 한 번에 교체하지 않고 기능을 조금씩 새 시스템으로 옮겨가는 마이그레이션 패턴은 무엇인가?	스트랭글러 피그 패턴은 레거시를 한 번에 교체하지 않고 새 구현을 점진적으로 덧붙여 교체하는 방식입니다. 트래픽을 일부 기능부터 새 시스템으로 라우팅하며 범위를 넓혀 가는 전략이 핵심입니다. TypeScript 프론트나 BFF에서 특정 화면이나 API부터 신규로 전환할 때 자주 활용됩니다. 면접에서는 빅뱅 마이그레이션 대비 리스크를 낮추는 이유를 설명하라는 질문이 나올 수 있습니다. 실무에서는 라우팅 규칙, 모니터링, 롤백 전략을 함께 설계하지 않으면 운영 리스크가 커질 수 있습니다.		스트랭글러 피그(Strangler Fig)	TRUE	사가(Saga)	FALSE	메멘토(Memento)	FALSE	프로토타입(Prototype)	FALSE	frontend	typescript	pattern	
Q087	BFF 패턴(Backend for Frontend)		언어 중심 - TypeScript	97	CHOICE	EASY	프론트 종류별로 최적화된 백엔드 API를 별도로 두는 패턴은 무엇인가?	BFF 패턴은 특정 프론트엔드에 최적화된 백엔드를 별도로 두는 방식입니다. 모바일과 웹이 필요한 데이터 형태가 다를 때, 프론트에서 과도한 API 조합을 하지 않도록 돕습니다. TypeScript 기반 Node 서버로 BFF를 구현하는 사례가 많아 실무에서도 친숙합니다. 면접에서는 API 게이트웨이와의 차이, 그리고 응답 조합의 장점을 설명할 수 있어야 합니다. 실무에서는 BFF가 도메인 로직을 과도하게 가져가지 않도록 경계와 책임을 명확히 하시는 것이 중요합니다.		BFF(Backend for Frontend)	TRUE	CQRS	FALSE	퍼사드(Facade)	FALSE	플라이웨이트(Flyweight)	FALSE	frontend	typescript	pattern	
Q088	캐시 어사이드(Cache Aside)		언어 중심 - TypeScript	97	CHOICE	EASY	애플리케이션이 캐시를 먼저 조회하고 없으면 원본 저장소에서 읽어 캐시에 채우는 패턴은 무엇인가?	캐시 어사이드 패턴은 애플리케이션이 직접 캐시 조회와 적재를 담당하는 방식입니다. 캐시 히트 시 빠르게 응답하고, 미스 시 DB나 API에서 읽어 캐시에 저장한 뒤 반환합니다. TypeScript에서는 API 클라이언트나 서비스 레이어에서 캐시 로직을 래핑하여 구현하시는 경우가 많습니다. 면접에서는 캐시 무효화, TTL, 스탬피드 같은 운영 포인트를 함께 묻는 편입니다. 실무에서는 데이터 변경 시 캐시 삭제 또는 갱신 규칙을 명확히 하지 않으면 오래된 데이터가 노출될 수 있으므로 정책이 중요합니다.		캐시 어사이드(Cache Aside)	TRUE	리드 스루(Read Through)	FALSE	라이트 스루(Write Through)	FALSE	메모이제이션(Memoization)	FALSE	frontend	typescript	pattern	
Q089	리드 스루 캐시(Read Through Cache)		언어 중심 - TypeScript	97	CHOICE	EASY	캐시가 미스일 때 캐시 계층이 자동으로 원본에서 읽어 채우는 패턴은 무엇인가?	리드 스루 캐시 패턴은 애플리케이션이 원본 저장소를 직접 호출하지 않고 캐시를 통해 읽는 방식입니다. 캐시가 미스가 나면 원본에서 가져와 저장한 뒤 결과를 반환합니다. 호출부가 단순해지는 장점이 있지만 캐시 계층의 구현과 안정성이 중요해집니다. 면접에서는 캐시 어사이드와 비교해 책임이 어디에 있는지 설명하는 문제가 나올 수 있습니다. 실무에서는 캐시 장애 시 폴백 전략, 타임아웃, 그리고 원본 과부하 방지책을 함께 설계하셔야 안정적입니다.		리드 스루(Read Through)	TRUE	캐시 어사이드(Cache Aside)	FALSE	프록시(Proxy)	FALSE	플라이웨이트(Flyweight)	FALSE	frontend	typescript	pattern	
Q090	라이트 스루 캐시(Write Through Cache)		언어 중심 - TypeScript	97	CHOICE	EASY	쓰기 시 캐시와 원본 저장소를 동시에 갱신해 일관성을 높이는 패턴은 무엇인가?	라이트 스루 캐시 패턴은 쓰기 요청 시 캐시와 원본 저장소를 함께 갱신하는 방식입니다. 읽기 시 캐시가 최신 상태를 유지하기 쉬워 일관성을 높이는 데 도움이 됩니다. 다만 쓰기 지연이 늘 수 있고 캐시 계층의 안정성이 더욱 중요해집니다. 면접에서는 일관성은 좋아지지만 성능 비용이 생긴다는 트레이드오프를 설명할 수 있어야 합니다. 실무에서는 실패 시 재시도와 롤백, 그리고 캐시 갱신 순서를 정책으로 정해두시는 것이 중요합니다.		라이트 스루(Write Through)	TRUE	캐시 어사이드(Cache Aside)	FALSE	메멘토(Memento)	FALSE	커맨드(Command)	FALSE	frontend	typescript	pattern	
Q091	멱등 키 패턴(Idempotency Key)		언어 중심 - TypeScript	97	CHOICE	EASY	같은 요청이 중복 전송돼도 한 번만 처리되게 하려고 요청 키로 중복을 제거하는 패턴은 무엇인가?	멱등 키 패턴은 클라이언트가 요청마다 고유 키를 보내고 서버가 이를 기준으로 중복 처리를 막는 방식입니다. 네트워크 재전송이나 사용자의 중복 클릭으로 인해 중복 결제 같은 문제가 발생하는 것을 방지할 때 중요합니다. TypeScript에서는 클라이언트에서 UUID를 생성해 헤더나 바디에 포함시키는 형태로 구현하실 수 있습니다. 면접에서는 멱등성의 의미와 중복 요청이 왜 자주 발생하는지 설명하는 질문이 나올 수 있습니다. 실무에서는 키 보관 기간, 충돌 처리, 실패 응답 재사용 여부를 명확히 정의하셔야 운영이 안정적입니다.		멱등 키(Idempotency Key)	TRUE	서킷 브레이커(Circuit Breaker)	FALSE	플라이웨이트(Flyweight)	FALSE	빌더(Builder)	FALSE	frontend	typescript	pattern	
Q092	재시도 패턴(Retry Pattern)		언어 중심 - TypeScript	97	CHOICE	EASY	일시적 실패에 대해 일정 횟수 다시 시도하도록 만드는 패턴은 무엇인가?	재시도 패턴은 네트워크 타임아웃 같은 일시 오류를 회복하기 위해 요청을 다시 보내는 방식입니다. 무작정 반복하면 장애가 악화될 수 있으므로 최대 횟수와 재시도 조건이 필요합니다. TypeScript에서는 HTTP 클라이언트 래퍼에서 retry 옵션으로 구현하는 경우가 많습니다. 면접에서는 어떤 오류는 재시도하면 안 된다는 점, 예를 들어 인증 실패나 4xx 일부 케이스를 구분할 수 있어야 합니다. 실무에서는 지수 백오프와 함께 사용하고, 멱등성 보장 여부를 확인하시는 것이 핵심입니다.		재시도(Retry)	TRUE	타임아웃(Timeout)	FALSE	프록시(Proxy)	FALSE	퍼사드(Facade)	FALSE	frontend	typescript	pattern	
Q093	타임아웃 패턴(Timeout Pattern)		언어 중심 - TypeScript	97	CHOICE	EASY	외부 호출이 오래 걸리면 일정 시간 후 실패로 처리해 자원을 보호하는 패턴은 무엇인가?	타임아웃 패턴은 일정 시간 내 응답이 없으면 요청을 중단하고 실패로 처리하는 방식입니다. 느린 의존성으로 인해 스레드나 이벤트 루프가 묶이는 상황을 줄이는 데 도움이 됩니다. TypeScript 서버에서는 fetch나 axios에 타임아웃을 설정해 적용하실 수 있습니다. 면접에서는 타임아웃이 없을 때 리소스 고갈로 장애가 커질 수 있다는 점을 설명하는 질문이 나올 수 있습니다. 실무에서는 값이 너무 짧으면 정상 요청도 실패하므로 지표 기반으로 튜닝하고, 타임아웃 후 폴백 동작도 함께 설계하시는 것이 좋습니다.		타임아웃(Timeout)	TRUE	재시도(Retry)	FALSE	메멘토(Memento)	FALSE	컴포지트(Composite)	FALSE	frontend	typescript	pattern	
Q094	트랜잭셔널 아웃박스(Transactional Outbox)		언어 중심 - TypeScript	97	CHOICE	EASY	DB 트랜잭션과 이벤트 발행을 안전하게 맞추기 위해 outbox 테이블에 먼저 기록하는 패턴은 무엇인가?	트랜잭셔널 아웃박스 패턴은 상태 변경과 이벤트 기록을 같은 DB 트랜잭션으로 묶어 누락을 방지하는 방식입니다. 먼저 outbox 테이블에 이벤트를 저장하고, 별도 프로세스가 이를 읽어 발행합니다. 이렇게 하면 DB는 성공했는데 이벤트만 누락되는 문제를 크게 줄일 수 있습니다. 면접에서는 분산 환경에서 원자성을 보장하기 어려운 이유와 이를 보완하는 방법을 연결해 설명하라는 질문이 나올 수 있습니다. 실무에서는 중복 발행 가능성을 전제로 소비자 쪽 멱등 처리까지 함께 설계하시는 것이 중요합니다.		트랜잭셔널 아웃박스(Outbox)	TRUE	사가(Saga)	FALSE	레포지토리(Repository)	FALSE	브리지(Bridge)	FALSE	frontend	typescript	pattern	
Q095	인박스 패턴(Inbox Pattern)		언어 중심 - TypeScript	97	CHOICE	EASY	메시지 중복 수신 시 동일 메시지를 한 번만 처리하도록 처리 기록을 남기는 패턴은 무엇인가?	인박스 패턴은 메시지 ID 같은 식별자를 저장하여 중복 메시지를 무시하거나 재처리하지 않게 하는 방식입니다. 브로커나 네트워크 특성상 동일 메시지가 재전송될 수 있다는 전제를 갖습니다. TypeScript 기반 소비자 서비스에서도 DB나 캐시에 처리 이력을 남겨 구현하실 수 있습니다. 면접에서는 적어도 한 번 전달과 멱등 처리의 관계를 설명하라는 질문이 나올 수 있습니다. 실무에서는 보관 기간과 저장소 크기 관리, 그리고 경쟁 조건을 막는 고유 제약이 특히 중요합니다.		인박스(Inbox)	TRUE	아웃박스(Outbox)	FALSE	프록시(Proxy)	FALSE	플라이웨이트(Flyweight)	FALSE	frontend	typescript	pattern	
Q096	레이트 리미팅(Rate Limiting)		언어 중심 - TypeScript	97	CHOICE	EASY	짧은 시간에 들어오는 요청 수를 제한해 시스템을 보호하는 패턴은 무엇인가?	레이트 리미팅 패턴은 사용자나 키 단위로 요청 속도를 제한하여 시스템을 보호하는 방식입니다. 과도한 트래픽이나 악성 요청을 완화하는 데 효과적입니다. TypeScript 서버에서는 미들웨어로 토큰 버킷이나 슬라이딩 윈도우 같은 알고리즘을 적용하는 경우가 흔합니다. 면접에서는 왜 인증과 별개로 속도 제한이 필요한지, 그리고 어떤 기준으로 제한을 두는지 질문이 나올 수 있습니다. 실무에서는 기준 단위와 임계값, 차단 시 응답 정책을 일관되게 운영하시는 것이 중요합니다.		레이트 리미팅(Rate Limiting)	TRUE	벌크헤드(Bulkhead)	FALSE	메멘토(Memento)	FALSE	비지터(Visitor)	FALSE	frontend	typescript	pattern	
Q097	디바운스(Debounce)		언어 중심 - TypeScript	97	CHOICE	EASY	연속 입력이 있어도 마지막 입력 이후 일정 시간 동안 추가 입력이 없을 때 한 번만 실행하는 패턴은 무엇인가?	디바운스 패턴은 이벤트가 연속으로 발생할 때 실행을 지연시키고 마지막 한 번만 처리하는 방식입니다. 검색 입력 자동완성처럼 입력이 빠르게 변하는 상황에서 특히 유용합니다. TypeScript에서는 setTimeout과 clearTimeout으로 쉽게 구현하실 수 있습니다. 면접에서는 쓰로틀과 차이를 실행 시점 관점에서 설명하라는 질문이 자주 나옵니다. 실무에서는 지연 시간이 너무 길면 UX가 나빠질 수 있으므로 화면 특성과 요구 반응성을 고려해 값을 조절하시는 것이 좋습니다.		디바운스(Debounce)	TRUE	쓰로틀(Throttle)	FALSE	옵저버(Observer)	FALSE	커맨드(Command)	FALSE	frontend	typescript	pattern	
Q098	쓰로틀(Throttle)		언어 중심 - TypeScript	97	CHOICE	EASY	이벤트가 계속 발생해도 일정 주기마다 최대 한 번만 실행하도록 제한하는 패턴은 무엇인가?	쓰로틀 패턴은 이벤트가 많이 발생해도 정해진 주기마다 실행 횟수를 제한하는 방식입니다. 스크롤, 리사이즈처럼 빈도가 높은 UI 이벤트에서 자주 사용됩니다. TypeScript에서는 마지막 실행 시각을 저장하거나 requestAnimationFrame으로 구현하기도 합니다. 면접에서는 디바운스와 비교해 중간 실행이 발생하는지 여부를 구분해 설명할 수 있어야 합니다. 실무에서는 주기 설정이 너무 길면 반응성이 떨어지고, 너무 짧으면 제한 효과가 줄어들 수 있어 튜닝이 필요합니다.		쓰로틀(Throttle)	TRUE	디바운스(Debounce)	FALSE	프록시(Proxy)	FALSE	퍼사드(Facade)	FALSE	frontend	typescript	pattern	
Q099	상태 머신(Finite State Machine)		언어 중심 - TypeScript	97	CHOICE	EASY	상태와 전이를 명시적으로 정의해 상태 기반 로직을 관리하는 패턴은 무엇인가?	상태 머신 패턴은 가능한 상태들과 상태 전이를 명시하여 복잡한 조건 분기를 줄이는 방식입니다. 상태가 늘어날수록 if else가 폭발하는 문제를 구조적으로 해결하는 데 도움이 됩니다. TypeScript에서는 판별 유니온으로 상태를 타입으로 모델링하면 안전성이 크게 올라갑니다. 면접에서는 상태 전이 규칙을 어디에 두는지, 그리고 불가능한 전이를 어떻게 막는지 질문이 나올 수 있습니다. 실무에서는 전이 로그를 남기고, 불가능한 전이를 컴파일 타임에 막는 설계를 적용하시면 디버깅이 쉬워집니다.		상태 머신(FSM)	TRUE	전략(Strategy)	FALSE	컴포지트(Composite)	FALSE	플라이웨이트(Flyweight)	FALSE	frontend	typescript	pattern	
Q100	커맨드 버스(Command Bus)		언어 중심 - TypeScript	97	CHOICE	EASY	커맨드를 버스로 보내고 알맞은 핸들러가 처리하도록 분리하는 패턴은 무엇인가?	커맨드 버스 패턴은 커맨드 객체를 전송하면 등록된 핸들러가 이를 처리하는 구조입니다. 호출부는 어떤 핸들러가 실행되는지 몰라도 되어 결합도가 낮아집니다. TypeScript에서는 커맨드 타입과 핸들러 매핑을 제네릭으로 표현하여 타입 안전성을 높일 수 있습니다. 면접에서는 컨트롤러가 직접 서비스 메서드를 호출하는 방식과 비교해 장단점을 말해보라는 질문이 나올 수 있습니다. 실무에서는 로깅, 권한 체크 같은 횡단 관심사를 버스 레이어에 모으기 좋아 운영 품질이 향상됩니다.		커맨드 버스(Command Bus)	TRUE	커맨드(Command)	FALSE	퍼사드(Facade)	FALSE	레포지토리(Repository)	FALSE	frontend	typescript	pattern	
Q101	판별 유니온 exhaustive 체크(Exhaustiveness Check)		언어 중심 - TypeScript	97	CHOICE	MEDIUM	판별 유니온을 switch로 분기할 때 누락 케이스를 컴파일 단계에서 잡기 위한 방법으로 가장 적절한 것은 무엇인가?	판별 유니온은 kind 같은 구분자 필드로 타입을 안전하게 좁히는 패턴이지만, 케이스를 빼먹으면 런타임에서만 문제가 드러날 수 있습니다. 따라서 컴파일 타임에 누락을 잡는 방식이 중요합니다. TypeScript에서는 분기 마지막에 never로 도달 불가능을 강제하는 exhaustive check 패턴을 많이 사용합니다. 면접에서는 default를 남겨두면 왜 안전하지 않을 수 있는지, 새 케이스 추가 시 어떤 식으로 컴파일 오류를 유도하는지 설명할 수 있어야 합니다. 실무에서는 팀 규칙으로 exhaustive 체크를 표준화하시면 리팩토링 안정성이 크게 올라갑니다.		never를 이용한 exhaustive 체크	TRUE	switch에 항상 default를 두고 아무것도 하지 않는다	FALSE	모든 케이스에서 any로 캐스팅한다	FALSE	런타임에 try catch로만 처리한다	FALSE	frontend	typescript	pattern	union
Q102	사용자 정의 타입 가드(User Defined Type Guard)		언어 중심 - TypeScript	97	CHOICE	MEDIUM	런타임 검사 함수가 컴파일러에게 타입 좁히기를 알려주도록 선언하는 방법으로 가장 올바른 것은 무엇인가?	typeof나 instanceof만으로 표현하기 어려운 조건은 사용자 정의 타입 가드 함수로 캡슐화할 수 있습니다. 이때 반환 타입을 boolean으로만 두면 컴파일러가 타입을 좁히지 못합니다. TypeScript는 is 키워드를 이용한 type predicate 문법을 제공하여 좁히기를 명시할 수 있습니다. 면접에서는 boolean 반환과 type predicate의 차이를 정확히 설명할 수 있어야 합니다. 실무에서는 타입 가드를 공용 유틸로 모아두시면 중복 체크가 줄고 안정성이 높아집니다.		반환 타입을 value is Type 형태로 선언한다	TRUE	반환 타입을 any로 선언해 유연하게 만든다	FALSE	반환 타입을 unknown으로 선언해 안전하게 만든다	FALSE	함수 내부에서 as로 캐스팅만 한다	FALSE	frontend	typescript	pattern	typeguard
Q103	조건부 타입 분배(Distributive Conditional Types)		언어 중심 - TypeScript	97	CHOICE	MEDIUM	조건부 타입에서 T가 유니온일 때 각 멤버에 분배되어 평가되는 특성을 무엇이라고 하나?	조건부 타입은 제네릭과 결합될 때 매우 강력하지만, T가 유니온이면 각 멤버에 대해 조건이 분배되어 평가되는 성질이 있습니다. 이로 인해 예상보다 결과 타입이 넓어지거나 유니온으로 퍼질 수 있습니다. TypeScript에서는 이를 Distributive Conditional Types라고 부릅니다. 면접에서는 분배가 언제 유용한지와, 원하지 않을 때는 어떻게 제어하는지까지 연결 질문이 나올 수 있습니다. 실무에서는 타입 계산이 과도해지지 않도록 이 특성을 이해하고 설계를 단순화하시는 것이 중요합니다.		조건부 타입 분배(Distributive Conditional Types)	TRUE	선언 병합(Declaration Merging)	FALSE	매핑 타입(Mapped Types)	FALSE	타입 소거(Type Erasure)	FALSE	frontend	typescript	pattern	types
Q104	조건부 타입 분배 방지(Prevent Distribution)		언어 중심 - TypeScript	97	CHOICE	MEDIUM	조건부 타입에서 유니온 분배를 막고 싶을 때 가장 흔히 쓰는 기법은 무엇인가?	유니온 분배는 편리하지만, 때로는 유니온 전체를 한 번에 판단하고 싶을 때가 있습니다. 이때 제네릭 타입을 튜플로 감싸면 분배가 일어나지 않습니다. 예를 들어 T extends U 대신 [T] extends [U] 형태를 사용하시는 방식이 대표적입니다. 면접에서는 왜 튜플로 감싸면 분배가 멈추는지 원리까지 질문할 수 있습니다. 실무에서는 라이브러리 타입 정의나 유틸 타입 제작에서 분배 제어가 자주 필요하므로 익숙해두시면 좋습니다.		제네릭을 튜플로 감싸 [T] extends [U] 형태로 만든다	TRUE	모든 타입을 any로 바꾼다	FALSE	switch 문으로 런타임 분기를 만든다	FALSE	eslint 규칙을 끈다	FALSE	frontend	typescript	pattern	types
Q105	keyof와 인덱스 접근(Keyof and Indexed Access)		언어 중심 - TypeScript	97	CHOICE	MEDIUM	타입에서 특정 키의 값 타입을 추출하는 방식으로 가장 적절한 조합은 무엇인가?	keyof는 타입의 프로퍼티 키 유니온을 추출하고, 인덱스 접근 타입은 T[K]로 해당 키의 값 타입을 추출합니다. 이 조합은 제네릭 유틸 타입을 만들 때 매우 자주 사용됩니다. 면접에서는 K extends keyof T 같은 제약을 왜 거는지, 제약이 없으면 어떤 오류가 생기는지 질문이 나올 수 있습니다. 실무에서는 API 응답 타입에서 특정 필드 타입을 재사용하거나, 폼 필드 타입을 안전하게 다룰 때 특히 유용합니다. 타입 계산이 복잡해지지 않도록 제약을 명확히 두시는 습관이 중요합니다.		keyof로 키를 얻고 T[K]로 값 타입을 추출한다	TRUE	typeof로 키를 얻고 T.K로 값 타입을 추출한다	FALSE	instanceof로 키를 얻고 any로 처리한다	FALSE	enum으로 키를 만들고 런타임에서만 검증한다	FALSE	frontend	typescript	pattern	types
Q106	mapped type modifier(Required Readonly)		언어 중심 - TypeScript	97	CHOICE	MEDIUM	매핑 타입에서 선택 속성을 필수로 바꾸거나 readonly를 제거할 때 사용하는 문법으로 올바른 것은 무엇인가?	매핑 타입은 키를 순회하면서 속성의 수식자를 조작할 수 있습니다. -?는 optional 제거, +?는 optional 부여이며, -readonly로 readonly를 제거하실 수 있습니다. 면접에서는 Partial Readonly Required 같은 유틸 타입이 이런 문법으로 어떻게 구현되는지 설명하는 문제가 자주 나옵니다. 실무에서는 DTO 변형이나 폼 상태 타입에서 옵션 속성을 정규화할 때 유용합니다. 다만 수식자 조작은 가독성이 떨어질 수 있으므로, 유틸 타입으로 감싸 재사용 가능하게 만드시는 편이 좋습니다.		-? 또는 -readonly 같은 modifier를 사용한다	TRUE	as unknown as로만 캐스팅한다	FALSE	interface를 런타임에서 변경한다	FALSE	enum을 사용해 강제한다	FALSE	frontend	typescript	pattern	types
Q107	satisfies 연산자(satisfies operator)		언어 중심 - TypeScript	97	CHOICE	MEDIUM	객체 리터럴의 형태를 검증하면서도 리터럴 타입 추론을 최대한 유지하고 싶을 때 쓰는 기능으로 가장 적절한 것은 무엇인가?	satisfies는 값이 특정 타입을 만족하는지 검사하면서도, as 캐스팅처럼 타입을 강제로 바꾸지 않습니다. 따라서 객체 리터럴의 구체적인 리터럴 타입이 유지되어 자동완성과 추론 품질이 좋아집니다. 면접에서는 as와 satisfies의 차이를 비교해 설명하라는 질문이 자주 나옵니다. 실무에서는 설정 객체, 라우트 테이블, 상수 맵을 선언할 때 매우 유용합니다. 다만 TypeScript 버전 요구 사항이 있으므로 프로젝트 환경에서 지원 여부를 확인하시는 습관이 필요합니다.		satisfies 연산자를 사용한다	TRUE	as any로 캐스팅한다	FALSE	unknown으로 바꾼 뒤 다시 캐스팅한다	FALSE	런타임에서 JSON schema로만 검증한다	FALSE	frontend	typescript	pattern	types
Q108	const assertion(as const)		언어 중심 - TypeScript	97	CHOICE	MEDIUM	객체나 배열을 가장 구체적인 리터럴 타입과 readonly로 고정하고 싶을 때 사용하는 방법은 무엇인가?	as const는 값의 타입을 가능한 한 좁혀 리터럴 타입으로 만들고, 객체/배열을 readonly로 취급하게 해주는 방법입니다. 설정 상수, 라우팅 테이블, 액션 타입 상수 등 “불변 상수”를 선언할 때 자주 사용됩니다. 면접에서는 as const가 없으면 string처럼 widen(타입이 넓어짐)되는 이유를 설명할 수 있어야 합니다. 실무에서는 as const로 고정한 뒤 keyof typeof로 키/값 유니온을 파생시키는 패턴이 매우 흔합니다. 다만 readonly이므로 변이를 시도하면 에러가 나기 때문에, 의도적으로 불변 데이터에만 적용하시는 것이 좋습니다.		as const를 사용한다	TRUE	as any를 사용한다	FALSE	interface를 런타임에서 변경한다	FALSE	instanceof로 검사한다	FALSE	frontend	typescript	pattern	types
Q109	타입 레벨 빌더(Type Level Builder)		언어 중심 - TypeScript	97	CHOICE	MEDIUM	여러 유틸 타입을 조합해 최종 타입을 단계적으로 만들어내는 방식을 무엇이라고 부르는 것이 가장 적절한가?	타입 레벨 빌더는 실행 코드가 아니라 타입 계산을 단계적으로 조립해 복잡한 최종 타입을 만드는 접근을 의미합니다. 매핑 타입, 조건부 타입, 인덱스 접근 등을 조합해 원하는 형태로 점진적으로 변환해 나갑니다. 면접에서는 이런 타입이 필요한 이유로, 예를 들어 API 스키마로부터 타입을 자동 생성하거나 타입 안전한 DSL을 만드는 사례를 드실 수 있습니다. 실무에서는 타입이 과도하게 복잡해지면 컴파일 속도와 가독성이 떨어질 수 있으니, 단계별 타입 별칭으로 쪼개 관리하시고 필요하면 타입 테스트를 도입하는 편이 좋습니다.		타입 레벨 빌더(Type Level Builder)	TRUE	서비스 로케이터(Service Locator)	FALSE	오브젝트 풀(Object Pool)	FALSE	퍼사드(Facade)	FALSE	frontend	typescript	pattern	types
Q110	제네릭 기본값(Generic Default)		언어 중심 - TypeScript	97	CHOICE	MEDIUM	제네릭 타입 파라미터에 기본 타입을 지정해 호출 시 생략 가능하게 만드는 방법은 무엇인가?	제네릭 기본값은 제네릭 인자를 생략했을 때 사용할 기본 타입을 지정하는 기능입니다. 라이브러리 설계에서 사용자 부담을 줄이고, 타입 추론이 어려운 경우에도 안전한 기본을 제공할 수 있습니다. 면접에서는 기본값과 오버로드의 차이를 비교해 설명하라는 질문이 나올 수 있습니다. 실무에서는 Options Object 패턴과 결합해 옵션 타입의 기본값을 제공하는 식으로 활용되지만, 기본값이 과하면 오히려 추론이 이상해질 수 있어 신중히 설정하시는 것이 좋습니다.		제네릭 파라미터에 = DefaultType 형태로 기본값을 둔다	TRUE	extends any로만 선언한다	FALSE	제네릭을 무조건 any로 둔다	FALSE	런타임에서 기본값을 설정한다	FALSE	frontend	typescript	pattern	generics
Q111	함수 오버로드(Function Overload)		언어 중심 - TypeScript	97	CHOICE	MEDIUM	입력 형태에 따라 반환 타입이 달라지는 API를 표현할 때 가장 적절한 타입 설계 방법은 무엇인가?	함수 오버로드는 여러 호출 시그니처를 선언하여 입력별 반환 타입을 정밀하게 표현하는 방법입니다. 조건부 타입으로도 가능하지만, 오버로드가 더 읽기 쉬운 경우가 많습니다. 면접에서는 선언 시그니처와 구현 시그니처의 관계, 그리고 구현은 보통 더 넓은 타입으로 받아야 한다는 점을 확인하는 경우가 많습니다. 실무에서는 parse, get처럼 인자에 따라 반환이 달라지는 곳에서 자주 쓰이지만, 오버로드가 지나치게 많아지면 유지보수가 어려워져 균형이 필요합니다.		함수 오버로드를 사용한다	TRUE	반환 타입을 항상 any로 둔다	FALSE	모든 인자를 optional로 만들고 런타임에만 처리한다	FALSE	인터페이스 병합으로만 해결한다	FALSE	frontend	typescript	pattern	typing
Q112	타입 좁히기와 제어 흐름 분석(Control Flow Analysis)		언어 중심 - TypeScript	97	CHOICE	MEDIUM	if문 안에서 null 체크를 하면 그 블록에서 타입이 더 좁혀지는 컴파일러 동작을 무엇이라고 하나?	TypeScript는 제어 흐름을 따라 값의 가능 타입을 추론해 좁히는데, 이를 Control Flow Analysis라고 부릅니다. 이 덕분에 불필요한 캐스팅 없이 안전한 접근이 가능해집니다. 면접에서는 let 변수는 재할당 가능성 때문에 다시 넓어질 수 있는 이유, 그리고 클로저가 개입되면 보수적으로 판단하는 이유를 물을 수 있습니다. 실무에서는 타입 좁히기를 방해하는 패턴을 피하고, 가드를 함수로 분리하시면 코드가 더 깔끔해집니다.		제어 흐름 분석(Control Flow Analysis)	TRUE	타입 소거(Type Erasure)	FALSE	선언 병합(Declaration Merging)	FALSE	트리 쉐이킹(Tree Shaking)	FALSE	frontend	typescript	pattern	typing
Q113	unknown 우선 패턴(Prefer Unknown over Any)		언어 중심 - TypeScript	97	CHOICE	MEDIUM	외부 입력(JSON 등)을 받을 때 any 대신 unknown을 쓰는 이유로 가장 적절한 것은 무엇인가?	unknown은 any와 달리 바로 사용할 수 없어서 타입 가드로 검증을 강제합니다. 외부 입력은 신뢰할 수 없기 때문에 검증 절차가 필수라는 점이 핵심입니다. 면접에서는 any가 왜 위험한지와, unknown을 쓰면 어떤 안전성이 생기는지 자주 묻습니다. 실무에서는 zod 같은 런타임 스키마 검증과 함께 unknown을 사용하시면 안정성이 크게 올라가고, 타입 오염을 방지해 이후 추론 품질도 유지됩니다.		검증을 강제해 타입 안전성을 높이기 위해서다	TRUE	컴파일 속도를 빠르게 하기 위해서다	FALSE	런타임 성능을 올리기 위해서다	FALSE	import 경로를 줄이기 위해서다	FALSE	frontend	typescript	pattern	safety
Q114	Assertion Function(asserts)		언어 중심 - TypeScript	97	CHOICE	MEDIUM	함수가 실패하면 예외를 던지고, 성공하면 특정 타입임을 보장하도록 표현하는 문법은 무엇인가?	asserts 문법은 함수가 반환된 이후의 타입을 좁혀주는 단언 함수(assertion function) 패턴입니다. 예를 들어 assertIsUser(x) 같은 함수를 만들면 이후 코드에서 x를 User로 취급할 수 있습니다. 면접에서는 type predicate(x is T)와 asserts의 차이를 구분해 설명할 수 있으면 좋습니다. 실무에서는 입력 검증, 환경 변수 검증, 불변식 체크에서 많이 사용되며, 예외 기반 흐름이므로 에러 메시지 품질과 호출 위치가 중요합니다.		asserts를 이용한 단언 함수(Assertion Function)	TRUE	as any 캐스팅	FALSE	enum 기반 분기	FALSE	switch default 사용	FALSE	frontend	typescript	pattern	safety
Q115	브랜드 타입과 검증 결합(Branded Type with Validation)		언어 중심 - TypeScript	97	CHOICE	MEDIUM	UserId 같은 브랜드 타입을 안전하게 쓰기 위한 가장 좋은 실무 패턴은 무엇인가?	브랜드 타입은 컴파일 타임 구분을 제공하지만, 런타임 값이 유효한지는 별도 검증이 필요합니다. 그래서 생성 함수(팩토리)에서 검증 후 브랜드 타입으로 만들어 반환하는 패턴이 가장 흔합니다. 면접에서는 as로 바로 캐스팅하면 왜 위험한지 질문하는 경우가 많습니다. 실무에서는 생성 함수에서 형식/길이/정규식 검증 등을 수행해 잘못된 값이 시스템 내부로 들어오는 것을 막고, 테스트 용이성과 안정성을 함께 확보하실 수 있습니다.		생성 함수에서 검증 후 브랜드 타입으로 만든다	TRUE	어디서나 as로 캐스팅해서 쓴다	FALSE	모든 ID를 string으로 통일한다	FALSE	런타임에서만 console로 확인한다	FALSE	frontend	typescript	pattern	safety
Q116	좁히기 누수 방지(Narrowing Leakage)		언어 중심 - TypeScript	97	CHOICE	MEDIUM	타입 좁히기를 했는데도 바깥 스코프에서 다시 넓어지는 현상을 줄이는 방법으로 가장 적절한 것은 무엇인가?	TypeScript는 재할당 가능성이나 클로저 영향 때문에 좁히기를 보수적으로 되돌릴 수 있습니다. 이를 줄이려면 좁힌 값을 const 새 변수에 담아 사용하거나, 타입 가드 함수를 통해 블록 단위로 안전성을 확보하시는 방법이 적절합니다. 면접에서는 왜 let은 좁히기가 풀릴 수 있는지 설명하라는 문제가 나올 수 있습니다. 실무에서는 임시 const 변수를 도입하면 가독성이 좋아지고 타입 에러도 줄어드는 경우가 많습니다.		좁힌 값을 const 변수로 저장해 사용한다	TRUE	모든 변수를 any로 바꾼다	FALSE	런타임에만 테스트한다	FALSE	default 케이스를 비워둔다	FALSE	frontend	typescript	pattern	typing
Q117	제네릭 제약(Generic Constraint)		언어 중심 - TypeScript	97	CHOICE	MEDIUM	제네릭 함수에서 전달받은 키가 객체의 실제 키임을 보장하려면 어떤 제약이 가장 적절한가?	키를 다룰 때는 K extends keyof T 제약이 가장 대표적이며, 이렇게 해야 T[K] 접근이 안전해집니다. 면접에서는 제약이 없으면 왜 컴파일 에러가 나는지, 그리고 인덱스 시그니처와의 관계를 묻기도 합니다. 실무에서는 이 제약이 자동완성 품질과 버그 방지에 직접적으로 도움이 됩니다. 의미 없는 extends any 제약은 피하시는 편이 좋습니다.		K extends keyof T 제약을 둔다	TRUE	K extends any 제약을 둔다	FALSE	K를 string으로 고정한다	FALSE	K를 unknown으로 둔다	FALSE	frontend	typescript	pattern	generics
Q118	타입 안전한 이벤트 맵(Event Map Pattern)		언어 중심 - TypeScript	97	CHOICE	MEDIUM	이벤트 이름과 페이로드 타입을 매핑해 emit과 on을 타입 안전하게 만드는 패턴으로 가장 적절한 것은 무엇인가?	이벤트 맵 패턴은 이벤트 이름을 키로, 페이로드 타입을 값으로 갖는 매핑 타입을 정의하고 on/emit을 제네릭으로 구성하는 방식입니다. 이로써 이벤트별 페이로드 타입이 정확히 강제됩니다. 면접에서는 any 기반 이벤트 버스의 문제점과 이 패턴의 장점을 연결해 설명하시면 좋습니다. 실무에서는 이벤트 이름 오타를 컴파일 타임에 잡고, 페이로드 변경 시 영향 범위를 빠르게 찾을 수 있습니다. 다만 이벤트 맵이 커지면 모듈별로 분리하는 설계가 필요합니다.		이벤트 맵 타입을 만들고 on emit을 제네릭으로 연결한다	TRUE	모든 이벤트를 string any로 처리한다	FALSE	이벤트 이름을 숫자로 바꾼다	FALSE	런타임에서만 JSON으로 검증한다	FALSE	frontend	typescript	pattern	typing
Q119	타입 안전한 Result 유니온(Result Union)		언어 중심 - TypeScript	97	CHOICE	MEDIUM	성공과 실패를 판별 유니온으로 모델링할 때 가장 일반적인 구분 필드 설계는 무엇인가?	Result 타입은 ok 또는 status 같은 구분 필드(discriminant) 를 두고, 성공과 실패가 서로 다른 필드를 갖도록 모델링하는 방식이 일반적입니다. 그러면 분기 시 타입이 자동으로 좁혀져 안전한 접근이 가능합니다. 면접에서는 예외 대신 Result를 쓰는 이유와, 호출부 분기 비용을 어떻게 줄이는지 질문이 이어질 수 있습니다. 실무에서는 에러 코드 표준화와 함께 map/flatMap 같은 헬퍼를 제공해 분기 코드를 줄이시는 경우가 많으며, 구분 필드는 일관되게 유지하시는 것이 중요합니다.		ok 같은 boolean 구분 필드를 둔다	TRUE	error 필드를 항상 string으로 둔다	FALSE	성공과 실패를 any로 통일한다	FALSE	구분 필드 없이 null로 실패를 표현한다	FALSE	frontend	typescript	pattern	union
Q120	타입 테스트 패턴(Type Testing Pattern)		언어 중심 - TypeScript	97	CHOICE	MEDIUM	유틸 타입이 의도한 타입을 만드는지 검증하기 위한 방식으로 가장 적절한 것은 무엇인가?	타입 레벨 테스트는 복잡한 유틸 타입이 리팩토링 중 깨지는 것을 방지하기 위한 컴파일 타임 검증 방식입니다. Equal, Expect 같은 헬퍼 타입을 정의해, 타입이 맞지 않으면 컴파일이 실패하도록 구성합니다. 면접에서는 이것이 런타임 테스트가 아니라 컴파일 단계 검증이라는 점을 설명하시면 좋습니다. 실무에서는 공통 유틸 타입 라이브러리나 모노레포에서 특히 유용하지만, 유지비가 생기므로 핵심 유틸 위주로 적용하시는 편이 좋습니다.		Expect Equal 같은 타입 레벨 테스트를 작성한다	TRUE	console log로 타입을 출력한다	FALSE	런타임에서만 단위 테스트를 만든다	FALSE	any로 바꾸고 테스트를 생략한다	FALSE	frontend	typescript	pattern	testing
Q121	infer 패턴(Conditional infer Pattern)		언어 중심 - TypeScript	97	CHOICE	MEDIUM	조건부 타입에서 함수 반환 타입이나 배열 요소 타입을 추출할 때 가장 핵심적으로 사용하는 키워드는 무엇인가?	infer는 조건부 타입 내부에서 특정 부분 타입을 “변수처럼” 추론하여 꺼내오는 기능입니다. ReturnType, Parameters 같은 유틸 타입이 이 기능을 기반으로 동작합니다. 면접에서는 infer가 런타임 키워드가 아니라 타입 레벨 기능임을 강조하셔야 합니다. 실무에서는 Promise 언래핑, API 래퍼의 내부 타입 추출, 응답 구조 파생 등에서 자주 쓰이지만, 중첩이 깊어지면 가독성이 떨어져 단계별 타입 별칭으로 나누는 것이 좋습니다.		infer	TRUE	typeof	FALSE	instanceof	FALSE	satisfies	FALSE	frontend	typescript	pattern	types
Q122	Promise 언래핑 패턴(Unwrap Promise Type)		언어 중심 - TypeScript	97	CHOICE	MEDIUM	Promise가 감싼 내부 타입을 타입 수준에서 꺼내는 방법으로 가장 적절한 것은 무엇인가?	Promise 언래핑은 보통 조건부 타입 + infer 조합으로 구현합니다. 예를 들어 T extends Promise<infer U> ? U : T 형태가 대표적입니다. 면접에서는 Awaited와 비교해 설명하라는 질문이 나올 수 있습니다. 실무에서는 비동기 함수 체인의 반환 타입을 안전하게 추론하거나 API 클라이언트 공통 타입을 설계할 때 유용하며, 중첩 Promise/thenable까지 고려할지 정책을 정해두시는 것이 좋습니다.		조건부 타입과 infer로 Promise 내부 타입을 추출한다	TRUE	런타임에서 await를 호출하면 타입도 자동으로 바뀐다	FALSE	any로 캐스팅해서 꺼낸다	FALSE	enum으로 Promise 타입을 정의한다	FALSE	frontend	typescript	pattern	async
Q123	이터레이터 타입 패턴(Iterator Types)		언어 중심 - TypeScript	97	CHOICE	MEDIUM	Iterable이나 Iterator 기반 API를 타입 안전하게 만들 때 가장 직접적으로 모델링하는 타입은 무엇인가?	Iterator 기반 API는 next()가 반환하는 결과 구조를 정확히 모델링하는 것이 핵심이며, TypeScript의 Iterator<T>, Iterable<T> 같은 표준 타입을 제네릭으로 사용하시는 것이 직접적입니다. 면접에서는 for...of가 Iterable 프로토콜을 따른다는 점과 연결 질문이 나올 수 있습니다. 실무에서는 제너레이터 사용 시 yield 타입과 return 타입이 섞여 헷갈리기 쉬우므로 타입 선언을 명확히 하고, AsyncIterator와의 차이도 함께 관리하시는 것이 좋습니다.		Iterator 또는 Iterable 타입	TRUE	any 배열 타입	FALSE	number enum 타입	FALSE	void 타입	FALSE	frontend	typescript	pattern	iterators
Q124	readonly 깊이 문제(Deep Readonly Tradeoff)		언어 중심 - TypeScript	97	CHOICE	MEDIUM	객체를 readonly로 만들 때 얕은 readonly와 깊은 readonly를 구분하는 이유로 가장 적절한 것은 무엇인가?	Readonly<T>는 기본적으로 얕게(shallow) 적용되므로 중첩 객체 내부는 여전히 변경될 수 있습니다. 이를 막으려면 재귀 매핑 타입으로 DeepReadonly 같은 패턴이 필요합니다. 면접에서는 깊은 readonly가 타입 계산을 무겁게 만들 수 있다는 트레이드오프를 설명하실 수 있어야 합니다. 실무에서는 불변으로 다룰 범위를 제한하거나, 런타임 불변성과 타입 불변성이 다르다는 점을 함께 고려하시는 것이 중요합니다.		중첩 객체가 변이될 수 있어 깊이 제어가 필요해서다	TRUE	readonly는 런타임에서 객체를 자동으로 freeze 하기 때문이다	FALSE	readonly는 Promise에만 적용되기 때문이다	FALSE	readonly는 enum에서만 사용 가능하기 때문이다	FALSE	frontend	typescript	pattern	immutability
Q125	keyof typeof 패턴(keyof typeof Pattern)		언어 중심 - TypeScript	97	CHOICE	MEDIUM	런타임 상수 객체에서 키 유니온 타입을 만들고 싶을 때 가장 흔히 쓰는 조합은 무엇인가?	런타임 값은 typeof로 타입화하고, 그 타입의 키는 keyof로 추출하는 조합이 가장 흔합니다. as const와 결합하면 더 정확한 리터럴 키 유니온을 얻으실 수 있습니다. 면접에서는 왜 as const가 키/값을 더 정확하게 만드는지 설명하셔야 합니다. 실무에서는 라우트 이름, 이벤트 이름, 권한 키 같은 상수 집합을 타입과 함께 관리할 때 매우 유용합니다.		keyof typeof	TRUE	typeof keyof	FALSE	keyof any	FALSE	infer typeof	FALSE	frontend	typescript	pattern	types
Q126	타입 안전한 Config 맵 패턴(Typed Config Map)		언어 중심 - TypeScript	97	CHOICE	MEDIUM	환경별 설정 객체를 만들 때 키 누락이나 값 타입 오류를 잡으면서도 리터럴 타입을 유지하는 가장 적절한 방법은 무엇인가?	satisfies는 “계약 검증”은 하되 “리터럴 타입 추론”은 유지해주기 때문에 환경별 설정 맵에 매우 적합합니다. 면접에서는 as 캐스팅이 오히려 안전성을 떨어뜨릴 수 있다는 점을 말하시면 좋습니다. 실무에서는 satisfies와 as const를 함께 사용해 ENV별 엔드포인트/기능 플래그/권한 맵 등을 관리하며, 누락 방지를 위해 Record 형태 계약을 요구하는 방식도 자주 사용됩니다.		satisfies로 계약을 검증한다	TRUE	as any로 캐스팅한다	FALSE	런타임 if로만 검증한다	FALSE	enum을 사용해 값 타입을 강제한다	FALSE	frontend	typescript	pattern	config
Q127	템플릿 리터럴 타입(Template Literal Types)		언어 중심 - TypeScript	97	CHOICE	MEDIUM	api getUser 같이 문자열 조합 규칙을 타입으로 강제하는 데 가장 적합한 기능은 무엇인가?	템플릿 리터럴 타입은 문자열 조합 규칙을 타입 레벨에서 강제하는 기능입니다. 예를 들어 get${Capitalize<T>} 같은 형태로 네이밍 규칙을 제한할 수 있습니다. 면접에서는 이것이 런타임 문자열 생성이 아니라 타입 제약이라는 점을 명확히 하셔야 합니다. 실무에서는 이벤트 이름 규칙, CSS 클래스 네이밍, i18n 키 규칙 등에서 실수를 컴파일 단계에서 잡는 데 유용하지만, 규칙이 과도하게 복잡해지지 않게 범위를 제한하는 것이 좋습니다.		템플릿 리터럴 타입(Template Literal Types)	TRUE	선언 병합(Declaration Merging)	FALSE	트리 쉐이킹(Tree Shaking)	FALSE	오브젝트 풀(Object Pool)	FALSE	frontend	typescript	pattern	types
Q128	제네릭 빌더 패턴(Generic Builder Pattern)		언어 중심 - TypeScript	97	CHOICE	MEDIUM	빌더를 체이닝할 때 setName을 호출하면 name이 필수로 채워졌다고 타입으로 추적하는 패턴은 무엇에 가깝나?	제네릭으로 “상태”를 들고 다니며 호출 단계에 따라 타입을 좁혀가는 방식은 타입 상태 머신(typed state machine) 스타일 빌더에 가깝습니다. 필수 필드가 채워졌는지 추적해 build() 호출을 안전하게 제한할 수 있습니다. 면접에서는 단순 빌더 대비 타입 상태 추적의 이점을 설명하시면 좋습니다. 실무에서는 누락 버그를 줄이는 데 유용하지만 타입이 복잡해져 DX가 떨어질 수 있으므로 핵심 설정/필수값이 많은 경우에만 적용하시는 편이 좋습니다.		제네릭으로 상태를 추적하는 빌더 패턴	TRUE	널 오브젝트 패턴	FALSE	플라이웨이트 패턴	FALSE	레포지토리 패턴	FALSE	frontend	typescript	pattern	builder
Q129	branded union 패턴(Branded Union)		언어 중심 - TypeScript	97	CHOICE	MEDIUM	서로 다른 ID 타입을 안전하게 구분하면서도 공통 처리 로직을 공유하기 위해 자주 쓰는 타입 모델링은 무엇인가?	브랜드 타입으로 UserId, OrderId를 구분해 혼용을 막고, 공통 처리에서는 유니온으로 묶거나 공통 기반 타입을 정의해 공유하는 모델링이 흔합니다. 면접에서는 구조적 타이핑에서 왜 이런 구분이 필요한지와, 공통 처리 시 타입 좁히기를 어떻게 하는지 질문이 나올 수 있습니다. 실무에서는 생성/검증 경계를 명확히 하고, 직렬화/역직렬화 과정에서 브랜드가 사라지는 문제를 특히 주의하셔야 합니다.		브랜드 타입을 만들고 필요하면 유니온으로 묶는다	TRUE	모든 ID를 number로 통일한다	FALSE	any로 합쳐서 처리한다	FALSE	enum으로만 ID를 표현한다	FALSE	frontend	typescript	pattern	safety
Q130	mapped type key remapping(Key Remapping)		언어 중심 - TypeScript	97	CHOICE	MEDIUM	매핑 타입에서 키 이름을 변경하거나 특정 키를 제외할 때 사용하는 기능은 무엇인가?	매핑 타입의 키 리매핑(key remapping) 기능을 사용하시면 됩니다. as 절을 통해 키를 다른 이름으로 바꾸거나, 조건부로 never를 반환해 특정 키를 제외할 수 있습니다. 면접에서는 Pick/Omit과 비교해 어떤 경우에 더 유연한지 설명하시면 좋습니다. 실무에서는 API 키를 프론트 친화적으로 변환하거나, 핸들러 이름을 자동 생성하는 타입에서 자주 사용되며, 복잡해지기 쉬우니 유틸 타입으로 감싸 재사용하는 편이 안전합니다.		매핑 타입의 key remapping(as)	TRUE	선언 병합	FALSE	instanceof	FALSE	트리 쉐이킹	FALSE	frontend	typescript	pattern	types
Q131	never 활용 필터링(Never Filtering)		언어 중심 - TypeScript	97	CHOICE	MEDIUM	유니온 타입에서 특정 조건을 만족하는 멤버만 남기거나 제거할 때 가장 흔히 쓰는 타입 패턴은 무엇인가?	조건부 타입을 이용해 “조건을 만족하면 타입 유지, 아니면 never”로 만들면, 분배 평가 후 never가 제거되며 필터링 효과가 납니다. 이 패턴은 Exclude/Extract 유틸 타입의 기반이기도 합니다. 면접에서는 분배 조건부 타입의 특성과 연결해 설명하라는 질문이 나올 수 있습니다. 실무에서는 특정 kind만 추출하거나 성공 케이스만 남기는 등에 유용하며, 분배 특성을 이해하지 못하면 결과가 예상과 달라질 수 있어 주의가 필요합니다.		조건부 타입에서 아니면 never로 만들어 필터링한다	TRUE	런타임에서 Array.filter만 사용한다	FALSE	any로 변환해서 처리한다	FALSE	enum으로만 분기한다	FALSE	frontend	typescript	pattern	union
Q132	함수 파라미터 추출(Parameters Pattern)		언어 중심 - TypeScript	97	CHOICE	MEDIUM	함수 타입에서 파라미터 튜플 타입을 추출하는 데 가장 적절한 유틸 타입은 무엇인가?	Parameters<T>가 함수 타입의 파라미터 목록을 튜플 타입으로 추출하는 유틸 타입입니다. 고차 함수/래퍼 함수를 만들 때 원본 시그니처를 유지하는 데 특히 유용합니다. 면접에서는 ReturnType과 함께 언제 쓰는지 사례로 설명하실 수 있으면 좋습니다. 실무에서는 로깅/캐싱/권한 체크 래퍼 구현에 자주 쓰이며, this 파라미터가 포함되는 특수 케이스도 있으니 적용 범위를 확인하시는 것이 좋습니다.		Parameters	TRUE	ReturnType	FALSE	Partial	FALSE	Pick	FALSE	frontend	typescript	pattern	types
Q133	ThisParameterType 패턴(This Parameter)		언어 중심 - TypeScript	97	CHOICE	MEDIUM	메서드를 분리해 콜백으로 넘길 때 this 타입을 안전하게 다루기 위한 유틸로 가장 적절한 것은 무엇인가?	this 바인딩 문제가 있는 메서드를 다룰 때는 this 파라미터 타입을 명시하거나, ThisParameterType 같은 유틸로 this 타입을 추출해 안전하게 래핑하는 접근이 적절합니다. 면접에서는 메서드를 분리하면 왜 this가 깨지는지, 그리고 화살표 함수와의 차이를 함께 물을 수 있습니다. 실무에서는 bind를 사용하거나, 애초에 this 의존을 줄이는 설계가 더 깔끔한 경우도 많습니다.		this 파라미터 타입 또는 ThisParameterType 유틸	TRUE	any로 this를 처리한다	FALSE	enum으로 this를 대체한다	FALSE	switch default로 처리한다	FALSE	frontend	typescript	pattern	typing
Q134	Opaque Type 패턴(Opaque Types)		언어 중심 - TypeScript	97	CHOICE	MEDIUM	구조적 타이핑에서 값의 의미를 숨기고 외부에서 임의 생성하지 못하게 막는 타입 설계로 가장 가까운 것은 무엇인가?	Opaque Type(불투명 타입) 개념에 가깝습니다. TypeScript에서는 브랜드 타입이나 unique symbol을 이용해 비슷한 효과를 만듭니다. 면접에서는 단순 type alias만으로는 왜 안전하지 않은지 설명하라는 질문이 나올 수 있습니다. 실무에서는 금액, 이메일, UUID처럼 의미가 있는 값을 생성 함수로만 만들게 하고 런타임 검증과 결합하면 안정성이 크게 올라갑니다.		unique symbol 기반의 브랜드 또는 opaque 타입	TRUE	string type alias만 만든다	FALSE	any로 처리한다	FALSE	enum으로 문자열을 대체한다	FALSE	frontend	typescript	pattern	safety
Q135	타입 안전한 라우트 테이블(Route Table Typing)		언어 중심 - TypeScript	97	CHOICE	MEDIUM	라우트 이름과 파라미터 타입을 연결해 navigate 호출을 안전하게 만들려면 어떤 패턴이 가장 적절한가?	라우트 테이블을 상수로 만들고 as const로 고정한 뒤, 라우트별 파라미터 타입 맵을 정의해 제네릭 navigate를 구성하는 패턴이 흔합니다. 이렇게 하면 존재하지 않는 라우트 이동이나 파라미터 누락을 컴파일 단계에서 막을 수 있습니다. 면접에서는 keyof typeof와 인덱스 접근 타입 조합으로 설명하시면 좋습니다. 실무에서는 규모가 커지면 모듈별 분리와 공통 파라미터 타입 재사용, 그리고 런타임 검증까지 함께 고려하셔야 합니다.		라우트 맵 타입과 제네릭 navigate를 연결하는 패턴	TRUE	라우트 문자열을 any로 받고 런타임에서만 검사한다	FALSE	enum만 만들어 문자열을 고정한다	FALSE	라우트마다 별도 함수로 하드코딩한다	FALSE	frontend	typescript	pattern	routing
Q136	Zod 같은 스키마 기반 검증(Schema Validation Pattern)		언어 중심 - TypeScript	97	CHOICE	MEDIUM	외부 입력을 런타임에서 검증하고 동시에 타입을 얻기 위한 접근으로 가장 적절한 것은 무엇인가?	스키마 검증 라이브러리 기반 접근이 가장 적절합니다. TypeScript 타입은 런타임에 존재하지 않기 때문에 외부 입력은 별도 검증이 필요하며, 스키마 라이브러리는 런타임 검증을 수행하면서 타입을 추론/생성해줍니다. 면접에서는 타입 시스템만 믿으면 안 되는 이유를 설명하실 수 있어야 합니다. 실무에서는 unknown으로 받은 입력을 스키마로 파싱한 뒤, 성공 결과만 내부 로직으로 흘려보내는 구조가 안정적이며 에러 메시지 표준화도 중요합니다.		런타임 스키마 검증 후 타입을 추론하는 패턴	TRUE	any로 받고 그냥 사용한다	FALSE	interface만 선언하면 런타임도 안전해진다	FALSE	switch로 모든 필드를 수동 검사한다	FALSE	frontend	typescript	pattern	validation
Q137	Re Export 타입 노출 제어(Export Surface Control)		언어 중심 - TypeScript	97	CHOICE	MEDIUM	패키지의 public API만 노출하고 내부 타입을 숨기기 위한 가장 적절한 실무 패턴은 무엇인가?	공개 API만 index에서 export하고 내부 폴더는 직접 import하지 못하게 하는 패키지 경계(Export Surface 통제) 패턴이 핵심입니다. TypeScript에서는 export type과 export를 구분해 타입만 노출하거나, package.json의 exports로 deep import를 제한하는 방법도 사용됩니다. 면접에서는 캡슐화가 클래스뿐 아니라 패키지 경계에도 필요하다는 점을 강조하시면 좋습니다. 실무에서는 배럴 파일 남용으로 순환 의존이 생기지 않게 경계별로 제한된 index를 두고, 린트 규칙으로 내부 경로 접근을 차단하시면 규칙이 잘 지켜집니다.		index에서 공개 API만 재수출하고 deep import를 제한한다	TRUE	모든 파일을 전부 export한다	FALSE	any로 타입을 숨긴다	FALSE	런타임에서만 접근을 막는다	FALSE	frontend	typescript	pattern	architecture
Q138	동시성 제한 패턴(Concurrency Limiting)		언어 중심 - TypeScript	97	CHOICE	MEDIUM	Promise.all로 무제한 병렬 요청을 날리는 대신 동시에 실행할 작업 수를 제한하는 패턴은 무엇인가?	동시성 제한(concurrency limiting) 패턴입니다. 외부 API 레이트 리밋이나 자원 고갈을 막기 위해 동시에 처리하는 작업 수를 제한하며, 큐/워커 수 제한 또는 세마포어(토큰) 방식이 흔합니다. 면접에서는 병렬성과 동시성의 차이를 설명하라는 질문이 이어질 수 있습니다. 실무에서는 재시도와 결합될 때 폭주가 생기지 않도록 설계하고, 필요하다면 우선순위 큐나 배치 전략도 함께 고려하시는 것이 좋습니다.		동시성 제한(Concurrency Limiting)	TRUE	플라이웨이트(Flyweight)	FALSE	프로토타입(Prototype)	FALSE	선언 병합(Declaration Merging)	FALSE	frontend	typescript	pattern	async
Q139	AbortController 취소 패턴(Abort Pattern)		언어 중심 - TypeScript	97	CHOICE	MEDIUM	fetch 요청을 중간에 취소하고, 오래된 요청의 응답이 UI를 덮어쓰지 못하게 막는 접근으로 가장 적절한 것은 무엇인가?	요청 취소(Abort) 패턴이 가장 적절하며, 실무에서는 AbortController를 사용해 요청을 취소하거나 “최신 요청만 반영”하도록 가드하는 방식과 함께 사용됩니다. 면접에서는 race condition과 연결해 설명하실 수 있으면 좋습니다. 실무에서는 디바운스 + 취소 + 최신 응답만 반영 전략을 조합해 안정적인 UI를 만들고, 취소로 인한 에러 처리 흐름도 표준화하시는 것이 중요합니다.		AbortController 기반 취소 패턴을 사용한다	TRUE	Promise를 any로 캐스팅한다	FALSE	try catch만 넣으면 자동으로 취소된다	FALSE	setTimeout으로 요청을 강제 종료한다	FALSE	frontend	typescript	pattern	async
Q140	타입 안전한 상태 머신(State Machine Typing)		언어 중심 - TypeScript	97	CHOICE	MEDIUM	상태 전이에서 불가능한 전이를 컴파일 단계에서 막고 싶을 때 가장 적절한 타입 모델링은 무엇인가?	판별 유니온 기반 상태 머신 타입 모델링이 적절합니다. 상태를 판별 유니온으로 정의하고 이벤트 맵/전이 테이블을 타입으로 연결하면 불가능한 전이를 컴파일 단계에서 막을 수 있습니다. 면접에서는 타입 안전성과 설계 복잡도의 트레이드오프를 설명하실 수 있어야 합니다. 실무에서는 핵심 흐름에만 적용하고, 전이 로직을 한곳에 모으며 테스트와 로그를 함께 두시면 운영 안정성이 좋아집니다.		판별 유니온과 전이 테이블을 타입으로 연결한다	TRUE	모든 상태를 string으로만 둔다	FALSE	any로 상태를 처리한다	FALSE	switch default에서 다 처리한다	FALSE	frontend	typescript	pattern	fsm
Q141	제네릭 DI 토큰 패턴(Strongly Typed Token)		언어 중심 - TypeScript	97	CHOICE	MEDIUM	DI 컨테이너에서 string 토큰 대신 타입 안전한 토큰을 써서 충돌과 오타를 줄이는 방법으로 가장 적절한 것은 무엇인가?	타입 안전 토큰 패턴으로, 문자열 대신 symbol(또는 브랜드 타입/unique symbol)을 토큰으로 사용하고 토큰과 제공 타입을 제네릭으로 묶는 방식이 대표적입니다. 면접에서는 string 키의 위험(오타/충돌/리네임 취약성)과 타입 토큰의 이점을 설명하셔야 합니다. 실무에서는 토큰을 한 파일에 모아 관리하고 테스트에서 대체 구현 주입이 쉽게 설계하시면 좋으며, symbol을 쓰면 전역 충돌도 줄일 수 있습니다.		Symbol 또는 브랜드 타입 토큰을 제네릭으로 연결한다	TRUE	토큰을 항상 string으로만 둔다	FALSE	any로 주입 타입을 무시한다	FALSE	enum만 사용하면 런타임 문제는 없다	FALSE	frontend	typescript	pattern	di
Q142	플러그인 훅 타입 패턴(Typed Hook Contract)		언어 중심 - TypeScript	97	CHOICE	MEDIUM	플러그인이 pre post 같은 훅을 제공할 때, 훅 이름과 컨텍스트 타입을 안전하게 보장하는 설계로 가장 적절한 것은 무엇인가?	훅 맵(또는 이벤트 맵) 기반 플러그인 계약 패턴이 적절합니다. 훅 이름을 키로, 컨텍스트/인자 타입을 값으로 매핑한 타입을 만들고 register를 제네릭으로 구성하면 훅별 인자 타입이 강제됩니다. 면접에서는 플러그인이 많아질수록 계약이 왜 중요한지 설명하시면 좋습니다. 실무에서는 훅 컨텍스트를 최소화하고, 버전 호환(Deprecated/Optional 훅) 정책과 실행 순서/에러 격리까지 함께 설계하셔야 합니다.		훅 맵 타입을 만들고 register를 제네릭으로 연결한다	TRUE	훅 인자를 any로 둔다	FALSE	훅 이름을 숫자로 바꾼다	FALSE	런타임 문서만으로 계약을 관리한다	FALSE	frontend	typescript	pattern	plugin
Q143	Context 객체 패턴(Context Object)		언어 중심 - TypeScript	97	CHOICE	MEDIUM	함수 체인에서 인자가 많아질 때 공통 컨텍스트를 객체로 묶어 전달하고 확장 가능하게 하는 패턴은 무엇인가?	Context 객체 패턴입니다. 여러 함수가 공유하는 정보를 하나의 컨텍스트 객체로 묶어 전달하여 인자 폭발을 줄이고 확장 가능하게 만드는 방식입니다. Options Object와 비슷하지만, 실행 흐름을 따라 누적되거나 공유되는 “컨텍스트” 성격이 강합니다. 면접에서는 인자 폭발을 줄이는 설계로 설명하실 수 있어야 합니다. 실무에서는 컨텍스트가 거대해져 전역 상태처럼 변하지 않도록 최소 정보만 담고 가능하면 불변으로 다루시는 것이 좋습니다.		Context 객체 패턴	TRUE	싱글턴 패턴	FALSE	플라이웨이트 패턴	FALSE	메멘토 패턴	FALSE	frontend	typescript	pattern	design
Q144	결과 합성 패턴(Result Composition)		언어 중심 - TypeScript	97	CHOICE	MEDIUM	Result 유니온을 쓰면서 연속 작업에서 if 분기를 줄이기 위해 흔히 도입하는 접근은 무엇인가?	Result 패턴은 안전하지만 연속 처리에서 분기 코드가 늘 수 있습니다. 그래서 map, flatMap 같은 헬퍼를 만들어 성공이면 계속 진행하고 실패면 즉시 실패를 전파하는 합성 패턴을 씁니다. 면접에서는 예외 전파 대신 값 전파를 하는 이유와, 함수형 합성과 연결해 설명하면 좋습니다. 실무에서는 에러 타입을 표준화하고, 로깅이나 메트릭 수집을 훅처럼 끼워 넣기 쉬워집니다. 다만 과도한 추상화로 디버깅이 어려워지지 않게 중간 로그 포인트를 확보하는 것이 중요합니다.		map flatMap 같은 헬퍼로 Result를 합성한다	TRUE	모든 에러를 throw로 바꾼다	FALSE	any로 Result를 무시한다	FALSE	try catch를 모든 줄에 추가한다	FALSE	frontend	typescript	pattern	error
Q145	에러 매핑 패턴(Error Mapping)		언어 중심 - TypeScript	97	CHOICE	MEDIUM	외부 라이브러리 에러를 내부 표준 에러 타입으로 변환해 처리 일관성을 높이는 패턴은 무엇인가?	외부 에러는 형태가 제각각이라 호출부가 복잡해지기 쉽습니다. 그래서 경계 레이어에서 외부 에러를 내부 표준 에러로 매핑하는 패턴이 많이 쓰입니다. TypeScript에서는 에러 유니온이나 에러 코드 enum을 정의해 공통 처리 로직을 만들 수 있습니다. 면접에서는 왜 에러를 통일해야 하는지, 운영 관점에서 어떤 이점이 있는지 물을 수 있습니다. 실무에서는 사용자 메시지와 개발자 로그를 분리하고, 원본 에러를 cause로 보관하는 정책을 함께 두는 편이 좋습니다.		에러 매핑(Error Mapping)	TRUE	플라이웨이트(Flyweight)	FALSE	빌더(Builder)	FALSE	브리지(Bridge)	FALSE	frontend	typescript	pattern	error
Q146	타입 안전한 캐시 키 패턴(Typed Cache Key)		언어 중심 - TypeScript	97	CHOICE	MEDIUM	캐시 키를 문자열로 아무렇게나 만들면 충돌이 나기 쉬운데, 이를 줄이는 타입 설계로 가장 적절한 것은 무엇인가?	캐시 키는 충돌과 불일치가 생기면 버그가 은근히 쌓입니다. 템플릿 리터럴 타입으로 키 규칙을 강제하거나, 키 생성 함수를 한곳에 두고 반환 타입을 브랜드 타입으로 만드는 패턴이 효과적입니다. 면접에서는 캐시 키가 왜 중요한지와, 키 생성 규칙을 중앙화하는 이유를 말할 수 있어야 합니다. 실무에서는 키 생성기와 무효화 규칙을 같이 묶어 운영하면 안정성이 올라갑니다. 또한 키에 포함되는 파라미터의 직렬화 순서를 통일해야 합니다.		키 생성기를 중앙화하고 키 타입을 템플릿 또는 브랜드로 강제한다	TRUE	캐시 키를 그냥 JSON.stringify로 만든다	FALSE	캐시는 any라서 키 안전성은 의미 없다	FALSE	키를 항상 number로만 만든다	FALSE	frontend	typescript	pattern	cache
Q147	공변 반공변(Variance)		언어 중심 - TypeScript	97	CHOICE	MEDIUM	함수 타입에서 파라미터 위치와 반환 위치가 서로 다른 변성 규칙의 영향을 받는 개념을 무엇이라고 하나?	변성은 타입 대입 가능성이 방향성을 갖는 규칙을 말합니다. 함수 반환은 보통 공변이고, 파라미터는 반공변 성격이 있어 헷갈리기 쉽습니다. TypeScript는 구조적 타입 시스템과 bivariance 같은 특수 규칙도 있어 실제 동작이 미묘할 수 있습니다. 면접에서는 콜백 파라미터 타입이 왜 더 넓거나 더 좁게 허용되는지 사례를 들며 묻는 경우가 있습니다. 실무에서는 이벤트 핸들러 타입 설계에서 문제가 터지기 쉬워, 적절한 제네릭 제약과 타입 별칭으로 통제하는 것이 중요합니다.		변성(Variance)	TRUE	트리 쉐이킹(Tree Shaking)	FALSE	선언 병합(Declaration Merging)	FALSE	모노레포(Monorepo)	FALSE	frontend	typescript	pattern	types
Q148	bivariance 해킹(Bivariance Hack)		언어 중심 - TypeScript	97	CHOICE	MEDIUM	이벤트 콜백 타입에서 지나치게 엄격한 반공변 규칙을 완화하기 위해 종종 쓰는 패턴을 무엇이라고 하나?	TypeScript에서는 특정 콜백 타입을 더 유연하게 만들기 위해 bivariance hack 패턴이 쓰입니다. 특히 React의 이벤트 핸들러 타입 정의에서 유사한 기법이 등장합니다. 면접에서는 이 패턴이 안전성을 일부 포기하고 DX를 얻는 트레이드오프라는 점을 설명하는 것이 중요합니다. 실무에서는 라이브러리 타입 정의에서만 제한적으로 쓰고, 애플리케이션 코드에서는 오히려 버그를 숨길 수 있어 주의해야 합니다. 또한 가능한 경우 명확한 제네릭 제약으로 해결하는 것이 우선입니다.		bivariance hack	TRUE	exhaustive check	FALSE	const assertion	FALSE	tree shaking	FALSE	frontend	typescript	pattern	types
Q149	API 오버로드 vs 조건부 타입 선택(Design Choice)		언어 중심 - TypeScript	97	CHOICE	MEDIUM	입력에 따라 반환 타입이 달라지는 API에서 오버로드와 조건부 타입 중 더 읽기 쉬운 선택을 하는 기준으로 가장 적절한 것은 무엇인가?	오버로드는 호출 시나리오가 몇 가지로 명확할 때 읽기 쉽습니다. 조건부 타입은 제네릭 기반으로 규칙이 일반화될 때 강력합니다. 면접에서는 무조건 하나가 정답이 아니라 설계 의도를 말하는지를 봅니다. 실무에서는 사용자가 API를 어떻게 소비하는지, 자동완성이 얼마나 직관적인지, 유지보수 비용이 어떤지로 선택합니다. 또한 오버로드가 많아지면 타입 선언이 길어져 오히려 조건부 타입이 낫기도 합니다.		호출 케이스가 명확하면 오버로드, 일반화 규칙이면 조건부 타입이 유리하다	TRUE	항상 조건부 타입만이 정답이다	FALSE	항상 오버로드만이 정답이다	FALSE	둘 다 any로 처리하면 된다	FALSE	frontend	typescript	pattern	api
Q150	유틸 타입 조합 순서(Utility Composition Order)		언어 중심 - TypeScript	97	CHOICE	MEDIUM	Partial과 Required 같은 유틸 타입을 조합할 때 결과가 달라질 수 있는 이유로 가장 적절한 것은 무엇인가?	유틸 타입은 타입을 변형하는 연산이라 적용 순서에 따라 결과가 달라질 수 있습니다. 예를 들어 Partial 후 Required를 하면 전체 필수로 되지만, 중간에 Pick Omit이 들어가면 범위가 바뀝니다. 면접에서는 타입 변환이 함수 합성처럼 순서 의존적이라는 점을 설명하면 좋습니다. 실무에서는 복잡한 조합을 한 줄로 쓰기보다 중간 타입 별칭을 만들어 단계별로 확인하는 습관이 안정적입니다. 또한 기대 결과를 타입 테스트로 검증하면 리팩토링 안전성이 올라갑니다.		타입 변환 연산이라 적용 순서에 따라 결과가 달라지기 때문이다	TRUE	유틸 타입은 순서와 무관하게 항상 동일하다	FALSE	유틸 타입은 런타임에서만 동작한다	FALSE	유틸 타입은 enum에만 적용된다	FALSE	frontend	typescript	pattern	types
Q151	Narrowing with in 연산자(in operator)		언어 중심 - TypeScript	97	CHOICE	MEDIUM	객체 유니온에서 특정 프로퍼티 존재 여부로 타입을 좁히는 가장 적절한 방법은 무엇인가?	in 연산자는 객체에 특정 키가 존재하는지 검사해 타입 가드를 제공한다. 판별 유니온이 아닌 경우에도 유용하게 좁히기를 만들 수 있다. 면접에서는 in 연산자와 instanceof의 차이를 구분해 설명할 수 있어야 한다. 실무에서는 선택적 필드가 있는 API 응답에서 형태 기반 분기를 만들 때 자주 쓴다. 다만 프로퍼티가 런타임에 동적으로 추가될 수 있는 구조에서는 신뢰도가 떨어질 수 있어 스키마 검증과 함께 쓰기도 한다.		in 연산자로 프로퍼티 존재를 검사한다	TRUE	as any로 캐스팅한다	FALSE	switch default를 비워둔다	FALSE	typeof로 객체를 검사한다	FALSE	frontend	typescript	pattern	typeguard
Q152	Assertion vs Narrowing(캐스팅 남용 방지)		언어 중심 - TypeScript	97	CHOICE	MEDIUM	as 캐스팅을 남용하는 것보다 타입 가드나 스키마 검증을 선호하는 이유로 가장 적절한 것은 무엇인가?	as는 컴파일러에게 믿으라고 강제하는 것이지 실제 런타임 안정성을 주지 않는다. 반면 타입 가드나 스키마 검증은 런타임 조건을 확인해 안전한 타입 좁히기를 제공한다. 면접에서는 캐스팅이 버그를 숨기는 방식이 될 수 있다는 점을 강조하면 좋다. 실무에서는 외부 입력, 네트워크 응답, 로컬스토리지 값 같은 신뢰할 수 없는 데이터에서 특히 검증이 중요하다. 캐스팅이 필요한 경우에도 경계에서 한 번만 쓰고 내부로는 안전한 타입을 흘려보내는 구조가 좋다.		캐스팅은 검증이 아니어서 런타임 오류를 막지 못하기 때문이다	TRUE	캐스팅은 빌드 속도를 느리게 하기 때문이다	FALSE	캐스팅은 JS에서만 가능하기 때문이다	FALSE	캐스팅은 enum에만 쓰이기 때문이다	FALSE	frontend	typescript	pattern	safety
Q153	타입 안전한 로거 래퍼(Logger Wrapper Typing)		언어 중심 - TypeScript	97	CHOICE	MEDIUM	기존 함수의 시그니처를 유지하면서 로깅을 추가하는 래퍼를 타입 안전하게 만들 때 가장 적절한 도구 조합은 무엇인가?	래퍼 함수는 원본의 파라미터와 반환 타입을 그대로 유지해야 사용성이 좋다. Parameters와 ReturnType을 사용하면 원본 함수 타입에서 이를 추출해 래퍼에 적용할 수 있다. 면접에서는 왜 any로 래퍼를 만들면 추론이 깨지는지 설명할 수 있어야 한다. 실무에서는 캐싱, 권한 체크, 트레이싱 같은 횡단 관심사를 붙일 때 동일 패턴을 재사용할 수 있다. 다만 this가 있는 함수는 ThisParameterType까지 고려해야 완전하다.		Parameters와 ReturnType 조합	TRUE	keyof typeof 조합	FALSE	Declaration Merging	FALSE	Tree Shaking	FALSE	frontend	typescript	pattern	hof
Q154	도메인 이벤트 타입 패턴(Domain Event Typing)		언어 중심 - TypeScript	97	CHOICE	MEDIUM	도메인 이벤트를 타입 안전하게 모델링할 때 가장 흔한 설계는 무엇인가?	도메인 이벤트는 이벤트 이름과 페이로드를 함께 모델링해야 한다. 판별 유니온으로 type 필드를 두고, 이벤트별 payload 타입을 다르게 가지게 하는 설계가 흔하다. 면접에서는 이벤트 기반 설계에서 타입 모델이 왜 중요한지, 그리고 이벤트 버전 변경을 어떻게 다루는지 질문이 나올 수 있다. 실무에서는 이벤트 스키마를 버전 필드로 관리하고, 소비자 쪽에서 backward compatibility를 고려한다. 또한 이벤트 발행 위치와 트랜잭션 경계를 함께 설계해야 안정적이다.		type 필드를 가진 판별 유니온으로 이벤트를 모델링한다	TRUE	이벤트를 string 하나로만 표현한다	FALSE	any로 payload를 받는다	FALSE	enum만 있으면 payload는 필요 없다	FALSE	frontend	typescript	pattern	event
Q155	상태와 액션 모델링(State Action Modeling)		언어 중심 - TypeScript	97	CHOICE	MEDIUM	리듀서 패턴에서 액션 타입을 안전하게 만들기 위한 가장 일반적인 방법은 무엇인가?	리듀서에서 액션을 문자열로만 두면 오타와 누락이 잦다. 그래서 action type을 판별 유니온으로 만들고, 각 액션별 payload 타입을 구분해 두는 패턴이 흔하다. 면접에서는 switch에서 액션 케이스 누락을 exhaustive 체크로 막는 방식도 연결될 수 있다. 실무에서는 액션 생성 함수를 만들어 payload 형태를 표준화하고, 불변 업데이트를 헬퍼로 분리해 가독성을 높인다. 또한 액션 타입이 너무 커지면 도메인별로 슬라이스 분리가 필요하다.		액션을 판별 유니온으로 모델링한다	TRUE	액션을 any로 둔다	FALSE	액션을 전부 string으로만 처리한다	FALSE	액션을 런타임에서만 검사한다	FALSE	frontend	typescript	pattern	reducer
Q156	타입 기반 권한 맵(Authorization Map Typing)		언어 중심 - TypeScript	97	CHOICE	MEDIUM	권한 키 오타를 막고 역할별 허용 권한을 타입으로 검증하려면 어떤 방식이 가장 적절한가?	권한 시스템은 오타 하나가 보안 이슈로 이어질 수 있다. 권한 키를 상수로 만들고 as const로 고정한 뒤, 역할별 권한을 Record 형태로 정의하면 누락과 오타를 컴파일 단계에서 잡을 수 있다. 면접에서는 타입으로 보안 실수를 줄이는 접근을 설명할 수 있으면 좋다. 실무에서는 런타임에서도 권한 검증이 필요하므로 타입은 보조 수단이며, 정책 저장소와 로깅을 함께 갖춰야 한다. 또한 권한 변경 시 영향 범위를 쉽게 추적할 수 있어 운영성이 좋아진다.		권한 키 상수와 Record 기반 맵을 타입으로 강제한다	TRUE	권한 키를 string으로 자유롭게 입력한다	FALSE	any로 권한을 처리한다	FALSE	권한은 프론트에서만 검사한다	FALSE	frontend	typescript	pattern	security
Q157	타입 안전한 i18n 키(i18n Key Typing)		언어 중심 - TypeScript	97	CHOICE	MEDIUM	번역 키 오타를 컴파일 단계에서 잡기 위해 흔히 사용하는 타입 설계는 무엇인가?	i18n 키는 문자열이라 오타가 많고 발견이 늦다. JSON 번역 리소스를 타입으로 가져오거나, 키 경로를 템플릿 리터럴 타입으로 모델링해 안전하게 만드는 패턴이 있다. 면접에서는 이런 패턴이 DX를 어떻게 올리는지 사례로 설명하면 좋다. 실무에서는 번역 리소스가 커지면 타입 생성 자동화가 필요할 수 있다. 또한 런타임에서 누락 키를 감지하는 로깅도 함께 두면 운영이 좋아진다.		번역 리소스 기반으로 키 유니온 또는 템플릿 리터럴 키를 만든다	TRUE	모든 번역 키를 any로 처리한다	FALSE	번역 키는 런타임에만 확인한다	FALSE	enum만 만들면 번역 파일과 자동으로 동기화된다	FALSE	frontend	typescript	pattern	i18n
Q158	Narrowing with instanceof(클래스 기반)		언어 중심 - TypeScript	97	CHOICE	MEDIUM	클래스 인스턴스 유니온에서 런타임 분기를 만들고 타입을 좁히는 가장 적절한 방법은 무엇인가?	instanceof는 프로토타입 체인을 기준으로 인스턴스를 판별한다. 클래스 기반 모델링에서 유니온 타입을 분기할 때 유용하다. 면접에서는 interface에는 instanceof가 통하지 않는 이유를 말할 수 있어야 한다. 실무에서는 도메인을 클래스로 설계할 때만 쓸 수 있고, 순수 객체 리터럴에는 판별 유니온이 더 적합하다. 또한 번들 경계에서 클래스가 중복 로딩되면 instanceof가 깨질 수 있어 주의해야 한다.		instanceof로 분기한다	TRUE	typeof로 객체를 분기한다	FALSE	as any로 캐스팅한다	FALSE	enum으로만 분기한다	FALSE	frontend	typescript	pattern	typeguard
Q159	구조적 타이핑 함정(Structural Typing Pitfall)		언어 중심 - TypeScript	97	CHOICE	MEDIUM	TypeScript에서 서로 다른 의미의 두 타입이 같은 구조를 가지면 서로 대입 가능해지는 특성을 무엇이라고 설명하는 것이 가장 적절한가?	TypeScript는 명목적 타입이 아니라 구조적 타입 시스템을 기본으로 한다. 그래서 같은 구조면 의미가 달라도 대입이 가능해지는 함정이 생길 수 있다. 면접에서는 이 특성이 유연성을 주지만, 의미 구분이 필요한 경우 브랜드 타입 같은 기법이 필요하다는 점을 말하면 좋다. 실무에서는 ID 혼용, 단위 혼용(미터 vs 피트), 금액 통화 혼용 같은 버그로 이어질 수 있다. 이런 영역은 타입으로 의미를 강제하는 설계를 고려해야 한다.		구조적 타이핑(Structural Typing) 특성 때문이다	TRUE	트리 쉐이킹 때문이다	FALSE	모듈 확장 때문이다	FALSE	선언 병합 때문이다	FALSE	frontend	typescript	pattern	typing
Q160	타입 상태 추적(State Tracking with Generics)		언어 중심 - TypeScript	97	CHOICE	MEDIUM	빌더나 워크플로우에서 단계별로 가능한 메서드를 제한하기 위해 쓰는 패턴으로 가장 적절한 것은 무엇인가?	단계별로 가능한 동작을 제한하면 잘못된 순서 호출을 컴파일 단계에서 막을 수 있다. 이를 위해 제네릭 파라미터로 현재 상태를 표현하고, 메서드 호출이 다음 상태 타입을 반환하도록 설계한다. 면접에서는 상태 머신과 비교해 타입 레벨로 상태를 추적하는 방식임을 설명하면 좋다. 실무에서는 타입이 복잡해질 수 있어 핵심 흐름에만 적용하고, 지나친 추상화는 피하는 것이 좋다. 또한 런타임 검증도 함께 고려해 방어적으로 설계해야 한다.		제네릭으로 상태를 추적하는 패턴	TRUE	모든 메서드를 optional로 둔다	FALSE	any로 만들어 유연하게 한다	FALSE	런타임 문서로만 순서를 안내한다	FALSE	frontend	typescript	pattern	generics
Q161	Partial Record 패턴(Partial Record)		언어 중심 - TypeScript	97	CHOICE	MEDIUM	특정 키 집합에 대해 값이 있을 수도 없을 수도 있는 맵을 타입으로 표현할 때 가장 적절한 것은 무엇인가?	Record는 모든 키가 반드시 존재해야 해서 부분 맵 표현에는 불편할 수 있다. 이럴 때 Partial과 Record를 조합해 선택적 키 맵을 만들거나, 키 자체를 optional로 만드는 형태로 모델링한다. 면접에서는 Record와 Map의 차이, 그리고 Partial Record가 언제 유용한지 질문이 나올 수 있다. 실무에서는 기능 플래그, 권한 설정, 폼 에러 맵처럼 일부 키만 채워지는 구조에 많이 쓰인다. 다만 누락이 가능하므로 조회 시 undefined 처리를 표준화해야 한다. 필요하면 기본값 병합 전략도 함께 둬야 한다.		Partial Record 조합	TRUE	Required Record 조합	FALSE	enum만 사용	FALSE	any 맵 사용	FALSE	frontend	typescript	pattern	types
Q162	Safe Dictionary 패턴(Unknown Dictionary)		언어 중심 - TypeScript	97	CHOICE	MEDIUM	외부에서 들어온 임의 키 객체를 안전하게 다루기 위해 자주 쓰는 기본 타입 선언으로 가장 적절한 것은 무엇인가?	외부 입력은 키와 값이 예측되지 않을 수 있어 안전한 기본 타입이 필요하다. Record<string, unknown>은 값 사용 전에 검증을 강제하므로 any보다 안전하다. 면접에서는 unknown을 쓰는 이유와, 이후 어떻게 좁힐지 연결 질문이 나온다. 실무에서는 JSON 파싱 결과를 일단 Record<string, unknown>으로 받고 스키마 검증으로 내부 타입으로 변환하는 흐름이 안정적이다. 또한 Object.prototype 키 충돌을 피하려면 hasOwnProperty 체크 같은 방어 코드도 고려한다. 타입만으로 런타임 위험이 없어지는 것은 아니라는 점이 중요하다.		Record string unknown	TRUE	Record string any	FALSE	any	FALSE	never	FALSE	frontend	typescript	pattern	safety
Q163	Exact 타입 흉내 패턴(Exact Type Emulation)		언어 중심 - TypeScript	97	CHOICE	MEDIUM	객체에 불필요한 추가 프로퍼티가 들어오는 것을 더 엄격히 막고 싶을 때 사용하는 타입 설계 방향으로 가장 적절한 것은 무엇인가?	TypeScript는 기본적으로 구조적 타이핑이라 추가 프로퍼티 허용이 생길 수 있다. 특히 변수로 한번 담기면 초과 프로퍼티 검사가 약해지는 경우가 있어 실수로 필드가 더 들어올 수 있다. 이를 줄이기 위해 제네릭과 조건부 타입으로 Exact를 흉내 내거나, 입력 지점에서 satisfies로 계약을 검증하는 패턴이 쓰인다. 면접에서는 초과 프로퍼티 검사 동작 조건을 설명할 수 있어야 한다. 실무에서는 DTO 입력처럼 계약이 중요한 곳에서만 엄격함을 적용하고, 전체 코드에 강제하면 DX가 떨어질 수 있어 범위를 정하는 것이 좋다.		Exact 타입을 제네릭 조건부 타입이나 satisfies로 흉내 낸다	TRUE	모든 객체를 any로 바꾼다	FALSE	enum으로 프로퍼티를 강제한다	FALSE	런타임에서만 검사한다	FALSE	frontend	typescript	pattern	typing
Q164	Overloads와 구현 시그니처 분리(Implementation Signature Rule)		언어 중심 - TypeScript	97	CHOICE	MEDIUM	함수 오버로드를 선언할 때 구현 함수 시그니처를 어떻게 잡는 것이 가장 올바른가?	오버로드는 여러 선언 시그니처로 외부에 계약을 제공하고, 실제 구현은 그 모든 케이스를 처리할 수 있는 가장 넓은 시그니처로 작성한다. 구현 시그니처는 외부에 노출되지 않으며, 내부에서는 타입 좁히기로 분기 처리한다. 면접에서는 왜 구현 시그니처를 특정 오버로드처럼 좁게 잡으면 오류가 나는지 설명하라고 물을 수 있다. 실무에서는 오버로드가 많아질수록 구현이 복잡해져 유지보수 비용이 늘 수 있으니 과도한 오버로드는 피하는 편이 좋다. 또한 문서화와 테스트를 같이 갖추는 것이 안전하다.		구현은 모든 오버로드를 포괄하는 넓은 시그니처로 작성한다	TRUE	구현 시그니처도 오버로드 중 하나를 그대로 복사한다	FALSE	구현 시그니처는 any로만 둔다	FALSE	구현은 선언 없이도 자동 추론된다	FALSE	frontend	typescript	pattern	api
Q165	Generic Inference from Arguments(인자 기반 추론)		언어 중심 - TypeScript	97	CHOICE	MEDIUM	제네릭을 호출할 때 타입 인자를 생략해도 인자에서 타입이 추론되는 동작을 무엇이라고 설명하는 것이 가장 적절한가?	TypeScript는 함수 호출 시 실제 인자 타입을 기반으로 제네릭 타입 파라미터를 추론한다. 이 기능 덕분에 사용자 경험이 좋아지고 타입 인자를 매번 적지 않아도 된다. 면접에서는 추론이 실패하는 상황과, 이때 제네릭 기본값이나 명시적 타입 인자를 어떻게 쓰는지 질문이 나올 수 있다. 실무에서는 API 설계 시 추론이 잘 되게 파라미터 위치를 조정하거나, 옵션 객체로 추론을 돕는 패턴을 자주 쓴다. 또한 너무 복잡한 제네릭은 추론이 깨져 사용성이 나빠질 수 있어 단순화가 중요하다.		제네릭 타입 추론(Generic Type Inference)	TRUE	타입 소거(Type Erasure)	FALSE	선언 병합(Declaration Merging)	FALSE	트리 쉐이킹(Tree Shaking)	FALSE	frontend	typescript	pattern	generics
Q166	Generic Parameter Positioning(추론 우선 위치)		언어 중심 - TypeScript	97	CHOICE	MEDIUM	제네릭 추론이 잘 되도록 API를 설계할 때 흔히 하는 방식으로 가장 적절한 것은 무엇인가?	제네릭 추론은 인자 위치에서 많이 일어난다. 그래서 T를 반환 타입에만 두면 추론이 어려워지고 호출자가 타입 인자를 적어야 하는 경우가 많다. 추론을 돕기 위해 제네릭 타입이 파라미터에 나타나도록 설계하거나, 콜백 파라미터를 통해 추론 포인트를 제공하는 패턴이 쓰인다. 면접에서는 왜 반환 타입만으로는 추론이 제한적인지 물을 수 있다. 실무에서는 사용성 중심으로 API 서명을 다듬는 것이 라이브러리 품질을 좌우한다. 다만 너무 억지로 추론을 맞추면 오히려 타입이 복잡해질 수 있다.		제네릭 타입이 함수 인자 쪽에 나타나게 설계한다	TRUE	제네릭 타입을 반환 타입에만 둔다	FALSE	any로 추론 문제를 없앤다	FALSE	enum으로 제네릭을 대체한다	FALSE	frontend	typescript	pattern	generics
Q167	ReadonlyArray와 불변 컬렉션(Readonly Collections)		언어 중심 - TypeScript	97	CHOICE	MEDIUM	함수가 배열을 변경하지 않을 것을 계약으로 보장하려면 어떤 타입을 인자로 받는 것이 가장 적절한가?	배열을 인자로 받을 때 T[]로 받으면 호출자가 넘긴 배열을 함수 내부에서 변경할 수 있다. 이를 막으려면 ReadonlyArray 또는 readonly T[]를 사용해 변이 메서드를 금지할 수 있다. 면접에서는 불변 계약을 타입으로 표현하는 이유와 장점을 설명할 수 있어야 한다. 실무에서는 유틸 함수나 selector 같은 순수 함수에 readonly 배열을 쓰면 사이드 이펙트 버그를 줄인다. 다만 런타임에서 배열이 실제로 freeze되는 것은 아니므로 규칙을 지키는 코드 문화도 중요하다. 성능과 가독성 사이 균형을 맞추는 것도 포인트다.		ReadonlyArray 또는 readonly 배열 타입	TRUE	any 배열 타입	FALSE	unknown 배열 타입	FALSE	never 배열 타입	FALSE	frontend	typescript	pattern	immutability
Q168	Narrowing with discriminant(구분자 설계)		언어 중심 - TypeScript	97	CHOICE	MEDIUM	판별 유니온에서 구분자 필드를 설계할 때 가장 권장되는 방식은 무엇인가?	판별 유니온의 핵심은 구분자 필드가 리터럴 타입으로 고정되어야 한다는 점이다. type, kind 같은 필드를 문자열 리터럴로 두면 switch나 if에서 안전하게 좁힐 수 있다. 면접에서는 왜 boolean 하나로도 가능하지만 가독성과 확장성 측면에서 type 필드가 많이 쓰이는지 물을 수 있다. 실무에서는 구분자 이름과 값 규칙을 표준화하고, 이벤트나 액션 타입에도 동일 패턴을 적용하면 일관성이 높아진다. 또한 구분자 필드는 안정적인 API 계약으로 유지해야 한다. 새 케이스 추가 시 exhaustive 체크와 함께 쓰면 안전성이 더 올라간다.		type kind 같은 구분자를 문자열 리터럴로 고정한다	TRUE	구분자를 number로만 둔다	FALSE	구분자를 optional로 둔다	FALSE	구분자를 any로 둔다	FALSE	frontend	typescript	pattern	union
Q169	Narrowing with equality(=== Narrowing)		언어 중심 - TypeScript	97	CHOICE	MEDIUM	유니온 타입에서 특정 리터럴 값과 === 비교로 타입이 좁혀지는 동작을 무엇으로 설명하는 것이 가장 적절한가?	TypeScript는 값 비교를 기반으로 타입을 좁히는 제어 흐름 분석을 수행한다. 예를 들어 status === "ok" 같은 비교를 하면 해당 블록에서 status가 리터럴 타입으로 좁혀진다. 면접에서는 왜 == 대신 ===를 쓰는지, 그리고 null 체크에서 == null 패턴이 갖는 의미도 물을 수 있다. 실무에서는 비교 기반 좁히기는 간단하지만, 조건이 복잡해지면 사용자 정의 타입 가드로 분리해 가독성을 높이는 것이 좋다. 또한 좁히기 후에는 const로 담아 누수를 줄이는 습관이 유용하다. 런타임 값이 변할 수 있는 객체의 필드는 좁히기가 보수적으로 동작할 수 있다는 점도 알아야 한다.		제어 흐름 분석 기반의 좁히기	TRUE	선언 병합	FALSE	타입 소거	FALSE	트리 쉐이킹	FALSE	frontend	typescript	pattern	typing
Q170	Index Signature vs Record 선택		언어 중심 - TypeScript	97	CHOICE	MEDIUM	키가 제한된 맵에는 Record가, 키가 임의일 수 있으면 인덱스 시그니처가 유리하다는 선택 기준으로 가장 적절한 것은 무엇인가?	Record는 특정 키 유니온에 대해 값 타입을 강제하는 데 적합하다. 반면 인덱스 시그니처는 임의의 문자열 키를 허용하는 구조에 맞다. 면접에서는 두 방식의 차이와, 키가 제한될 때 Record가 더 엄격한 검증을 제공한다는 점을 설명할 수 있어야 한다. 실무에서는 설정 맵이나 권한 맵처럼 키 집합이 정해져 있으면 Record를 쓰고, 외부 입력 dictionary는 Record<string, unknown> 같은 형태로 받는 편이 안전하다. 인덱스 시그니처는 모든 키를 허용하므로 오타를 잡지 못할 수 있다. 또한 일부 키만 허용하려면 keyof typeof와 Record를 결합하는 패턴이 유리하다.		키 집합이 정해지면 Record, 임의 키면 인덱스 시그니처	TRUE	항상 인덱스 시그니처만 사용	FALSE	항상 Record만 사용	FALSE	둘 다 any로 처리	FALSE	frontend	typescript	pattern	types
Q171	function overload narrowing(오버로드 좁히기)		언어 중심 - TypeScript	97	CHOICE	MEDIUM	오버로드 함수 구현에서 인자 타입을 좁히는 가장 일반적인 방법은 무엇인가?	오버로드 구현은 보통 유니온 타입 시그니처로 받고, 런타임에서 typeof, in, instanceof, 판별 필드 등을 사용해 분기한다. 이 분기 과정에서 제어 흐름 분석으로 타입이 좁혀진다. 면접에서는 오버로드 시그니처는 선언부에만 있고 구현부에서는 직접 좁혀야 한다는 점을 확인한다. 실무에서는 분기 조건을 사용자 정의 타입 가드로 분리하면 가독성과 재사용성이 좋아진다. 또한 분기 로직이 복잡해지면 오버로드가 과한 신호일 수 있어 API 설계를 다시 보는 것이 좋다. 예외 케이스를 default에서 무시하지 말고 exhaustive하게 처리하는 습관이 중요하다.		typeof in instanceof 또는 판별 필드로 분기한다	TRUE	구현에서 any로 캐스팅한다	FALSE	구현을 오버로드마다 따로 만든다	FALSE	switch default에서 다 처리한다	FALSE	frontend	typescript	pattern	api
Q172	Branded Primitive와 직렬화(Serialization Pitfall)		언어 중심 - TypeScript	97	CHOICE	MEDIUM	브랜드 타입 UserId를 JSON으로 저장했다가 읽어올 때 가장 흔한 문제와 대응으로 적절한 것은 무엇인가?	브랜드 타입은 타입 레벨 표식이라 런타임 직렬화 시 사라진다. 따라서 JSON에서 읽어온 값은 단순 string이므로 그대로 UserId로 쓰면 unsafe해진다. 이를 해결하려면 parse 단계에서 검증하고, 생성 함수를 통해 브랜드 타입으로 다시 만들어야 한다. 면접에서는 타입과 런타임의 분리를 명확히 이해하는지를 본다. 실무에서는 로컬스토리지나 쿠키, API 응답처럼 경계를 넘는 데이터는 항상 재검증한다. 검증 없이 as로 덮으면 잘못된 ID가 시스템 내부로 들어와 디버깅이 어려워질 수 있다. 또한 마이그레이션을 고려해 버전 필드를 함께 저장하는 것도 도움이 된다.		직렬화 시 브랜드가 사라져 재검증 후 재생성해야 한다	TRUE	브랜드 타입은 JSON에서도 자동 유지된다	FALSE	브랜드 타입은 런타임에서 자동으로 암호화된다	FALSE	enum으로 바꾸면 해결된다	FALSE	frontend	typescript	pattern	safety
Q173	Exhaustive 체크의 효과(Refactor Safety)		언어 중심 - TypeScript	97	CHOICE	MEDIUM	판별 유니온에 새 케이스가 추가됐을 때 exhaustive 체크가 제공하는 가장 큰 이점은 무엇인가?	exhaustive 체크는 누락된 분기 처리를 컴파일 에러로 드러내 리팩토링 안정성을 높입니다. 새 케이스를 추가해도 기존 switch가 조용히 default로 흘러가 버리면 런타임 버그로 이어질 수 있습니다. 면접에서는 컴파일 타임 안전장치를 왜 만드는지, 그리고 팀 규모가 커질수록 왜 더 중요한지 설명할 수 있어야 합니다. 실무에서는 이벤트, 액션, 상태 머신 같은 유니온에 특히 효과적입니다. 또한 테스트가 놓치기 쉬운 케이스 누락을 미리 잡아줍니다. 다만 never 체크 코드가 반복될 수 있어 공용 assertNever 유틸로 정리하기도 합니다.		새 케이스 누락을 컴파일 에러로 드러내준다	TRUE	런타임 성능을 크게 올려준다	FALSE	번들 크기를 자동으로 줄여준다	FALSE	API 호출 횟수를 줄여준다	FALSE	frontend	typescript	pattern	union
Q174	타입 안전한 Query Params(Query Param Typing)		언어 중심 - TypeScript	97	CHOICE	MEDIUM	URL 쿼리 파라미터는 기본적으로 string인데, 타입 안전성을 높이기 위한 가장 적절한 패턴은 무엇인가?	쿼리 파라미터는 문자열로 전달되기 때문에 숫자나 boolean을 기대하면 파싱이 필요합니다. TypeScript 타입만으로는 런타임 파싱이 생략되지 않으므로, parse 단계에서 검증하고 내부에서는 안전한 타입을 쓰는 패턴이 중요합니다. 면접에서는 프론트에서 쿼리 파라미터를 왜 검증해야 하는지와, 잘못된 입력이 들어올 수 있는 경로를 설명하는 질문이 나올 수 있습니다. 실무에서는 스키마 기반 파서나 유효성 검증 유틸을 두고, 파싱 실패 시 기본값 정책을 명확히 합니다. 또한 stringify 규칙과 parse 규칙을 쌍으로 관리해 일관성을 유지해야 합니다. 경계에서만 변환하고 내부 로직은 깨끗한 타입을 유지하는 것이 핵심입니다.		경계에서 파싱 검증 후 내부에 안전한 타입으로 전달한다	TRUE	타입만 선언하면 런타임도 자동 변환된다	FALSE	any로 받고 바로 사용한다	FALSE	enum으로만 처리하면 된다	FALSE	frontend	typescript	pattern	validation
Q175	Narrowing with switch(true) 안티패턴		언어 중심 - TypeScript	97	CHOICE	MEDIUM	switch true 패턴이 타입 좁히기 관점에서 비추천되는 이유로 가장 적절한 것은 무엇인가?	switch true는 여러 조건을 switch로 나열하는 트릭이지만, TypeScript의 판별 유니온 좁히기와 잘 맞지 않습니다. 분기 조건이 복잡해져 타입 좁히기 품질이 떨어지고, 누락 케이스를 exhaustive하게 관리하기도 어렵습니다. 면접에서는 코드 가독성과 타입 안전성 관점에서 안티패턴을 구분할 수 있는지를 봅니다. 실무에서는 명시적 if 분기나, 판별 필드를 기준으로 switch를 쓰는 것이 유지보수에 좋습니다. 또한 조건을 타입 가드 함수로 뽑으면 테스트와 재사용성이 좋아집니다. switch true를 쓰면 리팩토링 시 실수로 조건 순서가 바뀌어 버그가 생기기 쉽습니다.		판별 유니온 좁히기와 맞지 않고 유지보수가 어렵다	TRUE	런타임에서만 동작하기 때문이다	FALSE	enum에서만 가능하기 때문이다	FALSE	트리 쉐이킹이 깨지기 때문이다	FALSE	frontend	typescript	pattern	antipattern
Q176	타입 안전한 Event Bus 모듈 분리		언어 중심 - TypeScript	97	CHOICE	MEDIUM	이벤트 맵이 커져 한 파일에 두기 어려울 때 가장 적절한 확장 방식은 무엇인가?	이벤트 맵이 커지면 모듈별로 이벤트를 분리하고, 최종적으로는 교차 합성하거나 인터섹션으로 병합하는 패턴이 쓰입니다. TypeScript에서는 선언 병합이나 type 교차로 이벤트 맵을 확장하는 설계도 가능합니다. 면접에서는 확장성 있는 타입 설계를 어떻게 할지 질문이 나올 수 있습니다. 실무에서는 도메인별 이벤트 맵을 만들고, 공용 버스에서는 그 합집합을 사용합니다. 다만 전역 이벤트 맵이 너무 커지면 결합도가 올라갈 수 있어, 도메인별 버스를 분리하는 것도 고려해야 합니다. 또한 이벤트 이름 규칙과 버전 관리 정책을 함께 둬야 합니다. 확장 패턴을 쓰더라도 문서화가 필수입니다.		도메인별 이벤트 맵을 분리하고 합성해 사용한다	TRUE	모든 이벤트를 any로 바꾼다	FALSE	이벤트를 숫자 ID로만 바꾼다	FALSE	런타임에서만 이벤트를 정의한다	FALSE	frontend	typescript	pattern	event
Q177	Generic Repository Typing(레포지토리 제네릭)		언어 중심 - TypeScript	97	CHOICE	MEDIUM	레포지토리를 제네릭으로 만들어 Entity마다 공통 CRUD를 타입 안전하게 제공하려면 가장 적절한 설계는 무엇인가?	제네릭 레포지토리는 Entity 타입과 ID 타입을 파라미터로 받아 공통 메서드 시그니처를 제공하는 패턴입니다. findById가 Entity 또는 null을 반환하는 식으로 정확한 타입을 제공할 수 있습니다. 면접에서는 제네릭 제약과 ID 브랜드 타입을 함께 쓰는 사례로 확장 질문이 나올 수 있습니다. 실무에서는 공통 CRUD로 해결되지 않는 쿼리는 별도 메서드로 분리해 지나친 추상화를 피합니다. 또한 레포지토리와 서비스 레이어 책임 분리가 되어야 유지보수가 쉽습니다. 타입 안전성을 위해 반환 타입에서 null/undefined 정책을 명확히 정하는 것도 중요합니다. 도메인 규칙을 레포지토리에 넣지 않도록 주의해야 합니다.		Entity와 Id를 제네릭으로 받는 레포지토리 인터페이스	TRUE	레포지토리를 any로 만든다	FALSE	레포지토리를 클래스마다 복사한다	FALSE	레포지토리를 enum으로 표현한다	FALSE	frontend	typescript	pattern	repository
Q178	Optional Property와 exactOptionalPropertyTypes		언어 중심 - TypeScript	97	CHOICE	MEDIUM	선택 속성 a의 의미가 undefined 포함과 혼동될 수 있는데, 이 혼동을 줄이는 설정 개념과 관련 설명으로 가장 적절한 것은 무엇인가?	선택 속성은 존재하지 않음과 값이 undefined인 상황이 섞여 혼동되기 쉽습니다. TypeScript에는 exactOptionalPropertyTypes 같은 설정이 있어 선택 속성의 의미를 더 엄격히 다루도록 돕습니다. 면접에서는 optional과 union with undefined 차이를 설명하라는 질문이 자주 나옵니다. 실무에서는 API 계약에서 필드가 아예 없을 수 있는지, 아니면 undefined로 올 수 있는지 구분하는 것이 중요합니다. 이 설정을 켜면 타입 오류가 늘 수 있지만 계약이 명확해져 장기적으로 버그가 줄 수 있습니다. 또한 직렬화 시 undefined가 사라지는 문제도 함께 고려해야 합니다. 팀 내에서 규칙을 합의하고 점진적으로 적용하는 전략이 필요합니다.		optional과 undefined의 의미 혼동을 줄이는 엄격 옵션이 있다	TRUE	optional은 항상 null을 의미한다	FALSE	optional은 런타임에서 자동으로 기본값을 가진다	FALSE	optional은 enum과 동일하다	FALSE	frontend	typescript	pattern	tsconfig
Q179	Narrowing과 객체 변이(Object Mutation Pitfall)		언어 중심 - TypeScript	97	CHOICE	MEDIUM	객체 프로퍼티를 기반으로 타입을 좁힌 뒤에도 컴파일러가 보수적으로 동작하는 이유로 가장 적절한 것은 무엇인가?	객체의 프로퍼티는 다른 코드나 비동기 흐름에서 바뀔 수 있어, 컴파일러는 좁히기를 영원히 믿지 못하는 경우가 있습니다. 특히 let 변수나 객체 필드는 변이가 가능하므로 좁히기가 풀리거나 보수적으로 유지됩니다. 면접에서는 왜 const 로컬 변수로 값을 복사하면 좁히기가 안정적인지 설명할 수 있어야 합니다. 실무에서는 좁힌 값을 const로 저장해 사용하거나, 불변 객체로 다루는 규칙을 두면 타입 안정성과 가독성이 좋아집니다. 또한 동시성이나 비동기 코드에서는 레이스 컨디션으로 인해 좁히기 가정이 깨질 수 있으니 방어적 코딩이 필요합니다. 타입은 보조 장치이며 런타임 불변성은 별도 문제라는 점도 중요합니다. 이러한 이유로 핵심 분기 값은 가능한 한 불변으로 유지하는 설계가 좋습니다.		객체 프로퍼티가 변이될 수 있어 좁히기를 보수적으로 판단한다	TRUE	TypeScript가 런타임에서 객체를 자동으로 freeze 하기 때문이다	FALSE	트리 쉐이킹이 객체를 변경하기 때문이다	FALSE	선언 병합이 객체를 변경하기 때문이다	FALSE	frontend	typescript	pattern	typing
Q180	헬퍼 타입 분리 패턴(Stepwise Type Alias)		언어 중심 - TypeScript	97	CHOICE	MEDIUM	복잡한 유틸 타입을 한 줄로 작성하지 않고 중간 타입 별칭으로 나누는 이유로 가장 적절한 것은 무엇인가?	타입 계산이 복잡해지면 가독성이 떨어지고 컴파일러 에러 메시지도 난해해집니다. 중간 결과를 타입 별칭으로 분리하면 의도와 단계가 명확해지고 디버깅이 쉬워집니다. 면접에서는 타입 설계도 코드 설계처럼 유지보수성이 중요하다는 점을 말하면 좋습니다. 실무에서는 팀원이 타입을 이해하고 수정할 수 있어야 하므로 단계별 별칭이 큰 도움이 됩니다. 또한 타입 테스트를 붙이기에도 유리해 리팩토링 안정성이 올라갑니다. 컴파일 성능 측면에서도 지나친 중첩보다 분리가 도움이 되는 경우가 있습니다.		가독성과 디버깅 에러 메시지 개선 때문이다	TRUE	런타임 성능이 크게 올라가기 때문이다	FALSE	트리 쉐이킹이 자동으로 적용되기 때문이다	FALSE	ESLint 경고가 사라지기 때문이다	FALSE	frontend	typescript	pattern	types
Q181	Builder 옵션 객체 패턴(Options Object + Defaults)		언어 중심 - TypeScript	97	CHOICE	MEDIUM	함수 옵션이 많아질 때 옵션 객체를 받고 기본값을 병합하는 패턴의 핵심 장점으로 가장 적절한 것은 무엇인가?	옵션 객체 패턴은 파라미터 순서 의존을 줄이고 호출 가독성을 높입니다. TypeScript에서는 옵션 타입을 Partial로 받고 내부에서 Required로 정규화하는 방식이 흔합니다. 면접에서는 왜 여러 positional 인자보다 옵션 객체가 안정적인지 설명하면 좋습니다. 실무에서는 기본값 병합 시 undefined와 null 정책을 명확히 해야 합니다. 또한 옵션 확장이 쉬워 API 버전업에 유리하지만, 옵션 객체가 거대해지면 관련 옵션을 그룹화하거나 서브 옵션으로 분리하는 것이 좋습니다. 타입 안전성을 위해 default 값과 옵션 타입이 불일치하지 않게 관리하는 것도 중요합니다.		호출 가독성과 확장성이 좋아져 API 변경에 강하다	TRUE	런타임에서 자동 최적화가 된다	FALSE	타입 소거가 줄어든다	FALSE	enum 충돌이 사라진다	FALSE	frontend	typescript	pattern	api
Q182	Partial 적용 범위 제어(Partial Pitfall)		언어 중심 - TypeScript	97	CHOICE	MEDIUM	Partial을 무분별하게 적용하면 생길 수 있는 문제로 가장 적절한 것은 무엇인가?	Partial은 모든 필드를 선택으로 만들어 호출 편의성을 올리지만, 내부 로직에서는 undefined 처리가 폭발할 수 있습니다. 특히 도메인 객체까지 Partial로 만들면 불완전한 상태가 퍼져 버그가 늘기 쉽습니다. 면접에서는 Partial을 어디까지 허용할지 경계를 정하는 사고를 보는 경우가 있습니다. 실무에서는 입력 DTO 같은 경계에서만 Partial을 사용하고, 내부 도메인 타입은 필수 필드를 강제하는 것이 보통 안전합니다. 또한 Partial을 쓰더라도 내부에서 정규화 함수로 Required 타입으로 변환해 이후 로직을 단순화하는 패턴이 중요합니다. 검증 없는 Partial은 기술 부채가 될 수 있습니다.		undefined 처리와 불완전 상태가 시스템 내부로 퍼질 수 있다	TRUE	트리 쉐이킹이 깨진다	FALSE	런타임에서 타입이 사라진다	FALSE	ES 모듈이 CommonJS로 바뀐다	FALSE	frontend	typescript	pattern	pitfalls
Q183	모듈 경계 타입 재수출(Export Type Surface)		언어 중심 - TypeScript	97	CHOICE	MEDIUM	외부에 타입만 공개하고 값은 공개하지 않아 번들 의존을 줄이려면 어떤 키워드를 쓰는 것이 가장 적절한가?	TypeScript는 타입과 값을 구분해 export할 수 있습니다. export type을 사용하면 타입만 내보내므로 런타임 번들에 영향을 주지 않거나 의존을 최소화하는 데 도움이 됩니다. 면접에서는 타입 import와 값 import의 차이, 그리고 번들링 관점에서 이점이 무엇인지 질문이 나올 수 있습니다. 실무에서는 공용 패키지에서 타입만 노출하고 구현은 숨기는 설계에 자주 쓰입니다. 다만 타입만 공개해도 실제 런타임 계약은 별도로 문서화되고 테스트되어야 합니다. 또한 re-export 구조가 복잡해지면 순환 의존이 생길 수 있어 모듈 경계를 잘 나눠야 합니다.		export type	TRUE	export default	FALSE	module.exports	FALSE	require	FALSE	frontend	typescript	pattern	modules
Q184	타입 전용 import(import type)		언어 중심 - TypeScript	97	CHOICE	MEDIUM	타입만 가져오고 런타임 import를 피하고 싶을 때 사용하는 문법으로 가장 적절한 것은 무엇인가?	import type은 해당 import가 타입 용도임을 명시해 번들러나 컴파일러가 값을 가져오지 않게 돕습니다. 타입과 값이 섞여 있을 때 의도를 명확히 해 순환 의존이나 번들 사이드 이펙트를 줄이는 데 도움이 됩니다. 면접에서는 import type과 일반 import의 차이를 설명하라는 질문이 자주 나옵니다. 실무에서는 대규모 모노레포에서 타입 전용 import를 쓰면 의존 그래프가 깔끔해집니다. 다만 TS 설정과 빌드 체인에 따라 동작 차이가 있을 수 있어 프로젝트 정책을 맞춰야 합니다. 또한 값이 필요한데 import type을 쓰면 런타임 에러가 날 수 있어 주의해야 합니다.		import type	TRUE	require	FALSE	export type	FALSE	namespace import	FALSE	frontend	typescript	pattern	modules
Q185	타입 기반 핸들러 레지스트리(Handler Registry Typing)		언어 중심 - TypeScript	97	CHOICE	MEDIUM	action type마다 핸들러를 매핑할 때 누락과 타입 불일치를 줄이는 설계로 가장 적절한 것은 무엇인가?	핸들러 레지스트리는 key는 액션 타입, 값은 해당 액션을 처리하는 함수로 구성됩니다. TypeScript에서는 Record<ActionType, Handler> 형태로 강제하거나, 판별 유니온을 기반으로 핸들러 시그니처를 분기하는 매핑 타입을 만들 수 있습니다. 면접에서는 switch 기반 처리와 비교해 장단점을 설명할 수 있어야 합니다. 실무에서는 누락 핸들러를 컴파일 단계에서 잡고, 핸들러를 모듈별로 분리해 등록하는 구조로 확장하기 좋습니다. 다만 핸들러 간 공통 로직이 많으면 미들웨어 체인이나 파이프라인 패턴으로 정리하는 것이 더 낫기도 합니다. 등록 순서와 충돌 정책도 명확히 해야 합니다.		Record 기반 레지스트리 또는 매핑 타입으로 강제한다	TRUE	핸들러를 any로 둔다	FALSE	런타임에서만 존재 여부를 검사한다	FALSE	enum만 만들면 자동으로 매핑된다	FALSE	frontend	typescript	pattern	registry
Q186	플러그인 타입 확장(Declaration Merging for Plugins)		언어 중심 - TypeScript	97	CHOICE	MEDIUM	플러그인이 추가되면서 호스트의 타입을 점진적으로 확장하고 싶을 때 사용할 수 있는 기능으로 가장 적절한 것은 무엇인가?	TypeScript는 interface를 같은 이름으로 여러 번 선언하면 병합되는 선언 병합 기능이 있습니다. 이를 활용하면 플러그인이 호스트의 타입을 확장하는 설계를 만들 수 있습니다. 면접에서는 선언 병합이 언제 유용하고 언제 위험한지, 예를 들어 전역 오염 위험을 설명할 수 있어야 합니다. 실무에서는 플러그인 생태계에서 편리하지만, 무분별하게 쓰면 타입 충돌이 생겨 디버깅이 어려워집니다. 따라서 명확한 네임스페이스와 파일 경계를 두고, 문서화와 테스트를 함께 운영해야 합니다. 가능하면 모듈 보강(Module Augmentation) 방식으로 범위를 제한하는 것이 좋습니다. 타입 확장 포인트를 안정적으로 설계하는 것이 핵심입니다.		선언 병합 또는 모듈 보강	TRUE	트리 쉐이킹	FALSE	타입 소거	FALSE	프로토타입 상속	FALSE	frontend	typescript	pattern	plugin
Q187	Narrowing을 위한 assertNever 유틸(assertNever)		언어 중심 - TypeScript	97	CHOICE	MEDIUM	exhaustive 체크에서 반복되는 never 처리 코드를 줄이기 위해 자주 만드는 유틸 함수는 무엇인가?	exhaustive 체크는 누락 케이스를 컴파일 에러로 만들지만, 매번 never 변수를 만들면 코드가 지저분해질 수 있습니다. 그래서 assertNever(x: never) 같은 유틸을 만들어 default에서 호출하는 패턴이 흔합니다. 면접에서는 이 유틸이 런타임에서도 방어적으로 에러를 던져주는 점을 말하면 좋습니다. 실무에서는 에러 메시지에 누락된 케이스 값을 포함해 디버깅을 돕습니다. 또한 팀 규칙으로 모든 switch 유니온 분기에 assertNever를 요구하면 리팩토링 안정성이 올라갑니다. 다만 지나치게 많은 switch가 생기면 설계를 재검토하는 신호일 수 있습니다. 유틸을 공용 라이브러리로 두면 일관성이 좋아집니다.		assertNever 같은 유틸 함수	TRUE	anyCaster 유틸	FALSE	deepFreeze 유틸	FALSE	throttle 유틸	FALSE	frontend	typescript	pattern	union
Q188	Readonly Tuple와 고정 길이 계약(Readonly Tuple)		언어 중심 - TypeScript	97	CHOICE	MEDIUM	고정 길이의 좌표 [x, y]를 불변으로 다루고 싶을 때 가장 적절한 타입 선택은 무엇인가?	튜플은 배열보다 길이와 각 인덱스 타입을 고정할 수 있어 좌표처럼 구조가 고정된 데이터에 적합합니다. readonly 튜플로 선언하면 요소 변경이 막혀 의도치 않은 변이를 줄일 수 있습니다. 면접에서는 튜플과 배열의 차이를 설명하라는 질문이 자주 나옵니다. 실무에서는 함수가 좌표를 받아도 변경하지 않는다는 계약을 타입으로 표현할 수 있어 버그 예방에 좋습니다. 다만 런타임에서 불변이 강제되는 것은 아니므로 코드 규칙이 필요합니다. 또한 튜플에 의미를 더하고 싶으면 타입 별칭을 붙여 읽기 쉽게 만드는 것이 좋습니다. 과도한 튜플 사용은 가독성을 해칠 수 있어 적절히 사용해야 합니다.		readonly 튜플 타입	TRUE	number 배열 타입	FALSE	any 배열 타입	FALSE	Record 타입	FALSE	frontend	typescript	pattern	immutability
Q189	Type Narrowing과 제네릭 상호작용(Generic Narrowing)		언어 중심 - TypeScript	97	CHOICE	MEDIUM	제네릭 함수 안에서 typeof 체크를 해도 T가 string으로 완전히 좁혀지지 않는 경우가 있는데, 이를 설명하는 가장 적절한 이유는 무엇인가?	제네릭 T는 호출 시점에 다양한 타입이 될 수 있어 컴파일러가 보수적으로 판단합니다. 런타임 체크로 좁히더라도, T 자체를 완전히 특정 타입으로 바꾸는 것은 불가능하거나 제한적입니다. 면접에서는 제네릭은 파라미터화된 타입 변수라는 점과, 좁히기는 값에 대해 일어난다는 점을 구분해 설명해야 합니다. 실무에서는 필요한 경우 오버로드로 서명을 분리하거나, type predicate를 이용해 반환 타입을 설계하는 방식으로 해결합니다. 또한 제네릭 제약을 더 좁히면 추론과 타입 안정성이 좋아질 수 있습니다. 무리한 as 캐스팅은 피하고, API 설계를 통해 자연스럽게 해결하는 것이 좋습니다. 이런 상황을 이해하면 타입 시스템을 더 예측 가능하게 다룰 수 있습니다.		제네릭은 다양한 타입이 될 수 있어 보수적으로 좁혀지기 때문이다	TRUE	트리 쉐이킹이 제네릭을 바꾸기 때문이다	FALSE	런타임에서 타입이 자동 변환되기 때문이다	FALSE	enum이 제네릭을 대체하기 때문이다	FALSE	frontend	typescript	pattern	generics
Q190	Narrowing to never(불가능 상태)		언어 중심 - TypeScript	97	CHOICE	MEDIUM	조건 분기를 조합해 특정 코드 경로가 도달 불가능해져 타입이 never로 좁혀지는 현상을 무엇으로 이해하는 것이 가장 적절한가?	never는 도달 불가능한 코드 경로나 존재할 수 없는 값을 표현합니다. TypeScript는 제어 흐름 분석을 통해 분기 조건이 모순이면 해당 변수 타입이 never로 좁혀질 수 있습니다. 면접에서는 never가 유용한 이유로 exhaustive 체크, 불가능 상태 표현을 설명하면 좋습니다. 실무에서는 never가 나오면 로직 오류를 빠르게 찾을 수 있고, 타입 설계가 잘못됐다는 신호가 되기도 합니다. 또한 never가 의도치 않게 생기면 조건식이 과도하게 제한적이거나 타입이 잘못 추론된 경우일 수 있어 원인을 찾아야 합니다. 로직의 불가능 상태를 명시적으로 모델링하면 디버깅이 쉬워집니다. 이 개념을 이해하면 타입 에러 메시지를 더 빠르게 해석할 수 있습니다.		never는 도달 불가능한 경로를 뜻한다	TRUE	never는 런타임 에러를 의미한다	FALSE	never는 enum의 한 종류다	FALSE	never는 string의 별칭이다	FALSE	frontend	typescript	pattern	types
Q191	Nominal-ish typing via class private field		언어 중심 - TypeScript	97	CHOICE	MEDIUM	구조적 타이핑에서 클래스를 명목적으로 구분하는 효과를 내기 위해 자주 쓰는 기법으로 가장 적절한 것은 무엇인가?	TypeScript는 구조적이지만, 클래스에 private 또는 protected 멤버가 있으면 서로 다른 선언의 클래스는 쉽게 호환되지 않습니다. 이를 이용하면 명목적 타이핑 비슷한 효과를 낼 수 있습니다. 면접에서는 브랜드 타입과 비교해 이 방식의 장단점을 설명할 수 있으면 좋습니다. 실무에서는 외부에서 임의 생성하지 못하게 하고 싶을 때 유용하지만, 직렬화나 POJO 변환이 많은 도메인에서는 불편할 수 있습니다. 또한 private 필드 기반 명목성은 상속 구조와 결합되면 설계가 복잡해질 수 있습니다. 가능하면 생성 함수를 통한 검증과 브랜드 타입을 함께 고려하는 것이 일반적입니다. 이 패턴은 라이브러리 내부 타입을 외부에서 위조하지 못하게 할 때 특히 유용합니다.		클래스에 private 멤버를 둬 호환을 제한한다	TRUE	모든 클래스를 interface로 바꾼다	FALSE	any로 처리한다	FALSE	enum으로 클래스 구분을 한다	FALSE	frontend	typescript	pattern	typing
Q192	Typed Middleware Chain(미들웨어 체인 타입)		언어 중심 - TypeScript	97	CHOICE	MEDIUM	req 컨텍스트가 미들웨어를 거치며 확장되는 서버 프레임워크에서 타입 안전성을 확보하는 설계로 가장 적절한 것은 무엇인가?	미들웨어는 흐름을 따라 컨텍스트가 점점 확장됩니다. TypeScript에서는 제네릭으로 컨텍스트 타입을 파라미터화하고, 미들웨어가 반환하는 다음 컨텍스트 타입을 연결하는 방식으로 타입 안전한 체인을 만들 수 있습니다. 면접에서는 Express에서 req에 값을 붙이는 패턴이 왜 위험한지와, 타입 확장 방법을 물을 수 있습니다. 실무에서는 컨텍스트 확장을 전역 선언 병합으로 해결하기도 하지만, 남용하면 오염이 심해집니다. 가능한 경우 명시적 컨텍스트 타입을 전달하는 제네릭 체인이 더 예측 가능하다. 또한 런타임에서도 필드가 존재함을 보장하기 위한 순서 제약과 에러 처리를 함께 설계해야 합니다. 너무 복잡해지면 컨텍스트 확장 범위를 줄이고 필요한 값만 명시적으로 전달하는 것이 낫습니다.		제네릭 컨텍스트를 미들웨어 단계별로 확장하는 체인 패턴	TRUE	req에 아무 값이나 붙이고 any로 처리한다	FALSE	enum으로 req를 표현한다	FALSE	switch default로 처리한다	FALSE	frontend	typescript	pattern	middleware
Q193	Generic Factory Pattern(제네릭 팩토리)		언어 중심 - TypeScript	97	CHOICE	MEDIUM	create() 같은 팩토리 함수에서 T별로 올바른 인스턴스 타입을 보장하려면 가장 적절한 설계는 무엇인가?	제네릭 팩토리는 타입에 따라 반환이 달라지는 계약을 제공합니다. 보통 키 또는 태그를 인자로 받고, 그 키를 기반으로 반환 타입을 매핑하는 방식이 안전합니다. 면접에서는 타입 파라미터만으로 런타임 분기가 불가능하다는 점을 설명해야 합니다. 실무에서는 문자열 키와 매핑 테이블을 사용하거나, 클래스 생성자를 인자로 받아 InstanceType으로 반환 타입을 추론하는 패턴이 흔합니다. 또한 등록 기반 팩토리에서 키 누락과 타입 불일치를 잡기 위해 Record와 제네릭 제약을 조합합니다. 무리한 as 캐스팅은 유지보수에 취약하므로 피해야 합니다. 등록 과정과 런타임 구현을 함께 일관되게 관리하는 것이 핵심입니다. 이 패턴을 잘 쓰면 플러그인 아키텍처에서도 유용합니다.		키 또는 생성자를 인자로 받고 매핑으로 반환 타입을 보장한다	TRUE	타입 파라미터만으로 런타임에서 자동 생성된다	FALSE	any를 반환하면 된다	FALSE	enum만 만들면 자동으로 연결된다	FALSE	frontend	typescript	pattern	factory
Q194	InstanceType 활용(InstanceType Utility)		언어 중심 - TypeScript	97	CHOICE	MEDIUM	클래스 생성자 타입에서 인스턴스 타입을 추출하는 유틸 타입으로 가장 적절한 것은 무엇인가?	InstanceType은 new 시그니처를 가진 생성자 타입에서 생성되는 인스턴스 타입을 추출합니다. 팩토리 함수나 DI 컨테이너에서 클래스 기반 등록을 할 때 자주 씁니다. 면접에서는 typeof Class가 생성자 타입이라는 점과 연결해 물을 수 있습니다. 실무에서는 생성자를 받는 함수에서 반환 타입을 자동으로 추론하게 만들어 API를 간결하게 합니다. 다만 추상 클래스나 특수 생성자 시그니처가 있는 경우에는 제약이 필요할 수 있습니다. 또한 값과 타입 영역을 헷갈리면 오류가 나므로 typeof를 적절히 쓰는 습관이 중요합니다. 이 유틸을 사용하면 as 캐스팅 없이도 타입 안전한 팩토리를 만들 수 있습니다.		InstanceType	TRUE	ReturnType	FALSE	Parameters	FALSE	Awaited	FALSE	frontend	typescript	pattern	types
Q195	ConstructorParameters 활용(ConstructorParameters)		언어 중심 - TypeScript	97	CHOICE	MEDIUM	클래스 생성자의 파라미터 튜플 타입을 추출하는 유틸 타입으로 가장 적절한 것은 무엇인가?	ConstructorParameters는 생성자 함수 타입에서 파라미터 목록을 튜플로 뽑습니다. DI 컨테이너나 팩토리에서 인자 전달을 타입 안전하게 만들 때 유용합니다. 면접에서는 Parameters와 ConstructorParameters의 차이를 구분할 수 있어야 합니다. 실무에서는 new (...args) 형태로 생성자를 받는 API에서 args 타입을 자동으로 추론해 호출자가 실수로 인자를 빼먹거나 타입을 틀리는 것을 막습니다. 다만 생성자 오버로드가 있으면 추론이 예상과 다를 수 있어 주의해야 합니다. 필요하면 명시적 타입 선언이나 등록 규칙으로 단순화하는 것이 좋습니다. 값 영역과 타입 영역을 분리해 생각하는 습관이 중요합니다. 이런 유틸을 잘 쓰면 팩토리 구현이 깔끔해집니다.		ConstructorParameters	TRUE	ThisParameterType	FALSE	Omit	FALSE	Pick	FALSE	frontend	typescript	pattern	types
Q196	Typed Event Target Pattern(EventTarget Typing)		언어 중심 - TypeScript	97	CHOICE	MEDIUM	브라우저 EventTarget 기반 이벤트에서 커스텀 이벤트와 detail 타입을 안전하게 다루기 위한 접근으로 가장 적절한 것은 무엇인가?	EventTarget은 기본적으로 이벤트 타입 정보가 약해 detail 같은 데이터가 any처럼 취급되기 쉽습니다. CustomEvent의 제네릭을 활용하거나, 이벤트 이름과 이벤트 객체 타입을 매핑해 addEventListener를 래핑하는 패턴이 쓰입니다. 면접에서는 DOM 이벤트 타입이 왜 제한적인지와, 커스텀 이벤트에서 타입 안전성을 어떻게 확보하는지 물을 수 있습니다. 실무에서는 이벤트 이름을 상수로 고정하고, detail 구조를 스키마로 검증하면 더 안전해집니다. 또한 이벤트 기반 설계가 과해지면 디버깅이 어려워지므로 이벤트 로깅과 네이밍 규칙이 중요합니다. 타입만 믿고 런타임 검증을 생략하면 외부 스크립트나 다른 모듈이 잘못된 detail을 보내도 막지 못합니다. 필요한 영역에만 적용하는 균형도 필요합니다.		CustomEvent 제네릭 또는 이벤트 맵 래퍼를 사용한다	TRUE	이벤트는 any로 처리한다	FALSE	enum만 만들면 detail이 안전해진다	FALSE	switch true로 처리한다	FALSE	frontend	typescript	pattern	dom
Q197	Literal Widening 방지(Prevent Widening)		언어 중심 - TypeScript	97	CHOICE	MEDIUM	const obj = { mode: "dark" }에서 mode가 string으로 넓어지는 것을 막고 "dark" 리터럴로 유지하는 가장 일반적인 방법은 무엇인가?	객체 리터럴은 상황에 따라 리터럴 타입이 widen되어 string처럼 넓어질 수 있습니다. 이를 막는 방법으로 as const를 쓰거나, 타입을 명시하거나, satisfies로 계약을 검증하면서 리터럴을 유지하는 방식이 있습니다. 면접에서는 왜 리터럴이 widen되는지와, 각 해결책의 차이를 설명할 수 있어야 합니다. 실무에서는 설정 객체를 선언할 때 as const를 붙이면 이후 keyof typeof로 파생 타입을 만들기 쉬워집니다. 다만 as const는 readonly가 되므로 변이가 필요한 객체에는 적합하지 않습니다. satisfies는 리터럴 유지와 계약 검증을 동시에 할 수 있어 설정 맵에서 특히 유용합니다. 선택은 객체를 변이할지 여부와 팀 규칙에 따라 달라집니다. 타입 안전성과 DX 균형을 잡는 것이 중요합니다.		as const 또는 satisfies를 사용한다	TRUE	any로 캐스팅한다	FALSE	enum으로만 바꾼다	FALSE	런타임에서 freeze하면 된다	FALSE	frontend	typescript	pattern	types
Q198	String enum vs union literals 선택		언어 중심 - TypeScript	97	CHOICE	MEDIUM	상태 값 집합을 표현할 때 string enum과 문자열 리터럴 유니온 중 선택 기준으로 가장 적절한 것은 무엇인가?	문자열 리터럴 유니온은 타입 레벨로만 존재해 번들에 영향을 덜 줄 수 있고 간단합니다. enum은 런타임 객체가 생성되며, 상호 운용이나 반복 사용에서 장점이 있을 수 있습니다. 면접에서는 enum의 런타임 존재 여부와 tree shaking 영향 같은 질문이 나올 수 있습니다. 실무에서는 라이브러리 경계에서 런타임 값이 필요하면 enum이 편하지만, 단순 상태 집합이면 리터럴 유니온과 as const 맵이 더 가벼운 경우가 많습니다. 또한 enum은 리팩토링과 번들 환경에서 예기치 않은 동작이 생길 수 있어 팀 표준을 정해두는 것이 좋습니다. 어떤 선택이든 테스트와 문서화를 통해 계약을 명확히 해야 합니다. 일관성이 없으면 코드베이스가 혼란스러워집니다. 트레이드오프를 설명할 수 있는지가 핵심입니다.		런타임 값 필요 여부와 번들 영향으로 선택한다	TRUE	enum이 무조건 더 안전하다	FALSE	union이 무조건 더 안전하다	FALSE	둘 다 any로 하면 된다	FALSE	frontend	typescript	pattern	design
Q199	타입 안전한 폼 에러 맵(Form Error Map)		언어 중심 - TypeScript	97	CHOICE	MEDIUM	폼 필드 키와 에러 메시지를 안전하게 매핑하려면 어떤 타입 구성이 가장 적절한가?	폼 에러는 필드 키 오타가 매우 흔하고, 에러 표시 로직이 여러 곳에 퍼지기 쉽습니다. 폼 데이터 타입의 keyof를 기반으로 에러 맵을 만들면 키가 자동으로 제한되어 오타를 줄입니다. Partial Record 형태로 일부 필드만 에러가 있을 수 있음을 표현하는 것이 일반적입니다. 면접에서는 keyof와 Record 조합을 정확히 설명할 수 있으면 좋습니다. 실무에서는 중첩 폼이면 경로 기반 키 모델링이 필요해 더 복잡해질 수 있어, 단순 필드 구조에서는 이 패턴이 특히 효과적입니다. 또한 에러 메시지를 string이 아니라 구조화된 에러 타입으로 만들면 국제화나 UI 표현이 쉬워집니다. 검증 로직과 에러 맵 생성 로직을 분리하면 유지보수가 좋아집니다. 타입으로 계약을 묶으면 리팩토링 시 필드명 변경도 안전해집니다.		keyof 기반 Partial Record로 에러 맵을 만든다	TRUE	에러 맵을 any로 둔다	FALSE	에러를 배열로만 관리한다	FALSE	enum만 만들면 에러 키가 안전해진다	FALSE	frontend	typescript	pattern	forms
Q200	Distributive Conditional Types(분배 조건부 타입)		언어 중심 - TypeScript	97	CHOICE	HARD	조건부 타입이 유니온에 대해 분배(distribute)되는 규칙으로 가장 올바른 설명은 무엇인가?	TypeScript의 조건부 타입은 좌변이 naked type parameter일 때 유니온에 대해 분배됩니다. 이 특성은 Extract, Exclude 같은 유틸 타입의 기반이 됩니다. 면접에서는 분배가 언제 발생하고 언제 막히는지, 예를 들어 T가 튜플로 감싸지면 분배가 중단된다는 점을 묻습니다. 실무에서는 분배로 인해 예상치 못한 결과가 나오기도 해서, 분배를 의도적으로 차단하는 패턴을 알아야 합니다. 분배를 막으려면 T를 대괄호로 감싸 [T] extends [U] 형태로 비교합니다. 이 개념을 정확히 이해하면 고급 타입 유틸 구현에서 실수를 크게 줄일 수 있습니다.		좌변이 naked type parameter면 유니온 멤버별로 분배된다	TRUE	조건부 타입은 어떤 경우에도 유니온에 분배되지 않는다	FALSE	조건부 타입의 분배는 런타임 값에 의해 결정된다	FALSE	분배는 enum에만 적용된다	FALSE	frontend	typescript	pattern	conditional
Q201	Distributive 차단 패턴(Prevent Distribution)		언어 중심 - TypeScript	97	CHOICE	HARD	분배 조건부 타입을 의도적으로 차단하는 가장 일반적인 타입 패턴은 무엇인가?	분배를 막으려면 유니온으로 분해되지 않게 좌변을 감싸야 합니다. 대표적인 방법은 [T] extends [U] 형태로 튜플로 감싸 비교하는 것입니다. 면접에서는 왜 튜플로 감싸면 naked type parameter가 아니게 되어 분배가 멈추는지 설명을 요구할 수 있습니다. 실무에서는 유니온 전체에 대해 한 번만 비교하고 싶을 때 이 패턴이 유용합니다. 예를 들어 IsNever 같은 타입에서 분배로 인해 결과가 깨지는 것을 막을 수 있습니다. 또한 분배를 차단하면 타입 계산량이 줄어드는 경우도 있습니다. 다만 무조건 차단하면 유틸 타입의 의도가 달라질 수 있으니 목적을 명확히 해야 합니다.		[T] extends [U]처럼 튜플로 감싼다	TRUE	T extends U에서 U를 any로 만든다	FALSE	typeof로 감싼다	FALSE	enum으로 감싼다	FALSE	frontend	typescript	pattern	conditional
Q202	IsNever 구현 함정(IsNever Pitfall)		언어 중심 - TypeScript	97	CHOICE	HARD	IsNever를 구현할 때 분배 때문에 생기는 대표 함정과 해결로 가장 적절한 것은 무엇인가?	단순히 T extends never ? true : false로 구현하면 T가 유니온일 때 분배되어 의도와 다르게 동작할 수 있습니다. never는 유니온의 항등원처럼 작동해 결과가 이상해질 수 있고, 특히 T가 never일 때도 분배 때문에 false가 나오는 사례가 있습니다. 이를 해결하려면 [T] extends [never] ? true : false처럼 분배를 차단합니다. 면접에서는 never의 특성과 분배 규칙을 동시에 이해하는지 확인합니다. 실무에서는 IsAny, IsUnknown 등도 비슷한 함정이 있어 패턴을 확장해 적용할 수 있어야 합니다. 이러한 타입들은 라이브러리 품질에 직결되므로 테스트 타입을 함께 작성하는 것이 좋습니다. 디버깅이 어렵기 때문에 단계별 별칭으로 쪼개는 습관이 중요합니다.		튜플로 감싸 분배를 차단해야 한다	TRUE	any로 캐스팅하면 해결된다	FALSE	런타임 if로 확인하면 해결된다	FALSE	enum을 쓰면 해결된다	FALSE	frontend	typescript	pattern	never
Q203	Union to Intersection(유니온 인터섹션 변환)		언어 중심 - TypeScript	97	CHOICE	HARD	UnionToIntersection 타입 변환이 가능한 핵심 원리로 가장 올바른 설명은 무엇인가?	UnionToIntersection은 함수 파라미터의 반공변 성질을 이용해 유니온을 인터섹션으로 바꾸는 고급 트릭입니다. 유니온을 (x: U) => void 형태로 만들고, 조건부 타입 분배를 통해 각 멤버를 함수 타입으로 만든 뒤 infer로 파라미터를 추출하면 인터섹션이 됩니다. 면접에서는 왜 파라미터 위치가 반공변 성격을 가져 이런 변환이 가능한지 설명을 요구할 수 있습니다. 실무에서는 타입 병합 유틸이나 플러그인 타입 합성에 쓰지만, 가독성이 매우 떨어질 수 있습니다. 따라서 라이브러리 코드에서만 제한적으로 쓰고, 주석과 타입 테스트를 반드시 붙이는 것이 좋습니다. 또한 타입 계산 비용이 크기 때문에 대규모 유니온에서는 성능 이슈가 생길 수 있습니다.		함수 파라미터의 반공변 성질과 분배 조건부 타입을 이용한다	TRUE	enum의 런타임 객체를 이용한다	FALSE	instanceof로 타입을 합친다	FALSE	keyof만으로 자동 변환된다	FALSE	frontend	typescript	pattern	advanced
Q204	Key Remapping + Filtering(키 리매핑 필터)		언어 중심 - TypeScript	97	CHOICE	HARD	매핑 타입에서 특정 키만 제거하고 나머지를 다른 이름으로 바꾸는 가장 정교한 방식은 무엇인가?	key remapping은 as 절에서 never를 반환하면 해당 키를 제거하는 필터링이 가능합니다. 동시에 템플릿 리터럴 타입으로 새 키 이름을 생성할 수 있어 변환과 필터링을 한 번에 수행합니다. 면접에서는 Omit/Pick보다 이 방식이 왜 유연한지, 그리고 never가 제거되는 메커니즘을 설명할 수 있어야 합니다. 실무에서는 DTO 변환, 이벤트 핸들러 이름 생성, private 필드 제거 같은 곳에서 유용합니다. 하지만 타입 선언이 복잡해져 팀원 이해도가 떨어질 수 있으니 유틸 타입으로 캡슐화하는 것이 좋습니다. 또한 키 변환 규칙이 변경될 수 있으므로 타입 테스트로 안정성을 확보하는 전략이 필요합니다.		as 절에서 never로 필터링하고 템플릿 리터럴로 리매핑한다	TRUE	keyof만 사용하면 자동으로 필터링된다	FALSE	런타임 for in으로 키를 제거한다	FALSE	enum을 쓰면 자동으로 이름이 바뀐다	FALSE	frontend	typescript	pattern	mapped
Q205	Template Literal Key Path(키 경로 타입)		언어 중심 - TypeScript	97	CHOICE	HARD	중첩 객체의 모든 경로 a.b.c 형태를 문자열 유니온으로 만들 때 핵심적으로 필요한 타입 기법은 무엇인가?	키 경로 타입은 재귀 매핑 타입과 템플릿 리터럴 타입을 결합해 만듭니다. 객체 키를 순회하며 값이 객체면 하위 경로를 재귀로 이어 붙입니다. 면접에서는 재귀 타입이 컴파일 성능에 영향을 준다는 점과, depth 제한을 두는 전략을 물을 수 있습니다. 실무에서는 폼 에러 키, i18n 키, 설정 키 등에서 유용하지만, 객체가 크면 타입 계산이 무거워져 IDE가 느려질 수 있습니다. 그래서 최대 깊이를 제한하거나, 특정 타입을 leaf로 취급하는 규칙을 두는 편이 많습니다. 또한 배열 인덱스까지 포함할지 정책이 복잡해질 수 있어 요구사항을 명확히 해야 합니다. 타입 유틸을 라이브러리로 만들면 재사용성이 높지만 문서화가 필수입니다.		재귀 매핑 타입과 템플릿 리터럴 타입 결합	TRUE	enum과 switch 결합	FALSE	typeof와 instanceof 결합	FALSE	트리 쉐이킹 설정	FALSE	frontend	typescript	pattern	template
Q206	Tail Recursion Limit(재귀 타입 한계)		언어 중심 - TypeScript	97	CHOICE	HARD	깊은 재귀 타입에서 타입 시스템이 느려지거나 실패하는 문제를 완화하는 실무적 접근으로 가장 적절한 것은 무엇인가?	TypeScript의 타입 계산은 재귀가 깊어지면 성능 문제가 생기거나 instantiation이 과도해 실패할 수 있습니다. 이를 완화하려면 재귀 깊이를 제한하거나, leaf 조건을 더 빨리 만족시키도록 설계해야 합니다. 면접에서는 타입 레벨에서의 성능 트레이드오프를 인지하는지 봅니다. 실무에서는 Depth 파라미터를 두고 decrement하며 재귀를 멈추게 하거나, 특정 타입을 primitive처럼 취급해 더 이상 내려가지 않게 합니다. 또한 타입을 단계별 별칭으로 쪼개 IDE 부담을 줄이기도 합니다. 너무 복잡하면 런타임 검증 중심으로 전환하고 타입은 단순화하는 선택도 필요합니다. 팀 생산성을 최우선으로 두는 판단이 중요합니다.		재귀 깊이 제한이나 leaf 조건 강화로 타입 계산을 줄인다	TRUE	any로 바꾸면 성능이 항상 최적이다	FALSE	enum을 쓰면 재귀가 사라진다	FALSE	런타임에서만 재귀를 제한하면 된다	FALSE	frontend	typescript	pattern	performance
Q207	Variance in Generics(제네릭 변성)		언어 중심 - TypeScript	97	CHOICE	HARD	제네릭 타입에서 out in 위치에 따라 공변 반공변이 달라지는 개념을 가장 정확히 설명하는 것은 무엇인가?	변성은 타입 파라미터가 어디에 사용되는지에 따라 대입 가능성 방향이 달라지는 성질입니다. 반환 위치에만 쓰이면 공변 경향이 있고, 파라미터 위치에 쓰이면 반공변 경향이 나타납니다. TypeScript는 완전한 명시 변성을 제공하지 않지만, 사용 위치로부터 유사한 효과가 발생합니다. 면접에서는 이벤트 핸들러나 콜백 타입에서 왜 타입이 예상과 다르게 허용되는지 묻습니다. 실무에서는 제네릭 인터페이스 설계 시 타입 파라미터를 입력과 출력으로 분리해 안정성을 높이는 전략이 유용합니다. 또한 함수 파라미터 bivariance 같은 특수 규칙이 존재해 실제 동작이 단순 이론과 다를 수 있음을 인지해야 합니다. 이 개념을 이해하면 라이브러리 타입 설계 오류를 줄일 수 있습니다.		타입 파라미터 사용 위치에 따라 대입 가능성 방향이 달라진다	TRUE	제네릭은 항상 공변이다	FALSE	제네릭은 항상 반공변이다	FALSE	변성은 런타임에서 결정된다	FALSE	frontend	typescript	pattern	variance
Q208	Type-Level Tests(dtslint vitest type)		언어 중심 - TypeScript	97	CHOICE	HARD	고급 유틸 타입이 의도대로 동작하는지 검증하기 위해 사용하는 접근으로 가장 적절한 것은 무엇인가?	타입 유틸은 런타임 테스트로는 검증하기 어렵습니다. 그래서 기대 타입과 실제 타입이 일치하는지 확인하는 타입 레벨 테스트를 작성합니다. 예를 들어 Expect, Equal 같은 타입을 만들어 컴파일 에러로 실패를 감지하거나, tsd 같은 도구를 사용해 타입 테스트를 수행합니다. 면접에서는 타입도 테스트 대상이 될 수 있다는 관점을 이해하는지 봅니다. 실무에서는 공용 유틸 타입을 배포할 때 타입 테스트가 없으면 버전업 시 깨지는 사례가 많습니다. 또한 IDE에서만 보이는 오류를 CI에서 잡을 수 있게 만들어 안정성을 높입니다. 타입 테스트는 유지보수 비용이 있지만, 라이브러리 품질에는 큰 투자 가치가 있습니다. 변경 사항이 생기면 테스트가 설계 의도를 문서처럼 전달하는 역할도 합니다.		타입 레벨 테스트를 작성하거나 tsd 같은 도구를 사용한다	TRUE	런타임 단위 테스트만 작성한다	FALSE	any로 바꾸면 테스트가 필요 없다	FALSE	enum으로 타입을 테스트한다	FALSE	frontend	typescript	pattern	testing
Q209	Higher-Kinded Type 흉내(HKT Emulation)		언어 중심 - TypeScript	97	CHOICE	HARD	TypeScript에서 HKT를 완전 지원하지 않기 때문에 라이브러리들이 흉내 내기 위해 쓰는 대표적인 방식은 무엇인가?	TypeScript는 고차 타입 생성자(HKT)를 직접 지원하지 않습니다. 그래서 라이브러리들은 URI 태그, 인터페이스 매핑, 혹은 타입 레벨 딕셔너리를 통해 HKT를 흉내 냅니다. 면접에서는 HKT가 무엇이고 왜 필요한지, 그리고 TS에서 왜 어려운지 설명하는 질문이 나올 수 있습니다. 실무에서는 fp-ts 같은 함수형 라이브러리에서 이 패턴이 등장하며, 타입이 복잡해져 학습 비용이 큽니다. 따라서 팀이 함수형 패턴을 강하게 채택하지 않으면 과도한 HKT 기반 추상화는 피하는 편이 좋습니다. 하지만 정확히 이해하면 고급 제네릭 API 설계에 응용할 수 있습니다. 문서화와 예제 코드가 필수이며, 타입 에러 메시지가 난해해질 수 있어 개발 경험을 고려해야 합니다.		URI 태그와 매핑 인터페이스로 타입 생성자를 흉내 낸다	TRUE	enum으로 고차 타입을 만든다	FALSE	instanceof로 타입 생성자를 만든다	FALSE	typeof만 쓰면 HKT가 된다	FALSE	frontend	typescript	pattern	hkt
Q210	Deep Merge 타입(Deep Merge Typing)		언어 중심 - TypeScript	97	CHOICE	HARD	두 객체 타입을 깊게 병합할 때, 필드 충돌과 재귀를 고려한 타입 설계에서 핵심 이슈로 가장 적절한 것은 무엇인가?	DeepMerge는 재귀적으로 키를 합치며 같은 키에서 값 타입이 둘 다 객체면 더 깊게 병합합니다. 하지만 배열, 함수, Date 같은 특별 타입을 어떻게 취급할지 정책이 필요합니다. 면접에서는 DeepMerge가 단순 인터섹션과 어떻게 다른지 설명할 수 있어야 합니다. 실무에서는 병합 규칙이 애매하면 타입만 복잡해지고 런타임 구현과 불일치가 생깁니다. 그래서 런타임 merge 함수의 동작을 먼저 정의하고 그에 맞춰 타입을 설계해야 합니다. 또한 재귀 깊이가 커지면 컴파일 성능 문제가 생길 수 있어 제한 전략이 필요합니다. 충돌 시 우선순위(오른쪽 덮어쓰기 등)도 타입에 반영해야 정확합니다. 타입 테스트로 케이스를 고정해두면 안전성이 올라갑니다.		특수 타입 처리 정책과 재귀 성능 충돌 우선순위가 핵심이다	TRUE	keyof만 쓰면 자동으로 깊은 병합이 된다	FALSE	런타임 JSON merge만 있으면 타입은 필요 없다	FALSE	enum으로 병합 규칙이 자동 생성된다	FALSE	frontend	typescript	pattern	deepmerge
Q211	satisfies의 한계(satisfies Limitations)		언어 중심 - TypeScript	97	CHOICE	HARD	satisfies를 사용할 때 기대와 다르게 동작할 수 있는 대표 포인트로 가장 적절한 것은 무엇인가?	satisfies는 값이 특정 타입을 만족하는지 검사하지만, 값의 타입을 그 타입으로 “바꿔서 고정”하지는 않습니다. 즉, 리터럴 추론을 유지한 채로 계약만 검증합니다. 면접에서는 as와의 차이와, satisfies가 타입을 강제 캐스팅하지 않는다는 점을 정확히 설명할 수 있어야 합니다. 실무에서는 이 특성이 장점이지만, “값을 특정 타입으로 좁혀서” downstream에서 쓰고 싶은 경우에는 기대와 다르게 느껴질 수 있습니다. 또한 satisfies는 런타임 검증이 아니므로 외부 입력에 쓰면 안전하다고 착각하면 안 됩니다. 계약 타입이 너무 넓으면 검증 효과가 약해지는 것도 한계입니다. 결국 올바른 계약 타입 설계가 핵심이며, 필요하면 타입 별칭과 함께 사용해야 합니다.		satisfies는 검증만 하고 값의 타입을 강제로 바꾸지 않는다	TRUE	satisfies는 런타임에서 데이터를 검증한다	FALSE	satisfies는 any를 자동으로 제거한다	FALSE	satisfies는 enum을 자동 생성한다	FALSE	frontend	typescript	pattern	typing
Q212	Type Inference Priority(추론 우선순위)		언어 중심 - TypeScript	97	CHOICE	HARD	제네릭 타입 추론에서 여러 후보가 충돌할 때 결과가 예상과 달라지는 이유로 가장 적절한 것은 무엇인가?	TypeScript는 제네릭 추론에서 여러 제약과 후보를 종합해 “가장 그럴듯한” 타입을 선택합니다. 이 과정에서 공통 슈퍼타입을 택하거나, 문맥에 따라 widen되는 등 우선순위 규칙이 작동합니다. 면접에서는 배열 리터럴이나 함수 오버로드에서 추론이 왜 any/unknown으로 흘러가는지 사례를 물을 수 있습니다. 실무에서는 추론이 불안정하면 API를 단순화하거나, 필요한 부분에 명시적 타입 인자를 주는 것이 좋습니다. 또한 overload 시그니처 순서가 추론 결과에 영향을 줄 수 있어 주의가 필요합니다. 타입 제약을 더 명확히 하면 추론 품질이 좋아질 수 있습니다. 결국 추론에만 의존하지 말고 설계로 제어하는 것이 안정적입니다.		공통 슈퍼타입 선택과 우선순위 규칙 때문에 추론이 달라질 수 있다	TRUE	런타임 값이 추론을 바꾼다	FALSE	enum이 추론을 강제한다	FALSE	tree shaking이 추론을 바꾼다	FALSE	frontend	typescript	pattern	inference
Q213	Recursive Conditional Types(재귀 조건부 타입)		언어 중심 - TypeScript	97	CHOICE	HARD	재귀 조건부 타입을 설계할 때 가장 자주 고려해야 하는 위험 요소는 무엇인가?	재귀 조건부 타입은 강력하지만 계산 비용이 크고, 너무 깊으면 컴파일러가 타입 인스턴스화 한도를 초과할 수 있습니다. 면접에서는 재귀 타입이 IDE 성능에 미치는 영향과 완화 전략을 설명하라고 할 수 있습니다. 실무에서는 재귀를 멈출 조건을 명확히 두고, 가능한 경우 재귀 깊이를 제한합니다. 또한 배열/함수/특수 객체 타입을 leaf로 취급할지 정책을 세우지 않으면 의도치 않게 재귀가 계속될 수 있습니다. 타입 선언을 단계별로 분리해 가독성과 디버깅을 개선하는 것도 중요합니다. 과도한 재귀 타입은 팀 생산성을 떨어뜨릴 수 있어 적용 범위를 제한하는 판단이 필요합니다. 런타임 구현과 타입이 불일치하지 않도록 함께 검증해야 합니다.		컴파일 성능과 인스턴스화 한도 초과 위험	TRUE	런타임 메모리 누수	FALSE	ES 모듈 트리 쉐이킹 실패	FALSE	CSS 번들 크기 증가	FALSE	frontend	typescript	pattern	recursion
Q214	Branded Types with unique symbol(고급 브랜드)		언어 중심 - TypeScript	97	CHOICE	HARD	브랜드 타입을 더 안전하게 만들기 위해 unique symbol을 사용하는 이유로 가장 적절한 것은 무엇인가?	unique symbol은 각 심볼이 고유한 타입을 가지므로, 브랜드 충돌 가능성을 줄이고 위조를 어렵게 만듭니다. 단순 문자열 리터럴 기반 브랜드는 다른 곳에서 같은 문자열을 쓰면 충돌 위험이 있습니다. 면접에서는 구조적 타이핑에서 왜 이런 브랜드가 필요한지, 그리고 unique symbol이 타입 레벨에서 어떻게 동작하는지 설명해야 합니다. 실무에서는 사용자 입력을 검증한 뒤에만 브랜드 타입으로 변환하고, 내부 로직은 브랜드 타입만 받도록 경계를 세우면 안전성이 크게 오릅니다. 또한 직렬화 시 브랜드가 사라지는 문제를 고려해 parse 단계에서 다시 생성해야 합니다. unique symbol 기반 브랜드는 타입 선언이 다소 복잡해질 수 있어 공용 유틸로 추상화하는 것이 좋습니다. 팀 규칙으로 브랜드 생성 함수를 강제하면 유지보수가 쉬워집니다.		브랜드 충돌을 줄이고 위조를 어렵게 하기 위해서다	TRUE	런타임에서 자동으로 암호화되기 때문이다	FALSE	enum을 대체하기 때문이다	FALSE	tree shaking이 더 잘 되기 때문이다	FALSE	frontend	typescript	pattern	branding
Q215	Type Predicate Function(사용자 정의 타입 가드)		언어 중심 - TypeScript	97	CHOICE	HARD	함수 반환 타입을 value is Foo 형태로 선언하는 기능의 가장 정확한 목적은 무엇인가?	타입 프레디케이트는 런타임 검사 결과를 컴파일러에 전달해, 호출부에서 타입 좁히기를 가능하게 합니다. 단순 boolean 반환과 달리, true인 경우 변수 타입이 특정 타입으로 좁혀집니다. 면접에서는 언제 타입 프레디케이트가 필요한지(예: Array.filter에 넣어 유니온을 걸러낼 때 유용함) 설명할 수 있어야 합니다. 실무에서는 외부 입력 검증, 이벤트 페이로드 검증 등에서 많이 씁니다. 다만 프레디케이트가 “거짓말”을 하면 타입 시스템이 무너져 런타임 오류로 이어지므로 검사 로직이 정확해야 합니다. 따라서 테스트와 함께 운영하는 것이 좋습니다. 스키마 검증 라이브러리와 결합하면 더 강력합니다. 이 기능을 잘 쓰면 as 캐스팅을 대폭 줄일 수 있습니다.		true일 때 호출부에서 타입을 안전하게 좁히기 위해서다	TRUE	런타임에서 타입을 자동 변환하기 위해서다	FALSE	enum 값을 생성하기 위해서다	FALSE	tree shaking을 최적화하기 위해서다	FALSE	frontend	typescript	pattern	typeguard
Q216	Conditional Type Inference with arrays(배열 요소 추론)		언어 중심 - TypeScript	97	CHOICE	HARD	T가 배열이나 튜플일 때 요소 타입을 추론하는 가장 대표적인 조건부 타입 패턴은 무엇인가?	배열 요소 타입을 추출하려면 T extends readonly (infer U)[] ? U : never 같은 패턴이 흔합니다. readonly를 포함하면 읽기 전용 배열과 튜플에도 대응할 수 있습니다. 면접에서는 왜 readonly를 포함하는 것이 실무에서 중요한지 설명할 수 있어야 합니다. 실무에서는 DeepReadonly, Flatten, Unwrap 같은 유틸 타입에서 자주 쓰이는 기법입니다. 다만 any 배열이 들어오면 추론이 무의미해질 수 있어 제약을 두거나 any 감지 유틸을 추가하기도 합니다. 또한 튜플과 배열은 추론 결과가 달라질 수 있어 요구사항에 맞게 설계해야 합니다. 이 패턴을 이해하면 표준 유틸 타입의 내부 구현을 더 잘 해석할 수 있습니다. 타입 계산이 복잡해지므로 단계별 별칭으로 쪼개는 습관이 유용합니다.		T extends readonly (infer U)[] 패턴	TRUE	T extends infer U[] 패턴	FALSE	typeof T 패턴	FALSE	instanceOf T 패턴	FALSE	frontend	typescript	pattern	infer
Q217	Tuple to Union(튜플 유니온 변환)		언어 중심 - TypeScript	97	CHOICE	HARD	튜플의 모든 요소를 유니온으로 바꾸는 가장 일반적인 타입 표현은 무엇인가?	튜플 T의 요소 유니온은 T[number]로 얻습니다. 이는 배열 인덱스 접근 타입이 요소 타입 유니온을 반환하기 때문입니다. 면접에서는 왜 number 인덱스가 가능한지, 그리고 튜플에서 각 요소 타입이 합쳐져 유니온이 되는 원리를 설명할 수 있어야 합니다. 실무에서는 as const로 만든 배열에서 값 유니온을 만들 때 매우 흔히 씁니다. 예: const ROLES = ["admin","user"] as const; type Role = typeof ROLES[number] 같은 패턴입니다. 이 패턴을 알면 설정 키나 이벤트 이름을 타입과 동기화하기 쉬워집니다. 다만 readonly 여부에 따라 typeof 배열 타입이 달라질 수 있어 as const 사용을 함께 이해해야 합니다. 인덱스 접근은 간단하지만 강력한 타입 도구입니다.		T[number]	TRUE	keyof T	FALSE	infer T	FALSE	ReturnType T	FALSE	frontend	typescript	pattern	tuple
Q218	Function Overload + Conditional Return(혼합 설계)		언어 중심 - TypeScript	97	CHOICE	HARD	입력에 따라 반환 타입이 달라지는 API에서 오버로드와 조건부 타입을 혼합할 때 가장 큰 주의점으로 적절한 것은 무엇인가?	오버로드와 조건부 타입을 섞으면 선언부와 구현부 사이의 일관성이 깨지기 쉽습니다. 특히 구현 시그니처가 너무 넓으면 호출부에서는 좁게 보이지만 내부에서는 타입 단언이 늘어날 수 있습니다. 면접에서는 선언 계약과 구현이 불일치하면 어떤 문제가 생기는지, 그리고 테스트/문서화가 왜 중요한지 물을 수 있습니다. 실무에서는 케이스가 소수면 오버로드가 읽기 쉽고, 규칙이 일반화되면 조건부 타입이 강력합니다. 둘을 섞는 경우에는 반환 규칙이 중복 정의되어 drift가 생기지 않게 “단일 소스 오브 트루스”를 만드는 것이 필요합니다. 또한 타입 에러 메시지가 난해해져 사용자가 API를 쓰기 어려워질 수 있습니다. 가능하면 한 방식으로 단순화하고, 불가피하면 예제와 타입 테스트로 안정성을 확보해야 합니다. 최종적으로 DX와 유지보수 비용을 균형 있게 고려해야 합니다.		선언부 규칙과 구현부 일관성 유지가 어렵고 drift가 생기기 쉽다	TRUE	런타임 성능이 반드시 나빠진다	FALSE	tree shaking이 반드시 실패한다	FALSE	enum이 자동으로 생성된다	FALSE	frontend	typescript	pattern	api
Q219	Bivariance Hack 패턴(Callback bivariance)		언어 중심 - TypeScript	97	CHOICE	HARD	콜백 파라미터 타입이 안전 규칙보다 느슨하게 허용되는 현상과 관련된 패턴으로 가장 올바른 설명은 무엇일까?	함수 파라미터는 원칙적으로 더 엄격하게 검사되어야 안전해집니다. 그런데 일부 라이브러리 타입 정의에서는 콜백 타입을 의도적으로 느슨하게 만들어 사용성을 높이기도 합니다. 면접에서는 이 트레이드오프와 위험을 설명할 수 있는지 봅니다. 실무에서는 프레임워크 타입 정의를 그대로 믿고 콜백 파라미터를 과하게 좁히면 런타임에서 들어오는 값과 충돌할 수 있습니다. 결국 안전성을 우선할지 사용성을 우선할지 팀 표준과 경계 검증 전략을 함께 세우는 것이 중요합니다.		콜백 파라미터를 의도적으로 느슨하게 만들어 사용성을 높이는 정의가 존재한다	TRUE	콜백 파라미터는 항상 가장 엄격하게만 허용된다	FALSE	콜백 파라미터는 런타임에서 자동 변환되므로 타입은 필요 없다	FALSE	콜백 파라미터는 enum으로만 모델링한다	FALSE	frontend	typescript	pattern	
Q220	Mapped Modifiers 조합(plus minus modifiers)		언어 중심 - TypeScript	97	CHOICE	HARD	매핑 타입에서 readonly와 optional을 추가하거나 제거하는 기능을 정확히 설명한 것은 무엇일까?	매핑 타입은 속성에 대한 변형 규칙을 선언적으로 표현할 수 있습니다. 읽기 전용을 강제하거나 해제하고, 선택 속성을 만들거나 필수로 바꾸는 조합이 가능합니다. 면접에서는 이 기능이 DTO 변환에서 왜 유용한지 자주 묻습니다. 실무에서는 입력 DTO는 선택 허용, 내부 도메인은 필수 강제처럼 단계별 계약을 만들 때 특히 도움이 됩니다. 다만 변형 규칙이 복잡해지면 타입 선언이 난해해져 별칭 분리와 타입 테스트가 필요합니다.		매핑 타입에서 readonly와 optional을 추가하거나 제거하는 변형을 표현할 수 있다	TRUE	readonly나 optional은 매핑 타입에서 바꿀 수 없다	FALSE	readonly와 optional은 런타임에서만 바꿀 수 있다	FALSE	readonly와 optional은 enum으로만 제어한다	FALSE	frontend	typescript	pattern	
Q221	DeepReadonly 패턴(Recursive readonly)		언어 중심 - TypeScript	97	CHOICE	HARD	객체를 깊게 읽기 전용으로 만드는 DeepReadonly 타입에서 가장 중요한 설계 포인트는 무엇일까?	깊은 읽기 전용은 중첩 객체까지 모두 변이를 막는 계약을 노립니다. 하지만 배열, 함수, 날짜 같은 특수 타입을 어떻게 취급할지 정책이 필요합니다. 면접에서는 무작정 재귀가 아니라 멈춤 조건과 예외 케이스 처리를 설명할 수 있어야 합니다. 실무에서는 재귀 깊이와 타입 계산 비용이 커져 IDE 성능이 떨어질 수 있으니 제한 전략을 둡니다. 또한 타입은 계약일 뿐 런타임 불변을 보장하지 않으니 실제 코드 규칙과 함께 운영해야 합니다.		재귀 멈춤 조건과 특수 타입 처리 정책이 핵심이다	TRUE	모든 타입은 재귀 없이 자동으로 깊게 readonly가 된다	FALSE	DeepReadonly는 런타임에서 객체를 자동으로 freeze 한다	FALSE	DeepReadonly는 enum을 자동 생성한다	FALSE	frontend	typescript	pattern	
Q222	DeepPartial 패턴(Recursive partial)		언어 중심 - TypeScript	97	CHOICE	HARD	DeepPartial을 실무에서 사용할 때 가장 큰 위험과 방어 전략으로 올바른 것은 무엇일까?	DeepPartial은 중첩 구조 전부를 선택으로 만들어 입력 편의성을 높입니다. 하지만 내부 로직으로 그대로 흘려보내면 undefined 처리가 폭발하고 불완전 상태가 퍼집니다. 면접에서는 Partial을 어디까지 허용할지 경계 설정을 물을 수 있습니다. 실무에서는 경계에서만 DeepPartial을 받고 내부에서는 정규화 함수로 필수 구조로 변환하는 전략이 안전합니다. 또한 검증 없이 타입 단언으로 넘기면 타입 시스템이 무력화되므로 테스트와 스키마 검증이 중요합니다.		불완전 상태 확산을 막기 위해 경계에서 정규화로 바꾸는 전략이 필요하다	TRUE	DeepPartial은 내부 도메인 전반에 적용할수록 안전하다	FALSE	DeepPartial은 런타임에서 자동으로 기본값을 채운다	FALSE	DeepPartial은 enum으로만 표현 가능하다	FALSE	frontend	typescript	pattern	
Q223	교집합 충돌 속성(Intersection conflict)		언어 중심 - TypeScript	97	CHOICE	HARD	두 객체 타입을 교집합으로 합쳤을 때 같은 키의 타입이 충돌하면 생기는 현상을 올바르게 설명한 것은 무엇일까?	교집합은 두 타입을 모두 만족해야 하므로 같은 속성이 서로 다른 타입이면 만족 불가능 상태가 될 수 있습니다. 이때 해당 속성이 사실상 사용 불가능해지거나 매우 좁은 타입으로 수렴합니다. 면접에서는 교집합이 단순 병합이 아니라 “제약의 결합”이라는 점을 확인합니다. 실무에서는 타입 병합을 교집합으로 쉽게 처리했다가 속성 충돌로 예상치 못한 never 비슷한 결과를 만들 수 있습니다. 병합 규칙이 필요하면 교집합 대신 우선순위 기반 병합 유틸을 설계하는 것이 안전합니다.		같은 키 타입이 충돌하면 만족 불가능해져 타입이 비정상적으로 좁아질 수 있다	TRUE	교집합은 항상 두 타입의 속성을 안전하게 합친다	FALSE	교집합 충돌은 런타임에서만 발견된다	FALSE	교집합 충돌은 enum으로 자동 해결된다	FALSE	frontend	typescript	pattern	
Q224	Variadic Tuple 타입(Variadic tuples)		언어 중심 - TypeScript	97	CHOICE	HARD	함수 합성이나 파이프라인에서 인자 목록을 보존하려면 어떤 타입 기능이 핵심일까?	가변 길이 튜플(Variadic Tuple Types)은 인자 목록을 튜플로 유지하면서 앞뒤로 이어 붙이는 타입 연산을 가능하게 합니다. 이를 이용하면 함수 합성에서 첫 함수의 인자와 마지막 함수의 반환을 타입 안전하게 연결할 수 있습니다. 면접에서는 단순 배열이 아니라 튜플이 왜 필요한지 설명하는 질문이 나옵니다. 실무에서는 compose/pipe 유틸을 만들 때 이 기능이 없으면 any 캐스팅이 늘어납니다. 타입이 과도하게 복잡해지면 사용성이 떨어질 수 있어 지원 범위와 에러 메시지 품질을 함께 고려해야 합니다.		가변 길이 튜플로 인자 목록을 타입 수준에서 이어 붙인다	TRUE	enum으로 인자 목록을 표현한다	FALSE	런타임에서 인자 목록을 모으면 타입이 자동 추론된다	FALSE	타입 소거로 인해 인자 목록을 보존할 수 없다	FALSE	frontend	typescript	pattern	
Q225	Template Literal Parsing 패턴(String parse)		언어 중심 - TypeScript	97	CHOICE	HARD	문자열 패턴에서 특정 부분을 추출해 타입으로 재구성하는 기법의 핵심은 무엇일까?	템플릿 리터럴 타입은 문자열 유니온을 조합하고 변환하는 데 강력합니다. 여기에 infer 추론을 결합하면 접두사/접미사 구분 같은 “타입 레벨 파싱”이 가능합니다. 면접에서는 문자열 기반 규칙을 타입으로 강제하는 사례를 들 수 있는지 봅니다. 실무에서는 라우트 경로, 이벤트 이름 규칙, 스타일 토큰 키 같은 곳에서 유용합니다. 다만 문자열 유니온이 커지면 타입 계산 비용이 증가하니 제한과 설계 단순화가 필요합니다.		템플릿 리터럴 타입과 infer 추론을 결합한다	TRUE	enum만 있으면 문자열 파싱이 자동으로 된다	FALSE	런타임 정규식이 있으면 타입 파싱은 필요 없다	FALSE	keyof만으로 문자열을 파싱한다	FALSE	frontend	typescript	pattern	
Q226	Const Generic 패턴(Const type parameter)		언어 중심 - TypeScript	97	CHOICE	HARD	리터럴 추론을 더 강하게 유지해 배열이나 객체 입력을 그대로 타입으로 반영하려는 패턴으로 올바른 것은 무엇일까?	입력 리터럴을 최대한 유지하려면 as const를 활용하거나, satisfies로 “계약 검증 + 리터럴 유지”를 하거나, 제네릭 파라미터를 readonly 튜플/객체 쪽으로 유도해 widen을 줄이는 패턴을 씁니다. 면접에서는 리터럴이 넓어지는 상황과 이를 방지하는 설계를 설명할 수 있어야 합니다. 실무에서는 라우트/이벤트/설정 맵 정의에서 리터럴 유지가 중요해 이런 패턴이 자주 등장합니다. 다만 너무 강한 고정은 readonly로 이어질 수 있어 변이 필요 여부를 함께 설계해야 합니다.		입력 리터럴을 최대한 유지하도록 제네릭 추론 전략을 강화한다	TRUE	리터럴은 어떤 경우에도 자동으로 유지된다	FALSE	리터럴 유지에는 런타임 freeze만 있으면 충분하다	FALSE	리터럴 유지는 enum을 쓰면 자동 해결된다	FALSE	frontend	typescript	pattern	
Q227	Module Augmentation 패턴(Express Request)		언어 중심 - TypeScript	97	CHOICE	HARD	프레임워크 객체에 커스텀 필드를 붙이되 타입을 전역 확장으로 맞추는 방식의 핵심 위험은 무엇일까?	모듈 보강(선언 병합)은 프레임워크 타입을 확장해 커스텀 필드를 자연스럽게 붙일 수 있지만, 전역 타입 오염이 생기면 확장 위치 추적이 어려워집니다. 면접에서는 장점과 단점을 균형 있게 말할 수 있어야 합니다. 실무에서는 확장 파일 위치/네이밍 규칙을 표준화하고, 가능한 한 모듈 단위로 범위를 제한합니다. 또한 런타임에서도 해당 필드가 “항상 세팅된다”는 보장이 필요하므로 미들웨어 순서와 에러 처리가 함께 설계되어야 합니다.		전역 오염과 추적 어려움이 생기니 범위 제한과 규칙이 필요하다	TRUE	모듈 보강은 런타임에서 자동으로 필드를 채운다	FALSE	모듈 보강은 enum 기반이라 충돌이 없다	FALSE	모듈 보강은 트리 쉐이킹으로 자동 제거된다	FALSE	frontend	typescript	pattern	
Q228	Type Level Map Join 패턴(Type join)		언어 중심 - TypeScript	97	CHOICE	HARD	여러 매핑 타입을 합성해 단일 타입 맵을 만들 때 가장 큰 주의점은 무엇일까?	타입 맵 합성은 확장성과 재사용성을 높이지만, 같은 키가 충돌할 때의 병합 규칙이 불명확하면 문제가 됩니다. 면접에서는 교집합 병합과 우선순위 병합의 차이를 자주 묻습니다. 실무에서는 우선순위 규칙을 문서화하고 타입 유틸로 캡슐화해 한 곳에서만 관리하는 것이 안전합니다. 또한 맵이 커지면 타입 계산이 느려질 수 있어 도메인별 분리와 부분 합성을 고려해야 합니다.		키 충돌 시 병합 규칙 우선순위가 핵심이다	TRUE	타입 맵은 합성해도 절대 충돌이 생기지 않는다	FALSE	런타임에서만 충돌 여부를 알 수 있다	FALSE	enum을 쓰면 병합 규칙이 자동 생성된다	FALSE	frontend	typescript	pattern	
Q229	Strict Null Checks 경계 설계(Null boundary)		언어 중심 - TypeScript	97	CHOICE	HARD	null과 undefined가 섞여 들어오는 외부 경계에서 타입 설계를 가장 안전하게 하는 방법은 무엇일까?	외부 입력은 비정상 값이 들어올 수 있으므로, 경계에서는 넓은 타입으로 받고 검증 후 좁은 내부 타입으로 변환하는 전략이 안전합니다. 면접에서는 타입만으로 런타임 안전이 확보되지 않는다는 점을 강조하면 좋습니다. 실무에서는 스키마 검증 후 내부 도메인 타입을 만들고, 이후 로직은 널이 없는 타입만 다루게 하는 것이 버그를 줄입니다. 또한 널 정책을 팀 규칙으로 정해 undefined와 null을 혼용하지 않는 것이 유지보수에 유리합니다.		경계에서 검증 변환하고 내부는 널 없는 타입으로 운영한다	TRUE	내부도 외부도 any로 통일하면 안전하다	FALSE	null과 undefined는 런타임에서 같으니 구분이 필요 없다	FALSE	enum을 쓰면 null 문제가 사라진다	FALSE	frontend	typescript	pattern	
Q230	Discriminated Union Action Map 패턴		언어 중심 - TypeScript	97	CHOICE	HARD	액션 유니온과 핸들러 맵을 함께 설계할 때 누락 처리를 강제하는 가장 강한 방식은 무엇일까?	액션을 판별 유니온으로 만들면 type 필드로 안전한 좁히기가 가능하고, 여기에 액션 타입별 핸들러 맵을 타입으로 강제하면 누락을 컴파일 단계에서 잡을 수 있습니다. 면접에서는 switch 처리와 레지스트리 처리의 트레이드오프를 설명할 수 있어야 합니다. 실무에서는 레지스트리 기반이 모듈 분리에 유리하지만, 등록 누락을 막는 타입 제약이 핵심입니다. 또한 런타임 등록 순서와 충돌 정책을 명확히 두지 않으면 디버깅이 어려워질 수 있습니다.		액션 유니온과 타입 강제된 핸들러 맵으로 누락을 막는다	TRUE	액션 처리에는 any 스위치가 가장 안전하다	FALSE	런타임 로깅만 있으면 누락은 문제가 아니다	FALSE	enum만 만들면 핸들러 누락이 자동 해결된다	FALSE	frontend	typescript	pattern	
Q231	Phantom Type 패턴(Phantom generic)		언어 중심 - TypeScript	97	CHOICE	HARD	런타임 필드 없이도 타입 수준에서 의미만 부여하는 팬텀 타입을 올바르게 설명한 것은 무엇일까?	팬텀 타입은 실제 값 구조를 바꾸지 않고도 타입 파라미터로 의미를 구분합니다. 예를 들어 단위/통화/상태 단계를 타입 파라미터로 표현해 혼용을 막을 수 있습니다. 면접에서는 런타임 오버헤드 없이 타입 안전을 올리는 기법으로 설명하면 좋습니다. 실무에서는 제네릭이 과해져 코드가 복잡해질 수 있어 적용 범위를 제한하고, 팬텀 의미는 런타임에서 검증되지 않으므로 경계에서 검증과 생성 규칙을 함께 두는 것이 안전합니다.		런타임 변화 없이 타입 파라미터로 의미를 구분한다	TRUE	팬텀 타입은 런타임에서 자동으로 값을 저장한다	FALSE	팬텀 타입은 enum과 동일하다	FALSE	팬텀 타입은 트리 쉐이킹 옵션이다	FALSE	frontend	typescript	pattern	
Q232	Tagged Tuple 패턴(튜플 태그)		언어 중심 - TypeScript	97	CHOICE	HARD	같은 길이의 튜플이 섞여 실수하기 쉬울 때 안전성을 높이는 패턴으로 적절한 것은 무엇일까?	튜플은 위치 기반이라 의미가 같은 숫자 배열처럼 보여도 실수가 잦습니다. 그래서 첫 요소에 태그(리터럴) 값을 넣어 “판별 가능한(discriminated) 튜플”로 만드는 패턴이 적절합니다. 예: ["px", number] | ["ms", number] 처럼 만들어 태그로 좁히고, switch에서 exhaustive 체크까지 붙이면 리팩토링 안정성이 올라갑니다.		첫 요소를 태그로 두어 판별 가능한 튜플로 만든다	TRUE	튜플은 항상 의미가 명확해 태그가 필요 없다	FALSE	태그는 런타임에서 자동 추가된다	FALSE	태그는 enum으로만 표현해야 한다	FALSE	frontend	typescript	pattern	
Q233	XOR 타입 패턴(서로 배타)		언어 중심 - TypeScript	97	CHOICE	HARD	두 옵션 객체 중 하나만 허용하고 둘 다는 금지하는 XOR 타입 설계에서 핵심 아이디어는 무엇일까?	한쪽을 선택할 때 다른 쪽의 키를 금지(never)하도록 만든다가 핵심입니다. 단순 A | B로는 “A와 B를 동시에 가진 객체”가 통과할 수 있어서, A & {B의 키?: never} 와 B & {A의 키?: never}를 유니온으로 묶는 식으로 배타성을 강제합니다.		한쪽 선택 시 다른 쪽 키를 금지하도록 타입을 구성한다	TRUE	유니온만 쓰면 자동으로 둘 다 포함을 막아준다	FALSE	XOR는 런타임에서만 구현 가능하다	FALSE	XOR는 enum으로 자동 생성된다	FALSE	frontend	typescript	pattern	
Q234	Exact Type 흉내와 초과 프로퍼티(Exact emulation)		언어 중심 - TypeScript	97	CHOICE	HARD	초과 프로퍼티를 더 강하게 통제하려 할 때 가장 흔한 함정은 무엇일까?	초과 프로퍼티 검사가 ‘객체 리터럴을 직접’ 넘길 때만 강하게 동작하고, 변수에 담으면 약해질 수 있다는 점이 대표 함정입니다. 그래서 입력 지점에서 satisfies로 계약을 검증하거나, 경계 검증 함수를 두는 식으로 “강제 지점”을 설계해야 합니다.		리터럴 직접 전달과 변수 경유에서 검사 강도가 달라지는 함정이 있다	TRUE	초과 프로퍼티 검사는 항상 동일하게 동작한다	FALSE	초과 프로퍼티는 런타임에서만 검사된다	FALSE	초과 프로퍼티는 enum으로만 검출된다	FALSE	frontend	typescript	pattern	
Q235	Type Safe DI Token 패턴(Token typing)		언어 중심 - TypeScript	97	CHOICE	HARD	DI 컨테이너에서 토큰과 반환 타입을 안전하게 연결하려면 어떤 설계가 핵심일까?	토큰→서비스 타입 매핑(type map)을 단일 소스로 두고, resolve(token)의 반환 타입이 토큰에 의해 결정되게 만드는 것이 핵심입니다. 토큰은 상수로 고정해 오타를 줄이고, 등록 지점을 한 곳으로 모아 drift를 방지합니다(플러그인 확장 시 합성/충돌 정책도 함께).		토큰 타입 맵을 두고 resolve 반환 타입을 토큰에 매핑한다	TRUE	토큰은 any로 두는 것이 가장 안전하다	FALSE	토큰은 enum만 쓰면 타입 불일치가 없다	FALSE	런타임에서만 resolve 타입이 결정된다	FALSE	frontend	typescript	pattern	
Q236	Type Level Serializer 패턴(Serialize contract)		언어 중심 - TypeScript	97	CHOICE	HARD	타입 수준에서 직렬화 가능한 형태만 허용하려는 설계에서 가장 큰 주의점은 무엇일까?	“직렬화 가능”의 정의가 애매해지기 쉬워서 Date/함수/클래스 인스턴스/Map·Set 같은 특수 타입을 어떻게 다룰지 정책이 반드시 필요합니다. 타입만으로 완전 보장이 안 되므로 런타임 변환/검증과 테스트를 같이 둬야 합니다.		직렬화 정책과 런타임 변환 규칙이 타입과 일치해야 한다	TRUE	타입 제한만 있으면 런타임 직렬화는 항상 안전하다	FALSE	직렬화는 enum으로만 하면 된다	FALSE	직렬화는 트리 쉐이킹 설정으로 해결된다	FALSE	frontend	typescript	pattern	
Q237	Key Path Setter 타입(Path set typing)		언어 중심 - TypeScript	97	CHOICE	HARD	객체 경로를 문자열로 받아 값을 세팅하는 set 유틸에서 타입 안전성을 만들 때 가장 어려운 포인트는 무엇일까?	경로 생성(“가능한 a.b.c”)과 그 경로에 대응하는 값 타입 매핑을 재귀로 구현해야 하고, 깊어질수록 타입 계산 비용이 폭증하는 게 가장 어렵습니다. 실무에선 깊이 제한, leaf 규칙, 혹은 경로를 문자열 대신 튜플로 받는 단순화로 타협합니다.		경로 생성과 값 타입 매핑이 재귀로 복잡해져 성능과 정책이 어렵다	TRUE	경로 문자열은 언제나 타입이 자동으로 완벽히 매핑된다	FALSE	경로 세터는 enum으로만 구현 가능하다	FALSE	경로 세터는 런타임에서만 안전성을 확보한다	FALSE	frontend	typescript	pattern	
Q238	Library API Surface 단순화(Type facade)		언어 중심 - TypeScript	97	CHOICE	HARD	내부 구현은 고급 타입을 쓰되 외부 공개 API는 단순한 타입으로 감싸는 전략의 핵심 목적은 무엇일까?	외부 사용자(DX) 관점에서 에러 메시지/자동완성/IDE 성능을 개선하고, 버전업 시 변경 영향 범위를 줄이기 위해서입니다. 내부는 강력하게, 외부는 단순한 파사드로 유지해 팀 생산성을 올립니다.		사용자 경험과 안정성을 위해 공개 API 타입을 단순 파사드로 만든다	TRUE	공개 API는 복잡할수록 무조건 더 안전하다	FALSE	공개 API 타입은 런타임 성능을 직접 올려준다	FALSE	공개 API는 enum만 쓰면 해결된다	FALSE	frontend	typescript	pattern	
Q239	RequiredByKeys(부분 필수)		언어 중심 - TypeScript	97	CHOICE	HARD	특정 키만 필수로 바꾸는 RequiredByKeys를 만들 때 핵심 아이디어는 뭐일까?	K에만 optional 제거(-?) 또는 Pick<K>에 Required를 적용하고, 나머지는 원래대로 유지해서 합친다가 핵심입니다. 흔히 Pick/Omit 조합 또는 매핑 타입에서 K만 변형합니다.		K에만 optional 제거를 적용하고 나머지는 그대로 유지한다	TRUE	Required를 한 번 쓰면 특정 키만 필수로 바뀐다	FALSE	keyof를 쓰면 자동으로 일부만 필수가 된다	FALSE	enum으로 필수 키를 지정하면 타입이 자동 변환된다	FALSE	frontend	typescript	pattern	
Q240	PartialByKeys(부분 선택)		언어 중심 - TypeScript	97	CHOICE	HARD	특정 키만 선택으로 바꾸는 PartialByKeys를 만들 때 가장 적절한 방식은 무엇일까?	K만 Partial로 만들고 나머지는 그대로 두어 합치는 방식이 정석입니다. 예: Partial<Pick<T, K>> & Omit<T, K> 같은 형태(충돌 없게 설계).		K만 Partial로 만들고 나머지는 Omit으로 유지해 합친다	TRUE	Partial을 쓰면 자동으로 일부 키만 선택이 된다	FALSE	런타임에서만 optional이 결정된다	FALSE	enum을 쓰면 타입이 자동으로 Partial이 된다	FALSE	frontend	typescript	pattern	
Q241	RemoveIndexSignature(인덱스 시그니처 제거)		언어 중심 - TypeScript	97	CHOICE	HARD	객체 타입에서 string number symbol 인덱스 시그니처를 제거하고 명시 키만 남기려면 어떤 패턴이 필요할까?	넓은 키를 판별해 필터링하는 key remapping 패턴이 필요합니다. 보통 string extends K ? never : K 같은 조건으로 리터럴 키만 남겨 keyof가 string으로 넓어지는 문제를 줄입니다.		넓은 키를 string extends K 같은 조건으로 걸러낸다	TRUE	keyof를 쓰면 인덱스 시그니처가 자동 제거된다	FALSE	enum으로만 인덱스 시그니처를 제거할 수 있다	FALSE	런타임 Object keys로 제거해야 타입도 따라온다	FALSE	frontend	typescript	pattern	
Q242	DeepPick(깊은 선택)		언어 중심 - TypeScript	97	CHOICE	HARD	a.b.c 같은 경로로 중첩 필드만 골라 타입을 만드는 DeepPick에서 가장 어려운 포인트는 뭐일까?	경로 표현(문자열/튜플) 설계 + 존재하지 않는 경로 처리 정책 + 재귀 타입 성능 한계가 핵심 난점입니다. 실무에선 깊이 제한/leaf 규칙/경로 튜플화로 단순화하는 경우가 많습니다.		경로 표현과 재귀 매핑, 존재하지 않는 경로 처리 정책이 핵심이다	TRUE	Pick만 써도 자동으로 깊은 선택이 된다	FALSE	enum을 쓰면 DeepPick이 자동 생성된다	FALSE	런타임에서만 DeepPick이 가능하다	FALSE	frontend	typescript	pattern	
Q243	DeepOmit(깊은 제외)		언어 중심 - TypeScript	97	CHOICE	HARD	DeepOmit을 설계할 때 흔히 놓치는 실무 포인트로 가장 적절한 것은 무엇일까?	배열/튜플/함수/Date 등을 객체처럼 재귀 분해해버리는 실수가 흔합니다. leaf 조건과 “배열을 요소에 적용할지/전체에 적용할지” 정책을 명확히 해야 합니다(타입만으로 보안 완결 아님).		배열 함수 같은 특수 타입 처리 정책과 leaf 조건이 필요하다	TRUE	객체 타입이면 무조건 재귀해도 안전하다	FALSE	enum을 쓰면 자동으로 DeepOmit이 된다	FALSE	DeepOmit은 런타임에서만 동작한다	FALSE	frontend	typescript	pattern	
Q244	UnionToTuple(유니온 튜플 변환)		언어 중심 - TypeScript	97	CHOICE	HARD	유니온을 튜플로 바꾸는 UnionToTuple 패턴에서 반드시 이해해야 하는 한계는 무엇일까?	유니온은 순서가 없는 집합이라 튜플 순서가 안정적으로 보장되지 않는다는 한계가 핵심입니다. 트릭으로 “마지막 멤버”를 뽑아 쌓는 방식이라, 순서 의존 로직에는 쓰면 안 되고 큰 유니온에선 성능도 부담됩니다.		유니온은 순서가 없어서 결과 튜플 순서를 보장하기 어렵다	TRUE	유니온은 항상 선언 순서대로 튜플이 된다	FALSE	enum으로만 유니온을 튜플로 바꿀 수 있다	FALSE	런타임 정렬이 있으면 타입 튜플 순서가 고정된다	FALSE	frontend	typescript	pattern	
Q245	Type Equality 함정(Equal pitfalls)		언어 중심 - TypeScript	97	CHOICE	HARD	타입 동등성 체크 유틸 Equal을 만들 때 자주 등장하는 함정으로 올바른 것은 무엇일까?	쌍방 extends만으로는 any/unknown/never 같은 특수 타입에서 깨지기 쉽다가 대표 함정입니다. 그래서 함수 시그니처 비교 트릭을 쓰기도 하고, 특수 케이스를 포함한 타입 테스트가 필수입니다.		any unknown never 같은 특수 타입에서 단순 비교가 쉽게 깨진다	TRUE	A extends B만 보면 완전한 동등성이다	FALSE	enum만 쓰면 동등성 유틸이 필요 없다	FALSE	런타임 === 비교로 타입 동등성이 결정된다	FALSE	frontend	typescript	pattern	
Q246	NonNullable 분배(NonNullable distribution)		언어 중심 - TypeScript	97	CHOICE	HARD	유니온에서 null undefined만 제거하는 NonNullable이 기대대로 동작하려면 무엇을 이해해야 할까?	조건부 타입이 유니온에 대해 분배(distribute)된다는 규칙을 이해해야 합니다. 덕분에 각 멤버에서 null/undefined가 제거되지만, 런타임 검증을 대체하진 못하고(특히 optional/undefined 의미 차이도 주의).		조건부 타입 분배로 유니온 멤버별 null undefined를 제거한다	TRUE	NonNullable은 유니온에서는 동작하지 않는다	FALSE	NonNullable은 런타임에서 값을 변환한다	FALSE	NonNullable은 enum 기반 기능이다	FALSE	frontend	typescript	pattern	
Q247	PromiseAll 튜플 추론(Promise all typing)		언어 중심 - TypeScript	97	CHOICE	HARD	Promise all에서 입력이 튜플이면 결과도 각 요소별로 정확히 추론되게 하려면 핵심적으로 필요한 것은 무엇일까?	입력을 readonly 튜플로 유지(예: as const/readonly [...T] 제약)해서 위치별 타입이 보존되게 하는 것이 핵심입니다. 배열로 받으면 요소 타입이 유니온으로 뭉개져 결과도 덜 정밀해집니다.		입력을 튜플로 유지해야 위치별 결과 타입이 보존된다	TRUE	Promise all은 언제나 결과를 any로 추론한다	FALSE	enum을 쓰면 Promise all 결과가 자동 추론된다	FALSE	런타임 배열 길이가 고정이면 타입도 자동 고정된다	FALSE	frontend	typescript	pattern	
Q248	Exhaustive 체크(assert never)		언어 중심 - TypeScript	97	CHOICE	HARD	switch로 판별 유니온을 처리할 때 누락 케이스를 컴파일 단계에서 잡는 핵심 패턴은 무엇일까?	default에서 assertNever(x: never)로 보내는 exhaustive 체크 패턴이 핵심입니다. 새 케이스 추가 시 누락 분기가 컴파일 에러로 드러납니다(런타임 방어도 함께 권장).		default에서 never로 수렴시키는 assert never 패턴을 쓴다	TRUE	default를 비워두면 자동으로 누락이 잡힌다	FALSE	enum을 쓰면 switch 누락이 자동 해결된다	FALSE	런타임 테스트만 있으면 컴파일 누락은 의미 없다	FALSE	frontend	typescript	pattern	
Q249	State Machine 타입 패턴(상태별 API)		언어 중심 - TypeScript	97	CHOICE	HARD	상태 머신에서 상태에 따라 허용 메서드가 달라지게 타입으로 강제하려면 어떤 접근이 핵심일까?	상태를 판별 유니온/제네릭 상태 파라미터로 모델링하고, 이벤트/메서드를 상태별로 분리해 “잘못된 전이/호출”을 컴파일 단계에서 막는 접근이 핵심입니다. 전이 결과를 다음 상태 타입으로 반환하도록 설계하는 패턴이 흔합니다.		상태를 타입 파라미터로 들고 다니며 전이에 맞춰 반환 타입을 바꾼다	TRUE	상태 머신은 타입으로 모델링할 수 없다	FALSE	enum만 만들면 상태별 API가 자동 제한된다	FALSE	런타임 if만으로도 컴파일 단계 제한이 생긴다	FALSE	frontend	typescript	pattern	
Q250	Branded Number 단위(Unit branding)		언어 중심 - TypeScript	97	CHOICE	HARD	같은 number라도 px와 ms를 섞지 못하게 막으려면 어떤 패턴이 적절할까?	브랜드 타입/팬텀 타입(보통 unique symbol 기반)으로 단위를 타입 수준에서 분리하는 패턴이 적절합니다. 생성 함수를 통해서만 단위 부여를 허용하면 우회를 줄일 수 있습니다.		브랜드나 팬텀 타입으로 의미 단위를 구분한다	TRUE	number는 자동으로 단위를 추론한다	FALSE	enum만 쓰면 단위 혼동이 사라진다	FALSE	런타임에서만 단위를 구분할 수 있다	FALSE	frontend	typescript	pattern	
Q251	ReadonlyArray 변성(Readonly variance)		언어 중심 - TypeScript	97	CHOICE	HARD	ReadonlyArray가 일반 Array보다 대입에서 더 유연하게 보일 수 있는 이유로 적절한 설명은 무엇일까?	읽기 전용은 변이를 금지하므로 더 안전한 방향으로만 사용되어(대체로 공변처럼) 더 넓은 곳에 전달 가능해 보이는 효과가 있습니다. 함수 인자를 ReadonlyArray<T>로 받으면 호출자가 다양한 배열을 넘길 수 있어 API가 유연해집니다.		변이가 없어서 더 안전한 방향으로 대입이 허용될 수 있다	TRUE	ReadonlyArray는 항상 Array보다 더 엄격해서 대입이 불가능하다	FALSE	ReadonlyArray는 런타임에서 자동 freeze 된다	FALSE	ReadonlyArray는 enum으로만 표현 가능하다	FALSE	frontend	typescript	pattern	
Q252	Narrowing with satisfies 함정		언어 중심 - TypeScript	97	CHOICE	HARD	satisfies를 썼는데도 값 자체의 타입이 기대처럼 좁혀지지 않는 이유로 가장 올바른 것은 무엇일까?	satisfies는 “검사”만 하고 “캐스팅/강제”를 하지 않기 때문입니다. 값의 추론 타입(리터럴 포함)은 유지되고, 해당 타입이 계약을 만족하는지만 확인합니다.		만족 여부만 검사하고 타입 강제 캐스팅은 하지 않는다	TRUE	satisfies는 런타임에서 데이터까지 검증한다	FALSE	satisfies는 any를 자동 제거한다	FALSE	satisfies는 enum을 자동 생성한다	FALSE	frontend	typescript	pattern	
Q253	Function Decorator 타입 보존(Wrapping)		언어 중심 - TypeScript	97	CHOICE	HARD	함수를 감싸 로깅을 추가하는 래퍼를 만들 때 원래 함수의 파라미터와 반환 타입을 안전하게 보존하려면 무엇이 핵심일까?	Parameters<F>와 ReturnType<F>(필요하면 ThisParameterType<F>)로 시그니처를 재구성하는 것이 핵심입니다. 오버로드 함수는 왜곡될 수 있어 주의가 필요합니다.		Parameters ReturnType로 시그니처를 복제하고 필요한 경우 this 타입도 보존한다	TRUE	래퍼는 any로 받는 게 가장 안전하다	FALSE	enum을 쓰면 래퍼 타입이 자동 생성된다	FALSE	런타임에서만 시그니처가 결정되므로 타입 보존은 불가능하다	FALSE	frontend	typescript	pattern	
Q254	Error Result 타입 패턴(Result union)		언어 중심 - TypeScript	97	CHOICE	HARD	throw 대신 Result 유니온을 쓰는 설계에서 타입 안전성을 높이는 핵심 포인트는 무엇일까?	성공/실패를 판별 가능한 유니온(ok: true/false 등)으로 모델링해 분기를 강제하는 것이 핵심입니다. 헬퍼(exhaustive/unwrap)로 누락 분기를 줄이고, 에러 타입을 도메인별로 구조화합니다.		판별 필드를 둔 성공 실패 유니온으로 강제 분기 처리하게 만든다	TRUE	Result를 쓰면 런타임 에러가 완전히 사라진다	FALSE	enum만 쓰면 Result 분기가 자동 처리된다	FALSE	Result는 타입 수준에서는 표현할 수 없다	FALSE	frontend	typescript	pattern	
Q255	JSON 스키마 검증 연동(Type boundary)		언어 중심 - TypeScript	97	CHOICE	HARD	외부 입력을 타입으로만 믿지 않고 검증과 연결하는 실무 패턴으로 가장 적절한 것은 무엇일까?	경계에서 unknown으로 받고 스키마 검증 후 내부 도메인 타입으로 변환하는 패턴이 가장 안전합니다. 변환 지점을 단일화하면 타입 단언이 줄고 운영 안정성이 올라갑니다.		경계에서 unknown으로 받고 검증 후 내부 타입으로 변환한다	TRUE	타입 선언만 있으면 외부 입력도 안전하다	FALSE	enum을 쓰면 외부 입력 검증이 필요 없다	FALSE	런타임에서는 타입이 유지되니 검증이 의미 없다	FALSE	frontend	typescript	pattern	
Q256	Literal Union Builder 패턴(단일 소스)		언어 중심 - TypeScript	97	CHOICE	HARD	상수 배열에서 값 유니온 타입을 만들 때 가장 유지보수 좋은 방식은 무엇일까?	as const + typeof ARR[number]로 값 목록에서 타입을 파생시키는 방식이 유지보수에 가장 좋습니다(드리프트 방지).		as const 배열과 typeof ARR[number]로 단일 소스에서 타입을 파생시킨다	TRUE	문자열 유니온은 항상 자동 생성되니 상수가 필요 없다	FALSE	enum만 쓰면 단일 소스가 자동 보장된다	FALSE	런타임에서 배열 길이가 고정이면 타입도 자동 고정된다	FALSE	frontend	typescript	pattern	
Q257	Mutable to Immutable 변환 경계		언어 중심 - TypeScript	97	CHOICE	HARD	외부에서는 mutable 객체를 쓰고 내부에서는 immutable 계약을 유지하려면 가장 안전한 운영 방식은 무엇일까?	경계에서 복사/정규화해 내부 모델을 새로 만들고, 내부는 Readonly(또는 불변 규칙)로 운영하는 방식이 안전합니다. 타입 불변과 런타임 불변은 다르므로 운영 규칙/변환 정책이 함께 필요합니다.		경계에서 복사 정규화 후 내부는 Readonly 계약으로 운영한다	TRUE	Readonly 타입만 쓰면 런타임에서도 자동으로 불변이 된다	FALSE	enum을 쓰면 객체가 불변이 된다	FALSE	내부 불변은 타입으로 불가능하다	FALSE	frontend	typescript	pattern	
Q258	Overloads vs Generic 조건부 반환 선택		언어 중심 - TypeScript	97	CHOICE	HARD	입력에 따라 반환 타입이 달라지는 API에서 오버로드와 조건부 타입 중 선택할 때 가장 현실적인 기준은 무엇일까?	케이스가 적고 명확하면 오버로드(읽기 쉬움), 규칙이 일반화되면 조건부 타입(강력하지만 복잡)이 기준입니다. 공개 API는 단순하게(오버로드/파사드), 내부만 고급 타입을 쓰는 전략이 현실적입니다.		케이스 수와 규칙 일반화 정도, 사용자 DX를 기준으로 선택한다	TRUE	조건부 타입이 항상 오버로드보다 낫다	FALSE	오버로드는 타입 안전을 제공하지 않는다	FALSE	enum을 쓰면 오버로드와 조건부 타입이 필요 없다	FALSE	frontend	typescript	pattern	
Q259	PickByValue(값 타입 필터)		언어 중심 - TypeScript	97	CHOICE	HARD	객체 타입에서 값 타입이 특정 조건을 만족하는 키만 남기는 PickByValue를 만들 때 핵심 패턴은 무엇일까?	키를 순회하며 T[K] extends Cond 검사 후, as 절에서 조건 불만족 키를 never로 리매핑해 제거하는 key remapping 패턴이 핵심입니다.		key remapping에서 조건 불만족 키를 never로 제거한다	TRUE	Pick은 기본으로 값 타입 조건 필터를 지원한다	FALSE	enum을 쓰면 값 타입 필터가 자동 생성된다	FALSE	런타임에서만 값 타입 조건을 알 수 있다	FALSE	frontend	typescript	pattern	
Q260	OmitByValue(값 타입 제외)		언어 중심 - TypeScript	97	CHOICE	HARD	OmitByValue를 구현할 때 PickByValue와 비교해 바뀌는 핵심은 무엇일까?	필터 조건의 방향이 반대입니다. 조건을 만족하는 키를 never로 바꿔 “제거”하고, 만족하지 않는 키만 유지합니다(특수 타입 케이스는 타입 테스트 필수).		조건 충족 키를 never로 바꿔 제거하고 나머지는 유지한다	TRUE	Omit은 기본으로 값 타입 조건 제외를 지원한다	FALSE	typeof를 쓰면 자동으로 제외된다	FALSE	enum으로만 제외 규칙을 정의할 수 있다	FALSE	frontend	typescript	pattern	
Q261	AtLeastOne(최소 1개 필수)		언어 중심 - TypeScript	97	CHOICE	HARD	옵션 객체에서 “최소 하나의 필드가 반드시 있어야 함”을 타입으로 강제하려면 어떤 접근이 흔할까?	AtLeastOne(키 하나는 Required, 나머지는 Partial) 형태를 모든 키에 대해 유니온으로 구성하는 접근이 흔합니다. 필드가 많으면 타입이 무거워져 그룹화/ API 분리도 고려합니다.		하나를 Required로 만드는 경우의 수 유니온을 만든다	TRUE	Partial을 쓰면 빈 객체를 자동으로 막는다	FALSE	enum을 쓰면 최소 1개 조건이 자동 강제된다	FALSE	런타임에서만 최소 1개 조건을 체크할 수 있다	FALSE	frontend	typescript	pattern	
Q262	ExactlyOne(정확히 1개)		언어 중심 - TypeScript	97	CHOICE	HARD	ExactlyOne을 구현할 때 XOR보다 더 일반화된 아이디어로 올바른 것은 무엇일까?	각 키 K를 “그 키만 Required, 나머지는 금지(never)”로 만든 타입들의 유니온이 ExactlyOne의 일반화된 아이디어입니다.		한 키만 Required로 두고 나머지는 never로 막는 유니온을 만든다	TRUE	유니온만 쓰면 정확히 1개 조건이 자동으로 충족된다	FALSE	enum을 쓰면 ExactlyOne이 자동 생성된다	FALSE	런타임에서만 ExactlyOne을 구현할 수 있다	FALSE	frontend	typescript	pattern	
Q263	RequireAtLeastOne vs AtLeastOne 차이		언어 중심 - TypeScript	97	CHOICE	HARD	RequireAtLeastOne을 설계할 때 실무적으로 가장 자주 구분하는 포인트는 무엇일까?	전체 키가 아니라 “특정 키 그룹”에만 최소 1개를 강제하도록 범위를 줄이는 것이 실무 포인트입니다. 타입 계산 비용과 DX를 위해 필수 조건을 그룹화해 적용하는 게 현실적입니다.		최소 1개 강제 범위를 특정 키 그룹으로 제한하는 구성이 많다	TRUE	RequireAtLeastOne은 런타임에서만 의미가 있다	FALSE	RequireAtLeastOne은 enum으로만 가능하다	FALSE	RequireAtLeastOne은 Partial과 완전히 동일하다	FALSE	frontend	typescript	pattern	
Q264	MutableKeys(변경 가능 키 추출)		언어 중심 - TypeScript	97	CHOICE	HARD	객체 타입에서 readonly가 아닌 키만 뽑아내는 MutableKeys를 만들 때 흔히 쓰는 비교 방식은 무엇일까?	Pick<T, K>로 해당 키만 뽑은 타입과, 그 타입에서 -readonly를 적용한 타입을 타입 동등성(또는 extends) 비교로 비교해 필터링하는 트릭을 흔히 씁니다. 예: Pick<T, K> vs { -readonly [P in K]: T[P] }를 비교해서 “변화가 있으면 readonly였다 / 변화가 없으면 mutable이었다”처럼 판별합니다.		Pick한 결과에 -readonly를 적용한 타입과 원본을 비교해 판별한다	TRUE	keyof를 쓰면 mutable 키만 자동 추출된다	FALSE	enum을 쓰면 mutable 키가 자동 분리된다	FALSE	런타임에서만 readonly 여부를 알 수 있다	FALSE	frontend	typescript	pattern	
Q265	OptionalKeys(선택 키 추출)		언어 중심 - TypeScript	97	CHOICE	HARD	OptionalKeys를 추출할 때 자주 쓰는 조건은 무엇일까?	{} extends Pick<T, K> ? K : never 처럼 빈 객체가 해당 키만 Pick한 타입에 할당 가능한지로 optional 여부를 판별하는 조건을 자주 사용합니다.		{} extends Pick<T,K> 여부로 optional 키를 판별한다	TRUE	optional 키는 런타임에서만 판별 가능하다	FALSE	optional 키는 enum으로만 추출 가능하다	FALSE	keyof를 쓰면 optional 키만 자동으로 나온다	FALSE	frontend	typescript	pattern	
Q266	RequiredKeys(필수 키 추출)		언어 중심 - TypeScript	97	CHOICE	HARD	RequiredKeys를 얻을 때 OptionalKeys 패턴을 어떻게 응용하는 게 일반적일까?	OptionalKeys<T>를 먼저 구한 뒤, Exclude<keyof T, OptionalKeys<T>>처럼 전체 키에서 optional 키를 빼는 방식이 일반적입니다.		OptionalKeys를 구해 제외해 필수 키 집합을 만든다	TRUE	RequiredKeys는 keyof와 항상 동일하다	FALSE	enum을 쓰면 RequiredKeys가 자동으로 나온다	FALSE	런타임에서만 필수 키를 알 수 있다	FALSE	frontend	typescript	pattern	
Q267	MergeTwoTypes(우선순위 병합)		언어 중심 - TypeScript	97	CHOICE	HARD	두 객체 타입을 병합할 때 “오른쪽이 우선” 규칙을 타입으로 표현하려면 어떤 방식이 적절할까?	Omit<L, keyof R> & R처럼 왼쪽에서 오른쪽과 겹치는 키를 제거하고(Right wins), 오른쪽을 덮어씌우는 조합이 적절합니다.		Omit 왼쪽의 겹치는 키를 제거하고 오른쪽을 덧붙인다	TRUE	교집합만 쓰면 자동으로 오른쪽이 우선된다	FALSE	enum을 쓰면 우선순위 병합이 자동 된다	FALSE	런타임에서만 우선순위를 정할 수 있다	FALSE	frontend	typescript	pattern	
Q268	DeepMerge 한계(정책 충돌)		언어 중심 - TypeScript	97	CHOICE	HARD	DeepMerge 타입이 실무에서 특히 어려워지는 이유로 가장 적절한 것은 무엇일까?	배열/함수/Date/클래스 인스턴스 같은 특수 타입을 어떻게 취급할지와 충돌 정책(덮어쓰기/합치기 등)을 정해야 하고, 재귀 타입으로 인해 성능/깊이 제한 문제까지 함께 발생하기 때문입니다.		배열과 특수 타입 처리 같은 병합 정책이 복잡해지기 때문이다	TRUE	DeepMerge는 언제나 자동으로 올바르게 병합된다	FALSE	enum만 쓰면 DeepMerge가 자동 생성된다	FALSE	DeepMerge는 런타임에서만 가능하다	FALSE	frontend	typescript	pattern	
Q269	Type Safe EventEmitter(API)		언어 중심 - TypeScript	97	CHOICE	HARD	이벤트 이름과 payload를 타입 안전하게 연결한 Emitter API의 핵심 구성은 무엇일까?	{ [eventName]: payloadType } 형태의 이벤트 맵을 단일 소스로 두고, K extends keyof Events로 이벤트 이름을 제약한 뒤 Events[K]로 payload 타입을 추출해 emit/on 시그니처를 구성하는 방식이 핵심입니다.		이벤트 맵과 K 제약, 인덱스 접근으로 payload를 연결한다	TRUE	이벤트는 문자열이니 타입 안전 연결은 불가능하다	FALSE	enum을 쓰면 payload 타입이 자동으로 따라온다	FALSE	런타임에서만 payload 타입이 결정된다	FALSE	frontend	typescript	pattern	
Q270	Optional payload 이벤트 처리		언어 중심 - TypeScript	97	CHOICE	HARD	payload가 없는 이벤트와 있는 이벤트를 한 API에서 자연스럽게 표현하려면 어떤 방법이 흔할까?	payload 없는 이벤트를 void로 두고, Events[K] extends void ? [] : [Events[K]]처럼 조건부 타입 + 튜플로 인자 목록을 제어하거나, 오버로드로 emit("x")/emit("y", payload)를 나누는 방식이 흔합니다.		void 여부에 따라 인자 튜플을 [] 또는 [payload]로 분기한다	TRUE	payload 없는 이벤트는 null을 반드시 받게 해야 한다	FALSE	enum을 쓰면 인자 개수가 자동으로 결정된다	FALSE	런타임에서만 인자 유무를 알 수 있다	FALSE	frontend	typescript	pattern	
Q271	Enum vs Literal Union(트리쉐이킹)		언어 중심 - TypeScript	97	CHOICE	HARD	런타임 번들 영향까지 고려할 때 enum 대신 리터럴 유니온 상수 패턴을 쓰는 이유로 가장 적절한 것은 무엇일까?	enum은 보통 런타임 객체가 생성되어 번들에 남을 수 있지만, as const 상수(배열/객체)는 tree-shaking 친화적이고 typeof로 타입을 파생해 drift를 방지할 수 있어서입니다.		enum은 런타임 산출물이 생길 수 있어 리터럴 상수 패턴이 유리할 때가 있다	TRUE	enum은 항상 런타임 코드가 0이라 번들 영향이 없다	FALSE	enum을 쓰면 타입 drift가 더 커진다	FALSE	enum은 트리 쉐이킹과 무관하다	FALSE	frontend	typescript	pattern	
Q272	Const Enum 주의점		언어 중심 - TypeScript	97	CHOICE	HARD	const enum을 실무에서 조심해야 하는 이유로 가장 적절한 것은 무엇일까?	const enum은 인라인되어 좋지만, 빌드 체인(예: isolatedModules, Babel/TS 변환 정책 등)에 따라 지원/호환성 제약이 생겨 예기치 않은 문제를 만들 수 있기 때문입니다.		빌드 설정 호환성과 모듈 트랜스파일 환경에서 이슈가 생길 수 있다	TRUE	const enum은 런타임에서 동적으로 수정 가능하다	FALSE	const enum은 enum보다 항상 더 느리다	FALSE	const enum은 타입 시스템에서만 존재한다	FALSE	frontend	typescript	pattern	
Q273	Index Access + keyof 제약 함정		언어 중심 - TypeScript	97	CHOICE	HARD	T[K]를 쓸 때 K를 제대로 제약하지 않으면 생기는 문제로 적절한 것은 무엇일까?	K extends keyof T 제약이 없으면 존재하지 않는 키 접근이 섞이거나 타입이 any/unknown으로 흐려지거나 오류가 발생할 수 있습니다(인덱스 시그니처가 있으면 정밀도도 떨어질 수 있습니다).		K 제약이 없으면 존재하지 않는 키 접근으로 타입이 무너질 수 있다	TRUE	K 제약이 없어도 TS가 자동으로 안전하게 보정한다	FALSE	enum을 쓰면 K 제약이 필요 없다	FALSE	런타임에서만 키 유효성을 알 수 있다	FALSE	frontend	typescript	pattern	
Q274	“as” 캐스팅 남용 경계		언어 중심 - TypeScript	97	CHOICE	HARD	고급 타입 패턴을 쓰는 코드베이스에서 as 캐스팅 남용이 특히 위험한 이유로 가장 적절한 것은 무엇일까?	고급 타입은 “안전해 보이는” 착시가 생기기 쉬운데, as는 그 안전장치를 손쉽게 우회해 런타임 버그를 더 늦게, 더 깊게 터뜨릴 수 있기 때문입니다.		타입 시스템을 우회해 런타임 버그를 숨길 위험이 커진다	TRUE	as는 런타임에서 자동 검증을 수행한다	FALSE	as는 enum으로만 가능하다	FALSE	as는 타입을 더 안전하게 만드는 유일한 방법이다	FALSE	frontend	typescript	pattern	
Q275	Type-level Performance Budget		언어 중심 - TypeScript	97	CHOICE	HARD	타입 계산이 너무 무거워져 IDE가 느려질 때 가장 현실적인 대응으로 적절한 것은 무엇일까?	재귀/큰 유니온/복잡한 템플릿 리터럴의 적용 범위를 줄이고, 깊이 제한, 공개 API 단순화(파사드)로 비용을 낮추며, 필요하면 런타임 검증과의 균형으로 타입 퍼즐을 줄이는 대응이 현실적입니다.		재귀 깊이 제한과 범위 축소, API 파사드로 타입 복잡도를 줄인다	TRUE	모든 타입을 any로 바꾸는 게 유일한 해법이다	FALSE	enum을 늘리면 타입 성능이 자동으로 좋아진다	FALSE	런타임 최적화만 하면 타입도 빨라진다	FALSE	frontend	typescript	pattern	
Q276	Generic defaults 남용 함정		언어 중심 - TypeScript	97	CHOICE	HARD	제네릭 기본 타입 파라미터를 남용했을 때 흔히 생기는 문제로 가장 적절한 것은 무엇일까?	기본값이 추론을 “조용히” 통과시켜 의도치 않은 widen이나 any 전염, 혹은 잘못된 호출이 컴파일을 통과하는 문제가 생길 수 있습니다(기본값은 보통 unknown처럼 안전한 쪽이 낫습니다).		추론이 애매해져 widen any 전염 같은 숨은 버그가 생길 수 있다	TRUE	기본 타입 파라미터는 언제나 타입 안전을 증가시킨다	FALSE	기본 타입 파라미터는 enum으로만 가능하다	FALSE	기본 타입 파라미터는 런타임 성능을 직접 악화시킨다	FALSE	frontend	typescript	pattern	
Q277	Branded Token for Auth(토큰 의미 구분)		언어 중심 - TypeScript	97	CHOICE	HARD	accessToken과 refreshToken을 둘 다 string으로 다룰 때 발생하는 실수를 줄이기 위한 타입 패턴으로 적절한 것은 무엇일까?	둘 다 string이면 혼용이 쉬우므로, 브랜드 타입/팬텀 타입으로 의미를 분리해 컴파일 단계에서 섞이지 않게 만드는 패턴이 적절합니다.		브랜드 타입으로 두 토큰을 서로 다른 타입으로 분리한다	TRUE	enum을 쓰면 토큰 문자열이 자동으로 검증된다	FALSE	런타임에서만 토큰 종류를 구분할 수 있다	FALSE	string이면 충분히 안전하니 타입 분리가 필요 없다	FALSE	frontend	typescript	pattern	
Q278	Type-level API Contracts(문서 역할)		언어 중심 - TypeScript	97	CHOICE	HARD	고급 타입 패턴을 팀 프로젝트에서 유지보수 가능하게 만드는 가장 중요한 운영 포인트는 무엇일까?	공용 유틸의 문서화/예제 제공, 타입 테스트로 의도 고정, 공개 표면은 단순한 파사드로 유지, 그리고 타입 계산 비용 모니터링이 운영 핵심 포인트입니다.		문서 예제 타입 테스트로 의도를 고정하고 API 표면을 단순화한다	TRUE	고급 타입은 이해하기 어렵지만 그냥 쓰면 된다	FALSE	enum만 쓰면 문서나 테스트가 필요 없다	FALSE	런타임 테스트만 있으면 타입 설계는 중요하지 않다	FALSE	frontend	typescript	pattern	
Q279	분배 조건부 타입(Distributive Conditional Types)		언어 중심 - TypeScript	97	CHOICE	HARD	조건부 타입이 유니온에 대해 분배(distribute)되는 조건으로 가장 올바른 설명은 무엇인가?	조건부 타입은 T extends U ? X : Y에서 좌변이 naked type parameter(T가 그대로 등장)일 때 유니온 멤버별로 분배됩니다. 실무에서 의도치 않은 분배가 생기면 [T] extends [U]로 차단합니다.		좌변이 naked type parameter일 때만 분배된다	TRUE	모든 조건부 타입은 항상 분배된다	FALSE	infer를 쓰면 분배가 자동으로 꺼진다	FALSE	좌변이 객체 타입이면 분배가 항상 차단된다	FALSE	frontend	typescript	advanced	conditional-types
Q280	유니온→인터섹션(UnionToIntersection)		언어 중심 - TypeScript	97	CHOICE	HARD	UnionToIntersection 변환이 가능한 핵심 원리로 가장 올바른 설명은 무엇인가?	함수 파라미터 위치의(반)공변성과 조건부 타입의 분배를 이용하는 트릭입니다. 유니온을 함수 파라미터로 흩뿌린 뒤 infer로 파라미터 타입을 뽑으면 교집합으로 모입니다.		함수 파라미터(인자) 위치의 반공변 성질을 이용한다	TRUE	enum이 런타임 객체라 자동 합쳐진다	FALSE	keyof가 자동으로 교집합을 만들기 때문이다	FALSE	never가 유니온을 정렬해 주기 때문이다	FALSE	frontend	typescript	advanced	type-tricks
Q281	키 리매핑(Key Remapping)		언어 중심 - TypeScript	97	CHOICE	HARD	매핑 타입에서 특정 키를 제거하면서 동시에 키 이름을 변환하는 정교한 방식으로 가장 적절한 것은 무엇인가?	mapped type의 as 절에서 never를 반환하면 키가 제거됩니다. 여기에 템플릿 리터럴 타입을 결합하면 “필터링 + 리네이밍”을 한 번에 수행할 수 있습니다.		as에서 조건에 따라 never를 반환해 제거하고 템플릿 리터럴로 이름을 바꾼다	TRUE	Pick과 Omit은 동시에 키 리네이밍을 지원한다	FALSE	Exclude만으로 객체 키를 리네이밍할 수 있다	FALSE	infer를 쓰면 객체 키가 자동으로 바뀐다	FALSE	frontend	typescript	advanced	mapped-types
Q282	OptionalKeys 추출(OptionalKeys)		언어 중심 - TypeScript	97	CHOICE	HARD	OptionalKeys를 추출할 때 자주 쓰는 조건으로 가장 적절한 것은 무엇인가?	선택 속성은 “그 키만 뽑았을 때 빈 객체 {}가 대입 가능하냐”로 판별하는 트릭을 많이 씁니다. 대표 패턴이 {} extends Pick<T, K> ? K : never 입니다.		{} extends Pick<T, K> ? K : never	TRUE	T[K] extends undefined ? K : never	FALSE	K extends keyof Partial<T> ? K : never	FALSE	Pick<T, K> extends {} ? K : never	FALSE	frontend	typescript	advanced	utility-types
Q283	RequiredKeys 추출(RequiredKeys)		언어 중심 - TypeScript	97	CHOICE	HARD	RequiredKeys를 얻을 때 OptionalKeys 패턴을 응용하는 가장 일반적인 방식은 무엇인가?	보통 OptionalKeys를 먼저 구한 뒤, Exclude<keyof T, OptionalKeys<T>>로 빼서 RequiredKeys를 얻습니다. 실무에서는 인덱스 시그니처가 있으면 키가 넓어져 결과가 흐려질 수 있어 보완 유틸을 함께 씁니다.		Exclude<keyof T, OptionalKeys<T>>로 구한다	TRUE	Extract<keyof T, OptionalKeys<T>>로 구한다	FALSE	keyof Required<T>는 항상 정확한 RequiredKeys를 준다	FALSE	Omit<T, OptionalKeys<T>>는 키 유니온을 반환한다	FALSE	frontend	typescript	advanced	utility-types
Q284	MutableKeys(MutableKeys)		언어 중심 - TypeScript	97	CHOICE	HARD	객체 타입에서 readonly가 아닌 키만 뽑아내는 MutableKeys를 만들 때 흔히 쓰는 비교 방식은 무엇인가?	특정 키만 Pick한 뒤, 그 타입의 readonly를 제거한 버전과 동등성 비교를 해서 필터링합니다. 즉 Pick<T, K> vs -readonly Pick<T, K>를 비교하는 트릭(IfEquals 계열)이 흔합니다.		Pick<T,K>와 -readonly Pick<T,K>를 비교해 같으면 mutable로 본다	TRUE	T[K] extends readonly any[]이면 mutable로 본다	FALSE	keyof Readonly<T>에 없는 키가 mutable이다	FALSE	readonly는 런타임 키라 typeof로만 판별 가능하다	FALSE	frontend	typescript	advanced	mapped-types
Q285	exactOptionalPropertyTypes		언어 중심 - TypeScript	97	CHOICE	HARD	exactOptionalPropertyTypes가 켜진 환경에서 선택 속성과 undefined의 관계를 가장 정확히 설명한 것은 무엇인가?	선택 속성 a?: T는 “필드가 아예 없을 수 있음”을 의미하며, 기본적으로 “값으로 undefined를 항상 허용”과는 다릅니다. 이 옵션은 그 차이를 더 엄격히 다루게 해 계약 혼동을 줄입니다.		a?: T는 ‘없을 수 있음’이며 a: T | undefined와 동일하지 않다	TRUE	a?: T는 항상 a: T | undefined와 완전히 동일하다	FALSE	이 옵션은 런타임에서 undefined 직렬화를 강제한다	FALSE	이 옵션은 선택 속성 사용을 전부 금지한다	FALSE	frontend	typescript	advanced	compiler-options
Q286	satisfies 연산자(satisfies)		언어 중심 - TypeScript	97	CHOICE	HARD	satisfies의 핵심 동작을 가장 정확히 설명한 것은 무엇인가?	satisfies는 “값이 특정 타입을 만족하는지”를 검사하지만 값의 타입을 그 타입으로 캐스팅/강제하지 않습니다. 그래서 리터럴 추론을 유지하면서 계약만 검증할 수 있습니다.		타입 만족 여부만 검사하고 값 타입을 강제로 바꾸지 않는다	TRUE	as와 동일하게 값 타입을 지정 타입으로 캐스팅한다	FALSE	런타임에서 스키마 검증을 수행한다	FALSE	타입 오류를 무시하고 통과시키는 문법이다	FALSE	frontend	typescript	advanced	inference
Q287	핸들러 맵(Handler Map)		언어 중심 - TypeScript	97	CHOICE	HARD	액션 유니온을 switch 대신 “핸들러 맵”으로 처리할 때 누락을 컴파일 단계에서 강제하는 가장 강한 방식은 무엇인가?	Record<ActionType, Handler>처럼 키를 유니온으로 제한하거나, 액션 유니온에서 type을 뽑아 mapped type으로 “각 type에 대응하는 핸들러 시그니처”를 강제하면 누락/불일치를 컴파일 타임에 잡을 수 있습니다.		Record<액션타입유니온, 핸들러> 또는 mapped type으로 모든 키를 강제한다	TRUE	런타임 if문으로 누락을 로그로만 남긴다	FALSE	any로 핸들러를 통일해 유연성을 높인다	FALSE	default 케이스만 두고 모든 액션을 처리한다	FALSE	frontend	typescript	advanced	design
Q288	Emitter API(이벤트 맵)		언어 중심 - TypeScript	97	CHOICE	HARD	이벤트 이름과 payload를 타입 안전하게 연결한 Emitter API의 핵심 구성으로 가장 적절한 것은 무엇인가?	단일 이벤트 맵 { eventName: payloadType }를 소스로 두고, K extends keyof Events로 이벤트명을 제한한 뒤 payload를 Events[K]로 인덱스 접근해 연결합니다. 오타/불일치 버그를 크게 줄입니다.		이벤트 맵을 두고 K extends keyof로 제한, payload는 Events[K]로 추출한다	TRUE	이벤트 이름을 string으로 받고 payload는 any로 받는다	FALSE	enum을 쓰면 payload 타입이 자동 연결된다	FALSE	런타임 리플렉션으로 payload 타입을 추론한다	FALSE	frontend	typescript	advanced	api-design
Q289	void payload 이벤트 처리		언어 중심 - TypeScript	97	CHOICE	HARD	payload가 없는 이벤트와 있는 이벤트를 한 API에서 자연스럽게 표현하는 흔한 방법은 무엇인가?	payload 없는 이벤트를 void로 두고, Events[K] extends void ? [] : [Events[K]]처럼 인자 튜플을 조건부로 바꾸는 패턴이 흔합니다(또는 오버로드). DX가 중요한 API에서 자주 씁니다.		payload가 void면 인자 튜플을 [], 아니면 [payload]로 조건부 설계한다	TRUE	payload 없는 이벤트는 null을 강제한다	FALSE	payload 없는 이벤트는 이벤트 이름을 빼고 호출한다	FALSE	payload 유무는 런타임에서만 처리 가능해 타입으로 못 만든다	FALSE	frontend	typescript	advanced	conditional-types
Q290	함수 래퍼 시그니처 보존		언어 중심 - TypeScript	97	CHOICE	HARD	로깅/캐싱 같은 래퍼 함수를 만들 때 원본 함수의 파라미터와 반환 타입을 안전하게 보존하는 핵심 유틸 조합은 무엇인가?	래퍼는 원본 시그니처를 그대로 유지해야 호출부가 안전합니다. 보통 Parameters<F>로 인자 튜플을, ReturnType<F>로 반환을 재구성합니다. (오버로드 함수는 왜곡될 수 있어 주의)		Parameters<T>와 ReturnType<T>로 시그니처를 재구성한다	TRUE	Pick<T, "length">로 인자 개수를 복사한다	FALSE	keyof T로 파라미터를 추론한다	FALSE	infer 없이도 항상 자동 보존된다	FALSE	frontend	typescript	advanced	generics
Q291	this 보존(ThisParameterType)		언어 중심 - TypeScript	97	CHOICE	HARD	this 바인딩이 있는 함수를 래핑할 때 타입 안전성을 유지하려면 가장 적절한 접근은 무엇인가?	this가 있는 함수는 단순히 (...args: Parameters<F>)로는 깨질 수 있습니다. ThisParameterType<F>로 this 타입을 추출하고 OmitThisParameter<F>로 호출 시그니처를 정리해 래퍼에 반영하는 패턴이 흔합니다.		ThisParameterType/OmitThisParameter로 this를 분리해 래퍼에 반영한다	TRUE	this는 런타임 전용이어서 타입으로 보존할 수 없다	FALSE	bind를 쓰면 타입은 자동으로 완벽히 맞는다	FALSE	ReturnType만 보존하면 this는 무시해도 안전하다	FALSE	frontend	typescript	advanced	functions
Q292	오버로드 vs 구현 시그니처		언어 중심 - TypeScript	97	CHOICE	HARD	함수 오버로드를 정의할 때 가장 흔한 함정으로 올바른 것은 무엇인가?	오버로드는 선언부가 좁고 구현부가 넓기 쉬운데, 이때 구현에서 단언(as)이 늘거나 선언-구현 불일치가 생기기 쉽습니다. “호출부는 좁게 보이는데 내부는 unsafe”가 되지 않도록 구현 시그니처를 신중히 설계해야 합니다.		구현 시그니처가 과도하게 넓어져 선언-구현 불일치와 단언 남용이 생긴다	TRUE	오버로드는 컴파일 시간을 항상 0으로 만든다	FALSE	오버로드는 조건부 타입과 절대 같이 쓸 수 없다	FALSE	오버로드는 런타임에 자동 분기 코드를 생성한다	FALSE	frontend	typescript	advanced	api-design
Q293	인덱스 시그니처 제거(RemoveIndexSignature)		언어 중심 - TypeScript	97	CHOICE	HARD	객체 타입에서 string/number/symbol 인덱스 시그니처를 제거하고 명시 키만 남기려면 흔히 어떤 패턴을 쓰는가?	keyof가 string/number로 넓어지는 것을 막기 위해, mapped type에서 K in keyof T를 돌며 string extends K ? never : ... : K 식으로 넓은 키를 필터링합니다.		string extends K ? never : number extends K ? never : symbol extends K ? never : K로 필터링한다	TRUE	Omit<T, string>으로 인덱스 시그니처를 제거한다	FALSE	Exclude<keyof T, string>만으로 항상 정확히 제거된다	FALSE	인덱스 시그니처는 타입으로 제거할 수 없다	FALSE	frontend	typescript	advanced	mapped-types
Q294	브랜드 타입(unique symbol)		언어 중심 - TypeScript	97	CHOICE	HARD	브랜드 타입을 더 안전하게 만들기 위해 unique symbol을 쓰는 이유로 가장 적절한 것은 무엇인가?	문자열 기반 브랜드는 다른 곳에서 같은 문자열을 쓰면 충돌할 수 있습니다. unique symbol은 심볼 자체가 고유 타입을 가지므로 브랜드 충돌을 줄이고 위조를 더 어렵게 만듭니다(경계에서 생성 함수로만 부여하는 운영이 중요).		브랜드 충돌 가능성을 줄이고 고유한 타입 식별자를 제공한다	TRUE	런타임에서 자동 암호화를 수행한다	FALSE	JS 번들 크기를 항상 줄여준다	FALSE	enum보다 직렬화가 쉬워진다	FALSE	frontend	typescript	advanced	nominal-typing
Q295	Promise.all 튜플 추론		언어 중심 - TypeScript	97	CHOICE	HARD	Promise.all에서 입력이 튜플일 때 결과도 각 요소별로 정확히 추론되게 하려면 핵심적으로 필요한 것은 무엇인가?	배열로 넘기면 요소 타입이 유니온으로 뭉개질 수 있습니다. as const로 readonly 튜플을 만들거나, 함수 시그니처를 readonly [...T]로 받아 위치 타입을 유지하면 Promise.all 결과도 정확히 유지됩니다.		입력을 readonly 튜플로 유지(as const/readonly 제약)해야 한다	TRUE	any[]로 캐스팅하면 추론이 더 정밀해진다	FALSE	enum을 쓰면 Promise.all 결과가 자동으로 튜플이 된다	FALSE	unknown[]로 받으면 각 요소별 타입이 유지된다	FALSE	frontend	typescript	advanced	async
Q296	타입 레벨 테스트(Type Tests)		언어 중심 - TypeScript	97	CHOICE	HARD	고급 유틸 타입이 의도대로 동작하는지 검증하기 위한 가장 적절한 접근은 무엇인가?	런타임 테스트로는 타입 계산을 검증하기 어렵습니다. Expect/Equal 같은 타입 테스트를 만들어 컴파일 오류로 실패를 감지하거나, tsd 같은 도구로 타입 테스트를 CI에 올려 “의도 고정”을 합니다.		Expect/Equal 같은 타입 테스트(또는 tsd)를 작성해 컴파일 단계에서 검증한다	TRUE	console.log로 타입을 출력해 테스트한다	FALSE	enum 값을 비교하면 타입 유틸이 자동 검증된다	FALSE	jest에서만 타입 테스트가 가능하다	FALSE	frontend	typescript	advanced	testing
Q297	싱글턴 패턴(Singleton Pattern)		언어 중심 - TypeScript	97	OX	EASY	싱글턴 패턴은 동일한 역할의 인스턴스를 여러 개 만들어도 괜찮도록 설계하는 패턴이다.	싱글턴 패턴은 특정 클래스의 인스턴스가 애플리케이션 전체에서 하나만 존재하도록 보장하는 패턴입니다. 그래서 “여러 개 만들어도 괜찮다”는 설명은 핵심 정의와 반대라서 X가 정답입니다. 면접에서는 전역 상태처럼 보이지만 실제로는 의존성 숨김과 테스트 어려움 같은 단점도 함께 물어봅니다. TypeScript에서는 private 생성자와 static getInstance 같은 접근점을 두는 방식이 흔합니다. 실무에서는 싱글턴을 남발하기보다 DI 컨테이너로 생명주기를 관리하는 대안을 같이 기억해두면 좋습니다.		O	FALSE	X	TRUE					frontend	typescript	creational	pattern
Q298	팩토리 메서드 패턴(Factory Method Pattern)		언어 중심 - TypeScript	97	OX	EASY	팩토리 메서드 패턴은 객체 생성 코드를 별도의 메서드로 분리해, 호출자가 구체 클래스를 직접 new 하지 않게 만든다.	팩토리 메서드 패턴의 핵심은 생성 책임을 한 곳(팩토리/생성 메서드)으로 모아 호출자에서 new 의존을 줄이는 것입니다. 이로 인해 생성 로직이 바뀌어도 호출자 코드는 덜 흔들리고, 확장 포인트가 생깁니다. TypeScript에서는 인터페이스(또는 추상 클래스)로 제품 타입을 정의하고, 팩토리에서 구체 구현을 반환하는 식으로 자주 표현합니다. 면접에서는 “왜 new를 숨기냐”를 묻고, 결합도/테스트 용이성 관점으로 설명하는 게 좋습니다. 실무에서는 조건 분기(factory if/else)가 커지면 등록 기반(맵)이나 DI로 리팩터링하는 포인트가 됩니다.		O	TRUE	X	FALSE					frontend	typescript	creational	pattern
Q299	추상 팩토리 패턴(Abstract Factory Pattern)		언어 중심 - TypeScript	97	OX	EASY	추상 팩토리 패턴은 서로 관련 없는 제품들을 섞어서 생성하는 데 가장 적합한 패턴이다.	추상 팩토리 패턴은 “서로 관련 있는 제품군”을 일관되게 생성하기 위한 패턴입니다. 예를 들어 같은 테마의 UI 컴포넌트 세트처럼 함께 맞물리는 객체들을 한 번에 바꿀 수 있게 합니다. 따라서 “관련 없는 제품을 섞는 데 적합”은 취지와 어긋나서 X가 정답입니다. TypeScript에서는 제품군 인터페이스 묶음과 이를 구현한 구체 팩토리 클래스로 표현하는 경우가 많습니다. 면접에서는 팩토리 메서드와의 차이(제품군 vs 단일 제품 생성 책임)를 비교해서 말할 수 있어야 합니다.		O	FALSE	X	TRUE					frontend	typescript	creational	pattern
Q300	빌더 패턴(Builder Pattern)		언어 중심 - TypeScript	97	OX	EASY	빌더 패턴은 복잡한 객체를 단계적으로 구성할 수 있게 해주며, 생성 과정과 최종 표현을 분리하는 데 유리하다.	빌더 패턴은 필드가 많거나 조합이 다양한 객체를 “단계적으로” 안전하게 만들기 위한 패턴입니다. 생성 과정을 빌더로 분리하면, 생성 로직을 재사용하거나 동일한 과정으로 다른 표현을 만들기 쉬워집니다. TypeScript에서는 체이닝 메서드와 함께 반환 타입을 this로 두거나, 불변 객체를 만들기 위해 매 단계마다 새 객체를 반환하는 방식도 씁니다. 면접에서는 생성자 오버로드/옵션 객체 패턴과 비교해 장단점을 설명하는 질문이 자주 나옵니다. 실무에서는 필수 값 누락을 컴파일 타임에 잡도록 타입(Required/Partial)을 설계하는 포인트가 중요합니다.		O	TRUE	X	FALSE					frontend	typescript	creational	pattern
Q301	프로토타입 패턴(Prototype Pattern)		언어 중심 - TypeScript	97	OX	EASY	프로토타입 패턴은 기존 객체를 복제해 새로운 객체를 만드는 방식으로, 생성 비용을 줄이는 데 활용될 수 있다.	프로토타입 패턴은 “새로 만들기” 대신 “복제하기”로 객체 생성을 빠르게 하는 아이디어입니다. 특히 초기화 비용이 크거나, 유사한 설정을 가진 객체를 많이 만들어야 할 때 유용합니다. TypeScript에서는 객체 스프레드나 structuredClone 같은 복제 방식이 떠오를 수 있는데, 얕은 복사/깊은 복사의 차이를 이해해야 합니다. 면접에서는 복제 시 참조 타입이 공유되는 버그 가능성을 짚는지 확인하는 경우가 많습니다. 실무에서는 불변 데이터 구조나 명시적 clone 메서드로 복제 정책을 통제하는 게 안전합니다.		O	TRUE	X	FALSE					frontend	typescript	creational	pattern
Q302	어댑터 패턴(Adapter Pattern)		언어 중심 - TypeScript	97	OX	EASY	어댑터 패턴은 기존 코드의 인터페이스를 클라이언트가 기대하는 형태로 변환해, 호환되지 않던 두 코드를 연결한다.	어댑터 패턴은 서로 맞지 않는 인터페이스를 “변환기”로 이어주는 구조적 패턴입니다. 레거시 API나 외부 라이브러리를 우리 코드의 표준 인터페이스에 맞춰 사용할 때 자주 등장합니다. TypeScript에서는 인터페이스로 목표 타입을 정의해두면, 어댑터가 정확히 어떤 메서드를 제공해야 하는지 명확해집니다. 면접에서는 어댑터와 퍼사드의 차이를 묻기도 하는데, 어댑터는 ‘호환’이 목적이라는 점이 포인트입니다. 실무에서는 어댑터에 변환 로직이 과도하게 쌓이지 않도록 책임을 분리하는 것이 중요합니다.		O	TRUE	X	FALSE					frontend	typescript	structural	pattern
Q303	퍼사드 패턴(Facade Pattern)		언어 중심 - TypeScript	97	OX	EASY	퍼사드 패턴은 여러 하위 시스템의 복잡한 사용법을 감추고, 단순한 통합 API를 제공한다.	퍼사드 패턴은 복잡한 서브시스템을 “쉽게 쓰게 해주는” 단일 진입점을 제공하는 구조적 패턴입니다. 호출자는 내부가 얼마나 복잡한지 몰라도 되고, 퍼사드가 적절한 순서로 기능을 조합해줍니다. TypeScript에서는 서비스 레이어를 퍼사드처럼 두어, UI 레이어가 여러 모듈을 직접 호출하지 않게 만들기도 합니다. 면접에서는 퍼사드가 결합도를 낮추는 이유와, 내부 변경이 외부에 덜 전파되는 구조를 설명할 수 있어야 합니다. 실무에서는 퍼사드가 너무 비대해지면 또 다른 ‘신’ 객체가 되니, 기능별로 잘 나누는 게 포인트입니다.		O	TRUE	X	FALSE					frontend	typescript	structural	pattern
Q304	데코레이터 패턴(Decorator Pattern)		언어 중심 - TypeScript	97	OX	EASY	데코레이터 패턴은 기능 확장을 위해 반드시 상속을 사용해야만 한다.	데코레이터 패턴은 상속 대신 “조합”으로 기능을 덧붙이는 패턴입니다. 즉, 객체를 래핑(wrapping)해서 런타임에 책임을 추가할 수 있으므로 “반드시 상속”은 틀린 설명이고 X가 정답입니다. TypeScript에서는 클래스/인터페이스로 공통 계약을 두고, 데코레이터가 동일한 인터페이스를 구현해 체인처럼 감싸는 구조가 흔합니다. 면접에서는 상속의 단점(클래스 폭발, 강한 결합)을 피하는 대안으로 설명하면 좋습니다. 실무에서는 래핑이 깊어지면 디버깅이 어려워질 수 있어, 로깅/트레이싱 포인트를 같이 설계하는 게 좋습니다.		O	FALSE	X	TRUE					frontend	typescript	structural	pattern
Q305	프록시 패턴(Proxy Pattern)		언어 중심 - TypeScript	97	OX	EASY	프록시 패턴은 실제 객체에 대한 접근을 대신 수행하면서, 접근 제어 또는 캐싱 같은 부가 기능을 끼워 넣을 수 있다.	프록시 패턴은 실제 객체(Real Subject) 앞에 대리 객체를 두어 접근을 통제하는 패턴입니다. 인증 체크, 지연 로딩, 캐싱, 로깅처럼 “접근 시점”에 부가 작업을 넣고 싶을 때 유용합니다. TypeScript에서는 ES Proxy 객체를 활용하거나, 인터페이스 기반으로 프록시 클래스를 만들어 적용할 수 있습니다. 면접에서는 데코레이터와의 차이를 묻기도 하는데, 프록시는 ‘접근 제어/대리’ 성격이 강하다는 점이 포인트입니다. 실무에서는 프록시가 너무 많은 책임을 가지면 성능 저하나 예외 처리 누락이 생기니 경계가 중요합니다.		O	TRUE	X	FALSE					frontend	typescript	structural	pattern
Q306	옵저버 패턴(Observer Pattern)		언어 중심 - TypeScript	97	OX	EASY	옵저버 패턴에서 Subject는 구독자 목록을 관리하지 않고, 상태 변경을 알아서 전파한다.	옵저버 패턴에서 Subject는 일반적으로 구독(등록)된 Observer 목록을 관리합니다. 그리고 상태가 바뀌면 그 목록을 순회하며 notify를 호출하는 식으로 변경을 전파합니다. 따라서 “목록을 관리하지 않는다”는 설명은 틀려서 X가 정답입니다. TypeScript에서는 이벤트 emitter 패턴이나 RxJS의 Observable 개념과 연결해서 설명하는 경우가 많습니다. 실무에서는 구독 해제 누락으로 메모리 누수가 생길 수 있으니 unsubscribe 같은 생명주기 관리가 중요합니다.		O	FALSE	X	TRUE					frontend	typescript	behavioral	pattern
Q307	전략 패턴(Strategy Pattern)		언어 중심 - TypeScript	97	OX	EASY	전략 패턴은 동일한 작업을 수행하는 여러 알고리즘을 캡슐화하고, 필요에 따라 런타임에 교체할 수 있게 한다.	전략 패턴은 알고리즘 군을 인터페이스 뒤로 숨기고 교체 가능하게 만드는 행위 패턴입니다. 조건문(if/switch)으로 분기하던 로직을 객체(전략)로 분리하면, 확장에 유리해집니다. TypeScript에서는 함수 타입을 전략으로 쓰거나, 인터페이스 구현 클래스로 전략을 분리할 수 있습니다. 면접에서는 OCP(개방 폐쇄 원칙) 관점에서 전략 패턴이 왜 도움이 되는지 자주 물어봅니다. 실무에서는 전략 선택 기준(입력 값, 설정, 실험 플래그)을 한 곳에서 관리해 분기가 흩어지지 않게 하는 게 포인트입니다.		O	TRUE	X	FALSE					frontend	typescript	behavioral	pattern
Q308	커맨드 패턴(Command Pattern)		언어 중심 - TypeScript	97	OX	EASY	커맨드 패턴은 실행할 작업을 호출 코드에 고정해두므로, 되돌리기(Undo)나 큐잉 구현에 불리하다.	커맨드 패턴은 “요청 자체를 객체로 캡슐화”하는 것이 핵심입니다. 요청을 객체로 만들면 큐잉, 로깅, 재시도, Undo 같은 기능을 구현하기가 오히려 쉬워집니다. 그래서 “불리하다”는 설명은 틀린 내용이라 X가 정답입니다. TypeScript에서는 execute 인터페이스를 정의하고, 각 커맨드가 그 계약을 구현하도록 구성하는 방식이 흔합니다. 실무에서는 커맨드에 필요한 상태(redo/undo에 필요한 데이터)를 어디까지 저장할지 설계하는 것이 중요합니다.		O	FALSE	X	TRUE					frontend	typescript	behavioral	pattern
Q309	이터레이터 패턴(Iterator Pattern)		언어 중심 - TypeScript	97	OX	EASY	이터레이터 패턴은 컬렉션의 내부 구현을 노출하지 않고, 순회 방법을 표준화된 방식으로 제공한다.	이터레이터 패턴은 컬렉션의 내부 구조를 숨기면서 순회 기능을 제공하는 패턴입니다. 호출자는 배열인지 트리인지 몰라도 next 같은 동일한 인터페이스로 순회할 수 있습니다. TypeScript에서는 ES6 이터러블, 제너레이터, Symbol.iterator 개념과 함께 설명하면 이해가 빠릅니다. 면접에서는 “for..of가 동작하는 이유”를 이터러블/이터레이터로 풀어낼 수 있는지 보기도 합니다. 실무에서는 커스텀 컬렉션을 만들 때 반복 규약을 제공하면 라이브러리 호환성이 좋아집니다.		O	TRUE	X	FALSE					frontend	typescript	behavioral	pattern
Q310	상태 패턴(State Pattern)		언어 중심 - TypeScript	97	OX	EASY	상태 패턴은 상태별 동작을 한 클래스의 if 문으로 더 많이 모아두는 것이 핵심이다.	상태 패턴의 핵심은 상태별 동작을 if/switch로 모으는 것이 아니라, 상태를 객체로 분리해 조건 분기를 줄이는 것입니다. 즉, 상태가 바뀌면 다른 상태 객체로 교체하고, 그 객체가 행동을 결정합니다. 그래서 “if 문으로 더 모아둔다”는 설명은 틀려서 X가 정답입니다. TypeScript에서는 상태 인터페이스를 정의하고, 각 상태가 동일한 메서드를 구현하도록 구성합니다. 실무에서는 상태 전이 규칙이 복잡해질수록 상태 머신처럼 모델링하는 게 디버깅에 유리합니다.		O	FALSE	X	TRUE					frontend	typescript	behavioral	pattern
Q311	템플릿 메서드 패턴(Template Method Pattern)		언어 중심 - TypeScript	97	OX	EASY	템플릿 메서드 패턴은 알고리즘의 큰 흐름을 상위 클래스에 두고, 일부 단계만 하위 클래스가 구현하도록 한다.	템플릿 메서드 패턴은 알고리즘의 “골격”을 상위 클래스에서 정의하는 패턴입니다. 변하는 부분만 하위 클래스(또는 오버라이드 가능한 훅 메서드)가 구현해 중복을 줄입니다. TypeScript에서는 추상 클래스와 protected 메서드를 활용해 표현하는 경우가 많습니다. 면접에서는 전략 패턴과 비교 질문이 자주 나오는데, 템플릿은 상속 기반, 전략은 조합 기반이라는 점이 핵심 차이입니다. 실무에서는 상속 계층이 깊어지면 유지보수가 어려워질 수 있어, 적용 범위를 신중히 고르는 것이 좋습니다.		O	TRUE	X	FALSE					frontend	typescript	behavioral	pattern
Q312	책임 연쇄 패턴(Chain of Responsibility Pattern)		언어 중심 - TypeScript	97	OX	EASY	책임 연쇄 패턴은 요청을 여러 핸들러에 순서대로 전달하며, 처리 가능한 핸들러가 나타나면 거기서 처리한다.	책임 연쇄 패턴은 요청을 처리할 수 있는 객체를 찾을 때까지 체인을 따라 전달하는 패턴입니다. 호출자는 어떤 핸들러가 처리할지 몰라도 되고, 핸들러들은 공통 인터페이스로 연결됩니다. TypeScript에서는 (req) => next(req) 같은 미들웨어 형태로도 쉽게 표현할 수 있어 웹 개발에서 자주 떠올립니다. 면접에서는 결합도 감소와 확장성 측면을 설명하는 것이 중요합니다. 실무에서는 체인이 너무 길어지면 디버깅이 어려우니 로깅과 종료 조건을 명확히 두는 게 좋습니다.		O	TRUE	X	FALSE					frontend	typescript	behavioral	pattern
Q313	미디에이터 패턴(Mediator Pattern)		언어 중심 - TypeScript	97	OX	EASY	미디에이터 패턴은 객체들이 서로를 직접 참조하게 만들어 결합도를 높이는 패턴이다.	미디에이터 패턴은 반대로 객체들이 서로 직접 참조하지 않게 만들어 결합도를 낮추는 패턴입니다. 여러 컴포넌트가 서로 얽혀 통신할 때, 중재자 한 곳으로 상호작용을 모아 복잡도를 줄입니다. 그래서 “결합도를 높인다”는 설명은 틀려서 X가 정답입니다. TypeScript에서는 이벤트 버스, 컨트롤러, 코디네이터 같은 역할이 미디에이터로 해석되기도 합니다. 실무에서는 미디에이터가 과도하게 비대해지면 단일 병목이 될 수 있어 책임 분리가 중요합니다.		O	FALSE	X	TRUE					frontend	typescript	behavioral	pattern
Q314	비지터 패턴(Visitor Pattern)		언어 중심 - TypeScript	97	OX	EASY	비지터 패턴은 데이터 구조(요소)와 그 위에서 수행할 연산을 분리해, 연산을 쉽게 추가할 수 있게 한다.	비지터 패턴은 요소 구조는 유지하면서 “연산을 추가”하기 쉽게 만드는 패턴입니다. 요소(객체 구조) 쪽은 accept를 제공하고, 비지터가 실제 연산 로직을 담당합니다. TypeScript에서는 합성 타입, AST 처리 같은 맥락에서 비지터를 떠올리는 면접 질문이 나올 수 있습니다. 면접에서는 장점(연산 추가 용이)과 단점(요소 타입 추가가 어려움)을 함께 말하는 게 좋습니다. 실무에서는 요소 타입이 자주 바뀌는지, 연산이 자주 추가되는지에 따라 적용 적합성이 달라집니다.		O	TRUE	X	FALSE					frontend	typescript	behavioral	pattern
Q315	플라이웨이트 패턴(Flyweight Pattern)		언어 중심 - TypeScript	97	OX	EASY	플라이웨이트 패턴은 공유 가능한 상태를 재사용해, 많은 객체를 만들 때 메모리 사용을 줄이는 데 도움이 된다.	플라이웨이트 패턴은 공통으로 재사용 가능한 “내재 상태”를 공유해 메모리 사용을 줄이는 패턴입니다. 같은 데이터를 반복해서 들고 있는 객체가 대량으로 생길 때 효과가 큽니다. TypeScript/JavaScript에서도 대량 렌더링, 아이콘/폰트 캐시, 문자열 테이블 같은 맥락으로 연결해 설명할 수 있습니다. 면접에서는 공유 상태와 외재 상태를 어떻게 나누는지(무엇을 공유하고 무엇을 외부에서 주입하는지)가 핵심 포인트입니다. 실무에서는 캐시 무효화나 동시성 이슈보다, 오히려 상태 분리 설계가 잘못되어 버그가 나는 경우를 조심해야 합니다.		O	TRUE	X	FALSE					frontend	typescript	structural	pattern
Q316	의존성 주입(Dependency Injection)		언어 중심 - TypeScript	97	OX	EASY	의존성 주입은 객체가 필요한 의존성을 직접 new로 만들게 해서, 구체 구현에 더 강하게 결합되도록 유도한다.	의존성 주입은 객체가 의존성을 직접 생성(new)하지 않고, 외부에서 주입받게 해서 결합도를 낮추는 기법입니다. 그래서 “직접 new로 만들게 유도한다”는 설명은 반대이며 X가 정답입니다. TypeScript에서는 생성자 주입, 팩토리 주입, 또는 함수 인자 주입 형태로도 자연스럽게 구현할 수 있습니다. 면접에서는 DI가 테스트에 유리한 이유(목 대체, 격리)를 설명하는 질문이 자주 나옵니다. 실무에서는 DI 컨테이너를 쓰든 안 쓰든, 의존성 방향과 인터페이스 경계를 명확히 잡는 게 가장 중요합니다.		O	FALSE	X	TRUE					frontend	typescript	architecture	pattern
Q317	모듈 패턴(Module Pattern)		언어 중심 - TypeScript	97	OX	EASY	모듈 패턴은 외부에 공개할 API만 export하고, 나머지는 모듈 내부 스코프에 숨겨 캡슐화를 강화할 수 있다.	모듈 패턴은 필요한 것만 export하고 내부 구현은 숨기는 방식으로 캡슐화를 강화합니다. TypeScript/ESM 환경에서는 파일 단위 스코프와 export/import가 자연스럽게 이 패턴을 지원합니다. 면접에서는 “왜 전역 오염을 피해야 하는지”와 연결해서 설명하면 좋습니다. 실무에서는 index.ts 배럴(barrel) 파일로 공개 API를 정리하되, 순환 의존성(circular dependency)을 만들지 않도록 주의해야 합니다. 또한 export 범위를 좁히면 리팩터링 시 변경 전파가 줄어 유지보수성이 좋아집니다.		O	TRUE	X	FALSE					frontend	typescript	module	pattern
Q318	네임스페이스 패턴(Namespace Pattern)		언어 중심 - TypeScript	97	OX	EASY	TypeScript의 namespace는 런타임에 실제 객체로 남지 않고, 타입 레벨에서만 동작한다.	TypeScript의 namespace는 컴파일 옵션과 타깃에 따라 런타임 JS 코드로 IIFE/객체 형태가 생성될 수 있어 “타입 레벨에서만”이라고 단정하면 틀립니다. 요즘은 ESM(import/export) 사용이 권장되어 namespace는 레거시 패턴처럼 취급되는 경우가 많습니다. 면접에서는 namespace와 module(ESM)의 차이, 그리고 왜 ESM을 선호하는지 질문이 나올 수 있습니다. 실무에서는 번들러/트리쉐이킹과의 궁합을 고려하면 ESM 기반 구조가 유리합니다. 따라서 이 문장은 X가 정답입니다.		O	FALSE	X	TRUE					frontend	typescript	module	namespace
Q319	믹스인 패턴(Mixin Pattern)		언어 중심 - TypeScript	97	OX	EASY	믹스인 패턴은 여러 기능을 조합해 클래스에 추가할 수 있어, 단일 상속의 한계를 보완하는 데 쓰인다.	믹스인 패턴은 여러 기능을 조합해서 재사용하는 방식으로, 단일 상속만 가능한 언어에서 특히 유용합니다. TypeScript에서는 함수로 클래스 확장(클래스 반환) 형태의 mixin 구현이 흔하고, 인터섹션 타입과 함께 사용되기도 합니다. 면접에서는 “다중 상속 대신 조합” 관점에서 장점과 복잡도(타입 추론, 충돌)를 함께 묻는 경우가 있습니다. 실무에서는 메서드 이름 충돌과 this 타입이 꼬이지 않도록 설계를 단순하게 유지하는 게 중요합니다. 또한 mixin 남발은 디버깅을 어렵게 하니 적용 범위를 제한하는 편이 좋습니다.		O	TRUE	X	FALSE					frontend	typescript	structural	mixin
Q320	컴포지션 패턴(Composition Pattern)		언어 중심 - TypeScript	97	OX	EASY	컴포지션 패턴은 상속보다 조합을 우선해 기능을 구성하며, 유연한 확장에 도움이 된다.	컴포지션은 객체가 다른 객체를 포함(has-a)해 기능을 구성하는 방식으로, 상속(is-a)보다 변경에 유연한 경우가 많습니다. TypeScript에서는 인터페이스 기반으로 역할을 쪼개고 필요한 구현을 주입하는 식으로 컴포지션을 자연스럽게 구현할 수 있습니다. 면접에서는 “상속 vs 조합” 장단점 비교가 자주 나오며, 조합은 결합도 감소와 테스트 용이성을 강조하면 좋습니다. 실무에서는 역할을 너무 잘게 쪼개면 객체 그래프가 복잡해질 수 있어, 적절한 경계 설정이 중요합니다. 또한 DI와 함께 쓰면 교체 가능성이 더 커집니다.		O	TRUE	X	FALSE					frontend	typescript	design	composition
Q321	의존 역전 원칙(DIP - Dependency Inversion Principle)		언어 중심 - TypeScript	97	OX	EASY	DIP는 고수준 모듈과 저수준 모듈이 모두 추상화(인터페이스)에 의존하도록 하여 결합도를 낮추는 원칙이다.	DIP는 구체 구현이 아니라 추상화에 의존하게 만들어 변경 영향 범위를 줄이는 설계 원칙입니다. TypeScript에서는 interface/type을 통해 계약을 정의하고, 구현체는 그 계약을 만족하게 만들면 됩니다. 면접에서는 “DI(주입)”와 DIP를 혼동하지 않는지 확인하는 질문이 나오는데, DIP는 원칙이고 DI는 구현 기법이라는 점이 포인트입니다. 실무에서는 추상화를 과하게 만들면 오히려 복잡해질 수 있으니, 변경 가능성이 높은 경계(외부 API, 저장소, 메시지 브로커 등)에 우선 적용합니다. 또한 테스트에서 목 객체로 대체하기 쉬워집니다.		O	TRUE	X	FALSE					frontend	typescript	solid	design
Q322	단일 책임 원칙(SRP - Single Responsibility Principle)		언어 중심 - TypeScript	97	OX	EASY	SRP는 클래스가 변경되는 이유가 단 하나여야 한다는 원칙으로, 유지보수성을 높이는 데 도움이 된다.	SRP는 “한 클래스는 하나의 책임(변경 이유)”을 가져야 한다는 원칙입니다. 변경 이유가 여러 개면 수정할 때 영향 범위를 예측하기 어렵고, 버그가 섞이기 쉬워집니다. TypeScript에서는 서비스/유틸/모델 역할을 분리하고, 타입 정의와 로직을 적절히 나누는 방식으로 SRP를 적용합니다. 면접에서는 “책임”을 기능 목록이 아니라 ‘변경의 축’으로 설명할 수 있는지가 중요합니다. 실무에서는 파일/폴더 구조를 책임 단위로 정리하면 온보딩과 리팩터링이 쉬워집니다.		O	TRUE	X	FALSE					frontend	typescript	solid	design
Q323	개방 폐쇄 원칙(OCP - Open Closed Principle)		언어 중심 - TypeScript	97	OX	EASY	OCP는 기존 코드를 수정하지 않고는 기능을 확장할 수 없도록 만드는 것이 목표다.	OCP는 “확장에는 열려 있고 변경에는 닫혀 있어야 한다”는 원칙입니다. 즉, 기능 추가를 위해 기존 코드를 매번 고치지 않도록 구조를 만들자는 취지이므로 문장은 반대로 설명하고 있어 X가 정답입니다. TypeScript에서는 전략 패턴, 핸들러 등록(map 기반), 플러그인 구조 등으로 OCP를 구현하기 쉽습니다. 면접에서는 if/switch 폭발을 어떻게 줄일지 구체 예시로 설명하면 좋습니다. 실무에서는 확장 포인트를 미리 과도하게 만들기보다, 실제 변경이 반복되는 지점부터 리팩터링하는 접근이 안전합니다.		O	FALSE	X	TRUE					frontend	typescript	solid	design
Q324	인터페이스 분리 원칙(ISP - Interface Segregation Principle)		언어 중심 - TypeScript	97	OX	EASY	ISP는 하나의 거대한 인터페이스로 모든 기능을 제공해, 구현체가 공통으로 따르도록 만드는 것이 좋다고 말한다.	ISP는 거대한 인터페이스를 강요하지 말고, 클라이언트가 필요한 기능만 의존하도록 인터페이스를 분리하라는 원칙입니다. 큰 인터페이스는 구현체가 쓰지도 않는 메서드를 억지로 구현하게 만들고 결합도를 높입니다. TypeScript에서는 작은 역할 단위의 인터페이스를 만들고, 필요하면 여러 인터페이스를 합성(intersection)해 사용하면 됩니다. 면접에서는 “프런트에서 API DTO가 비대해질 때 어떻게 나누나” 같은 질문으로도 연결됩니다. 실무에서는 역할 기반으로 인터페이스를 나누면 테스트 더블 만들기도 쉬워집니다.		O	FALSE	X	TRUE					frontend	typescript	solid	design
Q325	리스코프 치환 원칙(LSP - Liskov Substitution Principle)		언어 중심 - TypeScript	97	OX	EASY	LSP는 하위 타입이 상위 타입을 대체해도 프로그램의 의미가 깨지지 않아야 한다는 원칙이다.	LSP는 상속/다형성의 신뢰성을 보장하는 원칙입니다. 하위 타입이 상위 타입의 계약을 깨면, 상위 타입을 기대한 코드가 오동작합니다. TypeScript에서는 구조적 타이핑 때문에 “형태가 맞으면 대체 가능”해 보이지만, 의미적 계약(예외, 사전조건/사후조건)을 지키는지가 더 중요합니다. 면접에서는 “상속보다 조합이 안전한 이유”와도 연결해서 이야기할 수 있습니다. 실무에서는 잘못된 상속으로 인해 런타임 버그가 생기지 않도록, 계약을 테스트로 고정하거나 타입을 더 엄격히 설계하는 것이 좋습니다.		O	TRUE	X	FALSE					frontend	typescript	solid	design
Q326	렌더 프로프 패턴(Render Props Pattern)		언어 중심 - TypeScript	97	OX	EASY	렌더 프로프 패턴은 UI를 그리는 함수를 props로 전달해, 재사용 로직과 렌더링을 분리하는 데 사용될 수 있다.	렌더 프로프는 컴포넌트에 “렌더링 함수”를 전달해 화면을 어떻게 그릴지 외부에서 결정하게 하는 패턴입니다. React 생태계에서 많이 쓰였고, TypeScript에서는 해당 함수의 인자/반환 타입을 명확히 정의해 안정성을 높입니다. 면접에서는 HOC, hooks와 비교해서 장단점을 묻기도 합니다. 실무에서는 props drilling이나 컴포넌트 중첩이 깊어질 수 있어, hooks나 컴포지션으로 대체하는 경우도 많습니다. 그래도 라이브러리 설계에서 여전히 유용한 경우가 있습니다.		O	TRUE	X	FALSE					frontend	typescript	frontend	pattern
Q327	고차 함수 패턴(Higher Order Function Pattern)		언어 중심 - TypeScript	97	OX	EASY	고차 함수는 함수를 인자로 받거나 함수를 반환하는 함수로, 공통 로직을 추출해 재사용하는 데 유용하다.	고차 함수는 함수형 프로그래밍에서 가장 기본적인 재사용 도구입니다. 인증/로깅/에러 처리 같은 횡단 관심사를 래핑해서 재사용하기 좋습니다. TypeScript에서는 제네릭과 함수 타입으로 입력/출력 시그니처를 정확히 유지하는 것이 포인트입니다. 면접에서는 map/filter/reduce 같은 예시로 설명하면 이해가 빠릅니다. 실무에서는 타입 추론이 깨지지 않도록 반환 타입을 잘 설계하고, 과도한 중첩으로 가독성이 떨어지지 않게 주의해야 합니다.		O	TRUE	X	FALSE					frontend	typescript	functional	pattern
Q328	옵션 객체 패턴(Options Object Pattern)		언어 중심 - TypeScript	97	OX	EASY	옵션 객체 패턴은 매개변수가 많을 때 객체 하나로 묶어 전달하며, 기본값과 선택적 옵션을 표현하기 쉽다.	옵션 객체 패턴은 파라미터가 길어질 때 호출 가독성을 높여줍니다. TypeScript에서는 선택적 프로퍼티( ? ), Partial, 기본값 디스트럭처링 등과 궁합이 좋습니다. 면접에서는 “인자 순서 실수”를 줄이고 API 변경에 유연하다는 장점을 설명하면 좋습니다. 실무에서는 옵션이 너무 많아지면 객체가 비대해질 수 있어, 기능별로 옵션을 나누거나 빌더로 전환하는 기준을 세우는 것이 좋습니다. 또한 기본값 적용 위치(함수 내부 vs 호출부)를 일관되게 가져가면 버그가 줄어듭니다.		O	TRUE	X	FALSE					frontend	typescript	api	pattern
Q329	Result 패턴(Result Pattern)		언어 중심 - TypeScript	97	OX	EASY	Result 패턴은 예외를 던지는 대신 성공/실패를 값으로 표현해, 호출자가 명시적으로 처리하도록 유도한다.	Result 패턴은 성공/실패를 타입으로 모델링해 에러 흐름을 통제하는 방식입니다. TypeScript에서는 union 타입으로 Ok/Err를 표현하고, narrow를 통해 안전하게 분기할 수 있습니다. 면접에서는 “예외 vs 반환값”의 트레이드오프(흐름 제어, 누락 가능성)를 묻는 경우가 있습니다. 실무에서는 네트워크/도메인 에러를 구분하고, 로깅/재시도 정책을 Result 레이어에서 일관되게 다루면 품질이 올라갑니다. 또한 호출자가 에러 처리를 빼먹지 않게 타입으로 강제할 수 있다는 점이 강점입니다.		O	TRUE	X	FALSE					frontend	typescript	error	pattern
Q330	Null Object 패턴(Null Object Pattern)		언어 중심 - TypeScript	97	OX	EASY	Null Object 패턴은 null을 그대로 반환해도 되니, 별도의 대체 객체는 필요 없다는 발상이다.	Null Object 패턴은 null 대신 “아무 것도 하지 않는” 대체 객체를 제공해 null 체크를 줄이는 패턴입니다. 즉, 별도의 대체 객체가 핵심이므로 “필요 없다”는 설명은 틀려서 X가 정답입니다. TypeScript에서는 Optional 체이닝(?.)이 있어도, 여전히 객체 계약을 유지하는 Null Object가 유용할 때가 있습니다. 면접에서는 NPE 방지와 코드 단순화 관점으로 설명하면 좋습니다. 실무에서는 Null Object가 실제로 문제를 숨기지 않도록, 필요한 경우 로깅/메트릭을 추가해 관측 가능성을 확보하는 게 좋습니다.		O	FALSE	X	TRUE					frontend	typescript	behavioral	pattern
Q331	레포지토리 패턴(Repository Pattern)		언어 중심 - TypeScript	97	OX	EASY	레포지토리 패턴은 데이터 접근 로직을 추상화해 도메인 로직이 저장소 구현(DB, API 등)에 덜 의존하게 만든다.	레포지토리 패턴은 도메인 계층이 “어디에 저장되는지”를 몰라도 되게 만드는 구조입니다. DB든 외부 API든 교체 가능성이 높아지고, 테스트에서 인메모리 구현으로 대체하기도 쉬워집니다. TypeScript에서는 인터페이스로 Repository 계약을 정의하고, 구현체는 실제 fetch/ORM 코드를 담는 식으로 구성합니다. 면접에서는 서비스/레포지토리 책임 분리와 트랜잭션 경계를 질문하는 경우가 많습니다. 실무에서는 쿼리 최적화가 필요한 경우, 레포지토리 API가 지나치게 범용적이면 오히려 성능이 나빠질 수 있어 조회 전용 포트 분리도 고려합니다.		O	TRUE	X	FALSE					frontend	typescript	architecture	pattern
Q332	서비스 레이어 패턴(Service Layer Pattern)		언어 중심 - TypeScript	97	OX	EASY	서비스 레이어는 여러 유스케이스를 묶어 비즈니스 로직을 한 곳에 모으고, 컨트롤러/UI가 도메인과 직접 얽히지 않게 한다.	서비스 레이어는 애플리케이션의 유스케이스를 조직화해, 표현 계층(UI/Controller)과 도메인/인프라 사이의 경계를 잡아줍니다. TypeScript 백엔드(NestJS 등)나 프런트 상태 관리에서도 “서비스”가 중간 조정자 역할을 하곤 합니다. 면접에서는 서비스가 ‘도메인 모델을 대신하는 신 객체’가 되지 않도록 어떻게 설계하는지도 질문이 나올 수 있습니다. 실무에서는 트랜잭션 경계, 권한 체크, 로깅 같은 공통 처리를 서비스 레이어에서 일관되게 두면 좋습니다. 다만 로직이 비대해지면 유스케이스 단위로 쪼개는 것이 유지보수에 유리합니다.		O	TRUE	X	FALSE					frontend	typescript	architecture	pattern
Q333	DTO 패턴(Data Transfer Object Pattern)		언어 중심 - TypeScript	97	OX	EASY	DTO는 계층 간 데이터 전달을 단순화하기 위한 객체이며, 보통 비즈니스 로직은 담지 않는 편이 좋다.	DTO는 전송/경계용 데이터 구조로, 직렬화/역직렬화와 궁합이 좋습니다. 비즈니스 규칙은 도메인 모델이나 서비스에 두고 DTO는 단순한 형태를 유지하는 것이 일반적입니다. TypeScript에서는 타입(alias)이나 interface로 DTO를 정의하고, 런타임 검증(zod 등)과 함께 쓰기도 합니다. 면접에서는 “도메인 객체를 그대로 API에 노출하면 안 되는 이유”를 DTO로 풀어내는 질문이 나옵니다. 실무에서는 DTO 버전 관리와 backward compatibility를 고려해 필드 추가/변경 정책을 세우는 것이 중요합니다.		O	TRUE	X	FALSE					frontend	typescript	architecture	pattern
Q334	어그리게이트 패턴(Aggregate Pattern)		언어 중심 - TypeScript	97	OX	EASY	어그리게이트는 관련 엔티티/값 객체를 묶는 경계이며, 외부에서는 어그리게이트 루트만을 통해 내부를 변경하도록 권장한다.	어그리게이트는 DDD에서 일관성 경계를 정의하는 개념입니다. 외부가 내부 엔티티를 직접 만지지 않고 루트를 통해 변경하면 불변식(invariant)을 지키기 쉬워집니다. TypeScript에서도 도메인 모델을 설계할 때 같은 원칙을 적용할 수 있습니다. 면접에서는 “트랜잭션 경계/일관성” 관점으로 설명하면 좋고, 루트가 무엇을 보장하는지 말할 수 있어야 합니다. 실무에서는 어그리게이트를 너무 크게 잡으면 동시성/성능 문제가 생길 수 있어 적절한 크기 조절이 중요합니다.		O	TRUE	X	FALSE					frontend	typescript	ddd	pattern
Q335	CQRS 패턴(CQRS Pattern)		언어 중심 - TypeScript	97	OX	EASY	CQRS는 읽기와 쓰기 모델을 분리해, 조회 성능과 변경 로직을 각각 최적화할 수 있게 한다.	CQRS는 Command(쓰기)와 Query(읽기)를 분리하는 아키텍처 패턴입니다. 읽기 모델은 조회 최적화에, 쓰기 모델은 규칙/불변식에 집중할 수 있습니다. TypeScript 백엔드에서도 복잡한 도메인과 높은 조회 트래픽이 있을 때 CQRS를 적용하는 사례가 있습니다. 면접에서는 “언제 CQRS가 과한가” 같은 현실적 판단도 자주 묻습니다. 실무에서는 데이터 동기화(이벤트, 캐시, read model 업데이트) 비용이 생기므로, 문제 규모에 맞춰 선택해야 합니다.		O	TRUE	X	FALSE					frontend	typescript	architecture	pattern
Q336	이벤트 소싱(Event Sourcing)		언어 중심 - TypeScript	97	OX	EASY	이벤트 소싱은 현재 상태만 저장하고 과거 변경 이력은 저장하지 않는 방식이다.	이벤트 소싱은 반대로 “상태 변경 이벤트의 로그”를 소스로 저장하고, 현재 상태는 이벤트를 재생해 계산하거나 스냅샷으로 보조하는 방식입니다. 따라서 “현재 상태만 저장하고 이력은 저장하지 않는다”는 설명은 틀려서 X가 정답입니다. TypeScript에서도 이벤트 스트림을 저장하고 프로젝션(read model)을 만드는 형태로 구현할 수 있습니다. 면접에서는 감사 로그, 재현 가능성, 디버깅/추적성 같은 장점을 설명할 수 있어야 합니다. 실무에서는 이벤트 스키마 버전 관리와 재생 비용(스냅샷 전략)이 핵심 운영 포인트입니다.		O	FALSE	X	TRUE					frontend	typescript	architecture	event
Q337	브리지 패턴(Bridge Pattern)		언어 중심 - TypeScript	97	OX	EASY	브리지 패턴은 추상화(Abstraction)와 구현(Implementation)을 분리해, 둘을 독립적으로 확장할 수 있게 한다.	브리지 패턴은 “추상화 계층”과 “구현 계층”을 분리해서, 한쪽 변화가 다른 쪽에 덜 영향을 주도록 만드는 구조적 패턴입니다. 예를 들어 UI 컨트롤(버튼)과 렌더러(웹/모바일)를 분리해 각각 확장할 수 있습니다. TypeScript에서는 인터페이스로 구현을 추상화하고, 클래스가 구현체를 컴포지션으로 가지는 방식으로 표현합니다. 면접에서는 어댑터(호환)와 브리지(분리/확장) 목적의 차이를 구분하는지 자주 봅니다. 실무에서는 클래스 폭발을 줄이고, 플랫폼별 구현을 안전하게 교체하기 위한 설계로 유용합니다.		O	TRUE	X	FALSE					frontend	typescript	structural	pattern
Q338	컴포지트 패턴(Composite Pattern)		언어 중심 - TypeScript	97	OX	EASY	컴포지트 패턴은 단일 객체와 객체의 집합을 동일한 인터페이스로 다뤄, 트리 구조를 일관되게 처리한다.	컴포지트 패턴은 트리 구조에서 “리프(단일)”와 “컨테이너(집합)”를 같은 인터페이스로 취급하게 해줍니다. 호출자는 개별 노드인지 그룹 노드인지 신경 쓰지 않고 동일한 메서드를 호출할 수 있습니다. TypeScript에서는 인터페이스(예: Component)에 공통 메서드를 두고, Leaf/Composite가 이를 구현하는 형태가 전형적입니다. 면접에서는 DOM 구조나 메뉴/권한 트리 등 실무 예시로 설명하면 좋습니다. 실무에서는 순회/삭제/추가 시 사이드이펙트를 줄이기 위해 불변 업데이트와 결합하기도 합니다.		O	TRUE	X	FALSE					frontend	typescript	structural	pattern
Q339	인터프리터 패턴(Interpreter Pattern)		언어 중심 - TypeScript	97	OX	EASY	인터프리터 패턴은 간단한 문법을 정의하고, 그 문법을 해석하는 표현식 객체들을 구성하는 패턴이다.	인터프리터 패턴은 언어의 문법(규칙)을 클래스/객체 구조로 표현하고 해석기를 만들어 실행하는 패턴입니다. SQL, 필터 표현식, 간단한 규칙 엔진처럼 “작은 DSL”을 처리할 때 언급됩니다. TypeScript에서는 AST(추상 구문 트리) 노드를 타입으로 정의하고 evaluate 같은 메서드로 해석 로직을 구현할 수 있습니다. 면접에서는 “언제 쓰면 과한가”를 묻기도 하는데, 문법이 복잡해지면 파서/컴파일러 수준으로 커질 수 있다는 점이 포인트입니다. 실무에서는 작은 범위의 규칙 처리에 한정해 적용하는 것이 안전합니다.		O	TRUE	X	FALSE					frontend	typescript	behavioral	pattern
Q340	메멘토 패턴(Memento Pattern)		언어 중심 - TypeScript	97	OX	EASY	메멘토 패턴은 객체의 내부 상태를 캡슐화를 깨지 않고 저장해, 필요 시 복원(undo)할 수 있게 한다.	메멘토 패턴은 상태 스냅샷을 만들어 나중에 복원할 수 있게 하는 패턴입니다. 핵심은 “캡슐화를 유지하면서” 저장/복원한다는 점으로, 외부가 내부 구조를 직접 만지지 않게 합니다. TypeScript에서는 상태를 직렬화 가능한 형태로 저장하거나, 불변 객체를 스냅샷으로 보관하는 방식으로도 구현할 수 있습니다. 면접에서는 커맨드 패턴과 함께 undo/redo를 어떻게 설계할지 묶어서 질문하는 경우가 있습니다. 실무에서는 스냅샷 크기(메모리)와 저장 주기(성능)를 고려해 델타 저장을 섞는 전략도 자주 쓰입니다.		O	TRUE	X	FALSE					frontend	typescript	behavioral	pattern
Q341	서킷 브레이커 패턴(Circuit Breaker Pattern)		언어 중심 - TypeScript	97	OX	EASY	서킷 브레이커 패턴은 외부 서비스 장애 시에도 계속 요청을 보내도록 하여, 장애를 빠르게 감지하는 패턴이다.	서킷 브레이커는 외부 서비스가 실패할 때 “계속 두드리지 않도록” 차단해 시스템을 보호하는 패턴입니다. 일정 실패율/시간 기준을 넘으면 회로를 열어 빠르게 실패시키고, 회복 여부를 반개방 상태에서 탐지합니다. 그래서 “계속 요청을 보낸다”는 설명은 반대라 X가 정답입니다. TypeScript 기반 서버(Node/NestJS)에서도 HTTP 호출에 적용할 수 있고, 프런트에서도 API 게이트웨이/백엔드에서 주로 적용됩니다. 실무에서는 타임아웃, 재시도, 폴백(fallback)을 함께 설계해야 효과가 큽니다.		O	FALSE	X	TRUE					frontend	typescript	resiliency	pattern
Q342	리트라이 패턴(Retry Pattern)		언어 중심 - TypeScript	97	OX	EASY	리트라이는 네트워크 같은 일시적 오류에 대해 재시도를 통해 성공 확률을 높일 수 있지만, 무작정 재시도는 장애를 악화시킬 수 있다.	재시도는 일시적 실패(타임아웃, 일시적 5xx 등)에서 성공 확률을 높일 수 있습니다. 하지만 즉시/무한 재시도는 트래픽 폭증으로 장애를 더 키우는 “재시도 폭풍”을 만들 수 있습니다. TypeScript에서는 백오프(지수 백오프), 지터(jitter), 최대 횟수/최대 시간 제한을 함께 두는 것이 핵심입니다. 면접에서는 “어떤 에러는 재시도하면 안 되는가(4xx, 비멱등 요청)” 같은 포인트를 물어봅니다. 실무에서는 멱등성(idempotency) 키와 함께 설계하면 안전성이 올라갑니다.		O	TRUE	X	FALSE					frontend	typescript	resiliency	pattern
Q343	레이트 리미팅 패턴(Rate Limiting Pattern)		언어 중심 - TypeScript	97	OX	EASY	레이트 리미팅은 요청 수를 제한해 과부하를 막고, API 남용을 방지하는 데 도움이 된다.	레이트 리미팅은 특정 시간당 요청 수를 제한해 서비스 안정성을 지키는 패턴입니다. 악성 트래픽이나 과도한 사용으로부터 시스템을 보호하고, 공정한 자원 분배에도 도움이 됩니다. TypeScript 서버에서는 토큰 버킷/리키 버킷 같은 알고리즘을 미들웨어로 구현하거나, API 게이트웨이에서 설정하는 경우가 많습니다. 면접에서는 429 응답과 재시도 정책, 그리고 사용자별/키별 제한 단위를 질문할 수 있습니다. 실무에서는 분산 환경에서 카운터 저장소(Redis 등) 일관성도 고려해야 합니다.		O	TRUE	X	FALSE					frontend	typescript	api	pattern
Q344	백오프 패턴(Exponential Backoff)		언어 중심 - TypeScript	97	OX	EASY	지수 백오프는 재시도 간격을 점점 늘려, 재시도 폭풍을 완화하는 데 도움이 된다.	지수 백오프는 재시도 간격을 1s, 2s, 4s처럼 점점 늘리는 방식으로 과부하를 줄입니다. 서버가 회복할 시간을 벌어주고, 동시에 클라이언트들이 한꺼번에 몰리는 현상을 완화합니다. TypeScript에서는 재시도 유틸을 만들어 공통 적용하거나, 라이브러리 옵션으로 설정하는 경우가 많습니다. 면접에서는 지터(jitter)를 함께 쓰는 이유(동기화된 재시도 방지)를 묻기도 합니다. 실무에서는 최대 대기 시간과 최대 재시도 횟수를 두어 사용자 경험을 고려해야 합니다.		O	TRUE	X	FALSE					frontend	typescript	resiliency	pattern
Q345	폴백 패턴(Fallback Pattern)		언어 중심 - TypeScript	97	OX	EASY	폴백은 실패 시 대체 경로(캐시, 기본값, 축소 기능)를 제공해 사용자 경험을 유지하는 전략이다.	폴백은 장애나 오류가 발생했을 때 서비스가 완전히 멈추지 않도록 “대체 동작”을 제공하는 패턴입니다. 예를 들어 캐시 데이터 반환, 기본 문구 표시, 일부 기능 비활성화 같은 방식이 있습니다. TypeScript 프런트에서는 스켈레톤 UI, 기본 메시지, 오프라인 캐시로 연결해 설명할 수 있습니다. 면접에서는 폴백이 데이터 신선도/정확도에 미치는 영향도 같이 고려하는지 봅니다. 실무에서는 폴백 발생률을 모니터링해서 근본 원인을 개선하는 루프가 필요합니다.		O	TRUE	X	FALSE					frontend	typescript	resiliency	pattern
Q346	벌크헤드 패턴(Bulkhead Pattern)		언어 중심 - TypeScript	97	OX	EASY	벌크헤드는 자원을 격리해 한 부분의 장애가 전체로 전파되는 것을 막는 패턴이다.	벌크헤드는 선박의 격벽처럼 시스템 자원을 구획으로 나눠 한 구역의 문제가 전체 침몰로 이어지지 않게 합니다. 스레드 풀/커넥션 풀/큐를 기능별로 나누는 방식으로 구현됩니다. TypeScript 서버에서는 워커 풀, 큐, 외부 API 호출용 리소스 제한 등으로 적용할 수 있습니다. 면접에서는 “왜 격리가 필요하냐”를 장애 전파 차단과 SLO 관점에서 설명하면 좋습니다. 실무에서는 격리가 과하면 자원 활용률이 떨어질 수 있어 적절한 분할 기준이 중요합니다.		O	TRUE	X	FALSE					frontend	typescript	resiliency	pattern
Q347	스트랭글러 피그 패턴(Strangler Fig Pattern)		언어 중심 - TypeScript	97	OX	EASY	스트랭글러 피그 패턴은 레거시를 한 번에 전면 교체(Big Bang)하는 마이그레이션 방식이다.	스트랭글러 피그는 레거시를 한 번에 바꾸는 것이 아니라, 신규 기능을 점진적으로 새 시스템으로 옮기면서 레거시를 서서히 대체하는 전략입니다. 라우팅/프록시로 트래픽 일부를 새 구현으로 보내며 범위를 넓혀갑니다. 그래서 “전면 교체”는 반대라 X가 정답입니다. TypeScript 프런트에서도 점진적 리라이트(페이지 단위 교체) 전략으로 자주 이야기됩니다. 실무에서는 모니터링과 롤백 경로를 확보한 채로 작은 단위로 잘라 이동하는 게 핵심입니다.		O	FALSE	X	TRUE					frontend	typescript	migration	pattern
Q348	안티 코럽션 레이어(ACL - Anti Corruption Layer)		언어 중심 - TypeScript	97	OX	EASY	ACL은 외부 시스템의 모델이 내부 도메인을 오염시키지 않도록 변환 계층을 두는 패턴이다.	ACL은 외부 시스템의 데이터/용어/규칙이 내부 도메인 모델에 그대로 스며드는 것을 막는 보호막입니다. 어댑터/변환 계층을 두어 내부 언어(유비쿼터스 언어)를 유지합니다. TypeScript에서도 외부 API 응답을 내부 DTO/도메인으로 매핑하는 계층이 ACL 역할을 할 수 있습니다. 면접에서는 “왜 외부 모델을 그대로 쓰면 위험한가”를 변경 전파와 도메인 일관성 관점으로 설명하면 좋습니다. 실무에서는 매핑 코드가 흩어지지 않도록 한 곳에 모아 관리하는 것이 중요합니다.		O	TRUE	X	FALSE					frontend	typescript	ddd	integration
Q349	바운디드 컨텍스트(Bounded Context)		언어 중심 - TypeScript	97	OX	EASY	바운디드 컨텍스트는 동일한 용어라도 컨텍스트가 다르면 의미가 달라질 수 있음을 전제로, 모델의 경계를 정의한다.	바운디드 컨텍스트는 “같은 단어라도 팀/도메인에 따라 의미가 달라질 수 있다”는 현실을 인정하고 경계를 긋는 개념입니다. 경계 안에서는 용어와 규칙이 일관되게 유지되고, 경계 밖과는 번역(ACL 등)으로 통합합니다. TypeScript 프로젝트에서도 모듈/패키지 경계를 컨텍스트로 삼아 의존성 규칙을 만들 수 있습니다. 면접에서는 유비쿼터스 언어와 함께 바운디드 컨텍스트를 설명하는지 자주 봅니다. 실무에서는 컨텍스트 간 통신 방식(이벤트, API)과 소유권(ownership)을 명확히 해야 충돌이 줄어듭니다.		O	TRUE	X	FALSE					frontend	typescript	ddd	architecture
Q350	이벤트 드리븐 아키텍처(EDA - Event Driven Architecture)		언어 중심 - TypeScript	97	OX	EASY	이벤트 드리븐 아키텍처는 컴포넌트가 이벤트를 발행/구독하며 느슨한 결합을 만들 수 있다.	EDA는 이벤트를 중심으로 시스템을 연결해 결합도를 낮추는 방식입니다. 발행자는 구독자를 몰라도 되고, 구독자는 필요한 이벤트만 소비하면 됩니다. TypeScript 백엔드에서는 메시지 브로커(Kafka/RabbitMQ)나 이벤트 버스 패턴으로 구현하고, 프런트에서도 이벤트 기반 상태 업데이트로 비유할 수 있습니다. 면접에서는 “일관성은 어떻게 보장하나” 같은 질문이 따라올 수 있어, eventual consistency를 같이 언급하면 좋습니다. 실무에서는 이벤트 스키마 관리와 중복 처리(멱등 소비)가 핵심 운영 포인트입니다.		O	TRUE	X	FALSE					frontend	typescript	architecture	event
Q351	사가 패턴(Saga Pattern)		언어 중심 - TypeScript	97	OX	EASY	사가 패턴은 분산 트랜잭션에서 각 단계의 보상 작업(compensation)을 정의해, 전체 실패 시 롤백을 흉내 낼 수 있다.	사가 패턴은 마이크로서비스 등 분산 환경에서 2PC 같은 강한 트랜잭션 대신 단계별 로컬 트랜잭션과 보상 트랜잭션으로 일관성을 맞추는 방식입니다. 실패 시 이전 단계들을 “되돌리는” 보상 작업을 실행합니다. TypeScript 서비스에서도 결제/주문 같은 흐름을 이벤트로 오케스트레이션/코레오그래피하는 형태로 구현할 수 있습니다. 면접에서는 오케스트레이션 vs 코레오그래피 차이를 가볍게라도 언급하면 좋습니다. 실무에서는 보상 작업이 진짜로 원복이 가능한지(비가역 작업)부터 점검해야 합니다.		O	TRUE	X	FALSE					frontend	typescript	architecture	saga
Q352	아웃박스 패턴(Outbox Pattern)		언어 중심 - TypeScript	97	OX	EASY	아웃박스 패턴은 DB 트랜잭션과 이벤트 발행의 원자성을 맞추기 위해, 이벤트를 먼저 DB에 기록한 뒤 발행하는 전략이다.	아웃박스 패턴은 “DB 저장”과 “메시지 발행” 사이의 불일치를 줄이기 위한 패턴입니다. 같은 트랜잭션 안에서 outbox 테이블에 이벤트를 기록하고, 별도 프로세스가 이를 읽어 브로커로 발행합니다. TypeScript 환경에서도 워커(크론/큐 컨슈머)가 outbox를 폴링하거나 CDC로 발행하는 식으로 구현할 수 있습니다. 면접에서는 데이터 유실/중복 발행을 어떻게 다루는지(멱등 소비, 발행 상태 플래그)를 질문할 수 있습니다. 실무에서는 outbox 테이블 정리(아카이빙)와 재처리 전략이 운영 포인트입니다.		O	TRUE	X	FALSE					frontend	typescript	architecture	event
Q353	트랜잭셔널 메시징(Transactional Messaging)		언어 중심 - TypeScript	97	OX	EASY	트랜잭셔널 메시징은 데이터 저장과 메시지 발행을 분리된 두 작업으로 두되, 실패해도 일관성 문제가 발생하지 않는다고 가정한다.	데이터 저장과 메시지 발행을 별개로 처리하면, 중간 실패로 인해 저장만 되고 발행이 안 되거나 그 반대가 될 수 있습니다. 그래서 “일관성 문제가 없다”고 가정하면 틀립니다. 이 문제를 줄이기 위해 아웃박스 패턴, 2PC, CDC 같은 접근이 필요합니다. TypeScript 백엔드에서도 외부 브로커를 쓸 때 자주 마주치는 장애 시나리오라 면접 단골입니다. 실무에서는 최소 한 번(at-least-once) 전달과 멱등 처리로 현실적인 일관성을 맞추는 경우가 많습니다. 따라서 이 문장은 X가 정답입니다.		O	FALSE	X	TRUE					frontend	typescript	architecture	messaging
Q354	캐시 어사이드 패턴(Cache Aside Pattern)		언어 중심 - TypeScript	97	OX	EASY	캐시 어사이드는 조회 시 캐시를 먼저 확인하고, 없으면 원본 저장소에서 읽어 캐시에 채우는 패턴이다.	캐시 어사이드(=lazy loading cache)는 읽기 경로에서 캐시를 우선 확인합니다. 미스가 나면 DB/API에서 읽어온 뒤 캐시에 저장해 다음 조회를 빠르게 합니다. TypeScript 서버에서는 Redis 캐시로 흔히 구현하고, 프런트에서도 SWR/React Query의 캐싱 전략으로 비유할 수 있습니다. 면접에서는 캐시 무효화, TTL, 스탬피드(동시 미스) 대응(락/싱글플라이트)을 질문할 수 있습니다. 실무에서는 “정확성 vs 성능” 균형을 잡고, 캐시 히트율/미스율을 관측하는 것이 중요합니다.		O	TRUE	X	FALSE					frontend	typescript	cache	pattern
Q355	라이트 스루 캐시(Write Through Cache)		언어 중심 - TypeScript	97	OX	EASY	라이트 스루는 쓰기 시 캐시만 갱신하고, 원본 DB에는 나중에 비동기로 기록하는 방식이다.	라이트 스루는 쓰기 시 캐시와 원본 저장소를 “동시에” 갱신하는 전략에 가깝습니다. “캐시만 갱신하고 나중에 비동기로 DB 기록”은 보통 라이트 백(Write Back) 또는 라이트 비하인드(Write Behind)에 해당합니다. 그래서 이 문장은 X가 정답입니다. TypeScript 서비스에서 캐시 전략을 말할 때는 데이터 유실 위험, 일관성, 지연 쓰기 실패 처리를 같이 설명해야 합니다. 면접에서는 각 전략의 트레이드오프와 언제 어떤 걸 선택하는지 질문이 자주 나옵니다. 실무에서는 운영 난이도가 높은 write-back은 모니터링/재처리 체계 없이는 위험합니다.		O	FALSE	X	TRUE					frontend	typescript	cache	pattern
Q356	리드 리페어(Read Repair)		언어 중심 - TypeScript	97	OX	EASY	리드 리페어는 읽기 시점에 서로 다른 복제본 간 불일치를 감지하면 최신 값으로 동기화하는 전략이다.	리드 리페어는 분산 저장소에서 읽는 과정에서 복제본 간 값이 다를 때 이를 바로잡는 접근입니다. 일관성을 완전히 강제하지 않고도 시간이 지나며 수렴하도록 만드는 전략의 하나입니다. TypeScript 자체 기능이라기보다는 시스템/아키텍처 패턴이지만, 백엔드 면접에서 자주 등장합니다. 면접에서는 강한 일관성 vs 최종 일관성, 그리고 읽기/쓰기 경로에서의 비용을 비교해 설명하면 좋습니다. 실무에서는 어떤 읽기에서 수선이 일어나는지 관측하고, 핫키에서 비용이 커지지 않도록 설계하는 포인트가 있습니다.		O	TRUE	X	FALSE					frontend	typescript	distributed	pattern
Q357	모나드 패턴(Monad Pattern)		언어 중심 - TypeScript	97	OX	EASY	모나드 패턴은 값의 계산을 컨테이너(맥락)로 감싸고, 체이닝을 통해 null 처리나 에러 처리를 일관되게 구성할 수 있다.	모나드는 값을 특정 “맥락” 안에 담아 연산을 연결하는 패턴적 아이디어로, 함수형에서 자주 언급됩니다. TypeScript에서는 Promise(비동기), Option/Maybe(null 안전), Result(성공/실패) 등이 모나드처럼 동작하는 예로 설명할 수 있습니다. 면접에서는 모나드 용어 자체보다, then 체이닝이나 map/flatMap의 의미를 이해하는지 보는 경우가 많습니다. 실무에서는 추상화가 과하면 팀 내 이해 비용이 커질 수 있어, Promise/Result처럼 익숙한 형태로 제한하는 편이 안전합니다. 또한 flatMap(then)과 map의 차이를 구분해야 중첩 컨테이너가 생기지 않습니다.		O	TRUE	X	FALSE					frontend	typescript	functional	pattern
Q358	파이프라인 패턴(Pipeline Pattern)		언어 중심 - TypeScript	97	OX	EASY	파이프라인 패턴은 처리 단계를 여러 함수로 분리하고, 출력이 다음 단계 입력이 되도록 연결해 가독성과 재사용성을 높인다.	파이프라인은 데이터가 여러 단계(transform)를 거치며 흐르는 구조를 만드는 패턴입니다. TypeScript에서는 배열의 map/filter/reduce 체인이나 함수 합성(compose/pipe) 유틸로 쉽게 표현됩니다. 면접에서는 “단일 책임”과 연결해 단계별로 테스트가 쉬워진다는 점을 강조하면 좋습니다. 실무에서는 단계가 너무 많아지면 디버깅이 어려워질 수 있어 중간 로깅/트레이싱을 넣는 것이 유용합니다. 또한 비동기 파이프라인에서는 Promise 체이닝과 예외 처리 경계가 중요합니다.		O	TRUE	X	FALSE					frontend	typescript	functional	pattern
Q359	함수 합성(Composition Function)		언어 중심 - TypeScript	97	OX	EASY	함수 합성은 작은 함수를 조합해 큰 함수를 만들며, 입력/출력 타입이 맞으면 안전하게 결합할 수 있다.	함수 합성은 작은 단위의 함수를 연결해 재사용성과 테스트 용이성을 높입니다. TypeScript에서는 각 함수의 입력/출력 타입이 맞는지 컴파일 타임에 검증되므로 런타임 오류가 줄어듭니다. 면접에서는 “순수 함수/부수효과”와 함께 합성이 왜 유리한지 묻기도 합니다. 실무에서는 합성 체인이 길어지면 추적이 어려울 수 있어 의미 있는 단위로 묶고 네이밍을 잘 하는 게 중요합니다. 또한 에러 처리(Result/Promise) 컨테이너를 함께 사용하면 합성이 더 일관됩니다.		O	TRUE	X	FALSE					frontend	typescript	functional	pattern
Q360	커링(Currying)		언어 중심 - TypeScript	97	OX	EASY	커링은 여러 인자를 받는 함수를 인자 하나씩 받는 함수들의 연쇄로 바꾸어, 부분 적용을 쉽게 만든다.	커링은 함수형 스타일에서 재사용을 높이는 기법입니다. 인자 일부를 미리 고정해 새로운 함수를 만들 수 있어, 공통 설정이 들어간 핸들러를 만들 때 유용합니다. TypeScript에서는 제네릭과 오버로드로 커링 함수의 타입을 잘 잡는 것이 포인트입니다. 면접에서는 커링과 부분 적용(partial application)을 구분할 수 있는지 보기도 합니다. 실무에서는 과도한 커링은 가독성을 떨어뜨릴 수 있어 팀 컨벤션에 맞춰 제한적으로 쓰는 게 좋습니다.		O	TRUE	X	FALSE					frontend	typescript	functional	pattern
Q361	플러그인 아키텍처(Plugin Architecture)		언어 중심 - TypeScript	97	OX	EASY	플러그인 아키텍처는 핵심 기능을 고정하고 확장 기능을 플러그인으로 분리해, 기능을 추가할 때 코어 변경을 최소화한다.	플러그인 구조는 확장 포인트를 명확히 정의하고, 기능 추가를 “외부 모듈”로 처리하는 방식입니다. TypeScript에서는 인터페이스로 플러그인 계약을 정의하고 등록(registry) 방식으로 동작을 추가할 수 있습니다. 면접에서는 OCP 관점에서 왜 유리한지 설명할 수 있어야 합니다. 실무에서는 플러그인 버전 호환성과 로딩 순서, 충돌 정책(우선순위)을 설계해야 합니다. 또한 플러그인 실행 중 예외가 코어를 죽이지 않도록 격리(try/catch, sandbox)도 고려합니다.		O	TRUE	X	FALSE					frontend	typescript	architecture	plugin
Q362	레지스트리 패턴(Registry Pattern)		언어 중심 - TypeScript	97	OX	EASY	레지스트리 패턴은 키-값 형태로 구현체를 등록해두고, 런타임에 키로 찾아 사용하게 하는 패턴이다.	레지스트리는 구현체를 중앙 저장소에 등록하고 조회하는 패턴입니다. 전략/핸들러를 맵으로 관리하면 if/switch 분기를 줄이고 확장성을 높일 수 있습니다. TypeScript에서는 Record<string, Handler> 같은 형태로 흔히 구현하며, 키 타입을 union으로 제한하면 안전성이 올라갑니다. 면접에서는 “등록 누락 시 어떻게 감지하나” 같은 질문이 나올 수 있어 컴파일 타임 체크(키 enum/union)나 런타임 검증을 함께 말하면 좋습니다. 실무에서는 전역 레지스트리가 남발되면 의존성이 숨겨지니 DI/모듈 경계 안에서 제한적으로 쓰는 것이 좋습니다.		O	TRUE	X	FALSE					frontend	typescript	structural	registry
Q363	서비스 로케이터 패턴(Service Locator Pattern)		언어 중심 - TypeScript	97	OX	EASY	서비스 로케이터는 의존성을 외부에서 주입받는 대신, 객체가 로케이터에서 직접 의존성을 조회하는 방식이다.	서비스 로케이터는 객체가 필요한 의존성을 “찾아오는” 방식이라, DI(주입)와 대비됩니다. 편해 보이지만 의존성이 코드에 숨겨져 테스트/추적이 어려워질 수 있습니다. TypeScript에서도 전역 컨테이너를 만들어 쓰면 쉽게 구현되는데, 남발하면 결합도가 높아질 수 있습니다. 면접에서는 DI와의 차이와, 서비스 로케이터의 단점(숨은 의존성)을 말할 수 있어야 합니다. 실무에서는 라이브러리 경계나 부트스트랩 단계처럼 제한된 영역에서만 쓰는 것이 안전합니다.		O	TRUE	X	FALSE					frontend	typescript	architecture	pattern
Q364	상태 머신 패턴(State Machine Pattern)		언어 중심 - TypeScript	97	OX	EASY	상태 머신 패턴은 가능한 상태와 전이를 명시적으로 정의해, 복잡한 상태 분기를 예측 가능하게 만든다.	상태 머신은 UI/워크플로우처럼 상태가 많고 전이가 복잡한 문제에 효과적입니다. 가능한 상태를 제한하고 전이 규칙을 명시하면, 예상치 못한 상태 조합 버그가 줄어듭니다. TypeScript에서는 상태를 string union으로 정의하고, 전이 함수를 타입으로 제한해 안전성을 높일 수 있습니다. 면접에서는 “조건 분기 폭발을 어떻게 줄이나” 질문에 좋은 답이 됩니다. 실무에서는 상태 전이 로그를 남기면 디버깅이 훨씬 쉬워집니다.		O	TRUE	X	FALSE					frontend	typescript	behavioral	state
Q365	액터 모델(Actor Model)		언어 중심 - TypeScript	97	OX	EASY	액터 모델은 공유 메모리 대신 메시지 전달로 동시성을 처리하며, 액터는 자신의 상태를 외부가 직접 변경하지 못하게 한다.	액터 모델은 각 액터가 자신의 상태를 독립적으로 갖고, 메시지로만 상호작용하는 동시성 모델입니다. 공유 상태를 줄여 레이스 컨디션을 완화하는 데 도움이 됩니다. TypeScript/Node에서는 워커 스레드, 메시지 큐, 이벤트 루프 기반으로 개념을 연결해 설명할 수 있습니다. 면접에서는 “왜 공유 상태가 위험한가”를 함께 설명하면 좋습니다. 실무에서는 메시지 순서 보장, 재시도, 장애 처리(슈퍼바이저 패턴) 같은 운영 포인트도 고려해야 합니다.		O	TRUE	X	FALSE					frontend	typescript	concurrency	pattern
Q366	슈퍼바이저 패턴(Supervisor Pattern)		언어 중심 - TypeScript	97	OX	EASY	슈퍼바이저 패턴은 하위 작업이 실패해도 시스템이 복구될 수 있도록, 감시자(슈퍼바이저)가 재시작/격리 정책을 관리한다.	슈퍼바이저는 액터/프로세스 모델에서 실패를 “정상적인 사건”으로 보고 복구 전략을 정의합니다. 하위 작업이 죽으면 재시작하거나 격리하는 정책을 상위가 관리해 전체 안정성을 높입니다. TypeScript 환경에서도 워커/잡 큐를 운영할 때 리스타트 정책을 두는 방식으로 유사하게 적용할 수 있습니다. 면접에서는 장애 격리와 자동 복구 전략을 설명할 때 좋은 예시입니다. 실무에서는 무한 재시작 루프를 막기 위해 백오프와 최대 재시작 횟수를 반드시 둡니다.		O	TRUE	X	FALSE					frontend	typescript	resiliency	pattern
Q367	리액터 패턴(Reactor Pattern)		언어 중심 - TypeScript	97	OX	EASY	리액터 패턴은 이벤트(입출력 준비)를 감지하고, 핸들러에 디스패치해 논블로킹 I/O를 처리하는 구조다.	리액터는 이벤트 루프 기반의 논블로킹 I/O 처리 모델로 유명합니다. Node.js의 이벤트 루프와도 연결되는 개념이라 TypeScript 백엔드 면접에서 자주 언급됩니다. 핵심은 이벤트 감지(셀렉터)와 디스패치(핸들러 실행)의 분리입니다. 실무에서는 CPU 바운드 작업을 이벤트 루프에서 돌리면 지연이 커지므로 워커로 분리하는 판단이 중요합니다. 또한 콜백 지옥을 방지하기 위해 Promise/async-await로 제어 흐름을 정리합니다.		O	TRUE	X	FALSE					frontend	typescript	io	pattern
Q368	프로액터 패턴(Proactor Pattern)		언어 중심 - TypeScript	97	OX	EASY	프로액터 패턴은 작업이 완료된 뒤 완료 이벤트를 받아 처리하는 방식으로, 비동기 I/O 완료 통지를 중심으로 동작한다.	프로액터는 비동기 I/O를 요청하고, 완료되면 완료 이벤트/콜백으로 후속 처리를 하는 모델입니다. 리액터가 “준비됨” 이벤트를 다루는 반면, 프로액터는 “완료됨” 이벤트를 다룬다는 비교가 포인트입니다. TypeScript에서는 Promise 기반 비동기 처리 흐름을 예시로 들 수 있습니다. 면접에서는 리액터/프로액터 차이를 너무 깊게 요구하진 않지만, 비동기 완료 기반이라는 특징을 말하면 좋습니다. 실무에서는 콜백/프라미스 체인에서 에러 전파를 일관되게 처리하는 것이 중요합니다.		O	TRUE	X	FALSE					frontend	typescript	io	pattern
Q369	폴리시 오브젝트 패턴(Policy Object Pattern)		언어 중심 - TypeScript	97	OX	EASY	폴리시 오브젝트는 규칙(정책)을 객체로 분리해, 조건문 대신 교체 가능한 정책으로 동작을 결정하게 한다.	폴리시 오브젝트는 “규칙을 데이터/객체로 모델링”해 분기 로직을 줄이는 방식입니다. 할인 정책, 권한 정책, 시드 정책처럼 바뀌기 쉬운 규칙을 객체로 분리하면 확장성이 좋아집니다. TypeScript에서는 인터페이스 + 구현체 또는 함수형 정책(함수 타입)으로도 표현할 수 있습니다. 면접에서는 전략 패턴과 매우 유사하므로, “정책=전략”으로 연결해 설명해도 괜찮습니다. 실무에서는 정책 선택 로직(등록/우선순위)을 한 곳에 모아두는 게 유지보수 포인트입니다.		O	TRUE	X	FALSE					frontend	typescript	behavioral	policy
Q370	스펙 패턴(Specification Pattern)		언어 중심 - TypeScript	97	OX	EASY	스펙 패턴은 비즈니스 규칙을 조건 객체로 캡슐화하고, AND OR NOT 같은 조합으로 규칙을 합성할 수 있다.	스펙 패턴은 조건/규칙을 객체로 만들고 조합 가능한 형태로 제공해 재사용성을 높입니다. 예를 들어 “활성 사용자 AND 성인 AND 구독자” 같은 조건을 합성할 수 있습니다. TypeScript에서는 함수로 조건을 표현하고 조합 함수를 제공하는 방식도 흔합니다. 면접에서는 “쿼리 조건이 여기저기 흩어질 때 어떻게 정리하나”에 대한 좋은 답이 됩니다. 실무에서는 스펙이 DB 쿼리로 내려가야 하는지(서버 필터링) 여부에 따라 표현 방식을 분리하는 것이 중요합니다.		O	TRUE	X	FALSE					frontend	typescript	domain	pattern
Q371	유스케이스 패턴(Use Case Pattern)		언어 중심 - TypeScript	97	OX	EASY	유스케이스 패턴은 사용자 관점의 기능 단위를 중심으로 로직을 구성해, 컨트롤러와 도메인 로직의 경계를 명확히 할 수 있다.	유스케이스 중심 설계는 “사용자가 원하는 목표” 단위로 코드를 조직화합니다. 컨트롤러는 요청/응답 변환에 집중하고, 유스케이스는 애플리케이션 규칙을 수행합니다. TypeScript에서도 서비스/핸들러를 유스케이스 단위로 나누면 테스트가 쉬워집니다. 면접에서는 클린 아키텍처/헥사고날 아키텍처와 연결해 질문이 나오기도 합니다. 실무에서는 유스케이스가 너무 큰 서비스로 변질되지 않게, 입력/출력 모델을 명확히 두는 것이 중요합니다.		O	TRUE	X	FALSE					frontend	typescript	architecture	usecase
Q372	헥사고날 아키텍처(Hexagonal Architecture)		언어 중심 - TypeScript	97	OX	EASY	헥사고날 아키텍처는 외부(DB, API, UI)로부터 도메인을 보호하기 위해 포트와 어댑터로 의존성을 제어한다.	헥사고날(포트-어댑터) 아키텍처는 도메인을 중심에 두고, 외부 세계와의 연결을 포트/어댑터로 분리합니다. 도메인이 외부 구현에 끌려다니지 않게 해 테스트와 변경에 강해집니다. TypeScript에서도 Repository 포트와 DB 어댑터를 분리하는 식으로 자연스럽게 적용할 수 있습니다. 면접에서는 “왜 도메인이 프레임워크에 의존하면 문제인가”를 설명할 수 있어야 합니다. 실무에서는 경계를 너무 엄격히 하면 개발 속도가 느려질 수 있어, 핵심 도메인부터 단계적으로 적용하는 게 좋습니다.		O	TRUE	X	FALSE					frontend	typescript	architecture	hexagonal
Q373	클린 아키텍처(Clean Architecture)		언어 중심 - TypeScript	97	OX	EASY	클린 아키텍처는 의존성 방향이 바깥에서 안쪽(도메인)으로 향하도록 강제하며, 도메인은 프레임워크 세부 사항을 몰라도 되게 한다.	클린 아키텍처는 도메인 규칙이 중심이고, 외부(웹, DB, 프레임워크)는 가장자리입니다. 의존성은 안쪽을 향해야 하므로 도메인이 프레임워크에 끌려가지 않습니다. TypeScript에서도 프레임워크 코드(Nest/Express)와 도메인 로직을 분리하면 테스트가 쉬워지고, 교체도 유연해집니다. 면접에서는 “엔티티/유스케이스/인터페이스 어댑터/프레임워크” 레이어를 간단히 설명할 수 있으면 좋습니다. 실무에서는 레이어 경계를 지키되, 과도한 보일러플레이트가 생기지 않게 균형을 잡는 게 중요합니다.		O	TRUE	X	FALSE					frontend	typescript	architecture	clean
Q374	API 게이트웨이 패턴(API Gateway Pattern)		언어 중심 - TypeScript	97	OX	EASY	API 게이트웨이는 인증, 라우팅, 집계 같은 공통 기능을 앞단에 두어 백엔드 서비스를 단순화할 수 있다.	API 게이트웨이는 클라이언트와 여러 백엔드 서비스 사이의 단일 진입점입니다. 인증/인가, 라우팅, 속도 제한, 응답 집계 같은 공통 기능을 중앙화할 수 있습니다. TypeScript 기반 BFF(Backend For Frontend)도 게이트웨이 패턴의 한 형태로 설명할 수 있습니다. 면접에서는 게이트웨이가 단일 장애점이 될 수 있다는 점과, 확장/모니터링 전략을 질문할 수 있습니다. 실무에서는 게이트웨이에 비즈니스 로직이 과도하게 들어가 ‘거대한 프록시’가 되지 않게 경계를 잡아야 합니다.		O	TRUE	X	FALSE					frontend	typescript	architecture	gateway
Q375	BFF 패턴(Backend For Frontend)		언어 중심 - TypeScript	97	OX	EASY	BFF는 프런트엔드(웹/모바일)별 요구에 맞춘 백엔드를 둬서, API를 UI에 최적화할 수 있다.	BFF는 클라이언트 종류별(웹/모바일/어드민)로 맞춤형 백엔드를 제공하는 패턴입니다. 프런트의 화면 요구에 맞춰 응답을 조합/가공해 네트워크 왕복을 줄일 수 있습니다. TypeScript/NestJS로 BFF를 구현하는 사례가 많아 면접에도 잘 등장합니다. 실무에서는 BFF가 백엔드 마이크로서비스의 도메인 규칙을 침범하지 않도록, “집계/변환” 중심으로 역할을 제한하는 것이 중요합니다. 또한 클라이언트별 BFF가 늘어나면 운영 복잡도가 증가할 수 있어 관리 전략이 필요합니다.		O	TRUE	X	FALSE					frontend	typescript	architecture	bff
Q376	CQS 원칙(CQS - Command Query Separation)		언어 중심 - TypeScript	97	OX	EASY	CQS는 하나의 메서드가 상태를 변경하면서 동시에 값을 반환하도록 권장하는 원칙이다.	CQS는 메서드를 Command(상태 변경, 반환 최소)와 Query(조회, 상태 변경 없음)로 분리하자는 원칙입니다. 즉, 상태 변경과 조회를 한 메서드에 섞지 않도록 권장하므로 문장은 반대라 X가 정답입니다. TypeScript에서도 함수/메서드 네이밍과 책임을 명확히 해 버그를 줄이는 데 도움이 됩니다. 면접에서는 CQRS와 CQS를 혼동하지 않는지 확인하는 질문이 종종 나옵니다(CQS는 원칙, CQRS는 아키텍처 패턴). 실무에서는 상태 변경 함수에서 반환값이 필요하더라도 “조회 의미”와 섞이지 않게 설계를 신경 쓰는 게 좋습니다.		O	FALSE	X	TRUE					frontend	typescript	principle	cqs
Q377	어설션 패턴(Assertion Pattern)		언어 중심 - TypeScript	97	OX	EASY	어설션은 코드가 가정하는 조건을 명시적으로 검사해, 조건이 깨지면 즉시 실패하도록 만들어 버그를 빠르게 드러낸다.	어설션은 “여기까지 왔다면 반드시 참이어야 하는 조건”을 코드로 표현하는 습관/패턴입니다. 잘못된 상태를 조기에 발견해 디버깅 비용을 줄여줍니다. TypeScript에서는 런타임에서 조건을 검사하고, assert 함수에 asserts 시그니처를 붙여 타입 내로잉까지 할 수 있습니다. 면접에서는 “타입이 있어도 런타임 검증이 필요한 이유”를 어설션/검증 패턴으로 설명하면 좋습니다. 실무에서는 어설션을 사용자 입력 검증에 쓰기보다는, 내부 불변식(invariant) 검증에 사용하는 편이 안전합니다.		O	TRUE	X	FALSE					frontend	typescript	testing	pattern
Q378	가드 패턴(Guard Clause Pattern)		언어 중심 - TypeScript	97	OX	EASY	가드 클로즈는 예외 케이스를 함수 초반에 빠르게 반환해, 중첩 if를 줄이고 가독성을 높인다.	가드 클로즈는 조건이 맞지 않으면 빠르게 return/throw 해서 정상 흐름을 평평하게 만드는 패턴입니다. 중첩이 줄어들어 읽기 쉬워지고, 에러 처리가 명확해집니다. TypeScript에서는 타입 가드(x is T)와 결합해 분기 이후 타입이 좁혀지는 장점도 있습니다. 면접에서는 early return이 왜 좋은지, 그리고 과도한 return이 흐름을 헷갈리게 할 수도 있다는 균형 감각을 보기도 합니다. 실무에서는 검증/권한/존재 체크를 앞에서 처리하고 핵심 로직을 아래에 두는 습관이 유지보수에 도움이 됩니다.		O	TRUE	X	FALSE					frontend	typescript	refactoring	pattern
Q379	타입 가드(Type Guard)		언어 중심 - TypeScript	97	OX	EASY	타입 가드는 런타임 체크를 통해 값의 타입을 좁혀, 이후 코드에서 더 안전하게 접근할 수 있게 한다.	타입 가드는 typeof, in, instanceof, 사용자 정의 가드 함수 등을 통해 값의 형태를 확인하고 타입을 좁히는 기법입니다. TypeScript는 정적 타입이지만, union 타입이나 any/unknown이 섞이면 런타임 확인이 필요합니다. 면접에서는 unknown과 any 차이, 그리고 안전하게 좁히는 방법을 자주 물어봅니다. 실무에서는 API 응답처럼 불신 입력을 다룰 때 타입 가드 + 스키마 검증을 같이 사용하면 안정성이 크게 올라갑니다. 또한 가드 함수에 x is Foo를 사용하면 컴파일러가 분기 이후 타입을 이해합니다.		O	TRUE	X	FALSE					frontend	typescript	types	pattern
Q380	Exhaustive Check 패턴(Exhaustiveness Checking)		언어 중심 - TypeScript	97	OX	EASY	Exhaustive check는 union 타입의 모든 경우를 처리하도록 강제해, 누락된 분기를 컴파일 단계에서 잡을 수 있다.	union 타입을 switch로 분기할 때 default를 비워두고 never를 활용하면 누락 케이스를 컴파일 타임에 잡을 수 있습니다. 이는 런타임 버그를 미리 막는 강력한 패턴입니다. 면접에서는 “새 케이스가 추가되면 기존 코드가 자동으로 깨지게 하는 설계”를 설명할 때 좋은 예시가 됩니다. 실무에서는 도메인 이벤트 타입, UI 상태 타입, API 응답 변형 처리에서 자주 쓰입니다. 또한 팀 규모가 커질수록 이런 컴파일러 기반 안전장치가 큰 비용을 줄입니다.		O	TRUE	X	FALSE					frontend	typescript	types	pattern
Q381	Builder 타입 패턴(Builder Types)		언어 중심 - TypeScript	97	OX	EASY	Builder 타입 패턴은 단계별로 필요한 속성이 채워졌는지 타입으로 추적해, 필수 값 누락을 컴파일 타임에 막을 수 있다.	빌더를 구현할 때 “지금까지 채워진 필드”를 타입 파라미터로 추적하면, 마지막 build 호출 전에 필수 필드가 채워졌는지 강제할 수 있습니다. TypeScript의 제네릭과 조건부 타입을 활용해 안전한 빌더를 만들 수 있습니다. 면접에서는 “타입 시스템을 이용해 런타임 검증을 줄이는 방법”으로 소개하면 좋은 포인트입니다. 실무에서는 구현 난이도가 올라갈 수 있으니, 정말로 필드 누락이 잦고 비용이 큰 객체에만 적용하는 것이 좋습니다. 또한 너무 복잡해지면 간단한 옵션 객체 + 런타임 검증이 더 현실적일 수 있습니다.		O	TRUE	X	FALSE					frontend	typescript	generics	pattern
Q382	함수 오버로드 패턴(Function Overload Pattern)		언어 중심 - TypeScript	97	OX	EASY	함수 오버로드는 여러 호출 시그니처를 제공해, 입력 형태에 따라 반환 타입을 더 정확히 표현할 수 있다.	TypeScript 오버로드는 “외부에 보이는 시그니처”를 여러 개 제공하고, 구현은 하나로 두는 방식입니다. 이를 통해 get(id: number): User / get(ids: number[]): User[] 같은 정확한 반환 타입을 제공할 수 있습니다. 면접에서는 오버로드 시그니처와 구현 시그니처의 관계(구현은 가장 넓어야 함)를 묻기도 합니다. 실무에서는 오버로드 남발 대신 union 타입과 내로잉으로 해결 가능한지 판단하는 게 중요합니다. 또한 문서화 효과가 있어 API 가독성을 높이는 데도 도움이 됩니다.		O	TRUE	X	FALSE					frontend	typescript	types	pattern
Q383	안전한 파싱 패턴(Safe Parsing)		언어 중심 - TypeScript	97	OX	EASY	안전한 파싱 패턴은 외부 입력을 곧바로 타입 단언(as)으로 캐스팅해 사용하는 방식을 말한다.	외부 입력을 as SomeType로 바로 단언하는 것은 안전한 파싱이 아니라 “검증 생략”에 가깝습니다. 안전한 파싱은 스키마 검증(예: zod/io-ts)이나 타입 가드로 런타임에서 구조를 확인한 뒤 안전한 타입으로 변환하는 방식입니다. 따라서 문장은 틀려서 X가 정답입니다. 면접에서는 any/unknown을 다룰 때 어떤 전략을 쓰는지, 단언이 위험한 이유를 묻습니다. 실무에서는 서버 응답/로컬스토리지/쿼리스트링 같은 불신 입력은 반드시 검증해야 장애를 줄일 수 있습니다.		O	FALSE	X	TRUE					frontend	typescript	validation	pattern
Q384	불변 데이터 패턴(Immutable Data Pattern)		언어 중심 - TypeScript	97	OX	EASY	불변 데이터 패턴은 객체를 직접 수정하는 대신 새 객체를 만들어 업데이트하며, 사이드이펙트를 줄이는 데 도움이 된다.	불변 업데이트는 상태 변경을 예측 가능하게 만들어 디버깅을 쉽게 합니다. React/Redux 같은 상태 관리에서 특히 중요하고, TypeScript와 함께 쓰면 변경되지 않는 데이터 흐름이 더 명확해집니다. 면접에서는 얕은 복사와 깊은 복사의 차이, 그리고 불변이 성능에 미치는 영향(구조 공유)을 질문할 수 있습니다. 실무에서는 immer 같은 라이브러리로 “불변을 유지하면서 작성은 가변처럼” 하는 방식도 널리 씁니다. 또한 참조 동일성 비교가 가능해져 렌더 최적화에 도움이 됩니다.		O	TRUE	X	FALSE					frontend	typescript	state	pattern
Q385	구조적 공유(Structural Sharing)		언어 중심 - TypeScript	97	OX	EASY	구조적 공유는 불변 업데이트 시 변경되지 않은 부분은 기존 참조를 재사용해 메모리 사용을 줄이는 기법이다.	구조적 공유는 불변 데이터의 성능 최적화 핵심입니다. 전체를 복제하지 않고 변경된 경로만 새로 만들고 나머지는 공유합니다. TypeScript에서는 라이브러리(immer, immutable.js)나 트리 구조 업데이트에서 이 개념이 자주 등장합니다. 면접에서는 불변이 “무조건 느리다”는 오해를 풀 때 구조적 공유를 근거로 설명하면 좋습니다. 실무에서는 깊은 구조를 직접 스프레드로 복사하면 비용이 커질 수 있어, 구조적 공유 도구를 사용하는 판단이 중요합니다.		O	TRUE	X	FALSE					frontend	typescript	performance	pattern
Q386	메모이제이션(Memoization)		언어 중심 - TypeScript	97	OX	EASY	메모이제이션은 같은 입력에 대한 계산 결과를 캐시해 재사용함으로써 성능을 개선할 수 있다.	메모이제이션은 순수 함수나 반복 계산이 많은 로직에서 효과적입니다. 동일 입력이면 동일 출력이라는 전제가 있을 때 캐시를 붙이면 성능이 개선됩니다. TypeScript에서는 입력을 키로 삼는 Map 캐시를 쓰거나, React에서는 useMemo 같은 형태로 연결해 설명할 수 있습니다. 면접에서는 캐시 무효화와 메모리 증가 같은 트레이드오프도 함께 물어봅니다. 실무에서는 캐시 범위(요청 단위/프로세스 단위)와 TTL을 정해 과도한 메모리 사용을 막는 것이 중요합니다.		O	TRUE	X	FALSE					frontend	typescript	performance	pattern
Q387	디바운스(Debounce)		언어 중심 - TypeScript	97	OX	EASY	디바운스는 이벤트가 연속 발생할 때 마지막 이벤트만 일정 시간 후 실행되도록 하여 호출 빈도를 줄인다.	디바운스는 입력 검색, 리사이즈, 스크롤 같은 잦은 이벤트를 제어하는 대표 기법입니다. 마지막 입력 이후 일정 시간이 지나야 실행되므로 API 호출을 줄일 수 있습니다. TypeScript에서는 타이머 타입(NodeJS.Timeout vs number)을 환경에 맞게 처리하는 포인트가 있습니다. 면접에서는 디바운스와 스로틀 차이를 구분할 수 있어야 합니다. 실무에서는 사용자 경험(지연)과 서버 부하 사이의 균형을 맞추는 것이 중요합니다.		O	TRUE	X	FALSE					frontend	typescript	frontend	pattern
Q388	스로틀(Throttle)		언어 중심 - TypeScript	97	OX	EASY	스로틀은 이벤트가 계속 발생해도 일정 간격으로만 실행되게 하여, 실행 빈도를 제한한다.	스로틀은 “최대 초당 N번”처럼 실행 빈도를 제한하는 기법입니다. 스크롤 기반 애니메이션, 무한 스크롤 로딩, 마우스 이동 처리에 많이 쓰입니다. TypeScript에서는 lodash throttle 같은 유틸을 쓰거나 직접 구현할 수 있습니다. 면접에서는 디바운스(마지막만) vs 스로틀(주기적으로) 차이를 예시로 설명하면 좋습니다. 실무에서는 leading/trailing 옵션에 따라 UX가 달라지니 요구사항에 맞게 설정해야 합니다.		O	TRUE	X	FALSE					frontend	typescript	frontend	pattern
Q389	폴링 패턴(Polling Pattern)		언어 중심 - TypeScript	97	OX	EASY	폴링은 일정 주기로 서버에 상태를 요청해 변경을 감지하는 방식이며, 간단하지만 네트워크 비용이 늘 수 있다.	폴링은 구현이 단순해 서버 푸시가 어려울 때 대안이 됩니다. 다만 주기가 짧으면 트래픽이 늘고, 주기가 길면 실시간성이 떨어집니다. TypeScript에서는 setInterval 기반으로 구현하되, 탭 비활성/네트워크 오류 시 백오프를 적용하는 것이 좋습니다. 면접에서는 SSE/WebSocket 대비 장단점을 물어볼 수 있습니다. 실무에서는 “중복 요청 방지”와 “컴포넌트 언마운트 시 정리(cleanup)”를 놓치지 않는 게 중요합니다.		O	TRUE	X	FALSE					frontend	typescript	networking	pattern
Q390	롱 폴링(Long Polling)		언어 중심 - TypeScript	97	OX	EASY	롱 폴링은 서버가 즉시 응답하지 않고 이벤트가 생길 때까지 연결을 유지해, 푸시처럼 동작하게 만든다.	롱 폴링은 클라이언트가 요청을 보내면 서버가 이벤트가 생길 때까지 응답을 지연시키는 방식입니다. 이벤트가 생기면 응답하고, 클라이언트는 즉시 다음 요청을 보내므로 실시간에 가깝게 동작합니다. TypeScript에서는 fetch/axios로 구현할 수 있지만 타임아웃과 재연결 정책이 중요합니다. 면접에서는 WebSocket/SSE가 어려운 환경에서의 대안으로 설명할 수 있어야 합니다. 실무에서는 연결 수 증가와 서버 자원 부담을 고려해 적용 여부를 판단합니다.		O	TRUE	X	FALSE					frontend	typescript	networking	pattern
Q391	SSE(Server-Sent Events) 패턴		언어 중심 - TypeScript	97	OX	EASY	SSE는 서버가 클라이언트로 단방향 스트림을 보내는 방식이며, 브라우저에서 비교적 간단히 사용할 수 있다.	SSE는 서버 → 클라이언트 단방향 푸시가 필요할 때 유용합니다. EventSource API로 비교적 쉽게 연결할 수 있고, 자동 재연결 같은 기능도 제공됩니다. TypeScript에서는 이벤트 메시지 타입을 정의해 파싱/내로잉을 안정적으로 할 수 있습니다. 면접에서는 WebSocket(양방향)과 SSE(단방향)의 차이, 그리고 프록시/로드밸런서 환경에서의 설정을 물을 수 있습니다. 실무에서는 인증 토큰 갱신, 재연결 시 이벤트 누락 방지(id/Last-Event-ID) 같은 포인트를 챙겨야 합니다.		O	TRUE	X	FALSE					frontend	typescript	realtime	pattern
Q392	WebSocket 패턴(WebSocket Pattern)		언어 중심 - TypeScript	97	OX	EASY	WebSocket은 연결을 유지한 채 양방향 통신이 가능해, 실시간 채팅 같은 기능에 적합하다.	WebSocket은 지속 연결을 통해 낮은 지연의 양방향 통신을 제공합니다. 채팅, 게임, 실시간 알림/협업 편집에서 자주 사용됩니다. TypeScript에서는 메시지 타입을 union으로 모델링하고, 디스크리미네이티드 유니온으로 안전한 핸들링을 만들면 좋습니다. 면접에서는 재연결, 하트비트(ping/pong), 메시지 순서/중복 처리 같은 운영 포인트를 묻기도 합니다. 실무에서는 네트워크가 끊겼을 때의 상태 동기화 전략이 가장 중요합니다.		O	TRUE	X	FALSE					frontend	typescript	realtime	pattern
Q393	옵티미스틱 UI 패턴(Optimistic UI)		언어 중심 - TypeScript	97	OX	EASY	옵티미스틱 UI는 서버 응답을 기다린 뒤에만 UI를 업데이트해, 사용자에게 항상 정확한 상태만 보여주려는 패턴이다.	옵티미스틱 UI는 반대로 “성공을 가정하고” UI를 먼저 업데이트해 사용자 체감을 빠르게 만드는 패턴입니다. 이후 서버가 실패하면 롤백하거나 에러 상태로 전환합니다. 따라서 “응답을 기다린 뒤 업데이트”는 반대라 X가 정답입니다. TypeScript에서는 캐시 업데이트와 롤백 로직을 타입으로 안전하게 구성하는 것이 포인트입니다. 면접에서는 왜 UX가 좋아지는지와, 실패 시 일관성/중복 요청을 어떻게 처리하는지 질문이 나옵니다. 실무에서는 멱등성 키와 재시도 정책까지 함께 설계하면 롤백 비용이 줄어듭니다.		O	FALSE	X	TRUE					frontend	typescript	frontend	ux
Q394	페시미스틱 UI 패턴(Pessimistic UI)		언어 중심 - TypeScript	97	OX	EASY	페시미스틱 UI는 서버 응답을 확인한 뒤에 UI를 갱신해, 일관성을 우선하는 방식이다.	페시미스틱 UI는 요청 성공을 확인한 후 화면을 업데이트하는 접근입니다. 데이터 정확성과 일관성을 우선할 때 적합하지만, 사용자 체감이 느릴 수 있습니다. TypeScript에서는 로딩/비활성화 상태를 명확히 모델링해 중복 클릭을 막는 것이 중요합니다. 면접에서는 옵티미스틱과의 트레이드오프(UX vs 일관성)를 비교해서 말할 수 있어야 합니다. 실무에서는 결제/재고처럼 실패 비용이 큰 액션은 페시미스틱이 더 안전한 경우가 많습니다.		O	TRUE	X	FALSE					frontend	typescript	frontend	ux
Q395	리액트 쿼리 패턴(Query Cache Pattern)		언어 중심 - TypeScript	97	OX	EASY	쿼리 캐시 패턴은 서버 상태를 캐싱해 중복 요청을 줄이고, 무효화(invalidate)로 최신 데이터를 다시 가져오게 할 수 있다.	서버 상태 캐시는 동일 데이터를 여러 컴포넌트가 요청할 때 중복 네트워크 호출을 줄입니다. 무효화를 통해 변경 후 최신 데이터를 다시 가져오게 만들 수 있어 일관성을 맞춥니다. TypeScript에서는 캐시 데이터의 타입을 제네릭으로 지정해 안전한 접근이 가능하고, 데이터 변형 시에도 컴파일러 도움을 받을 수 있습니다. 면접에서는 “클라이언트 상태 vs 서버 상태” 구분과 캐시 무효화 전략을 자주 묻습니다. 실무에서는 stale time, refetch 정책, optimistic update까지 함께 설계해야 품질이 올라갑니다.		O	TRUE	X	FALSE					frontend	typescript	frontend	cache
Q396	타입 단언(Type Assertion)		언어 중심 - TypeScript	97	OX	MEDIUM	타입 단언(as)은 런타임 타입 변환을 수행하므로, 값의 구조가 다르면 자동으로 예외를 던진다.	타입 단언(as)은 컴파일러에게 “이 타입이라고 믿어”라고 말하는 것이지, 런타임에서 값을 변환하거나 검증하지 않습니다. 그래서 구조가 다르더라도 자동으로 예외를 던지지 않으며, 오히려 잘못 단언하면 런타임에서 예상치 못한 버그가 생길 수 있습니다. 면접에서는 “as를 남발하면 왜 위험한가”를 묻고, unknown + 타입 가드/스키마 검증으로 대체하는 전략을 말하면 좋습니다. 실무에서는 외부 입력(API 응답, JSON 파싱 결과)에 as를 바로 쓰기보다, 검증 함수로 확인 후 내로잉하는 습관이 중요합니다. 특히 any와 결합되면 타입 안전성이 사실상 무력화됩니다.		O	FALSE	X	TRUE					frontend	typescript	types	safety
Q397	unknown(Unknown Type)		언어 중심 - TypeScript	97	OX	MEDIUM	unknown 타입은 any와 달리, 사용 전에 타입 좁히기(내로잉)를 강제해 더 안전하다.	unknown은 “무엇인지 모르는 값”을 표현하면서도, 바로 프로퍼티 접근/호출을 막아 안전을 확보합니다. 즉, 사용 전에 타입 가드나 검증을 통해 내로잉해야 합니다. 면접에서는 any와 unknown 차이를 자주 물어보며, 안전한 경계(외부 입력)는 unknown으로 받고 검증 후 변환하는 패턴을 설명하면 좋습니다. 실무에서는 JSON.parse 결과를 unknown으로 받고, 스키마 검증(zod 등)으로 도메인 타입으로 변환하는 흐름이 표준에 가깝습니다. 또한 unknown을 통해 “검증이 누락되면 컴파일이 실패”하도록 강제할 수 있습니다.		O	TRUE	X	FALSE					frontend	typescript	types	safety
Q398	never(Never Type)		언어 중심 - TypeScript	97	OX	MEDIUM	never는 “절대 발생하지 않는 값”을 나타내며, exhaustive check에서 누락 케이스를 잡는 데 활용할 수 있다.	never는 도달 불가능한 코드 경로나 발생할 수 없는 값을 나타내는 타입입니다. switch에서 모든 union 케이스를 처리한 뒤 default에서 값이 never가 되도록 강제하면, 새 케이스 추가 시 컴파일 에러로 누락을 잡을 수 있습니다. 면접에서는 discriminated union + never 조합을 알고 있는지 확인하는 경우가 많습니다. 실무에서는 상태 머신, 이벤트 타입, 액션 타입처럼 케이스가 늘어날 수 있는 곳에서 특히 유용합니다. 또한 throw 함수나 무한 루프 함수의 반환 타입으로도 never가 사용됩니다.		O	TRUE	X	FALSE					frontend	typescript	types	pattern
Q399	구조적 타이핑(Structural Typing)		언어 중심 - TypeScript	97	OX	MEDIUM	TypeScript는 명목적 타이핑이 기본이므로, 클래스 이름이 다르면 형태가 같아도 서로 대입할 수 없다.	TypeScript는 기본적으로 구조적 타이핑(덕 타이핑)이라, 이름이 아니라 “모양(프로퍼티/메서드 구조)”이 맞으면 대입이 가능합니다. 따라서 문장은 틀려서 X가 정답입니다. 면접에서는 “왜 인터페이스 이름이 달라도 대입이 되나” 같은 질문으로 구조적 타이핑을 확인합니다. 실무에서는 이 특성 때문에 의도치 않은 타입 호환이 생길 수 있어, 브랜드 타입(branded type) 같은 기법으로 명목성을 흉내 내기도 합니다. 또한 public 필드만 비교되므로, 캡슐화/접근 제한자를 어떻게 쓰는지도 설계 포인트가 됩니다.		O	FALSE	X	TRUE					frontend	typescript	types	concept
Q400	브랜디드 타입(Branded Type)		언어 중심 - TypeScript	97	OX	MEDIUM	브랜디드 타입은 구조적 타이핑에서 발생할 수 있는 실수(서로 다른 ID 타입 혼용)를 줄이기 위해, 타입에 식별자(브랜드)를 추가하는 기법이다.	구조적 타이핑에서는 number/string 기반의 ID들이 서로 호환되어 실수하기 쉽습니다. 브랜디드 타입은 교차 타입과 고유 브랜드 필드를 이용해 “같아 보이지만 다른 타입”을 만들 수 있습니다. 면접에서는 사용자Id와 게시글Id를 섞지 않게 하는 예시로 설명하면 이해가 빠릅니다. 실무에서는 런타임 비용 없이 컴파일 타임 안전을 얻을 수 있다는 점이 장점입니다. 다만 외부 입력을 브랜드 타입으로 만들 때는 변환 함수(팩토리)로만 생성되게 하여 일관성을 유지해야 합니다. 브랜드를 남발하면 타입이 복잡해질 수 있어 중요한 경계에만 적용하는 게 좋습니다.		O	TRUE	X	FALSE					frontend	typescript	types	safety
Q401	타입 술어(Type Predicate)		언어 중심 - TypeScript	97	OX	MEDIUM	사용자 정의 타입 가드 함수의 반환 타입을 value is T 형태로 선언하면, 분기 이후에 컴파일러가 타입을 T로 좁혀준다.	타입 술어 value is T는 TypeScript가 내로잉을 수행하도록 알려주는 문법입니다. 단순히 boolean을 반환하는 함수와 달리, 조건이 참이면 해당 변수가 T로 좁혀집니다. 면접에서는 “type guard를 어떻게 만들고 왜 필요한가”를 이 문법으로 확인하는 경우가 많습니다. 실무에서는 API 응답/복잡한 union 처리에서 타입 술어가 특히 유용합니다. 단, 내부 구현이 실제로 T를 보장하도록 작성하지 않으면 타입 시스템을 속이게 되어 런타임 버그가 날 수 있습니다. 그래서 타입 가드 구현은 테스트와 함께 다루는 것이 좋습니다.		O	TRUE	X	FALSE					frontend	typescript	types	narrowing
Q402	인덱스 시그니처(Index Signature)		언어 중심 - TypeScript	97	OX	MEDIUM	인덱스 시그니처를 [key: string]: number로 선언하면, 객체의 모든 문자열 키 프로퍼티 값은 number여야 한다.	인덱스 시그니처는 “임의의 키 접근”에 대한 타입 계약을 정의합니다. [key: string]: number이면 알려진 프로퍼티를 포함해 string 키로 접근 가능한 값들은 number로 취급되어야 합니다. 면접에서는 왜 특정 프로퍼티 타입이 인덱스 시그니처와 충돌할 수 있는지(예: name: string 같은 것)도 질문이 나옵니다. 실무에서는 무분별한 인덱스 시그니처가 타입 정확도를 떨어뜨릴 수 있어, Record나 맵 타입으로 더 명확히 표현하는 편이 좋습니다. 또한 키 범위를 union으로 제한하면 안정성이 올라갑니다.		O	TRUE	X	FALSE					frontend	typescript	types	object
Q403	mapped type(Mapped Types)		언어 중심 - TypeScript	97	OX	MEDIUM	mapped type은 기존 타입의 키를 순회해 새로운 타입을 만들 수 있으며, Partial이나 Readonly 같은 유틸리티 타입의 기반이다.	mapped type은 keyof T를 순회하면서 각 키의 타입을 변형하는 방식으로 새 타입을 만듭니다. Partial/Required/Readonly/Pick 같은 유틸들이 이 원리로 구현됩니다. 면접에서는 mapped type과 조건부 타입의 차이를 묻거나, 간단한 유틸을 직접 만들어 보게 할 수 있습니다. 실무에서는 DTO 변환, 폼 상태 타입, API 응답 타입 조합에 자주 쓰입니다. 다만 너무 복잡한 타입 연산은 컴파일 성능과 가독성을 해칠 수 있어 팀 컨벤션을 두는 것이 좋습니다. 타입 레벨 프로그래밍이 과해지지 않게 균형 감각이 중요합니다.		O	TRUE	X	FALSE					frontend	typescript	generics	utility
Q404	조건부 타입(Conditional Types)		언어 중심 - TypeScript	97	OX	MEDIUM	조건부 타입 T extends U ? A : B는 타입 레벨에서 분기를 제공하며, 유니온에 대해 분배(distributive)될 수 있다.	조건부 타입은 타입 수준의 if/else입니다. 특히 T가 “맨몸”으로 extends에 들어가면 union에 대해 분배되어 각 구성요소별로 조건을 평가합니다. 면접에서는 distributive conditional types를 이해하는지, 그리고 언제 의도치 않은 분배가 생기는지(튜플로 감싸서 방지) 같은 포인트를 물을 수 있습니다. 실무에서는 Extract/Exclude/ReturnType 같은 유틸 타입이 조건부 타입에 기반합니다. 다만 지나치게 복잡한 조건부 타입은 타입 에러 메시지가 난해해질 수 있어 문서화와 테스트가 필요합니다.		O	TRUE	X	FALSE					frontend	typescript	generics	types
Q405	infer 키워드(infer)		언어 중심 - TypeScript	97	OX	MEDIUM	infer는 조건부 타입 내부에서 타입을 추론해, 예를 들어 함수 반환 타입이나 배열 요소 타입을 뽑아낼 수 있게 한다.	infer는 조건부 타입에서 “여기 부분의 타입을 변수처럼 뽑아줘”라는 의미로 사용됩니다. ReturnType, Parameters 같은 유틸이 대표적 예시입니다. 면접에서는 infer를 직접 쓰게 하기보단, built-in 유틸의 동작 원리를 설명하게 할 때 나오곤 합니다. 실무에서는 복잡한 제네릭 라이브러리(폼/라우터/상태 관리)에서 infer 기반 타입 추론이 큰 역할을 합니다. 하지만 팀원이 이해하기 어려운 타입이 되기 쉬워, 공용 코드에서는 과도한 infer 남발을 피하는 편이 좋습니다. 에러 메시지가 길어지는 문제도 고려해야 합니다.		O	TRUE	X	FALSE					frontend	typescript	generics	infer
Q406	인덱스 접근 타입(Index Access Type)		언어 중심 - TypeScript	97	OX	MEDIUM	T[K] 형태의 인덱스 접근 타입은, K가 keyof T로 제한되면 T의 특정 프로퍼티 타입을 안전하게 가져올 수 있다.	인덱스 접근 타입은 “객체의 특정 키에 해당하는 값 타입”을 추출합니다. K를 keyof T로 제한하면 존재하지 않는 키 접근을 컴파일 단계에서 막을 수 있습니다. 면접에서는 keyof, 제네릭, 인덱스 접근을 조합한 타입 안전한 getter 예시가 자주 나옵니다. 실무에서는 API 응답 매핑, 객체 변환 유틸, 타입 안전한 테이블/폼 정의에서 큰 도움이 됩니다. 다만 선택적 프로퍼티나 undefined 가능성까지 고려해야 안전합니다. 또한 union key를 넣으면 결과가 union으로 나올 수 있다는 점도 이해해야 합니다.		O	TRUE	X	FALSE					frontend	typescript	types	generics
Q407	제네릭 제약(Generics Constraint)		언어 중심 - TypeScript	97	OX	MEDIUM	제네릭 제약 T extends { id: string }는 T가 최소한 id 프로퍼티를 가진 타입임을 보장해, 내부에서 t.id 접근을 안전하게 만든다.	제네릭 제약은 타입 파라미터가 “어떤 형태 이상”을 만족하도록 제한합니다. 그래서 함수 내부에서 해당 속성을 안전하게 사용할 수 있습니다. 면접에서는 extends 제약과 기본값, 그리고 제약을 너무 강하게 걸면 재사용성이 떨어진다는 트레이드오프를 물어볼 수 있습니다. 실무에서는 도메인 엔티티/DTO 변환 유틸에서 자주 쓰이며, id, key 같은 공통 필드 기반 유틸을 만들 때 유용합니다. 또한 제약을 통해 자동완성/타입 추론이 좋아져 개발 경험이 올라갑니다. 다만 제약이 넓다고 해서 런타임에 값이 실제로 존재한다는 뜻은 아니므로, 외부 입력은 여전히 검증해야 합니다.		O	TRUE	X	FALSE					frontend	typescript	generics	constraint
Q408	제네릭 기본값(Generic Default)		언어 중심 - TypeScript	97	OX	MEDIUM	제네릭 기본값을 지정하면 호출자가 타입 인자를 생략해도 되고, 생략 시 기본 타입이 사용된다.	제네릭 기본값은 API 사용성을 높이는 기능입니다. 기본값이 있으면 호출자는 보통 타입 인자를 생략하고, 필요할 때만 명시합니다. 면접에서는 “기본값이 타입 추론과 어떻게 상호작용하는가” 정도를 묻기도 합니다. 실무에서는 라이브러리 API(예: Response<T = unknown>)처럼 확장 가능하면서도 안전한 기본을 제공할 때 유용합니다. 다만 기본값을 any로 두면 안전성이 떨어지므로 unknown 또는 적절한 안전 타입을 기본으로 두는 것이 좋습니다. 또한 기본값이 많아지면 타입 선언이 복잡해질 수 있어 문서화가 중요합니다.		O	TRUE	X	FALSE					frontend	typescript	generics	api
Q409	함수의 this 타입(this parameter)		언어 중심 - TypeScript	97	OX	MEDIUM	TypeScript는 함수 첫 번째 매개변수로 this: SomeType을 선언해, 호출 시 this 타입을 컴파일 단계에서 검증할 수 있다.	TypeScript는 특수 문법으로 this parameter를 지원합니다. 런타임 인자는 아니지만, 함수가 어떤 this 컨텍스트에서 호출되어야 하는지 타입으로 명시할 수 있습니다. 면접에서는 콜백으로 넘길 때 this가 깨지는 문제(바인딩)와 함께 이 기능을 언급하면 좋습니다. 실무에서는 라이브러리 콜백 API나 메서드 분리 시 this 타입 오류를 조기에 발견하는 데 유용합니다. 다만 화살표 함수는 lexical this라 this parameter가 필요 없는 경우가 많습니다. 또한 strict 모드에서 this 관련 오류가 더 잘 드러납니다.		O	TRUE	X	FALSE					frontend	typescript	functions	types
Q410	공변/반공변(Variance)		언어 중심 - TypeScript	97	OX	MEDIUM	함수 타입에서 매개변수 타입은 보통 반공변(또는 엄격 모드에서 더 엄격하게)으로 취급되며, 이는 타입 안전성을 높인다.	함수 타입 호환성에서 매개변수 위치는 타입 안전과 직결됩니다. TypeScript는 설정(strictFunctionTypes 등)에 따라 매개변수의 변성 규칙이 달라지고, 더 엄격한 규칙은 잘못된 대입을 줄입니다. 면접에서는 “콜백에 더 넓은/더 좁은 타입을 넣어도 되나” 같은 예시로 질문이 나오곤 합니다. 실무에서는 이벤트 핸들러, Promise 콜백, 배열 메서드 콜백에서 이런 호환성 규칙이 영향을 줍니다. 이해가 부족하면 컴파일은 되는데 런타임에서 문제가 생길 수 있어 주의해야 합니다. 또한 클래스 메서드와 함수 타입의 호환 차이도 포인트가 될 수 있습니다.		O	TRUE	X	FALSE					frontend	typescript	types	variance
Q411	declare 키워드(Declaration)		언어 중심 - TypeScript	97	OX	MEDIUM	declare는 런타임 구현을 생성하지 않고, 외부에 존재하는 값/모듈의 타입 정보만 선언하는 데 사용된다.	declare는 “이미 어딘가에 존재하는 것”에 대해 타입만 알려주는 선언입니다. 실제 JS 구현을 만들지 않기 때문에, 런타임에는 declare로 선언한 것이 자동 생성되지 않습니다. 면접에서는 d.ts, ambient module, 글로벌 타입 선언과 함께 질문이 나올 수 있습니다. 실무에서는 외부 라이브러리 타입이 없을 때 임시 선언을 만들거나, 전역 객체(window)의 확장 타입을 정의할 때 자주 사용합니다. 다만 declare만 믿고 런타임이 없으면 실제로는 ReferenceError가 날 수 있어, 빌드/런타임 환경을 확인하는 습관이 중요합니다. 또한 타입 선언은 가능한 공식 타입 패키지로 대체하는 것이 유지보수에 유리합니다.		O	TRUE	X	FALSE					frontend	typescript	tooling	types
Q412	선언 병합(Declaration Merging)		언어 중심 - TypeScript	97	OX	MEDIUM	선언 병합은 동일한 이름의 interface 선언이 여러 번 있어도 하나로 합쳐지며, 이를 통해 타입 확장이 가능하다.	TypeScript는 동일한 이름의 interface 선언을 병합해 하나의 타입처럼 취급할 수 있습니다. 이는 라이브러리 확장(모듈 보강, global augment)에서 많이 사용됩니다. 면접에서는 interface는 병합되지만 type alias는 병합되지 않는다는 차이를 물어보기도 합니다. 실무에서는 window 객체 확장, Express Request 타입 확장 등에서 자주 보며, 잘못 쓰면 타입 충돌이 생길 수 있어 선언 범위를 명확히 해야 합니다. 또한 병합 순서와 모듈 스코프(글로벌 vs 모듈) 차이를 이해하면 디버깅이 쉬워집니다. 팀 프로젝트에서는 타입 확장을 한 곳에 모아 관리하는 것이 좋습니다.		O	TRUE	X	FALSE					frontend	typescript	types	merging
Q413	모듈 보강(Module Augmentation)		언어 중심 - TypeScript	97	OX	MEDIUM	모듈 보강은 기존 모듈의 타입을 확장할 수 있지만, 런타임 동작을 바꾸지는 못한다.	모듈 보강은 타입 선언을 확장하는 기능이라, JS 런타임 구현을 변경하지 않습니다. 따라서 타입만 늘리고 실제 구현이 따라오지 않으면 런타임 오류가 날 수 있습니다. 면접에서는 “타입 확장”과 “폴리필/몽키패치(런타임 확장)”를 구분하는지 확인할 수 있습니다. 실무에서는 라이브러리의 타입이 부족할 때 보강으로 해결하되, 실제로 해당 속성이 존재하도록 구현/설정이 맞는지 확인해야 합니다. 또한 보강 파일이 TS 컴파일 대상에 포함되도록 tsconfig include/paths를 관리하는 것이 중요합니다. 타입 충돌이 날 경우 보강 범위를 최소화하는 것이 안전합니다.		O	TRUE	X	FALSE					frontend	typescript	types	augmentation
Q414	as const 패턴(Const Assertion)		언어 중심 - TypeScript	97	OX	MEDIUM	as const는 객체/배열의 리터럴 타입을 좁히고 readonly로 만들어, 값이 변경될 수 없음을 타입 수준에서 표현한다.	as const는 리터럴을 “가장 좁은 타입”으로 고정하고, 배열/객체를 readonly로 취급하게 만듭니다. 예를 들어 "GET"이 string이 아니라 "GET"으로 남고, 튜플로 추론되는 효과도 있습니다. 면접에서는 디스크리미네이티드 유니온의 구분자 값이나, 설정 객체를 안전하게 정의하는 예시로 자주 연결됩니다. 실무에서는 라우트 정의, 이벤트 이름, 액션 타입 테이블처럼 상수 맵을 만들 때 매우 유용합니다. 다만 readonly가 붙기 때문에 이후 변경 로직이 필요하면 별도로 복사해 사용해야 합니다. 또한 as const 남발은 타입이 너무 좁아져 재사용이 어려울 수 있어 적절한 경계를 잡는 것이 좋습니다.		O	TRUE	X	FALSE					frontend	typescript	types	const
Q415	satisfies 연산자(satisfies)		언어 중심 - TypeScript	97	OX	MEDIUM	satisfies는 값의 실제 타입을 더 넓게 유지하면서도, 특정 타입을 만족하는지 검사해 안전한 상수 맵을 만들 때 유용하다.	satisfies는 “이 값이 이 타입을 만족하는지”만 검사하고, 값의 추론 타입을 불필요하게 넓히지 않게 도와줍니다. 그래서 as SomeType처럼 단언으로 타입을 속이지 않고도, 정확한 리터럴 타입을 유지한 채 제약을 걸 수 있습니다. 면접에서는 as const와 함께 비교 질문이 나올 수 있고, satisfies는 “검사”, as는 “단언”이라는 차이가 포인트입니다. 실무에서는 라우트 테이블, 이벤트 핸들러 맵, 권한 정책 맵 같은 “키-값 레지스트리”를 만들 때 특히 유용합니다. 잘못된 키/값 타입이 있으면 컴파일 단계에서 바로 잡을 수 있어 유지보수성이 크게 올라갑니다.		O	TRUE	X	FALSE					frontend	typescript	types	pattern
Q416	템플릿 리터럴 타입(Template Literal Types)		언어 중심 - TypeScript	97	OX	MEDIUM	템플릿 리터럴 타입은 문자열을 조합한 새로운 문자열 리터럴 유니온을 만들 수 있어, 예를 들어 on${Capitalize<Event>} 같은 이벤트 키를 타입으로 강제할 수 있다.	템플릿 리터럴 타입은 문자열 리터럴을 조합해 타입 레벨에서 새로운 문자열 타입을 생성합니다. 이를 통해 이벤트 이름 규칙, CSS 클래스 네이밍 규칙, API 경로 규칙 같은 것을 타입으로 강제할 수 있습니다. 면접에서는 Capitalize, Lowercase 같은 내장 유틸과 함께 어떻게 쓰는지 물어볼 수 있습니다. 실무에서는 “키 규칙을 코드 리뷰로만 지키는” 문제를 줄여주고, 오타를 컴파일 단계에서 잡을 수 있습니다. 다만 너무 복잡한 문자열 타입은 에러 메시지를 난해하게 만들 수 있어 핵심 규칙에만 적용하는 게 좋습니다.		O	TRUE	X	FALSE					frontend	typescript	types	strings
Q417	const 제네릭(const generics)		언어 중심 - TypeScript	97	OX	MEDIUM	const 제네릭을 사용하면 배열/튜플 입력에서 리터럴 정보를 더 잘 보존해, 반환 타입 추론을 더 정확하게 만들 수 있다.	const 제네릭은 “입력 값을 최대한 리터럴로 유지”하게 도와 타입 추론을 정밀하게 합니다. 예를 들어 문자열 배열을 받아도 string[]으로 뭉개지지 않고, 구체적인 리터럴 튜플 형태로 추론되도록 유도할 수 있습니다. 면접에서는 라이브러리 함수(예: 라우트/스키마/쿼리 키)에서 왜 이런 기능이 필요한지 사례로 설명하면 좋습니다. 실무에서는 유틸 함수가 반환하는 타입 정확도가 올라가 DX(개발 경험)가 좋아집니다. 다만 팀이 TS 고급 기능에 익숙하지 않으면 유지보수 비용이 늘 수 있어 문서화와 예제가 중요합니다.		O	TRUE	X	FALSE					frontend	typescript	generics	inference
Q418	타입 확장(extends) vs 교차 타입(Intersection)		언어 중심 - TypeScript	97	OX	MEDIUM	교차 타입 A & B는 두 타입의 멤버를 합치지만, 동일한 프로퍼티가 서로 다른 타입이면 자동으로 하나로 “좋게” 맞춰진다.	교차 타입은 멤버를 합치지만, 같은 프로퍼티가 충돌하면 “좋게 합쳐” 주지 않습니다. 오히려 충돌한 프로퍼티 타입이 교차되어 never에 가까운 불가능한 타입이 되거나, 사용이 매우 까다로워질 수 있습니다. 따라서 문장은 틀려서 X가 정답입니다. 면접에서는 intersection을 남발했을 때 생기는 모순 타입 문제를 이해하는지 물어볼 수 있습니다. 실무에서는 충돌 가능성이 있는 조합은 피하고, 공통 부분을 분리하거나 discriminant 기반 union으로 설계를 바꾸는 게 안전합니다. 또한 extends(상속/확장)는 “기존 타입을 기반으로 새 타입을 정의”하는 관점이라 용도가 다릅니다.		O	FALSE	X	TRUE					frontend	typescript	types	pitfalls
Q419	사용자 정의 어설션(asserts)		언어 중심 - TypeScript	97	OX	MEDIUM	function assertIsUser(x: unknown): asserts x is User 형태를 쓰면, 함수가 정상 종료된 이후 x는 User로 취급된다.	asserts x is T는 “이 함수가 끝까지 실행되면 x는 T임이 보장된다”는 의미로 타입을 좁혀줍니다. 보통 조건이 깨지면 throw 하도록 구현해, 이후 코드에서 안전한 접근을 가능하게 합니다. 면접에서는 타입 가드(boolean 반환)와 어설션 함수(asserts)의 차이를 물어볼 수 있습니다(어설션은 실패 시 예외로 흐름을 끊는 설계가 많음). 실무에서는 불변식 검증, 필수 값 체크, 환경 변수 검증 등에 자주 사용합니다. 다만 구현이 실제 보장을 하지 못하면 타입 시스템을 속이는 것이므로, 검증 로직과 테스트를 함께 두는 것이 좋습니다.		O	TRUE	X	FALSE					frontend	typescript	types	assertion
Q420	함수 오버로드의 구현 시그니처		언어 중심 - TypeScript	97	OX	MEDIUM	함수 오버로드를 선언할 때, 구현 시그니처는 보통 가장 좁은 타입으로 작성해 정확도를 높이는 것이 좋다.	오버로드 구현 시그니처는 오히려 가장 넓은(공통 상위) 타입으로 작성해야 합니다. 여러 오버로드 시그니처를 모두 수용해야 하므로 좁게 쓰면 구현부에서 타입 오류가 쉽게 납니다. 따라서 문장은 X가 정답입니다. 면접에서는 “오버로드 시그니처는 외부 API, 구현 시그니처는 내부 공통 처리”라는 관점을 설명하면 좋습니다. 실무에서는 오버로드가 많아지면 유지보수성이 떨어질 수 있으니, union + 내로잉으로 충분한지 먼저 판단하는 게 좋습니다. 또한 런타임 분기 로직이 오버로드 시그니처와 일치하도록 테스트를 두는 것이 안전합니다.		O	FALSE	X	TRUE					frontend	typescript	functions	pitfalls
Q421	제네릭 타입 추론(Generic Inference)		언어 중심 - TypeScript	97	OX	MEDIUM	제네릭 함수 호출 시 타입 인자를 생략하면 TypeScript가 인자(파라미터)로부터 타입을 추론해 넣을 수 있다.	TypeScript는 대부분의 경우 호출 인자를 기반으로 제네릭 타입을 추론합니다. 그래서 <T>를 매번 명시하지 않아도 충분히 타입이 정해집니다. 면접에서는 추론이 실패하는 케이스(빈 배열 리터럴, any가 섞인 입력, 콜백 반환 타입 등)를 물어볼 수 있습니다. 실무에서는 추론이 깨지면 타입 인자를 명시하거나, as const, overload, helper 함수를 추가해 추론을 돕는 전략을 씁니다. 또한 추론이 과도하게 넓어지면 리터럴이 보존되지 않으니, 그때는 satisfies 같은 기법이 도움이 됩니다.		O	TRUE	X	FALSE					frontend	typescript	generics	inference
Q422	함수 반환 타입 주석(Return Type Annotation)		언어 중심 - TypeScript	97	OX	MEDIUM	공개 API 성격의 함수는 반환 타입을 명시하면, 내부 구현이 바뀌어도 외부에 노출되는 타입이 의도치 않게 변하는 것을 막을 수 있다.	반환 타입을 명시하면 “공개 계약”이 고정되어, 내부 구현 변화로 타입이 흔들리는 것을 예방할 수 있습니다. 라이브러리/공용 유틸/서비스 레이어처럼 여러 곳에서 쓰이는 함수는 계약 안정성이 중요합니다. 면접에서는 “추론에 맡기면 더 편한데 왜 명시하나”라는 질문에 이 포인트로 답하면 좋습니다. 실무에서는 반환 타입을 명시하면 타입 에러가 구현 내부에서 조기에 드러나 리팩터링 안정성이 올라갑니다. 다만 너무 세세하게 명시하면 유연성이 떨어질 수 있어, 외부로 노출되는 경계 위주로 적용하는 게 현실적입니다.		O	TRUE	X	FALSE					frontend	typescript	api	design
Q423	Readonly와 불변성(Deep vs Shallow)		언어 중심 - TypeScript	97	OX	MEDIUM	Readonly<T>는 깊은 불변(Deep readonly)을 보장하므로, 중첩 객체의 내부 프로퍼티도 수정할 수 없다.	Readonly<T>는 기본적으로 얕은(shallow) readonly입니다. 즉, 최상위 프로퍼티 재할당은 막지만, 중첩 객체 내부까지 자동으로 readonly로 만들지는 않습니다. 따라서 문장은 X가 정답입니다. 면접에서는 shallow vs deep 불변성과, 왜 타입만으로 런타임 변경을 막을 수는 없는지(정적 vs 동적)를 묻기도 합니다. 실무에서는 deep readonly가 필요하면 재귀 mapped type으로 DeepReadonly를 만들거나 라이브러리를 사용합니다. 또한 Object.freeze는 런타임 보호지만 deep freeze는 추가 작업이 필요하다는 점도 함께 기억하면 좋습니다.		O	FALSE	X	TRUE					frontend	typescript	types	immutability
Q424	pick/omit 설계 패턴(Pick/Omit Pattern)		언어 중심 - TypeScript	97	OX	MEDIUM	Pick/Omit을 사용하면 동일한 모델에서 “요청 DTO / 응답 DTO / 내부 모델”을 쉽게 파생할 수 있지만, 남발하면 결합도가 오히려 높아질 수 있다.	Pick/Omit은 기존 타입에서 필요한 필드만 선택하거나 제외해 DTO를 빠르게 만들 수 있습니다. 하지만 DTO가 “내부 모델의 구조”에 과하게 의존하면, 내부 모델 변경이 DTO에 연쇄적으로 영향을 줘 결합도가 높아집니다. 면접에서는 “DTO를 도메인에서 분리해야 하는 이유”를 이 사례로 설명하면 좋습니다. 실무에서는 핵심 경계(외부 API)는 명시적 DTO를 두고, 내부 전용 변환은 Pick/Omit으로 보조하는 식으로 균형을 잡는 경우가 많습니다. 또한 민감 정보(비밀번호, 토큰 등) 필드가 실수로 노출되지 않도록 타입 레벨에서 차단하는 설계가 중요합니다.		O	TRUE	X	FALSE					frontend	typescript	dto	design
Q425	클래스의 private과 구조적 호환성		언어 중심 - TypeScript	97	OX	MEDIUM	클래스 타입은 구조적 타이핑이므로, private 멤버가 있어도 모양만 같으면 서로 호환될 수 있다.	클래스는 기본적으로 구조적 타이핑이지만, private/protected 멤버가 포함되면 호환성 규칙이 더 엄격해집니다. 서로 다른 선언(출처)에서 나온 private 멤버는 “같은 이름이어도” 호환되지 않는 경우가 많습니다. 그래서 문장은 틀려서 X가 정답입니다. 면접에서는 “interface는 구조로 호환되는데 class는 왜 안 될 때가 있나” 같은 질문으로 이 포인트를 봅니다. 실무에서는 외부에 노출할 타입은 class 자체보다 interface로 계약을 두는 것이 유연하고 테스트도 쉬워집니다. 또한 private 멤버는 캡슐화를 위해 좋지만, 타입 호환 측면에서 교체 가능성을 제한할 수 있습니다.		O	FALSE	X	TRUE					frontend	typescript	oop	types
Q426	함수형 에러 처리(Result vs throw)		언어 중심 - TypeScript	97	OX	MEDIUM	Result 패턴을 쓰면 호출자가 성공/실패를 분기 처리해야 하므로, 에러 처리를 “강제”할 수 있지만 코드가 장황해질 수 있다.	Result(Ok/Err) 반환은 호출자가 분기 처리를 하지 않으면 타입상 진행이 어렵게 만들어, 에러 처리를 명시적으로 유도합니다. 반면 예외(throw)는 상위로 전파되며, 누락된 try/catch가 런타임까지 가기 쉽습니다. 면접에서는 “언제 throw가 적합하고 언제 Result가 적합한가”를 트레이드오프로 말할 수 있어야 합니다. 실무에서는 도메인 규칙 위반/검증 실패처럼 “예상 가능한 실패”는 Result로, 정말 예외적인 상황(프로그램 불변식 붕괴)은 throw로 구분하는 팀도 많습니다. 또한 Result를 모나드처럼 체이닝하면 장황함을 줄일 수 있지만, 팀 이해 비용을 고려해야 합니다.		O	TRUE	X	FALSE					frontend	typescript	error	design
Q427	Zod 같은 스키마 검증 패턴(Schema Validation)		언어 중심 - TypeScript	97	OX	MEDIUM	스키마 검증 라이브러리를 쓰면 런타임 검증과 타입 추론을 연결해, 외부 입력을 안전하게 도메인 타입으로 변환할 수 있다.	스키마 검증은 TypeScript의 정적 타입 한계를 보완하는 핵심 패턴입니다. 외부 입력은 런타임에 깨질 수 있으므로 실제 구조를 검사해야 합니다. Zod 같은 도구는 parse 시점에 검증하고, 성공하면 그 결과를 TS 타입으로도 안전하게 사용할 수 있게 연결해줍니다. 면접에서는 “타입스크립트 타입은 런타임에 사라진다”는 점을 이해하는지 자주 확인합니다. 실무에서는 API 응답/환경 변수/사용자 입력 같은 경계에서 스키마 검증을 넣으면 장애가 크게 줄어듭니다. 또한 에러 메시지 포맷, 부분 허용(safeParse), 버전 호환까지 운영 관점도 중요합니다.		O	TRUE	X	FALSE					frontend	typescript	validation	pattern
Q428	타입-런타임 분리(Type Erasure)		언어 중심 - TypeScript	97	OX	MEDIUM	TypeScript의 타입 정보는 컴파일 후에도 런타임에 남아, typeof로 interface 타입을 확인할 수 있다.	TypeScript의 타입은 컴파일 시 제거(type erasure)되므로 런타임에는 남지 않습니다. interface/type alias는 JS로 변환되지 않기 때문에 typeof로 확인할 수 없습니다. 따라서 문장은 틀려서 X가 정답입니다. 면접에서는 “왜 런타임 검증이 필요하냐”의 근거로 이 개념을 자주 사용합니다. 실무에서는 런타임 타입 정보가 필요하면 class(생성자), 태그 필드(discriminant), 스키마 검증을 사용합니다. 타입이 사라진다는 사실을 모르면 as 단언을 남발하기 쉬워 위험합니다.		O	FALSE	X	TRUE					frontend	typescript	runtime	concept
Q429	strictNullChecks		언어 중심 - TypeScript	97	OX	MEDIUM	strictNullChecks를 켜면 null/undefined가 다른 타입에 자동으로 포함되지 않아, 누락된 null 처리를 더 잘 잡을 수 있다.	strictNullChecks는 null/undefined 처리를 명시적으로 강제합니다. 옵션이 꺼져 있으면 많은 타입이 암묵적으로 null/undefined를 포함해 버그가 숨어들기 쉽습니다. 면접에서는 “왜 TS인데도 NPE가 나나” 질문에 이 옵션과 런타임 입력 문제를 함께 설명하면 좋습니다. 실무에서는 strictNullChecks를 켜고, Optional chaining, nullish coalescing, 타입 가드로 안전하게 처리하는 것이 표준에 가깝습니다. 다만 레거시 코드베이스에서는 도입 비용이 커서 점진 적용 전략이 필요합니다. 또한 API 응답 모델링 시 optional과 nullable을 구분하는 습관이 중요합니다.		O	TRUE	X	FALSE					frontend	typescript	compiler	safety
Q430	noUncheckedIndexedAccess		언어 중심 - TypeScript	97	OX	MEDIUM	noUncheckedIndexedAccess를 켜면 arr[i]나 obj[key] 접근 결과에 undefined 가능성이 반영되어, 방어 코드를 유도한다.	이 옵션은 인덱스 접근이 항상 값이 있다고 가정하는 위험을 줄입니다. 배열 인덱스나 동적 키 접근은 범위를 벗어나거나 키가 없을 수 있으니 undefined가 포함되는 것이 더 현실적입니다. 면접에서는 “TS 설정으로 안전성을 어떻게 올리나” 질문에 좋은 예시가 됩니다. 실무에서는 방어 코드가 늘 수 있지만, 런타임 오류를 줄이는 효과가 큽니다. 특히 사용자 입력 기반 키 접근, 파싱 결과 접근에서 도움이 됩니다. 도입 시 타입 에러가 많이 생길 수 있어 핵심 모듈부터 단계적으로 적용하는 전략이 좋습니다.		O	TRUE	X	FALSE					frontend	typescript	compiler	safety
Q431	타입 수준 테스트(Type-level Tests)		언어 중심 - TypeScript	97	OX	MEDIUM	타입 수준 테스트(예: Expect/Equal)는 런타임 테스트는 아니지만, 타입 변경으로 계약이 깨지면 컴파일 단계에서 실패하도록 만들어 회귀를 줄일 수 있다.	타입 수준 테스트는 “타입이 기대대로 유지되는지”를 컴파일 단계에서 검증하는 방식입니다. 런타임 동작을 보장하진 않지만, 공용 유틸 타입이나 라이브러리 API의 타입 계약이 무너지는 회귀를 막는 데 매우 효과적입니다. 면접에서는 잘 안 나와도, TS를 깊게 쓰는 팀에서는 중요하게 봅니다. 실무에서는 dtslint, tsd, 또는 간단한 Expect/Equal 유틸을 만들어 CI에서 타입 체크를 돌리는 식으로 운영할 수 있습니다. 특히 제네릭 유틸/라이브러리 개발에서는 타입이 곧 API이기 때문에 가치가 큽니다. 다만 타입 테스트만 믿고 런타임 검증을 생략하면 안 되며, 둘을 역할 분담하는 것이 핵심입니다.		O	TRUE	X	FALSE					frontend	typescript	testing	tooling
Q432	keyof typeof 패턴(keyof typeof)		언어 중심 - TypeScript	97	OX	MEDIUM	keyof typeof SOME_CONST를 쓰면 런타임 상수 객체의 키를 타입으로 가져와, 오타를 컴파일 단계에서 잡을 수 있다.	typeof는 값(상수 객체)의 타입을 얻고, keyof는 그 타입의 키 유니온을 얻습니다. 이 조합은 “상수 기반 키 집합”을 타입으로 강제할 때 매우 자주 쓰입니다. 면접에서는 enum 대체 패턴으로 물어보기도 하며, 상수 맵 + keyof typeof로 안전한 키를 만드는 흐름을 설명하면 좋습니다. 실무에서는 라우트 이름, 이벤트 이름, 권한 키, 설정 키를 이런 방식으로 관리하면 오타가 크게 줄어듭니다. 또한 as const나 satisfies와 함께 쓰면 리터럴이 잘 보존되어 더 견고해집니다. 다만 객체가 커지면 타입 에러 메시지가 길어질 수 있어, 도메인 단위로 나눠 관리하는 편이 좋습니다.		O	TRUE	X	FALSE					frontend	typescript	types	pattern
Q433	enum vs const object 패턴(Enum vs Const Object)		언어 중심 - TypeScript	97	OX	MEDIUM	TS enum은 런타임에도 객체가 생성될 수 있고, 이를 피하려면 const object + union 타입을 쓰는 패턴이 있다.	TypeScript enum은 컴파일 결과에 따라 런타임 아티팩트(객체)가 생길 수 있어 번들/트리셰이킹 관점에서 논쟁이 있습니다. 그래서 상수 객체(as const)를 만들고, typeof/keyof/(typeof obj)[keyof typeof obj]로 union 타입을 뽑아 쓰는 패턴이 자주 사용됩니다. 면접에서는 enum의 장단점(자동완성/리버스 매핑/런타임 생성 여부)을 비교하는 질문이 나올 수 있습니다. 실무에서는 “번들 사이즈”와 “동작의 명확성” 때문에 const object 선호 팀도 많습니다. 다만 프로젝트 컨벤션에 따라 enum을 써도 충분히 좋은 경우가 있으니 선택 근거를 말하는 게 중요합니다.		O	TRUE	X	FALSE					frontend	typescript	design	pattern
Q434	as const의 과사용 위험(Over-narrowing)		언어 중심 - TypeScript	97	OX	MEDIUM	as const를 남발하면 타입이 너무 좁아져 재사용성이 떨어지거나, 함수 인자에 넣기 어려운 경우가 생길 수 있다.	as const는 리터럴을 매우 좁게 고정하므로, 어떤 함수가 string을 기대하는데 "A" 같은 리터럴 타입만 전달되면 보통은 문제 없지만 반대 방향(리터럴 고정이 필요한데 확장됨) 등에서 의도치 않은 제약이 생기기도 합니다. 특히 데이터가 “변경 가능해야 하는 흐름”인데 readonly로 고정되면 구현이 불편해질 수 있습니다. 면접에서는 “타입을 좁히는 게 항상 좋은가”라는 균형 감각을 보기도 합니다. 실무에서는 상수 테이블/키 규칙처럼 안정적인 곳에 as const를 쓰고, 동적 데이터에는 적절히 넓은 타입을 유지하는 것이 좋습니다. 너무 좁아졌다면 satisfies를 고려해 “검사만” 하도록 설계할 수 있습니다.		O	TRUE	X	FALSE					frontend	typescript	types	pitfalls
Q435	NonNullable 유틸리티(NonNullable)		언어 중심 - TypeScript	97	OX	MEDIUM	NonNullable<T>는 T에서 null과 undefined를 제거한 타입을 만든다.	NonNullable<T>는 T에서 null/undefined를 제외한 타입을 만들어 줍니다. 면접에서는 optional/nullable 모델링과 함께 “언제 NonNullable을 쓰나” 같은 질문이 나올 수 있습니다. 실무에서는 필수 값이 보장된 이후(검증/필터링 이후) 타입을 깔끔하게 만들 때 유용합니다. 예를 들어 배열에서 null 요소를 필터링한 뒤 결과 타입을 정리할 때 자주 등장합니다. 다만 NonNullable은 타입 수준 도구일 뿐 런타임 검증을 대신하지는 못하므로, 보장 근거(가드/필터)가 함께 있어야 안전합니다. 또한 너무 자주 쓰면 “왜 null이 가능한지” 설계 자체를 재검토해야 할 수도 있습니다.		O	TRUE	X	FALSE					frontend	typescript	utility	types
Q436	Required 유틸리티(Required)		언어 중심 - TypeScript	97	OX	MEDIUM	Required<T>는 선택적 프로퍼티(?)를 필수로 바꾸지만, 런타임에서 실제 값 존재를 보장해주지는 않는다.	Required<T>는 타입 수준에서 optional을 제거해 “필수”로 보이게 합니다. 하지만 런타임에서 객체에 실제로 값이 채워졌는지는 별개의 문제입니다. 면접에서는 “타입은 런타임을 보장하지 않는다”는 원칙을 이해하는지 확인할 수 있습니다. 실무에서는 설정 객체를 병합해 기본값을 채운 다음, 그 이후 타입을 Required로 바꾸는 흐름이 흔합니다. 즉, “기본값 주입/검증 → Required 적용” 순서가 안전합니다. 또한 외부 입력에 Required만 덮어씌우는 건 위험한 단언이 될 수 있습니다.		O	TRUE	X	FALSE					frontend	typescript	utility	safety
Q437	Awaited 유틸리티(Awaited)		언어 중심 - TypeScript	97	OX	MEDIUM	Awaited<T>는 Promise처럼 await 가능한 타입의 최종 결과 타입을 추출하는 데 사용된다.	Awaited<T>는 await가 적용된 결과 타입을 계산하는 유틸입니다. Promise 중첩(Promise<Promise<T>>) 같은 경우도 풀어 최종 T를 얻는 데 도움을 줍니다. 면접에서는 “async 함수의 반환 타입을 어떻게 모델링하나”에서 함께 등장할 수 있습니다. 실무에서는 제네릭 유틸(비동기 래퍼)이나 API 클라이언트 타입 설계에서 자주 쓰입니다. 다만 Promise가 아닌 값에 적용되면 그대로 반환되는 등 동작을 이해해야 합니다. 또한 런타임 로직은 여전히 비동기이므로, 타입만으로 동기처럼 착각하지 않게 주의해야 합니다.		O	TRUE	X	FALSE					frontend	typescript	async	utility
Q438	Omit의 함정(Omit Pitfall)		언어 중심 - TypeScript	97	OX	MEDIUM	Omit<T, K>는 T에서 K를 제거한 타입을 만들지만, 유니온 타입에 적용하면 의도치 않은 결과가 나올 수 있다.	Omit은 유용하지만, 유니온에 적용될 때 분배/병합 결과가 기대와 달라질 수 있습니다. 특히 “공통 필드 제거”를 하려다가 각 변형에서 구조가 달라져 타입이 애매해지는 경우가 있습니다. 면접에서는 유니온과 mapped/conditional 타입의 상호작용을 이해하는지 확인할 수 있습니다. 실무에서는 유니온에 대해 Omit을 하고 싶다면, 각 변형별로 분리해 적용하거나(분배형), 변형별 DTO를 명확히 만드는 편이 안전합니다. 또한 타입 도구로만 억지로 해결하기보다, 모델 설계를 더 명확히 하는 것이 유지보수에 낫습니다. 이런 “타입 트릭”은 팀의 이해 비용을 올릴 수 있습니다.		O	TRUE	X	FALSE					frontend	typescript	types	pitfalls
Q439	함수형 map vs forEach 타입 안정성		언어 중심 - TypeScript	97	OX	MEDIUM	map은 새로운 배열을 반환하므로 변환 결과를 타입으로 추적하기 쉬운 반면, forEach는 반환값이 없어 체이닝 기반 변환에 덜 적합하다.	map은 입력 → 출력 변환을 명확히 표현하고, 반환 배열의 타입도 자동으로 추론됩니다. 반면 forEach는 side-effect 중심이라 결과를 반환하지 않고, 체이닝 변환 흐름에는 부적합합니다. 면접에서는 함수형 접근(불변/순수)에 대해 묻는 흐름에서 함께 등장할 수 있습니다. 실무에서는 데이터 변환 파이프라인에는 map/filter/reduce를 쓰고, 정말로 side-effect(로그/외부 호출)가 목적이면 forEach를 쓰는 구분이 좋습니다. 다만 map을 side-effect 용도로 쓰면 오히려 가독성이 떨어지고 버그가 나기 쉬우니 주의해야 합니다. TypeScript에서도 이 구분을 지키면 코드 의도가 선명해집니다.		O	TRUE	X	FALSE					frontend	typescript	functional	style
Q440	Array.filter와 타입 가드(Filter Type Guard)		언어 중심 - TypeScript	97	OX	MEDIUM	filter 콜백을 타입 가드로 작성하면, 결과 배열 타입이 자동으로 좁혀질 수 있다.	filter의 콜백이 x is SomeType 형태의 타입 술어를 반환하면, 결과 배열이 SomeType[]로 내로잉될 수 있습니다. 면접에서는 “null 제거 필터” 같은 예시로 질문이 자주 나옵니다. 실무에서는 (x): x is T => x != null 같은 패턴이 흔하며, 이후 코드에서 NonNullable을 굳이 쓰지 않아도 깔끔해집니다. 다만 filter 조건이 실제로 타입을 보장하도록 작성되어야 합니다(예: 단순 truthy 체크는 0/""를 제거할 수도 있음). 또한 복잡한 조건일수록 타입 가드 함수로 분리해 재사용성과 테스트 용이성을 높이는 편이 좋습니다. 타입과 런타임 조건이 불일치하면 위험합니다.		O	TRUE	X	FALSE					frontend	typescript	narrowing	array
Q441	Promise.all의 타입 추론		언어 중심 - TypeScript	97	OX	MEDIUM	Promise.all([p1, p2] as const)처럼 튜플을 보존하면, 결과 타입도 [T1, T2] 형태로 더 정확히 추론될 수 있다.	Promise.all은 입력이 배열이면 보통 결과가 “배열 of union”처럼 뭉개질 수 있습니다. 하지만 입력을 튜플로 보존하면 결과도 튜플로 추론되어 각 위치의 타입이 유지됩니다. 면접에서는 async 병렬 처리에서 Promise.all과 타입 추론을 함께 물어볼 수 있습니다. 실무에서는 서로 다른 타입의 비동기 결과를 병렬로 받는 경우 튜플 추론이 DX를 크게 올립니다. 이때 as const 또는 const 제네릭 패턴으로 튜플을 유지하는 것이 포인트입니다. 다만 실패 시 전체가 reject되는 동작 특성도 함께 이해해야 합니다. 또한 Promise.allSettled를 선택해야 하는 케이스도 구분해두면 좋습니다.		O	TRUE	X	FALSE					frontend	typescript	async	inference
Q442	Promise.all vs allSettled		언어 중심 - TypeScript	97	OX	MEDIUM	Promise.allSettled는 일부 Promise가 실패해도 전체가 즉시 reject되지 않고, 각 결과(성공/실패)를 모두 반환한다.	allSettled는 모든 Promise가 끝날 때까지 기다린 후, 각 항목의 상태와 값을 담은 결과 배열을 반환합니다. 그래서 일부 실패가 있어도 전체가 reject되지 않습니다. 면접에서는 “부분 실패를 허용해야 하는가” 상황에서 all vs allSettled 선택 이유를 묻습니다. 실무에서는 여러 API를 동시에 호출하고, 실패한 것만 대체값을 넣어 UI를 부분 렌더링하는 경우 allSettled가 유리합니다. 다만 결과 타입이 성공/실패 union 형태라서 내로잉(상태 체크)이 필요합니다. 또한 실패를 삼키는 것이 아니라, 실패를 수집해 로깅/모니터링으로 보내는 설계가 중요합니다.		O	TRUE	X	FALSE					frontend	typescript	async	error
Q443	never로 unreachable 보장		언어 중심 - TypeScript	97	OX	MEDIUM	default: return assertNever(x) 같은 패턴은 새 케이스가 추가되면 컴파일 에러를 유도해 분기 누락을 방지할 수 있다.	assertNever는 인자로 never만 받도록 설계해, 실제로 never가 아니면 컴파일이 깨지게 만듭니다. union 타입이 확장되었는데 switch가 업데이트되지 않으면 default에서 x가 never가 아니므로 오류가 납니다. 면접에서는 exhaustive checking을 코드로 구현할 줄 아는지를 보기도 합니다. 실무에서는 이벤트 타입/상태 타입 처리에서 회귀를 막는 “안전장치”로 매우 가치가 큽니다. 특히 여러 팀이 같은 타입을 공유할 때 누락을 자동으로 드러내줍니다. 다만 assertNever 구현은 런타임에서도 throw 하도록 해 실제 누락이 발생했을 때 빨리 감지되게 하는 것이 좋습니다. 타입만 믿고 런타임 보호를 안 하면 디버깅이 어려워질 수 있습니다.		O	TRUE	X	FALSE					frontend	typescript	types	pattern
Q444	리터럴 보존 vs widening		언어 중심 - TypeScript	97	OX	MEDIUM	let x = "a"는 보통 타입이 "a"로 유지되고, const x = "a"는 보통 string으로 넓혀진다.	일반적으로는 반대입니다. const x = "a"는 리터럴 "a"로 유지되고, let x = "a"는 재할당 가능하므로 string으로 넓어지는(widening) 경우가 많습니다. 그래서 문장은 X가 정답입니다. 면접에서는 리터럴 widening과 as const가 왜 필요한지 연결 질문이 나올 수 있습니다. 실무에서는 이벤트/상태 같은 값 집합을 상수로 두고 리터럴을 유지해야 안전한 내로잉이 됩니다. 반대로 동적으로 변경될 값은 넓은 타입이 자연스럽습니다. 타입이 넓어져서 문제가 되면 const로 바꾸거나 명시 타입 주석을 붙여 의도를 고정합니다.		O	FALSE	X	TRUE					frontend	typescript	inference	basics
Q445	함수 오버로드와 제네릭 선택		언어 중심 - TypeScript	97	OX	MEDIUM	입력/출력 관계가 여러 형태로 갈리고, 각 형태의 반환 타입이 다를 때는 오버로드가 제네릭보다 더 읽기 쉬운 경우가 있다.	오버로드는 호출 형태별 계약을 명시적으로 보여주기 때문에, API 문서처럼 읽히는 장점이 있습니다. 제네릭으로도 표현 가능하지만, 조건부 타입이 복잡해지면 가독성이 나빠질 수 있습니다. 면접에서는 “왜 오버로드를 택했나”를 설계 근거로 설명할 수 있어야 합니다. 실무에서는 공용 유틸 함수에서 “간단한 몇 가지 형태”라면 오버로드가 유지보수에 유리한 경우가 많습니다. 다만 오버로드가 너무 많아지면 구현과 계약 불일치 위험이 커지므로, 적절히 union + 내로잉으로 단순화할 수 있는지도 함께 고려해야 합니다. 또한 오버로드는 테스트 케이스를 충분히 두어 런타임 분기가 계약을 만족하는지 확인하는 것이 좋습니다.		O	TRUE	X	FALSE					frontend	typescript	api	design
Q446	Record의 제약(Record Pitfall)		언어 중심 - TypeScript	97	OX	MEDIUM	Record<UnionKey, Value>는 UnionKey의 모든 키가 반드시 존재하도록 강제하므로, 일부 키만 허용하려면 Partial<Record<...>> 같은 조합이 필요할 수 있다.	Record는 “키 집합 전체를 채워라”는 의미가 강합니다. 그래서 UnionKey의 일부만 가진 맵을 만들고 싶다면 Partial로 감싸거나, 인덱스 시그니처/Map을 고려해야 합니다. 면접에서는 Record와 index signature 차이를 묻는 흐름에서 자주 등장합니다. 실무에서는 “핸들러 테이블”을 만들 때 모든 케이스를 강제하면 누락을 막는 장점이 있지만, 정말로 선택적인 맵이면 Partial이 더 현실적입니다. 다만 Partial을 쓰면 누락 가능성이 생기니, 조회 시 undefined 처리가 필요합니다. 또한 Record 키가 커지면 객체 생성 비용과 유지보수 부담이 생길 수 있어 모듈로 분리하는 것이 좋습니다.		O	TRUE	X	FALSE					frontend	typescript	types	object
Q447	any 전파(Any Pollution)		언어 중심 - TypeScript	97	OX	MEDIUM	any는 한 번 섞이면 타입 체크를 우회해 주변으로 전파될 수 있어, 프로젝트 전체 타입 안전성을 크게 떨어뜨릴 수 있다.	any는 타입 시스템의 안전장치를 우회하므로, “편한데 위험한” 도구입니다. any가 들어가면 그 주변의 추론이 약해지고, 타입 오류가 숨어들기 쉽습니다. 면접에서는 “any를 언제/왜 피해야 하나” 질문이 매우 자주 나오고, 대안으로 unknown + 검증을 말하면 좋습니다. 실무에서는 라이브러리 타입이 부족한 경우 임시로 any를 쓰더라도, 범위를 최소화하고 TODO로 추적하는 전략이 필요합니다. 또한 tsconfig의 noImplicitAny, eslint 규칙으로 any 사용을 관리하는 팀도 많습니다. any를 줄이면 리팩터링 안정성이 크게 올라갑니다.		O	TRUE	X	FALSE					frontend	typescript	safety	pitfalls
Q448	void vs undefined		언어 중심 - TypeScript	97	OX	MEDIUM	TypeScript에서 void는 “아무 값도 반환하지 않는다”는 의도 표현이며, undefined와 완전히 동일한 의미로만 사용된다.	void는 “반환값을 사용하지 않는다/의미 없다”는 의도를 표현하는 데 쓰이는 타입입니다. undefined와 겹치는 부분이 있지만, 콜백 반환 타입이나 Promise 등에서 “값을 기대하지 말라”는 계약을 전달하는 역할이 큽니다. 그래서 “완전히 동일한 의미로만 사용된다”는 문장은 과해서 X가 정답입니다. 면접에서는 void, never, unknown 같은 기본 타입들의 의미 차이를 묻는 경우가 있습니다. 실무에서는 이벤트 핸들러처럼 반환값을 무시하는 API에서 void가 흔하고, undefined는 실제 값의 하나로 다루는 경우가 많습니다. 또한 noImplicitReturns 같은 규칙과 함께 의도 표현이 명확해집니다. 타입 수준 의도와 런타임 값의 구분이 핵심입니다.		O	FALSE	X	TRUE					frontend	typescript	basics	types
Q449	제네릭과 기본값의 함정		언어 중심 - TypeScript	97	OX	MEDIUM	제네릭 기본값을 any로 두면 사용자는 편하지만, 타입 안전성은 크게 낮아질 수 있다.	제네릭 기본값을 any로 두면 호출자가 타입 인자를 생략했을 때 안전장치가 크게 약해집니다. unknown처럼 안전한 기본을 두면 사용자는 약간 불편해도 검증을 강제할 수 있습니다. 면접에서는 “라이브러리 API에서 기본 타입을 뭘로 잡을지” 같은 설계 질문에서 이 포인트가 나올 수 있습니다. 실무에서는 public API라면 unknown을 기본으로 두고, 내부에서 안전하게 내로잉/검증하는 편이 유지보수에 유리합니다. 또한 any 기본값은 리팩터링 시 타입 에러가 잘 안 드러나 품질이 떨어질 수 있습니다. 팀 규모가 커질수록 기본값 선택은 더 중요해집니다. 편의와 안전의 균형을 근거로 설명할 수 있어야 합니다.		O	TRUE	X	FALSE					frontend	typescript	api	safety
Q450	구조적 타이핑과 DTO 변환		언어 중심 - TypeScript	97	OX	MEDIUM	구조적 타이핑 때문에, DTO 변환 없이도 “모양만 같으면” 다른 레이어 타입을 그대로 넘겨도 문제가 없다고 보는 것이 일반적으로 안전하다.	구조적 타이핑은 모양만 맞으면 호환되기 때문에, 레이어 간 타입이 섞이기 쉬운 장점/위험이 공존합니다. “안전하다”라고 일반화하기는 어렵고, 보통은 레이어 경계를 지키기 위해 DTO/도메인 모델 변환을 두는 편이 더 유지보수에 유리합니다. 따라서 문장은 X가 정답입니다. 면접에서는 “프런트 DTO와 도메인 모델을 분리해야 하나” 같은 질문에서 이 논점을 자주 다룹니다. 실무에서는 요구사항 변화, 보안 필드 노출, 버전 호환 때문에 레이어 타입을 분리하는 것이 장기적으로 안전합니다. 변환 비용이 들지만, 경계가 명확해져 변경 전파가 줄어듭니다. 특히 외부 API 스펙이 자주 바뀌면 분리의 가치가 더 커집니다.		O	FALSE	X	TRUE					frontend	typescript	architecture	pitfalls
Q451	함수형 불변 업데이트(Immutable Update)		언어 중심 - TypeScript	97	OX	MEDIUM	불변 업데이트에서 중첩 객체를 스프레드로 얕게 복사하면, 깊은 중첩까지 자동으로 안전하게 복사된다.	스프레드({...obj})나 배열 스프레드([...arr])는 기본적으로 얕은 복사입니다. 그래서 깊은 중첩 객체 내부는 기존 참조가 그대로 남아 예상치 못한 공유/변경 문제가 생길 수 있습니다. 따라서 문장은 틀려서 X가 정답입니다. 면접에서는 “얕은 복사 vs 깊은 복사”를 자주 묻고, 불변 업데이트 시 어떤 전략(구조적 공유/immer/정규화)을 쓰는지까지 이어질 수 있습니다. 실무에서는 깊은 구조를 반복 스프레드로 복사하면 성능과 가독성이 나빠지니, 필요한 경로만 복사하거나 immer를 도입하는 판단이 중요합니다. 또한 상태 트리를 너무 깊게 만들지 않는 설계 자체도 유지보수에 큰 도움이 됩니다.		O	FALSE	X	TRUE					frontend	typescript	state	immutability
Q452	정규화 상태(Normalized State)		언어 중심 - TypeScript	97	OX	MEDIUM	정규화 상태는 중복 데이터를 ID 기반으로 분리해 저장하여, 업데이트 시 일관성 문제를 줄이고 성능을 개선할 수 있다.	정규화는 DB처럼 엔티티를 byId 맵으로 관리하고, 관계는 id 목록으로 표현하는 방식입니다. 중복을 줄여 업데이트 시 한 곳만 바꾸면 되므로 일관성이 좋아집니다. 면접에서는 Redux 같은 상태 관리에서 “왜 정규화가 필요하냐”를 묻기도 합니다. 실무에서는 댓글/게시글/사용자처럼 참조가 많은 데이터에서 특히 효과적이고, 캐시 업데이트도 단순해집니다. 다만 조회 시 조합(denormalize) 로직이 필요하니 selector/메모이제이션을 함께 설계하는 게 좋습니다.		O	TRUE	X	FALSE					frontend	typescript	state	pattern
Q453	Selector 메모이제이션(Selector Memoization)		언어 중심 - TypeScript	97	OX	MEDIUM	selector를 메모이제이션하면 동일한 입력 상태에서 같은 참조를 재사용해, 불필요한 렌더링을 줄이는 데 도움이 된다.	selector 메모이제이션은 동일 입력이면 동일 출력(참조)을 재사용해 렌더링/계산을 줄입니다. 특히 정규화된 상태에서 조합(denormalize) 비용이 큰 경우 효과가 큽니다. 면접에서는 “리렌더 최적화” 질문에서 useMemo, memo, selector 메모이제이션을 구분해 말할 수 있으면 좋습니다. 실무에서는 입력 키를 제대로 잡지 못하면 캐시가 무효화되거나 메모리가 쌓일 수 있으니 주의해야 합니다. 또한 selector가 side-effect를 가지면 안 되고, 순수하게 계산만 해야 안정적으로 동작합니다. TypeScript에서는 selector 반환 타입을 명확히 해두면 컴포넌트 코드의 안정성이 올라갑니다.		O	TRUE	X	FALSE					frontend	typescript	performance	pattern
Q454	Partial 업데이트 DTO 패턴(Partial Update DTO)		언어 중심 - TypeScript	97	OX	MEDIUM	PATCH 같은 부분 업데이트 API는 Partial<T>로 요청 타입을 만들면 편하지만, 보안/검증 관점에서 허용 필드를 명시하는 편이 더 안전할 수 있다.	Partial<T>는 빠르게 만들 수 있지만, 의도치 않게 민감 필드가 포함될 위험이 있습니다(예: role, isAdmin 같은 필드). 면접에서는 DTO 설계에서 “편의 vs 안전” 트레이드오프를 말할 수 있어야 합니다. 실무에서는 허용 필드만 Pick으로 명시하거나 별도 DTO를 정의하고, 런타임 검증으로 실제 허용 범위를 강제하는 것이 더 안전합니다. 특히 외부 API에서는 “타입이 곧 보안”이 아니므로 서버 검증이 필수입니다. 또한 부분 업데이트는 undefined/누락/ null 처리 규칙을 정해야 동작이 예측 가능합니다.		O	TRUE	X	FALSE					frontend	typescript	dto	security
Q455	만족 검사 + 리터럴 유지 패턴(satisfies + literals)		언어 중심 - TypeScript	97	OX	MEDIUM	satisfies를 쓰면 잘못된 키/값을 막으면서도 리터럴 타입 정보가 유지되어, 핸들러 테이블 같은 구조에서 추론이 좋아진다.	satisfies는 “타입을 만족하는지 검사”하면서도 값의 추론 타입을 과도하게 바꾸지 않아 리터럴 유지에 유리합니다. 핸들러 레지스트리, 라우트 정의, 권한 정책 테이블에서 오타/누락을 잡고 자동완성도 좋아집니다. 면접에서는 as 단언보다 안전한 이유(검사 vs 단언)를 설명하면 좋습니다. 실무에서는 Record로 모든 키를 강제할지, Partial로 선택적 키를 허용할지 설계와 함께 사용하면 효과가 큽니다. 또한 이 패턴은 리팩터링 시 계약이 깨지면 바로 컴파일이 실패하므로 회귀를 줄입니다. 다만 타입 정의가 너무 복잡해지면 팀 이해 비용이 올라갈 수 있어 적절히 단순화해야 합니다.		O	TRUE	X	FALSE					frontend	typescript	types	pattern
Q456	타입 가드와 런타임 검증의 역할 분리		언어 중심 - TypeScript	97	OX	MEDIUM	타입 가드는 컴파일러 내로잉에 도움을 주지만, 외부 입력을 완전히 신뢰할 수 없으므로 스키마 검증 같은 런타임 검증이 여전히 필요하다.	타입 가드는 TypeScript의 정적 타입을 “분기 이후에 더 정확히” 만들 뿐, 외부 데이터가 실제로 안전하다는 보장은 없습니다. 런타임에서 들어오는 값은 언제든 깨질 수 있으니 스키마 검증/파싱이 필요합니다. 면접에서는 “TS로도 런타임 에러가 나는 이유”를 이 관점으로 설명하면 좋습니다. 실무에서는 경계(네트워크/스토리지/환경 변수/사용자 입력)에서 런타임 검증을 하고, 내부 로직은 타입 가드/좁히기로 깔끔하게 가져가는 구조가 안정적입니다. 또한 검증 실패 시 에러 포맷을 표준화해 로그/모니터링에 연결하는 것도 중요합니다. 타입 시스템과 검증을 혼동하면 as 단언이 남발되어 사고가 납니다.		O	TRUE	X	FALSE					frontend	typescript	validation	safety
Q457	에러 경계 패턴(Error Boundary Concept)		언어 중심 - TypeScript	97	OX	MEDIUM	에러 경계(에러를 캡처해 UI를 보호하는 개념)는 런타임 오류를 타입 수준에서 완전히 예방하는 패턴이다.	에러 경계는 런타임 오류를 “잡아 UI를 보호”하는 운영/UX 패턴이지, 타입 수준에서 오류를 완전히 예방하지는 못합니다. 따라서 문장은 X가 정답입니다. 면접에서는 예방(타입/검증)과 대응(에러 경계/로깅/리트라이)을 구분해 말할 수 있어야 합니다. 실무에서는 타입 안정성을 높여도 네트워크/브라우저/서드파티 오류는 발생할 수 있으니, 에러 처리 레이어(에러 경계, 에러 페이지, 로깅)가 필요합니다. TypeScript는 “사전 예방”에 강하고, 에러 경계는 “사후 대응”에 가깝습니다. 둘을 함께 쓰는 게 품질을 올리는 핵심입니다. 또한 에러 경계는 모든 오류를 잡지 못하는 범위가 있으니 한계도 이해해야 합니다.		O	FALSE	X	TRUE					frontend	typescript	resilience	concept
Q458	커스텀 에러 타입 패턴(Custom Error Type)		언어 중심 - TypeScript	97	OX	MEDIUM	커스텀 에러 클래스를 정의하고, instanceof로 분기하면 에러 처리 로직을 더 명확히 만들 수 있다.	커스텀 에러 클래스는 에러 종류를 명확히 하고, 처리 정책을 분리하는 데 도움이 됩니다. instanceof로 구분하면 분기가 깔끔해지고, 특정 에러만 재시도/사용자 메시지 표시 같은 정책을 적용할 수 있습니다. 면접에서는 “에러를 어떻게 분류하고 처리하나” 질문에서 좋은 답이 됩니다. 실무에서는 에러 코드/원인(cause)/컨텍스트를 담아 로깅 품질을 올리는 설계가 중요합니다. 다만 번들 경계나 다중 패키지에서 instanceof가 깨질 수 있는 환경(서로 다른 Error 클래스)도 있으니, 코드 기반 식별자(discriminant)를 같이 두는 전략이 더 견고합니다. 또한 에러를 잡아 삼키지 말고 모니터링으로 보내는 습관이 중요합니다.		O	TRUE	X	FALSE					frontend	typescript	error	pattern
Q459	neverthrow/Result 라이브러리 사용 패턴		언어 중심 - TypeScript	97	OX	MEDIUM	Result 기반 라이브러리를 쓰면 예외를 던지지 않고도 실패를 값으로 모델링할 수 있지만, 호출부에서 매번 분기 처리가 필요해질 수 있다.	Result는 실패를 값(Err)으로 표현해 흐름 제어를 명시적으로 만듭니다. 예외 전파보다 예측 가능성이 높지만, 호출부에서 처리(매칭/언랩)가 필요해 코드가 늘어날 수 있습니다. 면접에서는 “예상 가능한 실패를 어떻게 다루나” 질문에 Result가 좋은 답이 됩니다. 실무에서는 map/andThen 같은 체이닝을 활용하면 분기 장황함을 줄일 수 있지만, 팀이 패턴에 익숙해야 합니다. 또한 로깅/모니터링이 누락되지 않게 “실패 수집” 설계를 함께 해야 합니다. 모든 곳에 Result를 강제하면 생산성이 떨어질 수 있으니 경계 영역에 집중하는 전략도 유효합니다.		O	TRUE	X	FALSE					frontend	typescript	error	functional
Q460	이벤트 핸들러 테이블(Handler Map Pattern)		언어 중심 - TypeScript	97	OX	MEDIUM	switch 대신 핸들러 맵(키→함수)을 쓰면 분기를 줄일 수 있고, Record<UnionKey, Handler>로 누락을 컴파일 단계에서 잡을 수 있다.	핸들러 테이블은 조건 분기를 데이터 구조로 치환해 확장성을 높이는 패턴입니다. union key를 Record의 키로 쓰면 모든 케이스를 채워야 하므로 누락이 컴파일 에러로 드러납니다. 면접에서는 “OCP를 만족하는 분기 제거” 사례로 설명하면 좋습니다. 실무에서는 플러그인/전략/커맨드 처리에서 특히 효과적이고, 테스트도 핸들러 단위로 분리하기 쉽습니다. 다만 모든 키를 강제하는 것이 부담이면 Partial을 쓰되, 런타임에 fallback 처리나 오류를 명확히 해야 합니다. 또한 핸들러가 부수효과를 가지면 예외/재시도 정책도 함께 설계해야 합니다.		O	TRUE	X	FALSE					frontend	typescript	pattern	registry
Q461	Tuple vs Array 추론 패턴		언어 중심 - TypeScript	97	OX	MEDIUM	[1, 2]는 기본적으로 number[]로 추론되며, 튜플로 고정하려면 as const 또는 명시적 튜플 타입이 필요할 수 있다.	배열 리터럴은 상황에 따라 튜플로도 추론되지만, 일반적으로는 “변경 가능한 배열”로 보고 number[]처럼 넓게 추론되는 케이스가 많습니다. 튜플로 강제하고 싶다면 as const로 리터럴/readonly 튜플을 만들거나, const x: [number, number] = [1,2]처럼 명시할 수 있습니다. 면접에서는 Promise.all 튜플 추론, 함수 인자 위치 타입 유지 같은 예시로 이어질 수 있습니다. 실무에서는 라우트 파라미터, 쿼리 키, 이벤트 정의처럼 “순서가 의미가 있는 데이터”는 튜플이 더 정확합니다. 반대로 동적으로 길이가 변하는 목록은 배열 타입이 자연스럽습니다. 추론이 기대와 다르면 as const/satisfies로 의도를 명확히 해주는 것이 좋습니다.		O	TRUE	X	FALSE					frontend	typescript	inference	tuples
Q462	ReadonlyArray vs Array		언어 중심 - TypeScript	97	OX	MEDIUM	ReadonlyArray<T>는 push/pop 같은 변경 메서드를 막아 불변성을 표현하지만, 런타임에서 배열이 실제로 변경 불가능해지는 것은 아니다.	ReadonlyArray는 타입 수준에서 변경 메서드를 제한해 “바꾸지 마라”는 계약을 표현합니다. 하지만 런타임에서 freeze가 되는 것은 아니므로, 다른 참조를 통해 변경될 가능성은 남습니다. 면접에서는 “타입 불변성과 런타임 불변성의 차이”를 묻는 흐름에서 나올 수 있습니다. 실무에서는 API 반환값을 ReadonlyArray로 노출하면 외부 코드가 실수로 변경하는 것을 막는 데 도움이 됩니다. 다만 진짜 불변이 필요하면 Object.freeze(또는 deep freeze) 같은 런타임 전략이 필요합니다. 또한 불변 계약은 팀 컨벤션과 함께 지켜질 때 효과가 큽니다.		O	TRUE	X	FALSE					frontend	typescript	immutability	api
Q463	as unknown as T 이중 단언(Double Assertion)		언어 중심 - TypeScript	97	OX	MEDIUM	as unknown as T는 타입 시스템을 우회하는 강한 단언이므로, 마지막 수단으로만 쓰고 가능하면 검증/변환으로 대체해야 한다.	이중 단언은 컴파일러 경고를 “뚫고 지나가는” 방식이라 매우 위험합니다. 빠르게 해결되는 것처럼 보여도 런타임 버그를 숨길 가능성이 큽니다. 면접에서는 이런 패턴을 왜 피해야 하는지, 대안(unknown + 타입 가드/스키마 검증, 명시적 변환 함수)을 말할 수 있어야 합니다. 실무에서는 라이브러리 타입 정의가 부족한 임시 대응으로 쓸 수는 있지만, 범위를 최소화하고 TODO를 남겨 제거 계획을 세우는 것이 좋습니다. 특히 외부 입력에 이중 단언을 쓰면 장애로 직결될 수 있습니다. 타입 시스템을 우회할수록 리팩터링 안정성은 급격히 떨어집니다. 그래서 “마지막 수단”이라는 원칙이 중요합니다.		O	TRUE	X	FALSE					frontend	typescript	safety	pitfalls
Q464	객체 리터럴 초과 속성 검사(Excess Property Checks)		언어 중심 - TypeScript	97	OX	MEDIUM	객체 리터럴을 함수 인자로 직접 넘길 때는 초과 속성 검사가 적용될 수 있지만, 변수를 거치면 동일한 검사가 항상 동일하게 적용된다.	초과 속성 검사는 주로 “객체 리터럴을 직접” 할당/전달할 때 강하게 적용됩니다. 변수를 거치면(특히 타입이 넓게 추론되면) 동일한 수준으로 동작하지 않을 수 있어, 문장은 X가 정답입니다. 면접에서는 “왜 리터럴로는 에러인데 변수로 빼면 통과하나”를 자주 물어봅니다. 실무에서는 DTO 생성 시 불필요한 필드가 섞여도 컴파일이 지나갈 수 있으니, 경계에서는 명시적 DTO 타입을 적용하거나 satisfies로 검사를 걸어두는 게 좋습니다. 또한 스키마 검증을 병행하면 런타임에서도 안전합니다. 초과 속성 검사를 “보안”으로 오해하면 위험합니다. 타입은 도움일 뿐, 최종 강제는 서버 검증입니다.		O	FALSE	X	TRUE					frontend	typescript	types	gotcha
Q465	함수 파라미터의 구조 분해와 타입		언어 중심 - TypeScript	97	OX	MEDIUM	함수 파라미터를 구조 분해로 받을 때도 타입 주석을 붙여 계약을 명확히 할 수 있으며, 공개 API에서 특히 유용하다.	구조 분해 파라미터는 편하지만, 타입을 생략하면 암묵적 any나 과도한 추론이 생길 수 있습니다. 타입 주석을 붙이면 어떤 필드가 필요하고 선택적인지 계약이 분명해집니다. 면접에서는 “가독성과 타입 안정성 균형”을 묻는 흐름에서 좋은 포인트입니다. 실무에서는 컨트롤러/서비스 같은 경계 API에서 입력 타입을 명확히 하면 리팩터링이 쉬워지고, 호출부 자동완성도 좋아집니다. 또한 구조 분해 기본값을 함께 쓸 때 undefined 처리 규칙을 명확히 해야 버그가 줄어듭니다. 너무 깊은 구조 분해는 오히려 읽기 어려울 수 있으니 적절한 수준에서 사용합니다. 타입과 런타임 기본값의 일관성이 중요합니다.		O	TRUE	X	FALSE					frontend	typescript	api	style
Q466	Generic + keyof로 안전한 setter		언어 중심 - TypeScript	97	OX	MEDIUM	set<T, K extends keyof T>(obj: T, key: K, value: T[K]) 같은 패턴은 key와 value의 타입 관계를 보장해, 잘못된 값 대입을 컴파일 단계에서 막는다.	이 패턴은 key와 value를 연결해 “키에 맞는 값만” 넣도록 강제합니다. 그래서 잘못된 타입을 넣으면 컴파일러가 즉시 잡습니다. 면접에서는 keyof, 인덱스 접근 타입(T[K]), 제네릭 제약을 한 번에 확인할 수 있어 단골 질문입니다. 실무에서는 타입 안전한 유틸 함수(merge, pick, update) 설계의 기본 블록이 됩니다. 다만 런타임에서 key가 실제로 존재하는지, obj가 불변인지(변경 허용인지) 같은 문제는 별도 설계가 필요합니다. 또한 optional 프로퍼티인 경우 undefined 가능성이 섞이므로, 요구사항에 맞게 value 타입을 조정해야 합니다. 이런 패턴을 잘 쓰면 리팩터링 안정성이 크게 올라갑니다.		O	TRUE	X	FALSE					frontend	typescript	generics	pattern
Q467	빌드 타임 타입 체크 vs 런타임 테스트		언어 중심 - TypeScript	97	OX	MEDIUM	타입 체크는 많은 버그를 줄이지만, 런타임 로직(비동기 타이밍, 네트워크 실패, 권한 등)까지 모두 보장할 수는 없다.	TypeScript는 정적 분석으로 상당수 오류를 예방하지만, 네트워크/권한/동시성/타이밍 같은 런타임 이슈는 타입만으로 해결되지 않습니다. 면접에서는 “TS 쓰면 테스트 필요 없나?” 같은 질문에 이 균형을 설명할 수 있어야 합니다. 실무에서는 타입 체크 + 단위/통합 테스트 + 런타임 검증(스키마) + 관측성(로그/메트릭)을 조합해 품질을 올립니다. 특히 외부 의존성이 있는 시스템은 실패가 정상이라, 재시도/타임아웃/서킷브레이커 같은 패턴이 필요합니다. 타입은 계약을 명확히 해 테스트 작성도 더 쉽게 만들어주는 “보완재”로 보는 게 현실적입니다. 또한 타입 체크는 리팩터링 안정성을 높여 장기 생산성을 올립니다. 그래서 둘은 대체 관계가 아니라 상호 보완 관계입니다.		O	TRUE	X	FALSE					frontend	typescript	testing	concept
Q468	타입 설계의 단순화 원칙(Type Complexity)		언어 중심 - TypeScript	97	OX	MEDIUM	고급 타입(조건부/추론/템플릿 타입)을 쓰면 항상 더 좋은 설계가 되며, 팀 협업 비용은 거의 없다.	고급 타입은 강력하지만, 항상 좋은 설계로 이어지진 않습니다. 복잡한 타입은 이해 비용과 디버깅 비용을 올리고, 타입 에러 메시지를 난해하게 만들어 협업 생산성을 떨어뜨릴 수 있습니다. 따라서 문장은 X가 정답입니다. 면접에서는 “언제 타입 트릭을 쓰고 언제 단순화하나”라는 판단 기준을 볼 수 있습니다. 실무에서는 공용 API/핵심 라이브러리에서는 타입 정확도가 중요하지만, 내부 로직에서는 가독성과 유지보수가 더 중요할 수 있습니다. 적절한 경계에서만 고급 타입을 쓰고, 예제/문서/테스트(타입 테스트 포함)로 보완하는 전략이 좋습니다. 결국 목표는 “팀이 이해하고 유지할 수 있는 안전성”입니다. 타입이 목적이 되면 안 됩니다.		O	FALSE	X	TRUE					frontend	typescript		
Q469	타입 내로잉 + switch 패턴(Switch Narrowing)		언어 중심 - TypeScript	97	OX	MEDIUM	디스크리미네이티드 유니온은 switch로 분기하면 각 case에서 자동으로 타입이 좁혀져, 안전한 프로퍼티 접근이 가능하다.	디스크리미네이티드 유니온은 구분자 필드로 변형을 나누기 때문에 switch/case에서 타입이 자연스럽게 좁혀집니다. 면접에서는 “왜 구분자 필드가 중요한가”와 exhaustive check까지 이어서 질문할 수 있습니다. 실무에서는 API 응답 모델링, 상태 머신, 이벤트 처리에서 자주 쓰이며, 런타임 분기와 타입 계약이 일치해 디버깅이 쉬워집니다. 또한 switch 문이 길어지면 핸들러 테이블로 바꾸는 선택도 고려할 수 있습니다. 다만 구분자 값이 string literal로 고정되어야 내로잉이 제대로 동작합니다.		O	TRUE	X	FALSE					frontend	typescript	union	pattern
Q470	함수 반환 타입 추론의 위험(Leaky Inference)		언어 중심 - TypeScript	97	OX	MEDIUM	공개 함수의 반환 타입을 추론에 맡기면 내부 구현 세부사항이 외부 타입 계약으로 새어나가, 리팩터링 시 API 타입이 흔들릴 수 있다.	반환 타입을 추론에 맡기면 구현 변화가 곧 외부 계약 변화로 이어질 수 있습니다. 특히 공용 유틸/서비스 API는 반환 타입 주석으로 계약을 고정해두면 리팩터링 안정성이 크게 올라갑니다. 면접에서는 “반환 타입을 언제 명시하나” 질문에 좋은 답이 됩니다. 실무에서는 내부는 추론을 활용하되, 모듈 경계(외부 노출 API)에서는 명시하는 전략이 흔합니다. 또한 타입이 너무 구체적으로 추론되면 호출부가 불필요하게 제약받을 수 있습니다. “계약은 안정적으로, 구현은 유연하게”가 포인트입니다.		O	TRUE	X	FALSE					frontend	typescript	api	design
Q471	제네릭에서 any 유입 방지(Unknown-first)		언어 중심 - TypeScript	97	OX	MEDIUM	제네릭 API의 기본 타입을 unknown으로 두면, 사용자가 검증/내로잉을 하도록 유도해 any 전파를 줄일 수 있다.	unknown을 기본으로 두면 “안전한 기본값”이 되어, 무분별한 any 전파를 막는 데 도움이 됩니다. 면접에서는 “왜 unknown이 더 안전한가”를 설명할 수 있어야 합니다. 실무에서는 JSON 파싱, 외부 라이브러리 래핑, API 클라이언트 같은 경계에서 unknown-first 전략이 효과적입니다. 다만 사용자는 내로잉이 필요해 약간 불편할 수 있으니, 공용 유틸에는 예제/헬퍼 함수를 제공하면 DX가 좋아집니다. 안전과 편의의 균형을 근거로 말하는 것이 중요합니다.		O	TRUE	X	FALSE					frontend	typescript	safety	design
Q472	타입 가드의 정확성(Type Guard Soundness)		언어 중심 - TypeScript	97	OX	MEDIUM	타입 가드는 컴파일러에 힌트를 주는 것뿐이므로, 구현이 틀려도 타입 안전성에는 영향이 없다.	타입 가드는 구현이 틀리면 타입 시스템을 속이는 결과가 되어, 오히려 런타임 버그를 더 쉽게 만들 수 있습니다. 따라서 문장은 X가 정답입니다. 면접에서는 “타입 가드가 왜 위험할 수 있나”를 묻고, 구현을 테스트로 보강하거나 스키마 검증으로 대체하는 전략을 말하면 좋습니다. 실무에서는 타입 가드가 도메인 핵심 로직에 쓰일수록, 정확성(검증 범위)이 매우 중요합니다. 특히 x is T는 강한 보장이므로, 최소 조건만 검사하면 취약해질 수 있습니다. 타입 가드는 “계약”이므로 구현과 함께 관리해야 합니다.		O	FALSE	X	TRUE					frontend	typescript	safety	pitfalls
Q473	Optional chaining의 함정(Optional Chain Pitfall)		언어 중심 - TypeScript	97	OX	MEDIUM	optional chaining(?.)을 남발하면 null 케이스를 조용히 삼켜, 버그가 숨을 수 있으므로 “필수여야 하는 값”에는 어설션/검증이 더 적합할 수 있다.	?.는 안전하지만, 실제로는 “없으면 undefined로 넘어감”이라 문제가 조용히 묻힐 수 있습니다. 필수 값이 반드시 존재해야 하는 상황이라면 assert/검증으로 빨리 실패시키는 편이 디버깅에 유리합니다. 면접에서는 “방어적 코딩”이 무조건 좋은지, 어떤 곳은 fail-fast가 더 낫다는 균형 감각을 봅니다. 실무에서는 UI 표시용(없으면 그냥 미표시)에는 ?.가 좋고, 결제/권한/핵심 도메인 데이터처럼 필수인 값은 검증을 강하게 두는 것이 일반적입니다. 또한 optional chaining 뒤에 ?? 기본값을 둘 때도 의미 있는 기본값인지 점검해야 합니다.		O	TRUE	X	FALSE					frontend	typescript	pitfalls	pattern
Q474	function overload vs union 반환		언어 중심 - TypeScript	97	OX	MEDIUM	오버로드 없이 union 반환 타입만 쓰면, 호출 형태에 따라 달라지는 반환 타입을 정확히 표현하기 어렵고 호출부 타입이 두꺼워질 수 있다.	union 반환은 단순하지만, 호출 형태별로 반환이 달라지는 API에는 오버로드가 더 정확한 계약을 줄 때가 많습니다. 면접에서는 “오버로드를 언제 쓰나” 질문에서 좋은 예시입니다. 실무에서는 “두세 가지 명확한 호출 형태”라면 오버로드가 읽기 쉽고 자동완성도 좋아집니다. 반면 케이스가 많아지면 오버로드 유지보수 비용이 커질 수 있어, 제네릭/조건부 타입/함수 분리 등 대안도 고려해야 합니다. 핵심은 호출부 DX(타입 좁히기 부담)와 구현 복잡도의 균형입니다.		O	TRUE	X	FALSE					frontend	typescript	functions	design
Q475	패턴 매칭 스타일(Handler Map + Narrowing)		언어 중심 - TypeScript	97	OX	MEDIUM	핸들러 맵 패턴에서 키를 union으로 제한하고, 각 핸들러 인자를 적절히 내로잉하면 switch 없이도 타입 안전한 분기 처리를 만들 수 있다.	핸들러 테이블은 분기를 데이터 구조로 옮기는 방식이라 확장에 강합니다. union 키 + Record로 누락을 막고, 핸들러 인자 타입을 유니온 변형별로 정확히 맞추면 switch 없이도 안전하게 처리할 수 있습니다. 면접에서는 “분기 제거/확장성” 관점으로 설명하면 좋습니다. 실무에서는 이벤트 드리븐 처리, 커맨드 처리, 리듀서 스타일 구현에서 자주 씁니다. 다만 핸들러가 많아지면 파일 구조/의존성 관리가 중요해지고, 런타임에서 키가 잘못 들어오는 경우를 대비해 fallback 처리도 필요합니다. 타입으로 강제해도 외부 입력은 검증해야 안전합니다.		O	TRUE	X	FALSE					frontend	typescript	pattern	architecture
Q476	인터페이스 확장과 병합의 차이		언어 중심 - TypeScript	97	OX	MEDIUM	interface는 extends로 확장할 수도 있고 선언 병합으로도 확장될 수 있지만, type alias는 선언 병합이 되지 않는다.	interface는 선언 병합이 가능해 라이브러리 보강에 자주 쓰입니다. 반면 type alias는 동일 이름으로 다시 선언해 병합하는 것이 불가능합니다. 면접에서는 “왜 라이브러리 타입 확장엔 interface가 자주 쓰이나” 질문으로 이어질 수 있습니다. 실무에서는 전역 타입 보강(window/Express Request 등)에서 interface merging이 흔하고, 충돌을 막기 위해 선언 위치와 범위를 잘 관리해야 합니다. 또한 type alias는 조합(유니온/교차/조건부)에는 강하지만 보강엔 약하다는 특성을 이해해야 합니다. 적절한 도구 선택이 중요합니다.		O	TRUE	X	FALSE					frontend	typescript	types	design
Q477	strictFunctionTypes와 콜백 안전성		언어 중심 - TypeScript	97	OX	MEDIUM	strictFunctionTypes 같은 설정은 콜백 타입 호환을 더 엄격하게 만들어, 잘못된 함수 대입을 줄이는 데 도움이 될 수 있다.	함수 타입 호환은 런타임 오류로 이어질 수 있는 영역이라, 더 엄격한 규칙이 안전성을 올립니다. 면접에서는 “왜 콜백은 더 엄격해야 하나”와 변성(공변/반공변) 이슈를 물어볼 수 있습니다. 실무에서는 이벤트 핸들러, map/filter 콜백, 프레임워크 콜백에서 타입 호환 문제가 종종 발생합니다. 엄격한 설정은 초기 마이그레이션 비용이 있지만, 장기적으로 버그를 줄입니다. 다만 레거시 코드에서는 에러가 많이 나올 수 있어 점진적 도입 전략이 필요합니다. 설정을 켰을 때 팀이 감당 가능한 범위를 판단하는 것도 엔지니어링 능력입니다.		O	TRUE	X	FALSE					frontend	typescript	compiler	safety
Q478	noImplicitOverride의 의도		언어 중심 - TypeScript	97	OX	MEDIUM	noImplicitOverride는 상속에서 override를 명시하게 하여, 의도치 않은 메서드 오버라이딩을 줄이는 데 도움이 된다.	상속 구조에서 부모 메서드를 실수로 덮어쓰면 버그가 생기기 쉽습니다. override를 강제하면 의도를 분명히 하고, 시그니처 불일치를 조기에 발견할 수 있습니다. 면접에서는 OOP 설계와 TS 컴파일러 옵션을 연결해 설명할 수 있으면 좋은 인상입니다. 실무에서는 프레임워크 기반 클래스 확장, 공통 베이스 클래스가 있는 코드에서 특히 유용합니다. 다만 함수형/조합 위주의 코드에서는 영향이 적을 수 있습니다. 옵션은 코드베이스 특성에 맞게 선택하는 것이 중요합니다.		O	TRUE	X	FALSE					frontend	typescript	compiler	oop
Q479	useDefineForClassFields와 초기화		언어 중심 - TypeScript	97	OX	MEDIUM	클래스 필드 초기화 방식(예: useDefineForClassFields)은 런타임 동작에 영향을 줄 수 있어, TS 설정과 타겟 환경을 함께 고려해야 한다.	클래스 필드 초기화는 JS 표준 동작과 트랜스파일 전략에 따라 미묘한 차이가 생길 수 있습니다. 이런 설정은 런타임 동작에 영향을 주므로, 프로젝트의 target, 번들러, 실행 환경(브라우저/Node)을 고려해야 합니다. 면접에서는 설정이 왜 중요하고 어떤 버그가 생길 수 있는지 “원리”를 설명하는 게 포인트입니다. 실무에서는 레거시 클래스 상속, this 초기화 순서, 데코레이터/DI 프레임워크와 함께 쓸 때 문제가 드러날 수 있습니다. 설정 변경은 회귀 위험이 있어 테스트와 단계적 적용이 안전합니다. 또한 팀 공통 설정을 문서화해 혼선을 줄이는 것이 좋습니다.		O	TRUE	X	FALSE					frontend	typescript	compiler	runtime
Q480	type-only import(import type)		언어 중심 - TypeScript	97	OX	MEDIUM	import type는 타입만 가져오므로 런타임 번들에 남지 않아, 순환 의존/번들 크기 문제를 완화하는 데 도움이 될 수 있다.	import type는 타입 전용 import로, 컴파일 시 제거되어 런타임 의존을 만들지 않습니다. 면접에서는 “타입과 값 import를 분리하는 이유”를 묻고, 순환 의존/트리셰이킹 관점으로 답하면 좋습니다. 실무에서는 대규모 모노레포나 레이어드 아키텍처에서 순환 의존을 줄이는 데 도움이 됩니다. 다만 런타임에 실제로 필요한 값을 import type로 가져오면 실행 오류가 나므로, 값/타입을 정확히 구분해야 합니다. 또한 isolatedModules 같은 설정과도 관련이 있으니 빌드 환경을 이해하는 게 중요합니다. 팀 컨벤션으로 타입 import 정리를 하면 코드 리뷰 효율도 올라갑니다.		O	TRUE	X	FALSE					frontend	typescript	modules	tooling
Q481	isolatedModules 제약		언어 중심 - TypeScript	97	OX	MEDIUM	isolatedModules는 각 파일을 독립적으로 변환 가능한 형태로 제한해, 일부 TS 문법이 제약될 수 있다.	isolatedModules는 Babel/SWC처럼 “파일 단위 트랜스파일” 환경에서 안전하게 동작하도록 제약을 줍니다. 그래서 namespace 같은 기능이나 특정 패턴이 제한될 수 있습니다. 면접에서는 “tsc vs babel/swc” 빌드 차이를 물을 때 나올 수 있습니다. 실무에서는 프론트엔드 빌드에서 SWC를 쓰면 isolatedModules가 중요해지고, 타입 체크는 별도로 tsc로 돌리는 구조가 흔합니다. 제약을 이해하면 빌드 오류를 빠르게 해결할 수 있습니다. 또한 export {} 같은 트릭이 왜 필요한지까지 연결될 수 있습니다. 설정과 도구 체인의 관계를 설명할 수 있으면 강점입니다.		O	TRUE	X	FALSE					frontend	typescript	tooling	compiler
Q482	namespace 사용 패턴(Namespace)		언어 중심 - TypeScript	97	OX	MEDIUM	modern 모듈 시스템(ESM)에서는 namespace가 여전히 필수이므로, 모듈화는 namespace로 하는 것이 일반적으로 권장된다.	요즘은 ESM(import/export) 기반 모듈 시스템이 표준이고, namespace는 필수도 아니고 일반적으로 권장되지도 않습니다. 따라서 문장은 X가 정답입니다. 면접에서는 “namespace를 언제 쓰나”를 묻는다면, 레거시 환경/글로벌 스크립트/타입 선언(d.ts)에서 제한적으로 쓰는 경우를 말하면 됩니다. 실무에서는 모듈 시스템이 있는 프로젝트라면 namespace 대신 파일/모듈 분리를 사용하는 것이 일반적입니다. namespace를 남발하면 번들링/트리셰이킹과도 맞지 않아 유지보수성이 떨어질 수 있습니다. 다만 타입 선언에서 내부적으로 namespace가 등장할 수 있어, 읽을 줄은 아는 것이 좋습니다.		O	FALSE	X	TRUE					frontend	typescript	modules	bestpractice
Q483	타입-값 이름 충돌(Name Collision)		언어 중심 - TypeScript	97	OX	MEDIUM	TypeScript는 타입과 값 네임스페이스가 분리되어 있어, 같은 이름의 type과 const를 동시에 선언할 수 있는 경우가 있다.	TypeScript는 타입 공간과 값 공간이 분리되어 있어 동일한 이름이 공존 가능한 케이스가 있습니다. 예를 들어 type과 const, interface와 class 등 조합에 따라 가능합니다. 면접에서는 “왜 import할 때 type-only가 필요하냐”와 연결해서 나올 수 있습니다. 실무에서는 같은 이름을 쓰면 혼란이 생길 수 있어 네이밍 컨벤션을 두는 팀이 많습니다. 특히 export/import 경계에서는 값/타입이 섞여 컴파일/번들 오류로 이어질 수 있으니 주의해야 합니다. 명확한 이름(예: Foo, FooType)을 쓰거나 import type로 구분하는 것이 안전합니다. 또한 IDE 자동 import가 잘못 선택하는 경우도 있어 리뷰에서 확인하는 습관이 좋습니다.		O	TRUE	X	FALSE					frontend	typescript	modules	naming
Q484	타입 정의와 리팩터링 비용		언어 중심 - TypeScript	97	OX	MEDIUM	타입을 잘 정의해두면 초기 작성 비용은 들지만, 변경 시 컴파일 에러가 안내 역할을 해 리팩터링 비용을 줄일 수 있다.	타입은 “설계 문서 + 컴파일러 가이드” 역할을 합니다. 처음에는 시간이 들지만, 변경이 생겼을 때 깨지는 지점을 컴파일러가 알려줘 리팩터링이 안전해집니다. 면접에서는 TS의 장점(리팩터링 안정성)을 설명할 때 핵심 포인트입니다. 실무에서는 테스트와 함께 타입이 안전망을 구성해, 대규모 코드베이스에서 생산성을 높입니다. 다만 타입이 복잡해지면 오히려 유지보수 비용이 늘 수 있으니, 적절한 수준의 타입 설계가 중요합니다. “정확하지만 단순하게”가 이상적인 목표입니다. 또한 타입이 잘 잡히면 IDE 자동완성과 문서화 효과도 커집니다.		O	TRUE	X	FALSE					frontend	typescript	refactoring	concept
Q485	as const vs satisfies 선택		언어 중심 - TypeScript	97	OX	MEDIUM	as const는 값 자체를 readonly/리터럴로 고정하는 효과가 크고, satisfies는 타입 만족 여부를 검사하면서 추론 타입을 가능한 유지하는 데 강점이 있다.	as const는 리터럴 고정 + readonly 부여로 “값의 타입을 매우 좁게” 만듭니다. satisfies는 “검사”에 초점이 있어 추론 타입을 덜 왜곡하면서 계약을 만족시키는 데 유리합니다. 면접에서는 두 도구를 언제 선택할지 판단 기준을 말할 수 있으면 좋습니다. 실무에서는 상수 테이블을 만들 때 satisfies Record<...>로 키/값 제약을 걸고, 필요한 경우에만 as const로 리터럴을 고정하는 조합이 자주 쓰입니다. 둘의 역할을 혼동하면 타입이 과하게 좁아지거나, 반대로 제약이 느슨해질 수 있습니다. 팀 컨벤션에 맞춰 일관되게 쓰는 것이 중요합니다.		O	TRUE	X	FALSE					frontend	typescript	types	pattern
Q486	타입 확장 설계(Extensibility)		언어 중심 - TypeScript	97	OX	MEDIUM	유니온 타입에 새 케이스가 추가될 가능성이 크면, exhaustive check나 Record 기반 테이블로 “추가 시 컴파일 실패”를 유도하는 설계가 도움이 된다.	확장 가능한 도메인(이벤트/상태/액션)에서는 “추가되면 반드시 처리하라”는 강제가 품질을 올립니다. exhaustive check(never)나 Record 테이블은 누락을 컴파일 에러로 바꿔 회귀를 줄입니다. 면접에서는 타입 시스템을 안전장치로 활용하는 능력을 보여주기 좋습니다. 실무에서는 새 케이스 추가 시 관련 처리 로직이 여러 곳에 흩어져 있으면 누락이 잦아지는데, 컴파일러 강제는 큰 도움이 됩니다. 다만 모든 곳에 강제하면 개발 속도가 떨어질 수 있어, 핵심 경계(핸들러/리듀서/매퍼) 중심으로 적용하는 것이 현실적입니다. 또한 런타임 fallback도 함께 두어 예외 상황을 빠르게 감지할 수 있게 하는 것이 좋습니다. 설계는 “안전 + 운영”을 같이 봐야 합니다.		O	TRUE	X	FALSE					frontend	typescript	design	pattern
Q487	Builder 패턴(Builder Pattern)		언어 중심 - TypeScript	97	OX	MEDIUM	Builder 패턴은 객체를 단계적으로 구성하면서, 선택적 옵션이 많은 생성 과정을 명확하게 만들 수 있다.	Builder 패턴은 생성자 인자가 많거나 옵션 조합이 복잡할 때 유용합니다. TypeScript에서는 메서드 체이닝을 통해 설정을 누적하고, 마지막에 build()로 결과를 만드는 스타일이 흔합니다. 면접에서는 “왜 객체 리터럴만으로 충분하지 않나”에서 유효성 검사/불변/기본값 주입 같은 장점을 이야기하면 좋습니다. 실무에서는 요청 DTO, 쿼리 옵션, UI 컴포넌트 props 구성에 적용할 수 있습니다. 다만 builder가 남발되면 코드가 장황해질 수 있고, 런타임 검증과 타입 계약이 일치하도록 테스트가 필요합니다. 또한 체이닝 중간 상태 타입을 어떻게 모델링하느냐(필수 필드 강제 등)가 난이도 포인트입니다.		O	TRUE	X	FALSE					frontend	typescript	pattern	design
Q488	Fluent API + this 타입(Polymorphic this)		언어 중심 - TypeScript	97	OX	MEDIUM	메서드 체이닝을 위해 반환 타입을 this로 하면, 상속 구조에서도 체이닝 타입이 비교적 잘 유지될 수 있다.	this 반환은 fluent API에서 체이닝을 자연스럽게 만들고, 하위 클래스에서도 타입이 유지되게 돕습니다. 면접에서는 “왜 this 반환이 className 반환보다 좋나”를 설명할 수 있으면 좋습니다. 실무에서는 빌더, 로거, 쿼리 빌더 같은 곳에서 많이 보입니다. 다만 this를 반환해도 내부 상태가 변경되는 가변 객체가 되기 쉬우니, 불변 빌더가 필요한 경우엔 새 인스턴스를 반환하는 설계를 고려해야 합니다. 또한 체이닝 중간 단계의 유효성(필수 값 누락)을 타입으로 강제하려면 단계별 타입(스텝 빌더)이 필요해 복잡도가 올라갑니다.		O	TRUE	X	FALSE					frontend	typescript	pattern	oop
Q489	Step Builder 패턴(Step Builder)		언어 중심 - TypeScript	97	OX	MEDIUM	Step Builder는 필수 필드가 설정되기 전에는 build()를 호출할 수 없도록, 단계별 인터페이스를 분리해 타입으로 강제하는 패턴이다.	Step Builder는 생성 과정에서 “필수 단계”를 타입으로 강제하는 방식입니다. 예를 들어 name을 먼저 설정해야만 다음 단계로 넘어가고, 모든 필수 단계가 끝나야 build()가 노출되게 합니다. 면접에서는 “타입으로 상태 머신을 표현할 수 있나” 같은 고급 질문으로 이어질 수 있습니다. 실무에서는 설정 누락이 치명적인 객체(예: 결제 요청, 인증 설정)에서 유효합니다. 다만 타입 정의가 복잡해지고 유지보수 비용이 늘 수 있으니, 진짜로 필수 강제가 필요한 곳에만 적용하는 게 좋습니다. 또한 런타임에서도 방어 로직을 두어 예외 상황을 빠르게 감지해야 합니다.		O	TRUE	X	FALSE					frontend	typescript	builder	pattern
Q490	Factory 패턴(Factory Pattern)		언어 중심 - TypeScript	97	OX	MEDIUM	Factory 패턴은 생성 로직을 캡슐화해, 호출부가 구체 클래스/구현에 덜 의존하게 만드는 데 도움이 된다.	Factory는 객체 생성 책임을 한 곳으로 모아 결합도를 낮춥니다. 면접에서는 OCP(확장에는 열리고 변경에는 닫힘) 관점으로 설명하면 좋습니다. 실무에서는 환경별 구현 선택(브라우저/서버), feature flag 기반 구현 선택, 모킹/테스트 대체 구현에 유용합니다. TypeScript에서는 반환 타입을 인터페이스로 노출해 구현을 숨기면 교체가 쉬워집니다. 다만 팩토리가 지나치게 많아지면 추적이 어려울 수 있어, 모듈 경계나 DI 컨테이너와 함께 일관된 전략을 쓰는 게 좋습니다. 또한 생성 파라미터 검증은 팩토리에서 책임질지 호출부에서 할지 명확히 해야 합니다.		O	TRUE	X	FALSE					frontend	typescript	pattern	design
Q491	Dependency Injection 패턴(DI)		언어 중심 - TypeScript	97	OX	MEDIUM	DI는 의존 객체를 외부에서 주입받아 결합도를 낮추고, 테스트에서 대체 구현을 넣기 쉽게 만든다.	DI는 객체가 직접 의존성을 생성하지 않고 외부에서 받게 해 결합도를 낮춥니다. 면접에서는 “왜 new를 직접 하지 말라고 하나”에서 테스트 용이성, 교체 가능성, 설정 중앙화 포인트를 말하면 좋습니다. 실무에서는 서비스 레이어, API 클라이언트, 로깅/캐시 같은 횡단 관심사를 주입하는 방식이 흔합니다. TypeScript에서는 인터페이스 기반으로 계약을 두면 모킹이 쉬워지고, 런타임 DI 컨테이너를 쓰지 않아도 함수 인자 주입으로 충분한 경우도 많습니다. 다만 DI가 과도하면 코드 흐름이 추적 어려워질 수 있어, 경계/핵심 모듈 중심으로 적용하는 게 좋습니다. 또한 순환 의존이 생기지 않게 설계를 단순화해야 합니다.		O	TRUE	X	FALSE					frontend	typescript	architecture	pattern
Q492	Strategy 패턴(Strategy Pattern)		언어 중심 - TypeScript	97	OX	MEDIUM	Strategy 패턴은 알고리즘을 객체(또는 함수)로 분리해, 런타임에 전략을 교체할 수 있도록 한다.	Strategy는 동일한 인터페이스(계약)를 가진 여러 구현을 준비해 상황에 따라 교체하는 패턴입니다. 면접에서는 “if-else 덩어리를 어떻게 개선하나” 질문에서 자주 나옵니다. 실무에서는 결제 수단별 계산, 정렬/필터 정책, 추천 알고리즘 선택 등에 적용할 수 있고, TypeScript에서는 함수 전략(함수 타입)으로 더 간단히 표현하기도 합니다. 다만 전략 선택 로직이 여기저기 흩어지면 오히려 복잡해지니, 선택 책임을 중앙화하는 것이 좋습니다. 또한 전략 간 공통 로직은 데코레이터/템플릿 메서드로 분리할지 신중히 판단해야 합니다. 타입으로 전략 입력/출력 계약을 엄격히 잡아두면 교체가 안전해집니다.		O	TRUE	X	FALSE					frontend	typescript	pattern	design
Q493	Command 패턴(Command Pattern)		언어 중심 - TypeScript	97	OX	MEDIUM	Command 패턴은 요청을 객체로 캡슐화해, 큐잉/재시도/실행 취소(undo) 같은 기능을 붙이기 쉬운 구조를 만든다.	Command는 “행위”를 데이터처럼 다루는 패턴입니다. 면접에서는 undo/redo, 작업 큐, 트랜잭션성 작업 처리 사례로 자주 언급됩니다. 실무에서는 배치 작업, 비동기 작업 큐, UI 편집기 undo 스택, API 호출 재시도 정책 등에 적용할 수 있습니다. TypeScript에서는 execute() 인터페이스를 두거나 함수 + 메타데이터 형태로 단순화해 구현할 수 있습니다. 다만 커맨드가 너무 작은 단위로 쪼개지면 관리가 어려울 수 있어, 도메인 경계 단위로 설계하는 것이 좋습니다. 또한 실패/재시도 정책과 로깅을 표준화하면 운영 안정성이 올라갑니다.		O	TRUE	X	FALSE					frontend	typescript	pattern	architecture
Q494	Observer 패턴(Observer Pattern)		언어 중심 - TypeScript	97	OX	MEDIUM	Observer 패턴은 구독/발행 구조로 상태 변화 알림을 제공하지만, 구독 해제를 누락하면 메모리 누수가 발생할 수 있다.	Observer는 이벤트 기반 구조의 핵심 패턴입니다. 하지만 구독 해제를 누락하면 리스너가 계속 남아 메모리 누수나 중복 처리(핸들러 여러 번 실행) 문제가 생길 수 있습니다. 면접에서는 “이벤트 리스너 누수” 사례로 자주 나옵니다. 실무에서는 컴포넌트 언마운트 시 unsubscribe, AbortController, RxJS의 subscription 관리 등으로 정리합니다. TypeScript는 타입으로 이벤트 페이로드를 안전하게 모델링할 수 있어, 이벤트 기반 코드의 안정성을 높입니다. 다만 이벤트가 많아지면 흐름 추적이 어려워질 수 있으니, 이벤트 이름 규칙/로깅/트레이싱을 함께 설계하는 것이 좋습니다.		O	TRUE	X	FALSE					frontend	typescript	pattern	events
Q495	Pub/Sub 패턴(Pub-Sub)		언어 중심 - TypeScript	97	OX	MEDIUM	Pub/Sub는 발행자와 구독자가 서로를 직접 알 필요가 없어 결합도를 낮추지만, 디버깅이 어려워질 수 있다.	Pub/Sub는 중개자(브로커/이벤트 버스)를 통해 느슨한 결합을 제공합니다. 대신 “누가 언제 이벤트를 발행했는지” 추적이 어려워 디버깅 비용이 올라갈 수 있습니다. 면접에서는 장단점과 함께 “관측성”을 어떻게 붙일지(로깅, 이벤트 추적 ID)까지 말하면 좋습니다. 실무에서는 모듈 간 통신, 마이크로프론트엔드 통신, 알림 시스템에 사용됩니다. TypeScript에서는 이벤트 이름과 페이로드 타입을 맵으로 정의해 오타와 타입 불일치를 줄이는 패턴이 자주 쓰입니다. 또한 이벤트가 너무 많아지면 도메인 이벤트 카탈로그를 만들어 관리하는 것이 좋습니다.		O	TRUE	X	FALSE					frontend	typescript	events	architecture
Q496	Adapter 패턴(Adapter Pattern)		언어 중심 - TypeScript	97	OX	MEDIUM	Adapter 패턴은 외부 라이브러리 API를 내부 인터페이스로 감싸, 교체 가능성과 테스트 용이성을 높일 수 있다.	Adapter는 외부 의존성을 내부 계약으로 감싸는 패턴입니다. 면접에서는 “라이브러리 바꾸기 쉬운 구조”를 어떻게 만들지에 대한 답으로 좋습니다. 실무에서는 HTTP 클라이언트(fetch/axios), 로깅 라이브러리, 스토리지(localStorage/IndexedDB) 등을 감싸 내부 인터페이스로 표준화합니다. TypeScript에서는 내부 인터페이스를 기준으로 타입을 잡아두면, 외부 변경에도 영향 범위를 줄일 수 있습니다. 다만 어댑터가 단순 패스스루만 하면 오히려 보일러플레이트가 늘 수 있으니, 변환/에러 표준화 같은 실질적 가치가 있는 경계에서 쓰는 게 좋습니다. 또한 성능/추가 레이어 비용도 고려해야 합니다.		O	TRUE	X	FALSE					frontend	typescript	pattern	design
Q497	Facade 패턴(Facade Pattern)		언어 중심 - TypeScript	97	OX	MEDIUM	Facade 패턴은 여러 복잡한 서브시스템을 단일 진입점으로 감싸, 호출부의 사용성을 개선할 수 있다.	Facade는 복잡한 내부 조합을 숨기고 “쉽게 쓰는 API”를 제공합니다. 면접에서는 “서비스 레이어의 역할”이나 “모듈 경계” 질문에서 연결해서 말할 수 있습니다. 실무에서는 여러 API 호출을 묶어 하나의 함수로 제공하거나, 복잡한 초기화 과정을 감싸는 데 많이 사용됩니다. TypeScript에서는 facade의 입력/출력 타입을 명확히 해두면 호출부가 단순해지고, 변경이 생겨도 영향 범위가 줄어듭니다. 다만 facade가 모든 것을 다 알게 되면 ‘신(神) 객체’가 될 수 있으니, 도메인별로 적절히 분리해야 합니다. 또한 facade 내부에서 에러 처리/재시도/로깅을 표준화하면 운영 품질이 올라갑니다.		O	TRUE	X	FALSE					frontend	typescript	pattern	architecture
Q498	Decorator 패턴(Decorator Pattern)		언어 중심 - TypeScript	97	OX	MEDIUM	Decorator 패턴은 기존 객체를 감싸 기능을 동적으로 추가할 수 있지만, 레이어가 깊어지면 흐름 추적이 어려워질 수 있다.	Decorator는 기능을 덧붙이되 원본을 수정하지 않는 확장 방식입니다. 면접에서는 로깅/캐시/권한 체크 같은 횡단 관심사를 어떻게 붙일지 질문에서 언급됩니다. 실무에서는 함수 래핑(고차 함수)으로도 쉽게 표현할 수 있고, 미들웨어 체인도 비슷한 형태입니다. 다만 여러 데코레이터가 겹치면 호출 순서에 따라 동작이 달라져 디버깅이 어려울 수 있습니다. TypeScript에서는 데코레이터로 래핑해도 입력/출력 타입이 유지되도록 제네릭을 잘 설계하는 것이 포인트입니다. 또한 데코레이터 내부에서 에러를 처리/삼키지 않도록 정책을 정하는 것이 중요합니다.		O	TRUE	X	FALSE					frontend	typescript	pattern	design
Q499	Middleware 체인 패턴(Middleware Chain)		언어 중심 - TypeScript	97	OX	MEDIUM	미들웨어 체인은 요청 처리를 단계별로 쪼개 재사용성을 높이지만, 순서에 따라 결과가 달라질 수 있어 테스트와 문서화가 중요하다.	미들웨어는 단계별로 책임을 분리해 재사용성을 높입니다. 하지만 순서에 민감해서, 인증→로깅→바디파싱 같은 구성에서 순서가 바뀌면 버그가 날 수 있습니다. 면접에서는 Express/Koa 스타일로 흐름 제어(next) 개념을 물어볼 수 있습니다. 실무에서는 공통 정책(로깅, 인증, 레이트리밋)을 표준화하는 데 매우 유용하고, TypeScript로 Request/Context 타입을 엄격히 잡으면 안정성이 올라갑니다. 다만 미들웨어가 과도하면 “흐름이 어디서 바뀌는지” 추적이 어려워지니, 핵심 경계에만 두는 것이 좋습니다. 또한 각 단계는 side-effect를 최소화하고, 에러 처리 방식(throw vs Result)을 통일하면 운영 품질이 좋아집니다.		O	TRUE	X	FALSE					frontend	typescript	architecture	pattern
Q500	Repository 패턴(Repository Pattern)		언어 중심 - TypeScript	97	OX	MEDIUM	Repository 패턴은 데이터 접근을 추상화해, 호출부가 저장소(DB/HTTP/메모리) 구현을 몰라도 되게 만든다.	Repository는 도메인 로직이 데이터 저장 방식에 직접 묶이지 않도록 분리합니다. 면접에서는 “서비스 레이어와 리포지토리의 책임 분리”로 자주 나옵니다. 실무에서는 DB/캐시/원격 API를 교체하거나, 테스트에서 인메모리 저장소로 바꾸기 쉬워집니다. TypeScript에서는 repository 인터페이스를 정의하고, 구현체를 주입하면 결합도가 크게 낮아집니다. 다만 리포지토리가 너무 범용 CRUD만 제공하면 도메인 표현력이 떨어질 수 있어, 유스케이스 중심 메서드로 설계하는 것이 좋습니다. 또한 트랜잭션/일관성 경계를 어디서 잡을지도 중요한 포인트입니다.		O	TRUE	X	FALSE					frontend	typescript	architecture	pattern
Q501	Unit of Work 개념(Unit of Work)		언어 중심 - TypeScript	97	OX	MEDIUM	Unit of Work는 여러 변경을 하나의 커밋 단위로 묶어 일관성을 관리하는 개념이며, 트랜잭션과 자주 연결된다.	Unit of Work는 여러 저장 작업을 하나의 작업 단위로 묶고, 커밋/롤백 같은 일관성 처리를 가능하게 합니다. 면접에서는 트랜잭션, 리포지토리와 함께 아키텍처 논의로 이어질 수 있습니다. 실무에서는 DB 트랜잭션뿐 아니라, 여러 API 호출을 묶어 “사가”처럼 처리할 때 개념적으로 대응되는 패턴이 등장하기도 합니다. TypeScript 백엔드(Node/Nest 등)에서도 ORM이 내부적으로 UoW 스타일을 갖는 경우가 있습니다. 다만 프론트엔드에서는 직접 구현할 일이 적을 수 있어, 개념과 적용 사례 중심으로 이해하면 충분합니다. 핵심은 “일관성 경계”를 명확히 하는 것입니다. 또한 실패 처리 정책(부분 실패/재시도)을 함께 설계해야 합니다.		O	TRUE	X	FALSE					frontend	typescript	architecture	consistency
Q502	DTO Mapper 패턴(Mapper Pattern)		언어 중심 - TypeScript	97	OX	MEDIUM	DTO 매퍼를 두면 외부 스펙 변경이 내부 도메인에 직접 전파되는 것을 줄일 수 있지만, 변환 코드가 늘어나는 비용이 있다.	Mapper는 경계에서 모델을 변환해 결합도를 낮춥니다. 면접에서는 “왜 레이어 분리가 중요한가”에서 비용/효과를 균형 있게 말하면 좋습니다. 실무에서는 백엔드 응답 스펙이 바뀌어도 매퍼만 수정하면 내부 로직을 보호할 수 있습니다. TypeScript는 구조적 타이핑 때문에 모델이 쉽게 섞이지만, 매퍼를 강제하면 경계가 선명해집니다. 다만 변환 코드가 늘어나고, 중복이 생길 수 있어 자동화(코드 생성)나 공통 헬퍼를 쓰는 팀도 있습니다. 또한 매퍼에서 validation과 기본값 주입을 같이 처리하면 운영 안정성이 좋아집니다.		O	TRUE	X	FALSE					frontend	typescript	architecture	dto
Q503	State 패턴(State Pattern)		언어 중심 - TypeScript	97	OX	MEDIUM	State 패턴은 상태별 동작을 객체/핸들러로 분리해, 상태 전환 로직을 명확히 만들 수 있다.	State 패턴은 상태에 따라 동작이 달라지는 로직을 분리해 if/switch의 복잡도를 줄입니다. 면접에서는 “상태가 늘어나는 UI/워크플로우를 어떻게 관리하나” 질문에서 자주 나옵니다. 실무에서는 주문 상태, 업로드 상태, 인증 플로우 같은 곳에 적용할 수 있고, TypeScript에서는 디스크리미네이티드 유니온 + 핸들러 테이블로 state 패턴을 함수형으로 구현하기도 합니다. 다만 상태 전이가 많아지면 상태 다이어그램/테스트가 필수이고, 전이 규칙을 타입으로 강제하면 품질이 올라갑니다. 또한 상태 전이가 비동기와 섞일 때(경쟁 상태) 방어가 필요합니다. 상태를 너무 세분화하면 오히려 관리가 어려워질 수 있어 적절한 추상화가 중요합니다.		O	TRUE	X	FALSE					frontend	typescript	pattern	state
Q504	Template Method 패턴(Template Method)		언어 중심 - TypeScript	97	OX	MEDIUM	Template Method는 공통 처리 흐름을 상위에 두고, 일부 단계만 하위에서 구현하도록 하여 중복을 줄일 수 있다.	Template Method는 알고리즘의 골격을 고정하고, 일부 단계만 확장 포인트로 남기는 패턴입니다. 면접에서는 상속 기반 설계의 장단점과 함께 나올 수 있습니다. 실무에서는 파이프라인 처리, 공통 전처리/후처리가 있는 작업에서 유용하지만, 상속은 결합을 강하게 만들 수 있어 조합(Strategy/함수 인자) 대안도 고려해야 합니다. TypeScript에서는 abstract class로 표현하거나, 더 단순하게 “함수에 훅(콜백) 전달”로 같은 효과를 낼 수 있습니다. 흐름이 복잡해질수록 테스트로 각 단계의 순서를 보장하는 것이 중요합니다. 또한 하위 클래스가 너무 많은 책임을 갖지 않도록 경계를 잘 잡아야 합니다.		O	TRUE	X	FALSE					frontend	typescript	pattern	oop
Q505	Singleton 패턴의 주의점(Singleton Pitfall)		언어 중심 - TypeScript	97	OX	MEDIUM	싱글턴은 전역 상태를 만들기 쉬워 테스트를 어렵게 할 수 있으므로, 무조건 권장되는 패턴은 아니다.	싱글턴은 편하지만 전역 상태를 만들기 쉬워 테스트/확장성에 불리할 수 있습니다. 면접에서는 “싱글턴이 왜 안티패턴이 될 수 있나”를 자주 묻습니다. 실무에서는 로거, 설정처럼 정말로 전역이어야 하는 것에 제한적으로 쓰고, 가능하면 DI로 주입해 교체 가능성을 확보하는 편이 좋습니다. 또한 서버 환경에서는 멀티 인스턴스/서버리스처럼 프로세스가 여러 개일 수 있어 “진짜 전역”이 아니기도 합니다. 따라서 싱글턴이 의도대로 동작하는지 운영 환경까지 고려해야 합니다. 결론적으로 싱글턴은 도구일 뿐, 상황에 맞게 써야 합니다.		O	TRUE	X	FALSE					frontend	typescript	pattern	pitfalls
Q506	분산 조건부 타입(Distributive Conditional Types)		언어 중심 - TypeScript	97	OX	HARD	조건부 타입 T extends U ? A : B에서 T가 유니온이고, extends 왼쪽이 “그대로의 T(나체 타입 파라미터)”이면 각 구성원에 대해 분산 평가된다.	분산 조건부 타입은 TypeScript 고급 타입의 핵심 동작입니다. T가 A | B일 때 T extends U ? X : Y는 (A extends U ? X : Y) | (B extends U ? X : Y)처럼 “각각” 평가될 수 있습니다. 이 동작을 이해해야 Exclude, Extract 같은 유틸 타입이 왜 그렇게 동작하는지 설명할 수 있습니다. 면접에서는 “왜 유니온이 갑자기 커지거나 예상 못한 타입이 나오나”를 이 개념으로 확인합니다. 실무에서는 분산이 의도치 않게 일어나 타입이 폭발하는 경우가 있어, 분산을 막는 테크닉도 같이 알아야 합니다.		O	TRUE	X	FALSE					frontend	typescript	types	advanced
Q507	분산 방지 튜플 래핑(Tuple Wrapping)		언어 중심 - TypeScript	97	OX	HARD	조건부 타입의 분산을 막고 싶으면 [T] extends [U] ? A : B처럼 튜플로 감싸 “나체 타입 파라미터”가 아니게 만들면 된다.	분산을 막는 대표 테크닉이 튜플 래핑입니다. T가 유니온이어도 [T]로 감싸면 조건부 타입이 “한 번에” 평가됩니다. 면접에서는 분산 조건부 타입을 설명한 뒤, 이를 제어하는 방법을 아는지 확인하는 질문이 자주 나옵니다. 실무에서는 타입이 불필요하게 분해되어 결과가 커지는 문제를 해결할 때 이 패턴이 매우 유용합니다. 특히 공용 유틸 타입을 만들 때 분산 유무가 결과를 완전히 바꿀 수 있으니 의도에 맞게 선택해야 합니다.		O	TRUE	X	FALSE					frontend	typescript	types	advanced
Q508	infer 반환 타입 추출(infer Return Type)		언어 중심 - TypeScript	97	OX	HARD	T extends (...args: any[]) => infer R ? R : never 형태는 함수 타입 T의 반환 타입 R을 조건부 타입에서 추출하는 패턴이다.	infer는 조건부 타입 내부에서 타입 변수를 “추론”해 꺼내오는 기능입니다. 함수 반환 타입 추출은 가장 대표적인 예시로, 표준 유틸 타입인 ReturnType도 비슷한 방식으로 동작합니다. 면접에서는 infer가 단순 문법 암기인지, 실제로 타입을 분해하는 원리를 이해하는지 확인합니다. 실무에서는 API 클라이언트, 이벤트 핸들러, 프로미스 래퍼 등에서 입력과 출력을 자동으로 연결할 때 자주 사용됩니다. 다만 infer를 과도하게 쓰면 타입이 복잡해지고 에러 메시지가 난해해질 수 있어, 팀 난이도도 고려해야 합니다.		O	TRUE	X	FALSE					frontend	typescript	types	advanced
Q509	키 리매핑(Key Remapping in Mapped Types)		언어 중심 - TypeScript	97	OX	HARD	매핑드 타입에서 as를 사용하면 키 이름을 변환하거나, as never로 특정 키를 필터링(제거)할 수 있다.	키 리매핑은 “타입 레벨에서 객체 키를 재구성”하는 강력한 기능입니다. 예를 들어 접두어를 붙이거나, 특정 키를 제외한 새로운 타입을 만드는 데 쓰입니다. as never를 활용하면 조건에 맞지 않는 키를 제거하는 필터 역할을 할 수 있습니다. 면접에서는 매핑드 타입과 조건부 타입을 결합해 “타입을 가공하는 능력”을 보는 편입니다. 실무에서는 DTO 변환, 이벤트 이름 변환, 폼 필드 맵 생성 같은 메타프로그래밍에 유용하지만, 지나치게 복잡해지면 유지보수 비용이 급격히 올라갑니다.		O	TRUE	X	FALSE					frontend	typescript	types	advanced
Q510	템플릿 리터럴 타입(Template Literal Types)		언어 중심 - TypeScript	97	OX	HARD	템플릿 리터럴 타입은 문자열 리터럴 유니온을 조합해 새로운 문자열 타입 집합을 만들 수 있고, 매핑드 타입의 키 생성에도 활용된다.	템플릿 리터럴 타입은 문자열 기반 도메인 모델링에서 강력합니다. 예를 들어 GET_user, POST_user 같은 규칙적인 키를 타입으로 생성할 수 있습니다. 면접에서는 “문자열 규칙을 타입으로 강제할 수 있나” 같은 질문에서 자주 등장합니다. 실무에서는 이벤트 이름, i18n 키, 라우트 이름, CSS 변수 키 등 규칙이 있는 문자열을 안전하게 관리하는 데 도움이 됩니다. 다만 결과 유니온이 너무 커지면 컴파일 성능이 나빠질 수 있어, 범위를 적절히 제한하는 설계가 필요합니다.		O	TRUE	X	FALSE					frontend	typescript	types	advanced
Q511	타입 재귀 한계(Type Instantiation Depth)		언어 중심 - TypeScript	97	OX	HARD	재귀 조건부 타입이나 과도한 템플릿 리터럴 조합은 컴파일러가 “타입 인스턴스가 너무 깊다”는 오류를 낼 수 있다.	TypeScript는 타입 레벨 계산에도 한계가 있습니다. 재귀 타입이나 거대한 유니온 생성은 컴파일 비용을 폭발시켜 “Type instantiation is excessively deep” 같은 오류로 이어질 수 있습니다. 면접에서는 타입 시스템을 “프로그래밍 언어처럼” 쓰는 것의 한계도 이해하는지 확인할 수 있습니다. 실무에서는 공용 라이브러리 타입, 대규모 코드베이스에서 이런 문제가 실제로 발생하며 빌드 시간과 DX를 크게 떨어뜨립니다. 해결책으로는 타입 단순화, 중간 타입 캐싱(별도 alias), 분산 제어, 도메인 모델 축소 같은 전략이 있습니다.		O	TRUE	X	FALSE					frontend	typescript	types	advanced
Q512	unknown 할당 규칙(Unknown Assignability)		언어 중심 - TypeScript	97	OX	HARD	unknown 타입의 값은 별도 내로잉 없이도 어떤 타입으로든 자유롭게 할당할 수 있다.	unknown은 “안전한 any”로 불리지만, 바로 다른 타입으로 할당할 수는 없습니다. unknown을 다른 구체 타입으로 쓰려면 타입 가드나 검증을 통해 내로잉이 필요합니다. 이 문장은 그래서 X가 정답입니다. 면접에서는 any와 unknown 차이를 매우 자주 묻고, 안전한 경계 설계(파싱/검증)를 강조하면 좋습니다. 실무에서는 외부 입력(JSON, 환경변수, 메시지 큐)을 unknown으로 받고, 검증 후 도메인 타입으로 변환하는 패턴이 안정적입니다.		O	FALSE	X	TRUE					frontend	typescript	types	advanced
Q513	Assertion Function의 오해(Assert Function Pitfall)		언어 중심 - TypeScript	97	OX	HARD	asserts value is T 형태의 assertion function을 쓰면 런타임에서도 자동으로 값이 검증되므로, 별도 조건 검사 없이도 안전하다.	assertion function은 “타입 내로잉을 위한 계약”을 제공하지만, 런타임 검증을 자동으로 해주진 않습니다. 결국 함수 내부에서 실제 조건을 검사하고, 실패 시 throw 해야 의미가 있습니다. 이 문장은 그래서 X가 정답입니다. 면접에서는 “타입은 런타임을 보장하지 않는다”는 원칙을 어떤 방식으로든 확인하려고 합니다. 실무에서는 assertion function을 쓰더라도 스키마 검증이나 명시적 체크를 반드시 포함해야 하고, 에러 메시지와 로깅 정책도 함께 설계하는 것이 좋습니다.		O	FALSE	X	TRUE					frontend	typescript	types	advanced
Q514	브랜드 타입(Branded Types)		언어 중심 - TypeScript	97	OX	HARD	교차 타입과 unique symbol 등을 이용해 브랜드를 붙이면, 구조적 타이핑 환경에서도 “명목적(노미널) 타입처럼” 구분하는 패턴을 만들 수 있다.	TypeScript는 기본적으로 구조적 타이핑이라 모양만 같으면 호환됩니다. 하지만 브랜드 타입은 의도적으로 호환을 막아 “서로 다른 의미의 값”을 구분하게 해줍니다(예: UserId와 OrderId). 면접에서는 타입 시스템 한계를 어떻게 보완하는지(노미널 흉내)에서 자주 나옵니다. 실무에서는 ID, 토큰, 이메일 같은 값이 모두 string일 때 실수로 섞이는 버그를 줄이는 데 효과적입니다. 다만 브랜드는 런타임 값이 달라지는 게 아니므로, 생성 경로를 통제(팩토리 함수)하고 검증을 붙이는 것이 중요합니다.		O	TRUE	X	FALSE					frontend	typescript	types	advanced
Q515	unique symbol 제약(Unique Symbol Constraints)		언어 중심 - TypeScript	97	OX	HARD	unique symbol은 보통 const로 선언된 심볼과 함께 쓰이며, 브랜드나 구분자 키로 활용되어 충돌 가능성을 낮춘다.	unique symbol은 심볼을 타입 수준에서 “유일한 키”로 취급하게 해주는 기능입니다. 브랜드 타입이나 객체의 안전한 비공개 키를 만들 때 도움이 됩니다. 면접에서는 symbol과 unique symbol의 차이를 묻고, 왜 unique가 필요한지(충돌 방지)를 확인할 수 있습니다. 실무에서는 외부에서 임의로 만들 수 없는 구분자 키를 통해 내부 불변식을 지키는 용도로 활용합니다. 다만 런타임에서의 보안 수단은 아니며, 어디까지나 타입과 캡슐화 설계의 한 도구라는 점을 명확히 해야 합니다.		O	TRUE	X	FALSE					frontend	typescript	types	advanced
Q516	strictFunctionTypes와 메서드 변성(Method Bivariance)		언어 중심 - TypeScript	97	OX	HARD	strictFunctionTypes를 켜면 메서드 파라미터도 항상 반공변(또는 더 엄격한 규칙)으로 검사되어, 기존 코드 호환성 이슈가 거의 없다.	함수 타입 호환은 TypeScript에서 민감한 영역이라 옵션에 따라 규칙이 달라집니다. 하지만 메서드 파라미터는 호환성 이유로 완전히 동일하게 엄격해지지 않는 케이스가 있어, “항상”이라고 단정하면 위험합니다. 이 문장은 그래서 X가 정답입니다. 면접에서는 변성(공변/반공변/불변) 자체를 깊게 물을 수도 있고, 최소한 “콜백 타입은 설정에 민감하다” 정도를 이해하는지 확인합니다. 실무에서는 타입 안전과 호환성 사이의 트레이드오프가 존재하므로, 옵션을 바꿀 때는 회귀 테스트와 점진 도입이 필요합니다.		O	FALSE	X	TRUE					frontend	typescript	types	advanced
Q517	satisfies의 성격(Check, not Cast)		언어 중심 - TypeScript	97	OX	HARD	satisfies는 타입 단언(as)처럼 타입을 강제로 바꾸는 것이 아니라, 타입을 만족하는지 검사하면서 표현식의 추론 타입을 가능한 유지한다.	satisfies는 “단언”이 아니라 “검사”에 가깝습니다. 그래서 잘못된 키/값은 잡아내면서도, 불필요하게 타입을 넓히거나 좁히지 않도록 도와줍니다. 면접에서는 as 단언이 위험한 이유와 satisfies가 더 안전한 이유를 비교해 말할 수 있어야 합니다. 실무에서는 핸들러 테이블, 라우트 정의, 설정 객체에서 오타를 막고 자동완성을 살리는 데 유리합니다. 다만 타입 설계가 과하게 복잡하면 검사 자체가 어려워질 수 있으니, 계약을 단순화하는 능력도 함께 중요합니다.		O	TRUE	X	FALSE					frontend	typescript	types	advanced
Q518	const 타입 파라미터(Const Type Parameters)		언어 중심 - TypeScript	97	OX	HARD	function f<const T extends readonly string[]>(x: T) 같은 패턴은 호출 시점에 배열 리터럴을 튜플처럼 더 잘 추론하게 만들어, as const 의존을 줄일 수 있다.	const 타입 파라미터는 “리터럴 보존”을 더 자연스럽게 만들어주는 기능입니다. 배열 리터럴을 넘길 때 튜플로 추론되면, 위치별 타입이 유지되어 Promise.all 결과나 키 리스트 처리에서 DX가 좋아집니다. 면접에서는 최신 TS 기능을 깊게 알 필요는 없지만, “튜플 보존이 왜 중요한가”를 설명할 수 있으면 좋습니다. 실무에서는 공용 유틸(키 리스트, 이벤트 이름 리스트)을 만들 때 as const를 매번 붙이는 번거로움을 줄이는 데 도움이 됩니다. 다만 팀의 TS 버전과 빌드 체인을 고려해야 하며, 낮은 버전 호환이 필요하면 다른 패턴을 써야 합니다.		O	TRUE	X	FALSE					frontend	typescript	types	advanced
Q519	noUncheckedIndexedAccess 옵션		언어 중심 - TypeScript	97	OX	HARD	noUncheckedIndexedAccess를 켜면 arr[i] 같은 인덱스 접근 결과가 T가 아니라 T | undefined로 모델링될 수 있어, 방어 코딩을 강제하는 효과가 있다.	배열/객체 인덱스 접근은 런타임에서 undefined가 나올 수 있는 대표 케이스입니다. 이 옵션은 그 가능성을 타입에 반영해, 호출부에서 체크를 강제합니다. 면접에서는 “왜 undefined가 섞이나”를 런타임 관점으로 설명하면 좋습니다. 실무에서는 안정성이 올라가지만, 기존 코드에 에러가 많이 생길 수 있어 점진적 적용이 필요합니다. 또한 at() 같은 접근 메서드도 undefined 가능성이 있으니, 전체적으로 “없을 수 있음”을 일관되게 처리하는 습관이 중요합니다.		O	TRUE	X	FALSE					frontend	typescript	types	advanced
Q520	exactOptionalPropertyTypes 의미		언어 중심 - TypeScript	97	OX	HARD	exactOptionalPropertyTypes가 활성화되면 p?: string은 “없을 수 있음”을 의미하므로 { p: undefined }를 무조건 허용하지 않게 되어 모델링이 더 엄격해질 수 있다.	optional은 “프로퍼티가 존재하지 않을 수 있음”이지, “존재하며 undefined일 수 있음”과 완전히 동일하지 않습니다. 이 옵션은 그 차이를 더 엄격히 반영해 모델링을 명확하게 만듭니다. 면접에서는 optional과 nullable/undefined 차이를 깊게 묻는 흐름에서 나오기 좋습니다. 실무에서는 API 스펙과 직렬화 규칙(필드 누락 vs undefined 포함)을 맞추는 데 도움이 됩니다. 다만 레거시 코드에서는 할당 호환 문제가 많이 생길 수 있어, 타입 수정과 런타임 처리 규칙 정리가 동반되어야 합니다.		O	TRUE	X	FALSE					frontend	typescript	types	advanced
Q521	as const 런타임 오해(As Const Runtime)		언어 중심 - TypeScript	97	OX	HARD	as const는 값의 런타임 변경까지 막아주므로, 깊은 중첩 객체도 자동으로 freeze되어 수정이 불가능해진다.	as const는 타입 수준에서 readonly와 리터럴을 부여할 뿐, 런타임에서 객체를 freeze하지 않습니다. 그래서 다른 경로로 참조를 잡으면 값이 변경될 수 있습니다. 이 문장은 X가 정답입니다. 면접에서는 “타입 불변성과 런타임 불변성”을 구분할 줄 아는지 확인하려고 이런 함정을 냅니다. 실무에서 진짜 불변이 필요하면 Object.freeze 같은 런타임 전략이나 불변 데이터 구조를 고려해야 합니다. 또한 deep freeze는 비용이 크므로, 어떤 데이터에 필요한지 정책을 세우는 것이 중요합니다.		O	FALSE	X	TRUE					frontend	typescript	types	advanced
Q522	모듈 보강(Module Augmentation) 한계		언어 중심 - TypeScript	97	OX	HARD	모듈 보강으로 타입 선언을 추가하면, 런타임에서도 해당 모듈에 새 함수가 자동으로 생겨서 바로 호출 가능하다.	모듈 보강은 타입 선언을 확장하는 기능이지, 런타임 구현을 만들어주지 않습니다. 그래서 선언만 추가하고 실제 구현이 없으면 런타임에서 undefined 오류가 날 수 있습니다. 이 문장은 X가 정답입니다. 면접에서는 “타입 선언과 런타임 구현은 별개”라는 원칙을 강조하면 좋습니다. 실무에서는 폴리필을 추가하거나, 실제로 프로토타입/객체에 메서드를 붙이는 코드가 존재할 때만 타입 보강이 의미가 있습니다. 또한 라이브러리 보강은 충돌 가능성이 있으니 범위와 네이밍을 신중히 관리해야 합니다.		O	FALSE	X	TRUE					frontend	typescript	types	advanced
Q523	함수 + 네임스페이스 병합(Function Namespace Merge)		언어 중심 - TypeScript	97	OX	HARD	TypeScript에서는 함수 선언과 namespace 선언이 병합될 수 있어, “호출 가능한 객체”에 정적 프로퍼티를 붙이는 모델링이 가능하다.	함수와 namespace 병합은 TS 선언 병합의 대표 사례 중 하나입니다. 호출 가능한 값(함수)에 부가적인 정적 필드나 헬퍼를 붙이는 형태를 타입으로 표현할 수 있습니다. 면접에서는 declaration merging을 설명하면서 이런 예시를 들면 이해도가 높아 보입니다. 실무에서는 오래된 라이브러리 타입 정의에서 종종 보이는 패턴이라, 읽을 줄 아는 것이 도움이 됩니다. 다만 현대 ESM 환경에서는 모듈 export 구조로 더 명확히 표현하는 경우가 많아, 남발하기보다는 “레거시 호환/타입 정의” 용도로 이해하는 정도가 적절합니다.		O	TRUE	X	FALSE					frontend	typescript	types	advanced
Q524	Exclude의 내부 원리(Exclude via Distribution)		언어 중심 - TypeScript	97	OX	HARD	Exclude<T, U>는 T가 유니온일 때 분산 조건부 타입 특성을 이용해, 각 구성원이 U에 할당 가능하면 제거하고 아니면 유지하는 방식으로 동작한다.	Exclude는 분산 조건부 타입의 교과서적인 활용입니다. T의 각 구성원에 대해 extends U를 적용하고, 맞으면 never로 바꿔 제거하는 방식입니다. 면접에서는 “Exclude가 왜 유니온에서만 직관적으로 동작하나”를 이 원리로 설명할 수 있어야 합니다. 실무에서는 이벤트/상태/액션 유니온에서 특정 케이스를 제거하거나, API 응답 변형을 필터링할 때 자주 사용됩니다. 다만 분산으로 인해 결과 타입이 예상과 달라질 수 있으니, 튜플 래핑으로 분산을 제어하는 기술도 함께 기억해두는 것이 좋습니다.		O	TRUE	X	FALSE					frontend	typescript	types	advanced
Q525	unknown과 교차 타입(Intersection with unknown)		언어 중심 - TypeScript	97	OX	HARD	T & unknown은 보통 T로 단순화되며, unknown은 교차에서 “중립”에 가깝게 동작하는 편이다.	unknown은 교차(&)에서 대부분 “추가 제약을 주지 않는” 방향으로 작동해 T로 단순화되는 경우가 많습니다. 면접에서는 any/unknown/never의 대수적 성질(유니온/교차에서의 역할)을 물을 수 있습니다. 실무에서는 제네릭 타입 계산에서 unknown을 기본값으로 두었을 때 결과가 과도하게 무거워지지 않도록 돕기도 합니다. 다만 모든 상황이 직관적으로 단순화되는 것은 아니니, 실제로는 컴파일러 추론 결과를 확인하며 설계해야 합니다.		O	TRUE	X	FALSE					frontend	typescript	types	advanced
Q526	any의 전염성(Any Poisoning)		언어 중심 - TypeScript	97	OX	HARD	any가 제네릭/유니온/교차 계산에 섞이면 타입 안전성을 쉽게 무너뜨릴 수 있어, 경계에서 any 유입을 막는 것이 중요하다.	any는 타입 체크를 사실상 비활성화시키는 성격이 있어 계산에 섞이면 결과가 무너집니다. 면접에서는 “any를 왜 피하나”의 핵심 이유가 바로 여기에 있습니다. 실무에서는 외부 입력을 any로 받으면 그 아래 로직이 연쇄적으로 안전성을 잃기 쉬워, unknown-first + 검증 패턴이 권장됩니다. 또한 라이브러리 타입이 any를 반환하면 래퍼를 만들어 타입을 복원하는 전략이 도움이 됩니다. 장기적으로 any는 리팩터링 신뢰도를 크게 떨어뜨립니다.		O	TRUE	X	FALSE					frontend	typescript	types	advanced
Q527	조건부 타입과 never 분산		언어 중심 - TypeScript	97	OX	HARD	분산 조건부 타입에서 T가 never이면 결과는 항상 never로 평가된다.	분산 조건부 타입에서 never는 “유니온의 공집합”이라 각 구성원에 대한 평가 자체가 없다고 볼 수 있어 결과가 never로 귀결되는 패턴이 자주 나타납니다. 면접에서는 never가 조건부 타입에서 왜 자주 보이는지, 유틸 타입이 어떻게 never를 이용해 필터링하는지 확인합니다. 실무에서는 Exclude나 키 필터링 같은 곳에서 never가 자연스럽게 생성되며, 의도치 않은 never가 생기면 타입이 사라져 버그가 숨을 수 있어 주의가 필요합니다. 그래서 “never가 어디서 생겼는지”를 추적하는 능력이 중요합니다.		O	TRUE	X	FALSE					frontend	typescript	types	advanced
Q528	keyof와 인터섹션의 키 결합		언어 중심 - TypeScript	97	OX	HARD	keyof (A & B)는 A와 B의 키를 모두 포함하는 방향으로 확장되는 경향이 있다.	교차 타입은 A와 B를 모두 만족해야 하므로, 키 관점에서 “합쳐진 형태”로 이해하는 것이 일반적입니다. 면접에서는 유니온과 인터섹션의 차이를 키/프로퍼티 접근 관점으로 설명할 수 있는지 봅니다. 실무에서는 믹스인, 합성 객체 타입, 설정 병합 결과 타입에서 교차 타입을 자주 쓰며, keyof 결과도 이에 맞게 확장되는 편입니다. 다만 프로퍼티 충돌(동일 키에 다른 타입)이 있으면 결과가 좁아지거나 never가 생길 수 있으니 그 케이스도 주의해야 합니다.		O	TRUE	X	FALSE					frontend	typescript	types	advanced
Q529	Pick/Omit와 유니온 입력		언어 중심 - TypeScript	97	OX	HARD	Omit<Union, K>는 유니온의 각 구성원에 분산되어 적용되므로, 항상 기대대로 동작한다.	Omit/Pick 같은 매핑드 타입은 유니온에서 “항상” 분산된다고 단정하기 어렵고, 결과가 기대와 다르게 나올 수 있습니다. 따라서 문장은 X가 정답입니다. 면접에서는 유니온에 유틸 타입을 적용할 때 분산 여부, keyof 동작, 공통 키만 남는 문제 등을 종합적으로 봅니다. 실무에서는 유니온에 바로 Omit/Pick을 걸면 특정 케이스가 사라지거나 타입이 과도하게 넓어지는 등 문제가 생길 수 있어, T extends any ? Omit<T, K> : never 같은 분산 유틸을 직접 정의해 쓰기도 합니다. 즉 “항상 기대대로”가 아니라, 의도를 반영해 설계해야 합니다.		O	FALSE	X	TRUE					frontend	typescript	types	advanced
Q530	분산 Omit 패턴(Distributive Omit)		언어 중심 - TypeScript	97	OX	HARD	type DOmit<T, K extends PropertyKey> = T extends any ? Omit<T, K> : never는 유니온 구성원별로 Omit을 적용하려는 대표적인 패턴이다.	유니온에 대해 “구성원별 처리”를 강제하려면 분산 조건부 타입 패턴을 사용합니다. T extends any ? ... : ...는 거의 표준적인 분산 유틸 구현 방식입니다. 면접에서는 유니온 유틸 타입이 왜 때때로 예상대로 동작하지 않는지와, 이를 어떻게 해결하는지를 확인할 때 나올 수 있습니다. 실무에서는 API 응답 변형 유니온을 다룰 때 특히 유용하고, 이벤트 페이로드 유니온을 전처리할 때도 쓰입니다. 다만 분산을 남발하면 타입이 커질 수 있어, 필요한 지점에만 적용하는 것이 좋습니다.		O	TRUE	X	FALSE					frontend	typescript	types	advanced
Q531	never를 이용한 exhaustive check		언어 중심 - TypeScript	97	OX	HARD	switch의 default에서 const _exhaustive: never = value 같은 패턴을 쓰면, 새 유니온 케이스 추가 시 컴파일 에러로 누락을 잡을 수 있다.	exhaustive check는 “케이스가 추가되면 반드시 처리하라”를 타입으로 강제하는 패턴입니다. 면접에서는 디스크리미네이티드 유니온과 함께 단골로 나옵니다. 실무에서는 상태 머신, 이벤트 처리, 리듀서에서 누락을 막아 회귀를 줄이는 데 효과적입니다. 다만 value가 충분히 내로잉되지 않으면 never로 떨어지지 않아 에러가 안 날 수 있으니, 구분자 설계와 switch 조건이 정확해야 합니다. 또한 핸들러 테이블(Record)로도 비슷한 강제를 만들 수 있어, 팀 스타일에 맞게 선택하면 됩니다.		O	TRUE	X	FALSE					frontend	typescript	union	advanced
Q532	함수 오버로드 구현 시그니처		언어 중심 - TypeScript	97	OX	HARD	함수 오버로드를 선언할 때, 실제 구현 시그니처는 오버로드 시그니처보다 “더 넓은” 타입을 가져야 컴파일이 통과하는 경우가 많다.	오버로드는 “외부에 보이는 계약”이고, 구현은 모든 케이스를 처리해야 하므로 보통 더 넓은 타입을 받습니다. 면접에서는 오버로드 구현 실수를 자주 묻습니다(구현 시그니처를 너무 좁게 잡아 컴파일 에러). 실무에서는 오버로드가 많아지면 유지보수 비용이 커져, 조건부 타입/제네릭/함수 분리로 단순화할지 판단이 필요합니다. 또한 구현 내부에서 런타임 분기를 확실히 하고, 각 분기에서 타입 가드로 좁히는 것이 안전합니다.		O	TRUE	X	FALSE					frontend	typescript	functions	advanced
Q533	this 파라미터 타입(This Parameter)		언어 중심 - TypeScript	97	OX	HARD	TypeScript에서는 함수 시그니처에 this: SomeType 파라미터를 선언해, 호출 컨텍스트(this)의 타입을 명시할 수 있다.	this 파라미터는 런타임 인자가 아니라 타입용 가짜 파라미터로, this 바인딩이 중요한 함수에서 매우 유용합니다. 면접에서는 콜백/이벤트 핸들러에서 this 문제를 어떻게 타입으로 잡는지 물을 수 있습니다. 실무에서는 오래된 JS 스타일 코드나, this를 사용하는 라이브러리 API와 연동할 때 도움이 됩니다. 다만 arrow function은 this를 렉시컬로 캡처하므로, this 파라미터를 쓰는 방식과 혼동하지 않도록 주의해야 합니다.		O	TRUE	X	FALSE					frontend	typescript	functions	advanced
Q534	타입 서술어와 제네릭 내로잉		언어 중심 - TypeScript	97	OX	HARD	제네릭 타입 가드(function isFoo<T>(x: T): x is Foo)는 T의 실제 타입을 잃지 않으면서도, 호출부에서 T를 Foo로 좁히는 데 활용될 수 있다.	타입 서술어는 호출부 내로잉에 강력하지만, 제네릭과 결합할 때는 “어떤 정보를 보존하고 무엇을 좁히는지”를 신중히 설계해야 합니다. 이 문장은 일반적 의도를 설명하고 있어 O가 정답입니다. 면접에서는 제네릭 타입 가드가 왜 위험/유용한지, 그리고 잘못 쓰면 타입을 속이는지까지 깊게 들어갈 수 있습니다. 실무에서는 unknown 입력을 Foo로 좁히는 전용 가드를 만들고, 그 이후에 제네릭 로직을 적용하는 방식이 더 안정적인 경우가 많습니다. 제네릭 내로잉은 강력한 만큼 오용 시 사고가 나므로 테스트가 중요합니다.		O	TRUE	X	FALSE					frontend	typescript	types	advanced
Q535	as const + keyof typeof 상수 테이블		언어 중심 - TypeScript	97	OX	HARD	상수 객체에 as const를 붙이고 keyof typeof를 쓰면, 키 유니온을 자동으로 만들어 오타를 줄이는 패턴을 만들 수 있다.	이 패턴은 TS에서 가장 실전적인 타입-값 연결 방식입니다. 상수 테이블을 소스로 삼고, 타입은 거기서 파생시키면 중복 정의를 줄이고 오타도 컴파일 단계에서 잡습니다. 면접에서는 “단일 소스 오브 트루스”를 타입 수준에서 어떻게 만들지 묻는 흐름에서 잘 나옵니다. 실무에서는 라우트, 이벤트, 권한, 라벨 키 등에서 매우 자주 사용됩니다. 다만 as const로 너무 과하게 좁히면 재사용성이 떨어질 수 있어, 필요한 곳에만 적용하거나 satisfies와 조합하는 것이 좋습니다.		O	TRUE	X	FALSE					frontend	typescript	pattern	advanced
Q536	인덱스 시그니처와 정확한 키 모델링		언어 중심 - TypeScript	97	OX	HARD	인덱스 시그니처([key: string]: T)를 타입에 추가하면, 알려진 프로퍼티의 타입도 항상 더 정확해진다.	인덱스 시그니처는 “임의 키”를 허용해 유연성을 주지만, 오히려 알려진 프로퍼티 타입을 약화시키거나(넓게 만들거나) 충돌을 만들 수 있습니다. 따라서 문장은 X가 정답입니다. 면접에서는 인덱스 시그니처의 부작용(타입 정보 손실, 오타 허용)을 자주 묻습니다. 실무에서는 진짜로 동적 키가 필요한 경우에만 쓰고, 가능하면 키 유니온 + Record로 제한하는 것이 안전합니다. 또한 인덱스 시그니처가 있으면 오타 키가 조용히 통과해 버그가 숨을 수 있어, lint/테스트로 보완하는 것이 좋습니다.		O	FALSE	X	TRUE					frontend	typescript	types	advanced
Q537	keyof any / PropertyKey 이해		언어 중심 - TypeScript	97	OX	HARD	PropertyKey는 보통 string, number, symbol의 유니온으로, 객체 키로 가능한 타입을 표현할 때 쓰인다.	JS에서 객체 키는 string/number(내부적으로 string으로 변환)와 symbol이 가능하므로, TS에서는 이를 PropertyKey로 모델링합니다. 면접에서는 “왜 number도 키로 되나” 같은 JS 동작까지 연결해 묻기도 합니다. 실무에서는 제네릭 유틸 타입에서 키 타입 제약을 줄 때 K extends PropertyKey를 많이 씁니다. 이 제약을 잘 쓰면 keyof/Record/매핑드 타입 조합이 안정적입니다. 다만 number 키의 런타임 문자열 변환 특성은 혼동을 부르니, 실제 데이터 구조(Map vs object) 선택도 함께 고려해야 합니다.		O	TRUE	X	FALSE					frontend	typescript	types	advanced
Q538	satisfies Record로 누락 강제		언어 중심 - TypeScript	97	OX	HARD	const handlers = { ... } satisfies Record<EventType, Handler>를 쓰면, EventType의 모든 키를 채우지 않으면 컴파일 에러로 누락을 잡을 수 있다.	satisfies Record<...>는 오타/누락을 강제하면서도 객체 리터럴의 추론을 유지하는 장점이 있습니다. 면접에서는 Record 강제와 satisfies의 차이를 비교해 설명하면 좋습니다. 실무에서는 이벤트 핸들러, 권한 정책, 라우팅 테이블에서 누락이 치명적이라 이런 강제가 효과적입니다. 다만 일부 키만 선택적으로 허용하려면 Partial을 쓰거나, 별도의 fallback 로직을 두어야 합니다. 또한 런타임에서 외부 입력으로 EventType이 깨질 수 있으니, 경계 검증을 함께 두는 것이 안전합니다.		O	TRUE	X	FALSE					frontend	typescript	pattern	advanced
Q539	함수 타입과 객체 타입의 구조적 호환		언어 중심 - TypeScript	97	OX	HARD	TypeScript는 구조적 타이핑이라, “호출 시그니처를 가진 객체 타입”과 함수 타입이 호환되는 경우가 있어, callable object 패턴을 모델링할 수 있다.	함수도 객체이기 때문에, 호출 시그니처 + 프로퍼티를 가진 타입을 만들 수 있습니다. 면접에서는 callable object, declaration merging, 함수에 static 필드를 붙이는 패턴을 읽을 줄 아는지 확인할 수 있습니다. 실무에서는 오래된 라이브러리 타입 정의에서 이런 패턴을 종종 보며, 래퍼를 만들거나 타입을 보강할 때 도움이 됩니다. 다만 과도하게 쓰면 코드 이해가 어려워질 수 있어, 현대 코드에서는 모듈 export로 더 명확히 표현하는 것이 일반적입니다. 그래도 “읽을 줄 아는 능력”은 매우 중요합니다.		O	TRUE	X	FALSE					frontend	typescript	types	advanced
Q540	in 연산자 내로잉의 함정		언어 중심 - TypeScript	97	OX	HARD	if ("prop" in obj) 내로잉은 obj가 null일 때도 안전하게 동작하므로, 별도 null 체크가 필요 없다.	in 연산자는 런타임에서 null/undefined에 적용하면 에러가 날 수 있으므로, 별도 체크가 필요합니다. 따라서 문장은 X가 정답입니다. 면접에서는 내로잉 키워드들이 “타입”뿐 아니라 “런타임 안전”도 함께 고려해야 함을 묻습니다. 실무에서는 obj && "prop" in obj 같은 형태로 방어하거나, typeof/instanceof/사용자 정의 가드로 안전하게 처리합니다. 타입 내로잉은 런타임 체크와 같이 가야 한다는 점이 핵심입니다.		O	FALSE	X	TRUE					frontend	typescript	pitfalls	advanced
Q541	instanceof 내로잉의 한계(Realm/Package Boundary)		언어 중심 - TypeScript	97	OX	HARD	instanceof 내로잉은 서로 다른 번들/패키지 경계에서 동일 클래스가 중복 로드되면 실패할 수 있어, 식별자(discriminant) 기반 체크가 더 견고할 수 있다.	instanceof는 런타임 프로토타입 체인 기반이므로, 클래스가 중복 로드되면 “같은 이름이지만 다른 생성자”가 되어 실패할 수 있습니다. 면접에서는 에러 타입 분기나 프레임워크 경계에서 이런 문제를 경험적으로 아는지 확인할 수 있습니다. 실무에서는 마이크로프론트엔드, 모노레포 패키지 중복, iframe(다른 realm) 환경에서 실제로 발생합니다. 그래서 에러 코드나 kind 같은 discriminant 필드를 두는 방식이 더 견고할 때가 많습니다. 타입 설계와 런타임 환경을 함께 고려하는 능력이 중요합니다.		O	TRUE	X	FALSE					frontend	typescript	runtime	advanced
Q542	unknown vs {} 차이(Unknown vs Empty Object)		언어 중심 - TypeScript	97	OX	HARD	{} 타입은 null과 undefined만 제외한 거의 모든 값을 허용하므로, unknown과 의미가 동일하다.	{}는 흔히 “빈 객체”로 오해되지만, 실제로는 null/undefined를 제외한 대부분의 값(원시값 포함)을 허용하는 쪽에 가깝습니다. 하지만 unknown은 “아무 값이나 받을 수 있으나, 사용하려면 내로잉이 필요”한 안전한 최상위 타입이라 의미가 동일하다고 볼 수 없습니다. 따라서 문장은 X가 정답입니다. 면접에서는 {}/object/Record<string, unknown>/unknown 차이를 자주 물어봅니다. 실무에서는 외부 입력을 unknown으로 받고 스키마 검증으로 좁히는 것이 가장 안전하며, {}를 입력 타입으로 쓰면 의도와 다른 값이 통과할 수 있어 위험합니다.		O	FALSE	X	TRUE					frontend	typescript	types	advanced
Q543	object 타입의 의미(Object Type)		언어 중심 - TypeScript	97	OX	HARD	object 타입은 원시값(string, number 등)을 제외하고, 객체 타입만 허용하는 제약으로 사용할 수 있다.	TypeScript에서 object는 “non-primitive”를 의미하는 제약으로, 원시값을 배제할 수 있습니다. 면접에서는 {}와 object의 차이(원시값 허용 여부)로 함정 문제가 자주 나옵니다. 실무에서는 동적 값이 정말 “객체”임을 보장하고 싶을 때 object를 쓸 수 있지만, 구체적인 프로퍼티 접근을 하려면 추가 내로잉이 필요합니다. 또한 배열/함수도 object로 분류될 수 있으므로, 진짜로 plain object만 원하면 더 강한 런타임 체크가 필요합니다.		O	TRUE	X	FALSE					frontend	typescript	types	advanced
Q544	Function 타입 지양 이유		언어 중심 - TypeScript	97	OX	HARD	Function 타입은 호출 시그니처가 너무 느슨해 타입 안전성을 떨어뜨릴 수 있어, 가능하면 구체적인 함수 타입을 쓰는 게 좋다.	Function은 인자/반환 타입에 대한 정보가 거의 없어 타입 안전성을 크게 낮춥니다. 면접에서는 “왜 Function을 피하나”를 묻고, (...args: unknown[]) => unknown 같은 더 명시적인 타입을 제시할 수 있으면 좋습니다. 실무에서는 이벤트 핸들러, 콜백, 훅 등 함수가 많은 코드베이스에서 정확한 시그니처가 DX와 안정성에 직결됩니다. 또한 this 바인딩이 있는 함수라면 this 파라미터까지 고려해야 합니다.		O	TRUE	X	FALSE					frontend	typescript	types	advanced
Q545	never 반환과 제어 흐름 분석(Control Flow)		언어 중심 - TypeScript	97	OX	HARD	예외를 항상 던지는 함수나 무한 루프 함수는 never 반환으로 모델링할 수 있고, 컴파일러의 제어 흐름 분석에 영향을 준다.	never는 “정상적으로 반환되지 않음”을 의미합니다. throw 함수나 무한 루프 함수에 never를 부여하면 이후 코드가 도달 불가로 판단되어 내로잉/분기 분석이 더 정확해질 수 있습니다. 면접에서는 never가 단지 “공집합”이 아니라 제어 흐름에 연결된 개념임을 아는지 봅니다. 실무에서는 assert 함수(검증 실패 시 throw)와 결합해 안전한 내로잉을 만들 때 특히 유용합니다. 다만 런타임에서 실제로 throw/무한 루프가 보장되지 않으면 타입을 속이게 되니 구현 정확성이 중요합니다.		O	TRUE	X	FALSE					frontend	typescript	controlflow	advanced
Q546	satisfies와 초과 속성 검사 조합		언어 중심 - TypeScript	97	OX	HARD	satisfies는 객체 리터럴에서 초과 속성(오타 키)을 잡는 데 도움이 될 수 있지만, 항상 모든 상황에서 초과 속성 검사를 강제하는 것은 아니다.	satisfies는 검사에 유용하지만, 초과 속성 검사와 추론 규칙은 상황에 따라 달라집니다. “항상 강제”라고 단정할 수 없으므로 문장은 O에 가깝지만, 핵심은 “도움이 되지만 만능은 아니다”입니다. 따라서 O가 정답입니다. 면접에서는 초과 속성 검사(리터럴 직접 전달 vs 변수 경유)와 satisfies의 차이를 같이 묻는 경우가 있습니다. 실무에서는 오타/누락을 줄이기 위해 satisfies Record<...> 같은 패턴을 쓰고, 경계에서는 런타임 검증까지 붙이면 더 안전합니다.		O	TRUE	X	FALSE					frontend	typescript	types	advanced
Q547	as const와 배열 메서드 호환		언어 중심 - TypeScript	97	OX	HARD	as const로 만든 readonly 튜플/배열은 push/pop 같은 변경 메서드를 금지하지만, map/filter 같은 비파괴 메서드는 여전히 사용할 수 있다.	as const는 readonly를 부여해 변경 메서드를 막습니다. 하지만 map/filter는 원본을 바꾸지 않고 새 배열을 반환하므로 일반적으로 사용 가능합니다. 면접에서는 readonly 컬렉션에서 어떤 작업이 가능한지와, 불변성을 지키는 코딩 습관을 확인할 수 있습니다. 실무에서는 상수 리스트(라우트, 이벤트 키)에 as const를 붙이고, 이를 기반으로 유니온 타입을 파생하는 패턴이 흔합니다. 다만 map/filter 결과 타입 추론이 예상보다 넓어질 수 있어, 필요하면 제네릭/const 타입 파라미터로 보강합니다.		O	TRUE	X	FALSE					frontend	typescript	immutability	advanced
Q548	readonly 프로퍼티의 런타임 오해		언어 중심 - TypeScript	97	OX	HARD	readonly 프로퍼티는 런타임에서도 재할당이 불가능하도록 JS 엔진이 막아준다.	readonly는 타입 수준 제약이지, JS 엔진이 자동으로 막아주는 런타임 제약이 아닙니다. 따라서 문장은 X가 정답입니다. 면접에서는 “TS 타입은 런타임이 아니다”를 반복적으로 확인합니다. 실무에서 런타임 불변이 필요하면 freeze, private 필드, 클로저 캡슐화 같은 런타임 전략이 필요합니다. readonly는 개발 단계에서 실수를 줄이는 데 큰 도움이 되지만, 보안/무결성 강제 수단으로 오해하면 위험합니다.		O	FALSE	X	TRUE					frontend	typescript	immutability	advanced
Q549	Record<string, never>의 의미		언어 중심 - TypeScript	97	OX	HARD	Record<string, never>는 “어떤 string 키도 가질 수 없다”는 의도를 표현하는 데 쓰일 수 있어, 빈 객체 타입 모델링에 활용되기도 한다.	Record<string, never>는 키가 있다면 값이 never여야 하므로 사실상 “키가 존재하면 안 된다”는 형태로 사용할 수 있습니다. 면접에서는 {}/object/Record<string, never>의 차이를 비교해 빈 객체 모델링을 어떻게 하는지 물을 수 있습니다. 실무에서는 “추가 필드 금지” 같은 제약을 표현할 때 사용되지만, 타입만으로 완벽히 막히지 않는 케이스도 있어 신중해야 합니다. 또한 인덱스 시그니처와 결합되면 의도치 않게 충돌이 생길 수 있으니, 명확한 요구사항이 있을 때만 쓰는 것이 좋습니다.		O	TRUE	X	FALSE					frontend	typescript	types	advanced
Q550	Exact 타입 패턴의 한계		언어 중심 - TypeScript	97	OX	HARD	“추가 속성 금지(Exact)”를 타입만으로 100% 강제하는 것은 쉽지 않으며, 런타임 검증과 함께 가는 편이 현실적이다.	TS는 구조적 타이핑이라 “정확히 이 모양만 허용”을 순수 타입만으로 완벽히 강제하기 어렵습니다. 여러 테크닉(제네릭 제약, never 속성, 분산 유틸)이 있지만 구멍이 생길 수 있습니다. 면접에서는 타입 시스템의 한계를 인정하고 현실적인 대안을 제시하는지를 봅니다. 실무에서는 경계에서 스키마 검증으로 실제 입력을 강제하고, 내부에서는 타입으로 개발 생산성과 안정성을 높이는 조합이 가장 견고합니다. “타입은 설계 도구, 강제는 런타임”이라는 관점이 중요합니다.		O	TRUE	X	FALSE					frontend	typescript	validation	advanced
Q551	extends 제약과 never 역효과		언어 중심 - TypeScript	97	OX	HARD	제네릭에서 K extends keyof T 같은 제약은 안전하지만, T가 유니온이면 K가 예상보다 좁아져 유틸 타입이 덜 유용해질 수 있다.	유니온에서 keyof가 공통 키로 제한되는 성질 때문에, keyof T가 예상보다 좁아질 수 있습니다. 그러면 K extends keyof T도 좁아져 유틸이 불편해지는 일이 생깁니다. 면접에서는 “유니온 + keyof 함정”을 해결하는 접근(분산 처리, 공통 베이스 도입, 오버로드)을 묻는 경우가 많습니다. 실무에서는 도메인 모델을 유니온으로 만들 때 공통 인터페이스를 분리하거나, 케이스별 처리 함수를 두어 타입을 단순화하는 것이 도움이 됩니다.		O	TRUE	X	FALSE					frontend	typescript	generics	advanced
Q552	Awaited<T> 개념(Awaited)		언어 중심 - TypeScript	97	OX	HARD	Awaited<T>는 Promise 중첩을 풀어 “최종 resolve 값”의 타입을 얻는 데 쓰이며, thenable도 고려할 수 있다.	Awaited는 async/await 시대에 매우 실용적인 유틸 개념입니다. Promise가 중첩되거나 thenable(then 메서드를 가진 객체)처럼 Promise 유사체가 있을 때 최종 값을 모델링하는 데 도움을 줍니다. 면접에서는 Promise/thenable/async 타입 모델링을 이해하는지 확인할 수 있습니다. 실무에서는 API 클라이언트 래퍼, 비동기 파이프라인 유틸을 만들 때 자주 씁니다. 다만 복잡한 Awaited 체인은 타입 계산 비용을 키울 수 있어, 필요한 범위에서만 사용하는 것이 좋습니다.		O	TRUE	X	FALSE					frontend	typescript	async	advanced
Q553	noPropertyAccessFromIndexSignature 옵션		언어 중심 - TypeScript	97	OX	HARD	noPropertyAccessFromIndexSignature는 인덱스 시그니처가 있는 타입에서 obj.prop 접근을 제한해, obj["prop"]처럼 명시적으로 접근하게 강제할 수 있다.	이 옵션은 “동적 키 접근”을 더 명시적으로 만들고, 오타/의도치 않은 프로퍼티 접근을 줄이는 데 도움을 줍니다. 면접에서는 TS 컴파일러 옵션을 깊게 묻는 경우가 많진 않지만, “왜 이런 옵션이 필요한가”를 설명할 수 있으면 강점입니다. 실무에서는 인덱스 시그니처가 섞인 타입에서 . 접근이 오타를 숨길 수 있어, 명시적인 [] 접근 강제가 유용할 때가 있습니다. 다만 기존 코드에 적용하면 수정량이 늘 수 있어 점진적 적용이 필요합니다.		O	TRUE	X	FALSE					frontend	typescript	compiler	advanced
Q554	useUnknownInCatchVariables 영향		언어 중심 - TypeScript	97	OX	HARD	useUnknownInCatchVariables를 켜면 catch 변수는 any가 아니라 unknown이 되어, 에러 처리에서 내로잉/검증을 강제하는 효과가 있다.	catch에 들어오는 값은 실제로 어떤 타입이든 될 수 있어(throw는 아무 값이나 가능), unknown이 더 안전한 모델입니다. 면접에서는 “에러는 항상 Error인가?” 같은 질문에서 이 설정과 연결해 설명하면 좋습니다. 실무에서는 커스텀 에러/외부 라이브러리에서 string을 throw하는 경우도 있어서, unknown 기반 처리(타입 가드, normalizeError)가 안정적입니다. 이 설정은 에러 처리 품질을 높이지만, 기존 코드 수정이 필요할 수 있습니다.		O	TRUE	X	FALSE					frontend	typescript	errors	advanced
Q555	throw의 타입(Throw Expression)		언어 중심 - TypeScript	97	OX	HARD	TS에서 throw는 표현식으로도 사용될 수 있으며, 제어 흐름 상 도달 불가로 판단되는 구간에 영향을 준다.	throw는 런타임에서 실행을 중단시키므로, 타입/제어 흐름 분석에서 중요한 역할을 합니다. 일부 문맥에서는 표현식처럼 활용되기도 하고(버전/구문 지원에 따라), 핵심은 “이 이후는 실행되지 않는다”는 정보를 컴파일러가 활용한다는 점입니다. 면접에서는 throw/never/제어 흐름 분석을 엮어서 질문할 수 있습니다. 실무에서는 assert 함수 내부에서 throw를 통해 내로잉을 확정하는 패턴이 특히 흔합니다. 다만 코드 스타일/가독성을 고려해 팀 컨벤션에 맞게 사용하는 것이 좋습니다.		O	TRUE	X	FALSE					frontend	typescript	controlflow	advanced
Q556	tsconfig 옵션과 타입 시스템 설계		언어 중심 - TypeScript	97	OX	HARD	strict 계열 옵션을 올리면 안정성은 올라가지만, 모델링/코드 수정 비용이 발생하므로 팀/레거시 상황을 고려한 단계적 도입이 현실적이다.	strict 옵션은 품질에 큰 영향을 주지만, 한 번에 켜면 레거시 코드에서 에러가 폭발할 수 있습니다. 면접에서는 “타입 안정성과 생산성의 균형”을 실제 프로젝트 관점으로 이야기할 수 있는지 봅니다. 실무에서는 신규 모듈부터 strict를 적용하고, 점진적으로 확장하는 전략이 흔합니다. 또한 lint 규칙, 런타임 검증, 테스트와 함께 품질을 올리는 접근이 더 효과적입니다. 타입 시스템은 기술적 선택이면서 팀 운영 전략이기도 합니다.		O	TRUE	X	FALSE					frontend	typescript	compiler	advanced
Q557	const enum과 번들링 위험		언어 중심 - TypeScript	97	OX	HARD	const enum은 컴파일 시 인라인되어 런타임 객체가 남지 않지만, 빌드 파이프라인에 따라(예: isolatedModules) 제약이나 예상치 못한 문제가 생길 수 있다.	const enum은 인라인 최적화가 장점이지만, 트랜스파일러/번들러 설정에 따라 제약이 생길 수 있습니다. 면접에서는 “왜 const enum을 피하라는 글이 있나” 같은 질문으로 이어질 수 있습니다. 실무에서는 Babel/SWC 환경에서 지원/설정 이슈가 생길 수 있어, 일반 enum 또는 const object + as const 패턴을 선호하는 팀도 많습니다. 결국 도구 체인과 배포 환경을 같이 보고 선택해야 합니다.		O	TRUE	X	FALSE					frontend	typescript	tooling	advanced
Q558	isolatedModules와 export type		언어 중심 - TypeScript	97	OX	HARD	isolatedModules 환경에서는 타입만 있는 파일도 모듈로 만들기 위해 export {} 같은 처리가 필요할 수 있다.	파일이 스크립트로 취급되면 전역 오염/변환 차이가 생길 수 있어, export {}로 모듈로 만드는 패턴이 등장합니다. 면접에서는 모듈/스크립트 차이와 빌드 체인 이해도를 확인할 수 있습니다. 실무에서는 프론트엔드에서 SWC/Babel을 쓸 때 이런 이슈를 자주 만나며, 타입 선언 파일 구성에도 영향을 줍니다. 다만 팀에 따라 ESLint/tsconfig 설정으로 해결하기도 하니, 원인을 설명할 수 있는 것이 중요합니다.		O	TRUE	X	FALSE					frontend	typescript	modules	advanced
Q559	타입 레벨 테스트(dtslint/tsd) 개념		언어 중심 - TypeScript	97	OX	HARD	타입 유틸/공용 API를 만들 때는 타입 레벨 테스트를 두어, 추론/호환이 깨지지 않는지 회귀를 잡을 수 있다.	타입 레벨 테스트는 런타임 테스트와 다른 차원의 안정망입니다. 특히 공용 라이브러리나 핵심 유틸 타입은 변경 시 추론이 미묘하게 깨질 수 있어, 타입 테스트로 계약을 고정해두면 좋습니다. 면접에서는 “타입도 테스트할 수 있나” 같은 질문에서 좋은 답이 됩니다. 실무에서는 tsd/dtslint 같은 도구를 쓰거나, 기대 타입을 만족하는지 컴파일로 확인하는 패턴을 씁니다. 타입은 리팩터링에 강하지만, 고급 타입일수록 회귀 가능성이 크므로 테스트가 가치가 있습니다.		O	TRUE	X	FALSE					frontend	typescript	testing	advanced
Q560	도메인 모델을 타입으로만 믿는 위험		언어 중심 - TypeScript	97	OX	HARD	도메인 규칙(예: 나이 범위, 문자열 포맷)은 타입만으로 완전 강제할 수 있으므로, 런타임 검증은 불필요하다.	타입만으로 모든 도메인 규칙을 완전 강제하는 것은 현실적으로 어렵고, 외부 입력이 존재하는 순간 런타임 검증이 필수입니다. 따라서 문장은 X가 정답입니다. 면접에서는 타입 시스템의 한계를 인정하고, 검증/파싱/에러 처리까지 포함한 “경계 설계”를 말할 수 있는지를 봅니다. 실무에서는 스키마 검증(zod 등), DB 제약, 서버 검증, 프론트엔드 폼 검증을 조합해 안전망을 구축합니다. 타입은 개발 경험과 내부 계약을 강화하지만, 실제 데이터 무결성은 런타임에서 지켜야 합니다.		O	FALSE	X	TRUE					frontend	typescript	validation	advanced
Q561	noImplicitAny와 설계 품질		언어 중심 - TypeScript	97	OX	HARD	noImplicitAny를 켜면 모든 any 사용이 완전히 금지되어, 코드베이스에 any가 전혀 남을 수 없다.	noImplicitAny는 “암묵적 any”를 막는 옵션이지, 명시적으로 : any를 쓰는 것까지 금지하지는 않습니다. 따라서 문장은 X가 정답입니다. 면접에서는 컴파일러 옵션을 “효과” 중심으로 이해하는지 확인하는 질문이 나올 수 있습니다. 실무에서는 암묵적 any를 줄이는 것만으로도 품질이 크게 오르지만, 외부 라이브러리 경계/레거시 코드 때문에 명시 any가 남을 수 있습니다. 그래서 unknown-first, 래퍼 타입, 점진적 개선 전략이 중요합니다.		O	FALSE	X	TRUE					frontend	typescript	compiler	advanced
Q562	noImplicitThis의 목적		언어 중심 - TypeScript	97	OX	HARD	noImplicitThis는 this가 any로 추론되는 상황을 줄여, 잘못된 this 사용을 컴파일 단계에서 잡는 데 도움이 된다.	this는 JS에서 매우 흔한 런타임 버그 원인이라, 타입으로 잡을 수 있으면 큰 이점이 있습니다. noImplicitThis는 this가 암묵적으로 any가 되는 것을 막아 문제를 조기에 드러냅니다. 면접에서는 this 바인딩, arrow function, call/apply/bind까지 연결해 질문할 수 있습니다. 실무에서는 클래스 메서드를 콜백으로 넘길 때 this가 깨지는 문제를 방지하는 데도 도움이 됩니다. 다만 레거시 코드에서는 수정량이 생길 수 있어, this 파라미터 타입/바인딩/arrow 전환 같은 리팩터링이 필요합니다.		O	TRUE	X	FALSE					frontend	typescript	compiler	advanced
Q563	noFallthroughCasesInSwitch와 안전성		언어 중심 - TypeScript	97	OX	HARD	noFallthroughCasesInSwitch는 switch에서 break 누락으로 인한 의도치 않은 fallthrough를 줄이는 데 도움이 된다.	switch fallthrough는 의도하지 않으면 버그가 되기 쉽습니다. 이 옵션은 그런 실수를 컴파일 단계에서 줄여줍니다. 면접에서는 “자바스크립트 언어 레벨 함정”을 TS 설정으로 어떻게 보완하는지 얘기할 수 있습니다. 실무에서는 상태/이벤트 분기 로직에서 fallthrough가 생기면 치명적일 수 있어 유용합니다. 다만 의도적 fallthrough가 필요할 경우 주석이나 명시적 처리가 필요할 수 있습니다.		O	TRUE	X	FALSE					frontend	typescript	compiler	advanced
Q564	--downlevelIteration과 for..of		언어 중심 - TypeScript	97	OX	HARD	target이 낮은 환경에서 for..of와 스프레드가 이터러블을 제대로 처리하려면 downlevelIteration 같은 설정이 런타임 동작에 영향을 줄 수 있다.	이터러블(예: Map/Set/문자열) 처리 방식은 트랜스파일 전략에 따라 달라져, 설정이 실제 런타임 동작에 영향을 줄 수 있습니다. 면접에서는 TS 설정이 단지 타입 체크가 아니라 “출력 JS”를 바꾼다는 점을 이해하는지 봅니다. 실무에서는 구형 브라우저 지원, 번들 타겟 변경 시 예상치 못한 동작 차이가 나올 수 있어 회귀 테스트가 중요합니다. 또한 폴리필(core-js 등)과의 조합도 고려해야 합니다.		O	TRUE	X	FALSE					frontend	typescript	compiler	advanced
Q565	esModuleInterop와 import 호환		언어 중심 - TypeScript	97	OX	HARD	esModuleInterop는 CommonJS 모듈을 default import로 가져오는 호환성을 개선하지만, 런타임/번들러 설정과 함께 이해해야 한다.	CJS/ESM 호환은 TS/번들러/Node 런타임이 함께 얽혀 있습니다. esModuleInterop는 타입과 출력 코드 측면에서 호환을 돕지만, 실제 실행 환경에 따라 문제가 생길 수 있어 전체 체인을 이해해야 합니다. 면접에서는 “왜 import가 되는데 런타임에서 터지나” 같은 문제를 통해 이 지식을 확인합니다. 실무에서는 라이브러리별 export 형태를 확인하고, TS 설정을 팀 표준으로 고정해 혼선을 줄이는 것이 중요합니다.		O	TRUE	X	FALSE					frontend	typescript	modules	advanced
Q566	moduleResolution과 타입 찾기		언어 중심 - TypeScript	97	OX	HARD	moduleResolution 방식(node, bundler 등)이 달라지면 import 해석과 타입 선언 찾기 방식이 달라질 수 있다.	모듈 해석 전략은 “어떤 파일을 실제로 import로 인식하는가”에 영향을 줍니다. 면접에서는 모노레포/번들러 기반 프로젝트에서 타입이 안 잡히는 문제를 어떻게 접근하는지로 질문이 나올 수 있습니다. 실무에서는 TS 버전 업, bundler 전환(Vite/webpack/rspack) 시 moduleResolution 차이로 빌드 이슈가 발생하기도 합니다. 따라서 설정과 프로젝트 구조(패키지 exports, types 필드)를 함께 보는 습관이 중요합니다.		O	TRUE	X	FALSE					frontend	typescript	modules	advanced
Q567	paths/alias와 런타임 불일치		언어 중심 - TypeScript	97	OX	HARD	tsconfig의 paths 별칭이 동작하면 런타임에서도 자동으로 같은 별칭 해석이 보장된다.	tsconfig paths는 타입체크/컴파일러 해석에만 영향을 주고, 런타임(번들러/Node)이 별도로 alias를 모르면 실행에 실패할 수 있습니다. 그래서 문장은 X가 정답입니다. 면접에서는 “컴파일은 되는데 실행이 안 되는” 대표 원인으로 이 케이스가 자주 등장합니다. 실무에서는 bundler alias 설정(Vite/webpack/rspack)이나 Node ESM의 import maps/loader 설정을 맞춰야 합니다. 또한 테스트 환경(jest/vitest)에서도 별칭을 별도로 맞춰야 합니다.		O	FALSE	X	TRUE					frontend	typescript	modules	advanced
Q568	.d.ts 선언과 실제 구현 불일치		언어 중심 - TypeScript	97	OX	HARD	.d.ts에 선언된 함수 시그니처가 실제 구현과 다르면, 컴파일은 통과해도 런타임에서 오류가 날 수 있다.	타입 선언은 런타임 구현을 보장하지 않습니다. 선언과 구현이 불일치하면 호출부는 안전하다고 믿고 호출하지만, 런타임에서 터질 수 있습니다. 면접에서는 “타입이 맞는데 왜 런타임에서 깨지나”를 이 사례로 확인합니다. 실무에서는 라이브러리 타입 정의를 직접 작성/수정할 때 특히 주의해야 하며, 타입 테스트와 런타임 테스트를 같이 두면 좋습니다. 또한 내부 패키지에서는 타입과 구현을 같은 소스에서 생성하도록(예: TS 소스에서 d.ts 생성) 관리하는 것이 안전합니다.		O	TRUE	X	FALSE					frontend	typescript	types	advanced
Q569	declare의 의미(Declare)		언어 중심 - TypeScript	97	OX	HARD	declare는 “런타임에 이미 존재한다”고 컴파일러에 알려주는 역할이므로, 실제 런타임 값이 없으면 실행 시 문제가 생길 수 있다.	declare는 타입 레벨 선언으로, TS가 출력 JS에 구현을 생성하지 않습니다. 따라서 실제로 런타임 값이 존재하지 않으면 오류가 납니다. 면접에서는 외부 전역(예: window 변수), 환경 변수 주입, 번들러 define 플러그인과 연결해 물을 수 있습니다. 실무에서는 declare global로 전역 타입을 보강할 때도 동일하게 “런타임 실제 존재”를 의식해야 합니다. 안전하게 하려면 주입 위치를 문서화하고, 초기화 코드나 런타임 체크를 두는 편이 좋습니다.		O	TRUE	X	FALSE					frontend	typescript	runtime	advanced
Q570	lib 설정과 DOM 타입		언어 중심 - TypeScript	97	OX	HARD	tsconfig의 lib에 DOM이 빠지면, 브라우저 API 타입(예: window, document)이 인식되지 않을 수 있다.	lib는 컴파일러가 포함할 표준 라이브러리 타입 집합을 결정합니다. DOM이 없으면 브라우저 전역 타입이 사라져 빌드가 깨질 수 있습니다. 면접에서는 “Node 프로젝트에서 DOM 타입이 왜 섞이면 문제인가” 같은 반대 케이스도 묻곤 합니다. 실무에서는 런타임 환경(브라우저/Node/Worker)에 맞는 lib 구성이 중요하고, 잘못 섞이면 타입 충돌이나 불필요한 전역이 생길 수 있습니다.		O	TRUE	X	FALSE					frontend	typescript	compiler	advanced
Q571	skipLibCheck의 트레이드오프		언어 중심 - TypeScript	97	OX	HARD	skipLibCheck는 빌드 시간을 줄일 수 있지만, 라이브러리 타입 충돌/오류를 숨길 수 있어 주의가 필요하다.	대형 프로젝트에서 라이브러리 타입 체크는 시간이 많이 들 수 있어 skipLibCheck로 속도를 얻기도 합니다. 하지만 타입 충돌이나 잘못된 선언을 놓칠 수 있어 위험합니다. 면접에서는 “왜 CI에서만 끄거나 켜나” 같은 운영 전략 질문으로 이어질 수 있습니다. 실무에서는 임시로 켜서 생산성을 올리되, 근본 원인을 해결하거나 버전 정합성을 맞추는 것이 바람직합니다. 또한 핵심 라이브러리 업데이트 시에는 다시 켜고 점검하는 전략이 좋습니다.		O	TRUE	X	FALSE					frontend	typescript	tooling	advanced
Q572	importsNotUsedAsValues와 트리셰이킹		언어 중심 - TypeScript	97	OX	HARD	사용되지 않는 타입 import를 정리하는 설정/룰은 번들에 불필요한 런타임 import가 남는 것을 줄이는 데 도움이 될 수 있다.	타입 import가 값 import로 남으면 런타임 의존이 생길 수 있고, 순환 의존/번들 크기에 영향을 줄 수 있습니다. 면접에서는 type-only import와 함께 “왜 타입 import를 분리하나”를 묻는 흐름에서 나올 수 있습니다. 실무에서는 lint/tsconfig 옵션으로 미사용 import를 정리하고, import type를 적극 활용해 런타임 의존을 줄입니다. 다만 실제로 필요한 값 import를 타입으로 착각해 제거하면 런타임 에러가 나므로, 자동 수정 적용 시 리뷰가 중요합니다.		O	TRUE	X	FALSE					frontend	typescript	modules	advanced
Q573	jsxImportSource/JSX 런타임		언어 중심 - TypeScript	97	OX	HARD	TS의 JSX 관련 설정(jsx, jsxImportSource 등)은 출력 코드 형태와 타입 해석에 영향을 주므로, 프레임워크/번들러 설정과 맞춰야 한다.	JSX는 TS만의 문제가 아니라 React/Vue/Solid 등 프레임워크 런타임과 번들러 설정이 함께 맞아야 합니다. 설정이 맞지 않으면 타입은 되는데 런타임이 깨지거나, 반대로 런타임은 되는데 타입이 깨질 수 있습니다. 면접에서는 “JSX transform이 뭐가 바뀌었나” 같은 질문에서 환경 이해도를 볼 수 있습니다. 실무에서는 모노레포에서 앱마다 JSX 설정이 달라 충돌하는 경우가 있어, 패키지별 tsconfig 분리/extends 전략이 중요합니다.		O	TRUE	X	FALSE					frontend	typescript	tooling	advanced
Q574	resolveJsonModule과 JSON import		언어 중심 - TypeScript	97	OX	HARD	resolveJsonModule을 켜면 JSON을 import할 수 있지만, 런타임에서도 JSON import가 항상 동일하게 동작한다고 보장할 수는 없다.	TS가 JSON import를 허용해도, 런타임(Node ESM, bundler)에서 JSON 모듈 지원 방식이 다를 수 있습니다. 면접에서는 “왜 dev에서는 되는데 prod에서 깨지나” 같은 실제 이슈로 질문이 나올 수 있습니다. 실무에서는 bundler가 JSON을 인라인 처리해주기도 하지만, Node ESM에서는 플래그/어설션이 필요했던 시기들이 있어 환경 의존성이 큽니다. 따라서 빌드/런타임 체인까지 확인하는 습관이 중요합니다.		O	TRUE	X	FALSE					frontend	typescript	modules	advanced
Q575	verbatimModuleSyntax의 의도		언어 중심 - TypeScript	97	OX	HARD	verbatimModuleSyntax 같은 설정은 타입 import/export와 값 import/export를 더 엄격히 구분하도록 유도해, ESM 정합성을 높일 수 있다.	모듈 문법을 더 엄격히 다루면, 타입과 값이 섞여 생기는 런타임 문제를 줄이는 데 도움이 됩니다. 면접에서는 “타입이 런타임에 남지 않게 하려면?” 같은 질문에서 연결할 수 있습니다. 실무에서는 ESM 전환, 번들러 변경 시 모듈 경계가 흔들리기 쉬워 이런 설정이 안정성에 도움이 됩니다. 다만 초기 도입 시 수정량이 꽤 생길 수 있어, codemod/lint와 함께 적용하는 것이 좋습니다.		O	TRUE	X	FALSE					frontend	typescript	modules	advanced
Q576	타입/런타임 경계 설계 패턴		언어 중심 - TypeScript	97	OX	HARD	외부 입력을 unknown으로 받고, 런타임 검증 후 도메인 타입으로 변환하는 패턴은 타입-런타임 경계를 견고하게 만드는 대표 전략이다.	외부 입력은 절대 신뢰할 수 없으므로 unknown으로 받고 검증 후 변환하는 것이 가장 안전한 패턴입니다. 면접에서는 “타입이 있는데 왜 검증이 필요하나”에 대한 정답에 가깝습니다. 실무에서는 API 응답, 폼 입력, 환경변수, 메시지 큐 등 모든 경계에서 이 전략이 유효합니다. 또한 변환 레이어(Mapper/Decoder)를 두면 도메인 로직이 오염되지 않습니다. 검증 실패 시 에러 포맷/로깅/모니터링까지 포함하면 운영 품질이 크게 올라갑니다.		O	TRUE	X	FALSE					frontend	typescript	validation	advanced
Q577	타입 시스템과 번들러의 역할 분리		언어 중심 - TypeScript	97	OX	HARD	TypeScript가 컴파일 단계에서 import 경로를 해결해주면, 번들러 설정은 없어도 동일하게 빌드/실행이 가능하다.	TS는 타입/트랜스파일 관점에서 import를 해석하지만, 실제 번들링/실행은 번들러나 런타임(Node)의 해석 규칙을 따릅니다. 따라서 문장은 X가 정답입니다. 면접에서는 “tsc만으로는 왜 앱이 안 돌아가나”를 통해 빌드 파이프라인을 이해하는지 봅니다. 실무에서는 tsconfig와 bundler, 테스트 러너의 설정을 일관되게 맞춰야 하고, monorepo에서는 이 정합성이 더 중요합니다.		O	FALSE	X	TRUE					frontend	typescript		
Q578	모노레포 타입 중복(Duplicate Types)		언어 중심 - TypeScript	97	OX	HARD	모노레포에서 동일 라이브러리가 중복 설치되면, 타입 이름이 같아도 서로 다른 타입으로 취급되어 호환 문제가 생길 수 있다.	패키지가 중복으로 설치되면, 특히 클래스/인터페이스가 서로 다른 경로에서 로드되어 “같은 이름인데 다른 타입” 문제가 생길 수 있습니다. 면접에서는 “왜 타입이 똑같아 보이는데 할당이 안 되나” 같은 현상으로 질문이 나오기도 합니다. 실무에서는 package manager의 의존성 해석, peerDependencies, hoisting 전략, dedupe로 해결합니다. 또한 monorepo에서 빌드 산출물(d.ts)과 실제 런타임 로딩 경로가 어긋나면 문제가 커집니다. 의존성 트리 정합성을 유지하는 것이 중요합니다.		O	TRUE	X	FALSE					frontend	typescript	monorepo	advanced
Q579	서로 다른 realm의 Error(iframe)		언어 중심 - TypeScript	97	OX	HARD	iframe이나 다른 realm에서 생성된 Error는 instanceof Error 체크가 실패할 수 있어, 메시지/필드 기반 판별이 더 안정적일 수 있다.	realm이 다르면 전역 객체(특히 Error 생성자)가 달라져 instanceof가 실패할 수 있습니다. 면접에서는 브라우저 환경 지식과 런타임 체크 전략을 함께 봅니다. 실무에서는 Object.prototype.toString.call(e) 같은 형태나, name/message/사용자 정의 code 기반으로 normalize하는 패턴을 씁니다. 타입은 이런 런타임 현실을 담보하지 않으므로, 에러 처리 유틸을 표준화해두면 운영 안정성이 좋아집니다.		O	TRUE	X	FALSE					frontend	typescript	runtime	advanced
Q580	globalThis 타입 보강(GlobalThis Augmentation)		언어 중심 - TypeScript	97	OX	HARD	declare global { interface Window { ... } } 같은 전역 타입 보강은 타입만 바꾸므로, 런타임에서 실제 프로퍼티를 주입하는 코드가 없으면 undefined가 될 수 있다.	전역 보강은 선언(타입)만 확장할 뿐 구현을 만들지 않습니다. 면접에서는 선언 병합/전역 보강을 쓰는 상황과 위험(런타임 불일치)을 묻습니다. 실무에서는 번들러 define, 서버에서 주입한 전역 설정, 또는 실제 초기화 스크립트가 있을 때만 보강이 의미가 있습니다. 보강한 값을 쓸 때는 초기화 시점과 존재 여부를 체크하고, 안전하게 fallback을 두는 것이 중요합니다.		O	TRUE	X	FALSE					frontend	typescript	globals	advanced
Q581	Ambient Module 선언의 함정		언어 중심 - TypeScript	97	OX	HARD	declare module "some-lib"로 타입만 만들면, 런타임에도 해당 모듈이 존재한다고 보장되므로 import가 항상 안전하다.	타입 선언만으로 런타임 모듈 존재가 보장되지는 않습니다. 따라서 문장은 X가 정답입니다. 면접에서는 “타입은 통과했는데 런타임에서 모듈을 못 찾는다” 상황을 설명할 수 있는지 봅니다. 실무에서는 실제 패키지 설치/번들러 resolve 설정이 필요하고, 타입 선언은 그 위에 얹히는 보조입니다. 임시로 declare module을 만들어 빌드를 통과시키는 건 기술 부채가 될 수 있으니, 근본 원인을 해결해야 합니다.		O	FALSE	X	TRUE					frontend	typescript	modules	advanced
Q582	export type와 번들 의존성		언어 중심 - TypeScript	97	OX	HARD	export type로 내보낸 타입은 런타임 번들에 남지 않으므로, 순환 의존을 줄이는 데 도움이 될 수 있다.	타입 전용 export는 출력 JS에 남지 않아 런타임 의존을 만들지 않습니다. 면접에서는 type-only import/export가 왜 중요한지(트리셰이킹, 순환 의존, 실행 순서 이슈)로 질문이 나올 수 있습니다. 실무에서는 공용 타입 패키지에서 export type를 습관화하면 런타임 번들 오염을 줄일 수 있습니다. 다만 타입만 내보냈는데 실제 값이 필요하면 런타임에서 터지므로, 타입과 값의 경계를 팀 컨벤션으로 명확히 해야 합니다.		O	TRUE	X	FALSE					frontend	typescript	modules	advanced
Q583	isolatedModules와 enum 변환		언어 중심 - TypeScript	97	OX	HARD	isolatedModules 환경에서는 enum/namespace 같은 TS 전용 기능이 제약을 받거나 금지되는 경우가 있어, const object + as const 패턴이 대안이 되곤 한다.	isolatedModules는 파일 단위 트랜스파일을 가정하므로 TS 고유 기능 일부가 제약을 받을 수 있습니다. 면접에서는 “왜 빌드 체인(Babel/SWC)에서 TS 기능이 제한되나”를 설명할 수 있으면 좋습니다. 실무에서는 enum 대신 const object + as const로 대체해 ESM/트리셰이킹 친화적으로 가는 팀이 많습니다. 하지만 enum의 장점도 있으니(자동 값 생성, 리버스 매핑 등) 팀 요구에 맞게 선택해야 합니다.		O	TRUE	X	FALSE					frontend	typescript	tooling	advanced
Q584	preserveValueImports/verbatimModuleSyntax 효과		언어 중심 - TypeScript	97	OX	HARD	import가 타입인지 값인지 명확히 구분하면, 런타임에서 불필요한 import가 남아 생기는 부작용을 줄일 수 있다.	타입/값 import 구분은 런타임 의존성 관리에 직접적으로 도움 됩니다. 면접에서는 “타입 import를 값 import처럼 쓰면 어떤 문제가?”에서 순환 의존, 실행 순서, 번들 크기 등을 이야기하면 좋습니다. 실무에서는 import type를 적극적으로 사용하고, 설정으로 강제해 일관성을 만들면 DX가 좋아집니다. 다만 자동 변환(codemod) 후에는 실제 값 import가 누락되지 않았는지 리뷰가 필요합니다.		O	TRUE	X	FALSE					frontend	typescript	modules	advanced
Q585	esModuleInterop와 default import 착시		언어 중심 - TypeScript	97	OX	HARD	esModuleInterop로 타입상 default import가 가능해져도, 런타임에서 default가 없는 모듈이면 import 결과가 예상과 달라질 수 있다.	TS 옵션은 호환을 돕지만, 런타임 export 형태가 다르면 여전히 착시가 생길 수 있습니다. 면접에서는 CJS/ESM interop의 함정을 설명할 수 있어야 합니다. 실무에서는 라이브러리 문서의 import 예시를 확인하고, 실제 빌드 결과(번들 output)나 Node 실행에서 테스트하는 습관이 중요합니다. 또한 allowSyntheticDefaultImports와의 차이도 상황에 따라 고려해야 합니다.		O	TRUE	X	FALSE					frontend	typescript	modules	advanced
Q586	선언 병합(Declaration Merging) 범위		언어 중심 - TypeScript	97	OX	HARD	타입 별칭(type alias)은 인터페이스처럼 선언 병합이 가능하므로, 같은 이름의 type alias를 여러 번 선언해 합칠 수 있다.	type alias는 선언 병합 대상이 아니라서 같은 스코프에서 중복 선언하면 오류가 납니다. 따라서 문장은 X가 정답입니다. 면접에서는 interface vs type alias 차이를 “표현력”뿐 아니라 “병합 가능 여부”로 물을 수 있습니다. 실무에서는 라이브러리 보강이나 전역 확장은 interface/namespace 병합을 활용하는 경우가 많아, 이 차이를 아는 것이 중요합니다.		O	FALSE	X	TRUE					frontend	typescript	types	advanced
Q587	interface 병합과 오버로드		언어 중심 - TypeScript	97	OX	HARD	interface의 함수 시그니처는 병합 시 오버로드처럼 누적될 수 있어, 호출 시그니처를 여러 개 정의하는 패턴을 만들 수 있다.	인터페이스는 선언 병합이 가능하고, 동일 멤버 이름의 호출 시그니처를 여러 개 두면 오버로드처럼 동작하게 만들 수 있습니다. 면접에서는 “왜 interface를 쓰는가”의 장점으로 이 포인트를 들 수 있습니다. 실무에서는 라이브러리 타입 정의에서 매우 흔하고, 이벤트 emitter 타입 같은 곳에서 오버로드 형태로 노출합니다. 다만 병합을 남발하면 타입 추론이 복잡해지고 에러 메시지가 어려워질 수 있어, 공용 API에만 신중히 적용하는 것이 좋습니다.		O	TRUE	X	FALSE					frontend	typescript	types	advanced
Q588	declare namespace와 런타임 없음		언어 중심 - TypeScript	97	OX	HARD	declare namespace X { ... }는 타입 공간에만 존재할 수 있으며, 런타임에 X 객체가 없으면 실제 접근 시 오류가 날 수 있다.	declare namespace는 선언(타입)만 제공하므로 런타임 구현이 없을 수 있습니다. 면접에서는 타입 공간/값 공간 분리를 이해하는지 확인합니다. 실무에서는 레거시 전역 스크립트(UMD, CDN 로딩)와 연동할 때 declare namespace를 쓰고, 실제로는 window.X가 주입되어 있어야 합니다. 이때 로딩 순서, 번들 분리, SSR 환경 여부를 고려해야 합니다.		O	TRUE	X	FALSE					frontend	typescript	runtime	advanced
Q589	implements의 오해(implements Pitfall)		언어 중심 - TypeScript	97	OX	HARD	클래스가 implements Interface를 선언하면, 런타임에서도 해당 인터페이스가 자동으로 검증되어 위반 시 예외가 발생한다.	implements는 컴파일 단계에서만 검사하며 런타임 검증을 만들지 않습니다. 따라서 문장은 X가 정답입니다. 면접에서는 “인터페이스는 런타임에 존재하지 않는다”를 확인하는 단골 문제입니다. 실무에서 런타임 검증이 필요하면 스키마 검증, assertion, 테스트로 보완해야 합니다. implements는 개발 단계에서 계약을 유지하도록 돕는 도구입니다.		O	FALSE	X	TRUE					frontend	typescript	pitfalls	advanced
Q590	private와 런타임 캡슐화		언어 중심 - TypeScript	97	OX	HARD	TypeScript의 private는 JS 출력에서 강제 캡슐화를 보장하므로, 런타임에서도 외부 접근이 완전히 불가능하다.	TS의 private은 타입/컴파일 단계 제약이고, 런타임에서 완전한 캡슐화를 보장하지 않습니다(특히 #private 필드가 아닌 경우). 따라서 문장은 X가 정답입니다. 면접에서는 TS private과 JS #private 차이를 물어볼 수 있습니다. 실무에서 진짜 캡슐화가 필요하면 # 필드, 클로저, 모듈 스코프 등을 활용해야 하고, 런타임 접근을 막을 목적이라면 TS private만 믿으면 안 됩니다.		O	FALSE	X	TRUE					frontend	typescript	oop	advanced
Q591	#private 필드와 타입 시스템		언어 중심 - TypeScript	97	OX	HARD	JS의 #private 필드는 런타임 수준의 접근 제어를 제공하므로, TS private보다 캡슐화가 강하다.	#private는 언어 차원의 런타임 접근 제어라 외부에서 접근 자체가 불가능합니다. 면접에서는 보안/캡슐화 관점에서 TS private과 비교해 설명하면 좋습니다. 실무에서는 라이브러리/SDK처럼 외부 소비자가 있는 코드에서 #private이 더 강한 계약을 제공합니다. 다만 트랜스파일 타겟과 폴리필 필요성, 디버깅 편의성, 직렬화/테스트 접근성 같은 트레이드오프도 고려해야 합니다.		O	TRUE	X	FALSE					frontend	typescript	oop	advanced
Q592	override 키워드의 의미		언어 중심 - TypeScript	97	OX	HARD	override는 상위 클래스 메서드 재정의를 명시해 오타/시그니처 불일치를 잡는 데 도움 되지만, 런타임 동작 자체를 바꾸진 않는다.	override는 타입 체크 강화에 가깝고, 런타임의 메서드 디스패치를 바꾸지 않습니다. 면접에서는 “왜 override를 쓰나”에서 오타 방지와 리팩터링 안정성을 이야기하면 좋습니다. 실무에서는 상속 구조가 있는 코드에서 override를 표준화하면 유지보수 품질이 올라갑니다. 특히 메서드 이름 오타로 인해 새 메서드가 생겨버리는 실수를 줄일 수 있습니다.		O	TRUE	X	FALSE					frontend	typescript	oop	advanced
Q593	추상 클래스와 런타임(abstract at runtime)		언어 중심 - TypeScript	97	OX	HARD	abstract 클래스는 런타임에서 인스턴스화를 완전히 막으며, 트랜스파일 결과에도 강제 로직이 자동으로 포함된다.	abstract는 타입/컴파일 단계 제약이고, 출력 JS에 강제 로직이 자동으로 포함되는 것은 아닙니다. 따라서 문장은 X가 정답입니다. 면접에서는 추상 클래스의 목적(설계 계약)과 런타임 강제 여부를 구분하는지 확인합니다. 실무에서 런타임 강제가 필요하면 팩토리에서 생성 차단, 런타임 체크 등을 직접 넣어야 합니다. abstract는 주로 개발 단계에서 설계를 명확히 하는 도구로 이해하는 게 정확합니다.		O	FALSE	X	TRUE					frontend	typescript	pitfalls	advanced
Q594	unknown 캐스팅 체인 위험		언어 중심 - TypeScript	97	OX	HARD	value as unknown as Target 같은 이중 단언은 타입 안전을 크게 우회하므로, 가능한 한 경계에서만 제한적으로 사용해야 한다.	이중 단언은 컴파일러를 설득하는 “최후의 수단”이라, 남발하면 타입 안전이 붕괴합니다. 면접에서는 “단언을 언제 쓰나”를 묻고, 이중 단언은 위험하다는 점을 말하면 좋습니다. 실무에서는 외부 라이브러리 타입이 잘못됐을 때 임시로 쓰되, 래퍼/정상 타입 정의로 근본 해결하는 것이 바람직합니다. 또한 이중 단언을 썼다면 런타임 검증과 테스트를 반드시 동반하는 게 안전합니다.		O	TRUE	X	FALSE					frontend	typescript	pitfalls	advanced
Q595	unknown + 사용자 정의 타입 가드		언어 중심 - TypeScript	97	OX	HARD	unknown 입력을 안전하게 쓰려면 사용자 정의 타입 가드나 스키마 검증으로 내로잉하는 패턴이 핵심이다.	unknown-first는 경계 안전성의 핵심 전략입니다. 타입 가드/스키마 검증으로 내로잉한 뒤에만 도메인 로직을 태우면, 런타임 에러와 보안 문제를 크게 줄일 수 있습니다. 면접에서는 any 대신 unknown을 쓰는 이유와, 그 다음 단계(검증)를 설명할 수 있어야 합니다. 실무에서는 zod 같은 스키마 검증을 도입해 에러 메시지 표준화, 로깅, 모니터링까지 연결하면 운영 품질이 좋아집니다.		O	TRUE	X	FALSE					frontend	typescript	validation	advanced
Q596	타입을 믿고 JSON.parse 하는 실수		언어 중심 - TypeScript	97	OX	HARD	JSON.parse 결과를 특정 타입으로 단언하면(as T), 런타임에서도 해당 구조가 보장되므로 추가 검증이 필요 없다.	JSON.parse 결과는 런타임에서 어떤 모양인지 보장되지 않으며, as T는 타입만 바꿉니다. 따라서 문장은 X가 정답입니다. 면접에서는 “JSON.parse는 unknown으로 받아야 하는가” 같은 질문으로 이어질 수 있습니다. 실무에서는 parse 결과를 unknown으로 두고, 스키마 검증을 거쳐 도메인 타입으로 변환하는 것이 안전합니다. 단언만으로 처리하면 운영에서 예외가 나거나, 악의적 입력에 취약해질 수 있습니다.		O	FALSE	X	TRUE					frontend	typescript	pitfalls	advanced
Q597	as const + satisfies 조합		언어 중심 - TypeScript	97	OX	HARD	as const로 리터럴을 보존하고 satisfies로 계약을 검사하면, 추론을 유지하면서도 오타/누락을 잡는 패턴을 만들 수 있다.	as const는 리터럴/readonly 보존, satisfies는 “검사” 역할이라 조합이 매우 강력합니다. 면접에서는 as 단언 대신 satisfies를 쓰는 이유를 묻는 흐름에서 좋은 답이 됩니다. 실무에서는 라우트 테이블, 이벤트 맵, 권한 정책 같은 곳에서 흔히 쓰며, 단일 소스 기반 타입 파생을 구현할 수 있습니다. 다만 너무 좁아진 타입이 불편하면 일부는 넓게 유지하도록 설계를 조정해야 합니다.		O	TRUE	X	FALSE					frontend	typescript	pattern	advanced
Q598	싱글턴패턴(Singleton Pattern)		언어 중심 - TypeScript	97	INITIALS	EASY	앱 전체에서 인스턴스를 하나만 두고 공유하도록 만드는 생성 패턴은 무엇이라고 하는가?	싱글턴 패턴은 전역에서 동일 인스턴스를 공유해야 할 때 쓰는 대표 패턴입니다. 설정 객체, 로거, 캐시 같은 공용 자원에 자주 적용됩니다. 면접에서는 싱글턴의 장점(공유/일관성)과 단점(전역 상태, 테스트 어려움)을 같이 묻곤 합니다. 실무에서는 DI 컨테이너가 사실상 싱글턴 스코프를 제공하기도 하니, 언제 직접 만들고 언제 프레임워크에 맡기는지 구분하는 게 좋습니다. 동시성 환경에서는 초기화 방식(지연 로딩, 락)도 주의 포인트입니다.	싱글턴패턴									frontend	typescript	pattern	creational
Q599	팩토리메서드패턴(Factory Method Pattern)		언어 중심 - TypeScript	97	INITIALS	EASY	객체 생성 로직을 팩토리 메서드나 서브클래스로 분리해, 생성 방법을 캡슐화하는 패턴은 무엇이라고 하는가?	팩토리 메서드 패턴은 어떤 구현체를 만들지 결정을 생성 지점으로 모아, 호출부가 구체 클래스에 덜 의존하도록 합니다. TypeScript에서는 클래스 기반 팩토리뿐 아니라 함수 팩토리로도 자주 표현됩니다. 면접에서는 추상화 계층을 왜 두는지, new를 직접 호출하는 방식과 비교해 장단점을 물을 수 있습니다. 실무에서는 환경별 구현체 교체(브라우저/서버), 테스트용 더블 주입, 플러그인 구조에서 유용합니다. 남발하면 구조가 복잡해질 수 있으니 적용 범위를 명확히 하는 게 좋습니다.	팩토리메서드패턴									frontend	typescript	pattern	creational
Q600	추상팩토리패턴(Abstract Factory Pattern)		언어 중심 - TypeScript	97	INITIALS	EASY	서로 관련된 객체들을 “제품군” 단위로 생성하도록, 팩토리 자체를 추상화하는 패턴은 무엇이라고 하는가?	추상 팩토리 패턴은 버튼/인풋/모달처럼 함께 움직이는 UI 컴포넌트 제품군이나, DB/캐시 같은 인프라 구성요소를 세트로 교체할 때 유용합니다. TypeScript에서는 인터페이스로 팩토리 계약을 만들고 구현체를 바꿔 끼우는 방식이 흔합니다. 면접에서는 “제품군 일관성”을 어떻게 보장하는지와 팩토리 메서드와의 차이를 물을 수 있습니다. 실무에서는 테마/플랫폼별 구현, 멀티 테넌트 설정에서 응용됩니다. 단점은 계층이 늘어나 초기 설계가 과해질 수 있다는 점입니다.	추상팩토리패턴									frontend	typescript	pattern	creational
Q601	빌더패턴(Builder Pattern)		언어 중심 - TypeScript	97	INITIALS	EASY	생성자 파라미터가 많거나 선택 옵션이 많은 객체를 단계적으로 조립하듯 만드는 패턴은 무엇이라고 하는가?	빌더 패턴은 옵션이 많은 설정 객체를 만들 때 가독성과 안전성을 높입니다. TypeScript에서는 체이닝 메서드로 빌더를 만들거나, 객체 리터럴 + 기본값 병합으로 유사 패턴을 구현하기도 합니다. 면접에서는 텔레스코핑 생성자 문제를 어떻게 해결하는지 질문이 나옵니다. 실무에서는 API 요청 파라미터, 복잡한 검색 조건, UI 구성 옵션 생성에 자주 씁니다. 다만 과한 빌더는 코드량이 늘어나니, 단순한 경우에는 plain object가 더 나을 수 있습니다.	빌더패턴									frontend	typescript	pattern	creational
Q602	프로토타입패턴(Prototype Pattern)		언어 중심 - TypeScript	97	INITIALS	EASY	기존 객체를 복제(clone)해서 새 객체를 만드는 방식의 생성 패턴은 무엇이라고 하는가?	프로토타입 패턴은 이미 구성된 객체를 복제해 빠르게 생성할 때 유용합니다. JS/TS에서는 스프레드, Object.assign, structuredClone 같은 방식으로 구현을 떠올리면 이해가 쉽습니다. 면접에서는 얕은 복사와 깊은 복사의 차이, 참조 공유로 인한 버그를 자주 물어봅니다. 실무에서는 기본 템플릿 객체에서 일부 필드만 바꿔 생성하는 형태로 많이 쓰입니다. 복제 방식에 따라 성능과 무결성이 달라지므로, 어떤 깊이로 복제할지 정책이 필요합니다.	프로토타입패턴									frontend	typescript	pattern	creational
Q603	어댑터패턴(Adapter Pattern)		언어 중심 - TypeScript	97	INITIALS	EASY	기존 인터페이스를 바꾸지 않고, 다른 인터페이스로 감싸서 호환되게 만드는 구조 패턴은 무엇이라고 하는가?	어댑터 패턴은 레거시 API나 외부 라이브러리를 우리 코드 규격에 맞추는 데 자주 쓰입니다. TypeScript에서는 인터페이스를 기준으로 어댑터 클래스를 만들거나, 단순 래퍼 함수로 구현합니다. 면접에서는 “호환성”과 “의존성 격리” 관점에서 왜 필요한지 물을 수 있습니다. 실무에서는 HTTP 클라이언트(axios/fetch) 교체, 로깅 라이브러리 교체, 결제 SDK 교체 같은 상황에서 어댑터가 유용합니다. 어댑터가 두꺼워지면 유지보수 비용이 늘 수 있어 책임 범위를 좁게 잡는 게 좋습니다.	어댑터패턴									frontend	typescript	pattern	structural
Q604	데코레이터패턴(Decorator Pattern)		언어 중심 - TypeScript	97	INITIALS	EASY	기존 객체를 수정하지 않고, 감싸서 기능을 동적으로 추가하는 패턴은 무엇이라고 하는가?	데코레이터 패턴은 기능을 조합해 확장할 때 유리합니다. TypeScript에서는 함수 래핑(고차 함수)으로 가장 흔하게 나타나고, 클래스 데코레이터 문법(지원 환경/설정 필요)으로도 표현할 수 있습니다. 면접에서는 상속 대신 조합을 쓰는 이유와, 런타임에 기능을 덧붙이는 장점을 물어봅니다. 실무에서는 로깅, 캐싱, 권한 체크, 리트라이 같은 횡단 관심사를 감싸는 형태로 자주 쓰입니다. 중첩이 깊어지면 디버깅이 어려워질 수 있어 순서와 책임을 문서화하는 게 좋습니다.	데코레이터패턴									frontend	typescript	pattern	structural
Q605	프록시패턴(Proxy Pattern)		언어 중심 - TypeScript	97	INITIALS	EASY	실제 객체에 직접 접근하지 않고, 대리 객체를 통해 접근을 제어하거나 부가기능을 넣는 패턴은 무엇이라고 하는가?	프록시 패턴은 접근 제어, 지연 로딩, 로깅, 캐싱 같은 기능을 넣을 때 유용합니다. JS에는 Proxy 객체도 있어 런타임 수준에서 트랩을 걸 수 있지만, 디자인 패턴으로서의 프록시는 더 넓은 의미입니다. 면접에서는 프록시와 데코레이터 차이를 묻거나, 왜 간접 계층이 필요한지 질문이 나올 수 있습니다. 실무에서는 API 호출을 감싸 리트라이/토큰 갱신을 넣거나, 이미지/데이터를 필요할 때만 로드하는 Lazy Loading에 씁니다. 과도한 프록시는 흐름을 숨겨 디버깅을 어렵게 만들 수 있습니다.	프록시패턴									frontend	typescript	pattern	structural
Q606	퍼사드패턴(Facade Pattern)		언어 중심 - TypeScript	97	INITIALS	EASY	복잡한 하위 시스템을 단순한 인터페이스 하나로 감싸 사용성을 높이는 패턴은 무엇이라고 하는가?	퍼사드 패턴은 여러 모듈/서브시스템의 복잡도를 숨기고, 호출부를 단순하게 만들어 줍니다. TypeScript에서는 service layer나 api client가 퍼사드 역할을 하는 경우가 많습니다. 면접에서는 “추상화 레이어”를 왜 두는지, 결합도를 어떻게 낮추는지 질문이 나올 수 있습니다. 실무에서는 결제/인증/파일 업로드 같은 기능을 하나의 서비스로 묶어 제공할 때 효과적입니다. 다만 퍼사드가 너무 비대해지면 또 다른 ‘갓 오브젝트’가 되므로 책임 분리가 필요합니다.	퍼사드패턴									frontend	typescript	pattern	structural
Q607	전략패턴(Strategy Pattern)		언어 중심 - TypeScript	97	INITIALS	EASY	알고리즘이나 정책을 인터페이스로 분리해, 런타임에 교체 가능하게 만드는 패턴은 무엇이라고 하는가?	전략 패턴은 정렬 방식, 할인 정책, 인증 방식처럼 “바뀔 수 있는 규칙”을 분리할 때 유용합니다. TypeScript에서는 인터페이스 + 구현 클래스, 또는 함수 타입을 전략으로 전달하는 방식이 흔합니다. 면접에서는 if/else 덩어리를 전략으로 바꾸면 어떤 장점이 있는지(확장성, 테스트 용이성)를 묻습니다. 실무에서는 결제 수단별 처리, 추천 알고리즘 교체, 환경별 설정 분기에서 자주 등장합니다. 전략이 너무 많아지면 등록/선택 로직이 복잡해지니, 팩토리나 DI로 관리하는 것이 좋습니다.	전략패턴									frontend	typescript	pattern	behavioral
Q608	옵저버패턴(Observer Pattern)		언어 중심 - TypeScript	97	INITIALS	EASY	어떤 대상의 상태 변화가 발생하면, 구독자들에게 자동으로 알림을 보내는 패턴은 무엇이라고 하는가?	옵저버 패턴은 이벤트 기반 아키텍처의 기본입니다. 구독-발행 모델로, 상태 변화가 여러 컴포넌트에 전파될 때 유용합니다. 면접에서는 이벤트 리스너 등록/해제, 메모리 누수, 중복 구독 같은 실무 이슈를 물을 수 있습니다. 실무에서는 DOM 이벤트, RxJS, 상태 관리(store subscribe) 등에서 동일한 아이디어를 봅니다. 구독 해제를 누락하면 누수와 중복 실행이 생기니 라이프사이클 관리가 중요합니다.	옵저버패턴									frontend	typescript	pattern	behavioral
Q609	커맨드패턴(Command Pattern)		언어 중심 - TypeScript	97	INITIALS	EASY	요청(행위)을 객체로 캡슐화해, 실행/취소(undo)/재실행 같은 기능을 구현하기 쉽게 만드는 패턴은 무엇이라고 하는가?	커맨드 패턴은 행동을 데이터처럼 다룰 수 있게 만드는 패턴입니다. 실행 로직과 호출부를 분리해, 큐잉, 로깅, 재시도, undo 같은 기능을 얹기 쉬워집니다. 면접에서는 undo/redo 구현에서 커맨드 패턴을 떠올릴 수 있는지 확인하기도 합니다. 실무에서는 에디터, 작업 큐, 트랜잭션성 작업(이메일 발송 작업 큐) 등에서 유용합니다. 다만 간단한 기능에 과하게 적용하면 객체가 너무 많아질 수 있어 균형이 필요합니다.	커맨드패턴									frontend	typescript	pattern	behavioral
Q610	상태패턴(State Pattern)		언어 중심 - TypeScript	97	INITIALS	EASY	상태에 따라 행동이 바뀌는 객체를, 상태 객체로 분리해 관리하는 패턴은 무엇이라고 하는가?	상태 패턴은 상태 전이를 명확히 모델링할 때 좋습니다. TypeScript에서는 union 타입으로 상태를 표현하고 switch로 처리할 수도 있지만, 상태 객체로 분리하면 책임이 더 명확해질 수 있습니다. 면접에서는 상태 머신 개념과 함께 언제 상태 패턴을 선택하는지 질문이 나옵니다. 실무에서는 결제/주문 흐름, 업로드 진행 상태, UI 단계(스텝) 관리에서 자주 씁니다. 상태 전이 규칙을 한곳에 모아두면 버그를 줄일 수 있습니다.	상태패턴									frontend	typescript	pattern	behavioral
Q611	템플릿메서드패턴(Template Method Pattern)		언어 중심 - TypeScript	97	INITIALS	EASY	전체 처리 흐름은 상위에서 정의하고, 일부 단계만 하위에서 구현하도록 만드는 패턴은 무엇이라고 하는가?	템플릿 메서드 패턴은 공통 흐름을 재사용하면서 변하는 부분만 교체할 수 있게 해줍니다. TypeScript에서는 상속 기반으로 구현되기도 하고, 훅 함수(콜백)를 받아 단계별로 확장하는 형태로도 나타납니다. 면접에서는 상속 기반 설계의 장단점과, 전략 패턴과의 차이를 물을 수 있습니다. 실무에서는 데이터 파이프라인, ETL, 공통 API 처리(인증/에러처리/로깅)에서 응용됩니다. 상속 구조가 깊어지면 유지보수가 어려워질 수 있어 조합으로 대체할지 판단이 필요합니다.	템플릿메서드패턴									frontend	typescript	pattern	behavioral
Q612	책임연쇄패턴(Chain of Responsibility)		언어 중심 - TypeScript	97	INITIALS	EASY	요청을 처리할 여러 핸들러를 연결해, 순서대로 넘기며 처리하는 패턴은 무엇이라고 하는가?	책임 연쇄 패턴은 미들웨어 체인처럼 동작합니다. 요청이 체인을 따라가며 처리되고, 중간에 멈추거나 다음으로 넘길 수 있습니다. 면접에서는 Express/Koa 미들웨어가 왜 책임 연쇄로 볼 수 있는지 설명하면 좋습니다. 실무에서는 인증/인가, 로깅, 유효성 검사, 에러 처리 파이프라인에서 자주 사용됩니다. 체인 순서가 결과를 바꾸므로, 순서 규칙과 종료 조건을 명확히 해야 합니다.	책임연쇄패턴									frontend	typescript	pattern	behavioral
Q613	미디에이터패턴(Mediator Pattern)		언어 중심 - TypeScript	97	INITIALS	EASY	여러 객체가 서로 직접 통신하지 않고, 중재자 객체를 통해 상호작용하게 만드는 패턴은 무엇이라고 하는가?	미디에이터 패턴은 객체 간 결합도를 낮추는 데 목적이 있습니다. 직접 참조가 많아질수록 변경이 어려워지는데, 중재자를 두면 상호작용 규칙을 한 곳에 모을 수 있습니다. 면접에서는 MVC/MVVM에서 컨트롤러나 뷰모델이 중재자 역할을 한다는 관점으로 이야기하기도 합니다. 실무에서는 복잡한 UI 컴포넌트 간 이벤트 조율, 폼 위젯 상호작용에서 유용합니다. 다만 중재자가 비대해지면 또 다른 복잡도 중심이 되므로 책임을 쪼개는 설계가 필요합니다.	미디에이터패턴									frontend	typescript	pattern	behavioral
Q614	플라이웨이트패턴(Flyweight Pattern)		언어 중심 - TypeScript	97	INITIALS	EASY	공통 상태를 공유해 메모리 사용량을 줄이고, 많은 객체를 효율적으로 다루는 패턴은 무엇이라고 하는가?	플라이웨이트 패턴은 동일/유사 데이터가 반복될 때 공유를 통해 메모리를 절약합니다. 면접에서는 “내부 상태/외부 상태”를 어떻게 나누는지(공유 가능/불가) 질문이 나올 수 있습니다. 실무에서는 아이콘 캐시, 폰트/스타일 객체 공유, 대량 렌더링(가상화) 같은 최적화와 연결해서 생각할 수 있습니다. 다만 공유로 인해 불변성 유지가 중요해지고, 외부 상태를 잘못 섞으면 버그가 생길 수 있습니다. 성능 최적화는 측정 기반으로 적용하는 것이 좋습니다.	플라이웨이트패턴									frontend	typescript	pattern	structural
Q615	컴포지트패턴(Composite Pattern)		언어 중심 - TypeScript	97	INITIALS	EASY	트리 구조에서 개별 객체와 객체의 집합을 동일한 인터페이스로 다루게 만드는 패턴은 무엇이라고 하는가?	컴포지트 패턴은 폴더/파일, 메뉴/메뉴아이템처럼 트리 구조를 다룰 때 유용합니다. 면접에서는 재귀 구조를 어떻게 순회하고, 공통 인터페이스로 무엇을 얻는지(일관된 처리)를 묻습니다. 실무에서는 UI 컴포넌트 트리, 권한 트리, 카테고리 트리 처리에서 자주 보입니다. 구현 시 순환 참조 방지, 깊이 제한, 성능(재귀 호출) 등을 고려해야 합니다. 트리 조작이 많다면 불변 업데이트 전략도 중요합니다.	컴포지트패턴									frontend	typescript	pattern	structural
Q616	이터레이터패턴(Iterator Pattern)		언어 중심 - TypeScript	97	INITIALS	EASY	컬렉션의 내부 구조를 노출하지 않고, 순차 접근 방법을 제공하는 패턴은 무엇이라고 하는가?	이터레이터 패턴은 순회 로직을 표준화해 호출부가 내부 자료구조에 덜 의존하도록 합니다. JS/TS에서는 for..of, Symbol.iterator, generator가 이 개념을 언어 차원에서 제공합니다. 면접에서는 이터러블과 이터레이터 차이를 물을 수 있고, 커스텀 이터러블 구현을 설명하면 좋습니다. 실무에서는 스트림 처리, 지연 계산, 대용량 데이터 순회에서 장점이 큽니다. 순회 중 컬렉션 변경 시 동작 규칙을 명확히 해야 예측 가능한 코드를 만들 수 있습니다.	이터레이터패턴									frontend	typescript	pattern	behavioral
Q617	비지터패턴(Visitor Pattern)		언어 중심 - TypeScript	97	INITIALS	EASY	데이터 구조(노드)는 그대로 두고, 새로운 연산(기능)을 방문자로 추가하는 패턴은 무엇이라고 하는가?	비지터 패턴은 데이터 구조와 연산을 분리해, 연산을 추가하기 쉽게 만듭니다. 면접에서는 AST(추상 구문 트리) 처리, 컴파일러/인터프리터 예시로 자주 연결됩니다. 실무에서는 복잡한 트리 구조에서 여러 종류의 처리(렌더링, 검증, 변환)를 추가할 때 유용합니다. 다만 노드 타입이 자주 바뀌는 구조에는 비지터가 오히려 부담이 될 수 있습니다(방문자 구현도 모두 수정 필요). TypeScript에서는 디스크리미네이티드 유니온 + switch로 대체하는 설계도 흔하니, 상황에 맞게 선택하는 게 중요합니다.	비지터패턴									frontend	typescript	pattern	behavioral
Q618	의존성주입(Dependency Injection)		언어 중심 - TypeScript	97	INITIALS	EASY	객체가 필요한 의존 객체를 내부에서 직접 생성하지 않고, 외부에서 주입받아 사용하는 설계 방식은 무엇인가?	의존성 주입은 결합도를 낮추고 테스트를 쉽게 만드는 대표적인 설계 기법입니다. TypeScript에서는 생성자 주입, 함수 인자 주입, 컨테이너(예: IoC) 기반 주입으로 구현합니다. 면접에서는 “왜 new를 내부에서 하지 않나”를 묻고, mocking/대체 가능성을 설명하면 좋습니다. 실무에서는 API 클라이언트, 로거, 저장소(Repository) 같은 인프라 의존을 주입해 환경별로 교체합니다. 다만 지나치게 DI 컨테이너에 의존하면 흐름이 숨겨질 수 있어, 작은 규모에서는 명시적 주입이 더 낫기도 합니다.	의존성주입									frontend	typescript	pattern	architecture
Q619	제어의역전(Inversion of Control)		언어 중심 - TypeScript	97	INITIALS	EASY	객체 생성/실행 흐름의 제어권을 코드 내부가 아닌 프레임워크나 외부 조립 로직이 갖도록 만드는 원칙은 무엇인가?	제어의 역전은 DI와 함께 자주 언급되는 더 큰 개념입니다. 애플리케이션이 “언제 무엇을 호출할지”를 직접 결정하는 대신, 프레임워크가 훅/콜백 형태로 호출해주는 구조를 말합니다. 면접에서는 IoC와 DI의 관계( IoC를 구현하는 방식 중 하나가 DI )를 구분해 설명할 수 있어야 합니다. 실무에서는 React의 라이프사이클/렌더링 흐름, 서버 프레임워크의 라우팅 호출 등이 모두 IoC 관점에서 이해됩니다. 이를 이해하면 확장 포인트(미들웨어, 훅)를 더 자연스럽게 설계할 수 있습니다.	제어의역전									frontend	typescript	pattern	architecture
Q620	모듈패턴(Module Pattern)		언어 중심 - TypeScript	97	INITIALS	EASY	내부 상태를 캡슐화하고, 외부로는 필요한 API만 공개하도록 모듈 스코프를 활용하는 패턴은 무엇인가?	모듈 패턴은 JS의 스코프(클로저)를 이용해 private 상태를 숨기고 공개 API만 노출하는 방식입니다. TypeScript에서는 ES Module(export/import)과 함께 더 자연스럽게 사용됩니다. 면접에서는 “전역 오염을 어떻게 막나” 같은 질문에서 모듈화를 설명할 수 있습니다. 실무에서는 설정/유틸/상수 정의를 모듈로 분리해 응집도를 높이고 의존성을 명확히 합니다. 다만 모듈이 너무 비대해지면 결합도가 다시 올라가므로, 책임을 작게 나누는 것이 좋습니다.	모듈패턴									frontend	typescript	pattern	modules
Q621	리빌링모듈패턴(Revealing Module Pattern)		언어 중심 - TypeScript	97	INITIALS	EASY	내부 함수/변수는 숨기되, 마지막에 공개할 멤버만 객체로 “노출”하는 방식의 모듈 패턴 변형은 무엇인가?	리빌링 모듈 패턴은 모듈 내부에서 구현을 정의해두고, 반환(또는 export) 시점에 공개할 것만 모아서 노출합니다. 면접에서는 캡슐화와 API 설계 관점에서 장점을 설명하면 좋습니다. 실무에서는 레거시 코드(IIFE 기반)에서 자주 보이지만, 현대 TS에서는 export 구조로 동일 목적을 달성합니다. 핵심은 “공개 API를 한눈에 보이게 만들고, 내부 구현을 숨긴다”는 점입니다. 테스트 대상과 외부 계약이 분리되어 유지보수성이 좋아집니다.	리빌링모듈패턴									frontend	typescript	pattern	modules
Q622	믹스인패턴(Mixin Pattern)		언어 중심 - TypeScript	97	INITIALS	EASY	상속 대신, 여러 기능(동작)을 조합해 클래스/객체에 섞어 넣는 재사용 방식은 무엇인가?	믹스인은 여러 클래스에 공통 기능을 재사용하려 할 때 유용합니다. TypeScript에서는 클래스 믹스인(제네릭 + extends)이나 객체 합성(Object.assign)으로 구현합니다. 면접에서는 다중 상속이 없는 JS에서 기능을 어떻게 조합하는지 질문이 나올 수 있습니다. 실무에서는 로깅, 이벤트 발행, 캐싱 같은 기능을 여러 서비스에 공통으로 넣을 때 쓰기도 합니다. 다만 충돌(동일 메서드명)이나 this 타입 추론이 어려워질 수 있어, 명확한 규칙과 테스트가 필요합니다.	믹스인패턴									frontend	typescript	pattern	reuse
Q623	플러그인패턴(Plugin Pattern)		언어 중심 - TypeScript	97	INITIALS	EASY	핵심 기능은 유지하면서, 외부 확장 모듈을 등록해 기능을 추가할 수 있게 만드는 설계 방식은 무엇인가?	플러그인 패턴은 확장성을 최우선으로 할 때 많이 씁니다. TypeScript에서는 플러그인 인터페이스(계약)를 정의하고, 등록/실행 파이프라인을 제공합니다. 면접에서는 “확장에는 열려 있고 수정에는 닫혀있다”라는 OCP와 연결해 설명할 수 있습니다. 실무에서는 ESLint/Vite/webpack 같은 도구들이 플러그인 구조를 갖고 있고, 서비스에서도 미들웨어나 훅 시스템으로 응용합니다. 플러그인 간 순서/충돌 규칙이 중요하므로 등록 정책을 명확히 해야 합니다.	플러그인패턴									frontend	typescript	pattern	extensibility
Q624	미들웨어패턴(Middleware Pattern)		언어 중심 - TypeScript	97	INITIALS	EASY	요청/응답 또는 처리 흐름 사이에 단계별 함수를 끼워 넣어 파이프라인을 구성하는 패턴은 무엇인가?	미들웨어 패턴은 책임 연쇄와 매우 유사하게 동작합니다. 각 단계가 공통 작업(로깅, 인증, 검증)을 수행한 뒤 다음으로 넘기는 구조입니다. 면접에서는 Express/Koa/Next 같은 프레임워크의 미들웨어 동작을 설명해보라는 질문이 나올 수 있습니다. 실무에서는 에러 핸들링, 성능 측정, 트레이싱 같은 횡단 관심사를 깔끔히 분리할 수 있습니다. 다만 순서에 따라 결과가 달라지므로, 순서 정책과 종료 조건을 확실히 문서화해야 합니다.	미들웨어패턴									frontend	typescript	pattern	pipeline
Q625	훅패턴(Hook Pattern)		언어 중심 - TypeScript	97	INITIALS	EASY	프레임워크가 정해진 시점에 호출할 수 있도록, 사용자가 콜백(확장 포인트)을 등록하는 방식은 무엇인가?	훅 패턴은 제어의 역전 구조에서 확장 포인트를 제공하는 대표 방식입니다. TypeScript에서는 함수 타입을 계약으로 정의하고, 라이프사이클 단계마다 호출합니다. 면접에서는 “콜백 기반 확장”의 장단점과, 이벤트 기반과의 차이를 묻기도 합니다. 실무에서는 React Hook 자체도 확장 포인트라는 관점으로 이해할 수 있고, 빌드 도구의 before/after 훅에서도 자주 등장합니다. 훅은 편리하지만 남용하면 실행 순서가 복잡해지므로, 훅 이름/단계 정의가 중요합니다.	훅패턴									frontend	typescript	pattern	extensibility
Q626	폴리필패턴(Polyfill Pattern)		언어 중심 - TypeScript	97	INITIALS	EASY	구형 환경에서 없는 기능을 구현해 동일한 API처럼 제공하는 방식은 무엇인가?	폴리필은 런타임 호환성을 맞추는 방법입니다. TypeScript는 타입만 제공하므로, 실제 기능이 없으면 폴리필을 넣어야 합니다. 면접에서는 “타입이 있는데 왜 실행이 안 되지?” 같은 질문에서 폴리필 필요성을 설명할 수 있습니다. 실무에서는 core-js, regenerator runtime 등으로 최신 기능을 보완하고, 타겟 브라우저에 맞춰 번들 설정을 조정합니다. 다만 폴리필은 번들 크기에 영향이 크니, 필요한 것만 선택적으로 적용하는 것이 중요합니다.	폴리필패턴									frontend	typescript	pattern	compatibility
Q627	셈버전패턴(SemVer Pattern)		언어 중심 - TypeScript	97	INITIALS	EASY	라이브러리 버전을 메이저/마이너/패치로 나누어 변경 영향도를 표현하는 규칙은 무엇인가?	셈버(시맨틱 버저닝)는 의존성 관리의 기본입니다. TypeScript 프로젝트에서도 라이브러리 업데이트 시 타입이 깨질 수 있어 버전 규칙 이해가 중요합니다. 면접에서는 메이저가 올라가면 무엇이 달라질 수 있는지(호환성 깨짐)를 물을 수 있습니다. 실무에서는 lockfile과 함께 버전 범위를 어떻게 잡는지, 그리고 타입 정의가 포함된 패키지 업데이트 시 회귀 테스트를 어떻게 하는지가 포인트입니다. 버전 규칙을 이해하면 장애를 예방하고, 배포 전략도 더 안정적으로 세울 수 있습니다.	셈버전패턴									frontend	typescript	pattern	versioning
Q628	스트래티지함수패턴(Function Strategy)		언어 중심 - TypeScript	97	INITIALS	EASY	클래스를 만들지 않고, 함수 자체를 전략(정책)으로 전달해 교체 가능하게 만드는 설계 방식은 무엇인가?	TypeScript에서는 전략 패턴을 굳이 클래스로 만들지 않아도 함수로 간단히 구현할 수 있습니다. 호출부는 동일한 시그니처의 함수를 받아 실행하며, 전략만 바꿔끼우면 됩니다. 면접에서는 “함수형으로 전략 패턴을 표현해보라” 같은 질문에 좋은 답이 됩니다. 실무에서는 검증 규칙, 포맷터, 필터 함수, 비교 함수(sort comparator) 등에서 자주 등장합니다. 시그니처를 명확히 타입으로 고정하면, 호출부와 구현부의 계약이 단단해집니다.	스트래티지함수패턴									frontend	typescript	pattern	functional
Q629	가드클로즈패턴(Guard Clause Pattern)		언어 중심 - TypeScript	97	INITIALS	EASY	조건이 맞지 않으면 빠르게 return/throw로 종료해, 중첩 if를 줄이고 가독성을 높이는 코딩 패턴은 무엇인가?	가드 클로즈는 함수 초반에 예외 케이스를 걸러내는 습관입니다. TypeScript에서는 이런 패턴이 타입 내로잉에도 도움이 되어, 이후 코드가 더 안전해집니다. 면접에서는 “중첩이 깊은 코드를 어떻게 개선하나”에서 자주 언급됩니다. 실무에서는 입력 검증, 권한 체크, null 처리에서 특히 효과적입니다. 다만 너무 많은 가드가 흩어지면 흐름이 끊길 수 있으니, 공통 검증은 유틸/가드 함수로 묶는 것도 좋습니다.	가드클로즈패턴									frontend	typescript	pattern	coding
Q630	방어적프로그래밍(Defensive Programming)		언어 중심 - TypeScript	97	INITIALS	EASY	외부 입력/예외 상황을 가정하고, 유효성 검사와 실패 처리를 통해 안전성을 높이는 접근은 무엇인가?	방어적 프로그래밍은 “신뢰할 수 없는 입력”을 전제로 설계합니다. TypeScript 타입이 있어도 런타임에서는 깨질 수 있으므로, 검증과 에러 처리가 중요합니다. 면접에서는 타입 시스템만 믿으면 안 되는 이유를 이 개념으로 설명할 수 있습니다. 실무에서는 API 응답 스키마 검증, null 체크, try/catch 전략, fallback 값을 둬서 장애 전파를 막습니다. 과도하게 방어하면 코드가 장황해질 수 있어, 경계에서 강하게 검증하고 내부는 단순하게 유지하는 전략이 좋습니다.	방어적프로그래밍									frontend	typescript	pattern	reliability
Q631	에러바운더리패턴(Error Boundary Pattern)		언어 중심 - TypeScript	97	INITIALS	EASY	UI에서 일부 컴포넌트 오류가 전체 앱을 죽이지 않도록, 에러를 격리하고 대체 UI를 보여주는 패턴은 무엇인가?	에러 바운더리는 프론트엔드 안정성 패턴입니다. React에서 대표적이지만, 개념은 TS/프론트 전체에 적용됩니다. 면접에서는 “프론트에서 장애를 어떻게 격리하나” 같은 질문에서 나올 수 있습니다. 실무에서는 치명적 오류를 사용자에게 친절하게 안내하고, 로그/모니터링으로 빠르게 복구하는 흐름을 설계합니다. TypeScript는 오류를 줄이지만 런타임 오류를 0으로 만들 수는 없으니, 에러 격리 전략이 중요합니다.	에러바운더리패턴									frontend	typescript	pattern	frontend
Q632	리트라이나우패턴(Retry Now Pattern)		언어 중심 - TypeScript	97	INITIALS	EASY	네트워크 요청이 실패했을 때 일정 규칙으로 재시도하도록 감싸는 안정성 패턴은 무엇인가?	재시도 패턴은 일시적 장애(네트워크 흔들림)에서 성공률을 높입니다. 면접에서는 재시도를 무조건 하면 안 되는 이유(중복 요청, 부하 증가, 멱등성)까지 같이 묻습니다. 실무에서는 지수 백오프, 최대 재시도 횟수, 재시도 가능한 에러 구분을 설계합니다. TypeScript에서는 요청 함수 시그니처를 고정하고 래퍼로 감싸서 재사용성을 높입니다. 특히 결제/주문 같은 영역은 멱등 키(idempotency key)까지 같이 고려해야 안전합니다.	리트라이나우패턴									frontend	typescript	pattern	reliability
Q633	캐시어사이드패턴(Cache Aside Pattern)		언어 중심 - TypeScript	97	INITIALS	EASY	먼저 캐시를 조회하고, 없으면 원본에서 가져와 캐시에 저장하는 캐싱 전략은 무엇인가?	캐시 어사이드는 가장 널리 쓰는 캐싱 패턴입니다. 면접에서는 캐시 미스/히트와, 캐시 무효화 전략을 함께 물을 수 있습니다. 실무에서는 API 응답 캐싱, 브라우저 캐시, 서버 캐시(redis) 모두 같은 아이디어로 적용됩니다. TypeScript에서는 캐시 키 설계와 타입 안정성(캐시에 저장되는 값 타입)을 함께 관리하면 좋습니다. 캐시는 정합성 문제를 만들 수 있으니 TTL, invalidation, stale-while-revalidate 같은 정책을 명확히 해야 합니다.	캐시어사이드패턴									frontend	typescript	pattern	caching
Q634	스토어패턴(Store Pattern)		언어 중심 - TypeScript	97	INITIALS	EASY	앱 전역 상태를 한 곳(스토어)에 모아두고, 읽기/갱신 규칙을 통해 관리하는 패턴은 무엇인가?	스토어 패턴은 Redux 같은 상태 관리에서 대표적으로 나타납니다. 전역 상태를 한 군데에 두면 디버깅과 추적이 쉬워지고, 상태 변경 규칙을 통제할 수 있습니다. 면접에서는 전역 상태가 필요한 경우와 로컬 상태로 충분한 경우를 구분하는 질문이 나옵니다. 실무에서는 서버 상태와 UI 상태를 분리하고, 불필요한 전역화를 피하는 것이 중요합니다. TypeScript로 스토어의 state/action 타입을 정확히 모델링하면 런타임 오류를 크게 줄일 수 있습니다.	스토어패턴									frontend	typescript	pattern	state
Q635	리듀서패턴(Reducer Pattern)		언어 중심 - TypeScript	97	INITIALS	EASY	이전 상태와 액션을 받아 새로운 상태를 계산하는 순수 함수로 상태 변화를 관리하는 패턴은 무엇인가?	리듀서 패턴은 상태 변경을 예측 가능하게 만듭니다. 면접에서는 리듀서가 왜 순수 함수여야 하는지(테스트 용이성, 재현성)를 질문할 수 있습니다. 실무에서는 useReducer/Redux에서 널리 쓰이고, 복잡한 상태 전이를 명확하게 정리할 수 있습니다. TypeScript에서는 액션을 디스크리미네이티드 유니온으로 만들면 switch에서 누락을 잡는 장점이 있습니다. 다만 상태가 너무 커지면 리듀서를 분리하고, 도메인별로 나누는 설계가 필요합니다.	리듀서패턴									frontend	typescript	pattern	state
Q636	액션타입유니온(Action Union)		언어 중심 - TypeScript	97	INITIALS	EASY	액션을 문자열 상수와 페이로드로 정의하고, 유니온 타입으로 묶어 switch에서 안전하게 분기하는 설계 방식은 무엇인가?	액션 유니온은 TS에서 상태 관리 패턴을 타입 안전하게 만드는 핵심 기법입니다. 면접에서는 “액션을 enum으로 할지, 상수 + as const로 할지” 같은 구현 선택을 물을 수 있습니다. 실무에서는 액션 타입이 늘어나도 컴파일러가 누락을 잡아주도록 설계하는 것이 중요합니다. 디스크리미네이터 필드(type)를 기준으로 내로잉이 되기 때문에, 잘못된 액션 처리나 오타를 줄일 수 있습니다. 또한 액션 생성자 함수를 함께 두면 호출부 DX가 더 좋아집니다.	액션타입유니온									frontend	typescript	pattern	state
Q637	타입가드패턴(Type Guard Pattern)		언어 중심 - TypeScript	97	INITIALS	EASY	unknown/union 타입 값을 런타임 체크로 좁혀, 이후 로직을 타입 안전하게 만드는 패턴은 무엇인가?	타입 가드는 TypeScript 실무에서 매우 자주 쓰입니다. typeof, in, instanceof 같은 내장 가드뿐 아니라 사용자 정의 가드 함수로도 만들 수 있습니다. 면접에서는 unknown을 왜 쓰고, 어떻게 좁히는지 질문이 많이 나옵니다. 실무에서는 API 응답, JSON.parse 결과, catch 변수처럼 불확실한 값을 다룰 때 필수입니다. 타입 가드가 잘 설계되면 이후 코드가 깔끔해지고, 단언(as)을 남발하는 위험을 줄일 수 있습니다.	타입가드패턴									frontend	typescript	pattern	typesafety
Q638	브리지패턴(Bridge Pattern)		언어 중심 - TypeScript	97	INITIALS	EASY	추상화(인터페이스)와 구현(세부 동작)을 분리해, 두 축을 독립적으로 확장할 수 있게 만드는 구조 패턴은 무엇인가?	브리지 패턴은 “추상 계층”과 “구현 계층”을 분리해 조합을 유연하게 만드는 패턴입니다. 면접에서는 상속 폭발을 막는 방법으로 자주 언급됩니다. 실무에서는 렌더러(캔버스/DOM), 저장소(메모리/로컬스토리지/서버) 같은 구현을 바꿔 끼워야 할 때 브리지 형태가 유용합니다. TypeScript에서는 인터페이스로 계약을 만들고 구현체를 주입해 조합하는 식으로 표현하는 경우가 많습니다. 다만 설계가 과해지면 코드가 복잡해질 수 있으니, 확장 가능성이 실제로 필요한지 판단이 중요합니다.	브리지패턴									frontend	typescript	pattern	structural
Q639	커스텀훅패턴(Custom Hook Pattern)		언어 중심 - TypeScript	97	INITIALS	EASY	공통 로직을 훅 형태로 분리해 여러 컴포넌트에서 재사용하도록 만드는 설계 방식은 무엇인가?	커스텀 훅 패턴은 프론트엔드에서 공통 로직(데이터 로딩, 폼 처리, 토글 상태 등)을 재사용하는 대표 방식입니다. TypeScript에서는 훅의 반환 타입을 명확히 설계해 호출부 자동완성과 안정성을 얻을 수 있습니다. 면접에서는 “로직 재사용을 어떻게 하냐”에서 HOC/Render Props와 비교 질문이 나올 수 있습니다. 실무에서는 훅 내부에서 사이드 이펙트 정리(cleanup), 의존성 배열 관리 같은 함정이 있어 주의가 필요합니다. 훅을 잘 설계하면 컴포넌트가 더 얇아지고 테스트도 쉬워집니다.	커스텀훅패턴									frontend	typescript	pattern	frontend
Q640	합성우선패턴(Composition over Inheritance)		언어 중심 - TypeScript	97	INITIALS	EASY	상속보다 조합(합성)으로 기능을 재사용하고 확장하는 것을 우선하는 설계 원칙은 무엇인가?	합성 우선은 객체지향 설계에서 매우 중요한 원칙입니다. 상속은 결합도가 강해 변경에 취약해질 수 있어, 기능을 작은 단위로 나누고 조합하는 방식이 선호됩니다. 면접에서는 상속이 언제 위험해지는지와, 조합으로 바꿨을 때 어떤 장점(유연성, 테스트 용이성)이 있는지 질문이 나옵니다. 실무에서는 React 컴포넌트 조합, 함수 합성, 미들웨어 체인 등이 모두 이 원칙과 맞닿아 있습니다. 다만 공통 계약이 필요한 경우 상속/추상 클래스가 유리할 수 있으니 균형이 중요합니다.	합성우선패턴									frontend	typescript	pattern	design
Q641	불변데이터패턴(Immutable Data Pattern)		언어 중심 - TypeScript	97	INITIALS	EASY	상태를 직접 변경하지 않고, 변경된 복사본을 만들어 갱신하는 방식으로 예측 가능성을 높이는 패턴은 무엇인가?	불변 데이터 패턴은 상태 관리에서 버그를 줄이는 핵심입니다. TypeScript에서는 readonly, as const 같은 도구로 개발 단계 안전성을 높일 수 있습니다. 면접에서는 불변이 왜 디버깅을 쉽게 만드는지(참조 공유 문제 감소, 변경 추적 용이)를 묻습니다. 실무에서는 Redux/리듀서, React 상태 업데이트에서 매우 흔하고, Immer 같은 라이브러리로 편의성을 높이기도 합니다. 다만 무조건 불변이 항상 최선은 아니고, 대용량 데이터에서는 성능/메모리 비용을 고려해야 합니다.	불변데이터패턴									frontend	typescript	pattern	state
Q642	이벤트에미터패턴(Event Emitter Pattern)		언어 중심 - TypeScript	97	INITIALS	EASY	특정 이벤트 이름으로 리스너를 등록하고, 이벤트 발생 시 구독자에게 통지하는 구조는 무엇인가?	이벤트 에미터 패턴은 옵저버 패턴의 실무 구현 형태로 자주 등장합니다. Node.js의 EventEmitter나 프론트 이벤트 버스가 대표 예시입니다. 면접에서는 리스너 해제, once 처리, 이벤트 폭주(디바운스/스로틀) 같은 실무 포인트를 물을 수 있습니다. TypeScript에서는 이벤트 이름과 페이로드 타입을 맵으로 정의해 타입 안전한 emitter를 만들면 품질이 좋아집니다. 다만 전역 이벤트 버스는 흐름이 숨겨져 디버깅이 어려울 수 있어, 범위를 제한하는 게 좋습니다.	이벤트에미터패턴									frontend	typescript	pattern	events
Q643	데이터매퍼패턴(Data Mapper Pattern)		언어 중심 - TypeScript	97	INITIALS	EASY	외부 데이터 모델(API/DB)과 내부 도메인 모델을 분리하고, 변환 로직을 별도 계층으로 두는 패턴은 무엇인가?	데이터 매퍼 패턴은 도메인 모델을 외부 형식 변화로부터 보호합니다. 면접에서는 DTO와 도메인 모델을 왜 분리하는지, 어디서 변환하는지 질문이 나올 수 있습니다. 실무에서는 API 응답 필드명이 바뀌거나, 서버/클라이언트가 다른 스키마를 쓸 때 매퍼 계층이 큰 도움이 됩니다. TypeScript에서는 입력을 unknown으로 받고 검증한 뒤 도메인 타입으로 변환하는 흐름과 궁합이 좋습니다. 다만 매퍼가 너무 많아지면 코드량이 늘어나므로, 생성 규칙을 표준화하거나 자동화하는 전략도 고려합니다.	데이터매퍼패턴									frontend	typescript	pattern	architecture
Q644	레포지토리패턴(Repository Pattern)		언어 중심 - TypeScript	97	INITIALS	EASY	데이터 접근 로직을 캡슐화해, 도메인 로직이 저장소 구현(DB/HTTP 등)에 덜 의존하게 만드는 패턴은 무엇인가?	레포지토리 패턴은 데이터 접근을 추상화해 테스트/교체를 쉽게 합니다. 면접에서는 서비스/레포지토리 역할 분리, 레포지토리가 반환하는 타입(도메인 vs DTO)을 어떻게 할지 질문이 나올 수 있습니다. 실무에서는 브라우저 저장소(localStorage)와 서버 API를 같은 인터페이스로 다루거나, 캐시 계층을 끼우는 데도 유용합니다. TypeScript에서는 인터페이스로 계약을 만들고 구현체를 주입해 적용합니다. 다만 너무 추상화하면 오히려 복잡해질 수 있으니, 필요성에 맞게 적용 범위를 정해야 합니다.	레포지토리패턴									frontend	typescript	pattern	architecture
Q645	유닛오브워크패턴(Unit of Work)		언어 중심 - TypeScript	97	INITIALS	EASY	여러 변경 작업을 하나의 작업 단위로 묶어 커밋/롤백처럼 일괄 처리하려는 패턴은 무엇인가?	유닛 오브 워크는 트랜잭션처럼 변경을 모아 한 번에 반영하는 개념입니다. 면접에서는 트랜잭션과의 관계, 변경 추적을 어떻게 하는지 질문이 나올 수 있습니다. 실무에서는 프론트에서도 오프라인 편집(여러 변경을 모아 저장), 배치 업데이트에서 유사한 아이디어가 쓰입니다. TypeScript 코드에서는 커맨드 큐나 변경 리스트를 모아 한 번에 적용하는 식으로 표현할 수 있습니다. 동시성/충돌 해결 정책까지 고려하면 더 탄탄해집니다.	유닛오브워크패턴									frontend	typescript	pattern	architecture
Q646	이벤트소싱패턴(Event Sourcing)		언어 중심 - TypeScript	97	INITIALS	EASY	상태를 직접 저장하기보다, 발생한 이벤트 로그를 저장하고 재생해 상태를 복원하는 설계 방식은 무엇인가?	이벤트 소싱은 “상태의 변경 이력”을 핵심 데이터로 다룹니다. 면접에서는 이벤트 로그의 장점(감사/추적/리플레이)과 단점(복잡도, 스냅샷 필요)을 묻습니다. 실무에서는 금융/주문처럼 이력 추적이 중요한 도메인에서 가치가 크지만, 단순 서비스에는 과할 수 있습니다. TypeScript에서는 이벤트 타입을 디스크리미네이티드 유니온으로 정의해 안전하게 처리할 수 있습니다. 재생 성능을 위해 스냅샷 전략을 같이 설계하는 것이 중요합니다.	이벤트소싱패턴									frontend	typescript	pattern	architecture
Q647	사가패턴(Saga Pattern)		언어 중심 - TypeScript	97	INITIALS	EASY	여러 단계의 분산 작업을 순서대로 처리하고, 실패 시 보상 트랜잭션으로 되돌리는 접근은 무엇인가?	사가 패턴은 분산 환경에서 트랜잭션을 다루는 대표 패턴입니다. 면접에서는 2PC와 비교하거나, 보상 트랜잭션이 무엇인지 설명하라는 질문이 나올 수 있습니다. 실무에서는 마이크로서비스 결제/배송/재고 같은 흐름에서 자주 등장합니다. TypeScript에서도 워크플로 엔진, 작업 큐 오케스트레이션을 구현할 때 개념적으로 적용됩니다. 설계가 복잡해지므로 단계/상태/재시도 정책을 명확히 문서화해야 합니다.	사가패턴									frontend	typescript	pattern	architecture
Q648	아웃박스패턴(Outbox Pattern)		언어 중심 - TypeScript	97	INITIALS	EASY	DB 트랜잭션과 이벤트 발행의 정합성을 맞추기 위해, 발행할 메시지를 먼저 저장한 뒤 별도 프로세스가 발행하는 패턴은 무엇인가?	아웃박스 패턴은 이벤트 발행의 신뢰성을 높입니다. 면접에서는 “DB 저장은 성공했는데 이벤트 발행은 실패하면?” 같은 상황에서 해결책으로 자주 나옵니다. 실무에서는 분산 시스템에서 데이터 정합성과 메시지 전달을 함께 보장해야 할 때 효과적입니다. TypeScript 서비스에서도 큐/브로커 연동 시 같은 문제가 생기므로 개념을 이해해두면 좋습니다. 구현 시 중복 발행 방지와 소비자 멱등성이 함께 필요합니다.	아웃박스패턴									frontend	typescript	pattern	architecture
Q649	벌크헤드패턴(Bulkhead Pattern)		언어 중심 - TypeScript	97	INITIALS	EASY	장애가 한 부분에서 발생해도 전체로 확산되지 않도록 자원을 격리하는 안정성 패턴은 무엇인가?	벌크헤드는 선박 격벽에서 온 비유로, 장애 격리를 의미합니다. 면접에서는 장애 전파를 막는 전략(타임아웃, 격리, 서킷 브레이커)을 묻는 흐름에서 나올 수 있습니다. 실무에서는 요청 풀을 분리하거나, 기능별로 큐/스레드/리소스를 분리해 한쪽 장애가 전체를 죽이지 않게 합니다. TypeScript 서버에서도 워커 풀, 큐 분리, 외부 API별 동시성 제한으로 응용할 수 있습니다. 설계가 잘 되면 운영 안정성이 크게 올라갑니다.	벌크헤드패턴									frontend	typescript	pattern	reliability
Q650	서킷브레이커패턴(Circuit Breaker Pattern)		언어 중심 - TypeScript	97	INITIALS	EASY	외부 시스템이 지속 실패할 때 호출을 잠시 차단하고, 회복을 탐지한 후 다시 열어주는 안정성 패턴은 무엇인가?	서킷 브레이커는 연쇄 장애를 막는 대표 패턴입니다. 면접에서는 open/half-open/closed 상태를 설명하라고 자주 나옵니다. 실무에서는 외부 API 장애 시 무한 재시도로 부하를 키우지 않도록 차단하고, 빠른 실패로 사용자 경험을 개선합니다. TypeScript에서는 HTTP 클라이언트를 감싸 상태 머신과 실패율/타임아웃을 관리하는 형태로 구현합니다. 재시도(리트라이)와 함께 쓰되, 중복 적용으로 과도한 차단이 생기지 않게 튜닝이 필요합니다.	서킷브레이커패턴									frontend	typescript	pattern	reliability
Q651	타임아웃패턴(Timeout Pattern)		언어 중심 - TypeScript	97	INITIALS	EASY	외부 호출이 일정 시간 내 응답이 없으면 중단해, 자원 고갈과 대기 폭주를 막는 패턴은 무엇인가?	타임아웃은 가장 기본적인 안정성 장치입니다. 면접에서는 왜 타임아웃이 없으면 장애가 커지는지(스레드/커넥션 고갈)를 묻습니다. 실무에서는 HTTP 요청, DB 쿼리, 메시지 처리 등 모든 I/O에 타임아웃을 둡니다. TypeScript에서는 fetch/axios에 AbortController를 붙여 타임아웃을 구현하고, 에러 타입을 표준화해 처리합니다. 타임아웃 값은 환경/서비스 특성에 따라 튜닝해야 하며, 너무 짧으면 정상 트래픽도 실패로 만들 수 있습니다.	타임아웃패턴									frontend	typescript	pattern	reliability
Q652	폴백패턴(Fallback Pattern)		언어 중심 - TypeScript	97	INITIALS	EASY	기능 실패 시 대체 응답(기본값/캐시/대체 서비스)으로 사용자 경험을 유지하는 패턴은 무엇인가?	폴백은 장애 시 사용자 경험을 지키는 전략입니다. 면접에서는 폴백이 가능한 영역과 불가능한 영역(정합성 요구가 높은 결제 등)을 구분해 말하면 좋습니다. 실무에서는 캐시된 데이터 제공, 기능 제한 모드, 기본 이미지/텍스트 표시 같은 형태로 적용합니다. TypeScript에서는 실패 케이스를 Result/Either 형태로 모델링하거나, 에러 타입에 따라 폴백을 분기하는 로직을 둡니다. 폴백이 “조용히 실패를 숨기는” 결과가 되지 않도록 모니터링과 알림도 함께 설계해야 합니다.	폴백패턴									frontend	typescript	pattern	reliability
Q653	데브옵스피처플래그패턴(Feature Flag Pattern)		언어 중심 - TypeScript	97	INITIALS	EASY	기능을 배포와 분리해, 플래그로 켜고 끄며 점진 출시/롤백을 쉽게 만드는 패턴은 무엇인가?	피처 플래그는 점진적 릴리즈와 위험 완화에 효과적입니다. 면접에서는 카나리 배포/A-B 테스트와 연결해 질문이 나올 수 있습니다. 실무에서는 플래그가 늘어나면 관리가 어려워지므로, 만료 정책과 정리 프로세스가 중요합니다. TypeScript에서는 플래그 키를 as const로 관리하고, 설정 로딩을 안전하게 검증하면 실수를 줄일 수 있습니다. 또한 사용자 세그먼트별 노출, 원격 설정 서비스와 연동하는 경우도 많습니다.	피처플래그패턴									frontend	typescript	pattern	release
Q654	멱등성패턴(Idempotency Pattern)		언어 중심 - TypeScript	97	INITIALS	EASY	같은 요청을 여러 번 보내도 결과가 한 번 수행된 것처럼 되게 만들어 중복 처리를 막는 개념은 무엇인가?	멱등성은 네트워크/분산 환경에서 매우 중요합니다. 면접에서는 결제 요청을 재시도할 때 왜 멱등 키가 필요한지 자주 묻습니다. 실무에서는 요청 ID를 키로 저장해 중복 처리를 막거나, 서버에서 idempotency key를 받는 방식으로 구현합니다. TypeScript에서는 클라이언트 요청 래퍼에서 멱등 키를 자동 생성/전달하도록 패턴화할 수 있습니다. 멱등성이 없으면 재시도 로직이 오히려 사고를 키울 수 있어 꼭 함께 고려해야 합니다.	멱등성패턴									frontend	typescript	pattern	reliability
Q655	리절트타입패턴(Result Type Pattern)		언어 중심 - TypeScript	97	INITIALS	EASY	예외 대신 성공/실패를 명시적으로 반환하는 Result/Either 형태로 에러 흐름을 다루는 패턴은 무엇인가?	Result 타입 패턴은 에러를 값으로 다루어 흐름을 예측 가능하게 만듭니다. 면접에서는 try/catch 기반 예외 처리와 비교해 장단점을 설명할 수 있어야 합니다. 실무에서는 API 호출 결과, 폼 검증 결과처럼 실패가 정상 흐름의 일부인 경우에 특히 유용합니다. TypeScript에서는 디스크리미네이티드 유니온으로 Ok/Err를 만들면 내로잉이 잘 되어 안전합니다. 다만 모든 곳에 적용하면 코드가 장황해질 수 있어, 실패가 빈번하거나 중요한 경계에 우선 적용하는 전략이 좋습니다.	리절트타입패턴									frontend	typescript	pattern	errors
Q656	어서션함수패턴(Assertion Function Pattern)		언어 중심 - TypeScript	97	INITIALS	EASY	런타임 검증을 통과하면 이후 코드에서 타입이 좁혀지도록, asserts를 활용해 검증 함수를 만드는 패턴은 무엇인가?	어서션 함수는 실패 시 throw하고, 성공 시 타입이 좁혀지도록 만드는 검증 도구입니다. 면접에서는 타입 가드와의 차이(반환 boolean vs throw 기반)로 질문이 나올 수 있습니다. 실무에서는 API 응답, 환경 변수, 설정 로딩처럼 “틀리면 바로 중단해야 하는” 경계에서 특히 유용합니다. TypeScript의 asserts를 쓰면 호출부에서 불필요한 단언(as)을 줄일 수 있습니다. 다만 어서션 남발은 런타임 예외를 늘릴 수 있어, 에러 메시지/에러 타입을 표준화하는 게 좋습니다.	어서션함수패턴									frontend	typescript	pattern	validation
Q657	디스크리미네이티드유니온패턴(Discriminated Union)		언어 중심 - TypeScript	97	INITIALS	EASY	공통 구분자 필드(type, kind 등)로 유니온을 안전하게 분기해, switch에서 내로잉이 되도록 만드는 타입 설계는 무엇인가?	디스크리미네이티드 유니온은 TS 실무에서 가장 강력한 타입 설계 패턴 중 하나입니다. 면접에서는 “switch에서 케이스 누락을 어떻게 잡나” 같은 질문에서 자주 등장합니다. 실무에서는 액션 타입, API 응답 상태(ok/error), 폼 필드 타입, 결제 수단 타입 등에서 흔합니다. 구분자 필드가 명확하면 if/else가 깔끔해지고, 잘못된 속성 접근이 컴파일 단계에서 막힙니다. 케이스가 많아지면 파일 분리와 네이밍 규칙이 중요합니다.	디스크리미네이티드유니온패턴									frontend	typescript	pattern	typesafety
Q658	타입프레디케이트패턴(Type Predicate)		언어 중심 - TypeScript	97	INITIALS	EASY	함수 반환 타입을 value is T 형태로 선언해, 호출부에서 타입을 좁히도록 만드는 패턴은 무엇인가?	타입 프레디케이트는 사용자 정의 타입 가드를 만들 때 핵심 문법입니다. 면접에서는 typeof, instanceof, in과 비교해 “내가 만든 규칙으로 내로잉”하는 법을 아는지 봅니다. 실무에서는 필드 존재 여부, enum 값 검증, 특정 구조인지 검사하는 함수에 많이 쓰입니다. 내로잉이 되면 이후 코드에서 불필요한 단언을 줄여 안정성이 올라갑니다. 다만 검증 로직이 부정확하면 타입은 안전해 보이는데 런타임에서 깨질 수 있으니, 테스트가 중요합니다.	타입프레디케이트패턴									frontend	typescript	pattern	typesafety
Q659	엔진옵션객체패턴(Options Object Pattern)		언어 중심 - TypeScript	97	INITIALS	EASY	함수/생성자 인자가 많을 때, 옵션을 객체 하나로 묶어 호출부 가독성을 높이고 확장을 쉽게 하는 패턴은 무엇인가?	옵션 객체 패턴은 파라미터가 늘어날 때 깨지기 쉬운 위치 인자 문제를 줄여줍니다. TypeScript에서는 인터페이스로 옵션 타입을 정의하고 기본값을 병합해 사용합니다. 면접에서는 “파라미터가 많아지면 어떻게 리팩터링하나” 질문에서 자주 언급됩니다. 실무에서는 API 호출 옵션, UI 컴포넌트 props, 유틸 함수 설정에 흔합니다. 다만 옵션 객체가 너무 커지면 필수/선택 구분이 흐려지니, 필수 값은 별도 인자로 두는 설계도 고려합니다.	옵션객체패턴									frontend	typescript	pattern	api
Q660	부분적용패턴(Partial Application)		언어 중심 - TypeScript	97	INITIALS	EASY	함수의 일부 인자를 미리 고정해, 더 특화된 함수를 만들어 재사용하는 함수형 패턴은 무엇인가?	부분 적용은 함수 재사용성을 높이는 대표 기법입니다. TypeScript에서는 커링과 함께 자주 등장하며, 함수 타입을 잘 잡으면 안정적으로 사용할 수 있습니다. 면접에서는 커링과의 차이(부분 적용은 인자를 일부만 고정, 커링은 단항 함수 체인)로 이어질 수 있습니다. 실무에서는 로그 프리픽스 고정, API 엔드포인트 고정, 특정 필터 조건 고정 같은 곳에서 유용합니다. 남발하면 호출 흐름이 복잡해질 수 있어 네이밍과 문서화가 중요합니다.	부분적용패턴									frontend	typescript	pattern	functional
Q661	커링패턴(Currying)		언어 중심 - TypeScript	97	INITIALS	EASY	다인자 함수를 단항 함수들의 연쇄로 변환해, 인자를 단계적으로 받게 만드는 함수형 패턴은 무엇인가?	커링은 함수 조합과 재사용에 유리합니다. TypeScript에서는 커링된 함수의 타입 추론이 복잡해질 수 있어 제네릭 설계가 포인트가 됩니다. 면접에서는 “함수형 패러다임을 아는가”를 가볍게 확인하는 질문으로 나올 수 있습니다. 실무에서는 이벤트 핸들러 생성, 설정 주입, 검증 파이프라인 구성에서 종종 쓰입니다. 다만 지나친 커링은 가독성을 떨어뜨릴 수 있으니 팀 스타일에 맞게 선택해야 합니다.	커링패턴									frontend	typescript	pattern	functional
Q662	고차함수패턴(Higher-Order Function)		언어 중심 - TypeScript	97	INITIALS	EASY	함수를 인자로 받거나 함수를 반환해, 로직을 감싸 재사용하는 함수형 패턴은 무엇인가?	고차 함수는 데코레이터 패턴의 함수형 표현으로도 볼 수 있습니다. TypeScript에서는 함수 시그니처를 안정적으로 유지하는 타입 설계가 중요합니다. 면접에서는 debounce/throttle, logger wrapper 같은 예시로 설명하면 좋습니다. 실무에서는 로깅, 측정, 에러 핸들링, 권한 체크를 공통 래퍼로 만들 때 자주 씁니다. 다만 래핑이 많아지면 디버깅이 어려워질 수 있어, 함수 이름/스택 추적을 고려한 구현이 필요합니다.	고차함수패턴									frontend	typescript	pattern	functional
Q663	함수합성패턴(Function Composition)		언어 중심 - TypeScript	97	INITIALS	EASY	여러 함수를 작은 단위로 나누고, 파이프/컴포즈로 연결해 처리 흐름을 만드는 패턴은 무엇인가?	함수 합성은 작은 순수 함수를 연결해 복잡한 로직을 만드는 방식입니다. 면접에서는 pipeline/compose 개념과, 부작용을 어디에 두는지 질문이 나올 수 있습니다. 실무에서는 데이터 변환, 포맷팅, 검증, 라우팅 가공 등에서 유용합니다. TypeScript에서는 각 단계의 입출력 타입이 이어지도록 제네릭을 설계하면 자동완성이 좋아집니다. 다만 합성 단계가 많아지면 추적이 어려워질 수 있어 로그/디버그 포인트를 적절히 배치하는 것이 중요합니다.	함수합성패턴									frontend	typescript	pattern	functional
Q664	디바운스패턴(Debounce Pattern)		언어 중심 - TypeScript	97	INITIALS	EASY	이벤트가 연속 발생할 때, 마지막 호출만 일정 시간 뒤 실행하도록 묶어 과도한 실행을 줄이는 패턴은 무엇인가?	디바운스는 검색 자동완성, 입력 이벤트 처리에서 매우 흔합니다. 면접에서는 디바운스와 스로틀 차이를 자주 묻습니다. 실무에서는 서버 요청 폭주를 막고 UI 반응성을 개선하는 데 효과적입니다. TypeScript에서는 타이머 타입(Node vs 브라우저) 차이 때문에 ReturnType<typeof setTimeout> 같은 패턴을 쓰기도 합니다. 취소(cancel) 기능과 컴포넌트 언마운트 시 정리(cleanup)를 같이 설계해야 메모리 누수를 막습니다.	디바운스패턴									frontend	typescript	pattern	performance
Q665	스로틀패턴(Throttle Pattern)		언어 중심 - TypeScript	97	INITIALS	EASY	이벤트가 자주 발생해도 일정 시간 간격으로만 실행되도록 제한하는 패턴은 무엇인가?	스로틀은 스크롤/리사이즈 이벤트 처리에서 특히 자주 쓰입니다. 면접에서는 디바운스와의 차이와 어떤 상황에 어떤 걸 쓰는지 설명하면 좋습니다. 실무에서는 렌더링/레이아웃 계산 비용을 줄이는 데 도움 됩니다. TypeScript에서는 래퍼 함수의 this/인자 타입을 유지하도록 제네릭을 잘 설계하는 것이 포인트입니다. 스로틀은 너무 강하면 UX가 둔해질 수 있어 간격 튜닝이 중요합니다.	스로틀패턴									frontend	typescript	pattern	performance
Q666	메모이제이션패턴(Memoization)		언어 중심 - TypeScript	97	INITIALS	EASY	같은 입력에 대한 결과를 캐싱해, 반복 계산을 줄이는 최적화 패턴은 무엇인가?	메모이제이션은 함수 결과를 캐시해 성능을 올리는 기법입니다. 면접에서는 캐시 키 설계, 메모리 사용량, 참조 타입 인자 처리 같은 포인트를 물을 수 있습니다. 실무에서는 계산 비용이 큰 파서, 포맷터, 셀렉터(reselect)에서 흔합니다. TypeScript에서는 캐시 맵 타입과 반환 타입을 정확히 잡으면 안전하게 재사용할 수 있습니다. 캐시 무효화 전략이 없으면 메모리 누수나 오래된 결과 문제가 생길 수 있어 주의해야 합니다.	메모이제이션패턴									frontend	typescript	pattern	performance
Q667	지연로딩패턴(Lazy Loading)		언어 중심 - TypeScript	97	INITIALS	EASY	당장 필요하지 않은 모듈/데이터를 나중에 로드해 초기 로딩 비용을 줄이는 패턴은 무엇인가?	지연 로딩은 초기 번들 크기를 줄여 성능을 개선하는 대표 전략입니다. 면접에서는 코드 스플리팅과 함께 자주 나옵니다. 실무에서는 라우트 단위 로딩, 모달/에디터 같은 무거운 컴포넌트 지연 로딩에 사용됩니다. TypeScript에서는 동적 import의 타입, 로딩 상태 관리, 에러 처리까지 포함해 설계해야 합니다. 과도한 지연 로딩은 화면 전환 지연을 만들 수 있어, 사용자 흐름에 맞춰 적용하는 게 중요합니다.	지연로딩패턴									frontend	typescript	pattern	performance
Q668	코드스플리팅패턴(Code Splitting)		언어 중심 - TypeScript	97	INITIALS	EASY	번들을 여러 조각으로 나눠 필요한 시점에 로드하도록 하는 최적화 전략은 무엇인가?	코드 스플리팅은 초기 로딩을 줄이고, 사용자가 필요한 코드만 받게 만드는 방법입니다. 면접에서는 번들러가 어떻게 청크를 나누는지(라우트 기반, 동적 import 기반)를 물을 수 있습니다. 실무에서는 라우팅, 큰 라이브러리 분리, 관리자 페이지 분리 등에서 효과가 큽니다. TypeScript는 주로 타입 안전을 제공하고, 실제 분할은 번들러 설정이 좌우하므로 두 영역을 함께 이해해야 합니다. 청크 로딩 실패(네트워크/캐시) 대응도 운영에서 중요합니다.	코드스플리팅패턴									frontend	typescript	pattern	performance
Q669	배럴익스포트패턴(Barrel Export Pattern)		언어 중심 - TypeScript	97	INITIALS	EASY	여러 파일의 export를 index.ts 같은 한 파일로 모아 재노출해 import 경로를 단순화하는 패턴은 무엇인가?	배럴 export는 import 경로를 깔끔하게 정리해 DX를 개선합니다. 면접에서는 배럴이 트리셰이킹이나 순환 의존에 미치는 영향까지 묻는 경우가 있습니다. 실무에서는 모듈 경계를 명확히 하고, 공개 API를 한 곳에 모아 관리하기 좋습니다. TypeScript에서는 타입/값 export를 섞을 때 런타임 의존이 불필요하게 생길 수 있어 export type 활용이 중요합니다. 배럴이 많아지면 빌드/IDE 성능에 영향이 있을 수 있어 구조를 신중히 잡아야 합니다.	배럴익스포트패턴									frontend	typescript	pattern	modules
Q670	인덱스시그니처패턴(Index Signature)		언어 중심 - TypeScript	97	INITIALS	EASY	객체가 동적 키를 가질 수 있음을 표현하기 위해 [key: string]: T 형태로 타입을 정의하는 방식은 무엇인가?	인덱스 시그니처는 동적 키 기반 객체를 모델링할 때 쓰입니다. 면접에서는 Record와의 차이, 키 타입 제한(string/number/symbol)을 질문할 수 있습니다. 실무에서는 설정 맵, 라우트 맵, 에러 코드 맵 같은 곳에서 유용합니다. 다만 인덱스 시그니처를 쓰면 모든 프로퍼티가 해당 타입 제약을 받는 특성이 있어, 다른 필드와 섞일 때 불편할 수 있습니다. 필요하면 Record나 Map으로 대체하는 판단도 중요합니다.	인덱스시그니처패턴									frontend	typescript	pattern	types
Q671	룩업타입패턴(Lookup Type)		언어 중심 - TypeScript	97	INITIALS	EASY	T[K] 형태로 타입의 특정 프로퍼티 타입을 추출해 재사용하는 설계 방식은 무엇인가?	룩업 타입은 타입을 중복 선언하지 않고 재사용하기 위한 강력한 도구입니다. 면접에서는 keyof와 함께 “타입을 어떻게 DRY하게 유지하나”에서 자주 등장합니다. 실무에서는 DTO에서 특정 필드 타입을 그대로 참조하거나, 이벤트 맵에서 페이로드 타입을 꺼내오는 데 유용합니다. TypeScript의 타입 프로그래밍을 이해하면 규모가 커질수록 유지보수가 쉬워집니다. 다만 타입 표현이 과해지면 팀원이 이해하기 어려울 수 있어 문서화와 네이밍이 중요합니다.	룩업타입패턴									frontend	typescript	pattern	types
Q672	맵드타입패턴(Mapped Types)		언어 중심 - TypeScript	97	INITIALS	EASY	기존 타입의 키들을 순회해 새로운 타입을 만들어내는 Mapped Type 기반 설계는 무엇인가?	맵드 타입은 Partial, Required, Readonly 같은 유틸리티 타입의 기반입니다. 면접에서는 “Partial이 어떻게 동작하나”를 설명할 때 이 개념을 말하면 좋습니다. 실무에서는 API 요청/응답 변형 타입, 폼 에러 타입 생성, 설정 옵션 생성 같은 곳에서 유용합니다. TypeScript에서 타입 자동 생성은 중복을 줄이고 일관성을 높이지만, 너무 복잡하면 디버깅이 어려워질 수 있습니다. 따라서 핵심 타입만 맵드로 만들고, 나머지는 단순하게 유지하는 균형이 좋습니다.	맵드타입패턴									frontend	typescript	pattern	types
Q673	조건부타입패턴(Conditional Types)		언어 중심 - TypeScript	97	INITIALS	EASY	T extends U ? A : B 형태로 조건에 따라 타입을 분기해 표현하는 설계 방식은 무엇인가?	조건부 타입은 제네릭 타입을 더 정교하게 만들 때 쓰입니다. 면접에서는 infer와 결합해 “타입을 계산하는 방식”을 이해하는지 물을 수 있습니다. 실무에서는 반환 타입을 입력에 따라 다르게 만들거나, 유틸 타입을 만들 때 활용합니다. 다만 조건부 타입이 깊어지면 에러 메시지가 어려워지고 컴파일 시간이 늘 수 있습니다. 팀 코드에서는 단순하고 재사용 가능한 형태로 제한적으로 쓰는 것이 좋습니다.	조건부타입패턴									frontend	typescript	pattern	types
Q674	타입추론우선패턴(Infer First)		언어 중심 - TypeScript	97	INITIALS	EASY	불필요한 타입 주석을 줄이고, 타입 추론을 활용해 유지보수성을 높이되 필요한 곳만 명시하는 스타일은 무엇인가?	타입 추론을 잘 활용하면 코드가 덜 장황해지고 변경에 강해집니다. 면접에서는 “어디까지 추론에 맡기고 어디서 명시하나”를 묻기도 합니다. 실무에서는 공개 API 경계(함수 반환, 라이브러리 export)에는 타입을 명시하고, 내부 구현은 추론에 맡기는 전략이 흔합니다. TypeScript는 추론이 강하지만, any로 새는 구멍을 막기 위해 strict 옵션과 함께 운영하는 것이 좋습니다. 팀 컨벤션으로 “명시해야 하는 위치”를 정하면 품질이 안정됩니다.	타입추론우선패턴									frontend	typescript	pattern	style
Q675	엄격모드패턴(Strict Mode Setup)		언어 중심 - TypeScript	97	INITIALS	EASY	strict 관련 옵션을 켜서 타입 안전을 강화하고, 암묵적 any/널 문제를 줄이는 설정 중심 접근은 무엇인가?	엄격 모드는 TS 품질을 좌우하는 핵심 설정입니다. 면접에서는 strictNullChecks, noImplicitAny 같은 옵션이 실제 버그를 어떻게 줄이는지 물을 수 있습니다. 실무에서는 레거시 코드가 있으면 한 번에 켜기 어렵기 때문에, 점진적 도입 전략(폴더별 tsconfig, lint 강화)이 중요합니다. 엄격 모드를 켜면 초기에 수정량이 늘지만, 장기적으로 디버깅 비용이 크게 줄어듭니다. 또한 외부 입력은 여전히 런타임 검증이 필요하다는 점을 함께 기억해야 합니다.	엄격모드패턴									frontend	typescript	pattern	compiler
Q676	네임스페이스패턴(Namespace Pattern)		언어 중심 - TypeScript	97	INITIALS	EASY	관련 함수/상수/타입을 한 이름 아래로 묶어 충돌을 줄이고 구조를 정리하는 방식은 무엇인가?	네임스페이스 패턴은 관련된 기능을 하나의 이름 공간으로 묶어 전역 충돌을 줄이는 방식입니다. TypeScript의 namespace 문법은 레거시에서 보이기도 하지만, 현대 코드에서는 ES Module(export/import)로 동일 목적을 달성하는 경우가 더 많습니다. 면접에서는 “namespace와 module의 차이”나 “왜 namespace를 지양하는 추세인지” 같은 질문이 나올 수 있습니다. 실무에서는 파일 경계가 명확한 모듈 구조를 선호하고, namespace는 전역 보강/특수한 상황에 제한적으로 쓰는 편이 안전합니다. 핵심은 코드의 공개 범위를 통제하고 응집도를 높이는 데 있습니다.	네임스페이스패턴									frontend	typescript	pattern	modules
Q677	배리언트패턴(Variant Pattern)		언어 중심 - TypeScript	97	INITIALS	EASY	같은 개념을 여러 형태(variant)로 표현하고, 타입으로 구분해 처리하는 설계 방식은 무엇인가?	배리언트 패턴은 상태/결과/메시지처럼 “한 개념이 여러 형태로 나타나는” 상황에서 유용합니다. TypeScript에서는 디스크리미네이티드 유니온으로 구현하는 경우가 많고, UI 컴포넌트의 variant props에서도 자주 등장합니다. 면접에서는 “유니온을 안전하게 분기하는 방법”과 연결해 질문이 나올 수 있습니다. 실무에서는 버튼 variant(primary/secondary), API 결과(loading/success/error) 같은 모델링에 특히 강합니다. 배리언트가 많아지면 네이밍 규칙과 공통 필드 설계가 중요합니다.	배리언트패턴									frontend	typescript	pattern	modeling
Q678	브랜디드타입패턴(Branded Type)		언어 중심 - TypeScript	97	INITIALS	EASY	같은 string/number라도 의미가 다른 값(ID, Email 등)을 구분하기 위해 “브랜드”를 붙여 구분하는 타입 설계는 무엇인가?	브랜디드 타입은 구조적으로 같은 타입이 섞이는 버그를 줄입니다. 예를 들어 UserId와 ProductId가 둘 다 number일 때, 실수로 섞어도 컴파일 단계에서 잡고 싶을 때 유용합니다. 면접에서는 TS가 구조적 타이핑이라 생기는 문제를 어떻게 보완하는지 묻는 흐름에서 나올 수 있습니다. 실무에서는 ID, 토큰, 화폐 단위, URL 같은 값의 의미를 강하게 구분할 때 자주 씁니다. 다만 런타임에는 브랜드가 없으므로, 생성 함수(팩토리)와 검증을 함께 두는 것이 안전합니다.	브랜디드타입패턴									frontend	typescript	pattern	typesafety
Q679	파서컴비네이터패턴(Parser Combinator)		언어 중심 - TypeScript	97	INITIALS	EASY	작은 파서를 조합해 더 큰 파서를 만드는 방식의 설계 아이디어는 무엇인가?	파서 컴비네이터는 작은 규칙을 조합해 복잡한 문법을 처리하는 방법입니다. 면접에서는 “문자열 파싱을 어떻게 구조화할까” 같은 질문에서 가볍게 언급될 수 있습니다. 실무에서는 DSL 파싱, 템플릿 파싱, 설정 파일 처리 등에서 응용됩니다. TypeScript에서는 파서의 입력/출력 타입을 제네릭으로 잡아두면 조합할 때 안정성이 좋아집니다. 다만 간단한 파싱은 정규식이나 split이 더 실용적일 수 있어, 복잡도에 맞게 선택해야 합니다.	파서컴비네이터패턴									frontend	typescript	pattern	parsing
Q680	어댑터함수패턴(Functional Adapter)		언어 중심 - TypeScript	97	INITIALS	EASY	외부 함수/라이브러리의 인터페이스를 우리 코드 규격에 맞게 “함수로 감싸” 변환하는 방식은 무엇인가?	함수형 어댑터는 클래스를 만들지 않고도 인터페이스 차이를 흡수하는 간단한 방법입니다. 면접에서는 “외부 의존을 어떻게 격리하나” 질문에서 좋은 답이 됩니다. 실무에서는 fetch/axios 응답 포맷 통일, 에러 형태 정규화, 날짜/통화 포맷 통일 같은 곳에 자주 씁니다. TypeScript에서는 입력/출력 타입을 명확히 정의해, 래퍼를 거친 이후 코드가 단순해지도록 만드는 게 핵심입니다. 어댑터가 여기저기 흩어지면 관리가 어려우니, 한곳에 모아두는 구조가 좋습니다.	어댑터함수패턴									frontend	typescript	pattern	functional
Q681	래퍼패턴(Wrapper Pattern)		언어 중심 - TypeScript	97	INITIALS	EASY	기존 구현을 수정하지 않고, 감싸서 추가 기능이나 공통 규칙을 적용하는 구조를 무엇이라고 하는가?	래퍼 패턴은 실무에서 매우 자주 등장하는 “얇은 추상화”입니다. 면접에서는 래퍼가 왜 필요한지(호환성, 공통 정책, 테스트 대체)를 설명할 수 있어야 합니다. 실무에서는 HTTP 클라이언트 래퍼, localStorage 래퍼, logger 래퍼처럼 공통 규칙(헤더 주입, 에러 변환)을 적용하는 데 쓰입니다. TypeScript에서는 래퍼가 원본 API와 같은 시그니처를 유지하도록 타입을 잘 잡는 것이 중요합니다. 래퍼가 두꺼워지면 퍼사드/어댑터로 역할이 변할 수 있어 책임을 명확히 해야 합니다.	래퍼패턴									frontend	typescript	pattern	architecture
Q682	폴리모픽컴포넌트패턴(Polymorphic Component)		언어 중심 - TypeScript	97	INITIALS	EASY	as 같은 props로 렌더링 태그/컴포넌트를 바꾸면서도 타입 안전을 유지하려는 컴포넌트 설계는 무엇인가?	폴리모픽 컴포넌트는 UI 라이브러리에서 자주 쓰입니다. 하나의 Button 컴포넌트를 a, button, Link 등으로 바꾸어 렌더링할 수 있게 하되, props 타입을 안전하게 유지하는 것이 목표입니다. 면접에서는 제네릭과 props 타입 설계 경험을 확인하는 질문으로 나올 수 있습니다. 실무에서는 접근성(올바른 태그), 라우팅(Link) 통합, 스타일 재사용에 효과적입니다. 다만 타입 설계가 복잡해지기 쉬워, 팀 컨벤션과 공통 유틸 타입을 마련하는 게 좋습니다.	폴리모픽컴포넌트패턴									frontend	typescript	pattern	frontend
Q683	리액트컨테이너프리젠터패턴(Container Presenter)		언어 중심 - TypeScript	97	INITIALS	EASY	데이터 로딩/상태를 담당하는 컨테이너와, UI 렌더링만 담당하는 프리젠터를 분리하는 패턴은 무엇인가?	컨테이너-프리젠터 패턴은 관심사 분리를 위한 UI 설계입니다. 면접에서는 “UI 로직과 비즈니스 로직을 어떻게 분리하나” 질문에서 자주 언급됩니다. 실무에서는 테스트가 쉬워지고, UI 컴포넌트 재사용이 좋아지는 장점이 있습니다. TypeScript에서는 프리젠터 props 타입이 명확해져 컴포넌트 계약이 단단해집니다. 다만 훅 기반 설계가 보편화되면서 형태가 달라졌을 뿐, 핵심 아이디어(로직과 UI 분리)는 여전히 유효합니다.	컨테이너프리젠터패턴									frontend	typescript	pattern	frontend
Q684	프리젠테이션모델패턴(Presentation Model)		언어 중심 - TypeScript	97	INITIALS	EASY	화면에 필요한 상태와 동작을 “뷰모델”처럼 분리해, UI가 단순히 바인딩하도록 만드는 패턴은 무엇인가?	프리젠테이션 모델은 MVVM과 유사하게 UI 상태를 별도 모델로 관리합니다. 면접에서는 UI 상태와 도메인 상태를 분리하는 이유를 설명할 수 있어야 합니다. 실무에서는 폼 상태, 에러 메시지, 로딩 플래그, 버튼 활성화 조건 등을 한 곳에 모아 UI 복잡도를 낮춥니다. TypeScript로 모델의 상태/이벤트 타입을 정의해두면 컴포넌트가 더 예측 가능해집니다. 다만 모델이 너무 비대해지지 않도록 책임 범위를 정하는 것이 중요합니다.	프리젠테이션모델패턴									frontend	typescript	pattern	frontend
Q685	셀렉터패턴(Selector Pattern)		언어 중심 - TypeScript	97	INITIALS	EASY	상태에서 필요한 파생 데이터를 계산해 반환하는 함수를 분리하는 패턴은 무엇인가?	셀렉터 패턴은 상태 접근을 표준화하고, 파생 데이터 계산을 한곳에 모아 재사용하게 합니다. 면접에서는 “컴포넌트가 상태 구조를 너무 많이 알면 왜 문제인가”를 물을 수 있습니다. 실무에서는 Redux의 selector, reselect 메모이제이션, Zustand/Pinia의 getter와 비슷한 개념이 등장합니다. TypeScript에서는 selector의 입력(state)과 출력 타입이 명확해져 자동완성이 좋아집니다. 셀렉터가 많아지면 파일 구조와 네이밍 규칙이 유지보수의 핵심이 됩니다.	셀렉터패턴									frontend	typescript	pattern	state
Q686	서비스레이어패턴(Service Layer)		언어 중심 - TypeScript	97	INITIALS	EASY	API 호출/비즈니스 규칙을 UI나 컨트롤러에서 분리해 서비스 계층에 모으는 설계는 무엇인가?	서비스 레이어는 비즈니스 로직의 위치를 정리해 코드의 일관성을 높입니다. 면접에서는 “프론트에서 API 호출을 어디에 두나” 같은 질문에서 서비스 레이어를 말할 수 있습니다. 실무에서는 UI 컴포넌트가 네트워크 세부사항을 몰라도 되게 만들고, 공통 에러 처리/토큰 처리/리트라이를 한 곳에서 적용할 수 있습니다. TypeScript에서는 서비스 함수의 입력/출력 타입을 DTO로 명확히 정의하면 안정적입니다. 다만 서비스가 비대해지면 도메인별로 분리하고, 퍼사드/모듈 구조로 정리해야 합니다.	서비스레이어패턴									frontend	typescript	pattern	architecture
Q687	헥사고날아키텍처패턴(Hexagonal Architecture)		언어 중심 - TypeScript	97	INITIALS	EASY	핵심 도메인을 외부(웹, DB, 메시징)로부터 포트/어댑터로 분리해 결합도를 낮추는 아키텍처는 무엇인가?	헥사고날 아키텍처(포트와 어댑터)는 도메인을 중심에 두고 외부 의존을 바깥으로 밀어냅니다. 면접에서는 레이어드 아키텍처와의 차이, 테스트 용이성(인프라 없이 도메인 테스트)을 물을 수 있습니다. 실무에서는 Node/TS 백엔드에서도 의존성 역전을 명확히 하고, 어댑터를 교체 가능하게 만드는 데 유용합니다. 프론트에서도 데이터 소스(REST/GraphQL/Mock)를 어댑터로 분리하는 식으로 응용할 수 있습니다. 다만 작은 프로젝트엔 과설계가 될 수 있어 규모와 팀에 맞게 적용하는 게 좋습니다.	헥사고날아키텍처패턴									frontend	typescript	pattern	architecture
Q688	레이어드아키텍처패턴(Layered Architecture)		언어 중심 - TypeScript	97	INITIALS	EASY	UI/서비스/데이터 접근 등 계층을 나눠 책임을 분리하는 전통적 아키텍처 방식은 무엇인가?	레이어드 아키텍처는 가장 익숙한 구조로, 책임을 계층별로 분리합니다. 면접에서는 각 레이어의 책임과, 레이어 간 의존 방향을 어떻게 유지할지 질문이 나올 수 있습니다. 실무에서는 규모가 커질수록 레이어 경계를 지키는 것이 중요하고, 이를 어기면 “스파게티 의존”이 됩니다. TypeScript 프로젝트에서도 폴더 구조로 레이어를 나누고, import 규칙(lint)으로 강제하는 경우가 많습니다. 다만 기능 단위(도메인 단위) 구조가 더 나은 경우도 있어 상황에 따라 선택해야 합니다.	레이어드아키텍처패턴									frontend	typescript	pattern	architecture
Q689	클린아키텍처패턴(Clean Architecture)		언어 중심 - TypeScript	97	INITIALS	EASY	의존성 규칙(안쪽으로만)을 통해 도메인을 보호하고, 유스케이스 중심으로 구조화하는 아키텍처는 무엇인가?	클린 아키텍처는 도메인과 유스케이스를 중심에 두고, 프레임워크/DB 같은 외부 요소를 바깥으로 둡니다. 면접에서는 SOLID, 의존성 역전과 연결해 질문이 나올 수 있습니다. 실무에서는 테스트 가능성과 장기 유지보수성에 강점이 있지만, 파일/계층이 늘어나 초기 진입장벽이 생길 수 있습니다. TypeScript에서도 유스케이스(서비스) 인터페이스와 어댑터를 분리해 적용할 수 있습니다. 규모가 작은 프로젝트에는 핵심 원칙만 선택적으로 적용하는 접근이 좋습니다.	클린아키텍처패턴									frontend	typescript	pattern	architecture
Q690	이벤트버스패턴(Event Bus)		언어 중심 - TypeScript	97	INITIALS	EASY	여러 컴포넌트/모듈이 직접 참조 없이 이벤트를 발행/구독하도록 중간 버스를 두는 구조는 무엇인가?	이벤트 버스는 모듈 간 결합을 줄이는 데 도움 되지만, 흐름이 숨겨질 수 있는 양날의 검입니다. 면접에서는 이벤트 버스의 장단점과, 전역 버스가 왜 디버깅을 어렵게 하는지 질문이 나올 수 있습니다. 실무에서는 특정 도메인 범위 내에서만 제한적으로 쓰거나, 명시적인 이벤트 계약(타입 맵)을 두어 안전하게 운영합니다. TypeScript에서는 이벤트 이름과 페이로드 타입을 매핑해 타입 안전한 publish/subscribe를 만들 수 있습니다. 남용하면 코드 추적이 어려워지니, 관찰/로깅 도구를 함께 마련하는 게 좋습니다.	이벤트버스패턴									frontend	typescript	pattern	events
Q691	상태머신패턴(State Machine)		언어 중심 - TypeScript	97	INITIALS	EASY	가능한 상태와 전이를 명시적으로 정의해, 복잡한 흐름을 예측 가능하게 만드는 패턴은 무엇인가?	상태 머신은 “가능한 상태”를 제한하고 전이를 규칙화해 버그를 줄입니다. 면접에서는 결제/회원가입 단계 같은 흐름을 상태로 모델링해보라는 질문이 나올 수 있습니다. 실무에서는 UI 단계, 업로드 진행, 주문 처리 등 복잡한 흐름에 특히 효과적입니다. TypeScript에서는 상태를 유니온으로 정의하고, 전이 함수를 타입으로 제한하면 안전성이 크게 올라갑니다. 상태가 많아지면 도구(XState 등) 도입을 고려할 수 있지만, 간단한 경우는 직접 모델링해도 충분합니다.	상태머신패턴									frontend	typescript	pattern	modeling
Q692	리소스풀패턴(Resource Pool)		언어 중심 - TypeScript	97	INITIALS	EASY	재사용 가능한 자원(커넥션/워커 등)을 풀로 관리해 생성 비용과 부하를 줄이는 패턴은 무엇인가?	리소스 풀은 커넥션, 워커 스레드, 브라우저에서의 WebWorker 등 재사용 가능한 자원을 관리하는 방식입니다. 면접에서는 풀 크기 제한이 왜 필요한지(부하 제어, 자원 고갈 방지)를 묻습니다. 실무에서는 DB 커넥션 풀, HTTP 에이전트, 작업 큐 컨슈머 수 제한 같은 형태로 나타납니다. TypeScript 백엔드(Node)에서는 동시성 제한과 함께 풀링을 설계해 안정성을 높일 수 있습니다. 풀은 모니터링이 중요하며, 누수나 데드락이 생기지 않도록 타임아웃 정책이 필요합니다.	리소스풀패턴									frontend	typescript	pattern	reliability
Q693	레이트리밋패턴(Rate Limiting)		언어 중심 - TypeScript	97	INITIALS	EASY	일정 시간 동안 허용되는 요청 수를 제한해 서비스 보호와 남용 방지를 하는 패턴은 무엇인가?	레이트 리밋은 서비스 안정성과 보안에 중요한 패턴입니다. 면접에서는 토큰 버킷/리키 버킷 같은 알고리즘까지 깊게 갈 수도 있지만, EASY에서는 목적과 효과를 설명하면 충분합니다. 실무에서는 로그인 시도 제한, API 호출 제한, 비용 폭주 방지에 널리 사용됩니다. TypeScript 서버에서는 미들웨어로 구현하거나, API 게이트웨이/프록시 계층에서 적용하기도 합니다. 제한에 걸렸을 때 사용자 안내와 재시도 정책(429 처리)을 설계하는 것도 중요합니다.	레이트리밋패턴									frontend	typescript	pattern	security
Q694	벌크업데이트패턴(Bulk Update)		언어 중심 - TypeScript	97	INITIALS	EASY	여러 변경을 개별 요청으로 보내지 않고 묶어서 한 번에 처리해 성능/일관성을 높이는 방식은 무엇인가?	벌크 업데이트는 네트워크/DB 왕복 비용을 줄이는 대표 기법입니다. 면접에서는 “N번 호출을 어떻게 줄이나” 질문에서 배치/벌크 아이디어를 말할 수 있습니다. 실무에서는 체크박스 다중 선택 수정, 일괄 상태 변경, 배치 저장에서 유용합니다. TypeScript에서는 요청 DTO를 배열로 보내고, 서버 응답을 매핑하는 로직을 안전하게 타입으로 보장하는 게 포인트입니다. 다만 벌크 요청은 실패 처리(부분 성공, 롤백)를 설계해야 하고, 너무 큰 페이로드는 제한이 필요합니다.	벌크업데이트패턴									frontend	typescript	pattern	performance
Q695	일관된에러모델패턴(Consistent Error Model)		언어 중심 - TypeScript	97	INITIALS	EASY	에러를 코드/메시지/원인 같은 공통 구조로 표준화해, 처리 로직을 단순화하는 설계 방식은 무엇인가?	일관된 에러 모델은 운영 품질을 크게 좌우합니다. 면접에서는 에러를 어떻게 분류하고(네트워크/검증/권한), UI에 어떻게 노출하는지 질문이 나올 수 있습니다. 실무에서는 서버/클라이언트가 동일한 에러 코드 체계를 갖추면 폴백과 안내 문구를 일관되게 만들 수 있습니다. TypeScript에서는 에러 타입을 유니온으로 정의해, 케이스별 처리를 컴파일러가 강제하도록 만들 수 있습니다. 에러 표준화는 로그/모니터링과도 직결되므로, traceId 같은 필드를 포함하는 것도 도움이 됩니다.	일관된에러모델패턴									frontend	typescript	pattern	errors
Q696	플러언트인터페이스(Fluent Interface)		언어 중심 - TypeScript	97	INITIALS	MEDIUM	메서드 호출을 체이닝 형태로 이어서 읽기 쉬운 API를 만들고, 단계적으로 설정을 쌓아가는 설계 방식은 무엇인가?	플러언트 인터페이스는 메서드가 자기 자신이나 다음 빌더 객체를 반환해 체이닝을 가능하게 만드는 스타일입니다. 설정 객체나 쿼리 빌더처럼 옵션을 순서대로 쌓는 API에서 가독성이 좋아집니다. 면접에서는 빌더 패턴과의 관계를 물을 수 있는데, 빌더의 구현 스타일로 플러언트를 채택하는 경우가 많다고 설명하면 됩니다. TypeScript에서는 체이닝 과정에서 타입이 점진적으로 좁혀지도록 제네릭을 설계하면 안전합니다. 다만 체이닝이 길어지면 디버깅이 어려워질 수 있어 중간 변수를 두는 타이밍도 중요합니다.	플러언트인터페이스									frontend	typescript	pattern	api
Q697	인터셉터패턴(Interceptor Pattern)		언어 중심 - TypeScript	97	INITIALS	MEDIUM	요청 처리 전후에 공통 로직을 가로채서 실행하고, 필요하면 흐름을 변경하거나 중단할 수 있게 하는 패턴은 무엇인가?	인터셉터는 미들웨어와 유사하지만 보통 프레임워크 레벨에서 특정 지점의 호출을 가로채는 의미로 자주 씁니다. 인증 토큰 주입, 로깅, 응답 변환, 에러 표준화 같은 공통 관심사를 한곳에 모을 수 있습니다. 면접에서는 axios interceptor나 NestJS interceptor처럼 구체 예시로 연결되기도 합니다. TypeScript에서는 요청과 응답 타입을 함께 다뤄야 해서 제네릭 설계가 품질을 좌우합니다. 인터셉터를 과도하게 쌓으면 호출 흐름이 숨겨지니 순서와 책임을 문서화하는 것이 좋습니다.	인터셉터패턴									frontend	typescript	pattern	http
Q698	파이프라인패턴(Pipeline Pattern)		언어 중심 - TypeScript	97	INITIALS	MEDIUM	여러 처리 단계를 순서대로 연결해 입력이 단계별 변환을 거치며 출력으로 나가도록 만드는 구조는 무엇인가?	파이프라인 패턴은 단계별 책임을 쪼개고 조합해 복잡도를 낮추는 방식입니다. 검증, 정규화, 변환, 저장 같은 단계를 분리하면 테스트도 단계 단위로 쉬워집니다. 면접에서는 미들웨어 체인과 비교하거나, 함수 합성과의 차이를 설명해보라는 질문이 나올 수 있습니다. TypeScript에서는 각 단계의 입력과 출력 타입이 정확히 이어지도록 타입을 잡는 것이 포인트입니다. 단계가 많아질수록 에러 처리 규칙과 중단 조건을 표준화해야 운영이 편합니다.	파이프라인패턴									frontend	typescript	pattern	pipeline
Q699	리액티브스트림패턴(Reactive Streams)		언어 중심 - TypeScript	97	INITIALS	MEDIUM	비동기 데이터 흐름을 스트림으로 모델링하고, 구독과 연산자를 통해 변환하며 처리하는 접근은 무엇인가?	리액티브 스트림은 이벤트나 비동기 데이터를 연속적인 흐름으로 보고 다루는 방식입니다. RxJS 같은 라이브러리에서 Observable과 operator 체인으로 구현되는 경우가 대표적입니다. 면접에서는 Promise와 비교해 어떤 상황에서 스트림이 유리한지 물을 수 있습니다. TypeScript에서는 스트림이 내보내는 값 타입을 제네릭으로 추적할 수 있어 대규모 코드에서 실수가 줄어듭니다. 다만 구독 해제와 에러 전파 규칙을 놓치면 메모리 누수나 예기치 않은 재시도가 생길 수 있어 관리가 중요합니다.	리액티브스트림패턴									frontend	typescript	pattern	async
Q700	백프레셔(Backpressure)		언어 중심 - TypeScript	97	INITIALS	MEDIUM	생산자 쪽 이벤트가 너무 빨라 소비자가 처리하지 못할 때, 과부하를 막기 위해 흐름을 조절하는 개념은 무엇인가?	백프레셔는 스트림 기반 처리에서 안정성을 좌우하는 핵심 개념입니다. 소비자가 처리 가능한 속도만큼만 받도록 하거나 버퍼 정책을 두어 폭주를 방지합니다. 면접에서는 리액티브 스트림과 함께 백프레셔를 어떻게 처리하는지 질문이 나올 수 있습니다. TypeScript 실무에서도 이벤트 폭주나 로그 폭주 같은 상황에서 스로틀, 버퍼링, 샘플링으로 유사한 문제를 해결합니다. 정책을 잘못 잡으면 데이터 유실이나 지연이 커질 수 있어 요구사항에 맞는 전략 선택이 중요합니다.	백프레셔									frontend	typescript	pattern	performance
Q701	모나드패턴(Monad Pattern)		언어 중심 - TypeScript	97	INITIALS	MEDIUM	값을 컨테이너로 감싸고, 연산을 체이닝으로 연결해 실패나 부작용을 구조적으로 다루게 하는 함수형 패턴은 무엇인가?	모나드는 값에 컨텍스트를 붙여 연산을 연결하는 함수형 추상화입니다. Promise도 then 체이닝 관점에서 모나드적 성격을 가진 예로 설명되곤 합니다. 면접에서는 너무 수학적으로 깊게 가기보다, 체이닝으로 흐름을 안전하게 연결한다는 직관을 말하는 게 좋습니다. TypeScript에서는 Result나 Option 같은 타입으로 성공 실패나 값의 존재 여부를 다루는 데 자주 응용됩니다. 다만 팀이 함수형 패턴에 익숙하지 않으면 가독성이 떨어질 수 있어 적용 범위를 조절해야 합니다.	모나드패턴									frontend	typescript	pattern	functional
Q702	옵션타입패턴(Option Type Pattern)		언어 중심 - TypeScript	97	INITIALS	MEDIUM	값이 없을 수도 있는 상황을 null 대신 Option이나 Maybe 같은 타입으로 모델링해 안전하게 처리하는 패턴은 무엇인가?	옵션 타입 패턴은 값의 부재를 명시적으로 표현해 런타임 null 오류를 줄입니다. 면접에서는 null과 undefined를 왜 그대로 흘려보내면 위험한지, 그리고 대체 모델링을 아는지 확인할 때 나옵니다. TypeScript에서는 디스크리미네이티드 유니온으로 Some None을 만들고 내로잉으로 안전하게 처리할 수 있습니다. 실무에서는 API 응답의 선택 필드, 검색 결과 없음 같은 상태를 표현할 때 특히 유용합니다. 다만 모든 곳에 Option을 쓰면 코드가 장황해질 수 있어 경계나 핵심 도메인부터 적용하는 전략이 좋습니다.	옵션타입패턴									frontend	typescript	pattern	typesafety
Q703	디스포저블패턴(Disposable Pattern)		언어 중심 - TypeScript	97	INITIALS	MEDIUM	구독, 타이머, 이벤트 리스너 같은 자원을 명시적으로 해제해 누수를 막는 규칙을 인터페이스나 관례로 만드는 패턴은 무엇인가?	디스포저블 패턴은 자원 해제를 표준화해 메모리 누수와 중복 실행을 줄입니다. RxJS의 Subscription unsubscribe나 이벤트 리스너 remove 같은 형태가 대표적입니다. 면접에서는 언마운트 시 정리(cleanup) 누락이 왜 문제인지 실무 이슈로 연결되기도 합니다. TypeScript에서는 Disposable 인터페이스를 정의하고 공통 해제 로직을 모아 관리할 수 있습니다. 자원 생명주기가 복잡해질수록 자동 해제 스코프나 헬퍼 유틸을 마련하는 것이 좋습니다.	디스포저블패턴									frontend	typescript	pattern	lifecycle
Q704	스테일리왈리데이트패턴(Stale While Revalidate)		언어 중심 - TypeScript	97	INITIALS	MEDIUM	캐시된 값을 먼저 보여주되, 백그라운드에서 최신 데이터를 가져와 갱신하는 캐싱 전략은 무엇인가?	이 패턴은 빠른 응답성과 최신성 사이의 균형을 잡기 위한 전략입니다. 사용자에게는 즉시 화면이 뜨고, 이후 최신 데이터로 자연스럽게 업데이트됩니다. 면접에서는 캐시 정합성 문제와 함께 어떤 상황에서 이 전략이 좋은지 질문이 나올 수 있습니다. TypeScript 프론트에서는 SWR이나 React Query 같은 라이브러리의 동작 방식으로 자주 접합니다. 다만 UI가 두 번 업데이트되므로 로딩 상태와 깜빡임을 최소화하는 설계가 중요합니다.	스테일리왈리데이트패턴									frontend	typescript	pattern	caching
Q705	폴링패턴(Polling Pattern)		언어 중심 - TypeScript	97	INITIALS	MEDIUM	서버 상태를 주기적으로 조회해 변화가 있는지 확인하는 통신 방식은 무엇인가?	폴링은 가장 단순한 형태의 상태 동기화 방법입니다. 면접에서는 폴링의 단점인 불필요한 요청과 지연을 어떻게 줄일지 묻기도 합니다. 실무에서는 작업 진행 상태, 배치 완료 여부 같은 기능에서 빠르게 구현할 수 있어 종종 선택됩니다. TypeScript에서는 setInterval 관리, 중복 폴링 방지, 탭 비활성화 시 중단 같은 운영 포인트가 중요합니다. 백오프나 조건부 폴링을 적용하면 비용을 줄일 수 있습니다.	폴링패턴									frontend	typescript	pattern	networking
Q706	롱폴링패턴(Long Polling Pattern)		언어 중심 - TypeScript	97	INITIALS	MEDIUM	요청을 길게 유지해 서버에서 이벤트가 생기면 응답하고, 클라이언트가 다시 요청을 이어가는 방식은 무엇인가?	롱 폴링은 폴링보다 실시간에 가깝게 동작하지만 구현 난이도가 조금 올라갑니다. 면접에서는 웹소켓과 비교해 장단점을 설명해보라는 질문이 나올 수 있습니다. 실무에서는 인프라 제약으로 웹소켓이 어려운 환경에서 대안으로 쓰이기도 합니다. TypeScript에서는 요청 타임아웃과 재연결 로직, 중복 연결 방지, 에러 처리 표준화가 중요합니다. 서버 부하와 커넥션 제한도 함께 고려해야 합니다.	롱폴링패턴									frontend	typescript	pattern	networking
Q707	웹훅패턴(Webhook Pattern)		언어 중심 - TypeScript	97	INITIALS	MEDIUM	이벤트가 발생했을 때, 서버가 클라이언트의 지정된 URL로 콜백 요청을 보내 알리는 통합 방식은 무엇인가?	웹훅은 폴링 없이 이벤트를 전달받을 수 있어 효율적입니다. 면접에서는 웹훅 보안 검증 서명, 재시도, 중복 이벤트 처리 같은 실무 포인트가 자주 나옵니다. TypeScript 서버에서는 요청 바디 검증과 서명 검증을 타입과 런타임 양쪽에서 처리해야 안전합니다. 실무에서는 결제, 배포, 깃 이벤트, 알림 시스템에서 웹훅이 널리 쓰입니다. 소비자 측에서는 멱등 처리와 순서 보장이 안 될 수 있다는 점을 대비해야 합니다.	웹훅패턴									frontend	typescript	pattern	integration
Q708	사가오케스트레이션(Saga Orchestration)		언어 중심 - TypeScript	97	INITIALS	MEDIUM	중앙 오케스트레이터가 여러 서비스의 작업 순서를 지시하고, 실패 시 보상 작업을 트리거하는 사가 방식은 무엇인가?	사가 오케스트레이션은 중앙 조정자가 흐름을 명시적으로 관리합니다. 면접에서는 이 방식이 가시성이 좋지만 중앙 컴포넌트가 복잡해질 수 있다는 점을 말하면 좋습니다. TypeScript 기반 워크플로 서비스나 오케스트레이터를 만들 때 상태 머신과 함께 많이 쓰입니다. 실무에서는 단계별 타임아웃, 재시도, 보상 트랜잭션 정책이 설계의 핵심입니다. 중앙 장애를 대비해 내구성과 모니터링도 중요합니다.	사가오케스트레이션									frontend	typescript	pattern	distributed
Q709	사가코레오그래피(Saga Choreography)		언어 중심 - TypeScript	97	INITIALS	MEDIUM	중앙 조정자 없이 서비스들이 이벤트를 주고받으며 다음 작업을 이어가는 사가 방식은 무엇인가?	사가 코레오그래피는 각 서비스가 이벤트를 기반으로 자율적으로 움직입니다. 면접에서는 결합이 느슨해질 수 있지만 전체 흐름을 추적하기가 어려워질 수 있다는 점이 포인트입니다. TypeScript 서비스에서는 이벤트 타입 계약을 강하게 잡아야 소비자와 발행자 간 오해를 줄일 수 있습니다. 실무에서는 관찰 가능성을 높이기 위해 correlation id 같은 추적 키를 꼭 도입합니다. 이벤트 폭주나 순서 꼬임에 대비해 멱등성과 재처리 전략이 필수입니다.	사가코레오그래피									frontend	typescript	pattern	distributed
Q710	도메인이벤트패턴(Domain Event Pattern)		언어 중심 - TypeScript	97	INITIALS	MEDIUM	도메인에서 의미 있는 일이 발생했음을 이벤트로 표현하고, 후속 처리를 느슨하게 연결하는 패턴은 무엇인가?	도메인 이벤트는 비즈니스 관점에서 중요한 사실을 이벤트로 모델링합니다. 면접에서는 단순 기술 이벤트와 도메인 이벤트의 차이와 명명 규칙을 물을 수 있습니다. TypeScript에서는 이벤트 페이로드 타입을 명확히 정의해 발행과 소비가 안전하게 맞물리도록 합니다. 실무에서는 이메일 발송, 포인트 적립, 알림 생성 같은 후속 작업을 도메인 이벤트로 분리하면 응집도가 좋아집니다. 다만 트랜잭션 경계와 이벤트 발행 시점, 중복 발행 처리 같은 운영 포인트를 같이 설계해야 합니다.	도메인이벤트패턴									frontend	typescript	pattern	ddd
Q711	지연초기화패턴(Lazy Initialization)		언어 중심 - TypeScript	97	INITIALS	MEDIUM	비용이 큰 객체나 자원을 실제로 필요해질 때까지 생성하지 않고, 첫 사용 시점에 초기화하는 패턴은 무엇인가?	지연 초기화는 초기 로딩 비용을 줄이고 필요할 때만 자원을 쓰게 합니다. 면접에서는 싱글턴과 결합한 지연 로딩, 그리고 동시성 환경에서의 초기화 경쟁 문제를 물을 수 있습니다. TypeScript에서는 모듈 캐시나 클로저를 활용해 간단히 구현할 수 있습니다. 실무에서는 무거운 SDK 초기화, 설정 로딩, 연결 생성 같은 곳에서 자주 씁니다. 다만 첫 호출 지연이 UX에 영향을 줄 수 있어 프리로딩과의 균형이 중요합니다.	지연초기화패턴									frontend	typescript	pattern	performance
Q712	동시성제한패턴(Concurrency Limiter)		언어 중심 - TypeScript	97	INITIALS	MEDIUM	한 번에 실행되는 비동기 작업 수를 제한해 외부 API 폭주나 자원 고갈을 막는 패턴은 무엇인가?	동시성 제한은 Promise all을 무작정 쓰면 생기는 폭주를 막는 방법입니다. 면접에서는 레이트 리밋과의 차이점과 어떤 계층에서 적용하는지 질문이 나올 수 있습니다. TypeScript에서는 큐를 만들거나 p-limit 같은 유틸을 적용해 쉽게 구현합니다. 실무에서는 파일 업로드 병렬 수 제한, 크롤링 요청 제한, 외부 결제 API 호출 제한 같은 곳에서 중요합니다. 제한 수치는 시스템 특성과 SLA를 기준으로 튜닝해야 합니다.	동시성제한패턴									frontend	typescript	pattern	async
Q713	지수백오프패턴(Exponential Backoff)		언어 중심 - TypeScript	97	INITIALS	MEDIUM	재시도 간격을 점점 늘리며 요청을 보내 서버 부하와 충돌 가능성을 줄이는 재시도 전략은 무엇인가?	지수 백오프는 재시도를 똑똑하게 만드는 핵심 전략입니다. 면접에서는 재시도에 지터를 섞는 이유와 멱등성 조건을 함께 물을 수 있습니다. 실무에서는 일시적 네트워크 장애나 429 503 같은 상황에서 성공률을 높입니다. TypeScript에서는 재시도 래퍼를 만들 때 에러 분류와 최대 재시도 횟수, 총 시간 제한을 함께 둬야 안전합니다. 무한 재시도는 장애를 키우므로 중단 조건을 명확히 해야 합니다.	지수백오프패턴									frontend	typescript	pattern	reliability
Q714	캔슬레이션토큰패턴(Cancellation Token Pattern)		언어 중심 - TypeScript	97	INITIALS	MEDIUM	진행 중인 비동기 작업을 취소할 수 있도록 토큰을 전달하고, 취소 신호를 전파하는 패턴은 무엇인가?	취소 토큰 패턴은 불필요한 작업을 멈춰 자원 낭비와 레이스 컨디션을 줄입니다. 면접에서는 검색 자동완성에서 이전 요청을 취소하는 이유를 예시로 많이 듭니다. TypeScript 웹에서는 AbortController로 구현하는 경우가 대표적이고, 서버에서도 작업 큐 취소에 응용할 수 있습니다. 실무에서는 컴포넌트 언마운트 시 요청 취소, 빠른 페이지 이동 시 요청 취소가 중요합니다. 취소가 된 상태를 오류로 취급할지 정상 흐름으로 취급할지 에러 모델을 정해두는 것도 포인트입니다.	캔슬레이션토큰패턴									frontend	typescript	pattern	async
Q715	디퍼드프라미스패턴(Deferred Promise)		언어 중심 - TypeScript	97	INITIALS	MEDIUM	Promise를 생성한 위치와 resolve/reject를 호출하는 위치를 분리해, 외부에서 완료 시점을 제어하는 방식은 무엇인가?	디퍼드 프라미스는 비동기 흐름을 외부 이벤트에 맞춰 완료시키고 싶을 때 쓰입니다. 면접에서는 “왜 이 패턴이 위험할 수 있나”를 묻기도 하는데, resolve가 여기저기 퍼지면 흐름 추적이 어려워지고 누락 시 영원히 pending이 될 수 있습니다. 실무에서는 브릿지 코드(콜백 API를 Promise로 감싸기), 테스트 더블, 특정 이벤트를 기다리는 유틸에서 제한적으로 사용합니다. TypeScript에서는 resolve/reject 함수 타입을 명확히 정의하고, 타임아웃/취소와 함께 운영하는 것이 안전합니다. 가능하면 더 선언적인 async/await 흐름으로 대체할 수 있는지 먼저 검토하는 게 좋습니다.	디퍼드프라미스패턴									frontend	typescript	pattern	async
Q716	프라미스풀패턴(Promise Pool)		언어 중심 - TypeScript	97	INITIALS	MEDIUM	여러 비동기 작업을 실행하되 동시에 처리할 개수(concurrency)를 제한하면서 큐처럼 처리하는 패턴은 무엇인가?	프라미스 풀은 동시성 제한을 구현하는 대표적인 형태입니다. 면접에서는 Promise.all의 문제(폭주)와 비교해 설명하면 좋습니다. 실무에서는 파일 업로드/다운로드, 크롤링, 외부 API 배치 호출에서 자주 필요합니다. TypeScript에서는 작업 함수 시그니처와 반환 타입을 제네릭으로 잡아 풀 유틸을 만들면 재사용성이 높습니다. 실패 처리(부분 실패, 즉시 중단 vs 계속 진행) 정책을 명확히 정해두는 것이 운영에서 중요합니다.	프라미스풀패턴									frontend	typescript	pattern	async
Q717	리퀘스트코얼레싱패턴(Request Coalescing)		언어 중심 - TypeScript	97	INITIALS	MEDIUM	같은 키로 동시에 들어온 중복 요청을 하나로 합쳐서 한 번만 호출하고 결과를 공유하는 패턴은 무엇인가?	요청 코얼레싱은 “동시에 같은 데이터 요청이 몰릴 때” 서버 부하를 크게 줄여줍니다. 면접에서는 캐시와의 차이(코얼레싱은 동시성 시점의 합치기)를 구분해 말하면 좋습니다. 실무에서는 사용자 프로필, 설정 값 같은 공통 리소스를 여러 컴포넌트가 동시에 요청할 때 특히 유용합니다. TypeScript에서는 inflight 맵에 Promise를 저장해 공유하는 구현이 흔하며, 완료 후 정리(cleanup) 로직이 중요합니다. 실패 시에는 재시도 정책과 함께, inflight 제거를 확실히 해야 다음 요청이 정상 동작합니다.	리퀘스트코얼레싱패턴									frontend	typescript	pattern	performance
Q718	인플라이트캐시패턴(Inflight Cache)		언어 중심 - TypeScript	97	INITIALS	MEDIUM	완료된 결과 캐시가 아니라, 진행 중인 요청(Promise)을 캐시해 중복 호출을 막는 패턴은 무엇인가?	인플라이트 캐시는 “결과”가 아닌 “진행 중 작업”을 공유하는 점이 핵심입니다. 면접에서는 요청 코얼레싱과 함께 묶어서 물을 수 있습니다. 실무에서는 동일 API를 여러 번 호출하는 레이스 상황을 줄이고, 프론트의 불필요한 스피너 중복을 줄이는 효과도 있습니다. TypeScript에서는 Promise 타입을 정확히 잡아두면 공유가 안전해집니다. 주의점은 실패나 취소 시 정리가 누락되면 같은 실패 Promise가 계속 재사용될 수 있으므로, finally에서 캐시를 제거하는 습관이 중요합니다.	인플라이트캐시패턴									frontend	typescript	pattern	async
Q719	리퀘스트디듀핑패턴(Request Deduplication)		언어 중심 - TypeScript	97	INITIALS	MEDIUM	동일한 요청을 식별해 중복 네트워크 호출을 제거하고, 하나의 응답을 재사용하도록 만드는 패턴은 무엇인가?	요청 디듀핑은 캐시, 코얼레싱, 인플라이트 캐시와 함께 실무에서 자주 섞여 쓰입니다. 면접에서는 “요청을 동일하다고 판단하는 키를 어떻게 만들지”를 물을 수 있습니다. 실무에서는 URL, 쿼리, 바디, 헤더 일부를 조합해 키를 만듭니다. TypeScript에서는 키 생성 함수를 표준화하고, 디듀핑 범위(탭 단위, 앱 전역)를 정해야 합니다. 민감한 요청(권한/개인화)이 섞일 수 있으니 키 설계가 틀리면 보안/정합성 문제가 생길 수 있습니다.	리퀘스트디듀핑패턴									frontend	typescript	pattern	networking
Q720	옵티미스틱업데이트패턴(Optimistic Update)		언어 중심 - TypeScript	97	INITIALS	MEDIUM	서버 응답을 기다리지 않고 UI를 먼저 업데이트한 뒤, 실패하면 롤백하는 UI 상태 관리 패턴은 무엇인가?	옵티미스틱 업데이트는 UX를 빠르게 만들지만 실패 처리(롤백)가 필수입니다. 면접에서는 언제 쓰면 좋은지(좋아요, 토글, 댓글 등)와 언제 위험한지(정합성 중요한 결제 등)를 구분해 설명하면 좋습니다. 실무에서는 임시 id 부여, 롤백 스냅샷, 에러 토스트 정책을 함께 설계합니다. TypeScript에서는 “임시 상태”와 “확정 상태”를 타입으로 분리하면 실수를 줄일 수 있습니다. 동시 수정 충돌(낙관적 잠금 버전)까지 고려하면 더 탄탄해집니다.	옵티미스틱업데이트패턴									frontend	typescript	pattern	state
Q721	페시미스틱업데이트패턴(Pessimistic Update)		언어 중심 - TypeScript	97	INITIALS	MEDIUM	서버 업데이트가 성공한 뒤에만 UI를 반영하고, 그 전에는 로딩/비활성화로 대기하는 방식은 무엇인가?	페시미스틱 업데이트는 정합성과 안정성을 우선합니다. 면접에서는 낙관/비관 업데이트의 UX 차이와 적용 상황을 물어볼 수 있습니다. 실무에서는 결제, 권한 변경, 중요한 데이터 수정처럼 실패 시 영향이 큰 영역에서 선호됩니다. TypeScript에서는 로딩 상태, disabled 조건을 명확히 모델링해 중복 클릭/중복 요청을 막는 것이 포인트입니다. 대기 시간이 길면 UX가 나빠질 수 있으니, 스켈레톤/진행 표시 같은 보완이 필요합니다.	페시미스틱업데이트패턴									frontend	typescript	pattern	state
Q722	이벤트루프협력패턴(Cooperative Scheduling)		언어 중심 - TypeScript	97	INITIALS	MEDIUM	긴 작업을 작은 단위로 쪼개 이벤트 루프에 양보하면서 UI 프리즈를 줄이는 실행 방식은 무엇인가?	JS/TS 환경에서 긴 CPU 작업은 UI를 멈추게 할 수 있어 협력적 스케줄링이 중요합니다. 면접에서는 메인 스레드 블로킹 문제와 해결책(작업 분할, WebWorker)을 물을 수 있습니다. 실무에서는 큰 리스트 처리, 대용량 파싱을 chunk로 나누고 setTimeout/requestIdleCallback 등을 활용해 프리즈를 줄이기도 합니다. TypeScript에서는 작업 함수의 분할 단위와 중단 조건을 잘 설계해야 합니다. 완벽한 해결이 아니라 트레이드오프이므로, 필요하면 WebWorker로 분리하는 판단이 중요합니다.	이벤트루프협력패턴									frontend	typescript	pattern	performance
Q723	워커오프로딩패턴(Worker Offloading)		언어 중심 - TypeScript	97	INITIALS	MEDIUM	무거운 계산을 메인 스레드가 아니라 WebWorker 등 별도 실행 컨텍스트로 보내 UI 응답성을 유지하는 패턴은 무엇인가?	워커 오프로딩은 UI 프리즈를 근본적으로 줄이는 방법입니다. 면접에서는 어떤 작업이 워커로 적합한지(순수 계산/파싱)와 어떤 작업이 어려운지(DOM 접근) 구분을 물을 수 있습니다. 실무에서는 이미지 처리, 압축, 대용량 데이터 정렬 같은 작업에 자주 적용합니다. TypeScript에서는 워커 메시지의 요청/응답 타입을 계약으로 만들면 안전합니다. 다만 번들러 설정과 워커 파일 분리, 직렬화 비용까지 고려해야 성능 이득이 실제로 납니다.	워커오프로딩패턴									frontend	typescript	pattern	performance
Q724	이벤트콜렉션패턴(Event Coalescing)		언어 중심 - TypeScript	97	INITIALS	MEDIUM	여러 이벤트를 그대로 처리하지 않고 일정 단위로 합쳐 처리해 성능과 부하를 줄이는 방식은 무엇인가?	이벤트 코얼레싱은 스크롤/마우스 이동처럼 고빈도 이벤트에서 유용합니다. 면접에서는 스로틀/디바운스와 비교해 설명을 요구할 수 있습니다. 실무에서는 여러 이벤트를 마지막 값만 반영하거나, 프레임 단위(requestAnimationFrame)로 묶어 처리합니다. TypeScript에서는 이벤트 페이로드 타입을 유지하면서 합치는 로직을 구현해야 안전합니다. 합치는 정책이 잘못되면 사용자 입력이 유실되거나 UX가 어색해질 수 있어 요구사항 기반으로 선택해야 합니다.	이벤트콜렉션패턴									frontend	typescript	pattern	performance
Q725	아이들콜백패턴(Idle Callback)		언어 중심 - TypeScript	97	INITIALS	MEDIUM	브라우저가 한가할 때(유휴 시간)에 작업을 수행해 메인 작업을 방해하지 않게 하는 실행 전략은 무엇인가?	유휴 콜백은 중요한 렌더링/입력 처리보다 낮은 우선순위 작업을 뒤로 미루는 방법입니다. 면접에서는 requestIdleCallback의 성격과 폴백 전략을 물을 수 있습니다. 실무에서는 프리페치, 로그 전송, 캐시 정리 같은 작업에 적합합니다. TypeScript에서는 지원 브라우저 범위와 폴백(setTimeout) 구현을 함께 고려해야 합니다. 유휴 시간은 보장되지 않으므로, 반드시 완료되어야 하는 작업에는 다른 전략이 필요합니다.	아이들콜백패턴									frontend	typescript	pattern	performance
Q726	프리페치프리로딩패턴(Prefetch Preload)		언어 중심 - TypeScript	97	INITIALS	MEDIUM	미래에 필요할 가능성이 높은 리소스를 미리 가져와 체감 성능을 높이는 로딩 전략은 무엇인가?	프리페치/프리로드는 네트워크를 미리 써서 UX를 개선합니다. 면접에서는 둘의 차이(우선순위와 의도)와 잘못 쓰면 오히려 초기 로딩이 느려질 수 있다는 점을 물을 수 있습니다. 실무에서는 다음 페이지 라우트 청크, 이미지, 번역 리소스 등을 미리 받아둡니다. TypeScript 자체보다는 번들러/브라우저 힌트와 결합되지만, 코드에서 언제 트리거할지 설계가 중요합니다. 사용자의 네트워크 환경(저속/데이터 절약)도 고려해 조건부 적용하는 것이 좋습니다.	프리페치프리로딩패턴									frontend	typescript	pattern	performance
Q727	캐시무효화패턴(Cache Invalidation)		언어 중심 - TypeScript	97	INITIALS	MEDIUM	캐시된 데이터가 오래되거나 변경됐을 때, 언제 어떤 방식으로 캐시를 갱신/삭제할지 정하는 전략을 무엇이라고 하는가?	캐시 무효화는 “컴퓨터 과학에서 가장 어려운 문제”로 농담처럼 말할 만큼 까다롭습니다. 면접에서는 TTL, 태그 기반 무효화, 쓰기 후 무효화 같은 전략을 설명해보라고 할 수 있습니다. 실무에서는 업데이트 API 호출 후 관련 쿼리를 무효화하거나, 버전 키를 바꾸는 방식으로 처리합니다. TypeScript에서는 캐시 키 규칙을 표준화해 무효화 대상이 누락되지 않게 만드는 게 중요합니다. 무효화가 불완전하면 사용자에게 오래된 정보가 노출될 수 있어 주의해야 합니다.	캐시무효화패턴									frontend	typescript	pattern	caching
Q728	캐시태그패턴(Cache Tagging)		언어 중심 - TypeScript	97	INITIALS	MEDIUM	캐시 엔트리에 태그를 붙여, 특정 태그에 해당하는 캐시를 한 번에 무효화하거나 갱신하는 전략은 무엇인가?	캐시 태깅은 관련된 캐시를 그룹으로 관리할 수 있게 합니다. 면접에서는 단일 키 무효화보다 왜 편한지, 어떤 상황에서 유리한지 질문이 나올 수 있습니다. 실무에서는 사용자별 캐시, 게시글 목록 캐시처럼 여러 키가 한 데이터 변경에 영향을 받을 때 태그 기반이 편합니다. TypeScript에서는 태그 타입을 enum/as const로 관리해 오타를 줄이는 것이 좋습니다. 태그 설계를 잘못하면 무효화 범위가 과해져 캐시 효율이 떨어질 수 있습니다.	캐시태그패턴									frontend	typescript	pattern	caching
Q729	트랜잭셔널아웃박스패턴(Transactional Outbox)		언어 중심 - TypeScript	97	INITIALS	MEDIUM	데이터 변경과 이벤트 기록을 같은 트랜잭션으로 묶고, 이후 별도 프로세스가 이벤트를 발행해 정합성을 맞추는 패턴은 무엇인가?	트랜잭셔널 아웃박스는 분산 시스템에서 “DB는 성공했는데 메시지는 실패” 같은 문제를 해결합니다. 면접에서는 정확히 한 번 처리(exactly-once)를 어떻게 현실적으로 달성하는지 묻는 흐름에서 등장합니다. 실무에서는 outbox 테이블과 폴링/스트리밍 발행기를 두고, 중복 발행을 소비자 멱등성으로 흡수합니다. TypeScript 서비스도 큐/브로커 연동 시 같은 문제가 생기므로 개념을 이해하면 도움이 됩니다. 운영에서는 outbox 적체 모니터링과 재처리 정책이 매우 중요합니다.	트랜잭셔널아웃박스패턴									frontend	typescript	pattern	distributed
Q730	정확히한번처리(Exactly Once Processing)		언어 중심 - TypeScript	97	INITIALS	MEDIUM	메시지나 이벤트가 중복 없이 “정확히 한 번” 처리되는 것처럼 보이게 보장하려는 목표를 무엇이라고 하는가?	Exactly-once는 이상적인 목표지만, 분산 환경에서는 매우 어렵습니다. 면접에서는 at-least-once와 at-most-once 비교, 그리고 실무에서 exactly-once를 “멱등성 + 중복 제거 + 트랜잭션” 조합으로 근사한다는 점을 말하면 좋습니다. TypeScript 서비스에서도 웹훅, 큐 소비 등에서 중복 이벤트는 흔하므로 반드시 대비해야 합니다. 처리 기록 저장, 멱등 키, 재시도 정책이 함께 필요합니다. 용어를 알고 있으면 운영 관점에서 설계가 성숙해 보입니다.	정확히한번처리									frontend	typescript	pattern	distributed
Q731	리트라이버짓터패턴(Retry with Jitter)		언어 중심 - TypeScript	97	INITIALS	MEDIUM	재시도 지연 시간에 랜덤 요소(지터)를 섞어, 동시에 몰리는 재시도 폭주를 줄이는 전략은 무엇인가?	지터는 지수 백오프의 실전 완성 요소입니다. 면접에서는 “왜 모두 같은 타이밍에 재시도하면 더 안 좋나”를 설명하면 됩니다. 실무에서는 장애 순간에 모든 클라이언트가 동시에 재시도해 서버를 더 죽이는 ‘thundering herd’ 문제를 완화합니다. TypeScript에서는 재시도 유틸에 지터 옵션을 넣고, 에러 분류와 함께 운영하는 것이 좋습니다. 랜덤 분산이 너무 크면 복구가 느려질 수 있어 범위를 튜닝해야 합니다.	리트라이버짓터패턴									frontend	typescript	pattern	reliability
Q732	썬더링허드패턴(Thundering Herd)		언어 중심 - TypeScript	97	INITIALS	MEDIUM	캐시 만료나 장애 복구 시점에 다수의 요청이 한 번에 몰려 시스템이 다시 과부하되는 현상을 무엇이라고 하는가?	썬더링 허드는 캐시나 재시도 설계가 미흡할 때 자주 발생합니다. 면접에서는 이를 막는 방법(지터, 코얼레싱, 단일 플라이트, 프리페치)을 물을 수 있습니다. 실무에서는 인기 키 캐시 만료, 서비스 재기동 직후, 장애 복구 직후에 특히 잘 나타납니다. TypeScript 프론트에서도 동시에 여러 컴포넌트가 같은 데이터를 요청하면서 유사 문제가 생길 수 있습니다. 관찰 가능성(모니터링)과 함께 예방 로직을 넣는 것이 중요합니다.	썬더링허드패턴									frontend	typescript	pattern	reliability
Q733	싱글플라이트패턴(SingleFlight)		언어 중심 - TypeScript	97	INITIALS	MEDIUM	특정 키에 대해 동시에 여러 요청이 들어오면 하나만 실행하고 나머지는 그 결과를 공유하도록 만드는 패턴은 무엇인가?	싱글플라이트는 썬더링 허드 문제를 줄이는 대표적인 해법입니다. 면접에서는 코얼레싱/인플라이트 캐시와 같은 계열로 묶어 질문이 나올 수 있습니다. 실무에서는 캐시 미스 순간에 폭주를 막고, 백엔드 부하를 안정화합니다. TypeScript에서는 키별 Promise를 저장해 공유하고, 완료 후 제거하는 구현이 흔합니다. 실패 시 공유 범위를 어떻게 할지(실패도 공유할지, 즉시 재시도할지) 정책이 중요합니다.	싱글플라이트패턴									frontend	typescript	pattern	performance
Q734	낙관적잠금패턴(Optimistic Locking)		언어 중심 - TypeScript	97	INITIALS	MEDIUM	버전 번호나 ETag 같은 값을 이용해 동시 수정 충돌을 감지하고, 충돌 시 재시도/병합을 유도하는 방식은 무엇인가?	낙관적 잠금은 “충돌은 드물다”는 가정 아래 락을 걸지 않고 충돌만 감지하는 전략입니다. 면접에서는 비관적 잠금과 비교하거나, ETag If-Match 헤더 같은 예시로 연결될 수 있습니다. 실무에서는 게시글 수정, 설정 저장 등에서 동시 수정 충돌을 예방하는 데 유용합니다. TypeScript 프론트에서는 저장 시 버전 값을 함께 보내고, 409 같은 충돌 응답을 받으면 사용자에게 병합/재시도 UI를 제공하기도 합니다. 충돌 처리 UX가 설계의 핵심이라, 단순히 기술만 적용하면 끝이 아니라는 점이 포인트입니다.	낙관적잠금패턴									frontend	typescript	pattern	concurrency
Q735	비관적잠금패턴(Pessimistic Locking)		언어 중심 - TypeScript	97	INITIALS	MEDIUM	충돌 가능성을 높게 보고 미리 락을 걸거나 배타적으로 처리해 동시 수정 문제를 방지하는 방식은 무엇인가?	비관적 잠금은 동시에 수정될 가능성이 높을 때 “먼저 막아두는” 전략입니다. 면접에서는 낙관적 잠금과 비교해 언제 어떤 걸 쓰는지 설명하라는 질문이 자주 나옵니다. 실무에서는 DB에서 FOR UPDATE 같은 락으로 구현되는 경우가 많고, 분산 환경에서는 중앙 락 서비스가 필요할 수도 있습니다. TypeScript 서비스에서는 작업 큐를 단일 소비자로 두거나, 분산 락을 통해 유사한 효과를 내는 방식으로 응용됩니다. 락을 남발하면 성능 저하와 데드락 위험이 커지므로, 범위와 시간(락 홀드)을 최소화하는 것이 핵심입니다.	비관적잠금패턴									frontend	typescript	pattern	concurrency
Q736	분산락패턴(Distributed Lock)		언어 중심 - TypeScript	97	INITIALS	MEDIUM	여러 인스턴스가 동시에 실행되는 환경에서 중복 실행을 막기 위해 Redis 등으로 락을 공유하는 패턴은 무엇인가?	분산 락은 스케줄러 중복 실행, 결제 중복 처리 같은 문제를 막는 데 쓰입니다. 면접에서는 락 만료 시간, 소유자 확인, 네트워크 분할 시 위험 등 실무 함정을 물을 수 있습니다. TypeScript 백엔드에서도 Redis 기반 락을 적용하는 사례가 많지만, 구현이 까다로워 검증된 라이브러리를 쓰는 게 안전합니다. 락 획득 실패 시 재시도/대기 정책과, 작업 시간이 길어질 때 갱신(renewal) 전략도 필요합니다. 락은 최후 수단인 경우가 많으니, 멱등성으로 해결 가능한지 먼저 검토하는 것이 좋습니다.	분산락패턴									frontend	typescript	pattern	distributed
Q737	리드유어라이트패턴(Read Your Writes)		언어 중심 - TypeScript	97	INITIALS	MEDIUM	사용자가 방금 저장한 내용을 곧바로 읽었을 때, 반드시 최신 결과를 보게 만드는 일관성 보장 목표는 무엇인가?	Read-your-writes는 사용자 경험에 직결되는 일관성 요구입니다. 면접에서는 eventual consistency 환경에서 왜 이런 보장이 깨질 수 있는지(캐시, 리플리카 지연)를 설명할 수 있어야 합니다. 실무에서는 저장 직후 화면에 바로 반영(로컬 업데이트, 캐시 갱신)하거나, 특정 요청은 강한 일관성 경로로 보내는 방식으로 해결합니다. TypeScript 프론트에서는 옵티미스틱 업데이트나 캐시 무효화로 달성하는 경우가 많습니다. 단, 여러 기기/세션 간 일관성까지 요구되면 서버 설계가 함께 필요합니다.	리드유어라이트패턴									frontend	typescript	pattern	consistency
Q738	멀티버전동시성제어(MVCC)		언어 중심 - TypeScript	97	INITIALS	MEDIUM	읽기 작업이 락에 덜 걸리도록, 데이터의 여러 버전을 유지해 동시성을 높이는 접근을 무엇이라고 하는가?	MVCC는 데이터베이스에서 읽기/쓰기 동시성을 높이는 대표 방식입니다. 면접에서는 “왜 읽기가 락 없이 가능해지나” 수준으로 설명할 수 있으면 좋습니다. TypeScript 자체 패턴은 아니지만, 프론트/백엔드에서 트랜잭션과 동시성 문제를 이해하는 데 도움이 됩니다. 실무에서는 격리 수준과 함께 MVCC가 성능과 정합성에 어떤 영향을 주는지 고려합니다. 디버깅할 때 ‘왜 방금 쓴 값이 바로 안 보이지’ 같은 이슈를 이해하는 기반이 됩니다.	멀티버전동시성제어									frontend	typescript	pattern	database
Q739	트랜잭션스크립트패턴(Transaction Script)		언어 중심 - TypeScript	97	INITIALS	MEDIUM	하나의 유스케이스를 절차적 스크립트로 구현하고, 그 안에서 검증과 저장을 순서대로 처리하는 스타일은 무엇인가?	트랜잭션 스크립트는 단순한 도메인에서 빠르게 구현하기 좋은 방식입니다. 면접에서는 도메인 모델 패턴과 비교해 장단점을 묻기도 합니다. 실무에서는 초기 MVP나 CRUD 중심 서비스에서 흔하고, 복잡도가 올라가면 스크립트가 비대해져 유지보수가 어려워집니다. TypeScript 서비스에서도 “서비스 함수 하나에 모든 로직이 몰리는” 형태가 이 패턴으로 볼 수 있습니다. 규모가 커지면 유스케이스 분리, 도메인 객체 도입 등으로 진화시키는 전략을 말할 수 있으면 좋습니다.	트랜잭션스크립트패턴									frontend	typescript	pattern	architecture
Q740	도메인모델패턴(Domain Model)		언어 중심 - TypeScript	97	INITIALS	MEDIUM	비즈니스 규칙을 엔티티/밸류 객체로 표현하고, 데이터와 로직을 응집시켜 모델링하는 접근은 무엇인가?	도메인 모델은 복잡한 비즈니스 규칙을 코드 구조로 담아내는 방식입니다. 면접에서는 왜 도메인 모델이 유지보수에 유리한지, 그리고 어떤 경우엔 과설계가 되는지 균형감 있게 설명하면 좋습니다. TypeScript에서도 클래스/불변 객체/함수 조합으로 도메인 모델을 표현할 수 있습니다. 실무에서는 입력 DTO를 도메인으로 변환하는 경계를 명확히 하고, 도메인 내부에서는 불변성과 검증을 강하게 두는 것이 핵심입니다. 테스트는 도메인 규칙 중심으로 작성하면 효과가 큽니다.	도메인모델패턴									frontend	typescript	pattern	ddd
Q741	사양패턴(Specification Pattern)		언어 중심 - TypeScript	97	INITIALS	MEDIUM	비즈니스 조건을 객체/함수로 캡슐화하고 AND OR NOT 조합으로 재사용 가능하게 만드는 패턴은 무엇인가?	사양 패턴은 “조건 로직”을 재사용 가능한 단위로 만드는 방식입니다. 면접에서는 복잡한 필터/검증 규칙을 어떻게 구조화할지 질문에서 나올 수 있습니다. 실무에서는 권한 조건, 할인 적용 조건, 검색 필터 조건 같은 곳에 유용합니다. TypeScript에서는 조건을 함수로 표현하고 조합 유틸을 만들면 가볍게 적용할 수 있습니다. 다만 조건이 많아지면 성능과 가독성을 함께 고려해야 하고, 사양 이름이 곧 문서가 되므로 네이밍이 중요합니다.	사양패턴									frontend	typescript	pattern	ddd
Q742	폴리시객체패턴(Policy Object)		언어 중심 - TypeScript	97	INITIALS	MEDIUM	규칙이나 전략을 객체로 분리해 주입하고, 상황에 따라 다른 정책을 적용할 수 있게 만드는 설계는 무엇인가?	폴리시 객체는 전략 패턴과 닮았지만, 특히 “규칙”을 중심으로 분리할 때 자주 쓰입니다. 면접에서는 if/else 분기 폭발을 어떻게 줄일지 질문에서 좋은 답이 됩니다. 실무에서는 접근 제어, 할인 계산, 추천 로직, 시드 정책 같은 곳에서 정책을 교체 가능하게 만드는 데 유용합니다. TypeScript에서는 인터페이스로 정책 계약을 정의하고 구현체를 주입하면 테스트도 쉬워집니다. 정책이 많아지면 선택 로직(팩토리/레지스트리)을 함께 설계해야 관리가 됩니다.	폴리시객체패턴									frontend	typescript	pattern	design
Q743	핸들러체인패턴(Chain of Responsibility)		언어 중심 - TypeScript	97	INITIALS	MEDIUM	여러 핸들러가 순서대로 요청을 처리하며, 처리 가능하면 멈추고 아니면 다음으로 넘기는 패턴은 무엇인가?	책임 연쇄는 미들웨어 체인과 개념적으로 유사합니다. 면접에서는 인증/권한/검증/변환 단계를 체인으로 구성하는 예시가 자주 나옵니다. 실무에서는 에러 처리 체인, 요청 처리 파이프라인, 이벤트 처리 라우팅에서 유용합니다. TypeScript에서는 핸들러 시그니처를 표준화하고, next 호출 규칙을 강제하면 안전합니다. 다만 체인이 길어지면 어디서 처리됐는지 추적이 어려워 로깅과 트레이싱을 함께 설계해야 합니다.	핸들러체인패턴									frontend	typescript	pattern	middleware
Q744	커맨드패턴(Command Pattern)		언어 중심 - TypeScript	97	INITIALS	MEDIUM	실행할 동작을 객체로 캡슐화해 큐잉, 취소, 재실행 같은 기능을 쉽게 만드는 패턴은 무엇인가?	커맨드 패턴은 동작을 데이터처럼 다루게 해줍니다. 면접에서는 undo/redo 구현을 어떻게 할지에서 자주 등장합니다. 실무에서는 에디터, 작업 큐, 배치 처리, 매크로 기능에서 유용합니다. TypeScript에서는 커맨드 인터페이스를 두고 execute undo를 정의해 구현할 수 있습니다. 커맨드가 많아지면 직렬화, 버전 호환, 실패 시 보상 같은 운영 설계까지 고려해야 합니다.	커맨드패턴									frontend	typescript	pattern	design
Q745	유효성검증파이프라인(Validation Pipeline)		언어 중심 - TypeScript	97	INITIALS	MEDIUM	입력 검증을 여러 단계로 나누고, 각 단계가 실패 이유를 누적/표준화해 반환하도록 만드는 구조는 무엇인가?	검증 파이프라인은 입력 검증을 재사용 가능하고 테스트 가능하게 만듭니다. 면접에서는 런타임 검증이 왜 필요한지(타입은 컴파일 타임)와 함께 나올 수 있습니다. 실무에서는 폼 검증, API 요청 바디 검증, 환경 변수 검증에서 유용합니다. TypeScript에서는 검증 결과를 Result나 에러 리스트로 표준화하면 UI와 서버 모두에서 처리하기 쉽습니다. 중요한 포인트는 “첫 실패에서 멈출지” “모든 오류를 모을지” 정책을 요구사항에 맞춰 정하는 것입니다.	유효성검증파이프라인									frontend	typescript	pattern	validation
Q746	런타임스키마검증(Runtime Schema Validation)		언어 중심 - TypeScript	97	INITIALS	MEDIUM	Zod 같은 스키마로 런타임에 입력을 검증하고, 통과 시 안전한 타입으로 변환해 사용하는 접근은 무엇인가?	TS 타입은 런타임에 존재하지 않으므로, 외부 입력은 반드시 런타임 검증이 필요합니다. 면접에서는 “API 응답을 믿어도 되나” 질문에서 스키마 검증을 언급하면 강점이 됩니다. 실무에서는 unknown 입력을 스키마로 파싱해 안전한 타입으로 바꾸고, 실패 시 명확한 에러를 반환합니다. TypeScript에서는 스키마로부터 타입을 추론해 중복 선언을 줄일 수 있습니다. 다만 스키마 정의가 비용이 되므로, 핵심 경계(네트워크/스토리지)부터 적용하는 전략이 좋습니다.	런타임스키마검증									frontend	typescript	pattern	validation
Q747	타입레벨테스트패턴(Type-level Tests)		언어 중심 - TypeScript	97	INITIALS	MEDIUM	타입이 의도대로 동작하는지 컴파일 단계에서 검증하기 위해 expectType 같은 방식으로 타입 테스트를 두는 접근은 무엇인가?	타입 레벨 테스트는 런타임 테스트가 잡지 못하는 타입 계약을 보호합니다. 면접에서는 라이브러리 제작 경험이나 대규모 타입 설계 경험이 있으면 가점이 됩니다. 실무에서는 공용 유틸 타입, API 타입 생성 로직이 바뀔 때 회귀를 막는 데 유용합니다. TypeScript에서는 tsd, expect-type 같은 도구를 쓰거나, 간단히 “컴파일 실패가 나야 하는 케이스”를 fixture로 두기도 합니다. 다만 도구 도입 비용이 있으니 핵심 타입부터 적용하는 게 현실적입니다.	타입레벨테스트패턴									frontend	typescript	pattern	testing
Q748	계약테스트패턴(Contract Testing)		언어 중심 - TypeScript	97	INITIALS	MEDIUM	소비자와 제공자 간 API 계약이 깨지지 않도록, 스키마나 pact 기반으로 계약을 검증하는 테스트 접근은 무엇인가?	계약 테스트는 마이크로서비스나 프론트-백엔드 협업에서 특히 중요합니다. 면접에서는 API 변경이 왜 사고를 내는지와, 이를 방지하는 체계를 아는지 확인할 때 나옵니다. 실무에서는 OpenAPI 스키마, JSON Schema, Pact 같은 방식으로 계약을 검증합니다. TypeScript에서는 계약으로부터 타입을 생성해 소비자 쪽 실수를 줄일 수 있습니다. 단, 테스트만으로는 모든 변경을 막을 수 없으니 버저닝과 호환성 정책도 함께 필요합니다.	계약테스트패턴									frontend	typescript	pattern	testing
Q749	버전드API패턴(Versioned API)		언어 중심 - TypeScript	97	INITIALS	MEDIUM	API 변경을 안전하게 배포하기 위해 v1 v2처럼 버전을 분리하거나 헤더로 버전을 관리하는 전략은 무엇인가?	버전드 API는 호환성 관리를 위한 핵심 전략입니다. 면접에서는 버저닝을 언제 해야 하는지, 경로 버저닝과 헤더 버저닝의 차이를 물을 수 있습니다. 실무에서는 레거시 클라이언트가 살아있을 때, 큰 변경을 병행 운영하기 위해 버전 분리가 필요합니다. TypeScript 클라이언트에서는 버전별 SDK 타입을 분리해 혼용을 방지할 수 있습니다. 버전이 늘어나면 운영 비용이 커지므로, deprecate 정책과 종료 시점을 명확히 해야 합니다.	버전드API패턴									frontend	typescript	pattern	api
Q750	스키마퍼스트패턴(Schema-first)		언어 중심 - TypeScript	97	INITIALS	MEDIUM	API 스키마(OpenAPI GraphQL 등)를 먼저 정의하고, 그로부터 코드와 타입을 생성해 일관성을 맞추는 접근은 무엇인가?	스키마 퍼스트는 “계약을 소스 오브 트루스로 둔다”는 철학입니다. 면접에서는 코드 퍼스트와 비교해 장단점을 말할 수 있어야 합니다. 실무에서는 프론트와 백이 동시에 개발할 때 mock과 타입 생성이 가능해 생산성이 높습니다. TypeScript에서는 생성된 타입을 그대로 쓰면서 수동 타입 정의 중복을 줄일 수 있습니다. 다만 스키마 관리가 느슨해지면 오히려 혼란이 커지므로, 리뷰와 배포 파이프라인에 스키마 검증을 넣는 것이 좋습니다.	스키마퍼스트패턴									frontend	typescript	pattern	api
Q751	멱등키패턴(Idempotency Key)		언어 중심 - TypeScript	97	INITIALS	MEDIUM	같은 요청이 재전송되어도 중복 처리가 되지 않도록, 요청마다 고유 키를 붙여 서버가 중복을 구분하게 하는 패턴은 무엇인가?	멱등 키는 재시도와 함께 거의 세트로 등장합니다. 면접에서는 결제 중복 방지 시나리오로 자주 물어봅니다. 실무에서는 클라이언트가 UUID를 생성해 헤더나 바디로 보내고, 서버는 처리 결과를 키로 저장해 재요청에 같은 결과를 반환합니다. TypeScript에서는 요청 래퍼에서 멱등 키를 자동 주입해 실수를 줄일 수 있습니다. 키 보관 기간, 개인정보 포함 여부, 키 충돌 방지 같은 운영 요소도 함께 고려해야 합니다.	멱등키패턴									frontend	typescript	pattern	reliability
Q752	리퀘스트리플레이패턴(Request Replay)		언어 중심 - TypeScript	97	INITIALS	MEDIUM	실패한 요청을 동일한 입력으로 다시 실행하거나, 저장된 요청 로그로 재처리해 복구하는 접근을 무엇이라고 하는가?	요청 리플레이는 장애 복구나 데이터 정합성 맞추기에 쓰입니다. 면접에서는 재처리 시 멱등성이 왜 필수인지 연결해 질문할 수 있습니다. 실무에서는 outbox 적체를 재발행하거나, 실패 이벤트를 dead-letter에서 꺼내 재처리하는 흐름이 이에 해당합니다. TypeScript에서도 작업 큐나 배치 처리에서 리플레이 개념이 흔합니다. 리플레이 시점의 환경 변화(스키마 변경, 비즈니스 규칙 변경)를 어떻게 처리할지 정책이 중요합니다.	리퀘스트리플레이패턴									frontend	typescript	pattern	recovery
Q753	데드레터큐패턴(Dead Letter Queue)		언어 중심 - TypeScript	97	INITIALS	MEDIUM	처리 실패한 메시지를 별도 큐로 분리해 보관하고, 이후 분석/재처리할 수 있게 하는 패턴은 무엇인가?	DLQ는 메시징 시스템 운영에서 매우 중요합니다. 면접에서는 “실패한 메시지를 어떻게 다루나” 질문에서 자주 나옵니다. 실무에서는 재시도 한계를 넘긴 메시지를 DLQ로 보내고, 원인 분석 후 재처리합니다. TypeScript 컨슈머에서도 실패 원인 분류, 경고 알림, DLQ로의 라우팅이 구현 포인트입니다. DLQ가 쌓이면 곧 운영 리스크이므로, 모니터링과 처리 SLA를 함께 정해야 합니다.	데드레터큐패턴									frontend	typescript	pattern	messaging
Q754	리플레이어택대응패턴(Replay Attack Mitigation)		언어 중심 - TypeScript	97	INITIALS	MEDIUM	동일 요청을 가로채 재전송하는 공격을 막기 위해 nonce 타임스탬프 서명 등을 사용하는 보안 접근은 무엇인가?	리플레이 공격은 요청을 탈취해 다시 보내는 방식이라, 멱등성 문제와는 또 다른 보안 이슈입니다. 면접에서는 nonce, timestamp, 서명 검증, 만료 시간 같은 개념을 알고 있는지 물을 수 있습니다. 실무에서는 결제/인증 같은 민감한 요청에서 특히 중요하며, HTTPS만으로 완전히 해결되지 않는 경우도 있습니다. TypeScript에서는 클라이언트가 서명/nonce를 생성하고 서버가 검증하는 프로토콜을 구현할 수 있습니다. 설계가 복잡하므로 표준(OAuth, JWT, HMAC 서명)을 활용하는 게 보통 더 안전합니다.	리플레이어택대응패턴									frontend	typescript	pattern	security
Q755	인터페이스세그리게이션원칙(ISP)		언어 중심 - TypeScript	97	INITIALS	MEDIUM	클라이언트가 쓰지 않는 메서드에 의존하지 않도록, 인터페이스를 작은 단위로 나누는 설계 원칙은 무엇인가?	ISP는 SOLID 중 하나로, “뚱뚱한 인터페이스”가 생기는 것을 막습니다. 면접에서는 SOLID 원칙을 설명해보라는 질문에서 자주 등장합니다. TypeScript에서는 구조적 타이핑이라 인터페이스 분리가 더 유연하지만, 여전히 계약을 작게 유지하는 습관이 중요합니다. 실무에서는 UI 컴포넌트 props, 서비스 계약, 어댑터 계약을 최소 단위로 분리하면 테스트도 쉬워집니다. 다만 너무 쪼개면 인터페이스가 난립할 수 있어 적절한 응집도를 유지해야 합니다.	인터페이스세그리게이션원칙									frontend	typescript	pattern	solid
Q756	의존성역전원칙(DIP)		언어 중심 - TypeScript	97	INITIALS	MEDIUM	고수준 모듈이 저수준 구현에 직접 의존하지 않고, 추상(인터페이스)에 의존하도록 만드는 원칙은 무엇인가?	DIP는 테스트 가능성과 교체 가능성을 높이는 핵심 원칙입니다. 면접에서는 DI(의존성 주입)와의 차이까지 연결해 질문이 나올 수 있습니다. TypeScript에서도 구현체를 직접 import해서 쓰는 대신, 인터페이스와 팩토리/주입 방식으로 결합도를 낮출 수 있습니다. 실무에서는 HTTP 클라이언트, 저장소, 로거 같은 인프라 의존을 추상화하면 테스트가 쉬워집니다. 다만 작은 프로젝트에서 과도한 추상화는 복잡도를 늘릴 수 있어 규모에 맞게 적용해야 합니다.	의존성역전원칙									frontend	typescript	pattern	solid
Q757	포트어댑터패턴(Ports and Adapters)		언어 중심 - TypeScript	97	INITIALS	MEDIUM	코어 로직은 포트(인터페이스)에만 의존하고, 외부 연동은 어댑터로 분리해 교체 가능하게 만드는 구조는 무엇인가?	포트/어댑터는 헥사고날 아키텍처의 핵심 아이디어입니다. 면접에서는 외부 의존을 어떻게 격리해 테스트하는지 질문에서 자주 등장합니다. TypeScript에서는 포트를 인터페이스로 정의하고, 어댑터가 이를 구현하도록 하면 됩니다. 실무에서는 REST 어댑터를 GraphQL로 바꾸거나, 실제 저장소를 메모리 저장소로 바꿔 테스트하는 식으로 장점을 체감합니다. 포트 설계를 잘못하면 추상화가 새는 문제가 생기므로 “도메인 언어”로 포트를 정의하는 것이 중요합니다.	포트어댑터패턴									frontend	typescript	pattern	architecture
Q758	헥사고날테스팅패턴(Hexagonal Testing)		언어 중심 - TypeScript	97	INITIALS	MEDIUM	외부 의존 없이 코어 유스케이스를 테스트하고, 어댑터는 별도 테스트로 검증하는 테스트 접근을 무엇이라고 하는가?	헥사고날 테스팅은 의존성 역전을 활용해 핵심 로직을 빠르고 안정적으로 테스트하는 방식입니다. 면접에서는 단위 테스트와 통합 테스트의 경계를 어떻게 잡는지 질문에서 연결될 수 있습니다. TypeScript에서는 포트를 mock으로 대체해 유스케이스 테스트를 작성할 수 있습니다. 실무에서는 테스트 실행 시간이 줄고, 환경 의존 이슈가 감소해 CI 안정성이 좋아집니다. 다만 어댑터 통합 테스트를 소홀히 하면 실제 연동에서 문제가 생기므로 균형이 필요합니다.	헥사고날테스팅패턴									frontend	typescript	pattern	testing
Q759	컴포지션루트패턴(Composition Root)		언어 중심 - TypeScript	97	INITIALS	MEDIUM	의존성 생성과 연결을 앱 시작 지점 한 곳에 모아두는 설계 방식은 무엇인가?	컴포지션 루트는 DI 구성을 한곳에 모아 결합도를 낮추는 아이디어입니다. 면접에서는 “객체 생성은 어디서 하나” 질문에서 좋은 답이 됩니다. TypeScript에서도 엔트리 파일에서 서비스/어댑터를 조립하고, 내부 모듈은 추상에만 의존하게 만들 수 있습니다. 실무에서는 환경별(로컬/스테이징/프로덕션) 구현체 스왑이 쉬워집니다. 다만 프론트에서는 프레임워크가 생성 흐름을 일부 주도하므로, 루트 구성 파일을 명확히 두는 정도로 적용하는 경우가 많습니다.	컴포지션루트패턴									frontend	typescript	pattern	di
Q760	안티코럽션레이어(ACL)		언어 중심 - TypeScript	97	INITIALS	MEDIUM	외부 시스템 모델이 내부 도메인을 오염시키지 않도록 변환 계층을 두는 패턴은 무엇인가?	ACL은 DDD에서 외부 연동의 복잡도를 내부로 퍼뜨리지 않기 위한 전략입니다. 면접에서는 “외부 API 모델이 바뀌면 내부가 다 깨지는 문제”를 어떻게 막을지 질문에서 등장합니다. TypeScript에서는 외부 DTO를 내부 도메인 모델로 매핑하는 어댑터/매퍼를 ACL로 둘 수 있습니다. 실무에서는 서드파티 결제, 주소 검색, 추천 API처럼 바뀔 가능성이 큰 연동에서 특히 유용합니다. 매핑 비용이 들지만 장기적으로 변경 영향 범위를 줄여 유지보수가 쉬워집니다.	안티코럽션레이어									frontend	typescript	pattern	ddd
Q761	스트랭글러패턴(Strangler Fig)		언어 중심 - TypeScript	97	INITIALS	MEDIUM	레거시를 한 번에 갈아엎지 않고, 새 기능을 바깥에서 감싸 점진적으로 대체하는 리팩터링 전략은 무엇인가?	스트랭글러 패턴은 마이그레이션의 현실적 해법입니다. 면접에서는 “레거시 시스템을 어떻게 교체할지”에서 자주 나옵니다. 실무에서는 라우트 단위로 새 시스템으로 트래픽을 일부 전환하고 점점 확장합니다. TypeScript 프론트에서는 페이지 단위 마이그레이션, 백엔드에서는 엔드포인트 단위 전환으로 응용됩니다. 핵심은 두 시스템이 공존하는 기간을 안정적으로 운영하는 것이며, 관찰 가능성과 롤백 전략이 중요합니다.	스트랭글러패턴									frontend	typescript	pattern	migration
Q762	피처플래그패턴(Feature Flag)		언어 중심 - TypeScript	97	INITIALS	MEDIUM	기능을 배포와 분리해 플래그로 켜고 끄며 점진 롤아웃이나 A/B 테스트를 하는 패턴은 무엇인가?	피처 플래그는 배포 리스크를 줄이고 실험을 가능하게 합니다. 면접에서는 플래그의 장점뿐 아니라 “플래그가 쌓이면 기술 부채”라는 단점을 함께 말하면 좋습니다. TypeScript에서는 플래그 키를 타입으로 관리해 오타를 줄이고, 플래그 값에 따라 분기되는 코드 경로를 테스트해야 합니다. 실무에서는 카나리 릴리즈, 점진 롤아웃, 긴급 차단(kill switch)에 많이 쓰입니다. 플래그 종료 시점과 제거 계획을 운영 정책으로 정해두는 게 중요합니다.	피처플래그패턴									frontend	typescript	pattern	release
Q763	카나리릴리즈패턴(Canary Release)		언어 중심 - TypeScript	97	INITIALS	MEDIUM	전체 사용자에게 한 번에 배포하지 않고, 일부 트래픽에 먼저 배포해 안정성을 확인하는 배포 전략은 무엇인가?	카나리는 장애 범위를 제한하는 대표적인 운영 패턴입니다. 면접에서는 블루그린과 비교해 설명하라는 질문이 나올 수 있습니다. 실무에서는 일부 사용자/일부 서버/일부 지역에 먼저 적용하고, 모니터링 지표가 안정적이면 확장합니다. TypeScript 서비스나 프론트 배포에서도 동일 개념을 적용할 수 있습니다. 카나리 중에는 로그/알람을 강화하고, 롤백이 즉시 가능하도록 준비하는 것이 중요합니다.	카나리릴리즈패턴									frontend	typescript	pattern	devops
Q764	블루그린배포패턴(Blue Green Deployment)		언어 중심 - TypeScript	97	INITIALS	MEDIUM	두 환경을 유지하다가 트래픽을 한 번에 전환해 다운타임을 줄이고 롤백을 쉽게 하는 배포 방식은 무엇인가?	블루그린 배포는 전환이 명확해 롤백이 쉽다는 장점이 있습니다. 면접에서는 카나리와의 차이와 언제 어떤 걸 쓰는지 물을 수 있습니다. 실무에서는 인프라 비용이 두 배로 들 수 있지만, 안정성과 속도 면에서 이점이 있습니다. TypeScript 앱에서도 서버 배포뿐 아니라 SPA 정적 배포에서 버전 전환 전략으로 적용 가능합니다. 데이터베이스 마이그레이션이 함께 있을 때는 양쪽 버전 호환성을 고려해야 합니다.	블루그린배포패턴									frontend	typescript	pattern	devops
Q765	서킷브레이커패턴(Circuit Breaker)		언어 중심 - TypeScript	97	INITIALS	MEDIUM	외부 의존이 계속 실패할 때 호출을 잠시 차단하고, 일정 조건에서만 다시 시도해 장애 전파를 막는 패턴은 무엇인가?	서킷 브레이커는 장애 확산을 막는 핵심 패턴입니다. 면접에서는 오픈/하프오픈/클로즈드 상태 개념을 아는지 묻기도 합니다. 실무에서는 외부 API가 느리거나 실패할 때 타임아웃과 함께 적용해 전체 시스템 다운을 방지합니다. TypeScript 서비스에서도 HTTP 클라이언트 래퍼에 서킷 브레이커를 넣을 수 있고, 폴백 응답을 설계하는 것이 중요합니다. 튜닝(임계값, 복구 시간)을 잘못하면 정상 상황에서도 차단이 발생할 수 있어 지표 기반으로 조정해야 합니다.	서킷브레이커패턴									frontend	typescript	pattern	reliability
Q766	폴백패턴(Fallback)		언어 중심 - TypeScript	97	INITIALS	MEDIUM	실패 시 대체 경로(캐시, 기본값, 다른 제공자)로 처리해 기능을 유지하는 전략을 무엇이라고 하는가?	폴백은 “완벽히 실패하지 않기”를 목표로 합니다. 면접에서는 폴백이 사용자 경험을 어떻게 바꾸는지, 그리고 데이터 정합성과 충돌할 때 어떻게 판단하는지 질문이 나올 수 있습니다. 실무에서는 캐시된 값 보여주기, 기본 추천 리스트 제공, 읽기 전용 모드 전환 같은 방식이 있습니다. TypeScript에서는 폴백 결과의 타입을 일관되게 맞추고, 폴백 발생 여부를 로깅해 운영에서 감지할 수 있게 해야 합니다. 폴백이 숨은 장애를 만들지 않도록 알림/지표를 함께 두는 것이 중요합니다.	폴백패턴									frontend	typescript	pattern	reliability
Q767	타임아웃패턴(Timeout)		언어 중심 - TypeScript	97	INITIALS	MEDIUM	외부 호출이나 비동기 작업이 일정 시간 내 끝나지 않으면 중단하고 실패로 처리해 자원 고갈을 막는 규칙은 무엇인가?	타임아웃은 안정성의 기본 도구입니다. 면접에서는 타임아웃이 없으면 어떤 문제가 생기는지(스레드/커넥션 고갈)를 설명할 수 있어야 합니다. 실무에서는 모든 외부 의존 호출에 타임아웃을 기본으로 두는 것이 좋습니다. TypeScript에서는 AbortController로 fetch 타임아웃을 구현하거나, Promise.race로 래핑하는 방식이 있습니다. 타임아웃 시간은 너무 짧으면 오탐이 늘고, 너무 길면 장애 전파가 커지므로 지표 기반으로 튜닝해야 합니다.	타임아웃패턴									frontend	typescript	pattern	reliability
Q768	벌크헤드패턴(Bulkhead)		언어 중심 - TypeScript	97	INITIALS	MEDIUM	한 영역의 장애가 전체로 번지지 않도록 자원을 격리해 “칸막이”를 두는 안정성 패턴은 무엇인가?	벌크헤드는 배의 격벽처럼 장애를 격리하는 개념입니다. 면접에서는 서킷 브레이커와 함께 회복탄력성 패턴으로 묶여 질문될 수 있습니다. 실무에서는 스레드 풀 분리, 큐 분리, 기능별 리소스 한도 설정으로 구현합니다. TypeScript 서비스에서도 엔드포인트별 동시성 제한, 큐 분리, 워커 풀 분리 같은 형태로 적용 가능합니다. 격리 단위를 잘못 잡으면 자원 활용이 떨어질 수 있으니, SLA와 트래픽 특성을 기반으로 설계해야 합니다.	벌크헤드패턴									frontend	typescript	pattern	reliability
Q769	헬스체크패턴(Health Check)		언어 중심 - TypeScript	97	INITIALS	MEDIUM	서비스가 정상 동작하는지 확인하기 위해 상태 엔드포인트나 점검 로직을 제공하는 운영 패턴은 무엇인가?	헬스 체크는 배포/오토스케일링/장애 감지의 기본 요소입니다. 면접에서는 liveness와 readiness 차이를 물을 수 있습니다. 실무에서는 DB 연결, 캐시 연결, 필수 외부 의존 상태를 readiness에 반영해 트래픽을 받지 않게 만들기도 합니다. TypeScript 서버에서는 /health 엔드포인트를 두고, 내부 점검 결과를 표준 포맷으로 반환하는 구현이 흔합니다. 헬스 체크가 너무 무거우면 오히려 부하가 되니, 점검 범위를 적절히 조절해야 합니다.	헬스체크패턴									frontend	typescript	pattern	devops
Q770	관측가능성패턴(Observability)		언어 중심 - TypeScript	97	INITIALS	MEDIUM	로그 메트릭 트레이스를 통해 시스템 상태를 외부에서 추론 가능하게 만드는 운영 설계는 무엇이라고 하는가?	관측 가능성은 장애를 “빨리 발견하고 빨리 원인 파악”하기 위한 핵심입니다. 면접에서는 로그와 메트릭과 트레이스의 역할 차이를 설명할 수 있어야 합니다. TypeScript 서비스에서도 구조화 로그, 요청 id, 분산 트레이싱을 도입하면 운영 품질이 크게 좋아집니다. 실무에서는 SLO/알람 기준을 정하고, 단순히 로그를 쌓는 게 아니라 “질문에 답할 수 있는 형태”로 남기는 것이 중요합니다. 비용과 개인정보 노출 리스크도 있으니, 로그 마스킹 정책을 함께 운영해야 합니다.	관측가능성패턴									frontend	typescript	pattern	devops
Q771	코릴레이션아이디패턴(Correlation ID)		언어 중심 - TypeScript	97	INITIALS	MEDIUM	분산 호출을 한 흐름으로 묶어 추적하기 위해 요청마다 추적 id를 부여하고 전파하는 방식은 무엇인가?	코릴레이션 ID는 분산 트레이싱의 기본 구성요소입니다. 면접에서는 로그에서 한 요청 흐름을 어떻게 찾는지 질문에서 자주 나옵니다. 실무에서는 API 게이트웨이에서 id를 생성하거나, 클라이언트가 생성해 헤더로 전달하기도 합니다. TypeScript 서버에서는 미들웨어로 id를 주입하고 모든 로그에 포함시키는 패턴이 흔합니다. id 전파가 누락되면 추적이 끊기므로, 표준 헤더 이름과 전파 규칙을 팀 컨벤션으로 정해두는 것이 좋습니다.	코릴레이션아이디패턴									frontend	typescript	pattern	observability
Q772	구조화로깅패턴(Structured Logging)		언어 중심 - TypeScript	97	INITIALS	MEDIUM	문자열 로그 대신 JSON 같은 구조로 로그를 남겨 검색/집계를 쉽게 하는 로깅 방식은 무엇인가?	구조화 로깅은 운영에서 로그를 데이터로 활용하게 해줍니다. 면접에서는 로그 레벨, 필드 설계(traceId userId 등), 개인정보 마스킹을 물을 수 있습니다. TypeScript에서는 pino 같은 로거로 JSON 로그를 남기는 패턴이 흔합니다. 실무에서는 검색/대시보드/알람을 만들기 쉬워지고, 장애 원인 분석이 빨라집니다. 다만 필드가 난립하면 표준화가 깨지니, 공통 스키마를 정해 팀 전체가 따르는 것이 중요합니다.	구조화로깅패턴									frontend	typescript	pattern	logging
Q773	샘플링패턴(Sampling)		언어 중심 - TypeScript	97	INITIALS	MEDIUM	모든 로그나 트레이스를 다 남기지 않고 일부만 선택적으로 수집해 비용을 줄이는 전략은 무엇인가?	샘플링은 관측 가능성 비용을 통제하는 핵심 기법입니다. 면접에서는 “왜 전부 수집하면 안 되나”와, 오류/지연 요청을 우선 수집하는 방식 같은 질문이 나올 수 있습니다. 실무에서는 정상 트래픽은 낮은 비율로, 에러나 느린 요청은 100%에 가깝게 수집하는 적응형 샘플링을 쓰기도 합니다. TypeScript 서비스에서도 트레이싱 SDK가 샘플링 옵션을 제공하는 경우가 많습니다. 샘플링이 너무 공격적이면 중요한 사건을 놓칠 수 있으니, SLO와 장애 패턴에 맞춰 조정해야 합니다.	샘플링패턴									frontend	typescript	pattern	observability
Q774	어댑터모듈패턴(Adapter Module)		언어 중심 - TypeScript	97	INITIALS	MEDIUM	외부 라이브러리나 API 호출을 한 모듈로 감싸 내부에서는 그 모듈만 사용하도록 강제해 결합도를 낮추는 패턴은 무엇인가?	어댑터 모듈은 외부 의존을 코드베이스 안으로 “직접 퍼지지 않게” 막는 실무형 패턴입니다. 면접에서는 왜 이런 경계를 두는지(교체 용이성, 테스트 용이성, 일관된 에러 모델) 설명하면 좋습니다. TypeScript에서는 어댑터 함수의 입력/출력 타입을 내부 표준 DTO로 맞춰두면, 상위 레이어의 로직이 훨씬 단순해집니다. 실무에서는 HTTP, 스토리지, 분석 SDK 같은 외부 도구를 어댑터로 감싸는 경우가 많습니다. 단, 어댑터가 너무 두꺼워지면 퍼사드/서비스로 역할이 바뀌므로 책임 경계를 명확히 해야 합니다.	어댑터모듈패턴									frontend	typescript	pattern	architecture
Q775	매퍼패턴(Mapper Pattern)		언어 중심 - TypeScript	97	INITIALS	MEDIUM	외부 DTO를 내부 도메인 모델로, 혹은 도메인 모델을 UI 모델로 변환하는 변환 로직을 분리하는 패턴은 무엇인가?	매퍼 패턴은 모델 간 변환이 많을 때 중복과 혼란을 줄여줍니다. 면접에서는 DTO와 도메인 모델을 왜 분리하는지, 그리고 변환 책임을 어디에 두는지 질문이 나올 수 있습니다. TypeScript에서는 변환 함수의 타입을 명확히 하면 변환 누락 필드나 잘못된 매핑을 컴파일 단계에서 줄일 수 있습니다. 실무에서는 API 응답 스키마가 자주 변하거나, 화면별로 필요한 필드가 다른 경우 매퍼가 특히 유용합니다. 다만 매퍼 파일이 난립하면 관리가 어려우니 도메인/기능 단위로 정리하는 게 좋습니다.	매퍼패턴									frontend	typescript	pattern	mapping
Q776	파사드패턴(Facade Pattern)		언어 중심 - TypeScript	97	INITIALS	MEDIUM	복잡한 여러 모듈/서비스 호출을 하나의 단순한 API로 묶어 제공하는 패턴은 무엇인가?	파사드는 복잡도를 감추고 사용성을 높입니다. 면접에서는 “서비스가 너무 복잡해졌을 때 소비자 코드를 어떻게 단순화하나” 질문에서 나올 수 있습니다. TypeScript에서는 여러 API 호출과 후처리를 파사드로 묶어, UI가 한 함수만 호출하도록 만들기도 합니다. 실무에서는 결제 플로우, 로그인 플로우처럼 여러 단계가 필요한 기능에서 특히 유용합니다. 다만 파사드가 만능 서비스가 되면 책임이 커지므로, 기능 단위로 쪼개는 설계가 중요합니다.	파사드패턴									frontend	typescript	pattern	architecture
Q777	바운디드컨텍스트패턴(Bounded Context)		언어 중심 - TypeScript	97	INITIALS	MEDIUM	같은 용어라도 컨텍스트에 따라 의미가 달라질 수 있으니, 경계를 나눠 모델과 용어를 분리하는 DDD 개념은 무엇인가?	바운디드 컨텍스트는 “모델의 경계”를 정의해 복잡도를 줄입니다. 면접에서는 유비쿼터스 언어와 함께, 왜 하나의 공통 모델로 통합하면 문제가 생기는지 질문이 나올 수 있습니다. TypeScript 프로젝트에서도 모듈/패키지 단위로 컨텍스트를 나누고, 타입을 섞지 않게 하면 유지보수가 좋아집니다. 실무에서는 계정, 결제, 퀴즈처럼 도메인이 다른 영역을 분리해 개발 속도와 안정성을 높입니다. 경계를 넘는 통신은 DTO/이벤트로 하고, 내부 타입을 직접 공유하지 않는 전략이 안전합니다.	바운디드컨텍스트패턴									frontend	typescript	pattern	ddd
Q778	유비쿼터스언어(Ubiquitous Language)		언어 중심 - TypeScript	97	INITIALS	MEDIUM	개발자와 도메인 전문가가 같은 용어를 사용하도록 용어를 통일해 모델과 코드에 반영하는 DDD 개념은 무엇인가?	유비쿼터스 언어는 코드 품질보다 “소통 품질”을 끌어올리는 핵심입니다. 면접에서는 도메인 용어를 코드에 어떻게 반영했는지 경험을 물을 수 있습니다. TypeScript에서도 타입/함수/폴더 이름을 도메인 용어로 일관되게 두면 읽기 쉬운 코드가 됩니다. 실무에서는 용어가 흔들리면 모델이 흔들리고, 결국 버그와 오해가 늘어납니다. 문서와 코드, 기획서에서 같은 단어를 쓰는 체계를 만드는 것이 중요합니다.	유비쿼터스언어									frontend	typescript	pattern	ddd
Q779	리포지토리패턴(Repository Pattern)		언어 중심 - TypeScript	97	INITIALS	MEDIUM	데이터 접근 로직을 추상화해, 도메인이 저장 방식(DB API 등)을 모르도록 만드는 패턴은 무엇인가?	리포지토리는 도메인과 데이터 저장 기술을 분리합니다. 면접에서는 리포지토리가 왜 필요한지와, ORM을 그대로 쓰면 어떤 결합이 생기는지 질문이 나올 수 있습니다. TypeScript에서는 DB 접근이든 API 접근이든 “저장소 인터페이스”로 추상화해 테스트 더블로 대체하기 쉬워집니다. 실무에서는 캐시를 끼우거나 저장 방식을 바꿀 때 리포지토리 계층이 큰 도움이 됩니다. 다만 지나친 추상화는 중복 코드가 될 수 있어, 도메인 복잡도에 맞춰 적용해야 합니다.	리포지토리패턴									frontend	typescript	pattern	persistence
Q780	유닛오브워크패턴(Unit of Work)		언어 중심 - TypeScript	97	INITIALS	MEDIUM	여러 변경을 하나의 작업 단위로 모아 한 번에 커밋하고, 롤백도 한 번에 처리하도록 관리하는 패턴은 무엇인가?	Unit of Work는 트랜잭션 단위를 코드로 표현하는 방식입니다. 면접에서는 “여러 저장을 하나의 트랜잭션으로 묶는 방법”을 물을 수 있습니다. TypeScript에서도 ORM을 쓰면 내부적으로 UoW가 구현된 경우가 많고, 이벤트 발행 시점과도 연관이 있습니다. 실무에서는 중간 저장을 남발하면 정합성이 깨지므로, 변경을 모아 커밋하는 전략이 중요합니다. 분산 환경에서는 UoW가 한 DB에만 적용될 수 있어, 사가/보상 트랜잭션과의 조합을 고려해야 합니다.	유닛오브워크패턴									frontend	typescript	pattern	transactions
Q781	트랜잭션경계패턴(Transaction Boundary)		언어 중심 - TypeScript	97	INITIALS	MEDIUM	어디부터 어디까지를 하나의 원자적 작업으로 볼지 경계를 정하고, 그 안에서만 일관성을 보장하려는 설계는 무엇인가?	트랜잭션 경계는 데이터 정합성과 성능을 좌우합니다. 면접에서는 서비스 함수 단위로 트랜잭션을 잡는 이유, 그리고 너무 넓으면 락이 길어져 성능이 떨어진다는 점을 말할 수 있어야 합니다. TypeScript 서버에서도 DB 트랜잭션을 사용할 때 경계를 명확히 잡아야 합니다. 실무에서는 외부 API 호출을 트랜잭션 내부에 넣으면 위험할 수 있어, 순서와 보상 전략을 고려합니다. 경계를 잘 잡으면 장애 시 롤백이 예측 가능해지고 운영이 편해집니다.	트랜잭션경계패턴									frontend	typescript	pattern	transactions
Q782	아웃박스폴링패턴(Outbox Polling)		언어 중심 - TypeScript	97	INITIALS	MEDIUM	outbox 테이블을 주기적으로 조회해 미발행 이벤트를 발행하고, 성공하면 발행 완료로 마킹하는 방식은 무엇인가?	아웃박스 폴링은 트랜잭셔널 아웃박스의 대표 구현 방식입니다. 면접에서는 폴링 주기, 중복 발행, 장애 복구를 어떻게 설계하는지 질문이 나올 수 있습니다. TypeScript 서비스에서도 워커를 두고 outbox를 읽어 브로커로 발행하는 구조를 만들 수 있습니다. 실무에서는 폴링이 느리면 지연이 커지고, 빠르면 DB 부하가 증가하니 트레이드오프가 있습니다. 발행 실패 시 재시도와 DLQ, 모니터링이 필수입니다.	아웃박스폴링패턴									frontend	typescript	pattern	distributed
Q783	인박스패턴(Inbox Pattern)		언어 중심 - TypeScript	97	INITIALS	MEDIUM	수신한 메시지를 먼저 저장(Inbox)해 중복 수신을 제거하고, 이후 안전하게 처리하는 패턴은 무엇인가?	인박스 패턴은 at-least-once 전달에서 중복 처리를 방지하는 대표 방법입니다. 면접에서는 “중복 메시지를 어떻게 막나” 질문에서 강력한 답이 됩니다. TypeScript 컨슈머는 메시지 id를 인박스 테이블에 기록하고, 이미 처리된 id면 무시하는 방식으로 구현합니다. 실무에서는 멱등 처리와 함께 쓰이며, 처리 결과를 저장해 재시도 시 같은 결과를 반환하기도 합니다. 인박스 저장소가 병목이 되지 않도록 인덱스/보관 기간/정리 정책을 잘 설계해야 합니다.	인박스패턴									frontend	typescript	pattern	messaging
Q784	멱등컨슈머패턴(Idempotent Consumer)		언어 중심 - TypeScript	97	INITIALS	MEDIUM	동일 이벤트가 여러 번 들어와도 결과가 한 번 처리된 것과 같게 동작하도록 소비자 로직을 설계하는 패턴은 무엇인가?	멱등 컨슈머는 이벤트 기반 시스템에서 거의 필수입니다. 면접에서는 at-least-once 전달을 전제로 어떻게 안전하게 처리할지 질문이 나올 수 있습니다. TypeScript에서는 처리 키(이벤트 id, 주문 id)를 기준으로 중복 처리 여부를 확인하고, 이미 처리된 경우 빠르게 종료합니다. 실무에서는 DB unique 제약, 처리 로그 테이블, 인박스 패턴을 조합합니다. 멱등성을 고려하지 않으면 중복 결제/중복 알림 같은 치명적 버그로 이어질 수 있습니다.	멱등컨슈머패턴									frontend	typescript	pattern	messaging
Q785	이벤트버전닝패턴(Event Versioning)		언어 중심 - TypeScript	97	INITIALS	MEDIUM	이벤트 스키마가 바뀔 때 호환성을 유지하기 위해 버전을 두고 단계적으로 전환하는 전략은 무엇인가?	이벤트 버전닝은 이벤트 기반 아키텍처에서 매우 중요한 운영 주제입니다. 면접에서는 하위 호환을 어떻게 유지하는지, 구버전과 신버전을 어떻게 공존시키는지 질문이 나올 수 있습니다. TypeScript에서는 이벤트 타입을 버전별로 분리하고, 컨슈머에서 구버전을 업캐스트하는 어댑터를 둘 수 있습니다. 실무에서는 “필드 추가는 가능, 필드 삭제/의미 변경은 위험” 같은 규칙을 운영합니다. 스키마 레지스트리나 계약 테스트와 함께 적용하면 안정성이 올라갑니다.	이벤트버전닝패턴									frontend	typescript	pattern	events
Q786	업캐스팅패턴(Upcasting)		언어 중심 - TypeScript	97	INITIALS	MEDIUM	구버전 이벤트/데이터를 최신 스키마로 변환해 처리 로직을 단순화하는 접근은 무엇인가?	업캐스팅은 컨슈머가 여러 버전을 직접 처리하지 않도록 “입구에서 최신 형태로 통일”하는 전략입니다. 면접에서는 이벤트 버전닝과 함께 자주 나옵니다. TypeScript에서는 구버전 타입을 받아 최신 타입으로 변환하는 함수(업캐스터)를 두고, 이후 파이프라인은 최신 타입만 다루게 할 수 있습니다. 실무에서는 버전이 쌓이면 업캐스터 체인이 길어질 수 있어, 특정 시점에 재발행/재적재로 정리하는 계획도 필요합니다. 변환 시 기본값 정책을 명확히 두지 않으면 데이터 의미가 틀어질 수 있어 주의해야 합니다.	업캐스팅패턴									frontend	typescript	pattern	events
Q787	다운캐스팅패턴(Downcasting)		언어 중심 - TypeScript	97	INITIALS	MEDIUM	최신 데이터/이벤트를 구버전 소비자 호환을 위해 낮은 버전 스키마로 변환해 제공하는 전략을 무엇이라고 하는가?	다운캐스팅은 레거시 소비자가 남아있을 때 호환성을 위해 쓰입니다. 면접에서는 “구버전 클라이언트를 어떻게 지원하나” 질문에서 나올 수 있습니다. TypeScript에서는 최신 모델을 기준으로 관리하되, 외부로 내보낼 때 버전별 DTO로 변환하는 방식이 흔합니다. 실무에서는 지원 기간이 끝나면 다운캐스팅 경로를 제거해 기술 부채를 정리해야 합니다. 변환 과정에서 정보 유실이 생길 수 있으니, 어떤 필드를 포기할지 정책이 중요합니다.	다운캐스팅패턴									frontend	typescript	pattern	compatibility
Q788	이벤트스키마레지스트리(Schema Registry)		언어 중심 - TypeScript	97	INITIALS	MEDIUM	이벤트/메시지 스키마를 중앙에서 관리하고 호환성 규칙을 검사해 배포 안전성을 높이는 구성 요소를 무엇이라고 하는가?	스키마 레지스트리는 이벤트 계약의 단일 진실 소스 역할을 합니다. 면접에서는 계약 테스트와 함께, 배포 전에 호환성 검사를 어떻게 자동화하는지 질문이 나올 수 있습니다. TypeScript에서는 레지스트리 스키마로부터 타입을 생성해 컨슈머/프로듀서의 불일치를 줄일 수 있습니다. 실무에서는 스키마 변경 시 호환성 모드(Backward/Forward/Full)를 정하고 운영합니다. 레지스트리가 없으면 스키마 드리프트가 발생해 런타임 장애로 이어지기 쉬워, 규모가 커질수록 가치가 커집니다.	이벤트스키마레지스트리									frontend	typescript	pattern	events
Q789	데터미니스틱빌드(Deterministic Build)		언어 중심 - TypeScript	97	INITIALS	MEDIUM	같은 소스와 같은 의존성이라면 언제 빌드해도 동일한 결과물이 나오도록 보장하려는 빌드 원칙은 무엇인가?	결정적 빌드는 공급망 보안과 재현 가능한 배포에 중요합니다. 면접에서는 lockfile의 역할이나, CI에서 빌드가 흔들리는 이유를 물을 수 있습니다. TypeScript 프로젝트에서는 package-lock/yarn.lock/pnpm-lock과 고정된 node 버전이 핵심입니다. 실무에서는 빌드 산출물이 환경에 따라 달라지면 롤백/디버깅이 어려워집니다. 따라서 빌드 환경 표준화와 캐시 정책을 함께 운영하는 것이 좋습니다.	데터미니스틱빌드									frontend	typescript	pattern	build
Q790	모노레포패턴(Monorepo)		언어 중심 - TypeScript	97	INITIALS	MEDIUM	여러 패키지/앱을 하나의 저장소에서 관리하며 공통 코드와 버전을 통합해 운영하는 개발 방식은 무엇인가?	모노레포는 코드 공유와 일관된 툴링에 강점이 있습니다. 면접에서는 멀티레포와의 트레이드오프(권한, 배포 단위, 빌드 시간)를 물을 수 있습니다. TypeScript에서는 공통 타입/유틸을 패키지로 분리해 재사용하기 쉬워 장점이 큽니다. 실무에서는 빌드/테스트 최적화(캐시, affected build)와 패키지 경계 규칙이 중요합니다. 경계를 지키지 않으면 거대한 단일 프로젝트처럼 변해 유지보수가 어려워질 수 있습니다.	모노레포패턴									frontend	typescript	pattern	repo
Q791	모듈페더레이션패턴(Module Federation)		언어 중심 - TypeScript	97	INITIALS	MEDIUM	빌드된 번들을 런타임에 원격으로 로드해 마이크로 프론트엔드를 구성하는 방식은 무엇인가?	모듈 페더레이션은 마이크로 프론트엔드 구현의 대표 기술입니다. 면접에서는 팀 분리 배포, 독립 배포의 장점과 함께 런타임 의존/버전 충돌 위험을 물을 수 있습니다. TypeScript에서는 원격 모듈의 타입 선언을 어떻게 관리하는지가 실무 포인트입니다. 실무에서는 shared 의존성 버전 관리, 초기 로딩 성능, 장애 시 폴백 UI를 함께 설계해야 합니다. 잘 쓰면 팀 확장에 강하지만, 운영 복잡도가 커지므로 도입 기준을 명확히 해야 합니다.	모듈페더레이션패턴									frontend	typescript	pattern	frontend
Q792	공유의존성싱글턴(Shared Dependency Singleton)		언어 중심 - TypeScript	97	INITIALS	MEDIUM	마이크로 프론트엔드 환경에서 React 같은 핵심 라이브러리를 중복 로드하지 않도록 공유/싱글턴으로 맞추는 전략을 무엇이라고 하는가?	공유 의존성 싱글턴은 모듈 페더레이션에서 매우 중요한 설정 포인트입니다. 면접에서는 “React가 두 번 로드되면 어떤 문제가 생기나” 같은 실무 질문이 나올 수 있습니다. TypeScript에서는 런타임에서 하나만 존재해야 하는 라이브러리를 shared singleton으로 두어 훅/컨텍스트 충돌을 방지합니다. 실무에서는 버전 범위 설정, 호환성 유지, 업그레이드 전략이 핵심입니다. 잘못 설정하면 런타임 오류가 나기 쉬우니 테스트 환경에서 먼저 검증하는 습관이 필요합니다.	공유의존성싱글턴									frontend	typescript	pattern	microfrontend
Q793	보일러플레이트감소패턴(Boilerplate Reduction)		언어 중심 - TypeScript	97	INITIALS	MEDIUM	반복되는 코드 생성을 줄이기 위해 제네릭, 유틸 타입, 코드 생성 등을 도입해 중복을 낮추는 접근을 무엇이라고 하는가?	보일러플레이트 감소는 생산성과 오류율을 동시에 개선하는 실무 핵심입니다. 면접에서는 “중복 코드를 줄이기 위해 어떤 방법을 쓰는가” 질문에서 유틸 타입/제네릭/코드 생성 전략을 말하면 좋습니다. TypeScript는 타입 시스템이 강해서 선언 중복이 커지기 쉬운데, 공통 패턴을 추상화하면 유지보수가 쉬워집니다. 실무에서는 API 타입 생성(OpenAPI), 폼 타입 생성, 공용 컴포넌트 제네릭화가 대표 사례입니다. 다만 과도한 추상화는 학습 비용을 올릴 수 있어 팀 역량에 맞춰 적용 범위를 조절해야 합니다.	보일러플레이트감소패턴									frontend	typescript	pattern	productivity
Q794	타입가드함수패턴(Type Guard Function)		언어 중심 - TypeScript	97	INITIALS	MEDIUM	런타임 체크 함수에 value is Type 형태를 부여해 컴파일러의 타입 내로잉을 유도하는 패턴은 무엇인가?	타입 가드는 TS에서 안전한 분기 처리를 만드는 대표 도구입니다. 면접에서는 unknown을 다룰 때 어떤 전략을 쓰는지에서 타입 가드가 자주 나옵니다. 실무에서는 API 응답 파싱, 이벤트 핸들러, union 타입 분기에서 타입 가드를 만들어두면 코드가 깔끔해집니다. TypeScript에서는 type predicate 문법을 정확히 써야 내로잉이 동작합니다. 타입 가드가 거짓말을 하면(런타임 검증 부실) 오히려 더 위험해지므로, 검증 로직을 충분히 엄격하게 작성해야 합니다.	타입가드함수패턴									frontend	typescript	pattern	typesafety
Q795	커스텀유틸타입패턴(Custom Utility Types)		언어 중심 - TypeScript	97	INITIALS	MEDIUM	프로젝트에서 자주 반복되는 타입 변환을 유틸 타입으로 추상화해 재사용하는 설계는 무엇인가?	커스텀 유틸 타입은 대규모 TS 코드에서 생산성을 크게 올립니다. 면접에서는 Partial Pick Omit 같은 기본 유틸을 넘어, 실제로 어떤 커스텀 타입을 만들어봤는지 물을 수 있습니다. 실무에서는 API 응답 래퍼 벗기기, null 제거, 특정 키만 readonly 만들기 같은 요구가 자주 생깁니다. TypeScript에서는 조건부 타입과 매핑 타입을 조합해 강력한 유틸을 만들 수 있습니다. 다만 너무 복잡한 타입은 컴파일 속도와 가독성을 해칠 수 있어, 문서화와 타입 레벨 테스트가 함께 필요합니다.	커스텀유틸타입패턴									frontend	typescript	pattern	typesystem
Q796	타입브랜딩패턴(Type Branding)		언어 중심 - TypeScript	97	INITIALS	MEDIUM	같은 형태의 값(string number)이라도 의미가 다르면 브랜드를 붙여 서로 섞이지 않게 만드는 타입 기법은 무엇인가?	타입 브랜딩은 구조적 타이핑인 TS에서 “의미 단위 타입 안전성”을 확보하는 방법입니다. 면접에서는 ID를 string으로만 두면 어떤 실수가 생기는지(사용자ID와 주문ID 혼용) 같은 예시로 설명하면 좋습니다. 실무에서는 UserId OrderId Email 같은 값을 브랜드 타입으로 분리해 사고를 줄입니다. TypeScript에서는 type UserId = string & { __brand: "UserId" } 같은 형태로 구현합니다. 런타임에는 영향을 주지 않지만, 생성 지점(팩토리)에서만 브랜딩을 허용하는 규칙을 두는 게 안전합니다.	타입브랜딩패턴									frontend	typescript	pattern	typesafety
Q797	명목타이핑우회패턴(Nominal Typing Workaround)		언어 중심 - TypeScript	97	INITIALS	MEDIUM	구조적 타이핑 언어에서 명목적 타입 안전성을 얻기 위해 브랜드/태그를 붙여 구분하는 기법을 무엇이라고 하는가?	TS는 기본적으로 구조적 타입이라 형태가 같으면 호환됩니다. 면접에서는 이 특성이 장점이기도 하지만, 의미가 다른 값이 섞일 수 있는 위험이 있음을 말할 수 있어야 합니다. 실무에서는 브랜딩이나 태그 유니온으로 명목 타이핑을 흉내 내 사고를 줄입니다. TypeScript에서는 브랜드 타입, tagged union, unique symbol 등을 사용합니다. 팀이 타입 기법에 익숙하지 않으면 도입 장벽이 있어, 핵심 도메인 식별자부터 적용하는 것이 현실적입니다.	명목타이핑우회패턴									frontend	typescript	pattern	typesystem
Q798	디스크리미네이티드유니온(Discriminated Union)		언어 중심 - TypeScript	97	INITIALS	MEDIUM	type 같은 구분자 필드를 두고 union 타입을 안전하게 내로잉하는 모델링 방식은 무엇인가?	디스크리미네이티드 유니온은 TS 면접에서 거의 단골입니다. 실무에서는 상태 머신, API 응답, 폼 필드 타입처럼 분기 가능한 모델을 안전하게 표현할 때 쓰입니다. TS 컴파일러가 switch 문에서 자동 내로잉을 해주기 때문에 런타임 오류가 크게 줄어듭니다. 핵심은 구분자 필드를 리터럴 타입으로 고정하고, 각 케이스별 필드를 명확히 분리하는 것입니다. 케이스가 늘어나면 exhaustive check를 추가해 누락을 컴파일 타임에 잡는 것이 좋습니다.	디스크리미네이티드유니온									frontend	typescript	pattern	union
Q799	이그조스티브체크패턴(Exhaustive Check)		언어 중심 - TypeScript	97	INITIALS	MEDIUM	union 타입 switch 분기에서 모든 케이스를 처리했는지 컴파일 타임에 강제하는 기법을 무엇이라고 하는가?	exhaustive check는 분기 누락 버그를 예방하는 강력한 방법입니다. 면접에서는 never 타입을 이용한 체크 패턴을 알고 있는지 물을 수 있습니다. 실무에서는 상태 enum이 늘어날 때 switch 누락이 자주 생기는데, 이 패턴이 이를 컴파일 단계에서 잡아줍니다. TypeScript에서는 default에서 never 할당을 사용하거나 assertNever 함수를 두는 방식이 흔합니다. 팀 표준으로 정해두면 유지보수 시 안정성이 크게 올라갑니다.	이그조스티브체크패턴									frontend	typescript	pattern	typesafety
Q800	커스텀에러타입패턴(Custom Error Types)		언어 중심 - TypeScript	97	INITIALS	MEDIUM	에러를 문자열이 아니라 타입(클래스/유니온)으로 모델링해 분기 처리와 메시지 표준화를 하는 방식은 무엇인가?	에러를 타입으로 모델링하면 복구 전략이 명확해집니다. 면접에서는 “에러를 어떻게 분류하고 처리하나” 질문에서 좋은 답이 됩니다. 실무에서는 네트워크 에러, 인증 에러, 검증 에러처럼 사용자 메시지와 로깅 전략이 달라야 합니다. TypeScript에서는 에러를 디스크리미네이티드 유니온으로 만들거나 Error 클래스를 확장해 타입 가드로 분기합니다. 중요한 포인트는 에러 코드와 사용자 메시지, 로그 메시지를 분리해 운영에 유리하게 만드는 것입니다.	커스텀에러타입패턴									frontend	typescript	pattern	error
Q801	결과타입패턴(Result Type)		언어 중심 - TypeScript	97	INITIALS	MEDIUM	예외 대신 Ok/Err 형태로 성공 실패를 값으로 표현해 호출자가 강제 처리하게 만드는 패턴은 무엇인가?	Result 타입은 안정적인 에러 처리를 만들기 위한 함수형 패턴입니다. 면접에서는 throw 기반 예외와 비교해 장단점을 말할 수 있으면 좋습니다. 실무에서는 실패가 “정상 흐름”인 경우(검증 실패, 조회 없음) Result가 특히 유용합니다. TypeScript에서는 type Result<T,E>를 만들어 map flatMap 등으로 연결할 수 있습니다. 다만 코드가 장황해질 수 있어, 도메인 경계나 핵심 로직에 선택적으로 적용하는 전략이 좋습니다.	결과타입패턴									frontend	typescript	pattern	error
Q802	널안전모델링패턴(Null Safety Modeling)		언어 중심 - TypeScript	97	INITIALS	MEDIUM	null undefined를 그대로 두지 않고 옵션 타입 내로잉 스키마 파싱 등으로 안전하게 모델링하는 접근을 무엇이라고 하는가?	널 안전 모델링은 런타임 오류를 크게 줄입니다. 면접에서는 strictNullChecks의 의미와 함께 “없는 값”을 어떻게 표현하느냐를 물을 수 있습니다. 실무에서는 API 응답의 선택 필드가 많아질수록 null 처리 누락이 버그로 이어집니다. TypeScript에서는 optional chaining만으로 끝내지 말고, 경계에서 파싱/정규화 후 내부에서는 null이 없도록 만드는 전략이 좋습니다. 이 원칙을 지키면 코드가 단순해지고 테스트도 쉬워집니다.	널안전모델링패턴									frontend	typescript	pattern	typesafety
Q803	타입드리븐개발(TDD for Types)		언어 중심 - TypeScript	97	INITIALS	MEDIUM	구현보다 타입 설계로 먼저 인터페이스를 굳히고, 타입 오류를 가이드로 개발을 진행하는 접근을 무엇이라고 하는가?	타입 중심 개발은 TS에서 생산성을 올리는 방식 중 하나입니다. 면접에서는 “타입을 먼저 설계해본 경험”을 묻는 질문에서 활용할 수 있습니다. 실무에서는 함수 시그니처와 데이터 모델을 먼저 잡아두면 협업이 쉬워지고 구현이 빨라집니다. TypeScript에서는 제네릭 제약, 반환 타입, 에러 모델을 먼저 설계하고 구현은 그 뒤에 맞추는 식입니다. 다만 타입이 너무 일찍 굳어지면 변경이 어렵기 때문에, 프로토타입 단계에서는 유연하게 가져가는 균형감도 중요합니다.	타입드리븐개발									frontend	typescript	pattern	design
Q804	타입추론유도패턴(Type Inference Friendly API)		언어 중심 - TypeScript	97	INITIALS	MEDIUM	호출자가 제네릭을 직접 적지 않아도 컴파일러가 타입을 잘 추론하도록 API를 설계하는 방식은 무엇인가?	타입 추론 친화 API는 사용자 경험을 크게 개선합니다. 면접에서는 라이브러리나 공용 유틸을 설계할 때 어떤 점을 고려하는지에서 나올 수 있습니다. 실무에서는 함수 오버로드, 제네릭 위치, 매개변수 순서가 추론 품질을 좌우합니다. TypeScript에서는 “타입 파라미터를 어디서 추론할지”를 설계하고, 필요하면 helper 함수로 추론을 보강합니다. 추론이 실패하면 사용자가 any를 쓰거나 강제 캐스팅을 하게 되니, 안정성 관점에서도 중요합니다.	타입추론유도패턴									frontend	typescript	pattern	api
Q805	함수오버로드패턴(Function Overload)		언어 중심 - TypeScript	97	INITIALS	MEDIUM	입력 조합에 따라 다른 반환 타입을 제공하기 위해 오버로드 시그니처를 정의하는 방식은 무엇인가?	함수 오버로드는 TS에서 강력하지만 오용하기 쉬운 기능입니다. 면접에서는 오버로드와 유니온 매개변수의 차이를 물을 수 있습니다. 실무에서는 parse 함수처럼 입력 형태가 여러 가지인 API에 오버로드가 유용합니다. TypeScript에서는 구현 시그니처가 가장 넓은 타입이어야 하고, 오버로드 시그니처는 호출자용 계약이라는 점을 기억해야 합니다. 오버로드가 많아지면 유지보수가 어려워지니, 필요 최소한으로 두는 것이 좋습니다.	함수오버로드패턴									frontend	typescript	pattern	api
Q806	브릿지패턴(Bridge Pattern)		언어 중심 - TypeScript	97	INITIALS	MEDIUM	추상과 구현을 분리해 각각 독립적으로 확장 가능하게 만드는 구조적 패턴은 무엇인가?	브릿지 패턴은 “상속 폭발”을 막는 대표 패턴입니다. 면접에서는 전략/데코레이터와 비교해 언제 브릿지를 쓰는지 질문이 나올 수 있습니다. TypeScript에서는 인터페이스와 조합(컴포지션)으로 브릿지를 구현하는 경우가 많습니다. 실무에서는 렌더러 분리(Canvas/SVG), 저장소 분리(Local/Remote)처럼 축이 두 개인 경우에 유용합니다. 핵심은 추상 계층이 구현 세부사항을 몰라도 되도록 계약을 잘 설계하는 것입니다.	브릿지패턴									frontend	typescript	pattern	design
Q807	데코레이터패턴(Decorator Pattern)		언어 중심 - TypeScript	97	INITIALS	MEDIUM	기존 객체를 감싸 동적으로 기능을 추가하고, 조합으로 확장하는 구조적 패턴은 무엇인가?	데코레이터는 상속 없이 기능을 확장하는 대표 방법입니다. 면접에서는 프록시와의 차이, 그리고 어떤 문제를 해결하는지(조합 가능한 확장) 설명할 수 있어야 합니다. TypeScript에서는 래퍼 함수나 클래스로 데코레이터를 구현할 수 있고, 프레임워크(NestJS 등)의 decorator 문법과는 구분해서 설명하는 것이 좋습니다. 실무에서는 로깅, 캐싱, 권한 체크 같은 횡단 관심사를 감싸서 적용합니다. 너무 많이 감싸면 호출 흐름이 숨겨져 디버깅이 어려울 수 있어, 적용 범위를 정하는 것이 중요합니다.	데코레이터패턴									frontend	typescript	pattern	design
Q808	프록시패턴(Proxy Pattern)		언어 중심 - TypeScript	97	INITIALS	MEDIUM	실제 객체에 접근하기 전에 대리 객체가 제어를 수행하고, 접근 제어 캐싱 지연 로딩 등을 제공하는 패턴은 무엇인가?	프록시는 접근을 제어하거나 부가 기능을 삽입하는 구조적 패턴입니다. 면접에서는 프록시와 데코레이터의 차이를 묻는 경우가 많습니다. 실무에서는 네트워크 호출 프록시, 캐시 프록시, 권한 체크 프록시가 대표적입니다. TypeScript에서는 ES Proxy 객체를 이용해 런타임 동적 가로채기도 가능하지만, 디버깅과 성능 이슈가 있을 수 있습니다. 프록시가 너무 많은 책임을 가지면 시스템 이해가 어려워지니 목적을 명확히 해야 합니다.	프록시패턴									frontend	typescript	pattern	design
Q809	메모이제이션패턴(Memoization)		언어 중심 - TypeScript	97	INITIALS	MEDIUM	동일 입력에 대해 계산 결과를 캐시해 재계산을 줄이는 최적화 기법은 무엇인가?	메모이제이션은 순수 함수나 비용 큰 계산에 효과적입니다. 면접에서는 캐시 키 설계, 메모리 사용량, 캐시 무효화 문제를 함께 물을 수 있습니다. 실무에서는 파싱, 변환, 셀렉터 계산(상태 관리)에서 자주 쓰입니다. TypeScript에서는 입력/출력 타입을 제네릭으로 잡아 재사용 가능한 memo 유틸을 만들 수 있습니다. 캐시가 무한히 커지지 않도록 LRU 같은 제한 정책을 도입하는 것이 운영상 중요합니다.	메모이제이션패턴									frontend	typescript	pattern	performance
Q810	스레드세이프티대체패턴(Single-thread Safety)		언어 중심 - TypeScript	97	INITIALS	MEDIUM	단일 스레드 이벤트 루프 환경에서 공유 상태 문제를 락이 아니라 불변성/순서 보장으로 해결하는 접근을 무엇이라고 하는가?	JS/TS는 기본적으로 단일 스레드지만, 비동기로 인해 레이스 컨디션은 충분히 발생할 수 있습니다. 면접에서는 “싱글 스레드인데도 경쟁 상태가 생기는 이유”를 설명할 수 있어야 합니다. 실무에서는 공유 상태를 줄이고, 불변 업데이트와 큐잉으로 순서를 보장하는 방식으로 안전성을 확보합니다. TypeScript에서는 상태 변경 함수를 순수하게 만들고, 이벤트 처리 경계를 명확히 하면 버그가 줄어듭니다. 단, WebWorker나 서버 환경에서는 멀티스레드/멀티프로세스도 존재하므로 맥락을 구분해 설명하는 것이 중요합니다.	스레드세이프티대체패턴									frontend	typescript	pattern	concurrency
Q811	상태머신패턴(State Machine)		언어 중심 - TypeScript	97	INITIALS	MEDIUM	가능한 상태와 전이를 명시적으로 정의해, 허용되지 않는 전이가 발생하지 않도록 제어하는 모델링 방식은 무엇인가?	상태 머신은 복잡한 UI/워크플로우에서 버그를 크게 줄입니다. 면접에서는 로그인 플로우, 업로드 플로우처럼 상태가 여러 개인 기능을 어떻게 안정적으로 설계하는지 질문에서 나올 수 있습니다. TypeScript에서는 디스크리미네이티드 유니온으로 상태를 표현하고, 이벤트에 따라 전이를 제한할 수 있습니다. 실무에서는 “로딩 중인데 다시 로딩” 같은 불가능한 상태를 타입으로 막는 것이 핵심입니다. 상태가 커지면 시각화와 테스트가 중요해지므로, 상태 전이 표와 단위 테스트를 함께 관리하는 것이 좋습니다.	상태머신패턴									frontend	typescript	pattern	state
Q812	조건부타입(Conditional Types)		언어 중심 - TypeScript	97	INITIALS	HARD	T extends U ? X : Y 형태로 타입을 분기해, 입력 타입에 따라 결과 타입을 계산하는 기능을 무엇이라고 하는가?	조건부 타입은 TS 타입 시스템의 핵심 확장 기능입니다. 면접에서는 분산 조건부 타입이 언제 발생하는지, 그리고 any/never/unknown에서의 동작을 물을 수 있습니다. 실무에서는 API 응답 래퍼를 벗기거나, 제네릭 유틸 타입을 만들 때 매우 자주 쓰입니다. 다만 조건부 타입을 과도하게 중첩하면 타입 추론이 느려지고 IDE 성능이 떨어질 수 있습니다. 따라서 핵심 유틸에만 적용하고, 타입 레벨 테스트로 의도한 동작을 고정하는 것이 좋습니다.	조건부타입									frontend	typescript	pattern	typesystem
Q813	분산조건부타입(Distributive Conditional Types)		언어 중심 - TypeScript	97	INITIALS	HARD	조건부 타입의 좌항이 “그대로의 타입 파라미터”일 때 유니온에 대해 각 멤버로 분해되어 적용되는 동작을 무엇이라고 하는가?	분산 조건부 타입은 유니온 타입을 다룰 때 결과가 예상과 달라지는 주요 원인입니다. 면접에서는 “왜 유니온이 분해되나”와 “분산을 막는 방법(튜플 래핑)”을 물을 수 있습니다. 실무에서는 Exclude, Extract 같은 기본 유틸도 이 메커니즘에 기반합니다. TypeScript에서 분산이 필요 없을 때는 [T] extends [U] 형태로 분산을 차단할 수 있습니다. 이 개념을 이해하면 복잡한 타입 버그를 훨씬 빠르게 해결할 수 있습니다.	분산조건부타입									frontend	typescript	pattern	typesystem
Q814	타입추론인퍼키워드(infer)		언어 중심 - TypeScript	97	INITIALS	HARD	조건부 타입 내부에서 infer R로 부분 타입을 추론해 꺼내는 메커니즘을 무엇이라고 하는가?	infer는 타입 레벨에서 “패턴 매칭”을 가능하게 합니다. 면접에서는 ReturnType, Parameters 같은 유틸이 어떻게 구현되는지 설명할 때 infer를 언급하면 좋습니다. 실무에서는 Promise의 내부 타입 추출, 함수 인자/반환 추출, 튜플 변환 등에서 자주 씁니다. 다만 infer를 남발하면 타입이 복잡해지고 컴파일 성능이 악화될 수 있습니다. 핵심 로직에만 사용하고, 중간 결과 타입을 별칭으로 쪼개 가독성을 확보하는 게 중요합니다.	타입추론인퍼키워드									frontend	typescript	pattern	infer
Q815	템플릿리터럴타입(Template Literal Types)		언어 중심 - TypeScript	97	INITIALS	HARD	문자열 리터럴 타입을 ${A}-${B} 같은 형태로 조합해 새로운 문자열 타입을 만드는 기능을 무엇이라고 하는가?	템플릿 리터럴 타입은 문자열 기반 규칙을 타입으로 표현하게 해줍니다. 면접에서는 라우트 키, 이벤트 이름, CSS 변수 이름 같은 규칙을 타입으로 고정하는 예시가 나올 수 있습니다. 실무에서는 i18n 키, action type, query key를 안전하게 만들 때 유용합니다. 단, 조합이 커지면 유니온이 폭발해 IDE가 느려질 수 있습니다. 따라서 범위를 제한하고, 필요하면 string으로 완화하는 설계가 필요합니다.	템플릿리터럴타입									frontend	typescript	pattern	typesystem
Q816	키리매핑타입(Key Remapping in Mapped Types)		언어 중심 - TypeScript	97	INITIALS	HARD	매핑 타입에서 as를 사용해 키 이름을 변환하거나 필터링하는 기능을 무엇이라고 하는가?	키 리매핑은 타입 변환 유틸을 만드는 데 매우 강력합니다. 면접에서는 as를 이용해 prefix를 붙이거나, 특정 키를 제거하는 예시가 나올 수 있습니다. 실무에서는 DTO 필드명을 변환하거나, getter/setter 타입을 생성할 때 쓰입니다. TypeScript에서는 as never를 이용해 키를 제거하는 패턴도 자주 등장합니다. 다만 가독성이 떨어질 수 있어, 유틸 타입을 잘게 분리하고 주석/테스트로 의도를 남기는 것이 좋습니다.	키리매핑타입									frontend	typescript	pattern	mappedtype
Q817	인덱스드액세스타입(Indexed Access Types)		언어 중심 - TypeScript	97	INITIALS	HARD	T[K] 형태로 객체 타입의 특정 프로퍼티 타입을 추출하는 문법을 무엇이라고 하는가?	인덱스드 액세스 타입은 제네릭에서 매우 자주 쓰입니다. 면접에서는 keyof와 결합해 “프로퍼티 타입 안전하게 접근”하는 패턴을 설명하라고 할 수 있습니다. 실무에서는 폼 값 타입, 테이블 컬럼 타입, 이벤트 페이로드 타입을 뽑아낼 때 유용합니다. 잘못 쓰면 K가 너무 넓어져 결과 타입이 유니온이 되어버릴 수 있으니, K 범위를 좁히는 제약이 중요합니다. 또한 optional 프로퍼티는 undefined가 섞일 수 있어 strictNullChecks 환경에서 주의가 필요합니다.	인덱스드액세스타입									frontend	typescript	pattern	typesystem
Q818	매핑타입(Mapped Types)		언어 중심 - TypeScript	97	INITIALS	HARD	[{K in keyof T}] 형태로 키를 순회해 새로운 객체 타입을 만드는 기능을 무엇이라고 하는가?	매핑 타입은 Partial, Readonly 같은 기본 유틸의 기반입니다. 면접에서는 매핑 타입이 언제 필요한지와, 속성 수식어(+? -readonly 등)까지 물을 수 있습니다. 실무에서는 API DTO 변환, 상태 스냅샷 타입 생성, 폼 에러 타입 생성에서 자주 씁니다. 매핑 타입이 복잡해지면 디버깅이 어려워지므로, 중간 별칭과 테스트로 단계적으로 구성하는 것이 좋습니다. 또한 매핑이 깊어질수록 컴파일 비용이 증가할 수 있어 범위를 조절해야 합니다.	매핑타입									frontend	typescript	pattern	mappedtype
Q819	재귀타입(Recursive Types)		언어 중심 - TypeScript	97	INITIALS	HARD	타입 별칭이 자기 자신을 참조해 트리/중첩 구조를 표현하거나, 깊은 변환을 수행하는 타입을 무엇이라고 하는가?	재귀 타입은 DeepPartial, DeepReadonly 같은 깊은 유틸에서 등장합니다. 면접에서는 재귀 타입이 왜 위험할 수 있는지(타입 인스턴스 깊이 제한, 성능)를 물을 수 있습니다. 실무에서는 JSON 구조, AST, 라우트 트리 같은 데이터를 모델링할 때 유용합니다. TypeScript에서는 재귀가 과도하면 “Type instantiation is excessively deep” 에러를 볼 수 있어, 제한(depth) 파라미터를 두거나 범위를 단순화하는 전략이 필요합니다. 안정성과 성능의 균형을 잡는 게 포인트입니다.	재귀타입									frontend	typescript	pattern	typesystem
Q820	튜플조작타입(Tuple Manipulation)		언어 중심 - TypeScript	97	INITIALS	HARD	variadic tuple 등을 활용해 튜플의 앞/뒤를 분해하고 재조합해 새로운 타입을 만드는 기법을 무엇이라고 하는가?	튜플 조작은 함수 타입 유틸을 만들 때 매우 중요합니다. 면접에서는 Parameters/ConstructorParameters를 구현하는 원리에서 튜플 분해가 나올 수 있습니다. 실무에서는 함수 합성, 미들웨어 체인, 커링 타입 구현 등 고급 유틸에서 사용됩니다. TypeScript에서는 ...[infer Rest] 같은 패턴으로 분해합니다. 복잡도가 높으므로 라이브러리 공용 유틸에 적용할 때는 예제와 타입 테스트로 사용법을 고정하는 게 좋습니다.	튜플조작타입									frontend	typescript	pattern	tuple
Q821	함수오버로드해결규칙(Overload Resolution)		언어 중심 - TypeScript	97	INITIALS	HARD	여러 오버로드 시그니처 중 호출에 맞는 시그니처가 선택되는 규칙을 무엇이라고 하는가?	오버로드 해석 규칙을 모르면 “왜 이 오버로드가 선택되지 않지” 같은 문제가 생깁니다. 면접에서는 오버로드 순서의 중요성과, 가장 구체적인 시그니처가 위에 와야 하는 이유를 질문할 수 있습니다. 실무에서는 API 설계에서 오버로드가 많아질수록 오동작 가능성이 커집니다. TypeScript는 위에서 아래로 매칭을 시도하기 때문에 시그니처 정렬이 중요합니다. 가능하면 오버로드 수를 줄이고, 제네릭과 유니온으로 단순화할 수 있는지 검토하는 것이 좋습니다.	함수오버로드해결규칙									frontend	typescript	pattern	overload
Q822	선언병합패턴(Declaration Merging)		언어 중심 - TypeScript	97	INITIALS	HARD	동일한 이름의 인터페이스/네임스페이스 등이 합쳐져 하나처럼 동작하는 TypeScript의 특성을 무엇이라고 하는가?	선언 병합은 전역 타입 확장과 라이브러리 타입 보강에 쓰입니다. 면접에서는 interface 병합과 type alias가 병합되지 않는 차이를 물을 수 있습니다. 실무에서는 Express Request 타입 확장 같은 사례가 많습니다. 다만 선언 병합은 전역 오염을 일으키기 쉬워, 모듈 경계를 명확히 하고 d.ts 위치를 관리해야 합니다. 타입 충돌이 나면 디버깅이 매우 어려워질 수 있으니, 최소 범위로 적용하는 것이 좋습니다.	선언병합패턴									frontend	typescript	pattern	declaration
Q823	모듈보강패턴(Module Augmentation)		언어 중심 - TypeScript	97	INITIALS	HARD	기존 모듈의 타입 정의를 declare module로 확장해 프로퍼티/메서드를 추가하는 기법을 무엇이라고 하는가?	모듈 보강은 라이브러리 타입을 프로젝트 요구에 맞게 확장할 때 쓰입니다. 면접에서는 언제 필요한지, 그리고 잘못 쓰면 어떤 위험이 있는지(전역 오염, 버전 업 시 충돌)를 물을 수 있습니다. 실무에서는 세션 사용자 타입 추가, i18n 리소스 키 타입 확장 등에서 사용됩니다. TypeScript에서는 보강 파일의 위치와 tsconfig include 설정이 중요합니다. 보강은 강력하지만 “최후의 수단”으로 두고, 가능하면 타입 안전한 래퍼를 먼저 고려하는 게 좋습니다.	모듈보강패턴									frontend	typescript	pattern	declaration
Q824	심볼기반브랜딩(unique symbol Branding)		언어 중심 - TypeScript	97	INITIALS	HARD	브랜드 필드를 string 리터럴 대신 unique symbol로 두어 충돌 가능성을 낮추는 브랜딩 기법을 무엇이라고 하는가?	unique symbol 브랜딩은 타입 브랜딩의 더 강한 형태입니다. 면접에서는 unique symbol이 무엇이고, 왜 더 안전한지(이름 충돌 방지)를 물을 수 있습니다. 실무에서는 라이브러리 내부에서 안전한 식별자를 만들 때 유용합니다. TypeScript에서는 declare const brand: unique symbol 같은 방식으로 구현합니다. 다만 사용성이 떨어질 수 있어, 도메인 식별자 등 꼭 필요한 곳에만 적용하는 것이 좋습니다.	심볼기반브랜딩									frontend	typescript	pattern	typesafety
Q825	고차타입패턴(Higher-kinded Types)		언어 중심 - TypeScript	97	INITIALS	HARD	타입 생성자(예: F) 자체를 추상화해 map 같은 연산을 일반화하려는 타입 설계 개념을 무엇이라고 하는가?	HKT는 TS에서 직접 지원되진 않지만 여러 라이브러리가 우회 패턴으로 구현합니다. 면접에서는 fp-ts 같은 생태계를 아는지, 혹은 타입 시스템 한계를 어떻게 우회하는지 질문이 나올 수 있습니다. 실무에서는 과한 추상화가 될 수 있지만, 함수형 프로그래밍 패턴을 대규모로 적용할 때 필요합니다. TypeScript에서 HKT는 보통 인터페이스와 URI 매핑으로 흉내 냅니다. 난도가 높으니 ‘왜 필요한지’와 ‘현실적 적용 범위’를 같이 설명하는 것이 중요합니다.	고차타입패턴									frontend	typescript	pattern	functional
Q826	타입체커성능튜닝(Type Checker Performance)		언어 중심 - TypeScript	97	INITIALS	HARD	복잡한 제네릭/조건부 타입으로 인해 컴파일이 느려질 때, 타입을 단순화하거나 경계를 나눠 성능을 개선하는 실무 기법을 무엇이라고 하는가?	TS 프로젝트가 커지면 타입 체커 성능이 실제 생산성에 큰 영향을 줍니다. 면접에서는 “타입이 너무 복잡해져서 느려졌을 때 어떻게 했나” 같은 경험 질문이 나올 수 있습니다. 실무에서는 조건부 타입 중첩 줄이기, 유니온 폭발 방지, public API 타입 단순화, 타입 캐시 재사용 같은 전략을 씁니다. skipLibCheck 같은 옵션은 임시 처방이 될 수 있지만, 근본 해결은 타입 설계 개선입니다. 성능과 타입 안전성의 균형을 잡는 감각이 중요합니다.	타입체커성능튜닝									frontend	typescript	pattern	tooling
Q827	타입레벨정규화(Type-level Normalization)		언어 중심 - TypeScript	97	INITIALS	HARD	복잡한 교차/유니온 결과를 보기 좋은 형태로 “정리된 타입”으로 변환해 디버깅을 쉽게 만드는 기법을 무엇이라고 하는가?	타입 레벨 정규화는 TS 디버깅에서 유용한 테크닉입니다. 면접에서는 “교차 타입이 너무 복잡하게 보일 때 어떻게 정리하나” 질문에서 나올 수 있습니다. 실무에서는 Simplify<T> 같은 유틸을 만들어 IDE에서 결과 타입을 보기 쉽게 합니다. 매핑 타입으로 한 번 감싸면 교차 타입이 펼쳐져 표시되는 효과를 기대할 수 있습니다. 다만 정규화 유틸도 비용이 될 수 있으니, 디버깅/공용 API 표면에서만 사용하는 것이 좋습니다.	타입레벨정규화									frontend	typescript	pattern	typesystem
Q828	컴파일타임계약고정(Compile-time Contract)		언어 중심 - TypeScript	97	INITIALS	HARD	공용 함수/라이브러리의 계약을 타입과 타입 테스트로 고정해, 리팩터링 시 깨짐을 컴파일 단계에서 감지하는 접근을 무엇이라고 하는가?	계약 고정은 “타입이 문서이자 테스트”가 되는 전략입니다. 면접에서는 라이브러리 품질을 어떻게 유지하는지 질문에서 활용할 수 있습니다. 실무에서는 공용 유틸이나 SDK는 타입 계약이 깨지면 파급이 크기 때문에, 타입 레벨 테스트를 같이 둡니다. TypeScript에서는 tsd 같은 도구나, 컴파일 실패/성공 fixture로 회귀를 막습니다. 단, 계약을 너무 엄격하게 고정하면 개선이 어려워질 수 있어, 버저닝 정책과 함께 운영해야 합니다.	컴파일타임계약고정									frontend	typescript	pattern	testing
Q829	안전한캐스팅패턴(Safe Casting)		언어 중심 - TypeScript	97	INITIALS	HARD	as로 강제 변환하기 전에 런타임 검증(스키마/가드)을 거쳐 안전하게 타입을 좁히는 접근을 무엇이라고 하는가?	TS에서 무분별한 as는 타입 시스템을 무력화합니다. 면접에서는 “타입 단언을 언제 쓰고, 어떻게 안전하게 쓰나” 질문이 자주 나옵니다. 실무에서는 외부 입력을 unknown으로 받고, 스키마 파싱이나 타입 가드로 검증한 뒤 좁힌 타입만 내부에서 사용합니다. Safe casting은 보안/안정성 측면에서도 중요합니다. 특히 API 응답이 신뢰할 수 없거나, 런타임에서 형태가 바뀔 수 있는 데이터라면 필수입니다.	안전한캐스팅패턴									frontend	typescript	pattern	typesafety
Q830	제네릭제약설계(Generic Constraints Design)		언어 중심 - TypeScript	97	INITIALS	HARD	제네릭을 너무 넓게 두지 않고 extends 제약으로 올바른 사용만 허용해 API 오용을 막는 설계 기법을 무엇이라고 하는가?	제네릭 제약 설계는 공용 유틸의 안정성을 좌우합니다. 면접에서는 “제네릭을 어떻게 제한해 안전하게 만들었나” 같은 질문이 나올 수 있습니다. 실무에서는 keyof 제약, record 제약, 함수 시그니처 제약으로 잘못된 호출을 컴파일 단계에서 막습니다. 제약이 부족하면 any 캐스팅이 늘고, 제약이 과하면 사용성이 떨어집니다. 따라서 실제 사용 케이스를 기준으로 제약 범위를 설계하고, 예제/테스트로 고정하는 것이 중요합니다.	제네릭제약설계									frontend	typescript	pattern	generics
Q831	타입리팩터링패턴(Type Refactoring)		언어 중심 - TypeScript	97	INITIALS	HARD	런타임 코드는 거의 안 바꾸면서도 타입 별칭/유틸/모델을 재구성해 더 안전하고 표현력 있게 만드는 작업을 무엇이라고 하는가?	타입 리팩터링은 TS 프로젝트에서 자주 필요한 유지보수 작업입니다. 면접에서는 “레거시 any를 어떻게 줄였는지” 같은 경험 질문에서 어필할 수 있습니다. 실무에서는 점진적으로 strict를 올리고, 공용 모델을 디스크리미네이티드 유니온으로 바꾸거나, 브랜딩으로 식별자를 분리하는 식으로 개선합니다. 중요한 포인트는 리팩터링을 작은 PR로 쪼개고, 타입 레벨 테스트/런타임 테스트로 회귀를 막는 것입니다. 타입 리팩터링은 팀의 생산성과 안정성을 동시에 끌어올리는 고난도 역량입니다.	타입리팩터링패턴									frontend	typescript	pattern	refactor
Q832	타입가드기반내로잉(Narrowing via Type Guards)		언어 중심 - TypeScript	97	INITIALS	HARD	in typeof instanceof 사용자 정의 가드 등을 이용해 유니온 타입을 안전하게 좁히는 컴파일러 동작을 무엇이라고 하는가?	내로잉은 TS 안전성의 핵심이며, 실무 코드 품질을 좌우합니다. 면접에서는 각 내로잉 방식이 언제 통하는지(예: instanceof는 클래스 기반, in은 프로퍼티 존재) 차이를 물을 수 있습니다. 실무에서는 가드가 불완전하면 런타임 오류로 이어지므로, 경계(네트워크/스토리지)에서 가장 엄격히 적용합니다. TypeScript에서는 사용자 정의 type predicate가 특히 중요하고, 올바른 런타임 체크를 포함해야 합니다. 내로잉 패턴을 잘 쓰면 캐스팅(as)이 줄고 코드가 더 읽기 쉬워집니다.	타입가드기반내로잉									frontend	typescript	pattern	narrowing
Q833	컨트롤플로우기반분석(Control Flow Analysis)		언어 중심 - TypeScript	97	INITIALS	HARD	if/return/throw 같은 흐름을 분석해 변수 타입을 자동으로 좁혀주는 타입 체커의 분석을 무엇이라고 하는가?	컨트롤 플로우 분석을 이해하면 “왜 여기서는 타입이 좁혀지고 저기서는 안 좁혀지지?”를 설명할 수 있습니다. 면접에서는 “타입 내로잉이 풀리는 상황”이나 “변수가 재할당되면 왜 타입이 넓어지나” 같은 질문이 나올 수 있습니다. 실무에서는 가드 이후에 비동기 경계가 생기거나, 변수가 변경되면 내로잉이 깨지는 경우가 많아 주의해야 합니다. TypeScript는 흐름을 기반으로 타입을 추론하므로, 코드 구조(early return)가 안전성과 가독성을 동시에 올립니다. 복잡한 분기에서는 중간 변수에 좁혀진 값을 담아두는 패턴이 유효합니다.	컨트롤플로우기반분석									frontend	typescript	pattern	typesystem
Q834	제네릭기본값패턴(Generic Defaults)		언어 중심 - TypeScript	97	INITIALS	HARD	제네릭 타입 파라미터에 기본 타입을 부여해, 호출자가 생략해도 합리적인 타입이 선택되게 하는 설계 기법은 무엇인가?	제네릭 기본값은 API 사용성을 크게 개선합니다. 면접에서는 “왜 기본값을 두는지”와 “기본값이 추론을 방해하는 경우” 같은 심화 질문이 나올 수 있습니다. 실무에서는 옵션 객체의 기본 타입, 에러 타입 기본값(Result), 이벤트 페이로드 기본값 등에서 자주 씁니다. TypeScript에서는 기본값을 둠으로써 오버로드 수를 줄일 수 있습니다. 다만 기본값이 너무 넓으면 any로 흐르기 쉬워서, 안전한 기본값을 고르는 감각이 중요합니다.	제네릭기본값패턴									frontend	typescript	pattern	generics
Q835	제네릭조건부반환(Generic Conditional Return)		언어 중심 - TypeScript	97	INITIALS	HARD	입력 제네릭에 따라 반환 타입이 조건부 타입으로 계산되는 API 설계 방식을 무엇이라고 하는가?	이 패턴은 라이브러리 API에서 특히 흔합니다. 면접에서는 “입력 옵션에 따라 반환 형태가 달라지는 함수”를 타입 안전하게 설계할 수 있는지 묻는 경우가 많습니다. 실무에서는 parse 함수, fetch wrapper, serializer 같은 곳에서 유용합니다. TypeScript에서는 조건부 타입과 infer를 조합해 매우 정교한 반환 타입을 만들 수 있습니다. 다만 타입이 과도하게 복잡해지면 유지보수가 어려우니, public API 표면에서는 단순성을 유지하는 것이 좋습니다.	제네릭조건부반환									frontend	typescript	pattern	generics
Q836	분산차단튜플래핑(Distributive Blocking)		언어 중심 - TypeScript	97	INITIALS	HARD	유니온에 대한 분산 조건부 타입을 막기 위해 [T] extends [U]처럼 튜플로 감싸는 기법을 무엇이라고 하는가?	분산 차단은 고급 타입 유틸에서 필수 테크닉입니다. 면접에서는 분산 조건부 타입의 함정을 알고 있는지 확인하기 위해 이 패턴을 묻기도 합니다. 실무에서는 “유니온 전체를 한 덩어리로 판단”해야 할 때 분산 차단이 필요합니다. TypeScript에서 이 패턴을 모르면, 의도치 않게 유니온이 쪼개져 결과가 달라지는 버그가 생깁니다. 튜플 래핑을 적용할 때는 타입 인수 위치가 정확해야 하고, 중간 별칭으로 가독성을 확보하는 것이 좋습니다.	분산차단튜플래핑									frontend	typescript	pattern	conditional
Q837	함수파라미터바이컨트라리언스(Contravariance)		언어 중심 - TypeScript	97	INITIALS	HARD	함수 파라미터 타입이 공변이 아니라 반공변/이변으로 동작하는 맥락을 이해해 타입 호환성을 판단하는 개념을 무엇이라고 하는가?	분산 시스템보다도 TS 타입 호환에서 “분산보다 더 헷갈리는” 주제 중 하나가 변성입니다. 면접에서는 strictFunctionTypes 옵션과 함께 함수 파라미터의 변성이 어떻게 바뀌는지 질문이 나올 수 있습니다. 실무에서는 콜백 타입을 잘못 정의하면 타입은 통과하지만 런타임에서 안전하지 않은 경우가 생깁니다. TypeScript에서는 메서드/함수 프로퍼티의 변성 차이 같은 함정도 존재합니다. 핵심은 “어떤 위치에 타입이 등장하느냐”가 안전성에 직접 영향을 준다는 점을 설명하는 것입니다.	함수파라미터바이컨트라리언스									frontend	typescript	pattern	variance
Q838	브랜드드API경계(Branded Boundary)		언어 중심 - TypeScript	97	INITIALS	HARD	브랜드 타입을 임의로 만들지 못하게 하고, 특정 팩토리/파서에서만 생성하도록 경계를 두는 설계는 무엇이라고 하는가?	브랜드 타입은 “생성 규칙”이 없으면 금방 무너집니다. 면접에서는 브랜딩의 장점뿐 아니라, 어떻게 브랜딩을 강제했는지(팩토리 함수, parse 함수)까지 말하면 깊이가 드러납니다. 실무에서는 UserId 같은 값은 외부 입력에서 무작정 캐스팅하지 않고 검증 후 생성해야 합니다. TypeScript에서는 생성 함수를 모듈 밖으로 export하고, 브랜드 심볼은 export하지 않는 방식으로 우회적 캡슐화를 합니다. 이 패턴을 쓰면 도메인 무결성과 타입 안전성이 동시에 올라갑니다.	브랜드드API경계									frontend	typescript	pattern	branding
Q839	타입레벨키필터링(Key Filtering)		언어 중심 - TypeScript	97	INITIALS	HARD	매핑 타입에서 조건부로 키를 제거/선택해 특정 조건을 만족하는 프로퍼티만 남기는 타입 설계 기법은 무엇이라고 하는가?	키 필터링은 Pick/Omit 이상의 고급 유틸을 만들 때 필요합니다. 면접에서는 “특정 타입의 프로퍼티만 뽑는 유틸” 같은 문제로 출제될 수 있습니다. 실무에서는 함수 프로퍼티만 추출, readonly 키만 추출, null 가능한 키만 추출 같은 활용이 있습니다. TypeScript에서는 키 리매핑과 as never를 조합해 구현합니다. 결과가 복잡해질 수 있으니 타입 이름을 명확히 하고, 예시 기반 테스트로 의도를 고정하는 것이 좋습니다.	타입레벨키필터링									frontend	typescript	pattern	mappedtype
Q840	딥유틸타입설계(Deep Utility Types)		언어 중심 - TypeScript	97	INITIALS	HARD	객체가 중첩된 구조에서 모든 하위 필드까지 Partial/Readonly 등을 적용하는 깊은 변환 유틸을 만드는 기법을 무엇이라고 하는가?	DeepPartial 같은 유틸은 편하지만 함정도 많습니다. 면접에서는 배열/튜플/함수/Date 같은 특수 케이스를 어떻게 처리하는지 물을 수 있습니다. 실무에서는 API patch DTO, 설정 객체, 상태 스냅샷에서 자주 필요합니다. TypeScript에서는 재귀 타입과 조건부 타입으로 구현하지만, 타입 깊이 제한과 성능 문제가 생길 수 있습니다. 따라서 깊은 유틸은 범위를 명확히 제한하거나, 특정 타입은 제외하는 정책을 함께 두는 것이 좋습니다.	딥유틸타입설계									frontend	typescript	pattern	recursive
Q841	리터럴추론고정(as const)		언어 중심 - TypeScript	97	INITIALS	HARD	객체/배열 리터럴을 넓은 타입(string number)으로 확장하지 않고 리터럴 타입으로 고정하는 기법을 무엇이라고 하는가?	as const는 타입 안전한 상수 테이블을 만들 때 필수입니다. 면접에서는 왜 as const가 필요한지, 그리고 readonly가 함께 적용된다는 점을 질문할 수 있습니다. 실무에서는 라우트 맵, 이벤트 키, enum 대체 상수 객체에서 자주 씁니다. TypeScript에서는 as const로 리터럴을 고정해 디스크리미네이터나 키 유니온을 자동 생성할 수 있습니다. 다만 값이 동적으로 생성되는 경우엔 적용이 어렵기 때문에, 정적 테이블과 동적 데이터의 경계를 구분하는 것이 중요합니다.	리터럴추론고정									frontend	typescript	pattern	literal
Q842	새티스파이연산자(satisfies)		언어 중심 - TypeScript	97	INITIALS	HARD	값의 구체적 타입을 유지하면서도 특정 인터페이스 계약을 만족하는지 검사하는 satisfies 기능을 무엇이라고 하는가?	satisfies는 “검증은 하되, 타입을 과도하게 좁히지 않는” 데 유용합니다. 면접에서는 as 단언과 비교해 차이를 묻는 질문이 나올 수 있습니다. 실무에서는 설정 객체나 매핑 테이블을 만들 때, 키 누락/오타를 잡으면서도 리터럴 정보를 유지할 수 있습니다. TypeScript에서 as로 맞추면 정보가 사라지거나 위험한 단언이 될 수 있는데, satisfies는 그 위험을 줄입니다. 이 기능을 잘 쓰면 타입 안전성과 DX가 함께 좋아집니다.	새티스파이연산자									frontend	typescript	pattern	typesystem
Q843	인덱스시그니처함정(Index Signature Pitfall)		언어 중심 - TypeScript	97	INITIALS	HARD	[key: string]: ... 같은 인덱스 시그니처가 다른 프로퍼티 타입까지 제약해 예상치 못한 에러를 만드는 현상을 무엇이라고 하는가?	인덱스 시그니처는 편하지만 타입 안전성을 해칠 수 있는 함정이 많습니다. 면접에서는 “왜 특정 프로퍼티가 에러가 나지” 같은 사례로 출제될 수 있습니다. 실무에서는 Record를 남용하거나 string index를 열어두면, 잘못된 키 접근을 막지 못하고 any 같은 효과가 될 수 있습니다. TypeScript에서는 필요하면 키 유니온을 제한하거나, Map 구조로 바꾸는 전략이 더 안전할 수 있습니다. 인덱스 시그니처를 쓸 때는 허용 범위를 명확히 하고, 가능한 한 좁게 설계하는 것이 좋습니다.	인덱스시그니처함정									frontend	typescript	pattern	pitfalls
Q844	노미널유니온태깅(Tagged Nominal Union)		언어 중심 - TypeScript	97	INITIALS	HARD	브랜딩/태그 필드를 이용해 서로 다른 의미의 값들을 유니온으로 묶되 혼동을 막는 모델링 기법을 무엇이라고 하는가?	태깅된 유니온은 상태/이벤트/결과 모델링에서 강력합니다. 면접에서는 Result, Either 같은 타입을 어떻게 모델링하는지에서 자주 연결됩니다. 실무에서는 “성공/실패/로딩” 같은 UI 상태나, 결제 단계 같은 워크플로우를 안전하게 표현할 수 있습니다. TypeScript에서는 디스크리미네이터 필드와 브랜딩을 함께 써 의미를 더 강하게 만들 수 있습니다. 케이스가 많아지면 exhaustive check와 함께 운영해야 유지보수가 됩니다.	노미널유니온태깅									frontend	typescript	pattern	union
Q845	타입레벨파서패턴(Type-level Parsing)		언어 중심 - TypeScript	97	INITIALS	HARD	템플릿 리터럴 타입과 infer를 이용해 문자열 규칙을 타입 레벨에서 분해/검증하는 기법을 무엇이라고 하는가?	타입 레벨 파싱은 i18n 키, 라우트 파라미터, 이벤트 네이밍 규칙을 강제할 때 쓰입니다. 면접에서는 “문자열 규칙을 타입으로 강제할 수 있나”에서 고난도 질문으로 나올 수 있습니다. 실무에서는 규칙 위반을 컴파일 단계에서 잡아 품질을 올립니다. TypeScript에서는 ${infer A}:${infer B} 같은 형태로 분해합니다. 다만 유니온 폭발과 성능 문제가 있으니, 규칙 범위를 제한하고 꼭 필요한 곳에만 적용해야 합니다.	타입레벨파서패턴									frontend	typescript	pattern	templateliteral
Q846	이뮤터블상태타입설계(Immutable State Typing)		언어 중심 - TypeScript	97	INITIALS	HARD	상태를 불변으로 다루기 위해 readonly, 깊은 불변, 업데이트 헬퍼를 타입으로 강제하는 설계 접근을 무엇이라고 하는가?	불변 상태 설계는 프론트/백 모두에서 안정성을 높입니다. 면접에서는 불변성이 왜 중요한지(사이드 이펙트 감소, 추적 용이)와 함께 실제로 어떻게 강제했는지 물을 수 있습니다. TypeScript에서는 Readonly, DeepReadonly, as const로 불변성을 부여할 수 있습니다. 실무에서는 immer 같은 라이브러리로 구현을 단순화하되, 타입 레벨에서 불변 계약을 유지하는 것이 중요합니다. 다만 깊은 불변은 성능/가독성 비용이 있어, 경계와 핵심 상태에 선택적으로 적용하는 것이 좋습니다.	이뮤터블상태타입설계									frontend	typescript	pattern	immutability
Q847	제네릭에러모델링(Generic Error Modeling)		언어 중심 - TypeScript	97	INITIALS	HARD	함수/유스케이스가 반환할 수 있는 에러 타입을 제네릭으로 표현해 호출자에게 강제 처리하게 하는 설계는 무엇이라고 하는가?	제네릭 에러 모델링은 안정적인 API 설계의 핵심 중 하나입니다. 면접에서는 Result/Either를 쓰는 이유와 함께, 에러 타입을 어떻게 설계했는지 질문이 나올 수 있습니다. 실무에서는 에러를 string으로 던지면 처리 분기가 어려워지고, 사용자 메시지 표준화도 깨집니다. TypeScript에서는 Result<T, E>에서 E를 도메인 에러 유니온으로 두고, mapError 같은 헬퍼로 연결합니다. 에러 타입이 너무 세분화되면 사용성이 떨어질 수 있어, 레이어별로 적절히 묶는 전략이 중요합니다.	제네릭에러모델링									frontend	typescript	pattern	error
Q848	타입안전이벤트버스(Typed Event Bus)		언어 중심 - TypeScript	97	INITIALS	HARD	이벤트 이름과 페이로드를 매핑 타입으로 정의해, publish/subscribe에서 페이로드 타입을 강제하는 설계는 무엇이라고 하는가?	타입 안전 이벤트 버스는 대규모 프론트/백 이벤트 흐름에서 오류를 크게 줄입니다. 면접에서는 이벤트 기반 설계를 어떻게 타입으로 보호하는지 질문에서 어필할 수 있습니다. 실무에서는 이벤트 키 오타, 페이로드 필드 누락 같은 버그가 잦은데, 매핑 타입으로 compile-time에 차단할 수 있습니다. TypeScript에서는 type Events = { "user.created": {id: ...} } 같은 맵을 두고 emit/on을 제네릭으로 구현합니다. 이벤트가 많아지면 버전닝과 스키마 관리가 필요하니, 레지스트리/계약 테스트까지 연결해 설명하면 좋습니다.	타입안전이벤트버스									frontend	typescript	pattern	events
Q849	타입안전라우팅(Typed Routing)		언어 중심 - TypeScript	97	INITIALS	HARD	라우트 경로와 파라미터를 타입으로 모델링해, 잘못된 경로/파라미터 사용을 컴파일 단계에서 막는 설계는 무엇이라고 하는가?	타입 안전 라우팅은 규모가 커질수록 가치가 커집니다. 면접에서는 “라우트 변경 시 깨짐을 어떻게 막나” 질문에서 좋은 답이 됩니다. 실무에서는 경로 문자열이 여기저기 흩어지면 리팩터링이 매우 어려워집니다. TypeScript에서는 라우트 상수 테이블(as const)과 템플릿 리터럴 타입, 제네릭 헬퍼로 링크 생성 함수를 타입 안전하게 만들 수 있습니다. 다만 구현 난도가 높을 수 있어, 핵심 라우트부터 점진적으로 적용하는 전략이 현실적입니다.	타입안전라우팅									frontend	typescript	pattern	routing
Q850	선언파일설계(d.ts Design)		언어 중심 - TypeScript	97	INITIALS	HARD	JS 라이브러리나 번들 산출물에 대해 타입 선언 파일을 설계해 외부 소비자가 타입 안전하게 사용하도록 만드는 작업을 무엇이라고 하는가?	d.ts 설계는 TS 생태계에서 매우 중요한 고급 역량입니다. 면접에서는 “타입 정의를 직접 만들어본 적 있는가”에서 심화 질문으로 나올 수 있습니다. 실무에서는 내부 패키지나 레거시 JS 모듈을 TS로 안전하게 쓰려면 선언 파일이 필요합니다. TypeScript에서는 export 형태, default export, namespace, moduleResolution과의 상호작용을 이해해야 합니다. 잘못된 선언은 소비자에게 더 큰 혼란을 주므로, 실제 사용 예제와 함께 타입 테스트로 검증하는 것이 좋습니다.	선언파일설계									frontend	typescript	pattern	declarations
Q851	타입레벨테스트(Type-level Testing)		언어 중심 - TypeScript	97	INITIALS	HARD	타입 유틸이 의도대로 동작하는지 컴파일 단계에서 검증하기 위해 기대 타입/실패 케이스를 고정하는 테스트 접근을 무엇이라고 하는가?	타입 레벨 테스트는 공용 유틸/SDK 품질을 유지하는 핵심 기법입니다. 면접에서는 런타임 테스트와 달리 “타입이 깨지면 컴파일이 실패”하도록 만드는 방법을 설명하라고 할 수 있습니다. 실무에서는 복잡한 조건부 타입이나 매핑 타입을 리팩터링할 때 회귀를 막는 데 효과적입니다. TypeScript에서는 Expect<Equal<A,B>> 같은 타입을 만들거나 tsd 같은 도구를 사용합니다. 테스트가 없으면 타입 변경이 조용히 깨져 소비자 코드에서만 문제가 드러날 수 있어, 공용 타입이 많은 프로젝트일수록 중요합니다.	타입레벨테스트									frontend	typescript	pattern	testing
Q852	등가성유틸타입(Equal Type Utility)		언어 중심 - TypeScript	97	INITIALS	HARD	두 타입이 동일한지 판별하기 위해 조건부 타입으로 비교 로직을 구현하는 “타입 등가 검사” 기법을 무엇이라고 하는가?	타입 등가 검사 유틸은 타입 레벨 테스트의 기본 재료입니다. 면접에서는 Equal<A,B>를 어떻게 구현하는지까지 묻는 경우가 있습니다. 실무에서는 타입 리팩터링 시 의도치 않은 변화가 생기지 않았는지 검증할 때 씁니다. TypeScript에서 단순 A extends B만으로는 대칭 비교가 되지 않아 함정이 있습니다. 보통 함수 타입 트릭을 이용해 더 정확한 비교를 구성하며, 이런 원리를 이해하면 고급 타입 문제 해결력이 올라갑니다.	등가성유틸타입									frontend	typescript	pattern	typesystem
Q853	유니온폭발방지(Union Explosion Control)		언어 중심 - TypeScript	97	INITIALS	HARD	템플릿 리터럴/조건부 타입 조합으로 유니온이 기하급수로 커지는 문제를 줄이기 위한 설계 전략을 무엇이라고 하는가?	유니온 폭발은 IDE 느려짐과 컴파일 지연의 주요 원인입니다. 면접에서는 “타입이 너무 느려졌을 때 원인과 해결”을 물을 수 있습니다. 실무에서는 조합 가능한 문자열 타입을 무한히 만들기보다, 핵심 구간만 리터럴로 두고 나머지는 string으로 완화하는 전략이 필요합니다. TypeScript에서는 분산 조건부 타입을 차단하거나, 중간 결과를 단순화해 폭발을 줄일 수 있습니다. 성능 문제는 결국 설계 문제로 귀결되므로, 타입 안전성과 성능의 균형을 잡는 감각이 중요합니다.	유니온폭발방지									frontend	typescript	pattern	performance
Q854	제네릭추론우회(helper inference)		언어 중심 - TypeScript	97	INITIALS	HARD	TS가 원하는 타입을 추론하지 못할 때, helper 함수/오버로드로 추론을 유도해 사용성을 살리는 기법을 무엇이라고 하는가?	제네릭 추론은 매개변수 순서와 형태에 매우 민감합니다. 면접에서는 “왜 제네릭을 명시해야만 동작했는지”와 “어떻게 개선했는지” 경험 질문이 나올 수 있습니다. 실무에서는 createAction, defineConfig 같은 함수에서 helper inference를 많이 씁니다. TypeScript에서는 helper를 통해 리터럴을 고정하거나, 추론 포인트를 늘려 제네릭 생략을 가능하게 합니다. 다만 API가 복잡해질 수 있어, 공용 API에서만 신중히 적용하는 것이 좋습니다.	제네릭추론우회									frontend	typescript	pattern	inference
Q855	조건부타입단언회피(Avoid Type Assertions)		언어 중심 - TypeScript	97	INITIALS	HARD	타입 단언(as)으로 해결하기보다 조건부 타입/내로잉 설계로 안전성을 확보하는 전략을 무엇이라고 하는가?	단언은 빠르지만 위험하며, 팀 코드 품질을 빠르게 무너뜨릴 수 있습니다. 면접에서는 “단언을 언제 쓰고 언제 피하나”가 자주 나옵니다. 실무에서는 as를 쓰기 시작하면 결국 any와 비슷해져, 런타임 문제를 컴파일러가 못 잡습니다. TypeScript에서는 타입 가드, satisfies, 조건부 타입을 이용해 안전하게 설계할 수 있습니다. 단언이 필요해 보이면 대부분 경계(입력 검증)나 모델링이 부족한 경우이므로, 먼저 구조를 개선하는 접근이 중요합니다.	조건부타입단언회피									frontend	typescript	pattern	typesafety
Q856	스키마퍼스트타이핑(Schema-first Typing)		언어 중심 - TypeScript	97	INITIALS	HARD	런타임 스키마(검증 규칙)를 먼저 정의하고, 그로부터 타입을 추론/생성해 타입과 검증을 일치시키는 접근을 무엇이라고 하는가?	스키마 퍼스트는 “타입은 맞는데 런타임은 틀린” 문제를 줄입니다. 면접에서는 zod 같은 스키마 도구를 써봤는지, 왜 필요한지 질문이 나올 수 있습니다. 실무에서는 서버/클라이언트 간 계약을 맞추거나, 외부 입력 검증을 강제할 때 유용합니다. TypeScript에서 타입만 정의하고 검증을 안 하면, 결국 as로 덮게 되어 안전성이 깨집니다. 스키마와 타입을 단일 소스로 두면 변경 관리가 쉬워지고 버그가 줄어듭니다.	스키마퍼스트타이핑									frontend	typescript	pattern	schema
Q857	타입안전직렬화(Typesafe Serialization)		언어 중심 - TypeScript	97	INITIALS	HARD	JSON 직렬화/역직렬화 경계에서 타입과 스키마를 맞추고, Date/BigInt 등 특수 타입을 안전하게 처리하는 전략을 무엇이라고 하는가?	직렬화 경계는 타입 안전성이 쉽게 깨지는 지점입니다. 면접에서는 JSON으로 못 담는 타입(Date, BigInt, Map 등)을 어떻게 처리하는지 질문이 나올 수 있습니다. 실무에서는 서버 응답에서 Date가 string으로 오고, 클라이언트에서 Date로 착각해 버그가 생기는 경우가 흔합니다. TypeScript에서는 DTO를 명확히 두고, 변환/파싱 레이어를 분리해 처리합니다. 이 패턴을 잘 적용하면 계약이 명확해지고, 런타임 데이터 오류를 크게 줄일 수 있습니다.	타입안전직렬화									frontend	typescript	pattern	serialization
Q858	타입안전리플렉션(Typesafe Reflection)		언어 중심 - TypeScript	97	INITIALS	HARD	런타임에서 객체 키를 순회하거나 접근할 때, keyof/제네릭 제약으로 안전하게 키 접근을 보장하는 설계를 무엇이라고 하는가?	TS에서 Object.keys는 기본적으로 string[]이라 타입이 쉽게 깨집니다. 면접에서는 “키 순회에서 타입 안전성을 어떻게 확보하나” 질문이 나올 수 있습니다. 실무에서는 typed keys 헬퍼를 만들어 keyof T로 제한하거나, 엔트리 변환 함수에 제네릭 제약을 둡니다. TypeScript에서는 인덱스 접근 시 T[K]를 올바르게 연결하는 것이 핵심입니다. 잘못하면 any 캐스팅이 늘어나므로, 키 순회 유틸을 팀 표준으로 만들어두는 것이 좋습니다.	타입안전리플렉션									frontend	typescript	pattern	keys
Q859	타입안전엔트리패턴(Typed Entries)		언어 중심 - TypeScript	97	INITIALS	HARD	Object.entries 결과를 [keyof T, T[keyof T]] 형태로 안전하게 모델링해 사용하는 패턴을 무엇이라고 하는가?	typed entries는 객체 변환 로직에서 안전성을 올립니다. 면접에서는 entries/keys의 타입 한계를 알고 있는지 질문이 나올 수 있습니다. 실무에서는 설정 객체를 순회해 검증/정규화하거나, 폼 에러 맵을 변환할 때 자주 사용합니다. TypeScript에서 entries 결과를 그대로 쓰면 key가 string으로 넓어져 안전성이 깨집니다. 안전한 헬퍼를 만들어두면 캐스팅을 줄이고 유지보수가 쉬워집니다.	타입안전엔트리패턴									frontend	typescript	pattern	keys
Q860	타입안전딕셔너리키(Dict Key Safety)		언어 중심 - TypeScript	97	INITIALS	HARD	임의 string 키를 허용하지 않고, 키 유니온/리터럴로 제한해 딕셔너리 접근을 안전하게 만드는 설계를 무엇이라고 하는가?	딕셔너리는 편하지만 오타와 누락에 취약합니다. 면접에서는 Record와 인덱스 시그니처의 차이, 그리고 키 제한이 왜 중요한지 물을 수 있습니다. 실무에서는 상태 키, 이벤트 키, 번역 키를 string으로 두면 리팩터링이 불가능해집니다. TypeScript에서는 as const로 키 집합을 만들고 keyof typeof로 제한하는 패턴이 자주 쓰입니다. 키가 늘어날수록 자동완성과 컴파일러 보호가 강력해져 생산성이 올라갑니다.	타입안전딕셔너리키									frontend	typescript	pattern	record
Q861	엄격모드점진도입(Strict Mode Migration)		언어 중심 - TypeScript	97	INITIALS	HARD	strict 옵션을 한 번에 켜지 않고, 단계적으로 옵션을 올리며 any를 줄여가는 마이그레이션 전략을 무엇이라고 하는가?	strict는 켜는 순간 많은 에러가 발생할 수 있어 점진 도입이 현실적입니다. 면접에서는 “레거시 TS/JS를 어떻게 개선했나” 질문에서 자주 등장합니다. 실무에서는 noImplicitAny, strictNullChecks 같은 옵션을 우선순위로 올리고, 경계에 unknown+검증을 도입해 내부를 안전하게 만듭니다. TypeScript에서는 tsconfig 분리(패키지별)나 점진적 lint 규칙 도입도 함께 사용합니다. 작은 성공을 쌓아 팀이 받아들이기 쉽게 만드는 것이 핵심입니다.	엄격모드점진도입									frontend	typescript	pattern	migration
Q862	타입전용패키지분리(Type-only Package Split)		언어 중심 - TypeScript	97	INITIALS	HARD	런타임 의존 없이 타입만 공유하기 위해 타입 패키지(contracts)를 별도로 분리해 배포/의존을 단순화하는 전략을 무엇이라고 하는가?	타입 전용 패키지 분리는 모노레포/마이크로서비스에서 자주 쓰입니다. 면접에서는 계약(contracts)을 어떻게 공유하는지 질문이 나올 수 있습니다. 실무에서는 런타임 코드까지 공유하면 배포 결합이 생기지만, 타입만 공유하면 결합을 줄일 수 있습니다. TypeScript에서는 type-only export, d.ts 생성, API Extractor 같은 도구를 조합하기도 합니다. 다만 타입 패키지가 너무 빈번히 바뀌면 배포 비용이 커지므로, 버저닝과 변경 정책을 정해두는 것이 중요합니다.	타입전용패키지분리									frontend	typescript	pattern	monorepo
Q863	레이어드타입아키텍처(Layered Typing)		언어 중심 - TypeScript	97	INITIALS	HARD	도메인 타입, DTO 타입, 뷰 모델 타입을 레이어별로 분리해 변경 파급을 줄이는 타입 구조 설계를 무엇이라고 하는가?	레이어드 타이핑은 대규모 코드에서 안정성을 크게 높입니다. 면접에서는 “왜 한 타입을 전부에서 쓰면 안 되나” 질문에 답할 때 유용합니다. 실무에서는 API 변경이 UI까지 바로 번지지 않도록 DTO와 VM을 분리합니다. TypeScript에서는 각 레이어에 맞는 변환(매퍼)을 두고, 내부 도메인은 최대한 안정적으로 유지합니다. 이 구조를 잘 잡아두면 기능 추가/변경이 훨씬 예측 가능해집니다.	레이어드타입아키텍처									frontend	typescript	pattern	architecture
Q864	코드제너레이션계약(Type Generation Contract)		언어 중심 - TypeScript	97	INITIALS	HARD	OpenAPI/GraphQL 등 스펙으로부터 타입을 생성해, 수동 타입 작성에 의한 불일치를 줄이는 접근을 무엇이라고 하는가?	코드 생성 기반 계약은 대규모 API에서 사실상 표준입니다. 면접에서는 “API 타입을 어떻게 관리했나” 질문에서 나올 수 있습니다. 실무에서는 수동으로 DTO를 쓰면 금방 스키마 드리프트가 생깁니다. TypeScript에서는 생성된 타입을 그대로 쓰되, 내부 도메인 타입과는 분리해 경계를 유지하는 것이 좋습니다. 생성 파이프라인을 CI에 넣고, 스펙 변경 시 자동으로 PR이 생성되게 하면 운영 품질이 올라갑니다.	코드제너레이션계약									frontend	typescript	pattern	codegen
Q865	에러메시지단순화(Simplify Error Messages)		언어 중심 - TypeScript	97	INITIALS	HARD	타입 에러가 너무 난해할 때 중간 타입 별칭/정규화 유틸로 에러 메시지를 읽기 쉽게 만드는 실무 기법을 무엇이라고 하는가?	TS 에러 메시지는 복잡한 제네릭에서 매우 난해해질 수 있습니다. 면접에서는 “타입 디버깅을 어떻게 하냐” 질문에서 경험을 말할 수 있으면 좋습니다. 실무에서는 중간 결과 타입을 별칭으로 빼고, 공개 타입 표면을 단순화하면 에러가 읽기 쉬워집니다. TypeScript에서는 Simplify<T> 같은 유틸로 교차 타입을 펼치거나, 조건부 타입 중첩을 줄이는 방식이 효과적입니다. 결국 타입 설계는 “컴파일러가 아니라 사람”을 위한 것이라는 관점을 가져야 합니다.	에러메시지단순화									frontend	typescript	pattern	debugging
Q866	타입좁히기유지(Stable Narrowing)		언어 중심 - TypeScript	97	INITIALS	HARD	내로잉이 깨지지 않도록 재할당을 피하고, 가드 이후 값을 상수로 캡처해 안전하게 사용하는 코딩 패턴을 무엇이라고 하는가?	내로잉은 코드 구조에 따라 유지되거나 풀립니다. 면접에서는 “왜 가드했는데도 에러가 나나”를 설명할 수 있어야 합니다. 실무에서는 let 재할당, 비동기 경계, 클로저로 인해 내로잉이 깨지는 경우가 흔합니다. TypeScript에서는 좁혀진 값을 const로 저장하거나, early return으로 흐름을 단순화하는 것이 효과적입니다. 이런 습관은 런타임 버그도 줄이고 코드 가독성도 높입니다.	타입좁히기유지									frontend	typescript	pattern	narrowing
Q867	타입안전동적디스패치(Typed Dynamic Dispatch)		언어 중심 - TypeScript	97	INITIALS	HARD	문자열 키로 핸들러 맵을 구성하되, 키와 핸들러 시그니처를 타입으로 매칭해 안전하게 호출하는 설계를 무엇이라고 하는가?	동적 디스패치는 실무에서 많이 쓰이지만 오타/시그니처 불일치에 취약합니다. 면접에서는 이벤트 처리, 커맨드 패턴 구현에서 이 주제가 나올 수 있습니다. TypeScript에서는 핸들러 맵을 매핑 타입으로 정의하고, key에 따라 파라미터/반환 타입을 연결합니다. 실무에서는 라우팅, 명령 처리, 폼 필드 처리에서 유용합니다. 구현이 복잡해질 수 있으니 공용 유틸로 표준화하고, 타입 테스트로 계약을 고정하는 것이 좋습니다.	타입안전동적디스패치									frontend	typescript	pattern	dispatch
Q868	타입안전플러그인아키텍처(Typed Plugin Architecture)		언어 중심 - TypeScript	97	INITIALS	HARD	플러그인 확장 지점을 타입으로 정의하고, 플러그인이 제공해야 할 계약을 제네릭으로 강제하는 설계를 무엇이라고 하는가?	플러그인 아키텍처는 확장성 있는 시스템에서 자주 등장합니다. 면접에서는 “확장 가능한 구조를 어떻게 설계했나” 질문에서 어필할 수 있습니다. 실무에서는 플러그인이 제공하는 hook/handler의 타입을 강제해 런타임 오류를 줄입니다. TypeScript에서는 플러그인 컨텍스트, 이벤트 맵, 설정 스키마를 제네릭으로 연결해 계약을 유지합니다. 플러그인 버전 호환성(계약 변경) 관리가 어려우므로, 버저닝과 deprecate 정책까지 함께 설계하는 것이 중요합니다.	타입안전플러그인아키텍처									frontend	typescript	pattern	architecture
Q869	타입안전DI컨테이너(Typed DI Container)		언어 중심 - TypeScript	97	INITIALS	HARD	DI 컨테이너에서 토큰과 주입 타입을 매핑해, 잘못된 토큰/타입 주입을 컴파일 단계에서 막는 설계를 무엇이라고 하는가?	TS에서 DI는 런타임 토큰과 타입이 분리되어 있어 실수하기 쉽습니다. 면접에서는 DI 토큰 설계를 어떻게 했는지, 그리고 런타임 오류를 어떻게 줄였는지 질문이 나올 수 있습니다. 실무에서는 토큰을 string으로 두면 오타가 치명적이므로, 심볼/상수 객체(as const)로 관리하는 경우가 많습니다. TypeScript에서는 토큰 맵을 만들어 token -> instance type을 연결하면 주입 안정성이 올라갑니다. 다만 복잡도가 커질 수 있으니, 핵심 인프라부터 적용하는 점진 도입이 현실적입니다.	타입안전DI컨테이너									frontend	typescript	pattern	di
Q870	타입안전상태전이(Typesafe State Transitions)		언어 중심 - TypeScript	97	INITIALS	HARD	상태 타입과 이벤트 타입을 연결해, 허용된 전이만 함수로 표현하고 불가능한 전이는 컴파일 단계에서 막는 설계를 무엇이라고 하는가?	타입 안전 상태 전이는 상태 머신을 “타입으로도” 보장하는 고급 패턴입니다. 면접에서는 복잡한 UI 플로우에서 불가능한 상태를 어떻게 막는지 질문이 나올 수 있습니다. 실무에서는 로딩 중 중복 요청, 결제 진행 중 취소 등 전이 규칙이 복잡한 곳에서 효과가 큽니다. TypeScript에서는 디스크리미네이티드 유니온과 전이 함수의 제네릭 제약으로 구현합니다. 전이 규칙이 바뀌면 컴파일 오류로 알려주므로 리팩터링 안정성이 올라가지만, 과도하면 타입이 복잡해질 수 있어 핵심 플로우에만 적용하는 것이 좋습니다.	타입안전상태전이									frontend	typescript	pattern	statemachine
Q871	이벤트소싱모델링(Event Sourcing Modeling)		언어 중심 - TypeScript	97	INITIALS	HARD	현재 상태를 저장하기보다 이벤트의 연속으로 상태를 재구성하고, 이벤트 타입을 엄격히 모델링해 적용하는 설계를 무엇이라고 하는가?	이벤트 소싱은 설계 자체가 복잡한 대신 감사 추적과 재현성이 강합니다. 면접에서는 CQRS와 함께 “왜 이벤트를 저장하나”를 물을 수 있습니다. 실무에서는 이벤트 스키마 버전닝과 업캐스팅이 핵심 운영 포인트입니다. TypeScript에서는 이벤트를 디스크리미네이티드 유니온으로 모델링하고, apply 함수를 exhaustive check로 고정해 누락을 막습니다. 이벤트 소싱은 도입 비용이 커서, 요구사항(감사, 히스토리, 재처리)이 명확한 경우에만 선택하는 게 좋습니다.	이벤트소싱모델링									frontend	typescript	pattern	eventsourcing
Q872	사가패턴(Saga Pattern)		언어 중심 - TypeScript	97	INITIALS	HARD	분산 트랜잭션을 하나의 DB 트랜잭션으로 처리할 수 없을 때, 단계별 작업과 보상 작업으로 일관성을 맞추는 패턴은 무엇인가?	사가는 분산 시스템에서 현실적인 일관성 전략입니다. 면접에서는 2PC와 비교해 사가의 장단점을 물을 수 있습니다. 실무에서는 결제/재고/배송처럼 여러 서비스가 엮인 플로우에서 보상 트랜잭션을 설계해야 합니다. TypeScript에서도 오케스트레이션(중앙 조정) 또는 코레오그래피(이벤트 기반) 방식으로 구현할 수 있습니다. 보상 로직이 진짜로 “되돌릴 수 있는가”가 핵심이라, 데이터 모델/업무 정책과 함께 설계해야 합니다.	사가패턴									frontend	typescript	pattern	distributed
Q873	도메인이벤트패턴(Domain Events)		언어 중심 - TypeScript	97	INITIALS	HARD	도메인 내부에서 의미 있는 사건을 이벤트로 발행하고, 그 이벤트를 기반으로 후속 작업을 분리하는 설계를 무엇이라고 하는가?	도메인 이벤트는 결합도를 줄이고 확장성을 높입니다. 면접에서는 트랜잭션 내에서 이벤트를 언제 발행해야 하는지, 아웃박스 패턴과 어떻게 연결되는지 질문이 나올 수 있습니다. 실무에서는 “사용자 가입됨” 같은 사건을 이벤트로 만들어 메일 발송/포인트 적립을 분리합니다. TypeScript에서는 이벤트 타입을 유니온으로 모델링하고, 핸들러 맵을 타입 안전하게 구성하는 것이 포인트입니다. 이벤트 남발은 흐름 추적을 어렵게 하므로, ‘도메인 의미가 있는 사건’만 이벤트로 두는 기준이 필요합니다.	도메인이벤트패턴									frontend	typescript	pattern	ddd
Q874	리드모델프로젝션(Read Model Projection)		언어 중심 - TypeScript	97	INITIALS	HARD	이벤트/명령 처리 결과를 조회에 최적화된 모델로 변환해 별도로 유지하는 구성 요소를 무엇이라고 하는가?	프로젝션은 이벤트 소싱/CQRS에서 조회 성능을 확보하는 핵심입니다. 면접에서는 “읽기 모델은 어떻게 업데이트되고 장애 시 복구는 어떻게 하나” 질문이 나올 수 있습니다. 실무에서는 프로젝션이 결국 비동기 업데이트라, 지연/일관성 문제를 사용자 경험 관점에서 관리해야 합니다. TypeScript에서는 프로젝션 핸들러를 이벤트 타입과 매칭해 구현하고, 재처리(replay) 가능한 구조로 만듭니다. 프로젝션이 깨졌을 때 재빌드할 수 있어야 운영이 안정적입니다.	리드모델프로젝션									frontend	typescript	pattern	cqrs
Q875	커맨드핸들러패턴(Command Handler)		언어 중심 - TypeScript	97	INITIALS	HARD	쓰기 요청(명령)을 단일 책임의 핸들러로 처리하고, 검증/권한/도메인 로직을 한 흐름으로 캡슐화하는 패턴은 무엇인가?	커맨드 핸들러는 CQRS에서 자주 쓰이지만, 일반 서비스에도 적용 가능합니다. 면접에서는 서비스 메서드와 핸들러의 차이를 물을 수 있습니다. 실무에서는 명령 단위로 로깅/리트라이/권한 검증을 통일하기 좋습니다. TypeScript에서는 command DTO와 handler 인터페이스를 두고, 제네릭으로 입력/출력 타입을 강제할 수 있습니다. 핸들러가 비대해지지 않도록 도메인 서비스/정책 객체로 분해하는 설계가 중요합니다.	커맨드핸들러패턴									frontend	typescript	pattern	cqrs
Q876	쿼리핸들러패턴(Query Handler)		언어 중심 - TypeScript	97	INITIALS	HARD	조회 요청을 전용 핸들러로 분리해 캐시/인덱스/조인 전략을 조회에 맞게 최적화하는 패턴은 무엇인가?	쿼리 핸들러는 읽기 성능과 응답 형태를 독립적으로 최적화할 수 있습니다. 면접에서는 “조회 로직을 왜 분리하나”와 “N+1 문제를 어떻게 피하나” 같은 질문으로 이어질 수 있습니다. 실무에서는 조회는 DTO로 바로 만들고, 도메인 엔티티를 거치지 않는 경우도 많습니다. TypeScript에서는 query input과 output을 명시적으로 모델링해 API 계약을 고정합니다. 캐시 적용/무효화 정책도 쿼리 핸들러 계층에서 표준화하면 운영이 쉬워집니다.	쿼리핸들러패턴									frontend	typescript	pattern	cqrs
Q877	도메인정책객체(Policy Object)		언어 중심 - TypeScript	97	INITIALS	HARD	비즈니스 규칙(예: 할인 규칙, 권한 규칙)을 별도 객체로 분리해 변경과 테스트를 쉽게 만드는 패턴을 무엇이라고 하는가?	정책 객체는 규칙이 늘어나는 도메인에서 매우 유용합니다. 면접에서는 전략 패턴과의 관계(교체 가능한 규칙)까지 설명하면 좋습니다. 실무에서는 “조건이 늘어나는 if 지옥”을 정책 객체로 정리해 읽기 쉽게 만들 수 있습니다. TypeScript에서는 정책 인터페이스를 정의하고, 구현체를 DI로 주입하거나 팩토리로 선택합니다. 규칙이 데이터 기반이면 룰 엔진으로 넘어갈 수 있으니, 정책 객체의 책임 범위를 명확히 하는 것이 중요합니다.	도메인정책객체									frontend	typescript	pattern	ddd
Q878	스펙패턴(Specification Pattern)		언어 중심 - TypeScript	97	INITIALS	HARD	조건을 객체로 캡슐화하고 AND/OR/NOT 조합으로 복잡한 필터링 규칙을 표현하는 패턴은 무엇인가?	스펙 패턴은 복잡한 조회 조건이나 검증 조건을 조합할 때 강력합니다. 면접에서는 “조건 조합을 어떻게 깔끔하게 표현하나”에서 나올 수 있습니다. 실무에서는 검색 필터, 권한 조건, 비즈니스 검증을 재사용 가능한 단위로 나눌 수 있습니다. TypeScript에서는 isSatisfiedBy(entity) 같은 메서드와 조합 스펙을 구현합니다. 다만 모든 조건을 객체로 만들면 과해질 수 있으니, 복잡도와 재사용성이 충분할 때 적용하는 것이 좋습니다.	스펙패턴									frontend	typescript	pattern	design
Q879	함수형코어명령형셸(Functional Core Imperative Shell)		언어 중심 - TypeScript	97	INITIALS	HARD	핵심 로직은 순수 함수로 두고, I/O는 바깥에서 처리해 테스트 가능성과 안정성을 높이는 설계 원칙을 무엇이라고 하는가?	이 원칙은 테스트성과 유지보수성을 크게 올립니다. 면접에서는 “순수 함수로 설계하면 어떤 장점이 있나”를 물을 수 있습니다. 실무에서는 비즈니스 규칙을 순수 함수로 만들면 단위 테스트가 쉬워지고, I/O 실패와 분리되어 장애 영향이 줄어듭니다. TypeScript에서는 도메인 로직을 pure module로 두고, 외부 의존(HTTP/DB)은 어댑터로 격리합니다. 이 패턴을 지키면 리팩터링이 안전해지고 협업도 빨라집니다.	함수형코어명령형셸									frontend	typescript	pattern	architecture
Q880	포트와어댑터(Hexagonal Architecture)		언어 중심 - TypeScript	97	INITIALS	HARD	도메인 중심으로 포트(인터페이스)를 두고, 외부 시스템은 어댑터로 연결해 의존 방향을 역전시키는 아키텍처를 무엇이라고 하는가?	헥사고날 아키텍처는 테스트 용이성과 결합도 감소에 강합니다. 면접에서는 클린 아키텍처와의 관계를 물을 수 있습니다. 실무에서는 DB/HTTP/메시징이 바뀌어도 도메인 코드는 그대로 두려는 목표가 있습니다. TypeScript에서도 포트 인터페이스를 도메인에 두고, 구현 어댑터를 인프라 레이어에 배치합니다. 경계가 흐려지면 그냥 레이어드 아키텍처가 되므로, 의존 방향을 엄격히 유지하는 것이 핵심입니다.	포트와어댑터									frontend	typescript	pattern	architecture
Q881	안티코럽션레이어(ACL Pattern)		언어 중심 - TypeScript	97	INITIALS	HARD	외부 시스템의 모델이 내부 도메인을 오염시키지 않도록 변환/보호 계층을 두는 패턴을 무엇이라고 하는가?	ACL은 레거시/외부 시스템과 통합할 때 특히 중요합니다. 면접에서는 “외부 API 스키마가 내부로 새어 들어오면 어떤 문제가 생기나”가 자주 나옵니다. 실무에서는 외부 모델이 바뀌면 내부 코드 전반이 흔들릴 수 있어, ACL에서만 변화가 멈추게 하는 것이 목표입니다. TypeScript에서는 외부 DTO를 내부 도메인 모델로 매핑하고, 내부 에러 모델로 변환해 통일합니다. ACL이 두꺼워지면 파사드/통합 서비스로 발전할 수 있으니 책임을 명확히 유지해야 합니다.	안티코럽션레이어									frontend	typescript	pattern	ddd
Q882	이벤트드리븐사가(Event-driven Saga)		언어 중심 - TypeScript	97	INITIALS	HARD	중앙 오케스트레이터 없이 이벤트 발행/구독으로 사가 흐름이 이어지는 분산 조정 방식은 무엇이라고 하는가?	이벤트 드리븐 사가는 코레오그래피 기반 사가에 해당합니다. 면접에서는 오케스트레이션과 코레오그래피 차이를 물을 수 있습니다. 실무에서는 서비스 간 결합은 줄지만, 전체 흐름 추적이 어려워 observability가 매우 중요합니다. TypeScript 기반 서비스도 이벤트 스키마 버전닝, 멱등 처리, 재처리 전략이 필수입니다. 흐름이 복잡해질수록 중앙화된 오케스트레이션이 낫기도 하니, 트레이드오프를 설명할 수 있어야 합니다.	이벤트드리븐사가									frontend	typescript	pattern	saga
Q883	리액션체인패턴(Reaction Chain)		언어 중심 - TypeScript	97	INITIALS	HARD	하나의 이벤트가 여러 후속 이벤트/작업을 연쇄적으로 유발하는 구조를 의도적으로 설계하고 제어하는 패턴을 무엇이라고 하는가?	리액션 체인은 이벤트 기반 시스템에서 자연스럽게 생기지만, 통제 없으면 폭주합니다. 면접에서는 이벤트 폭풍, 순환 의존, 중복 처리 문제를 어떻게 예방하는지 질문이 나올 수 있습니다. 실무에서는 이벤트 카탈로그, 핸들러 책임 분리, idempotency로 체인을 관리합니다. TypeScript에서는 이벤트 타입 맵과 핸들러 등록을 타입 안전하게 유지하면 오타/불일치가 줄어듭니다. 또한 체인 길이가 길어질수록 모니터링/트레이싱이 필수라 운영 관점까지 고려해야 합니다.	리액션체인패턴									frontend	typescript	pattern	events
Q884	트랜잭셔널아웃박스(Transactional Outbox)		언어 중심 - TypeScript	97	INITIALS	HARD	DB 저장과 이벤트 발행을 같은 트랜잭션으로 묶기 위해 outbox 테이블에 이벤트를 기록하고 별도 프로세스로 발행하는 패턴은 무엇인가?	트랜잭셔널 아웃박스는 메시지 발행의 신뢰성을 높이는 대표 패턴입니다. 면접에서는 “DB 저장은 됐는데 이벤트 발행이 실패하면?” 같은 질문에서 정답으로 자주 나옵니다. 실무에서는 outbox 기록과 도메인 이벤트 발행 시점을 일치시키는 것이 핵심입니다. TypeScript 서비스에서도 워커/폴러를 두어 브로커로 발행하고, 실패 시 재시도/중복 발행 대비 멱등 처리를 합니다. 운영 시 outbox 적체 모니터링과 정리 정책이 필수입니다.	트랜잭셔널아웃박스									frontend	typescript	pattern	outbox
Q885	이벤트최종일관성(Eventual Consistency)		언어 중심 - TypeScript	97	INITIALS	HARD	강한 일관성 대신 시간이 지나면 일관해지는 모델을 받아들이고, 사용자 경험과 보상 로직으로 관리하는 분산 시스템 개념을 무엇이라고 하는가?	최종 일관성은 이벤트 기반 아키텍처에서 흔히 선택하는 모델입니다. 면접에서는 강한 일관성과 비교, 그리고 사용자에게 어떤 UX를 제공할지 질문이 나올 수 있습니다. 실무에서는 “처리 중” 상태, 재시도, 중복 방지 같은 설계가 중요합니다. TypeScript에서도 상태 모델을 명확히 하고, 리드 모델 지연을 고려한 UI/응답을 제공해야 합니다. 최종 일관성을 제대로 운영하려면 모니터링과 장애 복구(재처리)가 필수입니다.	이벤트최종일관성									frontend	typescript	pattern	distributed
Q886	분산트레이싱설계(Distributed Tracing)		언어 중심 - TypeScript	97	INITIALS	HARD	요청이 여러 서비스/이벤트를 거치는 동안 trace/span으로 흐름을 추적 가능하게 설계하는 운영 패턴을 무엇이라고 하는가?	분산 트레이싱은 이벤트 기반/마이크로서비스에서 문제 해결 속도를 좌우합니다. 면접에서는 로그만으로 부족한 이유와 trace id 전파 전략을 물을 수 있습니다. 실무에서는 HTTP 헤더나 메시지 메타데이터로 trace context를 전파하고, span을 적절히 끊어 병목을 찾습니다. TypeScript에서도 OpenTelemetry 같은 표준을 이용해 계측을 구성할 수 있습니다. 트레이싱은 비용이 있으므로 샘플링 전략과 PII 마스킹 정책을 함께 설계해야 합니다.	분산트레이싱설계									frontend	typescript	pattern	observability
Q887	계약호환성전략(Contract Compatibility Strategy)		언어 중심 - TypeScript	97	INITIALS	HARD	API/이벤트 계약 변경 시 하위 호환을 유지하고 단계적 전환을 가능하게 하는 운영/설계 전략을 무엇이라고 하는가?	계약 호환성은 실제 서비스 운영에서 매우 중요합니다. 면접에서는 “스키마 변경을 안전하게 배포하는 법”을 자주 묻습니다. 실무에서는 필드 추가는 비교적 안전하지만 삭제/의미 변경은 위험하므로 버전닝과 deprecate 기간이 필요합니다. TypeScript에서는 생성 타입/스키마 레지스트리/계약 테스트를 조합해 호환성을 자동 검증합니다. 계약을 잘 운영하면 배포 속도와 안정성이 함께 올라가고, 팀 간 충돌이 크게 줄어듭니다.	계약호환성전략									frontend	typescript	pattern	contract
Q888	관측가능성기반운영(Observability-driven Ops)		언어 중심 - TypeScript	97	INITIALS	HARD	로그/메트릭/트레이싱을 설계 단계부터 포함해 장애 탐지와 원인 분석을 빠르게 만드는 운영 패턴을 무엇이라고 하는가?	관측가능성 기반 운영은 마이크로서비스/이벤트 시스템에서 필수입니다. 면접에서는 어떤 지표를 봐야 하는지(에러율, 지연, 큐 적체)와 알람 기준을 물을 수 있습니다. 실무에서는 단순히 로그를 많이 찍는 것이 아니라, 구조화된 로그와 상관관계(trace id)가 중요합니다. TypeScript 서비스에서도 공통 로깅 미들웨어, 표준 메트릭, 분산 트레이싱을 함께 구성합니다. 관측가능성이 없으면 운영은 “감”에 의존하게 되므로, 초기부터 설계에 포함하는 것이 정답입니다.	관측가능성기반운영									frontend	typescript	pattern	observability
Q889	멱등성처리(Idempotency Handling)		언어 중심 - TypeScript	97	INITIALS	HARD	재시도나 중복 요청이 들어와도 결과가 한 번만 처리된 것처럼 유지되도록 만드는 설계/구현 기법을 무엇이라고 하는가?	멱등성은 분산 환경에서 “필수 운영 스킬”입니다. 면접에서는 결제/주문 같은 중요한 작업에서 중복 처리 방지 전략을 묻는 경우가 많습니다. 실무에서는 idempotency key를 저장하고, 같은 키로 들어온 요청은 이전 결과를 재사용하는 방식이 흔합니다. TypeScript 서비스에서도 요청 키 생성 규칙, 저장 위치(DB/캐시), 만료 정책이 중요합니다. 멱등성이 없으면 재시도만으로도 데이터가 깨질 수 있어, 장애 대응 관점에서 반드시 설계에 포함해야 합니다.	멱등성처리									frontend	typescript	pattern	reliability
Q890	재시도백오프(Retry with Backoff)		언어 중심 - TypeScript	97	INITIALS	HARD	외부 호출 실패 시 즉시 반복하지 않고 지수 백오프/지터를 적용해 재시도하는 복원력 패턴을 무엇이라고 하는가?	백오프는 장애 확산을 막는 기본 장치입니다. 면접에서는 왜 지터(jitter)가 필요한지(동시 재시도 폭주 방지)까지 질문이 나올 수 있습니다. 실무에서는 네트워크 오류, 5xx, rate limit에서 재시도를 적용하되, 무조건 재시도하면 더 큰 장애를 만들 수 있어 조건을 정해야 합니다. TypeScript에서는 재시도 정책(횟수, 지연, 대상 에러)을 공용 유틸로 표준화합니다. 재시도는 멱등성과 함께 설계되어야 안전합니다.	재시도백오프									frontend	typescript	pattern	resilience
Q891	서킷브레이커(Circuit Breaker)		언어 중심 - TypeScript	97	INITIALS	HARD	일정 비율 이상 실패하면 호출을 차단하고, 일정 시간 후 시험 호출로 복구를 시도하는 장애 격리 패턴을 무엇이라고 하는가?	서킷 브레이커는 연쇄 장애를 막는 대표 패턴입니다. 면접에서는 open/half-open/closed 상태와 전환 조건을 설명하라는 질문이 자주 나옵니다. 실무에서는 다운된 의존 서비스에 계속 요청을 보내면 스레드/커넥션이 고갈됩니다. TypeScript에서도 HTTP 클라이언트 레이어에 서킷 브레이커를 넣어 장애를 격리할 수 있습니다. 폴백 전략(캐시 응답, 기본값)과 함께 설계해야 사용자 경험이 유지됩니다.	서킷브레이커									frontend	typescript	pattern	resilience
Q892	타임아웃전략(Timeout Strategy)		언어 중심 - TypeScript	97	INITIALS	HARD	외부 호출이 무한 대기하지 않도록 명시적 타임아웃을 두고, 타임아웃 후 복구 경로를 제공하는 전략을 무엇이라고 하는가?	타임아웃은 “장애를 빨리 인지하고 격리”하기 위한 필수 요소입니다. 면접에서는 커넥션 타임아웃과 응답 타임아웃 차이를 물을 수 있습니다. 실무에서는 타임아웃이 없으면 대기 중인 요청이 쌓여 전체 시스템이 느려집니다. TypeScript에서는 fetch/axios에 타임아웃을 적용하고, 타임아웃 발생 시 재시도/폴백/에러 표준화를 합니다. 타임아웃 값은 SLA와 실제 네트워크 특성에 맞춰 튜닝해야 합니다.	타임아웃전략									frontend	typescript	pattern	reliability
Q893	벌크헤드격리(Bulkhead Isolation)		언어 중심 - TypeScript	97	INITIALS	HARD	한 기능의 장애가 다른 기능까지 전파되지 않도록 리소스를 풀/큐 단위로 분리해 격리하는 패턴을 무엇이라고 하는가?	벌크헤드는 배의 격벽처럼 “부분 침수는 막되 전체 침몰은 막는” 개념입니다. 면접에서는 리소스 격리를 어떻게 하는지(스레드풀/커넥션풀/큐) 질문이 나올 수 있습니다. 실무에서는 특정 외부 API가 느리면 그 API를 쓰는 기능만 영향을 받게 해야 합니다. TypeScript에서도 워커 큐 분리, 커넥션 풀 분리, 요청 동시성 제한으로 벌크헤드를 구현합니다. 격리 기준을 잘못 잡으면 리소스 낭비가 생기므로, 트래픽과 우선순위를 기준으로 설계해야 합니다.	벌크헤드격리									frontend	typescript	pattern	resilience
Q894	레이트리미팅(Rate Limiting)		언어 중심 - TypeScript	97	INITIALS	HARD	특정 사용자/키/엔드포인트 단위로 요청 수를 제한해 남용과 과부하를 막는 패턴을 무엇이라고 하는가?	레이트 리미팅은 보안과 안정성 양쪽에 중요합니다. 면접에서는 토큰 버킷/리키 버킷 같은 알고리즘을 물을 수 있습니다. 실무에서는 로그인, 인증, 검색 API 같은 곳에 특히 적용합니다. TypeScript 서버에서도 미들웨어로 적용하고, 분산 환경에서는 Redis 같은 공유 저장소로 카운트를 관리합니다. 제한을 걸 때는 에러 응답 표준화와 재시도 안내(429, Retry-After)까지 고려해야 합니다.	레이트리미팅									frontend	typescript	pattern	security
Q895	폴백전략(Fallback Strategy)		언어 중심 - TypeScript	97	INITIALS	HARD	의존 서비스 실패 시 기본값/캐시/대체 경로로 기능을 유지해 사용자 경험을 보호하는 설계를 무엇이라고 하는가?	폴백은 시스템을 “완전 실패”가 아니라 “부분 기능 제공”으로 전환합니다. 면접에서는 캐시 폴백이 데이터 신선도 문제를 어떻게 만들 수 있는지까지 질문이 나올 수 있습니다. 실무에서는 추천, 검색, 알림 같은 부가 기능에서 폴백이 특히 유효합니다. TypeScript에서도 폴백 로직을 도메인 정책으로 분리하면 테스트와 변경이 쉬워집니다. 폴백은 항상 관측가능성(폴백 발생률)을 같이 모니터링해야 근본 원인 해결이 가능합니다.	폴백전략									frontend	typescript	pattern	reliability
Q896	데드레터큐(DLQ Pattern)		언어 중심 - TypeScript	97	INITIALS	HARD	메시지 처리가 반복 실패할 때 별도 큐로 격리해 재처리/분석 가능하게 하는 패턴을 무엇이라고 하는가?	DLQ는 이벤트 기반 시스템 운영에서 필수입니다. 면접에서는 “실패 메시지를 어떻게 다루나” 질문에서 자주 나옵니다. 실무에서는 무한 재시도는 비용과 장애 확산을 만들기 때문에, 일정 횟수 실패 시 DLQ로 보내는 정책이 필요합니다. TypeScript 서비스에서도 실패 원인(스키마 불일치, 일시 장애, 데이터 오류)을 구분해 재처리 전략을 다르게 합니다. DLQ는 쌓이기 시작하면 운영 경고 신호이므로 알람과 대시보드가 함께 있어야 합니다.	데드레터큐									frontend	typescript	pattern	messaging
Q897	재처리리플레이(Replay Processing)		언어 중심 - TypeScript	97	INITIALS	HARD	저장된 이벤트/로그를 다시 흘려 보내며 상태를 재구성하거나 실패 처리를 복구하는 운영 기법을 무엇이라고 하는가?	리플레이는 이벤트 소싱뿐 아니라 일반 메시지 처리에서도 중요합니다. 면접에서는 “재처리 시 중복 처리는 어떻게 막나(멱등성)”를 함께 물을 수 있습니다. 실무에서는 버그 수정 후 과거 이벤트를 다시 적용해 데이터 정합성을 복구하기도 합니다. TypeScript에서도 이벤트 핸들러가 deterministic(결정적)하도록 설계해야 리플레이가 안전합니다. 리플레이 범위를 잘못 잡으면 대규모 부하가 생길 수 있어, 샘플링/배치/속도 제한 전략이 필요합니다.	재처리리플레이									frontend	typescript	pattern	recovery
Q898	스키마버전닝(Schema Versioning)		언어 중심 - TypeScript	97	INITIALS	HARD	이벤트/DTO 스키마가 진화할 때 버전을 명시하고 호환 규칙을 적용해 안전하게 변경하는 전략을 무엇이라고 하는가?	스키마 버전닝은 분산 환경에서 사실상 필수입니다. 면접에서는 backward/forward compatibility를 구분해 설명하라고 할 수 있습니다. 실무에서는 생산자와 소비자가 동시에 배포되지 않기 때문에, 하위 호환 필드 추가를 선호하고 삭제는 지양합니다. TypeScript에서는 생성된 타입/스키마 레지스트리/계약 테스트로 호환성을 자동 검증할 수 있습니다. 버전 정책을 정해두면 배포 충돌이 줄고, 장애 대응이 쉬워집니다.	스키마버전닝									frontend	typescript	pattern	schema
Q899	폴리시드리븐리트라이(Policy-driven Retry)		언어 중심 - TypeScript	97	INITIALS	HARD	모든 요청에 동일 재시도를 적용하지 않고, 에러/엔드포인트/멱등성 여부에 따라 재시도 정책을 분리하는 접근을 무엇이라고 하는가?	재시도는 “적용하면 좋아 보이지만” 잘못하면 더 큰 장애를 만듭니다. 면접에서는 어떤 실패에만 재시도를 해야 하는지(네트워크, 5xx)와 하면 안 되는 경우(비멱등 작업)를 물을 수 있습니다. 실무에서는 정책 객체로 재시도 규칙을 분리해 관리합니다. TypeScript에서는 정책을 타입으로도 표현해, 비멱등 작업에는 재시도 유틸을 못 쓰게 강제할 수도 있습니다. 정책 기반으로 표준화하면 운영 시 튜닝이 쉬워집니다.	폴리시드리븐리트라이									frontend	typescript	pattern	resilience
Q900	구조화로깅(Structured Logging)		언어 중심 - TypeScript	97	INITIALS	HARD	문자열 로그가 아니라 JSON 같은 구조로 로그를 남겨 필터링/집계를 쉽게 만드는 로깅 패턴을 무엇이라고 하는가?	구조화 로깅은 운영 효율을 크게 올립니다. 면접에서는 “로그에 무엇을 남기나” 질문에서 requestId, userId, errorCode 등을 말할 수 있어야 합니다. 실무에서는 검색 가능한 필드 중심으로 로그를 남기고, PII 마스킹 정책을 반드시 포함합니다. TypeScript에서도 로거 래퍼를 만들어 표준 필드를 강제하면 로그 품질이 안정됩니다. 로그를 구조화하면 메트릭/알람과 연동이 쉬워져 장애 대응 속도가 빨라집니다.	구조화로깅									frontend	typescript	pattern	logging
Q901	상관관계아이디(Correlation ID)		언어 중심 - TypeScript	97	INITIALS	HARD	하나의 요청/업무 흐름을 여러 로그/서비스에서 연결하기 위해 공통 ID를 전파하는 패턴을 무엇이라고 하는가?	상관관계 ID는 분산 시스템 디버깅의 기본입니다. 면접에서는 traceId와 correlationId 차이를 물을 수도 있습니다. 실무에서는 HTTP 헤더 또는 메시지 메타데이터로 ID를 전파하고, 모든 로그에 포함시키는 것이 원칙입니다. TypeScript에서도 미들웨어로 생성/주입하고, 로거 컨텍스트에 자동 포함되게 구성합니다. 이 ID가 없으면 로그가 “파편”이 되어 원인 분석이 매우 느려집니다.	상관관계아이디									frontend	typescript	pattern	observability
Q902	에러코드표준화(Error Code Standardization)		언어 중심 - TypeScript	97	INITIALS	HARD	에러를 메시지 문자열로만 다루지 않고 코드/원인/복구 가능 여부를 표준 포맷으로 관리하는 설계를 무엇이라고 하는가?	에러 코드 표준화는 운영과 UX 모두에 중요합니다. 면접에서는 “사용자에게 보여줄 메시지와 로그 메시지를 어떻게 분리하나” 질문에서 나올 수 있습니다. 실무에서는 에러 코드로 알람/대시보드를 만들고, 고객센터 대응도 빠르게 할 수 있습니다. TypeScript에서는 에러를 디스크리미네이티드 유니온으로 모델링하고, code 필드를 리터럴로 고정해 누락을 막습니다. 표준화가 잘 되면 서비스 규모가 커져도 오류 처리가 일관됩니다.	에러코드표준화									frontend	typescript	pattern	error
Q903	입력검증레이어(Input Validation Layer)		언어 중심 - TypeScript	97	INITIALS	HARD	컨트롤러/핸들러 경계에서 입력을 검증/정규화하고, 내부로는 항상 신뢰 가능한 타입만 전달하는 레이어 설계를 무엇이라고 하는가?	입력 검증 레이어는 보안과 안정성을 동시에 잡습니다. 면접에서는 “검증은 어디서 해야 하나” 질문에서 경계에서 해야 한다고 답할 수 있어야 합니다. 실무에서는 검증/정규화가 없으면 도메인 로직에 null/이상치가 섞여 버그가 늘어납니다. TypeScript에서는 unknown-first, 스키마 퍼스트와 결합해 강하게 적용합니다. 검증 실패 응답도 표준화하면 프론트/클라이언트 개발 효율이 크게 올라갑니다.	입력검증레이어									frontend	typescript	pattern	validation
Q904	페이로드정규화(Payload Normalization)		언어 중심 - TypeScript	97	INITIALS	HARD	외부에서 들어온 다양한 형태의 데이터를 내부 표준 형태로 변환해 이후 로직을 단순화하는 전략을 무엇이라고 하는가?	정규화는 코드 복잡도를 경계로 몰아넣고 내부를 단순하게 만듭니다. 면접에서는 “왜 변환 레이어가 필요한가” 질문으로 이어질 수 있습니다. 실무에서는 날짜/통화/enum 값이 외부에서 문자열로 들어오는 경우가 흔해, 내부 표준으로 바꿔야 합니다. TypeScript에서는 정규화 함수가 타입을 확정하는 역할을 하므로, 반환 타입을 강하게 두는 것이 좋습니다. 정규화가 잘 되면 이후 로직에서 if-else가 줄고 테스트도 쉬워집니다.	페이로드정규화									frontend	typescript	pattern	data
Q905	캐시무효화전략(Cache Invalidation)		언어 중심 - TypeScript	97	INITIALS	HARD	캐시된 데이터가 최신이 아니게 되는 시점을 정의하고, TTL/태그/이벤트 기반으로 갱신하는 전략을 무엇이라고 하는가?	캐시 무효화는 “컴퓨터 과학의 어려운 문제”로 유명하지만 실무에서도 정말 어렵습니다. 면접에서는 TTL과 이벤트 기반 무효화의 차이를 물을 수 있습니다. 실무에서는 데이터 특성(자주 바뀌는지, 정확성이 중요한지)에 따라 정책을 다르게 둡니다. TypeScript에서도 캐시 레이어를 추상화하고, 무효화 트리거를 명확히 설계해야 합니다. 무효화가 실패하면 사용자에게 오래된 정보가 보이므로, 모니터링과 강제 갱신 경로가 필요합니다.	캐시무효화전략									frontend	typescript	pattern	caching
Q906	캐시스탬피드방지(Cache Stampede Prevention)		언어 중심 - TypeScript	97	INITIALS	HARD	캐시 만료 시 동시에 많은 요청이 원본으로 몰려 과부하가 생기는 현상을 막는 기법을 무엇이라고 하는가?	캐시 스탬피드는 트래픽이 큰 서비스에서 자주 터지는 문제입니다. 면접에서는 single flight(동일 키 요청 합치기), lock, soft TTL 같은 해결책을 물을 수 있습니다. 실무에서는 동일 키 요청을 하나로 합쳐 한 번만 원본 호출을 하고, 나머지는 결과를 공유하게 만듭니다. TypeScript에서도 Promise in-flight 캐시로 구현할 수 있습니다. 스탬피드를 막으면 지연과 비용이 줄고, 장애 발생 가능성도 크게 낮아집니다.	캐시스탬피드방지									frontend	typescript	pattern	caching
Q907	분산락패턴(Distributed Lock)		언어 중심 - TypeScript	97	INITIALS	HARD	여러 인스턴스에서 동시에 같은 작업을 수행하지 않도록 Redis/DB 등을 이용해 락을 거는 패턴을 무엇이라고 하는가?	분산 락은 “정말 필요할 때만” 써야 하는 무거운 도구입니다. 면접에서는 락의 만료(lease), 스플릿 브레인, 락 획득 실패 처리 등을 물을 수 있습니다. 실무에서는 배치 작업, 단일 실행 보장, 중복 주문 처리 방지에서 사용됩니다. TypeScript에서도 락 라이브러리나 Redis 기반 구현을 쓰지만, 락이 풀리지 않으면 장애가 되므로 타임아웃/만료가 필수입니다. 가능하면 멱등성/유니크 제약 같은 더 단순한 해결책을 먼저 고려하는 것이 좋습니다.	분산락패턴									frontend	typescript	pattern	distributed
Q908	리더선출(Leader Election)		언어 중심 - TypeScript	97	INITIALS	HARD	여러 인스턴스 중 하나를 리더로 뽑아 스케줄링/배치/조정 작업을 단일 주체가 수행하게 하는 분산 패턴을 무엇이라고 하는가?	리더 선출은 스케줄러가 여러 대일 때 중복 실행을 막는 대표 방법입니다. 면접에서는 ZooKeeper/etcd 같은 코디네이션 시스템 개념으로 확장될 수 있습니다. 실무에서는 리더 장애 시 재선출, 리더가 하던 작업의 복구 전략이 중요합니다. TypeScript에서도 K8s 리더 선출 라이브러리나 Redis 기반 lease로 구현할 수 있습니다. 리더 선출이 목적이 아니라 “단일 실행 보장”이 목적이므로, 요구사항에 맞는 더 단순한 방법이 있는지 항상 검토해야 합니다.	리더선출									frontend	typescript	pattern	distributed