question_temp_key (필수)	term_title (표시용)	term_id (선택)	term_category (표시용)	term_category_id (선택)	question_type (필수)	difficulty (필수)	question_text (필수)	explanation (선택)	text_answer (TEXT일 때 필수)	choice_1_text	choice_1_is_answer	choice_2_text	choice_2_is_answer	choice_3_text	choice_3_is_answer	choice_4_text	choice_4_is_answer	label_1_key (선택)	label_2_key (선택)	label_3_key (선택)	label_4_key (선택)
Q001	변수 선언(let)		Frontend - JavaScript	12	CHOICE	EASY	let으로 선언한 변수의 스코프 설명으로 올바른 것은?	let은 ES6에서 도입된 변수 선언 방식으로, 블록 스코프를 갖습니다. 블록 스코프란 중괄호로 감싼 영역 안에서만 변수가 유효하다는 의미입니다. var와 달리 함수 스코프가 아니라서 의도치 않은 값 공유를 줄여줍니다. 면접에서는 스코프 차이를 통해 버그 가능성을 설명할 수 있는지 자주 봅니다. 실무에서는 반복문이나 조건문 내부 변수 관리에 let을 많이 사용합니다.		전역 어디서나 항상 접근 가능하다	FALSE	블록 안에서만 유효한 블록 스코프이다	TRUE	함수가 끝날 때까지 유효한 함수 스코프이다	FALSE	오직 객체 내부에서만 유효하다	FALSE	frontend	javascript		
Q002	상수 선언(const)		Frontend - JavaScript	12	CHOICE	EASY	const로 선언한 변수에 대한 설명으로 가장 적절한 것은?	const는 재할당이 불가능한 바인딩을 만드는 키워드입니다. 즉, 같은 변수 이름에 다른 값을 다시 넣을 수 없습니다. 다만 객체나 배열을 const로 선언해도 내부 속성이나 요소 변경은 가능하다는 점이 포인트입니다. 면접에서는 재할당과 변경 가능성을 구분하는지 묻는 질문이 자주 나옵니다. 실무에서는 기본적으로 const를 우선 사용하고, 꼭 필요할 때만 let으로 바꾸는 습관이 안전합니다.		값을 다시 할당할 수 없고, 선언과 동시에 초기화가 필요하다	TRUE	값을 언제든지 다시 할당할 수 있다	FALSE	함수 내부에서만 사용할 수 있다	FALSE	선언하면 자동으로 숫자 타입이 된다	FALSE	frontend	javascript		
Q003	타입 확인(typeof)		Frontend - JavaScript	12	CHOICE	EASY	typeof 연산자의 역할로 올바른 것은?	typeof는 값의 타입을 문자열로 반환하는 연산자입니다. 디버깅이나 런타임 체크에서 자주 사용됩니다. 면접에서는 typeof null이 object로 나오는 오래된 특이 케이스를 알고 있는지 확장 질문이 나오기도 합니다. 하지만 EASY 단계에서는 기본적으로 숫자, 문자열, 불리언 등을 구분하는 용도로 이해하면 충분합니다. 실무에서는 입력값 검증이나 방어 코드에서 자주 등장합니다.		값의 타입을 문자열로 반환한다	TRUE	변수를 선언하는 키워드이다	FALSE	배열 길이를 구하는 메서드이다	FALSE	문자열을 숫자로 변환한다	FALSE	frontend	javascript		
Q004	엄격한 동등(===)		Frontend - JavaScript	12	CHOICE	EASY	JavaScript에서 === 연산자에 대한 설명으로 올바른 것은?	자바스크립트에서 “동등 비교”는 두 가지 방식이 있는데, 그중 하나가 ===(엄격한 동등)입니다. ===는 타입 변환을 하지 않고 비교하기 때문에 값과 타입이 모두 같아야 true가 되며, 결과가 예측 가능하다는 장점이 있습니다. 반대로 ==는 비교 과정에서 타입 변환이 일어날 수 있어서, 의도하지 않게 true로 평가되는 등 예기치 않은 결과가 나올 수 있습니다. 면접에서는 ===를 기본으로 권장하는 이유를 “타입 변환이 만들어내는 버그 가능성” 관점에서 설명할 수 있어야 합니다. 실무에서도 비교 로직의 안정성을 위해 ===를 우선 사용하고, 정말 필요한 경우에만 ==를 제한적으로 쓰는 편이 안전합니다. 특히 폼 입력값처럼 문자열로 들어오는 값과 숫자 값을 비교할 때 혼동이 잦으므로, 비교 연산자를 일관되게 선택하는 습관이 중요합니다.		타입 변환 없이 값과 타입을 함께 비교한다	TRUE	타입이 달라도 값이 비슷하면 true가 된다	FALSE	문자열만 비교할 수 있다	FALSE	숫자 비교에는 사용할 수 없다	FALSE	frontend	javascript		
Q005	Truthy와 Falsy		Frontend - JavaScript	12	CHOICE	EASY	다음 중 JavaScript에서 falsy 값에 해당하는 것은?	JavaScript에서는 조건문에서 false처럼 평가되는 값들이 있습니다. 이를 falsy라고 하며, 대표적으로 false, 0, 빈 문자열, null, undefined, NaN이 있습니다. 면접에서는 조건문 버그를 막기 위해 falsy 목록을 알고 있는지 확인하는 경우가 많습니다. 실무에서는 값 존재 여부를 체크할 때 단순 if(value)로 처리하면 0이나 빈 문자열이 의도치 않게 걸러질 수 있습니다. 따라서 의도에 따라 명시 비교를 쓰는 습관이 중요합니다.		빈 문자열	TRUE	빈 객체	FALSE	빈 배열	FALSE	문자열 "false"	FALSE	frontend	javascript		
Q006	배열 길이(length)		Frontend - JavaScript	12	CHOICE	EASY	배열의 요소 개수를 확인할 때 일반적으로 사용하는 것은?	배열은 여러 값을 순서대로 담는 자료구조이며, 길이를 나타내는 대표 속성이 length입니다. length는 현재 배열에 들어 있는 요소 수를 반환합니다. 면접에서는 배열 기본 조작을 정확히 알고 있는지 확인하려고 자주 출제됩니다. 실무에서는 반복문 범위를 정하거나, 비어 있는 배열인지 검사할 때 length를 사용합니다. length는 속성이므로 호출 형태가 아니라 점 접근으로 사용한다는 점도 함께 기억하면 좋습니다.		length 속성	TRUE	size 메서드	FALSE	count 속성	FALSE	capacity 속성	FALSE	frontend	javascript		
Q007	배열 추가(push)		Frontend - JavaScript	12	CHOICE	EASY	배열의 맨 뒤에 요소를 추가하는 메서드는 무엇인가?	push는 배열 끝에 요소를 추가하는 대표적인 메서드입니다. 반환값은 보통 추가 후 배열의 새로운 길이입니다. 면접에서는 push, pop 같은 기본 메서드를 통해 배열 조작 감각을 확인합니다. 실무에서는 로그 누적, 리스트 추가 등에서 자주 쓰이지만, 불변성을 중요하게 다루는 코드에서는 새 배열을 만드는 방식도 함께 사용합니다. 상황에 따라 원본 변경 여부를 의식하는 습관이 중요합니다.		push	TRUE	pop	FALSE	shift	FALSE	slice	FALSE	frontend	javascript		
Q008	배열 제거(pop)		Frontend - JavaScript	12	CHOICE	EASY	배열의 마지막 요소를 제거하고 그 값을 반환하는 메서드는?	pop은 배열의 마지막 요소를 제거하고, 제거된 요소를 반환합니다. push와 짝을 이루는 기본 동작이라 면접에서 세트로 자주 나옵니다. 실무에서는 스택처럼 배열을 사용할 때 pop이 많이 사용됩니다. 다만 pop은 원본 배열을 변경하므로, 상태 관리에서 불변성을 요구하는 상황에서는 주의해야 합니다. 원본 변경이 문제될 수 있는지 항상 생각하고 사용해야 합니다.		pop	TRUE	push	FALSE	unshift	FALSE	join	FALSE	frontend	javascript		
Q009	템플릿 리터럴(Template Literal)		Frontend - JavaScript	12	CHOICE	EASY	템플릿 리터럴의 특징으로 올바른 것은?	템플릿 리터럴은 백틱을 사용해 문자열을 만드는 방식입니다. 문자열 내부에 변수를 쉽게 삽입할 수 있어 가독성이 좋아집니다. 면접에서는 문자열 포매팅을 어떻게 하는지, 그리고 왜 템플릿 리터럴이 편한지 물어볼 수 있습니다. 실무에서는 UI 문자열, 로그 메시지, URL 구성 등에 자주 쓰입니다. 값 삽입 시 타입 변환이 어떻게 되는지도 함께 이해하면 안정적인 출력이 가능합니다.		문자열 안에 변수를 쉽게 삽입할 수 있다	TRUE	오직 숫자만 저장할 수 있다	FALSE	배열을 만들 때만 사용한다	FALSE	객체 프로퍼티를 삭제하는 문법이다	FALSE	frontend	javascript		
Q010	함수 선언(Function)		Frontend - JavaScript	12	CHOICE	EASY	function 키워드로 만드는 것의 기본 용도로 가장 적절한 것은?	함수는 재사용 가능한 코드 블록을 정의하는 핵심 문법입니다. 입력값을 받아 처리하고 결과를 반환하도록 만들 수 있습니다. 면접에서는 매개변수와 반환값, 그리고 함수의 역할 분리를 이해하는지 확인합니다. 실무에서는 중복 로직을 함수로 분리해 테스트 가능성과 유지보수성을 높입니다. 함수 이름을 의미 있게 짓는 습관이 협업에서 특히 중요합니다.		재사용 가능한 코드 블록을 정의한다	TRUE	변수의 타입을 고정한다	FALSE	배열을 자동 정렬한다	FALSE	HTML을 자동 생성한다	FALSE	frontend	javascript		
Q011	화살표 함수(Arrow Function)		Frontend - JavaScript	12	CHOICE	EASY	화살표 함수에 대한 설명으로 가장 올바른 것은?	화살표 함수는 함수를 더 짧게 표현할 수 있는 문법입니다. 특히 콜백 함수에서 많이 사용되어 코드가 간결해집니다. 면접에서는 function 선언과의 차이를 묻거나, this 바인딩 차이를 확장 질문으로 내기도 합니다. EASY 단계에서는 문법적으로 간결하고 콜백에 자주 쓰인다는 점을 이해하면 충분합니다. 실무에서는 배열 메서드(map, filter 등)와 함께 매우 자주 등장합니다.		콜백에서 자주 쓰이며 문법이 간결하다	TRUE	반드시 클래스 안에서만 사용할 수 있다	FALSE	선언하면 자동으로 비동기가 된다	FALSE	문자열만 반환할 수 있다	FALSE	frontend	javascript		
Q012	조건문(if/else)		Frontend - JavaScript	12	CHOICE	EASY	조건에 따라 실행 흐름을 나누는 기본 문법은?	조건문은 프로그램의 분기 처리를 담당합니다. if/else는 가장 기본적인 형태로, 조건이 참이면 한 블록을 실행하고 그렇지 않으면 다른 블록을 실행합니다. 면접에서는 조건식이 불리언으로 평가되는 과정과 truthy/falsy까지 연계 질문이 나올 수 있습니다. 실무에서는 입력 검증, 권한 체크, 예외 처리 등에서 조건문이 핵심 역할을 합니다. 조건이 복잡해지면 가독성을 위해 함수 분리나 조기 반환 같은 패턴도 함께 고려합니다.		if/else	TRUE	try/catch	FALSE	import/export	FALSE	class	FALSE	frontend	javascript		
Q013	반복문(for)		Frontend - JavaScript	12	CHOICE	EASY	반복 횟수를 제어하면서 코드를 반복 실행하는 대표 문법은?	반복문은 동일한 작업을 여러 번 수행할 때 사용합니다. for문은 초기화, 조건, 증감식을 통해 반복 횟수를 명확하게 제어할 수 있습니다. 면접에서는 배열 순회나 인덱스 기반 반복을 제대로 이해하는지 확인합니다. 실무에서는 반복이 길어질수록 성능과 가독성 문제가 생길 수 있어, 적절한 반복 방식 선택이 중요합니다. 반복 중 조건을 만족하면 중단하는 break 사용 여부도 함께 고려합니다.		for	TRUE	switch	FALSE	return	FALSE	throw	FALSE	frontend	javascript		
Q014	DOM 선택(querySelector)		Frontend - JavaScript	12	CHOICE	EASY	CSS 선택자 기반으로 DOM 요소를 1개 선택할 때 자주 쓰는 메서드는?	querySelector는 CSS 선택자를 이용해 첫 번째로 매칭되는 요소를 반환합니다. 간단하고 범용적이라 프론트엔드 기초 면접에서 자주 등장합니다. 실무에서는 요소가 존재하지 않으면 null이 올 수 있으므로 방어 코드가 필요합니다. 또한 너무 자주 호출하면 성능에 영향을 줄 수 있어, 필요한 경우 캐싱하거나 이벤트 위임을 고려하기도 합니다. 선택자 작성 실수로 잘못된 요소를 잡는 경우가 많아 디버깅 습관도 중요합니다.		querySelector	TRUE	getElementsByTagName	FALSE	parseInt	FALSE	setInterval	FALSE	frontend	javascript		
Q015	이벤트 등록(addEventListener)		Frontend - JavaScript	12	CHOICE	EASY	클릭 같은 이벤트를 요소에 연결할 때 사용하는 대표 메서드는?	addEventListener는 특정 이벤트가 발생했을 때 실행할 함수를 등록합니다. onclick 속성보다 분리된 방식이라 유지보수성이 좋아 많이 권장됩니다. 면접에서는 이벤트 타입과 콜백 함수 개념을 함께 묻는 경우가 많습니다. 실무에서는 이벤트 핸들러에서 기본 동작을 막는 preventDefault 같은 흐름까지 자주 이어집니다. 이벤트가 여러 번 등록되지 않도록 관리하는 습관도 중요합니다.		addEventListener	TRUE	addStyle	FALSE	createElementText	FALSE	joinEvent	FALSE	frontend	javascript		
Q016	콘솔 출력(console.log)		Frontend - JavaScript	12	CHOICE	EASY	디버깅을 위해 값이나 메시지를 출력할 때 가장 흔히 쓰는 것은?	console.log는 브라우저 개발자 도구 콘솔에 로그를 출력하는 함수입니다. 입문 단계에서 가장 많이 사용하는 디버깅 도구입니다. 면접에서는 console을 남발했을 때 운영 환경에서의 영향이나 제거 전략까지 묻기도 합니다. 실무에서는 로깅 라이브러리로 대체하거나 로그 레벨을 나누는 경우가 많습니다. 그래도 빠르게 상태를 확인할 때 console.log는 여전히 유용합니다.		console.log	TRUE	alertOnly	FALSE	promptPrint	FALSE	debugStart	FALSE	frontend	javascript		
Q017	지연 실행(setTimeout)		Frontend - JavaScript	12	CHOICE	EASY	일정 시간이 지난 뒤 한 번만 실행되도록 예약하는 함수는?	setTimeout은 지정한 시간(밀리초) 후에 콜백 함수를 한 번 실행합니다. 비동기 흐름을 이해하는 출발점으로 면접에서 가볍게 등장할 수 있습니다. 실무에서는 UI 안내 메시지 지연, 디바운스의 일부 구현, 임시 처리 등에 사용됩니다. 타이머 ID를 저장해 취소(clearTimeout)할 수 있다는 점도 함께 알아두면 좋습니다. 너무 많은 타이머는 관리가 어려워질 수 있어 구조적으로 정리하는 습관이 중요합니다.		setTimeout	TRUE	setInterval	FALSE	setNow	FALSE	waitFor	FALSE	frontend	javascript		
Q018	JSON 문자열화(JSON.stringify)		Frontend - JavaScript	12	CHOICE	EASY	객체나 배열을 JSON 문자열로 변환하는 메서드는?	JSON.stringify는 JavaScript 값을 JSON 형식의 문자열로 변환합니다. API 요청이나 로컬 스토리지 저장 같은 상황에서 자주 필요합니다. 면접에서는 stringify와 parse의 방향을 반대로 헷갈리는지 체크하는 문제가 종종 나옵니다. 실무에서는 순환 참조가 있는 객체를 stringify하면 에러가 나므로 데이터 구조를 점검해야 합니다. 또한 날짜나 함수 같은 값이 어떻게 변환되는지도 이해하면 문제를 줄일 수 있습니다.		JSON.stringify	TRUE	JSON.parse	FALSE	JSON.toObject	FALSE	JSON.concat	FALSE	frontend	javascript		
Q019	로컬 스토리지(localStorage)		Frontend - JavaScript	12	CHOICE	EASY	브라우저에 문자열 형태의 데이터를 키-값으로 저장할 때 사용하는 것은?	localStorage는 브라우저에 데이터를 영구적으로 저장할 수 있는 Web Storage API입니다. 저장되는 값은 기본적으로 문자열이므로 객체를 저장하려면 JSON 문자열화가 필요합니다. 면접에서는 localStorage와 sessionStorage 차이를 묻는 확장 질문이 나올 수 있습니다. 실무에서는 토큰이나 민감 정보 저장은 보안 이슈가 있을 수 있어 주의해야 합니다. 저장 용량 제한과 사용자 환경(시크릿 모드 등)에 따른 동작 차이도 고려하는 것이 좋습니다.		localStorage	TRUE	cookieJar	FALSE	serverCache	FALSE	memoryStore	FALSE	frontend	javascript		
Q020	배열 순회(forEach)		Frontend - JavaScript	12	CHOICE	EASY	배열의 각 요소에 대해 함수를 한 번씩 실행하는 메서드는?	forEach는 배열의 각 요소를 순회하며 콜백을 실행하는 메서드입니다. 반환값을 만들기보다는 “실행” 목적(출력, 누적, DOM 반영 등)에 자주 사용됩니다. 면접에서는 map과의 차이(새 배열 반환 여부)를 함께 묻는 경우가 많습니다. 실무에서는 사이드 이펙트가 필요한 처리에 쓰되, 상태 변경이 얽히면 가독성이 떨어질 수 있어 주의가 필요합니다. 콜백의 매개변수(요소, 인덱스, 원본 배열) 순서도 함께 알아두면 좋습니다.		forEach	TRUE	map	FALSE	filter	FALSE	reduce	FALSE	frontend	javascript		
Q021	배열 변환(map)		Frontend - JavaScript	12	CHOICE	EASY	배열의 각 요소를 변환해 “새 배열”을 만드는 메서드는?	map은 배열의 각 요소에 함수를 적용해 결과로 구성된 새 배열을 반환합니다. 원본 배열을 직접 바꾸지 않는다는 점에서 함수형 스타일과 잘 맞습니다. 면접에서는 map과 forEach의 차이를 매우 자주 확인합니다. 실무에서는 화면 렌더링용 데이터 가공, DTO 변환, 리스트 매핑 등에 많이 사용됩니다. 콜백에서 return을 빠뜨리면 undefined 배열이 생길 수 있으니 주의해야 합니다.		map	TRUE	forEach	FALSE	push	FALSE	sort	FALSE	frontend	javascript		
Q022	배열 필터링(filter)		Frontend - JavaScript	12	CHOICE	EASY	조건을 만족하는 요소만 골라 “새 배열”을 만드는 메서드는?	filter는 콜백이 true를 반환한 요소들만 모아서 새 배열을 만듭니다. 원본 배열은 변경하지 않는 것이 기본 동작입니다. 면접에서는 filter 결과가 “부분집합 배열”이라는 점과, 조건식 작성 능력을 확인하는 경우가 많습니다. 실무에서는 검색 결과 필터링, 권한별 리스트 구성, 상태 기반 목록 구성 등에 자주 쓰입니다. 조건이 복잡해지면 가독성을 위해 조건 함수를 분리하는 것이 좋습니다.		filter	TRUE	find	FALSE	includes	FALSE	concat	FALSE	frontend	javascript		
Q023	배열 요소 찾기(find)		Frontend - JavaScript	12	CHOICE	EASY	조건을 만족하는 “첫 번째 요소”를 반환하는 배열 메서드는?	find는 조건을 만족하는 첫 번째 요소를 반환하고, 없으면 undefined를 반환합니다. filter와 달리 배열이 아니라 “요소 1개”를 반환한다는 점이 핵심입니다. 면접에서는 find와 filter의 반환 타입 차이를 묻는 경우가 많습니다. 실무에서는 특정 id를 가진 항목 찾기처럼 단건 조회에 많이 사용됩니다. 결과가 undefined일 수 있으므로 후속 로직에서 방어 처리가 중요합니다.		find	TRUE	filter	FALSE	map	FALSE	join	FALSE	frontend	javascript		
Q024	배열 포함 여부(includes)		Frontend - JavaScript	12	CHOICE	EASY	배열에 특정 값이 포함되어 있는지 true/false로 확인하는 메서드는?	includes는 배열에 특정 값이 존재하는지 불리언으로 알려줍니다. 단순 존재 여부 확인에 직관적이라 초급 면접에서 자주 등장합니다. 실무에서는 권한 목록에 값이 있는지, 선택된 항목인지 등을 확인할 때 많이 사용합니다. indexOf와 비슷하지만, includes가 더 읽기 쉬운 편입니다. 다만 객체 비교는 참조 비교가 되므로 같은 모양의 객체라도 다른 참조면 false가 될 수 있습니다.		includes	TRUE	index	FALSE	contain	FALSE	has	FALSE	frontend	javascript		
Q025	문자열 자르기(slice)		Frontend - JavaScript	12	CHOICE	EASY	문자열(또는 배열)에서 일부 구간을 잘라 새 값을 만드는 메서드는?	slice는 시작/끝 인덱스를 기준으로 일부를 잘라 새 문자열(또는 새 배열)을 반환합니다. 원본을 바꾸지 않는다는 점이 중요합니다. 면접에서는 slice와 splice의 차이(원본 변경 여부)를 통해 기본기를 확인합니다. 실무에서는 미리보기 텍스트 만들기, 페이징 처리 일부 추출 등에 자주 활용됩니다. 끝 인덱스가 포함되지 않는 규칙을 헷갈리지 않도록 주의해야 합니다.		slice	TRUE	splice	FALSE	split	FALSE	replaceAll	FALSE	frontend	javascript		
Q026	문자열 분리(split)		Frontend - JavaScript	12	CHOICE	EASY	구분자를 기준으로 문자열을 배열로 나누는 메서드는?	split은 문자열을 특정 구분자 기준으로 잘라 배열로 만듭니다. CSV의 간단한 파싱이나 경로 분해처럼 초급 단계에서 많이 사용됩니다. 면접에서는 반환 타입이 배열이라는 점과, 구분자가 없을 때 결과가 어떻게 되는지 등을 물을 수 있습니다. 실무에서는 입력값 전처리에서 자주 등장하지만, 복잡한 파싱은 정규식이나 전용 파서가 필요할 수 있습니다. 빈 문자열을 split하면 결과가 예상과 다를 수 있어 테스트가 중요합니다.		split	TRUE	join	FALSE	trim	FALSE	match	FALSE	frontend	javascript		
Q027	문자열 공백 제거(trim)		Frontend - JavaScript	12	CHOICE	EASY	문자열 양쪽의 공백을 제거하는 메서드는?	trim은 문자열의 앞뒤 공백을 제거해 새 문자열을 반환합니다. 사용자 입력을 다룰 때 가장 흔히 필요한 전처리 중 하나입니다. 면접에서는 입력 검증 흐름에서 trim을 어디에 쓰는지 물어볼 수 있습니다. 실무에서는 회원가입 폼, 검색어 입력, CSV 처리 등에서 자주 사용됩니다. 중간 공백은 제거되지 않으므로, 필요한 경우 추가 처리가 필요하다는 점도 알아두면 좋습니다.		trim	TRUE	strip	FALSE	clean	FALSE	cut	FALSE	frontend	javascript		
Q028	숫자 변환(parseInt)		Frontend - JavaScript	12	CHOICE	EASY	문자열을 정수로 변환할 때 자주 사용하는 함수는?	parseInt는 문자열을 정수로 해석해 숫자로 변환합니다. 면접에서는 두 번째 인자인 진수(radix)를 지정하는 습관을 묻기도 합니다. 실무에서는 입력값이 문자열로 들어오는 경우가 많아 숫자 변환이 자주 필요합니다. 숫자로 변환이 불가능하면 NaN이 나오므로, 결과 검증이 중요합니다. 소수점이 있는 문자열은 정수 부분까지만 변환되니 의도에 맞는 함수 선택이 필요합니다.		parseInt	TRUE	parseFloat	FALSE	Number.isInteger	FALSE	toFixed	FALSE	frontend	javascript		
Q029	NaN(Not-a-Number)		Frontend - JavaScript	12	CHOICE	EASY	숫자 연산 결과가 “숫자가 아님”을 나타내는 특수 값은?	NaN은 숫자로 표현할 수 없는 결과를 나타내는 값입니다. 예를 들어 숫자로 변환할 수 없는 문자열을 Number로 바꾸면 NaN이 될 수 있습니다. 면접에서는 NaN의 특징(자기 자신과도 같지 않음)으로 확장 질문이 나오기도 합니다. 실무에서는 입력 검증에서 NaN 체크가 중요합니다. Number.isNaN 같은 안전한 체크 방법을 함께 알아두면 실수를 줄일 수 있습니다.		NaN	TRUE	null	FALSE	undefined	FALSE	Infinity	FALSE	frontend	javascript		
Q030	객체 생성(Object)		Frontend - JavaScript	12	CHOICE	EASY	키-값 쌍으로 데이터를 묶어 표현하는 기본 자료구조는?	객체는 키-값 형태로 데이터를 저장하는 JavaScript의 핵심 구조입니다. JSON과 구조가 유사해 API 데이터 처리와도 밀접합니다. 면접에서는 객체 접근(점 표기법/대괄호 표기법) 차이를 함께 묻는 경우가 많습니다. 실무에서는 설정 값, 사용자 정보, 응답 데이터 등을 객체로 다루는 일이 대부분입니다. 키 이름에 특수 문자가 있거나 동적으로 키를 만들면 대괄호 접근이 필요합니다.		객체(Object)	TRUE	함수(Function)	FALSE	심볼(Symbol)	FALSE	정규식(RegExp)	FALSE	frontend	javascript		
Q031	객체 접근(점 표기법)		Frontend - JavaScript	12	CHOICE	EASY	obj.name처럼 객체 프로퍼티에 접근하는 방식은 무엇인가?	점 표기법은 고정된 프로퍼티 이름에 접근할 때 가장 흔히 쓰는 문법입니다. 코드가 간결하고 읽기 쉬워 기본적으로 선호됩니다. 면접에서는 점 표기법이 불가능한 경우(키가 변수일 때, 특수문자 포함 등)를 설명할 수 있는지 묻기도 합니다. 실무에서는 API 응답을 다룰 때 undefined 접근 에러를 피하기 위해 optional chaining을 같이 쓰는 경우가 많습니다. 프로퍼티가 존재하는지 확인하는 방어 코드가 안정성을 높입니다.		점 표기법(dot notation)	TRUE	대괄호 표기법(bracket notation)	FALSE	구조 분해 할당(destructuring)	FALSE	전개 연산자(spread)	FALSE	frontend	javascript		
Q032	구조 분해 할당(Destructuring)		Frontend - JavaScript	12	CHOICE	EASY	객체나 배열에서 값을 쉽게 꺼내 변수에 담는 문법은?	구조 분해 할당은 객체/배열에서 원하는 값을 간단히 추출하는 문법입니다. 코드가 짧아지고 의도가 명확해져 면접에서 자주 출제됩니다. 실무에서는 props 추출, API 응답 값 분해, 배열 첫 요소 꺼내기 등에 많이 씁니다. 기본값 지정과 별칭(alias) 사용이 가능해 안정적인 코드를 만들 수 있습니다. 다만 중첩 구조가 깊어지면 가독성이 떨어질 수 있어 적절히 사용해야 합니다.		구조 분해 할당(Destructuring)	TRUE	형 변환(Type Casting)	FALSE	타입 선언(Type Annotation)	FALSE	반복문(Loop)	FALSE	frontend	javascript		
Q033	스프레드 연산자(Spread)		Frontend - JavaScript	12	CHOICE	EASY	배열이나 객체를 펼쳐서 복사/병합할 때 사용하는 문법은?	스프레드 연산자(...)는 배열이나 객체의 요소/프로퍼티를 “펼쳐서” 새 값을 만들 때 사용합니다. 면접에서는 얕은 복사(shallow copy)라는 점을 꼭 짚어야 합니다. 실무에서는 상태 업데이트, 옵션 합치기, 함수 인자 전달 등에 매우 자주 등장합니다. 중첩 객체를 완전히 복사하려면 별도 전략이 필요하므로 주의해야 합니다. 또한 같은 키가 겹치면 뒤에 있는 값이 앞을 덮어쓴다는 규칙도 기억해야 합니다.		스프레드 연산자(...)	TRUE	나머지 매개변수(rest)	FALSE	삼항 연산자	FALSE	비트 연산자	FALSE	frontend	javascript		
Q034	기본값 매개변수(Default Parameter)		Frontend - JavaScript	12	CHOICE	EASY	함수 호출 시 인자를 생략했을 때 사용할 기본값을 정하는 문법은?	기본값 매개변수는 인자가 undefined일 때 사용할 값을 함수 선언에서 지정합니다. 조건문으로 기본값을 넣는 코드를 줄여줘 가독성이 좋아집니다. 면접에서는 undefined와 null 처리 차이로 확장될 수 있습니다. 실무에서는 옵션 객체나 설정 값 처리에서 기본값이 매우 중요합니다. 기본값이 함수 호출마다 평가될 수 있는 경우도 있어, 복잡한 기본값은 주의해서 작성해야 합니다.		기본값 매개변수(Default Parameter)	TRUE	오버로딩(Overloading)	FALSE	캐스팅(Casting)	FALSE	데코레이터(Decorator)	FALSE	frontend	javascript		
Q035	논리 연산자(AND)		Frontend - JavaScript	12	CHOICE	EASY	a && b에서 && 연산자의 기본 동작으로 올바른 것은?	&&는 논리 AND로, 앞의 값이 falsy이면 뒤를 평가하지 않고 그 값을 반환하는 단축 평가를 합니다. 조건문에서 여러 조건을 묶을 때 자주 사용됩니다. 면접에서는 단축 평가가 렌더링 조건 처리에 어떻게 쓰이는지 묻기도 합니다. 실무에서는 조건부 실행(있으면 실행) 패턴에서 편리하지만, 0 같은 값이 의도치 않게 falsy로 처리될 수 있어 주의해야 합니다. 불리언만 다루는지, 값 자체를 다루는지 의도를 명확히 해야 합니다.		앞이 falsy면 뒤를 평가하지 않는 단축 평가를 한다	TRUE	항상 두 값을 모두 평가한다	FALSE	문자열만 비교할 수 있다	FALSE	숫자를 자동으로 더한다	FALSE	frontend	javascript		
Q036	삼항 연산자(Ternary)		Frontend - JavaScript	12	CHOICE	EASY	조건에 따라 두 값 중 하나를 선택하는 표현식은?	삼항 연산자(?:)는 조건 ? 참일 때 값 : 거짓일 때 값 형태로 사용합니다. 짧은 조건 분기에서 가독성을 높일 수 있어 면접에서 자주 출제됩니다. 실무에서는 JSX 렌더링 분기나 간단한 값 선택에 많이 쓰입니다. 다만 중첩 삼항은 읽기 어려워 유지보수에 불리하므로 피하는 것이 좋습니다. 조건이 복잡하면 if/else로 풀거나 함수로 분리하는 편이 안전합니다.		삼항 연산자(?:)	TRUE	쉼표 연산자(,)	FALSE	비교 연산자(==)	FALSE	할당 연산자(=)	FALSE	frontend	javascript		
Q037	예외 처리(try/catch)		Frontend - JavaScript	12	CHOICE	EASY	런타임 에러가 발생할 수 있는 코드를 감싸 예외를 처리하는 문법은?	try/catch는 실행 중 발생한 예외를 잡아 프로그램이 바로 죽지 않도록 처리합니다. 면접에서는 “에러 처리 흐름”과 “어디에서 try/catch를 써야 하는지”를 자주 묻습니다. 실무에서는 JSON 파싱, 네트워크 응답 처리, 외부 라이브러리 호출 등 실패 가능성이 있는 구간에서 사용됩니다. 하지만 모든 곳에 남발하면 디버깅이 어려워질 수 있어, 실패 지점과 복구 전략을 명확히 해야 합니다. 에러를 삼키지 말고 로그/리포팅을 남기는 습관도 중요합니다.		try/catch	TRUE	if/else	FALSE	for/while	FALSE	import/export	FALSE	frontend	javascript		
Q038	모듈 내보내기(export)		Frontend - JavaScript	12	CHOICE	EASY	다른 파일에서 사용할 수 있도록 값을 내보내는 키워드는?	export는 모듈 밖으로 함수/변수/클래스 등을 공개하는 키워드입니다. import와 함께 ES Modules의 기본 구성 요소입니다. 면접에서는 default export와 named export 차이를 가볍게 물을 수 있습니다. 실무에서는 파일 간 의존성을 명확히 하고 재사용성을 높이기 위해 모듈을 적극적으로 분리합니다. export 형태가 통일되지 않으면 import 스타일이 섞여 혼란이 생길 수 있어 팀 규칙이 중요합니다.		export	TRUE	return	FALSE	yield	FALSE	await	FALSE	frontend	javascript		
Q039	모듈 가져오기(import)		Frontend - JavaScript	12	CHOICE	EASY	다른 파일에서 내보낸 값을 가져와 사용하는 키워드는?	import는 export된 값을 다른 모듈에서 불러오는 키워드입니다. 프론트엔드 빌드 환경에서는 번들러가 import를 해석해 의존성을 묶습니다. 면접에서는 경로(상대/절대)와 named import 문법을 간단히 확인할 수 있습니다. 실무에서는 순환 의존성(circular dependency)이 생기지 않도록 모듈 구조를 설계하는 것이 중요합니다. 또한 import는 최상위 레벨에서 사용한다는 기본 규칙도 함께 기억하면 좋습니다.		import	TRUE	include	FALSE	requireOnly	FALSE	fetch	FALSE	frontend	javascript		
Q040	문자열 포함 검사(includes)		Frontend - JavaScript	12	CHOICE	EASY	문자열에 특정 문자열이 포함되어 있는지 확인하는 메서드는?	문자열 includes는 특정 부분 문자열이 포함되어 있는지 불리언으로 반환합니다. indexOf로도 확인할 수 있지만, includes가 더 읽기 쉬운 편입니다. 면접에서는 “포함 여부”를 깔끔하게 검사하는 방법을 알고 있는지 확인합니다. 실무에서는 검색 기능, 필터링, 입력 검증에서 매우 자주 사용됩니다. 대소문자 구분이 기본이므로, 케이스 무시 검색은 toLowerCase 같은 전처리와 함께 쓰는 것이 일반적입니다.		includes	TRUE	contains	FALSE	has	FALSE	matchAllOnly	FALSE	frontend	javascript		
Q041	문자열 위치(indexOf)		Frontend - JavaScript	12	CHOICE	EASY	문자열에서 특정 부분 문자열이 처음 등장하는 위치(인덱스)를 찾는 메서드는?	indexOf는 찾는 문자열이 처음 등장하는 위치를 반환하고, 없으면 -1을 반환합니다. 면접에서는 -1 처리(없을 때) 로직을 제대로 하는지 자주 봅니다. 실무에서는 레거시 코드에서 특히 자주 보이며, includes로 대체 가능한 경우도 많습니다. 반환값이 숫자이기 때문에 조건문에 바로 넣으면 0이 falsy로 처리될 수 있어 주의해야 합니다. “>= 0”처럼 명시 비교하는 습관이 안전합니다.		indexOf	TRUE	findIndexOf	FALSE	position	FALSE	locate	FALSE	frontend	javascript		
Q042	문자열 교체(replace)		Frontend - JavaScript	12	CHOICE	EASY	문자열에서 특정 부분을 다른 문자열로 바꾸는 메서드는?	replace는 문자열의 일부를 다른 문자열로 바꾼 결과를 반환합니다. 원본 문자열은 변경되지 않고 새 문자열이 만들어집니다. 면접에서는 “문자열은 불변(immutable)”이라는 점과 함께 설명하면 좋습니다. 실무에서는 입력값 정제, 포맷 변경, URL 파라미터 처리 등에 자주 사용됩니다. 기본 replace는 첫 번째 매칭만 바꾸는 경우가 많아, 여러 개를 바꿔야 하면 정규식이나 replaceAll을 고려해야 합니다.		replace	TRUE	change	FALSE	swap	FALSE	mutate	FALSE	frontend	javascript		
Q043	정규식(RegExp)		Frontend - JavaScript	12	CHOICE	EASY	문자열 패턴을 표현하고 검색/검증에 사용하는 것은?	정규식(RegExp)은 문자열 패턴을 표현해 검색, 치환, 검증에 사용합니다. 면접에서는 이메일/전화번호 같은 간단한 검증 예시로 자주 등장합니다. 실무에서는 입력 검증뿐 아니라 로그 파싱, 텍스트 전처리에서도 활용됩니다. 다만 정규식은 가독성이 떨어질 수 있어, 너무 복잡해지면 주석이나 테스트 케이스로 보완해야 합니다. 성능 이슈(특히 잘못된 패턴)도 있을 수 있으니 주의가 필요합니다.		정규식(RegExp)	TRUE	배열(Array)	FALSE	프로토타입(Prototype)	FALSE	이벤트 루프(Event Loop)	FALSE	frontend	javascript		
Q044	JSON 파싱(JSON.parse)		Frontend - JavaScript	12	CHOICE	EASY	JSON 문자열을 JavaScript 객체로 변환하는 메서드는?	JSON.parse는 JSON 문자열을 객체/배열 같은 JavaScript 값으로 변환합니다. API 응답이나 localStorage에서 꺼낸 문자열을 다시 객체로 만들 때 필수입니다. 면접에서는 stringify와 parse를 반대로 헷갈리지 않는지 확인합니다. 실무에서는 parse 중 에러가 날 수 있어 try/catch로 감싸거나 입력을 검증하는 것이 중요합니다. 또한 날짜는 자동으로 Date가 되지 않으므로 필요하면 후처리가 필요합니다.		JSON.parse	TRUE	JSON.stringify	FALSE	JSON.objectify	FALSE	JSON.decodeOnly	FALSE	frontend	javascript		
Q045	불변성(Immutable)		Frontend - JavaScript	12	CHOICE	EASY	문자열처럼 원본을 직접 바꾸지 않고 새 값을 만들어내는 성질을 무엇이라 하는가?	불변성은 값이 생성된 뒤 원본이 직접 변경되지 않는 성질을 말합니다. JavaScript에서 문자열은 대표적인 불변 타입이라, replace 같은 메서드는 새 문자열을 반환합니다. 면접에서는 “왜 불변성이 유리한가”(예측 가능성, 디버깅 용이성)로 확장될 수 있습니다. 실무에서는 React 같은 상태 관리에서 불변성이 특히 중요합니다. 불변성을 지키지 않으면 변경 감지가 어려워 UI 업데이트가 꼬일 수 있습니다.		불변성(Immutable)	TRUE	캡슐화(Encapsulation)	FALSE	상속(Inheritance)	FALSE	다형성(Polymorphism)	FALSE	frontend	javascript		
Q046	배열 병합(concat)		Frontend - JavaScript	12	CHOICE	EASY	두 배열을 이어 붙여 새 배열을 만드는 메서드는?	concat은 두 배열을 합쳐 새 배열을 반환합니다. 원본 배열을 변경하지 않는다는 점에서 안정적입니다. 면접에서는 push로 합치면 원본이 바뀐다는 점과 비교할 수 있습니다. 실무에서는 리스트를 합치거나, API 페이지 결과를 누적할 때 자주 씁니다. 스프레드(...)로도 동일한 효과를 낼 수 있어, 팀 스타일에 맞춰 일관되게 사용하는 것이 좋습니다.		concat	TRUE	mergeInPlace	FALSE	appendAll	FALSE	unionOnly	FALSE	frontend	javascript		
Q047	배열 결합(join)		Frontend - JavaScript	12	CHOICE	EASY	배열 요소들을 구분자로 연결해 하나의 문자열로 만드는 메서드는?	join은 배열의 요소들을 특정 구분자(separator)로 연결해 문자열을 만듭니다. 면접에서는 join의 반환 타입이 문자열이라는 점을 헷갈리지 않게 확인합니다. 실무에서는 CSV 문자열 만들기, 태그 목록 표시, 경로 조합 등에 자주 사용됩니다. 요소가 undefined/null이면 빈 문자열처럼 처리될 수 있어 결과가 예상과 다를 수 있습니다. 출력 포맷이 중요한 경우엔 사전 정제 후 join하는 습관이 안전합니다.		join	TRUE	split	FALSE	concat	FALSE	toArray	FALSE	frontend	javascript		
Q048	Math 객체(Math)		Frontend - JavaScript	12	CHOICE	EASY	수학 관련 함수(반올림, 랜덤 등)를 제공하는 내장 객체는?	Math는 반올림, 올림/내림, 랜덤 등 수학 유틸리티를 제공하는 내장 객체입니다. 면접에서는 Math.random 범위(0 이상 1 미만) 같은 기본을 물을 수 있습니다. 실무에서는 간단한 난수 생성, 인덱스 랜덤 선택, 계산 로직에서 자주 사용됩니다. 난수는 보안 목적(토큰 생성 등)에는 적합하지 않으니 주의해야 합니다. 숫자 계산은 부동소수점 오차도 함께 고려하는 습관이 필요합니다.		Math	TRUE	NumberMath	FALSE	Calc	FALSE	Algebra	FALSE	frontend	javascript		
Q049	난수 생성(Math.random)		Frontend - JavaScript	12	CHOICE	EASY	0 이상 1 미만의 난수를 반환하는 함수는?	Math.random은 0 이상 1 미만의 난수를 반환합니다. 면접에서는 “범위를 원하는 정수로 바꾸는 방법”까지 확장될 수 있습니다. 실무에서는 랜덤 추천, 임시 ID, 게임 요소 등에서 자주 쓰입니다. 다만 예측 가능한 난수이므로 보안이 필요한 곳에는 쓰면 안 됩니다. 정수 범위로 만들 때는 곱하기와 floor 조합을 많이 사용합니다.		Math.random	TRUE	Math.rand	FALSE	Random.next	FALSE	Number.random	FALSE	frontend	javascript		
Q050	반올림(Math.round)		Frontend - JavaScript	12	CHOICE	EASY	소수점 값을 가장 가까운 정수로 반올림하는 함수는?	Math.round는 소수점 값을 가장 가까운 정수로 반올림합니다. 면접에서는 round/floor/ceil 차이를 기본기로 확인하는 경우가 많습니다. 실무에서는 UI 표시용 숫자 처리, 통계 값 표시 등에 자주 사용됩니다. 반올림 규칙(0.5 이상 올림)을 이해하고 있어야 결과가 예측 가능합니다. 금액 계산처럼 정밀도가 중요하면 단순 반올림만으로 해결되지 않을 수 있어 주의가 필요합니다.		Math.round	TRUE	Math.floor	FALSE	Math.ceil	FALSE	Math.abs	FALSE	frontend	javascript		
Q051	내림(Math.floor)		Frontend - JavaScript	12	CHOICE	EASY	소수점 값을 버리고 항상 아래 정수로 내림하는 함수는?	Math.floor는 소수점을 버리고 항상 아래 정수로 내립니다. 난수 범위를 정수로 만들 때 가장 자주 같이 쓰입니다. 면접에서는 음수에서의 동작(-1.2가 -2가 됨)을 알고 있는지 확장될 수 있습니다. 실무에서는 페이지 계산, 인덱스 계산, 랜덤 정수 생성 등에 매우 흔합니다. 의도한 정수화인지 확인하고 쓰는 습관이 중요합니다.		Math.floor	TRUE	Math.round	FALSE	Math.ceil	FALSE	Math.min	FALSE	frontend	javascript		
Q052	올림(Math.ceil)		Frontend - JavaScript	12	CHOICE	EASY	소수점 값이 있으면 항상 위 정수로 올림하는 함수는?	Math.ceil은 소수점이 있으면 무조건 올림합니다. “최소 단위”를 확보해야 할 때(페이지 수, 최소 개수 계산) 유용합니다. 면접에서는 floor/ceil/round를 비교하는 문제가 자주 나옵니다. 실무에서는 페이징에서 전체 페이지 수 계산, 최소 구매 수량 계산 등에 사용됩니다. 숫자 처리에서 경계값(정확히 정수일 때)도 함께 고려해야 합니다.		Math.ceil	TRUE	Math.floor	FALSE	Math.round	FALSE	Math.max	FALSE	frontend	javascript		
Q053	조건 분기(switch)		Frontend - JavaScript	12	CHOICE	EASY	값에 따라 여러 경우로 분기 처리할 때 사용하는 문법은?	switch는 특정 값이 case와 일치하는지에 따라 분기 처리합니다. 면접에서는 break를 빠뜨리면 fall-through가 발생한다는 점을 많이 확인합니다. 실무에서는 조건이 명확한 “값 비교” 분기에서 유용하지만, 복잡한 조건식에는 if/else가 더 적합한 경우가 많습니다. fall-through를 의도적으로 쓰는 경우도 있으나, 팀 규칙과 주석으로 명확히 해야 합니다. default 케이스로 예외 상황을 처리하는 습관이 안정성을 높입니다.		switch	TRUE	for	FALSE	try	FALSE	class	FALSE	frontend	javascript		
Q054	스코프(Scope)		Frontend - JavaScript	12	CHOICE	EASY	변수가 유효하게 참조될 수 있는 범위를 무엇이라 하는가?	스코프는 변수가 어디에서 접근 가능한지 결정하는 범위입니다. JavaScript에는 전역 스코프, 함수 스코프, 블록 스코프 같은 개념이 있습니다. 면접에서는 var/let/const 차이를 통해 스코프 이해도를 자주 확인합니다. 실무에서는 스코프를 좁게 유지할수록 사이드 이펙트가 줄어 버그가 감소합니다. 특히 전역 변수 남용은 충돌과 테스트 어려움을 만들 수 있어 지양하는 것이 좋습니다.		스코프(Scope)	TRUE	프로토타입(Prototype)	FALSE	이벤트(Event)	FALSE	렌더링(Rendering)	FALSE	frontend	javascript		
Q055	호이스팅(Hoisting)		Frontend - JavaScript	12	CHOICE	EASY	선언이 코드 상단으로 끌어올려진 것처럼 동작하는 현상을 무엇이라 하는가?	호이스팅은 선언이 스코프의 상단으로 이동한 것처럼 처리되는 JavaScript 동작 특성입니다. 면접에서는 var와 함수 선언의 호이스팅, 그리고 let/const의 TDZ 차이로 확장되기도 합니다. 실무에서는 호이스팅을 “의존”하기보다, 선언을 먼저 하고 사용하는 코딩 스타일이 안전합니다. 호이스팅을 잘못 이해하면 undefined 접근이나 런타임 에러가 생길 수 있습니다. 코드 리뷰에서 자주 지적되는 포인트이니 기본 개념을 확실히 잡는 것이 좋습니다.		호이스팅(Hoisting)	TRUE	캐싱(Caching)	FALSE	폴리필(Polyfill)	FALSE	트랜스파일(Transpile)	FALSE	frontend	javascript		
Q056	콜백 함수(Callback)		Frontend - JavaScript	12	CHOICE	EASY	다른 함수에 인자로 전달되어 나중에 실행되는 함수를 무엇이라 하는가?	콜백은 다른 함수에 전달되어 특정 시점에 실행되는 함수입니다. JavaScript에서 비동기 처리와 이벤트 처리의 기본 구조로 매우 중요합니다. 면접에서는 콜백 지옥 문제와 이를 해결하는 Promise/async까지 확장될 수 있습니다. 실무에서는 이벤트 핸들러, 배열 메서드(map/filter), API 응답 처리 등에 콜백이 자주 쓰입니다. 콜백 내부에서 에러 처리와 실행 순서를 명확히 하는 습관이 중요합니다.		콜백 함수(Callback)	TRUE	제너레이터(Generator)	FALSE	데코레이터(Decorator)	FALSE	트레이트(Trait)	FALSE	frontend	javascript		
Q057	Promise(프로미스)		Frontend - JavaScript	12	CHOICE	EASY	비동기 작업의 완료/실패 결과를 미래 시점에 제공하는 객체는?	Promise는 비동기 작업의 결과를 “나중에” 받을 수 있도록 표현하는 객체입니다. then/catch/finally로 성공과 실패를 처리할 수 있습니다. 면접에서는 콜백과 비교해 어떤 점이 좋아졌는지 설명하는 문제로 자주 나옵니다. 실무에서는 fetch 같은 네트워크 요청, 비동기 로직 체이닝에 널리 쓰입니다. 에러 처리를 빠뜨리면 예외가 전파되거나 누락될 수 있어 catch를 포함하는 습관이 중요합니다.		Promise	TRUE	Thread	FALSE	Stream	FALSE	Package	FALSE	frontend	javascript		
Q058	async/await		Frontend - JavaScript	12	CHOICE	EASY	Promise 기반 비동기 코드를 동기 코드처럼 읽기 쉽게 만드는 문법은?	async/await는 Promise를 더 읽기 쉬운 형태로 다루기 위한 문법입니다. await는 Promise가 해결될 때까지 기다린 뒤 결과를 반환받는 것처럼 코드를 작성하게 해줍니다. 면접에서는 try/catch로 에러 처리를 어떻게 하는지까지 연결될 수 있습니다. 실무에서는 비동기 흐름이 길어질수록 async/await가 가독성을 크게 개선합니다. 다만 병렬 실행이 필요한데 await를 연속으로 쓰면 성능이 떨어질 수 있어, 병렬 처리와의 구분이 중요합니다.		async/await	TRUE	import/export	FALSE	typeof/instanceof	FALSE	bind/call/apply	FALSE	frontend	javascript		
Q059	이벤트 버블링(Event Bubbling)		Frontend - JavaScript	12	CHOICE	EASY	이벤트가 자식 요소에서 부모 요소 방향으로 전파되는 현상은?	이벤트 버블링은 이벤트가 가장 안쪽 요소에서 시작해 부모 요소로 전파되는 기본 동작입니다. 면접에서는 캡처링과의 차이, stopPropagation 사용 시점을 묻기도 합니다. 실무에서는 이벤트 위임(event delegation)을 구현할 때 버블링을 적극 활용합니다. 다만 원치 않는 상위 핸들러까지 실행되어 버그가 나기 쉬워, 전파 제어가 필요한지 판단해야 합니다. DOM 구조 변경에 강한 이벤트 처리 방식을 설계하는 데 중요한 개념입니다.		이벤트 버블링(Event Bubbling)	TRUE	이벤트 캡처링(Event Capturing)	FALSE	렌더 트리(Render Tree)	FALSE	가비지 컬렉션(GC)	FALSE	frontend	javascript		
Q060	이벤트 캡처링(Event Capturing)		Frontend - JavaScript	12	CHOICE	EASY	이벤트가 부모 요소에서 자식 요소 방향으로 전파되는 단계는?	이벤트 전파는 캡처링 단계와 버블링 단계로 나뉩니다. 캡처링은 이벤트가 최상위(부모)에서 시작해 타깃(자식)으로 내려가는 흐름입니다. 면접에서는 버블링과 반대 방향이라는 점을 기본으로 확인합니다. 실무에서는 대부분 기본값인 버블링을 많이 쓰지만, 캡처링이 필요한 특수 상황도 있습니다. addEventListener의 capture 옵션을 통해 캡처링 단계에서 핸들러를 실행할 수 있다는 점을 기억해두면 좋습니다.		이벤트 캡처링(Event Capturing)	TRUE	이벤트 버블링(Event Bubbling)	FALSE	이벤트 루프(Event Loop)	FALSE	렌더링(Rendering)	FALSE	frontend	javascript		
Q061	이벤트 위임(Event Delegation)		Frontend - JavaScript	12	CHOICE	EASY	여러 자식 요소의 이벤트를 부모 요소 하나에서 처리하는 기법은?	이벤트 위임은 버블링을 이용해 부모 요소에 하나의 핸들러를 달고, 자식들의 이벤트를 처리하는 패턴입니다. 면접에서는 “동적으로 추가되는 요소에도 대응 가능”하다는 장점으로 자주 출제됩니다. 실무에서는 리스트 항목이 많을 때 성능과 관리 측면에서 유리합니다. 다만 event.target과 currentTarget을 헷갈리면 버그가 생기기 쉬우니 주의해야 합니다. 필요한 경우 closest를 사용해 실제 클릭된 항목을 안전하게 찾는 습관이 좋습니다.		이벤트 위임(Event Delegation)	TRUE	디바운스(Debounce)	FALSE	스로틀(Throttle)	FALSE	폴리필(Polyfill)	FALSE	frontend	javascript		
Q062	preventDefault		Frontend - JavaScript	12	CHOICE	EASY	링크 클릭이나 폼 제출의 기본 동작을 막는 메서드는?	preventDefault는 브라우저의 기본 동작을 막는 메서드입니다. 예를 들어 a 태그 클릭 시 페이지 이동, form 제출 시 새로고침 같은 동작을 제어할 수 있습니다. 면접에서는 stopPropagation과의 차이(전파 중단 vs 기본 동작 중단)를 자주 묻습니다. 실무에서는 SPA 라우팅, 커스텀 폼 검증, 드래그/드롭 등에서 필수적으로 쓰입니다. 기본 동작을 막았으면 대체 동작을 명확히 구현해야 UX가 자연스럽습니다.		preventDefault	TRUE	stopDefault	FALSE	stopPropagation	FALSE	cancelEvent	FALSE	frontend	javascript		
Q063	stopPropagation		Frontend - JavaScript	12	CHOICE	EASY	이벤트가 상위 요소로 전파되는 것을 막는 메서드는?	stopPropagation은 이벤트 전파(캡처링/버블링)가 더 진행되지 않도록 막습니다. 면접에서는 preventDefault와 혼동하는 경우가 많아 구분을 확실히 해야 합니다. 실무에서는 모달 바깥 클릭 닫기 같은 UI에서 내부 클릭이 밖으로 전달되지 않게 할 때 자주 씁니다. 다만 남발하면 이벤트 흐름이 복잡해지고 디버깅이 어려워질 수 있습니다. 전파를 막기 전에 이벤트 위임 구조와 충돌하지 않는지 확인하는 습관이 필요합니다.		stopPropagation	TRUE	preventDefault	FALSE	bubbleStop	FALSE	haltDefault	FALSE	frontend	javascript		
Q064	currentTarget		Frontend - JavaScript	12	CHOICE	EASY	이벤트 핸들러가 “등록된 요소”를 가리키는 속성은?	currentTarget은 이벤트 리스너가 붙어 있는 요소를 가리킵니다. 반면 target은 실제로 이벤트가 발생한 가장 안쪽 요소일 수 있습니다. 면접에서는 이벤트 위임에서 두 속성의 차이를 이해하는지 확인합니다. 실무에서는 버튼 내부 아이콘을 클릭했을 때 target이 아이콘이 되는 문제 등을 자주 겪습니다. 의도한 요소 기준으로 처리하려면 currentTarget 또는 closest 기반 탐색을 사용하는 것이 안정적입니다. DOM 구조 변경에도 견고한 코드를 만들 수 있습니다.		currentTarget	TRUE	target	FALSE	thisValue	FALSE	eventNode	FALSE	frontend	javascript		
Q065	dataset(data-*)		Frontend - JavaScript	12	CHOICE	EASY	HTML의 data- 속성을 JS에서 접근할 때 사용하는 것은?	data- 속성은 HTML에 커스텀 데이터를 담는 표준 방식입니다. JavaScript에서는 element.dataset으로 접근할 수 있습니다. 면접에서는 dataset이 문자열 기반이라는 점과, camelCase로 매핑된다는 점이 확장될 수 있습니다. 실무에서는 리스트 아이템의 id, 타입 같은 값을 DOM에 심어 이벤트 처리에서 꺼내 쓰는 경우가 많습니다. 다만 데이터가 커지면 DOM에 과도한 정보를 넣지 말고 상태/스토어로 관리하는 편이 좋습니다.		dataset	TRUE	datalist	FALSE	metadata	FALSE	attributesOnly	FALSE	frontend	javascript		
Q066	클래스 추가(classList.add)		Frontend - JavaScript	12	CHOICE	EASY	DOM 요소에 CSS 클래스를 추가할 때 사용하는 것은?	classList는 DOM 요소의 클래스 목록을 다루는 API입니다. add는 특정 클래스를 추가하고, remove는 제거하며, toggle로 토글도 가능합니다. 면접에서는 className 문자열 조작보다 classList가 안전하다는 점을 말하면 좋습니다. 실무에서는 활성화 상태, 에러 표시, 애니메이션 트리거 등에 클래스를 자주 추가/제거합니다. CSS와 JS의 역할 분리를 위해, 스타일 변경은 클래스 토글로 하는 방식이 유지보수에 유리합니다.		classList.add	TRUE	className.push	FALSE	style.addClass	FALSE	css.append	FALSE	frontend	javascript		
Q067	요소 생성(createElement)		Frontend - JavaScript	12	CHOICE	EASY	새로운 DOM 요소를 생성할 때 사용하는 메서드는?	createElement는 문서에 새로운 요소 노드를 생성합니다. 생성 후에는 appendChild나 append 등을 통해 DOM 트리에 붙여야 화면에 나타납니다. 면접에서는 “생성만으로는 화면에 안 보인다”는 점을 체크할 수 있습니다. 실무에서는 동적 리스트 렌더링, 알림 토스트 생성, 간단한 UI 구성에 사용됩니다. XSS 방지를 위해 innerHTML로 문자열을 붙이기보다는 안전한 생성 방식이 유리한 경우가 많습니다.		createElement	TRUE	makeElement	FALSE	newElement	FALSE	buildNode	FALSE	frontend	javascript		
Q068	텍스트 설정(textContent)		Frontend - JavaScript	12	CHOICE	EASY	DOM 요소의 텍스트를 설정할 때 안전하게 사용하는 속성은?	textContent는 요소의 텍스트를 그대로 넣습니다. HTML로 해석하지 않기 때문에 사용자 입력을 넣을 때 상대적으로 안전합니다. 면접에서는 innerHTML과의 차이(XSS 위험)를 간단히 언급하면 좋습니다. 실무에서는 사용자 입력을 화면에 표시할 때 textContent를 기본으로 고려합니다. 단, 줄바꿈이나 특정 포맷이 필요하면 추가 처리(예: CSS white-space)도 함께 고려해야 합니다. 안전한 렌더링 습관이 보안을 강화합니다.		textContent	TRUE	innerHTML	FALSE	outerHTML	FALSE	htmlText	FALSE	frontend	javascript		
Q069	로컬스토리지 저장(setItem)		Frontend - JavaScript	12	CHOICE	EASY	localStorage에 값을 저장할 때 사용하는 메서드는?	localStorage는 키-값 형태로 문자열 데이터를 저장합니다. setItem(key, value)로 저장하고 getItem으로 읽습니다. 면접에서는 값이 문자열로 저장된다는 점을 알고 있는지 확인합니다. 실무에서는 사용자 설정(테마, 언어), 최근 검색어 등을 저장할 때 자주 씁니다. 민감 정보는 XSS 위험 때문에 저장을 피하는 것이 일반적입니다. 저장/조회 시 JSON.stringify/parse가 필요할 수 있다는 점도 함께 기억해야 합니다.		setItem	TRUE	putItem	FALSE	saveValue	FALSE	store	FALSE	frontend	javascript		
Q070	로컬스토리지 조회(getItem)		Frontend - JavaScript	12	CHOICE	EASY	localStorage에서 값을 조회할 때 사용하는 메서드는?	getItem은 지정한 키의 값을 문자열로 가져옵니다. 키가 없으면 null을 반환한다는 점이 중요합니다. 면접에서는 undefined가 아니라 null이라는 점을 체크할 수 있습니다. 실무에서는 초기 로딩 시 사용자 설정을 복원할 때 자주 사용됩니다. 값이 JSON 문자열이라면 JSON.parse 과정에서 에러가 날 수 있으니 방어 코드가 필요합니다. 기본값을 적용하는 로직을 함께 설계하면 안정적인 UX를 만들 수 있습니다.		getItem	TRUE	findItem	FALSE	loadValue	FALSE	read	FALSE	frontend	javascript		
Q071	세션스토리지(sessionStorage)		Frontend - JavaScript	12	CHOICE	EASY	브라우저 탭(세션) 단위로 저장되는 스토리지는?	sessionStorage는 탭(또는 세션) 단위로 데이터가 유지됩니다. 브라우저 탭을 닫으면 데이터가 사라지는 것이 일반적입니다. 면접에서는 localStorage와의 차이(수명, 범위)를 자주 묻습니다. 실무에서는 임시 상태(예: 다단계 폼 진행 상태)를 저장할 때 고려할 수 있습니다. 다만 저장되는 값은 문자열이며, 보안 이슈는 여전히 존재하므로 민감 정보 저장은 피해야 합니다. 사용 목적에 맞는 저장소 선택이 중요합니다.		sessionStorage	TRUE	memoryStorage	FALSE	cookieStoreOnly	FALSE	tempDB	FALSE	frontend	javascript		
Q072	쿠키(Cookie)		Frontend - JavaScript	12	CHOICE	EASY	서버와 함께 요청에 자동으로 포함될 수 있는 저장 방식은?	쿠키는 브라우저에 저장되며, 조건에 따라 HTTP 요청에 자동으로 포함될 수 있습니다. 면접에서는 localStorage와 달리 서버로 전송될 수 있다는 점이 핵심입니다. 실무에서는 인증 세션, 사용자 추적, 설정 저장 등에 쓰이지만, 보안 속성(HttpOnly, Secure, SameSite) 설정이 매우 중요합니다. 잘못 설정하면 CSRF나 XSS 위험이 커질 수 있습니다. 프론트 단에서 접근 가능한 쿠키는 특히 XSS에 취약할 수 있으니 주의해야 합니다. 쿠키는 용량 제한이 있고 요청마다 전송되어 성능에도 영향이 있을 수 있습니다.		쿠키(Cookie)	TRUE	localStorage	FALSE	indexDB	FALSE	cacheAPI	FALSE	frontend	javascript		
Q073	타이머 반복(setInterval)		Frontend - JavaScript	12	CHOICE	EASY	일정 간격마다 반복 실행되도록 예약하는 함수는?	setInterval은 지정한 간격(밀리초)마다 콜백을 반복 실행합니다. 면접에서는 setTimeout과의 차이(1회 vs 반복)를 기본으로 확인합니다. 실무에서는 타이머 UI, 폴링(polling), 주기적 갱신 등에 사용되지만, 탭 비활성화 시 타이머가 지연될 수 있다는 점도 고려해야 합니다. 필요 없을 때는 clearInterval로 반드시 정리해야 메모리 누수나 중복 실행을 막을 수 있습니다. React 같은 환경에서는 컴포넌트 언마운트 시 정리(cleanup)가 중요합니다.		setInterval	TRUE	setTimeout	FALSE	repeatLater	FALSE	loopTimer	FALSE	frontend	javascript		
Q074	타이머 취소(clearTimeout)		Frontend - JavaScript	12	CHOICE	EASY	setTimeout으로 예약한 작업을 취소할 때 사용하는 함수는?	clearTimeout은 setTimeout이 반환한 타이머 ID를 이용해 예약 실행을 취소합니다. 면접에서는 “타이머 ID를 저장해야 취소할 수 있다”는 점이 자주 나옵니다. 실무에서는 디바운스 구현, 입력 중 예약된 작업 취소, 화면 전환 시 남아있는 타이머 정리에서 중요합니다. 타이머를 정리하지 않으면 예상치 못한 시점에 콜백이 실행되어 버그가 발생할 수 있습니다. 특히 컴포넌트 기반 UI에서는 언마운트 시 정리 로직이 핵심입니다. 안정적인 타이머 관리를 위해 ID 보관 습관이 필요합니다.		clearTimeout	TRUE	stopTimeout	FALSE	cancelTimer	FALSE	clearInterval	FALSE	frontend	javascript		
Q075	타이머 취소(clearInterval)		Frontend - JavaScript	12	CHOICE	EASY	setInterval로 반복 실행을 취소할 때 사용하는 함수는?	clearInterval은 setInterval이 반환한 ID로 반복 타이머를 중단합니다. 면접에서는 clearTimeout과 헷갈리지 않는지 확인할 수 있습니다. 실무에서는 폴링 중단, 타이머 UI 종료, 페이지 전환 시 정리 등에 필수입니다. 정리하지 않으면 백그라운드에서 계속 실행되어 성능 저하와 버그로 이어질 수 있습니다. React에서는 useEffect cleanup에서 자주 등장하는 패턴입니다. 타이머 정리는 “리소스 관리”의 기본이므로 습관화가 중요합니다.		clearInterval	TRUE	clearTimeout	FALSE	stopInterval	FALSE	cancelLoop	FALSE	frontend	javascript		
Q076	Date 객체(Date)		Frontend - JavaScript	12	CHOICE	EASY	날짜/시간을 다루기 위한 JavaScript 내장 객체는?	Date는 날짜와 시간을 표현하고 조작하는 내장 객체입니다. 면접에서는 현재 시각을 얻는 방법이나, 타임스탬프 개념이 가볍게 나올 수 있습니다. 실무에서는 로그 시간 표시, 만료 시간 계산, 타이머 기능 등에서 사용됩니다. 다만 Date는 타임존과 포맷 처리에서 헷갈리기 쉬워, 프로젝트에서는 date-fns나 Day.js 같은 라이브러리를 쓰기도 합니다. 기본기를 위해 Date의 생성/조회 메서드는 익혀두는 것이 좋습니다. 서버와의 시간 동기(UTC 처리)도 실무에서 중요합니다.		Date	TRUE	Time	FALSE	Calendar	FALSE	Moment	FALSE	frontend	javascript		
Q077	엄격 모드(use strict)		Frontend - JavaScript	12	CHOICE	EASY	더 엄격한 문법 검사를 적용해 실수를 줄이는 모드는?	use strict'는 자바스크립트를 더 엄격하게 동작하게 만드는 지시어입니다. 선언 없이 변수에 할당하는 실수 같은 것을 에러로 잡아줍니다. 면접에서는 strict mode가 왜 필요한지, 어떤 문제를 예방하는지 묻는 경우가 있습니다. 실무에서는 모듈(ESM) 환경에서는 기본적으로 엄격 모드가 적용되는 경우가 많아, 레거시 스크립트에서 특히 의미가 있습니다. 실수를 빠르게 발견하게 해주므로 유지보수에 도움이 됩니다. 다만 일부 오래된 코드와의 호환 문제가 있을 수 있어 적용 범위를 고려해야 합니다.		use strict	TRUE	use safe	FALSE	strictify	FALSE	lintOnly	FALSE	frontend	javascript		
Q078	디버거(debugger)		Frontend - JavaScript	12	CHOICE	EASY	브라우저 개발자 도구에서 실행을 멈추고 디버깅할 수 있게 하는 키워드는?	debugger는 코드 실행을 해당 지점에서 멈추고 개발자 도구로 디버깅할 수 있게 합니다. console.log보다 더 강력한 디버깅 수단이며, 변수 값을 단계적으로 확인할 수 있습니다. 면접에서는 디버깅 경험을 묻는 질문에서 언급하기 좋습니다. 실무에서는 복잡한 상태 흐름을 추적할 때 특히 유용합니다. 다만 운영 코드에 debugger가 남아 있으면 사용자 환경에서 실행이 중단될 수 있으니 반드시 제거해야 합니다. 린트 규칙으로 배포 전 검출하는 팀도 많습니다. 효과적인 디버깅 습관은 개발 생산성을 크게 올립니다.		debugger	TRUE	breakpoint	FALSE	tracepoint	FALSE	pause	FALSE	frontend	javascript		
Q079	window 객체(Window)		Frontend - JavaScript	12	CHOICE	EASY	브라우저 환경에서 전역 객체로 자주 언급되는 것은?	브라우저에서 전역 객체는 보통 window로 접근할 수 있습니다. 전역 변수와 함수가 window의 프로퍼티가 되는 경우가 있어, 전역 오염 문제를 이해하는 데 중요합니다. 면접에서는 전역 객체의 역할과 전역 스코프 개념을 연결해 묻기도 합니다. 실무에서는 전역을 최소화하고 모듈 스코프를 활용하는 것이 유지보수에 유리합니다. 또한 Node.js 환경의 전역 객체(globalThis 등)와는 다를 수 있어 실행 환경을 구분하는 습관이 필요합니다.		window	TRUE	document	FALSE	navigatorOnly	FALSE	historyOnly	FALSE	frontend	javascript		
Q080	document 객체(Document)		Frontend - JavaScript	12	CHOICE	EASY	DOM 트리의 진입점으로 HTML 문서 자체를 표현하는 객체는?	document는 현재 HTML 문서를 나타내며 DOM 조작의 출발점입니다. querySelector, createElement 같은 DOM API의 대부분이 document를 통해 시작됩니다. 면접에서는 window와 document의 역할 차이를 기본으로 확인하는 경우가 많습니다. 실무에서는 요소 선택, 이벤트 등록, 동적 요소 생성 등에 document를 자주 사용합니다. 다만 현대 프레임워크에서는 직접 DOM 조작을 줄이고 상태 기반 렌더링을 선호하므로, 필요한 상황에서만 안전하게 쓰는 것이 좋습니다.		document	TRUE	window	FALSE	location	FALSE	screen	FALSE	frontend	javascript		
Q081	location 객체(Location)		Frontend - JavaScript	12	CHOICE	EASY	현재 URL 정보(주소, 쿼리 등)를 다루는 브라우저 객체는?	location은 현재 페이지의 URL 정보와 이동 기능을 제공합니다. pathname, search, hash 같은 속성으로 URL을 읽을 수 있습니다. 면접에서는 SPA 라우팅과 URL 구성 요소를 함께 물을 수 있습니다. 실무에서는 쿼리 파라미터 읽기, 해시 기반 네비게이션, 리다이렉트 처리에 사용됩니다. 페이지 이동(location.href 변경)은 전체 리로드를 유발할 수 있으니, SPA 환경에서는 라우터 API와의 구분이 중요합니다.		location	TRUE	history	FALSE	navigator	FALSE	storage	FALSE	frontend	javascript		
Q082	history 객체(History)		Frontend - JavaScript	12	CHOICE	EASY	브라우저의 뒤로가기/앞으로가기 기록을 다루는 객체는?	history는 브라우저 방문 기록 스택을 다루는 API입니다. back, forward, go 같은 메서드로 이동할 수 있습니다. 면접에서는 SPA에서 pushState/replaceState를 통해 URL을 바꾸는 흐름까지 확장될 수 있습니다. 실무에서는 라우팅 라이브러리가 내부적으로 history를 활용하는 경우가 많습니다. 직접 다룰 때는 사용자 UX와 히스토리 스택이 어떻게 쌓이는지 주의해야 합니다. 잘못 다루면 뒤로가기가 이상하게 동작할 수 있어 테스트가 중요합니다.		history	TRUE	location	FALSE	screen	FALSE	cookies	FALSE	frontend	javascript		
Q083	navigator 객체(Navigator)		Frontend - JavaScript	12	CHOICE	EASY	사용자 에이전트, 온라인 상태 등 브라우저 정보를 제공하는 객체는?	navigator는 브라우저와 환경 정보를 제공합니다. userAgent, onLine 같은 속성이 대표적입니다. 면접에서는 브라우저 감지(userAgent sniffing)의 한계와 권장 방식(기능 감지)을 연결할 수 있습니다. 실무에서는 PWA, 클립보드, 권한 API 등 일부 기능이 navigator를 통해 제공되기도 합니다. userAgent는 변동이 많아 신뢰하기 어렵기 때문에, 기능 감지로 대체하는 것이 일반적입니다. 개인정보/추적 이슈도 있어 사용 목적을 명확히 해야 합니다.		navigator	TRUE	document	FALSE	history	FALSE	console	FALSE	frontend	javascript		
Q084	스크롤 위치(scrollY)		Frontend - JavaScript	12	CHOICE	EASY	현재 페이지의 세로 스크롤 위치를 얻을 때 자주 쓰는 속성은?	window.scrollY는 문서가 세로로 얼마나 스크롤되었는지 픽셀 단위로 알려줍니다. 면접에서는 스크롤 이벤트 성능 문제와 함께 간단히 언급될 수 있습니다. 실무에서는 ‘맨 위로’ 버튼 표시, 무한 스크롤 트리거 등에 사용됩니다. 스크롤 이벤트는 매우 자주 발생하므로, 필요하면 스로틀/리퀘스트애니메이션프레임 같은 최적화를 고려해야 합니다. 브라우저 호환성과 문서 모드에 따라 값이 달라질 수 있어 테스트가 중요합니다.		scrollY	TRUE	scrollTop	FALSE	pageHeight	FALSE	screenY	FALSE	frontend	javascript		
Q085	경고창(alert)		Frontend - JavaScript	12	CHOICE	EASY	간단한 경고 메시지를 브라우저 팝업으로 띄우는 함수는?	alert는 메시지를 모달 팝업으로 표시하며 사용자가 확인을 누를 때까지 실행 흐름이 멈출 수 있습니다. 면접에서는 alert가 동기적으로 동작하고 UX가 좋지 않다는 점을 말하면 좋습니다. 실무에서는 디버깅이나 아주 단순한 데모에서만 가끔 사용되며, 보통은 커스텀 모달/토스트로 대체합니다. 사용자 경험을 해치고 접근성 측면에서도 제한이 있어 남발하면 안 됩니다. 하지만 브라우저 기본 API로 빠르게 확인할 때는 유용합니다.		alert	TRUE	toast	FALSE	console.warnOnly	FALSE	notify	FALSE	frontend	javascript		
Q086	사용자 입력(prompt)		Frontend - JavaScript	12	CHOICE	EASY	문자열 입력을 받을 수 있는 브라우저 기본 함수는?	prompt는 사용자에게 문자열 입력을 받는 기본 팝업을 띄웁니다. confirm과 함께 기본 대화상자 API로 분류됩니다. 면접에서는 prompt의 제한(디자인/검증/UX 한계)과 동기적 동작을 언급하면 좋습니다. 실무에서는 거의 사용하지 않고, 입력 UI는 폼 컴포넌트로 구현하는 것이 일반적입니다. 입력값이 null일 수 있어(취소) 후속 로직에서 반드시 체크해야 합니다. 빠른 테스트 용도로만 쓰는 것이 좋습니다.		prompt	TRUE	inputBox	FALSE	getText	FALSE	askUser	FALSE	frontend	javascript		
Q087	확인창(confirm)		Frontend - JavaScript	12	CHOICE	EASY	확인/취소를 선택하게 하고 true/false를 반환하는 함수는?	confirm은 확인/취소 버튼이 있는 팝업을 띄우고 불리언을 반환합니다. 사용자가 확인을 누르면 true, 취소면 false입니다. 면접에서는 동기적 동작과 UX 한계를 간단히 짚을 수 있습니다. 실무에서는 삭제 확인 같은 기능을 커스텀 모달로 구현하는 경우가 많습니다. 브라우저 기본 confirm은 스타일 제어가 불가능해 일관된 UI를 만들기 어렵습니다. 그래도 빠르게 동작을 확인하는 테스트에는 사용할 수 있습니다.		confirm	TRUE	approve	FALSE	askConfirm	FALSE	decision	FALSE	frontend	javascript		
Q088	console.error		Frontend - JavaScript	12	CHOICE	EASY	콘솔에 에러 레벨로 메시지를 출력하는 메서드는?	console.error는 콘솔에 에러 수준으로 로그를 남깁니다. 일반 로그보다 눈에 띄고, 일부 환경에서는 스택 트레이스와 함께 보이기도 합니다. 면접에서는 console.log와의 차이를 간단히 설명할 수 있으면 좋습니다. 실무에서는 에러 상황을 강조하거나, 개발 중 문제 지점을 빠르게 찾는 데 사용됩니다. 다만 운영 코드에 과도한 콘솔 출력은 지양하며, 로깅/모니터링 도구로 대체하는 경우가 많습니다. 에러 로그는 원인 파악에 도움이 되도록 문맥 정보를 포함하는 습관이 중요합니다.		console.error	TRUE	console.info	FALSE	console.tableOnly	FALSE	console.ok	FALSE	frontend	javascript		
Q089	setAttribute		Frontend - JavaScript	12	CHOICE	EASY	DOM 요소의 속성(attribute)을 설정할 때 사용하는 메서드는?	setAttribute는 요소의 속성을 문자열로 설정합니다. href, aria-label 같은 다양한 속성을 다룰 수 있습니다. 면접에서는 프로퍼티(예: input.value)와 attribute의 차이를 간단히 물을 수 있습니다. 실무에서는 접근성 속성(aria-) 설정, data- 설정, 동적 링크 생성 등에 사용됩니다. 하지만 일부 속성은 전용 프로퍼티로 다루는 게 더 자연스러운 경우도 많아, 상황에 맞는 API 선택이 중요합니다. 보안상 사용자 입력을 속성에 넣을 때는 검증이 필요합니다.		setAttribute	TRUE	addAttribute	FALSE	putAttribute	FALSE	setProperty	FALSE	frontend	javascript		
Q090	getAttribute		Frontend - JavaScript	12	CHOICE	EASY	DOM 요소의 속성(attribute) 값을 읽을 때 사용하는 메서드는?	getAttribute는 요소에 설정된 속성 값을 문자열로 가져옵니다. 속성이 없으면 null을 반환할 수 있습니다. 면접에서는 dataset과 함께 attribute 접근 방식 차이를 묻기도 합니다. 실무에서는 data-* 속성 읽기, 링크 href 확인, aria 속성 검사 등에서 사용됩니다. 다만 입력 요소의 현재 값은 attribute보다 value 프로퍼티가 더 적절한 경우가 많습니다. 무엇을 읽고 싶은지(초기 속성 vs 현재 상태)를 구분하는 습관이 중요합니다.		getAttribute	TRUE	readAttribute	FALSE	fetchAttribute	FALSE	takeAttribute	FALSE	frontend	javascript		
Q091	innerHTML		Frontend - JavaScript	12	CHOICE	EASY	요소의 HTML 내용을 문자열로 설정하거나 가져오는 속성은?	innerHTML은 문자열을 HTML로 해석해 DOM에 반영합니다. 편리하지만 사용자 입력을 그대로 넣으면 XSS 보안 취약점이 생길 수 있어 주의가 필요합니다. 면접에서는 textContent와의 차이(HTML 해석 여부, 보안)를 자주 묻습니다. 실무에서는 신뢰할 수 있는 템플릿 조각을 삽입할 때만 제한적으로 사용하고, 기본은 textContent를 선호합니다. 성능 측면에서도 큰 DOM을 innerHTML로 자주 갈아끼우면 부담이 될 수 있습니다. 안전한 렌더링 습관이 핵심입니다.		innerHTML	TRUE	textContent	FALSE	nodeValue	FALSE	htmlTextOnly	FALSE	frontend	javascript		
Q092	폼 값(value)		Frontend - JavaScript	12	CHOICE	EASY	input 요소에 사용자가 입력한 현재 값을 읽을 때 주로 사용하는 프로퍼티는?	input의 현재 입력값은 value 프로퍼티로 읽습니다. attribute로서의 value와는 구분될 수 있어, “현재 상태”는 프로퍼티를 보는 것이 일반적입니다. 면접에서는 폼 데이터 처리 흐름(입력 읽기 → 검증 → 제출)을 물을 때 같이 등장합니다. 실무에서는 이벤트 핸들러에서 e.target.value로 많이 다룹니다. 입력값은 항상 문자열로 들어오는 경우가 많아 타입 변환과 검증이 중요합니다. 빈 문자열과 null/undefined를 구분해 처리하는 습관이 버그를 줄입니다.		value	TRUE	text	FALSE	data	FALSE	content	FALSE	frontend	javascript		
Q093	체크박스 상태(checked)		Frontend - JavaScript	12	CHOICE	EASY	체크박스가 선택되었는지 여부를 나타내는 프로퍼티는?	체크박스/라디오의 선택 상태는 checked 프로퍼티로 확인합니다. value와 달리 불리언으로 상태를 표현합니다. 면접에서는 폼 요소 타입별로 읽어야 하는 값이 다르다는 점을 확인할 수 있습니다. 실무에서는 약관 동의, 필터 토글, 설정 저장 등에서 자주 사용됩니다. change 이벤트에서 checked 값을 읽는 패턴이 흔합니다. 상태를 서버로 보낼 때는 boolean으로 변환해 다루는 것이 명확합니다.		checked	TRUE	selectedIndex	FALSE	enabled	FALSE	active	FALSE	frontend	javascript		
Q094	데이터 타입 변환(Number)		Frontend - JavaScript	12	CHOICE	EASY	값을 숫자 타입으로 변환할 때 사용하는 내장 함수(또는 생성자)는?	Number는 값을 숫자로 변환하는 데 사용됩니다. 변환이 불가능하면 NaN이 될 수 있습니다. 면접에서는 Number와 parseInt/parseFloat의 차이를 가볍게 물을 수 있습니다. 실무에서는 폼 입력값(문자열)을 숫자로 바꿔 계산할 때 매우 자주 씁니다. 빈 문자열이 0으로 변환되는 등 예외 케이스가 있어, 입력 검증과 함께 사용하는 습관이 중요합니다. 안전하게 처리하려면 변환 후 Number.isNaN 체크를 고려할 수 있습니다. 타입 변환은 버그의 주요 원인이므로 의도를 명확히 해야 합니다.		Number	TRUE	Integer	FALSE	Numeric	FALSE	CastToNumber	FALSE	frontend	javascript		
Q095	문자열 변환(String)		Frontend - JavaScript	12	CHOICE	EASY	값을 문자열로 변환할 때 사용하는 내장 함수(또는 생성자)는?	String은 값을 문자열로 변환합니다. 숫자나 불리언, null/undefined도 문자열 형태로 바꿀 수 있습니다. 면접에서는 암묵적 변환(더하기 연산)과 명시적 변환(String())을 구분할 수 있는지 볼 수 있습니다. 실무에서는 UI 출력, 로그 메시지 구성, 로컬 스토리지 저장 등에 문자열 변환이 필요합니다. null/undefined가 그대로 ‘null’, ‘undefined’ 문자열이 되어버리면 UX가 이상해질 수 있으니, 표시용 값은 기본값 처리까지 함께 하는 것이 좋습니다. 변환은 쉬워 보여도 “표시 품질”에 큰 영향을 줍니다. 안전한 포맷팅 습관이 중요합니다.		String	TRUE	Textify	FALSE	CharArray	FALSE	ToStringOnly	FALSE	frontend	javascript		
Q096	Boolean 변환(Boolean)		Frontend - JavaScript	12	CHOICE	EASY	값을 불리언으로 변환할 때 사용하는 내장 함수(또는 생성자)는?	Boolean은 값을 true/false로 변환합니다. 값이 truthy인지 falsy인지 판단하는 명시적 변환 방식입니다. 면접에서는 falsy 값 목록(0, '', null, undefined, NaN, false)을 기본기로 확인할 수 있습니다. 실무에서는 입력값 존재 여부 체크, 옵션 플래그 처리 등에 사용됩니다. 다만 0이나 빈 문자열이 의도치 않게 false가 될 수 있어, “존재 체크”와 “값 체크”를 구분해야 합니다. 필요하면 명시 비교로 의도를 드러내는 편이 안전합니다. 변환은 간편하지만 조건 버그를 만들기 쉬운 지점이라 주의해야 합니다.		Boolean	TRUE	Truthify	FALSE	Flagify	FALSE	IsTrue	FALSE	frontend	javascript		
Q097	not strict equality(부정 동등)		Frontend - JavaScript	12	CHOICE	EASY	값 또는 타입이 다르면 true가 되는 “엄격한 부정 동등” 연산자는?	부정 동등 비교는 “같지 않다”를 판단하는 연산자입니다. 엄격한 형태는 타입 변환 없이 비교하므로 값 또는 타입이 다르면 true가 됩니다. 면접에서는 ==/!=와 !==의 차이를 설명할 수 있으면 좋습니다. 실무에서는 조건 분기에서 “확실하게 다름”을 판단해야 할 때 !==를 사용합니다. 특히 null/undefined 처리에서 의도치 않은 타입 변환을 피하는 것이 중요합니다. 비교 연산자는 버그가 자주 나는 지점이므로, 팀 규칙으로 엄격 비교를 기본으로 두는 경우가 많습니다. 로직이 복잡할수록 명시적 비교가 디버깅을 쉽게 합니다.		!==	TRUE	!=	FALSE	#ERROR!	FALSE	>=	FALSE	frontend	javascript		
Q098	클로저(Closure)		Frontend - JavaScript	12	CHOICE	MEDIUM	함수 실행이 끝난 뒤에도 외부 함수의 변수에 접근할 수 있는 현상을 무엇이라 하는가?	자바스크립트에서는 내부 함수가 외부 함수의 스코프를 참조할 수 있습니다. 외부 함수가 이미 반환된 뒤에도 내부 함수가 그 변수를 계속 사용할 수 있는데, 이때 스코프가 “살아남는” 것처럼 보입니다. 면접에서는 왜 값이 유지되는지, 어떤 경우 메모리 누수가 될 수 있는지까지 확장되곤 합니다. 실무에서는 캡슐화, 상태 유지, 함수 팩토리 패턴에서 매우 자주 사용됩니다. 다만 의도치 않게 큰 객체를 붙잡으면 메모리 사용량이 늘 수 있어 참조 관리가 중요합니다.		클로저(Closure)	TRUE	호이스팅(Hoisting)	FALSE	커링(Currying)	FALSE	메모이제이션(Memoization)	FALSE	frontend	javascript	closure	
Q099	this 바인딩(This Binding)		Frontend - JavaScript	12	CHOICE	MEDIUM	화살표 함수의 this에 대한 설명으로 가장 올바른 것은?	this는 호출 방식에 따라 달라져서 실수하기 쉬운 주제입니다. 화살표 함수는 일반 함수와 달리 자신만의 this를 새로 만들지 않습니다. 대신 바깥 스코프의 this를 그대로 캡처해 사용합니다. 면접에서는 이벤트 핸들러나 클래스 메서드에서 this가 왜 달라지는지 예시로 묻는 경우가 많습니다. 실무에서는 콜백에서 this 혼동을 줄이기 위해 화살표 함수를 선택하는 경우가 많습니다.		화살표 함수는 자신만의 this를 바인딩하지 않고 바깥 this를 사용한다	TRUE	화살표 함수는 호출 시점에 동적으로 this가 결정된다	FALSE	화살표 함수는 this가 항상 window를 가리킨다	FALSE	화살표 함수는 new로 호출할 때만 this가 결정된다	FALSE	frontend	javascript	this	
Q100	bind(call apply bind)		Frontend - JavaScript	12	CHOICE	MEDIUM	this를 고정한 “새 함수”를 반환해 나중에 호출할 수 있게 하는 메서드는?	call과 apply는 함수를 즉시 실행하면서 this를 지정합니다. 반면 bind는 this가 고정된 새 함수를 만들어 반환하고, 실제 실행은 나중에 합니다. 면접에서는 call과 apply의 인자 전달 방식 차이(개별 인자 vs 배열)를 함께 묻기도 합니다. 실무에서는 이벤트 콜백에 메서드를 넘길 때 this가 깨지는 문제를 bind로 해결하는 경우가 있습니다. 다만 화살표 함수나 클래스 필드 문법으로 대체하는 스타일도 많아 상황에 맞게 선택하는 것이 좋습니다.		bind	TRUE	call	FALSE	apply	FALSE	invoke	FALSE	frontend	javascript	function	
Q101	프로토타입 체인(Prototype Chain)		Frontend - JavaScript	12	CHOICE	MEDIUM	객체에서 존재하지 않는 프로퍼티를 조회할 때 일어나는 동작으로 올바른 것은?	자바스크립트 객체는 자신의 프로퍼티를 먼저 찾고, 없으면 프로토타입을 따라가며 탐색합니다. 이 연결 구조를 프로토타입 체인이라고 합니다. 면접에서는 “상속이 클래스가 아니라 프로토타입 기반”이라는 점을 설명할 수 있어야 합니다. 실무에서는 내장 메서드가 어디서 오는지, 폴리필이 어떻게 동작하는지 이해하는 데 도움이 됩니다. 또한 체인 깊이가 과도하면 디버깅이 어려워질 수 있어 구조를 단순하게 유지하는 습관이 중요합니다.		프로토타입을 따라 상위 객체들에서 프로퍼티를 순차적으로 찾는다	TRUE	자동으로 해당 프로퍼티를 새로 생성해 값을 채운다	FALSE	존재하지 않는 프로퍼티는 항상 null을 반환한다	FALSE	조회 시마다 객체가 깊은 복사된다	FALSE	frontend	javascript	prototype	
Q102	이벤트 루프(Event Loop)		Frontend - JavaScript	12	CHOICE	MEDIUM	동기 코드가 끝난 직후, 일반적으로 setTimeout 콜백보다 먼저 처리되는 작업 큐는?	자바스크립트 런타임은 작업을 큐에 넣고 이벤트 루프가 순서대로 처리합니다. Promise then 같은 작업은 보통 마이크로태스크 큐로 들어갑니다. 마이크로태스크는 매크로태스크(setTimeout 등)보다 우선 처리되는 것이 일반적인 규칙입니다. 면접에서는 콘솔 출력 순서를 맞히는 문제로 자주 출제됩니다. 실무에서는 렌더링 타이밍과 비동기 흐름 버그를 줄이기 위해 큐 우선순위를 이해하는 것이 중요합니다.		마이크로태스크 큐(예: Promise then)	TRUE	매크로태스크 큐(예: setTimeout)	FALSE	렌더 큐(Render Queue)	FALSE	GC 큐(GC Queue)	FALSE	frontend	javascript	async	
Q103	TDZ(Temporal Dead Zone)		Frontend - JavaScript	12	CHOICE	MEDIUM	let 또는 const 변수를 선언 전에 접근하면 발생하는 대표 결과는?	let과 const도 선언 자체는 스코프 상단에 등록되지만, 초기화 전까지는 접근이 제한됩니다. 이 구간을 TDZ라고 부릅니다. TDZ에서 접근하면 undefined가 아니라 ReferenceError가 발생합니다. 면접에서는 var와의 차이로 TDZ를 많이 확인합니다. 실무에서는 선언 전에 사용하지 않는 코딩 스타일을 유지하면 TDZ 관련 버그를 자연스럽게 예방할 수 있습니다.		ReferenceError가 발생한다	TRUE	undefined가 반환된다	FALSE	자동으로 null로 초기화된다	FALSE	값이 0으로 변환된다	FALSE	frontend	javascript	scope	
Q104	옵셔널 체이닝(Optional Chaining)		Frontend - JavaScript	12	CHOICE	MEDIUM	obj.user.profile이 없을 수 있을 때, 에러 없이 안전하게 접근하려면 어떤 문법을 주로 쓰는가?	중첩 객체를 접근할 때 중간 단계가 undefined면 TypeError가 나기 쉽습니다. 옵셔널 체이닝은 중간 값이 null 또는 undefined인 경우 평가를 멈추고 undefined를 반환합니다. 면접에서는 “방어적 접근”을 어떻게 깔끔하게 쓰는지 확인하는 단골 문법입니다. 실무에서는 API 응답처럼 구조가 불완전할 수 있는 데이터에서 특히 유용합니다. 다만 값이 없을 때 기본값을 주려면 널 병합 연산자와 함께 쓰는 경우가 많습니다.		obj?.user?.profile	TRUE	obj!!user!!profile	FALSE	obj->user->profile	FALSE	obj.user.profile?	FALSE	frontend	javascript	syntax	
Q105	널 병합 연산자(Nullish Coalescing)		Frontend - JavaScript	12	CHOICE	MEDIUM	0이나 빈 문자열은 유지하면서 null 또는 undefined일 때만 기본값을 적용하려면 무엇을 쓰는가?	논리 OR는 0이나 빈 문자열도 falsy로 취급해 기본값으로 바꿔버릴 수 있습니다. 널 병합 연산자는 null과 undefined만 대상으로 기본값을 적용합니다. 면접에서는 “0이 유효한 값일 때” 어떤 연산자를 선택해야 하는지 자주 물어봅니다. 실무에서는 페이지 번호, 카운트, 입력값처럼 0이 의미 있는 값인 경우가 많아 매우 유용합니다. 연산자 선택 하나로 버그가 생기기도 하니 의도를 명확히 드러내는 습관이 중요합니다.		??	TRUE	||	FALSE	&&	FALSE	?:	FALSE	frontend	javascript	syntax	
Q106	Promise.all(Promise.all)		Frontend - JavaScript	12	CHOICE	MEDIUM	Promise.all에 대한 설명으로 올바른 것은?	Promise.all은 여러 비동기 작업을 동시에 기다리는 대표 패턴입니다. 모든 Promise가 성공해야 성공으로 완료되고, 결과는 입력 순서대로 배열로 반환됩니다. 하나라도 reject되면 전체가 즉시 reject될 수 있다는 점이 핵심입니다. 면접에서는 병렬 처리와 에러 전파를 이해하는지 확인합니다. 실무에서는 여러 API를 동시에 호출한 뒤 결과를 합치는 흐름에서 자주 사용되며, 실패 전략을 함께 설계해야 안전합니다.		하나라도 reject되면 전체가 reject될 수 있고, 성공 시 결과 배열은 입력 순서를 유지한다	TRUE	가장 빨리 resolve되는 결과 하나만 반환한다	FALSE	실패해도 항상 모든 결과를 성공으로 반환한다	FALSE	실행이 끝나면 자동으로 재시도한다	FALSE	frontend	javascript	promise	
Q107	Promise.allSettled(Promise.allSettled)		Frontend - JavaScript	12	CHOICE	MEDIUM	일부 실패가 있어도 “전부 끝난 뒤” 각 결과 상태를 받고 싶을 때 적절한 것은?	allSettled는 모든 Promise가 끝날 때까지 기다립니다. 성공과 실패를 모두 포함해, 각 항목의 상태와 값을 담은 배열을 반환합니다. 면접에서는 all과 allSettled의 차이를 명확히 구분하는지 자주 봅니다. 실무에서는 부분 실패를 허용하고 결과를 모아서 리포트하거나 UI에 표시하는 경우에 유용합니다. 다만 실패를 무시하는 것이 아니라, 실패 결과를 어떻게 처리할지 정책을 함께 세워야 합니다.		Promise.allSettled	TRUE	Promise.all	FALSE	Promise.race	FALSE	Promise.any	FALSE	frontend	javascript	promise	
Q108	Promise.race(Promise.race)		Frontend - JavaScript	12	CHOICE	MEDIUM	여러 Promise 중 “가장 먼저 완료된 것”의 결과로 전체가 결정되는 API는?	race는 이름 그대로 경주처럼 가장 먼저 끝난 결과가 승자입니다. 먼저 resolve되면 resolve로, 먼저 reject되면 reject로 완료됩니다. 면접에서는 타임아웃 구현 패턴(요청 vs 타임아웃)으로 자주 연결됩니다. 실무에서는 특정 작업이 너무 오래 걸릴 때 빠르게 실패 처리하는 데 활용할 수 있습니다. 다만 나머지 Promise가 취소되는 것은 아니므로, 취소가 필요하면 AbortController 같은 별도 설계가 필요합니다.		Promise.race	TRUE	Promise.all	FALSE	Promise.allSettled	FALSE	Promise.resolve	FALSE	frontend	javascript	promise	
Q109	async await 에러 처리(try catch)		Frontend - JavaScript	12	CHOICE	MEDIUM	async 함수에서 await 중 발생한 에러를 처리하는 일반적인 패턴은?	await는 Promise의 완료를 기다리는 문법이지만, 실패(reject)도 그대로 예외처럼 다뤄집니다. 따라서 try/catch로 감싸면 비동기 에러를 동기 코드처럼 처리할 수 있습니다. 면접에서는 catch를 빼먹었을 때 어떤 문제가 생기는지(미처리 거부)까지 확장될 수 있습니다. 실무에서는 네트워크 요청 실패, 파싱 실패를 사용자에게 보여주기 위해 에러 처리 흐름을 꼭 넣습니다. 에러를 잡은 뒤 재시도, 대체 UI, 로깅 같은 후속 전략까지 함께 준비하는 것이 좋습니다.		try 블록 안에서 await를 사용하고 catch에서 에러를 처리한다	TRUE	await는 실패해도 절대 예외가 발생하지 않는다	FALSE	catch는 Promise에서만 쓸 수 있고 async에는 쓸 수 없다	FALSE	에러 처리는 항상 setTimeout으로만 가능하다	FALSE	frontend	javascript	async	
Q110	얕은 복사(Shallow Copy)		Frontend - JavaScript	12	CHOICE	MEDIUM	스프레드로 객체를 복사했는데 중첩 객체를 바꾸면 원본도 같이 바뀌는 주된 이유는?	스프레드 복사는 겉(1단계)만 새로 만들고, 안쪽 객체는 같은 참조를 공유하는 경우가 많습니다. 이를 얕은 복사라고 부릅니다. 면접에서는 불변성 업데이트에서 얕은 복사의 한계를 설명할 수 있어야 합니다. 실무에서는 상태 업데이트 시 중첩 구조가 깊으면 버그가 나기 쉬워, 중첩마다 복사를 하거나 구조를 평탄화하는 전략을 씁니다. 복사 방식의 한계를 모르고 쓰면 변경 추적이 꼬일 수 있으니 주의가 필요합니다.		중첩 객체가 같은 참조를 공유하는 얕은 복사이기 때문이다	TRUE	스프레드가 자동으로 깊은 복사를 수행하기 때문이다	FALSE	자바스크립트 객체는 항상 값 복사만 하기 때문이다	FALSE	스프레드는 원본 객체를 삭제한 뒤 재생성하기 때문이다	FALSE	frontend	javascript	copy	
Q111	깊은 복사(Deep Copy)		Frontend - JavaScript	12	CHOICE	MEDIUM	JSON.stringify 후 JSON.parse로 깊은 복사를 흉내낼 때 대표적인 한계로 올바른 것은?	JSON 방식은 구현이 간단해 보여 자주 언급되지만 제한이 많습니다. Date는 문자열로 변하고, 함수나 undefined는 사라질 수 있습니다. 순환 참조가 있으면 변환 자체가 실패합니다. 면접에서는 “언제 쓰면 안 되는가”를 알고 있는지 확인합니다. 실무에서는 structuredClone 같은 API나 검증된 라이브러리를 쓰는 편이 안전하며, 데이터 특성에 맞는 복사 전략이 필요합니다.		Date가 문자열로 변하거나 함수 같은 값이 손실될 수 있다	TRUE	모든 타입을 완벽하게 유지하며 순환 참조도 자동 처리한다	FALSE	객체가 많아도 항상 가장 빠른 방식이다	FALSE	원본 객체의 참조를 그대로 공유한다	FALSE	frontend	javascript	copy	
Q112	맵(Map)		Frontend - JavaScript	12	CHOICE	MEDIUM	Object 대신 Map을 선택할 때의 장점으로 가장 적절한 것은?	Map은 키-값 저장 구조지만 Object와 차이가 있습니다. Map은 객체 같은 비문자열 키를 그대로 키로 사용할 수 있습니다. size 속성으로 크기를 바로 알 수 있고, 반복 순서도 예측하기 쉽습니다. 면접에서는 “키 타입”과 “순회” 차이를 자주 묻습니다. 실무에서는 캐시 테이블이나 객체를 키로 쓰는 매핑에서 Map이 특히 유리합니다.		객체 같은 비문자열 키를 키로 사용할 수 있다	TRUE	프로퍼티 접근이 항상 Map이 더 빠르다	FALSE	Map은 JSON으로 자동 직렬화된다	FALSE	Map은 키 중복을 허용하지 않는다	FALSE	frontend	javascript	data-structure	
Q113	셋(Set)		Frontend - JavaScript	12	CHOICE	MEDIUM	Set 자료구조의 특성으로 가장 올바른 것은?	Set은 중복을 허용하지 않는 값의 집합입니다. 동일한 값을 여러 번 넣어도 한 번만 저장됩니다. 면접에서는 중복 제거를 Set으로 어떻게 하는지 자주 물어봅니다. 실무에서는 유니크한 태그 목록, 방문 체크, 권한 집합 처리 등에 쓰입니다. 다만 객체는 참조 비교이므로 모양이 같아도 다른 참조면 다른 값으로 저장될 수 있다는 점을 함께 기억해야 합니다.		같은 값을 여러 번 추가해도 한 번만 저장된다	TRUE	키-값 쌍을 저장하는 구조이다	FALSE	인덱스로 접근하는 순차 리스트이다	FALSE	자동으로 정렬된 상태를 항상 유지한다	FALSE	frontend	javascript	data-structure	
Q114	위크맵(WeakMap)		Frontend - JavaScript	12	CHOICE	MEDIUM	WeakMap에 대한 설명으로 올바른 것은?	WeakMap의 키는 반드시 객체여야 합니다. 키에 대한 강한 참조를 유지하지 않아, 키 객체가 더 이상 참조되지 않으면 항목이 가비지 컬렉션 대상이 될 수 있습니다. 면접에서는 메모리 누수와 연결해 WeakMap을 언제 쓰는지 물을 수 있습니다. 실무에서는 객체에 대한 부가 데이터를 저장하되, 객체 수명이 끝나면 같이 정리되길 원할 때 유용합니다. 또한 WeakMap은 순회가 제한적이므로 “열거가 필요 없는 데이터”에 적합합니다.		키는 객체여야 하고, 키가 사라지면 항목이 GC 대상이 될 수 있다	TRUE	키는 문자열만 가능하며 언제나 순회할 수 있다	FALSE	값은 숫자만 저장할 수 있다	FALSE	배열처럼 인덱스로 접근한다	FALSE	frontend	javascript	memory	
Q115	디바운스(Debounce)		Frontend - JavaScript	12	CHOICE	MEDIUM	입력 이벤트가 연속으로 발생할 때, 마지막 입력 후 일정 시간이 지나야 한 번만 실행되게 하는 기법은?	디바운스는 연속 호출을 하나로 묶어 “마지막 호출 이후”에만 실행되도록 합니다. 검색어 자동완성처럼 타이핑이 빠르게 이어질 때 서버 요청을 줄이는 데 효과적입니다. 면접에서는 디바운스와 스로틀의 차이를 자주 비교합니다. 실무에서는 불필요한 네트워크 요청과 렌더링을 줄여 성능과 비용을 개선할 수 있습니다. 다만 너무 길게 지연하면 사용자 반응성이 떨어질 수 있어 적절한 지연 시간 설계가 중요합니다.		디바운스(Debounce)	TRUE	스로틀(Throttle)	FALSE	폴링(Polling)	FALSE	배칭(Batching)	FALSE	frontend	javascript	performance	
Q116	스로틀(Throttle)		Frontend - JavaScript	12	CHOICE	MEDIUM	스크롤 이벤트처럼 매우 자주 발생하는 작업을 일정 주기당 최대 1회로 제한하는 기법은?	스로틀은 일정 시간 간격으로 실행 횟수를 제한합니다. 연속 이벤트를 전부 처리하지 않고 주기적으로만 처리해 성능을 안정화합니다. 면접에서는 디바운스와 비교해 언제 스로틀이 적합한지 설명할 수 있어야 합니다. 실무에서는 스크롤 위치 기반 UI, 리사이즈 처리, 무한 스크롤 트리거에서 자주 사용됩니다. 너무 촘촘하면 성능 이점이 줄고, 너무 느리면 UI 반응성이 떨어지므로 주기 설정이 핵심입니다.		스로틀(Throttle)	TRUE	디바운스(Debounce)	FALSE	스핀락(Spinlock)	FALSE	폴리필(Polyfill)	FALSE	frontend	javascript	performance	
Q117	리플로우 리페인트(Reflow Repaint)		Frontend - JavaScript	12	CHOICE	MEDIUM	일반적으로 레이아웃 계산을 다시 하게 만들어 비용이 큰 작업에 해당하는 것은?	브라우저 렌더링에서는 레이아웃을 다시 계산하는 리플로우가 비용이 큰 편입니다. width, height, margin 같은 레이아웃에 영향을 주는 변경이 리플로우를 유발할 수 있습니다. 반면 색상 변경처럼 레이아웃이 바뀌지 않으면 주로 리페인트로 끝날 수 있습니다. 면접에서는 성능 최적화 관점에서 리플로우를 줄이는 방법을 질문하기도 합니다. 실무에서는 DOM 변경을 묶어서 처리하거나, 레이아웃 정보를 반복해서 읽고 쓰는 패턴을 피하는 것이 중요합니다.		요소의 width 같은 레이아웃 관련 속성을 변경한다	TRUE	글자 색(color)만 변경한다	FALSE	콘솔에 로그를 출력한다	FALSE	변수 값만 바꾼다	FALSE	frontend	javascript	browser	
Q118	구조적 분해 할당(Destructuring)		Frontend - JavaScript	12	CHOICE	MEDIUM	const { a: x = 1 } = obj; 에 대한 설명으로 올바른 것은?	구조 분해 할당은 객체에서 값을 꺼내 변수에 담는 문법입니다. a: x는 프로퍼티 a를 변수 x로 “별칭” 지정하는 형태입니다. = 1은 a가 undefined일 때만 기본값 1을 적용합니다. 면접에서는 “별칭+기본값” 조합을 읽을 수 있는지 자주 확인합니다. 실무에서는 API 응답에서 필드 이름이 충돌할 때 별칭을 쓰고, 누락 가능성이 있으면 기본값을 넣어 방어 코드를 줄입니다.		obj.a를 x에 담고, a가 undefined면 x는 1이 된다	TRUE	obj.x를 a에 담고, x가 null이면 a는 1이 된다	FALSE	obj에서 a를 삭제하고 x에 1을 넣는다	FALSE	a와 x가 항상 동시에 존재해야 하며 없으면 에러가 난다	FALSE	frontend	javascript	syntax	
Q119	rest 파라미터(Rest Parameter)		Frontend - JavaScript	12	CHOICE	MEDIUM	function f(...args) {} 에서 args의 성격으로 올바른 것은?	rest 파라미터는 남은 인자들을 배열로 모아 받습니다. arguments 객체와 달리 실제 배열이므로 map/filter 같은 메서드를 바로 사용할 수 있습니다. 면접에서는 “rest는 마지막에만 올 수 있다”는 규칙을 물어볼 수 있습니다. 실무에서는 가변 인자 함수, 래퍼 함수, 로깅/측정 유틸을 만들 때 자주 쓰입니다. rest와 spread(...)를 문맥에 따라 구분할 수 있어야 합니다.		전달된 나머지 인자들을 배열로 모아 받는다	TRUE	객체의 프로퍼티를 분해해 받는다	FALSE	첫 번째 인자만 문자열로 받는다	FALSE	인자를 자동으로 정렬해 받는다	FALSE	frontend	javascript	function	
Q120	스프레드(Spread) vs rest 구분		Frontend - JavaScript	12	CHOICE	MEDIUM	다음 중 “스프레드” 용법에 해당하는 예시는?	...는 맥락에 따라 의미가 달라집니다. 함수 호출이나 배열/객체 리터럴에서 값을 “펼치는” 용법이 스프레드입니다. 반대로 매개변수 자리에서 “모으는” 용법이 rest입니다. 면접에서는 이 구분을 기본기로 자주 체크합니다. 실무에서는 배열 병합, 객체 병합, 인자 전달에서 스프레드가 많이 쓰이며, 불변성 업데이트에도 자주 등장합니다.		f(...arr)	TRUE	function f(...args) {}	FALSE	const [...rest] = arr	FALSE	const { ...rest } = obj는 항상 스프레드가 아니다	FALSE	frontend	javascript	syntax	
Q121	배열 구조 분해(Destructuring Array)		Frontend - JavaScript	12	CHOICE	MEDIUM	const [first, , third] = arr; 의 결과로 올바른 것은?	배열 구조 분해는 인덱스 순서대로 값을 변수에 담습니다. 중간에 빈 칸을 두면 해당 인덱스 값은 건너뜁니다. 면접에서는 “콤마로 스킵”하는 문법을 읽을 수 있는지 확인합니다. 실무에서는 첫 요소/두 번째 요소만 필요한 경우나, 튜플처럼 고정된 순서 데이터를 다룰 때 유용합니다. 다만 인덱스 의미가 불명확하면 가독성이 떨어질 수 있어 변수명으로 의도를 드러내는 것이 좋습니다.		0번째는 first, 1번째는 건너뛰고 2번째는 third에 담긴다	TRUE	first는 마지막 요소가 되고 third는 첫 요소가 된다	FALSE	third는 항상 undefined가 된다	FALSE	배열이므로 구조 분해는 불가능하다	FALSE	frontend	javascript	syntax	
Q122	값 비교(Object.is)		Frontend - JavaScript	12	CHOICE	MEDIUM	Object.is에 대한 설명으로 올바른 것은?	Object.is는 엄격 비교와 유사하지만 일부 예외 케이스에서 다르게 동작합니다. 대표적으로 NaN을 NaN과 같다고 판단하고, 0과 -0을 다르게 취급합니다. 면접에서는 NaN 비교나 0/-0 같은 특수 케이스로 Object.is를 물을 수 있습니다. 실무에서는 대부분 ===로 충분하지만, 프레임워크 내부(예: 변경 감지)나 특수 비교가 필요한 상황에서 Object.is를 사용하기도 합니다. 비교 연산자의 미세한 차이를 이해하면 디버깅에 도움이 됩니다.		NaN을 NaN과 같다고 보고, 0과 -0을 구분한다	TRUE	항상 ===와 완전히 동일하게 동작한다	FALSE	객체를 깊은 비교로 비교한다	FALSE	문자열만 비교할 수 있다	FALSE	frontend	javascript	compare	
Q123	배열 정렬(sort) 주의점		Frontend - JavaScript	12	CHOICE	MEDIUM	[10, 2, 1].sort() 결과가 [1, 10, 2]가 될 수 있는 이유로 올바른 것은?	sort는 비교 함수를 주지 않으면 요소를 문자열로 변환한 뒤 사전식(lexicographic)으로 정렬할 수 있습니다. 그래서 숫자 정렬인데도 10이 2보다 앞에 올 수 있습니다. 면접에서는 “숫자 정렬은 compareFn이 필요”하다는 점을 자주 묻습니다. 실무에서는 (a, b) => a - b 같은 비교 함수를 사용해 의도를 명확히 해야 합니다. 또한 sort는 원본 배열을 변경하므로 불변성이 필요한 곳에서는 복사 후 정렬하는 습관이 중요합니다.		기본 정렬이 문자열 기준 사전식 정렬이기 때문이다	TRUE	sort는 항상 랜덤으로 섞기 때문이다	FALSE	숫자는 정렬이 불가능하기 때문이다	FALSE	compareFn을 주면 오히려 문자열로 변환된다	FALSE	frontend	javascript	array	
Q124	배열 정렬(compareFn)		Frontend - JavaScript	12	CHOICE	MEDIUM	숫자 오름차순 정렬을 위해 sort에 전달하는 compareFn으로 적절한 것은?	sort의 compareFn은 두 값을 비교해 음수/0/양수를 반환하는 규칙을 사용합니다. 오름차순은 a-b가 흔한 패턴입니다. 면접에서는 compareFn의 반환 규칙을 이해하는지 확인합니다. 실무에서는 정렬 조건이 복잡해질수록 비교 함수를 별도 함수로 분리하면 테스트와 유지보수가 쉬워집니다. 또한 정렬은 원본 변경이므로 불변 상태 관리에서는 복사 후 정렬을 습관화하는 것이 좋습니다.		(a, b) => a - b	TRUE	(a, b) => a + b	FALSE	(a, b) => a == b	FALSE	(a, b) => a > b	FALSE	frontend	javascript	array	
Q125	배열 평탄화(flat)		Frontend - JavaScript	12	CHOICE	MEDIUM	[[1],[2,3]].flat() 의 결과로 올바른 것은?	flat은 중첩 배열을 지정 깊이만큼 평탄화합니다. 기본 깊이는 1이라, 한 단계만 펼쳐집니다. 면접에서는 flat의 기본 동작과 depth 인자를 아는지 확인합니다. 실무에서는 API 응답이 중첩된 리스트일 때 한 번에 펼쳐서 처리하기 좋습니다. 깊은 중첩은 flat(Infinity)도 가능하지만, 데이터 구조 자체를 개선하는 것이 더 나은 경우도 많습니다.		[1, 2, 3]	TRUE	[[1], [2,3]]	FALSE	[ [1,2,3] ]	FALSE	[1, [2,3]]	FALSE	frontend	javascript	array	
Q126	배열 누적(reduce)		Frontend - JavaScript	12	CHOICE	MEDIUM	배열을 하나의 값으로 누적해 만드는 메서드는?	reduce는 누적기(accumulator)를 사용해 배열을 단일 값으로 줄이는 메서드입니다. 합계, 곱, 객체로 변환, 그룹핑 등 다양한 패턴에 쓰입니다. 면접에서는 초기값을 주지 않았을 때 동작과, reduce가 왜 강력한지 질문할 수 있습니다. 실무에서는 데이터 집계, 카운트 맵 생성, 리스트를 객체로 변환하는 로직에서 유용합니다. 다만 가독성이 떨어질 수 있어, 복잡하면 중간 변수를 두거나 명확한 함수로 분리하는 습관이 좋습니다.		reduce	TRUE	map	FALSE	filter	FALSE	every	FALSE	frontend	javascript	array	
Q127	배열 일부 추출(splice)		Frontend - JavaScript	12	CHOICE	MEDIUM	splice에 대한 설명으로 올바른 것은?	splice는 배열에서 특정 구간을 제거/추가하며 원본 배열을 변경합니다. slice는 원본을 바꾸지 않고 부분을 복사해 새 배열을 반환합니다. 면접에서는 이 둘의 차이를 매우 자주 묻습니다. 실무에서는 원본 변경이 의도된 경우(예: 특정 인덱스 삭제)에 splice를 쓰되, 상태 관리에서는 불변성을 위해 slice/spread를 더 많이 씁니다. 원본 변경이 버그로 이어지기 쉬우니 사용 의도를 분명히 해야 합니다.		원본 배열을 변경하며 요소를 삭제하거나 추가할 수 있다	TRUE	원본을 변경하지 않고 새 배열만 반환한다	FALSE	문자열에서만 사용 가능하다	FALSE	항상 배열을 정렬한다	FALSE	frontend	javascript	array	
Q128	기본 매개변수 평가 시점		Frontend - JavaScript	12	CHOICE	MEDIUM	function f(x = g()) {} 에서 g() 호출 시점으로 올바른 것은?	기본 매개변수는 해당 인자가 undefined로 전달되었을 때만 평가됩니다. 따라서 x를 넘기지 않거나 undefined를 넘기면 g()가 호출됩니다. 면접에서는 “기본값은 호출 시점에 평가된다”는 점과, default param이 실행 비용을 갖는다면 주의해야 한다는 점을 물을 수 있습니다. 실무에서는 기본값으로 객체/배열을 만들 때, 공유 참조 문제를 피할 수 있다는 장점이 있습니다. 다만 기본값 계산이 무거우면 매 호출마다 실행될 수 있어 최적화가 필요할 수 있습니다.		인자가 undefined일 때만 호출 시점에 평가된다	TRUE	함수가 정의될 때 한 번만 평가된다	FALSE	항상 호출될 때마다 무조건 평가된다	FALSE	never 평가되고 0으로 대체된다	FALSE	frontend	javascript	function	
Q129	가변 인자와 arguments		Frontend - JavaScript	12	CHOICE	MEDIUM	arguments 객체에 대한 설명으로 올바른 것은?	arguments는 함수 호출 시 전달된 인자들을 유사 배열 형태로 제공합니다. 실제 배열이 아니라서 배열 메서드를 바로 쓰기 어렵습니다. 화살표 함수에는 arguments가 없다는 점이 면접 포인트로 자주 나옵니다. 실무에서는 rest 파라미터가 더 명확하고 안전해 rest를 선호하는 추세입니다. 레거시 코드에서는 arguments가 남아 있을 수 있으니 차이를 이해해두면 디버깅에 도움이 됩니다.		유사 배열이고, 화살표 함수에는 arguments가 없다	TRUE	실제 Array이며 모든 배열 메서드를 바로 쓸 수 있다	FALSE	전역 객체라 어떤 함수에서도 같은 값을 공유한다	FALSE	오직 async 함수에서만 제공된다	FALSE	frontend	javascript	function	
Q130	생성자 함수(new)		Frontend - JavaScript	12	CHOICE	MEDIUM	new 키워드로 함수를 호출할 때 일반적으로 일어나는 일로 올바른 것은?	new로 호출하면 빈 객체가 생성되고, 그 객체가 this로 바인딩됩니다. 그리고 함수의 prototype이 새 객체의 내부 프로토타입으로 연결됩니다. 명시적으로 객체를 반환하지 않으면 새 객체가 반환됩니다. 면접에서는 클래스 문법이 결국 프로토타입 기반이라는 연결고리로 질문이 나올 수 있습니다. 실무에서는 class 문법을 더 많이 쓰지만, 라이브러리나 레거시에서 생성자 함수를 접할 수 있어 동작을 이해하는 것이 중요합니다.		새 객체를 만들고 this로 바인딩한 뒤, 객체를 반환한다	TRUE	함수를 즉시 한 번 더 호출한 뒤 undefined를 반환한다	FALSE	기존 객체를 깊은 복사해 this로 사용한다	FALSE	new는 단지 타입 변환 문법이다	FALSE	frontend	javascript	oop	
Q131	인스턴스 판별(instanceof)		Frontend - JavaScript	12	CHOICE	MEDIUM	obj instanceof C 의 의미로 가장 올바른 것은?	instanceof는 프로토타입 체인을 따라가며 C.prototype이 obj의 체인에 존재하는지 확인합니다. 단순 타입 비교가 아니라 “어떤 생성자/클래스의 인스턴스인가”를 판단하는 방식입니다. 면접에서는 typeof로 객체 타입을 구분하기 어려운 점과 비교하며 질문이 나오기도 합니다. 실무에서는 커스텀 에러 타입 판별, 클래스 기반 모델 판별 등에 사용됩니다. 다만 프레임이 다른 환경(iframe 등)에서는 예상과 다르게 동작할 수 있어 주의가 필요합니다.		C.prototype이 obj의 프로토타입 체인에 있는지 확인한다	TRUE	obj의 문자열 타입을 반환한다	FALSE	obj가 null이면 항상 true가 된다	FALSE	obj의 프로퍼티 개수를 비교한다	FALSE	frontend	javascript	compare	
Q132	배열/객체 타입 확인(Array.isArray)		Frontend - JavaScript	12	CHOICE	MEDIUM	값이 배열인지 안전하게 확인하는 표준 방법은?	typeof는 배열도 object로 반환하므로 배열 판별에 부적절합니다. Array.isArray는 배열 여부를 정확히 알려주는 표준 메서드입니다. 면접에서는 typeof 한계와 함께 Array.isArray를 아는지 기본기로 확인합니다. 실무에서는 API 응답 타입이 가변적일 때 방어 코드로 많이 사용됩니다. 데이터 검증 로직에서 잘못된 타입을 빠르게 걸러내면 런타임 에러를 줄일 수 있습니다. 유틸 함수로 감싸 재사용하는 방식도 좋습니다.		Array.isArray(value)	TRUE	typeof value === "array"	FALSE	value instanceof Object	FALSE	value.type === "array"	FALSE	frontend	javascript	type	
Q133	async 병렬 처리 주의		Frontend - JavaScript	12	CHOICE	MEDIUM	다음 중 여러 비동기 작업을 병렬로 실행하려는 의도에 가장 적절한 코드는?	await를 루프 안에서 순차로 쓰면 병렬이 아니라 직렬 실행이 됩니다. 병렬이 목적이라면 Promise를 먼저 만들고 Promise.all로 한 번에 기다리는 패턴이 흔합니다. 면접에서는 “왜 순차가 되었는지”를 설명할 수 있는지 확인합니다. 실무에서는 네트워크 요청이 여러 개일 때 병렬 호출이 성능을 크게 개선할 수 있습니다. 다만 서버 부하나 실패 전략도 함께 고려해야 합니다. 병렬/직렬 선택이 시스템 성능과 비용에 직접 영향을 줍니다.		const ps = items.map(f); await Promise.all(ps);	TRUE	for (const x of items) { await f(x); }	FALSE	await items.forEach(async x => await f(x));	FALSE	setTimeout(() => items.map(f), 0);	FALSE	frontend	javascript	async	
Q134	이벤트 핸들러에서 target vs currentTarget		Frontend - JavaScript	12	CHOICE	MEDIUM	이벤트 위임 상황에서 실제 클릭된 가장 안쪽 요소를 가리키는 것은?	이벤트 객체에는 target과 currentTarget이 있습니다. target은 실제 이벤트가 발생한 요소(가장 안쪽)를 가리키고, currentTarget은 리스너가 붙은 요소를 가리킵니다. 면접에서는 이벤트 위임을 설명할 때 이 차이를 자주 묻습니다. 실무에서는 버튼 안의 아이콘을 클릭했을 때 target이 아이콘으로 바뀌는 문제를 자주 겪습니다. 의도한 DOM을 찾으려면 closest로 조상 탐색을 하는 패턴이 많이 쓰입니다. 이벤트 처리 코드는 DOM 구조 변화에 견고하게 작성해야 합니다.		event.target	TRUE	event.currentTarget	FALSE	event.this	FALSE	event.source	FALSE	frontend	javascript	dom	
Q135	브라우저 저장소 예외 케이스		Frontend - JavaScript	12	CHOICE	MEDIUM	localStorage.getItem("k")가 존재하지 않는 키일 때 반환하는 값은?	localStorage는 키가 없으면 undefined가 아니라 null을 반환합니다. 면접에서는 null/undefined 차이를 기본기로 체크할 수 있습니다. 실무에서는 getItem 결과가 null일 때 기본값을 적용하는 로직이 필요합니다. 또한 JSON.parse를 바로 하면 null이 들어가 예외가 나거나 로직이 꼬일 수 있어 방어가 중요합니다. 스토리지는 브라우저 정책(시크릿 모드, 용량 제한)으로 실패할 수도 있으니 try/catch나 예외 처리를 고려하는 팀도 많습니다. 안정적인 저장소 사용은 UX와 직결됩니다.		null	TRUE	undefined	FALSE	빈 문자열	FALSE	FALSE	FALSE	frontend	javascript	storage	
Q136	캡처링 옵션(addEventListener)		Frontend - JavaScript	12	CHOICE	MEDIUM	addEventListener에서 캡처링 단계에서 핸들러를 실행하려면 어떤 옵션을 주로 사용하는가?	addEventListener는 세 번째 인자(또는 옵션 객체)로 캡처링 여부를 지정할 수 있습니다. true를 넘기거나 { capture: true }를 주면 캡처링 단계에서 핸들러가 실행됩니다. 면접에서는 버블링이 기본이라는 점과, 캡처링이 필요한 예시를 물을 수 있습니다. 실무에서는 대부분 버블링으로 충분하지만, 특정 이벤트 흐름을 먼저 가로채야 할 때 캡처링이 유용합니다. 옵션을 잘못 주면 이벤트 순서가 바뀌어 버그가 생길 수 있으니 테스트가 중요합니다. 이벤트 전파 흐름을 이해하면 복잡한 UI 버그를 빠르게 해결할 수 있습니다.		capture true(또는 { capture: true })	TRUE	{ bubble: false }	FALSE	once true는 캡처링을 의미한다	FALSE	passive true는 캡처링을 의미한다	FALSE	frontend	javascript	event	
Q137	가비지 컬렉션(Garbage Collection)		Frontend - JavaScript	12	CHOICE	MEDIUM	JavaScript에서 메모리 누수와 관련해 올바른 설명은?	자바스크립트 엔진은 도달 가능(reachable)한 객체를 기준으로 메모리를 관리합니다. 더 이상 참조되지 않는 객체는 가비지 컬렉션 대상이 되어 해제될 수 있습니다. 면접에서는 “참조가 남아 있으면 수거되지 않는다”는 점을 기본으로 확인합니다. 실무에서는 전역 변수, 오래 살아있는 클로저, 제거하지 않은 이벤트 리스너가 대표적인 누수 원인입니다. 특히 SPA에서 화면 전환이 많으면 누수가 누적되기 쉬워, 언마운트 시 정리(cleanup) 습관이 중요합니다.		참조가 남아 도달 가능한 객체는 수거되지 않아 누수가 될 수 있다	TRUE	모든 객체는 일정 시간이 지나면 무조건 수거된다	FALSE	가비지 컬렉션은 개발자가 수동으로 호출해야만 동작한다	FALSE	이벤트 리스너는 GC와 무관하게 항상 자동 해제된다	FALSE	frontend	javascript	memory	
Q138	메모리 누수 원인(Event Listener)		Frontend - JavaScript	12	CHOICE	MEDIUM	SPA에서 메모리 누수를 유발하기 쉬운 패턴으로 가장 적절한 것은?	이벤트 리스너는 등록한 객체(핸들러/클로저)가 참조를 유지하는 동안 메모리에 남을 수 있습니다. 화면 전환 후에도 리스너가 제거되지 않으면, 이전 화면의 상태가 남아 누수로 이어질 수 있습니다. 면접에서는 “등록/해제”가 한 쌍이라는 관점이 자주 나옵니다. 실무에서는 addEventListener를 썼으면 removeEventListener 또는 프레임워크의 cleanup에서 정리해야 합니다. 타이머(clearInterval/clearTimeout)도 동일한 리소스 관리 대상입니다.		화면 전환 시 removeEventListener 없이 리스너를 계속 추가한다	TRUE	지역 변수만 사용하고 함수가 종료된다	FALSE	const로 선언된 변수를 사용한다	FALSE	배열을 map으로 순회한다	FALSE	frontend	javascript	memory	
Q139	AbortController(요청 취소)		Frontend - JavaScript	12	CHOICE	MEDIUM	fetch 요청을 취소(abort)할 수 있도록 돕는 브라우저 API는?	AbortController는 비동기 작업(대표적으로 fetch)을 취소할 수 있게 해줍니다. controller.signal을 fetch 옵션으로 넘기고, controller.abort()로 취소합니다. 면접에서는 “요청을 취소하면 어떤 에러가 나는가” 같은 확장 질문이 나올 수 있습니다. 실무에서는 검색 자동완성처럼 이전 요청을 취소해 레이스 컨디션을 줄이는 데 유용합니다. 취소 처리 시 catch에서 abort 에러를 구분해 UX를 자연스럽게 유지하는 것이 중요합니다.		AbortController	TRUE	CancelToken	FALSE	StopFetch	FALSE	RequestKiller	FALSE	frontend	javascript	async	
Q140	레이스 컨디션(Race Condition)		Frontend - JavaScript	12	CHOICE	MEDIUM	검색 자동완성에서 “늦게 시작한 요청이 먼저 끝나” 화면이 뒤바뀌는 문제를 무엇이라 하는가?	비동기 요청이 여러 개 진행될 때, 완료 순서가 보장되지 않아 상태가 뒤엉킬 수 있습니다. 이처럼 실행/완료 순서 경쟁으로 잘못된 결과가 반영되는 문제를 레이스 컨디션이라고 합니다. 면접에서는 해결책(요청 취소, 최신 요청만 반영, 시퀀스 번호)까지 묻기도 합니다. 실무에서는 사용자 입력 기반 요청에서 자주 발생하므로, 디바운스와 함께 “최신성” 보장 로직이 중요합니다. 단순히 요청을 줄이는 것만으로는 해결되지 않을 수 있습니다.		레이스 컨디션(Race Condition)	TRUE	데드락(Deadlock)	FALSE	스핀락(Spinlock)	FALSE	캐시 미스(Cache Miss)	FALSE	frontend	javascript	async	
Q141	이벤트 루프와 렌더링		Frontend - JavaScript	12	CHOICE	MEDIUM	일반적으로 메인 스레드가 긴 동기 작업을 수행하면 UI가 멈추는 이유로 올바른 것은?	브라우저의 자바스크립트 실행은 주로 메인 스레드에서 이루어집니다. 긴 동기 작업이 실행되면 이벤트 루프가 다음 작업(입력 처리, 렌더링)을 처리할 기회를 잃습니다. 면접에서는 “왜 스크롤이 멈추는가” 같은 체감 문제로 자주 묻습니다. 실무에서는 무거운 작업을 쪼개거나 Web Worker로 분리해 UI 반응성을 유지합니다. 또한 requestAnimationFrame 등으로 렌더 타이밍과 맞추는 전략도 중요합니다.		긴 동기 작업이 이벤트 루프와 렌더링을 막아 UI가 블로킹된다	TRUE	동기 작업은 항상 백그라운드 스레드에서 실행된다	FALSE	렌더링은 네트워크가 없으면 수행되지 않는다	FALSE	UI는 JS 실행과 완전히 분리되어 영향이 없다	FALSE	frontend	javascript	browser	
Q142	Web Worker(Web Worker)		Frontend - JavaScript	12	CHOICE	MEDIUM	무거운 계산을 메인 스레드와 분리해 UI 멈춤을 줄이는 웹 기술은?	Web Worker는 메인 스레드와 별도 스레드에서 자바스크립트를 실행할 수 있게 해줍니다. 메시지 기반(postMessage)으로 데이터를 주고받습니다. 면접에서는 “DOM 접근 불가” 같은 제약과 사용 목적을 묻습니다. 실무에서는 이미지 처리, 대용량 파싱, 암호화 같은 무거운 작업을 분리해 UX를 개선합니다. 데이터 전달 시 복사 비용이 생길 수 있어, transferable 객체 활용 여부도 고려하면 좋습니다.		Web Worker	TRUE	Service Worker	FALSE	Shadow DOM	FALSE	Virtual DOM	FALSE	frontend	javascript	performance	
Q143	setTimeout 0의 의미		Frontend - JavaScript	12	CHOICE	MEDIUM	setTimeout(fn, 0)이라고 해서 콜백이 “즉시” 실행되지 않는 주된 이유는?	setTimeout 콜백은 매크로태스크 큐에 들어갑니다. 현재 실행 중인 콜스택이 비워진 뒤, 이벤트 루프가 큐에서 작업을 꺼낼 때 실행됩니다. 그래서 지연 시간을 0으로 줘도 “현재 코드 다음”에 실행되는 효과가 납니다. 면접에서는 실행 순서(동기 코드 → 마이크로태스크 → 매크로태스크)를 묻는 문제가 흔합니다. 실무에서는 작업을 다음 틱으로 미루어 UI를 먼저 그리게 하거나, 큰 작업을 나눌 때 사용하기도 합니다.		콜스택이 비워진 뒤 이벤트 루프가 큐에서 꺼내 실행하기 때문이다	TRUE	0은 브라우저에서 1초로 강제 변환되기 때문이다	FALSE	setTimeout은 Promise보다 항상 먼저 실행되기 때문이다	FALSE	setTimeout은 동기 함수라 즉시 실행된다	FALSE	frontend	javascript	async	
Q144	마이크로태스크(Microtask)		Frontend - JavaScript	12	CHOICE	MEDIUM	일반적으로 Promise.then 콜백이 들어가는 큐는?	Promise.then은 보통 마이크로태스크 큐로 스케줄링됩니다. 마이크로태스크는 현재 작업이 끝난 직후, 다음 매크로태스크 전에 먼저 처리되는 것이 일반적입니다. 면접에서는 출력 순서 문제로 자주 출제됩니다. 실무에서는 “then이 생각보다 빨리 실행”되는 특성을 이해해야 UI 업데이트 타이밍을 예측할 수 있습니다. 마이크로태스크가 과도하게 쌓이면 렌더링이 지연될 수 있어, 무한 then 체이닝 같은 패턴은 피하는 것이 좋습니다.		마이크로태스크 큐(Microtask Queue)	TRUE	매크로태스크 큐(Macrotask Queue)	FALSE	렌더 큐(Render Queue)	FALSE	IO 큐(IO Queue)	FALSE	frontend	javascript	async	
Q145	strict mode 영향		Frontend - JavaScript	12	CHOICE	MEDIUM	strict mode에서 이전보다 더 엄격해지는 동작으로 올바른 것은?	strict mode는 조용히 넘어가던 실수를 에러로 바꿔줍니다. 대표적으로 선언 없이 변수에 할당하면 ReferenceError가 납니다. 면접에서는 strict mode의 목적(버그 예방)과 예시를 묻습니다. 실무에서는 모듈 환경에서 기본 strict가 적용되는 경우가 많지만, 레거시 스크립트에서는 use strict가 큰 도움이 됩니다. 다만 일부 오래된 코드와 호환 문제가 있을 수 있어 점진적 적용이 필요할 수 있습니다.		선언 없이 변수에 할당하면 에러가 발생한다	TRUE	this가 항상 window로 바뀐다	FALSE	Promise가 동기적으로 실행된다	FALSE	DOM API가 비활성화된다	FALSE	frontend	javascript	runtime	
Q146	JSON 직렬화 한계		Frontend - JavaScript	12	CHOICE	MEDIUM	JSON.stringify의 결과에 포함되지 않을 수 있는 값으로 올바른 것은?	JSON은 데이터 교환을 위한 형식이라 함수 같은 실행 가능한 값은 표현하지 못합니다. 또한 undefined는 객체 프로퍼티에서 누락되거나 배열에서는 null처럼 처리될 수 있습니다. 면접에서는 “왜 JSON 방식 깊은 복사가 위험한가”로 연결됩니다. 실무에서는 Date, Map/Set, 순환 참조 같은 값이 깨질 수 있어, 데이터 구조에 맞는 직렬화 전략이 필요합니다. 안전하게 쓰려면 변환 대상이 JSON 호환 타입인지 확인해야 합니다.		함수(Function)	TRUE	문자열(String)	FALSE	숫자(Number)	FALSE	불리언(Boolean)	FALSE	frontend	javascript	data	
Q147	깊은 동결(Object.freeze)		Frontend - JavaScript	12	CHOICE	MEDIUM	Object.freeze에 대한 설명으로 가장 적절한 것은?	Object.freeze는 객체의 최상위 레벨에서 프로퍼티 변경을 막습니다. 하지만 중첩 객체까지 자동으로 막지는 못하므로 “깊은 동결”은 별도 처리(재귀)가 필요합니다. 면접에서는 freeze가 얕게 적용된다는 점을 포인트로 자주 묻습니다. 실무에서는 개발 중 실수로 상태를 변경하는 버그를 빠르게 발견하기 위해 사용하기도 합니다. 다만 성능 비용이 있을 수 있고, 런타임에서 변경이 필요한 객체에는 적용하면 안 됩니다.		최상위 프로퍼티 변경을 막지만 중첩 객체까지는 자동으로 막지 않는다	TRUE	객체의 모든 중첩까지 완전히 불변으로 만든다	FALSE	배열에는 적용할 수 없다	FALSE	freeze를 하면 자동으로 깊은 복사가 된다	FALSE	frontend	javascript	immutability	
Q148	프리미티브 vs 참조 타입		Frontend - JavaScript	12	CHOICE	MEDIUM	다음 중 “참조 타입”에 해당하는 것은?	자바스크립트에서 원시(프리미티브) 타입은 값 자체가 복사됩니다. 반면 객체/배열/함수 같은 참조 타입은 참조(주소)를 통해 공유될 수 있습니다. 면접에서는 값 복사와 참조 복사의 차이를 예시로 자주 묻습니다. 실무에서는 참조 공유로 인해 의도치 않은 변경이 퍼지는 버그가 흔합니다. 따라서 불변 업데이트, 복사 전략, 깊이 있는 타입 이해가 중요합니다.		배열(Array)	TRUE	숫자(Number)	FALSE	문자열(String)	FALSE	불리언(Boolean)	FALSE	frontend	javascript	type	
Q149	얕은 비교(Shallow Compare)		Frontend - JavaScript	12	CHOICE	MEDIUM	React 같은 환경에서 “참조가 바뀌었는지”만 보고 변경을 감지하는 비교를 무엇이라 하는가?	얕은 비교는 최상위 레벨에서 참조(또는 값)만 비교하는 방식입니다. 객체 내부 값이 바뀌어도 참조가 같으면 변경으로 인식되지 않을 수 있습니다. 면접에서는 불변성이 왜 중요해지는지 이 비교 방식과 연결해 설명할 수 있어야 합니다. 실무에서는 상태 업데이트 시 새 객체를 만들어 참조를 바꿔야 렌더링이 일어나는 경우가 많습니다. 구조를 깊게 중첩시키면 얕은 비교 기반 최적화가 어렵고 버그가 늘 수 있어, 상태를 평탄화하는 전략이 유리합니다.		얕은 비교(Shallow Compare)	TRUE	깊은 비교(Deep Compare)	FALSE	문자열 비교(String Compare)	FALSE	정규식 비교(RegExp Compare)	FALSE	frontend	javascript	react	
Q150	구조화된 복제(structuredClone)		Frontend - JavaScript	12	CHOICE	MEDIUM	브라우저에서 일부 복잡한 타입까지 포함해 객체를 복제할 수 있는 표준 API로 적절한 것은?	structuredClone은 브라우저/런타임에서 제공하는 구조화된 복제 알고리즘 기반 복제 API입니다. JSON 방식보다 더 많은 타입을 지원할 수 있고, 순환 참조도 처리 가능한 경우가 있습니다. 면접에서는 “JSON.parse/stringify 대안”으로 나올 수 있습니다. 실무에서는 데이터가 크거나 타입이 다양할 때 유용하지만, 환경 지원 여부를 확인하고 폴리필 전략을 고려해야 합니다. 또한 함수 같은 값은 여전히 복제 대상이 아닐 수 있어, 데이터 모델을 JSON-호환 형태로 설계하는 습관이 중요합니다.		structuredClone	TRUE	deepCopyJSON	FALSE	cloneDeepBuiltin	FALSE	object.copyAll	FALSE	frontend	javascript	copy	
Q151	CORS(Cross-Origin Resource Sharing)		Frontend - JavaScript	12	CHOICE	MEDIUM	브라우저에서 다른 출처(origin)로 요청할 때 접근을 제한하고 헤더로 허용 범위를 정하는 정책/메커니즘은?	브라우저는 보안을 위해 기본적으로 SOP(동일 출처 정책)를 적용합니다. CORS는 서버가 특정 출처에 대해 리소스 접근을 허용할지 응답 헤더로 명시하는 메커니즘입니다. 면접에서는 preflight(OPTIONS)와 함께 단골로 등장합니다. 실무에서는 프론트/백엔드가 도메인이 다를 때 개발 단계에서 자주 마주치며, 서버 설정이 핵심입니다. 프론트에서 해결하려고만 하면 막히는 경우가 많아, 서버/인프라와 협업 포인트로 이해하는 것이 중요합니다.		CORS	TRUE	CSR	FALSE	CSP	FALSE	CDN	FALSE	frontend	javascript	security	
Q152	SOP(동일 출처 정책)		Frontend - JavaScript	12	CHOICE	MEDIUM	브라우저가 기본적으로 적용하는 “출처가 다르면 제한” 정책은?	동일 출처 정책(SOP)은 브라우저 보안의 핵심 원칙입니다. 출처는 프로토콜, 호스트, 포트 조합으로 정의됩니다. 면접에서는 “서브도메인은 다른 출처인가” 같은 세부 질문이 나올 수 있습니다. 실무에서는 API 도메인 분리, CDN, 인증 쿠키와 함께 문제가 발생할 수 있어 출처 개념을 정확히 이해해야 합니다. CORS는 SOP 위에서 “예외적으로 허용”을 선언하는 방식이므로 둘의 관계를 같이 설명하면 좋습니다.		동일 출처 정책(SOP)	TRUE	쿠키 정책(Cookie Policy)	FALSE	이벤트 정책(Event Policy)	FALSE	렌더 정책(Render Policy)	FALSE	frontend	javascript	security	
Q153	프리플라이트(Preflight)		Frontend - JavaScript	12	CHOICE	MEDIUM	CORS에서 특정 조건의 요청 전에 브라우저가 OPTIONS로 먼저 확인하는 요청은?	프리플라이트는 브라우저가 실제 요청 전에 서버가 허용하는지 확인하는 절차입니다. OPTIONS 요청으로 메서드/헤더 등을 허용하는지 묻고, 서버의 CORS 응답 헤더로 판단합니다. 면접에서는 “왜 어떤 요청은 프리플라이트가 생기고 어떤 요청은 안 생기나”로 확장됩니다. 실무에서는 커스텀 헤더, JSON PUT/DELETE 같은 요청에서 자주 발생하며, 지연이 생길 수 있어 캐시 설정이나 단순 요청으로 바꾸는 최적화가 논의되기도 합니다. 서버 설정이 핵심이므로 백엔드와 협업이 중요합니다.		프리플라이트(Preflight)	TRUE	캐시 워밍(Cache Warming)	FALSE	세션 리프레시(Session Refresh)	FALSE	DNS 룩업(DNS Lookup)	FALSE	frontend	javascript	network	
Q154	CSP(Content Security Policy)		Frontend - JavaScript	12	CHOICE	MEDIUM	스크립트/리소스 로딩 출처를 제한해 XSS 위험을 낮추는 보안 헤더/정책은?	CSP는 어떤 출처의 스크립트/이미지/스타일을 로드할 수 있는지 제한하는 보안 정책입니다. XSS 공격을 완화하는 데 효과적입니다. 면접에서는 “왜 inline script를 막는가” 같은 질문이 나올 수 있습니다. 실무에서는 nonce/hash 기반 허용, report-only 모드로 점진적 도입 같은 전략을 사용합니다. 설정이 빡빡하면 기능이 깨질 수 있어, 배포 전 테스트와 모니터링이 중요합니다. 프론트 단에서만이 아니라 서버 헤더 설정이 동반되어야 합니다.		CSP	TRUE	CORS	FALSE	CSRF	FALSE	CDN	FALSE	frontend	javascript	security	
Q155	XSS(Cross-Site Scripting)		Frontend - JavaScript	12	CHOICE	MEDIUM	사용자 입력이 스크립트로 실행되어 세션 탈취 등으로 이어질 수 있는 취약점은?	XSS는 악성 스크립트가 웹 페이지에 주입되어 실행되는 취약점입니다. 면접에서는 innerHTML 사용, DOM 조작 시 입력 검증/이스케이프, CSP 적용 등 방어책을 묻습니다. 실무에서는 사용자 입력을 그대로 HTML로 렌더링하지 않는 것이 기본입니다. React 같은 프레임워크는 기본적으로 이스케이프하지만, dangerouslySetInnerHTML처럼 우회하면 위험해집니다. 쿠키/토큰이 노출될 수 있어 보안 영향이 매우 큽니다. 보안은 “기능”이 아니라 “기본 품질”이므로 습관적으로 방어해야 합니다.		XSS	TRUE	SQL Injection	FALSE	SSRF	FALSE	CSRF	FALSE	frontend	javascript	security	
Q156	CSRF(Cross-Site Request Forgery)		Frontend - JavaScript	12	CHOICE	MEDIUM	사용자가 로그인된 상태를 악용해 의도치 않은 요청을 보내게 만드는 공격은?	CSRF는 사용자의 인증 상태(주로 쿠키 기반)를 악용해 공격자가 원치 않는 요청을 실행시키는 공격입니다. 면접에서는 SameSite 쿠키, CSRF 토큰, Referer/Origin 검증 같은 방어책이 자주 나옵니다. 실무에서는 쿠키 기반 인증을 쓰면 반드시 CSRF 대응을 고려해야 합니다. 프론트에서는 토큰을 헤더로 보내는 구조로 전환하거나, 서버가 토큰을 발급/검증하도록 협업합니다. CORS와 혼동하기 쉬우니 “다른 문제”임을 분명히 구분하는 것이 중요합니다. 보안 이슈는 사고로 직결되므로 기본 개념을 확실히 잡아야 합니다.		CSRF	TRUE	XSS	FALSE	CORS	FALSE	SSR	FALSE	frontend	javascript	security	
Q157	SameSite 쿠키(SameSite Cookie)		Frontend - JavaScript	12	CHOICE	MEDIUM	CSRF 완화에 도움 되는 쿠키 속성으로 올바른 것은?	SameSite는 크로스 사이트 요청에서 쿠키가 자동 전송되는 범위를 제한합니다. CSRF는 사용자의 인증 쿠키가 의도치 않게 전송되는 것을 악용하므로, SameSite 설정은 중요한 완화책입니다. 면접에서는 Lax/Strict/None의 의미까지 확장될 수 있습니다. 실무에서는 로그인/결제 같은 민감 요청에서 CSRF 방어와 함께 고려합니다. 단, SSO나 외부 결제 흐름 등 크로스 사이트가 필요한 경우에는 정책 설계가 더 복잡해질 수 있습니다.		SameSite	TRUE	MaxAge	FALSE	Path	FALSE	Domain	FALSE	frontend	javascript	security	
Q158	HttpOnly 쿠키(HttpOnly Cookie)		Frontend - JavaScript	12	CHOICE	MEDIUM	자바스크립트에서 document.cookie로 접근하지 못하게 제한하는 쿠키 속성은?	HttpOnly는 자바스크립트로 쿠키를 읽지 못하게 하여 XSS로 인한 쿠키 탈취 위험을 줄입니다. 면접에서는 “브라우저가 자동 전송은 하지만 JS는 못 읽는다”는 특징을 설명할 수 있어야 합니다. 실무에서는 세션 쿠키나 리프레시 토큰처럼 민감한 값을 HttpOnly로 저장하는 설계가 많습니다. 다만 그러면 프론트에서 토큰을 직접 읽어 헤더로 붙이는 방식은 못 쓰게 되므로, 인증 구조를 일관되게 설계해야 합니다. XSS 완화의 한 축으로 CSP와 함께 언급하면 좋습니다.		HttpOnly	TRUE	Secure	FALSE	SameSite	FALSE	Expires	FALSE	frontend	javascript	security	
Q159	Secure 쿠키(Secure Cookie)		Frontend - JavaScript	12	CHOICE	MEDIUM	HTTPS 연결에서만 쿠키가 전송되도록 제한하는 속성은?	Secure는 쿠키가 암호화된 채널(HTTPS)에서만 전송되도록 제한합니다. 면접에서는 HttpOnly, SameSite와 세트로 많이 나옵니다. 실무에서는 운영 환경에서 HTTPS는 필수이며, 인증 관련 쿠키에는 Secure를 기본으로 두는 것이 안전합니다. 개발 환경에서는 로컬 HTTP 때문에 테스트가 불편할 수 있어 환경별 설정이 필요합니다. 보안 설정은 “나중에 붙이는 옵션”이 아니라 설계 초기부터 고려해야 합니다.		Secure	TRUE	HttpOnly	FALSE	SameSite	FALSE	MaxAge	FALSE	frontend	javascript	security	
Q160	쿠키 vs 로컬스토리지 차이		Frontend - JavaScript	12	CHOICE	MEDIUM	쿠키와 localStorage의 가장 핵심적인 차이로 적절한 것은?	쿠키는 조건에 따라 HTTP 요청에 자동으로 포함될 수 있어 서버와의 상태 공유에 쓰입니다. localStorage는 요청에 자동 포함되지 않고, 브라우저에만 저장됩니다. 면접에서는 이 차이로 인해 쿠키는 CSRF 영향, localStorage는 XSS 영향이 크다는 식으로 확장될 수 있습니다. 실무에서는 인증 방식(쿠키 기반 vs 토큰 기반)에 따라 저장소 선택이 크게 달라집니다. 또한 쿠키는 용량이 작고 요청마다 전송되어 성능에 영향을 줄 수 있어 목적에 맞게 최소화하는 것이 좋습니다.		쿠키는 요청에 자동 포함될 수 있고 localStorage는 그렇지 않다	TRUE	localStorage는 자동으로 암호화되어 안전하다	FALSE	쿠키는 JS에서만 저장 가능하고 서버는 못 쓴다	FALSE	쿠키는 용량 제한이 없고 localStorage만 제한이 있다	FALSE	frontend	javascript	web	
Q161	이벤트 위임과 closest		Frontend - JavaScript	12	CHOICE	MEDIUM	이벤트 위임에서 클릭된 요소가 버튼 내부의 아이콘일 때, 버튼을 찾는 데 자주 쓰는 메서드는?	이벤트 위임에서는 event.target이 내부 자식 요소를 가리키는 경우가 많습니다. 이때 원하는 부모 요소(예: 버튼)를 찾기 위해 closest를 사용해 가장 가까운 조상 매칭 요소를 찾습니다. 면접에서는 target/currentTarget 구분과 함께 실무 패턴을 묻기도 합니다. 실무에서는 DOM 구조가 바뀌어도 비교적 견고하게 동작해 유지보수성이 좋습니다. 다만 선택자 설계를 잘못하면 의도치 않은 조상을 잡을 수 있어 클래스/데이터 속성 규칙을 명확히 하는 것이 중요합니다.		closest	TRUE	includes	FALSE	parentNodeOnly	FALSE	queryAll	FALSE	frontend	javascript	dom	
Q162	이벤트 옵션 once		Frontend - JavaScript	12	CHOICE	MEDIUM	addEventListener의 옵션 중 핸들러를 한 번만 실행하고 자동 제거하는 것은?	once 옵션은 이벤트 핸들러를 한 번만 실행한 뒤 자동으로 제거합니다. 면접에서는 capture/passive/once 옵션을 구분해 아는지 확인할 수 있습니다. 실무에서는 튜토리얼 안내, 최초 1회 동작(예: 첫 클릭) 같은 기능에서 유용합니다. 직접 removeEventListener를 호출하는 실수를 줄일 수 있어 안정적입니다. 다만 “딱 한 번”이 맞는 요구사항인지 확인하지 않으면 기능이 조용히 멈춰버릴 수 있으니 테스트가 필요합니다.		once true	TRUE	capture true	FALSE	passive true	FALSE	bubble false	FALSE	frontend	javascript	event	
Q163	이벤트 옵션 passive		Frontend - JavaScript	12	CHOICE	MEDIUM	스크롤 성능 최적화와 관련해, preventDefault를 호출하지 않을 것임을 힌트로 주는 옵션은?	passive 옵션은 이벤트 핸들러가 preventDefault를 호출하지 않을 것이라고 브라우저에 알려줍니다. 브라우저는 스크롤을 더 부드럽게 처리할 수 있어 성능 개선에 도움이 됩니다. 면접에서는 “passive인데 preventDefault를 호출하면 어떻게 되나” 같은 확장이 나올 수 있습니다. 실무에서는 touchstart, wheel 같은 이벤트에서 자주 사용됩니다. 단, 실제로 기본 동작을 막아야 하는 기능에서는 passive를 쓰면 안 됩니다. 의도에 맞는 옵션 선택이 중요합니다.		passive true	TRUE	capture true	FALSE	once true	FALSE	stop true	FALSE	frontend	javascript	performance	
Q164	DOMContentLoaded		Frontend - JavaScript	12	CHOICE	MEDIUM	HTML 문서 파싱이 완료된 시점에 발생하는 이벤트로 가장 적절한 것은?	DOMContentLoaded는 HTML 파싱이 끝나 DOM 트리가 준비되면 발생합니다. 이미지 같은 외부 리소스가 모두 로드되기 전일 수 있습니다. 면접에서는 load 이벤트와의 차이로 자주 출제됩니다. 실무에서는 DOM이 준비되면 바로 초기화 로직을 실행하고 싶을 때 사용합니다. 단, 모듈/프레임워크 환경에서는 보통 번들 진입점에서 실행되므로 직접 쓰는 경우는 줄었지만, 레거시나 간단 스크립트에서는 여전히 유용합니다. 초기화 타이밍을 이해하면 “요소가 null”인 버그를 줄일 수 있습니다.		DOMContentLoaded	TRUE	load	FALSE	beforeunload	FALSE	hashchange	FALSE	frontend	javascript	browser	
Q165	load 이벤트(load)		Frontend - JavaScript	12	CHOICE	MEDIUM	이미지/스타일 등 외부 리소스까지 포함해 “완전히 로드”된 뒤 발생하는 이벤트는?	load 이벤트는 문서와 의존 리소스가 모두 로드된 뒤 발생합니다. DOMContentLoaded보다 늦게 발생하는 것이 일반적입니다. 면접에서는 두 이벤트의 차이를 정확히 말할 수 있어야 합니다. 실무에서는 리소스 크기에 따라 load 시점이 늦어져 초기 화면 표시가 지연될 수 있으므로, 꼭 필요한 경우에만 load 이후 로직을 두는 것이 좋습니다. 예를 들어 이미지 크기를 기반으로 레이아웃을 계산해야 한다면 load 이후가 필요할 수 있습니다. 타이밍을 잘못 잡으면 화면 깜빡임이나 잘못된 측정이 생길 수 있습니다.		load	TRUE	DOMContentLoaded	FALSE	popstate	FALSE	submit	FALSE	frontend	javascript	browser	
Q166	History API(pushState)		Frontend - JavaScript	12	CHOICE	MEDIUM	페이지 새로고침 없이 URL을 변경하고 히스토리 스택에 쌓는 메서드는?	History API의 pushState는 페이지 리로드 없이 URL을 바꾸고 기록을 추가합니다. SPA 라우터가 내부적으로 이 기능을 사용합니다. 면접에서는 pushState와 replaceState의 차이를 묻기도 합니다. 실무에서는 라우팅, 필터 상태를 URL에 반영하는 기능에서 중요합니다. 다만 서버가 해당 경로를 직접 요청받았을 때도 응답할 수 있도록(리라이트) 서버/인프라 설정이 필요할 수 있습니다. URL 상태 관리가 되면 공유/북마크 UX가 좋아집니다.		pushState	TRUE	replaceState	FALSE	location.reload	FALSE	history.back	FALSE	frontend	javascript	routing	
Q167	History API(replaceState)		Frontend - JavaScript	12	CHOICE	MEDIUM	현재 히스토리 항목을 교체해 “뒤로가기 기록을 늘리지 않는” 메서드는?	replaceState는 현재 히스토리 항목을 새 상태로 교체합니다. pushState처럼 새 항목을 추가하지 않아 뒤로가기 기록이 불필요하게 늘지 않습니다. 면접에서는 검색 필터 변경을 예시로 어느 쪽이 적절한지 물을 수 있습니다. 실무에서는 UI 상태를 URL에 반영하되, 사용자가 뒤로가기를 눌렀을 때 너무 많은 단계가 생기지 않도록 설계할 때 유용합니다. 잘 쓰면 UX가 좋아지고, 잘못 쓰면 사용자가 “뒤로가기 기대”와 다르게 느낄 수 있어 테스트가 중요합니다.		replaceState	TRUE	pushState	FALSE	history.forward	FALSE	location.assign	FALSE	frontend	javascript	routing	
Q168	URLSearchParams(URLSearchParams)		Frontend - JavaScript	12	CHOICE	MEDIUM	쿼리 스트링을 파싱하고 조작하기 위한 표준 API는?	URLSearchParams는 쿼리 파라미터를 쉽게 읽고 설정할 수 있는 API입니다. get, set, has, toString 같은 메서드로 조작합니다. 면접에서는 location.search를 직접 파싱하는 대신 표준 API를 쓰는 이유를 묻기도 합니다. 실무에서는 필터/페이지네이션 상태를 URL로 관리할 때 자주 쓰이며, 공유 가능한 링크 UX를 만들기 좋습니다. 인코딩 처리까지 함께 해결해 주므로 문자열 수작업보다 안전합니다. 다만 브라우저 지원 범위를 확인하거나 폴리필을 고려해야 하는 환경도 있을 수 있습니다.		URLSearchParams	TRUE	QueryParser	FALSE	SearchStringAPI	FALSE	ParamMapOnly	FALSE	frontend	javascript	web	
Q169	커스텀 이벤트(CustomEvent)		Frontend - JavaScript	12	CHOICE	MEDIUM	detail payload를 포함해 커스텀 이벤트를 만들 때 사용하는 생성자는?	CustomEvent는 사용자 정의 이벤트를 만들 때 사용하며 detail로 추가 데이터를 전달할 수 있습니다. dispatchEvent로 이벤트를 발생시키고 addEventListener로 받을 수 있습니다. 면접에서는 “컴포넌트 간 느슨한 통신” 예시로 질문이 나올 수 있습니다. 실무에서는 레거시 위젯 통합, 마이크로 프론트엔드 간 통신, 프레임워크 밖 DOM 기반 연동에서 유용합니다. 다만 전역 이벤트 남발은 디버깅을 어렵게 하므로, 이벤트 이름 규칙과 책임 범위를 명확히 해야 합니다.		CustomEvent	TRUE	UserEvent	FALSE	EmitEvent	FALSE	EventBusOnly	FALSE	frontend	javascript	event	
Q170	이벤트 디스패치(dispatchEvent)		Frontend - JavaScript	12	CHOICE	MEDIUM	생성한 이벤트를 DOM 요소에 발생시키는 메서드는?	dispatchEvent는 특정 요소에서 이벤트를 발생시킵니다. CustomEvent와 함께 쓰면 payload 기반 통신이 가능합니다. 면접에서는 “이벤트는 사용자 행동만이 아니라 코드로도 발생시킬 수 있다”는 점을 확인할 수 있습니다. 실무에서는 테스트, 위젯 통합, 프레임워크 외부와의 브릿지 구현에서 자주 쓰입니다. 다만 이벤트 전파 흐름을 이해하고, 의도치 않은 버블링/캡처링으로 사이드 이펙트가 생기지 않도록 옵션을 잘 설정해야 합니다. 이벤트 이름 충돌을 막기 위해 네임스페이스 규칙을 두는 팀도 많습니다.		dispatchEvent	TRUE	fireEvent	FALSE	trigger	FALSE	emit	FALSE	frontend	javascript	event	
Q171	폼 제출 이벤트(submit)		Frontend - JavaScript	12	CHOICE	MEDIUM	form 요소에서 제출 시 발생하는 이벤트는?	submit 이벤트는 form이 제출될 때 발생합니다. 기본 동작은 페이지 이동/새로고침일 수 있어, SPA에서는 preventDefault로 막고 fetch로 제출하는 패턴이 흔합니다. 면접에서는 click 이벤트로만 제출을 처리하면 엔터키 제출을 놓칠 수 있다는 점을 지적할 수 있습니다. 실무에서는 접근성과 UX를 위해 submit 이벤트 기준으로 처리하는 것이 안전합니다. 또한 폼 검증 로직을 submit 단계에 두면 다양한 제출 경로를 일관되게 처리할 수 있습니다. 이벤트 처리 시 기본 동작을 막았다면 사용자에게 성공/실패 피드백까지 확실히 제공해야 합니다.		submit	TRUE	send	FALSE	post	FALSE	apply	FALSE	frontend	javascript	dom	
Q172	입력 이벤트 종류(input vs change)		Frontend - JavaScript	12	CHOICE	MEDIUM	일반적으로 input 이벤트가 change 이벤트보다 더 자주 발생하는 이유로 올바른 것은?	input 이벤트는 사용자가 입력할 때마다(값이 바뀔 때마다) 발생하는 경우가 많습니다. change 이벤트는 포커스를 잃거나 확정되는 시점에 발생하는 경우가 일반적입니다(요소 타입에 따라 다를 수 있음). 면접에서는 실시간 검증 vs 제출 시 검증을 예시로 언제 어떤 이벤트를 써야 하는지 묻습니다. 실무에서는 검색 자동완성, 실시간 글자 수 표시 등은 input이 적합합니다. 반면 값이 확정될 때만 처리해도 되면 change로 불필요한 연산을 줄일 수 있습니다. 이벤트 특성을 이해하면 성능과 UX를 동시에 잡을 수 있습니다.		input은 값이 바뀔 때마다 발생하는 경우가 많기 때문이다	TRUE	input은 클릭할 때만 발생하기 때문이다	FALSE	change는 키 입력마다 발생하기 때문이다	FALSE	input은 비동기 이벤트가 아니라서 발생하지 않는다	FALSE	frontend	javascript	event	
Q173	이벤트 버블링 제어(stopPropagation)		Frontend - JavaScript	12	CHOICE	MEDIUM	모달 내부 클릭이 바깥 클릭 핸들러까지 전달되는 것을 막기 위해 사용하는 대표 메서드는?	모달 오버레이 클릭으로 닫기 기능을 만들면, 내부 클릭이 버블링되어 닫히는 버그가 생길 수 있습니다. 이때 stopPropagation으로 이벤트 전파를 막아 내부 클릭이 바깥 핸들러에 도달하지 않게 할 수 있습니다. 면접에서는 preventDefault와 혼동하지 않는지 자주 묻습니다. 실무에서는 이벤트 위임 구조와 충돌하지 않도록 최소한으로 사용해야 합니다. 전파를 막기 전에 구조적으로 해결(핸들러 위치 조정)할 수 없는지도 검토하면 유지보수성이 좋아집니다.		stopPropagation	TRUE	preventDefault	FALSE	stopImmediateDefault	FALSE	cancelBubbleOnly	FALSE	frontend	javascript	event	
Q174	이벤트 즉시 중단(stopImmediatePropagation)		Frontend - JavaScript	12	CHOICE	MEDIUM	같은 요소에 여러 핸들러가 있을 때, 이후 핸들러까지도 실행되지 않게 하는 메서드는?	stopImmediatePropagation은 전파를 막는 것뿐 아니라, 동일 요소에 등록된 다른 핸들러 실행도 막습니다. 면접에서는 stopPropagation과의 차이를 구분하는 문제로 나올 수 있습니다. 실무에서는 대부분 필요하지 않지만, 특정 라이브러리와의 충돌을 막거나 이벤트 처리 우선순위를 강제해야 할 때 사용될 수 있습니다. 남발하면 예측 가능한 이벤트 흐름이 깨져 디버깅이 어려워집니다. 꼭 필요한 경우에만 사용하고, 주석/문서로 이유를 남기는 습관이 좋습니다.		stopImmediatePropagation	TRUE	stopPropagation	FALSE	preventDefault	FALSE	pauseEvent	FALSE	frontend	javascript	event	
Q175	정규식 캡처 그룹(Regex Group)		Frontend - JavaScript	12	CHOICE	MEDIUM	정규식에서 괄호()로 묶어 매칭 일부를 그룹으로 저장하는 것을 무엇이라 하는가?	정규식의 괄호는 캡처 그룹을 만들고, 매칭 결과에서 부분 문자열을 추출할 수 있게 합니다. 면접에서는 replace에서 $1 같은 백레퍼런스를 쓰는 예시가 나올 수 있습니다. 실무에서는 로그 파싱, 입력 검증, 간단한 텍스트 변환에 유용하지만, 복잡한 정규식은 유지보수가 어려워질 수 있습니다. 검증 로직이 복잡하면 파서나 명확한 로직으로 대체하는 것도 고려해야 합니다. 또한 사용자 입력 검증은 정규식만으로 완벽하지 않을 수 있으니 서버 검증과 병행하는 것이 안전합니다.		캡처 그룹(Capturing Group)	TRUE	스프레드(Spread)	FALSE	클로저(Closure)	FALSE	프로토타입(Prototype)	FALSE	frontend	javascript	regex	
Q176	try catch finally		Frontend - JavaScript	12	CHOICE	MEDIUM	예외 발생 여부와 상관없이 마지막에 실행되는 블록은?	finally 블록은 예외가 발생하든 정상 종료하든 마지막에 실행됩니다. 면접에서는 리소스 정리(타이머 해제, 로딩 상태 해제, 잠금 해제)와 연결해 질문이 나올 수 있습니다. 실무에서는 네트워크 요청 후 로딩 스피너를 반드시 끄는 로직을 finally에 두는 패턴이 흔합니다. 다만 finally 안에서 또 예외가 발생하면 원래 예외가 가려질 수 있어, 정리 로직은 안전하게 작성해야 합니다. 에러 처리 흐름을 일관되게 설계하면 사용자 경험과 안정성이 좋아집니다.		finally	TRUE	catch	FALSE	throw	FALSE	return	FALSE	frontend	javascript	error	
Q177	모듈 스코프(Module Scope)		Frontend - JavaScript	12	CHOICE	MEDIUM	ES Module에서 최상위에 선언한 변수의 기본 스코프로 가장 적절한 것은?	ES Module은 파일 자체가 모듈 단위 스코프를 갖습니다. 따라서 최상위 선언이 자동으로 전역(window)으로 붙는 것이 아니라 모듈 내부에 캡슐화됩니다. 면접에서는 스크립트 타입(module)과 일반 스크립트의 전역 오염 차이를 자주 묻습니다. 실무에서는 모듈 스코프 덕분에 이름 충돌이 줄고 유지보수가 좋아집니다. 다만 레거시 전역 의존 코드와 섞이면 초기화 순서 문제가 생길 수 있어, 모듈 전환 시 의존성 정리가 중요합니다.		모듈 스코프(파일 단위 스코프)	TRUE	항상 window 전역 스코프	FALSE	블록 스코프만 존재	FALSE	함수 스코프만 존재	FALSE	frontend	javascript	module	
Q178	named export(import/export)		Frontend - JavaScript	12	CHOICE	MEDIUM	import { foo } from "./m.js"; 가 의미하는 바에 가장 가까운 것은?	중괄호 import는 named export를 가져오는 문법입니다. 모듈에서 export const foo = ... 처럼 이름으로 내보낸 값을 동일한 이름으로 가져옵니다. 면접에서는 default export와의 문법 차이를 자주 확인합니다. 실무에서는 여러 개 유틸 함수를 한 파일에서 내보낼 때 named export가 흔합니다. 트리 쉐이킹 관점에서도 named export가 유리한 경우가 많습니다.		모듈의 named export인 foo를 가져온다	TRUE	모듈의 default export를 foo로 가져온다	FALSE	전역 변수 foo를 읽어온다	FALSE	CommonJS require와 동일하게 동작한다	FALSE	frontend	javascript	module	
Q179	default export(default export)		Frontend - JavaScript	12	CHOICE	MEDIUM	import foo from "./m.js"; 형태가 의미하는 것은?	중괄호 없이 import하면 default export를 가져옵니다. 내보내는 쪽은 export default ... 형태가 필요합니다. 면접에서는 named import와 혼동하는 경우가 많아 기본기로 자주 출제됩니다. 실무에서는 컴포넌트 파일에서 default export를 쓰는 관례가 있지만, 팀 스타일에 따라 named export를 선호하기도 합니다. export 방식이 섞이면 리팩터링 때 import 에러가 많이 나므로 규칙을 정해두는 것이 좋습니다.		모듈의 default export를 foo라는 이름으로 가져온다	TRUE	foo라는 named export를 가져온다	FALSE	foo를 전역에서 찾아 바인딩한다	FALSE	default export는 여러 개 존재할 수 있다	FALSE	frontend	javascript	module	
Q180	동적 import(Dynamic Import)		Frontend - JavaScript	12	CHOICE	MEDIUM	필요할 때 모듈을 비동기로 로드하는 문법으로 가장 적절한 것은?	import()는 런타임에 모듈을 비동기로 로드하는 동적 import 문법입니다. 결과는 Promise로 반환됩니다. 면접에서는 코드 스플리팅과 연결해 “초기 번들 최적화”를 질문할 수 있습니다. 실무에서는 라우트 단위 로딩, 무거운 라이브러리 지연 로딩에 사용됩니다. 다만 너무 쪼개면 요청 수가 늘어 성능이 나빠질 수 있어, 번들 전략을 함께 설계해야 합니다.		import("./m.js")	TRUE	import { "./m.js" }	FALSE	require("./m.js")	FALSE	include("./m.js")	FALSE	frontend	javascript	module	
Q181	트리 쉐이킹(Tree Shaking)		Frontend - JavaScript	12	CHOICE	MEDIUM	사용하지 않는 export가 번들에서 제거되는 최적화 기법을 무엇이라 하는가?	트리 쉐이킹은 정적 분석으로 “사용하지 않는 코드”를 제거해 번들 크기를 줄이는 최적화입니다. ES Module의 정적 구조(import/export)가 분석에 유리합니다. 면접에서는 CJS(require)보다 ESM이 트리 쉐이킹에 유리한 이유를 물을 수 있습니다. 실무에서는 번들 크기가 로딩 성능에 직접 영향을 주므로 중요합니다. 다만 side effect가 있는 모듈은 제거가 어렵고, 설정(sideEffects 플래그 등)에 따라 결과가 달라질 수 있어 빌드 도구 이해가 필요합니다.		트리 쉐이킹(Tree Shaking)	TRUE	폴리필(Polyfill)	FALSE	디바운스(Debounce)	FALSE	하이드레이션(Hydration)	FALSE	frontend	javascript	build	
Q182	폴리필(Polyfill)		Frontend - JavaScript	12	CHOICE	MEDIUM	최신 API를 구형 브라우저에서 동작하도록 “기능을 메워주는” 코드를 무엇이라 하는가?	폴리필은 지원되지 않는 기능을 자바스크립트 코드로 구현해 환경 차이를 줄입니다. 면접에서는 Babel 트랜스파일과 폴리필의 차이를 구분하는 질문이 나올 수 있습니다. 실무에서는 target 브라우저 범위에 따라 polyfill을 조건부로 포함시키기도 합니다. 무분별한 폴리필은 번들 크기를 키우므로 “필요한 것만” 넣는 전략이 중요합니다. 또한 일부 기능은 완전한 폴리필이 불가능할 수 있어 한계도 이해해야 합니다.		폴리필(Polyfill)	TRUE	번들링(Bundling)	FALSE	미니파이(Minify)	FALSE	캐싱(Caching)	FALSE	frontend	javascript	compatibility	
Q183	트랜스파일(Transpile)		Frontend - JavaScript	12	CHOICE	MEDIUM	최신 문법을 구형 문법으로 변환해 실행 가능하게 만드는 작업을 무엇이라 하는가?	트랜스파일은 같은 언어 계열 내에서 문법을 변환하는 작업을 의미합니다(예: ESNext → ES5). 면접에서는 컴파일과의 차이, 그리고 폴리필이 별개라는 점을 물을 수 있습니다. 실무에서는 Babel/TypeScript 컴파일이 대표적이며, 실행 환경 호환성을 확보하는 핵심 파이프라인입니다. 다만 문법 변환만으로는 API가 생기지 않으므로, 필요하면 polyfill/runtime 설정을 함께 해야 합니다. 빌드 설정이 곧 사용자 환경 안정성과 직결됩니다.		트랜스파일(Transpile)	TRUE	렌더링(Rendering)	FALSE	직렬화(Serialize)	FALSE	패치(Patch)	FALSE	frontend	javascript	build	
Q184	소스맵(Source Map)		Frontend - JavaScript	12	CHOICE	MEDIUM	번들/압축된 코드에서 원본 소스 위치로 디버깅을 가능하게 하는 것은?	소스맵은 변환된 코드와 원본 코드의 매핑 정보를 제공합니다. 크롬 개발자 도구에서 실제 원본 파일/라인으로 디버깅할 수 있게 해줍니다. 면접에서는 운영 환경에서 소스맵 공개 시 보안/지적재산 이슈를 질문할 수 있습니다. 실무에서는 개발 환경에서는 필수에 가깝지만, 운영에서는 접근 통제(사내 업로드/에러 추적 도구 연동) 전략이 필요합니다. 소스맵이 없으면 오류 스택이 난독화되어 원인 파악이 어려워집니다.		소스맵(Source Map)	TRUE	트리 쉐이킹(Tree Shaking)	FALSE	캐시 무효화(Cache Invalidation)	FALSE	코드 스플리팅(Code Splitting)	FALSE	frontend	javascript	debugging	
Q185	이벤트 리스너 해제(removeEventListener)		Frontend - JavaScript	12	CHOICE	MEDIUM	addEventListener로 등록한 핸들러를 해제할 때 올바른 조건으로 가장 적절한 것은?	removeEventListener는 등록할 때 사용한 것과 동일한 함수 참조를 전달해야 해제됩니다. 익명 함수를 바로 넣으면 나중에 같은 참조를 만들기 어렵습니다. 면접에서는 “왜 remove가 안 되나” 디버깅 질문이 흔합니다. 실무에서는 핸들러를 변수로 보관하거나, 프레임워크의 라이프사이클 cleanup에서 정리합니다. 타이머/구독과 함께 리소스 정리 패턴을 잘 갖추면 메모리 누수와 버그를 줄일 수 있습니다.		등록 때와 같은 함수 참조로 호출해야 해제된다	TRUE	이벤트 타입만 같으면 자동으로 해제된다	FALSE	once 옵션을 쓰면 removeEventListener가 필수다	FALSE	removeEventListener는 비동기라 성공 여부를 반환한다	FALSE	frontend	javascript	event	
Q186	이벤트 기본 동작(preventDefault)		Frontend - JavaScript	12	CHOICE	MEDIUM	a 태그 클릭 시 페이지 이동 같은 “기본 동작”을 막는 메서드는?	preventDefault는 이벤트의 기본 동작을 막습니다. 링크 이동, 폼 제출, 드래그 기본 동작 등을 제어할 때 사용됩니다. 면접에서는 stopPropagation과의 차이를 구분하는 문제가 자주 나옵니다. 실무에서는 SPA 라우팅에서 a 클릭을 가로채거나, form 제출을 fetch로 처리할 때 흔히 사용합니다. 기본 동작을 막았다면 사용자에게 대체 동작(네비게이션, 안내 메시지)을 제공해야 UX가 자연스럽습니다. 남발하면 접근성/기본 UX가 깨질 수 있어 의도를 명확히 해야 합니다.		preventDefault	TRUE	stopPropagation	FALSE	stopImmediatePropagation	FALSE	cancelEvent	FALSE	frontend	javascript	event	
Q187	프로퍼티 디스크립터(Property Descriptor)		Frontend - JavaScript	12	CHOICE	MEDIUM	writable, enumerable, configurable 같은 속성을 다루는 표준 API는?	자바스크립트는 객체 프로퍼티의 동작을 디스크립터로 정의할 수 있습니다. Object.defineProperty로 writable/enumerable/configurable, getter/setter 등을 제어합니다. 면접에서는 “for...in에 안 나오게 숨기기” 같은 예시로 질문이 나올 수 있습니다. 실무에서는 라이브러리/프레임워크 내부 구현에서 자주 쓰이며, 일반 앱 코드에서는 과도하게 쓰지 않는 편입니다. 잘못 설정하면 수정/삭제가 어려워져 디버깅이 힘들 수 있으니, 의도를 분명히 하고 테스트하는 것이 중요합니다.		Object.defineProperty	TRUE	Object.assign	FALSE	Object.freeze	FALSE	Object.keys	FALSE	frontend	javascript	object	
Q188	열거 가능(enumerable)		Frontend - JavaScript	12	CHOICE	MEDIUM	객체 프로퍼티 중 Object.keys에 포함되는지 여부를 제어하는 디스크립터 속성은?	enumerable은 프로퍼티가 열거 대상인지 결정합니다. true면 Object.keys, for...in 등에 나타날 수 있습니다(세부 규칙은 다를 수 있음). 면접에서는 “숨겨진 프로퍼티” 개념으로 질문이 나올 수 있습니다. 실무에서는 내부용 메타데이터를 일반 순회에서 제외하고 싶을 때 활용할 수 있습니다. 다만 팀원이 모르면 데이터가 “사라진 것처럼” 보여 혼란이 생기므로, 문서화와 사용 범위 통제가 중요합니다.		enumerable	TRUE	writable	FALSE	configurable	FALSE	immutable	FALSE	frontend	javascript	object	
Q189	게터/세터(Getter Setter)		Frontend - JavaScript	12	CHOICE	MEDIUM	객체 프로퍼티 접근 시 함수처럼 동작하게 만들 수 있는 기능으로 적절한 것은?	getter/setter는 프로퍼티 접근을 함수 호출처럼 동작하게 만들어 캡슐화에 도움을 줍니다. 값을 읽을 때 getter, 값을 쓸 때 setter가 실행됩니다. 면접에서는 클래스의 get/set 문법과 연결해 나올 수 있습니다. 실무에서는 계산된 값 제공, 입력 검증, 내부 상태 숨김 등에 사용되지만, 남발하면 “접근이 부수효과를 가진다”는 점 때문에 예측 가능성이 떨어질 수 있습니다. 따라서 핵심 도메인 값이나 프레임워크 내부에서 제한적으로 쓰는 것이 좋습니다.		getter/setter	TRUE	memoization	FALSE	currying	FALSE	hoisting	FALSE	frontend	javascript	oop	
Q190	for...in vs for...of		Frontend - JavaScript	12	CHOICE	MEDIUM	배열을 순회할 때 값(value) 중심 순회에 더 적절한 것은?	for...in은 객체의 키(프로퍼티 이름)를 순회하는 용도로 설계되었습니다. 배열에서 쓰면 인덱스가 문자열로 나오고, 프로토타입 확장에 영향을 받을 수 있습니다. for...of는 이터러블의 값을 순회하므로 배열/문자열/Map/Set에 적합합니다. 면접에서는 둘의 차이와 잘못 사용했을 때의 문제를 자주 묻습니다. 실무에서는 배열은 for...of 또는 배열 메서드(map/filter)를 쓰는 편이 안전합니다.		for...of	TRUE	for...in	FALSE	while(true)	FALSE	do...while	FALSE	frontend	javascript	loop	
Q191	이터러블(Iterable)		Frontend - JavaScript	12	CHOICE	MEDIUM	for...of로 순회 가능하게 만드는 프로토콜로, Symbol.iterator를 가진 객체를 무엇이라 하는가?	이터러블은 Symbol.iterator 메서드를 제공해 순회할 수 있는 객체입니다. 배열, 문자열, Map, Set 등이 대표적입니다. 면접에서는 이터러블과 이터레이터의 차이를 간단히 물을 수 있습니다. 실무에서는 스프레드(...), 구조분해, for...of 등 많은 문법이 이터러블에 의존합니다. 커스텀 컬렉션을 만들 때 이터러블을 구현하면 자연스러운 사용성을 얻을 수 있습니다. 다만 과도한 커스텀 구현은 유지보수 비용이 있으니 필요성을 따져야 합니다.		이터러블(Iterable)	TRUE	프로미스(Promise)	FALSE	클로저(Closure)	FALSE	모나드(Monad)	FALSE	frontend	javascript	protocol	
Q192	제너레이터(Generator)		Frontend - JavaScript	12	CHOICE	MEDIUM	function* 과 yield를 사용해 “중간에 멈췄다 재개”할 수 있는 함수 형태는?	제너레이터는 실행을 중간에 멈추고(yield) 다시 이어갈 수 있는 함수입니다. 호출하면 즉시 실행되지 않고 이터레이터 객체를 반환합니다. 면접에서는 async/await 이전에 비동기 흐름 제어(co 라이브러리 등)로 쓰였던 역사도 언급될 수 있습니다. 실무에서는 데이터 스트리밍, 단계적 계산, 커스텀 이터러블 구현에서 유용합니다. 다만 팀이 익숙하지 않으면 가독성이 떨어질 수 있어 사용 범위를 신중히 정해야 합니다.		제너레이터(Generator)	TRUE	클로저(Closure)	FALSE	호이스팅(Hoisting)	FALSE	메모이제이션(Memoization)	FALSE	frontend	javascript	function	
Q193	정적 메서드(static method)		Frontend - JavaScript	12	CHOICE	MEDIUM	class A { static f() {} } 에서 f의 호출 방식으로 올바른 것은?	static 메서드는 인스턴스가 아니라 클래스(생성자)에 붙습니다. 따라서 A.f()처럼 호출하고, new A().f()로는 호출할 수 없습니다. 면접에서는 static의 목적(공용 유틸, 팩토리)과 인스턴스 메서드 차이를 묻습니다. 실무에서는 유틸성 함수, 생성 로직 캡슐화(팩토리 메서드) 등에 활용합니다. 남발하면 전역 유틸처럼 변해 결합도가 올라갈 수 있으니 책임이 명확한 경우에만 사용하는 것이 좋습니다.		A.f()로 호출한다	TRUE	new A().f()로 호출한다	FALSE	f는 자동으로 전역 함수가 된다	FALSE	f는 인스턴스 생성 시마다 복사된다	FALSE	frontend	javascript	oop	
Q194	프라이빗 필드(#private)		Frontend - JavaScript	12	CHOICE	MEDIUM	class에서 #x 형태로 선언한 필드의 접근 특성으로 올바른 것은?	# 프라이빗 필드는 클래스 외부에서 직접 접근할 수 없습니다. 동일한 이름의 일반 프로퍼티(x)와는 완전히 다른 슬롯으로 취급됩니다. 면접에서는 “진짜 private냐”라는 질문으로 나올 수 있습니다. 실무에서는 캡슐화가 강해져 실수로 내부 상태를 건드리는 버그를 줄일 수 있습니다. 다만 트랜스파일/런타임 지원 범위를 확인해야 하고, 테스트/디버깅에서 접근이 어려워질 수 있어 설계 균형이 필요합니다.		클래스 외부에서 직접 접근할 수 없다	TRUE	객체 어디서나 obj["#x"]로 접근 가능하다	FALSE	#는 주석 문법이라 런타임에 무시된다	FALSE	#필드는 JSON.stringify에 자동 포함된다	FALSE	frontend	javascript	oop	
Q195	예외 타입(Error)		Frontend - JavaScript	12	CHOICE	MEDIUM	존재하지 않는 변수를 참조했을 때 일반적으로 발생하는 에러 타입은?	존재하지 않는 식별자를 참조하면 ReferenceError가 발생합니다. TypeError는 값의 타입이 기대와 다를 때(예: undefined를 함수처럼 호출) 자주 나옵니다. 면접에서는 에러 유형을 구분해 원인을 추론하는 능력을 확인합니다. 실무에서는 에러 메시지만 보고도 어떤 실수인지 빠르게 파악하는 것이 중요합니다. try/catch로 감싸기 전에 원인을 제거하는 코딩 습관(정적 분석, 타입 체크)이 더 효과적일 때가 많습니다.		ReferenceError	TRUE	TypeError	FALSE	SyntaxError	FALSE	RangeError	FALSE	frontend	javascript	error	
Q196	모듈 캐싱(Module Caching)		Frontend - JavaScript	12	CHOICE	MEDIUM	같은 모듈을 여러 번 import해도 한 번만 초기화되는 이유로 가장 적절한 것은?	ES Module은 모듈 단위로 로드/평가가 캐시됩니다. 동일한 모듈은 한 번 평가된 뒤 재사용되는 구조라, 초기화 코드가 반복 실행되지 않습니다. 면접에서는 “싱글턴처럼 보이는 이유”로 질문이 나올 수 있습니다. 실무에서는 모듈 최상위에서 부수효과(side effect)를 두면 예상치 못한 초기화 순서 문제가 생길 수 있어 주의해야 합니다. 또한 HMR(핫 리로드) 환경에서는 캐싱/재평가 방식이 달라질 수 있어 개발/운영 차이를 이해하는 것도 도움이 됩니다.		모듈은 로드/평가가 캐시되어 동일 모듈은 재사용되기 때문이다	TRUE	import는 매번 새 인스턴스를 강제로 만든다	FALSE	import는 네트워크 요청을 매번 다시 수행한다	FALSE	모듈 코드는 브라우저에서 실행되지 않는다	FALSE	frontend	javascript	module	
Q197	실행 컨텍스트(Execution Context)		Frontend - JavaScript	12	CHOICE	HARD	자바스크립트가 함수 호출을 처리할 때 “스코프/this/식별자 바인딩” 정보를 묶어 관리하는 단위를 무엇이라 하는가?	실행 컨텍스트는 자바스크립트 런타임이 코드를 실행하기 위해 필요한 환경 정보를 담는 논리적 단위입니다. 전역/함수/모듈 등 컨텍스트 종류가 있으며, 생성 단계에서 렉시컬 환경(Lexical Environment)과 this 바인딩 등이 준비됩니다. 면접에서는 “호이스팅이 왜 보이는가”, “스코프 체인은 어디에 저장되는가” 같은 질문으로 연결됩니다. 실무에서는 디버깅 시 콜 스택에 쌓이는 프레임과 스코프가 어떤 구조로 관리되는지 이해하면 원인 파악이 빨라집니다. 특히 클로저/this 혼동/호이스팅 버그를 구조적으로 설명할 수 있다는 점이 강점이 됩니다.		실행 컨텍스트(Execution Context)	TRUE	이벤트 루프(Event Loop)	FALSE	가비지 컬렉션(Garbage Collection)	FALSE	프로토타입(Prototype)	FALSE	frontend	javascript	runtime	
Q198	렉시컬 환경(Lexical Environment)		Frontend - JavaScript	12	CHOICE	HARD	스코프 체인과 식별자(변수/함수) 바인딩을 저장하는 내부 구조로 가장 적절한 것은?	렉시컬 환경은 환경 레코드(Environment Record)와 외부 렉시컬 환경 참조로 구성되어 스코프 체인을 형성합니다. 함수가 어디에 “선언”되었는지(렉시컬) 기준으로 외부 환경이 결정됩니다. 면접에서는 클로저가 외부 변수를 유지하는 이유를 렉시컬 환경 참조로 설명할 수 있어야 합니다. 실무에서는 중첩 함수가 많거나, 콜백이 깊어질 때 변수 캡처가 의도대로 되는지 확인하는 데 도움이 됩니다. 또한 블록 스코프(let/const)와 함수 스코프(var)의 차이를 더 정교하게 설명할 수 있습니다.		렉시컬 환경(Lexical Environment)	TRUE	태스크 큐(Task Queue)	FALSE	렌더 트리(Render Tree)	FALSE	힙(Heap)	FALSE	frontend	javascript	scope	
Q199	환경 레코드(Environment Record)		Frontend - JavaScript	12	CHOICE	HARD	스코프 내 식별자 바인딩(변수/함수/매개변수 등)이 실제로 저장되는 구성 요소는?	환경 레코드는 렉시컬 환경 내부에서 “이름 → 값/참조” 매핑을 관리하는 부분입니다. 전역 환경 레코드, 함수 환경 레코드, 모듈 환경 레코드 등 종류에 따라 동작이 달라질 수 있습니다. 면접에서는 let/const가 TDZ를 갖는 이유나, 함수 선언/변수 선언의 처리 순서를 설명할 때 핵심 개념입니다. 실무에서는 스코프/호이스팅 관련 버그를 디버깅할 때, 엔진이 식별자를 어떻게 등록하는지 이해하면 혼동이 줄어듭니다. 특히 동일 이름 충돌, 섀도잉(shadowing) 문제를 설명할 때 유용합니다.		환경 레코드(Environment Record)	TRUE	프로토타입 체인(Prototype Chain)	FALSE	마이크로태스크 큐(Microtask Queue)	FALSE	렌더 큐(Render Queue)	FALSE	frontend	javascript	scope	
Q200	TDZ(Temporal Dead Zone) 심화		Frontend - JavaScript	12	CHOICE	HARD	다음 중 TDZ로 인해 ReferenceError가 발생할 가능성이 가장 높은 코드는?	TDZ는 let/const/class 바인딩이 “선언은 되었지만 초기화 전”인 구간입니다. 이 구간에서 해당 식별자를 읽으면 ReferenceError가 납니다. 면접에서는 var의 undefined와 대비해 TDZ가 왜 안전장치인지 자주 묻습니다. 실무에서는 선언 이전 사용을 피하고, 블록 스코프 안에서 변수 순서를 명확히 두면 TDZ 관련 버그를 예방할 수 있습니다. 또한 번들링/모듈 순환 의존에서 TDZ 성격이 드러나는 경우가 있어 모듈 구조 설계가 중요합니다.		console.log(x); let x = 1;	TRUE	var x; console.log(x);	FALSE	let x = 1; console.log(x);	FALSE	const x = 1; console.log(x);	FALSE	frontend	javascript	scope	
Q201	호이스팅(Hoisting) 우선순위		Frontend - JavaScript	12	CHOICE	HARD	같은 스코프에서 함수 선언과 var 선언이 충돌할 때, 일반적으로 식별자 바인딩은 어떻게 초기화되는가?	함수 선언은 생성 단계에서 함수 객체로 초기화되는 반면, var는 undefined로 초기화됩니다. 같은 이름이면 함수 선언이 먼저 바인딩되어 보이는 경우가 많습니다. 면접에서는 “왜 함수가 먼저 보이나”와 함께, 블록 스코프 함수 선언의 미묘한 차이(엄격 모드/브라우저 차이)까지 확장될 수 있습니다. 실무에서는 이런 충돌 자체가 가독성과 디버깅을 망치므로, 동일 이름을 피하는 규칙이 중요합니다. 특히 레거시 코드에서 충돌이 있으면 동작이 환경마다 다르게 보일 수 있어 위험합니다.		함수 선언이 먼저 함수 객체로 바인딩되고 var는 undefined로 초기화된다	TRUE	var가 먼저 0으로 초기화되고 함수는 나중에 덮어쓴다	FALSE	둘 다 TDZ에 들어가 ReferenceError가 난다	FALSE	항상 런타임에만 결정되어 예측 불가다	FALSE	frontend	javascript	hoisting	
Q202	함수 선언 vs 함수 표현식		Frontend - JavaScript	12	CHOICE	HARD	“선언 이전에 호출 가능” 여부 관점에서 함수 선언과 함수 표현식의 차이로 가장 적절한 것은?	함수 선언은 생성 단계에서 함수 객체가 만들어져 호출이 가능합니다. 반면 함수 표현식은 변수에 할당되는 시점까지 값이 없을 수 있어, 선언(할당) 이전 호출 시 TypeError/ReferenceError가 날 수 있습니다. 면접에서는 var로 선언한 함수 표현식이 undefined였다가 나중에 함수가 되는 과정을 묻기도 합니다. 실무에서는 함수 표현식을 많이 쓰지만, 호출 위치를 명확히 하고 순서를 지키면 안전합니다. 또한 모듈화/테스트 관점에서 export 구조와 함께 선택하는 경우가 많습니다.		함수 선언은 호출 가능하지만 함수 표현식은 할당 전 호출이 불가할 수 있다	TRUE	함수 표현식은 항상 선언보다 먼저 호출 가능하다	FALSE	둘 다 TDZ에 걸려 무조건 ReferenceError가 난다	FALSE	둘 다 var처럼 undefined로 초기화된다	FALSE	frontend	javascript	function	
Q203	프로토타입 디스크립터(writable)		Frontend - JavaScript	12	CHOICE	HARD	Object.defineProperty로 writable을 false로 설정했을 때 일반적으로 기대되는 동작은?	writable: false는 해당 데이터 프로퍼티의 값 변경을 막습니다. 비엄격 모드에서는 조용히 실패할 수 있고, strict mode에서는 TypeError가 날 수 있습니다. 면접에서는 strict mode 차이를 함께 물어볼 수 있습니다. 실무에서는 라이브러리 내부에서 불변에 가까운 API를 만들거나, 실수로 값이 바뀌는 것을 방지하기 위해 사용될 수 있습니다. 다만 디스크립터를 과도하게 조작하면 디버깅이 어려워지므로 목적이 분명한 경우에만 사용하는 것이 좋습니다.		값 재할당이 막히며 strict mode에서는 에러가 날 수 있다	TRUE	프로퍼티가 Object.keys에서 자동으로 사라진다	FALSE	프로퍼티가 깊은 복사되어 독립적으로 바뀐다	FALSE	프로퍼티 접근 시마다 getter로 바뀐다	FALSE	frontend	javascript	object	
Q204	getter/setter와 디스크립터		Frontend - JavaScript	12	CHOICE	HARD	접근자 프로퍼티(accessor property)에 대한 설명으로 올바른 것은?	접근자 프로퍼티는 value/writable 대신 get/set 함수를 통해 값을 제공하거나 변경을 제어합니다. 디스크립터 구조가 데이터 프로퍼티와 다릅니다. 면접에서는 “value와 get을 동시에 둘 수 있는가” 같은 함정 질문이 나올 수 있습니다. 실무에서는 계산된 값을 제공하거나 검증을 강제할 때 유용하지만, 접근이 부수효과를 가지면 예측 가능성이 떨어질 수 있어 제한적으로 써야 합니다. 또한 성능 민감 구간에서 getter가 무거운 연산을 하면 지연이 생길 수 있습니다.		value 대신 get/set으로 동작하며 value와 get을 동시에 쓰지 않는다	TRUE	항상 enumerable이 false로 강제된다	FALSE	JSON.stringify가 자동으로 getter를 실행해 결과를 저장한다	FALSE	setter는 데이터 프로퍼티에서만 가능하다	FALSE	frontend	javascript	object	
Q205	프로미스 상태(thenable)		Frontend - JavaScript	12	CHOICE	HARD	Promise.resolve(x)가 x를 처리할 때, x가 then 메서드를 가진 객체(thenable)라면 일반적으로 어떤 동작을 하는가?	Promise.resolve는 단순히 값을 감싸는 것 같지만, thenable이면 “동화(assimilation)” 규칙에 따라 then을 호출해 그 결과를 따릅니다. 면접에서는 thenable과 실제 Promise 차이를 묻거나, 라이브러리 호환성 문제로 질문이 나올 수 있습니다. 실무에서는 외부 라이브러리가 반환하는 thenable을 Promise 체인에 자연스럽게 편입시키는 데 도움이 됩니다. 다만 then 구현이 이상하면 예상치 못한 동작이 생길 수 있어, 신뢰할 수 없는 thenable을 다룰 땐 주의가 필요합니다.		then을 호출해 그 결과를 따르며 Promise처럼 동작하도록 동화한다	TRUE	thenable은 무시하고 그냥 값으로 resolve한다	FALSE	무조건 reject로 처리한다	FALSE	즉시 동기적으로 결과를 반환한다	FALSE	frontend	javascript	promise	
Q206	마이크로태스크 기아(Starvation)		Frontend - JavaScript	12	CHOICE	HARD	마이크로태스크를 과도하게 계속 등록하면 발생할 수 있는 문제로 가장 적절한 것은?	마이크로태스크는 다음 매크로태스크로 넘어가기 전에 우선 처리되는 경향이 있습니다. 따라서 계속 마이크로태스크를 추가하면 렌더링이나 사용자 입력 처리 같은 매크로태스크/프레임 작업이 지연될 수 있습니다. 면접에서는 이벤트 루프 우선순위와 함께 “왜 화면이 안 그려지나” 같은 문제로 연결됩니다. 실무에서는 무한 then 체인, 큐 기반 재귀가 이런 문제를 만들 수 있어 주의해야 합니다. 긴 작업은 적절히 매크로태스크로 양보하거나(예: setTimeout), 작업을 쪼개 UI 프레임을 보장하는 설계가 중요합니다.		렌더링/입력 처리가 지연되는 마이크로태스크 기아가 생길 수 있다	TRUE	마이크로태스크는 1개만 실행되고 나머지는 버려진다	FALSE	브라우저가 자동으로 모든 마이크로태스크를 매크로태스크로 바꾼다	FALSE	GC가 즉시 강제 실행되어 성능이 좋아진다	FALSE	frontend	javascript	async	
Q207	Promise.any vs Promise.race		Frontend - JavaScript	12	CHOICE	HARD	Promise.any에 대한 설명으로 가장 올바른 것은?	Promise.any는 “성공한 것” 중 가장 먼저 resolve된 값을 반환합니다. 모두 실패하면 AggregateError로 reject됩니다. race는 성공/실패 상관없이 가장 먼저 끝난 결과로 결정됩니다. 면접에서는 이 차이를 정확히 구분하는지 자주 묻습니다. 실무에서는 여러 대체 자원 중 “성공하는 것만” 빨리 가져오고 싶을 때 any가 유용합니다. 다만 브라우저 지원과 실패 전략(모두 실패 시 처리)을 함께 고려해야 합니다.		가장 먼저 resolve된 값을 반환하고 모두 reject되면 AggregateError가 난다	TRUE	가장 먼저 완료된(성공/실패) 결과로 결정된다	FALSE	하나라도 reject되면 즉시 reject된다	FALSE	입력 순서대로 항상 첫 번째 결과만 반환한다	FALSE	frontend	javascript	promise	
Q208	AggregateError(AggregateError)		Frontend - JavaScript	12	CHOICE	HARD	여러 Promise 실패를 묶어 에러로 전달하는 경우와 가장 관련 깊은 것은?	AggregateError는 복수의 에러를 한 번에 표현하는 에러 타입입니다. Promise.any가 “모두 실패”한 경우 대표적으로 AggregateError로 reject됩니다. 면접에서는 any의 실패 케이스를 알고 있는지 확인할 수 있습니다. 실무에서는 여러 후보 요청이 모두 실패했을 때 원인 정보를 묶어 로깅/리포팅하기 좋습니다. 다만 사용자에게는 너무 많은 내부 정보를 노출하지 않도록, 에러 메시지 정제와 분리된 로깅 전략이 필요합니다.		Promise.any에서 모두 실패했을 때	TRUE	Promise.race가 성공했을 때	FALSE	JSON.parse가 실패했을 때	FALSE	setTimeout이 지연될 때	FALSE	frontend	javascript	error	
Q209	이벤트 루프와 requestAnimationFrame		Frontend - JavaScript	12	CHOICE	HARD	브라우저 렌더링 프레임에 맞춰 콜백을 실행해 애니메이션을 부드럽게 만드는 API는?	requestAnimationFrame은 브라우저의 페인팅 사이클에 맞춰 콜백을 실행합니다. setInterval보다 프레임 동기화에 유리하고, 탭이 비활성화되면 호출이 줄어드는 최적화도 기대할 수 있습니다. 면접에서는 “왜 setInterval보다 rAF가 애니메이션에 적합한가”를 자주 묻습니다. 실무에서는 스크롤/드래그 기반 애니메이션이나 캔버스 렌더링에서 필수에 가깝습니다. 다만 레이아웃 읽기/쓰기 순서를 잘못 짜면 리플로우 비용이 커질 수 있어, 프레임 내 작업량을 관리하는 것이 중요합니다.		requestAnimationFrame	TRUE	requestIdleCallback	FALSE	queueMicrotask	FALSE	setImmediate	FALSE	frontend	javascript	performance	
Q210	requestIdleCallback 한계		Frontend - JavaScript	12	CHOICE	HARD	requestIdleCallback을 사용할 때 주의할 점으로 가장 적절한 것은?	requestIdleCallback은 브라우저가 한가할 때 콜백을 실행합니다. 하지만 “언제 idle이 되는지”는 보장되지 않으며, 중요한 UI 로직을 맡기면 실행이 지연될 수 있습니다. 면접에서는 rAF와 비교해 어떤 작업에 적절한지 묻습니다. 실무에서는 프리페치, 분석 로깅, 비긴급 캐시 작업에 쓰기 좋습니다. 다만 지원 여부가 환경마다 다를 수 있어 폴백 전략(setTimeout 등)을 고려해야 합니다.		실행 시점이 보장되지 않아 중요한 작업에는 부적절할 수 있다	TRUE	항상 다음 프레임 전에 무조건 실행된다	FALSE	DOM 업데이트를 즉시 커밋하는 데 가장 적합하다	FALSE	마이크로태스크보다 우선순위가 높아 렌더를 막는다	FALSE	frontend	javascript	browser	
Q211	메모리 모델과 WeakRef		Frontend - JavaScript	12	CHOICE	HARD	WeakRef에 대한 설명으로 올바른 것은?	WeakRef는 객체에 대한 “약한 참조”를 만들고, GC 대상이 되면 deref()가 undefined를 반환할 수 있습니다. 면접에서는 WeakMap과 함께 “왜/언제 필요하나”로 질문이 나올 수 있습니다. 실무에서는 캐시나 메타데이터에서 객체 수명을 방해하지 않도록 설계할 때 도움이 됩니다. 다만 GC 타이밍이 비결정적이라 로직을 WeakRef에 의존해 결정하면 예측 불가능해질 수 있습니다. 따라서 성능 최적화나 부가 기능에 제한적으로 사용하는 것이 안전합니다.		약한 참조를 제공하며 GC 후 deref가 undefined가 될 수 있다	TRUE	강한 참조라 객체 수명을 항상 연장한다	FALSE	DOM을 직접 조작하는 API다	FALSE	객체를 깊은 복사해 독립 인스턴스를 만든다	FALSE	frontend	javascript	memory	
Q212	구조화된 복제와 Transferable		Frontend - JavaScript	12	CHOICE	HARD	Web Worker로 큰 ArrayBuffer를 보낼 때 “복사 비용을 줄이기 위해 소유권을 이동”시키는 개념은?	Worker와 메인 스레드 사이 메시지 전달은 기본적으로 복사 비용이 발생할 수 있습니다. Transferable(전달 가능 객체)을 사용하면 ArrayBuffer 같은 데이터의 소유권을 이동시켜 복사 없이 전달할 수 있습니다. 면접에서는 “왜 복사가 느린가”와 함께 transferable의 효과를 묻기도 합니다. 실무에서는 대용량 바이너리 처리(이미지/오디오/파일)에서 성능 차이가 크게 납니다. 다만 소유권 이동 후 원본 버퍼가 비워지는(detach) 특성이 있어, 이후에 원본을 쓰지 않도록 흐름을 설계해야 합니다.		Transferable(소유권 이동)	TRUE	Tree Shaking(트리 쉐이킹)	FALSE	Polyfill(폴리필)	FALSE	Debounce(디바운스)	FALSE	frontend	javascript	performance	
Q213	프록시(Proxy)와 트랩(trap)		Frontend - JavaScript	12	CHOICE	HARD	Proxy로 객체 접근을 가로채는 함수(get/set 등)를 무엇이라 하는가?	Proxy는 객체의 동작을 가로채 커스터마이징할 수 있습니다. get/set/apply/construct 같은 트랩(trap)으로 접근/호출을 인터셉트합니다. 면접에서는 리액티브 시스템(Vue 등)이 내부적으로 어떤 아이디어를 쓰는지 질문이 나올 수 있습니다. 실무에서는 관찰/검증/로깅, 가상화된 API 구현에 유용하지만, 디버깅이 어려워지고 성능 비용이 생길 수 있습니다. 또한 JSON 직렬화나 라이브러리 호환에서 예상치 못한 문제가 생길 수 있어 제한적으로 적용하는 것이 좋습니다.		트랩(trap)	TRUE	디스크립터(descriptor)	FALSE	바벨(babel)	FALSE	태스크(task)	FALSE	frontend	javascript	meta-programming	
Q214	Reflect(Reflect API)		Frontend - JavaScript	12	CHOICE	HARD	Proxy 트랩 구현에서 기본 동작을 위임할 때 자주 사용하는 표준 API는?	Reflect는 객체 연산(get/set/has/apply/construct 등)을 함수 형태로 제공합니다. Proxy 트랩에서 기본 동작을 유지하고 싶을 때 Reflect.get 같은 형태로 위임하는 패턴이 흔합니다. 면접에서는 “왜 Reflect를 쓰나”를 물을 수 있는데, return 값 처리나 일관된 예외 처리 측면에서 유용합니다. 실무에서는 프록시 구현을 안전하게 만들고, 기본 동작과 커스텀 동작을 섞을 때 도움이 됩니다. 다만 과도한 메타프로그래밍은 팀 생산성을 떨어뜨릴 수 있어, 적용 범위를 명확히 정해야 합니다.		Reflect	TRUE	RegExp	FALSE	Response	FALSE	Redux	FALSE	frontend	javascript	meta-programming	
Q215	심벌(Symbol)과 well-known symbols		Frontend - JavaScript	12	CHOICE	HARD	객체를 for...of로 순회 가능하게 만들기 위해 구현해야 하는 well-known symbol은?	for...of는 이터러블 프로토콜에 의존하며, Symbol.iterator를 통해 이터레이터를 얻습니다. 이 심벌은 well-known symbol로 표준에 정의되어 있습니다. 면접에서는 “이터러블과 이터레이터 차이”와 함께 자주 출제됩니다. 실무에서는 커스텀 컬렉션을 표준 문법(스프레드, 구조분해)과 자연스럽게 호환시키고 싶을 때 사용합니다. 다만 심벌 키는 기본적으로 열거가 제한적일 수 있어, 디버깅/직렬화 정책을 함께 고려해야 합니다.		Symbol.iterator	TRUE	Symbol.asyncIterator	FALSE	Symbol.toStringTag	FALSE	Symbol.hasInstance	FALSE	frontend	javascript	protocol	
Q216	Symbol.hasInstance		Frontend - JavaScript	12	CHOICE	HARD	instanceof 연산자의 동작을 커스터마이징할 수 있게 해주는 well-known symbol은?	instanceof는 기본적으로 프로토타입 체인을 검사하지만, Symbol.hasInstance를 구현하면 그 동작을 커스터마이징할 수 있습니다. 면접에서는 메타프로그래밍 관점에서 “연산자 오버라이딩”에 가까운 질문으로 나올 수 있습니다. 실무에서는 흔치 않지만, 도메인 객체 판별을 유연하게 만들거나 프록시/래퍼 타입에서 유용할 수 있습니다. 다만 남용하면 타입 판별이 직관을 잃어 디버깅이 어려워질 수 있으니 팀 규칙이 필요합니다. 보통은 명시적 판별 함수(isX)로 해결하는 편이 유지보수에 유리합니다.		Symbol.hasInstance	TRUE	Symbol.match	FALSE	Symbol.toPrimitive	FALSE	Symbol.species	FALSE	frontend	javascript	meta-programming	
Q217	Symbol.toPrimitive(Symbol.toPrimitive)		Frontend - JavaScript	12	CHOICE	HARD	객체가 숫자/문자열 등 원시값으로 변환될 때의 동작을 커스터마이징하는 well known symbol은?	자바스크립트는 + 연산이나 템플릿 문자열 등에서 객체를 원시값으로 변환하려고 합니다. 이때 Symbol.toPrimitive가 있으면 힌트(hint)에 따라 반환 값을 제어할 수 있습니다. 면접에서는 valueOf/toString과의 우선순위 차이를 묻기도 합니다. 실무에서는 사용자 정의 타입을 숫자처럼 다루거나, 로그 출력 형식을 통제할 때 활용될 수 있습니다. 다만 암묵적 변환을 커스터마이즈하면 읽는 사람이 예측하기 어려워질 수 있어, 명시적 메서드를 제공하는 방식이 더 안전한 경우가 많습니다.		Symbol.toPrimitive	TRUE	Symbol.iterator	FALSE	Symbol.hasInstance	FALSE	Symbol.matchAll	FALSE	frontend	javascript	meta-programming	
Q218	Symbol.species(Symbol.species)		Frontend - JavaScript	12	CHOICE	HARD	Array를 상속한 클래스에서 map/filter 결과로 생성되는 생성자를 제어하는 well known symbol은?	내장 객체를 상속하면 map/filter 같은 메서드가 “어떤 생성자”로 결과를 만들지 결정해야 합니다. Symbol.species는 이 반환 생성자를 커스터마이징할 수 있게 해줍니다. 면접에서는 내장 객체 상속의 함정 질문으로 나올 수 있습니다. 실무에서는 거의 쓰지 않지만, 라이브러리에서 컬렉션 타입을 확장할 때 결과 타입을 제어해야 하는 상황이 생길 수 있습니다. 다만 내장 객체 상속은 예상치 못한 동작과 호환성 문제를 만들 수 있어 신중해야 합니다.		Symbol.species	TRUE	Symbol.toStringTag	FALSE	Symbol.asyncIterator	FALSE	Symbol.replace	FALSE	frontend	javascript	meta-programming	
Q219	Symbol.toStringTag(Symbol.toStringTag)		Frontend - JavaScript	12	CHOICE	HARD	Object.prototype.toString.call(obj) 결과의 태그 문자열을 커스터마이징하는 symbol은?	Object.prototype.toString은 내부 [[Class]] 태그처럼 보이는 문자열을 반환합니다. Symbol.toStringTag를 정의하면 이 결과를 바꿀 수 있습니다. 면접에서는 타입 판별(특히 iframe 이슈)과 관련해 등장할 수 있습니다. 실무에서는 디버깅/로깅에서 객체 타입을 보기 좋게 만들거나, 라이브러리 객체를 더 명확히 표기할 때 활용됩니다. 다만 과도하게 꾸미면 실제 타입을 오해하게 만들 수 있으니 일관된 규칙이 필요합니다.		Symbol.toStringTag	TRUE	Symbol.unscopables	FALSE	Symbol.iterator	FALSE	Symbol.hasInstance	FALSE	frontend	javascript	meta-programming	
Q220	Symbol.unscopables(Symbol.unscopables)		Frontend - JavaScript	12	CHOICE	HARD	with 문에서 특정 프로퍼티가 스코프에 포함되지 않도록 제어하는 symbol은?	Symbol.unscopables는 with 문에서 특정 키를 스코프 바인딩으로 노출하지 않도록 합니다. Array의 일부 메서드가 with에서 제외되는 것도 이 메커니즘과 관련이 있습니다. 면접에서는 “with는 왜 지양하나”와 함께 심화로 나올 수 있습니다. 실무에서는 거의 쓰지 않지만, 언어 사양을 깊이 이해했는지 확인하는 단골 심화 주제입니다. with 자체가 디버깅과 최적화를 망치기 때문에, 원칙적으로 사용하지 않는 것이 좋습니다.		Symbol.unscopables	TRUE	Symbol.toPrimitive	FALSE	Symbol.species	FALSE	Symbol.isConcatSpreadable	FALSE	frontend	javascript	meta-programming	
Q221	Symbol.isConcatSpreadable(Symbol.isConcatSpreadable)		Frontend - JavaScript	12	CHOICE	HARD	배열이 아닌 객체가 concat 시 펼쳐지도록(또는 배열이 펼쳐지지 않도록) 제어하는 symbol은?	concat은 기본적으로 배열을 평탄화해 합칩니다. Symbol.isConcatSpreadable을 설정하면 배열처럼 펼칠지 여부를 제어할 수 있습니다. 면접에서는 심벌을 이용한 내장 동작 커스터마이징 예시로 나올 수 있습니다. 실무에서는 거의 드물지만, 배열 유사 객체를 라이브러리에서 다룰 때 유용할 수 있습니다. 다만 이런 커스터마이징은 코드 가독성을 떨어뜨릴 수 있으니, 명시적 변환(Array.from 등)을 선호하는 편이 안전합니다.		Symbol.isConcatSpreadable	TRUE	Symbol.iterator	FALSE	Symbol.toStringTag	FALSE	Symbol.match	FALSE	frontend	javascript	meta-programming	
Q222	프라미스 훅(queueMicrotask)		Frontend - JavaScript	12	CHOICE	HARD	콜백을 마이크로태스크로 예약하는 표준 API로 가장 적절한 것은?	queueMicrotask는 콜백을 마이크로태스크 큐에 넣습니다. Promise.then과 비슷한 우선순위를 갖지만, 의도를 더 명확히 드러낼 수 있습니다. 면접에서는 이벤트 루프/우선순위 질문에서 자주 등장합니다. 실무에서는 짧은 후속 작업을 “현재 콜스택 종료 직후” 실행하고 싶을 때 유용합니다. 다만 마이크로태스크를 과도하게 쌓으면 렌더링이 지연될 수 있어, 작업량과 빈도를 관리해야 합니다.		queueMicrotask	TRUE	requestAnimationFrame	FALSE	setInterval	FALSE	requestIdleCallback	FALSE	frontend	javascript	async	
Q223	AbortSignal.any(AbortSignal.any)		Frontend - JavaScript	12	CHOICE	HARD	여러 AbortSignal 중 하나라도 abort되면 함께 취소되게 결합하는 API로 올바른 것은?	AbortSignal.any는 여러 시그널을 결합해 “하나라도 취소되면 취소”되는 신호를 만들 수 있습니다(환경 지원 여부는 확인 필요). 면접에서는 AbortController 패턴 심화로 나올 수 있습니다. 실무에서는 사용자 취소 + 타임아웃 취소를 동시에 지원하는 설계에 도움이 됩니다. 다만 지원이 제한된 런타임이 있을 수 있어, 폴백(직접 abort 연동) 전략을 고려해야 합니다. 취소는 UX와 리소스 절약에 매우 중요하므로, 구조적으로 잘 설계하면 품질이 올라갑니다.		AbortSignal.any	TRUE	AbortController.all	FALSE	AbortSignal.race	FALSE	AbortController.merge	FALSE	frontend	javascript	async	
Q224	Promise.withResolvers(Promise.withResolvers)		Frontend - JavaScript	12	CHOICE	HARD	resolve/reject 함수를 외부로 노출해 “디퍼드(Deferred) 패턴”을 만들 수 있는 최신 Promise API는?	일부 런타임에서 Promise.withResolvers는 { promise, resolve, reject } 형태를 제공해 디퍼드 패턴을 더 안전하게 만들 수 있습니다(지원 범위 확인 필요). 면접에서는 “deferred는 왜 위험할 수 있나”로 확장될 수 있습니다. 실무에서는 이벤트 기반을 Promise로 감쌀 때 유용하지만, resolve/reject가 외부에 노출되면 제어 흐름이 흐려지고 메모리 누수/미해결 promise가 생길 위험이 있습니다. 따라서 타임아웃/정리 로직과 함께 사용해야 합니다. 가능하면 명시적 래퍼 함수로 캡슐화하는 것이 좋습니다.		Promise.withResolvers	TRUE	Promise.defer	FALSE	Promise.createDeferred	FALSE	Promise.newResolvers	FALSE	frontend	javascript	promise	
Q225	AsyncLocalStorage(AsyncLocalStorage)		Frontend - JavaScript	12	CHOICE	HARD	Node.js 환경에서 비동기 흐름별 컨텍스트(요청 단위 trace 등)를 저장하는 데 쓰이는 대표 도구는?	AsyncLocalStorage는 Node.js에서 비동기 호출 체인에 걸쳐 컨텍스트를 유지하는 데 사용됩니다. 면접에서는 프론트 JS가 아니라도 “JS 런타임 심화”로 나올 수 있습니다. 실무에서는 요청별 로깅, 트레이싱, correlation id 전달 등 관측성(Observability)에 중요합니다. 다만 잘못 쓰면 컨텍스트가 새거나, 성능 오버헤드가 생길 수 있어 신중한 적용이 필요합니다. 프론트에서도 유사 개념을 직접 구현할 순 없지만, 서버와의 트레이싱 연동 이해에 도움이 됩니다.		AsyncLocalStorage	TRUE	Zone.js	FALSE	LocalStorage	FALSE	CLSHook	FALSE	frontend	javascript	runtime	
Q226	이터레이터 프로토콜(Iterator Protocol)		Frontend - JavaScript	12	CHOICE	HARD	이터레이터 객체가 next() 호출 시 반환해야 하는 형태로 가장 적절한 것은?	이터레이터의 next()는 { value, done } 형태의 객체를 반환합니다. done이 true면 순회가 종료됩니다. 면접에서는 이터러블과 이터레이터를 구분해 설명하는 문제로 자주 출제됩니다. 실무에서는 커스텀 순회 로직을 만들 때, 표준 프로토콜을 따르면 스프레드/구조분해/for...of와 자연스럽게 호환됩니다. 다만 직접 구현은 보일러플레이트가 많아 제너레이터를 활용하는 것이 더 간결한 경우가 많습니다. 프로토콜 이해는 라이브러리 내부 동작을 파악하는 데도 도움이 됩니다.		{ value: 어떤값, done: boolean }	TRUE	{ key: 어떤값, end: boolean }	FALSE	[value, done] 튜플	FALSE	done만 반환하면 된다	FALSE	frontend	javascript	protocol	
Q227	Async Iterator(Symbol.asyncIterator)		Frontend - JavaScript	12	CHOICE	HARD	for await...of가 의존하는 well known symbol은?	비동기 이터레이션은 Symbol.asyncIterator를 통해 구현됩니다. for await...of는 async iterator에서 next()를 호출하고 Promise를 await합니다. 면접에서는 스트림/이벤트 기반 데이터를 순차적으로 처리하는 예시로 나올 수 있습니다. 실무에서는 Node.js 스트림, 웹 스트림(Web Streams) 또는 이벤트 스트림을 우아하게 처리하는 데 유용합니다. 다만 브라우저/Node 지원 범위와, 예외/취소 처리(early break 시 cleanup)까지 고려해야 안전합니다. 비동기 반복은 코드를 깔끔하게 만들지만, 디버깅이 어려울 수 있어 로깅 전략이 필요합니다.		Symbol.asyncIterator	TRUE	Symbol.iterator	FALSE	Symbol.matchAll	FALSE	Symbol.toPrimitive	FALSE	frontend	javascript	async	
Q228	제너레이터 return과 done		Frontend - JavaScript	12	CHOICE	HARD	제너레이터에서 return으로 값을 반환하면 이터레이션 결과에 어떤 변화가 생기는가?	제너레이터에서 return 값은 마지막 next() 결과의 value로 노출되고 done이 true가 됩니다. 면접에서는 yield와 return의 역할 차이를 묻기도 합니다. 실무에서는 반복을 종료하면서 최종 결과를 전달하고 싶을 때 유용하지만, for...of는 done true가 되면 종료하므로 return value를 직접 받기 어렵습니다(직접 next 호출 필요). 이 차이를 이해하면 “왜 마지막 값이 안 보이나” 같은 혼동을 줄일 수 있습니다. 또한 try/finally와 결합해 종료 시 정리 로직을 보장하는 패턴도 중요합니다.		done이 true가 되고 마지막 value로 return 값이 노출될 수 있다	TRUE	return 값은 항상 무시되고 done은 false다	FALSE	return을 쓰면 yield가 자동으로 반복된다	FALSE	return은 문법 오류다	FALSE	frontend	javascript	function	
Q229	프로토타입 체인과 속성 조회		Frontend - JavaScript	12	CHOICE	HARD	obj.hasOwnProperty("x")가 false인데 obj.x가 값으로 평가될 수 있는 이유로 가장 적절한 것은?	프로퍼티 조회는 먼저 객체 자신(own property)을 확인하고, 없으면 프로토타입 체인을 따라 올라가며 찾습니다. 그래서 own property가 아니어도 값이 존재할 수 있습니다. 면접에서는 hasOwnProperty와 in 연산자의 차이로 확장됩니다. 실무에서는 프로토타입 오염(Prototype Pollution) 이슈를 방지하기 위해 “자신의 속성만” 순회/검증하는 습관이 중요합니다. Object.create(null) 같은 안전한 딕셔너리 패턴도 이 맥락에서 등장합니다. 체인 기반 조회를 이해하면 상속 기반 설계와 버그 추적이 쉬워집니다.		프로토타입 체인에 x가 존재해 조회될 수 있기 때문이다	TRUE	자바스크립트가 자동으로 x를 생성해 주기 때문이다	FALSE	hasOwnProperty는 항상 랜덤하게 false가 된다	FALSE	strict mode에서는 프로토타입을 보지 않는다	FALSE	frontend	javascript	object	
Q230	in 연산자(in operator)		Frontend - JavaScript	12	CHOICE	HARD	"x" in obj 가 hasOwnProperty와 다른 점으로 가장 적절한 것은?	in 연산자는 프로토타입 체인까지 포함해 해당 키가 존재하는지 확인합니다. 반면 hasOwnProperty는 객체 자신의 속성만 봅니다. 면접에서는 안전한 속성 검사로 자주 출제됩니다. 실무에서는 사용자 입력 객체를 검증할 때 in을 쓰면 프로토타입 오염된 키가 “존재하는 것처럼” 보일 수 있어 위험합니다. 따라서 검증에는 Object.prototype.hasOwnProperty.call(obj, key) 같은 패턴을 선호합니다. 이 차이를 알면 보안 사고를 예방할 수 있습니다.		in은 프로토타입 체인까지 포함해 존재 여부를 본다	TRUE	in은 객체 자신의 속성만 본다	FALSE	hasOwnProperty는 프로토타입까지 포함한다	FALSE	둘은 항상 동일하다	FALSE	frontend	javascript	security	
Q231	Object.create(null)		Frontend - JavaScript	12	CHOICE	HARD	Object.create(null)로 만든 객체의 특징으로 올바른 것은?	Object.create(null)은 프로토타입이 없는 “순수 딕셔너리” 객체를 만듭니다. 따라서 toString, hasOwnProperty 같은 메서드가 기본으로 존재하지 않습니다. 면접에서는 프로토타입 오염 방어 관점에서 질문이 나올 수 있습니다. 실무에서는 사용자 입력 키를 그대로 맵에 넣는 경우, proto 같은 키로 인한 오염을 피하기 위해 사용되기도 합니다. 다만 내장 메서드가 없어서 Object.prototype.hasOwnProperty.call 같은 호출 패턴이 필요합니다. 타입스크립트에서도 타입 정의를 신경 써야 합니다.		프로토타입이 없어 기본 메서드가 없다	TRUE	항상 Map보다 빠르다	FALSE	JSON.stringify가 동작하지 않는다	FALSE	배열 메서드를 모두 가진다	FALSE	frontend	javascript	security	
Q232	프로토타입 오염(Prototype Pollution)		Frontend - JavaScript	12	CHOICE	HARD	사용자 입력을 객체 병합(Object.assign 등)할 때 proto 같은 키로 전역 객체 동작이 변하는 취약점을 무엇이라 하는가?	프로토타입 오염은 공격자가 특정 키(proto, constructor.prototype 등)를 통해 프로토타입 체인에 속성을 주입해 동작을 변조하는 취약점입니다. 면접에서는 안전한 병합(키 필터링, Object.create(null), 라이브러리 패치)로 확장됩니다. 실무에서는 deep merge 유틸 사용 시 특히 위험하며, 보안 공지로 자주 등장합니다. 서버/클라이언트 모두 영향을 받을 수 있어 입력 검증이 핵심입니다. 객체를 “키-값 맵”으로 쓸 때는 Map을 고려하는 것도 좋은 대안입니다. 이 취약점은 디버깅이 어려워 예방이 중요합니다.		프로토타입 오염(Prototype Pollution)	TRUE	클릭재킹(Clickjacking)	FALSE	버퍼 오버플로우(Buffer Overflow)	FALSE	레이스 컨디션(Race Condition)	FALSE	frontend	javascript	security	
Q233	모듈 순환 의존(Circular Dependency)		Frontend - JavaScript	12	CHOICE	HARD	ES Module에서 A가 B를, B가 A를 import할 때 일부 export가 undefined처럼 보일 수 있는 주된 이유는?	ES Module은 “라이브 바인딩(live binding)”을 제공하지만, 순환 의존에서는 평가 순서 때문에 초기화되지 않은 바인딩을 읽게 될 수 있습니다. 이때 TDZ나 undefined처럼 보이는 현상이 나타날 수 있습니다. 면접에서는 “CJS와 ESM 순환 의존 차이”로 확장되기도 합니다. 실무에서는 모듈 경계 설계가 나쁘면 순환 의존이 쉽게 생기고, 런타임에서만 터져 디버깅이 어렵습니다. 해결책으로는 의존 방향 정리, 중간 모듈 추출, 지연 import, 인터페이스 분리 등이 있습니다. 빌드 도구 경고를 무시하지 않는 습관이 중요합니다.		평가 순서로 초기화 전 바인딩을 읽어 발생할 수 있다	TRUE	import는 항상 런타임에 랜덤 순서로 실행되기 때문이다	FALSE	트리 쉐이킹이 export를 삭제해서다	FALSE	strict mode가 순환 의존을 강제로 끊기 때문이다	FALSE	frontend	javascript	module	
Q234	라이브 바인딩(Live Binding)		Frontend - JavaScript	12	CHOICE	HARD	ES Module의 export/import가 “값 복사”가 아니라 “참조처럼 동기화”되는 성질을 무엇이라 하는가?	ES Module의 import는 export의 스냅샷을 복사하는 것이 아니라, 바인딩 자체를 참조합니다(라이브 바인딩). 그래서 export 쪽 값이 바뀌면 import 측에서도 반영됩니다(단, import 바인딩은 재할당 불가). 면접에서는 CJS(require)와 차이를 묻는 단골 주제입니다. 실무에서는 상태를 모듈 단위로 공유할 때 이 특성이 영향을 줄 수 있습니다. 또한 순환 의존에서 초기화 타이밍 문제로 이어질 수 있어 주의해야 합니다. 이 개념을 이해하면 “왜 값이 갱신되나/안 되나” 혼동을 줄일 수 있습니다.		라이브 바인딩(Live Binding)	TRUE	깊은 복사(Deep Copy)	FALSE	얕은 비교(Shallow Compare)	FALSE	강제 캐싱(Forced Caching)	FALSE	frontend	javascript	module	
Q235	URL 인코딩(encodeURIComponent)		Frontend - JavaScript	12	CHOICE	HARD	쿼리 파라미터 값에 &, = 같은 특수 문자가 포함될 때 안전하게 인코딩하는 함수로 적절한 것은?	encodeURIComponent는 URI 구성 요소를 인코딩해 쿼리 파라미터 값에 특수 문자가 포함되어도 안전하게 전달할 수 있게 합니다. encodeURI는 전체 URI에 쓰는 용도로 일부 문자를 남겨두기 때문에, 파라미터 값 인코딩에는 encodeURIComponent가 더 적절합니다. 면접에서는 두 함수의 차이를 함정으로 출제할 수 있습니다. 실무에서는 URLSearchParams를 쓰면 인코딩을 자동 처리해 주지만, 직접 문자열을 조립할 때는 반드시 인코딩을 신경 써야 합니다. 인코딩 실수는 서버 파싱 오류나 보안 이슈로 이어질 수 있어 주의가 필요합니다.		encodeURIComponent	TRUE	encodeURI	FALSE	decodeURI	FALSE	escape	FALSE	frontend	javascript	web	
Q236	구조화된 예외 처리(throw)		Frontend - JavaScript	12	CHOICE	HARD	throw로 Error 객체가 아닌 문자열을 던지는 패턴의 대표적인 단점으로 가장 적절한 것은?	문자열을 throw하면 스택 트레이스/에러 타입/원인 정보를 구조적으로 다루기 어려워집니다. Error는 name, message, stack을 제공하고, 커스텀 에러 타입으로 분류도 가능합니다. 면접에서는 “에러는 Error로 던져라”의 이유를 설명할 수 있어야 합니다. 실무에서는 에러 로깅/모니터링(Sentry 등)에서 Error 객체가 훨씬 유리합니다. 또한 catch에서 instanceof로 분기하기 어려워지고, 에러 표준화가 깨져 유지보수가 힘들어집니다. 따라서 일관된 에러 타입 전략을 두는 것이 좋습니다.		스택/타입 정보가 약해져 로깅·분류가 어려워진다	TRUE	문자열 throw는 문법 오류라 실행되지 않는다	FALSE	문자열 throw는 자동으로 AggregateError로 변환된다	FALSE	문자열 throw는 promise에서만 가능하다	FALSE	frontend	javascript	error	
Q237	ArrayBuffer 분리(detach)		Frontend - JavaScript	12	CHOICE	HARD	Transferable로 ArrayBuffer를 postMessage로 보낸 뒤 원본 버퍼에 생길 수 있는 변화로 가장 적절한 것은?	Transferable로 소유권을 이동하면 원본 ArrayBuffer는 분리(detach)되어 길이가 0처럼 보이거나 접근이 불가능해질 수 있습니다. 면접에서는 “복사 없이 전달”의 대가가 무엇인지 묻습니다. 실무에서는 원본을 계속 사용할 계획이 있으면 Transferable을 쓰면 안 되고, 복사(structured clone)나 새 버퍼 생성 전략을 선택해야 합니다. 이 특성을 모르면 전달 후 계산이 갑자기 깨지는 버그가 생깁니다. 성능 최적화는 이런 부작용까지 함께 관리해야 안전합니다.		원본 버퍼가 detach되어 이후 접근이 불가능해질 수 있다	TRUE	원본 버퍼가 자동으로 깊은 복사되어 유지된다	FALSE	원본 버퍼가 GC되어 즉시 메모리에서 사라진다	FALSE	원본 버퍼가 String으로 변환되어 전달된다	FALSE	frontend	javascript	performance	
Q238	Atomics(Atomics)		Frontend - JavaScript	12	CHOICE	HARD	SharedArrayBuffer와 함께 멀티 스레드 환경에서 원자적 연산을 제공하는 객체는?	Atomics는 SharedArrayBuffer 기반의 TypedArray에 대해 원자적 읽기/쓰기/대기/깨우기 연산을 제공합니다. 면접에서는 “JS에서 진짜 병렬 동기화가 가능한가” 같은 심화로 연결될 수 있습니다. 실무에서는 브라우저 보안 정책(COOP/COEP) 등 조건이 필요해 일반 앱에서 흔치 않습니다. 하지만 고성능 계산, 워커 간 공유 상태가 필요한 경우 강력한 도구가 될 수 있습니다. 원자적 연산의 필요성과 비용(경쟁, 설계 복잡도)을 함께 이해해야 합니다.		Atomics	TRUE	Reflect	FALSE	Intl	FALSE	Console	FALSE	frontend	javascript	concurrency	
Q239	SharedArrayBuffer(SharedArrayBuffer)		Frontend - JavaScript	12	CHOICE	HARD	Web Worker 간 메모리를 “공유”할 수 있게 해주는 버퍼 타입은?	SharedArrayBuffer는 워커 간에 동일한 메모리를 공유할 수 있습니다. 이는 복사/전달이 아니라 진짜 공유이기 때문에 동기화가 필요하고, 보안 정책 요구 사항이 존재할 수 있습니다. 면접에서는 Spectre 이슈 이후 제한과 COOP/COEP 요구가 언급될 수 있습니다. 실무에서는 고성능 시나리오에서만 신중히 사용하며, 일반 데이터 전달에는 structured clone/transferable이 더 단순합니다. 공유 메모리는 성능을 높일 수 있지만 버그와 난이도를 크게 올릴 수 있습니다.		SharedArrayBuffer	TRUE	ArrayBuffer	FALSE	DataView	FALSE	Blob	FALSE	frontend	javascript	concurrency	
Q240	Atomics.wait/notify		Frontend - JavaScript	12	CHOICE	HARD	워커 간 동기화에서 “대기/깨우기” 기능을 제공하는 Atomics 메서드 조합은?	Atomics.wait는 특정 값이 바뀔 때까지 대기하는 기능을 제공하고, Atomics.notify는 대기 중인 워커를 깨웁니다(환경에 따라 이름/지원 범위 차이 주의). 면접에서는 멀티스레딩 동기화 개념을 JS에서 어떻게 구현하는지 심화로 질문할 수 있습니다. 실무에서는 잘못 쓰면 데드락이나 기아가 생길 수 있어 위험합니다. 또한 UI 스레드에서는 블로킹을 피해야 하므로 워커에서만 활용하는 것이 일반적입니다. 이런 저수준 동기화는 꼭 필요한 경우에만 쓰고, 설계를 단순하게 유지하는 것이 중요합니다.		Atomics.wait와 Atomics.notify	TRUE	Atomics.lock과 Atomics.unlock	FALSE	Atomics.pause와 Atomics.resume	FALSE	Atomics.sleep과 Atomics.wake	FALSE	frontend	javascript	concurrency	
Q241	Web Streams API(ReadableStream)		Frontend - JavaScript	12	CHOICE	HARD	fetch 응답 바디를 스트리밍으로 읽을 때 활용되는 표준 타입으로 적절한 것은?	Web Streams API에서 Response.body는 보통 ReadableStream 형태로 제공됩니다. 스트림은 대용량 데이터를 청크 단위로 처리할 수 있어 메모리 사용을 줄입니다. 면접에서는 “왜 큰 파일 다운로드에서 유리한가”로 확장될 수 있습니다. 실무에서는 대용량 JSON/파일 처리, 점진적 렌더링, 서버 전송 이벤트와의 결합 등에서 활용됩니다. 다만 브라우저 지원과 백프레셔(backpressure) 개념까지 이해해야 안정적인 구현이 가능합니다. 스트리밍 처리 시 에러/취소/정리 로직도 함께 설계해야 합니다.		ReadableStream	TRUE	WritableFile	FALSE	PromiseStream	FALSE	DOMStream	FALSE	frontend	javascript	network	
Q242	백프레셔(Backpressure)		Frontend - JavaScript	12	CHOICE	HARD	스트림 처리에서 소비자가 생산 속도를 따라가지 못할 때, 폭주를 방지하기 위한 제어 개념은?	백프레셔는 생산자(데이터 소스)와 소비자(처리 로직) 간 속도 차이를 조절하는 메커니즘입니다. 스트림 API는 큐잉 전략과 잠금(locked) 상태 등을 통해 흐름 제어를 지원합니다. 면접에서는 “왜 스트리밍이 항상 좋은가”에 대한 반례로 백프레셔 설계가 등장할 수 있습니다. 실무에서는 대용량 데이터 처리에서 메모리 폭주를 막는 핵심입니다. 백프레셔를 무시하고 무조건 읽어들이면 GC 압박과 UI 멈춤이 생길 수 있습니다. 처리량/버퍼 크기/에러 정책을 함께 설계해야 합니다.		백프레셔(Backpressure)	TRUE	트리 쉐이킹(Tree Shaking)	FALSE	호이스팅(Hoisting)	FALSE	스로틀(Throttle)	FALSE	frontend	javascript	performance	
Q243	AbortSignal로 스트림 취소		Frontend - JavaScript	12	CHOICE	HARD	fetch 스트리밍 중 사용자가 취소 버튼을 누르면 리소스를 절약하기 위해 가장 적절한 접근은?	스트리밍은 길게 지속될 수 있어 취소를 지원하면 리소스 절약과 UX가 좋아집니다. AbortController/AbortSignal을 fetch에 연결해 중간에 요청을 취소할 수 있습니다. 면접에서는 취소 시 발생하는 예외 처리와 UI 상태 정리를 질문할 수 있습니다. 실무에서는 취소 후 로딩 상태/버튼 상태를 올바르게 복원해야 하며, abort 에러를 일반 실패로 취급하지 않도록 분기하는 것이 좋습니다. 또한 서버가 취소를 감지하도록 연결 종료를 처리하는지도 고려하면 더 안정적입니다.		AbortController로 fetch를 abort하여 스트림을 취소한다	TRUE	setTimeout으로 강제로 페이지를 리로드한다	FALSE	GC가 자동으로 네트워크를 끊을 때까지 기다린다	FALSE	requestIdleCallback으로 나중에 취소한다	FALSE	frontend	javascript	async	
Q244	WeakMap 키 제한(WeakMap)		Frontend - JavaScript	12	CHOICE	HARD	WeakMap의 키로 사용할 수 있는 값에 대한 설명으로 올바른 것은?	WeakMap의 키는 객체(참조 타입)만 가능합니다. 원시값은 키로 쓸 수 없습니다. 이 제약 덕분에 키 객체가 GC되면 연관된 값도 함께 정리될 수 있습니다. 면접에서는 Map과 WeakMap 차이로 자주 나옵니다. 실무에서는 DOM 노드 메타데이터 저장, 캐시, 프라이빗 데이터 흉내 등에 유용합니다. 다만 반복(iteration)이 불가능해 디버깅이 어렵고, 데이터가 언제 사라질지 예측하기 어려워 핵심 로직에는 부적절할 수 있습니다.		키는 객체만 가능하다	TRUE	키는 문자열만 가능하다	FALSE	키로 숫자도 가능하다	FALSE	키로 undefined도 가능하다	FALSE	frontend	javascript	memory	
Q245	WeakMap 비열거성		Frontend - JavaScript	12	CHOICE	HARD	WeakMap에서 entries/keys 같은 전체 순회가 불가능한 이유로 가장 적절한 것은?	WeakMap은 키가 약하게 참조되므로, GC에 의해 언제든 사라질 수 있습니다. 전체 순회 API를 제공하면 GC와 관측 가능성이 충돌할 수 있어 의도적으로 비열거성입니다. 면접에서는 “왜 WeakMap은 size도 없나/순회가 없나” 같은 심화 질문이 나올 수 있습니다. 실무에서는 캐시/메타데이터처럼 “있으면 쓰고 없어도 괜찮은” 보조 저장소에 적합합니다. 반대로 전체 데이터 집계나 디버깅이 중요한 곳에는 Map이 더 적합합니다. 자료구조 선택이 곧 시스템의 예측 가능성과 유지보수성에 영향을 줍니다.		키의 수명이 GC에 의해 변해 순회가 의미 없고 관측을 막기 위해서다	TRUE	WeakMap이 너무 느려서 순회를 막았다	FALSE	WeakMap은 JSON으로만 저장되어 순회가 불가하다	FALSE	WeakMap은 브라우저가 아닌 서버에서만 동작한다	FALSE	frontend	javascript	memory	
Q246	가비지 컬렉션 비결정성		Frontend - JavaScript	12	CHOICE	HARD	WeakRef/WeakMap을 로직의 핵심 조건으로 쓰기 어려운 가장 큰 이유는?	GC는 언제 실행될지 보장되지 않는 비결정적 특성이 있습니다. 따라서 약한 참조 기반 자료구조의 값이 “언제 사라질지” 예측할 수 없습니다. 면접에서는 “GC 타이밍을 코드가 제어할 수 있나” 같은 질문으로 연결됩니다. 실무에서는 약한 참조를 캐시 최적화나 메타데이터 관리에만 제한적으로 쓰는 편이 안전합니다. 핵심 비즈니스 로직은 명시적 상태/수명 관리가 필요합니다. GC에 의존하면 디버깅이 매우 어려워지고 환경에 따라 재현이 안 될 수 있습니다.		GC 실행 시점이 비결정적이라 값의 존재를 신뢰할 수 없기 때문이다	TRUE	WeakRef는 문법 오류가 자주 나기 때문이다	FALSE	WeakMap은 네트워크가 필요하기 때문이다	FALSE	WeakMap은 항상 메모리를 더 많이 쓴다	FALSE	frontend	javascript	memory	
Q247	꼬리 호출 최적화(TCO)		Frontend - JavaScript	12	CHOICE	HARD	꼬리 호출 최적화에 대한 설명으로 가장 적절한 것은?	꼬리 호출 최적화(TCO)는 함수가 반환할 값이 “다음 함수 호출 결과”로 바로 결정되는 꼬리 위치 호출에서 스택 프레임을 재사용해 재귀 스택 증가를 줄이는 최적화입니다. 면접에서는 사양/엔진 구현 차이로 “실제로는 제한적”이라는 점이 함께 나올 수 있습니다. 실무에서는 TCO에 의존해 재귀를 안전하다고 가정하면 위험합니다. 대신 반복문으로 바꾸거나, 명시적으로 스택을 관리하는 방식이 일반적입니다. 알고리즘 구현 시에도 엔진별 동작 차이를 고려해 안정적인 형태로 작성하는 습관이 중요합니다.		꼬리 위치 재귀에서 스택 프레임을 재사용해 스택 증가를 줄일 수 있는 최적화다	TRUE	모든 재귀를 자동으로 반복문으로 바꾸는 문법이다	FALSE	자바스크립트에서 항상 보장되는 기능이다	FALSE	try/catch가 있으면 오히려 무조건 적용된다	FALSE	frontend	javascript	runtime	
Q248	BigInt(BigInt)		Frontend - JavaScript	12	CHOICE	HARD	BigInt에 대한 설명으로 올바른 것은?	BigInt는 Number의 안전 정수 범위를 넘어서는 정수를 다루기 위한 타입입니다. 1n처럼 리터럴에 n을 붙여 만들 수 있습니다. 면접에서는 BigInt와 Number 혼합 연산이 제한된다는 점을 묻기도 합니다. 실무에서는 큰 ID, 정밀한 카운터, 암호 관련 계산에서 유용할 수 있지만, JSON 직렬화가 바로 되지 않는 등 생태계 호환을 확인해야 합니다. 또한 브라우저/런타임 지원 범위를 고려하고, 외부 API와의 타입 변환 포인트를 명확히 해야 합니다. 무턱대고 도입하면 타입 혼합 에러가 늘 수 있습니다.		안전 정수 범위를 넘는 정수를 위한 타입이며 Number와 혼합 연산에 제약이 있다	TRUE	부동소수점을 더 정확히 표현하기 위한 타입이다	FALSE	문자열로만 저장되어 산술 연산이 불가능하다	FALSE	BigInt는 자동으로 JSON.stringify에 포함된다	FALSE	frontend	javascript	type	
Q249	BigInt와 JSON		Frontend - JavaScript	12	CHOICE	HARD	BigInt를 JSON.stringify하면 발생할 수 있는 문제로 가장 적절한 것은?	JSON은 BigInt 타입을 직접 지원하지 않습니다. 따라서 BigInt가 포함된 객체를 stringify하면 TypeError가 날 수 있습니다. 면접에서는 “직렬화 전략”으로 확장될 수 있습니다. 실무에서는 BigInt를 문자열로 변환하거나, replacer를 사용해 변환 규칙을 두는 방식이 일반적입니다. 서버와의 계약(API 스키마)에서 BigInt를 어떻게 표현할지도 중요한 설계 포인트입니다. 타입이 맞지 않으면 프론트/백 모두에서 파싱 오류와 데이터 손실이 생길 수 있습니다.		BigInt는 JSON에서 지원되지 않아 TypeError가 발생할 수 있다	TRUE	BigInt는 자동으로 Number로 변환되어 손실 없이 저장된다	FALSE	BigInt는 항상 null로 저장된다	FALSE	BigInt는 base64로 자동 변환된다	FALSE	frontend	javascript	data	
Q250	구조적 공유(Structural Sharing)		Frontend - JavaScript	12	CHOICE	HARD	불변 업데이트에서 전체를 복사하지 않고 변경 경로만 새로 만들고 나머지는 재사용하는 기법은?	구조적 공유는 불변성을 유지하면서도 성능을 확보하기 위한 핵심 기법입니다. 변경된 경로만 새 객체로 만들고, 나머지 하위 구조는 기존 참조를 재사용합니다. 면접에서는 React 상태 업데이트와 얕은 비교 최적화와 연결됩니다. 실무에서는 깊은 복사를 매번 하면 GC 압박과 렌더링 지연이 생길 수 있어 구조적 공유가 중요합니다. Immer 같은 라이브러리가 내부적으로 이를 돕기도 합니다. 다만 상태 구조가 너무 깊거나 복잡하면 실수로 참조를 공유해 버그가 생길 수 있어, 상태 설계를 평탄하게 하는 것이 좋습니다.		구조적 공유(Structural Sharing)	TRUE	딥 카피(Deep Copy)	FALSE	메모이제이션(Memoization)	FALSE	트리 쉐이킹(Tree Shaking)	FALSE	frontend	javascript	state	
Q251	Immer 동작 개념(Proxy 기반)		Frontend - JavaScript	12	CHOICE	HARD	Immer가 “변경처럼 보이게 쓰면서 불변 업데이트”를 제공할 때 핵심 아이디어로 가장 적절한 것은?	Immer는 draft 객체에 대한 변경을 기록한 뒤, 실제로는 변경된 부분만 새로 만들어 불변성을 유지합니다. 구현상 Proxy를 사용해 접근/수정을 트래킹하는 방식이 흔합니다. 면접에서는 “왜 draft를 직접 mutate해도 안전한가”로 확장됩니다. 실무에서는 불변 업데이트 보일러플레이트를 크게 줄여 생산성을 높입니다. 다만 Proxy 기반이므로 구형 환경 호환이나 디버깅 특성이 다를 수 있고, 큰 객체를 자주 다루면 성능 비용이 있을 수 있습니다. 따라서 상태 설계와 업데이트 빈도를 함께 고려해야 합니다.		Proxy로 변경을 트래킹해 변경 경로만 새로 만든다	TRUE	setTimeout으로 업데이트를 지연시켜 불변이 된다	FALSE	JSON 직렬화로 자동 불변이 된다	FALSE	Object.freeze로 깊은 동결을 자동 적용한다	FALSE	frontend	javascript	state	
Q252	구조 분해와 기본값 평가		Frontend - JavaScript	12	CHOICE	HARD	구조 분해 할당에서 기본값(default)이 실제로 평가되는 시점에 대한 설명으로 올바른 것은?	구조 분해의 기본값은 해당 프로퍼티가 undefined일 때만 평가됩니다. null이면 기본값이 적용되지 않습니다. 면접에서는 null/undefined 구분, 단락 평가와 함께 자주 출제됩니다. 실무에서는 API 응답에서 누락(undefined)과 명시적 null의 의미를 구분하는 것이 중요합니다. 기본값에 함수 호출을 넣으면 필요할 때만 실행된다는 장점이 있지만, 부수효과가 있는 기본값은 디버깅을 어렵게 만들 수 있습니다. 따라서 기본값은 가급적 순수한 값/가벼운 계산으로 두고, 복잡한 초기화는 별도 로직으로 분리하는 것이 좋습니다.		값이 undefined일 때만 기본값이 평가된다	TRUE	값이 null이면 기본값이 적용된다	FALSE	기본값은 항상 먼저 평가된 뒤 대입된다	FALSE	기본값은 try/catch가 있을 때만 동작한다	FALSE	frontend	javascript	syntax	
Q253	Optional Chaining 호출(?.())		Frontend - JavaScript	12	CHOICE	HARD	obj.fn?.() 호출이 의미하는 바에 가장 가까운 것은?	optional chaining 호출은 fn이 null/undefined이면 호출을 건너뛰고 undefined를 반환합니다. 존재하면 정상 호출됩니다. 면접에서는 “이게 try/catch 대체인가” 같은 오해를 바로잡는 질문이 나올 수 있습니다. 실무에서는 콜백 옵션이 있을 수도 없을 수도 있는 경우에 안전하게 호출할 수 있어 코드가 간결해집니다. 다만 함수 내부에서 예외가 나는 것은 막아주지 않으므로, 에러 처리는 별도로 필요합니다. 또한 optional chaining을 남발하면 “왜 호출이 안 되는지” 추적이 어려워질 수 있어, 중요한 경로에서는 명시적 분기와 로그가 더 유리할 수 있습니다.		fn이 없으면 호출하지 않고 undefined를 반환한다	TRUE	fn이 없으면 TypeError를 던진다	FALSE	fn이 없으면 자동으로 빈 함수로 대체한다	FALSE	fn이 없으면 null을 반환한다	FALSE	frontend	javascript	syntax	
Q254	Tail call과 try/finally 상호작용		Frontend - JavaScript	12	CHOICE	HARD	꼬리 호출 최적화가 적용되기 어려운 패턴으로 가장 적절한 것은?	꼬리 호출 최적화는 최종 반환이 “순수한 호출 결과”일 때 적용 여지가 있습니다. 그런데 try/finally는 제어 흐름과 정리 로직이 섞여 호출 이후에 수행할 일이 남아 있을 수 있어 TCO에 불리합니다. 면접에서는 “어떤 경우에 tail position이 깨지나” 같은 심화로 출제될 수 있습니다. 실무에서는 TCO에 의존하지 말고, 안정적인 반복문/명시적 스택으로 재귀를 대체하는 것이 일반적입니다. 최적화 가능성은 엔진 구현에 따라 다르므로, 코드의 안정성은 언어 사양과 구현 차이를 감안해 설계해야 합니다.		try/finally가 있어 호출 이후 수행할 작업이 남는 경우	TRUE	단순히 return f(x) 형태인 경우	FALSE	반복문을 쓰는 경우	FALSE	순수 함수만 호출하는 경우	FALSE	frontend	javascript	runtime	
Q255	private field와 in(#x in obj)		Frontend - JavaScript	12	CHOICE	HARD	class의 프라이빗 필드 존재 여부를 검사할 때 사용할 수 있는 연산으로 가장 적절한 것은?	프라이빗 필드는 일반 프로퍼티와 달리 외부에서 점/대괄호로 접근할 수 없습니다. 대신 클래스 내부 또는 관련 스코프에서 #x in obj 형태로 “브랜드 체크”를 할 수 있습니다. 면접에서는 “프라이빗 필드는 진짜로 은닉되나”와 함께 이 문법을 알고 있는지 심화로 확인할 수 있습니다. 실무에서는 라이브러리나 프레임워크 수준에서 타입 가드처럼 쓸 수 있지만, 일반 애플리케이션 코드에서는 드물게 사용됩니다. 프라이빗 필드는 상속/모킹/테스트 전략에도 영향을 주므로, 캡슐화 강도와 생산성 사이의 균형을 함께 논의할 수 있어야 합니다.		in 연산자(#x in obj)	TRUE	hasOwnProperty("#x")	FALSE	"#x" in obj	FALSE	obj.#x !== undefined	FALSE	frontend	javascript	oop	
Q256	클래스 필드 초기화 순서(Class field init order)		Frontend - JavaScript	12	CHOICE	HARD	클래스 인스턴스 생성 시 필드 초기화와 생성자 실행 순서에 대한 설명으로 가장 적절한 것은?	클래스 필드는 인스턴스 생성 과정에서 생성자 본문 실행 전에 초기화됩니다(상속에서는 super 호출 이후 등 세부 규칙 존재). 면접에서는 “왜 this 사용 시점이 제한되는가”와 함께 초기화 순서를 꼬아 질문할 수 있습니다. 실무에서는 필드 초기화에서 this를 참조하거나 다른 필드에 의존하면 순서 버그가 생길 수 있어 주의해야 합니다. 특히 상속 구조에서는 super 전에는 this를 쓸 수 없고, 필드 초기화가 어떤 타이밍에 일어나는지 이해가 필요합니다. 초기화 로직이 복잡하면 필드 초기화보다 생성자에서 명시적으로 처리하는 편이 안전합니다.		(상속 기준) super 이후 필드가 초기화되고 생성자 본문이 실행된다	TRUE	생성자 본문이 먼저 실행되고 마지막에 필드가 초기화된다	FALSE	필드는 초기화되지 않고 undefined로 고정된다	FALSE	필드는 GC가 끝난 후 지연 초기화된다	FALSE	frontend	javascript	oop	
Q257	private field 상속 불가 특성		Frontend - JavaScript	12	CHOICE	HARD	프라이빗 필드(#x)가 상속에서 가지는 특징으로 올바른 것은?	프라이빗 필드는 “클래스 단위 브랜드”로 은닉되며, 서브클래스가 동일한 이름의 #x를 선언해도 서로 다른 슬롯입니다. 면접에서는 “private은 protected처럼 상속에서 접근되나” 같은 함정 질문이 나올 수 있습니다. 실무에서는 상속 계층에서 내부 상태 공유가 필요하면 프라이빗 필드가 오히려 불편할 수 있어, protected 패턴(관례)이나 Symbol, WeakMap 등 다른 접근을 고려합니다. 캡슐화는 강할수록 좋지만 테스트/확장성 비용도 커지므로 트레이드오프를 설명할 수 있어야 합니다.		서브클래스의 동일 이름 #x와는 별개로 동작하며 직접 접근할 수 없다	TRUE	서브클래스는 자동으로 부모 #x에 접근할 수 있다	FALSE	#x는 프로토타입에 저장되어 상속된다	FALSE	#x는 JSON 직렬화로 자동 상속된다	FALSE	frontend	javascript	oop	
Q258	클래스 정적 블록(static block)		Frontend - JavaScript	12	CHOICE	HARD	클래스 정의 시점에 한 번 실행되는 초기화 로직을 넣는 문법으로 가장 적절한 것은?	static { } 블록은 클래스 평가 시 한 번 실행되는 초기화 로직을 넣을 수 있습니다. 정적 필드와 함께 사용하면 복잡한 초기화를 캡슐화할 수 있습니다. 면접에서는 “언제 실행되나”와 “모듈 로드/캐시와 어떤 관계인가”로 확장될 수 있습니다. 실무에서는 설정값 검증, 정적 맵 구성 등에서 유용하지만, 부수효과가 있는 초기화를 넣으면 import 시점에 예기치 않은 동작이 생길 수 있어 주의해야 합니다. 또한 번들러/트리 쉐이킹에서 side effect로 취급될 수 있어 최적화에 영향을 줄 수 있습니다.		static { ... } 블록	TRUE	constructor { ... } 블록	FALSE	init { ... } 블록	FALSE	classReady { ... } 블록	FALSE	frontend	javascript	oop	
Q259	클래스 평가 시점(Class evaluation)		Frontend - JavaScript	12	CHOICE	HARD	클래스 선언이 “호출되기 전에도” 평가되어 오류가 날 수 있는 대표 이유로 적절한 것은?	클래스는 선언만 해도(평가 시) 정적 필드 초기화나 static 블록이 실행될 수 있습니다. 이 과정에서 참조 오류나 예외가 발생하면 인스턴스를 만들기도 전에 에러가 납니다. 면접에서는 “클래스는 함수와 다르게 TDZ가 있다”는 점과 함께 심화로 출제될 수 있습니다. 실무에서는 모듈 로드 시점 에러가 서비스 전체를 깨뜨릴 수 있으므로, 초기화 로직의 안전성을 높이고 환경 의존성을 줄이는 것이 중요합니다. 특히 브라우저/서버 분기 코드가 정적 초기화에 들어가면 번들링 환경에서 터질 수 있습니다. 초기화는 가능한 한 늦추거나, 안전한 조건 분기로 감싸는 습관이 좋습니다.		정적 필드/정적 블록이 평가 시 실행되며 예외를 낼 수 있다	TRUE	클래스는 절대 평가되지 않고 호출될 때만 파싱된다	FALSE	클래스는 항상 JSON으로 변환된 뒤 실행된다	FALSE	클래스는 런타임에만 문법 검사를 한다	FALSE	frontend	javascript	runtime	
Q260	Temporal API(Temporal)		Frontend - JavaScript	12	CHOICE	HARD	Date의 한계를 보완하기 위한 차세대 날짜/시간 API로 가장 적절한 것은?	Temporal은 Date의 모호함과 타임존 처리 문제를 개선하기 위해 제안된/표준화 진행된 API로 알려져 있습니다(환경 지원은 확인 필요). 면접에서는 Date의 문제점(타임존, DST, 불변성 부족, 파싱 애매함)을 설명할 수 있어야 합니다. 실무에서는 런타임 지원이 충분하지 않으면 폴리필/라이브러리(Luxon 등)를 고려해야 합니다. 시간 처리는 버그가 치명적이므로 “어떤 타입으로 어떤 시간대 기준으로 저장/표시할지” 설계가 중요합니다. 또한 서버와 클라이언트가 서로 다른 타임존에서 동작하므로, 표준을 정해두지 않으면 장애가 반복됩니다.		Temporal	TRUE	Moment	FALSE	Intl.DateTime	FALSE	TimeAPI	FALSE	frontend	javascript	web	
Q261	Intl과 로케일 포맷(Intl.NumberFormat)		Frontend - JavaScript	12	CHOICE	HARD	통화/숫자를 로케일에 맞게 포맷팅하는 표준 API는?	Intl.NumberFormat은 로케일과 옵션을 기반으로 숫자/통화 포맷을 제공합니다. 면접에서는 i18n(국제화) 기본기와 함께 “서버에서 포맷할까, 클라이언트에서 포맷할까” 같은 설계 질문으로 확장될 수 있습니다. 실무에서는 통화 표기, 천 단위 구분, 소수점 자리수 정책이 서비스 신뢰도에 영향을 줍니다. 하드코딩된 포맷은 국가/언어별 요구에 맞추기 어렵기 때문에 표준 API를 쓰는 게 안정적입니다. 단, 성능상 대량 포맷팅 시 formatter 인스턴스를 재사용하는 최적화가 필요할 수 있습니다.		Intl.NumberFormat	TRUE	Intl.DateTimeFormat	FALSE	Intl.Collator	FALSE	Intl.LocaleMatcher	FALSE	frontend	javascript	i18n	
Q262	Intl.Collator 정렬(Collation)		Frontend - JavaScript	12	CHOICE	HARD	로케일별 문자열 정렬(예: 한글, 악센트, 대소문자 규칙)을 지원하는 표준 도구는?	Intl.Collator는 로케일 규칙에 맞는 문자열 비교 함수를 제공합니다. 면접에서는 sort에 comparator로 넣는 패턴과, 단순한 < 비교로는 로케일 정렬이 깨진다는 점을 설명할 수 있어야 합니다. 실무에서는 사용자 목록 정렬, 검색 결과 정렬에서 로케일 이슈가 자주 발생합니다. 특히 한글 초성/받침, 악센트 문자가 섞인 이름 정렬은 단순 코드 포인트 정렬로 해결되지 않습니다. Collator 옵션(sensitivity 등)을 잘못 잡으면 기대와 다른 결과가 나오므로, 서비스 요구사항에 맞는 정렬 정책을 문서화하는 것이 중요합니다.		Intl.Collator	TRUE	Intl.NumberFormat	FALSE	Intl.ListFormat	FALSE	Intl.PluralRules	FALSE	frontend	javascript	i18n	
Q263	Atomics와 메모리 가시성		Frontend - JavaScript	12	CHOICE	HARD	SharedArrayBuffer 환경에서 “경쟁 상태를 줄이고 가시성을 보장”하기 위해 필요한 개념으로 가장 적절한 것은?	공유 메모리는 워커 간에 동시에 읽고 쓸 수 있어 경쟁 상태가 발생합니다. 원자적 연산(Atomics)과 적절한 동기화는 메모리 가시성과 순서를 보장하는 데 핵심입니다. 면접에서는 “왜 단순히 값을 바꾸면 안 되나”를 묻고, 레이스/가시성 문제를 설명하게 할 수 있습니다. 실무에서는 고성능이 필요해서 공유 메모리를 쓰는 만큼, 동기화 비용과 복잡도가 따라옵니다. 잘못 설계하면 성능도 안 나오고 버그만 늘 수 있으니, 가능한 단순한 메시지 패싱 구조로 해결하는 게 일반적입니다. 공유 메모리는 마지막 카드처럼 쓰는 것이 안전합니다.		원자적 연산과 동기화(메모리 순서/가시성)	TRUE	문자열 인코딩(UTF-16)	FALSE	호이스팅(Hoisting)	FALSE	트리 쉐이킹(Tree Shaking)	FALSE	frontend	javascript	concurrency	
Q264	CSP와 eval 제한(Content Security Policy)		Frontend - JavaScript	12	CHOICE	HARD	강한 CSP 환경에서 eval/new Function 사용이 제한될 수 있는 가장 큰 이유는?	CSP는 XSS를 완화하기 위해 스크립트 실행 정책을 제한합니다. eval이나 new Function은 런타임에 문자열을 코드로 실행하므로 공격 표면이 커져 CSP에서 막히기 쉽습니다. 면접에서는 “왜 템플릿을 문자열로 실행하면 위험한가”로 확장됩니다. 실무에서는 서드파티 라이브러리가 eval을 쓰면 CSP 적용 시 깨질 수 있어, 라이브러리 선택 기준이 됩니다. 또한 번들러 설정(Devtool, source map 방식)이나 프레임워크 플러그인도 CSP와 충돌할 수 있어 사전 검증이 중요합니다. 보안 정책은 출시 후 붙이면 비용이 커지므로 초기부터 반영하는 것이 좋습니다.		XSS 공격 표면을 키우는 동적 코드 실행이기 때문이다	TRUE	eval은 항상 더 빠르기 때문에 성능상 막는다	FALSE	eval은 JSON만 파싱해서 보안과 무관하다	FALSE	CSP는 네트워크 요청만 막고 스크립트는 무관하다	FALSE	frontend	javascript	security	
Q265	Structured Clone 제한		Frontend - JavaScript	12	CHOICE	HARD	postMessage의 structured clone에서 일반적으로 복제되지 않거나 에러가 나기 쉬운 대상은?	structured clone은 많은 타입을 지원하지만, 함수(Function)처럼 실행 컨텍스트를 가진 값은 복제할 수 없습니다. 면접에서는 “왜 함수는 못 보내나”로 확장됩니다. 실무에서는 워커에 로직을 보내는 게 아니라, 워커 파일 자체에 로직을 두고 메시지로 데이터만 주고받아야 합니다. 또한 DOM 노드도 일반적으로 그대로는 보낼 수 없고, 필요한 정보를 추출해 보내는 방식으로 설계합니다. 전달 가능한 타입/제약을 이해하면 워커 설계를 처음부터 올바르게 할 수 있습니다. 대용량 데이터는 transferable로 최적화하는 전략도 함께 알아두면 좋습니다.		함수(Function)	TRUE	문자열(String)	FALSE	숫자(Number)	FALSE	배열(Array)	FALSE	frontend	javascript	browser	
Q266	BroadcastChannel(BroadcastChannel)		Frontend - JavaScript	12	CHOICE	HARD	같은 오리진의 여러 탭/창 사이에서 메시지를 브로드캐스트하는 API는?	BroadcastChannel은 같은 origin 내 여러 browsing context(탭/iframe 등) 사이에서 메시지를 전달합니다. 면접에서는 localStorage 이벤트나 Service Worker와 비교 질문이 나올 수 있습니다. 실무에서는 다중 탭 로그인 상태 동기화, 알림/이벤트 전파에 유용합니다. 다만 보안상 origin 경계는 지켜지지만, 민감 데이터를 그대로 보내면 XSS가 있는 탭에서 탈취될 수 있어 주의해야 합니다. 또한 지원 범위와 폴백 전략을 고려해야 하며, 메시지 폭주를 막기 위한 디바운스/중복 제거 로직도 필요할 수 있습니다. 탭 간 동기화는 UX를 크게 개선하지만 설계 난이도도 올라갑니다.		BroadcastChannel	TRUE	SharedWorkerOnly	FALSE	WindowMessenger	FALSE	TabSocket	FALSE	frontend	javascript	web	
Q267	Service Worker 생명주기(install/activate)		Frontend - JavaScript	12	CHOICE	HARD	Service Worker에서 새 버전이 설치된 뒤 컨트롤을 갖기까지의 단계로 가장 적절한 흐름은?	Service Worker는 install → waiting → activate 과정을 거쳐 클라이언트를 제어합니다(상황에 따라 skipWaiting/clients.claim 등). 면접에서는 “왜 배포했는데 바로 적용이 안 되나” 같은 질문으로 자주 나옵니다. 실무에서는 캐시 전략과 업데이트 UX(새 버전 알림/새로고침 유도)가 매우 중요합니다. 잘못 설계하면 오래된 리소스가 남아 장애처럼 보일 수 있습니다. 또한 네트워크 우선/캐시 우선 전략은 서비스 특성에 맞춰 선택해야 합니다. SW는 강력하지만 디버깅이 어려워, 로그/버전 관리/캐시 무효화 정책이 필수입니다.		install 후 activate되어 컨트롤을 갖는다	TRUE	activate 후 install이 수행된다	FALSE	항상 즉시 컨트롤을 가져 이전 버전은 없다	FALSE	SW는 생명주기가 없어 새로고침마다 재설치된다	FALSE	frontend	javascript	pwa	
Q268	Cache Storage(Cache API)		Frontend - JavaScript	12	CHOICE	HARD	Service Worker에서 요청/응답을 저장하고 꺼내는 표준 캐시 저장소 API는?	Cache Storage(Cache API)는 Request/Response를 저장하는 브라우저 저장소입니다. Service Worker의 fetch 이벤트에서 캐시를 조회해 오프라인/성능 최적화를 구현할 수 있습니다. 면접에서는 HTTP 캐시와 Cache Storage의 차이로 확장될 수 있습니다. 실무에서는 캐시 키 설계(쿼리 포함 여부), 버전/무효화 정책이 핵심입니다. 캐시를 과도하게 쓰면 오래된 데이터가 남거나 스토리지 부족 문제가 생길 수 있어 관리가 필요합니다. 또한 개인정보/민감 데이터는 캐시에 남지 않도록 주의해야 합니다. 캐시 전략은 제품 UX에 큰 영향을 주는 영역입니다.		Cache Storage(Cache API)	TRUE	LocalStorage	FALSE	SessionStorage	FALSE	CookieJar	FALSE	frontend	javascript	pwa	
Q269	Navigation Preload		Frontend - JavaScript	12	CHOICE	HARD	Service Worker가 부팅되는 동안 네비게이션 요청 지연을 줄이기 위한 기능으로 가장 적절한 것은?	Navigation Preload는 Service Worker가 시작되기 전에 브라우저가 네트워크 요청을 병행해 진행하도록 하여 지연을 줄일 수 있습니다. 면접에서는 “SW가 느려서 첫 로딩이 느린데 어떻게 개선하나”로 나올 수 있습니다. 실무에서는 특히 느린 기기/첫 방문에서 효과가 있을 수 있습니다. 다만 캐시 전략과의 상호작용을 잘 설계해야 하고, 중복 요청이 생기지 않도록 fetch 핸들러에서 preload 응답을 적절히 사용해야 합니다. 기능 지원 여부를 확인하고, 켜기만 하면 해결되는 만능 옵션이 아니라는 점도 중요합니다. PWA 품질을 높이려면 이런 디테일까지 다루는 경험이 도움이 됩니다.		Navigation Preload	TRUE	Request Coalescing	FALSE	Critical CSS	FALSE	Lazy Hydration	FALSE	frontend	javascript	pwa	
Q270	structuredClone(structuredClone)		Frontend - JavaScript	12	CHOICE	HARD	structured clone 알고리즘을 명시적으로 호출해 객체를 복제하는 표준 함수는?	structuredClone은 structured clone 알고리즘을 사용해 객체를 복제하는 표준 함수입니다(환경 지원 확인 필요). JSON 기반 복사와 달리 Date, Map, Set 같은 타입을 더 잘 처리할 수 있습니다. 면접에서는 “JSON.parse(JSON.stringify())의 한계”를 물을 때 대안으로 나올 수 있습니다. 실무에서는 상태 스냅샷, 워커 메시지 준비 등에서 유용하지만, 큰 객체 복사는 비용이 큽니다. 또한 함수/DOM 노드 등 복제 불가 타입이 있어 예외 처리도 필요합니다. 복사가 필요하다면 구조적 공유나 불변 업데이트로 대체할 수 없는지도 함께 검토하는 것이 좋습니다.		structuredClone	TRUE	deepCopyJSON	FALSE	cloneDeep	FALSE	objectCopy	FALSE	frontend	javascript	web	
Q271	클로저 메모리 누수 패턴		Frontend - JavaScript	12	CHOICE	HARD	클로저로 인해 메모리 해제가 지연될 수 있는 대표 패턴으로 가장 적절한 것은?	클로저는 외부 렉시컬 환경 참조를 유지하므로, 오래 살아있는 콜백(이벤트 리스너, 타이머, 전역 배열에 저장된 함수)이 큰 객체를 캡처하면 메모리 해제가 지연될 수 있습니다. 면접에서는 “클로저가 메모리 누수를 만든다”는 오해를 바로잡고, 실제로는 참조 수명이 문제라는 점을 설명할 수 있어야 합니다. 실무에서는 컴포넌트 언마운트 시 리스너/타이머 정리가 핵심입니다. 또한 큰 데이터는 캡처하지 말고 필요한 최소 정보만 참조하거나, 약한 참조/ID 기반 접근으로 바꾸는 전략이 있습니다. 메모리 문제는 재현이 어려워 예방 설계가 중요합니다.		오래 살아있는 리스너/타이머가 큰 객체를 캡처해 참조를 유지하는 경우	TRUE	let 변수를 쓰면 무조건 누수가 난다	FALSE	strict mode를 쓰면 클로저가 제거된다	FALSE	Promise를 쓰면 클로저가 생기지 않는다	FALSE	frontend	javascript	memory	
Q272	이벤트 리스너 누수(Leak)		Frontend - JavaScript	12	CHOICE	HARD	SPA에서 페이지 전환이 반복될 때 메모리가 계속 증가하는 흔한 원인으로 가장 적절한 것은?	SPA는 새로고침 없이 화면이 바뀌기 때문에, 이전 화면에서 등록한 이벤트 리스너/구독을 해제하지 않으면 참조가 남아 메모리가 증가할 수 있습니다. 면접에서는 cleanup 패턴(React useEffect cleanup 등)을 물을 수 있습니다. 실무에서는 window/document 리스너, WebSocket 구독, setInterval 등이 대표적인 누수 원인입니다. 리스너가 남으면 성능 저하뿐 아니라 동일 핸들러 중복 실행으로 버그도 생깁니다. 따라서 컴포넌트 수명주기마다 등록/해제를 짝으로 관리하고, 개발 도구의 메모리 프로파일링으로 확인하는 습관이 중요합니다. 누수는 시간이 지나야 드러나므로 사전 방지가 핵심입니다.		해제되지 않은 이벤트 리스너/구독이 남아 참조를 유지하는 경우	TRUE	트리 쉐이킹이 너무 잘 되어 코드가 사라지는 경우	FALSE	쿠키가 Secure라서 메모리가 증가하는 경우	FALSE	CSS가 많아서 JS 메모리가 증가하는 경우	FALSE	frontend	javascript	memory	
Q273	FinalizationRegistry(FinalizationRegistry)		Frontend - JavaScript	12	CHOICE	HARD	객체가 GC된 이후 정리 콜백을 등록할 수 있는 API로 가장 적절한 것은?	FinalizationRegistry는 객체가 가비지 컬렉션된 이후 정리 작업을 예약할 수 있게 해줍니다. 면접에서는 WeakRef와 함께 “왜 신중히 써야 하나”로 확장됩니다. 실무에서는 캐시/메타데이터 정리 같은 보조 기능에 한해 제한적으로 사용됩니다. GC 타이밍이 비결정적이므로, 정리 콜백이 즉시 실행된다고 가정하면 안 됩니다. 또한 콜백에서 무거운 작업을 하면 성능에 악영향이 있을 수 있어 주의해야 합니다. 핵심 비즈니스 로직을 GC 기반에 의존하지 않는 것이 안정적입니다.		FinalizationRegistry	TRUE	GarbageCollector	FALSE	WeakCleaner	FALSE	MemoryObserver	FALSE	frontend	javascript	memory	
Q274	Shadow DOM 이벤트 retargeting		Frontend - JavaScript	12	CHOICE	HARD	Shadow DOM 내부 요소에서 발생한 이벤트를 바깥에서 받을 때 target이 달라 보일 수 있는 이유로 가장 적절한 것은?	Shadow DOM은 캡슐화를 위해 이벤트 타깃을 재지정(retargeting)할 수 있습니다. 외부에서는 내부 상세 노드가 아니라 호스트/경계가 보이도록 하는 동작이 발생할 수 있습니다. 면접에서는 composedPath로 실제 경로를 확인하는 방법까지 확장될 수 있습니다. 실무에서는 웹 컴포넌트를 통합할 때 이벤트 위임이 예상대로 동작하지 않아 디버깅이 어려울 수 있습니다. 이때 retargeting과 composed 옵션을 이해하면 문제를 빠르게 해결할 수 있습니다. 캡슐화는 장점이지만, 통합 시 고려해야 할 “경계 비용”이 존재합니다. 이벤트 모델 이해가 곧 통합 안정성으로 이어집니다.		캡슐화를 위해 이벤트 target이 재지정(retargeting)될 수 있기 때문이다	TRUE	Shadow DOM은 이벤트를 아예 발생시키지 않는다	FALSE	Shadow DOM은 항상 stopPropagation을 강제한다	FALSE	Shadow DOM에서는 addEventListener가 금지된다	FALSE	frontend	javascript	dom	
Q275	Shadow DOM composed 이벤트		Frontend - JavaScript	12	CHOICE	HARD	Shadow DOM 경계를 넘어 이벤트가 바깥으로 전파되도록 제어하는 속성으로 가장 적절한 것은?	Shadow DOM은 기본적으로 캡슐화를 제공해 이벤트가 경계를 넘어가는 방식이 일반 DOM과 다를 수 있습니다. composed가 true인 이벤트는 shadow boundary를 넘어 상위 트리로 전파될 수 있습니다. 면접에서는 composedPath와 함께 “왜 이벤트가 밖에서 안 잡히나”로 자주 연결됩니다. 실무에서는 웹 컴포넌트를 만들 때 커스텀 이벤트를 dispatch할 때 composed, bubbles 옵션을 적절히 설정해야 소비자(외부 앱)가 이벤트를 받을 수 있습니다. 옵션을 잘못 설정하면 통합이 매우 어려워지고, 디버깅 시간이 급증합니다. 캡슐화와 통합성 사이에서 명확한 이벤트 계약을 설계하는 것이 중요합니다.		composed	TRUE	passive	FALSE	once	FALSE	capture	FALSE	frontend	javascript	dom	
Q276	CustomEvent(CustomEvent)		Frontend - JavaScript	12	CHOICE	HARD	detail payload를 담아 커스텀 DOM 이벤트를 만들 때 사용하는 생성자는?	CustomEvent는 detail에 사용자 정의 데이터를 담아 이벤트를 전달할 수 있습니다. 면접에서는 Event와 CustomEvent 차이, bubbles/composed 설정을 함께 물을 수 있습니다. 실무에서는 컴포넌트 간 결합도를 낮추면서 이벤트 기반 통신을 만들 때 유용합니다. 다만 과도하게 이벤트로만 통신하면 추적이 어려워지고, 타입 안정성도 떨어질 수 있습니다. 이벤트 이름 규칙과 payload 스키마를 문서화하면 유지보수성이 좋아집니다. 또한 전역 이벤트 남발은 디버깅/성능에 부담이 될 수 있어 범위를 제한하는 것이 좋습니다.		CustomEvent	TRUE	MouseEvent	FALSE	KeyboardEvent	FALSE	UIEvent	FALSE	frontend	javascript	dom	
Q277	event.composedPath		Frontend - JavaScript	12	CHOICE	HARD	Shadow DOM 환경에서 이벤트가 실제로 거친 노드 경로를 확인할 때 쓰는 API는?	event.composedPath()는 이벤트가 통과한 경로를 배열로 반환합니다. Shadow DOM에서는 target이 retargeting되어 실제 내부 노드가 숨겨질 수 있는데, composedPath를 보면 실제 흐름을 파악하는 데 도움이 됩니다. 면접에서는 “왜 target이 예상과 다르냐”를 설명할 때 자주 등장합니다. 실무에서는 웹 컴포넌트 통합 디버깅에 매우 유용합니다. 다만 path를 그대로 노출/로그에 남기면 민감한 DOM 구조가 드러날 수 있어 보안/개인정보 관점에서 주의가 필요할 수 있습니다. 이벤트 경로 기반 로직은 DOM 구조 변화에 취약하므로, 가능한 안정적인 계약(이벤트 이름/데이터) 중심으로 설계하는 것이 좋습니다.		event.composedPath()	TRUE	event.path()	FALSE	event.route()	FALSE	event.targets()	FALSE	frontend	javascript	dom	
Q278	passive 이벤트 리스너		Frontend - JavaScript	12	CHOICE	HARD	스크롤 성능 최적화에서 addEventListener 옵션 passive: true가 주는 효과로 가장 적절한 것은?	passive: true는 리스너가 preventDefault를 호출하지 않겠다고 브라우저에 힌트로 주어, 스크롤/터치 처리에서 메인 스레드 지연을 줄이는 데 도움이 됩니다. 면접에서는 “왜 스크롤이 끊기나” 질문에서 자주 등장합니다. 실무에서는 wheel/touchmove 같은 이벤트에서 성능 개선 효과가 크지만, preventDefault가 필요한 경우에는 쓰면 안 됩니다. 옵션을 잘못 쓰면 사용자 입력 제어가 깨져 UX가 나빠질 수 있습니다. 성능 최적화는 기능 요구사항과 충돌할 수 있으므로, 이벤트 목적에 맞게 옵션을 선택해야 합니다. 또한 브라우저 기본값 변화도 있어, 테스트 범위를 넓게 잡는 것이 좋습니다.		스크롤을 막지 않는다고 알려 입력 처리 지연을 줄일 수 있다	TRUE	이벤트를 캡처 단계로만 받게 만든다	FALSE	이벤트를 한 번만 실행하게 만든다	FALSE	이벤트를 자동으로 디바운스한다	FALSE	frontend	javascript	performance	
Q279	capture 옵션과 이벤트 위임		Frontend - JavaScript	12	CHOICE	HARD	addEventListener의 capture: true가 의미하는 바에 가장 가까운 것은?	capture: true는 캡처링 단계에서 이벤트를 받겠다는 의미입니다. 기본값(false)은 버블링 단계에서 받습니다. 면접에서는 캡처/버블 순서, stopPropagation의 영향까지 연결됩니다. 실무에서는 이벤트 위임은 주로 버블링을 활용하지만, 특정 상황(포커스 이벤트처럼 버블이 제한적이거나, 상위에서 먼저 가로채야 하는 경우)에는 캡처가 유용합니다. 다만 캡처를 남용하면 이벤트 흐름 추적이 어려워지고 예상치 못한 동작이 생길 수 있습니다. 따라서 팀 내에서 이벤트 처리 규칙(위임 위치, 캡처 사용 조건)을 정해두면 유지보수가 좋아집니다.		캡처링 단계에서 이벤트를 먼저 받는다	TRUE	버블링 단계에서만 이벤트를 받는다	FALSE	이벤트를 자동으로 preventDefault한다	FALSE	DOM 업데이트를 즉시 커밋한다	FALSE	frontend	javascript	dom	
Q280	AbortController 타임아웃 패턴		Frontend - JavaScript	12	CHOICE	HARD	fetch 요청에 타임아웃을 구현할 때 가장 흔한 패턴으로 적절한 것은?	fetch는 기본 타임아웃이 없어, AbortController와 setTimeout을 조합해 일정 시간 후 abort하는 패턴을 자주 씁니다. 면접에서는 “왜 axios는 되고 fetch는 안 되나” 같은 질문으로 확장될 수 있습니다. 실무에서는 타임아웃 시 UI 상태 정리, 재시도 정책, abort 에러 분기를 함께 설계해야 합니다. 또한 네트워크가 느린 환경에서 무조건 짧은 타임아웃은 실패율을 높일 수 있어, 서비스 특성에 맞춘 값과 백오프 정책이 필요합니다. 타임아웃은 장애 격리의 핵심 도구이므로 의도와 기준을 설명할 수 있어야 합니다.		setTimeout으로 일정 시간 후 controller.abort() 호출	TRUE	while 루프로 시간을 재다 강제 return	FALSE	requestIdleCallback으로 늦게 취소	FALSE	Promise.all로 자동 타임아웃	FALSE	frontend	javascript	async	
Q281	ResizeObserver(ResizeObserver)		Frontend - JavaScript	12	CHOICE	HARD	요소 크기 변화(레이아웃 변경)를 관찰하는 표준 API는?	ResizeObserver는 요소의 크기 변화를 관찰할 수 있습니다. window resize 이벤트와 달리 특정 요소 단위로 관찰합니다. 면접에서는 “리사이즈 이벤트로는 왜 부족한가”가 포인트입니다. 실무에서는 반응형 컴포넌트(차트, 카드 레이아웃)에서 컨테이너 크기 기반 렌더링을 할 때 유용합니다. 다만 관찰 콜백에서 DOM을 다시 변경하면 루프가 생길 수 있어 주의해야 하고, 디바운스/스로틀 전략이 필요할 수 있습니다. 또한 관찰 대상이 많아지면 성능 비용이 커질 수 있으므로, 범위를 제한하는 설계가 중요합니다.		ResizeObserver	TRUE	MutationObserver	FALSE	IntersectionObserver	FALSE	PerformanceObserver	FALSE	frontend	javascript	dom	
Q282	IntersectionObserver 루트 마진		Frontend - JavaScript	12	CHOICE	HARD	무한 스크롤에서 “미리 로딩 트리거”를 당기기 위해 IntersectionObserver 옵션으로 자주 쓰는 것은?	IntersectionObserver의 rootMargin은 관찰 영역을 확장/축소해, 실제 뷰포트에 들어오기 전에 미리 교차를 감지할 수 있게 합니다. 면접에서는 스크롤 이벤트 기반 구현과 비교로 확장될 수 있습니다. 실무에서는 이미지 lazy loading, 무한 스크롤에서 사용자 체감 성능을 높이는 데 중요합니다. rootMargin 값을 너무 크게 잡으면 불필요한 로딩이 많아지고, 너무 작으면 로딩이 늦어져 끊김이 생깁니다. 네트워크/디바이스별 최적값이 다를 수 있어 실측 기반 튜닝이 좋습니다. 또한 관찰 해제(unobserve)로 메모리/성능을 관리해야 합니다.		rootMargin	TRUE	threshold	FALSE	passive	FALSE	capture	FALSE	frontend	javascript	performance	
Q283	MutationObserver(요약 vs 상세)		Frontend - JavaScript	12	CHOICE	HARD	DOM 변경(자식 추가/삭제, 속성 변화 등)을 감지하는 표준 API는?	MutationObserver는 DOM 변경을 비동기적으로 관찰합니다. 예전의 DOMSubtreeModified 같은 이벤트보다 성능/제어가 낫습니다. 면접에서는 “언제 써야 하고 언제 쓰면 안 되나”를 물을 수 있습니다. 실무에서는 에디터, 외부 위젯 통합, 레거시 DOM 조작 감시에 유용하지만, 관찰 범위를 크게 잡으면 성능 비용이 큽니다. 필요한 타겟과 옵션(attribute, childList, subtree)을 최소화하고, 콜백에서 DOM을 다시 변경해 루프가 생기지 않게 주의해야 합니다. React 같은 프레임워크 내부 상태와 DOM 관찰을 섞으면 복잡도가 커지므로 목적이 명확할 때만 사용해야 합니다.		MutationObserver	TRUE	ResizeObserver	FALSE	HistoryObserver	FALSE	NodeWatcher	FALSE	frontend	javascript	dom	
Q284	PerformanceObserver(PerformanceObserver)		Frontend - JavaScript	12	CHOICE	HARD	LCP/CLS 같은 성능 엔트리를 수집할 때 활용 가능한 표준 관측 도구는?	PerformanceObserver는 PerformanceEntry를 스트리밍처럼 관찰할 수 있습니다. web-vitals 측정이나 사용자 실측(RUM)에서 핵심입니다. 면접에서는 “Lab vs RUM”, “어떤 지표를 왜 보나”로 확장됩니다. 실무에서는 성능 개선의 출발점이 “측정”이므로, 브라우저 표준 API를 이해하면 벤더/라이브러리 의존을 줄일 수 있습니다. 다만 브라우저 지원과 엔트리 타입(예: largest-contentful-paint 등) 구성이 달라질 수 있어 방어적으로 구현해야 합니다. 또한 수집한 데이터를 서버로 보낼 때 샘플링, 개인정보 마스킹, 전송 비용 최적화가 필요합니다. 성능 관측은 제품 품질과 직결됩니다.		PerformanceObserver	TRUE	MutationObserver	FALSE	IntersectionObserver	FALSE	ResizeObserver	FALSE	frontend	javascript	performance	
Q285	EventSource(SSE)		Frontend - JavaScript	12	CHOICE	HARD	서버가 클라이언트로 단방향 실시간 이벤트를 푸시하는 방식(SSE)을 구현하는 브라우저 API는?	SSE(Server-Sent Events)는 서버→클라이언트 단방향 스트리밍입니다. 브라우저에서는 EventSource로 연결합니다. 면접에서는 WebSocket과 비교(양방향 vs 단방향, 프록시/방화벽 친화성)로 자주 묻습니다. 실무에서는 알림, 라이브 피드, 상태 업데이트 등에서 구현이 단순하고 안정적입니다. 다만 대량 메시지/양방향이 필요하면 WebSocket이 더 적합할 수 있습니다. 재연결 정책, last-event-id 활용, 서버 측 keep-alive 설정도 품질에 영향을 줍니다. 또한 인증/권한(토큰 갱신)과 CORS 정책까지 함께 설계해야 합니다.		EventSource	TRUE	WebRTC	FALSE	WebSocketServer	FALSE	FetchStream	FALSE	frontend	javascript	network	
Q286	BroadcastChannel vs localStorage 이벤트		Frontend - JavaScript	12	CHOICE	HARD	같은 오리진의 다른 탭과 메시지를 주고받을 때 localStorage 변경 이벤트보다 BroadcastChannel이 가지는 장점으로 적절한 것은?	localStorage 이벤트는 “키 변경”에 의존해 메시지처럼 쓰는 우회 패턴입니다. BroadcastChannel은 메시지 전송 목적의 API라 payload 전달이 자연스럽고 의도가 명확합니다. 면접에서는 탭 간 통신 설계와 폴백 전략을 묻기도 합니다. 실무에서는 채널 이름으로 범위를 명확히 하고, 메시지 타입을 구조화해 유지보수성을 높일 수 있습니다. 다만 지원 범위가 제한될 수 있어, 서비스 대상 브라우저에 따라 localStorage 이벤트나 Service Worker 메시지로 폴백하는 설계가 필요합니다. 또한 민감 정보 전파는 XSS 위험을 키울 수 있어 최소 정보만 전파하는 원칙이 중요합니다.		키-값 변경 트릭이 아닌 메시지 목적 API라 구조화된 payload 전달이 자연스럽다	TRUE	BroadcastChannel은 네트워크가 필요 없어 무조건 안전하다	FALSE	localStorage 이벤트는 같은 탭에서도 항상 발생해 더 좋다	FALSE	BroadcastChannel은 암호화를 자동으로 제공한다	FALSE	frontend	javascript	web	
Q287	EventTarget과 AbortSignal		Frontend - JavaScript	12	CHOICE	HARD	addEventListener에서 signal 옵션을 주면 얻는 이점으로 가장 적절한 것은?	signal 옵션은 AbortSignal이 abort되면 리스너를 자동 해제할 수 있게 해줍니다. 면접에서는 “리스너 누수 어떻게 막나” 질문에서 좋은 답이 됩니다. 실무에서는 컴포넌트 언마운트 시 controller.abort()로 관련 리스너/요청을 한 번에 정리할 수 있어 코드가 간결해집니다. 특히 여러 리스너를 등록하는 화면에서 cleanup 보일러플레이트를 줄입니다. 다만 모든 환경에서 signal 옵션이 동일하게 지원되는지 확인이 필요하고, 폴백 전략을 고려해야 할 수 있습니다. 정리 로직을 구조화하면 장기 운영에서 메모리/성능 문제가 줄어듭니다.		abort 시 리스너를 자동 해제해 누수를 줄인다	TRUE	이벤트를 항상 캡처 단계에서만 받는다	FALSE	이벤트가 마이크로태스크로 실행된다	FALSE	preventDefault가 자동 적용된다	FALSE	frontend	javascript	memory	
Q288	structuredClone과 함수		Frontend - JavaScript	12	CHOICE	HARD	structuredClone으로 복제할 수 없는 값의 예로 가장 적절한 것은?	structuredClone은 다양한 내장 타입을 지원하지만, 함수처럼 실행 컨텍스트를 가진 값은 복제할 수 없습니다. 면접에서는 “왜 JSON 복사도 함수는 못 담나”와 같은 맥락으로 질문이 연결됩니다. 실무에서는 워커/탭 통신에서 “데이터만” 보내야 한다는 설계 원칙으로 이어집니다. 함수 전달이 필요해 보이는 경우는 보통 메시지 타입/명령 패턴으로 바꾸면 해결됩니다. 또한 DOM 노드나 일부 브라우저 전용 객체도 제한이 있을 수 있어, 전달 가능 타입 목록을 알고 설계하는 것이 안정적입니다. 복제 실패는 런타임 에러로 터지기 때문에 사전에 테스트 케이스를 두는 것이 좋습니다.		함수(Function)	TRUE	Map	FALSE	Date	FALSE	Array	FALSE	frontend	javascript	web	
Q289	postMessage와 MessageChannel		Frontend - JavaScript	12	CHOICE	HARD	두 컨텍스트(예: iframe과 부모) 사이에 전용 양방향 메시지 포트를 만드는 표준 객체는?	MessageChannel은 두 개의 포트(port1, port2)를 만들고 서로 연결된 전용 통신 채널을 제공합니다. window.postMessage와 함께 사용해 포트를 전달하면 양방향 통신이 가능합니다. 면접에서는 BroadcastChannel과 비교해 “1:1 전용 채널” 특성을 설명할 수 있어야 합니다. 실무에서는 특정 컴포넌트/iframe과의 안정적 통신을 만들 때 유용하고, 채널을 분리하면 메시지 라우팅이 명확해집니다. 다만 포트 생명주기 관리(닫기, 핸들러 해제)를 잘못하면 누수나 예기치 않은 메시지가 남을 수 있습니다. 또한 보안상 origin 검증과 메시지 스키마 검증이 필수입니다.		MessageChannel	TRUE	BroadcastChannel	FALSE	SharedArrayBuffer	FALSE	EventSource	FALSE	frontend	javascript	web	
Q290	Structured clone과 Error		Frontend - JavaScript	12	CHOICE	HARD	structured clone/메시지 전달에서 Error 객체를 다룰 때 주의할 점으로 적절한 것은?	환경에 따라 Error가 완전한 형태로 복제되지 않거나, message/name 일부만 전달되고 stack이 손실될 수 있습니다. 면접에서는 “에러 전달 시 무엇을 보내야 하나”로 확장됩니다. 실무에서는 워커/iframe 간에 에러를 전달할 때 { name, message, stack?, code } 같은 직렬화 가능한 형태로 변환하는 전략이 안전합니다. 또한 stack에는 경로/개인정보가 포함될 수 있어 외부 전송 시 마스킹이 필요합니다. 오류 처리는 관측성과 직결되므로, 에러 스키마를 표준화해두면 대응 속도가 크게 올라갑니다. 메시지 기반 시스템에서는 에러도 메시지의 한 종류로 설계해야 합니다.		Error를 직렬화 가능한 형태로 변환해 전달하는 게 더 안전할 수 있다	TRUE	Error는 항상 stack까지 완벽히 복제되므로 변환이 필요 없다	FALSE	Error는 복제 불가라 catch가 불가능하다	FALSE	Error는 자동으로 JSON으로 변환되어 안전하다	FALSE	frontend	javascript	error	
Q291	History API와 pushState		Frontend - JavaScript	12	CHOICE	HARD	SPA 라우팅에서 주소를 바꾸되 페이지를 새로고침하지 않기 위해 자주 쓰는 API는?	History API의 pushState/replaceState는 페이지 리로드 없이 URL을 변경하고 상태를 쌓을 수 있습니다. 면접에서는 hash 라우팅과 비교, popstate 이벤트 처리까지 묻습니다. 실무에서는 브라우저 뒤로가기/앞으로가기 UX를 자연스럽게 만들기 위해 popstate 핸들러와 상태 동기화가 핵심입니다. 서버도 직접 접근(새로고침) 시 동일 라우트를 서빙하도록 설정해야 404를 막을 수 있습니다. 또한 상태 객체에 큰 데이터를 넣으면 메모리/성능에 부담이 될 수 있어 최소 정보만 담는 것이 좋습니다. 라우팅은 앱 전체 UX와 직결되므로, History API의 동작을 정확히 이해하는 것이 중요합니다.		history.pushState	TRUE	location.reload	FALSE	document.write	FALSE	navigator.sendBeacon	FALSE	frontend	javascript	web	
Q292	popstate 이벤트		Frontend - JavaScript	12	CHOICE	HARD	사용자가 브라우저 뒤로가기/앞으로가기를 눌렀을 때 SPA 라우터가 주로 감지하는 이벤트는?	popstate는 히스토리 엔트리가 활성화될 때 발생합니다. pushState는 popstate를 자동 발생시키지 않기 때문에, 라우터는 pushState/replaceState 호출과 popstate 모두를 처리해야 합니다. 면접에서는 이 차이를 함정으로 물을 수 있습니다. 실무에서는 링크 클릭, 프로그래매틱 네비게이션, 브라우저 네비게이션이 모두 동일한 라우팅 흐름으로 수렴하도록 설계해야 버그가 줄어듭니다. 또한 scroll restoration 정책(뒤로가기 시 스크롤 위치)도 함께 다루면 UX가 좋아집니다. 라우팅 관련 버그는 재현이 까다로워 e2e 테스트로 커버하는 것도 중요합니다.		popstate	TRUE	hashchange	FALSE	beforeunload	FALSE	visibilitychange	FALSE	frontend	javascript	web	
Q293	URLSearchParams와 인코딩		Frontend - JavaScript	12	CHOICE	HARD	쿼리 문자열을 안전하게 생성하고 자동 인코딩을 제공하는 표준 도구는?	URLSearchParams는 쿼리 파라미터를 키-값으로 다루고 문자열로 변환할 때 인코딩을 처리해 줍니다. 면접에서는 encodeURIComponent 직접 조립 방식과 비교해 장단점을 묻습니다. 실무에서는 파라미터가 많아질수록 수동 조립은 버그가 나기 쉬우므로 URLSearchParams가 안전합니다. 다만 동일 키 반복, 배열 표현 방식 등은 서버 파서와 계약이 필요합니다. 또한 공백 처리(+) vs %20 등 세부 인코딩 차이가 문제가 될 수 있어, 서버/클라이언트가 동일 규칙을 따르도록 테스트가 필요합니다. URL 처리는 작은 실수가 큰 장애로 이어질 수 있어 표준 API를 활용하는 것이 유리합니다.		URLSearchParams	TRUE	QueryStringBuilder	FALSE	FormEncoder	FALSE	ParamSerializer	FALSE	frontend	javascript	web	
Q294	postMessage 보안(origin 검증)		Frontend - JavaScript	12	CHOICE	HARD	window.postMessage를 사용할 때 보안적으로 반드시 고려해야 할 핵심은?	postMessage는 다른 오리진과도 메시지를 주고받을 수 있어, 수신 측에서 event.origin 검증이 필수입니다. 면접에서는 targetOrigin을 '*'로 두는 위험과, 메시지 스키마 검증까지 묻기도 합니다. 실무에서는 메시지에 민감 정보가 포함되지 않도록 최소화하고, 허용 오리진 화이트리스트와 타입 기반 검증을 적용해야 합니다. 또한 공격자가 임의로 메시지를 보내는 것을 가정하고, 상태 변경 메시지는 인증/권한을 추가로 확인하는 것이 좋습니다. 보안은 “기능이 되면 끝”이 아니라, 악의적 입력을 전제로 설계하는 습관이 중요합니다. iframe 통합이나 결제/로그인 위젯 연동에서 특히 많이 쓰이므로, 안전한 패턴을 확실히 익혀두면 강점이 됩니다.		event.origin과 메시지 스키마를 검증해야 한다	TRUE	콘솔에만 출력하면 안전하다	FALSE	JSON.stringify만 하면 공격이 불가능하다	FALSE	같은 탭이면 origin 검증이 필요 없다	FALSE	frontend	javascript	security	
Q295	엄격 모드(Strict Mode)		Frontend - JavaScript	12	OX	EASY	strict mode에서는 선언 없이 변수에 값을 대입하면 에러가 발생한다.	strict mode는 자바스크립트의 느슨한 동작을 줄이고 안전한 코드를 유도하는 모드입니다. 선언 없이 변수에 값을 할당하면 암묵적으로 전역 변수가 생길 수 있는데, strict mode에서는 이런 실수를 바로 에러로 막아줍니다. 면접에서는 strict mode가 어떤 종류의 버그를 줄이는지(전역 오염, 조용한 실패 등)를 설명할 수 있어야 합니다. 실무에서는 모듈(ESM)에서는 기본적으로 strict가 적용되는 점도 함께 알아두면 좋습니다. 특히 레거시 스크립트에 strict를 적용할 때 기존 코드가 에러를 내는 경우가 있으니 단계적으로 적용하고 테스트하는 습관이 중요합니다.		O	TRUE	X	FALSE					frontend	javascript	syntax	
Q296	this 바인딩(this binding)		Frontend - JavaScript	12	OX	EASY	화살표 함수의 this는 호출 방법에 따라 동적으로 바뀐다.	화살표 함수는 일반 함수와 달리 this를 새로 바인딩하지 않고, 바깥 렉시컬 스코프의 this를 그대로 캡처합니다. 그래서 call/apply/bind로 this를 바꿔도 화살표 함수 내부의 this는 달라지지 않습니다. 면접에서는 “일반 함수 vs 화살표 함수의 this 차이”가 단골로 출제됩니다. 실무에서는 콜백에서 this가 흔들려 버그가 나는 상황에서 화살표 함수를 쓰면 안정적이지만, 반대로 메서드로서 동적 this가 필요한 경우에는 부적절할 수 있습니다. 즉, 편의성 때문에 무조건 화살표로 통일하기보다 의도에 맞게 선택하는 것이 중요합니다.		O	FALSE	X	TRUE					frontend	javascript	function	
Q297	호이스팅(Hoisting)		Frontend - JavaScript	12	OX	EASY	var로 선언한 변수는 선언부가 스코프의 최상단으로 끌어올려진 것처럼 동작할 수 있다.	호이스팅은 선언이 실행 전에 처리되는 것처럼 보이는 자바스크립트의 동작 특성입니다. var는 함수 스코프 기준으로 선언이 호이스팅되고, 초기값은 undefined로 설정될 수 있습니다. 면접에서는 “왜 var는 지양하나”로 이어지며, let/const의 TDZ와 비교 설명을 요구하는 경우가 많습니다. 실무에서는 var 호이스팅이 조건문/반복문 내부 선언을 예측하기 어렵게 만들어 버그를 유발할 수 있어 let/const가 권장됩니다. 호이스팅은 개념을 정확히 이해하면 디버깅 속도를 올려주지만, 의존해서 코드를 짜는 것은 피하는 게 좋습니다.		O	TRUE	X	FALSE					frontend	javascript	scope	
Q298	TDZ(Temporal Dead Zone)		Frontend - JavaScript	12	OX	EASY	let/const는 선언 이전에 접근하면 ReferenceError가 발생할 수 있다.	let/const는 스코프에 바인딩이 생성되지만 초기화되기 전까지는 TDZ(Temporal Dead Zone)에 놓입니다. 이 구간에서 접근하면 ReferenceError가 발생해, var처럼 undefined로 조용히 넘어가지 않습니다. 면접에서는 TDZ가 왜 필요한지(실수 조기 발견, 안정성)를 설명하는 질문이 자주 나옵니다. 실무에서는 선언 전에 사용되는 코드를 빠르게 발견할 수 있어 유지보수성이 좋아집니다. 다만 번들링/트랜스파일 환경에서 코드가 재배치되면 TDZ 문제가 드러나는 경우도 있어, 선언과 사용 순서를 명확히 하는 습관이 중요합니다.		O	TRUE	X	FALSE					frontend	javascript	scope	
Q299	타입(typeof)		Frontend - JavaScript	12	OX	EASY	typeof null의 결과는 "null"이다.	typeof는 런타임 타입을 문자열로 반환하지만, null은 역사적인 이유로 typeof null이 "object"로 나오는 유명한 예외가 있습니다. 면접에서는 이 함정을 통해 JS의 타입 시스템 이해도를 확인하는 경우가 많습니다. 실무에서는 null 체크를 typeof로 하면 오동작하므로, value === null처럼 직접 비교하거나, nullish 처리(??)를 쓰는 것이 일반적입니다. 또한 객체 여부를 확인하려면 null을 먼저 배제하고 typeof value === "object" 같은 조건을 조합해야 합니다. 이런 자잘한 함정을 알고 있으면 디버깅에서 시간을 크게 아낄 수 있습니다.		O	FALSE	X	TRUE					frontend	javascript	type	
Q300	NaN(Not a Number)		Frontend - JavaScript	12	OX	EASY	NaN은 자기 자신과 비교하면 true가 나온다.	NaN은 “숫자가 아님”을 의미하는 특별한 값으로, IEEE 규칙에 따라 어떤 값과도 같지 않으며 자기 자신과도 같지 않습니다. 그래서 NaN === NaN은 false입니다. 면접에서는 NaN 판별을 어떻게 하냐( Number.isNaN 사용 )로 확장 질문이 잘 나옵니다. 실무에서는 isNaN의 암묵적 변환 함정 때문에 Number.isNaN을 쓰는 편이 안전합니다. 특히 입력값 파싱 과정에서 NaN이 생기면 이후 계산이 전파되므로, 초기에 검증하고 에러 처리하는 습관이 중요합니다.		O	FALSE	X	TRUE					frontend	javascript	number	
Q301	배열(Array)		Frontend - JavaScript	12	OX	EASY	Array.isArray([])는 true를 반환한다.	자바스크립트에서 배열은 객체이지만, 정확히 배열인지 판별하려면 Array.isArray를 쓰는 것이 표준적입니다. typeof로는 배열과 객체를 구분할 수 없고, instanceof는 iframe 경계에서 깨질 수 있는 경우가 있습니다. 면접에서는 “배열 판별은 어떻게 하냐”가 자주 나오며 Array.isArray가 정답으로 기대됩니다. 실무에서는 API 응답 타입을 검증할 때 배열 여부를 체크하는 일이 많아 안전한 판별법을 알아두면 좋습니다. 또한 배열 메서드 호출 전 타입 가드를 두면 런타임 에러를 줄일 수 있습니다. 작은 습관이지만 운영 품질에 큰 차이를 만듭니다.		O	TRUE	X	FALSE					frontend	javascript	array	
Q302	참조 타입(Reference Type)		Frontend - JavaScript	12	OX	EASY	객체를 다른 변수에 대입하면 값이 복사되고 원본과 독립적으로 변경된다.	객체/배열은 참조 타입이므로 변수에는 값 자체가 아니라 참조(주소 개념)가 들어갑니다. 따라서 같은 객체를 두 변수가 참조하면 한쪽에서 변경한 내용이 다른 쪽에서도 보입니다. 면접에서는 얕은 복사/깊은 복사, 불변성 전략으로 확장 질문이 나옵니다. 실무에서는 상태 관리(React 등)에서 참조 공유가 의도치 않은 사이드이펙트를 만들 수 있어, 스프레드/구조적 공유 등으로 불변 업데이트를 하는 패턴이 중요합니다. 또한 함수 인자로 객체를 넘길 때도 내부에서 mutate하면 호출자 상태가 바뀔 수 있어 주의해야 합니다. 참조 타입 이해는 버그 예방의 기본기입니다.		O	FALSE	X	TRUE					frontend	javascript	object	
Q303	스코프(Scope)		Frontend - JavaScript	12	OX	EASY	let은 블록 스코프를 가진다.	let은 중괄호({})로 구분되는 블록 단위 스코프를 갖습니다. 반면 var는 함수 스코프라서 if/for 내부에서 선언해도 함수 전체에서 보일 수 있습니다. 면접에서는 var와 let/const 차이를 스코프 관점에서 명확히 설명하는지를 봅니다. 실무에서는 반복문에서 let을 쓰면 i 캡처 문제(클로저)도 줄어들어 안정적입니다. 블록 스코프는 코드 의도를 더 명확히 하고, 변수 생명주기를 좁혀 유지보수성을 높입니다. 따라서 최신 코드에서는 let/const를 기본으로 쓰는 컨벤션이 일반적입니다.		O	TRUE	X	FALSE					frontend	javascript	scope	
Q304	JSON(JSON)		Frontend - JavaScript	12	OX	EASY	JSON.stringify는 함수(Function)를 직렬화해서 문자열로 포함할 수 있다.	JSON은 데이터 교환 포맷으로 함수나 undefined 같은 값을 직접 표현하지 못합니다. stringify 과정에서 함수는 보통 무시되거나(객체 프로퍼티면 제거), 배열 요소면 null로 처리되는 등 기대와 다른 결과가 나올 수 있습니다. 면접에서는 “JSON 직렬화의 한계”를 묻고, 대안(커스텀 직렬화, replacer 등)까지 이야기하게 할 수 있습니다. 실무에서는 네트워크 전송/로컬 저장 시 JSON을 많이 쓰므로, 지원 타입을 정확히 알고 있어야 데이터 누락 버그를 막을 수 있습니다. 또한 Date는 문자열로 변해 타입 정보가 사라지니, 복원 전략(ISO 문자열, reviver)도 함께 설계하는 게 좋습니다. 직렬화는 시스템 경계에서 생기는 버그의 주요 원인이라 매우 중요합니다.		O	FALSE	X	TRUE					frontend	javascript	data	
Q305	이벤트 루프(Event Loop)		Frontend - JavaScript	12	OX	EASY	setTimeout의 콜백은 현재 콜스택이 비워진 뒤에 실행될 수 있다.	setTimeout 콜백은 태스크 큐에 들어가며, 현재 실행 중인 콜스택이 끝난 후 이벤트 루프에 의해 실행될 수 있습니다. 면접에서는 마이크로태스크(Promise.then)와의 우선순위 차이로 확장 질문이 나옵니다. 실무에서는 “왜 setTimeout(0)인데 바로 안 되나” 같은 오해를 많이 하므로, 태스크 큐와 렌더링 타이밍을 함께 이해해야 합니다. 또한 긴 동기 작업이 있으면 콜백 실행이 계속 지연되어 UI가 멈추는 현상이 생길 수 있습니다. 따라서 작업을 잘게 쪼개거나 워커를 쓰는 등 메인 스레드 부하를 관리하는 설계가 중요합니다. 이벤트 루프를 이해하면 비동기 버그를 훨씬 빠르게 잡을 수 있습니다.		O	TRUE	X	FALSE					frontend	javascript	async	
Q306	Promise(Promise)		Frontend - JavaScript	12	OX	EASY	Promise.then 콜백은 일반적으로 마이크로태스크로 처리된다.	Promise.then은 보통 마이크로태스크 큐에서 처리되어, 같은 틱에서 setTimeout 같은 매크로태스크보다 먼저 실행되는 경향이 있습니다. 면접에서는 “출력 순서 맞히기” 문제로 단골 출제되곤 합니다. 실무에서는 이 우선순위 때문에 UI 업데이트보다 then이 먼저 몰아서 실행되면 렌더링이 지연되는 경우가 있어 주의해야 합니다. 마이크로태스크를 과도하게 쌓으면 사용자 입력 처리와 렌더가 늦어질 수 있습니다. 따라서 대량 작업은 배치 처리하거나, 적절히 yield하는 구조(queueMicrotask 남발 금지)를 고민해야 합니다. 비동기 모델을 이해하면 성능과 버그를 동시에 줄일 수 있습니다.		O	TRUE	X	FALSE					frontend	javascript	promise	
Q307	배열 메서드(map)		Frontend - JavaScript	12	OX	EASY	map은 원본 배열을 변경하지 않고 새로운 배열을 반환한다.	Array.prototype.map은 각 요소를 변환해 새 배열을 만들며, 원본 배열 자체를 직접 수정하지 않는 것이 일반적입니다. 면접에서는 map과 forEach의 차이(반환, 변환 vs 순회)를 자주 묻습니다. 실무에서는 불변성을 유지하는 코드를 작성할 때 map이 매우 유용하지만, 콜백 내부에서 요소 객체를 mutate하면 사실상 원본 데이터가 바뀐 것처럼 보일 수 있어 주의해야 합니다. 또한 map은 “변환”이 목적이므로, 단순 부작용 작업에는 forEach가 더 적절합니다. 적절한 메서드를 선택하면 코드 의도가 명확해지고 리뷰 품질도 올라갑니다. 성능도 중요하지만 가독성과 의도 표현이 더 큰 가치를 갖는 경우가 많습니다.		O	TRUE	X	FALSE					frontend	javascript	array	
Q308	비교 연산자(==)		Frontend - JavaScript	12	OX	EASY	비교 연산자(==) 는 타입 변환을 하지 않고 값과 타입이 모두 같을 때만 true가 된다.	동등 비교에는 느슨한 비교(==)와 엄격한 비교(===)가 있으며, ==는 비교 과정에서 타입 변환을 시도할 수 있습니다. 이 때문에 0과 "0"처럼 다른 타입도 true가 될 수 있어 예기치 못한 결과가 나올 수 있습니다. 면접에서는 왜 엄격 비교를 기본으로 권장하는지, 그리고 ==가 어떤 경우에 위험한지를 설명할 수 있어야 합니다. 실무에서는 비교 로직의 안정성을 위해 엄격 비교를 우선 사용하고, 필요한 경우에만 명확히 의도를 드러내며 ==를 고려하는 편이 안전합니다. 특히 폼 입력처럼 문자열로 들어오는 값 비교에서 타입 변환을 의도하지 않으면 버그가 나기 쉽습니다. 비교는 단순해 보이지만 버그를 크게 만드는 지점이라 습관이 중요합니다.		O	FALSE	X	TRUE					frontend	javascript	operator	
Q309	함수 스코프(var)		Frontend - JavaScript	12	OX	EASY	var는 블록 스코프를 가진다.	var는 블록 스코프가 아니라 함수 스코프를 갖습니다. 그래서 if/for 블록 안에서 선언해도 같은 함수 안이면 밖에서도 접근되는 경우가 생깁니다. 면접에서는 이 특성이 왜 버그를 만들기 쉬운지(변수 재선언, 예상치 못한 값 공유)를 설명하는 문제가 자주 나옵니다. 실무에서는 이런 위험 때문에 var 대신 let/const를 기본으로 쓰는 팀이 대부분입니다. 특히 반복문에서 var를 쓰면 클로저가 마지막 값만 참조하는 문제도 발생하기 쉬워, UI 이벤트 핸들러에서 버그가 자주 납니다. 레거시 코드 유지보수 시 var를 만나면 스코프를 먼저 의심하는 습관이 디버깅에 도움이 됩니다.		O	FALSE	X	TRUE					frontend	javascript	scope	
Q310	템플릿 리터럴(Template Literal)		Frontend - JavaScript	12	OX	EASY	템플릿 리터럴은 백틱 기호로 문자열을 감싼다.	템플릿 리터럴은 백틱으로 문자열을 감싸고, ${} 문법으로 값을 삽입할 수 있습니다. 면접에서는 문자열 연결(+)과 비교해 가독성, 멀티라인 지원 여부를 묻는 경우가 많습니다. 실무에서는 로그 메시지, UI 텍스트 조합, URL 조립 등에서 템플릿 리터럴을 쓰면 코드가 훨씬 읽기 쉬워집니다. 다만 사용자 입력을 그대로 삽입해 HTML을 만들면 XSS 위험이 생길 수 있으니, DOM 삽입은 반드시 이스케이프/안전한 렌더링 방식을 사용해야 합니다. 또한 태그드 템플릿(tagged template)은 더 고급 기능이라, 기본 템플릿 리터럴과 혼동하지 않도록 구분하는 것이 좋습니다. 문자열 작업은 사소해 보여도 보안과 UX에 큰 영향을 줍니다.		O	TRUE	X	FALSE					frontend	javascript	syntax	
Q311	구조 분해(Destructuring)		Frontend - JavaScript	12	OX	EASY	객체 구조 분해에서 존재하지 않는 프로퍼티를 꺼내면 기본값이 없을 때 undefined가 된다.	구조 분해는 객체/배열에서 값을 꺼내 변수에 할당하는 문법입니다. 대상 프로퍼티가 없으면 기본값을 지정하지 않은 경우 undefined가 됩니다. 면접에서는 기본값이 언제 적용되는지(undefined일 때만)로 확장 질문이 자주 나옵니다. 실무에서는 API 응답에서 필드가 누락될 수 있으니, 구조 분해와 기본값을 적절히 쓰면 코드가 안전해집니다. 다만 null과 undefined를 구분해야 하는 상황에서는 기본값이 기대대로 적용되지 않을 수 있어 주의가 필요합니다. 구조 분해는 편리하지만 가독성을 해치지 않도록 변수명을 명확히 하고, 과도한 중첩 구조 분해는 피하는 것이 유지보수에 좋습니다. 문법을 잘 쓰면 코드가 짧아지지만, 읽기 쉬움이 더 우선이라는 점을 기억하는 게 좋습니다.		O	TRUE	X	FALSE					frontend	javascript	syntax	
Q312	배열 길이(length)		Frontend - JavaScript	12	OX	EASY	배열의 length를 더 작은 값으로 설정하면 배열이 그 길이로 잘려 나갈 수 있다.	자바스크립트 배열은 length 프로퍼티를 직접 변경할 수 있고, 더 작은 값으로 설정하면 뒤쪽 요소가 제거된 것처럼 동작할 수 있습니다. 면접에서는 배열이 “연속 메모리”가 아니라는 점과 함께 동작 특성을 묻기도 합니다. 실무에서는 이 기능을 일부러 쓰기보다는, slice나 splice 같은 의도가 명확한 메서드를 쓰는 편이 안전합니다. length 조작은 가독성이 떨어지고, 의도치 않게 데이터를 날릴 수 있어 위험합니다. 다만 레거시 코드에서 length=0으로 배열을 비우는 패턴을 볼 수 있으니, 의미를 알고 있어야 디버깅이 가능합니다. 상태 관리에서는 이런 파괴적 변경이 버그로 이어질 수 있어 특히 주의해야 합니다.		O	TRUE	X	FALSE					frontend	javascript	array	
Q313	const 재할당(const)		Frontend - JavaScript	12	OX	EASY	const로 선언한 객체는 내부 프로퍼티까지 변경할 수 없다.	const는 “변수 바인딩 재할당”을 막을 뿐, 객체 내부 상태를 불변으로 만들지는 않습니다. 즉, const obj = {}에서 obj = {} 재할당은 불가능하지만 obj.a = 1 같은 변경은 가능합니다. 면접에서는 이 차이를 정확히 설명하는지 자주 확인합니다. 실무에서는 불변 객체가 필요하면 Object.freeze 같은 방법을 고려하지만, 이것도 얕은 동결이어서 깊은 구조에서는 추가 전략이 필요합니다. React 상태처럼 불변성을 전제로 하는 곳에서는 const만 믿고 mutate하면 큰 버그가 납니다. 따라서 “const = 불변 객체”라는 오해를 버리고, 데이터 불변성은 별도의 규칙/도구로 관리해야 합니다. 변수 선언 키워드와 데이터 불변성은 다른 문제라는 점을 분명히 이해하는 것이 중요합니다.		O	FALSE	X	TRUE					frontend	javascript	immutability	
Q314	옵셔널 체이닝(Optional Chaining)		Frontend - JavaScript	12	OX	EASY	obj?.a 는 obj가 null 또는 undefined이면 에러 없이 undefined로 평가될 수 있다.	옵셔널 체이닝은 안전한 접근을 돕는 문법으로, 중첩 객체에서 null/undefined로 인한 런타임 에러를 줄입니다. 면접에서는 “어떤 경우에 유용한가”와 함께, 옵셔널 체이닝이 에러를 숨길 수 있다는 점도 함께 말하면 좋습니다. 실무에서는 API 응답처럼 구조가 불확실한 데이터에 접근할 때 코드가 깔끔해집니다. 다만 정말 필수 값이어야 하는데 optional chaining으로 조용히 undefined가 되어 버그가 늦게 발견될 수 있으니 주의가 필요합니다. 중요한 값은 스키마 검증이나 명시적 예외 처리로 빠르게 실패하게 만드는 것이 안정적입니다. 문법은 편의 수단일 뿐, 데이터 신뢰성 설계를 대신하지 않는다는 점이 포인트입니다.		O	TRUE	X	FALSE					frontend	javascript	syntax	
Q315	함수 선언(Function Declaration)		Frontend - JavaScript	12	OX	EASY	함수 선언문은 코드에서 선언 위치보다 앞에서 호출해도 동작할 수 있다.	함수 선언문은 호이스팅되어 스코프 최상단에 올라간 것처럼 동작할 수 있습니다. 그래서 선언 이전 호출이 가능한 경우가 많습니다. 면접에서는 함수 표현식과 비교하여 “왜 어떤 건 되고 어떤 건 안 되나”를 묻는 질문이 자주 나옵니다. 실무에서는 선언 이전 호출이 가능하더라도, 가독성과 유지보수성을 위해 정의 후 사용을 선호하는 팀이 많습니다. 특히 모듈 시스템과 번들러 환경에서는 순서가 바뀌며 예상치 못한 의존성 문제가 생길 수 있으니, 호출/정의 순서를 명확히 하는 습관이 좋습니다. 호이스팅은 동작을 이해하는 것이 중요하지만, 의도적으로 활용하기보다는 명확한 코드 구조를 유지하는 것이 안전합니다.		O	TRUE	X	FALSE					frontend	javascript	function	
Q316	함수 표현식(Function Expression)		Frontend - JavaScript	12	OX	EASY	const f = function(){} 형태의 함수 표현식은 선언문처럼 항상 앞에서 호출 가능하다.	함수 표현식은 변수에 함수가 할당되는 형태이므로, 변수 초기화가 끝나기 전에는 호출할 수 없습니다. let/const는 TDZ도 있어 초기화 전에 접근하면 ReferenceError가 발생할 수 있습니다. 면접에서는 “함수 선언 vs 함수 표현식 차이”를 통해 실행 순서를 이해하는지 확인하는 경우가 많습니다. 실무에서는 함수 표현식이 더 예측 가능한 흐름을 만들어주는 장점이 있지만, 정의 전에 호출하면 에러가 나므로 코드 구조를 명확히 해야 합니다. 또한 함수 표현식은 클로저, 콜백 전달 등에서 유연하게 쓰이지만, 디버깅을 위해 함수 이름을 붙이는 습관이 도움이 될 수 있습니다. 호이스팅에 기대지 않는 구조가 팀 협업에서 더 안정적입니다.		O	FALSE	X	TRUE					frontend	javascript	function	
Q317	배열 순회(forEach)		Frontend - JavaScript	12	OX	EASY	forEach는 원본 배열의 길이를 바꾸지 않는 한, 모든 요소에 대해 콜백을 실행한다.	forEach는 배열의 각 요소를 순회하며 콜백을 실행하는 메서드입니다. 면접에서는 forEach가 break/continue를 지원하지 않는다는 점까지 확장되기도 합니다. 실무에서는 “순회하며 부작용(side effect) 작업”이 목적일 때 forEach가 적절하고, 변환이 목적이면 map이 더 적절합니다. 또한 forEach 콜백에서 배열을 수정하면 순회 결과가 직관과 다를 수 있어 주의가 필요합니다. 큰 배열에서 forEach 내부가 무거우면 UI가 멈출 수 있으니, 작업을 나누거나 비동기 처리를 고려하는 것도 중요합니다. 배열 순회 메서드는 편리하지만, 목적에 맞게 선택하는 것이 유지보수성을 높입니다.		O	TRUE	X	FALSE					frontend	javascript	array	
Q318	문자열 불변성(String Immutability)		Frontend - JavaScript	12	OX	EASY	자바스크립트에서 문자열은 불변(immutable)이라 인덱스로 문자를 직접 바꿀 수 없다.	자바스크립트의 문자열은 불변이라 특정 인덱스 문자를 직접 수정할 수 없습니다. 면접에서는 문자열 조작 시 왜 새 문자열이 만들어지는지를 이해하는지 확인할 수 있습니다. 실무에서는 긴 문자열을 반복해서 더하면 성능이 떨어질 수 있어, StringBuilder 역할을 하는 배열 join이나 템플릿 리터럴, 또는 StringBuilder에 가까운 패턴을 고려해야 합니다. 특히 반복문에서 +=를 많이 쓰면 GC 부담이 커질 수 있습니다. 문자열 불변성은 단순 문법 지식이 아니라 성능/메모리 이슈로도 연결됩니다. 따라서 문자열 작업이 많은 기능(로그, 텍스트 처리)에서는 구현 방식을 신중히 선택하는 것이 좋습니다. 작은 차이가 체감 성능을 바꿀 수 있습니다.		O	TRUE	X	FALSE					frontend	javascript	string	
Q319	배열과 문자열 변환(join)		Frontend - JavaScript	12	OX	EASY	["a","b"].join("") 의 결과는 "ab"다.	join은 배열 요소를 문자열로 이어 붙이는 메서드입니다. 구분자를 ""로 주면 요소가 붙어서 하나의 문자열이 됩니다. 면접에서는 join의 동작과, 대량 문자열 생성에서 join이 유리할 수 있다는 점까지 확장될 수 있습니다. 실무에서는 반복문으로 문자열을 누적하기보다, 조각을 배열에 모아 마지막에 join하는 방식이 성능에 도움이 되는 경우가 많습니다. 특히 템플릿 생성, CSV 생성 등에서 유용합니다. 다만 요소에 undefined나 null이 섞이면 빈 문자열처럼 취급될 수 있어 결과가 예상과 달라질 수 있으니, 입력 데이터 정제를 함께 고려해야 합니다. 문자열 조립은 기능뿐 아니라 성능까지 고려하면 더 좋은 답이 됩니다.		O	TRUE	X	FALSE					frontend	javascript	array	
Q320	Date 객체(Date)		Frontend - JavaScript	12	OX	EASY	new Date("2020-01-01") 같은 문자열 파싱은 환경에 따라 해석 차이가 날 수 있다.	Date 문자열 파싱은 표준화된 형태(ISO 8601)라도 세부 동작이 환경/타임존에 따라 예상과 달라 보일 수 있습니다. 면접에서는 “타임존/DST 때문에 날짜 버그가 난다”는 사례로 자주 연결됩니다. 실무에서는 서버와 클라이언트의 타임존이 다르면 하루가 밀리거나, 자정 기준이 꼬이는 문제가 발생할 수 있어 위험합니다. 그래서 날짜는 보통 UTC 기준 타임스탬프를 저장하고, 표시할 때만 로케일/타임존을 적용하는 방식이 안전합니다. 또한 파싱은 라이브러리나 명시적 포맷(예: "2020-01-01T00:00:00Z")을 사용하는 것이 예측 가능성을 높입니다. 시간 처리는 작은 오차가 큰 장애로 이어질 수 있어 설계부터 조심해야 합니다.		O	TRUE	X	FALSE					frontend	javascript	date	
Q321	배열 요소 추가(push)		Frontend - JavaScript	12	OX	EASY	push는 배열 끝에 요소를 추가하고 새로운 length를 반환한다.	push는 배열의 끝에 요소를 추가하는 대표적인 메서드이며, 호출 결과로 변경된 length를 반환합니다. 면접에서는 push가 원본 배열을 변경하는 “파괴적 메서드”라는 점을 물을 수 있습니다. 실무에서는 불변성을 지켜야 하는 상태 관리에서는 push 대신 스프레드([...arr, x]) 같은 방식이 더 안전합니다. 다만 성능이 중요한 내부 로직에서는 push가 효율적일 수 있어, 상황에 따라 선택이 달라집니다. “어떤 곳에서 mutate가 허용되는가”라는 기준을 팀에서 합의해두면 혼란이 줄어듭니다. 배열 메서드는 단순히 동작만 아는 것이 아니라, 불변성/성능/가독성 관점에서 선택하는 능력이 면접에서 강점이 됩니다.		O	TRUE	X	FALSE					frontend	javascript	array	
Q322	배열 요소 삭제(pop)		Frontend - JavaScript	12	OX	EASY	pop은 배열의 첫 번째 요소를 제거한다.	pop은 배열의 “마지막” 요소를 제거하고 그 요소를 반환합니다. 첫 번째 요소를 제거하려면 shift를 사용합니다. 면접에서는 pop/shift 차이와 시간 복잡도(shift는 요소 재정렬로 비용이 커질 수 있음)까지 확장되기도 합니다. 실무에서는 큐를 배열로 구현할 때 shift를 반복하면 성능 문제가 생길 수 있어, 인덱스 포인터를 두거나 deque 자료구조를 고려하는 것이 좋습니다. 단순한 API 차이처럼 보여도, 실제 서비스에서 대량 데이터 처리 시 성능 병목이 될 수 있습니다. 따라서 “어떤 메서드가 어느 쪽을 다루는지”를 정확히 구분해두면 디버깅과 최적화에 도움이 됩니다. 작은 기본기가 쌓이면 실무에서도 강해집니다.		O	FALSE	X	TRUE					frontend	javascript	array	
Q323	스프레드 연산자(Spread)		Frontend - JavaScript	12	OX	EASY	스프레드 연산자는 배열을 얕게 복사할 때 자주 사용된다.	스프레드 연산자(...)는 배열/객체를 펼쳐서 새 배열/객체를 만드는 데 자주 쓰이며, 결과는 얕은 복사입니다. 면접에서는 얕은 복사와 깊은 복사의 차이를 설명하는지 자주 확인합니다. 실무에서는 상태 업데이트에서 스프레드를 많이 쓰지만, 내부에 중첩 객체가 있으면 참조가 공유되어 예상치 못한 변경이 퍼질 수 있습니다. 이런 경우에는 변경 경로만 새로 만드는 구조적 공유를 지키거나, 중첩 구조를 단순화하는 설계가 중요합니다. 또한 스프레드는 편하지만 대규모 객체/배열을 자주 복사하면 성능 비용이 생길 수 있어, 변경 빈도와 데이터 크기를 함께 고려해야 합니다. 불변성은 습관이지만, 성능과 균형을 잡는 것이 실무 포인트입니다.		O	TRUE	X	FALSE					frontend	javascript	immutability	
Q324	객체 프로퍼티 접근		Frontend - JavaScript	12	OX	EASY	객체 프로퍼티는 점 표기법과 대괄호 표기법으로 접근할 수 있다.	객체 프로퍼티 접근은 점 표기법(obj.a)과 대괄호 표기법(obj["a"])을 모두 지원합니다. 면접에서는 언제 대괄호가 필요한지(동적 키, 공백/특수문자 포함 키)까지 묻는 경우가 많습니다. 실무에서는 서버에서 내려온 키가 동적이거나, 키 목록을 순회하며 값을 꺼낼 때 대괄호 표기법이 유용합니다. 다만 대괄호를 남발하면 타입 추론이 약해지고 오타를 잡기 어려워질 수 있어, 가능한 정적 키는 점 표기법을 쓰는 편이 안전합니다. 또한 프로퍼티 존재 여부를 확인할 때는 in, hasOwnProperty, optional chaining 등을 상황에 맞게 조합해야 합니다. 단순 문법 같지만 데이터 구조를 다루는 기본기라 중요합니다.		O	TRUE	X	FALSE					frontend	javascript	object	
Q325	delete 연산자(delete)		Frontend - JavaScript	12	OX	EASY	delete obj.a 는 객체에서 프로퍼티 a를 제거할 수 있다.	delete 연산자는 객체에서 특정 프로퍼티를 제거할 수 있습니다. 면접에서는 delete의 영향과, 배열 요소에 delete를 쓰면 구멍(hole)이 생긴다는 점까지 확장될 수 있습니다. 실무에서는 성능/최적화 관점에서 delete가 객체 형태를 바꿔 엔진 최적화에 불리할 수 있어, 필요하면 새 객체를 만들어 제외하는 불변 패턴을 쓰기도 합니다. 또한 데이터 모델에서 “없음”을 delete로 표현할지, null/undefined로 표현할지 규칙을 정해두는 것이 중요합니다. 삭제는 로직을 단순하게 만들 수도 있지만, 추적이 어려워질 수도 있으니 팀 정책이 필요합니다. 특히 상태 관리에서는 delete 대신 구조 분해로 제외하는 패턴이 더 자주 쓰입니다. 기능뿐 아니라 유지보수 관점에서 선택하는 능력이 중요합니다.		O	TRUE	X	FALSE					frontend	javascript	object	
Q326	배열 splice(splice)		Frontend - JavaScript	12	OX	EASY	splice는 원본 배열을 변경할 수 있다.	splice는 배열에서 요소를 제거/추가/치환할 수 있는 강력한 메서드이며, 원본 배열을 직접 변경합니다. 면접에서는 slice(비파괴)와 splice(파괴) 차이를 정확히 구분하는지를 자주 묻습니다. 실무에서는 상태 업데이트에서는 splice를 직접 쓰면 불변성이 깨져 버그로 이어질 수 있어 주의해야 합니다. 반면, 내부 로직에서 성능이 중요하고 변경이 허용되는 경우에는 splice가 편리할 수 있습니다. 따라서 “어디까지 mutate를 허용할지”를 기준으로 두고 선택하는 것이 좋습니다. 또한 splice는 인덱스 계산 실수로 데이터가 통째로 날아갈 수 있어, 테스트와 가독성(명확한 변수명)이 중요합니다. 파괴적 메서드는 강력하지만 그만큼 위험도 큽니다.		O	TRUE	X	FALSE					frontend	javascript	array	
Q327	배열 slice(slice)		Frontend - JavaScript	12	OX	EASY	slice는 원본 배열을 변경하지 않는다.	slice는 배열의 일부 구간을 복사해 새 배열로 반환하며, 원본 배열을 변경하지 않습니다. 면접에서는 slice/splice 혼동을 많이 해서 단골로 출제됩니다. 실무에서는 불변 업데이트에서 slice로 앞/뒤를 나누고 스프레드로 합치는 패턴이 자주 쓰입니다. 다만 slice도 얕은 복사이므로, 요소가 객체라면 내부 참조는 공유됩니다. 즉, 새 배열을 얻었다고 해서 내부 객체까지 안전해지는 것은 아니라는 점을 이해해야 합니다. 또한 음수 인덱스, 끝 인덱스 미포함 규칙을 정확히 알면 버그를 줄일 수 있습니다. 기본 메서드 하나를 정확히 이해하는 것이 실무에서도 매우 큰 힘이 됩니다.		O	TRUE	X	FALSE					frontend	javascript	array	
Q328	setTimeout 반환값		Frontend - JavaScript	12	OX	EASY	setTimeout은 타이머를 취소할 때 쓰는 id를 반환한다.	setTimeout은 타이머 식별자(id)를 반환하고, 이 값을 clearTimeout에 넘기면 취소할 수 있습니다. 면접에서는 setInterval과 함께 “정리(cleanup)” 관점에서 질문이 나올 수 있습니다. 실무에서는 컴포넌트 언마운트 시 타이머를 해제하지 않으면 의도치 않은 상태 업데이트나 메모리 누수가 발생할 수 있습니다. 특히 React에서는 언마운트 후 setState가 호출되어 경고가 뜨는 일이 자주 있습니다. 따라서 타이머/리스너/구독은 등록과 해제를 한 쌍으로 관리하는 습관이 중요합니다. 또한 타이머가 정확한 시간에 실행된다고 가정하면 오차가 생길 수 있으니, 시간 민감 로직은 Date.now 기반으로 보정하는 전략도 고려하면 좋습니다. 타이머는 쉬워 보여도 운영에서 자주 문제를 만드는 영역입니다.		O	TRUE	X	FALSE					frontend	javascript	async	
Q329	Promise 상태(State)		Frontend - JavaScript	12	OX	EASY	Promise는 pending, fulfilled, rejected 상태를 가질 수 있다.	Promise는 비동기 결과를 나타내는 객체로, pending(대기), fulfilled(성공), rejected(실패) 상태를 가질 수 있습니다. 면접에서는 상태 전이가 단방향이라는 점(한 번 settled되면 바뀌지 않음)을 묻기도 합니다. 실무에서는 이 특성 덕분에 비동기 흐름을 안정적으로 구성할 수 있지만, “취소”는 기본 기능이 아니라는 점이 중요합니다. 취소가 필요하면 AbortController 같은 별도 메커니즘이 필요합니다. 또한 에러 처리를 catch로 놓치면 unhandledrejection이 발생할 수 있어, 항상 예외 처리 경로를 마련해야 합니다. Promise는 기본기지만, 제대로 쓰면 코드 품질을 크게 올릴 수 있습니다. 비동기 버그를 줄이려면 상태 모델을 명확히 이해해야 합니다.		O	TRUE	X	FALSE					frontend	javascript	promise	
Q330	try/catch 범위		Frontend - JavaScript	12	OX	EASY	try/catch는 비동기 콜백(setTimeout 내부)에서 발생한 에러도 항상 잡을 수 있다.	try/catch는 같은 실행 컨텍스트(동기 흐름)에서 발생한 예외를 잡는 데 강합니다. 하지만 setTimeout 같은 비동기 콜백 내부에서 발생한 예외는 바깥 try/catch가 잡지 못하는 경우가 일반적입니다. 면접에서는 “왜 에러가 안 잡히나”를 묻고, Promise 체인에서 catch를 쓰거나 async/await와 try/catch를 함께 쓰는 방식으로 유도합니다. 실무에서는 비동기 에러 처리가 일관되지 않으면 장애 대응이 어려워지므로, Promise 기반으로 통일하거나 전역 에러 핸들러(window.onerror, unhandledrejection)를 함께 설계하는 것이 중요합니다. 또한 콜백 기반 API를 Promise로 래핑하면 에러 전파가 명확해집니다. 에러는 숨기기보다 관측 가능하게 만드는 것이 운영의 핵심입니다. 비동기 에러 모델을 이해하면 실무에서도 매우 큰 강점이 됩니다.		O	FALSE	X	TRUE					frontend	javascript	error	
Q331	엄격 비교(Strict Equality)		Frontend - JavaScript	12	OX	EASY	엄격 동등 비교는 타입 변환을 하지 않고 값과 타입이 모두 같을 때만 true가 된다.	엄격 동등 비교는 타입 변환 없이 비교해 예측 가능한 결과를 만드는 비교 방식입니다. 값이 같아 보여도 타입이 다르면 false가 될 수 있어, 의도치 않은 자동 변환 버그를 줄여줍니다. 면접에서는 느슨한 비교와 차이를 설명하고, 왜 실무에서 엄격 비교를 기본으로 권장하는지 말할 수 있어야 합니다. 실무에서는 폼 입력이 문자열로 들어오는 상황에서 숫자 비교가 틀어지는 일이 흔하므로, 비교 전에 타입을 명확히 맞추는 습관이 중요합니다. 또한 비교 로직이 핵심 비즈니스 규칙과 연결될수록, 예측 가능한 비교가 안정성과 테스트 용이성을 높입니다. 비교는 작은 문법 같지만, 버그의 빈도가 높은 영역이라 철저한 기본기가 필요합니다. 안정적인 코드는 작은 원칙을 지키는 데서 시작합니다.		O	TRUE	X	FALSE					frontend	javascript	operator	
Q332	함수와 객체(Function as Object)		Frontend - JavaScript	12	OX	EASY	자바스크립트에서 함수는 객체처럼 프로퍼티를 가질 수 있다.	자바스크립트에서 함수는 1급 객체이므로 변수에 할당하거나 인자로 전달할 수 있을 뿐 아니라, 객체처럼 프로퍼티를 가질 수도 있습니다. 면접에서는 “1급 객체가 뭔가”를 설명하면서 함수의 취급 방식까지 연결되는 경우가 많습니다. 실무에서는 함수에 메타데이터를 붙이기보다는, 별도 객체로 관리하거나 클로저로 캡슐화하는 편이 더 안전한 경우가 많습니다. 하지만 라이브러리 내부에서는 함수에 태그를 달아 동작을 분기하는 패턴이 존재할 수 있어, 원리를 아는 것이 디버깅에 도움이 됩니다. 또한 함수는 callable이면서도 객체이기 때문에 typeof 결과가 "function"으로 나오는 점도 함께 기억해두면 좋습니다. 개념을 정확히 이해하면 JS의 유연함을 장점으로 쓰되, 유지보수성을 해치지 않도록 설계할 수 있습니다.		O	TRUE	X	FALSE					frontend	javascript	function	
Q333	기본 매개변수(Default Parameter)		Frontend - JavaScript	12	OX	EASY	함수의 기본 매개변수는 인자가 undefined일 때만 적용된다.	기본 매개변수는 함수 호출 시 해당 인자가 제공되지 않았거나 undefined일 때 적용됩니다. null을 전달한 경우에는 “값이 있다”고 판단되므로 기본값이 적용되지 않습니다. 면접에서는 null과 undefined의 차이, 그리고 기본값 적용 시점을 정확히 아는지 확인하는 질문이 자주 나옵니다. 실무에서는 옵션 객체에서 누락 값을 안전하게 처리할 때 기본 매개변수가 유용하지만, null까지 기본값으로 처리하고 싶다면 명시적 조건이나 null 병합 연산자를 고려해야 합니다. 또한 기본값으로 객체/배열을 두면 호출마다 새로 생성되므로 공유 참조 버그를 피할 수 있다는 장점도 있습니다. 반대로 기본값 표현식이 무거우면 매 호출 비용이 생길 수 있으니 필요하면 지연 계산 패턴을 쓰는 것이 좋습니다. 작은 문법이지만 API 안정성을 크게 높여줍니다.		O	TRUE	X	FALSE					frontend	javascript	function	
Q334	가변 인자(rest)		Frontend - JavaScript	12	OX	EASY	rest 파라미터는 남은 인자를 배열로 모아준다.	rest 파라미터는 함수 인자 중 남은 값을 배열로 모아 처리할 수 있게 해주는 문법입니다. 면접에서는 arguments 객체와 비교하여 차이(진짜 배열인지, 화살표 함수에서 arguments가 없는 점 등)를 물을 수 있습니다. 실무에서는 유틸 함수, 로깅, 합계 계산 같은 가변 인자 함수에서 자주 쓰입니다. 다만 rest는 마지막 파라미터로만 올 수 있고, 중간에 둘 수 없다는 제약이 있어 문법을 정확히 알아야 합니다. 또한 인자 수가 매우 많으면 배열 생성 비용이 생길 수 있지만, 대부분의 앱 코드에서는 가독성과 API 유연성이 더 큰 이점이 됩니다. 인자를 다루는 방식은 함수 API 설계 품질과 직결되므로 기본기를 확실히 해두면 좋습니다.		O	TRUE	X	FALSE					frontend	javascript	function	
Q335	arguments 객체(arguments)		Frontend - JavaScript	12	OX	EASY	화살표 함수에서는 arguments 객체를 기본으로 제공한다.	arguments는 일반 함수에서 제공되는 유사 배열 객체로, 화살표 함수는 자신만의 arguments를 만들지 않습니다. 면접에서는 화살표 함수의 차이점(this, arguments, new 사용 불가 등)을 묻는 흐름에서 단골로 나옵니다. 실무에서는 최신 코드에서는 arguments보다 rest 파라미터가 더 명확하고 배열 메서드를 바로 쓸 수 있어 선호됩니다. 레거시 코드에서 arguments를 만나면, 실제 배열이 아니라는 점 때문에 map/filter 같은 메서드 사용이 제한될 수 있어 주의해야 합니다. 또한 arguments에 의존하면 함수 시그니처가 모호해져 유지보수가 어려울 수 있습니다. 따라서 가변 인자 필요 시 rest로 명확하게 표현하는 습관이 코드 품질을 높입니다. 문법 차이를 정확히 아는 것이 버그 예방에 도움이 됩니다.		O	FALSE	X	TRUE					frontend	javascript	function	
Q336	프로토타입 체인(Prototype Chain)		Frontend - JavaScript	12	OX	EASY	객체가 가진 프로퍼티가 없으면 프로토타입 체인을 따라 상위에서 찾을 수 있다.	자바스크립트는 프로토타입 기반 언어로, 객체에 프로퍼티가 없으면 [[Prototype]] 링크를 따라 상위 객체에서 탐색할 수 있습니다. 면접에서는 클래스 문법이 사실은 프로토타입 위에서 동작한다는 점을 연결해서 묻는 경우가 많습니다. 실무에서는 프로토타입 체인 때문에 “내가 만든 적 없는 메서드가 왜 있지” 같은 상황이 생길 수 있고, for...in이 상속 프로퍼티까지 순회한다는 함정과도 연결됩니다. 따라서 객체 자신의 프로퍼티만 다루고 싶을 때는 Object.hasOwn/hasOwnProperty 같은 방법을 쓰는 습관이 중요합니다. 또한 프로토타입을 과도하게 수정하면 예측 불가능성이 커지고 보안/호환성 문제까지 생길 수 있어 피하는 것이 좋습니다. 프로토타입 체인을 이해하면 상속/메서드 룩업 디버깅이 쉬워집니다.		O	TRUE	X	FALSE					frontend	javascript	oop	
Q337	for...in 순회		Frontend - JavaScript	12	OX	EASY	for...in은 객체의 “자신의 프로퍼티만” 순회한다.	for...in은 열거 가능한(enumerable) 프로퍼티를 순회하며, 프로토타입 체인의 상속 프로퍼티도 포함될 수 있습니다. 면접에서는 for...in과 Object.keys/for...of의 차이를 묻는 형태로 자주 출제됩니다. 실무에서는 객체의 own property만 필요하면 Object.keys, Object.entries 등을 쓰는 것이 안전합니다. 특히 라이브러리가 프로토타입에 무언가를 추가해둔 환경에서는 for...in 결과가 예측 불가능해질 수 있습니다. 또한 배열에 for...in을 쓰면 인덱스가 문자열로 나오고 순서 보장 문제가 생길 수 있어 지양하는 편이 좋습니다. 순회 도구를 올바르게 선택하면 버그를 크게 줄일 수 있습니다.		O	FALSE	X	TRUE					frontend	javascript	object	
Q338	for...of 순회		Frontend - JavaScript	12	OX	EASY	for...of는 이터러블(iterable) 값을 순회할 수 있다.	for...of는 이터러블 프로토콜을 따르는 값(배열, 문자열, Map, Set 등)을 순회합니다. 면접에서는 for...in과 대비해 “값을 순회 vs 키를 순회”를 구분하는지를 자주 확인합니다. 실무에서는 배열/문자열 순회에는 for...of가 직관적이고, break/continue가 가능해 제어 흐름이 명확합니다. 다만 객체 일반(Object)은 기본적으로 iterable이 아니므로 for...of로 바로 순회할 수 없고, Object.entries 같은 변환이 필요합니다. 또한 Babel/트랜스파일 환경에서는 for...of가 폴리필이나 헬퍼를 요구할 수 있어 번들 크기에 영향을 줄 수 있습니다. 상황에 맞는 순회 방법을 선택하는 것이 유지보수성과 성능 모두에 도움이 됩니다.		O	TRUE	X	FALSE					frontend	javascript	syntax	
Q339	Map(Map)		Frontend - JavaScript	12	OX	EASY	Map은 키로 객체(Object)도 사용할 수 있다.	Map은 키로 문자열뿐 아니라 객체, 함수 등 모든 값을 사용할 수 있습니다. 면접에서는 객체 리터럴 {}과 Map의 차이(키 타입, 순서, 크기, 성능)를 비교하는 질문이 흔합니다. 실무에서는 캐시, 메타데이터 매핑에서 객체 키가 필요하면 Map이 훨씬 안전합니다. 다만 Map은 JSON 직렬화가 바로 되지 않으므로, 전송/저장 형태가 필요하면 배열로 변환하거나 커스텀 직렬화 전략을 준비해야 합니다. 또한 WeakMap은 약한 참조를 제공해 메모리 누수 완화에 도움이 되지만 열거가 불가능하다는 제약이 있습니다. 자료구조 선택은 성능뿐 아니라 데이터 생명주기와 직렬화 요구사항까지 포함해 결정하는 것이 좋습니다.		O	TRUE	X	FALSE					frontend	javascript	data	
Q340	Set(Set)		Frontend - JavaScript	12	OX	EASY	Set은 중복 값을 허용할 수 있다.	Set은 값의 유일성을 보장하는 자료구조로, 같은 값이 여러 번 들어가도 한 번만 저장됩니다. 면접에서는 배열 중복 제거 패턴([...new Set(arr)]) 같은 질문이 자주 나옵니다. 실무에서는 태그 목록, 선택 상태, 방문 체크 등 “중복이 없어야 하는” 데이터를 다룰 때 Set이 유용합니다. 다만 Set도 내부 값이 객체라면 참조 동일성 기준으로 중복을 판단하므로, 내용이 같아도 다른 객체면 중복으로 들어갈 수 있다는 점을 알아야 합니다. 또한 Set은 JSON 직렬화가 직접 되지 않기 때문에 저장/전송 시 변환이 필요합니다. 자료구조를 목적에 맞게 쓰면 코드가 짧아지고 버그가 줄어듭니다.		O	FALSE	X	TRUE					frontend	javascript	data	
Q341	이벤트 전파(Propagation)		Frontend - JavaScript	12	OX	EASY	event.stopPropagation()은 이벤트의 추가 전파를 막을 수 있다.	이벤트 전파는 캡처링 → 타깃 → 버블링 순서로 진행될 수 있습니다. stopPropagation은 이후 단계로의 전파를 막아, 상위 요소의 핸들러가 실행되지 않게 할 수 있습니다. 면접에서는 stopPropagation과 stopImmediatePropagation 차이를 묻기도 합니다. 실무에서는 전파를 막으면 컴포넌트 간 간섭을 줄일 수 있지만, 전역 이벤트 위임 구조를 깨뜨릴 수 있어 신중하게 써야 합니다. 특히 모달/드롭다운 같은 UI에서 바깥 클릭을 처리할 때 전파 제어가 필요할 수 있습니다. 전파를 막는 로직이 많아지면 디버깅이 어려워지니, 이벤트 구조를 단순하게 설계하는 것이 더 좋을 때도 많습니다. 이벤트 모델을 이해하면 UI 버그를 훨씬 빠르게 해결할 수 있습니다.		O	TRUE	X	FALSE					frontend	javascript	dom	
Q342	preventDefault()		Frontend - JavaScript	12	OX	EASY	preventDefault()는 기본 동작(예: 링크 이동)을 막는 데 사용될 수 있다.	preventDefault는 이벤트의 기본 동작을 막는 메서드입니다. 예를 들어 a 태그 클릭 시 이동, form 제출 등의 기본 동작을 제어할 수 있습니다. 면접에서는 stopPropagation(전파 차단)과의 차이를 정확히 구분하는지 자주 확인합니다. 실무에서는 SPA 라우팅에서 링크 클릭을 가로채거나, 폼 검증 실패 시 제출을 막는 데 사용됩니다. 다만 터치/휠 이벤트에서는 passive 리스너가 설정되어 있으면 preventDefault가 무시될 수 있어, 성능 최적화와 기능 요구사항의 균형을 고려해야 합니다. 기본 동작을 막는 코드는 UX에 직접 영향을 주므로, 항상 의도를 명확히 하고 필요한 경우에만 적용하는 습관이 중요합니다. 이벤트 제어는 작아 보여도 사용자 경험을 크게 좌우합니다.		O	TRUE	X	FALSE					frontend	javascript	dom	
Q343	DOM 선택(querySelector)		Frontend - JavaScript	12	OX	EASY	document.querySelector는 CSS 선택자로 첫 번째 일치 요소를 반환한다.	querySelector는 CSS 선택자를 사용해 DOM에서 첫 번째로 일치하는 요소를 반환합니다. 면접에서는 querySelectorAll이 NodeList를 반환한다는 점과 비교해서 묻기도 합니다. 실무에서는 간단한 요소 선택에 매우 편리하지만, 반복적으로 많은 요소를 선택하면 성능 비용이 생길 수 있어 캐싱이 필요할 수 있습니다. 또한 선택자 문자열 오타는 런타임에서 조용히 null을 반환하므로, null 체크를 빼먹으면 에러가 납니다. TypeScript를 쓰면 non-null assertion을 남발하기보다, 존재가 보장되는 DOM 구조인지 검증하는 편이 안전합니다. DOM 선택은 기본기지만, 안정적인 UI 코드를 만들기 위한 필수 요소입니다. 작은 부분의 방어 코드가 전체 앱의 에러를 줄입니다.		O	TRUE	X	FALSE					frontend	javascript	dom	
Q344	addEventListener 옵션 once		Frontend - JavaScript	12	OX	EASY	addEventListener에 once: true를 주면 핸들러가 한 번 실행된 뒤 자동 제거될 수 있다.	once 옵션은 이벤트 핸들러를 한 번만 실행하고 자동으로 제거합니다. 면접에서는 cleanup이 왜 중요한지와 연결해서 묻는 경우가 많습니다. 실무에서는 일회성 UI(최초 클릭, 최초 애니메이션 트리거 등)에 유용하며, 수동 removeEventListener 호출을 줄일 수 있습니다. 다만 핸들러가 제거되는 타이밍을 정확히 이해하지 못하면, 재등록이 필요한 상황에서 “왜 두 번째부터 안 되지” 같은 혼란이 생길 수 있습니다. 또한 같은 함수 참조로 removeEventListener를 해야 한다는 기본 규칙도 함께 알고 있어야 합니다. 이벤트 리스너 관리는 메모리/성능/버그와 직결되므로, 자동 제거 옵션을 적절히 활용하면 품질이 좋아집니다. 작은 옵션 하나가 운영 안정성을 바꿀 수 있습니다.		O	TRUE	X	FALSE					frontend	javascript	dom	
Q345	클로저(Closure)		Frontend - JavaScript	12	OX	EASY	클로저는 함수가 자신이 선언된 렉시컬 스코프의 변수를 기억할 수 있게 한다.	클로저는 함수가 생성될 때의 렉시컬 환경을 참조로 유지하는 개념입니다. 면접에서 가장 자주 나오는 JS 개념 중 하나로, 스코프/호이스팅과 함께 세트로 출제됩니다. 실무에서는 정보 은닉, 팩토리 함수, 이벤트 핸들러에서 상태 유지 등 다양한 곳에서 클로저가 핵심 역할을 합니다. 하지만 오래 살아있는 리스너/타이머가 큰 객체를 캡처하면 메모리 해제가 지연될 수 있어, 정리(cleanup)와 캡처 범위 최소화가 중요합니다. 클로저를 잘 이해하면 “전역 변수 없이 상태를 유지”하는 설계를 할 수 있어 코드 품질이 올라갑니다. 동시에 클로저가 만드는 참조 수명 문제도 함께 이해해야 안정적인 코드를 만들 수 있습니다.		O	TRUE	X	FALSE					frontend	javascript	scope	
Q346	원시 타입(Primitive)		Frontend - JavaScript	12	OX	EASY	number, string, boolean은 원시 타입(primitive)에 속한다.	자바스크립트의 원시 타입은 number, string, boolean, null, undefined, symbol, bigint 등이 있습니다. 면접에서는 원시 타입과 객체 타입의 차이(불변성, 비교 방식, 래퍼 객체)를 묻는 질문이 자주 나옵니다. 실무에서는 원시 값은 값 자체가 복사되므로 비교/전달이 직관적이지만, 객체는 참조가 전달되어 부작용이 생길 수 있다는 점이 중요합니다. 또한 문자열/숫자에도 메서드가 있는 것처럼 보이는 이유는 래퍼 객체로 임시 박싱(boxing)되기 때문입니다. 타입을 정확히 이해하면 데이터 흐름 설계가 훨씬 안정적으로 됩니다. 특히 상태 관리나 캐싱에서는 원시/객체 구분이 버그를 크게 좌우합니다. 기본기지만 매우 중요한 지점입니다.		O	TRUE	X	FALSE					frontend	javascript	type	
Q347	BigInt(BigInt)		Frontend - JavaScript	12	OX	EASY	BigInt는 매우 큰 정수를 표현할 수 있는 타입이다.	BigInt는 Number의 안전 정수 범위(2^53-1)를 넘어서는 큰 정수를 표현할 수 있습니다. 면접에서는 Number와 BigInt를 섞어 연산할 때 에러가 날 수 있다는 점을 묻기도 합니다. 실무에서는 금융, ID, 정밀한 카운팅처럼 큰 정수가 필요한 경우에 유용하지만, JSON 직렬화가 기본 지원되지 않는 등 제약이 있어 시스템 경계에서 전략이 필요합니다. 또한 라이브러리/DB/서버 언어와의 타입 호환도 고려해야 합니다. 무조건 BigInt를 쓰는 것이 아니라, 정말 정밀도가 필요한 구간에만 적용하는 것이 좋습니다. 큰 정수 처리는 작은 실수가 데이터 오류로 이어질 수 있어, 타입 선택과 변환 정책을 명확히 하는 것이 핵심입니다. 최신 문법이지만 안정적 사용을 위해 제약까지 함께 알고 있어야 합니다.		O	TRUE	X	FALSE					frontend	javascript	number	
Q348	JSON.parse 예외		Frontend - JavaScript	12	OX	EASY	JSON.parse는 잘못된 JSON 문자열을 받으면 예외(에러)를 던질 수 있다.	JSON.parse는 유효하지 않은 JSON을 파싱하려고 하면 SyntaxError 같은 예외를 던질 수 있습니다. 면접에서는 안전한 파싱 방법(try/catch, 스키마 검증)을 물을 수 있습니다. 실무에서는 외부 입력(서버 응답, 로컬 스토리지 값)이 항상 정상이라고 가정하면 장애가 생길 수 있으니, 파싱 실패를 대비한 방어 로직이 필요합니다. 또한 JSON은 따옴표, 쉼표, trailing comma 등 문법이 엄격하기 때문에, 사람이 손으로 만든 데이터는 깨질 가능성이 높습니다. 에러 처리를 단순히 “무시”하면 더 큰 버그로 이어질 수 있어, 기본값 적용이나 사용자에게 복구 안내를 제공하는 방식이 좋습니다. 파싱은 경계에서 일어나는 일이라, 실패 시나리오까지 설계하는 습관이 중요합니다.		O	TRUE	X	FALSE					frontend	javascript	data	
Q349	객체 비교(Object equality)		Frontend - JavaScript	12	OX	EASY	내용이 같은 두 객체 리터럴 {} === {} 는 true가 된다.	객체 비교는 “참조 동일성”을 기준으로 합니다. 그래서 내용이 같아 보여도 서로 다른 객체면 === 비교는 false입니다. 면접에서는 이 특성을 통해 참조 타입의 동작을 이해하는지 자주 확인합니다. 실무에서는 깊은 비교가 필요하면 직접 비교 함수(Deep Equal)를 쓰거나, 데이터 모델을 ID 기반 비교로 설계하는 방식이 일반적입니다. 또한 React 같은 UI에서는 참조 동일성이 렌더링 최적화(memo)와 직결되므로, 불변 업데이트로 참조를 관리하는 것이 중요합니다. “내용이 같으면 같다”는 직관이 JS에서는 항상 맞지 않기 때문에, 비교 기준을 명확히 정하는 것이 핵심입니다. 작은 비교 하나가 캐시/상태/렌더링 버그로 이어질 수 있습니다. 따라서 면접에서도 “왜 false인가”를 정확히 설명하는 게 중요합니다.		O	FALSE	X	TRUE					frontend	javascript	object	
Q350	이벤트 핸들러 제거(removeEventListener)		Frontend - JavaScript	12	OX	EASY	removeEventListener로 리스너를 제거하려면 addEventListener에 사용한 동일한 함수 참조가 필요하다.	이벤트 리스너 제거는 동일한 함수 참조를 넘겨야 제대로 동작합니다. 익명 함수로 등록해두면 제거할 방법이 없어져 누수나 중복 실행 문제가 생길 수 있습니다. 면접에서는 “왜 removeEventListener가 안 되지” 같은 실전형 질문으로 자주 출제됩니다. 실무에서는 핸들러를 변수/메서드로 분리해 참조를 유지하고, 컴포넌트 수명주기에서 등록/해제를 짝으로 관리하는 것이 중요합니다. 또한 once 옵션이나 signal 옵션(AbortController)을 활용하면 보일러플레이트를 줄이면서도 정리를 자동화할 수 있습니다. 이벤트 리스너 관리는 시간이 지날수록 문제를 만드는 영역이라, 초기에 규칙을 잡아두는 것이 운영 안정성에 큰 도움이 됩니다. 작은 실수가 성능 저하와 버그로 이어지기 쉬운 지점입니다.		O	TRUE	X	FALSE					frontend	javascript	dom	
Q351	모듈 스코프(ES Module)		Frontend - JavaScript	12	OX	EASY	ES 모듈에서 선언한 변수는 기본적으로 전역 객체(window)의 프로퍼티가 된다.	ES 모듈은 자체 스코프를 가지므로, 모듈 내부에서 선언한 변수는 전역 객체의 프로퍼티로 자동 등록되지 않습니다. 면접에서는 스크립트(script)와 모듈(type="module") 차이를 묻는 질문에서 자주 등장합니다. 실무에서는 이 특성 덕분에 전역 오염이 줄고, 파일 단위로 의존성을 명확하게 관리할 수 있습니다. 다만 전역으로 공유해야 하는 값이 있다면 명시적으로 export/import 하거나, 정말 필요한 경우에만 window에 붙이는 식으로 의도를 드러내야 합니다. 또한 모듈은 기본적으로 strict mode로 동작하는 점도 함께 알아두면 좋습니다. 전역 오염은 디버깅을 어렵게 만들고 충돌을 유발하므로, 모듈 스코프의 장점을 적극 활용하는 것이 좋습니다. 코드베이스 규모가 커질수록 이 차이가 품질을 크게 좌우합니다.		O	FALSE	X	TRUE					frontend	javascript	module	
Q352	모듈 import/export(ESM)		Frontend - JavaScript	12	OX	EASY	ES 모듈에서는 export한 값을 다른 파일에서 import하여 사용할 수 있다.	ES 모듈은 파일 단위로 코드를 분리하고, 필요한 값만 내보내고(import/export) 가져오는 구조를 제공합니다. 면접에서는 CommonJS(require/module.exports)와 비교해 차이를 설명하는 질문이 자주 나옵니다. 실무에서는 모듈을 잘 나누면 의존성이 명확해지고 테스트/리팩터링이 쉬워집니다. 다만 순환 의존성이 생기면 초기화 순서 문제로 런타임 오류가 날 수 있어 주의해야 합니다. 또한 default export와 named export를 혼용하면 import 스타일이 흔들릴 수 있으니 팀 컨벤션을 정해두면 좋습니다. 모듈 시스템은 규모가 커질수록 중요해지므로, 기본 동작과 주의점을 함께 이해하는 것이 면접에서도 강점이 됩니다.		O	TRUE	X	FALSE					frontend	javascript	module	
Q353	async/await(async await)		Frontend - JavaScript	12	OX	EASY	async 함수는 항상 Promise를 반환한다.	async 함수는 내부에서 return한 값을 Promise로 감싸 반환합니다. return 값이 없으면 Promise.resolve(undefined)와 유사하게 동작합니다. 면접에서는 “왜 async 함수 결과가 Promise인가”와 함께, 예외가 rejected로 변환되는 점을 묻기도 합니다. 실무에서는 async/await를 쓰면 비동기 흐름이 동기 코드처럼 읽혀 가독성이 좋아지지만, try/catch로 에러 처리를 반드시 설계해야 합니다. 또한 await는 해당 지점에서 함수 실행을 멈추므로, 병렬로 처리해야 하는 작업은 Promise.all 같은 도구를 함께 써야 성능이 유지됩니다. 무조건 await를 줄줄이 쓰면 불필요하게 느려질 수 있습니다. 비동기 코드는 기능뿐 아니라 사용자 체감 속도와 직결되므로, 반환/에러/병렬 처리까지 함께 이해하는 것이 중요합니다.		O	TRUE	X	FALSE					frontend	javascript	async	
Q354	await 동작(await)		Frontend - JavaScript	12	OX	EASY	await는 Promise가 아닌 값을 만나면 그 값을 그대로 결과로 사용할 수 있다.	await는 기본적으로 Promise를 기다리지만, Promise가 아닌 값이면 Promise.resolve(value)처럼 처리해 그대로 결과로 사용할 수 있습니다. 면접에서는 이 동작을 통해 await의 본질이 “Promise 처리”라는 점을 이해하는지 확인합니다. 실무에서는 함수가 Promise를 반환한다고 확신하지 못하는 상황에서 await를 써도 큰 문제는 없지만, 타입/계약이 모호하면 코드 품질이 떨어질 수 있습니다. 가능하면 비동기 함수는 명확히 Promise를 반환하도록 설계하고, 동기/비동기 API를 혼용하지 않는 편이 유지보수에 좋습니다. 또한 await는 마이크로태스크 흐름과 연결되어, 대량 await 루프는 렌더링 지연을 만들 수 있으니 작업 단위를 조절하는 것이 좋습니다. 동작을 정확히 알면 디버깅이 쉬워지고 예측 가능한 비동기 코드를 만들 수 있습니다.		O	TRUE	X	FALSE					frontend	javascript	async	
Q355	Promise.all(Promise all)		Frontend - JavaScript	12	OX	EASY	Promise.all은 입력 중 하나라도 reject되면 전체가 reject될 수 있다.	Promise.all은 여러 Promise를 병렬로 처리할 때 자주 사용되며, 하나라도 reject되면 전체가 reject됩니다. 면접에서는 Promise.allSettled와의 차이를 묻는 형태로 자주 확장됩니다. 실무에서는 여러 요청을 동시에 보내고 모두 성공해야 하는 경우에 적합하지만, 일부 실패를 허용해야 한다면 allSettled나 개별 try/catch 전략이 필요합니다. 또한 all은 실패 시 나머지 작업이 자동 취소되는 것은 아니므로, 취소가 필요하면 AbortController 같은 별도 메커니즘을 설계해야 합니다. 병렬 처리는 성능을 올리지만, 실패 처리/부분 성공 처리 정책을 정하지 않으면 사용자 경험이 나빠질 수 있습니다. 비동기 조합 도구를 선택할 때는 요구사항(전체 성공 vs 부분 성공)을 먼저 명확히 하는 것이 핵심입니다.		O	TRUE	X	FALSE					frontend	javascript	promise	
Q356	Promise.race(Promise race)		Frontend - JavaScript	12	OX	EASY	Promise.race는 가장 먼저 resolve된 Promise의 결과만 반환한다.	Promise.race는 가장 먼저 “settle(fulfilled 또는 rejected)”된 Promise의 결과로 결정됩니다. 즉, 먼저 reject되면 전체가 reject될 수 있습니다. 면접에서는 “resolve만 경쟁이 아니다”라는 함정을 자주 냅니다. 실무에서는 타임아웃 구현(요청 vs 타임아웃 Promise)이나 가장 빠른 응답을 택하는 패턴에 쓰이지만, 실패가 먼저 오면 전체가 실패하므로 설계가 필요합니다. 타임아웃을 만들 때는 reject 정책을 명확히 하고, 나머지 작업을 취소할지 여부도 함께 고려해야 합니다. 또한 race 결과만 처리하면 뒤늦게 끝난 작업이 사이드이펙트를 남길 수 있어, 정리 로직을 반드시 넣는 것이 좋습니다. 동시성 도구는 편리하지만, 실패/정리까지 포함해 설계하는 습관이 중요합니다.		O	FALSE	X	TRUE					frontend	javascript	promise	
Q357	setInterval(setInterval)		Frontend - JavaScript	12	OX	EASY	setInterval은 지정한 콜백을 반복 실행할 수 있다.	setInterval은 일정 간격으로 콜백을 반복 실행하는 타이머 API입니다. 면접에서는 setTimeout 재귀 방식과 비교해 드리프트(시간 밀림) 문제를 물을 수 있습니다. 실무에서는 정확한 주기가 중요한 작업(타이머, 폴링)에서 setInterval을 쓰지만, 콜백 실행 시간이 길면 다음 실행이 밀릴 수 있고 누적 오차가 생길 수 있습니다. 또한 화면을 떠났는데도 인터벌이 계속 돌면 배터리/성능 문제가 생기므로, 컴포넌트 언마운트나 visibilitychange 시점에 clearInterval로 정리하는 습관이 중요합니다. 브라우저는 백그라운드 탭에서 타이머를 느리게 처리하기도 하므로, 정밀한 시간은 Date.now 기반으로 보정하는 설계가 좋습니다. 타이머는 “돌아가기만 하면 된다”가 아니라, 정리와 정확도까지 고려해야 실무에서 안전합니다.		O	TRUE	X	FALSE					frontend	javascript	async	
Q358	strict mode(엄격 모드)		Frontend - JavaScript	12	OX	EASY	ES 모듈은 기본적으로 엄격 모드로 실행된다.	ES 모듈은 별도 선언 없이도 strict mode가 기본 적용됩니다. 면접에서는 스크립트 vs 모듈 차이와 함께 묻는 경우가 많습니다. 실무에서는 이 특성 덕분에 레거시 스크립트보다 안전한 실행 환경을 얻을 수 있습니다. 예를 들어 선언 없이 변수에 할당하는 실수 같은 것이 즉시 에러로 드러납니다. 다만 기존 전역 변수에 의존하던 코드를 모듈로 옮기면 에러가 나는 경우가 있어, 마이그레이션 시 테스트가 필요합니다. strict mode는 코드의 품질을 끌어올리는 기본 장치이므로, 언제 적용되는지 알고 있으면 디버깅이 빨라집니다. 모듈 사용은 단순 문법이 아니라 안전성과 구조화를 가져오는 선택입니다.		O	TRUE	X	FALSE					frontend	javascript	module	
Q359	콘솔 출력(console)		Frontend - JavaScript	12	OX	EASY	console.log는 모든 실행 환경에서 항상 동일하게 동작이 보장된다.	console.log는 대부분의 환경에서 사용할 수 있지만, 환경과 설정에 따라 출력 형식이나 타이밍이 다르게 보일 수 있습니다. 면접에서는 “디버깅 로그에만 의존하면 위험하다”는 관점으로 확장될 수 있습니다. 실무에서는 특히 객체를 로그로 찍을 때, 개발자 도구가 “나중에 펼쳐보기” 시점의 값을 보여줘 혼란이 생길 수 있습니다. 또한 프로덕션에서 과도한 로그는 성능과 개인정보 이슈를 만들 수 있어, 로깅 레벨과 마스킹 정책이 필요합니다. 문제 해결에 console은 유용하지만, 관측성을 위해서는 구조화된 로깅과 모니터링 도구를 함께 쓰는 게 더 좋습니다. 즉, console은 도구일 뿐 운영 품질을 책임지지 않습니다. 이런 제한을 이해하고 적절히 사용하는 것이 실무 포인트입니다.		O	FALSE	X	TRUE					frontend	javascript	debugging	
Q360	Number 변환(Number)		Frontend - JavaScript	12	OX	EASY	Number("10")의 결과는 숫자 10이다.	Number 함수는 문자열을 숫자로 변환할 수 있으며, "10"은 10으로 변환됩니다. 면접에서는 Number("10px")가 NaN이 되는지, parseInt와의 차이를 묻기도 합니다. 실무에서는 사용자 입력이 문자열로 들어오는 경우가 많아, 변환 후 NaN 체크를 반드시 해야 안전합니다. 또한 parseInt는 진법과 앞부분 파싱 특성이 있어 의도치 않은 결과가 나올 수 있으니, 목적에 맞는 변환 함수를 선택해야 합니다. 금액/수량처럼 중요한 값은 입력 검증과 에러 메시지까지 포함해 설계하는 것이 좋습니다. 타입 변환은 작은 코드지만 버그 발생 빈도가 높아 면접에서도 자주 다룹니다. 변환 후 검증까지 말할 수 있으면 더 실무형 답변이 됩니다.		O	TRUE	X	FALSE					frontend	javascript	type	
Q361	parseInt(parseInt)		Frontend - JavaScript	12	OX	EASY	parseInt("10.5")는 10을 반환할 수 있다.	parseInt는 문자열을 정수로 파싱하며, 소수점 아래는 잘라낼 수 있습니다. 면접에서는 parseInt("08")과 진법, 그리고 Number와의 차이를 자주 묻습니다. 실무에서는 parseInt 사용 시 두 번째 인자 radix(진법)를 명시하는 습관이 안전합니다. 또한 실수 값이 필요하면 parseFloat이나 Number를 선택해야 하며, 단순히 정수로 자를 의도라면 Math.floor 같은 명시적인 방법도 고려할 수 있습니다. 문자열 파싱은 예상치 못한 입력(공백, 단위 포함)을 만나면 NaN이 되거나 부분 파싱이 일어나 혼란을 만들 수 있습니다. 따라서 입력을 정규화하고, 실패 케이스를 처리하는 방어 코드가 중요합니다. 변환 함수 선택 기준을 설명할 수 있으면 면접에서도 좋은 인상을 줍니다.		O	TRUE	X	FALSE					frontend	javascript	number	
Q362	문자열 포함(includes)		Frontend - JavaScript	12	OX	EASY	"hello".includes("he")는 true를 반환한다.	includes는 문자열/배열에서 특정 값이 포함되어 있는지 확인하는 메서드입니다. 면접에서는 indexOf와 비교해 가독성과 반환값 차이(-1 체크 필요 vs boolean)를 묻기도 합니다. 실무에서는 포함 여부 판단을 boolean으로 바로 얻을 수 있어 코드가 간결해지고 실수(-1 비교)를 줄일 수 있습니다. 다만 대소문자 구분이 기본이므로, 사용자 검색 기능에서는 toLowerCase 같은 정규화가 필요할 수 있습니다. 또한 한국어/유니코드 조합 문자에서는 정규화(NFC/NFD) 문제로 기대와 다르게 동작할 수 있어, 국제화 기능에서는 주의가 필요합니다. 문자열 검색은 흔하지만 예외가 많은 영역이라, 정규화와 요구사항을 함께 고려하는 습관이 중요합니다. 작은 유틸 메서드라도 실무 적용 포인트를 알고 있으면 더 강해집니다.		O	TRUE	X	FALSE					frontend	javascript	string	
Q363	Math.random(Math random)		Frontend - JavaScript	12	OX	EASY	Math.random()은 0 이상 1 미만의 난수를 반환한다.	Math.random은 0 이상 1 미만 범위의 난수를 반환합니다. 면접에서는 “정수 범위 랜덤”을 만드는 방법(예: Math.floor(Math.random()*n))을 묻는 경우가 많습니다. 실무에서는 UI 효과나 간단한 샘플링에는 적합하지만, 보안 목적(토큰, 비밀번호, 인증 코드)에는 절대 사용하면 안 됩니다. 보안이 필요하면 crypto.getRandomValues 같은 암호학적으로 안전한 난수 생성기를 사용해야 합니다. 또한 랜덤은 테스트가 어려운 요소이므로, 테스트 코드에서는 시드 가능한 PRNG나 의존성 주입으로 예측 가능하게 만드는 전략이 유용합니다. 난수는 작은 기능처럼 보여도 보안/테스트/재현성에 큰 영향을 줍니다. 목적에 맞는 난수 도구를 선택하는 것이 중요합니다.		O	TRUE	X	FALSE					frontend	javascript	math	
Q364	NaN 판별(Number.isNaN)		Frontend - JavaScript	12	OX	EASY	Number.isNaN("NaN")은 true가 된다.	Number.isNaN은 “값이 실제 NaN인지”를 엄격하게 판별하며, 타입 변환을 하지 않습니다. 따라서 문자열 "NaN"은 NaN 값이 아니므로 false입니다. 면접에서는 전역 isNaN과 Number.isNaN 차이를 자주 묻습니다. 실무에서는 전역 isNaN은 암묵적 변환 때문에 "123" 같은 문자열도 false/true 판단이 혼란을 만들 수 있어, Number.isNaN이 더 안전합니다. 입력 변환 후 NaN 체크는 계산 로직에서 매우 중요하며, NaN이 퍼지면 화면/통계가 망가질 수 있습니다. 그래서 변환 시점에 바로 검증하고, 사용자에게 올바른 피드백을 주는 것이 좋습니다. NaN은 자주 나오는 함정이라 기본기를 확실히 해두면 디버깅이 빨라집니다.		O	FALSE	X	TRUE					frontend	javascript	number	
Q365	배열 find(find)		Frontend - JavaScript	12	OX	EASY	배열의 find는 조건을 만족하는 첫 번째 요소를 반환할 수 있다.	find는 조건을 만족하는 첫 번째 요소를 반환하고, 없으면 undefined를 반환합니다. 면접에서는 filter와의 차이(하나 vs 여러 개)로 자주 묻습니다. 실무에서는 ID로 하나의 항목을 찾는 작업에 매우 흔하게 쓰이며, 결과가 없을 때의 처리(기본값, 에러, 빈 상태 UI)가 중요합니다. 또한 findIndex와 혼동하기 쉬운데, findIndex는 인덱스를 반환하므로 목적에 맞게 선택해야 합니다. 성능 측면에서는 앞에서부터 탐색하므로 조건을 잘 설계하면 빠르게 종료될 수 있다는 장점이 있습니다. 다만 대규모 데이터에서 반복적으로 find를 호출하면 비용이 커지니 Map으로 인덱싱하는 전략도 고려할 수 있습니다. 일상적인 API지만, 데이터 규모에 따라 선택이 달라질 수 있다는 점이 실무 포인트입니다.		O	TRUE	X	FALSE					frontend	javascript	array	
Q366	배열 filter(filter)		Frontend - JavaScript	12	OX	EASY	filter는 조건을 만족하는 요소들로 새 배열을 만든다.	filter는 조건을 만족하는 모든 요소를 모아 새로운 배열을 반환합니다. 면접에서는 map과의 차이(변환 vs 걸러내기), 그리고 원본 변경 여부(비파괴)를 자주 묻습니다. 실무에서는 검색/필터 UI 구현에 매우 흔하며, 필터 조건이 복잡해지면 가독성을 위해 조건식을 함수로 분리하는 것이 좋습니다. 또한 filter는 새 배열을 만들기 때문에 큰 배열에서 자주 호출하면 메모리/GC 부담이 생길 수 있어, 필요하면 서버 사이드 필터링이나 인덱싱 전략을 고려해야 합니다. 결과가 빈 배열일 때 UI 처리를 잘 해두면 사용자 경험이 좋아집니다. 필터링은 기능 자체보다 “조건 관리”와 “성능”이 문제를 만드는 경우가 많습니다. 기본 API에 더해 실무 포인트까지 같이 말할 수 있으면 면접에서도 강해집니다.		O	TRUE	X	FALSE					frontend	javascript	array	
Q367	undefined(undefined)		Frontend - JavaScript	12	OX	EASY	선언만 하고 값을 넣지 않은 변수는 undefined가 될 수 있다.	변수를 선언만 하고 값을 할당하지 않으면 undefined가 되는 경우가 많습니다. 면접에서는 null과 undefined의 의미 차이(의도적 없음 vs 값이 아직 없음)를 자주 묻습니다. 실무에서는 API 설계에서 “없음”을 어떤 값으로 표현할지 일관성이 중요합니다. 예를 들어 서버에서 null을 내려주는데 클라이언트는 undefined를 기본값으로 쓰면 조건 분기가 복잡해질 수 있습니다. 또한 optional chaining, nullish coalescing 같은 최신 문법도 결국 null/undefined 처리를 잘 하기 위한 도구라, 이 둘의 의미를 명확히 알아야 합니다. undefined를 과도하게 방치하면 런타임 에러로 이어지므로, 중요한 값은 초기에 검증하거나 타입으로 강제하는 전략(TypeScript 등)이 유효합니다. 데이터의 “없음”을 다루는 능력은 실무에서 매우 중요합니다.		O	TRUE	X	FALSE					frontend	javascript	type	
Q368	선언과 초기화		Frontend - JavaScript	12	OX	EASY	let으로 선언한 변수는 같은 스코프에서 재선언이 허용된다.	let은 같은 스코프에서 재선언이 허용되지 않습니다. 이 점은 var와 큰 차이이며, 실수를 조기에 발견하게 해줍니다. 면접에서는 var는 재선언이 되는데 왜 문제가 되는지, let/const는 왜 막는지 설명을 요구할 수 있습니다. 실무에서는 큰 파일이나 긴 함수에서 실수로 같은 변수명을 다시 선언하는 버그를 막아주어 유지보수에 도움이 됩니다. 또한 블록 스코프이기 때문에 범위를 좁혀 변수를 선언하면 충돌 가능성이 더 줄어듭니다. 다만 다른 블록(다른 스코프)에서는 같은 이름을 사용할 수 있어, 가독성을 위해 의미 있는 이름을 쓰는 것이 좋습니다. 선언 규칙을 이해하면 디버깅이 쉬워지고 팀 코드 품질이 올라갑니다.		O	FALSE	X	TRUE					frontend	javascript	scope	
Q369	const와 재선언		Frontend - JavaScript	12	OX	EASY	const는 같은 스코프에서 재선언이 허용되지 않는다.	const는 같은 스코프에서 재선언이 불가능합니다. 또한 선언 시 반드시 초기값을 제공해야 합니다. 면접에서는 const가 왜 필요한지(재할당 방지, 의도 표현)와 함께, “const 객체는 변경 가능” 같은 함정까지 묻는 경우가 많습니다. 실무에서는 기본적으로 const를 우선 사용하고, 재할당이 필요한 경우에만 let을 쓰는 컨벤션이 널리 쓰입니다. 이렇게 하면 코드에서 “이 값이 바뀌는지”를 쉽게 파악할 수 있어 유지보수성이 좋아집니다. 다만 const를 남용해도 의미가 흐려질 수 있으니, 정말 재할당이 필요하면 let으로 의도를 드러내는 것이 더 명확합니다. 선언 키워드는 단순 취향이 아니라 코드 계약을 표현하는 도구입니다. 좋은 습관은 리뷰와 버그 예방에서 큰 차이를 만듭니다.		O	TRUE	X	FALSE					frontend	javascript	scope	
Q370	typeof 함수(typeof function)		Frontend - JavaScript	12	OX	EASY	typeof (() => {}) 의 결과는 "function"이다.	typeof 연산자는 값의 타입을 문자열로 반환하며, 함수에 대해서는 "function"을 반환합니다. 면접에서는 typeof의 한계(typeof null, 배열 판별)을 함께 묻는 경우가 많습니다. 실무에서는 런타임 타입 체크가 필요할 때 typeof가 유용하지만, 객체/배열/Date 같은 구체 타입 판별에는 부족합니다. 그래서 Array.isArray나 instanceof, 또는 더 엄격한 타입 가드가 필요할 수 있습니다. 또한 함수 여부 체크는 콜백 옵션을 받을 때 안전장치로 자주 쓰입니다. 다만 타입 체크는 근본적으로 “계약을 문서화/타입화”하는 것(TypeScript, 스키마 검증)이 더 근본적인 해결책이 될 수 있습니다. typeof는 유용한 도구지만, 한계까지 알고 쓰는 것이 실무형 접근입니다. 작은 체크 하나가 런타임 에러를 줄입니다.		O	TRUE	X	FALSE					frontend	javascript	type	
Q371	배열 인덱스 접근		Frontend - JavaScript	12	OX	EASY	배열에서 존재하지 않는 인덱스에 접근하면 에러가 난다.	배열에서 없는 인덱스를 읽으면 보통 undefined가 반환되고, 즉시 에러가 나지는 않습니다. 면접에서는 이 특성이 “조용한 실패”를 만들 수 있다는 점을 물을 수 있습니다. 실무에서는 undefined를 그대로 두면 이후 프로퍼티 접근에서 에러가 나므로, 배열 길이 체크나 optional chaining 같은 방어 코드가 중요합니다. 특히 API 응답에서 배열 길이가 항상 일정하다고 가정하면 운영 중에 쉽게 깨질 수 있습니다. 따라서 경계 조건(빈 배열, 짧은 배열)을 항상 고려하고, 없을 때 UI를 어떻게 보여줄지까지 설계하는 습관이 좋습니다. 또한 배열에 구멍(hole)이 있는 경우도 있어, 단순히 length만 믿으면 문제가 생길 수 있습니다. 안전한 접근은 작은 차이지만 앱 안정성을 크게 높입니다.		O	FALSE	X	TRUE					frontend	javascript	array	
Q372	이벤트 위임(Event Delegation)		Frontend - JavaScript	12	OX	EASY	이벤트 위임은 상위 요소에 리스너를 등록해 하위 요소 이벤트를 처리하는 패턴이다.	이벤트 위임은 많은 하위 요소에 각각 리스너를 붙이는 대신, 공통 상위 요소 하나에 리스너를 달고 버블링을 이용해 처리하는 방식입니다. 면접에서는 버블링/캡처링 개념과 함께 “왜 위임을 쓰는가”를 자주 묻습니다. 실무에서는 리스트가 동적으로 추가/삭제되는 UI에서 특히 유용하고, 리스너 개수를 줄여 성능과 메모리 사용량을 개선할 수 있습니다. 다만 이벤트 타깃이 원하는 요소인지 확인해야 하므로 event.target과 closest를 이용한 필터링이 필요합니다. 또한 stopPropagation이 많으면 위임이 깨질 수 있어 이벤트 구조를 단순하게 설계하는 것이 좋습니다. 위임은 규모가 커질수록 장점이 커지는 패턴이니, 언제 쓰고 어떤 주의점이 있는지 설명할 수 있어야 합니다.		O	TRUE	X	FALSE					frontend	javascript	dom	
Q373	closest(closest)		Frontend - JavaScript	12	OX	EASY	element.closest(".item")는 자신을 포함해 가장 가까운 조상 중 선택자에 맞는 요소를 찾을 수 있다.	closest는 DOM 트리에서 자기 자신부터 시작해 부모 방향으로 올라가며 선택자에 일치하는 요소를 찾습니다. 면접에서는 이벤트 위임과 함께 “타깃에서 원하는 요소 찾기”에 자주 활용되는 메서드로 출제됩니다. 실무에서는 클릭 이벤트에서 실제 클릭된 내부 요소(event.target)가 아니라, 원하는 카드/버튼 래퍼 요소를 찾을 때 closest를 많이 씁니다. 다만 선택자가 너무 넓으면 예상치 못한 조상을 잡을 수 있으니, 클래스 구조를 명확히 하고 선택자를 구체적으로 잡는 것이 좋습니다. 또한 null을 반환할 수 있으므로 결과 체크를 빼먹으면 런타임 에러가 납니다. 작은 DOM API지만 이벤트 처리 품질과 디버깅 편의성을 크게 올려주는 도구입니다.		O	TRUE	X	FALSE					frontend	javascript	dom	
Q374	classList(classList)		Frontend - JavaScript	12	OX	EASY	element.classList.toggle("on")은 클래스 on을 추가하거나 제거할 수 있다.	classList는 DOM 요소의 클래스를 안전하게 다룰 수 있는 API입니다. toggle은 클래스가 없으면 추가하고, 있으면 제거하는 방식으로 동작합니다. 면접에서는 className 문자열 조작과 비교해 장단점을 묻는 경우가 많습니다. 실무에서는 상태에 따라 UI 클래스를 바꾸는 일이 잦아 classList가 매우 유용하지만, 상태 관리 프레임워크(React/Vue)에서는 DOM을 직접 조작하기보다는 상태 기반 렌더링을 우선해야 합니다. 즉, 바닐라 JS에서는 classList가 편하고, 프레임워크에서는 “직접 조작은 최소화”가 원칙이 됩니다. 또한 toggle의 두 번째 인자(force)를 쓰면 의도를 더 명확히 할 수 있어 버그를 줄일 수 있습니다. 작은 API지만 UI 제어의 기본기라 확실히 익혀두면 좋습니다.		O	TRUE	X	FALSE					frontend	javascript	dom	
Q375	dataset(dataset)		Frontend - JavaScript	12	OX	EASY	data-id="7" 속성은 element.dataset.id로 접근할 수 있다.	HTML의 data-* 속성은 커스텀 데이터를 DOM에 저장하는 표준 방법이며, JS에서 dataset으로 접근할 수 있습니다. 면접에서는 data-*의 용도와, dataset 값이 문자열로 들어온다는 점을 묻기도 합니다. 실무에서는 이벤트 위임에서 클릭된 요소가 어떤 항목인지 식별하기 위해 data-id를 자주 사용합니다. 다만 dataset은 문자열이므로 숫자 비교/연산 전에는 Number로 변환하고 NaN 체크를 하는 습관이 필요합니다. 또한 DOM에 너무 많은 상태를 저장하면 렌더링 상태와 데이터 상태가 어긋날 수 있으니, 가능한 최소한의 식별자만 두고 실제 데이터는 JS 상태나 스토어에서 관리하는 것이 좋습니다. data-*는 편리하지만 “DOM을 데이터베이스처럼 쓰지 않는다”는 원칙을 지키는 것이 실무에서 중요합니다.		O	TRUE	X	FALSE					frontend	javascript	dom	
Q376	폼 값(value)		Frontend - JavaScript	12	OX	EASY	input.value는 항상 숫자 타입으로 반환된다.	input.value는 기본적으로 문자열로 반환됩니다. 면접에서는 이 특성 때문에 비교/검증에서 자주 실수가 난다는 점을 짚는 질문이 나옵니다. 실무에서는 수량, 나이, 페이지 번호처럼 숫자가 필요한 입력은 Number 변환 후 NaN 검증을 반드시 해야 합니다. 또한 빈 문자열은 Number("")로 0이 되는 등 변환 규칙이 함정이 될 수 있어, 공백 제거(trim)와 빈 값 처리 정책도 함께 필요합니다. type="number"여도 value는 문자열이며, valueAsNumber를 쓰면 NaN 처리와 함께 숫자로 받을 수 있다는 점도 알아두면 좋습니다. 입력 처리는 작은 부분처럼 보여도 오류가 많아, 안전한 변환과 검증을 설계하는 능력이 실무에서 매우 중요합니다.		O	FALSE	X	TRUE					frontend	javascript	dom	
Q377	valueAsNumber(valueAsNumber)		Frontend - JavaScript	12	OX	EASY	input.valueAsNumber는 숫자로 파싱된 값을 제공할 수 있다.	valueAsNumber는 input[type="number"]에서 값을 숫자로 얻을 수 있는 속성입니다. 면접에서는 value(문자열)와의 차이를 물으며 입력 처리 기본기를 확인할 수 있습니다. 실무에서는 valueAsNumber가 유용하지만, 값이 비어 있거나 파싱 불가능하면 NaN이 될 수 있으니 반드시 예외 처리가 필요합니다. 또한 로케일에 따라 소수점 입력 방식이 다를 수 있어 사용자 환경을 고려해야 합니다. 입력 검증은 프론트에서 1차, 서버에서 2차로 하는 것이 안전하며, 클라이언트 검증만 믿으면 우회가 가능합니다. 결국 입력은 신뢰할 수 없다는 전제를 두고 처리 정책을 정해야 합니다. 올바른 타입 변환과 검증 흐름을 설명할 수 있으면 면접에서도 실무형 답변이 됩니다.		O	TRUE	X	FALSE					frontend	javascript	dom	
Q378	로컬 스토리지(LocalStorage)		Frontend - JavaScript	12	OX	EASY	localStorage에 저장되는 값은 문자열로 저장된다.	localStorage는 key-value 저장소이며 값은 문자열로 저장됩니다. 면접에서는 localStorage와 sessionStorage의 차이(수명, 탭 단위), 그리고 쿠키와의 차이(전송 여부, 용량, 보안)를 묻기도 합니다. 실무에서는 객체를 저장하려면 JSON.stringify/parse가 필요하고, 파싱 실패를 대비한 try/catch가 중요합니다. 또한 localStorage는 동기 API라 대량 사용 시 메인 스레드를 막을 수 있어 주의해야 합니다. 민감 정보(토큰 등)를 localStorage에 저장하면 XSS에 취약해질 수 있으니 보안 정책과 함께 설계해야 합니다. 브라우저 저장소는 편하지만 “무엇을 저장해도 되는가”와 “어떻게 복구할 것인가”까지 고민해야 운영에서 안전합니다.		O	TRUE	X	FALSE					frontend	javascript	storage	
Q379	sessionStorage(SessionStorage)		Frontend - JavaScript	12	OX	EASY	sessionStorage는 브라우저 탭을 닫으면 데이터가 사라질 수 있다.	sessionStorage는 일반적으로 탭(세션) 단위로 유지되며, 탭을 닫으면 데이터가 사라질 수 있습니다. 면접에서는 localStorage와 수명/공유 범위 차이를 비교하는 질문이 자주 나옵니다. 실무에서는 “탭 동안만 유지할 상태”(임시 폼 데이터, 1회 플로우 정보)에 sessionStorage를 쓰면 적절할 수 있습니다. 다만 브라우저/설정에 따라 동작이 조금 다르게 느껴질 수 있고, 스토리지 자체는 사용자가 지울 수 있으니 신뢰하면 안 됩니다. 또한 저장소는 동기 API이므로 과도하게 쓰면 성능에 악영향이 있을 수 있습니다. 저장소는 편리하지만, 진짜 영속성이 필요한 데이터는 서버 저장이 원칙입니다. 용도를 구분해 쓰는 것이 실무 포인트입니다.		O	TRUE	X	FALSE					frontend	javascript	storage	
Q380	쿠키(Cookie)		Frontend - JavaScript	12	OX	EASY	쿠키는 요청 시 서버로 자동 전송될 수 있다.	쿠키는 브라우저가 요청에 자동으로 포함시킬 수 있는 저장 메커니즘입니다. 면접에서는 쿠키의 보안 속성(HttpOnly, Secure, SameSite)을 묻는 형태로 자주 확장됩니다. 실무에서는 인증을 쿠키 기반으로 할 때 CSRF 방어(SameSite, CSRF 토큰)가 중요합니다. 또한 쿠키는 크기 제한이 비교적 작고, 모든 요청에 실리면 트래픽 비용이 발생하므로 필요한 최소 정보만 저장해야 합니다. 반면 localStorage는 자동 전송이 되지 않지만 XSS 위험이 있고, 각각의 트레이드오프를 이해해야 합니다. 인증/세션 설계는 보안과 직결되므로, 저장소 선택과 옵션 설정 이유를 설명할 수 있어야 합니다. 작은 설정 하나가 사고를 막거나 만들 수 있습니다.		O	TRUE	X	FALSE					frontend	javascript	security	
Q381	JSON 직렬화(JSON stringify)		Frontend - JavaScript	12	OX	EASY	JSON.stringify는 순환 참조가 있는 객체를 처리할 수 있다.	JSON.stringify는 순환 참조(circular reference)가 있으면 일반적으로 TypeError를 던집니다. 면접에서는 “왜 에러가 나나”를 통해 객체 그래프와 직렬화 한계를 묻는 경우가 많습니다. 실무에서는 상태 객체에 순환 참조가 생기지 않도록 모델을 단순화하거나, 필요하다면 replacer로 필드를 제거하는 전략이 필요합니다. 순환 참조는 디버깅에서도 콘솔 출력이 꼬이는 원인이 될 수 있어, 데이터 구조 설계 단계에서 예방하는 것이 좋습니다. 또한 직렬화는 시스템 경계에서 일어나므로, 실패 시 복구(기본값, 저장 건너뛰기) 정책을 마련해야 합니다. 단순히 “에러가 났다”로 끝내지 말고, 왜 생기고 어떻게 피하는지까지 설명할 수 있으면 면접에서 강점이 됩니다. 직렬화는 흔한데 함정이 많은 영역입니다.		O	FALSE	X	TRUE					frontend	javascript	data	
Q382	배열 reduce(reduce)		Frontend - JavaScript	12	OX	EASY	reduce는 배열을 하나의 값으로 누적(축약)할 수 있다.	reduce는 누적 함수를 통해 배열을 하나의 값(숫자, 객체, 배열 등)으로 만들 수 있는 메서드입니다. 면접에서는 초기값의 의미와, 초기값을 생략했을 때의 동작(첫 요소가 accumulator가 됨)을 묻기도 합니다. 실무에서는 합계, 그룹핑, 카운팅처럼 데이터 집계에 유용하지만, 과도하게 쓰면 코드가 읽기 어려워질 수 있습니다. 팀에서는 reduce를 쓸 때 콜백을 복잡하게 만들기보다, 중간 함수를 분리하거나 명확한 변수명을 써서 가독성을 확보하는 것이 좋습니다. 또한 빈 배열에서 초기값 없이 reduce를 호출하면 에러가 나므로 방어 코드가 필요합니다. reduce는 강력하지만 “가독성 vs 간결성” 균형이 중요합니다. 의도를 잘 드러내면 면접에서도 좋은 평가를 받을 수 있습니다.		O	TRUE	X	FALSE					frontend	javascript	array	
Q383	Array.from(Array from)		Frontend - JavaScript	12	OX	EASY	Array.from은 유사 배열이나 이터러블을 배열로 바꿀 수 있다.	Array.from은 이터러블이나 유사 배열(NodeList 등)을 진짜 배열로 변환할 수 있습니다. 면접에서는 querySelectorAll 결과(NodeList)를 배열 메서드로 다루고 싶을 때 어떻게 하냐 같은 질문으로 자주 나옵니다. 실무에서는 변환 후 map/filter 같은 배열 메서드를 사용할 수 있어 코드가 깔끔해집니다. 또한 Array.from은 매핑 함수를 두 번째 인자로 받아 변환과 동시에 가공할 수 있어 편리합니다. 다만 변환은 새 배열을 생성하므로, 매우 큰 컬렉션을 반복 변환하면 성능 비용이 생길 수 있습니다. 필요한 시점에 한 번만 변환하고 재사용하거나, 그냥 for...of로 순회하는 것이 더 효율적일 수 있습니다. 도구는 편리하지만 비용도 함께 이해하고 선택하는 것이 중요합니다.		O	TRUE	X	FALSE					frontend	javascript	array	
Q384	NodeList(NodeList)		Frontend - JavaScript	12	OX	EASY	querySelectorAll의 결과는 일반적으로 NodeList이며, 배열이 아니다.	querySelectorAll은 일반적으로 NodeList를 반환하며, NodeList는 배열이 아닙니다. 면접에서는 NodeList와 HTMLCollection 차이, 그리고 배열 변환 방법(Array.from, 스프레드)을 묻기도 합니다. 실무에서는 NodeList에도 forEach가 있는 경우가 많지만, 모든 배열 메서드가 있는 것은 아니므로 착각하면 에러가 날 수 있습니다. 또한 NodeList가 정적(static)인지, HTMLCollection이 라이브(live)인지 같은 차이는 DOM 변경이 잦은 환경에서 버그를 만들 수 있습니다. 필요하면 즉시 배열로 스냅샷을 떠서 안정적으로 처리하는 전략이 유용합니다. DOM 컬렉션의 타입을 이해하면 “왜 루프가 이상하게 돌지” 같은 문제를 빠르게 해결할 수 있습니다. 기본기지만 UI 개발에서 자주 만나는 지점입니다.		O	TRUE	X	FALSE					frontend	javascript	dom	
Q385	디바운스(Debounce)		Frontend - JavaScript	12	OX	EASY	디바운스는 이벤트가 연속으로 발생해도 마지막 호출만 실행되도록 지연시키는 기법이다.	디바운스는 연속 이벤트(검색 입력, resize 등)에서 마지막 이벤트만 처리하도록 호출을 지연하는 기법입니다. 면접에서는 스로틀(throttle)과 비교해 언제 어떤 걸 쓰는지 묻는 경우가 많습니다. 실무에서는 검색 자동완성에서 매 키 입력마다 요청을 보내면 서버/네트워크 부담이 커지므로, 디바운스로 요청을 줄이는 것이 일반적입니다. 다만 디바운스를 너무 크게 잡으면 반응이 느려 사용자 경험이 나빠질 수 있어, 지연 시간 튜닝이 필요합니다. 또한 컴포넌트 언마운트 시 타이머 정리가 필요하며, 그렇지 않으면 늦게 실행된 콜백이 상태를 변경해 버그가 날 수 있습니다. 성능 최적화는 단순히 빠르게 만드는 게 아니라, 사용자 경험과 안정성을 함께 맞추는 일이 핵심입니다. 디바운스는 그 대표적인 실무 패턴입니다.		O	TRUE	X	FALSE					frontend	javascript	performance	
Q386	스로틀(Throttle)		Frontend - JavaScript	12	OX	EASY	스로틀은 일정 시간 간격으로만 이벤트 처리를 허용하는 기법이다.	스로틀은 이벤트가 계속 발생하더라도 일정 주기마다 한 번만 처리하도록 제한하는 기법입니다. 면접에서는 스크롤 이벤트 최적화에서 단골로 나오며, 디바운스와의 차이를 명확히 설명해야 합니다. 실무에서는 스크롤 위치에 따라 UI를 업데이트하는 경우, 매 이벤트마다 처리하면 렌더링이 버벅일 수 있어 스로틀이 유용합니다. 다만 스로틀 구현 방식에 따라 “마지막 호출을 보장할지”가 달라질 수 있어 요구사항에 맞춰 trailing 옵션 등을 고려해야 합니다. 또한 requestAnimationFrame 기반 스로틀은 렌더링과 맞물려 더 부드러운 UX를 만들 수 있습니다. 최적화는 무조건 줄이는 것이 아니라, 필요한 업데이트는 놓치지 않는 균형이 중요합니다. 스로틀은 그 균형을 잡는 기본 도구입니다.		O	TRUE	X	FALSE					frontend	javascript	performance	
Q387	DOMContentLoaded(DOM Content Loaded)		Frontend - JavaScript	12	OX	EASY	DOMContentLoaded는 HTML 파싱이 완료되면 발생할 수 있고, 이미지 로드는 기다리지 않을 수 있다.	DOMContentLoaded는 DOM 트리가 구성되면 발생하며, 이미지/스타일 같은 모든 리소스 로드를 기다리는 load 이벤트와 구분됩니다. 면접에서는 이 차이를 통해 “언제 DOM 조작을 시작해야 안전한가”를 묻기도 합니다. 실무에서는 초기 렌더링/이벤트 바인딩을 DOMContentLoaded 시점에 시작하면, 전체 리소스 로드를 기다리지 않아도 되어 더 빠른 UX를 만들 수 있습니다. 다만 모듈 스크립트나 defer 스크립트는 DOM 파싱과 함께 동작 순서가 달라질 수 있으니, 로딩 전략을 함께 이해해야 합니다. 성능 최적화는 “가능한 빨리 인터랙션 가능하게 만들기”가 목표이므로, 이벤트 타이밍을 정확히 아는 것이 중요합니다. 또한 SPA에서는 이런 이벤트보다 프레임워크 수명주기가 더 중요해지니, 환경에 맞는 타이밍을 선택해야 합니다. 로딩 이벤트를 구분하면 초기화 버그를 줄이고 성능도 개선할 수 있습니다.		O	TRUE	X	FALSE					frontend	javascript	browser	
Q388	load 이벤트(load event)		Frontend - JavaScript	12	OX	EASY	window의 load 이벤트는 모든 리소스(이미지 포함)가 로드된 뒤 발생할 수 있다.	load 이벤트는 문서뿐 아니라 이미지, 스타일시트 등 모든 리소스 로드가 끝난 뒤 발생할 수 있습니다. 면접에서는 DOMContentLoaded와 차이를 비교하는 문제가 자주 나옵니다. 실무에서는 이미지 크기 측정, 실제 렌더링 완료 후 레이아웃 계산 같은 작업이 필요할 때 load 이벤트가 유용합니다. 다만 load는 늦게 발생할 수 있어 초기 인터랙션을 지연시키면 UX가 나빠질 수 있으니, 필요한 경우에만 의도적으로 사용해야 합니다. 또한 서비스 워커나 캐시 상태에 따라 로드 타이밍이 달라질 수 있어, 항상 같은 시점이라고 가정하면 안 됩니다. 초기화 코드는 “언제 실행되는가”가 품질을 좌우하므로, 이벤트 타이밍을 명확히 선택하는 습관이 중요합니다. 로딩 이벤트를 정확히 구분하면 성능 최적화와 버그 예방에 동시에 도움이 됩니다.		O	TRUE	X	FALSE					frontend	javascript	browser	
Q389	XSS(Cross Site Scripting)		Frontend - JavaScript	12	OX	EASY	사용자 입력을 innerHTML로 그대로 넣으면 XSS 취약점이 생길 수 있다.	innerHTML에 사용자 입력을 그대로 넣으면 악성 스크립트가 실행될 수 있어 XSS 취약점이 생깁니다. 면접에서는 XSS가 무엇이고 어떻게 방어하는지(이스케이프, CSP, 안전한 렌더링)까지 확장됩니다. 실무에서는 사용자 입력이나 외부 데이터는 기본적으로 불신하고, DOM 삽입 시에는 textContent를 쓰거나, 신뢰할 수 있는 sanitizer를 적용하는 것이 안전합니다. 프레임워크는 기본적으로 이스케이프 렌더링을 제공하지만, dangerouslySetInnerHTML 같은 탈출구를 쓰면 동일한 위험이 생깁니다. 또한 CSP는 피해를 줄일 수 있지만 완전한 해결은 아니므로, 데이터 처리 단계에서부터 안전하게 만드는 것이 중요합니다. 보안은 “나중에”가 아니라 기본 설계에 포함되어야 합니다. 작은 편의가 큰 사고로 이어질 수 있으니, 위험과 방어 원칙을 명확히 알고 있어야 합니다.		O	TRUE	X	FALSE					frontend	javascript	security	
Q390	CORS(CORS)		Frontend - JavaScript	12	OX	EASY	브라우저는 다른 출처의 API 호출을 항상 자유롭게 허용한다.	브라우저는 기본적으로 같은 출처 정책(SOP) 때문에 다른 출처 요청을 제한하며, CORS 정책으로 서버가 허용해줘야 정상적으로 읽을 수 있습니다. 면접에서는 프리플라이트, Access-Control-Allow-Origin 같은 헤더를 묻는 질문으로 확장됩니다. 실무에서는 “요청은 갔는데 응답을 못 읽는다” 같은 상황이 흔해, 네트워크 탭과 서버 헤더를 확인하는 디버깅 루틴이 중요합니다. 또한 CORS는 브라우저 보안 정책이므로 서버 간 통신에는 적용되지 않는다는 점도 함께 알고 있어야 합니다. 개발 환경에서는 프록시로 우회하는 경우가 많지만, 운영에서는 올바른 CORS 설정과 자격 증명(withCredentials) 정책을 명확히 해야 합니다. CORS는 프론트/백엔드 협업 포인트라, 원리와 해결 방법을 말할 수 있으면 면접에서도 강점이 됩니다.		O	FALSE	X	TRUE					frontend	javascript	network	
Q391	동일 출처 정책(Same Origin Policy)		Frontend - JavaScript	12	OX	EASY	동일 출처 정책은 웹 보안을 위해 다른 출처의 리소스 접근을 제한할 수 있다.	동일 출처 정책(SOP)은 웹에서 기본이 되는 보안 정책으로, 출처(프로토콜, 호스트, 포트)가 다르면 접근을 제한합니다. 면접에서는 출처의 정의(세 요소)를 정확히 말할 수 있는지 자주 확인합니다. 실무에서는 API 서버를 분리하거나 CDN을 쓰면 출처가 달라져 문제가 생길 수 있어, CORS 설정과 함께 고려해야 합니다. SOP 덕분에 악성 사이트가 사용자의 세션으로 민감한 정보를 읽어가는 것을 막을 수 있지만, 필요할 때는 CORS, postMessage 등 안전한 방식으로 예외를 허용해야 합니다. 또한 쿠키 기반 인증에서는 SOP/CSRF/CORS가 모두 얽혀 있으므로, 한 개념만 따로 이해하면 실수가 생깁니다. 웹 보안은 결국 “브라우저가 무엇을 막고 무엇을 허용하는지”를 이해하는 데서 시작합니다. SOP는 그 출발점이므로 확실히 잡아두는 것이 좋습니다.		O	TRUE	X	FALSE					frontend	javascript	security	
Q392	이벤트 루프(Event Loop)		Frontend - JavaScript	12	OX	MEDIUM	마이크로태스크 큐는 일반적으로 태스크(매크로태스크) 큐보다 먼저 비워질 수 있다.	이벤트 루프는 콜 스택이 비었을 때 큐에 있는 작업을 꺼내 실행합니다. 이때 Promise.then 같은 마이크로태스크는 보통 setTimeout 같은 태스크(매크로태스크)보다 우선 처리됩니다. 면접에서는 “왜 then이 setTimeout보다 먼저 실행되나”를 설명하는지로 비동기 이해도를 확인합니다. 실무에서는 마이크로태스크를 과도하게 쌓으면 렌더링이 밀려 UI가 멈춘 것처럼 보일 수 있어 주의가 필요합니다. 특히 무한 then 체인이나 대량 Promise 처리 로직은 프레임 드랍을 만들 수 있으니, 작업을 쪼개거나 requestAnimationFrame/Idle callback 등으로 양보하는 설계가 좋습니다. 비동기 처리는 성능과 UX에 직결되므로, 큐 우선순위 모델을 이해하는 것이 중요합니다.		O	TRUE	X	FALSE					frontend	javascript	async	
Q393	마이크로태스크(Microtask)		Frontend - JavaScript	12	OX	MEDIUM	MutationObserver 콜백은 일반적으로 마이크로태스크로 스케줄링될 수 있다.	MutationObserver는 DOM 변경을 관찰하고, 콜백을 마이크로태스크 타이밍에 실행하는 것으로 알려져 있습니다. 면접에서는 Promise 마이크로태스크와 함께 “어떤 것이 마이크로태스크인가”를 구분시키기도 합니다. 실무에서는 DOM 변경 후 즉시 반응하는 로직이 필요할 때 유용하지만, DOM 변경이 연쇄적으로 발생하면 콜백이 자주 호출되어 성능 문제가 생길 수 있습니다. 따라서 관찰 범위를 좁히고, 콜백 내부 작업을 가볍게 유지하는 것이 중요합니다. 또한 관찰이 필요 없어진 시점에는 disconnect로 해제해 메모리/CPU 사용을 줄여야 합니다. 브라우저 내부 스케줄링을 이해하면 “왜 렌더가 늦지” 같은 문제를 더 빠르게 디버깅할 수 있습니다.		O	TRUE	X	FALSE					frontend	javascript	browser	
Q394	this 바인딩(this binding)		Frontend - JavaScript	12	OX	MEDIUM	일반 함수 호출에서 this는 strict mode에서는 undefined가 될 수 있다.	strict mode에서는 함수가 “그냥 호출”될 때 this가 전역 객체로 바인딩되지 않고 undefined가 됩니다. 면접에서는 strict/non-strict 차이를 통해 this의 기본 규칙을 이해하는지 확인합니다. 실무에서는 this에 의존하는 코드는 콜백으로 전달될 때 쉽게 깨지므로, bind를 사용하거나 화살표 함수로 캡처하는 방식이 더 안전한 경우가 많습니다. 특히 클래스 메서드를 이벤트 핸들러로 넘길 때 this가 사라지는 문제는 매우 흔합니다. 그래서 팀에서는 클래스 메서드를 화살표로 정의하거나, 생성자에서 바인딩하는 컨벤션을 두기도 합니다. this는 문법보다 호출 방식이 핵심이므로, 규칙을 단단히 잡아두면 디버깅 시간이 크게 줄어듭니다.		O	TRUE	X	FALSE					frontend	javascript	function	
Q395	화살표 함수 this(Arrow this)		Frontend - JavaScript	12	OX	MEDIUM	화살표 함수의 this는 호출 방식에 따라 동적으로 바뀐다.	화살표 함수의 this는 동적으로 바뀌지 않고, 선언 시점의 렉시컬 this를 캡처합니다. 면접에서는 일반 함수와의 가장 중요한 차이로 단골 출제됩니다. 실무에서는 콜백에서 this가 깨지는 문제를 줄이기 위해 화살표 함수를 많이 쓰지만, 객체 메서드를 화살표로 만들면 의도치 않게 상위 스코프 this를 캡처해 버릴 수도 있어 주의가 필요합니다. 또한 화살표 함수는 new로 호출할 수 없고, arguments도 없다는 제약이 있어 모든 상황에 대체할 수는 없습니다. 따라서 “this가 필요 없는 유틸 함수는 화살표”, “동적 this가 필요한 경우는 일반 함수”처럼 기준을 갖는 것이 좋습니다. this 규칙을 정확히 설명할 수 있으면 JS 면접에서 강한 인상을 줄 수 있습니다.		O	FALSE	X	TRUE					frontend	javascript	function	
Q396	프로토타입(Prototype)		Frontend - JavaScript	12	OX	MEDIUM	생성자 함수로 만든 인스턴스는 생성자.prototype을 프로토타입 체인으로 연결할 수 있다.	생성자 함수로 만든 객체는 내부 [[Prototype]]이 생성자 함수의 prototype 객체를 가리키게 됩니다. 면접에서는 new 동작 원리(빈 객체 생성, 프로토타입 연결, this 바인딩, 반환 규칙)를 묻는 형태로 자주 나옵니다. 실무에서는 class 문법을 쓰더라도 결국 프로토타입 기반이라는 점을 이해하면 상속/메서드 공유/메모리 사용을 더 잘 판단할 수 있습니다. 예를 들어 메서드를 인스턴스마다 새로 만들지 않고 prototype에 두면 메모리를 절약할 수 있습니다. 반대로 화살표 메서드를 인스턴스 필드로 두면 this는 안정적이지만 인스턴스마다 함수가 생길 수 있습니다. 어떤 방식이 적합한지는 성능, 바인딩 안정성, 코드 스타일을 종합적으로 고려해야 합니다.		O	TRUE	X	FALSE					frontend	javascript	oop	
Q397	프로토타입 수정(Prototype pollution)		Frontend - JavaScript	12	OX	MEDIUM	사용자 입력으로 객체를 병합할 때 proto 같은 키를 그대로 반영하면 보안 문제가 생길 수 있다.	객체 병합(merge) 시 사용자 입력을 그대로 반영하면 proto, constructor 같은 키를 통해 프로토타입이 오염될 수 있고, 이는 보안 취약점으로 이어질 수 있습니다. 면접에서는 “프로토타입 오염(Prototype Pollution)”을 아는지 묻는 경우가 종종 있습니다. 실무에서는 딥 머지 유틸을 사용할 때 입력 키를 필터링하거나, 안전한 라이브러리를 사용하고, Object.create(null) 같은 방식을 고려해야 합니다. 특히 서버에서 받은 JSON을 그대로 merge하는 코드는 위험할 수 있어, 스키마 검증과 허용 리스트 기반 매핑이 안전합니다. 보안 이슈는 발생하면 피해가 크므로, “편리함 때문에 merge”하는 습관을 경계하는 것이 좋습니다. JS의 유연함은 장점이지만, 입력을 신뢰하지 않는 설계가 필수입니다.		O	TRUE	X	FALSE					frontend	javascript	security	
Q398	TDZ(Temporal Dead Zone)		Frontend - JavaScript	12	OX	MEDIUM	let/const 변수는 선언 전 접근 시 ReferenceError가 발생할 수 있다.	let/const는 호이스팅은 되지만 TDZ(일시적 사각지대) 때문에 초기화 전 접근이 불가능합니다. 면접에서는 var와 비교해 “왜 더 안전한가”를 설명하는 질문으로 자주 출제됩니다. 실무에서는 TDZ 덕분에 선언 순서 실수를 초기에 잡을 수 있지만, 번들러/모듈 분리 과정에서 순환 의존이 생기면 TDZ 관련 오류가 나타날 수 있습니다. 따라서 모듈 간 의존성 방향을 단순하게 유지하고, 초기화가 필요한 값은 함수로 감싸 지연 평가하는 전략이 도움이 될 수 있습니다. 또한 블록 스코프를 활용해 변수의 생명주기를 짧게 만드는 습관은 충돌을 줄이고 가독성을 높입니다. TDZ는 에러 메시지로 자주 마주치는 개념이니, 원리를 이해하면 디버깅이 훨씬 빨라집니다.		O	TRUE	X	FALSE					frontend	javascript	scope	
Q399	호이스팅(Hoisting)		Frontend - JavaScript	12	OX	MEDIUM	var로 선언한 변수는 선언 전에 접근해도 ReferenceError가 발생한다.	var는 선언이 호이스팅되어 선언 전 접근이 가능하며, 값은 undefined로 평가되는 경우가 많습니다. 면접에서는 이 특성이 “조용한 버그”를 만든다는 점을 자주 짚습니다. 실무에서는 var를 지양하고 let/const를 기본으로 쓰면 이런 문제를 줄일 수 있습니다. 레거시 코드에서는 var로 인해 undefined가 퍼져 나가며 버그가 커지는 경우가 있어, 방어 로직과 테스트가 중요합니다. 또한 함수 스코프 특성 때문에 블록 스코프를 기대하면 오작동할 수 있어 주의해야 합니다. 호이스팅은 단순 암기가 아니라, 런타임에서 왜 그런 결과가 나오는지 설명하는 능력이 면접에서 중요합니다. 동작 원리를 알면 예외 상황에서도 안정적으로 디버깅할 수 있습니다.		O	FALSE	X	TRUE					frontend	javascript	scope	
Q400	구조 분해 할당(Destructuring)		Frontend - JavaScript	12	OX	MEDIUM	객체 구조 분해에서 없는 프로퍼티를 꺼내면 undefined가 될 수 있다.	구조 분해 할당은 객체/배열에서 값을 쉽게 꺼내는 문법입니다. 객체에 없는 키를 꺼내면 undefined가 되며, 기본값을 줄 수 있습니다. 면접에서는 기본값 적용 시점과, 중첩 구조 분해에서 에러가 나는 케이스를 함께 묻기도 합니다. 실무에서는 API 응답 구조가 불확실할 때 구조 분해를 바로 쓰면 에러가 날 수 있어, 기본값이나 optional chaining과 조합하는 패턴이 중요합니다. 또한 구조 분해로 많은 값을 한 줄에 꺼내면 가독성이 떨어질 수 있으니, 의미 있는 단위로 나누는 것이 좋습니다. 문법은 짧아도 안전성과 가독성을 함께 고려해야 합니다. 구조 분해는 코드 품질을 올리지만, 데이터 신뢰성 전제가 맞는지부터 확인하는 습관이 필요합니다.		O	TRUE	X	FALSE					frontend	javascript	syntax	
Q401	전개/얕은 복사(Shallow copy)		Frontend - JavaScript	12	OX	MEDIUM	스프레드로 복사한 객체는 중첩 객체까지 완전히 독립적인 깊은 복사다.	스프레드로 만든 복사는 얕은 복사이며, 중첩 객체의 참조는 공유됩니다. 면접에서는 “왜 복사했는데 같이 바뀌지?” 같은 질문으로 출제됩니다. 실무에서는 불변 업데이트를 한다고 스프레드만 믿으면, 중첩 객체에서 참조 공유로 사이드이펙트가 생길 수 있습니다. 이를 피하려면 변경 경로의 중첩 레벨까지 새로 복사하거나, 데이터 구조를 평탄화하거나, Immer 같은 라이브러리를 사용하는 전략이 있습니다. 또한 JSON stringify/parse로 깊은 복사를 시도하면 Date, Map, 순환 참조 등에서 깨질 수 있어 주의가 필요합니다. 복사는 단순 구현보다 “데이터 모델을 어떻게 설계하느냐”가 더 중요합니다. 얕은/깊은 복사의 차이를 정확히 이해하면 상태 버그를 크게 줄일 수 있습니다.		O	FALSE	X	TRUE					frontend	javascript	immutability	
Q402	Object.is(Object is)		Frontend - JavaScript	12	OX	MEDIUM	Object.is는 NaN과 NaN을 같다고 판단할 수 있다.	Object.is는 ===와 유사하지만 NaN 비교, +0/-0 처리에서 차이가 있습니다. NaN과 NaN을 true로 판단한다는 점이 대표적입니다. 면접에서는 “NaN은 왜 자기 자신과 같지 않나”를 묻고, Object.is로 해결할 수 있음을 연결하기도 합니다. 실무에서는 대부분의 비교는 ===로 충분하지만, 수치 연산에서 NaN 감지나 +0/-0를 구분해야 하는 특수 케이스에서 Object.is가 필요할 수 있습니다. 또한 React의 내부 구현에서도 Object.is가 비교에 쓰이는 사례가 있어, 알고 있으면 도움이 됩니다. 다만 Object.is를 남발하면 팀 코드 스타일이 흔들릴 수 있으니, 필요한 경우에만 쓰는 기준이 좋습니다. “언제 굳이 필요한가”를 말할 수 있으면 면접에서 깊이가 드러납니다.		O	TRUE	X	FALSE					frontend	javascript	operator	
Q403	프라미스 체인(Promise chaining)		Frontend - JavaScript	12	OX	MEDIUM	Promise.then에서 값을 return하면 다음 then으로 전달될 수 있다.	Promise 체인에서 then 콜백이 return하는 값은 다음 then의 입력으로 전달됩니다. return이 Promise면 그 Promise가 resolve된 값이 전달됩니다. 면접에서는 “then이 왜 이어지나”를 통해 비동기 흐름과 반환 규칙을 이해하는지 확인합니다. 실무에서는 이 규칙을 이용해 단계별 파이프라인을 만들 수 있지만, then 체인이 길어지면 가독성이 떨어질 수 있어 async/await로 전환하는 것이 더 좋은 경우가 많습니다. 또한 return을 빼먹으면 undefined가 흘러가 디버깅이 어려워지므로, 각 단계가 무엇을 반환하는지 명확히 하는 습관이 중요합니다. 에러 처리도 체인에서 catch로 한 번에 할 수 있지만, 어느 단계에서 실패했는지 로깅/추적을 남기는 것이 운영에서 중요합니다. Promise 흐름은 규칙을 이해하면 강력한 도구가 됩니다.		O	TRUE	X	FALSE					frontend	javascript	promise	
Q404	에러 전파(Error propagation)		Frontend - JavaScript	12	OX	MEDIUM	async 함수에서 throw한 에러는 반환된 Promise를 rejected 상태로 만들 수 있다.	async 함수에서 throw는 동기 예외처럼 보이지만, 결과적으로 Promise rejection으로 전파됩니다. 면접에서는 try/catch로 잡지 않으면 호출자가 catch해야 한다는 점을 강조하는 질문이 나옵니다. 실무에서는 이 특성 때문에 async 함수 내부에서 에러를 삼키지 말고, 의미 있는 에러로 래핑하거나 상위로 전파해 중앙집중적으로 처리하는 구조가 유리합니다. 또한 unhandledrejection이 발생하면 사용자에게 조용히 실패하거나 로깅이 누락될 수 있어, 전역 핸들러와 로깅 체계를 갖추는 것이 좋습니다. 에러 메시지에는 민감 정보가 포함되지 않도록 마스킹도 필요합니다. 에러 전파 규칙을 알면 비동기에서 “왜 잡히지 않지” 같은 문제를 빠르게 해결할 수 있습니다. 운영 관점에서 에러 처리는 기능만큼 중요합니다.		O	TRUE	X	FALSE					frontend	javascript	error	
Q405	fetch와 오류 처리(fetch)		Frontend - JavaScript	12	OX	MEDIUM	fetch는 404 응답이면 자동으로 Promise를 reject한다.	fetch는 네트워크 오류(연결 실패 등)에서는 reject되지만, 404/500 같은 HTTP 오류 응답은 보통 resolve되고 response.ok로 확인해야 합니다. 면접에서 fetch 오류 처리 함정은 매우 자주 출제됩니다. 실무에서는 response.ok 체크를 표준화하고, 에러 바디를 파싱해 사용자 메시지/로깅을 분리하는 전략이 필요합니다. 또한 타임아웃은 기본 제공이 아니라 AbortController를 써야 하므로, 운영에서는 타임아웃 정책을 반드시 넣는 것이 좋습니다. API 호출은 장애가 일상적으로 발생하는 지점이므로, 재시도/백오프/서킷 브레이커 같은 정책까지 연결되기도 합니다. 프론트에서도 최소한 “ok 체크 + 타임아웃 + 사용자 피드백”은 기본으로 갖추는 것이 안정적입니다.		O	FALSE	X	TRUE					frontend	javascript	network	
Q406	AbortController(AbortController)		Frontend - JavaScript	12	OX	MEDIUM	AbortController를 사용하면 fetch 요청을 중단할 수 있다.	AbortController는 fetch 같은 비동기 작업을 취소(abort)하기 위한 표준 도구입니다. 면접에서는 “요청 취소를 어떻게 구현하나”에서 자주 등장합니다. 실무에서는 검색 자동완성처럼 연속 요청이 발생할 때 이전 요청을 취소하지 않으면, 늦게 온 응답이 최신 결과를 덮어쓰는 레이스 컨디션이 생길 수 있습니다. 따라서 요청을 시작할 때 이전 컨트롤러를 abort하고 새 컨트롤러를 만드는 패턴이 유효합니다. 또한 언마운트 시점에 요청을 취소하면 불필요한 네트워크 사용과 상태 업데이트 경고를 줄일 수 있습니다. 취소는 사용자 경험(빠른 반응)과 자원 절약 모두에 도움이 되지만, 서버는 이미 요청을 처리했을 수도 있으니 멱등성/중복 처리 전략도 함께 고려해야 합니다.		O	TRUE	X	FALSE					frontend	javascript	async	
Q407	requestAnimationFrame(rAF)		Frontend - JavaScript	12	OX	MEDIUM	requestAnimationFrame 콜백은 보통 다음 페인트 직전에 실행될 수 있다.	requestAnimationFrame은 브라우저의 렌더링 루프와 맞춰 콜백을 실행합니다. 일반적으로 다음 페인트 전에 실행되므로 애니메이션/스크롤 처리 최적화에 유용합니다. 면접에서는 setTimeout과 비교해 왜 rAF가 더 부드러운지(프레임 동기화)를 설명하는 질문이 나옵니다. 실무에서는 스크롤 이벤트를 rAF로 스로틀링하면 레이아웃 스래싱을 줄이고 프레임 드랍을 완화할 수 있습니다. 다만 백그라운드 탭에서는 rAF가 멈추거나 느려질 수 있어, 정확한 시간 측정은 Date 기반으로 해야 합니다. 또한 rAF 루프를 만들면 cancelAnimationFrame으로 정리하지 않으면 CPU를 계속 사용하게 됩니다. 렌더링 성능은 체감 UX에 직결되므로, 브라우저 스케줄링 도구를 이해하는 것이 중요합니다.		O	TRUE	X	FALSE					frontend	javascript	performance	
Q408	웹 스토리지 예외(Storage quota)		Frontend - JavaScript	12	OX	MEDIUM	localStorage.setItem은 용량 초과 시 예외를 던질 수 있다.	localStorage는 용량 제한이 있으며, 초과하면 setItem이 예외(QuotaExceededError 등)를 던질 수 있습니다. 면접에서는 스토리지에 대한 신뢰를 경계시키는 질문으로 나올 수 있습니다. 실무에서는 저장 실패를 대비해 try/catch를 두고, 오래된 데이터를 지우거나 저장을 건너뛰는 정책이 필요합니다. 특히 큰 데이터를 무심코 저장하면 사용자 환경에 따라 즉시 장애가 발생할 수 있습니다. 또한 private mode나 브라우저 정책에 따라 스토리지 사용이 제한될 수 있어, 저장소는 “있으면 좋고 없으면 복구하는” 보조 수단으로 설계하는 것이 안전합니다. 영속성이 정말 중요하면 서버 저장이 원칙이며, 클라이언트 저장은 캐시/편의 기능 중심으로 쓰는 편이 좋습니다. 예외가 발생하는 지점을 알고 있으면 운영 장애를 예방할 수 있습니다.		O	TRUE	X	FALSE					frontend	javascript	storage	
Q409	JSON과 타입 손실(JSON limitations)		Frontend - JavaScript	12	OX	MEDIUM	JSON.stringify는 함수(Function)를 그대로 직렬화해 보존할 수 있다.	JSON은 데이터 교환 포맷으로, 함수는 직렬화 대상이 아닙니다. stringify는 함수나 symbol 같은 값을 보통 제거하거나 undefined로 처리합니다. 면접에서는 JSON이 어떤 타입을 표현할 수 있는지(객체/배열/문자열/숫자/불리언/null)로 확장되기도 합니다. 실무에서는 “저장했다가 복원했더니 Date가 문자열이 됐다” 같은 타입 손실 문제가 흔합니다. 따라서 저장/전송 시에는 타입 변환 전략(예: Date는 ISO 문자열 + 복원 시 new Date)을 명확히 해야 합니다. 또한 JSON 기반 상태 저장은 순환 참조, BigInt, Map/Set 등에서도 문제가 생기므로 모델을 단순화하거나 커스텀 직렬화가 필요할 수 있습니다. 직렬화는 시스템 경계에서 자주 쓰이는 만큼, 무엇이 보존되고 무엇이 사라지는지 아는 것이 안정성을 높입니다.		O	FALSE	X	TRUE					frontend	javascript	data	
Q410	구조적 공유(Structural Sharing)		Frontend - JavaScript	12	OX	MEDIUM	불변 업데이트에서는 변경되지 않은 하위 객체 참조를 재사용해도 안전할 수 있다.	불변 업데이트는 “모든 걸 깊게 복사”하는 의미가 아니라, 바뀐 경로만 새로 만들고 나머지는 참조를 재사용하는 구조적 공유가 핵심입니다. 면접에서는 불변성이 왜 성능에 유리할 수 있는지(참조 비교, 메모리 절약)로 확장될 수 있습니다. 실무에서는 React 렌더링 최적화에서 참조 동일성 기반 memoization이 흔하므로, 구조적 공유를 유지하는 것이 매우 중요합니다. 다만 변경 경로를 제대로 새로 만들지 않으면 참조 공유로 인해 상태가 새어 나가 버그가 생깁니다. 그래서 Immer 같은 도구를 사용하거나, 업데이트 함수를 단위 테스트로 보호하는 전략이 유효합니다. 불변성은 스타일이 아니라 “예측 가능성과 최적화”를 위한 설계 원칙입니다. 구조적 공유를 설명할 수 있으면 실무 감각이 드러납니다.		O	TRUE	X	FALSE					frontend	javascript	state	
Q411	전역 에러 처리(Unhandled rejection)		Frontend - JavaScript	12	OX	MEDIUM	Promise rejection을 catch하지 않으면 unhandledrejection 이벤트가 발생할 수 있다.	Promise rejection을 처리하지 않으면 브라우저/런타임에서 unhandledrejection 이벤트가 발생할 수 있습니다. 면접에서는 “비동기 에러는 왜 조용히 사라지나”를 묻고, 전역 핸들러와 로깅을 연결하는 질문이 나오기도 합니다. 실무에서는 이 이벤트를 활용해 에러 로깅(예: Sentry)을 붙일 수 있지만, 근본적으로는 각 비동기 흐름에서 catch를 통해 의도적으로 처리하는 것이 우선입니다. 또한 전역 핸들러에서 에러를 무조건 무시하면 장애 탐지가 늦어지므로, 알림/지표로 연결하는 운영 설계가 필요합니다. 비동기 에러는 재현이 어려워 비용이 커질 수 있어, 예방이 중요합니다. “잡을 곳에서 잡고, 놓친 건 전역에서 관측”이라는 계층형 전략이 안정적입니다. 이런 관점까지 말할 수 있으면 면접에서 높은 평가를 받을 수 있습니다.		O	TRUE	X	FALSE					frontend	javascript	error	
Q412	call/apply/bind(call apply bind)		Frontend - JavaScript	12	OX	MEDIUM	Function.prototype.bind는 this를 고정한 “새 함수”를 반환할 수 있다.	bind는 호출 즉시 실행하는 것이 아니라, this와 일부 인자를 고정한 새로운 함수를 반환합니다. 면접에서는 call/apply는 즉시 호출, bind는 함수 반환이라는 차이를 자주 묻습니다. 실무에서는 이벤트 핸들러로 메서드를 넘길 때 this가 깨지는 문제를 해결하기 위해 bind를 쓰기도 합니다. 다만 React 클래스 컴포넌트에서 렌더마다 bind를 새로 만들면 성능/참조 동일성 문제가 생길 수 있어, 생성자에서 한 번만 바인딩하거나 화살표 필드로 정의하는 방식이 흔합니다. 또한 bind는 부분 적용(partial application)에도 활용되지만, 과도하게 사용하면 디버깅이 어려워질 수 있습니다. this 바인딩 문제는 프론트에서 매우 흔하니, 원리와 사용 시점을 함께 설명할 수 있어야 합니다.		O	TRUE	X	FALSE					frontend	javascript	function	
Q413	apply 인자 규칙(apply arguments)		Frontend - JavaScript	12	OX	MEDIUM	apply는 인자 목록을 배열(또는 유사 배열) 형태로 받을 수 있다.	apply는 this를 지정하고, 인자를 배열(또는 유사 배열)로 받아 함수에 전달합니다. 면접에서는 call과 비교해 인자 전달 방식 차이를 묻는 경우가 많습니다. 실무에서는 예전에는 Math.max에 배열을 넘길 때 apply를 썼지만, 요즘은 스프레드(Math.max(...arr))가 더 흔합니다. 다만 레거시 코드나 polyfill 환경에서는 apply를 마주칠 수 있어 동작 원리를 알아야 합니다. 또한 인자 수가 매우 많으면 콜 스택/엔진 제한에 걸릴 수 있어, 대규모 데이터는 reduce로 최대값을 찾는 방식이 안전할 수 있습니다. 함수 호출 방식은 “문법”이 아니라 런타임 동작을 바꾸는 요소이니 정확히 이해해두는 것이 좋습니다.		O	TRUE	X	FALSE					frontend	javascript	function	
Q414	getter/setter(getter setter)		Frontend - JavaScript	12	OX	MEDIUM	객체의 getter는 프로퍼티처럼 접근하지만 내부적으로 함수가 실행될 수 있다.	getter/setter는 프로퍼티 접근 문법을 유지하면서 내부적으로 계산이나 검증 로직을 실행할 수 있는 기능입니다. 면접에서는 캡슐화 관점에서 “왜 메서드가 아니라 getter를 쓰나”를 묻기도 합니다. 실무에서는 계산 프로퍼티, 값 검증, lazy 계산 등에 유용하지만, getter가 무거운 작업을 하면 단순 읽기처럼 보여도 성능 문제가 생길 수 있어 주의해야 합니다. 또한 getter가 부수효과를 가지면(상태 변경 등) 코드가 예측 불가능해지므로 지양하는 편이 좋습니다. 클래스/객체 모델을 설계할 때 접근자 사용 기준을 정해두면 유지보수성이 좋아집니다. 겉보기는 단순하지만 설계 철학이 드러나는 포인트입니다.		O	TRUE	X	FALSE					frontend	javascript	oop	
Q415	프로퍼티 디스크립터(Property descriptor)		Frontend - JavaScript	12	OX	MEDIUM	Object.defineProperty로 enumerable을 false로 설정하면 for...in에서 숨길 수 있다.	프로퍼티 디스크립터는 writable, enumerable, configurable 같은 속성을 통해 프로퍼티 동작을 정의합니다. enumerable을 false로 두면 for...in이나 Object.keys에서 기본적으로 열거되지 않습니다. 면접에서는 열거 가능성(enumerable)과 접근 제어를 연결해 묻는 경우가 있습니다. 실무에서는 라이브러리에서 내부용 필드를 숨기거나, API 표면을 깔끔하게 유지할 때 사용될 수 있습니다. 다만 defineProperty를 남발하면 객체의 동작이 직관과 달라져 디버깅이 어려워질 수 있습니다. 또한 configurable을 false로 만들면 이후 수정이 제한되어, 잘못 설정하면 마이그레이션이 어려워질 수 있습니다. 메타 프로그래밍 요소이므로 “필요할 때만” 쓰는 기준을 갖는 것이 좋습니다.		O	TRUE	X	FALSE					frontend	javascript	object	
Q416	열거 순서(Enumeration order)		Frontend - JavaScript	12	OX	MEDIUM	객체 프로퍼티 열거 순서는 항상 삽입 순서만으로 결정된다.	객체의 프로퍼티 열거 순서는 단순 삽입 순서만이 아니라, 정수 인덱스처럼 보이는 키가 우선 정렬되는 등 규칙이 섞여 있습니다. 면접에서는 “객체 키 순서를 신뢰해도 되나” 같은 질문으로 함정을 낼 수 있습니다. 실무에서는 순서가 중요한 자료는 객체보다 Map이나 배열을 사용하는 편이 안전합니다. 특히 서버 응답을 객체로 만들고 그 순서에 의존해 UI를 그리면 브라우저/엔진 차이로 예상과 다르게 보일 수 있습니다. 또한 JSON은 객체의 순서를 보장하는 포맷이 아니기 때문에, 순서가 의미가 있다면 명시적으로 배열 형태로 내려주는 것이 좋습니다. 즉, 순서 요구사항이 있으면 데이터 모델에서부터 그 요구를 표현해야 합니다. 순서 문제는 재현이 어려워서, 애초에 의존하지 않는 설계가 최선입니다.		O	FALSE	X	TRUE					frontend	javascript	object	
Q417	얕은 동결(Object.freeze)		Frontend - JavaScript	12	OX	MEDIUM	Object.freeze는 중첩 객체까지 자동으로 변경 불가능하게 만든다.	Object.freeze는 얕게(shallow) 동결하며, 중첩 객체의 내부 변경까지 막지는 못합니다. 면접에서는 스프레드 얕은 복사와 함께 “깊이는 직접 처리해야 한다”는 점을 자주 묻습니다. 실무에서는 개발 환경에서 불변성 위반을 빨리 잡기 위해 freeze를 쓰기도 하지만, 런타임 비용이 있고 완전한 보호가 아니라는 점을 이해해야 합니다. 중첩까지 보호하려면 재귀적으로 freeze를 적용하거나, Immer 같은 도구로 불변 업데이트를 강제하는 방식이 더 실용적일 수 있습니다. 또한 freeze된 객체를 수정하려고 하면 strict mode에서는 에러가 날 수 있어, 테스트/개발 중에 이슈를 빠르게 발견할 수 있습니다. freeze는 도구일 뿐이고, 데이터 모델 설계와 업데이트 규칙이 핵심입니다.		O	FALSE	X	TRUE					frontend	javascript	immutability	
Q418	가비지 컬렉션과 참조(GC reference)		Frontend - JavaScript	12	OX	MEDIUM	클로저가 캡처한 변수가 참조되고 있으면 GC가 회수하지 못할 수 있다.	GC는 도달 가능한(reachable) 객체를 회수하지 않습니다. 클로저가 특정 값을 참조로 붙잡고 있으면, 그 값이 큰 객체일 경우 메모리 사용이 계속 유지될 수 있습니다. 면접에서는 메모리 누수의 흔한 원인(이벤트 리스너 미해제, 타이머, 클로저)을 묻는 흐름에서 자주 나옵니다. 실무에서는 화면 전환 후에도 남아있는 리스너/인터벌이 DOM을 참조하면 누수가 생기기 쉬우므로, cleanup 패턴이 중요합니다. 또한 캐시(Map 등)를 무한히 키우면 GC가 회수하지 못하니, TTL/최대 크기 정책을 두는 것이 좋습니다. 메모리 문제는 성능 저하와 크래시로 이어질 수 있어, 참조 그래프를 의식하는 습관이 필요합니다. “왜 안 없어지지?”를 설명할 수 있으면 디버깅이 훨씬 쉬워집니다.		O	TRUE	X	FALSE					frontend	javascript	memory	
Q419	WeakMap(WeakMap)		Frontend - JavaScript	12	OX	MEDIUM	WeakMap의 키는 객체여야 하며, 키는 약한 참조로 관리될 수 있다.	WeakMap은 키로 객체만 허용하며, 키에 대한 참조가 약해서 다른 곳에서 참조가 끊기면 GC 대상이 될 수 있습니다. 면접에서는 Map vs WeakMap 차이(열거 불가, 키 제약, GC)로 자주 출제됩니다. 실무에서는 객체에 메타데이터를 붙이되 메모리 누수를 줄이고 싶을 때 WeakMap이 유용합니다. 예를 들어 DOM 노드에 대한 상태를 저장하고, 노드가 제거되면 자연스럽게 정리되게 만들 수 있습니다. 다만 WeakMap은 반복/size 조회가 제한적이어서 “모든 항목을 훑어야 하는” 요구에는 맞지 않습니다. 따라서 데이터 생명주기와 접근 패턴을 보고 Map/WeakMap을 선택해야 합니다. 메모리와 설계가 연결되는 좋은 질문 포인트라 면접 대비에 가치가 큽니다.		O	TRUE	X	FALSE					frontend	javascript	memory	
Q420	심볼 키(Symbol key)		Frontend - JavaScript	12	OX	MEDIUM	Symbol을 객체의 프로퍼티 키로 사용할 수 있다.	Symbol은 고유한 식별자를 만들 수 있는 원시 타입이며, 객체의 프로퍼티 키로 사용할 수 있습니다. 면접에서는 “왜 Symbol이 필요한가(충돌 방지)”를 묻는 경우가 많습니다. 실무에서는 라이브러리에서 내부 필드를 숨기거나, 충돌 없이 확장 포인트를 제공할 때 Symbol을 사용할 수 있습니다. 다만 JSON 직렬화에서 Symbol 키는 사라지고, 일반 열거(Object.keys)에서 기본적으로 보이지 않는 등 도구 호환성이 떨어질 수 있습니다. 또한 디버깅 시 눈에 덜 띄어 원인 파악이 어려울 수 있으니, 정말 필요한 경우에만 쓰는 것이 좋습니다. Symbol은 JS의 메타 프로그래밍을 이해하는 데 중요한 요소라, 제약까지 함께 설명할 수 있으면 면접에서 깊이가 드러납니다.		O	TRUE	X	FALSE					frontend	javascript	type	
Q421	JSON과 Symbol(JSON Symbol)		Frontend - JavaScript	12	OX	MEDIUM	JSON.stringify는 Symbol 타입 값을 그대로 보존해 직렬화할 수 있다.	JSON은 Symbol 타입을 표현하지 못합니다. stringify 과정에서 Symbol 값은 보통 제거되거나(객체 프로퍼티 값이면) undefined처럼 처리됩니다. 면접에서는 JSON이 표현할 수 있는 타입 범위와 직렬화 한계를 확인하는 질문으로 나올 수 있습니다. 실무에서는 상태 저장/캐시/스토리지에 넣을 데이터를 JSON으로 관리할 때 타입 손실이 흔히 발생하므로, 저장 대상 데이터를 “JSON 친화적 모델”로 제한하는 것이 좋습니다. Symbol, BigInt, Map/Set, Date 같은 타입은 변환 규칙을 명확히 정해두지 않으면 복원 시 문제가 생깁니다. 따라서 저장/전송 경계에서 스키마를 정의하고 변환 레이어를 두는 설계가 안전합니다. 직렬화는 운영 이슈로 바로 이어지기 때문에, 한계를 알고 설계하는 것이 중요합니다.		O	FALSE	X	TRUE					frontend	javascript	data	
Q422	모듈 순환 의존(Circular dependency)		Frontend - JavaScript	12	OX	MEDIUM	ES 모듈에서 순환 의존이 있어도 항상 문제 없이 초기화가 완료된다.	ES 모듈은 순환 의존을 어느 정도 허용하지만, 초기화 순서/TDZ 때문에 런타임 오류가 발생할 수 있습니다. 면접에서는 “왜 undefined가 나오지?” 같은 실전형 문제로 출제될 수 있습니다. 실무에서는 모듈 그래프가 복잡해질수록 순환 의존이 생기기 쉬우므로, 레이어 방향(상위가 하위를 참조) 규칙을 두거나, 공통 타입/상수는 별도 모듈로 분리해 의존 방향을 단순화하는 것이 좋습니다. 또한 순환 의존이 필요한 구조라면 초기화를 함수로 감싸 지연 평가하는 방식으로 TDZ 문제를 피할 수 있습니다. 순환 의존은 빌드/테스트에서는 안 터지다가 특정 실행 경로에서 터지기도 해 골치가 아픕니다. “안 만들고, 생기면 빨리 끊는다”가 운영에서 가장 안전한 전략입니다.		O	FALSE	X	TRUE					frontend	javascript	module	
Q423	동적 import(Dynamic import)		Frontend - JavaScript	12	OX	MEDIUM	import()는 동적으로 모듈을 로드하며 Promise를 반환할 수 있다.	동적 import는 런타임에 모듈을 불러오는 기능이며 Promise를 반환합니다. 면접에서는 코드 스플리팅과 연결해 “왜 필요한가”를 묻는 경우가 많습니다. 실무에서는 초기 번들 크기를 줄이기 위해 라우트 단위로 모듈을 지연 로딩하는 패턴이 흔합니다. 다만 네트워크 지연으로 로딩 스피너/에러 UI가 필요하고, 로딩 실패(오프라인, CDN 장애)에도 대비해야 합니다. 또한 너무 잘게 쪼개면 요청이 많아져 오히려 성능이 나빠질 수 있어, 분할 기준을 경험적으로 조정하는 것이 중요합니다. 사용자 경험 관점에서는 “빠른 초기 진입 + 필요한 순간 로딩” 균형이 핵심입니다. 동적 import는 그 균형을 만드는 대표 도구입니다.		O	TRUE	X	FALSE					frontend	javascript	performance	
Q424	try/catch 범위(async try catch)		Frontend - JavaScript	12	OX	MEDIUM	try/catch는 await로 기다리는 비동기 실패도 잡을 수 있다.	try/catch는 await가 있는 async 함수 안에서 Promise rejection을 예외처럼 잡을 수 있습니다. 면접에서는 “왜 then/catch 대신 try/catch가 되나”를 묻기도 합니다. 실무에서는 비동기 로직을 동기처럼 읽게 해 가독성이 좋아지지만, catch에서 모든 에러를 뭉뚱그려 처리하면 원인 추적이 어려워질 수 있습니다. 그래서 에러 타입을 분리하거나, 에러에 컨텍스트를 추가해 로깅하는 방식이 유용합니다. 또한 finally를 활용해 로딩 상태 해제 같은 정리 로직을 안정적으로 수행할 수 있습니다. 에러 처리는 기능만큼 중요한 품질 요소라, 잡고 끝내는 것이 아니라 “어떻게 사용자와 운영에 전달할지”까지 설계해야 합니다. 비동기 예외 처리 규칙을 정확히 알면 장애 대응이 쉬워집니다.		O	TRUE	X	FALSE					frontend	javascript	error	
Q425	이벤트 캡처링(Capturing)		Frontend - JavaScript	12	OX	MEDIUM	addEventListener의 세 번째 인자 또는 옵션 capture: true를 주면 캡처 단계에서 핸들러가 실행될 수 있다.	이벤트는 캡처링 단계에서 위→아래로 내려오고, 버블링 단계에서 아래→위로 올라갑니다. capture 옵션을 true로 주면 캡처링 단계에서 핸들러가 실행됩니다. 면접에서는 전파 모델을 정확히 이해하는지 확인하기 위해 캡처링을 종종 묻습니다. 실무에서는 일반적으로 버블링만으로 충분하지만, 특정 라이브러리/컴포넌트 구조에서 캡처링이 필요할 때가 있습니다. 다만 캡처 핸들러는 예상치 못한 타이밍에 실행되어 디버깅이 어렵고, 다른 코드의 stopPropagation과 상호작용할 수 있어 신중해야 합니다. 이벤트 전파를 설계할 때는 “가능한 단순하게”가 원칙이며, 캡처링은 꼭 필요할 때만 선택하는 편이 좋습니다. 전파 모델을 이해하면 UI 이벤트 버그를 빠르게 해결할 수 있습니다.		O	TRUE	X	FALSE					frontend	javascript	dom	
Q426	passive 리스너(Passive listener)		Frontend - JavaScript	12	OX	MEDIUM	passive: true로 등록된 리스너에서는 preventDefault가 무시될 수 있다.	passive 리스너는 스크롤 성능 개선을 위해 도입된 옵션으로, 브라우저가 “기본 동작을 막지 않을 것”이라고 가정할 수 있게 합니다. 그래서 passive: true인 경우 preventDefault 호출이 무시되거나 경고가 발생할 수 있습니다. 면접에서는 모바일 스크롤 최적화와 연결해 출제되기도 합니다. 실무에서는 touchmove/scroll 관련 이벤트에서 passive 설정이 성능에 큰 영향을 줄 수 있지만, 실제로 기본 동작을 막아야 하는 요구(커스텀 스크롤, 드래그 제어)가 있으면 passive를 쓰면 안 됩니다. 따라서 기능 요구와 성능 최적화를 균형 있게 선택해야 합니다. 또한 브라우저/프레임워크가 자동으로 passive를 설정하는 경우도 있어, “왜 preventDefault가 안 되지” 같은 이슈의 원인이 됩니다. 이벤트 옵션은 작아 보이지만 UX 성능에 큰 차이를 만드는 요소입니다.		O	TRUE	X	FALSE					frontend	javascript	performance	
Q427	타입 강제 변환(Coercion)		Frontend - JavaScript	12	OX	MEDIUM	"5" - 2 의 결과는 문자열 "52"이다.	문자열과 숫자의 연산에서 +는 문자열 결합이 될 수 있지만, -는 숫자 연산만 가능해 "5"가 숫자로 강제 변환되어 3이 됩니다. 면접에서는 연산자별 타입 강제 규칙을 이해하는지 자주 묻습니다. 실무에서는 이런 암묵적 변환이 버그를 만들기 쉬워, 숫자 연산이 필요한 곳에서는 명시적으로 Number 변환을 하고 입력 검증을 하는 것이 안전합니다. 특히 폼 입력은 문자열이 기본이므로, 수치 계산 로직에 들어가기 전에 타입을 통일하는 규칙이 필요합니다. 또한 +로도 숫자 변환이 가능(+str)하지만 가독성이 떨어질 수 있어 팀 컨벤션을 정하는 편이 좋습니다. 타입 강제는 JS의 유연함이지만, 대규모 코드베이스에서는 명시성이 품질을 좌우합니다. 규칙을 이해하고 통제할 수 있어야 합니다.		O	FALSE	X	TRUE					frontend	javascript	type	
Q428	optional chaining(Optional chaining)		Frontend - JavaScript	12	OX	MEDIUM	obj?.a.b 는 obj가 null이면 안전하게 undefined로 평가된다.	optional chaining은 null/undefined에서 안전하게 접근할 수 있지만, obj?.a.b는 obj가 null이면 obj?.a가 undefined가 되고, 그 다음 .b 접근에서 에러가 날 수 있어 obj?.a?.b처럼 체인을 이어야 안전합니다. 면접에서는 이 문법의 정확한 동작 범위를 묻는 함정이 나올 수 있습니다. 실무에서는 API 응답처럼 구조가 불확실한 데이터 접근에서 유용하지만, 남발하면 데이터 스키마 문제를 숨기고 버그가 늦게 드러날 수 있습니다. 따라서 optional chaining은 “방어”로 쓰되, 핵심 데이터는 스키마 검증이나 타입으로 보장하는 것이 더 좋습니다. 또한 optional chaining은 호출에도 사용할 수 있어 fn?.() 형태로 안전 호출이 가능하지만, undefined가 조용히 넘어가므로 로깅이 필요한 상황에선 주의해야 합니다. 안전 접근은 UX 안정성을 올리지만, 원인 추적을 어렵게 만들 수 있다는 트레이드오프가 있습니다.		O	FALSE	X	TRUE					frontend	javascript	operator	
Q429	커스텀 이벤트(CustomEvent)		Frontend - JavaScript	12	OX	MEDIUM	CustomEvent를 사용하면 detail 필드로 추가 데이터를 이벤트에 담을 수 있다.	CustomEvent는 브라우저 이벤트 시스템을 활용해 커스텀 이벤트를 만들 수 있고, detail에 추가 데이터를 담아 전달할 수 있습니다. 면접에서는 컴포넌트 간 통신을 DOM 이벤트로 할 수 있는지, 그리고 장단점을 설명하는지 묻기도 합니다. 실무에서는 레거시/바닐라 환경에서 모듈 간 결합도를 낮추는 데 유용할 수 있지만, 이벤트 흐름이 복잡해지면 추적이 어려워 “숨은 의존성”이 생길 수 있습니다. 프레임워크 환경에서는 보통 props, 상태 관리, 이벤트 버스(또는 pub/sub) 같은 더 명시적인 방법을 선호합니다. 그래도 CustomEvent는 웹 표준 기반이라, 웹 컴포넌트나 통합 환경에서 강력한 도구가 됩니다. 이벤트 설계는 단순히 쏘고 받는 것이 아니라, 디버깅 가능성과 유지보수성을 함께 고려해야 합니다. 원리와 사용 기준을 함께 말하면 면접에서 좋은 평가를 받을 수 있습니다.		O	TRUE	X	FALSE					frontend	javascript	dom	
Q430	모듈 스코프(Module scope)		Frontend - JavaScript	12	OX	MEDIUM	ES 모듈에서 최상위(top-level) 변수는 전역 객체(window)의 프로퍼티가 되지 않을 수 있다.	ES 모듈은 파일 단위의 독립 스코프를 가지며, 최상위에 선언한 변수가 자동으로 window에 붙지 않습니다. 면접에서는 “스크립트와 모듈의 차이”로 자주 출제되고, strict mode가 기본이라는 점도 함께 묻습니다. 실무에서는 전역 오염을 줄이고 의존성을 명시할 수 있어 유지보수성이 좋아지지만, 기존에 window 전역에 의존하던 코드가 모듈로 옮겨가며 깨지는 일이 생길 수 있습니다. 그래서 레거시 마이그레이션에서는 전역에 노출해야 하는 API를 명시적으로 export하거나, 필요한 경우 window에 의도적으로 할당하는 전략을 취합니다. 또한 번들러 환경에서 모듈 경계가 어떻게 합쳐지는지도 이해하면 디버깅에 도움이 됩니다. 모듈 스코프는 코드 품질의 출발점이므로, “전역을 줄이는 이유”까지 말할 수 있으면 면접에서 좋은 평가를 받습니다.		O	TRUE	X	FALSE					frontend	javascript	module	
Q431	strict mode(strict mode)		Frontend - JavaScript	12	OX	MEDIUM	strict mode에서는 선언하지 않은 변수에 할당하면 에러가 발생할 수 있다.	strict mode는 느슨한 동작을 제한해 잠재 버그를 방지하는 모드입니다. 선언 없이 변수에 값을 할당하면 전역이 암묵적으로 생기지 않고 에러가 날 수 있습니다. 면접에서는 strict mode가 막는 대표 사례(암묵 전역, 중복 매개변수, this 바인딩 등)를 묻기도 합니다. 실무에서는 모듈은 기본적으로 strict이므로 “의도치 않은 전역 생성” 같은 버그를 줄이는 데 도움이 됩니다. 반대로 레거시 코드가 strict로 바뀌면 기존에 조용히 동작하던 코드가 터질 수 있어, 마이그레이션 시 테스트가 중요합니다. strict는 코드를 더 예측 가능하게 만들지만, 규칙을 모르면 갑자기 에러가 나서 당황할 수 있습니다. 어떤 동작이 달라지는지 알고 있으면 디버깅과 리팩터링이 훨씬 쉬워집니다.		O	TRUE	X	FALSE					frontend	javascript	runtime	
Q432	모듈 export/export default(export)		Frontend - JavaScript	12	OX	MEDIUM	한 모듈 파일에서는 export default를 여러 번 선언할 수 있다.	export default는 모듈 당 하나만 선언할 수 있습니다. 면접에서는 named export와 default export의 차이, import 문법 차이를 묻는 경우가 많습니다. 실무에서는 default export는 임포트 이름을 마음대로 정할 수 있어 편하지만, 리팩터링 시 검색이 어려워지고, 팀 일관성이 깨질 수 있다는 단점이 있습니다. 반면 named export는 자동 완성과 리네이밍이 쉬워 대규모 코드베이스에서 선호되기도 합니다. 어떤 방식을 쓰든 팀 컨벤션을 정해 일관되게 사용하는 것이 중요합니다. 또한 barrel export(index.ts) 같은 패턴을 쓰면 의존성이 꼬일 수 있어 신중해야 합니다. 모듈 설계는 협업 품질에 직결되므로, 장단점까지 설명할 수 있으면 좋습니다.		O	FALSE	X	TRUE					frontend	javascript	module	
Q433	동적 바인딩 vs 렉시컬 바인딩(this)		Frontend - JavaScript	12	OX	MEDIUM	메서드를 변수에 담아 호출하면 this가 원래 객체를 가리킨다고 보장할 수 있다.	메서드를 분리해 변수로 호출하면 this 바인딩이 깨질 수 있습니다. 면접에서는 “콜백으로 넘기면 왜 this가 undefined가 되나” 같은 상황으로 자주 출제됩니다. 실무에서는 이벤트 핸들러, setTimeout 콜백, Promise 콜백 등에서 메서드를 직접 넘기면 this가 사라지는 문제가 흔합니다. 이를 해결하려면 bind로 고정하거나, 화살표 함수로 감싸거나, 클래스 메서드를 화살표 필드로 선언하는 패턴이 사용됩니다. 특히 프레임워크에서 this 기반 코드는 유지보수가 어렵기 때문에, 가능한 함수형 스타일이나 명시적 인자 전달로 구조를 잡는 것도 좋은 전략입니다. this는 “정의”보다 “호출 방식”이 핵심이라, 깨지는 케이스를 설명할 수 있어야 합니다.		O	FALSE	X	TRUE					frontend	javascript	function	
Q434	이벤트 타깃과 currentTarget(target currentTarget)		Frontend - JavaScript	12	OX	MEDIUM	이벤트 위임에서 event.currentTarget은 보통 실제 클릭한 하위 요소를 가리킨다.	event.target은 실제로 이벤트가 발생한(클릭된) 요소이고, event.currentTarget은 리스너가 붙어 있는 요소를 가리킵니다. 이벤트 위임에서는 currentTarget이 상위 컨테이너가 되는 경우가 많습니다. 면접에서는 target과 currentTarget의 차이를 정확히 아는지 확인합니다. 실무에서는 event.target에서 closest로 원하는 요소를 찾고, currentTarget을 기준으로 범위를 제한하는 패턴이 흔합니다. 또한 shadow DOM이나 컴포넌트 구조에 따라 target이 예상과 달라질 수 있어, 디버깅 시 두 값을 같이 출력해보는 습관이 유용합니다. 이벤트 처리 버그는 자주 발생하므로, 이 차이를 이해하면 실전 문제 해결력이 올라갑니다. 위임과 함께 설명할 수 있으면 면접에서 안정적인 답변이 됩니다.		O	FALSE	X	TRUE					frontend	javascript	dom	
Q435	커링(Currying)		Frontend - JavaScript	12	OX	MEDIUM	커링은 여러 인자를 받는 함수를 인자 하나씩 받는 함수들의 체인으로 변환하는 기법이다.	커링은 f(a, b, c)를 f(a)(b)(c)처럼 분해해 호출할 수 있게 만드는 함수형 기법입니다. 면접에서는 부분 적용(partial application)과 차이를 구분하는지 묻기도 합니다. 실무에서는 설정을 먼저 고정해두고(예: 로깅 prefix, API baseUrl), 나중에 실제 값을 주입하는 방식으로 재사용성을 높일 때 유용합니다. 다만 커링을 과도하게 사용하면 함수 호출 형태가 낯설어져 팀 가독성이 떨어질 수 있습니다. 또한 디버깅에서 호출 스택이 길어지고, 타입 추론이 어려워질 수 있어(특히 JS 순수 환경) 도입 기준이 필요합니다. 핵심은 “재사용성과 조합성”을 얻기 위한 패턴이라는 점이며, 언제 쓰고 언제 안 쓰는지가 실무 포인트입니다.		O	TRUE	X	FALSE					frontend	javascript	functional	
Q436	이벤트 루프와 렌더링(Rendering)		Frontend - JavaScript	12	OX	MEDIUM	마이크로태스크가 계속 쌓이면 브라우저 렌더링이 지연될 수 있다.	브라우저는 JS 실행과 렌더링을 번갈아 수행하는데, 마이크로태스크가 과도하게 길면 렌더링 기회가 밀릴 수 있습니다. 면접에서는 “왜 UI가 멈춘 것처럼 보이나”를 이벤트 루프로 설명하는지 확인합니다. 실무에서는 대량 Promise 처리(then 체인)나 동기적으로 무거운 작업이 UI를 블로킹할 수 있어, 작업을 쪼개거나 Web Worker로 옮기는 전략이 필요합니다. 또한 requestAnimationFrame이나 setTimeout으로 작업을 분산해 프레임을 양보하는 방식이 도움이 됩니다. 성능 최적화는 단순히 빠른 코드가 아니라 “사용자가 끊김 없이 느끼는가”가 핵심입니다. 이벤트 루프와 렌더링 타이밍을 이해하면 프리즈 문제를 더 체계적으로 해결할 수 있습니다. 면접에서도 이런 관점은 높은 평가를 받습니다.		O	TRUE	X	FALSE					frontend	javascript	performance	
Q437	동시성(Concurrency)		Frontend - JavaScript	12	OX	MEDIUM	JavaScript는 단일 스레드이므로 비동기 작업은 동시에 실행될 수 없다.	JS 실행 자체는 단일 스레드이지만, 브라우저/런타임은 네트워크, 타이머, I/O를 별도로 처리하고 완료 알림을 이벤트 루프에 전달합니다. 즉 “병렬로 처리되는 것처럼” 동시성이 나타날 수 있습니다. 면접에서는 멀티스레딩과 이벤트 루프 기반 동시성을 구분해 설명하는지 확인합니다. 실무에서는 동시 요청을 많이 날리면 레이스 컨디션, 순서 뒤바뀜, 마지막 응답이 덮어쓰는 문제 등이 생길 수 있어 설계가 중요합니다. AbortController로 취소하거나, 요청에 시퀀스 번호를 붙여 최신 응답만 반영하는 패턴이 도움이 됩니다. 또한 Promise.all은 한 번에 동시 실행하지만 하나가 실패하면 전체가 reject되는 성질도 이해해야 합니다. 단일 스레드라고 안전한 것이 아니라, “비동기 경쟁”이 새로운 문제를 만든다는 점이 핵심입니다.		O	FALSE	X	TRUE					frontend	javascript	async	
Q438	Promise.all(Promise all)		Frontend - JavaScript	12	OX	MEDIUM	Promise.all은 모든 Promise가 성공해야 성공 결과를 반환할 수 있다.	Promise.all은 모든 Promise가 fulfilled일 때 결과 배열을 반환하고, 하나라도 rejected면 즉시 reject됩니다. 면접에서는 all과 allSettled의 차이를 묻는 질문으로 자주 확장됩니다. 실무에서는 여러 API를 동시에 요청하고 모두 필요할 때 all이 유용하지만, 일부 실패해도 전체 화면을 보여줘야 하면 allSettled나 개별 try/catch가 더 적합할 수 있습니다. 또한 all은 결과 순서를 입력 배열 순서대로 유지하므로, 완료 순서와 결과 순서를 혼동하지 않도록 주의해야 합니다. 대량 동시 요청은 서버 부하를 키울 수 있어, 제한(concurrency limit)을 두는 전략도 중요합니다. 비동기 조합은 성능과 안정성의 균형이므로, “언제 all을 쓰고 언제 피하는지”를 설명할 수 있어야 합니다.		O	TRUE	X	FALSE					frontend	javascript	promise	
Q439	Promise.allSettled(allSettled)		Frontend - JavaScript	12	OX	MEDIUM	Promise.allSettled는 실패가 있어도 모든 결과를 상태와 함께 받을 수 있다.	allSettled는 각 Promise의 fulfilled/rejected 상태와 값을 모두 모아 반환합니다. 면접에서는 “부분 실패를 어떻게 처리하나”의 실무형 질문으로 자주 나옵니다. 실무에서는 여러 위젯을 동시에 로딩할 때 일부 위젯만 실패해도 나머지를 보여주고 싶다면 allSettled가 적합합니다. 다만 결과가 status/value/reason 형태이므로 후처리 로직이 필요하고, 에러 로깅/사용자 메시지 정책을 분리해 설계해야 합니다. 또한 실패를 무시해버리면 장애 탐지가 늦어질 수 있으니, 적절히 모니터링으로 연결하는 것이 좋습니다. 비동기 조합에서 “실패를 어떻게 다룰지”는 UX와 운영 품질을 좌우합니다. allSettled는 그 요구를 만족시키는 좋은 도구입니다.		O	TRUE	X	FALSE					frontend	javascript	promise	
Q440	프로미스 레이스(Promise.race)		Frontend - JavaScript	12	OX	MEDIUM	Promise.race는 가장 먼저 “완료(성공 또는 실패)”된 Promise의 결과를 따른다.	Promise.race는 가장 먼저 settled(fulfilled 또는 rejected)된 결과를 반환합니다. 면접에서는 타임아웃 구현과 연결해 자주 출제됩니다. 실무에서는 fetch 타임아웃을 만들 때, 실제 요청 Promise와 타임아웃 Promise를 race로 묶는 방식이 흔합니다. 다만 race는 요청을 “취소”하지는 않으므로, AbortController와 함께 써야 리소스를 절약할 수 있습니다. 또한 가장 빠른 실패가 전체를 실패로 만들 수 있으니, 요구사항에 따라 any(Promise.any)나 allSettled가 더 적합할 수 있습니다. 동시성 도구는 강력하지만, 반환 규칙을 잘못 이해하면 버그가 쉽게 생깁니다. race의 동작을 정확히 말할 수 있으면 면접에서 신뢰감을 줍니다.		O	TRUE	X	FALSE					frontend	javascript	promise	
Q441	Promise.any(Promise any)		Frontend - JavaScript	12	OX	MEDIUM	Promise.any는 하나라도 성공하면 성공 결과를 반환할 수 있다.	Promise.any는 입력 중 하나라도 fulfilled되면 그 값을 반환하고, 모두 rejected면 AggregateError로 실패합니다. 면접에서는 all/race/any의 차이를 표로 설명해보라는 질문이 나올 수 있습니다. 실무에서는 여러 미러 서버/캐시 중 “가장 먼저 성공하는 것”만 쓰는 패턴에서 any가 유용합니다. 다만 실패가 누적되어 AggregateError가 나올 수 있으니, 에러 메시지 처리와 로깅이 필요합니다. 또한 any는 성공을 기다리는 동안 다른 요청들이 계속 진행될 수 있어, 필요하면 성공 후 나머지를 취소하는 전략을 고려해야 합니다. 비동기 조합은 UX에 큰 영향을 주므로, 규칙을 알고 도구를 선택하는 것이 중요합니다. any는 “성공이 하나면 충분”한 상황에서 특히 적합합니다.		O	TRUE	X	FALSE					frontend	javascript	promise	
Q442	프로토타입 상속(Class extends)		Frontend - JavaScript	12	OX	MEDIUM	class extends는 내부적으로 프로토타입 체인을 구성해 상속을 표현할 수 있다.	class 문법은 설탕 문법이지만, 실제로는 프로토타입 체인을 이용해 상속 구조를 만듭니다. 면접에서는 “JS는 클래스 기반 언어인가?” 같은 질문으로 프로토타입 기반이라는 본질을 확인합니다. 실무에서는 extends를 사용해 공통 동작을 재사용할 수 있지만, 과도한 상속은 결합도를 높여 변경을 어렵게 만들 수 있습니다. 그래서 합성(composition)을 선호하는 팀도 많고, 상속은 명확한 is-a 관계에서만 사용하자는 기준이 있습니다. 또한 super 호출 규칙(서브클래스 생성자에서 super 먼저) 같은 문법 제약도 이해해야 합니다. 클래스 문법을 쓰더라도 내부 메커니즘을 이해하면 디버깅과 설계 판단이 더 정확해집니다. 면접에서는 “프로토타입 기반 위에 클래스가 얹혀 있다”는 관점이 강점이 됩니다.		O	TRUE	X	FALSE					frontend	javascript	oop	
Q443	private 필드(#private)		Frontend - JavaScript	12	OX	MEDIUM	클래스의 #private 필드는 클래스 외부에서 직접 접근할 수 없다.	#private 필드는 클래스 바깥에서 직접 접근이 불가능한 진짜 캡슐화 수단입니다. 면접에서는 과거의 “컨벤션 기반 private”(_prefix)과 차이를 묻는 형태로 나올 수 있습니다. 실무에서는 외부 API를 최소화하고 내부 상태를 보호하는 데 도움이 되지만, 테스트나 디버깅에서 접근이 어렵다는 단점도 있습니다. 또한 트랜스파일/구형 브라우저 지원이 필요한 환경에서는 번들러 설정과 호환성을 확인해야 합니다. 캡슐화는 유지보수성을 높이지만, 너무 숨기면 확장/테스트가 어려워질 수 있어 균형이 필요합니다. 결국 중요한 건 “외부 계약(API) vs 내부 구현”을 분리하는 것이고, private 필드는 그 목적에 잘 맞는 도구입니다.		O	TRUE	X	FALSE					frontend	javascript	oop	
Q444	instanceof(instanceof)		Frontend - JavaScript	12	OX	MEDIUM	instanceof는 프로토타입 체인을 기준으로 인스턴스 여부를 판단할 수 있다.	instanceof는 객체의 프로토타입 체인에 특정 생성자 함수의 prototype이 있는지 확인합니다. 면접에서는 typeof와의 차이, 그리고 cross-realm(iframe)에서 깨질 수 있는 케이스를 아는지 묻기도 합니다. 실무에서는 클래스 인스턴스 판별에 유용하지만, 외부 라이브러리 객체나 다른 실행 컨텍스트에서 온 객체는 instanceof가 기대와 다르게 나올 수 있어 주의해야 합니다. 또한 duck typing(형태 기반 판별)이 더 유연한 경우도 있어, 상황에 맞게 선택해야 합니다. 타입 체크는 런타임 안정성을 높이지만, 과도하게 의존하면 확장성이 떨어질 수 있습니다. “정확히 무엇을 검사하는가”를 설명할 수 있으면 면접에서 신뢰를 줍니다.		O	TRUE	X	FALSE					frontend	javascript	type	
Q445	typeof 한계(typeof)		Frontend - JavaScript	12	OX	MEDIUM	typeof null의 결과는 "null"이다.	typeof null은 역사적 이유로 "object"를 반환합니다. 면접에서는 JS 타입 시스템의 대표 함정으로 매우 자주 출제됩니다. 실무에서는 null 체크는 typeof가 아니라 값 자체 비교(value === null)나 nullish 체크를 사용하는 것이 안전합니다. 또한 배열도 typeof로는 "object"라 구분이 안 되므로 Array.isArray를 써야 합니다. 이런 한계를 알고 있으면 타입 검증 로직이 더 견고해지고, 디버깅도 빨라집니다. 타입 체크는 단순해 보이지만, 잘못된 체크는 보안/안정성 문제로 이어질 수 있습니다. 그래서 팀에서는 유틸 함수로 표준화하거나 TypeScript로 상당 부분을 컴파일 타임에 잡는 전략을 쓰기도 합니다.		O	FALSE	X	TRUE					frontend	javascript	type	
Q446	디스트럭처링과 기본값(Default in destructuring)		Frontend - JavaScript	12	OX	MEDIUM	구조 분해 기본값은 값이 undefined일 때만 적용될 수 있다.	구조 분해에서 기본값은 대상 값이 undefined일 때만 적용됩니다. null이면 기본값이 적용되지 않습니다. 면접에서는 ??와의 차이처럼 “undefined vs null”을 구분하는 질문이 자주 나옵니다. 실무에서는 API가 null을 내려주는 경우가 많아, 구조 분해 기본값만 믿으면 빈 값 처리가 안 될 수 있습니다. 따라서 null도 함께 처리하려면 null 병합(??)이나 별도의 정규화 단계(normalize)를 두는 것이 좋습니다. 기본값 로직은 UI에서 빈 상태를 어떻게 보여줄지와 직결되므로, 데이터 정리 정책을 명확히 하는 것이 중요합니다. 이런 포인트는 작은 버그를 크게 줄여주기 때문에, 면접에서도 실무형 답변으로 좋은 인상을 줍니다.		O	TRUE	X	FALSE					frontend	javascript	syntax	
Q447	이벤트 리스너 해제(removeEventListener)		Frontend - JavaScript	12	OX	MEDIUM	removeEventListener는 addEventListener에 전달했던 것과 동일한 함수 참조가 필요할 수 있다.	이벤트 리스너 제거는 “같은 함수 참조”를 전달해야 정상적으로 해제됩니다. 면접에서는 메모리 누수와 연결해 왜 해제가 안 되는지 질문이 나옵니다. 실무에서는 addEventListener에 인라인 화살표 함수를 넣으면, 나중에 동일 참조를 만들 수 없어 제거가 불가능해지는 문제가 흔합니다. 그래서 핸들러를 변수/메서드로 분리하거나, AbortController의 signal 옵션으로 한 번에 정리하는 패턴도 활용됩니다. SPA에서 화면 전환이 많으면 리스너 누적이 성능 저하로 이어질 수 있어, cleanup 전략이 필수입니다. 이벤트 처리는 기능뿐 아니라 생명주기 관리가 품질을 좌우합니다. 이 원리를 이해하면 디버깅에서 “왜 두 번 실행되지?” 같은 문제를 빠르게 해결할 수 있습니다.		O	TRUE	X	FALSE					frontend	javascript	dom	
Q448	JSON 파싱 예외(JSON.parse)		Frontend - JavaScript	12	OX	MEDIUM	JSON.parse는 잘못된 JSON 문자열이면 예외를 던질 수 있다.	JSON.parse는 유효하지 않은 JSON이면 SyntaxError를 던집니다. 면접에서는 localStorage에서 꺼낸 문자열을 parse할 때 왜 터지는지 같은 실전 상황으로 자주 출제됩니다. 실무에서는 parse를 try/catch로 감싸고, 실패 시 기본값으로 복구하는 정책을 두는 것이 안전합니다. 특히 사용자 데이터나 외부 API 응답을 그대로 저장해두었다가 다시 읽는 흐름에서는, 데이터 손상이나 버전 변경으로 파싱 실패가 생길 수 있습니다. 따라서 저장 데이터에 버전 정보를 넣고 마이그레이션 로직을 두는 방식이 도움이 됩니다. 파싱 실패는 사용자 경험을 망칠 수 있으니, 오류 처리를 “당연히 해야 하는 기본값”으로 생각하는 습관이 중요합니다. 운영 안정성을 위해서는 에러 로깅도 함께 붙여 원인을 추적해야 합니다.		O	TRUE	X	FALSE					frontend	javascript	data	
Q449	정규표현식 lastIndex(RegExp lastIndex)		Frontend - JavaScript	12	OX	MEDIUM	전역 플래그(g)가 있는 정규표현식은 exec 호출 사이에 lastIndex가 변경될 수 있다.	/g 플래그가 있는 RegExp는 exec를 반복 호출할 때 lastIndex를 업데이트하며, 다음 매칭 위치를 기억합니다. 면접에서는 “왜 같은 정규식인데 결과가 번갈아 나오나” 같은 버그 사례로 출제될 수 있습니다. 실무에서는 전역 정규식을 재사용하면서 예상치 못한 lastIndex 상태가 남아 버그가 생기는 경우가 있어, 필요하면 매번 새 RegExp를 만들거나 lastIndex를 0으로 리셋하는 습관이 필요합니다. 특히 테스트 코드나 유틸 함수에서 정규식을 상수로 두고 재사용할 때 이 문제가 발생하기 쉽습니다. 정규표현식은 강력하지만 상태를 가질 수 있다는 점이 함정입니다. 이런 디테일을 알고 있으면 문자열 처리 버그를 빠르게 잡을 수 있습니다. 면접에서도 “실무에서 겪어본 사람”처럼 답변할 수 있는 포인트입니다.		O	TRUE	X	FALSE					frontend	javascript	regex	
Q450	구조적 비교(Reference equality)		Frontend - JavaScript	12	OX	MEDIUM	객체 두 개가 같은 키/값을 가지면 === 비교 결과는 항상 true가 된다.	JS에서 객체 비교는 내용이 아니라 “참조(주소)”를 비교합니다. 따라서 동일한 키/값을 가진 두 객체라도 서로 다른 객체라면 ===는 false가 됩니다. 면접에서는 원시 타입과 참조 타입 비교 차이를 매우 자주 확인합니다. 실무에서는 상태 비교나 캐시 키를 만들 때 이 특성을 이해하지 못하면, “같은 데이터인데 왜 다르지?” 같은 버그가 생깁니다. 예를 들어 React에서 객체를 새로 만들면 내용이 같아도 참조가 달라져 리렌더가 발생할 수 있습니다. 내용 비교가 필요하면 deep equal 유틸을 쓰거나, 데이터 정규화/ID 기반 비교로 설계를 바꾸는 편이 성능과 유지보수에 유리합니다. 참조 비교의 본질을 이해하면 불필요한 비교/렌더링을 줄일 수 있어 실무에서 큰 도움이 됩니다.		O	FALSE	X	TRUE					frontend	javascript	type	
Q451	배열의 불변성(Array immutability)		Frontend - JavaScript	12	OX	MEDIUM	Array.prototype.splice는 원본 배열을 변경하지 않는 메서드다.	splice는 원본 배열을 직접 변경하는(in-place) 메서드입니다. 면접에서는 slice(복사)와 splice(변경) 차이를 구분하는지 자주 묻습니다. 실무에서는 상태 관리에서 splice를 사용하면 원본이 바뀌어 버그가 생길 수 있으므로, 불변 업데이트가 필요하면 slice/concat/스프레드 등을 사용하는 편이 안전합니다. 또한 정렬(sort)도 원본을 바꾸는 메서드라, 함께 묶어 주의 포인트로 정리해두면 좋습니다. 원본 변경은 디버깅을 어렵게 만들고, 참조 동일성 기반 최적화를 깨뜨릴 수 있습니다. 그래서 팀에서는 “원본 변경 메서드 금지” 같은 컨벤션을 두기도 합니다. 메서드의 변이(mutation) 여부를 아는 것은 JS 실무에서 기본기입니다.		O	FALSE	X	TRUE					frontend	javascript	array	
Q452	배열 복사(slice)		Frontend - JavaScript	12	OX	MEDIUM	slice는 원본 배열을 변경하지 않고 새 배열을 반환할 수 있다.	slice는 배열의 일부를 잘라 새 배열을 반환하며, 원본을 변경하지 않습니다. 면접에서는 splice와 대비해 출제되는 단골 문항입니다. 실무에서는 불변 업데이트가 필요할 때 slice를 활용해 앞/뒤를 복사하고 중간을 교체하는 패턴을 많이 씁니다. 다만 slice도 얕은 복사라, 요소가 객체면 참조는 공유된다는 점을 이해해야 합니다. 또한 문자열에도 slice가 있어, 문자열 처리에서도 비슷한 개념으로 쓰일 수 있습니다. 불변성은 상태 관리와 렌더링 최적화의 핵심이라, 이런 기본 메서드의 성격을 확실히 알고 있어야 합니다. 작은 차이 하나가 버그를 만들 수 있으니, “원본이 변하나?”를 습관적으로 점검하는 것이 중요합니다.		O	TRUE	X	FALSE					frontend	javascript	array	
Q453	깊은 복사(Deep copy)		Frontend - JavaScript	12	OX	MEDIUM	structuredClone은 일부 환경에서 객체의 깊은 복사를 지원할 수 있다.	structuredClone은 브라우저/런타임에서 지원하는 경우, 다양한 타입을 포함한 깊은 복사를 수행할 수 있습니다. 면접에서는 JSON stringify/parse 방식의 한계(Date, Map, 순환 참조 등)와 비교해 확장 질문이 나올 수 있습니다. 실무에서는 깊은 복사가 꼭 필요한지부터 판단하는 것이 중요합니다. 깊은 복사는 비용이 크고, 데이터 모델을 잘 설계하면 구조적 공유로도 충분한 경우가 많기 때문입니다. 그래도 워커 메시지 전달이나 특정 데이터 스냅샷이 필요할 때 structuredClone이 유용할 수 있습니다. 다만 지원 범위와 타입 호환이 환경마다 다를 수 있어, 폴리필/대체 전략을 고려해야 합니다. “깊은 복사는 도구가 아니라 전략”이라는 관점으로 설명하면 실무형 답변이 됩니다.		O	TRUE	X	FALSE					frontend	javascript	data	
Q454	프로퍼티 존재 검사(in operator)		Frontend - JavaScript	12	OX	MEDIUM	"toString" in obj 는 obj가 상속받은 프로퍼티도 true로 판단할 수 있다.	in 연산자는 객체 자신의 프로퍼티뿐 아니라 프로토타입 체인에 존재하는 프로퍼티도 포함해 존재 여부를 판단합니다. 면접에서는 hasOwnProperty와의 차이를 거의 필수로 묻습니다. 실무에서는 “정말 own property만 필요”하면 Object.prototype.hasOwnProperty.call을 쓰는 것이 안전합니다. 특히 사용자 입력 객체는 프로토타입 오염이나 키 덮어쓰기 가능성이 있어, 검사 방식 선택이 보안과 연결될 수 있습니다. 또한 in은 값이 undefined여도 프로퍼티 자체가 존재하면 true라, “값이 있나?”와 “키가 있나?”를 구분해야 합니다. 존재 검사 로직은 데이터 검증에서 자주 쓰이므로, 정확한 의미를 알고 쓰는 것이 중요합니다. 이런 차이를 설명하면 면접에서 안정적인 기본기를 보여줄 수 있습니다.		O	TRUE	X	FALSE					frontend	javascript	object	
Q455	optional chaining 호출(?.())		Frontend - JavaScript	12	OX	MEDIUM	fn?.() 형태로 함수가 있을 때만 안전하게 호출할 수 있다.	optional chaining은 프로퍼티 접근뿐 아니라 호출에도 사용할 수 있어 fn?.()처럼 안전 호출이 가능합니다. 면접에서는 문법 범위(접근, 호출, 인덱스 접근)까지 알고 있는지 묻기도 합니다. 실무에서는 콜백이 있을 수도 없을 수도 있는 API(옵션 훅)에서 유용하지만, 호출이 조용히 무시되므로 중요한 동작이 빠져도 눈치채기 어려울 수 있습니다. 따라서 핵심 비즈니스 로직에서는 “없으면 에러”가 맞는지, “없어도 된다”가 맞는지 요구사항을 먼저 정해야 합니다. 또한 TypeScript를 쓰면 optional chaining을 남발하기보다 타입으로 존재를 보장하는 설계가 더 낫기도 합니다. 안전 호출은 편리하지만, 문제를 숨기지 않도록 적절히 로깅/가드 조건을 두는 것이 실무 포인트입니다. 문법만 아는 것보다 사용 기준을 설명할 수 있어야 합니다.		O	TRUE	X	FALSE					frontend	javascript	operator	
Q456	비동기 함수 반환(async return)		Frontend - JavaScript	12	OX	MEDIUM	async 함수는 항상 Promise를 반환할 수 있다.	async 함수는 반환값이 무엇이든 Promise로 감싸 반환합니다(이미 Promise면 그대로). 면접에서는 “왜 async인데 return 1이 Promise가 되나”를 설명하는 질문이 자주 나옵니다. 실무에서는 이 특성 때문에 async 함수를 호출하는 쪽은 항상 await 또는 then을 통해 결과를 처리해야 합니다. 또한 async 함수를 array map에 넣으면 Promise 배열이 생겨서, 결과를 얻으려면 Promise.all 같은 조합이 필요합니다. 이런 패턴을 모르고 사용하면 “값이 안 나와요” 같은 버그가 발생하기 쉽습니다. 비동기 반환 규칙을 이해하면 코드 흐름이 예측 가능해지고, 에러 처리 설계도 깔끔해집니다. async/await는 문법 설탕이지만 런타임은 Promise이므로, Promise 모델과 함께 설명하는 것이 면접에서 강점입니다.		O	TRUE	X	FALSE					frontend	javascript	async	
Q457	비동기 반복(forEach)		Frontend - JavaScript	12	OX	MEDIUM	Array.forEach 콜백 안에서 await를 쓰면 forEach가 await를 기다려 순차 실행된다.	forEach는 콜백이 async여도 그 Promise를 기다리지 않습니다. 면접에서는 “forEach에서 await가 왜 안 먹나”가 단골 실전 문제입니다. 실무에서 순차 처리가 필요하면 for...of 루프에서 await를 사용하거나, 병렬 처리가 목적이면 map으로 Promise 배열을 만들고 Promise.all을 써야 합니다. 또한 순차/병렬 처리 전략은 API rate limit, 서버 부하, UI 응답성을 고려해 선택해야 합니다. 무조건 병렬이 빠른 건 아니고, 순서가 중요하거나 제한이 있는 경우 순차가 맞습니다. 이 패턴을 알고 있으면 비동기 버그를 크게 줄일 수 있습니다. 면접에서는 “대안 코드”까지 말하면 실무형 답변이 됩니다.		O	FALSE	X	TRUE					frontend	javascript	async	
Q458	NaN 판별(isNaN vs Number.isNaN)		Frontend - JavaScript	12	OX	MEDIUM	Number.isNaN은 타입 강제 변환 없이 NaN인지 판별할 수 있다.	Number.isNaN은 값이 실제 NaN일 때만 true이며, 전역 isNaN처럼 문자열 등을 숫자로 변환해 판정하지 않습니다. 면접에서는 “왜 isNaN('abc')가 true인가” 같은 질문으로 타입 강제 함정을 묻습니다. 실무에서는 입력 검증에서 Number.isNaN이 더 안전한 경우가 많고, 숫자 변환과 검증을 분리해 처리하는 것이 좋습니다. 예를 들어 Number(value)로 변환한 뒤 Number.isNaN으로 확인하면 의도가 명확해집니다. 또한 빈 문자열, 공백 등은 변환 시 0이 될 수 있어(예상 밖), 검증 규칙을 요구사항에 맞게 정의해야 합니다. 숫자 검증은 결제/정산 같은 곳에서 중요도가 높아, 이런 디테일이 큰 버그를 막습니다. 면접에서도 안전한 검증 방식을 말할 수 있으면 좋습니다.		O	TRUE	X	FALSE					frontend	javascript	type	
Q459	배열 포함 검사(includes)		Frontend - JavaScript	12	OX	MEDIUM	includes는 NaN을 포함 여부 검사에서 찾을 수 있다.	includes는 SameValueZero 비교를 사용해 NaN도 포함 여부를 true로 판정할 수 있습니다. 면접에서는 indexOf가 NaN을 못 찾는다는 점과 함께 비교되기도 합니다. 실무에서는 사용자 입력/데이터 정제에서 NaN이 섞이는 경우가 있어, includes와 같은 비교 규칙을 이해하면 유리합니다. 다만 NaN이 데이터에 있다는 것 자체가 품질 문제일 수 있으니, 근본적으로는 NaN이 생기는 지점을 방지하는 설계가 중요합니다. 또한 includes는 가독성이 좋지만, 큰 배열에서 반복 호출하면 비용이 커질 수 있어 Set으로 바꾸는 최적화도 고려할 수 있습니다. 메서드 선택은 단순 취향이 아니라, 비교 규칙과 성능 특성을 함께 보는 것이 실무 포인트입니다. 면접에서는 “왜 includes를 쓰나”를 설명하면 좋습니다.		O	TRUE	X	FALSE					frontend	javascript	array	
Q460	스코프와 var(var scope)		Frontend - JavaScript	12	OX	MEDIUM	var로 선언한 변수는 블록({}) 스코프를 가진다.	var는 블록 스코프가 아니라 함수 스코프를 가집니다. 면접에서는 let/const와 비교해 var의 위험 포인트로 자주 출제됩니다. 실무에서는 if/for 블록 안에서 var를 쓰면 바깥에서도 변수가 살아남아 의도치 않은 값 변경이 발생할 수 있습니다. 특히 루프 변수와 클로저가 결합되면 버그가 생기기 쉬워, 현대 코드에서는 let/const를 기본으로 사용합니다. 레거시 코드에서는 var가 섞여 있을 수 있으므로, 스코프 범위를 정확히 이해하고 리팩터링 시 테스트를 철저히 해야 합니다. 스코프는 코드 예측 가능성을 좌우하므로, 이 차이를 명확히 설명하는 것이 면접에서 중요합니다. “왜 var를 지양하는가”를 근거로 말할 수 있어야 합니다.		O	FALSE	X	TRUE					frontend	javascript	scope	
Q461	JSON 직렬화(JSON serialization)		Frontend - JavaScript	12	OX	MEDIUM	JSON.stringify는 BigInt 값을 기본적으로 직렬화할 수 있다.	JSON.stringify는 BigInt를 기본적으로 직렬화하지 못하고 TypeError를 던질 수 있습니다. 면접에서는 JSON의 한계와 타입 손실 문제로 확장되는 질문이 나올 수 있습니다. 실무에서는 BigInt가 필요한 도메인(정밀 정수, 큰 ID)을 다룰 때, 문자열로 변환해 저장/전송하고 복원 규칙을 명확히 하는 전략이 필요합니다. 또한 백엔드와의 계약에서 BigInt를 숫자로 내리면 클라이언트에서 정밀도 손실이 생길 수 있어, 안전한 표현(문자열)을 합의하는 것이 중요합니다. 타입 호환성은 시스템 경계에서 자주 문제가 되므로, 직렬화 정책을 문서화하고 테스트로 보장하는 편이 좋습니다. JSON은 편하지만 “표현할 수 있는 타입이 제한적”이라는 사실을 늘 의식해야 합니다. 이런 관점은 면접에서도 높은 평가를 받습니다.		O	FALSE	X	TRUE					frontend	javascript	data	
Q462	디바운스(Debounce)		Frontend - JavaScript	12	OX	MEDIUM	디바운스는 일정 시간 동안 이벤트가 연속 발생하면 마지막 이벤트만 처리하게 만들 수 있다.	디바운스는 연속 호출을 묶어 “마지막 호출만 실행”하는 패턴입니다. 면접에서는 스로틀(throttle)과 차이를 비교해 설명하는 질문이 많습니다. 실무에서는 검색 자동완성 입력, 리사이즈 처리처럼 사용자가 빠르게 이벤트를 발생시키는 UI에서 디바운스를 적용해 서버 요청과 렌더링 부담을 줄입니다. 다만 디바운스 시간 설정이 너무 길면 UI 반응성이 떨어지고, 너무 짧으면 효과가 줄어들 수 있어 경험적으로 조정해야 합니다. 또한 컴포넌트 언마운트 시 타이머를 정리하지 않으면 메모리 누수나 상태 업데이트 경고가 생길 수 있습니다. 성능 최적화는 체감 UX를 만드는 작업이라, 패턴의 목적과 부작용을 함께 말할 수 있어야 합니다. 디바운스는 프론트 실무에서 매우 빈번하게 쓰이는 기본 기술입니다.		O	TRUE	X	FALSE					frontend	javascript	performance	
Q463	스로틀(Throttle)		Frontend - JavaScript	12	OX	MEDIUM	스로틀은 일정 시간 간격으로 이벤트 처리를 제한할 수 있다.	스로틀은 호출 빈도를 제한해 “일정 간격마다 최대 한 번” 실행되게 만드는 패턴입니다. 면접에서는 디바운스와 함께 세트로 출제됩니다. 실무에서는 스크롤 이벤트, 마우스 이동처럼 매우 자주 발생하는 이벤트에서 스로틀을 적용해 프레임 드랍을 줄입니다. 다만 스로틀도 구현 방식(leading/trailing 실행 여부)에 따라 UX가 달라질 수 있어, 어떤 시점에 실행되는지 명확히 해야 합니다. 또한 requestAnimationFrame 기반 스로틀링은 렌더링 루프와 맞춰 더 부드러운 UX를 만들 수 있습니다. 이벤트 최적화는 성능뿐 아니라 배터리/발열에도 영향을 주므로 모바일에서 특히 중요합니다. 패턴의 목적과 적용 지점을 사례로 설명할 수 있으면 면접에서도 좋은 답변이 됩니다.		O	TRUE	X	FALSE					frontend	javascript	performance	
Q464	setTimeout 0(setTimeout 0)		Frontend - JavaScript	12	OX	MEDIUM	setTimeout(fn, 0)은 fn을 즉시 같은 콜 스택에서 실행시킨다.	setTimeout은 최소 지연 시간이 0이어도 현재 콜 스택이 끝난 뒤 태스크 큐로 들어가 다음 턴에 실행됩니다. 면접에서는 이벤트 루프 이해도를 확인하는 대표 질문입니다. 실무에서는 무거운 동기 작업을 나누어 UI를 살리기 위해 setTimeout(0)이나 queueMicrotask, requestAnimationFrame을 사용하기도 합니다. 다만 마이크로태스크(Promise)와의 우선순위 차이 때문에 “왜 예상보다 늦게/빠르게 실행되지?” 문제가 생길 수 있습니다. 또한 타이머는 브라우저 정책(백그라운드 탭)에서 지연될 수 있어, 정확한 타이밍 보장이 필요하면 다른 접근이 필요합니다. 비동기 스케줄링은 성능과 동작을 동시에 좌우하므로, 도구별 실행 시점을 알고 선택하는 것이 중요합니다. 면접에서는 우선순위까지 설명하면 강점이 됩니다.		O	FALSE	X	TRUE					frontend	javascript	async	
Q465	이벤트 핸들러의 this(handler this)		Frontend - JavaScript	12	OX	MEDIUM	DOM 이벤트 핸들러로 등록한 일반 함수에서 this는 보통 이벤트를 받은 요소를 가리킬 수 있다.	addEventListener에 등록한 일반 함수의 this는(엄격 모드/화살표 제외) 보통 currentTarget을 가리키는 형태로 바인딩될 수 있습니다. 면접에서는 this 바인딩 규칙을 상황별로 설명하는지 확인합니다. 실무에서는 this에 의존하는 것보다 event.currentTarget을 쓰는 편이 명시적이고 안전합니다. 특히 TypeScript나 프레임워크 환경에서는 this 문맥이 달라질 수 있어, this 기반 코드는 유지보수성이 떨어지기 쉽습니다. 또한 화살표 함수로 핸들러를 등록하면 this는 렉시컬로 고정되어 이벤트 요소를 가리키지 않을 수 있습니다. 따라서 팀에서는 “DOM 이벤트에서는 currentTarget을 사용” 같은 기준을 두기도 합니다. this는 편리해 보이지만 미묘한 규칙이 많으니, 안정성 측면에서 명시성을 우선하는 것이 실무 포인트입니다.		O	TRUE	X	FALSE					frontend	javascript	dom	
Q466	배열 펼치기(flat depth)		Frontend - JavaScript	12	OX	MEDIUM	Array.prototype.flat은 기본값으로 1단계만 평탄화할 수 있다.	flat은 중첩 배열을 평탄화하며, 기본 깊이(depth)는 1입니다. 면접에서는 flatMap과 함께 쓰임새를 묻는 경우가 있습니다. 실무에서는 API 응답이 중첩 배열로 올 때 처리에 유용하지만, 깊이가 큰 데이터를 무심코 평탄화하면 비용이 커질 수 있어 주의해야 합니다. 또한 flat은 빈 슬롯을 제거하는 특성이 있어, 희소 배열(sparse array)에서 예상과 다른 결과가 나올 수 있습니다. 데이터 변환은 성능과 의미가 같이 움직이므로, “왜 flat을 쓰는가”와 “데이터 크기는 어떤가”를 함께 판단해야 합니다. 작은 유틸처럼 보여도 대량 데이터 처리에서는 병목이 될 수 있습니다. 적절한 깊이 설정과 사용 시점을 이해하면 안전하게 활용할 수 있습니다.		O	TRUE	X	FALSE					frontend	javascript	array	
Q467	커맨드 큐(queueMicrotask)		Frontend - JavaScript	12	OX	MEDIUM	queueMicrotask로 등록한 콜백은 마이크로태스크로 실행될 수 있다.	queueMicrotask는 콜백을 마이크로태스크 큐에 넣어, 현재 실행 흐름이 끝난 뒤 빠르게 실행되게 합니다. 면접에서는 Promise.then과의 관계, setTimeout과의 우선순위를 물을 수 있습니다. 실무에서는 “현재 작업을 끝내고 바로 이어서 실행”이 필요할 때 유용하지만, 마이크로태스크를 과도하게 사용하면 렌더링이 지연될 수 있습니다. 또한 에러가 발생하면 전역 에러 핸들링 흐름이 달라질 수 있어, 로깅/예외 처리 전략도 중요합니다. 스케줄링은 성능과 UX에 직결되므로, 단순히 빠른 도구를 쓰기보다 “렌더링 기회를 보장할 것인가”를 함께 고려해야 합니다. 올바른 큐를 선택하는 능력은 프론트 성능 면접에서 강력한 포인트가 됩니다.		O	TRUE	X	FALSE					frontend	javascript	async	
Q468	메모리 누수 타이머(setInterval leak)		Frontend - JavaScript	12	OX	MEDIUM	setInterval로 등록한 작업은 clearInterval로 해제하지 않으면 계속 실행될 수 있다.	setInterval은 명시적으로 clearInterval을 호출하기 전까지 계속 실행됩니다. 면접에서는 타이머/리스너를 정리하지 않아 생기는 메모리 누수 사례로 자주 출제됩니다. 실무에서는 컴포넌트 언마운트나 페이지 전환 시점에 interval을 정리하지 않으면, 백그라운드에서 계속 실행되어 CPU 사용량과 배터리 소모가 늘어날 수 있습니다. 또한 interval 콜백이 DOM이나 상태를 참조하면, 참조가 유지되어 GC가 회수하지 못하는 상황도 생길 수 있습니다. 그래서 React에서는 useEffect cleanup으로 정리하고, “필요한 동안만 실행”되도록 생명주기와 결합하는 설계가 중요합니다. 타이머는 쉬워 보여도 운영 품질을 크게 좌우하는 요소입니다. 정리 습관은 실무에서 매우 중요한 기본기입니다.		O	TRUE	X	FALSE					frontend	javascript	memory	
Q469	JSON과 Date(Date serialization)		Frontend - JavaScript	12	OX	MEDIUM	JSON.stringify로 Date를 직렬화하면 Date 타입이 그대로 유지된다.	JSON.stringify는 Date를 ISO 문자열로 바꾸어 직렬화하므로, parse로 다시 읽으면 문자열이 됩니다. 면접에서는 “왜 Date가 문자열이 됐나” 같은 문제로 자주 출제됩니다. 실무에서는 저장/전송 경계에서 Date를 문자열로 통일하고, 복원 단계에서 new Date로 다시 만들거나, 아예 타임스탬프(number)로 통일하는 전략을 씁니다. 또한 타임존 처리까지 포함하면 버그가 쉽게 생기므로, 서버/클라이언트가 어떤 기준(UTC/로컬)을 쓰는지 명확히 합의해야 합니다. 타입 손실은 데이터가 누적될수록 복구가 어려워지니, 초기에 직렬화 정책을 정하고 테스트로 보장하는 편이 좋습니다. Date는 자주 쓰이는 만큼 함정도 많아, 면접에서 실무형 답변을 만들기 좋은 주제입니다.		O	FALSE	X	TRUE					frontend	javascript	data	
Q470	Temporal Dead Zone(TDZ)		Frontend - JavaScript	12	OX	HARD	let/const로 선언된 식별자는 선언문 이전에도 값이 undefined로 안전하게 읽힐 수 있다.	let/const는 호이스팅되지만, 선언 전에 접근하면 undefined로 “안전하게” 나오는 것이 아니라 TDZ 때문에 ReferenceError가 발생합니다. 면접에서는 var(선언 전 undefined 가능)와 대비해 TDZ를 정확히 설명하는지 자주 봅니다. 실무에서는 모듈 초기화 코드에서 선언 순서를 잘못 두면 런타임 에러가 발생하므로, 의존 관계를 위에서 아래로 명확히 정리하는 습관이 중요합니다. 특히 순환 의존이나 초기화 함수 호출 순서가 섞이면 TDZ 에러가 특정 환경에서만 터질 수 있어 재현이 어려울 수 있습니다. TDZ는 “값이 없어서 undefined”가 아니라 “아직 접근하면 안 되는 구간”이라는 점이 핵심입니다. 이 차이를 설명할 수 있으면 JS 런타임 이해도가 높다는 신호가 됩니다.		O	FALSE	X	TRUE					frontend	javascript	scope	
Q471	Private 필드와 동적 접근(#private access)		Frontend - JavaScript	12	OX	HARD	클래스의 #private 필드는 obj["#x"] 같은 방식으로도 접근할 수 있다.	#private 필드는 언어 차원에서 캡슐화되며, 문자열 키로 동적 접근하는 방식으로는 접근할 수 없습니다. 면접에서는 “진짜 private인가?”를 확인하는 질문으로 자주 나옵니다. 실무에서는 이 특성 덕분에 외부에서 내부 상태를 실수로 건드리는 것을 막을 수 있지만, 리플렉션/테스트 훅을 만들기 어렵다는 단점도 있습니다. 또한 번들러/트랜스파일 환경에서는 private 필드가 어떻게 변환되는지에 따라 디버깅 경험이 달라질 수 있습니다. 캡슐화는 유지보수성에 좋지만, 필요한 확장 지점을 public API로 설계해야 팀 개발이 편해집니다. private는 “숨기는 것”이 아니라 “계약을 분리하는 것”이라는 관점으로 설명하면 실무형 답변이 됩니다. 문법 지식보다 설계 의도를 이해하는 것이 HARD 포인트입니다.		O	FALSE	X	TRUE					frontend	javascript	oop	
Q472	Strict mode의 this(this strict)		Frontend - JavaScript	12	OX	HARD	strict mode에서 일반 함수 호출의 this는 자동으로 전역 객체(window)를 가리킨다.	strict mode에서는 일반 함수 호출의 this가 전역 객체로 자동 바인딩되지 않고 undefined가 될 수 있습니다. 면접에서는 this 바인딩 규칙을 strict/non-strict로 나눠 설명하는지 확인합니다. 실무에서는 모듈이 기본 strict라서, 레거시 스크립트에서 동작하던 this 기반 코드가 모듈로 옮기면 깨질 수 있습니다. 그래서 this 의존 코드는 호출 형태를 명확히 하거나, 필요한 값을 인자로 전달하는 스타일로 바꾸는 것이 안정적입니다. 또한 클래스/메서드/화살표 함수는 각각 this 규칙이 달라 혼동하기 쉽기 때문에, 팀에서는 this 사용을 최소화하는 패턴을 선호하기도 합니다. this 버그는 재현이 까다로워 운영 문제로 이어지기 쉬우니, 규칙을 정확히 알고 있어야 합니다. “왜 undefined가 나오지?”를 설명할 수 있으면 면접에서 강점이 됩니다.		O	FALSE	X	TRUE					frontend	javascript	runtime	
Q473	Proxy trap(Proxy)		Frontend - JavaScript	12	OX	HARD	Proxy의 get 트랩에서 값을 반환하지 않으면, 기본 동작으로 자동 위임되어 원래 값이 반환된다.	Proxy 트랩에서 값을 명시적으로 반환하지 않으면 undefined가 반환되는 등 의도치 않은 동작이 생길 수 있습니다. 면접에서는 Proxy가 “가로채기(interception)” 메커니즘임을 이해하는지 확인합니다. 실무에서는 검증, 로깅, 반응형(리액티브) 구현 등에 Proxy를 쓸 수 있지만, 트랩 설계가 잘못되면 디버깅이 매우 어려워집니다. 기본 동작을 유지하려면 Reflect.get/Reflect.set 같은 API로 명시적으로 위임하는 패턴이 안전합니다. 또한 Proxy는 성능 오버헤드가 있을 수 있고, 직렬화/동등성 비교에서 예상과 다른 결과를 만들 수 있습니다. 강력한 도구일수록 사용 기준이 중요하며, “필요할 때만 제한적으로” 쓰는 것이 실무 포인트입니다. 이 문제는 구현 디테일을 아는지 보는 HARD 타입입니다.		O	FALSE	X	TRUE					frontend	javascript	metaprogramming	
Q474	Reflect API(Reflect)		Frontend - JavaScript	12	OX	HARD	Reflect.set은 성공 여부를 boolean으로 반환할 수 있다.	Reflect.* API는 객체 동작을 함수 형태로 제공하며, Reflect.set은 설정 성공 여부를 boolean으로 반환합니다. 면접에서는 Proxy 트랩에서 Reflect를 사용하는 이유(기본 동작 위임, 일관된 반환값)를 묻기도 합니다. 실무에서는 defineProperty/set 같은 동작의 성공 여부를 안전하게 확인하고, 실패 시 처리(예: strict mode에서 에러로 이어질 수 있음)를 설계할 수 있습니다. 특히 프록시 기반 라이브러리에서 Reflect를 쓰면 트랩 구현이 단순해지고, 언어 기본 규칙을 따르게 됩니다. 다만 Reflect는 “문법 설탕”이 아니라 동작을 코드로 노출한 것이므로, 쓸 이유가 없으면 굳이 도입할 필요는 없습니다. 메타 프로그래밍은 강력하지만 팀 내 이해도가 낮으면 유지보수가 어렵습니다. 왜 필요한지, 어떤 문제를 해결하는지 맥락을 함께 설명하는 게 HARD 포인트입니다.		O	TRUE	X	FALSE					frontend	javascript	metaprogramming	
Q475	WeakRef(WeakRef)		Frontend - JavaScript	12	OX	HARD	WeakRef는 GC 시점에 따라 deref 결과가 언제든 undefined가 될 수 있다.	WeakRef는 약한 참조를 제공하며, GC가 언제 실행될지 보장되지 않기 때문에 deref 결과가 항상 유효하다고 가정하면 안 됩니다. 면접에서는 “WeakRef를 캐시에 쓰면 안전한가” 같은 실무형 함정 질문으로 나올 수 있습니다. 실무에서는 메모리 압박 상황에서만 객체를 유지하고 싶을 때 유용할 수 있지만, 비결정성 때문에 로직의 핵심 경로에 넣으면 버그가 생기기 쉽습니다. 보통은 부가 최적화(옵션 캐시)로만 쓰고, 언제든 값이 없을 수 있다는 전제에서 설계해야 합니다. 또한 FinalizationRegistry까지 얽히면 복잡도가 급격히 증가하므로, 도입 기준을 엄격히 두는 편이 좋습니다. 이 문제는 런타임/GC 특성을 이해하는지 확인하는 HARD 문항입니다. “언제든 사라질 수 있다”는 점이 핵심입니다.		O	TRUE	X	FALSE					frontend	javascript	memory	
Q476	FinalizationRegistry(FinalizationRegistry)		Frontend - JavaScript	12	OX	HARD	FinalizationRegistry 콜백은 객체가 수거된 직후 반드시 즉시 실행된다.	FinalizationRegistry는 객체가 GC된 이후 “언젠가” 콜백이 호출될 수 있지만, 즉시/확정 실행을 보장하지 않습니다. 면접에서는 GC 비결정성과 함께 출제되는 심화 포인트입니다. 실무에서는 자원 정리를 GC에 의존하면 안 됩니다. 예를 들어 파일 핸들, 네트워크 자원, 타이머 같은 것은 명시적으로 해제해야 합니다. FinalizationRegistry는 디버깅/보조 정리 정도에만 제한적으로 쓰는 것이 안전합니다. 또한 콜백 실행 시점이 예측 불가하므로, UI 상태나 중요한 비즈니스 로직을 여기에 두면 장애가 날 수 있습니다. GC 기반 후처리는 “최적화 수단”일 뿐, “정확성 수단”이 아닙니다. 이 차이를 말할 수 있으면 HARD 질문에서 좋은 점수를 받을 수 있습니다.		O	FALSE	X	TRUE					frontend	javascript	memory	
Q477	Cross-realm instanceof(iframe)		Frontend - JavaScript	12	OX	HARD	iframe에서 생성된 Array는 부모 프레임에서 Array.isArray로 항상 false가 된다.	Array.isArray는 cross-realm에서도 배열 판별을 안정적으로 하기 위해 설계된 API라, 다른 realm(iframe)에서 만들어진 배열도 true가 됩니다. 면접에서는 instanceof가 realm 경계에서 깨질 수 있다는 점과 함께, 대안으로 Array.isArray를 말할 수 있는지 봅니다. 실무에서는 위젯/임베드/멀티 프레임 환경에서 타입 판별이 꼬일 수 있어, 표준 판별 함수를 쓰는 것이 중요합니다. 특히 에러 객체나 클래스 인스턴스는 realm 경계에서 판별이 까다로워, 메시지 기반 프로토콜이나 데이터 직렬화 규약으로 설계를 단순화하는 전략이 유용합니다. 이 문항의 핵심은 “어떤 판별이 realm 독립적인가”입니다. 디테일을 모르면 운영에서 재현이 어려운 버그로 이어질 수 있습니다. HARD라서 이런 예외 상황을 묻는 형태입니다.		O	FALSE	X	TRUE					frontend	javascript	runtime	
Q478	Promise rejection 처리(unhandledrejection)		Frontend - JavaScript	12	OX	HARD	catch를 나중에 붙여도, 이미 발생한 unhandledrejection 이벤트는 절대 발생하지 않는다.	Promise rejection은 처리 타이밍에 따라 unhandledrejection이 발생할 수 있으며, 나중에 catch를 붙이면 handledrejection 관련 이벤트가 이어질 수도 있습니다. 면접에서는 “왜 콘솔에 UnhandledPromiseRejection이 뜨나” 같은 실전 이슈를 설명하는지 확인합니다. 실무에서는 비동기 체인을 만들 때 반드시 rejection을 처리하고, 최상단에서 에러를 모아 로깅/사용자 안내를 제공해야 합니다. 또한 일부 프레임워크는 에러 경계를 제공하지만, Promise rejection은 별도로 잡아야 하는 경우도 있어 정책이 필요합니다. 에러를 늦게 처리하면 사용자에게는 이미 깨진 UX가 발생할 수 있으니, “가능한 빨리” 처리하는 습관이 중요합니다. 이 문항은 타이밍/이벤트 루프를 이해하는지 묻는 HARD 포인트입니다. 예외 처리는 정확성뿐 아니라 운영 관찰 가능성과도 연결됩니다.		O	FALSE	X	TRUE					frontend	javascript	promise	
Q479	Microtask vs macrotask 우선순위(Queue priority)		Frontend - JavaScript	12	OX	HARD	동일한 턴에서 Promise.then(마이크로태스크)와 setTimeout(태스크)이 등록되면 setTimeout이 먼저 실행된다.	일반적으로 마이크로태스크(Promise.then, queueMicrotask)가 태스크(setTimeout)보다 우선 실행됩니다. 면접에서는 이벤트 루프 우선순위를 묻는 대표 심화 질문입니다. 실무에서는 마이크로태스크를 과도하게 쌓으면 렌더링이 지연되어 UI가 멈춘 것처럼 보일 수 있으니, 필요한 경우 태스크로 작업을 넘겨 프레임을 양보하는 전략이 필요합니다. 또한 브라우저마다 렌더링 타이밍이 끼어드는 지점이 달라 “항상 같다”는 식의 단정은 위험할 수 있지만, 우선순위 자체는 기본 규칙으로 이해하는 것이 좋습니다. 성능 최적화에서 중요한 것은 “빠른 실행”이 아니라 “사용자에게 프레임을 돌려주는 것”입니다. 따라서 어떤 큐에 넣느냐는 UX 품질을 결정합니다. 이 문항은 그 기본 규칙을 정확히 아는지 확인합니다.		O	FALSE	X	TRUE					frontend	javascript	async	
Q480	0과 -0(Object.is)		Frontend - JavaScript	12	OX	HARD	Object.is(0, -0)은 true를 반환한다.	Object.is는 ===와 거의 비슷하지만, -0과 0을 구분하고 NaN도 같다고 판단하는 등 예외 규칙이 있습니다. 따라서 Object.is(0, -0)은 false입니다. 면접에서는 “왜 Object.is가 존재하나”를 이 예외 케이스로 묻는 경우가 많습니다. 실무에서는 대부분 ===로 충분하지만, 숫자 부호가 의미가 있거나, NaN 비교가 필요한 알고리즘/수치 처리에서 Object.is가 도움이 될 수 있습니다. 다만 일반적인 UI/비즈니스 로직에서는 과하게 쓰면 오히려 혼란을 줄 수 있어, 필요한 경우에만 선택하는 기준이 중요합니다. 비교 연산은 사소해 보여도 데이터 정확성에 영향을 주므로, 도구의 규칙을 알고 있어야 합니다. 이 문항은 “===와 Object.is 차이”를 정확히 아는지 보는 HARD 포인트입니다.		O	FALSE	X	TRUE					frontend	javascript	operator	
Q481	Array sort 비교 함수 규칙(sort comparator)		Frontend - JavaScript	12	OX	HARD	sort 비교 함수에서 0을 반환하면 두 요소의 상대 순서가 무조건 바뀐다.	비교 함수가 0을 반환하면 두 요소가 동등하다고 간주되며, 상대 순서가 “무조건 바뀐다”는 보장이 없습니다. 정렬 안정성은 구현에 따라 달라질 수 있고, 동등 비교는 교환/유지 모두 가능하다는 관점이 안전합니다. 면접에서는 안정 정렬(stable sort)과 비교 함수의 반환 규칙을 정확히 이해하는지 확인합니다. 실무에서는 동등 요소의 순서가 중요하면, 비교 함수에 2차 키(원래 인덱스 등)를 포함해 결정적(deterministic) 결과를 만들거나, 안정 정렬을 보장하는 전략을 사용합니다. 또한 sort는 원본을 변경하므로 불변성 요구가 있는 곳에서는 복사 후 정렬해야 합니다. 정렬은 화면에 직접 영향을 주기 때문에, “가끔 순서가 바뀜” 같은 버그가 사용자 불만으로 이어질 수 있습니다. 이 문항은 구현 세부에 기대지 않고 요구를 명시적으로 표현하는 습관을 보는 HARD 질문입니다.		O	FALSE	X	TRUE					frontend	javascript	array	
Q482	TypedArray와 DataView(TypedArray)		Frontend - JavaScript	12	OX	HARD	Uint8Array는 ArrayBuffer의 뷰(view)로서 같은 버퍼를 공유할 수 있다.	TypedArray(Uint8Array 등)는 ArrayBuffer를 기반으로 하는 뷰이며, 같은 버퍼를 여러 뷰가 공유할 수 있습니다. 면접에서는 바이너리 데이터 처리(파일, 네트워크 프로토콜, 캔버스)와 연결해 심화 질문이 나올 수 있습니다. 실무에서는 이미지/오디오/암호화/압축 같은 도메인에서 버퍼를 공유하며 성능을 최적화할 수 있지만, 공유로 인해 한쪽에서 변경하면 다른 뷰 결과도 바뀐다는 점을 이해해야 합니다. 또한 엔디안 처리나 오프셋 계산이 필요하면 DataView가 더 적합할 수 있습니다. 고성능 처리는 작은 실수로 데이터가 깨지기 쉬워, 타입과 뷰 구조를 정확히 이해하는 것이 중요합니다. TypedArray는 일반 웹앱에선 드물지만, 알고 있으면 “시스템 레벨 JS” 이해도를 보여줄 수 있어 면접에서 강점입니다. HARD 문항으로 충분히 출제 가치가 있습니다.		O	TRUE	X	FALSE					frontend	javascript	binary	
Q483	SharedArrayBuffer와 원자성(Atomics)		Frontend - JavaScript	12	OX	HARD	SharedArrayBuffer를 사용하면 워커 간에 메모리를 공유할 수 있고, Atomics로 동기화할 수 있다.	SharedArrayBuffer는 여러 스레드(워커) 간에 같은 메모리를 공유할 수 있게 해주며, Atomics를 통해 원자적 연산/동기화를 할 수 있습니다. 면접에서는 단일 스레드 JS와 대비해 “어디서 진짜 병렬이 가능한가”를 묻는 흐름에서 등장할 수 있습니다. 실무에서는 고성능 계산이나 대용량 데이터 처리에서 유용하지만, 데이터 레이스/동기화 문제를 직접 다뤄야 하므로 난도가 높습니다. 또한 SharedArrayBuffer는 보안 이슈(Spectre) 때문에 COOP/COEP 같은 격리 설정이 필요한 환경이 많아, 도입 시 인프라/서버 헤더 설정까지 고려해야 합니다. 멀티스레딩은 성능을 올리지만 복잡도를 크게 증가시키므로, 필요성과 비용을 비교해 결정해야 합니다. 이 문항은 “웹에서의 병렬 처리”를 제대로 아는지 보는 HARD 질문입니다.		O	TRUE	X	FALSE					frontend	javascript	concurrency	
Q484	이벤트 루프와 AbortController(AbortController)		Frontend - JavaScript	12	OX	HARD	Promise.race로 타임아웃을 구현하면 fetch 요청이 자동으로 취소된다.	Promise.race는 먼저 완료된 결과를 선택할 뿐, 다른 Promise를 자동으로 취소하지 않습니다. fetch 취소는 AbortController를 사용해 signal로 중단해야 합니다. 면접에서는 “타임아웃을 걸었는데 네트워크는 왜 계속 나가나” 같은 실전 질문으로 출제됩니다. 실무에서는 취소를 하지 않으면 불필요한 네트워크/서버 부하가 남고, 늦게 온 응답이 UI 상태를 덮어쓰는 레이스 버그도 생길 수 있습니다. 따라서 타임아웃/화면 전환/입력 변경 같은 상황에서는 요청 취소와 최신 응답만 반영하는 정책을 함께 설계해야 합니다. 또한 취소된 요청의 에러 처리를 사용자 메시지와 분리(조용히 무시)하는 것도 UX에 중요합니다. 이 문항은 “비동기 조합 + 취소”를 함께 이해하는지 보는 HARD 포인트입니다. 실무에서 매우 자주 마주치는 문제라 가치가 큽니다.		O	FALSE	X	TRUE					frontend	javascript	async	
Q485	Structured clone의 제약(structuredClone)		Frontend - JavaScript	12	OX	HARD	structuredClone은 함수(Function)를 포함한 모든 JS 값을 문제없이 복사할 수 있다.	structuredClone은 다양한 타입을 지원하지만, 함수 같은 실행 가능한 객체는 복사 대상이 아닙니다. 면접에서는 “깊은 복사의 만능 도구인가”를 묻는 함정으로 나올 수 있습니다. 실무에서는 상태 스냅샷을 만들 때 structuredClone을 쓰더라도, 데이터 모델을 “직렬화 가능한 값” 중심으로 유지하는 것이 안전합니다. 함수/DOM 노드/특수 객체가 섞여 있으면 복사 실패나 의미 손실이 생기기 쉽습니다. 또한 클론이 성공해도 참조 공유가 끊기므로, 의도치 않은 성능 비용과 메모리 사용 증가가 발생할 수 있습니다. 깊은 복사는 최후의 수단에 가깝고, 불변 업데이트/구조적 공유로 해결하는 설계가 더 일반적입니다. 이 문항은 도구의 한계를 알고 설계를 선택하는지 보는 HARD 질문입니다. “무조건 복사”가 아니라 “복사할 수 있는 모델을 만든다”가 핵심입니다.		O	FALSE	X	TRUE					frontend	javascript	data	
Q486	동적 import 캐시(import cache)		Frontend - JavaScript	12	OX	HARD	동일한 모듈을 import()로 여러 번 불러오면, 매번 새로 네트워크 요청이 발생한다.	일반적으로 모듈 로딩은 캐시되며, 같은 모듈을 반복 import()해도 매번 새 네트워크 요청이 발생한다고 단정할 수 없습니다. 번들러/런타임 캐시 정책에 따라 한 번 로드한 모듈은 재사용되는 경우가 많습니다. 면접에서는 “코드 스플리팅 청크는 어떻게 캐시되나” 같은 질문으로 확장될 수 있습니다. 실무에서는 캐시 덕분에 성능 이점이 있지만, 배포 후 캐시 무효화 전략(해시 파일명, CDN 정책)을 제대로 설계하지 않으면 구버전 코드가 남아 오류가 생길 수 있습니다. 또한 동일 모듈을 다른 경로/쿼리로 import하면 캐시 키가 달라 중복 로딩이 생길 수도 있어, import 경로를 일관되게 관리하는 것이 중요합니다. 동적 import는 편하지만 운영 환경에서는 캐시와 배포 전략이 함께 따라와야 합니다. 이 문항은 “런타임 + 배포” 관점을 아는지 보는 HARD 질문입니다. 캐시가 기본이라는 전제를 이해하는지가 핵심입니다.		O	FALSE	X	TRUE					frontend	javascript	module	
Q487	BigInt와 Number 혼합(BigInt mix)		Frontend - JavaScript	12	OX	HARD	BigInt와 Number는 산술 연산에서 자동으로 타입 변환되어 함께 더할 수 있다.	BigInt와 Number는 산술 연산에서 자동 혼합 변환이 되지 않으며, 그대로 더하면 TypeError가 날 수 있습니다. 면접에서는 “왜 1n + 1이 안 되나” 같은 질문으로 타입 시스템의 경계를 확인합니다. 실무에서는 큰 정수 정밀도가 필요하면 전체 파이프라인을 BigInt로 통일하거나, 변환 규칙을 명확히 해야 합니다. 특히 서버에서 큰 ID를 숫자로 내려주면 클라이언트에서 정밀도 손실이 생기므로, 문자열로 전달하고 필요한 곳에서 BigInt로 변환하는 전략이 흔합니다. 또한 JSON 직렬화와도 충돌하므로(기본 stringify 불가), 저장/전송 정책을 반드시 설계해야 합니다. 타입 혼합은 예상 밖 예외를 만들기 쉬우니, “명시적으로 변환한다”가 안전한 원칙입니다. 이 문항은 JS에서 타입이 얼마나 엄격해질 수 있는지 보여주는 HARD 포인트입니다.		O	FALSE	X	TRUE					frontend	javascript	type	
Q488	Function constructor 보안(Function constructor)		Frontend - JavaScript	12	OX	HARD	new Function으로 만든 함수는 항상 생성 위치의 렉시컬 스코프를 캡처한다.	Function 생성자는 동적으로 코드를 컴파일하며, 생성 위치의 렉시컬 스코프를 캡처하지 않고 전역 스코프에서 실행되는 성질이 있습니다. 면접에서는 eval/Function이 왜 위험한지(보안, 최적화 불가, 스코프 문제)를 묻는 흐름에서 출제됩니다. 실무에서는 CSP(Content Security Policy)에서 eval 계열이 차단되는 경우가 많고, 사용자 입력이 코드로 실행되면 치명적인 보안 취약점으로 이어질 수 있습니다. 또한 번들러/최적화 관점에서도 정적 분석이 어려워 성능과 디버깅 경험이 나빠집니다. 따라서 가능하면 안전한 파서/인터프리터 방식으로 요구를 해결하고, 코드 실행은 피하는 것이 원칙입니다. 이 문항은 “스코프 캡처”라는 기술적 포인트와 “보안 위험”이라는 실무 포인트가 동시에 핵심입니다. 왜 전역에서 실행되는지까지 설명하면 HARD에서 매우 좋은 답변이 됩니다.		O	FALSE	X	TRUE					frontend	javascript	security	
Q489	Symbol.toPrimitive(toPrimitive)		Frontend - JavaScript	12	OX	HARD	객체에 Symbol.toPrimitive를 정의하면, + 연산 등에서 객체의 원시 변환 규칙을 제어할 수 있다.	Symbol.toPrimitive는 객체가 원시 값으로 변환될 때(문자열/숫자) 호출되는 훅으로, 연산(+, 비교, 템플릿 문자열 등)에서의 변환 규칙을 제어할 수 있습니다. 면접에서는 암묵적 타입 변환을 “제어할 수 있나” 같은 심화 질문으로 출제될 수 있습니다. 실무에서는 도메인 객체(돈, 거리 등)를 표현할 때 편리할 수 있지만, 암묵 변환이 많아지면 코드가 예측 불가능해져 버그가 늘어날 수 있습니다. 그래서 이런 훅은 라이브러리/프레임워크 내부에서 제한적으로 쓰고, 애플리케이션 코드에서는 명시적 변환을 선호하는 편이 안전합니다. 또한 valueOf/toString과의 우선순위 관계를 이해해야 예상대로 동작합니다. 메타 프로그래밍은 강력하지만 팀 가독성을 해칠 수 있으니, 도입 이유와 범위를 명확히 해야 합니다. 이 문항은 “언어의 변환 규칙을 이해하고 제어할 수 있는가”를 묻는 HARD 포인트입니다.		O	TRUE	X	FALSE					frontend	javascript	metaprogramming	
Q490	클래스 메서드와 열거 가능(enumerable)		Frontend - JavaScript	12	OX	HARD	class로 정의한 인스턴스 메서드는 기본적으로 enumerable이라 for...in에서 쉽게 순회될 수 있다.	class로 정의한 메서드는 보통 prototype에 정의되며, 기본적으로 enumerable이 false인 경우가 많아 for...in에서 순회 대상으로 나오지 않는 것이 일반적입니다. 면접에서는 “객체 열거 vs 프로토타입 메서드”를 구분하는지 확인합니다. 실무에서는 for...in이 프로토타입 체인과 enumerable 속성에 영향을 받기 때문에, 객체 키 순회에는 Object.keys/Object.entries 같은 명시적 API를 쓰는 것이 안전합니다. 또한 메서드가 열거되면 직렬화/검증 로직에서 의도치 않은 키가 포함되어 버그가 생길 수 있어, enumerable 속성 이해가 도움이 됩니다. 라이브러리에서 프로토타입 확장을 지양하는 이유도 이런 예측 불가능성과 충돌 때문입니다. 속성 디스크립터는 자주 쓰진 않지만, 이런 세부가 디버깅에서 큰 차이를 만듭니다. HARD에서는 이런 “기본 동작의 디테일”을 묻는 형태가 자주 나옵니다.		O	FALSE	X	TRUE					frontend	javascript	object	
Q491	프로퍼티 디스크립터(Property descriptor)		Frontend - JavaScript	12	OX	HARD	Object.defineProperty로 만든 프로퍼티는 기본적으로 writable, enumerable, configurable이 모두 true다.	defineProperty로 속성을 만들 때 writable/enumerable/configurable의 기본값은 false입니다. 면접에서는 “왜 defineProperty로 만들면 수정/열거가 안 되지?” 같은 문제로 출제될 수 있습니다. 실무에서는 라이브러리에서 내부 API를 숨기거나, 특정 값이 변경되지 않도록 잠그는 데 defineProperty를 사용하기도 합니다. 하지만 기본값을 모르고 쓰면 예상과 다르게 값이 안 바뀌거나, JSON 직렬화에서 키가 빠지는 문제로 이어질 수 있습니다. 따라서 속성 디스크립터를 다룰 때는 의도한 플래그를 명시적으로 설정하는 습관이 중요합니다. 또한 Object.getOwnPropertyDescriptor로 현재 상태를 확인하면 디버깅이 빨라집니다. JS 객체 모델의 “진짜 규칙”을 이해하는지 보는 HARD 문항으로 적합합니다.		O	FALSE	X	TRUE					frontend	javascript	object	
Q492	Object.freeze와 얕은 동결(shallow freeze)		Frontend - JavaScript	12	OX	HARD	Object.freeze를 호출하면 중첩 객체까지 재귀적으로 모두 변경 불가능해진다.	Object.freeze는 얕은 동결이라 최상위 프로퍼티만 잠기고, 중첩 객체 내부는 그대로 변경될 수 있습니다. 면접에서는 deep freeze와의 차이를 자주 묻습니다. 실무에서는 설정 객체를 보호하려고 freeze를 걸었는데, 중첩 값이 바뀌어 버그가 생기는 경우가 있습니다. 그래서 진짜 불변성이 필요하면 deep freeze 유틸을 적용하거나, 애초에 중첩 구조를 줄이고 불변 업데이트 패턴을 사용합니다. 또한 freeze는 strict mode에서 수정 시 에러가 나기도 하지만, 비엄격 모드에서는 조용히 실패할 수 있어 관찰이 어려울 수 있습니다. 성능 측면에서도 과도한 freeze는 비용이 될 수 있으니, 개발 환경에서만 사용하거나 경계에만 적용하는 전략이 흔합니다. “불변성”은 도구 하나로 해결되지 않으며, 데이터 모델과 운영 정책까지 포함한 설계가 필요합니다.		O	FALSE	X	TRUE					frontend	javascript	immutability	
Q493	delete와 최적화(deopt)		Frontend - JavaScript	12	OX	HARD	객체 프로퍼티를 delete로 자주 삭제해도 엔진 최적화에 영향이 거의 없다.	delete는 객체의 shape/hidden class를 깨뜨려 최적화에 악영향을 줄 수 있어, 자주 사용하면 성능 저하가 생길 수 있습니다. 면접에서는 V8의 hidden class, inline cache 같은 최적화 개념으로 확장될 수 있습니다. 실무에서는 빈번한 삭제/추가 패턴이 필요하면 Map을 쓰거나, 프로퍼티를 삭제하는 대신 undefined로 두는 전략을 고려하기도 합니다(요구사항에 따라 다름). 또한 데이터 모델을 고정된 형태로 유지하면 JIT 최적화가 잘 걸려 성능이 좋아지는 경향이 있습니다. 물론 실제 영향은 엔진/패턴/데이터 크기에 따라 달라 측정이 필요하지만, “영향이 없다”는 단정은 틀린 방향입니다. 성능 문제는 재현이 어렵기 때문에, 엔진 최적화 관점의 기본 원칙을 알아두면 도움이 됩니다. HARD에서는 이런 엔진 레벨의 함정을 자주 묻습니다.		O	FALSE	X	TRUE					frontend	javascript	performance	
Q494	with 문(with statement)		Frontend - JavaScript	12	OX	HARD	with 문은 strict mode에서도 정상적으로 사용할 수 있다.	with 문은 strict mode에서 금지됩니다. 면접에서는 “왜 with가 위험한가”를 스코프 해석 혼란/최적화 방해 관점에서 묻기도 합니다. 실무에서는 with 때문에 식별자 해석이 동적으로 바뀌어, 코드 분석과 최적화가 어려워집니다. 그래서 현대 JS에서는 사용하지 않으며, 린터에서도 금지하는 경우가 많습니다. 레거시 코드에서 with를 만나면 가능한 빠르게 명시적 참조로 리팩터링하는 것이 좋습니다. 또한 with는 디버깅과 보안 측면에서도 불리할 수 있어, 유지보수 비용이 큽니다. strict mode는 이런 위험한 문법을 막아 예측 가능성을 올리는 역할도 합니다. 이 문항은 “언어가 왜 이런 제한을 두는가”까지 설명할 수 있으면 HARD에서 좋은 답이 됩니다.		O	FALSE	X	TRUE					frontend	javascript	runtime	
Q495	eval의 스코프(eval scope)		Frontend - JavaScript	12	OX	HARD	직접 eval은 호출한 위치의 렉시컬 환경을 변경하거나 영향을 줄 수 있다.	직접 eval은 호출한 스코프에서 코드를 실행할 수 있어, 해당 렉시컬 환경에 영향을 줄 수 있습니다(변수/함수 선언 등). 면접에서는 direct eval vs indirect eval 차이로 심화될 수 있습니다. 실무에서는 eval이 보안(CSP), 성능(JIT 최적화 불가), 디버깅 측면에서 큰 문제를 만들 수 있어 일반적으로 금지됩니다. 사용자 입력이 eval로 들어가면 XSS 같은 심각한 취약점으로 이어질 수 있으니, 절대 실행하지 않는 원칙이 중요합니다. 또한 eval이 스코프를 건드리면 코드가 정적으로 분석되기 어려워, 툴링/리팩터링도 망가집니다. 필요한 경우 파서/인터프리터를 만들거나, 제한된 DSL을 안전하게 처리하는 방식이 대안입니다. 이 문항은 “스코프 + 보안”을 함께 보는 HARD 포인트입니다.		O	TRUE	X	FALSE					frontend	javascript	security	
Q496	Indirect eval(indirect eval)		Frontend - JavaScript	12	OX	HARD	(0, eval)("var x = 1")처럼 간접 eval은 보통 전역 스코프에서 실행되는 경향이 있다.	간접 eval은 일반적으로 전역 스코프에서 실행되는 것으로 동작하는 경우가 많습니다. 면접에서는 direct/indirect eval 차이를 통해 스코프 규칙을 이해하는지 확인합니다. 실무에서는 이런 트릭이 코드에 들어오면 분석과 디버깅이 매우 어려워져 유지보수성이 급격히 떨어집니다. 또한 전역 오염을 일으켜 다른 모듈과 충돌할 수 있으니 위험합니다. 보안 관점에서도 eval 계열은 CSP 차단 대상이므로, 운영 환경에서 아예 동작하지 않을 수도 있습니다. “스코프를 바꿔 실행한다”는 특성 자체가 위험하므로, 실무에서는 사용하지 않는 것이 원칙입니다. 이 문항은 미묘한 호출 형태가 동작을 바꾼다는 점을 아는지 보는 HARD 문제입니다.		O	TRUE	X	FALSE					frontend	javascript	security	
Q497	메모리 모델과 WeakMap(WeakMap)		Frontend - JavaScript	12	OX	HARD	WeakMap의 키로는 반드시 객체만 사용할 수 있다.	WeakMap의 키는 객체(또는 함수) 같은 참조 타입만 가능하고, 원시 값은 키로 사용할 수 없습니다. 면접에서는 Map과 WeakMap 차이(키 제한, GC 영향, 열거 불가)를 묻는 경우가 많습니다. 실무에서는 DOM 요소에 메타데이터를 붙이되, 요소가 제거되면 자동으로 수거되게 하고 싶을 때 WeakMap이 유용합니다. 하지만 WeakMap은 크기(size)나 순회가 불가능해 “캐시”로 쓰기에는 관찰성이 떨어질 수 있습니다. 또한 GC 타이밍은 비결정적이므로, 값이 언제 사라지는지에 의존하는 로직은 만들면 안 됩니다. WeakMap은 누수를 줄이는 데 도움이 되지만, 설계상 추적/디버깅이 어려워질 수 있어 도입 기준이 필요합니다. 이 문항은 타입 제한뿐 아니라 “왜 그런 제약이 있는지”를 설명하면 HARD에서 좋은 답이 됩니다.		O	TRUE	X	FALSE					frontend	javascript	memory	
Q498	WeakMap 열거 불가(WeakMap iteration)		Frontend - JavaScript	12	OX	HARD	WeakMap은 for...of로 키-값을 순회할 수 있다.	WeakMap은 키가 약한 참조라, 컬렉션을 순회할 수 없습니다. 면접에서는 “왜 순회가 안 되나”를 GC/프라이버시 관점에서 설명하는지를 봅니다. 실무에서는 이 특성 때문에 WeakMap은 디버깅이 어렵고, 데이터 가시성이 필요한 곳(통계, 목록 화면)에는 부적합합니다. 대신 “객체에 메타데이터를 붙이되, 수명이 객체와 함께 가길 원한다” 같은 목적에 맞춰 사용해야 합니다. 만약 순회가 필요하면 Map을 쓰고, 수명 관리(삭제/TTL)를 명시적으로 구현하는 편이 안전합니다. 자료구조 선택은 기능(순회/크기)과 메모리 특성의 트레이드오프입니다. WeakMap은 특정 목적에만 맞는 도구라는 점을 강조하면 면접에서 실무 감각이 드러납니다. HARD 문항으로 충분히 자주 나오는 주제입니다.		O	FALSE	X	TRUE					frontend	javascript	memory	
Q499	Symbol과 열거(Symbol enumeration)		Frontend - JavaScript	12	OX	HARD	Object.keys는 Symbol 키도 포함해서 반환한다.	Object.keys는 문자열 키 중 enumerable own property만 반환하며, Symbol 키는 포함하지 않습니다. 면접에서는 Reflect.ownKeys/Object.getOwnPropertySymbols와 비교하는 질문으로 확장됩니다. 실무에서는 라이브러리에서 심볼 키를 사용해 “충돌을 피하는 숨은 필드”를 만들 수 있지만, 일반적인 열거/직렬화 로직에서 누락되기 쉬워 주의가 필요합니다. 특히 상태를 저장하거나 디버깅 출력할 때 심볼 키가 빠져 “왜 값이 없어 보이지?” 같은 혼란이 생길 수 있습니다. 필요한 경우 Reflect.ownKeys로 문자열+심볼을 함께 다루는 전략을 취해야 합니다. 키 열거는 보안/검증에도 연결되므로, 어떤 API가 어떤 키를 포함하는지 명확히 아는 것이 중요합니다. 이 문항은 JS 객체 키 모델의 디테일을 아는지 보는 HARD 포인트입니다.		O	FALSE	X	TRUE					frontend	javascript	object	
Q500	JSON.stringify와 Symbol(JSON Symbol)		Frontend - JavaScript	12	OX	HARD	JSON.stringify는 값이 Symbol이면 문자열로 변환해 직렬화한다.	JSON.stringify는 Symbol 값을 기본적으로 직렬화하지 않으며, 보통 해당 프로퍼티가 무시되거나(객체 프로퍼티) 값 자체를 stringify하면 undefined가 되는 등 기대와 다르게 동작할 수 있습니다. 면접에서는 JSON 직렬화의 “타입 제한”을 묻는 흐름에서 출제됩니다. 실무에서는 데이터 계약을 JSON으로 할 때, Symbol 같은 런타임 전용 타입을 데이터 모델에 포함시키지 않는 것이 안전합니다. 만약 숨은 필드로 Symbol을 쓰면, 저장/전송 단계에서 누락되는 것이 정상 동작이므로 설계 의도를 문서화해야 합니다. 또한 replacer 함수를 써도 Symbol을 완전히 안전하게 표현하기는 어렵고, 의미가 깨질 수 있습니다. 직렬화는 경계(저장/네트워크)에서 일어나므로, 타입을 제한하는 정책을 미리 정해두는 것이 좋습니다. 이 문항은 “왜 JSON은 데이터만 다뤄야 하는가”를 설명하면 좋은 HARD 답변이 됩니다.		O	FALSE	X	TRUE					frontend	javascript	data	
Q501	Promise 체인 반환 규칙(return in then)		Frontend - JavaScript	12	OX	HARD	then 콜백에서 Promise를 반환하면, 바깥 체인은 그 Promise가 해결될 때까지 대기할 수 있다.	then에서 Promise를 반환하면, 체인은 그 Promise의 결과를 따라가며(resolve/reject) 대기합니다. 면접에서는 “왜 중첩 then을 줄일 수 있나”를 이 규칙으로 설명하는지 확인합니다. 실무에서는 이 규칙을 활용하면 플랫한 체인을 만들 수 있고, 에러 전파도 일관되게 유지됩니다. 반대로 Promise를 반환하지 않고 내부에서 비동기 작업만 해버리면, 바깥 체인은 기다리지 않아 레이스/순서 버그가 발생합니다. 따라서 체인에서는 “항상 반환(return)을 신경” 쓰는 것이 중요합니다. async/await로 바꿔도 내부적으로는 동일한 규칙(대기/전파)이므로, Promise 모델을 이해하면 디버깅이 쉬워집니다. 이 문항은 비동기 흐름 제어의 핵심 규칙을 묻는 HARD 문제입니다. 면접에서 실무형 설명을 하기 좋은 포인트입니다.		O	TRUE	X	FALSE					frontend	javascript	promise	
Q502	오류 전파와 catch 위치(catch propagation)		Frontend - JavaScript	12	OX	HARD	Promise 체인에서 catch는 그 이전 then에서 발생한 예외도 잡을 수 있다.	then 내부에서 throw된 예외나 reject는 체인을 따라 내려가며, 뒤에 붙은 catch가 잡을 수 있습니다. 면접에서는 try/catch와 비교해 “비동기의 에러 전파”를 이해하는지 확인합니다. 실무에서는 체인의 최하단에서 한 번에 에러를 처리하는 패턴이 편하지만, 어떤 에러는 사용자 메시지로, 어떤 에러는 재시도로 처리하는 등 정책 분리가 필요할 수 있습니다. 또한 catch에서 에러를 처리하고 값을 반환하면 체인이 “복구”되어 다음 then이 정상 흐름으로 이어질 수 있다는 점도 중요합니다. 반대로 catch에서 다시 throw하면 에러가 계속 전파됩니다. 에러 처리는 UX와 운영(로깅, 알림)에 직접 영향을 주므로, 위치와 복구 전략을 명확히 설계해야 합니다. 이 문항은 그 기본 규칙을 묻는 HARD 문제입니다. 면접에서 “복구 vs 전파”까지 말하면 좋은 답이 됩니다.		O	TRUE	X	FALSE					frontend	javascript	promise	
Q503	모듈 순환 의존(Circular dependency)		Frontend - JavaScript	12	OX	HARD	ES 모듈은 순환 의존이 있어도 항상 안전하게 모든 export가 완전한 값으로 초기화된 뒤 사용된다.	ES 모듈은 순환 의존을 허용할 수 있지만, 초기화 순서에 따라 export가 아직 준비되지 않은 상태(예: TDZ 또는 초기값 미완성)로 접근되어 런타임 오류나 undefined가 발생할 수 있습니다. 면접에서는 “순환 의존이 왜 위험한가”를 초기화 단계와 연결해 설명하는지 봅니다. 실무에서는 barrel export, index 파일 재-export 패턴이 순환 의존을 만들기 쉬우므로, 의존 방향을 계층화하고 공통 모듈을 분리하는 설계가 중요합니다. 또한 DI(의존성 주입)나 팩토리 함수로 런타임 결합을 늦추는 방식이 해결책이 될 수 있습니다. 순환 의존은 빌드/번들러 단계에서 경고로 잡히기도 하지만, 모든 경우를 막지는 못합니다. 운영에서 특정 경로에서만 터질 수 있어 디버깅이 어렵습니다. 이 문항은 “모듈 로딩/초기화 모델”을 이해하는지 묻는 HARD 포인트입니다.		O	FALSE	X	TRUE					frontend	javascript	module	
Q504	Top-level await(Top level await)		Frontend - JavaScript	12	OX	HARD	top-level await를 사용하면 해당 모듈의 초기화가 비동기로 지연될 수 있다.	top-level await는 모듈 평가를 비동기로 만들 수 있어, import하는 쪽이 해당 모듈이 준비될 때까지 대기하는 형태가 됩니다. 면접에서는 “모듈 로딩이 느려지는 이유”나 “초기화 순서”로 확장될 수 있습니다. 실무에서는 초기 설정을 가져오거나(환경/설정), 동적 데이터 기반으로 모듈 초기화가 필요할 때 유용하지만, 앱 시작 시간이 늘어날 수 있어 신중해야 합니다. 또한 순환 의존과 결합되면 데드락 같은 복잡한 문제가 발생할 수 있어, 의존 그래프를 단순하게 유지하는 것이 중요합니다. 번들러/런타임 지원 여부도 확인해야 하며, 폴리필이 쉽지 않은 경우가 있습니다. top-level await는 편리하지만, “모듈 초기화 = 동기”라는 가정이 깨진다는 점이 핵심입니다. 이 문항은 그 영향까지 이해하는지 보는 HARD 질문입니다.		O	TRUE	X	FALSE					frontend	javascript	module	
Q505	Generator와 yield*(yield star)		Frontend - JavaScript	12	OX	HARD	yield*는 다른 이터러블/제너레이터의 값을 위임해서 순회할 수 있다.	yield*는 다른 이터러블 또는 제너레이터에 반복을 위임(delegation)해, 그 값들을 순차적으로 내보낼 수 있습니다. 면접에서는 이터레이터 프로토콜을 얼마나 깊게 이해하는지 확인하는 심화 질문으로 등장할 수 있습니다. 실무에서는 상태 머신이나 스트림/파서 같은 고급 로직에서 제너레이터를 조합할 때 유용합니다. 하지만 일반적인 웹 UI에서는 과한 도구가 될 수 있어, 팀의 숙련도와 도메인 필요성을 고려해야 합니다. 또한 제너레이터 기반 흐름은 async/await와 다른 성격이라, 혼용하면 코드가 어려워질 수 있습니다. 그래도 원리를 이해하면 라이브러리 내부나 레거시 패턴(사가 등)을 읽는 데 도움이 됩니다. 이 문항은 “위임 가능하다”는 기능 자체보다, 왜 유용하고 어떤 맥락에서 쓰는지를 설명하면 좋은 HARD 답변이 됩니다.		O	TRUE	X	FALSE					frontend	javascript	advanced	
Q506	RegExp sticky 플래그(y)		Frontend - JavaScript	12	OX	HARD	정규식의 y(sticky) 플래그는 lastIndex 위치에서 반드시 매칭을 시작하게 만들 수 있다.	sticky(y) 플래그는 lastIndex 위치에서 매칭이 시작되지 않으면 실패하게 만들어, 파서처럼 “연속 토큰화”를 구현할 때 유용합니다. 면접에서는 g와 y의 차이를 묻는 심화 질문으로 출제될 수 있습니다. 실무에서는 단순 검색에는 g가 충분하지만, 문자열을 앞에서부터 정확히 소비하는 파서/토크나이저를 만들 때 y가 강력합니다. 다만 lastIndex 상태를 관리해야 하므로 버그가 생기기 쉬워, 유틸로 캡슐화하는 것이 좋습니다. 또한 정규식은 가독성이 떨어질 수 있어, 복잡해지면 단계별 파싱 로직으로 풀어 쓰는 게 유지보수에 유리할 수 있습니다. y 플래그는 잘 모르는 개발자도 많아, 알고 있으면 면접에서 차별화 포인트가 됩니다. HARD에서는 이런 “덜 알려진 기능”을 묻는 문제가 종종 나옵니다.		O	TRUE	X	FALSE					frontend	javascript	regex	
Q507	Object.setPrototypeOf 성능(setPrototypeOf)		Frontend - JavaScript	12	OX	HARD	실행 중에 Object.setPrototypeOf로 프로토타입을 바꿔도 성능 영향은 거의 없다.	런타임에 프로토타입을 변경하면 엔진 최적화(히든 클래스/인라인 캐시)를 깨뜨려 성능 저하가 생길 수 있습니다. 면접에서는 “프로토타입 변경을 지양하는 이유”를 엔진 관점에서 설명하는지 볼 수 있습니다. 실무에서는 동적 프로토타입 변경은 코드 이해도도 낮추고, 예측 불가능한 동작을 만들 수 있어 권장되지 않습니다. 대신 초기 생성 시점에 프로토타입을 확정하거나, 합성 패턴으로 동작을 구성하는 것이 더 안전합니다. 또한 보안적으로도 프로토타입 조작은 취약점(프로토타입 오염)과 연결될 수 있어 주의가 필요합니다. 성능/안정성/보안 모두에서 비용이 크기 때문에, 특별한 이유가 없으면 피하는 것이 원칙입니다. 이 문항은 엔진 최적화와 설계 원칙을 함께 아는지 보는 HARD 포인트입니다.		O	FALSE	X	TRUE					frontend	javascript	performance	
Q508	프로토타입 오염(Prototype Pollution)		Frontend - JavaScript	12	OX	HARD	사용자 입력을 그대로 병합(merge)할 때 proto 같은 키를 필터링하지 않으면 프로토타입 오염 취약점이 생길 수 있다.	프로토타입 오염은 악성 키(proto, constructor, prototype 등)가 병합 로직을 통해 객체의 프로토타입을 변조하는 취약점입니다. 면접에서는 보안 감각을 보기 위해 “객체 병합이 왜 위험한가”를 묻기도 합니다. 실무에서는 deep merge 유틸이나 설정 병합에서 특히 위험하며, 입력을 신뢰하지 말고 위험 키를 차단하거나 Object.create(null) 같은 프로토타입 없는 객체를 사용하기도 합니다. 또한 라이브러리 의존성이 이 취약점에 영향을 받을 수 있어, 보안 업데이트와 SCA(의존성 취약점 스캔)가 중요합니다. 프로토타입 오염은 서비스 전반에 영향을 줄 수 있어, 한 번 터지면 파급이 큽니다. 따라서 데이터 검증과 안전한 병합 방식이 필수입니다. 이 문항은 JS 보안에서 매우 대표적인 HARD 주제입니다. “왜 위험한지”를 말로 풀 수 있으면 강점입니다.		O	TRUE	X	FALSE					frontend	javascript	security	
Q509	JSON.parse reviver(Reviver)		Frontend - JavaScript	12	OX	HARD	JSON.parse의 reviver를 사용하면 파싱 과정에서 값을 변환(예: Date 복원)할 수 있다.	JSON.parse는 두 번째 인자로 reviver 함수를 받아, 각 키-값을 순회하며 변환할 수 있습니다. 면접에서는 직렬화/역직렬화에서 타입 복원 전략을 묻는 심화 질문으로 나올 수 있습니다. 실무에서는 Date를 문자열로 저장했다가 reviver로 Date 객체로 복원하는 패턴이 가능하지만, 모든 데이터에 일괄 적용하면 예기치 않은 변환이 생길 수 있어 규칙을 명확히 해야 합니다. 또한 보안 측면에서 외부 입력을 변환할 때는 스키마 검증을 먼저 하고, 변환은 그 다음 단계로 분리하는 것이 안전합니다. reviver는 편리하지만 디버깅이 어려울 수 있어, 변환 로직을 테스트로 보호하고 문서화하는 것이 중요합니다. 데이터 경계에서 타입 정책을 일관되게 유지하면 버그를 크게 줄일 수 있습니다. 이 문항은 “타입 손실을 어떻게 다룰 것인가”를 보여주는 HARD 포인트입니다. 면접에서 설계 관점까지 말하면 좋은 답이 됩니다.		O	TRUE	X	FALSE					frontend	javascript	data	
Q510	Symbol.for 전역 레지스트리(Symbol.for)		Frontend - JavaScript	12	OX	HARD	Symbol.for로 만든 심볼은 같은 키 문자열이면 동일 심볼을 재사용할 수 있다.	Symbol.for는 전역 심볼 레지스트리를 사용해 같은 키로 요청하면 동일한 Symbol을 반환합니다. 면접에서는 Symbol()과 Symbol.for의 차이를 묻는 심화 질문으로 자주 나옵니다. 실무에서는 패키지/모듈 사이에서 “같은 심볼을 공유”해야 할 때 Symbol.for가 유용하지만, 전역 레지스트리이므로 키 충돌 위험이 있습니다. 그래서 키 네임스페이스(예: "app.feature.token")를 정해 충돌을 피하는 습관이 중요합니다. 또한 Symbol.for로 만든 심볼은 Symbol.keyFor로 다시 키를 얻을 수 있어 디버깅에 도움이 되지만, 비공개 키로 쓰기에는 적절하지 않을 수 있습니다. 심볼은 충돌 회피에 강하지만, 전역 공유는 또 다른 충돌 지점을 만들 수 있습니다. 이 문항의 핵심은 “레지스트리를 통한 재사용”과 그로 인한 설계 트레이드오프입니다. HARD에서는 기능뿐 아니라 운영/협업 관점까지 설명할 수 있으면 좋은 답이 됩니다.		O	TRUE	X	FALSE					frontend	javascript	object	
Q511	Symbol() 유일성(Symbol)		Frontend - JavaScript	12	OX	HARD	Symbol("a")와 Symbol("a")는 설명 문자열이 같으므로 === 비교에서 true가 된다.	Symbol은 생성될 때마다 유일한 값이며, 설명 문자열은 디버깅용일 뿐 동일성을 보장하지 않습니다. 면접에서는 “심볼은 왜 필요한가”를 키 충돌 방지와 연결해 설명하는지 확인합니다. 실무에서는 라이브러리 확장 포인트(Well-known symbol)나 숨은 프로퍼티 키로 심볼을 사용해 충돌을 피할 수 있습니다. 다만 심볼 키는 일반적인 열거(Object.keys)나 JSON 직렬화에서 빠질 수 있어, 데이터로 저장하는 용도에는 적합하지 않습니다. 또한 팀 내에서 심볼 키를 남발하면 디버깅이 어려워질 수 있어, 사용 기준을 정하는 것이 좋습니다. 이 문항은 심볼의 “유일성”이라는 본질을 정확히 아는지 보는 HARD 질문입니다. 개념을 한 문장으로 명확히 말할 수 있어야 합니다.		O	FALSE	X	TRUE					frontend	javascript	type	
Q512	Object.create(null) 특성(null prototype)		Frontend - JavaScript	12	OX	HARD	Object.create(null)로 만든 객체는 기본적으로 toString 같은 메서드를 상속받는다.	Object.create(null)은 프로토타입이 없기 때문에 toString 같은 Object.prototype 메서드를 상속받지 않습니다. 면접에서는 프로토타입 체인과 보안(프로토타입 오염) 대응으로 자주 연결됩니다. 실무에서는 “딕셔너리”처럼 순수 키-값 저장소가 필요할 때 유용하지만, 기본 메서드가 없어 디버깅 출력이나 hasOwnProperty 호출이 바로 안 되는 불편함이 있습니다. 따라서 Object.prototype.hasOwnProperty.call 같은 안전 호출 패턴을 함께 알아야 합니다. 또한 JSON 직렬화는 되지만, 객체 유틸 함수가 기대하는 전제(프로토타입 존재)가 깨질 수 있어 라이브러리 호환성에 주의해야 합니다. 프로토타입 없는 객체는 보안과 예측 가능성을 높일 수 있지만, 사용 비용도 있습니다. 이 문항은 객체 모델의 기본 전제를 흔드는 케이스라 HARD로 자주 출제됩니다.		O	FALSE	X	TRUE					frontend	javascript	security	
Q513	hasOwn vs hasOwnProperty(Object.hasOwn)		Frontend - JavaScript	12	OX	HARD	Object.hasOwn(obj, key)는 프로토타입 오염 위험을 줄이는 데 도움이 될 수 있다.	Object.hasOwn은 obj.hasOwnProperty에 의존하지 않고 own property 여부를 검사할 수 있어, 프로토타입 오염이나 메서드 오버라이드 상황에서 더 안전한 선택이 될 수 있습니다. 면접에서는 hasOwnProperty.call 패턴과 비교해서 설명할 수 있는지 보기도 합니다. 실무에서는 사용자 입력 객체가 hasOwnProperty 키를 덮어써버리는 경우가 있어, 안전 검사 API를 쓰는 것이 좋습니다. 특히 설정 병합, 요청 파라미터 검증, 템플릿 렌더링 등에서 키 존재 검사가 보안과 직결될 수 있습니다. 다만 런타임 지원 범위를 고려해 폴리필/대체 패턴을 준비해야 합니다. 안전한 키 검사는 작은 습관 같지만, 취약점을 막는 기본기입니다. 이 문항은 “단순 기능”이 아니라 “왜 안전한가”를 설명하면 HARD에서 좋은 점수를 받을 수 있습니다.		O	TRUE	X	FALSE					frontend	javascript	security	
Q514	Super와 method [[HomeObject]]		Frontend - JavaScript	12	OX	HARD	객체 리터럴의 메서드 축약 문법에서 super를 사용할 수 있다.	객체 리터럴의 메서드 축약(method shorthand)에서는 super를 사용할 수 있으며, 이는 메서드가 내부적으로 [[HomeObject]]를 갖는 것과 관련이 있습니다. 면접에서는 super가 “어디서 가능한가”를 묻는 심화 질문으로 나올 수 있습니다. 실무에서는 프로토타입 기반 상속에서 메서드를 오버라이드하고 상위 메서드를 호출할 때 유용하지만, 구조가 복잡해지면 디버깅이 어려워질 수 있습니다. 또한 화살표 함수나 일반 함수 프로퍼티에서는 super를 쓸 수 없으므로 문법 선택이 중요합니다. super는 코드 재사용을 돕지만, 과도한 상속 구조는 결합도를 높여 변경 비용을 올릴 수 있습니다. 따라서 super 사용은 명확한 설계 의도가 있을 때만 쓰는 것이 좋습니다. 이 문항은 문법 지식뿐 아니라 “왜 특정 문법에서만 가능한가”를 이해하는지 보는 HARD 포인트입니다.		O	TRUE	X	FALSE					frontend	javascript	oop	
Q515	Arrow function과 super(arrow super)		Frontend - JavaScript	12	OX	HARD	화살표 함수는 자체 this가 없듯이, super도 자체적으로 바인딩해 사용할 수 있다.	화살표 함수는 자체 this/arguments/super/new.target 바인딩이 없고, 바깥 렉시컬 환경의 값을 사용합니다. 따라서 “자체적으로 바인딩해” super를 갖는다고 말하면 틀린 표현에 가깝습니다. 면접에서는 화살표 함수의 렉시컬 특성을 정확히 아는지 확인합니다. 실무에서는 메서드 안에서 콜백을 화살표로 쓰면 this가 유지되는 장점이 있지만, super를 직접 다루는 구조는 복잡해질 수 있어 설계를 단순화하는 편이 낫습니다. 또한 클래스 필드 화살표 메서드는 프로토타입 메서드와 성능/메모리 특성이 달라 트레이드오프가 있습니다. “화살표는 렉시컬 캡처”라는 원칙을 기반으로 판단해야 예측 가능한 코드를 만들 수 있습니다. 이 문항은 문법을 외우는 것보다, 바인딩 모델을 정확히 설명하는 능력을 보는 HARD 질문입니다.		O	FALSE	X	TRUE					frontend	javascript	function	
Q516	new.target(new.target)		Frontend - JavaScript	12	OX	HARD	new.target은 함수가 new로 호출되었는지 런타임에서 판별할 수 있게 해준다.	new.target은 생성자 호출 여부를 판별하거나, 상속 계층에서 어떤 생성자가 실제로 호출되었는지 확인하는 데 사용됩니다. 면접에서는 “생성자 강제” 패턴(클래스를 new 없이 호출하면 에러)과 연결해 출제될 수 있습니다. 실무에서는 함수 기반 생성자에서 new 없이 호출되는 실수를 막거나, 추상 클래스 비슷한 제약을 구현할 때 활용할 수 있습니다. 다만 현대 코드에서는 class 문법이 new를 강제하므로, new.target은 주로 라이브러리/메타 프로그래밍에서 더 자주 등장합니다. 또한 번들/트랜스파일 환경에서 동작이 어떻게 유지되는지도 주의해야 합니다. 런타임 판별은 편하지만, 과도한 마법은 코드를 어렵게 만들 수 있어 사용 범위를 제한하는 것이 좋습니다. 이 문항은 언어 내부 메타 정보를 아는지 확인하는 HARD 포인트입니다. “언제 유용한가”까지 말하면 좋은 답입니다.		O	TRUE	X	FALSE					frontend	javascript	metaprogramming	
Q517	Generator와 return 값(generator return)		Frontend - JavaScript	12	OX	HARD	제너레이터에서 return으로 반환한 값은 for...of에서 마지막 요소로 순회될 수 있다.	제너레이터의 return 값은 iteration 결과에서 done: true일 때 value로 나오지만, for...of는 done: true인 값을 순회하지 않으므로 return 값은 순회에 포함되지 않습니다. 면접에서는 이터레이터 프로토콜(done/value)을 이해하는지 확인합니다. 실무에서 제너레이터를 직접 쓰는 경우는 많지 않지만, 스트림/파서/사가 같은 패턴을 읽거나 디버깅할 때 이 규칙이 중요합니다. return 값이 필요하면 직접 iterator.next()를 호출해 최종 결과를 확인하거나, 별도의 채널로 결과를 전달하는 설계가 필요합니다. 또한 yield로 내보낸 값과 return으로 종료 값을 주는 구조를 섞으면 혼란이 생길 수 있으니, 목적을 분리하는 것이 좋습니다. 이 문항은 “for...of는 done 이전까지만”이라는 규칙을 정확히 아는지 묻는 HARD 문제입니다. 디테일이지만 틀리면 동작을 완전히 오해하게 됩니다.		O	FALSE	X	TRUE					frontend	javascript	advanced	
Q518	async generator(async generator)		Frontend - JavaScript	12	OX	HARD	async generator는 for await...of로 순회할 수 있다.	async generator는 비동기 이터러블을 생성하며, for await...of로 순회할 수 있습니다. 면접에서는 “비동기 스트림 처리”를 어떻게 하겠냐는 질문에서 심화로 등장할 수 있습니다. 실무에서는 대용량 데이터 페이징, 이벤트 스트림, 웹소켓 메시지 처리 등에서 “순차 소비” 모델이 필요할 때 유용합니다. 다만 일반적인 CRUD UI에서는 과한 도구가 될 수 있고, 팀이 익숙하지 않으면 유지보수 비용이 커집니다. 또한 에러 처리와 종료(early break) 시 자원 정리(return/throw)가 어떻게 작동하는지까지 이해해야 안전합니다. 비동기 반복은 성능과 안정성의 균형이 중요하므로, cancelation(AbortSignal)과 결합하는 설계도 고려할 수 있습니다. 이 문항은 “가능하다”를 넘어, 왜 필요한지와 적용 맥락까지 설명하면 HARD에서 좋은 답이 됩니다.		O	TRUE	X	FALSE					frontend	javascript	async	
Q519	ArrayBuffer slice 공유 여부(ArrayBuffer slice)		Frontend - JavaScript	12	OX	HARD	ArrayBuffer.prototype.slice는 원본 버퍼의 메모리를 공유하는 뷰를 반환한다.	ArrayBuffer.slice는 보통 지정 구간의 내용을 복사해 새로운 ArrayBuffer를 반환하며, 원본 메모리를 공유하는 뷰를 만드는 것이 아닙니다. 면접에서는 TypedArray.subarray(공유)와 ArrayBuffer.slice(복사)를 비교해 묻기도 합니다. 실무에서는 바이너리 데이터를 다룰 때 “복사 비용”을 최소화하기 위해 공유 뷰(subarray)를 쓰는지, 안전한 독립 복사(slice)를 쓰는지 선택이 중요합니다. 공유는 성능에 이점이 있지만, 한쪽에서 변경하면 다른 쪽이 영향을 받는 위험이 있습니다. 반대로 복사는 안전하지만 메모리와 CPU 비용이 커질 수 있습니다. 데이터 크기가 큰 환경(이미지/오디오/암호화)에서는 이 차이가 성능 병목으로 이어질 수 있어, 요구사항에 맞게 선택해야 합니다. 이 문항은 “공유 vs 복사”의 원리를 정확히 아는지 보는 HARD 포인트입니다. 실무 적용 사례까지 말하면 좋은 답이 됩니다.		O	FALSE	X	TRUE					frontend	javascript	binary	
Q520	TypedArray subarray 공유(subarray)		Frontend - JavaScript	12	OX	HARD	Uint8Array.prototype.subarray는 같은 ArrayBuffer를 공유하는 뷰를 만들 수 있다.	subarray는 복사하지 않고 동일한 ArrayBuffer를 공유하는 새로운 뷰를 만듭니다. 면접에서는 slice와의 차이(복사 vs 공유)로 심화될 수 있습니다. 실무에서는 큰 버퍼를 조각내어 처리할 때 subarray를 쓰면 성능이 좋아질 수 있지만, 공유라서 원본 변경이 전파되는 위험이 있습니다. 따라서 읽기 전용처럼 다뤄야 하거나, 변경 가능성이 있으면 복사본을 만들어야 합니다. 또한 오프셋/길이 계산을 잘못하면 데이터 경계가 깨져 버그가 생기기 쉬우니, 유틸 함수로 캡슐화하는 것이 좋습니다. 바이너리 처리는 디버깅이 어렵기 때문에, “공유로 인한 부작용”을 염두에 둔 설계가 중요합니다. 이 문항은 저수준 데이터 처리 이해도를 보는 HARD 질문입니다. 실무에서 흔하진 않지만, 알고 있으면 차별화 포인트가 됩니다.		O	TRUE	X	FALSE					frontend	javascript	binary	
Q521	URLSearchParams 인코딩(URLSearchParams)		Frontend - JavaScript	12	OX	HARD	URLSearchParams는 공백을 기본적으로 +로 인코딩할 수 있다.	URLSearchParams는 application/x-www-form-urlencoded 계열의 규칙과 맞물리며, 공백이 +로 표현되는 형태를 볼 수 있습니다. 면접에서는 “왜 공백이 %20이 아니라 +인가” 같은 웹 표준/인코딩 질문으로 확장될 수 있습니다. 실무에서는 서버가 어떤 인코딩 규칙을 기대하는지에 따라 +와 %20 처리가 달라질 수 있어, 백엔드와 계약을 맞추는 것이 중요합니다. 특히 검색어, 태그 같은 파라미터는 공백/특수문자 처리에서 버그가 자주 발생하므로 테스트 케이스를 충분히 두는 편이 좋습니다. 또한 encodeURIComponent와 URLSearchParams의 차이도 혼동하기 쉬워, 상황에 맞는 도구를 선택해야 합니다. 인코딩은 “보이는 문자열”과 “실제 전송 값”이 달라 디버깅이 까다로우니, 네트워크 탭에서 실제 쿼리를 확인하는 습관이 중요합니다. 이 문항은 프론트와 백의 경계에서 자주 터지는 실무 문제를 기반으로 한 HARD 포인트입니다.		O	TRUE	X	FALSE					frontend	javascript	web	
Q522	setTimeout 클로저 참조(leak by closure)		Frontend - JavaScript	12	OX	HARD	타이머 콜백이 큰 객체를 클로저로 캡처하면, 타이머가 살아있는 동안 GC가 회수하지 못할 수 있다.	콜백이 큰 객체를 참조하면, 타이머/리스너가 살아있는 동안 그 참조가 유지되어 GC가 회수하지 못할 수 있습니다. 면접에서는 메모리 누수의 전형적인 사례로 출제됩니다. 실무에서는 setInterval, 이벤트 리스너, 전역 캐시 등이 누수의 주요 원인이고, 클로저 캡처는 그중에서도 흔합니다. 특히 SPA에서 화면 전환 후에도 타이머가 남아 있으면, DOM과 상태가 계속 참조되어 메모리 사용량이 점점 증가할 수 있습니다. 해결책은 clearTimeout/clearInterval, cleanup, 그리고 콜백이 참조하는 범위를 최소화하는 것입니다. 또한 WeakMap 같은 구조를 쓰더라도 로직이 강한 참조를 잡고 있으면 의미가 없으니, 참조 그래프를 이해하는 것이 중요합니다. 이 문항은 “GC는 참조가 있으면 못 치운다”는 기본 원리를 실무 문제와 연결하는 HARD 포인트입니다.		O	TRUE	X	FALSE					frontend	javascript	memory	
Q523	이벤트 리스너 옵션 once(once option)		Frontend - JavaScript	12	OX	HARD	addEventListener에 { once: true }를 주면, 첫 실행 후 자동으로 리스너가 제거될 수 있다.	once 옵션을 사용하면 이벤트 핸들러가 한 번 실행된 뒤 자동으로 제거됩니다. 면접에서는 메모리 누수 방지나 이벤트 관리 전략으로 심화될 수 있습니다. 실무에서는 모달 닫기, 최초 클릭 처리처럼 “한 번만” 필요할 때 유용하며, 명시적 removeEventListener 코드를 줄일 수 있습니다. 다만 한 번만 실행되어야 하는 로직이 실제로는 여러 번 필요해질 수 있으니, 요구사항 변경에 대비해 의도를 주석/이름으로 명확히 하는 것이 좋습니다. 또한 once는 편리하지만, 핸들러 내부에서 비동기 작업이 실패했을 때 재시도 구조가 필요하면 오히려 제약이 될 수 있습니다. 이벤트 관리에서 중요한 것은 “생명주기”를 명확히 하는 것이고, once는 그 의도를 코드로 표현하는 좋은 옵션입니다. 이 문항은 DOM 옵션을 아는 것 이상으로, 정리 전략을 설명할 수 있으면 HARD에서 좋은 답이 됩니다.		O	TRUE	X	FALSE					frontend	javascript	dom	
Q524	Error cause(Error.cause)		Frontend - JavaScript	12	OX	HARD	new Error("msg", { cause })를 사용하면 원인 에러를 체인으로 보관할 수 있다.	Error의 cause 옵션은 에러의 원인(cause)을 보관해, 상위 레이어에서 의미 있는 메시지로 감싸되 원인 추적을 가능하게 합니다. 면접에서는 에러 래핑, 로깅 품질, 관찰 가능성(Observability)로 확장될 수 있습니다. 실무에서는 네트워크/파싱/비즈니스 검증 같은 에러를 레이어별로 감싸면서도 원인을 잃지 않는 것이 중요합니다. cause를 쓰면 스택 트레이스를 더 잘 분석할 수 있고, Sentry 같은 도구에서도 원인 체인을 추적하기 쉬워집니다. 다만 런타임 지원 범위를 확인하고, 폴리필/대체 전략이 필요할 수 있습니다. 에러 처리는 “메시지 예쁘게”보다 “원인 추적 가능하게”가 핵심이며, cause는 그 목표에 맞는 기능입니다. 이 문항은 최신 문법/런타임 기능을 아는지와 실무 운영 감각을 함께 보는 HARD 포인트입니다.		O	TRUE	X	FALSE					frontend	javascript	error	
Q525	Object.seal(Object.seal)		Frontend - JavaScript	12	OX	HARD	Object.seal을 적용하면 기존 프로퍼티 값 변경도 완전히 불가능해진다.	Object.seal은 프로퍼티 추가/삭제(및 configurable 변경)를 막지만, writable인 기존 프로퍼티의 값 변경은 여전히 가능할 수 있습니다. 면접에서는 seal/freeze/preventExtensions 차이를 묻는 단골 심화 주제입니다. 실무에서는 설정 객체 형태를 고정하고 싶을 때 seal을 고려할 수 있지만, 값 변경까지 막고 싶다면 freeze가 필요합니다. 또한 이들 메서드는 얕게 적용되므로, 중첩 객체까지 보호하려면 추가 전략이 필요합니다. 무엇보다 이런 보호는 런타임 제약이므로, 팀 규칙(불변 업데이트)과 테스트, 타입 시스템(TypeScript)으로 보완하는 것이 일반적입니다. “객체 보호”를 도구 하나로 해결하려 하면 오히려 복잡해질 수 있으니, 목적을 명확히 하는 것이 중요합니다. 이 문항은 각 메서드의 제약 범위를 정확히 구분하는지 보는 HARD 질문입니다. 정의뿐 아니라 언제 쓰는지가 실무 포인트입니다.		O	FALSE	X	TRUE					frontend	javascript	object	
Q526	preventExtensions(Object.preventExtensions)		Frontend - JavaScript	12	OX	HARD	Object.preventExtensions는 새로운 프로퍼티 추가를 막을 수 있지만, 기존 프로퍼티 삭제는 허용될 수 있다.	preventExtensions는 확장(새 프로퍼티 추가)을 막지만, 기존 프로퍼티 삭제/변경은 디스크립터에 따라 가능할 수 있습니다. 면접에서는 seal/freeze와 함께 비교가 자주 출제됩니다. 실무에서는 객체 형태를 고정해 엔진 최적화에 유리하게 만들거나, 실수로 키를 추가하는 버그를 막는 데 사용할 수 있습니다. 하지만 삭제/변경까지 막는 것은 아니므로, 보호 수준이 목적에 맞는지 확인해야 합니다. 또한 strict mode에서는 금지 동작이 에러로 드러나지만, 비엄격 모드에서는 조용히 실패할 수 있어 문제를 숨길 수 있습니다. 이런 메서드는 디버깅/개발 환경에서 유용하지만, 런타임 로직의 핵심에 넣을 때는 부작용과 성능을 고려해야 합니다. 이 문항은 “무엇을 막고 무엇을 막지 못하는가”를 정확히 구분하는 HARD 질문입니다. 실무 예시로 설명하면 좋은 답이 됩니다.		O	TRUE	X	FALSE					frontend	javascript	object	
Q527	Intl.Collator 정렬(Intl.Collator)		Frontend - JavaScript	12	OX	HARD	Intl.Collator를 사용하면 로케일에 맞는 문자열 비교/정렬을 구현할 수 있다.	Intl.Collator는 로케일별 정렬 규칙(대소문자, 악센트, 숫자 정렬 등)을 반영해 문자열 비교를 안정적으로 할 수 있습니다. 면접에서는 “localeCompare만 쓰면 되나?” 같은 국제화(i18n) 질문으로 확장될 수 있습니다. 실무에서는 한글/영문/숫자가 섞인 목록 정렬에서 단순 문자열 비교가 사용자 기대와 다르게 나올 수 있어, Collator를 쓰면 UX가 좋아집니다. 또한 numeric 옵션을 켜면 "2"와 "10"의 정렬이 자연스러워질 수 있어, 파일명/버전 목록에 유용합니다. 다만 성능 비용이 있을 수 있어 대량 정렬에서는 캐싱하거나, 정렬 키를 미리 계산하는 전략이 필요합니다. i18n은 제품 품질을 좌우하지만 후반에 붙이면 비용이 크므로, 초기부터 정렬/표시 정책을 설계하는 게 좋습니다. 이 문항은 JS 내장 국제화 도구를 아는지와 실무 UX 감각을 함께 보는 HARD 포인트입니다.		O	TRUE	X	FALSE					frontend	javascript	i18n	
Q528	Shadow DOM 이벤트 composed(composed)		Frontend - JavaScript	12	OX	HARD	Shadow DOM 내부에서 발생한 이벤트는 composed가 false이면 shadow boundary를 넘어 밖으로 전파되지 않을 수 있다.	Shadow DOM에서는 이벤트가 경계를 넘어갈지(composed) 여부가 중요하며, composed가 false이면 외부로 전파되지 않거나 이벤트 경로가 제한될 수 있습니다. 면접에서는 캡슐화와 이벤트 전파 모델을 묻는 고급 질문으로 출제될 수 있습니다. 실무에서는 웹 컴포넌트를 만들 때 내부 구현을 숨기면서도 외부 API를 제공해야 하므로, 이벤트 옵션(bubbles, composed)을 적절히 설정해야 합니다. 이를 잘못 설정하면 부모에서 이벤트를 못 받아 “왜 클릭이 안 잡히지?” 같은 버그가 생깁니다. 또한 event.target이 shadow 밖에서 보면 retargeting되어 달라질 수 있어 디버깅이 어렵습니다. 따라서 이벤트 설계는 문서화와 테스트가 중요하며, 외부에 노출할 이벤트와 내부 전용 이벤트를 구분하는 것이 좋습니다. 이 문항은 브라우저 런타임/DOM 모델을 깊게 이해하는지 보는 HARD 포인트입니다. 웹 컴포넌트 경험이 있으면 설명이 쉬워집니다.		O	TRUE	X	FALSE					frontend	javascript	dom	
Q529	Promise.finally 반환 규칙(finally)		Frontend - JavaScript	12	OX	HARD	finally에서 값을 return하면 원래 체인의 resolved 값이 항상 그 값으로 교체된다.	finally는 정리(cleanup)를 위한 단계이며, 일반적으로 return 값은 다음 체인의 값으로 “항상 교체”되는 것이 아니라, 원래 값을 유지하되 finally에서 에러를 던지면 그 에러가 우선할 수 있습니다. 면접에서는 finally의 역할과 값 전파 규칙을 심화로 묻습니다. 실무에서는 로딩 스피너 종료, 리소스 정리 같은 목적에 finally를 쓰고, 비즈니스 결과를 바꾸는 용도로 쓰지 않는 것이 안전합니다. finally에서 return을 사용해 흐름을 바꾸면 코드가 읽기 어려워지고, 에러 처리도 꼬이기 쉽습니다. 또한 finally 콜백이 Promise를 반환하면 정리 작업이 끝날 때까지 체인이 대기하는 효과가 있어, 비동기 정리에도 쓸 수 있습니다. 핵심은 finally는 “결과 조작”이 아니라 “정리”라는 점이며, 그 원칙을 깨면 버그가 생깁니다. 이 문항은 값 전파 규칙의 디테일을 묻는 HARD 포인트입니다. 면접에서는 “정리 전용으로 써야 한다”까지 말하면 좋은 답이 됩니다.		O	FALSE	X	TRUE					frontend	javascript	promise	
Q530	Promise.all 단락 평가(Promise.all)		Frontend - JavaScript	12	OX	HARD	Promise.all은 구성 Promise 중 하나가 reject되어도 나머지 Promise들을 자동으로 취소(cancel)한다.	Promise.all은 하나가 reject되면 즉시 reject로 결정되지만, 다른 Promise를 자동으로 취소하지는 않습니다. 면접에서는 “왜 실패했는데 네트워크가 계속 나가나” 같은 운영 이슈로 확장됩니다. 실무에서는 실제 취소가 필요하면 AbortController를 조합하거나, 라이브러리 레벨에서 cancelation을 지원해야 합니다. 또한 나머지 Promise들이 나중에 reject되면 unhandledrejection으로 이어질 수 있어, 에러 처리 정책이 중요합니다. 병렬 처리에서 “결과 결정”과 “작업 취소”는 별개의 문제라는 점을 분리해 설명하면 좋습니다. 이 구분이 없으면 레이스 버그나 불필요한 부하가 생깁니다. 따라서 Promise.all은 조합 도구일 뿐, 취소 메커니즘은 아니라는 점이 핵심입니다. HARD에서는 이 디테일을 정확히 알고 있는지 봅니다. 실무에서 자주 부딪히는 함정이라 기억해두면 좋습니다.		O	FALSE	X	TRUE					frontend	javascript	promise	
Q531	Promise.any 에러 구조(AggregateError)		Frontend - JavaScript	12	OX	HARD	Promise.any는 모든 Promise가 reject되면 AggregateError로 reject될 수 있다.	Promise.any는 하나라도 fulfill되면 그 값을 반환하고, 모두 reject되면 AggregateError로 reject됩니다. 면접에서는 all/race/any의 차이를 비교하는 질문으로 자주 이어집니다. 실무에서는 여러 후보 서버/캐시/네트워크 중 하나만 성공해도 되는 시나리오에서 유용합니다. 다만 실패 시 여러 에러를 묶어 제공하므로, 로깅/사용자 메시지를 어떻게 구성할지 정책이 필요합니다. 또한 일부 환경에서 지원 여부가 다를 수 있어, 런타임 타깃과 폴리필 전략을 확인해야 합니다. any는 편리하지만 “첫 성공” 전략이므로, 성공 후 나머지 요청을 중단하려면 별도의 취소 설계가 필요합니다. 이 문항은 API의 동작뿐 아니라 실패 모드까지 아는지 확인하는 HARD 포인트입니다. 실무에서는 에러 처리 설계 능력을 보여주는 데 좋습니다.		O	TRUE	X	FALSE					frontend	javascript	promise	
Q532	Promise.race 승자 결정(race)		Frontend - JavaScript	12	OX	HARD	Promise.race는 가장 먼저 “resolve”되는 Promise만 고려하며, 가장 먼저 reject되는 경우는 무시한다.	Promise.race는 가장 먼저 settle(fulfilled 또는 rejected)되는 Promise가 승자입니다. 즉, reject가 먼저면 race 결과도 reject됩니다. 면접에서는 “타임아웃 구현”에서 자주 나오는 함정 포인트입니다. 실무에서는 race로 타임아웃을 걸면 실패가 먼저면 전체가 실패로 떨어질 수 있고, 성공 후에도 다른 작업을 취소하지 않으면 부하가 남습니다. 따라서 race는 단순 경쟁 도구일 뿐, 취소/정리까지 포함한 완성된 패턴이 아닙니다. 또한 실패를 무시하고 싶다면 catch로 감싸거나, 실패를 성공 값으로 매핑하는 전략이 필요할 수 있습니다. 하지만 이런 트릭은 가독성을 떨어뜨릴 수 있으니 팀 규칙과 테스트가 중요합니다. 이 문항은 settle 개념을 정확히 이해하는지 보는 HARD 질문입니다. “resolve만”이라는 오해를 바로잡는 게 핵심입니다.		O	FALSE	X	TRUE					frontend	javascript	promise	
Q533	Promise.resolve 동화(thenable assimilation)		Frontend - JavaScript	12	OX	HARD	Promise.resolve는 then 메서드를 가진 thenable 객체를 만나면 그 동작을 따라갈 수 있다.	Promise.resolve는 thenable(then 메서드가 있는 객체)를 Promise처럼 취급하여 동화(assimilation)할 수 있습니다. 면접에서는 “thenable이 뭐고 왜 위험할 수 있나”로 심화될 수 있습니다. 실무에서는 라이브러리 간 호환성에서 유리하지만, 악의적이거나 이상한 thenable이 들어오면 예기치 않은 동작이 생길 수 있어 입력 신뢰 경계가 중요합니다. 또한 thenable 동화는 디버깅을 어렵게 만들 수 있으니, 핵심 로직에서는 명확한 Promise만 다루도록 타입/검증을 강화하는 전략이 좋습니다. 이 동작은 Promise 스펙의 중요한 부분이라, 알면 비동기 동작의 “왜 이런 결과가 나오지?”를 설명하는 데 도움이 됩니다. HARD에서는 이런 스펙 디테일을 종종 묻습니다. 특히 면접에서 “Promise는 값만 감싸는 게 아니라 thenable도 따라간다”를 말하면 깊이가 드러납니다.		O	TRUE	X	FALSE					frontend	javascript	promise	
Q534	CustomElements 업그레이드(Custom Elements)		Frontend - JavaScript	12	OX	HARD	customElements.define 이전에 DOM에 존재하던 태그도 정의 후 업그레이드될 수 있다.	Custom Elements는 define 이후 기존 DOM에 있던 해당 태그들이 업그레이드될 수 있습니다. 면접에서는 웹 컴포넌트 생명주기(connectedCallback 등)로 확장될 수 있습니다. 실무에서는 서버 렌더링/정적 HTML에 먼저 태그를 뿌려두고, 클라이언트에서 정의해 기능을 붙이는 패턴이 가능해 초기 렌더와 결합하기 좋습니다. 다만 업그레이드 타이밍에 따라 이벤트 바인딩이나 속성 반영 순서가 꼬일 수 있어, 초기화 로직을 idempotent하게 만드는 것이 중요합니다. 또한 폴리필/브라우저 지원 범위에 따라 동작이 달라질 수 있어 타깃 환경을 확인해야 합니다. 웹 컴포넌트는 프레임워크 없이도 캡슐화된 컴포넌트를 만들 수 있지만, 생태계/툴링 고려가 필요합니다. 이 문항은 “정의 이전/이후의 동작”을 아는지 보는 HARD 포인트입니다. 실무 적용까지 말하면 강점입니다.		O	TRUE	X	FALSE					frontend	javascript	web	
Q535	ShadowRoot 모드(open/closed)		Frontend - JavaScript	12	OX	HARD	shadowRoot가 closed이면 element.shadowRoot로 내부 트리에 접근할 수 없다.	closed 모드의 shadowRoot는 element.shadowRoot로 외부에서 접근할 수 없습니다. 면접에서는 “캡슐화 수준”과 디버깅/테스트 트레이드오프를 묻기도 합니다. 실무에서는 내부 구현을 숨기고 API만 노출하려면 closed가 유리할 수 있지만, 자동화 테스트나 디버깅이 어려워질 수 있습니다. 또한 보안처럼 보이지만, 진짜 보안 경계로 쓰기에는 한계가 있으니 “캡슐화 목적”으로 이해해야 합니다. 이벤트 retargeting, 스타일 격리 등 Shadow DOM 특성까지 함께 고려하면 웹 컴포넌트 품질이 올라갑니다. 설계 시 open/closed 선택은 팀 운영과도 연결되므로 합의가 필요합니다. 이 문항은 단순 사실을 넘어 “왜 선택하나”를 말하면 HARD에서 좋은 답이 됩니다. closed는 숨김이지만 비용도 있다는 점이 포인트입니다.		O	TRUE	X	FALSE					frontend	javascript	dom	
Q536	EventTarget.removeEventListener 동등성		Frontend - JavaScript	12	OX	HARD	removeEventListener는 addEventListener에 전달했던 동일한 함수 참조가 아니어도 핸들러를 제거할 수 있다.	removeEventListener는 동일한 함수 참조(그리고 캡처 옵션 등)가 일치해야 제거됩니다. 면접에서는 “왜 remove가 안 되지?”라는 실전 디버깅 문제로 자주 출제됩니다. 실무에서 흔한 실수는 add할 때 익명 함수를 넣고, remove할 때 새로 만든 익명 함수를 넣는 경우입니다. 이때 참조가 달라 제거가 안 되어 리스너가 누수되거나 중복 실행이 발생합니다. 해결책은 핸들러 함수를 변수/메서드로 고정하거나, once 옵션을 활용하는 것입니다. 또한 옵션(특히 capture)이 다르면 제거가 안 될 수 있어, add/remove를 한 곳에서 관리하는 패턴이 좋습니다. 이벤트 리스너는 SPA에서 누수의 큰 원인이므로, 이 규칙을 정확히 아는 것이 중요합니다. 이 문항은 참조 동일성 개념을 이벤트 관리에 적용할 수 있는지 보는 HARD 포인트입니다. 실무 경험이 있으면 바로 맞추기 좋습니다.		O	FALSE	X	TRUE					frontend	javascript	dom	
Q537	Fetch와 ReadableStream(body stream)		Frontend - JavaScript	12	OX	HARD	Response body는 스트림이라 한 번 소비하면 같은 body를 다시 읽을 수 없다.	fetch의 Response body는 스트림으로 한 번 읽으면 잠겨(locked) 다시 읽을 수 없는 경우가 일반적입니다. 면접에서는 “왜 response.json()을 두 번 호출하면 에러가 나나” 같은 질문으로 나올 수 있습니다. 실무에서는 바디를 여러 번 써야 하면 clone()을 사용하거나, 한 번 읽어서 변수에 저장한 뒤 재사용하는 방식으로 설계해야 합니다. 또한 대용량 다운로드/프로그레스 표시에서는 스트림을 직접 읽는 패턴이 필요해, body 처리 전략이 중요합니다. 스트림은 성능/메모리 측면에서 유리하지만, 사용 규칙을 모르고 다루면 쉽게 버그가 납니다. 특히 로깅을 위해 먼저 읽고, 이후 파싱하려다 실패하는 사례가 흔합니다. 따라서 “한 번만 소비한다”는 원칙을 기본으로 두고 코드를 구성하는 것이 안전합니다. 이 문항은 웹 API와 런타임 규칙을 아는지 보는 HARD 포인트입니다. 면접에서 실무 사례를 곁들이면 매우 좋습니다.		O	TRUE	X	FALSE					frontend	javascript	web	
Q538	Response.clone 비용(clone)		Frontend - JavaScript	12	OX	HARD	Response.clone은 body를 즉시 모두 메모리에 복사하므로 항상 큰 메모리 사용을 보장한다.	Response.clone은 두 개의 응답을 만들지만, “항상 즉시 전체 메모리 복사”로 단정하기는 어렵고 구현/스트림 분기(tee) 방식에 따라 동작이 달라질 수 있습니다. 면접에서는 clone이 왜 필요한지(바디 재사용)와 비용을 균형 있게 설명하는지를 봅니다. 실무에서는 clone을 남발하면 스트림 처리 비용이 늘 수 있고, 대용량 응답에서 부하가 커질 수 있으니 신중해야 합니다. 로그를 위해 무조건 clone해서 두 번 읽기보다, 필요한 최소 정보만 로깅하거나 서버에서 로그를 남기는 방식이 더 안전할 수 있습니다. 또한 clone된 응답도 각각 한 번만 소비 가능하다는 점을 기억해야 합니다. 핵심은 “clone은 재사용을 위한 도구지만, 공짜가 아니다”입니다. HARD 문항은 이런 단정형 문장을 깨고, 구현/환경 의존성을 인식하는지 확인하는 경우가 많습니다. 면접에서도 “항상” 같은 말은 피하고 원리를 중심으로 설명하는 것이 좋습니다.		O	FALSE	X	TRUE					frontend	javascript	web	
Q539	AbortSignal과 이벤트(abort event)		Frontend - JavaScript	12	OX	HARD	AbortSignal은 abort될 때 abort 이벤트를 발생시킬 수 있다.	AbortSignal은 abort 시점에 이벤트를 발행할 수 있고, 이를 통해 여러 작업을 동시에 중단시키는 구조를 만들 수 있습니다. 면접에서는 fetch 취소뿐 아니라 “여러 비동기 작업의 통합 취소” 설계로 확장될 수 있습니다. 실무에서는 화면 전환, 검색어 변경, 컴포넌트 언마운트 시점에 기존 요청/작업을 취소하지 않으면 레이스 버그(늦게 온 응답이 UI를 덮어씀)가 자주 발생합니다. AbortSignal을 공통으로 전달하면 이런 문제를 구조적으로 줄일 수 있습니다. 또한 취소는 에러 처리를 “진짜 실패”와 구분해야 UX가 좋아집니다(취소는 조용히 무시). 취소 설계는 성능(불필요한 작업 중단)과 안정성(상태 꼬임 방지)에 직접 영향을 줍니다. 이 문항은 단순 API 지식보다, 실무에서 취소가 왜 중요한지 설명할 수 있으면 HARD에서 좋은 답이 됩니다. 웹 앱이 커질수록 취소 정책이 필수입니다.		O	TRUE	X	FALSE					frontend	javascript	async	
Q540	IndexedDB 트랜잭션 수명(IndexedDB)		Frontend - JavaScript	12	OX	HARD	IndexedDB 트랜잭션은 비동기 작업 사이에 이벤트 루프를 한 번이라도 넘기면 자동으로 inactive가 될 수 있다.	IndexedDB 트랜잭션은 수명이 짧아, 작업을 예약해두지 않으면 이벤트 루프를 넘기는 사이에 inactive가 되는 문제가 발생할 수 있습니다. 면접에서는 “왜 TransactionInactiveError가 나나” 같은 질문으로 나올 수 있습니다. 실무에서는 트랜잭션 생성 후 동일 tick 안에서 요청을 묶어 보내거나, 필요한 작업을 한 트랜잭션 안에서 연속으로 이어가도록 설계해야 합니다. 또한 Promise/await로 흐름을 나누면 트랜잭션이 끊기는 경우가 있어, IndexedDB 래퍼 라이브러리를 사용하는 이유가 되기도 합니다. 로컬 저장소는 오프라인/캐싱에서 중요하지만, API가 까다로워 함정이 많습니다. 이 문항은 브라우저 저장소의 실제 운영 경험이 있으면 강점이 됩니다. 트랜잭션 생명주기를 이해하면 데이터 손실/오류를 크게 줄일 수 있습니다. HARD에서는 이런 실전적인 브라우저 API 함정을 묻는 경우가 많습니다.		O	TRUE	X	FALSE					frontend	javascript	storage	
Q541	WebCrypto 키 추출 가능(extractable)		Frontend - JavaScript	12	OX	HARD	WebCrypto에서 extractable=false인 키는 내보내기(export)할 수 없도록 제한될 수 있다.	WebCrypto의 키는 extractable 옵션에 따라 외부로 내보내기 가능 여부가 제한될 수 있습니다. 면접에서는 “클라이언트에서 키를 어떻게 보호하나” 같은 보안 질문으로 확장될 수 있습니다. 실무에서는 키 유출 위험을 줄이기 위해 extractable=false로 생성하는 전략이 있지만, 브라우저 환경 자체가 완전한 보안 경계는 아니라는 점도 함께 이해해야 합니다. 또한 키 백업/동기화가 필요하면 extractable=true가 필요할 수 있어, 요구사항에 따라 트레이드오프가 생깁니다. 암호화는 “기술만”이 아니라 키 관리 정책이 핵심이며, 어떤 키를 어디서 생성/보관/폐기하는지 설계가 중요합니다. WebCrypto는 비교적 안전한 API지만 사용이 어렵고 디버깅도 까다로워, 래퍼를 쓰거나 충분한 테스트가 필요합니다. 이 문항은 암호화의 핵심이 키 관리라는 점을 말할 수 있으면 HARD에서 좋은 답이 됩니다. extractable은 그 정책을 드러내는 중요한 옵션입니다.		O	TRUE	X	FALSE					frontend	javascript	security	
Q542	CSP와 eval 차단(CSP)		Frontend - JavaScript	12	OX	HARD	강한 CSP 정책에서는 eval이나 new Function 같은 동적 코드 실행이 차단될 수 있다.	CSP(Content Security Policy)는 XSS 방어를 위해 eval/new Function 같은 동적 코드 실행을 차단하는 정책을 적용할 수 있습니다. 면접에서는 “왜 우리 서비스에서 라이브러리가 CSP 위반을 일으키나” 같은 실전 질문으로 나올 수 있습니다. 실무에서는 분석/템플릿/테스트 도구가 dev에서는 동작하지만 prod CSP에서 막히는 문제가 생길 수 있어, 빌드/배포 환경 차이를 고려해야 합니다. 또한 third-party 스크립트, 인라인 스크립트, nonce/해시 정책까지 포함하면 프론트 배포 설계와 직결됩니다. 보안은 기능 개발 뒤에 붙이면 비용이 커지므로, 초기부터 CSP 목표를 정하고 라이브러리 선택을 하는 것이 좋습니다. CSP는 “완벽 방어”가 아니라 방어층을 추가하는 것이지만, 실제 사고를 크게 줄여줍니다. 이 문항은 JS 문법이 아니라 “웹 운영 보안”을 아는지 보는 HARD 포인트입니다. 면접에서 CSP를 이야기할 수 있으면 시니어 감각을 보여줄 수 있습니다.		O	TRUE	X	FALSE					frontend	javascript	security	
Q543	requestAnimationFrame 타이밍(rAF)		Frontend - JavaScript	12	OX	HARD	requestAnimationFrame 콜백은 브라우저 렌더링 타이밍과 동기화될 수 있다.	requestAnimationFrame은 브라우저의 다음 페인트에 맞춰 콜백을 호출해, 애니메이션/DOM 업데이트를 렌더링과 동기화할 수 있습니다. 면접에서는 setTimeout과 비교해 “왜 rAF를 쓰나”를 묻는 형태로 나올 수 있습니다. 실무에서는 스크롤 기반 애니메이션, 진행률 표시, 측정-변경(레이아웃 스래싱 방지) 패턴에서 rAF를 사용하면 프레임 드랍을 줄이는 데 도움이 됩니다. 다만 백그라운드 탭에서는 호출 빈도가 줄거나 멈출 수 있어, 정확한 타이머가 필요한 로직에는 부적합합니다. 또한 너무 무거운 작업을 rAF에 넣으면 오히려 프레임을 망치므로, 작업 분할과 최적화가 필요합니다. “렌더링과 맞춘다”는 점은 UX 품질을 좌우하는 핵심 원칙입니다. 이 문항은 성능 최적화 기본기를 보는 HARD 포인트입니다. 면접에서 실제 사례와 함께 말하면 매우 좋습니다.		O	TRUE	X	FALSE					frontend	javascript	performance	
Q544	MutationObserver 마이크로태스크(MutationObserver)		Frontend - JavaScript	12	OX	HARD	MutationObserver 콜백은 일반적으로 마이크로태스크 큐에서 처리될 수 있다.	MutationObserver 콜백은 DOM 변화를 모아 비동기적으로 실행되며, 일반적으로 마이크로태스크와 유사한 타이밍에서 처리되는 것으로 이해할 수 있습니다. 면접에서는 “DOM 변경 감지 타이밍”과 이벤트 루프를 엮어 심화될 수 있습니다. 실무에서는 DOM 변화를 감지해 후처리를 할 때 유용하지만, 관찰 범위를 넓게 두면 성능에 큰 영향을 줄 수 있어 최소 범위로 설정해야 합니다. 또한 관찰 콜백에서 다시 DOM을 변경하면 추가 관찰이 발생해 루프가 생길 수 있으니, 변경 배치를 잘 설계해야 합니다. 무거운 작업을 observer에 넣으면 렌더링이 밀려 UI가 버벅일 수 있어, 필요하면 requestAnimationFrame이나 태스크로 넘기는 전략도 고려합니다. MutationObserver는 강력하지만 “감시” 비용이 있기 때문에 도입 기준이 중요합니다. 이 문항은 이벤트 루프와 DOM 관찰을 함께 이해하는지 보는 HARD 포인트입니다. 실무 성능 문제와 직결되므로 면접에서 잘 먹힙니다.		O	TRUE	X	FALSE					frontend	javascript	dom	
Q545	NodeList 라이브 여부(live list)		Frontend - JavaScript	12	OX	HARD	querySelectorAll이 반환하는 NodeList는 항상 live라 DOM 변경이 자동 반영된다.	querySelectorAll이 반환하는 NodeList는 보통 static이며, DOM 변경이 자동 반영되지 않습니다. 면접에서는 getElementsByClassName 같은 live HTMLCollection과 비교하는 질문이 자주 나옵니다. 실무에서는 “분명 요소를 추가했는데 리스트에 없네?” 같은 버그가 생길 수 있어, 라이브/스태틱 차이를 이해하는 것이 중요합니다. static이면 다시 query를 하거나, 추가/삭제 시점에 직접 리스트를 관리해야 합니다. 반대로 live 컬렉션은 DOM 변화에 따라 자동 업데이트되지만, 순회 중 DOM을 바꾸면 예상치 못한 동작이 생길 수 있어 주의해야 합니다. 어떤 컬렉션이 live인지 알고 선택하면 디버깅 시간이 크게 줄어듭니다. 이 문항은 DOM API의 미묘한 차이가 실무 버그로 이어지는 대표 사례입니다. HARD에서 이런 “자주 헷갈리는 규칙”을 묻는 것이 흔합니다.		O	FALSE	X	TRUE					frontend	javascript	dom	
Q546	event.target vs currentTarget		Frontend - JavaScript	12	OX	HARD	이벤트 위임에서 event.currentTarget은 보통 리스너가 등록된 요소를 가리킬 수 있다.	currentTarget은 리스너가 붙은 요소(핸들러가 실행되는 컨텍스트)를 가리키며, 위임 패턴에서 중요합니다. 면접에서는 target/currentTarget 차이를 통해 이벤트 버블링 이해도를 확인합니다. 실무에서는 리스트 아이템 클릭처럼 많은 요소에 리스너를 달기보다, 부모에 하나 달고 target으로 실제 클릭 대상을 판별하는 위임이 성능과 유지보수에 유리합니다. 이때 currentTarget을 기준으로 범위를 제한하고, target은 closest로 원하는 셀렉터를 찾는 패턴이 안전합니다. 또한 Shadow DOM 환경에서는 retargeting이 발생할 수 있어, composedPath를 고려해야 할 때도 있습니다. 이벤트 위임은 프론트 기본기이지만, 경계 케이스까지 알면 HARD급 답변이 됩니다. 이 문항은 “위임을 제대로 이해하는가”를 묻는 대표 포인트입니다. 단순 정의보다 실무 구현 팁까지 말하면 좋습니다.		O	TRUE	X	FALSE					frontend	javascript	dom	
Q547	capture 단계(capture)		Frontend - JavaScript	12	OX	HARD	addEventListener의 capture 옵션을 true로 두면, 버블링 단계에서만 이벤트를 받을 수 있다.	capture=true는 캡처링 단계에서 이벤트를 먼저 받도록 하는 옵션이며, “버블링 단계에서만” 받는다는 말은 반대입니다. 면접에서는 이벤트 전파 단계(캡처-타깃-버블)를 정확히 알고 있는지 봅니다. 실무에서는 모달 외부 클릭 감지나 글로벌 단축키처럼 “먼저 가로채야 하는” 경우 캡처를 사용하기도 합니다. 하지만 캡처를 남용하면 다른 컴포넌트 이벤트 처리를 방해하거나, 예상치 못한 순서 문제를 만들 수 있습니다. 따라서 캡처를 사용할 때는 이유를 분명히 하고, stopPropagation 사용은 최소화하는 것이 좋습니다. 전파 단계 이해는 디버깅에서 큰 힘이 되며, “왜 핸들러가 안 타지?” 문제를 빠르게 해결할 수 있습니다. 이 문항은 기본 개념을 뒤집어 놓은 함정형 HARD 문제입니다. 정확한 정의와 사례를 함께 말하면 완성도 높은 답이 됩니다.		O	FALSE	X	TRUE					frontend	javascript	dom	
Q548	WebSocket close 코드(close code)		Frontend - JavaScript	12	OX	HARD	WebSocket.close에 상태 코드와 이유 문자열을 전달할 수 있다.	WebSocket.close는 상태 코드와 이유(reason)를 전달할 수 있어, 정상 종료/오류 종료를 구분하는 데 도움이 됩니다. 면접에서는 실시간 통신에서 “종료 처리/재연결” 전략으로 확장될 수 있습니다. 실무에서는 네트워크 끊김, 서버 재시작, 인증 만료 같은 상황에서 클라이언트가 재연결 정책(backoff, jitter)을 가져야 하고, close 코드/이유로 원인 분류를 할 수 있습니다. 다만 이유 문자열은 길이 제한과 인코딩 제약이 있어, 상세 원인은 별도 로그로 남기는 것이 안전합니다. 또한 서버/프록시 환경에 따라 종료 코드가 의도대로 전달되지 않을 수 있어, 클라이언트는 관측 가능한 신호(heartbeat)와 함께 판단해야 합니다. 실시간 시스템은 운영 이슈가 많아, 종료 처리를 설계로 풀어내는 능력이 중요합니다. 이 문항은 웹 API 지식과 운영 감각을 함께 보는 HARD 포인트입니다. 면접에서 재연결 전략까지 말하면 좋습니다.		O	TRUE	X	FALSE					frontend	javascript	web	
Q549	BroadcastChannel 범위(BroadcastChannel)		Frontend - JavaScript	12	OX	HARD	BroadcastChannel은 같은 origin 내의 여러 탭/윈도우/워커 사이 통신에 사용할 수 있다.	BroadcastChannel은 같은 origin 컨텍스트 간 메시지 브로드캐스트에 사용될 수 있습니다. 면접에서는 “탭 간 동기화”를 어떻게 하겠냐는 질문에서 심화로 등장할 수 있습니다. 실무에서는 로그아웃 동기화, 토큰 갱신 신호, 알림 상태 공유 등에 유용하지만, 브라우저 지원 범위와 보안 모델(같은 origin) 이해가 필요합니다. 또한 민감한 데이터를 그대로 보내기보다, 이벤트 타입과 최소 데이터만 전달하는 것이 안전합니다. 탭 간 통신은 race 조건을 만들 수 있으니, 리더 탭 선출이나 충돌 해결 정책도 고려해야 합니다. LocalStorage 이벤트로 대체할 수도 있지만, 용도와 제약이 달라 적절한 도구 선택이 중요합니다. 이 문항은 브라우저 멀티 컨텍스트 설계를 이해하는지 보는 HARD 포인트입니다. 실무에서 쓰면 꽤 강력한 기능이라, 알고 있으면 면접에서 차별화됩니다.		O	TRUE	X	FALSE					frontend	javascript	web	
Q550	Service Worker 범위(scope)		Frontend - JavaScript	12	OX	HARD	Service Worker는 등록한 scope 바깥의 요청까지 가로채(intercept) 처리할 수 있다.	Service Worker는 기본적으로 자신이 등록된 scope(경로 범위) 안의 요청만 제어할 수 있어, scope 바깥까지 임의로 가로채는 것은 불가능합니다. 면접에서는 “왜 특정 페이지에서는 SW 캐시가 안 먹지?” 같은 디버깅 문제로 확장될 수 있습니다. 실무에서는 앱 루트에 SW를 두면 범위가 넓어지지만, 반대로 너무 넓으면 예상치 못한 캐싱/업데이트 이슈가 생길 수 있습니다. 또한 배포 시 경로 구조가 바뀌면 scope가 달라져 오프라인/캐시 전략이 깨질 수 있어, URL 설계를 초기에 고려하는 것이 좋습니다. SW는 강력한 기능이지만 업데이트와 무효화가 까다로워 운영 사고로 이어질 수 있습니다. 따라서 scope와 캐시 전략을 문서화하고, 강제 업데이트(버전 관리) 정책을 함께 두는 것이 중요합니다. 이 문항은 브라우저 캐싱/오프라인의 기본 제한을 이해하는지 보는 HARD 포인트입니다. “무제한 인터셉트” 같은 오해를 바로잡는 문제로 자주 나옵니다.		O	FALSE	X	TRUE					frontend	javascript	pwa	
Q551	Service Worker 업데이트 흐름(update)		Frontend - JavaScript	12	OX	HARD	새 Service Worker가 설치(install)되면 즉시 기존 제어 중인 페이지를 강제로 교체해 활성화된다.	새 SW는 install 후 바로 활성화되지 않고, 일반적으로 기존 SW가 제어하던 클라이언트가 닫히거나 skipWaiting/clients.claim 같은 흐름을 거쳐 활성화됩니다. 면접에서는 “왜 배포했는데 사용자에겐 옛 버전이 보이지?”로 연결될 수 있습니다. 실무에서 SW는 캐시 때문에 ‘업데이트 전파’가 느리게 보일 수 있어, 버전 전략과 사용자 알림(새 버전 사용 안내)이 중요합니다. 또한 무작정 skipWaiting을 쓰면 실행 중인 앱 상태가 깨질 수 있으니, 안전한 전환 타이밍을 설계해야 합니다. SW 업데이트는 기능 개발보다 운영 설계가 더 중요할 때가 많습니다. 배포 후 장애가 나면 되돌리기도 까다로워, staging에서 충분히 검증하는 습관이 필요합니다. 이 문항은 SW의 생명주기(install → waiting → activate)를 이해하는지 보는 HARD 포인트입니다. 면접에서 운영 사례로 설명하면 강점입니다.		O	FALSE	X	TRUE					frontend	javascript	pwa	
Q552	postMessage 구조적 복사(Structured clone)		Frontend - JavaScript	12	OX	HARD	postMessage는 대부분 구조적 복사(structured clone)로 데이터를 전달하며, 함수는 그대로 전달되지 않는다.	postMessage는 구조적 복사로 데이터를 전달하며, 함수 같은 실행 가능한 객체는 일반적으로 복제되지 않습니다. 면접에서는 “왜 워커로 함수를 못 보내나” 같은 질문으로 이어질 수 있습니다. 실무에서는 큰 데이터를 보내면 복사 비용이 생길 수 있어, Transferable(ArrayBuffer 등)로 소유권을 넘겨 성능을 개선하기도 합니다. 또한 구조적 복사는 순환 참조, 특수 타입(Map/Set/Date 등)의 지원 범위를 알아야 디버깅이 쉬워집니다. 메시지 기반 아키텍처는 직렬화/역직렬화 비용이 있고, 데이터 계약이 명확해야 유지보수가 가능합니다. 보안 관점에서도 origin 검증과 메시지 스키마 검증이 중요합니다. 이 문항은 “전달 가능한 데이터의 범위”와 성능/보안 포인트까지 설명할 수 있으면 HARD에서 좋은 답이 됩니다. 워커/iframe 통신에서 매우 현실적인 문제입니다.		O	TRUE	X	FALSE					frontend	javascript	web	
Q553	Transferable 소유권 이동(Transferable)		Frontend - JavaScript	12	OX	HARD	ArrayBuffer를 transferable로 전송하면, 원본 측 버퍼가 detached 되어 더 이상 읽을 수 없게 될 수 있다.	ArrayBuffer를 transferable로 보내면 소유권이 이동하며, 원본은 detached 상태가 되어 길이가 0처럼 보이거나 접근이 제한될 수 있습니다. 면접에서는 “왜 갑자기 버퍼가 비었지?” 같은 실전 질문으로 나올 수 있습니다. 실무에서는 대용량 바이너리(이미지/오디오/암호화) 처리에서 복사 비용을 줄이는 중요한 최적화입니다. 다만 소유권 이동은 부작용이 크므로, 전송 이후 원본을 다시 쓰지 않도록 코드 구조를 명확히 해야 합니다. 또한 디버깅이 어려우니 전송 지점에 로그/주석을 남기는 습관이 도움이 됩니다. 성능을 위해 선택한 도구가 안정성을 해치지 않게, 라이프사이클을 설계로 고정하는 것이 중요합니다. 이 문항은 “복사 vs 이동”을 정확히 이해하는지 보는 HARD 포인트입니다. 알고 있으면 브라우저 성능 튜닝에서 큰 무기가 됩니다.		O	TRUE	X	FALSE					frontend	javascript	performance	
Q554	BigInt JSON 직렬화(BigInt)		Frontend - JavaScript	12	OX	HARD	BigInt 값은 JSON.stringify로 직렬화하면 자동으로 숫자(number)로 변환되어 저장된다.	BigInt는 JSON.stringify에서 자동 변환되지 않으며, 그대로 직렬화하려 하면 에러가 나거나 처리가 불가능한 경우가 일반적입니다. 면접에서는 “왜 BigInt를 API 응답에 넣으면 터지나” 같은 질문으로 나올 수 있습니다. 실무에서는 BigInt를 문자열로 변환해 저장/전송하고, 받는 쪽에서 다시 BigInt로 복원하는 계약을 명확히 해야 합니다. 또한 JS number는 안전 정수 범위가 제한되므로, 큰 정수는 BigInt나 문자열로 다루는 설계가 필요합니다. 데이터 계약에서 타입 손실을 어떻게 처리하느냐는 시스템 전체 품질과 직결됩니다. 특히 금융/ID/정렬 키처럼 큰 정수를 다루는 도메인에서 흔한 이슈입니다. 이 문항은 언어 타입과 직렬화 경계를 함께 이해하는지 보는 HARD 포인트입니다. 면접에서는 “문자열로 계약” 같은 실무 해결책까지 말하면 좋습니다.		O	FALSE	X	TRUE					frontend	javascript	data	
Q555	BigInt와 Number 혼합 연산		Frontend - JavaScript	12	OX	HARD	BigInt와 Number는 + 연산에서 자동으로 타입 변환되어 문제 없이 더해진다.	BigInt와 Number는 자동으로 섞여 연산되지 않으며, 보통 TypeError가 발생합니다. 면접에서는 “왜 1n + 1이 안 되나” 같은 단골 질문으로 나옵니다. 실무에서는 계산 전에 명확히 같은 타입으로 맞추는 변환 전략이 필요합니다. Number로 내리면 안전 정수 범위 문제(정밀도 손실)가 있을 수 있고, BigInt로 올리면 소수점 연산이 불가능해 제약이 생깁니다. 따라서 도메인 요구사항(정밀도 vs 범위)을 기준으로 타입을 선택해야 합니다. 또한 외부 데이터(문자열)에서 BigInt로 파싱할 때 예외 처리와 검증이 중요합니다. 이 문항은 “자동 변환에 기대지 말라”는 JS 설계 철학을 보여주는 HARD 포인트입니다. 면접에서는 트레이드오프까지 말하면 깊이가 드러납니다.		O	FALSE	X	TRUE					frontend	javascript	type	
Q556	TC39 스테이지와 안정성(Stage)		Frontend - JavaScript	12	OX	HARD	TC39에서 Stage 4에 도달한 기능은 표준으로 채택된 것으로 볼 수 있다.	TC39 Stage 4는 표준에 포함되는 단계로 이해할 수 있습니다. 면접에서는 “새 문법을 언제 도입하나” 같은 질문으로 확장될 수 있습니다. 실무에서는 Stage 0~3 기능은 변동 가능성이 있어, 프로덕션 도입 시 폴리필/트랜스파일/브라우저 지원을 신중히 봐야 합니다. 또한 표준 채택과 브라우저 구현/배포는 시차가 있을 수 있어, caniuse 같은 지원 정보를 확인해야 합니다. 팀에서는 ‘표준’과 ‘현장 사용 가능’이 다르다는 점을 공유하고, 도입 기준(타깃 브라우저, 번들 크기, 리스크)을 문서로 두는 것이 좋습니다. 최신 기능은 생산성을 높이지만, 런타임 호환성 비용이 함께 옵니다. 이 문항은 단순 지식보다 “표준화 프로세스와 도입 판단”을 아는지 보는 HARD 포인트입니다. 면접에서 기술 선택의 근거를 말할 수 있으면 강점입니다.		O	TRUE	X	FALSE					frontend	javascript	ecosystem	
Q557	Decorator 단계와 도입 위험(Decorator)		Frontend - JavaScript	12	OX	HARD	데코레이터(Decorator)는 JS 표준에 오래전부터 포함된 기능이라 런타임 호환 이슈가 거의 없다.	데코레이터는 표준화 진행과 구현/툴링 의존이 크고, 런타임 호환 이슈가 생길 수 있는 대표 주제입니다. 면접에서는 TypeScript/바벨 데코레이터의 차이와 표준 스펙 상태를 구분하는지 묻기도 합니다. 실무에서는 프레임워크/DI/메타데이터에서 데코레이터를 쓰지만, 트랜스파일 옵션과 스펙 변화에 따라 동작이 달라질 수 있어 신중해야 합니다. 또한 리플렉션 메타데이터(emitDecoratorMetadata) 같은 기능은 번들/런타임 비용을 증가시킬 수 있습니다. 팀 표준으로 채택하려면 버전 정책과 린트/빌드 설정을 고정하고, 장기 유지보수 관점에서 리스크를 평가해야 합니다. 최신 문법의 편의성만 보고 도입하면, 나중에 마이그레이션 비용이 커질 수 있습니다. 이 문항은 “표준 vs 툴링 구현”을 구분할 수 있는지 보는 HARD 포인트입니다. 면접에서 실제 운영 경험을 연결하면 강점입니다.		O	FALSE	X	TRUE					frontend	javascript	ecosystem	
Q558	import assertions(Import Assertions)		Frontend - JavaScript	12	OX	HARD	import ... assert { type: "json" } 같은 형태로 JSON 모듈을 명시적으로 가져오는 문법이 존재할 수 있다.	Import assertions는 모듈 타입을 명시해 가져오는 흐름에서 등장하며, JSON 모듈 로딩과 연결됩니다. 면접에서는 “JSON을 모듈처럼 import할 때의 제약”이나 번들러 설정으로 확장될 수 있습니다. 실무에서는 런타임/번들러/Node 버전에 따라 지원이 달라져, 동일 코드가 환경마다 다르게 동작할 수 있습니다. 따라서 제품에서는 번들러 플러그인, fetch 기반 로딩, 또는 빌드 타임에 JSON을 코드로 포함하는 전략 중 하나를 정해야 합니다. 또한 보안 관점에서 모듈 타입을 명확히 하는 것은 공급망 공격을 줄이는 방향과도 맞닿아 있습니다. 다만 문법 존재 자체보다, “지원 범위와 대체 전략”을 설명하는 게 중요합니다. 이 문항은 모듈 생태계가 복잡하다는 현실을 이해하는지 보는 HARD 포인트입니다. 면접에서는 환경별 차이를 말할 수 있으면 좋습니다.		O	TRUE	X	FALSE					frontend	javascript	module	
Q559	ESM live binding(live binding)		Frontend - JavaScript	12	OX	HARD	ES 모듈의 import는 값 복사(copy)라서, export 쪽 값이 바뀌어도 import된 값은 변하지 않는다.	ESM import는 라이브 바인딩(live binding)이라, export된 바인딩을 참조하며 값이 바뀌면 반영될 수 있습니다. 면접에서는 CommonJS(require)와 비교하는 질문으로 자주 나옵니다. 실무에서는 상태를 모듈 단위 싱글턴처럼 두면, 여러 곳에서 동일 상태를 공유하게 되어 편리할 수 있지만 테스트 격리가 어려워질 수 있습니다. 또한 모듈 간 순환 의존과 결합되면 초기화 시점에 undefined가 보이는 문제도 생길 수 있어 주의해야 합니다. 라이브 바인딩은 “모듈은 정적 분석 가능해야 한다”는 설계와 연결되며, 트리 셰이킹 최적화에도 도움이 됩니다. 반면 값 복사라고 오해하면, 디버깅 시 “왜 값이 바뀌지?”를 잘못 해석할 수 있습니다. 이 문항은 모듈 시스템의 핵심 특성을 정확히 이해하는지 보는 HARD 포인트입니다. 면접에서는 차이점과 실무 영향까지 말하면 매우 좋습니다.		O	FALSE	X	TRUE					frontend	javascript	module	
Q560	top-level this in ESM		Frontend - JavaScript	12	OX	HARD	ES 모듈(ESM)에서 최상위 this는 undefined인 경우가 많다.	ESM에서는 최상위 this가 undefined로 평가되는 경우가 많아, 전역 객체를 얻기 위해 this에 의존하면 안 됩니다. 면접에서는 “왜 브라우저/Node에서 this가 다르게 나오나”로 확장될 수 있습니다. 실무에서는 globalThis를 사용해 환경 독립적으로 전역 객체에 접근하는 것이 안전합니다. 레거시 스크립트에서는 최상위 this가 window를 가리키는 경우가 있어, ESM으로 마이그레이션할 때 버그가 발생하기도 합니다. 모듈화는 전역 오염을 줄이지만, 동시에 전역에 기대던 코드 패턴을 깨뜨립니다. 따라서 마이그레이션 시 전역 접근을 점검하고, 명시적 의존성 주입으로 바꾸는 것이 좋습니다. 이 문항은 모듈 스코프의 기본 성질을 묻는 HARD 포인트입니다. 단순 암기보다 “왜 그렇게 설계됐나”까지 말하면 좋습니다.		O	TRUE	X	FALSE					frontend	javascript	module	
Q561	Strict mode와 arguments aliasing		Frontend - JavaScript	12	OX	HARD	strict mode에서는 함수의 인자와 arguments 객체가 서로 자동으로 동기화(연동)된다.	strict mode에서는 arguments와 매개변수 간의 aliasing(연동)이 끊어져 자동 동기화되지 않습니다. 면접에서는 strict/non-strict 차이를 묻는 고급 질문으로 나올 수 있습니다. 실무에서는 이 차이 때문에 레거시 코드에서 arguments를 수정해 매개변수를 바꾸는 트릭이 strict 전환 후 깨질 수 있습니다. 또한 arguments는 최적화에 불리할 수 있어, 가급적 rest parameter(...args)를 쓰는 패턴이 권장됩니다. strict mode는 예측 가능성과 보안을 높이기 위해 이런 “마법 같은 연동”을 제거합니다. 팀 차원에서 strict를 기본으로 두면 버그가 줄지만, 이처럼 동작 변화가 있으니 마이그레이션 테스트가 필요합니다. 이 문항은 “strict가 무엇을 바꾸는가”를 구체적으로 아는지 보는 HARD 포인트입니다. 면접에서 성능/가독성 관점까지 말하면 좋습니다.		O	FALSE	X	TRUE					frontend	javascript	runtime	
Q562	Proxy와 invariant(불변 조건)		Frontend - JavaScript	12	OX	HARD	Proxy는 어떤 경우에도 객체의 불변 조건(invariant)을 깨뜨리는 값을 반환해도 허용된다.	Proxy에는 스펙상 지켜야 하는 불변 조건(invariant)이 있어, 이를 위반하면 TypeError가 발생할 수 있습니다. 면접에서는 “왜 Proxy가 만능이 아닌가”를 묻는 형태로 출제될 수 있습니다. 실무에서는 데이터 검증, 접근 제어, 로깅 등에 Proxy가 유용하지만, 예상치 못한 제약과 성능 비용이 있어 남용하면 문제가 됩니다. 특히 프레임워크가 Proxy 기반 리액티비티를 구현할 때도, 어떤 연산이 트랩을 우회하거나 제약을 건드리면 버그가 생길 수 있습니다. 또한 Proxy는 디버깅과 타입 추론이 어려워져 팀 생산성에 영향을 줄 수 있습니다. 따라서 Proxy 도입은 목적이 명확할 때만 하고, 핵심 도메인 로직에서는 단순한 구조를 유지하는 것이 좋습니다. 이 문항은 Proxy의 ‘스펙 제약’을 아는지 보는 HARD 포인트입니다. “무조건 된다”는 오해를 깨는 문제로 자주 나옵니다.		O	FALSE	X	TRUE					frontend	javascript	metaprogramming	
Q563	Proxy와 this 바인딩(trap + this)		Frontend - JavaScript	12	OX	HARD	Proxy로 감싼 객체의 메서드를 꺼내 호출하면 this가 예상과 달라질 수 있어 주의가 필요하다.	Proxy를 통해 메서드를 get 트랩으로 반환할 때 바인딩이 바뀌거나, 메서드를 분리 호출하면 this가 undefined/전역으로 가는 등 예상과 달라질 수 있습니다. 면접에서는 this 바인딩과 참조 방식의 차이를 묻는 심화 질문으로 연결될 수 있습니다. 실무에서는 Proxy로 로깅/검증을 붙이다가, 메서드 호출 컨텍스트가 깨져 런타임 에러가 생기는 사례가 있습니다. 해결책은 반환 시 Function.prototype.bind로 고정하거나, 호출부에서 obj.method() 형태를 유지하도록 API를 설계하는 것입니다. 하지만 bind 남발은 성능/메모리 비용이 있으니, 설계를 단순화하는 편이 더 좋을 수 있습니다. Proxy는 관찰/개입을 쉽게 하지만, 언어의 호출 규칙(this)을 건드리기 쉬워 함정이 있습니다. 이 문항은 메타프로그래밍의 실전 위험을 아는지 보는 HARD 포인트입니다. 면접에서 “Proxy는 만능이 아니다”를 사례로 말하면 좋습니다.		O	TRUE	X	FALSE					frontend	javascript	metaprogramming	
Q564	Reflect API 목적(Reflect)		Frontend - JavaScript	12	OX	HARD	Reflect는 Proxy 트랩 구현에서 기본 동작을 위임하기 위한 표준 API로 자주 쓰인다.	Reflect는 Proxy 트랩에서 “기본 동작”을 안전하게 호출하기 위해 자주 사용됩니다. 면접에서는 Proxy/Reflect 조합을 이해하는지 묻는 형태로 나올 수 있습니다. 실무에서는 get/set/has 같은 트랩에서 커스텀 로직을 한 뒤 Reflect로 원래 동작을 위임하면, 불변 조건을 지키면서 확장을 구현하기 좋습니다. 또한 Reflect 메서드는 함수형 스타일이라 apply/call을 직접 다루는 것보다 의도가 명확해질 수 있습니다. 하지만 Reflect가 항상 필요한 것은 아니며, 과도한 메타프로그래밍은 디버깅을 어렵게 만들 수 있습니다. 팀에서는 Proxy를 쓰는 경우에도 코딩 규칙과 테스트를 강화해 예측 가능성을 확보해야 합니다. 이 문항은 “왜 Reflect가 존재하는가”를 설명할 수 있으면 HARD에서 좋은 답이 됩니다. 단순 문법 암기보다 설계 의도를 이해하는지가 포인트입니다.		O	TRUE	X	FALSE					frontend	javascript	metaprogramming	
Q565	Atomics와 SharedArrayBuffer		Frontend - JavaScript	12	OX	HARD	SharedArrayBuffer는 여러 스레드(워커)에서 같은 메모리를 공유할 수 있어, 동기화 없이도 항상 안전하다.	SharedArrayBuffer는 메모리를 공유하지만, 동기화 없이 접근하면 경쟁 상태와 가시성 문제로 안전하지 않습니다. 면접에서는 Atomics의 필요성과 메모리 모델을 묻는 고급 질문으로 출제될 수 있습니다. 실무에서는 고성능 처리가 필요할 때 SAB를 쓰지만, 안전한 동시성 제어가 어렵고 디버깅도 매우 까다롭습니다. 또한 SAB는 보안 이슈(스펙터 계열)로 인해 COOP/COEP 헤더 같은 격리 요구사항이 생길 수 있어, 운영 환경 설정이 필수입니다. 동기화는 “락/원자 연산” 같은 원칙이 필요하며, Atomics를 사용해 일관성을 보장해야 합니다. 이런 기능은 팀 숙련도가 낮으면 오히려 장애를 부를 수 있어, 필요성이 분명할 때만 도입하는 것이 좋습니다. 이 문항은 단순 API 지식이 아니라, 동시성의 기본 원리를 프론트 환경에 적용할 수 있는지 보는 HARD 포인트입니다. 면접에서 “왜 안전하지 않은가”를 논리적으로 설명하면 강점입니다.		O	FALSE	X	TRUE					frontend	javascript	concurrency	
Q566	COOP/COEP와 격리(Cross-Origin Isolation)		Frontend - JavaScript	12	OX	HARD	SharedArrayBuffer를 웹에서 사용하려면 교차 출처 격리(Cross-Origin Isolation)가 요구될 수 있다.	SharedArrayBuffer는 보안 요구사항 때문에 Cross-Origin Isolation이 필요한 경우가 있습니다. 면접에서는 “왜 SAB가 갑자기 막혔나” 같은 사건을 기반으로 질문이 나오기도 합니다. 실무에서는 COOP/COEP 헤더를 설정하고, 외부 리소스 로딩 정책까지 점검해야 하므로 인프라/보안과 협업이 필수입니다. 또한 광고/외부 위젯 같은 third-party 리소스가 있으면 격리 요건을 만족하기 어려울 수 있어, 제품 설계에 영향을 줍니다. 고성능 기능을 쓰기 위해 플랫폼 전체 보안 정책을 바꾸는 것은 큰 결정이므로, 비용 대비 효과를 평가해야 합니다. SAB는 강력하지만 운영 난이도가 높아, 대안(메시지 패싱, transferable)과 비교해 선택하는 것이 좋습니다. 이 문항은 브라우저 보안 정책과 고성능 기능의 연결을 이해하는지 보는 HARD 포인트입니다. 면접에서 “기능은 헤더/보안 정책과 함께 온다”를 말하면 실무 감각이 드러납니다.		O	TRUE	X	FALSE					frontend	javascript	security	
Q567	tail call optimization(TCO)		Frontend - JavaScript	12	OX	HARD	ES 스펙에 꼬리 호출 최적화(TCO)가 언급되더라도, 실제 JS 엔진에서 항상 적용된다고 보장할 수는 없다.	스펙과 구현은 다를 수 있고, TCO는 엔진마다 지원/정책이 달라 “항상 적용”을 가정하면 위험합니다. 면접에서는 “스펙 기능인데 왜 안 되나” 같은 질문으로 확장될 수 있습니다. 실무에서는 재귀가 깊어지면 콜스택 오버플로우가 날 수 있으니, TCO에 기대기보다 반복문/명시적 스택으로 바꾸는 설계가 안전합니다. 또한 트랜스파일 환경에서는 코드 형태가 바뀌어 최적화 가능성이 더 줄어들 수 있습니다. 성능 최적화는 측정 기반이어야 하며, 특정 최적화가 “된다/안 된다”를 가정하기보다 런타임별 테스트가 필요합니다. 엔진 최적화는 구현 세부가 많아 예측이 어렵기 때문에, 알고리즘과 데이터 구조로 먼저 풀어야 합니다. 이 문항은 “표준=항상 지원”이라는 오해를 깨는 HARD 포인트입니다. 면접에서 엔진 다양성과 운영 타깃을 언급하면 좋은 답이 됩니다.		O	TRUE	X	FALSE					frontend	javascript	performance	
Q568	Task vs Microtask 우선순위		Frontend - JavaScript	12	OX	HARD	하나의 macrotask가 끝난 뒤에는, 다음 macrotask로 넘어가기 전에 microtask 큐를 먼저 비우는 것이 일반적이다.	이벤트 루프에서는 하나의 태스크(매크로태스크)가 끝난 뒤 마이크로태스크 큐를 먼저 처리한 다음 렌더링/다음 태스크로 넘어가는 흐름이 일반적입니다. 면접에서는 Promise.then과 setTimeout 순서 문제로 자주 출제됩니다. 실무에서는 이 규칙을 모르고 UI 업데이트를 microtask에 몰아넣으면, 렌더링이 지연되어 “화면이 안 그려져요” 같은 문제가 생길 수 있습니다. 반대로 microtask는 즉시성 때문에 상태 정합성을 유지하는 데 유리하지만, 과도하면 프레임 드랍이나 입력 지연을 만들 수 있습니다. 따라서 작업을 microtask/task/rAF로 적절히 분배하는 설계가 중요합니다. 또한 브라우저별 세부 차이가 있을 수 있어, 중요한 타이밍 로직은 실측 테스트가 필요합니다. 이 문항은 비동기 흐름의 기본 규칙을 정확히 아는지 보는 HARD 포인트입니다. 면접에서 예시(Promise vs setTimeout)까지 설명하면 높은 점수를 받을 수 있습니다.		O	TRUE	X	FALSE					frontend	javascript	runtime	
Q569	queueMicrotask와 실행 시점		Frontend - JavaScript	12	OX	HARD	queueMicrotask로 등록한 콜백은 일반적으로 같은 이벤트 루프 턴 내에서, 다음 렌더링 전에 실행될 수 있다.	queueMicrotask는 마이크로태스크 큐에 작업을 넣어, 같은 턴에서 태스크 종료 후 빠르게 실행되는 흐름을 만들 수 있습니다. 면접에서는 Promise.then과 비교해 “왜 queueMicrotask를 쓰나”를 묻기도 합니다. 실무에서는 라이브러리에서 상태 변경 후 콜백을 “같은 턴”에 모아 실행하고 싶을 때 유용하지만, 렌더링을 밀어버릴 수 있어 주의가 필요합니다. 특히 무거운 작업을 microtask로 넣으면 사용자 입력과 페인트가 지연되어 UX가 나빠질 수 있습니다. 따라서 UI 업데이트가 필요하면 rAF로 넘기거나, 큰 작업은 태스크로 쪼개는 전략이 좋습니다. 또한 오류가 microtask에서 터지면 처리 흐름이 예상과 달라질 수 있어, 에러 처리 정책을 명확히 해야 합니다. 이 문항은 microtask의 특성을 정확히 알고 적용할 수 있는지 보는 HARD 포인트입니다. 면접에서는 “렌더링 지연”까지 말하면 실무 감각이 드러납니다.		O	FALSE	X	TRUE					frontend	javascript	runtime	
Q570	변수(Variable)		Frontend - JavaScript	12	INITIALS	EASY	값을 저장할 수 있는 이름 붙은 공간을 무엇이라고 하는가?	변수(Variable)는 데이터를 담아두고 재사용하기 위한 기본 단위입니다. JavaScript에서는 var, let, const 같은 키워드로 변수를 선언합니다. 면접에서는 스코프 차이와 재할당 가능 여부를 함께 질문하는 경우가 많습니다. 실무에서는 의미 있는 변수명과 적절한 스코프를 선택하는 것이 유지보수성에 큰 영향을 줍니다. 또한 불필요한 전역 변수는 버그를 만들기 쉬우므로 모듈/함수 스코프로 제한하는 습관이 중요합니다.	변수									frontend	javascript	basics	
Q571	상수(Constant)		Frontend - JavaScript	12	INITIALS	EASY	한 번 할당한 값을 다른 값으로 바꾸지 않도록 선언하는 값을 무엇이라고 하는가?	상수(Constant)는 보통 const로 선언하며 재할당을 막아 코드 안정성을 높입니다. 면접에서는 “const인데 객체 내부 값은 왜 바뀌나”처럼 바인딩과 내부 변경을 구분하는 질문으로 확장됩니다. 실무에서는 변경되면 안 되는 설정값, 참조, 의존성 등을 const로 선언해 실수를 줄입니다. 또한 불변성을 유지하려면 객체 자체도 freeze나 불변 업데이트 패턴을 고려해야 합니다. 상수는 단순 문법이 아니라 코드 의도를 드러내는 장치라는 점이 중요합니다.	상수									frontend	javascript	basics	
Q572	스코프(Scope)		Frontend - JavaScript	12	INITIALS	EASY	변수나 함수가 “어디에서 접근 가능한지”를 결정하는 범위를 무엇이라고 하는가?	스코프(Scope)는 식별자의 유효 범위를 의미하며 전역/함수/블록 스코프 등으로 나뉩니다. 면접에서는 var와 let/const의 스코프 차이, 그리고 스코프 체인을 자주 묻습니다. 실무에서는 스코프를 좁게 유지할수록 사이드 이펙트가 줄고 디버깅이 쉬워집니다. 또한 동일한 이름의 변수 섀도잉이 발생하면 읽기 어려워질 수 있어 네이밍 전략이 필요합니다. 스코프는 JS 버그의 큰 비중을 차지하는 기본기라 확실히 정리해두면 좋습니다.	스코프									frontend	javascript	basics	
Q573	호이스팅(Hoisting)		Frontend - JavaScript	12	INITIALS	EASY	선언이 코드 상단으로 끌어올려진 것처럼 동작하는 JS의 특성을 무엇이라고 하는가?	호이스팅(Hoisting)은 선언이 실행 컨텍스트 생성 단계에서 처리되는 동작 특성을 말합니다. 면접에서는 var의 초기화(undefined)와 let/const의 TDZ 차이를 함께 물어보는 경우가 많습니다. 실무에서는 호이스팅을 “편의”로 쓰기보다, 선언을 사용 전에 배치해 가독성을 높이는 것이 안전합니다. 또한 함수 선언문과 함수 표현식의 차이로 인해 호출 가능 시점이 달라질 수 있어 주의해야 합니다. 호이스팅을 정확히 이해하면 예상치 못한 undefined 오류를 줄일 수 있습니다.	호이스팅									frontend	javascript	runtime	
Q574	렉시컬 스코프(Lexical Scope)		Frontend - JavaScript	12	INITIALS	EASY	함수가 “선언된 위치” 기준으로 스코프가 결정되는 규칙을 무엇이라고 하는가?	렉시컬 스코프(Lexical Scope)는 코드 작성 위치(정적 구조)에 따라 스코프가 결정되는 규칙입니다. 면접에서는 동적 스코프와 비교하며 클로저와 연결해 묻는 경우가 많습니다. 실무에서는 함수가 어디서 호출되느냐보다 어디서 선언되었느냐가 중요하므로, 코드 구조를 바꾸면 참조 변수도 달라질 수 있습니다. 또한 렉시컬 스코프는 모듈화와 캡슐화의 기반이 되어 안전한 설계를 돕습니다. 이 원리를 이해하면 클로저 버그를 설명하고 해결하기가 쉬워집니다.	렉시컬 스코프									frontend	javascript	scope	
Q575	클로저(Closure)		Frontend - JavaScript	12	INITIALS	EASY	함수가 외부 함수의 변수에 접근할 수 있는 상태를 유지하는 현상을 무엇이라고 하는가?	클로저(Closure)는 함수가 생성될 때의 스코프(환경)를 기억해 나중에도 접근할 수 있게 하는 메커니즘입니다. 면접에서는 클로저로 상태를 은닉하는 방법과 메모리 누수 가능성을 자주 묻습니다. 실무에서는 커링, 이벤트 핸들러, 비동기 콜백에서 클로저가 자연스럽게 사용됩니다. 하지만 큰 객체를 캡처하면 해제되지 않아 누수가 될 수 있으니 cleanup과 참조 범위 최소화가 중요합니다. 클로저는 JS를 “함수형처럼” 활용하게 해주는 강력한 도구입니다.	클로저									frontend	javascript	function	
Q576	콜백 함수(Callback)		Frontend - JavaScript	12	INITIALS	EASY	다른 함수에 인자로 전달되어 나중에 호출되는 함수를 무엇이라고 하는가?	콜백 함수(Callback)는 비동기 처리, 이벤트 처리, 배열 순회(map/filter) 등에서 자주 사용됩니다. 면접에서는 콜백 지옥 문제와 이를 해결하는 Promise/async 흐름을 함께 물어볼 수 있습니다. 실무에서는 콜백이 깊어지면 가독성이 떨어지므로, 함수 분리나 Promise 기반 API로 전환하는 것이 좋습니다. 또한 에러 처리 규약(에러-퍼스트 콜백 등)을 혼동하면 장애로 이어질 수 있어 일관성이 중요합니다. 콜백은 기본기지만, 설계 품질을 좌우하는 포인트가 많습니다.	콜백									frontend	javascript	async	
Q577	프로미스(Promise)		Frontend - JavaScript	12	INITIALS	EASY	비동기 작업의 성공/실패 결과를 값처럼 다루게 해주는 객체를 무엇이라고 하는가?	프로미스(Promise)는 비동기 결과를 then/catch/finally 체인으로 다룰 수 있게 해줍니다. 면접에서는 resolve/reject와 상태 전이(pending/fulfilled/rejected)를 정확히 아는지 봅니다. 실무에서는 try/catch와 async/await로 가독성을 높이지만, 병렬 처리(all/race/any)에서 에러 처리 전략이 중요합니다. 또한 프로미스는 “즉시 실행”되는 성질이 있어, 실행 시점 제어가 필요하면 함수로 감싸는 패턴이 자주 쓰입니다. 프로미스를 이해하면 비동기 버그를 구조적으로 줄일 수 있습니다.	프로미스									frontend	javascript	async	
Q578	이벤트 루프(Event Loop)		Frontend - JavaScript	12	INITIALS	EASY	콜 스택과 큐를 조합해 비동기 작업 실행 순서를 관리하는 메커니즘을 무엇이라고 하는가?	이벤트 루프(Event Loop)는 JS가 단일 스레드처럼 보이면서도 비동기를 처리하는 핵심 메커니즘입니다. 면접에서는 setTimeout과 Promise.then 순서(태스크 vs 마이크로태스크)를 자주 물어봅니다. 실무에서는 UI 렌더링이 막히는 원인을 추적할 때 이벤트 루프 이해가 필수입니다. 또한 무거운 작업은 워커로 넘기거나, 작업을 쪼개 프레임 드랍을 줄이는 전략이 필요합니다. 이벤트 루프를 알면 “왜 지금 실행되지 않지” 같은 타이밍 버그를 빠르게 해결할 수 있습니다.	이벤트 루프									frontend	javascript	runtime	
Q579	엄격 모드(Strict Mode)		Frontend - JavaScript	12	INITIALS	EASY	더 엄격한 오류 검사를 적용해 실수를 줄이는 JS 실행 모드를 무엇이라고 하는가?	엄격 모드(Strict Mode)는 잘못된 문법/암묵적 전역 변수 같은 위험한 동작을 에러로 바꿔줍니다. 면접에서는 strict에서 this 바인딩이 어떻게 달라지는지(일반 함수 호출 시 undefined) 같은 질문이 나올 수 있습니다. 실무에서는 모듈(ESM)이 기본적으로 strict인 점을 이해하고 레거시 스크립트와 차이를 주의해야 합니다. 또한 delete 불가 속성 삭제 시도, 중복 매개변수 등 사소한 부분이 깨질 수 있어 마이그레이션 테스트가 필요합니다. strict는 런타임을 더 예측 가능하게 만들어 협업 품질을 올립니다.	엄격 모드									frontend	javascript	runtime	
Q580	템플릿 리터럴(Template Literal)		Frontend - JavaScript	12	INITIALS	EASY	문자열 안에 변수 값을 ${ } 형태로 삽입할 수 있는 문자열 문법을 무엇이라고 하는가?	템플릿 리터럴(Template Literal)은 백틱을 사용해 문자열 보간과 멀티라인을 쉽게 처리합니다. 면접에서는 문자열 연결(+) 대비 가독성과 실수 감소를 설명할 수 있으면 좋습니다. 실무에서는 로그 메시지, 에러 메시지, UI 텍스트 조합에서 자주 쓰이며, 코드 가독성을 크게 올립니다. 다만 사용자 입력을 그대로 넣으면 XSS 같은 보안 문제가 생길 수 있으니, DOM에 삽입할 때는 반드시 이스케이프/정화가 필요합니다. 템플릿 리터럴은 편하지만, 보안과 렌더링 맥락을 함께 고려하는 습관이 중요합니다.	템플릿 리터럴									frontend	javascript	syntax	
Q581	구조 분해 할당(Destructuring)		Frontend - JavaScript	12	INITIALS	EASY	객체나 배열에서 값을 꺼내 변수에 한 번에 할당하는 문법을 무엇이라고 하는가?	구조 분해 할당(Destructuring)은 필요한 필드만 뽑아 쓰게 해 가독성을 높입니다. 면접에서는 기본값, 중첩 구조, 별칭(alias) 사용을 설명할 수 있는지 확인합니다. 실무에서는 API 응답에서 필요한 값만 추출하거나, 함수 인자에서 옵션 객체를 구조 분해해 받는 패턴이 흔합니다. 다만 undefined일 수 있는 값에서 구조 분해하면 런타임 에러가 나므로, 기본값이나 optional chaining 같은 방어가 중요합니다. 구조 분해는 코드를 간결하게 하지만, 과도하면 오히려 읽기 어려워질 수 있어 균형이 필요합니다.	구조 분해 할당									frontend	javascript	syntax	
Q582	스프레드 연산자(Spread)		Frontend - JavaScript	12	INITIALS	EASY	배열/객체를 펼쳐서 복사하거나 합칠 때 쓰는 ... 문법을 무엇이라고 하는가?	스프레드 연산자(Spread)는 배열 병합, 객체 병합, 얕은 복사에 많이 사용됩니다. 면접에서는 “얕은 복사”라서 중첩 객체는 참조가 공유된다는 점을 자주 확인합니다. 실무에서는 불변 업데이트(특히 React 상태 관리)에서 필수적으로 쓰이지만, 깊은 복사가 필요하면 별도 전략(구조적 공유, 라이브러리)이 필요합니다. 또한 함수 호출 시 인자 펼치기에도 쓰여 가변 인자 처리에 유용합니다. 스프레드는 편하지만, 대용량 객체/배열을 자주 복사하면 성능 비용이 생길 수 있어 주의해야 합니다.	스프레드 연산자									frontend	javascript	syntax	
Q583	나머지 매개변수(Rest Parameter)		Frontend - JavaScript	12	INITIALS	EASY	함수 인자들을 배열로 모아 받는 ...args 형태의 문법을 무엇이라고 하는가?	나머지 매개변수(Rest Parameter)는 전달된 인자들을 배열로 모아 처리할 수 있게 합니다. 면접에서는 arguments와의 차이(진짜 배열, strict 동작, 가독성)를 비교하는 질문이 나올 수 있습니다. 실무에서는 가변 인자 함수, 로깅 유틸, 함수 래핑에서 자주 사용됩니다. 또한 타입스크립트에서는 rest 타입을 통해 인자 타입을 유연하게 만들 수 있어 설계에 도움이 됩니다. rest를 쓰면 함수 시그니처가 명확해지고, 오래된 arguments 패턴보다 최적화에도 유리한 편입니다.	나머지 매개변수									frontend	javascript	function	
Q584	옵셔널 체이닝(Optional Chaining)		Frontend - JavaScript	12	INITIALS	EASY	null 또는 undefined일 수 있는 값에 안전하게 접근하는 ?. 문법을 무엇이라고 하는가?	옵셔널 체이닝(Optional Chaining)은 중간 값이 null/undefined면 평가를 멈추고 undefined를 반환합니다. 면접에서는 “0이나 빈 문자열은 멈추지 않는다” 같은 조건을 정확히 아는지 보기도 합니다. 실무에서는 API 응답이 불완전할 때, UI 렌더링에서 안전하게 값 접근을 할 수 있어 매우 유용합니다. 다만 남발하면 데이터 모델이 불명확해지고, 오류를 조기에 발견하지 못할 수 있어 필요한 곳에만 쓰는 것이 좋습니다. 또한 기본값 처리는 nullish coalescing(??)과 함께 쓰면 더 안정적인 코드를 만들 수 있습니다.	옵셔널 체이닝									frontend	javascript	syntax	
Q585	일급 객체(First-class Function)		Frontend - JavaScript	12	INITIALS	EASY	함수가 값처럼 변수에 담기고, 인자로 전달되고, 반환될 수 있는 성질을 무엇이라고 하는가?	일급 객체(First-class Function)는 JS에서 함수를 값처럼 다룰 수 있음을 의미합니다. 면접에서는 이 특성이 콜백, 고차 함수, 클로저를 가능하게 한다는 흐름으로 설명하면 좋습니다. 실무에서는 map/filter/reduce 같은 함수형 패턴과 미들웨어, 데코레이터 형태의 래핑이 일급 함수 덕분에 가능합니다. 하지만 과도한 함수 합성은 읽기 어려울 수 있어 팀의 코드 스타일에 맞추는 것이 중요합니다. 일급 함수는 JS의 설계 철학을 이해하는 핵심 개념이라, 명확히 설명할 수 있으면 기본기가 탄탄해 보입니다.	일급 객체									frontend	javascript	function	
Q586	이벤트 버블링(Event Bubbling)		Frontend - JavaScript	12	INITIALS	EASY	이벤트가 자식 요소에서 부모 요소 방향으로 전파되는 현상을 무엇이라고 하는가?	이벤트 버블링(Event Bubbling)은 이벤트 위임 패턴의 기반이 되는 핵심 개념입니다. 면접에서는 캡처링과 버블링 순서, stopPropagation의 영향 등을 자주 확인합니다. 실무에서는 많은 요소에 리스너를 달지 않고, 부모에 하나 달아 성능과 유지보수를 개선할 수 있습니다. 다만 버블링을 전제로 작성한 로직은 Shadow DOM이나 특정 이벤트(버블링 안 하는 이벤트)에서 동작이 달라질 수 있어 주의해야 합니다. 버블링을 이해하면 UI 이벤트 디버깅이 훨씬 빨라집니다.	이벤트 버블링									frontend	javascript	dom	
Q587	이벤트 위임(Event Delegation)		Frontend - JavaScript	12	INITIALS	EASY	여러 자식 요소 대신 부모 요소에 하나의 리스너를 달아 이벤트를 처리하는 패턴을 무엇이라고 하는가?	이벤트 위임(Event Delegation)은 버블링을 활용해 리스너 수를 줄이고 동적 요소에도 대응하는 패턴입니다. 면접에서는 event.target과 currentTarget 차이를 알고 있는지 자주 묻습니다. 실무에서는 목록/테이블/메뉴처럼 반복 UI에서 성능과 유지보수성이 좋아 널리 사용됩니다. 다만 클릭 영역 판별을 위해 closest를 쓰는 등 안전한 셀렉터 매칭이 필요하고, 잘못 처리하면 다른 요소 클릭까지 오작동할 수 있습니다. 위임 패턴은 UI가 커질수록 효과가 커지므로, 팀 공통 패턴으로 정리해두면 좋습니다.	이벤트 위임									frontend	javascript	dom	
Q588	타입 변환(Type Coercion)		Frontend - JavaScript	12	INITIALS	EASY	서로 다른 타입을 비교하거나 연산할 때 자동으로 타입이 바뀌는 현상을 무엇이라고 하는가?	타입 변환(Type Coercion)은 == 비교나 + 연산에서 자주 발생하는 JS 특성입니다. 면접에서는 왜 ===를 권장하는지, 그리고 어떤 상황에서 암묵적 변환이 위험한지 설명하는지 봅니다. 실무에서는 폼 입력값이 문자열로 들어오는 경우가 많아 숫자 비교에서 실수가 자주 발생합니다. 따라서 Number로 명시 변환하거나, 타입을 일관되게 유지하는 정책이 중요합니다. 타입 변환은 편의성과 위험이 공존하므로, 팀 룰(엄격 비교, 린트 규칙)로 사고를 줄이는 것이 좋습니다.	타입 변환									frontend	javascript	type	
Q589	함수(Function)		Frontend - JavaScript	12	INITIALS	EASY	특정 작업을 수행하도록 묶어둔 코드 블록을 무엇이라고 하는가?	함수(Function)는 입력(매개변수)을 받아 로직을 실행하고 결과를 반환할 수 있는 재사용 단위입니다. JavaScript에서는 함수 선언문, 함수 표현식, 화살표 함수 등 여러 형태로 정의합니다. 면접에서는 선언 방식의 차이, 스코프, 호이스팅 여부를 함께 질문하는 경우가 많습니다. 실무에서는 함수 크기를 작게 유지하고, 이름을 의도를 드러내게 짓는 것이 유지보수에 중요합니다. 또한 부수효과를 최소화하면 테스트와 디버깅이 쉬워집니다.	함수									frontend	javascript	basics	
Q590	매개변수(Parameter)		Frontend - JavaScript	12	INITIALS	EASY	함수를 정의할 때 입력값을 받기 위해 선언하는 변수를 무엇이라고 하는가?	매개변수(Parameter)는 함수 정의 시점에 선언되는 입력 변수입니다. 호출 시 전달되는 실제 값은 인자(Argument)로 구분해 설명하면 면접에서 깔끔합니다. 실무에서는 매개변수 개수가 많아지면 객체로 묶어 전달하거나 옵션 패턴을 사용해 가독성을 높입니다. 또한 기본값을 지정하면 undefined 입력에 안전하지만, 기본값이 로직 오류를 숨길 수 있어 주의해야 합니다. 매개변수 설계는 API 사용성을 좌우하므로 신중히 다루는 것이 좋습니다.	매개변수									frontend	javascript	function	
Q591	인자(Argument)		Frontend - JavaScript	12	INITIALS	EASY	함수를 호출할 때 실제로 전달하는 값을 무엇이라고 하는가?	인자(Argument)는 함수 호출 시 넘기는 실제 값입니다. 면접에서는 매개변수(Parameter)와의 차이를 정확히 구분하는지 확인하는 경우가 있습니다. 실무에서는 인자의 타입과 범위를 검증하지 않으면 런타임 오류가 쉽게 발생하므로 방어 코드를 두는 것이 좋습니다. 또한 가변 인자 함수는 사용이 편하지만, 호출부가 모호해질 수 있어 문서화/테스트가 필요합니다. 인자 개념을 정확히 알면 함수 시그니처를 더 명확하게 설계할 수 있습니다.	인자									frontend	javascript	function	
Q592	반환값(Return Value)		Frontend - JavaScript	12	INITIALS	EASY	함수가 실행된 뒤 호출한 쪽으로 돌려주는 결과 값을 무엇이라고 하는가?	반환값(Return Value)은 함수가 계산한 결과를 호출부로 전달하는 값입니다. 면접에서는 return이 없으면 undefined가 반환된다는 점을 함께 묻기도 합니다. 실무에서는 반환값의 타입과 의미를 명확히 유지하면 호출부 로직이 단순해집니다. 또한 예외 상황을 반환값으로 표현할지, throw로 표현할지 정책을 정해두면 코드 일관성이 좋아집니다. 반환값은 “함수 계약”의 핵심이므로, 문서화와 테스트로 보장하는 습관이 중요합니다.	반환값									frontend	javascript	function	
Q593	조건문(Conditional Statement)		Frontend - JavaScript	12	INITIALS	EASY	조건에 따라 다른 코드를 실행하게 하는 문장을 무엇이라고 하는가?	조건문(Conditional Statement)은 if/else, switch 등으로 흐름을 분기합니다. 면접에서는 switch의 fall-through, 삼항 연산자와의 선택 기준을 묻는 경우가 있습니다. 실무에서는 조건이 복잡해지면 가독성이 급격히 떨어지므로, 조기 반환(early return)이나 함수 분리로 단순화하는 것이 좋습니다. 또한 비교 연산에서 타입 변환이 섞이면 버그가 나기 쉬워 엄격 비교와 타입 정규화가 중요합니다. 조건문은 기본 문법이지만 코드 품질을 크게 좌우합니다.	조건문									frontend	javascript	basics	
Q594	반복문(Loop)		Frontend - JavaScript	12	INITIALS	EASY	같은 작업을 여러 번 수행하도록 하는 문장을 무엇이라고 하는가?	반복문(Loop)은 for, while, do...while 등으로 구현하며 반복 처리를 단순화합니다. 면접에서는 for...of와 for...in의 차이(이터러블 vs 열거) 같은 질문이 나올 수 있습니다. 실무에서는 반복 중 DOM 업데이트처럼 무거운 작업을 하면 성능이 급격히 떨어질 수 있어 배치 처리나 최적화가 필요합니다. 또한 무한 루프를 막기 위해 종료 조건을 명확히 하고, 배열 순회는 map/filter 같은 고차 함수를 선택할 때도 있습니다. 반복문은 단순하지만 성능과 안정성 관점에서 주의할 점이 많습니다.	반복문									frontend	javascript	basics	
Q595	배열(Array)		Frontend - JavaScript	12	INITIALS	EASY	여러 값을 순서대로 저장할 수 있는 자료구조를 무엇이라고 하는가?	배열(Array)은 순서가 있는 값의 집합이며 인덱스로 접근합니다. 면접에서는 배열 메서드(map/filter/reduce)와 시간 복잡도(push/pop vs shift/unshift)를 묻기도 합니다. 실무에서는 불변 업데이트가 필요한 경우 스프레드로 복사하거나, 성능이 중요한 경우 in-place 변경을 신중히 선택합니다. 또한 배열과 객체를 혼동하면 데이터 모델이 흐려지므로, 용도에 맞는 구조를 선택하는 것이 중요합니다. 배열은 가장 기본이지만, 메서드 활용에 따라 코드 품질이 크게 달라집니다.	배열									frontend	javascript	data	
Q596	객체(Object)		Frontend - JavaScript	12	INITIALS	EASY	키-값 쌍으로 데이터를 저장하는 자료구조를 무엇이라고 하는가?	객체(Object)는 프로퍼티(키-값)로 상태를 표현하는 JS의 핵심 자료구조입니다. 면접에서는 얕은 복사/깊은 복사, 프로토타입, 열거(Object.keys) 같은 질문으로 확장됩니다. 실무에서는 DTO처럼 단순 데이터 용도로 쓰기도 하고, 메서드를 포함한 도메인 객체로 쓰기도 합니다. 또한 키 충돌과 프로토타입 오염 위험을 줄이기 위해 입력 검증과 안전한 접근(hasOwn)을 고려해야 합니다. 객체는 편리하지만 “형태가 자유롭다”는 점이 유지보수 비용으로 돌아올 수 있어 설계가 중요합니다.	객체									frontend	javascript	data	
Q597	객체 리터럴(Object Literal)		Frontend - JavaScript	12	INITIALS	EASY	중괄호 { } 를 사용해 객체를 생성하는 문법을 무엇이라고 하는가?	객체 리터럴(Object Literal)은 가장 간단한 객체 생성 방식으로, 바로 프로퍼티를 선언할 수 있습니다. 면접에서는 프로퍼티 축약, 계산된 프로퍼티, 메서드 축약 등 확장 문법을 물어볼 수 있습니다. 실무에서는 설정 객체, 옵션 전달, 간단한 모델링에 자주 쓰이며 가독성이 좋습니다. 다만 중첩 구조가 깊어지면 변경이 어려워져, 구조를 평탄화하거나 타입(스키마)을 정하는 전략이 필요합니다. 객체 리터럴은 JS 코드를 읽는 기본 문법이므로 확실히 익혀두는 것이 좋습니다.	객체 리터럴									frontend	javascript	syntax	
Q598	배열 리터럴(Array Literal)		Frontend - JavaScript	12	INITIALS	EASY	대괄호 [ ] 를 사용해 배열을 생성하는 문법을 무엇이라고 하는가?	배열 리터럴(Array Literal)은 가장 일반적인 배열 생성 방식입니다. 면접에서는 Array() 생성자와의 차이, 희소 배열(sparse array) 이슈를 질문할 수 있습니다. 실무에서는 값 목록을 선언할 때 직관적이며, map/filter 같은 메서드와 함께 사용됩니다. 다만 빈 슬롯이 있는 희소 배열은 예기치 않은 순회 동작을 만들 수 있어 피하는 편이 좋습니다. 배열 리터럴은 단순하지만, 안전한 배열 사용 습관과 함께 익히는 것이 중요합니다.	배열 리터럴									frontend	javascript	syntax	
Q599	원시 타입(Primitive Type)		Frontend - JavaScript	12	INITIALS	EASY	number, string, boolean처럼 값 자체로 다뤄지는 기본 타입을 무엇이라고 하는가?	원시 타입(Primitive Type)은 값이 불변이며, 참조가 아닌 값으로 전달되는 특성이 있습니다. 면접에서는 원시 타입과 객체 타입의 차이(값 복사 vs 참조 공유)를 많이 묻습니다. 실무에서는 비교/복사 로직에서 이 차이를 모르고 구현하면 버그가 나기 쉬워 주의가 필요합니다. 또한 문자열/숫자 래퍼 객체(String 객체 등)가 자동 박싱되었다가 풀리는 동작도 알아두면 이해에 도움이 됩니다. 원시 타입은 JS 타입 시스템의 기본이므로 명확히 정리해두는 것이 좋습니다.	원시 타입									frontend	javascript	type	
Q600	참조 타입(Reference Type)		Frontend - JavaScript	12	INITIALS	EASY	객체/배열처럼 메모리 주소(참조)로 전달되는 타입을 무엇이라고 하는가?	참조 타입(Reference Type)은 값이 아니라 객체에 대한 참조가 변수에 저장됩니다. 면접에서는 “같은 객체를 여러 변수가 가리키면 어떤 일이 생기나”를 자주 묻습니다. 실무에서는 상태 관리에서 참조 공유로 인해 예기치 않은 변경이 퍼지는 문제가 자주 발생합니다. 따라서 불변 업데이트, 깊은 복사 필요성, 또는 구조적 공유 전략을 이해해야 합니다. 참조 타입의 동작을 알면 비교(===)와 복사 패턴을 올바르게 선택할 수 있습니다.	참조 타입									frontend	javascript	type	
Q601	불변성(Immutability)		Frontend - JavaScript	12	INITIALS	EASY	값을 직접 변경하지 않고 새로운 값으로 갱신하는 성질/원칙을 무엇이라고 하는가?	불변성(Immutability)은 상태를 예측 가능하게 만들고, 변경 추적을 쉽게 해줍니다. 면접에서는 React 상태 업데이트에서 왜 불변성이 중요한지 설명하는 질문이 자주 나옵니다. 실무에서는 얕은 복사로는 중첩 객체 문제가 남기 때문에, 업데이트 범위를 정확히 복사하거나 라이브러리를 사용하기도 합니다. 또한 불변성은 성능과도 연결되며, 참조 동일성 비교로 최적화를 가능하게 합니다. 불변성은 단순한 스타일이 아니라 디버깅/테스트 품질을 올리는 설계 원칙입니다.	불변성									frontend	javascript	state	
Q602	참조 동일성(Reference Equality)		Frontend - JavaScript	12	INITIALS	EASY	두 변수가 같은 객체를 가리키는지(같은 참조인지) 비교하는 개념을 무엇이라고 하는가?	참조 동일성(Reference Equality)은 객체/배열 비교에서 핵심이며, 같은 참조면 === 비교가 true입니다. 면접에서는 값 비교와 참조 비교의 차이를 분명히 말할 수 있어야 합니다. 실무에서는 React의 memo, useMemo, shallow compare 등 최적화가 이 원리에 의존합니다. 하지만 무작정 최적화를 적용하면 오히려 복잡성이 커질 수 있어, 병목을 측정한 뒤 적용하는 것이 좋습니다. 참조 동일성을 이해하면 상태 업데이트와 렌더링 최적화를 더 정확히 설계할 수 있습니다.	참조 동일성									frontend	javascript	performance	
Q603	타입 검사(Type Checking)		Frontend - JavaScript	12	INITIALS	EASY	값의 타입을 확인하는 작업을 무엇이라고 하는가?	타입 검사(Type Checking)는 typeof, Array.isArray, instanceof 등으로 수행할 수 있습니다. 면접에서는 typeof null이 object인 역사적 이유 같은 함정 질문이 나올 수 있습니다. 실무에서는 입력 검증에서 타입 검사가 필수이며, 특히 외부 API 응답은 신뢰할 수 없기 때문에 런타임 검증이 중요합니다. 또한 타입스크립트를 쓰더라도 런타임에는 타입 정보가 없으니 검증 로직이 별도로 필요할 수 있습니다. 타입 검사는 안전한 코드의 출발점이지만, 도구 선택과 기준을 팀에서 통일하는 것이 좋습니다.	타입 검사									frontend	javascript	type	
Q604	자료형 변환(Type Conversion)		Frontend - JavaScript	12	INITIALS	EASY	문자열을 숫자로 바꾸는 등, 한 타입을 다른 타입으로 바꾸는 작업을 무엇이라고 하는가?	자료형 변환(Type Conversion)은 명시적 변환(Number, String)과 암묵적 변환(연산/비교 과정)이 있습니다. 면접에서는 암묵적 변환이 버그를 만들 수 있어 ===를 권장한다는 흐름으로 답하면 좋습니다. 실무에서는 폼 입력값이 문자열로 들어오므로, 숫자 비교 전에 명시 변환을 하는 습관이 중요합니다. 또한 날짜/통화처럼 복잡한 타입은 파싱 규칙이 애매하니 라이브러리나 표준 API를 선택해야 합니다. 변환은 편하지만, 팀 규칙으로 “명시 변환 우선”을 잡으면 품질이 좋아집니다.	자료형 변환									frontend	javascript	type	
Q605	예외(Exception)		Frontend - JavaScript	12	INITIALS	EASY	프로그램 실행 중 발생하는 오류 상황을 무엇이라고 하는가?	예외(Exception)는 런타임에서 발생하는 오류를 의미하며, try/catch로 처리할 수 있습니다. 면접에서는 에러 객체(Error)와 throw, 그리고 비동기 에러 처리 차이를 묻기도 합니다. 실무에서는 예외를 무조건 잡아 숨기기보다, 로깅과 사용자 경험을 고려해 “처리할 것만 처리”하는 정책이 필요합니다. 또한 예외를 남발하면 흐름이 복잡해질 수 있어, 입력 검증으로 예방하는 접근이 좋습니다. 예외 처리는 안정적인 서비스 운영에 직결되는 기본기입니다.	예외									frontend	javascript	error	
Q606	콘솔 로그(Console Log)		Frontend - JavaScript	12	INITIALS	EASY	개발 중 값이나 흐름을 확인하기 위해 console.log로 출력하는 디버깅 방법을 무엇이라고 하는가?	콘솔 로그(Console Log)는 가장 기본적인 디버깅 방법으로, 실행 흐름과 값을 빠르게 확인할 수 있습니다. 면접에서는 “디버깅을 어떻게 하냐” 질문에서 브레이크포인트와 함께 언급하면 좋습니다. 실무에서는 로그를 남발하면 성능과 보안(민감 정보 노출) 문제가 생길 수 있어 주의해야 합니다. 또한 프로덕션에서는 로깅 레벨과 수집 도구를 사용해 체계적으로 관리하는 것이 좋습니다. 콘솔 로그는 빠르지만 임시 수단이고, 재현 가능한 테스트와 모니터링이 더 근본적인 해결책이 됩니다.	콘솔 로그									frontend	javascript	debugging	
Q607	엄격 동등 비교(Strict Equality)		Frontend - JavaScript	12	INITIALS	EASY	타입 변환 없이 값과 타입을 함께 비교하는 연산을 무엇이라고 하는가?	엄격 동등 비교(Strict Equality)는 타입 변환 없이 비교하여 예측 가능한 결과를 만듭니다. 면접에서는 느슨한 비교와의 차이, 그리고 왜 기본으로 권장되는지 설명할 수 있어야 합니다. 실무에서는 폼 입력처럼 문자열로 들어온 값을 숫자와 비교할 때 실수가 잦아, 비교 전에 타입을 맞추고 엄격 비교를 쓰는 습관이 중요합니다. 또한 팀 룰로 엄격 비교를 기본으로 두면 디버깅 비용이 크게 줄어듭니다. 비교 로직은 버그가 사용자에게 바로 드러나기 때문에, 안전한 비교 전략을 정하는 것이 좋습니다.	엄격 동등 비교									frontend	javascript	operator	
Q608	느슨한 동등 비교(Loose Equality)		Frontend - JavaScript	12	INITIALS	EASY	타입 변환을 시도한 뒤 비교할 수 있는 동등 비교 연산을 무엇이라고 하는가?	느슨한 동등 비교(Loose Equality)는 비교 전에 타입 변환이 발생할 수 있어 결과가 직관적이지 않을 때가 있습니다. 면접에서는 어떤 경우에 예상치 못한 true/false가 나오는지 예시를 들어 설명하는 질문이 나올 수 있습니다. 실무에서는 버그 가능성을 줄이기 위해 엄격 비교를 기본으로 두고, 필요한 경우에만 명확한 의도로 사용합니다. 특히 null과 undefined를 함께 처리하려는 목적 등 제한된 용도로만 쓰는 것이 안전합니다. 느슨한 비교를 쓸 때는 팀 코드 리뷰에서 의도를 주석이나 테스트로 보완하는 것이 좋습니다.	느슨한 동등 비교									frontend	javascript	operator	
Q609	화살표 함수(Arrow Function)		Frontend - JavaScript	12	INITIALS	EASY	function 키워드 대신 => 문법으로 정의하는 함수를 무엇이라고 하는가?	화살표 함수(Arrow Function)는 간결한 문법을 제공하고, this 바인딩 규칙이 일반 함수와 다릅니다. 면접에서는 화살표 함수가 자신의 this를 갖지 않고 바깥 스코프의 this를 캡처한다는 점을 자주 묻습니다. 실무에서는 콜백에서 this가 엉키는 문제를 줄이기 위해 화살표 함수를 쓰기도 합니다. 다만 생성자(new)로 사용할 수 없고, arguments가 없다는 제약이 있어 목적에 맞게 선택해야 합니다. 화살표 함수는 편의성이 크지만, this/프로토타입과 연결된 로직에서는 주의가 필요합니다.	화살표 함수									frontend	javascript	function	
Q610	프로토타입(Prototype)		Frontend - JavaScript	12	INITIALS	EASY	객체가 다른 객체의 속성을 상속받을 수 있게 하는 연결 구조를 무엇이라고 하는가?	프로토타입(Prototype)은 JS의 상속 모델 기반이며, 객체가 프로토타입 체인을 통해 속성을 탐색합니다. 면접에서는 prototype과 proto 차이, 그리고 클래스 문법이 프로토타입 기반이라는 점을 물어볼 수 있습니다. 실무에서는 공통 메서드를 프로토타입에 두면 메모리를 절약할 수 있지만, 무분별한 확장은 예기치 않은 충돌을 만들 수 있어 주의해야 합니다. 또한 프로토타입 오염(prototype pollution) 같은 보안 이슈도 연결될 수 있습니다. 프로토타입을 이해하면 객체 동작 방식과 성능 특성을 더 정확히 설명할 수 있습니다.	프로토타입									frontend	javascript	oop	
Q611	프로토타입 체인(Prototype Chain)		Frontend - JavaScript	12	INITIALS	EASY	속성을 찾을 때 부모 프로토타입으로 계속 올라가며 탐색하는 과정을 무엇이라고 하는가?	프로토타입 체인(Prototype Chain)은 속성 접근 시 현재 객체에 없으면 상위 프로토타입으로 검색하는 메커니즘입니다. 면접에서는 “메서드를 어디에서 찾는가” 같은 질문으로 자주 출제됩니다. 실무에서는 체인이 길어지면 탐색 비용이 늘 수 있어, 빈번한 접근은 로컬에 캐시하거나 구조를 단순화하는 것이 좋습니다. 또한 for...in 같은 열거에서 상속된 프로퍼티가 포함될 수 있어 hasOwnProperty 같은 방어가 필요합니다. 체인을 이해하면 디버깅 시 “왜 이 값이 나오지?”를 추적하기 쉬워집니다.	프로토타입 체인									frontend	javascript	oop	
Q612	클래스(Class)		Frontend - JavaScript	12	INITIALS	EASY	객체를 생성하기 위한 설계도 형태로, class 키워드로 정의하는 문법을 무엇이라고 하는가?	클래스(Class)는 생성자와 메서드를 정의해 객체를 구조화할 수 있게 해줍니다. 면접에서는 클래스가 프로토타입 기반의 문법 설탕(syntax sugar)임을 이해하는지 묻기도 합니다. 실무에서는 OOP 설계를 명확히 하고, 공통 로직을 메서드로 묶어 관리할 때 유용합니다. 다만 JS에서는 함수/클로저로도 동일한 캡슐화를 만들 수 있어, 팀 스타일과 요구사항에 맞춰 선택해야 합니다. 클래스 사용 시 this 바인딩과 private 필드 지원 범위도 함께 고려하는 것이 좋습니다.	클래스									frontend	javascript	oop	
Q613	생성자 함수(Constructor Function)		Frontend - JavaScript	12	INITIALS	EASY	new와 함께 호출되어 객체를 생성하는 함수를 무엇이라고 하는가?	생성자 함수(Constructor Function)는 new 호출 시 this에 새 객체가 바인딩되고, 초기화 로직을 수행합니다. 면접에서는 new가 내부적으로 어떤 과정을 거치는지(프로토타입 연결, this 반환)를 물어볼 수 있습니다. 실무에서는 클래스 문법을 쓰지 않는 코드베이스에서도 생성자 함수 패턴이 남아 있을 수 있어 이해가 필요합니다. 또한 new 없이 호출하면 this가 전역/undefined로 가는 버그가 생길 수 있으니 방어 코드를 두기도 합니다. 생성자 함수는 프로토타입 기반 상속을 이해하는 데 중요한 기본 개념입니다.	생성자 함수									frontend	javascript	oop	
Q614	직렬화(Serialization)		Frontend - JavaScript	12	INITIALS	EASY	객체 같은 데이터를 문자열/바이너리 형태로 변환해 저장·전송 가능하게 만드는 과정을 무엇이라고 하는가?	직렬화(Serialization)는 데이터를 전송하거나 저장하기 위해 형태를 변환하는 과정입니다. 면접에서는 직렬화 시 정보 손실(예: Date, undefined)이 발생할 수 있다는 점을 설명할 수 있어야 합니다. 실무에서는 네트워크 API, 캐시, 로컬 스토리지에 저장할 때 필수적으로 사용됩니다. 또한 직렬화 형식이 바뀌면 하위 호환 문제가 생기므로, 버전 관리나 마이그레이션 전략이 필요합니다. 직렬화는 단순 변환이 아니라 시스템 간 계약을 의미하므로 신중하게 설계해야 합니다.	직렬화									frontend	javascript	data	
Q615	역직렬화(Deserialization)		Frontend - JavaScript	12	INITIALS	EASY	문자열/바이너리 데이터를 다시 객체 형태로 복원하는 과정을 무엇이라고 하는가?	역직렬화(Deserialization)는 직렬화된 데이터를 다시 사용할 수 있는 구조로 되돌리는 과정입니다. 면접에서는 “입력 신뢰 경계”를 물으며 역직렬화 취약점 관점으로 확장될 수 있습니다. 실무에서는 JSON.parse 이후 타입 검증을 하지 않으면 런타임 오류나 보안 문제가 생길 수 있어 주의해야 합니다. 또한 스키마가 바뀌면 역직렬화 후 데이터 정규화 로직이 필요해집니다. 역직렬화는 데이터 품질과 안정성의 관문이므로, 검증과 에러 처리를 함께 설계하는 것이 좋습니다.	역직렬화									frontend	javascript	data	
Q616	비동기(Asynchronous)		Frontend - JavaScript	12	INITIALS	EASY	작업이 끝날 때까지 기다리지 않고 다음 코드를 이어서 실행하는 처리 방식을 무엇이라고 하는가?	비동기(Asynchronous)는 네트워크 요청, 타이머, 이벤트 등 시간이 걸리는 작업을 효율적으로 처리합니다. 면접에서는 동기/비동기, 블로킹/논블로킹을 구분해 설명할 수 있어야 합니다. 실무에서는 비동기 흐름에서 상태가 꼬이는 레이스 버그가 흔해, 취소(AbortController)나 최신 요청만 반영하는 전략이 필요합니다. 또한 에러 처리를 놓치면 unhandled rejection 같은 장애로 이어질 수 있습니다. 비동기를 이해하면 프론트의 대부분 문제(로딩, 응답, UI 반영)를 더 안정적으로 다룰 수 있습니다.	비동기									frontend	javascript	async	
Q617	동기(Synchronous)		Frontend - JavaScript	12	INITIALS	EASY	한 작업이 끝나야 다음 작업이 실행되는 처리 방식을 무엇이라고 하는가?	동기(Synchronous)는 코드가 순차적으로 실행되어 이해하기 쉬운 장점이 있습니다. 면접에서는 동기 코드가 UI를 멈추게 만들 수 있다는 점을 설명하는 질문이 나올 수 있습니다. 실무에서는 무거운 계산을 동기로 실행하면 브라우저가 멈춘 것처럼 보이므로, 작업 분할이나 워커 사용이 필요합니다. 또한 동기 예외는 try-catch로 잡기 쉬운 반면, 비동기 예외는 처리 위치가 달라진다는 점도 중요합니다. 동기/비동기 특성을 구분하면 성능과 사용자 경험을 더 잘 설계할 수 있습니다.	동기									frontend	javascript	async	
Q618	타이머(Timer)		Frontend - JavaScript	12	INITIALS	EASY	일정 시간 후에 코드를 실행하도록 예약하는 기능을 무엇이라고 하는가?	타이머(Timer)는 setTimeout, setInterval로 대표되며 지연 실행과 반복 실행에 사용됩니다. 면접에서는 setTimeout의 지연 시간이 “정확한 보장”이 아니라는 점을 설명할 수 있으면 좋습니다. 실무에서는 타이머를 컴포넌트 언마운트 시 해제하지 않으면 메모리 누수나 중복 실행이 생길 수 있어 cleanup이 중요합니다. 또한 반복 작업은 setInterval보다 재귀 setTimeout이 더 안전한 경우가 있어(실행 시간 보정) 상황에 맞춰 선택합니다. 타이머는 간단해 보이지만, 이벤트 루프와 결합되면 타이밍 버그가 생기기 쉬운 영역입니다.	타이머									frontend	javascript	async	
Q619	디바운스(Debounce)		Frontend - JavaScript	12	INITIALS	EASY	입력이 연속으로 발생할 때, 마지막 입력 후 일정 시간이 지나면 한 번만 실행하는 기법을 무엇이라고 하는가?	디바운스(Debounce)는 검색창 입력, 리사이즈 이벤트처럼 빈번한 이벤트를 제어할 때 유용합니다. 면접에서는 스로틀과의 차이를 비교하는 질문이 자주 나옵니다. 실무에서는 네트워크 요청을 줄여 서버 부하를 낮추고, UI 지연을 줄이는 데 도움이 됩니다. 다만 너무 긴 지연을 주면 사용자가 답답함을 느낄 수 있어 UX 관점의 튜닝이 필요합니다. 또한 컴포넌트 언마운트 시 타이머 정리를 하지 않으면 예상치 못한 실행이 발생할 수 있어 cleanup이 중요합니다.	디바운스									frontend	javascript	performance	
Q620	스로틀(Throttle)		Frontend - JavaScript	12	INITIALS	EASY	이벤트가 연속으로 발생해도 일정 시간 간격으로만 실행되게 제한하는 기법을 무엇이라고 하는가?	스로틀(Throttle)은 스크롤, 마우스 이동처럼 매우 자주 발생하는 이벤트를 일정 주기로 제한하는 데 쓰입니다. 면접에서는 디바운스와의 차이(주기적 실행 vs 마지막 한 번 실행)를 설명할 수 있어야 합니다. 실무에서는 렌더링/레이아웃 계산을 줄여 프레임 드랍을 완화하는 데 효과적입니다. 다만 마지막 이벤트를 반영해야 하는 UX라면 trailing 옵션 등 구현 정책을 정해야 합니다. 스로틀/디바운스를 잘 쓰면 성능 튜닝에서 빠르게 체감 효과를 볼 수 있습니다.	스로틀									frontend	javascript	performance	
Q621	모듈(Module)		Frontend - JavaScript	12	INITIALS	EASY	코드를 파일/단위로 분리해 가져오고 내보낼 수 있게 하는 구조를 무엇이라고 하는가?	모듈(Module)은 import/export로 의존성을 명시하고 전역 오염을 줄입니다. 면접에서는 CommonJS와 ESM 차이, 트리 셰이킹 가능 여부를 질문할 수 있습니다. 실무에서는 모듈 경계가 명확할수록 테스트와 리팩터링이 쉬워집니다. 또한 순환 의존이 생기면 초기화 순서 문제가 발생할 수 있어 폴더 구조와 책임 분리가 중요합니다. 모듈화는 규모가 커질수록 효과가 커지므로, 작은 프로젝트에서도 초기에 잡아두면 좋습니다.	모듈									frontend	javascript	module	
Q622	내보내기(Export)		Frontend - JavaScript	12	INITIALS	EASY	모듈에서 다른 파일이 사용할 수 있도록 기능/값을 공개하는 것을 무엇이라고 하는가?	내보내기(Export)는 모듈 경계를 정의하며, 외부에 제공할 API를 결정합니다. 면접에서는 default export와 named export 차이, 리팩터링 용이성을 묻기도 합니다. 실무에서는 공개 API를 최소화하면 변경 영향이 줄고, 내부 구현을 자유롭게 바꿀 수 있습니다. 또한 export가 많아지면 모듈 책임이 커졌다는 신호일 수 있어 분리 기준을 점검해야 합니다. 내보내기 설계는 “라이브러리 관점”으로 생각하면 더 깔끔해집니다.	내보내기									frontend	javascript	module	
Q623	가져오기(Import)		Frontend - JavaScript	12	INITIALS	EASY	다른 모듈에서 내보낸 값을 현재 파일로 불러오는 것을 무엇이라고 하는가?	가져오기(Import)는 의존성을 명시적으로 선언해 코드 흐름을 예측 가능하게 합니다. 면접에서는 import 시점(정적 로딩)과 dynamic import의 차이를 물을 수 있습니다. 실무에서는 경로 별칭 설정, 배럴 파일(index) 구성 등으로 import 가독성을 관리합니다. 또한 순환 의존이 생기면 undefined가 나올 수 있어 모듈 설계가 중요합니다. import를 잘 관리하면 빌드 성능과 유지보수성이 함께 좋아집니다.	가져오기									frontend	javascript	module	
Q624	동적 임포트(Dynamic Import)		Frontend - JavaScript	12	INITIALS	EASY	필요할 때 모듈을 비동기로 로드해 코드 스플리팅에 활용하는 import 방식을 무엇이라고 하는가?	동적 임포트(Dynamic Import)는 런타임에 모듈을 로드해 번들을 나누고 초기 로딩을 개선할 수 있습니다. 면접에서는 코드 스플리팅과 연결해 “왜 필요한가”를 설명하는 질문이 나올 수 있습니다. 실무에서는 라우트 단위 로딩, 무거운 라이브러리(차트/에디터) 지연 로딩에서 효과가 큽니다. 다만 네트워크 실패 시 fallback UI와 재시도 전략을 설계해야 사용자 경험이 안정적입니다. 또한 너무 잘게 쪼개면 요청이 많아져 오히려 느려질 수 있어, 분할 기준을 측정 기반으로 잡는 것이 좋습니다.	동적 임포트									frontend	javascript	performance	
Q625	노드(Node)		Frontend - JavaScript	12	INITIALS	EASY	DOM 트리를 구성하는 각 요소(문서, 요소, 텍스트 등) 단위를 무엇이라고 하는가?	노드(Node)는 DOM을 구성하는 기본 단위로, 요소 노드/텍스트 노드/문서 노드 등이 있습니다. 면접에서는 element와 node의 차이, childNodes와 children의 차이를 묻기도 합니다. 실무에서는 텍스트 노드 때문에 예상과 다른 인덱스가 나오는 경우가 있어, 필요한 API를 정확히 선택해야 합니다. 또한 노드 조작은 리플로우/리페인트 비용을 유발할 수 있어, 한 번에 변경하거나 DocumentFragment를 쓰는 최적화도 고려합니다. 노드 개념을 알면 DOM 디버깅이 훨씬 쉬워집니다.	노드									frontend	javascript	dom	
Q626	요소(Element)		Frontend - JavaScript	12	INITIALS	EASY	DOM에서 태그 하나에 해당하는 객체 단위를 무엇이라고 하는가?	요소(Element)는 div, button 같은 HTML 태그에 대응하는 DOM 객체입니다. 면접에서는 Element와 Node의 차이, 그리고 querySelector 계열 API 활용을 질문할 수 있습니다. 실무에서는 요소를 선택할 때 클래스/데이터 속성(data-*)을 이용해 안정적인 셀렉터를 설계하는 것이 중요합니다. 또한 UI가 커질수록 DOM 탐색 비용이 늘 수 있어, 캐싱하거나 이벤트 위임으로 최적화합니다. 요소 개념은 DOM 조작과 이벤트 처리의 출발점입니다.	요소									frontend	javascript	dom	
Q627	이벤트(Event)		Frontend - JavaScript	12	INITIALS	EASY	클릭, 키보드 입력처럼 사용자/브라우저 동작으로 발생하는 신호를 무엇이라고 하는가?	이벤트(Event)는 사용자 인터랙션과 브라우저 상태 변화를 코드로 처리하게 해주는 메커니즘입니다. 면접에서는 이벤트 전파(캡처링/버블링)와 기본 동작 방지(preventDefault)를 자주 묻습니다. 실무에서는 이벤트 핸들러가 많아지면 관리가 어려워지므로, 위임 패턴이나 컴포넌트 구조로 책임을 분리합니다. 또한 스크롤/리사이즈 같은 이벤트는 빈번하게 발생해 성능 이슈가 생기므로 스로틀/디바운스를 적용합니다. 이벤트 모델을 이해하면 UI 버그를 빠르게 추적할 수 있습니다.	이벤트									frontend	javascript	dom	
Q628	이벤트 핸들러(Event Handler)		Frontend - JavaScript	12	INITIALS	EASY	이벤트가 발생했을 때 실행되도록 등록하는 함수를 무엇이라고 하는가?	이벤트 핸들러(Event Handler)는 addEventListener나 프레임워크 바인딩으로 등록합니다. 면접에서는 핸들러에서 this, event.target/currentTarget을 이해하는지 확인할 수 있습니다. 실무에서는 핸들러 내부에서 무거운 작업을 하면 UI가 멈출 수 있어, 작업을 분리하거나 비동기로 처리합니다. 또한 등록한 핸들러를 해제하지 않으면 메모리 누수나 중복 실행이 생길 수 있어 cleanup이 중요합니다. 이벤트 핸들러 설계는 UX와 성능에 직결됩니다.	이벤트 핸들러									frontend	javascript	dom	
Q629	기본 동작 방지(Prevent Default)		Frontend - JavaScript	12	INITIALS	EASY	링크 이동, 폼 제출 같은 브라우저 기본 동작을 막는 처리를 무엇이라고 하는가?	기본 동작 방지(Prevent Default)는 event.preventDefault로 수행합니다. 면접에서는 버블링 중지(stopPropagation)와 차이를 구분하는 질문이 자주 나옵니다. 실무에서는 SPA에서 a 태그 클릭 시 라우팅으로 대체하거나, 폼 제출을 AJAX로 처리할 때 기본 동작을 막습니다. 다만 접근성 측면에서 기본 동작을 막으면 키보드/스크린리더 사용성이 떨어질 수 있어, 의미 있는 요소와 ARIA를 함께 고려해야 합니다. 기본 동작 방지는 편하지만, UX/접근성까지 함께 보는 습관이 중요합니다.	기본 동작 방지									frontend	javascript	dom	
Q630	이벤트 캡처링(Event Capturing)		Frontend - JavaScript	12	INITIALS	EASY	이벤트가 부모에서 자식 방향으로 내려가며 전파되는 단계를 무엇이라고 하는가?	이벤트 캡처링(Event Capturing)은 전파의 첫 단계로, 상위 요소에서 하위 요소로 이벤트가 전달됩니다. 면접에서는 캡처링과 버블링 순서, addEventListener의 옵션(capture)을 물어볼 수 있습니다. 실무에서는 특별한 경우가 아니면 버블링을 주로 사용하지만, 캡처링이 필요한 UI(모달 외부 클릭 감지 등)도 있습니다. 또한 전파 흐름을 모르면 stopPropagation 적용이 예상과 다르게 동작할 수 있습니다. 캡처링을 이해하면 이벤트 디버깅이 훨씬 명확해집니다.	이벤트 캡처링									frontend	javascript	dom	
Q631	로컬 스토리지(Local Storage)		Frontend - JavaScript	12	INITIALS	EASY	브라우저에 문자열 데이터를 영구적으로 저장하는 Web Storage를 무엇이라고 하는가?	로컬 스토리지(Local Storage)는 브라우저에 키-값 형태로 문자열을 저장하며, 탭을 닫아도 남습니다. 면접에서는 세션 스토리지와 차이, 그리고 저장 용량/동일 출처 정책을 물을 수 있습니다. 실무에서는 로그인 상태 같은 민감 정보를 저장하면 보안 위험이 크므로, 토큰 저장 전략을 신중히 선택해야 합니다. 또한 저장 값은 문자열이므로 객체는 JSON 직렬화가 필요하고, 버전 변경 시 마이그레이션도 고려해야 합니다. 로컬 스토리지는 편하지만 보안과 데이터 관리가 핵심입니다.	로컬 스토리지									frontend	javascript	web	
Q632	세션 스토리지(Session Storage)		Frontend - JavaScript	12	INITIALS	EASY	브라우저 탭(세션) 단위로만 유지되는 Web Storage를 무엇이라고 하는가?	세션 스토리지(Session Storage)는 탭 단위로 저장되며, 탭을 닫으면 데이터가 사라집니다. 면접에서는 로컬 스토리지와 수명 차이, 동일 출처 정책을 설명할 수 있어야 합니다. 실무에서는 일시적인 UI 상태, 임시 폼 데이터 같은 용도로 쓰기에 적합합니다. 하지만 민감 정보 저장은 여전히 위험하며, XSS가 있으면 탈취될 수 있다는 점을 잊으면 안 됩니다. 세션 스토리지는 수명이 짧아도 보안과 데이터 정합성을 함께 고려해야 합니다.	세션 스토리지									frontend	javascript	web	
Q633	쿠키(Cookie)		Frontend - JavaScript	12	INITIALS	EASY	서버와 클라이언트가 요청마다 함께 주고받을 수 있는 작은 데이터 저장 방식은 무엇인가?	쿠키(Cookie)는 요청마다 자동으로 전송될 수 있어 인증/세션 관리에 자주 쓰입니다. 면접에서는 HttpOnly, Secure, SameSite 같은 옵션을 알고 있는지 자주 확인합니다. 실무에서는 XSS/CSRF 방어를 위해 쿠키 옵션 설정이 매우 중요하고, 도메인/경로 범위도 설계해야 합니다. 또한 쿠키는 용량 제한이 있고 요청마다 전송되어 네트워크 비용이 생길 수 있습니다. 쿠키는 단순 저장소가 아니라 보안 정책과 함께 다루는 핵심 요소입니다.	쿠키									frontend	javascript	security	
Q634	폼 이벤트(Form Event)		Frontend - JavaScript	12	INITIALS	EASY	submit, change, input처럼 폼에서 자주 발생하는 이벤트 종류를 무엇이라고 하는가?	폼 이벤트(Form Event)는 사용자 입력과 검증 로직의 핵심 트리거입니다. 면접에서는 input과 change 차이, submit 시 기본 동작 방지 같은 질문이 나올 수 있습니다. 실무에서는 실시간 검증은 input, 최종 검증은 submit처럼 이벤트를 목적에 맞게 선택합니다. 또한 성능을 위해 디바운스를 적용하거나, 접근성을 위해 키보드 입력 흐름을 고려해야 합니다. 폼 이벤트를 잘 다루면 사용자 경험과 데이터 품질이 크게 좋아집니다.	폼 이벤트									frontend	javascript	dom	
Q635	데이터 속성(data attribute)		Frontend - JavaScript	12	INITIALS	EASY	HTML 요소에 data- 형태로 커스텀 정보를 저장하는 속성을 무엇이라고 하는가?	데이터 속성(data attribute)은 data-*로 정의하며, DOM에서 dataset으로 접근할 수 있습니다. 면접에서는 dataset이 문자열로 제공된다는 점과 사용 목적을 물을 수 있습니다. 실무에서는 테스트 훅, 이벤트 위임에서 식별자 역할, 간단한 상태 표시 등에 자주 사용됩니다. 다만 민감 정보나 큰 데이터를 data-*에 넣으면 DOM 노출/성능 문제가 생길 수 있어 피해야 합니다. 데이터 속성은 UI와 로직 연결을 안정적으로 만드는 도구지만, 설계 기준을 세워 사용해야 합니다.	데이터 속성									frontend	javascript	dom	
Q636	이벤트 위임 선택자 매칭(Selector Matching)		Frontend - JavaScript	12	INITIALS	EASY	이벤트 위임에서 클릭된 요소가 특정 셀렉터에 해당하는지 확인하는 과정을 무엇이라고 하는가?	이벤트 위임에서는 event.target이 항상 원하는 요소가 아닐 수 있어, 선택자 매칭이 필요합니다. 면접에서는 closest를 사용해 상위로 올라가며 매칭하는 패턴을 설명할 수 있으면 좋습니다. 실무에서는 버튼 안의 아이콘을 클릭했을 때도 버튼을 인식하도록, target을 closest로 정규화하는 처리가 흔합니다. 또한 매칭 로직이 부정확하면 다른 요소 클릭까지 처리되는 버그가 생기므로, data-*와 함께 안정적인 기준을 세우는 것이 좋습니다. 선택자 매칭을 잘하면 이벤트 위임을 안전하고 유지보수하기 쉽게 만들 수 있습니다.	선택자 매칭									frontend	javascript	dom	
Q637	렌더링(Rendering)		Frontend - JavaScript	12	INITIALS	EASY	브라우저가 HTML/CSS를 해석해 화면에 그려내는 과정을 무엇이라고 하는가?	렌더링(Rendering)은 DOM과 CSSOM을 기반으로 레이아웃 계산과 페인팅을 거쳐 화면을 그리는 과정입니다. 면접에서는 리플로우(레이아웃)와 리페인트(그리기) 차이를 연결해 묻는 경우가 많습니다. 실무에서는 DOM 조작을 자주 하면 렌더링 비용이 커져 성능이 떨어질 수 있어, 변경을 묶어서 처리하거나 클래스 토글처럼 비용이 적은 방식으로 설계합니다. 또한 애니메이션은 transform/opacity 중심으로 구성하면 성능이 좋아지는 편입니다. 렌더링 흐름을 이해하면 “왜 느리지?” 문제를 원리 기반으로 해결할 수 있습니다.	렌더링									frontend	javascript	browser	
Q638	리플로우(Reflow)		Frontend - JavaScript	12	INITIALS	EASY	레이아웃(요소 크기/위치)을 다시 계산하는 과정을 무엇이라고 하는가?	리플로우(Reflow)는 레이아웃이 바뀌면 요소들의 크기/위치를 다시 계산하는 과정입니다. 면접에서는 “리플로우가 비싼 이유”와 “어떻게 줄이냐”가 단골 질문입니다. 실무에서는 offsetWidth 같은 레이아웃 스래싱을 유발하는 속성 접근을 주의해야 합니다. 또한 DOM 변경을 한 번에 모으거나, display 변경을 최소화하는 방식으로 비용을 줄입니다. 리플로우를 이해하면 스크롤 끊김 같은 성능 문제를 빠르게 개선할 수 있습니다.	리플로우									frontend	javascript	performance	
Q639	리페인트(Repaint)		Frontend - JavaScript	12	INITIALS	EASY	레이아웃 변화 없이 화면을 다시 그리는 과정을 무엇이라고 하는가?	리페인트(Repaint)는 색상, 그림자 같은 시각적 변경으로 인해 픽셀을 다시 그리는 과정입니다. 면접에서는 리플로우와 비교해 설명하는 문제가 자주 나옵니다. 실무에서는 box-shadow, blur 같은 효과가 리페인트 비용을 키울 수 있어, 애니메이션이나 잦은 변경에서는 신중히 사용합니다. 또한 GPU 가속이 잘 되는 속성(transform/opacity)을 활용하면 리페인트 부담을 줄일 수 있습니다. 리페인트를 이해하면 “디자인 효과 vs 성능”의 균형을 더 잘 잡을 수 있습니다.	리페인트									frontend	javascript	performance	
Q640	레이아웃 스래싱(Layout Thrashing)		Frontend - JavaScript	12	INITIALS	EASY	DOM 변경과 레이아웃 읽기가 번갈아 일어나며 성능이 급락하는 현상을 무엇이라고 하는가?	레이아웃 스래싱(Layout Thrashing)은 스타일 변경 후 레이아웃 값을 읽는 작업이 반복되어 강제 동기 레이아웃을 유발하는 문제입니다. 면접에서는 “읽기-쓰기 분리” 전략을 아는지 확인할 수 있습니다. 실무에서는 DOM 쓰기 작업을 모아서 한 번에 하고, 레이아웃 읽기는 별도로 모으는 방식으로 개선합니다. 또한 requestAnimationFrame을 활용해 프레임 단위로 업데이트하면 부드러운 UI를 만들 수 있습니다. 스래싱을 이해하면 스크롤/드래그 UI의 끊김을 원인부터 해결할 수 있습니다.	레이아웃 스래싱									frontend	javascript	performance	
Q641	마이크로태스크(Microtask)		Frontend - JavaScript	12	INITIALS	EASY	Promise.then 같은 작업이 들어가는 큐의 단위를 무엇이라고 하는가?	마이크로태스크(Microtask)는 현재 실행이 끝난 직후, 렌더링/다음 태스크 전에 우선 처리되는 작업 큐입니다. 면접에서는 태스크 큐와 우선순위 차이로 실행 순서를 설명하게 하는 경우가 많습니다. 실무에서는 Promise 체인이 길면 UI 반영이 지연될 수 있어, 작업을 적절히 쪼개거나 스케줄링을 고려해야 합니다. 또한 “왜 setTimeout보다 then이 먼저 실행되나” 같은 질문에 답할 때 핵심 개념입니다. 마이크로태스크를 이해하면 비동기 순서 버그를 훨씬 정확히 잡을 수 있습니다.	마이크로태스크									frontend	javascript	async	
Q642	태스크 큐(Task Queue)		Frontend - JavaScript	12	INITIALS	EASY	setTimeout 같은 작업이 대기하는 큐를 무엇이라고 하는가?	태스크 큐(Task Queue)는 이벤트 루프가 콜 스택이 비면 실행할 작업들이 대기하는 큐입니다. 면접에서는 매크로태스크(태스크)와 마이크로태스크의 차이를 구분해 설명해야 합니다. 실무에서는 타이머 지연이 정확하지 않은 이유(큐 대기, 메인 스레드 바쁨)를 이해하면 타이밍 문제를 줄일 수 있습니다. 또한 UI가 끊길 때는 콜 스택을 길게 점유하는 태스크가 있는지 찾아야 합니다. 태스크 큐는 브라우저 런타임 이해의 핵심 중 하나입니다.	태스크 큐									frontend	javascript	async	
Q643	콜 스택(Call Stack)		Frontend - JavaScript	12	INITIALS	EASY	함수 호출이 쌓이고 실행 순서가 관리되는 스택 구조를 무엇이라고 하는가?	콜 스택(Call Stack)은 함수 호출 프레임이 쌓이는 구조로, JS 실행 흐름의 중심입니다. 면접에서는 “스택 오버플로우가 왜 생기나” 같은 질문이 연결될 수 있습니다. 실무에서는 긴 동기 작업이 콜 스택을 점유하면 UI가 멈추므로, 작업을 분할하거나 비동기/워커로 넘기는 전략이 필요합니다. 또한 디버거에서 스택 트레이스를 읽을 수 있어야 원인 추적이 빠릅니다. 콜 스택을 이해하면 실행 흐름을 추적하는 기본기가 탄탄해집니다.	콜 스택									frontend	javascript	runtime	
Q644	스택 트레이스(Stack Trace)		Frontend - JavaScript	12	INITIALS	EASY	에러 발생 시 함수 호출 경로가 출력되는 정보를 무엇이라고 하는가?	스택 트레이스(Stack Trace)는 에러가 발생한 지점까지의 호출 경로를 보여줍니다. 면접에서는 디버깅 접근법을 묻는 질문에서 스택 트레이스를 읽는 방법을 설명하면 좋습니다. 실무에서는 원인이 비동기 경계에서 끊겨 보일 수 있어, 소스맵과 로깅을 함께 활용해야 합니다. 또한 트레이스가 길어도 핵심은 “가장 처음 내 코드에서 발생한 지점”을 찾는 것입니다. 스택 트레이스 해석 능력은 생산성과 직결되는 기본기입니다.	스택 트레이스									frontend	javascript	debugging	
Q645	디버거(Debugger)		Frontend - JavaScript	12	INITIALS	EASY	브라우저 개발자도구에서 중단점과 단계 실행으로 코드를 추적하는 도구를 무엇이라고 하는가?	디버거(Debugger)는 브레이크포인트로 실행을 멈추고 변수 값을 확인하며 원인을 찾는 도구입니다. 면접에서는 console.log만 쓰는지, 디버거 활용 경험이 있는지로 실무 감각을 보기도 합니다. 실무에서는 조건부 브레이크포인트, 네트워크/퍼포먼스 탭과 함께 문제를 종합적으로 분석합니다. 또한 sourcemap이 없으면 번들된 코드로 디버깅이 어려워지므로 빌드 설정도 중요합니다. 디버거를 잘 쓰면 문제 해결 속도가 크게 빨라집니다.	디버거									frontend	javascript	debugging	
Q646	소스맵(Source Map)		Frontend - JavaScript	12	INITIALS	EASY	번들/압축된 코드와 원본 소스 코드의 매핑 정보를 무엇이라고 하는가?	소스맵(Source Map)은 빌드된 코드에서도 원본 파일 기준으로 디버깅을 가능하게 해줍니다. 면접에서는 프로덕션에서 소스맵을 공개할지 여부(보안/편의 트레이드오프)를 질문할 수 있습니다. 실무에서는 에러 추적 도구(Sentry 등)와 함께 사용하면, 실제 사용자 환경의 오류를 원본 기준으로 빠르게 파악할 수 있습니다. 다만 소스맵이 노출되면 코드가 공개될 수 있어 배포 전략이 중요합니다. 소스맵은 “운영 디버깅” 품질을 좌우하는 핵심 자산입니다.	소스맵									frontend	javascript	tooling	
Q647	번들링(Bundling)		Frontend - JavaScript	12	INITIALS	EASY	여러 모듈 파일을 묶어 브라우저가 로드하기 쉬운 형태로 만드는 과정을 무엇이라고 하는가?	번들링(Bundling)은 여러 JS 모듈을 하나(또는 여러 덩어리)로 묶어 전달 효율을 높입니다. 면접에서는 번들러 역할과 코드 스플리팅 개념이 함께 나올 수 있습니다. 실무에서는 번들 크기가 커지면 초기 로딩이 느려져, 트리 셰이킹/동적 임포트/분할 전략이 중요합니다. 또한 번들링 과정에서 폴리필, 트랜스파일, 환경 변수 주입 등이 함께 이루어질 수 있습니다. 번들링을 이해하면 성능과 배포 문제를 더 체계적으로 해결할 수 있습니다.	번들링									frontend	javascript	tooling	
Q648	트리 셰이킹(Tree Shaking)		Frontend - JavaScript	12	INITIALS	EASY	사용하지 않는 코드를 번들에서 제거해 크기를 줄이는 최적화 기법을 무엇이라고 하는가?	트리 셰이킹(Tree Shaking)은 정적 분석을 통해 불필요한 코드를 제거하는 최적화입니다. 면접에서는 ESM이 트리 셰이킹에 유리한 이유를 설명하는 질문이 나올 수 있습니다. 실무에서는 사이드 이펙트(sideEffects) 설정이 잘못되면 제거가 안 되거나, 제거되면 안 되는 코드가 날아갈 수 있어 주의해야 합니다. 또한 “배럴 파일” 구성이나 import 방식에 따라 효과가 달라질 수 있습니다. 트리 셰이킹을 이해하면 번들 크기 최적화를 더 정확히 설계할 수 있습니다.	트리 셰이킹									frontend	javascript	performance	
Q649	트랜스파일링(Transpiling)		Frontend - JavaScript	12	INITIALS	EASY	최신 문법을 더 호환되는 문법으로 변환하는 과정을 무엇이라고 하는가?	트랜스파일링(Transpiling)은 ESNext 문법을 ES5/ES2015 등 목표 환경에 맞게 변환합니다. 면접에서는 Babel의 역할, 폴리필과의 차이를 질문할 수 있습니다. 실무에서는 타깃 브라우저에 따라 변환 수준이 달라지고, 변환이 많을수록 빌드 시간과 번들 크기에 영향이 있습니다. 또한 async/await 변환 시 런타임 헬퍼가 필요할 수 있어 설정을 이해해야 합니다. 트랜스파일링을 알면 “왜 이 문법이 안 먹지?” 같은 호환성 문제를 빠르게 해결할 수 있습니다.	트랜스파일링									frontend	javascript	tooling	
Q650	폴리필(Polyfill)		Frontend - JavaScript	12	INITIALS	EASY	오래된 환경에 없는 기능을 코드로 “채워 넣어” 제공하는 방식을 무엇이라고 하는가?	폴리필(Polyfill)은 표준 API가 없는 환경에서 동일한 기능을 제공하기 위해 추가하는 코드입니다. 면접에서는 트랜스파일과 폴리필의 차이를 구분해 설명하는 문제가 나올 수 있습니다. 실무에서는 core-js 같은 폴리필을 타깃에 맞게 최소로 포함해야 번들 크기를 줄일 수 있습니다. 또한 전역 오염이나 충돌 위험이 있어, 적용 범위를 신중히 설계해야 합니다. 폴리필을 이해하면 레거시 브라우저 지원과 성능 사이 균형을 잡기 쉬워집니다.	폴리필									frontend	javascript	tooling	
Q651	모듈 번들러(Module Bundler)		Frontend - JavaScript	12	INITIALS	EASY	모듈 의존성을 해석해 번들을 만드는 도구를 무엇이라고 하는가?	모듈 번들러(Module Bundler)는 의존성 그래프를 따라 파일을 묶고, 최적화까지 수행하는 도구입니다. 면접에서는 번들러가 하는 일(번들링, 코드 스플리팅, 자산 처리)을 설명할 수 있으면 좋습니다. 실무에서는 Webpack, Vite, Rollup 등 선택에 따라 개발 경험과 출력물이 달라집니다. 또한 번들러 설정은 복잡해지기 쉬워, 팀에서 합의된 규칙과 문서화가 중요합니다. 번들러 이해는 “빌드가 왜 깨지지?” 같은 문제 해결에 직접 도움이 됩니다.	모듈 번들러									frontend	javascript	tooling	
Q652	린터(Linter)		Frontend - JavaScript	12	INITIALS	EASY	코드 스타일과 잠재적 오류를 규칙 기반으로 검사하는 도구를 무엇이라고 하는가?	린터(Linter)는 코드 품질을 일정하게 유지하고 버그 패턴을 조기에 잡아줍니다. 면접에서는 ESLint 같은 도구를 어떻게 쓰는지, 왜 필요한지 질문이 나올 수 있습니다. 실무에서는 팀 규칙을 린트 룰로 자동화하면 코드 리뷰 부담이 줄고 일관성이 좋아집니다. 또한 린트 에러를 “무시”하기 시작하면 규칙이 무력화되므로, 규칙 설계와 예외 기준을 명확히 해야 합니다. 린터는 개발 문화와 품질의 기반이므로 초기에 잘 잡아두는 것이 좋습니다.	린터									frontend	javascript	tooling	
Q653	포매터(Formatter)		Frontend - JavaScript	12	INITIALS	EASY	코드 서식을 자동으로 정리해주는 도구를 무엇이라고 하는가?	포매터(Formatter)는 들여쓰기, 줄바꿈, 따옴표 스타일 등을 자동으로 맞춰줍니다. 면접에서는 프리티어(Prettier) 같은 도구 사용 경험을 묻는 정도로 자주 나옵니다. 실무에서는 포매터를 CI와 프리커밋 훅에 붙여 “저장하면 자동 정리” 흐름을 만들면 생산성이 올라갑니다. 또한 린터와 포매터 규칙이 충돌하면 개발 경험이 나빠지므로, 역할을 분리하고 설정을 통일해야 합니다. 포매터는 스타일 논쟁을 줄이고, 리뷰를 로직 중심으로 만들게 해줍니다.	포매터									frontend	javascript	tooling	
Q654	프리커밋 훅(Pre-commit Hook)		Frontend - JavaScript	12	INITIALS	EASY	커밋 전에 린트/테스트 등을 자동 실행해 품질을 강제하는 훅을 무엇이라고 하는가?	프리커밋 훅(Pre-commit Hook)은 Git 훅을 활용해 커밋 전에 자동 검사를 수행합니다. 면접에서는 협업 품질을 높이는 방식으로 CI/CD와 함께 언급할 수 있습니다. 실무에서는 Husky 같은 도구로 린트/포맷/테스트를 묶어 “깨진 코드가 들어오는 것”을 예방합니다. 다만 훅이 너무 느리면 개발자가 우회하려 하므로, 빠른 검사만 두고 무거운 작업은 CI로 넘기는 전략이 좋습니다. 프리커밋은 팀 생산성과 품질 사이 균형을 설계하는 포인트입니다.	프리커밋 훅									frontend	javascript	collaboration	
Q655	개발자 도구(Developer Tools)		Frontend - JavaScript	12	INITIALS	EASY	브라우저에서 콘솔, 네트워크, 요소 검사 등을 제공하는 도구 모음을 무엇이라고 하는가?	개발자 도구(Developer Tools)는 프론트엔드 디버깅의 핵심 도구입니다. 면접에서는 네트워크 탭으로 요청을 확인하는 방법, 콘솔/소스 탭 활용 경험을 묻기도 합니다. 실무에서는 성능 탭으로 렌더링 병목을 찾고, 메모리 탭으로 누수를 추적하는 등 고급 기능까지 활용하면 문제 해결 속도가 크게 올라갑니다. 또한 모바일/저사양 환경을 시뮬레이션해 실제 사용자 경험을 점검할 수 있습니다. 개발자 도구를 잘 쓰는 개발자는 문제를 “감”이 아니라 “근거”로 해결한다는 인상을 줍니다.	개발자 도구									frontend	javascript	debugging	
Q656	실행 컨텍스트(Execution Context)		Frontend - JavaScript	12	INITIALS	MEDIUM	자바스크립트 코드가 실행될 때 변수 환경, 스코프 체인, this 등을 묶어 관리하는 실행 단위를 무엇이라고 하는가?	실행 컨텍스트(Execution Context)는 JS 실행의 “무대”로, 코드가 어떤 환경에서 평가되고 실행되는지 담고 있습니다. 면접에서는 전역/함수/eval 컨텍스트 구분, 그리고 생성 단계와 실행 단계에서 무엇이 일어나는지 묻는 경우가 많습니다. 실무에서는 호이스팅, 클로저, this 바인딩 같은 현상을 설명할 때 실행 컨텍스트 모델을 알면 논리적으로 설명이 가능합니다. 특히 디버깅 중 “왜 이 변수는 여기서 접근되지?” 같은 문제를 스코프 체인 관점으로 풀어낼 수 있습니다. 실행 컨텍스트는 추상 개념이지만, JS의 많은 동작 원리를 관통하는 핵심이므로 중급 난이도에서 자주 등장합니다.	실행 컨텍스트									frontend	javascript	runtime	
Q657	렉시컬 환경(Lexical Environment)		Frontend - JavaScript	12	INITIALS	MEDIUM	식별자(변수/함수) 바인딩과 외부 환경 참조를 포함하는 스코프 정보를 담는 구조를 무엇이라고 하는가?	렉시컬 환경(Lexical Environment)은 “식별자 테이블 + 외부 참조”로 이해하면 쉽습니다. 면접에서는 렉시컬 환경이 실행 컨텍스트의 구성 요소이며, 스코프 체인을 어떻게 만드는지 연결 질문이 나올 수 있습니다. 실무에서는 클로저가 어떤 변수를 캡처하는지, 왜 가비지 컬렉션이 늦어질 수 있는지 설명할 때 도움이 됩니다. 또한 let/const의 TDZ 같은 동작이 렉시컬 환경의 초기화 시점과 연결됩니다. 개념이 추상적이지만, JS 런타임 모델을 이해하려면 반드시 한 번은 정리해야 하는 중급 포인트입니다.	렉시컬 환경									frontend	javascript	scope	
Q658	변수 환경(Variable Environment)		Frontend - JavaScript	12	INITIALS	MEDIUM	실행 컨텍스트에서 var로 선언된 식별자 등을 관리하는 환경 레코드를 가리키는 용어를 무엇이라고 하는가?	변수 환경(Variable Environment)은 전통적으로 var 선언과 함수 선언이 관리되는 환경으로 설명됩니다. 면접에서는 let/const가 렉시컬 환경에서 블록 스코프를 갖는 반면, var는 함수 스코프로 동작한다는 차이를 함께 묻는 흐름이 흔합니다. 실무에서는 레거시 코드에서 var 호이스팅/스코프 버그를 분석할 때 이 개념을 알면 원인 파악이 빨라집니다. 또한 “왜 같은 이름이 섞이면 의도치 않게 덮어쓰나” 같은 문제를 환경 레코드 관점으로 설명할 수 있습니다. 현대 JS에선 let/const 중심이지만, 면접에서는 var 이해를 통해 런타임 모델을 보는 경우가 있어 중급으로 분류됩니다.	변수 환경									frontend	javascript	runtime	
Q659	스코프 체인(Scope Chain)		Frontend - JavaScript	12	INITIALS	MEDIUM	식별자를 찾기 위해 현재 스코프에서 바깥 스코프로 순차적으로 탐색하는 연결 구조를 무엇이라고 하는가?	스코프 체인(Scope Chain)은 변수를 찾을 때 “현재 → 부모 → 전역”으로 올라가는 탐색 규칙입니다. 면접에서는 클로저와 연결해, 함수가 선언된 환경을 따라 체인이 구성된다는 점을 설명해야 합니다. 실무에서는 동일한 이름의 변수가 여러 스코프에 있을 때 섀도잉이 발생해 버그가 생길 수 있어 주의합니다. 또한 디버깅 시 “왜 전역 변수가 참조되지?” 같은 문제를 스코프 체인 관점으로 풀 수 있습니다. 스코프 체인은 JS 실행 모델의 핵심으로, 중급 난이도에서 매우 자주 출제됩니다.	스코프 체인									frontend	javascript	scope	
Q660	가비지 컬렉션(Garbage Collection)		Frontend - JavaScript	12	INITIALS	MEDIUM	더 이상 참조되지 않는 메모리를 자동으로 회수하는 메커니즘을 무엇이라고 하는가?	가비지 컬렉션(Garbage Collection)은 JS 엔진이 사용하지 않는 객체를 정리해 메모리를 관리하는 방식입니다. 면접에서는 “어떤 것이 수거 대상이 되나”를 참조 그래프 관점으로 설명할 수 있어야 합니다. 실무에서는 이벤트 리스너 해제 누락, 전역 캐시, 클로저 캡처 등으로 참조가 남아 누수가 생기기 쉬우므로 cleanup이 중요합니다. 또한 GC는 자동이지만 비용이 0이 아니어서, 프레임 드랍이나 버벅임과 연결될 수 있습니다. GC를 이해하면 메모리 누수 디버깅과 성능 최적화에 큰 도움이 됩니다.	가비지 컬렉션									frontend	javascript	performance	
Q661	메모리 누수(Memory Leak)		Frontend - JavaScript	12	INITIALS	MEDIUM	사용이 끝났는데도 참조가 남아 메모리가 해제되지 않는 문제를 무엇이라고 하는가?	메모리 누수(Memory Leak)는 SPA에서 특히 치명적이며, 장시간 사용 시 브라우저가 느려지는 원인이 됩니다. 면접에서는 이벤트 리스너, 타이머, 전역 배열 캐시, DOM 참조 보관 같은 대표 원인을 물어보는 경우가 많습니다. 실무에서는 컴포넌트 언마운트 시 cleanup, 약한 참조(WeakMap/WeakSet) 활용, 필요 최소한의 캐싱 전략이 중요합니다. 또한 크롬 메모리 프로파일링으로 누수 지점을 찾는 경험을 말할 수 있으면 강점입니다. 누수는 재현이 어려운 버그라, 설계 단계에서 예방하는 습관이 중요합니다.	메모리 누수									frontend	javascript	performance	
Q662	얕은 복사(Shallow Copy)		Frontend - JavaScript	12	INITIALS	MEDIUM	객체/배열을 복사할 때 1단계 참조만 복사되고 중첩 객체는 공유되는 복사를 무엇이라고 하는가?	얕은 복사(Shallow Copy)는 스프레드, Object.assign 등에서 흔히 발생합니다. 면접에서는 얕은 복사와 깊은 복사의 차이, 그리고 중첩 구조에서 버그가 나는 이유를 설명하는 문제가 자주 나옵니다. 실무에서는 상태 업데이트에서 얕은 복사만 하고 중첩 객체를 직접 수정하면, 변경이 예기치 않게 퍼지는 문제가 생깁니다. 따라서 필요한 레벨까지 복사하거나, 불변 업데이트 헬퍼를 사용해 구조적 공유를 유지하는 방식이 필요합니다. 얕은 복사는 편하지만 “어디까지 복사됐는지”를 항상 의식해야 안전합니다.	얕은 복사									frontend	javascript	data	
Q663	깊은 복사(Deep Copy)		Frontend - JavaScript	12	INITIALS	MEDIUM	중첩 객체까지 포함해 독립적인 새 객체로 전체를 복제하는 복사를 무엇이라고 하는가?	깊은 복사(Deep Copy)는 중첩 구조가 많은 데이터에서 참조 공유 버그를 막는 데 유용합니다. 면접에서는 JSON 기반 복사의 한계(함수/Date/undefined/순환 참조)를 알고 있는지 묻는 경우가 많습니다. 실무에서는 structuredClone 같은 API, 라이브러리, 또는 도메인에 맞는 커스텀 복사 전략을 선택합니다. 다만 깊은 복사는 비용이 크기 때문에, 무조건 깊게 복사하기보다 “필요한 부분만 복사”하는 불변 업데이트가 더 효율적일 때가 많습니다. 깊은 복사는 안전성/성능 트레이드오프를 설명할 수 있으면 중급 답변으로 좋습니다.	깊은 복사									frontend	javascript	data	
Q664	구조적 공유(Structural Sharing)		Frontend - JavaScript	12	INITIALS	MEDIUM	변경된 부분만 새로 만들고 나머지는 기존 참조를 재사용하는 불변 업데이트 전략을 무엇이라고 하는가?	구조적 공유(Structural Sharing)는 불변성을 유지하면서도 성능을 확보하는 핵심 전략입니다. 면접에서는 “왜 불변 업데이트가 비싼데도 많이 쓰나”를 설명할 때 구조적 공유를 언급하면 좋습니다. 실무에서는 Redux/React 상태 관리에서 참조 동일성 비교로 최적화가 가능해집니다. 또한 Immer 같은 라이브러리가 내부적으로 구조적 공유를 만들어 개발 경험을 개선합니다. 구조적 공유는 단순 용어가 아니라 “대규모 상태를 효율적으로 다루는 방법”이라는 관점으로 설명하는 게 중요합니다.	구조적 공유									frontend	javascript	state	
Q665	이벤트 루프 우선순위(Event Loop Priority)		Frontend - JavaScript	12	INITIALS	MEDIUM	마이크로태스크가 태스크보다 먼저 처리되는 등, 큐 처리 순서 규칙을 무엇이라고 하는가?	이벤트 루프 우선순위(Event Loop Priority)는 실행 순서를 설명하는 핵심 포인트입니다. 면접에서는 Promise.then과 setTimeout의 실행 순서를 코드로 제시하고 설명하게 하는 문제가 흔합니다. 실무에서는 마이크로태스크가 과도하면 렌더링이 밀릴 수 있어, 대량 작업을 적절히 나누는 스케줄링이 필요합니다. 또한 프레임워크 내부에서 상태 업데이트가 언제 반영되는지 이해할 때 도움이 됩니다. 이 개념을 알면 “왜 내 코드가 먼저 실행되지?” 같은 타이밍 이슈를 논리적으로 설명할 수 있습니다.	이벤트 루프 우선순위									frontend	javascript	async	
Q666	프로토타입 오염(Prototype Pollution)		Frontend - JavaScript	12	INITIALS	MEDIUM	proto 같은 키를 통해 객체 프로토타입을 변조하여 취약점을 만드는 공격/버그를 무엇이라고 하는가?	프로토타입 오염(Prototype Pollution)은 입력 객체를 병합할 때 악성 키가 섞이면 전역 객체 동작이 바뀌는 취약점입니다. 면접에서는 보안에 관심 있는 회사에서 “객체 병합 시 주의점” 형태로 나올 수 있습니다. 실무에서는 깊은 병합 라이브러리 사용 시 보안 패치를 확인하고, 위험 키를 필터링하거나 Object.create(null) 기반 맵을 쓰는 전략이 있습니다. 또한 서버/클라이언트 모두 영향을 받을 수 있어, 신뢰 경계에서 입력 검증이 중요합니다. 이 개념을 알면 “단순 병합 코드”가 보안 사고로 이어질 수 있음을 설명할 수 있습니다.	프로토타입 오염									frontend	javascript	security	
Q667	이벤트 위임 함정(Delegation Pitfall)		Frontend - JavaScript	12	INITIALS	MEDIUM	event.target이 기대한 요소가 아닌 자식 노드로 잡혀 로직이 오작동하는 문제를 무엇이라고 하는가?	이벤트 위임 함정(Delegation Pitfall)은 위임 패턴에서 가장 흔한 버그 포인트입니다. 면접에서는 target과 currentTarget 차이, 그리고 closest로 정규화하는 패턴을 설명할 수 있어야 합니다. 실무에서는 버튼 안 아이콘 클릭, 텍스트 노드 클릭 등으로 target이 달라지면서 조건문이 깨지는 일이 많습니다. 따라서 데이터 속성(data-*)을 기준으로 매칭하거나, closest로 실제 액션 요소를 찾는 방식이 안정적입니다. 이 함정을 알고 있으면 이벤트 위임을 “안전하게” 구현할 수 있다는 점에서 중급 실무 감각으로 평가됩니다.	이벤트 위임 함정									frontend	javascript	dom	
Q668	프레임 드랍(Frame Drop)		Frontend - JavaScript	12	INITIALS	MEDIUM	렌더링이 제때 이루어지지 않아 애니메이션/스크롤이 끊겨 보이는 현상을 무엇이라고 하는가?	프레임 드랍(Frame Drop)은 메인 스레드가 바쁘거나 렌더링 비용이 커서 프레임을 놓치는 현상입니다. 면접에서는 리플로우/리페인트, long task, 이벤트 루프와 연결해 원인을 설명하게 할 수 있습니다. 실무에서는 작업을 쪼개거나 requestAnimationFrame 사용, DOM 변경 최소화, CSS 애니메이션 최적화로 개선합니다. 또한 성능 측정(Performance 탭, Lighthouse)으로 병목을 확인해야 “감”이 아닌 근거 기반 튜닝이 가능합니다. 프레임 드랍은 사용자 체감이 크므로, 중급 면접에서 실제 경험을 묻기 좋습니다.	프레임 드랍									frontend	javascript	performance	
Q669	롱 태스크(Long Task)		Frontend - JavaScript	12	INITIALS	MEDIUM	메인 스레드를 오래 점유해 입력 반응과 렌더링을 막는 긴 작업을 무엇이라고 하는가?	롱 태스크(Long Task)는 보통 50ms 이상 메인 스레드를 점유하는 작업으로, 입력 지연과 UI 끊김의 원인이 됩니다. 면접에서는 “왜 클릭이 늦게 반응하나” 같은 사례에서 long task를 언급하면 실무적인 답변이 됩니다. 실무에서는 작업 분할, 웹 워커 사용, 디바운스/스로틀 적용, 불필요한 재렌더링 제거로 개선합니다. 또한 성능 탭에서 메인 스레드 타임라인을 보고 원인을 특정할 수 있어야 합니다. 롱 태스크 개념은 UX와 성능을 연결하는 중요한 중급 포인트입니다.	롱 태스크									frontend	javascript	performance	
Q670	Web Worker(웹 워커)		Frontend - JavaScript	12	INITIALS	MEDIUM	무거운 계산을 메인 스레드와 분리된 스레드에서 실행하게 하는 브라우저 기능을 무엇이라고 하는가?	Web Worker는 메인 스레드를 막지 않고 계산을 수행해 UI를 부드럽게 유지합니다. 면접에서는 워커가 DOM에 직접 접근할 수 없고 메시지로 통신한다는 제약을 설명할 수 있어야 합니다. 실무에서는 이미지 처리, 대량 파싱, 암호화, 검색 인덱싱 같은 작업에 유용합니다. 다만 데이터 전달 비용(구조화 복사/전송 가능 객체)과 빌드 설정(번들러 워커 지원)을 함께 고려해야 합니다. 워커를 이해하면 “연산 때문에 UI가 멈춘다” 문제를 구조적으로 해결할 수 있습니다.	웹 워커									frontend	javascript	performance	
Q671	구조화 복사(Structured Clone)		Frontend - JavaScript	12	INITIALS	MEDIUM	워커 메시지나 structuredClone에서 사용하는, 객체를 안전하게 복제하는 알고리즘을 무엇이라고 하는가?	구조화 복사(Structured Clone)는 다양한 내장 타입을 비교적 안전하게 복제할 수 있는 표준 메커니즘입니다. 면접에서는 JSON 복사와 차이(지원 타입, 순환 참조 가능 여부)를 비교하는 질문이 나올 수 있습니다. 실무에서는 워커로 데이터를 보낼 때 복사 비용이 크면 성능이 나빠질 수 있어, Transferable(예: ArrayBuffer)로 소유권을 넘기는 전략도 고려합니다. 또한 structuredClone이 지원하지 않는 타입이 있을 수 있어, 타깃 브라우저와 폴리필 여부를 확인해야 합니다. 구조화 복사는 깊은 복사/메시지 전달 성능을 이해하는 데 중요한 중급 개념입니다.	구조화 복사									frontend	javascript	data	
Q672	Promise 체인(Promise Chaining)		Frontend - JavaScript	12	INITIALS	MEDIUM	then을 연속으로 연결해 비동기 흐름을 순차 처리하는 패턴을 무엇이라고 하는가?	Promise 체인(Promise Chaining)은 then이 Promise를 반환한다는 성질을 이용해 비동기 작업을 순서대로 이어 붙이는 방식입니다. 면접에서는 체인에서 return을 빼먹으면 값이 어떻게 전달되는지, 그리고 에러가 어떻게 전파되는지 질문이 자주 나옵니다. 실무에서는 “중첩 then 지옥”을 피하고 흐름을 평평하게 만들 수 있어 가독성이 좋아집니다. 다만 체인이 길어지면 단계별 책임이 흐려질 수 있어, 함수로 분리하거나 async/await로 전환하는 선택이 필요합니다. 체인 개념을 이해하면 비동기 코드의 결과 전달과 에러 처리를 더 안정적으로 설계할 수 있습니다.	프로미스 체인									frontend	javascript	async	
Q673	에러 전파(Error Propagation)		Frontend - JavaScript	12	INITIALS	MEDIUM	Promise 체인이나 함수 호출에서 오류가 상위로 전달되는 동작을 무엇이라고 하는가?	에러 전파(Error Propagation)는 throw나 reject가 상위 catch로 전달되는 규칙을 의미합니다. 면접에서는 “어디에서 catch해야 하는가”와 “중간에 잡으면 이후 흐름은 어떻게 되나” 같은 질문이 나올 수 있습니다. 실무에서는 너무 아래에서 에러를 다 잡아버리면 장애 감지가 어려워져, 로깅/재시도/사용자 메시지 책임을 분리하는 전략이 필요합니다. 또한 에러를 감싸서 재throw할 때 원인(cause) 정보를 잃지 않도록 주의해야 합니다. 에러 전파를 이해하면 비동기 로직에서 누락되는 오류를 줄이고 운영 안정성을 높일 수 있습니다.	에러 전파									frontend	javascript	error	
Q674	Unhandled Rejection(미처리 거부)		Frontend - JavaScript	12	INITIALS	MEDIUM	Promise가 reject 되었지만 catch되지 않아 콘솔 경고/에러로 나타나는 현상을 무엇이라고 하는가?	Unhandled Rejection은 비동기 에러가 처리되지 않았을 때 발생하는 대표적인 운영 장애 신호입니다. 면접에서는 “왜 try-catch로 못 잡나”를 async/await의 catch 위치와 연결해 묻기도 합니다. 실무에서는 전역 핸들러(window.onunhandledrejection)로 로깅을 걸어두고, 반드시 개별 흐름에서 처리하도록 규칙을 정합니다. 또한 fire-and-forget 패턴을 쓰면 누락되기 쉬워, 반환된 Promise를 반드시 await하거나 catch를 붙이는 습관이 중요합니다. 이 개념은 비동기 안정성의 기본이자, 중급 실무 감각을 보여주는 포인트입니다.	미처리 거부									frontend	javascript	async	
Q675	동시성 제한(Concurrency Limit)		Frontend - JavaScript	12	INITIALS	MEDIUM	동시에 실행되는 비동기 작업 수를 제한해 부하를 조절하는 기법을 무엇이라고 하는가?	동시성 제한(Concurrency Limit)은 무작정 Promise.all로 때리는 방식의 부작용을 줄입니다. 면접에서는 “요청이 100개면 어떻게 하겠나” 같은 질문에서 답으로 자주 등장합니다. 실무에서는 서버 레이트리밋, 브라우저 연결 제한, 모바일 네트워크 환경을 고려해 적절한 동시성 값을 설정합니다. 또한 큐를 두고 완료될 때 다음 작업을 실행하는 패턴으로 구현하며, 실패 재시도 정책과 결합되기도 합니다. 동시성 제한은 성능과 안정성의 균형을 잡는 대표적인 중급 설계 포인트입니다.	동시성 제한									frontend	javascript	network	
Q676	요청 디듀플리케이션(Request Deduplication)		Frontend - JavaScript	12	INITIALS	MEDIUM	동일한 요청이 동시에 발생할 때 한 번만 보내고 결과를 공유하는 최적화 기법을 무엇이라고 하는가?	요청 디듀플리케이션(Request Deduplication)은 중복 네트워크 호출을 줄여 서버 부하와 응답 지연을 개선합니다. 면접에서는 캐싱과의 차이(시간 범위, “동시에 발생한 동일 요청” 처리)를 비교해 물을 수 있습니다. 실무에서는 검색 자동완성, 무한 스크롤, 화면 진입 시 동시 렌더링에서 같은 API가 여러 번 호출되는 문제를 해결합니다. 구현은 “진행 중인 Promise를 맵에 저장했다가 재사용”하는 방식이 흔하며, 실패 시 맵 정리와 재시도 정책이 중요합니다. 이 개념을 알면 프론트 네트워크 최적화에서 한 단계 더 실무적인 답변이 됩니다.	요청 디듀플리케이션									frontend	javascript	performance	
Q677	캐시 무효화(Cache Invalidation)		Frontend - JavaScript	12	INITIALS	MEDIUM	캐시에 저장된 데이터를 더 이상 신뢰할 수 없을 때 갱신/삭제하는 전략을 무엇이라고 하는가?	캐시 무효화(Cache Invalidation)는 “캐시는 어렵다”의 핵심 문제 중 하나로, 데이터 신선도와 성능을 동시에 다룹니다. 면접에서는 TTL 기반 vs 이벤트 기반 무효화, 그리고 언제 stale 데이터가 문제인지 질문할 수 있습니다. 실무에서는 글 수정/삭제 후 리스트가 갱신되지 않는 버그가 대표적이며, 쿼리 키 설계와 무효화 트리거가 중요합니다. 또한 낙관적 업데이트를 쓰면 무효화 시점과 롤백 전략이 복잡해질 수 있습니다. 캐시 무효화를 이해하면 상태 관리/데이터 패칭 라이브러리 활용도(React Query 등)가 더 깊어집니다.	캐시 무효화									frontend	javascript	state	
Q678	낙관적 업데이트(Optimistic Update)		Frontend - JavaScript	12	INITIALS	MEDIUM	서버 응답을 기다리지 않고 성공을 가정해 UI를 먼저 업데이트하는 전략을 무엇이라고 하는가?	낙관적 업데이트(Optimistic Update)는 UX를 빠르게 만들지만, 실패 시 롤백 처리가 핵심입니다. 면접에서는 “실패하면 어떻게 복구하나”가 반드시 따라옵니다. 실무에서는 좋아요/팔로우 같은 토글 UI에서 많이 쓰며, 서버와 최종 상태가 달라지는 경합을 고려해야 합니다. 또한 중복 클릭, 지연 응답, 재시도 로직이 섞이면 상태가 꼬이기 쉬워, 요청 식별자와 최신 응답만 반영하는 전략이 필요합니다. 낙관적 업데이트는 중급 이상에서 “실무 감각”을 보여주는 대표 키워드입니다.	낙관적 업데이트									frontend	javascript	state	
Q679	비관적 업데이트(Pessimistic Update)		Frontend - JavaScript	12	INITIALS	MEDIUM	서버 응답을 받은 뒤에 UI 상태를 반영하는 보수적인 업데이트 전략을 무엇이라고 하는가?	비관적 업데이트(Pessimistic Update)는 데이터 정합성을 우선시해 “확정된 결과만 UI에 반영”합니다. 면접에서는 낙관적 업데이트와 비교해 장단점을 설명하는 질문이 나옵니다. 실무에서는 결제/주문처럼 실패 비용이 큰 작업에서 주로 사용하며, 로딩 UI와 사용자 안내가 중요합니다. 또한 응답이 느리면 UX가 나빠질 수 있어, 스켈레톤/로딩 버튼/중복 클릭 방지 같은 보완이 필요합니다. 비관적 업데이트는 안정성을 선택하는 전략으로, 도메인 특성에 맞게 결정해야 합니다.	비관적 업데이트									frontend	javascript	state	
Q680	디바운스 트레일링(Trailing Debounce)		Frontend - JavaScript	12	INITIALS	MEDIUM	연속 입력이 끝난 뒤 마지막 이벤트 기준으로 한 번 실행되도록 하는 디바운스 방식은 무엇이라고 하는가?	디바운스 트레일링(Trailing Debounce)은 검색 자동완성, 입력 검증처럼 “마지막 값”이 중요한 경우에 적합합니다. 면접에서는 leading/trailing 옵션 차이를 설명하게 할 수 있습니다. 실무에서는 너무 짧은 딜레이는 요청 폭주를 막지 못하고, 너무 길면 UX가 답답해져 적절한 값(예: 200~400ms)을 실험적으로 조정합니다. 또한 컴포넌트 언마운트 시 타이머 정리를 하지 않으면 늦게 실행되어 경고가 날 수 있습니다. 디바운스는 간단하지만 옵션 설계가 품질을 좌우하는 중급 포인트입니다.	디바운스 트레일링									frontend	javascript	performance	
Q681	이벤트 리스너 누수(Listener Leak)		Frontend - JavaScript	12	INITIALS	MEDIUM	addEventListener를 등록하고 제거하지 않아 메모리/중복 실행 문제가 생기는 현상을 무엇이라고 하는가?	이벤트 리스너 누수(Listener Leak)는 SPA에서 특히 자주 발생하는 메모리 누수 원인입니다. 면접에서는 removeEventListener가 왜 같은 함수 참조를 요구하는지까지 이어질 수 있습니다. 실무에서는 컴포넌트 라이프사이클에 맞춰 cleanup을 넣고, 익명 함수 대신 명명된 핸들러를 사용해 해제를 보장합니다. 또한 document/window에 걸린 리스너는 영향 범위가 커서 누수 시 성능 저하가 크게 체감됩니다. 리스너 누수는 “코드가 돌아가긴 하는데 점점 느려지는” 문제의 대표 원인이라 중급 디버깅 포인트입니다.	이벤트 리스너 누수									frontend	javascript	performance	
Q682	이벤트 옵션 패시브(Passive Option)		Frontend - JavaScript	12	INITIALS	MEDIUM	스크롤 성능을 위해 리스너가 preventDefault를 호출하지 않음을 선언하는 옵션을 무엇이라고 하는가?	패시브 옵션(Passive Option)은 스크롤 이벤트 성능 최적화에서 중요한 설정입니다. 면접에서는 passive가 true면 preventDefault를 못 한다는 점과, 왜 성능이 좋아지는지(브라우저가 스크롤을 미리 진행 가능)를 설명할 수 있어야 합니다. 실무에서는 touchmove, wheel 같은 이벤트에서 경고가 뜨거나 스크롤이 끊길 때 적용을 검토합니다. 다만 실제로 기본 동작을 막아야 하는 경우(커스텀 스크롤)에는 passive를 켜면 기능이 깨질 수 있어 주의해야 합니다. 이벤트 옵션은 작은 설정 같지만 체감 성능에 큰 영향을 줄 수 있는 중급 포인트입니다.	패시브 옵션									frontend	javascript	performance	
Q683	이벤트 전파 차단(Stop Propagation)		Frontend - JavaScript	12	INITIALS	MEDIUM	이벤트 버블링/캡처링 전파를 중간에서 막는 처리를 무엇이라고 하는가?	이벤트 전파 차단(Stop Propagation)은 event.stopPropagation으로 버블링을 막는 데 사용됩니다. 면접에서는 preventDefault와 차이를 명확히 구분하는 질문이 자주 나옵니다. 실무에서는 드롭다운/모달에서 바깥 클릭 닫기 로직과 내부 클릭을 분리할 때 쓰지만, 남용하면 상위 컴포넌트의 로직이 깨질 수 있습니다. 따라서 전파 차단은 “마지막 수단”으로 보고, 구조를 바꾸거나 위임 범위를 조정하는 방식이 더 안전할 때가 많습니다. 전파 차단의 부작용까지 설명할 수 있으면 중급 답변으로 좋습니다.	이벤트 전파 차단									frontend	javascript	dom	
Q684	디스트럭처링(Destructuring)		Frontend - JavaScript	12	INITIALS	MEDIUM	배열/객체에서 값을 꺼내 변수에 분해 할당하는 문법을 무엇이라고 하는가?	디스트럭처링(Destructuring)은 가독성을 높이지만, 기본값/중첩 구조에서 실수가 나기 쉬워 중급으로 분류됩니다. 면접에서는 객체 디스트럭처링에서 이름 변경(alias), 기본값 설정, 중첩 추출을 물어볼 수 있습니다. 실무에서는 함수 인자에서 옵션 객체를 디스트럭처링해 필수/선택 값을 명확히 표현하는 패턴이 흔합니다. 다만 undefined/null 입력이 오면 에러가 날 수 있어 방어 코드나 기본 객체를 두는 습관이 필요합니다. 디스트럭처링은 편하지만 “입력 안정성”을 같이 고려하는 것이 실무 포인트입니다.	디스트럭처링									frontend	javascript	syntax	
Q685	스프레드 연산자(Spread Operator)		Frontend - JavaScript	12	INITIALS	MEDIUM	배열/객체를 펼쳐서 복사하거나 병합하는 ... 문법을 무엇이라고 하는가?	스프레드 연산자(Spread Operator)는 얕은 복사와 병합에 유용하지만, 중첩 구조에서는 참조가 공유된다는 함정이 있습니다. 면접에서는 rest 파라미터와의 차이(펼치기 vs 모으기)를 함께 물을 수 있습니다. 실무에서는 상태 업데이트에서 배열 추가/객체 병합에 자주 쓰이며, 불변성을 지키는 기본 도구가 됩니다. 다만 큰 배열/객체를 자주 스프레드하면 성능 비용이 커질 수 있어, 필요 최소한으로 사용해야 합니다. 스프레드는 편의 문법이지만, 얕은 복사/성능 트레이드오프를 설명할 수 있어야 중급입니다.	스프레드 연산자									frontend	javascript	syntax	
Q686	커링(Currying)		Frontend - JavaScript	12	INITIALS	MEDIUM	여러 인자를 받는 함수를 1개 인자를 받는 함수들의 연쇄로 변환하는 기법을 무엇이라고 하는가?	커링(Currying)은 함수형 프로그래밍에서 재사용성과 조합성을 높이는 기법입니다. 면접에서는 부분 적용과의 관계, 그리고 실무에서 어디에 쓰는지(예: 설정이 고정된 함수 생성) 설명하게 할 수 있습니다. 실무에서는 이벤트 핸들러 생성, API 클라이언트 래핑, 로깅 태그 고정 등에서 유용하지만, 과도하면 가독성이 떨어질 수 있습니다. 또한 디버깅 시 스택이 길어져 추적이 어려워질 수 있어 적절한 수준으로 사용해야 합니다. 커링을 이해하면 “함수 합성/재사용” 관점에서 코드를 더 설계적으로 만들 수 있습니다.	커링									frontend	javascript	functional	
Q687	부분 적용(Partial Application)		Frontend - JavaScript	12	INITIALS	MEDIUM	함수의 일부 인자를 미리 고정해 더 적은 인자를 받는 새 함수를 만드는 기법을 무엇이라고 하는가?	부분 적용(Partial Application)은 커링과 비슷하지만, 모든 인자를 1개씩 쪼갠다는 보장이 없다는 점이 차이입니다. 면접에서는 커링과의 차이를 명확히 말할 수 있으면 좋습니다. 실무에서는 옵션이 반복되는 함수 호출을 줄이고, 의도를 드러내는 헬퍼 함수를 만들 때 자주 사용됩니다. 다만 인자 순서가 부분 적용에 유리하게 설계되어 있지 않으면 사용성이 나빠질 수 있어 API 설계가 중요합니다. 부분 적용은 “재사용 가능한 함수 조각”을 만드는 도구로, 중급에서 자주 출제됩니다.	부분 적용									frontend	javascript	functional	
Q688	함수 합성(Function Composition)		Frontend - JavaScript	12	INITIALS	MEDIUM	여러 함수를 결합해 하나의 파이프라인처럼 동작하게 만드는 기법을 무엇이라고 하는가?	함수 합성(Function Composition)은 작은 함수를 결합해 복잡한 로직을 구성하는 방식입니다. 면접에서는 순수 함수와 결합해 부작용을 줄이는 설계를 설명하게 할 수 있습니다. 실무에서는 데이터 변환 파이프라인(map/filter/reduce), 입력 검증 단계화, 포맷팅 로직에 유용합니다. 다만 에러 처리나 비동기가 섞이면 합성이 복잡해질 수 있어, async 파이프라인 설계나 try/catch 경계를 명확히 해야 합니다. 합성을 이해하면 “작게 나누고 조합”하는 코드 품질 습관을 보여줄 수 있습니다.	함수 합성									frontend	javascript	functional	
Q689	순수 함수(Pure Function)		Frontend - JavaScript	12	INITIALS	MEDIUM	같은 입력에 항상 같은 출력이 나오고, 외부 상태를 변경하지 않는 함수를 무엇이라고 하는가?	순수 함수(Pure Function)는 예측 가능성과 테스트 용이성을 크게 높입니다. 면접에서는 “부작용(side effect)이 없는 함수”를 예로 들고, 왜 상태 관리에서 중요해지는지 설명할 수 있어야 합니다. 실무에서는 리듀서, 셀렉터, 유틸 함수에 순수성을 유지하면 디버깅과 리팩터링이 쉬워집니다. 다만 모든 로직을 순수하게 만들 수는 없으므로, 부작용이 필요한 부분(IO, 네트워크)은 경계를 분리하는 설계가 중요합니다. 순수 함수 개념은 함수형 설계뿐 아니라 전반적인 코드 품질을 설명하는 중급 키워드입니다.	순수 함수									frontend	javascript	functional	
Q690	부작용(Side Effect)		Frontend - JavaScript	12	INITIALS	MEDIUM	함수 실행이 외부 상태 변경, I O, 로그 출력 등 외부에 영향을 주는 현상을 무엇이라고 하는가?	부작용(Side Effect)은 프로그램을 “예측하기 어렵게” 만드는 주요 원인입니다. 면접에서는 부작용을 줄이는 이유와, 필요한 부작용을 어디에 두는지(레이어/경계) 설명하게 할 수 있습니다. 실무에서는 상태 변경, DOM 조작, 네트워크 호출 등을 한곳에 모아 관리하면 테스트와 유지보수가 쉬워집니다. 또한 부작용이 흩어져 있으면 재현이 어려운 버그가 생기기 쉬워, 패턴(예: 단방향 데이터 흐름)으로 통제합니다. 부작용은 나쁜 것이 아니라 “관리 대상”이라는 관점으로 설명하는 게 중요합니다.	부작용									frontend	javascript	functional	
Q691	불변성(Immutability)		Frontend - JavaScript	12	INITIALS	MEDIUM	기존 값을 직접 수정하지 않고 새 값을 만들어 상태를 변경하는 성질을 무엇이라고 하는가?	불변성(Immutability)은 상태 변화 추적을 단순하게 만들어 버그를 줄입니다. 면접에서는 “왜 React/Redux에서 불변성이 중요한가”를 참조 동일성 비교와 연결해 설명할 수 있어야 합니다. 실무에서는 얕은 복사와 구조적 공유를 이용해 성능을 유지하면서 불변 업데이트를 구현합니다. 다만 무조건 깊은 복사를 하면 비용이 커지므로, 변경 지점만 새로 만드는 전략이 핵심입니다. 불변성은 상태 관리, 동시성, 디버깅까지 연결되는 중급 핵심 개념입니다.	불변성									frontend	javascript	state	
Q692	참조 동일성(Reference Equality)		Frontend - JavaScript	12	INITIALS	MEDIUM	두 변수가 같은 객체 참조를 가리키는지(같은 주소/참조인지) 비교하는 개념을 무엇이라고 하는가?	참조 동일성(Reference Equality)은 객체/배열 비교에서 가장 자주 나오는 함정입니다. 면접에서는 객체 비교가 값 비교가 아니라 참조 비교라는 점을 예시로 묻는 경우가 많습니다. 실무에서는 React의 memoization, Redux의 상태 업데이트, 캐시 키 설계에서 참조 동일성이 최적화 근거가 됩니다. 다만 얕은 복사를 잘못하면 불필요한 재렌더가 발생하거나, 반대로 변경이 감지되지 않는 버그가 생길 수 있습니다. 참조 동일성을 정확히 이해하면 성능 최적화와 상태 버그를 동시에 줄일 수 있습니다.	참조 동일성									frontend	javascript	runtime	
Q693	클로저 메모리(Closure Memory)		Frontend - JavaScript	12	INITIALS	MEDIUM	클로저가 외부 변수를 참조로 붙잡아 GC가 늦어질 수 있는 메모리 특성을 무엇이라고 하는가?	클로저 메모리(Closure Memory)는 클로저가 외부 스코프 변수를 캡처해 수명이 길어질 수 있다는 점을 강조하는 표현입니다. 면접에서는 “클로저가 왜 메모리 누수를 만들 수 있나” 질문으로 이어질 수 있습니다. 실무에서는 이벤트 핸들러/타이머가 클로저로 큰 객체를 잡고 있으면 화면 전환 후에도 메모리가 해제되지 않을 수 있습니다. 따라서 필요한 값만 캡처하고, cleanup으로 참조를 끊는 습관이 중요합니다. 클로저는 강력하지만 메모리 관점의 주의점을 같이 말할 수 있어야 중급 답변입니다.	클로저 메모리									frontend	javascript	performance	
Q694	메모이제이션(Memoization)		Frontend - JavaScript	12	INITIALS	MEDIUM	동일 입력에 대한 결과를 캐시해 재계산을 줄이는 최적화 기법을 무엇이라고 하는가?	메모이제이션(Memoization)은 계산 비용이 큰 함수의 결과를 저장해 성능을 개선합니다. 면접에서는 캐시 키 설계와 메모리 사용량 트레이드오프를 질문할 수 있습니다. 실무에서는 React의 useMemo, selector 캐싱, 파싱 결과 캐싱 등에 쓰이며, 무분별하게 적용하면 오히려 메모리만 늘 수 있습니다. 또한 캐시 무효화 기준이 애매하면 오래된 결과가 남는 버그가 생길 수 있습니다. 메모이제이션은 “언제 쓰고 언제 안 쓰나”를 근거로 말할 수 있어야 중급입니다.	메모이제이션									frontend	javascript	performance	
Q695	이벤트 위임(Event Delegation)		Frontend - JavaScript	12	INITIALS	MEDIUM	부모 요소 하나에 리스너를 달아 자식들의 이벤트를 처리하는 패턴을 무엇이라고 하는가?	이벤트 위임(Event Delegation)은 버블링을 활용해 리스너 수를 줄이고 동적 요소까지 처리할 수 있게 합니다. 면접에서는 왜 위임이 성능과 관리 측면에서 좋은지, 그리고 target/currentTarget/closest를 어떻게 쓰는지 묻습니다. 실무에서는 리스트 아이템이 많거나, 무한 스크롤로 요소가 계속 추가되는 UI에서 특히 효과적입니다. 다만 매칭 로직이 부정확하면 오작동이 생기고, stopPropagation과 충돌할 수 있어 구조 설계가 중요합니다. 이벤트 위임은 “DOM 이벤트 이해 + 실무 최적화”가 결합된 중급 핵심 패턴입니다.	이벤트 위임									frontend	javascript	dom	
Q696	이벤트 전파 단계(Event Phases)		Frontend - JavaScript	12	INITIALS	MEDIUM	캡처링 단계, 타깃 단계, 버블링 단계로 나뉘는 이벤트 처리 흐름을 무엇이라고 하는가?	이벤트 전파 단계(Event Phases)는 캡처링 → 타깃 → 버블링으로 진행됩니다. 면접에서는 addEventListener의 capture 옵션이 어느 단계에서 동작하는지 질문이 자주 나옵니다. 실무에서는 모달 바깥 클릭 닫기, 드롭다운 내부 클릭 처리처럼 복잡한 UI에서 전파 단계를 이해해야 버그를 줄일 수 있습니다. 또한 stopPropagation을 쓰면 상위 로직이 깨질 수 있어, 전파 흐름을 고려한 설계가 먼저입니다. 전파 단계 이해는 DOM 이벤트 디버깅 능력을 보여주는 중급 포인트입니다.	이벤트 전파 단계									frontend	javascript	dom	
Q697	디스크립터(Property Descriptor)		Frontend - JavaScript	12	INITIALS	MEDIUM	writable enumerable configurable 같은 속성 메타데이터로 프로퍼티를 정의하는 정보를 무엇이라고 하는가?	프로퍼티 디스크립터(Property Descriptor)는 Object.defineProperty, Object.getOwnPropertyDescriptor에서 다루는 메타 정보입니다. 면접에서는 enumerable이 for...in/Object.keys에 영향을 준다는 점을 연결해 묻기도 합니다. 실무에서는 라이브러리 설계나 프레임워크 내부에서 캡슐화, 읽기 전용 프로퍼티, 숨김 필드 구현에 활용됩니다. 다만 일반 앱 코드에서 자주 쓰이진 않아 생소할 수 있지만, 원리를 알면 객체 동작을 더 정교하게 제어할 수 있습니다. 디스크립터는 “JS 객체 모델을 깊게 이해하는지”를 보는 중급 질문 소재가 됩니다.	디스크립터									frontend	javascript	oop	
Q698	Getter Setter(접근자 프로퍼티)		Frontend - JavaScript	12	INITIALS	MEDIUM	프로퍼티 접근 시 함수가 실행되도록 get/set으로 정의한 프로퍼티를 무엇이라고 하는가?	Getter/Setter(접근자 프로퍼티)는 값 접근을 “가로채서” 계산/검증/로깅을 할 수 있게 합니다. 면접에서는 클래스의 get/set 문법과 연결해 설명하거나, defineProperty 디스크립터로 구현할 수 있음을 묻기도 합니다. 실무에서는 값 검증, 읽기 전용 뷰 제공, 내부 상태 은닉 등에 활용할 수 있지만, 너무 많은 숨은 로직은 예측성을 떨어뜨립니다. 또한 비싼 연산을 getter에 넣으면 접근만으로 성능 문제가 생길 수 있어 주의해야 합니다. 접근자 프로퍼티는 편의와 위험을 동시에 갖는 기능이라, 사용 기준을 말할 수 있으면 중급 답변입니다.	접근자 프로퍼티									frontend	javascript	oop	
Q699	이터러블(Iterable)		Frontend - JavaScript	12	INITIALS	MEDIUM	Symbol.iterator를 구현해 for...of로 순회할 수 있는 객체를 무엇이라고 하는가?	이터러블(Iterable)은 반복 가능한 객체의 표준 인터페이스입니다. 면접에서는 이터러블과 이터레이터의 차이를 설명하게 하거나, 배열/문자열/Map/Set이 왜 for...of가 되는지 묻기도 합니다. 실무에서는 커스텀 컬렉션을 만들 때 이터러블을 구현하면 언어 기능(스프레드, 구조분해)과 자연스럽게 결합됩니다. 또한 이터러블을 이해하면 제너레이터와 함께 지연 평가 같은 고급 패턴도 확장할 수 있습니다. 이터러블은 JS의 “반복 프로토콜”을 이해했는지 보는 중급 단골 키워드입니다.	이터러블									frontend	javascript	protocol	
Q700	이터레이터(Iterator)		Frontend - JavaScript	12	INITIALS	MEDIUM	next 메서드로 value/done을 반환하며 순회를 진행하는 객체를 무엇이라고 하는가?	이터레이터(Iterator)는 next() 호출로 순회를 한 단계씩 진행하는 객체입니다. 면접에서는 이터러블(Symbol.iterator가 이터레이터를 반환) 관계를 설명하는 문제가 자주 나옵니다. 실무에서는 스트리밍 처리, 큰 데이터의 지연 처리, 커스텀 순회 로직 구현에서 이터레이터가 유용합니다. 또한 제너레이터는 이터레이터를 쉽게 만들 수 있는 문법적 도구이므로 함께 이해하면 좋습니다. 이터레이터는 “반복을 제어하는 표준”이라, JS 프로토콜 이해도를 보여주는 중급 개념입니다.	이터레이터									frontend	javascript	protocol	
Q701	제너레이터(Generator)		Frontend - JavaScript	12	INITIALS	MEDIUM	yield로 실행을 멈췄다가 재개하며 이터레이터를 생성하는 함수 문법을 무엇이라고 하는가?	제너레이터(Generator)는 function*과 yield를 이용해 값을 하나씩 생성하며 실행을 일시 중단할 수 있습니다. 면접에서는 제너레이터가 이터레이터 프로토콜을 만족한다는 점과, for...of로 순회 가능한 이유를 설명하는 질문이 나올 수 있습니다. 실무에서는 무한 시퀀스, 지연 평가, 복잡한 상태 머신을 깔끔하게 표현할 때 유용합니다. 다만 일반 UI 코드에서 남용하면 흐름이 낯설어져 가독성이 떨어질 수 있어, 팀 컨벤션과 사용 범위를 정하는 것이 좋습니다. 제너레이터는 “반복/비동기 모델 이해”를 확인하는 중급 단골 주제입니다.	제너레이터									frontend	javascript	protocol	
Q702	모듈 스코프(Module Scope)		Frontend - JavaScript	12	INITIALS	MEDIUM	ES 모듈에서 파일 단위로 독립적으로 형성되는 스코프를 무엇이라고 하는가?	모듈 스코프(Module Scope)는 ES 모듈 파일 내부가 기본적으로 전역 오염 없이 독립된 스코프를 갖는다는 의미입니다. 면접에서는 스크립트 모드와 모듈 모드에서 this, strict mode 기본 적용 같은 차이를 함께 물을 수 있습니다. 실무에서는 전역 변수 충돌을 줄이고, 의존성을 명시적으로 관리해 번들링/트리 셰이킹에도 유리합니다. 다만 번들 환경에서는 모듈 해석 방식이 도구에 따라 달라질 수 있어, 실행 환경(브라우저/Node) 차이를 인지해야 합니다. 모듈 스코프를 이해하면 “왜 import/export가 설계적으로 안전한가”를 설명할 수 있습니다.	모듈 스코프									frontend	javascript	module	
Q703	라이브 바인딩(Live Binding)		Frontend - JavaScript	12	INITIALS	MEDIUM	ES 모듈에서 import한 값이 원본 export와 연결되어 변경이 반영되는 특성을 무엇이라고 하는가?	라이브 바인딩(Live Binding)은 ES 모듈의 import가 “복사본”이 아니라 원본과 연결된 참조라는 개념입니다. 면접에서는 CommonJS require와의 차이로 비교 질문이 나오기도 합니다. 실무에서는 export된 변수를 직접 변경하는 패턴은 권장되지 않지만, 이 특성을 이해하면 모듈 동작을 오해하지 않게 됩니다. 또한 circular dependency에서 값이 undefined처럼 보이는 시점 문제와도 연결되므로, 초기화 순서를 고려해야 합니다. 라이브 바인딩은 모듈 시스템을 깊게 이해했는지 확인하는 중급 키워드입니다.	라이브 바인딩									frontend	javascript	module	
Q704	순환 의존성(Circular Dependency)		Frontend - JavaScript	12	INITIALS	MEDIUM	모듈 A가 B를 import하고 B가 다시 A를 import하는 형태의 의존 관계를 무엇이라고 하는가?	순환 의존성(Circular Dependency)은 초기화 순서 문제와 런타임 오류를 유발할 수 있습니다. 면접에서는 순환 의존이 왜 위험한지, 어떻게 발견/해결하는지(의존 분리, 인터페이스 추출) 질문이 나올 수 있습니다. 실무에서는 배럴 파일(index) 구조가 커지면 순환이 생기기 쉬워 주의가 필요합니다. 또한 모듈 평가 단계에서 아직 초기화되지 않은 export를 참조하면 undefined를 만나버릴 수 있습니다. 순환 의존성은 규모가 커질수록 자주 나타나는 설계 문제라 중급에서 다루기 좋습니다.	순환 의존성									frontend	javascript	module	
Q705	동적 임포트(Dynamic Import)		Frontend - JavaScript	12	INITIALS	MEDIUM	런타임에 필요할 때 모듈을 불러오기 위해 import()를 사용하는 기법을 무엇이라고 하는가?	동적 임포트(Dynamic Import)는 코드 스플리팅과 지연 로딩의 핵심 도구입니다. 면접에서는 “초기 번들을 줄이려면?” 질문에서 자주 등장합니다. 실무에서는 라우트 단위 로딩, 무거운 라이브러리(차트/에디터) 지연 로딩에 활용해 초기 로딩 성능을 개선합니다. 다만 네트워크 실패 시 사용자에게 어떤 경험을 줄지(로딩/재시도/폴백) 설계가 필요합니다. 동적 임포트는 성능 최적화와 UX 설계를 동시에 보여주는 중급 포인트입니다.	동적 임포트									frontend	javascript	performance	
Q706	코드 스플리팅(Code Splitting)		Frontend - JavaScript	12	INITIALS	MEDIUM	번들을 여러 조각으로 나눠 필요한 시점에 로드하도록 하는 최적화 전략을 무엇이라고 하는가?	코드 스플리팅(Code Splitting)은 초기 로딩을 줄이는 대표 전략으로, 라우트/컴포넌트 단위로 분할합니다. 면접에서는 스플리팅의 장단점(초기 속도 vs 요청 수 증가)을 설명하게 할 수 있습니다. 실무에서는 프리페치/프리로드로 체감 지연을 줄이고, 캐시 전략과 함께 설계합니다. 또한 청크가 너무 잘게 쪼개지면 오버헤드가 생겨 오히려 느려질 수 있어 적절한 단위가 중요합니다. 코드 스플리팅은 “성능을 구조로 해결하는 방법”이라 중급에서 자주 출제됩니다.	코드 스플리팅									frontend	javascript	performance	
Q707	프리페치(Prefetch)		Frontend - JavaScript	12	INITIALS	MEDIUM	앞으로 필요할 가능성이 있는 리소스를 미리 받아두는 로딩 힌트를 무엇이라고 하는가?	프리페치(Prefetch)는 사용자가 곧 이동할 가능성이 높은 페이지/청크를 미리 다운로드해 체감 속도를 개선합니다. 면접에서는 프리로드(preload)와 차이를 물을 수 있습니다. 실무에서는 링크 호버 시 프리페치, 다음 페이지 예측 로딩 등으로 부드러운 전환을 만들지만, 데이터 요금/대역폭 낭비가 될 수 있어 조건부 적용이 필요합니다. 또한 캐시가 잘 잡히는지, 실제로 히트율이 있는지 측정해 조정해야 합니다. 프리페치는 “성능 + 제품 감각”을 보여주는 중급 최적화 주제입니다.	프리페치									frontend	javascript	performance	
Q708	프리로드(Preload)		Frontend - JavaScript	12	INITIALS	MEDIUM	반드시 곧 필요할 리소스를 우선순위 높게 미리 로드하도록 지시하는 힌트를 무엇이라고 하는가?	프리로드(Preload)는 렌더링에 꼭 필요한 리소스를 빨리 가져오도록 브라우저에 힌트를 줍니다. 면접에서는 프리페치와 비교해 “필수 리소스 vs 가능성 높은 리소스” 차이를 설명하면 좋습니다. 실무에서는 폰트, 핵심 스크립트, 히어로 이미지 같은 리소스에 적용해 FCP/LCP를 개선합니다. 다만 잘못 적용하면 네트워크 우선순위가 꼬여 오히려 중요한 리소스가 늦어질 수 있어 측정 기반으로 조정해야 합니다. 프리로드는 효과가 큰 만큼 책임도 큰 중급 최적화 도구입니다.	프리로드									frontend	javascript	performance	
Q709	번들 분석(Bundle Analysis)		Frontend - JavaScript	12	INITIALS	MEDIUM	번들 크기와 구성(의존성, 청크)을 시각화/분석해 최적화 포인트를 찾는 작업을 무엇이라고 하는가?	번들 분석(Bundle Analysis)은 “무엇이 번들을 키우는지”를 근거로 파악하는 과정입니다. 면접에서는 성능 최적화 경험을 묻는 질문에서 도구 사용 경험을 말하면 좋습니다. 실무에서는 큰 라이브러리의 불필요한 포함, 중복 의존성, 트리 셰이킹 미적용을 찾아냅니다. 또한 청크 분할이 적절한지, 공통 청크가 과도하게 커지지 않는지 확인합니다. 번들 분석은 최적화를 감이 아니라 데이터로 하는 습관을 보여주는 중급 포인트입니다.	번들 분석									frontend	javascript	tooling	
Q710	폴리필 전략(Polyfill Strategy)		Frontend - JavaScript	12	INITIALS	MEDIUM	타깃 환경에 맞춰 필요한 폴리필만 포함하거나 조건부 로딩하는 설계를 무엇이라고 하는가?	폴리필 전략(Polyfill Strategy)은 호환성과 번들 크기 사이 균형을 잡는 설계입니다. 면접에서는 “어떤 브라우저까지 지원하나” 질문에서 바벨 타깃과 폴리필 포함 방식을 설명할 수 있습니다. 실무에서는 usage 기반 주입, 엔트리 기반 주입, 또는 조건부 로딩으로 불필요한 폴리필을 줄입니다. 또한 폴리필은 전역을 수정할 수 있어 충돌 위험이 있으므로, 적용 범위와 테스트가 중요합니다. 폴리필 전략을 말할 수 있으면 운영/배포까지 고려하는 중급 실무 감각으로 보입니다.	폴리필 전략									frontend	javascript	tooling	
Q711	트랜스파일 타깃(Transpile Target)		Frontend - JavaScript	12	INITIALS	MEDIUM	빌드 도구가 어떤 JS 문법 수준으로 변환할지 정하는 목표 환경 설정을 무엇이라고 하는가?	트랜스파일 타깃(Transpile Target)은 “어디까지 변환해야 하는가”를 결정해 호환성과 성능을 좌우합니다. 면접에서는 browserslist 같은 설정으로 타깃을 관리하는지 질문이 나올 수 있습니다. 실무에서는 너무 낮은 타깃(예: 구형)으로 맞추면 번들 크기/빌드 비용이 커지고, 너무 높은 타깃이면 일부 사용자에서 런타임 오류가 날 수 있습니다. 또한 modern/legacy 번들을 나눠 차등 제공하는 전략도 고려할 수 있습니다. 타깃 설정은 프론트 배포에서 필수 의사결정이라 중급 포인트로 적합합니다.	트랜스파일 타깃									frontend	javascript	tooling	
Q712	모듈 해석(Module Resolution)		Frontend - JavaScript	12	INITIALS	MEDIUM	import 경로를 실제 파일/패키지로 찾아 매핑하는 규칙과 과정을 무엇이라고 하는가?	모듈 해석(Module Resolution)은 “왜 이 import가 안 잡히지?” 문제의 핵심 원인 영역입니다. 면접에서는 상대 경로/절대 경로/별칭(alias) 설정을 설명하게 할 수 있습니다. 실무에서는 Node 해석 규칙, package.json의 exports 필드, 번들러의 resolve 설정이 얽혀 에러가 복잡해집니다. 또한 ESM/CJS 혼합 패키지에서 해석 결과가 달라 런타임 문제로 이어질 수 있어 주의해야 합니다. 모듈 해석을 이해하면 빌드/번들링 오류를 훨씬 빠르게 해결할 수 있습니다.	모듈 해석									frontend	javascript	module	
Q713	스코프 호이스팅(Scope Hoisting)		Frontend - JavaScript	12	INITIALS	MEDIUM	번들러가 모듈 래퍼를 줄여 함수 호출 오버헤드를 줄이는 최적화를 무엇이라고 하는가?	스코프 호이스팅(Scope Hoisting)은 모듈을 가능한 한 하나의 스코프로 평탄화해 실행 오버헤드를 줄이는 번들 최적화입니다. 면접에서는 “번들러 최적화 예시”로 언급될 수 있습니다. 실무에서는 Rollup 계열에서 자주 이야기되며, 번들 크기와 실행 성능을 함께 개선할 수 있습니다. 다만 부작용이 있는 모듈(사이드 이펙트)이나 동적 임포트가 많으면 적용이 제한될 수 있습니다. 스코프 호이스팅은 번들러가 단순 합치기를 넘어 최적화한다는 점을 보여주는 중급 개념입니다.	스코프 호이스팅									frontend	javascript	performance	
Q714	런타임 폴리필(Runtime Polyfill)		Frontend - JavaScript	12	INITIALS	MEDIUM	빌드 시 문법 변환이 아니라 실행 시점에 기능을 보강하는 폴리필 코드를 무엇이라고 하는가?	런타임 폴리필(Runtime Polyfill)은 API가 없는 환경에서 동작을 채워주는 코드로, 주로 core-js 같은 라이브러리가 해당됩니다. 면접에서는 문법 변환(트랜스파일)과 API 폴리필 차이를 구분해 설명하라고 할 수 있습니다. 실무에서는 폴리필이 전역을 수정할 수 있어 충돌/예상치 못한 동작을 만들 수 있으므로 적용을 최소화하고 테스트를 강화합니다. 또한 폴리필이 과도하면 번들 크기가 커지고 초기 로딩이 느려질 수 있어, 타깃 환경과 실제 사용자 분포를 기반으로 전략을 세웁니다. 런타임 폴리필은 호환성 문제를 운영 관점으로 풀어내는 중급 키워드입니다.	런타임 폴리필									frontend	javascript	tooling	
Q715	에러 바운더리(Error Boundary)		Frontend - JavaScript	12	INITIALS	MEDIUM	UI 렌더링 중 발생한 오류를 잡아 폴백 화면을 보여주는 컴포넌트 단위 오류 처리 패턴을 무엇이라고 하는가?	에러 바운더리(Error Boundary)는 주로 React에서 자주 쓰이는 패턴으로, UI 일부가 깨져도 전체가 죽지 않게 합니다. 면접에서는 “어떤 에러를 잡고 어떤 에러는 못 잡나(이벤트/비동기 등)”를 구분해 설명할 수 있으면 좋습니다. 실무에서는 폴백 UI, 로깅(Sentry), 사용자 재시도 버튼 등을 함께 제공해 운영 안정성을 높입니다. 또한 너무 큰 범위로 감싸면 원인 추적이 어려워, 적절한 경계(페이지/위젯 단위)를 잡는 게 중요합니다. 이 개념은 JS 자체보단 프론트 런타임 운영 감각을 보여주는 중급 키워드입니다.	에러 바운더리									frontend	javascript	error	
Q716	입력 지연(Input Delay)		Frontend - JavaScript	12	INITIALS	MEDIUM	사용자의 클릭/타이핑에 대한 반응이 늦어지는 UX 지표/현상을 무엇이라고 하는가?	입력 지연(Input Delay)은 메인 스레드가 바쁠 때 발생하며, 사용자 체감 품질에 직접 영향을 줍니다. 면접에서는 FID/INP 같은 지표와 연결해 설명하게 할 수 있습니다. 실무에서는 롱 태스크 제거, 이벤트 핸들러 경량화, 렌더링 최적화로 개선합니다. 또한 입력이 많은 폼에서는 디바운스/스로틀을 적절히 적용해 UI를 부드럽게 만들 수 있습니다. 입력 지연을 이해하면 성능을 “사용자 관점”으로 설명할 수 있어 중급 답변으로 좋습니다.	입력 지연									frontend	javascript	performance	
Q717	성능 측정(Performance Profiling)		Frontend - JavaScript	12	INITIALS	MEDIUM	개발자 도구 등으로 CPU/렌더링/네트워크 병목을 측정하고 분석하는 작업을 무엇이라고 하는가?	성능 측정(Performance Profiling)은 최적화를 “근거 기반”으로 수행하게 해줍니다. 면접에서는 어떤 도구(Performance 탭, Lighthouse, User Timing)를 써봤는지 물을 수 있습니다. 실무에서는 단순히 빠르게 만들기보다, 병목이 CPU인지 네트워크인지 렌더링인지 구분하는 게 먼저입니다. 또한 개발 환경과 실사용 환경이 다를 수 있어, RUM(실사용자 모니터링) 데이터까지 연결하면 더 좋습니다. 프로파일링을 할 줄 안다는 것은 중급 이상의 성능 문제 해결 능력을 보여줍니다.	성능 측정									frontend	javascript	performance	
Q718	레이스 컨디션(Race Condition)		Frontend - JavaScript	12	INITIALS	MEDIUM	비동기 요청의 완료 순서가 달라져 상태가 잘못 반영되는 경쟁 상태를 무엇이라고 하는가?	레이스 컨디션(Race Condition)은 프론트에서도 매우 흔하며, 특히 연속 검색/필터 변경에서 자주 발생합니다. 면접에서는 “이전 요청이 늦게 와서 최신 결과를 덮어쓴다” 같은 사례로 설명할 수 있어야 합니다. 실무에서는 요청 취소(AbortController), 요청 ID로 최신 응답만 반영, 또는 상태 머신으로 전이를 관리하는 방식으로 해결합니다. 또한 재시도 로직이 섞이면 경합이 더 심해질 수 있어, 정책을 명확히 해야 합니다. 레이스 컨디션을 제대로 다루면 비동기 UI의 안정성이 크게 올라가며, 중급 면접에서 좋은 평가 포인트입니다.	레이스 컨디션									frontend	javascript	async	
Q719	상태 머신(State Machine)		Frontend - JavaScript	12	INITIALS	MEDIUM	상태와 전이 규칙을 정의해 UI/로직 흐름을 예측 가능하게 만드는 모델을 무엇이라고 하는가?	상태 머신(State Machine)은 “가능한 상태 집합”과 “상태 전이 규칙”을 명시해 복잡한 UI 흐름을 안정적으로 관리합니다. 면접에서는 로딩/성공/실패/재시도 같은 상태를 어떻게 설계할지 사례로 묻는 경우가 많습니다. 실무에서는 레이스 컨디션이나 중복 클릭 같은 문제를 상태 전이로 차단할 수 있어 효과적입니다. 또한 상태가 늘어나면 분기문이 복잡해지는데, 상태 머신은 그 복잡도를 구조로 바꿔줍니다. 상태 머신을 이해하면 비동기 UI를 “조건문”이 아니라 “모델”로 푸는 중급 설계 역량을 보여줄 수 있습니다.	상태 머신									frontend	javascript	architecture	
Q720	상태 전이(Transition)		Frontend - JavaScript	12	INITIALS	MEDIUM	상태 머신에서 한 상태에서 다른 상태로 이동하는 규칙과 동작을 무엇이라고 하는가?	상태 전이(Transition)는 이벤트나 조건에 의해 상태가 바뀌는 순간을 의미합니다. 면접에서는 “어떤 이벤트가 어떤 상태로 전이시키나”를 명확히 정의하는지 확인합니다. 실무에서는 전이 로직이 흩어지면 버그가 늘어나므로, 전이를 한 곳에서 정의하거나 전이 테이블 형태로 관리하는 방식이 좋습니다. 또한 전이 시 수행할 부수 작업(side effect)을 어디에 둘지(전이 액션 vs 외부 핸들러) 설계가 중요합니다. 전이를 잘 정의하면 UI가 예측 가능해지고, 디버깅이 쉬워집니다.	상태 전이									frontend	javascript	architecture	
Q721	가드(Guard)		Frontend - JavaScript	12	INITIALS	MEDIUM	특정 조건을 만족할 때만 상태 전이나 동작이 허용되도록 막는 조건 체크를 무엇이라고 하는가?	가드(Guard)는 잘못된 전이나 실행을 사전에 차단하는 안전장치입니다. 면접에서는 중복 요청 방지, 권한 체크, 입력 검증을 가드로 표현할 수 있는지 봅니다. 실무에서는 “로딩 중에는 제출 버튼 비활성화” 같은 UX도 가드의 한 형태로 볼 수 있습니다. 가드가 없으면 레이스 컨디션이나 중복 클릭으로 데이터가 꼬이기 쉬워, 상태 머신/비동기 흐름에서 특히 중요합니다. 가드는 단순 if문이지만, 모델 안에서 규칙으로 격상시키는 것이 중급 설계 포인트입니다.	가드									frontend	javascript	architecture	
Q722	이펙트(Effect)		Frontend - JavaScript	12	INITIALS	MEDIUM	상태 변화나 이벤트에 의해 발생하는 네트워크 호출/로깅/저장 같은 부수 작업을 무엇이라고 하는가?	이펙트(Effect)는 상태 자체가 아니라 “상태 변화의 결과로 수행되는 작업”을 의미합니다. 면접에서는 부작용과 구분해 설명하거나, UI와 데이터 동기화에서 이펙트를 어디에 두는지 질문이 나올 수 있습니다. 실무에서는 이펙트가 여러 곳에서 중복되면 호출이 폭주하거나 무한 루프가 생기기 쉬워 중앙화가 중요합니다. 또한 이펙트는 실패/재시도/취소까지 고려해야 운영에 강해집니다. 이펙트를 명확히 분리하면 코드가 예측 가능해지고 테스트도 쉬워집니다.	이펙트									frontend	javascript	architecture	
Q723	백프레셔(Backpressure)		Frontend - JavaScript	12	INITIALS	MEDIUM	생산 속도가 소비 속도를 초과할 때 처리량을 조절해 시스템 과부하를 막는 개념을 무엇이라고 하는가?	백프레셔(Backpressure)는 스트림/이벤트 기반 시스템에서 흔히 등장하는 안정화 개념입니다. 면접에서는 “데이터가 너무 빨리 들어오면 어떻게 하겠나” 질문에서 답이 될 수 있습니다. 실무에서는 무한 스크롤 데이터 스트림, 웹소켓 이벤트 폭주, 로그/메트릭 수집에서 백프레셔 전략(버퍼, 드롭, 샘플링, 느린 소비자 보호)이 필요합니다. 프론트에서도 이벤트 핸들링을 스로틀링하거나 배치 처리로 조절하는 방식이 백프레셔의 실전 적용입니다. 이 개념을 알면 비동기/스트림을 안정적으로 운영하는 중급 감각을 보여줄 수 있습니다.	백프레셔									frontend	javascript	async	
Q724	배치 업데이트(Batched Update)		Frontend - JavaScript	12	INITIALS	MEDIUM	여러 상태 변경을 한 번에 묶어 렌더링/처리를 최소화하는 최적화를 무엇이라고 하는가?	배치 업데이트(Batched Update)는 연속된 상태 변경을 묶어 불필요한 재렌더링을 줄입니다. 면접에서는 왜 배치가 성능에 도움이 되는지, 그리고 프레임워크가 언제 배치를 하는지 질문이 나올 수 있습니다. 실무에서는 대량 데이터 처리나 입력 이벤트에서 상태 업데이트가 잦을 때 배치가 중요합니다. 다만 배치로 인해 업데이트가 즉시 반영되지 않는 것처럼 보일 수 있어, 디버깅 시 타이밍을 이해해야 합니다. 배치 업데이트는 “렌더링 비용 최적화”와 연결되는 중급 성능 개념입니다.	배치 업데이트									frontend	javascript	performance	
Q725	마이크로태스크 체크포인트(Microtask Checkpoint)		Frontend - JavaScript	12	INITIALS	MEDIUM	한 태스크가 끝난 뒤 렌더링 전에 마이크로태스크 큐를 비우는 처리 지점을 무엇이라고 하는가?	마이크로태스크 체크포인트(Microtask Checkpoint)는 이벤트 루프에서 마이크로태스크를 우선 처리하는 핵심 구간입니다. 면접에서는 Promise.then이 setTimeout보다 먼저 실행되는 이유를 설명할 때 이 개념을 언급할 수 있습니다. 실무에서는 마이크로태스크를 과도하게 생성하면 렌더링이 지연되어 UI가 버벅일 수 있어 주의합니다. 또한 “왜 화면이 안 그려지고 콜백만 계속 도는가” 같은 이슈가 체크포인트 관점으로 설명될 수 있습니다. 체크포인트를 이해하면 타이밍 버그를 더 논리적으로 추적할 수 있습니다.	마이크로태스크 체크포인트									frontend	javascript	async	
Q726	리플로우(Reflow)		Frontend - JavaScript	12	INITIALS	MEDIUM	DOM 레이아웃 계산이 다시 수행되어 요소의 위치/크기가 재계산되는 과정을 무엇이라고 하는가?	리플로우(Reflow)는 레이아웃 계산 비용이 커서 성능에 큰 영향을 줄 수 있습니다. 면접에서는 리플로우와 리페인트 차이, 그리고 무엇이 리플로우를 유발하는지(크기/위치 변경 등) 질문이 자주 나옵니다. 실무에서는 DOM 읽기와 쓰기를 섞으면 강제 동기 레이아웃이 발생해 성능이 급격히 나빠질 수 있어 주의합니다. 또한 애니메이션은 transform/opacity 중심으로 구성하면 리플로우를 줄일 수 있습니다. 리플로우를 이해하면 “스크롤/애니메이션이 끊기는” 문제를 해결하는 중급 능력이 생깁니다.	리플로우									frontend	javascript	performance	
Q727	리페인트(Repaint)		Frontend - JavaScript	12	INITIALS	MEDIUM	레이아웃 변화 없이 색/그림자 등 시각적 스타일만 다시 그리는 과정을 무엇이라고 하는가?	리페인트(Repaint)는 픽셀을 다시 그리는 과정으로, 리플로우보다 가벼운 경우가 많지만 빈번하면 성능 문제를 일으킬 수 있습니다. 면접에서는 “어떤 CSS 변경이 리페인트만 발생시키나”를 물어볼 수 있습니다. 실무에서는 box-shadow, filter 같은 효과가 리페인트 비용을 키우기도 하므로, 디자인과 성능 사이 타협이 필요합니다. 또한 고정 배경이나 큰 영역의 스타일 변경은 체감 버벅임으로 이어질 수 있어 조심해야 합니다. 리페인트 이해는 UI 성능 튜닝에서 중요한 중급 포인트입니다.	리페인트									frontend	javascript	performance	
Q728	강제 동기 레이아웃(Forced Synchronous Layout)		Frontend - JavaScript	12	INITIALS	MEDIUM	레이아웃 정보를 읽는 순간 브라우저가 즉시 레이아웃 계산을 수행하게 되어 성능이 떨어지는 현상을 무엇이라고 하는가?	강제 동기 레이아웃(Forced Synchronous Layout)은 DOM 측정(offsetHeight 등)과 스타일 변경을 섞을 때 자주 발생합니다. 면접에서는 “레이아웃 스래싱(layout thrashing)”과 함께 묶어 출제되기도 합니다. 실무에서는 읽기 작업을 먼저 모으고, 쓰기 작업을 나중에 모으는 방식으로 회피합니다. 또한 requestAnimationFrame으로 시점을 조절해 렌더링 파이프라인을 깨지 않도록 설계합니다. 이 개념을 이해하면 성능 문제를 코드 레벨에서 예방할 수 있습니다.	강제 동기 레이아웃									frontend	javascript	performance	
Q729	레이아웃 스래싱(Layout Thrashing)		Frontend - JavaScript	12	INITIALS	MEDIUM	DOM 읽기/쓰기 반복으로 리플로우가 연쇄적으로 발생해 성능이 급락하는 현상을 무엇이라고 하는가?	레이아웃 스래싱(Layout Thrashing)은 성능 디버깅에서 매우 흔한 원인입니다. 면접에서는 “스크롤 중 버벅임” 사례로 원인과 해결책을 말하게 할 수 있습니다. 실무에서는 루프 안에서 DOM 크기를 읽고 곧바로 스타일을 쓰는 패턴이 대표적이며, 배치 처리로 해결합니다. 또한 가상 스크롤, DOM 업데이트 최소화 전략과 함께 적용하면 효과가 큽니다. 스래싱을 설명할 수 있으면 프론트 성능 튜닝 경험을 보여주는 중급 답변이 됩니다.	레이아웃 스래싱									frontend	javascript	performance	
Q730	합성(Compositing)		Frontend - JavaScript	12	INITIALS	MEDIUM	여러 레이어를 GPU 등으로 합쳐 최종 화면을 구성하는 렌더링 단계는 무엇이라고 하는가?	합성(Compositing)은 브라우저 렌더링 파이프라인의 마지막 단계로, 레이어를 합쳐 화면에 표시합니다. 면접에서는 리플로우/리페인트/합성의 차이를 흐름으로 설명할 수 있으면 좋습니다. 실무에서는 transform/opacity 애니메이션이 합성 단계에서 처리되어 비교적 부드러운 이유를 설명할 때 사용됩니다. 다만 레이어가 너무 많아지면 메모리와 합성 비용이 증가해 오히려 느려질 수 있습니다. 합성은 “왜 어떤 애니메이션은 부드럽고 어떤 것은 끊기는가”를 설명하는 중급 키워드입니다.	합성									frontend	javascript	performance	
Q731	레이어 승격(Layer Promotion)		Frontend - JavaScript	12	INITIALS	MEDIUM	특정 요소가 별도 합성 레이어로 분리되어 처리되도록 만드는 현상을 무엇이라고 하는가?	레이어 승격(Layer Promotion)은 요소가 별도 레이어로 올라가 합성 단계에서 처리되도록 하는 최적화/부작용 현상입니다. 면접에서는 will-change나 transform이 레이어를 만들 수 있다는 점을 질문할 수 있습니다. 실무에서는 애니메이션 요소를 레이어로 분리하면 부드러워질 수 있지만, 레이어가 많아지면 GPU 메모리 사용량이 늘어 위험합니다. 따라서 “필요한 곳에만” 승격하고, 애니메이션이 끝나면 속성을 제거하는 전략이 좋습니다. 레이어 승격은 성능 최적화가 항상 공짜가 아니라는 점을 보여주는 중급 포인트입니다.	레이어 승격									frontend	javascript	performance	
Q732	사용자 타이밍(User Timing API)		Frontend - JavaScript	12	INITIALS	MEDIUM	코드 구간에 마크/측정을 찍어 성능을 정밀 측정할 수 있게 하는 브라우저 API를 무엇이라고 하는가?	User Timing API는 performance.mark/measure로 코드 단위 성능을 계측할 수 있습니다. 면접에서는 “실제 사용자 환경에서 성능을 어떻게 측정하나” 질문에서 유용한 답이 될 수 있습니다. 실무에서는 특정 로직(렌더, 데이터 변환, 요청-응답)의 소요 시간을 기록해 병목을 파악하고, 회귀 테스트 지표로 활용합니다. 또한 수집한 데이터를 모니터링 도구로 보내 RUM 기반 분석을 할 수도 있습니다. User Timing은 최적화를 체계적으로 하는 개발자의 중급 역량을 보여줍니다.	사용자 타이밍									frontend	javascript	performance	
Q733	소스맵(Source Map)		Frontend - JavaScript	12	INITIALS	MEDIUM	번들/압축된 코드와 원본 소스의 매핑 정보를 제공해 디버깅을 돕는 파일을 무엇이라고 하는가?	소스맵(Source Map)은 빌드된 코드에서 오류가 나도 원본 파일/라인으로 추적할 수 있게 해줍니다. 면접에서는 운영에서 에러 스택을 어떻게 해석하는지 질문이 나올 수 있습니다. 실무에서는 소스맵을 배포하면 디버깅이 쉬워지지만, 소스 노출 위험이 있어 접근 제어나 업로드 방식(Sentry private sourcemap)이 중요합니다. 또한 소스맵 생성은 빌드 시간과 용량을 늘릴 수 있어 환경별 설정이 필요합니다. 소스맵은 “운영 디버깅”에서 반드시 알아야 하는 중급 키워드입니다.	소스맵									frontend	javascript	tooling	
Q734	트리 셰이킹(Tree Shaking)		Frontend - JavaScript	12	INITIALS	MEDIUM	사용하지 않는 export 코드를 제거해 번들 크기를 줄이는 최적화를 무엇이라고 하는가?	트리 셰이킹(Tree Shaking)은 ES 모듈의 정적 분석을 기반으로 “안 쓰는 코드 제거”를 수행합니다. 면접에서는 왜 ESM이 트리 셰이킹에 유리한지, 그리고 sideEffects 설정이 왜 중요한지 질문이 나옵니다. 실무에서는 라이브러리 임포트 방식(전체 import vs 개별 import)이 번들 크기에 큰 영향을 줍니다. 또한 동적 임포트나 사이드 이펙트가 있으면 제거가 제한될 수 있어 코드 설계가 중요합니다. 트리 셰이킹은 성능 최적화에서 매우 자주 언급되는 중급 필수 용어입니다.	트리 셰이킹									frontend	javascript	performance	
Q735	사이드 이펙트 플래그(sideEffects)		Frontend - JavaScript	12	INITIALS	MEDIUM	번들러에 파일이 부작용을 가지는지 알려 트리 셰이킹 최적화를 돕는 설정을 무엇이라고 하는가?	sideEffects 플래그는 트리 셰이킹이 안전하게 동작하도록 힌트를 주는 설정입니다. 면접에서는 “트리 셰이킹이 안 되는 이유”로 sideEffects나 CommonJS 사용을 언급할 수 있습니다. 실무에서는 CSS import처럼 실행만으로 효과가 생기는 파일은 부작용이 있으므로 잘못 표시하면 기능이 사라질 수 있습니다. 따라서 실제 부작용 여부를 정확히 판단해 설정해야 하며, 변경 후에는 번들 분석과 회귀 테스트가 필요합니다. 이 설정을 이해하면 번들 최적화에서 실무적인 디테일을 알고 있다는 신호가 됩니다.	사이드 이펙트 플래그									frontend	javascript	performance	
Q736	디폴트 익스포트(Default Export)		Frontend - JavaScript	12	INITIALS	MEDIUM	모듈에서 한 개의 기본 값을 내보내는 export 형태를 무엇이라고 하는가?	디폴트 익스포트(Default Export)는 모듈당 하나만 기본으로 내보내고, import 시 이름을 자유롭게 정할 수 있습니다. 면접에서는 named export와 비교해 장단점(리팩터링 안전성, 자동 완성, 일관성)을 묻는 경우가 있습니다. 실무에서는 디폴트 익스포트 남용 시 이름이 제각각이 되어 검색/리팩터링이 어려워질 수 있어 팀 규칙이 중요합니다. 또한 혼합 사용 시 import 문이 복잡해질 수 있어, 라이브러리 설계에서는 명확한 기준이 필요합니다. 기본 export는 편의성이 있지만 “코드베이스 일관성” 관점의 주의점까지 말할 수 있어야 중급 답변입니다.	디폴트 익스포트									frontend	javascript	module	
Q737	네임드 익스포트(Named Export)		Frontend - JavaScript	12	INITIALS	MEDIUM	여러 값을 이름으로 내보내고 동일한 이름으로 가져오는 export 형태를 무엇이라고 하는가?	네임드 익스포트(Named Export)는 이름 기반으로 내보내기 때문에 자동 완성과 리팩터링이 비교적 안전합니다. 면접에서는 디폴트 익스포트와 차이, 그리고 import 시 중괄호 사용 이유를 설명하게 할 수 있습니다. 실무에서는 유틸 모듈, 컴포넌트 라이브러리에서 네임드 익스포트가 일관성을 만들기 좋아 선호되곤 합니다. 다만 이름 충돌이 생기면 alias를 써야 하며, API 표면이 커지면 관리가 어려워질 수 있어 적절한 모듈 분리가 필요합니다. 네임드 익스포트는 모듈 설계와 팀 컨벤션을 설명하기 좋은 중급 단골 주제입니다.	네임드 익스포트									frontend	javascript	module	
Q738	정밀 타이머(High Resolution Time)		Frontend - JavaScript	12	INITIALS	HARD	밀리초보다 더 정밀한 시간 측정을 제공하는 성능 시간 API 개념을 무엇이라고 하는가?	정밀 타이머(High Resolution Time)는 performance.now처럼 높은 분해능으로 시간을 측정하는 개념입니다. 면접에서는 Date.now와의 차이, 그리고 성능 측정에서 왜 더 적합한지 설명할 수 있어야 합니다. 실무에서는 짧은 함수 구간이나 렌더링 단계의 미세한 차이를 비교할 때 유용합니다. 다만 보안/프라이버시 이유로 브라우저가 분해능을 낮추거나 지터를 넣는 경우가 있어, 환경에 따라 값이 달라질 수 있습니다. 정밀 타이머는 “성능 계측”을 깊게 하는 HARD 포인트입니다.	정밀 타이머									frontend	javascript	performance	
Q739	메모리 장벽(Memory Barrier)		Frontend - JavaScript	12	INITIALS	HARD	공유 메모리에서 재정렬을 제한해 가시성을 보장하는 동기화 개념을 무엇이라고 하는가?	메모리 장벽(Memory Barrier)은 CPU/런타임 최적화로 인한 명령 재정렬이 공유 메모리 가시성에 영향을 주는 문제를 다룹니다. 면접에서는 JS에서 SharedArrayBuffer, Atomics를 다룰 때 왜 이런 개념이 등장하는지 질문이 나올 수 있습니다. 실무에서는 일반 프론트 코드에서 자주 쓰지 않지만, 워커 간 공유 메모리를 쓰는 고성능 영역에서는 필수입니다. 또한 잘못 사용하면 데이터 레이스나 무한 루프 같은 치명적 버그로 이어질 수 있어, 원리 이해가 매우 중요합니다. 메모리 장벽은 동시성의 가장 하위 레벨을 이해하는 HARD 주제입니다.	메모리 장벽									frontend	javascript	concurrency	
Q740	아토믹 연산(Atomic Operation)		Frontend - JavaScript	12	INITIALS	HARD	공유 메모리에서 중간 상태 없이 한 번에 수행되어 경쟁 상태를 줄이는 연산을 무엇이라고 하는가?	아토믹 연산(Atomic Operation)은 여러 스레드/워커가 같은 값을 다룰 때 “찢어진 쓰기”를 방지하는 핵심입니다. 면접에서는 Atomics API가 어떤 문제를 해결하는지 사례로 설명할 수 있어야 합니다. 실무에서는 SharedArrayBuffer 기반 병렬 처리에서 카운터 증가, 플래그 교환 같은 작업에 사용됩니다. 다만 아토믹만으로 모든 동시성 문제가 해결되지는 않으며, 올바른 프로토콜(락/세마포어)을 함께 설계해야 합니다. 아토믹 연산은 JS 동시성 심화에서 자주 나오는 HARD 키워드입니다.	아토믹 연산									frontend	javascript	concurrency	
Q741	SharedArrayBuffer(공유 배열 버퍼)		Frontend - JavaScript	12	INITIALS	HARD	워커 간에 같은 메모리 영역을 공유할 수 있게 하는 버퍼 타입을 무엇이라고 하는가?	SharedArrayBuffer는 워커 간 메시지 복사 없이 메모리를 공유해 고성능 처리를 가능하게 합니다. 면접에서는 ArrayBuffer와의 차이(공유 가능 여부)와, 보안 이슈로 인해 교차 출처 격리 설정이 필요한 점을 말할 수 있으면 좋습니다. 실무에서는 대용량 데이터 처리에서 복사 비용을 줄이지만, 데이터 레이스 위험이 커져 Atomics 같은 동기화가 필요합니다. 또한 환경 설정이 까다로워 일반 웹 앱에선 흔치 않으나, 고성능 영역에서는 강력한 도구입니다. SharedArrayBuffer는 “프론트 성능의 극단”에서 나오는 HARD 키워드입니다.	공유 배열 버퍼									frontend	javascript	concurrency	
Q742	크로스 오리진 격리(Cross Origin Isolation)		Frontend - JavaScript	12	INITIALS	HARD	SharedArrayBuffer 사용을 위해 필요한 보안 격리 모드를 무엇이라고 하는가?	크로스 오리진 격리(Cross Origin Isolation)는 SharedArrayBuffer를 안전하게 사용하기 위해 요구되는 보안 조건과 연결됩니다. 면접에서는 COOP/COEP 헤더 설정이 왜 필요한지, 어떤 위험(사이드 채널)을 줄이기 위한 것인지 묻기도 합니다. 실무에서는 CDN, 서드파티 리소스, iframe 포함 여부에 따라 설정이 깨질 수 있어 배포 환경 검증이 중요합니다. 또한 격리 적용은 외부 리소스 로딩 정책에 영향을 주므로, 제품 요구사항과 충돌하지 않게 설계해야 합니다. 이 개념은 고급 성능 기능이 “보안/운영”과 맞물린다는 점을 보여주는 HARD 포인트입니다.	크로스 오리진 격리									frontend	javascript	security	
Q743	이벤트 소싱(Event Sourcing)		Frontend - JavaScript	12	INITIALS	HARD	상태를 현재 값으로 저장하지 않고 이벤트 로그로 저장해 재구성하는 아키텍처 패턴을 무엇이라고 하는가?	이벤트 소싱(Event Sourcing)은 상태를 “변경 이벤트의 연속”으로 저장해, 필요하면 이벤트를 재생해 상태를 만듭니다. 면접에서는 CQRS와 함께 묶여 출제되거나, 감사 추적/되돌리기/재현성 관점에서 장점을 설명하게 할 수 있습니다. 실무에서는 협업 편집기, 금융/주문 시스템처럼 변경 이력이 핵심인 도메인에서 강력합니다. 다만 이벤트 스키마 버전 관리, 스냅샷, 리플레이 비용 등 복잡도가 높아 도입 기준이 중요합니다. 이벤트 소싱은 프론트에서도 오프라인 동기화/협업 기능에서 등장하는 HARD 패턴입니다.	이벤트 소싱									frontend	javascript	architecture	
Q744	소프트 삭제(Soft Delete)		Frontend - JavaScript	12	INITIALS	HARD	데이터를 실제로 삭제하지 않고 삭제 플래그로 처리해 복구 가능하게 만드는 전략을 무엇이라고 하는가?	소프트 삭제(Soft Delete)는 감사/복구/규정 준수 관점에서 중요한 데이터 처리 전략입니다. 면접에서는 “삭제를 어떻게 설계하나” 질문에서 장단점을 설명할 수 있어야 합니다. 실무에서는 UI에서 삭제된 데이터 숨김 처리, 복구 기능, 관리 콘솔 조회를 설계해야 하며, 쿼리 조건(삭제 제외)을 일관되게 적용해야 합니다. 또한 인덱스/유니크 제약과 충돌(삭제된 레코드가 유니크를 막는 문제)이 생길 수 있어 설계가 까다롭습니다. 프론트에서도 리스트/검색/필터 동작에 영향을 주므로 전체 흐름 이해가 필요합니다.	소프트 삭제									frontend	javascript	data	
Q745	낙관적 업데이트(Optimistic Update)		Frontend - JavaScript	12	INITIALS	HARD	서버 응답을 기다리지 않고 UI를 먼저 업데이트한 뒤 실패 시 롤백하는 전략을 무엇이라고 하는가?	낙관적 업데이트(Optimistic Update)는 체감 속도를 크게 올리는 UX 전략입니다. 면접에서는 실패 시 롤백/재시도/충돌 해결을 어떻게 하느냐가 핵심 질문입니다. 실무에서는 좋아요/팔로우 같은 토글에 자주 쓰지만, 재요청 순서와 레이스 컨디션을 함께 해결해야 합니다. 또한 서버가 최종 진실 소스이므로, 응답이 오면 UI 상태를 정정하는 동기화 로직이 필요합니다. 낙관적 업데이트는 성능이 아니라 “사용자 경험과 일관성”을 동시에 다루는 HARD 실무 주제입니다.	낙관적 업데이트									frontend	javascript	ux	
Q746	비관적 업데이트(Pessimistic Update)		Frontend - JavaScript	12	INITIALS	HARD	서버 응답을 받은 뒤에야 UI 상태를 반영해 일관성을 우선하는 전략을 무엇이라고 하는가?	비관적 업데이트(Pessimistic Update)는 데이터 정합성이 중요할 때 선택됩니다. 면접에서는 낙관적 업데이트와 비교해 언제 어떤 전략을 쓰는지 근거를 제시해야 합니다. 실무에서는 결제/재고/권한 변경처럼 실패 비용이 큰 기능에 적합하며, 로딩 상태와 중복 클릭 방지 가드를 함께 설계해야 합니다. 또한 네트워크 지연이 UX를 해칠 수 있어, 스켈레톤/로딩 인디케이터로 체감을 보완합니다. 비관적 업데이트를 아는 것은 “일관성 vs UX” 트레이드오프를 다룰 수 있다는 HARD 포인트입니다.	비관적 업데이트									frontend	javascript	ux	
Q747	분산 트레이싱(Distributed Tracing)		Frontend - JavaScript	12	INITIALS	HARD	요청이 여러 서비스로 흘러갈 때 구간별 지연과 흐름을 추적하는 관측성 기법을 무엇이라고 하는가?	분산 트레이싱(Distributed Tracing)은 프론트-게이트웨이-백엔드-DB까지 요청 흐름을 연결해 병목을 찾습니다. 면접에서는 프론트에서 트레이스 컨텍스트를 전파하는 방법(헤더, correlation id)을 설명하게 할 수 있습니다. 실무에서는 에러 재현이 어려운 상황에서 트레이싱이 결정적 단서가 되며, 성능 문제를 “어디서 느린지” 정확히 말할 수 있게 합니다. 다만 개인정보/민감정보를 span에 넣지 않도록 정책이 필요하고, 샘플링 전략으로 비용을 관리해야 합니다. 분산 트레이싱은 운영 성숙도를 보여주는 HARD 주제입니다.	분산 트레이싱									frontend	javascript	monitoring	
Q748	컨텍스트 전파(Context Propagation)		Frontend - JavaScript	12	INITIALS	HARD	요청/작업의 상관관계 정보를 비동기 경계를 넘어 전달하는 기법을 무엇이라고 하는가?	컨텍스트 전파(Context Propagation)는 로깅/트레이싱에서 “이 요청이 어디서 왔는지”를 끝까지 잇는 핵심입니다. 면접에서는 비동기 흐름에서 상관관계 ID를 어떻게 유지하겠냐는 질문으로 출제될 수 있습니다. 실무에서는 프론트에서 요청마다 correlation id를 생성해 헤더로 보내고, 서버/로그에 동일 ID로 기록해 추적성을 확보합니다. 또한 사용자 세션, 실험군(A/B) 정보 같은 컨텍스트도 안전하게 전파할 수 있지만, 민감정보는 포함하지 않는 기준이 필요합니다. 컨텍스트 전파는 관측성을 “설계”로 해결하는 HARD 포인트입니다.	컨텍스트 전파									frontend	javascript	monitoring	
Q749	장기 태스크(Long Task)		Frontend - JavaScript	12	INITIALS	HARD	메인 스레드를 오래 점유해 입력/렌더링을 막는 긴 실행 구간을 무엇이라고 하는가?	장기 태스크(Long Task)는 50ms 이상 메인 스레드를 점유하는 작업으로 UX에 큰 악영향을 줍니다. 면접에서는 INP/입력 지연과 연결해 장기 태스크를 어떻게 줄일지 질문이 나올 수 있습니다. 실무에서는 작업 쪼개기, 웹 워커 오프로딩, 우선순위 낮은 작업 지연, requestIdleCallback 등을 사용해 완화합니다. 또한 JSON 파싱/대량 DOM 업데이트/복잡한 계산이 장기 태스크 원인이 되기 쉬우므로, 병목을 프로파일링으로 찾는 것이 먼저입니다. 장기 태스크를 다룰 수 있으면 성능 문제 해결력이 강한 HARD 답변이 됩니다.	장기 태스크									frontend	javascript	performance	
Q750	메인 스레드 오프로딩(Main Thread Offloading)		Frontend - JavaScript	12	INITIALS	HARD	무거운 계산을 워커 등으로 옮겨 메인 스레드 부담을 줄이는 전략을 무엇이라고 하는가?	메인 스레드 오프로딩(Main Thread Offloading)은 입력/렌더링을 부드럽게 유지하기 위한 핵심 전략입니다. 면접에서는 어떤 작업을 워커로 옮길 수 있는지, 어떤 작업은 못 옮기는지(DOM 접근 불가)를 설명해야 합니다. 실무에서는 대규모 파싱, 이미지 처리, 암호화, 검색 인덱싱 같은 작업을 워커로 보내고, 메시지 전달 비용을 최소화하기 위해 Transferable을 사용하기도 합니다. 또한 워커 생명주기 관리와 취소/오류 처리까지 설계해야 운영에 강합니다. 오프로딩은 성능을 “아키텍처로” 해결하는 HARD 포인트입니다.	메인 스레드 오프로딩									frontend	javascript	performance	
Q751	Transferable(전송 가능한 객체)		Frontend - JavaScript	12	INITIALS	HARD	워커 메시지 전달 시 복사 대신 소유권을 이전해 비용을 줄이는 객체 유형을 무엇이라고 하는가?	Transferable은 ArrayBuffer 같은 객체를 복사하지 않고 워커로 “소유권 이전”해 전송 비용을 줄입니다. 면접에서는 structured clone과의 차이를 설명하게 할 수 있습니다. 실무에서는 대용량 데이터를 워커로 보내거나 받을 때 성능 차이가 매우 큽니다. 다만 소유권을 넘기면 원래 컨텍스트에서 버퍼가 분리(detach)되어 더 이상 사용할 수 없으므로, 사용 흐름을 명확히 설계해야 합니다. Transferable을 이해하면 워커 기반 성능 최적화를 실전 수준으로 끌어올릴 수 있습니다.	전송 가능한 객체									frontend	javascript	performance	
Q752	구조적 복제(Structured Clone)		Frontend - JavaScript	12	INITIALS	HARD	postMessage 등에서 객체를 안전하게 복사해 전달하기 위한 표준 복제 알고리즘을 무엇이라고 하는가?	구조적 복제(Structured Clone)는 워커/채널에서 객체를 복사해 전달하는 표준 방식입니다. 면접에서는 JSON 직렬화와 차이(지원 타입, 순환 참조 등)를 설명할 수 있어야 합니다. 실무에서는 함수/DOM 노드처럼 복제 불가능한 값이 섞이면 에러가 나므로, 메시지 페이로드를 순수 데이터로 유지하는 설계가 필요합니다. 또한 큰 객체를 구조적 복제로 보내면 복사 비용이 커져 오히려 느려질 수 있어, Transferable과의 선택이 중요합니다. 구조적 복제는 워커 통신 성능/안정성의 기반이 되는 HARD 개념입니다.	구조적 복제									frontend	javascript	concurrency	
Q753	취소 전파(Cancellation Propagation)		Frontend - JavaScript	12	INITIALS	HARD	작업 취소 신호를 하위 비동기 작업들까지 전달해 일관되게 중단시키는 설계를 무엇이라고 하는가?	취소 전파(Cancellation Propagation)는 AbortController 같은 취소 신호를 “연쇄 작업” 전체에 전달하는 설계입니다. 면접에서는 검색 입력 변경 시 이전 요청과 후속 처리(파싱/렌더)를 어떻게 취소하겠냐는 질문에서 중요합니다. 실무에서는 네트워크 요청만 취소해도, 응답 처리 로직이 이미 큐에 올라가 있으면 UI가 덮어쓰일 수 있어, 전체 파이프라인에 취소 신호를 적용해야 합니다. 또한 취소는 에러 처리와 다르게 분류해(AbortError) 로깅을 과도하게 하지 않도록 하는 정책도 필요합니다. 취소 전파는 비동기 안정성을 크게 높이는 HARD 실무 포인트입니다.	취소 전파									frontend	javascript	async	
Q754	스택 트레이스 왜곡(Stack Trace Obfuscation)		Frontend - JavaScript	12	INITIALS	HARD	번들링/압축/비동기 경계로 인해 오류 스택이 실제 소스와 달라져 추적이 어려워지는 문제를 무엇이라고 하는가?	스택 트레이스 왜곡(Stack Trace Obfuscation)은 미니파이, 번들, async 경계로 인해 스택이 의미를 잃는 현상을 말합니다. 면접에서는 운영 장애에서 원인 추적을 어떻게 하느냐 질문에서 소스맵/리플레이/로깅 전략으로 답할 수 있습니다. 실무에서는 소스맵 업로드, 에러 그룹핑, breadcrumb 로그로 추적성을 보완합니다. 또한 비동기 체인에서 원인 함수가 사라지는 경우가 있어, async stack trace 옵션이나 프레임워크 도구를 활용하기도 합니다. 이 문제를 이해하면 “운영 디버깅”을 현실적으로 아는 HARD 개발자로 보일 수 있습니다.	스택 트레이스 왜곡									frontend	javascript	debugging	
Q755	에러 그룹핑(Error Grouping)		Frontend - JavaScript	12	INITIALS	HARD	유사한 에러를 스택/메시지/컨텍스트 기준으로 묶어 관리하는 관측성 기능을 무엇이라고 하는가?	에러 그룹핑(Error Grouping)은 운영에서 에러 폭주를 “이슈 단위”로 관리하게 해줍니다. 면접에서는 Sentry 같은 도구에서 그룹핑이 왜 중요한지, 그리고 fingerprint를 어떻게 설정하는지 질문이 나올 수 있습니다. 실무에서는 같은 원인의 에러가 수천 번 발생해도 하나의 이슈로 묶이면 우선순위를 정하고 대응이 쉬워집니다. 다만 그룹핑 기준이 너무 넓으면 서로 다른 버그가 합쳐지고, 너무 좁으면 이슈가 과도하게 쪼개져 관리가 어렵습니다. 에러 그룹핑은 관측성을 실제로 운영해본 경험을 보여주는 HARD 키워드입니다.	에러 그룹핑									frontend	javascript	monitoring	
Q756	하이드레이션 불일치(Hydration Mismatch)		Frontend - JavaScript	12	INITIALS	HARD	SSR 결과와 클라이언트 렌더 결과가 달라 초기 연결 과정에서 경고나 재렌더가 발생하는 문제를 무엇이라고 하는가?	하이드레이션 불일치(Hydration Mismatch)는 서버가 만든 HTML과 클라이언트가 같은 상태로 재구성하지 못할 때 발생합니다. 면접에서는 왜 발생하는지(시간/랜덤/브라우저 전용 API, 조건부 렌더)와 해결 전략을 설명해야 합니다. 실무에서는 Date, Math.random, locale 차이, window 접근, 사용자 에이전트 기반 분기 등이 대표 원인입니다. 또한 서버와 클라에서 동일한 초기 상태를 보장하기 위해 “결정론적 렌더링”을 유지하고, 클라이언트 전용 코드는 useEffect 이후로 미루는 식의 패턴을 씁니다. 하이드레이션 불일치는 SSR 운영 경험을 보여주는 HARD 포인트입니다.	하이드레이션 불일치									frontend	javascript	ssr	
Q757	선택적 하이드레이션(Selective Hydration)		Frontend - JavaScript	12	INITIALS	HARD	페이지 전체가 아니라 필요한 부분부터 순서/우선순위를 두고 하이드레이션하는 전략을 무엇이라고 하는가?	선택적 하이드레이션(Selective Hydration)은 초기 상호작용이 중요한 영역을 먼저 활성화해 INP 같은 지표를 개선합니다. 면접에서는 “하이드레이션 비용이 큰 이유”와 “부분 하이드레이션의 장단점”을 설명할 수 있어야 합니다. 실무에서는 중요한 CTA/검색창부터 하이드레이션하고, 아래쪽/비가시 영역은 지연하는 방식이 사용됩니다. 다만 상태 공유/이벤트 위임/경계 관리가 복잡해지므로 프레임워크 지원과 아키텍처 설계가 필수입니다. 선택적 하이드레이션은 SSR 성능을 실무적으로 고민해본 HARD 포인트입니다.	선택적 하이드레이션									frontend	javascript	ssr	
Q758	아일랜드 아키텍처(Islands Architecture)		Frontend - JavaScript	12	INITIALS	HARD	정적 HTML 위에 상호작용이 필요한 부분만 독립적으로 하이드레이션하는 구조를 무엇이라고 하는가?	아일랜드 아키텍처(Islands Architecture)는 대부분을 정적으로 렌더하고, “섬”처럼 필요한 부분만 JS로 활성화합니다. 면접에서는 CSR/SSR/SSG 차이와 함께 아일랜드가 어떤 문제(번들/하이드레이션 비용)를 줄이는지 설명할 수 있어야 합니다. 실무에서는 콘텐츠 중심 페이지(블로그/문서/커머스 상세)에서 JS 비용을 크게 줄일 수 있습니다. 다만 상태 공유가 분산되고, 섬 간 통신/일관성 설계가 필요해 복잡도가 생깁니다. 아일랜드는 성능 중심 프론트 아키텍처를 이해하는 HARD 키워드입니다.	아일랜드 아키텍처									frontend	javascript	architecture	
Q759	엣지 렌더링(Edge Rendering)		Frontend - JavaScript	12	INITIALS	HARD	사용자와 가까운 엣지 환경에서 SSR/응답을 생성해 지연을 줄이는 실행 방식을 무엇이라고 하는가?	엣지 렌더링(Edge Rendering)은 지리적으로 가까운 위치에서 HTML을 생성해 RTT를 줄일 수 있습니다. 면접에서는 CDN/에지 함수로 무엇이 가능해지는지, 그리고 제약(런타임 제한, DB 접근 방식)을 설명할 수 있어야 합니다. 실무에서는 캐시 키 설계, 개인화 처리, 지역 규정 대응에 유리하지만, 관측성과 디버깅이 어려울 수 있습니다. 또한 cold start, 제한된 API, 서드파티 의존성 문제를 고려해야 합니다. 엣지 렌더링은 성능과 인프라를 함께 아는 HARD 포인트입니다.	엣지 렌더링									frontend	javascript	infra	
Q760	서버 컴포넌트(Server Components)		Frontend - JavaScript	12	INITIALS	HARD	컴포넌트를 서버에서 실행해 클라이언트 번들을 줄이고 데이터 접근을 단순화하는 개념을 무엇이라고 하는가?	서버 컴포넌트(Server Components)는 클라이언트에 JS를 보내지 않고 서버에서 컴포넌트를 실행해 결과를 전달하는 모델입니다. 면접에서는 “클라이언트 컴포넌트와 역할 분리”, “데이터 페칭 위치 변화”, “번들 감소 효과”를 설명할 수 있어야 합니다. 실무에서는 초기 로딩 성능과 보안(비밀 키/DB 접근)을 개선할 수 있지만, 캐싱/스트리밍/경계 설계가 복잡해집니다. 또한 클라이언트 상태와 서버 렌더 결과의 연결을 이해해야 하며, 잘못 설계하면 네트워크 왕복이 늘 수 있습니다. 서버 컴포넌트는 최신 프론트 아키텍처 심화의 HARD 키워드입니다.	서버 컴포넌트									frontend	javascript	architecture	
Q761	캐시 태그(Cache Tagging)		Frontend - JavaScript	12	INITIALS	HARD	캐시 항목에 태그를 붙여 관련 데이터만 선택적으로 무효화하는 전략을 무엇이라고 하는가?	캐시 태그(Cache Tagging)는 “정확한 무효화”를 가능하게 하는 캐시 설계 기법입니다. 면접에서는 TTL만으로 부족한 이유와 태그 기반 무효화의 장점을 설명할 수 있어야 합니다. 실무에서는 게시글/댓글/프로필처럼 관계된 데이터가 여러 화면에 퍼져 있을 때, 태그로 묶어 한 번에 무효화하면 일관성이 좋아집니다. 다만 태그 설계가 잘못되면 무효화가 과도하게 넓어져 캐시 효율이 떨어질 수 있습니다. 캐시 태깅은 프론트 데이터 캐시 운영을 깊게 이해하는 HARD 포인트입니다.	캐시 태그									frontend	javascript	caching	
Q762	스테일 리밸리데이트(Stale While Revalidate)		Frontend - JavaScript	12	INITIALS	HARD	캐시된 오래된 데이터를 즉시 보여주고 백그라운드에서 갱신하는 전략을 무엇이라고 하는가?	스테일 리밸리데이트(Stale While Revalidate)는 빠른 UX와 최신성 사이 균형을 잡는 대표 패턴입니다. 면접에서는 “왜 즉시 응답이 중요한가”와 “갱신 시 깜빡임 없이 업데이트하는 방법”을 설명할 수 있어야 합니다. 실무에서는 목록/피드처럼 최신성이 절대적이지 않은 화면에서 효과가 크며, 캐시 키와 무효화 전략이 핵심입니다. 또한 갱신 실패 시 재시도/폴백 정책을 명확히 해야 사용자 경험이 안정적입니다. 이 패턴은 데이터 페칭 라이브러리에서 자주 쓰여 HARD 난이도에서도 빈출됩니다.	스테일 리밸리데이트									frontend	javascript	caching	
Q763	요청 중복 제거(Request Deduplication)		Frontend - JavaScript	12	INITIALS	HARD	동일한 요청이 동시에 발생할 때 하나만 보내고 결과를 공유하는 최적화를 무엇이라고 하는가?	요청 중복 제거(Request Deduplication)는 네트워크 낭비와 서버 부하를 줄이는 핵심 최적화입니다. 면접에서는 빠르게 연속 클릭하거나 여러 컴포넌트가 같은 데이터를 요구할 때 어떻게 처리할지 질문이 나옵니다. 실무에서는 in-flight 요청을 키로 관리해 결과를 공유하고, 실패/취소/재시도 정책까지 포함해 설계합니다. 또한 캐시와 결합하면 “동일 데이터 요청 폭주”를 거의 제거할 수 있습니다. 요청 중복 제거는 데이터 레이어를 설계해본 HARD 실무 포인트입니다.	요청 중복 제거									frontend	javascript	networking	
Q764	단일 비행(Singleflight)		Frontend - JavaScript	12	INITIALS	HARD	같은 키의 동시 요청을 하나로 합쳐 한 번만 실행되게 하는 동시성 제어 패턴을 무엇이라고 하는가?	단일 비행(Singleflight)은 요청 중복 제거를 더 일반화한 동시성 패턴입니다. 면접에서는 캐시 미스 상황에서 동시 요청이 폭주하는 문제(캐시 스탬피드)와 함께 출제될 수 있습니다. 실무에서는 키별 락처럼 동작해 같은 데이터 로딩을 하나로 합치고, 결과를 기다리던 요청들에게 브로드캐스트합니다. 다만 실패 시 대기자에게 어떤 에러를 전달할지, 재시도는 누가 담당할지 정책이 중요합니다. 단일 비행은 실무 운영 최적화를 이해하는 HARD 키워드입니다.	단일 비행									frontend	javascript	concurrency	
Q765	캐시 스탬피드(Cache Stampede)		Frontend - JavaScript	12	INITIALS	HARD	캐시 만료/미스 시점에 동시 요청이 몰려 원본 시스템이 과부하 되는 현상을 무엇이라고 하는가?	캐시 스탬피드(Cache Stampede)는 트래픽이 몰리는 서비스에서 치명적이며, 프론트 캐시에서도 재현될 수 있습니다. 면접에서는 TTL 지터, 단일 비행, prewarm 같은 대응을 설명할 수 있어야 합니다. 실무에서는 인기 리소스가 동시에 만료되면 여러 탭/사용자에서 같은 요청이 폭주할 수 있어, 중복 제거와 만료 분산이 필요합니다. 또한 실패 시 캐시를 비워버리면 더 큰 폭주로 이어질 수 있으므로, 오류 캐싱/서킷 브레이커 전략까지 고려합니다. 스탬피드는 캐시를 “운영” 관점으로 이해하는 HARD 포인트입니다.	캐시 스탬피드									frontend	javascript	caching	
Q766	캐시 키 설계(Cache Key Design)		Frontend - JavaScript	12	INITIALS	HARD	URL 파라미터/헤더/사용자 컨텍스트를 반영해 캐시의 구분 기준을 정하는 작업을 무엇이라고 하는가?	캐시 키 설계(Cache Key Design)는 캐시 시스템의 정합성과 효율을 좌우합니다. 면접에서는 “개인화 데이터는 어떻게 캐시하나” 질문에서 키 설계와 분리 전략을 설명하면 좋습니다. 실무에서는 사용자/권한/로케일/필터 조건이 섞이면 캐시 오염이 발생하기 쉬워, 키 구성 요소를 명확히 정의해야 합니다. 또한 키가 과도하게 세분화되면 캐시 히트율이 떨어지고, 너무 뭉뚱그리면 다른 사용자에게 잘못된 데이터가 노출될 수 있습니다. 캐시 키 설계는 성능과 보안을 동시에 다루는 HARD 포인트입니다.	캐시 키 설계									frontend	javascript	caching	
Q767	캐시 오염(Cache Poisoning)		Frontend - JavaScript	12	INITIALS	HARD	잘못된 키 설계/입력으로 캐시에 부정확한 데이터가 저장되어 다른 요청에 재사용되는 문제를 무엇이라고 하는가?	캐시 오염(Cache Poisoning)은 보안 문제로도 이어질 수 있는 심각한 캐시 버그입니다. 면접에서는 사용자 컨텍스트가 섞여 다른 사람 데이터가 보이는 사고를 예로 들 수 있습니다. 실무에서는 키에 인증/권한/로케일 등을 정확히 포함하고, 민감 데이터는 캐시하지 않거나 범위를 제한합니다. 또한 프록시/브라우저 캐시 헤더 설정이 엉키면 의도치 않게 공유 캐시에 저장될 수 있어, Cache-Control 정책을 명확히 해야 합니다. 캐시 오염을 이해하면 운영 리스크를 줄이는 HARD 개발자로 보일 수 있습니다.	캐시 오염									frontend	javascript	security	
Q768	분산 캐시 일관성(Cache Consistency)		Frontend - JavaScript	12	INITIALS	HARD	여러 계층/노드의 캐시가 함께 있을 때 데이터 일관성을 유지하는 문제 영역을 무엇이라고 하는가?	분산 캐시 일관성(Cache Consistency)은 브라우저 캐시, CDN 캐시, 서버 캐시, 앱 캐시가 겹칠 때 복잡해집니다. 면접에서는 “어디서 갱신이 안 되는가”를 어떻게 디버깅하냐는 질문으로 출제될 수 있습니다. 실무에서는 무효화 경로를 명확히 하고, 버전 파라미터/ETag, 태그 기반 무효화 같은 전략을 조합합니다. 또한 캐시 계층별로 TTL 정책이 달라 최신성이 어긋날 수 있어, 계층 간 책임을 분리해 설계해야 합니다. 캐시 일관성은 성능과 정합성의 트레이드오프를 다루는 HARD 포인트입니다.	분산 캐시 일관성									frontend	javascript	caching	
Q769	재검증(Revalidation)		Frontend - JavaScript	12	INITIALS	HARD	캐시가 유효한지 서버와 조건부 요청으로 확인하고 필요 시 갱신하는 과정을 무엇이라고 하는가?	재검증(Revalidation)은 ETag/If-None-Match 같은 조건부 요청과 연결되는 핵심 개념입니다. 면접에서는 “캐시된 리소스가 최신인지 어떻게 확인하나” 질문에서 답이 됩니다. 실무에서는 304 응답을 통해 바디 전송 없이 최신 여부를 확인해 대역폭을 절약합니다. 다만 재검증이 잦으면 RTT 비용이 누적될 수 있어, TTL과 조합해 적절한 빈도를 설계해야 합니다. 재검증은 캐시를 단순 저장이 아니라 “협상”으로 보는 HARD 관점입니다.	재검증									frontend	javascript	networking	
Q770	조건부 요청(Conditional Request)		Frontend - JavaScript	12	INITIALS	HARD	ETag나 Last-Modified 같은 조건을 붙여 변경이 없으면 304를 받는 요청 방식을 무엇이라고 하는가?	조건부 요청(Conditional Request)은 캐시 효율을 높이는 HTTP 핵심 메커니즘입니다. 면접에서는 200과 304의 차이, ETag와 Last-Modified의 차이를 설명하게 할 수 있습니다. 실무에서는 정적 리소스뿐 아니라 API에서도 조건부 요청을 설계하면 대역폭과 서버 부하를 줄일 수 있습니다. 다만 ETag 생성 비용, 약한 ETag/강한 ETag 선택, 프록시 캐시와의 상호작용까지 고려해야 합니다. 조건부 요청을 이해하면 JS를 넘어 웹 성능/네트워크까지 아우르는 HARD 답변이 가능합니다.	조건부 요청									frontend	javascript	networking	
Q771	ETag(이태그)		Frontend - JavaScript	12	INITIALS	HARD	리소스 버전을 나타내는 식별자로, 변경 여부 판별에 쓰이는 헤더 값을 무엇이라고 하는가?	ETag(이태그)는 리소스의 버전을 식별해 캐시 재사용 여부를 결정합니다. 면접에서는 ETag 기반 재검증 흐름(If-None-Match, 304)을 말로 설명할 수 있어야 합니다. 실무에서는 정적 리소스에 해시 기반 ETag를 쓰거나, API 응답에 버전 태그를 붙여 변경 감지를 할 수 있습니다. 다만 서버/프록시가 ETag를 어떻게 처리하는지, 압축 여부에 따라 달라질 수 있는 점을 이해해야 합니다. ETag는 캐시 정합성과 성능 최적화를 연결하는 HARD 핵심 용어입니다.	이태그									frontend	javascript	http	
Q772	캐시 제어(Cache Control)		Frontend - JavaScript	12	INITIALS	HARD	캐시 가능 여부와 만료 정책을 지정하는 HTTP 헤더 정책을 무엇이라고 하는가?	캐시 제어(Cache Control)는 public/private, max-age, s-maxage, no-store 같은 지시어로 캐시 동작을 제어합니다. 면접에서는 민감 데이터에 왜 no-store가 필요한지, CDN 캐시와 브라우저 캐시가 어떻게 다른지 질문이 나올 수 있습니다. 실무에서는 정적 자원은 long cache + 해시 파일명, API는 짧은 TTL + 재검증 같은 전략을 조합합니다. 또한 잘못 설정하면 사용자에게 오래된 데이터가 보이거나, 반대로 캐시가 전혀 안 되어 트래픽이 폭주할 수 있습니다. 캐시 제어는 네트워크/보안/성능이 만나는 HARD 영역입니다.	캐시 제어									frontend	javascript	http	
Q773	프록시 캐시(Proxy Cache)		Frontend - JavaScript	12	INITIALS	HARD	브라우저와 서버 사이에서 응답을 저장해 재사용하는 중간 캐시 계층을 무엇이라고 하는가?	프록시 캐시(Proxy Cache)는 CDN이나 기업 프록시처럼 중간에서 응답을 캐시해 성능을 개선합니다. 면접에서는 공유 캐시에서 private/public 설정이 왜 중요한지, 그리고 Vary 헤더가 왜 필요한지 질문이 나올 수 있습니다. 실무에서는 프록시 캐시가 예상치 못한 데이터 공유를 만들 수 있어, 인증이 필요한 응답은 캐시 정책을 엄격히 해야 합니다. 또한 프록시가 헤더를 수정하거나 버퍼링하면 스트리밍/실시간 기능에 영향을 줄 수 있습니다. 프록시 캐시는 웹 성능을 “전체 경로” 관점으로 이해하는 HARD 키워드입니다.	프록시 캐시									frontend	javascript	http	
Q774	서비스 워커(Service Worker)		Frontend - JavaScript	12	INITIALS	HARD	네트워크 요청을 가로채 캐시/오프라인/푸시 등을 구현할 수 있는 백그라운드 스크립트를 무엇이라고 하는가?	서비스 워커(Service Worker)는 PWA의 핵심으로, 요청을 인터셉트해 캐싱 전략을 적용할 수 있습니다. 면접에서는 등록/활성화 라이프사이클과 “왜 HTTPS가 필수인지”를 설명할 수 있어야 합니다. 실무에서는 오프라인 지원, 백그라운드 동기화, 정적 자원 캐시로 로딩 성능 개선에 쓰입니다. 다만 캐시 무효화가 어려워 배포 후 “옛 버전이 남는 문제”가 자주 발생하니, 버전 전략과 skipWaiting/clientsClaim 같은 정책을 신중히 설계해야 합니다. 서비스 워커는 프론트 운영과 배포를 아우르는 HARD 주제입니다.	서비스 워커									frontend	javascript	pwa	
Q775	캐시 스토리지(Cache Storage)		Frontend - JavaScript	12	INITIALS	HARD	서비스 워커에서 Request Response 쌍을 저장하고 조회하는 캐시 저장소 API를 무엇이라고 하는가?	캐시 스토리지(Cache Storage)는 브라우저에 요청/응답을 저장해 오프라인과 성능 최적화를 가능하게 합니다. 면접에서는 localStorage와의 차이(HTTP 응답 저장, 비동기 API, 용량/격리)를 설명할 수 있어야 합니다. 실무에서는 프리캐시와 런타임 캐시를 구분해 설계하고, 캐시 이름/버전 관리를 통해 무효화를 수행합니다. 또한 캐시가 무한히 커지지 않도록 LRU나 만료 정책을 직접 구현하는 경우도 있습니다. 캐시 스토리지는 PWA 캐싱 전략을 실전으로 적용하는 HARD 용어입니다.	캐시 스토리지									frontend	javascript	pwa	
Q776	프리캐시(Precache)		Frontend - JavaScript	12	INITIALS	HARD	설치 단계에서 핵심 리소스를 미리 캐싱해 오프라인과 빠른 로딩을 보장하는 전략을 무엇이라고 하는가?	프리캐시(Precache)는 앱 셸(App Shell) 기반 PWA에서 핵심 자원을 설치 시점에 캐싱합니다. 면접에서는 “설치 후 첫 실행이 빠른 이유”나 “오프라인이 가능한 이유”를 프리캐시로 설명할 수 있습니다. 실무에서는 빌드 해시 파일명과 결합해 캐시 무효화를 안전하게 만들고, 필수 리소스 목록(manifest)을 관리합니다. 다만 프리캐시 목록이 커지면 설치가 느려지고 실패 가능성이 늘어, 최소 필수만 담는 설계가 중요합니다. 프리캐시는 배포/캐시/UX가 결합된 HARD 주제입니다.	프리캐시									frontend	javascript	pwa	
Q777	런타임 캐싱(Runtime Caching)		Frontend - JavaScript	12	INITIALS	HARD	실행 중 발생한 요청을 정책에 따라 캐시해 재사용하는 전략을 무엇이라고 하는가?	런타임 캐싱(Runtime Caching)은 사용자가 실제로 요청한 리소스를 캐시해 이후 로딩을 빠르게 합니다. 면접에서는 cache-first, network-first, stale-while-revalidate 같은 전략을 상황별로 설명해야 합니다. 실무에서는 이미지/폰트/API 응답 등 리소스 성격에 따라 전략이 달라지며, 실패 시 오프라인 폴백 화면을 설계하기도 합니다. 또한 캐시 키, 만료, 정합성 이슈가 항상 따라오므로 운영 모니터링이 중요합니다. 런타임 캐싱은 PWA 캐시를 제대로 운영해본 사람에게서 나오는 HARD 포인트입니다.	런타임 캐싱									frontend	javascript	pwa	
Q778	앱 셸(App Shell)		Frontend - JavaScript	12	INITIALS	HARD	UI의 뼈대와 핵심 리소스를 캐시해 빠른 초기 표시를 만드는 PWA 설계 패턴을 무엇이라고 하는가?	앱 셸(App Shell)은 화면의 기본 레이아웃(헤더/네비/프레임)을 캐싱해 즉시 표시하고, 데이터는 나중에 로드하는 패턴입니다. 면접에서는 앱 셸이 왜 체감 성능을 올리는지, 그리고 데이터 동기화는 어떻게 하는지 질문이 나옵니다. 실무에서는 초기 렌더를 빠르게 만들지만, 콘텐츠가 늦게 채워지면 “빈 화면”이 될 수 있어 스켈레톤/로딩 전략이 필수입니다. 또한 라우팅과 캐시 전략을 함께 설계해야 오프라인 시에도 의미 있는 UI가 유지됩니다. 앱 셸은 PWA의 UX/성능 설계를 대표하는 HARD 용어입니다.	앱 셸									frontend	javascript	pwa	
Q779	오프라인 폴백(Offline Fallback)		Frontend - JavaScript	12	INITIALS	HARD	네트워크 실패 시 캐시된 페이지나 안내 화면으로 대체하는 전략을 무엇이라고 하는가?	오프라인 폴백(Offline Fallback)은 오프라인/불안정 네트워크에서 사용자 경험을 지키는 핵심입니다. 면접에서는 “오프라인에서 어떤 화면을 보여줄 것인가”와 “어떤 데이터는 캐시해도 되는가”를 설명해야 합니다. 실무에서는 정적 폴백 페이지, 마지막 성공 데이터, 또는 제한 기능 모드로 대체하는 방식이 있습니다. 또한 폴백이 잘못되면 오래된 데이터가 최신처럼 보일 수 있어, “오프라인 표시”와 타임스탬프 제공이 중요합니다. 오프라인 폴백은 캐싱 전략의 마무리 설계로서 HARD 포인트입니다.	오프라인 폴백									frontend	javascript	pwa	
Q780	백그라운드 동기화(Background Sync)		Frontend - JavaScript	12	INITIALS	HARD	오프라인 중 작업을 큐에 쌓아두고 네트워크가 복구되면 자동 전송하는 기능을 무엇이라고 하는가?	백그라운드 동기화(Background Sync)는 네트워크가 불안정한 환경에서 “쓰기 작업”의 신뢰성을 높입니다. 면접에서는 오프라인에서 작성한 댓글/폼 제출을 어떻게 처리할지 질문에서 답이 됩니다. 실무에서는 요청 큐와 재시도 정책, 중복 방지(멱등성 키)까지 함께 설계해야 합니다. 또한 동기화 시점에 사용자에게 알림을 주거나, 충돌이 생기면 해결 UX를 제공해야 합니다. 백그라운드 동기화는 PWA를 실무 수준으로 운영하는 HARD 기능입니다.	백그라운드 동기화									frontend	javascript	pwa	
Q781	푸시 알림(Push Notification)		Frontend - JavaScript	12	INITIALS	HARD	서버가 브라우저에 비동기 메시지를 보내 사용자에게 알림을 표시하게 하는 기능을 무엇이라고 하는가?	푸시 알림(Push Notification)은 서비스 워커와 결합해 앱이 열려 있지 않아도 알림을 표시할 수 있습니다. 면접에서는 권한 요청 UX, 구독(Subscription) 흐름, 보안(인증/키) 개념을 설명할 수 있어야 합니다. 실무에서는 알림 남용이 곧 차단/해지로 이어져, “가치 있는 알림” 설계와 빈도 제한이 중요합니다. 또한 브라우저/OS별 정책 차이가 있어 호환성 테스트가 필요합니다. 푸시 알림은 기술뿐 아니라 제품 감각까지 요구되는 HARD 주제입니다.	푸시 알림									frontend	javascript	pwa	
Q782	권한 프롬프트 최적화(Permission UX)		Frontend - JavaScript	12	INITIALS	HARD	알림/위치 등 권한 요청 타이밍과 문구를 설계해 거절률을 낮추는 UX 접근을 무엇이라고 하는가?	권한 프롬프트 최적화(Permission UX)는 기술 구현보다 “언제/왜 요청하느냐”가 성패를 좌우합니다. 면접에서는 권한을 페이지 진입 즉시 요청하는 것이 왜 나쁜지, 어떤 맥락에서 요청해야 하는지 설명할 수 있어야 합니다. 실무에서는 기능을 실제로 사용하려는 순간에 인앱 설명(프리 프롬프트)을 제공한 뒤 OS 프롬프트를 띄우는 패턴이 흔합니다. 또한 거절/차단 상태에서 대체 흐름과 설정 이동 가이드를 준비해야 합니다. 권한 UX는 프론트 실무 운영과 제품 설계를 동시에 보는 HARD 포인트입니다.	권한 프롬프트 최적화									frontend	javascript	ux	
Q783	캐시 무효화 전략(Cache Invalidation Strategy)		Frontend - JavaScript	12	INITIALS	HARD	배포/데이터 변경 시 어떤 캐시를 언제 지울지 규칙을 세우는 설계를 무엇이라고 하는가?	캐시 무효화 전략(Cache Invalidation Strategy)은 “캐시가 어려운 이유”의 핵심입니다. 면접에서는 서비스 워커 업데이트, CDN 캐시, 브라우저 캐시까지 포함해 무효화 계획을 설명하면 높은 평가를 받습니다. 실무에서는 정적 자원은 해시 파일명으로 영구 캐시, API 데이터는 태그/TTL/재검증 조합으로 관리하는 방식이 대표적입니다. 또한 이전 버전 서비스 워커가 남아 사용자가 새 버전을 못 받는 문제가 흔해, 버전 공지/강제 새로고침 UX까지 고려합니다. 무효화 전략은 프론트 배포 운영을 깊게 이해하는 HARD 포인트입니다.	캐시 무효화 전략									frontend	javascript	caching	
Q784	클라이언트 클레임(Clients Claim)		Frontend - JavaScript	12	INITIALS	HARD	새 서비스 워커가 활성화되면 즉시 열린 페이지들을 제어 대상으로 가져오는 동작을 무엇이라고 하는가?	클라이언트 클레임(Clients Claim)은 서비스 워커 업데이트가 적용되는 타이밍을 조절하는 도구입니다. 면접에서는 skipWaiting과 함께 “업데이트 적용 시점”을 설명하게 할 수 있습니다. 실무에서는 새 버전을 빠르게 적용할 수 있지만, 기존 페이지 상태와 충돌하거나 리소스 캐시가 섞일 위험이 있어 신중해야 합니다. 따라서 업데이트 공지, 세션 저장, 재로딩 유도 같은 UX와 결합해 운영하는 게 안전합니다. Clients Claim은 PWA 업데이트 문제를 실전에서 겪어본 사람에게서 나오는 HARD 용어입니다.	클라이언트 클레임									frontend	javascript	pwa	
Q785	즉시 활성화(Skip Waiting)		Frontend - JavaScript	12	INITIALS	HARD	새 서비스 워커가 설치된 뒤 대기(waiting) 상태를 건너뛰고 바로 활성화되도록 하는 동작을 무엇이라고 하는가?	즉시 활성화(Skip Waiting)는 새 서비스 워커를 빠르게 적용할 수 있게 합니다. 면접에서는 “왜 기본 동작이 즉시가 아닌가”와 “즉시 적용의 위험”을 설명할 수 있어야 합니다. 실무에서는 캐시가 바뀌는 순간에 열린 탭이 여러 개면 리소스 불일치가 생길 수 있어, 강제 적용보다 사용자에게 새로고침을 유도하는 전략이 안전할 때가 많습니다. 또한 데이터 마이그레이션이나 라우팅 변경이 있는 배포에서는 즉시 활성화가 장애로 이어질 수 있으니 배포 계획과 함께 결정해야 합니다. Skip Waiting은 PWA 운영의 난이도를 보여주는 HARD 포인트입니다.	즉시 활성화									frontend	javascript	pwa	
Q786	브레드크럼 로그(Breadcrumb)		Frontend - JavaScript	12	INITIALS	HARD	에러 발생 전 사용자 행동/네트워크/라우트 변화를 시간순으로 남겨 원인 추적을 돕는 로그를 무엇이라고 하는가?	브레드크럼 로그(Breadcrumb)는 운영 에러 분석에서 “재현 불가” 문제를 해결하는 강력한 도구입니다. 면접에서는 사용자 행동 기반 디버깅을 어떻게 하느냐 질문에서 답이 될 수 있습니다. 실무에서는 클릭/라우팅/네트워크 요청/콘솔 경고 등을 축약 기록해, 에러 스택이 부족할 때도 맥락을 제공합니다. 다만 개인정보나 민감 데이터가 섞이면 법적 리스크가 있어, 마스킹/필터링 정책이 필수입니다. 브레드크럼은 관측성을 제품 수준으로 올리는 HARD 포인트입니다.	브레드크럼 로그									frontend	javascript	monitoring	
Q787	세션 리플레이(Session Replay)		Frontend - JavaScript	12	INITIALS	HARD	사용자 화면 상호작용을 재생 가능한 형태로 기록해 디버깅에 활용하는 기능을 무엇이라고 하는가?	세션 리플레이(Session Replay)는 실제 사용자 세션을 재현해 UI/버그를 확인할 수 있게 합니다. 면접에서는 도입 시 장점(재현성)과 위험(개인정보 노출)을 균형 있게 설명해야 합니다. 실무에서는 입력값 마스킹, 민감 영역 블러, 샘플링 정책으로 프라이버시를 보호해야 하며, 성능/대역폭 비용도 관리해야 합니다. 또한 기록 데이터의 보관 기간과 접근 권한을 엄격히 운영해야 합니다. 세션 리플레이는 “운영 디버깅”을 고도화하는 HARD 주제입니다.	세션 리플레이									frontend	javascript	monitoring	
Q788	개인정보 마스킹(PII Masking)		Frontend - JavaScript	12	INITIALS	HARD	로그/리플레이/트레이싱에서 민감 정보를 가려 저장하는 처리 방식을 무엇이라고 하는가?	개인정보 마스킹(PII Masking)은 관측성 데이터를 안전하게 수집하기 위한 필수 보안 조치입니다. 면접에서는 어떤 데이터가 PII인지, 그리고 어떻게 최소 수집 원칙을 지키는지 설명할 수 있어야 합니다. 실무에서는 입력 필드, 토큰, 이메일/전화번호, 주소 같은 값을 수집 전에 제거하거나 해시 처리합니다. 또한 마스킹 규칙이 누락되면 운영 도구가 곧 개인정보 유출 채널이 될 수 있어, 코드 리뷰/테스트/정책 문서화가 중요합니다. PII 마스킹은 프론트 운영을 “보안 포함”으로 보는 HARD 포인트입니다.	개인정보 마스킹									frontend	javascript	security	
Q789	샘플링(Sampling)		Frontend - JavaScript	12	INITIALS	HARD	트레이스/로그/리플레이를 전부 수집하지 않고 일부만 수집해 비용을 관리하는 기법을 무엇이라고 하는가?	샘플링(Sampling)은 관측성의 비용과 품질을 조절하는 핵심 레버입니다. 면접에서는 “왜 전부 수집하면 안 되나”와 “어떤 기준으로 샘플링하나(에러 우선, 확률, 사용자군)”를 설명해야 합니다. 실무에서는 에러/느린 트랜잭션은 100퍼센트에 가깝게, 정상 트래픽은 낮은 비율로 수집하는 계층 전략이 흔합니다. 또한 샘플링이 과하면 원인 분석이 어려워지고, 부족하면 비용이 폭증하므로 지속적인 튜닝이 필요합니다. 샘플링은 운영 성숙도를 보여주는 HARD 키워드입니다.	샘플링									frontend	javascript	monitoring	
Q790	레이트 리미팅(Rate Limiting)		Frontend - JavaScript	12	INITIALS	HARD	요청/이벤트 발생 빈도를 제한해 시스템을 보호하는 제어를 무엇이라고 하는가?	레이트 리미팅(Rate Limiting)은 서버뿐 아니라 프론트에서도 이벤트 폭주, API 과호출을 막는 데 중요합니다. 면접에서는 디바운스/스로틀과 비교하거나, API 호출 제한을 어떻게 설계할지 질문이 나올 수 있습니다. 실무에서는 검색 자동완성, 무한 스크롤, 로그 업로드에서 빈도를 제한하고, 429 응답 대응(백오프, 재시도)을 함께 구현합니다. 또한 제한 정책은 사용자 경험을 해치지 않도록 적절한 안내와 폴백이 필요합니다. 레이트 리미팅은 성능과 안정성을 함께 보는 HARD 포인트입니다.	레이트 리미팅									frontend	javascript	reliability	
Q791	지수 백오프(Exponential Backoff)		Frontend - JavaScript	12	INITIALS	HARD	재시도 간격을 점점 늘려 서버 과부하를 줄이면서 성공 가능성을 높이는 전략을 무엇이라고 하는가?	지수 백오프(Exponential Backoff)는 네트워크 실패/429/일시 장애에서 필수적인 재시도 전략입니다. 면접에서는 왜 고정 간격 재시도가 위험한지, 그리고 지터를 섞는 이유를 설명해야 합니다. 실무에서는 백오프에 랜덤 지터를 추가해 동시 재시도 폭주를 막고, 최대 재시도 횟수와 타임아웃을 명확히 둡니다. 또한 실패가 지속되면 사용자에게 “재시도 중” 상태를 보여주거나, 오프라인 폴백으로 전환해야 UX가 안정적입니다. 지수 백오프는 안정적인 클라이언트 설계를 보여주는 HARD 키워드입니다.	지수 백오프									frontend	javascript	networking	
Q792	서킷 브레이커(Circuit Breaker)		Frontend - JavaScript	12	INITIALS	HARD	연쇄 실패를 막기 위해 일정 조건에서 호출을 차단하고 회복을 시도하는 안정성 패턴을 무엇이라고 하는가?	서킷 브레이커(Circuit Breaker)는 장애가 난 의존성을 계속 때리지 않도록 차단해 전체 시스템을 보호합니다. 면접에서는 open/half-open/closed 상태 전이와 함께 타임아웃/재시도/백오프 조합을 설명해야 합니다. 실무에서도 프론트가 특정 API를 계속 재시도하면 서버 장애를 악화시킬 수 있어, 클라이언트 측 차단과 폴백 UI가 중요합니다. 또한 실패율 기준, 쿨다운 시간, 관측 지표를 잘 정의해야 오탐/과차단을 줄일 수 있습니다. 서킷 브레이커는 프론트도 “신뢰성”을 설계할 수 있음을 보여주는 HARD 포인트입니다.	서킷 브레이커									frontend	javascript	reliability	
Q793	리트라이 폭풍(Retry Storm)		Frontend - JavaScript	12	INITIALS	HARD	장애 상황에서 다수 클라이언트가 동시에 재시도를 반복해 부하를 증폭시키는 현상을 무엇이라고 하는가?	리트라이 폭풍(Retry Storm)은 장애를 더 악화시키는 대표적인 운영 패턴입니다. 면접에서는 지수 백오프/지터/서킷 브레이커로 어떻게 방지하는지까지 묶어서 설명해야 합니다. 실무에서는 짧은 재시도 간격, 동일 타이밍 재시도, 무한 재시도가 폭풍을 만들며, 특히 모바일/여러 탭 환경에서 동시에 발생할 수 있습니다. 따라서 재시도 정책을 중앙화하고, 최대 시도 횟수와 사용자 안내를 명확히 해야 합니다. 리트라이 폭풍을 아는 것은 “운영 장애”를 실제로 이해하는 HARD 포인트입니다.	리트라이 폭풍									frontend	javascript	reliability	
Q794	멱등성 키(Idempotency Key)		Frontend - JavaScript	12	INITIALS	HARD	같은 요청이 중복 전송되어도 서버가 한 번만 처리하도록 식별자를 붙이는 기법을 무엇이라고 하는가?	멱등성 키(Idempotency Key)는 네트워크 재시도나 중복 클릭에서 중복 결제/중복 생성 같은 사고를 막습니다. 면접에서는 POST가 왜 위험한지와 함께 멱등 처리 설계를 물어볼 수 있습니다. 실무에서는 결제/주문 생성 같은 쓰기 요청에 UUID를 붙여 서버가 “이미 처리한 요청”인지 판별합니다. 또한 클라이언트는 키를 안전하게 저장하고(세션/로컬) 재시도 시 동일 키를 재사용해야 합니다. 멱등성 키는 프론트도 안정성 설계에 기여할 수 있음을 보여주는 HARD 용어입니다.	멱등성 키									frontend	javascript	networking	
Q795	낙관적 락(Optimistic Lock)		Frontend - JavaScript	12	INITIALS	HARD	버전 번호로 충돌을 감지해 동시 수정 문제를 해결하는 동시성 제어를 무엇이라고 하는가?	낙관적 락(Optimistic Lock)은 충돌이 자주 일어나지 않는다는 가정에서 성능을 확보하는 전략입니다. 면접에서는 버전 필드(ETag, revision) 기반 업데이트와 충돌 처리 UX를 설명할 수 있어야 합니다. 실무에서는 문서 편집, 프로필 수정처럼 동시에 수정될 수 있는 자원에서 서버가 버전 불일치를 409로 반환하고, 클라이언트가 재로딩/병합/재시도를 제공합니다. 또한 낙관적 업데이트와 섞일 때는 UI 롤백과 충돌 메시지를 잘 설계해야 합니다. 낙관적 락은 데이터 정합성과 UX를 함께 보는 HARD 포인트입니다.	낙관적 락									frontend	javascript	concurrency	
Q796	충돌 해결(Conflict Resolution)		Frontend - JavaScript	12	INITIALS	HARD	동기화/동시 수정 상황에서 어떤 값을 최종으로 선택하거나 병합하는 과정을 무엇이라고 하는가?	충돌 해결(Conflict Resolution)은 오프라인 동기화, 협업 편집, 멀티 디바이스에서 필수입니다. 면접에서는 last write wins, 사용자 선택, 자동 병합 같은 전략을 비교해 설명할 수 있어야 합니다. 실무에서는 단순 도메인은 LWW로 처리하지만, 중요한 데이터는 사용자에게 비교 UI를 제공하거나, 필드 단위 병합을 시도합니다. 또한 충돌 원인을 이해시키지 못하면 사용자 신뢰가 떨어지므로, 메시지와 복구 절차가 중요합니다. 충돌 해결은 데이터 모델과 UX 설계를 함께 요구하는 HARD 주제입니다.	충돌 해결									frontend	javascript	data	
Q797	오프라인 퍼스트(Offline First)		Frontend - JavaScript	12	INITIALS	HARD	네트워크가 없어도 앱이 동작하도록 로컬 저장과 동기화를 중심으로 설계하는 접근을 무엇이라고 하는가?	오프라인 퍼스트(Offline First)는 네트워크를 “옵션”으로 보고, 로컬을 기본 진실 소스로 두는 설계 철학입니다. 면접에서는 캐싱과 차이, 동기화/충돌 해결을 어떻게 하느냐로 심화 질문이 이어집니다. 실무에서는 로컬 DB(IndexedDB)와 큐를 통해 읽기/쓰기를 처리하고, 백그라운드에서 서버와 동기화합니다. 다만 동기화 실패, 충돌, 데이터 용량 관리, 암호화 같은 운영 이슈가 많아 도입 기준이 중요합니다. 오프라인 퍼스트는 제품 설계와 기술 난이도가 함께 높은 HARD 주제입니다.	오프라인 퍼스트									frontend	javascript	pwa	
Q798	이벤트ual 일관성(Eventual Consistency)		Frontend - JavaScript	12	INITIALS	HARD	분산 시스템에서 즉시가 아니라 시간이 지나면 일관된 상태로 수렴하는 특성을 무엇이라고 하는가?	이벤트ual 일관성(Eventual Consistency)은 분산/캐시/동기화 시스템에서 흔한 모델입니다. 면접에서는 강한 일관성과의 트레이드오프(지연, 가용성)를 설명할 수 있어야 합니다. 실무에서는 사용자에게 “잠시 후 반영” 같은 상태를 명확히 표시하고, 재조회/폴링/구독으로 수렴을 확인합니다. 또한 이벤트ual 일관성을 모르면 “왜 내 변경이 바로 안 보여” 같은 버그 리포트를 정확히 처리하기 어렵습니다. 이 개념은 프론트도 분산 특성을 이해해야 함을 보여주는 HARD 포인트입니다.	최종 일관성									frontend	javascript	distributed	
Q799	강한 일관성(Strong Consistency)		Frontend - JavaScript	12	INITIALS	HARD	쓰기 직후 모든 읽기가 즉시 최신 값을 보장받는 일관성 모델을 무엇이라고 하는가?	강한 일관성(Strong Consistency)은 읽기/쓰기 직후 전역적으로 동일한 상태를 보장하는 모델입니다. 면접에서는 CAP 트레이드오프나 성능/가용성 비용과 함께 질문이 나올 수 있습니다. 실무에서는 결제/재고/권한 같은 도메인에서 강한 일관성이 중요하지만, 분산 환경에서는 지연과 비용이 증가할 수 있습니다. 프론트에서는 강한 일관성이 보장되지 않는 API를 다룰 때, 잘못된 가정으로 UI를 설계하면 버그가 생깁니다. 강한 일관성을 이해하면 데이터 정합성 요구를 정확히 정의할 수 있는 HARD 개발자가 됩니다.	강한 일관성									frontend	javascript	distributed	
Q800	읽기 내 쓰기(Read Your Writes)		Frontend - JavaScript	12	INITIALS	HARD	사용자가 방금 쓴 데이터를 바로 읽을 수 있도록 보장하는 세션 기반 일관성 보장을 무엇이라고 하는가?	읽기 내 쓰기(Read Your Writes)는 사용자가 “내가 저장한 게 안 보인다”라고 느끼지 않게 하는 중요한 일관성 속성입니다. 면접에서는 세션 일관성 종류 중 하나로 출제되거나, 캐시/레플리카 환경에서 어떻게 보장할지 질문이 나옵니다. 실무에서는 쓰기 직후 로컬 캐시에 반영하거나, 같은 리더(프라이머리)로 라우팅하는 방식으로 보장합니다. 또한 낙관적 업데이트와 결합하면 UX는 좋아지지만, 서버와의 불일치가 생길 때 정정 로직이 필요합니다. Read Your Writes는 분산 환경을 고려한 프론트 설계 역량을 보여주는 HARD 키워드입니다.	읽기 내 쓰기									frontend	javascript	distributed	
Q801	단조 읽기(Monotonic Reads)		Frontend - JavaScript	12	INITIALS	HARD	한 번 최신을 본 사용자가 이후에 더 오래된 값을 보지 않도록 보장하는 일관성 속성을 무엇이라고 하는가?	단조 읽기(Monotonic Reads)는 사용자 경험에서 “타임라인이 되돌아가는” 현상을 막는 데 중요합니다. 면접에서는 캐시/레플리카에서 어떻게 깨질 수 있는지 사례로 설명할 수 있어야 합니다. 실무에서는 지역별 캐시나 레플리카가 섞일 때 더 오래된 노드로 라우팅되면 단조 읽기가 깨질 수 있습니다. 이를 완화하기 위해 세션 스티키, 버전 토큰, 캐시 갱신 정책을 사용합니다. 단조 읽기를 이해하면 일관성 문제를 UX 관점으로 설명할 수 있는 HARD 포인트가 됩니다.	단조 읽기									frontend	javascript	distributed	
Q802	단조 쓰기(Monotonic Writes)		Frontend - JavaScript	12	INITIALS	HARD	동일 클라이언트의 쓰기 작업이 순서를 보장받아 역전되지 않도록 하는 일관성 속성을 무엇이라고 하는가?	단조 쓰기(Monotonic Writes)는 연속된 업데이트가 순서대로 반영되는 것을 보장합니다. 면접에서는 네트워크 지연으로 요청이 역전되면 어떤 문제가 생기는지, 그리고 이를 어떻게 막는지 질문이 나옵니다. 실무에서는 요청에 시퀀스 번호를 붙이거나, 이전 요청 완료 후 다음 요청을 보내는 방식으로 순서를 보장합니다. 또한 서버가 버전 검증을 하도록 설계하면 역전 업데이트를 차단할 수 있습니다. 단조 쓰기는 레이스 컨디션과 정합성 버그를 예방하는 HARD 개념입니다.	단조 쓰기									frontend	javascript	distributed	
Q803	세션 일관성(Session Consistency)		Frontend - JavaScript	12	INITIALS	HARD	사용자 세션 범위에서 일정 수준의 일관성을 보장하는 모델 묶음을 무엇이라고 하는가?	세션 일관성(Session Consistency)은 read your writes, monotonic reads 같은 보장을 세션 단위로 제공하는 개념입니다. 면접에서는 글로벌 강일관성 대신 세션 일관성을 택하는 이유(성능/가용성)를 설명해야 합니다. 실무에서는 사용자 경험이 중요한 서비스에서, “내 행동이 내 화면에서는 즉시/순서대로 보이게” 하는 것이 핵심 목표가 됩니다. 이를 위해 클라이언트 캐시, 토큰, 라우팅 정책을 함께 사용합니다. 세션 일관성을 이해하면 분산 환경에서 UX를 지키는 설계를 제시할 수 있는 HARD 개발자가 됩니다.	세션 일관성									frontend	javascript	distributed	
Q804	읽기 스루(Read Through)		Frontend - JavaScript	12	INITIALS	HARD	캐시에 없으면 원본에서 읽어와 캐시에 채운 뒤 반환하는 캐시 접근 패턴을 무엇이라고 하는가?	읽기 스루(Read Through)는 캐시 미스 처리 로직을 캐시 계층이 담당하도록 만드는 패턴입니다. 면접에서는 캐시 어사이드와 비교해 “누가 캐시를 채우는가”를 명확히 설명해야 합니다. 실무에서는 구현이 단순해지고 일관된 로직을 만들 수 있지만, 미스 시 지연이 그대로 사용자에게 전달될 수 있어 프리패치나 SWR 같은 보완이 필요합니다. 또한 미스 폭주(스탬피드)를 막기 위한 단일 비행, TTL 지터 같은 기법과 함께 사용됩니다. 읽기 스루는 캐시 패턴을 체계적으로 이해하는 HARD 포인트입니다.	읽기 스루									frontend	javascript	caching	
Q805	쓰기 스루(Write Through)		Frontend - JavaScript	12	INITIALS	HARD	쓰기 요청 시 캐시와 원본 저장소를 함께 갱신해 일관성을 높이는 캐시 패턴을 무엇이라고 하는가?	쓰기 스루(Write Through)는 쓰기 시점에 캐시를 항상 최신으로 유지해 읽기 일관성을 높입니다. 면접에서는 write back과 비교해 지연/일관성 차이를 설명할 수 있어야 합니다. 실무에서는 쓰기 경로가 느려질 수 있으므로, 정말 캐시 갱신이 필요한 데이터에 적용합니다. 또한 실패 시 캐시와 원본이 어긋날 수 있어 트랜잭션/재시도/보상 로직을 고려해야 합니다. 쓰기 스루는 캐시를 “정합성 포함”으로 운영하는 HARD 개념입니다.	쓰기 스루									frontend	javascript	caching	
Q806	쓰기 백(Write Back)		Frontend - JavaScript	12	INITIALS	HARD	쓰기 요청을 우선 캐시에 반영하고 나중에 비동기로 원본에 반영하는 패턴을 무엇이라고 하는가?	쓰기 백(Write Back)은 쓰기 지연을 줄여 성능을 높일 수 있지만, 장애 시 데이터 유실 위험이 커집니다. 면접에서는 write through와 대비해 장단점과 적용 도메인을 설명해야 합니다. 실무에서는 신뢰성이 핵심인 데이터에는 부적합할 수 있고, 큐/로그/재시도/복구 전략이 뒷받침돼야 합니다. 또한 비동기 반영 중 충돌이 생기면 정합성 문제가 커질 수 있어, 멱등성/버전 관리가 중요합니다. 쓰기 백은 성능 최적화가 “리스크”와 맞바뀐다는 사실을 보여주는 HARD 포인트입니다.	쓰기 백									frontend	javascript	caching	
Q807	캐시 어사이드(Cache Aside)		Frontend - JavaScript	12	INITIALS	HARD	애플리케이션이 직접 캐시를 조회하고 미스 시 원본 조회 후 캐시에 넣는 패턴을 무엇이라고 하는가?	캐시 어사이드(Cache Aside)는 가장 흔한 캐시 패턴으로, 애플리케이션이 캐시 채우기를 책임집니다. 면접에서는 read through와 비교해 구현 책임이 어디에 있는지 명확히 말해야 합니다. 실무에서는 단순하고 유연하지만, 캐시 미스가 많으면 사용자 지연이 커지고, 스탬피드 대응이 필요합니다. 또한 데이터 변경 시 캐시 무효화가 어렵기 때문에 TTL/태그/이벤트 기반 무효화 조합이 중요합니다. 캐시 어사이드는 프론트 데이터 캐시(React Query 등)에서도 근본 패턴으로 등장하는 HARD 개념입니다.	캐시 어사이드									frontend	javascript	caching	
Q808	캐시 예열(Cache Warming)		Frontend - JavaScript	12	INITIALS	HARD	배포/시작 직후 인기 데이터를 미리 캐시에 채워 초기 미스를 줄이는 작업을 무엇이라고 하는가?	캐시 예열(Cache Warming)은 배포 직후 히트율이 낮아 성능이 급락하는 문제를 줄입니다. 면접에서는 “새 버전 배포 후 느려진다” 같은 상황에서 예열과 스탬피드 대응을 함께 말하면 좋습니다. 실무에서는 인기 페이지, 상위 랭킹, 공통 설정 같은 데이터를 미리 로드하고, 트래픽 패턴을 기반으로 예열 대상을 선정합니다. 다만 예열이 과하면 오히려 원본에 부하를 줄 수 있으므로, 단계적 예열과 샘플링이 필요합니다. 캐시 예열은 운영 환경을 고려한 HARD 최적화 포인트입니다.	캐시 예열									frontend	javascript	caching	
Q809	콜드 스타트(Cold Start)		Frontend - JavaScript	12	INITIALS	HARD	서버리스/엣지/워커 등이 처음 호출될 때 초기화 비용으로 지연이 발생하는 현상을 무엇이라고 하는가?	콜드 스타트(Cold Start)는 엣지 렌더링, 서버리스 API, 워커 초기화에서 체감 지연의 원인이 됩니다. 면접에서는 왜 발생하는지(프로세스 생성, 코드 로드, JIT, 연결 초기화)와 완화 전략을 설명해야 합니다. 실무에서는 예열(ping), 경량 번들, 연결 재사용, 캐시 활용으로 완화하지만 완전 제거는 어려울 수 있습니다. 또한 콜드 스타트는 지표(초기 요청 P95)를 악화시키므로, SLO 기반으로 영향을 측정하고 전략을 선택해야 합니다. 콜드 스타트는 인프라까지 아우르는 HARD 성능 키워드입니다.	콜드 스타트									frontend	javascript	performance	
Q810	워밍 업(Warm Up)		Frontend - JavaScript	12	INITIALS	HARD	런타임 초기 호출에서 JIT 최적화/캐시가 자리 잡아 성능이 안정화되는 과정을 무엇이라고 하는가?	워밍 업(Warm Up)은 첫 실행이 느리고 반복 실행이 빨라지는 현상을 설명하는 개념입니다. 면접에서는 JIT 최적화, 인라인 캐시, 히든 클래스와 연계해 심화 질문이 나올 수 있습니다. 실무에서는 벤치마크를 한 번만 돌리면 왜곡될 수 있어, 충분한 워밍 업 후 측정해야 정확합니다. 또한 서비스 워커/서버리스에서도 워밍 업 요청으로 초기 지연을 줄이기도 합니다. 워밍 업을 이해하면 성능 측정을 “과학적으로” 할 수 있는 HARD 포인트가 됩니다.	워밍 업									frontend	javascript	performance	
Q811	히든 클래스(Hidden Class)		Frontend - JavaScript	12	INITIALS	HARD	JS 엔진이 객체 프로퍼티 구조를 내부적으로 추적해 최적화에 사용하는 개념을 무엇이라고 하는가?	히든 클래스(Hidden Class)는 V8 같은 엔진이 객체의 “형태(shape)”를 기준으로 최적화하는 내부 메커니즘입니다. 면접에서는 왜 같은 프로퍼티를 같은 순서로 추가하는 것이 성능에 유리한지 설명할 수 있어야 합니다. 실무에서는 객체에 동적으로 프로퍼티를 마구 추가하면 히든 클래스 전환이 잦아져 성능이 떨어질 수 있습니다. 또한 핫 패스에서 객체 구조를 안정적으로 유지하면 인라인 캐시가 잘 작동해 속도가 개선됩니다. 히든 클래스는 JS 엔진 레벨 최적화를 이해하는 HARD 포인트입니다.	히든 클래스									frontend	javascript	performance	
Q812	인라인 캐시(Inline Cache)		Frontend - JavaScript	12	INITIALS	HARD	프로퍼티 접근/메서드 호출 결과를 캐싱해 반복 접근을 빠르게 하는 엔진 최적화 기법을 무엇이라고 하는가?	인라인 캐시(Inline Cache)는 동일한 형태의 객체에 대한 프로퍼티 접근을 빠르게 만들기 위한 JIT 최적화 핵심입니다. 면접에서는 모노모픽/폴리모픽 IC 같은 개념으로 확장 질문이 나올 수 있습니다. 실무에서는 다양한 형태의 객체가 섞여 동일 코드 경로를 타면 IC가 복잡해져 최적화가 깨질 수 있습니다. 따라서 핫 루프에서는 데이터 구조를 통일하고, 객체 shape을 안정화하는 것이 도움이 됩니다. 인라인 캐시는 “JS가 왜 빠를 수 있는가”를 엔진 관점에서 설명하는 HARD 키워드입니다.	인라인 캐시									frontend	javascript	performance	
Q813	디옵트(Deoptimization)		Frontend - JavaScript	12	INITIALS	HARD	JIT 최적화된 코드가 가정이 깨져 느린 경로로 되돌아가는 현상을 무엇이라고 하는가?	디옵트(Deoptimization)는 엔진이 세운 최적화 가정(타입/shape)이 깨질 때 발생합니다. 면접에서는 “왜 어떤 코드가 갑자기 느려지나”를 디옵트로 설명할 수 있어야 합니다. 실무에서는 타입이 자주 바뀌는 변수, 폴리모픽 호출, 예외 처리 남용 등이 디옵트를 유발할 수 있습니다. 또한 성능 분석 시 프로파일러에서 deopt reason을 보고 원인을 좁히는 것이 중요합니다. 디옵트는 JS 성능 튜닝을 엔진 수준으로 이해하는 HARD 포인트입니다.	디옵트									frontend	javascript	performance	
Q814	모노모픽 호출(Monomorphic Call)		Frontend - JavaScript	12	INITIALS	HARD	같은 호출 지점에서 항상 동일한 타입/shape 대상으로 호출되어 최적화가 잘 되는 상황을 무엇이라고 하는가?	모노모픽 호출(Monomorphic Call)은 인라인 캐시가 가장 잘 작동하는 상태입니다. 면접에서는 모노모픽/폴리모픽/메가모픽 차이를 묻는 경우가 있습니다. 실무에서는 핫 패스에서 다양한 객체 타입이 섞이지 않게 설계하면 모노모픽을 유지해 성능이 좋아집니다. 반대로 여러 타입을 한 함수에서 처리하면 호출 지점이 폴리모픽/메가모픽이 되어 최적화가 약해질 수 있습니다. 모노모픽 호출은 “성능은 데이터 구조 설계에서 나온다”를 보여주는 HARD 용어입니다.	모노모픽 호출									frontend	javascript	performance	
Q815	메가모픽(Megamorphic)		Frontend - JavaScript	12	INITIALS	HARD	호출 지점에 너무 많은 타입/shape이 섞여 최적화가 거의 안 되는 상태를 무엇이라고 하는가?	메가모픽(Megamorphic)은 인라인 캐시가 사실상 효력을 잃는 상태로, 성능 저하가 큽니다. 면접에서는 “왜 배열에 여러 타입을 섞으면 느려지나” 같은 질문으로 이어질 수 있습니다. 실무에서는 데이터 구조를 정규화하거나, 핫 루프에서 타입을 통일해 메가모픽을 피합니다. 또한 라이브러리 설계 시 너무 범용적인 처리보다, 타입별 경로를 분리하는 것이 성능에 유리할 때가 있습니다. 메가모픽은 JS 엔진 최적화 실패의 대표 신호로 HARD 포인트입니다.	메가모픽									frontend	javascript	performance	
Q816	폴리필(Polyfill)		Frontend - JavaScript	12	INITIALS	HARD	최신 API가 없는 환경에서 동일 기능을 제공하도록 구현을 보완하는 코드를 무엇이라고 하는가?	폴리필(Polyfill)은 런타임에 기능을 추가해 구형 브라우저 호환성을 확보합니다. 면접에서는 트랜스파일과의 차이(문법 변환 vs API 구현)로 자주 출제됩니다. 실무에서는 필요한 기능만 선택적으로 로드해 번들 크기를 관리하고, 글로벌 오염을 최소화해야 합니다. 또한 폴리필이 네이티브 구현과 100퍼센트 동일하지 않을 수 있어, 엣지 케이스 테스트가 중요합니다. 폴리필은 호환성과 번들 전략을 아는 HARD 포인트입니다.	폴리필									frontend	javascript	compatibility	
Q817	트랜스파일(Transpile)		Frontend - JavaScript	12	INITIALS	HARD	최신 JS 문법을 구형 환경이 이해할 수 있는 코드로 변환하는 과정을 무엇이라고 하는가?	트랜스파일(Transpile)은 Babel 같은 도구로 문법을 변환해 호환성을 확보합니다. 면접에서는 컴파일과의 차이, 그리고 어떤 문법은 변환만으로 충분한지(클래스, 화살표 함수 등) 설명해야 합니다. 실무에서는 타겟 브라우저 설정(browserslist)에 따라 변환 수준이 달라져, 과도한 변환은 번들 크기/성능을 악화시킬 수 있습니다. 또한 트랜스파일만으로 해결되지 않는 API는 폴리필이 별도로 필요합니다. 트랜스파일은 빌드 파이프라인과 호환성 설계를 보여주는 HARD 용어입니다.	트랜스파일									frontend	javascript	build	
Q818	트리 셰이킹(Tree Shaking)		Frontend - JavaScript	12	INITIALS	HARD	사용하지 않는 코드를 번들에서 제거해 크기를 줄이는 최적화를 무엇이라고 하는가?	트리 셰이킹(Tree Shaking)은 ESM의 정적 분석을 활용해 미사용 export를 제거합니다. 면접에서는 CommonJS에서 잘 안 되는 이유와 sideEffects 설정을 설명할 수 있어야 합니다. 실무에서는 라이브러리의 부수 효과(side effect)로 인해 제거가 실패할 수 있어, 패키지 설정과 import 방식이 중요합니다. 또한 잘못 제거되면 런타임 버그가 생길 수 있어, 빌드 결과 검증과 번들 분석이 필요합니다. 트리 셰이킹은 성능 최적화와 빌드 이해도를 보여주는 HARD 포인트입니다.	트리 셰이킹									frontend	javascript	performance	
Q819	코드 스플리팅(Code Splitting)		Frontend - JavaScript	12	INITIALS	HARD	초기 번들에 모든 코드를 넣지 않고 필요 시점에 나눠 로드하는 최적화를 무엇이라고 하는가?	코드 스플리팅(Code Splitting)은 초기 로딩을 빠르게 하고, 라우트/기능 단위로 JS를 나눠 로드합니다. 면접에서는 dynamic import와의 관계, 그리고 캐시 효율/네트워크 왕복 비용을 같이 설명해야 합니다. 실무에서는 너무 잘게 쪼개면 요청이 많아져 오히려 느려질 수 있어, chunk 전략을 신중히 설계합니다. 또한 프리페치/프리로드로 “사용자가 곧 필요할 코드”를 미리 받아 체감 성능을 높이기도 합니다. 코드 스플리팅은 실무 성능 최적화의 대표 HARD 용어입니다.	코드 스플리팅									frontend	javascript	performance	
Q820	프리로드(Preload)		Frontend - JavaScript	12	INITIALS	HARD	브라우저에게 우선순위 높게 특정 리소스를 미리 가져오라고 지시하는 기법을 무엇이라고 하는가?	프리로드(Preload)는 렌더에 꼭 필요한 리소스를 높은 우선순위로 당겨와 초기 지연을 줄입니다. 면접에서는 preload와 prefetch 차이(우선순위/의도)를 구분해 설명할 수 있어야 합니다. 실무에서는 폰트, 핵심 스크립트, LCP 이미지 등에 사용하지만, 남용하면 네트워크가 혼잡해져 오히려 성능이 악화될 수 있습니다. 또한 preload한 리소스가 실제로 곧 사용되지 않으면 낭비가 되므로, 측정 기반으로 적용해야 합니다. 프리로드는 네트워크 우선순위까지 이해하는 HARD 포인트입니다.	프리로드									frontend	javascript	performance	
Q821	프리페치(Prefetch)		Frontend - JavaScript	12	INITIALS	HARD	나중에 필요할 가능성이 높은 리소스를 낮은 우선순위로 미리 가져오는 기법을 무엇이라고 하는가?	프리페치(Prefetch)는 브라우저의 한가한 시간에 리소스를 미리 받아 다음 화면 전환을 빠르게 합니다. 면접에서는 preload와 차이를 명확히 말하고, 언제 prefetch가 유리한지 설명해야 합니다. 실무에서는 다음 라우트의 chunk를 prefetch해 체감 성능을 개선하지만, 사용자가 실제로 이동하지 않으면 트래픽 낭비가 됩니다. 또한 모바일/저속 네트워크에서는 prefetch가 데이터 요금과 배터리에 영향을 줄 수 있어 조건부 적용이 필요합니다. 프리페치는 실무 트레이드오프를 이해하는 HARD 포인트입니다.	프리페치									frontend	javascript	performance	
Q822	리소스 힌트(Resource Hints)		Frontend - JavaScript	12	INITIALS	HARD	preload prefetch preconnect dns-prefetch 등 로딩을 돕는 힌트 기법들을 묶어 부르는 용어를 무엇이라고 하는가?	리소스 힌트(Resource Hints)는 브라우저 로딩 파이프라인에 힌트를 제공해 성능을 개선합니다. 면접에서는 각 힌트의 목적과 위험(남용 시 혼잡)까지 설명할 수 있어야 합니다. 실무에서는 LCP 최적화, 라우트 전환 가속, 외부 도메인 연결 가속에 쓰이며, 실제 측정으로 효과를 확인하는 것이 중요합니다. 또한 프레임워크가 자동으로 넣는 힌트가 과도할 수 있어, 번들/네트워크 분석으로 조정하는 능력이 필요합니다. 리소스 힌트는 웹 성능을 체계적으로 다루는 HARD 용어입니다.	리소스 힌트									frontend	javascript	performance	
Q823	프리커넥트(Preconnect)		Frontend - JavaScript	12	INITIALS	HARD	외부 도메인에 대해 DNS TLS 핸드셰이크를 미리 수행해 연결 지연을 줄이는 힌트를 무엇이라고 하는가?	프리커넥트(Preconnect)는 외부 도메인과의 연결을 미리 준비해 요청 시점을 앞당깁니다. 면접에서는 dns-prefetch와 차이(연결 단계까지 수행)로 자주 출제됩니다. 실무에서는 폰트 CDN, API 도메인처럼 반드시 호출될 대상에만 제한적으로 적용해야 하며, 너무 많이 걸면 소켓/핸드셰이크 비용이 낭비됩니다. 또한 개인정보/추적 이슈로 “불필요한 도메인 연결”을 최소화해야 합니다. 프리커넥트는 네트워크 성능 최적화의 HARD 포인트입니다.	프리커넥트									frontend	javascript	performance	
Q824	번들 분석(Bundle Analysis)		Frontend - JavaScript	12	INITIALS	HARD	번들에 어떤 모듈이 얼마나 포함됐는지 시각화/검사해 최적화 포인트를 찾는 작업을 무엇이라고 하는가?	번들 분석(Bundle Analysis)은 번들 크기 증가의 원인을 정확히 찾는 실무 기술입니다. 면접에서는 “번들이 왜 커졌는지 어떻게 조사하나” 질문에서 답이 됩니다. 실무에서는 큰 의존성, 중복 모듈, 잘못된 import(전체 로드) 등을 찾아 tree shaking, 코드 스플리팅, 대체 라이브러리로 개선합니다. 또한 특정 페이지에서만 필요한 모듈이 초기 번들에 들어오지 않게 chunk 전략을 조정합니다. 번들 분석은 성능 최적화를 데이터로 수행하는 HARD 포인트입니다.	번들 분석									frontend	javascript	build	
Q825	소스맵(Source Map)		Frontend - JavaScript	12	INITIALS	HARD	압축/번들된 코드와 원본 소스의 매핑 정보를 제공해 디버깅을 돕는 파일을 무엇이라고 하는가?	소스맵(Source Map)은 운영 에러 스택을 원본 코드 라인으로 되돌리는 핵심 도구입니다. 면접에서는 왜 운영 환경에서 소스맵 관리가 중요한지(디버깅 vs 보안) 설명해야 합니다. 실무에서는 소스맵을 공개로 배포하면 코드 노출 위험이 있어, 에러 모니터링 도구에만 업로드하거나 접근을 제한합니다. 또한 릴리스 버전과 소스맵이 맞지 않으면 오히려 혼란이 커져, CI에서 업로드/검증 자동화가 중요합니다. 소스맵은 프론트 운영 디버깅의 HARD 핵심 용어입니다.	소스맵									frontend	javascript	debugging	
Q826	심볼릭 스택 트레이스(Symbolicated Stack Trace)		Frontend - JavaScript	12	INITIALS	HARD	미니파이된 함수/라인 정보를 소스맵으로 복원해 사람이 읽을 수 있게 만든 스택 트레이스를 무엇이라고 하는가?	심볼릭 스택 트레이스(Symbolicated Stack Trace)는 소스맵을 이용해 난독화된 스택을 원본 기준으로 복원한 결과입니다. 면접에서는 “스택이 읽을 수 있게 되는 과정”을 소스맵과 연결해 설명할 수 있어야 합니다. 실무에서는 릴리스 버전, 해시, 소스맵 업로드가 정확히 맞아야 심볼리케이션이 성공합니다. 또한 개인정보가 포함된 로그와 결합되면 위험하므로, 메시지 마스킹과 접근 제어가 필요합니다. 심볼리케이션을 아는 것은 운영 장애 대응 경험을 드러내는 HARD 포인트입니다.	심볼릭 스택 트레이스									frontend	javascript	debugging	
Q827	기능 플래그(Feature Flag)		Frontend - JavaScript	12	INITIALS	HARD	배포 없이도 기능을 켜고 끌 수 있도록 런타임에 동작을 전환하는 기법을 무엇이라고 하는가?	기능 플래그(Feature Flag)는 점진적 출시, A/B 테스트, 긴급 롤백에 유용합니다. 면접에서는 왜 “배포” 대신 플래그로 위험을 줄이는지, 그리고 플래그 부채(정리되지 않은 플래그) 문제를 설명해야 합니다. 실무에서는 사용자군/환경별로 플래그를 다르게 적용하고, 플래그 변경이 즉시 반영되도록 캐시/폴링 전략을 설계합니다. 또한 플래그가 누적되면 코드가 복잡해져 버그가 늘어나므로, 만료일과 제거 계획을 반드시 둡니다. 기능 플래그는 운영 민첩성을 높이는 HARD 실무 도구입니다.	기능 플래그									frontend	javascript	release	
Q828	카나리 릴리스(Canary Release)		Frontend - JavaScript	12	INITIALS	HARD	일부 사용자에게만 먼저 배포해 문제를 검증한 뒤 점진 확대하는 배포 전략을 무엇이라고 하는가?	카나리 릴리스(Canary Release)는 장애 영향을 최소화하면서 새 버전을 검증하는 전략입니다. 면접에서는 블루그린과 비교하거나, 카나리에서 모니터링할 지표를 묻는 질문이 나올 수 있습니다. 실무에서는 기능 플래그와 결합해 사용자군을 제어하고, 에러율/성능 지표가 기준을 넘으면 자동 롤백하는 흐름을 구성합니다. 또한 프론트는 CDN 캐시/서비스 워커 때문에 버전 혼재가 생길 수 있어, 배포 정책과 캐시 무효화를 함께 설계해야 합니다. 카나리 릴리스는 운영과 배포 전략을 아는 HARD 포인트입니다.	카나리 릴리스									frontend	javascript	release	
Q829	블루그린 배포(Blue Green Deployment)		Frontend - JavaScript	12	INITIALS	HARD	두 환경을 준비해 한쪽에 새 버전을 배포한 뒤 트래픽을 전환하는 배포 전략을 무엇이라고 하는가?	블루그린 배포(Blue Green Deployment)는 빠른 롤백과 안정적인 전환이 장점입니다. 면접에서는 “트래픽 전환 시점”과 “세션/캐시” 문제를 어떻게 처리할지 질문이 나올 수 있습니다. 실무에서는 DNS/로드밸런서 전환, CDN 퍼지, 정적 파일 해시 전략으로 버전 충돌을 줄입니다. 또한 프론트에서 API 계약이 바뀌는 경우, 백엔드와 동시 배포/호환성을 고려하지 않으면 전환 순간 장애가 날 수 있습니다. 블루그린은 배포 자동화와 운영 설계를 보여주는 HARD 키워드입니다.	블루그린 배포									frontend	javascript	release	